등록일시,도로정보,진행방향,사고정보메시지,경도,위도
2024-07-01 00:00,고속도로,종점,"(2차로,갓길)소형화물차사고처리중",126.8891,37.1023
2024-07-01 05:00,고속도로,기점,"(1차로,갓길)대형화물차단독사고처리중",127.5305,36.9472
2024-07-01 06:00,고속도로,종점,"(1차로,갓길)대형화물차관련추돌사고처리중",127.6104,36.4852
2024-07-01 06:00,고속도로,기점,"(3,4차로)화물차관련사고처리중",127.0181,37.5041
2024-07-01 07:00,고속도로,기점,(갓길)승용차관련사고처리중,127.1385,37.0374
2024-07-01 07:00,고속도로,기점,(6차로)사고처리중,127.1668,37.5713
2024-07-01 07:00,고속도로,기점,"(3,4차로)화물차관련사고처리중",127.0181,37.5041
2024-07-01 11:00,고속도로,종점,(1차로)승용차관련사고처리중,128.9806,35.2353
2024-07-01 11:00,고속도로,종점,(갓길)중형화물차사고처리중,126.9549,36.376
2024-07-01 11:00,고속도로,기점,(3차로)사고처리중,126.8972,37.0522
2024-07-01 12:00,고속도로,기점,(진출로1차로)사고처리중,127.5823,37.306
2024-07-01 13:00,고속도로,종점,(2차로)화물차관련사고처중,128.5632,35.2905
2024-07-01 13:00,고속도로,종점,(진출로갓길)소형화물차단독사고처리중,126.8656,35.1929
2024-07-01 13:00,고속도로,종점,(5차로)사고처리중,126.7515,37.4772
2024-07-01 14:00,고속도로,기점,(진입로1차로)트레일러사고처리중,129.2825,35.6154
2024-07-01 15:00,고속도로,기점,(진입로1차로)트레일러사고처리중,129.2825,35.6154
2024-07-01 16:00,고속도로,종점,(2차로)승용차관련사고처리중,127.5691,37.7184
2024-07-01 16:00,고속도로,기점,(진입로1차로)트레일러사고처리중,129.2825,35.6154
2024-07-01 16:00,고속도로,기점,"(3,4,5차로)화물차전도사고처리중",127.0958,37.2126
2024-07-01 17:00,고속도로,기점,(진입로1차로)트레일러사고처리중,129.2825,35.6154
2024-07-01 17:00,고속도로,기점,"(3,4,5차로)화물차전도사고처리중 우회바랍니다.",127.0958,37.2126
2024-07-01 18:00,고속도로,기점,"(3,4,5차로)화물차전도사고처리중 우회바랍니다.",127.0958,37.2126
2024-07-01 19:00,고속도로,종점,"(1,2차로)화물차관련사고처리중",128.1433,35.1096
2024-07-01 20:00,고속도로,종점,(2차로)화물차관련사고처리중,128.1433,35.1096
2024-07-01 21:00,고속도로,기점,(2차로)승용차관련사고처리중,128.5335,35.9315
2024-07-02 04:00,고속도로,기점,(3차로)추돌사고처리중,126.8064,37.3506
2024-07-02 07:00,고속도로,기점,(2차로)승용차관련사고처리중,129.0115,36.0545
2024-07-02 08:00,고속도로,기점,(1차로)승용차단독사고처리완료,129.1413,35.286
2024-07-02 08:00,고속도로,종점,(2차로)승용차관련사고처리중,127.1635,36.9781
2024-07-02 08:00,고속도로,기점,(2차로)승용차단독사고처리중,129.2678,35.573
2024-07-02 08:00,고속도로,종점,(3차로)승용차관련사고처리중,129.2314,35.3166
2024-07-02 08:00,고속도로,기점,(1차로)대형화물차관련추돌사고처리중,128.0708,36.4074
2024-07-02 08:00,고속도로,기점,(1차로)승용차관련사고처리중,126.7236,37.4336
2024-07-02 08:00,고속도로,기점,"(2차로,갓길)승용차단독사고처리중",127.4767,36.7522
2024-07-02 08:00,고속도로,종점,(1차로)승용차관련사고처리중,127.5223,36.3441
2024-07-02 08:00,고속도로,종점,(갓길)사고처리중,126.7505,37.5381
2024-07-02 08:00,고속도로,종점,(6차로)승용차단독사고처리중,128.9827,35.2618
2024-07-02 09:00,고속도로,기점,(갓길)승용차단독사고처리중,127.5507,36.9547
2024-07-02 09:00,고속도로,기점,(갓길)승용차단독사고처리중,127.4767,36.7522
2024-07-02 09:00,고속도로,기점,(3차로)화물차관련사고처리중,126.9608,37.3238
2024-07-02 09:00,고속도로,종점,(갓길)승용차단독사고처리중,127.478,36.9999
2024-07-02 09:00,고속도로,종점,(3차로)승용차관련사고처리중,129.2314,35.3166
2024-07-02 09:00,고속도로,종점,(갓길)승용차단독사고처리중,128.2139,36.4314
2024-07-02 09:00,고속도로,기점,(진출로갓길)승용차단독사고처리중,128.2937,36.376
2024-07-02 09:00,고속도로,기점,"(2차로,갓길)승용차단독사고처리중",127.5821,34.9869
2024-07-02 10:00,고속도로,종점,(4차로)사고처리중,126.7525,37.5659
2024-07-02 10:00,고속도로,기점,(1차로)승용차관련사고처리중,127.7042,37.2526
2024-07-02 10:00,고속도로,기점,(갓길)승용차관련사고처리중,127.3238,37.345
2024-07-02 10:00,고속도로,기점,(진입로갓길)승용차단도사고처리중,129.4221,35.7787
2024-07-02 10:00,고속도로,기점,(2차로)화물차관련사고처리중,127.1774,37.5166
2024-07-02 11:00,고속도로,기점,(5차로)화물차관련사고처리중,127.1346,37.6334
2024-07-02 11:00,고속도로,종점,(갓길)승용차단독사고처리중,129.11,35.5335
2024-07-02 11:00,고속도로,기점,(2차로)승용차단독사고처리중,128.1025,36.7185
2024-07-02 12:00,고속도로,종점,(갓길)승용차사고처리중,128.0559,37.25
2024-07-02 12:00,고속도로,종점,"(2차로,갓길)화물차관련사고처리중",127.9126,37.341
2024-07-02 12:00,고속도로,기점,(3차로)화물차관련사고처리중,129.2519,35.3971
2024-07-02 12:00,고속도로,기점,"(3,4차로)사고처리중",126.8473,37.3969
2024-07-02 12:00,고속도로,기점,(4차로)사고처리중,127.0989,37.4071
2024-07-02 13:00,고속도로,기점,(3차로)사고처리중,126.9023,37.2914
2024-07-02 13:00,고속도로,기점,(갓길)승용차관련사고처리중,127.3172,37.3719
2024-07-02 13:00,고속도로,기점,(갓길)승용차관련사고처리중,127.5119,37.2443
2024-07-02 13:00,고속도로,종점,(2차로)승용차관련사고처리중,128.9414,37.6898
2024-07-02 13:00,고속도로,기점,(갓길)승용차단독사고처리중,128.6416,36.5753
2024-07-02 13:00,고속도로,종점,(2차로)승용차관련사고처리중,127.1722,37.5768
2024-07-02 13:00,고속도로,종점,"(2,3차로)승용차사고처리중",127.4663,36.3496
2024-07-02 14:00,고속도로,기점,(2차로)승용차단독사고처리중,128.6416,36.5753
2024-07-02 15:00,고속도로,기점,(1차로)승용차관련사고처리중,127.9777,37.5493
2024-07-02 15:00,고속도로,종점,(5차로)승용차관련사고처리중,127.1366,37.049
2024-07-02 15:00,고속도로,종점,(5차로)승용차관련사고처리중,127.1366,37.049
2024-07-02 15:00,고속도로,기점,"(1,2차로)승용차관련사고처리중",128.4393,37.9766
2024-07-02 15:00,고속도로,기점,(2차로)승용차관련사고처리중,127.8396,37.7589
2024-07-02 16:00,고속도로,기점,"(1,2차로)사고처리완료",127.1234,37.4258
2024-07-02 18:00,고속도로,기점,(1차로)승용차관련사고처리중,126.7998,37.6189
2024-07-02 23:00,고속도로,기점,(1차로)승용차관련사고처리중,126.7489,37.4821
2024-07-03 00:00,고속도로,종점,(5차로)승용차관련사고처리중,126.8558,37.381
2024-07-03 00:00,고속도로,종점,(2차로)승용차관련사고처리중,128.1558,37.4755
2024-07-03 01:00,고속도로,기점,"(2,3,4차로)화물차관련사고처리중",126.9033,37.3722
2024-07-03 02:00,고속도로,기점,(1차로)승용차관련사고처리중,127.7938,37.7508
2024-07-03 02:00,고속도로,종점,(광장부)승용차관련사고처리중,128.9485,35.2226
2024-07-03 03:00,고속도로,종점,(5차로)승용차관련사고처리중,127.1032,37.3813
2024-07-03 05:00,고속도로,종점,(5차로)승용차단독전도사고처리중,127.1215,37.0945
2024-07-03 06:00,고속도로,기점,(갓길)승용차관련사고처리중,128.1821,36.5095
2024-07-03 06:00,고속도로,기점,(갓길)화물차단독사고처리중,127.6306,35.7027
2024-07-03 07:00,고속도로,기점,"(2,3차로)추돌사고처리중",126.9507,37.3277
2024-07-03 07:00,고속도로,기점,(진출로1차로)화물차단독사고처리중,128.5247,35.8965
2024-07-03 07:00,고속도로,기점,(1차로)대항차로트레일러단독사고,127.8638,35.4146
2024-07-03 07:00,고속도로,종점,(1차로)화물차단독사고처리중,127.8638,35.4146
2024-07-03 08:00,고속도로,종점,(1차로)화물차단독사고처리중,127.8706,35.4075
2024-07-03 08:00,고속도로,기점,(1차로)대항차로트레일러단독사고,127.8706,35.4075
2024-07-03 08:00,고속도로,기점,(갓길)사고처리중,126.8732,37.1818
2024-07-03 09:00,고속도로,기점,(갓길)사고처리중,127.1753,37.5587
2024-07-03 11:00,고속도로,기점,(갓길)승용차단독사고처리중,128.4767,35.7611
2024-07-03 13:00,고속도로,종점,"(1,2차로)사고처리중",127.6486,35.6923
2024-07-03 14:00,고속도로,종점,(3차로)화물차관련사고처리중,129.0734,35.3081
2024-07-03 15:00,고속도로,기점,(갓길)승용차관련사고처리중,126.7859,37.5234
2024-07-03 15:00,고속도로,종점,(진입로갓길)승용차관련사고처리중,127.1643,37.5743
2024-07-03 15:00,고속도로,기점,(갓길)승용차관련사고처리중,127.1796,37.5485
2024-07-03 15:00,고속도로,기점,휴게소내화물차화재사고,126.9435,37.0468
2024-07-03 16:00,고속도로,기점,휴게소내화물차화재사고,126.9435,37.0468
2024-07-03 17:00,고속도로,기점,휴게소내화물차화재사고,126.9435,37.0468
2024-07-03 17:00,고속도로,종점,(1차로)승용차관련사고처리중,128.5411,35.2882
2024-07-03 17:00,고속도로,종점,(1차로)승용차관련사고처리중,127.1789,37.5502
2024-07-03 18:00,고속도로,종점,(갓길)화물차화재사고확인중,129.0893,35.8392
2024-07-03 19:00,고속도로,기점,(1차로)승용차단독사고처리중,127.6615,34.9707
2024-07-03 21:00,고속도로,종점,"(3,4,5차로)화물차단독사고처리중",128.4764,35.8
2024-07-03 21:00,고속도로,종점,(평제선  경부선진입로2차로)승용차관련사고처리중,127.1385,37.0374
2024-07-03 21:00,고속도로,종점,"(2차로,갓길)화물차관련사고처리중",127.464,36.9418
2024-07-03 22:00,고속도로,종점,"(3,4,5차로)화물차단독사고처리중",128.4764,35.8
2024-07-03 22:00,고속도로,종점,"(2차로,갓길)화물차관련사고처리중",127.464,36.9418
2024-07-04 01:00,고속도로,기점,(갓길)승용차단독사고처리중,128.6512,35.2743
2024-07-04 02:00,고속도로,기점,"(1,2차로,갓길)화물차화재사고처리중일방향전면차단.삼례나들목우회바람",127.0585,35.91
2024-07-04 03:00,고속도로,기점,"(1,2차로,갓길)화물차화재사고처리중일방향전면차단.삼례나들목우회바람",127.0585,35.91
2024-07-04 04:00,고속도로,기점,"(2차로,갓길)화물차화재사고처리중",127.0585,35.91
2024-07-04 05:00,고속도로,기점,(갓길)화물차관련사고처리중,127.3117,36.7257
2024-07-04 06:00,고속도로,기점,(갓길)화물차관련사고처리중,127.3117,36.7257
2024-07-04 08:00,고속도로,기점,(갓길)화물차관련사고처리중,127.3073,37.4068
2024-07-04 08:00,고속도로,종점,(1차로)승용차단독사고처리중,129.2895,35.6615
2024-07-04 08:00,고속도로,기점,"(2,3차로)사고처리중",127.1011,37.4075
2024-07-04 08:00,고속도로,기점,(1차로)사고처리중,126.871,37.1997
2024-07-04 08:00,고속도로,종점,"(1,3차로)승용차관련사고처리중",128.5726,35.2429
2024-07-04 09:00,고속도로,기점,사고확인중,126.7203,37.5238
2024-07-04 09:00,고속도로,기점,(갓길)승용차관련사고처리중,127.1653,36.8077
2024-07-04 09:00,고속도로,종점,(2차로)화물차사고처리중,128.759,37.9406
2024-07-04 09:00,고속도로,기점,(5차로)사고처리중,126.7527,37.5614
2024-07-04 09:00,고속도로,종점,(갓길)사고처리중,126.7617,37.5876
2024-07-04 10:00,고속도로,기점,(2차로)승용차관련사고처리중,127.1162,37.1063
2024-07-04 10:00,고속도로,기점,(3차로)사고처리중,127.9317,36.2162
2024-07-04 10:00,고속도로,기점,(갓길)화물차관련사고처리중,126.7517,37.5337
2024-07-04 10:00,고속도로,종점,(2차로)화물차사고처리중,128.759,37.9406
2024-07-04 11:00,고속도로,기점,(3차로)승용차단독사고처리중,128.8776,35.2224
2024-07-04 11:00,고속도로,종점,(2차로)화물차사고처리중,128.759,37.9406
2024-07-04 13:00,고속도로,종점,(2차로)승용차관련사고처리중,127.1238,37.0894
2024-07-04 14:00,고속도로,기점,(2차로)승용차단독사고처리중,128.6119,35.2639
2024-07-04 15:00,고속도로,기점,(2차로)화물차관련사고처리중,128.516,35.2835
2024-07-04 16:00,고속도로,종점,"(1,2차로)화물차관련사고처리중",128.0271,37.44
2024-07-04 17:00,고속도로,종점,(1차로)승용차관련사고처리중,127.644,36.4741
2024-07-04 18:00,고속도로,기점,(5차로)승용차관련사고처리중,127.1327,37.0729
2024-07-04 23:00,고속도로,종점,(요금소출구부)화물차단독사고처리중,127.0843,37.1508
2024-07-05 00:00,고속도로,종점,"(3,4차로)승용차단독사고처리중",128.9378,35.221
2024-07-05 00:00,고속도로,기점,"(5차로,소분리대)승용차단독사고처리중",126.7779,37.5987
2024-07-05 01:00,고속도로,종점,(갓길)승용차관련사고처리중,126.8756,37.4298
2024-07-05 02:00,고속도로,기점,(1차로)승용차관련사고처리중,129.2512,36.0512
2024-07-05 04:00,고속도로,종점,"(3,4차로,갓길)승용차관련사고처리중",126.7646,37.4612
2024-07-05 05:00,고속도로,종점,(갓길)승용차관련사고처리중,127.0886,37.1601
2024-07-05 06:00,고속도로,종점,(2차로)승용차관련사고처리중,127.3344,37.3295
2024-07-05 09:00,고속도로,종점,(갓길)추돌사고처리중,126.8933,37.424
2024-07-05 09:00,고속도로,기점,(4차로)화물차관련사고처리중,126.7489,37.4821
2024-07-05 14:00,고속도로,종점,"(4차로,갓길)승용차화재사고처리중",128.3163,35.2797
2024-07-05 15:00,고속도로,기점,"(2차로,갓길)화물차단독사고처리중",128.4864,35.3942
2024-07-05 16:00,고속도로,기점,(3차로)승용차관련사고처리중,126.7825,37.5238
2024-07-05 17:00,고속도로,종점,(1차로)승용차관련사고처리중,127.7225,37.0761
2024-07-05 18:00,고속도로,종점,"(1,2차로)화물차단독사고처리중",128.9889,35.2832
2024-07-05 18:00,고속도로,기점,(1차로)승용차관련사고처리중,129.0712,35.3102
2024-07-05 18:00,고속도로,기점,(진출로1차로)화물차관련사고처리중,128.5188,35.8938
2024-07-05 19:00,고속도로,종점,(3차로)승용차관련사고처리중,127.399,36.4092
2024-07-05 21:00,고속도로,종점,(1차로)승용차관련사고처리중,126.9005,37.2853
2024-07-05 21:00,고속도로,기점,(3차로)승용차관련사고처리중,126.8069,37.4319
2024-07-05 21:00,고속도로,기점,(2차로)승용차관련사고처리중,127.0882,37.1592
2024-07-05 22:00,고속도로,종점,(요금소우측끝차로)승용차단독사고처리중,126.7429,37.524
2024-07-06 02:00,고속도로,기점,"(2차로,갓길)단독사고처리중",127.5159,35.4898
2024-07-06 03:00,고속도로,기점,"(2차로,갓길)단독사고처리중",127.5159,35.4898
2024-07-06 04:00,고속도로,기점,(진출로2차로)화물차승용차추돌사고처리중,127.1698,36.8278
2024-07-06 05:00,고속도로,기점,(1차로)사고처리중,126.9645,37.3819
2024-07-06 06:00,고속도로,종점,(1차로)승용차단독사고처리중,128.9043,36.441
2024-07-06 06:00,고속도로,기점,"(1,2차로)사고처리중",126.7672,37.3749
2024-07-06 07:00,국도,서울방향,국도3호선 장암고가고 진출램프 사고,127.061012,37.719686
2024-07-06 07:00,고속도로,종점,(2차로)대형화물차관련사고처리중,127.9191,37.0644
2024-07-06 08:00,고속도로,종점,(2차로)대형화물차관련사고처리중,127.9414,37.0621
2024-07-06 08:00,고속도로,종점,"(2차로,갓길)승용차관련사고처리중",128.6021,38.0659
2024-07-06 09:00,고속도로,기점,(갓길)승용차관련사고처리중,127.4765,36.9255
2024-07-06 09:00,고속도로,종점,(진출로갓길)승용차관련사고처리중,128.5054,35.3256
2024-07-06 10:00,고속도로,종점,(1차로)승용차관련사고처리중,127.4428,37.1945
2024-07-06 12:00,고속도로,기점,(2차로)승용차관련사고처리중,127.0096,37.3903
2024-07-06 15:00,고속도로,종점,(2차로)화물차관련사고처리중,128.6228,36.5897
2024-07-06 17:00,고속도로,종점,수락산터널(39K)(1차로)승용차관련사고처리중  2km정체,127.1205,37.6545
2024-07-06 17:00,고속도로,기점,(갓길)승합차단독사고처리중,128.4274,36.0051
2024-07-06 18:00,고속도로,종점,수락산터널(39K)(1차로)승용차관련사고처리중  2km정체,127.1205,37.6545
2024-07-06 19:00,고속도로,종점,(1차로)승용차관련사고처리중,126.8932,37.3104
2024-07-06 20:00,고속도로,종점,(갓길)승용차관련사고처리중,128.2209,36.3139
2024-07-06 21:00,고속도로,종점,(1차로)사고처리중,127.4861,36.1751
2024-07-06 23:00,고속도로,기점,(2차로)승용차관련사고처리중,128.4802,35.7479
2024-07-07 00:00,고속도로,종점,"(1,2,3차로)승용차사고처리중",127.2046,37.2588
2024-07-07 01:00,고속도로,기점,(갓길)승합차단독사고처리중,127.9448,37.3167
2024-07-07 02:00,고속도로,종점,(갓길)승용차단독사고처리중,128.395,36.0697
2024-07-07 03:00,고속도로,종점,(1차로)사고처리중,126.5813,36.5453
2024-07-07 03:00,고속도로,종점,(1차로)대형화물차사고처리중,127.3086,36.3218
2024-07-07 07:00,고속도로,종점,(광장부)승용차관련사고처리중,127.1033,37.3633
2024-07-07 07:00,고속도로,종점,(1차로)승용차단독사고처리중,128.4288,35.279
2024-07-07 09:00,고속도로,종점,(1차로)승용차관련사고처리중,127.5872,36.5046
2024-07-07 10:00,고속도로,기점,(1차로)승용차단독사고처리중,128.5441,36.6447
2024-07-07 11:00,고속도로,종점,(3차로)승용차사고처리중,127.5242,36.3409
2024-07-07 12:00,고속도로,종점,(1차로)승용차관련사고처리중,128.984,35.2501
2024-07-07 13:00,고속도로,기점,(갓길)승용차관련사고처리중,128.5394,37.6463
2024-07-07 14:00,고속도로,기점,"(1차로,갓길)중형화물차단독사고처리중",126.5814,36.4389
2024-07-07 14:00,고속도로,종점,(진입로광장부)사고처리중,126.8837,37.1197
2024-07-07 15:00,고속도로,종점,(5차로)버스관련사고처리중,127.1408,37.0286
2024-07-07 18:00,고속도로,종점,(1차로)승용차관련사고처리중,127.6029,35.5034
2024-07-07 18:00,고속도로,종점,(2차로)승용차관련사고처리중,127.0463,37.4567
2024-07-07 18:00,고속도로,종점,(1차로)승용차단독사고처리중,127.9237,36.8671
2024-07-07 19:00,고속도로,종점,(1차로)승용차관련사고처리중,127.6029,35.5034
2024-07-07 20:00,고속도로,기점,(1차로)승용차관련사고처리중,128.2381,37.0444
2024-07-07 20:00,고속도로,종점,(갓길)승용차관련사고처리중,127.3139,37.6314
2024-07-07 22:00,고속도로,기점,"(2차로,갓길)승용차사고처리중",127.7938,37.7499
2024-07-08 01:00,고속도로,종점,(2차로)승용차관련사고처리중,128.5431,36.6463
2024-07-08 02:00,고속도로,종점,(4차로)화물차관련사고처리중,126.7646,37.4612
2024-07-08 03:00,고속도로,종점,(3차로)화물차관련사고처리중,126.7237,37.5238
2024-07-08 03:00,고속도로,기점,(갓길)승용차관련사고처리중,126.7569,37.5826
2024-07-08 04:00,고속도로,종점,(3차로)화물차관련사고처리중,126.7237,37.5238
2024-07-08 06:00,고속도로,기점,(진출로1차로)탱크로리사고처리중,127.4817,36.3453
2024-07-08 07:00,고속도로,기점,(진출로1차로)탱크로리사고처리중,127.4817,36.3453
2024-07-08 07:00,고속도로,종점,(1차로)화물차관련사고처리중,126.8598,37.4367
2024-07-08 07:00,고속도로,기점,(2차로)승용차관련사고처리중,128.5874,36.4266
2024-07-08 08:00,고속도로,종점,(갓길)승용차단독사고처리중,126.7413,36.9086
2024-07-08 08:00,고속도로,기점,(1차로)승용차사고처리중,127.4739,36.3461
2024-07-08 08:00,고속도로,기점,(1차로)사고처리중,126.7946,36.0238
2024-07-08 09:00,고속도로,종점,"(1,2,3차로)화물차관련사고처리중",126.8736,37.0232
2024-07-08 09:00,고속도로,기점,"(3,4,5차로)화물차관련사고처리중",126.8736,37.0232
2024-07-08 09:00,고속도로,기점,(2차로)승용차단독사고처리중,128.3434,36.3773
2024-07-08 09:00,고속도로,종점,"(3차로,갓길)사고처리중",126.8889,37.4248
2024-07-08 10:00,고속도로,기점,(3차로)승용차사고처리중,127.3668,36.6842
2024-07-08 10:00,고속도로,기점,(갓길)사고처리중,127.1322,37.4771
2024-07-08 10:00,고속도로,기점,"(3,4,5차로)화물차관련사고처리중 국도우회바랍니다",126.8736,37.0232
2024-07-08 10:00,고속도로,종점,"(1,2,3차로)화물차관련사고처리중 국도우회바랍니다",126.8736,37.0232
2024-07-08 11:00,고속도로,기점,(갓길)사고처리중,127.1234,37.4276
2024-07-08 11:00,고속도로,종점,(1차로)승용차단독사고처리중,128.3204,36.3752
2024-07-08 11:00,고속도로,기점,(진출로1차로)승용차단독사고처리중,128.0876,37.2258
2024-07-08 11:00,고속도로,기점,"(2,3,4,5차로,갓길)화물차관련사고처리중 국도우회바랍니다",126.8736,37.0232
2024-07-08 12:00,고속도로,종점,(1차로)승용차관련사고처리중,127.3287,37.2504
2024-07-08 12:00,고속도로,종점,(갓길)단독사고처리중,127.6012,37.2339
2024-07-08 12:00,고속도로,종점,"(1,4차로)사고처리중",127.2977,37.2407
2024-07-08 12:00,고속도로,기점,(진출로1차로)승용차단독사고처리중,128.0876,37.2258
2024-07-08 13:00,고속도로,기점,"(4차로,갓길)승용차단독사고처리중",127.4214,37.249
2024-07-08 13:00,고속도로,기점,(4차로)승용차관련사고처리중,126.9559,37.3261
2024-07-08 13:00,고속도로,기점,"(4,5차로)승용차관련사고처리중",127.1765,37.5781
2024-07-08 13:00,고속도로,기점,(2차로)대형화물차사고처리중,127.6307,36.475
2024-07-08 13:00,고속도로,종점,(1차로)사고처리중,126.8922,37.3707
2024-07-08 14:00,고속도로,기점,"(2,3차로)화물차사고처리중",127.3715,36.6572
2024-07-08 14:00,고속도로,기점,"(2,3차로,갓길)화물차관련사고처리중정체극심우회바랍니다",126.6679,37.4377
2024-07-08 14:00,고속도로,종점,(갓길)승용차단독사고처리중,128.0876,37.2258
2024-07-08 15:00,고속도로,기점,"(1,2,3차로,갓길)화물차관련사고처리중 정체극심우회바랍니다",126.6679,37.4377
2024-07-08 15:00,고속도로,종점,(1차로)승용단독사고처리중,128.5764,36.7538
2024-07-08 15:00,고속도로,기점,"(2,3차로)화물차사고처리중",127.3715,36.6572
2024-07-08 16:00,고속도로,기점,(갓길)화물차사고처리중,127.3715,36.6572
2024-07-08 16:00,고속도로,종점,(3차로)승용차관련사고처리중,126.8705,36.9696
2024-07-08 16:00,고속도로,종점,"(2,3,4차로)승용차관련사고처리중",128.4703,35.2714
2024-07-08 16:00,고속도로,기점,(3차로)승용차사고처리중,126.879,37.3347
2024-07-08 16:00,고속도로,종점,(1차로)승용차사고처리중,126.8657,36.9633
2024-07-08 16:00,고속도로,종점,(갓길)승용차단독사고처리중,127.7706,35.535
2024-07-08 16:00,고속도로,기점,"(3차로,갓길)화물차관련사고처리중 국도이용우회바랍니다",126.6679,37.4377
2024-07-08 17:00,고속도로,기점,(4차로)승용차단독사고처리중,128.3494,36.1255
2024-07-08 17:00,고속도로,기점,(갓길)화물차관련사고처리중,126.6679,37.4377
2024-07-08 17:00,고속도로,기점,(진출로2차로)소형화물차단독사고처리중,128.7866,35.877
2024-07-08 17:00,고속도로,종점,(갓길)대형화물차화재사고처리중,127.0401,35.8363
2024-07-08 18:00,고속도로,기점,(갓길)화물차관련사고처리중,126.6679,37.4377
2024-07-08 18:00,고속도로,기점,(3차로)승용차사고처리중,126.8714,37.3413
2024-07-08 18:00,고속도로,종점,(평택방향진입로1차로)승용차사고처리중,127.1385,37.0374
2024-07-08 20:00,고속도로,기점,(5차로)승용차관련사고처리중,127.0836,37.1464
2024-07-08 20:00,고속도로,종점,(갓길)사고처리중,126.8894,37.0576
2024-07-08 20:00,고속도로,기점,(1차로)사고처리중,127.1341,37.6352
2024-07-08 20:00,고속도로,기점,(갓길)승용차사고처리중,126.709,37.5237
2024-07-08 21:00,고속도로,종점,(갓길)승용차단독사고처리중,127.1767,36.7769
2024-07-08 21:00,고속도로,기점,(갓길)승용차사고처리중,126.709,37.5237
2024-07-08 22:00,고속도로,기점,(1차로)승용차단독사고처리중,127.838,37.0229
2024-07-08 23:00,고속도로,종점,(1차로)승용차단독사고처리중,128.1419,37.0747
2024-07-09 00:00,고속도로,종점,(진입로2차로)승용차단독사고처리중,126.9256,37.3751
2024-07-09 03:00,고속도로,기점,(진출로1차로)승용차단독사고처리중,126.9269,35.1834
2024-07-09 04:00,고속도로,기점,(3차로)승용캠핑카단독사고처리중,126.7465,36.9102
2024-07-09 05:00,고속도로,종점,"(1,2차로)화물차관련사고처리중",128.3927,35.7336
2024-07-09 05:00,고속도로,기점,(3차로)승용캠핑카단독사고처리중,126.7465,36.9102
2024-07-09 06:00,고속도로,종점,"(1,2차로)화물차사고처리중",128.3927,35.7336
2024-07-09 07:00,고속도로,종점,"(1,2차로)화물차사고처리중",128.3927,35.7336
2024-07-09 07:00,고속도로,기점,(갓길)사고처리중,126.8773,35.6131
2024-07-09 07:00,고속도로,종점,(1차로)승용차단독사고처리중,127.0709,35.3434
2024-07-09 07:00,고속도로,기점,(휴게소녹지대)승용차단독사고처리중,128.4361,35.6983
2024-07-09 08:00,고속도로,종점,(1차로)사고처리중,127.263,35.8029
2024-07-09 08:00,고속도로,종점,(갓길)화물차사고처리중,128.3927,35.7336
2024-07-09 08:00,고속도로,기점,(갓길)사고처리중,126.8773,35.6131
2024-07-09 08:00,고속도로,기점,(2차로)버스단독사고처리중,128.5026,35.519
2024-07-09 08:00,고속도로,기점,(갓길)승용차단독사고처리중,127.8536,35.4398
2024-07-09 08:00,고속도로,종점,(갓길)승용차단독사고처리중,129.193,35.7936
2024-07-09 08:00,고속도로,기점,(휴게소녹지대)승용차단독사고처리중,128.4361,35.6983
2024-07-09 09:00,고속도로,종점,"(1,2차로)화물차단독사고처리중",128.4422,35.7094
2024-07-09 09:00,고속도로,기점,(2차로)버스단독사고처리중,128.5026,35.519
2024-07-09 10:00,고속도로,종점,(1차로)승용차관련사고처리중,128.437,35.7036
2024-07-09 10:00,고속도로,기점,(2차로)승용차관련추돌사고처리중,126.6026,34.7278
2024-07-09 11:00,고속도로,종점,"(1,2,3차로)화물차단독사고처리중",128.6495,35.9162
2024-07-09 11:00,고속도로,기점,(갓길)승용차단독사고처리중,127.9795,37.511
2024-07-09 11:00,고속도로,기점,(5차로)사고처리중,126.75,37.5159
2024-07-09 11:00,고속도로,종점,"(3,4차로)사고처리중",126.8161,37.5226
2024-07-09 11:00,고속도로,기점,(1차로)사고처리중,126.7753,37.4585
2024-07-09 12:00,고속도로,기점,(갓길)화물차단독사고처리중,128.373,35.7571
2024-07-09 12:00,고속도로,종점,(졸음쉼터진입로)승용차화재사고처리중,128.4059,36.0545
2024-07-09 12:00,고속도로,기점,(대구방향진출로)화물차관련사고처리중,128.9931,35.2847
2024-07-09 13:00,고속도로,종점,"(2차로,갓길)중형화물차단독사고처리중",127.321,36.9769
2024-07-09 13:00,고속도로,종점,"(경부선진출로)화물차관련사고처리중 선산,남김천우회바람전면차단중",128.2668,36.1554
2024-07-09 13:00,고속도로,종점,(진입로1차로)화물차단독사고처리중,128.8951,35.1653
2024-07-09 13:00,고속도로,기점,"(3차로,갓길)승용차단독사고처리중",127.8903,36.2169
2024-07-09 14:00,고속도로,종점,"(2차로,갓길)중형화물차단독사고처리중",127.321,36.9769
2024-07-09 14:00,고속도로,종점,(1차로)승용차단독사고처리중,127.4404,35.228
2024-07-09 14:00,고속도로,기점,(갓길)승용차단독사고처리중,127.4484,35.2021
2024-07-09 14:00,고속도로,종점,(진입로1차로)화물차단독사고처리중,128.8951,35.1653
2024-07-09 15:00,고속도로,기점,(1차로)승용차단독사고처리중,127.4509,35.1971
2024-07-09 15:00,고속도로,종점,(진입로갓길)화물차단독사고처리중,128.7563,35.2591
2024-07-09 15:00,고속도로,기점,(진출램프)승용차단독사고처리중,128.8951,35.1653
2024-07-09 15:00,고속도로,기점,"(2차로,갓길)대형화물차전도사고처리중",127.6183,36.4789
2024-07-09 15:00,고속도로,종점,"(2차로,갓길)중형화물차단독사고처리중",127.321,36.9769
2024-07-09 15:00,고속도로,종점,(1차로)승용차단독사고처리중,127.4404,35.228
2024-07-09 17:00,고속도로,종점,(갓길)승용차단독사고처리중,129.105,35.5236
2024-07-09 18:00,고속도로,종점,(1차로)승용차관련사고처리중,128.9697,35.2193
2024-07-09 19:00,고속도로,기점,(2차로)화물차관련사고처리중,128.2011,35.6992
2024-07-09 19:00,고속도로,기점,(1차로)승용차관련사고처리중,126.859,35.1927
2024-07-09 20:00,고속도로,기점,(갓길)단독사고처리중,127.5409,37.2394
2024-07-09 20:00,고속도로,종점,"(2차로,갓길)사고처리중",126.8502,35.5942
2024-07-09 22:00,고속도로,종점,(갓길)승용차관련사고처리중,128.6341,35.917
2024-07-09 22:00,고속도로,기점,(갓길)승용차관련사고처리중,126.981,35.729
2024-07-09 23:00,고속도로,종점,(1차로)승용차단독사고처리중,129.0036,35.2155
2024-07-10 00:00,고속도로,기점,(갓길)버스관련사고처리중,127.1037,37.2867
2024-07-10 00:00,고속도로,기점,(1차로)사고처리중,127.1285,35.9109
2024-07-10 00:00,고속도로,종점,(1차로)승용차단독사고처리중,127.1748,36.7821
2024-07-10 01:00,고속도로,기점,(1차로)사고처리중,127.1285,35.9109
2024-07-10 02:00,고속도로,종점,(갓길)3경인진출로화물차관련사고처리중,126.8473,37.3969
2024-07-10 03:00,고속도로,종점,(5차로)승용차관련사고처리중,127.1032,37.3813
2024-07-10 03:00,고속도로,기점,"(2,3차로)승용차사고처리중",127.1037,37.2912
2024-07-10 04:00,고속도로,종점,(1차로)승용차단독사고처리중,127.985,36.7853
2024-07-10 04:00,고속도로,종점,(5차로)승용차관련사고처리중,127.1032,37.3813
2024-07-10 05:00,고속도로,종점,(2차로)화물차관련사고처리중,128.5741,35.2895
2024-07-10 05:00,고속도로,기점,(갓길)승용차단독사고처리중,127.4062,35.2676
2024-07-10 05:00,고속도로,종점,(5차로)승용차관련사고처리중,127.1032,37.3813
2024-07-10 05:00,고속도로,종점,(갓길)승용차관련추돌사고처리중,127.2567,35.1425
2024-07-10 06:00,고속도로,종점,(2차로)승용차관련사고처리중,128.5515,36.1737
2024-07-10 07:00,고속도로,종점,(1차로)승용차관련사고처리중,129.0018,35.2901
2024-07-10 07:00,고속도로,기점,(1차로)3대관련사고처리중,127.4908,36.2102
2024-07-10 07:00,고속도로,종점,(진출로갓길)승용차사고처리중,127.7684,37.8416
2024-07-10 07:00,고속도로,종점,(1차로)승용차단독사고처리중,128.214,35.0749
2024-07-10 08:00,고속도로,종점,(갓길)승용차단독사고처리중,128.3762,35.2908
2024-07-10 08:00,고속도로,종점,(1차로)승용차사고처리중,127.2353,37.2478
2024-07-10 08:00,고속도로,기점,(6차로)사고처리중,126.8052,37.4493
2024-07-10 08:00,고속도로,기점,(갓길)사고처리중,126.9126,37.3233
2024-07-10 09:00,고속도로,기점,"(3차로,갓길)승용차단도사고처리중",129.1027,35.8313
2024-07-10 09:00,국도,,"도로침수로 1,2 차로 양방향 전면 차단 된 사고",127.008927,36.150515
2024-07-10 09:00,고속도로,종점,(2차로)승용차관련사고처리중,129.072,35.3095
2024-07-10 09:00,고속도로,기점,"(1차로,갓길)승용차관련사고처리중",129.0266,35.3261
2024-07-10 09:00,고속도로,종점,(갓길)승용차단독사고처리중,128.4543,35.7191
2024-07-10 09:00,고속도로,종점,(3차로)화물차관련사고처리중,126.7526,37.5632
2024-07-10 10:00,국도,,"도로침수로 1,2 차로 양방향 전면 차단 된 사고",127.008927,36.150515
2024-07-10 10:00,고속도로,종점,(1차로)사고처리중,126.7066,37.4337
2024-07-10 10:00,고속도로,종점,(진출로2차로)화물차단독사고처리중,129.3862,35.9393
2024-07-10 11:00,국도,,"도로침수로 1,2 차로 양방향 전면 차단 된 사고",127.008927,36.150515
2024-07-10 11:00,국도,양방향,집중호우로 인한 양방향 차단사고,128.4008,35.980776
2024-07-10 12:00,국도,양방향,집중호우로 인한 양방향 차단사고,128.4008,35.980776
2024-07-10 12:00,국도,,"도로침수로 1,2 차로 양방향 전면 차단 된 사고",127.008927,36.150515
2024-07-10 13:00,국도,양방향,집중호우로 인한 양방향 차단사고,128.4008,35.980776
2024-07-10 13:00,국도,,"도로침수로 1,2 차로 양방향 전면 차단 된 사고",127.008927,36.150515
2024-07-10 14:00,국도,,"도로침수로 1,2 차로 양방향 전면 차단 된 사고",127.008927,36.150515
2024-07-10 14:00,고속도로,기점,(5차로)화물차관련사고처리중,127.0893,37.2907
2024-07-10 14:00,고속도로,종점,(1차로)화물차관련사고처리중,128.5664,35.2902
2024-07-10 14:00,고속도로,기점,(2차로)승용차관련사고처리중,127.1196,37.0987
2024-07-10 14:00,고속도로,종점,(5차로)사고처리중,127.1276,37.081
2024-07-10 14:00,국도,양방향,집중호우로 인한 양방향 차단사고,128.4008,35.980776
2024-07-10 15:00,국도,양방향,집중호우로 인한 양방향 차단사고,128.4008,35.980776
2024-07-10 15:00,국도,,"도로침수로 1,2 차로 양방향 전면 차단 된 사고",127.008927,36.150515
2024-07-10 15:00,고속도로,종점,(갓길)화물차관련사고처리중,127.0422,37.4611
2024-07-10 15:00,고속도로,기점,"(1,2차로)화물차관련사고처리중",126.7292,37.4333
2024-07-10 15:00,고속도로,종점,"(2차로,갓길)사고처리중",127.2001,37.0009
2024-07-10 16:00,국도,양방향,집중호우로 인한 양방향 차단사고,128.4008,35.980776
2024-07-10 16:00,고속도로,종점,(1차로)승용차관련사고처리중,128.1395,37.1369
2024-07-10 16:00,고속도로,기점,(1차로)승용차단독사고처리중,126.8448,35.8897
2024-07-10 16:00,국도,,"도로침수로 1,2 차로 양방향 전면 차단 된 사고",127.008927,36.150515
2024-07-10 17:00,국도,,"도로침수로 1,2 차로 양방향 전면 차단 된 사고",127.008927,36.150515
2024-07-10 17:00,고속도로,종점,(2차로)승용단독사고처리중,126.7772,34.686
2024-07-10 17:00,국도,양방향,집중호우로 인한 양방향 차단사고,128.4008,35.980776
2024-07-10 18:00,고속도로,기점,(2차로)승용차단독사고처리중,126.7708,34.687
2024-07-10 18:00,고속도로,종점,(1차로)승용차단독사고처리중,127.9064,37.3583
2024-07-10 18:00,국도,,"도로침수로 1,2 차로 양방향 전면 차단 된 사고",127.008927,36.150515
2024-07-10 18:00,국도,양방향,집중호우로 인한 양방향 차단사고,128.4008,35.980776
2024-07-10 19:00,고속도로,종점,(2차로)승용차단독사고처리중,127.6288,34.9642
2024-07-10 19:00,국도,,"도로침수로 1,2 차로 양방향 전면 차단 된 사고",127.008927,36.150515
2024-07-10 19:00,국도,양방향,집중호우로 인한 양방향 차단사고,128.4008,35.980776
2024-07-10 20:00,국도,,"도로침수로 1,2 차로 양방향 전면 차단 된 사고",127.008927,36.150515
2024-07-10 20:00,국도,양방향,집중호우로 인한 양방향 차단사고,128.4008,35.980776
2024-07-10 21:00,고속도로,종점,(2차로)승용차단독사고처리중,128.4229,36.9059
2024-07-10 21:00,국도,,"도로침수로 1,2 차로 양방향 전면 차단 된 사고",127.008927,36.150515
2024-07-10 21:00,국도,양방향,집중호우로 인한 양방향 차단사고,128.4008,35.980776
2024-07-10 22:00,국도,,"도로침수로 1,2 차로 양방향 전면 차단 된 사고",127.008927,36.150515
2024-07-10 22:00,국도,양방향,집중호우로 인한 양방향 차단사고,128.4008,35.980776
2024-07-10 23:00,국도,양방향,집중호우로 인한 양방향 차단사고,128.4008,35.980776
2024-07-10 23:00,국도,,"도로침수로 1,2 차로 양방향 전면 차단 된 사고",127.008927,36.150515
2024-07-10 23:00,고속도로,기점,"(1,2차로)버스관련사고처리중",127.1033,37.3723
2024-07-11 00:00,국도,양방향,집중호우로 인한 양방향 차단사고,128.4008,35.980776
2024-07-11 00:00,국도,,"도로침수로 1,2 차로 양방향 전면 차단 된 사고",127.008927,36.150515
2024-07-11 00:00,고속도로,종점,(갓길)화재사고처리중,127.0754,35.9214
2024-07-11 00:00,고속도로,기점,(하이패스차로)화물차단독사고처리중,129.1863,35.8059
2024-07-11 01:00,국도,양방향,집중호우로 인한 양방향 차단사고,128.4008,35.980776
2024-07-11 01:00,국도,,"도로침수로 1,2 차로 양방향 전면 차단 된 사고",127.008927,36.150515
2024-07-11 01:00,고속도로,기점,(하이패스차로)화물차단독사고처리중,129.1863,35.8059
2024-07-11 02:00,국도,,"도로침수로 1,2 차로 양방향 전면 차단 된 사고",127.008927,36.150515
2024-07-11 02:00,국도,양방향,집중호우로 인한 양방향 차단사고,128.4008,35.980776
2024-07-11 03:00,고속도로,기점,(갓길)승용차관련사고처리중,127.388,36.9725
2024-07-11 03:00,국도,양방향,집중호우로 인한 양방향 차단사고,128.4008,35.980776
2024-07-11 03:00,국도,,"도로침수로 1,2 차로 양방향 전면 차단 된 사고",127.008927,36.150515
2024-07-11 04:00,국도,양방향,집중호우로 인한 양방향 차단사고,128.4008,35.980776
2024-07-11 04:00,국도,,"도로침수로 1,2 차로 양방향 전면 차단 된 사고",127.008927,36.150515
2024-07-11 04:00,고속도로,종점,(1차로)승용차단독사고처리중,127.3104,35.5063
2024-07-11 05:00,국도,양방향,집중호우로 인한 양방향 차단사고,128.4008,35.980776
2024-07-11 05:00,국도,,"도로침수로 1,2 차로 양방향 전면 차단 된 사고",127.008927,36.150515
2024-07-11 05:00,고속도로,종점,(1차로)승용차단독사고처리중,127.3104,35.5063
2024-07-11 06:00,국도,양방향,집중호우로 인한 양방향 차단사고,128.4008,35.980776
2024-07-11 06:00,국도,,"도로침수로 1,2 차로 양방향 전면 차단 된 사고",127.008927,36.150515
2024-07-11 06:00,고속도로,기점,(갓길)승용차관련사고처리중,127.8434,37.0172
2024-07-11 07:00,고속도로,종점,(갓길)승용차사고처리중,127.2299,37.2488
2024-07-11 07:00,국도,,"도로침수로 1,2 차로 양방향 전면 차단 된 사고",127.008927,36.150515
2024-07-11 07:00,고속도로,종점,(1차로)승용차관련사고처리중,127.1037,37.2894
2024-07-11 07:00,국도,양방향,집중호우로 인한 양방향 차단사고,128.4008,35.980776
2024-07-11 08:00,고속도로,종점,(3차로)승용차단독사고처리중,129.0705,35.3108
2024-07-11 08:00,고속도로,종점,"(2,3차로)화물차화재사고처리중",129.2817,35.446
2024-07-11 08:00,국도,,"도로침수로 1,2 차로 양방향 전면 차단 된 사고",127.008927,36.150515
2024-07-11 08:00,국도,양방향,집중호우로 인한 양방향 차단사고,128.4008,35.980776
2024-07-11 08:00,고속도로,종점,(4차로)사고처리중,127.4191,36.3961
2024-07-11 09:00,국도,,"도로침수로 1,2 차로 양방향 전면 차단 된 사고",127.008927,36.150515
2024-07-11 09:00,국도,양방향,집중호우로 인한 양방향 차단사고,128.4008,35.980776
2024-07-11 10:00,국도,양방향,집중호우로 인한 양방향 차단사고,128.4008,35.980776
2024-07-11 10:00,국도,,"도로침수로 1,2 차로 양방향 전면 차단 된 사고",127.008927,36.150515
2024-07-11 10:00,고속도로,기점,(갓길)승용차관련사고처리중,127.1479,37.6063
2024-07-11 11:00,고속도로,기점,(2차로)승용차관련사고처리중,127.1038,37.2642
2024-07-11 11:00,고속도로,종점,(진입로요금소광장부)화재사고처리중,127.2436,36.9764
2024-07-11 11:00,국도,양방향,집중호우로 인한 양방향 차단사고,128.4008,35.980776
2024-07-11 11:00,국도,,"도로침수로 1,2 차로 양방향 전면 차단 된 사고",127.008927,36.150515
2024-07-11 12:00,고속도로,종점,(진입로요금소광장부)화재사고처리중,127.2436,36.9764
2024-07-11 12:00,고속도로,종점,(1차로)소형화물차관련사고처리중,128.1349,36.6614
2024-07-11 12:00,국도,,"도로침수로 1,2 차로 양방향 전면 차단 된 사고",127.008927,36.150515
2024-07-11 12:00,국도,양방향,집중호우로 인한 양방향 차단사고,128.4008,35.980776
2024-07-11 13:00,고속도로,종점,(진입로요금소광장부)화재사고처리중,127.2436,36.9764
2024-07-11 13:00,국도,,"도로침수로 1,2 차로 양방향 전면 차단 된 사고",127.008927,36.150515
2024-07-11 13:00,국도,양방향,집중호우로 인한 양방향 차단사고,128.4008,35.980776
2024-07-11 14:00,고속도로,종점,(진출로갓길)승용차관련사고처리중,127.6221,37.7336
2024-07-11 14:00,고속도로,종점,(갓길)사고확인중,128.4919,37.6323
2024-07-11 14:00,고속도로,종점,(4차로)화물차관련사고처리중,127.1028,36.0404
2024-07-11 14:00,고속도로,기점,(5차로)승용차관련사고처리중,126.7508,37.4779
2024-07-11 14:00,국도,,"도로침수로 1,2 차로 양방향 전면 차단 된 사고",127.008927,36.150515
2024-07-11 14:00,국도,양방향,집중호우로 인한 양방향 차단사고,128.4008,35.980776
2024-07-11 15:00,고속도로,기점,(3차로)축중차로화물차관련사고처리중,127.4472,37.5218
2024-07-11 15:00,고속도로,종점,(우측끝차로)화물차단독사고처리중,126.8052,37.4493
2024-07-11 15:00,국도,,"도로침수로 1,2 차로 양방향 전면 차단 된 사고",127.008927,36.150515
2024-07-11 15:00,국도,양방향,집중호우로 인한 양방향 차단사고,128.4008,35.980776
2024-07-11 16:00,국도,양방향,집중호우로 인한 양방향 차단사고,128.4008,35.980776
2024-07-11 16:00,국도,,"도로침수로 1,2 차로 양방향 전면 차단 된 사고",127.008927,36.150515
2024-07-11 16:00,고속도로,종점,(우측끝차로)화물차단독사고처리중,126.8052,37.4493
2024-07-11 16:00,고속도로,기점,"(4,5차로)화물차관련사고처리중",126.7475,37.4865
2024-07-11 16:00,고속도로,종점,(1차로)승용차관련사고처리중,126.9283,37.3282
2024-07-11 16:00,고속도로,기점,(3차로)축중차로화물차관련사고처리중,127.4472,37.5218
2024-07-11 17:00,국도,양방향,집중호우로 인한 양방향 차단사고,128.4008,35.980776
2024-07-11 17:00,국도,,"도로침수로 1,2 차로 양방향 전면 차단 된 사고",127.008927,36.150515
2024-07-11 17:00,고속도로,종점,(갓길)승용차관련사고처리중,126.88,37.1374
2024-07-11 17:00,고속도로,종점,(우측끝차로)화물차단독사고처리중,126.8052,37.4493
2024-07-11 17:00,고속도로,종점,(1차로)승용차관련사고처리중,127.441,37.1739
2024-07-11 17:00,고속도로,기점,(3차로)축중차로화물차관련사고처리중,127.4472,37.5218
2024-07-11 18:00,고속도로,기점,(3차로)축중차로화물차관련사고처리중,127.4472,37.5218
2024-07-11 18:00,고속도로,기점,(4차로)승용차관련사고처리중,127.1552,37.5131
2024-07-11 18:00,국도,,"도로침수로 1,2 차로 양방향 전면 차단 된 사고",127.008927,36.150515
2024-07-11 18:00,국도,양방향,집중호우로 인한 양방향 차단사고,128.4008,35.980776
2024-07-11 19:00,고속도로,기점,(2차로)승용차관련추돌사고처리중,127.36,35.3273
2024-07-11 19:00,국도,,"도로침수로 1,2 차로 양방향 전면 차단 된 사고",127.008927,36.150515
2024-07-11 19:00,국도,양방향,집중호우로 인한 양방향 차단사고,128.4008,35.980776
2024-07-11 20:00,국도,,"도로침수로 1,2 차로 양방향 전면 차단 된 사고",127.008927,36.150515
2024-07-11 20:00,국도,양방향,집중호우로 인한 양방향 차단사고,128.4008,35.980776
2024-07-11 21:00,국도,,"도로침수로 1,2 차로 양방향 전면 차단 된 사고",127.008927,36.150515
2024-07-11 21:00,국도,양방향,집중호우로 인한 양방향 차단사고,128.4008,35.980776
2024-07-11 22:00,고속도로,기점,(갓길)승용차단독사고처리중,127.5714,35.483
2024-07-11 22:00,고속도로,종점,"(2차로,갓길)화물차관련사고처리중",127.3274,37.3365
2024-07-11 22:00,국도,,"도로침수로 1,2 차로 양방향 전면 차단 된 사고",127.008927,36.150515
2024-07-11 22:00,국도,양방향,집중호우로 인한 양방향 차단사고,128.4008,35.980776
2024-07-11 23:00,고속도로,기점,(갓길)승용차단독사고처리중,127.5714,35.483
2024-07-11 23:00,국도,,"도로침수로 1,2 차로 양방향 전면 차단 된 사고",127.008927,36.150515
2024-07-11 23:00,국도,양방향,집중호우로 인한 양방향 차단사고,128.4008,35.980776
2024-07-12 00:00,국도,,"도로침수로 1,2 차로 양방향 전면 차단 된 사고",127.008927,36.150515
2024-07-12 00:00,국도,양방향,집중호우로 인한 양방향 차단사고,128.4008,35.980776
2024-07-12 02:00,고속도로,기점,(2차로)화물차추돌사고처리중,126.6466,36.8614
2024-07-12 03:00,고속도로,기점,"(3차로,갓길)화물차화재사고처리중",126.9005,37.2853
2024-07-12 04:00,고속도로,기점,"(3차로,갓길)화물차화재사고처리중",126.9005,37.2853
2024-07-12 05:00,고속도로,기점,"(2차로,갓길)승용차,화물차관련사고처리중",127.4794,36.2355
2024-07-12 06:00,고속도로,종점,(갓길)사고처리중,126.8176,37.3503
2024-07-12 07:00,고속도로,종점,(1차로)중형화물차관려사고처리중,127.5789,36.0215
2024-07-12 08:00,고속도로,기점,(4차로)승용차관련사고처리중,126.949,37.3784
2024-07-12 09:00,고속도로,기점,(2차로)화물차관련사고처리중,128.7164,35.9524
2024-07-12 09:00,고속도로,종점,(하이패스차로)승용차사고처리중,128.3607,36.1093
2024-07-12 10:00,고속도로,종점,(5차로)승용차관련사고처리중,127.1871,37.5355
2024-07-12 11:00,고속도로,종점,(2차로)대형화물차단독화재사고처리중,127.4501,35.1988
2024-07-12 11:00,고속도로,기점,(3차로)화물차사고처리중,126.8618,37.3526
2024-07-12 11:00,고속도로,기점,(2차로)버스관련사고처리중,128.7233,37.9861
2024-07-12 12:00,고속도로,기점,"(4,5차로)화물차사고처리중",126.8697,37.0073
2024-07-12 13:00,고속도로,종점,(갓길)대형화물차관련사고처리중,127.4889,36.2013
2024-07-12 14:00,고속도로,종점,(갓길)대형화물차관련사고처리중,127.4889,36.2013
2024-07-12 15:00,고속도로,종점,(갓길)승용차사고처리중,128.1638,37.7971
2024-07-12 15:00,고속도로,종점,(진출로1차로)승용차사고처리중,127.5961,36.2979
2024-07-12 15:00,고속도로,종점,(1차로)소형화물차관련추돌사고처리중,127.1291,35.2614
2024-07-12 16:00,고속도로,기점,(갓길)승용차관련사고처리중,127.1399,37.6227
2024-07-12 17:00,고속도로,종점,(1차로)승용차관련사고처리중,126.9047,37.0503
2024-07-12 17:00,고속도로,기점,(1차로)승용차관련사고처리중,126.9047,37.0503
2024-07-12 18:00,고속도로,기점,(1차로)승용차관련사고처리중,129.1821,35.179
2024-07-12 18:00,고속도로,기점,(5차로)승용차관련사고처리중,127.1033,37.3588
2024-07-12 18:00,고속도로,종점,(1차로)승용차사고처리중,127.0917,36.4856
2024-07-12 19:00,고속도로,기점,(1차로)승용차관련사고처리중,129.1821,35.179
2024-07-12 19:00,고속도로,기점,(2차로)승용차관련사고처리중,127.4873,37.4338
2024-07-12 19:00,고속도로,기점,(1차로)승용차단독사고처리중,127.7058,35.6378
2024-07-12 20:00,고속도로,기점,(진입로1차로)버스관련사고처리중,127.1033,37.3633
2024-07-12 21:00,고속도로,기점,(1차로)승용차관련사고처리중,128.2619,36.2376
2024-07-12 22:00,고속도로,기점,"(2,3차로)승용차관련사고처리중",126.7646,37.4612
2024-07-13 03:00,고속도로,종점,(진입로갓길)사고확인중,128.8946,35.2254
2024-07-13 06:00,고속도로,종점,(1차로)사고처리중,127.318,37.3624
2024-07-13 07:00,고속도로,기점,(1차로)승용차관련사고처리중,128.551,35.9629
2024-07-13 10:00,고속도로,종점,(4차로)승용차관련사고처리중,126.709,37.5237
2024-07-13 11:00,고속도로,종점,(2차로)승용차관련사고처리중,127.4691,36.7456
2024-07-13 13:00,고속도로,종점,"(1,2차로)화물차관련사고처리중",126.7672,37.3749
2024-07-13 13:00,고속도로,기점,(갓길)화물차사고처리중,126.9855,37.32
2024-07-13 13:00,고속도로,종점,(1차로)승용차관련사고처리중,128.0944,36.7246
2024-07-13 13:00,고속도로,종점,(갓길)승용차관련사고처리중,126.8773,37.1551
2024-07-13 14:00,고속도로,기점,(갓길)승용차사고처리중,126.9855,37.32
2024-07-13 14:00,고속도로,종점,"(1,2차로)승용차관련사고처리중",128.5409,36.143
2024-07-13 15:00,고속도로,종점,(1차로)승용차관련사고처리중,127.4627,36.7406
2024-07-13 16:00,고속도로,기점,"(2,5차로)사고처리중",127.1359,37.2888
2024-07-13 16:00,고속도로,종점,(갓길)승용차사고처리중,127.7968,37.7245
2024-07-13 17:00,고속도로,종점,(3차로)화물차추돌사고처리중,127.4638,36.3515
2024-07-13 17:00,고속도로,종점,(갓길)승용차관련사고처리중,126.8969,37.2767
2024-07-13 18:00,고속도로,기점,(5차로)승합차사고처리중,127.1924,37.2653
2024-07-13 18:00,고속도로,종점,"(2,3차로)화물차추돌사고처리중",127.4638,36.3515
2024-07-13 22:00,고속도로,종점,(진출로2차로)사고처리중,126.9909,37.3843
2024-07-13 22:00,고속도로,종점,(갓길)사고확인중,126.998,35.7658
2024-07-13 23:00,고속도로,기점,"(1,2차로)사고처리중",126.9983,35.7694
2024-07-14 00:00,고속도로,기점,(1차로)소형화물차단독사고처리중,126.9983,35.7694
2024-07-14 02:00,고속도로,기점,(갓길)승용차관련사고처리중,126.8854,34.6973
2024-07-14 03:00,고속도로,기점,"(1,3차로)승용차사고처리중",127.4333,36.372
2024-07-14 04:00,고속도로,종점,(갓길)승용차단독사고처리중,128.88,35.1688
2024-07-14 04:00,고속도로,기점,"(2,3차로)승용차사고처리중",127.4333,36.372
2024-07-14 04:00,고속도로,기점,(갓길)사고처리중,127.2413,37.4834
2024-07-14 05:00,고속도로,기점,(갓길)사고처리중,127.2413,37.4834
2024-07-14 05:00,고속도로,종점,(1차로)승용차관련추돌사고처리중,127.4201,36.6047
2024-07-14 05:00,고속도로,종점,(1차로)승용차관련사고처리중,127.4226,36.5955
2024-07-14 05:00,고속도로,기점,"(2,3차로)승용차단독사고처리중",128.9827,35.2618
2024-07-14 06:00,고속도로,기점,(갓길)사고처리중,127.2413,37.4834
2024-07-14 07:00,고속도로,종점,"(2차로,갓길)단독사고처리중",128.3279,37.5565
2024-07-14 08:00,고속도로,종점,(갓길)승용차단독사고처리중,128.2476,35.2016
2024-07-14 08:00,고속도로,종점,(3차로)승용차단독사고처리중,129.2471,35.3401
2024-07-14 09:00,고속도로,종점,(3차로)승용차단독사고처리중,129.2471,35.3401
2024-07-14 10:00,고속도로,기점,"(2차로,갓길)화물차사고처리중",126.8138,35.7782
2024-07-14 10:00,고속도로,기점,(갓길)승용차단독사고처리중,129.253,35.4006
2024-07-14 10:00,고속도로,종점,(3차로)승용차단독사고처리중,129.2471,35.3401
2024-07-14 11:00,고속도로,기점,(1차로)승용차관련처리중,127.3762,37.6338
2024-07-14 11:00,고속도로,기점,(1차로)승용차관련사고처리중,127.3571,37.6341
2024-07-14 12:00,고속도로,기점,(1차로)승용차관련사고처리중,127.6179,37.2414
2024-07-14 12:00,고속도로,기점,(1차로)승용차관련사고처리중,126.7686,37.5935
2024-07-14 13:00,고속도로,종점,(1차로)승용차추돌사고처리중,126.7032,36.8904
2024-07-14 13:00,고속도로,종점,(1차로)승용차단독사고처리중,129.1933,35.7892
2024-07-14 14:00,고속도로,기점,(1차로)승용차관련사고처리중,128.6619,35.9124
2024-07-14 14:00,고속도로,기점,(2차로)승용차관련사고처리중,127.1551,37.5994
2024-07-14 14:00,고속도로,종점,(갓길)승용차관련사고처리중,128.8391,37.7555
2024-07-14 15:00,고속도로,종점,(1차로)승용차관련사고처리중,127.4436,37.199
2024-07-14 15:00,고속도로,종점,(1차로)승용차추돌사고처리중,128.2229,35.1866
2024-07-14 15:00,고속도로,종점,(진입로갓길)승용차관련사고처리중,128.8951,35.1653
2024-07-14 16:00,고속도로,기점,(1차로)승용차관련사고처리중,127.6451,36.474
2024-07-14 16:00,고속도로,종점,(갓길)승용차단독사고처리중,127.0493,35.2494
2024-07-14 16:00,고속도로,종점,(갓길)승용차사고처리중,128.4693,35.7989
2024-07-14 17:00,고속도로,종점,(갓길)승용차단독사고처리중,127.0458,35.2473
2024-07-14 17:00,고속도로,기점,(2차로)소형화물차관련사고처리중,126.8267,37.4401
2024-07-14 17:00,고속도로,기점,(갓길)승용차관련사고처리중,127.4894,37.2457
2024-07-14 21:00,고속도로,종점,(2차로)승용차관련사고처리중,127.1037,37.2912
2024-07-14 22:00,고속도로,종점,"(1,2차로)사고처리중",127.1586,37.5137
2024-07-14 23:00,고속도로,기점,(진출로1차로)승용차관련사고처리중,126.7532,37.5704
2024-07-14 23:00,고속도로,기점,(갓길)사고처리중,127.0369,37.3077
2024-07-15 00:00,고속도로,기점,(진출로1차로)승용차관련사고처리중,126.7532,37.5704
2024-07-15 03:00,고속도로,기점,(2차로)사고처리중,126.8736,37.1728
2024-07-15 04:00,고속도로,종점,(1차로)승용차사고처리중,127.9827,37.7595
2024-07-15 04:00,고속도로,기점,(5차로)승용차관련사고처리중,127.1122,37.1148
2024-07-15 05:00,고속도로,종점,(2차로)승용차사고처리중,128.6814,38.0317
2024-07-15 06:00,고속도로,기점,(1차로)사고처리중,126.7408,37.4021
2024-07-15 07:00,고속도로,종점,(진출로갓길)승용차단독사고처리중,127.6485,37.252
2024-07-15 07:00,고속도로,기점,"(4,5차로)승용차단독사고처리중",127.1797,36.8504
2024-07-15 08:00,고속도로,기점,(1차로)사고처리중,126.7993,37.5216
2024-07-15 08:00,고속도로,종점,(진출로갓길)화물차(트레일러)단독사고처리중  여주IC진출불가우회바람,127.6485,37.252
2024-07-15 09:00,고속도로,기점,(1차로)승용차관련사고처리중,126.8272,37.5242
2024-07-15 09:00,고속도로,기점,(2차로)소형화물차관련사고처리중,128.1573,36.5882
2024-07-15 09:00,고속도로,종점,(갓길)승용차관련사고처리중,126.7826,37.6012
2024-07-15 09:00,고속도로,종점,(진출로갓길)화물차(트레일러)단독사고처리중  여주IC진출불가우회바람,127.6485,37.252
2024-07-15 10:00,고속도로,기점,(5차로)승용차관련사고처리중,127.0946,37.4058
2024-07-15 10:00,고속도로,기점,(진출로갓길)사고처리중,126.7379,37.429
2024-07-15 10:00,고속도로,종점,(3차로)승용차관련사고처리중,126.7203,37.5238
2024-07-15 11:00,고속도로,기점,"(진입로갓길)화물차화재사고처리중,휴게소진입불가",129.2861,35.67
2024-07-15 12:00,고속도로,기점,(2차로)화물차관련사고처리중,126.7395,37.4111
2024-07-15 12:00,고속도로,기점,"(진입로갓길)화물차화재사고처리중,휴게소진입불가",129.2861,35.67
2024-07-15 12:00,고속도로,종점,(2차로)대형화물차고장처리중,128.0259,36.4288
2024-07-15 13:00,고속도로,기점,(1차로)화물차관련사고처리중,126.7998,37.6189
2024-07-15 13:00,고속도로,기점,(포항방향진출로)화물차관련사고처리중,128.6451,35.9167
2024-07-15 14:00,고속도로,서울방향,"사고처리중(순찰반, 119 현장 출동중)",126.57604,36.425487
2024-07-15 14:00,고속도로,종점,"(1,2차로,갓길)사고처리중 대천나들목우회바람",126.5781,36.4303
2024-07-15 14:00,고속도로,기점,(갓길)작업장관련사고처리중,128.22,36.4134
2024-07-15 15:00,고속도로,서울방향,"사고처리중(전도차량 견인작업중, 부상자 병원 이송, 2차로 통행재개 14:13)",126.575482,36.424503
2024-07-15 15:00,고속도로,종점,(갓길)승용차사고처리중,128.7784,37.7242
2024-07-15 15:00,고속도로,기점,(5차로)화물차관련사고처리중,127.1424,37.5007
2024-07-15 15:00,고속도로,기점,(4차로)화물차관련사고처리중,127.1424,37.5007
2024-07-15 15:00,고속도로,종점,(1차로)승용차관련사고처리중,126.5553,36.3872
2024-07-15 15:00,고속도로,종점,"(2차로,갓길)사고처리중",126.5781,36.4303
2024-07-15 15:00,고속도로,기점,(갓길)작업장관련사고처리중,128.22,36.4134
2024-07-15 15:00,고속도로,서울방향,"사고처리중(전도차량 견인작업중, 우회 홍보 중, 부상자 병원 이송)",126.575911,36.425245
2024-07-15 15:00,고속도로,서울방향,"사고처리중(순찰반, 119 현장 출동중)",126.57604,36.425487
2024-07-15 16:00,고속도로,종점,(광장부)사고처리중,126.7818,37.3572
2024-07-15 16:00,고속도로,서울방향,"사고처리중(순찰반, 119 현장 출동중)",126.57604,36.425487
2024-07-15 16:00,고속도로,서울방향,"사고처리중(전도차량 견인작업중, 우회 홍보 중, 부상자 병원 이송)",126.575911,36.425245
2024-07-15 16:00,고속도로,서울방향,"사고처리중(전도차량 견인작업중, 부상자 병원 이송, 2차로 통행재개 14:13)",126.575482,36.424503
2024-07-15 17:00,고속도로,서울방향,"사고처리중(전도차량 견인작업중, 부상자 병원 이송, 2차로 통행재개 14:13)",126.575482,36.424503
2024-07-15 17:00,고속도로,서울방향,"사고처리중(전도차량 견인작업중, 우회 홍보 중, 부상자 병원 이송)",126.575911,36.425245
2024-07-15 17:00,고속도로,서울방향,"사고처리중(순찰반, 119 현장 출동중)",126.57604,36.425487
2024-07-15 18:00,고속도로,서울방향,"사고처리중(전도차량 견인작업중, 부상자 병원 이송, 2차로 통행재개 14:13)",126.575482,36.424503
2024-07-15 18:00,고속도로,서울방향,"사고처리중(전도차량 견인작업중, 우회 홍보 중, 부상자 병원 이송)",126.575911,36.425245
2024-07-15 18:00,고속도로,서울방향,"사고처리중(순찰반, 119 현장 출동중)",126.57604,36.425487
2024-07-15 18:00,고속도로,기점,(진입2차로갓길)사고처리중,126.89,37.4246
2024-07-15 19:00,고속도로,서울방향,"사고처리중(전도차량 견인작업중, 부상자 병원 이송, 2차로 통행재개 14:13)",126.575482,36.424503
2024-07-15 19:00,고속도로,서울방향,"사고처리중(전도차량 견인작업중, 우회 홍보 중, 부상자 병원 이송)",126.575911,36.425245
2024-07-15 19:00,고속도로,서울방향,"사고처리중(순찰반, 119 현장 출동중)",126.57604,36.425487
2024-07-15 19:00,고속도로,기점,(갓길)사고처리중,126.89,37.4246
2024-07-15 20:00,고속도로,서울방향,"사고처리중(순찰반, 119 현장 출동중)",126.57604,36.425487
2024-07-15 20:00,고속도로,서울방향,"사고처리중(전도차량 견인작업중, 우회 홍보 중, 부상자 병원 이송)",126.575911,36.425245
2024-07-15 20:00,고속도로,서울방향,"사고처리중(전도차량 견인작업중, 부상자 병원 이송, 2차로 통행재개 14:13)",126.575482,36.424503
2024-07-15 21:00,고속도로,기점,(갓길)단독사고처리중,128.8382,37.76
2024-07-15 22:00,고속도로,종점,(진입로갓길)사고처리중,127.1331,37.6396
2024-07-15 23:00,고속도로,종점,(진입로갓길)사고처리중,127.1331,37.6396
2024-07-16 00:00,고속도로,기점,"(3,4차로)승용차단독사고처리중",128.9378,35.221
2024-07-16 02:00,고속도로,기점,(갓길)화물차단독사고처리중,126.6232,36.1391
2024-07-16 03:00,고속도로,기점,(갓길)화물차단독사고처리중,126.6232,36.1391
2024-07-16 03:00,고속도로,기점,"(2,3,4,5차로)화물차관련사고처리중",126.8736,37.0232
2024-07-16 06:00,고속도로,기점,"(4차로,갓길)승용차단독사고처리중",128.1118,35.1568
2024-07-16 06:00,고속도로,기점,(갓길)화물차단독사고처리중,128.7957,35.2192
2024-07-16 07:00,고속도로,기점,"(진출로2차로,갓길)화물차단독사고처리중",128.7957,35.2192
2024-07-16 08:00,고속도로,기점,"(진출로2차로,갓길)화물차단독사고처리중",128.7957,35.2192
2024-07-16 09:00,고속도로,종점,(갓길)화물차관련사고처리중,129.052,35.3794
2024-07-16 09:00,고속도로,기점,(갓길)승용차단독사고처리중,127.2064,35.373
2024-07-16 09:00,고속도로,기점,(갓길)승용차단독사고처리중,127.4296,34.8708
2024-07-16 09:00,고속도로,기점,(갓길)승용차사고처리중,128.2397,36.3788
2024-07-16 10:00,고속도로,종점,(2차로)승용차단독사고처리중,126.4999,34.9327
2024-07-16 10:00,고속도로,종점,(갓길)승용차단독사고처리중,126.7897,35.3084
2024-07-16 10:00,고속도로,기점,"(1,2차로)승용차단독사고처리중",127.4367,35.0116
2024-07-16 11:00,고속도로,기점,(2차로)승용차단독사고처리중,127.4803,35.0032
2024-07-16 11:00,고속도로,종점,(갓길)승용차관련추돌사고처리중,127.4192,35.0121
2024-07-16 11:00,고속도로,기점,"(1,2,3차로)사고처리중",127.0096,37.3903
2024-07-16 12:00,고속도로,종점,"(2차로,갓길)트레일러단독사고처리중",127.2392,34.8285
2024-07-16 12:00,고속도로,기점,(2차로)승용차단독사고처리중,127.4803,35.0032
2024-07-16 12:00,고속도로,종점,(진입로1차로)사고처리중,126.8064,37.3506
2024-07-16 12:00,고속도로,기점,(2차로)승용차단독사고,127.207,35.2322
2024-07-16 13:00,고속도로,기점,(갓길)단독사고처리중,127.2074,35.3732
2024-07-16 13:00,고속도로,종점,(갓길)승용차단독사고처리중,127.457,35.1463
2024-07-16 13:00,고속도로,종점,(진입로1차로)사고처리중,126.8064,37.3506
2024-07-16 13:00,고속도로,종점,"(2차로,갓길)트레일러단독사고처리중",127.2392,34.8285
2024-07-16 14:00,고속도로,기점,(4차로)승용차단독사고처리중,128.2857,35.2715
2024-07-16 14:00,고속도로,기점,(화물차하이패스차로)사고처리중,127.0202,37.3928
2024-07-16 14:00,고속도로,종점,"(2차로,갓길)트레일러단독사고처리중",127.2392,34.8285
2024-07-16 14:00,고속도로,종점,(갓길)승용차단독사고처리중,127.5079,34.9891
2024-07-16 14:00,고속도로,기점,(갓길)단독사고처리중,127.2074,35.3732
2024-07-16 15:00,고속도로,종점,(갓길)트레일러단독사고처리중,127.2392,34.8285
2024-07-16 15:00,고속도로,종점,(2차로)승용차관련사고처리중,126.8806,37.1284
2024-07-16 15:00,고속도로,기점,(4차로)승용차관련사고처리중,128.1733,35.1727
2024-07-16 15:00,고속도로,기점,(진출로1차로)화물차단독사고처리중,127.2697,37.4479
2024-07-16 15:00,고속도로,기점,(갓길)단독사고처리중,127.2074,35.3732
2024-07-16 15:00,고속도로,기점,승용차관련사고처리중,127.1026,36.0819
2024-07-16 16:00,고속도로,기점,(2차로)승용차관련사고처리중,127.6351,35.7001
2024-07-16 16:00,고속도로,기점,"(3,4차로)승용차관련사고처리중",128.1733,35.1727
2024-07-16 16:00,고속도로,기점,(갓길)단독사고처리중,127.2074,35.3732
2024-07-16 16:00,고속도로,기점,(진출로1차로)화물차단독사고처리중,127.2697,37.4479
2024-07-16 16:00,고속도로,기점,(1차로)승용차관련사고처리중,128.315,37.5496
2024-07-16 16:00,고속도로,종점,(갓길)트레일러단독사고처리중,127.2392,34.8285
2024-07-16 17:00,고속도로,종점,"(3,4차로)승용차관련사고처리중",126.8709,37.0145
2024-07-16 17:00,고속도로,종점,(갓길)트레일러단독사고처리중,127.2392,34.8285
2024-07-16 18:00,고속도로,기점,(4차로)소형화물차관련사고처리중,126.8222,37.4313
2024-07-16 18:00,고속도로,종점,"(4차로,갓길)승용차관련사고처리중",127.1254,37.4614
2024-07-16 18:00,고속도로,기점,(1차로)승용차단독사고처리중,129.0398,35.3365
2024-07-16 19:00,고속도로,종점,"(1,2차로)승용차관련사고처리중",128.1023,37.452
2024-07-16 19:00,고속도로,기점,"(3차로,갓길)승용차관련사고처리중",127.4566,35.0064
2024-07-16 19:00,고속도로,종점,(갓길)승용차관련사고처리중,126.9012,37.4237
2024-07-16 20:00,고속도로,기점,"(1차로,갓길)소형화물차관련사고처리중",127.9273,36.4448
2024-07-16 20:00,고속도로,종점,(갓길)승용차관련사고처리중,126.7045,37.5236
2024-07-16 20:00,고속도로,종점,"(3차로,갓길)화물차관련사고처리중",126.635,37.4448
2024-07-16 20:00,고속도로,종점,(1차로)승용차관련사고처리중,126.8951,37.4246
2024-07-16 21:00,고속도로,기점,(갓길)승용차관련사고처리중,128.3543,36.1233
2024-07-16 21:00,고속도로,종점,"(3차로,갓길)화물차관련사고처리중",126.635,37.4448
2024-07-16 21:00,고속도로,종점,(3차로)승용차관련사고처리중,126.8987,37.3026
2024-07-16 22:00,고속도로,기점,"(2차로,갓길)승용차단독사고처리중",126.8097,35.3689
2024-07-16 22:00,고속도로,종점,(갓길)승용차사고처리중,127.7689,37.04
2024-07-16 22:00,고속도로,종점,"(2,3차로)승용차관련사고처리중",126.8987,37.3026
2024-07-16 22:00,고속도로,기점,(1차로)승용차관련사고처리중,127.8802,37.6625
2024-07-16 23:00,고속도로,기점,"(3,4차로)화물차관련사고처리중",128.2114,35.1816
2024-07-17 00:00,고속도로,종점,(갓길)화물차관련사고처리중,127.3707,36.6598
2024-07-17 00:00,고속도로,기점,"(3,4차로)화물차관련사고처리중",128.2114,35.1816
2024-07-17 00:00,고속도로,기점,(1차로)승용차관련사고처리중,127.2321,36.7449
2024-07-17 00:00,고속도로,종점,(갓길)승용차관련사고처리중,128.5245,37.9836
2024-07-17 01:00,고속도로,종점,(갓길)화물차관련사고처리중,127.3707,36.6598
2024-07-17 01:00,고속도로,기점,"(3,4차로)화물차관련사고처리중",128.2114,35.1816
2024-07-17 01:00,고속도로,종점,(1차로)승용차관련사고처리중,127.2959,37.4321
2024-07-17 01:00,고속도로,기점,(갓길)승용차관련사고처리중,127.8984,37.4088
2024-07-17 02:00,고속도로,종점,"(4차로,갓길)대형화물차사고처리중",127.1065,36.0095
2024-07-17 02:00,고속도로,기점,"(3,4차로)화물차관련사고처리중",128.2114,35.1816
2024-07-17 03:00,고속도로,기점,"(2,3차로)승용차관련사고처리중",126.8865,37.3152
2024-07-17 03:00,고속도로,기점,(2차로)화물차단독사고처리중,128.5301,35.9239
2024-07-17 03:00,고속도로,종점,(갓길)승용차사고처리중,128.0916,37.2215
2024-07-17 03:00,고속도로,기점,(1차로)승용차단독사고처리중,127.0314,37.3935
2024-07-17 06:00,고속도로,종점,(4차로)승용차관련사고처리중,126.8922,37.3707
2024-07-17 07:00,고속도로,기점,(진출로갓길)승용차단사고처리중,126.7487,37.5442
2024-07-17 07:00,고속도로,기점,"(1,2차로)대형화물차화재사고처리중",126.8334,35.9417
2024-07-17 08:00,고속도로,종점,(갓길)사고처리중,126.8951,37.4246
2024-07-17 08:00,고속도로,기점,"(1,2차로)대형화물차화재사고처리중",126.8334,35.9417
2024-07-17 09:00,고속도로,종점,(1차로)승용차사고처리중,127.6903,37.7439
2024-07-17 09:00,고속도로,기점,"(1,2차로)대형화물차화재사고처리중",126.8334,35.9417
2024-07-17 09:00,고속도로,기점,(갓길)사고처리중,126.8812,37.2387
2024-07-17 09:00,고속도로,종점,(3차로)승용차관련사고처리중,126.7656,37.5242
2024-07-17 10:00,고속도로,종점,(4차로)승용차관련사고처리중,126.8044,37.6332
2024-07-17 10:00,고속도로,기점,(갓길)사고처리중,126.8698,37.3396
2024-07-17 10:00,고속도로,종점,(1차로)승용차관련사고처리중,126.8043,37.6314
2024-07-17 10:00,고속도로,종점,(2차로)승용차사고처리중,127.9473,37.6189
2024-07-17 10:00,고속도로,기점,(갓길)사고차량견인완료 낙하된적재물처리중,126.8334,35.9417
2024-07-17 10:00,고속도로,기점,(1차로)승용차사고처리중,127.9219,37.7474
2024-07-17 10:00,고속도로,종점,(2차로)승용차사고처리중,127.8205,37.757
2024-07-17 12:00,고속도로,기점,(갓길)승용차관련사고처리중,127.095,37.1869
2024-07-17 12:00,고속도로,종점,"(2차로,갓길)대형화물차관련사고처리중",126.7128,36.7519
2024-07-17 13:00,고속도로,종점,"(2차로,갓길)대형화물차관련사고처리중",126.7128,36.7519
2024-07-17 14:00,고속도로,종점,"(1,2차로,갓길)대형화물차관련사고처리중",126.7128,36.7519
2024-07-17 15:00,고속도로,종점,(2차로)추돌사고처리중,127.1033,37.3543
2024-07-17 15:00,고속도로,종점,"(2차로,갓길)대형화물차관련사고처리중",126.7128,36.7519
2024-07-17 15:00,고속도로,종점,(1차로)승용차관련사고처리중,126.9005,37.2853
2024-07-17 16:00,고속도로,종점,"(2차로,갓길)대형화물차관련사고처리중",126.7128,36.7519
2024-07-17 16:00,고속도로,기점,(진출로갓길))화물차사고처리중,126.7066,37.4337
2024-07-17 17:00,고속도로,종점,"(1,2차로,갓길)대형화물차관련사고처리중",126.7128,36.7519
2024-07-17 17:00,고속도로,기점,(1차로)승용차관련사고처리중,126.9144,37.3736
2024-07-17 21:00,고속도로,기점,(2차로)승용차단독사고처리중,127.4762,36.903
2024-07-17 23:00,고속도로,기점,"(2차로,갓길)대형화물차단독사고처리중",127.4301,37.2249
2024-07-18 00:00,고속도로,기점,"(2차로,갓길)대형화물차단독사고처리중",127.4301,37.2249
2024-07-18 01:00,고속도로,기점,"(2차로,갓길)대형화물차단독사고처리중",127.4301,37.2249
2024-07-18 01:00,고속도로,기점,(1차로)사고처리중,126.503,34.9544
2024-07-18 02:00,고속도로,기점,(1차로)사고처리중,126.503,34.9544
2024-07-18 02:00,고속도로,기점,"(2차로,갓길)대형화물차단독사고처리중",127.4301,37.2249
2024-07-18 03:00,고속도로,기점,(1차로)사고처리중,126.503,34.9544
2024-07-18 03:00,고속도로,기점,"(2차로,갓길)대형화물차단독사고처리중",127.4301,37.2249
2024-07-18 04:00,고속도로,기점,(5차로)승용차관련사고처리중,126.7512,37.5355
2024-07-18 04:00,고속도로,기점,(1차로)사고처리중,126.503,34.9544
2024-07-18 05:00,고속도로,기점,"(1,4차로)승용차관련사고처리중",126.9645,37.3819
2024-07-18 06:00,고속도로,종점,(갓길)승용차단독사고처리중,127.1789,37.5502
2024-07-18 06:00,고속도로,종점,(갓길)승용차관련사고처리중,126.7593,37.4628
2024-07-18 06:00,고속도로,기점,(1차로)승용차관련사고처리중,127.2219,37.5157
2024-07-18 07:00,고속도로,종점,(갓길)승용차관련사고처리중,126.8932,37.3104
2024-07-18 07:00,고속도로,기점,(갓길)사고처리중,126.8199,37.3502
2024-07-18 07:00,고속도로,종점,(갓길)승용차사고처리중,128.2346,37.8425
2024-07-18 07:00,고속도로,종점,(갓길)승용차관련사고처리중,126.7593,37.4628
2024-07-18 07:00,고속도로,종점,(갓길)승용차단독사고처리중,127.3205,37.3536
2024-07-18 08:00,고속도로,기점,(갓길)사고처리중,126.8492,37.4399
2024-07-18 08:00,고속도로,기점,(1차로)승용차관련사고처리중,126.5655,36.7852
2024-07-18 09:00,고속도로,기점,(진출로2차로)사고처리중,126.8894,37.0576
2024-07-18 09:00,고속도로,기점,(1차로)승용차사고처리중,128.2207,37.8249
2024-07-18 09:00,고속도로,기점,(4차로)화물차관련사고처리중,127.1581,37.5819
2024-07-18 10:00,고속도로,종점,(1차로)화물차관련사고처리중,128.6704,35.9281
2024-07-18 10:00,고속도로,종점,(갓길)승용차관련사고처리중,126.5572,36.662
2024-07-18 10:00,고속도로,기점,(4차로)화물차관련사고처리중,127.1581,37.5819
2024-07-18 10:00,고속도로,종점,(1차로)승용단독사고처리중,127.3659,37.2413
2024-07-18 10:00,고속도로,기점,(갓길)승용차사고처리중,127.3266,37.2497
2024-07-18 10:00,고속도로,기점,(갓길)승용차사고처리중,127.8553,37.6784
2024-07-18 10:00,고속도로,기점,(1차로)승용차사고처리중,127.7042,37.2526
2024-07-18 11:00,고속도로,종점,(갓길)승용차사고처리중,128.5249,37.6444
2024-07-18 11:00,고속도로,종점,(갓길)승용차관련사고처리중,127.3194,36.7244
2024-07-18 11:00,고속도로,종점,"(2,3차로)화물차관련사고처리중",127.5667,37.2395
2024-07-18 11:00,고속도로,기점,(2차로)승용차단독사고처리중,127.4746,35.7747
2024-07-18 11:00,고속도로,종점,(3차로)승용단독사고처리중,128.013,37.4373
2024-07-18 11:00,고속도로,종점,(1차로)사고처리중,127.4135,37.2554
2024-07-18 12:00,고속도로,기점,(갓길)단독사고처리중,127.4746,35.7747
2024-07-18 12:00,고속도로,기점,(갓길)단독사고처리중,127.3906,35.7684
2024-07-18 12:00,고속도로,종점,(갓길)대형화물차화재사고처리중,127.3148,35.4851
2024-07-18 12:00,고속도로,종점,"(1,2차로)추돌사고처리중",127.0497,37.4531
2024-07-18 12:00,고속도로,기점,(1차로)승용차관련단독사고처리중,127.4631,35.0053
2024-07-18 12:00,고속도로,종점,(3차로)승용차관련사고처리중,127.0978,37.4068
2024-07-18 12:00,고속도로,기점,"(1,3차로)승용차관련사고처리중",126.8316,37.525
2024-07-18 13:00,고속도로,기점,(갓길)승용차단독사고처리중,128.4964,35.376
2024-07-18 13:00,고속도로,종점,(갓길)승용차관련사고처리중,126.7656,37.5242
2024-07-18 13:00,고속도로,종점,"(2차로,갓길)승용차사고처리중",128.8158,37.8467
2024-07-18 13:00,고속도로,종점,(갓길)승용차사고처리중,128.888,37.6962
2024-07-18 13:00,고속도로,기점,(갓길)단독사고처리중,127.3906,35.7684
2024-07-18 13:00,고속도로,종점,"(1,2차로)승용차관련사고처리중",127.5202,37.397
2024-07-18 14:00,고속도로,기점,"(3,4,5차로,갓길)화물차관련사고처리중",126.8858,37.0484
2024-07-18 14:00,고속도로,종점,"(2차로,갓길)화물차화재사고처리중",128.2766,36.1449
2024-07-18 14:00,고속도로,기점,"(4,5차로)승용차관련사고처리중",127.1807,37.546
2024-07-18 14:00,고속도로,기점,(1차로)대형화물차관련사고처리중,127.5198,36.9449
2024-07-18 14:00,고속도로,기점,(1차로)승용차관련사고처리중,128.0874,36.7327
2024-07-18 14:00,고속도로,종점,"(2차로,갓길)화물차사고처리중",127.9139,37.3395
2024-07-18 14:00,고속도로,종점,(중분대회차로)승용차단독사고처리중,127.6616,35.8874
2024-07-18 15:00,고속도로,기점,"(3,4,5차로,갓길)화물차관련사고처리중",126.8858,37.0484
2024-07-18 15:00,고속도로,기점,(2차로)승용차관련사고처리중,129.279,35.5804
2024-07-18 15:00,고속도로,기점,"(1,2차로)화물차관련사고처리중",128.5374,35.94
2024-07-18 15:00,고속도로,종점,(진입로갓길)승용차관련사고처리중,129.2262,35.2816
2024-07-18 15:00,고속도로,종점,(갓길)화물차관련사고처리중,126.8828,37.2467
2024-07-18 15:00,고속도로,종점,(1차로)화물차사고처리중,128.388,37.5687
2024-07-18 16:00,고속도로,기점,(2차로)승용차관련사고처리중,128.7062,35.949
2024-07-18 16:00,고속도로,종점,(1차로)승용차관련추돌사고처리중,126.8656,35.1929
2024-07-18 17:00,고속도로,기점,(갓길)승용차사고처리중,127.7678,37.8106
2024-07-18 17:00,고속도로,종점,(1차로)승용차관련사고처리중,127.4752,36.8777
2024-07-18 20:00,고속도로,종점,"(1,2차로)승용차관련사고처리중",126.8801,37.1464
2024-07-18 22:00,고속도로,종점,(회차로)승용차단독사고처리중,127.7288,37.7538
2024-07-19 00:00,고속도로,기점,"(2,3차로,갓길)대형화물차화재사고처리중",127.8977,36.2182
2024-07-19 01:00,고속도로,기점,"(2,3차로,갓길)대형화물차화재사고처리중",127.8977,36.2182
2024-07-19 02:00,고속도로,기점,"(2,3차로,갓길)대형화물차화재사고처리중",127.8977,36.2182
2024-07-19 03:00,고속도로,기점,(갓길)중형화물차사고처리중,127.3345,36.3787
2024-07-19 04:00,고속도로,기점,(갓길)사고처리중,126.581,36.5498
2024-07-19 04:00,고속도로,기점,(갓길)중형화물차사고처리중,127.3345,36.3787
2024-07-19 06:00,고속도로,종점,(진입로갓길)승용차고장처리중,128.7935,35.221
2024-07-19 06:00,고속도로,종점,(2차로)승용차고장처리중,129.0318,35.2802
2024-07-19 07:00,고속도로,종점,(진입로2차로)승용차단독사고처리중,128.2937,36.376
2024-07-19 08:00,고속도로,기점,(2차로)화물차단독사고처리중,128.0682,35.0985
2024-07-19 11:00,고속도로,종점,(2차로)승용차관련사고처리중,127.963,37.4044
2024-07-19 11:00,고속도로,종점,(5차로)사고처리중,127.0025,37.3131
2024-07-19 11:00,고속도로,종점,"(1,2차로)사고처리완료",127.2001,37.0009
2024-07-19 12:00,고속도로,기점,(갓길)승용차단독화재사고처리중,127.4606,36.2741
2024-07-19 12:00,고속도로,기점,(1차로)승용단독사고처리중,126.5866,35.0667
2024-07-19 12:00,고속도로,종점,(1차로)승용차관련사고처리중,127.4196,36.6312
2024-07-19 13:00,고속도로,기점,(갓길)승용차관련사고처리중,127.4491,36.9458
2024-07-19 14:00,고속도로,종점,"(2,3차로)승용차관련사고처리중",129.0927,35.4909
2024-07-19 15:00,고속도로,기점,(진출로1차로)하이패스차로사고처리중,126.7784,36.0478
2024-07-19 15:00,고속도로,종점,(1차로)승용차관련사고처리중,128.0925,36.7268
2024-07-19 15:00,고속도로,종점,(2차로)승용차관련사고처리중,126.8895,37.0585
2024-07-19 15:00,고속도로,종점,(1차로)승용차관련사고처리중,128.5741,35.2895
2024-07-19 16:00,고속도로,종점,(1차로)승용차관련사고처리중,126.8878,37.0755
2024-07-19 16:00,고속도로,종점,(갓길)승용차관련사고처리중,127.6128,37.1877
2024-07-19 16:00,고속도로,기점,"(4차로,갓길)화물차관련사고처리중",126.8827,37.2458
2024-07-19 17:00,고속도로,종점,(갓길)승용차추돌사고처리중,127.1605,36.9819
2024-07-19 17:00,고속도로,종점,(갓길)승용차사고처리중,127.3296,36.721
2024-07-19 17:00,고속도로,기점,"(4차로,갓길)화물차관련사고처리중",126.8827,37.2458
2024-07-19 17:00,고속도로,기점,(1차로)승용차관련사고처리중,128.6068,35.2862
2024-07-19 17:00,고속도로,기점,(1차로)사고처리중,127.0237,37.3134
2024-07-19 18:00,고속도로,기점,"(3,4차로,갓길)화물차관련사고처리중",126.8827,37.2458
2024-07-19 18:00,고속도로,기점,(1차로)승용차관련사고처리중,128.4276,35.9917
2024-07-19 19:00,고속도로,기점,"(4차로,갓길)화물차관련사고처리중",126.8827,37.2458
2024-07-19 20:00,고속도로,기점,(1차로)승용차관련사고처리중,126.972,37.3199
2024-07-19 21:00,고속도로,기점,(2차로)승용차관련사고처리중,127.1033,37.3633
2024-07-19 22:00,고속도로,기점,(1차로)버스관련사고처리중,127.053,37.4495
2024-07-19 22:00,고속도로,기점,(갓길)추돌사고처리중,126.8274,35.2197
2024-07-19 23:00,고속도로,종점,(2차로)승용차관련사고처리중,128.6738,35.9186
2024-07-19 23:00,고속도로,기점,(1차로)사고처리중,127.186,37.269
2024-07-20 00:00,고속도로,종점,(갓길)승용차관련사고처리중,129.4102,35.8289
2024-07-20 00:00,고속도로,종점,"(4,5차로)승용차관련사고처리중",126.9012,37.4237
2024-07-20 00:00,고속도로,종점,"(3차로,갓길)화물차관련사고처리중",126.8036,36.943
2024-07-20 09:00,고속도로,기점,(5차로)승용차관련사고처리중,127.1035,37.3273
2024-07-20 09:00,고속도로,종점,(1차로)사고처리중,126.6063,36.1614
2024-07-20 10:00,고속도로,종점,(1차로)사고처리중,127.595,35.7536
2024-07-20 10:00,고속도로,종점,(갓길)승용차단독사고처리중,126.9924,35.2265
2024-07-20 10:00,고속도로,기점,(2차로)승용차관련사고처리중,128.0618,36.7471
2024-07-20 10:00,고속도로,종점,(갓길)화물차관련사고처리중,127.1708,37.0183
2024-07-20 10:00,고속도로,종점,(갓길)승용차단독사고처리중,127.4004,35.432
2024-07-20 11:00,고속도로,종점,(갓길)승용차단독사고처리중,128.2691,36.0566
2024-07-20 11:00,고속도로,종점,(1차로)승용차관련사고처리중,128.5632,35.2905
2024-07-20 11:00,고속도로,종점,(갓길)승용차단독사고처리중,127.4039,35.2844
2024-07-20 11:00,고속도로,종점,(3차로)승용차관련사고처리중,128.9806,35.2353
2024-07-20 12:00,고속도로,기점,(갓길)승용차관련사고처리중,127.4912,36.8219
2024-07-20 13:00,고속도로,종점,(4차로)승용차관련사고처리중,128.6582,35.2718
2024-07-20 13:00,고속도로,기점,(갓길)승용차관련추돌사고처리중,126.8842,35.1849
2024-07-20 14:00,고속도로,종점,(1차로)승용차사고처리중,128.5005,35.5221
2024-07-20 14:00,고속도로,종점,(1차로)승용차관련사고처리중,126.9507,37.3277
2024-07-20 14:00,고속도로,기점,(1차로)대형버스관련사고처리중,128.0562,36.7475
2024-07-20 15:00,고속도로,종점,(1차로)승용차관련사고처리중,128.4027,37.5798
2024-07-20 16:00,고속도로,종점,(갓길)추돌사고처리중,126.9221,35.1816
2024-07-20 16:00,고속도로,종점,(1차로)승용차단독사고처리중,129.297,35.6447
2024-07-20 17:00,고속도로,기점,(갓길)사고처리중,126.9046,37.4239
2024-07-20 17:00,고속도로,기점,(갓길)사고처리중,126.8959,37.323
2024-07-20 18:00,고속도로,기점,(갓길)사고처리중,126.9046,37.4239
2024-07-20 18:00,고속도로,종점,(갓길)사고처리중,127.1033,37.3633
2024-07-20 19:00,고속도로,기점,(2차로)사고처리중,126.767,37.3659
2024-07-20 20:00,고속도로,기점,(1차로)사고처리중,126.7543,37.4744
2024-07-20 20:00,고속도로,기점,(2차로)사고처리중,126.767,37.3659
2024-07-20 21:00,고속도로,종점,(진출로갓길)승용차관련사고처리중,127.5009,36.7706
2024-07-20 23:00,고속도로,기점,(2차로)승용차관련사고처리중,127.3707,37.2963
2024-07-21 00:00,고속도로,기점,(2차로)승용차관련사고처리중,127.3707,37.2963
2024-07-21 00:00,고속도로,종점,"(1차로,갓길)사고처리중",126.9457,35.6861
2024-07-21 01:00,고속도로,기점,(진출로1차로)승용차단독사고처리중,128.3265,35.2826
2024-07-21 02:00,고속도로,기점,(갓길)승용단독사고처리중,127.3178,35.7899
2024-07-21 02:00,고속도로,종점,"(5차로,갓길)승용차사고처리중",127.0656,37.4346
2024-07-21 03:00,고속도로,기점,(1차로)승용단독사고처리중,127.3178,35.7899
2024-07-21 05:00,고속도로,기점,"(2,3,5차로)승용차관련사고처리중",127.1036,37.3002
2024-07-21 06:00,고속도로,기점,"(4,5차로)화물차관련사고처리중",127.1036,37.3002
2024-07-21 07:00,고속도로,기점,(8차로)승용차사고처리중,126.7686,37.5935
2024-07-21 08:00,고속도로,기점,(3차로)승용차단독사고처리중,128.4661,35.7874
2024-07-21 10:00,고속도로,종점,(2차로)사고처리중,127.1033,37.3543
2024-07-21 11:00,고속도로,기점,(5차로)사고처리중,127.1238,37.0894
2024-07-21 12:00,고속도로,기점,(1차로)승용차관련사고처리중,128.315,37.5496
2024-07-21 15:00,고속도로,기점,(1차로)승용차관련사고처리중,127.3849,37.632
2024-07-21 16:00,고속도로,기점,(1차로)승용차관련사고처리중,128.9832,35.2412
2024-07-21 16:00,고속도로,종점,(2차로)승용차관련추돌사고처리중,127.6017,37.216
2024-07-21 16:00,고속도로,종점,(1차로)승용차관련사고처리중,126.7307,36.9057
2024-07-21 16:00,고속도로,기점,"(1,3차로)승용차관련사고처리중",128.9073,35.9031
2024-07-21 17:00,고속도로,기점,(3차로)사고처리중,126.8761,37.3374
2024-07-21 17:00,고속도로,종점,(1차로)승용차관련사고처리중,128.4584,35.6063
2024-07-21 18:00,고속도로,기점,(1차로)승용차관련사고처리중,127.5277,37.2404
2024-07-21 18:00,고속도로,기점,(갓길)승용차관련사고처리중,126.7765,37.4584
2024-07-21 18:00,고속도로,종점,(2차로)승용차관련사고처리중,127.1997,35.3699
2024-07-21 22:00,고속도로,종점,"(1차로,갓길)화물차관련사고처리중",128.6479,37.6773
2024-07-22 01:00,고속도로,기점,"(2차로,갓길)승용차단독사고처리중",128.0707,37.2365
2024-07-22 02:00,고속도로,기점,"(2차로,갓길)승용차단독사고처리중",128.0707,37.2365
2024-07-22 05:00,고속도로,종점,(5차로)승용차관련사고처리중,127.1235,37.4322
2024-07-22 06:00,고속도로,기점,(갓길)승합차사고처리중,127.8842,37.661
2024-07-22 06:00,고속도로,종점,(진출로1차로)승용차사고처리중,127.1681,36.8254
2024-07-22 06:00,고속도로,기점,"(4,5차로)화물차관련사고처리중",127.1038,37.2642
2024-07-22 07:00,고속도로,종점,(4차로)사고처리중,127.0948,37.2898
2024-07-22 08:00,고속도로,종점,(1차로)승용차관련사고처리중,129.0919,35.2915
2024-07-22 08:00,고속도로,종점,(갓길)화물차관련사고처리중,126.8882,37.4094
2024-07-22 09:00,고속도로,기점,(갓길)승용차단독사고처리중,126.7448,35.1336
2024-07-22 09:00,고속도로,기점,(1차로)승용차관련사고처리중,129.0125,35.3099
2024-07-22 10:00,고속도로,기점,(1차로)승용차관련사고처리중,128.6299,35.278
2024-07-22 10:00,고속도로,기점,"(3차로,갓길)화물차관련사고처리중",128.4635,35.7925
2024-07-22 10:00,고속도로,종점,(3차로)승용차사고처리중,126.6799,37.4351
2024-07-22 13:00,고속도로,종점,(3차로)화물차단독사고처리중,128.984,35.2501
2024-07-22 14:00,고속도로,기점,(1차로)대형화물차관련추돌사고처리중,127.1942,34.8187
2024-07-22 14:00,고속도로,기점,(5차로)승용차관련사고처리중,126.7515,37.4772
2024-07-22 15:00,고속도로,기점,(2차로)대형화물차단독사고처리중,127.1967,34.8204
2024-07-22 15:00,고속도로,영암방향,화물차 단독사고로 전면 차단된 사고,127.19902,34.822277
2024-07-22 16:00,고속도로,영암방향,화물차 단독사고로 전면 차단된 사고,127.19902,34.822277
2024-07-22 17:00,고속도로,영암방향,화물차 단독사고로 전면 차단된 사고,127.19902,34.822277
2024-07-22 18:00,고속도로,영암방향,화물차 단독사고로 전면 차단된 사고,127.19902,34.822277
2024-07-22 19:00,고속도로,영암방향,화물차 단독사고로 전면 차단된 사고,127.19902,34.822277
2024-07-22 20:00,고속도로,종점,(1차로)승용차사고처리중,127.0957,37.1762
2024-07-22 20:00,고속도로,영암방향,화물차 단독사고로 전면 차단된 사고,127.19902,34.822277
2024-07-22 21:00,고속도로,기점,"(2차로,갓길)승용차관련사고처리중",128.3915,35.7588
2024-07-22 21:00,고속도로,영암방향,화물차 단독사고로 전면 차단된 사고,127.19902,34.822277
2024-07-22 22:00,고속도로,영암방향,화물차 단독사고로 전면 차단된 사고,127.19902,34.822277
2024-07-22 22:00,고속도로,기점,(진출로1차로)사고처리중,126.7855,37.4299
2024-07-22 23:00,고속도로,영암방향,화물차 단독사고로 전면 차단된 사고,127.19902,34.822277
2024-07-22 23:00,고속도로,종점,(1차로)대형화물차관련추돌사고처리중,128.1428,36.3676
2024-07-22 23:00,고속도로,종점,"(1,2차로)승용차관련사고처리중",127.1322,37.0346
2024-07-23 00:00,고속도로,종점,(순환선진입로1차로)승용차관련사고처리중,126.7588,37.5241
2024-07-23 00:00,고속도로,영암방향,화물차 단독사고로 전면 차단된 사고,127.19902,34.822277
2024-07-23 01:00,고속도로,기점,(갓길)승용차사고처리중,127.2046,37.2588
2024-07-23 01:00,고속도로,영암방향,화물차 단독사고로 전면 차단된 사고,127.19902,34.822277
2024-07-23 01:00,고속도로,기점,(1차로)대형화물차관련사고처리중,127.65,37.1443
2024-07-23 01:00,고속도로,기점,(1차로)승용차관련사고처리중,126.8715,37.1961
2024-07-23 01:00,고속도로,기점,(갓길)승용차관련사고처리중,126.9219,35.6592
2024-07-23 02:00,고속도로,종점,(갓길)승용차사고처리중,127.5819,37.2704
2024-07-23 02:00,고속도로,종점,(1차로)화물차관련사고처리중,127.3884,37.2402
2024-07-23 02:00,고속도로,영암방향,화물차 단독사고로 전면 차단된 사고,127.19902,34.822277
2024-07-23 02:00,고속도로,기점,(1차로)대형화물차관련사고처리중,127.65,37.1443
2024-07-23 03:00,고속도로,기점,"(2차로,갓길)대형화물차관련사고처리중",127.65,37.1443
2024-07-23 03:00,고속도로,기점,(진출로갓길)승용차단독사고처리중,127.0017,35.775
2024-07-23 03:00,고속도로,영암방향,화물차 단독사고로 전면 차단된 사고,127.19902,34.822277
2024-07-23 04:00,고속도로,기점,"(2차로,갓길)대형화물차관련사고처리중",127.65,37.1443
2024-07-23 04:00,고속도로,영암방향,화물차 단독사고로 전면 차단된 사고,127.19902,34.822277
2024-07-23 05:00,고속도로,기점,"(2차로,갓길)대형화물차관련사고처리중",127.65,37.1443
2024-07-23 05:00,고속도로,기점,(1차로)승용차관련사고처라중,127.1938,37.5323
2024-07-23 05:00,고속도로,기점,(2차로)화물차관련사고처리중,127.3645,36.4042
2024-07-23 05:00,고속도로,영암방향,화물차 단독사고로 전면 차단된 사고,127.19902,34.822277
2024-07-23 06:00,고속도로,기점,"(2차로,갓길)대형화물차관련사고처리중",127.65,37.1443
2024-07-23 06:00,고속도로,종점,(3차로)승용차단독사고처리중,126.8987,37.281
2024-07-23 06:00,고속도로,기점,(1차로)승용차관련사고처라중,127.1938,37.5323
2024-07-23 06:00,고속도로,영암방향,화물차 단독사고로 전면 차단된 사고,127.19902,34.822277
2024-07-23 07:00,고속도로,기점,"(2차로,갓길)대형화물차관련사고처리중",127.65,37.1443
2024-07-23 07:00,고속도로,영암방향,화물차 단독사고로 전면 차단된 사고,127.19902,34.822277
2024-07-23 08:00,고속도로,영암방향,화물차 단독사고로 전면 차단된 사고,127.19902,34.822277
2024-07-23 08:00,고속도로,기점,"(2차로,갓길)대형화물차관련사고처리중",127.65,37.1443
2024-07-23 08:00,고속도로,기점,(1차로)승용차관련사고처리중,126.7543,37.4744
2024-07-23 09:00,고속도로,기점,(갓길)승용차관련사고처리중,126.7543,37.4744
2024-07-23 09:00,고속도로,종점,"(1,2차로)승용차단독사고처리중",128.8144,37.8289
2024-07-23 09:00,고속도로,영암방향,화물차 단독사고로 전면 차단된 사고,127.19902,34.822277
2024-07-23 10:00,고속도로,기점,(갓길)화물차관련사고처리중,127.1254,37.4677
2024-07-23 10:00,고속도로,기점,(3차로)승용차관련사고처리중,127.2413,37.4834
2024-07-23 10:00,고속도로,영암방향,화물차 단독사고로 전면 차단된 사고,127.19902,34.822277
2024-07-23 11:00,고속도로,영암방향,화물차 단독사고로 전면 차단된 사고,127.19902,34.822277
2024-07-23 12:00,고속도로,기점,갓길화물차사고처리중,127.1026,36.0819
2024-07-23 12:00,고속도로,영암방향,화물차 단독사고로 전면 차단된 사고,127.19902,34.822277
2024-07-23 12:00,고속도로,기점,"(1,3차로)승용차관련사고처리중",128.2897,36.991
2024-07-23 13:00,고속도로,종점,(2차로)승용차사고처리중,126.9703,36.3833
2024-07-23 13:00,고속도로,기점,(2차로)트레일러단독사고처리중,127.6232,36.4767
2024-07-23 13:00,고속도로,영암방향,화물차 단독사고로 전면 차단된 사고,127.19902,34.822277
2024-07-23 14:00,고속도로,영암방향,화물차 단독사고로 전면 차단된 사고,127.19902,34.822277
2024-07-23 15:00,고속도로,기점,(5차로)승용차관련사고처리중,126.9961,37.386
2024-07-23 15:00,고속도로,기점,(1차로)승용차관련사고처리중,128.6883,35.937
2024-07-23 15:00,고속도로,기점,(1차로)화물차관련사고처리중,128.4244,35.6916
2024-07-23 15:00,고속도로,영암방향,화물차 단독사고로 전면 차단된 사고,127.19902,34.822277
2024-07-23 16:00,고속도로,기점,(5차로)승용차관련사고처리중,126.9961,37.386
2024-07-23 16:00,고속도로,영암방향,화물차 단독사고로 전면 차단된 사고,127.19902,34.822277
2024-07-23 17:00,고속도로,기점,"(4차로,갓길)승용차관련사고처리중",126.709,37.5237
2024-07-23 17:00,고속도로,영암방향,화물차 단독사고로 전면 차단된 사고,127.19902,34.822277
2024-07-23 18:00,고속도로,영암방향,화물차 단독사고로 전면 차단된 사고,127.19902,34.822277
2024-07-23 18:00,고속도로,종점,(1차로)승용차단독사고처리중,127.6621,35.8882
2024-07-23 19:00,고속도로,기점,(갓길)승용차관련사고처리중,126.7753,37.4585
2024-07-23 19:00,고속도로,종점,(2차로)승용차단독사고처리중,128.965,35.1537
2024-07-23 19:00,고속도로,영암방향,화물차 단독사고로 전면 차단된 사고,127.19902,34.822277
2024-07-23 20:00,고속도로,종점,(갓길)대형화물차단독사고처리중,128.2275,36.3459
2024-07-23 20:00,고속도로,영암방향,화물차 단독사고로 전면 차단된 사고,127.19902,34.822277
2024-07-23 21:00,고속도로,영암방향,화물차 단독사고로 전면 차단된 사고,127.19902,34.822277
2024-07-23 21:00,고속도로,종점,(갓길)승용차단독사고처리중,128.4874,37.6296
2024-07-23 21:00,고속도로,종점,(2차로)영업소광장부승용차단독사고처리중,127.2064,37.5916
2024-07-23 21:00,고속도로,종점,"(2차로,갓길)대형화물차단독사고처리중",128.2275,36.3459
2024-07-23 22:00,고속도로,기점,"(2차로,갓길)화물차관련사고처리중",127.4809,36.3346
2024-07-23 22:00,고속도로,종점,"(2차로,갓길)버스화재사고처리중",128.5127,35.2611
2024-07-23 22:00,고속도로,영암방향,화물차 단독사고로 전면 차단된 사고,127.19902,34.822277
2024-07-23 23:00,고속도로,영암방향,화물차 단독사고로 전면 차단된 사고,127.19902,34.822277
2024-07-24 00:00,고속도로,영암방향,화물차 단독사고로 전면 차단된 사고,127.19902,34.822277
2024-07-24 05:00,고속도로,종점,(2차로)승용차관련사고처리중,129.0899,37.4952
2024-07-24 06:00,고속도로,종점,(2차로)승용차관련사고처리중,129.0899,37.4952
2024-07-24 06:00,고속도로,종점,(1차로)승용차관련사고처리중,128.2449,37.868
2024-07-24 08:00,고속도로,종점,(3차로)화물차관련사고처리중,129.216,35.2656
2024-07-24 08:00,고속도로,기점,(갓길)승용차관련사고처리중,126.7066,37.4337
2024-07-24 09:00,고속도로,기점,(1차로)승용차단독사고처리중,128.9704,35.2192
2024-07-24 09:00,고속도로,종점,(진입로갓길)승용차관련사고처리중,126.9345,37.3763
2024-07-24 09:00,고속도로,기점,(갓길)승용차관련사고처리중,128.1302,37.188
2024-07-24 10:00,고속도로,종점,(갓길)소형화물차관련사고처리중,127.4414,37.1838
2024-07-24 10:00,고속도로,종점,(1차로)승용차단독사고처리중,128.6371,37.6746
2024-07-24 10:00,고속도로,종점,(1차로)화물차관련추돌사고처리중,126.8057,35.4333
2024-07-24 10:00,고속도로,종점,(1차로)사고처리중,126.8069,35.4358
2024-07-24 10:00,고속도로,기점,(갓길)승용차단독사고처리중,126.7735,36.6802
2024-07-24 11:00,고속도로,종점,(갓길)화물차관련사고처리중,126.8161,37.5226
2024-07-24 12:00,고속도로,기점,"(2차로,갓길)승용차관련사고처리중",126.9283,37.3282
2024-07-24 12:00,고속도로,종점,(진출로)화물차단독사고처리중,128.3729,36.07
2024-07-24 13:00,고속도로,기점,(1차로)화물차관련사고처리중,128.2428,35.9436
2024-07-24 13:00,고속도로,기점,(3차로)승용차관련사고처리중,126.7787,37.4583
2024-07-24 14:00,고속도로,기점,(2차로)승용차관련사고처리중,127.1036,37.2966
2024-07-24 14:00,고속도로,기점,(2차로)승용차관련사고처리중,127.1036,37.2966
2024-07-24 15:00,고속도로,종점,(1차로)승용차관련사고처리중,127.7229,37.0743
2024-07-24 16:00,고속도로,기점,(갓길)승용차관련사고처리중,127.3668,36.6842
2024-07-24 16:00,고속도로,기점,(갓길)승용차단독사고처리중,127.0097,35.2522
2024-07-24 16:00,고속도로,종점,(화물차로)승용차관련사고처리중,127.1233,37.4349
2024-07-24 16:00,고속도로,종점,(1차로)승용차관련사고처리중,128.5632,35.2905
2024-07-24 17:00,고속도로,기점,(1차로)화물차단독사고처리중,127.2576,37.2458
2024-07-24 17:00,고속도로,종점,(1차로)승용차관련사고처리중,128.5632,35.2905
2024-07-24 17:00,고속도로,종점,(화물차로)승용차관련사고처리중,127.1233,37.4349
2024-07-24 18:00,고속도로,기점,(갓길)승용차단독사고처리중,127.8971,37.068
2024-07-24 18:00,고속도로,기점,(1차로)화물차단독사고처리중,127.2576,37.2458
2024-07-24 18:00,고속도로,기점,(2차로)승용차관련사고처리중,128.9787,35.1965
2024-07-24 18:00,고속도로,종점,(2차로)단독사고처리중(승용),127.2398,35.7212
2024-07-24 19:00,고속도로,기점,(갓길)승용차관련사고처리중,127.1581,37.5819
2024-07-24 19:00,고속도로,기점,(1차로)승용차관련사고처리중,127.0359,37.3941
2024-07-24 20:00,고속도로,기점,(갓길)화물차관련사고처리중,126.7179,37.4339
2024-07-24 20:00,고속도로,종점,"(1,2차로,갓길)화물차관련사고처리중",128.7601,37.6645
2024-07-24 21:00,고속도로,종점,"(1,3차로)화물차관련사고처리중",126.9608,37.3238
2024-07-24 21:00,고속도로,종점,"(1,2차로,갓길)화물차관련사고처리중",128.7601,37.6645
2024-07-24 23:00,고속도로,기점,(갓길)승용차관련사고처리중,128.5165,36.0446
2024-07-25 02:00,고속도로,기점,(갓길)화물차화재사고처리중,127.0917,36.4856
2024-07-25 03:00,고속도로,기점,(갓길)대형화물차관련사고처리중,128.2025,36.4515
2024-07-25 03:00,고속도로,종점,(5차로)화물차관련사고처리중,126.7522,37.4765
2024-07-25 04:00,고속도로,기점,(갓길)대형화물차관련사고처리중,128.2025,36.4515
2024-07-25 04:00,고속도로,종점,(5차로)화물차관련사고처리중,126.7522,37.4765
2024-07-25 04:00,고속도로,종점,(갓길)화물차관련사고처리중,126.8969,37.2767
2024-07-25 08:00,고속도로,기점,(갓길)화물차단독사고처리중,126.7824,36.9374
2024-07-25 10:00,고속도로,기점,(1차로)승용차관련사고처리중,127.3649,36.2874
2024-07-25 10:00,고속도로,기점,"(1,2차로)사고처리중",127.1047,37.1214
2024-07-25 11:00,고속도로,종점,"(1,2차로)승용차관련사고처리중",126.6804,36.8708
2024-07-25 11:00,고속도로,종점,(1차로)승용차관련사고처리중,127.3289,37.6341
2024-07-25 12:00,고속도로,종점,(1차로)승용차관련사고처리중,128.0927,37.7742
2024-07-25 12:00,고속도로,종점,(1차로)승용차관련사고처리중,127.0096,37.3903
2024-07-25 12:00,고속도로,종점,(1차로)승용차관련사고처리중,126.6804,36.8708
2024-07-25 13:00,고속도로,기점,(1차로)승용차관련사고처리중,128.0787,37.444
2024-07-25 13:00,고속도로,종점,(갓길)대형화물차관련사고처리중,127.8839,36.4475
2024-07-25 13:00,고속도로,기점,(갓길)승용차단독사고처리중,127.1137,34.8139
2024-07-25 14:00,고속도로,종점,"(1차로,갓길)승용단독사고처리중",128.5461,38.019
2024-07-25 14:00,고속도로,기점,(갓길)승용차단독사고처리중,127.1137,34.8139
2024-07-25 15:00,고속도로,종점,(경주영업소진출로광장)화물차단독사고처리중,129.1863,35.8059
2024-07-25 16:00,고속도로,종점,(2차로)승용차관련사고처리중,126.8869,37.1111
2024-07-25 17:00,고속도로,기점,(1차로)승용차관련사고처리중,128.7062,35.949
2024-07-25 17:00,고속도로,종점,(2차로)승용차관련사고처리중,126.8869,37.1111
2024-07-25 19:00,고속도로,종점,(갓길)승용차관련사고처리중,126.7147,37.5237
2024-07-25 19:00,고속도로,기점,(1차로)승용차관련사고처리중,127.491,36.8174
2024-07-25 19:00,고속도로,기점,(갓길)승용차관련사고처리중,126.9071,37.3226
2024-07-25 20:00,고속도로,기점,(갓길)승용차관련사고처리중,126.8775,37.336
2024-07-25 20:00,고속도로,기점,"(2,3차로)승용차관련사고처리중",127.0709,37.0265
2024-07-25 20:00,고속도로,종점,(1차로)승용차관련사고처리중,126.5903,36.8307
2024-07-25 21:00,고속도로,기점,(갓길)내서요금소광장부시설물사고처리중,128.5154,35.2589
2024-07-25 22:00,고속도로,종점,"(2,3차로)화물차관련사고처리중",127.0108,37.025
2024-07-25 23:00,고속도로,종점,(3차로)사고처리중,127.0178,37.5214
2024-07-25 23:00,고속도로,종점,"(2,3차로)화물차관련사고처리중",127.0086,37.0248
2024-07-26 01:00,고속도로,종점,(1차로)승용차관련사고처리중,127.4303,37.6495
2024-07-26 02:00,고속도로,종점,(2차로)대형화물차관련사고처리중,127.5074,36.7962
2024-07-26 03:00,고속도로,종점,(갓길)사고처리중,127.105,37.2408
2024-07-26 04:00,국도,의정부방향,국도3호선 동두천 봉동터널 출구(의정부방향) 사고처리로 2차로 통제중,127.050575,37.946735
2024-07-26 04:00,국도,의정부방향,국도3호선 동두천 봉동터널 출구(의정부방향) 사고처리로 2차로 통제중,127.051819,37.948896
2024-07-26 05:00,고속도로,기점,"(4,5차로)회물차추돌사고처리중",127.1891,36.9077
2024-07-26 05:00,국도,의정부방향,국도3호선 동두천 봉동터널 출구(의정부방향) 사고처리로 2차로 통제중,127.050575,37.946735
2024-07-26 05:00,국도,의정부방향,국도3호선 동두천 봉동터널 출구(의정부방향) 사고처리로 2차로 통제중,127.051819,37.948896
2024-07-26 06:00,국도,의정부방향,국도3호선 동두천 봉동터널 출구(의정부방향) 사고처리로 2차로 통제중,127.051819,37.948896
2024-07-26 06:00,국도,의정부방향,국도3호선 동두천 봉동터널 출구(의정부방향) 사고처리로 2차로 통제중,127.050575,37.946735
2024-07-26 06:00,고속도로,기점,"(4,5차로)회물차추돌사고처리중",127.189,36.9095
2024-07-26 07:00,국도,의정부방향,국도3호선 동두천 봉동터널 출구(의정부방향) 사고처리로 2차로 통제중,127.050575,37.946735
2024-07-26 07:00,국도,의정부방향,국도3호선 동두천 봉동터널 출구(의정부방향) 사고처리로 2차로 통제중,127.051819,37.948896
2024-07-26 08:00,국도,의정부방향,국도3호선 동두천 봉동터널 출구(의정부방향) 사고처리로 2차로 통제중,127.050575,37.946735
2024-07-26 08:00,국도,의정부방향,국도3호선 동두천 봉동터널 출구(의정부방향) 사고처리로 2차로 통제중,127.051819,37.948896
2024-07-26 09:00,고속도로,기점,(갓길)승용차단독사고처리중,127.2645,35.0781
2024-07-26 09:00,국도,의정부방향,국도3호선 동두천 봉동터널 출구(의정부방향) 사고처리로 2차로 통제중,127.050575,37.946735
2024-07-26 09:00,국도,의정부방향,국도3호선 동두천 봉동터널 출구(의정부방향) 사고처리로 2차로 통제중,127.051819,37.948896
2024-07-26 10:00,고속도로,종점,(2차로)화물차관련사고처리중,129.2834,35.5975
2024-07-26 10:00,고속도로,종점,(1차로)승용차관련사고처리중,127.5445,36.5133
2024-07-26 10:00,고속도로,종점,(갓길)화물차관련사고처리중,127.9114,37.6532
2024-07-26 10:00,국도,의정부방향,국도3호선 동두천 봉동터널 출구(의정부방향) 사고처리로 2차로 통제중,127.050575,37.946735
2024-07-26 10:00,국도,의정부방향,국도3호선 동두천 봉동터널 출구(의정부방향) 사고처리로 2차로 통제중,127.051819,37.948896
2024-07-26 11:00,국도,의정부방향,국도3호선 동두천 봉동터널 출구(의정부방향) 사고처리로 2차로 통제중,127.051819,37.948896
2024-07-26 11:00,국도,의정부방향,국도3호선 동두천 봉동터널 출구(의정부방향) 사고처리로 2차로 통제중,127.050575,37.946735
2024-07-26 11:00,고속도로,기점,(갓길)승용차관련사고처리중,127.3027,37.415
2024-07-26 11:00,고속도로,종점,(갓길)화물차관련사고처리중,127.9114,37.6532
2024-07-26 12:00,고속도로,종점,(2차로)승용차관련사고처리중,127.4801,37.0354
2024-07-26 12:00,고속도로,종점,"(2차로,갓길)화물차관련사고처리중",127.9114,37.6532
2024-07-26 12:00,고속도로,기점,(1차로)대형버스관련추돌사고처리중,126.8842,35.1849
2024-07-26 12:00,국도,의정부방향,국도3호선 동두천 봉동터널 출구(의정부방향) 사고처리로 2차로 통제중,127.050575,37.946735
2024-07-26 12:00,국도,의정부방향,국도3호선 동두천 봉동터널 출구(의정부방향) 사고처리로 2차로 통제중,127.051819,37.948896
2024-07-26 13:00,고속도로,기점,(1차로)대형버스관련추돌사고처리중,126.8842,35.1849
2024-07-26 13:00,국도,의정부방향,국도3호선 동두천 봉동터널 출구(의정부방향) 사고처리로 2차로 통제중,127.050575,37.946735
2024-07-26 13:00,국도,의정부방향,국도3호선 동두천 봉동터널 출구(의정부방향) 사고처리로 2차로 통제중,127.051819,37.948896
2024-07-26 14:00,고속도로,기점,(1차로)승용차관련사고처리중,127.0939,37.1941
2024-07-26 14:00,국도,의정부방향,국도3호선 동두천 봉동터널 출구(의정부방향) 사고처리로 2차로 통제중,127.051819,37.948896
2024-07-26 14:00,국도,의정부방향,국도3호선 동두천 봉동터널 출구(의정부방향) 사고처리로 2차로 통제중,127.050575,37.946735
2024-07-26 14:00,고속도로,종점,(5차로)승용차관련사고처리중,127.1395,37.0339
2024-07-26 14:00,고속도로,종점,(1차로)승용차관련사고처리중,128.2253,36.299
2024-07-26 14:00,고속도로,기점,(갓길)승용차단독사고처리중,127.6435,34.9657
2024-07-26 15:00,국도,의정부방향,국도3호선 동두천 봉동터널 출구(의정부방향) 사고처리로 2차로 통제중,127.051819,37.948896
2024-07-26 15:00,국도,의정부방향,국도3호선 동두천 봉동터널 출구(의정부방향) 사고처리로 2차로 통제중,127.050575,37.946735
2024-07-26 15:00,고속도로,기점,(1차로)승용차관련사고처리중,128.2222,36.3095
2024-07-26 15:00,고속도로,종점,(1차로)승용차사고처리중,126.5903,36.8307
2024-07-26 15:00,고속도로,기점,(4차로)승용차사고처리중,127.1808,37.5791
2024-07-26 15:00,고속도로,기점,빗길점멸등작동,127.1026,36.0819
2024-07-26 15:00,고속도로,종점,(1차로)승용차단독사고처리중,127.4495,35.1813
2024-07-26 15:00,고속도로,종점,(3차로)화물차관련사고처리중,126.7292,37.4333
2024-07-26 16:00,국도,의정부방향,국도3호선 동두천 봉동터널 출구(의정부방향) 사고처리로 2차로 통제중,127.051819,37.948896
2024-07-26 16:00,국도,의정부방향,국도3호선 동두천 봉동터널 출구(의정부방향) 사고처리로 2차로 통제중,127.050575,37.946735
2024-07-26 16:00,고속도로,기점,(1차로)승용차사고처리중,127.3514,37.6342
2024-07-26 16:00,고속도로,기점,(1차로)승용차관련사고처리중,128.5273,36.0534
2024-07-26 16:00,고속도로,종점,(1차로)승용차사고처리중,126.7776,36.9336
2024-07-26 16:00,고속도로,기점,빗길점멸등작동,127.1026,36.0819
2024-07-26 16:00,고속도로,기점,(1차로)사고처리중,126.8777,37.4291
2024-07-26 17:00,고속도로,기점,(3차로)승용차관련사고처리중,127.1807,37.5172
2024-07-26 17:00,고속도로,기점,빗길점멸등작동,127.1026,36.0819
2024-07-26 17:00,국도,의정부방향,국도3호선 동두천 봉동터널 출구(의정부방향) 사고처리로 2차로 통제중,127.050575,37.946735
2024-07-26 17:00,국도,의정부방향,국도3호선 동두천 봉동터널 출구(의정부방향) 사고처리로 2차로 통제중,127.051819,37.948896
2024-07-26 18:00,국도,의정부방향,국도3호선 동두천 봉동터널 출구(의정부방향) 사고처리로 2차로 통제중,127.051819,37.948896
2024-07-26 18:00,국도,의정부방향,국도3호선 동두천 봉동터널 출구(의정부방향) 사고처리로 2차로 통제중,127.050575,37.946735
2024-07-26 18:00,고속도로,기점,(갓길)승용차단독사고처리중,128.5011,35.3033
2024-07-26 18:00,고속도로,종점,"(1,2차로)승용차화재사고처리중",126.8356,36.9493
2024-07-26 18:00,고속도로,종점,(1차로)승용차관련사고처리중,126.9225,37.0487
2024-07-26 18:00,고속도로,기점,(1차로)승용차관련사고처리중,128.4595,35.9432
2024-07-26 18:00,고속도로,종점,(갓길)화물차관련사고처리중,127.7564,35.5666
2024-07-26 19:00,국도,의정부방향,국도3호선 동두천 봉동터널 출구(의정부방향) 사고처리로 2차로 통제중,127.051819,37.948896
2024-07-26 19:00,국도,의정부방향,국도3호선 동두천 봉동터널 출구(의정부방향) 사고처리로 2차로 통제중,127.050575,37.946735
2024-07-26 19:00,고속도로,기점,(1차로)승용차관련사고처리중,128.4527,35.9649
2024-07-26 19:00,고속도로,종점,(1차로)승용차화재사고처리중,126.8356,36.9493
2024-07-26 19:00,고속도로,종점,(광장부)승용차관련사고처리중,126.9608,37.3238
2024-07-26 19:00,고속도로,종점,(갓길)승용차관련사고처리중,126.8205,37.5232
2024-07-26 19:00,고속도로,종점,(2차로)승용차관련사고처리중,126.8205,37.5232
2024-07-26 20:00,고속도로,종점,(갓길)승용차관련사고처리중,126.8205,37.5232
2024-07-26 20:00,고속도로,종점,"(2,3차로)승용차사고처리중",128.01,37.4335
2024-07-26 20:00,국도,의정부방향,국도3호선 동두천 봉동터널 출구(의정부방향) 사고처리로 2차로 통제중,127.050575,37.946735
2024-07-26 20:00,국도,의정부방향,국도3호선 동두천 봉동터널 출구(의정부방향) 사고처리로 2차로 통제중,127.051819,37.948896
2024-07-26 21:00,국도,의정부방향,국도3호선 동두천 봉동터널 출구(의정부방향) 사고처리로 2차로 통제중,127.051819,37.948896
2024-07-26 21:00,국도,의정부방향,국도3호선 동두천 봉동터널 출구(의정부방향) 사고처리로 2차로 통제중,127.050575,37.946735
2024-07-26 21:00,고속도로,종점,(갓길)사고처리중,126.7469,37.4998
2024-07-26 21:00,고속도로,종점,(2차로)승용차사고처리중,128.2449,37.868
2024-07-26 22:00,고속도로,종점,(4차로)사고처리중,127.1368,37.0463
2024-07-26 22:00,고속도로,종점,(3차로)승용차관련사고처리중,126.8853,37.1154
2024-07-26 22:00,국도,의정부방향,국도3호선 동두천 봉동터널 출구(의정부방향) 사고처리로 2차로 통제중,127.050575,37.946735
2024-07-26 22:00,국도,의정부방향,국도3호선 동두천 봉동터널 출구(의정부방향) 사고처리로 2차로 통제중,127.051819,37.948896
2024-07-26 23:00,국도,의정부방향,국도3호선 동두천 봉동터널 출구(의정부방향) 사고처리로 2차로 통제중,127.051819,37.948896
2024-07-26 23:00,국도,의정부방향,국도3호선 동두천 봉동터널 출구(의정부방향) 사고처리로 2차로 통제중,127.050575,37.946735
2024-07-26 23:00,고속도로,기점,빗길점멸등작동,127.1026,36.0819
2024-07-26 23:00,고속도로,종점,(4차로)사고처리중,127.1368,37.0463
2024-07-27 00:00,고속도로,기점,빗길점멸등작동,127.1026,36.0819
2024-07-27 00:00,국도,의정부방향,국도3호선 동두천 봉동터널 출구(의정부방향) 사고처리로 2차로 통제중,127.051819,37.948896
2024-07-27 00:00,국도,의정부방향,국도3호선 동두천 봉동터널 출구(의정부방향) 사고처리로 2차로 통제중,127.050575,37.946735
2024-07-27 01:00,고속도로,기점,빗길점멸등작동,127.1026,36.0819
2024-07-27 01:00,고속도로,종점,(갓길)졸음쉼터내사고처리중,127.2961,37.6313
2024-07-27 01:00,국도,의정부방향,국도3호선 동두천 봉동터널 출구(의정부방향) 사고처리로 2차로 통제중,127.050575,37.946735
2024-07-27 01:00,국도,의정부방향,국도3호선 동두천 봉동터널 출구(의정부방향) 사고처리로 2차로 통제중,127.051819,37.948896
2024-07-27 02:00,고속도로,기점,빗길점멸등작동,127.1026,36.0819
2024-07-27 02:00,국도,의정부방향,국도3호선 동두천 봉동터널 출구(의정부방향) 사고처리로 2차로 통제중,127.050575,37.946735
2024-07-27 02:00,국도,의정부방향,국도3호선 동두천 봉동터널 출구(의정부방향) 사고처리로 2차로 통제중,127.051819,37.948896
2024-07-27 03:00,고속도로,기점,(3차로)승용차관련사고처리중,127.2419,36.9776
2024-07-27 03:00,국도,의정부방향,국도3호선 동두천 봉동터널 출구(의정부방향) 사고처리로 2차로 통제중,127.050575,37.946735
2024-07-27 03:00,국도,의정부방향,국도3호선 동두천 봉동터널 출구(의정부방향) 사고처리로 2차로 통제중,127.051819,37.948896
2024-07-27 04:00,국도,의정부방향,국도3호선 동두천 봉동터널 출구(의정부방향) 사고처리로 2차로 통제중,127.051819,37.948896
2024-07-27 04:00,국도,의정부방향,국도3호선 동두천 봉동터널 출구(의정부방향) 사고처리로 2차로 통제중,127.050575,37.946735
2024-07-27 04:00,고속도로,기점,(1차로회차로녹지대)승용차관련사고처리중,127.7714,37.7596
2024-07-27 05:00,고속도로,기점,(1차로)승용차관련사고처리중,126.7776,37.4584
2024-07-27 05:00,고속도로,기점,"(1,2,4차로)화물차관련사고처리중",126.8046,37.6359
2024-07-27 05:00,고속도로,기점,(1차로회차로녹지대)승용차관련사고처리중,127.7714,37.7596
2024-07-27 05:00,국도,의정부방향,국도3호선 동두천 봉동터널 출구(의정부방향) 사고처리로 2차로 통제중,127.050575,37.946735
2024-07-27 05:00,국도,의정부방향,국도3호선 동두천 봉동터널 출구(의정부방향) 사고처리로 2차로 통제중,127.051819,37.948896
2024-07-27 06:00,고속도로,기점,"(1,2차로)승용차관련사고처리중",126.8046,37.6359
2024-07-27 06:00,국도,의정부방향,국도3호선 동두천 봉동터널 출구(의정부방향) 사고처리로 2차로 통제중,127.050575,37.946735
2024-07-27 06:00,국도,의정부방향,국도3호선 동두천 봉동터널 출구(의정부방향) 사고처리로 2차로 통제중,127.051819,37.948896
2024-07-27 07:00,국도,의정부방향,국도3호선 동두천 봉동터널 출구(의정부방향) 사고처리로 2차로 통제중,127.050575,37.946735
2024-07-27 07:00,국도,의정부방향,국도3호선 동두천 봉동터널 출구(의정부방향) 사고처리로 2차로 통제중,127.051819,37.948896
2024-07-27 08:00,고속도로,기점,(갓길)화물차관련사고처리중,127.1057,37.2286
2024-07-27 08:00,국도,의정부방향,국도3호선 동두천 봉동터널 출구(의정부방향) 사고처리로 2차로 통제중,127.050575,37.946735
2024-07-27 08:00,국도,의정부방향,국도3호선 동두천 봉동터널 출구(의정부방향) 사고처리로 2차로 통제중,127.051819,37.948896
2024-07-27 09:00,국도,의정부방향,국도3호선 동두천 봉동터널 출구(의정부방향) 사고처리로 2차로 통제중,127.051819,37.948896
2024-07-27 09:00,국도,의정부방향,국도3호선 동두천 봉동터널 출구(의정부방향) 사고처리로 2차로 통제중,127.050575,37.946735
2024-07-27 10:00,고속도로,종점,(1차로)승용차관련사고처리중,127.9588,37.4032
2024-07-27 10:00,고속도로,기점,(1차로)승용차관련사고처리중,126.7609,37.5869
2024-07-27 10:00,고속도로,기점,(진출로1차로)승용차단독사고처리중,127.4792,35.0033
2024-07-27 10:00,국도,의정부방향,국도3호선 동두천 봉동터널 출구(의정부방향) 사고처리로 2차로 통제중,127.050575,37.946735
2024-07-27 10:00,국도,의정부방향,국도3호선 동두천 봉동터널 출구(의정부방향) 사고처리로 2차로 통제중,127.051819,37.948896
2024-07-27 11:00,고속도로,종점,(2차로)승용차관련사고처리중,127.7471,37.7586
2024-07-27 11:00,고속도로,기점,(1차로)승용차관련사고처리중,128.9931,35.2847
2024-07-27 11:00,고속도로,종점,(1차로)사고처리중,127.7792,37.7583
2024-07-27 11:00,국도,의정부방향,국도3호선 동두천 봉동터널 출구(의정부방향) 사고처리로 2차로 통제중,127.050575,37.946735
2024-07-27 11:00,국도,의정부방향,국도3호선 동두천 봉동터널 출구(의정부방향) 사고처리로 2차로 통제중,127.051819,37.948896
2024-07-27 12:00,고속도로,종점,(1차로)사고처리중,127.2954,37.4315
2024-07-27 12:00,고속도로,종점,(갓길)승용차단독사고처리중,126.7351,35.1206
2024-07-27 12:00,고속도로,종점,(1차로)승용차관련사고처리중,128.0944,36.7246
2024-07-27 12:00,고속도로,종점,(1차로)승용차관련사고처리중,127.1763,37.5164
2024-07-27 12:00,국도,의정부방향,국도3호선 동두천 봉동터널 출구(의정부방향) 사고처리로 2차로 통제중,127.050575,37.946735
2024-07-27 12:00,국도,의정부방향,국도3호선 동두천 봉동터널 출구(의정부방향) 사고처리로 2차로 통제중,127.051819,37.948896
2024-07-27 13:00,국도,의정부방향,국도3호선 동두천 봉동터널 출구(의정부방향) 사고처리로 2차로 통제중,127.051819,37.948896
2024-07-27 13:00,국도,의정부방향,국도3호선 동두천 봉동터널 출구(의정부방향) 사고처리로 2차로 통제중,127.050575,37.946735
2024-07-27 13:00,고속도로,기점,(1차로)추돌사고처리중,127.4399,35.0108
2024-07-27 14:00,고속도로,종점,(2차로)사고처리중,127.5583,36.0491
2024-07-27 14:00,고속도로,종점,"(3,4차로)승용차관련사고처리중",126.8961,37.4291
2024-07-27 14:00,고속도로,종점,(1차로)승용차관련사고처리중,126.8736,37.0232
2024-07-27 14:00,고속도로,종점,(1차로)승용차사고처리중,126.7924,36.9428
2024-07-27 14:00,국도,의정부방향,국도3호선 동두천 봉동터널 출구(의정부방향) 사고처리로 2차로 통제중,127.050575,37.946735
2024-07-27 14:00,국도,의정부방향,국도3호선 동두천 봉동터널 출구(의정부방향) 사고처리로 2차로 통제중,127.051819,37.948896
2024-07-27 15:00,국도,의정부방향,국도3호선 동두천 봉동터널 출구(의정부방향) 사고처리로 2차로 통제중,127.051819,37.948896
2024-07-27 15:00,국도,의정부방향,국도3호선 동두천 봉동터널 출구(의정부방향) 사고처리로 2차로 통제중,127.050575,37.946735
2024-07-27 15:00,고속도로,종점,(갓길)승용차사고처리중,127.8184,37.0389
2024-07-27 15:00,고속도로,기점,(2차로)승용차단독사고처리중,127.4064,35.2667
2024-07-27 15:00,고속도로,기점,(1차로)승용차관련사고처리중,127.642,37.7399
2024-07-27 16:00,국도,의정부방향,국도3호선 동두천 봉동터널 출구(의정부방향) 사고처리로 2차로 통제중,127.051819,37.948896
2024-07-27 16:00,국도,의정부방향,국도3호선 동두천 봉동터널 출구(의정부방향) 사고처리로 2차로 통제중,127.050575,37.946735
2024-07-27 16:00,고속도로,기점,(갓길)사고처리중,126.7779,37.5987
2024-07-27 16:00,고속도로,종점,(1차로)승용차관련사고처리중,127.9674,36.4427
2024-07-27 16:00,고속도로,종점,(1차로)추돌사고처리중,126.906,37.3224
2024-07-27 16:00,고속도로,기점,(1차로)사고처리중,126.7881,37.5231
2024-07-27 16:00,고속도로,기점,(갓길)사고처리중,126.7429,37.524
2024-07-27 16:00,고속도로,기점,(1차로)승용차관련사고처리중,127.4089,36.959
2024-07-27 16:00,고속도로,종점,"(2차로,갓길)승용차화재사고처리중",126.7752,36.0925
2024-07-27 17:00,국도,의정부방향,국도3호선 동두천 봉동터널 출구(의정부방향) 사고처리로 2차로 통제중,127.051819,37.948896
2024-07-27 17:00,국도,의정부방향,국도3호선 동두천 봉동터널 출구(의정부방향) 사고처리로 2차로 통제중,127.050575,37.946735
2024-07-27 17:00,고속도로,종점,(1차로)사고처리중,126.8046,37.6359
2024-07-27 17:00,고속도로,종점,(1차로)승합차사고처리중,127.1887,36.8798
2024-07-27 17:00,고속도로,기점,"(1,2차로)승용차관련사고처리중",127.4193,36.6133
2024-07-27 18:00,국도,의정부방향,국도3호선 동두천 봉동터널 출구(의정부방향) 사고처리로 2차로 통제중,127.051819,37.948896
2024-07-27 18:00,국도,의정부방향,국도3호선 동두천 봉동터널 출구(의정부방향) 사고처리로 2차로 통제중,127.050575,37.946735
2024-07-27 18:00,고속도로,기점,(갓길)승용차단독사고처리중,126.9659,35.7052
2024-07-27 18:00,고속도로,종점,(갓길)승용차관련사고처리중,127.1268,37.0334
2024-07-27 19:00,국도,의정부방향,국도3호선 동두천 봉동터널 출구(의정부방향) 사고처리로 2차로 통제중,127.050575,37.946735
2024-07-27 19:00,국도,의정부방향,국도3호선 동두천 봉동터널 출구(의정부방향) 사고처리로 2차로 통제중,127.051819,37.948896
2024-07-27 20:00,국도,의정부방향,국도3호선 동두천 봉동터널 출구(의정부방향) 사고처리로 2차로 통제중,127.050575,37.946735
2024-07-27 20:00,국도,의정부방향,국도3호선 동두천 봉동터널 출구(의정부방향) 사고처리로 2차로 통제중,127.051819,37.948896
2024-07-27 21:00,고속도로,기점,(2차로)승용차단독사고처리중,127.3211,35.3825
2024-07-27 21:00,국도,의정부방향,국도3호선 동두천 봉동터널 출구(의정부방향) 사고처리로 2차로 통제중,127.050575,37.946735
2024-07-27 21:00,국도,의정부방향,국도3호선 동두천 봉동터널 출구(의정부방향) 사고처리로 2차로 통제중,127.051819,37.948896
2024-07-27 22:00,국도,의정부방향,국도3호선 동두천 봉동터널 출구(의정부방향) 사고처리로 2차로 통제중,127.050575,37.946735
2024-07-27 22:00,국도,의정부방향,국도3호선 동두천 봉동터널 출구(의정부방향) 사고처리로 2차로 통제중,127.051819,37.948896
2024-07-27 23:00,국도,의정부방향,국도3호선 동두천 봉동터널 출구(의정부방향) 사고처리로 2차로 통제중,127.050575,37.946735
2024-07-27 23:00,국도,의정부방향,국도3호선 동두천 봉동터널 출구(의정부방향) 사고처리로 2차로 통제중,127.051819,37.948896
2024-07-28 00:00,국도,의정부방향,국도3호선 동두천 봉동터널 출구(의정부방향) 사고처리로 2차로 통제중,127.051819,37.948896
2024-07-28 00:00,국도,의정부방향,국도3호선 동두천 봉동터널 출구(의정부방향) 사고처리로 2차로 통제중,127.050575,37.946735
2024-07-28 05:00,고속도로,종점,"(1차로,갓길)사고처리중",127.0984,37.037
2024-07-28 05:00,고속도로,종점,"(2,3차로)승용차사고처리중",127.3106,37.6319
2024-07-28 05:00,고속도로,기점,"(3,4차로)소형화물차관련사고처리중",128.6558,35.9145
2024-07-28 06:00,고속도로,종점,"(3차로,갓길)화물차관련사고처리중",127.0984,37.037
2024-07-28 07:00,고속도로,기점,(2차로)승용차관련사고처리중,127.8873,35.6183
2024-07-28 11:00,고속도로,종점,(갓길)승용차단독사고처리중,126.9395,37.3287
2024-07-28 11:00,고속도로,기점,(1차로)승용차관련사고처리중,127.3571,37.6341
2024-07-28 11:00,고속도로,종점,(1차로)승용차관련사고처리중,127.4529,37.0886
2024-07-28 13:00,고속도로,종점,(1차로)화물차사고처리중,128.6665,38.0357
2024-07-28 15:00,고속도로,종점,(진출로갓길)승합차관련사고처리중,128.6948,37.6788
2024-07-28 16:00,고속도로,종점,(진출로갓길)승합차관련사고처리중,128.6948,37.6788
2024-07-28 16:00,고속도로,기점,(갓길)사고처리중,127.2696,36.2109
2024-07-28 16:00,고속도로,종점,(1차로)승용차관련사고처리중,128.4085,35.2859
2024-07-28 16:00,고속도로,종점,(1차로)승용차관련사고처리중,128.0517,36.7474
2024-07-28 17:00,고속도로,종점,(1차로)승용차관련사고처리중,127.1796,37.517
2024-07-28 18:00,고속도로,기점,(갓길)승용차관련사고처리중,128.6068,35.2862
2024-07-28 18:00,고속도로,기점,(갓길)승용차단독사고처리중,127.7217,37.0234
2024-07-28 20:00,고속도로,종점,(2차로)승용차관련화재사고처리중,128.9743,37.6847
2024-07-28 20:00,고속도로,종점,(1차로)화물차관련사고처리중,127.1949,37.5321
2024-07-28 21:00,고속도로,종점,(진입로2차로)사고처리중,127.1037,37.2912
2024-07-28 22:00,고속도로,종점,(진출로갓길)화물차단독사고처리중,128.5105,35.2834
2024-07-28 23:00,고속도로,종점,(갓길)승용차사고처리중,128.3657,37.9494
2024-07-28 23:00,고속도로,기점,(1차로)화물차단독사고처리중,126.5428,35.2716
2024-07-29 00:00,고속도로,기점,(1차로)화물차단독사고처리중,126.5428,35.2716
2024-07-29 01:00,고속도로,기점,(1차로)화물차단독사고처리중,126.5428,35.2716
2024-07-29 02:00,고속도로,기점,(1차로)화물차단독사고처리중,126.5428,35.2716
2024-07-29 03:00,고속도로,기점,"(1,2차로)승용차관련사고처리중",128.5354,36.4171
2024-07-29 03:00,고속도로,기점,(진입로갓길)검단졸음쉼터내승용차관련사고처리중,128.623,35.917
2024-07-29 03:00,고속도로,종점,"(4차로,갓길)사고처리중",126.7979,37.6167
2024-07-29 04:00,고속도로,종점,"(2,3차로,갓길)사고처리중",126.7979,37.6167
2024-07-29 10:00,고속도로,기점,(1차로)화물차관련사고처리중,128.559,35.2346
2024-07-29 11:00,고속도로,종점,(1차로)승용차관련사고처리중,127.9295,37.383
2024-07-29 11:00,고속도로,종점,(5차로)사고처리중,126.7703,37.5947
2024-07-29 11:00,고속도로,종점,(갓길)승용차관련사고처리중,127.8614,35.4176
2024-07-29 11:00,고속도로,기점,"(2,3차로)사고처리중",126.8044,37.6332
2024-07-29 11:00,고속도로,종점,"(1,2차로)승용차사고처리중",126.71,37.4337
2024-07-29 11:00,고속도로,종점,(1차로)중형화물차사고처리중,127.4185,36.6356
2024-07-29 12:00,고속도로,기점,(갓길)승용차관련사고처리중,128.5579,35.2346
2024-07-29 12:00,고속도로,종점,(3차로)화물차사고처리중,127.1801,37.2731
2024-07-29 12:00,고속도로,기점,(1차로)화물차관련사고처리중,127.1876,35.8572
2024-07-29 13:00,고속도로,기점,(1차로)화물차관련사고처리중,127.1876,35.8572
2024-07-29 13:00,고속도로,종점,(1차로)대형화물차관련사고처리중,127.4285,36.6985
2024-07-29 13:00,고속도로,기점,(1차로)승용차관련사고처리중,127.59,37.7255
2024-07-29 13:00,고속도로,종점,(갓길)사고처리중,126.7389,37.4155
2024-07-29 13:00,고속도로,종점,(1차로)사고처리중,127.0374,35.8324
2024-07-29 14:00,고속도로,기점,(1차로)승용차사고처리중,127.3411,36.391
2024-07-29 14:00,고속도로,기점,(1차로)사고처리중,128.3911,37.5713
2024-07-29 14:00,고속도로,기점,(1차로)화물차관련사고처리중,127.1876,35.8572
2024-07-29 15:00,고속도로,창원방향,"사고처리중(119, 순찰반, 고순대 출동 중)",128.088419,36.731
2024-07-29 15:00,고속도로,창원방향,사고처리중(1차로 통행재개 14:42),128.088527,36.730982
2024-07-29 16:00,고속도로,기점,(진출로1차로)승용차관련사고처리중,126.8188,37.4349
2024-07-29 16:00,고속도로,종점,(1차로)승용차관련사고처리중,127.493,36.8298
2024-07-29 16:00,고속도로,창원방향,"사고처리중(119, 순찰반, 고순대 출동 중)",128.088419,36.731
2024-07-29 16:00,고속도로,창원방향,사고처리중(1차로 통행재개 14:42),128.088527,36.730982
2024-07-29 17:00,고속도로,창원방향,사고처리중(1차로 통행재개 14:42),128.088527,36.730982
2024-07-29 17:00,고속도로,창원방향,"사고처리중(119, 순찰반, 고순대 출동 중)",128.088419,36.731
2024-07-29 18:00,고속도로,창원방향,"사고처리중(119, 순찰반, 고순대 출동 중)",128.088419,36.731
2024-07-29 18:00,고속도로,창원방향,사고처리중(1차로 통행재개 14:42),128.088527,36.730982
2024-07-29 19:00,고속도로,창원방향,사고처리중(1차로 통행재개 14:42),128.088527,36.730982
2024-07-29 19:00,고속도로,창원방향,"사고처리중(119, 순찰반, 고순대 출동 중)",128.088419,36.731
2024-07-29 19:00,고속도로,기점,(2차로)승용차관련추돌사고처리중,126.9767,34.744
2024-07-29 20:00,고속도로,종점,(1차로)버스관련사고처리중,127.0882,37.1592
2024-07-29 20:00,고속도로,창원방향,"사고처리중(119, 순찰반, 고순대 출동 중)",128.088419,36.731
2024-07-29 20:00,고속도로,창원방향,사고처리중(1차로 통행재개 14:42),128.088527,36.730982
2024-07-29 21:00,고속도로,종점,(1차로)화물차관련사고처리중,128.9046,35.3044
2024-07-29 21:00,고속도로,창원방향,"사고처리중(119, 순찰반, 고순대 출동 중)",128.088419,36.731
2024-07-29 21:00,고속도로,창원방향,사고처리중(1차로 통행재개 14:42),128.088527,36.730982
2024-07-29 22:00,고속도로,창원방향,사고처리중(1차로 통행재개 14:42),128.088527,36.730982
2024-07-29 22:00,고속도로,창원방향,"사고처리중(119, 순찰반, 고순대 출동 중)",128.088419,36.731
2024-07-29 22:00,고속도로,종점,"(4,5차로)화물차관련사고처리중",126.7489,37.4821
2024-07-29 23:00,고속도로,창원방향,"사고처리중(119, 순찰반, 고순대 출동 중)",128.088419,36.731
2024-07-29 23:00,고속도로,창원방향,사고처리중(1차로 통행재개 14:42),128.088527,36.730982
2024-07-29 23:00,고속도로,기점,"(2,3차로)화물차관련사고처리중",127.1257,37.0332
2024-07-30 00:00,고속도로,기점,"(4,5차로)화물차관련사고처리중",127.1257,37.0332
2024-07-30 00:00,고속도로,기점,"(2차로,갓길)승용차관련사고처리중",128.9235,37.6879
2024-07-30 00:00,고속도로,창원방향,"사고처리중(119, 순찰반, 고순대 출동 중)",128.088419,36.731
2024-07-30 00:00,고속도로,창원방향,사고처리중(1차로 통행재개 14:42),128.088527,36.730982
2024-07-30 01:00,고속도로,창원방향,사고처리중(1차로 통행재개 14:42),128.088527,36.730982
2024-07-30 01:00,고속도로,창원방향,"사고처리중(119, 순찰반, 고순대 출동 중)",128.088419,36.731
2024-07-30 02:00,고속도로,창원방향,"사고처리중(119, 순찰반, 고순대 출동 중)",128.088419,36.731
2024-07-30 02:00,고속도로,창원방향,사고처리중(1차로 통행재개 14:42),128.088527,36.730982
2024-07-30 03:00,고속도로,창원방향,"사고처리중(119, 순찰반, 고순대 출동 중)",128.088419,36.731
2024-07-30 03:00,고속도로,창원방향,사고처리중(1차로 통행재개 14:42),128.088527,36.730982
2024-07-30 04:00,고속도로,창원방향,"사고처리중(119, 순찰반, 고순대 출동 중)",128.088419,36.731
2024-07-30 04:00,고속도로,창원방향,사고처리중(1차로 통행재개 14:42),128.088527,36.730982
2024-07-30 05:00,고속도로,창원방향,사고처리중(1차로 통행재개 14:42),128.088527,36.730982
2024-07-30 05:00,고속도로,창원방향,"사고처리중(119, 순찰반, 고순대 출동 중)",128.088419,36.731
2024-07-30 05:00,고속도로,기점,(진출로갓길)중형화물차단독사고처리중,126.7494,35.1861
2024-07-30 06:00,고속도로,기점,(진출로갓길)중형화물차단독사고처리중,126.7494,35.1861
2024-07-30 06:00,고속도로,창원방향,"사고처리중(119, 순찰반, 고순대 출동 중)",128.088419,36.731
2024-07-30 06:00,고속도로,창원방향,사고처리중(1차로 통행재개 14:42),128.088527,36.730982
2024-07-30 07:00,고속도로,기점,(진출로갓길)중형화물차단독사고처리중,126.7494,35.1861
2024-07-30 07:00,고속도로,창원방향,"사고처리중(119, 순찰반, 고순대 출동 중)",128.088419,36.731
2024-07-30 07:00,고속도로,창원방향,사고처리중(1차로 통행재개 14:42),128.088527,36.730982
2024-07-30 08:00,고속도로,기점,(1차로)승용차관련사고처리중,128.585,35.2886
2024-07-30 08:00,고속도로,종점,(1차로)승용차관련사고처리중,128.5287,36.0297
2024-07-30 08:00,고속도로,창원방향,"사고처리중(119, 순찰반, 고순대 출동 중)",128.088419,36.731
2024-07-30 08:00,고속도로,창원방향,사고처리중(1차로 통행재개 14:42),128.088527,36.730982
2024-07-30 09:00,고속도로,창원방향,사고처리중(1차로 통행재개 14:42),128.088527,36.730982
2024-07-30 09:00,고속도로,창원방향,"사고처리중(119, 순찰반, 고순대 출동 중)",128.088419,36.731
2024-07-30 10:00,고속도로,종점,(갓길)승용차관련사고처리중,126.8966,37.4308
2024-07-30 11:00,고속도로,종점,(4차로)승용차관련사고처리중,127.1226,37.4393
2024-07-30 11:00,고속도로,종점,(1차로)사고처리중,126.5685,36.75
2024-07-30 11:00,고속도로,기점,(갓길)사고처리중,126.7022,37.5236
2024-07-30 12:00,고속도로,종점,(갓길)소형화물차화재처리중,127.4768,36.9165
2024-07-30 13:00,고속도로,종점,"(3,4차로)승용차관련사고처리중",128.2756,36.155
2024-07-30 13:00,고속도로,기점,"(1,2,3차로)승용차관련사고처리중",127.1037,37.2912
2024-07-30 14:00,고속도로,기점,"(2차로,갓길)승용차관련사고처리중",128.6068,35.2862
2024-07-30 14:00,고속도로,종점,(1차로)승용차전복사고처리중,127.9838,36.771
2024-07-30 14:00,고속도로,종점,(1차로)승용차관련사고처리중,128.5287,36.0297
2024-07-30 15:00,고속도로,종점,(1차로)승용차관련사고처리중,126.7592,36.9191
2024-07-30 15:00,고속도로,종점,(갓길)승용차단독사고처리중,127.4093,35.0122
2024-07-30 15:00,고속도로,종점,(2차로)승용차관련사고처리중,127.1408,37.0286
2024-07-30 15:00,고속도로,기점,(1차로)승용차관련사고처리중,127.1551,37.5994
2024-07-30 15:00,고속도로,종점,(3차로)승용차관련사고처리중,127.1643,37.5743
2024-07-30 16:00,고속도로,종점,(1차로)승용차관련사고처리중,127.9773,35.0586
2024-07-30 17:00,고속도로,종점,(4차로)추돌사고처리중,126.751,37.5212
2024-07-30 17:00,고속도로,기점,"(1,2차로)승용차관련사고처리중",127.1035,37.3155
2024-07-30 18:00,고속도로,기점,(1차로)사고처리중,127.2087,36.9951
2024-07-30 18:00,고속도로,종점,(3차로)승용차관련사고처리중,126.8797,37.4282
2024-07-30 18:00,고속도로,종점,(갓길)승용차관련사고처리중,128.9378,35.221
2024-07-30 18:00,고속도로,기점,(1차로)추돌사고처리중,127.1355,37.4827
2024-07-30 18:00,고속도로,기점,(1차로)승용차관련사고처리중,128.2222,36.3095
2024-07-30 18:00,고속도로,종점,(3차로)승용차관련사고처리중,127.1891,36.9275
2024-07-30 18:00,고속도로,기점,(1차로)승용차관련사고처리중,127.4039,36.9626
2024-07-30 18:00,고속도로,종점,"(1,4,5차로)사고처리중",126.8775,37.0317
2024-07-30 19:00,고속도로,종점,(5차로)사고처리완료,126.8775,37.0317
2024-07-30 19:00,고속도로,기점,"(1,2,3차로)화물차관련사고처리중",127.1819,37.5794
2024-07-30 21:00,고속도로,기점,(1차로)대형화물차관련사고처리중,128.048,37.0637
2024-07-31 02:00,고속도로,기점,(갓길)중형화물차화재사고처리중,127.432,36.5446
2024-07-31 03:00,고속도로,기점,"(3,4차로,갓길)중형화물차화재사고처리중",127.432,36.5446
2024-07-31 04:00,고속도로,기점,(갓길)화물차관련사고처리중,129.0808,35.4563
2024-07-31 05:00,고속도로,기점,(갓길)화물차관련사고처리중,128.2444,36.1607
2024-07-31 08:00,고속도로,기점,(1차로)사고처리중,127.3496,36.3966
2024-07-31 08:00,고속도로,종점,(갓길)버스관련사고처리중,127.1003,37.3992
2024-07-31 08:00,고속도로,기점,(1차로)추돌사고처리중,126.7779,37.5987
2024-07-31 09:00,고속도로,종점,(갓길)승용차사고처리중,127.1012,37.3947
2024-07-31 10:00,고속도로,종점,"(1,2차로)화물차관련사고처리중",128.4703,35.2714
2024-07-31 11:00,고속도로,기점,(진입로갓길)승용차단독사고처리중,128.2919,36.9961
2024-07-31 11:00,고속도로,종점,(2차로)화물차관련사고처리중,128.4703,35.2714
2024-07-31 12:00,고속도로,종점,(2차로)화물차관련사고처리중,128.4703,35.2714
2024-07-31 12:00,고속도로,종점,(3차로)사고처리중,127.1344,37.035
2024-07-31 13:00,고속도로,종점,(2차로)화물차관련사고처리중,128.4703,35.2714
2024-07-31 13:00,고속도로,종점,(갓길)승용차관련사고처리중,128.2592,36.1933
2024-07-31 14:00,고속도로,종점,"(1,2차로)버스관련사고처리중",127.9284,37.3804
2024-07-31 14:00,고속도로,종점,"(2차로,갓길)소형화물차단독사고처리중",127.4687,36.9591
2024-07-31 14:00,고속도로,기점,(1차로)승용차사고처리중,127.6061,37.7296
2024-07-31 15:00,고속도로,기점,(1차로)승용차관련사고처리중,127.5931,37.7266
2024-07-31 15:00,고속도로,종점,(1차로)승용차관련사고처리중,126.798,36.943
2024-07-31 15:00,고속도로,기점,(1차로)승용차관련사고처리중,127.4133,36.9562
2024-07-31 15:00,고속도로,종점,(1차로)승용차관련사고처리중,128.5446,35.2387
2024-07-31 15:00,고속도로,기점,(갓길)승용차관련사고처리중,127.3571,37.6341
2024-07-31 16:00,고속도로,종점,"(2,3차로)사고처리중",127.1408,37.0286
2024-07-31 17:00,고속도로,기점,(갓길)사고처리중,126.7599,37.5241
2024-07-31 17:00,고속도로,종점,(1차로)승용차관련사고처리중,126.7307,36.9057
2024-07-31 17:00,고속도로,기점,(1차로)승용차관련사고처리중,128.5287,36.0297
2024-07-31 18:00,고속도로,종점,(1차로)승용차관련사고처리중,127.4246,36.6755
2024-07-31 18:00,고속도로,종점,(1차로)승용차관련추돌사고처리중,126.4805,35.083
2024-07-31 19:00,고속도로,기점,(1차로)승용차관련사고처리중,127.4922,36.8439
2024-07-31 19:00,고속도로,종점,(3차로)승용차관련사고처리중,126.7919,37.6101
2024-07-31 22:00,고속도로,기점,(1차로)승용차관련사고처리중,128.9041,36.0292
2024-07-31 23:00,고속도로,기점,(3차로)승용차관련사고처리중,128.9041,36.0292
2024-07-31 23:00,고속도로,종점,"(1,3차로)승용차관련사고처리중",128.6671,37.6859
2024-08-01 00:00,고속도로,종점,(3차로)승용차관련사고처리중,128.6671,37.6859
2024-08-01 01:00,고속도로,기점,(갓길)중형화물차사고처리중,126.5524,36.6294
2024-08-01 02:00,고속도로,기점,"(3차로,갓길)승용차단독사고처리중",128.1998,36.1578
2024-08-01 02:00,고속도로,기점,(갓길)중형화물차사고처리중,126.5524,36.6294
2024-08-01 05:00,고속도로,종점,"(1,2차로)화물차승용차관련사고처리중",126.8034,36.0036
2024-08-01 06:00,고속도로,종점,(1차로)사고처리중,127.2592,37.4513
2024-08-01 06:00,고속도로,기점,(갓길)진입램프승용차단독사고처리중,126.8656,35.1929
2024-08-01 06:00,고속도로,기점,(갓길)승용차단독사고처리중,126.7032,36.8904
2024-08-01 08:00,고속도로,기점,(1차로)추돌사고처리중,126.7609,37.5869
2024-08-01 09:00,고속도로,종점,"(2,3차로)1톤화물차단독사고처리중",128.8006,35.2006
2024-08-01 10:00,고속도로,종점,(1차로)승용차관련사고처리중,128.2253,36.299
2024-08-01 11:00,고속도로,종점,"(4,5차로)승용차관련사고처리중",127.1392,37.2886
2024-08-01 11:00,고속도로,종점,(1차로)승용차관련사고처리중,128.5348,36.1027
2024-08-01 11:00,고속도로,기점,"(5,6차로)추돌사고처리중",126.7703,37.5947
2024-08-01 11:00,고속도로,종점,(1차로)승용차관련사고처리중,128.5148,37.6431
2024-08-01 11:00,고속도로,기점,(갓길)승용차관련사고처리중,127.2393,35.723
2024-08-01 11:00,고속도로,기점,(1차로)승용차관련사고처리중,128.4315,37.9777
2024-08-01 14:00,고속도로,종점,(1차로)승용차관련사고처리중,127.4491,36.7242
2024-08-01 14:00,고속도로,종점,(1차로)승용차관련사고처리중,128.8342,35.2942
2024-08-01 14:00,고속도로,기점,(1차로)승용차관련사고처리중,127.6005,37.7289
2024-08-01 14:00,고속도로,기점,(3차로)소형화물차사고처리중,127.2173,36.7603
2024-08-01 14:00,고속도로,종점,(1차로)승용차관련사고처리중,128.3857,37.5667
2024-08-01 14:00,고속도로,종점,(2차로)추돌사고처리중,127.1385,37.0374
2024-08-01 14:00,고속도로,종점,(1차로)승용차관련사고처리중,128.5752,36.3739
2024-08-01 15:00,고속도로,종점,(1차로)승용차관련사고처리중,128.2866,37.5289
2024-08-01 15:00,고속도로,종점,"(4차로,갓길)승용차단독사고처리중",127.2021,37.5316
2024-08-01 16:00,고속도로,종점,(1차로)승용차추돌사고처리중,126.6444,36.8611
2024-08-01 16:00,고속도로,종점,"고양분기점부근(62.6K)(3,4차로)화물차사고처리중  통일로 고양분기점3km정체",126.8941,37.6734
2024-08-01 16:00,고속도로,기점,(갓길)승용차사고처리중,127.1037,37.2912
2024-08-01 17:00,고속도로,종점,고양분기점부근(62.6K)(4차로)화물차사고처리중  노고산2터널 고양분기점7km정체,126.8941,37.6734
2024-08-01 18:00,고속도로,종점,(중분대갓길)승용차단독사고처리중,129.4186,35.7752
2024-08-01 18:00,고속도로,종점,"(3,4,5차로)화물차사고처리중",127.1327,37.0729
2024-08-01 18:00,고속도로,종점,(진출로1차로)화물차관련사고처리중,127.4438,36.7163
2024-08-01 19:00,고속도로,종점,"(3,4,5차로)화물차사고처리완료",127.1327,37.0729
2024-08-01 22:00,고속도로,기점,(1차로)승용차관련사고처리중,126.7429,37.524
2024-08-01 22:00,고속도로,종점,(갓길)화물차관련사고처리중,127.0202,37.3928
2024-08-01 23:00,고속도로,종점,(갓길)화물차관련사고처리중,127.0202,37.3928
2024-08-02 01:00,고속도로,기점,(5차로)승용차사고처리중,127.1753,36.7803
2024-08-02 01:00,고속도로,기점,"(4,5차로)대형화물차고장처리중",127.1526,36.9987
2024-08-02 02:00,고속도로,기점,(1차로)승용차사고처리중,126.7517,37.5337
2024-08-02 04:00,고속도로,종점,(2차로)화물차관련화재사고처리중,127.8529,37.3307
2024-08-02 05:00,고속도로,종점,(2차로)화물차관련화재사고처리중,127.8529,37.3307
2024-08-02 06:00,고속도로,종점,(2차로)화물차관련화재사고처리중,127.8529,37.3307
2024-08-02 10:00,고속도로,기점,(1차로)승용차관련사고처리중,128.6789,35.2753
2024-08-02 13:00,고속도로,기점,(1차로)승용차관련사고처리중,126.9608,37.3238
2024-08-02 14:00,고속도로,종점,(진입로갓길)사고처리중,126.7634,35.7195
2024-08-02 14:00,고속도로,종점,(1차로)승용차사고처리중,127.1951,37.5842
2024-08-02 14:00,고속도로,종점,(갓길)승용차관련사고처리중,127.1679,37.0242
2024-08-02 14:00,고속도로,종점,(1차로)승용차관련사고처리중,126.9538,37.0432
2024-08-02 14:00,고속도로,종점,(1차로)승용차관련사고처리중,126.9538,37.0432
2024-08-02 15:00,고속도로,기점,(1차로)승용차관련사고처리중,128.0599,35.0937
2024-08-02 15:00,고속도로,종점,(1차로)승용차관련사고처리중,128.1167,37.7874
2024-08-02 15:00,고속도로,종점,(진입로갓길)사고처리중,126.7634,35.7195
2024-08-02 15:00,고속도로,기점,(1차로)승용차관련사고처리중,128.637,35.2757
2024-08-02 15:00,고속도로,기점,(1차로)승용차관련사고처리중,128.0874,36.7327
2024-08-02 15:00,고속도로,종점,(갓길)승용차관련사고처리중,126.9538,37.0432
2024-08-02 15:00,고속도로,기점,(갓길)부안휴게소광장내화물차관련사고처리중,126.7359,35.6756
2024-08-02 16:00,고속도로,종점,(1차로)승용차관련사고처리중,127.9752,36.4424
2024-08-02 16:00,고속도로,종점,(1차로)승용차관련사고처리중,127.8979,35.0405
2024-08-02 16:00,고속도로,종점,"(2,3차로,갓길)화물차단도사고처리중",128.8056,35.1987
2024-08-02 16:00,고속도로,종점,"(4차로,갓길)소형화물차관련사고처리중",127.0893,37.4039
2024-08-02 17:00,고속도로,기점,(1차로)승용차관련사고처리중,127.2411,36.9783
2024-08-02 17:00,고속도로,종점,(1차로)승용차관련사고처리중,127.1076,35.2601
2024-08-02 18:00,고속도로,종점,(갓길)승용차관련사고처리중,127.1076,35.2601
2024-08-02 18:00,고속도로,기점,(1차로)승용차추돌사고처리중,127.1891,36.8825
2024-08-02 18:00,고속도로,기점,(1차로)승용차관련사고처리중,128.0735,37.4457
2024-08-02 19:00,고속도로,종점,(4차로)승용차관련사고처리중,128.551,35.8976
2024-08-02 19:00,고속도로,종점,(2차로)승용차추돌사고처리중,126.7903,36.9423
2024-08-02 19:00,고속도로,종점,(갓길)승용차관련사고처리중,127.1291,35.2614
2024-08-02 20:00,고속도로,종점,"(4,5차로)승용차관련사고처리중",127.1003,37.3992
2024-08-02 21:00,고속도로,종점,"(2,3차로)승용차관련사고처리중",126.8917,37.4588
2024-08-02 21:00,고속도로,종점,"(4,5차로)승용차관련사고처리중",127.1003,37.3992
2024-08-03 08:00,고속도로,종점,(진입로갓길)화물차관련사고처리중,126.8242,37.3493
2024-08-03 08:00,고속도로,종점,(갓길)소형화물차단독사고처리중,127.77,37.7781
2024-08-03 09:00,고속도로,종점,(갓길)소형화물차단독사고처리중,127.77,37.7781
2024-08-03 10:00,고속도로,기점,(6차로)승용차관련사고처리중,127.1668,37.5713
2024-08-03 10:00,고속도로,종점,(갓길)승용차관련사고처리중,127.9956,35.234
2024-08-03 10:00,고속도로,종점,(1차로)승용차관련사고처리중,127.1484,37.5104
2024-08-03 11:00,고속도로,종점,(1차로)승용차추돌사고처리중,126.5575,36.6
2024-08-03 11:00,고속도로,종점,"(1,2차로)승용차추돌사고처리중",126.5575,36.6
2024-08-03 11:00,고속도로,종점,"(2,3차로)승용차관련)사고처리중",127.0656,37.4346
2024-08-03 11:00,고속도로,종점,(1차로)승용차관련사고처리중,128.0776,35.1462
2024-08-03 12:00,고속도로,기점,(갓길)승용차사고처리중,127.1133,36.1026
2024-08-03 12:00,고속도로,기점,(1차로)승용차관련사고처리중,127.348,37.6343
2024-08-03 12:00,고속도로,기점,(4차로)승용차추돌사고처리중,127.4302,36.533
2024-08-03 12:00,고속도로,기점,(1차로)승용차관련사고처리중,127.3605,37.634
2024-08-03 13:00,고속도로,기점,(갓길)승용차단독사고처리중,127.6109,35.7238
2024-08-03 13:00,고속도로,기점,(2차로)승용차관련사고처리중,126.777,35.1589
2024-08-03 14:00,고속도로,기점,"(4차로,갓길)승용차관련사고처리중",126.709,37.5237
2024-08-03 15:00,고속도로,종점,(1차로)승용차관련사고처리중,128.5115,37.6427
2024-08-03 15:00,고속도로,종점,(5차로)사고처리중,127.0921,37.1677
2024-08-03 15:00,고속도로,종점,(1차로)승용차관련사고처리중,128.5979,36.4083
2024-08-03 16:00,고속도로,기점,(4차로)화물차관련사고처리중,128.9931,35.2847
2024-08-03 16:00,고속도로,기점,"(2,3차로)사고처리중",127.1234,37.4258
2024-08-03 16:00,고속도로,기점,"(2,3차로)승용차관련사고처리중",128.1311,35.1649
2024-08-03 17:00,고속도로,기점,(1차로)승용차관련사고처리중,128.5802,36.3537
2024-08-03 19:00,고속도로,종점,(갓길)사고처리중,127.2697,37.4479
2024-08-03 19:00,고속도로,종점,(5차로)승용차관련사고처리중,127.1034,37.3453
2024-08-03 20:00,고속도로,종점,(갓길)사고처리중,127.2697,37.4479
2024-08-03 23:00,고속도로,기점,(갓길)승용차관련사고처리중,126.7881,37.5231
2024-08-04 00:00,고속도로,기점,(갓길)사고처리중,126.6646,37.4382
2024-08-04 01:00,고속도로,기점,(갓길)승용차관련사고처리중,127.3498,37.2518
2024-08-04 06:00,고속도로,종점,(1차로)승용차단독사고처리중,127.2314,35.2184
2024-08-04 07:00,고속도로,기점,"(1차로,갓길)승용차관련사고처리중",127.1431,37.0198
2024-08-04 09:00,고속도로,기점,(2차로)승합차단독사고처리중,128.5566,35.291
2024-08-04 09:00,고속도로,기점,(갓길)대형화물차사고처리중,127.9815,37.2986
2024-08-04 11:00,고속도로,기점,(1차로)승용차관련사고처리중,128.128,37.7883
2024-08-04 11:00,고속도로,종점,"(1,2차로)사고처리중",127.0591,37.4419
2024-08-04 11:00,고속도로,기점,(갓길)승용차사고처리중,128.5081,37.6423
2024-08-04 11:00,고속도로,기점,(1차로)승용차관련사고처리중,127.6038,37.7294
2024-08-04 11:00,고속도로,기점,(갓길)승용차관련사고처리중,126.7486,37.5087
2024-08-04 12:00,고속도로,기점,(갓길)승용차관련사고처리중,127.1399,37.6227
2024-08-04 13:00,고속도로,종점,(1차로)승용차관련사고처리중,127.4625,37.0775
2024-08-04 13:00,고속도로,종점,(갓길)승용차관련사고처리중,127.6434,35.9804
2024-08-04 13:00,고속도로,기점,"(3차로,갓길)승용차관련사고처리중",128.7196,37.6754
2024-08-04 13:00,고속도로,기점,(갓길)화물차관련사고처리중,128.5506,37.6477
2024-08-04 14:00,고속도로,종점,(1차로)승용차관련사고처리중,127.4178,36.6401
2024-08-04 15:00,고속도로,종점,(1차로)승용차관련사고처리중,127.173,37.5158
2024-08-04 15:00,고속도로,종점,(1차로)승용차관련사고처리완료,128.302,35.7306
2024-08-04 16:00,고속도로,기점,"(1,2,3차로)승용차관련사고처리중",127.1122,37.1148
2024-08-04 16:00,고속도로,종점,(갓길)승용차관련사고처리중,126.7779,37.5987
2024-08-04 16:00,고속도로,기점,(갓길)승용차관련사고처리중,129.0438,35.3447
2024-08-04 17:00,고속도로,종점,(1차로)승용차단독사고처리중,128.2991,37.538
2024-08-04 18:00,고속도로,기점,(갓길)사고처리중,127.1281,37.29
2024-08-04 19:00,고속도로,기점,(갓길)화물차관련사고처리중,128.1077,37.4607
2024-08-04 19:00,고속도로,기점,(갓길)승용차관련사고처리중,127.5902,36.9698
2024-08-04 20:00,고속도로,기점,(갓길)승용차관련사고처리중,128.5123,35.4806
2024-08-04 22:00,고속도로,기점,(3차로)승용차관련사고처리중,128.8027,35.9542
2024-08-04 22:00,고속도로,종점,(1차로)화물차관련사고처리중,127.6012,35.7696
2024-08-04 22:00,고속도로,종점,(1차로)승용차관련사고처리중,126.7779,37.5987
2024-08-04 23:00,고속도로,기점,(1차로)대형화물차관련사고처리중,128.18,36.3742
2024-08-05 02:00,고속도로,종점,(5차로)승용차사고처리중,127.1032,37.3813
2024-08-05 03:00,고속도로,종점,(갓길)승용차사고처리중,127.1032,37.3813
2024-08-05 03:00,고속도로,기점,"(2차로,갓길)화물차사고처리중",127.3693,37.2955
2024-08-05 04:00,고속도로,종점,(갓길)사고확인중,127.1734,35.8827
2024-08-05 04:00,고속도로,종점,(갓길)승용차단독사고처리중,128.2139,36.4306
2024-08-05 05:00,고속도로,종점,"(1차로,갓길)버스관련사고처리중",128.2718,35.2296
2024-08-05 06:00,고속도로,종점,(갓길)화물차관련사고처리중,128.2718,35.2296
2024-08-05 08:00,고속도로,기점,(1차로)승용차관련사고처리중,128.5981,35.2875
2024-08-05 09:00,고속도로,기점,(1차로)승용차관련사고처리중,127.1484,37.5104
2024-08-05 09:00,고속도로,기점,(2차로)추돌사고처리중,126.8228,35.2371
2024-08-05 10:00,고속도로,기점,(1차로)승용차관련사고처리중,127.1484,37.5104
2024-08-05 11:00,고속도로,기점,(갓길)승용차단독사고처리중,128.5644,36.2493
2024-08-05 11:00,고속도로,기점,(진출로갓길)승용차사고처리중,128.8148,37.836
2024-08-05 11:00,고속도로,종점,(1차로)승용차관련사고처리중,127.9295,37.383
2024-08-05 11:00,고속도로,기점,(갓길)승용단독사고처리중,127.3745,36.6745
2024-08-05 12:00,고속도로,종점,"(1,2차로)승용차관련사고처리중",127.4728,36.3463
2024-08-05 12:00,고속도로,종점,(1차로)승용차사고처리중,128.3074,37.9261
2024-08-05 12:00,고속도로,기점,"(1,2차로)승용차관련사고처리완료",127.1033,37.3579
2024-08-05 12:00,고속도로,종점,(2차로)승용차관련사고처리중,128.4411,35.6588
2024-08-05 12:00,고속도로,종점,(1차로)승용차사고처리중,128.2159,37.495
2024-08-05 13:00,고속도로,기점,(4차로)승용차관련사고처리중,128.4659,35.2713
2024-08-05 13:00,고속도로,기점,(2차로)승용차(캠핑트레일러)단독사고처리중,127.9382,36.4404
2024-08-05 13:00,고속도로,기점,(진출로1차로)승용차단독사고처리중,128.559,35.2346
2024-08-05 13:00,고속도로,종점,(1차로)소형화물차관련사고처리중,128.0925,36.7268
2024-08-05 13:00,고속도로,종점,(갓길)승용차사고처리중,128.2159,37.495
2024-08-05 14:00,고속도로,종점,(1차로)승용차관련사고처리중,128.0506,36.7473
2024-08-05 14:00,고속도로,기점,(2차로)승용차(캠핑트레일러)단독사고처리중,127.9382,36.4404
2024-08-05 15:00,고속도로,기점,(1차로)승용차사고처리중,128.2451,37.8689
2024-08-05 15:00,고속도로,종점,(갓길)승용단독사고처리중,127.3532,35.7736
2024-08-05 15:00,고속도로,기점,(갓길)사고처리중,126.898,35.6326
2024-08-05 15:00,고속도로,종점,(1차로)승용차관련사고처리중,128.2864,37.9131
2024-08-05 15:00,고속도로,기점,(1차로)승용차관련사고처리중,126.8675,36.9648
2024-08-05 16:00,고속도로,종점,(갓길)화물차관련사고처리중,127.4086,37.2633
2024-08-05 16:00,고속도로,종점,"(2차로,갓길)승용차관련사고처리중",127.7564,35.5666
2024-08-05 16:00,고속도로,종점,(1차로)승용차사고처리중,128.8496,36.4357
2024-08-05 17:00,고속도로,종점,(5차로)승용차관련사고처리중,126.8929,37.2683
2024-08-05 17:00,고속도로,기점,"(3차로,갓길)승용차관련사고처리중",128.2947,36.1459
2024-08-05 17:00,고속도로,기점,(1차로)승용차관련사고처리중,127.4609,35.0054
2024-08-05 17:00,고속도로,기점,(1차로)승용차관련사고처리중,128.1257,37.7882
2024-08-05 17:00,고속도로,종점,(갓길)승용차사고처리중,128.8496,36.4357
2024-08-05 18:00,고속도로,종점,(갓길)승용차관련사고처리중,126.8929,37.2683
2024-08-05 19:00,고속도로,종점,(대전남부순환선진출로갓길)사고처리중,127.3158,36.2949
2024-08-05 19:00,고속도로,종점,"(2차로,갓길)사고처리중",127.316,36.2844
2024-08-05 20:00,고속도로,종점,(갓길)승용차단독사고처리중,128.2111,37.8099
2024-08-05 20:00,고속도로,종점,(2차로)승용차관련사고처리중,128.5287,36.0297
2024-08-05 20:00,고속도로,기점,(2차로)버스사고처리중,127.1033,37.3543
2024-08-06 01:00,고속도로,기점,(5차로)승용차관련사고처리중,127.2423,37.5978
2024-08-06 02:00,고속도로,종점,(3차로)화물차관련사고처리중,129.1663,36.0822
2024-08-06 03:00,고속도로,종점,(갓길)화물차관련사고처리중,129.1663,36.0822
2024-08-06 04:00,고속도로,기점,(1차로)트레일러사고처리중,128.099,36.7207
2024-08-06 05:00,고속도로,기점,(1차로)트레일러사고처리중,128.099,36.7207
2024-08-06 06:00,고속도로,종점,"(2,3차로)승용차관련사고처리중",126.9608,37.3238
2024-08-06 07:00,고속도로,종점,"(1,5차로)화물차관련사고처리중",126.7515,37.4772
2024-08-06 08:00,고속도로,기점,(2차로)승용차관련사고처리중,128.7544,35.9549
2024-08-06 08:00,고속도로,종점,(5차로)사고처리중,127.1003,37.3992
2024-08-06 08:00,고속도로,종점,(2차로)사고처리중,127.1036,37.3002
2024-08-06 09:00,고속도로,기점,(2차로)사고처리중,126.6535,37.4367
2024-08-06 09:00,고속도로,기점,(갓길)화물차관련사고처리중,126.752,37.5319
2024-08-06 11:00,고속도로,기점,(4차로)승용차관련사고처리중,126.7548,37.4709
2024-08-06 11:00,고속도로,기점,(갓길)승용차관련추돌사고처리중,126.8908,35.1846
2024-08-06 12:00,고속도로,종점,(갓길)승용차관련사고처리중,126.752,37.5319
2024-08-06 12:00,고속도로,종점,"(3,4차로)사고처리중",126.8951,37.4246
2024-08-06 13:00,고속도로,종점,(1차로)승용차사고처리중,128.3271,37.9395
2024-08-06 13:00,고속도로,종점,(4차로)화물차사고처리중,127.2936,37.2392
2024-08-06 13:00,고속도로,종점,(갓길)승용차단독사고처리중,127.477,35.087
2024-08-06 14:00,고속도로,종점,(갓길)승용차관련사고처리중,128.2774,35.2604
2024-08-06 14:00,고속도로,기점,(1차로)승용차사고처리중,128.2451,37.8689
2024-08-06 15:00,고속도로,기점,"(3,4차로,갓길)단독사고처리중(화재사고)",127.1065,36.0095
2024-08-06 16:00,고속도로,기점,"(3,4차로,갓길)화재사고차량견인작업중",127.1065,36.0095
2024-08-06 16:00,고속도로,기점,"(1,2차로)승용차관련사고처리중",127.1034,36.0449
2024-08-06 17:00,고속도로,기점,"(3,4차로,갓길)화재사고차량견인작업중",127.1065,36.0095
2024-08-06 17:00,고속도로,종점,(갓길)승용차관련사고처리중,127.255,37.4603
2024-08-06 17:00,고속도로,기점,(2차로)소형화물차관련추돌사고처리중,126.5499,35.0539
2024-08-06 18:00,고속도로,기점,(5차로)버스관련사고처리중,127.1892,36.8924
2024-08-06 18:00,고속도로,기점,"(3,4차로,갓길)화재사고차량견인작업중",127.1065,36.0095
2024-08-06 18:00,고속도로,기점,"(4,5차로)추돌사고처리중",126.812,37.4421
2024-08-06 19:00,고속도로,종점,(갓길)승용차관련사고처리중,128.9399,35.2212
2024-08-06 19:00,고속도로,기점,(1차로)승용차관련사고처리중,128.5247,36.034
2024-08-06 19:00,고속도로,종점,"(진출로1차로,갓길)화물차관련사고처리중",127.3158,36.2949
2024-08-06 20:00,고속도로,종점,(전면차단)사고잔해물처리중,127.3192,36.2932
2024-08-06 20:00,고속도로,종점,"(진출로1차로,갓길)화물차관련사고처리중",127.3158,36.2949
2024-08-06 21:00,고속도로,기점,(갓길)화물차단독사고처리중,127.9119,36.2225
2024-08-06 21:00,고속도로,종점,"(진출로1차로,갓길)화물차관련사고처리중",127.3158,36.2949
2024-08-06 21:00,고속도로,종점,(전면차단)사고잔해물처리중,127.3192,36.2932
2024-08-06 21:00,고속도로,기점,(2차로)추돌사고처리중,126.7529,37.4758
2024-08-06 22:00,고속도로,기점,(갓길)화물차단독사고처리중,127.9119,36.2225
2024-08-06 22:00,고속도로,종점,(진출로1차로)화물차관련사고처리중,127.3158,36.2949
2024-08-06 22:00,고속도로,종점,(1차로)사고잔해물처리중,127.3192,36.2932
2024-08-06 23:00,고속도로,기점,(갓길)화물차단독사고처리중,127.9119,36.2225
2024-08-06 23:00,고속도로,종점,(진출로1차로)화물차관련사고처리중,127.3158,36.2949
2024-08-06 23:00,고속도로,종점,(1차로)사고잔해물처리중,127.3192,36.2932
2024-08-06 23:00,고속도로,기점,"(2차로,갓길)대형화물차관련사고처리중",128.0194,36.7461
2024-08-07 00:00,고속도로,종점,(갓길)화물차관련사고처리중,126.9181,37.3244
2024-08-07 00:00,고속도로,종점,(1차로)승용차사고처리중,127.37,36.4071
2024-08-07 00:00,고속도로,기점,(갓길)화물차단독사고처리중,127.9119,36.2225
2024-08-07 01:00,고속도로,종점,(5차로)승용차관련사고처리중,127.1036,37.3092
2024-08-07 02:00,고속도로,기점,(갓길)대형화물차관련사고처리중,128.1229,36.6785
2024-08-07 03:00,고속도로,기점,(1차로)소형화물차사고처리중,127.8363,37.0241
2024-08-07 03:00,고속도로,기점,"(2차로,갓길)대형화물차관련사고처리중",128.1229,36.6785
2024-08-07 06:00,고속도로,종점,(1차로)사고처리중,126.6953,37.4333
2024-08-07 06:00,고속도로,종점,(진입로3차로)승용차단독사고처리중,126.8064,37.3506
2024-08-07 08:00,고속도로,종점,"(1,2차로)승용차관련사고처리중",126.8961,37.4291
2024-08-07 08:00,고속도로,종점,(갓길)화물차화재사고처리중,126.8702,36.9849
2024-08-07 09:00,고속도로,종점,"(3,4차로)화물차화재사고처리중",126.8702,36.9849
2024-08-07 09:00,고속도로,종점,(1차로)화물차관련사고처리중,126.8704,36.9822
2024-08-07 10:00,고속도로,기점,(3차로)승용차관련사고처리중,128.795,35.2128
2024-08-07 10:00,고속도로,종점,(4차로)화물차화재사고처리중,126.8702,36.9849
2024-08-07 11:00,고속도로,종점,(3차로)화물차관련사고처리중,128.8192,35.2235
2024-08-07 12:00,고속도로,종점,(1차로)승용차관련사고처리중,128.3939,34.9639
2024-08-07 13:00,고속도로,기점,(4차로)추돌사고처리중,127.1399,37.6227
2024-08-07 13:00,고속도로,기점,"(1,2차로)화물차관련사고처리중",128.5844,36.3284
2024-08-07 13:00,고속도로,종점,(2차로)승용차관련사고처리중,127.31,36.9756
2024-08-07 14:00,고속도로,종점,(1차로)승용차관련사고처리중,127.8385,37.7588
2024-08-07 15:00,고속도로,종점,(1차로)승용차관련사고처리중,126.88,37.1374
2024-08-07 15:00,고속도로,기점,(1차로)승용차관련사고처리중,127.3571,37.6341
2024-08-07 15:00,고속도로,기점,"(2차로,갓길)승용차관련사고처리중",128.1302,37.188
2024-08-07 16:00,고속도로,종점,(1차로)승용차관련사고처리중,127.74,37.0431
2024-08-07 16:00,고속도로,기점,(갓길)승합차사고처리중,127.9335,37.453
2024-08-07 17:00,고속도로,종점,(갓길)승용차사고처리중,127.7097,37.0108
2024-08-07 17:00,고속도로,기점,"(2차로,갓길)승합차사고처리중",127.9335,37.453
2024-08-07 17:00,고속도로,종점,(갓길)승용차관련사고처리중,129.1296,35.5656
2024-08-07 17:00,고속도로,종점,(1차로)승용차관련사고처리중,126.9213,37.0487
2024-08-07 18:00,고속도로,종점,"(1차로,갓길)승용차관련사고처리중",127.1832,36.1631
2024-08-07 23:00,고속도로,기점,(2차로)화물차관련사고처리중,128.2467,35.9217
2024-08-08 01:00,고속도로,기점,(갓길)승용차관련사고처리중,126.7656,37.5242
2024-08-08 05:00,고속도로,기점,(1차로)승용차관련사고처리중,126.7486,37.5087
2024-08-08 06:00,고속도로,종점,(5차로)버스사고처리중,127.1033,37.3543
2024-08-08 08:00,고속도로,종점,(1차로)승용차관련사고처리중,126.6712,37.4371
2024-08-08 08:00,고속도로,기점,"(1,2차로)승용차관련사고처리중",126.8646,37.4344
2024-08-08 09:00,고속도로,종점,(1차로)승용차관련사고처리중,126.6712,37.4371
2024-08-08 10:00,고속도로,기점,(갓길)승용차관련사고처리중,126.9071,37.3226
2024-08-08 11:00,고속도로,기점,(갓길)승용차단독사고처리중,126.8379,35.9156
2024-08-08 11:00,고속도로,기점,"(3,4차로)화물차관련사고처리중",128.4776,35.931
2024-08-08 11:00,고속도로,종점,"(5차로,평제선진출1차로)화물차사고처리중",127.1408,37.0286
2024-08-08 12:00,고속도로,기점,"(1,2차로)추돌사고처리중",127.0481,35.8482
2024-08-08 12:00,고속도로,종점,"트레일러전면차단사고처리중,부산방향이용불가",128.8951,35.1653
2024-08-08 12:00,고속도로,종점,(1차로)승용차관련사고처리중,128.5274,36.0311
2024-08-08 12:00,고속도로,종점,(1차로)화물차단독사고처리중,129.2459,35.528
2024-08-08 12:00,고속도로,종점,"(3차로,갓길)화물차관련사고처리중",126.8825,37.2449
2024-08-08 13:00,고속도로,종점,"트레일러전면차단사고처리중,부산방향이용불가",128.8951,35.1653
2024-08-08 13:00,고속도로,기점,(1차로)추돌사고처리중,127.6089,35.7299
2024-08-08 13:00,고속도로,종점,(갓길)승용차관련추돌사고처리중,126.741,35.1271
2024-08-08 14:00,고속도로,종점,(2차로)승용차관련사고처리중,127.5526,36.0599
2024-08-08 14:00,고속도로,종점,(1차로)승용차관련사고처리중,127.1719,37.5156
2024-08-08 14:00,고속도로,종점,"트레일러전면차단사고처리중,부산방향이용불가",128.8951,35.1653
2024-08-08 14:00,고속도로,기점,(갓길)승용차관련사고처리중,127.6089,35.7299
2024-08-08 15:00,고속도로,기점,(갓길)승용차관련사고처리중,127.6089,35.7299
2024-08-08 15:00,고속도로,종점,(2차로)승용차관련사고처리중,129.0913,37.5873
2024-08-08 15:00,고속도로,기점,(갓길)승용차관련사고처리중,129.0942,37.5465
2024-08-08 16:00,고속도로,종점,(4차로)승용차단독사고처리중,128.8309,35.1755
2024-08-08 16:00,고속도로,기점,(3차로)화물차관련사고처리중,128.7872,35.9534
2024-08-08 17:00,고속도로,종점,(1차로)승용차관련사고처리중,128.6092,35.2611
2024-08-08 17:00,고속도로,기점,(1차로)사고처리중,126.8673,37.383
2024-08-08 19:00,고속도로,기점,(갓길)승용차관련사고처리중,126.7903,37.5228
2024-08-08 19:00,고속도로,종점,(1차로)승용차관련사고처리중,128.8202,35.1859
2024-08-08 20:00,고속도로,종점,"(2차로,갓길)대형화물차사고처리중",128.0373,37.2593
2024-08-08 21:00,고속도로,종점,(갓길)승용차단독사고처리중,128.5799,35.9089
2024-08-08 21:00,고속도로,기점,(갓길)화물차관련사고처리중,126.7493,37.3897
2024-08-08 23:00,고속도로,종점,(갓길)승용차관련사고처리중,127.1845,37.5384
2024-08-08 23:00,고속도로,종점,(2차로)승용차관련사고처리중,128.9851,35.2796
2024-08-09 03:00,고속도로,기점,"(1,3차로)사고처리중",126.8827,37.427
2024-08-09 05:00,고속도로,기점,"(2차로,갓길)대형화물차화재사고처리중",127.3828,36.9743
2024-08-09 06:00,고속도로,기점,점멸등작동,127.1026,36.0819
2024-08-09 06:00,고속도로,기점,"(2차로,갓길)대형화물차화재사고처리중",127.3828,36.9743
2024-08-09 07:00,고속도로,기점,"노고2터널출구부(54K)(1,2차로)승용차관련사고처리중",126.918,37.6794
2024-08-09 08:00,고속도로,종점,(진출로6차로)사고처리중,127.0514,37.2991
2024-08-09 08:00,고속도로,종점,(1차로)승용차단독사고처리중,127.4422,35.7725
2024-08-09 11:00,고속도로,기점,(1차로)승용차추돌사고처리중,126.8675,36.9648
2024-08-09 13:00,고속도로,종점,(광장부)승용차관련사고처리중,127.3205,37.3536
2024-08-09 13:00,고속도로,기점,(진출로1차로)승용차관련사고처리중,126.8009,37.3516
2024-08-09 13:00,고속도로,종점,(1차로)승용차관련사고처리중,127.1037,37.2822
2024-08-09 13:00,고속도로,종점,(5차로)화물차관련사고처리중,126.8816,37.04
2024-08-09 14:00,고속도로,기점,(갓길)승용차관련사고처리중,128.1025,36.7185
2024-08-09 14:00,고속도로,기점,"(1차로,갓길)대형화물차사고처리중",128.2206,36.3157
2024-08-09 14:00,고속도로,기점,(1차로)승용차관련사고처리중,127.6385,37.1597
2024-08-09 14:00,고속도로,종점,(1차로)승용차추돌사고처리중,127.1576,36.9858
2024-08-09 15:00,고속도로,종점,(1차로)승용차관련사고처리중,127.9244,35.0536
2024-08-09 15:00,고속도로,종점,(진출로갓길)승용차관련사고처리중,126.9213,37.0487
2024-08-09 15:00,고속도로,종점,(진출로1차로)사고처리중,126.9928,37.3178
2024-08-09 16:00,고속도로,기점,"(1,2차로)승용차관련사고처리중",128.3967,36.9139
2024-08-09 17:00,고속도로,기점,(1차로)승용차사고처리중,127.3668,36.6842
2024-08-09 17:00,고속도로,종점,(5차로)승합차고장처리중,126.8775,37.0317
2024-08-09 17:00,고속도로,종점,(3차로)승용차관련사고처리중,128.985,35.2183
2024-08-09 18:00,고속도로,종점,(갓길)사고처리중,126.9317,35.6632
2024-08-09 18:00,고속도로,종점,"(2,3차로)승용차추돌사고처리중",127.1895,36.9419
2024-08-09 18:00,고속도로,기점,(1차로)승용차관련사고처리중,127.4246,36.6755
2024-08-09 19:00,고속도로,기점,(3차로)사고처리중,126.7203,37.5238
2024-08-09 20:00,고속도로,종점,(1차로)사고처리중,127.1033,37.3723
2024-08-09 21:00,고속도로,종점,"(1,2차로)사고처리중",127.1033,37.3723
2024-08-09 21:00,고속도로,기점,"(4,5차로)승용차관련사고처리중",127.1431,37.0198
2024-08-09 22:00,고속도로,종점,(1차로)승용차관련사고처리중,127.6434,35.9804
2024-08-09 22:00,고속도로,기점,(갓길)사고처리중,126.6841,37.4338
2024-08-09 22:00,고속도로,종점,(1차로)승용차관련사고처리중,127.59,37.7255
2024-08-10 00:00,고속도로,종점,(1차로)화물차단독사고처리중,127.5331,37.239
2024-08-10 00:00,고속도로,기점,"(1차로,갓길)버스관련사고처리중",129.0018,35.2901
2024-08-10 01:00,고속도로,종점,(1차로)화물차단독사고처리중,127.5331,37.239
2024-08-10 05:00,고속도로,기점,(2차로)화물차관련사고처리중,128.5893,36.5993
2024-08-10 06:00,고속도로,기점,(국도진출로갓길)사고처리중,126.8394,37.3483
2024-08-10 07:00,고속도로,기점,(1차로)승용차단독사고처리중,127.8294,35.549
2024-08-10 08:00,고속도로,기점,(진입로갓길)승용차단독사고처리중,126.8692,36.9965
2024-08-10 09:00,고속도로,종점,(1차로)사고처리중,127.1586,37.5137
2024-08-10 09:00,고속도로,종점,(1차로)사고처리중,127.1586,37.5137
2024-08-10 10:00,고속도로,종점,"(2,3차로)승용차추돌사고처리중",129.1212,35.549
2024-08-10 10:00,고속도로,종점,"(1,2,3차로)승용차관련사고처리중",127.1576,36.9858
2024-08-10 10:00,고속도로,종점,(갓길)화물차관련사고처리중,126.7866,37.6043
2024-08-10 10:00,고속도로,기점,(3차로)승용차관련사고처리중,126.8722,37.1907
2024-08-10 10:00,고속도로,기점,(1차로)승용차단독사고처리중,127.8333,35.4782
2024-08-10 11:00,고속도로,종점,(갓길)승용차관련사고처리중,126.7494,37.5416
2024-08-10 11:00,고속도로,종점,(1차로)사고처리중,126.8558,37.381
2024-08-10 11:00,고속도로,기점,(4차로)사고처리중,126.8696,36.9921
2024-08-10 11:00,고속도로,종점,(1차로)승용차관련사고처리중,128.225,36.2999
2024-08-10 12:00,고속도로,종점,(갓길)사고처리중,127.3338,36.7197
2024-08-10 12:00,고속도로,종점,(갓길)승용차관련사고처리중,126.8969,37.2767
2024-08-10 12:00,고속도로,종점,(1차로)승용차관련사고처리중,128.5358,36.108
2024-08-10 12:00,고속도로,종점,(1차로)승용차관련사고처리중,127.2883,36.972
2024-08-10 12:00,고속도로,종점,(1차로)승용차관련사고처리중,127.2883,36.972
2024-08-10 14:00,고속도로,종점,(2차로)승용차단독사고처리중,128.5799,35.9089
2024-08-10 15:00,고속도로,종점,(갓길)승용차사고처리중,127.7928,37.7428
2024-08-10 16:00,고속도로,기점,(갓길)승용차관련사고처리중,126.8675,37.3644
2024-08-10 16:00,고속도로,종점,(1차로)승용차사고처리중,126.709,37.5237
2024-08-10 16:00,고속도로,기점,(갓길)사고처리중,127.0641,37.296
2024-08-10 16:00,고속도로,종점,(1차로)승용차관련사고처리중,127.4533,36.7306
2024-08-10 16:00,고속도로,기점,(1차로)승용차관련사고처리중,128.3166,37.5508
2024-08-10 17:00,고속도로,종점,(갓길)화물차관련사고처리중,127.0314,37.3935
2024-08-10 18:00,고속도로,종점,(3차로)화물차관련사고처리중,128.1067,37.4651
2024-08-10 20:00,고속도로,기점,(1차로)승용차관련사고처리중,126.8882,37.1076
2024-08-10 22:00,고속도로,종점,(1차로)승용차관련사고처리중,128.5663,36.2526
2024-08-10 23:00,고속도로,기점,(갓길)승용차관련사고처리중,127.3225,35.7874
2024-08-11 00:00,고속도로,기점,(2차로)사고처리중,127.2807,35.7982
2024-08-11 01:00,고속도로,기점,(갓길)추돌사고처리중,126.7512,37.5355
2024-08-11 01:00,고속도로,종점,(2차로)화물차관련사고처리중,128.4953,35.4269
2024-08-11 02:00,고속도로,종점,(1차로)승용차관련사고처리중,128.3834,37.9575
2024-08-11 11:00,고속도로,종점,(진입로갓길)승용차관련사고처리중,128.8056,35.1987
2024-08-11 11:00,고속도로,기점,(3차로)승용차사고처리중,127.3457,37.6343
2024-08-11 12:00,고속도로,기점,(1차로)승용차관련사고처리중,127.6005,37.7289
2024-08-11 13:00,고속도로,종점,(1차로)승용차관련사고처리중,128.3271,37.9395
2024-08-11 13:00,고속도로,종점,(2차로)사고처리중,127.1385,37.0374
2024-08-11 13:00,고속도로,기점,(1차로)승용차관련사고처리중,126.7323,35.3624
2024-08-11 13:00,고속도로,종점,(1차로)사고처리중,127.1752,37.5162
2024-08-11 14:00,고속도로,기점,(갓길)승용차관련사고처리중,126.9069,37.0498
2024-08-11 14:00,고속도로,기점,(5차로)사고처리중,127.1039,37.2525
2024-08-11 14:00,고속도로,기점,(갓길)승용차관련사고처리중,126.8884,37.071
2024-08-11 15:00,고속도로,기점,(3차로)승용차관련사고처리중,127.0404,37.3055
2024-08-11 15:00,고속도로,종점,(1차로)승용차관련사고처리중,128.317,37.9361
2024-08-11 15:00,고속도로,종점,(3차로)사고처리완료,127.1033,37.3543
2024-08-11 17:00,고속도로,기점,"(2,3차로)승합차관련사고처리중",127.4359,37.6493
2024-08-11 18:00,고속도로,종점,(1차로)승용차관련사고처리중,126.7792,36.9349
2024-08-11 20:00,고속도로,기점,(갓길)사고처리중,127.1681,36.8254
2024-08-11 20:00,고속도로,기점,"(2차로,갓길)대형버스단독화재사고처리중",127.4709,36.5518
2024-08-11 21:00,고속도로,기점,"(2차로,갓길)대형버스단독화재사고처리중",127.4709,36.5518
2024-08-12 01:00,고속도로,종점,(갓길)화물차관련사고처리중,127.4375,36.7088
2024-08-12 01:00,고속도로,종점,"(1,3차로)승용차관련사고처리중",129.0698,35.3115
2024-08-12 02:00,고속도로,종점,(갓길)화물차관련사고처리중,127.4375,36.7088
2024-08-12 03:00,고속도로,종점,(갓길)화물차관련사고처리중,127.4375,36.7088
2024-08-12 05:00,고속도로,기점,(5차로)승용차관련사고처리중,126.7269,37.4334
2024-08-12 06:00,고속도로,기점,(1차로)승용차관련사고처리중,127.1032,37.3813
2024-08-12 06:00,고속도로,종점,"(1,2차로)승용차관련사고처리중",127.1033,37.3543
2024-08-12 07:00,고속도로,종점,(1차로)승용차관련사고처리중,126.7597,37.4322
2024-08-12 07:00,고속도로,기점,(4차로)승용차사고처리중,126.7791,37.5241
2024-08-12 08:00,고속도로,기점,(3차로)승용차관련사고처리중,128.9844,35.2474
2024-08-12 08:00,고속도로,종점,(갓길)사고처리중,127.2021,37.5316
2024-08-12 09:00,고속도로,기점,(3차로)승용차관련사고처리중,127.0667,35.916
2024-08-12 09:00,고속도로,기점,(갓길)승용차관련사고처리중,126.8812,37.2387
2024-08-12 09:00,고속도로,기점,(갓길)승용차관련추돌사고처리중,127.3407,35.3576
2024-08-12 10:00,고속도로,종점,(1차로)승용차관련사고처리중,127.4497,37.0923
2024-08-12 10:00,고속도로,종점,(진출로)화물차단독사고처리중,128.2247,35.1909
2024-08-12 10:00,고속도로,종점,(진출로1차로)화물차단독사고처리중,128.6897,35.2766
2024-08-12 11:00,고속도로,종점,(진출로)화물차단독사고처리중,128.2247,35.1909
2024-08-12 11:00,고속도로,기점,"(5차로,갓길)승용차관련사고처리중",126.8773,37.4033
2024-08-12 11:00,고속도로,종점,(갓길)화물차관련사고처리중,129.1819,35.5586
2024-08-12 12:00,고속도로,종점,(진출로)화물차단독사고처리중,128.2247,35.1909
2024-08-12 13:00,고속도로,종점,(1차로)승용차관련사고처리중,128.7727,37.6913
2024-08-12 13:00,고속도로,기점,"(1,2차로)화물차사고처리중",126.8714,37.3961
2024-08-12 13:00,고속도로,종점,(진출로)화물차단독사고처리중 국도이용바람,128.2247,35.1909
2024-08-12 13:00,고속도로,종점,화물차관련사고처리중전면차단중,126.8238,35.557
2024-08-12 13:00,고속도로,종점,(3차로)승용차관련사고처리중,127.5974,37.2189
2024-08-12 14:00,고속도로,종점,(진출로갓길)승용차사고처리중,126.7998,37.6189
2024-08-12 14:00,고속도로,종점,(2차로)화물차관련사고잔재물처리중,126.8238,35.557
2024-08-12 14:00,고속도로,기점,(1차로)승용차관련사고처리중,127.6128,37.1877
2024-08-12 14:00,고속도로,종점,(진출로)화물차단독사고처리중 국도이용바람,128.2247,35.1909
2024-08-12 15:00,고속도로,종점,(진출로갓길)승용차사고처리중,126.7998,37.6189
2024-08-12 15:00,고속도로,종점,(2차로)화물차관련사고잔재물처리중,126.8238,35.557
2024-08-12 16:00,고속도로,기점,"(2차로,갓길)승용차관련사고처리중",126.8656,35.1929
2024-08-12 17:00,고속도로,종점,(2차로)사고처리중,126.5633,36.7234
2024-08-12 18:00,고속도로,종점,(1차로)승용차관련사고처리중,127.7229,37.0743
2024-08-12 18:00,고속도로,종점,(갓길)사고처리중,126.5633,36.7234
2024-08-12 18:00,고속도로,종점,(갓길)승용차단독사고처리중,127.8098,36.2769
2024-08-12 20:00,고속도로,기점,(1차로)승용차단독사고처리중,128.585,35.2886
2024-08-12 22:00,고속도로,기점,(갓길)중형화물차단독사고처리중,127.4755,36.9299
2024-08-12 22:00,고속도로,기점,(3차로)승용차관련사고처리중,129.2471,35.3401
2024-08-12 23:00,고속도로,기점,(3차로)승용차관련사고처리중,126.8947,37.309
2024-08-13 00:00,고속도로,기점,(3차로)승용차관련사고처리중,126.7568,36.9172
2024-08-13 04:00,고속도로,기점,(진입로1차로)사고처리중,126.8046,37.6359
2024-08-13 05:00,고속도로,기점,(갓길)승용차관련사고처리중,127.1311,37.0343
2024-08-13 06:00,고속도로,기점,(갓길)화물차관련사고처리중,127.1311,37.0343
2024-08-13 06:00,고속도로,종점,(2차로)승용차관련사고처리중,127.773,35.5952
2024-08-13 07:00,고속도로,종점,"(2차로,갓길)승용차관련사고처리중",127.7678,37.8106
2024-08-13 08:00,고속도로,종점,"(진출로1차로)사고처리중정체극심,우회바랍니다",126.755,37.4655
2024-08-13 08:00,고속도로,종점,(2차로)승용차관련사고처리중,128.5345,36.0884
2024-08-13 08:00,고속도로,기점,(갓길)사고처리중,127.2021,37.5316
2024-08-13 09:00,고속도로,기점,(1차로)승용차관련사고처리중,129.0102,35.9051
2024-08-13 10:00,고속도로,종점,(1차로)승용차관련추돌사고처리중,127.4785,35.0827
2024-08-13 10:00,고속도로,종점,(1차로)승용차관련사고처리중,126.8852,35.6227
2024-08-13 11:00,고속도로,종점,(갓길)승용차관련사고처리중,126.7565,37.5241
2024-08-13 14:00,고속도로,종점,(진출로갓길)승용차단독사고처리중,127.927,37.3271
2024-08-13 14:00,고속도로,기점,(갓길)화물차관련사고처리중,126.7624,37.4618
2024-08-13 15:00,고속도로,기점,(3차로)화물차관련사고처리중,127.279,37.2428
2024-08-13 15:00,고속도로,기점,(1차로)소형화물차관련사고처리중,128.2224,36.3086
2024-08-13 15:00,고속도로,종점,(1차로)승용차관련추돌사고처리중,126.4989,34.9104
2024-08-13 15:00,고속도로,종점,"(3,4차로)승용차사고처리중",128.4271,35.9961
2024-08-13 16:00,고속도로,종점,(1차로)버스관련사고처리중,127.7577,35.5577
2024-08-13 16:00,고속도로,종점,(3차로)승용차관련사고처리중,126.9754,37.32
2024-08-13 16:00,고속도로,종점,(2차로)1톤화물차관련사고처리중,129.232,35.5008
2024-08-13 17:00,고속도로,종점,"(4,5차로)추돌사고처리중",127.1196,37.413
2024-08-13 17:00,고속도로,종점,"(2,3차로)화물차관련사고처리중",126.8483,36.955
2024-08-13 17:00,고속도로,종점,(갓길)1톤화물차관련사고처리중,129.232,35.5008
2024-08-13 18:00,고속도로,종점,"(4,5차로)추돌사고처리중",127.1196,37.413
2024-08-13 19:00,고속도로,기점,(진출로갓길)승용차단독사고처리중,127.0958,37.2126
2024-08-13 19:00,고속도로,기점,(3차로)화물차단독사고처리중,129.2539,35.3605
2024-08-14 00:00,고속도로,기점,(진출로1차로)화물차사고처리중,127.0727,37.4275
2024-08-14 00:00,고속도로,기점,(1차로)승용차관련사고처리중,126.7147,37.5237
2024-08-14 02:00,고속도로,기점,(진입로)화물차관련사고처리중,126.8176,37.3503
2024-08-14 03:00,고속도로,기점,(진입로)화물차관련사고처리중,126.8176,37.3503
2024-08-14 07:00,고속도로,종점,"(2차로,갓길)소형화물차단독사고처리중",127.6614,35.9408
2024-08-14 08:00,고속도로,기점,"(1,2차로)사고처리중",127.1037,37.2912
2024-08-14 08:00,고속도로,기점,(2차로)화물차관련사고처리중,128.9969,35.2704
2024-08-14 08:00,고속도로,기점,(2차로)사고처리중,126.7089,37.4337
2024-08-14 08:00,고속도로,종점,"(2차로,갓길)소형화물차단독사고처리중",127.6614,35.9408
2024-08-14 09:00,고속도로,종점,(2차로)승용차관련사고처리중,127.1033,37.3678
2024-08-14 09:00,고속도로,기점,(1차로)승용차관련사고처리중,127.2163,36.4878
2024-08-14 10:00,고속도로,기점,(진입로갓길)화물차단독사고처리중,128.6646,35.9139
2024-08-14 11:00,고속도로,종점,(2차로)화물차관련사고처리중,126.9538,37.0432
2024-08-14 11:00,고속도로,종점,(5차로)사고처리중,127.0948,37.2898
2024-08-14 11:00,고속도로,기점,(북대구 팔공산연결로)화물차단독사고처리중 견인작업으로일시전면통제(30분간),128.6646,35.9139
2024-08-14 12:00,고속도로,종점,(1차로)승용차관련사고처리중,128.8132,37.7661
2024-08-14 12:00,고속도로,종점,(2차로)화물차관련사고처리중,126.9538,37.0432
2024-08-14 12:00,고속도로,종점,(1차로)승용차관련사고처리중,128.4775,35.7585
2024-08-14 12:00,고속도로,기점,(북대구 팔공산연결로)화물차단독사고처리중 견인작업으로전면통제,128.6646,35.9139
2024-08-14 12:00,고속도로,종점,(1차로)승용차관련사고처리중,128.0944,36.7246
2024-08-14 12:00,고속도로,종점,(1차로)승용차관련추돌사고처리중,126.4986,34.9149
2024-08-14 13:00,고속도로,종점,(갓길)화물차단독사고처리중,127.9794,37.5353
2024-08-14 13:00,고속도로,기점,(북대구 팔공산연결로)화물차단독사고처리중 견인작업으로전면통제,128.6646,35.9139
2024-08-14 13:00,고속도로,기점,(1차로)승용차관련추돌사고처리중,126.8842,35.1849
2024-08-14 13:00,고속도로,종점,(1차로)승용차관련추돌사고처리중,126.4992,34.9077
2024-08-14 13:00,고속도로,종점,(2차로)화물차관련사고처리중,126.9538,37.0432
2024-08-14 14:00,고속도로,종점,(1차로)대형버스관련사고처리중,127.4612,36.7393
2024-08-14 14:00,고속도로,기점,(3차로)승용차관련사고처리중,126.872,37.0189
2024-08-14 15:00,고속도로,기점,(1차로)승용차관련사고처리중,127.438,37.2131
2024-08-14 16:00,고속도로,기점,(1차로)화물차관련사고처리중,129.0195,35.2743
2024-08-14 17:00,고속도로,종점,(3차로)승용차관련사고처리중,128.657,37.6826
2024-08-14 17:00,고속도로,종점,(1차로)사고처리중,127.5089,36.119
2024-08-14 18:00,고속도로,종점,(1차로)화물차단독사고처리중,128.3437,35.2929
2024-08-14 19:00,고속도로,종점,(1차로)승용차관련사고처리중,127.5138,37.4054
2024-08-14 19:00,고속도로,종점,(갓길)승용차관련사고처리중,128.2744,35.2382
2024-08-14 19:00,고속도로,종점,"(5차로,갓길)화물차관련사고처리중",128.5269,35.8839
2024-08-14 19:00,고속도로,종점,(갓길)승용차관련사고처리중,127.0904,37.41
2024-08-14 21:00,고속도로,종점,(갓길)승용차관련사고처리중,128.5346,35.2423
2024-08-14 21:00,고속도로,기점,(갓길)소형화물차관련사고처리중,127.9598,36.8262
2024-08-14 21:00,고속도로,종점,(갓길)승용차관련사고처리중,127.5974,37.2189
2024-08-14 21:00,고속도로,기점,(진출로)사고처리중,127.0966,35.9494
2024-08-14 23:00,고속도로,종점,(1차로)승용차추돌사고처리중,127.189,36.9122
2024-08-15 00:00,고속도로,기점,(진출로1차로)사고처리중,126.7543,37.5241
2024-08-15 00:00,고속도로,기점,(갓길)승용차단독사고처리중,126.8458,35.2806
2024-08-15 01:00,고속도로,기점,(2차로)승용차관련사고처리중,128.476,35.7637
2024-08-15 03:00,고속도로,종점,(갓길)승용차단독사고처리중,128.9258,36.4375
2024-08-15 03:00,고속도로,기점,(4차로)화물차관련사고처리중,127.3929,37.24
2024-08-15 04:00,고속도로,종점,(갓길)사고처리중,127.0463,37.4567
2024-08-15 04:00,고속도로,종점,(진출로갓길)사고확인중,126.8607,37.3441
2024-08-15 05:00,고속도로,기점,(진출로1차로)사고처리중,126.8692,37.3696
2024-08-15 07:00,고속도로,기점,(갓길)화물차관련사고처리중,127.1573,37.0352
2024-08-15 09:00,고속도로,종점,(갓길)승용차관련사고처리중,129.1905,35.7996
2024-08-15 11:00,고속도로,기점,(갓길)소형화물차사고처리중,128.2312,36.4023
2024-08-15 11:00,고속도로,종점,"(3차로,갓길)화물차단독사고처리중",126.7752,36.9317
2024-08-15 12:00,고속도로,종점,(5차로)화물차관련사고처리중,127.0184,37.3119
2024-08-15 12:00,고속도로,기점,"(2차로,갓길)소형화물차사고처리중",128.2312,36.4023
2024-08-15 13:00,고속도로,기점,(갓길)사고처리중,127.2513,35.7075
2024-08-15 13:00,고속도로,종점,(1차로)승용차관련사고처리중,128.0618,36.7471
2024-08-15 14:00,고속도로,종점,"(2차로,갓길)승용차단독화재사고처리중",126.8228,35.2371
2024-08-15 15:00,고속도로,종점,(1차로)사고처리중,126.9023,37.2941
2024-08-15 16:00,고속도로,종점,"사패산터널(47.3K)(1,2차로)승용차사고처리중  수락산터널 사패산터널5km정체",127.0424,37.7052
2024-08-15 16:00,고속도로,종점,(2차로)중형화물차화재사고처리중,128.1437,37.0757
2024-08-15 17:00,고속도로,종점,"사패산터널(47.3K)(1,2차로)승용차사고처리중  수락산터널 사패산터널5km정체",127.0424,37.7052
2024-08-15 17:00,고속도로,종점,(2차로)중형화물차화재사고처리중,128.1437,37.0757
2024-08-15 17:00,고속도로,기점,(갓길)사고확인중,128.5764,36.7538
2024-08-15 18:00,고속도로,기점,(2차로)승용차관련사고처리중,128.9825,35.2395
2024-08-15 18:00,고속도로,기점,(갓길)승용차관련사고처리중,129.2044,35.1946
2024-08-15 18:00,고속도로,기점,(1차로)승용차관련사고처리중,129.0153,35.2731
2024-08-15 19:00,고속도로,기점,(갓길)사고처리중,126.7461,37.4327
2024-08-15 19:00,고속도로,종점,(1차로)승용차관련사고처리중,126.7515,37.4772
2024-08-15 22:00,고속도로,기점,(갓길)사고처리중,127.0591,37.4419
2024-08-15 22:00,고속도로,종점,(진출로갓길)승용차사고처리중,127.4962,37.2453
2024-08-16 04:00,고속도로,종점,(1차로)승용차사고처리중,127.9879,37.7613
2024-08-16 04:00,고속도로,기점,"(2차로,갓길)대형화물차2대추돌사고처리중",127.3161,35.0299
2024-08-16 05:00,고속도로,기점,"(2차로,갓길)대형화물차2대추돌사고처리중",127.3161,35.0299
2024-08-16 07:00,고속도로,종점,"(2차로,갓길)화물차화재사고처리중",127.5857,36.0074
2024-08-16 07:00,고속도로,기점,(진입로갓길)승용차관련사고확인중,126.9311,37.3758
2024-08-16 08:00,고속도로,종점,(1차로)승용차관련사고처리중,128.7108,36.4201
2024-08-16 09:00,고속도로,종점,(갓길)1톤화물차사고처리중,128.4092,36.0469
2024-08-16 11:00,고속도로,종점,(1차로)승용차관련사고처리중,127.4612,36.7393
2024-08-16 11:00,고속도로,종점,(1차로)승용차관련사고처리중,127.3238,37.6321
2024-08-16 11:00,고속도로,기점,(1차로)승용차추돌사고처리중,126.9573,34.7347
2024-08-16 14:00,고속도로,기점,(갓길)북안졸음쉼터내버스화재사고처리중,128.9942,35.9275
2024-08-16 14:00,고속도로,종점,(2차로)승용차관련사고처리중,127.1392,37.0348
2024-08-16 15:00,고속도로,종점,(1차로)추돌사고처리중,127.1749,35.8766
2024-08-16 15:00,고속도로,종점,(1차로)승용차단독사고처리중,126.7889,35.3031
2024-08-16 16:00,고속도로,종점,"(1,2차로)대형화물차관련사고처리중",127.44,37.1631
2024-08-16 16:00,고속도로,종점,(1차로)승용차단독사고처리중,126.7889,35.3031
2024-08-16 16:00,고속도로,기점,(갓길)사고처리중,126.7998,37.6189
2024-08-16 16:00,고속도로,기점,"(1,2차로)승용차관련사고처리완료",128.3965,37.5759
2024-08-16 17:00,고속도로,종점,"(2차로,갓길)승용차관련사고처리중",128.4708,35.8609
2024-08-16 21:00,고속도로,종점,(2차로)승용차추돌사고처리중,129.1356,35.5633
2024-08-17 01:00,고속도로,종점,(1차로)화물차관련사고처리중,127.4853,36.1928
2024-08-17 02:00,고속도로,종점,(1차로)화물차관련사고처리중,127.4853,36.1928
2024-08-17 02:00,고속도로,종점,(갓길)승용차단독사고처리중,127.4776,36.328
2024-08-17 03:00,고속도로,기점,(5차로)승용차사고처리중,126.7462,37.4954
2024-08-17 04:00,고속도로,기점,(5차로)승용차사고처리중,126.7462,37.4954
2024-08-17 05:00,고속도로,기점,(5차로)승용차사고처리중,126.7462,37.4954
2024-08-17 05:00,고속도로,기점,"(1차로,갓길)사고처리중",127.3929,37.2762
2024-08-17 09:00,고속도로,종점,(1차로)승용차관련사고처리중,128.557,35.9028
2024-08-17 10:00,고속도로,종점,(2차로)승용차관련사고처리중,127.1059,37.2373
2024-08-17 11:00,고속도로,종점,(2차로)승용처차관련사고처리중,127.3464,36.7161
2024-08-17 11:00,고속도로,종점,(1차로)승용차관련사고처리중,127.6122,37.1966
2024-08-17 12:00,고속도로,기점,(갓길)승용차관련사고처리중,127.6945,37.7452
2024-08-17 12:00,고속도로,기점,"(3,4차로,갓길)승용차관련사고처리중",126.709,37.5237
2024-08-17 12:00,고속도로,기점,(1차로)사고처리중,126.8755,37.0274
2024-08-17 12:00,고속도로,종점,(1차로)승용차관련사고처리중,128.1817,36.5103
2024-08-17 12:00,고속도로,종점,(1차로)승용차관련사고처리중,127.4187,36.6347
2024-08-17 12:00,고속도로,기점,(갓길)승용차관련사고처리중,127.4255,37.2407
2024-08-17 13:00,고속도로,기점,(1차로)승용차관련사고처리중,126.8705,36.9696
2024-08-17 14:00,고속도로,기점,(갓길)승용차사고처리중,127.4303,37.6495
2024-08-17 14:00,고속도로,기점,(1차로)승용차관련사고처리중,128.2704,36.1067
2024-08-17 14:00,고속도로,기점,(1차로)승용차관련사고처리중,127.3571,37.6341
2024-08-17 14:00,고속도로,기점,(2차로)승용차단독사고처리중,126.6773,34.699
2024-08-17 15:00,고속도로,종점,(1차로)승용차관련사고처리중,127.74,37.0431
2024-08-17 15:00,고속도로,종점,(1차로)승용차사고처리중,126.7032,36.8904
2024-08-17 15:00,고속도로,종점,(2차로)단독사고처리중,126.4818,35.146
2024-08-17 15:00,고속도로,종점,(1차로)승용차관현사고처리중,127.1752,37.5162
2024-08-17 15:00,고속도로,기점,(1차로)승용차관련사고처리중,127.3571,37.6341
2024-08-17 15:00,고속도로,기점,"(1,2차로)화물차사고처리중",129.0113,37.6679
2024-08-17 15:00,고속도로,기점,(1차로)승용차관련사고처리중,127.1692,37.0216
2024-08-17 15:00,고속도로,기점,(1차로)승용차관련사고처리중,127.1224,37.4169
2024-08-17 16:00,고속도로,종점,"(2차로,갓길)승용차단독사고처리중",127.0473,34.7927
2024-08-17 16:00,고속도로,종점,(1차로)사고처리중,127.5246,35.7445
2024-08-17 16:00,고속도로,기점,(진입로1차로)승용차사고처리중,126.7543,37.4744
2024-08-17 17:00,고속도로,종점,"(2차로,갓길)승용차단독사고처리중",127.0473,34.7927
2024-08-17 17:00,고속도로,기점,(갓길)승용차단독사고처리중,127.5447,34.9916
2024-08-17 17:00,고속도로,기점,(진출로1차로)승용차관련사고처리중,127.4857,35.003
2024-08-17 18:00,고속도로,기점,(갓길)승용차단독사고처리중,127.2053,35.3727
2024-08-17 20:00,고속도로,기점,(진출로갓길)승용차단독사고처리중,126.6532,35.4172
2024-08-17 22:00,고속도로,종점,(2차로)승용차관련사고처리중,127.8767,35.5971
2024-08-18 03:00,고속도로,기점,점멸등작동,127.1026,36.0819
2024-08-18 04:00,고속도로,기점,점멸등작동,127.1026,36.0819
2024-08-18 08:00,고속도로,기점,(갓길)사고처리중,126.8618,37.3526
2024-08-18 09:00,고속도로,기점,(갓길)사고처리중,126.8618,37.3526
2024-08-18 10:00,고속도로,기점,(갓길)사고처리중,126.8618,37.3526
2024-08-18 10:00,고속도로,기점,(1차로)승용차사고처리중,128.5338,37.6456
2024-08-18 10:00,고속도로,기점,(1차로)승용차관련사고처리중,127.3548,37.6341
2024-08-18 11:00,고속도로,기점,(1차로)승용차관련사고처리중,128.1257,37.7882
2024-08-18 11:00,고속도로,종점,(1차로)사고처리중,126.9005,37.2853
2024-08-18 11:00,고속도로,기점,(1차로)승용차사고처리중,127.8984,37.3611
2024-08-18 12:00,고속도로,종점,(1차로)승용차관련사고처리중,128.542,35.2887
2024-08-18 12:00,고속도로,종점,(1차로)승용차관련사고처리중,128.119,37.7877
2024-08-18 12:00,고속도로,종점,(진출로1차로)승용차단독사고처리중,127.9345,35.6785
2024-08-18 13:00,고속도로,종점,(갓길)승용차관련사고처리중,129.2089,35.282
2024-08-18 15:00,고속도로,종점,(1차로)사고처리중,127.0917,36.4856
2024-08-18 15:00,고속도로,종점,(속초방향진출로1차로)승용차관련사고처리중,128.594,38.0608
2024-08-18 16:00,고속도로,기점,(갓길)승용차관련사고처리중,127.491,36.8174
2024-08-18 16:00,고속도로,기점,(갓길)사고처리중,127.4241,37.245
2024-08-18 16:00,고속도로,종점,(2차로)승용차단독사고처리중,126.4906,35.217
2024-08-18 16:00,고속도로,기점,(갓길)승용차단독사고처리중,129.1847,35.6926
2024-08-18 17:00,고속도로,기점,"(3,4차로)승용차관련사고처리중",127.1037,37.2912
2024-08-18 17:00,고속도로,기점,(갓길)승용차단독사고처리중,129.1847,35.6926
2024-08-18 17:00,고속도로,기점,(1차로)승용차관련사고처리중,128.585,35.2886
2024-08-18 17:00,고속도로,종점,(5차로)사고처리중,127.1003,37.3992
2024-08-18 18:00,고속도로,기점,(3차로)화물차관련사고처리중,126.7515,37.4772
2024-08-18 18:00,고속도로,종점,(갓길)승용차관련사고처리중,126.9269,35.1834
2024-08-18 19:00,고속도로,기점,(갓길)승용차사고확인중,127.6141,37.2394
2024-08-18 19:00,고속도로,종점,(2차로)승용차단독사고처리중,127.6103,34.9662
2024-08-18 19:00,고속도로,종점,(1차로)승용차단독사고처리중,128.9324,35.2901
2024-08-18 20:00,고속도로,종점,(갓길)승용차관련사고처리중,126.8698,37.2087
2024-08-18 20:00,고속도로,종점,(1차로)승용차단독사고처리중,127.2425,34.8285
2024-08-18 22:00,고속도로,기점,"(2,3차로)승용차관련사고처리중",128.0535,36.141
2024-08-19 04:00,고속도로,종점,"(1,2차로)승용차관련사고처리중",126.8917,37.4588
2024-08-19 04:00,고속도로,종점,(1차로)승용차사고처리중,127.747,37.2428
2024-08-19 05:00,고속도로,종점,(1차로)승용차사고처리중,127.747,37.2428
2024-08-19 05:00,고속도로,종점,"(1,2차로)승용차관련사고처리중",126.8917,37.4588
2024-08-19 06:00,고속도로,기점,(1차로)사고처리중,127.1033,37.3543
2024-08-19 06:00,고속도로,종점,(갓길)화물차화재사고처리중,129.4211,35.8094
2024-08-19 06:00,고속도로,기점,(5차로)승용차관련사고처리중,127.1327,37.0729
2024-08-19 07:00,고속도로,기점,"(4차로,갓길)화물차관련사고처리중",128.965,35.1537
2024-08-19 08:00,고속도로,종점,(1차로)승용차관련추돌사고처리중,126.9062,35.1839
2024-08-19 08:00,고속도로,기점,(1차로)승용차관련추돌사고처리중,126.7605,35.148
2024-08-19 08:00,고속도로,기점,노고산2터널부근(54.6K)(1차로)승용차사고처리중  양주요금소 노고산터널3km정체,126.918,37.6794
2024-08-19 08:00,고속도로,종점,(1차로)승용차관련추돌사고처리중,126.8755,35.1893
2024-08-19 08:00,고속도로,종점,(2차로)사고처리중,126.8425,37.4404
2024-08-19 09:00,고속도로,종점,(갓길)사고처리중,126.8368,37.4403
2024-08-19 10:00,고속도로,종점,(1차로)승용차관련추돌사고처리중,128.0524,37.0644
2024-08-19 10:00,고속도로,기점,(2차로)화물차관련사고처리중,128.6532,35.2737
2024-08-19 10:00,고속도로,종점,(갓길)사고처리중,127.3146,37.3893
2024-08-19 11:00,고속도로,기점,(3차로)화물차관련사고처리중,129.1949,35.7275
2024-08-19 11:00,고속도로,기점,(1차로)승용차관련사고처리중,127.124,37.4437
2024-08-19 11:00,고속도로,종점,(1차로)승용차관련추돌사고처리중,128.0524,37.0644
2024-08-19 12:00,고속도로,종점,"(4차로,갓길)1톤화물차화재사고처리중",128.3618,36.0977
2024-08-19 12:00,고속도로,기점,(5차로)승합차관련사고처리중,127.1056,37.4076
2024-08-19 13:00,고속도로,기점,(진출로광장부)승용차단독사고처리중,129.2044,35.1982
2024-08-19 13:00,고속도로,종점,(1차로)승용차관련사고처리중,128.3141,37.549
2024-08-19 14:00,고속도로,기점,(2차로)승용차관련추돌사고처리중,127.9968,37.2825
2024-08-19 14:00,고속도로,기점,(1차로)승용차관련사고처리중,127.7907,34.9885
2024-08-19 15:00,고속도로,종점,(갓길)승용차단독사고처리중,128.5528,36.6865
2024-08-19 15:00,고속도로,기점,(1차로)추돌사고처리중,127.1254,37.4614
2024-08-19 15:00,고속도로,종점,(4차로)화물차관련사고처리중,126.8216,37.5234
2024-08-19 16:00,고속도로,종점,"(1,2차로)추돌사고처리중",127.1656,37.5728
2024-08-19 16:00,고속도로,기점,(1차로)승용차관련사고처리중,128.4666,37.616
2024-08-19 19:00,고속도로,기점,(진입로2차로)승용차단독사고처리중,128.7875,35.2238
2024-08-19 23:00,고속도로,종점,"(1,2차로)승용차단독사고처리중",128.031,37.2654
2024-08-20 00:00,고속도로,종점,(1차로)승용차단독사고처리중,128.031,37.2654
2024-08-20 01:00,고속도로,종점,(4차로)화물차관련사고처리중,128.4272,35.9952
2024-08-20 01:00,고속도로,종점,(2차로)승용차관련사고처리중,127.4201,36.6047
2024-08-20 02:00,고속도로,종점,"(1,2차로)화물차관련사고처리중",127.1643,37.5743
2024-08-20 05:00,고속도로,기점,"(3,4차로,갓길)화물차관련사고처리중",127.4307,36.4797
2024-08-20 06:00,고속도로,기점,(2차로)승용차사고처리중,127.1037,37.2822
2024-08-20 06:00,고속도로,기점,"(3,4차로,갓길)화물차관련사고처리중",127.4307,36.4797
2024-08-20 06:00,고속도로,기점,"(진출로2차로,갓길)화물차단독사고처리중",128.7201,35.2798
2024-08-20 07:00,고속도로,종점,(갓길)승용차관련사고처리중,126.8267,37.4401
2024-08-20 07:00,고속도로,종점,(램프1차로)화물차단독사고처리중,128.7204,35.2807
2024-08-20 07:00,고속도로,기점,(창원방향진출2차로)화물차단독사고처리중,128.7201,35.2798
2024-08-20 08:00,고속도로,종점,(5차로)승용차관련사고처리중,127.0838,37.2922
2024-08-20 09:00,고속도로,기점,(2차로)승용차단독사고처리중,129.2617,36.0487
2024-08-20 10:00,고속도로,기점,(갓길)승용차관련사고처리중,127.9331,37.3915
2024-08-20 10:00,고속도로,기점,"(1,2,3차로)화물차관련사고처리중",126.8545,37.3461
2024-08-20 10:00,고속도로,기점,(1차로)승용차관련사고처리중,126.9057,37.4239
2024-08-20 11:00,고속도로,기점,(3차로)화물차관련사고처리중,128.774,37.6879
2024-08-20 11:00,고속도로,기점,(1차로)승용차관련사고처리중,126.9057,37.4239
2024-08-20 12:00,고속도로,기점,(갓길)사고처리중,126.8929,37.2683
2024-08-20 13:00,고속도로,기점,(갓길)대형화물차관련사고처리중,127.1731,36.7864
2024-08-20 15:00,고속도로,기점,(2차로)승용차관련사고처리중,126.9037,37.3222
2024-08-20 15:00,고속도로,종점,(2차로)대형화물차사고처리중,127.2385,35.7256
2024-08-20 16:00,고속도로,기점,(5차로)사고확인중,126.7469,37.4998
2024-08-20 16:00,고속도로,기점,(2차로)승용차관련사고처리중,128.0051,35.2109
2024-08-20 16:00,고속도로,기점,(2차로)승용차단독사고처리중,127.4765,36.3265
2024-08-20 16:00,고속도로,종점,(2차로)대형화물차사고처리중,127.2385,35.7256
2024-08-20 16:00,고속도로,종점,(갓길)화물차단독사고처리중,128.6602,35.271
2024-08-20 17:00,고속도로,종점,(1차로)승용차단독사고처리중,129.1982,36.4684
2024-08-20 17:00,고속도로,종점,(2차로)대형화물차사고처리중,127.2385,35.7256
2024-08-20 18:00,고속도로,종점,(1차로)승용차관련사고처리중,126.8482,37.3481
2024-08-20 18:00,고속도로,종점,(1차로)승용차관련사고처리중,127.4731,36.7488
2024-08-20 18:00,고속도로,기점,"(1,2차로)승용차단독사고처리중",129.1295,36.4939
2024-08-20 19:00,고속도로,종점,(3차로)승용차관련사고처리중,126.7511,36.9128
2024-08-20 19:00,고속도로,기점,(1차로)승용차관련사고처리중,127.013,37.3106
2024-08-20 19:00,고속도로,종점,(2차로)승용차단독사고처리중,127.4799,35.0793
2024-08-21 00:00,고속도로,종점,(진출로갓길)화물차관련사고처리중,127.2173,36.7603
2024-08-21 02:00,고속도로,종점,(1차로)사고처리중,126.8568,37.438
2024-08-21 03:00,고속도로,기점,"(1,2차로)사고처리중",126.8232,37.3496
2024-08-21 03:00,고속도로,기점,(갓길)승용차관련사고처리중,126.9011,37.3719
2024-08-21 04:00,고속도로,기점,(갓길)중형화물사고처리중,126.9279,35.185
2024-08-21 04:00,고속도로,종점,(2차로)승용차관련사고처리중,128.0807,37.2325
2024-08-21 04:00,고속도로,기점,"(1,2차로)사고처리중",126.8232,37.3496
2024-08-21 05:00,고속도로,기점,"(2차로,갓길)사고처리중",127.4889,36.2013
2024-08-21 05:00,고속도로,기점,(1차로)소형화물차사고처리중,127.4457,35.2144
2024-08-21 05:00,고속도로,기점,"(1,2차로)사고처리중",126.8232,37.3496
2024-08-21 05:00,고속도로,기점,(갓길)중형화물사고처리중,126.9279,35.185
2024-08-21 06:00,고속도로,종점,(4차로)승용차단독사고처리중,128.9969,35.2864
2024-08-21 06:00,고속도로,종점,(4차로)사고처리중,127.0586,37.2969
2024-08-21 06:00,고속도로,종점,(3차로)사고처리중,127.0846,37.1421
2024-08-21 06:00,고속도로,종점,"(2차로,갓길)대형화물차사고처리중",127.3326,36.3744
2024-08-21 06:00,고속도로,종점,(진입로1차로)사고처리중,126.8492,37.4399
2024-08-21 06:00,고속도로,종점,(갓길)승용차단독사고처리중,126.6596,36.8641
2024-08-21 07:00,고속도로,종점,(1차로)화물차관련사고처리중,129.0955,35.4996
2024-08-21 07:00,고속도로,종점,"(2차로,갓길)대형화물차사고처리중",127.3326,36.3744
2024-08-21 07:00,고속도로,종점,(5차로)사고처리중,126.8684,37.3425
2024-08-21 07:00,고속도로,종점,"별내부근(36.3K)(1,2차로)승용차사고처리",127.1205,37.6545
2024-08-21 07:00,고속도로,종점,(갓길)승용단독사고처리중,126.5047,34.9501
2024-08-21 08:00,고속도로,종점,(갓길)승용차관련사고처리중,126.7413,36.9086
2024-08-21 08:00,고속도로,기점,"(3차로,갓길)승용차고장처리중",128.9453,35.922
2024-08-21 08:00,고속도로,종점,(갓길)대형화물차사고처리중,127.3326,36.3744
2024-08-21 08:00,고속도로,기점,(2차로)승용단독사고처리중,127.0975,37.403
2024-08-21 08:00,고속도로,기점,(갓길)단독사고처리중,126.9645,37.3819
2024-08-21 08:00,고속도로,종점,"별내부근(36.7K)(1,2차로)승용차사고처리중   퇴계원 별내3km정체중",127.1205,37.6545
2024-08-21 09:00,고속도로,기점,(갓길)단독사고처리중,126.9645,37.3819
2024-08-21 11:00,고속도로,종점,(갓길)화물차관련사고처리중,127.2466,37.4765
2024-08-21 11:00,고속도로,종점,(갓길)승용차사고처리중,126.6703,36.8669
2024-08-21 12:00,고속도로,종점,(2차로)승용차관련사고처리중,127.5533,36.5121
2024-08-21 12:00,고속도로,기점,(갓길)승용차관련사고처리중,127.5175,37.2439
2024-08-21 13:00,고속도로,기점,(갓길)승용차관련사고처리중,127.5567,37.2404
2024-08-21 13:00,고속도로,종점,(1차로)승용차관련사고처리중,127.3599,37.2437
2024-08-21 13:00,고속도로,기점,(갓길)승용차단독사고처리중,127.4587,35.0058
2024-08-21 13:00,고속도로,기점,"(2,3차로)승용차사고처리중",127.4292,36.4744
2024-08-21 14:00,고속도로,기점,(진출로갓길)화물차단독사고처리중,127.3205,37.3536
2024-08-21 14:00,고속도로,기점,(갓길)승용차관련사고처리중,128.2003,37.805
2024-08-21 14:00,고속도로,기점,(4차로)승용차관련사고처리중,127.4782,37.2458
2024-08-21 14:00,고속도로,종점,"(4,5차로)승용차사고처리중",127.1003,37.3992
2024-08-21 14:00,고속도로,기점,(1차로)승용차관련사고처리중,126.7593,37.4628
2024-08-21 16:00,고속도로,종점,(4차로)화물차관련사고처리중,128.6451,35.9167
2024-08-21 16:00,고속도로,기점,(4차로)승용차관련사고처리중,128.9059,35.1638
2024-08-21 17:00,고속도로,종점,(1차로)승용차사고처리중,127.4273,36.5866
2024-08-21 18:00,고속도로,기점,(1차로)승용차사고처리중,127.1509,37.003
2024-08-21 19:00,고속도로,종점,(진출로갓길)승용차사고처리중,128.4177,37.5929
2024-08-21 19:00,고속도로,종점,(1차로)승용차관련사고처리중,128.9697,35.2193
2024-08-21 19:00,고속도로,종점,(5차로)승용차관련사고처리중,126.892,37.416
2024-08-21 19:00,고속도로,종점,(갓길)승용차단독사고처리중,128.4158,35.7697
2024-08-21 21:00,고속도로,종점,(갓길)추돌사고처리중,127.4687,34.892
2024-08-21 21:00,고속도로,기점,(갓길)사고처리중,126.7671,35.724
2024-08-21 22:00,고속도로,기점,(갓길)사고처리중,126.7671,35.724
2024-08-21 23:00,고속도로,종점,(진출하이패스차로)승용차단독사고처리중,128.8056,35.1987
2024-08-21 23:00,고속도로,종점,(2차로)화물차화재사고처리중,128.4499,35.6134
2024-08-22 00:00,고속도로,종점,(갓길)화물차화재사고처리중,128.4499,35.6134
2024-08-22 00:00,고속도로,기점,(갓길)승용차단독사고처리중,126.5823,35.0662
2024-08-22 01:00,고속도로,종점,(3차로)사고처리중,126.6331,37.4458
2024-08-22 02:00,고속도로,종점,(갓길)승용차사고처리중,127.2465,37.4754
2024-08-22 06:00,고속도로,기점,(1차로)승용차단독사고처리중,127.1938,37.526
2024-08-22 08:00,고속도로,종점,(갓길)승용차관련사고처리중,126.8503,37.3475
2024-08-22 08:00,고속도로,종점,"(4,5차로)화물차관련사고처리중",126.7998,37.6189
2024-08-22 09:00,고속도로,종점,(갓길)승용차관련사고처리중,127.3311,35.3696
2024-08-22 09:00,고속도로,종점,(갓길)승용차관련사고처리중,126.8503,37.3475
2024-08-22 09:00,고속도로,기점,"(1,2차로)승용차관련사고처리중",126.8734,37.1773
2024-08-22 10:00,고속도로,기점,(5차로)승용차관련사고처리중,127.1056,37.4076
2024-08-22 10:00,고속도로,기점,(갓길)승용차관련사고처리중,126.8734,37.1773
2024-08-22 11:00,고속도로,종점,(4차로)승용차단독사고처리중,128.9543,35.1555
2024-08-22 11:00,고속도로,기점,(1차로)승용차단독사고처리중,127.1572,36.9866
2024-08-22 12:00,고속도로,기점,(갓길)승용차관련추돌사고처리중,126.9716,35.2226
2024-08-22 12:00,고속도로,종점,(진출로갓길)승용차관련추돌사고처리중,126.8842,35.1849
2024-08-22 13:00,고속도로,종점,(1차로)승용차관련사고처리중,128.7746,37.6789
2024-08-22 15:00,고속도로,기점,(갓길)승용차관련사고처리중,128.3226,37.5549
2024-08-22 15:00,고속도로,기점,(갓길)승용차관련사고처리중,128.8137,37.8592
2024-08-22 15:00,고속도로,서울방향,국도39호선 고양 주교지하차도(서울방향) 시설물점검작업으로 전면통제중입니다.,126.8298,37.662345
2024-08-22 15:00,고속도로,종점,(진입로1차로)승용차단독사고처리중,126.9786,37.3797
2024-08-22 16:00,고속도로,기점,(1차로)사고처리중,126.812,37.3504
2024-08-22 16:00,고속도로,종점,(갓길)승용차단독사고처리중,128.2793,35.2646
2024-08-22 16:00,고속도로,기점,(3차로)사고처리중,126.8714,37.3413
2024-08-22 17:00,고속도로,종점,(진출로2차로)사고처리중,126.9608,37.3238
2024-08-22 17:00,고속도로,종점,(2차로)승용차사고처리중,127.1576,36.9858
2024-08-22 17:00,고속도로,종점,(2차로)승용차사고처리중,127.2621,36.4444
2024-08-22 18:00,고속도로,기점,(2차로)화물차관련사고처리중,128.5438,36.8099
2024-08-22 19:00,고속도로,종점,(1차로)승용차관련사고처리중,128.1498,37.7919
2024-08-22 22:00,고속도로,기점,(갓길)화물차관련사고처리중,127.7791,37.7717
2024-08-22 22:00,고속도로,종점,"(1,2차로)추돌사고처리중",127.4269,35.0121
2024-08-23 00:00,고속도로,기점,(1차로)대항차로사고관련처리중,129.2471,35.3401
2024-08-23 00:00,고속도로,종점,"(1,2차로)승용차관련사고처리중",129.2471,35.3401
2024-08-23 03:00,고속도로,기점,(갓길)화물차관련사고처리중,127.1038,37.2732
2024-08-23 04:00,고속도로,기점,(갓길)화물차관련사고처리중,127.1038,37.2732
2024-08-23 05:00,고속도로,기점,(갓길)화물차관련사고처리중,127.1038,37.2732
2024-08-23 06:00,고속도로,기점,(갓길)화물차관련사고처리중,127.1038,37.2732
2024-08-23 08:00,고속도로,기점,"(4차로,갓길)승용차관련사고처리중",126.8414,37.4023
2024-08-23 09:00,고속도로,종점,(광장부)사고처리중,126.8618,37.3526
2024-08-23 10:00,고속도로,기점,"(3,4차로)화물차관련사고처리중",127.279,37.2428
2024-08-23 10:00,고속도로,종점,"(3,4차로)화물차관련사고처리중",126.7527,37.5614
2024-08-23 11:00,고속도로,종점,(갓길)승용차관련사고처리중,127.0798,37.4205
2024-08-23 13:00,고속도로,종점,(진출로갓길)승용차관련사고처리중,127.0846,37.1421
2024-08-23 13:00,고속도로,기점,(1차로)승용차관련사고처리중,126.871,37.1997
2024-08-23 13:00,고속도로,기점,(1차로)승용차관련사고처리중,127.1363,37.6311
2024-08-23 13:00,고속도로,종점,"(2,3차로)화물차관련사고처리완료",128.9837,35.2528
2024-08-23 14:00,고속도로,종점,(1차로)승용차관련사고처리중,127.8911,36.8981
2024-08-23 14:00,고속도로,기점,(1차로)승용차관련사고처리중,128.6068,35.2862
2024-08-23 15:00,고속도로,종점,(4차로)승용차관련사고처리중,128.5424,35.8958
2024-08-23 15:00,고속도로,종점,(2차로)승용차관련사고처리중,127.8894,36.9098
2024-08-23 15:00,고속도로,종점,(갓길)화물차관련사고처리중,126.7512,37.5355
2024-08-23 15:00,고속도로,종점,"(2차로,갓길)사고처리중",126.8718,35.6066
2024-08-23 15:00,고속도로,종점,(1차로)승용차관련사고처리중,127.4781,36.7537
2024-08-23 16:00,고속도로,종점,(1차로)승용차관련사고처리중,128.1676,36.5325
2024-08-23 17:00,고속도로,기점,(갓길)승용차관련사고처리중,128.9458,35.2436
2024-08-23 17:00,고속도로,기점,(1차로)사고처리중,126.9709,37.32
2024-08-23 17:00,고속도로,기점,"(2,3차로)승용차관련사고처리중",128.9704,35.1528
2024-08-23 18:00,고속도로,종점,(1차로)승용차관련사고처리중,128.9784,35.2768
2024-08-23 18:00,고속도로,종점,(1차로)화물차관련사고처리중,128.9826,35.2797
2024-08-23 18:00,고속도로,기점,사고확인중,127.0205,37.3125
2024-08-23 19:00,고속도로,기점,(1차로)승용차관련사고처리중,128.5358,36.108
2024-08-23 19:00,고속도로,기점,사고확인중,127.0205,37.3125
2024-08-23 20:00,고속도로,종점,"(1,2차로)사고처리중",127.1522,36.9995
2024-08-23 21:00,고속도로,기점,(진출로1차로)사고처리중,126.7983,36.0115
2024-08-24 00:00,고속도로,종점,(5차로)승용차사고처리중,126.7554,37.5792
2024-08-24 01:00,고속도로,기점,(2차로)승용차관련사고처리중,127.275,36.227
2024-08-24 04:00,고속도로,종점,(갓길)승용차단독사고처리중,128.6333,36.5292
2024-08-24 06:00,고속도로,기점,(2차로)승용차사고처리중,127.1748,36.7821
2024-08-24 06:00,고속도로,종점,(갓길)승용차관련사고처리중,128.2053,37.4926
2024-08-24 09:00,고속도로,기점,"(3,4차로)승용차관련사고처리중",128.9532,35.1557
2024-08-24 10:00,고속도로,종점,(1차로)승용차관련사고처리중,127.1643,37.5743
2024-08-24 10:00,고속도로,종점,(1차로)사고처리완료,127.2001,37.0009
2024-08-24 10:00,고속도로,기점,(2차로)사고처리중,126.7798,37.4583
2024-08-24 11:00,고속도로,종점,(1차로)승용차관련사고처리중,128.1274,36.6703
2024-08-24 11:00,고속도로,기점,(갓길)사고처리중,126.7423,37.3978
2024-08-24 11:00,고속도로,기점,(2차로)사고처리중,126.7512,37.5355
2024-08-24 11:00,고속도로,종점,(1차로)사고처리완료,127.2001,37.0009
2024-08-24 12:00,고속도로,종점,(3차로)승용차관련사고처리중,127.5479,36.3235
2024-08-24 12:00,고속도로,기점,(1차로)승용차사고처리중,127.3571,37.6341
2024-08-24 13:00,고속도로,종점,(1차로)승용차관련사고처리중,127.7225,37.0761
2024-08-24 13:00,고속도로,종점,(1차로)승용차단독사고처리중,127.1748,36.7821
2024-08-24 14:00,고속도로,기점,(갓길)승용차관련사고처리중,127.9918,35.2404
2024-08-24 14:00,고속도로,종점,"(1,2차로)사고처리중",126.8929,37.2683
2024-08-24 15:00,고속도로,종점,(3차로)대형화물차관련사고처리중,128.2381,37.0444
2024-08-24 15:00,고속도로,종점,(갓길)사고처리중,126.8929,37.2683
2024-08-24 15:00,고속도로,종점,(1차로)승용차사고처리중,126.7832,36.938
2024-08-24 15:00,고속도로,기점,(진출로4차로)화물차관련사고처리중,127.1003,37.3992
2024-08-24 16:00,고속도로,종점,(1차로)승용차관련사고처리중,126.8888,37.0552
2024-08-24 16:00,고속도로,종점,(갓길)승용차관련사고처리중,126.8881,37.2622
2024-08-24 16:00,고속도로,기점,(1차로)승용차관련사고처리완료,128.5234,36.0355
2024-08-24 17:00,고속도로,기점,(진입로갓길)단독사고처리중,127.3783,37.2905
2024-08-24 17:00,고속도로,종점,(진출하이패스1차로)승용차관련사고처리중,128.8392,37.7501
2024-08-24 18:00,고속도로,기점,(1차로)승용차관련추돌사고처리중,128.1336,36.6628
2024-08-24 19:00,고속도로,종점,(진출로1차로)승용차관련사고처리중,127.4213,36.6524
2024-08-24 20:00,고속도로,종점,(진입로갓길)사고처리중,127.2697,37.4479
2024-08-24 21:00,고속도로,종점,(2차로)승용차관련사고처리중,128.7741,37.687
2024-08-24 22:00,고속도로,종점,(평택제천선진출로2차로)승용차관련사고처리중,126.8894,37.0576
2024-08-24 23:00,고속도로,기점,(갓길)승용차단독사고처리중,128.6364,35.2732
2024-08-25 03:00,고속도로,종점,(진출로3차로)승용차관련사고처리중,127.0983,37.4023
2024-08-25 04:00,고속도로,종점,(진출로3차로)승용차관련사고처리중,127.0983,37.4023
2024-08-25 06:00,고속도로,기점,"(5차로,갓길)단독사고처리중",127.0958,37.2126
2024-08-25 07:00,고속도로,기점,"(5차로,갓길)단독사고처리중",127.0958,37.2126
2024-08-25 08:00,고속도로,기점,(2차로)승용차관련사고처리중,128.3879,36.396
2024-08-25 09:00,고속도로,기점,(1차로)승용차관련사고처리중,127.5816,37.7227
2024-08-25 12:00,고속도로,종점,(1차로)승용차사고처리중,126.8036,36.943
2024-08-25 12:00,고속도로,종점,"(1,2차로)승용차사고처리중",128.5394,38.1873
2024-08-25 12:00,고속도로,기점,(1차로)승용차관련사고처리중,126.9071,37.3226
2024-08-25 13:00,고속도로,종점,(갓길)승용차사고처리중,128.5394,38.1873
2024-08-25 13:00,고속도로,기점,"(1,2차로)승용차관련사고처리중",126.8394,37.3483
2024-08-25 13:00,고속도로,종점,(갓길)승용차관련사고처리중,127.1679,37.0242
2024-08-25 14:00,고속도로,기점,(3차로)승용차사고처리중,127.4696,37.6505
2024-08-25 14:00,고속도로,종점,(1차로)승용차사고처리중,128.1684,37.797
2024-08-25 14:00,고속도로,종점,(2차로)승용차사고처리중,127.1694,37.5684
2024-08-25 14:00,고속도로,기점,"(2,3차로)승용차관련사고처리중",126.8783,37.3354
2024-08-25 14:00,고속도로,종점,(2차로)승용차관련사고처리중,127.1033,37.3543
2024-08-25 15:00,고속도로,기점,(갓길)승용차관련사고처리중,128.2818,37.9104
2024-08-25 15:00,고속도로,기점,(4차로)추돌사고처리중,127.1363,37.6311
2024-08-25 15:00,고속도로,기점,(1차로)승용차관련사고처리중,127.1581,37.5819
2024-08-25 15:00,고속도로,기점,(2차로)승용단독사고처리중,126.6565,36.1051
2024-08-25 15:00,고속도로,기점,(5차로)승용차관련사고처리중,127.1038,37.2705
2024-08-25 16:00,고속도로,종점,(1차로)승용차화재사고처리중,127.74,37.0431
2024-08-25 16:00,고속도로,종점,(1차로)승용차관련사고처리중,127.4413,37.1811
2024-08-25 17:00,고속도로,종점,(1차로)승용차관련사고처리중,127.4423,37.1319
2024-08-25 17:00,고속도로,기점,(진입로갓길)승용차관련사고처리중,129.1875,35.8044
2024-08-25 18:00,고속도로,기점,(갓길)승용차사고처리중,127.1669,36.7989
2024-08-25 18:00,고속도로,기점,(2차로)승용차단독사고처리중,127.7058,35.6378
2024-08-25 19:00,고속도로,종점,"(1,2차로)승용차관련사고처리중",126.9171,35.1825
2024-08-25 19:00,고속도로,기점,(2차로)승용차관련사고처리중,127.2371,37.5961
2024-08-25 19:00,고속도로,기점,(4차로)추돌사고처리중,126.7965,37.6152
2024-08-25 20:00,고속도로,기점,"(1,2차로)승용차관련사고처리중",128.4059,36.0545
2024-08-25 23:00,고속도로,종점,"(1,2차로,갓길)승용차관련사고처리중",128.538,36.6543
2024-08-25 23:00,고속도로,기점,(갓길)승용차사고처리중,126.7974,37.4557
2024-08-26 01:00,고속도로,기점,(갓길)승용차단독사고처리중,128.4267,36.0006
2024-08-26 02:00,고속도로,종점,(진출로갓길)승용차사고처리중,127.9902,36.7603
2024-08-26 05:00,고속도로,종점,(2차로)화물차관련사고처리중,126.5544,36.6132
2024-08-26 05:00,고속도로,종점,(진출로1차로)승용차사고처리중,126.7203,37.5238
2024-08-26 06:00,고속도로,종점,(1차로)승용차관련사고처리중,126.6919,37.4333
2024-08-26 07:00,고속도로,기점,(2차로)승용차화재사고처리중,127.7069,36.276
2024-08-26 07:00,고속도로,기점,(1차로)승용차관련사고처리중,126.9821,37.3204
2024-08-26 07:00,고속도로,종점,(3차로)승용차관련사고처리중,126.892,37.416
2024-08-26 07:00,고속도로,종점,(갓길)승용차관련사고처리중,126.7585,37.4322
2024-08-26 08:00,고속도로,기점,(1차로)승용차관련사고처리중,128.7839,35.2261
2024-08-26 08:00,고속도로,기점,(갓길)화물차관련사고처리중,127.874,35.4039
2024-08-26 08:00,고속도로,종점,(1차로)화물차관련사고처리중,126.8618,37.3526
2024-08-26 08:00,고속도로,종점,(1차로)승용차단독사고처리중,129.0727,35.3088
2024-08-26 09:00,고속도로,기점,(하이패스3차로)사고처리중,126.7686,37.5935
2024-08-26 09:00,고속도로,기점,(1차로)승용차관련사고처리중,128.7745,35.2292
2024-08-26 09:00,고속도로,기점,(갓길)화물차관련사고처리중,126.8876,37.2614
2024-08-26 10:00,고속도로,기점,(2차로)화물차관련사고처리중,128.5092,35.4672
2024-08-26 10:00,고속도로,종점,(갓길)승용차단독사고처리중,129.0784,35.4503
2024-08-26 11:00,고속도로,종점,(2차로)화물차관련사고처리중,127.5037,36.7734
2024-08-26 11:00,고속도로,종점,"(1,2차로)승용차관련사고처리중",127.157,37.2879
2024-08-26 11:00,고속도로,종점,(2차로)사고처리중,127.1037,37.2948
2024-08-26 12:00,고속도로,기점,(1차로)승용차관련사고처리중,128.1536,36.617
2024-08-26 13:00,고속도로,기점,"(1,2차로)대형승합차관련사고처리중",127.4431,37.1963
2024-08-26 13:00,고속도로,종점,(1차로)승용차관련사고처리중,126.4999,34.9005
2024-08-26 14:00,고속도로,종점,(1차로)승용차사고처리중,128.188,37.8003
2024-08-26 14:00,고속도로,기점,(3차로)화물차사고처리중,127.3472,36.7045
2024-08-26 15:00,고속도로,종점,(1차로)승용차관련사고처리중,128.5204,37.6439
2024-08-26 15:00,고속도로,종점,(1차로)승용차관련사고처리중,129.0155,37.6429
2024-08-26 15:00,고속도로,종점,"(3,4차로)버스화재사고처리중",128.7605,35.2428
2024-08-26 15:00,고속도로,기점,(2차로)승용차단독사고처리중,127.4495,35.1813
2024-08-26 15:00,고속도로,기점,(갓길)사고처리중,127.1224,37.4169
2024-08-26 15:00,고속도로,종점,(갓길)승용차관련사고처리중,129.2481,35.3741
2024-08-26 15:00,고속도로,기점,(3차로)화물차사고처리중,127.3472,36.7045
2024-08-26 15:00,고속도로,종점,"(1,2차로)승용차관련사고처리중",128.9743,37.6847
2024-08-26 16:00,고속도로,종점,(갓길)승용차관련사고처리중,126.7624,37.3827
2024-08-26 16:00,고속도로,기점,(갓길)화물차사고처리중,127.3472,36.7045
2024-08-26 16:00,고속도로,종점,(갓길)버스화재사고처리중,128.7605,35.2428
2024-08-26 18:00,고속도로,종점,(2차로)승용차화재사고처리중,129.3387,35.7424
2024-08-26 18:00,고속도로,종점,(2차로)승용차관련사고처리중,127.1408,37.0286
2024-08-26 19:00,고속도로,종점,"(1,2차로)추돌사고처리중",126.7933,37.6116
2024-08-26 19:00,고속도로,종점,(1차로)승용차사고처리중,128.6982,37.679
2024-08-26 19:00,고속도로,기점,(갓길)승용단독사고처리중,126.7311,35.1175
2024-08-26 20:00,고속도로,기점,(진출로1차로)승용차관련사고처리중,126.7726,36.0656
2024-08-26 22:00,고속도로,기점,"(1,2차로)화물차관련사고처리중",127.1032,36.0269
2024-08-26 22:00,고속도로,종점,"(1,2,3차로)화물차관련사고처리중",127.1032,36.0269
2024-08-26 23:00,고속도로,종점,"(2,3차로)화물차사고처리중",127.4663,36.3496
2024-08-26 23:00,고속도로,기점,"(1,2차로)화물차관련사고처리중",127.1032,36.0269
2024-08-26 23:00,고속도로,종점,"(1,2,3차로)화물차관련사고처리중",127.1032,36.0269
2024-08-27 00:00,고속도로,종점,"(2,3차로)화물차사고처리중",127.4663,36.3496
2024-08-27 00:00,고속도로,종점,"(1,2차로)승용차관련사고처리중",129.2236,35.2776
2024-08-27 01:00,고속도로,종점,"(2,3차로)화물차사고처리중",127.4663,36.3496
2024-08-27 01:00,고속도로,종점,(갓길)화물차관련사고처리중,127.4801,37.0354
2024-08-27 04:00,고속도로,종점,"(1,3,4차로)화물차관련사고처리중",127.4782,37.2458
2024-08-27 05:00,고속도로,종점,"(2,3,4차로)화물차관련사고처리중",127.4849,37.246
2024-08-27 06:00,고속도로,종점,(5차로)버스관련사고처리중,127.0921,37.1677
2024-08-27 09:00,고속도로,종점,(3차로)승용차관련사고처리중,126.9034,37.4238
2024-08-27 10:00,고속도로,기점,(광장부)승용차관련사고처리중,126.7463,37.524
2024-08-27 10:00,국도,포항방향,화물차 2대 관련 2중 추돌사고,129.282231,35.946151
2024-08-27 10:00,국도,포항방향,화물차 2중 추돌사고,129.282488,35.946822
2024-08-27 10:00,고속도로,기점,(갓길)승용차관련사고처리중,126.8176,37.3503
2024-08-27 10:00,고속도로,기점,(갓길)화물차관련사고처리중,126.7429,37.524
2024-08-27 11:00,고속도로,기점,(1차로)승용차관련사고처리중,129.0953,37.5481
2024-08-27 11:00,고속도로,종점,(갓길)화물차단독사고처리중,128.272,35.2278
2024-08-27 12:00,고속도로,종점,(2차로)소형화물차관련사고처리중,126.7654,37.38
2024-08-27 12:00,고속도로,종점,(1차로)승용차관려사고처리중,127.1059,37.2373
2024-08-27 14:00,고속도로,기점,(1차로)승용차관련사고처리중,128.0227,36.7462
2024-08-27 14:00,고속도로,종점,(5차로)사고처리중,127.1037,37.2777
2024-08-27 14:00,고속도로,기점,(갓길)화물차관련사고처리중,126.752,37.5265
2024-08-27 14:00,고속도로,기점,"(1,2차로)승용차단독사고처리중",128.7261,36.4215
2024-08-27 14:00,고속도로,기점,"(1,2차로)승용차관련사고처리중",127.5015,36.807
2024-08-27 15:00,고속도로,종점,(1차로)승용차관련사고처리중,127.255,37.4603
2024-08-27 15:00,고속도로,기점,(2차로)승용차단독사고처리중,128.7261,36.4215
2024-08-27 15:00,고속도로,기점,(1차로)승용차관련사고처리중,127.4854,36.8551
2024-08-27 15:00,고속도로,종점,"(1,2차로)승용차관련사고처리중",128.1197,37.4711
2024-08-27 15:00,고속도로,종점,(진출로1차로)화물차단독사고처리중,127.1892,36.8942
2024-08-27 16:00,고속도로,종점,(갓길)승용차관련사고처리중,127.5239,37.3847
2024-08-27 16:00,고속도로,종점,(갓길)승용차관련사고처리중,126.7517,37.5248
2024-08-27 17:00,고속도로,종점,(1차로)승용차관련사고처리중,126.8878,37.0755
2024-08-27 17:00,고속도로,종점,(1차로)승용차사고처리중,127.435,36.5639
2024-08-27 17:00,고속도로,종점,(1차로)승용차관련사고처리중,127.2985,37.4234
2024-08-27 18:00,국도,부산방향,"화물차,승용차 관련 2중 추돌사고",129.11621,35.549854
2024-08-27 18:00,고속도로,종점,(3차로)승용차관련사고처리중,126.8239,37.5237
2024-08-27 21:00,고속도로,종점,(갓길)소형화물차화재사고처리중,127.2935,35.0399
2024-08-27 22:00,고속도로,종점,(갓길)화물차사고처리중,127.2935,35.0399
2024-08-28 01:00,고속도로,기점,(2차로)승용차관련사고처리중,128.6658,35.9244
2024-08-28 02:00,고속도로,기점,(갓길)사고처리중,126.7393,37.4129
2024-08-28 02:00,고속도로,종점,(진입로갓길)화물차단독사고처리중,127.4984,37.2451
2024-08-28 03:00,고속도로,종점,(진입로갓길)화물차단독사고처리중,127.4984,37.2451
2024-08-28 03:00,고속도로,기점,(갓길)사고처리중,126.7393,37.4129
2024-08-28 04:00,고속도로,종점,(진입로갓길)화물차단독사고처리중,127.4984,37.2451
2024-08-28 06:00,고속도로,종점,(갓길)화물차관련사고처리중,128.6175,36.4596
2024-08-28 07:00,고속도로,종점,(1차로)승용차관련추돌사고처리중,126.8056,35.2547
2024-08-28 07:00,고속도로,종점,"(1,2차로)승용차관련사고처리중",126.7865,37.4577
2024-08-28 07:00,고속도로,종점,"(1,2차로)승용차관련사고처리중",126.7865,37.4577
2024-08-28 08:00,고속도로,기점,(5차로)승용차관련사고처리중,128.8951,35.1653
2024-08-28 08:00,고속도로,종점,(1차로)승용차관련추돌사고처리중,126.8056,35.2547
2024-08-28 08:00,고속도로,기점,(1차로)승용차관련추돌사고처리중,126.7642,35.1513
2024-08-28 08:00,고속도로,종점,(갓길)승용차관련사고처리중,126.7865,37.4577
2024-08-28 09:00,고속도로,종점,(1차로)승용차관련추돌사고처리중,126.8056,35.2547
2024-08-28 09:00,고속도로,종점,(갓길)승용차관련사고처리중,126.7865,37.4577
2024-08-28 10:00,고속도로,종점,(2차로)승용차관련추돌사고처리중,126.8056,35.2547
2024-08-28 12:00,고속도로,종점,(1차로)승용차관련사고처리중,128.528,35.2839
2024-08-28 13:00,고속도로,종점,(진출로갓길)화물차관련사고처리중,128.8092,35.878
2024-08-28 13:00,고속도로,기점,(2차로)승용차관련사고처리중,128.9188,35.1616
2024-08-28 14:00,고속도로,종점,"(2,3차로,갓길)화물차화재사고처리중",128.8408,35.2216
2024-08-28 15:00,고속도로,종점,(1차로)승용차관련사고처리중,126.8869,37.1111
2024-08-28 15:00,고속도로,기점,(갓길)화물차화재사고처리중,128.7875,35.2238
2024-08-28 15:00,고속도로,종점,"(3차로,갓길)화물차화재사고처리중",128.8408,35.2216
2024-08-28 15:00,고속도로,기점,(1차로)화물차관련사고처리중,127.4201,36.6047
2024-08-28 15:00,고속도로,종점,(1차로)승용차관련사고처리중,126.8929,37.2683
2024-08-28 15:00,고속도로,기점,(1차로)승용차사고처리중,127.3402,36.718
2024-08-28 16:00,고속도로,종점,(2차로)승용차추돌사고처리중,127.1587,36.9842
2024-08-28 16:00,고속도로,종점,"(3차로,갓길)화물차화재사고처리중",128.8408,35.2216
2024-08-28 16:00,고속도로,종점,"(1,2차로)화물차사고처리중",126.8093,36.9429
2024-08-28 16:00,고속도로,기점,(갓길)화물차화재사고처리중,128.7875,35.2238
2024-08-28 17:00,고속도로,기점,(갓길)승용차사고처리중,127.2497,37.2455
2024-08-28 17:00,고속도로,종점,(갓길)승용차관련사고처리중,127.318,37.3624
2024-08-28 18:00,고속도로,종점,"(1,2차로)승용차관련사고처리중",126.8876,37.4086
2024-08-28 18:00,고속도로,종점,(1차로)승용차관련사고처리중,126.8876,37.4086
2024-08-28 18:00,고속도로,종점,(1차로)승용차관련사고러리중,126.9314,37.0487
2024-08-28 20:00,고속도로,기점,"(3,4,5차로)승용차사고처리중",127.1162,37.1063
2024-08-28 23:00,고속도로,기점,"(2,3차로)중형화물차화재사고처리중",127.4765,36.3265
2024-08-29 00:00,고속도로,기점,"(2,3차로)중형화물차화재사고처리중",127.4765,36.3265
2024-08-29 03:00,고속도로,양평방향,"사고처리중(119, 순찰반, 고순대 출동 중)",128.226156,36.407572
2024-08-29 03:00,고속도로,기점,(갓길)승용차사고처리중,126.7866,37.6043
2024-08-29 03:00,고속도로,종점,대형화물차관련사고처리중전면차단중,128.2271,36.4065
2024-08-29 04:00,고속도로,양평방향,"사고처리중(순찰반, 고순대, 119 출동 중, 우회홍보중)",128.225555,36.408539
2024-08-29 04:00,고속도로,양평방향,"사고처리중(119, 순찰반, 고순대 출동 중)",128.226156,36.407572
2024-08-29 04:00,고속도로,종점,(2차로)대형화물차관련사고처리중,128.2271,36.4065
2024-08-29 04:00,고속도로,종점,"(1,2차로)승용차관련사고처리중",127.4546,36.3593
2024-08-29 05:00,고속도로,양평방향,"사고처리중(순찰반, 고순대, 119 출동 중, 우회홍보중)",128.225555,36.408539
2024-08-29 05:00,고속도로,양평방향,"사고처리중(119, 순찰반, 고순대 출동 중)",128.226156,36.407572
2024-08-29 05:00,고속도로,종점,(2차로)대형화물차관련사고처리중,128.2271,36.4065
2024-08-29 05:00,고속도로,종점,"(1,2차로)승용차관련사고처리중",127.4546,36.3593
2024-08-29 05:00,고속도로,기점,(2차로)화물차추돌사고처리중,128.4424,35.6553
2024-08-29 06:00,고속도로,양평방향,"사고처리중(순찰반, 고순대, 119 출동 중, 우회홍보중)",128.225555,36.408539
2024-08-29 06:00,고속도로,기점,"(2차로,갓길)화물차추돌사고처리중",128.4424,35.6553
2024-08-29 06:00,고속도로,양평방향,"사고처리중(119, 순찰반, 고순대 출동 중)",128.226156,36.407572
2024-08-29 07:00,고속도로,기점,(갓길)화물차추돌사고처리중,128.4424,35.6553
2024-08-29 07:00,고속도로,기점,(1차로)승용차관련사고처리중,126.7527,37.5614
2024-08-29 07:00,고속도로,양평방향,"사고처리중(119, 순찰반, 고순대 출동 중)",128.226156,36.407572
2024-08-29 07:00,고속도로,종점,(갓길)승용차관련사고처리중,127.1059,37.2902
2024-08-29 07:00,고속도로,양평방향,"사고처리중(순찰반, 고순대, 119 출동 중, 우회홍보중)",128.225555,36.408539
2024-08-29 08:00,고속도로,기점,(1차로)승용차관련사고처리중,126.7527,37.5614
2024-08-29 08:00,고속도로,종점,(갓길)승용차사고처리중,126.6566,35.4233
2024-08-29 08:00,고속도로,기점,(갓길)승용차단독사고처리중,129.1027,35.8313
2024-08-29 08:00,고속도로,양평방향,"사고처리중(119, 순찰반, 고순대 출동 중)",128.226156,36.407572
2024-08-29 08:00,고속도로,양평방향,"사고처리중(순찰반, 고순대, 119 출동 중, 우회홍보중)",128.225555,36.408539
2024-08-29 09:00,고속도로,양평방향,"사고처리중(순찰반, 고순대, 119 출동 중, 우회홍보중)",128.225555,36.408539
2024-08-29 09:00,고속도로,양평방향,"사고처리중(119, 순찰반, 고순대 출동 중)",128.226156,36.407572
2024-08-29 09:00,고속도로,종점,(1차로)승용차관련사고처리중,126.7547,37.47
2024-08-29 09:00,고속도로,기점,(1차로)승용차관련사고처리중,126.883,37.3315
2024-08-29 09:00,고속도로,종점,(1차로)승용차관련추돌사고처리중,126.9171,35.1825
2024-08-29 10:00,고속도로,기점,"(2,3차로)화물차단독사고처리중",128.7702,37.6953
2024-08-29 10:00,고속도로,기점,(1차로)대형화물차관련사고처리중,127.352,36.9794
2024-08-29 10:00,고속도로,기점,"(3,4차로)화물차관련사고처리중",126.7779,37.5987
2024-08-29 10:00,고속도로,종점,(갓길)승용차관련사고처리중,126.791,37.4573
2024-08-29 10:00,고속도로,양평방향,"사고처리중(119, 순찰반, 고순대 출동 중)",128.226156,36.407572
2024-08-29 10:00,고속도로,양평방향,"사고처리중(순찰반, 고순대, 119 출동 중, 우회홍보중)",128.225555,36.408539
2024-08-29 11:00,고속도로,기점,(3차로)화물차관련사고러리중  정체극심우회요망,126.9025,37.0509
2024-08-29 11:00,고속도로,양평방향,"사고처리중(119, 순찰반, 고순대 출동 중)",128.226156,36.407572
2024-08-29 11:00,고속도로,양평방향,"사고처리중(순찰반, 고순대, 119 출동 중, 우회홍보중)",128.225555,36.408539
2024-08-29 11:00,고속도로,기점,(1차로)대형화물차관련사고처리완료,127.352,36.9794
2024-08-29 12:00,고속도로,종점,(3차로)사고처리중,126.887,37.3283
2024-08-29 12:00,고속도로,기점,(갓길)소형화물차관련화재사고처리중,127.3071,37.4063
2024-08-29 12:00,고속도로,양평방향,"사고처리중(119, 순찰반, 고순대 출동 중)",128.226156,36.407572
2024-08-29 12:00,고속도로,양평방향,"사고처리중(순찰반, 고순대, 119 출동 중, 우회홍보중)",128.225555,36.408539
2024-08-29 13:00,고속도로,양평방향,"사고처리중(순찰반, 고순대, 119 출동 중, 우회홍보중)",128.225555,36.408539
2024-08-29 13:00,고속도로,양평방향,"사고처리중(119, 순찰반, 고순대 출동 중)",128.226156,36.407572
2024-08-29 13:00,고속도로,기점,(갓길)승용차사고처리중,127.1892,36.8942
2024-08-29 13:00,고속도로,종점,(1차로)승용차관련사고처리중,128.0807,37.2325
2024-08-29 13:00,고속도로,기점,"(5차로,갓길)승용차관련사고처리중",127.1509,37.003
2024-08-29 13:00,고속도로,종점,(1차로)사고처리중,127.1076,35.9227
2024-08-29 13:00,고속도로,기점,(갓길)소형화물차관련화재사고처리중,127.3071,37.4063
2024-08-29 14:00,고속도로,양평방향,"사고처리중(순찰반, 고순대, 119 출동 중, 우회홍보중)",128.225555,36.408539
2024-08-29 14:00,고속도로,양평방향,"사고처리중(119, 순찰반, 고순대 출동 중)",128.226156,36.407572
2024-08-29 14:00,고속도로,기점,"(1,2차로)추돌사고처리중",127.0374,35.8324
2024-08-29 14:00,고속도로,종점,(2차로)승용차관련사고처리중,127.1036,37.3092
2024-08-29 14:00,고속도로,기점,(1차로)승용차사고처리중,127.1472,37.5088
2024-08-29 15:00,고속도로,양평방향,"사고처리중(순찰반, 고순대, 119 출동 중, 우회홍보중)",128.225555,36.408539
2024-08-29 15:00,고속도로,양평방향,"사고처리중(119, 순찰반, 고순대 출동 중)",128.226156,36.407572
2024-08-29 15:00,고속도로,기점,(2차로)추돌사고처리완료,127.0374,35.8324
2024-08-29 15:00,고속도로,기점,"(2,3차로)승용차관련사고처리중",128.5799,35.9089
2024-08-29 16:00,고속도로,양평방향,"사고처리중(119, 순찰반, 고순대 출동 중)",128.226156,36.407572
2024-08-29 16:00,고속도로,양평방향,"사고처리중(순찰반, 고순대, 119 출동 중, 우회홍보중)",128.225555,36.408539
2024-08-29 17:00,고속도로,양평방향,"사고처리중(119, 순찰반, 고순대 출동 중)",128.226156,36.407572
2024-08-29 17:00,고속도로,양평방향,"사고처리중(순찰반, 고순대, 119 출동 중, 우회홍보중)",128.225555,36.408539
2024-08-29 18:00,고속도로,양평방향,"사고처리중(순찰반, 고순대, 119 출동 중, 우회홍보중)",128.225555,36.408539
2024-08-29 18:00,고속도로,양평방향,"사고처리중(119, 순찰반, 고순대 출동 중)",128.226156,36.407572
2024-08-29 18:00,고속도로,기점,(진출로2차로)승용차관련사고처리중,126.971,37.3804
2024-08-29 19:00,고속도로,기점,"(2차로,갓길)사고처리중",126.7379,37.429
2024-08-29 19:00,고속도로,양평방향,"사고처리중(순찰반, 고순대, 119 출동 중, 우회홍보중)",128.225555,36.408539
2024-08-29 19:00,고속도로,양평방향,"사고처리중(119, 순찰반, 고순대 출동 중)",128.226156,36.407572
2024-08-29 19:00,고속도로,기점,(1차로)승용차관련사고처리중,129.192,35.7803
2024-08-29 19:00,고속도로,종점,(5차로)사고처리중,126.7543,37.4744
2024-08-29 20:00,고속도로,종점,(5차로)승용차사고처리중,127.1036,37.3002
2024-08-29 20:00,고속도로,양평방향,"사고처리중(119, 순찰반, 고순대 출동 중)",128.226156,36.407572
2024-08-29 20:00,고속도로,양평방향,"사고처리중(순찰반, 고순대, 119 출동 중, 우회홍보중)",128.225555,36.408539
2024-08-29 21:00,고속도로,양평방향,"사고처리중(119, 순찰반, 고순대 출동 중)",128.226156,36.407572
2024-08-29 21:00,고속도로,양평방향,"사고처리중(순찰반, 고순대, 119 출동 중, 우회홍보중)",128.225555,36.408539
2024-08-29 22:00,고속도로,양평방향,"사고처리중(119, 순찰반, 고순대 출동 중)",128.226156,36.407572
2024-08-29 22:00,고속도로,양평방향,"사고처리중(순찰반, 고순대, 119 출동 중, 우회홍보중)",128.225555,36.408539
2024-08-29 23:00,고속도로,양평방향,"사고처리중(순찰반, 고순대, 119 출동 중, 우회홍보중)",128.225555,36.408539
2024-08-29 23:00,고속도로,양평방향,"사고처리중(119, 순찰반, 고순대 출동 중)",128.226156,36.407572
2024-08-30 00:00,고속도로,양평방향,"사고처리중(순찰반, 고순대, 119 출동 중, 우회홍보중)",128.225555,36.408539
2024-08-30 00:00,고속도로,양평방향,"사고처리중(119, 순찰반, 고순대 출동 중)",128.226156,36.407572
2024-08-30 01:00,고속도로,양평방향,"사고처리중(순찰반, 고순대, 119 출동 중, 우회홍보중)",128.225555,36.408539
2024-08-30 01:00,고속도로,양평방향,"사고처리중(119, 순찰반, 고순대 출동 중)",128.226156,36.407572
2024-08-30 02:00,고속도로,양평방향,"사고처리중(119, 순찰반, 고순대 출동 중)",128.226156,36.407572
2024-08-30 02:00,고속도로,양평방향,"사고처리중(순찰반, 고순대, 119 출동 중, 우회홍보중)",128.225555,36.408539
2024-08-30 03:00,고속도로,양평방향,"사고처리중(순찰반, 고순대, 119 출동 중, 우회홍보중)",128.225555,36.408539
2024-08-30 03:00,고속도로,양평방향,"사고처리중(119, 순찰반, 고순대 출동 중)",128.226156,36.407572
2024-08-30 04:00,고속도로,양평방향,"사고처리중(119, 순찰반, 고순대 출동 중)",128.226156,36.407572
2024-08-30 04:00,고속도로,양평방향,"사고처리중(순찰반, 고순대, 119 출동 중, 우회홍보중)",128.225555,36.408539
2024-08-30 05:00,고속도로,양평방향,"사고처리중(순찰반, 고순대, 119 출동 중, 우회홍보중)",128.225555,36.408539
2024-08-30 05:00,고속도로,양평방향,"사고처리중(119, 순찰반, 고순대 출동 중)",128.226156,36.407572
2024-08-30 06:00,고속도로,양평방향,"사고처리중(119, 순찰반, 고순대 출동 중)",128.226156,36.407572
2024-08-30 06:00,고속도로,양평방향,"사고처리중(순찰반, 고순대, 119 출동 중, 우회홍보중)",128.225555,36.408539
2024-08-30 07:00,고속도로,종점,"(1,2차로)승용차관련사고처리중",129.1011,35.2866
2024-08-30 07:00,고속도로,종점,(3차로)사고처리중,126.8646,37.4344
2024-08-30 08:00,고속도로,종점,(4차로)화물차관련사고처리중,128.5588,35.9038
2024-08-30 09:00,고속도로,기점,(갓길)단독사고처리중,128.9392,37.6895
2024-08-30 09:00,고속도로,기점,(1차로)승용차추돌사고처리중,126.8842,35.1849
2024-08-30 10:00,고속도로,종점,(진입로1차로)화물차단독사고처리중,128.4863,35.8314
2024-08-30 10:00,고속도로,기점,(광장부3차로)사고처리중,126.8618,37.3526
2024-08-30 11:00,고속도로,기점,(갓길)화물차관련사고처리중,128.2444,36.1607
2024-08-30 12:00,고속도로,기점,"(2,3차로)화물차관련사고처리중",127.2829,36.7339
2024-08-30 12:00,고속도로,종점,(1차로)사고처리중,126.8987,37.3026
2024-08-30 13:00,고속도로,종점,(진출로1차로)대형화물차관련사고처리중,128.2588,36.2462
2024-08-30 13:00,고속도로,기점,(갓길)사고처리중,126.8849,37.3164
2024-08-30 13:00,고속도로,종점,(1차로)사고처리중,126.8987,37.3026
2024-08-30 13:00,고속도로,기점,(1차로)사고처리중,126.8932,37.3104
2024-08-30 13:00,고속도로,종점,(갓길)승용차관련사고처리중,128.4119,36.0372
2024-08-30 13:00,고속도로,기점,(1차로)승용차관련사고처리중,128.5828,35.2888
2024-08-30 14:00,고속도로,종점,(2차로)승용차관련사고처리중,127.1509,37.003
2024-08-30 14:00,고속도로,기점,(진출로1차로)승용차단독사고처리중,129.0075,35.5274
2024-08-30 14:00,고속도로,기점,(진출로1차로)화물차관련사고처리중(진출불가),128.2619,36.2376
2024-08-30 14:00,고속도로,기점,(3차로)승용차관련사고처리중,127.1047,37.1214
2024-08-30 15:00,고속도로,기점,(2차로)승용차관련사고처리중,128.9761,36.4446
2024-08-30 15:00,고속도로,종점,(갓길)승용차관련사고처리중,127.9155,37.7491
2024-08-30 15:00,고속도로,종점,(3차로)화물차관련사고처리중,126.8607,37.3441
2024-08-30 16:00,고속도로,종점,"(2,3,4,5차로)화물차관련사고처리중정체극심우회바람",126.8858,37.0484
2024-08-30 16:00,고속도로,종점,(4차로)화물차관련사고처리중,128.9597,35.1546
2024-08-30 16:00,고속도로,종점,(1차로)사고처리중,127.2959,37.4321
2024-08-30 17:00,고속도로,종점,"(3,4,5차로)화물차관련사고처리중정체극심우회바람",126.8858,37.0484
2024-08-30 17:00,고속도로,기점,(1차로)승용차관련사고처리중,128.0813,36.7391
2024-08-30 17:00,고속도로,기점,(1차로)승용차관련사고처리중,127.3571,37.6341
2024-08-30 17:00,고속도로,종점,(갓길)승용차관련사고처리중,128.2476,35.2016
2024-08-30 17:00,고속도로,기점,(갓길)화물차관련사고처리중,128.5746,35.9078
2024-08-30 17:00,고속도로,종점,"별내부근(36.8K)(1차로)승용차관련사고처리중   퇴계원IC 별내IC,3km정체중",127.1205,37.6545
2024-08-30 18:00,고속도로,기점,(1차로)승용차관련사고처리중,126.873,37.1854
2024-08-30 18:00,고속도로,종점,(1차로)승용차관련사고처리중,127.5003,37.4226
2024-08-30 18:00,고속도로,종점,(갓길)화물차관련사고처리중,126.9425,37.0471
2024-08-30 18:00,고속도로,종점,(갓길)승용차관련추돌사고처리중,127.0831,35.2642
2024-08-30 18:00,고속도로,기점,(진출로1차로)승용차단독사고처리중,128.8293,35.9706
2024-08-30 18:00,고속도로,기점,(2차로)승용차단독사고처리중,129.3255,36.3859
2024-08-30 19:00,고속도로,기점,(1차로)승용관련사고처리중,128.5286,35.8926
2024-08-30 19:00,고속도로,종점,(갓길)승용차관련추돌사고처리중,127.1087,35.2599
2024-08-30 21:00,고속도로,종점,(갓길)승용차추돌사고처리중,128.9697,35.2193
2024-08-30 22:00,고속도로,기점,(2차로)승용차관련사고처리중,128.6157,35.9389
2024-08-31 01:00,고속도로,종점,"(2,3차로)화물차단독사고처리중",128.9835,35.2546
2024-08-31 02:00,고속도로,종점,"(2,3차로)화물차단독사고처리중",128.9835,35.2546
2024-08-31 02:00,고속도로,기점,(3차로)승용차관련사고처리중,126.9023,37.2941
2024-08-31 03:00,고속도로,종점,"(2,3차로)화물차단독사고처리중",128.9835,35.2546
2024-08-31 04:00,고속도로,기점,(갓길)화물차고장처리중,127.6158,35.5208
2024-08-31 04:00,고속도로,종점,"(2,3차로)화물차단독사고처리중",128.9835,35.2546
2024-08-31 05:00,고속도로,종점,(3차로)승용차단독사고처리중,129.1357,35.588
2024-08-31 05:00,고속도로,종점,"(2,3차로)화물차단독사고처리중",128.9835,35.2546
2024-08-31 05:00,고속도로,기점,(갓길)화물차고장처리중,127.6158,35.5208
2024-08-31 06:00,고속도로,종점,(3차로)화물차단독사고처리중,128.9835,35.2546
2024-08-31 08:00,고속도로,기점,(1차로)승용차관련사고처리중,128.6865,35.2761
2024-08-31 08:00,고속도로,종점,사고확인중,126.6864,37.5233
2024-08-31 09:00,고속도로,종점,(갓길)화물차화재사고처리중,127.1567,37.5906
2024-08-31 10:00,고속도로,기점,(1차로)승용차관련사고처리중,126.7492,37.4813
2024-08-31 10:00,고속도로,기점,양주요금소(57.5K)(하이패스3차로)승용차사고처리중  통일로 양주요금소3km정체,126.918,37.6794
2024-08-31 10:00,고속도로,기점,(갓길)승용차단독사고처리중,126.8152,35.2436
2024-08-31 10:00,고속도로,종점,(갓길)승용차사고처리중,126.7203,37.5238
2024-08-31 11:00,고속도로,종점,(2차로)승용차관련추돌사고처리중,126.9416,35.2087
2024-08-31 11:00,고속도로,종점,"(1,2차로)사고처리중",126.7977,35.4713
2024-08-31 11:00,고속도로,기점,(1차로)승용차관련사고처리중,126.7492,37.4813
2024-08-31 12:00,고속도로,종점,"(1,2차로)사고처리중",126.7977,35.4713
2024-08-31 12:00,고속도로,종점,(1차로)승용차관련추돌사고처리중,127.7229,37.0743
2024-08-31 13:00,고속도로,종점,(1차로)승용차사고처리중,129.108,36.491
2024-08-31 13:00,고속도로,종점,(갓길)화물차단독사고처리중,128.4276,35.9917
2024-08-31 13:00,고속도로,기점,(1차로)승용차관련사고처리중,127.5681,37.718
2024-08-31 14:00,고속도로,종점,(갓길)화물차관련사고처리중,126.9538,37.0432
2024-08-31 14:00,고속도로,기점,(1차로)승용차관련사고처리중,128.5894,35.2883
2024-08-31 14:00,고속도로,종점,(1차로)승용차관련사고처리중,128.9046,35.3044
2024-08-31 14:00,고속도로,기점,(1차로)승용차관련사고처리중,128.5234,36.0355
2024-08-31 14:00,고속도로,기점,(1차로)승용차관련사고처리중,126.8736,37.0232
2024-08-31 15:00,고속도로,기점,(1차로)사고처리중,126.7803,37.524
2024-08-31 15:00,고속도로,종점,(1차로)승용차관련사고처리중,128.5092,37.6424
2024-08-31 16:00,고속도로,종점,(1차로)승용차관련사고처리중,128.623,35.917
2024-08-31 16:00,고속도로,기점,(갓길)버스관련사고처리중,128.5568,36.1933
2024-08-31 16:00,고속도로,기점,(3차로)사고처리중,127.6656,35.9059
2024-08-31 17:00,고속도로,기점,(3차로)사고처리중,127.4622,36.3527
2024-08-31 17:00,고속도로,종점,(갓길)사고처리중,127.2954,37.4315
2024-08-31 17:00,고속도로,종점,(1차로)승용차관련사고처리중,126.9283,35.1868
2024-08-31 17:00,고속도로,종점,(1차로)승용차관련사고처리중,128.2937,36.376
2024-08-31 17:00,고속도로,기점,(2차로)화물차관련사고처리중,127.4314,36.542
2024-08-31 18:00,고속도로,기점,(갓길)승용차관련사고처리중,126.8777,37.4291
2024-08-31 19:00,고속도로,기점,(갓길)추돌사고처리중,126.9212,37.3255
2024-08-31 19:00,고속도로,기점,(1차로)승용차관련추돌사고처리중,127.8783,36.9217
2024-08-31 19:00,고속도로,기점,(1차로)화물차관련사고처리중,126.8959,37.4504
2024-08-31 21:00,고속도로,종점,(진출로갓길)승용차관련사고처리중,126.971,37.0319
2024-09-01 01:00,고속도로,기점,"(4차로,갓길)승용차단독화재사고처리중",127.4295,36.4978
2024-09-01 01:00,고속도로,기점,(2차로)승용단독사고처리중,126.6567,35.4138
2024-09-01 01:00,고속도로,기점,(갓길)승용차사고처리중,128.4405,35.7767
2024-09-01 02:00,고속도로,기점,(1차로)사고처리중,126.5817,36.5408
2024-09-01 06:00,고속도로,기점,"(2,3차로)승용차단독사고처리중",127.4416,37.1883
2024-09-01 07:00,고속도로,기점,"(2,3차로)승용차단독사고처리중",127.4416,37.1883
2024-09-01 09:00,고속도로,종점,(진출로1차로)승용차단독사고처리중,127.74,37.0431
2024-09-01 10:00,고속도로,기점,(1차로)화물차관련사고처리중,126.8869,37.4079
2024-09-01 11:00,고속도로,종점,(갓길)중형화물차관련사고처리중,127.4457,37.1005
2024-09-01 12:00,고속도로,기점,(2차로)승합차관련사고처리중,128.1479,37.7909
2024-09-01 12:00,고속도로,종점,(1차로)승용차관련사고처리중,127.4877,36.2187
2024-09-01 12:00,고속도로,종점,(1차로)승용차관련추돌사고처리중,128.054,36.7474
2024-09-01 12:00,고속도로,기점,(1차로)승용차관련사고처리중,127.8419,37.7592
2024-09-01 12:00,고속도로,기점,(1차로)승용차관련사고처리중,127.6027,37.7293
2024-09-01 12:00,고속도로,종점,(1차로)승용차단독사고처리중,128.9065,35.3036
2024-09-01 12:00,고속도로,기점,(국도김해방향진출로)승용차관련사고처리중,128.8951,35.1653
2024-09-01 13:00,고속도로,종점,(1차로)승용차관련추돌사고처리중,127.7578,37.0411
2024-09-01 13:00,고속도로,종점,(2차로)승용차관련사고처리중,127.9064,37.3583
2024-09-01 13:00,고속도로,기점,(1차로)승용차추돌사고처리중,128.9564,35.2526
2024-09-01 14:00,고속도로,기점,(1차로)승용차관련사고처리중,127.6462,36.4739
2024-09-01 14:00,고속도로,종점,(2차로)화물차화재사고처리중,128.5834,38.1078
2024-09-01 14:00,고속도로,종점,(1차로)사고처리중,127.4496,36.3653
2024-09-01 14:00,고속도로,종점,(2차로)승용차관련사고처리중,127.1034,37.3453
2024-09-01 14:00,고속도로,기점,(1차로)승용차관련사고처리중,127.6102,36.9825
2024-09-01 14:00,고속도로,기점,(3차로)사고처리중,126.7494,37.4804
2024-09-01 15:00,고속도로,종점,(1차로)승용차관련추돌사고처리중,127.7229,37.0743
2024-09-01 16:00,고속도로,기점,(1차로)사고처리중,126.7753,37.4585
2024-09-01 17:00,고속도로,기점,(갓길)승용차관련사고처리중,128.4582,37.6064
2024-09-01 17:00,고속도로,기점,(1차로)대형화물차관련사고처리중,127.9675,36.8133
2024-09-01 17:00,고속도로,기점,(1차로)승용차관련사고처리중,127.6347,37.1631
2024-09-01 17:00,고속도로,종점,(1차로)승용차관련사고처리중,127.723,37.0734
2024-09-01 19:00,고속도로,기점,"(1,2차로)사고잔해물제거중",126.7876,36.0465
2024-09-01 19:00,고속도로,기점,(1차로)승용차관련사고처리중,127.2891,37.2391
2024-09-01 19:00,고속도로,종점,(1차로)사고처리중,126.7876,36.0465
2024-09-01 20:00,고속도로,기점,"(1,2차로)사고잔해물제거중",126.7876,36.0465
2024-09-01 20:00,고속도로,종점,(1차로)사고처리중,126.7876,36.0465
2024-09-01 21:00,고속도로,종점,(1차로)승용차관련사고처리중,127.9733,37.5738
2024-09-01 21:00,고속도로,종점,(1차로)승용차관련사고처리중,126.7866,37.6043
2024-09-01 22:00,고속도로,종점,"(3,4차로)승용차관련사고처리중",128.1054,35.1497
2024-09-02 06:00,고속도로,종점,(갓길)승용차관련사고처리중,126.8199,37.3502
2024-09-02 06:00,고속도로,종점,(진출로갓길)진출램프(진영방향)트레일러단독사고처리중,128.6897,35.2766
2024-09-02 07:00,고속도로,종점,(진영방향국도진출램프갓길)화물차단독사고처리중,128.6897,35.2766
2024-09-02 07:00,고속도로,종점,"(2,3,4차로)사고처리중",126.8072,37.4471
2024-09-02 07:00,고속도로,종점,(광장부5차로)화물차관련사고처리중,126.8618,37.3526
2024-09-02 08:00,고속도로,종점,(4차로)소형화물차단독사고처리중,128.7395,35.2739
2024-09-02 08:00,고속도로,종점,(진영방향국도진출램프갓길)화물차단독사고처리중,128.6897,35.2766
2024-09-02 08:00,고속도로,종점,(갓길)사고처리중,126.8072,37.4471
2024-09-02 08:00,고속도로,종점,(진출로1차로)승용차관련사고처리중,126.9012,37.4237
2024-09-02 08:00,고속도로,종점,(갓길)화물차관련사고처리중,127.102,37.3903
2024-09-02 08:00,고속도로,종점,(갓길)승용차관련사고처리중,126.8267,37.4401
2024-09-02 09:00,고속도로,종점,(갓길)사고처리중,127.1965,37.5319
2024-09-02 10:00,고속도로,종점,(1차로)화물차단독사고처리중,127.3724,35.015
2024-09-02 10:00,고속도로,기점,(4차로)승용차관련사고처리중,128.3655,35.2929
2024-09-02 11:00,고속도로,기점,"(3,4차로)화물차관련사고처리중",128.776,35.8796
2024-09-02 11:00,고속도로,기점,(4차로)승용차관련사고처리중,128.359,35.2925
2024-09-02 12:00,고속도로,종점,(2차로)승용차관련사고처리중,127.1269,37.0827
2024-09-02 14:00,고속도로,종점,"(1차로,갓길)화물차관련사고처리중",129.1122,35.2836
2024-09-02 14:00,고속도로,기점,(4차로)승용차관련사고처리중,128.6939,35.2777
2024-09-02 15:00,고속도로,기점,(1차로)승용차관련사고처리중,127.013,37.3106
2024-09-02 16:00,고속도로,종점,(2차로)승용차관련사고처리중,127.4945,37.6677
2024-09-02 16:00,고속도로,종점,(5차로)화물차사고처리중,127.1364,37.0508
2024-09-02 16:00,고속도로,기점,"(4차로,갓길)승용차사고처리중",126.7881,37.5231
2024-09-02 17:00,고속도로,기점,(갓길)승용차관련사고처리중,129.0002,35.2889
2024-09-02 18:00,고속도로,종점,(5차로)승용차사고처리중,127.1816,37.5443
2024-09-02 19:00,고속도로,기점,(3차로)승용차관련사고처리중,129.03,35.3283
2024-09-02 20:00,고속도로,기점,(갓길)승용차관련사고처리중,126.8773,37.4033
2024-09-02 20:00,고속도로,기점,(갓길)승용차관련사고처리중,126.866,36.3093
2024-09-02 20:00,고속도로,종점,"(1,2차로)화물차관련사고처리중",129.0953,37.5218
2024-09-02 22:00,고속도로,기점,"(1,2,3차로)승용차관련사고처리중",127.5745,37.2384
2024-09-02 22:00,고속도로,종점,(1차로)승용차관련사고처리중,127.2891,37.4389
2024-09-02 22:00,고속도로,기점,(갓길)화물차단독사고처리중,127.2146,36.7618
2024-09-02 23:00,고속도로,종점,"(2차로,갓길)화물차관련사고처리중",129.3939,35.9061
2024-09-02 23:00,고속도로,종점,(영동선진출2차로)화물고장차처리중,126.7292,37.4333
2024-09-02 23:00,고속도로,기점,(갓길)화물차단독사고처리중,127.2146,36.7618
2024-09-03 00:00,고속도로,기점,(갓길)화물차단독사고처리중,127.2146,36.7618
2024-09-03 01:00,고속도로,종점,(진입로광장부)승용차관련사고처리중,126.8064,37.3506
2024-09-03 02:00,고속도로,종점,"(4,5차로)화물차관련사고처리중",127.1154,37.108
2024-09-03 05:00,고속도로,기점,(5차로)승용차관련사고처리중,127.1743,37.5613
2024-09-03 06:00,고속도로,종점,(갓길)승용차관련사고처리중,126.7712,37.5242
2024-09-03 08:00,고속도로,기점,(5차로)화물차단독사고처리중,127.1038,37.2732
2024-09-03 10:00,고속도로,기점,(진출로갓길)화물차사고처리중,127.3411,36.391
2024-09-03 11:00,고속도로,기점,(진입로갓길)화물차관련사고처리중,127.3704,37.2409
2024-09-03 11:00,고속도로,기점,(갓길)화물차관련사고처리중,127.457,37.2397
2024-09-03 11:00,고속도로,기점,(갓길)승용차관련사고처리중,128.9915,35.2701
2024-09-03 11:00,고속도로,종점,(1차로)버스관련사고처리중,127.1385,37.0374
2024-09-03 12:00,고속도로,종점,(2차로)승용차관련사고처리중,127.1538,36.9952
2024-09-03 12:00,고속도로,종점,(1차로)승용차관련사고처리중,126.8954,37.4264
2024-09-03 14:00,고속도로,기점,"(2차로,갓길)대형화물차단독사고처리중",128.3267,36.9346
2024-09-03 14:00,고속도로,기점,(갓길)승용차단독사고처리중,127.2647,35.0772
2024-09-03 15:00,고속도로,기점,(1차로)승용차관련사고처리중,126.9855,37.32
2024-09-03 15:00,고속도로,종점,"(2,3차로)화물차관련사고처리중",126.8864,37.0845
2024-09-03 16:00,고속도로,종점,(갓길)화물차관련사고처리중,126.8864,37.0845
2024-09-03 17:00,고속도로,종점,"(4,5차로)화물차관련사고처리중",127.1408,37.0286
2024-09-03 17:00,고속도로,종점,(갓길)승용차관련사고처리중,127.2697,37.4479
2024-09-03 17:00,고속도로,종점,(1차로)승용차관련사고처리중,127.8635,36.9314
2024-09-03 17:00,고속도로,종점,"(2,3차로,갓길)화물차관련사고처리중",126.8864,37.0845
2024-09-03 18:00,고속도로,기점,(1차로)화물차관련사고처리중,127.7703,37.7924
2024-09-03 23:00,고속도로,기점,(2차로)화물차관련사고처리중,128.279,36.1399
2024-09-04 00:00,고속도로,종점,"(3,4차로)사고처리중",127.1789,37.5502
2024-09-04 02:00,고속도로,기점,(갓길)승용차단독사고처리중,128.7968,35.2049
2024-09-04 03:00,고속도로,종점,"(2,3차로)화물차관련사고처리중",127.4153,37.2408
2024-09-04 04:00,고속도로,종점,"(2,3차로)화물차관련사고처리중",127.4153,37.2408
2024-09-04 05:00,고속도로,종점,(2차로)대형화물차사고처리중,127.8474,36.956
2024-09-04 07:00,고속도로,종점,(5차로)승용차관련사고처리중,127.1071,37.232
2024-09-04 08:00,고속도로,종점,(갓길)승용차관련사고처리중,129.1019,35.2578
2024-09-04 09:00,고속도로,기점,(1차로)버스관련사고처리중,127.0921,37.1677
2024-09-04 09:00,고속도로,기점,"(1,2차로)승용차관련사고처리중",126.947,37.3792
2024-09-04 10:00,고속도로,종점,(2차로)승용차관련사고처리중,128.1695,35.093
2024-09-04 10:00,고속도로,기점,(1차로)화물차관련사고처리중,129.1572,35.5481
2024-09-04 10:00,고속도로,기점,(진출로2차로)승용차관련사고처리중,126.8714,37.3961
2024-09-04 11:00,고속도로,기점,(4차로)승용차관련사고처리중,128.9564,35.1552
2024-09-04 11:00,고속도로,종점,(2차로)사고처리중,127.0187,35.7905
2024-09-04 12:00,고속도로,기점,(1차로)화물차관련사고처리중,126.8607,37.3441
2024-09-04 12:00,고속도로,기점,(1차로)승용차관련사고처리중,126.9765,37.3201
2024-09-04 14:00,고속도로,종점,"(1차로,갓길)사고처리중",127.2749,36.2355
2024-09-04 14:00,고속도로,기점,"(1,2차로)승용차관련사고처리중",127.31,37.2444
2024-09-04 14:00,고속도로,종점,(갓길)승용차단독사고처리중,127.8501,35.4463
2024-09-04 15:00,고속도로,종점,(갓길)승용차관련사고처리중,126.7467,37.4891
2024-09-04 15:00,고속도로,종점,(갓길)승용차사고처리중,127.4253,36.3865
2024-09-04 17:00,고속도로,종점,"(1차로,갓길)승용차관련사고처리중",127.1041,36.0493
2024-09-04 17:00,고속도로,기점,(1차로)승용차추돌사고처리중,126.8755,35.1893
2024-09-04 17:00,고속도로,종점,(1차로)추돌사고처리중,126.6601,35.0838
2024-09-04 17:00,고속도로,종점,(1차로)승용추돌사고처리중,126.6688,35.0893
2024-09-04 18:00,고속도로,종점,(갓길)승용차관련사고처리중,127.1041,36.0493
2024-09-04 18:00,고속도로,종점,(2차로)사고처리중,126.7543,37.5241
2024-09-04 18:00,고속도로,기점,(4차로)승용차관련사고처리중,128.5692,35.9068
2024-09-04 19:00,고속도로,종점,(1차로)승용차관련사고처리중,127.592,37.2267
2024-09-04 20:00,고속도로,기점,(1차로)사고처리중,127.0077,37.3894
2024-09-05 02:00,고속도로,종점,(3차로)화물차관련사고처리중,127.0335,37.3101
2024-09-05 02:00,고속도로,종점,(갓길)승용차관련사고처리중,128.9832,35.2573
2024-09-05 06:00,고속도로,종점,"(3,4차로)화물차관련사고처리중",126.8394,37.3483
2024-09-05 06:00,고속도로,종점,(갓길)화물차관련사고처리중,127.4234,37.2377
2024-09-05 07:00,고속도로,종점,"(3,4차로)화물차관련사고처리중",126.8394,37.3483
2024-09-05 09:00,고속도로,종점,(4차로)화물차관련사고처리중,126.8652,37.3593
2024-09-05 09:00,고속도로,기점,(진출로1차로)사고처리중,126.6886,37.5235
2024-09-05 09:00,고속도로,종점,(갓길)승용차관련추돌사고처리중,127.137,35.363
2024-09-05 11:00,고속도로,종점,(4차로)사고처리중,126.8866,37.37
2024-09-05 11:00,고속도로,기점,(1차로)승용차관련사고처리중,128.1804,36.5128
2024-09-05 11:00,고속도로,종점,(1차로)소형화물차관련사고처리중,127.6265,37.1692
2024-09-05 11:00,고속도로,기점,(1차로)승용차관련사고처리중,127.4413,37.1811
2024-09-05 11:00,고속도로,기점,"(1차로,갓길)사고처리중",127.1961,35.8045
2024-09-05 12:00,고속도로,기점,"(3차로,갓길)화물차관련사고처리중",128.9129,35.9028
2024-09-05 13:00,고속도로,기점,"(3차로,갓길)승용차관련사고처리중",128.902,35.902
2024-09-05 13:00,고속도로,종점,(갓길)사고처리중,126.7463,37.524
2024-09-05 14:00,고속도로,기점,(1차로)사고처리중,126.7508,37.4779
2024-09-05 15:00,고속도로,종점,(1차로)승용차관련사고처리중,126.7487,37.5442
2024-09-05 15:00,고속도로,기점,(갓길)승용차관련사고처리중,128.3163,35.2797
2024-09-05 16:00,고속도로,기점,(1차로)화물차관련사고처리중,127.255,37.4603
2024-09-05 16:00,고속도로,종점,"(2차로,갓길)사고처리중",127.4884,36.1627
2024-09-05 17:00,고속도로,종점,(서울방향진출로갓길)소형화물차사고처리중,127.1012,37.3947
2024-09-05 17:00,고속도로,기점,(1차로)화물차관련사고처리중,127.255,37.4603
2024-09-05 17:00,고속도로,기점,(진출로1차로)승용차관련사고처리중,128.565,35.2365
2024-09-05 18:00,고속도로,종점,(갓길)사고처리중,127.1729,35.8835
2024-09-05 18:00,고속도로,기점,(1차로)화물차관련사고처리중,127.255,37.4603
2024-09-05 19:00,고속도로,종점,(2차로)승용차관련사고처리중,126.964,36.5707
2024-09-05 21:00,고속도로,기점,"(1,2,4차로)승용차관련사고처리중 남구미진출국도우회하세요",128.4095,36.046
2024-09-05 21:00,고속도로,종점,"(1,2차로)승용차단독사고처리중",128.4095,36.046
2024-09-05 21:00,고속도로,종점,(갓길)사고처리중,126.8732,37.1818
2024-09-05 22:00,고속도로,기점,(8차로)소형화물차사고처리중,126.7609,37.5869
2024-09-05 22:00,고속도로,기점,"(1,2,3차로)승용차관련사고처리중 남구미진출국도우회하세요",128.4095,36.046
2024-09-05 22:00,고속도로,종점,(1차로)승용차단독사고처리중,128.4095,36.046
2024-09-05 23:00,고속도로,기점,"(1,2차로)화물차관련사고처리중 남구미진출국도우회하세요",128.4095,36.046
2024-09-05 23:00,고속도로,종점,"(2,3차로)화물차관련사고처리중",127.492,36.3478
2024-09-06 00:00,고속도로,종점,(갓길)화물차사고처리중,127.436,37.2345
2024-09-06 00:00,고속도로,종점,(2차로)화물차관련사고처리중,128.2706,36.0477
2024-09-06 00:00,고속도로,종점,"(2,3차로)화물차관련사고처리중",127.492,36.3478
2024-09-06 00:00,고속도로,기점,"(1,2차로)화물차관련사고처리중 남구미진출국도우회하세요",128.4095,36.046
2024-09-06 01:00,고속도로,기점,"(1,2차로)화물차관련사고처리중",128.4095,36.046
2024-09-06 01:00,고속도로,종점,(4차로)시고처리중,127.1643,37.5743
2024-09-06 02:00,고속도로,기점,"(1,2차로)화물차관련사고처리중",128.4095,36.046
2024-09-06 02:00,고속도로,기점,"(1,2차로)사고처리중",127.1551,37.5994
2024-09-06 03:00,고속도로,기점,(2차로)대형화물차관련사고처리중,127.4561,37.0849
2024-09-06 03:00,고속도로,기점,"(1,2차로)사고처리중",127.1551,37.5994
2024-09-06 04:00,고속도로,기점,(2차로)대형화물차관련사고처리중,127.4561,37.0849
2024-09-06 04:00,고속도로,종점,"(1,2차로)승용차관련사고처리중",126.8746,37.4302
2024-09-06 05:00,고속도로,종점,(램프)승용차단독사고처리중,128.5215,35.2833
2024-09-06 05:00,고속도로,기점,(2차로)사고처리중,127.2921,36.267
2024-09-06 05:00,고속도로,종점,"(1,2차로)승용차관련사고처리중",126.8746,37.4302
2024-09-06 06:00,고속도로,기점,(갓길)승용차관련사고처리중,127.451,37.0908
2024-09-06 06:00,고속도로,기점,(1차로)사고처리중,127.1234,37.4258
2024-09-06 07:00,고속도로,기점,(갓길)승용차관련사고처리중,128.7506,35.2667
2024-09-06 07:00,고속도로,기점,(1차로)승용차사고처리중,126.8257,36.945
2024-09-06 10:00,고속도로,기점,(2차로)화물차관련사고처리중,128.596,35.2877
2024-09-06 10:00,고속도로,종점,(5차로)화물차관련사고처리중,127.013,37.3106
2024-09-06 11:00,고속도로,종점,(갓길)승용차관련사고처리중,127.0868,37.4135
2024-09-06 11:00,고속도로,종점,"(2차로,갓길)화물차단독사고처리중",127.965,37.5011
2024-09-06 12:00,고속도로,종점,(진출로2차로)승용차관련사고처리중,127.0514,37.2991
2024-09-06 12:00,고속도로,종점,"(2차로,갓길)화물차단독사고처리중",127.965,37.5011
2024-09-06 12:00,고속도로,기점,(1차로)화물차관련사고처리중,128.5528,36.6865
2024-09-06 12:00,고속도로,종점,(3차로)승용차관련사고처리중,128.9827,35.2618
2024-09-06 12:00,고속도로,종점,(1차로)승용차관련사고처리중,129.3963,35.8743
2024-09-06 12:00,고속도로,종점,(1차로)단독사고처리중,126.7861,35.2867
2024-09-06 13:00,고속도로,종점,(갓길)승용차단독사고처리중,127.783,37.829
2024-09-06 14:00,고속도로,종점,"(2차로,갓길)승용차단독사고처리중",127.783,37.829
2024-09-06 14:00,고속도로,기점,(1차로)승용차사고처리중,127.4977,34.9919
2024-09-06 14:00,고속도로,종점,(2차로)화물차화재사고처리중,128.3548,35.7895
2024-09-06 14:00,고속도로,기점,(1차로)승용차관련사고처리중,127.4393,37.6492
2024-09-06 15:00,고속도로,기점,(1차로)사고처리중,126.7266,36.0825
2024-09-06 15:00,고속도로,기점,(4차로)승용차관련사고처리중,127.1033,37.3633
2024-09-06 15:00,고속도로,기점,"(1,2,3,5차로)사고처리중",126.9838,37.3816
2024-09-06 16:00,고속도로,기점,"(1,2차로)사고처리중",126.9838,37.3816
2024-09-06 16:00,고속도로,기점,"(2,3차로)승용차관련사고처리중",127.0843,37.1508
2024-09-06 17:00,고속도로,기점,(갓길)화물차관련사고처리중,128.9806,35.2353
2024-09-06 17:00,고속도로,기점,(갓길)승용차고장처리중,127.1476,35.3634
2024-09-06 17:00,고속도로,기점,(1차로)승용차추돌사고처리중,127.8665,35.4118
2024-09-06 17:00,고속도로,기점,(1차로)승용차관련추돌사고처리중,128.0249,36.7463
2024-09-06 17:00,고속도로,기점,(1차로)승용차관련사고처리중,128.9822,35.2672
2024-09-06 18:00,고속도로,기점,(2차로)사고처리중,127.1254,37.4569
2024-09-06 18:00,고속도로,기점,(갓길)승용차관련사고처리중,128.4684,35.5736
2024-09-06 18:00,고속도로,기점,"(2,3차로)화물차사고처리중",127.4638,36.3515
2024-09-06 18:00,고속도로,종점,(갓길)승용차사고처리중,127.4718,35.0051
2024-09-06 19:00,고속도로,기점,(1차로)승용차관련사고처리중,127.4912,36.8237
2024-09-06 19:00,고속도로,기점,(갓길)승용차단독사고처리중,127.4814,35.0032
2024-09-06 19:00,고속도로,기점,(2차로)승용차사고처리중,127.2454,36.9754
2024-09-06 20:00,고속도로,기점,(1차로)승용차관련추돌사고처리중,127.3607,35.4218
2024-09-06 21:00,고속도로,기점,(진입램프갓길)승용차단독사고처리중,127.814,35.0024
2024-09-06 21:00,고속도로,종점,(갓길)승용차사고처리중,126.8869,37.4079
2024-09-06 22:00,고속도로,종점,(갓길)승용차사고처리중,126.8869,37.4079
2024-09-06 22:00,고속도로,종점,(갓길)화물차화재사고처리중,128.7254,35.2876
2024-09-06 22:00,고속도로,종점,(진입광장부4차로)화물차사고처리중,126.8837,37.1197
2024-09-06 23:00,고속도로,종점,"(2차로,갓길)화물차화재사고처리중",128.7254,35.2876
2024-09-06 23:00,고속도로,종점,(3차로)승용차관련사고처리중,126.8944,37.4239
2024-09-06 23:00,고속도로,종점,(2차로)사고처리중,126.6933,35.5636
2024-09-06 23:00,고속도로,기점,(광장부)화물차사고처리중,128.4574,35.8746
2024-09-06 23:00,고속도로,기점,(4차로)화물차관련사고처리중,126.8899,37.3704
2024-09-07 00:00,고속도로,종점,(2차로)사고처리중,126.6955,35.5724
2024-09-07 00:00,고속도로,종점,(3차로)사고처리중,126.6919,37.4333
2024-09-07 00:00,고속도로,기점,(1차로)승용차관련사고처리중,127.5459,35.4745
2024-09-07 00:00,고속도로,종점,"(2차로,갓길)화물차화재사고처리중",128.7254,35.2876
2024-09-07 03:00,고속도로,종점,(광장부갓길)화물차단독사고,126.971,37.0319
2024-09-07 04:00,고속도로,종점,"(1,2차로)화물차사고처리중",128.5934,36.4002
2024-09-07 04:00,고속도로,종점,(광장부갓길)화물차단독사고,126.971,37.0319
2024-09-07 05:00,고속도로,기점,(2차로)화물차관련사고처리중,126.9317,35.6632
2024-09-07 05:00,고속도로,종점,(광장부갓길)화물차단독사고,126.971,37.0319
2024-09-07 05:00,고속도로,종점,(갓길)화물차사고처리중,128.5934,36.4002
2024-09-07 06:00,고속도로,기점,(5차로)승용차관련사고처리중,126.7488,37.5531
2024-09-07 06:00,고속도로,기점,(1차로)승용차관련사고처리중,126.8891,37.1023
2024-09-07 06:00,고속도로,종점,(4차로)승용차관련사고처리중,127.5723,37.2388
2024-09-07 06:00,고속도로,기점,(4차로)승용차관련사고처리중,127.1707,37.5669
2024-09-07 09:00,고속도로,기점,(갓길)화물차관련사고처리중,128.6677,35.2714
2024-09-07 09:00,고속도로,종점,(3차로)승용차관련사고처리중,127.1059,37.2373
2024-09-07 09:00,고속도로,기점,(1차로)사고처리중,127.1643,37.5743
2024-09-07 10:00,고속도로,종점,(1차로)승용차관련사고처리중,126.8849,37.3164
2024-09-07 11:00,고속도로,종점,(1차로)승용차관련추돌사고처리중,128.0925,36.7268
2024-09-07 11:00,고속도로,종점,(갓길)승용차사고처리중,127.5359,34.9934
2024-09-07 12:00,고속도로,종점,(갓길)승용차사고처리중,127.5359,34.9934
2024-09-07 13:00,고속도로,기점,(갓길)사고처리중,127.1941,36.1636
2024-09-07 13:00,고속도로,기점,(진입로)승용차관련사고처리중,126.7998,37.6189
2024-09-07 13:00,고속도로,종점,"(1,2차로)승용차단독사고처리중",127.4634,35.1339
2024-09-07 13:00,고속도로,종점,(1차로)승용차사고처리중,126.7832,36.938
2024-09-07 13:00,고속도로,종점,(1차로)승용차단독사고처리중,127.389,35.4294
2024-09-07 13:00,고속도로,기점,(진출로갓길)승용차관련추돌사고처리중,126.8656,35.1929
2024-09-07 13:00,고속도로,기점,(1차로)승용차관련추돌사고처리중,128.088,36.732
2024-09-07 14:00,고속도로,종점,"(2,3차로)사고처리중",127.3728,36.6685
2024-09-07 14:00,고속도로,종점,(2차로)사고처리중,127.419,36.4466
2024-09-07 14:00,고속도로,기점,(갓길)승용차사고처리중,126.9716,35.2226
2024-09-07 14:00,고속도로,종점,(1차로)사고처리중,126.6679,37.4377
2024-09-07 15:00,고속도로,종점,(1차로)사고처리중,127.0917,36.4856
2024-09-07 15:00,고속도로,종점,(1차로)승용차관련사고처리중,128.0931,36.726
2024-09-07 15:00,고속도로,종점,(1차로)승용차사고처리중,126.88,37.1374
2024-09-07 15:00,고속도로,기점,(2차로)버스관련사고처리중,129.2067,35.2163
2024-09-07 15:00,고속도로,종점,(1차로)승용차단독사고처리중,127.4376,35.4451
2024-09-07 15:00,고속도로,종점,(2차로)사고처리중,126.8922,37.3707
2024-09-07 15:00,고속도로,종점,(4차로)사고처리중,126.8922,37.3707
2024-09-07 16:00,고속도로,기점,(4차로)승용차관련사고처리중,127.4415,37.2356
2024-09-07 17:00,고속도로,종점,(1차로)승용차단독사고처리중,128.4201,35.7692
2024-09-07 17:00,고속도로,기점,(1차로)승용차관련사고처리중,127.3457,37.6343
2024-09-07 17:00,고속도로,기점,(갓길)승용차관련사고처리중,128.37,35.7657
2024-09-07 17:00,고속도로,기점,(2차로)승용차관련사고처리중,127.3571,37.6341
2024-09-07 17:00,고속도로,기점,(3차로)사고처리중,126.7463,37.4909
2024-09-07 18:00,고속도로,종점,(1차로)승용차관련사고처리중,126.6746,37.4365
2024-09-07 19:00,고속도로,종점,(1차로)승용차관련사고처리중,127.4221,36.655
2024-09-07 19:00,고속도로,기점,(4차로)화물차관련사고처리중,127.1762,37.5561
2024-09-07 20:00,고속도로,기점,(4차로)화물차관련사고처리중,127.1762,37.5561
2024-09-07 20:00,고속도로,종점,(3차로)승용차관련사고처리중,126.6789,37.4355
2024-09-07 21:00,고속도로,종점,(갓길)승용차관련사고처리중,126.6789,37.4355
2024-09-08 02:00,고속도로,기점,(3차로)승용차관련사고처리중,128.1966,36.1571
2024-09-08 03:00,고속도로,종점,(갓길)승용차단독사고처리중,127.4775,37.0442
2024-09-08 06:00,고속도로,기점,(갓길)승용차단독사고처리중,127.7662,35.5843
2024-09-08 11:00,고속도로,종점,(2차로)승용차관련사고처리중,127.1385,37.0374
2024-09-08 11:00,고속도로,종점,(1차로)승용차관련사고처리중,127.1472,37.5088
2024-09-08 11:00,고속도로,종점,(1차로)승용차관련사고처리중,127.4536,37.0878
2024-09-08 12:00,고속도로,기점,(1차로)승용차관련사고처리중,127.9989,37.4158
2024-09-08 12:00,고속도로,기점,(1차로)승용차관련추돌사고처리중,127.4056,36.9614
2024-09-08 13:00,고속도로,종점,(4차로)승용차관련사고처리중,127.1765,36.8446
2024-09-08 13:00,고속도로,기점,(갓길)화물차단독사고처리중,126.9406,36.369
2024-09-08 13:00,고속도로,종점,(2차로)승용차단독사고처리중,128.1898,35.1789
2024-09-08 13:00,고속도로,종점,(2차로)승용차관련사고처리중,128.578,36.7449
2024-09-08 14:00,고속도로,종점,(갓길)승용차관련사고처리중,128.9326,35.2223
2024-09-08 14:00,고속도로,기점,"(2차로,갓길)화물차단독사고처리중",126.9406,36.369
2024-09-08 15:00,고속도로,종점,(1차로)승용차관련사고처리중,128.0061,37.2747
2024-09-08 15:00,고속도로,기점,(진출로갓길)영동선강릉방향승용차관련사고처리중,126.8605,37.344
2024-09-08 16:00,고속도로,기점,(갓길)승용차관련사고처리중,129.0683,35.4316
2024-09-08 16:00,고속도로,기점,(갓길)승용차관련사고처리중,129.1041,35.262
2024-09-08 17:00,고속도로,종점,"(2,3차로)승용차관련사고처리중",126.9018,37.2887
2024-09-08 18:00,고속도로,종점,(1차로)승용차관련사고처리중,129.1863,35.7015
2024-09-08 19:00,고속도로,기점,(1차로)승용차관련사고처리중,127.3514,37.6342
2024-09-08 20:00,고속도로,기점,"(1,2,3차로)버스관련사고처리중",127.1035,37.3182
2024-09-08 20:00,고속도로,종점,(1차로)사고처리중,127.8287,36.2717
2024-09-08 21:00,고속도로,종점,(갓길)승용차관련사고처리중,127.6089,35.7299
2024-09-08 23:00,고속도로,기점,(4차로)승용차단독사고처리중,128.4288,35.279
2024-09-09 02:00,고속도로,기점,(진출로1차로)승용차관련사고처리중,126.8692,36.9965
2024-09-09 06:00,고속도로,기점,(1차로)승용차관련사고처리중,127.1033,37.3543
2024-09-09 07:00,고속도로,기점,"(1,2차로)버스관련사고처리중",127.1484,37.5104
2024-09-09 07:00,고속도로,기점,(진입로1차로)승용차관련사고처리중,126.7543,37.4744
2024-09-09 07:00,고속도로,기점,(1차로)승용차관련사고처리완료,127.1033,37.3543
2024-09-09 07:00,고속도로,기점,(갓길)소형화물차사고처리중,128.0187,37.2664
2024-09-09 08:00,고속도로,종점,노고1터널진입부(52K)(1차로)승용차관련사고처리중,126.9804,37.7175
2024-09-09 08:00,고속도로,종점,(4차로)승용차관련사고처리중,126.7033,37.5236
2024-09-09 10:00,고속도로,종점,(1차로)승용차관련사고처리중,126.9838,37.3816
2024-09-09 10:00,고속도로,종점,수락산터널(40K)(1차로)승용차관련사고처리중,127.1205,37.6545
2024-09-09 11:02,고속도로,종점,(1차로)승용차관련사고처리중,128.1324,36.6643
2024-09-09 11:02,고속도로,종점,"(3차로,갓길)화물차관련사고처리중",129.0408,35.8905
2024-09-09 11:02,고속도로,종점,"(1,2차로)화물차관련사고처리중",127.4911,36.8201
2024-09-09 11:02,고속도로,기점,"(1,3차로)사고처리중",126.9005,37.2853
2024-09-09 11:02,고속도로,기점,사고확인중,126.9023,37.2941
2024-09-09 11:02,고속도로,기점,(1차로)승용차관련사고처리중,126.773,37.4587
2024-09-09 12:00,고속도로,기점,(3차로)사고처리중,126.9005,37.2853
2024-09-09 13:00,고속도로,종점,(3차로)사고처리중,126.8869,37.1111
2024-09-09 14:00,고속도로,종점,(1차로)소형화물차관련사고처리중,128.0506,36.7473
2024-09-09 15:00,고속도로,기점,"(2,3,4차로)승용차관련사고처리중",127.4185,36.4484
2024-09-09 15:00,고속도로,기점,"(1,2차로)화물차관련사고처리중",128.6043,36.4154
2024-09-09 15:00,고속도로,종점,(5차로)승용차관련사고처리중,127.107,37.2329
2024-09-09 15:00,고속도로,종점,(1차로)화물차관련사고처리중,128.088,36.732
2024-09-09 15:00,고속도로,기점,(1차로)화물차관련사고처리중,126.8523,35.5949
2024-09-09 16:00,고속도로,종점,(1차로)승용차관련사고처리중,127.482,37.0177
2024-09-09 16:00,고속도로,종점,(2차로)승용차관련사고처리중,127.1576,36.9858
2024-09-09 16:00,고속도로,종점,(진출로갓길)소형화물차관련추돌사고처리중,126.8656,35.1929
2024-09-09 16:00,고속도로,기점,(2차로)사고처리중,126.8599,35.5985
2024-09-09 17:00,고속도로,기점,(갓길)승용차사고처리중,127.8995,36.4467
2024-09-09 17:00,고속도로,기점,"(2차로,갓길)화물차차단독사고처리중",128.5495,36.6778
2024-09-09 18:00,고속도로,기점,(갓길)승용차관련사고처리중,127.7656,37.0404
2024-09-09 19:00,고속도로,기점,(진입로갓길)승용차관련사고처리중,126.7672,37.3749
2024-09-09 19:00,고속도로,기점,(갓길)승용차관련사고처리중,126.7388,37.4343
2024-09-09 21:00,고속도로,종점,(1차로)승용차관련사고처리중,127.4259,36.6935
2024-09-10 06:00,고속도로,기점,(진출로1차로)대형화물차사고처리중,127.315,36.2966
2024-09-10 06:00,고속도로,종점,(4차로)사고처리중,127.1231,37.0911
2024-09-10 07:00,고속도로,기점,(진출로1차로)대형화물차사고처리중,127.315,36.2966
2024-09-10 08:00,고속도로,종점,(갓길)승용차관련사고처리중,128.4706,35.9337
2024-09-10 08:00,고속도로,기점,"(2차로,갓길)화물차관련사고처리중",127.2735,36.2303
2024-09-10 08:00,고속도로,기점,"(2차로,갓길)승용차단독사고처리중",127.2626,35.0842
2024-09-10 09:00,고속도로,기점,(2차로)화물차관련사고처리중,127.0298,37.0263
2024-09-10 09:00,고속도로,기점,(2차로)승용차관련추돌사고처리중,126.8379,35.2043
2024-09-10 09:00,고속도로,기점,(갓길)단독사고처리중,127.5179,36.1055
2024-09-10 10:00,고속도로,종점,(갓길)화물차관련사고처리중,128.6341,35.917
2024-09-10 10:00,고속도로,종점,(4차로)사고처리중,126.7554,37.5241
2024-09-10 10:00,고속도로,기점,(2차로)승용차관련사고처리중,128.6268,35.279
2024-09-10 10:00,고속도로,기점,(갓길)승용차관련사고처리중,127.1769,37.5544
2024-09-10 10:00,고속도로,기점,(2차로)승용차관련사고처리중,127.0599,37.0249
2024-09-10 10:00,고속도로,종점,"(2차로,갓길)승용차관련사고처리중",127.9187,37.7483
2024-09-10 11:00,고속도로,기점,(갓길)승용차관련사고처리중,127.1769,37.5544
2024-09-10 11:00,고속도로,종점,"(진출로1,2차로)화물차관련사고처리중",127.4928,37.2455
2024-09-10 11:00,고속도로,기점,(갓길)사고처리중,126.7843,37.4579
2024-09-10 11:00,고속도로,기점,(1차로)승용차관련사고처리중,126.8648,36.9627
2024-09-10 12:00,고속도로,종점,(1차로)승용차관련사고처리중,128.678,35.8964
2024-09-10 12:00,고속도로,종점,(1차로)승용차관련사고처리중,127.1432,37.5024
2024-09-10 13:00,고속도로,종점,(2차로)화물차관련사고처리중,128.218,36.3681
2024-09-10 14:00,고속도로,종점,(진출로)사고처리중,126.8698,37.3687
2024-09-10 15:00,고속도로,기점,(4차로)화물차관련사고처리중,127.126,37.4515
2024-09-10 16:00,고속도로,기점,(갓길)화물차관련사고처리중,127.126,37.4515
2024-09-10 17:00,고속도로,기점,"(1,2차로)승용차관련사고처리중",127.1713,37.0175
2024-09-10 17:00,고속도로,종점,(갓길)화물차관련사고처리중,126.8894,37.0576
2024-09-10 17:00,고속도로,기점,"2,3,4차로차대차3중추돌사고",126.7028,37.5705
2024-09-10 18:00,고속도로,기점,"2,3,4차로차대차3중추돌사고",126.7028,37.5705
2024-09-10 18:00,고속도로,종점,(1차로)승용차관련사고처리중,128.9756,35.2002
2024-09-10 18:00,고속도로,기점,"(1,2차로)승용차사고처리중",128.0042,37.4237
2024-09-10 18:00,고속도로,기점,"(1차로,갓길)승용차관련사고처리중정체극심국도우회바랍니다",127.1713,37.0175
2024-09-10 19:00,고속도로,종점,(3차로)승용차관련사고처리중,127.4448,37.1185
2024-09-10 19:00,고속도로,종점,(진입로갓길)화물차관련사고처리중,127.4255,37.2407
2024-09-10 19:00,고속도로,기점,(4차로)화물차관련사고처리중,127.1231,37.4357
2024-09-10 19:00,고속도로,기점,"(2,3차로,갓길)승용차관련사고처리중",126.9191,37.0487
2024-09-10 20:00,고속도로,종점,(2차로)승용차관련사고처리중,127.1828,37.5418
2024-09-10 20:00,고속도로,종점,"(2차로,갓길)중형화물차사고처리중",127.8856,36.9162
2024-09-10 21:00,고속도로,종점,"(2차로,갓길)중형화물차사고처리중",127.8856,36.9162
2024-09-10 22:00,고속도로,종점,(2차로)화물차관련사고처리중,127.9237,36.8671
2024-09-10 22:00,고속도로,종점,"(2차로,갓길)중형화물차사고처리중",127.8856,36.9162
2024-09-10 23:00,고속도로,종점,(2차로)화물차관련사고처리중,127.9237,36.8671
2024-09-10 23:00,고속도로,종점,"(2차로,갓길)중형화물차사고처리중",127.8856,36.9162
2024-09-11 00:00,고속도로,종점,(2차로)중형화물차사고처리중,127.8856,36.9162
2024-09-11 02:00,고속도로,기점,(갓길)승용차관련사고처리중,128.8279,35.2243
2024-09-11 03:00,고속도로,종점,(6차로)사고처리중,127.1851,37.5376
2024-09-11 04:00,고속도로,종점,(6차로)사고처리중,127.1851,37.5376
2024-09-11 05:00,고속도로,종점,(5차로)사고처리중,127.0776,37.4226
2024-09-11 05:00,고속도로,종점,(1차로)화물차관련사고처리중,126.7243,35.6571
2024-09-11 05:00,고속도로,종점,"(3,4차로)사고처리중",127.0947,37.203
2024-09-11 06:00,고속도로,종점,(3차로)화물차단독사고처리중,127.3563,36.6901
2024-09-11 06:00,고속도로,종점,(갓길)승용차관련사고처리중,128.2208,36.1592
2024-09-11 06:00,고속도로,종점,(5차로)화물차관련사고처리중,127.0958,37.2126
2024-09-11 06:00,고속도로,종점,(2차로)화물차관련사고처리중,126.7243,35.6571
2024-09-11 07:00,고속도로,종점,(3차로)화물차단독사고처리중,127.3563,36.6901
2024-09-11 08:00,고속도로,기점,(1차로)승용차관련사고처리중,127.136,37.4853
2024-09-11 09:00,고속도로,기점,(4차로)화물차관련사고처리중,128.4189,35.283
2024-09-11 09:00,고속도로,기점,(4차로)승용차관련사고처리중,128.8202,35.1859
2024-09-11 09:00,고속도로,기점,"(2,3차로)차량화재사고처리중",128.7285,37.6698
2024-09-11 10:00,고속도로,기점,(3차로)차량화재사고처리중,128.7285,37.6698
2024-09-11 10:00,고속도로,기점,(4차로)화물차관련사고처리중,128.4189,35.283
2024-09-11 10:00,고속도로,종점,(갓길)화물차화재사고처리중,129.2817,35.6109
2024-09-11 10:00,고속도로,종점,"(1,2차로)소형화물차사고처리중",127.8538,36.2487
2024-09-11 11:00,고속도로,종점,(1차로)화물차관련사고처리중,126.9403,37.0477
2024-09-11 11:00,고속도로,종점,(1차로)승용차관련사고처리중,128.9828,35.2404
2024-09-11 11:00,고속도로,기점,(갓길)승용차사고처리중,127.4115,36.9573
2024-09-11 12:00,고속도로,종점,(4차로)화물차관련사고처리중,127.1765,37.5553
2024-09-11 12:00,고속도로,종점,(1차로)승용차관련사고처리중,127.4183,36.4658
2024-09-11 13:00,고속도로,기점,(1차로)승용차관련사고처리중,127.5795,37.722
2024-09-11 13:00,고속도로,기점,(갓길)화물차관련사고처리중,127.0015,37.3136
2024-09-11 13:00,고속도로,기점,(5차로)승용차관련사고처리중,127.1643,37.5743
2024-09-11 13:00,고속도로,종점,(4차로)화물차관련사고처리중,127.1765,37.5553
2024-09-11 13:00,고속도로,기점,(1차로)승용차관련사고처리중,127.5065,36.5303
2024-09-11 14:00,고속도로,종점,(5차로)화물차관련사고처리중,127.1424,37.5007
2024-09-11 14:00,고속도로,종점,(1차로)화물차관련추돌사고처리중,127.4631,35.1204
2024-09-11 14:00,고속도로,종점,"(1,2차로)화물차관련사고처리중",127.7249,37.7521
2024-09-11 14:00,고속도로,종점,(2차로)화물차관련사고처리중,127.8553,37.6784
2024-09-11 14:00,고속도로,기점,(갓길)승용차단독사고처리중,127.4609,35.0054
2024-09-11 15:00,고속도로,종점,(1차로)화물차관련추돌사고처리중,127.4631,35.1204
2024-09-11 15:00,고속도로,기점,(갓길)승용차단독사고처리중,127.4609,35.0054
2024-09-11 16:00,고속도로,기점,(갓길)승용차단독사고처리중,127.4609,35.0054
2024-09-11 16:00,고속도로,종점,(갓길)승용차단독사고처리중,126.8761,35.6106
2024-09-11 16:00,고속도로,기점,(갓길)승용차단독사고처리중,126.7889,35.3022
2024-09-11 16:00,고속도로,종점,(1차로)화물차관련추돌사고처리중,127.4631,35.1204
2024-09-11 16:00,고속도로,기점,(4차로)사고처리중,126.8922,37.3707
2024-09-11 17:00,고속도로,종점,(4차로)사고처리중,126.812,37.4421
2024-09-11 17:00,고속도로,기점,(4차로)사고처리중,126.8922,37.3707
2024-09-11 17:00,고속도로,종점,(1차로)승용차관련사고처리중,127.1559,36.1477
2024-09-11 18:00,고속도로,기점,"(2,3차로)소형화물차고장처리중",127.4965,36.3504
2024-09-11 18:00,고속도로,종점,(1차로)추돌사고처리중,127.7701,37.7915
2024-09-11 18:00,고속도로,기점,(1차로)승용차관련사고처리중,128.5079,35.8949
2024-09-11 18:00,고속도로,종점,(1차로)승용차추돌사고처리중,127.1681,36.8254
2024-09-11 19:00,고속도로,종점,"(2,3차로)대형화물차사고처리중 국도우회이용바람",127.4191,36.3961
2024-09-11 19:00,고속도로,기점,(1차로)승용차단독사고처리중,128.3434,36.3773
2024-09-11 19:00,고속도로,종점,(1차로)승용차화물차추돌사고처리중,127.0694,36.4867
2024-09-11 19:00,고속도로,기점,(갓길)승용차관련사고처리중,129.1929,35.7186
2024-09-11 20:00,고속도로,종점,(1차로)사고처리중,127.1067,37.4076
2024-09-11 20:00,고속도로,종점,"(2,3차로)대형화물차사고처리중 국도우회이용바람",127.4191,36.3961
2024-09-11 20:00,고속도로,기점,(1차로)승용차관련추돌시고처리중,126.8546,35.1929
2024-09-11 21:00,고속도로,종점,(2차로)사고처리중,126.8869,37.4079
2024-09-11 21:00,고속도로,기점,(갓길)승용차사고처리중,127.8464,37.7594
2024-09-11 21:00,고속도로,기점,(1차로)승용차관련사고처리중,126.9634,37.3816
2024-09-11 21:00,고속도로,기점,(갓길)버스단독사고처리중,128.5431,36.6463
2024-09-11 22:00,고속도로,기점,(갓길)승용차관련사고처리중,127.7938,37.7499
2024-09-11 23:00,고속도로,기점,(갓길)승용차관련사고처리중,127.7726,35.5988
2024-09-11 23:00,고속도로,종점,(1차로)승용차관련사고처리중,127.9325,37.6322
2024-09-11 23:00,고속도로,종점,(진출로)사고처리중,126.7203,37.5238
2024-09-11 23:00,고속도로,기점,"(1,2차로)승용차단독사고처리중",129.1027,35.8313
2024-09-11 23:00,고속도로,종점,(1차로)승용차관련사고처리중,127.5733,37.7198
2024-09-11 23:00,고속도로,기점,(4차로)사고처리중,126.9678,37.3815
2024-09-12 00:00,고속도로,종점,(갓길)승용차관련사고처리중,127.3529,37.2507
2024-09-12 00:00,고속도로,종점,(2차로)화물차관련사고처리중,127.2498,35.1674
2024-09-12 00:00,고속도로,기점,(갓길)사고처리중,126.7998,37.6189
2024-09-12 01:00,고속도로,기점,(갓길)승용차단독사고처리중,128.4274,36.0051
2024-09-12 01:00,고속도로,종점,(갓길)승용차사고처리중,126.8047,35.3301
2024-09-12 01:00,고속도로,기점,(갓길)화물차관련사고처리중,127.3737,36.6511
2024-09-12 01:00,고속도로,기점,(갓길)사고처리중,126.7998,37.6189
2024-09-12 02:00,고속도로,기점,"(1,5차로)사고처리중",127.1208,37.4146
2024-09-12 03:00,고속도로,기점,(1차로)승용차추돌사고처리중,129.1409,35.5576
2024-09-12 05:00,고속도로,종점,(갓길)화물차추돌사고처리중,127.7847,35.5195
2024-09-12 05:00,고속도로,종점,"(1,2차로)승용차사고처리중",127.2299,37.2488
2024-09-12 06:00,고속도로,종점,"(2차로,갓길)화재사고처리중",126.6933,35.5636
2024-09-12 07:00,고속도로,종점,"(2,3차로)승용차사고처리중",127.9064,37.3583
2024-09-12 08:00,고속도로,종점,"(2차로,갓길)화물차관련사고처리중",128.468,35.8898
2024-09-12 08:00,고속도로,종점,(5차로)사고처리중,127.1315,37.0745
2024-09-12 08:00,고속도로,기점,(갓길)승용차화재처리중,128.7812,37.7325
2024-09-12 09:00,고속도로,종점,(4차로)승용차관련사고처리중,126.9233,37.3748
2024-09-12 09:00,고속도로,종점,(갓길)단독사고처리중,127.9126,37.341
2024-09-12 09:00,고속도로,종점,(1차로)승용차사고처리중,127.3256,37.2493
2024-09-12 09:00,고속도로,기점,"(4차로,갓길)승용차관련사고처리중",128.678,35.8964
2024-09-12 09:00,고속도로,기점,(2차로)승용차관련사고처리중,127.6005,37.7289
2024-09-12 09:00,고속도로,종점,(5차로)사고처리중,127.1315,37.0745
2024-09-12 10:00,고속도로,기점,(갓길)승용차사고처리중,127.8821,37.6615
2024-09-12 10:00,고속도로,기점,(1차로)화물차관련사고처리중,129.0184,35.2739
2024-09-12 10:00,고속도로,기점,(2차로)승용차사고처리중,127.9732,37.5729
2024-09-12 10:00,고속도로,기점,"(1차로,갓길)화물차관련사고처리중",128.8545,35.8835
2024-09-12 11:00,고속도로,기점,(2차로)소형화물차관련사고처리중,127.9984,37.2812
2024-09-12 11:00,고속도로,종점,(갓길)승용차사고처리중,127.5827,37.2687
2024-09-12 11:00,고속도로,종점,"(1,2차로,갓길)화물차관련삭소처리중",127.0688,37.0259
2024-09-12 11:00,고속도로,종점,"(1,2차로,갓길)화물차관련삭소처리중",127.0688,37.0259
2024-09-12 11:00,국도,울산방향,승용차 2대 관련 충돌 사고,129.338012,35.668417
2024-09-12 11:00,고속도로,기점,(갓길)사고처리중,127.0352,35.8293
2024-09-12 12:00,고속도로,기점,(1차로)소형화물차고장처리중,128.0145,37.2675
2024-09-12 12:00,고속도로,종점,(1차로)단독사고처리중,127.9399,37.7509
2024-09-12 12:00,고속도로,종점,(4차로)사고처리중,127.1037,37.2822
2024-09-12 12:00,고속도로,종점,(갓길)승용차사고처리중,127.5853,37.2628
2024-09-12 12:00,고속도로,기점,(1차로)승용차사고처리중,128.2074,37.8078
2024-09-12 12:00,고속도로,종점,(2차로)승용차사고처리중,127.8196,37.7135
2024-09-12 12:00,고속도로,기점,(갓길)승용차사고처리중,128.6044,37.6682
2024-09-12 12:00,국도,울산방향,승용차 2대 관련 충돌 사고,129.338012,35.668417
2024-09-12 13:00,고속도로,종점,(갓길)소형화물차단독사고처리중,128.329,37.5567
2024-09-12 13:00,고속도로,기점,"(1,2차로)승용차단독사고처리중",129.049,35.3707
2024-09-12 13:00,고속도로,종점,(1차로)화물차관련사고처리중,129.4263,35.787
2024-09-12 13:00,고속도로,종점,(1차로)단독사고처리중,127.9061,37.3591
2024-09-12 13:00,고속도로,기점,(갓길)승용차관련사고처리중,128.1943,37.4908
2024-09-12 13:00,고속도로,기점,"(1,2차로)소형화물차사고처리중",127.3841,36.2836
2024-09-12 13:00,고속도로,종점,(1차로)추돌사고처리중,127.1662,37.5721
2024-09-12 13:00,국도,울산방향,승용차 2대 관련 충돌 사고,129.338012,35.668417
2024-09-12 14:00,고속도로,종점,(2차로)화물차관련사고처리중,129.4263,35.787
2024-09-12 14:00,고속도로,종점,"(1,2차로)화물차관련사고처리중",127.2632,37.2463
2024-09-12 14:00,고속도로,기점,(갓길)승용차관련사고처리중,128.1943,37.4908
2024-09-12 14:00,고속도로,종점,(2차로)승용차사고처리중,127.5314,37.3567
2024-09-12 14:00,국도,울산방향,승용차 2대 관련 충돌 사고,129.338012,35.668417
2024-09-12 15:00,국도,울산방향,승용차 2대 관련 충돌 사고,129.338012,35.668417
2024-09-12 15:00,고속도로,종점,(갓길)승용차단독사고처리중,128.3297,35.2851
2024-09-12 15:00,고속도로,종점,(1차로)소형화물차관련사고처리중,127.4408,37.1721
2024-09-12 15:00,고속도로,종점,(갓길)소형화물차사고처리중,127.3172,37.3719
2024-09-12 15:00,고속도로,기점,"(1,2차로)화물차사고처리중",127.9482,37.6184
2024-09-12 15:00,고속도로,종점,"(1,2차로)화물차관련사고처리중",127.2632,37.2463
2024-09-12 15:00,고속도로,기점,(갓길)사고처리중,127.3952,37.2742
2024-09-12 16:00,고속도로,기점,(5차로)사고처리중,126.7543,37.4744
2024-09-12 16:00,고속도로,종점,(1차로)사고처리중,126.8837,37.0442
2024-09-12 16:00,고속도로,종점,(갓길)사고처리중,126.9005,37.2853
2024-09-12 16:00,고속도로,종점,"(1,2차로)화물차관련사고처리중",127.2632,37.2463
2024-09-12 16:00,국도,울산방향,승용차 2대 관련 충돌 사고,129.338012,35.668417
2024-09-12 17:00,고속도로,기점,(1차로)사고처리중,126.7974,37.4557
2024-09-12 17:00,고속도로,종점,(1차로)승용차관련사고처리중,127.7221,37.0788
2024-09-12 17:00,국도,울산방향,승용차 2대 관련 충돌 사고,129.338012,35.668417
2024-09-12 18:00,고속도로,기점,(2차로)화물차관련사고처리중,128.8015,37.8805
2024-09-12 18:00,고속도로,기점,(1차로)진출로사고처리중,127.7951,37.0353
2024-09-12 18:00,고속도로,종점,(1차로)승용차사고처리중,127.8737,36.2263
2024-09-12 18:00,국도,울산방향,승용차 2대 관련 충돌 사고,129.338012,35.668417
2024-09-12 19:00,국도,울산방향,승용차 2대 관련 충돌 사고,129.338012,35.668417
2024-09-12 19:00,고속도로,종점,(4차로)사고처리중,126.812,37.4421
2024-09-12 19:00,고속도로,기점,(1차로)진출로사고처리중,127.7951,37.0353
2024-09-12 19:00,고속도로,기점,(2차로)화물차관련사고처리중,128.8015,37.8805
2024-09-12 20:00,국도,울산방향,승용차 2대 관련 충돌 사고,129.338012,35.668417
2024-09-12 20:00,고속도로,종점,(4차로)사고처리중,126.812,37.4421
2024-09-12 20:00,고속도로,종점,(2차로)사고처리중,126.7779,37.5987
2024-09-12 20:00,고속도로,기점,(갓길)사고처리중,126.7998,37.6189
2024-09-12 21:00,고속도로,종점,"(1,4차로)사고처리중",126.7512,37.5355
2024-09-12 21:00,국도,울산방향,승용차 2대 관련 충돌 사고,129.338012,35.668417
2024-09-12 22:00,고속도로,종점,(갓길)사고처리중,126.7512,37.5355
2024-09-12 22:00,국도,울산방향,승용차 2대 관련 충돌 사고,129.338012,35.668417
2024-09-12 23:00,국도,울산방향,승용차 2대 관련 충돌 사고,129.338012,35.668417
2024-09-13 00:00,국도,울산방향,승용차 2대 관련 충돌 사고,129.338012,35.668417
2024-09-13 01:00,국도,울산방향,승용차 2대 관련 충돌 사고,129.338012,35.668417
2024-09-13 02:00,국도,울산방향,승용차 2대 관련 충돌 사고,129.338012,35.668417
2024-09-13 03:00,국도,울산방향,승용차 2대 관련 충돌 사고,129.338012,35.668417
2024-09-13 04:00,국도,울산방향,승용차 2대 관련 충돌 사고,129.338012,35.668417
2024-09-13 05:00,고속도로,종점,"(5차로,갓길)화물차관련사고처리중",127.117,37.2915
2024-09-13 05:00,국도,울산방향,승용차 2대 관련 충돌 사고,129.338012,35.668417
2024-09-13 06:00,고속도로,종점,"(5차로,갓길)화물차관련사고처리중",127.117,37.2915
2024-09-13 06:00,고속도로,종점,(5차로)승용차관련사고처리중,127.1039,37.2552
2024-09-13 06:00,국도,울산방향,승용차 2대 관련 충돌 사고,129.338012,35.668417
2024-09-13 07:00,고속도로,종점,(4차로)화물차관련사고처리중,126.7179,37.4339
2024-09-13 07:00,고속도로,종점,"(4,5,6차로)화물차관련사고처리중",127.117,37.2915
2024-09-13 07:00,국도,울산방향,승용차 2대 관련 충돌 사고,129.338012,35.668417
2024-09-13 08:00,국도,울산방향,승용차 2대 관련 충돌 사고,129.338012,35.668417
2024-09-13 09:00,국도,울산방향,승용차 2대 관련 충돌 사고,129.338012,35.668417
2024-09-13 10:00,고속도로,기점,"(1,2차로)승용차관련사고처리중",126.9003,37.3222
2024-09-13 10:00,국도,울산방향,승용차 2대 관련 충돌 사고,129.338012,35.668417
2024-09-13 11:00,고속도로,기점,(1차로)화물차관련사고처리중,128.4648,35.2713
2024-09-13 11:00,국도,울산방향,승용차 2대 관련 충돌 사고,129.338012,35.668417
2024-09-13 11:00,고속도로,기점,(1차로)승용차사고처리중,126.8648,36.9627
2024-09-13 12:00,고속도로,기점,(1차로)승용차사고처리중,126.8648,36.9627
2024-09-13 12:00,국도,울산방향,승용차 2대 관련 충돌 사고,129.338012,35.668417
2024-09-13 12:00,고속도로,종점,(갓길)화물차(낙하물)관련사고처리중,128.6341,35.917
2024-09-13 12:00,고속도로,기점,"(4,5차로)소형화물차사고처리중",127.1681,36.8254
2024-09-13 13:00,고속도로,기점,(5차로)중형화물차사고처리중.,127.1681,36.8254
2024-09-13 13:00,고속도로,기점,(1차로)승용차단독사고처리중,128.016,37.4384
2024-09-13 13:00,국도,울산방향,승용차 2대 관련 충돌 사고,129.338012,35.668417
2024-09-13 14:00,고속도로,종점,(1차로)승용차관련사고처리중,126.8696,37.4322
2024-09-13 14:00,고속도로,기점,(1차로)승용차관련사고처리중,128.2222,36.3095
2024-09-13 14:00,고속도로,종점,(5차로)승용차관련사고처리중,127.1009,37.3965
2024-09-13 14:00,고속도로,기점,(갓길)화물차관련사고처리중,126.7888,37.4575
2024-09-13 14:00,국도,울산방향,승용차 2대 관련 충돌 사고,129.338012,35.668417
2024-09-13 15:00,고속도로,기점,(1차로)승용차관련사고처리중,128.5234,36.0355
2024-09-13 15:00,국도,울산방향,승용차 2대 관련 충돌 사고,129.338012,35.668417
2024-09-13 16:00,국도,울산방향,승용차 2대 관련 충돌 사고,129.338012,35.668417
2024-09-13 16:00,고속도로,종점,(1차로)승용차관련사고처리중,127.7019,37.1142
2024-09-13 16:00,고속도로,종점,(1차로)사고처리중,127.0944,37.4057
2024-09-13 16:00,고속도로,종점,(1차로)승용차관련사고처리중,127.9266,35.054
2024-09-13 17:00,국도,울산방향,승용차 2대 관련 충돌 사고,129.338012,35.668417
2024-09-13 17:00,고속도로,기점,(1차로)승용차관련사고처리중,128.1257,37.7882
2024-09-13 17:00,고속도로,기점,(1차로)승용차단독사고처리중,127.7497,37.0394
2024-09-13 17:00,고속도로,기점,(2차로)승용차사고처리중,126.871,37.1997
2024-09-13 17:00,고속도로,종점,(2차로)승용차사고처리중,127.1476,35.3634
2024-09-13 17:00,고속도로,종점,(1차로)승용차관련사고처리중,127.8775,35.0359
2024-09-13 17:00,고속도로,기점,(1차로)승용차관련사고처리중,128.5188,35.8938
2024-09-13 18:00,고속도로,종점,"(2차로,갓길)화물차관련사고처리중",128.4439,35.6292
2024-09-13 18:00,고속도로,기점,(1차로)승용차관련추돌사고처리중,128.1274,36.6703
2024-09-13 18:00,고속도로,종점,"(1,2차로)승용차관련사고처리중",128.9704,35.1528
2024-09-13 18:00,고속도로,종점,(갓길)승용차단독사고처리중,128.578,36.7449
2024-09-13 18:00,국도,울산방향,승용차 2대 관련 충돌 사고,129.338012,35.668417
2024-09-13 19:00,고속도로,종점,(1차로)승용차관련사고처리중,128.5105,35.2834
2024-09-13 19:00,고속도로,종점,"(3,4차로)사고처리중",127.1196,37.413
2024-09-13 19:00,국도,울산방향,승용차 2대 관련 충돌 사고,129.338012,35.668417
2024-09-13 19:00,고속도로,종점,"(2차로,갓길)화물차관련사고처리중",128.4439,35.6292
2024-09-13 20:00,고속도로,기점,"(2차로,갓길)승용차단독화재사고처리중",128.0603,36.4101
2024-09-13 20:00,고속도로,기점,(3차로)승용차관련사고처리중,127.2799,37.2423
2024-09-13 20:00,국도,울산방향,승용차 2대 관련 충돌 사고,129.338012,35.668417
2024-09-13 21:00,고속도로,기점,(진출로)승용차관련사고처리중,128.8392,37.751
2024-09-13 21:00,국도,울산방향,승용차 2대 관련 충돌 사고,129.338012,35.668417
2024-09-13 22:00,고속도로,기점,(1차로)승용차단독사고처리중,127.8157,35.4886
2024-09-13 22:00,국도,울산방향,승용차 2대 관련 충돌 사고,129.338012,35.668417
2024-09-13 23:00,고속도로,기점,"(2,3차로)화물차관련사고처리중",128.076,36.1358
2024-09-13 23:00,국도,울산방향,승용차 2대 관련 충돌 사고,129.338012,35.668417
2024-09-14 00:00,국도,울산방향,승용차 2대 관련 충돌 사고,129.338012,35.668417
2024-09-14 02:00,고속도로,기점,(진출로갓길)단독사고처리중,126.7983,36.0115
2024-09-14 03:00,고속도로,기점,(진출로갓길)단독사고처리중,126.7983,36.0115
2024-09-14 03:00,고속도로,기점,(3차로)추돌사고처리중,126.6322,37.4463
2024-09-14 04:00,고속도로,기점,(갓길)승용차관련사고처리중,127.232,37.2483
2024-09-14 04:00,고속도로,기점,"(2,3차로)사고처리중",126.6883,36.8771
2024-09-14 04:00,고속도로,종점,(진출로갓길)승용차관련사고처리중,127.0958,37.2126
2024-09-14 05:00,고속도로,기점,(진출로2차로)승용차관련사고처리중,126.7588,37.5241
2024-09-14 05:00,고속도로,기점,"(2,3차로)사고처리중",126.6883,36.8771
2024-09-14 06:00,고속도로,기점,"(2,3차로)사고처리중",126.6883,36.8771
2024-09-14 06:00,고속도로,종점,(갓길)승용차단독사고처리중,127.1476,35.3634
2024-09-14 06:00,고속도로,기점,(진출로2차로)승용차관련사고처리중,126.7588,37.5241
2024-09-14 07:00,고속도로,종점,(1차로)승용차단독사고처리중,127.6307,37.1662
2024-09-14 07:00,고속도로,종점,(2차로)화물차단독사고처리중,127.4453,37.1095
2024-09-14 07:00,고속도로,기점,"(1,2차로)화물차관련사고처리중.정체극심국도우회이용바람",126.6883,36.8771
2024-09-14 07:00,고속도로,기점,"(3,4차로)버스관련사고처리중",128.8754,35.1712
2024-09-14 08:00,고속도로,기점,(갓길)승용차사고처리중,126.9213,37.0487
2024-09-14 08:00,고속도로,기점,"(3,4차로)버스단독사고처리중",128.8754,35.1712
2024-09-14 08:00,고속도로,종점,"(1,2,3차로)화물차관련사고처리중",128.8754,35.1712
2024-09-14 09:00,고속도로,기점,(갓길)승용차관련사고처리중,128.5035,35.3224
2024-09-14 09:00,고속도로,기점,(1차로)대형버스관련사고처리중,127.3296,36.721
2024-09-14 09:00,고속도로,기점,(갓길)승용차사고처리중,126.9213,37.0487
2024-09-14 09:00,고속도로,종점,(5차로)사고처리중,127.1224,37.4169
2024-09-14 10:00,고속도로,기점,(1차로)승용차관련추돌사고처리중,127.4922,36.8439
2024-09-14 10:00,고속도로,기점,(진출로2차로)승용차관련사고처리중,127.3205,37.3536
2024-09-14 10:00,고속도로,종점,(1차로)승용차관련사고처리중,127.9773,35.0586
2024-09-14 12:00,고속도로,기점,(1차로)사고처리중,126.7266,36.0825
2024-09-14 12:00,고속도로,종점,"(2,3차로)승용차단독사고처리중",128.8364,35.8793
2024-09-14 12:00,고속도로,종점,(4차로)승용차관련사고처리중,126.7292,37.4333
2024-09-14 14:00,고속도로,기점,"(2차로,갓길)소형화물차관련추돌사고처리중",127.6013,35.4963
2024-09-14 14:00,고속도로,기점,(1차로)사고처리중,126.7753,37.4585
2024-09-14 14:00,고속도로,기점,(진출로2차로)승용차관련사고처리중,127.1038,37.2642
2024-09-14 15:00,고속도로,기점,(1차로)승용차관련추돌사고처리중,127.615,37.1789
2024-09-14 15:00,고속도로,기점,(갓길)승용차관련사고처리중,128.5579,35.2346
2024-09-14 15:00,고속도로,종점,"(2차로,갓길)승용차화재사고처리중",128.6221,35.2684
2024-09-14 15:00,고속도로,기점,(1차로)승용차관련사고처리중,127.4239,36.6629
2024-09-14 15:00,고속도로,기점,"(3차로,갓길)승용차단독사고처리중",129.077,35.3047
2024-09-14 16:00,고속도로,종점,(2차로)승용차관련사고처리중,128.5862,38.0498
2024-09-14 16:00,고속도로,기점,(1차로)승용차관련사고처리중,127.9552,37.3132
2024-09-14 16:00,고속도로,종점,(1차로)승용차관련사고처리중,126.8722,37.1907
2024-09-14 17:00,고속도로,종점,(갓길)승용차관련사고처리중,128.4618,35.604
2024-09-14 17:00,고속도로,종점,(2차로)승용차관련사고처리중,127.4632,35.1141
2024-09-14 18:00,고속도로,기점,(1차로)사고처리중,126.9866,36.5508
2024-09-14 18:00,고속도로,종점,(1차로)승요차관련사고처리중,127.1586,37.5137
2024-09-14 19:00,고속도로,기점,"(2차로,갓길)승용차단독사고처리중",128.3174,35.871
2024-09-14 22:00,고속도로,종점,(갓길)승용차단독사고처리중,126.9171,35.1825
2024-09-15 07:00,고속도로,종점,(1차로)승용차관련사고처리중,128.5802,38.0402
2024-09-15 07:00,고속도로,기점,(1차로)승용차단독사고처리중,129.1391,35.5956
2024-09-15 07:00,고속도로,기점,(갓길)사고처리중,127.0537,35.8746
2024-09-15 07:00,고속도로,종점,(2차로)승용차관련사고처리중,128.0552,35.7071
2024-09-15 09:00,고속도로,종점,(광장부)화물차관련사고처리중,127.0958,37.2126
2024-09-15 09:00,고속도로,기점,(광장부)화물차관련사고처리중,127.0958,37.2126
2024-09-15 10:00,고속도로,기점,(갓길)승용차관련사고처리중,128.8153,37.8378
2024-09-15 11:00,고속도로,기점,(1차로)승용차관련사고처리중,126.8858,37.0484
2024-09-15 11:00,고속도로,기점,(2차로)사고처리중,126.8113,37.4428
2024-09-15 12:00,고속도로,기점,(갓길)승용차관련사고처리중,128.1929,35.18
2024-09-15 12:00,고속도로,기점,(1차로)승용단독사고처리중,129.0937,37.5457
2024-09-15 12:00,고속도로,기점,(1차로)승용차관련사고처리중,126.8858,37.0484
2024-09-15 13:00,고속도로,종점,(갓길)승용차단독사고처리중,127.9976,37.2818
2024-09-15 13:00,고속도로,종점,(갓길)승용차관련사고처리중,126.8722,37.1907
2024-09-15 13:00,고속도로,기점,(1차로)승용차관련화재사고처리중,128.0599,35.0937
2024-09-15 13:00,고속도로,종점,(1차로)사고처리중,126.5773,36.8149
2024-09-15 14:00,고속도로,기점,(갓길)승용차관련사고처리중,129.1719,37.4165
2024-09-15 14:00,고속도로,기점,(1차로)승용차관련사고처리중,127.9306,37.3236
2024-09-15 15:00,고속도로,종점,(1차로)버스관련사고처리중,128.7744,37.6834
2024-09-15 15:00,고속도로,종점,(1차로)승용차관련사고처리중,126.7032,36.8904
2024-09-15 16:00,고속도로,종점,(1차로)승용차관련사고처리중,128.6043,36.4154
2024-09-15 16:00,고속도로,기점,(갓길)승용차관련사고처리중,126.7753,36.0943
2024-09-15 16:00,고속도로,종점,(1차로)버스관련사고처리중,128.7744,37.6834
2024-09-15 16:00,고속도로,종점,(1차로)승용차관련사고처리중,127.74,37.0431
2024-09-15 17:00,고속도로,기점,(갓길)사고처리중,126.8874,37.3146
2024-09-15 17:00,고속도로,기점,(광장부)승용차단독사고처리중,128.5154,35.2589
2024-09-15 17:00,고속도로,기점,(4차로)승용차관련사고처리완료,129.0438,35.3447
2024-09-15 17:00,고속도로,기점,(갓길)화물차관련사고처리중,126.7725,36.0583
2024-09-15 17:00,고속도로,기점,(1차로)승용차관련사고처리중,127.3571,37.6341
2024-09-15 19:00,고속도로,기점,(1차로)버스관련사고처리중,127.1276,37.081
2024-09-15 22:00,고속도로,기점,(갓길)승용차단독사고처리중,129.2475,35.3777
2024-09-16 01:00,고속도로,기점,(갓길)승용차관련사고처리중,128.7196,37.6754
2024-09-16 01:00,고속도로,종점,"(1,2차로)사고처리중",127.1738,36.1583
2024-09-16 02:00,고속도로,기점,(갓길)승용차관련사고처리중,128.7196,37.6754
2024-09-16 03:00,고속도로,종점,"(2,3차로)승용차관련사고처리중",127.1003,37.3992
2024-09-16 04:00,고속도로,기점,(진출로갓길)화물차사고처리중,129.2818,35.4791
2024-09-16 05:00,고속도로,종점,(갓길)소형화물차사고처리중,128.03,37.2657
2024-09-16 07:00,고속도로,기점,(갓길)승용차관련사고처리중,128.0039,36.44
2024-09-16 09:00,고속도로,기점,"(1,2차로)승용차관련사고처리중",126.9023,37.2941
2024-09-16 09:00,고속도로,종점,(갓길)사고처리중,126.7746,37.3598
2024-09-16 10:00,고속도로,기점,(갓길)승용차관련사고처리중,126.8812,37.0392
2024-09-16 10:00,고속도로,기점,(1차로)승용차관련사고처리중,126.7515,37.4772
2024-09-16 10:00,고속도로,기점,(1차로)승용차단독사고처리중,129.2441,35.5342
2024-09-16 11:00,고속도로,기점,(4차로)승용차관련사고처리중,128.6341,35.917
2024-09-16 11:00,고속도로,기점,(1차로)추돌사고처리중,126.8777,37.4291
2024-09-16 11:00,고속도로,종점,(3차로)승용차관련사고처리중,129.0077,35.9139
2024-09-16 12:00,고속도로,기점,(1차로)승용차단독사고처리중,126.6269,36.1307
2024-09-16 12:00,고속도로,기점,(1차로)사고처리중,127.1655,36.4976
2024-09-16 12:00,고속도로,종점,(1차로)승용차관련사고처리중,127.9244,35.0536
2024-09-16 13:00,고속도로,종점,"(3차로,갓길)승용차관련사고처리중",127.4265,37.2372
2024-09-16 13:00,고속도로,기점,(1차로)승용차사고처리중,127.3871,37.6323
2024-09-16 13:00,고속도로,기점,(진출로)승용차단독사고처리중,129.2814,35.48
2024-09-16 14:00,고속도로,기점,(1차로)승용차관련사고처리중,127.6933,37.2544
2024-09-16 14:00,고속도로,기점,(1차로)승용차관련사고처리중,128.1661,37.7971
2024-09-16 14:00,고속도로,종점,(1차로)승용차사고처리중,128.3865,37.5673
2024-09-16 14:00,고속도로,종점,(1차로)버스관련사고처리중,127.6933,37.2544
2024-09-16 14:00,고속도로,기점,(갓길)승용차관련사고처리중,128.0042,37.4237
2024-09-16 14:00,고속도로,기점,(갓길)승용차사고처리중,128.8391,37.7537
2024-09-16 14:00,고속도로,기점,"(2,3,4차로)추돌사고처리중",127.0514,37.2991
2024-09-16 15:00,고속도로,종점,"(4차로,갓길)승용차관련사고처리중",128.5588,35.9038
2024-09-16 15:00,고속도로,종점,(1차로)승용차관련추돌사고처리중,126.7933,35.2666
2024-09-16 17:00,고속도로,기점,(1차로)승용차관련사고처리중,128.1274,36.6703
2024-09-16 18:00,고속도로,종점,"(1차로,갓길)화물차관련사고처리중",129.0113,37.6679
2024-09-16 18:00,고속도로,기점,(갓길)승용차관련사고처리중,126.7489,37.4821
2024-09-16 19:00,고속도로,종점,(1차로)화물차관련사고처리중,129.0113,37.6679
2024-09-16 21:00,고속도로,기점,(갓길)승용차단독사고처리중,126.4813,35.0919
2024-09-16 21:00,고속도로,종점,(2차로)승용차관련추돌사고처리중,127.457,35.1463
2024-09-16 22:00,고속도로,종점,(2차로)승용차관련추돌사고처리중,127.457,35.1463
2024-09-16 22:00,고속도로,기점,"(2차로,갓길)승용차단독사고처리중",126.4813,35.0919
2024-09-16 23:00,고속도로,종점,(5차로)사고처리중,127.1257,37.0852
2024-09-17 06:00,고속도로,종점,(5차로)사고처리중,126.7543,37.5241
2024-09-17 10:00,고속도로,종점,(1차로)승용차관련사고처리중,126.8071,35.4459
2024-09-17 10:00,고속도로,종점,"(1,2차로)승용차관련사고처리중",127.3844,36.6236
2024-09-17 11:00,고속도로,종점,(1차로)승용차관련사고처리중,128.302,35.7306
2024-09-17 11:00,고속도로,종점,(1차로)승용차관련사고처리완료,129.0801,35.8553
2024-09-17 11:00,고속도로,기점,(1차로)승용차관련사고처리중,126.8849,37.3164
2024-09-17 11:00,고속도로,종점,(갓길)추돌사고처리중,126.644,35.4088
2024-09-17 11:00,고속도로,종점,(1차로)승용차관련사고처리중,126.8071,35.4459
2024-09-17 12:00,고속도로,기점,(갓길)승용차관련추돌사고처리중,126.6896,35.3916
2024-09-17 12:00,고속도로,종점,(1차로)사고처리중,127.051,35.8623
2024-09-17 12:00,고속도로,종점,(1차로)승용차관련사고처리중,127.6595,36.2804
2024-09-17 12:00,고속도로,종점,(1차로)승용차사고처리중,129.0113,37.6679
2024-09-17 13:00,고속도로,종점,(3차로)승용차고장처리중,128.9834,35.2716
2024-09-17 13:00,고속도로,기점,"(2,3차로)승용차관련사고처리중",127.5871,37.2327
2024-09-17 14:00,고속도로,기점,(1차로)승용차관련사고처리중,129.3915,35.8973
2024-09-17 14:00,고속도로,기점,(2차로)승용차관련사고처리중,126.8692,37.3696
2024-09-17 14:00,고속도로,종점,(1차로)승용차관련추돌사고처리중,126.7263,35.1138
2024-09-17 14:00,고속도로,종점,(갓길)승용차관련사고처리중,128.986,35.282
2024-09-17 15:00,고속도로,종점,(1차로)승용차추돌사고처리중,126.6653,35.0871
2024-09-17 16:00,고속도로,종점,(1차로)승용차관련사고처리중,127.1753,37.5587
2024-09-17 16:00,고속도로,종점,(4차로)승용차관련사고처리중,128.3817,36.07
2024-09-17 16:00,고속도로,종점,(1차로)추돌사고처리중,126.9293,35.1921
2024-09-17 17:00,고속도로,기점,(갓길)승용차관련사고처리중,127.1056,37.4076
2024-09-17 17:00,고속도로,기점,(진출로갓길)승용차단독사고처리중,127.1789,37.5502
2024-09-17 20:00,고속도로,기점,(갓길)승용차관련사고처리중,126.7563,37.4641
2024-09-17 20:00,고속도로,기점,(갓길)승용차추돌사고처리중,127.0644,35.3363
2024-09-17 20:00,고속도로,종점,"(2차로,갓길)승용차관련사고처리중",128.0683,36.7459
2024-09-17 22:00,고속도로,종점,(1차로)승용차관련사고처리중,126.7779,37.5987
2024-09-18 01:00,고속도로,기점,(2차로)승용차사고처리중,128.307,36.3757
2024-09-18 04:00,고속도로,기점,(2차로)승용차단독사고처리중,127.545,34.9844
2024-09-18 04:00,고속도로,종점,(2차로)승용차관련사고처리중,127.899,37.3694
2024-09-18 04:00,고속도로,기점,(3차로)화물차관련사고처리중,127.2828,37.2409
2024-09-18 05:00,고속도로,기점,"(1,2,3차로)사고처리중",126.9018,37.2887
2024-09-18 08:00,고속도로,종점,(5차로)승용차관련사고처리중,127.1192,37.0996
2024-09-18 08:00,고속도로,종점,"(3차로,갓길)화물차단독사고처리중",127.3489,36.7132
2024-09-18 09:00,고속도로,종점,(1차로)승용차관련사고처리중,127.4201,36.6047
2024-09-18 11:00,고속도로,종점,(1차로)승용차관련사고처리중,127.4185,36.6356
2024-09-18 11:00,고속도로,종점,(5차로)대형버스관련사고처리중,127.0443,37.4589
2024-09-18 12:00,고속도로,기점,(1차로)승용차관련사고처리중,127.3571,37.6341
2024-09-18 12:00,고속도로,종점,(1차로)사고처리중,127.6573,36.2809
2024-09-18 14:00,고속도로,기점,(갓길)승용차관련사고처리중,127.1484,37.5104
2024-09-18 14:00,고속도로,기점,(1차로)승용차관련사고처리중,128.122,36.3736
2024-09-18 14:00,고속도로,기점,(1차로)승용차관련사고처리중,128.5802,36.3537
2024-09-18 15:00,고속도로,종점,(1차로)승용차추돌사고처리중,127.9882,36.2108
2024-09-18 15:00,고속도로,기점,(1차로)승용차관련사고처리중,128.3888,37.5693
2024-09-18 15:00,고속도로,기점,(1차로)승용차관련사고처리중,127.5401,36.9518
2024-09-18 15:00,고속도로,종점,(1차로)승용차사고처리중,127.7282,36.2743
2024-09-18 16:00,고속도로,기점,(1차로)승용차관련사고처리중,127.3571,37.6341
2024-09-18 16:00,고속도로,종점,(1차로)승용차2대관련사고처리중,126.7545,35.7031
2024-09-18 16:00,고속도로,기점,(갓길)사고처리중,126.4835,35.0381
2024-09-18 16:00,고속도로,종점,(갓길)승용차추돌사고처리중,127.9882,36.2108
2024-09-18 16:00,고속도로,기점,(갓길)승용차관련사고처리중,129.2067,35.2163
2024-09-18 16:00,고속도로,기점,(1차로)소형화물차사고처리중,126.5685,36.75
2024-09-18 17:00,고속도로,기점,(갓길)승용차관련사고처리중,129.2067,35.2163
2024-09-18 17:00,고속도로,종점,(갓길)승용차추돌사고처리중,127.9882,36.2108
2024-09-18 18:00,고속도로,종점,(1차로)승용차추돌사고처리중,126.7413,36.9086
2024-09-18 18:00,고속도로,종점,(1차로)추돌사고처리중,126.9607,35.2242
2024-09-18 18:00,고속도로,기점,"(2,3차로)사고처리중",126.8773,37.1551
2024-09-18 18:00,고속도로,기점,(2차로)승용차사고처리중,126.8618,36.602
2024-09-18 18:00,고속도로,종점,(갓길)승용차추돌사고처리중,127.9882,36.2108
2024-09-18 18:00,고속도로,종점,(1차로)승용차관련사고처리중,128.542,35.2887
2024-09-18 18:00,고속도로,기점,(갓길)승용차단독사고처리중,129.0407,36.4616
2024-09-18 19:00,고속도로,기점,(갓길)승용차단독사고처리중,128.5695,36.6105
2024-09-18 19:00,고속도로,기점,(진출로갓길)승용차사고관련사고처리중,128.8392,37.7492
2024-09-18 19:00,고속도로,종점,"(1차로,갓길)승용차관련사고처리중",128.8066,37.7589
2024-09-18 21:00,고속도로,기점,(갓길)화물차관련사고처리중,127.4717,37.2443
2024-09-18 21:00,고속도로,종점,"(2차로,갓길)사승용차단독사고처리중",128.5801,36.2769
2024-09-19 00:00,고속도로,종점,(1차로)승용차관련추돌사고처리중,128.1362,36.6599
2024-09-19 10:00,고속도로,기점,"(3,4차로)승용차사고처리중",127.4277,36.5776
2024-09-19 10:00,고속도로,종점,(갓길)화물차고장처리중,128.9285,35.2917
2024-09-19 11:00,고속도로,기점,"(1,2차로)승용차관련사고처리중",127.4393,37.2351
2024-09-19 11:00,고속도로,종점,(1차로)승용차관련사고처리중,128.5287,36.0297
2024-09-19 11:00,고속도로,종점,(2차로)승용차추돌사고처리중,127.1576,36.9858
2024-09-19 11:00,고속도로,기점,(2차로)사고처리중,127.1656,37.5728
2024-09-19 12:00,고속도로,종점,(1차로)사고처리중,127.1697,37.5153
2024-09-19 12:00,고속도로,기점,(3차로)사고처리중,126.7529,37.3876
2024-09-19 13:00,고속도로,종점,(갓길)승용차관련사고처리중,127.1033,37.3543
2024-09-19 13:00,고속도로,종점,(1차로)사고확인중,127.4273,36.5866
2024-09-19 13:00,고속도로,종점,(갓길)사고처리중,127.1509,37.5121
2024-09-19 14:00,고속도로,종점,(1차로)승용차관련사고처리중,128.1025,36.7185
2024-09-19 16:00,고속도로,종점,(2차로)승용차사고처리중,127.1587,36.9842
2024-09-19 17:00,국도,밀양방향,4중 충돌사고,128.709914,35.357515
2024-09-19 18:00,고속도로,기점,(4차로)화물차관련사고처리중,127.1327,37.0729
2024-09-19 18:00,고속도로,종점,(1차로)사고처리중,126.7205,35.6506
2024-09-19 18:00,국도,밀양방향,4중 충돌사고,128.709914,35.357515
2024-09-19 19:00,국도,밀양방향,4중 충돌사고,128.709914,35.357515
2024-09-19 20:00,국도,밀양방향,4중 충돌사고,128.709914,35.357515
2024-09-19 21:00,국도,밀양방향,4중 충돌사고,128.709914,35.357515
2024-09-19 22:00,고속도로,종점,"(4차로,갓길)승용차관련사고처리중",127.5119,37.2443
2024-09-19 22:00,고속도로,종점,(진입로3차로)사고처리중,127.3117,37.6317
2024-09-19 22:00,국도,밀양방향,4중 충돌사고,128.709914,35.357515
2024-09-19 23:00,고속도로,기점,(5차로)승용차단독사고처리중,127.1385,37.0374
2024-09-19 23:00,국도,밀양방향,4중 충돌사고,128.709914,35.357515
2024-09-20 00:00,국도,밀양방향,4중 충돌사고,128.709914,35.357515
2024-09-20 00:00,고속도로,기점,(화물하이패스차로)화물차단독사고처리중,126.8039,37.4507
2024-09-20 00:00,고속도로,기점,(5차로)승용차단독사고처리중,127.1385,37.0374
2024-09-20 00:00,고속도로,종점,(갓길)승용차단독사고처리중,127.4285,36.6985
2024-09-20 01:00,국도,밀양방향,4중 충돌사고,128.709914,35.357515
2024-09-20 02:00,국도,밀양방향,4중 충돌사고,128.709914,35.357515
2024-09-20 03:00,국도,밀양방향,4중 충돌사고,128.709914,35.357515
2024-09-20 04:00,국도,밀양방향,4중 충돌사고,128.709914,35.357515
2024-09-20 04:00,국도,수원방향,국도42호선 용인 명지교차로(수원방향)차량사고,127.181878,37.230219
2024-09-20 05:00,고속도로,종점,(4차로)사고처리중,126.7224,37.4337
2024-09-20 05:00,고속도로,종점,"(3,4차로)화물차관련사고처리중",127.1753,37.5587
2024-09-20 05:00,국도,밀양방향,4중 충돌사고,128.709914,35.357515
2024-09-20 06:00,고속도로,기점,(5차로)승용차관련사고처리중,127.0957,37.1762
2024-09-20 06:00,국도,밀양방향,4중 충돌사고,128.709914,35.357515
2024-09-20 07:00,고속도로,기점,(2차로)사고처리중,126.8828,35.6209
2024-09-20 07:00,국도,밀양방향,4중 충돌사고,128.709914,35.357515
2024-09-20 08:00,고속도로,종점,(갓길)사고처리중,127.0754,35.9214
2024-09-20 08:00,고속도로,종점,(갓길)승용차단독사고처리중,127.1997,35.3699
2024-09-20 08:00,고속도로,기점,(갓길)사고처리중,126.9757,35.7211
2024-09-20 08:00,국도,밀양방향,4중 충돌사고,128.709914,35.357515
2024-09-20 09:00,국도,밀양방향,4중 충돌사고,128.709914,35.357515
2024-09-20 09:00,고속도로,종점,(1차로)승용차사고처리중,127.4175,36.4306
2024-09-20 09:00,고속도로,종점,(갓길)사고처리중,126.5771,36.2733
2024-09-20 09:00,고속도로,종점,(진입로1차로)사고처리중,126.8343,35.947
2024-09-20 09:00,고속도로,종점,(2차로)승용차관련추돌사고처리중,127.4583,35.1439
2024-09-20 09:00,고속도로,종점,(3차로)사고처리중,126.9578,37.0416
2024-09-20 10:00,고속도로,종점,(2차로)승용차관련추돌사고처리중,127.4583,35.1439
2024-09-20 10:00,고속도로,기점,(2차로)승용차관련추돌사고처리중,126.9512,35.2204
2024-09-20 10:00,고속도로,기점,(갓길)승용차단독사고처리중,126.9694,35.2229
2024-09-20 10:00,국도,밀양방향,4중 충돌사고,128.709914,35.357515
2024-09-20 11:00,고속도로,종점,(1차로)화물차관련사고처리중,128.5322,35.2849
2024-09-20 11:00,고속도로,기점,(갓길)승용차단독사고처리중,128.4285,35.9845
2024-09-20 11:00,고속도로,종점,(1차로)승용차단독사고처리중,127.4814,35.0032
2024-09-20 11:00,고속도로,종점,(5차로)승용차관련사고처리중,127.1368,37.0463
2024-09-20 11:00,국도,밀양방향,4중 충돌사고,128.709914,35.357515
2024-09-20 12:00,국도,칠곡방향,승용차1대 단독사고,128.405108,35.983339
2024-09-20 12:00,국도,밀양방향,4중 충돌사고,128.709914,35.357515
2024-09-20 12:00,고속도로,기점,"(1차로,갓길)출구부중형화물차단독사고처리중",127.3432,36.2912
2024-09-20 12:00,고속도로,종점,(2차로)승용차단독사고처리중,127.4631,35.1204
2024-09-20 12:00,고속도로,종점,(갓길)화물차관련사고처리중,128.2486,37.5149
2024-09-20 12:00,고속도로,기점,(1차로)승용차단독사고처리중,127.659,37.7403
2024-09-20 12:00,고속도로,종점,(1차로)화물차관련사고처리중,128.5374,35.2862
2024-09-20 12:00,고속도로,종점,"(4차로,갓길)사고처리중",126.8891,37.0666
2024-09-20 13:00,국도,칠곡방향,승용차1대 단독사고,128.405108,35.983339
2024-09-20 13:00,국도,밀양방향,4중 충돌사고,128.709914,35.357515
2024-09-20 13:00,고속도로,종점,(3차로)승용차사고처리중,126.8216,37.5234
2024-09-20 13:00,고속도로,종점,(갓길)화물차화재사고처리중,128.4691,35.5923
2024-09-20 13:00,고속도로,기점,(1차로)승용차단독사고처리중,128.1136,35.7089
2024-09-20 13:00,고속도로,종점,(진입로1차로)광장부화물차단독사고처리중,128.5799,35.9089
2024-09-20 13:00,고속도로,종점,(1차로)승용차단독사고처리중,128.7508,36.4161
2024-09-20 13:00,고속도로,기점,(갓길)화물차관련사고처리중,128.5349,35.8941
2024-09-20 13:00,고속도로,종점,"(2차로,갓길)승용차단독사고처리중",127.4691,36.7456
2024-09-20 13:00,고속도로,기점,(갓길)승용차단독사고처리중,127.4609,35.0054
2024-09-20 13:00,고속도로,기점,"(2,3차로)승용차관련사고처리중",128.2815,35.2687
2024-09-20 14:00,고속도로,기점,(1차로)승용차관련사고처리중,128.2441,37.8655
2024-09-20 14:00,고속도로,기점,(2차로)승용차관련사고처리중,127.8802,37.6625
2024-09-20 14:00,고속도로,종점,"(2차로,갓길)승용차단독사고처리중",127.4691,36.7456
2024-09-20 14:00,고속도로,기점,(갓길)사고처리중,126.8717,37.018
2024-09-20 14:00,고속도로,기점,(갓길)승용차단독사고처리중,128.345,37.5609
2024-09-20 14:00,국도,밀양방향,4중 충돌사고,128.709914,35.357515
2024-09-20 14:00,국도,칠곡방향,승용차1대 단독사고,128.405108,35.983339
2024-09-20 15:00,고속도로,종점,(갓길)승용차단독사고처리중,128.4558,35.7862
2024-09-20 15:00,고속도로,기점,(갓길)소형화물차사고처리중,127.3158,36.2949
2024-09-20 15:00,국도,밀양방향,4중 충돌사고,128.709914,35.357515
2024-09-20 15:00,국도,칠곡방향,승용차1대 단독사고,128.405108,35.983339
2024-09-20 15:00,고속도로,기점,(1차로)승용차관련사고처리완료,128.2441,37.8655
2024-09-20 16:00,고속도로,기점,(제3경인선진입로1차로)화물차사고처리중,126.7449,37.3938
2024-09-20 16:00,고속도로,종점,(갓길)화물차단독사고처리중,128.4911,35.9086
2024-09-20 16:00,국도,밀양방향,4중 충돌사고,128.709914,35.357515
2024-09-20 16:00,국도,칠곡방향,승용차1대 단독사고,128.405108,35.983339
2024-09-20 17:00,고속도로,종점,(진입로갓길)화물차관련사고처리중,127.3922,37.2763
2024-09-20 17:00,고속도로,종점,(갓길)승용차단독사고처리중,128.5396,36.8364
2024-09-20 17:00,고속도로,기점,(1차로)승용차관련사고처리중,128.9827,35.2618
2024-09-20 17:00,국도,밀양방향,4중 충돌사고,128.709914,35.357515
2024-09-20 17:00,국도,칠곡방향,승용차1대 단독사고,128.405108,35.983339
2024-09-20 18:00,고속도로,종점,(1차로)승용차관련사고처리중,128.2686,37.8971
2024-09-20 18:00,고속도로,기점,(진입로갓길)승용차사고처리중,127.0514,37.2991
2024-09-20 18:00,고속도로,기점,(갓길)승용차단독사고처리중,127.2963,35.037
2024-09-20 18:00,고속도로,기점,(갓길)승용차단독사고처리중,128.7546,35.2624
2024-09-20 18:00,고속도로,종점,(양산방향진출로2차로)화물차단독사고처리중,129.0402,35.3349
2024-09-20 18:00,국도,밀양방향,4중 충돌사고,128.709914,35.357515
2024-09-20 18:00,국도,칠곡방향,승용차1대 단독사고,128.405108,35.983339
2024-09-20 19:00,국도,칠곡방향,승용차1대 단독사고,128.405108,35.983339
2024-09-20 19:00,국도,밀양방향,4중 충돌사고,128.709914,35.357515
2024-09-20 19:00,고속도로,기점,(진출로갓길)승용차단독사고처리중,127.927,37.3271
2024-09-20 19:00,고속도로,종점,(1차로)승용차관련사고처리중,128.2686,37.8971
2024-09-20 20:00,국도,칠곡방향,승용차1대 단독사고,128.405108,35.983339
2024-09-20 20:00,고속도로,종점,(진출로갓길)승용차단독사고처리중,128.8951,35.1653
2024-09-20 20:00,고속도로,기점,"(3,4차로)화물차단독사고처리중",128.7386,35.2744
2024-09-20 20:00,국도,밀양방향,4중 충돌사고,128.709914,35.357515
2024-09-20 21:00,고속도로,기점,"(1,2차로)승용차관련사고처리중",127.1431,37.0198
2024-09-20 21:00,고속도로,종점,(갓길)승용차단독사고처리중,127.7126,34.9858
2024-09-20 21:00,고속도로,기점,(2차로)승용차사고처리중,126.7269,37.4334
2024-09-20 21:00,국도,칠곡방향,승용차1대 단독사고,128.405108,35.983339
2024-09-20 21:00,고속도로,기점,"(3,4차로)화물차단독사고처리중",128.7367,35.2753
2024-09-20 21:00,고속도로,종점,(3차로)승용차단독사고처리중,128.9845,35.2751
2024-09-20 21:00,국도,밀양방향,4중 충돌사고,128.709914,35.357515
2024-09-20 22:00,고속도로,기점,"(5,6차로)사고처리중",127.1828,37.5418
2024-09-20 22:00,고속도로,기점,(3차로)화물차사고처리중,126.6325,36.8585
2024-09-20 22:00,고속도로,종점,(2차로)승용차단독사고처리중,127.986,35.0637
2024-09-20 22:00,고속도로,종점,(1차로)승용차관련사고처리중,128.0244,35.0766
2024-09-20 22:00,고속도로,기점,"(1,2차로,갓길)승용차관련사고처리중",128.1311,35.1649
2024-09-20 22:00,고속도로,종점,(4차로)사고처리중,127.3402,36.718
2024-09-20 22:00,고속도로,기점,(갓길)승용차단독사고처리중,127.4307,36.5647
2024-09-20 22:00,고속도로,기점,(2차로)승용차사고처리중,127.0464,37.0246
2024-09-20 22:00,국도,밀양방향,4중 충돌사고,128.709914,35.357515
2024-09-20 22:00,국도,칠곡방향,승용차1대 단독사고,128.405108,35.983339
2024-09-20 23:00,국도,칠곡방향,승용차1대 단독사고,128.405108,35.983339
2024-09-20 23:00,국도,밀양방향,4중 충돌사고,128.709914,35.357515
2024-09-20 23:00,고속도로,기점,(1차로)승용차단독사고처리중,127.4724,35.775
2024-09-20 23:00,고속도로,종점,(2차로)승용차단독사고처리중,129.3939,35.9061
2024-09-20 23:00,고속도로,종점,(3차로)승용차단독사고처리중,128.6582,35.2718
2024-09-20 23:00,고속도로,종점,(갓길)승용차관련사고처리중,128.1463,36.6383
2024-09-20 23:00,고속도로,기점,(갓길)승용차단독사고처리중,128.4654,35.5762
2024-09-21 00:00,고속도로,기점,(1차로)승용차단독사고처리중,127.4724,35.775
2024-09-21 00:00,고속도로,기점,"(4,5차로)승용차관련사고처리중",126.7508,37.4779
2024-09-21 00:00,고속도로,기점,(갓길)승용차단독사고처리중,127.0432,35.3319
2024-09-21 00:00,고속도로,기점,(2차로)승용차단독사고처리중,128.4654,35.5762
2024-09-21 00:00,고속도로,종점,(갓길)승용차단독사고처리중,127.4995,36.8079
2024-09-21 00:00,고속도로,종점,(갓길)승용차단독사고처리중,128.613,35.2844
2024-09-21 00:00,국도,밀양방향,4중 충돌사고,128.709914,35.357515
2024-09-21 00:00,국도,칠곡방향,승용차1대 단독사고,128.405108,35.983339
2024-09-21 00:00,고속도로,기점,(1차로)소형화물차단독사고처리중,128.4638,35.5844
2024-09-21 01:00,고속도로,기점,(갓길)단독사고처리중,126.5817,36.5408
2024-09-21 01:00,고속도로,기점,(갓길)승용차단독사고처리중,128.5413,36.8175
2024-09-21 01:00,국도,칠곡방향,승용차1대 단독사고,128.405108,35.983339
2024-09-21 02:00,고속도로,종점,(갓길)승용차단독사고처리중,128.7423,35.2725
2024-09-21 02:00,국도,칠곡방향,승용차1대 단독사고,128.405108,35.983339
2024-09-21 02:00,고속도로,기점,(광장부)승용차단독사고처리중,128.8056,35.1987
2024-09-21 03:00,고속도로,기점,(진입로갓길)승용차단독사고처리중,126.8656,35.1929
2024-09-21 03:00,고속도로,종점,"(2차로,갓길)대형화물차관련사고처리중",128.24,36.3805
2024-09-21 03:00,국도,칠곡방향,승용차1대 단독사고,128.405108,35.983339
2024-09-21 03:00,고속도로,종점,(갓길)승용차단독사고처리중,128.7423,35.2725
2024-09-21 04:00,국도,칠곡방향,승용차1대 단독사고,128.405108,35.983339
2024-09-21 04:00,고속도로,종점,(진입로갓길)경인선진입로승용차관련사고처리중,126.752,37.5319
2024-09-21 05:00,고속도로,종점,(진입로갓길)경인선진입로승용차관련사고처리중,126.752,37.5319
2024-09-21 05:00,고속도로,기점,"(2차로,갓길)승용차단독사고처리중",127.029,35.8169
2024-09-21 05:00,고속도로,기점,(갓길)승용차단독사고처리중,129.0159,35.3184
2024-09-21 05:00,고속도로,종점,(갓길)승용차단독사고처리중,128.5454,36.6715
2024-09-21 05:00,국도,칠곡방향,승용차1대 단독사고,128.405108,35.983339
2024-09-21 06:00,국도,칠곡방향,승용차1대 단독사고,128.405108,35.983339
2024-09-21 06:00,고속도로,종점,"(2,3차로)승용차단독사고처리중",128.9744,35.2036
2024-09-21 06:00,고속도로,기점,(갓길)승용차사고처리중,128.725,36.4217
2024-09-21 06:00,고속도로,기점,(갓길)승용차단독사고처리중,126.5901,36.3147
2024-09-21 07:00,고속도로,기점,(갓길)승용차단독사고처리중,127.8536,35.4398
2024-09-21 07:00,고속도로,기점,(갓길)승용차사고처리중,128.725,36.4217
2024-09-21 07:00,고속도로,종점,(갓길)승용차단독사고처리중,128.544,36.6701
2024-09-21 07:00,고속도로,기점,(진출로갓길)승용차관련사고처리중,127.0958,37.2126
2024-09-21 07:00,고속도로,기점,사고확인중,126.6921,35.5546
2024-09-21 07:00,국도,칠곡방향,승용차1대 단독사고,128.405108,35.983339
2024-09-21 08:00,고속도로,종점,(갓길)승용차관련사고처리중,128.5748,36.7581
2024-09-21 08:00,고속도로,종점,(1차로)승용차사고처리중,127.7126,36.2755
2024-09-21 08:00,고속도로,기점,"(1,2차로)화물차관련사고처리중",127.2147,37.2548
2024-09-21 08:00,고속도로,기점,(2차로)승용차사고처리중,128.3339,37.9403
2024-09-21 08:00,고속도로,종점,(2차로)승용차관련사고처리중,128.5836,35.2458
2024-09-21 08:00,고속도로,기점,(3차로)사고처리중,127.4276,36.3795
2024-09-21 08:00,고속도로,기점,"(2차로,갓길)사고처리중",126.8426,35.9074
2024-09-21 08:00,고속도로,종점,사고확인중,126.8046,37.6359
2024-09-21 08:00,고속도로,종점,(갓길)승용차관련사고처리중,128.0942,37.2186
2024-09-21 08:00,고속도로,종점,(1차로)사고처리중,126.8502,35.5942
2024-09-21 08:00,고속도로,종점,(2차로)승용차단독사고처리중,128.3293,36.375
2024-09-21 08:00,국도,칠곡방향,승용차1대 단독사고,128.405108,35.983339
2024-09-21 08:00,고속도로,종점,"(1,2차로)승용차관련사고처리중",128.5746,35.9078
2024-09-21 09:00,고속도로,종점,"(1,2차로)사고처리중",126.8869,37.4079
2024-09-21 09:00,고속도로,기점,(갓길)사고처리중,127.1034,36.0449
2024-09-21 09:00,고속도로,종점,(갓길)승용차관련사고처리중,129.0777,35.4477
2024-09-21 09:00,고속도로,종점,(갓길)승용차사고처리중,127.4386,36.2784
2024-09-21 09:00,고속도로,기점,(갓길)승용차사고처리중,128.7534,37.6635
2024-09-21 09:00,고속도로,종점,(갓길)승용차단독사고처리중,128.8513,35.2201
2024-09-21 09:00,고속도로,종점,"(1,2차로)승용차사고처리중",127.1809,37.2725
2024-09-21 09:00,고속도로,종점,(갓길)승용차단독사고처리중,129.1947,35.7257
2024-09-21 09:00,국도,칠곡방향,승용차1대 단독사고,128.405108,35.983339
2024-09-21 09:00,고속도로,종점,(1차로)승용차사고처리중,127.791,37.7664
2024-09-21 09:00,고속도로,종점,"(3,4차로)승용차관련사고처리중",128.4826,35.9252
2024-09-21 10:00,고속도로,기점,(진출로갓길)승용차사고처리중,126.6735,37.4367
2024-09-21 10:00,고속도로,기점,(1차로)승용차관련사고처리중,128.5441,36.6447
2024-09-21 10:00,고속도로,기점,(진출로2차로)사고처리중,126.7123,37.4338
2024-09-21 10:00,고속도로,기점,(1차로)사고처리중,127.2824,35.6792
2024-09-21 10:00,국도,칠곡방향,승용차1대 단독사고,128.405108,35.983339
2024-09-21 10:00,고속도로,기점,(1차로)승용차사고처리중,127.6226,36.2924
2024-09-21 10:00,고속도로,종점,(1차로)승용차단독사고처리중,128.2158,35.7052
2024-09-21 10:00,고속도로,기점,(갓길)승용차사고처리중,127.4325,36.3726
2024-09-21 10:00,고속도로,종점,(갓길)사고처리중,126.8869,37.4079
2024-09-21 10:00,고속도로,종점,(진입로2차로)승용차관련사고처리중,128.3596,35.7537
2024-09-21 11:00,국도,칠곡방향,승용차1대 단독사고,128.405108,35.983339
2024-09-21 11:00,고속도로,종점,"(2차로,갓길)화물차사고처리중",128.7748,37.6735
2024-09-21 11:00,고속도로,기점,(진출로갓길)승용차사고처리중,126.6735,37.4367
2024-09-21 11:00,고속도로,종점,"(1,2차로)승용차사고처리중",128.543,38.0132
2024-09-21 11:00,고속도로,기점,(3차로)승용차단독사고처리중,129.0538,35.3846
2024-09-21 12:00,국도,칠곡방향,승용차1대 단독사고,128.405108,35.983339
2024-09-21 12:00,고속도로,기점,(4차로)화물차관련사고처리중,128.6822,35.8935
2024-09-21 12:00,고속도로,기점,(진출로갓길)승용차사고처리중,126.6735,37.4367
2024-09-21 12:00,고속도로,종점,(2차로)승용차사고처리중,127.1679,37.0242
2024-09-21 12:00,고속도로,기점,(갓길)승용차단독사고처리중,127.7058,35.6378
2024-09-21 12:00,고속도로,기점,(갓길)승용차단독사고처리중,128.5044,35.4427
2024-09-21 12:00,고속도로,기점,(2차로)승용차단독사고처리중,127.1715,34.8055
2024-09-21 12:00,고속도로,종점,(3차로)승용차단독사고처리중,129.1493,36.0667
2024-09-21 12:00,고속도로,종점,(1차로)승용차관련사고처리중,128.2229,35.1866
2024-09-21 12:00,고속도로,기점,(1차로)승용차단독사고처리중,127.9684,35.7089
2024-09-21 13:00,고속도로,종점,"(3,4차로)사고처리중",127.2046,37.2588
2024-09-21 13:00,고속도로,기점,(1차로)승용차단독사고처리중,127.4346,35.0118
2024-09-21 13:00,고속도로,종점,(진출로갓길)사고처리중,126.7487,37.5442
2024-09-21 13:00,고속도로,기점,(갓길)승용차단독사고처리중,128.9822,35.2672
2024-09-21 13:00,고속도로,기점,(1차로)사고처리중,127.1509,37.003
2024-09-21 13:00,국도,칠곡방향,승용차1대 단독사고,128.405108,35.983339
2024-09-21 13:00,고속도로,기점,(갓길)승용차단독사고처리중,128.6037,36.4338
2024-09-21 13:00,고속도로,기점,(진출로)사고처리중,126.7512,37.5355
2024-09-21 13:00,고속도로,기점,(1차로)승용차관련사고처리중,127.1509,37.003
2024-09-21 13:00,고속도로,종점,"(1,2차로)대형화물차관련사고처리중",128.1373,36.3684
2024-09-21 13:00,고속도로,종점,(1차로)승용차단독사고처리중,127.7631,34.9805
2024-09-21 13:00,고속도로,종점,(갓길)승용차단독사고처리중,129.2387,35.5623
2024-09-21 14:00,고속도로,기점,(갓길)승용차단독사고처리중,129.1403,35.2861
2024-09-21 14:00,고속도로,기점,"(3차로,갓길)승용차단독사고처리중",128.0913,36.1341
2024-09-21 14:00,고속도로,기점,(4차로)사고처리중,127.4183,36.4217
2024-09-21 14:00,고속도로,기점,(4차로)사고확인중,127.4232,36.5947
2024-09-21 14:00,고속도로,종점,(갓길)승용차단독사고처리중,127.4108,34.8572
2024-09-21 14:00,고속도로,종점,(갓길)승용차단독사고처리중,129.2822,35.6065
2024-09-21 14:00,고속도로,기점,(갓길)승용차단독사고처리중,127.4195,36.6106
2024-09-21 14:00,고속도로,기점,(갓길)승용차단독사고처리중,128.9822,35.2672
2024-09-21 14:00,국도,칠곡방향,승용차1대 단독사고,128.405108,35.983339
2024-09-21 15:00,고속도로,종점,(갓길)승용차관련사고처리중,129.1935,35.791
2024-09-21 15:00,고속도로,종점,(2차로)승용차관련사고처리중,128.4592,37.6067
2024-09-21 15:00,고속도로,종점,(갓길)승용차단독사고처리중,129.2822,35.6065
2024-09-21 15:00,고속도로,종점,(1차로)승용차단독사고처리중,128.8155,37.7692
2024-09-21 15:00,고속도로,기점,(1차로)승용차단독사고처리중,129.0158,37.6411
2024-09-21 15:00,고속도로,기점,(갓길)승용차단독사고처리중,128.9822,35.2672
2024-09-21 15:00,국도,칠곡방향,승용차1대 단독사고,128.405108,35.983339
2024-09-21 16:00,고속도로,종점,(갓길)승용차관련사고처리중,126.7933,37.6116
2024-09-21 16:00,국도,칠곡방향,승용차1대 단독사고,128.405108,35.983339
2024-09-21 16:00,고속도로,종점,(갓길)승용차단독사고처리중,129.1923,35.7954
2024-09-21 16:00,고속도로,기점,(갓길)승용차사고처리중,127.8995,36.4467
2024-09-21 16:00,고속도로,기점,영업소입구사고처리중,127.1026,36.0819
2024-09-21 16:00,고속도로,기점,(3차로)추돌사고처리중,126.8969,37.2767
2024-09-21 16:00,고속도로,기점,(2차로)승용차단독사고처리중,127.4609,35.0054
2024-09-21 16:00,고속도로,종점,(갓길)승용차단독사고처리중,128.4999,35.433
2024-09-21 16:00,고속도로,기점,(진출로갓길)승용차관련사고처리중,127.4792,35.0033
2024-09-21 17:00,고속도로,기점,"(3차로,갓길)승용차단독사고처리중",128.9264,35.2239
2024-09-21 17:00,고속도로,기점,(2차로)승용차단독사고처리중,129.0398,35.3383
2024-09-21 17:00,고속도로,기점,(갓길)승용차단독사고처리중,126.7772,34.686
2024-09-21 17:00,고속도로,종점,(갓길)승용차단독사고처리중,127.7548,35.5324
2024-09-21 17:00,고속도로,기점,(갓길)승용차단독사고처리중,126.7169,35.1098
2024-09-21 17:00,고속도로,기점,"(2차로,갓길)승용차단독사고처리중",129.0938,37.4776
2024-09-21 17:00,국도,칠곡방향,승용차1대 단독사고,128.405108,35.983339
2024-09-21 18:00,고속도로,종점,(1차로)승용차단독사고처리중,127.4203,35.0121
2024-09-21 18:00,고속도로,종점,(갓길)승용차사고처리중,129.045,35.8892
2024-09-21 18:00,고속도로,기점,(1차로)승용차단독사고처리중,126.4914,35.0119
2024-09-21 18:00,고속도로,종점,(1차로)승용차단독사고처리중,128.5004,35.3143
2024-09-21 18:00,고속도로,종점,(갓길)승용차관련사고처리중,128.6558,35.9145
2024-09-21 18:00,고속도로,종점,"(3차로,갓길)화물차사고처리중",128.5317,35.8758
2024-09-21 18:00,고속도로,종점,(갓길)승용차단독사고처리중,127.0393,35.2467
2024-09-21 18:00,고속도로,기점,(갓길)승용차단독사고처리중,128.8754,35.1712
2024-09-21 18:00,고속도로,기점,(갓길)승용차단독사고처리중,129.2825,35.6154
2024-09-21 18:00,국도,칠곡방향,승용차1대 단독사고,128.405108,35.983339
2024-09-21 18:00,고속도로,종점,(1차로)사고차량확인중,127.7649,34.9816
2024-09-21 19:00,고속도로,기점,(1차로)승용차단독사고처리중,126.9716,35.2226
2024-09-21 19:00,고속도로,기점,(4차로)승용차단독사고처리중,128.8622,35.1776
2024-09-21 19:00,국도,칠곡방향,승용차1대 단독사고,128.405108,35.983339
2024-09-21 19:00,고속도로,종점,(1차로)승용차단독사고처리중,129.1094,35.5327
2024-09-21 20:00,고속도로,기점,(갓길)승용차단독사고처리중,129.197,35.7631
2024-09-21 20:00,고속도로,기점,(4차로)승용차단독사고처리중,128.8622,35.1776
2024-09-21 20:00,고속도로,기점,(4차로)승용차단독사고처리중,129.0398,35.3383
2024-09-21 20:00,국도,칠곡방향,승용차1대 단독사고,128.405108,35.983339
2024-09-21 20:00,고속도로,종점,(1차로)승용차관련사고처리중,128.4819,35.8008
2024-09-21 21:00,고속도로,기점,(4차로)승용차단독사고처리중,129.0398,35.3383
2024-09-21 21:00,국도,칠곡방향,승용차1대 단독사고,128.405108,35.983339
2024-09-21 21:00,고속도로,종점,(4차로)승용차단독사고처리중,128.6582,35.2718
2024-09-21 22:00,국도,칠곡방향,승용차1대 단독사고,128.405108,35.983339
2024-09-21 23:00,국도,칠곡방향,승용차1대 단독사고,128.405108,35.983339
2024-09-21 23:00,고속도로,종점,(갓길)승용차단독사고처리중,128.8984,35.165
2024-09-21 23:00,고속도로,종점,(3차로)승용차단독사고처리중,128.5232,35.2476
2024-09-22 00:00,국도,칠곡방향,승용차1대 단독사고,128.405108,35.983339
2024-09-22 00:00,고속도로,종점,(갓길)승용차관련추돌사고처리중,126.8842,35.1849
2024-09-22 07:00,고속도로,종점,(갓길)승용차화재사고처리중,126.5699,36.575
2024-09-22 08:00,고속도로,종점,(2차로승용차관련사고처리중,127.84,37.7062
2024-09-22 08:00,고속도로,종점,(갓길)승용차화재사고처리중,126.5699,36.575
2024-09-22 08:00,고속도로,기점,(진입로갓길)화물차단독사고처리중,126.8601,35.1927
2024-09-22 09:00,고속도로,종점,(진입로갓길)사고처리중,127.1385,37.0374
2024-09-22 09:00,고속도로,기점,(진출로갓길)승용차관련사고처리중,126.8064,37.3506
2024-09-22 11:00,고속도로,종점,(1차로)승용차관련사고처리중,128.5308,36.0276
2024-09-22 14:00,고속도로,기점,(갓길)승합차사고처리중,127.7747,37.7591
2024-09-22 14:00,고속도로,기점,(갓길)승용차관련사고처리중,128.8149,37.7684
2024-09-22 14:00,고속도로,기점,(1차로)승용차관련사고처리중,127.3571,37.6341
2024-09-22 15:00,고속도로,기점,(1차로)승용차관련사고처리중,126.7609,37.5869
2024-09-22 15:00,고속도로,기점,"(1,2차로)승용차관련사고처리중",128.8149,37.7684
2024-09-22 15:00,고속도로,기점,(2차로)승용차관련사고처리중,126.9977,37.3155
2024-09-22 17:00,고속도로,기점,(5차로)승용차관련사고처리중,127.1035,37.3273
2024-09-22 17:00,고속도로,기점,(1차로)승용차관련추돌사고처리중,127.1338,35.3637
2024-09-22 18:00,고속도로,기점,(1차로)승용차관련추돌사고처리중,127.1338,35.3637
2024-09-23 01:00,고속도로,기점,(갓길)승용차관련사고처리중,126.8891,37.0666
2024-09-23 06:00,고속도로,종점,(1차로)사고처리중,126.6854,35.519
2024-09-23 07:00,고속도로,종점,(갓길)승용차단독사고처리중,128.8342,35.1759
2024-09-23 08:00,고속도로,기점,(갓길)승용차관련사고처리중,129.0098,35.2984
2024-09-23 08:00,고속도로,기점,(1차로)승용차사고처리중,127.4089,36.4054
2024-09-23 08:00,고속도로,기점,(1차로)승용차관련사고처리중,128.7605,35.2428
2024-09-23 08:00,고속도로,기점,(4차로)사고처리중,126.8755,37.3687
2024-09-23 08:00,고속도로,기점,(1차로)추돌사고처리중,126.9752,37.029
2024-09-23 09:00,고속도로,종점,"(3,4차로)승용차관련사고처리중",126.6988,37.5236
2024-09-23 09:00,고속도로,종점,(5차로)승용차관련사고처리중,127.0947,37.203
2024-09-23 10:00,고속도로,종점,(갓길)승용차관련사고처리중,126.6988,37.5236
2024-09-23 10:00,고속도로,기점,(1차로)승용차관련사고처리중,127.6122,37.1966
2024-09-23 11:00,고속도로,종점,(1차로)승용차관련사고처리중,128.225,36.2999
2024-09-23 11:00,고속도로,종점,(1차로)승용차관련사고처리중,128.3865,35.7409
2024-09-23 11:00,고속도로,기점,(갓길)화물차관련사고처리중,128.9806,35.2353
2024-09-23 12:00,고속도로,종점,(갓길)화물차사고처리중,127.5974,37.2189
2024-09-23 13:00,고속도로,종점,(1차로)승용차관련사고처리중,126.8997,37.4419
2024-09-23 13:00,고속도로,기점,(2차로)승용차단독사고처리중,128.6049,36.4172
2024-09-23 13:00,고속도로,기점,(4차로)추돌사고처리중,126.6977,37.5236
2024-09-23 13:00,고속도로,기점,(1차로)승용차관련사고처리중,126.8648,36.9627
2024-09-23 15:00,고속도로,종점,(1차로)승용차관련추돌사고처리중,127.2053,35.2333
2024-09-23 16:00,고속도로,기점,(갓길)화물차관련사고처리중,127.176,36.8429
2024-09-23 16:00,고속도로,기점,(1차로)승용차관련사고처리중,126.8932,37.3104
2024-09-23 17:00,고속도로,종점,(1차로)승용차관련사고처리중,128.9336,35.2219
2024-09-23 18:00,고속도로,종점,(3차로)승용차관련사고처리중,126.7179,37.4339
2024-09-23 19:00,고속도로,종점,(1차로)승용차관련사고처리중,128.548,36.1596
2024-09-23 20:00,고속도로,종점,(1차로)승용차관련사고처리중,128.548,36.1596
2024-09-23 23:00,고속도로,기점,(1차로)화물차관련사고처리중,128.2616,36.2111
2024-09-24 02:00,고속도로,종점,(1차로)화물차단독사고처리중,127.8354,35.5564
2024-09-24 06:00,고속도로,종점,"(3,4차로)사고처리중",126.7543,37.4744
2024-09-24 06:00,고속도로,기점,(2차로)중형화물차관련사고처리중,127.48,37.0088
2024-09-24 07:00,고속도로,종점,(2차로)대형화물차사고처리중,127.6327,36.2928
2024-09-24 08:00,고속도로,종점,(1차로)승용차추돌사고처리중,126.8379,35.2043
2024-09-24 08:00,고속도로,종점,(2차로)대형화물차사고처리중,127.6327,36.2928
2024-09-24 09:00,고속도로,기점,"(2,3차로)화물차관련사고처리중,정체극심국도우회바랍니다",127.0419,37.0246
2024-09-24 09:00,고속도로,기점,(2차로)승용차관련사고처리중,127.9486,36.8502
2024-09-24 09:00,고속도로,종점,(갓길)승용차관련사고처리중,126.8503,37.3475
2024-09-24 09:00,고속도로,종점,(2차로)대형화물차사고처리중,127.6327,36.2928
2024-09-24 09:00,고속도로,기점,(1차로)승용차관련추돌사고처리중,126.7667,35.3499
2024-09-24 09:00,고속도로,기점,(5차로)사고처리중,126.8766,37.3688
2024-09-24 10:00,고속도로,기점,"(1,2차로)화물차관련사고처리중",127.1156,37.033
2024-09-24 10:00,고속도로,기점,(4차로)사고처리중,127.1039,37.2507
2024-09-24 10:00,고속도로,기점,"(3차로,갓길)화물차관련사고처리중",127.0419,37.0246
2024-09-24 12:00,고속도로,종점,(2차로)화물차관련사고처리중,127.0578,35.8885
2024-09-24 12:00,고속도로,종점,"(2,3차로)스용차관련사고처리중",127.1397,37.033
2024-09-24 13:00,고속도로,종점,(2차로)승용차관련사고처리중,127.1509,37.003
2024-09-24 13:00,고속도로,종점,(갓길)사고처리중,127.4694,36.2686
2024-09-24 14:00,고속도로,종점,(5차로)승용차관련사고처리중,127.1037,37.2822
2024-09-24 14:00,고속도로,종점,(갓길)승용차관련사고처리중,127.6396,36.4744
2024-09-24 15:00,고속도로,종점,(진입로1차로)치악휴게소진입불가사고처리중,128.0559,37.25
2024-09-24 15:00,고속도로,기점,(2차로)화물차단독사고처리중,128.2621,36.0953
2024-09-24 15:00,고속도로,기점,(1차로)승용차관련사고처리중,129.2481,35.3741
2024-09-24 15:00,고속도로,종점,(진출로갓길)승용차관련사고처리중,127.2891,37.2391
2024-09-24 15:00,고속도로,종점,(진출로1차로)사고처리중,127.1421,37.6138
2024-09-24 16:00,고속도로,종점,(진출로1차로)사고처리중,127.1421,37.6138
2024-09-24 16:00,고속도로,기점,(진출로갓길)버스화재사고처리중,128.6865,35.8907
2024-09-24 16:00,고속도로,종점,"(1,2차로)사고처리중",127.3172,37.3719
2024-09-24 16:00,고속도로,기점,(1차로)승용차관련사고처리중,129.2481,35.3741
2024-09-24 16:00,고속도로,종점,(1차로)승용차관련사고처리중,126.9023,37.2941
2024-09-24 18:00,고속도로,종점,(1차로)버스화재사고처리중,127.0248,37.4869
2024-09-24 19:00,고속도로,기점,(1차로)승용차사고처리중,127.2995,37.2418
2024-09-24 19:00,고속도로,종점,(1차로)버스화재사고처리중,127.0248,37.4869
2024-09-24 19:00,고속도로,종점,(2차로)대형화물차관련사고처리중,127.9802,37.074
2024-09-24 19:00,고속도로,기점,(갓길)승용차관련사고처리중,126.9012,37.4237
2024-09-24 19:00,고속도로,종점,(1차로)승용차관련사고처리중,128.9021,36.0284
2024-09-24 21:00,고속도로,기점,"(2차로,갓길)사고처리중",127.4861,36.1751
2024-09-24 22:00,고속도로,기점,"(2차로,갓길)사고처리중",127.4861,36.1751
2024-09-24 23:00,고속도로,종점,(갓길)승용차단독사고처리중,128.6675,35.9187
2024-09-25 00:00,고속도로,기점,"(2,3차로)화재사고처리중",126.8687,37.3679
2024-09-25 01:00,고속도로,기점,(2차로)대형화물차관련사고처리중,128.1463,36.5457
2024-09-25 02:00,고속도로,종점,"(1차로,갓길)대형화물차관련사고처리중",127.8905,36.9035
2024-09-25 02:00,고속도로,기점,(1차로)대형화물차단독화재사고처리중,127.8905,36.9035
2024-09-25 03:00,고속도로,기점,(1차로)대형화물차단독화재사고처리중,127.8905,36.9035
2024-09-25 03:00,고속도로,종점,(1차로)대형화물차관련사고처리중,127.8905,36.9035
2024-09-25 03:00,고속도로,종점,(갓길)대형화물차단독사고처리중,127.9303,37.0633
2024-09-25 04:00,고속도로,종점,(갓길)대형화물차단독사고처리중,127.9303,37.0633
2024-09-25 04:00,고속도로,기점,(1차로)대형화물차단독화재사고처리중,127.8905,36.9035
2024-09-25 04:00,고속도로,종점,(1차로)대형화물차관련사고처리중,127.8905,36.9035
2024-09-25 05:00,고속도로,기점,(1차로)대형화물차단독화재사고처리중,127.8905,36.9035
2024-09-25 05:00,고속도로,종점,(1차로)대형화물차관련사고처리중,127.8905,36.9035
2024-09-25 05:00,고속도로,기점,"(1,2차로)승용차사고처리중",126.8464,36.9542
2024-09-25 06:00,고속도로,기점,(1차로)대형화물차단독화재사고처리중,127.8905,36.9035
2024-09-25 07:00,고속도로,기점,(1차로)대형화물차단독화재사고처리중,127.8905,36.9035
2024-09-25 08:00,고속도로,종점,(2차로)승용차관련사고처리중,126.8438,37.3489
2024-09-25 08:00,고속도로,기점,"(1,2,4차로)사고처리중",128.7563,35.2591
2024-09-25 09:00,고속도로,기점,(1차로)승용차관련사고처리중,126.9627,37.3228
2024-09-25 10:00,고속도로,기점,(2차로)화물차관련사고처리중,127.0237,37.3134
2024-09-25 10:00,고속도로,종점,(3차로)화물차관련사고처리중,127.1057,37.2286
2024-09-25 11:00,고속도로,기점,(1차로)승용차관련사고처리중,126.8795,37.2344
2024-09-25 11:00,고속도로,기점,(1차로)승용차사고처리중,127.2376,36.7443
2024-09-25 11:00,고속도로,종점,(갓길)화물차관련사고처리중,127.1057,37.2286
2024-09-25 12:00,고속도로,종점,(4차로)화물차관련사고처리중,126.7779,37.5987
2024-09-25 12:00,고속도로,기점,(1차로)승용차관련사고처리중,126.8769,37.3311
2024-09-25 12:00,고속도로,종점,(1차로)승용차관련사고처리중,127.9092,37.3496
2024-09-25 13:00,고속도로,기점,"(3차로,갓길)대형화물차화재사고처리중",127.4877,36.2187
2024-09-25 13:00,고속도로,기점,(5차로)화물차관련사고처리중,126.7503,37.5176
2024-09-25 13:00,고속도로,종점,(갓길)승합차단독사고처리중,126.8849,37.3164
2024-09-25 13:00,고속도로,종점,(4차로)화물차관련사고처리중,126.7779,37.5987
2024-09-25 15:00,고속도로,기점,(2차로)화물차관련사고처리중,127.6785,35.661
2024-09-25 16:00,고속도로,종점,"(2,3차로)승용차관련사고처리중",128.6918,35.2771
2024-09-25 16:00,고속도로,종점,(2차로)승용차관련사고처리중,127.1385,37.0374
2024-09-25 16:00,고속도로,종점,(1차로)승용차사고처리중,126.8149,36.9429
2024-09-25 16:00,고속도로,기점,(1차로)승용차관련사고처리중,128.5871,36.3931
2024-09-25 17:00,고속도로,기점,(갓길)버스관련사고처리중,128.9828,35.2404
2024-09-25 20:00,고속도로,기점,(5차로)화물차관련사고처리중,127.1756,37.2772
2024-09-25 21:00,고속도로,종점,(진출로1차로)사고처리중,127.1331,37.6396
2024-09-25 22:00,고속도로,기점,(3차로)승용차단독사고처리중,127.5974,37.2189
2024-09-25 23:00,고속도로,종점,"(2,3차로)화물차관련사고처리중",127.4894,37.2457
2024-09-25 23:00,고속도로,종점,(2차로)대형화물차관련사고처리중,127.7243,37.0654
2024-09-25 23:00,고속도로,종점,(3차로)사고처리중,127.1631,37.5758
2024-09-25 23:00,고속도로,기점,(3차로)승용차단독사고처리중,127.5974,37.2189
2024-09-26 02:00,고속도로,종점,"(5,6차로)승용차관련사고처리중",126.7509,37.5363
2024-09-26 06:00,고속도로,종점,"(2,3차로)화물차사고처리중",126.9181,37.3244
2024-09-26 07:00,고속도로,종점,"(1,2차로)사고처리중",127.1042,35.9652
2024-09-26 07:00,고속도로,기점,(갓길)승용차관련사고처리중,128.7605,35.2428
2024-09-26 07:00,고속도로,종점,(1차로)대형화물차관련사고처리중,127.4561,37.0849
2024-09-26 07:00,고속도로,기점,(1차로)사고처리중,126.7525,37.5659
2024-09-26 08:00,고속도로,기점,(광장부1차로)승용차관련사고처리중,128.7866,35.877
2024-09-26 08:00,고속도로,종점,(1차로)승용차관련사고처리중,129.2067,35.2163
2024-09-26 08:00,고속도로,종점,(갓길)승용차단독사고처리중,126.7445,34.6977
2024-09-26 08:00,고속도로,종점,(2차로)사고처리중,126.6746,37.4365
2024-09-26 09:00,고속도로,기점,(1차로)승용차관련사고처리중,127.7842,37.8325
2024-09-26 09:00,고속도로,기점,(1차로)승용차관련사고처리중,128.4117,35.285
2024-09-26 11:00,고속도로,기점,(3차로)승용차관련추돌사고처리중,126.9293,35.1939
2024-09-26 11:00,고속도로,종점,(1차로)승용차관련사고처리중,128.225,36.2999
2024-09-26 11:00,고속도로,종점,(갓길)죽령졸음쉼터내승용차화재사고처리중,128.3967,36.9139
2024-09-26 12:00,고속도로,종점,(갓길)죽령졸음쉼터내승용차화재사고처리중,128.3967,36.9139
2024-09-26 12:00,고속도로,종점,(1차로)화물차단독사고처리중,129.1879,35.7048
2024-09-26 13:00,고속도로,종점,(2차로)대형화물차관련사고처리중,127.4497,37.0923
2024-09-26 13:00,고속도로,기점,(4차로)화물차관련사고처리중,127.1025,37.3876
2024-09-26 14:00,고속도로,종점,(1차로)승용차관련사고처리중,128.4769,35.2715
2024-09-26 14:00,고속도로,종점,"(3차로,갓길)승용차사고처리중",127.3572,36.6885
2024-09-26 14:00,고속도로,기점,(1차로)화물차단독사고처리중,128.241,35.957
2024-09-26 15:00,고속도로,기점,(갓길)승용차관련사고처리중,127.2353,37.2478
2024-09-26 15:00,고속도로,기점,"(4차로,갓길)화물차관련사고처리중",127.2353,37.2478
2024-09-26 15:00,고속도로,기점,(1차로)사고처리중,127.0503,37.3963
2024-09-26 15:00,고속도로,기점,(1차로)대형버스관련사고처리중,127.4917,36.8264
2024-09-26 16:00,고속도로,기점,(1차로)대형버스관련사고처리중,127.4917,36.8264
2024-09-26 16:00,고속도로,종점,(1차로)대형버스관련사고처리중,127.3326,36.3744
2024-09-26 16:00,고속도로,종점,(갓길)사고처리중,126.5842,36.5275
2024-09-26 17:00,고속도로,종점,"(2차로,갓길)사고처리중",126.5842,36.5275
2024-09-26 17:00,고속도로,종점,(1차로)화물차사고처리중,128.8132,37.7661
2024-09-26 18:00,고속도로,종점,"(2차로,갓길)사고처리중",126.5842,36.5275
2024-09-26 18:00,고속도로,종점,(갓길)승용차단독사고처리중,126.8198,35.2398
2024-09-26 18:00,고속도로,종점,(2차로)승용차관련사고처리중,127.8522,37.6869
2024-09-26 18:00,고속도로,종점,(4차로)승용차사고처리중,127.1643,37.5743
2024-09-26 18:00,고속도로,종점,(1차로)화물차사고처리중,128.8132,37.7661
2024-09-26 19:00,고속도로,종점,"(1,2,3차로)화물차화재사고처리중",128.9704,35.1528
2024-09-26 19:00,고속도로,종점,(1차로)화물차사고처리중,128.8132,37.7661
2024-09-26 20:00,고속도로,종점,(1차로)승용단독사고처리중,127.2706,35.8018
2024-09-26 20:00,고속도로,기점,(1차로)승용차관련추돌사고처리중,126.7838,35.2908
2024-09-26 20:00,고속도로,기점,"(2,3차로,갓길)승용차관련화재사고처리중",126.8867,37.0827
2024-09-26 22:00,고속도로,종점,"(2,3차로)사고처리중",127.3149,36.2819
2024-09-26 23:00,고속도로,종점,(갓길)승용차관련사고처리중,126.7646,37.4612
2024-09-27 02:00,고속도로,기점,(5차로)승용차관련사고처리중,127.1038,37.2615
2024-09-27 08:00,고속도로,기점,(6차로)사고처리중,127.1816,37.5443
2024-09-27 08:00,고속도로,기점,"(2,3차로)화물차관련사고처리중",129.0018,35.2901
2024-09-27 08:00,고속도로,종점,(갓길)화물차관련사고처리중,128.844,35.9785
2024-09-27 10:00,고속도로,기점,(진출로1차로)화물차사고처리중,127.2108,37.5945
2024-09-27 11:00,고속도로,기점,(1차로)화물차관련사고처리중,127.3492,36.7114
2024-09-27 11:00,고속도로,기점,(진출로1차로)화물차사고처리중,127.2108,37.5945
2024-09-27 11:00,고속도로,종점,(3차로)화물차관련사고처리중,128.984,35.2501
2024-09-27 12:00,고속도로,기점,(1차로)화물차관련사고처리중,129.0467,35.2878
2024-09-27 12:00,고속도로,기점,(1차로)화물차관련사고처리중,127.3492,36.7114
2024-09-27 13:00,고속도로,종점,"(2,3차로)사고처리중",127.1033,37.3543
2024-09-27 14:00,고속도로,종점,(1차로)승용차관련사고처리중,126.892,37.416
2024-09-27 14:00,고속도로,종점,(진출로갓길)화물차관련사고처리중,129.2089,35.282
2024-09-27 15:00,고속도로,종점,(진출로갓길)화물차관련사고처리중,129.2089,35.282
2024-09-27 15:00,고속도로,종점,(1차로)사고처리중,126.8356,36.9493
2024-09-27 15:00,고속도로,기점,(1차로)승용차관련사고처리중,127.3811,36.6322
2024-09-27 15:00,고속도로,종점,(2차로)화물차관련사고처리중,126.7089,37.4337
2024-09-27 17:00,고속도로,종점,(1차로)승용차관련사고처리중,128.2253,36.299
2024-09-27 17:00,고속도로,종점,(3차로)버스화재사고처리중,126.9003,37.3222
2024-09-27 17:00,고속도로,종점,(1차로)화물차관련사고처리중,127.1868,35.8617
2024-09-27 17:00,고속도로,기점,(갓길)승용차단독사고처리중,129.1813,35.5579
2024-09-27 17:00,고속도로,기점,"(1,2차로)승용차관련사고처리중",127.8915,35.3934
2024-09-27 18:00,고속도로,기점,(1차로)화물차관련사고처리중,128.9775,35.1979
2024-09-27 18:00,고속도로,종점,(3차로)버스화재사고처리중 우회이용바랍니다,126.9003,37.3222
2024-09-27 18:00,국도,외동방향,추돌사고,129.324839,35.69255
2024-09-27 18:00,고속도로,종점,(1차로)사고처리중,127.2789,36.2458
2024-09-27 18:00,고속도로,종점,(갓길)승용차관련사고처리중,126.7263,35.1138
2024-09-27 18:00,고속도로,기점,"(1,2차로)승용차관련사고처리중",127.8915,35.3934
2024-09-27 19:00,고속도로,종점,(3차로)버스화재사고처리중 우회이용바랍니다,126.9003,37.3222
2024-09-27 19:00,고속도로,종점,(2차로)사고처리중,128.3326,36.3751
2024-09-27 19:00,고속도로,기점,(갓길)승용차관련추돌사고처리중,127.6931,36.4646
2024-09-27 19:00,고속도로,종점,"(1,2차로)승용차관련사고처리중",127.1122,37.1148
2024-09-27 19:00,국도,외동방향,추돌사고,129.324839,35.69255
2024-09-27 22:00,고속도로,종점,(갓길)승용차관련사고처리중,126.7712,37.5242
2024-09-27 22:00,고속도로,기점,(2차로)사고처리중,127.4131,36.2769
2024-09-27 23:00,고속도로,종점,(갓길)승용차관련사고처리중,126.7712,37.5242
2024-09-28 05:00,고속도로,기점,(4차로)화물차관련사고처리중,127.1892,36.8924
2024-09-28 05:00,고속도로,기점,(1차로)승용차관련사고처리중,127.2137,37.2552
2024-09-28 07:00,고속도로,기점,(2차로)승용차단독사고처리중,129.1785,35.2781
2024-09-28 07:00,고속도로,종점,(진출로2차로)승용차관련사고처리중,128.5995,38.0677
2024-09-28 08:00,고속도로,기점,(3차로)승용차관련사고처리중,129.052,35.3794
2024-09-28 09:00,고속도로,종점,(갓길)사고처리중,127.1675,37.5706
2024-09-28 09:00,고속도로,기점,(2차로)승용차사고처리중,127.8234,37.3091
2024-09-28 10:00,고속도로,기점,(2차로)승용차관련사고처리중,126.866,37.361
2024-09-28 10:00,고속도로,기점,(진출로)화물차단독사고처리중,128.1788,36.1379
2024-09-28 10:00,고속도로,기점,(갓길)승용차단독사고처리중,126.816,35.3547
2024-09-28 10:00,고속도로,기점,(1차로)승용차관련사고처리중,126.9656,37.3214
2024-09-28 11:00,고속도로,기점,(진출로)화물차단독사고처리중,128.1788,36.1379
2024-09-28 12:00,고속도로,종점,(갓길)승용차사고처리중,127.8802,37.6625
2024-09-28 12:00,고속도로,종점,(3차로)승용차사고처리중,127.3412,37.6347
2024-09-28 12:00,고속도로,종점,(1차로)승용차관련사고처리중,128.5632,35.2905
2024-09-28 13:00,고속도로,종점,(4차로)승용차관련사고처리중,127.0463,37.4567
2024-09-28 14:00,고속도로,종점,(갓길)사고처리중,126.8878,37.0755
2024-09-28 14:00,고속도로,기점,(2차로)사고처리중,127.9317,36.2162
2024-09-28 15:00,고속도로,기점,(1차로)승용차관련사고처리중,127.4201,36.6047
2024-09-28 15:00,고속도로,종점,(1차로)사고처리중,126.8356,36.9493
2024-09-28 16:00,고속도로,종점,"(1,2차로)사고처리중",126.7032,36.8904
2024-09-28 16:00,고속도로,종점,(1차로)사고처리중,127.3312,36.3656
2024-09-28 16:00,고속도로,종점,"(2차로,갓길)승용차단독사고처리중",127.5359,34.9934
2024-09-28 17:00,고속도로,종점,"(2차로,갓길)승용차단독사고처리중",127.5359,34.9934
2024-09-28 18:00,고속도로,종점,(2차로)승용차관련사고처리중,126.7581,37.5841
2024-09-28 21:00,고속도로,기점,(2차로)화물차관련사고처리중,127.4668,36.9707
2024-09-28 22:00,고속도로,기점,(갓길)승용차관련사고처리중,126.9594,37.38
2024-09-28 22:00,고속도로,기점,(2차로)승용차관련사고처리중,126.7588,37.5241
2024-09-28 22:00,고속도로,기점,(2차로)화물차관련사고처리중,127.4668,36.9707
2024-09-28 23:00,고속도로,종점,(진출로1차로)승용차관련사고처리중,127.0948,37.2898
2024-09-29 00:00,고속도로,종점,(1차로)승용차관련사고처리중,127.882,37.3492
2024-09-29 00:00,고속도로,기점,(진입로갓길)승용차관련사고처리중,129.2818,35.4791
2024-09-29 02:00,고속도로,기점,(갓길)화재사고처리중,127.3498,36.7005
2024-09-29 02:00,고속도로,기점,(갓길)승용차관련사고처리중,127.963,35.0552
2024-09-29 04:00,고속도로,종점,(1차로)승용차관련사고처리중,127.1033,37.3633
2024-09-29 05:00,고속도로,기점,(진입로갓길)승용차단독사고처리중,127.0514,37.2991
2024-09-29 11:00,고속도로,종점,(1차로)사고처리중,126.736,36.9071
2024-09-29 12:00,고속도로,종점,(2차로)승용차관련사고처리중,127.5974,37.2189
2024-09-29 14:00,고속도로,기점,(1차로)승용차사고처리중,128.5372,37.646
2024-09-29 14:00,고속도로,종점,(1차로)승용차관련사고처리중,127.7225,37.0761
2024-09-29 15:00,고속도로,종점,(1차로)승용차관련사고처리중,127.5078,36.7872
2024-09-29 16:00,고속도로,기점,(2차로)승용차관련사고처리중,127.2884,36.7343
2024-09-29 16:00,고속도로,종점,(갓길)승용차관련사고처리중,128.2345,36.2872
2024-09-29 17:00,고속도로,기점,(1차로)승용차관련사고처리중,128.5568,36.1933
2024-09-29 17:00,고속도로,종점,(2차로)버스관련사고처리중,127.0939,36.4855
2024-09-29 17:00,고속도로,기점,(3차로)승용차관련사고처리중,126.879,37.3347
2024-09-29 18:00,고속도로,종점,(1차로)승용차관련사고처리중,127.1669,36.7989
2024-09-30 02:00,고속도로,종점,(갓길)승용차사고처리중,126.9735,37.0301
2024-09-30 02:00,고속도로,기점,(1차로)승용차단독사고처리중,129.2262,35.2816
2024-09-30 04:00,고속도로,기점,(진출로)사고처리중,127.0422,37.3044
2024-09-30 05:00,고속도로,종점,(갓길)대형화물차화재사고처리중,127.5094,36.529
2024-09-30 06:00,고속도로,종점,(1차로)사고처리중,126.7463,37.4909
2024-09-30 06:00,고속도로,기점,(1차로)사고처리중,126.7464,37.49
2024-09-30 06:00,고속도로,기점,(1차로)승용차사고처리중,126.8698,37.3396
2024-09-30 06:00,고속도로,종점,(1차로)사고처리중,126.6942,37.4333
2024-09-30 07:00,고속도로,종점,(1차로)승용차관련사고처리중,126.808,35.4397
2024-09-30 07:00,고속도로,기점,(1차로)사고처리중,127.1518,37.603
2024-09-30 07:00,고속도로,종점,(1차로)승용차단독사고처리중,126.8065,35.4349
2024-09-30 07:00,고속도로,종점,(1차로)사고처리중,126.7463,37.4909
2024-09-30 08:00,고속도로,종점,(1차로)승용차추돌사고처리중,126.8049,35.4316
2024-09-30 08:00,고속도로,기점,(1차로)사고처리중,127.1224,37.4169
2024-09-30 08:00,고속도로,기점,(3차로)승용차관련사고처리중,126.8918,37.0535
2024-09-30 09:00,고속도로,종점,(갓길)승용차관련사고처리중,127.2384,37.4921
2024-09-30 09:00,고속도로,기점,(3차로)화물차관련사고처리중,129.2804,35.4816
2024-09-30 09:00,고속도로,기점,(2차로)승용차관련사고처리중,128.5425,35.2392
2024-09-30 09:00,고속도로,종점,(진출로갓길)1톤화물차관련사고처리중,128.9697,35.2193
2024-09-30 09:00,고속도로,기점,(1차로)승용차관련사고처리중,126.9718,37.0313
2024-09-30 09:00,고속도로,기점,(1차로)사고처리중,127.0392,37.3945
2024-09-30 09:00,고속도로,기점,"(1차로,갓길)버스관련사고처리중",127.2495,37.4668
2024-09-30 10:00,고속도로,종점,(1차로)승용차관련사고처리중,127.5076,36.7908
2024-09-30 10:00,고속도로,종점,(3차로)승용차관련사고처리중,126.8176,37.3503
2024-09-30 10:00,고속도로,종점,(갓길)화물차관련사고처리중,126.8858,37.0484
2024-09-30 11:00,고속도로,종점,(3차로)승용차관련사고처리중,126.8176,37.3503
2024-09-30 11:00,고속도로,기점,(1차로)승용차관련사고처리중,128.1371,37.7885
2024-09-30 11:00,고속도로,종점,(갓길)화물차관련사고처리중,126.8858,37.0484
2024-09-30 11:00,고속도로,종점,(1차로)승용차관련사고처리중,128.2255,36.2981
2024-09-30 12:00,고속도로,기점,(갓길)사고처리중,127.6106,37.73
2024-09-30 12:00,고속도로,종점,(1차로)승용차관련사고처리완료,128.2255,36.2981
2024-09-30 13:00,고속도로,기점,(2차로)화물차관련사고처리중,127.2592,37.4513
2024-09-30 15:00,고속도로,종점,"(1,2차로)화물차관련사고처리중",128.6582,35.2718
2024-09-30 15:00,고속도로,기점,(1차로)사고처리중,127.1032,36.0269
2024-09-30 15:00,고속도로,기점,(대동방향진출로1차로)화물차관련사고처리중,128.9931,35.2847
2024-09-30 15:00,고속도로,종점,(2차로)승용차사고처리중,127.9233,37.3305
2024-09-30 15:00,고속도로,기점,(2차로)추돌사고처리중,127.7352,35.5344
2024-09-30 15:00,고속도로,기점,"(4차로,갓길)화물차관련사고처리중",126.7753,37.4585
2024-09-30 15:00,고속도로,기점,(1차로)화물차단독사고처리중,127.6052,35.7332
2024-09-30 16:00,고속도로,기점,"(1,2차로)승용차관련사고처리중",127.0314,37.3935
2024-09-30 16:00,고속도로,기점,(진입로1차로)승용차관련사고처리중,127.0463,37.4567
2024-09-30 17:00,고속도로,종점,(1차로)화물차관련사고처리중,128.2892,35.038
2024-09-30 17:00,고속도로,종점,(4차로)화물차관련사고처리중,128.9682,35.1532
2024-09-30 17:00,고속도로,종점,(1차로)승용차관련사고처리중,128.5726,35.2429
2024-09-30 17:00,고속도로,기점,(1차로)승용차관련사고처리중,127.0314,37.3935
2024-09-30 18:00,고속도로,종점,"(2차로,갓길)승용차사고처리중",126.5526,36.6796
2024-09-30 19:00,고속도로,종점,(갓길)승용차사고처리중,127.1712,37.5764
2024-09-30 20:00,고속도로,기점,(갓길)승용차관련사고처리중,127.1059,37.2902
2024-09-30 21:00,고속도로,기점,(2차로)화물차관련사고처리중,127.7899,35.518
2024-09-30 21:00,고속도로,기점,"(1,2,3차로)화물차화재사고처리중 우회바람",126.887,37.3283
2024-09-30 21:00,고속도로,기점,(갓길)승용차관련사고처리중,127.1059,37.2902
2024-09-30 22:00,고속도로,기점,"(1,2차로)화물차화재사고처리중",126.887,37.3283
2024-09-30 22:00,고속도로,기점,(3차로)화물차관련사고처리중,127.0335,37.3101
2024-09-30 23:00,고속도로,기점,"(1,2차로)화물차화재사고처리중",126.887,37.3283
2024-09-30 23:00,고속도로,종점,(1차로)사고처리중,126.7646,37.4612
2024-10-01 00:00,고속도로,기점,(갓길)승용차사고처리중,128.345,37.5609
2024-10-01 00:00,고속도로,종점,(갓길)사고처리중,126.7646,37.4612
2024-10-01 00:00,고속도로,종점,(갓길)화물차사고처리중,126.8882,37.0534
2024-10-01 00:00,고속도로,기점,"(1,2차로)화물차사고잔재물처리중",126.887,37.3283
2024-10-01 01:00,고속도로,종점,"(3차로,갓길)화물차사고처리중",126.8882,37.0534
2024-10-01 02:00,고속도로,종점,"(3차로,갓길)화물차사고처리중",126.8882,37.0534
2024-10-01 03:00,고속도로,종점,"(2,3차로,갓길)화물차사고처리중",126.8882,37.0534
2024-10-01 07:00,고속도로,기점,"(1,2차로)소형화물차사고처리중",126.8696,36.9921
2024-10-01 08:00,고속도로,종점,(제천방향진출로)화물차관련사고처리중,127.2419,36.9776
2024-10-01 08:00,고속도로,기점,"(1,2차로)소형화물차사고처리중",126.8696,36.9921
2024-10-01 09:00,고속도로,기점,(진출로2차로)화물차사고처리중,127.0846,37.1421
2024-10-01 09:00,고속도로,종점,(3차로)사고처리중,127.1963,37.531
2024-10-01 10:00,고속도로,기점,(진출로2차로)화물차사고처리중,127.0846,37.1421
2024-10-01 11:00,고속도로,종점,(하이패스차로)승용차단독사고처리중,127.7494,35.5329
2024-10-01 11:00,고속도로,기점,(진출로1차로)승용차관련사고처리중,127.2064,37.5916
2024-10-01 14:00,고속도로,기점,(진출로갓길)소형화물차단독사고처리중,126.4793,34.8563
2024-10-01 14:00,고속도로,기점,(1차로)승용차사고처리중,127.6374,37.25
2024-10-01 16:00,고속도로,기점,(1차로)승용차관련사고처리중,128.3138,37.9335
2024-10-01 18:00,고속도로,종점,(갓길)사고처리중,126.7487,37.5442
2024-10-01 20:00,고속도로,종점,(갓길)승용차사고처리중,126.8699,36.9876
2024-10-01 21:00,고속도로,기점,(2차로)승용차관련사고처리중,128.4864,35.3942
2024-10-01 22:00,고속도로,종점,(광장부)사고처리중,126.7686,37.5935
2024-10-02 01:00,고속도로,종점,(1차로)승용차단독사고처리중,127.1576,35.3674
2024-10-02 07:00,고속도로,기점,(1차로)단독사고처리중,127.5087,37.409
2024-10-02 08:00,고속도로,기점,(1차로)단독사고처리중,127.5087,37.409
2024-10-02 08:00,고속도로,기점,(광장부)사고처리중,126.7429,37.524
2024-10-02 08:00,고속도로,기점,(갓길)대형화물차사고처리중,127.2531,35.3868
2024-10-02 09:00,고속도로,종점,"(1차로,갓길)승용차화물차추돌사고처리중",126.5633,36.727
2024-10-02 09:00,고속도로,기점,(1차로)단독사고처리중,127.5087,37.409
2024-10-02 09:00,고속도로,기점,(갓길)사고처리중,127.1782,35.872
2024-10-02 09:00,고속도로,기점,(갓길)대형화물차사고처리중,127.2531,35.3868
2024-10-02 10:00,고속도로,기점,(1차로)사고확인중,127.4917,36.1591
2024-10-02 10:00,고속도로,기점,(1차로)단독사고처리중,127.5087,37.409
2024-10-02 10:00,고속도로,기점,"(3차로,갓길)승용차관련사고처리중",126.8793,37.3241
2024-10-02 11:00,고속도로,기점,"(3차로,갓길)승용차관련사고처리중",126.8793,37.3241
2024-10-02 11:00,고속도로,기점,(1차로)단독사고처리중,127.5087,37.409
2024-10-02 11:00,고속도로,기점,(1차로)승용차관련사고처리중,127.1915,37.0068
2024-10-02 11:00,고속도로,기점,(갓길)화물차관련사고처리중,127.0468,37.3017
2024-10-02 12:00,고속도로,기점,(2차로)승용차단독사고처리중,128.6583,38.042
2024-10-02 12:00,고속도로,기점,(4차로)승용차사고처리중,127.1033,37.3633
2024-10-02 12:00,고속도로,기점,(1차로)단독사고처리중,127.5087,37.409
2024-10-02 12:00,고속도로,기점,고양분기점(63K)(1차로)승용차관련사고처리중,126.8644,37.6682
2024-10-02 13:00,고속도로,기점,고양분기점(63K)(1차로)승용차관련사고처리중  2km정체,126.8644,37.6682
2024-10-02 13:00,고속도로,종점,(1차로)화물차관련사고처리중,128.5741,35.2895
2024-10-02 13:00,고속도로,기점,(1차로)단독사고처리중,127.5087,37.409
2024-10-02 14:00,고속도로,종점,(1차로)화물차관련사고처리중,128.5741,35.2895
2024-10-02 15:00,고속도로,종점,(1차로)승용차관련사고처리중,126.6098,36.8454
2024-10-02 15:00,고속도로,종점,(1차로)승용차사고처리중,126.798,36.943
2024-10-02 15:00,고속도로,종점,(1차로)화물차관련사고처리중,128.5741,35.2895
2024-10-02 16:00,고속도로,종점,"(1,2차로)화물차관련사고처리중",128.7003,35.279
2024-10-02 17:00,고속도로,기점,(갓길)승용차관련사고처리중,127.4438,36.7163
2024-10-02 18:00,고속도로,기점,"(3차로,갓길)승용차화재사고처리중",129.0538,36.0471
2024-10-02 18:00,고속도로,기점,(1차로)승용차관련사고처리중,128.5079,35.8949
2024-10-02 19:00,고속도로,기점,(1차로)사고처리중,127.0426,37.3949
2024-10-02 19:00,고속도로,종점,(1차로)사고처리중,126.9047,37.0503
2024-10-02 20:00,고속도로,기점,(갓길)승용차관련사고처리중,128.4507,36.41
2024-10-02 20:00,고속도로,종점,(갓길)사고처리중,126.89,37.4246
2024-10-02 20:00,고속도로,종점,"(4,5차로)사고처리중",126.7488,37.5531
2024-10-02 21:00,고속도로,종점,"(1,2차로)승용차단독사고처리중",127.5438,35.4751
2024-10-02 21:00,고속도로,종점,(진출로램프갓길)사고처리중,126.8382,35.8271
2024-10-02 22:00,고속도로,종점,"(1,2차로)사고처리중",127.2938,37.4353
2024-10-03 00:00,고속도로,기점,"(1차로,갓길)화물차관련사고처리중",127.44,37.1631
2024-10-03 01:00,고속도로,종점,(광장부)사고처리중,127.1567,37.5906
2024-10-03 04:00,고속도로,기점,"(1,2,3차로)승용차관련사고처리중",127.136,37.0553
2024-10-03 05:00,고속도로,기점,"(1,2,3차로)승용차관련사고처리중",127.136,37.0553
2024-10-03 06:00,고속도로,기점,"(1,2,3차로)승용차관련사고처리중",127.136,37.0553
2024-10-03 10:00,고속도로,기점,(1차로)사고처리중,127.2803,37.4447
2024-10-03 10:00,고속도로,기점,(진출로갓길)승용차단독사고처리중,128.387,35.2893
2024-10-03 11:00,고속도로,종점,(1차로)승용차관련사고처리중,128.1826,36.5087
2024-10-03 11:00,고속도로,종점,1차로차대시설단독사고,126.56,37.5353
2024-10-03 11:00,고속도로,기점,(4차로)승용차관련사고처리중,127.1036,35.9616
2024-10-03 12:00,고속도로,종점,1차로차대시설단독사고,126.56,37.5353
2024-10-03 13:00,고속도로,종점,(1차로)사고처리중,126.887,37.2606
2024-10-03 13:00,고속도로,기점,(3차로)화물차관련사고처리중,126.9003,37.3222
2024-10-03 13:00,고속도로,종점,(1차로)승용차사고처리중,126.9023,37.2941
2024-10-03 14:00,고속도로,기점,(3차로)화물차관련사고처리중,126.9003,37.3222
2024-10-03 14:00,고속도로,종점,(1차로)승용차관련사고처리중,127.8944,36.885
2024-10-03 15:00,고속도로,기점,(1차로)승용차관련사고처리중,127.4072,36.9602
2024-10-03 15:00,고속도로,기점,"(4차로,갓길)승용차관련사고처리중",126.7769,37.5242
2024-10-03 16:00,고속도로,종점,(1차로)승용차관련사고처리중,127.2134,37.5311
2024-10-03 18:00,고속도로,종점,(1차로)승용차관련사고처리중,128.0139,35.0742
2024-10-03 18:00,고속도로,종점,(2차로)승용차단독사고처리중,128.8159,37.8404
2024-10-03 18:00,고속도로,기점,"(1차로,갓길)승용차관련추돌사고처리중",127.4492,35.2004
2024-10-03 18:00,고속도로,기점,(2차로)승용차단독사고처리중,127.2356,35.201
2024-10-03 18:00,고속도로,기점,(1차로)승용차2대관련추돌사고처리중,126.8333,35.2082
2024-10-03 19:00,고속도로,종점,(1차로)사고처리중,126.8951,37.4246
2024-10-03 21:00,고속도로,종점,"(1차로,갓길노즈부)승용차관련사고처리중",126.7526,37.5632
2024-10-03 21:00,고속도로,기점,(갓길)사고처리중,126.8894,37.0576
2024-10-03 22:00,고속도로,기점,"(4,5차로)승용차관련사고처리중",127.0846,37.1421
2024-10-03 22:00,고속도로,기점,"(2,3차로)화물차관련사고처리중",128.9845,35.2456
2024-10-03 23:00,고속도로,기점,"(2,3차로)화물차관련사고처리중",128.9845,35.2456
2024-10-04 00:00,고속도로,종점,(갓길)승용차단독사고처리중,129.0078,35.2718
2024-10-04 06:00,고속도로,종점,"(1,2차로)승용차관련사고처리중",126.7179,37.4339
2024-10-04 07:00,고속도로,기점,(갓길)승용차관련추돌사고처리중,126.4942,34.8767
2024-10-04 07:00,고속도로,종점,"(5차로,갓길)승용차사고처리중",127.142,37.0242
2024-10-04 09:00,고속도로,종점,(4차로)사고처리중,126.7213,37.4338
2024-10-04 10:00,고속도로,종점,(4차로)사고처리중,126.7213,37.4338
2024-10-04 10:00,고속도로,기점,"(1,2차로)승용차관련사고처리중",128.6792,38.0321
2024-10-04 10:00,고속도로,기점,(3차로)승용차관련사고처리중,127.1033,37.3723
2024-10-04 11:00,고속도로,기점,(3차로)소형화물차관련사고처리중,126.879,37.3347
2024-10-04 12:00,고속도로,종점,(2차로)승용차관련사고처리중,128.3406,37.9412
2024-10-04 12:00,고속도로,종점,"(1,2차로)승용차관련사고처리중",127.0846,37.1421
2024-10-04 12:00,고속도로,기점,(갓길)트레일러관련사고처리중,126.9115,37.3232
2024-10-04 12:00,고속도로,종점,(3차로)화물차관련사고처리중,128.9842,35.2438
2024-10-04 13:00,고속도로,기점,(1차로)승용차관련사고처리중,127.1643,37.5743
2024-10-04 13:00,고속도로,종점,(1차로)사고처리중,126.8773,37.1551
2024-10-04 13:00,고속도로,기점,(1차로)사고처리중,126.8797,37.4282
2024-10-04 14:00,고속도로,종점,(1차로)승용차사고처리중,127.107,37.2329
2024-10-04 15:00,고속도로,종점,(1차로)승용차관련추돌사고처리중,127.4912,36.8219
2024-10-04 15:00,고속도로,종점,"(1,3차로)승용차관련사고처리중",128.2503,37.5161
2024-10-04 15:00,고속도로,기점,(1차로)승용차관련사고처리중,127.44,37.1631
2024-10-04 15:00,고속도로,종점,(1차로)화물차관련사고처리중,127.2981,37.4228
2024-10-04 15:00,고속도로,종점,"(1차로,갓길)승용차관련사고처리중",126.8327,36.948
2024-10-04 15:00,고속도로,기점,(갓길)대형화물차사고처리중,126.7903,36.9423
2024-10-04 17:00,고속도로,종점,(2차로)승용차관련사고처리중,127.3314,36.9803
2024-10-04 18:00,고속도로,종점,(갓길)승용차관련사고처리중,128.9485,35.2226
2024-10-04 18:00,고속도로,종점,"(1차로,갓길)화물차관련사고처리중",127.4301,37.2249
2024-10-04 18:00,고속도로,기점,(갓길)승용차관련사고처리중,127.3476,37.2519
2024-10-04 18:00,고속도로,종점,(갓길)사고처리중,127.1039,37.2516
2024-10-04 19:00,고속도로,종점,(3차로)화물차관련사고처리중,127.4301,37.2249
2024-10-04 19:00,고속도로,종점,(3차로)승용차관련사고처리중,128.9521,35.1559
2024-10-04 20:00,고속도로,기점,(1차로)승용차관련사고처리중,126.7452,37.524
2024-10-04 20:00,고속도로,기점,(1차로)승용차사고처리중,127.2643,37.2464
2024-10-04 20:00,고속도로,종점,(진입로갓길)화물차관련사고처리중,128.3267,36.9346
2024-10-04 21:00,고속도로,기점,(1차로)승용차관련사고처리중,127.4755,36.8849
2024-10-04 22:00,고속도로,종점,(갓길)승용차사고처리중,126.8773,37.1551
2024-10-04 22:00,고속도로,기점,"(3차로,갓길)승용차관련사고처리중",126.9372,37.3288
2024-10-04 22:00,고속도로,기점,(진출로광장부)승용차단독사고처리중,128.2283,35.1943
2024-10-04 23:00,고속도로,기점,(1차로)사고처리중,126.8673,37.383
2024-10-05 00:00,고속도로,기점,(갓길)승용차관련사고처리중,128.4439,35.6292
2024-10-05 02:00,고속도로,종점,(진출로1차로)승용차관련사고처리중,126.7735,36.6802
2024-10-05 02:00,고속도로,기점,(갓길)승용차관련추돌사고처리중,127.3186,35.5507
2024-10-05 04:00,고속도로,기점,(갓길)승용차관련사고처리중,128.9742,35.2144
2024-10-05 04:00,고속도로,기점,"(1,2차로)화물차관련사고처리중",127.1762,36.5
2024-10-05 05:00,고속도로,기점,"(2차로,갓길)승용차관련사고처리중",128.9742,35.2144
2024-10-05 06:00,고속도로,종점,"수락산터널(41K) 수락산터널(43K)(1,2,4차로)사고처리중",127.1205,37.6545
2024-10-05 06:00,고속도로,종점,(3차로)화물차관련사고처리중,126.6359,37.4443
2024-10-05 08:00,고속도로,종점,(국도진입로)화물차단독사고처리중 국도우회바람전면차단중,128.6897,35.2766
2024-10-05 10:00,고속도로,기점,(1차로)사고처리중,127.3302,36.3612
2024-10-05 11:00,고속도로,종점,(갓길)승용차관련사고처리중,128.7003,35.279
2024-10-05 11:00,고속도로,기점,(갓길)사고처리중,126.6378,36.8599
2024-10-05 11:00,고속도로,종점,"(1,2차로)사고처리중",127.4195,36.405
2024-10-05 11:00,고속도로,종점,(1차로)승용차관련사고처리중,128.2003,36.4629
2024-10-05 11:00,고속도로,기점,(진출로갓길)승용차사고확인중,128.5709,36.7712
2024-10-05 11:00,고속도로,종점,(1차로)승용차관련사고처리중,127.4465,36.7202
2024-10-05 11:00,고속도로,기점,(2차로)승용차관련사고처리중,128.4847,35.9211
2024-10-05 12:00,고속도로,종점,(갓길)승용차사고처리중,128.5901,38.0564
2024-10-05 12:00,고속도로,기점,(갓길)사고처리중,126.8046,37.6359
2024-10-05 12:00,고속도로,기점,(갓길)고장차처리중,126.8046,37.6359
2024-10-05 12:00,고속도로,종점,(1차로)사고처리중,126.712,36.8961
2024-10-05 12:00,고속도로,종점,(1차로)사고처리중,126.7307,36.9057
2024-10-05 14:00,고속도로,종점,(2차로)승용차관련사고처리중,127.3257,36.7227
2024-10-05 14:00,고속도로,종점,(1차로)승용차관련사고처리중,126.692,37.5235
2024-10-05 14:00,고속도로,기점,(1차로)승용차관련사고처리중,128.3048,37.9231
2024-10-05 15:00,고속도로,종점,(1차로)승용차관련사고처리중,126.6703,36.8669
2024-10-05 15:00,고속도로,기점,(2차로)승용차관련사고처리중,128.302,35.7306
2024-10-05 16:00,고속도로,종점,(1차로)승용차관련사고처리중,127.9244,35.0536
2024-10-05 16:00,고속도로,종점,(갓길)승용차관련사고처리중,127.7229,37.0743
2024-10-05 16:00,고속도로,종점,(3차로)승용차관련사고처리중,126.887,37.3283
2024-10-05 17:00,고속도로,기점,(1차로)승용차관련사고처리중,128.6131,36.424
2024-10-05 17:00,고속도로,종점,(1차로)승용차관련사고처리중,127.962,35.0548
2024-10-05 19:00,고속도로,종점,"(1,2차로)승용차관련사고처리중",126.8773,37.4033
2024-10-05 20:00,고속도로,기점,(화물하이패스차로)승용단독사고처리중,126.7486,37.524
2024-10-05 21:00,고속도로,종점,(1차로)승용차관련사고처리중,126.7866,37.6043
2024-10-05 21:00,고속도로,기점,(화물하이패스차로)승용단독사고처리중,126.7486,37.524
2024-10-05 23:00,고속도로,기점,(1차로)사고처리중,127.0953,37.1852
2024-10-06 00:00,고속도로,기점,"(4,5차로,갓길)승용차사고처리중",127.1033,37.3543
2024-10-06 11:00,고속도로,기점,(진출로갓길)승용차단독사고처리중,127.3837,36.6254
2024-10-06 12:00,고속도로,종점,(2차로)승용차관련사고처리중,127.6062,37.2134
2024-10-06 12:00,고속도로,종점,(갓길)화물차관련사고처리중,128.7204,35.2807
2024-10-06 12:00,고속도로,기점,"(1,2차로)승용차관련사고처리중",128.5361,37.6459
2024-10-06 13:00,고속도로,종점,(3차로)추돌사고처리중,126.8194,37.5231
2024-10-06 14:00,고속도로,기점,"(4차로,갓길)승용차관련사고처리중",128.7113,35.279
2024-10-06 16:00,고속도로,종점,(갓길)승용차관련사고처리중,128.3979,35.2879
2024-10-06 16:00,고속도로,종점,(1차로)승용차관련사고처리중,128.2011,35.6992
2024-10-06 17:00,고속도로,기점,(갓길)승용차단독사고처리중,127.2949,35.0385
2024-10-06 17:00,고속도로,종점,(2차로)승용차사고처리중,127.7573,37.846
2024-10-06 17:00,고속도로,기점,(1차로)승용차단독사고처리dhksfy,128.0818,35.1433
2024-10-06 17:00,고속도로,종점,(1차로)승용차사고처리중,127.0739,36.4868
2024-10-06 18:00,고속도로,종점,(진출로갓길)승용차단독사고처리중,128.7866,35.877
2024-10-06 18:00,고속도로,기점,(1차로)승용차단독사고처리dhksfy,128.0818,35.1433
2024-10-06 19:00,고속도로,종점,(갓길)승용차단독사고처리중,129.0568,35.3923
2024-10-06 20:00,고속도로,기점,(진출로갓길)승용차단독사고처리중,129.2814,35.48
2024-10-06 21:00,고속도로,종점,(갓길)광장부,126.7486,37.524
2024-10-06 21:00,고속도로,기점,(갓길)사고처리중,127.1035,37.3273
2024-10-07 05:00,고속도로,종점,(갓길)사고처리중,126.8645,37.3701
2024-10-07 06:00,고속도로,종점,"(1,2,3차로)사고처리중",126.7203,37.5238
2024-10-07 06:00,고속도로,종점,(갓길)승용차사고처리중,126.9071,37.3226
2024-10-07 07:00,고속도로,기점,고양분기점부근(64.5K)(4차로)화물차사고처리중   고양(67.5K) 고양분기점부근(64.5K)3km정,126.8644,37.6682
2024-10-07 07:00,고속도로,종점,"(갓길,부평진출1차로)승용차관련사고처리중",126.7203,37.5238
2024-10-07 07:00,고속도로,기점,(2차로)추돌사고처리중,126.8047,35.3301
2024-10-07 07:00,고속도로,종점,"(2차로,갓길)승용차추돌사고처리중",127.4219,36.278
2024-10-07 08:00,고속도로,종점,"(갓길,부평진출1차로)승용차관련사고처리중",126.7203,37.5238
2024-10-07 08:00,고속도로,종점,(1차로)화물차사고처리중,127.9653,37.6055
2024-10-07 08:00,고속도로,종점,(1차로)승용차단독사고처리중,126.777,36.214
2024-10-07 08:00,고속도로,기점,고양분기점부근(64.5K)(4차로)화물차사고처리중  일산(70K) 고양분기점(64.5K)5.5km정체,126.8644,37.6682
2024-10-07 08:00,고속도로,기점,(순천방향진출로1차로)승용차관련사고처리중,128.7201,35.2798
2024-10-07 08:00,고속도로,종점,(갓길)승용차관련사고처리중,129.0375,35.3322
2024-10-07 08:00,고속도로,종점,(2차로)사고처리중,128.7978,37.889
2024-10-07 09:00,고속도로,종점,(2차로)승용차관련사고처리중,129.0234,35.2759
2024-10-07 10:00,고속도로,종점,(2차로)승용차관련사고처리중,126.9334,37.3761
2024-10-07 11:00,고속도로,종점,(2차로)승용차관련고처리중,127.1368,37.0463
2024-10-07 11:00,고속도로,기점,(2차로)화물차관련사고처리중,126.7395,37.4111
2024-10-07 11:00,고속도로,종점,(갓길)승용차관련사고처리중,127.5076,36.7917
2024-10-07 11:00,고속도로,종점,(2차로)승용차관련사고처리중,126.8696,37.4322
2024-10-07 11:00,국도,부산방향,승용차 4중추돌사고,129.29008,35.458366
2024-10-07 12:00,고속도로,기점,(3차로)화물차관련사고처리중,126.879,37.3347
2024-10-07 12:00,고속도로,종점,(진출로갓길)화물차단독사고처리중,129.3142,35.7321
2024-10-07 12:00,고속도로,기점,(2차로)승용차관련사고처리중,127.1431,37.0198
2024-10-07 12:00,고속도로,기점,(갓길)승용차관련사고처리중,128.4075,35.7159
2024-10-07 15:00,고속도로,종점,(1차로)중형화물차단독사고처리중,126.7755,36.677
2024-10-07 15:00,고속도로,종점,(5차로)승용차관련사고처리중,127.1234,37.424
2024-10-07 15:00,고속도로,종점,(갓길)승용차관련사고처리중,127.0422,37.4611
2024-10-07 15:00,고속도로,종점,(1차로)승용차관련사고처리중,127.786,37.7685
2024-10-07 16:00,고속도로,종점,(1차로)승용차관련사고처리중,127.2592,37.4513
2024-10-07 16:00,고속도로,기점,(갓길)화물차관련사고처리중,127.5775,36.024
2024-10-07 17:00,고속도로,종점,(2차로)승용차단독사고처리중,129.091,35.2928
2024-10-07 17:00,고속도로,종점,"(1,2차로)승용차관련사고처리중",126.8875,37.0934
2024-10-07 18:00,고속도로,종점,(갓길)승용차단독사고처리중,129.091,35.2928
2024-10-07 18:00,국도,김해방향,사고로인한 정체발생,128.670483,35.270115
2024-10-07 19:00,고속도로,기점,(3차로)승용차관련사고처리중,128.9842,35.2492
2024-10-07 19:00,고속도로,종점,(갓길)승용차단독사고처리중,129.091,35.2928
2024-10-07 22:00,고속도로,종점,(진입로갓길)화물차고장처리중,128.7563,35.2591
2024-10-07 22:00,고속도로,기점,"(1,2차로)추돌사고처리중",127.2855,35.3904
2024-10-07 22:00,고속도로,기점,"(1,2차로)추돌사고처리중",126.7861,35.2867
2024-10-08 05:00,고속도로,기점,"(1,2차로)사고처리중",126.7509,37.524
2024-10-08 05:00,고속도로,기점,"(2,3차로)화물차관련사고처리중",129.2141,35.2634
2024-10-08 06:00,고속도로,기점,"(2,3차로)화물차관련사고처리중",129.2141,35.2634
2024-10-08 07:00,고속도로,기점,"(2,3차로)화물차관련사고처리중",129.2141,35.2634
2024-10-08 07:00,고속도로,기점,(갓길)사고처리중,126.6852,37.4335
2024-10-08 09:00,고속도로,기점,(1차로)승용차추돌사고처리중,128.4784,35.7549
2024-10-08 11:00,고속도로,종점,(진출로갓길)사고처리중,129.1296,37.4507
2024-10-08 11:00,고속도로,기점,(1차로)승용차관련사고처리중,127.0392,37.3945
2024-10-08 11:00,고속도로,기점,"(2,3차로)승용차사고처리중",126.8678,37.3785
2024-10-08 12:00,고속도로,기점,(1차로)대형화물차관련추돌사고처리중,127.4008,35.2892
2024-10-08 12:00,고속도로,기점,"(2,3차로)화물차관련사고처리중",126.8694,37.0055
2024-10-08 12:00,고속도로,종점,(진출로갓길)사고처리중,129.1296,37.4507
2024-10-08 13:00,고속도로,기점,(2차로)사고처리중,129.0113,37.6679
2024-10-08 13:00,고속도로,종점,(갓길)화물차사고처리중,127.086,37.2916
2024-10-08 13:00,고속도로,기점,(갓길)사고처리중,128.7831,37.9246
2024-10-08 13:00,고속도로,기점,"(3,4,5차로)화물차관련사고처리완료",126.8694,37.0055
2024-10-08 14:00,고속도로,종점,(1차로)승용차관련사고처리중,127.44,37.1631
2024-10-08 15:00,고속도로,종점,"(1,2차로)승용차사고처리중",128.5247,38.1998
2024-10-08 15:00,고속도로,기점,(1차로)승용차관련사고처리중,127.5941,37.727
2024-10-08 15:00,고속도로,기점,(갓길)화물차단독사고처리중,128.8931,35.4921
2024-10-08 16:00,고속도로,기점,(1차로)승용차관련사고처리중,127.6465,37.7402
2024-10-08 19:00,고속도로,종점,(갓길)승용차관련사고처리중,127.3128,37.6315
2024-10-08 19:00,고속도로,종점,(1차로)승용차관련사고처리중,126.6964,37.4334
2024-10-08 19:00,고속도로,기점,(2차로)화물차추돌사고처리중,127.4742,36.3214
2024-10-08 21:00,고속도로,종점,"(3,4차로)화물차관련사고처리중",126.7179,37.4339
2024-10-08 22:00,고속도로,기점,"(4차로,갓길)화물차사고처리중",127.1793,37.5494
2024-10-09 01:00,고속도로,종점,(진출로1차로)승용단독사고처리중,127.2073,37.5922
2024-10-09 03:00,고속도로,종점,"(1,2차로)소형화물차관련사고처리중",127.4761,36.9003
2024-10-09 03:00,고속도로,종점,(2차로)승용차사고처리중,127.136,37.0553
2024-10-09 07:00,고속도로,기점,(갓길)휴게소주차장화물차화재사고처리중,128.3174,35.871
2024-10-09 08:00,고속도로,기점,(1차로)추돌사고처리중,126.7888,35.3049
2024-10-09 08:00,고속도로,종점,(2차로)대형버스관련사고처리중,127.4758,36.8939
2024-10-09 09:00,고속도로,종점,(갓길)추돌사고처리중,126.9512,35.2204
2024-10-09 09:00,고속도로,기점,(1차로)승용차단독화재사고처리중,128.5365,36.0724
2024-10-09 09:00,고속도로,기점,"(2차로,갓길)차량화재처리중",127.6466,35.8239
2024-10-09 10:00,고속도로,기점,(1차로)사고처리중,126.7463,37.4909
2024-10-09 11:00,고속도로,종점,(2차로)화물차추돌사고처리중,127.1547,36.4952
2024-10-09 11:00,고속도로,종점,(1차로)승용차단독사고처리중,127.1888,35.2416
2024-10-09 11:00,고속도로,기점,(5차로)사고처리중,126.7543,37.4744
2024-10-09 13:00,고속도로,기점,(갓길)추돌사고처리중,128.2159,37.495
2024-10-09 13:00,고속도로,종점,(1차로)승용차관련사고처리중,127.0074,37.311
2024-10-09 13:00,고속도로,기점,(갓길)승용차관련사고처리중,126.7464,37.49
2024-10-09 13:00,고속도로,기점,(1차로)승용차단독사고처리중,127.7079,35.6357
2024-10-09 14:00,고속도로,기점,(2차로)승용차사고처리중,128.2603,37.8886
2024-10-09 15:00,고속도로,기점,"(4차로,갓길)사고잔해물처리중",128.2849,36.1501
2024-10-09 16:00,고속도로,종점,(1차로)대형버스관련사고처리중,126.7752,36.9317
2024-10-09 17:00,고속도로,종점,(갓길)승용차관련사고처리중,126.8216,37.5234
2024-10-09 17:00,고속도로,기점,(1차로)사고처리중,127.107,36.0626
2024-10-09 18:00,고속도로,기점,(1차로)승영치관련사고처리중,127.0025,37.3131
2024-10-09 18:00,고속도로,종점,"(4,5차로)승용차화재사고처리중",127.1003,37.3992
2024-10-09 18:00,고속도로,기점,(1차로)승용차관련사고처리중,127.0025,37.3131
2024-10-09 19:00,고속도로,종점,"(4,5차로)승용차화재사고처리중",127.1003,37.3992
2024-10-09 19:00,고속도로,종점,(4차로)승용차관련사고처리중,128.5045,35.8136
2024-10-10 01:00,고속도로,기점,사고처리중전면차단중,126.6252,36.133
2024-10-10 02:00,고속도로,기점,(1차로)사고처리중,126.6252,36.133
2024-10-10 02:00,고속도로,종점,(진입로1차로)승합차단독사고처리중,126.6214,36.8471
2024-10-10 03:00,고속도로,기점,(1차로)사고처리중,126.6252,36.133
2024-10-10 05:00,고속도로,기점,"(1,2차로)화물차관련사고처리중",126.7442,35.6872
2024-10-10 06:00,고속도로,기점,(1차로)승용차관련사고처리중,126.7488,37.5531
2024-10-10 10:00,고속도로,기점,"(2차로,갓길)화재사고처리중",128.2529,35.7018
2024-10-10 11:00,고속도로,기점,"(2차로,갓길)화재사고처리중",128.2529,35.7018
2024-10-10 12:00,고속도로,기점,(1차로)소형화물차관련추돌사고처리중,127.8457,36.9828
2024-10-10 14:00,고속도로,기점,"(1,2차로)승용차관련사고처리중",127.1089,37.1184
2024-10-10 14:00,고속도로,종점,(갓길)사고처리중,126.7503,37.5176
2024-10-10 14:00,고속도로,기점,(1차로)승용차관련사고처리중,127.31,37.2444
2024-10-10 15:00,고속도로,기점,(1차로)승용차사고처리중,127.269,37.6087
2024-10-10 16:00,고속도로,종점,(갓길)승용차관련사고처리중,126.7469,37.4882
2024-10-10 16:00,고속도로,종점,"(1,2차로)승용차관련사고처리중",128.5317,35.8758
2024-10-10 18:00,고속도로,종점,(1차로)승용차관련사고처리중,127.7697,37.7888
2024-10-10 19:00,고속도로,종점,(갓길)승용차관련사고처리중,128.504,35.2897
2024-10-10 19:00,고속도로,기점,(3차로)사고처리중,126.8106,37.434
2024-10-10 21:00,고속도로,기점,(갓길)승용차관련사고처리중,127.3464,36.7161
2024-10-11 01:00,고속도로,종점,(4차로)사고처리중,127.1828,37.5418
2024-10-11 01:00,고속도로,기점,(서해안선진출로차단)화물차사고처리중,126.8886,37.0543
2024-10-11 02:00,고속도로,기점,(서해안선진출로차단)화물차사고처리중,126.8886,37.0543
2024-10-11 03:00,고속도로,기점,(서해안선진출2차로)화물차사고처리중,126.8886,37.0543
2024-10-11 04:00,고속도로,종점,(갓길)추돌사고처리중,126.8732,37.1818
2024-10-11 04:00,고속도로,기점,(갓길)승용차단독화재사고처리중,127.1244,36.4931
2024-10-11 05:00,고속도로,기점,(갓길)승용차단독화재사고처리중,127.1244,36.4931
2024-10-11 06:00,고속도로,종점,"(3차로,갓길)화물차관련사고처리중",126.8284,37.3479
2024-10-11 07:00,고속도로,종점,(순환선진입로3차로)화물차사고처리중,127.0939,37.4065
2024-10-11 10:00,고속도로,종점,(갓길)승용차관련사고처리중,126.752,37.5265
2024-10-11 10:00,고속도로,기점,(5차로)승용차사고처리중,127.1047,37.1214
2024-10-11 11:00,고속도로,종점,(1차로)승용차단독사고처리중,128.1413,37.1346
2024-10-11 11:00,고속도로,기점,"(2,3차로)사고처리중",127.189,36.9086
2024-10-11 11:00,고속도로,기점,(1차로)승용차관련사고처리중,127.428,37.2319
2024-10-11 11:00,고속도로,종점,(5차로)승용차관련사고처리중,127.1224,37.4169
2024-10-11 12:00,고속도로,종점,(진출로1차로)승용차관련사고처리중,127.5017,36.7713
2024-10-11 12:00,고속도로,기점,(2차로)승용차1대대형화물차1대추돌사고처리중,126.4941,34.985
2024-10-11 12:00,고속도로,종점,(갓길)중형화물차1대대형화물차1대추돌사고처리중,127.3465,35.4171
2024-10-11 12:00,고속도로,종점,(1차로)승용차관련사고처리중,128.2255,36.2981
2024-10-11 13:00,고속도로,종점,(1차로)화물차단독사고처리중,129.1684,35.8146
2024-10-11 13:00,고속도로,종점,(1차로)승용차관련사고처리중,128.2345,36.2872
2024-10-11 14:00,고속도로,종점,(갓길)화물차관련사고처리중,128.5374,35.2862
2024-10-11 14:00,고속도로,종점,(진출로갓길)승용차관련사고처리중,127.4954,37.6694
2024-10-11 15:00,고속도로,종점,(1차로)승용차관련사고처리중,128.1821,36.5095
2024-10-11 16:00,고속도로,종점,(6차로)사고처리중,127.1753,37.5587
2024-10-11 16:00,고속도로,종점,(2차로)사고처리중,126.7278,36.7351
2024-10-11 16:00,고속도로,기점,(1차로)승용차관련사고처리중,128.2214,36.3121
2024-10-11 16:00,고속도로,종점,"(1,2차로)사고처리중",126.9519,36.3748
2024-10-11 16:00,고속도로,종점,"(1,2차로,갓길)승용차관련사고처리중",126.7522,37.5292
2024-10-11 17:00,고속도로,종점,(갓길)사고처리중,127.0121,36.505
2024-10-11 17:00,고속도로,종점,(갓길)승용차관련사고처리중,126.7522,37.5292
2024-10-11 17:00,고속도로,종점,(1차로)승용차관련사고처리중,126.7427,37.4328
2024-10-11 17:00,고속도로,기점,(1차로)승용차관련사고처리중,128.223,36.3069
2024-10-11 18:00,고속도로,기점,(1차로)승용차관련사고처리중,128.9827,35.2618
2024-10-11 18:00,고속도로,종점,(1차로)승용차관련사고처리중,127.7229,37.0743
2024-10-11 19:00,고속도로,기점,(1차로)소형화물차관련사고처리중,128.2214,36.3121
2024-10-11 19:00,고속도로,종점,"(3,4차로)화물차관련사고처리중",128.3445,36.1276
2024-10-11 19:00,고속도로,종점,(1차로)승용차관련사고처리중,127.7213,37.0832
2024-10-11 19:00,고속도로,종점,(1차로)사고처리중,126.8648,36.9627
2024-10-11 19:00,고속도로,기점,(1차로)승용차관련사고처리중,126.8692,36.9965
2024-10-11 20:00,고속도로,기점,"(1,2차로)승용차관련사고처리중",126.8692,36.9965
2024-10-11 20:00,고속도로,기점,(3차로)승용차관련사고처리중,126.8069,37.4319
2024-10-11 20:00,고속도로,기점,(1차로)승용차관련사고처리중,129.204,35.1938
2024-10-11 21:00,고속도로,종점,(갓길)승용차관련사고처리중,128.4755,35.2714
2024-10-11 21:00,고속도로,종점,(갓길)승용차단독사고처리중,127.331,35.621
2024-10-11 21:00,고속도로,종점,(1차로)승용차관련사고처리중,127.4403,37.1398
2024-10-11 21:00,고속도로,기점,(갓길)중형화물차단독사고처리중,127.3055,36.9756
2024-10-11 21:00,고속도로,종점,(3차로)승용차화재처리중,128.6768,37.6817
2024-10-12 03:00,고속도로,종점,(3차로)화물차관련사고처리중,126.9395,37.3287
2024-10-12 04:00,고속도로,종점,(3차로)화물차관련사고처리중,126.9395,37.3287
2024-10-12 05:00,고속도로,종점,(3차로)화물차관련사고처리중,126.9765,37.3201
2024-10-12 06:00,고속도로,종점,"(2,3차로)화물차관련사고처리중",126.9765,37.3201
2024-10-12 06:00,고속도로,종점,"(3차로,갓길)화물차관련화재사고처리중",127.0803,37.0313
2024-10-12 07:00,고속도로,종점,(갓길)화물차관련사고처리중,127.0803,37.0313
2024-10-12 09:00,고속도로,기점,(4차로)화물차관련사고처리중,126.8127,37.5221
2024-10-12 10:00,고속도로,종점,(1차로)승용차관련사고처리중,126.8987,37.3026
2024-10-12 10:00,고속도로,종점,(1차로)사고처리중,127.053,37.4495
2024-10-12 10:00,고속도로,종점,(1차로)승용차관련사고처리중,128.2607,36.2067
2024-10-12 10:00,고속도로,기점,(갓길)승용차관련사고처리중,128.7196,37.6754
2024-10-12 11:00,고속도로,기점,(갓길)승용차관련사고처리중,128.7196,37.6754
2024-10-12 11:00,고속도로,종점,(4차로)승용차관련사고처리중,129.0283,35.3272
2024-10-12 11:00,고속도로,기점,(갓길)승용차관련사고처리중,127.01,35.3185
2024-10-12 11:00,고속도로,종점,(1차로)사고처리중,127.053,37.4495
2024-10-12 11:00,고속도로,기점,(1차로)승용차관련사고처리중,128.0849,36.7357
2024-10-12 12:00,고속도로,기점,(1차로)승용차관련사고처리중,127.4306,37.2231
2024-10-12 12:00,고속도로,종점,(1차로)승용차관련사고처리중,129.0374,35.2831
2024-10-12 13:00,고속도로,기점,(3차로)승용차관련사고처리중,128.5295,35.244
2024-10-12 13:00,고속도로,기점,(갓길)승용차관련사고처리중,129.1052,35.2814
2024-10-12 13:00,고속도로,종점,(1차로)승용차관련사고처리중,127.6128,37.1877
2024-10-12 13:00,고속도로,기점,"(2,3차로)사고처리중",127.1704,36.8285
2024-10-12 13:00,고속도로,종점,(1차로)승용차관련사고처리중,129.093,35.292
2024-10-12 14:00,고속도로,기점,(3차로)승용차관련사고처리중,126.8714,37.3413
2024-10-12 14:00,고속도로,종점,(1차로)승용차관련사고처리중,126.8772,37.3302
2024-10-12 14:00,고속도로,종점,(갓길)승용차관련사고처리중,128.6032,36.4129
2024-10-12 14:00,고속도로,기점,(갓길)승용차관련사고처리중,129.0057,37.6756
2024-10-12 14:00,고속도로,종점,(갓길)승용차관련사고처리중,128.3381,36.3759
2024-10-12 14:00,고속도로,기점,(진출로갓길)승용차관련사고처리중,128.2659,36.1644
2024-10-12 15:00,고속도로,종점,(갓길)승용차관련사고처리중,126.8763,37.3328
2024-10-12 15:00,고속도로,기점,(1차로)승용차관련사고처리중,128.1336,36.6628
2024-10-12 15:00,고속도로,종점,(2차로)화물차단독사고처리중,129.2873,35.6734
2024-10-12 16:00,고속도로,종점,(2차로)화물차단독사고처리중,129.2873,35.6734
2024-10-12 16:00,고속도로,종점,(2차로)승용차관련사고처리중,128.911,35.2247
2024-10-12 16:00,고속도로,기점,(진출로갓길)승용차사고처리중,128.068,37.4466
2024-10-12 16:00,고속도로,기점,(갓길)승용차관련추돌사고처리중,126.4791,35.0279
2024-10-12 16:00,고속도로,종점,(1차로)승용차관련사고처리중,126.7032,36.8904
2024-10-12 16:00,고속도로,기점,"(1차로,갓길)승용차관련사고처리중",126.8865,37.3152
2024-10-12 18:00,고속도로,종점,(2차로)추돌사고처리중,126.8961,37.4291
2024-10-12 18:00,고속도로,종점,(2차로)승용차단독사고처리중,127.6617,35.5389
2024-10-12 19:00,고속도로,기점,"(1,2차로)사고처리중",126.9317,35.6632
2024-10-12 19:00,고속도로,종점,(2차로)추돌사고처리중,126.8961,37.4291
2024-10-12 21:00,고속도로,종점,(광장부)승용차단독사고처리중,126.7609,37.5869
2024-10-12 22:00,고속도로,종점,(광장부)승용차단독사고처리중,126.7686,37.5935
2024-10-13 00:00,고속도로,기점,"(1,2차로)승용차추돌사고처리중",127.1758,36.9631
2024-10-13 03:00,고속도로,종점,"(1,2차로)대형화물차사고처리중",127.1051,35.9705
2024-10-13 03:00,고속도로,기점,(3차로)화물차관련사고처리중,128.7717,35.9526
2024-10-13 08:00,고속도로,종점,(1차로)승용차관련사고처리중,127.6837,37.7426
2024-10-13 09:00,고속도로,기점,(갓길)승용차관련사고처리중,127.0409,37.4625
2024-10-13 09:00,고속도로,기점,"(4차로,갓길)",127.1949,37.5321
2024-10-13 10:00,고속도로,종점,(1차로)승용차관련사고처리중,126.5664,36.7897
2024-10-13 11:00,고속도로,종점,(1차로)승용차관련사고처리중,127.279,37.2428
2024-10-13 11:00,고속도로,종점,(진입로1차로)추돌사고처리중,127.1038,37.2642
2024-10-13 12:00,고속도로,종점,(갓길)승용차관련사고처리중,126.8969,37.2767
2024-10-13 12:00,고속도로,종점,(진출로갓길)승용차관련사고처리중,127.3312,36.3656
2024-10-13 13:00,고속도로,기점,(1차로)승용차관련사고처리중,128.315,37.5496
2024-10-13 14:00,고속도로,종점,(1차로)승용차관련사고처리중,127.4196,36.6097
2024-10-13 14:00,고속도로,기점,"(1,2차로)승용차사고처리중",127.145,37.5057
2024-10-14 02:00,고속도로,기점,(갓길)승합차사고처리중,127.3837,37.6319
2024-10-14 03:00,고속도로,기점,(갓길)승용차사고처리중,127.31,37.2444
2024-10-14 04:00,고속도로,기점,(갓길)승용차사고처리중,127.31,37.2444
2024-10-14 06:00,고속도로,기점,"(3,4차로)승용차관련사고처리중",127.1707,37.5669
2024-10-14 08:00,고속도로,종점,(갓길)승용차관련사고처리중,129.1041,35.262
2024-10-14 09:00,고속도로,종점,(5차로)승용차관련사고처리중,127.0335,37.3101
2024-10-14 09:00,고속도로,기점,(1차로)승용차관련사고처리중,129.0785,35.2959
2024-10-14 09:00,고속도로,기점,(4차로)화물차관련사고처리중,127.4495,37.2378
2024-10-14 10:00,고속도로,기점,(갓길)소형화물차사고처리중,127.1743,36.834
2024-10-14 10:00,고속도로,종점,(1차로)사고처리중,126.8869,37.4079
2024-10-14 10:00,고속도로,기점,(4차로)화물차관련사고처리중,127.4495,37.2378
2024-10-14 11:00,고속도로,기점,(6차로)승용차관련사고처리중,126.7631,37.4321
2024-10-14 11:00,고속도로,종점,(갓길)화물차관련사고처리중,127.9375,35.3374
2024-10-14 12:00,고속도로,기점,(2차로)승용차관련사고처리중,128.3091,37.5453
2024-10-14 12:00,고속도로,기점,(갓길)승용차관련사고처리중,126.8707,36.9786
2024-10-14 15:00,고속도로,기점,(1차로)승용차관련사고처리중,127.8914,36.8964
2024-10-14 15:00,고속도로,기점,(2차로)승용차관련사고처리중,127.8939,37.383
2024-10-14 16:00,고속도로,종점,(진출로갓길)승용차단독사고처리중,129.0283,35.3272
2024-10-14 16:00,고속도로,종점,(1차로)사고처리중,126.8802,37.1437
2024-10-14 16:00,고속도로,종점,(1차로)승용차관련사고처리중,127.4428,37.1945
2024-10-14 19:00,고속도로,종점,(2차로)대형화물차관련사고처리중,128.1229,36.6785
2024-10-14 23:00,고속도로,종점,(갓길)사고처리중,127.1821,35.8687
2024-10-15 00:00,고속도로,종점,(2차로)승용차단독사고처리중,127.7594,35.5753
2024-10-15 03:00,고속도로,종점,(4차로)화물차관련시고처리중,126.8897,37.0612
2024-10-15 03:00,고속도로,종점,(1차로)대형화물차단독사고처리중,128.2427,37.0419
2024-10-15 04:00,고속도로,종점,(4차로)화물차관련시고처리중,126.8897,37.0612
2024-10-15 04:00,고속도로,종점,(1차로)대형화물차단독사고처리중,128.2427,37.0419
2024-10-15 04:00,고속도로,종점,"(2,3차로)승용차관련사고처리중",128.5266,35.8353
2024-10-15 05:00,고속도로,기점,(진출로갓길)승용차관련사고확인중,127.4962,37.2453
2024-10-15 06:00,고속도로,종점,(갓길)화물차관련사고처리중,126.7469,37.4998
2024-10-15 06:00,고속도로,종점,(2차로)승용차관련추돌사고처리중,127.4115,36.9573
2024-10-15 06:00,고속도로,종점,(진출로2차로)화물차사고처리중,127.2173,36.7603
2024-10-15 08:00,고속도로,기점,(1차로)승용차관련사고처리중,128.5127,35.2611
2024-10-15 08:00,고속도로,기점,(1차로)화물차단독사고처리중,128.7201,35.2798
2024-10-15 09:00,고속도로,기점,"(2,3차로)승용차사고처리중",127.1038,37.2642
2024-10-15 09:00,고속도로,종점,(1차로)승용차관련사고처리중,126.8951,37.4246
2024-10-15 09:00,고속도로,종점,(1차로)승용차사고처리중,127.1731,36.7864
2024-10-15 09:00,고속도로,기점,"(진입로2차로,갓길)승용단독사고처리중",127.0514,37.2991
2024-10-15 09:00,고속도로,종점,(5차로)화물차관련사고처리중,127.1643,37.5743
2024-10-15 10:00,고속도로,종점,"(1,2차로)승용차관련사고처리중",126.8692,37.3696
2024-10-15 10:00,고속도로,기점,(3차로)승용차관련사고처리중,128.7803,37.7264
2024-10-15 10:00,고속도로,종점,(1차로)승용차관련사고처리중,126.7609,37.5869
2024-10-15 11:00,고속도로,기점,(1차로)소형화물차단독사고처리중,128.9951,35.2854
2024-10-15 11:00,고속도로,종점,(1차로)승용차관련사고처리중,127.9771,36.8001
2024-10-15 11:00,고속도로,기점,(1차로)승용차관련사고처리중,126.7855,37.4299
2024-10-15 12:00,고속도로,기점,"(1,2차로)승용차사고처리중",127.0882,37.1336
2024-10-15 12:00,고속도로,기점,(3차로)승용차관련사고처리중,126.7413,37.4003
2024-10-15 13:00,고속도로,기점,(갓길)승용차관련사고처리중,126.7413,37.4003
2024-10-15 16:00,고속도로,종점,(2차로)승용차사고처리중,127.1576,36.9858
2024-10-15 16:00,고속도로,기점,(갓길)승용차관련사고처리중,127.1786,37.5786
2024-10-15 17:00,고속도로,종점,(1차로)화물차관련사고처리중,128.9704,35.1528
2024-10-15 18:00,고속도로,기점,(1차로)승용차관련사고처리중,128.6615,38.0394
2024-10-15 19:00,고속도로,기점,(갓길)승용차관련사고처리중,126.8108,35.3376
2024-10-15 20:00,고속도로,종점,(1차로)사고처리중,126.8951,37.4246
2024-10-16 01:00,고속도로,종점,"(2차로,갓길)사고처리중",127.5997,35.7216
2024-10-16 01:00,고속도로,기점,"(2차로,갓길)사고처리중",127.5997,35.7216
2024-10-16 02:00,고속도로,기점,"(2차로,갓길)사고처리중",127.5997,35.7216
2024-10-16 03:00,고속도로,기점,"(2차로,갓길)사고처리중",127.5997,35.7216
2024-10-16 07:00,고속도로,기점,(1차로)화물차사고처리중,126.5575,36.6
2024-10-16 07:00,고속도로,종점,(갓길)승용차사고처리중,126.5558,36.6052
2024-10-16 08:00,고속도로,종점,(진입로갓길)승용차관련사고처리중,128.9056,35.2249
2024-10-16 08:00,고속도로,기점,"(1,2차로)화물차사고처리중",126.5575,36.6
2024-10-16 09:00,고속도로,종점,(2차로)사고처리중,126.92,37.3744
2024-10-16 09:00,고속도로,종점,"통일로(60.9K)(1,2차로)승용차사고처리중  양주요금소 통일로4km정체",126.8941,37.6734
2024-10-16 10:00,고속도로,종점,(1차로)단독사고처리중,129.0989,37.5657
2024-10-16 10:00,고속도로,종점,"통일로(60.9K)(1,2차로)승용차사고처리중  노고산터널 통일로6km정체",126.8941,37.6734
2024-10-16 11:00,고속도로,종점,(2차로)승용차관련사고처리중,126.7179,37.4339
2024-10-16 11:00,고속도로,기점,(갓길)승용차관련사고처리중,127.1581,37.5819
2024-10-16 11:00,고속도로,종점,"(2차로,갓길)승용차화재사고처리중",126.7128,36.7519
2024-10-16 12:00,고속도로,종점,(2차로)사고처리중,127.1327,37.0729
2024-10-16 12:00,고속도로,종점,(5차로)승용차관련사고처리중,126.7179,37.4339
2024-10-16 13:00,고속도로,기점,(1차로)승용차단독사고처리중,127.7291,35.6264
2024-10-16 13:00,고속도로,종점,(1차로)승용차관련사고처리중,128.3058,35.735
2024-10-16 13:00,고속도로,기점,(3차로)사고처리중,127.2413,37.4834
2024-10-16 13:00,고속도로,기점,(2차로)승용차관련사고처리중,127.1122,37.1148
2024-10-16 14:00,고속도로,종점,(갓길)화물차화재사고처리중,126.8297,36.9466
2024-10-16 14:00,고속도로,종점,(갓길)승용차단독사고처리중,127.4452,35.1665
2024-10-16 14:00,고속도로,기점,(1차로)화물차단독사고처리중,127.7291,35.6264
2024-10-16 15:00,고속도로,기점,(1차로)화물차단독사고처리중,127.7291,35.6264
2024-10-16 15:00,고속도로,종점,(1차로)승용차관련사고처리중,126.7307,36.9057
2024-10-16 16:00,고속도로,종점,(갓길)승용차단독화재사고처리중,127.6479,37.1475
2024-10-16 17:00,고속도로,기점,(4차로)화물차관련사고처리중,126.752,37.5265
2024-10-16 18:00,고속도로,기점,(4차로)화물차관련사고처리중,126.752,37.5265
2024-10-16 18:00,고속도로,기점,(1차로)사고처리중,126.9071,37.3226
2024-10-16 18:00,고속도로,종점,"(5,6차로)사고처리중",126.8618,37.3526
2024-10-16 18:00,고속도로,종점,(1차로)승용차관련사고처리중,129.0024,35.2709
2024-10-16 19:00,고속도로,기점,"(3차로,갓길)화물차사고처리중",127.3616,36.6858
2024-10-16 20:00,고속도로,종점,(1차로)승용차관련사고처리중,126.7488,37.5531
2024-10-16 20:00,고속도로,종점,(진출로1차로)사고처리중,126.7292,37.4333
2024-10-16 20:00,고속도로,종점,(2차로)화물차관련사고처리중,128.6982,37.679
2024-10-16 21:00,고속도로,기점,(1차로)승용차관련추돌사고처리중,126.8546,35.1929
2024-10-16 22:00,고속도로,종점,"(2,3차로)화물차관련화재사고처리중",128.9806,35.2353
2024-10-16 23:00,고속도로,종점,"(2,3차로)사고처리중",127.3572,36.6885
2024-10-17 06:00,고속도로,기점,(갓길)소형화물차단독사고처리중,127.4775,36.9982
2024-10-17 06:00,고속도로,종점,(1차로)승용차사고처리중,127.1669,36.7989
2024-10-17 07:00,고속도로,기점,"(1,2차로,갓길)소형화물차단독사고처리중",127.4775,36.9982
2024-10-17 08:00,고속도로,기점,(갓길)소형화물차단독사고처리중,127.4775,36.9982
2024-10-17 08:00,고속도로,종점,(진입로갓길)승용차관련사고처리중,126.8394,37.3483
2024-10-17 09:00,고속도로,기점,(갓길)승용차관련사고처리중,126.8728,37.3383
2024-10-17 10:00,고속도로,기점,(갓길)승용차관련사고처리중,126.8728,37.3383
2024-10-17 11:00,고속도로,종점,(2차로)사고처리중,127.1385,37.0374
2024-10-17 12:00,고속도로,기점,(3차로)승용차관련사고처리중,127.428,37.2319
2024-10-17 12:00,고속도로,기점,(갓길)담양영업소출구부승용차단독사고처리중,126.9776,35.277
2024-10-17 12:00,고속도로,종점,(1차로)화물차관련사고처리중,128.2908,37.5319
2024-10-17 13:00,고속도로,기점,(갓길)화물차관련사고처리중,127.1471,37.0114
2024-10-17 13:00,고속도로,기점,"(1,2차로)소형화물차관련사고처리중",127.4252,36.6846
2024-10-17 13:00,고속도로,종점,(갓길)화물차화재사고처리중,129.1773,35.6757
2024-10-17 14:00,고속도로,기점,"(2차로,갓길)대형화물차관련사고처리중",127.4438,36.7163
2024-10-17 14:00,고속도로,종점,"(3차로,갓길)화물차화재사고처리중",129.1773,35.6757
2024-10-17 15:00,고속도로,종점,"(2,3차로,갓길)화물차화재사고처리중",129.1773,35.6757
2024-10-17 15:00,고속도로,종점,(2차로)대형화물차관련사고처리중,127.3577,36.9766
2024-10-17 16:00,고속도로,기점,(갓길)화물차관련사고처리중,127.7149,35.6332
2024-10-17 16:00,고속도로,종점,"(2,3차로,갓길)화물차화재사고처리중",129.1773,35.6757
2024-10-17 17:00,고속도로,기점,(진출로1차로)화물차관련사고처리중(전면차단국도사고),128.9742,35.2117
2024-10-17 18:00,고속도로,기점,(진출로1차로)화물차관련사고처리중(국도사고),128.9742,35.2117
2024-10-17 19:00,고속도로,기점,(휴게소내)화물차화재사고처리중,128.3437,35.2929
2024-10-17 19:00,고속도로,기점,(진출로1차로)화물차관련사고처리중(국도사고),128.9742,35.2117
2024-10-17 19:00,고속도로,종점,(갓길)승용차관련사고처리중,126.9221,35.1816
2024-10-17 19:00,고속도로,기점,(1차로)승용차관련사고처리중,129.0438,35.3447
2024-10-17 20:00,고속도로,기점,"(3,4차로)승용차관련사고처리중",126.7548,37.4709
2024-10-17 20:00,고속도로,종점,(1차로)승용차관련추돌사고처리중,127.65,37.1443
2024-10-17 20:00,고속도로,종점,(2차로)승용차관련사고처리중,128.5764,36.7538
2024-10-17 20:00,고속도로,기점,(진출로1차로)화물차관련사고처리중(국도사고),128.9742,35.2117
2024-10-17 22:00,고속도로,종점,(2차로)승용차관련사고처리중,128.5764,36.7538
2024-10-17 22:00,고속도로,기점,(진출로1차로)화물차관련사고처리중(국도사고),128.9742,35.2117
2024-10-17 22:00,고속도로,기점,"(3,4차로)승용차관련사고처리중",126.7548,37.4709
2024-10-17 22:00,고속도로,종점,(1차로)승용차관련추돌사고처리중,127.65,37.1443
2024-10-17 22:00,고속도로,종점,(1차로)사고처리중,127.1408,37.0286
2024-10-18 02:00,고속도로,기점,(갓길)화물차단독화재사고,127.0975,37.403
2024-10-18 03:00,고속도로,종점,(갓길)승용차관련사고처리중,127.1727,36.7872
2024-10-18 03:00,고속도로,기점,(갓길)화물차단독화재사고처리중,127.0975,37.403
2024-10-18 05:00,고속도로,기점,"(1,2차로)추돌사고처리중",126.7979,37.6167
2024-10-18 05:00,고속도로,기점,"(2차로,갓길)화물차관련사고처리중",128.2449,35.9901
2024-10-18 06:00,고속도로,기점,"(2차로,갓길)화물차관련사고처리중",128.2449,35.9901
2024-10-18 06:00,고속도로,기점,(진입로갓길)승용차사고처리중,128.4349,35.9753
2024-10-18 06:00,고속도로,기점,"(1,2차로)추돌사고처리중",126.7979,37.6167
2024-10-18 06:00,고속도로,기점,(광장부갓길)화물차단독사고처리중,128.9837,35.2528
2024-10-19 00:00,고속도로,종점,(2차로)승용차단독사고처리중,128.8049,35.9544
2024-10-19 01:00,고속도로,종점,(갓길)승용차사고처리중,127.4772,36.9973
2024-10-19 01:00,고속도로,종점,(1차로)승용차사고처리중,127.1037,37.2822
2024-10-19 01:00,고속도로,기점,"(1,3차로)승용차관련사고처리중",127.5255,37.6811
2024-10-19 02:00,고속도로,기점,(1차로)승용차관련사고처리중,127.1259,37.4524
2024-10-19 03:00,고속도로,기점,(진출로갓길)승용차사고처리중,126.8149,36.9429
2024-10-19 06:00,고속도로,종점,(1차로)승용차사고처리중,128.1274,36.6703
2024-10-19 06:00,고속도로,종점,(1차로)승용차관련사고처리중,126.8161,37.5226
2024-10-19 07:00,고속도로,기점,(진출로1차로)사고처리중,126.7066,37.4337
2024-10-19 08:00,고속도로,종점,(2차로)승용차관련사고처리중,128.5843,38.1719
2024-10-19 09:00,고속도로,기점,(갓길)승용차사고처리중,128.2159,37.495
2024-10-19 09:00,고속도로,종점,(3차로)승용차사고처리중,128.1059,37.4565
2024-10-19 09:00,고속도로,기점,"(4차로,갓길)승용차사고처리중",128.3622,36.0714
2024-10-19 10:00,고속도로,종점,(갓길)추돌사고처리중,127.1003,37.3992
2024-10-19 10:00,고속도로,종점,(진입로갓길)승용차관련사고처리중,128.1213,35.1609
2024-10-19 11:00,고속도로,기점,"(2차로,갓길)승용차사고처리중",128.9672,36.0538
2024-10-19 11:00,고속도로,기점,(1차로)승용차관련사고처리중,127.9773,35.0586
2024-10-19 11:00,고속도로,종점,"(5차로,갓길)추돌사고처리중",127.1003,37.3992
2024-10-19 11:00,고속도로,기점,(2차로)승용차관련사고처리중,127.9916,35.0663
2024-10-19 11:00,고속도로,종점,(갓길)사고처리중,126.8773,37.1551
2024-10-19 12:00,고속도로,기점,(4차로)화물승용차관련사고처리중,126.7779,37.5987
2024-10-19 12:00,고속도로,기점,(1차로)승용차사고처리중,128.8132,37.7661
2024-10-19 12:00,고속도로,종점,(2차로)승용차관련사고처리중,128.6315,35.9364
2024-10-19 12:00,고속도로,종점,(갓길)사고처리중,126.8773,37.1551
2024-10-19 12:00,고속도로,종점,"(4,5차로,갓길)추돌사고처리중",127.1003,37.3992
2024-10-19 12:00,고속도로,기점,(5차로)승용차관련사고처리중,127.2402,37.5971
2024-10-19 13:00,고속도로,종점,(1차로)승용차사고처리완료,128.5505,35.9539
2024-10-19 13:00,고속도로,기점,(1차로)승용차관련사고처리중,127.1196,37.413
2024-10-19 13:00,고속도로,종점,(1차로)버스단독사고처리중,128.7744,37.6825
2024-10-19 14:00,고속도로,기점,(3차로)승용차단독사고처리중,127.4388,37.1478
2024-10-19 14:00,고속도로,종점,(1차로)버스단독사고처리중,128.7744,37.6825
2024-10-19 14:00,고속도로,종점,"(3,4차로)승용차관련사고처리중",128.6661,35.9114
2024-10-19 15:00,고속도로,종점,"(3,4차로)승용차관련사고처리중",128.6661,35.9114
2024-10-19 15:00,고속도로,종점,(1차로)화물차관련사고처리중,128.7433,37.6635
2024-10-19 15:00,고속도로,종점,(1차로)승용차단독사고처리중,128.5105,35.2834
2024-10-19 15:00,고속도로,기점,(진출로)승합차단독사고처리중,126.8773,37.4033
2024-10-19 15:00,고속도로,종점,(갓길)소형화물차관련사고처리중,128.2003,36.4629
2024-10-19 17:00,고속도로,종점,(진출로갓길)승용차단독사고처리중,127.3884,36.4121
2024-10-19 17:00,고속도로,기점,(1차로)승용차관련사고처리중,129.209,35.225
2024-10-19 17:00,고속도로,기점,(갓길)승용차관련사고처리중,127.2082,37.5928
2024-10-19 18:00,고속도로,종점,"(1,2차로)승용차관련사고처리중",126.8587,37.3742
2024-10-19 21:00,고속도로,기점,(1차로)승용차단독사고처리중,127.2004,35.237
2024-10-19 23:00,고속도로,종점,"(2차로,갓길)화물차관련사고처리중",127.1431,35.9015
2024-10-20 02:00,고속도로,종점,(갓길)승용차단독사고처리중,128.5199,35.8936
2024-10-20 03:00,고속도로,종점,"(4,5차로)승용차단독사고처리중",127.0958,37.2126
2024-10-20 12:00,고속도로,종점,(2차로)승용차관련사고처리중,127.6062,37.2134
2024-10-20 12:00,고속도로,기점,(3차로)승용차관련사고처리중,126.879,37.3347
2024-10-20 13:00,고속도로,기점,(2차로)승용차관련사고처리중,127.6323,37.7376
2024-10-20 13:00,고속도로,종점,(1차로)승용차관련사고처리중,127.4201,36.6489
2024-10-20 13:00,고속도로,종점,(2차로)승용차관련사고처리완료,127.6062,37.2134
2024-10-20 14:00,고속도로,기점,(갓길)승용차사고처리중,128.2138,36.4208
2024-10-20 14:00,고속도로,종점,(3차로)승용차관련사고처리중,126.8969,37.2767
2024-10-20 14:00,고속도로,종점,(갓길)승용차관련사고처리중,126.8969,37.2767
2024-10-20 14:00,고속도로,기점,(1차로)승용차관련사고처리중,128.6268,35.279
2024-10-20 14:00,고속도로,종점,(5차로)승용차관련사고처리중,127.1003,37.3992
2024-10-20 15:00,고속도로,종점,(갓길)승용차관련사고처리중,126.89,37.4246
2024-10-20 15:00,고속도로,종점,(갓길)승용차관련사고처리중,127.1003,37.3992
2024-10-20 15:00,고속도로,종점,"(1,2차로)승용관련사고처리중",127.0374,35.8324
2024-10-20 16:00,고속도로,종점,(1차로)승용차관련사고처리중,127.9848,36.7764
2024-10-20 17:00,고속도로,기점,(1차로)승용차관련사고처리중,128.5795,38.0394
2024-10-20 17:00,고속도로,종점,(1차로)승용차관련사고처리중,128.4584,35.6063
2024-10-20 17:00,고속도로,기점,(갓길)단독사고처리중,126.8069,35.4017
2024-10-20 17:00,고속도로,종점,(1차로)승용차관련사고처리중,127.9848,36.7764
2024-10-20 18:00,고속도로,기점,(1차로)승용차관련사고처리중,128.2206,36.3157
2024-10-20 19:00,고속도로,기점,(진입로1차로)승용차관련사고처리중,127.1656,37.5728
2024-10-20 21:00,고속도로,기점,(1차로)승용차관련사고처리중,127.1832,37.5409
2024-10-21 02:00,고속도로,종점,(갓길)승용차관련사고처리중,126.5544,36.6707
2024-10-21 04:00,고속도로,기점,(진출로1차로)승용차단독사고처리중,126.8837,37.1197
2024-10-21 07:00,고속도로,종점,(1차로)승용차관련사고처리중,126.7966,37.4286
2024-10-21 08:00,고속도로,기점,(1차로)승용차관련사고처리중,129.0839,35.295
2024-10-21 09:00,고속도로,종점,"(2차로,갓길)승용차관련화재사고처리중",127.8453,37.3243
2024-10-21 10:00,고속도로,종점,(갓길)승용차단독사고처리중,127.7656,35.541
2024-10-21 10:00,고속도로,종점,(갓길)승용차관련사고처리중,126.7512,37.5221
2024-10-21 12:00,고속도로,기점,(5차로)승용차관련사고처리중,126.752,37.5265
2024-10-21 12:00,고속도로,기점,(1차로)소형화물차관련사고처리중,127.9815,37.2986
2024-10-21 13:00,고속도로,종점,(1차로)화물차관련사고처리중,129.1122,35.2836
2024-10-21 13:00,고속도로,종점,"(2,3차로)승용차추돌사고처리중",127.1593,36.9834
2024-10-21 14:00,고속도로,기점,32사단합참훈련,127.1026,36.0819
2024-10-21 14:00,고속도로,종점,(1차로)화물차관련사고처리중,129.1122,35.2836
2024-10-21 14:00,고속도로,종점,(갓길)승용차관련추돌사고처리중,126.8042,35.4056
2024-10-21 15:00,고속도로,종점,"(1,2차로)승용차관련사고처리중",127.9448,37.3167
2024-10-21 15:00,고속도로,기점,(1차로)화물차관련사고처리중,127.0401,35.8363
2024-10-21 15:00,고속도로,기점,32사단합참훈련,127.1026,36.0819
2024-10-21 16:00,고속도로,기점,(1차로)승용차관련사고처리중,127.59,37.7255
2024-10-21 16:00,고속도로,기점,32사단합참훈련,127.1026,36.0819
2024-10-21 16:00,고속도로,종점,"(1,2차로)승용차관련사고처리중",127.9448,37.3167
2024-10-21 16:00,고속도로,기점,"(1차로)화물차관련사고처리중 삼례,전주나들목이용국도우회가능",127.0401,35.8363
2024-10-21 16:00,고속도로,기점,(1차로)승용차사고처리중,127.592,37.7263
2024-10-21 16:00,고속도로,종점,"(2차로,갓길)중형화물차화재사고처리중",127.2424,36.479
2024-10-21 17:00,고속도로,종점,(1차로)승용차단독사고처리중,127.0331,37.0259
2024-10-21 17:00,고속도로,종점,"(진입로1,2차로)2차로사고처리중",128.5247,38.1998
2024-10-21 17:00,고속도로,기점,32사단합참훈련,127.1026,36.0819
2024-10-21 18:00,고속도로,종점,(1차로)승용차관련사고처리중,126.5633,36.7234
2024-10-21 18:00,고속도로,종점,(1차로)승용차관련사고처리중,128.5231,35.8318
2024-10-21 18:00,고속도로,기점,(갓길)화재사고처리중,127.3345,37.3299
2024-10-21 18:00,고속도로,기점,"(3,4,5차로)승용차관련사고처리중",127.1431,37.0198
2024-10-21 19:00,고속도로,기점,"(4,5차로)승용차관련사고처리중",127.1431,37.0198
2024-10-21 19:00,고속도로,종점,(감속차로갓길)사고처리중,127.1896,35.8438
2024-10-21 20:00,고속도로,종점,(갓길)추돌사고처리중,126.9171,35.1825
2024-10-21 22:00,고속도로,기점,(갓길)승용차관련사고처리중,126.7741,37.5967
2024-10-21 23:00,고속도로,기점,"(1,2차로)승용차관련사고처리중",128.4558,35.7862
2024-10-21 23:00,고속도로,기점,빗길점멸등작동,127.1026,36.0819
2024-10-22 00:00,고속도로,기점,빗길점멸등작동,127.1026,36.0819
2024-10-22 01:00,고속도로,종점,"(3,4차로)승용차사고처리중",127.23,37.5039
2024-10-22 01:00,고속도로,종점,(갓길)승용차단독사고처리중,127.3869,35.4298
2024-10-22 01:00,고속도로,종점,(갓길)고장차처리중,126.8816,37.04
2024-10-22 02:00,고속도로,종점,(진출로1차로)화물차단독사고처리중,129.093,35.292
2024-10-22 02:00,고속도로,기점,"(2,3차로)승용차관련사고처리중",129.1027,35.2854
2024-10-22 03:00,고속도로,기점,(진출로2차로)화물차관련사고처리중,126.7469,37.4998
2024-10-22 03:00,고속도로,기점,(진출로갓길)북공주 공주방향화물차사고처리중,127.1226,36.4921
2024-10-22 03:00,고속도로,종점,(진출로1차로)화물차단독사고처리중,129.093,35.292
2024-10-22 04:00,고속도로,종점,(진출로1차로)화물차단독사고처리중,129.093,35.292
2024-10-22 05:00,고속도로,종점,(진출로1차로)화물차단독사고처리중,129.093,35.292
2024-10-22 06:00,고속도로,기점,(1차로)승용차관련사고처리중,126.7543,37.4744
2024-10-22 06:00,고속도로,기점,(2차로)승용차단독사고처리중,129.4081,35.8468
2024-10-22 06:00,고속도로,기점,"(4차로,갓길)화물차관련사고처리중",126.7469,37.4998
2024-10-22 07:00,고속도로,종점,(2차로)소형화물차사고처리중,128.7455,37.9651
2024-10-22 07:00,고속도로,기점,"(1,3차로)화물차관련사고처리중",128.0968,35.1336
2024-10-22 07:00,고속도로,종점,"(2,3차로)화물차단독사고처리중",129.1933,35.7892
2024-10-22 08:00,고속도로,기점,(2차로)사고처리중,127.4549,36.286
2024-10-22 08:00,고속도로,종점,"(1,3차로)승용차화물차추돌사고처리중",126.8356,36.9493
2024-10-22 08:00,고속도로,종점,(1차로)승용차단독사고처리중,128.4069,34.9468
2024-10-22 09:00,고속도로,종점,(갓길)승용차화물차추돌사고처리중,127.3542,36.2896
2024-10-22 09:00,고속도로,종점,(2차로)승용차관련사고처리중,128.6213,36.4752
2024-10-22 09:00,고속도로,종점,(갓길)사고처리중,126.8598,37.4367
2024-10-22 09:00,고속도로,종점,(갓길)승용차단독사고처리중,129.1053,35.5254
2024-10-22 09:00,고속도로,종점,(갓길)승용차단독사고처리중,128.9752,35.2224
2024-10-22 09:00,고속도로,기점,"(1,2차로)단독사고처리중(승용)",127.1181,35.9161
2024-10-22 09:00,고속도로,기점,(1차로)승용차단독사고처리중,128.8558,35.1785
2024-10-22 10:00,고속도로,기점,(1차로)추돌사고처리중,126.8755,35.1893
2024-10-22 10:00,고속도로,기점,(갓길)사고처리중,127.7938,37.7499
2024-10-22 11:00,고속도로,기점,(2차로)사고처리중,127.7938,37.7499
2024-10-22 11:00,고속도로,기점,(요금소진입로1차로)승용차사고처리중,127.0958,37.2126
2024-10-22 12:00,고속도로,기점,(1차로)사고처리중,126.7515,37.4772
2024-10-22 12:00,고속도로,종점,"(1,2차로)사고처리중",127.1234,37.4258
2024-10-22 12:00,고속도로,기점,(갓길)승용차관련사고처리중,127.1576,36.9858
2024-10-22 12:00,고속도로,기점,(3차로)사고처리중,128.7831,37.7409
2024-10-22 13:00,고속도로,종점,(6차로)승용차관련사고처리중,126.8052,37.4493
2024-10-22 14:00,고속도로,종점,(1차로)승용차관련사고처리중,126.8896,37.4119
2024-10-22 14:00,고속도로,종점,(2차로)사고처리중,129.0658,37.6102
2024-10-22 15:00,고속도로,종점,(진출램프)승용차관련사고처리중,129.0448,35.3286
2024-10-22 15:00,고속도로,종점,(5차로)사고처리중,127.0902,37.1635
2024-10-22 17:00,고속도로,종점,(갓길)소형화물단독사고처리중,127.9182,37.3354
2024-10-22 17:00,고속도로,기점,(갓길)화물차관련사고처리중,126.7672,37.3749
2024-10-22 18:00,고속도로,종점,(갓길)소형화물단독사고처리중,127.9182,37.3354
2024-10-22 18:00,고속도로,종점,(2차로)소형화물차화재사고처리중,128.0466,36.424
2024-10-22 18:00,고속도로,기점,(갓길)화물차관련사고처리중,126.7672,37.3749
2024-10-22 19:00,고속도로,종점,(갓길)소형화물단독사고처리중,127.9182,37.3354
2024-10-22 19:00,고속도로,기점,(1차로)승용차관련사고처리중,126.8598,37.4367
2024-10-22 20:00,고속도로,종점,"통일로부근(60K)(1,2차로)승용차관련사고처리중  2km정체",126.8941,37.6734
2024-10-22 20:00,고속도로,종점,(2차로)승용차관련사고처리중,127.1736,37.2793
2024-10-22 20:00,고속도로,기점,(1차로)승용차관련사고처리중,126.8598,37.4367
2024-10-22 21:00,고속도로,종점,(갓길)승용차사고처리중,127.4408,37.1721
2024-10-22 21:00,고속도로,종점,(갓길)승용차단독사고처리중,128.2333,36.16
2024-10-22 21:00,고속도로,종점,"통일로부근(60K)(1,2차로)승용차관련사고처리중  2km정체",126.8941,37.6734
2024-10-22 21:00,고속도로,기점,(1차로)승용차관련사고처리중,126.755,37.4655
2024-10-22 21:00,고속도로,기점,(1차로)승용차사고처리중,127.439,37.1451
2024-10-22 22:00,고속도로,종점,(갓길)승용차사고처리중,126.8869,37.4079
2024-10-22 22:00,고속도로,기점,(1차로)승용차사고처리중,127.8517,37.6913
2024-10-22 22:00,고속도로,종점,(갓길)승용차단독사고처리중,128.2333,36.16
2024-10-22 23:00,고속도로,종점,(1차로)승용차단독사고처리중,126.8601,37.3728
2024-10-22 23:00,고속도로,기점,(진입로2차로)사고처리중,127.1234,37.4267
2024-10-23 00:00,고속도로,종점,(진입로2차로)사고처리중,127.1036,37.3002
2024-10-23 01:00,고속도로,종점,(3차로)승용차단독사고처리중,127.4447,37.1203
2024-10-23 01:00,고속도로,기점,(진출로갓길)사고처리중,126.7379,37.429
2024-10-23 01:00,고속도로,종점,(1차로)승용차관련사고처리중,127.1862,37.5804
2024-10-23 02:00,고속도로,종점,(1차로)사고처리중,126.7783,36.6742
2024-10-23 03:00,고속도로,종점,"(5차로,갓길)사고처리중",127.1032,37.3813
2024-10-23 05:00,고속도로,기점,(2차로)승용차관련사고처리중,126.9,37.4375
2024-10-23 05:00,고속도로,기점,(갓길)소형화물차단독사고처리중,127.8995,36.4467
2024-10-23 06:00,고속도로,기점,(부산방향진출로갓길)화물차관련사고처리중,128.9931,35.2847
2024-10-23 07:00,고속도로,기점,(진출로갓길)승용차관련사고처리중,127.1059,37.2373
2024-10-23 07:00,고속도로,종점,(1차로)승용차관련사고처리중,127.1568,37.5942
2024-10-23 08:00,고속도로,종점,(1차로)승용차관련사고처리중,127.1568,37.5942
2024-10-23 09:00,고속도로,종점,(1차로)승용차관련사고처리중,127.1421,37.6138
2024-10-23 09:00,고속도로,기점,(갓길)승용차관련사고처리중,129.0091,35.2967
2024-10-23 11:00,고속도로,종점,"(1,2차로)승용차관련사고처리중",127.1368,37.0463
2024-10-23 11:00,고속도로,종점,(2차로)승용차관련사고처리중,128.1943,37.4908
2024-10-23 11:00,고속도로,기점,(1차로)승용차관련사고처리중,126.7548,37.4709
2024-10-23 11:00,고속도로,종점,(1차로)승용차관련사고처리중,126.8305,37.5248
2024-10-23 11:00,고속도로,기점,(갓길)승용차관련추돌사고처리중,126.8974,35.1844
2024-10-23 12:00,고속도로,종점,(갓길)화물차사고처리중,128.5979,36.4083
2024-10-23 12:00,고속도로,기점,(갓길)승용차관련사고처리중,126.8598,37.3484
2024-10-23 13:00,고속도로,종점,(갓길)화물차사고처리중,128.5979,36.4083
2024-10-23 13:00,고속도로,종점,(진입로2차로)승주영업소승용차관련사고처리중,127.3746,35.0146
2024-10-23 14:00,고속도로,종점,(갓길)화물차사고처리중,128.5979,36.4083
2024-10-23 14:00,고속도로,종점,(3차로)승용차관련사고처리중,128.2381,37.0444
2024-10-23 15:00,고속도로,종점,(1차로)승용차관련추돌사고처리중,126.7303,35.1169
2024-10-23 15:00,고속도로,종점,(2차로)승용차관련사고처리중,127.4311,36.5634
2024-10-23 15:00,고속도로,종점,(갓길)화물차사고처리중,128.5979,36.4083
2024-10-23 15:00,고속도로,종점,(갓길)승용차관련사고처리중,127.4419,37.1901
2024-10-23 16:00,고속도로,종점,(갓길)화물차사고처리중,128.5979,36.4083
2024-10-23 16:00,고속도로,기점,(1차로)승용차관련사고처리중,128.5423,36.1298
2024-10-23 19:00,고속도로,기점,(갓길)승용차관련사고처리중,128.2003,36.4629
2024-10-23 19:00,고속도로,종점,(1차로)승용차관련사고처리중,127.7674,37.842
2024-10-23 20:00,고속도로,종점,"(3,4차로)승용차관련사고처리중",129.0018,35.2901
2024-10-23 21:00,고속도로,종점,(진출로6차로)사고처리중,127.0422,37.3044
2024-10-23 23:00,고속도로,기점,(갓길)화물차단독사고처리중,127.4202,36.6223
2024-10-23 23:00,고속도로,기점,(2차로)승용차관련사고처리중,126.5449,35.0504
2024-10-23 23:00,고속도로,기점,(갓길)화물차관련사고처리중,127.4446,37.1221
2024-10-24 00:00,고속도로,기점,(갓길)화물차단독사고처리중,127.4202,36.6223
2024-10-24 00:00,고속도로,기점,(갓길)화물차관련사고처리중,127.4446,37.1221
2024-10-24 01:00,고속도로,기점,(갓길)화물차단독사고처리중,127.4202,36.6223
2024-10-24 02:00,고속도로,기점,"(2차로,갓길)화물차단독사고처리중",127.4202,36.6223
2024-10-24 07:00,고속도로,기점,(갓길)화물차관련사고처리중,127.8548,35.4382
2024-10-24 07:00,고속도로,종점,(갓길)사고처리중,127.2418,35.8639
2024-10-24 08:00,고속도로,종점,(1차로)승용차관련추돌사고처리중,126.7655,35.1528
2024-10-24 08:00,고속도로,종점,(갓길)승용차관련사고처리중,128.9742,35.2181
2024-10-24 09:00,고속도로,기점,(4차로)승용차관련사고처리중,126.7678,37.5242
2024-10-24 09:00,고속도로,기점,(1차로)화물차관련사고처리중,128.6068,35.2862
2024-10-24 09:00,고속도로,기점,(갓길)소형화물차단독사고처리중,127.4438,36.7163
2024-10-24 10:00,고속도로,종점,(1차로)승용차관련사고처리중,127.1752,37.5162
2024-10-24 10:00,고속도로,기점,(1차로)승용차관련사고처리중,128.6171,35.2831
2024-10-24 10:00,고속도로,기점,(5차로)승용차관련사고처리중,127.1379,37.4914
2024-10-24 11:00,고속도로,기점,(1차로)승용차관련사고처리중,128.5011,35.2925
2024-10-24 11:00,고속도로,종점,(1차로)승용차관련사고처리중,126.8775,37.0317
2024-10-24 11:00,고속도로,종점,(2차로)승용차관련사고처리중,128.6369,35.936
2024-10-24 11:00,고속도로,종점,"(1,2차로)화물차관련사고처리중(우회바랍니다)",127.0464,37.0246
2024-10-24 12:00,고속도로,종점,(1차로)화물차관련사고처리중(우회바랍니다),127.0464,37.0246
2024-10-24 12:00,고속도로,종점,(3차로)사고처리중,127.1722,37.2808
2024-10-24 12:00,고속도로,종점,(갓길)승용차관련사고처리중,127.8966,37.3724
2024-10-24 13:00,고속도로,종점,"(1차로,갓길)승용차관련사고처리중",128.0421,35.0855
2024-10-24 13:00,고속도로,종점,"(1,2차로)화물차관련사고처리중(우회바랍니다)",127.0464,37.0246
2024-10-24 13:00,고속도로,종점,"(3,4차로)사고처리중",127.1722,37.2808
2024-10-24 13:00,고속도로,종점,"(2,3차로)승용차사고처리중",127.1408,37.0286
2024-10-24 13:00,고속도로,기점,(갓길)사고처리중,126.7599,35.7149
2024-10-24 15:00,고속도로,종점,(진입로갓길)화물차단독사고처리중,128.7563,35.2591
2024-10-24 16:00,고속도로,종점,(1차로)버스관련사고처리중,127.1385,37.0374
2024-10-24 16:00,고속도로,종점,(4차로)승용차사고처리중,126.8866,37.37
2024-10-24 18:00,고속도로,종점,"(1,2차로)승용차사고처리중",127.1907,37.5212
2024-10-24 18:00,고속도로,종점,(갓길)화물차관련사고처리중,127.4089,36.4054
2024-10-24 18:00,고속도로,종점,(갓길)승용차화재사고처리중,127.3058,35.4154
2024-10-24 19:00,고속도로,종점,(갓길)화물차관련사고처리중,127.4089,36.4054
2024-10-24 19:00,고속도로,종점,(갓길)승용차화재사고처리중,127.3058,35.4154
2024-10-24 22:00,고속도로,종점,"(2,3차로)승용차관련사고처리중",128.5346,35.2423
2024-10-25 01:00,고속도로,종점,(갓길)화물차관련사고처리중,128.623,35.917
2024-10-25 01:00,고속도로,종점,"(1,2차로,갓길)중형화물차추돌사고처리중",127.6434,35.8097
2024-10-25 02:00,고속도로,종점,"(2차로,갓길)중형화물차추돌사고처리중",127.6434,35.8097
2024-10-25 02:00,고속도로,기점,"(4차로,갓길)승용차화재사고처리중",126.892,37.416
2024-10-25 03:00,고속도로,종점,"(2차로,갓길)중형화물차추돌사고처리중",127.6434,35.8097
2024-10-25 03:00,고속도로,기점,"(4차로,갓길)승용차화재사고처리중",126.892,37.416
2024-10-25 04:00,고속도로,기점,(갓길)중형화물차사고처리중,126.8211,35.9887
2024-10-25 06:00,고속도로,기점,(갓길)화물고장차처리중,126.8052,37.4493
2024-10-25 06:00,고속도로,기점,"(2차로,갓길)승용차사고처리중",128.1555,36.3703
2024-10-25 08:00,고속도로,종점,(1차로)승용차관련사고처리중,128.4947,35.9001
2024-10-25 09:00,고속도로,기점,(갓길)화물차관련사고처리중,128.0969,36.1337
2024-10-25 12:00,고속도로,종점,"(1,2,3차로)사고처리중",127.1408,37.0286
2024-10-25 13:00,고속도로,종점,(1차로)승용차관련사고처리중,128.1852,36.5047
2024-10-25 14:00,고속도로,기점,(2차로)대형화물차사고처리중,128.0527,36.4165
2024-10-25 14:00,고속도로,기점,"(1,2차로)사고처리중",126.8732,37.1818
2024-10-25 14:00,고속도로,기점,(5차로)승용차관련사고처리중,127.1707,37.5669
2024-10-25 15:00,고속도로,기점,(4차로)승용차관련사고처리중,126.7383,37.4191
2024-10-25 15:00,고속도로,종점,(3차로)승용차관련사고처리중,127.1036,37.3002
2024-10-25 15:00,고속도로,기점,(1차로)승용차단독사고처리중,127.9816,35.0613
2024-10-25 16:00,고속도로,종점,(2차로)화물차관련사고처리중,127.3269,37.3373
2024-10-25 16:00,고속도로,기점,(1차로)승용차관련사고처리중,127.4213,36.953
2024-10-25 16:00,고속도로,기점,(광장부)화물차단독사고처리중,128.0912,35.1169
2024-10-25 16:00,고속도로,종점,"(3,4차로)승용차관련사고처리중",127.1036,37.3002
2024-10-25 18:00,고속도로,종점,(1차로)사고처리중,127.2666,36.2051
2024-10-25 18:00,고속도로,종점,(1차로)승용차관련사고처리중,127.4764,36.9075
2024-10-25 18:00,고속도로,종점,"양주요금소(57.5K)(하이패스1,2차로)승용차전복사고처리중  송추 양주요금소6km정체",126.918,37.6794
2024-10-25 19:00,고속도로,기점,"(1,2차로)승용차사고처리중",127.9014,37.3663
2024-10-25 19:00,고속도로,기점,(1차로)승용차관련사고처리중,126.9457,35.6861
2024-10-25 19:00,고속도로,종점,(1차로)승용차관련사고처리중,128.4651,35.789
2024-10-25 19:00,고속도로,종점,(갓길)승용차관련사고처리중,127.3205,37.3536
2024-10-25 19:00,고속도로,종점,"양주요금소(57.5K)(하이패스1,2차로)승용차전복사고처리중  호원 양주요금소14km정체",126.918,37.6794
2024-10-25 19:00,고속도로,종점,(1차로)승용차관련사고처리중,128.5446,35.2387
2024-10-25 19:00,고속도로,종점,"(2,3,4차로)사고처리중",126.9256,37.3751
2024-10-25 19:00,고속도로,종점,(광장부)승용차관련사고처리중,126.8635,37.356
2024-10-25 20:00,고속도로,종점,"(4차로,갓길)승용차관련사고처리중",128.7363,35.8745
2024-10-25 20:00,고속도로,종점,"양주요금소(57.5K)(하이패스1,2차로)승용차전복사고처리중  송추 양주요금소8km정체",126.918,37.6794
2024-10-25 20:00,고속도로,종점,(5차로)승용차관련사고처리중,126.8951,37.4246
2024-10-25 21:00,고속도로,기점,(갓길)대형화물차단독사고처리중,127.7229,34.9884
2024-10-25 21:00,고속도로,종점,"양주요금소(57.5K)(하이패스1,2차로)승용차사고처리중  3km정체",126.918,37.6794
2024-10-25 22:00,고속도로,종점,(갓길)대형화물차고장처리중,126.8687,36.5949
2024-10-25 22:00,고속도로,종점,"양주요금소(57.5K)(하이패스1,2차로)승용차사고처리중  3km정체",126.918,37.6794
2024-10-25 22:00,고속도로,기점,"(2차로,갓길)대형화물차단독사고처리중",127.7229,34.9884
2024-10-25 22:00,고속도로,종점,"(2차로,갓길)승용차화물차추돌사고처리중",127.2163,36.4878
2024-10-25 23:00,고속도로,종점,"(2차로,갓길)승용차화물차추돌사고처리중",127.2163,36.4878
2024-10-25 23:00,고속도로,기점,"(2차로,갓길)대형화물차단독사고처리중",127.7229,34.9884
2024-10-25 23:00,고속도로,종점,(갓길)대형화물차고장처리중,126.8687,36.5949
2024-10-25 23:00,고속도로,종점,"(2,3차로)화물차관련사고처리중",127.8532,36.254
2024-10-26 00:00,고속도로,종점,"(2,3차로)화물차관련사고처리중",127.8532,36.254
2024-10-26 00:00,고속도로,종점,(갓길)승용차관련사고처리중,127.1003,37.3992
2024-10-26 00:00,고속도로,기점,"(2차로,갓길)대형화물차단독사고처리중",127.7229,34.9884
2024-10-26 04:00,고속도로,종점,"(1,2차로)화물차관련사고처리중",126.6331,37.4458
2024-10-26 05:00,고속도로,종점,"(1,2차로)화물차관련사고처리중",126.6331,37.4458
2024-10-26 05:00,고속도로,기점,(1차로)소형화물차사고처리중,128.0026,37.2782
2024-10-26 06:00,고속도로,기점,"(2,3차로)승용차사고처리중",127.1003,37.3992
2024-10-26 10:00,고속도로,기점,(1차로)사고처리중,127.3071,37.4063
2024-10-26 10:00,고속도로,종점,"(2차로,갓길)승용차화재사고처리중",128.1081,35.7094
2024-10-26 10:00,고속도로,기점,(1차로)승용차사고처리중,127.5909,37.2301
2024-10-26 10:00,고속도로,종점,(2차로)추돌사고처리중,127.1397,37.033
2024-10-26 11:00,고속도로,종점,(1차로)승용차관련사고처리중,127.7312,37.0484
2024-10-26 11:00,고속도로,종점,(갓길)사고처리중,126.7993,37.4547
2024-10-26 12:00,고속도로,종점,(1차로)승용차관련사고처리중,126.8385,36.9506
2024-10-26 12:00,고속도로,종점,(1차로)승용차관련사고처리중,128.9806,35.2353
2024-10-26 12:00,고속도로,종점,(1차로)승용차관련사고처리중,126.8869,37.4079
2024-10-26 12:00,고속도로,종점,(1차로)버스사고처리중,127.1385,37.0374
2024-10-26 12:00,고속도로,기점,(3차로)승용차관련사고처리중,126.8882,37.0728
2024-10-26 12:00,고속도로,기점,"(1,2차로)승용차관련사고처리중",128.1448,36.6454
2024-10-26 12:00,고속도로,종점,"(1,2차로)버스단독사고처리중",128.3979,35.2879
2024-10-26 12:00,고속도로,기점,(갓길)승용차화재사고처리중,127.3948,36.4104
2024-10-26 13:00,고속도로,종점,"(3,4차로)승용차사고처리중",127.1252,37.4704
2024-10-26 13:00,고속도로,기점,(갓길)승용차화재사고처리중,127.3948,36.4104
2024-10-26 13:00,고속도로,종점,"(1,2차로)버스단독사고처리중",128.3979,35.2879
2024-10-26 13:00,고속도로,종점,(진출로갓길)승용차단독사고처리중,128.5812,36.2858
2024-10-26 13:00,고속도로,종점,(갓길)대형버스관련사고처리중,127.3194,36.7244
2024-10-26 13:00,고속도로,종점,(1차로)승용차관련사고처리중,126.7969,36.943
2024-10-26 14:00,고속도로,종점,(1차로)화물차사고처리중,128.8909,36.0212
2024-10-26 14:00,고속도로,종점,(1차로)승용차관련사고처리완료,129.0777,35.4477
2024-10-26 14:00,고속도로,종점,(하이패스차로)승용차단독사고처리중,127.5823,37.306
2024-10-26 14:00,고속도로,기점,(1차로)승용차사고처리중,127.1224,37.4169
2024-10-26 14:00,고속도로,종점,(갓길)승용차관련사고처리중,128.3683,37.561
2024-10-26 14:00,고속도로,종점,(1차로)승용차관련사고처리중,128.0806,37.766
2024-10-26 14:00,고속도로,종점,(1차로)승용차관련사고처리완료,129.0375,35.3322
2024-10-26 15:00,고속도로,종점,(1차로)승용차관련사고처리중,127.4917,36.8264
2024-10-26 15:00,고속도로,종점,(1차로)승용차관련사고처리중,128.5522,35.2914
2024-10-26 15:00,고속도로,기점,(2차로)화물차관련사고처리중,128.4573,35.7217
2024-10-26 15:00,고속도로,기점,(1차로)승합차관련사고처리중,128.6068,35.2862
2024-10-26 15:00,고속도로,종점,"(1차로,갓길)사고처리중",126.8385,35.8289
2024-10-26 15:00,고속도로,기점,(2차로)승용차관련사고처리중,127.2564,36.7346
2024-10-26 16:00,고속도로,종점,(3차로)화물차관련사고처리중,126.9588,37.0411
2024-10-26 16:00,고속도로,기점,(1차로)승용차관련사고처리중,126.8675,36.9648
2024-10-26 16:00,고속도로,기점,(1차로)승용차관련사고처리중,127.6005,37.7289
2024-10-26 16:00,고속도로,종점,(갓길)승용차관련사고처리중,127.3729,36.9749
2024-10-26 16:00,고속도로,종점,(2차로)승용차사고처리중,127.4164,36.4572
2024-10-26 16:00,고속도로,종점,(3차로)승용차관련사고처리중,126.6886,37.5235
2024-10-26 16:00,고속도로,종점,(갓길)사고처리중,126.8385,35.8289
2024-10-26 17:00,고속도로,종점,(3차로)화물차관련사고처리중,127.8193,37.3007
2024-10-26 17:00,고속도로,종점,(1차로)승용차관련사고처리중,128.0506,36.7473
2024-10-26 18:00,고속도로,종점,(갓길)승용차관련사고처리중,128.2744,35.2382
2024-10-26 18:00,고속도로,종점,(5차로)화물차관련사고처리중,127.0849,37.2919
2024-10-26 18:00,고속도로,기점,(진입로)승용차관련사고처리중,127.1581,37.5819
2024-10-26 19:00,고속도로,종점,(1차로)숭용차버스관련사고처리중,127.188,36.948
2024-10-26 19:00,고속도로,종점,(갓길)승용차관련추돌사고처리중,126.9269,35.1834
2024-10-26 19:00,고속도로,기점,(갓길)(진입로)승용차관련사고처리중,127.1581,37.5819
2024-10-26 19:00,고속도로,기점,"(1,2차로)사고처리중",126.9995,35.7542
2024-10-26 19:00,고속도로,기점,(1차로)승용차관련사고처리중,127.464,36.9418
2024-10-26 19:00,고속도로,종점,(4차로)승용차관련사고처리중,126.7022,37.5236
2024-10-26 20:00,고속도로,기점,"(4차로,갓길)승용차관련사고처리중",126.7712,37.5242
2024-10-26 20:00,고속도로,종점,(갓길)화물차관련사고처리중,127.0119,36.417
2024-10-26 21:00,고속도로,종점,(갓길)화물차관련사고처리중,127.0119,36.417
2024-10-26 22:00,고속도로,종점,(갓길)사고처리중,127.1028,36.0404
2024-10-27 00:00,고속도로,기점,(1차로)사고처리중,126.4986,34.9149
2024-10-27 04:00,고속도로,종점,(입구부)사고처리중,127.1352,37.0643
2024-10-27 05:00,고속도로,기점,(5차로)사고처리중,126.7179,37.4339
2024-10-27 05:00,고속도로,종점,"(1차로,갓길)대형화물차사고처리중",127.4039,35.2844
2024-10-27 06:00,고속도로,종점,(1차로)승용차사고처리중,127.4678,36.3133
2024-10-27 10:00,고속도로,종점,(1차로)승용차사고처리중,127.1752,37.5162
2024-10-27 12:00,고속도로,기점,(1차로)승용차관련사고처리중,126.8696,37.4322
2024-10-27 13:00,고속도로,기점,(1차로)승용차관련사고처리중,128.1371,37.7885
2024-10-27 13:00,고속도로,기점,(갓길)승용차관련사고처리중,128.1029,37.4527
2024-10-27 14:00,고속도로,기점,(갓길)승용차관련사고처리중,129.0438,35.3447
2024-10-27 15:00,고속도로,종점,(1차로)승용차관려사고처리중,128.4504,35.7805
2024-10-27 15:00,고속도로,기점,(1차로)승용차관련사고처리중,128.5791,36.3852
2024-10-27 16:00,고속도로,종점,(갓길)추돌사고처리중,127.0843,37.1508
2024-10-27 16:00,고속도로,종점,(6차로)승용차관련사고처리중,126.8678,37.3653
2024-10-27 16:00,고속도로,종점,(1차로)승용차사고처리중,127.4515,36.363
2024-10-27 16:00,고속도로,기점,(갓길)승용차관련사고처리중,129.2832,35.4748
2024-10-27 16:00,고속도로,종점,(2차로)승용차사고처리중,127.4188,36.435
2024-10-27 17:00,고속도로,종점,(1차로)승용차관련사고처리중,127.1226,37.4384
2024-10-27 18:00,고속도로,기점,(갓길)승용차단독사고처리중,129.2832,35.4748
2024-10-27 19:00,고속도로,기점,(갓길)추돌사고처리중,127.4909,35.7723
2024-10-27 19:00,고속도로,종점,(갓길)승용차추돌사고처리중,126.6256,36.8555
2024-10-27 19:00,고속도로,기점,(1차로)승용차관련사고처리중,128.1516,37.793
2024-10-27 19:00,고속도로,기점,"(1,2차로)승용차버스추돌사고처리중",127.2266,36.7456
2024-10-27 19:00,고속도로,기점,(갓길)승용차단독사고처리중,129.2832,35.4748
2024-10-27 20:00,고속도로,기점,(갓길)승용차단독사고처리중,129.2832,35.4748
2024-10-27 20:00,고속도로,기점,(1차로)승용차관련사고처리중,128.476,35.7637
2024-10-27 20:00,고속도로,기점,(진입로1차로)승용차관련사고처리중,128.5907,35.9111
2024-10-27 20:00,고속도로,기점,"(1,2차로)버스관련사고처리중",127.2266,36.7456
2024-10-27 21:00,고속도로,종점,(갓길)승용차단독사고처리중,127.4422,35.7725
2024-10-27 21:00,고속도로,기점,(갓길)승용차관련사고처리중,126.8932,37.3104
2024-10-27 21:00,고속도로,기점,(3차로)승용차관련사고처리중,126.8714,37.3413
2024-10-27 21:00,고속도로,기점,"(2,3차로)승용차추돌사고처리중",127.2376,36.7443
2024-10-27 22:00,고속도로,기점,(갓길)승용차단독사고처리중,126.7676,36.6976
2024-10-27 22:00,고속도로,종점,(1차로)승용차관련사고처리중,127.74,37.0431
2024-10-27 23:00,고속도로,기점,(갓길)화물차관련사고처리중,126.98,37.0266
2024-10-28 00:00,고속도로,기점,(진출로갓길)서전주(영)국도측램프구간2대관련사고처리중,127.0341,35.8277
2024-10-28 00:00,고속도로,종점,"(3,4차로)승용차관련사고처리중",128.5253,35.8927
2024-10-28 01:00,고속도로,종점,"(1,3차로)승용차사고처리중",127.1782,36.7735
2024-10-30 02:00,고속도로,종점,(갓길)승용차단독사고처리중,127.4767,36.9156
2024-10-30 05:00,고속도로,종점,"(4,5차로)화물차사고처리중",127.1731,36.7864
2024-10-30 07:00,고속도로,기점,(1차로)사고처리중,126.7461,37.4936
2024-10-30 07:00,고속도로,기점,(2차로)승용차사고처리중,127.0013,36.4077
2024-10-30 07:00,고속도로,기점,"고양분기점(64K)(3,4차로)승용차화재사고처리중  3km정체",126.8644,37.6682
2024-10-30 08:00,고속도로,종점,(1차로)승용차관련사고처리중,127.3308,37.251
2024-10-30 08:00,고속도로,기점,(2차로)승용차사고처리중,127.0013,36.4077
2024-10-30 08:00,고속도로,기점,(2차로)사고처리중,126.7179,37.4339
2024-10-30 08:00,고속도로,종점,(1차로)화물차단독사고처리중,129.2328,35.5663
2024-10-30 09:00,고속도로,종점,"(1,2차로)화물차단독사고처리중",129.2328,35.5663
2024-10-30 09:00,고속도로,기점,(1차로)승용차관련사고처리중,129.0486,35.2888
2024-10-30 10:00,고속도로,기점,(갓길)사고처리완료,127.1479,37.6063
2024-10-30 10:00,고속도로,종점,(1차로)사고처리중,126.8323,37.4402
2024-10-30 11:00,고속도로,기점,(5차로)사고처리중,126.7547,37.47
2024-10-30 11:00,고속도로,기점,(갓길)화물차관련사고처리중,126.9507,37.0443
2024-10-30 11:00,고속도로,종점,(1차로)버스사고처리중,127.0677,37.4324
2024-10-30 11:00,고속도로,종점,(갓길)버스사고처리중,127.0684,37.4317
2024-10-30 12:00,고속도로,기점,(1차로)사고처리중,126.8849,37.3164
2024-10-30 12:00,고속도로,종점,(갓길)버스사고처리중,127.0677,37.4324
2024-10-30 12:00,고속도로,기점,"(4차로,갓길)대형화물차사고처리중",127.4284,36.5731
2024-10-30 13:00,고속도로,기점,"(4,5차로,갓길)대형화물차사고처리중",127.4284,36.5731
2024-10-30 13:00,고속도로,종점,"(3,4차로)승용차관련사고처리중",126.7503,37.5176
2024-10-30 14:00,고속도로,종점,(1차로)승용차관련사고처리중,126.9023,37.2941
2024-10-30 14:00,고속도로,기점,(진입로갓길)승용차관련사고처리중,126.9213,37.0487
2024-10-30 16:00,고속도로,기점,(2차로)중형화물차관련추돌사고처리중,127.9703,36.8094
2024-10-30 16:00,고속도로,종점,(1차로)승용차관련추돌사고처리중,127.4788,36.7544
2024-10-30 16:00,고속도로,기점,(1차로)승용차관련사고처리중,126.5444,35.275
2024-10-30 17:00,고속도로,기점,(1차로)사고처리중,127.4744,36.2526
2024-10-30 17:00,고속도로,종점,(갓길)승용차관련추돌사고처리중,126.5368,35.2653
2024-10-30 17:00,고속도로,종점,(1차로)승용차관련사고처리중,127.0314,37.3935
2024-10-30 17:00,고속도로,기점,(갓길)버스관련사고처리중,127.4466,35.2128
2024-10-30 18:00,고속도로,기점,(갓길)버스관련사고처리중,127.4466,35.2128
2024-10-30 21:00,고속도로,기점,(갓길)승용차관련사고처리중,126.8917,37.4588
2024-10-30 23:00,고속도로,종점,(2차로)화물차관련사고처리중,127.4269,36.6961
2024-10-30 23:00,고속도로,종점,승용차관련사고처리중전면차단중(지곡IC이용바람),127.6947,35.6523
2024-10-31 00:00,고속도로,종점,(1차로)승용차관련사고처리중,127.6947,35.6523
2024-10-31 00:00,고속도로,종점,(2차로)화물차관련사고처리중,127.4269,36.6961
2024-10-31 01:00,고속도로,기점,(진입로갓길)단독사고처리중,127.0958,37.2126
2024-10-31 01:00,고속도로,종점,(2차로)화물차관련사고처리중,127.4269,36.6961
2024-10-31 05:00,고속도로,기점,"(1,2차로)화물차관련사고처리중",128.2007,36.4674
2024-10-31 05:00,고속도로,종점,(2차로)화물차관련사고처리중,126.6101,36.1581
2024-10-31 07:00,고속도로,기점,(1차로)승용차관련사고처리중,128.7983,35.2208
2024-10-31 08:00,고속도로,종점,(갓길)승용차단독사고처리중,127.2038,37.5899
2024-10-31 08:00,고속도로,기점,(갓길)승용차관련사고처리중,128.7983,35.2208
2024-10-31 08:00,고속도로,기점,(1차로)승용차관련사고처리중,129.1938,35.497
2024-10-31 10:00,고속도로,기점,(갓길)승용차관련사고처리중,127.4735,36.2656
2024-10-31 10:00,고속도로,기점,(3차로)승용차관련사고처리중,129.2262,35.2816
2024-10-31 11:00,고속도로,종점,(갓길)승용차관련사고처리중,126.7631,37.4321
2024-10-31 11:00,고속도로,종점,(1차로)소형화물차관련사고처리중,126.5929,36.8336
2024-10-31 12:00,고속도로,종점,(1차로)트레일러단독사고처리중,127.3208,34.8271
2024-10-31 13:00,고속도로,종점,(1차로)트레일러단독사고처리중,127.3208,34.8271
2024-10-31 14:00,고속도로,종점,(1차로)승용차관련사고처리중,126.8714,37.2157
2024-10-31 15:00,고속도로,기점,(2차로)화물차관련사고처리중,128.3835,35.7435
2024-10-31 15:00,고속도로,종점,(갓길)승용차관련사고처리중,127.3148,35.4851
2024-10-31 15:00,고속도로,기점,(4차로)승용차관련사고처리중,127.4174,37.2521
2024-10-31 16:00,고속도로,종점,(1차로)승용차관련사고처리중,127.9703,36.8094
2024-10-31 16:00,고속도로,기점,(1차로)승용차관련사고처리중,127.2001,37.0009
2024-10-31 16:00,고속도로,종점,(1차로)승용차단독사고처리중,126.9738,35.2227
2024-10-31 16:00,고속도로,종점,(2차로)사고처리중,127.1645,36.1534
2024-10-31 16:00,고속도로,종점,(1차로)승용차관련사고처리중,128.0925,36.7268
2024-10-31 16:00,고속도로,종점,(갓길)승용차단독사고처리중,127.0338,35.2464
2024-10-31 17:00,고속도로,종점,(1차로)승용차단독사고처리중,126.9738,35.2227
2024-10-31 17:00,고속도로,종점,(진출로3차로)승용차관련사고처리중,127.1003,37.3992
2024-10-31 19:00,고속도로,종점,(1차로)승용차관련사고처리중,127.7157,37.0997
2024-10-31 20:00,고속도로,종점,(2차로)승용차관련사고처리중,127.1509,37.003
2024-10-31 20:00,고속도로,종점,(1차로)버스관련사고처리중,127.0846,37.1421
2024-10-31 20:00,고속도로,기점,(갓길)승용차고나련사고처리중,126.9191,37.0487
2024-10-31 21:00,고속도로,종점,(갓길)버스관련사고처리중,127.0846,37.1421
2024-10-31 22:00,고속도로,종점,(2차로)화물차관련사고처리중,128.0419,35.7074
2024-11-01 00:00,고속도로,종점,(5차로)승용차관련사고처리중,127.1572,36.9866
2024-11-01 05:00,고속도로,종점,(1차로)화물차관련사고처리중,126.9977,37.3155
2024-11-01 07:00,고속도로,기점,"(2,3차로,갓길)소형화물차화재사고처리중",128.8192,35.2235
2024-11-01 07:00,고속도로,종점,(3차로)승용차단독사고처리중,128.8074,35.1978
2024-11-01 08:00,고속도로,종점,(3차로)승용차단독사고처리중,128.8074,35.1978
2024-11-01 08:00,고속도로,종점,(갓길)승용차단독사고처리중,127.6316,34.9656
2024-11-01 08:00,고속도로,종점,(진출로갓길)승용차단독사고처리중,128.9489,35.1565
2024-11-01 08:00,고속도로,기점,(갓길)소형화물차사고처리중,128.8192,35.2235
2024-11-01 08:00,고속도로,종점,(갓길)승용차단독사고처리중,127.6609,34.969
2024-11-01 08:00,고속도로,기점,(진출로갓길)승용차단독사고처리중,129.2832,35.4748
2024-11-01 09:00,고속도로,종점,(갓길)사고처리중,126.866,37.361
2024-11-01 10:00,고속도로,종점,(진출로)화물차사고처리중,128.3596,35.7537
2024-11-01 10:00,고속도로,종점,(2차로)승용차관련사고처리중,128.0085,36.7474
2024-11-01 11:00,고속도로,종점,(진출로)화물차사고처리중,128.3596,35.7537
2024-11-01 12:00,고속도로,종점,(갓길)승용차단독사고처리중,128.8163,35.2222
2024-11-01 12:00,고속도로,종점,(진출로)화물차사고처리중,128.3596,35.7537
2024-11-01 13:00,고속도로,종점,(1차로)승용차관련사고처리중,127.7791,37.7717
2024-11-01 13:00,고속도로,종점,(2차로)화물차관련사고처리중,128.9941,35.5195
2024-11-01 13:00,고속도로,종점,(3차로)승용차사고처리중,126.8105,37.5218
2024-11-01 14:00,고속도로,기점,(갓길)승용차단독사고처리중,127.4423,37.1319
2024-11-01 14:00,고속도로,종점,(하이패스차로)승용차단독사고처리중,128.8981,35.3054
2024-11-01 14:00,고속도로,종점,(2차로)화물차관련사고처리중,128.9941,35.5195
2024-11-01 14:00,고속도로,기점,(진출로1차로)승용차사고처리중,128.3729,36.07
2024-11-01 16:00,고속도로,기점,(갓길)승용차단독사고처리중,128.5126,35.4616
2024-11-01 16:00,고속도로,종점,(갓길)승용차관련사고처리중,127.3308,37.251
2024-11-01 16:00,고속도로,기점,(진출로갓길)승용차단독사고처리중,127.9669,35.0569
2024-11-01 17:00,고속도로,기점,(1차로)승용차관련사고처리중,128.5221,36.0369
2024-11-01 17:00,고속도로,종점,(갓길)화물차사고처리중,128.1852,35.6963
2024-11-01 17:00,고속도로,기점,"(4차로,갓길)승용차관련사고처리중",128.6688,35.2717
2024-11-01 17:00,고속도로,기점,(1차로)승용차사고처리중,128.7775,37.9302
2024-11-01 18:00,고속도로,기점,(1차로)승용차관련사고처리중,128.4285,36.0095
2024-11-01 18:00,고속도로,종점,(1차로)사고처리중,126.7779,37.5987
2024-11-01 19:00,고속도로,기점,(2차로)승용차관련사고처리중,129.0438,35.3447
2024-11-01 19:00,고속도로,종점,"(4,5차로)버스관련사고처리중",127.1037,37.2912
2024-11-01 19:00,고속도로,종점,(1차로)승용차관련사고처리중,128.4712,35.7993
2024-11-01 19:00,고속도로,종점,(1차로)승용차관련사고처리중,128.1465,36.5547
2024-11-01 20:00,고속도로,기점,(진입로갓길)승용차단독사고처리중,129.0283,35.3272
2024-11-01 20:00,고속도로,종점,(1차로)승용차관련사고처리중,127.2202,37.5247
2024-11-01 20:00,고속도로,기점,(5차로)사고처리중,126.7515,37.4772
2024-11-01 20:00,고속도로,종점,(1차로)버스관련사고처리중,126.7753,37.4585
2024-11-01 21:00,고속도로,기점,(갓길)승용차관련사고처리중,126.8648,36.9627
2024-11-01 21:00,고속도로,기점,(갓길)승용차관련사고처리중,129.1289,35.564
2024-11-01 21:00,고속도로,종점,(갓길)승용차단독사고처리중,126.6667,34.7013
2024-11-01 21:00,고속도로,기점,(갓길)승용차단독사고처리중,128.7935,35.221
2024-11-01 22:00,고속도로,종점,(갓길)승용차단독사고처리중,126.6667,34.7013
2024-11-01 22:00,고속도로,종점,(2차로)화물차사고처리중,128.3458,35.7997
2024-11-02 00:00,고속도로,종점,"(2차로,갓길)화물차단독사고처리중",128.0508,35.7072
2024-11-02 00:00,고속도로,종점,(2차로)승용차단독사고처리중,127.2567,35.1425
2024-11-02 00:00,고속도로,종점,(1차로)승용챠사고처리중,126.7889,35.3031
2024-11-02 01:00,고속도로,기점,(1차로)승용차단독사고처리중,128.9743,35.209
2024-11-02 02:00,고속도로,기점,(갓길)승용차단도독사고처리중,128.8558,35.1785
2024-11-02 04:00,고속도로,종점,(갓길)승용차단독사고처리중,128.1417,35.1671
2024-11-02 07:00,고속도로,기점,(진출로1차로)승용차사고처리중,128.5799,35.9089
2024-11-02 08:00,고속도로,기점,(1차로)승용차관련사고처리중,128.6268,35.279
2024-11-02 08:00,고속도로,기점,(갓길)화물차사고처리중,128.9743,37.6847
2024-11-02 08:00,고속도로,기점,(4차로)승용차단독사고처리중,128.3673,36.07
2024-11-02 08:00,고속도로,기점,(2차로)화물차관련사고처리중,128.9414,37.6898
2024-11-02 09:00,고속도로,종점,(5차로)승용차관련사고처리중,127.1003,37.3992
2024-11-02 09:00,고속도로,종점,(갓길)승용차단독사고처리중,127.3715,36.666
2024-11-02 09:00,고속도로,종점,(진출로갓길)승용차단독사고처리중,127.4809,36.3346
2024-11-02 09:00,고속도로,기점,(2차로)화물차관련사고처리중,128.9414,37.6898
2024-11-02 09:00,고속도로,기점,(갓길)화물차사고처리중,128.9743,37.6847
2024-11-02 09:00,고속도로,기점,(2차로)사고처리중,127.6644,35.6771
2024-11-02 10:00,고속도로,기점,(1차로)버스관련사고처리중,128.1016,35.1464
2024-11-02 10:00,고속도로,기점,(2차로)사고처리중,127.6644,35.6771
2024-11-02 10:00,고속도로,종점,(2차로)승용차관련사고처리중,127.3257,36.7227
2024-11-02 10:00,고속도로,종점,(3차로)승용차관련사고처리중,126.9658,37.0367
2024-11-02 11:00,고속도로,종점,"(2,3차로)승용차관련사고처리중",126.9658,37.0367
2024-11-02 11:00,고속도로,기점,(1차로)승용차관련사고처리중,127.3345,36.3787
2024-11-02 11:00,고속도로,기점,(갓길)승용차관련사고처리중,127.1518,37.603
2024-11-02 11:00,고속도로,기점,(2차로)사고처리중,127.6644,35.6771
2024-11-02 11:00,고속도로,기점,(갓길)버스관련사고처리중,128.1016,35.1464
2024-11-02 11:00,고속도로,종점,(1차로)승용차관련사고처리중,127.4216,36.6532
2024-11-02 12:00,고속도로,종점,(1차로)사고처리중,126.839,35.8316
2024-11-02 12:00,고속도로,종점,(1차로)승용차관련사고처리중,127.4407,37.1712
2024-11-02 12:00,고속도로,기점,(2차로)사고처리중,127.6644,35.6771
2024-11-02 12:00,고속도로,종점,(1차로)승용차관련사고처리중,128.5632,35.2905
2024-11-02 12:00,고속도로,기점,(갓길)승용차관련사고처리중,127.399,36.4092
2024-11-02 13:00,고속도로,기점,(3차로)추돌사고처리중,126.8761,37.3374
2024-11-02 13:00,고속도로,기점,(갓길)승용차사고처리중,127.5094,37.6766
2024-11-02 13:00,고속도로,종점,(1차로)승용차관련사고처리중,128.0707,37.2365
2024-11-02 14:00,고속도로,종점,(1차로)승용차관련사고처리중,128.4465,35.6169
2024-11-02 14:00,고속도로,기점,(갓길)승용차사고처리중,128.5808,36.2787
2024-11-02 14:00,고속도로,기점,(갓길)승용차사고처리중,127.5094,37.6766
2024-11-02 14:00,고속도로,기점,(1차로)승용차관련사고처리중,127.6061,37.7296
2024-11-02 14:00,고속도로,기점,(갓길)화물차관련사고처리중,126.8562,36.9586
2024-11-02 15:00,고속도로,기점,(2차로)승용차관련사고처리중,128.9969,35.2704
2024-11-02 15:00,고속도로,기점,(1차로)승용차관련사고처리중,128.7601,37.6645
2024-11-02 15:00,고속도로,기점,(1차로)승용차관련사고처리중,128.2209,36.3139
2024-11-02 15:00,고속도로,종점,(1차로)승용차관련사고처리중,128.4465,35.6169
2024-11-02 15:00,고속도로,기점,(갓길)사고처리중,126.6795,35.4834
2024-11-02 15:00,고속도로,종점,(1차로)승용차관련사고처리중,128.542,35.2887
2024-11-02 16:00,고속도로,기점,"(1,2,3차로)승합차관련사고처리중",127.2078,36.765
2024-11-02 16:00,고속도로,종점,(1차로)승용차관련사고처리중,128.4465,35.6169
2024-11-02 16:00,고속도로,종점,(1차로)승용차관련사고처리중,127.1224,37.4169
2024-11-02 17:00,고속도로,기점,(2차로)승용차관련사고처리중,126.7314,37.4332
2024-11-02 17:00,고속도로,기점,(갓길)승합차사고처리중,127.5816,36.9641
2024-11-02 17:00,고속도로,기점,(1차로)승용차관련사고처리중,128.0868,36.7334
2024-11-02 17:00,고속도로,종점,(1차로)승용차관련추돌사고처리중,126.9441,35.2104
2024-11-02 19:00,고속도로,종점,(1차로)승용차관련사고처리중,126.7469,37.4998
2024-11-02 19:00,고속도로,종점,(1차로)버스관련사고처리중,127.1036,37.3092
2024-11-02 19:00,고속도로,종점,(갓길)승용차관련사고처리중,128.7731,37.6905
2024-11-02 19:00,고속도로,기점,"(4차로,갓길)화물차관련사고처리중",128.3614,36.0932
2024-11-03 05:00,고속도로,종점,(갓길)사고처리중,126.88,37.1374
2024-11-03 11:00,고속도로,기점,(갓길)승용차관련사고처리중,127.7042,37.2526
2024-11-03 12:00,고속도로,종점,(1차로)승용차관련사고처리중,128.1852,36.5047
2024-11-03 13:00,고속도로,기점,(갓길)승용차사고처리중,127.4081,36.9596
2024-11-03 13:00,고속도로,종점,(1차로)승용차사고처리중,127.4201,36.6489
2024-11-03 14:00,고속도로,기점,(갓길)승용차사고처리중,128.1348,37.7885
2024-11-03 14:00,고속도로,종점,(1차로)승용차관련사고처리중,128.0551,36.7475
2024-11-03 14:00,고속도로,종점,(1차로)승용차관련사고처리중,128.1349,36.6614
2024-11-03 14:00,고속도로,종점,(진출로)승용차관련사고처리중,126.8064,37.3506
2024-11-03 15:00,고속도로,기점,(2차로)승용차관련사고처리중,128.0971,35.1384
2024-11-03 15:00,고속도로,기점,(1차로)승용차관련사고처리중,129.2074,35.218
2024-11-03 15:00,고속도로,기점,(1차로)사고처리중,126.8666,37.3404
2024-11-03 15:00,고속도로,종점,(갓길)승용차단도사고처리중,129.1341,35.5646
2024-11-03 15:00,고속도로,기점,"(1,2차로)승용차단독사고처리중",128.4573,35.7217
2024-11-03 16:00,고속도로,종점,(1차로)승용차사고처리중,127.4663,36.3496
2024-11-03 16:00,고속도로,기점,(2차로)사고처리중,127.1014,35.9278
2024-11-03 16:00,고속도로,기점,(갓길)승용차관련사고처리중,127.8443,37.3239
2024-11-03 16:00,고속도로,기점,(2차로)승용차단독사고처리중,128.4573,35.7217
2024-11-03 16:00,고속도로,기점,(1차로)승용차관련사고처리중,127.644,36.4741
2024-11-03 16:00,고속도로,기점,(갓길)승용차사고처리중,127.6022,37.2343
2024-11-03 16:00,고속도로,기점,(1차로)승용차관련사고처리중,129.2074,35.218
2024-11-03 17:00,고속도로,기점,(1차로)승용차관련사고처리중,128.0861,36.7342
2024-11-03 17:00,고속도로,기점,(갓길)사고처리중,127.0413,37.305
2024-11-03 18:00,고속도로,기점,(2차로)승용차사고처리중,127.4144,36.4047
2024-11-03 18:00,고속도로,기점,"(1,2차로)사고처리중",127.3061,35.6408
2024-11-03 19:00,고속도로,기점,(2차로)사고처리중,127.3011,35.6628
2024-11-03 19:00,고속도로,기점,(1차로)사고처리중,127.3061,35.6408
2024-11-03 20:00,고속도로,기점,(2차로)사고처리중,127.3011,35.6628
2024-11-03 20:00,고속도로,종점,(3차로)승용차관련사고처리중,128.443,35.2722
2024-11-03 20:00,고속도로,기점,(1차로)사고처리중,127.3061,35.6408
2024-11-03 21:00,고속도로,기점,(1차로)사고처리중,127.3061,35.6408
2024-11-03 21:00,고속도로,기점,(갓길)버스화재사고처리중,129.0077,35.9139
2024-11-03 21:00,고속도로,기점,(2차로)사고처리중,127.3011,35.6628
2024-11-03 23:00,고속도로,종점,(1차로)승용차관련추돌사고처리중,127.7272,37.0567
2024-11-03 23:00,고속도로,종점,(갓길)승용차사고처리중,126.8666,37.3693
2024-11-04 03:00,고속도로,기점,"고양분기점(63K)(3,4차로)승용차관련사고처리중",126.8644,37.6682
2024-11-04 07:00,고속도로,기점,(진입로1차로)화물차단독사고처리중,127.0958,37.2126
2024-11-04 07:00,고속도로,종점,(진입로1차로)화물차단독사고처리중,127.0958,37.2126
2024-11-04 07:00,고속도로,종점,(갓길)승용차관련사고처리중,127.1167,37.0329
2024-11-04 07:00,고속도로,종점,(1차로)승용차관련사고처리중,127.1006,37.2216
2024-11-04 08:00,고속도로,기점,(진입로1차로)화물차관련사고처리중(목포방향진입불가),126.7832,36.938
2024-11-04 10:00,고속도로,종점,(진입로2차로)화물차단독사고처리중,127.4472,37.5218
2024-11-04 11:00,고속도로,종점,(진입로2차로)화물차단독사고처리중,127.4472,37.5218
2024-11-04 11:00,고속도로,기점,(1차로)승용차관련사고처리중,127.612,37.1993
2024-11-04 12:00,고속도로,종점,(진입로2차로)화물차단독사고처리중,127.4472,37.5218
2024-11-04 13:00,고속도로,종점,(1차로)승용차관련사고처리중,126.8932,37.3104
2024-11-04 13:00,고속도로,종점,(진입로2차로)화물차단독사고처리중,127.4472,37.5218
2024-11-04 13:00,고속도로,종점,(1차로)승용차관련사고처리중,126.8698,37.3396
2024-11-04 14:00,고속도로,종점,(1차로)승용차관련사고처리중,126.8605,37.344
2024-11-04 14:00,고속도로,종점,(1차로)승용차사고처리중,126.6081,36.8443
2024-11-04 14:00,고속도로,종점,(1차로)대형화물차사고처리중,127.3955,35.4299
2024-11-04 14:00,고속도로,종점,(1차로)승용차관련사고처리중,126.8932,37.3104
2024-11-04 15:00,고속도로,종점,(광장부)사고처리중,127.1038,37.2642
2024-11-04 15:00,고속도로,기점,(갓길)승용차단독사고처리중,128.8287,35.1757
2024-11-04 15:00,고속도로,종점,(2차로)사고처리중,126.7224,37.4337
2024-11-04 15:00,고속도로,종점,(1차로)대형화물차사고처리중,127.3955,35.4299
2024-11-04 16:00,고속도로,기점,(3차로)사고처리중,127.0404,37.3055
2024-11-04 16:00,고속도로,종점,(1차로)대형화물차사고처리중,127.3955,35.4299
2024-11-04 16:00,고속도로,종점,(광장부)사고처리중,127.1038,37.2642
2024-11-04 17:00,고속도로,종점,(1차로)승용차관련사고처리중,127.769,37.7843
2024-11-04 17:00,고속도로,종점,(3차로)사고처리중,126.7147,37.5237
2024-11-04 18:00,고속도로,종점,수락산터널(40K)(4차로)승합차관련사고처리중,127.1205,37.6545
2024-11-04 18:00,고속도로,종점,"(2,3차로)소형화물차관련사고처리중",127.6089,35.7299
2024-11-04 19:00,고속도로,기점,(5차로)화물차관련사고처리중,127.0729,37.2944
2024-11-04 19:00,고속도로,종점,"(1,2차로)사고처리중",126.8896,37.054
2024-11-04 19:00,고속도로,종점,(3차로)승용차관련사고처리중,127.1994,37.5871
2024-11-04 19:00,고속도로,종점,"(2,3차로)소형화물차관련사고처리중",127.6089,35.7299
2024-11-04 19:00,고속도로,종점,수락산터널(40K)(4차로)승합차관련사고처리중  7km정체,127.1205,37.6545
2024-11-04 20:00,고속도로,기점,(4차로)사고처리중,126.8069,37.4319
2024-11-04 20:00,고속도로,종점,(2차로)사고처리중,126.8896,37.054
2024-11-04 21:00,고속도로,종점,(2차로)사고처리중,126.8896,37.054
2024-11-05 00:00,고속도로,기점,(갓길)대형화물차단독사고처리중,128.0813,36.7391
2024-11-05 00:00,고속도로,기점,(갓길)화물차단독사고처리중,127.9758,35.2539
2024-11-05 01:00,고속도로,기점,"(2차로,갓길)화물차단독사고처리중",127.9758,35.2539
2024-11-05 02:00,고속도로,기점,"(2차로,갓길)화물차단독사고처리중",127.9758,35.2539
2024-11-05 03:00,고속도로,기점,"(2차로,갓길)화물차단독사고처리중",127.9758,35.2539
2024-11-05 04:00,고속도로,기점,"(2차로,갓길)화물차단독사고처리중",127.9758,35.2539
2024-11-05 05:00,고속도로,종점,(3차로)화물차사고처리중,127.3804,36.634
2024-11-05 06:00,고속도로,종점,(진출로1차로)화물차관련사고처리중,127.1484,37.5104
2024-11-05 06:00,고속도로,기점,(진출로1차로)승용차관련사고처리중,126.7066,37.4337
2024-11-05 06:00,고속도로,종점,"(3차로,갓길)화물차관련사고처리중",126.9236,37.0487
2024-11-05 07:00,고속도로,종점,"(3차로,갓길)화물차관련사고처리중",126.9236,37.0487
2024-11-05 07:00,고속도로,종점,"사패산터널(46.9K)(1,2차로)화물차관련사고처리중  의정부 사패산터널4km정체",127.0424,37.7052
2024-11-05 07:00,고속도로,종점,(진출로2차로)화물차관련사고처리중,127.1484,37.5104
2024-11-05 08:00,고속도로,종점,(갓길)영업소측중차로진입로사고처리중,127.1896,35.8438
2024-11-05 08:00,고속도로,종점,"(3차로,갓길)화물차관련사고처리중",126.9236,37.0487
2024-11-05 08:00,고속도로,종점,(진출로2차로)화물차관련사고처리중,127.1484,37.5104
2024-11-05 09:00,고속도로,기점,(1차로)사고처리중,127.2001,37.0009
2024-11-05 10:00,고속도로,기점,"(2차로,갓길)사고처리중",127.6471,35.8284
2024-11-05 11:00,고속도로,종점,(갓길)사고처리중,127.0727,37.4275
2024-11-05 11:00,고속도로,기점,(진출로갓길)사고확인중,127.0846,37.1421
2024-11-05 11:00,고속도로,기점,(5차로)사고처리중,126.8694,37.0055
2024-11-05 11:00,고속도로,기점,(1차로)승용차관련사고처리중,127.1643,37.5743
2024-11-05 12:00,고속도로,종점,(2차로)사고처리중,127.1276,37.081
2024-11-05 13:00,고속도로,기점,(4차로)사고처리중,126.812,37.4421
2024-11-05 13:00,고속도로,종점,(2차로)승용차관련추돌사고처리중,127.4977,34.9919
2024-11-05 13:00,고속도로,종점,(2차로)승용차사고처리중,129.0113,37.6679
2024-11-05 13:00,고속도로,종점,(갓길)승용차관련사고처리중,128.5839,36.3372
2024-11-05 14:00,고속도로,기점,(2차로)승용차관련사고처리중,127.1033,37.3633
2024-11-05 15:00,고속도로,기점,(3차로)화물차사고처리중,126.7787,37.4583
2024-11-05 16:00,고속도로,기점,(갓길)화물차사고처리중,126.7832,37.458
2024-11-05 16:00,고속도로,종점,"(4,5차로)화물차관련사고처리중",127.1429,37.0207
2024-11-05 18:00,고속도로,종점,(1차로)승용차단독사고처리중,127.3207,35.5528
2024-11-05 19:00,고속도로,종점,(갓길)화물차관련사고처리중,128.6171,35.2831
2024-11-05 19:00,고속도로,종점,(진입로갓길)승용차관련사고처리중,127.0025,37.3131
2024-11-05 20:00,고속도로,종점,(2차로)대형화물차관련사고처리중,127.4714,36.9476
2024-11-05 20:00,고속도로,기점,"(3,4차로)승용차관련사고처리중",127.1056,37.4076
2024-11-05 21:00,고속도로,종점,(2차로)대형화물차관련사고처리중,127.4714,36.9476
2024-11-05 21:00,고속도로,종점,"(4,5차로)추돌사고처리중",127.1034,37.3408
2024-11-06 00:00,고속도로,기점,(갓길)소형화물차사고처리중,127.1893,36.8852
2024-11-06 01:00,고속도로,종점,"(4차로,갓길)승용차관련사고처리중",128.9056,35.2249
2024-11-06 02:00,고속도로,기점,(5차로)승용차단독사고처리중,126.8503,37.3475
2024-11-06 03:00,고속도로,기점,"(2차로,갓길)화물차관련사고처리중",127.3587,37.3052
2024-11-06 06:00,고속도로,기점,(갓길)화물차관련사고처리중,126.7503,37.5176
2024-11-06 06:00,고속도로,기점,(갓길)승용차관련사고처리중,126.8961,37.4291
2024-11-06 07:00,고속도로,종점,(5차로)사고처리중,127.0948,37.2898
2024-11-06 08:00,국도,성남방향,터널내 화물차 단독 화재사고,127.274744,37.386518
2024-11-06 09:00,국도,성남방향,터널내 화물차 단독 화재사고,127.274744,37.386518
2024-11-06 09:00,고속도로,기점,"(진출로2차로,갓길)승용차관련사고처리중",127.1938,37.5323
2024-11-06 10:00,고속도로,종점,(진입로3차로)화물차관련사고처리중,129.2814,35.48
2024-11-06 10:00,국도,성남방향,터널내 화물차 단독 화재사고,127.274744,37.386518
2024-11-06 11:00,고속도로,기점,"(2,3차로)승용차사고처리중",127.4622,36.3527
2024-11-06 11:00,고속도로,종점,(1차로)승용차관련사고처리중,127.3308,37.3329
2024-11-06 11:00,고속도로,기점,(갓길)사고처리중,126.6566,35.4233
2024-11-06 11:00,국도,성남방향,터널내 화물차 단독 화재사고,127.274744,37.386518
2024-11-06 12:00,고속도로,기점,"(1,2차로)사고처리중",127.2078,37.5314
2024-11-06 12:00,고속도로,기점,(갓길)사고처리중,126.6566,35.4233
2024-11-06 12:00,국도,성남방향,터널내 화물차 단독 화재사고,127.274744,37.386518
2024-11-06 13:00,국도,성남방향,터널내 화물차 단독 화재사고,127.274744,37.386518
2024-11-06 14:00,국도,성남방향,터널내 화물차 단독 화재사고,127.274744,37.386518
2024-11-06 14:00,고속도로,종점,"(1차로,갓길)승용차관련사고처리중",127.2495,37.4668
2024-11-06 14:00,고속도로,종점,(2차로)승용차사고처리중,128.727,35.9551
2024-11-06 15:00,국도,성남방향,터널내 화물차 단독 화재사고,127.274744,37.386518
2024-11-06 15:00,고속도로,종점,(1차로)승용차관련사고처리중,126.5929,36.8336
2024-11-06 15:00,고속도로,기점,(갓길)화물차관련사고처리중,127.3555,37.3089
2024-11-06 15:00,고속도로,기점,(화물하이패스차로)화물차사고처리중,126.7429,37.524
2024-11-06 16:00,고속도로,종점,"(1,2차로)승용차관련사고처리중",126.8773,37.4033
2024-11-06 16:00,고속도로,종점,(갓길)화물차관련사고처리중,129.0593,35.4057
2024-11-06 16:00,고속도로,기점,(화물하이패스차로)화물차사고처리중,126.7429,37.524
2024-11-06 16:00,국도,성남방향,터널내 화물차 단독 화재사고,127.274744,37.386518
2024-11-06 17:00,국도,성남방향,터널내 화물차 단독 화재사고,127.274744,37.386518
2024-11-06 17:00,고속도로,종점,(1차로)승용차관련사고처리중,126.7727,35.1581
2024-11-06 18:00,고속도로,종점,(1차로)승용차관련사고처리중,126.499,34.9095
2024-11-06 18:00,고속도로,기점,(1차로)승용차관련사고처리중,128.5254,36.0333
2024-11-06 18:00,고속도로,종점,(갓길)사고처리중,127.3172,37.3719
2024-11-06 18:00,고속도로,종점,"(4차로,갓길)승용차관련사고처리중",128.1039,35.1484
2024-11-06 18:00,국도,성남방향,터널내 화물차 단독 화재사고,127.274744,37.386518
2024-11-06 19:00,고속도로,기점,"(2,3,5차로)화물차관련사고처리중",127.0893,37.2907
2024-11-06 19:00,국도,성남방향,터널내 화물차 단독 화재사고,127.274744,37.386518
2024-11-06 20:00,국도,성남방향,터널내 화물차 단독 화재사고,127.274744,37.386518
2024-11-06 21:00,국도,성남방향,터널내 화물차 단독 화재사고,127.274744,37.386518
2024-11-06 22:00,국도,성남방향,터널내 화물차 단독 화재사고,127.274744,37.386518
2024-11-06 23:00,국도,성남방향,터널내 화물차 단독 화재사고,127.274744,37.386518
2024-11-07 00:00,국도,성남방향,터널내 화물차 단독 화재사고,127.274744,37.386518
2024-11-07 01:00,국도,성남방향,터널내 화물차 단독 화재사고,127.274744,37.386518
2024-11-07 02:00,국도,성남방향,터널내 화물차 단독 화재사고,127.274744,37.386518
2024-11-07 03:00,국도,성남방향,터널내 화물차 단독 화재사고,127.274744,37.386518
2024-11-07 04:00,국도,성남방향,터널내 화물차 단독 화재사고,127.274744,37.386518
2024-11-07 04:00,고속도로,종점,(갓길)화물차사고처리중,128.7744,37.7075
2024-11-07 05:00,고속도로,종점,(갓길)화물차사고처리중,128.7744,37.7075
2024-11-07 05:00,국도,성남방향,터널내 화물차 단독 화재사고,127.274744,37.386518
2024-11-07 06:00,국도,성남방향,터널내 화물차 단독 화재사고,127.274744,37.386518
2024-11-07 07:00,고속도로,기점,"(1차로,갓길)승용차관련사고처리중",129.1478,35.5117
2024-11-07 07:00,고속도로,종점,(갓길)화물차관련사고처리중,126.8052,37.3508
2024-11-07 07:00,국도,성남방향,터널내 화물차 단독 화재사고,127.274744,37.386518
2024-11-07 08:00,국도,성남방향,터널내 화물차 단독 화재사고,127.274744,37.386518
2024-11-07 08:00,고속도로,기점,(2차로)화물차단독사고처리중,128.0736,35.1062
2024-11-07 09:00,고속도로,기점,(갓길)화물차단독사고처리중,128.0736,35.1062
2024-11-07 09:00,국도,성남방향,터널내 화물차 단독 화재사고,127.274744,37.386518
2024-11-07 09:00,고속도로,종점,(2차로)승용차관련사고처리중,126.8005,37.6196
2024-11-07 10:00,고속도로,기점,(갓길)대형화물차단독화재사고처리중,127.6067,36.4886
2024-11-07 10:00,고속도로,종점,(1차로)승용차사고처리중,128.5287,36.0297
2024-11-07 10:00,국도,성남방향,터널내 화물차 단독 화재사고,127.274744,37.386518
2024-11-07 11:00,국도,성남방향,터널내 화물차 단독 화재사고,127.274744,37.386518
2024-11-07 11:00,고속도로,기점,(4차로)화물차관련사고처리중,126.9015,37.0511
2024-11-07 11:00,고속도로,기점,(갓길)승용차관련사고처리중,126.8698,37.3396
2024-11-07 11:00,고속도로,종점,(1차로)승용차관련사고처리중,127.1255,37.4623
2024-11-07 11:00,국도,청송방향,승용차 2대 관련 2중추돌사고,129.318482,36.042568
2024-11-07 12:00,고속도로,종점,(1차로)승용차관련사고처리중,127.9067,37.3574
2024-11-07 12:00,국도,성남방향,터널내 화물차 단독 화재사고,127.274744,37.386518
2024-11-07 12:00,고속도로,종점,(갓길)사고처리중,127.107,36.0626
2024-11-07 13:00,국도,성남방향,터널내 화물차 단독 화재사고,127.274744,37.386518
2024-11-07 14:00,고속도로,기점,(갓길)화물차관련사고처리중,127.4277,36.5776
2024-11-07 14:00,고속도로,기점,(갓길)화물차관련사고처리중,128.5456,35.8964
2024-11-07 14:00,국도,성남방향,터널내 화물차 단독 화재사고,127.274744,37.386518
2024-11-07 15:00,국도,성남방향,터널내 화물차 단독 화재사고,127.274744,37.386518
2024-11-07 15:00,고속도로,종점,(1차로)사고처리중,127.3169,37.3714
2024-11-07 15:00,고속도로,종점,(2차로)사고처리중,127.1576,36.9858
2024-11-07 15:00,고속도로,기점,(1차로)승용차관련사고처리중,126.995,37.3857
2024-11-07 16:00,고속도로,기점,(1차로)승용차관련추돌사고처리중,127.2228,35.2263
2024-11-07 16:00,국도,성남방향,터널내 화물차 단독 화재사고,127.274744,37.386518
2024-11-07 17:00,고속도로,기점,(갓길)승용차관련사고처리중,126.9244,37.375
2024-11-07 17:00,고속도로,종점,(진출로1차로)요금소단독사고처리중,127.9079,35.0431
2024-11-07 17:00,국도,성남방향,터널내 화물차 단독 화재사고,127.274744,37.386518
2024-11-07 18:00,국도,성남방향,터널내 화물차 단독 화재사고,127.274744,37.386518
2024-11-07 18:00,고속도로,종점,"(5,6차로)화물차관련사고처리중",126.7499,37.5399
2024-11-07 18:00,고속도로,기점,(1차로)승용차관련사고처리중,128.9827,35.2618
2024-11-07 18:00,고속도로,종점,(1차로)승용차관련사고처리중,128.4718,35.7757
2024-11-07 19:00,고속도로,종점,(갓길)승용차관련추돌사고처리중,127.3025,35.0334
2024-11-07 19:00,고속도로,종점,(갓길)추돌사고처리중,126.752,37.5319
2024-11-07 19:00,고속도로,종점,(1차로)승용차2대추돌사고처리중,127.2924,35.6708
2024-11-07 19:00,국도,성남방향,터널내 화물차 단독 화재사고,127.274744,37.386518
2024-11-07 20:00,국도,성남방향,터널내 화물차 단독 화재사고,127.274744,37.386518
2024-11-07 20:00,고속도로,기점,(갓길)승용차관련사고처리중,127.8497,35.5766
2024-11-07 21:00,고속도로,종점,"(1,2차로)버스관련사고처리중",127.0798,37.4205
2024-11-07 21:00,국도,성남방향,터널내 화물차 단독 화재사고,127.274744,37.386518
2024-11-07 22:00,국도,성남방향,터널내 화물차 단독 화재사고,127.274744,37.386518
2024-11-07 23:00,고속도로,기점,(갓길)화물차화재사고처리중,128.6473,35.9341
2024-11-07 23:00,국도,성남방향,터널내 화물차 단독 화재사고,127.274744,37.386518
2024-11-08 00:00,고속도로,기점,(갓길)승용차관련사고처리중,126.8043,37.6314
2024-11-08 00:00,국도,성남방향,터널내 화물차 단독 화재사고,127.274744,37.386518
2024-11-08 00:00,고속도로,종점,(진출로3차로)버스관련사고처리중,127.0939,37.4065
2024-11-08 01:00,고속도로,기점,(2차로)화물차관련사고처리중,127.5815,37.297
2024-11-08 03:00,고속도로,기점,"(3,4차로)화물차관련사고처리중",126.7865,37.4577
2024-11-08 04:00,고속도로,기점,"(3,4차로)화물차관련사고처리중",126.7865,37.4577
2024-11-08 04:00,고속도로,종점,(1차로)대형화물차단독사고처리중,127.0993,35.3639
2024-11-08 05:00,고속도로,기점,"(3,4차로)화물차관련사고처리중",126.7865,37.4577
2024-11-08 05:00,고속도로,종점,(1차로)대형화물차단독사고처리중,127.0993,35.3639
2024-11-08 06:00,고속도로,기점,(1차로)승용차사고처리중,127.44,37.1631
2024-11-08 06:00,고속도로,종점,(2차로)화물차관련사고처리중,127.4214,37.249
2024-11-08 07:00,고속도로,종점,(2차로)화물차관련사고처리중,127.4214,37.249
2024-11-08 08:00,고속도로,기점,(갓길)승용차관련사고처리중,128.4422,35.7094
2024-11-08 08:00,고속도로,종점,(진입로1차로)승용차관련사고처리중,127.7939,37.7517
2024-11-08 08:00,고속도로,기점,(2차로)승용차사고처리중,127.8522,37.6869
2024-11-08 10:00,고속도로,종점,(갓길)승용차관련사고처리중,127.0656,37.4346
2024-11-08 10:00,고속도로,종점,(3차로)승용차관련사고처리중,126.7044,37.4336
2024-11-08 11:00,고속도로,종점,(통영대전선통영방향진출로)승용차관련사고처리중,127.5997,35.7216
2024-11-08 11:00,고속도로,종점,(1차로)승용차관련사고처리중,128.2255,36.2981
2024-11-08 11:00,고속도로,종점,(1차로)대형화물차관련사고처리중,127.4455,37.1059
2024-11-08 14:00,고속도로,종점,(1차로)승용차관련사고처리중,126.8268,36.9454
2024-11-08 14:00,고속도로,종점,(2차로)승용차관련사고처리중,127.1576,36.9858
2024-11-08 14:00,고속도로,기점,(1차로)승용차사고처리중,127.8008,37.7214
2024-11-08 15:00,고속도로,종점,(1차로)승용차사고처리중,127.4246,36.6755
2024-11-08 15:00,고속도로,기점,(1차로)승용차관련사고처리중,128.9822,35.2663
2024-11-08 16:00,고속도로,종점,(1차로)승용차관련추돌사고처리중,127.2846,35.049
2024-11-08 16:00,고속도로,종점,"(2,3차로)1톤화물차단독사고처리중",128.8298,35.1755
2024-11-08 17:00,고속도로,기점,(갓길)승용차관련사고처리중,126.7656,37.5242
2024-11-08 18:00,고속도로,기점,(진출로갓길)승용차관련사고처리중,126.9993,37.3868
2024-11-08 18:00,고속도로,기점,(1차로)버스관련사고처리중,127.0882,37.1592
2024-11-08 19:00,고속도로,기점,"(1,2차로)승용차추돌사고처리중",127.3411,36.391
2024-11-08 19:00,고속도로,종점,(1차로)승용차추돌사고처리중,126.7832,36.938
2024-11-08 19:00,고속도로,기점,(진출로갓길)승용차관련사고처리중,126.9993,37.3868
2024-11-08 19:00,고속도로,종점,(3차로)승용차관련사고처리중,126.7998,37.6189
2024-11-08 20:00,고속도로,기점,(갓길)사고처리중,126.6957,35.6046
2024-11-08 20:00,고속도로,기점,(1차로)승용차관련서고처리중,128.9842,35.2438
2024-11-08 20:00,고속도로,기점,(1차로)승용차관련사고처리중,128.5794,36.3861
2024-11-08 21:00,고속도로,종점,(2차로)승용차관련사고처리중,127.0958,37.2126
2024-11-08 21:00,고속도로,종점,(1차로)승용차관련사고처리중,128.2011,36.4719
2024-11-08 21:00,고속도로,종점,(2차로)승용차관련사고처리중,126.887,37.3283
2024-11-08 21:00,고속도로,기점,(1차로)승용차관련사고처리중,127.7213,37.0832
2024-11-08 22:00,고속도로,종점,"(1,2차로)승용차관련사고처리중",127.1925,37.5235
2024-11-09 00:00,고속도로,기점,"(3,4차로)화물차관련사고처리중",127.0738,37.3951
2024-11-09 01:00,고속도로,기점,(하이패스차로)사고처리중,126.7686,37.5935
2024-11-09 01:00,고속도로,기점,"(3,4차로)화물차관련사고처리중",127.0738,37.3951
2024-11-09 02:00,고속도로,기점,"(3,4차로)화물차관련사고처리중",127.0738,37.3951
2024-11-09 08:00,고속도로,종점,(갓길)승용차관련사고처리중,127.0219,37.0262
2024-11-09 09:00,고속도로,기점,(1차로)버스추돌사고처리중,127.0939,37.1941
2024-11-09 09:00,고속도로,종점,(3차로)승용차관련사고처리중,126.8797,37.4282
2024-11-09 09:00,고속도로,기점,(1차로)승용차사고처리중,127.4845,37.4366
2024-11-09 10:00,고속도로,종점,(1차로)승용차사고처리중,127.4497,37.0923
2024-11-09 10:00,고속도로,종점,(4차로)승용차관련사고처리중,126.7529,37.4758
2024-11-09 10:00,고속도로,종점,(1차로)승용차관련시고처리중,128.55,35.2914
2024-11-09 10:00,고속도로,종점,(1차로)승용차관련사고처리중,129.0545,35.3863
2024-11-09 10:00,고속도로,종점,(갓길)승용차단독사고처리중,128.4507,35.6127
2024-11-09 11:00,고속도로,종점,(1차로)승용차관련사고처리중,128.0618,36.7471
2024-11-09 11:00,고속도로,종점,(1차로)승용차관련사고처리중,126.8901,37.4127
2024-11-09 12:00,고속도로,종점,(3차로)사고처리중,126.9507,37.3277
2024-11-09 12:00,고속도로,기점,(4차로)승용차관련사고처리중,126.7113,37.5237
2024-11-09 12:00,고속도로,기점,(1차로)승용차관련사고처리중,128.453,35.6108
2024-11-09 12:00,고속도로,종점,(1차로)버스관련사고처리중,127.1509,37.003
2024-11-09 12:00,고속도로,종점,(1차로)승용차단독사고처리중,127.2572,35.0931
2024-11-09 14:00,고속도로,종점,(갓길)화재처리중,128.543,38.0132
2024-11-09 14:00,고속도로,종점,(갓길)승용차관련사고처리중,127.65,37.1443
2024-11-09 14:00,고속도로,기점,"(2,3,4차로)추돌사고처리중",127.1541,37.513
2024-11-09 15:00,고속도로,종점,(1차로)승용차관련사고처리중,127.7213,37.0832
2024-11-09 15:00,고속도로,기점,(1차로)승용차관련사고처리중,128.5234,36.0355
2024-11-09 15:00,고속도로,종점,(1차로)승용차사고처리중,126.7339,36.9066
2024-11-09 15:00,고속도로,기점,(갓길)승용차관련사고처리중,129.0024,35.2709
2024-11-09 16:00,고속도로,기점,"(2차로,갓길)승용차관련사고처리중",128.5528,36.6865
2024-11-09 18:00,고속도로,기점,"(3,4차로)추돌사고처리중",126.7547,37.47
2024-11-09 18:00,고속도로,기점,(1차로)승용차관련사고처리중,128.536,36.0813
2024-11-09 18:00,고속도로,종점,(4차로)승용차추돌사고처리중,127.1813,36.9563
2024-11-09 19:00,고속도로,종점,(2차로)단독사고처리중,127.275,36.227
2024-11-09 19:00,고속도로,기점,(1차로)승용차관련사고처리중,128.9831,35.2707
2024-11-09 21:00,고속도로,기점,(갓길)승용차관련사고처리중,126.7993,37.5216
2024-11-09 22:00,고속도로,종점,(갓길)승용차관련사고처리중,126.7866,37.6043
2024-11-10 00:00,고속도로,기점,(갓길)승용차단독사고처리중,128.2219,36.1593
2024-11-10 07:00,고속도로,종점,(2차로)승합차단독사고처리중,128.3513,36.3806
2024-11-10 10:00,고속도로,기점,(1차로)승용차사고처리중,127.348,37.6343
2024-11-10 10:00,고속도로,기점,(갓길)승용차단독사고처리중,129.2825,35.4568
2024-11-10 10:00,고속도로,기점,(진입로갓길)승용차단독사고처리중,127.1499,35.2593
2024-11-10 11:00,고속도로,기점,"(2,3차로)승용차단독사고처리중",128.4285,36.0095
2024-11-10 11:00,고속도로,종점,(갓길)승용차단독사고처리중,128.3601,36.0789
2024-11-10 12:00,고속도로,종점,(5차로)사고처리중,127.0921,37.1677
2024-11-10 12:00,고속도로,기점,(1차로)승용차관련사고처리중,128.068,37.4466
2024-11-10 12:00,고속도로,기점,(1차로)승용차사고처리중,127.6262,37.7352
2024-11-10 13:00,고속도로,종점,"(1차로,갓길)승용차사고처리중",127.9187,37.7483
2024-11-10 13:00,고속도로,종점,(1차로)승용차사고처리중,127.7691,36.4546
2024-11-10 14:00,고속도로,종점,(1차로)승용차관련사고처리중,127.9851,36.7781
2024-11-10 14:00,고속도로,종점,(3차로)사고처리중,127.1034,37.3453
2024-11-10 14:00,고속도로,종점,(갓길)승용차관련사고처리중,127.1431,37.0198
2024-11-10 14:00,고속도로,종점,(4차로)승용차관련사고처리중,127.0921,37.1677
2024-11-10 15:00,고속도로,기점,(1차로)승용차관련사고처리중,128.1325,37.7884
2024-11-10 15:00,고속도로,종점,(갓길)승용차사고처리중,127.9064,37.3583
2024-11-10 15:00,고속도로,기점,(2차로)화물차관련사고처리중,128.3876,37.9605
2024-11-10 16:00,고속도로,기점,(2차로)화물차관련사고처리중,128.3876,37.9605
2024-11-10 16:00,고속도로,종점,(1차로)승용차관련사고처리중,127.4457,37.1005
2024-11-10 16:00,고속도로,종점,(2차로)승용차사고처리중,127.0298,35.2482
2024-11-10 16:00,고속도로,종점,(1차로)승합차관련사고처리중,128.6877,38.0296
2024-11-10 16:00,고속도로,종점,"(1,2차로)사고처리중",126.8773,37.4033
2024-11-10 16:00,고속도로,기점,(진출로1차로)승용차단독사고처리  ,129.2818,35.4791
2024-11-10 17:00,고속도로,종점,(갓길)승용차사고처리중,127.5813,37.2354
2024-11-10 18:00,고속도로,기점,(4차로)사고처리중,126.8316,37.525
2024-11-10 18:00,고속도로,기점,(4차로)사고처리중,126.8105,37.5218
2024-11-10 18:00,고속도로,기점,(2차로)승용차관련사고처리중,128.6179,36.4623
2024-11-10 18:00,고속도로,종점,(2차로)승용차화물차추돌사고처리중,127.3851,36.6219
2024-11-10 18:00,고속도로,종점,"(1차로,갓길)승용차관련사고처리중",127.4877,36.2187
2024-11-10 19:00,고속도로,기점,(1차로)승용차사고처리중,127.5305,36.9472
2024-11-10 19:00,고속도로,종점,(3차로)승용차관련사고처리중,128.5696,35.2403
2024-11-10 19:00,고속도로,종점,(갓길)승용차추돌사고처리중,127.7869,36.2804
2024-11-10 19:00,고속도로,기점,(1차로)승용차단독사고처리중,129.1066,35.279
2024-11-10 19:00,국도,서울방향,국도6호선 양평 용문터널(서울방향) 차량화재사고로 1차로 통제중,127.568131,37.484231
2024-11-10 20:00,고속도로,종점,"(1,2차로)승용차관련사고처리중",126.7816,37.6007
2024-11-10 20:00,고속도로,종점,(갓길)사고처리중,126.7866,37.6043
2024-11-10 20:00,고속도로,기점,(1차로)승용차사고처리중,127.5305,36.9472
2024-11-10 21:00,고속도로,기점,(1차로)승용차사고처리중,127.5305,36.9472
2024-11-10 22:00,고속도로,기점,(1차로)사고처리중,126.8692,36.9965
2024-11-10 23:00,고속도로,기점,(갓길)사고처리중,126.5526,36.6267
2024-11-11 01:00,고속도로,종점,(1차로)승용차관련사고처리중,127.3571,37.6341
2024-11-11 03:00,고속도로,종점,(진입로갓길)승용차단독사고처리중,129.1066,35.279
2024-11-11 04:00,고속도로,종점,(진입로갓길)승용차단독사고처리중,129.1066,35.279
2024-11-11 05:00,고속도로,기점,(3차로)승용차관련사고처리중,128.7601,37.6645
2024-11-11 06:00,고속도로,종점,(순환선진입로갓길)승용차사고처리중,126.7543,37.5241
2024-11-11 07:00,고속도로,종점,(갓길)승용차관련사고처리중,127.77,37.7781
2024-11-11 08:00,고속도로,종점,(1차로)승용차관련사고처리중,126.9015,37.3221
2024-11-11 09:00,고속도로,종점,(중분대갓길)승용차관련사고처리중,126.887,37.3283
2024-11-11 09:00,고속도로,종점,(3차로)승용차관련사고처리중,128.9697,35.2193
2024-11-11 10:00,고속도로,기점,(1차로)승용차관련사고처리중,126.7779,37.5987
2024-11-11 10:00,고속도로,기점,(갓길)화물차고장처리중,128.6268,35.279
2024-11-11 10:00,고속도로,종점,"(1,2차로)승용차관련사고처리중",127.2413,37.4834
2024-11-11 10:00,고속도로,종점,(3차로)사고처리중,126.9012,37.4237
2024-11-11 11:00,고속도로,종점,(2차로)승용차관련사고처리중,127.4201,36.6047
2024-11-11 11:00,고속도로,기점,(4차로)화물차관련사고처리중,127.1399,37.6227
2024-11-11 11:00,고속도로,종점,(2차로)승용차관련사고처리중,127.1385,37.0374
2024-11-11 11:00,고속도로,종점,(진출로2차로)승용차사고처리중,127.4232,36.5947
2024-11-11 11:00,고속도로,종점,(1차로)승용차관련사고처리중,128.2588,36.2462
2024-11-11 11:00,고속도로,종점,(갓길)사고처리중,126.575,36.5669
2024-11-11 13:00,고속도로,기점,(1차로)승용차관련사고처리중,126.7543,37.4744
2024-11-11 13:00,고속도로,종점,"(1차로,갓길)승용차관련사고처리중",127.1958,37.5292
2024-11-11 13:00,고속도로,기점,"(3,4차로)화물차관련사고처리중",127.1643,37.5743
2024-11-11 13:00,고속도로,기점,"(2차로,갓길)사고처리중",126.8684,35.6043
2024-11-11 14:00,고속도로,종점,(1차로)승용차관련사고처리중,128.2089,36.4431
2024-11-11 14:00,고속도로,기점,(1차로)승용차관련사고처리중,128.3166,37.5508
2024-11-11 15:00,고속도로,기점,(1차로)승용차단독사고처리중,129.2882,35.6866
2024-11-11 15:00,고속도로,종점,(2차로)승용차관련사고처리중,127.053,37.4495
2024-11-11 15:00,고속도로,기점,(1차로)승용차사고처리중,127.5858,37.7241
2024-11-11 15:00,고속도로,기점,(1차로)승용차사고처리중,127.3627,37.634
2024-11-11 16:00,고속도로,종점,(2차로)승용차사고처리중,127.1635,36.9781
2024-11-11 16:00,고속도로,기점,(갓길)화물차사고처리중,128.4809,35.7452
2024-11-11 16:00,고속도로,기점,(진출로갓길)중형화물차사고처리중,126.648,36.8231
2024-11-11 17:00,고속도로,기점,(갓길)승용차사고처리중,127.3202,37.248
2024-11-11 17:00,고속도로,기점,(진출로갓길)중형화물차사고처리중,126.648,36.8231
2024-11-11 18:00,고속도로,종점,(3차로)승용차관련사고처리중,128.4349,35.9753
2024-11-11 18:00,고속도로,기점,(2차로)승용차관련사고처리중,128.1911,36.3734
2024-11-11 18:00,고속도로,기점,(진출로갓길)중형화물차사고처리중,126.648,36.8231
2024-11-11 19:00,고속도로,종점,"(1,2차로)승용차관련사고처리중",127.3172,37.3719
2024-11-11 19:00,고속도로,종점,(진출로)승용차관련사고처리중,128.5196,35.8283
2024-11-11 19:00,고속도로,종점,(진입로)승용차관련사고처리중,128.559,35.2346
2024-11-11 20:00,고속도로,종점,(진출로)승용차관련사고처리중,128.5196,35.8283
2024-11-11 21:00,고속도로,종점,"(2차로,갓길)승용차화재사고처리중",128.835,37.7724
2024-11-11 21:00,고속도로,기점,(2차로)승용차사고처리중,127.5497,37.7095
2024-11-11 21:00,고속도로,종점,(1차로)사고처리중,126.9071,37.3226
2024-11-11 22:00,고속도로,종점,"(2차로,갓길)승용차화재사고처리중",128.835,37.7724
2024-11-11 22:00,고속도로,종점,(진입로갓길)승용차관련사고처리중,128.8951,35.1653
2024-11-12 00:00,고속도로,기점,(2차로)승용차단독사고처리중,127.4625,37.0775
2024-11-12 01:00,고속도로,종점,(1차로)승용차관련사고처리중,128.4527,35.9649
2024-11-12 02:00,고속도로,기점,(갓길)승용차단독사고처리중,129.1845,35.8082
2024-11-12 06:00,고속도로,기점,(3차로)승용차관련사고처리중,128.9715,35.1526
2024-11-12 06:00,고속도로,기점,(3차로)승용차관련사고처리중,128.9704,35.1528
2024-11-12 06:00,고속도로,종점,(5차로)화물차단독사고처리중,128.8754,35.1712
2024-11-12 06:00,고속도로,기점,(1차로)사고처리중,126.7469,37.4998
2024-11-12 06:00,고속도로,기점,(1차로)화물차단독사고처리중,128.9046,35.3044
2024-11-12 06:00,고속도로,종점,"(1,2차로)승용차사고처리중",127.1733,37.5772
2024-11-12 07:00,고속도로,기점,(갓길)승용차관련사고처리중,128.9715,35.1526
2024-11-12 08:00,고속도로,기점,(갓길)승용차관련사고처리중,128.9715,35.1526
2024-11-12 09:00,고속도로,기점,(갓길)추돌사고처리중,127.2595,35.6991
2024-11-12 09:00,고속도로,종점,(2차로)승용차사고처리중,128.6746,35.9169
2024-11-12 10:00,고속도로,기점,(1차로)승용차관련사고처리중,127.1233,37.4349
2024-11-12 10:00,고속도로,기점,"(1차로,갓길)추돌사고처리중",127.1506,36.1398
2024-11-12 11:00,고속도로,종점,(갓길)승용차관련사고처리중,128.5359,36.0228
2024-11-12 11:00,고속도로,기점,(2차로)승용차관련사고처리중,128.759,35.2503
2024-11-12 11:00,고속도로,기점,(1차로)화물차관련사고처리중,128.086,35.7082
2024-11-12 11:00,고속도로,기점,(1차로)승용차단독사고처리중,128.0751,35.7067
2024-11-12 12:00,고속도로,기점,(1차로)승용차관련사고처리중,128.3698,35.757
2024-11-12 12:00,고속도로,기점,(갓길)화물차관련사고처리중,128.086,35.7082
2024-11-12 12:00,고속도로,종점,(2차로)승용차관련사고처리중,128.5513,35.9674
2024-11-12 14:00,고속도로,종점,(1차로)승용차관련사고처리중,127.478,36.9999
2024-11-12 15:00,고속도로,기점,(2차로)사고처리중,126.5553,36.3872
2024-11-12 15:00,고속도로,종점,(2차로)승용차관련사고처리중,127.1605,36.9819
2024-11-12 16:00,고속도로,기점,"(2,3차로)화물차사고처리중",127.4296,36.3754
2024-11-12 16:00,고속도로,기점,(1차로)사고처리중,126.5553,36.3872
2024-11-12 17:00,고속도로,기점,(3차로)화물차사고처리중,127.4296,36.3754
2024-11-12 17:00,고속도로,종점,(1차로)승용차관련추돌사고처리중,126.7067,35.1071
2024-11-12 17:00,고속도로,종점,(1차로)화물차사고처리중,128.3581,36.3837
2024-11-12 17:00,고속도로,종점,(1차로)승용차관련사고처리중,126.9395,37.3287
2024-11-12 18:00,고속도로,종점,(3차로)승용차관련사고처리중,128.1197,37.4711
2024-11-12 18:00,고속도로,종점,(진출로1차로)승용차관련사고처리중,126.89,37.4246
2024-11-12 19:00,고속도로,종점,(진출로1차로)승용차관련사고처리중,126.89,37.4246
2024-11-12 19:00,고속도로,기점,(1차로)화물차사고처리중,126.8384,36.2873
2024-11-13 01:00,고속도로,기점,(1차로)화물차추돌사고처리중,127.6423,35.696
2024-11-13 02:00,고속도로,기점,(1차로)화물차추돌사고처리중,127.6423,35.696
2024-11-13 02:00,고속도로,기점,(진출로1차로)사고처리중,126.8046,37.6359
2024-11-13 05:00,고속도로,종점,(5차로)승용차관련사고처리중,127.0874,37.1576
2024-11-13 07:00,고속도로,종점,(1차로)소형화물차단독사고처리중,126.8261,35.2287
2024-11-13 07:00,고속도로,기점,(2차로)승용차사고처리중,126.7042,36.7634
2024-11-13 07:00,고속도로,기점,(1차로)승용차관련사고처리중,126.8284,37.3479
2024-11-13 08:00,고속도로,기점,(갓길)화물차관련사고처리중,128.3608,36.0727
2024-11-13 08:00,고속도로,종점,"(2차로,갓길)화물차관련사고처리중",127.239,36.9803
2024-11-13 08:00,고속도로,종점,(1차로)소형화물차단독사고처리중,126.8261,35.2287
2024-11-13 09:00,고속도로,종점,"(2차로,갓길)화물차관련사고처리중,정체극심우회바람",127.239,36.9803
2024-11-13 11:00,고속도로,종점,"(2,3차로)버스관련사고처리중",127.1033,37.3723
2024-11-13 11:00,고속도로,기점,(1차로)승용차1대대형화물차1대추돌사고처리중,126.8952,35.1845
2024-11-13 13:00,고속도로,종점,"(1,2,3차로)사고처리중",127.1385,37.0374
2024-11-13 13:00,고속도로,기점,(5차로)승용차사고처리중,126.7549,37.4718
2024-11-13 13:00,고속도로,종점,"(1,2차로)화물차관련사고처리중",128.8729,35.4947
2024-11-13 13:00,고속도로,종점,"(4,5차로)화물차관련사고처리중",126.866,37.361
2024-11-13 14:00,고속도로,기점,(북창원방향진출로1차로)화물차관련사고처리중,128.504,35.2897
2024-11-13 15:00,고속도로,종점,(1차로)승용차관련추돌사고처리중,127.443,37.1292
2024-11-13 16:00,고속도로,기점,(2차로)대형화물차관련사고처리중,127.8114,36.4552
2024-11-13 16:00,고속도로,기점,(갓길)승용차관련사고처리중,129.062,35.3179
2024-11-13 17:00,고속도로,기점,(2차로)대형화물차관련사고처리중,127.8114,36.4552
2024-11-13 21:00,고속도로,기점,(2차로)화물차사고처리중,128.5408,36.8274
2024-11-13 21:00,고속도로,종점,(2차로)승용차단독사고처리중,126.9202,37.3251
2024-11-14 00:00,고속도로,기점,(4차로)사고처리중,126.7656,37.5242
2024-11-14 01:00,고속도로,종점,(3차로)승용차관련사고처리중,126.8317,36.9475
2024-11-14 01:00,고속도로,종점,(2차로)화물차관련사고처리중,127.9419,36.8574
2024-11-14 01:00,고속도로,기점,(4차로)사고처리중,126.7656,37.5242
2024-11-14 02:00,고속도로,종점,(2차로)화물차관련사고처리중,127.9419,36.8574
2024-11-14 05:00,고속도로,기점,(2차로)승용차관련사고처리중,127.7181,37.0918
2024-11-14 06:00,고속도로,기점,(1차로)승용차관련사고처리중,127.8483,36.9614
2024-11-14 07:00,고속도로,종점,(3차로)승용차관련사고처리중,126.815,37.5224
2024-11-14 08:00,고속도로,종점,(갓길)승용차관련사고처리중,126.815,37.5224
2024-11-14 10:00,고속도로,기점,(갓길)승용차사고처리중,127.4027,36.4072
2024-11-14 12:00,고속도로,종점,(갓길)승용차관련사고처리중,128.7881,35.2234
2024-11-14 13:00,고속도로,종점,(1차로)승용차관련단독사고처리중,127.4522,35.1918
2024-11-14 14:00,고속도로,기점,(진출로1차로)승용차관련사고처리중,126.8692,37.3696
2024-11-14 14:00,고속도로,기점,(1차로)승용차관련사고처리중,127.4246,36.6755
2024-11-14 16:00,고속도로,종점,(4차로)승용차관련사고처리중,126.8105,37.5218
2024-11-14 16:00,고속도로,기점,(갓길)승용차관련사고처리중,127.8791,37.7581
2024-11-14 17:00,고속도로,기점,(갓길)화물차관련사고처리중,127.1484,37.5104
2024-11-14 17:00,고속도로,종점,(진출로갓길)승용차관련사고처리중,126.7543,37.5241
2024-11-14 18:00,고속도로,기점,(2차로)승용차관련사고처리중,128.5497,36.0033
2024-11-14 19:00,고속도로,종점,(3차로)승용차관련사고처리중,127.1641,37.5146
2024-11-14 19:00,고속도로,기점,(2차로)추돌사고처리중,126.7381,37.42
2024-11-14 19:00,고속도로,기점,(갓길)화물차관련사고처리중,128.8153,37.8378
2024-11-14 23:00,고속도로,기점,"(1,2,3차로)화물차관련사고처리중 건천,영천나들목국도우회하세요",129.0834,35.8467
2024-11-15 00:00,고속도로,기점,"(1,2,3차로)화물차관련사고처리중 건천나들목국도우회하세요",129.0834,35.8467
2024-11-15 01:00,고속도로,종점,(1차로)사고확인중,126.6953,37.4333
2024-11-15 01:00,고속도로,기점,"(2,3차로)화물차관련사고처리중",129.0834,35.8467
2024-11-15 02:00,고속도로,기점,"(2,3차로)화물차관련사고처리중",129.0834,35.8467
2024-11-15 02:00,고속도로,기점,"(3,4차로)화물차화재사고처리중",128.4593,35.2713
2024-11-15 05:00,고속도로,기점,(갓길)화물차단독사고처리중,128.8382,37.76
2024-11-15 06:00,고속도로,종점,(갓길)출구램프사고처리중,127.5179,36.1055
2024-11-15 06:00,고속도로,기점,(갓길)화물차단독사고처리중,128.8382,37.76
2024-11-15 07:00,고속도로,기점,(진출로갓길)승용사화재사고처리중,127.1421,37.6138
2024-11-15 07:00,고속도로,기점,"(진출로2차로,갓길)사고처리중",127.0846,37.1421
2024-11-15 07:00,고속도로,기점,(5차로)사고처리중,127.1363,37.0517
2024-11-15 07:00,고속도로,기점,(1차로)승용차관련사고처리중,126.7574,37.5834
2024-11-15 07:00,고속도로,종점,(진입로갓길)버스관련국도접속부사고처리중,127.5179,36.1055
2024-11-15 08:00,고속도로,기점,(2차로)화물차관련사고처리중,128.9742,35.2181
2024-11-15 08:00,고속도로,기점,(3차로)추돌사고처리중,126.8678,37.3653
2024-11-15 08:00,고속도로,기점,(진출로1차로)화물차사고처리중,126.7832,36.938
2024-11-15 08:00,고속도로,기점,"(진출로1,2차로)화물차관련사고처리중",126.8886,37.0543
2024-11-15 08:00,고속도로,기점,(2차로)화물차관련사고처리중,126.8866,37.37
2024-11-15 08:00,고속도로,기점,"(진출로2차로,갓길)사고처리중",127.0846,37.1421
2024-11-15 09:00,고속도로,기점,"(진출로2차로,갓길)사고처리중",127.0846,37.1421
2024-11-15 09:00,고속도로,기점,(갓길)승용차관련사고처리중,127.3238,37.345
2024-11-15 09:00,고속도로,기점,(1차로)승용차관련사고처리중,127.399,36.4092
2024-11-15 09:00,고속도로,기점,(진입로갓길)승용차단독사고처리중,128.4345,35.6839
2024-11-15 09:00,고속도로,기점,(갓길)화물차관련사고처리중,127.4707,36.3469
2024-11-15 10:00,고속도로,종점,"(2차로,갓길)화물차단독사고처리중",128.6206,36.5903
2024-11-15 10:00,고속도로,기점,(진입로갓길)승용차고장처리중,128.4345,35.6839
2024-11-15 10:00,고속도로,기점,"(3,4차로)사고처리중",126.8837,37.2521
2024-11-15 11:00,고속도로,기점,(갓길)화물차관련사고처리중,126.8837,37.2521
2024-11-15 12:00,고속도로,종점,(1차로)승용차관련사고처리중,127.5074,36.7962
2024-11-15 13:00,고속도로,종점,(1차로)사고처리중,126.871,37.1997
2024-11-15 14:00,고속도로,종점,(2차로)승용차관련사고처리중,127.9841,36.7728
2024-11-15 14:00,고속도로,종점,(1차로)승용차관련사고처리중,127.4836,36.7593
2024-11-15 14:00,고속도로,종점,(1차로)승용차관련사고처리중,128.0938,36.7253
2024-11-15 15:00,고속도로,종점,(진입로갓길)승용차관련추돌사고처리중,126.8755,35.1893
2024-11-15 15:00,고속도로,기점,(1차로)화물차관련사고처리중,127.441,37.1748
2024-11-15 15:00,고속도로,기점,(3차로)승용차단독사고처리중,128.8192,35.2235
2024-11-15 15:00,고속도로,기점,(2차로)승용치관련사고처리중,127.1679,37.0242
2024-11-15 15:00,고속도로,기점,(1차로)승용차관련사고처리중,127.9864,36.4421
2024-11-15 15:00,고속도로,종점,"(1,2차로)승용차관련사고처리중",128.1684,37.797
2024-11-15 16:00,고속도로,기점,(2차로)승용차관련사고처리중,128.395,36.0697
2024-11-15 17:00,고속도로,기점,(1차로)승용차관련사고처리중,126.7529,37.4758
2024-11-15 17:00,고속도로,기점,(1차로)승용차관련사고처리중,128.824,35.966
2024-11-15 17:00,고속도로,종점,"(3,4차로)버스관련사고처리중",127.1891,36.9023
2024-11-15 17:00,고속도로,종점,(2차로)승용차관련추돌사고처리중,126.5196,35.2514
2024-11-15 17:00,고속도로,기점,"(1,2차로)승용차관련사고처리중",126.8722,37.1907
2024-11-15 18:00,고속도로,기점,(1차로)승용차관련사고처리중,129.2067,35.2163
2024-11-15 18:00,고속도로,종점,(1차로)화물차관련사고처리중,128.6451,35.9167
2024-11-15 18:00,고속도로,기점,(진입로갓길)승용차관련추돌사고처리중,126.8379,35.2043
2024-11-15 19:00,고속도로,기점,(1차로)승용차관련사고처리중,128.1112,36.6992
2024-11-15 19:00,고속도로,종점,(1차로)승용차관련추돌사고처리중,127.1021,35.2606
2024-11-15 19:00,고속도로,종점,(진출로1차로)사고처리중,127.0939,37.4065
2024-11-15 19:00,고속도로,기점,(1차로)승용차관련사고처리중,128.4654,35.5762
2024-11-15 20:00,고속도로,종점,(2차로)승용차관련사고처리중,127.1576,36.9858
2024-11-15 20:00,고속도로,기점,(갓길)승용차관련추돌사고처리중,127.2635,35.0816
2024-11-15 21:00,고속도로,기점,(갓길)승용차관련추돌사고처리중,127.2626,35.0842
2024-11-15 21:00,고속도로,종점,(갓길)1톤화물차단독사고처리중,128.6789,35.2753
2024-11-15 22:00,고속도로,기점,(1차로)사고처리중,126.7489,37.4821
2024-11-15 22:00,고속도로,기점,(갓길)승용차화재사고처리중,127.4758,36.8939
2024-11-16 07:00,고속도로,기점,(갓길)승용차관련사고처리중,127.4135,37.2554
2024-11-16 08:00,고속도로,종점,(2차로)승용차사고처리중,127.1626,37.0319
2024-11-16 09:00,고속도로,종점,(5차로)승용차관련사고처리중,127.1038,37.2732
2024-11-16 09:00,고속도로,기점,(3차로)승용차단독사고처리중,128.8754,35.1712
2024-11-16 09:00,고속도로,기점,(1차로)승용차관련추돌사고처리중,126.8755,35.1893
2024-11-16 10:00,고속도로,종점,(1차로)승용차관련사고처리중,126.9005,37.2853
2024-11-16 10:00,고속도로,기점,(1차로)승용차관련사고처리중,127.592,37.2267
2024-11-16 10:00,고속도로,기점,(3차로)승용차관련사고처리중,127.4622,36.3527
2024-11-16 10:00,고속도로,종점,(진출로1차로)승용차관련사고처리중,126.9888,37.3835
2024-11-16 10:00,고속도로,기점,(1차로)승용차사고처리중,127.4457,37.1005
2024-11-16 10:00,고속도로,종점,(갓길)승용차관련사고처리중,127.2521,37.458
2024-11-16 11:00,고속도로,기점,(1차로)승용차관련사고처리완료,127.9773,35.0586
2024-11-16 11:00,고속도로,종점,(1차로)승용차관련사고처리완료,128.5632,35.2905
2024-11-16 11:00,고속도로,종점,(1차로)승용차관련사고처리중,126.8891,37.3134
2024-11-16 12:00,고속도로,종점,(1차로)승용차사고처리중,127.4216,36.6532
2024-11-16 12:00,고속도로,종점,(갓길)승용차관련사고처리중,127.9686,35.2796
2024-11-16 12:00,고속도로,종점,(2차로)소형화물차단독사고처리중,128.4762,35.5449
2024-11-16 13:00,고속도로,종점,(4차로)승용차관련사고처리중,127.1196,37.413
2024-11-16 13:00,고속도로,종점,(1차로)승용차관련사고처리중,127.4422,37.2078
2024-11-16 14:00,고속도로,종점,(진입로갓길)승용차사고처리중,127.6029,36.2948
2024-11-16 14:00,고속도로,기점,(광장부)승용차관련사고처리중,127.0202,37.3928
2024-11-16 14:00,고속도로,기점,(1차로)승용차관련사고처리중,127.4152,37.6436
2024-11-16 15:00,고속도로,기점,(1차로)승용차관련사고처리중,126.7269,37.4334
2024-11-16 16:00,고속도로,종점,(1차로)승용차관련사고처리중,126.8696,37.4322
2024-11-16 17:00,고속도로,종점,(2차로)사고처리중,126.8414,35.8449
2024-11-16 18:00,고속도로,종점,(진입로1차로)승용차관련사고처리중,128.5251,35.8927
2024-11-16 18:00,고속도로,종점,"(1,2차로)승용차관련사고처리중",126.8803,37.4046
2024-11-16 18:00,고속도로,기점,(4차로)승용차관련사고처리중,126.7543,37.4744
2024-11-16 18:00,고속도로,종점,"(1차로,갓길)승용차관련사고처리중",127.3169,37.3714
2024-11-16 18:00,고속도로,기점,(1차로)승용차관련사고처리중,127.0392,37.3945
2024-11-16 18:00,고속도로,종점,"(1,2차로)사고처리중",126.8366,35.8182
2024-11-16 18:00,고속도로,기점,(2차로)승용차추돌사고처리중,126.8913,35.2622
2024-11-16 18:00,고속도로,기점,(1차로)승용차관련사고처리중,127.0248,37.3136
2024-11-16 19:00,고속도로,종점,(진입로갓길)승용차단독사고처리중,128.2937,36.376
2024-11-16 19:00,고속도로,기점,(1차로)승용차관련사고처리중,127.0392,37.3945
2024-11-16 19:00,고속도로,종점,(3차로)승용차관련사고처리중,126.8696,37.4322
2024-11-16 19:00,고속도로,종점,(1차로)승용차단독사고처리중,128.7506,35.2667
2024-11-16 20:00,고속도로,기점,(갓길)승용차추돌사고처리중,127.4668,36.2703
2024-11-16 20:00,고속도로,기점,(진출로1차로)승용차단독사고처리중,129.0024,35.2709
2024-11-16 23:00,고속도로,종점,(갓길)승용차관련추돌사고처리중,127.3976,34.8385
2024-11-17 00:00,고속도로,기점,(1차로)승용차사고처리중,127.6595,37.2538
2024-11-17 02:00,고속도로,기점,(1차로)승용차사고처리중,127.9197,37.334
2024-11-17 05:00,고속도로,기점,"(4차로,갓길)승용차단독사고처리중",128.0972,35.1282
2024-11-17 05:00,고속도로,기점,(갓길)승용차사고처리중,127.6374,37.25
2024-11-17 06:00,고속도로,종점,(갓길)승용차단독사고처리중,129.1184,35.5451
2024-11-17 11:00,고속도로,기점,광장부차량화재사고처리중,128.4514,37.6065
2024-11-17 12:00,고속도로,기점,(1차로)승용차관련사고처리중,128.5428,37.6467
2024-11-17 12:00,고속도로,기점,광장부차량화재사고처리중,128.4514,37.6065
2024-11-17 14:00,고속도로,종점,"(2,3차로)승용차사고처리중",127.1797,36.8504
2024-11-17 15:00,고속도로,종점,(갓길)승용차관련사고처리중,128.4703,35.2714
2024-11-17 15:00,고속도로,종점,(진출로갓길)승용차사고처리중,127.4718,36.3164
2024-11-17 15:00,고속도로,종점,"사패산터널(45.1K)(1,2,3차로)승용차사고처리중  수락산터널 사패산터널6km정체",127.0424,37.7052
2024-11-17 16:00,고속도로,종점,(1차로)승용차관련사고처리중,128.2011,35.6992
2024-11-17 17:00,고속도로,종점,(5차로)승용차사고처리중,127.1003,37.3992
2024-11-17 18:00,고속도로,종점,(갓길)소형화물차화재사고처리중,129.1391,35.8185
2024-11-17 19:00,고속도로,기점,(갓길)승용차관련사고처리중,128.585,35.2886
2024-11-17 19:00,고속도로,종점,(1차로)승용차소형화물차추돌사고처리중,127.4636,36.2952
2024-11-17 19:00,고속도로,종점,(갓길)승용차관련사고처리중,128.5415,35.2395
2024-11-17 20:00,고속도로,기점,(갓길)승용차관련사고처리중,127.2349,37.5957
2024-11-17 20:00,고속도로,종점,"(1,2차로)승용차관련사고처리중",128.0373,37.2593
2024-11-17 23:00,고속도로,기점,(갓길)승용단독사고처리중,127.1166,36.1062
2024-11-18 03:00,고속도로,종점,"(1,2차로)화물차사고처리중",127.3015,36.7293
2024-11-18 04:00,고속도로,종점,"(1,2,3차로)화물차사고처리중",127.3015,36.7293
2024-11-18 05:00,고속도로,종점,"(1,2,3차로)화물차사고처리중",127.3015,36.7293
2024-11-18 06:00,고속도로,종점,"(2,3차로)화물차사고처리중",127.3015,36.7293
2024-11-18 06:00,고속도로,종점,"(1,2차로)승용차관련사고처리중",126.8587,37.3742
2024-11-18 06:00,고속도로,기점,(1차로)승용차관련사고처리중,126.8932,37.3104
2024-11-18 07:00,고속도로,기점,(1차로)승용차관련사고처리중,128.476,35.7637
2024-11-18 07:00,고속도로,종점,(3차로)화물차사고처리중,127.3015,36.7293
2024-11-18 07:00,고속도로,종점,(3차로)사고처리중,126.8394,37.3483
2024-11-18 07:00,고속도로,기점,(1차로)승용차관련사고처리중,127.428,37.2319
2024-11-18 08:00,고속도로,종점,(2차로)소형화물차관련추돌사고처리중,126.8049,35.4316
2024-11-18 09:00,고속도로,종점,(2차로)화물차추돌사고처리중,127.3487,36.2904
2024-11-18 09:00,고속도로,종점,(1차로)사고처리중,126.8979,37.4333
2024-11-18 09:00,고속도로,기점,(2차로)승용차관련사고처리중,128.5007,35.9093
2024-11-18 09:00,고속도로,종점,(2차로)중형화물차관련사고처리중,127.432,36.9502
2024-11-18 09:00,고속도로,종점,"(3,4,5차로)사고처리중",127.0184,37.3119
2024-11-18 10:00,고속도로,기점,(4차로)사고처리중,127.1399,37.6227
2024-11-18 10:00,고속도로,기점,(2차로)승용차사고처리중,127.371,36.2853
2024-11-18 10:00,고속도로,종점,(5차로)추돌사고처리중,127.1005,37.3983
2024-11-18 11:00,고속도로,기점,(갓길)화재사고처리중,126.4986,34.9284
2024-11-18 11:00,고속도로,기점,(3차로)화물차관련사고처리중,128.5315,35.2433
2024-11-18 11:00,고속도로,기점,(4차로)사고처리중,127.1399,37.6227
2024-11-18 12:00,고속도로,기점,"(2차로,갓길)화재사고처리중",126.4986,34.9284
2024-11-18 12:00,고속도로,기점,(갓길)승용차관련사고처리중,127.6945,37.7452
2024-11-18 13:00,고속도로,기점,"(4차로,갓길)화재사고처리중",126.8732,37.1818
2024-11-18 14:00,고속도로,기점,"(4차로,갓길)화재사고처리중",126.8732,37.1818
2024-11-18 14:00,고속도로,종점,(4차로)사고처리중,127.1487,37.6056
2024-11-18 15:00,고속도로,기점,(1차로)승용차관련사고처리중,127.7217,37.0805
2024-11-18 15:00,고속도로,종점,(2차로)승용차관련사고처리중,129.0785,35.5254
2024-11-18 15:00,고속도로,종점,(1차로)승용차관련사고처리중,126.6841,37.4338
2024-11-18 15:00,고속도로,종점,(1차로)승용차관련사고처리중,127.4201,36.6489
2024-11-18 15:00,고속도로,종점,(갓길)사고처리중,126.8773,37.1551
2024-11-18 16:00,고속도로,종점,(1차로)승용차관련사고처리중,126.776,36.9323
2024-11-18 16:00,고속도로,종점,(2차로)소형화물차1대승용차1대추돌사고처리중,126.9776,35.277
2024-11-18 17:00,국도,서울방향,국도47호선 포천 도평1교(서울방향) 차대사람 충돌사고로 1차로 통제중 ,127.375285,38.053634
2024-11-18 18:00,고속도로,기점,(진입로갓길)승용차단독사고처리중,129.1212,35.549
2024-11-18 18:00,국도,서울방향,국도47호선 포천 도평1교(서울방향) 차대사람 충돌사고로 1차로 통제중 ,127.375285,38.053634
2024-11-18 19:00,고속도로,기점,(1차로)화물차관련사고처리중,128.258,37.5199
2024-11-18 19:00,고속도로,기점,(3차로)소형화물차관련사고처리중,126.7549,37.4727
2024-11-18 19:00,국도,서울방향,국도47호선 포천 도평1교(서울방향) 차대사람 충돌사고로 1차로 통제중 ,127.375285,38.053634
2024-11-18 19:00,고속도로,기점,(1차로)사고처리중,127.0096,37.3903
2024-11-18 19:00,고속도로,기점,(1차로)사고처리중,127.0136,37.392
2024-11-18 20:00,고속도로,기점,(1차로)화물차관련사고처리중,128.258,37.5199
2024-11-18 20:00,고속도로,종점,(갓길)대형화물차관련추돌사고처리중,127.5,35.057
2024-11-18 20:00,국도,서울방향,국도47호선 포천 도평1교(서울방향) 차대사람 충돌사고로 1차로 통제중 ,127.375285,38.053634
2024-11-18 20:00,고속도로,기점,(1차로)승용차관련추돌사고처리중,127.7802,36.4553
2024-11-18 21:00,고속도로,종점,(2차로)화물차관련사고처리중,127.4759,37.4491
2024-11-18 21:00,국도,서울방향,국도47호선 포천 도평1교(서울방향) 차대사람 충돌사고로 1차로 통제중 ,127.375285,38.053634
2024-11-18 22:00,고속도로,종점,"(1,2차로)화물차관련사고처리중",127.4759,37.4491
2024-11-18 22:00,국도,서울방향,국도47호선 포천 도평1교(서울방향) 차대사람 충돌사고로 1차로 통제중 ,127.375285,38.053634
2024-11-18 23:00,고속도로,종점,(1차로)승용차관련사고처리중,127.1408,37.0286
2024-11-18 23:00,국도,서울방향,국도47호선 포천 도평1교(서울방향) 차대사람 충돌사고로 1차로 통제중 ,127.375285,38.053634
2024-11-19 00:00,고속도로,기점,"(2,3차로)사고처리중",127.3402,36.718
2024-11-19 00:00,국도,서울방향,국도47호선 포천 도평1교(서울방향) 차대사람 충돌사고로 1차로 통제중 ,127.375285,38.053634
2024-11-19 01:00,고속도로,종점,(4차로)승용차관련사고처리중,127.0202,37.3928
2024-11-19 01:00,고속도로,기점,"(2,3차로)사고처리중",127.3402,36.718
2024-11-19 01:00,국도,서울방향,국도47호선 포천 도평1교(서울방향) 차대사람 충돌사고로 1차로 통제중 ,127.375285,38.053634
2024-11-19 02:00,고속도로,종점,"(1,2차로)소형화물차사고처리중",128.0535,36.141
2024-11-19 02:00,국도,서울방향,국도47호선 포천 도평1교(서울방향) 차대사람 충돌사고로 1차로 통제중 ,127.375285,38.053634
2024-11-19 03:00,국도,서울방향,국도47호선 포천 도평1교(서울방향) 차대사람 충돌사고로 1차로 통제중 ,127.375285,38.053634
2024-11-19 03:00,고속도로,종점,(2차로)승용차관련사고처리중,128.6273,35.2695
2024-11-19 04:00,고속도로,기점,(갓길)화물차화재사고처리중,127.0586,37.2969
2024-11-19 04:00,국도,서울방향,국도47호선 포천 도평1교(서울방향) 차대사람 충돌사고로 1차로 통제중 ,127.375285,38.053634
2024-11-19 05:00,고속도로,종점,(2차로)대형화물차관련사고처리중,127.6529,36.4735
2024-11-19 05:00,국도,서울방향,국도47호선 포천 도평1교(서울방향) 차대사람 충돌사고로 1차로 통제중 ,127.375285,38.053634
2024-11-19 06:00,국도,서울방향,국도47호선 포천 도평1교(서울방향) 차대사람 충돌사고로 1차로 통제중 ,127.375285,38.053634
2024-11-19 06:00,고속도로,종점,(1차로)화물차사고처리중,127.3326,36.3744
2024-11-19 06:00,고속도로,종점,(1차로)승용차관련사고처리중,127.1581,37.5819
2024-11-19 06:00,고속도로,종점,(2차로)대형화물차관련사고처리중,127.6529,36.4735
2024-11-19 07:00,고속도로,종점,"(1,2차로)화물차사고처리중",127.3326,36.3744
2024-11-19 07:00,국도,서울방향,국도47호선 포천 도평1교(서울방향) 차대사람 충돌사고로 1차로 통제중 ,127.375285,38.053634
2024-11-21 00:00,고속도로,기점,(2차로)화물차관련사고처리중,128.1442,36.6471
2024-11-21 01:00,고속도로,종점,(진출로갓길)승용차단독사고처리중,128.1213,35.1609
2024-11-21 03:00,고속도로,종점,(진입로갓길)중형화물차단독사고처리중,127.4814,35.0032
2024-11-21 04:00,고속도로,종점,(진입로갓길)중형화물차단독사고처리중,127.4814,35.0032
2024-11-21 05:00,고속도로,종점,(진입로갓길)중형화물차단독사고처리중,127.4814,35.0032
2024-11-21 07:00,고속도로,종점,"(2,3,4차로)화물차관련사고처리중",128.9425,35.1575
2024-11-21 08:00,고속도로,종점,(1차로)영업소출구하이패스차로사고처리중,127.2308,35.865
2024-11-21 09:00,고속도로,종점,(1차로)사고처리중,126.9256,37.3751
2024-11-21 09:00,고속도로,기점,(2차로)승용차관련사고처리중,127.0512,35.8659
2024-11-21 10:00,고속도로,기점,(1차로)승용차관련사고처리중,126.8932,37.3104
2024-11-21 10:00,고속도로,기점,(1차로)사고처리중,126.8316,37.525
2024-11-21 11:00,고속도로,종점,(6차로)사고처리중,126.7507,37.5372
2024-11-21 14:00,고속도로,기점,(1차로)대형화물차관련사고처리중,127.7224,37.077
2024-11-21 14:00,고속도로,기점,(갓길)화물차관련사고처리중,127.1743,36.834
2024-11-21 14:00,고속도로,종점,(2차로)승용차관련사고처리중,127.1576,36.9858
2024-11-21 15:00,고속도로,기점,(갓길)화물차관련사고처리중,127.1234,37.4258
2024-11-21 16:00,고속도로,종점,"(1,2차로)승용차관련사고처리중",127.1021,36.0799
2024-11-21 16:00,고속도로,종점,(5차로)승용차관련사고처리중,126.7526,37.5632
2024-11-21 16:00,고속도로,종점,(갓길)화물차단독사고처리중,127.0727,37.4275
2024-11-21 16:00,국도,서울방향,국도6호선 양평 신원역교차로 서울방향 차량추돌사고,127.371594,37.525248
2024-11-21 17:00,고속도로,종점,(2차로)승용차관련추돌사고처리중,126.6688,35.0893
2024-11-21 18:00,고속도로,기점,(3차로)추돌사고처리중,126.9855,37.32
2024-11-21 19:00,고속도로,기점,(진출로1차로)승용차관련사고처리중,128.9931,35.2847
2024-11-21 19:00,고속도로,종점,(진입로2차로)승용차관련사고처리중,127.0939,37.4065
2024-11-21 20:00,고속도로,기점,(갓길)사고처리중,126.8064,37.3506
2024-11-22 04:00,고속도로,기점,(갓길)화물차사고처리중,128.1495,37.1045
2024-11-22 06:00,고속도로,종점,"(2차로,갓길)승용차관련사고처리중",127.9139,37.3395
2024-11-22 07:00,고속도로,종점,(갓길)승용차관련사고처리중,127.1634,37.2862
2024-11-22 08:00,고속도로,기점,(4차로)승용차관련사고처리중,126.709,37.5237
2024-11-22 09:00,고속도로,기점,(4차로)승용차관련사고처리중,126.709,37.5237
2024-11-22 09:00,고속도로,기점,(5차로)승용차관련사고처리중,127.0846,37.1421
2024-11-22 11:00,고속도로,종점,(갓길)승용차관련추돌사고처리중,126.7067,35.1071
2024-11-22 11:00,고속도로,기점,(2차로)화물차관련사고처리중,126.9735,37.0301
2024-11-22 11:00,고속도로,종점,(2차로)승용차관련사고처리중,127.1234,37.4258
2024-11-22 11:00,고속도로,종점,(갓길)승용차관련사고처리중,127.4995,36.8079
2024-11-22 11:00,고속도로,기점,(갓길)승용차관련사고처리중,127.3275,37.3369
2024-11-22 11:00,고속도로,종점,(2차로)대형화물차관련사고처리중,127.8018,37.0379
2024-11-22 12:00,고속도로,종점,"(2차로,갓길)승용차관련사고처리중",128.5305,37.6451
2024-11-22 12:00,고속도로,종점,(1차로)승용차관련추돌사고처리중,126.7067,35.1071
2024-11-22 12:00,고속도로,종점,(3차로)소형화물차단독사고처리중,129.106,35.2652
2024-11-22 12:00,고속도로,종점,(1차로)승용차관련사고처리중,129.0808,35.4563
2024-11-22 12:00,고속도로,종점,(2차로)승용차관련사고처리중,127.1234,37.4258
2024-11-22 12:00,고속도로,기점,(3차로)화물차관련사고처리중,126.8773,37.1551
2024-11-22 12:00,고속도로,기점,(1차로)승용차관련사고처리중,126.8865,37.3152
2024-11-22 13:00,고속도로,기점,"(1,2차로)승용차사고처리중 제2중부선이용바람",127.2981,37.4228
2024-11-22 13:00,고속도로,종점,(2차로)승용차관련사고처리중,126.8454,36.9537
2024-11-22 14:00,고속도로,종점,(1차로)승용차관련사고처리중,126.5591,36.6967
2024-11-22 14:00,고속도로,기점,(2차로)화물차사고처리중 제2중부선이용바람,127.2981,37.4228
2024-11-22 14:00,고속도로,종점,(1차로)승용차관련사고처리중,127.4691,36.7456
2024-11-22 14:00,고속도로,종점,(갓길)승용차관련사고처리중,126.8883,37.0719
2024-11-22 15:00,고속도로,기점,(1차로)승용차관련사고처리중,127.5406,36.515
2024-11-22 15:00,고속도로,종점,"(1,2차로)중형화물차관련사고처리중",127.4625,37.0775
2024-11-22 15:00,고속도로,기점,(2차로)화물차사고처리중(정체극심) 제2중부선이용바람,127.2981,37.4228
2024-11-22 15:00,고속도로,종점,(1차로)승용차관련사고처리중,128.0925,36.7268
2024-11-22 15:00,고속도로,기점,(갓길)화물차관련사고처리중,126.8064,37.3506
2024-11-22 15:00,고속도로,종점,"(4차로,갓길)화물차관련사고처리중",126.8834,37.2503
2024-11-22 16:00,고속도로,종점,"(1차로,갓길)사고처리중",127.227,36.1629
2024-11-22 16:00,고속도로,기점,(2차로)사고처리중,126.7769,37.5242
2024-11-22 16:00,고속도로,기점,(2차로)화물차사고처리중(정체극심) 제2중부선이용바람,127.2981,37.4228
2024-11-22 16:00,고속도로,기점,(1차로)승용차관련사고처리중,127.5406,36.515
2024-11-22 16:00,고속도로,종점,"(3,4차로)승용차관련사고처리중",126.7576,37.5241
2024-11-22 17:00,고속도로,종점,(4차로)승용차관련사고처리중,126.7576,37.5241
2024-11-22 17:00,고속도로,기점,"(1,2차로,갓길)화물차사고처리중(정체극심) 제2중부선이용바람",127.2981,37.4228
2024-11-22 17:00,고속도로,기점,(1차로)승용차관련사고처리중,127.1984,37.0021
2024-11-22 17:00,고속도로,종점,(6차로)승용차관련사고처리중,126.8618,37.3526
2024-11-22 18:00,고속도로,기점,"(2차로,갓길)화물차사고처리중(정체극심) 제2중부선이용바람",127.2981,37.4228
2024-11-22 18:00,고속도로,종점,(갓길)승용차단독사고처리중,128.8056,35.1987
2024-11-22 18:00,고속도로,종점,(1차로)승용차관련사고처리완료,128.4724,35.7722
2024-11-22 18:00,고속도로,기점,(1차로)승용차관련사고처리중,128.4011,36.0626
2024-11-22 19:00,고속도로,종점,"(1차로)화물차,승용2대관련사고처리중",127.2963,36.2742
2024-11-22 19:00,고속도로,기점,(2차로)승용차사고처리중,127.0882,37.1336
2024-11-22 19:00,고속도로,기점,"(2,3차로)승용차관려사고처리중",128.9831,35.2707
2024-11-22 19:00,고속도로,종점,(갓길)승용차단독사고처리중,128.8056,35.1987
2024-11-22 20:00,고속도로,기점,"(2,3차로)승용차관련사고처리중",128.9828,35.2698
2024-11-22 22:00,고속도로,기점,(갓길)화물차단독사고처리중,129.1138,36.0559
2024-11-22 23:00,고속도로,종점,(갓길)화물차관련사고처리중,128.2378,37.8473
2024-11-23 04:00,고속도로,기점,(갓길)승용차화재사고처리중,128.5939,37.6647
2024-11-23 04:00,고속도로,기점,영업소화물차사고처리중,127.1026,36.0819
2024-11-23 05:00,고속도로,기점,"(1,2차로)사고처리중",126.8756,37.4298
2024-11-23 05:00,고속도로,기점,영업소화물차사고처리중,127.1026,36.0819
2024-11-23 06:00,고속도로,종점,(갓길)승용차관련사고처리중,126.7469,37.4998
2024-11-23 06:00,고속도로,기점,"(1,2차로)사고처리중",126.8756,37.4298
2024-11-23 07:00,고속도로,기점,"(3차로,갓길)사고처리중",126.8756,37.4298
2024-11-23 08:00,고속도로,기점,(2차로)대형화물차단독화재사고처리중,128.6273,35.2695
2024-11-23 08:00,고속도로,기점,(갓길)승용차단독사고처리중,127.4724,36.3172
2024-11-23 09:00,고속도로,기점,(갓길)승용차단독사고처리중,127.4724,36.3172
2024-11-23 10:00,고속도로,기점,(갓길)승용차관련사고처리중,126.7403,37.4057
2024-11-23 10:00,고속도로,기점,(1차로)승용차관련사고처리중,127.1643,37.5743
2024-11-23 10:00,고속도로,기점,(2차로)사고처리중,126.5694,36.2668
2024-11-23 11:00,고속도로,기점,(4차로)승용차관련사고처리중,127.1807,37.5172
2024-11-23 11:00,고속도로,종점,(1차로)승용차관련사고처리중,128.4963,37.9772
2024-11-23 11:00,고속도로,종점,(1차로)승용차관련사고처리중,128.5355,36.1063
2024-11-23 11:00,고속도로,기점,(1차로)승용차관련사고처리중,127.4583,37.6499
2024-11-23 12:00,고속도로,기점,(1차로)승용차관련사고처리중,128.8659,35.1757
2024-11-23 12:00,고속도로,기점,(1차로)승용차관련추돌사고처리중,126.8656,35.1929
2024-11-23 12:00,고속도로,종점,(1차로)승용차관련사고처리중,126.8837,37.1197
2024-11-23 12:00,고속도로,기점,(1차로)승용차관련사고처리중,128.163,36.5351
2024-11-23 12:00,고속도로,종점,(1차로)승용차관련사고처리중,128.4013,37.9712
2024-11-23 13:00,고속도로,종점,(1차로)승용차관련사고처리중,129.0364,35.2826
2024-11-23 13:00,고속도로,기점,(2차로)승용차관련사고처리중,127.1196,37.413
2024-11-23 13:00,고속도로,종점,(3차로)승용차관련사고처리중,126.8797,37.4282
2024-11-23 13:00,고속도로,기점,(2차로)승용차관련추돌사고처리중,127.4039,35.2844
2024-11-23 14:00,고속도로,기점,(1차로)승용차관련사고처리중,126.9395,37.3287
2024-11-23 14:00,고속도로,기점,(진입로갓길)화물차관련사고처리중,126.8694,37.0055
2024-11-23 14:00,고속도로,종점,(갓길)승용차추돌사고처리중,127.4185,36.4484
2024-11-23 14:00,고속도로,종점,(갓길)승용차관련사고처리중,126.8773,37.4033
2024-11-23 14:00,고속도로,기점,(갓길)승용차관련사고처리중,126.7659,37.3792
2024-11-23 14:00,고속도로,기점,(1차로)승용차관련사고처리중,126.8692,36.9965
2024-11-23 14:00,고속도로,종점,(2차로)승용차관련사고처리중,129.0136,35.3143
2024-11-23 14:00,고속도로,종점,(3차로)승용차관련사고처리중,127.0656,37.4346
2024-11-23 15:00,고속도로,기점,(갓길)승용차관련사고처리중,126.9574,37.3792
2024-11-23 15:00,고속도로,기점,(2차로)승용차관련사고처리중,126.9574,37.3792
2024-11-23 15:00,고속도로,종점,(1차로)승용차관련사고처리중,127.6128,37.1877
2024-11-23 16:00,고속도로,기점,(갓길)승용차관련사고처리중,126.9574,37.3792
2024-11-23 16:00,고속도로,기점,(갓길)승용차관련사고처리중,128.3437,35.2929
2024-11-23 16:00,고속도로,종점,(1차로)승용차관련사고처리중,128.6766,35.9318
2024-11-23 17:00,고속도로,기점,(진입로1차로)사고처리중,127.0096,37.3903
2024-11-23 17:00,고속도로,기점,(1차로)사고처리중,127.186,37.269
2024-11-23 18:00,고속도로,기점,(1차로)승용차추돌사고처리중,126.7946,36.2532
2024-11-23 18:00,고속도로,기점,(진입로1차로)사고처리중,127.0096,37.3903
2024-11-23 18:00,고속도로,종점,(1차로)승용차관련사고처리중,128.4977,35.809
2024-11-23 18:00,고속도로,기점,(1차로)승용차단독사고처리중,126.4921,35.0075
2024-11-23 19:00,고속도로,기점,(1차로)승용차단독사고처리중,126.8265,35.225
2024-11-23 20:00,고속도로,종점,(4차로)승용차관련사고처리중,127.4538,37.2389
2024-11-23 22:00,고속도로,종점,(1차로)승용차관련사고처리중,128.9165,35.5
2024-11-24 02:00,고속도로,종점,(3차로)승용차사고처리중,127.5305,36.3348
2024-11-24 05:00,고속도로,종점,(갓길)승용차사고처리중,128.7727,37.6667
2024-11-24 06:00,고속도로,종점,(1차로)승용차사고처리중,126.8732,37.1818
2024-11-24 09:00,고속도로,기점,(1차로)승용차단독사고처리중,126.8042,35.4056
2024-11-24 11:00,고속도로,기점,"(2차로,갓길)승용차단독사고처리중",128.3303,35.7422
2024-11-24 11:00,고속도로,종점,(1차로)승용차관련사고처리중,128.088,36.732
2024-11-24 11:00,고속도로,종점,"(1,2차로)승용차관련사고처리중",127.4561,37.0849
2024-11-24 12:00,고속도로,기점,(5차로)사고처리중,127.1033,37.4075
2024-11-24 12:00,고속도로,기점,(1차로)사고처리중,126.6864,37.5233
2024-11-24 12:00,고속도로,종점,(1차로)승용차관련사고처리중,128.1117,36.6938
2024-11-24 12:00,고속도로,종점,(1차로)승용차관련사고처리중,128.088,36.732
2024-11-24 12:00,고속도로,종점,(4차로)승용차사고처리중,127.4185,36.4484
2024-11-24 13:00,고속도로,기점,(진출로갓길)승용차단독사고처리중,128.443,34.8666
2024-11-24 13:00,고속도로,종점,(1차로)승용차관련사고처리중,127.7213,37.0832
2024-11-24 14:00,고속도로,종점,(2차로)승용차관련사고처리중,127.1431,37.0198
2024-11-24 14:00,고속도로,종점,(갓길)사고처리중,126.8969,37.2767
2024-11-24 14:00,고속도로,종점,"(1,2,3차로)화물차단독사고처리중",126.8601,37.3728
2024-11-24 15:00,고속도로,종점,(1차로)승용차관련사고처리중,127.2343,36.167
2024-11-24 15:00,고속도로,종점,"(1,2,3,4차로)화물차관련사고처리중",126.8601,37.3728
2024-11-24 15:00,고속도로,기점,(갓길)소형화물차사고처리중,127.9994,36.2081
2024-11-24 16:00,고속도로,기점,(갓길)승용차관련사고처리중,129.0879,35.4733
2024-11-24 16:00,고속도로,종점,(1차로)승용차관련사고처리중,127.9306,37.3236
2024-11-24 16:00,고속도로,종점,(1차로)승용차관련사고처리중,128.2003,36.4629
2024-11-24 16:00,고속도로,기점,(갓길)승용차관련추돌사고처리중,126.8842,35.1849
2024-11-24 17:00,고속도로,기점,(1차로)승용차관련사고처리중,128.2003,37.805
2024-11-24 17:00,고속도로,종점,(1차로)사고처리중,126.792,35.7468
2024-11-24 17:00,고속도로,종점,(갓길)승용차관련사고처리중,128.425,35.2809
2024-11-24 19:00,고속도로,기점,(1차로)사고처리중,127.1643,37.5743
2024-11-24 20:00,고속도로,기점,(갓길)승용차관련사고처리중,127.0463,37.4567
2024-11-24 20:00,고속도로,종점,(2차로)사고처리중,126.6208,36.1478
2024-11-24 21:00,고속도로,기점,(1차로)승  차고나련사고처리중,127.8069,36.4552
2024-11-24 21:00,고속도로,종점,(갓길)승용차관련사고처리중,128.8928,35.2254
2024-11-24 22:00,고속도로,기점,(5차로)사고처리중,127.136,37.4853
2024-11-24 23:00,고속도로,종점,(진출로)승용차단독사고처리중,128.2691,36.0566
2024-11-25 07:00,고속도로,종점,(2차로)승용차사고처리중,129.0986,37.4705
2024-11-25 08:00,고속도로,기점,(갓길)승용차관련사고처리중,127.0947,37.203
2024-11-25 08:00,고속도로,기점,(1차로)승용차관련사고처리중,128.4766,35.2713
2024-11-25 09:00,고속도로,종점,(1차로)사고처리중,127.2087,36.9951
2024-11-25 09:00,고속도로,기점,"(3,4차로)사고처리중",127.0096,37.3903
2024-11-25 09:00,고속도로,기점,전면차단중,127.8932,36.8884
2024-11-25 09:00,고속도로,기점,"(1,2차로)승용차관련사고처리중",126.7545,35.7031
2024-11-25 10:00,고속도로,기점,(3차로)화물차관련사고처리중,129.0271,36.0541
2024-11-25 10:00,고속도로,종점,(1차로)화물차사고처리중,126.8869,37.1111
2024-11-25 10:00,고속도로,기점,전면차단중(충주IC국도우회이용바람),127.8932,36.8884
2024-11-25 10:00,고속도로,창원방향,"사고처리중(순찰차 도착, 사고처리중)",127.893391,36.886958
2024-11-25 11:00,고속도로,종점,(2차로)단독사고처리중,127.9194,37.6468
2024-11-25 11:00,고속도로,창원방향,"사고처리중(순찰차 도착, 사고처리중)",127.893391,36.886958
2024-11-25 11:00,고속도로,기점,(2차로)대형화물차관련사고처리중,127.8932,36.8884
2024-11-25 11:00,고속도로,기점,"(1,2차로)사고처리중",126.8858,37.0484
2024-11-25 11:00,고속도로,종점,"(1,2차로)사고처리중",128.1524,37.7937
2024-11-25 11:00,고속도로,기점,(1차로)승용차관련사고처리중,128.0525,35.0877
2024-11-25 12:00,고속도로,창원방향,"사고처리중(1차로 통행재개 10:46, 충주IC 우회 중)",127.893412,36.886889
2024-11-25 12:00,고속도로,종점,(2차로)승용차관련사고처리중,127.1635,36.9781
2024-11-25 12:00,고속도로,종점,(2차로)단독사고처리중,127.9194,37.6468
2024-11-25 12:00,고속도로,기점,(2차로)대형화물차관련사고처리중,127.8932,36.8884
2024-11-25 12:00,고속도로,창원방향,"사고처리중(순찰차 도착, 사고처리중)",127.893391,36.886958
2024-11-25 13:00,고속도로,기점,(1차로)승용차관련사고처리중,127.4399,37.2108
2024-11-25 13:00,고속도로,창원방향,"사고처리중(순찰차 도착, 사고처리중)",127.893391,36.886958
2024-11-25 13:00,고속도로,창원방향,"사고처리중(1차로 통행재개 10:46, 충주IC 우회 중)",127.893412,36.886889
2024-11-25 14:00,고속도로,종점,(1차로)승용차관련사고처리중,127.4419,37.1901
2024-11-25 14:00,고속도로,종점,"(1,2차로)승용차관련사고처리중",128.8049,35.2199
2024-11-25 14:00,고속도로,창원방향,"사고처리중(순찰차 도착, 사고처리중)",127.893391,36.886958
2024-11-25 14:00,고속도로,창원방향,"사고처리중(1차로 통행재개 10:46, 충주IC 우회 중)",127.893412,36.886889
2024-11-25 15:00,고속도로,종점,(3차로)승용차관련추돌사고처리중,126.8007,35.2596
2024-11-25 15:00,고속도로,기점,"(1차로,갓길)화물차관련추돌사고처리중",126.8012,35.2592
2024-11-25 15:00,고속도로,창원방향,"사고처리중(순찰차 도착, 사고처리중)",127.893391,36.886958
2024-11-25 15:00,고속도로,창원방향,"사고처리중(1차로 통행재개 10:46, 충주IC 우회 중)",127.893412,36.886889
2024-11-25 16:00,고속도로,창원방향,"사고처리중(순찰차 도착, 사고처리중)",127.893391,36.886958
2024-11-25 16:00,고속도로,창원방향,"사고처리중(1차로 통행재개 10:46, 충주IC 우회 중)",127.893412,36.886889
2024-11-25 17:00,고속도로,종점,(진입로갓길)승용차단독사고처리중,127.3312,36.3656
2024-11-25 17:00,고속도로,종점,(진입로2차로)화물차사고처리중,127.328,36.3571
2024-11-25 17:00,고속도로,종점,"(4차로,갓길)화물차단독사고처리중",127.4136,36.6035
2024-11-25 17:00,고속도로,기점,(갓길)승용차관련사고처리중,129.0457,35.3532
2024-11-25 17:00,고속도로,창원방향,"사고처리중(순찰차 도착, 사고처리중)",127.893391,36.886958
2024-11-25 17:00,고속도로,창원방향,"사고처리중(1차로 통행재개 10:46, 충주IC 우회 중)",127.893412,36.886889
2024-11-25 18:00,고속도로,종점,"(4차로,갓길)화물차단독사고처리중",127.4136,36.6035
2024-11-25 18:00,고속도로,기점,"(1,2차로)화물차관련사고처리완료",129.0283,35.3272
2024-11-25 18:00,고속도로,창원방향,"사고처리중(1차로 통행재개 10:46, 충주IC 우회 중)",127.893412,36.886889
2024-11-25 18:00,고속도로,기점,"(갓길)승용차1대,대형화물차1대추돌사고처리중",127.6238,34.9624
2024-11-25 18:00,고속도로,종점,"(1,2,4차로)승용차관련사고처리중",127.2202,37.5247
2024-11-25 18:00,고속도로,창원방향,"사고처리중(순찰차 도착, 사고처리중)",127.893391,36.886958
2024-11-25 18:00,고속도로,기점,"(2,3차로)화물차관련사고처리중",126.8847,37.4261
2024-11-25 19:00,고속도로,창원방향,"사고처리중(1차로 통행재개 10:46, 충주IC 우회 중)",127.893412,36.886889
2024-11-25 19:00,고속도로,창원방향,"사고처리중(순찰차 도착, 사고처리중)",127.893391,36.886958
2024-11-25 20:00,고속도로,창원방향,"사고처리중(순찰차 도착, 사고처리중)",127.893391,36.886958
2024-11-25 20:00,고속도로,창원방향,"사고처리중(1차로 통행재개 10:46, 충주IC 우회 중)",127.893412,36.886889
2024-11-25 20:00,고속도로,기점,(4차로)사고처리중,126.7515,37.4772
2024-11-25 21:00,고속도로,창원방향,"사고처리중(순찰차 도착, 사고처리중)",127.893391,36.886958
2024-11-25 21:00,고속도로,창원방향,"사고처리중(1차로 통행재개 10:46, 충주IC 우회 중)",127.893412,36.886889
2024-11-25 22:00,고속도로,창원방향,"사고처리중(순찰차 도착, 사고처리중)",127.893391,36.886958
2024-11-25 22:00,고속도로,창원방향,"사고처리중(1차로 통행재개 10:46, 충주IC 우회 중)",127.893412,36.886889
2024-11-25 23:00,고속도로,창원방향,"사고처리중(순찰차 도착, 사고처리중)",127.893391,36.886958
2024-11-25 23:00,고속도로,창원방향,"사고처리중(1차로 통행재개 10:46, 충주IC 우회 중)",127.893412,36.886889
2024-11-26 00:00,고속도로,창원방향,"사고처리중(순찰차 도착, 사고처리중)",127.893391,36.886958
2024-11-26 00:00,고속도로,창원방향,"사고처리중(1차로 통행재개 10:46, 충주IC 우회 중)",127.893412,36.886889
2024-11-26 01:00,고속도로,창원방향,"사고처리중(1차로 통행재개 10:46, 충주IC 우회 중)",127.893412,36.886889
2024-11-26 01:00,고속도로,창원방향,"사고처리중(순찰차 도착, 사고처리중)",127.893391,36.886958
2024-11-26 02:00,고속도로,창원방향,"사고처리중(순찰차 도착, 사고처리중)",127.893391,36.886958
2024-11-26 02:00,고속도로,창원방향,"사고처리중(1차로 통행재개 10:46, 충주IC 우회 중)",127.893412,36.886889
2024-11-26 03:00,고속도로,기점,"(1,2,3차로)화물차관련사고처리중",127.1258,37.4542
2024-11-26 03:00,고속도로,종점,(4차로)승용차사고처리중,127.0773,37.2937
2024-11-26 03:00,고속도로,종점,(1차로)사고처리중,127.4728,36.3463
2024-11-26 03:00,고속도로,창원방향,"사고처리중(순찰차 도착, 사고처리중)",127.893391,36.886958
2024-11-26 03:00,고속도로,창원방향,"사고처리중(1차로 통행재개 10:46, 충주IC 우회 중)",127.893412,36.886889
2024-11-26 04:00,고속도로,기점,(갓길)화물차관련사고처리중,127.1258,37.4542
2024-11-26 04:00,고속도로,종점,"(1,2차로)사고처리중",127.4728,36.3463
2024-11-26 04:00,고속도로,창원방향,"사고처리중(순찰차 도착, 사고처리중)",127.893391,36.886958
2024-11-26 04:00,고속도로,창원방향,"사고처리중(1차로 통행재개 10:46, 충주IC 우회 중)",127.893412,36.886889
2024-11-26 05:00,고속도로,종점,(갓길)승용차사고처리중,127.4397,37.1586
2024-11-26 05:00,고속도로,기점,"(1,2차로)화물차관련사고전면차단.남김천IC우회바람",128.2714,36.0397
2024-11-26 05:00,고속도로,창원방향,"사고처리중(1차로 통행재개 10:46, 충주IC 우회 중)",127.893412,36.886889
2024-11-26 05:00,고속도로,창원방향,"사고처리중(순찰차 도착, 사고처리중)",127.893391,36.886958
2024-11-26 05:00,고속도로,종점,"(1,2차로)사고처리중",127.4728,36.3463
2024-11-26 05:00,고속도로,기점,(갓길)화물차관련사고처리중,127.1258,37.4542
2024-11-26 06:00,고속도로,창원방향,"사고처리중(1차로 통행재개 10:46, 충주IC 우회 중)",127.893412,36.886889
2024-11-26 06:00,고속도로,창원방향,"사고처리중(순찰차 도착, 사고처리중)",127.893391,36.886958
2024-11-26 06:00,고속도로,기점,(갓길)사고확인중,126.6999,37.5236
2024-11-26 06:00,고속도로,기점,(갓길)승용차단독사고처리중,126.9983,35.7694
2024-11-26 06:00,고속도로,기점,"(2차로,갓길)대형화물차관련사고처리중",127.4401,36.7117
2024-11-26 06:00,고속도로,기점,(갓길)승용차관련사고처리중,127.3648,36.6851
2024-11-26 06:00,고속도로,종점,(갓길)승용차단독사고처리중,127.096,37.1816
2024-11-26 06:00,고속도로,기점,(2차로)화물차관련사고처리중,128.2703,36.0522
2024-11-26 07:00,고속도로,기점,(갓길)승용차사고처리중,128.0373,37.2593
2024-11-26 07:00,고속도로,창원방향,"사고처리중(순찰차 도착, 사고처리중)",127.893391,36.886958
2024-11-26 07:00,고속도로,창원방향,"사고처리중(1차로 통행재개 10:46, 충주IC 우회 중)",127.893412,36.886889
2024-11-26 07:00,고속도로,기점,"(2차로,갓길)대형화물차관련사고처리중",127.4401,36.7117
2024-11-26 08:00,고속도로,기점,(갓길)승용차단독사고처리중,128.7058,35.279
2024-11-26 08:00,고속도로,창원방향,"사고처리중(순찰차 도착, 사고처리중)",127.893391,36.886958
2024-11-26 08:00,고속도로,창원방향,"사고처리중(1차로 통행재개 10:46, 충주IC 우회 중)",127.893412,36.886889
2024-11-26 09:00,고속도로,기점,(2차로)승용차관련사고처리중,128.302,35.7306
2024-11-26 09:00,고속도로,창원방향,"사고처리중(순찰차 도착, 사고처리중)",127.893391,36.886958
2024-11-26 09:00,고속도로,창원방향,"사고처리중(1차로 통행재개 10:46, 충주IC 우회 중)",127.893412,36.886889
2024-11-26 10:00,고속도로,창원방향,"사고처리중(순찰차 도착, 사고처리중)",127.893391,36.886958
2024-11-26 10:00,고속도로,종점,(2차로)승용차관련추돌사고처리중,126.8799,35.1853
2024-11-26 10:00,고속도로,종점,"(1,2차로)버스관련사고처리중",127.1033,37.3543
2024-11-26 10:00,고속도로,종점,(갓길)승용차관련사고처리중,128.5209,35.8935
2024-11-26 10:00,고속도로,기점,(갓길)화물차관련사고처리중,128.4582,35.2712
2024-11-26 10:00,고속도로,기점,(창원방향진출로1차로)승용차단독사고처리중,128.7952,35.22
2024-11-26 10:00,고속도로,기점,"(1,3,4차로)승용차관련사고처리중",128.426,35.2805
2024-11-26 10:00,고속도로,창원방향,"사고처리중(1차로 통행재개 10:46, 충주IC 우회 중)",127.893412,36.886889
2024-11-26 11:00,고속도로,창원방향,"사고처리중(1차로 통행재개 10:46, 충주IC 우회 중)",127.893412,36.886889
2024-11-26 11:00,고속도로,기점,(갓길)사고처리중,127.4237,37.2459
2024-11-26 11:00,고속도로,기점,(2차로)승용차관련사고처리중,127.1033,37.3633
2024-11-26 11:00,고속도로,종점,(갓길)사고처리중,127.2272,37.5078
2024-11-26 11:00,고속도로,기점,(갓길)사고처리중,127.2413,37.4834
2024-11-26 11:00,고속도로,종점,(1차로)사고처리중,126.887,37.2606
2024-11-26 11:00,고속도로,창원방향,"사고처리중(순찰차 도착, 사고처리중)",127.893391,36.886958
2024-11-26 12:00,고속도로,기점,(진입로2차로)화물차관련사고처리중,127.1707,37.5669
2024-11-26 12:00,고속도로,종점,(진입로1차로)승합차사고처리중,127.2697,37.4479
2024-11-26 12:00,고속도로,종점,(1차로)사고처리중,126.887,37.2606
2024-11-26 12:00,고속도로,창원방향,"사고처리중(순찰차 도착, 사고처리중)",127.893391,36.886958
2024-11-26 12:00,고속도로,창원방향,"사고처리중(1차로 통행재개 10:46, 충주IC 우회 중)",127.893412,36.886889
2024-11-26 12:00,고속도로,기점,(2차로)승용차관련추돌사고처리중,126.7569,35.146
2024-11-26 13:00,고속도로,종점,(3차로)화물차관련사고처리중,128.2434,37.5091
2024-11-26 13:00,고속도로,창원방향,"사고처리중(순찰차 도착, 사고처리중)",127.893391,36.886958
2024-11-26 13:00,고속도로,창원방향,"사고처리중(1차로 통행재개 10:46, 충주IC 우회 중)",127.893412,36.886889
2024-11-26 14:00,고속도로,창원방향,"사고처리중(순찰차 도착, 사고처리중)",127.893391,36.886958
2024-11-26 14:00,고속도로,종점,(2차로)화물차관련사고처리중,127.6595,37.2538
2024-11-26 14:00,고속도로,종점,"(2,3차로)승용차관련사고처리중",127.1033,37.3633
2024-11-26 14:00,고속도로,창원방향,"사고처리중(1차로 통행재개 10:46, 충주IC 우회 중)",127.893412,36.886889
2024-11-26 15:00,고속도로,종점,(2차로)화물차관련사고처리중,127.6651,37.254
2024-11-26 15:00,고속도로,기점,(갓길)승용차관련사고처리중,126.7379,37.429
2024-11-26 15:00,고속도로,기점,(갓길)중형화물차관련추돌사고처리중,128.0618,36.7471
2024-11-26 15:00,고속도로,기점,(진출로2차로)트레일러사고처리중,126.7832,36.938
2024-11-26 15:00,고속도로,창원방향,"사고처리중(순찰차 도착, 사고처리중)",127.893391,36.886958
2024-11-26 15:00,고속도로,기점,(1차로)화물차관련사고처리중,126.9048,37.3223
2024-11-26 15:00,고속도로,종점,(2차로)승용차관련사고처리중,127.1033,37.3633
2024-11-26 15:00,고속도로,창원방향,"사고처리중(1차로 통행재개 10:46, 충주IC 우회 중)",127.893412,36.886889
2024-11-26 16:00,고속도로,종점,(2차로)화물차관련사고처리중,127.6651,37.254
2024-11-26 16:00,고속도로,창원방향,"사고처리중(순찰차 도착, 사고처리중)",127.893391,36.886958
2024-11-26 16:00,고속도로,창원방향,"사고처리중(1차로 통행재개 10:46, 충주IC 우회 중)",127.893412,36.886889
2024-11-26 17:00,고속도로,창원방향,"사고처리중(1차로 통행재개 10:46, 충주IC 우회 중)",127.893412,36.886889
2024-11-26 17:00,고속도로,창원방향,"사고처리중(순찰차 도착, 사고처리중)",127.893391,36.886958
2024-11-26 17:00,고속도로,종점,"(1,2차로)승용차사고처리중",126.8951,37.4246
2024-11-26 17:00,고속도로,종점,(2차로)화물차관련사고처리중,127.6651,37.254
2024-11-26 18:00,고속도로,종점,"(1,2차로)사고처리중",127.0893,35.9427
2024-11-26 18:00,고속도로,창원방향,"사고처리중(1차로 통행재개 10:46, 충주IC 우회 중)",127.893412,36.886889
2024-11-26 18:00,고속도로,창원방향,"사고처리중(순찰차 도착, 사고처리중)",127.893391,36.886958
2024-11-26 19:00,고속도로,기점,(갓길)사고처리중,127.6647,35.8969
2024-11-26 19:00,고속도로,창원방향,"사고처리중(1차로 통행재개 10:46, 충주IC 우회 중)",127.893412,36.886889
2024-11-26 19:00,고속도로,창원방향,"사고처리중(순찰차 도착, 사고처리중)",127.893391,36.886958
2024-11-26 20:00,고속도로,기점,(2차로)대형화물차관련추돌사고처리중,127.6122,37.1966
2024-11-26 20:00,고속도로,종점,(3차로)승용차사고처리중,126.6942,37.4333
2024-11-26 20:00,고속도로,종점,(갓길)사고처리중,127.1279,37.4743
2024-11-26 20:00,고속도로,창원방향,"사고처리중(순찰차 도착, 사고처리중)",127.893391,36.886958
2024-11-26 20:00,고속도로,창원방향,"사고처리중(1차로 통행재개 10:46, 충주IC 우회 중)",127.893412,36.886889
2024-11-26 21:00,고속도로,창원방향,"사고처리중(1차로 통행재개 10:46, 충주IC 우회 중)",127.893412,36.886889
2024-11-26 21:00,고속도로,창원방향,"사고처리중(순찰차 도착, 사고처리중)",127.893391,36.886958
2024-11-26 21:00,고속도로,기점,(진입로갓길)승용차관련사고확인중,127.1038,37.2642
2024-11-26 21:00,고속도로,종점,(진입로갓길)승용차관련사고확인중,127.1038,37.2642
2024-11-26 22:00,고속도로,종점,"(2,3,4차로,갓길)단독사고처리중",127.3929,37.24
2024-11-26 22:00,고속도로,창원방향,"사고처리중(1차로 통행재개 10:46, 충주IC 우회 중)",127.893412,36.886889
2024-11-26 22:00,고속도로,창원방향,"사고처리중(순찰차 도착, 사고처리중)",127.893391,36.886958
2024-11-26 22:00,고속도로,기점,"(1,4차로)승용차관련사고처리중",126.8977,37.3714
2024-11-26 23:00,고속도로,창원방향,"사고처리중(1차로 통행재개 10:46, 충주IC 우회 중)",127.893412,36.886889
2024-11-26 23:00,고속도로,창원방향,"사고처리중(순찰차 도착, 사고처리중)",127.893391,36.886958
2024-11-26 23:00,고속도로,기점,(3차로)추돌사고처리중,126.7384,37.4325
2024-11-26 23:00,고속도로,종점,"(1,5차로)추돌사고처리중",126.7654,37.38
2024-11-26 23:00,고속도로,종점,(2차로)화물차관련사고처리중,128.2634,35.9115
2024-11-27 00:00,고속도로,기점,"(2,3차로)승용차관련사고처리중",126.7487,37.5442
2024-11-27 00:00,고속도로,기점,"(1,2차로)승용차관련사고처리중",127.0921,37.1677
2024-11-27 00:00,고속도로,종점,"(1,5차로)추돌사고처리중",126.7654,37.38
2024-11-27 00:00,고속도로,창원방향,"사고처리중(순찰차 도착, 사고처리중)",127.893391,36.886958
2024-11-27 00:00,고속도로,창원방향,"사고처리중(1차로 통행재개 10:46, 충주IC 우회 중)",127.893412,36.886889
2024-11-27 01:00,고속도로,기점,(4차로)화물차관련사고처리중,127.0335,37.3101
2024-11-27 01:00,고속도로,기점,(1차로)사고처리중,126.8924,37.311
2024-11-27 01:00,고속도로,종점,(갓길)사고처리중,126.9457,35.6861
2024-11-27 02:00,고속도로,종점,(갓길)사고처리중,126.8773,37.1551
2024-11-27 02:00,고속도로,종점,(1차로)대형화물차관련사고처리중,128.0171,36.746
2024-11-27 02:00,고속도로,기점,(4차로)화물차관련사고처리중,127.0335,37.3101
2024-11-27 02:00,고속도로,기점,(2차로)승용차단독사고처리중,128.2508,37.8797
2024-11-27 03:00,고속도로,기점,(4차로)화물차단독사고처리중,128.4349,35.9753
2024-11-27 03:00,고속도로,기점,(1차로)승용차관련사고처리중,126.7489,37.4821
2024-11-27 03:00,고속도로,종점,(1차로)대형화물차관련사고처리중,128.0171,36.746
2024-11-27 03:00,고속도로,종점,(5차로)승용차사고처리중,127.1449,37.2891
2024-11-27 03:00,고속도로,기점,(4차로)사고처리중,127.126,37.4515
2024-11-27 04:00,고속도로,기점,(4차로)승용차관련사고처리중,127.126,37.4515
2024-11-27 04:00,고속도로,종점,(1차로)승용차단독사고처리중,129.2496,35.3441
2024-11-27 04:00,고속도로,기점,(1차로)승용차화재발생처리중,127.6644,35.6771
2024-11-27 04:00,고속도로,기점,"(1,3차로)추돌사고처리중",126.8714,37.3413
2024-11-27 04:00,고속도로,기점,(1차로)승용차관련사고처리중,126.7489,37.4821
2024-11-27 04:00,고속도로,기점,(4차로)화물차단독사고처리중,128.4349,35.9753
2024-11-27 05:00,고속도로,기점,(1차로)승용차관련사고처리중,126.7489,37.4821
2024-11-27 05:00,고속도로,기점,(갓길)승합차사고처리중,127.8419,37.7592
2024-11-27 06:00,고속도로,종점,(1차로)승용차관련사고처리중,127.8306,37.758
2024-11-27 07:00,고속도로,기점,(1차로)승용차관련사고처리중,128.2102,37.8094
2024-11-27 07:00,고속도로,기점,(1차로)승용차관련사고처리중,128.4027,37.5798
2024-11-27 07:00,고속도로,종점,"양주요금소부근(56.3K)(3,4차로)화물차사고처리중  송추 양주요금소5km정체",126.9804,37.7175
2024-11-27 07:00,고속도로,기점,(3차로)사고처리중,126.7463,37.4909
2024-11-27 08:00,고속도로,종점,(2차로)사고처리중,127.3094,35.7919
2024-11-27 08:00,고속도로,기점,"(진입로갓길)화물차단독사고처리중,국도사고",129.2519,35.5107
2024-11-27 08:00,고속도로,종점,"양주요금소부근(56.3K)(3,4차로)화물차사고처리중  송추 양주요금소5km정체",126.9804,37.7175
2024-11-27 08:00,고속도로,종점,(2차로)승용차관련사고처리중,128.1507,37.7925
2024-11-27 08:00,고속도로,기점,(2차로)승용차관련사고처리중,128.7042,38.0173
2024-11-27 08:00,고속도로,종점,(1차로)승용차단독사고처리중,128.4059,34.9342
2024-11-27 08:00,고속도로,종점,(2차로)화물차관련사고처리중,128.5428,37.6467
2024-11-27 08:00,고속도로,기점,(2차로)승용차관련사고처리중,128.2102,37.8094
2024-11-27 08:00,고속도로,종점,(1차로)승용단독사고처리중,127.298,35.6665
2024-11-27 09:00,고속도로,종점,"양주요금소부근(56.3K)(3,4차로)화물차사고처리중  송추 양주요금소5km정체",126.9804,37.7175
2024-11-27 09:00,고속도로,종점,(진출로1차로)승용차단독사고처리중,129.2581,35.4114
2024-11-27 09:00,고속도로,기점,(1차로)대형화물단독전복사고처리중,127.5049,35.7657
2024-11-27 09:00,고속도로,종점,(갓길)승용차단독사고처리중,128.0559,37.25
2024-11-27 10:00,고속도로,기점,"(1,4차로)화물차관련사고처리중",127.0838,37.2922
2024-11-27 10:00,고속도로,종점,(진입로갓길)승용차관련사고처리중,126.8773,37.4033
2024-11-27 10:00,고속도로,종점,"양주요금소부근(56.3K)(3,4차로)화물차사고처리중  송추 양주요금소5km정체",126.9804,37.7175
2024-11-27 10:00,고속도로,종점,(갓길)승용단독사고처리중,127.6178,35.7138
2024-11-27 10:00,고속도로,기점,"(2차로,갓길)화물차단독사고처리중",128.644,36.5547
2024-11-27 10:00,고속도로,기점,(갓길)승용차관련사고처리중,127.2597,35.8032
2024-11-27 11:00,고속도로,기점,(1차로)승용차관련사고처리중,126.871,37.1997
2024-11-27 11:00,고속도로,기점,"(2차로,갓길)화물차단독사고처리중",128.644,36.5547
2024-11-27 11:00,고속도로,종점,(3차로)사고처리중,127.0577,37.0248
2024-11-27 11:00,고속도로,기점,(진출로1차로)사고처리중,126.8907,37.0537
2024-11-27 11:00,고속도로,기점,(1차로)사고처리중,126.8855,37.3698
2024-11-27 11:00,고속도로,기점,(4차로)화물차관련사고처리중,127.0838,37.2922
2024-11-27 11:00,고속도로,종점,"양주요금소부근(56.3K)(3,4차로)화물차사고처리중  송추 양주요금소5km정체",126.9804,37.7175
2024-11-27 11:00,고속도로,기점,"(1차로,갓길)대형화물차관련사고처리중",127.374,36.9751
2024-11-27 12:00,고속도로,종점,(2차로)승용차관련사고처리중,127.1395,37.0339
2024-11-27 12:00,고속도로,종점,"(2,3차로)승용차관련사고처리중",126.8763,37.3328
2024-11-27 12:00,고속도로,기점,(1차로)승용차단독사고처리중,128.3673,36.07
2024-11-27 12:00,고속도로,기점,(갓길)승용차관련사고처리중,127.5877,37.2397
2024-11-27 13:00,고속도로,종점,대형화물차관련전면차단중(음성IC국도우회바랍니다.),127.6014,36.9786
2024-11-27 13:00,고속도로,종점,"(1,4차로)사고처리중",126.8699,36.9876
2024-11-27 13:00,고속도로,기점,대형화물차관련사고전면차단중(금왕꽃동네IC국도우회바랍니다.),127.6032,36.9797
2024-11-27 13:00,고속도로,기점,"(1,2차로)승용차관련사고처리중",127.2147,37.2548
2024-11-27 13:00,고속도로,기점,(5차로)사고처리중,127.1688,37.5691
2024-11-27 13:00,고속도로,종점,"(1,2차로)버스관련사고처리중",127.1039,37.2552
2024-11-27 13:00,고속도로,종점,"(2차로,갓길)승용차관련사고처리중",127.4747,37.0566
2024-11-27 13:00,고속도로,종점,"(2,3차로)사고처리중",127.1892,36.8969
2024-11-27 13:00,고속도로,기점,(1차로)사고처리중,127.3618,37.3018
2024-11-27 14:00,고속도로,기점,대형화물차관련사고전면차단중(금왕꽃동네IC국도우회바랍니다.),127.6032,36.9797
2024-11-27 14:00,고속도로,기점,"(2차로,갓길)승용차단독사고처리중",126.8945,34.7022
2024-11-27 14:00,고속도로,기점,"(1,2,3차로)사고처리중",126.7543,37.4744
2024-11-27 14:00,고속도로,종점,"(1,2차로)버스관련사고처리중",127.1039,37.2552
2024-11-27 14:00,고속도로,종점,(2차로)승용차관련사고처리중,127.1408,37.0286
2024-11-27 14:00,고속도로,종점,"(2,3차로)사고처리중",126.7543,37.4744
2024-11-27 14:00,고속도로,종점,"(1,2차로)사고처리중",126.8698,37.3396
2024-11-27 14:00,고속도로,종점,"(2차로,갓길)승용차관련사고처리중",127.4747,37.0566
2024-11-27 14:00,고속도로,종점,(진출로2차로)승용차관련사고처리중,127.0948,37.2898
2024-11-27 15:00,고속도로,종점,(갓길)승용차관련사고처리중,127.8957,37.3741
2024-11-27 15:00,고속도로,종점,(1차로)사고처리중,127.1605,36.9819
2024-11-27 15:00,고속도로,종점,"(1,2차로)사고처리중",126.8698,37.3396
2024-11-27 15:00,고속도로,종점,"(1,2차로)화물차관련사고처리중",126.7508,37.4779
2024-11-27 15:00,고속도로,기점,(2차로)승용차관련사고처리중,127.6023,36.9792
2024-11-27 15:00,고속도로,종점,(진입로1차로)승용차관련사고처리중,126.8605,37.344
2024-11-27 16:00,고속도로,기점,(6차로)승용차관련사고처리중,127.1033,37.3633
2024-11-27 16:00,고속도로,기점,(1차로)사고처리중,126.9851,36.5533
2024-11-27 16:00,고속도로,종점,(갓길)화물차단독사고처리중,128.9741,35.2172
2024-11-27 16:00,고속도로,종점,(1차로)사고처리중,126.8698,37.3396
2024-11-27 16:00,고속도로,기점,(갓길)대형화물차관련사고처리중,127.592,37.2267
2024-11-27 16:00,고속도로,기점,(5차로)화물차관련사고처리중,127.12,37.0979
2024-11-27 17:00,고속도로,기점,(5차로)화물차관련사고처리중,127.12,37.0979
2024-11-27 17:00,고속도로,종점,"(1,2차로)버스관련사고처리중",127.1047,37.1214
2024-11-27 17:00,고속도로,기점,(1차로)승용차단독사고처리중,128.4672,36.8883
2024-11-27 17:00,고속도로,기점,(갓길)승용차단독사고처리중,127.4106,36.9578
2024-11-27 17:00,고속도로,종점,(갓길)승용차단독사고처리중,127.567,36.9574
2024-11-27 17:00,고속도로,종점,(2차로)승용차단독사고처리중,127.6456,35.8195
2024-11-27 17:00,고속도로,종점,(2차로)승용차관련사고처리중,127.0947,37.203
2024-11-27 17:00,고속도로,기점,(2차로)승용차관련사고처리중,127.5413,37.3481
2024-11-27 17:00,고속도로,종점,(갓길)승용차관련사고처리중,127.3556,37.3093
2024-11-27 18:00,고속도로,종점,"(2,3차로)승용차관련사고처리중",127.1039,37.2552
2024-11-27 18:00,고속도로,종점,(1차로)소형화물사고처리중,128.4672,36.8883
2024-11-27 18:00,고속도로,기점,(1차로)사고처리중,126.8605,37.344
2024-11-27 18:00,고속도로,기점,(1차로)대형화물차관련사고처리중,127.9537,36.8443
2024-11-27 18:00,고속도로,기점,(갓길)승용차단독사고처리중,127.4106,36.9578
2024-11-27 18:00,고속도로,기점,(2차로)사고처리중,127.1708,36.7905
2024-11-27 18:00,고속도로,기점,(갓길)승용차관련사고처리중,126.7753,37.4585
2024-11-27 19:00,고속도로,종점,(1차로)버스관련사고처리중,127.0947,37.203
2024-11-27 19:00,고속도로,종점,(3차로)승용차관련사고처리중,127.1039,37.2552
2024-11-27 19:00,고속도로,기점,(1차로)사고처리중,126.8605,37.344
2024-11-27 19:00,고속도로,기점,(갓길)승용차단독사고처리중,127.4106,36.9578
2024-11-27 19:00,고속도로,기점,"(4,5차로)화물차관련사고처리중",127.0864,37.1369
2024-11-27 19:00,고속도로,종점,"(1,2차로)승용차사고처리중",128.345,37.5609
2024-11-27 19:00,고속도로,종점,(1차로)승용차관련사고처리중,128.4699,35.7809
2024-11-27 20:00,고속도로,기점,(2차로)대형화물차사고처리중,127.9547,36.8427
2024-11-27 20:00,고속도로,종점,(3차로)승용차관련사고처리중,127.1039,37.2552
2024-11-27 20:00,고속도로,종점,(발안요금소광장부)화물차관련사고처리중,126.8837,37.1197
2024-11-27 20:00,고속도로,기점,(2차로)사고처리중,126.9099,36.5897
2024-11-27 20:00,고속도로,종점,(1차로)버스관련사고처리중,127.0947,37.203
2024-11-27 21:00,고속도로,종점,(3차로)승용차관련사고처리중,127.1039,37.2552
2024-11-27 21:00,고속도로,종점,(발안요금소광장부)화물차관련사고처리중,126.8837,37.1197
2024-11-27 21:00,고속도로,종점,(진출로갓길)승용차사고처리중,127.7442,37.0386
2024-11-27 22:00,고속도로,기점,(4차로)화물차관련사고처리중,127.0837,37.4008
2024-11-27 22:00,고속도로,종점,(발안요금소광장부)화물차관련사고처리중,126.8837,37.1197
2024-11-27 22:00,고속도로,종점,(4차로)승용차관련사고처리중,126.8458,37.3983
2024-11-27 22:00,고속도로,기점,(갓길)승용차단독사고처리중,127.8884,36.9123
2024-11-27 22:00,고속도로,기점,(갓길)승용차단독사고처리중,127.2623,35.6942
2024-11-27 22:00,고속도로,종점,"(1,2차로)사고처리중",127.1892,36.9302
2024-11-27 23:00,고속도로,기점,"(1,2차로)승용차관련사고처리중",126.9232,37.3263
2024-11-27 23:00,고속도로,종점,"(4차로,갓길)사고처리중",126.7546,37.4691
2024-11-27 23:00,고속도로,기점,"(1,2차로)화물차관련사고처리중",127.5902,36.9698
2024-11-27 23:00,고속도로,기점,(갓길)승용차단독사고처리중,127.2623,35.6942
2024-11-27 23:00,고속도로,종점,(발안요금소광장부)화물차관련사고처리중,126.8837,37.1197
2024-11-28 00:00,고속도로,종점,(2차로)승용차관련사고처리중,127.3424,36.9818
2024-11-28 00:00,고속도로,기점,"(1,2차로)화물차관련사고처리중",127.5902,36.9698
2024-11-28 00:00,고속도로,기점,"(1,2차로)승용차관련사고처리중",126.9232,37.3263
2024-11-28 01:00,고속도로,기점,"(1,2차로)승용차관련사고처리중",127.1626,37.0319
2024-11-28 01:00,고속도로,기점,(갓길)승용차사고처리중,127.6307,37.1662
2024-11-28 01:00,고속도로,종점,(1차로)승용차관련사고처리중,126.7518,37.4325
2024-11-28 01:00,고속도로,기점,"(1,2차로)화물차관련사고처리중",127.5902,36.9698
2024-11-28 01:00,고속도로,기점,"(1,2차로)화물차관련사고처리중",126.8698,37.3396
2024-11-28 02:00,고속도로,종점,(강릉방향진출로1차로)버스관련사고처리중(국도우회바람),127.1037,37.2912
2024-11-28 02:00,고속도로,기점,(강릉방향진출로1차로)버스관련사고처리중(국도우회바람),127.1037,37.2912
2024-11-28 02:00,고속도로,종점,(1차로)승용차관련사고처리중,127.1201,37.0327
2024-11-28 03:00,고속도로,종점,"(1,2차로)사고처리중(중부선이용바람)",127.3707,37.2963
2024-11-28 03:00,고속도로,종점,(갓길)화물차관련사고처리중,128.7997,35.5131
2024-11-28 03:00,고속도로,기점,(2차로)승용차관련사고처리중,126.9002,37.4393
2024-11-28 03:00,고속도로,기점,(2차로)승용차관련사고처리중,127.0335,37.3101
2024-11-28 04:00,고속도로,기점,"(1,2차로)화물차관련사고처리중(중부선이용바람)",127.2466,37.4765
2024-11-28 04:00,고속도로,종점,(갓길)화물차관련사고처리중,128.7997,35.5131
2024-11-28 04:00,고속도로,종점,"(1,2차로)사고처리중(중부선이용바람)",127.3707,37.2963
2024-11-28 05:00,고속도로,종점,"(2,3,4차로)사고처리중",127.3929,37.24
2024-11-28 05:00,고속도로,종점,"(1,2차로)사고처리중(중부선이용바람)",127.3707,37.2963
2024-11-28 05:00,고속도로,종점,"(1,2차로)사고처리중",127.3141,36.2802
2024-11-28 05:00,고속도로,기점,"(1,2차로)화물차사고처리중",127.9064,37.3583
2024-11-28 05:00,고속도로,기점,(4차로)화물차사고처리중,127.3202,37.248
2024-11-28 05:00,고속도로,기점,"(1,2차로)사고처리중(2중부선우회바람)",127.3693,37.2955
2024-11-28 05:00,고속도로,기점,(2차로)화물차관련사고처리중,127.2466,37.4765
2024-11-28 06:00,고속도로,기점,(갓길)승용차관련사고처리중,127.0314,37.3935
2024-11-28 06:00,고속도로,기점,(2차로)화물차관련사고처리중,127.2466,37.4765
2024-11-28 06:00,고속도로,기점,"(1,2차로)사고처리중(2중부선우회바람)",127.3693,37.2955
2024-11-28 06:00,고속도로,기점,(4차로)화물차사고처리중,127.3202,37.248
2024-11-28 06:00,고속도로,종점,"(5차로,갓길)승용차관련사고처리중",127.0798,37.4205
2024-11-28 06:00,고속도로,종점,"(1,2차로)사고처리중",127.3141,36.2802
2024-11-28 06:00,고속도로,종점,"(3,4차로)사고처리중",127.3929,37.24
2024-11-28 07:00,고속도로,종점,"(1,2차로)사고처리중",127.3141,36.2802
2024-11-28 07:00,고속도로,기점,(1차로)승용차단독사고처리중,126.9404,34.7287
2024-11-28 07:00,고속도로,기점,(갓길)승용차관련사고처리중,127.0314,37.3935
2024-11-28 07:00,고속도로,종점,"(3,4차로)사고처리중",127.3929,37.24
2024-11-28 07:00,고속도로,기점,(2차로)사고처리중,127.1817,37.2719
2024-11-28 07:00,고속도로,기점,(1차로)승용차사고처리중,127.5249,37.2418
2024-11-28 07:00,고속도로,기점,(4차로)화물차사고처리중,127.3202,37.248
2024-11-28 07:00,고속도로,기점,(1차로)사고처리중(2중부선우회바람),127.3693,37.2955
2024-11-28 07:00,고속도로,종점,(진출로1차로)하이패스진출로화물차사고처리중,127.6708,37.1243
2024-11-28 08:00,고속도로,종점,(진출로1차로)하이패스진출로화물차사고처리중,127.6708,37.1243
2024-11-28 08:00,고속도로,종점,(갓길)승용차관련사고처리중,129.2024,35.2811
2024-11-28 08:00,고속도로,종점,"(3,4차로)사고처리중",127.3929,37.24
2024-11-28 08:00,고속도로,기점,(1차로)승용차단독사고처리중,126.9404,34.7287
2024-11-28 08:00,고속도로,종점,"(1,2차로)사고처리중",127.3141,36.2802
2024-11-28 08:00,고속도로,종점,(갓길)승용차사고처리중,127.1868,36.9495
2024-11-28 08:00,고속도로,기점,(2차로)승용차관련사고처리중,127.3457,37.6343
2024-11-28 08:00,고속도로,종점,"(1차로,갓길)승합차사고처리중",128.6832,36.4192
2024-11-28 08:00,고속도로,기점,(1차로)승용차사고처리중,127.5667,37.2395
2024-11-28 08:00,고속도로,기점,"(진출로1차로)화물차관련사고처리중(진출불가덕평,용인IC이용바람)",127.2891,37.2391
2024-11-28 08:00,고속도로,기점,"(1,2차로)승용차관련사고처리중",128.4637,35.2713
2024-11-28 08:00,고속도로,종점,(갓길)화물차사고처리중,128.7054,36.4188
2024-11-28 09:00,고속도로,종점,"(1,2차로)사고처리중",127.3141,36.2802
2024-11-28 09:00,고속도로,기점,"(2,3차로)사고처리중",126.6378,36.8599
2024-11-28 10:00,고속도로,종점,(갓길)승용차관련사고처리중,128.9743,37.6847
2024-11-28 10:00,고속도로,기점,(갓길)승용차단독사고처리중,127.9748,37.3034
2024-11-28 10:00,고속도로,종점,(갓길)승용단독사고처리중,127.9908,37.4095
2024-11-28 10:00,고속도로,기점,(3차로)사고확인중,126.8773,37.1551
2024-11-28 11:00,고속도로,기점,"(3차로,갓길)사고처리중",126.8837,37.1197
2024-11-28 11:00,고속도로,종점,"(3차로,갓길)사고처리중",126.8801,37.1464
2024-11-28 13:00,고속도로,기점,(1차로)대형화물차사고처리중,128.1287,37.1791
2024-11-28 15:00,고속도로,기점,(3차로)사고처리중,126.9395,37.3287
2024-11-28 16:00,고속도로,기점,(진출로갓길)승용차단독사고처리중,127.9481,37.4012
2024-11-28 17:00,고속도로,종점,(1차로)사고처리중,126.9367,37.3767
2024-11-28 17:00,고속도로,종점,"(5차로,갓길)사고처리중",126.9023,37.4237
2024-11-28 18:00,고속도로,종점,(갓길)승용차관련사고처리중,126.9888,37.3835
2024-11-28 19:00,고속도로,종점,(화물하이패스차로)승합차관련사고처리중,127.1033,37.3633
2024-11-28 19:00,고속도로,종점,(광장)승용차단독사고처리중,128.6092,35.2611
2024-11-28 20:00,고속도로,기점,(갓길)사고처리중,126.7678,37.5242
2024-11-28 20:00,고속도로,기점,(2차로)화물차관련사고처리중,127.4414,37.1856
2024-11-28 21:00,고속도로,기점,(2차로)화물차관련사고처리중,127.4414,37.1856
2024-11-28 22:00,고속도로,기점,"(1,2차로)화물차관련사고처리중",127.4414,37.1856
2024-11-29 00:00,고속도로,기점,(진출로갓길)승용차사고처리중,126.8013,35.5074
2024-11-29 00:00,고속도로,종점,(2차로)단독사고처리중,127.5125,37.6777
2024-11-29 00:00,고속도로,종점,(진출로1차로)승용차관련사고처리중,126.866,37.361
2024-11-29 01:00,고속도로,종점,(진출로1차로)승용차관련사고처리중,126.866,37.361
2024-11-29 01:00,고속도로,기점,(4차로)승용차관련사고처리중,127.1162,37.1063
2024-11-29 01:00,고속도로,기점,(갓길)화재사고처리중,126.7379,37.429
2024-11-29 02:00,고속도로,종점,(광장부)승용차사고처리중,126.7631,37.4321
2024-11-29 02:00,고속도로,기점,(인천방향진출로2차로)화물차사고처리중,126.7405,37.4328
2024-11-29 02:00,고속도로,기점,(4차로)승용차관련사고처리중,127.1162,37.1063
2024-11-29 03:00,고속도로,기점,(인천방향진출로2차로)화물차사고처리중,126.7405,37.4328
2024-11-29 04:00,고속도로,기점,(3차로)승용차관련사고처리중,126.8959,37.323
2024-11-29 04:00,고속도로,기점,(인천방향진출로2차로)화물차사고처리중,126.7405,37.4328
2024-11-29 05:00,고속도로,기점,(인천방향진출로2차로)화물차사고처리중,126.7405,37.4328
2024-11-29 05:00,고속도로,종점,(진출로2차로)사고처리중,126.7866,37.6043
2024-11-29 07:00,고속도로,기점,"(4,5차로)사고처리중",126.8698,37.3396
2024-11-29 11:00,고속도로,기점,(3차로)승용차관련사고처리중,127.3743,36.6754
2024-11-29 11:00,고속도로,종점,"(1,2차로)화물차관련사고처리중 우회바람",127.1224,37.4169
2024-11-29 11:00,고속도로,종점,(4차로)승용차단독사고처리중,128.6552,35.2729
2024-11-29 12:00,고속도로,종점,"(1,2차로)화물차관련사고처리중 우회바람",127.1224,37.4169
2024-11-29 13:00,고속도로,종점,(1차로)승용차관련사고처리중,126.8918,37.2667
2024-11-29 13:00,고속도로,기점,(1차로)승용차단독사고처리중,126.777,35.1589
2024-11-29 14:00,고속도로,종점,(3차로)추돌사고처리중,126.9191,37.0487
2024-11-29 14:00,고속도로,기점,(2차로)승용차관련사고처리중,127.0422,37.3044
2024-11-29 14:00,고속도로,종점,(1차로)추돌사고처리중,126.9213,37.0487
2024-11-29 14:00,고속도로,기점,(2차로)승용차관련사고처리중,127.1471,37.0114
2024-11-29 16:00,고속도로,기점,(갓길)승용차사고처리중,127.4291,37.6494
2024-11-29 16:00,고속도로,종점,(갓길)사고확인중,127.0898,35.943
2024-11-29 16:00,고속도로,기점,(2차로)승용차관련사고처리중,126.8698,37.3396
2024-11-29 17:00,고속도로,기점,(갓길)승용차관련사고처리중,126.8698,37.3396
2024-11-29 18:00,고속도로,기점,(1차로)승용차사고처리중,127.4272,36.4712
2024-11-29 18:00,고속도로,기점,(1차로)승용차관련사고처리중,128.9822,35.2672
2024-11-29 18:00,고속도로,기점,(갓길)승용차관련사고처리중,126.8698,37.3396
2024-11-29 18:00,고속도로,기점,(1차로)승용차관련사고처리중,128.4595,35.9432
2024-11-29 18:00,고속도로,기점,(1차로)승용차추돌사고처리중,126.8146,35.2444
2024-11-29 19:00,고속도로,종점,(1차로)승용차관련추돌사고처리중,127.3221,35.5723
2024-11-29 19:00,고속도로,기점,(2차로)승용차관련사고처리중,128.6068,35.9336
2024-11-29 19:00,고속도로,종점,"(5,6차로)화물차관련사고처리중",126.8618,37.3526
2024-11-29 20:00,고속도로,종점,(1차로)승용차사고처리중,127.5175,37.2439
2024-11-29 20:00,고속도로,종점,(1차로)승용차관련사고처리중,126.8602,37.3493
2024-11-29 22:00,고속도로,종점,(3차로)화물차사고처리중,127.5838,36.3041
2024-11-29 23:00,고속도로,종점,(3차로)화물차사고처리중,127.5838,36.3041
2024-11-30 00:00,고속도로,기점,(진입로1차로)사고처리중,126.7543,37.5241
2024-11-30 00:00,고속도로,종점,(3차로)화물차사고처리중,127.5838,36.3041
2024-11-30 01:00,고속도로,기점,(하이패스차로)사고처리중,126.8618,37.3526
2024-11-30 03:00,고속도로,기점,(1차로)사고처리중,126.7066,37.4337
2024-11-30 03:00,고속도로,종점,(1차로)사고처리중,126.7066,37.4337
2024-11-30 03:00,고속도로,종점,(2차로)대형화물차화재사고처리중,128.0797,36.7404
2024-11-30 03:00,고속도로,기점,(갓길)하이패스차로승용차단독사고처리중,126.4321,35.0134
2024-11-30 04:00,고속도로,종점,(2차로)대형화물차화재사고처리중(문경새재IC국도우회이용바람),128.0797,36.7404
2024-11-30 04:00,고속도로,기점,(1차로)사고처리중,126.7066,37.4337
2024-11-30 04:00,고속도로,종점,(1차로)사고처리중,126.7066,37.4337
2024-11-30 06:00,고속도로,종점,(진출로갓길)승용차사고처리중,128.3581,36.3837
2024-11-30 07:00,고속도로,기점,점멸등작동,127.1026,36.0819
2024-11-30 09:00,고속도로,종점,(2차로)승용차사고처리중,128.0157,36.432
2024-11-30 10:00,고속도로,종점,(1차로)승용차관련사고처리중,127.4881,36.8522
2024-11-30 10:00,고속도로,기점,(진입로갓길)승용차단독사고처리중,126.8318,35.5775
2024-11-30 11:00,고속도로,종점,"(1,2차로)승용차관련사고처리중",127.74,37.0431
2024-11-30 11:00,고속도로,종점,(3차로)승용차사고처리중,127.7268,37.7529
2024-11-30 12:00,고속도로,종점,(1차로)승용차관련사고처리중,129.052,35.3794
2024-11-30 12:00,고속도로,종점,"(1,2차로)승용차관련사고처리중",127.7951,37.0353
2024-11-30 13:00,고속도로,기점,(1차로)승용차관련사고처리중,127.9948,35.0688
2024-11-30 13:00,고속도로,종점,(1차로)승용차관련사고처리중,128.5632,35.2905
2024-11-30 13:00,고속도로,종점,(1차로)승용차관련사고처리중,128.9842,35.2492
2024-11-30 16:00,고속도로,기점,벌곡휴게소내사고확인중,127.277,36.2228
2024-11-30 16:00,고속도로,종점,(1차로)사고처리중,126.7918,35.4817
2024-11-30 18:00,고속도로,종점,(1차로)승용차추돌사고처리중,126.6662,35.0876
2024-11-30 19:00,고속도로,종점,(차로확인중)사고처리중,126.7033,37.5236
2024-11-30 22:00,고속도로,종점,"(4차로,갓길)사고처리중",126.7712,37.5242
2024-12-01 00:00,고속도로,기점,(갓길)승용차단독사고처리중,129.1882,35.4976
2024-12-01 00:00,고속도로,종점,"(2차로,갓길)화물차단독화재사고처리중",128.9228,35.2944
2024-12-01 00:00,고속도로,종점,(갓길)승용차관련사고처리중,127.2564,37.605
2024-12-01 03:00,국도,서울방향,국도45호선 용인 원천육교(서울방향) 차량 전도사고 전면통제,127.199795,37.189899
2024-12-01 03:00,고속도로,기점,(1차로)승용차단독사고처리중,127.7897,37.0359
2024-12-01 04:00,국도,서울방향,국도45호선 용인 원천육교(서울방향) 차량 전도사고 전면통제,127.199795,37.189899
2024-12-01 04:00,고속도로,종점,(1차로)승용차사고처리중,126.8732,37.1818
2024-12-01 05:00,고속도로,종점,"(5차로,갓길)화물차관련사고처리중",127.0997,37.125
2024-12-01 06:00,고속도로,종점,"(4,5차로,갓길)화물차관련사고처리중",127.0997,37.125
2024-12-01 07:00,고속도로,종점,(3차로)사고처리중,126.8618,37.3526
2024-12-01 07:00,고속도로,종점,(진출로)승용차관련사고처리중,127.1484,37.5104
2024-12-01 07:00,고속도로,종점,(진입로갓길)승용차관련사고처리중,126.7955,37.3531
2024-12-01 08:00,고속도로,종점,(진입로갓길)승용차관련사고처리중,126.7955,37.3531
2024-12-01 09:00,고속도로,종점,(진입로갓길)승용차관련사고처리중,126.7955,37.3531
2024-12-01 10:00,고속도로,기점,(갓길)승용차사고처리중,126.8497,36.6148
2024-12-01 10:00,고속도로,종점,(진입로갓길)승용차관련사고처리중,126.7955,37.3531
2024-12-01 10:00,고속도로,기점,(갓길)승용차추돌사고처리중,127.2676,36.7314
2024-12-01 11:00,고속도로,종점,(1차로)승용차관련사고처리중,128.0931,36.726
2024-12-01 14:00,고속도로,기점,(1차로)승용차관련사고처리중,127.6945,37.7452
2024-12-01 15:00,고속도로,종점,(갓길)승용차단독사고처리중,126.4929,35.003
2024-12-01 15:00,고속도로,기점,(3차로)승용차관련사고처리중,126.8714,37.3413
2024-12-01 16:00,고속도로,종점,(2차로)승용차관련사고처리중,127.8973,35.6279
2024-12-01 17:00,고속도로,종점,(갓길)승용차관련사고처리중,126.6789,37.4355
2024-12-01 18:00,고속도로,기점,(1차로)승용차관련사고처리중,127.4438,36.7163
2024-12-01 18:00,고속도로,기점,"(2,3차로)승용차관련사고처리중",127.1035,37.3273
2024-12-01 18:00,고속도로,종점,(갓길)사고처리중,127.152,37.5125
2024-12-01 19:00,고속도로,종점,(갓길)승용차단독사고처리중,126.8149,35.3562
2024-12-01 19:00,고속도로,종점,(갓길)승용차단독사고처리중,127.0481,35.8482
2024-12-01 19:00,고속도로,종점,"(4,5차로)사고처리중",126.7826,37.6012
2024-12-01 19:00,고속도로,종점,(1차로)사고처리중,127.1707,37.5669
2024-12-01 20:00,고속도로,종점,(갓길)승용차화재사고처리중,129.1574,35.6291
2024-12-01 20:00,고속도로,종점,"(1차로,갓길)승용차관련사고처리중",127.1883,35.8528
2024-12-01 23:00,고속도로,기점,"(1,2차로)승합차전도사고처리중",126.4983,34.8898
2024-12-02 00:00,고속도로,기점,"(1,2차로)승합차전도사고처리중",126.4983,34.8898
2024-12-02 03:00,고속도로,종점,(갓길)승용차관련사고처리중,126.8161,37.5226
2024-12-02 07:00,고속도로,종점,(1차로)승용차추돌사고처리중,126.9171,35.1825
2024-12-02 07:00,고속도로,기점,점멸등작동,127.1026,36.0819
2024-12-02 08:00,국도,용인방향,"사고처리중(용인방향 일방향 전면통제, 대전청 5개구간 VMS 협조요청)",127.43778,37.016989
2024-12-02 08:00,고속도로,종점,(1차로)승용차사고처리중,128.5598,35.9041
2024-12-02 08:00,고속도로,기점,점멸등작동,127.1026,36.0819
2024-12-02 08:00,고속도로,종점,(1차로)승용차관련사고처리중,127.1231,37.4186
2024-12-02 09:00,고속도로,기점,점멸등작동,127.1026,36.0819
2024-12-02 09:00,국도,용인방향,"사고처리중(용인방향 일방향 전면통제, 대전청 5개구간 VMS 협조요청)",127.43778,37.016989
2024-12-02 09:00,고속도로,기점,(갓길)사고처리중,127.4794,36.2355
2024-12-02 10:00,국도,용인방향,"사고처리중(용인방향 일방향 전면통제, 대전청 5개구간 VMS 협조요청)",127.43778,37.016989
2024-12-02 11:00,국도,용인방향,"사고처리중(용인방향 일방향 전면통제, 대전청 5개구간 VMS 협조요청)",127.43778,37.016989
2024-12-02 12:00,국도,용인방향,"사고처리중(용인방향 일방향 전면통제, 대전청 5개구간 VMS 협조요청)",127.43778,37.016989
2024-12-02 13:00,국도,용인방향,"사고처리중(용인방향 일방향 전면통제, 대전청 5개구간 VMS 협조요청)",127.43778,37.016989
2024-12-02 14:00,국도,용인방향,"사고처리중(용인방향 일방향 전면통제, 대전청 5개구간 VMS 협조요청)",127.43778,37.016989
2024-12-02 15:00,국도,용인방향,"사고처리중(용인방향 일방향 전면통제, 대전청 5개구간 VMS 협조요청)",127.43778,37.016989
2024-12-02 15:00,고속도로,종점,"(5차로,갓길)승용차관련사고처리중",127.0409,37.4625
2024-12-02 16:00,국도,용인방향,"사고처리중(용인방향 일방향 전면통제, 대전청 5개구간 VMS 협조요청)",127.43778,37.016989
2024-12-02 17:00,국도,용인방향,"사고처리중(용인방향 일방향 전면통제, 대전청 5개구간 VMS 협조요청)",127.43778,37.016989
2024-12-02 17:00,고속도로,종점,(1차로)승용차관련사고처리중,128.4313,35.6813
2024-12-02 18:00,국도,용인방향,"사고처리중(용인방향 일방향 전면통제, 대전청 5개구간 VMS 협조요청)",127.43778,37.016989
2024-12-02 18:00,고속도로,기점,(1차로)사고처리중,127.0481,35.8482
2024-12-02 18:00,고속도로,기점,(2차로)승용차관련사고처리중,127.1036,37.3092
2024-12-02 19:00,고속도로,기점,(3차로)승용차사고처리중,126.9015,37.3221
2024-12-02 19:00,고속도로,기점,"(1,2차로)사고처리중",127.0481,35.8482
2024-12-02 19:00,국도,용인방향,"사고처리중(용인방향 일방향 전면통제, 대전청 5개구간 VMS 협조요청)",127.43778,37.016989
2024-12-02 20:00,국도,용인방향,"사고처리중(용인방향 일방향 전면통제, 대전청 5개구간 VMS 협조요청)",127.43778,37.016989
2024-12-02 21:00,국도,용인방향,"사고처리중(용인방향 일방향 전면통제, 대전청 5개구간 VMS 협조요청)",127.43778,37.016989
2024-12-02 22:00,국도,용인방향,"사고처리중(용인방향 일방향 전면통제, 대전청 5개구간 VMS 협조요청)",127.43778,37.016989
2024-12-02 23:00,고속도로,기점,"양주TG(57K) 노고산2터널(55K)(2,3,4차로)터널진입전화재사고처리중",126.918,37.6794
2024-12-02 23:00,국도,용인방향,"사고처리중(용인방향 일방향 전면통제, 대전청 5개구간 VMS 협조요청)",127.43778,37.016989
2024-12-03 00:00,국도,용인방향,"사고처리중(용인방향 일방향 전면통제, 대전청 5개구간 VMS 협조요청)",127.43778,37.016989
2024-12-03 00:00,고속도로,기점,"양주TG(57K) 노고산2터널(55K)(2,3,4차로)터널진입전화재사고처리중",126.918,37.6794
2024-12-03 01:00,국도,용인방향,"사고처리중(용인방향 일방향 전면통제, 대전청 5개구간 VMS 협조요청)",127.43778,37.016989
2024-12-03 01:00,고속도로,종점,(2차로)승용차관련사고처리중,126.7512,37.5355
2024-12-03 02:00,고속도로,종점,(2차로)화물차관련사고처리중,128.053,35.7072
2024-12-03 02:00,고속도로,종점,(2차로)승용차관련사고처리중,126.7512,37.5355
2024-12-03 02:00,국도,용인방향,"사고처리중(용인방향 일방향 전면통제, 대전청 5개구간 VMS 협조요청)",127.43778,37.016989
2024-12-03 03:00,국도,용인방향,"사고처리중(용인방향 일방향 전면통제, 대전청 5개구간 VMS 협조요청)",127.43778,37.016989
2024-12-03 03:00,고속도로,종점,(2차로)대형화물차관련사고처리중,128.1611,36.6049
2024-12-03 04:00,고속도로,종점,(2차로)대형화물차관련사고처리중,128.1611,36.6049
2024-12-03 04:00,국도,용인방향,"사고처리중(용인방향 일방향 전면통제, 대전청 5개구간 VMS 협조요청)",127.43778,37.016989
2024-12-03 05:00,국도,용인방향,"사고처리중(용인방향 일방향 전면통제, 대전청 5개구간 VMS 협조요청)",127.43778,37.016989
2024-12-03 06:00,국도,용인방향,"사고처리중(용인방향 일방향 전면통제, 대전청 5개구간 VMS 협조요청)",127.43778,37.016989
2024-12-03 07:00,고속도로,종점,"(4차로,갓길)화물차관련사고처리중",128.3599,36.0771
2024-12-03 07:00,고속도로,종점,(2차로)승용차단독사고처리중,129.388,35.931
2024-12-03 07:00,고속도로,기점,(4차로)승용차관련사고처리중,129.0457,35.3532
2024-12-03 07:00,국도,용인방향,"사고처리중(용인방향 일방향 전면통제, 대전청 5개구간 VMS 협조요청)",127.43778,37.016989
2024-12-03 08:00,국도,용인방향,"사고처리중(용인방향 일방향 전면통제, 대전청 5개구간 VMS 협조요청)",127.43778,37.016989
2024-12-03 09:00,국도,용인방향,"사고처리중(용인방향 일방향 전면통제, 대전청 5개구간 VMS 협조요청)",127.43778,37.016989
2024-12-03 09:00,고속도로,기점,(1차로)승용차관련추돌사고처리중,126.7587,35.147
2024-12-03 10:00,고속도로,기점,(5차로)승용차관련사고처리중,126.812,37.4421
2024-12-03 10:00,국도,용인방향,"사고처리중(용인방향 일방향 전면통제, 대전청 5개구간 VMS 협조요청)",127.43778,37.016989
2024-12-03 11:00,고속도로,기점,(5차로)승용차관련사고처리중,126.812,37.4421
2024-12-03 11:00,국도,용인방향,"사고처리중(용인방향 일방향 전면통제, 대전청 5개구간 VMS 협조요청)",127.43778,37.016989
2024-12-03 12:00,국도,용인방향,"사고처리중(용인방향 일방향 전면통제, 대전청 5개구간 VMS 협조요청)",127.43778,37.016989
2024-12-03 13:00,국도,용인방향,"사고처리중(용인방향 일방향 전면통제, 대전청 5개구간 VMS 협조요청)",127.43778,37.016989
2024-12-03 13:00,고속도로,종점,(갓길)사고처리중,126.752,37.5265
2024-12-03 13:00,고속도로,종점,(2차로)사고처리중,126.5831,36.531
2024-12-03 14:00,국도,용인방향,"사고처리중(용인방향 일방향 전면통제, 대전청 5개구간 VMS 협조요청)",127.43778,37.016989
2024-12-03 15:00,고속도로,기점,(4차로)화물차관련사고처리중,126.6331,37.4458
2024-12-03 15:00,국도,용인방향,"사고처리중(용인방향 일방향 전면통제, 대전청 5개구간 VMS 협조요청)",127.43778,37.016989
2024-12-03 16:00,국도,용인방향,"사고처리중(용인방향 일방향 전면통제, 대전청 5개구간 VMS 협조요청)",127.43778,37.016989
2024-12-03 16:00,고속도로,종점,(갓길)승용차단독사고처리중,127.4253,37.2367
2024-12-03 16:00,고속도로,기점,(갓길)승용차관련사고처리중,127.1581,37.5819
2024-12-03 16:00,고속도로,종점,(진출로갓길)승용차관련사고처리중,126.7066,37.4337
2024-12-03 17:00,국도,용인방향,"사고처리중(용인방향 일방향 전면통제, 대전청 5개구간 VMS 협조요청)",127.43778,37.016989
2024-12-03 18:00,국도,용인방향,"사고처리중(용인방향 일방향 전면통제, 대전청 5개구간 VMS 협조요청)",127.43778,37.016989
2024-12-03 19:00,고속도로,종점,(갓길)승용차관련사고처리중,129.0164,35.2734
2024-12-03 19:00,고속도로,종점,"(진출로1,2차로)승용차관련사고처리중",127.0939,37.4065
2024-12-03 19:00,국도,용인방향,"사고처리중(용인방향 일방향 전면통제, 대전청 5개구간 VMS 협조요청)",127.43778,37.016989
2024-12-03 20:00,고속도로,종점,(1차로)추돌사고처리중,126.8932,37.3104
2024-12-03 20:00,국도,용인방향,"사고처리중(용인방향 일방향 전면통제, 대전청 5개구간 VMS 협조요청)",127.43778,37.016989
2024-12-03 21:00,고속도로,기점,(3차로)화물차화재사고처리중,126.7449,37.3938
2024-12-03 21:00,국도,용인방향,"사고처리중(용인방향 일방향 전면통제, 대전청 5개구간 VMS 협조요청)",127.43778,37.016989
2024-12-03 22:00,국도,용인방향,"사고처리중(용인방향 일방향 전면통제, 대전청 5개구간 VMS 협조요청)",127.43778,37.016989
2024-12-03 22:00,고속도로,기점,(2차로)승용차단독사고처리중,126.8274,35.2197
2024-12-03 23:00,국도,용인방향,"사고처리중(용인방향 일방향 전면통제, 대전청 5개구간 VMS 협조요청)",127.43778,37.016989
2024-12-04 00:00,고속도로,종점,"(1,2차로)승용차사고처리중",127.2408,37.2468
2024-12-04 00:00,고속도로,종점,(갓길)화물차관련사고처리중,128.5383,36.0198
2024-12-04 00:00,국도,용인방향,"사고처리중(용인방향 일방향 전면통제, 대전청 5개구간 VMS 협조요청)",127.43778,37.016989
2024-12-04 01:00,고속도로,종점,"(1,4차로)승용차사고처리중",127.2408,37.2468
2024-12-04 08:00,고속도로,기점,(3차로)화물차관련사고처리중,128.9839,35.2429
2024-12-04 09:00,고속도로,종점,(진출로갓길)승용차단독사고처리중,128.5035,35.3224
2024-12-04 09:00,고속도로,기점,(4차로)승용차관련사고처리중,128.965,35.1537
2024-12-04 09:00,고속도로,기점,(4차로)사고처리중,127.1581,37.5819
2024-12-04 10:00,고속도로,기점,(갓길)대형화물차화재사고처리중,127.4497,37.0923
2024-12-04 10:00,고속도로,기점,(갓길)사고처리중,126.8793,37.3241
2024-12-04 11:00,고속도로,기점,(갓길)사고처리중,126.8793,37.3241
2024-12-04 11:00,고속도로,기점,(갓길)대형화물차화재사고처리중,127.4497,37.0923
2024-12-04 12:00,고속도로,기점,(갓길)대형화물차화재사고처리중,127.4497,37.0923
2024-12-04 13:00,고속도로,종점,(진출로2차로)화물차화재사고처리중,127.1626,37.0319
2024-12-04 13:00,고속도로,기점,(갓길)대형화물차화재사고처리중 정체극심우회바람,127.4497,37.0923
2024-12-04 14:00,고속도로,종점,"(2차로,진출로)화물차화재사고처리중",127.1626,37.0319
2024-12-04 14:00,고속도로,종점,(1차로)사고처리중,127.1741,37.516
2024-12-04 14:00,고속도로,기점,"(3,4차로)화물차관련사고처리중",128.4301,36.0156
2024-12-04 14:00,고속도로,종점,(1차로)승용차사고처리중,127.7811,37.7708
2024-12-04 15:00,고속도로,종점,(2차로)승용차관련사고처리중,127.1408,37.0286
2024-12-04 15:00,고속도로,종점,"(4차로,갓길)추돌사고처리중",126.8969,37.2767
2024-12-04 16:00,고속도로,종점,"(1,3차로)승용차관련사고처리중",127.4436,37.199
2024-12-04 17:00,고속도로,종점,(1차로)승용차관련사고처리중,126.6953,37.4333
2024-12-04 18:00,고속도로,기점,(1차로)승용차관련사고처리중,126.9786,37.3797
2024-12-04 19:00,고속도로,종점,(4차로)승용차화재사고처리중,126.9283,37.3282
2024-12-04 19:00,고속도로,기점,(갓길)화물차관련사고처리중,127.1581,37.5819
2024-12-04 19:00,고속도로,기점,(1차로)승용차관련사고처리중,126.7722,37.5957
2024-12-04 19:00,고속도로,기점,(갓길)승용차관련사고처리중,126.8473,37.3969
2024-12-04 20:00,고속도로,기점,(갓길)화물차관련사고처리중,127.1581,37.5819
2024-12-04 20:00,고속도로,기점,(갓길)승용차관련사고처리중,126.8473,37.3969
2024-12-04 21:00,고속도로,기점,(갓길)화물차관련사고처리중,127.1581,37.5819
2024-12-04 22:00,고속도로,기점,(갓길)화물차관련사고처리중,127.1581,37.5819
2024-12-04 22:00,고속도로,기점,(4차로)승용차관련사고처리중,126.7724,37.5242
2024-12-05 00:00,고속도로,종점,(1차로)승용차관련사고처리중,127.1038,37.2642
2024-12-05 01:00,고속도로,종점,"(1,4차로)승용차관련사고처리중",126.8428,37.401
2024-12-05 02:00,고속도로,종점,"(4차로,갓길)승용차관련사고처리중",126.8428,37.401
2024-12-05 03:00,고속도로,종점,(2차로)화물차관련사고처리중,128.1611,36.6049
2024-12-05 04:00,고속도로,종점,"(2,3차로)승용차추돌사고처리중",127.3844,36.6236
2024-12-05 04:00,고속도로,기점,(진출로1차로)화물차단독사고처리중,126.7832,36.938
2024-12-05 04:00,고속도로,종점,(2차로)화물차관련사고처리중,128.1611,36.6049
2024-12-05 04:00,고속도로,종점,(갓길)승용차화재사고처리중,128.5105,35.2834
2024-12-05 05:00,고속도로,종점,(갓길)승용차화재사고처리중,128.5105,35.2834
2024-12-05 06:00,고속도로,종점,(갓길)승용차화재사고처리중,128.5105,35.2834
2024-12-05 06:00,고속도로,기점,"(1,2차로)화물차관련사고처리중",126.7933,37.6116
2024-12-05 07:00,고속도로,종점,(갓길)승용차사고처리중,128.5105,35.2834
2024-12-05 08:00,고속도로,종점,(1차로)승용차관련사고처리중,126.91,37.373
2024-12-05 08:00,고속도로,종점,(갓길)승용차사고처리중,128.5105,35.2834
2024-12-05 09:00,고속도로,기점,(2차로)승용차관련추돌사고처리중,126.8708,35.1917
2024-12-05 09:00,고속도로,종점,(2차로)대형화물차관련사고처리중,127.4755,36.8849
2024-12-05 09:00,고속도로,종점,(1차로)승용차관련사고처리중,126.91,37.373
2024-12-05 11:00,고속도로,종점,(4차로)승용차관련사고처리중,126.949,37.3784
2024-12-05 12:00,고속도로,기점,(1차로)추돌사고처리중,126.8932,37.3104
2024-12-05 15:00,고속도로,기점,사고처리중,126.9763,37.7144
2024-12-05 15:00,고속도로,종점,"(1,2차로)대형버스관련사고처리중",127.1529,36.9978
2024-12-05 15:00,고속도로,기점,(진출로2차로)승용차관련사고처리중,126.7855,37.4299
2024-12-05 17:00,고속도로,기점,"(4,5차로)화물차관련사고처리중",126.8697,37.0073
2024-12-05 17:00,고속도로,기점,"(2차로,갓길)승용차관련사고처리중",128.2136,36.435
2024-12-05 18:00,고속도로,기점,"(4,5차로)화물차관련사고처리중",126.8697,37.0073
2024-12-05 19:00,고속도로,종점,"(3,4차로)대형버스관련사고처리중",127.4728,36.3463
2024-12-05 19:00,고속도로,종점,(2차로)승용차관련사고처리중,126.8932,37.3104
2024-12-05 21:00,고속도로,기점,(갓길)화물차관련사고처리중,126.838,37.4403
2024-12-05 21:00,고속도로,종점,"(1,2차로)대형버스관련사고처리중",127.0591,37.4419
2024-12-05 22:00,고속도로,종점,"(3,4차로)",127.1034,37.3426
2024-12-06 00:00,고속도로,종점,(진출로2차로)사고처리중,126.9993,37.3868
2024-12-06 01:00,고속도로,기점,(갓길)승용차관련사고처리중,127.1047,37.1214
2024-12-06 02:00,고속도로,종점,(진출로갓길)승용차단독사고처리중,127.1896,35.8438
2024-12-06 02:00,고속도로,종점,(2차로)승용차화물차추돌사고처리중,126.6011,36.8397
2024-12-06 04:00,고속도로,기점,점멸등작동,127.1026,36.0819
2024-12-06 05:00,고속도로,기점,점멸등작동,127.1026,36.0819
2024-12-06 06:00,고속도로,종점,(갓길)대형화물차화재사고처리중,128.2401,36.3664
2024-12-06 06:00,고속도로,종점,(1차로)화물차관련사고처리중,129.2325,36.0639
2024-12-06 07:00,고속도로,기점,(1차로)승합차단독사고처리중,126.561,34.7373
2024-12-06 07:00,고속도로,종점,(갓길)승용차관련사고처리중,128.1943,37.4908
2024-12-06 08:00,고속도로,기점,(천안방향진출로1차로)사고처리중,127.1226,36.4921
2024-12-06 08:00,고속도로,기점,"(1,2차로)승용차관련사고처리중",126.6558,37.4371
2024-12-06 09:00,고속도로,기점,"(5차로,갓길)추돌사고처리중",126.8692,37.0037
2024-12-06 10:00,고속도로,종점,(1차로)승용차관련사고처리중,128.5221,36.0369
2024-12-06 10:00,고속도로,종점,(5차로)승용차관련사고처리중,126.7505,37.5185
2024-12-06 10:00,고속도로,종점,(1차로)승용차사고처리중,127.491,36.8174
2024-12-06 11:00,고속도로,기점,(갓길)승용차관련사고처리중,127.4232,36.5947
2024-12-06 11:00,고속도로,종점,(갓길)화물차관련사고처리중,127.4232,36.5947
2024-12-06 12:00,고속도로,종점,"(4차로,갓길)버스관련사고처리중",127.1875,36.8727
2024-12-06 13:00,고속도로,기점,(2차로)화물차관련사고처리중,126.7549,37.4727
2024-12-06 13:00,고속도로,기점,"(2차로,갓길)화물차사고처리중",128.5586,36.7964
2024-12-06 13:00,고속도로,종점,(1차로)승용차관련사고처리완료,128.1826,36.5087
2024-12-06 13:00,고속도로,종점,(1차로)화물차관련사고처리중,127.4206,36.6014
2024-12-06 14:00,고속도로,기점,(1차로)추돌사고처리중,126.8618,37.3526
2024-12-06 14:00,고속도로,기점,(진입로1차로)승용차단독사고처리중,128.5749,36.2641
2024-12-06 14:00,고속도로,종점,(1차로)승용차사고처리중,127.9815,37.2986
2024-12-06 15:00,고속도로,종점,(1차로)승용차관련사고처리중,127.6396,36.4744
2024-12-06 15:00,고속도로,종점,(2차로)승용차관련사고처리중,127.1033,37.3543
2024-12-06 15:00,고속도로,종점,(3차로)사고처리중,126.6513,37.4369
2024-12-06 16:00,고속도로,기점,"(2차로,갓길)중형화물차사고처리중",127.0427,35.8403
2024-12-06 16:00,고속도로,종점,(1차로)승용차관련사고처리중,126.9435,37.0468
2024-12-06 16:00,고속도로,종점,(3차로)화물차관련사고처리중,127.1376,37.0357
2024-12-06 16:00,고속도로,종점,(3차로)사고처리중,126.6513,37.4369
2024-12-06 16:00,고속도로,종점,(진출로2차로)사고처리중,126.7543,37.5241
2024-12-06 17:00,고속도로,종점,(진입로1차로)승용차단독사고처리중(국도진입램프부강 남청주ic진입로),127.4302,36.533
2024-12-06 17:00,고속도로,종점,(1차로)승용차추돌사고처리중,126.702,35.1047
2024-12-06 17:00,고속도로,기점,"(1,2차로)승용차관련사고처리중",126.7779,37.5987
2024-12-06 18:00,고속도로,기점,(1차로)승용차관련사고처리중,126.7779,37.5987
2024-12-06 18:00,고속도로,기점,(1차로)승용차추돌사고처리중,126.8707,36.9786
2024-12-06 18:00,고속도로,기점,(1차로)승용차사고처리중,127.4294,36.4753
2024-12-06 18:00,고속도로,종점,"(3차로,갓길)숭용차관련사고처리중",126.838,37.4403
2024-12-06 18:00,고속도로,종점,(갓길)화물차관련사고처리중,127.3205,37.3536
2024-12-06 19:00,고속도로,기점,(진출로1차로)승용차사고처리중,127.1738,36.8332
2024-12-06 19:00,고속도로,종점,(1차로)승용차사고처리중,127.5078,36.7827
2024-12-06 20:00,고속도로,종점,(갓길)승용차관련사고처리중,127.1235,37.0329
2024-12-06 20:00,고속도로,종점,(갓길)승용차추돌사고처리중,126.8458,35.198
2024-12-06 21:00,고속도로,종점,(2차로)승용차추돌사고처리중,127.1587,36.9842
2024-12-06 21:00,고속도로,종점,(3차로)승용차사고처리중,127.3733,36.677
2024-12-06 22:00,고속도로,종점,"(2,3차로)승용차관련사고처리중",126.8951,37.4246
2024-12-07 01:00,고속도로,기점,(1차로)사고처리중,127.1551,37.5994
2024-12-07 02:00,고속도로,기점,(갓길)승용차관련사고처리중,127.1033,37.3633
2024-12-07 03:00,고속도로,기점,(1차로)대형화물차관련사고처리중,127.9217,36.4452
2024-12-07 03:00,고속도로,기점,(갓길)승용차관련사고처리중,127.1033,37.3633
2024-12-07 04:00,고속도로,기점,(1차로)대형화물차관련사고처리중,127.9217,36.4452
2024-12-07 05:00,고속도로,종점,(1차로)화물차관련사고처리중,128.7817,35.9531
2024-12-07 07:00,고속도로,기점,(5차로)화물차관련사고처리중,127.1057,37.2286
2024-12-07 08:00,고속도로,기점,"(3,4차로)화물차관련사고처리중",126.7502,37.5167
2024-12-07 09:00,고속도로,종점,(1차로)승용차관련사고처리중,127.4055,37.6388
2024-12-07 10:00,고속도로,종점,(1차로)승용차관련사고처리중,127.3161,37.3808
2024-12-07 11:00,고속도로,종점,(1차로)승용차관련사고처리중,128.2247,36.3008
2024-12-07 11:00,고속도로,기점,(1차로)승용차관련추돌사고처리중,126.8952,35.1845
2024-12-07 11:00,고속도로,종점,"(2,3차로)승용차사고처리중",127.3194,36.7244
2024-12-07 12:00,고속도로,종점,(1차로)승용차관련사고처리중,127.4881,36.8522
2024-12-07 12:00,고속도로,종점,(1차로)승용차관련사고처리중,127.3172,37.3719
2024-12-07 12:00,고속도로,종점,(3차로)승용차사고처리중,127.3194,36.7244
2024-12-07 12:00,고속도로,종점,(2차로)승용차추돌사고처리중,128.3542,36.3819
2024-12-07 12:00,고속도로,종점,(1차로)승용차관련사고처리완료,127.74,37.0431
2024-12-07 13:00,고속도로,종점,(1차로)승용차관련사고처리중,128.542,35.2887
2024-12-07 13:00,고속도로,기점,(진출로2차로)화물차관련사고처리중,126.8064,37.3506
2024-12-07 13:00,고속도로,종점,(1차로)승용차관련사고처리중,127.74,37.0431
2024-12-07 13:00,고속도로,기점,"(1차로,갓길)승용차사고처리중",127.4755,36.9299
2024-12-07 13:00,고속도로,종점,(1차로)승용차단독사고처리중,128.4356,35.6719
2024-12-07 13:00,고속도로,기점,(4차로)승용차관련사고처리중,127.153,37.5128
2024-12-07 13:00,고속도로,기점,(1차로)승용차사고처리중,127.4762,36.903
2024-12-07 13:00,고속도로,종점,"(2차로,갓길)화물차사고처리중",127.7843,37.0375
2024-12-07 14:00,고속도로,종점,(갓길)승용차관련사고처리중,129.0438,35.3447
2024-12-07 14:00,고속도로,종점,"(4,5차로)화물차관련사고처리중",127.1009,37.3965
2024-12-07 15:00,고속도로,종점,(1차로)승용차관련사고처리중,128.6005,35.2556
2024-12-07 16:00,고속도로,종점,(1차로)대형화물차관련사고처리중,127.7118,36.4586
2024-12-07 16:00,고속도로,종점,(1차로)승용차사고처리중,126.8696,37.4322
2024-12-07 17:00,고속도로,기점,(1차로)승용차관련사고처리중,128.4756,35.9318
2024-12-07 17:00,고속도로,종점,(1차로)대형화물차관련사고처리중,127.7118,36.4586
2024-12-07 18:00,고속도로,종점,(갓길)승용차관련사고처리중,128.9772,35.2699
2024-12-07 18:00,고속도로,기점,(2차로)사고처리중,126.8088,37.433
2024-12-07 18:00,고속도로,기점,(2차로)승용차관련사고처리중,129.2749,36.418
2024-12-07 18:00,고속도로,종점,(갓길)승용차단독사고처리중,128.3362,35.825
2024-12-07 18:00,고속도로,기점,(1차로)승용차관련사고처리중,128.5872,35.2884
2024-12-07 23:00,고속도로,기점,(갓길)승용차단독사고처리중,126.6815,35.4923
2024-12-08 00:00,고속도로,종점,(1차로)승용차사고처리중,126.7832,36.938
2024-12-08 01:00,고속도로,종점,"(5,6차로)사고처리중",126.7599,37.5241
2024-12-08 02:00,고속도로,종점,"(5,6차로)사고처리중",126.7599,37.5241
2024-12-08 04:00,고속도로,기점,(1차로)승용차단독사고처리중,126.782,35.2174
2024-12-08 06:00,고속도로,기점,(갓길)승용차관련사고처리중,127.1385,37.0374
2024-12-08 11:00,고속도로,종점,(5차로)사고처리중,127.1012,37.3947
2024-12-08 12:00,고속도로,종점,(1차로)승용차관련사고처리중,126.8266,35.9842
2024-12-08 13:00,고속도로,종점,(3차로)승용차사고처리중,126.712,36.8961
2024-12-08 13:00,고속도로,종점,(1차로)승용차관련사고처리중,128.0529,36.7474
2024-12-08 14:00,고속도로,기점,(1차로)승용차사고처리중,128.1029,37.4527
2024-12-08 15:00,고속도로,종점,(1차로)사고처리중,127.2251,36.1619
2024-12-08 15:00,고속도로,종점,(1차로)승용차사고처리중,127.4133,36.4049
2024-12-08 15:00,고속도로,종점,(갓길)승용차관련사고처리중,128.4538,35.2712
2024-12-08 15:00,고속도로,기점,(2차로)승용차관련사고처리중,127.9375,35.3374
2024-12-08 15:00,고속도로,종점,"(3,4차로)승용차관련사고처리중",127.1048,37.2417
2024-12-08 16:00,고속도로,기점,(1차로)승용차관련사고처리중,128.5602,36.2019
2024-12-08 16:00,고속도로,종점,(1차로)사고처리중,127.0427,35.8403
2024-12-08 16:00,고속도로,기점,영동선인천방향중앙선진입로1차로,127.9014,37.3663
2024-12-08 17:00,고속도로,종점,(1차로)승용차관련사고처리중,128.489,35.9128
2024-12-08 17:00,고속도로,종점,의정부(43K) 사패산터널(46K)3km정체,127.1205,37.6545
2024-12-08 17:00,고속도로,종점,"(1,2차로)승용차관련사고처리중",127.9063,35.0418
2024-12-08 18:00,고속도로,종점,(갓길)버스추돌사고처리중,126.9283,35.1868
2024-12-08 18:00,고속도로,종점,(1차로)승용차관련사고처리중,127.4198,36.6079
2024-12-08 19:00,고속도로,종점,(갓길)버스추돌사고처리중,126.9283,35.1868
2024-12-08 20:00,고속도로,종점,(갓길)버스추돌사고처리중,126.9283,35.1868
2024-12-08 22:00,고속도로,기점,"(1차로,갓길)승용차관련사고처리중",127.2495,37.4668
2024-12-09 01:00,고속도로,기점,(1차로)추돌사고처리중,127.1915,37.0068
2024-12-09 02:00,고속도로,기점,(갓길)추돌사고처리중,127.1915,37.0068
2024-12-09 05:00,고속도로,기점,"(2,3차로)화물차관련사고처리중",127.9229,36.2217
2024-12-09 06:00,고속도로,기점,"(2,3차로)화물차관련사고처리중",127.9229,36.2217
2024-12-09 06:00,고속도로,종점,(1차로)승용차관련사고처리중,126.7486,37.5087
2024-12-09 07:00,고속도로,종점,"(1,2차로)승용차관련사고처리중",127.0843,37.1508
2024-12-09 07:00,고속도로,기점,"(2,3차로)화물차관련사고처리중",127.9229,36.2217
2024-12-09 07:00,고속도로,종점,(2차로)승용차단독사고처리중,127.3641,35.4264
2024-12-09 07:00,고속도로,종점,(5차로)승용차관련사고처리중,127.1059,37.2373
2024-12-09 08:00,고속도로,종점,(갓길)승용차관련사고처리중,128.5269,35.8839
2024-12-09 08:00,고속도로,종점,(1차로)승용차사고처리중,127.4333,36.372
2024-12-09 08:00,고속도로,기점,"(1,2차로)승용차관련사고처리중",127.1039,37.2552
2024-12-09 09:00,고속도로,종점,"(4,5차로,갓길)버스화재처리중",127.1832,37.5409
2024-12-09 10:00,고속도로,종점,"(4,5차로,갓길)버스화재처리중",127.1832,37.5409
2024-12-09 10:00,고속도로,종점,(1차로)승용차사고처리중,127.3117,36.7257
2024-12-09 11:00,고속도로,기점,(1차로)승용차관련사고처리중,128.6119,35.2847
2024-12-09 11:00,고속도로,기점,(갓길)승용차사고처리중,126.887,37.3283
2024-12-09 11:00,고속도로,종점,(갓길)화물차단독사고처리중,127.2047,37.5905
2024-12-09 12:00,고속도로,기점,(5차로)사고처리중,126.8709,37.0145
2024-12-09 12:00,고속도로,기점,(1차로)승용차관련사고처리중,127.6122,37.1966
2024-12-09 12:00,고속도로,기점,(갓길)승용차관련사고처리중,128.37,35.7657
2024-12-09 13:00,고속도로,종점,"(2,3차로)승용차사고처리중",128.3805,35.7591
2024-12-09 14:00,고속도로,기점,(갓길)소형화물차화재사고처리중,128.4934,35.4237
2024-12-09 15:00,고속도로,기점,"(1,2차로)승용차관련사고처리중",128.4637,35.2713
2024-12-09 15:00,고속도로,기점,(갓길)소형화물차화재사고처리중,128.4934,35.4237
2024-12-09 16:00,고속도로,기점,(진출램프)화물차단독사고처리중,128.0425,35.18
2024-12-09 18:00,고속도로,기점,(3차로)화물차관련사고처리중,129.0683,35.4316
2024-12-09 19:00,고속도로,종점,(갓길)사고처리중,126.7497,37.5407
2024-12-09 21:00,고속도로,기점,(갓길)승용차관련사고처리중,129.1489,35.6137
2024-12-09 21:00,고속도로,종점,(갓길)승용차관련사고처리중,128.5549,35.9006
2024-12-09 23:00,고속도로,종점,(1차로)소형화물차관련사고처리중,127.9133,36.8704
2024-12-10 06:00,고속도로,기점,"(1,2차로)화물차단독사고처리중",127.5019,36.3515
2024-12-10 07:00,고속도로,기점,"(2,3차로)화물차단독사고처리중",127.5019,36.3515
2024-12-10 07:00,고속도로,종점,"(2,3차로)승용차사고처리중",126.7955,37.3531
2024-12-10 07:00,고속도로,종점,(2차로)화물차단독사고처리중,129.2328,35.5663
2024-12-10 08:00,고속도로,기점,"(2,3차로)화물차단독사고처리중",127.5019,36.3515
2024-12-10 08:00,고속도로,종점,(갓길)승용차사고처리중,126.7955,37.3531
2024-12-10 08:00,고속도로,기점,(1차로)화물차관련사고처리중,126.6864,37.5233
2024-12-10 09:00,고속도로,기점,(3차로)승용차사고처리중,127.0674,37.2954
2024-12-10 09:00,고속도로,종점,(1차로)사고처리중,127.1626,37.0319
2024-12-10 09:00,고속도로,종점,(진출로)화물차관련사고처리중,127.3205,37.3536
2024-12-10 09:00,고속도로,종점,(2차로)화물차단독사고처리중,128.7651,35.9526
2024-12-10 09:00,고속도로,종점,(2차로)화물차사고처리중,128.8609,37.7104
2024-12-10 09:00,고속도로,기점,(3차로)화물차단독사고처리중,127.5019,36.3515
2024-12-10 10:00,고속도로,종점,(2차로)화물차관련사고처리중,128.3276,35.8362
2024-12-10 10:00,고속도로,종점,(3차로)사고처리중,126.7576,37.5241
2024-12-10 10:00,고속도로,종점,(진출로)화물차관련사고처리중,127.3205,37.3536
2024-12-10 11:00,고속도로,종점,(4차로)화물차관련사고처리중,127.1581,37.5819
2024-12-10 12:00,고속도로,종점,(4차로)화물차관련사고처리중,127.1581,37.5819
2024-12-10 12:00,고속도로,종점,"(1차로,갓길)화물차관련사고처리중",128.4684,35.5993
2024-12-10 13:00,고속도로,기점,"(2,3,4차로)화물차관련사고처리중",128.395,36.0697
2024-12-10 13:00,고속도로,기점,(1차로)승용차관련사고처리중,128.4713,35.5708
2024-12-10 13:00,고속도로,기점,(2차로)승용차관련사고처리중,127.1033,37.3633
2024-12-10 13:00,고속도로,종점,"(1차로,갓길)화물차관련사고처리중",128.4684,35.5993
2024-12-10 13:00,고속도로,종점,(2차로)화물차관련사고처리중,128.4713,35.5708
2024-12-10 14:00,고속도로,기점,(갓길)화물차관련사고처리중,128.9834,35.2803
2024-12-10 14:00,고속도로,기점,"(3,4차로)화물차관련사고처리중",128.395,36.0697
2024-12-10 14:00,고속도로,종점,(1차로)화물차사고처리중,127.5252,37.3804
2024-12-10 14:00,고속도로,종점,"(3차로,갓길)사고처리중",126.9005,37.2853
2024-12-10 14:00,고속도로,종점,(2차로)화물차관련사고처리중,128.4684,35.5993
2024-12-10 14:00,고속도로,종점,(갓길)화물차관련사고처리중,128.5182,35.2834
2024-12-10 15:00,고속도로,기점,(1차로)승용차사고처리중,127.6245,37.2448
2024-12-10 15:00,고속도로,종점,"(2,3,4차로)화물차관련사고처리중",128.551,35.8976
2024-12-10 15:00,고속도로,종점,(갓길)사고처리중,126.8828,37.2467
2024-12-10 15:00,고속도로,종점,(갓길)화물차사고처리중,127.5252,37.3804
2024-12-10 15:00,고속도로,기점,"(1,2차로)화물차관련사고처리중",126.7303,37.4332
2024-12-10 15:00,고속도로,종점,(갓길)사고처리중,126.9005,37.2853
2024-12-10 18:00,고속도로,기점,7km정체,126.8918,37.6735
2024-12-10 18:00,고속도로,종점,(창원터널방향진출로)승용차관련사고처리중,128.8056,35.1987
2024-12-10 19:00,고속도로,종점,(1차로)승용차관련사고처리중,126.7463,37.4909
2024-12-10 19:00,고속도로,기점,7km정체,126.8918,37.6735
2024-12-10 19:00,고속도로,기점,(1차로)승용차단독사고처리중,129.2702,35.4942
2024-12-10 19:00,고속도로,기점,(갓길)승용차관련사고처리중,129.106,35.2652
2024-12-10 19:00,고속도로,종점,(갓길)화물차관련사고처리중,127.4801,37.0354
2024-12-10 19:00,고속도로,기점,(1차로)승용차관련사고처리중,128.9792,35.2318
2024-12-10 19:00,고속도로,종점,(창원터널방향진출로)승용차관련사고처리중,128.8056,35.1987
2024-12-10 20:00,고속도로,기점,(1차로)승용차단독사고처리중,129.2702,35.4942
2024-12-10 20:00,고속도로,기점,승용차관련사고처리중,127.0431,37.7035
2024-12-10 21:00,고속도로,기점,"(1,2차로)승용차관련사고처리중",127.0431,37.7035
2024-12-11 02:00,고속도로,종점,(1차로)화물차관련사고처리중,127.2413,37.4834
2024-12-11 02:00,고속도로,종점,(갓길)중형화물차단독화재사고처리중,126.7954,35.3212
2024-12-11 03:00,고속도로,종점,(1차로)화물차관련사고처리중,127.2413,37.4834
2024-12-11 04:00,고속도로,종점,(1차로)화물차관련사고처리중,127.2413,37.4834
2024-12-11 05:00,고속도로,종점,(1차로)화물차관련사고처리중,127.2413,37.4834
2024-12-11 06:00,고속도로,종점,(1차로)승용차관련사고처리중,126.7123,37.4338
2024-12-11 06:00,고속도로,기점,"(2차로,갓길)화물차사고처리중",128.3183,35.862
2024-12-11 06:00,고속도로,기점,"(3,4차로)화물차관련사고처리중",126.7503,37.5176
2024-12-11 07:00,고속도로,종점,(송탄요금소진출1차로)사고처리중,127.1092,37.0345
2024-12-11 07:00,고속도로,기점,"(1,2차로)승용차사고처리중",126.8586,37.3447
2024-12-11 07:00,고속도로,기점,(송탄요금소진출1차로)사고처리중,127.1092,37.0345
2024-12-11 08:00,고속도로,기점,(송탄요금소진출1차로)사고처리중,127.1092,37.0345
2024-12-11 08:00,고속도로,종점,(송탄요금소진출1차로)사고처리중,127.1092,37.0345
2024-12-11 09:00,고속도로,종점,"(1,2,3차로)승용차관련사고처리중",126.949,37.3784
2024-12-11 09:00,고속도로,기점,(송탄요금소진출1차로)사고처리중,127.1092,37.0345
2024-12-11 09:00,고속도로,기점,(5차로)승용차관련사고처리중,127.1341,37.0705
2024-12-11 09:00,고속도로,종점,(송탄요금소진출1차로)사고처리중,127.1092,37.0345
2024-12-11 10:00,고속도로,종점,(진입로갓길)화물단독사고처리중,126.5635,36.2341
2024-12-11 10:00,고속도로,기점,(갓길)화물차관련사고처리중,126.7543,37.5241
2024-12-11 12:00,고속도로,종점,(갓길)승용차관련사고처리중,128.5241,35.2471
2024-12-11 12:00,고속도로,종점,(갓길)승용차단독사고처리중,128.5063,35.5077
2024-12-11 12:00,고속도로,기점,(갓길)승용차사고처리중,128.5893,38.076
2024-12-11 13:00,고속도로,기점,"(2,3차로)승용차관련사고처리중",127.1162,37.1063
2024-12-11 13:00,고속도로,종점,(갓길)승용차관련사고처리중,128.5295,38.1947
2024-12-11 13:00,고속도로,종점,(2차로)승용차관련사고처리중,126.7471,37.5007
2024-12-11 15:00,고속도로,종점,(1차로)대형화물차관련사고처리중,127.9838,36.771
2024-12-11 16:00,고속도로,종점,"(8차로,갓길)화물차사고처리중",127.2219,37.5157
2024-12-11 16:00,고속도로,종점,(2차로)화물차관련사고처리중,128.0491,37.7539
2024-12-11 16:00,고속도로,종점,(4차로)추돌사고처리중,126.7202,37.4338
2024-12-11 18:00,고속도로,기점,(1차로)승용차관련사고처리중,128.5692,35.9068
2024-12-11 18:00,고속도로,종점,"(4,5차로)사고처리중",127.1943,37.5268
2024-12-11 18:00,고속도로,종점,(4차로)화물차관련사고처리중,126.7213,37.4338
2024-12-11 18:00,고속도로,종점,(4차로)승용차관련사고처리중,128.705,35.8792
2024-12-11 19:00,고속도로,기점,(2차로)승용차관련사고처리중,127.6083,37.7298
2024-12-12 00:00,고속도로,기점,(갓길)추돌사고처리중,127.3097,35.3986
2024-12-12 06:00,고속도로,기점,(1차로)승용차사고처리중,127.1039,37.2462
2024-12-12 07:00,고속도로,종점,(1차로)화물차사고처리중,128.2011,36.4719
2024-12-12 07:00,고속도로,종점,(진출로1차로)화물차관련사고처리중,126.7292,37.4333
2024-12-12 07:00,고속도로,종점,(화물하이패스)화물차사고처리중,126.8052,37.4493
2024-12-12 11:00,고속도로,종점,(1차로)사고처리중,126.8722,37.1907
2024-12-12 11:00,고속도로,종점,(2차로)승용차관련사고처리중,128.4703,35.2714
2024-12-12 11:00,고속도로,종점,"(2,3차로)승용차관련사고처리중",128.4648,35.2713
2024-12-12 11:00,고속도로,기점,"(1,2차로)승용차관련사고처리중",126.7753,37.4585
2024-12-12 12:00,고속도로,기점,(1차로)화물차관련사고처리중,127.4411,37.1757
2024-12-12 12:00,고속도로,종점,"(1차로,갓길)승용차관련추돌사고처리중",127.7631,34.9805
2024-12-12 12:00,국도,포항방향,화물차 추돌사고로 인해 포항방향 1차로 차단중,129.372215,35.948943
2024-12-12 13:00,국도,포항방향,화물차 추돌사고로 인해 포항방향 1차로 차단중,129.372215,35.948943
2024-12-12 15:00,고속도로,종점,(1차로)승용차관련사고처리중,127.7225,37.0761
2024-12-12 15:00,고속도로,기점,(갓길)화재사고처리중(대형버스),127.1993,36.162
2024-12-12 16:00,고속도로,종점,(1차로)승용차관련사고처리중,126.9005,37.2853
2024-12-12 17:00,고속도로,종점,(1차로)승용차사고처리중,127.4413,37.1811
2024-12-12 17:00,고속도로,기점,"(1,2차로)승용차추돌사고처리중",127.3061,35.6408
2024-12-12 19:00,고속도로,기점,(2차로)화물차사고처리중,128.9392,37.6895
2024-12-12 22:00,고속도로,종점,(진입로1차로)승용차관련사고처리중,127.2073,37.5922
2024-12-13 00:00,고속도로,기점,(갓길)화재처리중,127.7958,37.7588
2024-12-13 00:00,고속도로,기점,"(1,2차로)사고처리중",126.7599,37.5241
2024-12-13 04:00,고속도로,기점,(갓길)승용차단독사고처리중,129.192,35.7803
2024-12-13 07:00,고속도로,종점,"(1,2차로)화물차관련사고처리중",128.2627,36.0128
2024-12-13 08:00,고속도로,기점,(1차로)승용차관련사고처리중,126.7993,37.5216
2024-12-13 10:00,고속도로,기점,(2차로)화물차관련사고처리중,128.6369,35.936
2024-12-13 12:00,고속도로,종점,"(1,2차로)버스관련사고처리중",127.1122,37.1148
2024-12-13 12:00,고속도로,기점,(1차로)승용차단독사고처리중,127.1958,37.5292
2024-12-13 12:00,고속도로,기점,"(1차로,갓길)승용차관련사고처리중",127.6122,37.1966
2024-12-13 13:00,고속도로,종점,(갓길)승용차관련사고처리중,126.9001,37.2844
2024-12-13 13:00,고속도로,종점,(3차로)승용차관련사고처리중,126.898,37.2793
2024-12-13 14:00,고속도로,기점,"(3,4차로)승용차관련사고처리중",126.7543,37.4744
2024-12-13 15:00,고속도로,기점,"(1,2차로)승용차관련사고처리중",126.8036,36.943
2024-12-13 16:00,고속도로,기점,(1차로)사고처리중,127.2891,37.4389
2024-12-13 18:00,고속도로,종점,(5차로)사고처리중,126.9367,37.3767
2024-12-13 18:00,고속도로,기점,(1차로)승용차관련사고처리중,126.7658,35.7225
2024-12-13 18:00,고속도로,종점,12km정체,126.8204,37.659
2024-12-13 18:00,고속도로,종점,"(1,3차로)사고처리중",126.804,37.627
2024-12-13 18:00,고속도로,종점,(갓길)화물차관련사고처리중,127.0563,35.8806
2024-12-13 18:00,고속도로,기점,10km정체,127.1205,37.6545
2024-12-13 18:00,고속도로,기점,(1차로)승용차추돌사고처리중,127.4175,36.4306
2024-12-13 18:00,고속도로,종점,(1차로)사고처리중,128.4654,35.6019
2024-12-13 18:00,고속도로,종점,(갓길)추돌사고처리중,126.6419,35.0777
2024-12-13 19:00,고속도로,종점,(갓길)승용차2대관련사고처리중,127.2844,36.2608
2024-12-13 19:00,고속도로,종점,12km정체,126.8204,37.659
2024-12-13 20:00,고속도로,종점,12km정체,126.8204,37.659
2024-12-13 20:00,고속도로,기점,"(1차로)승용차,화물차관련사고처리중",127.1785,36.1607
2024-12-13 21:00,고속도로,기점,(갓길)승용차사고처리중,126.8701,37.206
2024-12-13 21:00,고속도로,종점,(갓길)화물차관련사고처리중,128.2266,37.4976
2024-12-13 21:00,고속도로,종점,12km정체,126.8204,37.659
2024-12-13 22:00,고속도로,기점,(갓길)화물차사고처리중,126.5709,36.7597
2024-12-13 22:00,고속도로,기점,(4차로)사고처리중,126.7656,37.5242
2024-12-13 22:00,고속도로,종점,12km정체,126.8204,37.659
2024-12-13 22:00,고속도로,기점,(갓길)승용차관련사고처리중,128.4627,35.6034
2024-12-13 23:00,고속도로,기점,"(1,2차로)사고처리중",126.7515,37.4772
2024-12-14 00:00,고속도로,종점,(2차로)승용차단독사고처리중,126.536,35.2647
2024-12-14 02:00,고속도로,천안방향,논산천안선 인풍교 천안방향 259k 부근에서 추돌사고 발생후 화재발생,127.11731,36.692373
2024-12-14 03:00,고속도로,천안방향,논산천안선 인풍교 천안방향 259k 부근에서 추돌사고 발생후 화재발생,127.11731,36.692373
2024-12-14 04:00,고속도로,천안방향,논산천안선 인풍교 천안방향 259k 부근에서 추돌사고 발생후 화재발생,127.11731,36.692373
2024-12-14 05:00,고속도로,종점,(4차로)승용차사고처리중,127.1281,37.29
2024-12-14 05:00,고속도로,천안방향,논산천안선 인풍교 천안방향 259k 부근에서 추돌사고 발생후 화재발생,127.11731,36.692373
2024-12-14 06:00,고속도로,천안방향,논산천안선 인풍교 천안방향 259k 부근에서 추돌사고 발생후 화재발생,127.11731,36.692373
2024-12-14 07:00,고속도로,기점,(1차로)화물차관련사고처리중,127.1626,37.0319
2024-12-14 07:00,고속도로,천안방향,논산천안선 인풍교 천안방향 259k 부근에서 추돌사고 발생후 화재발생,127.11731,36.692373
2024-12-14 08:00,고속도로,종점,(5차로)화물차관련사고처리중,127.0846,37.1421
2024-12-14 08:00,고속도로,기점,(5차로)사고처리중,127.1368,37.0463
2024-12-14 08:00,고속도로,천안방향,논산천안선 인풍교 천안방향 259k 부근에서 추돌사고 발생후 화재발생,127.11731,36.692373
2024-12-14 09:00,고속도로,종점,(4차로)사고처리중,127.0237,37.3134
2024-12-14 09:00,고속도로,천안방향,논산천안선 인풍교 천안방향 259k 부근에서 추돌사고 발생후 화재발생,127.11731,36.692373
2024-12-14 10:00,고속도로,천안방향,논산천안선 인풍교 천안방향 259k 부근에서 추돌사고 발생후 화재발생,127.11731,36.692373
2024-12-14 10:00,고속도로,종점,(갓길)승용차단독사고처리중,128.92,36.0332
2024-12-14 11:00,고속도로,천안방향,논산천안선 인풍교 천안방향 259k 부근에서 추돌사고 발생후 화재발생,127.11731,36.692373
2024-12-14 11:00,고속도로,종점,"(1차로,갓길)승용차관련사고처리중",126.8878,37.0755
2024-12-14 11:00,고속도로,종점,(1차로)승용차관련사고처리중,127.7222,37.0779
2024-12-14 11:00,고속도로,기점,(갓길)승용차관련사고처리중,127.124,37.4437
2024-12-14 11:00,고속도로,종점,"(3,4차로)사고처리중",127.0921,37.1677
2024-12-14 11:00,고속도로,종점,(갓길)사고처리중,126.7123,37.4338
2024-12-14 11:00,고속도로,기점,(갓길)승용차추돌사고처리중,126.7728,36.0665
2024-12-14 11:00,고속도로,기점,(1차로)승용차관련사고처리중,128.5477,35.2377
2024-12-14 12:00,고속도로,종점,(1차로)승용차관련사고처리중,128.1817,36.5103
2024-12-14 12:00,고속도로,종점,(1차로)사고처리중,126.6942,37.4333
2024-12-14 12:00,고속도로,기점,(1차로)승용차추돌사고처리중,126.8458,35.198
2024-12-14 12:00,고속도로,종점,(2차로)사고처리중,126.6565,36.1051
2024-12-14 12:00,고속도로,기점,(3차로)승용차관련사고처리중,126.7543,37.4744
2024-12-14 12:00,고속도로,천안방향,논산천안선 인풍교 천안방향 259k 부근에서 추돌사고 발생후 화재발생,127.11731,36.692373
2024-12-14 12:00,국도,인화방향,국도48호선 김포 백석마을삼거리 부근(인화방향) 차량추돌사고로 부분통제 중,126.619985,37.68169
2024-12-14 12:00,고속도로,종점,"(1,2차로)버스관련사고처리중",127.1408,37.0286
2024-12-14 13:00,고속도로,천안방향,논산천안선 인풍교 천안방향 259k 부근에서 추돌사고 발생후 화재발생,127.11731,36.692373
2024-12-14 13:00,고속도로,기점,(1차로)승용차관련사고처리중,127.491,36.8174
2024-12-14 13:00,고속도로,종점,(1차로)승용차관련사고처리중,128.5608,38.0296
2024-12-14 13:00,고속도로,기점,(1차로)승용차관련사고처리중,127.1257,37.4479
2024-12-14 14:00,고속도로,종점,(2차로)승용차관련사고처리중,128.3552,35.0028
2024-12-14 14:00,고속도로,천안방향,논산천안선 인풍교 천안방향 259k 부근에서 추돌사고 발생후 화재발생,127.11731,36.692373
2024-12-14 15:00,고속도로,기점,(1차로)승용차관련사고처리중,127.4957,36.8097
2024-12-14 15:00,고속도로,기점,(1차로)승용차관련사고처리중,128.5692,35.9068
2024-12-14 15:00,고속도로,천안방향,논산천안선 인풍교 천안방향 259k 부근에서 추돌사고 발생후 화재발생,127.11731,36.692373
2024-12-14 16:00,고속도로,종점,(1차로)승용차관련사고처리중,128.1362,36.6599
2024-12-14 16:00,고속도로,기점,별내(36K) 사패산터널(47K)11km정체,127.1331,37.6396
2024-12-14 16:00,고속도로,천안방향,논산천안선 인풍교 천안방향 259k 부근에서 추돌사고 발생후 화재발생,127.11731,36.692373
2024-12-14 17:00,고속도로,기점,별내(36K) 사패산터널(47K)11km정체,127.1331,37.6396
2024-12-14 17:00,고속도로,기점,(1차로)승용차관련사고처리중,129.0318,35.3294
2024-12-14 17:00,고속도로,기점,(갓길)화물차관련사고처리중,128.4681,35.5907
2024-12-14 17:00,고속도로,천안방향,논산천안선 인풍교 천안방향 259k 부근에서 추돌사고 발생후 화재발생,127.11731,36.692373
2024-12-14 18:00,고속도로,기점,(4차로)승용차관련사고처리중,127.1036,37.3002
2024-12-14 18:00,고속도로,기점,별내(36K) 사패산터널(47K)11km정체,127.1331,37.6396
2024-12-14 18:00,고속도로,종점,(1차로)버스관련사고처리중,127.1036,37.3092
2024-12-14 18:00,고속도로,종점,(갓길)승용차관련사고처리중,129.0907,37.5881
2024-12-14 18:00,고속도로,천안방향,논산천안선 인풍교 천안방향 259k 부근에서 추돌사고 발생후 화재발생,127.11731,36.692373
2024-12-14 19:00,고속도로,천안방향,논산천안선 인풍교 천안방향 259k 부근에서 추돌사고 발생후 화재발생,127.11731,36.692373
2024-12-14 20:00,고속도로,기점,(갓길)승용차관련사고처리중,128.4835,35.9236
2024-12-14 20:00,고속도로,천안방향,논산천안선 인풍교 천안방향 259k 부근에서 추돌사고 발생후 화재발생,127.11731,36.692373
2024-12-14 21:00,고속도로,천안방향,논산천안선 인풍교 천안방향 259k 부근에서 추돌사고 발생후 화재발생,127.11731,36.692373
2024-12-14 22:00,고속도로,천안방향,논산천안선 인풍교 천안방향 259k 부근에서 추돌사고 발생후 화재발생,127.11731,36.692373
2024-12-14 23:00,고속도로,천안방향,논산천안선 인풍교 천안방향 259k 부근에서 추돌사고 발생후 화재발생,127.11731,36.692373
2024-12-14 23:00,고속도로,기점,(1차로)승용차관련사고처리중,126.6228,36.1427
2024-12-15 00:00,고속도로,천안방향,논산천안선 인풍교 천안방향 259k 부근에서 추돌사고 발생후 화재발생,127.11731,36.692373
2024-12-15 00:00,고속도로,기점,(1차로)승용차단독사고처리중,126.5306,35.0423
2024-12-15 00:00,고속도로,기점,"(2,3,4차로)승용차사고처리중",127.457,37.2397
2024-12-15 01:00,고속도로,기점,"(2,3,4차로)승용차사고처리중",127.457,37.2397
2024-12-15 01:00,고속도로,기점,"(1,2차로)승용차단독사고처리중",129.1824,37.4135
2024-12-15 01:00,고속도로,천안방향,논산천안선 인풍교 천안방향 259k 부근에서 추돌사고 발생후 화재발생,127.11731,36.692373
2024-12-15 01:00,고속도로,기점,(1차로)사고처리중,126.6232,36.1391
2024-12-15 02:00,고속도로,기점,(갓길)승용차사고처리중,126.8617,37.4358
2024-12-15 02:00,고속도로,기점,"(진입로가속차로,갓길)화물차관련사고처리중",126.9414,37.0474
2024-12-15 02:00,고속도로,기점,"(2,3,4차로)대형버스사고처리중",127.1139,35.9912
2024-12-15 02:00,고속도로,기점,(2차로)승용차단독사고처리중,127.32,35.5521
2024-12-15 02:00,고속도로,기점,(2차로)승용차단독사고처리중,129.1824,37.4135
2024-12-15 02:00,고속도로,천안방향,논산천안선 인풍교 천안방향 259k 부근에서 추돌사고 발생후 화재발생,127.11731,36.692373
2024-12-15 03:00,고속도로,기점,"(진입로가속차로,갓길)화물차관련사고처리중",126.9414,37.0474
2024-12-15 03:00,고속도로,기점,"(2,3,4차로)대형버스사고처리중",127.1139,35.9912
2024-12-15 03:00,고속도로,천안방향,논산천안선 인풍교 천안방향 259k 부근에서 추돌사고 발생후 화재발생,127.11731,36.692373
2024-12-15 04:00,고속도로,천안방향,논산천안선 인풍교 천안방향 259k 부근에서 추돌사고 발생후 화재발생,127.11731,36.692373
2024-12-15 05:00,고속도로,종점,(갓길)사고처리중,127.1661,36.8176
2024-12-15 05:00,고속도로,천안방향,논산천안선 인풍교 천안방향 259k 부근에서 추돌사고 발생후 화재발생,127.11731,36.692373
2024-12-15 06:00,고속도로,천안방향,논산천안선 인풍교 천안방향 259k 부근에서 추돌사고 발생후 화재발생,127.11731,36.692373
2024-12-15 06:00,고속도로,종점,"(1,2차로)사고처리중",126.8824,36.3275
2024-12-15 07:00,고속도로,천안방향,논산천안선 인풍교 천안방향 259k 부근에서 추돌사고 발생후 화재발생,127.11731,36.692373
2024-12-15 08:00,고속도로,종점,(4차로)승용차관련사고처리중,126.7469,37.4998
2024-12-15 08:00,고속도로,천안방향,논산천안선 인풍교 천안방향 259k 부근에서 추돌사고 발생후 화재발생,127.11731,36.692373
2024-12-15 08:00,고속도로,기점,(갓길)승용차단독사고처리중,127.5428,34.9109
2024-12-15 09:00,고속도로,천안방향,논산천안선 인풍교 천안방향 259k 부근에서 추돌사고 발생후 화재발생,127.11731,36.692373
2024-12-15 10:00,고속도로,기점,(화물하이패스차로)사고처리중,126.8052,37.4493
2024-12-15 10:00,고속도로,천안방향,논산천안선 인풍교 천안방향 259k 부근에서 추돌사고 발생후 화재발생,127.11731,36.692373
2024-12-15 11:00,고속도로,천안방향,논산천안선 인풍교 천안방향 259k 부근에서 추돌사고 발생후 화재발생,127.11731,36.692373
2024-12-15 11:00,고속도로,기점,(화물하이패스차로)사고처리중,126.8052,37.4493
2024-12-15 11:00,고속도로,종점,(1차로)승용차추돌사고처리중,127.3955,35.4299
2024-12-15 11:00,고속도로,종점,(1차로)승용차관련사고처리중,126.8736,37.1728
2024-12-15 13:00,고속도로,천안방향,논산천안선 인풍교 천안방향 259k 부근에서 추돌사고 발생후 화재발생,127.11731,36.692373
2024-12-15 13:00,고속도로,종점,"(2,3차로)승용차관련사고처리중",127.5951,35.7527
2024-12-15 13:00,고속도로,종점,(진입로1차로)사고확인중,127.0958,37.2126
2024-12-15 14:00,고속도로,기점,(1차로)승용차관련사고처리중,128.088,36.732
2024-12-15 14:00,고속도로,종점,(5차로)승용차관련사고처리중,127.1039,37.2552
2024-12-15 14:00,고속도로,천안방향,논산천안선 인풍교 천안방향 259k 부근에서 추돌사고 발생후 화재발생,127.11731,36.692373
2024-12-15 14:00,고속도로,종점,"(2,3차로)승용차관련사고처리중",127.1033,37.3543
2024-12-15 15:00,고속도로,종점,(3차로)승용차관련사고처리중,126.7487,37.5442
2024-12-15 15:00,고속도로,기점,(1차로)승용차사고처리중,127.1475,37.0372
2024-12-15 15:00,고속도로,종점,(5차로)승용차사고처리중,127.1897,37.2669
2024-12-15 15:00,고속도로,기점,(1차로)승용차관련사고처리중,129.2067,35.2163
2024-12-15 15:00,고속도로,천안방향,논산천안선 인풍교 천안방향 259k 부근에서 추돌사고 발생후 화재발생,127.11731,36.692373
2024-12-15 16:00,고속도로,종점,(갓길)승용차관련사고처리중,128.5027,35.2638
2024-12-15 16:00,고속도로,종점,(1차로)승용차관련추돌사고처리중,126.9269,35.1834
2024-12-15 16:00,고속도로,기점,(1차로)승용차관련사고처리중,128.5883,35.2883
2024-12-15 16:00,고속도로,천안방향,논산천안선 인풍교 천안방향 259k 부근에서 추돌사고 발생후 화재발생,127.11731,36.692373
2024-12-15 16:00,고속도로,기점,(5차로)승용차관련사고처리중,127.1238,37.0894
2024-12-15 18:00,고속도로,천안방향,논산천안선 인풍교 천안방향 259k 부근에서 추돌사고 발생후 화재발생,127.11731,36.692373
2024-12-15 18:00,고속도로,종점,(갓길)승용차관련사고처리중,127.4349,37.2345
2024-12-15 19:00,고속도로,천안방향,논산천안선 인풍교 천안방향 259k 부근에서 추돌사고 발생후 화재발생,127.11731,36.692373
2024-12-15 20:00,고속도로,기점,(2차로)화물차화재사고처리중,128.6068,35.2862
2024-12-15 20:00,고속도로,천안방향,논산천안선 인풍교 천안방향 259k 부근에서 추돌사고 발생후 화재발생,127.11731,36.692373
2024-12-15 21:00,고속도로,기점,(갓길)화물차화재사고처리중,128.6068,35.2862
2024-12-15 21:00,고속도로,천안방향,논산천안선 인풍교 천안방향 259k 부근에서 추돌사고 발생후 화재발생,127.11731,36.692373
2024-12-15 22:00,고속도로,기점,(갓길)화물차화재사고처리중,128.6068,35.2862
2024-12-15 22:00,고속도로,천안방향,논산천안선 인풍교 천안방향 259k 부근에서 추돌사고 발생후 화재발생,127.11731,36.692373
2024-12-15 22:00,고속도로,종점,"(2차로,갓길)승용차관련사고처리중",128.4708,35.5605
2024-12-15 23:00,고속도로,천안방향,논산천안선 인풍교 천안방향 259k 부근에서 추돌사고 발생후 화재발생,127.11731,36.692373
2024-12-15 23:00,고속도로,기점,"(2차로,갓길)화물차화재사고처리중",128.6068,35.2862
2024-12-16 00:00,고속도로,천안방향,논산천안선 인풍교 천안방향 259k 부근에서 추돌사고 발생후 화재발생,127.11731,36.692373
2024-12-16 00:00,고속도로,기점,"(2차로,갓길)화물차화재사고처리중",128.6068,35.2862
2024-12-16 01:00,고속도로,기점,(갓길)화물차화재사고처리중,128.6068,35.2862
2024-12-16 02:00,고속도로,기점,"(1,2차로)승용차단독사고처리중",128.6935,35.8863
2024-12-16 06:00,고속도로,기점,(1차로)승용차관련사고처리중,126.8022,35.2582
2024-12-16 06:00,고속도로,종점,(4차로)승용차관련사고처리중,126.812,37.4421
2024-12-16 07:00,고속도로,기점,"(2,3차로)화물차관련사고처리중ㅊ",126.8692,37.3696
2024-12-16 07:00,고속도로,종점,(1차로)사고처리중,126.7429,37.524
2024-12-16 08:00,고속도로,기점,"(1,4차로)사고처리중",126.9888,37.3835
2024-12-16 08:00,고속도로,기점,"(1,2,3차로)화물차관련사고처리중우회바랍니다",126.634,37.4453
2024-12-16 08:00,고속도로,종점,(4차로)사고처리중,126.8052,37.4493
2024-12-16 08:00,고속도로,종점,(5차로)화물차관련사고처리중,127.0921,37.1677
2024-12-16 09:00,고속도로,종점,(갓길)사고처리중,127.2495,37.4668
2024-12-16 09:00,고속도로,종점,(5차로)화물차관련사고처리중,127.0921,37.1677
2024-12-16 09:00,고속도로,종점,(진출로갓길)사고처리중,127.1234,37.4258
2024-12-16 10:00,고속도로,기점,(강릉방향진출로2차로)승용차관련사고처리중,127.1036,37.3002
2024-12-16 10:00,고속도로,기점,(갓길)고장차처리중,127.1033,37.4075
2024-12-16 10:00,고속도로,종점,(2차로)사고처리중,126.5699,36.575
2024-12-16 11:00,고속도로,종점,(1차로)사고처리중,126.5699,36.575
2024-12-16 13:00,고속도로,종점,(1차로)승용차관련사고처리중,128.096,35.1239
2024-12-16 13:00,고속도로,종점,(진출로갓길)사고처리중,126.9278,37.3754
2024-12-16 14:00,고속도로,종점,(2차로)화물차관련사고처리중,128.6248,35.2798
2024-12-16 15:00,고속도로,기점,(2차로)승용차관련사고처리중,127.1033,37.3633
2024-12-16 16:00,고속도로,종점,(갓길)승용차단독사고처리중,127.5898,34.9839
2024-12-16 16:00,고속도로,기점,(1차로)승용차관련단독사고처리중,126.8806,37.1284
2024-12-16 16:00,고속도로,종점,(갓길)화물차단독사고처리중,128.4449,35.6381
2024-12-16 16:00,고속도로,종점,(진출로4차로)화물차관련사고처리중,128.5956,35.2521
2024-12-16 17:00,고속도로,종점,"(갓길)화물차단독사고처리중,창녕진출국도이용바람",128.4449,35.6381
2024-12-16 18:00,고속도로,종점,"(2차로,갓길)화물차단독사고처리중",128.4449,35.6381
2024-12-16 19:00,고속도로,기점,(5차로)승용차관련사고처리중,127.0964,37.1274
2024-12-16 19:00,고속도로,종점,(2차로)화물차관련사고처리중,128.4671,35.6007
2024-12-16 19:00,고속도로,종점,"(2차로,갓길)화물차단독사고처리중.국도이용바람",128.4449,35.6381
2024-12-16 20:00,고속도로,종점,(2차로)화물차관련사고처리중,128.4671,35.6007
2024-12-16 20:00,고속도로,종점,"(2차로,갓길)화물차단독사고처리중.국도이용바람",128.4449,35.6381
2024-12-16 20:00,고속도로,기점,(1차로)사고처리중,126.7429,37.524
2024-12-16 21:00,고속도로,종점,(갓길)승용차관련사고처리중,129.2088,35.2277
2024-12-16 21:00,고속도로,종점,"(2차로,갓길)화물차단독사고처리중.국도이용바람",128.4449,35.6381
2024-12-16 21:00,고속도로,기점,"(1,2차로)승용차관련사고처리중",129.0939,35.2472
2024-12-16 22:00,고속도로,기점,(갓길)승용차관련사고처리중,127.1058,35.3649
2024-12-16 23:00,고속도로,종점,(1차로)승용차관련사고처리중,126.752,37.5265
2024-12-17 08:00,고속도로,기점,승용차사고처리중,126.9763,37.7144
2024-12-17 08:00,고속도로,종점,(갓길)탱크로리관련사고처리중,126.7292,37.4333
2024-12-17 08:00,고속도로,기점,(갓길)승용차관련사고처리중,128.5981,35.2537
2024-12-17 09:00,고속도로,기점,(갓길)오봉졸음쉼터내화물차화재사고처리중,128.2613,36.0908
2024-12-17 10:00,고속도로,기점,"(4차로,갓길)화물차관련사고처리중",128.4262,36.0241
2024-12-17 10:00,고속도로,기점,(1차로)승용차관련사고처리중,128.5546,35.2351
2024-12-17 11:00,고속도로,종점,(진출하이패스차로)사고처리중,127.5564,36.3178
2024-12-17 11:00,고속도로,종점,"(2,3차로)승용차관련사고처리중",127.136,37.0553
2024-12-17 12:00,고속도로,기점,화물차화재사고처리중,126.9763,37.7144
2024-12-17 13:00,고속도로,기점,화물차화재사고처리중,126.9763,37.7144
2024-12-17 14:00,고속도로,종점,(2차로)승용차관련사고처리중,127.9676,37.6024
2024-12-17 16:00,고속도로,기점,(진출로1차로)승용차사고처리중,126.7832,36.938
2024-12-17 17:00,고속도로,기점,(2차로)승용차단독사고처리중,129.2849,35.698
2024-12-17 18:00,고속도로,종점,(5차로)승용차관련사고처리중,127.1039,37.2552
2024-12-17 18:00,고속도로,종점,(갓길)화물차관련사고처리중,126.7066,37.4337
2024-12-17 18:00,고속도로,종점,(1차로)승용차관련사고처리중,128.4712,35.7993
2024-12-17 19:00,고속도로,종점,(2차로)승용차관련사고처리중,127.1059,37.2373
2024-12-17 20:00,고속도로,종점,(갓길)승용차관련사고처리중,126.7055,37.4336
2024-12-17 20:00,고속도로,종점,(1차로)승용차관련사고처리중,127.9257,35.6549
2024-12-17 21:00,고속도로,종점,(4차로)승용차관련사고처리중,127.1038,37.2669
2024-12-17 21:00,고속도로,종점,(5차로)승용차관련사고처리중,126.9888,37.3835
2024-12-17 21:00,고속도로,기점,(2차로)승용차단독사고처리중,128.6268,35.279
2024-12-17 22:00,고속도로,종점,(5차로)승용차관련사고처리중,126.9888,37.3835
2024-12-18 00:00,고속도로,기점,"(3차로,갓길)화물차관련사고처리중",126.8733,37.1782
2024-12-18 04:00,고속도로,기점,(4차로)화물차사고처리중,127.0727,37.4275
2024-12-18 05:00,고속도로,기점,"(3,4,5차로)화물차사고처리중",127.0727,37.4275
2024-12-18 07:00,고속도로,기점,(갓길)화물차사고처리중,128.2476,35.2016
2024-12-18 08:00,고속도로,기점,"(3,4차로)화물차화재사고처리중",128.2476,35.2016
2024-12-18 08:00,고속도로,기점,(2차로)승용차관련사고처리중,129.0134,37.6554
2024-12-18 09:00,고속도로,종점,(4차로)화물차관련사고처리중,128.7615,35.8749
2024-12-18 09:00,고속도로,기점,"(3,4차로)화물차관련사고처리중",128.2476,35.2016
2024-12-18 09:00,고속도로,기점,(2차로)버스관련화재사고처리중,128.4297,37.6072
2024-12-18 09:00,고속도로,종점,"(3,4차로)승용차관련사고처리중",126.8951,37.4246
2024-12-18 10:00,고속도로,기점,(2차로)버스관련화재사고처리중,128.4297,37.6072
2024-12-18 10:00,고속도로,기점,"(3,4차로)화물차관련사고처리중",128.2376,35.1984
2024-12-18 11:00,고속도로,종점,(1차로)승용차관련사고처리중,126.6953,37.4333
2024-12-18 11:00,고속도로,기점,"(3,4차로)화물차관련사고처리중",128.2376,35.1984
2024-12-18 11:00,고속도로,기점,(2차로)버스관련화재사고처리중,128.4297,37.6072
2024-12-18 11:00,고속도로,종점,(1차로)승용차관련사고처리중,126.9023,37.2941
2024-12-18 12:00,고속도로,종점,(갓길)승용차관련사고처리중,126.9023,37.2941
2024-12-18 12:00,고속도로,기점,"(3,4차로)화물차관련사고처리중",128.2376,35.1984
2024-12-18 13:00,고속도로,기점,(2차로)승용차사고처리중,127.4705,36.9811
2024-12-18 13:00,고속도로,종점,(갓길)대형화물차관련사고처리중,128.1113,36.7064
2024-12-18 13:00,고속도로,기점,(1차로)승용차관련추돌사고처리중,126.9339,35.2052
2024-12-18 13:00,고속도로,종점,(1차로)승용차관련사고처리중,126.892,37.416
2024-12-18 13:00,고속도로,기점,"(3,4차로)화물차관련사고처리중",128.2376,35.1984
2024-12-18 13:00,고속도로,종점,(1차로)대형버스관련사고처리중,127.9788,36.7977
2024-12-18 13:00,고속도로,기점,(4차로)화물차관련사고처리중,128.7866,35.877
2024-12-18 14:00,고속도로,종점,"(3,4,5차로)화물차관련사고처리중",127.1404,37.2887
2024-12-18 14:00,고속도로,기점,"(3,4차로)승용차관련사고처리중",126.7554,37.5792
2024-12-18 14:00,고속도로,기점,"(3,4차로)화물차관련사고처리중",128.2376,35.1984
2024-12-18 14:00,고속도로,기점,"(1차로,갓길)사고처리중",126.9969,36.5281
2024-12-18 15:00,고속도로,종점,(1차로)승용차관련사고처리중,127.0561,36.4533
2024-12-18 15:00,고속도로,기점,(4차로)화물차관련사고처리중,128.2376,35.1984
2024-12-18 16:00,고속도로,기점,(진입로3차로)사고처리중,127.1707,37.5669
2024-12-18 17:00,고속도로,종점,(갓길)승용차관련사고처리중,128.9646,35.2201
2024-12-18 17:00,고속도로,종점,(1차로)승용차관련사고처리중,126.8869,37.4079
2024-12-18 18:00,고속도로,종점,(1차로)승용차관련사고처리중,128.9378,35.221
2024-12-18 18:00,고속도로,종점,(갓길)승용차관련사고처리중,128.987,35.2825
2024-12-18 19:00,고속도로,기점,(갓길)승용차단독사고처리중,128.3212,35.8497
2024-12-18 19:00,고속도로,종점,(갓길)승용차관련추돌사고처리중,126.7263,35.1138
2024-12-18 21:00,고속도로,기점,(2차로)화물차단독사고처리중,129.0955,37.5308
2024-12-18 23:00,고속도로,기점,"(2차로,갓길)승용차관련사고처리중",127.9592,36.8289
2024-12-19 03:00,고속도로,기점,"(1,2차로)화물차단독사고처리중",128.806,35.9546
2024-12-19 06:00,고속도로,종점,(진출로2차로)사고처리중,126.7549,37.4727
2024-12-19 07:00,고속도로,종점,(2차로)대형화물차관련사고처리중,127.6552,37.0067
2024-12-19 07:00,고속도로,종점,(갓길)승용차관련사고처리중,129.1122,35.2836
2024-12-19 07:00,고속도로,종점,(1차로)승용차단독사고처리중,127.1888,35.8385
2024-12-19 08:00,고속도로,종점,(서울방향진출1차로)사고처리중,127.1421,37.6138
2024-12-19 09:00,고속도로,종점,(갓길)추돌사고처리중,127.013,37.0253
2024-12-19 09:00,고속도로,종점,(서울방향진출1차로)사고처리중,127.1421,37.6138
2024-12-19 09:00,고속도로,종점,(1차로)승용차관련사고처리중,127.189,36.9095
2024-12-19 09:00,고속도로,종점,"(1,3차로)화물차관련사고처리중",128.1002,37.4488
2024-12-19 10:00,고속도로,기점,(갓길)승용차관련사고처리중,126.8698,37.3687
2024-12-19 11:00,고속도로,기점,(1차로)승용차관련사고처리중,127.6307,37.1662
2024-12-19 11:00,고속도로,종점,(2차로)추돌사고처리중,126.9213,37.0487
2024-12-19 11:00,고속도로,종점,(6차로)승용차관련사고처리중,126.7502,37.539
2024-12-19 12:00,고속도로,기점,"(2,3차로)추돌사고처리중",126.875,37.2262
2024-12-19 12:00,고속도로,종점,(1차로)승용차단독사고처리중,127.4659,36.2708
2024-12-19 12:00,고속도로,종점,(2차로)화물차관련사고처리중,126.8959,37.4504
2024-12-19 13:00,고속도로,기점,(1차로)승용차관련사고처리중,127.8434,37.0172
2024-12-19 13:00,고속도로,기점,(갓길)승용차사고처리중,126.875,37.2262
2024-12-19 13:00,고속도로,기점,(갓길)대형버스관련사고처리중,127.1797,36.8504
2024-12-19 14:00,고속도로,종점,(1차로)화물차관련사고처리중,128.5621,35.2906
2024-12-19 15:00,고속도로,종점,(1차로)사고처리중,126.8837,37.2521
2024-12-19 15:00,고속도로,종점,(1차로)승용차관련사고처리중,127.4497,37.0923
2024-12-19 17:00,고속도로,기점,(1차로)승용차관련사고처리중,128.5507,35.9989
2024-12-19 18:00,고속도로,종점,(1차로)승용차관련사고처리중,128.3596,35.7537
2024-12-19 18:00,고속도로,종점,(4차로)승용차관련사고처리중,128.9597,35.1546
2024-12-19 19:00,고속도로,종점,(1차로)승용차관련사고처리중,128.9915,35.2701
2024-12-19 19:00,고속도로,기점,"(2차로,갓길)추돌사고처리중",127.3559,35.0197
2024-12-19 20:00,고속도로,종점,(1차로)승용차관련사고처리중,126.7487,37.5442
2024-12-19 20:00,고속도로,종점,(진출로1차로)승용차관련사고처리중,127.0939,37.4065
2024-12-19 21:00,고속도로,기점,(2차로)승용차관련사고처리중,128.425,36.9053
2024-12-19 21:00,고속도로,종점,(진출로2차로)화물차관련사고처리중,127.1408,37.0286
2024-12-19 21:00,고속도로,종점,"(1,2,3차로)승용차관련사고처리중",127.1431,37.0198
2024-12-19 22:00,고속도로,종점,(5차로)화물차관련사고처리중,127.1431,37.0198
2024-12-19 22:00,고속도로,종점,(1차로)승용차관련사고처리중,127.1431,37.0198
2024-12-20 04:00,고속도로,기점,(인천방향진출로)사고처리중,127.1037,37.2912
2024-12-20 05:00,고속도로,기점,"(2,3차로)사고처리중",126.9322,37.376
2024-12-20 05:00,고속도로,기점,(갓길)사고처리중,127.1252,37.4686
2024-12-20 06:00,고속도로,종점,(갓길)승용차단독사고처리중,126.7515,35.1428
2024-12-20 07:00,고속도로,기점,(갓길)중형화물차단독사고처리중,126.7311,35.1175
2024-12-20 07:00,고속도로,기점,(4차로)승용차관련사고처리중,126.7609,37.5869
2024-12-20 10:00,고속도로,종점,(1차로)승용차관련사고처리중,128.1463,36.6383
2024-12-20 10:00,고속도로,종점,(갓길)승용차단독사고처리중,128.361,34.9953
2024-12-20 13:00,고속도로,종점,(1차로)승용차사고처리중,128.0901,37.0647
2024-12-20 13:00,고속도로,종점,"(1,3차로)사고처리중",126.965,37.0373
2024-12-20 14:00,고속도로,종점,(갓길)사고처리중,126.7044,37.4336
2024-12-20 14:00,고속도로,종점,(2차로)승용차사고처리중,127.1605,36.9819
2024-12-20 14:00,고속도로,기점,(1차로)승용차사고처리중,127.4944,36.8351
2024-12-20 14:00,고속도로,기점,(3차로)사고처리중,126.7382,37.4329
2024-12-20 17:00,고속도로,종점,(1차로)승용차관련사고처리중,127.7216,37.0814
2024-12-20 17:00,고속도로,종점,(3차로)화물차관련사고처리중,126.8492,37.4399
2024-12-20 17:00,고속도로,기점,(진입로1차로)사고처리중,127.1509,37.5121
2024-12-20 17:00,고속도로,기점,(1차로)승용차관련사고처리중,128.545,36.1511
2024-12-20 18:00,고속도로,종점,(2차로)승용차관련사고처리중,127.1431,37.0198
2024-12-20 18:00,고속도로,기점,(1차로)승용차관련사고처리중,127.4375,36.7088
2024-12-20 19:00,고속도로,종점,(1차로)승용차관련사고처리중,127.5252,37.3804
2024-12-20 19:00,고속도로,기점,(2차로)승용차추돌사고처리중,127.3432,36.2912
2024-12-20 19:00,고속도로,종점,(4차로)승용차추돌사고처리중,127.188,36.948
2024-12-20 19:00,고속도로,종점,(갓길)화물차관련사고처리중,127.7747,37.7591
2024-12-20 19:00,고속도로,종점,(3차로)사고처리중,126.8503,37.3475
2024-12-20 20:00,고속도로,기점,(갓길)승용차관련사고처리중,126.7779,37.5987
2024-12-20 20:00,고속도로,종점,"(1,2차로)버스관련사고처리중",127.1385,37.0374
2024-12-20 22:00,고속도로,종점,(진입로갓길)승용차단독사고처리중,127.3849,37.2832
2024-12-21 00:00,고속도로,기점,(갓길)승용차관련사고처리중,126.7656,37.5242
2024-12-21 00:00,고속도로,종점,(서해안선진출1차로)승용차관련단독사고처리중,126.8607,37.3441
2024-12-21 00:00,고속도로,기점,(5차로)승용차관련사고처리중,127.1034,37.3426
2024-12-21 01:00,고속도로,기점,"(1,2차로)승용차관련사고처리중",128.7678,35.8786
2024-12-21 02:00,고속도로,종점,(1차로)승용차단독사고처리중,128.1459,37.1128
2024-12-21 05:00,고속도로,종점,"(3,4차로)사고처리중",127.0422,37.3044
2024-12-21 05:00,고속도로,기점,(갓길)사고처리중,126.8979,37.4333
2024-12-21 05:00,고속도로,종점,(5차로)승용차관련사고처리중,126.9426,37.3793
2024-12-21 06:00,고속도로,종점,"(3,4차로)사고처리중,(1,2차로이용바람)",127.0378,37.3071
2024-12-21 07:00,고속도로,종점,(갓길)화물차사고처리중,126.9619,36.5712
2024-12-21 07:00,고속도로,종점,(갓길)승용차단독사고처리중,127.3295,35.6223
2024-12-21 07:00,고속도로,기점,(3차로)대형화물차관련사고처리중,128.1079,37.2055
2024-12-21 07:00,고속도로,기점,(진출로갓길)승용차단독사고처리중,128.5089,35.4503
2024-12-21 07:00,고속도로,종점,(갓길)화물차단독사고처리중,127.5823,37.306
2024-12-21 08:00,고속도로,기점,(2차로)승용차관련사고처리중,128.4108,37.586
2024-12-21 08:00,고속도로,기점,(갓길)소형화물차사고처리중,127.4115,36.9573
2024-12-21 08:00,고속도로,종점,(갓길)화물차사고처리중,126.9619,36.5712
2024-12-21 08:00,고속도로,종점,(2차로)승용차단독사고처리중,127.4702,35.775
2024-12-21 08:00,고속도로,종점,(갓길)승용차관련사고처리중,127.0591,37.4419
2024-12-21 08:00,고속도로,기점,(진출1차로)승용차단독사고처리중,128.92,36.0332
2024-12-21 08:00,고속도로,종점,(갓길)동광주졸음쉼터사고처리중,126.9387,35.2074
2024-12-21 09:00,고속도로,기점,(5차로)사고처리중,126.7527,37.5614
2024-12-21 09:00,고속도로,종점,(갓길)화물차사고처리중,126.9619,36.5712
2024-12-21 09:00,고속도로,기점,"(1,2차로)승용차사고처리중",128.2904,37.9147
2024-12-21 09:00,고속도로,기점,"(2차로,갓길)승용차사고처리중",126.5526,36.6267
2024-12-21 10:00,고속도로,기점,(5차로)사고처리중,126.7527,37.5614
2024-12-21 10:00,고속도로,종점,(갓길)승용차관련사고처리중,129.1295,36.4939
2024-12-21 10:00,고속도로,종점,"(2차로,갓길)추돌사고처리중",127.6228,35.7091
2024-12-21 10:00,고속도로,종점,(1차로)승용차관련사고처리중,128.5322,35.2849
2024-12-21 10:00,고속도로,기점,"(2차로,갓길)승용차관련추돌사고처리중",127.5951,35.7527
2024-12-21 11:00,고속도로,종점,사패산터널(46K)4차로사고처리중,127.0431,37.7035
2024-12-21 11:00,고속도로,기점,"(2차로,갓길)승용차관련추돌사고처리중",127.5952,35.7563
2024-12-21 11:00,고속도로,종점,"(2차로,갓길)추돌사고처리중",127.6228,35.7091
2024-12-21 11:00,고속도로,종점,(갓길)승용차관련사고처리중,129.1295,36.4939
2024-12-21 11:00,고속도로,기점,"(1차로,갓길)승용차추돌사고처리중",127.6,35.7681
2024-12-21 11:00,고속도로,기점,(5차로)승용차관련사고처리중,127.1122,37.1148
2024-12-21 12:00,고속도로,종점,(1차로)승용차관련사고처리중,127.4419,37.1901
2024-12-21 12:00,고속도로,기점,(갓길)승용차단독사고처리중,128.4347,35.6758
2024-12-21 12:00,고속도로,종점,(1차로)승용차관련사고처리중,127.7225,37.0761
2024-12-21 12:00,고속도로,종점,"(2차로,갓길)추돌사고처리중",127.6228,35.7091
2024-12-21 13:00,고속도로,종점,(갓길)승용차곤련사고처리중,127.8492,37.0066
2024-12-21 13:00,고속도로,기점,(1차로)승용차관련사고처리중,127.6122,37.1966
2024-12-21 13:00,고속도로,기점,(1차로)추돌사고처리중,126.8831,35.1849
2024-12-21 13:00,고속도로,기점,(2차로)화물차관련사고처리중,127.1238,37.0894
2024-12-21 14:00,고속도로,종점,"(2차로,갓길)다중추돌사고처리중",127.2581,35.8353
2024-12-21 14:00,고속도로,기점,"(1,2차로)다중추돌사고처리중",127.2581,35.8353
2024-12-21 15:00,고속도로,기점,(1차로)다중추돌사고처리중,127.2581,35.8353
2024-12-21 15:00,고속도로,종점,(1차로)승용차관련사고처리중,128.5311,35.2846
2024-12-21 16:00,고속도로,기점,"(2,3차로)승용차관련사고처리중",128.9704,35.1528
2024-12-21 17:00,고속도로,종점,(갓길)승용차관련사고처리중,128.6005,35.2556
2024-12-21 17:00,고속도로,기점,(1차로)사고처리중,126.7865,37.4577
2024-12-21 18:00,고속도로,종점,"(1,2차로)소형화물차단독사고처리중",128.8066,37.7589
2024-12-21 18:00,고속도로,종점,"(1,2차로)승용차관련사고처리중",126.8852,37.4068
2024-12-21 22:00,고속도로,종점,(1차로)승용차사고처리중,126.705,36.8916
2024-12-22 02:00,고속도로,기점,(갓길)사고처리중,127.4579,36.2757
2024-12-22 04:00,고속도로,기점,(갓길)승용차관련사고처리중,127.4244,37.2372
2024-12-22 07:00,고속도로,종점,(1차로)사고처리중,126.838,37.4403
2024-12-22 08:00,고속도로,종점,(갓길)사고처리중,126.838,37.4403
2024-12-22 08:00,고속도로,기점,"(1,2차로)사고처리중",126.838,37.4403
2024-12-22 09:00,고속도로,기점,(4차로)승합차관련사고처리중,128.8697,35.1739
2024-12-22 13:00,고속도로,기점,(갓길)승용차관련사고처리완료,127.747,37.2428
2024-12-22 13:00,고속도로,기점,(1차로)승용차관련사고처리중,128.0042,37.4237
2024-12-22 15:00,고속도로,기점,(1차로)사고처리중,127.1185,37.4115
2024-12-22 15:00,고속도로,기점,(1차로)승용차관련사고처리중,127.3903,37.633
2024-12-22 16:00,고속도로,종점,(1차로)승용관련사고처리중,127.2562,35.7038
2024-12-22 16:00,고속도로,기점,(갓길)승용차관련사고처리중,129.046,35.3487
2024-12-22 17:00,고속도로,종점,(1차로)승용차단독사고처리중,127.8254,35.5474
2024-12-22 18:00,고속도로,기점,(3차로)사고처리중,126.8714,37.3413
2024-12-22 18:00,고속도로,기점,(갓길)버스관련사고처리중,127.9948,35.0688
2024-12-22 19:00,고속도로,종점,(5차로)화재사고처리중,127.0893,37.2907
2024-12-22 19:00,고속도로,종점,"(1,2차로)승용차관련사고처리중",126.7779,37.5987
2024-12-22 20:00,고속도로,종점,(5차로)승용차사고처리중,127.1047,37.1214
2024-12-22 20:00,고속도로,종점,(5차로)화재사고처리중,127.0893,37.2907
2024-12-22 21:00,고속도로,종점,(갓길)사고처리중,126.7855,37.4299
2024-12-22 21:00,고속도로,종점,(갓길)승용차단독사고처리중,127.7546,34.9801
2024-12-23 05:00,고속도로,기점,(갓길)승용차관련사고처리중,127.5712,37.7191
2024-12-23 06:00,고속도로,기점,(갓길)화물차관련사고처리중,128.0313,35.7054
2024-12-23 07:00,고속도로,기점,(갓길)대형화물차단독사고처리중,128.3622,36.104
2024-12-23 07:00,고속도로,종점,(갓길)승용차관련사고처리중,127.1224,37.4169
2024-12-23 07:00,고속도로,종점,(2차로)화물차관련사고처리중,128.4574,35.8746
2024-12-23 08:00,고속도로,기점,(1차로)승용차관련사고처리중,127.0353,37.0255
2024-12-23 08:00,고속도로,종점,(2차로)화물차관련사고처리중,128.4574,35.8746
2024-12-23 08:00,고속도로,종점,(3차로)승용차관련사고처리중,128.1006,37.4452
2024-12-23 08:00,고속도로,기점,(갓길)승용차단독사고처리중,127.1087,35.2599
2024-12-23 08:00,고속도로,기점,(갓길)승용차관련사고처리중,126.7429,37.524
2024-12-23 08:00,고속도로,종점,(인천방향진출로1차로)승용차단독사고처리중,127.5891,37.2354
2024-12-23 08:00,고속도로,종점,(갓길)승용차관련사고처리중,127.7308,37.7546
2024-12-23 09:00,고속도로,기점,(3차로)승용차관련사고처리중,128.9835,35.2546
2024-12-23 09:00,고속도로,기점,(갓길)승용차관련사고처리중,127.2981,37.4228
2024-12-23 09:00,고속도로,종점,(진출로2차로)승용차관련사고처리중,127.1385,37.0374
2024-12-23 10:00,고속도로,종점,(갓길)승용차사고처리중,127.9801,37.5389
2024-12-23 11:00,고속도로,기점,"(1,2,5차로)사고처리중",127.1154,37.4088
2024-12-23 11:00,고속도로,종점,(1차로)승용차관련단독사고처리중,127.2949,35.0385
2024-12-23 12:00,고속도로,기점,(2차로)승용차관련사고처리중,127.1033,37.3543
2024-12-23 12:00,고속도로,종점,(2차로)승용차관련사고처리중,128.0789,37.7648
2024-12-23 13:00,고속도로,기점,(진출로갓길)화물차단독사고처리중,129.0024,35.2709
2024-12-23 13:00,고속도로,기점,(진입로갓길)대형화물차관련단독사고처리중,127.1087,35.2599
2024-12-23 14:00,고속도로,종점,"(2,3차로,갓길)화물차관련사고처리중",126.872,37.2175
2024-12-23 14:00,고속도로,기점,(진입로갓길)대형화물차관련단독사고처리중,127.1087,35.2599
2024-12-23 14:00,고속도로,기점,(진출로갓길)화물차단독사고처리중,129.0024,35.2709
2024-12-23 15:00,고속도로,종점,(갓길)단독사고처리중(대천IC진출램프구간),126.5715,36.3361
2024-12-23 15:00,고속도로,기점,(진출로갓길)화물차단독사고처리중 견인작업으로진출로차단,129.0024,35.2709
2024-12-23 15:00,고속도로,기점,(진입로갓길)대형화물차관련단독사고처리중,127.1087,35.2599
2024-12-23 15:00,고속도로,종점,"(2,3차로,갓길)화물차관련사고처리중",126.872,37.2175
2024-12-23 16:00,고속도로,종점,(1차로)승용차관련사고처리중,127.5078,36.7872
2024-12-23 16:00,고속도로,기점,(진출로갓길)화물차단독사고처리중 견인작업으로진출로차단,129.0024,35.2709
2024-12-23 16:00,고속도로,기점,(3차로)화물차관련사고처리중,126.8714,37.3413
2024-12-23 17:00,고속도로,기점,(진출로갓길)승용차사고처리중,128.2937,36.376
2024-12-23 18:00,고속도로,기점,"(1,2차로)화물차관련사고처리중",128.3896,35.7383
2024-12-23 18:00,고속도로,기점,노고산터널(55.3K)(1차로)승용차사고처리중  고양분기점 노고산터널9km정체,126.9329,37.6857
2024-12-23 19:00,고속도로,기점,"(1,2차로)화물차관련사고처리중",128.3896,35.7383
2024-12-23 19:00,고속도로,종점,(1차로)화물차관련사고처리중,127.4826,37.0266
2024-12-23 19:00,고속도로,기점,(1차로)승용차관련사고처리중,129.208,35.2197
2024-12-23 19:00,고속도로,종점,(진출로1차로)승용차관련사고처리중,126.8719,37.3978
2024-12-23 20:00,고속도로,기점,(갓길)승용차관련사고처리중,126.709,37.5237
2024-12-23 22:00,고속도로,기점,"(1,2,3,4차로)화물차화재사고처리중",126.8751,37.0266
2024-12-23 23:00,고속도로,종점,(3차로)승용차관련사고처리중,128.4485,35.7165
2024-12-23 23:00,고속도로,기점,화물차화재사고처리중전면차단중,126.8751,37.0266
2024-12-23 23:00,고속도로,종점,화물차화재사고진압중전면차단중,126.8763,37.0291
2024-12-23 23:00,고속도로,기점,(갓길)승용차관련사고처리중,126.7469,37.4998
2024-12-24 00:00,고속도로,기점,화물차화재사고처리중전면차단중우회바랍니다,126.8751,37.0266
2024-12-24 00:00,고속도로,종점,화물차화재사고진압중전면차단중우회바랍니다,126.8763,37.0291
2024-12-24 01:00,고속도로,종점,(갓길)승용차단독사고처리중,127.8489,35.4658
2024-12-24 01:00,고속도로,기점,"(1,2,3차로)화물차관련사고처리중",126.8751,37.0266
2024-12-24 01:00,고속도로,종점,"(1,2,3차로)화물차관련사고처리중",126.8763,37.0291
2024-12-24 06:00,고속도로,종점,(갓길)1톤화물단독사고처리중,128.0744,35.1499
2024-12-24 07:00,고속도로,기점,(1차로)승용차사고처리중,127.2402,37.5971
2024-12-24 07:00,고속도로,기점,"(4차로,갓길)화물차관련사고처리중",128.3604,36.0825
2024-12-24 08:00,고속도로,종점,(2차로)화물차관련사고처리중,127.2272,37.5078
2024-12-24 09:00,고속도로,종점,"(1,2차로)화물차관련사고처리중",127.2272,37.5078
2024-12-24 09:00,고속도로,기점,(진출로1차로)화물차단독사고처리중,128.1573,36.5882
2024-12-24 10:00,고속도로,종점,"(1,2차로)화물차관련사고처리중",127.2272,37.5078
2024-12-24 10:00,고속도로,기점,(진출로1차로)화물차단독사고처리중,128.1573,36.5882
2024-12-24 11:00,고속도로,기점,(1차로)승용차관련사고처리중,127.1643,37.5743
2024-12-24 11:00,고속도로,종점,(2차로)대형화물차관련사고처리중,127.8775,36.4461
2024-12-24 11:00,고속도로,기점,(1차로)사고처리중,128.9358,37.6891
2024-12-24 11:00,고속도로,종점,(갓길)대형화물차관련사고처리중,128.1117,36.6938
2024-12-24 11:00,고속도로,기점,"(4,5차로)승용차관련사고처리중",126.9868,37.3827
2024-12-24 12:00,고속도로,종점,(2차로)승용차관련사고처리중,127.136,37.0553
2024-12-24 12:00,고속도로,종점,(5차로)승용차관련사고처리중,126.7503,37.5176
2024-12-24 12:00,고속도로,종점,(진입로1차로)승용차관련사고처리중,127.2021,37.5316
2024-12-24 12:00,고속도로,종점,"(진출로1,2차로)사고처리중",127.9048,37.3616
2024-12-24 12:00,고속도로,기점,(1차로)사고처리중,128.9358,37.6891
2024-12-24 12:00,고속도로,종점,(2차로)승용차관련사고처리중,127.0463,37.4567
2024-12-24 12:00,고속도로,종점,(갓길)화물차관련사고처리중,128.4584,35.6063
2024-12-24 13:00,고속도로,종점,(갓길)승용차관련사고처리중,127.0463,37.4567
2024-12-24 14:00,고속도로,종점,(2차로)승용차고장처리중,127.0517,37.4509
2024-12-24 14:00,고속도로,종점,(2차로)승용차관려사고처리중,127.0939,37.1941
2024-12-24 15:00,고속도로,종점,(1차로)대형버스관련사고처리중,127.1605,36.9819
2024-12-24 15:00,고속도로,종점,"(1차로,갓길)승용차사고처리중",128.2329,37.8402
2024-12-24 16:00,고속도로,기점,(갓길)소형화물차관련사고처리중,126.7392,37.4361
2024-12-24 16:00,고속도로,종점,(1차로)승용차관련사고처리중,127.4216,36.6532
2024-12-24 17:00,고속도로,기점,(진출로5차로)승용차관련사고처리중,127.1355,37.4827
2024-12-24 18:00,고속도로,기점,(1차로)승용차관련사고처리중,126.7966,37.4286
2024-12-24 18:00,고속도로,종점,(1차로)승용차관련사고처리중,128.542,35.2887
2024-12-24 18:00,고속도로,종점,(1차로)승용차관련사고처리중,128.4784,35.7549
2024-12-24 18:00,고속도로,기점,(1차로)승용차관련사고처리중,128.5417,36.0152
2024-12-24 19:00,고속도로,종점,(3차로)승용차관련사고처리중,126.7965,37.6152
2024-12-24 19:00,고속도로,기점,(3차로)승용차관련사고처리중,128.8408,35.2216
2024-12-24 19:00,고속도로,종점,(1차로)승용차단독사고처리중,127.4685,35.0052
2024-12-24 19:00,고속도로,기점,(1차로)승용차관련사고처리중,126.7532,37.5704
2024-12-24 19:00,고속도로,종점,(3차로)승용차관련사고처리중,128.9832,35.2573
2024-12-24 20:00,고속도로,기점,(1차로)승용차관련사고처리중,127.4449,36.7179
2024-12-24 20:00,고속도로,기점,(1차로)승용차관련사고처리중,126.7532,37.5704
2024-12-24 20:00,고속도로,기점,"(2,3차로)승용차관련사고처리중",128.9839,35.251
2024-12-24 21:00,고속도로,기점,"(1,2차로,갓길)사고처리중",126.7672,37.3749
2024-12-24 22:00,고속도로,기점,(갓길)승용차관련사고처리중,126.7672,37.3749
2024-12-25 01:00,고속도로,종점,(1차로)승용차단독사고처리중,128.307,36.3757
2024-12-25 07:00,고속도로,종점,(갓길)승용차관련사고처리중,127.877,37.6662
2024-12-25 09:00,고속도로,기점,(3차로)사고처리중,127.2774,36.733
2024-12-25 10:00,고속도로,기점,(3차로)승용차관련사고처리중,126.838,37.4403
2024-12-25 11:00,고속도로,종점,(진입로갓길)승용차단독사고처리중,129.0249,35.3249
2024-12-25 13:00,고속도로,종점,(1차로)승용차관련사고처리중,127.3295,35.6223
2024-12-25 15:00,고속도로,종점,(1차로)승용차관련사고처리중,128.5522,35.2914
2024-12-25 16:00,고속도로,종점,(진입로2차로)추돌사고처리중,126.752,37.5265
2024-12-25 16:00,고속도로,기점,(진출로갓길)승용차관련사고처리중,127.1038,37.2642
2024-12-25 19:00,고속도로,종점,(갓길)승용차단독사고처리중,128.8132,37.7661
2024-12-25 21:00,고속도로,기점,(1차로)승용차단독사고처리중,127.4497,34.8831
2024-12-25 22:00,고속도로,기점,(1차로)승용차관련추돌사고처리중,127.4497,34.8831
2024-12-26 00:00,고속도로,기점,(2차로)화물차사고처리중,126.7128,36.7519
2024-12-26 07:00,고속도로,종점,(1차로)승용차관련사고처리중,127.0648,37.3952
2024-12-26 10:00,고속도로,기점,(진출로3차로)승용차관련사고처리중,126.7769,37.5242
2024-12-26 12:00,고속도로,종점,(갓길)승용차관련사고처리중,126.8222,37.4396
2024-12-26 12:00,고속도로,종점,(갓길)승용차사고처리중,126.9005,37.2853
2024-12-26 12:00,고속도로,종점,"(1,2차로)승용차관련사고처리중",127.1431,37.0198
2024-12-26 12:00,고속도로,기점,(갓길)승용차관련사고처리중,126.8356,36.9493
2024-12-26 14:00,고속도로,종점,"(1,2차로)화물차관련사고처리중",127.4912,36.8219
2024-12-26 14:00,고속도로,종점,"(2,3차로)승용차관련사고처리중",127.1408,37.0286
2024-12-26 14:00,고속도로,종점,"(2,3차로)버스관련사고처리중",127.1743,37.5613
2024-12-26 14:00,고속도로,종점,(갓길)승용차관련사고처리중,126.7482,37.546
2024-12-26 15:00,고속도로,종점,(2차로)화물차관련사고처리중,128.49,35.2777
2024-12-26 15:00,고속도로,종점,(갓길)버스관련사고처리중,127.1743,37.5613
2024-12-26 16:00,고속도로,기점,(1차로)승용차관련사고처리중,128.585,35.2886
2024-12-26 16:00,고속도로,기점,(갓길)사고처리중,127.2208,35.7509
2024-12-26 17:00,고속도로,기점,(갓길)사고처리중,127.2208,35.7509
2024-12-26 17:00,고속도로,종점,(1차로)승용차관련사고처리중,127.7229,37.0743
2024-12-26 17:00,고속도로,기점,(진출로갓길)승용차사고처리중,127.4515,36.363
2024-12-26 18:00,고속도로,종점,(1차로)승용차관련사고처리중,128.4037,34.9555
2024-12-26 18:00,고속도로,기점,고양분기점(65K) 노고산터널(54K)13km정체,126.8613,37.6672
2024-12-26 18:00,고속도로,종점,(1차로)승용차관련사고처리중,127.1327,37.0729
2024-12-26 18:00,고속도로,종점,(1차로)승용차관련사고처리중,126.7647,37.5903
2024-12-26 18:00,고속도로,기점,(갓길)승용차관련사고처리중,126.8768,37.3367
2024-12-26 19:00,고속도로,종점,(3차로)승용차화물차추돌사고처리중,127.9739,36.2126
2024-12-26 19:00,고속도로,기점,(갓길)화물차관련사고처리중,126.8847,37.4261
2024-12-26 19:00,고속도로,기점,(4차로)승용차고장처리중,129.0328,35.3298
2024-12-26 20:00,고속도로,기점,(5차로)승용차관련사고처리중,127.0868,37.4135
2024-12-26 20:00,고속도로,종점,(3차로)승용차화물차추돌사고처리중,127.9739,36.2126
2024-12-26 21:00,고속도로,기점,(갓길)승용차관련사고처리중,127.0868,37.4135
2024-12-26 21:00,고속도로,종점,(1차로)승용차관련사고처리중,127.1035,37.3273
2024-12-26 22:00,고속도로,종점,별내(36K) 수락산터널(42.5K)(1차로)터널통신중계기점검작업중,127.1331,37.6396
2024-12-26 23:00,고속도로,종점,"(1,2차로)승용차관련사고처리중",128.4757,35.8393
2024-12-26 23:00,고속도로,종점,별내(36K) 수락산터널(42.5K)(1차로)터널통신중계기점검작업중,127.1331,37.6396
2024-12-26 23:00,고속도로,종점,"(1차로,갓길)사고",127.1235,37.4285
2024-12-27 00:00,고속도로,종점,(2차로)승용차관련사고처리중,128.4749,35.8398
2024-12-27 01:00,고속도로,기점,의정부IC(42.5K) 불암산터널(4차로)통신중계기점검작업중,127.0431,37.7035
2024-12-27 02:00,고속도로,종점,"(4,5차로)사고처리중",127.1034,37.3453
2024-12-27 02:00,고속도로,기점,의정부IC(42.5K) 불암산터널(4차로)통신중계기점검작업중,127.0431,37.7035
2024-12-27 03:00,고속도로,기점,의정부IC(42.5K) 불암산터널(4차로)통신중계기점검작업중,127.0431,37.7035
2024-12-27 04:00,고속도로,기점,의정부IC(42.5K) 불암산터널(37.3K)(4차로)통신중계기점검작업중,127.0431,37.7035
2024-12-27 05:00,고속도로,기점,"(1,2차로)승용차관련사고처리중",126.7207,36.9018
2024-12-27 06:00,고속도로,목포방향,"사고처리중(순찰반 도착, 119 출동 중)",126.728711,36.905139
2024-12-27 06:00,고속도로,기점,(2차로)승용차단독사고처리중,128.8909,36.0212
2024-12-27 06:00,고속도로,기점,"(1,2,3차로)승용차,화물차관련사고처리중 전차로통제송악ic우회요망",126.7207,36.9018
2024-12-27 07:00,고속도로,기점,"(1,2,3차로)승용차,화물차관련사고처리중 전차로통제송악ic우회요망",126.7207,36.9018
2024-12-27 07:00,고속도로,종점,(1차로)승용차관련사고처리중,128.5365,36.0724
2024-12-27 07:00,고속도로,종점,"(2차로,갓길)화물차관련사고처리중",127.9822,37.5254
2024-12-27 07:00,고속도로,기점,(4차로)승용차관련사고처리중,128.9672,35.1534
2024-12-27 07:00,고속도로,목포방향,"사고처리중(순찰반 도착, 119 출동 중)",126.728711,36.905139
2024-12-27 08:00,고속도로,기점,"(1,2,3차로)승용차,화물차관련사고처리중 전차로통제송악IC우회요망",126.7207,36.9018
2024-12-27 08:00,고속도로,기점,"(1,2,3차로,갓길)화물차관련사고처리중",126.8759,37.0283
2024-12-27 08:00,고속도로,종점,(1차로)단독사고처리중,127.9858,37.7606
2024-12-27 08:00,고속도로,종점,(2차로)사고처리중,127.9827,37.7595
2024-12-27 08:00,고속도로,목포방향,"사고처리중(순찰반 도착, 119 출동 중)",126.728711,36.905139
2024-12-27 08:00,고속도로,목포방향,사고처리중(3차로 통행 재개 07:31),126.729226,36.905276
2024-12-27 09:00,고속도로,목포방향,사고처리중(3차로 통행 재개 07:31),126.729226,36.905276
2024-12-27 09:00,고속도로,목포방향,"사고처리중(순찰반 도착, 119 출동 중)",126.728711,36.905139
2024-12-27 09:00,고속도로,종점,(갓길)사고처리중,127.9827,37.7595
2024-12-27 09:00,고속도로,기점,"(1,2차로)화물차관련사고처리중",126.8759,37.0283
2024-12-27 10:00,고속도로,종점,(갓길)승용차관련사고처리중,127.7843,37.0375
2024-12-27 10:00,고속도로,목포방향,"사고처리중(순찰반 도착, 119 출동 중)",126.728711,36.905139
2024-12-27 10:00,고속도로,목포방향,사고처리중(3차로 통행 재개 07:31),126.729226,36.905276
2024-12-27 11:00,고속도로,종점,"(4차로,갓길)승용차관련사고처리중",127.2046,37.2588
2024-12-27 11:00,고속도로,목포방향,"사고처리중(순찰반 도착, 119 출동 중)",126.728711,36.905139
2024-12-27 11:00,고속도로,목포방향,사고처리중(3차로 통행 재개 07:31),126.729226,36.905276
2024-12-27 12:00,고속도로,기점,(갓길)승용차관련사고처리중,128.4665,35.5884
2024-12-27 12:00,고속도로,목포방향,"사고처리중(순찰반 도착, 119 출동 중)",126.728711,36.905139
2024-12-27 12:00,고속도로,목포방향,사고처리중(3차로 통행 재개 07:31),126.729226,36.905276
2024-12-27 13:00,고속도로,목포방향,사고처리중(3차로 통행 재개 07:31),126.729226,36.905276
2024-12-27 13:00,고속도로,목포방향,"사고처리중(순찰반 도착, 119 출동 중)",126.728711,36.905139
2024-12-27 14:00,고속도로,기점,(1차로)추돌사고처리중,127.1949,37.5321
2024-12-27 14:00,고속도로,목포방향,"사고처리중(순찰반 도착, 119 출동 중)",126.728711,36.905139
2024-12-27 14:00,고속도로,목포방향,사고처리중(3차로 통행 재개 07:31),126.729226,36.905276
2024-12-27 15:00,고속도로,목포방향,사고처리중(3차로 통행 재개 07:31),126.729226,36.905276
2024-12-27 15:00,고속도로,목포방향,"사고처리중(순찰반 도착, 119 출동 중)",126.728711,36.905139
2024-12-27 15:00,고속도로,기점,양주TG(58K) 노고산터널(54K)4KM정체,126.9329,37.6857
2024-12-27 16:00,고속도로,목포방향,사고처리중(3차로 통행 재개 07:31),126.729226,36.905276
2024-12-27 16:00,고속도로,목포방향,"사고처리중(순찰반 도착, 119 출동 중)",126.728711,36.905139
2024-12-27 16:00,고속도로,종점,(1차로)승용차관련사고처리중,127.8136,36.4552
2024-12-27 16:00,고속도로,기점,(진출로1차로)사고처리중,126.7695,35.727
2024-12-27 17:00,고속도로,종점,(1차로)사고처리중,127.1484,37.5104
2024-12-27 17:00,고속도로,기점,(2차로)대형화물차화재사고처리중,128.191,36.497
2024-12-27 17:00,고속도로,기점,(1차로)승용차관련사고처리중,128.4478,35.9684
2024-12-27 17:00,고속도로,목포방향,"사고처리중(순찰반 도착, 119 출동 중)",126.728711,36.905139
2024-12-27 17:00,고속도로,목포방향,사고처리중(3차로 통행 재개 07:31),126.729226,36.905276
2024-12-27 18:00,고속도로,목포방향,사고처리중(3차로 통행 재개 07:31),126.729226,36.905276
2024-12-27 18:00,고속도로,목포방향,"사고처리중(순찰반 도착, 119 출동 중)",126.728711,36.905139
2024-12-27 18:00,고속도로,기점,(1차로)승용차사고처리중,127.2464,37.2459
2024-12-27 18:00,고속도로,종점,"(1,2차로)승용차추돌사고처리중",128.4762,35.7629
2024-12-27 19:00,고속도로,종점,(1차로)승용차사고처리중,129.0992,37.4698
2024-12-27 19:00,고속도로,종점,"(3,4차로)화물차관련사고처리중",126.8618,37.3526
2024-12-27 19:00,고속도로,종점,(1차로)승용차관련사고처리중,128.4524,35.7181
2024-12-27 19:00,고속도로,목포방향,"사고처리중(순찰반 도착, 119 출동 중)",126.728711,36.905139
2024-12-27 19:00,고속도로,목포방향,사고처리중(3차로 통행 재개 07:31),126.729226,36.905276
2024-12-27 20:00,고속도로,기점,(진출로1차로)승용차단독사고처리중,127.4195,36.405
2024-12-27 20:00,고속도로,목포방향,"사고처리중(순찰반 도착, 119 출동 중)",126.728711,36.905139
2024-12-27 20:00,고속도로,목포방향,사고처리중(3차로 통행 재개 07:31),126.729226,36.905276
2024-12-27 21:00,고속도로,종점,"(2차로,갓길)중형화물차사고처리중",127.509,36.1154
2024-12-27 21:00,고속도로,목포방향,"사고처리중(순찰반 도착, 119 출동 중)",126.728711,36.905139
2024-12-27 21:00,고속도로,목포방향,사고처리중(3차로 통행 재개 07:31),126.729226,36.905276
2024-12-27 22:00,고속도로,종점,"(2차로,갓길)소형화물차사고처리중",127.509,36.1154
2024-12-27 22:00,고속도로,목포방향,사고처리중(3차로 통행 재개 07:31),126.729226,36.905276
2024-12-27 22:00,고속도로,목포방향,"사고처리중(순찰반 도착, 119 출동 중)",126.728711,36.905139
2024-12-27 22:00,고속도로,종점,"(2차로,갓길)승용차추돌사고처리중",127.2217,35.7493
2024-12-27 23:00,고속도로,목포방향,"사고처리중(순찰반 도착, 119 출동 중)",126.728711,36.905139
2024-12-27 23:00,고속도로,목포방향,사고처리중(3차로 통행 재개 07:31),126.729226,36.905276
2024-12-28 00:00,고속도로,목포방향,사고처리중(3차로 통행 재개 07:31),126.729226,36.905276
2024-12-28 00:00,고속도로,목포방향,"사고처리중(순찰반 도착, 119 출동 중)",126.728711,36.905139
2024-12-28 01:00,고속도로,목포방향,사고처리중(3차로 통행 재개 07:31),126.729226,36.905276
2024-12-28 01:00,고속도로,목포방향,"사고처리중(순찰반 도착, 119 출동 중)",126.728711,36.905139
2024-12-28 02:00,고속도로,목포방향,사고처리중(3차로 통행 재개 07:31),126.729226,36.905276
2024-12-28 02:00,고속도로,목포방향,"사고처리중(순찰반 도착, 119 출동 중)",126.728711,36.905139
2024-12-28 02:00,고속도로,종점,(갓길)소형화물차사고처리중,128.6982,37.679
2024-12-28 02:00,고속도로,종점,(갓길)중형화물차사고처리중,126.6666,35.4462
2024-12-28 03:00,고속도로,기점,(1차로)승용차단독사고처리중,128.2219,36.3104
2024-12-28 03:00,고속도로,기점,(2차로)승용차단독사고처리중,127.2808,35.3882
2024-12-28 03:00,고속도로,기점,(갓길)대형화물차관련사고처리중,128.43,36.0209
2024-12-28 03:00,고속도로,목포방향,"사고처리중(순찰반 도착, 119 출동 중)",126.728711,36.905139
2024-12-28 03:00,고속도로,목포방향,사고처리중(3차로 통행 재개 07:31),126.729226,36.905276
2024-12-28 04:00,고속도로,기점,(1차로)화물차사고처리중,126.7969,35.4739
2024-12-28 04:00,고속도로,기점,"(1차로,갓길)승용차관련사고처리중",126.829,37.4191
2024-12-28 04:00,고속도로,목포방향,"사고처리중(순찰반 도착, 119 출동 중)",126.728711,36.905139
2024-12-28 04:00,고속도로,목포방향,사고처리중(3차로 통행 재개 07:31),126.729226,36.905276
2024-12-28 05:00,고속도로,목포방향,사고처리중(3차로 통행 재개 07:31),126.729226,36.905276
2024-12-28 05:00,고속도로,기점,(갓길)승용차관련사고처리중,126.829,37.4191
2024-12-28 05:00,고속도로,목포방향,"사고처리중(순찰반 도착, 119 출동 중)",126.728711,36.905139
2024-12-28 06:00,고속도로,기점,"(4차로,갓길)승용차관련사고처리중",126.829,37.4191
2024-12-28 06:00,고속도로,종점,(1차로)소형화물차단독사고처리중,127.4509,35.1971
2024-12-28 06:00,고속도로,목포방향,"사고처리중(순찰반 도착, 119 출동 중)",126.728711,36.905139
2024-12-28 06:00,고속도로,목포방향,사고처리중(3차로 통행 재개 07:31),126.729226,36.905276
2024-12-28 07:00,고속도로,종점,(2차로)소형화물차단독사고처리중,127.0393,35.2467
2024-12-28 07:00,고속도로,목포방향,"사고처리중(순찰반 도착, 119 출동 중)",126.728711,36.905139
2024-12-28 07:00,고속도로,목포방향,사고처리중(3차로 통행 재개 07:31),126.729226,36.905276
2024-12-28 08:00,고속도로,목포방향,"사고처리중(순찰반 도착, 119 출동 중)",126.728711,36.905139
2024-12-28 08:00,고속도로,목포방향,사고처리중(3차로 통행 재개 07:31),126.729226,36.905276
2024-12-28 08:00,고속도로,종점,(갓길)소형화물차단독사고처리중,126.6677,35.4488
2024-12-28 09:00,고속도로,종점,(1차로)사고처리중,126.8058,35.4484
2024-12-28 09:00,고속도로,목포방향,"사고처리중(순찰반 도착, 119 출동 중)",126.728711,36.905139
2024-12-28 09:00,고속도로,목포방향,사고처리중(3차로 통행 재개 07:31),126.729226,36.905276
2024-12-28 10:00,고속도로,기점,"(2,3차로)사고처리중",127.1162,37.1063
2024-12-28 10:00,고속도로,목포방향,사고처리중(3차로 통행 재개 07:31),126.729226,36.905276
2024-12-28 10:00,고속도로,목포방향,"사고처리중(순찰반 도착, 119 출동 중)",126.728711,36.905139
2024-12-28 10:00,고속도로,기점,(갓길)승용차추돌사고처리중,127.4622,36.3527
2024-12-28 11:00,고속도로,목포방향,사고처리중(3차로 통행 재개 07:31),126.729226,36.905276
2024-12-28 11:00,고속도로,목포방향,"사고처리중(순찰반 도착, 119 출동 중)",126.728711,36.905139
2024-12-28 11:00,고속도로,종점,(2차로)승용차추돌사고처리중,127.1738,36.8332
2024-12-28 11:00,고속도로,종점,(휴게소내광장부)화재사고처리중,127.1363,37.6311
2024-12-28 11:00,고속도로,종점,(1차로)승용차관련사고처리중,127.7225,37.0761
2024-12-28 11:00,고속도로,종점,"(1,2차로)화물차단독사고처리중",127.9375,35.0545
2024-12-28 11:00,고속도로,종점,(7차로)사고처리중,126.8618,37.3526
2024-12-28 12:00,고속도로,목포방향,"사고처리중(순찰반 도착, 119 출동 중)",126.728711,36.905139
2024-12-28 12:00,고속도로,목포방향,사고처리중(3차로 통행 재개 07:31),126.729226,36.905276
2024-12-28 12:00,고속도로,기점,(3차로)사고처리중,127.1551,37.5994
2024-12-28 12:00,고속도로,종점,(진출로2차로)사고처리중,128.8392,37.751
2024-12-28 12:00,고속도로,기점,"(2,3차로,갓길)승용차화재사고처리중",129.1439,36.0622
2024-12-28 12:00,고속도로,종점,(1차로)승용차관련사고처리중,127.7511,37.0418
2024-12-28 13:00,고속도로,목포방향,사고처리중(3차로 통행 재개 07:31),126.729226,36.905276
2024-12-28 13:00,고속도로,목포방향,"사고처리중(순찰반 도착, 119 출동 중)",126.728711,36.905139
2024-12-28 13:00,고속도로,종점,(2차로)승용차추돌사고처리중,127.1742,36.7838
2024-12-28 13:00,고속도로,기점,(갓길)추돌사고처리중,126.6759,35.4019
2024-12-28 13:00,고속도로,기점,(4차로)사고처리중,127.1762,37.5561
2024-12-28 13:00,고속도로,종점,(2차로)승용차관련사고처리중,126.8837,37.1197
2024-12-28 13:00,고속도로,종점,(1차로)사고처리중,127.1828,37.5418
2024-12-28 13:00,고속도로,기점,(3차로)승용차화재사고처리중,129.1439,36.0622
2024-12-28 13:00,고속도로,기점,(갓길)승용차추돌사고처리중,126.4939,34.9895
2024-12-28 14:00,고속도로,목포방향,사고처리중(3차로 통행 재개 07:31),126.729226,36.905276
2024-12-28 14:00,고속도로,목포방향,"사고처리중(순찰반 도착, 119 출동 중)",126.728711,36.905139
2024-12-28 14:00,고속도로,종점,(2차로)사고처리중,126.8959,37.4504
2024-12-28 14:00,고속도로,종점,"(1,2,3차로)사고처리중",126.8867,37.0827
2024-12-28 14:00,고속도로,종점,(1차로)사고처리중,126.8891,37.0666
2024-12-28 14:00,고속도로,기점,(1차로)승용차관련사고처리중,128.0395,36.7469
2024-12-28 15:00,고속도로,목포방향,사고처리중(3차로 통행 재개 07:31),126.729226,36.905276
2024-12-28 15:00,고속도로,목포방향,"사고처리중(순찰반 도착, 119 출동 중)",126.728711,36.905139
2024-12-28 15:00,고속도로,기점,(2차로)사고처리중,127.1238,37.0894
2024-12-28 15:00,고속도로,종점,(1차로)승용차관련사고처리중,128.1826,36.5087
2024-12-28 16:00,고속도로,목포방향,"사고처리중(순찰반 도착, 119 출동 중)",126.728711,36.905139
2024-12-28 16:00,고속도로,종점,(1차로)승용차관련사고처리중,128.5599,35.2907
2024-12-28 16:00,고속도로,목포방향,사고처리중(3차로 통행 재개 07:31),126.729226,36.905276
2024-12-28 17:00,고속도로,목포방향,사고처리중(3차로 통행 재개 07:31),126.729226,36.905276
2024-12-28 17:00,고속도로,목포방향,"사고처리중(순찰반 도착, 119 출동 중)",126.728711,36.905139
2024-12-28 18:00,고속도로,기점,(2차로)승용차관련사고처리중,127.3662,37.634
2024-12-28 18:00,고속도로,종점,(1차로)승용차관련사고처리중,126.8666,37.4335
2024-12-28 18:00,고속도로,기점,"(1,2차로)대형버스관련사고처리중",127.2665,36.7313
2024-12-28 18:00,고속도로,목포방향,"사고처리중(순찰반 도착, 119 출동 중)",126.728711,36.905139
2024-12-28 18:00,고속도로,목포방향,사고처리중(3차로 통행 재개 07:31),126.729226,36.905276
2024-12-28 19:00,고속도로,기점,(진입로갓길)사고확인중,126.8969,37.2767
2024-12-28 19:00,고속도로,목포방향,사고처리중(3차로 통행 재개 07:31),126.729226,36.905276
2024-12-28 19:00,고속도로,목포방향,"사고처리중(순찰반 도착, 119 출동 중)",126.728711,36.905139
2024-12-28 20:00,고속도로,목포방향,사고처리중(3차로 통행 재개 07:31),126.729226,36.905276
2024-12-28 20:00,고속도로,목포방향,"사고처리중(순찰반 도착, 119 출동 중)",126.728711,36.905139
2024-12-28 20:00,고속도로,기점,(진입로갓길)사고확인중,126.8969,37.2767
2024-12-28 21:00,고속도로,기점,(1차로)승용차관련사고처리중,128.5264,38.1974
2024-12-28 21:00,고속도로,목포방향,"사고처리중(순찰반 도착, 119 출동 중)",126.728711,36.905139
2024-12-28 21:00,고속도로,목포방향,사고처리중(3차로 통행 재개 07:31),126.729226,36.905276
2024-12-28 22:00,고속도로,목포방향,"사고처리중(순찰반 도착, 119 출동 중)",126.728711,36.905139
2024-12-28 22:00,고속도로,목포방향,사고처리중(3차로 통행 재개 07:31),126.729226,36.905276
2024-12-28 23:00,고속도로,종점,(진출로갓길)승용차단독사고처리중,127.2021,37.5316
2024-12-28 23:00,고속도로,목포방향,"사고처리중(순찰반 도착, 119 출동 중)",126.728711,36.905139
2024-12-28 23:00,고속도로,목포방향,사고처리중(3차로 통행 재개 07:31),126.729226,36.905276
2024-12-29 00:00,고속도로,목포방향,사고처리중(3차로 통행 재개 07:31),126.729226,36.905276
2024-12-29 00:00,고속도로,목포방향,"사고처리중(순찰반 도착, 119 출동 중)",126.728711,36.905139
2024-12-29 00:00,고속도로,종점,"(2차로,갓길)화물차단독사고처리중",129.1464,35.5499
2024-12-29 05:00,고속도로,기점,"(진출로1,2차로)승용차관련사고처리중",127.2413,37.5974
2024-12-29 06:00,고속도로,기점,(갓길)승용차사고처리중,126.8821,37.2422
2024-12-29 06:00,고속도로,종점,(진입로갓길)승용차사고처리중,128.6196,36.4329
2024-12-29 07:00,고속도로,기점,(3차로)승용차사고처리중,126.8821,37.2422
2024-12-29 09:00,고속도로,종점,"(1,2차로)승용차관련사고처리중",128.8659,35.1757
2024-12-29 10:00,고속도로,기점,"(2차로,갓길)승용차관련사고처리중",127.1552,35.897
2024-12-29 11:00,고속도로,기점,(6차로)사고처리중,127.1033,37.3723
2024-12-29 12:00,고속도로,종점,(1차로)사고처리중,126.8891,37.0666
2024-12-29 12:00,고속도로,종점,(1차로)승용차관련추돌사고처리중,127.7222,37.0779
2024-12-29 12:00,고속도로,기점,(1차로)승용차관련사고처리중,126.9015,37.2878
2024-12-29 12:00,고속도로,종점,"(2,3차로)사고처리중",127.1033,37.3543
2024-12-29 13:00,고속도로,기점,(갓길)승용차관련사고처리중,128.5911,38.0738
2024-12-29 14:00,고속도로,종점,"(1,2차로)사고처리중",126.8788,37.1507
2024-12-29 15:00,고속도로,기점,(2차로)단독사고처리중,128.826,37.7997
2024-12-29 15:00,고속도로,종점,(1차로)승용차관련사고처리완료,129.206,35.2146
2024-12-29 16:00,고속도로,기점,(3차로)3차로사고처리중,127.1224,37.4169
2024-12-29 17:00,고속도로,종점,(1차로)사고처리중,126.7955,37.3531
2024-12-29 18:00,고속도로,종점,(갓길)승용차관련사고처리중,127.8413,35.0114
2024-12-29 19:00,고속도로,기점,(5차로)사고처리중,127.189,36.9122
2024-12-29 20:00,고속도로,기점,(2차로)사고처리중,127.2502,36.4589
2024-12-29 22:00,고속도로,종점,(1차로)승용차관련사고처리중,127.4546,36.3593
2024-12-29 22:00,고속도로,종점,(갓길)화물차관련사고처리중,128.4987,35.3801
2024-12-29 23:00,고속도로,종점,(갓길)화물차관련사고처리중,128.4987,35.3801
2024-12-29 23:00,고속도로,기점,(서울방향진출로갓길)사고처리중,126.8607,37.3441
2024-12-29 23:00,고속도로,기점,"(5차로,갓길)g화물차사고처리중",127.1408,37.0286
2024-12-30 00:00,고속도로,기점,(서울방향진출로갓길)사고처리중,126.8607,37.3441
2024-12-30 01:00,고속도로,기점,(서울방향진출로갓길)사고처리중,126.8607,37.3441
2024-12-30 02:00,고속도로,기점,(서울방향진출로갓길)사고처리중,126.8607,37.3441
2024-12-30 03:00,고속도로,기점,(서울방향진출로갓길)사고처리중,126.8607,37.3441
2024-12-30 04:00,고속도로,기점,(서울방향진출로갓길)사고처리중,126.8607,37.3441
2024-12-30 05:00,고속도로,기점,"(1,4차로)승용차관련사고처리중",126.709,37.5237
2024-12-30 06:00,고속도로,종점,(1차로)승용차관련추돌사고처리중,127.4633,35.1114
2024-12-30 07:00,고속도로,종점,(1차로)승용차관련추돌사고처리중,127.4633,35.1114
2024-12-30 08:00,고속도로,종점,(1차로)승용차관련사고처리중,126.825,37.5239
2024-12-30 09:00,고속도로,기점,(5차로)승용차관련사고처리중,126.7489,37.4821
2024-12-30 11:00,고속도로,종점,(1차로)소형화물차단독사고처리중,128.0373,37.2593
2024-12-30 13:00,고속도로,종점,(1차로)승용차관련사고처리중,126.9005,37.2853
2024-12-30 14:00,고속도로,종점,"(1,2차로)승용차관련사고처리중",128.7982,35.8768
2024-12-30 14:00,고속도로,종점,(1차로)승용차관련사고처리중,126.9062,35.1839
2024-12-30 18:00,고속도로,기점,(진출로1차로)승용차관련사고처리중,127.2108,37.5945
2024-12-30 20:00,고속도로,기점,(2차로)승용차관련사고처리중,128.1962,37.8034
2024-12-30 20:00,고속도로,기점,(1차로)승용차관련사고처리중,126.7922,37.4572
2024-12-30 21:00,고속도로,기점,(갓길)승용차단독사고처리중,128.1663,37.482
2024-12-30 22:00,고속도로,기점,(진출로3차로)사고처리중,127.4144,36.4047
2024-12-31 02:00,고속도로,기점,(갓길)화물차관련사고처리중,128.2138,36.4208
2024-12-31 04:00,고속도로,종점,(5차로)화물차관련사고처리중,127.0958,37.2126
2024-12-31 05:00,고속도로,종점,(5차로)화물차관련사고처리중,127.0958,37.2126
2024-12-31 06:00,고속도로,종점,(5차로)화물차관련사고처리중,127.0958,37.2126
2024-12-31 06:00,고속도로,기점,(4차로)화물차관련사고처리중,128.4021,36.061
2024-12-31 10:00,고속도로,종점,(4차로)화물차관련사고처리중,126.9211,37.3745
2024-12-31 10:00,고속도로,기점,(3차로)화물차관련사고처리중,126.8714,37.3413
2024-12-31 13:00,고속도로,종점,(1차로)승용차관련사고처리중,127.255,37.4603
2024-12-31 13:00,고속도로,기점,(1차로)승용차관련사고처리중,126.7463,37.4909
2024-12-31 13:00,고속도로,종점,(갓길)승용차관련사고처리중,129.1078,37.4592
2024-12-31 13:00,고속도로,종점,(1차로)승용차관련사고처리중,126.8773,37.1551
2024-12-31 14:00,고속도로,기점,(1차로)승용차사고처리중,128.5227,37.6441
2024-12-31 14:00,고속도로,종점,(갓길)승용차관련사고처리중,126.7486,37.5087
2024-12-31 14:00,고속도로,종점,(갓길)추돌사고처리중,127.1296,37.4754
2024-12-31 14:00,고속도로,기점,(1차로)승용차관련사고처리중,127.5375,37.6875
2024-12-31 15:00,고속도로,종점,(1차로)승용차관련사고처리중,127.7224,37.077
2024-12-31 16:00,고속도로,기점,(갓길)승용차관련사고처리중,126.7303,37.4332
2024-12-31 17:00,고속도로,기점,(진출로갓길)승용차화재사고처리중,127.7139,36.458
2024-12-31 17:00,고속도로,종점,(진입로1차로)승용차단독사고처리중,127.1327,35.364
2024-12-31 18:00,고속도로,종점,(진출로3차로)승용차관련사고처리중,126.7386,37.4334
2024-12-31 18:00,고속도로,기점,(진출로3차로)승용차관련사고처리중,126.7386,37.4334
2024-12-31 18:00,고속도로,종점,(1차로)승용차관련추돌사고처리중,126.9269,35.1834
2024-12-31 18:00,고속도로,기점,(1차로)승용차관련사고처리중,127.491,36.8174
2024-12-31 18:00,고속도로,종점,(1차로)승용차사고처리중,126.8878,37.0755
2024-12-31 19:00,고속도로,종점,(갓길)승용차관련사고처리중,126.8052,37.4493
2024-12-31 19:00,고속도로,기점,(1차로)승용차관련사고처리중,126.6656,36.8014
2024-12-31 20:00,고속도로,기점,(2차로)승용차단독사고처리중,126.429,35.0124
2024-12-31 20:00,고속도로,기점,(갓길)승용차관련사고처리중,126.7427,37.4328
2025-01-01 00:00,고속도로,기점,(4차로)화물차관련사고처리중,128.5907,35.9111
2025-01-01 04:00,고속도로,기점,"(3,4차로)승용차관련사고처리중",126.8542,37.3899
2025-01-01 05:00,고속도로,기점,(진출로1차로)승용차단독사고처리중,129.0991,35.5081
2025-01-01 05:00,고속도로,종점,(2차로)승용차관련사고처리중,128.8143,37.7677
2025-01-01 05:00,고속도로,기점,"(3,4차로)승용차관련사고처리중",126.8542,37.3899
2025-01-01 07:00,고속도로,기점,(진출로1차로)남성주하이패스차로사고처리중,128.3276,35.8362
2025-01-01 08:00,고속도로,기점,"(2차로,갓길)화물차단독사고처리중",127.4436,37.199
2025-01-01 09:00,고속도로,기점,(1차로)승용차관련사고처리중,129.2119,36.0744
2025-01-01 09:00,고속도로,종점,(1차로)승용차사고처리중,127.1958,37.5292
2025-01-01 10:00,고속도로,기점,(1차로)승용차사고처리중,128.7707,37.6945
2025-01-01 11:00,고속도로,기점,(진출로갓길)승용차사고처리중,126.8822,37.2431
2025-01-01 11:00,고속도로,기점,(갓길)승용차관련사고처리중,128.4582,37.9734
2025-01-01 12:00,고속도로,기점,(갓길)승용차관련사고처리중,128.4582,37.9734
2025-01-01 13:00,고속도로,종점,(진입로갓길)영동선진입로갓길사고처리중,126.8607,37.3441
2025-01-01 14:00,고속도로,기점,(2차로)승용차관련사고처리중,128.5519,38.0256
2025-01-01 14:00,고속도로,종점,(진출로갓길)영동선강릉방향진출로갓길사고처리중,126.8607,37.3441
2025-01-01 15:00,고속도로,기점,(갓길)화재사고처리중,126.8422,35.8719
2025-01-01 16:00,고속도로,기점,(1차로)승용차관련사고처리중,128.585,35.2886
2025-01-01 16:00,고속도로,기점,"(2차로,갓길)화재사고처리중",126.8422,35.8719
2025-01-01 16:00,고속도로,종점,(1차로)승용차관련사고처리중,128.0944,36.7246
2025-01-01 16:00,고속도로,종점,(갓길)승용차고장처리중,128.2725,36.148
2025-01-01 18:00,고속도로,종점,(1차로)승용차단독사고처리중,129.2024,35.2449
2025-01-01 18:00,고속도로,종점,(갓길)승용차단독사고처리중,128.465,35.7277
2025-01-01 18:00,고속도로,종점,(진출로1차로)승용차관련사고처리중,127.592,37.2267
2025-01-01 22:00,고속도로,종점,"(1,2차로)화물차관련사고처리중",126.8382,36.6281
2025-01-01 23:00,고속도로,기점,(영동선강릉방향진출로1차로)사고처리중,127.1037,37.2912
2025-01-02 00:00,고속도로,기점,(진출로2차로)사고처리중,126.8064,37.3506
2025-01-02 03:00,고속도로,기점,(갓길)사고확인중,128.3047,36.142
2025-01-02 05:00,고속도로,기점,"(1,2차로)승용차관련사고처리중",127.279,37.2428
2025-01-02 10:00,고속도로,기점,(갓길)화물차관련사고처리중,127.7878,37.7561
2025-01-02 10:00,고속도로,기점,"(1,2차로)사고처리중",126.5694,35.323
2025-01-02 14:00,고속도로,기점,(2차로)화물차관련사고처리중,128.4465,35.6169
2025-01-02 14:00,고속도로,기점,"(4,5차로)추돌사고처리중",127.1719,37.5654
2025-01-02 14:00,고속도로,기점,(진출로녹지대)중형화물사고처리중,126.8336,35.9773
2025-01-02 15:00,고속도로,기점,(2차로)승용차단독사고처리중,128.5242,36.4172
2025-01-02 15:00,고속도로,기점,(2차로)화물차관련사고처리중,128.4492,35.614
2025-01-02 15:00,고속도로,종점,(갓길)승용차관련사고처리중,127.4273,36.5866
2025-01-02 15:00,고속도로,기점,(1차로)승용차사고처리중,127.3571,37.6341
2025-01-02 16:00,고속도로,종점,(1차로)사고처리중,127.2848,37.442
2025-01-02 19:00,고속도로,기점,(갓길)승용차사고처리중,126.8379,35.2043
2025-01-02 20:00,고속도로,기점,(1차로)승용차관련사고처리중,129.1137,35.8306
2025-01-02 22:00,고속도로,기점,"(1,2차로)승용차관련사고처리중",126.7469,37.4998
2025-01-02 22:00,고속도로,기점,(진입로1차로)승용차관련사고처리중,126.7998,37.6189
2025-01-03 06:00,고속도로,기점,"(1차로)승용차1대,소형화물차1대,대형화물차1대추돌사고처리중",127.5974,34.9805
2025-01-03 08:00,고속도로,종점,(1차로)승용차단독사고처리중,127.9853,36.7799
2025-01-03 08:00,고속도로,기점,(갓길)화물차관련사고처리중,128.5172,35.2738
2025-01-03 09:00,고속도로,종점,(진출로1차로)화물차단독사고처리중,127.4894,37.2457
2025-01-03 10:00,고속도로,종점,(진출로1차로)화물차단독사고처리중,127.4894,37.2457
2025-01-03 10:00,고속도로,종점,"(4,5차로)승용차사고처리중",127.1925,37.5235
2025-01-03 11:00,고속도로,기점,"(2,3차로)화물차관련사고처리중",128.2283,35.1943
2025-01-03 11:00,고속도로,종점,(갓길)승용차관련사고처리중,128.5089,35.4503
2025-01-03 11:00,고속도로,종점,(진출로1차로)화물차단독사고처리중,127.4894,37.2457
2025-01-03 12:00,고속도로,종점,(진출로1차로)화물차단독사고처리중,127.4894,37.2457
2025-01-03 12:00,고속도로,기점,(갓길)화물차고장처리중,128.4433,35.6415
2025-01-03 12:00,고속도로,종점,(1차로)승용차관련단독사고처리중,127.0573,35.2557
2025-01-03 13:00,고속도로,종점,(진출로1차로)화물차단독사고처리중,127.4894,37.2457
2025-01-03 14:00,고속도로,종점,(진출로1차로)화물차단독사고처리중,127.4894,37.2457
2025-01-03 15:00,고속도로,종점,"(2차로,갓길)사고처리중",129.093,37.544
2025-01-03 15:00,고속도로,종점,(진출로1차로)화물차단독사고처리중,127.4894,37.2457
2025-01-03 15:00,고속도로,기점,(1차로)승용차관련사고처리중,128.6219,35.2809
2025-01-03 17:00,고속도로,기점,"(1,2차로)추돌사고처리중",127.1162,37.1063
2025-01-03 17:00,고속도로,기점,(1차로)사고처리중,127.0392,37.3945
2025-01-03 18:00,고속도로,기점,"(2차로,갓길)승용차관련사고처리중",126.816,36.6532
2025-01-03 20:00,고속도로,종점,(1차로)사고처리중,127.1322,37.4771
2025-01-04 00:00,고속도로,기점,(진출로갓길)승용차관련사고처리중,127.1038,37.2642
2025-01-04 00:00,고속도로,종점,(진출로갓길)승용차사고,127.1038,37.2642
2025-01-04 01:00,고속도로,종점,"(3,4차로)화물차관련사고처리중",126.8618,37.3526
2025-01-04 01:00,고속도로,기점,(진출로2차로)승용차관련사고처리중,126.8692,37.3696
2025-01-04 02:00,고속도로,종점,"(3,4차로)화물차관련사고처리중",126.8618,37.3526
2025-01-04 03:00,고속도로,종점,"(3,4차로)화물차관련사고처리중",126.8618,37.3526
2025-01-04 04:00,고속도로,종점,"(3,4차로)화물차관련사고처리중",126.8618,37.3526
2025-01-04 04:00,고속도로,기점,(갓길)승용차단독사고처리중,126.5263,35.2573
2025-01-04 05:00,고속도로,기점,(갓길)승용차단독사고처리중,126.5263,35.2573
2025-01-04 06:00,고속도로,기점,(갓길)승용차관련사고처리중,129.0307,37.6263
2025-01-04 06:00,고속도로,종점,(갓길)승용차관련사고처리중,128.2595,35.2096
2025-01-04 07:00,고속도로,기점,"(1,2차로)사고처리중",126.8941,37.4201
2025-01-04 07:00,고속도로,종점,(3차로)승용차사고처리중,126.7687,37.4317
2025-01-04 08:00,고속도로,기점,(진출로2차로)화물차단독사고처리중,128.504,35.2897
2025-01-04 09:00,고속도로,기점,(진출로2차로)화물차단독사고처리중(순천방향차단),128.504,35.2897
2025-01-04 10:00,고속도로,기점,(1차로)승용차관련사고처리중,127.8474,36.956
2025-01-04 11:00,고속도로,종점,"(2,3차로)버스관련사고처리중",127.1059,37.2373
2025-01-04 11:00,고속도로,종점,(10차로)사고처리중,126.8618,37.3526
2025-01-04 12:00,고속도로,기점,(3차로)버스관련사고처리중,126.879,37.3347
2025-01-04 12:00,고속도로,기점,(1차로)승용차관련사고처리중,127.491,36.8174
2025-01-04 13:00,고속도로,기점,(3차로)버스관련사고처리중,126.879,37.3347
2025-01-04 14:00,고속도로,종점,(1차로)사고처리중,126.887,37.2606
2025-01-04 16:00,고속도로,기점,"(2,3차로)승용차사고처리중",127.3798,36.6357
2025-01-04 16:00,고속도로,종점,(진출로1차로)승용차단독사고처리중,128.2668,36.1554
2025-01-04 16:00,고속도로,종점,(1차로)승용차관련사고처리중,127.5078,36.7863
2025-01-04 17:00,고속도로,종점,(갓길)승용차관련사고처리중,126.981,37.0262
2025-01-04 18:00,고속도로,종점,(갓길)승용차관련사고처리중,128.3655,35.2929
2025-01-04 20:00,고속도로,기점,(3차로)승용차단독사고처리중,128.884,35.2238
2025-01-04 21:00,고속도로,종점,"(2,3차로)사고처리중",126.8917,37.4588
2025-01-04 21:00,고속도로,종점,(1차로)승용차사고처리중,128.2711,37.5219
2025-01-04 22:00,고속도로,종점,(1차로)사고처리중,126.8959,37.4504
2025-01-05 08:00,고속도로,종점,(진출로1차로)사고처리중,126.7933,37.6116
2025-01-05 09:00,고속도로,기점,(갓길)승용차사고처리중,127.3548,37.6341
2025-01-05 09:00,고속도로,기점,(광장부)사고처리중,126.7429,37.524
2025-01-05 10:00,고속도로,종점,(1차로)승용차사고처리중,126.7756,36.1988
2025-01-05 11:00,고속도로,종점,(1차로)승용차사고처리중,127.1039,37.2552
2025-01-05 11:00,고속도로,종점,(5차로)화물차관련사고처리중,127.136,37.0553
2025-01-05 13:00,고속도로,종점,(진출로갓길)승용차단독사고처리중,127.7139,36.458
2025-01-05 14:00,고속도로,종점,(1차로)승용차단독사고처리중,128.0559,37.25
2025-01-05 16:00,고속도로,종점,(2차로)승용차관련사고처리중,128.482,37.6286
2025-01-05 17:00,고속도로,종점,(2차로)소형화물차관련추돌사고처리중,126.8601,35.1927
2025-01-05 17:00,고속도로,기점,"(1,2,3차로,갓길)화물차관련사고처리중",126.7512,37.5355
2025-01-05 18:00,고속도로,기점,(1차로)승용차관련사고처리중,128.1268,37.1966
2025-01-05 18:00,고속도로,기점,(갓길)화물차관련사고처리중,126.7499,37.5399
2025-01-05 21:00,고속도로,종점,(진출로)승용차관련사고처리중,127.1037,37.2912
2025-01-06 02:00,고속도로,기점,"(1차로,갓길)화물차관련사고처리중",127.2466,37.4765
2025-01-06 04:00,고속도로,기점,(갓길)승용차단독사고처리중,126.9678,37.3815
2025-01-06 04:00,고속도로,종점,(1차로)사고처리중,126.8733,37.1809
2025-01-06 04:00,고속도로,기점,(2차로)사고처리중,127.2824,35.6792
2025-01-06 04:00,고속도로,종점,(1차로)승용차관련사고처리중,127.2938,37.4353
2025-01-06 05:00,고속도로,종점,"(2,4차로)화물차사고처리중",126.7489,37.4821
2025-01-06 05:00,고속도로,기점,(3차로)승용차사고처리중,127.9752,36.4424
2025-01-06 05:00,고속도로,기점,(2차로)사고처리중,127.2824,35.6792
2025-01-06 05:00,고속도로,순천방향,사고처리중(사고차량 조치 작업중),127.287877,35.67364
2025-01-06 05:00,고속도로,기점,"(1,2차로)화물차사고처리중",127.7726,37.8177
2025-01-06 06:00,고속도로,종점,(2차로)화물차관련사고처리중,128.1496,37.1212
2025-01-06 06:00,고속도로,순천방향,"사고처리중(1개차로 통행재개, 05:10)",127.287662,35.673762
2025-01-06 06:00,고속도로,기점,(갓길)승용차관련사고처리중,127.5044,37.6746
2025-01-06 06:00,고속도로,기점,(갓길)소형화물차단독사고처리중,127.8968,36.2177
2025-01-06 06:00,고속도로,종점,(갓길)승용차관련사고처리중,126.8176,37.3503
2025-01-06 06:00,고속도로,기점,(3차로)승용차사고처리중,127.9752,36.4424
2025-01-06 06:00,고속도로,기점,(갓길)사고처리중,127.2824,35.6792
2025-01-06 06:00,고속도로,순천방향,사고처리중(사고차량 조치 작업중),127.287877,35.67364
2025-01-06 07:00,고속도로,순천방향,"사고처리중(1개차로 통행재개, 05:10)",127.287662,35.673762
2025-01-06 07:00,고속도로,순천방향,사고처리중(사고차량 조치 작업중),127.287877,35.67364
2025-01-06 07:00,고속도로,기점,(1차로)승용차단독사고처리중,127.805,35.5134
2025-01-06 07:00,고속도로,기점,(3차로)승용차사고처리중,127.9752,36.4424
2025-01-06 07:00,고속도로,종점,(진입로1차로)승용차관련추돌사고처리중,126.9293,35.1921
2025-01-06 07:00,고속도로,기점,(1차로)사고처리중,126.7976,35.4649
2025-01-06 07:00,고속도로,종점,(2차로)추돌사고처리중,127.1226,37.4384
2025-01-06 07:00,고속도로,기점,(갓길)승용차관련사고처리중,127.4954,37.6694
2025-01-06 08:00,고속도로,순천방향,"사고처리중(1개차로 통행재개, 05:10)",127.287662,35.673762
2025-01-06 08:00,고속도로,순천방향,사고처리중(사고차량 조치 작업중),127.287877,35.67364
2025-01-06 08:00,고속도로,기점,(1차로)사고처리중,126.8714,37.3961
2025-01-06 08:00,고속도로,종점,"(2차로,갓길)승용차관련사고처리중",128.235,36.4005
2025-01-06 08:00,고속도로,기점,(1차로)승용차관련사고처리중,128.0982,36.3924
2025-01-06 08:00,고속도로,종점,(진입로1차로)승용차관련추돌사고처리중,126.9293,35.1921
2025-01-06 08:00,고속도로,종점,"(1,2차로)승용차단독사고처리중",127.3062,35.41
2025-01-06 08:00,고속도로,기점,대형버스관련사고전면차단중(국도우회바랍니다.),128.1841,36.5062
2025-01-06 08:00,고속도로,기점,"(1,2차로)승용차관련사고처리중",128.0111,36.1829
2025-01-06 09:00,고속도로,순천방향,사고처리중(사고차량 조치 작업중),127.287877,35.67364
2025-01-06 09:00,고속도로,종점,(1차로)승용차단독사고처리중,128.3531,36.9193
2025-01-06 09:00,고속도로,종점,(갓길)승용차단독사고처리중,127.7168,34.9868
2025-01-06 09:00,고속도로,기점,(갓길)승용차관련사고처리중,128.1633,36.3737
2025-01-06 09:00,고속도로,기점,(진입로갓길)승용차단독사고처리중,127.4302,36.533
2025-01-06 09:00,고속도로,기점,(진출로1차로)대형화물차사고처리중,127.4302,36.533
2025-01-06 09:00,고속도로,기점,(5차로)단독사고처리중,127.1675,37.5706
2025-01-06 09:00,고속도로,순천방향,"사고처리중(1개차로 통행재개, 05:10)",127.287662,35.673762
2025-01-06 09:00,고속도로,창원방향,사고처리중(순찰반 이동중),128.189013,36.499589
2025-01-06 09:00,국도,상주방향,국도25호선 상주방향 하장2교 북측 사고발생으로 인해 정체중,128.487252,36.132204
2025-01-06 09:00,고속도로,종점,(1차로)승용차단독사고처리중,127.3317,35.6203
2025-01-06 10:00,고속도로,종점,"(1,2차로)승용차관련사고처리중",128.2016,36.3704
2025-01-06 10:00,국도,상주방향,국도25호선 상주방향 하장2교 북측 사고발생으로 인해 정체중,128.487252,36.132204
2025-01-06 10:00,고속도로,기점,(갓길)승용차단독사고처리중,128.4764,36.4042
2025-01-06 10:00,고속도로,순천방향,사고처리중(사고차량 조치 작업중),127.287877,35.67364
2025-01-06 10:00,고속도로,기점,(진출로1차로)대형화물차사고처리중,127.4302,36.533
2025-01-06 10:00,고속도로,종점,(2차로)화물차관련사고처리중,127.4815,36.2313
2025-01-06 10:00,고속도로,기점,"(2차로,갓길)승용차관련사고처리중",127.5097,36.1298
2025-01-06 10:00,고속도로,종점,(1차로)승용차단독사고처리중,127.3317,35.6203
2025-01-06 10:00,고속도로,순천방향,"사고처리중(1개차로 통행재개, 05:10)",127.287662,35.673762
2025-01-06 10:00,고속도로,창원방향,사고처리중(순찰반 이동중),128.189013,36.499589
2025-01-06 11:00,고속도로,기점,"(3차로,갓길)화물차관련사고처리중",128.044,36.1434
2025-01-06 11:00,고속도로,기점,(갓길)승용차관련사고처리중,128.4953,37.6359
2025-01-06 11:00,고속도로,기점,(2차로)승용차관련사고처리중,128.5721,36.3654
2025-01-06 11:00,고속도로,순천방향,사고처리중(사고차량 조치 작업중),127.287877,35.67364
2025-01-06 11:00,고속도로,기점,(4차로)사고처리중,126.7378,37.4281
2025-01-06 11:00,고속도로,기점,(진출로1차로)대형화물차사고처리중,127.4302,36.533
2025-01-06 11:00,고속도로,기점,(갓길)승용차단독사고처리중,128.4764,36.4042
2025-01-06 11:00,고속도로,순천방향,"사고처리중(1개차로 통행재개, 05:10)",127.287662,35.673762
2025-01-06 11:00,고속도로,창원방향,사고처리중(순찰반 이동중),128.189013,36.499589
2025-01-06 11:00,국도,상주방향,국도25호선 상주방향 하장2교 북측 사고발생으로 인해 정체중,128.487252,36.132204
2025-01-06 12:00,고속도로,종점,(1차로)사고처리중,126.9485,37.3281
2025-01-06 12:00,고속도로,종점,(갓길)승용차관련사고처리중,128.6869,37.6783
2025-01-06 12:00,고속도로,순천방향,사고처리중(사고차량 조치 작업중),127.287877,35.67364
2025-01-06 12:00,고속도로,순천방향,"사고처리중(1개차로 통행재개, 05:10)",127.287662,35.673762
2025-01-06 12:00,고속도로,창원방향,사고처리중(순찰반 이동중),128.189013,36.499589
2025-01-06 12:00,국도,상주방향,국도25호선 상주방향 하장2교 북측 사고발생으로 인해 정체중,128.487252,36.132204
2025-01-06 13:00,국도,상주방향,국도25호선 상주방향 하장2교 북측 사고발생으로 인해 정체중,128.487252,36.132204
2025-01-06 13:00,고속도로,종점,(1차로)승용차관련사고처리중,128.7748,37.6744
2025-01-06 13:00,고속도로,순천방향,사고처리중(사고차량 조치 작업중),127.287877,35.67364
2025-01-06 13:00,고속도로,창원방향,사고처리중(순찰반 이동중),128.189013,36.499589
2025-01-06 13:00,고속도로,순천방향,"사고처리중(1개차로 통행재개, 05:10)",127.287662,35.673762
2025-01-06 14:00,국도,상주방향,국도25호선 상주방향 하장2교 북측 사고발생으로 인해 정체중,128.487252,36.132204
2025-01-06 14:00,고속도로,종점,(1차로)승용차관련사고처리중,128.7748,37.6744
2025-01-06 14:00,고속도로,순천방향,사고처리중(사고차량 조치 작업중),127.287877,35.67364
2025-01-06 14:00,고속도로,창원방향,사고처리중(순찰반 이동중),128.189013,36.499589
2025-01-06 14:00,고속도로,순천방향,"사고처리중(1개차로 통행재개, 05:10)",127.287662,35.673762
2025-01-06 15:00,고속도로,순천방향,"사고처리중(1개차로 통행재개, 05:10)",127.287662,35.673762
2025-01-06 15:00,고속도로,종점,"(1차로,갓길)승용차사고처리중",128.2824,37.5259
2025-01-06 15:00,고속도로,순천방향,사고처리중(사고차량 조치 작업중),127.287877,35.67364
2025-01-06 15:00,고속도로,창원방향,사고처리중(순찰반 이동중),128.189013,36.499589
2025-01-06 15:00,국도,상주방향,국도25호선 상주방향 하장2교 북측 사고발생으로 인해 정체중,128.487252,36.132204
2025-01-06 16:00,국도,상주방향,국도25호선 상주방향 하장2교 북측 사고발생으로 인해 정체중,128.487252,36.132204
2025-01-06 16:00,고속도로,창원방향,사고처리중(순찰반 이동중),128.189013,36.499589
2025-01-06 16:00,고속도로,순천방향,"사고처리중(1개차로 통행재개, 05:10)",127.287662,35.673762
2025-01-06 16:00,고속도로,순천방향,사고처리중(사고차량 조치 작업중),127.287877,35.67364
2025-01-06 16:00,고속도로,기점,(1차로)승용차관련사고처리중,126.887,37.3283
2025-01-06 16:00,고속도로,기점,(갓길)승용차관련사고처리중,127.0353,37.0255
2025-01-06 16:00,고속도로,종점,(1차로)사고처리중,126.8736,37.1728
2025-01-06 17:00,고속도로,순천방향,사고처리중(사고차량 조치 작업중),127.287877,35.67364
2025-01-06 17:00,고속도로,종점,(1차로)사고처리중,126.8736,37.1728
2025-01-06 17:00,고속도로,창원방향,사고처리중(순찰반 이동중),128.189013,36.499589
2025-01-06 17:00,고속도로,순천방향,"사고처리중(1개차로 통행재개, 05:10)",127.287662,35.673762
2025-01-06 17:00,국도,상주방향,국도25호선 상주방향 하장2교 북측 사고발생으로 인해 정체중,128.487252,36.132204
2025-01-06 18:00,고속도로,기점,(4차로)사고처리중,127.426,36.5909
2025-01-06 18:00,고속도로,순천방향,사고처리중(사고차량 조치 작업중),127.287877,35.67364
2025-01-06 18:00,고속도로,순천방향,"사고처리중(1개차로 통행재개, 05:10)",127.287662,35.673762
2025-01-06 18:00,고속도로,창원방향,사고처리중(순찰반 이동중),128.189013,36.499589
2025-01-06 18:00,국도,상주방향,국도25호선 상주방향 하장2교 북측 사고발생으로 인해 정체중,128.487252,36.132204
2025-01-06 19:00,국도,상주방향,국도25호선 상주방향 하장2교 북측 사고발생으로 인해 정체중,128.487252,36.132204
2025-01-06 19:00,고속도로,창원방향,사고처리중(순찰반 이동중),128.189013,36.499589
2025-01-06 19:00,고속도로,순천방향,"사고처리중(1개차로 통행재개, 05:10)",127.287662,35.673762
2025-01-06 19:00,고속도로,순천방향,사고처리중(사고차량 조치 작업중),127.287877,35.67364
2025-01-06 19:00,고속도로,기점,(2차로)승용차관련추돌사고처리중,126.4958,34.9761
2025-01-06 19:00,고속도로,종점,(갓길)화재사고처리중,126.8698,37.2087
2025-01-06 19:00,고속도로,기점,(2차로)화물차관련사고처리중,127.8549,35.5824
2025-01-06 20:00,국도,상주방향,국도25호선 상주방향 하장2교 북측 사고발생으로 인해 정체중,128.487252,36.132204
2025-01-06 20:00,고속도로,창원방향,사고처리중(순찰반 이동중),128.189013,36.499589
2025-01-06 20:00,고속도로,순천방향,"사고처리중(1개차로 통행재개, 05:10)",127.287662,35.673762
2025-01-06 20:00,고속도로,순천방향,사고처리중(사고차량 조치 작업중),127.287877,35.67364
2025-01-06 20:00,고속도로,종점,(갓길)사고처리중,126.8555,37.3457
2025-01-06 21:00,고속도로,창원방향,사고처리중(순찰반 이동중),128.189013,36.499589
2025-01-06 21:00,국도,상주방향,국도25호선 상주방향 하장2교 북측 사고발생으로 인해 정체중,128.487252,36.132204
2025-01-06 21:00,고속도로,순천방향,"사고처리중(1개차로 통행재개, 05:10)",127.287662,35.673762
2025-01-06 21:00,고속도로,순천방향,사고처리중(사고차량 조치 작업중),127.287877,35.67364
2025-01-06 22:00,고속도로,종점,(1차로)승용차관련사고처리중,126.7574,37.5834
2025-01-06 22:00,고속도로,순천방향,"사고처리중(1개차로 통행재개, 05:10)",127.287662,35.673762
2025-01-06 22:00,고속도로,창원방향,사고처리중(순찰반 이동중),128.189013,36.499589
2025-01-06 22:00,고속도로,순천방향,사고처리중(사고차량 조치 작업중),127.287877,35.67364
2025-01-06 22:00,국도,상주방향,국도25호선 상주방향 하장2교 북측 사고발생으로 인해 정체중,128.487252,36.132204
2025-01-06 23:00,국도,상주방향,국도25호선 상주방향 하장2교 북측 사고발생으로 인해 정체중,128.487252,36.132204
2025-01-06 23:00,고속도로,창원방향,사고처리중(순찰반 이동중),128.189013,36.499589
2025-01-06 23:00,고속도로,순천방향,"사고처리중(1개차로 통행재개, 05:10)",127.287662,35.673762
2025-01-06 23:00,고속도로,순천방향,사고처리중(사고차량 조치 작업중),127.287877,35.67364
2025-01-07 00:00,국도,상주방향,국도25호선 상주방향 하장2교 북측 사고발생으로 인해 정체중,128.487252,36.132204
2025-01-07 00:00,고속도로,창원방향,사고처리중(순찰반 이동중),128.189013,36.499589
2025-01-07 00:00,고속도로,순천방향,"사고처리중(1개차로 통행재개, 05:10)",127.287662,35.673762
2025-01-07 00:00,고속도로,순천방향,사고처리중(사고차량 조치 작업중),127.287877,35.67364
2025-01-07 00:00,고속도로,종점,(5차로)화물차관련사고처리중,127.1685,36.7946
2025-01-07 00:00,고속도로,종점,(갓길)승용차단독사고처리중,128.1224,35.1612
2025-01-07 01:00,고속도로,순천방향,"사고처리중(1개차로 통행재개, 05:10)",127.287662,35.673762
2025-01-07 01:00,국도,상주방향,국도25호선 상주방향 하장2교 북측 사고발생으로 인해 정체중,128.487252,36.132204
2025-01-07 01:00,고속도로,창원방향,사고처리중(순찰반 이동중),128.189013,36.499589
2025-01-07 01:00,고속도로,순천방향,사고처리중(사고차량 조치 작업중),127.287877,35.67364
2025-01-07 01:00,고속도로,종점,"(4차로,갓길)승용차단독사고처리중",128.1224,35.1612
2025-01-07 02:00,고속도로,순천방향,사고처리중(사고차량 조치 작업중),127.287877,35.67364
2025-01-07 02:00,고속도로,순천방향,"사고처리중(1개차로 통행재개, 05:10)",127.287662,35.673762
2025-01-07 02:00,고속도로,창원방향,사고처리중(순찰반 이동중),128.189013,36.499589
2025-01-07 02:00,국도,상주방향,국도25호선 상주방향 하장2교 북측 사고발생으로 인해 정체중,128.487252,36.132204
2025-01-07 03:00,고속도로,순천방향,사고처리중(사고차량 조치 작업중),127.287877,35.67364
2025-01-07 03:00,고속도로,순천방향,"사고처리중(1개차로 통행재개, 05:10)",127.287662,35.673762
2025-01-07 03:00,고속도로,창원방향,사고처리중(순찰반 이동중),128.189013,36.499589
2025-01-07 03:00,국도,상주방향,국도25호선 상주방향 하장2교 북측 사고발생으로 인해 정체중,128.487252,36.132204
2025-01-07 04:00,국도,상주방향,국도25호선 상주방향 하장2교 북측 사고발생으로 인해 정체중,128.487252,36.132204
2025-01-07 04:00,고속도로,창원방향,사고처리중(순찰반 이동중),128.189013,36.499589
2025-01-07 04:00,고속도로,순천방향,"사고처리중(1개차로 통행재개, 05:10)",127.287662,35.673762
2025-01-07 04:00,고속도로,순천방향,사고처리중(사고차량 조치 작업중),127.287877,35.67364
2025-01-07 04:00,고속도로,기점,(2차로)승용차사고처리중,127.9663,37.3116
2025-01-07 04:00,고속도로,기점,(진출로갓길)승용차사고처리중,127.9902,36.7603
2025-01-07 05:00,고속도로,순천방향,사고처리중(사고차량 조치 작업중),127.287877,35.67364
2025-01-07 05:00,고속도로,순천방향,"사고처리중(1개차로 통행재개, 05:10)",127.287662,35.673762
2025-01-07 05:00,고속도로,창원방향,사고처리중(순찰반 이동중),128.189013,36.499589
2025-01-07 05:00,국도,상주방향,국도25호선 상주방향 하장2교 북측 사고발생으로 인해 정체중,128.487252,36.132204
2025-01-07 06:00,국도,상주방향,국도25호선 상주방향 하장2교 북측 사고발생으로 인해 정체중,128.487252,36.132204
2025-01-07 06:00,고속도로,창원방향,사고처리중(순찰반 이동중),128.189013,36.499589
2025-01-07 06:00,고속도로,순천방향,"사고처리중(1개차로 통행재개, 05:10)",127.287662,35.673762
2025-01-07 06:00,고속도로,순천방향,사고처리중(사고차량 조치 작업중),127.287877,35.67364
2025-01-07 06:00,고속도로,기점,"(2,3차로)승용차관련사고처리중",126.7466,37.4981
2025-01-07 07:00,고속도로,창원방향,사고처리중(순찰반 이동중),128.189013,36.499589
2025-01-07 07:00,고속도로,순천방향,"사고처리중(1개차로 통행재개, 05:10)",127.287662,35.673762
2025-01-07 07:00,고속도로,순천방향,사고처리중(사고차량 조치 작업중),127.287877,35.67364
2025-01-07 07:00,국도,상주방향,국도25호선 상주방향 하장2교 북측 사고발생으로 인해 정체중,128.487252,36.132204
2025-01-07 08:00,국도,상주방향,국도25호선 상주방향 하장2교 북측 사고발생으로 인해 정체중,128.487252,36.132204
2025-01-07 08:00,고속도로,창원방향,사고처리중(순찰반 이동중),128.189013,36.499589
2025-01-07 08:00,고속도로,순천방향,사고처리중(사고차량 조치 작업중),127.287877,35.67364
2025-01-07 08:00,고속도로,기점,"(4차로,갓길)승용차관련사고처리중",128.759,35.2503
2025-01-07 08:00,고속도로,기점,"(1,2차로)화물차단독사고처리중",128.1836,35.1752
2025-01-07 08:00,고속도로,기점,(갓길)승용차단독사고처리중,126.4796,35.065
2025-01-07 08:00,고속도로,기점,"(1,2차로)승용차관련사고처리중",126.7891,36.6678
2025-01-07 08:00,고속도로,기점,(2차로)승용차관련사고처리중,126.7543,37.4744
2025-01-07 08:00,고속도로,순천방향,"사고처리중(1개차로 통행재개, 05:10)",127.287662,35.673762
2025-01-07 09:00,국도,상주방향,국도25호선 상주방향 하장2교 북측 사고발생으로 인해 정체중,128.487252,36.132204
2025-01-07 09:00,고속도로,창원방향,사고처리중(순찰반 이동중),128.189013,36.499589
2025-01-07 09:00,고속도로,순천방향,"사고처리중(1개차로 통행재개, 05:10)",127.287662,35.673762
2025-01-07 09:00,고속도로,순천방향,사고처리중(사고차량 조치 작업중),127.287877,35.67364
2025-01-07 09:00,고속도로,기점,"(2차로,갓길)사고처리중",126.8076,36.6577
2025-01-07 09:00,고속도로,기점,"(1,2차로)화물차관련사고처리중",126.7891,36.6678
2025-01-07 09:00,고속도로,종점,(진출로2차로)승용차관련사고처리중,127.1408,37.0286
2025-01-07 09:00,고속도로,기점,(갓길)승합차관련사고처리중,126.7543,37.4744
2025-01-07 10:00,고속도로,창원방향,사고처리중(순찰반 이동중),128.189013,36.499589
2025-01-07 10:00,고속도로,순천방향,"사고처리중(1개차로 통행재개, 05:10)",127.287662,35.673762
2025-01-07 10:00,고속도로,순천방향,사고처리중(사고차량 조치 작업중),127.287877,35.67364
2025-01-07 10:00,고속도로,기점,"(2차로,갓길)사고처리중",126.8076,36.6577
2025-01-07 10:00,고속도로,기점,(1차로)사고처리중,126.7984,36.6628
2025-01-07 10:00,고속도로,기점,"(1,2차로)화물차관련사고처리중",126.7891,36.6678
2025-01-07 10:00,국도,상주방향,국도25호선 상주방향 하장2교 북측 사고발생으로 인해 정체중,128.487252,36.132204
2025-01-07 11:00,고속도로,종점,(입구2차로)화물차단독사고처리중,128.5089,35.4503
2025-01-07 11:00,고속도로,순천방향,사고처리중(사고차량 조치 작업중),127.287877,35.67364
2025-01-07 11:00,고속도로,순천방향,"사고처리중(1개차로 통행재개, 05:10)",127.287662,35.673762
2025-01-07 11:00,고속도로,창원방향,사고처리중(순찰반 이동중),128.189013,36.499589
2025-01-07 11:00,국도,상주방향,국도25호선 상주방향 하장2교 북측 사고발생으로 인해 정체중,128.487252,36.132204
2025-01-07 12:00,고속도로,기점,"(4차로,갓길)추돌사고처리중",127.1399,37.6227
2025-01-07 12:00,고속도로,순천방향,사고처리중(사고차량 조치 작업중),127.287877,35.67364
2025-01-07 12:00,국도,상주방향,국도25호선 상주방향 하장2교 북측 사고발생으로 인해 정체중,128.487252,36.132204
2025-01-07 12:00,고속도로,창원방향,사고처리중(순찰반 이동중),128.189013,36.499589
2025-01-07 12:00,고속도로,순천방향,"사고처리중(1개차로 통행재개, 05:10)",127.287662,35.673762
2025-01-07 13:00,고속도로,종점,(갓길)승용차관련사고처리중,126.7988,35.4986
2025-01-07 13:00,고속도로,순천방향,사고처리중(사고차량 조치 작업중),127.287877,35.67364
2025-01-07 13:00,고속도로,순천방향,"사고처리중(1개차로 통행재개, 05:10)",127.287662,35.673762
2025-01-07 13:00,고속도로,창원방향,사고처리중(순찰반 이동중),128.189013,36.499589
2025-01-07 13:00,국도,상주방향,국도25호선 상주방향 하장2교 북측 사고발생으로 인해 정체중,128.487252,36.132204
2025-01-07 14:00,고속도로,순천방향,"사고처리중(1개차로 통행재개, 05:10)",127.287662,35.673762
2025-01-07 14:00,고속도로,종점,(2차로)승용차관련사고처리중,128.5384,36.1168
2025-01-07 14:00,고속도로,순천방향,사고처리중(사고차량 조치 작업중),127.287877,35.67364
2025-01-07 14:00,고속도로,종점,(갓길)승용차관련사고처리중,126.7988,35.4986
2025-01-07 14:00,고속도로,창원방향,사고처리중(순찰반 이동중),128.189013,36.499589
2025-01-07 14:00,국도,상주방향,국도25호선 상주방향 하장2교 북측 사고발생으로 인해 정체중,128.487252,36.132204
2025-01-07 15:00,국도,상주방향,국도25호선 상주방향 하장2교 북측 사고발생으로 인해 정체중,128.487252,36.132204
2025-01-07 15:00,고속도로,순천방향,사고처리중(사고차량 조치 작업중),127.287877,35.67364
2025-01-07 15:00,고속도로,순천방향,"사고처리중(1개차로 통행재개, 05:10)",127.287662,35.673762
2025-01-07 15:00,고속도로,창원방향,사고처리중(순찰반 이동중),128.189013,36.499589
2025-01-07 16:00,고속도로,순천방향,사고처리중(사고차량 조치 작업중),127.287877,35.67364
2025-01-07 16:00,고속도로,순천방향,"사고처리중(1개차로 통행재개, 05:10)",127.287662,35.673762
2025-01-07 16:00,고속도로,창원방향,사고처리중(순찰반 이동중),128.189013,36.499589
2025-01-07 16:00,국도,상주방향,국도25호선 상주방향 하장2교 북측 사고발생으로 인해 정체중,128.487252,36.132204
2025-01-07 17:00,국도,상주방향,국도25호선 상주방향 하장2교 북측 사고발생으로 인해 정체중,128.487252,36.132204
2025-01-07 17:00,고속도로,창원방향,사고처리중(순찰반 이동중),128.189013,36.499589
2025-01-07 17:00,고속도로,순천방향,"사고처리중(1개차로 통행재개, 05:10)",127.287662,35.673762
2025-01-07 17:00,고속도로,순천방향,사고처리중(사고차량 조치 작업중),127.287877,35.67364
2025-01-07 18:00,고속도로,종점,"(2차로,갓길)승용차관련추돌사고처리중",127.3111,35.4982
2025-01-07 18:00,고속도로,순천방향,사고처리중(사고차량 조치 작업중),127.287877,35.67364
2025-01-07 18:00,고속도로,순천방향,"사고처리중(1개차로 통행재개, 05:10)",127.287662,35.673762
2025-01-07 18:00,고속도로,창원방향,사고처리중(순찰반 이동중),128.189013,36.499589
2025-01-07 18:00,국도,상주방향,국도25호선 상주방향 하장2교 북측 사고발생으로 인해 정체중,128.487252,36.132204
2025-01-07 19:00,고속도로,기점,(3차로)화물차관련사고처리중,129.03,35.3283
2025-01-07 19:00,고속도로,기점,(1차로)승용차관련사고처리중,126.7576,37.5241
2025-01-07 19:00,고속도로,종점,(3차로)승용차관련사고처리중,126.7179,37.4339
2025-01-07 19:00,고속도로,종점,(진출로갓길)소형화물차단독사고처리중,126.7977,35.2562
2025-01-07 19:00,고속도로,순천방향,사고처리중(사고차량 조치 작업중),127.287877,35.67364
2025-01-07 19:00,고속도로,순천방향,"사고처리중(1개차로 통행재개, 05:10)",127.287662,35.673762
2025-01-07 19:00,고속도로,창원방향,사고처리중(순찰반 이동중),128.189013,36.499589
2025-01-07 19:00,국도,상주방향,국도25호선 상주방향 하장2교 북측 사고발생으로 인해 정체중,128.487252,36.132204
2025-01-07 20:00,고속도로,순천방향,사고처리중(사고차량 조치 작업중),127.287877,35.67364
2025-01-07 20:00,고속도로,기점,"(2차로,갓길)화물차사고처리중",126.8106,35.5324
2025-01-07 20:00,고속도로,종점,(진출로갓길)소형화물차단독사고처리중,126.7977,35.2562
2025-01-07 20:00,고속도로,종점,(1차로)소형화물차관련추돌사고처리중,126.7343,35.12
2025-01-07 20:00,고속도로,창원방향,사고처리중(순찰반 이동중),128.189013,36.499589
2025-01-07 20:00,국도,상주방향,국도25호선 상주방향 하장2교 북측 사고발생으로 인해 정체중,128.487252,36.132204
2025-01-07 20:00,고속도로,순천방향,"사고처리중(1개차로 통행재개, 05:10)",127.287662,35.673762
2025-01-07 21:00,고속도로,종점,(1차로)소형화물차관련추돌사고처리중,126.7343,35.12
2025-01-07 21:00,고속도로,종점,(1차로)승용차단독사고처리중,127.3131,35.5451
2025-01-07 21:00,고속도로,순천방향,사고처리중(사고차량 조치 작업중),127.287877,35.67364
2025-01-07 21:00,고속도로,순천방향,"사고처리중(1개차로 통행재개, 05:10)",127.287662,35.673762
2025-01-07 21:00,고속도로,창원방향,사고처리중(순찰반 이동중),128.189013,36.499589
2025-01-07 21:00,국도,상주방향,국도25호선 상주방향 하장2교 북측 사고발생으로 인해 정체중,128.487252,36.132204
2025-01-07 22:00,국도,상주방향,국도25호선 상주방향 하장2교 북측 사고발생으로 인해 정체중,128.487252,36.132204
2025-01-07 22:00,고속도로,창원방향,사고처리중(순찰반 이동중),128.189013,36.499589
2025-01-07 22:00,고속도로,순천방향,"사고처리중(1개차로 통행재개, 05:10)",127.287662,35.673762
2025-01-07 22:00,고속도로,순천방향,사고처리중(사고차량 조치 작업중),127.287877,35.67364
2025-01-07 22:00,고속도로,기점,"(2차로,갓길)승용차단독사고처리중",127.322,35.575
2025-01-07 23:00,국도,상주방향,국도25호선 상주방향 하장2교 북측 사고발생으로 인해 정체중,128.487252,36.132204
2025-01-07 23:00,고속도로,창원방향,사고처리중(순찰반 이동중),128.189013,36.499589
2025-01-07 23:00,고속도로,순천방향,"사고처리중(1개차로 통행재개, 05:10)",127.287662,35.673762
2025-01-07 23:00,고속도로,순천방향,사고처리중(사고차량 조치 작업중),127.287877,35.67364
2025-01-07 23:00,고속도로,종점,(갓길)승용차단독사고처리중,126.6412,36.1146
2025-01-07 23:00,고속도로,종점,(진출로출구부광장부)사고처리중,127.0958,37.2126
2025-01-08 00:00,고속도로,순천방향,사고처리중(사고차량 조치 작업중),127.287877,35.67364
2025-01-08 00:00,고속도로,순천방향,"사고처리중(1개차로 통행재개, 05:10)",127.287662,35.673762
2025-01-08 00:00,고속도로,창원방향,사고처리중(순찰반 이동중),128.189013,36.499589
2025-01-08 00:00,국도,상주방향,국도25호선 상주방향 하장2교 북측 사고발생으로 인해 정체중,128.487252,36.132204
2025-01-08 03:00,고속도로,기점,(진출로갓길)사고처리중,127.1037,37.2912
2025-01-08 04:00,고속도로,기점,(갓길)사고처리중,126.8445,35.9023
2025-01-08 04:00,고속도로,기점,(진출로갓길)사고처리중,127.1037,37.2912
2025-01-08 05:00,고속도로,종점,"(1,2차로)승용차단독사고처리중",128.9831,35.5134
2025-01-08 05:00,고속도로,기점,(진출로갓길)사고처리중,127.1037,37.2912
2025-01-08 06:00,고속도로,기점,(1차로)소형화물차단독사고처리중,127.2117,35.374
2025-01-08 07:00,고속도로,기점,"(2차로,갓길)화물차2대관련사고처리중",127.2749,36.2355
2025-01-08 07:00,고속도로,기점,"(1,2차로)승용차추돌사고처리중",126.6487,36.8224
2025-01-08 08:00,고속도로,기점,(진출로2차로)승용차관련사고처리중,126.7825,37.5238
2025-01-08 09:00,고속도로,종점,(1차로)승용차추돌사고처리중,127.457,35.1463
2025-01-08 10:00,고속도로,종점,(1차로)승용차사고처리중,126.8322,35.8006
2025-01-08 11:00,고속도로,종점,"(4,5차로)화물차관련사고처리중",126.7292,37.4333
2025-01-08 11:00,고속도로,기점,(진입로갓길)화물차사고처리중,128.4349,35.9753
2025-01-08 13:00,고속도로,기점,(4차로)화물차관련사고처리중,127.4326,37.2346
2025-01-08 14:00,고속도로,기점,"(3,4차로)화물차관련사고처리중",127.4326,37.2346
2025-01-08 15:00,고속도로,기점,(4차로)화물차관련사고처리중,127.4326,37.2346
2025-01-08 17:00,고속도로,종점,(1차로)승용차사고처리중,128.0852,37.2299
2025-01-08 21:00,고속도로,종점,(진출로1차로)승용차단독사고처리중,127.0515,36.4507
2025-01-08 22:00,고속도로,종점,(진출로국도부갓길)승용차단독사고처리중,127.4302,36.533
2025-01-08 22:00,고속도로,종점,(진출로갓길)승용차관련사고처리중,128.5243,38.2006
2025-01-09 01:00,고속도로,종점,(1차로)승용차단독사고처리중,127.1156,35.3658
2025-01-09 03:00,고속도로,종점,(3차로)승용차사고처리중,127.4581,36.3558
2025-01-09 03:00,고속도로,기점,(갓길)소형화물차단독사고처리중,126.6842,35.5146
2025-01-09 04:00,고속도로,종점,(3차로)승용차사고처리중,127.4581,36.3558
2025-01-09 04:00,고속도로,종점,(3차로)화물차사고처리중,127.4232,36.5947
2025-01-09 05:00,고속도로,종점,(3차로)화물차사고처리중,127.4232,36.5947
2025-01-09 06:00,고속도로,기점,(갓길)승용차추돌사고처리중,128.4691,35.5729
2025-01-09 06:00,고속도로,종점,(3차로)화물차사고처리중,127.4232,36.5947
2025-01-09 07:00,고속도로,기점,(진출로1차로)사고처리중,126.6973,35.5902
2025-01-09 08:00,고속도로,기점,(갓길)화물차관련사고처리중,126.881,37.3693
2025-01-09 08:00,고속도로,종점,(진출로3차로)승용차관련사고처리중,126.8617,37.3716
2025-01-09 08:00,고속도로,기점,(진출로1차로)사고처리중,126.6973,35.5902
2025-01-09 08:00,고속도로,기점,(1차로)버스관련사고처리중,127.1037,37.2822
2025-01-09 09:00,고속도로,종점,(진출로갓길)승용차사고처리중,127.3302,36.3612
2025-01-09 09:00,고속도로,기점,(1차로)승용차관련사고처리중,126.9167,37.3739
2025-01-09 10:00,고속도로,기점,(갓길)화물차단독사고처리중,128.0912,35.1169
2025-01-09 11:00,고속도로,기점,"(3차로,갓길)화물차단독사고처리중",128.0912,35.1169
2025-01-09 12:00,고속도로,기점,(하이패스1차로)승용차관련사고처리중,128.8946,35.2254
2025-01-09 12:00,고속도로,종점,(1차로)승용차관련사고처리중,126.6624,37.4383
2025-01-09 12:00,고속도로,기점,(갓길)승용차단독사고처리중,126.8022,35.2582
2025-01-09 13:00,고속도로,기점,(1차로)승용차관련사고처리중,126.89,37.4246
2025-01-09 15:00,고속도로,기점,(갓길)사고처리중,126.6977,35.5812
2025-01-09 15:00,고속도로,기점,(1차로)화물차사고처리중,127.3529,36.6967
2025-01-09 15:00,고속도로,기점,(1차로)승용차관련사고처리중,128.2298,36.3491
2025-01-09 16:00,고속도로,종점,"(1,2차로)사고처리중 줄포나들목진출후국도접속부에서유턴재진입가능",126.6963,35.5992
2025-01-09 17:00,고속도로,종점,(2차로)승용차사고처리중,126.7935,35.2349
2025-01-09 17:00,고속도로,기점,(갓길)추돌사고처리중,126.8083,35.375
2025-01-09 17:00,고속도로,종점,"(1,2차로)사고처리중 줄포나들목진출후국도접속부에서유턴재진입가능",126.6963,35.5992
2025-01-09 18:00,고속도로,종점,"(4,5차로)사고처리중",127.1039,37.2552
2025-01-09 18:00,고속도로,종점,(1차로)승용차관련사고처리중,128.5795,35.2891
2025-01-09 18:00,고속도로,종점,"(1,2차로)사고처리중 줄포나들목진출후국도접속부에서유턴재진입가능",126.6963,35.5992
2025-01-09 18:00,고속도로,기점,(1차로)승용차관련사고처리중,127.9975,36.4416
2025-01-09 19:00,고속도로,기점,(4차로)사고차처리중,126.9888,37.3835
2025-01-09 19:00,고속도로,기점,(갓길)승용차단독사고처리중,127.0926,35.2628
2025-01-09 20:00,고속도로,종점,(갓길)승용차화물차추돌사고처리중,127.1819,36.9555
2025-01-09 21:00,고속도로,종점,"(1,2차로)추돌사고처리중",126.6834,35.0972
2025-01-09 21:00,고속도로,종점,(갓길)탱크로리단독사고처리중,126.807,35.3281
2025-01-10 01:00,고속도로,기점,"(진출로1,2차로)사고처리중",126.8176,37.3503
2025-01-10 01:00,고속도로,종점,"(2,3차로)화물차관련사고처리중",128.0025,36.1941
2025-01-10 01:00,고속도로,기점,(갓길)화물차관련사고처리중,128.1271,36.1267
2025-01-10 02:00,고속도로,기점,"(1,3차로)화물차관련사고처리중",128.1271,36.1267
2025-01-10 03:00,고속도로,기점,"(1,3차로)화물차관련사고처리중",128.1271,36.1267
2025-01-10 04:00,고속도로,기점,"(1차로,갓길)화물차관련사고처리중",128.1271,36.1267
2025-01-10 05:00,고속도로,기점,"(4차로,갓길)화물차화재사고처리중",128.6686,35.9096
2025-01-10 06:00,고속도로,기점,"(4차로,갓길)화물차화재사고처리중",128.6686,35.9096
2025-01-10 07:00,고속도로,종점,(청주방향국도접속부갓길)승용차사고처리중,127.4302,36.533
2025-01-10 07:00,고속도로,기점,(진출로2차로)화물차관련사고처리중,126.7292,37.4333
2025-01-10 08:00,고속도로,기점,(진출로1차로)화물차관련사고처리중,126.7292,37.4333
2025-01-10 09:00,고속도로,종점,(1차로)승용차관련사고처리중,126.8869,37.4079
2025-01-10 09:00,고속도로,기점,(진출로1차로)화물차관련사고처리중,126.7292,37.4333
2025-01-10 09:00,고속도로,기점,(2차로)화물관련사고처리중,128.6325,35.9361
2025-01-10 10:00,고속도로,종점,(1차로)승용차관련사고처리중,126.872,37.2175
2025-01-10 10:00,고속도로,기점,"(진출로1차로,갓길)화물차사고처리중(견인작업관계통제중)서창,남동나들목우회바랍니다",126.7292,37.4333
2025-01-10 11:00,고속도로,종점,(1차로)승용차관련사고처리중,126.9071,37.3226
2025-01-10 11:00,고속도로,기점,"(진출로1차로,갓길)화물차사고처리중(견인작업관계통제중)서창,남동나들목우회바랍니다",126.7292,37.4333
2025-01-10 12:00,고속도로,종점,(갓길)승용차관련사고처리중,128.9012,35.2251
2025-01-10 13:00,고속도로,종점,"(1,2차로)승용차관련사고처리중",126.8929,37.2683
2025-01-10 13:00,고속도로,기점,(진입로2차로)승용차관련사고처리중,126.7779,37.5987
2025-01-10 13:00,고속도로,종점,"(1,2차로)승용차사고처리중",127.1635,36.9781
2025-01-10 13:00,고속도로,종점,(1차로)승용차관련사고처리중,126.9023,37.2941
2025-01-10 14:00,고속도로,기점,(1차로)승용차관련사고처리중,126.9709,37.32
2025-01-10 14:00,고속도로,종점,(1차로)승용차추돌사고처리중,127.3154,36.2957
2025-01-10 14:00,고속도로,종점,"(1,2차로)승용차관련사고처리중",126.887,37.2606
2025-01-10 15:00,고속도로,기점,(갓길)승용차사고처리중,126.7776,36.9336
2025-01-10 15:00,고속도로,종점,(진출로1차로)대형화물차사고처리중서청주진출불가(강서하이패스우회진출요망),127.4201,36.6489
2025-01-10 15:00,고속도로,종점,(3차로)화물차관련사고처리중,126.8969,37.2767
2025-01-10 15:00,고속도로,종점,(1차로)승용차관련사고처리중,126.887,37.2606
2025-01-10 16:00,고속도로,종점,(1차로)승용차관련사고처리중,127.7224,37.077
2025-01-10 17:00,고속도로,기점,(갓길)승용차관련사고처리중,127.4676,37.2428
2025-01-10 17:00,고속도로,종점,(1차로)사고처리중,126.8849,37.2565
2025-01-10 17:00,고속도로,종점,(3차로)사고처리중,126.8678,37.3785
2025-01-10 18:00,고속도로,종점,"(2,3차로)승용차관련사고처리중",127.1593,36.9834
2025-01-10 18:00,고속도로,종점,"(2,3차로)승용차관련사고처리중",127.1593,36.9834
2025-01-10 19:00,고속도로,종점,"(1,2차로)승용차관련사고처리중",126.7179,37.4339
2025-01-10 19:00,고속도로,종점,(1차로)승용차관련사고처리중,128.4549,35.2712
2025-01-10 19:00,고속도로,종점,(갓길)승용차관련사고처리중,126.8806,37.1284
2025-01-10 20:00,고속도로,기점,"(1차로,갓길)승용차2대사고처리중",127.3023,37.4144
2025-01-11 03:00,고속도로,종점,(갓길)승용차단독사고처리중,129.0036,35.2155
2025-01-11 03:00,고속도로,종점,(2차로)화물차관련사고처리중,126.8347,35.9506
2025-01-11 05:00,고속도로,종점,(갓길)승용차단독사고처리중,129.0514,35.3776
2025-01-11 07:00,고속도로,기점,(4차로)승용차관련사고처리중,126.7993,37.5216
2025-01-11 08:00,고속도로,기점,(광장부)승용차사고처리중,126.8635,37.356
2025-01-11 11:00,고속도로,기점,(4차로)사고처리중,126.7998,37.6189
2025-01-11 12:00,고속도로,종점,(1차로)승용차관련사고처리중,126.887,37.2606
2025-01-11 12:00,고속도로,종점,(2차로)승용차사고처리중,127.2173,36.7603
2025-01-11 12:00,고속도로,기점,(갓길)승용차관련사고처리중,126.8722,37.1907
2025-01-11 13:00,고속도로,기점,(1차로)승용차3대사고,127.0314,37.3935
2025-01-11 13:00,고속도로,종점,(갓길)사고처리중,127.28,36.2529
2025-01-11 13:00,고속도로,종점,(4차로)사고처리중,126.7224,37.4337
2025-01-11 13:00,고속도로,기점,(갓길)승용차관련사고처리중,126.8722,37.1907
2025-01-11 14:00,고속도로,종점,(1차로)승용차추돌사고처리중,127.3869,35.3054
2025-01-11 14:00,고속도로,종점,(갓길)승용차사고처리중,126.887,37.2606
2025-01-11 14:00,고속도로,종점,(갓길)승용차단독사고처리중,128.5926,38.0594
2025-01-11 15:00,고속도로,종점,"(1,2차로)사고처리중",126.8864,37.0845
2025-01-11 16:00,고속도로,기점,(1차로)승용차관련사고처리중,127.4081,36.9596
2025-01-11 16:00,고속도로,종점,"(1차로,갓길)사고처리중",126.8864,37.0845
2025-01-11 17:00,고속도로,기점,(갓길)승용차관련사고처리중,128.8886,36.4365
2025-01-11 17:00,고속도로,기점,(3차로)화물차관련사고처리중,128.9845,35.2465
2025-01-11 17:00,고속도로,기점,(1차로)승용차관련사고처리중,126.9222,37.3259
2025-01-11 17:00,고속도로,기점,"(2,3차로)승용차관련사고처리중",127.1969,36.7667
2025-01-11 17:00,고속도로,종점,(진출로갓길)승용차사고처리중,127.3783,36.4095
2025-01-11 18:00,고속도로,종점,(진입로갓길)사고처리중,126.8692,36.9965
2025-01-11 19:00,고속도로,종점,"(1,2차로)사고처리중",127.0314,37.3935
2025-01-11 20:00,고속도로,기점,"(1,2차로)승용차관련사고처리중",128.3047,36.142
2025-01-12 01:00,고속도로,기점,(5차로)승용차사고처리중,127.2402,37.5971
2025-01-12 03:00,고속도로,기점,"(2,3차로)사고처리중",126.88,37.1374
2025-01-12 04:00,고속도로,기점,"(1,2차로)승용차단독사고처리중",127.1844,36.8586
2025-01-12 04:00,고속도로,기점,(3차로)사고처리중,126.88,37.1374
2025-01-12 07:00,고속도로,기점,"(2,3차로)사고처리중",127.1047,35.9678
2025-01-12 10:00,고속도로,종점,(갓길)광장부승용차사고처리중,127.4894,37.2457
2025-01-12 12:00,고속도로,기점,(1차로)승용차사고처리중,128.5271,37.6447
2025-01-12 13:00,고속도로,기점,(5차로)승용차관련사고처리중,126.7498,37.515
2025-01-12 13:00,고속도로,기점,(1차로)승용차사고처리중,128.3802,37.5622
2025-01-12 14:00,고속도로,기점,"(1,2차로)사고처리중",127.0964,35.9358
2025-01-12 14:00,고속도로,종점,"(1차로,갓길)승용차관련사고처리중",127.5078,36.7872
2025-01-12 15:00,고속도로,기점,(1차로)승용차관련사고처리중,128.1965,37.4912
2025-01-12 15:00,고속도로,기점,"(2차로,갓길)승용차단독화재사고처리중",127.475,36.8741
2025-01-12 16:00,고속도로,기점,(5차로)승용차사고처리중,127.1748,36.7821
2025-01-12 16:00,고속도로,기점,(진출로갓길)승용차단독사고처리중,126.9269,35.1834
2025-01-12 16:00,고속도로,종점,(1차로)승용차관련사고처리중,127.421,36.6515
2025-01-12 16:00,고속도로,기점,(진출로갓길)승용단독사고처리중,126.8302,35.5741
2025-01-12 22:00,고속도로,종점,(1차로)승용차관련사고처리중,128.9851,35.2796
2025-01-12 23:00,고속도로,기점,"(5,6차로)사고처리중",126.8652,37.3593
2025-01-13 00:00,고속도로,종점,(진출로갓길)승용차사고처리중,127.4515,36.363
2025-01-13 01:00,고속도로,기점,"(2,3차로)승용차관련사고처리중",127.1038,37.2642
2025-01-13 02:00,고속도로,기점,"(2,3차로)승용차관련사고처리중",127.1038,37.2642
2025-01-13 03:00,고속도로,기점,"(2,3차로)승용차관련사고처리중",127.1038,37.2642
2025-01-13 04:00,고속도로,기점,"(2,3차로)승용차관련사고처리중",127.1038,37.2642
2025-01-13 05:00,고속도로,종점,(1차로)승용차사고처리중,127.4252,36.6846
2025-01-13 06:00,고속도로,기점,(갓길)사고처리중,127.1322,37.4771
2025-01-13 06:00,고속도로,종점,"(1,2차로)화물차관련사고처리중",128.6789,35.2753
2025-01-13 07:00,고속도로,기점,(1차로)승용차단독사고처리중,129.086,35.2945
2025-01-13 07:00,고속도로,기점,(1차로)사고처리중,127.1038,37.2732
2025-01-13 08:00,고속도로,종점,(갓길)승용차관련사고처리중,129.1041,35.262
2025-01-13 09:00,고속도로,기점,(갓길)승용차단독사고처리중,128.8733,35.2214
2025-01-13 11:00,고속도로,기점,(하이패스차로)사고처리중,127.1567,37.5906
2025-01-13 11:00,고속도로,기점,(2차로)화물차관련사고처리중,128.6289,35.2783
2025-01-13 11:00,국도,용인방향,국도17호선 안성 용설저수지 부근(용인방향) 사고처리로 2차로 통제중,127.441876,37.062381
2025-01-13 12:00,국도,용인방향,국도17호선 안성 용설저수지 부근(용인방향) 사고처리로 2차로 통제중,127.441876,37.062381
2025-01-13 12:00,고속도로,종점,(진해방향진출로갓길)승용차단독사고처리중,128.565,35.2365
2025-01-13 13:00,국도,용인방향,국도17호선 안성 용설저수지 부근(용인방향) 사고처리로 2차로 통제중,127.441876,37.062381
2025-01-13 14:00,고속도로,종점,"(3차로,갓길)화물차화재사고처리중",129.209,35.225
2025-01-13 14:00,국도,용인방향,국도17호선 안성 용설저수지 부근(용인방향) 사고처리로 2차로 통제중,127.441876,37.062381
2025-01-13 14:00,고속도로,종점,(1차로)승용차관련사고처리중,128.5333,35.2851
2025-01-13 16:00,고속도로,종점,(1차로)사고처리중,126.8837,37.2521
2025-01-13 17:00,고속도로,종점,(5차로)승용차관련사고처리중,127.0463,37.4567
2025-01-13 17:00,고속도로,기점,(계룡방향진출로갓길)승용차단독사고처리중,127.3161,36.2941
2025-01-13 18:00,고속도로,종점,(진출로갓길)승용차단독사고처리중,127.3312,36.3656
2025-01-13 18:00,고속도로,종점,(갓길)광장부사고처리중,127.2047,37.5905
2025-01-13 19:00,고속도로,종점,"(2,3차로)사고처리중",126.8618,37.3526
2025-01-13 19:00,고속도로,기점,(갓길)승용차사고처리중,128.3384,37.9409
2025-01-13 20:00,고속도로,기점,(5차로)승용차관련사고처리중,127.1276,37.081
2025-01-13 20:00,고속도로,종점,(갓길)익산i c국도방향램프덤프관련사고처리중,127.114,35.9903
2025-01-13 21:00,고속도로,종점,(갓길)익산i c국도방향램프덤프관련사고처리중,127.114,35.9903
2025-01-14 00:00,고속도로,기점,(3차로)화물차관련사고처리중,128.2444,36.1607
2025-01-14 01:00,고속도로,기점,(4차로)승용차관련사고처리중,126.8052,37.4493
2025-01-14 02:00,고속도로,기점,(4차로)승용차관련사고처리중,126.8052,37.4493
2025-01-14 03:00,고속도로,기점,(4차로)승용차관련사고처리중,126.8052,37.4493
2025-01-14 04:00,고속도로,기점,(4차로)승용차관련사고처리중,126.8052,37.4493
2025-01-14 05:00,고속도로,기점,(4차로)승용차관련사고처리중,126.8052,37.4493
2025-01-14 05:00,국도,인화방향,국도48호선 김포 갈산사거리 부근 차량충돌사고로 3차로 통제중,126.562501,37.705907
2025-01-14 06:00,고속도로,종점,"(1,2차로)대형화물차사고처리중",127.6921,37.1186
2025-01-14 06:00,국도,인화방향,국도48호선 김포 갈산사거리 부근 차량충돌사고로 3차로 통제중,126.562501,37.705907
2025-01-14 07:00,고속도로,종점,(2차로)대형화물차사고처리중,127.6921,37.1186
2025-01-14 08:00,고속도로,종점,(갓길)승용단독사고처리중,128.5383,37.6462
2025-01-14 11:00,고속도로,기점,(1차로)승용차관련사고처리중,126.8503,37.3475
2025-01-14 14:00,고속도로,기점,(갓길)승용차관련사고처리중,126.7919,37.6101
2025-01-14 16:00,고속도로,기점,(2차로)승합차관련추돌사고처리중,126.8047,35.3301
2025-01-14 17:00,고속도로,기점,(2차로)승합차관련추돌사고처리중,126.8047,35.3301
2025-01-14 17:00,고속도로,종점,(진출로갓길)사고처리중,127.6459,35.9774
2025-01-14 17:00,고속도로,종점,"(1,4차로)승용차관련사고처리중",128.2459,35.2005
2025-01-14 18:00,고속도로,종점,"(2,3,4차로)사고처리중",127.1034,37.3453
2025-01-14 18:00,고속도로,종점,(진입로2차로)승용차사고처리중,127.4515,36.363
2025-01-14 19:00,고속도로,종점,(갓길)승용차관련추돌사고처리중,126.6601,35.0838
2025-01-14 22:00,고속도로,종점,(5차로)사고처리중,127.1059,37.2373
2025-01-15 08:00,고속도로,기점,"(1,2차로)승용차관련사고처리중",126.7498,37.515
2025-01-15 10:00,고속도로,종점,(1차로)사고처리중,126.8887,37.4102
2025-01-15 11:00,고속도로,종점,"(1,2차로)승용차관련사고처리중",129.1776,35.5546
2025-01-15 12:00,고속도로,종점,(갓길)화물차관련사고처리중,126.755,37.4655
2025-01-15 12:00,고속도로,기점,(2차로)화물차관련사고처리중,126.8555,37.3457
2025-01-15 12:00,고속도로,종점,(1차로)승용차관련사고처리중,129.1776,35.5546
2025-01-15 14:00,고속도로,종점,(1차로)추돌사고처리중,127.0786,37.0301
2025-01-15 16:00,고속도로,종점,(1차로)승용차관련사고처리중,126.8878,37.0943
2025-01-15 17:00,고속도로,종점,(1차로)승용차관련사고처리중,126.8878,37.0943
2025-01-15 17:00,고속도로,종점,(1차로)승용차관련사고처리중,128.4584,35.6063
2025-01-15 17:00,고속도로,기점,(1차로)사고처리중,127.0619,37.2964
2025-01-15 21:00,고속도로,종점,(화물차하이패스차로)화물차관련사고처리중,127.1567,37.5906
2025-01-15 22:00,고속도로,종점,(화물차하이패스차로)화물차관련사고처리중,127.1567,37.5906
2025-01-15 23:00,고속도로,종점,(화물차하이패스차로)화물차관련사고처리중,127.1567,37.5906
2025-01-15 23:00,고속도로,종점,(갓길)승용차관련사고처리중,126.7494,37.5132
2025-01-16 00:00,고속도로,종점,(화물차하이패스차로)화물차관련사고처리중,127.1567,37.5906
2025-01-16 07:00,고속도로,종점,(2차로)화물차단독사고처리중,129.1464,35.5499
2025-01-16 07:00,고속도로,기점,"(목천대로,2차로)화물차사고처리중",127.2173,36.7603
2025-01-16 08:00,고속도로,기점,(진출로2차로)화물차사고처리중,127.2173,36.7603
2025-01-16 08:00,고속도로,기점,(3차로)승용차관련사고처리중,128.8513,35.2201
2025-01-16 08:00,고속도로,종점,"(2,3차로)대형화물차추돌사고처리중",126.6185,36.8511
2025-01-16 08:00,고속도로,종점,(2차로)화물차단독사고처리중,129.1464,35.5499
2025-01-16 09:00,고속도로,기점,(1차로)화물차관련사고처리중,126.6568,37.4373
2025-01-16 09:00,고속도로,기점,(진출로2차로)화물차사고처리중,127.2173,36.7603
2025-01-16 10:00,고속도로,기점,(진출로2차로)화물차사고처리중,127.2173,36.7603
2025-01-16 11:00,고속도로,기점,(갓길)화물차관련사고처리중,126.8503,37.3475
2025-01-16 12:00,고속도로,종점,(3차로)화물차단독사고처리중,128.9842,35.2438
2025-01-16 16:00,고속도로,기점,(갓길)승용차사고처리중,128.3672,37.5612
2025-01-16 18:00,고속도로,종점,(진출로갓길)소형화물차단독사고처리중,127.3837,36.6254
2025-01-16 18:00,고속도로,종점,"(2,3차로)사고처리중",127.1385,37.0374
2025-01-16 18:00,고속도로,종점,(2차로)승용차2대사고처리중,127.1753,37.5587
2025-01-16 19:00,고속도로,기점,(갓길)승용차추돌사고처리중,127.1738,36.8332
2025-01-16 21:00,고속도로,기점,(갓길)화물차관련사고처리중,128.2766,36.1449
2025-01-16 22:00,고속도로,종점,"(3차로,갓길)승용차관련사고처리중",126.8611,36.9608
2025-01-16 23:00,고속도로,종점,(갓길)사고처리중,127.5989,35.7666
2025-01-17 08:00,고속도로,기점,(1차로)승용차관련사고처리중,128.9392,35.1581
2025-01-17 08:00,고속도로,종점,(진출로요금소)화물차사고처리중,127.3265,36.2917
2025-01-17 10:00,고속도로,종점,(갓길)대형화물차사고처리중,126.8149,36.9429
2025-01-17 13:00,고속도로,기점,(진출로갓길)화물차단독사고처리중,128.5709,36.7712
2025-01-17 14:00,고속도로,종점,(4차로)소형화물차사고처리중,126.8891,37.0666
2025-01-17 14:00,고속도로,기점,(진출로갓길)화물차단독사고처리중,128.5709,36.7712
2025-01-17 14:00,고속도로,종점,(2차로)승용차화물차추돌사고처리중,128.3381,36.3759
2025-01-17 15:00,고속도로,기점,(1차로)승용차추돌사고처리중,129.2273,35.3027
2025-01-17 15:00,고속도로,종점,(1차로)대형화물차사고처리중(괴산IC국도우회바람),127.8826,36.9189
2025-01-17 15:00,고속도로,종점,(갓길)대형화물차사고처리중,127.1595,35.8942
2025-01-17 15:00,고속도로,기점,(진출로)화물차단독사고처리중전면차단풍기우회바람,128.5709,36.7712
2025-01-17 16:00,고속도로,종점,"(1,2차로)화물차관련사고",127.2202,37.5247
2025-01-17 16:00,고속도로,종점,(1차로)대형화물차사고처리중(괴산IC국도우회바람),127.8826,36.9189
2025-01-17 16:00,고속도로,기점,(갓길)화물차화재사고처리중,128.3265,35.2826
2025-01-17 17:00,고속도로,기점,(1차로)승용차관련사고처리중,127.3202,37.248
2025-01-17 18:00,고속도로,종점,"(1,2차로)버스관련사고처리중",127.3473,36.7062
2025-01-17 19:00,고속도로,종점,(1차로)사고처리중,126.8698,37.3687
2025-01-17 19:00,고속도로,기점,(1차로)승용차관련추돌사고처리중,126.8261,35.2287
2025-01-17 22:00,고속도로,종점,(진출로갓길)사고처리중,126.7779,37.5987
2025-01-18 00:00,고속도로,종점,(진출로갓길)승용차단독사고처리중,128.8461,35.2207
2025-01-18 00:00,고속도로,기점,(3차로)화물차관련사고처리중,127.3413,36.7178
2025-01-18 01:00,고속도로,종점,(진입로갓길)승용차단독사고처리중,126.7998,37.6189
2025-01-18 05:00,고속도로,기점,"(3차로,갓길)화물차화재사고처리중",128.9844,35.2474
2025-01-18 06:00,고속도로,기점,"(1,2차로)사고처리중",126.6864,37.5233
2025-01-18 07:00,고속도로,기점,(갓길)승용차단독사고처리중,128.8092,35.22
2025-01-18 07:00,고속도로,기점,(3차로)화물차사고처리중,126.8454,36.9537
2025-01-18 09:00,고속도로,기점,(갓길)승용차관련사고처리중,127.4448,37.1185
2025-01-18 09:00,고속도로,종점,(1차로)승용차관련사고처리중,126.8959,37.323
2025-01-18 09:00,고속도로,기점,"(1,2차로)승용차관련사고처리중",126.8692,36.9965
2025-01-18 09:00,고속도로,종점,(진출로갓길)승용차관련사고처리중,126.7543,37.5241
2025-01-18 10:00,고속도로,기점,"(1차로,갓길)승용차관련사고처리중",127.4412,37.1363
2025-01-18 10:00,고속도로,종점,(1차로)승용차관련사고처리중,126.8959,37.323
2025-01-18 11:00,고속도로,기점,(1차로)승용차관련사고처리중,126.8891,37.3134
2025-01-18 11:00,고속도로,기점,(1차로)승용차관련사고처리중,126.7489,37.4821
2025-01-18 11:00,고속도로,기점,"(2,3차로)승용차관련사고처리중",129.082,35.2999
2025-01-18 12:00,고속도로,종점,(1차로)승용차관련사고처리중,127.1224,37.4169
2025-01-18 12:00,고속도로,기점,(1차로)승용차관련사고처리중,127.3537,37.6342
2025-01-18 12:00,고속도로,기점,(갓길)승용차단독사고처리중,127.5111,35.0226
2025-01-18 12:00,고속도로,종점,(3차로)승용차사고처리중,128.6561,37.682
2025-01-18 13:00,고속도로,기점,(1차로)승용차관련사고처리중,127.4202,36.6223
2025-01-18 13:00,고속도로,종점,(2차로)승용차사고처리중,127.592,37.7263
2025-01-18 13:00,고속도로,기점,(3차로)승용차단독사고처리중,129.2545,35.3579
2025-01-18 14:00,고속도로,종점,(2차로)승용차관련사고처리완료,129.2035,35.2813
2025-01-18 14:00,고속도로,종점,(갓길)승용차단독사고처리중,126.9066,34.7084
2025-01-18 15:00,고속도로,종점,(1차로)승용차관련사고처리중,128.5871,36.3931
2025-01-18 15:00,고속도로,기점,(1차로)사고처리중,127.124,37.4437
2025-01-18 15:00,고속도로,종점,(갓길)승용차관련사고처리중,126.88,37.1374
2025-01-18 16:00,고속도로,기점,(갓길)사고처리중,126.7482,37.507
2025-01-18 16:00,고속도로,종점,(2차로)승용차관련사고처리중,128.468,35.8646
2025-01-18 16:00,고속도로,종점,(갓길)승용차관련사고처리중,126.88,37.1374
2025-01-18 17:00,고속도로,종점,"(1,2차로)사고처리중",127.3472,36.7045
2025-01-18 17:00,고속도로,기점,(갓길)승용차관련사고처리중,127.5325,34.9957
2025-01-18 17:00,고속도로,기점,(5차로)사고처리중,127.1797,36.8504
2025-01-18 20:00,고속도로,종점,(갓길)화물차사고처리중,127.1518,37.603
2025-01-18 21:00,고속도로,기점,"(1,2차로,갓길)승용차관련사고처리중",126.8773,37.1551
2025-01-18 23:00,고속도로,기점,(1차로)승용차관련사고처리중,128.5177,35.894
2025-01-19 01:00,고속도로,종점,(광장부갓길)버스화재사고처리중,127.1038,37.2732
2025-01-19 02:00,고속도로,기점,(광장부갓길)버스화재사고처리중,127.1038,37.2732
2025-01-19 03:00,고속도로,종점,(갓길)승용차사고처리중,127.3529,37.2507
2025-01-19 05:00,고속도로,기점,"(1,2차로)승용차관련사고처리중",127.9133,36.8704
2025-01-19 10:00,고속도로,기점,(갓길)사고처리중,126.7543,36.9153
2025-01-19 12:00,고속도로,기점,(5차로)사고처리중,126.7546,37.4691
2025-01-19 12:00,고속도로,종점,(1차로)승용차관련사고처리중,128.9458,35.2839
2025-01-19 13:00,고속도로,종점,(진입로갓길)대형화물차사고처리중,127.6615,34.9707
2025-01-19 14:00,고속도로,기점,(광장부)승용차관련사고처리중,127.1033,37.3633
2025-01-19 14:00,고속도로,종점,(진입로갓길)대형화물차사고처리중,127.6615,34.9707
2025-01-19 14:00,고속도로,기점,(1차로)사고처리중,126.7522,37.4765
2025-01-19 14:00,고속도로,기점,(진출로2차로)화물차단독사고처리중,129.1241,35.5539
2025-01-19 16:00,고속도로,기점,(1차로)승용차단독사고처리중,127.6723,35.6673
2025-01-19 16:00,고속도로,기점,(갓길)승용차관련사고처리중,128.3629,35.7788
2025-01-19 17:00,고속도로,종점,"(2차로,갓길)화물차관련사고처리중",128.4961,35.3661
2025-01-19 19:00,고속도로,종점,"(4차로,갓길)승용차관련사고처리중",128.5115,35.8205
2025-01-19 20:00,고속도로,기점,(진출로1차로)승용차단독사고처리중,126.7066,37.4337
2025-01-19 22:00,고속도로,종점,(1차로)화물차관련사고처리중,126.7292,37.4333
2025-01-20 00:00,고속도로,기점,(진출로갓길)승용차단독사고처리중,127.0958,37.2126
2025-01-20 00:00,고속도로,기점,(갓길)화물차사고처리중,126.7686,37.5935
2025-01-20 01:00,고속도로,기점,(갓길)화물차사고처리중,126.7686,37.5935
2025-01-20 01:00,고속도로,종점,(2차로)승용차관련사고처리중,127.6161,37.1774
2025-01-20 03:00,고속도로,종점,"(2차로,갓길)화물차관련사고처리중",127.3549,36.978
2025-01-20 04:00,고속도로,종점,"(2차로,갓길)화물차관련사고처리중",127.3549,36.978
2025-01-20 05:00,고속도로,종점,"(2차로,갓길)화물차관련사고처리중",127.3549,36.978
2025-01-20 06:00,고속도로,종점,(4차로)승용차관련사고처리중,126.7381,37.42
2025-01-20 06:00,고속도로,기점,(5차로)승용차사고처리중,127.1056,37.4076
2025-01-20 07:00,고속도로,기점,(진입로1차로)사고처리중,126.7543,37.4744
2025-01-20 07:00,고속도로,기점,(갓길)화물차단독사고처리중,129.0454,35.347
2025-01-20 08:00,고속도로,기점,(1차로)사고처리중,126.7525,37.565
2025-01-20 08:00,고속도로,기점,(갓길)사고처리중,126.8188,37.4349
2025-01-20 09:00,고속도로,기점,(부산방향진출로1차로)화물차관련사고처리중,128.9931,35.2847
2025-01-20 09:00,고속도로,기점,(4차로)추돌사고처리중,127.1586,37.5137
2025-01-20 10:00,고속도로,기점,(부산방향진출로1차로)화물차관련사고처리중,128.9931,35.2847
2025-01-20 10:00,고속도로,종점,"(1,2차로)추돌사고처리중",127.0967,37.4064
2025-01-20 10:00,고속도로,기점,(1차로)사고처리중,127.3668,36.6842
2025-01-20 10:00,고속도로,종점,(3차로)승용차관련사고처리중,126.8692,37.3696
2025-01-20 12:00,고속도로,종점,(진출로갓길)승용차관련사고처리중,126.7779,37.5987
2025-01-20 13:00,고속도로,종점,(1차로)대형화물차단독사고처리중,127.4224,36.9527
2025-01-20 13:00,고속도로,종점,(진출로갓길)승용차관련사고처리중,126.7779,37.5987
2025-01-20 14:00,고속도로,종점,(1차로)대형화물차단독사고처리중,127.4224,36.9527
2025-01-20 14:00,고속도로,종점,"(4차로,갓길)화물차단독사고처리중",129.0842,35.2979
2025-01-20 15:00,고속도로,기점,(갓길)사고처리중,126.6977,37.5236
2025-01-20 15:00,고속도로,종점,(2차로)화물차관련사고처리중,127.1039,37.2462
2025-01-20 16:00,고속도로,기점,(갓길)사고처리중,126.6977,37.5236
2025-01-20 17:00,고속도로,종점,(4차로)화물차관련사고처리중,126.7179,37.4339
2025-01-20 17:00,고속도로,기점,(3차로)승용차관련사고처리중,126.8814,37.3327
2025-01-20 18:00,고속도로,기점,(1차로)승용차관련사고처리중,127.6405,35.697
2025-01-20 19:00,고속도로,종점,(4차로)사고처리중,126.7033,37.5236
2025-01-20 20:00,고속도로,기점,(1차로)승용차관련사고처리중,127.7229,37.0743
2025-01-20 20:00,고속도로,종점,(진입로갓길)승용차사고처리중,127.3922,37.2763
2025-01-21 03:00,고속도로,기점,"(1,2차로)소형화물차단독사고처리중",127.3159,37.247
2025-01-21 03:00,고속도로,종점,(갓길)승용차단독사고처리중,126.7933,37.6116
2025-01-21 04:00,고속도로,종점,"(2,3차로)승용차단독사고처리중",127.4679,36.3484
2025-01-21 04:00,고속도로,기점,"(2차로,갓길)화물차추돌사고처리중",126.8067,35.3883
2025-01-21 04:00,고속도로,기점,"(1,2,3차로)소형화물차단독사고처리중",127.3159,37.247
2025-01-21 05:00,고속도로,기점,"(1,2,3차로)소형화물차단독사고처리중",127.3159,37.247
2025-01-21 08:00,고속도로,기점,"(1,2,3차로)사고처리중정체극심청북나들목우회바람",126.8993,37.0517
2025-01-21 08:00,고속도로,기점,(진출로갓길)승용차단독사고처리중,126.8842,35.1849
2025-01-21 08:00,고속도로,기점,(갓길)승용차관련사고처리중,128.8625,35.2201
2025-01-21 09:00,고속도로,기점,"(2,3차로)사고처리중정체극심청북나들목우회바람",126.8993,37.0517
2025-01-21 09:00,고속도로,기점,(갓길)승용차관련사고처리중,126.887,37.2606
2025-01-21 10:00,고속도로,기점,(3차로)사고처리중정체극심청북나들목우회바람,126.8993,37.0517
2025-01-21 10:00,고속도로,기점,(갓길)대형화물차단독사고처리중,127.323,35.4554
2025-01-21 10:00,고속도로,기점,(갓길)승용차관련사고처리중,128.4648,35.2713
2025-01-21 11:00,고속도로,기점,(1차로)승용차관련사고처리중,127.4405,37.2101
2025-01-21 12:00,고속도로,기점,(1차로)승용차관련사고처리중,128.9872,35.2179
2025-01-21 13:00,고속도로,종점,(1차로)승용차관련사고처리중,126.8599,35.5985
2025-01-21 14:00,고속도로,종점,(갓길)승용차관련사고처리중,127.4707,37.2439
2025-01-21 16:00,고속도로,종점,(2차로)화물차관련사고처리중,127.3411,36.391
2025-01-21 16:00,고속도로,종점,(4차로)승용차관련사고처리중,126.7502,37.4787
2025-01-21 17:00,고속도로,종점,(2차로)화물차관련사고처리중,127.3411,36.391
2025-01-21 18:00,고속도로,종점,(5차로)승용차관련사고처리중,127.1385,37.0374
2025-01-21 18:00,고속도로,종점,(3차로)승용차관련사고처리중,127.1233,37.4349
2025-01-21 19:00,고속도로,기점,(4차로)승용차관련사고처리중,128.965,35.1537
2025-01-21 19:00,고속도로,종점,"(1,2차로)승용차관련사고처리중",127.1509,37.003
2025-01-21 20:00,고속도로,종점,(2차로)승용차화재사고처리중,127.7717,37.8022
2025-01-21 20:00,고속도로,종점,(5차로)승용차관련사고처리중,126.8714,37.3961
2025-01-21 21:00,고속도로,종점,(2차로)승용차화재사고처리중,127.7717,37.8022
2025-01-21 22:00,고속도로,종점,(2차로)승용차화재사고처리중,127.7717,37.8022
2025-01-21 22:00,고속도로,기점,(5차로)승용차관련사고처리중,127.0868,37.4135
2025-01-21 23:00,고속도로,기점,(갓길)승용차관련사고처리중,126.7599,37.5241
2025-01-22 00:00,고속도로,기점,"(3차로,갓길)화물차관련사고처리중",129.1624,35.6391
2025-01-22 00:00,고속도로,기점,(진출로갓길)승용차단독사고처리중,128.4347,35.6749
2025-01-22 01:00,고속도로,종점,(갓길)대형화물차관련사고처리중,127.8317,37.0267
2025-01-22 05:00,고속도로,기점,(갓길)사고처리중,126.8601,37.3728
2025-01-22 07:00,고속도로,종점,(2차로)화물차관련사고처리중,128.6309,36.5261
2025-01-22 07:00,고속도로,기점,"(4,5차로)화물차관련사고처리중",127.1895,36.9437
2025-01-22 08:00,고속도로,종점,(2차로)승용차관련사고처리중,126.6735,37.4367
2025-01-22 09:00,고속도로,종점,(3차로)화물차관련사고처리중,128.099,35.1415
2025-01-22 10:00,고속도로,기점,(목포방향진입로1차로)승용차사고처리중,126.8687,37.3688
2025-01-22 10:00,고속도로,기점,고속도로인근화재발생,128.1584,35.6925
2025-01-22 10:00,고속도로,종점,고속도로인근화재발생,128.1584,35.6925
2025-01-22 11:00,고속도로,기점,(진출로1차로)화물차관련사고처리중,126.8886,37.0543
2025-01-22 12:00,고속도로,기점,(진출로1차로)화물차관련사고처리중,126.8886,37.0543
2025-01-22 12:00,고속도로,종점,(2차로)승용차사고처리중,127.4064,36.9608
2025-01-22 13:00,고속도로,종점,"(1,2차로)승용차관련사고처리중",127.1408,37.0286
2025-01-22 14:00,고속도로,기점,"(2차로,갓길)승용차단독사고처리중",126.7974,35.2624
2025-01-22 16:00,고속도로,종점,(갓길)사고처리중,126.7519,37.5328
2025-01-22 16:00,고속도로,종점,(1차로)승용차관련사고처리중,127.4436,37.199
2025-01-22 16:00,고속도로,종점,(5차로)승용차관련사고처리중,127.1759,37.557
2025-01-22 18:00,고속도로,종점,(갓길)승용차관련사고처리중,128.936,35.1586
2025-01-22 18:00,고속도로,종점,(1차로)승용차관련사고처리중,128.9046,35.3044
2025-01-22 19:00,고속도로,기점,(3차로)승용차관련사고처리중,128.7973,35.2041
2025-01-22 19:00,고속도로,종점,(갓길)사고처리중,126.8888,37.105
2025-01-22 19:00,고속도로,기점,"(3,4차로)사고처리중",126.7672,37.3749
2025-01-22 20:00,고속도로,기점,(갓길)승용화재사고처리중,127.9262,37.3278
2025-01-22 20:00,고속도로,기점,(진출로1차로)대형화물차사고처리중,127.4302,36.533
2025-01-22 23:00,고속도로,종점,"(1,3차로)화물차관련사고처리중",126.6841,37.4338
2025-01-23 00:00,고속도로,종점,(2차로)화물차관련사고처리중,128.0728,35.1522
2025-01-23 01:00,고속도로,종점,(광장부)승용차관련사고처리중,126.8618,37.3526
2025-01-23 02:00,고속도로,종점,(갓길)화물차관련사고처리중,127.082,37.0325
2025-01-23 02:00,고속도로,종점,(진출로1차로)중형화물차단독사고처리중,127.846,36.981
2025-01-23 02:00,고속도로,종점,(광장부)승용차관련사고처리중,126.8618,37.3526
2025-01-23 02:00,고속도로,종점,(갓길)소형화물차단독사고처리중,126.9062,35.1839
2025-01-23 03:00,고속도로,종점,(갓길)화물차관련사고처리중,127.082,37.0325
2025-01-23 03:00,고속도로,종점,(진출로1차로)중형화물차단독사고처리중,127.846,36.981
2025-01-23 04:00,고속도로,종점,(진출로1차로)중형화물차단독사고처리중,127.846,36.981
2025-01-23 04:00,고속도로,종점,(갓길)화물차관련사고처리중,127.082,37.0325
2025-01-23 05:00,고속도로,종점,(갓길)화물차관련사고처리중,127.082,37.0325
2025-01-23 07:00,고속도로,기점,(1차로)사고처리중,127.1033,37.3723
2025-01-23 07:00,고속도로,종점,"(1,4차로)추돌사고처리중",127.142,37.0242
2025-01-23 08:00,고속도로,기점,(1차로)사고처리중,127.1033,37.3723
2025-01-23 08:00,고속도로,종점,"(1,2차로)승용차추돌사고처리중",127.3209,36.3439
2025-01-23 08:00,고속도로,종점,"(2차로,갓길)승용차단독사고처리중",127.3352,36.3804
2025-01-23 08:00,고속도로,기점,(진출로2차로)추돌사고처리중,126.7855,37.4299
2025-01-23 09:00,고속도로,기점,"(1,2차로)대형화물차관련사고처리중",128.122,36.3736
2025-01-23 09:00,고속도로,기점,"(1,2차로)사고처리중",127.1033,37.3723
2025-01-23 10:00,고속도로,종점,(1차로)추돌사고처리중,126.6472,37.4383
2025-01-23 10:00,고속도로,기점,"(1,2차로)사고처리중",127.1033,37.3723
2025-01-23 10:00,고속도로,기점,(갓길)화물차관련사고처리중,128.9742,35.2162
2025-01-23 11:00,고속도로,기점,(갓길)승용차간련사고처리중,126.8932,37.3104
2025-01-23 13:00,고속도로,종점,"(3,4차로)사고처리중",126.8939,37.2699
2025-01-23 13:00,고속도로,기점,(1차로)사고처리중,126.8597,37.3457
2025-01-23 14:00,고속도로,종점,(진출로갓길)소형화물차사고처리중,127.561,36.3153
2025-01-23 14:00,고속도로,종점,(1차로)승용차관련사고처리중,128.6392,35.2753
2025-01-23 15:00,고속도로,종점,(진출로갓길)소형화물차사고처리중,127.561,36.3153
2025-01-23 15:00,고속도로,종점,(1차로)사고처리중,126.8857,37.1145
2025-01-23 15:00,고속도로,기점,(갓길)승용차단독사고처리중,127.4482,35.4564
2025-01-23 15:00,고속도로,종점,(갓길)승용차관련사고처리중,129.1529,35.2829
2025-01-23 15:00,고속도로,종점,(1차로)승용차관련사고처리중,127.5074,36.7962
2025-01-23 16:00,고속도로,기점,(1차로)승용차관련사고처리중,127.184,37.518
2025-01-23 17:00,고속도로,기점,(1차로)승용차관련사고처리중,128.5221,36.0369
2025-01-23 18:00,고속도로,종점,(1차로)승용차관련사고처리중,126.8176,37.3503
2025-01-23 18:00,고속도로,종점,"(1,2차로)사고처리중",126.804,37.627
2025-01-23 18:00,고속도로,종점,(1차로)승용차관련사고처리중,129.0234,35.2759
2025-01-23 19:00,고속도로,기점,"(1,2차로)승용차관련사고처리중",128.5045,35.8136
2025-01-23 19:00,고속도로,기점,(2차로)승용차사고처리중,126.7429,37.524
2025-01-23 22:00,고속도로,종점,(2차로)승용차관련사고처리중,127.2996,35.0347
2025-01-23 23:00,고속도로,종점,(2차로)승용차관련사고처리중,127.2996,35.0347
2025-01-23 23:00,고속도로,기점,"(1,2차로)승용차관련사고처리중",128.1491,36.5725
2025-01-24 00:00,고속도로,종점,"(2차로,갓길)화물차관련사고처리중",127.1988,35.2382
2025-01-24 00:00,고속도로,기점,"(1,2차로)화물차사고처리중",127.2321,36.7449
2025-01-24 02:00,고속도로,종점,(갓길)승용차관련추돌사고처리중,128.5592,36.7956
2025-01-24 06:00,고속도로,기점,(갓길)화재사고확인중,127.9932,37.0759
2025-01-24 06:00,고속도로,종점,"(4차로,갓길)사고처리중",126.7866,37.6043
2025-01-24 07:00,고속도로,종점,(갓길)승용차관련사고처리중,128.6963,38.0238
2025-01-24 09:00,고속도로,기점,(갓길)승용차관련사고처리중,126.8797,37.4282
2025-01-24 09:00,고속도로,기점,(진출로갓길)중형화물차화재사고처리중,126.5627,36.7144
2025-01-24 09:00,고속도로,종점,(진입로2차로)단독사고접보확인중,127.7923,37.741
2025-01-24 11:00,고속도로,기점,(갓길)사고처리중,127.0401,37.4632
2025-01-24 11:00,고속도로,기점,(4차로)승용차관련사고처리중,128.4593,35.2713
2025-01-24 11:00,국도,상주방향,상주방향 경상북도 칠곡군 가산면 천평리 산 9 3(칠곡 가산TG 부근) 1차로 사고 및 낙하물로 인한 1차로 부분통제   사고파악중 ,128.535205,36.091687
2025-01-24 11:00,고속도로,종점,(1차로)화물차관련사고처리중,128.5342,36.0902
2025-01-24 12:00,고속도로,기점,(4차로)승용차관련사고처리중,128.4593,35.2713
2025-01-24 12:00,고속도로,종점,(갓길)사고처리중,126.8743,37.1638
2025-01-24 12:00,고속도로,기점,(5차로)승용차관련사고처리중,127.144,37.0172
2025-01-24 12:00,고속도로,기점,(진입로1차로)버스관련사고처리중,126.7543,37.4744
2025-01-24 12:00,국도,상주방향,상주방향 경상북도 칠곡군 가산면 천평리 산 9 3(칠곡 가산TG 부근) 1차로 사고 및 낙하물로 인한 1차로 부분통제   사고파악중 ,128.535205,36.091687
2025-01-24 13:00,국도,상주방향,상주방향 경상북도 칠곡군 가산면 천평리 산 9 3(칠곡 가산TG 부근) 1차로 사고 및 낙하물로 인한 1차로 부분통제   사고파악중 ,128.535205,36.091687
2025-01-24 13:00,고속도로,기점,(갓길)화물차관련사고처리중,128.4959,35.808
2025-01-24 13:00,고속도로,종점,(1차로)승용차관련사고처리중,127.5078,36.7872
2025-01-24 13:00,고속도로,종점,(갓길)출구1번승용차단독사고처리중,129.2349,35.3252
2025-01-24 14:00,고속도로,종점,(1차로)승용차관련사고처리중,127.735,37.0451
2025-01-24 14:00,고속도로,종점,(갓길)사고처리중,127.5723,37.2388
2025-01-24 14:00,고속도로,종점,(1차로)승용차관련사고처리중,128.1817,36.5103
2025-01-24 14:00,고속도로,종점,(갓길)출구1번승용차단독사고처리중,129.2349,35.3252
2025-01-24 14:00,고속도로,기점,(2차로)화물차관련사고처리중,128.0031,35.0744
2025-01-24 14:00,국도,상주방향,상주방향 경상북도 칠곡군 가산면 천평리 산 9 3(칠곡 가산TG 부근) 1차로 사고 및 낙하물로 인한 1차로 부분통제   사고파악중 ,128.535205,36.091687
2025-01-24 15:00,고속도로,기점,(1차로)승용차관련사고처리중,129.1937,35.28
2025-01-24 15:00,고속도로,종점,(갓길)승용차관련사고처리중,127.1003,37.3992
2025-01-24 15:00,고속도로,종점,(1차로)승용차관련추돌사고처리중,127.4185,36.6356
2025-01-24 16:00,고속도로,기점,"(3,4차로)사고처리중",126.7672,37.3749
2025-01-24 16:00,고속도로,기점,(1차로)승용차관련추돌사고처리중,128.1305,36.6666
2025-01-24 16:00,고속도로,종점,(진입로갓길)승용차관련사고처리중,128.8951,35.1653
2025-01-24 16:00,고속도로,종점,(5차로)사고처리중,126.8894,37.0576
2025-01-24 17:00,고속도로,종점,(2차로)승용차사고처리중,128.3581,36.3837
2025-01-24 17:00,고속도로,종점,(1차로)승용차단독사고처리중,127.7155,37.1006
2025-01-24 17:00,고속도로,기점,(갓길)사고처리중,126.7849,37.3562
2025-01-24 17:00,고속도로,종점,(1차로)승용차관련사고처리중,126.8878,37.0755
2025-01-24 18:00,고속도로,종점,(진출로갓길)사고확인중,126.8334,35.9417
2025-01-24 18:00,고속도로,기점,(갓길)승용차관련사고처리중,126.7993,37.5216
2025-01-24 18:00,고속도로,기점,(1차로)승용차관련사고처리중,129.2067,35.2163
2025-01-24 18:00,고속도로,종점,"(2차로,갓길)화물차화재사고처리중",128.5029,35.3217
2025-01-24 19:00,고속도로,기점,(1차로)승용차관련추돌사고처리중,128.2211,36.313
2025-01-24 19:00,고속도로,종점,(2차로)승용차관련추돌사고처리중,128.218,36.3681
2025-01-24 19:00,고속도로,기점,(1차로)승용차관련사고처리중,129.2067,35.2163
2025-01-24 19:00,고속도로,종점,"(1,2,3,4차로)버스관련사고처리중국도우회바랍니다",127.1035,37.3273
2025-01-24 19:00,고속도로,종점,(5차로)사고처리중,127.0882,37.1592
2025-01-24 20:00,고속도로,종점,"(1,2,3차로)버스관련사고처리중국도우회바랍니다",127.1035,37.3273
2025-01-24 20:00,고속도로,종점,(갓길)승용차단독사고처리중,128.9584,37.6893
2025-01-24 20:00,고속도로,종점,(2차로)승용차사고처리중,128.6479,37.6773
2025-01-24 20:00,고속도로,종점,(갓길)승용차관련사고처리중,126.9001,37.2844
2025-01-24 20:00,고속도로,종점,"(1,4차로)교통사고처리중",127.1697,37.5153
2025-01-24 21:00,고속도로,종점,(갓길)추돌사고처리중,127.5832,37.2344
2025-01-24 23:00,고속도로,기점,(1차로)승용차단독사고처리중,126.7861,35.2867
2025-01-24 23:00,고속도로,종점,(2차로)승용차사고처리중,129.1646,37.422
2025-01-24 23:00,고속도로,종점,(갓길)승용차단독사고처리중,126.5005,34.9345
2025-01-25 01:00,고속도로,기점,(서마산방향진출로갓길)화물차관련사고처리중,128.5154,35.2589
2025-01-25 02:00,고속도로,종점,(2차로)승용차관련사고처리중,129.1719,37.4165
2025-01-25 02:00,고속도로,기점,(진출로)사고처리중,126.7397,37.4379
2025-01-25 03:00,고속도로,종점,(갓길)승용차관련사고처리중,128.7713,37.6938
2025-01-25 06:00,고속도로,종점,(2차로)승용차관련사고처리중,128.9743,37.6847
2025-01-25 07:00,고속도로,종점,"(3,4차로)승용차사고처리중",126.804,37.627
2025-01-25 07:00,고속도로,종점,(2차로)승용차단독사고처리중,129.1646,37.422
2025-01-25 07:00,고속도로,종점,(2차로)승용차관련사고처리중,128.9743,37.6847
2025-01-25 07:00,고속도로,기점,(2차로)승용차관련사고처리중,127.5974,37.2189
2025-01-25 08:00,고속도로,기점,(갓길)승용차사고처리중,128.919,37.6874
2025-01-25 10:00,고속도로,기점,"(2,3차로)사고처리중",127.1122,37.1148
2025-01-25 10:00,고속도로,기점,(2차로)사고처리중,127.1122,37.1148
2025-01-25 10:00,고속도로,기점,"(2,3차로)승용차관련사고처리중",127.0096,37.3903
2025-01-25 10:00,고속도로,기점,(진출로1차로)승용차사고처리중,126.7779,37.5987
2025-01-25 10:00,고속도로,종점,"(2,3차로)승용차관련사고처리중",127.0096,37.3903
2025-01-25 11:00,고속도로,기점,(진출로갓길)승용차사고처리중,126.7779,37.5987
2025-01-25 12:00,고속도로,기점,(1차로)승용차관련추돌사고처리중,127.6062,37.2134
2025-01-25 13:00,고속도로,기점,(5차로)승용차관련사고처리중,126.8694,37.0055
2025-01-25 14:00,고속도로,기점,"(1,2차로)승용차사고처리중",126.7646,37.4612
2025-01-25 14:00,고속도로,종점,(1차로)승용차관련사고처리중,127.457,37.2397
2025-01-25 15:00,고속도로,기점,(갓길)버스관련사고처리중,128.6005,35.2556
2025-01-25 16:00,고속도로,기점,(1차로)승용차관련사고처리중,129.1632,37.4234
2025-01-25 16:00,고속도로,기점,"(1,2차로)사고처리중",127.1196,37.413
2025-01-25 16:00,고속도로,종점,(갓길)승용차관련사고처리중,128.5215,35.2833
2025-01-25 16:00,고속도로,종점,(1차로)승용차관련추돌사고처리중,128.0618,36.7471
2025-01-25 16:00,고속도로,종점,(2차로)승용차관련사고처리중,126.8966,37.4308
2025-01-25 17:00,고속도로,기점,(1차로)승용차관련사고처리중,129.1632,37.4234
2025-01-25 17:00,고속도로,종점,"(2,3차로)승용차관련사고처리중",127.1033,37.3543
2025-01-25 17:00,고속도로,종점,(갓길)승용차관련사고처리중,128.816,37.8422
2025-01-25 17:00,고속도로,기점,(갓길)승용차단독사고처리중,128.7386,37.9697
2025-01-25 18:00,고속도로,종점,(갓길)승용차단독사고처리중,129.1739,37.4157
2025-01-25 18:00,고속도로,기점,(진출로갓길)승용차관련사고처리중,126.8188,37.4349
2025-01-25 21:00,고속도로,기점,(2차로)사고처리중,127.1915,37.0068
2025-01-26 00:00,고속도로,종점,(진출로갓길)승용차단독사고처리중,128.8153,37.8378
2025-01-26 02:00,고속도로,기점,(1차로)승용차관련사고처리중,128.4699,35.5722
2025-01-26 03:00,고속도로,기점,(갓길)승용차단독사고처리중,127.2167,35.7704
2025-01-26 03:00,고속도로,종점,"(4,5차로)승용차관련사고처리중",127.0843,37.1508
2025-01-26 03:00,고속도로,기점,(1차로)승용차관련사고처리중,128.4699,35.5722
2025-01-26 04:00,고속도로,종점,(1차로)승용차단독사고처리중,128.7947,35.5151
2025-01-26 05:00,고속도로,기점,(갓길)승용차단독사고처리중,127.0563,37.4458
2025-01-26 06:00,고속도로,기점,(갓길)승용차단독사고처리중,127.4755,37.053
2025-01-26 08:00,고속도로,종점,"(2차로,갓길)승용차단독사고처리중",128.1857,37.0713
2025-01-26 09:00,고속도로,기점,(1차로)승용차관련사고처리중,128.5883,35.2883
2025-01-26 14:00,고속도로,기점,(2차로)사고처리중,126.7751,36.0835
2025-01-26 14:00,고속도로,종점,(1차로)승용차관련추돌사고처리중,127.7229,37.0743
2025-01-26 14:00,고속도로,종점,"(1,2차로)승용차관련사고처리중",127.2383,36.9811
2025-01-26 16:00,고속도로,기점,(1차로)승용차관련사고처리중,129.2067,35.2163
2025-01-26 17:00,고속도로,종점,(갓길)사고처리중,126.9519,36.3748
2025-01-26 17:00,고속도로,기점,(4차로)화물차관련사고처리중,127.1162,37.1063
2025-01-26 18:00,고속도로,기점,(갓길)승용차관련사고처리중,128.4313,35.6813
2025-01-26 18:00,고속도로,기점,(진입로1차로)승용차관련사고처리중,126.8492,37.4399
2025-01-26 18:00,고속도로,기점,(갓길)승용차관련사고처리중,127.1797,37.5789
2025-01-26 19:00,고속도로,종점,(갓길)승용차관련사고처리중,127.6249,34.9626
2025-01-26 20:00,고속도로,종점,(1차로)승용차사고처리중,127.903,36.8739
2025-01-26 21:00,고속도로,종점,(1차로)승용차단독사고처리중,126.9653,35.2435
2025-01-26 22:00,고속도로,기점,(4차로)사고처리중,126.7588,37.5241
2025-01-26 22:00,고속도로,종점,(갓길)승용차관련사고처리중,129.0115,35.3055
2025-01-27 02:00,고속도로,종점,"(1,2차로)소형화물차사고처리중",127.995,37.2847
2025-01-27 03:00,고속도로,종점,"(1,2차로)소형화물차사고처리중",127.995,37.2847
2025-01-27 04:00,고속도로,종점,(2차로)소형화물차사고처리중,127.995,37.2847
2025-01-27 05:00,고속도로,기점,(2차로)단독사고처리중,128.2436,37.8638
2025-01-27 05:00,고속도로,종점,(2차로)승용차사고처리중,128.0108,37.0704
2025-01-27 06:00,고속도로,기점,(2차로)승용차단독사고처리중,128.2496,37.8781
2025-01-27 06:00,고속도로,기점,(갓길)승용차관련사고처리중,126.6635,37.4383
2025-01-27 09:00,고속도로,종점,(2차로)승용차관련사고처리중,127.9779,37.565
2025-01-27 09:00,고속도로,기점,(진입로1차로)화물차단독사고처리중,128.0912,35.1169
2025-01-27 09:00,고속도로,기점,"(5차로,갓길)화물차화재사고처리중",127.0619,37.2964
2025-01-27 09:00,고속도로,기점,(진입로)화물차관련사고처리중,128.5799,35.9089
2025-01-27 10:00,고속도로,기점,"(3,4,5차로,갓길)화물차화재사고처리중",127.0619,37.2964
2025-01-27 10:00,고속도로,기점,(갓길)승용차단독사고처리중,127.2957,35.401
2025-01-27 11:00,고속도로,기점,"(3,4,5차로)화물차사고처리중",127.0619,37.2964
2025-01-27 11:00,고속도로,종점,(갓길)승용차관련사고처리중,128.4938,36.8725
2025-01-27 12:00,고속도로,기점,"(2차로,갓길)승용차사고처리중",127.9139,36.4457
2025-01-27 12:00,고속도로,종점,"(1,2차로)승용차관련사고처리중",127.9276,37.3787
2025-01-27 13:00,고속도로,종점,(갓길)승용차관련사고처리중,128.9744,35.2054
2025-01-27 13:00,고속도로,종점,(2차로)승용차관련사고처리중,127.9276,37.3787
2025-01-27 13:00,고속도로,종점,(1차로)승용차관련사고처리중,128.1821,36.5095
2025-01-27 14:00,고속도로,기점,"(1,2,3차로)사고처리중",127.1658,36.814
2025-01-27 14:00,고속도로,기점,(3차로)화물차관련사고처리중,126.8648,36.9627
2025-01-27 14:00,고속도로,종점,(진입로갓길)승용차사고처리중,126.7998,37.6189
2025-01-27 14:00,고속도로,종점,(5차로)승용차관련사고처리중,127.1037,37.2777
2025-01-27 14:00,고속도로,종점,(갓길)승용차관련사고처리중,128.1529,36.5389
2025-01-27 14:00,고속도로,기점,(1차로)승용차관련사고처리중,128.0682,35.0985
2025-01-27 14:00,고속도로,기점,"(진입로2차로,갓길)화물차사고처리중",127.1235,37.4285
2025-01-27 15:00,고속도로,종점,"(2,3차로)승용차관련사고처리중",126.752,37.5265
2025-01-27 15:00,고속도로,종점,(갓길)승용차관련사고처리중,128.4654,35.5868
2025-01-27 15:00,고속도로,기점,"(1,2,3차로)사고처리중",127.1658,36.814
2025-01-27 15:00,고속도로,기점,(1차로)버스관련사고처리중,127.1765,36.8446
2025-01-27 15:00,고속도로,종점,(1차로)승용차관련사고처리중,128.2394,36.3689
2025-01-27 16:00,고속도로,기점,(갓길)승용차사고처리중,128.2434,37.5091
2025-01-27 16:00,고속도로,기점,(2차로)승용차사고처리중,127.3273,36.9789
2025-01-27 16:00,고속도로,종점,(1차로)승용차관련사고처리중,129.2043,35.2103
2025-01-27 17:00,고속도로,기점,(1차로)2대관련사고처리중,127.3618,37.3018
2025-01-27 17:00,고속도로,기점,(갓길)승용차관련사고처리중,127.4327,36.5243
2025-01-27 18:00,고속도로,종점,"(1차로,갓길)화물차사고처리중",128.1287,37.0699
2025-01-27 19:00,고속도로,종점,(2차로)승용차사고처리중,128.4297,37.6072
2025-01-27 19:00,고속도로,기점,(1차로)승용차단독사고처리중,126.9261,36.5868
2025-01-27 20:00,고속도로,기점,(갓길)승용차관련추돌사고처리중,127.3071,35.4242
2025-01-27 21:00,국도,시점방향,눈길 미끄럼으로 통근버스 8대 연속추돌 사고,126.44102,36.90781
2025-01-27 21:00,고속도로,기점,(1차로)승용차관련사고처리중,126.8356,36.9493
2025-01-27 21:00,고속도로,종점,(1차로)승용차단독사고처리중,126.8063,35.3928
2025-01-27 21:00,고속도로,기점,(갓길)중형화물차사고처리중,127.35,36.9802
2025-01-27 22:00,국도,시점방향,눈길 미끄럼으로 통근버스 8대 연속추돌 사고,126.44102,36.90781
2025-01-27 22:00,고속도로,종점,(2차로)사고처리중,127.2493,36.4679
2025-01-27 22:00,고속도로,종점,(갓길)승용차단독사고처리중,127.0092,35.3179
2025-01-27 22:00,고속도로,종점,(갓길)승용차단독사고처리중,127.0644,35.3363
2025-01-27 23:00,국도,시점방향,눈길 미끄럼으로 통근버스 8대 연속추돌 사고,126.44102,36.90781
2025-01-27 23:00,고속도로,종점,"(1차로,갓길)승용차관련사고처리중",128.0149,36.7459
2025-01-27 23:00,고속도로,기점,(1차로)승용차사고처리중,127.4826,37.0266
2025-01-27 23:00,고속도로,종점,(1차로)승용차관련사고처리중,127.3704,37.2409
2025-01-27 23:00,고속도로,종점,(갓길)화물차단독사고처리중,126.9695,37.0333
2025-01-28 00:00,고속도로,기점,"(2차로,갓길)승용차관련사고처리중",127.3929,37.2762
2025-01-28 00:00,고속도로,종점,(1차로)중형화물차사고처리중,127.3424,36.9818
2025-01-28 00:00,고속도로,종점,(갓길)승용차관련사고처리중,128.3642,36.918
2025-01-28 00:00,고속도로,기점,(4차로)승용차관련사고처리중,127.3599,37.2437
2025-01-28 00:00,고속도로,종점,(2차로)승용차단독사고처리중,127.0805,36.4864
2025-01-28 00:00,고속도로,종점,"(1차로,갓길)승용차추돌사고처리중",126.7557,35.3508
2025-01-28 00:00,국도,시점방향,눈길 미끄럼으로 통근버스 8대 연속추돌 사고,126.44102,36.90781
2025-01-28 01:00,국도,시점방향,눈길 미끄럼으로 통근버스 8대 연속추돌 사고,126.44102,36.90781
2025-01-28 01:00,고속도로,기점,(1차로)단독사고처리중(대형화물),127.6644,35.6771
2025-01-28 01:00,고속도로,종점,"(1차로,갓길)승용차추돌사고처리중",126.7557,35.3508
2025-01-28 01:00,고속도로,기점,(4차로)승용차관련사고처리중,127.3599,37.2437
2025-01-28 01:00,고속도로,종점,(1차로)중형화물차관련사고처리중,127.3424,36.9818
2025-01-28 02:00,고속도로,종점,(진입로1차로)승용차단독사고처리중,127.4302,36.533
2025-01-28 02:00,고속도로,종점,(갓길)승용차관련사고처리중,127.4741,36.9361
2025-01-28 03:00,고속도로,종점,(갓길)소형화물차사고처리중,126.8108,35.3376
2025-01-28 03:00,고속도로,기점,(1차로)승용차관련사고처리중,127.5522,36.5121
2025-01-28 03:00,고속도로,기점,"(2차로,갓길)대형화물차사고처리중",127.2273,36.4863
2025-01-28 03:00,고속도로,기점,(2차로)대형화물차단독사고처리중,126.5877,36.4524
2025-01-28 03:00,고속도로,종점,(갓길)승용차관련사고처리중,127.4776,36.547
2025-01-28 03:00,고속도로,종점,"(2차로,갓길)승용차관련사고처리중",127.4741,36.9361
2025-01-28 04:00,고속도로,종점,(갓길)승용차단독사고처리중,128.6102,36.4226
2025-01-28 04:00,고속도로,기점,"(2차로,갓길)대형차사고처리중",127.3207,35.6278
2025-01-28 04:00,고속도로,기점,"(2차로,갓길)대형화물차사고처리중",127.2273,36.4863
2025-01-28 04:00,고속도로,종점,전면차단대형탱크로리사고처리중 신영IC국도우회이용바람,126.9512,36.5736
2025-01-28 05:00,고속도로,종점,(갓길)승용차단독사고처리중,127.2555,37.4576
2025-01-28 05:00,고속도로,종점,(중앙선진출로)화물차단독사고처리중,128.5503,35.9557
2025-01-28 05:00,고속도로,종점,전면차단대형탱크로리사고처리중 신양IC국도우회이용바람,126.9512,36.5736
2025-01-28 05:00,고속도로,종점,"(1,2차로)대형화물차관련사고처리중",127.9752,36.4424
2025-01-28 06:00,고속도로,기점,"(2차로,갓길)승용차단독사고처리중",127.2486,37.4743
2025-01-28 06:00,고속도로,종점,"(1,2차로)대형화물차관련사고처리중",127.9752,36.4424
2025-01-28 07:00,고속도로,기점,(갓길)승용차관련추돌사고처리중,127.3082,35.4029
2025-01-28 07:00,고속도로,종점,(갓길)승용차단독사고처리중,128.0025,36.1941
2025-01-28 07:00,고속도로,종점,(갓길)승용차사고처리중,127.1967,37.0033
2025-01-28 07:00,고속도로,종점,(5차로)승용차사고처리중,126.7483,37.4839
2025-01-28 07:00,고속도로,기점,(2차로)승용차단독사고처리중,127.2003,36.1617
2025-01-28 07:00,고속도로,기점,(갓길)승용차단독사고처리중,128.1197,37.4711
2025-01-28 08:00,고속도로,기점,(진출로1차로)승용차관련사고처리중,126.6275,36.8565
2025-01-28 08:00,고속도로,기점,(갓길)화물차사고처리중,128.4988,37.6394
2025-01-28 09:00,고속도로,기점,(갓길)단독사고처리중,127.5873,36.004
2025-01-28 09:00,고속도로,종점,(2차로)버스관련단독사고처리중,126.5814,36.4389
2025-01-28 09:00,고속도로,기점,(갓길)승용차관련사고처리중,128.1257,37.7882
2025-01-28 09:00,고속도로,기점,(2차로)화물차사고처리중,128.5869,36.3197
2025-01-28 09:00,고속도로,종점,(1차로)승용차단독사고처리중,126.8705,36.5938
2025-01-28 09:00,고속도로,종점,(갓길)승용차단독사고처리중,128.5869,36.3197
2025-01-28 09:00,고속도로,기점,(1차로)승용차단독사고처리중,126.8384,36.2873
2025-01-28 09:00,고속도로,종점,(갓길)사고처리중,127.1078,35.9792
2025-01-28 09:00,고속도로,종점,(2차로)승용차단독사고처리중,128.2942,37.0049
2025-01-28 09:00,고속도로,종점,(갓길)승합차단독사고처리중,128.1672,37.0854
2025-01-28 09:00,고속도로,기점,(갓길)승용차관련사고처리중,128.4798,37.6279
2025-01-28 10:00,고속도로,기점,(1차로)승용차관련사고처리중,128.6273,35.2695
2025-01-28 10:00,고속도로,종점,"(2,3차로)승용차사고처리중",127.0917,37.0368
2025-01-28 10:00,고속도로,종점,(2차로)버스관련단독사고처리중,126.5814,36.4389
2025-01-28 10:00,고속도로,종점,"(4차로,갓길)사고처리중",127.1065,36.0095
2025-01-28 10:00,고속도로,기점,(갓길)승용차관련사고처리중,126.9718,37.0313
2025-01-28 10:00,고속도로,기점,(2차로)사고처리중,127.1937,35.8085
2025-01-28 10:00,고속도로,기점,(1차로)승용차단독사고처리중,126.8384,36.2873
2025-01-28 10:00,고속도로,종점,(3차로)승용차사고처리중,128.2503,37.5161
2025-01-28 10:00,고속도로,종점,(갓길)승용차단독사고처리중,128.2942,37.0049
2025-01-28 10:00,고속도로,종점,(1차로)승용단독사고처리중,127.6602,35.9258
2025-01-28 10:00,고속도로,기점,(1차로)사고처리중,126.7693,36.059
2025-01-28 11:00,고속도로,종점,(2차로)승용차사고처리중,127.0917,37.0368
2025-01-28 11:00,고속도로,기점,(갓길)승용차관련사고처리중,127.1842,37.0109
2025-01-28 11:00,고속도로,종점,"(2차로,갓길)버스관련단독사고처리중",126.5814,36.4389
2025-01-28 11:00,고속도로,종점,(3차로)승용차사고처리중,128.2503,37.5161
2025-01-28 11:00,고속도로,종점,(1차로)승용차관련사고처리중,127.0242,37.0264
2025-01-28 12:00,고속도로,종점,버스관련사고처리중전면차단중 서안성으로우회바람,127.1984,37.0021
2025-01-28 12:00,고속도로,종점,(2차로)승용차관련사고처리중,128.2942,37.0049
2025-01-28 12:00,고속도로,기점,(1차로)버스관련사고처리중,126.9983,35.7694
2025-01-28 13:00,고속도로,기점,(2차로)버스관련사고처리중,126.9983,35.7694
2025-01-28 13:00,고속도로,종점,(2차로)승용차관련사고처리중,126.7747,36.1898
2025-01-28 13:00,고속도로,종점,(1차로)승용차사고처리중,127.2992,37.4216
2025-01-28 15:00,고속도로,기점,(2차로)사고처리중,126.5572,36.662
2025-01-28 16:00,고속도로,종점,(3차로)승용차관련사고처리중,126.8267,37.4401
2025-01-28 17:00,고속도로,기점,(갓길)화물차관련사고처리중,127.0464,37.0246
2025-01-28 17:00,고속도로,종점,(갓길)승용차관련사고처리중,128.2247,36.3421
2025-01-28 18:00,고속도로,종점,(4차로)승용차단독사고처리중,128.623,35.917
2025-01-28 18:00,고속도로,종점,(1차로)승용차사고처리중,127.1891,36.9032
2025-01-28 18:00,고속도로,기점,(갓길)화물차사고처리중,128.1395,37.1369
2025-01-28 18:00,고속도로,기점,"(1,2,3차로)승용차버스추돌사고처리중",127.1891,36.9032
2025-01-28 19:00,고속도로,종점,(갓길)승용차화재사고처리중,127.4106,36.9578
2025-01-28 19:00,고속도로,기점,(1차로)승용차관련사고처리중,128.5047,35.3239
2025-01-28 19:00,고속도로,종점,(진출로갓길)승용차사고처리중,127.1182,36.4893
2025-01-28 19:00,고속도로,기점,"(2차로,갓길)사고처리중",127.2652,35.8027
2025-01-28 19:00,고속도로,기점,"(1,2차로)승용차버스추돌사고처리중",127.1891,36.9032
2025-01-28 20:00,고속도로,기점,"(1,2차로)승용차버스추돌사고처리중",127.1891,36.9032
2025-01-28 20:00,고속도로,종점,(5차로)승용차관련사고처리중,126.7536,37.5721
2025-01-28 20:00,고속도로,종점,"(2차로,갓길)승용차화재사고처리중",127.4106,36.9578
2025-01-28 20:00,고속도로,기점,(2차로)승용차관련사고처리중,127.9841,36.7666
2025-01-28 21:00,고속도로,종점,(갓길)승용차사고처리중,126.6098,36.8454
2025-01-28 23:00,고속도로,기점,(진출로1차로)사고처리중,126.8692,37.3696
2025-01-28 23:00,고속도로,기점,(진출로2차로)승용차단독사고처리중,126.8886,37.0543
2025-01-28 23:00,고속도로,종점,(1차로)승용차사고처리중,126.5829,36.8217
2025-01-29 00:00,고속도로,기점,(갓길)승용차사고처리중,126.8057,35.4333
2025-01-29 00:00,고속도로,기점,(진출로2차로)승용차단독사고처리중,126.8886,37.0543
2025-01-29 00:00,고속도로,기점,(갓길)승용차사고처리중,126.6812,36.0996
2025-01-29 00:00,고속도로,종점,(2차로)승합차관련사고처리중,127.6833,36.4689
2025-01-29 00:00,고속도로,기점,(갓길)단독사고처리중(승용),126.8006,35.4564
2025-01-29 01:00,고속도로,기점,(진출로2차로)승용차단독사고처리중,126.8886,37.0543
2025-01-29 02:00,고속도로,종점,(갓길)승용차관련사고처리중,128.2381,37.0444
2025-01-29 02:00,고속도로,기점,(2차로)승용차단독사고처리중,127.3054,35.4049
2025-01-29 03:00,고속도로,종점,(갓길)승용차관련사고처리중,128.2381,37.0444
2025-01-29 03:00,고속도로,종점,(2차로)화물차사고처리중,126.9512,36.5736
2025-01-29 04:00,고속도로,기점,(갓길)승용차단독사고처리중,127.233,35.8648
2025-01-29 05:00,고속도로,종점,(2차로)승용차사고처리중,127.4178,36.6401
2025-01-29 07:00,고속도로,종점,(1차로)승용차사고처리중,126.7747,36.1898
2025-01-29 08:00,고속도로,종점,(2차로)승용차관련추돌사고처리중,126.8934,35.2615
2025-01-29 08:00,고속도로,종점,(2차로)승용차단독사고처리중,126.741,35.1271
2025-01-29 09:00,고속도로,기점,(1차로)화물차사고처리중,128.7746,37.678
2025-01-29 09:00,고속도로,종점,(갓길)승용차관련사고처리중,128.4505,35.7173
2025-01-29 10:00,고속도로,기점,"(2차로,갓길)승용차관련사고처리중",127.2419,36.9776
2025-01-29 11:00,고속도로,기점,(1차로)승용차관련사고처리중,127.3627,37.634
2025-01-29 11:00,고속도로,종점,(갓길)승용차관련사고처리중,127.9145,35.0503
2025-01-29 11:00,고속도로,기점,(1차로)승용차관련사고처리중,127.6307,37.1662
2025-01-29 12:00,고속도로,기점,(3차로)사고처리중,126.7508,37.4779
2025-01-29 12:00,고속도로,종점,(2차로)승용차관련사고처리중,126.7502,35.6948
2025-01-29 12:00,고속도로,종점,(3차로)승용차관련사고처리중,128.9319,35.9085
2025-01-29 12:00,고속도로,기점,(4차로)사고처리중,126.8188,37.4349
2025-01-29 12:00,고속도로,종점,(갓길)사고처리중,126.8079,37.4464
2025-01-29 13:00,고속도로,종점,(5차로)승용차관련사고처리중,127.1033,37.3543
2025-01-29 13:00,고속도로,기점,(갓길)사고처리중,126.8188,37.4349
2025-01-29 13:00,고속도로,종점,(2차로)승용차관련사고처리중,127.1035,37.3273
2025-01-29 14:00,고속도로,종점,(갓길)승용차관련사고처리중,126.892,37.416
2025-01-29 14:00,고속도로,종점,(4차로)승용차관련사고처리중,126.7179,37.4339
2025-01-29 15:00,고속도로,기점,(2차로)승용차관련사고확인중,127.2921,36.267
2025-01-29 15:00,고속도로,종점,(2차로)승용차관련사고처리중,126.9656,37.2124
2025-01-29 16:00,고속도로,기점,(1차로)승용차단독사고처리중,127.5203,35.0103
2025-01-29 17:00,고속도로,종점,(갓길)승용차관련사고처리중,129.086,35.8427
2025-01-29 17:00,고속도로,기점,(2차로)승용차사고처리중,127.3237,36.7235
2025-01-29 17:00,고속도로,기점,(1차로)승용차단독사고처리중,127.5203,35.0103
2025-01-29 17:00,고속도로,종점,"(1,2차로)승용차사고처리중",126.9649,37.2071
2025-01-29 19:00,고속도로,기점,(1차로)승용차관련사고처리중,128.5221,36.0369
2025-01-29 19:00,고속도로,종점,(2차로)승용차관련사고처리중,128.4919,35.2635
2025-01-29 19:00,고속도로,기점,(2차로)승용차사고처리중,126.7698,37.4596
2025-01-29 20:00,고속도로,기점,"(3차로,갓길)승용차관련사고처리중",126.8323,37.4402
2025-01-29 21:00,고속도로,종점,(2차로)사고처리중,126.8954,37.4264
2025-01-29 21:00,고속도로,종점,"(1차로,갓길)사고처리중",126.7998,37.6189
2025-01-30 06:00,고속도로,기점,"(2차로,갓길)버스관련사고처리중",128.2391,35.0648
2025-01-30 07:00,고속도로,기점,"(2차로,갓길)버스관련사고처리중",128.2391,35.0648
2025-01-30 10:00,고속도로,종점,(3차로)승용차관련사고처리중,127.3296,36.721
2025-01-30 10:00,고속도로,종점,(1차로)사고처리중,126.683,35.5012
2025-01-30 11:00,고속도로,종점,(1차로)승용차관련사고처리중,126.8787,37.3259
2025-01-30 12:00,고속도로,기점,"(1,2차로)승용차사고처리중",126.7891,36.6678
2025-01-30 12:00,고속도로,기점,(갓길)승용차추돌사고처리중,126.9485,35.2165
2025-01-30 12:00,고속도로,기점,(1차로)승용차관련사고처리중,128.31,37.5459
2025-01-30 12:00,고속도로,종점,(1차로)추돌사고처리중,127.258,35.7016
2025-01-30 13:00,고속도로,기점,(갓길)승용차사고처리중,127.1518,37.603
2025-01-30 13:00,고속도로,기점,(1차로)승용차관련사고처리중,126.9283,37.3282
2025-01-30 13:00,고속도로,종점,(1차로)승용차관련사고처리중,127.7229,37.0743
2025-01-30 13:00,고속도로,종점,(1차로)승용차관련사고처리중,128.4618,35.604
2025-01-30 14:00,고속도로,종점,(1차로)승용차관련사고처리중,128.1638,37.7971
2025-01-30 14:00,고속도로,종점,(1차로)승용차관련사고처리중,127.7259,36.2745
2025-01-30 14:00,고속도로,종점,(갓길)사고처리중,127.1456,37.6083
2025-01-30 15:00,고속도로,기점,(1차로)승용차관련사고처리중,128.5768,36.2683
2025-01-30 15:00,고속도로,기점,(갓길)승용차추돌사고처리완료,128.444,35.631
2025-01-30 15:00,고속도로,종점,"(1,2차로)승용차관련사고처리완료",129.0454,35.3622
2025-01-30 15:00,고속도로,종점,(1차로)승용차관련추돌사고처리중,126.4986,34.9149
2025-01-30 15:00,고속도로,종점,(1차로)승용차관련사고처리중,128.489,35.5305
2025-01-30 15:00,고속도로,종점,(1차로)승용차사고처리중,127.4618,36.9424
2025-01-30 16:00,고속도로,종점,(2차로)승용차2대관련사고처리중,126.7321,35.6701
2025-01-30 17:00,고속도로,종점,(2차로)사고처리중,126.8917,37.4588
2025-01-30 17:00,고속도로,종점,"(1,2차로)승용차3관련사고처리중",126.8345,35.9488
2025-01-30 17:00,고속도로,종점,(1차로)사고처리중,127.4828,36.2288
2025-01-30 19:00,고속도로,종점,(5차로)사고처리중,127.1327,37.0729
2025-01-30 22:00,고속도로,종점,(1차로)중앙분리대녹지대승용차단독사고처리중,126.7088,35.3757
2025-01-31 00:00,고속도로,종점,(갓길)승용차관련사고처리중,128.0457,37.4495
2025-01-31 08:00,고속도로,기점,(갓길)승용차사고처리중,128.8202,35.1859
2025-01-31 08:00,고속도로,기점,(갓길)승용차사고처리중,128.8513,35.2201
2025-01-31 11:00,고속도로,종점,(2차로)화물차관련사고처리중,128.2937,36.376
2025-01-31 11:00,고속도로,종점,(1차로)승용차관련사고처리중,128.0517,36.7474
2025-01-31 12:00,고속도로,기점,(1차로)사고처리중,126.7543,37.4744
2025-01-31 12:00,고속도로,종점,(1차로)승용차관련사고처리중,128.9744,35.2063
2025-01-31 13:00,고속도로,종점,(2차로)사고처리중,127.1722,37.2808
2025-01-31 13:00,고속도로,기점,(진출로1차로)사고처리중,126.8714,37.3961
2025-01-31 14:00,고속도로,기점,(갓길)승용차화재사고처리중,127.0588,37.0249
2025-01-31 14:00,고속도로,종점,(1차로)승용차관련사고처리중,128.0067,36.7484
2025-01-31 15:00,고속도로,종점,(1차로)승용차관련사고처리중,128.0495,36.7473
2025-01-31 16:00,고속도로,기점,(진입로갓길)승용차관련사고처리중,127.0514,37.2991
2025-01-31 18:00,고속도로,기점,(갓길)승용차관련추돌사고처리중,127.6628,34.9732
2025-01-31 19:00,고속도로,기점,(갓길)승용차단독사고처리중,127.592,37.2267
2025-01-31 22:00,고속도로,기점,(4차로)승용차사고처리중,127.0202,37.3928
2025-01-31 23:00,고속도로,기점,(4차로)승용차사고처리중,127.0202,37.3928
2025-02-01 00:00,고속도로,기점,(4차로)화물차사고처리중,127.1769,37.5544
2025-02-01 02:00,고속도로,기점,(갓길)승용차사고처리중,127.5267,37.3714
2025-02-01 02:00,고속도로,기점,(1차로)대형화물차관련사고처리중,127.9902,36.7603
2025-02-01 03:00,고속도로,기점,(1차로)대형화물차관련사고처리중,127.9902,36.7603
2025-02-01 09:00,고속도로,종점,"(1,2차로)승용차단독사고처리중",127.653,35.5379
2025-02-01 09:00,고속도로,종점,(갓길)승용차단독사고처리중,127.8523,35.5796
2025-02-01 10:00,고속도로,종점,(진출로2차로)승용차단독사고처리중,128.9851,35.2796
2025-02-01 11:00,고속도로,기점,"(2차로)승용차1대,승합차1대추돌사고처리중",126.5286,34.7572
2025-02-01 12:00,고속도로,기점,(5차로)승용차관련사고처리중,126.7503,37.5176
2025-02-01 12:00,고속도로,기점,(2차로)승용차단독사고처리중,129.0347,35.3308
2025-02-01 14:00,고속도로,기점,(1차로)승용차관련사고처리중,128.5806,35.289
2025-02-01 14:00,고속도로,종점,(3차로)승용차화재사고처리중,128.9672,36.0538
2025-02-01 15:00,고속도로,종점,(1차로)승용차사고처리중,127.2495,37.4668
2025-02-01 16:00,고속도로,종점,(1차로)승용차관련사고처리중,128.1465,36.6365
2025-02-01 16:00,고속도로,종점,(갓길)사고처리중,126.7998,37.6189
2025-02-01 16:00,고속도로,기점,(1차로)승용차관련사고처리중,127.603,36.4919
2025-02-01 17:00,고속도로,기점,(갓길)승용차사고처리중,126.701,37.4335
2025-02-01 17:00,고속도로,기점,"(1,4차로)승용차관련사고처리중",128.9951,35.2854
2025-02-01 17:00,고속도로,종점,(5차로)승용차관련사고처리중,127.1003,37.3992
2025-02-01 19:00,고속도로,종점,(진출로갓길)승용차단독사고처리중,126.9293,35.1921
2025-02-01 19:00,고속도로,종점,"(4차로,갓길)사고처리중",126.7779,37.5987
2025-02-01 20:00,고속도로,종점,(2차로)승용차관련사고처리중,127.6044,37.2144
2025-02-01 21:00,고속도로,기점,(갓길)승용차관련사고처리중,129.2769,35.434
2025-02-01 21:00,고속도로,종점,(구서방향램프)승용차단독사고처리중,129.0375,35.3322
2025-02-01 23:00,고속도로,종점,"(1,2차로,갓길)화물차관련사고처리중",128.8354,35.879
2025-02-02 03:00,고속도로,기점,(갓길)단독사고처리중,126.728,35.6637
2025-02-02 04:00,고속도로,종점,(갓길)승용차관련사고처리중,126.8183,37.5229
2025-02-02 06:00,고속도로,기점,(2차로)승용차관련추돌사고처리중,127.0773,35.3482
2025-02-02 07:00,고속도로,종점,(갓길)화물차사고처리중,129.0247,35.8922
2025-02-02 09:00,고속도로,종점,(갓길)승용차사고처리중,127.0898,37.1626
2025-02-02 11:00,고속도로,종점,(2차로)추돌사고처리중,127.0367,37.4668
2025-02-02 11:00,고속도로,기점,"(진출로2차로,갓길)화물차단독사고처리중",128.7211,35.2824
2025-02-02 11:00,고속도로,기점,(5차로)사고처리중,127.1774,36.7752
2025-02-02 13:00,고속도로,종점,"(1차로,갓길)승용차관련사고처리중",128.0944,36.7246
2025-02-02 14:00,고속도로,기점,(1차로)추돌사고처리중,127.1231,37.4186
2025-02-02 14:00,고속도로,종점,(1차로)승용차관련사고처리중,128.054,36.7474
2025-02-02 14:00,고속도로,종점,(1차로)승용차관련사고처리중,127.0669,35.2614
2025-02-02 15:00,고속도로,종점,(1차로)승용차관련사고처리중,128.542,35.2887
2025-02-02 15:00,고속도로,종점,"(2,3차로)승용차관련사고처리중",127.1033,37.3543
2025-02-02 15:00,고속도로,종점,(1차로)승용차관련사고처리중,127.9837,36.7683
2025-02-02 16:00,고속도로,기점,(4차로)승용차관련사고처리중,127.1797,37.5789
2025-02-02 16:00,고속도로,기점,(1차로)승용차관련사고처리중,127.6307,37.1662
2025-02-02 16:00,고속도로,종점,"(2,3차로)승용차관련사고처리중",127.1033,37.3543
2025-02-02 17:00,고속도로,기점,(1차로)승용차사고처리중,128.3865,37.5673
2025-02-02 21:00,고속도로,종점,(2차로)화물차관련사고처리중,127.4434,37.1274
2025-02-03 01:00,고속도로,기점,(2차로)승용차사고처리중,128.2381,37.0444
2025-02-03 06:00,고속도로,기점,(5차로)화물차관련사고처리중,126.7292,37.4333
2025-02-03 06:00,고속도로,종점,"(4,5차로)승용차관련사고처리중",127.0843,37.1508
2025-02-03 07:00,고속도로,기점,(1차로)승용차관련사고처리중,127.1233,37.4419
2025-02-03 07:00,고속도로,기점,(갓길)승용차관련사고처리중,126.7522,37.5283
2025-02-03 07:00,고속도로,종점,"(1차로,갓길)승용차관련사고처리중",129.1882,35.4976
2025-02-03 07:00,고속도로,기점,(6차로)화물차사고처리중,126.7631,37.4321
2025-02-03 08:00,고속도로,종점,(1차로)사고처리중,126.7866,37.6043
2025-02-03 08:00,고속도로,종점,(6차로)사고처리중,126.7631,37.4321
2025-02-03 08:00,고속도로,종점,(1차로)화물차관련사고처리중,129.0241,35.3244
2025-02-03 09:00,고속도로,종점,(6차로)사고처리중,126.7631,37.4321
2025-02-03 09:00,고속도로,종점,(진출로3차로)승용차사고처리중,128.7016,35.8936
2025-02-03 10:00,고속도로,종점,"(1,2차로)화물차관련사고처리중",128.3596,35.7537
2025-02-03 10:00,고속도로,종점,"(4,5차로)사고처리중",127.1456,37.5064
2025-02-03 10:00,고속도로,종점,"(2,3차로)승용차사고처리중",126.8646,37.4344
2025-02-03 10:00,고속도로,기점,"(3,4차로)화물차전도사고처리중",127.3929,37.24
2025-02-03 11:00,고속도로,종점,(갓길)사고처리중,127.1456,37.5064
2025-02-03 11:00,고속도로,기점,"(3,4차로)화물차전도사고처리중",127.3929,37.24
2025-02-03 12:00,고속도로,종점,"(1,2차로)사고처리중",126.7884,36.0448
2025-02-03 13:00,고속도로,종점,(갓길)사고처리완료,126.7884,36.0448
2025-02-03 14:00,고속도로,종점,(1차로)승용차사고처리중,127.5427,37.6944
2025-02-03 16:00,고속도로,종점,"(2차로,갓길)사고처리중",127.6568,35.6876
2025-02-03 17:00,고속도로,기점,(1차로)승용차단독사고처리중,127.0037,34.7648
2025-02-03 17:00,고속도로,종점,(1차로)승용차단독사고처리중,126.7746,36.1826
2025-02-03 18:00,고속도로,기점,(갓길)승용차관련사고처리중,127.0216,37.3128
2025-02-03 18:00,고속도로,종점,(진출로1차로)화물차단독사고처리중,128.4899,35.9072
2025-02-03 19:00,고속도로,기점,(4차로)승용차관련사고처리중,126.726,37.5238
2025-02-03 19:00,고속도로,기점,(1차로)화물차관련사고처리중,128.2613,36.2094
2025-02-03 19:00,고속도로,종점,"(2차로,갓길)승용차단독사고처리중",128.4574,35.8746
2025-02-03 19:00,고속도로,기점,(갓길)화물차관련사고처리중,127.4273,36.5866
2025-02-03 21:00,고속도로,종점,(진출로3차로)승용차관련사고처리중,126.8645,37.3701
2025-02-04 01:00,고속도로,기점,(2차로)승용차단독사고처리중,128.014,35.2056
2025-02-04 06:00,고속도로,종점,(2차로)중형화물차관련사고처리중,128.2007,36.4674
2025-02-04 06:00,고속도로,기점,"(3,4,5차로)사고처리중",127.0868,37.4135
2025-02-04 06:00,고속도로,기점,(진입로2차로)승용차관련사고처리중,126.755,37.4655
2025-02-04 09:00,고속도로,기점,(1차로)승용차관련사고처리중,126.8865,37.3152
2025-02-04 09:00,고속도로,종점,(진출로갓길)사고확인중,127.3174,36.2905
2025-02-04 09:00,고속도로,종점,(갓길)승용차단독사고처리중,126.4991,34.9086
2025-02-04 09:00,고속도로,종점,(3차로)사고처리중,127.1753,37.5587
2025-02-04 10:00,고속도로,기점,"(1,2차로)화물차관련사고처리중",126.6677,35.4488
2025-02-04 10:00,고속도로,목포방향,사고처리중(순찰반 이동중),126.668501,35.451738
2025-02-06 02:00,고속도로,종점,버스정류내사고처리중,127.1038,37.2714
2025-02-06 04:00,고속도로,기점,"(1,2차로)승용차사고처리중",127.8394,37.3217
2025-02-06 07:00,고속도로,종점,(진출로갓길)대형화물차단독사고처리중,128.1432,37.1324
2025-02-06 07:00,고속도로,종점,"(1,2차로)사고처리중",127.3555,37.3089
2025-02-06 08:00,고속도로,종점,"(1차로,갓길)승용차추돌사고처리중",127.399,36.4092
2025-02-06 08:00,고속도로,종점,"(1,2차로)사고처리중",127.3555,37.3089
2025-02-06 08:00,고속도로,종점,(1차로)승용차관련사고처리중,126.6953,37.4333
2025-02-06 08:00,고속도로,종점,(4차로)사고처리중,126.9167,37.3739
2025-02-06 08:00,고속도로,종점,(갓길)승용차단독사고처리중,126.6279,35.0762
2025-02-06 09:00,고속도로,종점,"(1,2차로)사고처리중",127.3555,37.3089
2025-02-06 10:00,고속도로,종점,(5차로)버스관련사고처리중,127.1411,37.4982
2025-02-06 11:00,고속도로,기점,(1차로)승용차관련사고처리중,127.1818,37.5175
2025-02-06 12:00,고속도로,종점,(1차로)승용차추돌사고처리중,127.399,36.4092
2025-02-06 12:00,고속도로,종점,(1차로)승용차관련사고처리중,127.2266,36.7456
2025-02-06 12:00,고속도로,종점,"(3,4차로)화물차관련사고처리중",126.7478,37.5478
2025-02-06 13:00,고속도로,종점,(갓길)중형화물차단독사고처리중,127.2053,35.2333
2025-02-06 13:00,고속도로,종점,(갓길)사고처리중,127.1479,37.6063
2025-02-06 13:00,국도,김해방향,국도25 밀양 연금육교 김해방향 낙하물로 인해 2차로 부분통제,128.768868,35.423891
2025-02-06 14:00,고속도로,종점,(갓길)중형화물차단독사고처리중,127.2053,35.2333
2025-02-06 14:00,국도,김해방향,국도25 밀양 연금육교 김해방향 낙하물로 인해 2차로 부분통제,128.768868,35.423891
2025-02-06 15:00,국도,김해방향,국도25 밀양 연금육교 김해방향 낙하물로 인해 2차로 부분통제,128.768868,35.423891
2025-02-06 15:00,고속도로,종점,(갓길)승용차사고처리중,129.0846,35.4666
2025-02-06 16:00,국도,김해방향,국도25 밀양 연금육교 김해방향 낙하물로 인해 2차로 부분통제,128.768868,35.423891
2025-02-06 17:00,고속도로,기점,(1차로)승용차관련사고처리중,127.3685,37.6341
2025-02-06 17:00,고속도로,종점,(2차로)승용차사고처리중,126.5742,36.8111
2025-02-06 17:00,국도,김해방향,국도25 밀양 연금육교 김해방향 낙하물로 인해 2차로 부분통제,128.768868,35.423891
2025-02-06 17:00,고속도로,종점,(1차로)승용차관련사고처리중,128.5577,35.2909
2025-02-06 18:00,국도,김해방향,국도25 밀양 연금육교 김해방향 낙하물로 인해 2차로 부분통제,128.768868,35.423891
2025-02-06 18:00,고속도로,기점,(갓길)승용차사고처리중,127.4463,37.2369
2025-02-06 19:00,국도,김해방향,국도25 밀양 연금육교 김해방향 낙하물로 인해 2차로 부분통제,128.768868,35.423891
2025-02-06 19:00,고속도로,종점,(4차로)승용차관련사고처리중,127.2116,37.256
2025-02-06 19:00,고속도로,종점,"(3,4차로)화물차관련사고처리중",126.887,37.3283
2025-02-06 20:00,고속도로,종점,(대곡역진출로2차로)사고처리중,126.8046,37.6359
2025-02-06 20:00,고속도로,기점,"(2,3차로)사고처리중",127.1348,37.48
2025-02-06 20:00,국도,김해방향,국도25 밀양 연금육교 김해방향 낙하물로 인해 2차로 부분통제,128.768868,35.423891
2025-02-06 20:00,고속도로,기점,(대곡역진출로2차로)사고처리중,126.8046,37.6359
2025-02-06 21:00,고속도로,종점,(2차로)승용차단독사고처리중,127.2944,36.9742
2025-02-06 21:00,고속도로,기점,(갓길)추돌사고처리중,126.6909,35.5439
2025-02-06 21:00,고속도로,기점,(1차로)사고처리중,127.3161,37.3808
2025-02-06 21:00,고속도로,종점,구리휴게소출구부사고처리,127.1363,37.6311
2025-02-06 21:00,국도,김해방향,국도25 밀양 연금육교 김해방향 낙하물로 인해 2차로 부분통제,128.768868,35.423891
2025-02-06 22:00,고속도로,기점,(갓길)화물차사고처리중,128.5092,35.4759
2025-02-06 22:00,고속도로,기점,(1차로)승용차관련추돌사고처리중,126.9051,35.184
2025-02-06 22:00,고속도로,기점,(갓길)사고처리중,127.1065,36.0095
2025-02-06 22:00,국도,김해방향,국도25 밀양 연금육교 김해방향 낙하물로 인해 2차로 부분통제,128.768868,35.423891
2025-02-06 23:00,고속도로,기점,(갓길)화물차사고처리중,128.5092,35.4759
2025-02-06 23:00,국도,김해방향,국도25 밀양 연금육교 김해방향 낙하물로 인해 2차로 부분통제,128.768868,35.423891
2025-02-07 00:00,고속도로,기점,(갓길)화물차사고처리중,128.5092,35.4759
2025-02-07 00:00,고속도로,종점,(5차로)화물차관련사고처리중,127.0463,37.4567
2025-02-07 00:00,국도,김해방향,국도25 밀양 연금육교 김해방향 낙하물로 인해 2차로 부분통제,128.768868,35.423891
2025-02-07 01:00,고속도로,기점,(갓길)화물차사고처리중,128.5092,35.4759
2025-02-07 01:00,고속도로,기점,(2차로)화물차관련사고처리중,126.9249,35.6603
2025-02-07 01:00,국도,김해방향,국도25 밀양 연금육교 김해방향 낙하물로 인해 2차로 부분통제,128.768868,35.423891
2025-02-07 02:00,고속도로,기점,(2차로)화물차관련사고처리중,126.9249,35.6603
2025-02-07 02:00,국도,김해방향,국도25 밀양 연금육교 김해방향 낙하물로 인해 2차로 부분통제,128.768868,35.423891
2025-02-07 03:00,고속도로,종점,(갓길)승용차단독사고처리중,128.7597,35.2467
2025-02-07 03:00,고속도로,종점,(갓길)승용차단독사고처리중,127.8619,35.5882
2025-02-07 03:00,국도,김해방향,국도25 밀양 연금육교 김해방향 낙하물로 인해 2차로 부분통제,128.768868,35.423891
2025-02-07 04:00,국도,김해방향,국도25 밀양 연금육교 김해방향 낙하물로 인해 2차로 부분통제,128.768868,35.423891
2025-02-07 05:00,국도,김해방향,국도25 밀양 연금육교 김해방향 낙하물로 인해 2차로 부분통제,128.768868,35.423891
2025-02-07 05:00,고속도로,기점,(3차로)화물차사고처리중,127.0874,37.0357
2025-02-07 05:00,고속도로,기점,"(2,3차로)화물차사고처리중",126.9213,37.0487
2025-02-07 06:00,고속도로,종점,"(1,2차로,갓길)대형화물차관련사고처리중",127.6612,37.1287
2025-02-07 06:00,고속도로,기점,"(2,3차로)화물차사고처리중",126.9213,37.0487
2025-02-07 06:00,고속도로,기점,(3차로)화물차사고처리중,127.0874,37.0357
2025-02-07 06:00,고속도로,종점,(갓길)승용차단독사고처리중,127.6437,35.8106
2025-02-07 06:00,고속도로,기점,"(1,2,3차로)화물차관련사고처리중",126.8763,37.0291
2025-02-07 06:00,고속도로,종점,"(1,2,3차로)화물차사고처리중 우회이용바랍니다",126.971,37.0319
2025-02-07 06:00,고속도로,종점,(진출로1차로)화물차관련사고처리중,126.8894,37.0576
2025-02-07 06:00,고속도로,기점,(갓길)화물차사고처리중,127.229,36.9875
2025-02-07 06:00,고속도로,기점,"(1,2,3차로)화물차사고처리중",127.1092,37.0345
2025-02-07 06:00,국도,김해방향,국도25 밀양 연금육교 김해방향 낙하물로 인해 2차로 부분통제,128.768868,35.423891
2025-02-07 06:00,고속도로,기점,(1차로)대형화물차단독사고처리중,127.2903,36.9728
2025-02-07 07:00,고속도로,기점,"(2,3차로)화물차사고처리중",126.9213,37.0487
2025-02-07 07:00,고속도로,종점,(갓길)화물차사고처리중,127.3186,37.0025
2025-02-07 07:00,고속도로,종점,"(2차로,갓길)대형화물차관련사고처리중 국도우회",127.6612,37.1287
2025-02-07 07:00,고속도로,기점,(1차로)대형화물차단독사고처리중,127.2903,36.9728
2025-02-07 07:00,고속도로,기점,"(1,2,3차로)화물차관련사고처리중",126.8763,37.0291
2025-02-07 07:00,고속도로,종점,(진출로1차로)화물차관련사고처리중,126.8894,37.0576
2025-02-07 07:00,고속도로,종점,"(1,2차로)화물차사고처리중",126.971,37.0319
2025-02-07 07:00,고속도로,종점,"(2차로,갓길)화물차관련사고처리중",127.491,36.8174
2025-02-07 07:00,고속도로,기점,(다차로하이패스1차로)승용차사고처리중,126.971,37.0319
2025-02-07 07:00,고속도로,기점,"(1,2,3차로)화물차사고처리중",127.1092,37.0345
2025-02-07 07:00,고속도로,기점,(3차로)화물차사고처리중,127.0874,37.0357
2025-02-07 07:00,고속도로,종점,"(진입로2차로,갓길)대형화물차전도사고처리중",127.3065,35.4082
2025-02-07 07:00,국도,김해방향,국도25 밀양 연금육교 김해방향 낙하물로 인해 2차로 부분통제,128.768868,35.423891
2025-02-07 07:00,고속도로,종점,(갓길)승용차관련사고처리중,127.7146,37.2491
2025-02-07 08:00,고속도로,종점,"(2차로,갓길)대형화물차관련사고처리중 국도우회",127.6612,37.1287
2025-02-07 08:00,고속도로,종점,"(2차로,갓길)대형화물차관련사고처리중",127.4142,36.9557
2025-02-07 08:00,고속도로,기점,(3차로)화물차사고처리중,126.9213,37.0487
2025-02-07 08:00,고속도로,종점,(갓길)승용차사고처리중,127.252,37.2414
2025-02-07 08:00,고속도로,기점,(갓길)승용차단독사고처리중,127.8513,37.0588
2025-02-07 08:00,고속도로,기점,"(1,2,3차로)화물차관련사고처리중",126.8763,37.0291
2025-02-07 08:00,고속도로,종점,"(1,2차로)화물차사고처리중",126.971,37.0319
2025-02-07 08:00,고속도로,기점,(4차로)승용차관련사고처리중,127.4782,37.2458
2025-02-07 08:00,고속도로,종점,"(2차로,갓길)화물차관련사고처리중",127.491,36.8174
2025-02-07 08:00,고속도로,기점,(다차로하이패스1차로)승용차사고처리중,126.971,37.0319
2025-02-07 08:00,고속도로,기점,(1차로)승용차단독사고처리중,127.4451,37.1131
2025-02-07 08:00,고속도로,기점,(1차로)화물차사고처리중,127.1092,37.0345
2025-02-07 08:00,고속도로,기점,(3차로)화물차사고처리중,127.0874,37.0357
2025-02-07 08:00,국도,김해방향,국도25 밀양 연금육교 김해방향 낙하물로 인해 2차로 부분통제,128.768868,35.423891
2025-02-07 08:00,고속도로,기점,(1차로)승용차단독사고처리중,127.6341,36.9968
2025-02-07 09:00,국도,김해방향,국도25 밀양 연금육교 김해방향 낙하물로 인해 2차로 부분통제,128.768868,35.423891
2025-02-07 09:00,고속도로,기점,(3차로)화물차사고처리중,127.0874,37.0357
2025-02-07 09:00,고속도로,종점,(1차로)승용차단독사고처리중,127.8306,37.758
2025-02-07 09:00,고속도로,기점,(2차로)대형화물차관련사고처리중,127.3424,36.9818
2025-02-07 09:00,고속도로,기점,(다차로하이패스1차로)승용차사고처리중,126.971,37.0319
2025-02-07 09:00,고속도로,종점,"(2차로,갓길)화물차관련사고처리중",127.491,36.8174
2025-02-07 09:00,고속도로,종점,"(3차로,갓길)화물차관련사고처리중",126.6305,36.8578
2025-02-07 09:00,고속도로,기점,(1차로)승용차관련사고처리중,127.3618,37.3018
2025-02-07 09:00,고속도로,기점,(3차로)화물차사고처리중,126.9213,37.0487
2025-02-07 10:00,고속도로,종점,"(3차로,갓길)화물차관련사고처리중",126.6305,36.8578
2025-02-07 10:00,고속도로,종점,(갓길)승용차관련사고처리중,127.491,36.8174
2025-02-07 10:00,고속도로,기점,(진입로갓길)대구방향진입램프사고처리중,128.5602,36.2019
2025-02-07 10:00,고속도로,기점,(3차로)화물차사고처리중,127.0874,37.0357
2025-02-07 10:00,고속도로,종점,(진입로)사고처리중,127.1352,37.0643
2025-02-07 10:00,국도,김해방향,국도25 밀양 연금육교 김해방향 낙하물로 인해 2차로 부분통제,128.768868,35.423891
2025-02-07 11:00,고속도로,기점,"(2차로,갓길)화물차사고처리중",128.5545,36.1893
2025-02-07 11:00,고속도로,기점,(3차로)화물차사고처리중,127.0874,37.0357
2025-02-07 11:00,고속도로,기점,(2차로)승용차관련사고처리중,126.7543,37.4744
2025-02-07 11:00,고속도로,기점,"(2차로,갓길)사고처리중",127.9864,35.7084
2025-02-07 11:00,국도,김해방향,국도25 밀양 연금육교 김해방향 낙하물로 인해 2차로 부분통제,128.768868,35.423891
2025-02-07 11:00,고속도로,기점,(진출로갓길)승용차사고처리중,127.1626,37.0319
2025-02-07 11:00,고속도로,기점,(1차로)승용차사고처리중,126.9314,37.0487
2025-02-07 11:00,고속도로,기점,(2차로)화물차사고처리중,126.9071,37.3226
2025-02-07 11:00,고속도로,기점,(갓길)승용차단독사고처리중,126.6614,35.41
2025-02-07 11:00,고속도로,종점,(갓길)중형화물차단독사고처리중,126.6237,36.1364
2025-02-07 11:00,고속도로,기점,"(1,2차로)탱크로리(적재물:없음)사고처리중",126.5642,36.3429
2025-02-07 11:00,고속도로,종점,(진출로갓길)승용차사고처리중,127.1626,37.0319
2025-02-07 12:00,국도,김해방향,국도25 밀양 연금육교 김해방향 낙하물로 인해 2차로 부분통제,128.768868,35.423891
2025-02-07 12:00,고속도로,기점,"(1,2차로)승용차관련사고처리중",127.1542,36.9943
2025-02-07 12:00,고속도로,기점,(4차로)승용차관련사고처리중,128.9931,35.2847
2025-02-07 12:00,고속도로,기점,(갓길)화물차사고처리중,129.2728,36.0491
2025-02-07 12:00,고속도로,종점,(1차로)소형화물차사고처리중,127.1069,36.059
2025-02-07 12:00,고속도로,기점,(2차로)사고처리중,127.2807,35.7982
2025-02-07 12:00,고속도로,기점,"(2차로,갓길)화물차사고처리중",128.5545,36.1893
2025-02-07 12:00,고속도로,종점,(1차로)승용차단독사고처리중,126.4966,34.8836
2025-02-07 12:00,고속도로,기점,(1차로)사고처리중,126.7543,37.4744
2025-02-07 13:00,고속도로,기점,"(1차로)승용차1대,중형화물차1대추돌사고처리중",127.091,35.3596
2025-02-07 13:00,고속도로,기점,(갓길)승용차사고처리중,126.5851,35.3605
2025-02-07 13:00,고속도로,종점,(1차로)승용차단독사고처리중,129.1016,36.0555
2025-02-07 13:00,고속도로,기점,(2차로)승용차단독사고처리중,126.923,35.2499
2025-02-07 13:00,고속도로,종점,(1차로)승용차단독사고처리중,126.4966,34.8836
2025-02-07 13:00,고속도로,종점,(갓길)사고처리중,128.482,37.6286
2025-02-07 13:00,고속도로,기점,"(1,2차로)버스관련사고처리중",127.1408,37.0286
2025-02-07 13:00,고속도로,종점,"(2,3차로)사고처리중",127.2737,35.8008
2025-02-07 13:00,고속도로,기점,(인천방향진입로갓길)사고처리중,127.0504,37.2996
2025-02-07 13:00,고속도로,기점,(3차로)화물차관련사고처리중,127.279,37.2428
2025-02-07 13:00,고속도로,기점,(2차로)사고처리중,129.2728,36.0491
2025-02-07 13:00,고속도로,기점,(갓길)승용차단독사고처리중,127.2599,35.6983
2025-02-07 13:00,국도,김해방향,국도25 밀양 연금육교 김해방향 낙하물로 인해 2차로 부분통제,128.768868,35.423891
2025-02-07 14:00,국도,김해방향,국도25 밀양 연금육교 김해방향 낙하물로 인해 2차로 부분통제,128.768868,35.423891
2025-02-07 14:00,고속도로,기점,(2차로)사고처리중,129.2728,36.0491
2025-02-07 14:00,고속도로,종점,(5차로)승용차관련사고처리중,126.7492,37.4813
2025-02-07 14:00,고속도로,종점,"(2,3차로)사고처리중",127.2737,35.8008
2025-02-07 14:00,고속도로,기점,(1차로)버스관련사고처리중,127.1408,37.0286
2025-02-07 14:00,고속도로,기점,(갓길)화물차관련사고처리중,126.7123,37.4338
2025-02-07 14:00,고속도로,기점,(2차로)승용차관련사고처리중,126.4434,35.0166
2025-02-07 15:00,국도,김해방향,국도25 밀양 연금육교 김해방향 낙하물로 인해 2차로 부분통제,128.768868,35.423891
2025-02-07 15:00,고속도로,기점,(2차로)승용차관련사고처리중,126.4511,35.0166
2025-02-07 15:00,고속도로,기점,(2차로)승용차단독사고처리중,126.7253,34.6954
2025-02-07 15:00,고속도로,종점,"(2,3차로)사고처리중",127.2737,35.8008
2025-02-07 15:00,고속도로,종점,(2차로)승용차관련사고처리중,127.516,35.7501
2025-02-07 15:00,고속도로,기점,(2차로)승용차관련사고처리중,126.4434,35.0166
2025-02-07 16:00,고속도로,기점,(2차로)승용차관련사고처리중,126.4511,35.0166
2025-02-07 16:00,고속도로,종점,"(2,3차로)승용차관련사고처리중",126.947,37.3792
2025-02-07 16:00,고속도로,종점,(2차로)화물차관련사고처리중,126.8959,37.4504
2025-02-07 16:00,고속도로,기점,(갓길)승용차관련사고처리중,127.3106,35.396
2025-02-07 16:00,고속도로,종점,(2차로)승용차관련사고처리중,127.516,35.7501
2025-02-07 16:00,고속도로,종점,(2차로)트레일러관련사고처리중,127.3134,35.3902
2025-02-07 16:00,고속도로,종점,(1차로)승용차관련사고처리중,126.8864,37.0845
2025-02-07 16:00,고속도로,기점,(4차로)화물차관련사고처리중,126.7547,37.47
2025-02-07 16:00,국도,김해방향,국도25 밀양 연금육교 김해방향 낙하물로 인해 2차로 부분통제,128.768868,35.423891
2025-02-07 16:00,고속도로,종점,"(2차로,갓길)승용차단독사고처리중",127.0345,35.246
2025-02-07 16:00,고속도로,기점,(갓길)승용차관련사고처리중,126.8188,37.4349
2025-02-07 17:00,고속도로,종점,(진입로갓길)승용차관련사고처리중,127.0514,37.2991
2025-02-07 17:00,국도,김해방향,국도25 밀양 연금육교 김해방향 낙하물로 인해 2차로 부분통제,128.768868,35.423891
2025-02-07 17:00,고속도로,기점,"(2차로,갓길)트레일러단독사고처리중",127.312,35.4379
2025-02-07 17:00,고속도로,종점,(5차로)추돌사고처리중,127.1012,37.3947
2025-02-07 17:00,고속도로,종점,(진출로갓길)승용차사고처리중,127.1828,37.5418
2025-02-07 17:00,고속도로,종점,(1차로)승용차관련사고처리중,127.7918,37.0358
2025-02-07 17:00,고속도로,종점,(2차로)트레일러관련사고처리중,127.3134,35.3902
2025-02-07 17:00,고속도로,기점,(갓길)사고처리중,127.1509,37.003
2025-02-07 17:00,고속도로,기점,(갓길)승용차관련사고처리중,127.3106,35.396
2025-02-07 17:00,고속도로,기점,(4차로)승용차관련사고처리중,127.045,37.3028
2025-02-07 17:00,고속도로,종점,(1차로)추돌사고처리중,127.1032,37.3813
2025-02-07 17:00,고속도로,기점,(2차로)승용차관련사고처리중,126.5959,35.3717
2025-02-07 17:00,고속도로,기점,(진입로갓길)승용차관련사고처리중,127.0514,37.2991
2025-02-07 17:00,고속도로,기점,(1차로)승용단독사고처리중,126.808,35.4397
2025-02-07 18:00,국도,김해방향,국도25 밀양 연금육교 김해방향 낙하물로 인해 2차로 부분통제,128.768868,35.423891
2025-02-07 18:00,고속도로,기점,"(2차로,갓길)트레일러단독사고처리중",127.312,35.4379
2025-02-07 18:00,고속도로,종점,(진출로갓길)승용차사고처리중,127.1828,37.5418
2025-02-07 18:00,고속도로,기점,"(1,2차로)승용차관련사고처리중",127.3106,35.396
2025-02-07 18:00,고속도로,기점,(갓길)승용차단독사고처리중,127.2965,35.4016
2025-02-07 18:00,고속도로,종점,(2차로)트레일러관련사고처리중,127.3134,35.3902
2025-02-07 18:00,고속도로,기점,(1차로)추돌사고처리중,127.0392,37.3945
2025-02-07 18:00,고속도로,기점,(갓길)승용단독사고처리중,127.4694,36.2686
2025-02-07 19:00,고속도로,종점,(1차로)승용차사고처리중,127.2495,37.4668
2025-02-07 19:00,국도,김해방향,국도25 밀양 연금육교 김해방향 낙하물로 인해 2차로 부분통제,128.768868,35.423891
2025-02-07 19:00,고속도로,기점,"(1,2차로,갓길)트레일러단독사고처리중(북남원IC우회중)",127.312,35.4379
2025-02-07 19:00,고속도로,기점,(2차로)승용차관련사고처리중,127.3106,35.396
2025-02-07 19:00,고속도로,종점,(2차로)트레일러관련사고처리중,127.3134,35.3902
2025-02-07 20:00,고속도로,종점,(2차로)트레일러관련사고처리중,127.3134,35.3902
2025-02-07 20:00,고속도로,기점,(2차로)승용차관련사고처리중,127.3106,35.396
2025-02-07 20:00,고속도로,기점,(진입로갓길)승용차단독사고처리중,127.428,37.2319
2025-02-07 20:00,고속도로,기점,"(1,2차로,갓길)트레일러단독사고처리중(북남원IC우회중)",127.312,35.4379
2025-02-07 20:00,국도,김해방향,국도25 밀양 연금육교 김해방향 낙하물로 인해 2차로 부분통제,128.768868,35.423891
2025-02-07 21:00,국도,김해방향,국도25 밀양 연금육교 김해방향 낙하물로 인해 2차로 부분통제,128.768868,35.423891
2025-02-07 21:00,고속도로,종점,(2차로)승용차단독사고처리중,126.5306,35.0423
2025-02-07 21:00,고속도로,기점,"(1,2차로,갓길)트레일러단독사고처리중(북남원IC우회중)",127.312,35.4379
2025-02-07 21:00,고속도로,기점,(2차로)승용차관련사고처리중,127.3106,35.396
2025-02-07 21:00,고속도로,종점,(2차로)트레일러관련사고처리중,127.3134,35.3902
2025-02-07 21:00,고속도로,기점,(갓길)승용차단독사고처리중,126.9817,35.2872
2025-02-07 21:00,고속도로,종점,(하이패스진출1차로)사고처리중,127.0958,37.2126
2025-02-07 22:00,고속도로,종점,(2차로)트레일러관련사고처리중,127.3134,35.3902
2025-02-07 22:00,국도,김해방향,국도25 밀양 연금육교 김해방향 낙하물로 인해 2차로 부분통제,128.768868,35.423891
2025-02-07 23:00,국도,김해방향,국도25 밀양 연금육교 김해방향 낙하물로 인해 2차로 부분통제,128.768868,35.423891
2025-02-08 00:00,국도,김해방향,국도25 밀양 연금육교 김해방향 낙하물로 인해 2차로 부분통제,128.768868,35.423891
2025-02-08 01:00,고속도로,종점,"(2,3차로)버스관련사고처리중",127.3085,36.7264
2025-02-08 02:00,고속도로,종점,"(2,3차로)버스관련사고처리중",127.3085,36.7264
2025-02-08 06:00,고속도로,기점,(진입로갓길)승용단독사고처리중,126.7565,37.5241
2025-02-08 06:00,고속도로,종점,"(3,4차로)승용차관련사고처리중",126.8754,37.3381
2025-02-08 09:00,고속도로,종점,"(2차로,갓길)화재사고처리중",127.4877,36.2187
2025-02-08 09:00,고속도로,기점,"(1차로,갓길)승용차관련사고처리중",128.1417,35.1671
2025-02-08 09:00,고속도로,종점,(2차로)승용차사고처리중,128.2711,37.5219
2025-02-08 09:00,고속도로,종점,(3차로)승용차관련사고처리중,128.1197,37.4711
2025-02-08 10:00,고속도로,종점,"(2차로,갓길)화재사고처리중",127.4877,36.2187
2025-02-08 10:00,고속도로,종점,(갓길)승용차관련추돌사고처리중,128.0529,36.7474
2025-02-08 10:00,고속도로,기점,"(1,2차로)승용차관련사고처리중",126.7543,37.4744
2025-02-08 10:00,고속도로,종점,(진출로갓길)승용차관련사고처리중,126.7543,37.5241
2025-02-08 10:00,고속도로,기점,"(2차로)중형화물차1대,대형화물차1대추돌사고처리중",126.8501,35.2753
2025-02-08 11:00,고속도로,기점,"(2차로)중형화물차1대,대형화물차1대추돌사고처리중",126.8501,35.2753
2025-02-08 11:00,고속도로,종점,(갓길)승용차관련사고처리중,126.8991,37.2818
2025-02-08 11:00,고속도로,종점,(1차로)승용차관련사고처리중,128.5287,36.0297
2025-02-08 11:00,고속도로,종점,(진출로갓길)승용차관련사고처리중,126.7543,37.5241
2025-02-08 11:00,고속도로,기점,"(1,2차로)승용차관련사고처리중",126.7543,37.4744
2025-02-08 12:00,고속도로,종점,(1차로)사고처리중,126.8801,37.1464
2025-02-08 12:00,고속도로,기점,(갓길)사고처리중,126.7678,37.5242
2025-02-08 12:00,고속도로,기점,"(2차로)중형화물차1대,대형화물차1대추돌사고처리중",126.8501,35.2753
2025-02-08 12:00,고속도로,종점,(1차로)승용차관련사고처리중,128.1641,37.4814
2025-02-08 12:00,고속도로,종점,"(5차로,갓길)사고처리중",127.1675,37.5706
2025-02-08 13:00,고속도로,종점,"(5차로,갓길)사고처리중",127.1675,37.5706
2025-02-08 14:00,고속도로,기점,(1차로)승용차관련사고처리중,126.7934,37.3537
2025-02-08 14:00,고속도로,기점,(2차로)사고처리중,127.1033,37.3543
2025-02-08 14:00,고속도로,종점,"(5차로,갓길)사고처리중",127.1675,37.5706
2025-02-08 14:00,고속도로,기점,"(4,5차로)추돌사고처리중",127.1388,37.6271
2025-02-08 15:00,고속도로,종점,"(5차로,갓길)승용차관련사고처리중",127.1003,37.3992
2025-02-08 15:00,고속도로,종점,(1차로)승용차사고처리중,127.1773,37.5536
2025-02-08 15:00,고속도로,기점,(1차로)승용차사고처리중,127.1214,37.4153
2025-02-08 16:00,고속도로,종점,(갓길)승용차관련사고처리중,126.8869,37.4079
2025-02-08 16:00,고속도로,종점,(순환선(일산)진출로2차로)승용차관련사고처리중,126.7543,37.5241
2025-02-08 16:00,고속도로,기점,(갓길)사고처리중,127.2277,36.7454
2025-02-08 17:00,고속도로,기점,(3차로)승용차사고처리중,127.1785,37.5168
2025-02-08 17:00,고속도로,종점,(순환선(일산)진출로갓길)승용차관련사고처리중,126.7543,37.5241
2025-02-08 17:00,고속도로,종점,(2차로)화물차관련사고처리중,126.8959,37.4504
2025-02-08 17:00,고속도로,기점,(1차로)사고처리중,126.9233,37.3748
2025-02-08 18:00,고속도로,기점,(6차로)승용차사고처리중,127.1567,37.5906
2025-02-08 19:00,고속도로,종점,(5차로)승용차관련사고처리중,127.1003,37.3992
2025-02-08 19:00,고속도로,기점,(갓길)승용차관련사고처리중,126.7203,37.5238
2025-02-08 19:00,고속도로,기점,(갓길)승용차관련사고처리중,126.7033,37.5236
2025-02-08 19:00,고속도로,기점,(4차로)승용차관련사고처리중,126.6799,37.4351
2025-02-08 20:00,고속도로,종점,(5차로)승용차관련사고처리중,127.1003,37.3992
2025-02-08 20:00,고속도로,종점,(1차로)승용차관련사고처리중,127.1059,37.2373
2025-02-08 21:00,고속도로,기점,(1차로)승용차관련사고처리중,126.8047,35.3301
2025-02-08 23:00,고속도로,기점,(2차로)화물차관련사고처리중,128.176,36.521
2025-02-08 23:00,고속도로,종점,"(1,2,3차로)승용차관련사고처리중",127.3202,37.248
2025-02-09 00:00,고속도로,종점,"(진출로1,2차로)승용차관련사고처리중",126.7543,37.5241
2025-02-09 00:00,고속도로,기점,(2차로)화물차관련사고처리중,128.176,36.521
2025-02-09 00:00,고속도로,종점,(진출로갓길)승용차화재처리중,129.2176,35.2821
2025-02-09 01:00,고속도로,종점,(진출로갓길)승용차관련사고처리중,126.7543,37.5241
2025-02-09 01:00,고속도로,기점,"(2차로,갓길)승용차화재사고처리중",128.5052,35.447
2025-02-09 07:00,고속도로,기점,(2차로)승용차관련사고처리중,127.4311,36.7014
2025-02-09 08:00,고속도로,기점,(2차로)승용차관련사고처리중,127.4311,36.7014
2025-02-09 10:00,고속도로,기점,"(진출로1,2차로)승용차사고처리중",127.4253,37.2367
2025-02-09 10:00,고속도로,종점,(진출로1차로)승용차사고처리중,127.7878,37.7561
2025-02-09 11:00,고속도로,기점,"(3,4차로)승용차사고처리중",127.2632,37.2463
2025-02-09 11:00,고속도로,기점,"(1,2차로)사고처리중",127.1033,37.3543
2025-02-09 11:00,고속도로,종점,(갓길)승용차사고처리중,127.4808,36.3458
2025-02-09 11:00,고속도로,종점,(2차로)승용차관련사고처리중,127.1892,36.8942
2025-02-09 12:00,고속도로,종점,(2차로)승용차관련사고처리중,126.8959,37.4504
2025-02-09 13:00,고속도로,종점,"(1,2,3차로)추돌사고처리중",127.0215,37.4955
2025-02-09 14:00,고속도로,종점,"(1,2,3차로)추돌사고처리중",127.0215,37.4955
2025-02-09 15:00,고속도로,종점,(진출로1차로)승용사고처리중,126.7634,35.7195
2025-02-09 15:00,고속도로,종점,(5차로)승용차관련사고처리중,127.1003,37.3992
2025-02-09 15:00,고속도로,기점,"(4,5차로)승용차사고처리중",127.1797,37.5789
2025-02-09 15:00,고속도로,기점,"(1,2차로)승용차사고처리중",128.8339,37.7822
2025-02-09 15:00,고속도로,종점,(2차로)승용차관련사고처리중,127.1039,37.2552
2025-02-09 16:00,고속도로,기점,(1차로)승용차사고처리중,127.3903,37.633
2025-02-09 16:00,고속도로,종점,(1차로)승용차관련사고처리중,127.7229,37.0743
2025-02-09 16:00,고속도로,기점,(5차로)사고처리중,126.7503,37.5176
2025-02-09 17:00,고속도로,종점,(1차로)승용차관련사고처리중,126.8869,37.4079
2025-02-09 17:00,고속도로,종점,(진출로1차로)사고처리중,127.0957,37.1762
2025-02-09 17:00,고속도로,기점,(1차로)승용차사고처리중,128.315,37.5496
2025-02-09 17:00,고속도로,종점,(1차로)승용차관련사고처리중,126.9462,37.3283
2025-02-09 18:00,고속도로,종점,(5차로)승용차관련사고처리중,127.1003,37.3992
2025-02-09 18:00,고속도로,기점,"(진출로1,2차로)승용차사고처리중",126.7066,37.4337
2025-02-09 18:00,고속도로,종점,(1차로)승용차사고처리중,126.7552,37.5783
2025-02-09 18:00,고속도로,기점,"(2차로,갓길)승용차사고처리중",127.5941,35.9969
2025-02-09 19:00,고속도로,기점,"(2차로,갓길)승용차사고처리중",127.5941,35.9969
2025-02-09 19:00,고속도로,종점,"(2,3차로)추돌사고처리중",126.8869,37.4079
2025-02-09 19:00,고속도로,종점,(1차로)승용차사고처리중,126.7552,37.5783
2025-02-09 19:00,고속도로,기점,(진입로1차로)승용차관련사고처리중,126.8607,37.3441
2025-02-09 20:00,고속도로,종점,(갓길)추돌사고처리중,126.8869,37.4079
2025-02-09 20:00,고속도로,종점,"(1차로,갓길)승용차관련사고처리중",127.3668,36.6842
2025-02-09 23:00,고속도로,종점,(4차로)승용차관련사고처리중,127.5277,37.2404
2025-02-10 00:00,고속도로,종점,(2차로)승용차관련사고처리중,128.94,36.4392
2025-02-10 00:00,고속도로,종점,(4차로)승용차관련사고처리중,127.5277,37.2404
2025-02-10 01:00,고속도로,기점,(갓길)사고처리중,127.1948,37.5276
2025-02-10 04:00,고속도로,기점,(갓길)단독사고처리중,127.5276,37.6817
2025-02-10 06:00,고속도로,기점,(갓길)승용차사고처리중,127.8062,34.9962
2025-02-10 06:00,고속도로,종점,(진출로2차로)승용차사고처리중,127.1626,37.0319
2025-02-10 06:00,고속도로,종점,(1차로)승용차관련사고처리중,126.887,37.3283
2025-02-10 07:00,고속도로,종점,(1차로)승용차관련사고처리중,126.887,37.3283
2025-02-10 07:00,고속도로,기점,"(3차로,갓길)승용차관련사고처리중",128.0891,36.1342
2025-02-10 07:00,고속도로,기점,(갓길)승용차추돌사고처리중,126.5441,35.0498
2025-02-10 07:00,고속도로,기점,(2차로)승용차사고처리중,127.3368,36.9816
2025-02-10 07:00,고속도로,기점,(5차로)승용차관련사고처리중,127.1276,37.081
2025-02-10 07:00,고속도로,종점,(진출로2차로)승용차사고처리중,127.1626,37.0319
2025-02-10 07:00,고속도로,종점,(1차로)승용차사고처리중,126.8929,37.2683
2025-02-10 08:00,고속도로,종점,(갓길)사고처리중,127.0947,37.203
2025-02-10 08:00,고속도로,종점,(진입로하이패스1차로)승용차단독사고처리중,128.7661,35.2993
2025-02-10 08:00,고속도로,기점,(2차로)승용차사고처리중,127.3368,36.9816
2025-02-10 08:00,고속도로,기점,(진출로)사고처리중,126.7855,37.4299
2025-02-10 08:00,고속도로,기점,(갓길)화물차관련사고처리중,126.7452,37.524
2025-02-10 09:00,고속도로,기점,(2차로)승용차사고처리중,127.3368,36.9816
2025-02-10 09:00,고속도로,종점,(5차로)사고처리중,127.1039,37.2552
2025-02-10 09:00,고속도로,종점,(5차로)사고처리중,127.0944,37.1995
2025-02-10 10:00,고속도로,기점,(진출로)사고처리중,126.7966,37.4286
2025-02-10 10:00,고속도로,기점,(2차로)승용차사고처리중,127.3368,36.9816
2025-02-10 10:00,고속도로,종점,(갓길)승용차사고처리중,127.7636,37.2502
2025-02-10 11:00,고속도로,종점,(1차로)승용차관련사고처리중,127.4973,36.9439
2025-02-10 11:00,고속도로,기점,(2차로)승용차사고처리중,127.3368,36.9816
2025-02-10 12:00,고속도로,종점,(갓길)화재사고처리중,128.4303,36.9037
2025-02-10 12:00,고속도로,기점,(2차로)사고처리중,128.345,37.9422
2025-02-10 13:00,고속도로,기점,(갓길)사고처리중,127.3205,37.3536
2025-02-10 13:00,고속도로,기점,"(2차로,갓길)하물차관련사고처리중",127.5754,37.7205
2025-02-10 14:00,고속도로,종점,"(4,5차로)승용차관련사고처리중",127.1003,37.3992
2025-02-10 15:00,고속도로,종점,(2차로)소형화물차사고처리중,128.5092,35.4672
2025-02-10 15:00,고속도로,종점,(갓길)소형화물차관련사고처리중,126.7066,37.4337
2025-02-10 15:00,고속도로,기점,(1차로)화물차단독사고처리중,128.5801,36.2769
2025-02-10 17:00,고속도로,종점,(진입로갓길)대형화물차단독사고처리중,127.0011,35.2321
2025-02-10 18:00,고속도로,기점,"(1,2차로)사고처리중",127.1056,37.4076
2025-02-10 18:00,고속도로,기점,(4차로)사고처리중,127.136,37.4853
2025-02-10 21:00,고속도로,종점,(2차로)화물차관련사고처리중,127.3179,36.3391
2025-02-10 21:00,고속도로,종점,"(3차로,갓길)화물차화재사고처리중",128.0169,36.1658
2025-02-10 22:00,고속도로,기점,"(1,2,3차로)승용차관련사고처리중",127.1851,37.5801
2025-02-11 01:00,고속도로,종점,(영동선강릉방향진입로1차로)승용차사고처리중,126.7292,37.4333
2025-02-11 03:00,고속도로,종점,"(3차로,갓길)승용차관련사고처리중",128.2109,36.1586
2025-02-11 03:00,고속도로,종점,(갓길)소형화물차관련사고처리중,127.7139,36.458
2025-02-11 04:00,고속도로,종점,"(3차로,갓길)승용차관련사고처리중",128.2109,36.1586
2025-02-11 04:00,고속도로,종점,(갓길)대형화물차관련사고처리중,127.7139,36.458
2025-02-11 06:00,고속도로,기점,별내(35.8K)(4차로)화물차사고처리중,127.0591,37.6912
2025-02-11 07:00,고속도로,기점,"(2,3,4차로)승용차관련사고처리중",126.7292,37.4333
2025-02-11 08:00,고속도로,기점,(5차로)승용차관련사고처리중,126.7292,37.4333
2025-02-11 09:00,고속도로,기점,(3차로)화물차관련사고처리중,126.9036,37.0506
2025-02-11 10:00,고속도로,기점,(5차로)사고처리중,127.136,37.4853
2025-02-11 10:00,고속도로,종점,(갓길)소형화물차관련사고처리중,127.1707,37.5669
2025-02-11 10:00,고속도로,기점,(3차로)화물차사고처리중,128.884,35.2238
2025-02-11 11:00,고속도로,종점,(5차로)화물차관련사고처리중,127.0006,37.3141
2025-02-11 11:00,고속도로,기점,(갓길)승용차단독사고처리중,126.7233,35.6555
2025-02-11 11:00,고속도로,종점,(1차로)승용차관련사고처리중,128.5287,36.0297
2025-02-11 11:00,고속도로,기점,(5차로)사고처리중,127.136,37.4853
2025-02-11 11:00,고속도로,기점,(갓길)승용차사고처리중,127.3649,36.2874
2025-02-11 11:00,고속도로,종점,(3차로)화물차관련사고처리중,126.8646,37.4344
2025-02-11 11:00,고속도로,종점,(1차로)승용차관련사고처리중,126.8875,37.0934
2025-02-11 11:00,고속도로,기점,(1차로)승용차사고처리중,127.8486,36.9668
2025-02-11 12:00,고속도로,기점,(5차로)사고처리중,127.136,37.4853
2025-02-11 13:00,고속도로,종점,"(1,2차로)화물차관련사고처리중",126.8867,37.0827
2025-02-11 13:00,고속도로,기점,(갓길)삽교졸음쉼터내승용차관련사고처리중,128.2711,37.5219
2025-02-11 14:00,고속도로,종점,(1차로)화물차관련사고처리중,126.8867,37.0827
2025-02-11 14:00,고속도로,기점,(2차로)승용차사고처리중,126.7545,35.7031
2025-02-11 15:00,고속도로,종점,(2차로)추돌사고처리중,127.1033,37.3543
2025-02-11 16:00,고속도로,기점,"(2차로,갓길)승용차단독사고처리중",127.275,36.227
2025-02-11 16:00,고속도로,종점,(1차로)승용차관련사고처리중,127.4751,36.8759
2025-02-11 17:00,고속도로,기점,노고산2터널(54.9K)(1차로)승용차사고처리중  통일로 노고산2터널5km정체,126.9329,37.6857
2025-02-11 18:00,고속도로,종점,(갓길)승용차관려사고처리중,128.5856,35.2466
2025-02-11 18:00,고속도로,종점,"(3,4차로)화물차관련사고처리중",127.1056,37.4076
2025-02-11 19:00,고속도로,종점,(갓길)승용차관련사고처리중,128.5854,36.3416
2025-02-11 20:00,고속도로,종점,(1차로)사고처리중,126.7506,37.4325
2025-02-11 20:00,고속도로,종점,(2차로)화물차관련사고처리중,129.1127,37.4554
2025-02-11 20:00,고속도로,기점,(4차로)사고처리중,126.7472,37.4326
2025-02-11 20:00,고속도로,종점,(갓길)승용차단독사고처리중,128.082,35.112
2025-02-11 23:00,고속도로,기점,(1차로)사고처리중,127.5104,35.7579
2025-02-12 00:00,고속도로,기점,(1차로)사고처리중,127.5104,35.7579
2025-02-12 01:00,고속도로,기점,(1차로)사고처리중,127.5104,35.7579
2025-02-12 04:00,고속도로,기점,(1차로)승용차단독사고처리중,127.4773,35.0862
2025-02-12 05:00,고속도로,종점,"(1,2차로)대형화물차단독사고처리중",127.4635,35.1294
2025-02-12 05:00,고속도로,기점,(2차로)중형화물차사고처리중,127.4634,35.1339
2025-02-12 05:00,고속도로,종점,"(2차로,갓길)승용차단독사고처리중",127.2383,35.3845
2025-02-12 05:00,고속도로,완주방향,사고처리중(견인차 이동중),127.463293,35.127719
2025-02-12 06:00,고속도로,기점,(진입로1차로)화물차단독사고처리중,128.0209,35.7025
2025-02-12 06:00,고속도로,종점,"(2차로,갓길)승용차단독사고처리중",127.2383,35.3845
2025-02-12 06:00,고속도로,기점,(1차로)화물차사고처리중,128.0718,35.1538
2025-02-12 06:00,고속도로,기점,(1차로)승용차단독사고처리중,127.3065,35.4082
2025-02-12 06:00,고속도로,기점,(2차로)중형화물차사고처리중,127.4634,35.1339
2025-02-12 06:00,고속도로,종점,"(1,2차로)대형화물차단독사고처리중",127.4635,35.1294
2025-02-12 06:00,고속도로,종점,"(1,2차로)화물차관련사고처리중",128.4847,35.9211
2025-02-12 06:00,고속도로,완주방향,사고처리중(견인차 이동중),127.463293,35.127719
2025-02-12 06:00,고속도로,종점,(갓길)화물차사고처리중,129.1044,35.516
2025-02-12 07:00,고속도로,종점,"(1차로,갓길)화물차관련사고처리  ",129.1019,35.2578
2025-02-12 07:00,고속도로,기점,(1차로)사고처리중,127.6221,35.7906
2025-02-12 07:00,고속도로,기점,(2차로)중형화물차사고처리중,127.4634,35.1339
2025-02-12 07:00,고속도로,기점,(진출로갓길)승용차단독사고처리중,128.7058,35.279
2025-02-12 07:00,고속도로,종점,"(4,5차로,갓길)화물차관련사고처리중",126.8694,37.0055
2025-02-12 07:00,고속도로,기점,"(2차로,갓길)승용차단독사고처리중",126.994,36.5368
2025-02-12 07:00,고속도로,기점,(3차로)승용차관련사고처리중,128.2755,35.2471
2025-02-12 07:00,고속도로,기점,"(3,4차로)화물차관련사고처리중",128.2986,35.2766
2025-02-12 07:00,고속도로,기점,(갓길)화물차단독사고처리중,128.5561,36.1916
2025-02-12 07:00,고속도로,기점,화물차단독사고처리중전면차단국도이용,127.6864,35.6579
2025-02-12 07:00,고속도로,기점,(1차로)화물차사고처리중,128.0718,35.1538
2025-02-12 07:00,고속도로,완주방향,사고처리중(견인차 이동중),127.463293,35.127719
2025-02-12 07:00,고속도로,완주방향,사고처리중(2차로 통행재개 06:15),127.463164,35.127227
2025-02-12 08:00,고속도로,통영방향,사고처리중(순찰반 이동중),127.687547,35.657549
2025-02-12 08:00,고속도로,완주방향,사고처리중(2차로 통행재개 06:15),127.463164,35.127227
2025-02-12 08:00,고속도로,완주방향,사고처리중(견인차 이동중),127.463293,35.127719
2025-02-12 08:00,고속도로,종점,(1차로)승용차단독사고처리중,126.7754,36.197
2025-02-12 08:00,고속도로,종점,(2차로)승용차관련사고처리중,128.6002,35.9329
2025-02-12 08:00,고속도로,종점,(1차로)승용차사고처리중,128.5428,36.1324
2025-02-12 08:00,고속도로,기점,(갓길)소형화물차사고처리중,127.4361,36.5638
2025-02-12 08:00,고속도로,기점,(1차로)사고처리중,127.6221,35.7906
2025-02-12 08:00,고속도로,종점,(갓길)승용차단;독사고처리  ,127.8638,35.4146
2025-02-12 08:00,고속도로,종점,(갓길)승용차단독사고처리중,128.4765,35.5431
2025-02-12 08:00,고속도로,기점,(갓길)승합차단독사고처리중,128.4691,35.5923
2025-02-12 08:00,고속도로,기점,(1차로)승용차사고처리중,126.9888,36.5467
2025-02-12 08:00,고속도로,기점,(4차로)승용차단독사고처리중,128.4381,35.2743
2025-02-12 08:00,고속도로,기점,(진출로1차로)승용차관련사고처리중,128.9931,35.2847
2025-02-12 08:00,고속도로,기점,(1차로)사고처리중,127.5941,35.9969
2025-02-12 08:00,고속도로,기점,화물차단독사고처리중전면차단국도이용,127.6864,35.6579
2025-02-12 08:00,고속도로,기점,(갓길)승용차단독사고처리중,128.5501,36.179
2025-02-12 08:00,고속도로,종점,"(4,5차로,갓길)화물차관련사고처리중",126.8694,37.0055
2025-02-12 08:00,고속도로,종점,(갓길)승용차관련사고처리중,126.7582,37.4632
2025-02-12 08:00,고속도로,기점,(3차로)승용차관련사고처리중,128.2755,35.2471
2025-02-12 08:00,고속도로,기점,"(2차로,갓길)승용차관련사고처리중",128.0419,35.7074
2025-02-12 08:00,고속도로,종점,(1차로)승용차관련사고처리중,129.0375,35.3322
2025-02-12 08:00,고속도로,종점,(1차로)승용차관련사고처리중,127.6961,36.4634
2025-02-12 08:00,고속도로,종점,"(4차로,갓길)화물차관련사고처리중",128.4126,36.0319
2025-02-12 08:00,고속도로,종점,(1차로)대형화물차관련사고처리중,128.1177,36.3777
2025-02-12 09:00,고속도로,기점,(1차로)승용차관련사고처리중,128.0313,35.7054
2025-02-12 09:00,고속도로,종점,(갓길)화물차사고처리중,128.0201,36.1621
2025-02-12 09:00,고속도로,종점,(1차로)승용차관련사고처리중,127.6961,36.4634
2025-02-12 09:00,고속도로,기점,(갓길)화물차관련사고처리중,128.3623,36.1031
2025-02-12 09:00,고속도로,기점,(1차로)사고확인중,128.4313,35.6813
2025-02-12 09:00,고속도로,기점,(갓길)승용차관련사고처리중,128.1204,36.6835
2025-02-12 09:00,고속도로,기점,(2차로)승용차관련사고처리중,128.6196,36.449
2025-02-12 09:00,고속도로,종점,"(3차로,갓길)승용차사고처리중",129.0098,35.9062
2025-02-12 09:00,고속도로,기점,"(2차로,갓길)대형화물차고장처리중",128.293,35.8993
2025-02-12 09:00,고속도로,기점,(갓길)승용차단독사고처리중,128.4691,35.5923
2025-02-12 09:00,고속도로,기점,(갓길)승용차단독사고처리중,128.2186,36.1591
2025-02-12 09:00,고속도로,기점,(1차로)화물차단독사고처리중,127.6864,35.6579
2025-02-12 09:00,고속도로,기점,(갓길)승용차사고처리중,128.1502,36.5814
2025-02-12 09:00,고속도로,기점,(1차로)승용차관련사고처리중,128.4352,35.6929
2025-02-12 09:00,고속도로,종점,(1차로)승용차사고처러중,128.2669,36.0221
2025-02-12 09:00,고속도로,기점,"(2차로,갓길)화물차관련사고처리중",127.7029,35.6465
2025-02-12 09:00,고속도로,종점,(2차로)승용차단독사고처리중,127.8973,35.6279
2025-02-12 09:00,고속도로,종점,"(4,5차로,갓길)화물차관련사고처리중",126.8694,37.0055
2025-02-12 09:00,고속도로,종점,(2차로)승용차관련사고처리중,128.1151,36.3806
2025-02-12 09:00,고속도로,종점,(갓길)승용차관련사고처리중,128.4452,35.6203
2025-02-12 09:00,고속도로,종점,(갓길)승용차단독사고처리중,127.8638,35.4146
2025-02-12 09:00,고속도로,종점,(갓길)소형화물차관련사고처리중,127.9641,36.4427
2025-02-12 09:00,고속도로,종점,"(3차로,갓길)승용차,화물차추돌사고처리중",127.6138,36.2926
2025-02-12 09:00,고속도로,종점,(1차로)승용차사고처리중,128.5428,36.1324
2025-02-12 09:00,고속도로,종점,(2차로)승용차관련사고처리중,128.4452,35.6203
2025-02-12 09:00,고속도로,완주방향,사고처리중(견인차 이동중),127.463293,35.127719
2025-02-12 09:00,고속도로,종점,"(1,2차로)화물차관련사고처리중",128.1495,36.1292
2025-02-12 09:00,고속도로,통영방향,사고처리중(2차로 통행재개 08:05),127.684264,35.658491
2025-02-12 09:00,고속도로,완주방향,사고처리중(2차로 통행재개 06:15),127.463164,35.127227
2025-02-12 09:00,고속도로,통영방향,사고처리중(순찰반 이동중),127.687547,35.657549
2025-02-12 10:00,고속도로,기점,(갓길)승용차사고처리중,129.0082,36.0547
2025-02-12 10:00,고속도로,종점,(갓길)소형화물차관련사고처리중,127.9641,36.4427
2025-02-12 10:00,고속도로,종점,"(4,5차로,갓길)화물차관련사고처리중",126.8694,37.0055
2025-02-12 10:00,고속도로,기점,(갓길)승용차관련사고처리중,128.6789,35.2753
2025-02-12 10:00,고속도로,기점,(1차로)승용차관련사고처리중,127.7734,37.7746
2025-02-12 10:00,고속도로,기점,"(4차로,갓길)승용차관련사고처리중",128.3265,35.2826
2025-02-12 10:00,고속도로,완주방향,사고처리중(견인차 이동중),127.463293,35.127719
2025-02-12 10:00,고속도로,완주방향,사고처리중(2차로 통행재개 06:15),127.463164,35.127227
2025-02-12 10:00,고속도로,통영방향,사고처리중(순찰반 이동중),127.687547,35.657549
2025-02-12 10:00,고속도로,통영방향,사고처리중(2차로 통행재개 08:05),127.684264,35.658491
2025-02-12 11:00,고속도로,통영방향,사고처리중(순찰반 이동중),127.687547,35.657549
2025-02-12 11:00,고속도로,통영방향,사고처리중(2차로 통행재개 08:05),127.684264,35.658491
2025-02-12 11:00,고속도로,종점,(1차로)승용차관련사고처리중,128.6721,36.4197
2025-02-12 11:00,고속도로,기점,(1차로)대형화물차관련사고처리중,127.9641,36.4427
2025-02-12 11:00,고속도로,완주방향,사고처리중(견인차 이동중),127.463293,35.127719
2025-02-12 11:00,고속도로,완주방향,사고처리중(2차로 통행재개 06:15),127.463164,35.127227
2025-02-12 12:00,고속도로,기점,(갓길)승용차사고처리중,128.5196,35.8283
2025-02-12 12:00,고속도로,기점,(갓길)승용차관련사고처리중,128.9697,35.2193
2025-02-12 12:00,고속도로,종점,"(3차로,갓길)승용차관련사고처리중",128.4365,35.6658
2025-02-12 12:00,고속도로,통영방향,사고처리중(순찰반 이동중),127.687547,35.657549
2025-02-12 12:00,고속도로,완주방향,사고처리중(2차로 통행재개 06:15),127.463164,35.127227
2025-02-12 12:00,고속도로,완주방향,사고처리중(견인차 이동중),127.463293,35.127719
2025-02-12 12:00,고속도로,통영방향,사고처리중(2차로 통행재개 08:05),127.684264,35.658491
2025-02-12 13:00,고속도로,통영방향,사고처리중(2차로 통행재개 08:05),127.684264,35.658491
2025-02-12 13:00,고속도로,통영방향,사고처리중(순찰반 이동중),127.687547,35.657549
2025-02-12 13:00,고속도로,완주방향,사고처리중(2차로 통행재개 06:15),127.463164,35.127227
2025-02-12 13:00,고속도로,완주방향,사고처리중(견인차 이동중),127.463293,35.127719
2025-02-12 13:00,고속도로,기점,(진입로)사고처리중,127.1234,37.4276
2025-02-12 14:00,고속도로,종점,(1차로)승용차관련사고처리중,127.6462,36.4739
2025-02-12 14:00,고속도로,통영방향,사고처리중(2차로 통행재개 08:05),127.684264,35.658491
2025-02-12 14:00,고속도로,완주방향,사고처리중(2차로 통행재개 06:15),127.463164,35.127227
2025-02-12 14:00,고속도로,통영방향,사고처리중(순찰반 이동중),127.687547,35.657549
2025-02-12 14:00,고속도로,완주방향,사고처리중(견인차 이동중),127.463293,35.127719
2025-02-12 14:00,고속도로,종점,(화물차하이패스차로)화물차단독사고처리중,129.4221,35.7787
2025-02-12 15:00,고속도로,종점,(갓길)화물차사고처리중,128.9697,35.2193
2025-02-12 15:00,고속도로,종점,(갓길)승용차관련사고처리완료,129.2089,35.282
2025-02-12 15:00,고속도로,종점,(화물차하이패스차로)화물차단독사고처리중,129.4221,35.7787
2025-02-12 15:00,고속도로,기점,"(3,4차로)사고처리중",127.1228,37.4178
2025-02-12 15:00,고속도로,완주방향,사고처리중(견인차 이동중),127.463293,35.127719
2025-02-12 15:00,고속도로,완주방향,사고처리중(2차로 통행재개 06:15),127.463164,35.127227
2025-02-12 15:00,고속도로,통영방향,사고처리중(순찰반 이동중),127.687547,35.657549
2025-02-12 15:00,고속도로,통영방향,사고처리중(2차로 통행재개 08:05),127.684264,35.658491
2025-02-12 16:00,고속도로,통영방향,사고처리중(2차로 통행재개 08:05),127.684264,35.658491
2025-02-12 16:00,고속도로,통영방향,사고처리중(순찰반 이동중),127.687547,35.657549
2025-02-12 16:00,고속도로,완주방향,사고처리중(2차로 통행재개 06:15),127.463164,35.127227
2025-02-12 16:00,고속도로,완주방향,사고처리중(견인차 이동중),127.463293,35.127719
2025-02-12 16:00,고속도로,종점,(화물차하이패스차로)화물차단독사고처리중,129.4221,35.7787
2025-02-12 16:00,고속도로,기점,(갓길)화물차사고처리중,128.7201,35.2798
2025-02-12 17:00,고속도로,통영방향,사고처리중(2차로 통행재개 08:05),127.684264,35.658491
2025-02-12 17:00,고속도로,통영방향,사고처리중(순찰반 이동중),127.687547,35.657549
2025-02-12 17:00,고속도로,완주방향,사고처리중(2차로 통행재개 06:15),127.463164,35.127227
2025-02-12 17:00,고속도로,완주방향,사고처리중(견인차 이동중),127.463293,35.127719
2025-02-12 17:00,고속도로,종점,(화물차하이패스차로)화물차단독사고처리중,129.4221,35.7787
2025-02-12 17:00,고속도로,종점,(1차로)대항선119사고처리중,128.5588,35.9038
2025-02-12 17:00,고속도로,기점,(4차로)화물차화재사고처리중,128.5692,35.9068
2025-02-12 17:00,고속도로,기점,(진출로)김천분기점서울방향진출로화물차단독사고처리중,128.2663,36.1599
2025-02-12 18:00,고속도로,통영방향,사고처리중(순찰반 이동중),127.687547,35.657549
2025-02-12 18:00,고속도로,통영방향,사고처리중(2차로 통행재개 08:05),127.684264,35.658491
2025-02-12 18:00,고속도로,완주방향,사고처리중(2차로 통행재개 06:15),127.463164,35.127227
2025-02-12 18:00,고속도로,완주방향,사고처리중(견인차 이동중),127.463293,35.127719
2025-02-12 18:00,고속도로,종점,(화물차하이패스차로)화물차단독사고처리중,129.4221,35.7787
2025-02-12 18:00,고속도로,종점,(갓길)승용차관련사고처리중,128.7746,37.6789
2025-02-12 18:00,고속도로,기점,(진출로)김천분기점서울방향진출로화물차단독사고처리중,128.2663,36.1599
2025-02-12 19:00,고속도로,통영방향,사고처리중(2차로 통행재개 08:05),127.684264,35.658491
2025-02-12 19:00,고속도로,통영방향,사고처리중(순찰반 이동중),127.687547,35.657549
2025-02-12 19:00,고속도로,완주방향,사고처리중(2차로 통행재개 06:15),127.463164,35.127227
2025-02-12 19:00,고속도로,완주방향,사고처리중(견인차 이동중),127.463293,35.127719
2025-02-12 19:00,고속도로,종점,(화물차하이패스차로)화물차단독사고처리중,129.4221,35.7787
2025-02-12 19:00,고속도로,종점,(진입로1차로)사고처리중,126.7066,37.4337
2025-02-12 20:00,고속도로,종점,(1차로)승용차관련사고처리중,128.2303,36.2901
2025-02-12 20:00,고속도로,완주방향,사고처리중(견인차 이동중),127.463293,35.127719
2025-02-12 20:00,고속도로,완주방향,사고처리중(2차로 통행재개 06:15),127.463164,35.127227
2025-02-12 20:00,고속도로,통영방향,사고처리중(순찰반 이동중),127.687547,35.657549
2025-02-12 20:00,고속도로,통영방향,사고처리중(2차로 통행재개 08:05),127.684264,35.658491
2025-02-12 21:00,고속도로,통영방향,사고처리중(순찰반 이동중),127.687547,35.657549
2025-02-12 21:00,고속도로,통영방향,사고처리중(2차로 통행재개 08:05),127.684264,35.658491
2025-02-12 21:00,고속도로,완주방향,사고처리중(2차로 통행재개 06:15),127.463164,35.127227
2025-02-12 21:00,고속도로,완주방향,사고처리중(견인차 이동중),127.463293,35.127719
2025-02-12 21:00,고속도로,기점,(1차로)승용차사고처리중,129.0828,35.2953
2025-02-12 22:00,고속도로,완주방향,사고처리중(견인차 이동중),127.463293,35.127719
2025-02-12 22:00,고속도로,완주방향,사고처리중(2차로 통행재개 06:15),127.463164,35.127227
2025-02-12 22:00,고속도로,통영방향,사고처리중(순찰반 이동중),127.687547,35.657549
2025-02-12 22:00,고속도로,통영방향,사고처리중(2차로 통행재개 08:05),127.684264,35.658491
2025-02-12 23:00,고속도로,완주방향,사고처리중(견인차 이동중),127.463293,35.127719
2025-02-12 23:00,고속도로,완주방향,사고처리중(2차로 통행재개 06:15),127.463164,35.127227
2025-02-12 23:00,고속도로,통영방향,사고처리중(순찰반 이동중),127.687547,35.657549
2025-02-12 23:00,고속도로,통영방향,사고처리중(2차로 통행재개 08:05),127.684264,35.658491
2025-02-13 00:00,고속도로,완주방향,사고처리중(2차로 통행재개 06:15),127.463164,35.127227
2025-02-13 00:00,고속도로,완주방향,사고처리중(견인차 이동중),127.463293,35.127719
2025-02-13 00:00,고속도로,통영방향,사고처리중(순찰반 이동중),127.687547,35.657549
2025-02-13 00:00,고속도로,통영방향,사고처리중(2차로 통행재개 08:05),127.684264,35.658491
2025-02-13 01:00,고속도로,완주방향,사고처리중(견인차 이동중),127.463293,35.127719
2025-02-13 01:00,고속도로,완주방향,사고처리중(2차로 통행재개 06:15),127.463164,35.127227
2025-02-13 01:00,고속도로,통영방향,사고처리중(2차로 통행재개 08:05),127.684264,35.658491
2025-02-13 01:00,고속도로,통영방향,사고처리중(순찰반 이동중),127.687547,35.657549
2025-02-13 02:00,고속도로,완주방향,사고처리중(2차로 통행재개 06:15),127.463164,35.127227
2025-02-13 02:00,고속도로,통영방향,사고처리중(순찰반 이동중),127.687547,35.657549
2025-02-13 02:00,고속도로,종점,(남양산방향진출로갓길)승용차단독사고처리중,129.0478,35.326
2025-02-13 02:00,고속도로,통영방향,사고처리중(2차로 통행재개 08:05),127.684264,35.658491
2025-02-13 02:00,고속도로,완주방향,사고처리중(견인차 이동중),127.463293,35.127719
2025-02-13 03:00,고속도로,통영방향,사고처리중(2차로 통행재개 08:05),127.684264,35.658491
2025-02-13 03:00,고속도로,통영방향,사고처리중(순찰반 이동중),127.687547,35.657549
2025-02-13 03:00,고속도로,완주방향,사고처리중(견인차 이동중),127.463293,35.127719
2025-02-13 03:00,고속도로,완주방향,사고처리중(2차로 통행재개 06:15),127.463164,35.127227
2025-02-13 04:00,고속도로,완주방향,사고처리중(견인차 이동중),127.463293,35.127719
2025-02-13 04:00,고속도로,통영방향,사고처리중(순찰반 이동중),127.687547,35.657549
2025-02-13 04:00,고속도로,통영방향,사고처리중(2차로 통행재개 08:05),127.684264,35.658491
2025-02-13 04:00,고속도로,완주방향,사고처리중(2차로 통행재개 06:15),127.463164,35.127227
2025-02-13 05:00,고속도로,완주방향,사고처리중(견인차 이동중),127.463293,35.127719
2025-02-13 05:00,고속도로,완주방향,사고처리중(2차로 통행재개 06:15),127.463164,35.127227
2025-02-13 05:00,고속도로,통영방향,사고처리중(2차로 통행재개 08:05),127.684264,35.658491
2025-02-13 05:00,고속도로,통영방향,사고처리중(순찰반 이동중),127.687547,35.657549
2025-02-13 06:00,고속도로,기점,(1차로)승용차관련사고처리중,126.871,37.1997
2025-02-13 06:00,고속도로,완주방향,사고처리중(견인차 이동중),127.463293,35.127719
2025-02-13 06:00,고속도로,완주방향,사고처리중(2차로 통행재개 06:15),127.463164,35.127227
2025-02-13 06:00,고속도로,통영방향,사고처리중(순찰반 이동중),127.687547,35.657549
2025-02-13 06:00,고속도로,통영방향,사고처리중(2차로 통행재개 08:05),127.684264,35.658491
2025-02-13 07:00,고속도로,완주방향,사고처리중(견인차 이동중),127.463293,35.127719
2025-02-13 07:00,고속도로,완주방향,사고처리중(2차로 통행재개 06:15),127.463164,35.127227
2025-02-13 07:00,고속도로,통영방향,사고처리중(순찰반 이동중),127.687547,35.657549
2025-02-13 07:00,고속도로,통영방향,사고처리중(2차로 통행재개 08:05),127.684264,35.658491
2025-02-13 07:00,고속도로,기점,(진출로갓길)승용차단독사고처리중,128.053,35.7072
2025-02-13 08:00,고속도로,기점,(1차로)승용차사고처리중,127.1331,37.4777
2025-02-13 08:00,고속도로,완주방향,사고처리중(견인차 이동중),127.463293,35.127719
2025-02-13 08:00,고속도로,완주방향,사고처리중(2차로 통행재개 06:15),127.463164,35.127227
2025-02-13 08:00,고속도로,통영방향,사고처리중(순찰반 이동중),127.687547,35.657549
2025-02-13 08:00,고속도로,통영방향,사고처리중(2차로 통행재개 08:05),127.684264,35.658491
2025-02-13 09:00,고속도로,기점,(갓길)승용차관련사고처리중,126.9062,35.1839
2025-02-13 09:00,고속도로,종점,(1차로)승용차단독사고처리중,128.5161,35.278
2025-02-13 09:00,고속도로,완주방향,사고처리중(견인차 이동중),127.463293,35.127719
2025-02-13 09:00,고속도로,완주방향,사고처리중(2차로 통행재개 06:15),127.463164,35.127227
2025-02-13 09:00,고속도로,통영방향,사고처리중(순찰반 이동중),127.687547,35.657549
2025-02-13 09:00,고속도로,통영방향,사고처리중(2차로 통행재개 08:05),127.684264,35.658491
2025-02-13 10:00,고속도로,완주방향,사고처리중(2차로 통행재개 06:15),127.463164,35.127227
2025-02-13 10:00,고속도로,통영방향,사고처리중(2차로 통행재개 08:05),127.684264,35.658491
2025-02-13 10:00,고속도로,완주방향,사고처리중(견인차 이동중),127.463293,35.127719
2025-02-13 10:00,고속도로,통영방향,사고처리중(순찰반 이동중),127.687547,35.657549
2025-02-13 11:00,고속도로,완주방향,사고처리중(2차로 통행재개 06:15),127.463164,35.127227
2025-02-13 11:00,고속도로,통영방향,사고처리중(2차로 통행재개 08:05),127.684264,35.658491
2025-02-13 11:00,고속도로,완주방향,사고처리중(견인차 이동중),127.463293,35.127719
2025-02-13 11:00,고속도로,종점,(갓길)승용차관련사고처리중,127.1774,37.5166
2025-02-13 11:00,고속도로,종점,(1차로)화물차관련사고처리중,127.9041,37.6573
2025-02-13 11:00,고속도로,종점,(1차로)대형화물차단독사고처리중,126.4799,35.0623
2025-02-13 11:00,고속도로,종점,(3차로)승용차관련사고처리중,128.9771,35.2267
2025-02-13 11:00,고속도로,통영방향,사고처리중(순찰반 이동중),127.687547,35.657549
2025-02-13 12:00,고속도로,완주방향,사고처리중(견인차 이동중),127.463293,35.127719
2025-02-13 12:00,고속도로,통영방향,사고처리중(2차로 통행재개 08:05),127.684264,35.658491
2025-02-13 12:00,고속도로,통영방향,사고처리중(순찰반 이동중),127.687547,35.657549
2025-02-13 12:00,고속도로,완주방향,사고처리중(2차로 통행재개 06:15),127.463164,35.127227
2025-02-13 12:00,고속도로,종점,(진출로갓길)승용차사고처리중,127.0422,37.3044
2025-02-13 12:00,고속도로,기점,(2차로)화물차단독사고처리중,127.6903,35.6563
2025-02-13 13:00,고속도로,통영방향,사고처리중(2차로 통행재개 08:05),127.684264,35.658491
2025-02-13 13:00,고속도로,완주방향,사고처리중(2차로 통행재개 06:15),127.463164,35.127227
2025-02-13 13:00,고속도로,완주방향,사고처리중(견인차 이동중),127.463293,35.127719
2025-02-13 13:00,고속도로,기점,(2차로)화물차단독사고처리중,127.6903,35.6563
2025-02-13 13:00,고속도로,종점,(5차로)승용차화재사고처리중,127.1234,37.4258
2025-02-13 13:00,고속도로,통영방향,사고처리중(순찰반 이동중),127.687547,35.657549
2025-02-13 14:00,고속도로,통영방향,사고처리중(2차로 통행재개 08:05),127.684264,35.658491
2025-02-13 14:00,고속도로,통영방향,사고처리중(순찰반 이동중),127.687547,35.657549
2025-02-13 14:00,고속도로,완주방향,사고처리중(2차로 통행재개 06:15),127.463164,35.127227
2025-02-13 14:00,고속도로,완주방향,사고처리중(견인차 이동중),127.463293,35.127719
2025-02-13 14:00,고속도로,기점,(2차로)화물차단독사고처리중,127.6903,35.6563
2025-02-13 15:00,고속도로,기점,(2차로)화물차단독사고처리중,127.6903,35.6563
2025-02-13 15:00,고속도로,종점,(2차로)화물차관련사고처리중,128.5322,35.2849
2025-02-13 15:00,고속도로,기점,(1차로)승용차관련사고처리중,128.0165,36.1666
2025-02-13 15:00,고속도로,종점,"(1,2차로)승용차관련사고처리중",126.8951,37.4246
2025-02-13 15:00,고속도로,완주방향,사고처리중(견인차 이동중),127.463293,35.127719
2025-02-13 15:00,고속도로,완주방향,사고처리중(2차로 통행재개 06:15),127.463164,35.127227
2025-02-13 15:00,고속도로,통영방향,사고처리중(순찰반 이동중),127.687547,35.657549
2025-02-13 15:00,고속도로,통영방향,사고처리중(2차로 통행재개 08:05),127.684264,35.658491
2025-02-13 16:00,고속도로,기점,(2차로)화물차단독사고처리중,127.6903,35.6563
2025-02-13 16:00,고속도로,종점,"(2차로,갓길)화물차2대관련사고처리중",126.7973,35.4934
2025-02-13 16:00,고속도로,완주방향,사고처리중(견인차 이동중),127.463293,35.127719
2025-02-13 16:00,고속도로,완주방향,사고처리중(2차로 통행재개 06:15),127.463164,35.127227
2025-02-13 16:00,고속도로,통영방향,사고처리중(2차로 통행재개 08:05),127.684264,35.658491
2025-02-13 16:00,고속도로,통영방향,사고처리중(순찰반 이동중),127.687547,35.657549
2025-02-13 17:00,고속도로,통영방향,사고처리중(2차로 통행재개 08:05),127.684264,35.658491
2025-02-13 17:00,고속도로,통영방향,사고처리중(순찰반 이동중),127.687547,35.657549
2025-02-13 17:00,고속도로,완주방향,사고처리중(2차로 통행재개 06:15),127.463164,35.127227
2025-02-13 17:00,고속도로,완주방향,사고처리중(견인차 이동중),127.463293,35.127719
2025-02-13 17:00,고속도로,종점,(1차로)승용차관련사고처리중,126.8284,37.3479
2025-02-13 17:00,고속도로,종점,(1차로)승용차관련사고처리중,127.5078,36.7872
2025-02-13 17:00,고속도로,기점,(2차로)화물차관련사고처리중,128.2662,36.1608
2025-02-13 18:00,고속도로,통영방향,사고처리중(2차로 통행재개 08:05),127.684264,35.658491
2025-02-13 18:00,고속도로,통영방향,사고처리중(순찰반 이동중),127.687547,35.657549
2025-02-13 18:00,고속도로,완주방향,사고처리중(2차로 통행재개 06:15),127.463164,35.127227
2025-02-13 18:00,고속도로,완주방향,사고처리중(견인차 이동중),127.463293,35.127719
2025-02-13 18:00,고속도로,종점,(진입로)승용차관련사고처리중,126.8284,37.3479
2025-02-13 18:00,고속도로,기점,(1차로)승용차사고처리중,126.6841,37.4338
2025-02-13 18:00,고속도로,종점,(1차로)승용차관련사고처리중,126.7955,37.3531
2025-02-13 19:00,고속도로,통영방향,사고처리중(2차로 통행재개 08:05),127.684264,35.658491
2025-02-13 19:00,고속도로,통영방향,사고처리중(순찰반 이동중),127.687547,35.657549
2025-02-13 19:00,고속도로,완주방향,사고처리중(2차로 통행재개 06:15),127.463164,35.127227
2025-02-13 19:00,고속도로,완주방향,사고처리중(견인차 이동중),127.463293,35.127719
2025-02-13 20:00,고속도로,완주방향,사고처리중(견인차 이동중),127.463293,35.127719
2025-02-13 20:00,고속도로,완주방향,사고처리중(2차로 통행재개 06:15),127.463164,35.127227
2025-02-13 20:00,고속도로,통영방향,사고처리중(순찰반 이동중),127.687547,35.657549
2025-02-13 20:00,고속도로,통영방향,사고처리중(2차로 통행재개 08:05),127.684264,35.658491
2025-02-14 03:00,고속도로,기점,(2차로)승용차관련사고처리중,127.6506,34.9635
2025-02-14 03:00,고속도로,기점,"(2차로,갓길)화물차단독사고처리중",127.9726,35.2742
2025-02-14 04:00,고속도로,기점,"(2차로,갓길)화물차단독사고처리중",127.9726,35.2742
2025-02-14 04:00,고속도로,기점,"(1,2차로)사고처리중",126.8939,37.053
2025-02-14 04:00,고속도로,기점,(2차로)승용차관련사고처리중,127.6506,34.9635
2025-02-14 05:00,고속도로,기점,(2차로)승용차관련사고처리중,127.6506,34.9635
2025-02-14 05:00,고속도로,기점,"(1,2,3차로)사고처리중",126.8939,37.053
2025-02-14 05:00,고속도로,기점,"(2차로,갓길)화물차단독사고처리중",127.9726,35.2742
2025-02-14 05:00,고속도로,종점,(갓길)승용차단독사고처리중,128.9756,35.2233
2025-02-14 07:00,고속도로,종점,(진입로갓길)승용차사고처리중,128.3048,36.3757
2025-02-14 07:00,고속도로,종점,"(1,2차로)승용차관련사고처리중",128.6375,36.5796
2025-02-14 08:00,고속도로,종점,(1차로)소형화물차단독사고처리중,128.2784,36.121
2025-02-14 08:00,고속도로,종점,"(1,2차로)승용차관련사고처리중",128.6375,36.5796
2025-02-14 08:00,고속도로,기점,(5차로)화물차관련사고처리중,126.7512,37.5355
2025-02-14 08:00,고속도로,종점,(1차로)승용차관련사고처리중,126.8755,35.1893
2025-02-14 08:00,고속도로,종점,"(1차로,갓길)승용차관련사고처리중",127.4224,36.9527
2025-02-14 09:00,고속도로,종점,(1차로)소형화물차단독사고처리중,128.2784,36.121
2025-02-14 09:00,고속도로,종점,(광장부)사고처리중,127.0514,37.2991
2025-02-14 09:00,고속도로,기점,(1차로)승용차관련사고처리중,128.5927,35.288
2025-02-14 09:00,고속도로,기점,(광장부)사고처리중,127.0514,37.2991
2025-02-14 10:00,고속도로,종점,(1차로)소형화물차단독사고처리중,128.2784,36.121
2025-02-14 10:00,고속도로,종점,(진출로1차로)승용차관련사고처리중,127.6221,37.7336
2025-02-14 11:00,고속도로,기점,(갓길)사고처리중,127.2632,37.2463
2025-02-14 12:00,고속도로,종점,(1차로)승용차관련사고처리중,128.5577,35.2909
2025-02-14 14:00,고속도로,종점,"(3,4차로)승용차관련사고처리중",126.887,37.3283
2025-02-14 14:00,고속도로,종점,"(3,4차로)승용차관련사고처리중",126.887,37.3283
2025-02-14 14:00,고속도로,종점,(1차로)승용차관련사고처리중,127.4627,36.7406
2025-02-14 14:00,고속도로,종점,"(1,2차로)사고처리중",127.1509,37.003
2025-02-14 14:00,고속도로,종점,(1차로)승용차관련추돌사고처리중,128.0517,36.7474
2025-02-14 14:00,고속도로,기점,(갓길)화물차관련사고처리중,128.5905,35.2882
2025-02-14 14:00,고속도로,종점,(1차로)사고처리중,126.8962,37.275
2025-02-14 15:00,고속도로,기점,(3차로)추돌사고처리중,127.1807,37.5172
2025-02-14 16:00,고속도로,종점,(1차로)승용차단독사고처리중,127.5075,35.0282
2025-02-14 16:00,고속도로,종점,(갓길)사고처리중,126.9101,37.0492
2025-02-14 18:00,국도,부산방향,김해IC방면 농소1교 지점 차량사고발생,128.837449,35.21724
2025-02-14 18:00,고속도로,기점,(4차로)사고처리중,126.8088,37.433
2025-02-14 19:00,국도,부산방향,김해IC방면 농소1교 지점 차량사고발생,128.837449,35.21724
2025-02-14 19:00,고속도로,종점,(1차로)고장차처리중,126.8993,37.0517
2025-02-14 19:00,고속도로,종점,(2차로)추돌사고처리중,127.1033,37.3543
2025-02-14 19:00,고속도로,종점,"(1,2차로)추돌사고처리중",127.1719,37.5081
2025-02-14 19:00,고속도로,종점,불암산요금소부근(34.2K)(2차로)승용차사고처리중,127.1331,37.6396
2025-02-14 20:00,국도,부산방향,김해IC방면 농소1교 지점 차량사고발생,128.837449,35.21724
2025-02-14 20:00,고속도로,기점,(3차로)사고처리중,126.7974,37.4557
2025-02-14 21:00,고속도로,종점,(1차로)승용차관련사고처리중,127.8939,37.383
2025-02-15 01:00,고속도로,종점,(광장부3차로)승용차단독사고처리중,127.1003,37.3992
2025-02-15 02:00,고속도로,종점,"(2차로,갓길)화물차관련사고처리중",127.0427,35.8403
2025-02-15 08:00,고속도로,종점,(진출로갓길)승용차사고처리중,127.3783,36.4095
2025-02-15 09:00,고속도로,종점,(진출로갓길)중형화물차사고처리중 전면차단우회홍보,127.3783,36.4095
2025-02-15 10:00,고속도로,종점,(진출로갓길)중형화물차사고처리중 전면차단우회홍보,127.3783,36.4095
2025-02-15 10:00,고속도로,기점,(진출로2차로)승용차관련사고처리중,126.8806,37.1284
2025-02-15 10:00,고속도로,기점,(1차로)승용차관련사고처리중,127.4922,36.8439
2025-02-15 10:00,고속도로,종점,(갓길)승용차관련사고처리중,126.752,37.5265
2025-02-15 11:00,고속도로,기점,(1차로)소형승합차단독사고처리중,126.9377,35.207
2025-02-15 11:00,고속도로,종점,(갓길)승용차관련사고처리중,126.8773,37.1551
2025-02-15 11:00,고속도로,기점,(갓길)대형화물차관련사고처리중,127.4704,36.952
2025-02-15 11:00,고속도로,기점,(1차로)승용차관련추돌사고처리중,128.1561,36.613
2025-02-15 11:00,고속도로,종점,(1차로)승용차관련사고처리중,127.4919,36.7653
2025-02-15 12:00,고속도로,기점,(1차로)소형화물차관련사고처리중,127.4759,36.8957
2025-02-15 12:00,고속도로,종점,(갓길)승용차관련사고처리중,128.5901,38.0564
2025-02-15 13:00,고속도로,기점,(1차로)사고처리중,127.1196,37.413
2025-02-15 13:00,고속도로,종점,(1차로)승용차사고처리중,127.3016,37.6324
2025-02-15 14:00,고속도로,기점,(3차로)승용차관련사고처리중,127.9386,37.6247
2025-02-15 14:00,고속도로,기점,(1차로)사고처리중,127.1196,37.413
2025-02-15 15:00,고속도로,종점,(1차로)소형화물차관련사고처리중,127.7229,37.0743
2025-02-15 15:00,고속도로,종점,(3차로)승용차관련사고처리중,128.0205,37.439
2025-02-15 15:00,고속도로,종점,(갓길)버스관련사고처리중,127.0656,37.4346
2025-02-15 17:00,고속도로,기점,"(1,2차로)승용차관련사고처리중",126.7512,37.5355
2025-02-15 21:00,고속도로,기점,(1차로)승용차관련사고처리중,127.9145,35.0503
2025-02-15 21:00,고속도로,종점,(5차로)사고처리중,127.1891,36.9266
2025-02-15 22:00,고속도로,종점,(갓길)승용차관련사고처리중,126.875,37.2262
2025-02-15 22:00,고속도로,종점,(갓길)버스관련사고처리중,127.1033,37.3633
2025-02-16 07:00,고속도로,기점,(진출로)승합차단독사고처리중,126.7494,37.5416
2025-02-16 08:00,고속도로,기점,(진출로)승합차단독사고처리중,126.7494,37.5416
2025-02-16 09:00,고속도로,기점,(진출로)승합차단독사고처리중,126.7494,37.5416
2025-02-16 10:00,고속도로,기점,(갓길)승용차사고처리중,127.1234,37.4258
2025-02-16 11:00,고속도로,종점,(3차로)사고처리중,126.7746,37.5242
2025-02-16 12:00,고속도로,종점,(1차로)승용차화재사고처리중,127.7225,37.0761
2025-02-16 13:00,고속도로,종점,(1차로)승용차화재사고처리중,127.7225,37.0761
2025-02-16 13:00,고속도로,종점,(1차로)사고처리중,126.7494,37.5132
2025-02-16 14:00,고속도로,종점,(1차로)승용차화재사고처리중,127.7225,37.0761
2025-02-16 14:00,고속도로,기점,(진입로2차로)승용차사고처리중,127.0514,37.2991
2025-02-16 14:00,고속도로,기점,(1차로)승용차관련사고처리중,128.585,35.2886
2025-02-16 15:00,고속도로,기점,(갓길)승용차관련사고처리중,126.7203,37.5238
2025-02-16 15:00,고속도로,종점,(1차로)승용차관련사고처리중,126.8806,37.1284
2025-02-16 16:00,고속도로,종점,(1차로)승용차관련사고처리중,126.8773,37.1551
2025-02-16 16:00,고속도로,기점,(1차로)승용차관련사고처리중,128.3501,37.9439
2025-02-16 16:00,고속도로,기점,(1차로)승용차관련사고처리중,128.2398,36.3797
2025-02-16 20:00,고속도로,종점,(1차로)승용차관련사고처리중,127.6527,37.1404
2025-02-16 20:00,고속도로,기점,(2차로)승용차단독사고처리중,126.8402,34.6822
2025-02-16 21:00,고속도로,종점,(갓길)사고처리중,127.1479,37.6063
2025-02-16 22:00,고속도로,기점,"(4,5차로)승용차관련사고처리중",126.7547,37.47
2025-02-17 04:00,고속도로,기점,(갓길)승용차관련사고처리중,127.4006,37.2696
2025-02-17 05:00,고속도로,종점,(갓길)승용차단독사고처리중,128.606,36.4882
2025-02-17 06:00,고속도로,종점,(갓길)승용차관련사고처리중,126.6864,37.5233
2025-02-17 07:00,고속도로,종점,(1차로)승용차관련사고처리중,126.8943,37.421
2025-02-17 07:00,고속도로,종점,(2차로)승용차사고처리중,128.8132,37.7661
2025-02-17 08:00,고속도로,기점,(갓길)승용차관련사고처리중,128.7957,35.2173
2025-02-17 11:00,고속도로,종점,"(1,2차로)승용차관련사고처리중",127.4802,36.7558
2025-02-17 12:00,고속도로,종점,(1차로)승용차관련사고처리중,126.9395,37.3287
2025-02-17 12:00,고속도로,종점,(1차로)승용차관련사고처리중,126.8849,37.3164
2025-02-17 12:00,고속도로,종점,"(2차로,갓길)화물차관련사고처리중",127.3407,35.7773
2025-02-17 12:00,고속도로,종점,"(1,2차로)승용차관련사고처리중",127.4836,36.7593
2025-02-17 13:00,고속도로,종점,(갓길)승용차관련사고처리중,128.5611,35.2349
2025-02-17 13:00,고속도로,종점,(갓길)승용차관련사고처리중,126.8849,37.3164
2025-02-17 13:00,고속도로,종점,"(2차로,갓길)화물차관련사고처리중",127.3407,35.7773
2025-02-17 14:00,고속도로,종점,"(2차로,갓길)화물차관련사고처리중",127.3407,35.7773
2025-02-17 14:00,고속도로,기점,(진입로1차로)승용차관련사고처리중,126.755,37.4655
2025-02-17 14:00,고속도로,종점,"(3,4차로)사고처리중",127.1026,35.959
2025-02-17 15:00,고속도로,종점,"(3,4차로)화물차3대관련사고처리중",127.1026,35.959
2025-02-17 15:00,고속도로,종점,(갓길)승용차관련사고처리중,126.9023,37.2941
2025-02-17 15:00,고속도로,기점,(갓길)승용차사고처리중,128.9392,37.6895
2025-02-17 16:00,고속도로,기점,(2차로)버스추돌사고처리중,127.6975,34.9867
2025-02-17 16:00,고속도로,종점,"(3,4차로)화물차3대관련사고처리중",127.1026,35.959
2025-02-17 16:00,고속도로,기점,"(2,3,4차로)승용차관련사고처리중",128.1417,35.1671
2025-02-17 16:00,고속도로,종점,"(1,2차로)승용관련사고처리중",127.077,35.9227
2025-02-17 17:00,고속도로,기점,(4차로)승용차관련사고처리중,126.7056,37.5237
2025-02-17 17:00,고속도로,기점,(갓길)승용차관련사고처리중,127.1037,37.2912
2025-02-17 17:00,고속도로,종점,"(3,4차로)화물차3대관련사고처리중",127.1026,35.959
2025-02-17 17:00,고속도로,기점,(2차로)버스추돌사고처리중,127.6975,34.9867
2025-02-17 20:00,고속도로,기점,(3차로)대형화물차사고처리중,127.7233,37.0716
2025-02-17 21:00,고속도로,기점,(3차로)대형화물차사고처리중,127.7233,37.0716
2025-02-17 21:00,고속도로,기점,(진출로)승용차사고처리중,126.7487,37.5442
2025-02-17 22:00,고속도로,기점,(3차로)대형화물차사고처리중,127.7233,37.0716
2025-02-17 23:00,고속도로,기점,(3차로)대형화물차사고처리중,127.7233,37.0716
2025-02-17 23:00,고속도로,종점,(1차로)승용차관련사고처리중,128.6268,35.279
2025-02-18 00:00,고속도로,기점,"(2,3차로)승용차관련사고처리중",127.1689,37.4813
2025-02-18 00:00,고속도로,기점,(3차로)대형화물차사고처리중,127.7233,37.0716
2025-02-18 01:00,고속도로,기점,(3차로)대형화물차사고처리중,127.7233,37.0716
2025-02-18 07:00,고속도로,종점,(1차로)승용차사고처리중,127.3139,36.2991
2025-02-18 10:00,고속도로,기점,(5차로)승용차관련사고처리중,127.1122,37.1148
2025-02-18 11:00,국도,수원방향,사고처리중(견인 작업대기중),127.205629,37.214839
2025-02-18 11:00,국도,수원방향,램프구간 통행 재개(10:38),127.205565,37.214822
2025-02-18 12:00,고속도로,종점,(3차로)화물차관련사고처리중,126.887,37.3283
2025-02-18 12:00,국도,수원방향,사고처리중(견인 작업대기중),127.205629,37.214839
2025-02-18 12:00,국도,수원방향,램프구간 통행 재개(10:38),127.205565,37.214822
2025-02-18 13:00,국도,수원방향,램프구간 통행 재개(10:38),127.205565,37.214822
2025-02-18 13:00,국도,수원방향,사고처리중(견인 작업대기중),127.205629,37.214839
2025-02-18 13:00,고속도로,기점,(4차로)승용차관련사고처리중,127.1743,37.5775
2025-02-18 14:00,국도,수원방향,사고처리중(견인 작업대기중),127.205629,37.214839
2025-02-18 14:00,국도,수원방향,램프구간 통행 재개(10:38),127.205565,37.214822
2025-02-18 15:00,고속도로,종점,"(2차로,갓길)이동청소작업중",126.8952,35.1845
2025-02-18 15:00,국도,수원방향,사고처리중(견인 작업대기중),127.205629,37.214839
2025-02-18 15:00,국도,수원방향,램프구간 통행 재개(10:38),127.205565,37.214822
2025-02-18 16:00,국도,수원방향,램프구간 통행 재개(10:38),127.205565,37.214822
2025-02-18 16:00,국도,수원방향,사고처리중(견인 작업대기중),127.205629,37.214839
2025-02-18 16:00,고속도로,종점,"(1,2차로)버스관련사고처리중",127.1039,37.2462
2025-02-18 17:00,고속도로,종점,(갓길)승용차단독사고처리중,127.8234,37.3091
2025-02-18 17:00,국도,수원방향,사고처리중(견인 작업대기중),127.205629,37.214839
2025-02-18 17:00,국도,수원방향,램프구간 통행 재개(10:38),127.205565,37.214822
2025-02-18 18:00,국도,수원방향,램프구간 통행 재개(10:38),127.205565,37.214822
2025-02-18 18:00,국도,수원방향,사고처리중(견인 작업대기중),127.205629,37.214839
2025-02-18 19:00,고속도로,종점,(5차로)사고처리중,126.7609,37.5869
2025-02-18 19:00,국도,수원방향,사고처리중(견인 작업대기중),127.205629,37.214839
2025-02-18 19:00,국도,수원방향,램프구간 통행 재개(10:38),127.205565,37.214822
2025-02-18 20:00,국도,수원방향,사고처리중(견인 작업대기중),127.205629,37.214839
2025-02-18 20:00,국도,수원방향,램프구간 통행 재개(10:38),127.205565,37.214822
2025-02-18 21:00,국도,수원방향,사고처리중(견인 작업대기중),127.205629,37.214839
2025-02-18 21:00,국도,수원방향,램프구간 통행 재개(10:38),127.205565,37.214822
2025-02-18 22:00,국도,수원방향,램프구간 통행 재개(10:38),127.205565,37.214822
2025-02-18 22:00,국도,수원방향,사고처리중(견인 작업대기중),127.205629,37.214839
2025-02-18 22:00,고속도로,종점,(갓길)긴급제동시설승용차사고처리중,128.791,37.7472
2025-02-18 23:00,국도,수원방향,사고처리중(견인 작업대기중),127.205629,37.214839
2025-02-18 23:00,국도,수원방향,램프구간 통행 재개(10:38),127.205565,37.214822
2025-02-19 00:00,국도,수원방향,램프구간 통행 재개(10:38),127.205565,37.214822
2025-02-19 00:00,국도,수원방향,사고처리중(견인 작업대기중),127.205629,37.214839
2025-02-19 01:00,국도,수원방향,램프구간 통행 재개(10:38),127.205565,37.214822
2025-02-19 01:00,국도,수원방향,사고처리중(견인 작업대기중),127.205629,37.214839
2025-02-19 01:00,고속도로,종점,"(3,4차로)화물차관련사고처리중",127.2891,37.2391
2025-02-19 02:00,국도,수원방향,램프구간 통행 재개(10:38),127.205565,37.214822
2025-02-19 02:00,국도,수원방향,사고처리중(견인 작업대기중),127.205629,37.214839
2025-02-19 03:00,고속도로,기점,"(2차로,갓길)화물차관련사고처리중",127.2508,35.8596
2025-02-19 03:00,국도,수원방향,램프구간 통행 재개(10:38),127.205565,37.214822
2025-02-19 03:00,국도,수원방향,사고처리중(견인 작업대기중),127.205629,37.214839
2025-02-19 04:00,고속도로,종점,"(3,4차로)승용차관련사고처리중",126.8768,37.3367
2025-02-19 04:00,국도,수원방향,사고처리중(견인 작업대기중),127.205629,37.214839
2025-02-19 04:00,국도,수원방향,램프구간 통행 재개(10:38),127.205565,37.214822
2025-02-19 05:00,국도,수원방향,사고처리중(견인 작업대기중),127.205629,37.214839
2025-02-19 05:00,국도,수원방향,램프구간 통행 재개(10:38),127.205565,37.214822
2025-02-19 06:00,국도,수원방향,사고처리중(견인 작업대기중),127.205629,37.214839
2025-02-19 06:00,국도,수원방향,램프구간 통행 재개(10:38),127.205565,37.214822
2025-02-19 07:00,고속도로,기점,"(1,2차로)승용차추돌사고처리중",126.5544,36.6707
2025-02-19 07:00,국도,수원방향,사고처리중(견인 작업대기중),127.205629,37.214839
2025-02-19 07:00,국도,수원방향,램프구간 통행 재개(10:38),127.205565,37.214822
2025-02-19 08:00,국도,수원방향,램프구간 통행 재개(10:38),127.205565,37.214822
2025-02-19 08:00,국도,수원방향,사고처리중(견인 작업대기중),127.205629,37.214839
2025-02-19 09:00,국도,수원방향,램프구간 통행 재개(10:38),127.205565,37.214822
2025-02-19 09:00,국도,수원방향,사고처리중(견인 작업대기중),127.205629,37.214839
2025-02-19 09:00,고속도로,기점,(갓길)줄포졸음쉼터내단독사고처리중,126.6933,35.5636
2025-02-19 10:00,국도,수원방향,사고처리중(견인 작업대기중),127.205629,37.214839
2025-02-19 10:00,고속도로,기점,(갓길)승용차관련사고처리중,126.8932,37.3104
2025-02-19 10:00,고속도로,기점,(진출로1차로)승용차관련사고처리중,128.5342,36.0902
2025-02-19 10:00,국도,수원방향,램프구간 통행 재개(10:38),127.205565,37.214822
2025-02-19 11:00,국도,수원방향,사고처리중(견인 작업대기중),127.205629,37.214839
2025-02-19 11:00,국도,수원방향,램프구간 통행 재개(10:38),127.205565,37.214822
2025-02-19 12:00,고속도로,종점,(하이패스차로)화물차관련사고처리중,127.778,37.8388
2025-02-19 12:00,국도,수원방향,사고처리중(견인 작업대기중),127.205629,37.214839
2025-02-19 12:00,국도,수원방향,램프구간 통행 재개(10:38),127.205565,37.214822
2025-02-19 13:00,고속도로,기점,(갓길)사고처리중,126.829,37.4191
2025-02-19 13:00,고속도로,종점,(갓길)사고처리중,126.9005,37.2853
2025-02-19 13:00,국도,수원방향,사고처리중(견인 작업대기중),127.205629,37.214839
2025-02-19 13:00,국도,수원방향,램프구간 통행 재개(10:38),127.205565,37.214822
2025-02-19 14:00,국도,수원방향,사고처리중(견인 작업대기중),127.205629,37.214839
2025-02-19 14:00,국도,수원방향,램프구간 통행 재개(10:38),127.205565,37.214822
2025-02-19 15:00,국도,수원방향,램프구간 통행 재개(10:38),127.205565,37.214822
2025-02-19 15:00,국도,수원방향,사고처리중(견인 작업대기중),127.205629,37.214839
2025-02-19 15:00,고속도로,종점,(갓길)승용차관련사고처리중,126.8773,37.1551
2025-02-19 16:00,고속도로,기점,(갓길)화물차관련사고처리중,129.0333,37.6246
2025-02-19 16:00,국도,수원방향,사고처리중(견인 작업대기중),127.205629,37.214839
2025-02-19 16:00,국도,수원방향,램프구간 통행 재개(10:38),127.205565,37.214822
2025-02-19 17:00,고속도로,종점,"(2,3차로)버스,승용차관련사고처리중",127.0463,37.4567
2025-02-19 17:00,고속도로,종점,(갓길)승용차사고처리중,126.9023,37.2941
2025-02-19 17:00,고속도로,기점,"(1,2차로)승용차관련사고처리중",127.0096,37.3903
2025-02-19 17:00,고속도로,기점,(1차로)승용차관련사고처리중,128.5221,36.0369
2025-02-19 17:00,고속도로,기점,(1차로)승용차관련사고처리중,127.0096,37.3903
2025-02-19 17:00,국도,수원방향,사고처리중(견인 작업대기중),127.205629,37.214839
2025-02-19 17:00,국도,수원방향,램프구간 통행 재개(10:38),127.205565,37.214822
2025-02-19 18:00,고속도로,기점,(3차로)승용차사고처리중,127.3668,36.6842
2025-02-19 18:00,고속도로,기점,(갓길)승용차사고처리중,126.9181,37.3244
2025-02-19 18:00,국도,수원방향,사고처리중(견인 작업대기중),127.205629,37.214839
2025-02-19 18:00,국도,수원방향,램프구간 통행 재개(10:38),127.205565,37.214822
2025-02-19 19:00,고속도로,기점,(갓길)1톤화물차단독화재사고처리중,127.4989,35.0596
2025-02-19 19:00,고속도로,기점,(4차로)승용차관련사고처리중,128.5115,35.8205
2025-02-19 19:00,국도,수원방향,사고처리중(견인 작업대기중),127.205629,37.214839
2025-02-19 19:00,국도,수원방향,램프구간 통행 재개(10:38),127.205565,37.214822
2025-02-19 20:00,국도,수원방향,램프구간 통행 재개(10:38),127.205565,37.214822
2025-02-19 20:00,국도,수원방향,사고처리중(견인 작업대기중),127.205629,37.214839
2025-02-19 20:00,고속도로,기점,(1차로)사고처리중,126.972,37.3199
2025-02-19 21:00,국도,수원방향,사고처리중(견인 작업대기중),127.205629,37.214839
2025-02-19 21:00,국도,수원방향,램프구간 통행 재개(10:38),127.205565,37.214822
2025-02-19 22:00,국도,수원방향,사고처리중(견인 작업대기중),127.205629,37.214839
2025-02-19 22:00,국도,수원방향,램프구간 통행 재개(10:38),127.205565,37.214822
2025-02-19 23:00,국도,수원방향,램프구간 통행 재개(10:38),127.205565,37.214822
2025-02-19 23:00,국도,수원방향,사고처리중(견인 작업대기중),127.205629,37.214839
2025-02-20 00:00,국도,수원방향,램프구간 통행 재개(10:38),127.205565,37.214822
2025-02-20 00:00,국도,수원방향,사고처리중(견인 작업대기중),127.205629,37.214839
2025-02-20 03:00,고속도로,기점,(2차로)화물차관련사고처리중,128.98,35.195
2025-02-20 03:00,고속도로,기점,"(1,2차로)화물차관련추돌사고처리중",128.3378,35.8237
2025-02-20 04:00,고속도로,기점,화물차단독사고처리중(진출로전면차단) 국도우회바람,128.9807,35.1943
2025-02-20 05:00,고속도로,기점,화물차단독사고처리중(진출로전면차단) 국도우회바람,128.9807,35.1943
2025-02-20 07:00,고속도로,기점,(진출로1차로)사고처리중,127.1581,37.5819
2025-02-20 07:00,고속도로,기점,(광장부)사고처리중,127.1567,37.5906
2025-02-20 07:00,고속도로,기점,(5차로)사고처리중,127.4277,36.5776
2025-02-20 08:00,고속도로,종점,(4차로)사고처리중,126.9888,37.3835
2025-02-20 09:00,고속도로,기점,(3차로)화물차관련사고처리중,126.9821,37.3204
2025-02-20 10:00,고속도로,종점,(갓길)사고처리중,127.1234,37.4258
2025-02-20 10:00,고속도로,종점,(3차로)소형화물차단독사고처리중,128.9274,35.2238
2025-02-20 10:00,고속도로,기점,(4차로)사고처리중,126.7489,37.4821
2025-02-20 12:00,고속도로,종점,(4차로)승용차관련사고처리중,126.7168,37.4339
2025-02-20 12:00,고속도로,종점,(1차로)승용차관련사고처리중,126.8779,37.1533
2025-02-20 12:00,고속도로,종점,(3차로)화물차관련사고처리중,129.0698,35.3115
2025-02-20 13:00,고속도로,종점,(3차로)화물차관련사고처리중,129.0698,35.3115
2025-02-20 13:00,고속도로,기점,(3차로)사고처리중,127.1759,37.557
2025-02-20 14:00,고속도로,종점,(1차로)승용차관련사고처리중,126.8736,37.1728
2025-02-20 15:00,고속도로,종점,(1차로)승용차관련사고처리중,127.7312,37.0484
2025-02-20 16:00,고속도로,종점,"(1차로,갓길)승용차관련사고처리중",127.4927,36.829
2025-02-20 16:00,고속도로,종점,(갓길)승용차관련사고처리중,127.7312,37.0484
2025-02-20 16:00,고속도로,기점,(2차로)승용차관련사고처리중,127.1036,37.3038
2025-02-20 16:00,고속도로,기점,(2차로)승용차관련사고처리중,127.1036,37.3074
2025-02-20 17:00,고속도로,기점,(갓길)승용차단독사고처리중,127.7291,35.6264
2025-02-20 17:00,고속도로,종점,(2차로)화물차관련사고처리중,128.3239,35.8438
2025-02-20 18:00,고속도로,종점,(갓길)승용차단독사고처리중,128.2434,37.5091
2025-02-20 19:00,고속도로,기점,(3차로)청계영업소다차로하이패스3차로사고처리중,127.0202,37.3928
2025-02-20 19:00,고속도로,종점,(갓길)승용차관련사고처리중,128.5033,35.5183
2025-02-20 21:00,고속도로,기점,(갓길)화물차관련사고처리중,129.1684,35.8146
2025-02-20 21:00,고속도로,종점,(1차로)대형화물차관련사고처리중,127.4794,37.0062
2025-02-20 23:00,고속도로,기점,"(1,2차로)사고처리중",127.3411,36.391
2025-02-21 02:00,고속도로,기점,(2차로)승용차사고처리중,127.6083,37.2368
2025-02-21 02:00,고속도로,기점,(갓길)승용차사고처리중,127.1234,37.4213
2025-02-21 04:00,고속도로,기점,(2차로)승용차단독사고처리중,126.7922,35.2701
2025-02-21 04:00,고속도로,기점,(갓길)사고처리중,127.4089,36.4054
2025-02-21 05:00,고속도로,기점,"(1차로,갓길)사고처리중",127.4089,36.4054
2025-02-21 06:00,고속도로,기점,"(1차로,갓길)사고처리중",127.4089,36.4054
2025-02-21 07:00,고속도로,기점,"(1,2차로)화물차관련사고처리중",128.3543,36.1233
2025-02-21 07:00,고속도로,기점,"(1차로,갓길)사고처리중",127.4089,36.4054
2025-02-21 07:00,고속도로,종점,(진입로갓길)휴게소화물차관련사고처리중,128.0025,36.1941
2025-02-21 07:00,고속도로,기점,(갓길)화물차관련사고처리중,126.9839,35.7317
2025-02-21 08:00,고속도로,종점,(갓길)승용차단독사고처리중,127.8464,37.7594
2025-02-21 10:00,고속도로,종점,(3차로)사고처리중,127.0972,37.0371
2025-02-21 11:00,고속도로,기점,(갓길)승용차관련사고처리중,126.8932,37.3104
2025-02-21 11:00,고속도로,기점,(갓길)화물차사고처리중,127.4273,36.5866
2025-02-21 12:00,고속도로,기점,(1차로)승용차관련추돌사고처리중,127.491,36.8174
2025-02-21 12:00,고속도로,기점,"(2차로,갓길)화물차관련사고처리중",128.6109,35.285
2025-02-21 13:00,고속도로,기점,"(2차로,갓길)화물차관련사고처리중",128.6109,35.285
2025-02-21 13:00,고속도로,종점,(갓길)사고처리중,126.7469,37.4998
2025-02-21 13:00,고속도로,종점,"(2,3차로)추돌사고처리중",127.1033,37.3543
2025-02-21 14:00,고속도로,종점,(갓길)사고처리중,126.7469,37.4998
2025-02-21 14:00,고속도로,종점,(1차로)승용차관련사고처리중,126.88,37.1374
2025-02-21 14:00,고속도로,종점,(갓길)승용차관련추돌사고처리중,126.9897,34.755
2025-02-21 15:00,고속도로,기점,"(3차로,갓길)사고처리중",127.013,37.0253
2025-02-21 15:00,고속도로,종점,(1차로)승용차관련사고처리중,127.4836,36.7593
2025-02-21 16:00,고속도로,종점,(1차로)승용차관련사고처리중,127.9492,36.8495
2025-02-21 16:00,고속도로,기점,(1차로)승용차관련사고처리중,127.7217,37.0805
2025-02-21 16:00,고속도로,종점,"(1,2차로)사고처리중",127.1576,36.9858
2025-02-21 16:00,고속도로,기점,"(3차로,갓길)사고처리중",127.013,37.0253
2025-02-21 16:00,고속도로,종점,(2차로)승용차관련사고처리중,126.7477,37.5043
2025-02-21 17:00,고속도로,기점,(1차로)승용차관련사고처리중,128.5359,36.0228
2025-02-21 17:00,고속도로,종점,(1차로)사고처리중,126.8891,37.0666
2025-02-21 17:00,고속도로,기점,(1차로)승용차관련사고처리중,127.4881,36.8522
2025-02-21 17:00,고속도로,종점,(1차로)승용차사고처리중,126.9608,37.3238
2025-02-21 17:00,고속도로,종점,(1차로)승용차관련사고처리중,127.4201,36.6489
2025-02-21 18:00,고속도로,종점,(1차로)승용차관련사고처리중,128.2255,36.2981
2025-02-21 18:00,고속도로,종점,(2차로)승용차관련사고처리중,128.9046,35.3044
2025-02-21 18:00,고속도로,종점,(1차로)사고처리중,127.4089,36.4054
2025-02-21 19:00,고속도로,종점,(1차로)사고처리중,126.88,37.1374
2025-02-21 20:00,고속도로,기점,(갓길)승용차관련사고처리중,126.8306,37.4148
2025-02-21 20:00,고속도로,종점,(3차로)승용차관련사고처리중,127.1719,37.5654
2025-02-21 20:00,고속도로,기점,(2차로)대형화물차관련사고처리중,127.4923,36.8281
2025-02-21 21:00,고속도로,기점,(2차로)대형화물차관련사고처리중,127.4923,36.8281
2025-02-21 21:00,고속도로,종점,(광장부갓길)승용차관련사고처리중,128.9839,35.251
2025-02-22 01:00,고속도로,기점,(1차로)승용차사고처리중,128.5638,38.18
2025-02-22 03:00,고속도로,종점,(1차로)승용차관련사고처리중,128.2641,36.1758
2025-02-22 04:00,고속도로,기점,(갓길)승용차관련사고처리중,127.3381,36.7186
2025-02-22 06:00,고속도로,기점,"(2,3차로)승용차관련사고처리중",126.709,37.5237
2025-02-22 07:00,고속도로,기점,(갓길)승용차관련사고처리중,126.8052,37.3508
2025-02-22 07:00,고속도로,기점,(4차로)승용차관련사고처리중,126.709,37.5237
2025-02-22 07:00,고속도로,종점,"(2,3차로)화물차관련사고처리중",127.73,37.0499
2025-02-22 07:00,고속도로,종점,"(1,2,3차로)사고처리중",126.8626,37.371
2025-02-22 09:00,고속도로,기점,(1차로)승용차관련사고처리중,127.5974,37.2189
2025-02-22 10:00,고속도로,종점,(1차로)승용차관련사고처리중,127.7232,37.0725
2025-02-22 10:00,고속도로,종점,(1차로)승용차관련사고처리중,128.0931,36.726
2025-02-22 10:00,고속도로,종점,(1차로)화물차단독사고처리중,127.4153,37.2408
2025-02-22 10:00,고속도로,종점,(1차로)승용차관련사고처리중,128.5322,35.2849
2025-02-22 11:00,고속도로,기점,(5차로)추돌사고처리중,127.0964,37.1274
2025-02-22 11:00,고속도로,종점,(1차로)화물차단독사고처리중,127.4153,37.2408
2025-02-22 11:00,고속도로,종점,(1차로)승용차관련사고처리중,127.7235,37.0707
2025-02-22 11:00,고속도로,종점,(갓길)승용차관련사고처리중,126.8801,37.1464
2025-02-22 11:00,고속도로,종점,"(1,2차로)사고처리중",127.4177,36.4519
2025-02-22 11:00,고속도로,종점,(2차로)추돌사고처리중,127.1385,37.0374
2025-02-22 11:00,고속도로,종점,(진입로1차로)승용차관련사고처리중,126.8607,37.3441
2025-02-22 12:00,고속도로,종점,(1차로)화물차단독사고처리중,127.4153,37.2408
2025-02-22 12:00,고속도로,종점,(1차로)추돌사고처리중,127.1056,37.4076
2025-02-22 12:00,고속도로,기점,(1차로)승용차관련사고처리중,126.7861,35.2867
2025-02-22 12:00,고속도로,종점,(1차로)승용차관련사고처리중,127.7489,37.042
2025-02-22 13:00,고속도로,종점,(갓길)승용차관련사고처리중,127.4912,36.8228
2025-02-22 13:00,고속도로,기점,(1차로)승용차관련사고처리중,127.4234,36.9525
2025-02-22 13:00,고속도로,종점,(갓길)화물차단독사고처리중,128.9806,35.2353
2025-02-22 14:00,고속도로,기점,(1차로)승용차관련사고처리중,127.8644,36.9308
2025-02-22 15:00,고속도로,기점,(1차로)승용차사고처리중,127.0586,37.2969
2025-02-22 15:00,고속도로,종점,(1차로)승용차관련사고처리중,128.1114,37.7858
2025-02-22 15:00,고속도로,기점,(1차로)승용차관련사고처리중,127.6307,37.1662
2025-02-22 16:00,고속도로,기점,(1차로)승용차관련추돌사고처리중,126.4941,34.985
2025-02-22 16:00,고속도로,종점,(1차로)승용차관련사고처리중,127.7306,37.0491
2025-02-22 16:00,고속도로,종점,(갓길)사고처리중,127.1136,35.993
2025-02-22 16:00,고속도로,종점,"(1,2차로)승용차사고처리중",127.1314,37.4765
2025-02-22 16:00,고속도로,기점,(갓길)승용차사고처리중,127.0586,37.2969
2025-02-22 16:00,고속도로,종점,(1차로)승용차관련사고처리중,127.7225,37.0761
2025-02-22 16:00,고속도로,기점,(3차로)승용차관련사고처리중,126.8698,37.3396
2025-02-22 17:00,고속도로,종점,"(1,2차로)승용차사고처리중",127.1314,37.4765
2025-02-22 18:00,고속도로,기점,(2차로)승용차관련사고처리완료,128.9915,35.2701
2025-02-22 19:00,고속도로,종점,(1차로)승용차관련사고처리중,126.88,37.1374
2025-02-22 19:00,고속도로,종점,"(5차로,갓길)승용차관련사고처리중",126.892,37.416
2025-02-23 03:00,고속도로,종점,"(3,4차로)승용차관련사고처리중",126.8305,37.5248
2025-02-23 07:00,고속도로,기점,(3차로)승용차관련사고처리중,126.7462,37.4954
2025-02-23 10:00,고속도로,종점,"(1,2차로)화물차사고처리중",127.1564,37.5133
2025-02-23 12:00,고속도로,종점,(1차로)승용차단독사고처리중,127.3594,36.4007
2025-02-23 12:00,고속도로,기점,(3차로)승용차사고처리중,126.8714,37.3413
2025-02-23 12:00,고속도로,기점,"(갓길)승용차단독사고처리중,쉼터이용불가",128.8733,35.2214
2025-02-23 13:00,고속도로,기점,(2차로)승용차관련사고처리중,127.3326,36.3744
2025-02-23 13:00,고속도로,종점,"(2차로,갓길)사고처리중",126.7233,35.6555
2025-02-23 14:00,고속도로,기점,(진출로갓길)승용차단독사고처리중,126.8274,35.2197
2025-02-23 15:00,고속도로,종점,(2차로)화물차관련사고처리중,126.8308,36.2808
2025-02-23 16:00,고속도로,종점,"(3차로,갓길)승용차화재사고처리중",128.0147,36.1755
2025-02-23 16:00,고속도로,기점,(1차로)승용차관련사고처리중,127.5418,37.6928
2025-02-23 16:00,고속도로,종점,(1차로)승용차관련사고처리중,127.3326,36.3744
2025-02-23 16:00,고속도로,종점,(광장부)승용차관련사고처리중,128.8056,35.1987
2025-02-23 17:00,고속도로,종점,(1차로)승용차관련사고처리완료,128.0682,35.0985
2025-02-23 17:00,고속도로,종점,(갓길)승용차관련사고처리중,127.0917,37.0368
2025-02-23 20:00,고속도로,기점,(갓길)승용차관련사고처리중,126.5685,36.75
2025-02-23 21:00,고속도로,기점,(갓길)승용차관련사고처리중,126.5685,36.75
2025-02-23 22:00,고속도로,기점,(5차로)승용차단독사고처리중,126.804,37.627
2025-02-23 23:00,고속도로,기점,(5차로)승용차단독사고처리중,126.804,37.627
2025-02-24 00:00,고속도로,종점,(1차로)화물차단독사고처리중,128.6188,36.4534
2025-02-24 03:00,고속도로,기점,(2차로)승용차사고처리중,127.0869,35.3554
2025-02-24 04:00,고속도로,종점,(갓길)사고처리중,127.5597,36.0467
2025-02-24 04:00,고속도로,기점,"(2,3차로)버스사고처리중",128.9382,35.1583
2025-02-24 05:00,고속도로,기점,(4차로)버스사고처리중,128.9382,35.1583
2025-02-24 05:00,고속도로,논산방향,사고처리중(후미 화물차 운전자 구조 작업중),127.110186,36.528148
2025-02-24 05:00,고속도로,논산방향,사고처리중(2차로 사고차량 화물차 2대 견인작업중),127.110293,36.529597
2025-02-24 06:00,고속도로,논산방향,사고처리완료(05:30),127.110271,36.529493
2025-02-24 06:00,고속도로,논산방향,사고처리중(2차로 사고차량 화물차 2대 견인작업중),127.110293,36.529597
2025-02-24 06:00,고속도로,논산방향,사고처리중(후미 화물차 운전자 구조 작업중),127.110186,36.528148
2025-02-24 06:00,고속도로,종점,(갓길)사고처리중,126.8365,35.918
2025-02-24 06:00,고속도로,기점,(1차로)승용차사고처리중,126.8932,37.3104
2025-02-24 06:00,고속도로,종점,(1차로)승용차관련사고처리중,126.8176,37.3503
2025-02-24 06:00,고속도로,기점,(갓길)승용차관련사고처리중,126.6679,37.4377
2025-02-24 07:00,고속도로,논산방향,사고처리중(후미 화물차 운전자 구조 작업중),127.110186,36.528148
2025-02-24 07:00,고속도로,논산방향,사고처리중(2차로 사고차량 화물차 2대 견인작업중),127.110293,36.529597
2025-02-24 07:00,고속도로,논산방향,사고처리완료(05:30),127.110271,36.529493
2025-02-24 08:00,고속도로,논산방향,사고처리중(후미 화물차 운전자 구조 작업중),127.110186,36.528148
2025-02-24 08:00,고속도로,논산방향,사고처리중(2차로 사고차량 화물차 2대 견인작업중),127.110293,36.529597
2025-02-24 08:00,고속도로,논산방향,사고처리완료(05:30),127.110271,36.529493
2025-02-24 09:00,고속도로,논산방향,사고처리완료(05:30),127.110271,36.529493
2025-02-24 09:00,고속도로,논산방향,사고처리중(2차로 사고차량 화물차 2대 견인작업중),127.110293,36.529597
2025-02-24 09:00,고속도로,종점,"(2차로,갓길)승용차관련사고처리중",126.7521,37.531
2025-02-24 09:00,고속도로,논산방향,사고처리중(후미 화물차 운전자 구조 작업중),127.110186,36.528148
2025-02-24 10:00,고속도로,종점,(1차로)버스관련사고처리중,127.0463,37.4567
2025-02-24 10:00,고속도로,논산방향,사고처리중(후미 화물차 운전자 구조 작업중),127.110186,36.528148
2025-02-24 10:00,고속도로,논산방향,사고처리중(2차로 사고차량 화물차 2대 견인작업중),127.110293,36.529597
2025-02-24 10:00,고속도로,논산방향,사고처리완료(05:30),127.110271,36.529493
2025-02-24 11:00,고속도로,기점,(2차로)승용차관련사고처리중,127.5233,36.5259
2025-02-24 11:00,고속도로,기점,(갓길)승용차사고처리중,127.9419,36.8574
2025-02-24 11:00,고속도로,논산방향,사고처리중(후미 화물차 운전자 구조 작업중),127.110186,36.528148
2025-02-24 11:00,고속도로,논산방향,사고처리중(2차로 사고차량 화물차 2대 견인작업중),127.110293,36.529597
2025-02-24 11:00,고속도로,논산방향,사고처리완료(05:30),127.110271,36.529493
2025-02-24 12:00,고속도로,논산방향,사고처리중(후미 화물차 운전자 구조 작업중),127.110186,36.528148
2025-02-24 12:00,고속도로,논산방향,사고처리중(2차로 사고차량 화물차 2대 견인작업중),127.110293,36.529597
2025-02-24 12:00,고속도로,논산방향,사고처리완료(05:30),127.110271,36.529493
2025-02-24 13:00,고속도로,논산방향,사고처리완료(05:30),127.110271,36.529493
2025-02-24 13:00,고속도로,논산방향,사고처리중(2차로 사고차량 화물차 2대 견인작업중),127.110293,36.529597
2025-02-24 13:00,고속도로,논산방향,사고처리중(후미 화물차 운전자 구조 작업중),127.110186,36.528148
2025-02-24 14:00,고속도로,종점,(2차로)대형화물차사고처리중,127.9598,36.8262
2025-02-24 14:00,고속도로,종점,(1차로)승용차사고처리중,128.1813,36.5111
2025-02-24 14:00,고속도로,논산방향,사고처리중(후미 화물차 운전자 구조 작업중),127.110186,36.528148
2025-02-24 14:00,고속도로,논산방향,사고처리중(2차로 사고차량 화물차 2대 견인작업중),127.110293,36.529597
2025-02-24 14:00,고속도로,논산방향,사고처리완료(05:30),127.110271,36.529493
2025-02-24 15:00,고속도로,논산방향,사고처리완료(05:30),127.110271,36.529493
2025-02-24 15:00,고속도로,논산방향,사고처리중(2차로 사고차량 화물차 2대 견인작업중),127.110293,36.529597
2025-02-24 15:00,고속도로,논산방향,사고처리중(후미 화물차 운전자 구조 작업중),127.110186,36.528148
2025-02-24 15:00,고속도로,종점,(2차로)대형화물차사고처리중,127.9598,36.8262
2025-02-24 15:00,고속도로,종점,"(1,2차로)승용차관련사고처리중",126.8743,37.2244
2025-02-24 15:00,고속도로,기점,(1차로)승용차단독사고처리중,129.1595,36.4836
2025-02-24 15:00,고속도로,기점,(2차로)승용차사고처리중,127.5418,35.4759
2025-02-24 15:00,고속도로,기점,(1차로)승용차관련사고처리중,128.315,37.5496
2025-02-24 16:00,고속도로,논산방향,사고처리완료(05:30),127.110271,36.529493
2025-02-24 16:00,고속도로,논산방향,사고처리중(2차로 사고차량 화물차 2대 견인작업중),127.110293,36.529597
2025-02-24 16:00,고속도로,논산방향,사고처리중(후미 화물차 운전자 구조 작업중),127.110186,36.528148
2025-02-24 16:00,고속도로,종점,(2차로)대형화물차사고처리중,127.9598,36.8262
2025-02-24 16:00,고속도로,기점,(2차로)승용차사고처리중,127.5418,35.4759
2025-02-24 17:00,고속도로,종점,(1차로)승용차사고처리중,127.4836,36.7593
2025-02-24 17:00,고속도로,종점,(2차로)대형화물차사고처리중,127.9598,36.8262
2025-02-24 17:00,고속도로,논산방향,사고처리중(후미 화물차 운전자 구조 작업중),127.110186,36.528148
2025-02-24 17:00,고속도로,논산방향,사고처리중(2차로 사고차량 화물차 2대 견인작업중),127.110293,36.529597
2025-02-24 17:00,고속도로,논산방향,사고처리완료(05:30),127.110271,36.529493
2025-02-24 18:00,고속도로,논산방향,사고처리완료(05:30),127.110271,36.529493
2025-02-24 18:00,고속도로,논산방향,사고처리중(2차로 사고차량 화물차 2대 견인작업중),127.110293,36.529597
2025-02-24 18:00,고속도로,논산방향,사고처리중(후미 화물차 운전자 구조 작업중),127.110186,36.528148
2025-02-24 18:00,고속도로,기점,(4차로)화물차관련사고처리중,126.8813,37.405
2025-02-24 18:00,고속도로,종점,(2차로)대형화물차사고처리중,127.9598,36.8262
2025-02-24 19:00,고속도로,종점,(1차로)승용차사고처리중,127.7312,37.0484
2025-02-24 19:00,고속도로,종점,(갓길)사고처리중,127.1343,36.1222
2025-02-24 19:00,고속도로,기점,(2차로)승용차관련사고처리중,127.0536,37.3964
2025-02-24 19:00,고속도로,논산방향,사고처리중(후미 화물차 운전자 구조 작업중),127.110186,36.528148
2025-02-24 19:00,고속도로,논산방향,사고처리중(2차로 사고차량 화물차 2대 견인작업중),127.110293,36.529597
2025-02-24 19:00,고속도로,논산방향,사고처리완료(05:30),127.110271,36.529493
2025-02-24 20:00,고속도로,논산방향,사고처리완료(05:30),127.110271,36.529493
2025-02-24 20:00,고속도로,논산방향,사고처리중(2차로 사고차량 화물차 2대 견인작업중),127.110293,36.529597
2025-02-24 20:00,고속도로,논산방향,사고처리중(후미 화물차 운전자 구조 작업중),127.110186,36.528148
2025-02-24 20:00,고속도로,종점,"(2차로,갓길)승용차추돌사고처리중",127.3625,35.3256
2025-02-24 21:00,고속도로,논산방향,사고처리중(2차로 사고차량 화물차 2대 견인작업중),127.110293,36.529597
2025-02-24 21:00,고속도로,논산방향,사고처리중(후미 화물차 운전자 구조 작업중),127.110186,36.528148
2025-02-24 21:00,고속도로,논산방향,사고처리완료(05:30),127.110271,36.529493
2025-02-24 22:00,고속도로,논산방향,사고처리중(후미 화물차 운전자 구조 작업중),127.110186,36.528148
2025-02-24 22:00,고속도로,논산방향,사고처리중(2차로 사고차량 화물차 2대 견인작업중),127.110293,36.529597
2025-02-24 22:00,고속도로,논산방향,사고처리완료(05:30),127.110271,36.529493
2025-02-24 23:00,고속도로,논산방향,사고처리중(후미 화물차 운전자 구조 작업중),127.110186,36.528148
2025-02-24 23:00,고속도로,논산방향,사고처리중(2차로 사고차량 화물차 2대 견인작업중),127.110293,36.529597
2025-02-24 23:00,고속도로,논산방향,사고처리완료(05:30),127.110271,36.529493
2025-02-25 00:00,고속도로,논산방향,사고처리중(2차로 사고차량 화물차 2대 견인작업중),127.110293,36.529597
2025-02-25 00:00,고속도로,논산방향,사고처리완료(05:30),127.110271,36.529493
2025-02-25 00:00,고속도로,논산방향,사고처리중(후미 화물차 운전자 구조 작업중),127.110186,36.528148
2025-02-25 01:00,고속도로,종점,(광장부)승용차사고처리중,126.8618,37.3526
2025-02-25 01:00,고속도로,논산방향,사고처리중(후미 화물차 운전자 구조 작업중),127.110186,36.528148
2025-02-25 01:00,고속도로,논산방향,사고처리중(2차로 사고차량 화물차 2대 견인작업중),127.110293,36.529597
2025-02-25 01:00,고속도로,논산방향,사고처리완료(05:30),127.110271,36.529493
2025-02-25 02:00,고속도로,논산방향,사고처리완료(05:30),127.110271,36.529493
2025-02-25 02:00,고속도로,논산방향,사고처리중(후미 화물차 운전자 구조 작업중),127.110186,36.528148
2025-02-25 02:00,고속도로,논산방향,사고처리중(2차로 사고차량 화물차 2대 견인작업중),127.110293,36.529597
2025-02-25 03:00,고속도로,논산방향,사고처리중(후미 화물차 운전자 구조 작업중),127.110186,36.528148
2025-02-25 03:00,고속도로,논산방향,사고처리중(2차로 사고차량 화물차 2대 견인작업중),127.110293,36.529597
2025-02-25 03:00,고속도로,논산방향,사고처리완료(05:30),127.110271,36.529493
2025-02-25 03:00,고속도로,기점,(1차로)승용차추돌사고처리중,129.0024,35.2709
2025-02-25 04:00,고속도로,논산방향,사고처리중(후미 화물차 운전자 구조 작업중),127.110186,36.528148
2025-02-25 04:00,고속도로,논산방향,사고처리중(2차로 사고차량 화물차 2대 견인작업중),127.110293,36.529597
2025-02-25 04:00,고속도로,논산방향,사고처리완료(05:30),127.110271,36.529493
2025-02-25 05:00,고속도로,논산방향,사고처리완료(05:30),127.110271,36.529493
2025-02-25 05:00,고속도로,논산방향,사고처리중(후미 화물차 운전자 구조 작업중),127.110186,36.528148
2025-02-25 05:00,고속도로,논산방향,사고처리중(2차로 사고차량 화물차 2대 견인작업중),127.110293,36.529597
2025-02-25 06:00,고속도로,논산방향,사고처리중(후미 화물차 운전자 구조 작업중),127.110186,36.528148
2025-02-25 06:00,고속도로,논산방향,사고처리중(2차로 사고차량 화물차 2대 견인작업중),127.110293,36.529597
2025-02-25 06:00,고속도로,논산방향,사고처리완료(05:30),127.110271,36.529493
2025-02-25 07:00,고속도로,논산방향,사고처리중(후미 화물차 운전자 구조 작업중),127.110186,36.528148
2025-02-25 07:00,고속도로,논산방향,사고처리중(2차로 사고차량 화물차 2대 견인작업중),127.110293,36.529597
2025-02-25 07:00,고속도로,논산방향,사고처리완료(05:30),127.110271,36.529493
2025-02-25 08:00,고속도로,논산방향,사고처리중(후미 화물차 운전자 구조 작업중),127.110186,36.528148
2025-02-25 08:00,고속도로,종점,(진입로갓길)승용차사고처리중,126.7735,36.6802
2025-02-25 08:00,고속도로,논산방향,사고처리중(2차로 사고차량 화물차 2대 견인작업중),127.110293,36.529597
2025-02-25 08:00,고속도로,논산방향,사고처리완료(05:30),127.110271,36.529493
2025-02-25 09:00,고속도로,종점,(갓길)승용차관련사고처리중,128.3762,35.2908
2025-02-25 09:00,고속도로,논산방향,사고처리중(후미 화물차 운전자 구조 작업중),127.110186,36.528148
2025-02-25 09:00,고속도로,논산방향,사고처리중(2차로 사고차량 화물차 2대 견인작업중),127.110293,36.529597
2025-02-25 09:00,고속도로,논산방향,사고처리완료(05:30),127.110271,36.529493
2025-02-25 10:00,고속도로,종점,(갓길)사고처리중,126.6931,37.4333
2025-02-25 10:00,고속도로,기점,(갓길)대형화물차화재사고처리중,127.4394,37.1433
2025-02-25 10:00,고속도로,논산방향,사고처리중(후미 화물차 운전자 구조 작업중),127.110186,36.528148
2025-02-25 10:00,고속도로,논산방향,사고처리중(2차로 사고차량 화물차 2대 견인작업중),127.110293,36.529597
2025-02-25 10:00,고속도로,논산방향,사고처리완료(05:30),127.110271,36.529493
2025-02-25 11:00,고속도로,기점,"(2,3차로)화물차관련사고처리중",128.467,35.7857
2025-02-25 11:00,고속도로,기점,"(3차로,갓길)화물차관련사고처리중",126.9688,37.034
2025-02-25 11:00,고속도로,기점,(1차로)승용차관련사고처리중,126.7753,37.4585
2025-02-25 11:00,고속도로,기점,(2차로)사고처리중,126.7066,37.4337
2025-02-25 11:00,고속도로,논산방향,사고처리중(후미 화물차 운전자 구조 작업중),127.110186,36.528148
2025-02-25 11:00,고속도로,논산방향,사고처리중(2차로 사고차량 화물차 2대 견인작업중),127.110293,36.529597
2025-02-25 11:00,고속도로,논산방향,사고처리완료(05:30),127.110271,36.529493
2025-02-25 12:00,고속도로,기점,"(2차로,갓길)화물차화재사고처리중",128.522,36.8578
2025-02-25 12:00,고속도로,기점,(갓길)화물차관련사고처리중,126.9688,37.034
2025-02-25 12:00,고속도로,종점,(진출로2차로)화물차관련사고처리중,126.8601,37.3728
2025-02-25 12:00,고속도로,논산방향,사고처리중(후미 화물차 운전자 구조 작업중),127.110186,36.528148
2025-02-25 12:00,고속도로,논산방향,사고처리중(2차로 사고차량 화물차 2대 견인작업중),127.110293,36.529597
2025-02-25 12:00,고속도로,논산방향,사고처리완료(05:30),127.110271,36.529493
2025-02-25 12:00,고속도로,기점,"(2,3차로)화물차관련사고처리중",128.467,35.7857
2025-02-25 13:00,고속도로,기점,(갓길)승용차관련사고처리중,128.9752,35.2224
2025-02-25 13:00,고속도로,논산방향,사고처리완료(05:30),127.110271,36.529493
2025-02-25 13:00,고속도로,논산방향,사고처리중(2차로 사고차량 화물차 2대 견인작업중),127.110293,36.529597
2025-02-25 13:00,고속도로,논산방향,사고처리중(후미 화물차 운전자 구조 작업중),127.110186,36.528148
2025-02-25 13:00,고속도로,기점,"(2차로,갓길)화물차화재사고처리중",128.522,36.8578
2025-02-25 14:00,고속도로,기점,"(4,5차로)화물차관련사고처리중",126.8791,37.035
2025-02-25 14:00,고속도로,논산방향,사고처리중(후미 화물차 운전자 구조 작업중),127.110186,36.528148
2025-02-25 14:00,고속도로,논산방향,사고처리중(2차로 사고차량 화물차 2대 견인작업중),127.110293,36.529597
2025-02-25 14:00,고속도로,논산방향,사고처리완료(05:30),127.110271,36.529493
2025-02-25 15:00,고속도로,논산방향,사고처리완료(05:30),127.110271,36.529493
2025-02-25 15:00,고속도로,논산방향,사고처리중(2차로 사고차량 화물차 2대 견인작업중),127.110293,36.529597
2025-02-25 15:00,고속도로,논산방향,사고처리중(후미 화물차 운전자 구조 작업중),127.110186,36.528148
2025-02-25 15:00,고속도로,기점,(1차로)승용차화재사고처리중,129.4044,35.7684
2025-02-25 15:00,고속도로,종점,"(2,3차로)사고처리중",127.1408,37.0286
2025-02-25 16:00,고속도로,기점,(1차로)승용차화재사고처리완료,129.4044,35.7684
2025-02-25 16:00,고속도로,논산방향,사고처리중(후미 화물차 운전자 구조 작업중),127.110186,36.528148
2025-02-25 16:00,고속도로,논산방향,사고처리중(2차로 사고차량 화물차 2대 견인작업중),127.110293,36.529597
2025-02-25 16:00,고속도로,논산방향,사고처리완료(05:30),127.110271,36.529493
2025-02-25 17:00,고속도로,논산방향,사고처리중(2차로 사고차량 화물차 2대 견인작업중),127.110293,36.529597
2025-02-25 17:00,고속도로,논산방향,사고처리중(후미 화물차 운전자 구조 작업중),127.110186,36.528148
2025-02-25 17:00,고속도로,논산방향,사고처리완료(05:30),127.110271,36.529493
2025-02-25 18:00,고속도로,논산방향,사고처리중(후미 화물차 운전자 구조 작업중),127.110186,36.528148
2025-02-25 18:00,고속도로,논산방향,사고처리중(2차로 사고차량 화물차 2대 견인작업중),127.110293,36.529597
2025-02-25 18:00,고속도로,종점,(1차로)사고처리중,127.0846,37.4014
2025-02-25 18:00,고속도로,논산방향,사고처리완료(05:30),127.110271,36.529493
2025-02-25 19:00,고속도로,논산방향,사고처리완료(05:30),127.110271,36.529493
2025-02-25 19:00,고속도로,논산방향,사고처리중(2차로 사고차량 화물차 2대 견인작업중),127.110293,36.529597
2025-02-25 19:00,고속도로,논산방향,사고처리중(후미 화물차 운전자 구조 작업중),127.110186,36.528148
2025-02-25 20:00,고속도로,기점,"(2차로,갓길)사고처리중",126.7988,35.4986
2025-02-25 20:00,고속도로,논산방향,사고처리중(2차로 사고차량 화물차 2대 견인작업중),127.110293,36.529597
2025-02-25 20:00,고속도로,논산방향,사고처리완료(05:30),127.110271,36.529493
2025-02-25 20:00,고속도로,논산방향,사고처리중(후미 화물차 운전자 구조 작업중),127.110186,36.528148
2025-02-25 21:00,고속도로,종점,"(1,2차로)화물차관련사고처리중",128.4349,35.9753
2025-02-25 21:00,고속도로,논산방향,사고처리중(후미 화물차 운전자 구조 작업중),127.110186,36.528148
2025-02-25 21:00,고속도로,논산방향,사고처리중(2차로 사고차량 화물차 2대 견인작업중),127.110293,36.529597
2025-02-25 21:00,고속도로,논산방향,사고처리완료(05:30),127.110271,36.529493
2025-02-25 22:00,국도,칠곡방향,낙하물 사고,128.276245,36.385531
2025-02-25 22:00,고속도로,논산방향,사고처리완료(05:30),127.110271,36.529493
2025-02-25 22:00,고속도로,논산방향,사고처리중(2차로 사고차량 화물차 2대 견인작업중),127.110293,36.529597
2025-02-25 22:00,고속도로,논산방향,사고처리중(후미 화물차 운전자 구조 작업중),127.110186,36.528148
2025-02-25 23:00,고속도로,논산방향,사고처리중(후미 화물차 운전자 구조 작업중),127.110186,36.528148
2025-02-25 23:00,고속도로,논산방향,사고처리중(2차로 사고차량 화물차 2대 견인작업중),127.110293,36.529597
2025-02-25 23:00,고속도로,논산방향,사고처리완료(05:30),127.110271,36.529493
2025-02-26 00:00,고속도로,논산방향,사고처리중(후미 화물차 운전자 구조 작업중),127.110186,36.528148
2025-02-26 00:00,고속도로,논산방향,사고처리중(2차로 사고차량 화물차 2대 견인작업중),127.110293,36.529597
2025-02-26 00:00,고속도로,논산방향,사고처리완료(05:30),127.110271,36.529493
2025-02-26 01:00,고속도로,종점,(진입로하이패스)승용차사고처리중,128.8056,35.1987
2025-02-26 02:00,고속도로,종점,(진입로하이패스)승용차단독사고처리중,128.8056,35.1987
2025-02-26 07:00,고속도로,종점,(5차로)사고처리중,127.1047,37.1214
2025-02-26 07:00,고속도로,종점,(갓길)화물차관련사고처리중,127.8213,37.3059
2025-02-26 08:00,고속도로,종점,(1차로)사고처리중,126.9395,37.3287
2025-02-26 08:00,고속도로,기점,(갓길)승용차관련추돌사고처리중,126.9293,35.1921
2025-02-26 08:00,고속도로,종점,(갓길)화물차관련사고처리중,127.8213,37.3059
2025-02-26 09:00,고속도로,기점,(1차로)승용차관련추돌사고처리중,126.6636,35.0859
2025-02-26 09:00,고속도로,종점,(2차로)승용차관련사고처리중,126.8162,37.4371
2025-02-26 14:00,고속도로,기점,(갓길)승용차관련사고처리중,127.1056,37.4076
2025-02-26 15:00,고속도로,기점,(2차로)추돌사고처리중,127.1038,37.2732
2025-02-26 17:00,고속도로,종점,(2차로)화물차관련사고처리완료,128.4961,35.3698
2025-02-26 17:00,고속도로,기점,(1차로)소형화물관려사고처리중,126.8188,35.9906
2025-02-26 17:00,고속도로,종점,(갓길)승용차사고처리중,128.5009,35.3332
2025-02-26 17:00,고속도로,종점,(1차로)승용차관련사고처리중,129.0611,35.2943
2025-02-26 17:00,고속도로,종점,"(1,2차로)화물차사고처리중",128.5322,35.2849
2025-02-26 18:00,고속도로,기점,(1차로)승용차관련사고처리완료,128.5234,36.0355
2025-02-26 18:00,고속도로,종점,(5차로)추돌사고처리중,127.0843,37.1508
2025-02-26 18:00,고속도로,종점,(갓길)승용차관련사고처리중,126.8951,37.4246
2025-02-26 19:00,고속도로,종점,(갓길)승용차관련사고처리중,126.8951,37.4246
2025-02-26 19:00,고속도로,기점,(3차로)화물차관련사고처리중,126.7179,37.4339
2025-02-26 19:00,고속도로,기점,(1차로)승용차사고처리중,127.3783,36.4095
2025-02-26 20:00,고속도로,종점,"(1,2,3차로)승용차관련사고처리중",126.8951,37.4246
2025-02-26 22:00,고속도로,기점,(갓길)화물차관련추돌사고처리중,127.4137,35.0122
2025-02-26 22:00,고속도로,종점,(갓길)승용차관련사고처리중,126.8947,37.309
2025-02-26 23:00,고속도로,기점,"(2차로,갓길)화물차화재사고처리중",128.2395,35.9823
2025-02-26 23:00,고속도로,종점,(2차로)승용차관련사고처리중,128.8212,37.7719
2025-02-26 23:00,고속도로,기점,"(1,2차로)사고처리중",126.8922,37.458
2025-02-26 23:00,고속도로,기점,(갓길)화물차관련추돌사고처리중,127.4137,35.0122
2025-02-27 02:00,고속도로,종점,(2차로)승용차단독사고처리중,128.465,35.7277
2025-02-27 05:00,고속도로,종점,"(3차로,갓길)화물차사고처리중",126.8738,37.1674
2025-02-27 09:00,고속도로,기점,(진출로갓길)승합차단독사고처리중,128.3607,36.1093
2025-02-27 10:00,고속도로,종점,(2차로)화물차사고처리중,128.4446,35.6221
2025-02-27 11:00,고속도로,종점,(1차로)승용차관련사고처리완료,128.5287,36.0297
2025-02-27 11:00,고속도로,종점,(1차로)버스관련사고처리중,128.561,35.2906
2025-02-27 12:00,고속도로,종점,(갓길)승용차관련사고처리중,127.1235,37.4285
2025-02-27 12:00,고속도로,종점,"(1차로)승용1대,대형화물차1대관련추돌사고처리중",127.4064,35.2667
2025-02-27 12:00,고속도로,종점,(5차로)사고처리중,127.0882,37.1592
2025-02-27 12:00,고속도로,종점,(1차로)화물차관련사고처리중,128.4331,35.679
2025-02-27 13:00,고속도로,기점,(1차로)승용차관련사고처리중,127.2331,37.2482
2025-02-27 13:00,고속도로,종점,"(1,2차로)사고처리중",127.1408,37.0286
2025-02-27 13:00,고속도로,종점,(5차로)사고처리중,127.0882,37.1592
2025-02-27 14:00,고속도로,종점,(5차로)사고처리중,127.0882,37.1592
2025-02-27 14:00,고속도로,종점,(1차로)추돌사고처리중,127.0463,37.4567
2025-02-27 15:00,고속도로,기점,"(2차로,갓길)화물차화재사고처리중",126.6957,35.6172
2025-02-27 16:00,고속도로,종점,(1차로)(중앙녹지대)법면화재사고처리중,129.2866,35.6717
2025-02-27 16:00,고속도로,기점,(중양녹지대)법면화재사고처리중,129.2873,35.6647
2025-02-27 17:00,고속도로,기점,(1차로)법면화재사고처리중,129.2873,35.6647
2025-02-27 17:00,고속도로,기점,(1차로)승용차관련추돌사고처리중,128.088,36.732
2025-02-27 18:00,고속도로,종점,(1차로)소형화물차관련사고처리중,128.542,35.2887
2025-02-27 19:00,고속도로,기점,(5차로)승용차관련사고처리중,127.117,37.2915
2025-02-27 20:00,고속도로,종점,(갓길)승용차관련사고처리중,126.9023,37.2941
2025-02-27 20:00,고속도로,기점,(5차로)승용차관련사고처리중,127.117,37.2915
2025-02-27 20:00,고속도로,기점,"(1,2차로)승용차관련사고",126.9908,37.3186
2025-02-27 20:00,고속도로,종점,"(2차로,갓길)사고처리중",127.311,37.3983
2025-02-27 20:00,고속도로,종점,"(1,5차로,갓길)승용차관련사고처리중",128.4666,35.7974
2025-02-27 21:00,고속도로,종점,승용차사고처리중,127.0514,37.2991
2025-02-27 21:00,고속도로,종점,"(1,2차로,갓길)승용차관련사고처리중",128.4666,35.7974
2025-02-27 21:00,고속도로,기점,승용차사고처리중,127.0514,37.2991
2025-02-28 00:00,고속도로,종점,"(2,3,6차로)화물차관련사고처리중",127.0514,37.2991
2025-02-28 01:00,고속도로,기점,"(3,4차로)화물차관련사고처리중",126.9996,37.3145
2025-02-28 02:00,고속도로,기점,(TCS차로)사고처리중,126.7686,37.5935
2025-02-28 09:00,고속도로,천안방향,"사고처리중(사고차량 화물차 1대, 승용차 1대 램프 구간 정차, 소통불가 전차로 차단 상태)",127.102053,36.076948
2025-02-28 10:00,고속도로,천안방향,사고처리중(갓길 통행 재개 09:06),127.10216,36.077156
2025-02-28 10:00,고속도로,기점,(진출로갓길)화물차관련사고처리중,128.7866,35.877
2025-02-28 10:00,고속도로,천안방향,"사고처리중(사고차량 화물차 1대, 승용차 1대 램프 구간 정차, 소통불가 전차로 차단 상태)",127.102053,36.076948
2025-02-28 11:00,고속도로,종점,(갓길)승용차관련사고처리중,128.5322,36.0262
2025-02-28 11:00,고속도로,종점,(1차로)승용차관련추돌사고처리중,128.2255,36.2981
2025-02-28 11:00,고속도로,종점,(갓길)승용차사고처리중,126.872,37.2175
2025-02-28 11:00,고속도로,천안방향,"사고처리중(사고차량 화물차 1대, 승용차 1대 램프 구간 정차, 소통불가 전차로 차단 상태)",127.102053,36.076948
2025-02-28 11:00,고속도로,천안방향,사고처리중(갓길 통행 재개 09:06),127.10216,36.077156
2025-02-28 12:00,고속도로,천안방향,"사고처리중(사고차량 화물차 1대, 승용차 1대 램프 구간 정차, 소통불가 전차로 차단 상태)",127.102053,36.076948
2025-02-28 12:00,고속도로,종점,(갓길)승용차사고처리중,126.872,37.2175
2025-02-28 12:00,고속도로,천안방향,사고처리중(갓길 통행 재개 09:06),127.10216,36.077156
2025-02-28 13:00,고속도로,천안방향,"사고처리중(사고차량 화물차 1대, 승용차 1대 램프 구간 정차, 소통불가 전차로 차단 상태)",127.102053,36.076948
2025-02-28 13:00,고속도로,천안방향,사고처리중(갓길 통행 재개 09:06),127.10216,36.077156
2025-02-28 14:00,고속도로,기점,(갓길)승용차관련사고처리중,126.7055,37.4336
2025-02-28 14:00,고속도로,종점,(1차로)승용차관련사고처리중,127.4836,36.7593
2025-02-28 14:00,고속도로,천안방향,사고처리중(갓길 통행 재개 09:06),127.10216,36.077156
2025-02-28 14:00,고속도로,천안방향,"사고처리중(사고차량 화물차 1대, 승용차 1대 램프 구간 정차, 소통불가 전차로 차단 상태)",127.102053,36.076948
2025-02-28 15:00,고속도로,기점,(2차로)버스관련사고처리중,126.7179,37.4339
2025-02-28 15:00,고속도로,기점,"(2,5차로)버스관련사고처리중",126.7179,37.4339
2025-02-28 15:00,고속도로,천안방향,사고처리중(갓길 통행 재개 09:06),127.10216,36.077156
2025-02-28 15:00,고속도로,천안방향,"사고처리중(사고차량 화물차 1대, 승용차 1대 램프 구간 정차, 소통불가 전차로 차단 상태)",127.102053,36.076948
2025-02-28 15:00,고속도로,종점,(1차로)승용차관련사고처리중,127.9244,35.0536
2025-02-28 15:00,고속도로,기점,(1차로)소형화물차관련사고처리중,127.4678,36.9742
2025-02-28 16:00,고속도로,기점,(1차로)승용차단독사고처리중,127.8248,36.4554
2025-02-28 16:00,고속도로,천안방향,"사고처리중(사고차량 화물차 1대, 승용차 1대 램프 구간 정차, 소통불가 전차로 차단 상태)",127.102053,36.076948
2025-02-28 16:00,고속도로,천안방향,사고처리중(갓길 통행 재개 09:06),127.10216,36.077156
2025-02-28 16:00,고속도로,기점,(1차로)승용차관련사고처리중,126.8678,37.3785
2025-02-28 16:00,고속도로,종점,(1차로)승용차관련사고처리중,128.1611,36.6049
2025-02-28 16:00,고속도로,종점,(5차로)사고처리중,126.7527,37.5614
2025-02-28 16:00,고속도로,종점,"(1,2차로)사고처리중",126.8678,37.3785
2025-02-28 16:00,고속도로,종점,(갓길)승용차관련사고처리중,127.1045,36.0511
2025-02-28 17:00,고속도로,천안방향,사고처리중(갓길 통행 재개 09:06),127.10216,36.077156
2025-02-28 17:00,고속도로,천안방향,"사고처리중(사고차량 화물차 1대, 승용차 1대 램프 구간 정차, 소통불가 전차로 차단 상태)",127.102053,36.076948
2025-02-28 17:00,고속도로,종점,(1차로)승용차관련사고처리중,128.9843,35.2483
2025-02-28 17:00,고속도로,종점,(1차로)승용차관련사고처리중,128.605,35.2582
2025-02-28 17:00,고속도로,기점,(2차로)화물차관련사고처리중,126.834,35.2075
2025-02-28 17:00,고속도로,종점,"(3,4차로)승용차관련사고처리중",128.9543,35.1555
2025-02-28 18:00,고속도로,천안방향,"사고처리중(사고차량 화물차 1대, 승용차 1대 램프 구간 정차, 소통불가 전차로 차단 상태)",127.102053,36.076948
2025-02-28 18:00,고속도로,천안방향,사고처리중(갓길 통행 재개 09:06),127.10216,36.077156
2025-02-28 18:00,고속도로,기점,(2차로)화물차관련사고처리중,126.834,35.2075
2025-02-28 19:00,고속도로,종점,(갓길)승용차관련사고처리중,128.207,36.3694
2025-02-28 19:00,고속도로,천안방향,"사고처리중(사고차량 화물차 1대, 승용차 1대 램프 구간 정차, 소통불가 전차로 차단 상태)",127.102053,36.076948
2025-02-28 19:00,고속도로,천안방향,사고처리중(갓길 통행 재개 09:06),127.10216,36.077156
2025-02-28 19:00,고속도로,기점,(진입로갓길)화물차단독사고처리중,129.2262,35.2816
2025-02-28 19:00,고속도로,종점,"(1,2차로)승용차관련사고처리중",128.4797,35.8005
2025-02-28 20:00,고속도로,천안방향,"사고처리중(사고차량 화물차 1대, 승용차 1대 램프 구간 정차, 소통불가 전차로 차단 상태)",127.102053,36.076948
2025-02-28 20:00,고속도로,천안방향,사고처리중(갓길 통행 재개 09:06),127.10216,36.077156
2025-02-28 21:00,고속도로,기점,(팔공산영업소진출로1차로)승용차단독사고처리완료,128.6558,35.9145
2025-02-28 21:00,고속도로,천안방향,"사고처리중(사고차량 화물차 1대, 승용차 1대 램프 구간 정차, 소통불가 전차로 차단 상태)",127.102053,36.076948
2025-02-28 21:00,고속도로,천안방향,사고처리중(갓길 통행 재개 09:06),127.10216,36.077156
2025-02-28 21:00,고속도로,기점,(3차로)승용차관련사고처리중,126.8838,37.3308
2025-02-28 22:00,고속도로,기점,"(2차로,갓길)승용차관련사고처리중",126.6797,35.4843
2025-02-28 22:00,고속도로,천안방향,"사고처리중(사고차량 화물차 1대, 승용차 1대 램프 구간 정차, 소통불가 전차로 차단 상태)",127.102053,36.076948
2025-02-28 22:00,고속도로,천안방향,사고처리중(갓길 통행 재개 09:06),127.10216,36.077156
2025-02-28 22:00,고속도로,기점,(2차로)승용차관련사고처리중,128.3306,35.0207
2025-02-28 23:00,고속도로,종점,(1차로)승용차관련사고처리중,129.2965,35.6474
2025-02-28 23:00,고속도로,기점,(4차로)승용차관련사고처리중,127.0843,37.1508
2025-02-28 23:00,고속도로,천안방향,"사고처리중(사고차량 화물차 1대, 승용차 1대 램프 구간 정차, 소통불가 전차로 차단 상태)",127.102053,36.076948
2025-02-28 23:00,고속도로,천안방향,사고처리중(갓길 통행 재개 09:06),127.10216,36.077156
2025-03-01 00:00,고속도로,천안방향,"사고처리중(사고차량 화물차 1대, 승용차 1대 램프 구간 정차, 소통불가 전차로 차단 상태)",127.102053,36.076948
2025-03-01 00:00,고속도로,천안방향,사고처리중(갓길 통행 재개 09:06),127.10216,36.077156
2025-03-01 01:00,고속도로,천안방향,사고처리중(갓길 통행 재개 09:06),127.10216,36.077156
2025-03-01 01:00,고속도로,천안방향,"사고처리중(사고차량 화물차 1대, 승용차 1대 램프 구간 정차, 소통불가 전차로 차단 상태)",127.102053,36.076948
2025-03-01 02:00,고속도로,천안방향,사고처리중(갓길 통행 재개 09:06),127.10216,36.077156
2025-03-01 02:00,고속도로,천안방향,"사고처리중(사고차량 화물차 1대, 승용차 1대 램프 구간 정차, 소통불가 전차로 차단 상태)",127.102053,36.076948
2025-03-01 02:00,고속도로,기점,"(1,2차로)승용차관련사고처리중",127.9947,35.2251
2025-03-01 03:00,고속도로,천안방향,사고처리중(갓길 통행 재개 09:06),127.10216,36.077156
2025-03-01 03:00,고속도로,천안방향,"사고처리중(사고차량 화물차 1대, 승용차 1대 램프 구간 정차, 소통불가 전차로 차단 상태)",127.102053,36.076948
2025-03-01 03:00,고속도로,기점,"(4차로,갓길)중형화물차화재사고처리중",127.1065,36.0095
2025-03-01 04:00,고속도로,기점,(4차로)화물차관련사고처리중,127.0335,37.3101
2025-03-01 04:00,고속도로,천안방향,"사고처리중(사고차량 화물차 1대, 승용차 1대 램프 구간 정차, 소통불가 전차로 차단 상태)",127.102053,36.076948
2025-03-01 04:00,고속도로,천안방향,사고처리중(갓길 통행 재개 09:06),127.10216,36.077156
2025-03-01 05:00,고속도로,기점,(4차로)화물차관련사고처리중,127.0335,37.3101
2025-03-01 05:00,고속도로,천안방향,"사고처리중(사고차량 화물차 1대, 승용차 1대 램프 구간 정차, 소통불가 전차로 차단 상태)",127.102053,36.076948
2025-03-01 05:00,고속도로,천안방향,사고처리중(갓길 통행 재개 09:06),127.10216,36.077156
2025-03-01 06:00,고속도로,천안방향,"사고처리중(사고차량 화물차 1대, 승용차 1대 램프 구간 정차, 소통불가 전차로 차단 상태)",127.102053,36.076948
2025-03-01 06:00,고속도로,천안방향,사고처리중(갓길 통행 재개 09:06),127.10216,36.077156
2025-03-01 07:00,고속도로,천안방향,"사고처리중(사고차량 화물차 1대, 승용차 1대 램프 구간 정차, 소통불가 전차로 차단 상태)",127.102053,36.076948
2025-03-01 07:00,고속도로,천안방향,사고처리중(갓길 통행 재개 09:06),127.10216,36.077156
2025-03-01 08:00,고속도로,천안방향,"사고처리중(사고차량 화물차 1대, 승용차 1대 램프 구간 정차, 소통불가 전차로 차단 상태)",127.102053,36.076948
2025-03-01 08:00,고속도로,천안방향,사고처리중(갓길 통행 재개 09:06),127.10216,36.077156
2025-03-01 09:00,고속도로,천안방향,"사고처리중(사고차량 화물차 1대, 승용차 1대 램프 구간 정차, 소통불가 전차로 차단 상태)",127.102053,36.076948
2025-03-01 09:00,고속도로,천안방향,사고처리중(갓길 통행 재개 09:06),127.10216,36.077156
2025-03-01 10:00,고속도로,기점,"(1,2차로)승용차관련사고처리중",126.7726,36.0656
2025-03-01 10:00,고속도로,천안방향,"사고처리중(사고차량 화물차 1대, 승용차 1대 램프 구간 정차, 소통불가 전차로 차단 상태)",127.102053,36.076948
2025-03-01 10:00,고속도로,천안방향,사고처리중(갓길 통행 재개 09:06),127.10216,36.077156
2025-03-01 11:00,고속도로,기점,(1차로)사고처리중,127.124,37.4437
2025-03-01 11:00,고속도로,기점,(1차로)승용차관련사고처리중,128.4961,35.3716
2025-03-01 11:00,고속도로,종점,(1차로)사고처리중,126.5901,36.3147
2025-03-01 11:00,고속도로,종점,(2차로)사고처리중,127.3811,36.6322
2025-03-01 11:00,고속도로,기점,(1차로)승용차관련사고처리중,128.4584,35.6063
2025-03-01 11:00,고속도로,천안방향,"사고처리중(사고차량 화물차 1대, 승용차 1대 램프 구간 정차, 소통불가 전차로 차단 상태)",127.102053,36.076948
2025-03-01 11:00,고속도로,천안방향,사고처리중(갓길 통행 재개 09:06),127.10216,36.077156
2025-03-01 12:00,고속도로,종점,(갓길)버스추돌사고처리중,127.0727,37.4275
2025-03-01 12:00,고속도로,기점,(광장부)소형화물차단독사고처리중,129.0024,35.2709
2025-03-01 12:00,고속도로,기점,(3차로)승용차관련사고처리중,129.1041,35.262
2025-03-01 12:00,고속도로,기점,(진입로)승용차단독사고처리중,129.0024,35.2709
2025-03-01 12:00,고속도로,기점,(갓길)사고처리중,127.124,37.4437
2025-03-01 12:00,고속도로,천안방향,"사고처리중(사고차량 화물차 1대, 승용차 1대 램프 구간 정차, 소통불가 전차로 차단 상태)",127.102053,36.076948
2025-03-01 12:00,고속도로,천안방향,사고처리중(갓길 통행 재개 09:06),127.10216,36.077156
2025-03-01 13:00,고속도로,천안방향,사고처리중(갓길 통행 재개 09:06),127.10216,36.077156
2025-03-01 13:00,고속도로,기점,(4차로)승용차관련사고처리중,126.8694,37.0055
2025-03-01 13:00,고속도로,천안방향,"사고처리중(사고차량 화물차 1대, 승용차 1대 램프 구간 정차, 소통불가 전차로 차단 상태)",127.102053,36.076948
2025-03-01 14:00,고속도로,천안방향,사고처리중(갓길 통행 재개 09:06),127.10216,36.077156
2025-03-01 14:00,고속도로,천안방향,"사고처리중(사고차량 화물차 1대, 승용차 1대 램프 구간 정차, 소통불가 전차로 차단 상태)",127.102053,36.076948
2025-03-01 14:00,고속도로,기점,(갓길)승용차관련사고처리중,126.8874,37.3146
2025-03-01 15:00,고속도로,기점,(1차로)승용차관련추돌사고처리중,127.4115,36.9573
2025-03-01 15:00,고속도로,기점,(1차로)승용차관련사고처리중,129.208,35.2197
2025-03-01 15:00,고속도로,천안방향,"사고처리중(사고차량 화물차 1대, 승용차 1대 램프 구간 정차, 소통불가 전차로 차단 상태)",127.102053,36.076948
2025-03-01 15:00,고속도로,천안방향,사고처리중(갓길 통행 재개 09:06),127.10216,36.077156
2025-03-01 16:00,고속도로,천안방향,사고처리중(갓길 통행 재개 09:06),127.10216,36.077156
2025-03-01 16:00,고속도로,종점,(진출로)승용차관련사고처리중,126.7983,36.0115
2025-03-01 16:00,고속도로,천안방향,"사고처리중(사고차량 화물차 1대, 승용차 1대 램프 구간 정차, 소통불가 전차로 차단 상태)",127.102053,36.076948
2025-03-01 17:00,고속도로,기점,(출구부광장부)승용차단독화재사고처리중,126.7686,37.5935
2025-03-01 17:00,고속도로,기점,(1차로)승용차관련사고처리중,128.2217,36.3113
2025-03-01 17:00,고속도로,기점,(1차로)승용차관련사고처리중,126.6953,37.4333
2025-03-01 17:00,고속도로,천안방향,"사고처리중(사고차량 화물차 1대, 승용차 1대 램프 구간 정차, 소통불가 전차로 차단 상태)",127.102053,36.076948
2025-03-01 17:00,고속도로,천안방향,사고처리중(갓길 통행 재개 09:06),127.10216,36.077156
2025-03-01 18:00,고속도로,천안방향,사고처리중(갓길 통행 재개 09:06),127.10216,36.077156
2025-03-01 18:00,고속도로,기점,(출구부광장부)승용차단독화재사고처리중,126.7686,37.5935
2025-03-01 18:00,고속도로,천안방향,"사고처리중(사고차량 화물차 1대, 승용차 1대 램프 구간 정차, 소통불가 전차로 차단 상태)",127.102053,36.076948
2025-03-01 18:00,고속도로,종점,(진출로갓길)승용차사고처리중,129.2814,35.48
2025-03-01 19:00,고속도로,천안방향,"사고처리중(사고차량 화물차 1대, 승용차 1대 램프 구간 정차, 소통불가 전차로 차단 상태)",127.102053,36.076948
2025-03-01 19:00,고속도로,천안방향,사고처리중(갓길 통행 재개 09:06),127.10216,36.077156
2025-03-01 20:00,고속도로,천안방향,"사고처리중(사고차량 화물차 1대, 승용차 1대 램프 구간 정차, 소통불가 전차로 차단 상태)",127.102053,36.076948
2025-03-01 20:00,고속도로,천안방향,사고처리중(갓길 통행 재개 09:06),127.10216,36.077156
2025-03-01 21:00,고속도로,천안방향,"사고처리중(사고차량 화물차 1대, 승용차 1대 램프 구간 정차, 소통불가 전차로 차단 상태)",127.102053,36.076948
2025-03-01 21:00,고속도로,천안방향,사고처리중(갓길 통행 재개 09:06),127.10216,36.077156
2025-03-01 22:00,고속도로,천안방향,"사고처리중(사고차량 화물차 1대, 승용차 1대 램프 구간 정차, 소통불가 전차로 차단 상태)",127.102053,36.076948
2025-03-01 22:00,고속도로,천안방향,사고처리중(갓길 통행 재개 09:06),127.10216,36.077156
2025-03-01 23:00,고속도로,천안방향,사고처리중(갓길 통행 재개 09:06),127.10216,36.077156
2025-03-01 23:00,고속도로,천안방향,"사고처리중(사고차량 화물차 1대, 승용차 1대 램프 구간 정차, 소통불가 전차로 차단 상태)",127.102053,36.076948
2025-03-01 23:00,고속도로,종점,"(1,2,4차로)승용차관련사고처리중",128.1624,35.1728
2025-03-02 00:00,고속도로,종점,"(1,2차로)승용차관련사고처리중",128.1624,35.1728
2025-03-02 00:00,고속도로,종점,(갓길)승용차단독사고처리중,129.173,35.5521
2025-03-02 00:00,고속도로,천안방향,"사고처리중(사고차량 화물차 1대, 승용차 1대 램프 구간 정차, 소통불가 전차로 차단 상태)",127.102053,36.076948
2025-03-02 00:00,고속도로,천안방향,사고처리중(갓길 통행 재개 09:06),127.10216,36.077156
2025-03-02 01:00,고속도로,종점,(갓길)승용차단독사고처리중,129.173,35.5521
2025-03-02 01:00,고속도로,종점,(진출로1차로)사고처리중,127.1626,37.0319
2025-03-02 02:00,고속도로,기점,(광장부)승용차관련사고처리중,126.7609,37.5869
2025-03-02 04:00,고속도로,기점,(진출로갓길)승용단독사고처리중,127.2676,37.4486
2025-03-02 09:00,고속도로,기점,(갓길)화물차화재사고처리중,127.9793,36.797
2025-03-02 10:00,고속도로,기점,"(2차로,갓길)화물차화재사고처리중",127.9793,36.797
2025-03-02 11:00,고속도로,기점,(5차로)승용차관련사고처리중,127.1034,37.3498
2025-03-02 11:00,고속도로,종점,"(2차로,갓길)승용차단독사고처리중",129.2895,35.6615
2025-03-02 12:00,고속도로,종점,"(1,2차로)승용차관련사고처리중",128.7784,37.7242
2025-03-02 12:00,고속도로,종점,(갓길)승용차관련사고처리중,127.2576,37.2458
2025-03-02 12:00,고속도로,기점,(3차로)승용차관련사고처리중,128.774,37.6879
2025-03-02 13:00,고속도로,기점,(1차로)사고처리중,126.7522,37.4765
2025-03-02 13:00,고속도로,기점,(1차로)승용차관련사고처리중,128.585,35.2886
2025-03-02 14:00,고속도로,종점,(1차로)승용차관련사고처리중,126.8093,36.9429
2025-03-02 14:00,고속도로,기점,(1차로)승용차관련사고처리중,127.4072,36.9602
2025-03-02 14:00,고속도로,기점,(4차로)승용차관련사고처리중,128.9931,35.2847
2025-03-02 15:00,고속도로,종점,(2차로)승용차2대관련사고처리중,126.8004,35.5048
2025-03-02 16:00,고속도로,기점,(1차로)승용차관련사고처리중,129.209,35.225
2025-03-02 16:00,고속도로,기점,(2차로)승용차관련사고처리중,128.7042,38.0173
2025-03-02 17:00,고속도로,종점,(갓길)승용차관련사고처리중,127.1707,37.5669
2025-03-02 17:00,고속도로,종점,(3차로)승용차관련사고처리중,129.2191,35.2704
2025-03-02 19:00,고속도로,종점,(1차로)승용차단독사고처리중,129.0899,35.4822
2025-03-02 19:00,고속도로,종점,(3차로)승용차관련사고처리중,129.2185,35.2696
2025-03-02 19:00,고속도로,기점,(1차로)승용차관련사고처리중,128.7489,37.6632
2025-03-02 20:00,고속도로,종점,"(4,5차로)승용차관련사고처리중",127.1259,37.4524
2025-03-02 20:00,고속도로,종점,(2차로)승용차관련사고처리중,128.5092,37.6424
2025-03-02 20:00,고속도로,종점,(진입로1차로)승용차단독사고처리중,126.5441,35.0498
2025-03-02 20:00,고속도로,기점,(갓길)승용차관련사고처리중,127.1612,37.2868
2025-03-02 20:00,고속도로,종점,(갓길)승용차관련사고처리중,128.8569,37.7188
2025-03-02 21:00,고속도로,종점,(1차로)화물차고장처리중,127.7983,34.9894
2025-03-02 21:00,고속도로,기점,(갓길)승용차관련사고처리중,128.2434,37.5091
2025-03-02 21:00,고속도로,기점,(1차로)승용차관련사고처리중,128.5859,38.1695
2025-03-02 22:00,고속도로,종점,"(1,2차로)승용차관련사고처리중",129.1646,37.422
2025-03-02 22:00,고속도로,기점,(1차로)승용차사고처리중,127.2397,37.247
2025-03-02 22:00,고속도로,기점,(1차로)승용차관련사고처리중,126.8736,37.0232
2025-03-02 23:00,고속도로,기점,(1차로)승용차사고처리중,127.312,35.5435
2025-03-02 23:00,고속도로,종점,(갓길)승용차단독사고처리중,128.2517,35.9972
2025-03-03 00:00,고속도로,기점,(1차로)승용차단독사고처리중,127.255,37.4603
2025-03-03 00:00,고속도로,기점,(갓길)사고처리중,127.0958,37.2126
2025-03-03 00:00,고속도로,종점,"(2차로,갓길)승용차사고처리중",127.7726,37.8177
2025-03-03 00:00,고속도로,기점,(갓길)승용차단독사고처리중,129.297,35.724
2025-03-03 00:00,고속도로,종점,(2차로)승용차단독사고처리중,128.7238,37.9853
2025-03-03 01:00,고속도로,기점,(갓길)승용차단독사고처리중,127.4763,36.9057
2025-03-03 01:00,고속도로,종점,(갓길)승용차관련사고처리중,128.1491,36.5725
2025-03-03 01:00,고속도로,종점,(갓길)승용차단독사고처리중,127.4724,37.4666
2025-03-03 01:00,고속도로,기점,"(1,2,3차로)승용차관련사고처리중",127.436,37.2345
2025-03-03 01:00,고속도로,종점,(1차로)사고처리중,126.7624,37.3827
2025-03-03 01:00,고속도로,기점,(갓길)승용차관련사고처리중,127.7639,37.2511
2025-03-03 01:00,고속도로,기점,(1차로)승용차관련사고처리중,127.6612,37.1287
2025-03-03 01:00,고속도로,기점,(5차로)승용차관련사고처리중,126.7543,37.4744
2025-03-03 01:00,고속도로,기점,(갓길)승용차단독사고처리중,127.9627,37.0658
2025-03-03 01:00,고속도로,종점,"(1,2차로)승용차관련사고처리중",127.8419,37.7592
2025-03-03 01:00,고속도로,종점,(갓길)승용차단독사고처리중,127.251,37.2593
2025-03-03 01:00,고속도로,종점,"(1,2차로)승용차단독사고처리중",128.002,37.0743
2025-03-03 01:00,고속도로,종점,(1차로)승용차단독사고처리중,128.7238,37.9853
2025-03-03 01:00,고속도로,기점,(갓길)승용차관련사고처리중,127.8479,36.9951
2025-03-03 02:00,고속도로,종점,"(2차로,갓길)승용차사고처리중",128.3271,36.375
2025-03-03 02:00,고속도로,기점,(1차로)승용차사고처리중,129.1295,36.4939
2025-03-03 02:00,고속도로,종점,(3차로)승용차단독사고처리중,127.5696,36.311
2025-03-03 02:00,고속도로,종점,(2차로)승용차관련사고처리중,127.7734,37.0396
2025-03-03 02:00,고속도로,기점,(갓길)승용차관련사고처리중,127.1773,37.5536
2025-03-03 02:00,고속도로,종점,(갓길)승용차사고처리중,127.4213,36.953
2025-03-03 02:00,고속도로,종점,(3차로)승용차사고처리중,127.9882,36.2108
2025-03-03 02:00,고속도로,기점,(1차로)승용차관련사고처리중,127.4303,37.6495
2025-03-03 02:00,고속도로,기점,"(1,2차로)승용차관련사고처리중",127.7913,36.4556
2025-03-03 03:00,고속도로,종점,(갓길)승용차화물차추돌사고처리중,128.3271,36.375
2025-03-03 03:00,고속도로,종점,"(3차로,갓길)승용차단독사고처리중",127.4861,36.1751
2025-03-03 03:00,고속도로,종점,"(1,2차로)대형화물차사고처리중",128.606,36.4882
2025-03-03 03:00,고속도로,종점,(갓길)승용차관련사고처리중,127.6149,36.4812
2025-03-03 03:00,고속도로,종점,(1차로)승용차관련사고처리중,128.191,36.497
2025-03-03 03:00,고속도로,종점,(갓길)승용차관련사고처리중,128.0314,36.4285
2025-03-03 03:00,고속도로,종점,(2차로)승용차단독사고처리중,127.4086,37.2633
2025-03-03 03:00,고속도로,기점,(2차로)승용차관련사고처리중,127.847,36.4551
2025-03-03 03:00,고속도로,종점,(갓길)승용차단독사고처리중,127.6919,36.2801
2025-03-03 03:00,고속도로,종점,(3차로)승용차사고처리중,127.9882,36.2108
2025-03-03 03:00,고속도로,기점,(2차로)승용차관련사고처리중,127.7913,36.4556
2025-03-03 04:00,고속도로,종점,"(1,2차로)대형화물차사고처리중",128.606,36.4882
2025-03-03 04:00,고속도로,기점,(2차로)승용차단독사고처리중,127.905,36.4463
2025-03-03 04:00,고속도로,종점,(2차로)승용차관련사고처리중,127.6183,37.1753
2025-03-03 04:00,고속도로,종점,(갓길)승용차단독사고처리중,128.2053,36.1582
2025-03-03 04:00,고속도로,종점,(갓길)사고처리중,126.7381,37.4308
2025-03-03 04:00,고속도로,종점,(2차로)승용차단독사고처리중,128.2714,36.0388
2025-03-03 04:00,고속도로,기점,(1차로)승용차관련사고처리중,128.2206,36.3157
2025-03-03 04:00,고속도로,종점,"(3,4차로)화물차단독사고처리중",126.7326,37.4331
2025-03-03 04:00,고속도로,기점,(1차로)대형화물차관련사고처리중,127.6175,37.176
2025-03-03 04:00,고속도로,기점,(갓길)승합차단독사고처리중,128.0573,36.7474
2025-03-03 04:00,고속도로,종점,(1차로)승용차관련사고처리중,128.0842,36.7364
2025-03-03 05:00,고속도로,기점,(4차로)승용차단독사고처리중,128.3622,36.0714
2025-03-03 05:00,고속도로,종점,(1차로)대형화물차사고처리중,128.606,36.4882
2025-03-03 05:00,고속도로,종점,"(1차로,갓길)화물차관련사고처리중",127.3618,37.3018
2025-03-03 05:00,고속도로,종점,(2차로)승용차관련사고처리중,127.6183,37.1753
2025-03-03 05:00,고속도로,종점,"(1,2차로)대형화물차관련사고처리중",128.0486,36.4219
2025-03-03 05:00,고속도로,종점,(1차로)승용차단독사고처리중,127.4478,37.0945
2025-03-03 05:00,고속도로,종점,(2차로)화물차관련사고처리중,128.26,36.0729
2025-03-03 05:00,고속도로,기점,(1차로)승용차단독사고처리중,127.973,36.4425
2025-03-03 05:00,고속도로,기점,(갓길)승합차단독사고처리중,128.0573,36.7474
2025-03-03 05:00,고속도로,기점,(갓길)승용차고장처리완료,128.5905,35.2882
2025-03-03 05:00,고속도로,종점,(갓길)화물차단독사고처리중,127.617,37.2409
2025-03-03 05:00,고속도로,기점,"(1,2,3차로)화물차단독사고처리중",128.1707,36.1318
2025-03-03 05:00,고속도로,종점,"(2차로,갓길)소형화물차단독사고처리중",127.6459,35.9774
2025-03-03 06:00,고속도로,기점,(갓길)승용차단독사고처리중,127.4792,37.0053
2025-03-03 06:00,고속도로,종점,(4차로)승용차사고처리중,128.465,35.9365
2025-03-03 06:00,고속도로,기점,"(1,2,3차로)화물차단독사고처리중",128.1707,36.1318
2025-03-03 06:00,고속도로,종점,대형화물차관련사고처리중전면차단중,128.0486,36.4219
2025-03-03 06:00,고속도로,종점,(1차로)대형화물차사고처리중,128.606,36.4882
2025-03-03 06:00,고속도로,종점,"(2차로,갓길)승용차사고처리중",129.3963,35.8743
2025-03-03 06:00,고속도로,기점,(갓길)승용차사고처리중,129.3904,35.884
2025-03-03 07:00,고속도로,기점,(갓길)승용차관련사고처리중,129.3904,35.884
2025-03-03 07:00,고속도로,기점,(1차로)승용차단독사고처리중,129.1193,36.0556
2025-03-03 07:00,고속도로,종점,(갓길)승용차관련사고처리중,128.2864,37.9131
2025-03-03 07:00,고속도로,종점,(1차로)대형화물차사고처리중,128.606,36.4882
2025-03-03 07:00,고속도로,종점,(1차로)승용차단독사고처리중,128.2212,36.3246
2025-03-03 07:00,고속도로,종점,(1차로)승용차단독사고처리중,128.6721,36.4197
2025-03-03 07:00,고속도로,종점,"(3차로,갓길)중형화물차추돌사고처리중",127.3744,36.6719
2025-03-03 07:00,고속도로,기점,(갓길)화물차고장처리중,128.4596,36.8948
2025-03-03 07:00,고속도로,종점,"(2차로,갓길)승용차단독사고처리중",128.5845,37.6598
2025-03-03 08:00,고속도로,기점,(갓길)승용차관련사고처리중,129.3904,35.884
2025-03-03 08:00,고속도로,기점,(2차로)승용차사고처리중,127.7919,37.0363
2025-03-03 08:00,고속도로,종점,"(2,3차로)승용차관련사고처리중",128.2427,37.0419
2025-03-03 08:00,고속도로,종점,(2차로)승용차관련사고처리중,126.6472,36.8237
2025-03-03 08:00,고속도로,종점,(1차로)승용차단독사고처리중,128.6721,36.4197
2025-03-03 08:00,고속도로,종점,(갓길)승용차단독사고처리중,129.0177,35.895
2025-03-03 08:00,고속도로,기점,"(1,2차로)승용차관련사고처리중",126.6378,36.8599
2025-03-03 08:00,고속도로,종점,(2차로)승용차차관련사고처리중,126.9969,36.5281
2025-03-03 08:00,고속도로,종점,(갓길)승용차단독사고처리중,128.1828,36.141
2025-03-03 08:00,고속도로,기점,(1차로)suv사고처리중,127.4856,36.1937
2025-03-03 08:00,고속도로,종점,(갓길)승용차사고처리중,127.8174,37.0337
2025-03-03 09:00,고속도로,종점,"(진출로1,2차로)대형화물차사고처리중",127.4502,36.9456
2025-03-03 09:00,고속도로,기점,(2차로)승용차사고처리중,127.7919,37.0363
2025-03-03 09:00,고속도로,종점,(갓길)승용차단독사고처리중,128.2618,36.0687
2025-03-03 09:00,고속도로,기점,(갓길)승용차사고처리중,128.149,36.577
2025-03-03 09:00,고속도로,기점,"(진출로1,2차로)대형화물차사고처리중",127.4502,36.9456
2025-03-03 09:00,고속도로,종점,"(2,3차로)승용차사고처리중",127.5821,36.0168
2025-03-03 09:00,고속도로,종점,(1차로)승용차단독사고처리중,128.6721,36.4197
2025-03-03 09:00,고속도로,종점,(갓길)승합차사고처리중,128.2959,36.9653
2025-03-03 09:00,고속도로,기점,(1차로)승용차관련사고처리중,126.7492,37.5425
2025-03-03 09:00,고속도로,종점,(갓길)승용차관련사고처리중,128.0161,36.1684
2025-03-03 09:00,고속도로,종점,(갓길)승용차관련사고처리중,127.0241,36.4375
2025-03-03 09:00,고속도로,종점,(갓길)승용차단독사고처리중,128.6216,36.4708
2025-03-03 09:00,고속도로,종점,(갓길)승용단독사고처리중,129.098,37.4713
2025-03-03 09:00,고속도로,기점,(갓길)승용차단독사고처리중,128.0313,35.7054
2025-03-03 10:00,고속도로,종점,(5차로)소형화물차관련사고처리중,127.1032,37.3813
2025-03-03 10:00,고속도로,기점,(2차로)승용차사고처리중,127.7919,37.0363
2025-03-03 10:00,고속도로,기점,(진입로갓길)소형화물차사고처리중,127.1234,37.4258
2025-03-03 10:00,고속도로,기점,(갓길)승용차사고처리중,128.0551,37.2506
2025-03-03 10:00,고속도로,기점,(갓길)화물차사고처리중,128.345,37.5609
2025-03-03 10:00,고속도로,종점,(갓길)승용차관련사고처리중,126.7463,37.4909
2025-03-03 10:00,고속도로,기점,"(1,2차로)중형화물차사고처리중",127.5691,36.0367
2025-03-03 10:00,고속도로,종점,(2차로)승용차단독사고처리중,128.888,37.6962
2025-03-03 10:00,고속도로,기점,(3차로)승용차관련사고처리중,127.7977,36.2814
2025-03-03 11:00,고속도로,기점,(갓길)화물차사고처리중,128.345,37.5609
2025-03-03 11:00,고속도로,기점,(1차로)승용차사고처리중,127.7774,37.0361
2025-03-03 11:00,고속도로,종점,(진출로갓길)승용차단독사고처리중,128.8951,35.1653
2025-03-03 11:00,고속도로,기점,(1차로)승용차관련사고처리완료,127.6945,37.7452
2025-03-03 11:00,고속도로,종점,"(2차로,갓길)소형화물단독사고처리중",129.1678,36.4811
2025-03-03 12:00,고속도로,기점,(2차로)승용차사고처리중,129.1335,37.449
2025-03-03 12:00,고속도로,기점,(1차로)승용차관련사고처리완료,126.8736,37.171
2025-03-03 13:00,고속도로,종점,(갓길)승용차사고처리중,128.1966,37.056
2025-03-03 13:00,고속도로,종점,(갓길)승용차사고처리중,128.1852,36.5047
2025-03-03 13:00,고속도로,종점,(1차로)승용차관련사고처리중,128.5621,35.2906
2025-03-03 13:00,고속도로,기점,(1차로)승용차관련사고처리중,126.7508,37.4779
2025-03-03 13:00,고속도로,종점,(1차로)승용차관련사고처리중,127.6815,37.1215
2025-03-03 14:00,고속도로,종점,(3차로)승용차관련사고처리중,129.2262,35.2816
2025-03-03 15:00,고속도로,기점,(갓길)사천요금소입구광장승용차관련사고처리중,128.0912,35.1169
2025-03-03 15:00,고속도로,종점,(2차로)사고처리중,127.1033,37.3543
2025-03-03 16:00,고속도로,기점,(1차로)승용차관련사고처리중,126.9701,36.5684
2025-03-03 16:00,고속도로,기점,"(1,2차로)소형화물차사고처리중",126.8978,37.3042
2025-03-03 17:00,고속도로,종점,(1차로)승용차관련사고처리중,128.5522,35.2914
2025-03-03 19:00,고속도로,기점,(갓길)승용차사고처리중,129.2832,35.4748
2025-03-04 00:00,고속도로,기점,(갓길)승용차단독사고처리중,127.4426,36.7147
2025-03-04 01:00,고속도로,종점,(1차로)승용차관련사고처리중,127.4752,37.6508
2025-03-04 05:00,고속도로,종점,(2차로)화물차관련사고처리중,128.0538,35.1731
2025-03-04 07:00,고속도로,종점,(1차로)버스관련사고처리중,127.0586,37.2969
2025-03-04 07:00,고속도로,기점,(갓길)승용차관련사고처리중,126.8932,37.3104
2025-03-04 08:00,고속도로,기점,(1차로)승용차단독사고처리중,127.6165,35.5214
2025-03-04 08:00,고속도로,종점,(1차로)승용차관련사고처리중,129.1057,35.2806
2025-03-04 09:00,고속도로,종점,(갓길)화물차추돌사고처리중,127.5101,34.8994
2025-03-04 09:00,고속도로,기점,(진출로1차로)승용차관련사고처리중,126.8046,37.6359
2025-03-04 09:00,고속도로,기점,하이패스차로사고처리중,127.1026,36.0819
2025-03-04 10:00,고속도로,기점,(1차로)화물차관련사고처리중,128.9931,35.2847
2025-03-04 10:00,고속도로,기점,(진출로2차로)소형화물차단독사고처리중,128.5317,35.8758
2025-03-04 10:00,고속도로,기점,"(2,3차로)승용차단독사고처리중",129.1104,36.056
2025-03-04 10:00,고속도로,기점,(1차로)승용차관련사고처리중,127.1355,37.4827
2025-03-04 11:00,고속도로,종점,(갓길)승용차단독사고처리중,129.0691,36.4752
2025-03-04 11:00,고속도로,종점,(진출로1차로)소형화물차단독사고처리중,128.4708,35.8609
2025-03-04 11:00,고속도로,종점,(갓길)승용차관련사고처리중,128.0157,36.1701
2025-03-04 11:00,고속도로,기점,"(3차로,갓길)화물차화재사고처리중",128.1911,36.1528
2025-03-04 12:00,고속도로,종점,(갓길)승용차관련사고처리중,127.9448,37.3167
2025-03-04 12:00,고속도로,종점,(2차로)사고처리중,128.245,37.5115
2025-03-04 12:00,고속도로,기점,"(2차로,갓길)승용차사고처리중",129.1406,36.4932
2025-03-04 12:00,고속도로,종점,(진출로갓길)화물차단독사고처리중,128.8056,35.1987
2025-03-04 12:00,고속도로,기점,"(3차로,갓길)화물차화재사고처리중",128.1911,36.1528
2025-03-04 12:00,고속도로,종점,(갓길)승용차관련사고처리중,127.4523,36.2849
2025-03-04 12:00,고속도로,기점,(1차로)승용차관련사고처리중,126.7548,37.4709
2025-03-04 12:00,고속도로,종점,(갓길)승용차관련사고처리중,128.0157,36.1701
2025-03-04 12:00,고속도로,종점,(갓길)사고처리중,128.2441,37.8655
2025-03-04 13:00,고속도로,기점,"(3차로,갓길)화물차화재사고처리중",128.1911,36.1528
2025-03-04 14:00,고속도로,종점,(2차로)승용차사고처리중,128.4013,37.9712
2025-03-04 14:00,고속도로,종점,(2차로)사고처리중,128.5264,37.9858
2025-03-04 14:00,고속도로,기점,(갓길)승용차단독사고처리중,127.5888,35.484
2025-03-04 14:00,고속도로,종점,(4차로)화물차단독사고처리중,128.7423,35.2725
2025-03-04 14:00,고속도로,종점,(갓길)승용차단독사고처리중,128.5342,37.9967
2025-03-04 14:00,고속도로,기점,(갓길)승용차관련사고처리중,128.5812,36.2858
2025-03-04 14:00,고속도로,기점,(진입로갓길)승용차관련사고처리중,127.1234,37.4258
2025-03-04 14:00,고속도로,기점,"(3차로,갓길)화물차화재사고처리중",128.1911,36.1528
2025-03-04 14:00,고속도로,종점,(2차로)사고처리중,128.9358,37.6891
2025-03-04 14:00,고속도로,종점,(진출로갓길)화물차사고처리중,127.4894,37.2457
2025-03-04 15:00,고속도로,종점,(2차로)사고처리중,128.9358,37.6891
2025-03-04 15:00,고속도로,종점,(1차로)화물차관련사고처리중,128.5252,37.9843
2025-03-04 15:00,고속도로,기점,"(3차로,갓길)화물차화재사고처리중",128.1911,36.1528
2025-03-04 15:00,고속도로,종점,"(1,2차로)화물차관련사고처리중",128.4483,35.2713
2025-03-04 15:00,고속도로,기점,(갓길)화물차관련사고처리중,128.9915,35.2701
2025-03-04 16:00,고속도로,종점,"(1,2차로)화물차관련사고처리중",128.4483,35.2713
2025-03-04 16:00,고속도로,기점,"(4차로,갓길)승용차관련사고처리중",128.2189,35.1826
2025-03-04 16:00,고속도로,종점,"(2차로,갓길)승용차사고처리중",128.7812,37.7325
2025-03-04 16:00,고속도로,기점,(2차로)화물차관련사고처리중,128.9257,37.6881
2025-03-04 16:00,고속도로,종점,"(1,2차로)승용차사고처리중",129.0158,37.6411
2025-03-04 16:00,고속도로,종점,(1차로)화물차관련사고처리중,128.5252,37.9843
2025-03-04 17:00,고속도로,기점,(4차로)승용차관련사고처리중,126.7656,37.5242
2025-03-04 17:00,고속도로,종점,(1차로)승용차관련사고처리중,126.9018,37.2887
2025-03-04 18:00,고속도로,기점,(1차로)승용차사고처리중,126.9122,37.3733
2025-03-04 18:00,고속도로,기점,(진출로갓길)승용차단독사고처리중,129.2832,35.4748
2025-03-04 18:00,고속도로,종점,(2차로)승용차관련사고처리중,128.7812,37.7325
2025-03-04 18:00,고속도로,종점,(갓길)승용차관련사고처리중,128.7196,37.6754
2025-03-04 19:00,고속도로,종점,"(1,2차로)하이패스차로시설물사고처리중",127.778,37.8388
2025-03-04 20:00,고속도로,종점,"(1,2차로)승용차관련사고처리중",128.888,37.6962
2025-03-04 20:00,고속도로,기점,(갓길)승용차관련사고처리중,128.9832,35.2573
2025-03-04 20:00,고속도로,종점,"(1,2차로)하이패스차로시설물사고처리중",127.778,37.8388
2025-03-04 21:00,고속도로,종점,"(1,2차로)하이패스차로시설물사고처리중",127.778,37.8388
2025-03-04 22:00,고속도로,종점,"(1,2차로)하이패스차로시설물사고처리중",127.778,37.8388
2025-03-04 23:00,고속도로,종점,(2차로)승용차관련사고처리중,128.8095,37.8676
2025-03-04 23:00,고속도로,종점,(갓길)사고처리중,126.7698,37.4596
2025-03-04 23:00,고속도로,종점,(갓길)승용차관련사고처리중,126.8886,35.1847
2025-03-04 23:00,고속도로,기점,(갓길)승용차관련사고처리중,128.7189,37.9934
2025-03-05 00:00,고속도로,기점,(갓길)승용차관련사고처리중,128.7358,37.9714
2025-03-05 01:00,고속도로,종점,(갓길)승용차단독사고처리중,127.7888,37.2668
2025-03-05 06:00,고속도로,종점,(2차로)화물차관련사고처리중,128.5373,38.0015
2025-03-05 06:00,고속도로,종점,(2차로)승용차관련사고처리중,129.0449,37.6155
2025-03-05 06:00,고속도로,종점,"(4차로,갓길)사고처리중",126.7429,37.524
2025-03-05 06:00,고속도로,종점,(2차로)승용차관련사고처리중,128.6228,38.0595
2025-03-05 07:00,고속도로,종점,(3차로)사고처리중,126.7475,37.4865
2025-03-05 07:00,고속도로,종점,(진출로1차로)승용차관련사고처리중,126.7486,37.5087
2025-03-05 08:00,고속도로,종점,(5차로)사고처리중,127.1036,37.3092
2025-03-05 09:00,고속도로,종점,(1차로)승용차관련사고처리중,126.7866,37.6043
2025-03-05 10:00,고속도로,종점,(4차로)화물차관련사고처리중,128.3655,35.2929
2025-03-05 10:00,고속도로,기점,(1차로)사고처리중,126.8849,37.3164
2025-03-05 11:00,고속도로,종점,"(3,4차로)화물차관련사고처리중",128.3612,35.2927
2025-03-05 11:00,고속도로,기점,(갓길)승용차관련사고처리중,126.8874,37.3146
2025-03-05 11:00,고속도로,종점,"사패산터널진출부(49.5K)(1,2차로)화물차관련사고처리중  8km정체",127.0431,37.7035
2025-03-05 11:00,고속도로,종점,"(1,2차로)승용차관련사고처리중",126.8947,37.4228
2025-03-05 12:00,고속도로,종점,"사패산터널진출부(49.5K)(1,2차로)화물차관련사고처리중  6km정체",127.0431,37.7035
2025-03-05 12:00,고속도로,기점,(갓길)승용차단독사고처리중,127.3618,37.3018
2025-03-05 13:00,고속도로,기점,전면차단중화물차관련사고처리중국도우회바랍니다,129.2142,35.5726
2025-03-05 14:00,고속도로,기점,(2차로)화물차단독사고처리중,129.2142,35.5726
2025-03-05 14:00,고속도로,기점,"(2차로,갓길)소형화물차단독사고처리중",126.9089,35.6457
2025-03-05 15:00,고속도로,종점,(2차로)화물차관련사고처리중,128.4909,35.3903
2025-03-05 15:00,고속도로,종점,(갓길)승합차단독사고처리중,126.4607,35.0181
2025-03-05 15:00,고속도로,기점,(2차로)화물차단독사고처리중,129.2142,35.5726
2025-03-05 16:00,고속도로,기점,(2차로)화물차단독사고처리중,129.2142,35.5726
2025-03-05 16:00,고속도로,종점,"(1,3차로,갓길)화물차관련사고처리중",128.5215,35.2833
2025-03-05 16:00,고속도로,종점,(2차로)화물차관련사고처리중,128.4909,35.3903
2025-03-05 17:00,고속도로,종점,(2차로)화물차관련사고처리중,128.4747,35.2715
2025-03-05 17:00,고속도로,기점,(2차로)화물차단독사고처리중,129.2142,35.5726
2025-03-05 17:00,고속도로,종점,(2차로)화물차관련사고처리중,128.4909,35.3903
2025-03-05 18:00,고속도로,기점,"(2,3,7차로)추돌사고처리중",127.1032,37.3813
2025-03-05 18:00,고속도로,종점,(2차로)화물차관련사고처리중,128.4909,35.3903
2025-03-05 19:00,고속도로,종점,(2차로)화물차관련사고처리중,128.4909,35.3903
2025-03-05 20:00,고속도로,기점,(5차로)추돌사고처리중,127.1036,37.3092
2025-03-05 21:00,고속도로,종점,(1차로)승용차사고처리중,126.7502,37.3891
2025-03-06 00:00,고속도로,종점,(갓길)대형화물차단독사고처리중,127.1343,36.1222
2025-03-06 02:00,고속도로,기점,"(4차로,갓길)화물차관련사고처리중",126.7503,37.5176
2025-03-06 04:00,고속도로,기점,"(3,4차로)화물차관련사고처리중",126.752,37.5265
2025-03-06 05:00,고속도로,기점,(광장부)승용차관련사고처리중,127.1033,37.3633
2025-03-06 05:00,고속도로,기점,(갓길)화물차관련사고처리중,126.752,37.5265
2025-03-06 07:00,고속도로,기점,"(1,2차로)화물차관련사고처리중",128.9513,35.248
2025-03-06 09:00,고속도로,종점,(1차로)승용차관련사고처리중,127.2408,37.2468
2025-03-06 09:00,고속도로,기점,(3차로화물차고장처리중,127.1565,37.5419
2025-03-06 10:00,고속도로,종점,(갓길)승용차사고처리중,126.7974,37.4557
2025-03-06 10:00,고속도로,기점,(1차로)승용차관련사고처리중,128.1931,37.8023
2025-03-06 11:00,고속도로,종점,(2차로)사고처리중,126.8202,35.7855
2025-03-06 12:00,고속도로,종점,(1차로)화물차관련사고처리중,126.6679,37.4377
2025-03-06 14:00,고속도로,기점,(4차로)화물차사고처리중,126.8952,37.2724
2025-03-06 15:00,고속도로,종점,(갓길)화물차단독사고처리중,128.4725,35.5657
2025-03-06 16:00,고속도로,종점,(갓길)승용차관련사고처리중,127.4412,37.1363
2025-03-06 19:00,고속도로,기점,"(4차로,갓길)승용차단독사고처리중",128.9382,35.1583
2025-03-07 00:00,고속도로,기점,(화물차로)화물차단독사고처리중,129.1466,35.2846
2025-03-07 03:00,고속도로,종점,(갓길)승용차단독사고처리중,128.6726,35.9042
2025-03-07 05:00,고속도로,종점,(1차로)승용차관련추돌사고처리중,127.1792,35.2488
2025-03-07 06:00,고속도로,종점,"(1,2차로)승용차관련사고처리중",129.1349,35.5641
2025-03-07 06:00,고속도로,종점,(1차로)승용차관련추돌사고처리중,127.1792,35.2488
2025-03-07 07:00,고속도로,기점,(진출로갓길)화물차사고처리중,128.5808,36.2894
2025-03-07 09:00,고속도로,기점,(안평졸음쉼터진입로)버스화재사고처리중,128.5769,36.3782
2025-03-07 09:00,고속도로,종점,(1차로)추돌사고처리중,127.1567,37.5906
2025-03-07 09:00,고속도로,기점,(1차로)사고처리중,126.8736,37.1728
2025-03-07 09:00,고속도로,기점,(진출로1차로)하이패스차로사고처리중,127.3288,36.2917
2025-03-07 11:00,고속도로,기점,(1차로)사고처리중,126.8932,37.3104
2025-03-07 12:00,고속도로,기점,"(2차로,갓길)화물차화재사고처리중",129.0174,35.2736
2025-03-07 12:00,고속도로,종점,(1차로)화물차화재사고처리중,129.0195,35.2743
2025-03-07 13:00,고속도로,종점,(갓길)고창영업소하이패스차로사고처리중,126.6641,35.4403
2025-03-07 14:00,고속도로,종점,(1차로)소형화물차관련사고처리중,127.5074,36.7962
2025-03-07 14:00,고속도로,종점,(1차로)소형화물차관련사고처리중,127.493,36.8298
2025-03-07 16:00,고속도로,기점,(진출로2차로)화물차사고처리중,127.0904,37.41
2025-03-07 16:00,고속도로,종점,(1차로)승용차관련사고처리중,127.4947,36.7668
2025-03-07 18:00,고속도로,기점,(1차로)승용차관련사고처리중,127.4337,36.7044
2025-03-07 18:00,고속도로,기점,(일산방향진입로)승용차관련사고처리중,126.7463,37.4909
2025-03-07 19:00,고속도로,종점,(갓길)사고처리중,126.8746,37.4302
2025-03-07 19:00,고속도로,종점,(1차로)승용차관련사고처리중,127.7106,37.1086
2025-03-07 19:00,고속도로,종점,(4차로)승용차사고처리중,127.1725,37.5646
2025-03-07 20:00,고속도로,종점,(2차로)승용차관련사고처리증,127.1408,37.0286
2025-03-07 21:00,고속도로,기점,"(2차로,갓길)승용차사고처리중",129.0169,37.6376
2025-03-07 21:00,고속도로,종점,(갓길)연경(영)입구광장부화물차사고처리중,128.6157,35.9389
2025-03-07 22:00,고속도로,종점,(갓길)연경(영)입구광장부화물차사고처리중,128.6157,35.9389
2025-03-08 01:00,고속도로,기점,(갓길)승용차단독사고처리중,127.4629,35.1249
2025-03-08 06:00,고속도로,종점,(갓길)승용차관련사고처리중,126.8052,37.4493
2025-03-08 08:00,고속도로,종점,(6차로)화물차관련사고처리중,126.866,37.361
2025-03-08 08:00,고속도로,종점,(진출로갓길)승용차관련사고처리중,127.7857,37.7567
2025-03-08 09:00,고속도로,기점,"(1,2차로)승용차관련사고처리중",128.4791,35.7523
2025-03-08 13:00,고속도로,기점,(1차로)승용차관련사고처리중,127.4251,36.6827
2025-03-08 13:00,고속도로,종점,"(2,3차로)승용차관련사고처리중",127.1033,37.3543
2025-03-08 13:00,고속도로,종점,"(2,3차로)승용차관련사고처리중",127.1033,37.3543
2025-03-08 14:00,고속도로,종점,"(2,3차로)승용차관련사고처리중",127.1033,37.3543
2025-03-08 14:00,고속도로,종점,"(2,3차로)승용차관련사고처리중",127.1033,37.3543
2025-03-08 16:00,고속도로,기점,(5차로)승용차관련사고처리중,127.0648,37.3952
2025-03-08 17:00,고속도로,기점,(갓길)승용차관련추돌사고처리중,126.8708,35.1917
2025-03-08 18:00,고속도로,기점,(4차로)사고처리중,126.8086,37.4457
2025-03-08 18:00,고속도로,종점,(1차로)승용차관련사고처리중,127.5074,36.7962
2025-03-08 19:00,고속도로,기점,(갓길)1톤화물차화재사고처리중,129.1369,35.5121
2025-03-08 19:00,고속도로,종점,(1차로)승용차관련사고처리중,126.964,37.8471
2025-03-08 20:00,고속도로,종점,(1차로)승용차관련사고처리중,126.964,37.8471
2025-03-08 20:00,고속도로,기점,(갓길)1톤화물차화재사고처리중,129.1369,35.5121
2025-03-08 20:00,고속도로,종점,(진출로갓길)승용차단독사고처리중,129.1249,35.5555
2025-03-08 20:00,고속도로,기점,"(1차로,갓길)승용차관련사고처리중",126.8323,37.4402
2025-03-08 21:00,고속도로,기점,(갓길)승용차관련사고처리중,126.8323,37.4402
2025-03-09 03:00,고속도로,종점,(갓길)승용차단독사고처리중,128.0425,35.18
2025-03-09 03:00,고속도로,종점,"(2차로,갓길)화물차화재사고처리중",127.0578,35.8921
2025-03-09 04:00,고속도로,기점,(2차로)사고처리중,126.634,37.4453
2025-03-09 05:00,고속도로,종점,(1차로)승용차사고처리중,126.9022,37.2905
2025-03-09 06:00,고속도로,종점,(1차로)승용차사고처리중,126.9022,37.2905
2025-03-09 06:00,고속도로,종점,(갓길)승용차사고처리중,126.7832,37.458
2025-03-09 07:00,고속도로,종점,(3차로)승용차사고처리중,127.1958,37.5292
2025-03-09 07:00,고속도로,종점,(중분대회차로)승용차사고처리중,126.7832,37.458
2025-03-09 11:00,고속도로,종점,(갓길)승용차관련사고처리중,126.812,37.4421
2025-03-09 12:00,고속도로,종점,(2차로)승용차관련사고처리중,127.6062,37.2134
2025-03-09 12:00,고속도로,기점,(4차로)사고처리중,126.8326,37.4106
2025-03-09 12:00,고속도로,종점,"(4차로,갓길)승용차관련사고처리중",126.812,37.4421
2025-03-09 14:00,고속도로,기점,(2차로)승용단독사고처리중,126.58,36.4354
2025-03-09 15:00,고속도로,종점,(2차로)승용차관련사고처리중,127.1033,37.3543
2025-03-09 17:00,고속도로,종점,(갓길)승용차관려사고처리중,126.8773,37.1551
2025-03-09 18:00,고속도로,기점,(1차로)추돌사고처리중,127.5359,34.9934
2025-03-10 01:00,고속도로,종점,(3차로)사고처리중,127.1276,37.081
2025-03-10 02:00,고속도로,종점,(3차로)사고처리중,127.1276,37.081
2025-03-10 04:00,고속도로,기점,(진입램프2차로)승용차2대관련사고처리중,126.8044,37.6323
2025-03-10 05:00,고속도로,기점,"(진입램프2차로)승용차,화물차관련사고처리중",126.8044,37.6323
2025-03-10 07:00,고속도로,종점,(1차로)승용차관련사고처리중,127.1039,37.2552
2025-03-10 07:00,고속도로,종점,(갓길)사고처리중,126.7292,37.4333
2025-03-10 07:00,고속도로,기점,"(3,4차로)소형화물차관련사고처리중",127.0958,37.2126
2025-03-10 07:00,고속도로,종점,(갓길)승용차단독사고처리중,126.4939,34.9895
2025-03-10 07:00,고속도로,종점,(1차로)승용차관련사고처리중,128.5287,36.0297
2025-03-10 07:00,고속도로,종점,(1차로)승용차관련사고처리중,126.6953,37.4333
2025-03-10 08:00,고속도로,종점,(1차로)화물차관련사고처리중,127.3489,36.9806
2025-03-10 08:00,고속도로,종점,(갓길)승용차단독사고처리중,126.4939,34.9895
2025-03-10 09:00,고속도로,종점,(1차로)화물차관련사고처리중(정체극심우회바랍니다.),127.3489,36.9806
2025-03-10 09:00,고속도로,종점,(2차로)승용차단독사고처리중,129.1975,35.1824
2025-03-10 09:00,고속도로,종점,(갓길)승용차관련사고처리중,129.122,37.4523
2025-03-10 10:00,고속도로,종점,(1차로)화물차관련사고처리중(정체극심우회바랍니다.),127.3489,36.9806
2025-03-10 10:00,고속도로,종점,(5차로)화물차관련사고처리중,126.8601,37.3728
2025-03-10 11:00,고속도로,종점,(갓길)버스관련사고처리중,127.0463,37.4567
2025-03-10 12:00,고속도로,기점,(2차로)화물차관련사고처리중,127.3424,36.9818
2025-03-10 12:00,고속도로,종점,(갓길)버스관련사고처리중,127.0463,37.4567
2025-03-10 12:00,고속도로,기점,(갓길)화물차관련사고처리중,126.871,37.1997
2025-03-10 13:00,고속도로,기점,(4차로)승용차관련사고처리중,128.6532,35.2737
2025-03-10 13:00,고속도로,기점,(5차로)화물차관련사고처리중,128.6865,35.8907
2025-03-10 13:00,고속도로,기점,"(2,3차로)화물차관련사고처리중",129.0842,35.4658
2025-03-10 13:00,고속도로,기점,(2차로)화물차관련사고처리중,127.3424,36.9818
2025-03-10 15:00,고속도로,종점,(진출로2차로)화물차관련사고처리중,127.4824,36.3435
2025-03-10 16:00,고속도로,기점,(진입로갓길)승용차단독사고처리중,126.4929,35.003
2025-03-10 17:00,고속도로,기점,(진입로갓길)승용차단독사고처리중,126.4929,35.003
2025-03-10 18:00,고속도로,종점,(1차로)승용차사고처리중,127.5063,37.2446
2025-03-10 18:00,고속도로,기점,(4차로)사고처리중,127.1056,37.4076
2025-03-10 19:00,고속도로,기점,(갓길)승합차화재사고처리중,127.4284,36.5731
2025-03-10 22:00,고속도로,기점,(갓길)승용차관련사고처리중,128.1909,35.0829
2025-03-10 22:00,고속도로,기점,(갓길)사고처리중,126.7203,37.5238
2025-03-11 03:00,고속도로,종점,(진입요금소광장)승용차사고처리중,126.9821,37.3204
2025-03-11 06:00,고속도로,종점,(1차로)화물차관련사고처리중,128.5632,35.2905
2025-03-11 07:00,고속도로,종점,(6차로)화물차관련사고처리중,127.045,37.3028
2025-03-11 07:00,고속도로,종점,(1차로)화물차관련사고처리중,128.5522,35.2914
2025-03-11 07:00,고속도로,기점,(4차로)화물차단독사고처리중,128.3762,35.2908
2025-03-11 08:00,고속도로,종점,(1차로)화물차관련사고처리중,128.5522,35.2914
2025-03-11 08:00,고속도로,종점,(갓길)화물차단독사고처리중,128.3437,35.2929
2025-03-11 09:00,고속도로,기점,(1차로)화물차관련사고처리중,129.0283,35.3272
2025-03-11 10:00,고속도로,종점,(1차로)화물차관련사고처리중,127.2749,35.6857
2025-03-11 10:00,고속도로,종점,(1차로)승용차관련사고처리중,126.8019,37.3514
2025-03-11 10:00,고속도로,종점,(1차로)승용차관련사고처리중,127.4947,36.7668
2025-03-11 10:00,고속도로,기점,(진출로갓길)승용차단독사고처리중,128.565,35.2365
2025-03-11 11:00,고속도로,기점,(진출로갓길)승용차단독사고처리중,128.565,35.2365
2025-03-11 11:00,고속도로,기점,"(1,3차로)승용차관련사고처리중",127.428,37.2319
2025-03-11 11:00,고속도로,종점,"(2차로,갓길)화물차관련사고처리중",127.2749,35.6857
2025-03-11 12:00,고속도로,기점,(갓길)차량화재사고처리중,128.5292,37.9907
2025-03-11 14:00,고속도로,종점,(갓길)화물차관련(2대)추돌사고처리중,127.0667,35.916
2025-03-11 15:00,고속도로,기점,(갓길)승용차단독사고처리중,128.9799,35.2335
2025-03-11 18:00,고속도로,종점,(1차로)승용차관련사고처리중,127.174,37.5622
2025-03-11 21:00,고속도로,기점,(2차로)승용차추돌사고처리중,126.8952,35.1845
2025-03-12 00:00,고속도로,기점,(진출로갓길)사고처리중,126.7489,37.4821
2025-03-12 06:00,고속도로,기점,(진출로1차로)화물차관련사고처리중.선산나들목진출불가,128.2619,36.2376
2025-03-12 06:00,고속도로,기점,(3차로)화물차관련사고처리중,129.1818,35.6839
2025-03-12 07:00,고속도로,기점,(광장부)사고처리중,126.9928,37.3178
2025-03-12 07:00,고속도로,종점,(광장부)사고처리중,126.9928,37.3178
2025-03-12 08:00,고속도로,기점,(1차로)승용차관련사고처리중,128.4779,35.7567
2025-03-12 09:00,고속도로,기점,(1차로)승용차관련사고처리중,128.4779,35.7567
2025-03-12 09:00,고속도로,기점,(갓길)승용차관련사고처리중,126.8755,35.1893
2025-03-12 10:00,고속도로,기점,(1차로)승용차단독사고처리중,127.2908,37.6298
2025-03-12 10:00,고속도로,종점,(1차로)사고처리중,126.9435,37.0468
2025-03-12 10:00,고속도로,종점,(4차로)승용차관련사고처리중,128.4059,36.0545
2025-03-12 11:00,고속도로,기점,(2차로)화물차사고처리중,126.871,37.1997
2025-03-12 11:00,고속도로,종점,사고처리중전면차단중,127.6468,35.6934
2025-03-12 12:00,고속도로,기점,(갓길)승용차관련사고처리중,128.4836,35.397
2025-03-12 12:00,고속도로,종점,(1차로)승용차관련추돌사고처리중,127.7217,37.0805
2025-03-12 12:00,고속도로,기점,(2차로)화물차사고처리중,126.871,37.1997
2025-03-12 12:00,고속도로,종점,(2차로)사고처리중,127.6468,35.6934
2025-03-12 13:00,고속도로,기점,"(1,2차로)승용차추돌사고처리중",128.6789,35.2753
2025-03-12 15:00,고속도로,종점,"(2,3차로)사고처리중",126.8979,37.4333
2025-03-12 15:00,고속도로,기점,"(2차로,갓길)소형화물차단독사고처리중",128.3883,34.9683
2025-03-12 15:00,고속도로,기점,"(3,4차로)화물차단독사고처리중",128.6479,35.2749
2025-03-12 15:00,고속도로,종점,"(1,2,3차로)사고처리중",127.053,37.4495
2025-03-12 15:00,고속도로,종점,(1차로)승용차사고처리중,128.3581,36.3837
2025-03-12 16:00,고속도로,기점,"(3,4차로)화물차단독사고처리중",128.6479,35.2749
2025-03-12 17:00,고속도로,기점,(갓길)승용차관련사고처리중,128.8222,35.2242
2025-03-12 19:00,고속도로,기점,"(진출로갓길)승용차1대,대형화물차1대추돌사고처리중",126.8934,35.2615
2025-03-12 19:00,고속도로,기점,(갓길)사고처리중,126.7236,37.4336
2025-03-12 20:00,고속도로,종점,(3차로)사고처리중,126.947,37.3792
2025-03-12 20:00,고속도로,기점,(1차로)사고처리중,127.0426,37.3949
2025-03-12 20:00,고속도로,종점,(1차로)승용차관련사고처리중,126.9005,37.2853
2025-03-12 21:00,고속도로,종점,(갓길)승용차관련사고처리중,126.9005,37.2853
2025-03-12 21:00,고속도로,기점,"(3차로,갓길)소형화물차1대,대형화물차1대추돌사고처리중",127.4115,35.0122
2025-03-12 22:00,고속도로,기점,(2차로)대형화물차단독화재사고처리중,127.9976,37.2818
2025-03-12 23:00,고속도로,기점,(1차로)승용차관련사고처리중,128.6207,36.5145
2025-03-13 03:00,고속도로,기점,(갓길)사고처리중,127.0537,35.8746
2025-03-13 08:00,고속도로,기점,"(3차로,갓길)화물차관련사고처리중",129.2833,35.4712
2025-03-13 09:00,고속도로,기점,(진출로)승용차관련사고처리중,127.0495,37.3001
2025-03-13 09:00,고속도로,종점,(1차로)승용차관련추돌사고처리중,127.4202,36.6223
2025-03-13 10:00,고속도로,기점,(5차로)승용차관련사고처리중,127.0514,37.2991
2025-03-13 11:00,고속도로,기점,(1차로)승용차관련추돌사고처리중,127.7217,37.0805
2025-03-13 11:00,고속도로,기점,"(2차로,갓길)대형화물차사고처리중",127.5574,36.9551
2025-03-13 11:00,고속도로,기점,(3차로)사고처리중,127.1581,37.5819
2025-03-13 12:00,고속도로,기점,(요금소)승용차관련사고처리중,126.8064,37.3506
2025-03-13 12:00,고속도로,기점,"(2차로,갓길)대형화물차사고처리중",127.5574,36.9551
2025-03-13 12:00,고속도로,종점,(2차로)화물차관련사고처리중,128.9478,35.5083
2025-03-13 14:00,고속도로,종점,(2차로)추돌사고처리중,127.1033,37.3543
2025-03-13 15:00,고속도로,종점,(2차로)승용치관련사고처리중,127.1408,37.0286
2025-03-13 15:00,고속도로,종점,(1차로)승용차관련사고처리중,126.5791,34.7347
2025-03-13 15:00,고속도로,기점,"(2,4차로)화물차관련사고처리중",126.752,37.5265
2025-03-13 16:00,고속도로,종점,(갓길)사고처리중,128.5528,37.6482
2025-03-13 17:00,고속도로,종점,(갓길)승용차사고처리중,126.9219,35.6592
2025-03-13 19:00,고속도로,기점,"(진출로2차로,갓길)화물차관련사고처리중",128.5149,35.2835
2025-03-13 20:00,고속도로,종점,(광장부)승합차사고처리중,127.0514,37.2991
2025-03-13 21:00,고속도로,기점,(진출로갓길)화물차사고처리중,127.4255,37.2407
2025-03-13 22:00,고속도로,기점,(진출로갓길)화물차사고처리중,127.4255,37.2407
2025-03-13 23:00,고속도로,기점,(진출로갓길)화물차사고처리중,127.4255,37.2407
2025-03-14 00:00,고속도로,기점,(진출로갓길)승용차관련사고처리중,127.1421,37.6138
2025-03-14 00:00,고속도로,종점,(3차로)승용차관련사고처리중,127.8382,35.0067
2025-03-14 00:00,고속도로,기점,(진출로갓길)화물차사고처리중,127.4255,37.2407
2025-03-14 01:00,고속도로,기점,(진출로갓길)화물차사고처리중,127.4255,37.2407
2025-03-14 01:00,고속도로,종점,(3차로)승용차관련사고처리중,127.8382,35.0067
2025-03-14 01:00,고속도로,종점,(진입로갓길)승용차사고처리중,128.1428,36.3676
2025-03-14 02:00,고속도로,기점,(갓길)승용차관련사고처리중,126.9005,37.2853
2025-03-14 03:00,고속도로,기점,(1차로)대형화물차관련사고처리중,128.4116,35.7105
2025-03-14 07:00,고속도로,기점,(진출로1차로)사고처리중,126.88,37.1383
2025-03-14 08:00,고속도로,종점,(1차로)승용차사고처리중,127.2995,37.2418
2025-03-14 08:00,고속도로,기점,(진입로2차로)사고처리중,127.1484,37.5104
2025-03-14 08:00,고속도로,종점,(2차로)화물차관련사고처리중,127.4426,36.9473
2025-03-14 09:00,고속도로,기점,"(1,2차로)승용차관련사고처리중",127.5667,37.2395
2025-03-14 10:00,고속도로,기점,(1차로)승용차관련사고처리중,126.8932,37.3104
2025-03-14 10:00,고속도로,종점,"(1,2차로)화물차관련사고처리중",127.2955,36.9744
2025-03-14 10:00,고속도로,종점,(1차로)승용차사고처리중,126.8666,37.4335
2025-03-14 10:00,고속도로,기점,(갓길)승용차관련사고처리중,129.0003,35.2159
2025-03-14 10:00,고속도로,기점,"(4차로,갓길)승용차관련사고처리중",127.5667,37.2395
2025-03-14 11:00,고속도로,종점,화물차관련사고처리중전면차단중,127.2955,36.9744
2025-03-14 11:00,고속도로,종점,"(1,2차로)승용차단독사고처리중",129.05,35.3733
2025-03-14 12:00,고속도로,종점,(진입로갓길)승용차사고처리중,127.5877,37.2487
2025-03-14 13:00,고속도로,종점,"(1,4,5차로)사고처리중",127.1576,36.9858
2025-03-14 13:00,고속도로,기점,(1차로)승용차관련사고처리중,126.8728,37.1863
2025-03-14 13:00,고속도로,종점,(진입로갓길)승용차사고처리중,127.5877,37.2487
2025-03-14 14:00,고속도로,종점,(진입로갓길)승용차사고처리중,127.5877,37.2487
2025-03-14 14:00,고속도로,기점,(1차로)화물차관련사고처리중,128.5894,35.2883
2025-03-14 15:00,고속도로,기점,(1차로)승용차관련사고처리중.,127.8731,36.9251
2025-03-14 15:00,고속도로,기점,"(1,2차로)화물차관련사고처리중",127.4995,36.8079
2025-03-14 15:00,고속도로,기점,(갓길)승용차관련사고처리중,126.7998,37.6189
2025-03-14 17:00,고속도로,종점,(진출하이패스1차로)소형화물차단독사고처리중,128.2904,37.9147
2025-03-14 17:00,고속도로,종점,"(1,2차로)승용차관련사고처리중",127.1033,37.3543
2025-03-14 17:00,고속도로,종점,(1차로)승용차관련사고처리중,126.7486,37.5087
2025-03-14 17:00,고속도로,종점,(2차로)승용차관련사고처리중,127.509,36.1451
2025-03-14 18:00,고속도로,종점,(3차로)승용차관련사고처리중,128.5918,35.2503
2025-03-14 18:00,고속도로,기점,(1차로)승용차사고처리중,127.4751,36.8759
2025-03-14 19:00,고속도로,종점,(갓길)승용차관련사고처리중,127.3156,36.2836
2025-03-14 19:00,고속도로,기점,(2차로)승용차단독사고처리중,128.7456,35.5214
2025-03-14 19:00,고속도로,기점,"(2차로,갓길)승용차관련사고처리중",128.548,36.1596
2025-03-14 19:00,고속도로,기점,(1차로)승용차관련사고처리중,127.4115,36.9573
2025-03-14 20:00,고속도로,기점,"(2차로,갓길)화물차관련사고처리중",128.4164,35.7034
2025-03-14 20:00,고속도로,종점,"(3,4차로,갓길)승용차관련사고처리중",128.5875,35.9104
2025-03-14 20:00,고속도로,기점,(2차로)승용차관련사고처리중,127.1611,36.9812
2025-03-14 21:00,고속도로,기점,"(2차로,갓길)화물차관련사고처리중",128.4164,35.7034
2025-03-14 22:00,고속도로,기점,"(4차로,갓길)화물차사고처리중",127.4185,36.4484
2025-03-14 22:00,고속도로,기점,"(2차로,갓길)화물차관련사고처리중",128.4164,35.7034
2025-03-14 23:00,고속도로,기점,"(2차로,갓길)화물차관련사고처리중",128.4164,35.7034
2025-03-14 23:00,고속도로,기점,"(4차로,갓길)화물차사고처리중",127.4185,36.4484
2025-03-15 00:00,고속도로,기점,(1차로)사고처리중,128.7743,37.669
2025-03-15 00:00,고속도로,기점,"(2차로,갓길)화물차관련사고처리중",128.4164,35.7034
2025-03-15 00:00,고속도로,종점,(갓길)단독사고처리중,127.5587,37.7148
2025-03-15 01:00,고속도로,기점,"(1,2,3차로)화물차관련사고처리중 우회바랍니다",127.1923,37.4219
2025-03-15 01:00,고속도로,기점,"(2차로,갓길)화물차관련사고처리중",128.4164,35.7034
2025-03-15 01:00,고속도로,종점,(갓길)승용차사고처리중,128.0527,36.4165
2025-03-15 02:00,고속도로,기점,"(2차로,갓길)화물차관련사고처리중",128.4164,35.7034
2025-03-15 02:00,고속도로,기점,"(2,3차로)화물차관련사고처리중",127.1923,37.4219
2025-03-15 05:00,고속도로,종점,(3차로)승용차사고처리중,126.9058,37.0501
2025-03-15 05:00,고속도로,종점,(갓길)승용차관련사고처리중,126.7998,37.6189
2025-03-15 09:00,고속도로,기점,"(2,3차로)승용차관련사고처리중",127.7726,37.8177
2025-03-15 10:00,고속도로,기점,(1차로)승용차관련사고처리중,128.6309,35.2776
2025-03-15 11:00,고속도로,종점,(진입로가속차로)화물차관련사고처리중,126.7463,37.4909
2025-03-15 12:00,고속도로,종점,(2차로)승용관련사고처리중,127.3722,36.6786
2025-03-15 12:00,고속도로,종점,(보조2번진출로)승용차단독사고처리중,128.8006,35.2006
2025-03-15 12:00,고속도로,종점,(진입로가속차로)화물차관련사고처리중,126.7463,37.4909
2025-03-15 12:00,고속도로,종점,(2차로)승용차관련사고처리중,128.3581,36.3837
2025-03-15 13:00,고속도로,종점,(진출로1차로)승용차관련사고처리중,128.9489,35.1565
2025-03-15 13:00,고속도로,종점,(1차로)승용차관련사고처리중,127.9837,36.7692
2025-03-15 13:00,고속도로,기점,(갓길)승용차관련사고처리중,126.7646,37.4612
2025-03-15 15:00,고속도로,종점,(진출로갓길)승용차관련사고처리중,129.113,35.5144
2025-03-15 16:00,고속도로,종점,"(1,2차로)승용차관련사고처리중",126.7503,37.5176
2025-03-15 16:00,고속도로,기점,(갓길)화물차관련사고처리중,127.5119,37.2443
2025-03-15 17:00,고속도로,종점,(갓길)승용차관련사고처리중,127.2981,37.4228
2025-03-15 17:00,고속도로,종점,(갓길)승용차관련사고처리중,129.2201,35.272
2025-03-15 18:00,고속도로,종점,(갓길)승용차관련사고처리중,129.2201,35.272
2025-03-15 21:00,고속도로,기점,(3차로)승용차관련사고처리중,126.7731,37.5962
2025-03-15 22:00,고속도로,기점,(갓길)승용차관련사고처리중,126.7731,37.5962
2025-03-16 04:00,고속도로,기점,"(진출로1,2차로,갓길)승용차관련사고처리중",126.8046,37.6359
2025-03-16 04:00,고속도로,종점,(갓길)승용차사고처리중,126.7937,37.5224
2025-03-16 05:00,고속도로,종점,(갓길)승용차사고처리중,126.7937,37.5224
2025-03-16 12:00,고속도로,기점,(1차로)승용차관련사고처리중,126.7543,37.4744
2025-03-16 13:00,고속도로,종점,(갓길)승용차관련사고처리중,127.1933,37.5831
2025-03-16 13:00,고속도로,기점,(갓길)승용차사고처리중,128.2906,36.974
2025-03-16 14:00,고속도로,종점,(갓길)승용차관련사고처리중,127.6062,37.2134
2025-03-16 15:00,고속도로,종점,"(4차로,갓길)승용차관련사고처리중",128.551,35.8976
2025-03-16 15:00,고속도로,종점,(1차로)승용차추돌사고처리중,126.9128,35.1833
2025-03-16 15:00,고속도로,기점,(1차로)승용차관련사고처리중,129.2077,35.2188
2025-03-16 16:00,고속도로,종점,(3차로)화물차관련사고처리중,128.983,35.2591
2025-03-16 16:00,고속도로,기점,(3차로)승용차관련사고처리중,128.8212,37.7719
2025-03-16 16:00,고속도로,종점,(1차로)승용차관련사고처리중,127.9902,36.7603
2025-03-16 17:00,고속도로,기점,(진출로갓길)승용차관련사고처리중,127.1057,37.2286
2025-03-16 18:00,고속도로,기점,(1차로)승용차사고처리중,126.7549,37.4718
2025-03-16 19:00,고속도로,종점,(1차로)화물차관련사고처리중,128.4792,35.5346
2025-03-16 19:00,고속도로,종점,(갓길)승용차관련사고처리중,128.1002,37.4488
2025-03-16 19:00,고속도로,종점,(2차로)승용차관련사고처리중,127.1033,37.3543
2025-03-16 20:00,고속도로,종점,(2차로)승용차관련사고처리중,127.1033,37.3543
2025-03-16 20:00,고속도로,기점,(1차로진출램프)승용차단독사고처리중,128.3814,34.9752
2025-03-16 21:00,고속도로,종점,(2차로)승용차관련사고처리중,127.1033,37.3543
2025-03-16 22:00,고속도로,종점,(1차로)승용차관련사고처리중,128.2434,37.5091
2025-03-17 02:00,고속도로,종점,(3차로)승용차사고처리중,127.3827,36.6279
2025-03-17 05:00,고속도로,기점,(2차로)화물차사고처리중,128.5539,37.6484
2025-03-17 06:00,고속도로,기점,(갓길)승용차사고처리중,128.9983,37.6797
2025-03-17 07:00,고속도로,기점,(갓길)승용차단독사고처리중,128.9991,36.4549
2025-03-17 07:00,고속도로,기점,(3차로)사고처리중,127.0921,37.1677
2025-03-17 08:00,고속도로,기점,(5차로)사고처리중,126.7502,37.539
2025-03-17 09:00,고속도로,종점,(갓길)단독사고처리중,128.7784,37.7242
2025-03-17 10:00,고속도로,종점,"(3차로,갓길)대형화물차화재사고처리중",127.8657,36.2321
2025-03-17 10:00,고속도로,기점,(1차로)승용차관련사고처리중,127.156,37.5977
2025-03-17 10:00,고속도로,종점,(진출로갓길)승용차사고처리중,127.1919,37.395
2025-03-17 10:00,고속도로,기점,(1차로)승용차관련사고처리중,126.7742,37.4586
2025-03-17 10:00,고속도로,종점,(1차로)승용차관련사고처리중,126.829,37.4191
2025-03-17 10:00,고속도로,기점,(1차로)승용단독사고처리중,127.4391,35.2315
2025-03-17 11:00,고속도로,기점,(1차로)승용차관련사고처리중,128.5446,35.2387
2025-03-17 11:00,고속도로,기점,(갓길)승용차관련사고처리중,126.7742,37.4586
2025-03-17 12:00,고속도로,기점,(1차로)버스관련사고처리중,127.1509,37.003
2025-03-17 13:00,고속도로,종점,(3차로)승용관련사고처리중,127.3216,36.9939
2025-03-17 15:00,고속도로,기점,(2차로)화물차관련사고처리중,127.3757,36.646
2025-03-17 15:00,고속도로,종점,"(1,2차로)승용차사고처리중",128.8035,35.1994
2025-03-17 17:00,고속도로,종점,(1차로)승용차사고처리중,126.8414,35.8449
2025-03-17 17:00,고속도로,종점,(갓길)승용차관련사고처리중,128.2314,35.702
2025-03-17 17:00,고속도로,종점,"(1,2차로)승용차2대관련사고처리중",126.6953,37.4333
2025-03-17 18:00,고속도로,종점,(갓길)승용차2대관련사고처리중,126.6953,37.4333
2025-03-17 18:00,고속도로,기점,(2차로)승용차추돌사고처리중,127.352,36.2899
2025-03-17 20:00,고속도로,종점,(진출로1차로)승용차관련사고처리중,128.0912,35.1169
2025-03-17 23:00,고속도로,종점,(갓길)승용차단독사고처리중,126.7822,35.3457
2025-03-17 23:00,고속도로,기점,(1차로)사고처리중,126.8997,37.4419
2025-03-18 01:00,고속도로,기점,(1차로)승용차단독사고처리중,129.1929,35.7186
2025-03-18 01:00,고속도로,종점,(진출로1차로)승용차2대관련사고처리중,126.8064,37.3506
2025-03-18 01:00,고속도로,기점,(4차로)승용차관련사고처리중,126.7993,37.5216
2025-03-18 02:00,고속도로,종점,(진출로2차로)승용차사고처리중,127.1421,37.6138
2025-03-18 03:00,고속도로,종점,(2차로)대형화물차사고처리중,127.2213,35.7501
2025-03-18 04:00,고속도로,종점,(2차로)대형화물차사고처리중,127.2213,35.7501
2025-03-18 05:00,고속도로,종점,(갓길)사고처리중,126.7525,37.5659
2025-03-18 06:00,고속도로,기점,(1차로)승용차관련사고처리중,126.8793,37.3241
2025-03-18 06:00,고속도로,기점,(3차로)승용차사고처리중,127.2758,37.6168
2025-03-18 07:00,고속도로,기점,(진출로갓길)사고처리중,127.5555,37.2404
2025-03-18 07:00,고속도로,종점,(1차로)승합차단독사고처리중,127.3839,36.974
2025-03-18 08:00,고속도로,종점,(진출로갓길)승용차단독사고처리중,126.8049,35.4316
2025-03-18 08:00,고속도로,종점,(갓길)화물차관련화재사고처리중,126.8837,37.1197
2025-03-18 08:00,고속도로,기점,(3차로)승용차관련사고처리중,127.2846,37.1309
2025-03-18 08:00,고속도로,종점,(갓길)승용차단독사고처리중,127.1047,35.3648
2025-03-18 08:00,고속도로,기점,"(1,2차로)화물차관련사고처리중",127.6736,35.6659
2025-03-18 08:00,고속도로,종점,(갓길)승용차단독사고처리중,128.1428,37.0752
2025-03-18 09:00,고속도로,종점,(5차로)사고처리중,127.1048,37.2417
2025-03-18 09:00,고속도로,기점,"(1,2차로)화물차관련사고처리중",127.6736,35.6659
2025-03-18 09:00,고속도로,종점,(갓길)승용차단독사고처리중,127.108,35.3649
2025-03-18 09:00,고속도로,기점,(3차로)승용차관련사고처리중,127.2846,37.1309
2025-03-18 09:00,고속도로,종점,(갓길)승용차관련사고처리중,127.2824,37.1398
2025-03-18 09:00,고속도로,종점,(갓길)승용차단독사고처리중,126.701,35.3807
2025-03-18 09:00,고속도로,종점,(1차로)소형화물차단독사고처리중,128.1655,37.0781
2025-03-18 09:00,고속도로,종점,(갓길)화물차관련화재사고처리중,126.8837,37.1197
2025-03-18 09:00,고속도로,기점,(갓길)승용차관련추돌사고처리중,127.3207,35.6278
2025-03-18 09:00,고속도로,기점,"(1,2차로)사고처리중",126.8743,37.1638
2025-03-18 09:00,고속도로,종점,(갓길)승용차사고처리중,128.5754,36.7564
2025-03-18 09:00,고속도로,종점,(4차로)승용차2대관련사고처리중,126.7742,37.4586
2025-03-18 09:00,고속도로,종점,(갓길)사고처리중,127.6703,35.6695
2025-03-18 10:00,고속도로,기점,(갓길)승용차관련추돌사고처리중,127.0659,35.2611
2025-03-18 10:00,고속도로,기점,"(1,2차로)화물차관련사고처리중",127.6736,35.6659
2025-03-18 10:00,고속도로,기점,(갓길)승용차관련사고처리중,127.7897,37.0359
2025-03-18 10:00,고속도로,기점,(1차로)승용차관련사고처리중,128.4095,36.046
2025-03-18 10:00,고속도로,종점,(진입로1차로)사고처리중,127.0958,37.2126
2025-03-18 10:00,고속도로,종점,(갓길)승용차관련사고처리중,127.8498,35.4552
2025-03-18 10:00,고속도로,기점,(갓길)사고처리중,126.8743,37.1638
2025-03-18 11:00,고속도로,기점,"(1,2차로)추돌사고처리중",127.2049,34.8249
2025-03-18 11:00,고속도로,종점,"(2차로,갓길)소형화물차단독사고처리중",126.5662,36.7412
2025-03-18 11:00,고속도로,기점,"(1,2차로)화물차관련사고처리중",127.6736,35.6659
2025-03-18 12:00,고속도로,기점,추돌사고처리중전면차단중,127.211,34.8269
2025-03-18 13:00,고속도로,기점,71k전면차단중 벌교우회요망,127.211,34.8269
2025-03-18 13:00,고속도로,기점,"(1,2차로)추돌사고처리중",127.6333,35.7012
2025-03-18 14:00,고속도로,종점,(2차로)승용차전복사고처리중,127.6333,35.5299
2025-03-18 14:00,고속도로,기점,"(1,2차로)추돌사고처리중 덕유산나들목및장수나들목우회가능",127.6333,35.7012
2025-03-18 14:00,고속도로,종점,(2차로)사고처리중,128.7736,37.7163
2025-03-18 14:00,고속도로,기점,(2차로)화물차관련사고처리중,128.7196,37.6754
2025-03-18 14:00,고속도로,기점,71k전면차단중 벌교우회요망,127.211,34.8269
2025-03-18 14:00,고속도로,종점,(2차로)승용차고장처리중,128.7692,37.6997
2025-03-18 15:00,고속도로,기점,71k전면차단중 벌교우회요망,127.211,34.8269
2025-03-18 15:00,고속도로,종점,"(4,5차로)사고처리중",126.7489,37.4821
2025-03-18 15:00,고속도로,기점,(진입로1차로)승용차관련사고처리중,128.8951,35.1653
2025-03-18 15:00,고속도로,종점,"(1,2차로)승용차관련사고처리중",128.7489,37.6632
2025-03-18 15:00,고속도로,종점,(2차로)사고처리중,128.7736,37.7163
2025-03-18 15:00,고속도로,종점,(2차로)승용차전복사고처리중,127.6333,35.5299
2025-03-18 16:00,고속도로,종점,(4차로)승용차사고처리중,126.7855,37.4299
2025-03-18 16:00,고속도로,기점,(1차로)승용단독사고처리중,127.6965,35.5433
2025-03-18 16:00,고속도로,종점,(갓길)승용단독사고처리중,128.5637,37.6528
2025-03-18 16:00,고속도로,종점,(1차로)승용다중추돌사고처리중,128.5316,37.6453
2025-03-18 17:00,고속도로,종점,(2차로)승용차단독사고처리중,127.6333,35.5299
2025-03-18 17:00,고속도로,종점,"(1,2차로)버스관련사고처리중",127.1033,37.3543
2025-03-18 18:00,고속도로,기점,(갓길)승용차관련사고처리중,129.0802,36.4762
2025-03-18 19:00,고속도로,기점,(갓길)사고처리중,126.7292,37.4333
2025-03-18 19:00,고속도로,기점,(1차로)사고처리중,128.8723,37.7012
2025-03-18 19:00,고속도로,기점,(2차로)중형화물차전도사고처리중,127.8174,37.0337
2025-03-18 20:00,고속도로,종점,(2차로)대형화물차전도사고처리중,127.8174,37.0337
2025-03-18 20:00,고속도로,종점,"(1,2차로)사고확인중",127.9864,36.4421
2025-03-18 20:00,고속도로,종점,(2차로)승용차관련사고처리중,128.8777,37.6998
2025-03-18 21:00,고속도로,종점,"(1차로,갓길)대형화물차전도사고처리중",127.9532,36.4408
2025-03-18 21:00,고속도로,기점,(갓길)승용차추돌사고처리중,128.4101,34.9016
2025-03-18 23:00,고속도로,기점,"(1,2,3차로)승용차관련사고처리중",127.1431,37.0198
2025-03-19 04:00,고속도로,기점,"(4,5차로)승용차관련사고처리중",127.1036,37.3092
2025-03-19 07:00,고속도로,종점,화물차관련사고처리중,128.8524,37.7228
2025-03-19 08:00,고속도로,기점,(중분대)사고처리중,127.0378,37.3071
2025-03-19 10:00,고속도로,종점,"(2차로,갓길)승용차화재사고처리중",126.7747,36.1015
2025-03-19 10:00,고속도로,종점,(1차로)승용차관련추돌사고처리중,127.9841,36.7728
2025-03-19 11:00,고속도로,기점,(3차로)승용차관련사고처리중,127.2413,37.4834
2025-03-19 12:00,고속도로,종점,"(1,2차로)대형화물차관련추돌사고처리중",128.2588,36.2462
2025-03-19 13:00,고속도로,종점,(갓길)승용차사고처리중,127.4232,36.5947
2025-03-19 15:00,고속도로,기점,(갓길)승용차단독사고처리중,128.1624,35.0956
2025-03-19 15:00,고속도로,종점,(2차로)중형화물차관련사고처리중,126.5921,35.067
2025-03-19 15:00,고속도로,종점,(2차로)추돌사고처리중,127.1034,37.348
2025-03-19 16:00,고속도로,종점,(갓길)승용차관련사고처리중,127.7272,37.0567
2025-03-19 18:00,고속도로,기점,(3차로)승용차관련사고처리중,128.98,35.195
2025-03-19 18:00,고속도로,기점,"(4,5차로)승용차사고처리중",127.1757,36.8411
2025-03-19 22:00,고속도로,기점,(4차로)승용차관련사고처리중,128.3161,36.1366
2025-03-20 06:00,고속도로,종점,(영업소국도접속부)버스관련사고처리중,127.4694,36.2686
2025-03-20 07:00,고속도로,종점,(영업소국도접속부)버스관련사고처리중,127.4694,36.2686
2025-03-20 08:00,고속도로,기점,승용차사고처리중,127.1026,36.0819
2025-03-20 08:00,고속도로,기점,(1차로)화물차관련사고처리중,126.7742,36.0745
2025-03-20 08:00,고속도로,종점,(2차로)승용차사고처리중,126.8267,37.4401
2025-03-20 10:00,고속도로,종점,(5차로)승용차사고처리중,126.7543,37.4744
2025-03-20 11:00,고속도로,기점,"(3,4차로)사고처리중",127.5667,37.2395
2025-03-20 11:00,고속도로,기점,(갓길)승용차관련사고처리중,127.3085,36.7264
2025-03-20 12:00,고속도로,기점,"(3,4차로)사고처리중",127.5667,37.2395
2025-03-20 12:00,고속도로,기점,(진입로갓길)사고처리중,127.1038,37.2642
2025-03-20 13:00,고속도로,종점,(1차로)화물차사고처리중,126.8394,37.3483
2025-03-20 14:00,고속도로,종점,(1차로)승용차관련사고처리중,128.0906,36.729
2025-03-20 14:00,고속도로,종점,(4차로)승용차사고처리중,126.709,37.5237
2025-03-20 15:00,고속도로,기점,(4차로)사고처리중,126.8939,37.053
2025-03-20 15:00,고속도로,종점,(진입로갓길)대형화물차단독사고처리중,127.6548,34.9639
2025-03-20 16:00,고속도로,종점,"(1,2차로)승용차단독사고처리중",129.2474,35.3804
2025-03-20 16:00,고속도로,기점,(1차로)승용차사고처리중,126.5561,36.6043
2025-03-20 16:00,고속도로,기점,"(1,2차로)승용차관련사고처리중",126.8399,37.4037
2025-03-20 16:00,고속도로,종점,"(1,4,5차로)사고처리중",127.1783,36.8479
2025-03-20 16:00,고속도로,기점,(진입로갓길)대형화물차단독사고처리중,127.6548,34.9639
2025-03-20 17:00,고속도로,종점,(3차로)승용차관련사고처리중,127.1461,37.5737
2025-03-20 17:00,고속도로,종점,(진출로갓길)승용차단독사고처리중,126.4929,35.003
2025-03-20 17:00,고속도로,기점,(진입로갓길)대형화물차단독사고처리중,127.6548,34.9639
2025-03-20 17:00,고속도로,기점,"(1,2차로)승용차관련사고처리중",126.8399,37.4037
2025-03-20 17:00,고속도로,종점,(1차로)승용차사고처리중,127.0575,36.4846
2025-03-20 17:00,고속도로,종점,(5차로)사고처리중,127.1783,36.8479
2025-03-20 18:00,고속도로,기점,(2차로)승용차관련사고처리중,126.8855,37.3698
2025-03-20 18:00,고속도로,종점,(1차로)승용차관련사고처리중,127.1575,37.5384
2025-03-20 18:00,고속도로,종점,(갓길)사고처리중,126.8683,37.3767
2025-03-20 19:00,고속도로,기점,"(1,2차로)승용차관련사고처리중",126.9537,37.8433
2025-03-20 20:00,고속도로,종점,(진출로1차로)사고처리중,126.9435,37.0468
2025-03-20 20:00,고속도로,기점,"(1,2차로)승용차관련사고처리중",126.9537,37.8433
2025-03-20 21:00,고속도로,종점,(갓길)사고처리중,126.8837,37.1197
2025-03-20 21:00,고속도로,기점,"(1,2차로)승용차관련사고처리중",126.9537,37.8433
2025-03-20 22:00,고속도로,기점,(1차로)화물차관련사고처리중,127.0591,37.4419
2025-03-21 01:00,고속도로,기점,"(1,2차로)승용차관련사고처리중",129.0452,35.3604
2025-03-21 02:00,고속도로,기점,"(1,2,3차로)승용차관련사고처리중",129.0452,35.3604
2025-03-21 06:00,고속도로,종점,(4차로)화물차단독화재사고처리중,128.3601,35.2926
2025-03-21 06:00,고속도로,기점,(진출로1차로)사고처리중,126.7543,37.5241
2025-03-21 07:00,고속도로,기점,(갓길)승용차관련사고처리중,127.6282,37.736
2025-03-21 07:00,고속도로,기점,(갓길)사고처리중,126.7656,37.5242
2025-03-21 09:00,고속도로,기점,(2차로)승용차관련사고처리중,128.5254,35.9243
2025-03-21 10:00,고속도로,종점,(부산방향진입로갓길)화물차관련사고처리중,128.8951,35.1653
2025-03-21 10:00,고속도로,기점,(2경인진출로갓길)화물차관련사고처리중,126.7379,37.429
2025-03-21 11:00,고속도로,종점,"(4차로)승용,화물차사고처리중",126.7179,37.4339
2025-03-21 11:00,고속도로,기점,(2경인진출로갓길)화물차관련사고처리중,126.7379,37.429
2025-03-21 12:00,고속도로,종점,"(1,2차로)소형화물차관련사고처리중",128.6953,35.8852
2025-03-21 12:00,고속도로,종점,"(1,2차로)승용차관련사고처리중",127.1708,37.2821
2025-03-21 13:00,고속도로,종점,"(1,2,3차로)사고처리중",127.4296,36.3754
2025-03-21 13:00,고속도로,기점,(갓길)소형화물관련사고처리중,126.981,35.729
2025-03-21 13:00,고속도로,기점,"(4차로,갓길)승용차사고처리중",127.457,37.2397
2025-03-21 14:00,고속도로,종점,(2차로)사고처리중,127.1385,37.0374
2025-03-21 14:00,고속도로,기점,(갓길)소형화물관련사고처리중,126.981,35.729
2025-03-21 14:00,고속도로,종점,"(4차로)승용,화물차사고처리중",126.7179,37.4339
2025-03-21 14:00,고속도로,종점,"(1,2차로)사고처리중(대전통영선판암IC,경부선대전IC우회바람",127.4296,36.3754
2025-03-21 15:00,고속도로,종점,(2차로)승용차관련사고처리완료,127.166,36.9751
2025-03-21 17:00,고속도로,종점,(갓길)소형화물화재사고처리중,127.2493,36.4679
2025-03-21 17:00,고속도로,종점,"(3,4차로)승용차관련사고처리중",128.3033,35.2789
2025-03-21 17:00,고속도로,기점,"(3차로,갓길)화물차관련사고",127.4244,37.2372
2025-03-21 18:00,고속도로,기점,(갓길)승용차관련사고처리중,129.3944,35.9238
2025-03-21 18:00,고속도로,종점,"(2차로,갓길)소형화물차단독사고처리중",126.5418,35.2701
2025-03-21 19:00,고속도로,기점,(갓길)승용차사고처리중,128.4568,35.9481
2025-03-21 19:00,고속도로,종점,(1차로)승용차사고처리중,127.1575,37.5384
2025-03-21 21:00,고속도로,기점,(1차로)승용차사고처리중,127.3026,37.0451
2025-03-21 22:00,고속도로,기점,(1차로)승용차관련사고처리중,126.7522,37.4765
2025-03-22 01:00,고속도로,종점,(진입로갓길)승용차관련사고처리중,127.1038,37.2642
2025-03-22 02:00,고속도로,종점,(진입로갓길)화물차관련사고처리중,127.1038,37.2642
2025-03-22 03:00,고속도로,종점,(진입로갓길)화물차관련사고처리중,127.1038,37.2642
2025-03-22 06:00,고속도로,기점,(1차로)승용차관련사고처리중,128.3915,35.7588
2025-03-22 06:00,고속도로,종점,(진출로2차로)소형화물차관련사고처리중,128.5297,35.8928
2025-03-22 07:00,고속도로,기점,(갓길)대형화물차단독사고처리중,127.6128,37.1877
2025-03-22 08:00,고속도로,기점,(갓길)대형화물차단독사고처리중,127.6128,37.1877
2025-03-22 09:00,고속도로,종점,"(2,3차로)승용차관련사고처리중",127.1033,37.3543
2025-03-22 10:00,고속도로,기점,(3차로)승용차관련사고처리중,128.5335,35.2426
2025-03-22 11:00,고속도로,기점,(1차로)사고처리중,126.7849,37.3562
2025-03-22 11:00,고속도로,기점,(1차로)승용차관련추돌사고처리중,126.8952,35.1845
2025-03-22 12:00,고속도로,종점,"(1,2차로)대형버스관련사고처리중",127.3194,36.7244
2025-03-22 12:00,고속도로,기점,(1차로)승용차관련사고처리중,127.3345,36.3787
2025-03-22 13:00,고속도로,종점,"(1,2차로)대형버스관련사고처리중",127.3194,36.7244
2025-03-22 13:00,고속도로,종점,(갓길)승용차관련사고처리중,126.8726,37.431
2025-03-22 13:00,고속도로,기점,(갓길)고속도로인접부산불발생,129.253,35.4006
2025-03-22 13:00,고속도로,기점,"(2,3차로)사고처리중",126.8814,37.3327
2025-03-22 14:00,고속도로,기점,(6차로)사고처리중,127.0838,37.2922
2025-03-22 14:00,고속도로,종점,"(갓길)고속도로인접부산불발생,비상등켜고서행운전",129.253,35.4006
2025-03-22 14:00,고속도로,기점,"(갓길)고속도로인접부산불발생,비상등켜고서행운전",129.253,35.4006
2025-03-22 14:00,고속도로,종점,(1차로)승용차관련사고처리중,127.4976,36.8088
2025-03-22 14:00,고속도로,기점,(1차로)승용차관련사고처리중,127.6122,37.1966
2025-03-22 15:00,고속도로,종점,(3차로)승용차단독사고처리중,128.5825,35.2456
2025-03-22 15:00,고속도로,기점,"(갓길)고속도로인접부산불발생,비상등켜고서행운행",128.8747,35.2961
2025-03-22 15:00,고속도로,기점,"(3차로)고속도로인접부산불발생,비상등켜고서행운전",129.253,35.4006
2025-03-22 15:00,고속도로,종점,"(3차로)고속도로인접부산불발생,비상등켜고서행운전",129.253,35.4006
2025-03-22 16:00,고속도로,종점,"(2,3차로)승용차관련추돌사고처리중",126.9279,35.185
2025-03-22 16:00,고속도로,종점,"(3차로)고속도로인접부산불발생,비상등켜고서행운전",129.253,35.4006
2025-03-22 16:00,고속도로,기점,(갓길)승용차관련사고처리중,127.491,36.8174
2025-03-22 16:00,고속도로,기점,"(3차로)고속도로인접부산불발생,비상등켜고서행운전",129.253,35.4006
2025-03-22 16:00,고속도로,종점,(1차로)추돌사고처리중,126.5855,36.5231
2025-03-22 16:00,고속도로,기점,(진출로갓길)사고처리중,126.9821,37.3204
2025-03-22 16:00,고속도로,기점,"(갓길)고속도로인접부산불발생,비상등켜고서행운행",128.8747,35.2961
2025-03-22 16:00,고속도로,종점,(진입로1차로)승용차관련추돌사고처리중,126.8842,35.1849
2025-03-22 16:00,고속도로,종점,(1차로)승용차관련사고처리중,128.5322,35.2849
2025-03-22 17:00,고속도로,종점,"(3차로)고속도로인접부산불발생,비상등켜고서행운전",129.253,35.4006
2025-03-22 17:00,고속도로,기점,"(3차로)고속도로인접부산불발생,비상등켜고서행운전",129.253,35.4006
2025-03-22 17:00,고속도로,기점,(진출로갓길)사고처리중,126.9821,37.3204
2025-03-22 17:00,고속도로,기점,"(갓길)고속도로인접부산불발생,비상등켜고서행운행",128.8747,35.2961
2025-03-22 17:00,고속도로,종점,(1차로)승용차관련사고처리중,127.6554,37.1364
2025-03-22 18:00,고속도로,기점,"(갓길)고속도로인접부산불발생,비상등켜고서행운행",128.8747,35.2961
2025-03-22 18:00,고속도로,기점,"(3차로)고속도로인접부산불발생,비상등켜고서행운전",129.253,35.4006
2025-03-22 18:00,고속도로,종점,"(3차로)고속도로인접부산불발생,비상등켜고서행운전",129.253,35.4006
2025-03-22 18:00,고속도로,종점,(갓길)소형화물차화재사고처리중,128.3928,36.0701
2025-03-22 19:00,고속도로,기점,"고속도로인접부산불발생전면차단,청량IC국도우회바람",129.253,35.4006
2025-03-22 19:00,고속도로,종점,(갓길)승용차관련사고처리중,126.7207,36.9018
2025-03-22 19:00,고속도로,종점,"고속도로인접부산불발생전면차단,장안IC국도우회바람",129.253,35.4006
2025-03-22 20:00,고속도로,종점,"고속도로인접부산불발생전면차단,장안IC국도우회바람",129.253,35.4006
2025-03-22 20:00,고속도로,기점,"고속도로인접부산불발생전면차단,청량IC국도우회바람",129.253,35.4006
2025-03-22 20:00,고속도로,종점,(2차로)사고처리중,126.6491,37.4374
2025-03-22 21:00,고속도로,기점,"(갓길)고속도로인접부산불발생,비상등켜고서행운전",128.8474,35.294
2025-03-22 21:00,고속도로,기점,"고속도로인접부산불발생전면차단,청량IC국도우회바람",129.253,35.4006
2025-03-22 21:00,고속도로,종점,"고속도로인접부산불발생전면차단,장안IC국도우회바람",129.253,35.4006
2025-03-22 22:00,고속도로,기점,"(갓길)고속도로인접부산불발생,비상등켜고서행운전",128.8474,35.294
2025-03-22 22:00,고속도로,기점,"고속도로인접부산불발생전면차단,청량IC국도우회바람",129.253,35.4006
2025-03-22 22:00,고속도로,종점,"고속도로인접부산불발생전면차단,장안IC국도우회바람",129.253,35.4006
2025-03-22 23:00,고속도로,종점,(출구부)사고처리중,127.1038,37.2642
2025-03-22 23:00,고속도로,기점,"고속도로인접부산불발생전면차단,청량IC국도우회바람",129.253,35.4006
2025-03-22 23:00,고속도로,종점,"고속도로인접부산불발생전면차단,장안IC국도우회바람",129.253,35.4006
2025-03-22 23:00,고속도로,기점,"(갓길)고속도로인접부산불발생,비상등켜고서행운전",128.8474,35.294
2025-03-23 00:00,고속도로,기점,"(갓길)고속도로인접부산불발생,비상등켜고서행운전",128.8474,35.294
2025-03-23 00:00,고속도로,기점,"고속도로인접부산불발생전면차단,청량IC국도우회바람",129.253,35.4006
2025-03-23 00:00,고속도로,종점,"고속도로인접부산불발생전면차단,장안IC국도우회바람",129.253,35.4006
2025-03-23 01:00,고속도로,기점,"(갓길)고속도로인접부산불발생,비상등켜고서행운전",128.8474,35.294
2025-03-23 01:00,고속도로,기점,"고속도로인접부산불발생전면차단,청량IC국도우회바람",129.253,35.4006
2025-03-23 01:00,고속도로,종점,"(진출로2차로,갓길)승용차관련사고처리중",126.8979,37.4333
2025-03-23 01:00,고속도로,종점,"고속도로인접부산불발생전면차단,장안IC국도우회바람",129.253,35.4006
2025-03-23 02:00,고속도로,종점,"고속도로인접부산불발생전면차단,장안IC국도우회바람",129.253,35.4006
2025-03-23 02:00,고속도로,기점,"(갓길)고속도로인접부산불발생,비상등켜고서행운전",128.8474,35.294
2025-03-23 02:00,고속도로,기점,"고속도로인접부산불발생전면차단,청량IC국도우회바람",129.253,35.4006
2025-03-23 02:00,고속도로,기점,(갓길)승용차사고처리중,129.2067,35.2163
2025-03-23 03:00,고속도로,기점,"(갓길)고속도로인접부산불발생,비상등켜고서행운전",128.8474,35.294
2025-03-23 03:00,고속도로,종점,"고속도로인접부산불발생전면차단,장안IC국도우회바람",129.253,35.4006
2025-03-23 03:00,고속도로,기점,"고속도로인접부산불발생전면차단,청량IC국도우회바람",129.253,35.4006
2025-03-23 04:00,고속도로,기점,(갓길)사고처리중,127.17,37.2828
2025-03-23 04:00,고속도로,기점,"(갓길)고속도로인접부산불발생,비상등켜고서행운전",128.8474,35.294
2025-03-23 04:00,고속도로,종점,"고속도로인접부산불발생전면차단,장안IC국도우회바람",129.253,35.4006
2025-03-23 04:00,고속도로,기점,"고속도로인접부산불발생전면차단,청량IC국도우회바람",129.253,35.4006
2025-03-23 05:00,고속도로,기점,"(갓길)고속도로인접부산불발생,비상등켜고서행운전",128.8474,35.294
2025-03-23 05:00,고속도로,기점,"고속도로인접부산불발생전면차단,청량IC국도우회바람",129.253,35.4006
2025-03-23 05:00,고속도로,종점,"고속도로인접부산불발생전면차단,장안IC국도우회바람",129.253,35.4006
2025-03-23 05:00,고속도로,종점,(진출로2차로)사고확인중,127.4962,37.2453
2025-03-23 06:00,고속도로,기점,"(갓길)고속도로인접부산불발생,비상등켜고서행운전",128.8474,35.294
2025-03-23 06:00,고속도로,기점,"고속도로인접부산불발생전면차단,청량IC국도우회바람",129.253,35.4006
2025-03-23 06:00,고속도로,종점,"고속도로인접부산불발생전면차단,장안IC국도우회바람",129.253,35.4006
2025-03-23 07:00,고속도로,종점,"고속도로인접부산불발생전면차단,장안IC국도우회바람",129.253,35.4006
2025-03-23 07:00,고속도로,기점,"고속도로인접부산불발생전면차단,청량IC국도우회바람",129.253,35.4006
2025-03-23 07:00,고속도로,기점,"(갓길)고속도로인접부산불발생,비상등켜고서행운전",128.8474,35.294
2025-03-23 12:00,고속도로,기점,(3차로)사고처리중,127.0006,37.3141
2025-03-23 13:00,고속도로,기점,(3차로)승용차관련사고처리중,126.7546,37.4691
2025-03-23 16:00,고속도로,종점,(2차로)중형화물차사고처리중,127.561,35.7262
2025-03-23 16:00,고속도로,기점,(1차로)승용차관련사고처리중,128.0497,36.4203
2025-03-23 17:00,고속도로,종점,(갓길)승용차관련사고처리중,127.9901,37.7616
2025-03-23 17:00,고속도로,기점,(2차로)승용차화재사고처리중,128.2892,35.7124
2025-03-23 18:00,고속도로,기점,"(1,2차로)사고처리중",126.8897,37.0603
2025-03-23 19:00,고속도로,기점,(5차로)승용차관련사고처리중,127.1036,37.3092
2025-03-23 19:00,고속도로,종점,(2차로)사고처리중,127.1385,37.0374
2025-03-23 20:00,고속도로,기점,(1차로)승용차관련사고처리중,128.3411,35.8129
2025-03-23 22:00,고속도로,종점,(1차로)승용차관련사고처리중,127.1564,37.5482
2025-03-23 23:00,고속도로,기점,(갓길)승용차관련사고처리중,128.8463,35.294
2025-03-23 23:00,고속도로,종점,(진출로갓길)승용차사고처리중,128.3476,35.0094
2025-03-24 00:00,고속도로,종점,(광장부갓길)승용차단독사고처리중,127.9602,37.7586
2025-03-24 06:00,고속도로,기점,"(4,5차로)승용차관련사고처리중",126.7503,37.5176
2025-03-24 07:00,고속도로,기점,(1차로)사고처리중,126.7543,37.4744
2025-03-24 08:00,고속도로,종점,(3차로)대형화물차단독사고처리중,127.9994,36.2081
2025-03-24 08:00,고속도로,기점,(진출로갓길)승용차단독사고처리중,126.8806,37.1284
2025-03-24 09:00,고속도로,기점,(3차로)승용차관련사고처리중,127.251,37.2584
2025-03-24 09:00,고속도로,기점,(진출로2차로)승용차단독사고처리중,126.8806,37.1284
2025-03-24 09:00,고속도로,종점,(갓길)화물차관련사고처리중,126.7469,37.4998
2025-03-24 09:00,고속도로,종점,(1차로)승용차관련사고처리중,126.883,37.3315
2025-03-24 09:00,고속도로,종점,(3차로)대형화물차단독사고처리중,127.9994,36.2081
2025-03-24 10:00,고속도로,종점,(1차로)승용차관련사고처리중,126.883,37.3315
2025-03-24 10:00,고속도로,기점,(갓길)사고처리중,126.7881,37.5231
2025-03-24 11:00,고속도로,기점,(2차로)화물차관련사고처리중,128.0909,37.7731
2025-03-24 11:00,고속도로,기점,(5차로)사고처리중,126.7746,37.3598
2025-03-24 11:00,고속도로,종점,(1차로)승용차단독사고처리중,128.1118,35.1568
2025-03-24 12:00,고속도로,기점,(2차로)화물차관련사고처리중,128.0909,37.7731
2025-03-24 12:00,고속도로,기점,(갓길)승용차관련추돌사고처리중,127.6615,34.9707
2025-03-24 15:00,고속도로,기점,(1차로)화물차관련사고처리중,126.7969,35.4739
2025-03-24 15:00,고속도로,종점,(2차로)화물차관련사고처리중,127.9073,37.3557
2025-03-24 16:00,고속도로,종점,(갓길)화물차고장처리중,129.1015,35.5141
2025-03-24 16:00,고속도로,종점,"(3차로,갓길)승용차관련사고처리중",128.0045,36.189
2025-03-24 17:00,고속도로,종점,(갓길)화물차화재사고발생,129.1015,35.5141
2025-03-24 17:00,고속도로,종점,(갓길)승용차관련사고처리중,128.8971,37.6908
2025-03-24 17:00,고속도로,기점,(갓길)승용차단독사고처리중,127.3824,35.3106
2025-03-24 17:00,고속도로,종점,(2차로)사고처리중,126.887,37.2606
2025-03-24 17:00,고속도로,기점,(갓길)승용차사고처리중,126.9033,37.3722
2025-03-24 18:00,고속도로,종점,(진입로중분대갓길)사고처리중,126.8427,37.3488
2025-03-24 22:00,고속도로,종점,"(1,2차로)승용차사고처리중",126.6841,37.4338
2025-03-24 23:00,고속도로,기점,(갓길)승용차관련사고처리중,128.5637,37.6528
2025-03-24 23:00,고속도로,종점,(갓길)승용차관련사고처리중,126.6841,37.4338
2025-03-25 01:00,고속도로,기점,"(3,4차로)승용차관련사고처리중",128.6726,35.9042
2025-03-25 07:00,고속도로,기점,(갓길)승용차단독사고처리중,128.9697,35.2193
2025-03-25 07:00,고속도로,종점,(1차로)승용차단독사고처리중,128.3768,35.7506
2025-03-25 08:00,고속도로,기점,(갓길)승용차관련사고처리중,127.1581,37.5819
2025-03-25 08:00,고속도로,기점,(1차로)승용차관련사고처리중,128.8461,35.2207
2025-03-25 08:00,고속도로,종점,(1차로)승용차관련사고처리중,128.5556,35.9014
2025-03-25 08:00,고속도로,종점,(1차로)사고처리중,126.9608,37.3238
2025-03-25 09:00,고속도로,기점,(갓길)사고처리중,126.9656,37.3214
2025-03-25 09:00,고속도로,종점,(1차로)화물차단독사고처리중,128.0171,36.746
2025-03-25 09:00,고속도로,종점,(4차로)사고처리중,126.8685,37.3874
2025-03-25 09:00,고속도로,기점,(1차로)소형화물차관련사고처리중,126.8718,37.1943
2025-03-25 09:00,고속도로,종점,(1차로)승용차사고처리중,128.623,35.917
2025-03-25 09:00,고속도로,종점,(갓길)승합차및화물차사고처리중,126.8817,37.4274
2025-03-25 10:00,고속도로,기점,(2차로)화물차관련사고처리중,128.6268,35.279
2025-03-25 10:00,고속도로,기점,"(1,2차로)승용차관련추돌사고처리중",127.4225,35.0121
2025-03-25 10:00,고속도로,기점,"(1,2차로)소형화물차관련사고처리중",126.8718,37.1943
2025-03-25 11:00,고속도로,기점,(1차로)승용차관련사고처리중,129.0005,36.0549
2025-03-25 12:00,고속도로,종점,(갓길)화물차사고처리중,127.0964,35.9358
2025-03-25 12:00,고속도로,종점,(갓길)승용차관련사고처리중,127.4754,36.867
2025-03-25 13:00,고속도로,종점,"(1,2차로)승용차관련사고처리중",126.8722,37.1907
2025-03-25 14:00,고속도로,종점,(갓길)승용차관련사고처리중,126.8722,37.1907
2025-03-25 15:00,고속도로,종점,(2차로)소형화물차관련사고처리중,128.1561,36.613
2025-03-25 17:00,고속도로,기점,"(갓길)화물,승용차사고처리중",126.7529,37.3876
2025-03-25 17:00,고속도로,종점,(갓길)승용차관련사고처리중,126.7111,37.4338
2025-03-25 18:00,고속도로,기점,강풍주의보,127.1026,36.0819
2025-03-25 18:00,고속도로,종점,"(2,3차로)승용차관련사고처리중",126.7484,37.5522
2025-03-25 19:00,고속도로,기점,강풍주의보,127.1026,36.0819
2025-03-25 19:00,고속도로,종점,(갓길)승용차관련사고처리중,126.7484,37.5522
2025-03-25 19:00,고속도로,종점,(진출로2차로)승용차단독사고처리중,126.8274,35.2197
2025-03-25 21:00,고속도로,기점,영업소2차로사고처리중,127.1026,36.0819
2025-03-25 21:00,고속도로,종점,(2차로)승용관련사고처리중,127.2456,36.1815
2025-03-25 21:00,고속도로,종점,"(1차로)소형화물차,승용차사고처리중",127.1716,37.4991
2025-03-25 21:00,고속도로,기점,(갓길)승용차단독사고처리중,128.489,35.9128
2025-03-26 02:00,고속도로,기점,(2차로)승용차관련사고처리중,127.0533,35.2526
2025-03-26 03:00,고속도로,기점,(1차로)승용차관련사고처리중,128.8754,35.1712
2025-03-26 07:00,고속도로,종점,"(1,2차로)사고처리중",127.0237,37.3134
2025-03-26 08:00,고속도로,기점,(진출로2차로)승용차관련사고처리중,126.7487,37.5442
2025-03-26 08:00,고속도로,종점,(2차로)사고처리중,127.0283,35.8133
2025-03-26 08:00,고속도로,기점,"(1차로,회차로)화물차화재사고처리중",127.0194,36.4981
2025-03-26 08:00,고속도로,종점,(갓길)화물차관련사고처리중,127.769,37.7843
2025-03-26 08:00,고속도로,종점,(진출로갓길)사고처리중,127.0495,37.3001
2025-03-26 09:00,고속도로,종점,(2차로)화물차관련사고처리중,127.769,37.7843
2025-03-26 09:00,고속도로,종점,(1차로)승용차관련사고처리중,127.424,36.6647
2025-03-26 10:00,고속도로,종점,(진입로3차로)파군재영업소혼용차로사고처리중,128.6369,35.936
2025-03-26 10:00,국도,양방향,안동시 길안청송로 3   청송군 현서면 덕계리 산84 3 3.26 07:20 통행재개,128.888726,36.455471
2025-03-26 11:00,고속도로,기점,(갓길)승용차관련사고처리중,126.7033,37.5236
2025-03-26 11:00,고속도로,종점,"(1차로,갓길)승용차관련추돌사고처리중",127.7613,36.4545
2025-03-26 11:00,국도,양방향,안동시 길안청송로 3   청송군 현서면 덕계리 산84 3 3.26 07:20 통행재개,128.888726,36.455471
2025-03-26 12:00,국도,양방향,안동시 길안청송로 3   청송군 현서면 덕계리 산84 3 3.26 07:20 통행재개,128.888726,36.455471
2025-03-26 13:00,국도,양방향,안동시 길안청송로 3   청송군 현서면 덕계리 산84 3 3.26 07:20 통행재개,128.888726,36.455471
2025-03-26 13:00,고속도로,기점,(갓길)승용차관련사고처리중,129.1924,35.7169
2025-03-26 13:00,고속도로,종점,(1차로)사고처리중,126.8941,37.4201
2025-03-26 13:00,고속도로,기점,(창원방향진출로갓길)화물차관련사고처리중,127.5982,37.2327
2025-03-26 14:00,고속도로,기점,(창원방향진출로갓길)화물차관련사고처리중,127.5982,37.2327
2025-03-26 14:00,고속도로,종점,(갓길)사고처리중,126.8941,37.4201
2025-03-26 14:00,고속도로,기점,(3차로)사고처리중,126.8714,37.3413
2025-03-26 14:00,국도,양방향,안동시 길안청송로 3   청송군 현서면 덕계리 산84 3 3.26 07:20 통행재개,128.888726,36.455471
2025-03-26 15:00,고속도로,기점,(창원방향진출로갓길)화물차관련사고처리중,127.5982,37.2327
2025-03-26 15:00,국도,양방향,안동시 길안청송로 3   청송군 현서면 덕계리 산84 3 3.26 07:20 통행재개,128.888726,36.455471
2025-03-26 16:00,국도,양방향,안동시 길안청송로 3   청송군 현서면 덕계리 산84 3 3.26 07:20 통행재개,128.888726,36.455471
2025-03-26 17:00,국도,양방향,안동시 길안청송로 3   청송군 현서면 덕계리 산84 3 3.26 07:20 통행재개,128.888726,36.455471
2025-03-26 17:00,고속도로,종점,(1차로)승용차단독사고처리중,127.9364,35.3418
2025-03-26 18:00,고속도로,종점,(갓길)승용차관련사고처리중,128.034,35.0802
2025-03-26 18:00,고속도로,기점,(진출로갓길)승용차단독사고처리중,128.544,36.6701
2025-03-26 18:00,고속도로,종점,(2차로)승용차관련사고처리중,126.8944,37.4239
2025-03-26 18:00,고속도로,기점,(갓길)승용차관련사고처리중,126.8773,37.4033
2025-03-26 18:00,국도,양방향,안동시 길안청송로 3   청송군 현서면 덕계리 산84 3 3.26 07:20 통행재개,128.888726,36.455471
2025-03-26 18:00,고속도로,기점,(1차로)추돌사고처리중,127.0096,37.3903
2025-03-26 19:00,국도,양방향,안동시 길안청송로 3   청송군 현서면 덕계리 산84 3 3.26 07:20 통행재개,128.888726,36.455471
2025-03-26 19:00,고속도로,기점,(진출로갓길)화물차관련사고처리중,127.5529,34.9501
2025-03-26 19:00,고속도로,종점,"(2,3차로)승용차관련사고처리중",126.8944,37.4239
2025-03-26 20:00,국도,양방향,안동시 길안청송로 3   청송군 현서면 덕계리 산84 3 3.26 07:20 통행재개,128.888726,36.455471
2025-03-26 20:00,고속도로,종점,(신항방향진출로1차로)화물차관련사고처리중,128.7635,35.2353
2025-03-26 20:00,고속도로,종점,(1차로)단독사고처리중,128.8391,37.7528
2025-03-26 21:00,국도,양방향,안동시 길안청송로 3   청송군 현서면 덕계리 산84 3 3.26 07:20 통행재개,128.888726,36.455471
2025-03-26 22:00,국도,양방향,안동시 길안청송로 3   청송군 현서면 덕계리 산84 3 3.26 07:20 통행재개,128.888726,36.455471
2025-03-26 23:00,국도,양방향,안동시 길안청송로 3   청송군 현서면 덕계리 산84 3 3.26 07:20 통행재개,128.888726,36.455471
2025-03-27 00:00,국도,양방향,안동시 길안청송로 3   청송군 현서면 덕계리 산84 3 3.26 07:20 통행재개,128.888726,36.455471
2025-03-27 02:00,고속도로,기점,(갓길)단독사고처리중,126.8871,37.08
2025-03-27 03:00,고속도로,기점,"(3,4차로,갓길)단독사고처리중",126.8871,37.08
2025-03-27 04:00,고속도로,기점,"(3,4차로,갓길)단독사고처리중",126.8871,37.08
2025-03-27 05:00,고속도로,기점,"(3,4차로,갓길)단독사고처리중",126.8871,37.08
2025-03-27 06:00,고속도로,기점,(갓길)단독사고처리중,126.8871,37.08
2025-03-27 07:00,고속도로,기점,(갓길)단독사고처리중,126.8871,37.08
2025-03-27 07:00,고속도로,기점,(진출로갓길)승용차단독사고처리중,129.2818,35.4791
2025-03-27 07:00,고속도로,기점,"(1,2차로)소형화물차관련사고처리중",127.2985,36.7305
2025-03-27 07:00,고속도로,기점,"(1,2차로,갓길)소형화물차단독사고처리중",128.4703,35.2714
2025-03-27 08:00,고속도로,기점,(갓길)승용차단독사고처리중,126.5302,34.7529
2025-03-27 08:00,고속도로,기점,"(4차로,갓길)승용차관련사고처리중",126.7791,37.5241
2025-03-27 08:00,고속도로,기점,(갓길)단독사고처리중,126.8871,37.08
2025-03-27 09:00,고속도로,기점,(갓길)승용차관련사고처리중,126.7791,37.5241
2025-03-27 09:00,고속도로,기점,(갓길)단독사고처리중,126.8871,37.08
2025-03-27 10:00,고속도로,기점,(갓길)단독사고처리중,126.8871,37.08
2025-03-27 10:00,고속도로,기점,(2차로)승용차관련사고처리중,127.7747,35.5276
2025-03-27 11:00,고속도로,기점,(갓길)단독사고처리중,126.8871,37.08
2025-03-27 11:00,고속도로,기점,(3차로)버스관련사고처리중,127.3106,37.6319
2025-03-27 11:00,고속도로,기점,(진출로갓길)추돌사고처리중,127.5612,37.2403
2025-03-27 12:00,고속도로,기점,(갓길)단독사고처리중,126.8871,37.08
2025-03-27 12:00,고속도로,기점,(진출로갓길)추돌사고처리중,127.5612,37.2403
2025-03-27 15:00,고속도로,종점,(갓길)대형화물차화재사고처리중,128.2393,36.368
2025-03-27 16:00,고속도로,종점,(1차로)승용차사고처리중,127.4393,37.1541
2025-03-27 16:00,고속도로,기점,(진출로갓길),127.6615,34.9707
2025-03-27 17:00,고속도로,종점,(진출로2차로)승용차단독사고처리중,129.0257,35.3255
2025-03-27 17:00,고속도로,기점,(진출로갓길)트레일러단독사고처리중 동광양진출차량옥곡IC우회중,127.6596,34.9676
2025-03-27 18:00,고속도로,기점,"(3,4차로)승합차사고처리중",127.0964,37.1274
2025-03-27 18:00,고속도로,기점,(진출로갓길)트레일러단독사고처리중 동광양진출차량옥곡IC우회중,127.6596,34.9676
2025-03-27 19:00,고속도로,종점,(5차로)승용차관련사고처리중,127.0937,37.1711
2025-03-27 19:00,고속도로,기점,(진출로2차로)승용차관련사고처리중,128.7201,35.2798
2025-03-27 19:00,고속도로,종점,(1차로)사고처리중,127.1338,36.4959
2025-03-27 20:00,고속도로,기점,(갓길)대형화물차화재사고처리중,127.4183,36.4658
2025-03-27 21:00,고속도로,기점,(갓길)대형화물차화재사고처리중,127.4183,36.4658
2025-03-27 23:00,고속도로,종점,(갓길)승용차관련사고처리중,126.7157,37.4339
2025-03-28 00:00,고속도로,종점,"(2차로,갓길)승용차2대사고처리중",127.6434,35.9804
2025-03-28 00:00,고속도로,기점,"(1,2차로)승용차단독사고차리중",127.3489,36.7132
2025-03-28 01:00,고속도로,기점,"(1,2차로)승용차단독사고차리중",127.3489,36.7132
2025-03-28 03:00,고속도로,기점,"(2차로,갓길)화물차관련사고처리중",128.5004,35.3143
2025-03-28 03:00,고속도로,기점,"(1,2차로)화물차관련사고처리중",128.3183,35.862
2025-03-28 04:00,고속도로,기점,(2차로)화물차관련사고처리중,128.3183,35.862
2025-03-28 06:00,고속도로,기점,(1차로)승용차관련사고처리중,126.7449,37.3938
2025-03-28 08:00,고속도로,종점,(2차로)승용차관련사고처리중,128.8146,37.8557
2025-03-28 11:00,고속도로,기점,(2차로)사고처리중,126.9528,37.0436
2025-03-28 12:00,고속도로,기점,(2차로)사고처리중,126.9528,37.0436
2025-03-28 13:00,고속도로,종점,(1차로)사고처리중,127.1391,37.494
2025-03-28 14:00,고속도로,종점,(2차로)사고처리중,127.1385,37.0374
2025-03-28 14:00,고속도로,기점,(1차로)승용차관련사고처리중,127.8926,36.8901
2025-03-28 15:00,고속도로,종점,(갓길)장수나들목사고처리중,127.5801,35.7158
2025-03-28 15:00,고속도로,종점,(진입로2차로)화물차단독사고처리중,129.3063,35.7288
2025-03-28 16:00,고속도로,종점,(2차로)승용차관련사고처리중,127.1387,37.4931
2025-03-28 16:00,고속도로,기점,노고1터널진입부(54.4K)(1차로)승용차관련사고처리중  7km정체,126.8613,37.6672
2025-03-28 16:00,고속도로,기점,"(4,5차로)사고처리중",126.7609,37.5869
2025-03-28 17:00,고속도로,종점,(1차로)승용사고처리중,127.2899,35.6726
2025-03-28 17:00,고속도로,종점,(갓길)승용차관련사고처리중,127.2883,36.972
2025-03-28 17:00,고속도로,기점,(3차로)승용차관련사고처리중,127.2947,37.2395
2025-03-28 17:00,고속도로,종점,(갓길)승용차관련사고처리중,126.9023,37.2941
2025-03-28 17:00,고속도로,종점,"(2차로,갓길)승용차관련추돌사고처리중",127.1205,36.1106
2025-03-28 17:00,고속도로,종점,(1차로)승용차관련사고처리중,128.0473,36.7472
2025-03-28 17:00,고속도로,기점,(1차로)승용차사고처리중,127.4755,36.8849
2025-03-28 18:00,고속도로,종점,(갓길)승용차관련사고처리중,128.565,35.2365
2025-03-28 18:00,고속도로,종점,(2차로)승용차관련사고처리중,127.1034,37.3453
2025-03-28 18:00,고속도로,기점,(1차로)승용차사고처리중,127.4106,36.9578
2025-03-28 19:00,고속도로,종점,(4차로)소형화물차관련사고처리중,126.9122,37.3733
2025-03-28 19:00,고속도로,기점,(1차로)승용차관련사고처리중,128.2222,36.3095
2025-03-28 21:00,고속도로,종점,(갓길)승용차사고처리중,127.3139,37.6314
2025-03-28 21:00,고속도로,기점,"(1,2차로)화물차관련사고처리중",127.8594,35.5864
2025-03-29 00:00,고속도로,기점,(1차로)승용차관련사고처리중,128.4635,35.7925
2025-03-29 04:00,고속도로,종점,(1차로)승용차사고처리중,128.7506,35.2667
2025-03-29 07:00,고속도로,기점,(6차로)승용차관련사고처리중,127.1624,37.5283
2025-03-29 09:00,고속도로,종점,(갓길)승용차단독사고처리중,127.2567,35.1425
2025-03-29 10:00,고속도로,기점,(2차로)승용차관련사고처리중,126.8959,37.4504
2025-03-29 11:00,고속도로,기점,(1차로)승용차관련추돌사고처리중,127.3249,35.589
2025-03-29 11:00,고속도로,종점,(진입로갓길)승용차사고처리중,127.3571,37.6341
2025-03-29 11:00,고속도로,기점,(1차로)승용차관련사고처리중,128.6688,35.2717
2025-03-29 11:00,고속도로,종점,(1차로)승용차관련사고처리중,128.386,36.9163
2025-03-29 11:00,고속도로,종점,"(3차로,갓길)승용차추돌사고처리중",127.1629,35.8907
2025-03-29 12:00,고속도로,종점,(갓길)승용차관련사고처리중,127.0282,36.4927
2025-03-29 13:00,고속도로,기점,"(2차로,갓길)승용차사고처리중",128.6479,37.6773
2025-03-29 13:00,고속도로,기점,(1차로)승용차관련사고처리중,128.133,36.6636
2025-03-29 13:00,고속도로,종점,(2차로)승용차관련사고처리중,127.1612,37.5308
2025-03-29 13:00,고속도로,종점,(1차로)승용차관련사고처리중,127.1707,37.5669
2025-03-29 13:00,고속도로,종점,"(2,3차로)승용차관련사고처리중",127.1033,37.3543
2025-03-29 13:00,고속도로,기점,(갓길)사고처리중,126.8891,37.3134
2025-03-29 14:00,고속도로,종점,(1차로)승용차관련사고처리중,126.8875,37.0934
2025-03-29 14:00,고속도로,종점,(1차로)승용치관련사고처리중,128.5632,35.2905
2025-03-29 15:00,고속도로,종점,(갓길)버스관련사고처리중,127.0727,37.4275
2025-03-29 15:00,고속도로,기점,(갓길)졸음쉼터승용차사고처리중,126.6934,35.5645
2025-03-29 16:00,고속도로,종점,(1차로)승용차관련사고처리중,127.4201,36.6489
2025-03-29 17:00,고속도로,종점,(갓길)승용차관련사고처리중,126.9023,37.2941
2025-03-29 17:00,고속도로,기점,(4차로)승용차관련사고처리중,126.7779,37.5987
2025-03-29 17:00,고속도로,종점,(2차로)승용차사고처리중,127.498,36.5361
2025-03-29 17:00,고속도로,기점,(2차로)대형화물차전도사고처리중,127.7631,34.9805
2025-03-29 18:00,고속도로,기점,"(2차로,갓길)대형화물차전도사고처리중",127.7631,34.9805
2025-03-29 19:00,고속도로,기점,(2차로)대형화물차전도사고처리중,127.782,34.9887
2025-03-29 21:00,고속도로,기점,(갓길)사고처리중,127.0248,37.854
2025-03-29 22:00,고속도로,종점,(갓길)화물차화재사고처리중,127.3693,37.2955
2025-03-29 23:00,고속도로,종점,(갓길)화물차화재사고처리중,127.3693,37.2955
2025-03-30 05:00,고속도로,기점,(1차로)사고처라중,127.1038,37.2714
2025-03-30 08:00,고속도로,종점,(1차로)승용차단독사고처리중,126.8651,37.3431
2025-03-30 11:00,고속도로,기점,(1차로)승용차관련사고처리중,126.7515,37.4772
2025-03-30 13:00,고속도로,종점,(2차로)승용차관련사고처리중,127.1038,37.2642
2025-03-30 14:00,고속도로,종점,(1차로)승용차관련사고처리중,127.4419,37.1901
2025-03-30 15:00,고속도로,종점,(하이패스6차로)승용차관련사고처리중,127.1233,37.4349
2025-03-30 15:00,고속도로,종점,(2차로)승용차추돌사고처리중,127.3798,36.6357
2025-03-30 15:00,고속도로,종점,(1차로)승용차관련사고처리중,128.0506,36.7473
2025-03-30 16:00,고속도로,종점,"(1,2차로)승용차추돌사고처리중",126.712,36.8961
2025-03-30 16:00,고속도로,종점,(3차로)승용차사고처리중,127.2029,37.5894
2025-03-30 17:00,고속도로,기점,(갓길)승합차관련사고처리중,126.9574,37.3792
2025-03-30 19:00,고속도로,기점,(2차로)승용차사고처리중,126.5196,35.2514
2025-03-30 20:00,고속도로,종점,(갓길)추돌사고처리중,126.8328,35.5801
2025-03-30 22:00,고속도로,기점,(갓길)승용차단독사고처리중,127.9641,36.4427
2025-03-30 23:00,고속도로,기점,(갓길)승용차관련사고처리중,126.7656,37.5242
2025-03-31 04:00,고속도로,기점,(갓길)중형화물차단독사고처리중,127.4667,36.9698
2025-03-31 05:00,고속도로,기점,(갓길)중형화물차단독사고처리중,127.4667,36.9698
2025-03-31 06:00,고속도로,종점,(1차로)승용차사고처리중,126.9395,37.3287
2025-03-31 08:00,고속도로,기점,(갓길)사고처리중,127.0375,37.0251
2025-03-31 08:00,고속도로,기점,(진입로갓길)화물차단독사고처리중,126.9425,37.0471
2025-03-31 08:00,고속도로,종점,(2차로)삼례부근사고처리중,127.0667,35.916
2025-03-31 08:00,고속도로,종점,(5차로)승용차관련사고처리중,126.7543,37.4744
2025-03-31 09:00,고속도로,종점,(2차로)소형화물차단독사고처리중,129.2892,35.6822
2025-03-31 09:00,고속도로,종점,"(5차로,갓길)대형화물차관련사고처리중",126.7464,37.4972
2025-03-31 09:00,고속도로,종점,(3차로)사고처리중,127.1963,37.3868
2025-03-31 10:00,고속도로,기점,"(1,2,3차로)승용차관련사고처리중",128.6688,35.2717
2025-03-31 10:00,고속도로,종점,(갓길)사고처리중,127.1963,37.3868
2025-03-31 11:00,고속도로,종점,"(4,5차로)승용차관련사고처리중",126.7492,37.5425
2025-03-31 11:00,고속도로,기점,(1차로)승용차관련사고처리중,127.9331,35.0545
2025-03-31 11:00,고속도로,종점,(갓길)승용차관련사고처리중,128.4786,35.8003
2025-03-31 11:00,고속도로,기점,(갓길)대형화물차관련사고처리중,126.7477,37.5043
2025-03-31 14:00,고속도로,기점,(3차로)화물차단독사고처리중,128.9831,35.2707
2025-03-31 15:00,고속도로,종점,"(1차로)대형화물차1대,승합차1대추돌사고처리중",126.9765,35.2754
2025-03-31 15:00,고속도로,종점,(갓길)승용차관련사고처리중,127.4434,37.1274
2025-03-31 16:00,고속도로,종점,(3차로)승용화물차관련사고처리중,126.8558,37.381
2025-03-31 17:00,고속도로,종점,(2차로)승용차사고처리중,127.1623,36.9796
2025-03-31 17:00,고속도로,기점,(1차로)사고처리중,126.7386,37.4334
2025-03-31 18:00,고속도로,종점,(1차로)승용차관련사고처리중,126.7527,37.5614
2025-03-31 18:00,고속도로,기점,(1차로)사고처리중,126.7386,37.4334
2025-03-31 20:00,고속도로,종점,(갓길)승용차단독사고처리중,127.0037,35.2338
2025-03-31 21:00,고속도로,종점,(갓길)승용차단독사고처리중,127.0037,35.2338
2025-03-31 23:00,고속도로,종점,(2차로)승용차관련사고처리중,128.1558,37.4755
2025-04-01 01:00,고속도로,기점,(1차로)승용차사고처리중,126.6849,36.7863
2025-04-01 05:00,고속도로,종점,"(3,4차로)소형화물차단독사고처리중",129.0842,35.2979
2025-04-01 06:00,고속도로,종점,(2차로)화물차관련사고처리중,127.6323,37.7376
2025-04-01 07:00,고속도로,종점,(2차로)화물차관련사고처리중,127.6323,37.7376
2025-04-01 07:00,고속도로,기점,(갓길)소형화물차사고처리중,127.4298,37.2257
2025-04-01 07:00,고속도로,기점,(진출로갓길)승용차사고처리중,127.1331,37.6396
2025-04-01 08:00,고속도로,종점,(갓길)화물차관련사고처리중,126.7665,36.124
2025-04-01 08:00,고속도로,기점,(진출로갓길)승용차사고처리중,127.1331,37.6396
2025-04-01 09:00,고속도로,기점,(1차로)승용차관련사고처리중,128.6068,35.9336
2025-04-01 10:00,고속도로,종점,"(1,2차로)화물차관련사고처리중",128.4527,35.9649
2025-04-01 10:00,고속도로,종점,(갓길)승용차관련추돌사고처리중,127.6754,34.9814
2025-04-01 10:00,고속도로,종점,(3차로)화물차사고처리중,128.1197,37.4711
2025-04-01 10:00,고속도로,기점,(진출로)사고처리중,126.7386,37.4334
2025-04-01 11:00,고속도로,종점,(1차로)3대관련사고처리중,127.2348,35.736
2025-04-01 11:00,고속도로,기점,(갓길)사고처리중,126.9608,37.3238
2025-04-01 11:00,고속도로,종점,(1차로)승용차관련사고처리중,128.5913,36.3961
2025-04-01 11:00,고속도로,기점,"(1,5차로)사고처리중",127.12,37.0979
2025-04-01 11:00,고속도로,기점,(진출로)사고처리중,126.7386,37.4334
2025-04-01 11:00,고속도로,종점,(진출로1차로)화물차관련사고처리중,128.5335,35.9315
2025-04-01 11:00,고속도로,종점,(갓길)소형화물차단독사고처리중,127.2398,35.7212
2025-04-01 11:00,고속도로,기점,(갓길)사고처리중,126.8963,37.4299
2025-04-01 12:00,고속도로,기점,"(1,2차로)승용차관련사고처리중",128.283,35.27
2025-04-01 12:00,고속도로,종점,(진출로1차로)사고처리중,126.7487,37.5442
2025-04-01 14:00,고속도로,기점,(갓길)승용차관련추돌사고처리중,127.1896,35.8438
2025-04-01 15:00,고속도로,기점,(5차로)추돌사고처리중,127.1327,37.0729
2025-04-01 16:00,고속도로,기점,(5차로)추돌사고처리중,127.0727,37.4275
2025-04-01 17:00,고속도로,기점,(4차로)화물차관련사고처리중,128.4306,36.0183
2025-04-01 17:00,고속도로,종점,(2차로)소형화물차사고처리중,128.5991,35.9329
2025-04-01 18:00,고속도로,종점,(갓길)중형화물차단독사고처리중,127.9081,36.8721
2025-04-01 23:00,고속도로,종점,(1차로)사고처리중,127.1238,37.0894
2025-04-02 00:00,고속도로,종점,"(3,4차로)승용차관련사고처리중",128.9005,35.1647
2025-04-02 01:00,고속도로,기점,(광장부)사고처리중,126.8618,37.3526
2025-04-02 02:00,고속도로,종점,(진출로1차로)사고처리중,127.0958,37.2126
2025-04-02 04:00,고속도로,기점,(갓길)사고처리중,127.1032,37.3813
2025-04-02 05:00,고속도로,기점,(3차로)승용차관련사고처리중,127.397,36.6127
2025-04-02 06:00,국도,시점방향,없음,127.417237,36.844841
2025-04-02 06:00,고속도로,종점,"(4,5차로)사고처리중",126.8618,37.3526
2025-04-02 06:00,고속도로,기점,(3차로)승용차관련사고처리중,127.397,36.6127
2025-04-02 07:00,국도,시점방향,없음,127.417237,36.844841
2025-04-02 09:00,고속도로,종점,(2차로)승용차관련사고처리중,127.1033,37.3543
2025-04-02 09:00,고속도로,기점,"(진출로1,3차로)승용차관련사고처리중",126.7743,37.4314
2025-04-02 10:00,고속도로,종점,"(2,3차로)승용화물차관련사고처리중",126.8639,37.3568
2025-04-02 10:00,고속도로,기점,"(진출로1,3차로)승용차관련사고처리중",126.7743,37.4314
2025-04-02 10:00,고속도로,종점,(1차로)승용차관련사고처리중,126.838,37.4403
2025-04-02 11:00,고속도로,종점,"(2,3차로)화물차관련사고처리중",126.8639,37.3568
2025-04-02 14:00,고속도로,종점,(1차로)승용차관련사고처리중,128.542,35.2887
2025-04-02 15:00,고속도로,기점,"(졸음쉼터내)화물차단독화재사고처리중,이용불가",127.7058,35.6378
2025-04-02 15:00,고속도로,종점,(중분대녹지대)화물차단독사고처리중,126.995,34.7595
2025-04-02 16:00,고속도로,종점,(중분대녹지대)화물차단독사고처리중,126.995,34.7595
2025-04-02 17:00,고속도로,기점,(2차로)사고처리중,126.8202,35.7855
2025-04-02 19:00,고속도로,종점,(5차로)사고처리중,127.1003,37.3992
2025-04-02 20:00,고속도로,종점,(갓길)사고처리중,126.887,37.2606
2025-04-02 21:00,고속도로,기점,(2차로)사고처리중,127.8802,37.6625
2025-04-02 22:00,고속도로,기점,(진입로3차로)승용차사고처리중,126.8413,36.6233
2025-04-02 22:00,고속도로,기점,(갓길)승용차사고처리중,127.2541,36.4506
2025-04-02 23:00,고속도로,기점,(갓길)승용차사고처리중,127.2621,36.4444
2025-04-03 00:00,고속도로,기점,(갓길)승용차단독사고처리중,128.8365,35.2226
2025-04-03 02:00,고속도로,종점,(1차로)승용차관련사고처리중,126.755,37.4655
2025-04-03 06:00,고속도로,기점,"(3차로,갓길)대형화물차관련사고처리중",126.8997,37.3009
2025-04-03 06:00,고속도로,종점,(1차로)승용차관련사고처리중,127.5949,35.7179
2025-04-03 07:00,고속도로,기점,(갓길)승용차관련사고처리중,127.0795,37.2932
2025-04-03 08:00,고속도로,기점,(갓길)승용차관련사고처리중,127.0795,37.2932
2025-04-03 10:00,고속도로,종점,(중분대개구부)승용차단독사고처리중,127.5421,34.9103
2025-04-03 11:00,고속도로,종점,(중분대개구부)승용차단독사고처리중,127.5421,34.9103
2025-04-03 11:00,고속도로,기점,(2차로)화물차단독사고처리중,128.919,35.2963
2025-04-03 12:00,고속도로,기점,(2차로)화물차단독사고처리중,128.919,35.2963
2025-04-03 12:00,고속도로,종점,(중분대개구부)승용차단독사고처리중,127.5421,34.9103
2025-04-03 13:00,고속도로,기점,(2차로)화물차단독사고처리중,128.919,35.2963
2025-04-03 14:00,고속도로,종점,(5차로)승용차관련사고처리중,127.12,37.0979
2025-04-03 15:00,고속도로,종점,(1차로)승용차관련추돌사고처리중,126.6925,35.1002
2025-04-03 17:00,고속도로,종점,"(4,5차로)승용버스관련사고처리중",126.8816,37.04
2025-04-03 18:00,고속도로,기점,(1차로)승용차관련사고처리중,126.9256,37.3751
2025-04-03 18:00,고속도로,종점,"(1,2차로)승용차관련사고처리중",127.1593,36.9834
2025-04-03 18:00,고속도로,종점,"(4,5차로)승용버스관련사고처리중",126.8816,37.04
2025-04-03 18:00,고속도로,종점,"(2,3차로)승용차관련사고처리중",126.897,37.4317
2025-04-03 19:00,고속도로,기점,(갓길)승용차관련사고처리중,128.9253,35.1605
2025-04-03 19:00,고속도로,기점,"(4,5차로)사고처리중",126.8951,37.4246
2025-04-03 20:00,고속도로,종점,(진출로갓길)승용차사고처리중,127.2508,37.2503
2025-04-03 21:00,고속도로,기점,(4차로)사고처리중,127.4676,37.2428
2025-04-03 21:00,고속도로,종점,(진출로갓길)승용차사고처리중,127.2508,37.2503
2025-04-03 21:00,고속도로,기점,"(2,3차로)승용차,화물차관련사고처리중",126.7769,37.5242
2025-04-03 22:00,고속도로,기점,(4차로)사고처리중,127.4676,37.2428
2025-04-03 22:00,고속도로,기점,(진출로갓길)사고처리중,127.0946,37.4058
2025-04-03 22:00,고속도로,종점,"(1,3차로)사고처리중",126.8858,37.0484
2025-04-03 22:00,고속도로,기점,(진출로1차로)승용차관련사고처리중,126.8687,37.3688
2025-04-03 23:00,고속도로,기점,(진출로1차로)승용차관련사고처리중,126.8687,37.3688
2025-04-03 23:00,고속도로,기점,(갓길)사고처리중,127.4676,37.2428
2025-04-04 00:00,고속도로,기점,(갓길)승용차관련사고처리중,126.6953,37.4333
2025-04-04 02:00,고속도로,종점,(5차로)승용차관련사고처리중,127.1037,37.2822
2025-04-04 03:00,고속도로,종점,(5차로)승용차관련사고처리중,127.1037,37.2822
2025-04-04 04:00,고속도로,종점,(5차로)승용차관련사고처리중,127.1037,37.2822
2025-04-04 04:00,고속도로,종점,(2차로)승용차단독사고처리중,128.5105,35.2834
2025-04-04 07:00,고속도로,종점,(갓길)승용차단독사고처리중,128.2511,35.2038
2025-04-04 08:00,고속도로,기점,(3차로)화물차관련사고처리중,128.8568,35.2199
2025-04-04 09:00,고속도로,기점,(3차로)화물차관련사고처리중,128.8568,35.2199
2025-04-04 10:00,고속도로,기점,(3차로)화물차관련사고처리중,128.8568,35.2199
2025-04-04 11:00,고속도로,기점,(2차로)승용차관련사고처리중,127.1509,37.003
2025-04-04 14:00,고속도로,종점,(진입로)승용차관련사고처리중,128.6196,36.4329
2025-04-04 14:00,고속도로,종점,(1차로)승용차관련사고처리중,127.7734,37.0396
2025-04-04 14:00,고속도로,종점,(갓길)화물차관련사고처리중,128.1502,36.5814
2025-04-04 14:00,고속도로,종점,(2차로)소형화물차단독사고처리중,126.7889,35.3031
2025-04-04 15:00,고속도로,기점,(1차로)승용차관련사고처리중,127.1047,37.1214
2025-04-04 15:00,고속도로,기점,(갓길)승용차관련사고처리중,127.7734,37.0396
2025-04-04 15:00,고속도로,기점,(4차로)승용차관련사고처리중,128.9931,35.2847
2025-04-04 16:00,고속도로,종점,(3차로)승용차관련사고처리중,127.1963,37.3868
2025-04-04 16:00,고속도로,기점,(1차로)승용차관련사고처리중,127.1047,37.1214
2025-04-04 17:00,고속도로,기점,(1차로)승용차관련사고처리중,127.9703,36.8094
2025-04-04 17:00,고속도로,종점,(진출로1차로)승용차관련사고처리중,128.5266,35.8353
2025-04-04 17:00,고속도로,기점,(갓길)사고처리중,126.871,37.1997
2025-04-04 18:00,고속도로,기점,"(2,3차로)승용차관련사고처리중",127.0058,37.3885
2025-04-04 18:00,고속도로,종점,(갓길)승용차관련추돌사고처리중,126.7889,35.3031
2025-04-04 20:00,고속도로,종점,"(진출로1차로,갓길)승용차사고처리중",128.1371,37.7885
2025-04-04 20:00,고속도로,기점,(1차로)승용차사고처리중,127.4691,36.7456
2025-04-04 22:00,고속도로,종점,(갓길)승용차단독사고처리중,127.8979,35.0405
2025-04-04 22:00,고속도로,종점,(진출로1차로)승용차관련사고처리중,128.8217,35.964
2025-04-04 23:00,고속도로,종점,(진입로갓길)승용차사고처리중,128.5995,38.0677
2025-04-05 02:00,고속도로,기점,"(4,5차로)승용차사고처리중",126.7543,37.4744
2025-04-05 02:00,고속도로,기점,"(1,2차로)사고처리중",126.7974,35.7546
2025-04-05 03:00,고속도로,기점,(2차로)사고처리중,126.7941,35.7499
2025-04-05 03:00,고속도로,종점,(1차로)승용차사고처리중,126.7933,37.6116
2025-04-05 04:00,고속도로,기점,(2차로)사고처리중,126.7941,35.7499
2025-04-05 04:00,고속도로,종점,(1차로)승용차사고처리중,126.7933,37.6116
2025-04-05 04:00,고속도로,기점,(갓길)승용차단독처리중,128.8625,35.2201
2025-04-05 05:00,고속도로,기점,(2차로)사고처리중,126.7941,35.7499
2025-04-05 05:00,고속도로,종점,(1차로)승용차사고처리중,126.7933,37.6116
2025-04-05 06:00,고속도로,종점,(1차로)승용차사고처리중,126.7933,37.6116
2025-04-05 06:00,고속도로,기점,(1차로)승용차관련사고처리중,127.4935,37.6642
2025-04-05 07:00,고속도로,기점,(갓길)승용차관련사고처리중,127.7636,37.2502
2025-04-05 08:00,고속도로,종점,(갓길)화물차관련사고처리중,127.2021,37.5316
2025-04-05 08:00,고속도로,기점,(2차로)승용차관련추돌사고처리중,127.3298,35.598
2025-04-05 09:00,고속도로,기점,"(4,5차로)화물차,승용차관련사고처리중",126.8875,37.0517
2025-04-05 10:00,고속도로,종점,(광장부)화물차화재사고처리중,127.1567,37.5906
2025-04-05 10:00,고속도로,기점,(1차로)승용차단독사고처리중,127.974,35.2717
2025-04-05 11:00,고속도로,종점,(광장부)화물차화재사고처리중,127.1567,37.5906
2025-04-05 11:00,고속도로,종점,(진출로갓길)승용차관련사고처리중,126.8046,37.6359
2025-04-05 11:00,고속도로,종점,(갓길)승용차관련사고처리중,126.8088,37.433
2025-04-05 11:00,고속도로,기점,(진출로갓길)승용차관련사고처리중,126.8046,37.6359
2025-04-05 12:00,고속도로,기점,(진출로갓길)승용차관련사고처리중,126.8046,37.6359
2025-04-05 12:00,고속도로,기점,"(1,2차로)승용차관련사고처리중",126.7547,37.47
2025-04-05 12:00,고속도로,종점,(진출로갓길)승용차관련사고처리중,126.8046,37.6359
2025-04-05 12:00,고속도로,종점,(1차로)승용차관련사고처리중,126.7721,37.4315
2025-04-05 12:00,고속도로,종점,(1차로)승용차관련사고처리중,128.5632,35.2905
2025-04-05 13:00,고속도로,기점,(1차로)승용차관련사고처리중,127.3871,37.6323
2025-04-05 13:00,고속도로,종점,(4차로)승용차관련사고처리중,127.1388,37.6271
2025-04-05 13:00,고속도로,기점,(갓길)승용차관련사고처리중,127.1388,37.6271
2025-04-05 13:00,고속도로,종점,(1차로)승용차관련사고처리중,126.871,37.1997
2025-04-05 13:00,고속도로,기점,(2차로)승용차관련사고처리중,127.4411,37.2093
2025-04-05 13:00,고속도로,기점,"(2차로,갓길)승용차관련사고처리중",127.9448,37.3167
2025-04-05 13:00,고속도로,기점,(2차로)승용차관련사고처리중,128.5068,35.5138
2025-04-05 14:00,고속도로,기점,"(4,5차로)승용차관련사고처리중",127.1235,37.4322
2025-04-05 14:00,고속도로,기점,(1차로)승용차관련사고처리중,128.068,37.4466
2025-04-05 14:00,고속도로,기점,(3차로)승용차관련사고처리중,127.2046,37.2588
2025-04-05 15:00,고속도로,종점,(1차로)승용차관련사고처리완료,127.9079,35.0431
2025-04-05 15:00,고속도로,종점,(갓길)승용차관련사고처리중,127.3424,36.9818
2025-04-05 15:00,고속도로,종점,(진입로갓길)사고처리중,126.9367,37.3767
2025-04-05 15:00,고속도로,종점,(갓길)승용차관련사고처리중,127.1408,37.0286
2025-04-05 16:00,고속도로,기점,(갓길)승용차관련사고처리중,127.7938,37.7499
2025-04-05 16:00,고속도로,종점,(2차로)승용차관련사고처리중,127.1033,37.3633
2025-04-05 16:00,고속도로,종점,(진출로1차로)화물차관련사고처리중,128.3596,35.7537
2025-04-05 16:00,고속도로,종점,(갓길)승합차단독사고처리중,126.8355,35.9596
2025-04-05 16:00,고속도로,종점,(진입로갓길)승용차관련사고처리중,128.5637,37.6528
2025-04-05 16:00,고속도로,종점,(진출로2차로)화물차단독사고처리중,128.2668,36.1554
2025-04-05 16:00,고속도로,종점,(1차로)승용차관련사고처리중,127.887,35.0401
2025-04-05 16:00,고속도로,종점,(진출로갓길)사고처리중,126.9928,37.3178
2025-04-05 17:00,고속도로,종점,(2차로)승용차관련사고처리중,127.1033,37.3633
2025-04-05 17:00,고속도로,기점,(1차로)승용차사고처리중,128.021,37.2662
2025-04-05 17:00,고속도로,종점,(진출로2차로)화물차단독사고처리중,128.2668,36.1554
2025-04-05 18:00,고속도로,종점,(2차로)승용차관련사고처리중,127.1033,37.3633
2025-04-05 18:00,고속도로,종점,(진출로갓길)사고처리중,126.7788,37.5992
2025-04-05 18:00,고속도로,종점,(갓길)사고처리중,126.6513,37.4369
2025-04-05 19:00,고속도로,기점,(진출로갓길)사고처리중,126.9311,37.3758
2025-04-05 19:00,고속도로,종점,(1차로)승용차관련사고처리중,126.947,37.3792
2025-04-05 19:00,고속도로,기점,(4차로)승용차관련사고처리중,126.9678,37.3815
2025-04-05 19:00,고속도로,기점,(1차로)승용차관련사고처리중,129.0953,37.5481
2025-04-05 19:00,고속도로,기점,(갓길)승용차관련사고처리중,127.4963,37.4269
2025-04-05 21:00,고속도로,기점,(갓길)승용차관련사고처리중,129.1495,35.6144
2025-04-05 21:00,고속도로,종점,(갓길)화물차관련사고처리중,127.1032,37.3813
2025-04-05 22:00,고속도로,종점,(갓길)승용차사고처리중,127.9303,37.4283
2025-04-05 23:00,고속도로,기점,(갓길)승용차추돌사고처리중,126.9269,35.1834
2025-04-05 23:00,고속도로,기점,(갓길)승용차사고처리중,128.8495,37.7256
2025-04-06 00:00,고속도로,기점,(갓길)승용차화재사고처리중,127.5722,37.7195
2025-04-06 00:00,고속도로,기점,(갓길)승용차사고처리중,128.3729,36.07
2025-04-06 00:00,국도,양방향,국도77호선 남양대교(양방향) 차량화재사고,126.817103,37.009719
2025-04-06 01:00,고속도로,기점,(갓길)승용차화재사고처리중,127.5722,37.7195
2025-04-06 01:00,국도,양방향,국도77호선 남양대교(양방향) 차량화재사고,126.817103,37.009719
2025-04-06 02:00,국도,양방향,국도77호선 남양대교(양방향) 차량화재사고,126.817103,37.009719
2025-04-06 02:00,고속도로,종점,(갓길)사고처리중,127.0591,37.4419
2025-04-06 03:00,국도,양방향,국도77호선 남양대교(양방향) 차량화재사고,126.817103,37.009719
2025-04-06 04:00,고속도로,종점,(갓길)승용차사고처리중,128.441,35.2729
2025-04-06 04:00,국도,양방향,국도77호선 남양대교(양방향) 차량화재사고,126.817103,37.009719
2025-04-06 05:00,국도,양방향,국도77호선 남양대교(양방향) 차량화재사고,126.817103,37.009719
2025-04-06 06:00,고속도로,종점,"(1차로,갓길)승용차관련추돌사고처리중",126.4958,34.9761
2025-04-06 06:00,국도,양방향,국도77호선 남양대교(양방향) 차량화재사고,126.817103,37.009719
2025-04-06 07:00,국도,양방향,국도77호선 남양대교(양방향) 차량화재사고,126.817103,37.009719
2025-04-06 07:00,고속도로,종점,"(1차로,갓길)승용차관련추돌사고처리중",126.4958,34.9761
2025-04-06 08:00,고속도로,종점,"(3,4차로)승용차단독사고처리중",129.0835,35.2986
2025-04-06 08:00,고속도로,종점,(1차로)승용차단독사고처리중,128.8121,35.9566
2025-04-06 08:00,국도,양방향,국도77호선 남양대교(양방향) 차량화재사고,126.817103,37.009719
2025-04-06 09:00,국도,양방향,국도77호선 남양대교(양방향) 차량화재사고,126.817103,37.009719
2025-04-06 10:00,고속도로,종점,(3차로)승용차관련사고처리중,126.8216,37.5234
2025-04-06 10:00,고속도로,종점,(2차로)승용차단독사고처리중,126.6978,35.3832
2025-04-06 10:00,국도,양방향,국도77호선 남양대교(양방향) 차량화재사고,126.817103,37.009719
2025-04-06 11:00,고속도로,기점,"(2차로,갓길)사고처리중",127.9109,37.3443
2025-04-06 11:00,국도,양방향,국도77호선 남양대교(양방향) 차량화재사고,126.817103,37.009719
2025-04-06 12:00,국도,양방향,국도77호선 남양대교(양방향) 차량화재사고,126.817103,37.009719
2025-04-06 12:00,고속도로,종점,(1차로)사고처리중,126.8779,37.1533
2025-04-06 12:00,고속도로,종점,(1차로)승용차관련사고처리중,128.1863,36.5031
2025-04-06 12:00,고속도로,종점,(1차로)승용차관련사고처리중,128.0918,36.7275
2025-04-06 12:00,고속도로,종점,(1차로)승용차관련사고처리중,128.5632,35.2905
2025-04-06 12:00,고속도로,종점,(1차로)승용차관련사고처리중,128.1826,36.5087
2025-04-06 13:00,국도,양방향,국도77호선 남양대교(양방향) 차량화재사고,126.817103,37.009719
2025-04-06 13:00,고속도로,기점,(1차로)승용차관련추돌사고처리중,127.3862,35.3062
2025-04-06 13:00,고속도로,종점,(1차로)승용차관련사고처리중,127.1785,37.5168
2025-04-06 13:00,고속도로,기점,(1차로)승용차관련사고처리중,127.2662,37.6072
2025-04-06 13:00,고속도로,종점,(출구하이패스차로)승용차단독사고처리중,129.2794,35.4832
2025-04-06 14:00,고속도로,종점,(갓길)승용관련사고처리중,126.7581,35.7116
2025-04-06 14:00,고속도로,종점,(갓길)승용관련사고처리중,126.7849,35.7399
2025-04-06 14:00,국도,양방향,국도77호선 남양대교(양방향) 차량화재사고,126.817103,37.009719
2025-04-06 15:00,고속도로,종점,(1차로)승용차관련사고처리중,128.1826,36.5087
2025-04-06 15:00,고속도로,종점,(갓길)승용차사고처리중,126.8075,35.4451
2025-04-06 15:00,고속도로,종점,(갓길)승용차관련사고처리중,129.205,35.212
2025-04-06 15:00,고속도로,종점,(3차로)승용차관련사고처리중,128.4593,35.2713
2025-04-06 15:00,국도,양방향,국도77호선 남양대교(양방향) 차량화재사고,126.817103,37.009719
2025-04-06 16:00,국도,양방향,국도77호선 남양대교(양방향) 차량화재사고,126.817103,37.009719
2025-04-06 16:00,고속도로,기점,(1차로)승용차관련사고처리중,127.4957,36.8097
2025-04-06 16:00,고속도로,종점,(2차로)승용차관련사고처리중,128.6544,35.4865
2025-04-06 17:00,국도,양방향,국도77호선 남양대교(양방향) 차량화재사고,126.817103,37.009719
2025-04-06 17:00,고속도로,종점,(1차로)승용차관련사고처리중,127.1571,37.5617
2025-04-06 17:00,고속도로,종점,(1차로)승용차추돌사고처리중,127.1032,36.071
2025-04-06 17:00,고속도로,종점,(2차로)승용차관련사고처리중,127.1565,37.5419
2025-04-06 17:00,고속도로,종점,(1차로)승용차추돌사고처리중,126.736,36.9071
2025-04-06 17:00,고속도로,종점,(진출로1차로)승용차사고처리중,127.4182,36.3997
2025-04-06 18:00,고속도로,기점,(진출로갓길)사고처리중,126.8188,37.4349
2025-04-06 18:00,국도,양방향,국도77호선 남양대교(양방향) 차량화재사고,126.817103,37.009719
2025-04-06 19:00,고속도로,기점,(1차로)버스추돌사고처리중,127.2829,36.7339
2025-04-06 19:00,고속도로,종점,(2차로)화물차단독사고처리중,129.2515,35.557
2025-04-06 19:00,고속도로,종점,(1차로)승용차추돌사고처리중,127.1032,35.2606
2025-04-06 19:00,국도,양방향,국도77호선 남양대교(양방향) 차량화재사고,126.817103,37.009719
2025-04-06 20:00,국도,양방향,국도77호선 남양대교(양방향) 차량화재사고,126.817103,37.009719
2025-04-06 20:00,고속도로,기점,(1차로)버스추돌사고처리중,127.2829,36.7339
2025-04-06 21:00,고속도로,기점,(갓길)버스추돌사고처리중,127.2829,36.7339
2025-04-06 21:00,고속도로,기점,(갓길)승용차고장처리중,127.2413,37.4834
2025-04-06 21:00,고속도로,종점,(4차로)화물차관련사고처리중,128.6479,35.2749
2025-04-06 21:00,고속도로,종점,(1차로)승용차관련사고처리중,126.8513,36.9564
2025-04-06 21:00,국도,양방향,국도77호선 남양대교(양방향) 차량화재사고,126.817103,37.009719
2025-04-06 22:00,국도,양방향,국도77호선 남양대교(양방향) 차량화재사고,126.817103,37.009719
2025-04-06 22:00,고속도로,기점,"(1,2차로)화물차관련사고처리중",128.7423,35.2725
2025-04-06 23:00,고속도로,기점,"(1,2차로)승용차단독사고처리중",128.7003,35.279
2025-04-06 23:00,국도,양방향,국도77호선 남양대교(양방향) 차량화재사고,126.817103,37.009719
2025-04-07 00:00,국도,양방향,국도77호선 남양대교(양방향) 차량화재사고,126.817103,37.009719
2025-04-07 05:00,고속도로,기점,(2차로)추돌사고처리중,127.3856,37.2831
2025-04-07 06:00,고속도로,종점,(갓길)화물차관련사고처리중,128.8167,35.2945
2025-04-07 07:00,고속도로,종점,(1차로)승용차관련사고처리중,127.4246,36.6755
2025-04-07 07:00,고속도로,기점,(1차로)승용차관련사고처리중,128.596,35.2877
2025-04-07 08:00,고속도로,기점,(1차로)사고처리중,126.6841,37.4338
2025-04-07 08:00,고속도로,기점,(4차로)승용차사고처리중,126.7508,37.4779
2025-04-07 08:00,고속도로,종점,(2차로)승용차관련사고처리중,127.1635,36.9781
2025-04-07 09:00,고속도로,종점,(2차로)승용차관련사고처리중,127.1635,36.9781
2025-04-07 10:00,고속도로,기점,(3차로)단독사고처리중,127.3627,37.634
2025-04-07 10:00,고속도로,종점,(갓길)승용화물차관련사고처리중,126.947,37.3792
2025-04-07 12:00,고속도로,종점,"(3차로)승용,화물차관련사고처리중",126.6841,37.4338
2025-04-07 12:00,고속도로,종점,(1차로)사고처리중,126.7983,36.0115
2025-04-07 13:00,고속도로,기점,"(2차로,갓길)승용차관련사고처리중",127.3148,37.3898
2025-04-07 13:00,고속도로,종점,"(1차로,갓길)승용차관련사고처리중",127.4416,36.9476
2025-04-07 13:00,고속도로,종점,(1차로)승용차관련사고처리중,126.9005,37.2853
2025-04-07 14:00,고속도로,종점,(1차로)승용차관련사고처리중,127.8461,37.0133
2025-04-07 14:00,고속도로,기점,"(진입로1차로)승용,화물차사고처리중",126.8176,37.3503
2025-04-07 14:00,고속도로,기점,(1차로)승용차관련사고처리중,128.9842,35.2438
2025-04-07 14:00,고속도로,종점,"(1,2차로)화물차관련사고처리중",127.24,37.4878
2025-04-07 14:00,고속도로,기점,(갓길)승용차추돌사고처리중,127.3388,36.387
2025-04-07 14:00,고속도로,종점,"(1,2,3차로)화물차관련사고처리중",128.0025,36.1941
2025-04-07 14:00,고속도로,종점,(갓길)승용관련사고처리중,127.4571,36.2763
2025-04-07 15:00,고속도로,종점,(1차로)승용차관련사고처리중,128.054,36.7474
2025-04-07 15:00,고속도로,종점,"(1,2차로)화물차관련사고처리중",127.24,37.4878
2025-04-07 15:00,고속도로,종점,"(2차로)화물차,승용차관련사고처리중",126.8806,37.1284
2025-04-07 16:00,고속도로,종점,"(1,2차로)승용차관련사고처리중",128.795,35.2128
2025-04-07 17:00,고속도로,기점,(4차로)승용차관련사고처리중,126.7787,37.4583
2025-04-07 17:00,고속도로,종점,(갓길)승용차관련사고처리중,127.1003,37.3992
2025-04-07 18:00,고속도로,기점,(4차로)사고처리중,127.0146,37.3924
2025-04-07 19:00,고속도로,기점,(4차로)사고처리중,127.0146,37.3924
2025-04-07 21:00,고속도로,기점,(갓길)화재사고처리중,128.2444,36.1607
2025-04-07 22:00,고속도로,종점,(진출로1차로하이패스)승용차단독사고처리중,129.0123,35.309
2025-04-08 01:00,고속도로,종점,"(1,5차로)사고처리중",127.1059,37.2373
2025-04-08 07:00,고속도로,종점,(1차로)승용차사고처리중,126.9395,37.3287
2025-04-08 08:00,고속도로,기점,(2차로)버스관련사고처리중,127.1036,37.3092
2025-04-08 08:00,고속도로,기점,안전순찰배치현황,127.1026,36.0819
2025-04-08 08:00,고속도로,종점,(1차로)승용차사고처리중,128.2011,35.6992
2025-04-08 08:00,고속도로,기점,(갓길)화물차사고처리중,126.9015,37.0511
2025-04-08 09:00,고속도로,기점,(갓길)화물차사고처리중,126.9015,37.0511
2025-04-08 09:00,고속도로,기점,안전순찰배치현황,127.1026,36.0819
2025-04-08 10:00,고속도로,기점,안전순찰배치현황,127.1026,36.0819
2025-04-08 10:00,고속도로,기점,(갓길)승용차관련사고처리중,127.1056,37.4076
2025-04-08 11:00,고속도로,종점,(갓길)화물차관련사고처리중,129.0124,37.6635
2025-04-08 11:00,고속도로,종점,(갓길)승용차관련사고처리중,128.4507,35.6127
2025-04-08 11:00,고속도로,기점,안전순찰배치현황,127.1026,36.0819
2025-04-08 11:00,고속도로,기점,"(2,3차로)승용차사고처리중",126.5742,36.8111
2025-04-08 12:00,고속도로,기점,안전순찰배치현황,127.1026,36.0819
2025-04-08 12:00,고속도로,종점,"(2,3차로)화물차관련사고처리중",127.5806,36.0192
2025-04-08 12:00,고속도로,기점,"(2,3차로)화물차사고처리중",127.8461,36.2607
2025-04-08 13:00,고속도로,종점,(3차로)화물차2대관련사고처리중,127.5806,36.0192
2025-04-08 13:00,고속도로,기점,안전순찰배치현황,127.1026,36.0819
2025-04-08 14:00,고속도로,기점,안전순찰배치현황,127.1026,36.0819
2025-04-08 15:00,고속도로,기점,안전순찰배치현황,127.1026,36.0819
2025-04-08 15:00,고속도로,기점,"(1,4차로)화물차관련사고처리중",128.6789,35.2753
2025-04-08 15:00,고속도로,기점,(1차로)승용차사고처리중,127.4752,37.6508
2025-04-08 16:00,고속도로,기점,안전순찰배치현황,127.1026,36.0819
2025-04-08 16:00,고속도로,기점,(4차로)화물차관련사고처리중,128.6789,35.2753
2025-04-08 16:00,고속도로,기점,"(2차로,갓길)대형화물차관련사고처리중",128.1287,37.1791
2025-04-08 17:00,고속도로,종점,(1차로)승용차관련사고처리중,127.399,36.4092
2025-04-08 17:00,고속도로,기점,안전순찰배치현황,127.1026,36.0819
2025-04-08 17:00,고속도로,기점,(4차로)화물차관련사고처리중,128.6789,35.2753
2025-04-08 17:00,고속도로,기점,(갓길)대형화물차관련사고처리중,128.1287,37.1791
2025-04-08 18:00,고속도로,종점,(갓길)승용차관련사고처리중,126.8979,37.4333
2025-04-08 18:00,고속도로,기점,안전순찰배치현황,127.1026,36.0819
2025-04-08 18:00,고속도로,기점,(4차로)화물차관련사고처리중,128.6789,35.2753
2025-04-08 18:00,고속도로,종점,(3차로)승용차관련사고처리중,128.9554,35.1554
2025-04-08 18:00,고속도로,기점,(1차로)화물차관련사고처리중,126.994,36.5368
2025-04-08 18:00,고속도로,종점,(1차로)승용차관련사고처리중,126.994,36.5368
2025-04-08 19:00,고속도로,기점,안전순찰배치현황,127.1026,36.0819
2025-04-08 19:00,고속도로,기점,"(3,4차로)화물차관련사고처리중",128.6688,35.2717
2025-04-08 20:00,고속도로,기점,(갓길)승용차관련사고처리중,126.7292,37.4333
2025-04-08 20:00,고속도로,기점,안전순찰배치현황,127.1026,36.0819
2025-04-08 20:00,고속도로,기점,"(3,4차로)화물차관련사고처리중",128.6688,35.2717
2025-04-08 21:00,고속도로,기점,안전순찰배치현황,127.1026,36.0819
2025-04-08 22:00,고속도로,기점,(1차로)사고처리중,127.1276,37.081
2025-04-08 22:00,고속도로,기점,안전순찰배치현황,127.1026,36.0819
2025-04-09 01:00,고속도로,종점,(갓길)화물차관련사고처리중,127.9258,37.3745
2025-04-09 02:00,고속도로,기점,"(2,3차로)중형화물차,승용차관련사고처리중",127.1003,37.2898
2025-04-09 06:00,고속도로,기점,(2차로)사고처리중,126.7503,37.5176
2025-04-09 08:00,고속도로,종점,"(2차로,갓길)소형화물차단독사고처리중",128.1279,36.3712
2025-04-09 08:00,고속도로,종점,"(4차로,갓길)승용차관련사고처리중",128.6688,35.2717
2025-04-09 09:00,고속도로,기점,(1차로)승용차단독사고처리중,127.4311,36.7014
2025-04-09 10:00,고속도로,종점,"(진출로2,3차로)승용,화물차관련사고처리중",126.7554,37.5241
2025-04-09 10:00,고속도로,기점,"(진출로2,3차로)승용,화물차관련사고처리중",126.7554,37.5241
2025-04-09 10:00,고속도로,기점,"(3차로)승용,화물차관련사고처리중",126.6415,37.4413
2025-04-09 11:00,고속도로,종점,"(2차로,갓길)소형화물차화재사고처리중",126.8013,35.4139
2025-04-09 11:00,고속도로,기점,"(1,3차로)추돌사고처리중",127.1535,37.5681
2025-04-09 14:00,고속도로,기점,"(1,2차로)승용차관련사고처리중",127.476,37.2455
2025-04-09 15:00,고속도로,기점,(4차로)화물차관련사고처리중,127.476,37.2455
2025-04-09 15:00,고속도로,기점,(1차로)단독사고처리중,127.2104,35.7787
2025-04-09 15:00,고속도로,종점,(1차로)화물차관련사고처리중,127.011,35.784
2025-04-09 16:00,고속도로,종점,(2차로)화물차관련사고처리중,128.5269,35.2837
2025-04-09 16:00,고속도로,기점,(2차로)화물차단독사고처리중,126.561,36.3514
2025-04-09 16:00,고속도로,종점,(갓길)승용차관련사고처리중,126.8757,37.1594
2025-04-09 17:00,고속도로,종점,(갓길)승용차관련사고처리중,126.8757,37.1594
2025-04-09 17:00,고속도로,종점,(갓길)승용차사고처리중,127.0504,37.2996
2025-04-09 18:00,고속도로,종점,(2차로)승용차관련사고처리중,128.1789,37.0784
2025-04-09 18:00,고속도로,기점,(진출로갓길)소형화물차단독사고처리중,126.8934,35.2615
2025-04-09 19:00,고속도로,기점,(갓길)승용차관련사고처리중,126.8733,37.1782
2025-04-09 20:00,고속도로,기점,(1차로)사고처리중,126.7066,37.4337
2025-04-09 20:00,고속도로,종점,"(3차로,갓길)승용차관련사고처리중",126.8801,37.1464
2025-04-09 20:00,고속도로,기점,(갓길)승용차관련사고처리중,126.8733,37.1782
2025-04-09 21:00,고속도로,종점,"(1,3,4차로)사고처리중",127.4299,36.4932
2025-04-09 22:00,고속도로,기점,(갓길)사고처리중,126.6415,37.4413
2025-04-09 22:00,고속도로,기점,(2차로)사고처리중,126.7314,37.4332
2025-04-09 22:00,고속도로,종점,"(1,2차로)사고처리중",127.4299,36.4932
2025-04-09 23:00,고속도로,종점,(갓길)사고처리중,126.8684,37.367
2025-04-10 00:00,고속도로,기점,(3차로)승용차단독사고처리중,126.5884,36.8284
2025-04-10 05:00,고속도로,기점,(진입로1차로)사고처리중,126.8232,37.3496
2025-04-10 08:00,고속도로,기점,(갓길)승용차관련사고처리중,127.769,37.7843
2025-04-10 08:00,고속도로,기점,(갓길)승용차관련사고처리중,128.9834,35.2803
2025-04-10 08:00,고속도로,기점,(1차로)승용차관련사고처리중,126.9078,37.3727
2025-04-10 08:00,고속도로,종점,(4차로)승용차관련사고처리중,126.7147,37.5237
2025-04-10 08:00,고속도로,기점,"(1,2차로)버스관련사고처리중",127.0656,37.4346
2025-04-10 09:00,고속도로,종점,(1차로)승용차관련사고처리중,126.8473,37.3969
2025-04-10 09:00,고속도로,기점,(갓길)화물차관련사고처리중,126.8819,37.2413
2025-04-10 09:00,고속도로,기점,"(1,2차로)버스관련사고처리중,국도우회바람",127.0727,37.4275
2025-04-10 10:00,고속도로,기점,(갓길)버스관련사고처리중,127.0727,37.4275
2025-04-10 10:00,고속도로,기점,"(1,2차로)승용차관련사고처리중",128.8477,35.9805
2025-04-10 10:00,고속도로,기점,(갓길)화물차관련사고처리중,126.8819,37.2413
2025-04-10 10:00,고속도로,종점,(1차로)승용차단독사고처리중,128.4964,35.376
2025-04-10 11:00,고속도로,종점,(4차로)화물차관련사고처리중,127.2741,37.2451
2025-04-10 12:00,고속도로,기점,(갓길)승용차관련사고처리중,126.7066,37.4337
2025-04-10 12:00,고속도로,기점,(1차로)승용차관련추돌사고처리중,127.4594,34.8872
2025-04-10 12:00,고속도로,종점,(1차로)추돌사고처리중,127.1234,37.4258
2025-04-10 13:00,고속도로,종점,(갓길)화물차단독사고처리중,126.5814,36.2092
2025-04-10 14:00,고속도로,기점,(진출로갓길)승용차사고처리중,127.3704,37.2409
2025-04-10 14:00,고속도로,종점,"(2차로,갓길)화물차관련사고처리중",128.0227,37.4392
2025-04-10 14:00,고속도로,종점,(1차로)화물차관련사고처리중,128.9743,37.6847
2025-04-10 16:00,고속도로,종점,"(갓길)승용,화물차관련사고처리중",126.6977,37.5236
2025-04-10 17:00,고속도로,기점,(진입로갓길)1톤화물차단독사고처리중,128.8938,35.3048
2025-04-10 18:00,고속도로,기점,(3차로)승용차사고처리중,127.1923,37.4219
2025-04-10 18:00,고속도로,기점,(진입로갓길)1톤화물차단독사고처리중,128.8938,35.3048
2025-04-10 19:00,고속도로,기점,(2차로)승용차관련사고처리중,129.1,35.2536
2025-04-10 19:00,고속도로,기점,(갓길)승용차관련사고처리중,127.1758,36.842
2025-04-10 20:00,고속도로,기점,(2차로)승용차관련사고처리중,129.1,35.2536
2025-04-10 21:00,고속도로,종점,(2차로)화물차관련사고처리중,128.9882,35.27
2025-04-11 02:00,고속도로,종점,(진입로갓길)사고처리중,126.8046,37.6359
2025-04-11 03:00,고속도로,종점,(진입로갓길)사고처리중,126.8046,37.6359
2025-04-11 05:00,고속도로,종점,(2차로)화물차관련사고처리중,128.0683,36.7459
2025-04-11 07:00,고속도로,종점,(진출로갓길)승용차관련사고처리중,126.995,37.3857
2025-04-11 08:00,고속도로,종점,(2차로)화물차단독화재사고처리중,128.9805,35.2698
2025-04-11 08:00,고속도로,종점,(1차로)사고처리중,126.949,37.3784
2025-04-11 08:00,고속도로,종점,(익산장수선진출로)사고확인중,127.0905,35.9424
2025-04-11 09:00,고속도로,종점,(2차로)화물차단독화재사고처리중,128.9805,35.2698
2025-04-11 09:00,고속도로,기점,(1차로)사고처리중,126.7407,37.5239
2025-04-11 10:00,고속도로,종점,(2차로)화물차단독화재사고처리중,128.9805,35.2698
2025-04-11 11:00,고속도로,기점,(1차로)사고처리중,127.0314,37.3935
2025-04-11 11:00,고속도로,종점,(1차로)승용차관련사고처리중,128.0515,36.418
2025-04-11 11:00,고속도로,종점,(1차로)화물차관련사고처리중,127.389,36.9721
2025-04-11 14:00,고속도로,종점,(갓길)승용차관련사고처리중,128.6479,35.2749
2025-04-11 14:00,고속도로,종점,"(4,5차로)사고처리중",127.0843,37.1508
2025-04-11 14:00,고속도로,종점,(1차로)승용차관련사고처리중,128.0484,36.7472
2025-04-11 14:00,고속도로,종점,(1차로)승용차관련사고처리중,127.65,37.1443
2025-04-11 15:00,고속도로,종점,"(1,2차로)승용차관련사고처리중",127.1635,36.9781
2025-04-11 15:00,고속도로,기점,(1차로)승용차관련사고처리중,128.585,35.2886
2025-04-11 15:00,고속도로,기점,(1차로)사고처리중,127.1635,36.9781
2025-04-11 15:00,고속도로,기점,(1차로)승용차관련사고처리중,126.9608,37.3238
2025-04-11 16:00,고속도로,기점,(1차로)승용차관련사고처리중,128.6479,35.2749
2025-04-11 16:00,고속도로,기점,"(1,2,3차로)승용차관련사고처리중",126.8822,37.4055
2025-04-11 16:00,고속도로,기점,"(1,2차로)화물차단독사고처리중",128.4279,36.0068
2025-04-11 16:00,고속도로,기점,(1차로)승용차관련사고처리중,127.6122,37.1966
2025-04-11 17:00,고속도로,종점,(5차로)중형화물차관련사고처리중,126.8929,37.2683
2025-04-11 17:00,고속도로,기점,(갓길)소형화물차관련사고처리중,126.8736,37.0232
2025-04-11 17:00,고속도로,기점,"(1,2차로)승용차관련사고처리중",126.8822,37.4055
2025-04-11 17:00,고속도로,기점,(1차로)화물차단독사고처리중,128.4279,36.0068
2025-04-11 17:00,고속도로,종점,(갓길)승용차관련사고처리중,127.0843,37.1508
2025-04-11 18:00,고속도로,기점,"(1,2차로)승용차관련사고처리중",128.7003,35.279
2025-04-11 18:00,고속도로,종점,(진출로갓길)승용차관련추돌사고처리중,126.8842,35.1849
2025-04-11 18:00,고속도로,종점,(1차로)승용차관련추돌사고처리중,126.6429,35.0781
2025-04-11 18:00,고속도로,종점,(1차로)승용차관련사고처리중,127.0917,36.4856
2025-04-11 19:00,고속도로,기점,(3차로)사고처리중,126.9709,37.32
2025-04-11 21:00,고속도로,기점,"통일로(60K)(1,2,3차로)승용차사고처리중",126.8805,37.6745
2025-04-11 21:00,고속도로,기점,(갓길)승용차관련사고처리중,127.0693,37.3949
2025-04-11 22:00,고속도로,기점,(갓길)승용차관련사고처리중,126.8267,37.4401
2025-04-11 22:00,고속도로,기점,(1차로)사고처리중,126.9181,37.3244
2025-04-11 23:00,고속도로,기점,(갓길)승용차사고처리중,126.8678,37.3785
2025-04-12 00:00,고속도로,종점,(갓길)동광주졸음쉼터입구사고처리중,126.9387,35.2074
2025-04-12 00:00,고속도로,기점,(갓길)승용차추돌사고처리중,126.4667,34.845
2025-04-12 01:00,고속도로,기점,승용차관련사고처리중전면차단중,128.2011,36.454
2025-04-12 02:00,고속도로,기점,승용차관련사고처리중전면차단중(북상주IC국도우회이용바람),128.2011,36.454
2025-04-12 03:00,고속도로,기점,(2차로)대형화물차관련사고처리중,128.2255,36.2981
2025-04-12 05:00,고속도로,기점,(갓길)충주(휴)내차량화재사고처리중,127.8363,37.0241
2025-04-12 07:00,고속도로,종점,(진출로갓길)승용차단독사고처리중,129.062,35.3179
2025-04-12 10:00,고속도로,기점,노고2터널출구부(54.7K)(1차로)승용차관련사고처리중,126.8805,37.6745
2025-04-12 11:00,고속도로,종점,(1차로)승용차관련사고처리중,128.542,35.2887
2025-04-12 11:00,고속도로,종점,(1차로)승용차관련사고처리중,126.8793,37.3241
2025-04-12 11:00,고속도로,기점,(1차로)승용차고장처리중,128.0849,36.7357
2025-04-12 12:00,고속도로,종점,(1차로)승용차사고처리중,127.5078,36.7872
2025-04-12 12:00,고속도로,기점,(1차로)화물차단독사고처리중,128.6411,36.546
2025-04-12 14:00,고속도로,기점,(1차로)승용차관련사고처리중,128.585,35.2886
2025-04-12 15:00,고속도로,종점,(진출로)승용차관련사고처리중,126.791,37.4573
2025-04-12 15:00,고속도로,종점,(3차로)사고처리중,127.1567,37.5518
2025-04-12 16:00,고속도로,기점,"(3차로,갓길)화물차전도사고처리중",126.8888,37.0552
2025-04-12 16:00,고속도로,기점,(1차로)사고처리중,127.5365,37.2391
2025-04-12 16:00,고속도로,기점,(갓길)사고처리중,126.7512,37.5355
2025-04-12 17:00,고속도로,종점,(진출로1차로)승용차단독사고처리중,128.7204,35.2807
2025-04-12 17:00,고속도로,종점,(3차로)승용차추돌사고처리중,126.8552,36.9581
2025-04-12 17:00,고속도로,종점,(갓길)승용차사고처리중,126.8925,37.4168
2025-04-12 17:00,고속도로,기점,(진출로)사고처리중,127.1037,37.2912
2025-04-12 18:00,고속도로,종점,(1차로)승용차사고처리중,126.739,37.4146
2025-04-12 18:00,고속도로,종점,(1차로)승용차사고처리중,126.7392,37.4361
2025-04-12 18:00,고속도로,종점,(3차로)승용차추돌사고처리중,126.8552,36.9581
2025-04-12 18:00,고속도로,종점,(북대구광장부)화물차관련사고처리중,128.5692,35.9068
2025-04-12 18:00,고속도로,종점,(1차로)추돌사고처리중,127.1608,37.5317
2025-04-12 20:00,고속도로,기점,"(4차로,갓길)승용차사고처리중",126.8673,37.383
2025-04-12 21:00,고속도로,기점,(2차로)승용차단독사고처리중,127.1327,36.4958
2025-04-12 21:00,고속도로,종점,(갓길)승용차사고처리중,126.7557,35.3508
2025-04-12 22:00,고속도로,종점,(1차로)사고처리중,127.4463,37.2369
2025-04-12 23:00,고속도로,종점,(1차로)승용차관련사고처리중,128.5472,36.0073
2025-04-13 00:00,고속도로,종점,(갓길)승용차단독사고처리중,127.2567,35.1425
2025-04-13 00:00,고속도로,종점,(갓길)승요차관련사고처리중,126.7609,37.5869
2025-04-13 00:00,고속도로,종점,(1차로)승용차관련사고처리중,126.6415,37.4413
2025-04-13 00:00,고속도로,기점,(갓길)중형화물차단독사고처리중,127.4399,37.1416
2025-04-13 00:00,고속도로,종점,"(2차로,갓길)승용차단독사고처리중",128.293,36.9987
2025-04-13 01:00,고속도로,기점,(5차로)사고처리중,127.1059,37.2373
2025-04-13 01:00,고속도로,종점,"(4,5차로)승용차관련사고처리중",126.8571,37.3766
2025-04-13 01:00,고속도로,종점,(갓길)승요차관련사고처리중,126.7609,37.5869
2025-04-13 02:00,고속도로,기점,(진출로1차로)승용차사고처리중,128.888,37.6962
2025-04-13 03:00,고속도로,기점,(축충차로)승용차사고처리중,127.1033,37.3633
2025-04-13 03:00,고속도로,기점,(갓길)승용차사고처리중,127.2202,37.5247
2025-04-13 08:00,고속도로,종점,(1차로)단독사고처리중,127.5382,37.6882
2025-04-13 09:00,고속도로,종점,(1차로)단독사고처리중,127.5382,37.6882
2025-04-13 12:00,고속도로,기점,(갓길)승용차추돌사고처리중,126.8842,35.1849
2025-04-13 12:00,고속도로,기점,"(4,5차로)승용차관련사고처리중",127.1044,37.4076
2025-04-13 12:00,고속도로,종점,(2차로)승용차관련사고처리중,127.5974,37.2189
2025-04-13 13:00,고속도로,종점,(1차로)승용차관련사고처리중,127.6554,37.1364
2025-04-13 14:00,고속도로,기점,(갓길)승용차사고처리중,126.8732,37.1818
2025-04-13 14:00,고속도로,종점,사패산터널(47.3K)(4차로)승용차관련사고처리중  5km정체,127.1205,37.6545
2025-04-13 15:00,고속도로,기점,(1차로)승용차관련사고처리중,128.0868,36.7334
2025-04-13 15:00,고속도로,종점,(2차로)승용차관련사고처리중,127.4185,36.4484
2025-04-13 15:00,고속도로,종점,(1차로)승용차사고처리중,127.1289,37.0339
2025-04-13 15:00,고속도로,기점,(1차로)승용차관련사고처리중,127.3892,37.6328
2025-04-13 15:00,고속도로,기점,(1차로)화물차사고처리중,128.2237,35.0733
2025-04-13 16:00,고속도로,종점,(갓길)추돌사고처리중,127.0526,35.8721
2025-04-13 16:00,고속도로,종점,(2차로)추돌사고처리중,127.1123,36.0019
2025-04-13 16:00,고속도로,종점,(1차로)승용차관련사고처리중,127.2388,35.7248
2025-04-13 17:00,고속도로,종점,(1차로)승용차관련사고처리중,127.2388,35.7248
2025-04-13 17:00,고속도로,종점,(1차로)승용차관련사고처리중,127.9649,35.056
2025-04-13 19:00,고속도로,종점,(3차로)승용차관련사고처리중,127.1567,37.5906
2025-04-13 22:00,고속도로,종점,"(진출로2차로,갓길)사고처리중",127.1559,37.5651
2025-04-13 23:00,고속도로,종점,"(2,3차로)추돌사고처리중",127.0925,37.4079
2025-04-14 04:00,고속도로,종점,(진출로1차로)사고처리중,127.2891,37.2391
2025-04-14 05:00,고속도로,기점,"(3,4차로)사고처리중",127.2219,37.5157
2025-04-14 05:00,고속도로,종점,(진출로1차로)사고처리중,127.2891,37.2391
2025-04-14 06:00,고속도로,종점,(진출로1차로)사고처리중,127.2891,37.2391
2025-04-14 06:00,고속도로,기점,(갓길)승용차단독사고처리중,128.2441,37.8655
2025-04-14 06:00,고속도로,종점,"(진출로1,2차로)승용차관련사고처리중",128.5918,35.2503
2025-04-14 07:00,고속도로,종점,(갓길)승용차관련사고처리중,128.9822,35.2663
2025-04-14 07:00,고속도로,종점,(갓길)승용차단독사고처리중,128.9274,35.2238
2025-04-14 07:00,고속도로,기점,(갓길)승용차단독사고처리중,128.2441,37.8655
2025-04-14 07:00,고속도로,종점,(진출로1차로)사고처리중,127.2891,37.2391
2025-04-14 08:00,고속도로,기점,(갓길)승용차사고처리중,126.8598,37.4367
2025-04-14 08:00,고속도로,기점,(진출로2차로)화물차사고처리중,127.1038,37.2642
2025-04-14 08:00,고속도로,종점,(진출로1차로)사고처리중,127.2891,37.2391
2025-04-14 09:00,고속도로,종점,(진출로1차로)사고처리중,127.2891,37.2391
2025-04-14 09:00,고속도로,기점,(1차로)승용차사고처리중,127.045,37.3028
2025-04-14 09:00,고속도로,종점,(2차로)사고처리중,126.9189,37.3742
2025-04-14 09:00,고속도로,종점,"(5차로,갓길)사고처리중",127.0947,37.203
2025-04-14 09:00,고속도로,종점,(4차로)사고처리중,126.709,37.5237
2025-04-14 10:00,고속도로,기점,"(5차로)승용차,화물차관련사고처리중",126.8052,37.4493
2025-04-14 12:00,고속도로,기점,(2차로)사고처리중,127.1037,37.2912
2025-04-14 12:00,고속도로,기점,(5차로)승용차관련사고처리중,126.8639,37.3568
2025-04-14 12:00,고속도로,기점,(갓길)승용차관련추돌사고처리중,126.5047,34.9501
2025-04-14 13:00,고속도로,기점,(2차로)승용차단독사고처리중,127.4689,37.0701
2025-04-14 14:00,고속도로,종점,"(2,3차로)승용차관련사고처리중",129.0734,35.3081
2025-04-14 14:00,고속도로,기점,(갓길)승용차관련사고처리중,128.2849,36.1501
2025-04-14 14:00,고속도로,기점,"(1,2차로)화물차관련사고처리중",129.2121,35.5722
2025-04-14 14:00,고속도로,기점,"(2,3차로,진출1차로)화물차관련사고처리중",127.1616,37.53
2025-04-14 15:00,고속도로,기점,(진출로1차로)사고처리중,127.1038,37.2642
2025-04-14 15:00,고속도로,기점,"(2,3차로,진출1차로)화물차관련사고처리중",127.1616,37.53
2025-04-14 15:00,고속도로,기점,"고양(67.5K)(1,2차로)승용차사고처리중  일산 고양2km정체",126.8204,37.659
2025-04-14 15:00,고속도로,종점,(갓길)화물차관련사고처리중,126.7521,37.531
2025-04-14 16:00,고속도로,종점,(3차로)승용차사고처리중,126.657,37.4535
2025-04-14 16:00,고속도로,기점,(4차로)화물차단독사고처리중,128.9951,35.2854
2025-04-14 16:00,고속도로,기점,(1차로)사고처리중,127.1021,36.0799
2025-04-14 17:00,고속도로,기점,(진출로2차로)화물차관련사고처리중,128.7866,35.877
2025-04-14 17:00,고속도로,종점,(1차로)승용차단독사고처리중,127.4472,35.211
2025-04-14 17:00,고속도로,기점,"(4,5차로)화물차사고처리중",127.1897,37.5338
2025-04-14 17:00,고속도로,기점,"(1,2차로)화물차단독사고처리중",128.9931,35.2847
2025-04-14 17:00,고속도로,종점,(2차로)승용차관련추돌사고처리중,127.1162,35.2586
2025-04-14 18:00,고속도로,종점,(1차로)사고처리중,127.1027,36.0386
2025-04-14 18:00,고속도로,기점,(2차로)승용차단독사고처리중,127.4857,35.003
2025-04-14 18:00,고속도로,기점,(갓길)화물차관련사고처리중,128.9122,35.2246
2025-04-14 19:00,고속도로,종점,"(3,4차로)승용차사고처리중",127.1234,37.4258
2025-04-14 19:00,고속도로,기점,(갓길)승용차사고처리중,127.3238,37.345
2025-04-14 19:00,고속도로,기점,"(2차로,갓길)대형화물차관련추돌사고처리중",127.7951,37.0353
2025-04-14 20:00,고속도로,종점,(갓길)승용차화재사고처리중,129.0363,37.6208
2025-04-14 20:00,고속도로,종점,(6차로)감북(영)광장부사고처리중,127.1655,37.5225
2025-04-14 20:00,고속도로,기점,(진출로1차로)사고처리중,127.1003,37.3992
2025-04-14 20:00,고속도로,종점,(1차로)승용차사고처리중,127.0049,36.5119
2025-04-14 20:00,고속도로,종점,"(1,2차로)승용차관련사고처리중",127.8759,35.0346
2025-04-14 21:00,고속도로,종점,(3차로)승용차화재사고처리중,129.0363,37.6208
2025-04-14 21:00,고속도로,기점,(1차로)사고처리중,126.726,37.5238
2025-04-14 23:00,고속도로,종점,(2차로)승용차관련사고처리중,128.4708,35.8609
2025-04-15 01:00,고속도로,기점,"(2차로)승용,화물차관련사고처리중",126.9987,35.7604
2025-04-15 02:00,고속도로,기점,"(2차로,갓길)승용차단독사고처리중",127.5074,36.7962
2025-04-15 04:00,고속도로,기점,"(1,2,3차로)화물차관련사고처리중",128.6688,35.2717
2025-04-15 05:00,고속도로,기점,"(1,2,3차로)화물차관련사고처리중",128.6688,35.2717
2025-04-15 06:00,고속도로,기점,"(1,2차로)화물차관련사고처리중",128.6688,35.2717
2025-04-15 06:00,고속도로,기점,"(1,2차로)승용차관련사고처리중",128.6897,35.2766
2025-04-15 06:00,고속도로,기점,(2차로)화물차관련사고처리중,127.3149,36.2819
2025-04-15 07:00,고속도로,종점,(1차로)사고처리중,126.7292,37.4333
2025-04-15 07:00,고속도로,기점,"(1,2차로)화물차관련사고처리중",128.6688,35.2717
2025-04-15 08:00,고속도로,기점,(1차로)승용차사고처리중,126.9181,37.3244
2025-04-15 08:00,고속도로,기점,(4차로)사고처리중,126.9244,37.375
2025-04-15 09:00,고속도로,기점,(1차로)사고처리중,126.9367,37.3767
2025-04-15 09:00,고속도로,기점,(1차로)화물차사고확인중,128.5409,36.143
2025-04-15 09:00,고속도로,종점,(1차로)사고처리중,126.7974,37.4557
2025-04-15 10:00,고속도로,기점,(3차로)화물차고장처리중,127.0677,37.0256
2025-04-15 10:00,고속도로,기점,(2차로)사고처리중,127.6007,35.7358
2025-04-15 10:00,고속도로,종점,(1차로)대형화물차관련추돌사고처리중,128.088,36.3994
2025-04-15 11:00,고속도로,종점,(1차로)대형화물차관련추돌사고처리중,128.088,36.3994
2025-04-15 11:00,고속도로,종점,(진출로갓길)사고확인중,126.8711,37.8284
2025-04-15 11:00,고속도로,기점,(3차로)화물차사고처리중,127.0677,37.0256
2025-04-15 11:00,고속도로,기점,(2차로)소형화물차관련추돌사고처리중,127.8783,36.9217
2025-04-15 12:00,고속도로,기점,"(진출로1,2차로)화물관련사고처리중",128.7866,35.877
2025-04-15 12:00,고속도로,기점,(중분대갓길)승용차관련사고처리중,126.7787,37.4583
2025-04-15 13:00,고속도로,기점,(갓길)사고처리중,127.1037,37.2912
2025-04-15 13:00,고속도로,종점,(진출로1차로)화물차단독사고처리중,128.7113,35.279
2025-04-15 15:00,고속도로,종점,"(1,2차로)승용차관련사고처리중",128.0744,35.1499
2025-04-15 15:00,고속도로,기점,(갓길)승용차관련사고처리중,126.7779,37.5987
2025-04-15 15:00,고속도로,종점,"(4,5차로)승용차,화물차관련사고처리중",126.7179,37.4339
2025-04-15 16:34,고속도로,종점,(1차로)승용차관련사고처리중,128.5577,35.2909
2025-04-15 17:00,고속도로,기점,(3차로)청계(영)광장버스관련사고처리중,127.0202,37.3928
2025-04-15 17:00,고속도로,종점,(갓길)동전주영업소사고처리중,127.1896,35.8438
2025-04-15 18:00,고속도로,기점,(2차로)승용차관련사고처리중,126.9071,37.3226
2025-04-15 18:00,고속도로,종점,(5차로)추돌사고처리중,127.1408,37.0286
2025-04-15 19:00,고속도로,종점,(1차로)승용차사고처리중,127.1889,36.9212
2025-04-15 20:00,고속도로,종점,(2차로)화물차관련사고처리중,126.8997,37.4419
2025-04-15 22:00,고속도로,기점,(갓길)승용차관련사고처리중,126.8837,37.2521
2025-04-15 23:00,고속도로,종점,(2차로)화물차관련사고처리중,127.6089,35.7299
2025-04-16 01:00,고속도로,기점,(1차로)승용차관련사고처리중,126.8728,37.1863
2025-04-16 01:00,고속도로,종점,(2차로)사고처리중,127.5691,36.0367
2025-04-16 02:00,고속도로,기점,"(3차로,갓길)사고처리중",126.8323,37.4402
2025-04-16 08:00,고속도로,종점,"(1,2차로)소형화물차관련사고처리중",127.2526,36.1884
2025-04-16 09:00,고속도로,종점,(5차로)추돌사고처리중,127.0958,37.2126
2025-04-16 09:00,고속도로,종점,(진출로1차로)승용차단독사고처리중,127.6485,37.252
2025-04-16 09:00,고속도로,기점,(1차로)소형화물차관련사고처리중,127.9589,36.8306
2025-04-16 09:00,고속도로,종점,"(1,2차로)소형화물차관련사고처리중",127.2526,36.1884
2025-04-16 09:00,고속도로,기점,(3차로)화물차관련사고처리중,128.9806,35.2353
2025-04-16 09:00,고속도로,종점,"(갓길)승용차,화물차관련사고처리중",126.897,37.4317
2025-04-16 10:00,고속도로,종점,(진출로갓길)승용차단독사고처리중,127.6485,37.252
2025-04-16 10:00,고속도로,기점,(1차로)화물차관련사고처리중,128.9827,35.2618
2025-04-16 10:00,고속도로,종점,"(갓길)승용차,화물차관련사고처리중",126.897,37.4317
2025-04-16 11:00,고속도로,기점,"노고산2터널(55.6K)(3,4차로)화물차사고처리중  통일로 노고산2터널7km정체",126.9231,37.6813
2025-04-16 11:00,고속도로,종점,(2차로)화물차전도사고처리중,127.0829,37.1785
2025-04-16 12:00,고속도로,기점,(갓길)추돌사고처리중,127.0939,37.1941
2025-04-16 14:00,고속도로,기점,(진입로갓길)화물차관련사고처리중,128.8951,35.1653
2025-04-16 15:00,고속도로,종점,대형화물차관련사고전면차단중(국도우회바랍니다.),127.7763,37.0363
2025-04-16 16:00,고속도로,기점,(2차로)화물차관련사고처리중,127.8842,37.661
2025-04-16 17:00,고속도로,기점,(1차로)승용차관련사고처리중,126.8379,35.2043
2025-04-16 21:00,고속도로,기점,(3차로)승용차사고처리중,127.1123,36.0019
2025-04-16 21:00,고속도로,종점,(1차로)승용차사고처리중,127.8354,35.5564
2025-04-16 22:00,고속도로,기점,"(1차로,갓길)승용차관련사고처리중",127.3693,37.2955
2025-04-17 02:00,고속도로,기점,"(4,5차로)사고처리중",126.7508,37.5203
2025-04-17 04:00,고속도로,기점,(1차로)승용차사고처리중,127.4265,36.6953
2025-04-17 05:00,고속도로,기점,"(1,2차로전면차단)화물차관련사고처리중",128.2714,36.0388
2025-04-17 06:00,고속도로,기점,"(1,2차로)화물차관련사고처리중",128.2714,36.0388
2025-04-17 06:00,고속도로,기점,(1차로)승용차관련사고처리중,127.1743,37.5613
2025-04-17 08:00,고속도로,종점,(1차로)승용차관련사고처리중,128.4929,35.9044
2025-04-17 08:00,고속도로,기점,(진출로1차로)승용차관련사고처리중,128.8951,35.1653
2025-04-17 09:00,고속도로,기점,(2차로)화물차관련사고처리중,126.6011,36.8397
2025-04-17 13:00,고속도로,기점,(진출로1차로)사고처리중,127.2697,37.4479
2025-04-17 13:00,고속도로,기점,(2차로)승용차관련사고처리중,126.8332,35.5809
2025-04-17 14:00,고속도로,기점,(2차로)사고처리중,127.2697,37.4479
2025-04-17 15:00,고속도로,기점,(1차로)승용차관련사고처리중,127.4273,36.5866
2025-04-17 16:00,고속도로,기점,(1차로)승용차관련사고처리중,128.1931,37.8023
2025-04-17 16:00,고속도로,종점,(갓길)승용차관련사고처리중,126.897,37.4317
2025-04-17 16:00,고속도로,종점,(갓길)소형화물차단독사고처리중,126.6855,34.6968
2025-04-17 17:00,고속도로,기점,"(4차로,갓길)화물차관련사고처리중",128.4241,36.0247
2025-04-17 17:00,고속도로,종점,(1차로)승용차추돌사고처리중,127.0427,35.8403
2025-04-17 18:00,고속도로,종점,(1차로)승용차관련사고처리중,126.8876,37.4086
2025-04-17 18:00,고속도로,기점,"(1,2차로)사고처리중",126.812,37.4421
2025-04-17 20:00,고속도로,기점,(갓길)승용차관련사고처리중,128.1571,35.1716
2025-04-17 21:00,고속도로,종점,(갓길)승용차단독사고처리중,127.6012,37.2339
2025-04-17 22:00,고속도로,기점,(갓길)승용차화재사고처리중,127.4667,35.1029
2025-04-17 23:00,고속도로,기점,"(2차로,갓길)소형화물차화재사고처리중",127.4667,35.1029
2025-04-18 02:00,고속도로,종점,(3차로)화물차추돌사고처리중,126.9269,35.1834
2025-04-18 06:00,고속도로,기점,(갓길)승용차관련사고처리중,128.5064,35.5024
2025-04-18 06:00,고속도로,기점,"(1,2차로)승용,화물차사고처리중",127.1311,37.0343
2025-04-18 06:00,고속도로,종점,(진입로갓길)승용차단독사고처리중,129.2519,35.5107
2025-04-18 07:00,고속도로,종점,(하이패스1차로)승용차단독사고처리중,129.2519,35.5107
2025-04-18 07:00,고속도로,종점,(1차로)승용차관련사고처리중,128.5287,36.0297
2025-04-18 08:00,고속도로,기점,(갓길)승용차단독사고처리중,127.9398,35.3194
2025-04-18 09:00,고속도로,종점,"(1,2차로)승용차관련사고처리중",128.5507,35.9575
2025-04-18 11:00,고속도로,종점,"(1,2,5차로)사고처리중",127.1368,37.0463
2025-04-18 11:00,고속도로,기점,"(1,2차로)화물차단독사고처리중",128.5433,36.6694
2025-04-18 11:00,고속도로,종점,(갓길)화물차관련사고처리중,126.6864,37.5233
2025-04-18 12:00,고속도로,종점,(4차로)화물차관련사고처리중,126.8492,37.4399
2025-04-18 12:00,고속도로,종점,"(2차로,갓길)승용차화재사고처리중",127.9157,35.3682
2025-04-18 12:00,고속도로,종점,(2차로)승용차관련사고처리중,127.3529,36.979
2025-04-18 12:00,고속도로,기점,(1차로)승용차사고처리중,127.428,37.2319
2025-04-18 12:00,고속도로,기점,(갓길)승용차관련사고처리중,128.6059,35.2587
2025-04-18 12:00,고속도로,종점,(1차로)승용차관련사고처리중,126.5633,36.7234
2025-04-18 14:00,고속도로,종점,(1차로)화물차관련사고처리중,127.65,37.1443
2025-04-18 14:00,고속도로,기점,"(3,4차로)화물차관련사고처리중",128.9845,35.2751
2025-04-18 16:00,고속도로,기점,(1차로)승용차사고처리중,127.4201,36.6489
2025-04-18 16:00,고속도로,종점,(1차로)승용차사고처리중,127.4201,36.6489
2025-04-18 17:00,고속도로,종점,(1차로)승용차사고처리중,127.7704,37.7933
2025-04-18 17:00,고속도로,기점,(1차로)승용차관련사고처리중,128.6119,35.2847
2025-04-18 17:00,고속도로,종점,(1차로)승용차관련사고처리중,127.2959,37.4321
2025-04-18 17:00,고속도로,종점,(1차로)승용차관련사고처리중,127.2655,37.1871
2025-04-18 18:00,고속도로,종점,사패산터널(46.3K)(4차로)화물차관련사고처리중,127.0431,37.7035
2025-04-18 18:00,고속도로,기점,(1차로)승용차사고처리중,127.4106,36.9578
2025-04-18 18:00,고속도로,기점,(1차로)소형화물차사고처리중,128.1336,36.6628
2025-04-18 18:00,고속도로,종점,(1차로)화물차사고처리중,128.5342,36.0902
2025-04-18 21:00,고속도로,기점,(1차로)승용차관련사고처리중,127.013,37.3106
2025-04-18 22:00,고속도로,기점,(5차로)사고처리중,126.7543,37.4744
2025-04-19 00:00,고속도로,기점,(갓길)대형화물차화재사고처리중,127.4738,35.4735
2025-04-19 00:00,고속도로,종점,"(진출로1,2차로)사고처리중",127.1484,37.5104
2025-04-19 01:00,고속도로,종점,(갓길)승용차단독사고처리중,126.8442,35.1992
2025-04-19 01:00,고속도로,종점,"(진출로1,2차로)사고처리중",127.1484,37.5104
2025-04-19 01:00,고속도로,종점,(갓길)승용차단독사고처리중,126.9396,35.2078
2025-04-19 02:00,고속도로,종점,"(2차로,갓길)승용차관련사고처리중",126.5551,36.6088
2025-04-19 02:00,고속도로,기점,"(1,2,3,4차로)화물차관련사고처리중",128.3575,36.1198
2025-04-19 03:00,고속도로,기점,"(1,2차로)화물차관련사고처리중",128.3615,36.1067
2025-04-19 04:00,고속도로,종점,(갓길)화물차관련사고처리중,127.3479,36.708
2025-04-19 07:00,고속도로,기점,(5차로)화물차관련사고처리중,126.7503,37.5176
2025-04-19 08:00,고속도로,기점,영업소내부승용차고장처리중,127.1026,36.0819
2025-04-19 09:00,고속도로,기점,(1차로)승용차관련사고처리중,127.1731,37.5639
2025-04-19 10:00,고속도로,종점,(갓길)승용차관련사고처리중,128.3265,35.2826
2025-04-19 10:00,고속도로,기점,"(3차로,갓길)화물차승용차사고처리중",127.9848,36.211
2025-04-19 10:00,고속도로,기점,(1차로)승용차관련사고처리중,126.7477,37.5487
2025-04-19 10:00,고속도로,기점,(3차로)승용차추돌사고처리중,127.4622,36.3527
2025-04-19 10:00,고속도로,종점,(1차로)승용차사고처리중,127.3263,36.9785
2025-04-19 12:00,고속도로,종점,"(2,3차로)화물차관련사고처리중",126.9625,37.0391
2025-04-19 12:00,고속도로,기점,(4차로)화물차관련사고처리중,128.6451,35.9167
2025-04-19 12:00,고속도로,종점,(1차로)승용차관련사고처리중,126.879,37.325
2025-04-19 12:00,고속도로,종점,(1차로)승용차관련사고처리중,127.3242,36.9778
2025-04-19 13:00,고속도로,종점,"(2,3차로)화물차관련사고처리중",126.9625,37.0391
2025-04-19 14:00,고속도로,종점,(갓길)승용차관련사고처리중,126.8837,37.4265
2025-04-19 14:00,고속도로,종점,(1차로)승용차사고처리중,127.7235,37.0707
2025-04-19 15:00,고속도로,종점,(갓길)사고처리중,127.1234,37.4222
2025-04-19 15:00,고속도로,종점,(갓길)승용차관련사고처리중,126.8837,37.4265
2025-04-19 15:00,고속도로,기점,(1차로)승용차사고처리중,127.6945,37.7452
2025-04-19 16:00,고속도로,기점,(인천방향진입로)사고처리중,127.0514,37.2991
2025-04-19 16:00,고속도로,종점,(갓길)사고처리중,127.1719,37.5654
2025-04-19 17:00,고속도로,기점,"(1,2차로)승용차관련사고처리중",128.1054,35.1497
2025-04-19 17:00,고속도로,기점,(1차로)승용차관련사고처리중,127.3412,37.6347
2025-04-19 18:00,고속도로,종점,(갓길)승용차사고처리중,127.0184,35.2418
2025-04-19 18:00,고속도로,기점,(2차로)승용차사고처리중,126.7381,37.42
2025-04-19 19:00,고속도로,기점,(갓길)승용차관련사고처리중,128.6206,36.5903
2025-04-19 19:00,고속도로,종점,(진입로2차로)승용차관련사고처리중,127.1038,37.2642
2025-04-19 20:00,고속도로,종점,(2차로)대형버스관련사고처리중,127.8747,37.0696
2025-04-19 20:00,고속도로,종점,(1차로)승용차관련사고처리중,128.2449,37.868
2025-04-19 21:00,고속도로,종점,(2차로)대형버스관련사고처리중,127.8747,37.0696
2025-04-19 22:00,고속도로,종점,(2차로)대형버스관련사고처리중,127.8747,37.0696
2025-04-19 22:00,고속도로,기점,(갓길)사고처리중,126.7429,37.524
2025-04-20 00:00,고속도로,기점,(4차로)화물차관련사고처리중,126.7881,37.5231
2025-04-20 08:00,고속도로,종점,(갓길)승용차단독사고처리중,128.9797,35.933
2025-04-20 08:00,고속도로,기점,(4차로)승용차단독사고처리중,128.9166,35.2244
2025-04-20 09:00,고속도로,기점,(진입로갓길)승용차단독사고처리중,127.809,34.999
2025-04-20 11:00,고속도로,기점,(1차로)승용차관련사고처리중,128.6268,35.279
2025-04-20 11:00,고속도로,기점,(1차로)터널내사고확인중,127.433,36.2783
2025-04-20 13:00,고속도로,종점,(1차로)승용차관련사고처리중,126.892,37.416
2025-04-20 14:00,고속도로,기점,(갓길)승용차관련사고처리중,126.6953,37.4333
2025-04-20 14:00,고속도로,종점,(갓길)승용차관련사고처리중,126.8773,37.1551
2025-04-20 14:00,고속도로,종점,(1차로)승용차관련사고처리중,128.0495,36.7473
2025-04-20 15:00,고속도로,기점,(1차로)소형화물차사고처리중,127.0983,35.9326
2025-04-20 15:00,고속도로,기점,(갓길)승용차관련사고처리중,127.2402,37.5971
2025-04-20 16:00,고속도로,종점,"(2차로,갓길)승용차화재사고처리중",126.8169,36.6527
2025-04-20 16:00,고속도로,종점,"(1,2차로)승용차사고처리중",126.8773,37.4033
2025-04-20 17:00,고속도로,종점,"(1,2차로)승용차사고처리중",126.8773,37.4033
2025-04-20 18:00,고속도로,종점,(1차로진출2차로)사고처리중,126.7066,37.4337
2025-04-20 18:00,고속도로,기점,(1차로)승용차관련사고처리중,127.6104,36.4852
2025-04-20 18:00,고속도로,종점,(5차로)사고처리중,127.0096,37.3903
2025-04-20 19:00,고속도로,종점,(갓길)승용차사고처리중,127.8464,35.4687
2025-04-20 19:00,고속도로,종점,"(1차로,갓길)승용차관련사고처리중",128.4353,35.6701
2025-04-20 19:00,고속도로,기점,"(4,5차로)사고처리중",127.1036,37.3092
2025-04-20 19:00,고속도로,종점,(1차로)승용차사고처리중,126.7207,36.9018
2025-04-20 20:00,고속도로,종점,(2차로)승용차사고처리중,126.8493,36.9555
2025-04-20 20:00,고속도로,종점,(1차로)승용차관련사고처리중,127.5078,36.7872
2025-04-21 00:00,고속도로,기점,(1차로)단독사고처리중,127.1065,36.0095
2025-04-21 01:00,고속도로,기점,"(3,4차로,갓길)트레일러관련사고처리중",128.2114,35.1816
2025-04-21 02:00,고속도로,종점,(갓길)승용차사고처리중,127.4639,37.6502
2025-04-21 02:00,고속도로,기점,"(3,4차로,갓길)대형화물차관련사고처리중",128.2114,35.1816
2025-04-21 02:00,고속도로,기점,(진출로1차로)버스관련사고처리중,128.5317,35.8749
2025-04-21 03:00,고속도로,기점,(진출로1차로)버스관련사고처리중,128.5317,35.8749
2025-04-21 03:00,고속도로,기점,"(1,2차로)중형화물차사고처리중",126.7832,36.938
2025-04-21 04:00,고속도로,기점,"(1,2차로)중형화물차사고처리중",126.7832,36.938
2025-04-21 04:00,고속도로,종점,(갓길)승용단독사고처리중,128.37,35.7657
2025-04-21 06:00,고속도로,종점,(갓길)승용차단독사고처리중,128.3546,35.2922
2025-04-21 06:00,고속도로,기점,(1차로)승용차관련사고처리중,126.7472,37.4874
2025-04-21 07:00,고속도로,종점,(갓길)승용차사고처리중,126.9821,37.3204
2025-04-21 07:00,고속도로,종점,(1차로)승용차관련사고처리중,127.4241,36.6665
2025-04-21 08:00,고속도로,기점,(1차로)승용차관련사고처리완료,128.525,35.2466
2025-04-21 08:00,고속도로,기점,(진출로갓길)소형화물차사고처리중,128.5297,35.867
2025-04-21 08:00,고속도로,종점,"(1,2차로)화물차추돌사고처리중",128.4967,35.3769
2025-04-21 08:00,고속도로,종점,(1차로)승용차사고처리중,127.3312,36.3656
2025-04-21 09:00,고속도로,기점,"(1,2차로)승용차관련사고처리중",126.7203,37.5238
2025-04-21 10:00,고속도로,종점,(진출로2차로)화물차사고처리중,127.9345,35.6785
2025-04-21 11:00,고속도로,종점,(1차로)승용차관련사고처리중,126.8646,37.4344
2025-04-21 11:00,고속도로,종점,(진출로2차로)화물차사고처리중,127.9345,35.6785
2025-04-21 12:00,고속도로,기점,(갓길)승용차사고처리중,126.752,37.3881
2025-04-21 14:00,고속도로,기점,(1차로)화물차관련추돌사고처리중,127.5226,34.9027
2025-04-21 15:00,고속도로,기점,(갓길)승용차관련사고처리중,126.7808,37.3576
2025-04-21 15:00,고속도로,기점,(진출로갓길)승용차관련사고처리완료,128.6208,36.4363
2025-04-21 15:00,고속도로,종점,(1차로)승용차추돌사고처리중,128.5287,36.0297
2025-04-21 16:00,고속도로,종점,(1차로)승용차관련추돌사고처리중,127.6183,36.4789
2025-04-21 16:00,고속도로,종점,"(4,5차로)승용,화물차관련사고처리중",126.7543,37.5748
2025-04-21 18:00,고속도로,종점,(2차로)승용차단독사고처리중,127.8523,35.5796
2025-04-21 18:00,고속도로,기점,(1차로)사고처리중,127.2353,37.2478
2025-04-21 20:00,고속도로,기점,"(3차로,갓길)승용차,화물차사고처리중",126.874,37.1656
2025-04-22 06:00,고속도로,기점,(진입로1차로)승용차관련사고처리중,126.7599,37.5241
2025-04-22 06:00,고속도로,기점,(5차로)승용차관련사고처리중,126.7543,37.5748
2025-04-22 07:00,고속도로,기점,(5차로)승용차관련사고처리중,126.7543,37.5748
2025-04-22 08:00,고속도로,종점,(진출로갓길)화물차고장처리중,129.2581,35.4114
2025-04-22 08:00,고속도로,종점,(갓길)승용차단독사고처리중,128.6207,36.5145
2025-04-22 08:00,고속도로,기점,"(2차로,갓길)화물차관련사고처리중",128.759,35.2503
2025-04-22 09:00,고속도로,기점,(갓길)승용차단독사고처리중,127.4954,37.6694
2025-04-22 09:00,고속도로,종점,"(3차로,갓길)승용차사고처리중",126.8992,37.3018
2025-04-22 09:00,고속도로,기점,"(4차로,갓길)화물차관련사고처리중",128.759,35.2503
2025-04-22 09:00,고속도로,종점,(진출로)화물차관련사고처리중,127.1892,36.8969
2025-04-22 09:00,고속도로,기점,(2차로)승용차사고처리중,129.2191,35.2704
2025-04-22 10:00,고속도로,종점,(진입로4차로)추돌사고처리중,127.1003,37.3992
2025-04-22 10:00,고속도로,종점,(1차로)승용차단독사고처리중,128.3762,35.2908
2025-04-22 10:00,고속도로,종점,"(2차로,갓길)승용차사고처리중",126.7752,36.1952
2025-04-22 10:00,고속도로,기점,"(2,3,4차로)화물차관련사고처리중",128.9951,35.2854
2025-04-22 10:00,고속도로,기점,"(4차로,갓길)화물차관련사고처리중",128.759,35.2503
2025-04-22 10:00,고속도로,종점,"(3,4차로)추돌사고처리중",127.1828,37.5418
2025-04-22 10:00,고속도로,종점,(갓길)승용차사고처리중,126.8773,37.4033
2025-04-22 11:00,고속도로,종점,"(진출로갓길)승용,화물차관련사고처리중",126.7487,37.5442
2025-04-22 11:00,고속도로,기점,"(3,4차로)승용,화물차관련사고처리중",126.8922,37.3707
2025-04-22 11:00,고속도로,기점,(1차로)소형화물차단독사고처리중,127.5815,36.5074
2025-04-22 12:00,고속도로,종점,(1차로)사고처리중,127.2148,36.1588
2025-04-22 12:00,고속도로,기점,(1차로)소형화물차단독사고처리중,127.5815,36.5074
2025-04-22 12:00,고속도로,기점,(1차로)낙하물사고처리중,127.1226,36.4921
2025-04-22 13:00,고속도로,기점,(2차로)승용차관련사고처리중,127.8408,37.759
2025-04-22 13:00,고속도로,기점,(1차로)승용차관련추돌사고처리중,127.9448,37.3167
2025-04-22 13:00,고속도로,기점,"(2차로,갓길)대형화물차관련추돌사고처리중",127.6451,36.474
2025-04-22 14:00,고속도로,종점,(2차로)승용차관련추돌사고처리중,127.6615,34.9707
2025-04-22 14:00,고속도로,기점,"(1차로,갓길)승용차관련사고처리중",128.5105,35.2834
2025-04-22 14:00,고속도로,기점,(1차로)승용차관련추돌사고처리완료,127.9448,37.3167
2025-04-22 14:00,고속도로,종점,(갓길)승용차단독사고처리중,127.4015,34.844
2025-04-22 14:00,고속도로,종점,"(2,3차로)승용차관련사고처리중",128.9646,35.2201
2025-04-22 14:00,고속도로,종점,"(1,2차로)추돌사고처리중",127.1037,37.2822
2025-04-22 14:00,고속도로,기점,(3차로)승용차단독사고처리중,127.4388,37.1487
2025-04-22 14:00,고속도로,종점,"(5,6차로)사고처리중",127.1707,37.5669
2025-04-22 14:00,고속도로,기점,"(2차로,갓길)대형화물차관련추돌사고처리중",127.6451,36.474
2025-04-22 15:00,고속도로,기점,(갓길)승용차관련사고처리중,126.4823,34.8589
2025-04-22 15:00,고속도로,종점,"(5,6차로)사고처리중",127.1707,37.5669
2025-04-22 15:00,고속도로,기점,"(4차로)승용차,화물차관련사고처리중",126.7484,37.5451
2025-04-22 15:00,고속도로,기점,(1차로)승용차단독사고처리중,129.207,35.2171
2025-04-22 15:00,고속도로,종점,(1차로)화물차관련사고처리중,126.8911,37.3705
2025-04-22 15:00,고속도로,기점,(2차로)승용차관련사고처리중,128.2826,36.3752
2025-04-22 19:00,고속도로,종점,(5차로)승용차관련사고처리완료,128.5196,35.8283
2025-04-22 19:00,고속도로,종점,(영업소하이패스차로)승용차단독사고처리중,127.1512,35.8986
2025-04-22 19:00,고속도로,기점,(진입로갓길)소형화물차단독사고처리중,128.5799,35.9089
2025-04-22 20:00,고속도로,기점,(1차로)화물차관련사고처리중,127.0578,35.8921
2025-04-22 22:00,고속도로,종점,"(1,2차로)승용차사고처리중",126.5572,36.662
2025-04-22 23:00,고속도로,종점,"(1,2차로)승용차사고처리중",126.5572,36.662
2025-04-22 23:00,고속도로,종점,"(3,4차로)승용차관련사고처리중",128.4974,35.8962
2025-04-23 00:00,고속도로,종점,(갓길)승용차단독사고처리중,128.9489,35.1565
2025-04-23 00:00,고속도로,종점,(1차로)승용차사고처리중,126.5572,36.662
2025-04-23 01:00,고속도로,종점,(1차로)승용차사고처리중,126.5572,36.662
2025-04-23 02:00,고속도로,종점,(갓길)화물차화재사고처리중,129.0631,35.4141
2025-04-23 08:00,고속도로,기점,(1차로)사고처리중,127.0052,37.0245
2025-04-23 08:00,고속도로,기점,(진출로갓길)화물단독사고처리중,127.0537,35.8746
2025-04-23 08:00,고속도로,종점,"(4차로,갓길)대형화물차관련사고처리중",129.0454,35.3622
2025-04-23 09:00,고속도로,종점,"(2차로,갓길)대형화물차관련사고처리중",128.2337,36.3545
2025-04-23 09:00,고속도로,종점,(1차로)화물차관련사고처리중,127.9219,37.3319
2025-04-23 09:00,고속도로,기점,(1차로)승용차관련추돌사고처리중,126.7212,35.1105
2025-04-23 09:00,고속도로,기점,(1차로)사고처리중,126.9071,37.3226
2025-04-23 09:00,고속도로,기점,(진출로갓길)화물단독사고처리중,127.0537,35.8746
2025-04-23 10:00,고속도로,종점,"(1,2차로)승용차관련사고처리중",126.6455,36.8613
2025-04-23 11:00,고속도로,기점,(1차로)사고처리중,126.9752,37.029
2025-04-23 11:00,고속도로,종점,(1차로)승용차단독사고처리중,128.0187,37.2664
2025-04-23 11:00,고속도로,기점,(갓길)화물차관련사고처리중,127.9407,35.054
2025-04-23 11:00,고속도로,종점,"(1차로,갓길)대형화물차관련사고처리중",126.8854,34.6973
2025-04-23 12:00,고속도로,기점,(1차로)승용차관련사고처리중,127.4201,36.6047
2025-04-23 12:00,고속도로,종점,(1차로)사고처리중,127.1951,37.2637
2025-04-23 12:00,고속도로,기점,(갓길)추돌사고처리중,127.3555,37.3089
2025-04-23 13:00,고속도로,기점,"(2,3차로,진입1차로)화물차관련사고처리중",127.2203,37.3396
2025-04-23 14:00,고속도로,기점,"(2,3차로,진입1차로)화물차관련사고처리중",127.2203,37.3396
2025-04-23 14:00,고속도로,종점,(갓길)화물차관련사고처리중,128.2427,35.949
2025-04-23 14:00,고속도로,종점,(갓길)승용차단독사고처리중,127.439,37.1451
2025-04-23 15:00,고속도로,기점,"(4차로)승용차,화물차관련사고처리중",126.7113,37.5237
2025-04-23 15:00,고속도로,기점,"(3,4차로)화물차관련사고처리중",127.4319,36.5509
2025-04-23 15:00,고속도로,기점,"(2,3차로,진입1차로)화물차관련사고처리중",127.2203,37.3396
2025-04-23 16:00,고속도로,기점,(진입로1차로)화물차관련사고처리중,127.2203,37.3396
2025-04-23 16:00,고속도로,기점,"(3,4차로)화물차관련사고처리중",127.4319,36.5509
2025-04-23 17:00,고속도로,기점,"(3,4차로)화물차관련사고처리중 정체극심",127.4319,36.5509
2025-04-23 18:00,고속도로,기점,(2차로)승용차관련사고처리중,127.1587,36.9842
2025-04-23 18:00,고속도로,기점,(1차로)사고처리중,127.232,37.2483
2025-04-23 22:00,고속도로,기점,(2차로)화물차관련사고처리중,127.476,36.8975
2025-04-23 22:00,고속도로,기점,(갓길)승용차사고처리중,128.6423,36.5495
2025-04-24 05:00,고속도로,종점,"(4,5차로)사고처리중",126.7512,37.5221
2025-04-24 08:00,고속도로,종점,(확인중)사고확인중,127.1951,37.2637
2025-04-24 08:00,고속도로,종점,(2차로)화물차추돌사고처리중,126.8282,35.2161
2025-04-24 09:00,고속도로,종점,(갓길)승용차관련사고처리중,127.368,36.2864
2025-04-24 09:00,고속도로,기점,(1차로)추돌사고처리중,127.3265,35.5924
2025-04-24 10:00,고속도로,종점,(2차로)사고처리중,126.8945,37.4219
2025-04-24 10:00,고속도로,기점,(갓길)화물차관련사고처리중,127.4872,36.3456
2025-04-24 10:00,고속도로,종점,"(갓길)승용차,화물차관련사고처리중",126.9033,37.3722
2025-04-24 11:00,고속도로,기점,"(2,3차로)화물차관련사고처리중",127.4872,36.3456
2025-04-24 11:00,고속도로,기점,(3차로)승용차관련사고처리중,128.9893,35.2176
2025-04-24 12:00,고속도로,종점,(진출로1차로)화물차관련사고처리중,127.4809,36.3346
2025-04-24 12:00,고속도로,기점,(3차로)화물차관련사고처리중,127.4872,36.3456
2025-04-24 12:00,고속도로,기점,(1차로)사고처리중,127.1662,37.5721
2025-04-24 13:00,고속도로,종점,(2차로)화물차관련사고처리중,126.8558,37.381
2025-04-24 13:00,고속도로,기점,(1차로)승용차관련사고처리중,129.1349,35.5641
2025-04-24 15:00,고속도로,기점,(갓길)화물차관련사고처리중,128.8015,37.8805
2025-04-24 16:00,고속도로,기점,(진출로2차로)승용차관련사고처리중,127.1038,37.2642
2025-04-24 16:00,고속도로,기점,(1차로)승용차사고처리중,127.4089,36.959
2025-04-24 17:00,고속도로,기점,(1차로)승용차관련사고처리중,128.5195,36.0398
2025-04-24 18:00,고속도로,종점,(3차로)승용차관련사고처리중,128.5891,35.2487
2025-04-24 18:00,고속도로,종점,(진입로1차로)사고처리중,126.7998,37.6189
2025-04-24 21:00,고속도로,종점,(1차로)화물차단독사고처리중,128.5027,35.4358
2025-04-24 23:00,고속도로,기점,(갓길)승용차관련사고처리중,129.2211,35.2736
2025-04-24 23:00,고속도로,종점,(3차로)승용차사고처리중,126.8131,37.3504
2025-04-25 00:00,고속도로,종점,(3차로)승용차사고처리중,126.8131,37.3504
2025-04-25 05:00,고속도로,종점,(갓길)화물차화재사고처리중,127.1003,37.3992
2025-04-25 06:00,고속도로,종점,"(제1순환선진출로1,2차로)화물차화재사고처리중",127.1003,37.3992
2025-04-25 06:00,고속도로,종점,(3차로)승용차단독사고처리중,128.9762,35.1994
2025-04-25 07:00,고속도로,종점,"(제1순환선진출로1,2차로)화물차화재사고처리중",127.1003,37.3992
2025-04-25 08:00,고속도로,종점,(4차로)사고처리중,126.9608,37.3238
2025-04-25 09:00,고속도로,종점,(갓길)화물차단독사고처리중,129.2754,35.4306
2025-04-25 10:00,고속도로,종점,(갓길)화물차단독사고처리중,129.2754,35.4306
2025-04-25 11:00,고속도로,기점,(1차로)승용차단독사고처리중,129.237,35.3283
2025-04-25 11:00,고속도로,기점,(갓길)승용차관련사고처리중,128.6068,35.2862
2025-04-25 12:00,고속도로,기점,서대구영업소하이패스차로승용차관련사고처리중,128.5269,35.8839
2025-04-25 13:00,고속도로,종점,"(5차로,갓길)화물차관련사고처리중",127.1408,37.0286
2025-04-25 13:00,고속도로,기점,"(2,3차로)화물차화재사고처리중",129.1929,35.7186
2025-04-25 14:00,고속도로,기점,(3차로)화물차화재사고처리중,129.1929,35.7186
2025-04-25 14:00,고속도로,종점,(갓길)사고처리중,126.9005,37.2853
2025-04-25 14:00,고속도로,종점,(1차로)승용차관련사고처리중,127.9861,36.7633
2025-04-25 15:00,고속도로,종점,(갓길)사고처리완료,126.9023,37.2941
2025-04-25 15:00,고속도로,종점,(1차로)승용차관련사고처리완료,127.9255,35.0538
2025-04-25 15:00,고속도로,기점,(갓길)승용차관련사고처리중,126.8722,37.1907
2025-04-25 15:00,고속도로,기점,(3차로)화물차화재사고처리중,129.1929,35.7186
2025-04-25 15:00,고속도로,종점,(1차로)승용차관련사고처리중,126.8743,37.337
2025-04-25 16:00,고속도로,기점,(1차로)승용차관련사고처리중,128.4584,35.6063
2025-04-25 17:00,고속도로,종점,(1차로)승용차관련사고처리중,127.6418,36.4742
2025-04-25 17:00,고속도로,종점,(1차로)승용차사고처리중,127.3884,36.4121
2025-04-25 18:00,고속도로,종점,(1차로)승용차관련사고처리중,127.057,37.396
2025-04-25 18:00,고속도로,기점,(갓길)화물차관련사고처리중,128.5269,35.2837
2025-04-25 18:00,고속도로,기점,(1차로)승용차관련사고처리중,128.5022,35.3058
2025-04-25 18:00,고속도로,종점,(갓길)승용차관련추돌사고처리중,126.5723,35.0627
2025-04-25 19:00,고속도로,종점,(1차로)승용차관련사고처리중,127.5743,36.5098
2025-04-25 19:00,고속도로,기점,"(3,4차로)화물차관련사고처리중",126.7672,37.3749
2025-04-25 19:00,고속도로,종점,(갓길)승용차관련추돌사고처리중,126.915,35.1829
2025-04-25 19:00,고속도로,종점,(갓길)승용차관련사고처리중,128.7187,35.8763
2025-04-25 19:00,고속도로,종점,(갓길)승용차사고처리중,126.9144,36.5895
2025-04-25 19:00,고속도로,종점,(2차로)승용차관련사고처리중,127.053,37.4495
2025-04-25 20:00,고속도로,종점,(2차로)승용차관련사고처리중,127.053,37.4495
2025-04-25 21:00,고속도로,기점,"(1,2차로)승용차관련사고처리중",127.0087,37.3898
2025-04-25 22:00,고속도로,종점,(진입로갓길)사고처리중,126.8046,37.6359
2025-04-25 23:00,고속도로,종점,(진입로갓길)사고처리중,126.8046,37.6359
2025-04-25 23:00,고속도로,종점,"(4차로,갓길)사고처리중",126.7033,37.5236
2025-04-26 00:00,고속도로,종점,(진입로갓길)사고처리중,126.8046,37.6359
2025-04-26 03:00,고속도로,기점,(갓길)화물차사고처리중,127.3721,36.6555
2025-04-26 04:00,고속도로,기점,(갓길)화물차사고처리중,127.3721,36.6555
2025-04-26 07:00,고속도로,기점,"(3,4차로)승용차관련사고처리중",126.8935,37.2691
2025-04-26 10:00,고속도로,종점,(4차로)승용차관련사고처리중,127.027,37.3929
2025-04-26 10:00,고속도로,종점,(1차로)사고처리중,126.9256,37.3751
2025-04-26 10:00,고속도로,기점,(1차로)사고처리중,126.9181,37.3244
2025-04-26 11:00,고속도로,기점,(2차로)승용차관련사고처리중,126.8722,37.1907
2025-04-26 11:00,고속도로,종점,(갓길)승용차관련사고처리중,126.8932,37.3104
2025-04-26 11:00,고속도로,기점,(1차로)승용차관련사고처리완료,128.5799,35.9089
2025-04-26 13:00,고속도로,종점,(1차로)승용차관련사고처리중,127.8476,37.7594
2025-04-26 13:00,고속도로,종점,(2차로)승용차관련사고처리중,127.1033,37.3543
2025-04-26 14:00,고속도로,종점,"(1차로,갓길)승용차관련사고처리중",127.8464,37.7594
2025-04-26 14:00,고속도로,기점,(1차로)승용차관련사고처리중,128.0624,37.7554
2025-04-26 14:00,고속도로,종점,(1차로)승용차사고처리중,127.5078,36.7872
2025-04-26 14:00,고속도로,기점,"(진출로4차로,갓길)승용차관련사고처리중",128.7635,35.2353
2025-04-26 14:00,고속도로,종점,(1차로)승용차관련사고처리중,127.6128,37.1877
2025-04-26 15:00,고속도로,기점,(갓길)사고처리중,126.9071,37.3226
2025-04-26 15:00,고속도로,종점,(갓길)사고처리중,126.89,37.4246
2025-04-26 15:00,고속도로,종점,(2차로)사고처리중,126.8974,37.4325
2025-04-26 15:00,고속도로,기점,(갓길)승용차사고처리중,128.2919,36.9961
2025-04-26 16:00,고속도로,종점,"(1,2차로)승용차,버스관련사고처리중",127.1884,36.878
2025-04-26 16:00,고속도로,종점,(3차로)승용차관련사고처리중,128.4703,35.2714
2025-04-26 16:00,고속도로,기점,(1차로)버스사고처리중,127.1162,37.1063
2025-04-26 17:00,고속도로,기점,(5차로)사고처리중,127.1431,37.0198
2025-04-26 17:00,고속도로,종점,(1차로)승용차관련사고처리중,128.387,35.2893
2025-04-26 17:00,고속도로,기점,(갓길)승용차관련사고처리중,126.8854,37.3296
2025-04-26 17:00,고속도로,기점,(1차로)승용차관련사고처리중,128.5221,36.0369
2025-04-26 17:00,고속도로,기점,(1차로)승용차단독사고처리중,128.5269,35.8839
2025-04-26 17:00,고속도로,기점,(1차로)버스사고처리중,127.1122,37.1148
2025-04-26 18:00,고속도로,기점,"(1,2차로)버스사고처리중",127.1122,37.1148
2025-04-26 18:00,고속도로,기점,(1차로)승용차관련사고처리중,128.6068,35.2862
2025-04-26 19:00,고속도로,종점,(진출로갓길)북대전영업소출구부승용차사고처리중,127.3783,36.4095
2025-04-26 19:00,고속도로,양방향,동홍천IC   양양TG 구간 양방향 전면차단중,128.314562,37.935093
2025-04-26 20:00,고속도로,양방향,동홍천IC   양양TG 구간 양방향 전면차단중,128.314562,37.935093
2025-04-26 21:00,고속도로,양방향,동홍천IC   양양TG 구간 양방향 전면차단중,128.314562,37.935093
2025-04-26 22:00,고속도로,양방향,동홍천IC   양양TG 구간 양방향 전면차단중,128.314562,37.935093
2025-04-26 23:00,고속도로,양양방향,동홍천IC 양양분기점 구간 차단,128.279393,37.9079
2025-04-26 23:00,고속도로,서울방향,양양분기점 인제IC 구간 차단,128.298469,37.918523
2025-04-27 00:00,고속도로,서울방향,양양분기점 인제IC 구간 차단,128.298469,37.918523
2025-04-27 00:00,고속도로,양양방향,동홍천IC 양양분기점 구간 차단,128.279393,37.9079
2025-04-27 01:00,고속도로,양양방향,동홍천IC 양양분기점 구간 차단,128.279393,37.9079
2025-04-27 01:00,고속도로,서울방향,양양분기점 인제IC 구간 차단,128.298469,37.918523
2025-04-27 02:00,고속도로,기점,(2차로)승용차단독사고처리중,128.9678,35.2721
2025-04-27 02:00,고속도로,양양방향,동홍천IC 양양분기점 구간 차단,128.279393,37.9079
2025-04-27 02:00,고속도로,서울방향,양양분기점 인제IC 구간 차단,128.298469,37.918523
2025-04-27 03:00,고속도로,서울방향,양양분기점 인제IC 구간 차단,128.298469,37.918523
2025-04-27 03:00,고속도로,양양방향,동홍천IC 양양분기점 구간 차단,128.279393,37.9079
2025-04-27 04:00,고속도로,양양방향,동홍천IC 양양분기점 구간 차단,128.279393,37.9079
2025-04-27 04:00,고속도로,서울방향,양양분기점 인제IC 구간 차단,128.298469,37.918523
2025-04-27 05:00,고속도로,기점,"(3,4차로)승용차관련사고처리중",126.7525,37.5659
2025-04-27 05:00,고속도로,양양방향,동홍천IC 양양분기점 구간 차단,128.279393,37.9079
2025-04-27 05:00,고속도로,서울방향,양양분기점 인제IC 구간 차단,128.298469,37.918523
2025-04-27 06:00,고속도로,기점,(갓길)승용차관련사고처리중,126.7525,37.5659
2025-04-27 06:00,고속도로,양양방향,동홍천IC 양양분기점 구간 차단,128.279393,37.9079
2025-04-27 06:00,고속도로,서울방향,양양분기점 인제IC 구간 차단,128.298469,37.918523
2025-04-27 07:00,고속도로,서울방향,양양분기점 인제IC 구간 차단,128.298469,37.918523
2025-04-27 07:00,고속도로,양양방향,동홍천IC 양양분기점 구간 차단,128.279393,37.9079
2025-04-27 07:00,고속도로,종점,(1차로)승용차사고처리중,126.9694,36.3827
2025-04-27 08:00,고속도로,기점,(5차로)사고처리중,127.1035,37.3273
2025-04-27 08:00,고속도로,서울방향,양양분기점 인제IC 구간 차단,128.298469,37.918523
2025-04-27 08:00,고속도로,양양방향,동홍천IC 양양분기점 구간 차단,128.279393,37.9079
2025-04-27 10:00,고속도로,종점,(서울방향진출로갓길)사고처리중,126.89,37.4246
2025-04-27 11:00,고속도로,기점,(갓길)사고처리중,126.7066,37.4337
2025-04-27 14:00,고속도로,종점,(갓길)사고처리중,126.7429,37.524
2025-04-27 19:00,고속도로,종점,(갓길)승용차화재사고처리중,127.3728,36.6685
2025-04-27 20:00,고속도로,종점,"(2차로,갓길)중형화물차화재사고처리중",126.494,34.9868
2025-04-27 20:00,고속도로,기점,(진출로1차로)승용차관련사고처리중,129.1,35.2536
2025-04-27 21:00,고속도로,종점,"(2차로,갓길)중형화물차화재사고처리중",126.494,34.9868
2025-04-27 22:00,고속도로,종점,(2차로)승용차관련사고처리중,126.6815,35.4923
2025-04-27 23:00,고속도로,종점,(1차로)승용차사고처리중,127.3472,37.315
2025-04-28 00:00,고속도로,기점,(3차로)사고처리중,127.1038,37.2642
2025-04-28 02:00,고속도로,기점,(양산방향진출로갓길)화물차단독사고처리중,129.093,35.292
2025-04-28 03:00,고속도로,기점,(양산방향진출로갓길)화물차단독사고처리중,129.093,35.292
2025-04-28 04:00,고속도로,기점,(양산방향진출로갓길)화물차단독사고처리중,129.093,35.292
2025-04-28 05:00,고속도로,기점,(3차로)승용차사고처리중,126.8814,37.3327
2025-04-28 07:00,고속도로,종점,(1차로)승용차관련사고처리중,127.8306,37.758
2025-04-28 08:00,고속도로,기점,(3차로)사고처리중,126.9608,37.3238
2025-04-28 08:00,고속도로,종점,(1차로)승용차사고처리중,127.77,37.7781
2025-04-28 08:00,고속도로,기점,(1차로)사고처리중,127.0353,37.0255
2025-04-28 08:00,고속도로,기점,"(1,2차로)사고처리중",126.9709,37.32
2025-04-28 09:00,고속도로,종점,"(1,2,3차로)화물차사고처리중 서산IC이용국도우회바람",126.5816,36.8202
2025-04-28 09:00,고속도로,종점,"(2,3차로)승용차관련사고처리중",127.2037,37.38
2025-04-28 09:00,고속도로,기점,(갓길)사고처리중,127.0074,37.0247
2025-04-28 10:02,고속도로,기점,(4차로)승용차사고처리중,126.7379,37.429
2025-04-28 10:02,고속도로,종점,(갓길)승용차관련사고처리중,127.2037,37.38
2025-04-28 10:02,고속도로,종점,"(1,2차로)화물차사고처리중 서산IC이용국도우회바람",126.5816,36.8202
2025-04-28 11:00,고속도로,종점,"(1,2차로)화물차사고처리중",126.5816,36.8202
2025-04-28 11:00,고속도로,기점,(1차로)승용차관련사고처리중,128.6403,35.2752
2025-04-28 11:00,고속도로,기점,사고처리중전면차단중,127.1552,35.897
2025-04-28 11:00,고속도로,기점,(2차로)사고처리중,126.8503,37.3475
2025-04-28 11:00,고속도로,기점,(갓길)승용차사고처리중,126.7379,37.429
2025-04-28 12:00,고속도로,기점,(갓길)승용차관련사고처리중,127.1162,37.1063
2025-04-28 12:00,고속도로,기점,(2차로)5톤집게차사고처리중,127.1552,35.897
2025-04-28 12:00,고속도로,종점,"(1,2차로)승용차관련사고처리중",127.4436,37.199
2025-04-28 12:00,고속도로,종점,"(1,2차로)화물차사고처리중",126.5816,36.8202
2025-04-28 14:00,고속도로,기점,(진출로1차로)승용차단독사고처리중,126.9293,35.1921
2025-04-28 14:00,고속도로,종점,(갓길)사고처리중,126.9608,37.3238
2025-04-28 14:00,고속도로,기점,(1차로)소형화물차사고처리중,128.5316,37.6453
2025-04-28 14:00,고속도로,종점,"(3,4차로)화물차사고처리중",127.1758,36.842
2025-04-28 15:00,고속도로,종점,(1차로)승용차사고처리중,126.9005,37.2853
2025-04-28 16:00,고속도로,종점,"(1,2차로)화물차단독사고처리중",129.0448,35.3286
2025-04-28 16:00,고속도로,종점,"(1,2,3,4차로)화물차관련사고처리중",127.4325,36.5563
2025-04-28 16:00,고속도로,종점,(갓길)승용단독사고처리중,126.7258,36.0831
2025-04-28 16:00,고속도로,종점,(갓길)승용차사고처리중,126.9005,37.2853
2025-04-28 17:00,고속도로,종점,(1차로)승용차관련사고처리중,129.0234,35.2759
2025-04-28 17:00,고속도로,종점,(6차로)성남요금소광장사고처리중,127.1233,37.4349
2025-04-28 17:00,고속도로,종점,(6차로)화물하이패스차로사고처리중,127.1567,37.5906
2025-04-28 18:00,고속도로,기점,(1차로)승용차관련추돌사고처리중,128.5472,36.0073
2025-04-28 18:00,고속도로,종점,(6차로)화물하이패스차로사고처리중,127.1567,37.5906
2025-04-28 18:00,고속도로,종점,(6차로)성남요금소광장사고처리중,127.1233,37.4349
2025-04-28 18:00,고속도로,종점,"(갓길)승용차,화물차사고처리중",126.8138,37.5223
2025-04-28 18:00,고속도로,기점,"(3차로,갓길)중형화물차화재사고처리중",127.407,36.6069
2025-04-28 19:00,고속도로,양방향,북대구IC  부근 산불로 인해 진출입로 차단,128.581088,35.909882
2025-04-28 20:00,고속도로,양방향,북대구IC  부근 산불로 인해 진출입로 차단,128.581088,35.909882
2025-04-28 21:00,고속도로,종점,"(1,2,3차로)승용차관련사고처리중",128.5704,35.241
2025-04-28 21:00,고속도로,종점,(진출로분리대)단독사고처리중,127.2046,37.2588
2025-04-28 21:00,고속도로,양방향,북대구IC  부근 산불로 인해 진출입로 차단,128.581088,35.909882
2025-04-28 22:00,고속도로,종점,(진출로1차로)단독사고처리중,127.2046,37.2588
2025-04-28 22:00,고속도로,양방향,북대구IC  부근 산불로 인해 진출입로 차단,128.581088,35.909882
2025-04-28 23:00,고속도로,양방향,북대구IC  부근 산불로 인해 진출입로 차단,128.581088,35.909882
2025-04-28 23:00,고속도로,종점,(4차로)화물차관련사고처리중,127.3817,36.6305
2025-04-28 23:00,고속도로,기점,(갓길)승용차단독사고처리중,128.7532,35.2946
2025-04-29 00:00,고속도로,기점,(진출로1차로)승용차단독사고처리중,128.7983,35.2208
2025-04-29 00:00,고속도로,종점,(4차로)화물차관련사고처리중,127.3817,36.6305
2025-04-29 00:00,고속도로,양방향,북대구IC  부근 산불로 인해 진출입로 차단,128.581088,35.909882
2025-04-29 01:00,고속도로,기점,(갓길)화물차관련사고처리중,128.5042,35.4382
2025-04-29 01:00,고속도로,양방향,북대구IC  부근 산불로 인해 진출입로 차단,128.581088,35.909882
2025-04-29 02:00,고속도로,양방향,북대구IC  부근 산불로 인해 진출입로 차단,128.581088,35.909882
2025-04-29 02:00,고속도로,기점,(갓길)화물차관련사고처리중,128.5042,35.4382
2025-04-29 02:00,고속도로,기점,(5차로)사고처리중,127.136,37.0553
2025-04-29 03:00,고속도로,양방향,북대구IC  부근 산불로 인해 진출입로 차단,128.581088,35.909882
2025-04-29 04:00,고속도로,양방향,북대구IC  부근 산불로 인해 진출입로 차단,128.581088,35.909882
2025-04-29 05:00,고속도로,기점,"(진출로1,2차로)화물차관련사고처리중",126.7379,37.429
2025-04-29 05:00,고속도로,양방향,북대구IC  부근 산불로 인해 진출입로 차단,128.581088,35.909882
2025-04-29 06:00,고속도로,양방향,북대구IC  부근 산불로 인해 진출입로 차단,128.581088,35.909882
2025-04-29 06:00,고속도로,기점,"(진출로1,2차로)화물차관련사고처리중",126.7379,37.429
2025-04-29 07:00,고속도로,기점,(진출로갓길)화물차관련사고처리중,126.7379,37.429
2025-04-29 07:00,고속도로,양방향,북대구IC  부근 산불로 인해 진출입로 차단,128.581088,35.909882
2025-05-01 02:00,고속도로,기점,(1차로)승용차관련사고처리중,128.1852,36.5047
2025-05-01 03:00,고속도로,종점,(1차로)승용차사고처리중,127.9709,36.8086
2025-05-01 03:00,고속도로,종점,"(1,2차로,갓길)화물차관련사고처리중",127.5793,37.2791
2025-05-01 06:00,고속도로,종점,(갓길)소형화물차단독사고처리중,127.467,36.3127
2025-05-01 11:00,고속도로,종점,(3차로)사고처리중,127.2425,37.3034
2025-05-01 11:00,고속도로,기점,"(갓길)승용차,화물차관련사고처리중",126.8708,37.214
2025-05-01 11:00,고속도로,종점,(갓길)승용차단독사고처리중,126.9694,35.2476
2025-05-01 12:00,고속도로,종점,(갓길)승용차단독사고처리중,126.9694,35.2476
2025-05-01 12:00,고속도로,종점,"(1,2차로)승용차단독사고처리중",128.9775,35.1979
2025-05-01 12:00,고속도로,종점,(갓길)사고처리중,126.8929,37.2683
2025-05-01 12:00,고속도로,종점,(1차로)승용차관련사고처리중,127.2799,35.054
2025-05-01 12:00,고속도로,종점,(3차로)사고처리중,127.2425,37.3034
2025-05-01 12:00,고속도로,종점,(1차로)승용차관련사고처리중,127.7181,37.0918
2025-05-01 12:00,고속도로,기점,(4차로)사고처리중,127.1038,35.9625
2025-05-01 13:00,고속도로,기점,(갓길)승용차관련사고처리중,126.8542,37.3899
2025-05-01 13:00,고속도로,종점,"(4,5차로)승용차관련사고처리중",127.1856,36.951
2025-05-01 13:00,고속도로,종점,(1차로)승용차단독사고처리중,127.2799,35.054
2025-05-01 13:00,고속도로,기점,(1차로)사고확인중,126.8034,35.4282
2025-05-01 13:00,고속도로,종점,(1차로)소형화물차사고처리중,127.4273,36.5821
2025-05-01 13:00,고속도로,종점,"(1,2차로)화물차관련사고처리중",127.0707,37.2948
2025-05-01 13:00,고속도로,종점,(갓길)승용차사고처리중,127.1541,37.513
2025-05-01 14:00,고속도로,종점,(1차로)승용차단독사고처리중,126.6973,35.1024
2025-05-01 14:00,고속도로,종점,"(2차로,갓길)화물차관련사고처리중",126.8283,35.3066
2025-05-01 14:00,고속도로,기점,(1차로)승용차관련사고확인중,126.8034,35.4282
2025-05-01 14:00,고속도로,종점,(1차로)사고처리중,127.4131,37.2409
2025-05-01 14:00,고속도로,종점,(1차로)사고처리중,127.0481,35.8482
2025-05-01 14:00,고속도로,종점,(1차로)소형화물차사고처리중,127.4273,36.5821
2025-05-01 14:00,고속도로,종점,(갓길)승용차사고처리중,127.1541,37.513
2025-05-01 14:00,고속도로,종점,(1차로)승용차단독사고처리중,127.4917,36.8264
2025-05-01 14:00,고속도로,기점,(갓길)승용차단독사고처리중,127.5447,34.9916
2025-05-01 15:00,고속도로,기점,(1차로)승용차관련사고처리중,127.6061,37.7296
2025-05-01 15:00,고속도로,기점,"(2차로,갓길)사고처리중",127.6594,35.932
2025-05-01 15:00,고속도로,종점,(1차로)소형화물차사고처리중,127.4273,36.5821
2025-05-01 15:00,고속도로,종점,"(1,2차로)승용차단독화재사고처리중.서전주나들목이용우회바람",127.0481,35.8482
2025-05-01 15:00,고속도로,종점,(1차로)승용차관련추돌사고처리중,127.5213,35.0087
2025-05-01 15:00,고속도로,종점,(갓길)승용차관련사고처리중,128.4548,37.6062
2025-05-01 15:00,고속도로,종점,"(3차로,갓길)승용차관련사고처리중",127.3026,37.0451
2025-05-01 15:00,고속도로,종점,(1차로)승용차단독사고처리중,126.6973,35.1024
2025-05-01 16:00,고속도로,기점,(갓길)승용차단독사고처리중,127.9684,35.7089
2025-05-01 16:00,고속도로,기점,"(1차로,갓길)중형화물차관련사고처리중",127.4452,35.2152
2025-05-01 16:00,고속도로,종점,(진출로1차로)승용차사고처리중,126.7066,37.4337
2025-05-01 16:00,고속도로,기점,(갓길)화물차관련사고처리중,128.3543,36.1233
2025-05-01 16:00,고속도로,종점,"(1,2차로)전기차단독화재사고처리중.서전주나들목이용우회바람",127.0481,35.8482
2025-05-01 17:00,고속도로,종점,"(1,2차로)전기차단독화재사고처리중.서전주나들목이용우회바람",127.0481,35.8482
2025-05-01 18:00,고속도로,기점,(갓길)승용차단독사고처리중,129.1345,35.5836
2025-05-01 18:00,고속도로,종점,(갓길)승용차관련추돌사고처리중,127.0259,35.8073
2025-05-01 18:00,고속도로,종점,"(1,2차로)전기차단독화재사고처리중",127.0481,35.8482
2025-05-01 18:00,고속도로,종점,(1차로)대형버스사고처리중,127.8363,37.0241
2025-05-01 18:00,고속도로,기점,(1차로)사고처리완료,126.7543,37.4744
2025-05-01 19:00,고속도로,종점,"(2차로,갓길)사고처리중",127.6471,35.8284
2025-05-01 19:00,고속도로,기점,"(2차로,갓길)사고처리중",127.626,35.9911
2025-05-01 19:00,고속도로,기점,(갓길)승용차단독사고처리중,127.9631,36.2115
2025-05-01 19:00,고속도로,종점,(갓길)소형화물차관련사고처리중,126.7386,37.4173
2025-05-01 19:00,고속도로,종점,(3차로)승용차관련사고처리중,127.9684,36.2127
2025-05-01 19:00,고속도로,종점,(갓길)승용차단독사고처리중,129.0069,35.9166
2025-05-01 19:00,고속도로,종점,(1차로)대형버스사고처리중,127.8363,37.0241
2025-05-01 19:00,고속도로,기점,(1차로)화물차관련사고처리중,128.6479,35.2749
2025-05-01 20:00,고속도로,기점,(2차로)승용차관련사고처리중,126.7765,36.2078
2025-05-01 20:00,고속도로,종점,"(2차로,갓길)사고처리중",127.6471,35.8284
2025-05-01 21:00,고속도로,기점,(갓길)승용차단독처리중,128.2947,36.1459
2025-05-01 23:00,고속도로,기점,"(1차로,갓길)사고처리중",127.4522,37.5075
2025-05-02 00:00,고속도로,기점,(진입로광장1차로)사고처리중,127.1626,37.0319
2025-05-02 00:00,고속도로,종점,(진입로광장1차로)사고처리중,127.1626,37.0319
2025-05-02 04:00,고속도로,기점,(진출로3차로)승용차단독사고처리중,128.3845,34.9715
2025-05-02 04:00,고속도로,종점,(진출로갓길)승용차관련사고처리중,127.4185,36.4484
2025-05-02 09:00,고속도로,종점,"(2,3차로)승용차관련사고처리중",128.9806,35.2353
2025-05-02 09:00,고속도로,종점,"(1,2,3차로)승용차관련사고처리중",127.1933,37.2647
2025-05-02 10:00,고속도로,종점,(진입로갓길)승용차단독사고처리중,127.1681,36.8254
2025-05-02 10:00,고속도로,종점,"(1,2차로)승용차관련사고처리완료",127.1933,37.2647
2025-05-02 11:00,고속도로,종점,(2차로)승용차관련사고처리중,127.1569,37.5554
2025-05-02 11:00,고속도로,기점,"(2차로,갓길)승용차사고처리중",127.8415,36.4557
2025-05-02 11:00,고속도로,기점,"(4,5차로)승용차관련사고처리중",127.1035,37.3182
2025-05-02 11:00,고속도로,기점,"(2,3,4,5차로)승용차관련사고처리중",127.1035,37.3182
2025-05-02 12:00,고속도로,종점,(1차로)승용차사고처리중,126.8741,37.1647
2025-05-02 12:00,고속도로,기점,(갓길)승용차관련사고처리중,126.7746,36.0763
2025-05-02 12:00,고속도로,종점,(1차로)승용차관련사고처리중,128.2332,36.3537
2025-05-02 14:00,국도,양방향,현장 교차통행중,127.645147,37.997236
2025-05-02 14:00,고속도로,기점,(진입로2차로)승용차사고처리중,126.8607,37.3441
2025-05-02 14:00,고속도로,종점,(4차로)승용차관련사고처리중,126.709,37.5237
2025-05-02 15:00,고속도로,기점,(1차로)승용차관련사고처리중,128.0305,36.7465
2025-05-02 15:00,고속도로,종점,(1차로)버스사고처리중,127.1408,37.0286
2025-05-02 15:00,고속도로,종점,(진출로1차로)승용차관련사고처리중,128.7875,35.2238
2025-05-02 15:00,고속도로,종점,(진출로2차로)승용차사고처리중,126.8601,37.3728
2025-05-02 15:00,고속도로,종점,(1차로)사고처리중,127.1789,37.5502
2025-05-02 16:00,고속도로,기점,(4차로)화물차관련사고처리중,127.1026,35.959
2025-05-02 16:00,고속도로,기점,(갓길)승용차추돌사고처리중,126.8379,35.2043
2025-05-02 16:00,고속도로,종점,(1차로)승용차사고처리중,126.8714,37.3413
2025-05-02 16:00,고속도로,기점,"(3차로,갓길)사고처리중",127.1785,37.5168
2025-05-02 16:00,고속도로,기점,(2차로)승용차관련사고처리중,127.4434,37.1274
2025-05-02 17:00,고속도로,종점,(갓길)버스관련사고처리중,127.1542,36.9943
2025-05-02 18:00,고속도로,종점,(갓길)승용차사고처리중,126.7168,37.4339
2025-05-02 18:00,고속도로,기점,(3차로)사고처리중,126.8714,37.3413
2025-05-02 18:00,고속도로,종점,(갓길)소형화물차관련사고처리중,126.8935,37.2691
2025-05-02 18:00,고속도로,기점,(3차로)승용차사고처리중,126.7405,37.4328
2025-05-02 20:00,고속도로,종점,(1차로)승용차관련사고처리중,127.44,37.1631
2025-05-02 22:00,고속도로,종점,(갓길)승용차사고처리중,126.8049,36.265
2025-05-02 23:00,고속도로,종점,(진출로갓길)승용차사고처리중,128.6068,35.2862
2025-05-03 00:00,고속도로,기점,(갓길)승용차사고처리중,126.7665,36.124
2025-05-03 07:00,고속도로,기점,"(3,4차로,갓길)승용차관련사고처리중",127.57,37.2391
2025-05-03 07:00,고속도로,기점,(갓길)사고처리중,127.9619,37.4042
2025-05-03 08:00,고속도로,종점,(진출로)소형하물차사고처리중,127.141,37.6182
2025-05-03 08:00,고속도로,기점,(갓길)승용차단독사고처리중,127.6684,36.2793
2025-05-03 09:00,고속도로,종점,(1차로)사고처리중,127.1643,35.8893
2025-05-03 09:00,고속도로,종점,(2차로)화물차단독사고처리중,128.6206,36.5903
2025-05-03 10:00,고속도로,종점,(갓길)승용차단독사고처리중,127.8103,36.4552
2025-05-03 10:00,고속도로,종점,(갓길)승용차관련사고처리중,129.0077,35.9139
2025-05-03 10:00,고속도로,종점,(2차로)화물차단독사고처리중,128.6097,36.592
2025-05-03 10:00,고속도로,기점,(진출로)사고처리중,126.9574,37.3792
2025-05-03 11:00,고속도로,기점,"(1,2차로)승용차단독사고처리중",129.1406,36.4932
2025-05-03 11:00,고속도로,종점,(1차로)사고처리중,127.2666,35.6902
2025-05-03 11:00,고속도로,기점,"(3,4차로)사고처리중",126.887,37.2606
2025-05-03 12:00,고속도로,종점,(1차로)승용차관련사고처리중,128.818,35.9606
2025-05-03 12:00,고속도로,종점,(1차로)승용차관련사고처리중,128.818,35.9606
2025-05-03 12:00,고속도로,종점,(1차로)사고처리중,127.1828,37.5418
2025-05-03 12:00,고속도로,기점,(갓길)승용차관련사고처리중,128.4765,35.5431
2025-05-03 13:00,고속도로,기점,(갓길)승용차단독사고처리중,128.8056,35.1987
2025-05-03 13:00,고속도로,기점,(1차로)승용차관련사고처리중,128.0283,36.7464
2025-05-03 14:00,고속도로,기점,(갓길)승용차관련사고처리중,128.4381,35.2743
2025-05-03 14:00,고속도로,기점,(1차로)승용차관련사고처리중,127.3525,37.6342
2025-05-03 14:00,고속도로,종점,(갓길)승용차사고처리중,126.8086,37.4457
2025-05-03 14:00,고속도로,종점,(2차로)승용차관련사고처리중,127.1575,37.5384
2025-05-03 14:00,고속도로,종점,(1차로)승용차관련사고처리중,127.7511,37.0418
2025-05-03 15:00,고속도로,기점,(4차로)승용차사고처리중,126.7494,37.4804
2025-05-03 15:00,고속도로,종점,(갓길)추돌사고처리중,126.7876,36.0465
2025-05-03 15:00,고속도로,기점,(1차로)승용차관련사고처리중,129.208,35.2197
2025-05-03 15:00,고속도로,기점,(1차로)승용차관련사고처리중,127.4064,36.9608
2025-05-03 15:00,고속도로,종점,(갓길)승용차사고처리중,126.8086,37.4457
2025-05-03 16:00,고속도로,종점,(3차로)화물차관련사고처리중,127.4188,36.435
2025-05-03 16:00,고속도로,종점,(1차로)승용차관련사고처리중,128.5934,36.4002
2025-05-03 17:00,고속도로,기점,(1차로)버스관련사고처리중,127.1762,36.8438
2025-05-03 17:00,고속도로,종점,"(1,2,3차로)대형버스사고처리중",127.2192,36.7516
2025-05-03 17:00,고속도로,기점,(1차로)승용차추돌사고처리중,129.208,35.2197
2025-05-03 17:00,고속도로,기점,(1차로)승용차관련사고처리중,127.4072,36.9602
2025-05-03 17:00,고속도로,종점,(1차로)승용차추돌사고처리완료,127.8979,35.0405
2025-05-03 18:00,고속도로,종점,(5차로)승용차사고처리중,126.7493,37.5123
2025-05-03 23:00,고속도로,종점,(2차로)승용관련사고처리중,127.3511,35.7743
2025-05-04 06:00,고속도로,종점,(광장부)승용차단독사고처리중,128.4961,35.3716
2025-05-04 07:00,고속도로,종점,(광장부)승용차단독사고처리중,128.4961,35.3716
2025-05-04 10:00,고속도로,종점,"(2차로,갓길)버스승용차추돌사고처리중",126.8047,35.3301
2025-05-04 10:00,고속도로,기점,(갓길)추돌사고처리중,127.2403,35.7195
2025-05-04 10:00,고속도로,기점,(갓길)승용차관련사고처리중,127.2507,37.2773
2025-05-04 10:00,고속도로,기점,(1차로)승용차관련사고처리중,127.9792,35.0596
2025-05-04 11:00,고속도로,종점,(1차로)승용차관련사고처리중,127.74,37.0431
2025-05-04 11:00,고속도로,기점,(1차로)승용차관련사고처리중,128.4452,35.6203
2025-05-04 11:00,고속도로,종점,(1차로)사고처리중,126.9005,37.2853
2025-05-04 11:00,고속도로,종점,(1차로)승용차관련사고처리중,127.9782,35.0591
2025-05-04 11:00,고속도로,기점,(갓길)추돌사고처리중,127.2403,35.7195
2025-05-04 11:00,고속도로,종점,(갓길)승용차관련사고처리중,128.2756,36.155
2025-05-04 12:00,고속도로,기점,(갓길)사고처리중,128.8382,37.76
2025-05-04 12:00,고속도로,기점,(1차로)승용차관련사고처리중,128.6092,35.2611
2025-05-04 13:00,고속도로,종점,(2차로)승용차관련사고처리중,127.982,36.793
2025-05-04 14:00,고속도로,기점,(갓길)승용차관련사고처리중,128.4439,35.6283
2025-05-04 14:00,고속도로,종점,(갓길)사고처리중,128.2858,37.5283
2025-05-04 15:00,고속도로,기점,(4차로)승용차관련사고처리중,127.1259,37.4524
2025-05-04 15:00,고속도로,종점,(1차로)승용차관련사고처리중,127.0194,36.4981
2025-05-04 15:00,고속도로,종점,(1차로)승용차관련사고처리중,128.3491,35.292
2025-05-04 16:00,고속도로,기점,(1차로)승용차관련사고처리중,126.9181,37.3244
2025-05-04 16:00,고속도로,기점,(청양휴게소내)승용차사고처리중,126.9908,36.3983
2025-05-04 16:00,고속도로,종점,"(1,2차로)사고처리중",127.2403,35.7195
2025-05-04 16:00,고속도로,종점,(1차로)승용차관련사고처리중,127.7219,37.0797
2025-05-04 16:00,고속도로,기점,(갓길)승용차관련사고처리중,127.1722,37.2808
2025-05-04 16:00,고속도로,종점,(1차로)버스관련사고처리완료,127.7726,35.5988
2025-05-04 17:00,고속도로,종점,(2차로)승용차관련사고처리중,128.5913,38.0579
2025-05-04 17:00,고속도로,기점,(갓길)승용차관련사고처리중,127.0096,37.3903
2025-05-04 17:00,고속도로,종점,(1차로)승용차관련사고처리중,127.7594,35.5753
2025-05-04 18:00,고속도로,기점,(1차로)승용차관련추돌사고처리중,127.428,37.2319
2025-05-04 18:00,고속도로,종점,(1차로)승용차관련추돌사고처리중,126.9171,35.1825
2025-05-04 18:00,고속도로,종점,(갓길)승용차관련추돌사고처리중,126.5466,35.0515
2025-05-04 18:00,고속도로,종점,(3차로)버스관련사고처리중,126.7371,36.9074
2025-05-04 19:00,고속도로,종점,(1차로)승용차관련추돌사고처리중,128.5144,35.8233
2025-05-04 19:00,고속도로,기점,(갓길)승용차관련사고처리중,126.8714,37.3413
2025-05-04 20:00,고속도로,종점,(갓길)사고처리중,126.9219,35.6592
2025-05-04 21:00,고속도로,종점,(진출로갓길)승용차단독사고처리중,127.9902,36.7603
2025-05-04 21:00,고속도로,기점,"(3,4차로)승용차관련사고처리중",126.8773,37.4033
2025-05-04 21:00,고속도로,종점,(2차로)승용차사고처리중,127.1748,36.7821
2025-05-04 22:00,고속도로,종점,(진출로갓길)승용차관련사고처리중,127.1793,37.5494
2025-05-05 01:00,고속도로,종점,"(1,2차로)승용차사고처리중",128.5684,36.42
2025-05-05 03:00,고속도로,기점,"(3차로,갓길)단독사고처리중",127.2656,36.2026
2025-05-05 05:00,고속도로,종점,(1차로)소형화물차단  사고처리중,127.4248,34.8671
2025-05-05 05:00,고속도로,기점,(1차로)대형화물차관련사고처리중,127.4273,36.5866
2025-05-05 06:00,고속도로,기점,(1차로)대형화물차관련사고처리중,127.4273,36.5866
2025-05-05 06:00,고속도로,종점,(1차로)소형화물차관련사고처리중,127.4248,34.8671
2025-05-05 07:00,고속도로,기점,(1차로)대형화물차관련사고처리중,127.4273,36.5866
2025-05-05 07:00,고속도로,종점,(진출로갓길)승용차사고처리중,127.305,37.6325
2025-05-05 08:00,고속도로,기점,(1차로)대형화물차관련사고처리중,127.4273,36.5866
2025-05-05 08:00,고속도로,종점,(진출로갓길)승용차사고처리중,127.305,37.6325
2025-05-05 10:00,고속도로,기점,(1차로)승용차관련사고처리중,127.9801,35.0601
2025-05-05 11:00,고속도로,기점,(2차로)승용차사고처리중,127.3312,36.3656
2025-05-05 11:00,고속도로,기점,"(1,2차로)승용차관련사고처리중",128.4648,35.2713
2025-05-05 11:00,고속도로,기점,(갓길)승용차관련사고처리중,128.5988,35.2544
2025-05-05 11:00,고속도로,기점,(갓길)승용차관련사고처리중,128.6014,35.2561
2025-05-05 12:00,고속도로,종점,(1차로)승용차관련사고처리중,128.5505,35.9539
2025-05-05 12:00,고속도로,종점,(1차로)승용차관련사고처리중,128.5522,35.2914
2025-05-05 12:00,고속도로,기점,(3차로)승용차관련사고처리중,128.8392,37.751
2025-05-05 12:00,고속도로,종점,"(2,3차로)승용차사고처리중",127.4185,36.4484
2025-05-05 12:00,고속도로,종점,(2차로)승용차사고처리중,127.4185,36.4484
2025-05-05 13:00,고속도로,종점,(갓길)승용차관련사고처리중,128.587,38.0515
2025-05-05 13:00,고속도로,기점,(2차로)승용차사고처리중,127.3496,36.3966
2025-05-05 14:00,고속도로,종점,(갓길)추돌사고처리중,127.1048,36.0677
2025-05-05 15:00,고속도로,종점,(1차로)승용차관련사고처리중,127.7259,36.2745
2025-05-05 16:00,고속도로,종점,(1차로)승용차관련사고처리중,127.4053,34.8494
2025-05-05 17:00,고속도로,종점,(광장부)승용차단독화재사고처리중,129.0539,35.3239
2025-05-05 18:00,고속도로,종점,(1차로)승용차관련사고처리중,128.1179,35.708
2025-05-05 18:00,고속도로,종점,(광장부)승용차단독화재사고처리중,129.0539,35.3239
2025-05-05 19:00,고속도로,기점,(갓길)승용차단독사고처리중,127.6933,35.6537
2025-05-05 19:00,고속도로,종점,(2차로)승용관련사고처리중,126.8319,35.9327
2025-05-05 19:00,고속도로,종점,(1차로)승용차관련사고처리중,128.3979,35.2879
2025-05-05 20:00,고속도로,종점,(3차로)승용차관련사고처리중,129.0102,35.9051
2025-05-05 21:00,고속도로,종점,(갓길)승용차단독사고처리중,129.0077,35.9139
2025-05-05 22:00,고속도로,종점,(진출로1차로)승용차사고처리중,128.5637,37.6528
2025-05-05 23:00,고속도로,종점,(1차로)승용차단독사고처리중,128.9831,35.2707
2025-05-05 23:00,고속도로,기점,(2차로)승용차관련사고처리중,127.305,37.6325
2025-05-06 00:00,고속도로,종점,(1차로)승용차단독사고처리중,128.9831,35.2707
2025-05-06 03:00,고속도로,종점,(2차로)승용차사고처리중,127.4214,37.249
2025-05-06 04:00,고속도로,종점,(갓길)승용차사고처리중,127.4214,37.249
2025-05-06 04:00,고속도로,기점,(2차로)대형화물차단독사고처리중,127.6085,37.2114
2025-05-06 05:00,고속도로,기점,(2차로)대형화물차단독사고처리중,127.6085,37.2114
2025-05-06 07:00,고속도로,종점,(1차로)승용관련사고처리중,127.4528,36.2803
2025-05-06 10:00,고속도로,기점,(갓길)승용차사고처리중,127.0694,36.4867
2025-05-06 11:00,고속도로,종점,"(1,2차로)승용차고나련사고처리중",126.8897,37.0621
2025-05-06 11:00,고속도로,종점,(2차로)승용차사고처리중,127.4185,36.4484
2025-05-06 11:00,고속도로,기점,(1차로)승용차관련사고처리중,127.4213,36.953
2025-05-06 12:00,고속도로,기점,(1차로)승용차관련사고처리중,128.1348,37.7885
2025-05-06 12:00,고속도로,종점,(1차로)승용차관련추돌사고처리중,127.6708,37.1243
2025-05-06 12:00,고속도로,기점,(1차로)승용차관련사고처리중,127.1879,37.2679
2025-05-06 12:00,고속도로,기점,(갓길)승용단독사고처리중,126.8302,35.5741
2025-05-06 12:00,고속도로,종점,(1차로)승용관련사고처리중,127.118,36.1076
2025-05-06 13:00,고속도로,종점,(5차로)사고처리중,127.1003,37.3992
2025-05-06 14:00,고속도로,기점,승용차관련사고처리중,127.1026,36.0819
2025-05-06 14:00,고속도로,종점,(3차로)화물차단독사고처리중,129.1907,35.7107
2025-05-06 15:00,고속도로,종점,(1차로),126.7353,35.6748
2025-05-06 15:00,고속도로,기점,(1차로)사고처리중,126.7646,37.4612
2025-05-06 15:00,고속도로,기점,(1차로)승용차관련사고처리중,128.5741,35.2895
2025-05-06 16:00,고속도로,기점,(2차로)승용차사고처리중,127.1841,37.5799
2025-05-06 16:00,고속도로,종점,(1차로)승용차관련추돌사고처리완료,126.7977,35.4686
2025-05-06 16:00,고속도로,종점,(갓길)승용차3대관련사고처리중,126.6963,35.5992
2025-05-06 16:00,고속도로,종점,(1차로)승용차2대관련사고처리중,126.6952,35.6136
2025-05-06 16:00,고속도로,기점,(1차로)승용차관련사고처리중,127.6122,37.1966
2025-05-06 16:00,고속도로,기점,(갓길)사고처리중,126.7646,37.4612
2025-05-06 17:00,고속도로,종점,(1차로)승용차관련사고처리중,127.2393,35.723
2025-05-06 17:00,고속도로,기점,(2차로)승용차관련사고처리중,128.8072,35.5121
2025-05-06 17:00,고속도로,기점,(진입로갓길)승용차관련사고처리중,127.7605,35.549
2025-05-06 18:00,고속도로,기점,(1차로)승용차관련사고처리중,128.5241,36.0348
2025-05-06 18:00,고속도로,기점,(갓길)승용차단독사고처리중,129.0409,35.334
2025-05-06 18:00,고속도로,종점,(1차로)승용차단독사고처리중,127.457,35.1463
2025-05-06 18:00,고속도로,기점,(갓길)승용차단독사고처리중,129.2832,35.4748
2025-05-06 19:00,고속도로,종점,(갓길)대형화물차화재사고처리중,128.1484,36.5654
2025-05-06 19:00,고속도로,기점,(갓길)승용차관련사고처리완료,128.9806,35.2353
2025-05-06 22:00,고속도로,종점,"(1,2차로)승용차3대관련사고처리중",126.7876,36.0465
2025-05-06 23:00,고속도로,기점,(2차로)승용차단독사고처리중,126.8667,35.2669
2025-05-07 00:00,고속도로,기점,(2차로)승용차단독사고처리중,126.8667,35.2669
2025-05-07 01:00,고속도로,종점,(진출로1차로)단독사고처리중,127.3073,37.6324
2025-05-07 06:00,고속도로,기점,(3차로)화물차단독사고처리중,127.2173,36.7603
2025-05-07 07:00,고속도로,기점,(갓길)사고처리중,127.4867,36.1962
2025-05-07 07:00,고속도로,기점,(갓길)과천진출로사고확인중,127.0096,37.3903
2025-05-07 08:00,고속도로,기점,(갓길)과천진출로사고확인중,127.0096,37.3903
2025-05-07 08:00,고속도로,기점,(1차로)승용차사고처리중,127.7449,37.7582
2025-05-07 09:00,고속도로,기점,(3차로)승용차관련사고처리중,127.251,37.2593
2025-05-07 09:00,고속도로,기점,(1차로)승용차관련사고처리중,126.5732,35.0631
2025-05-07 09:00,고속도로,기점,(1차로)승용차관련사고처리중,127.3146,37.3893
2025-05-07 09:00,고속도로,기점,(갓길)화물차관련사고처리중,129.0098,35.2984
2025-05-07 09:00,고속도로,종점,(3차로)사고처리중,126.8869,37.4079
2025-05-07 09:00,고속도로,기점,(1차로)사고처리중,126.9071,37.3226
2025-05-07 10:00,고속도로,종점,(갓길)승용차화재단독사고처리중,127.3447,34.8245
2025-05-07 10:00,고속도로,기점,(1차로)사고확인중,127.2791,37.1483
2025-05-07 10:00,고속도로,종점,(갓길)사고처리중,126.8869,37.4079
2025-05-07 11:00,고속도로,종점,(갓길)사고처리중,126.8869,37.4079
2025-05-07 12:00,고속도로,기점,(갓길)사고처리중,126.8929,37.2683
2025-05-07 12:00,고속도로,기점,(갓길)사고처리중,126.8394,37.3483
2025-05-07 12:00,고속도로,종점,(1차로)대형화물차관련사고처리중,127.4106,36.9578
2025-05-07 13:00,고속도로,기점,(갓길)소형화물차사고처리중,127.4183,36.4217
2025-05-07 13:00,고속도로,기점,(1차로)승용차관련사고처리중,126.6875,35.0985
2025-05-07 15:00,고속도로,기점,(갓길)화물차관련사고처리중,126.8891,37.1023
2025-05-07 16:00,고속도로,기점,(2차로)화물차관련사고처리중,128.5811,36.2939
2025-05-07 16:00,고속도로,기점,(2차로)승용차관련사고처리중,127.8532,37.7596
2025-05-07 18:00,고속도로,기점,(4차로)승용차관련사고처리중,127.1399,37.6227
2025-05-07 18:00,고속도로,종점,(1차로)승용차단독사고처리중,127.8865,35.6176
2025-05-07 18:00,고속도로,종점,(진입로2차로)화물차단독사고처리중,128.6946,35.8999
2025-05-07 19:00,고속도로,기점,고양부근(68.1K)(4차로)화물차사고처리중,126.8067,37.6447
2025-05-07 19:00,고속도로,종점,(4차로)사고처리중,127.0335,37.3101
2025-05-07 20:00,고속도로,종점,"(3,4차로)버스관련사고처리중",127.082,37.0325
2025-05-07 21:00,고속도로,기점,"보안실,터널관리소특이사항",127.1026,36.0819
2025-05-07 21:00,고속도로,종점,"(2,3차로,갓길)화물차화재사고처리중",127.5982,37.2327
2025-05-07 22:00,고속도로,기점,"보안실,터널관리소특이사항",127.1026,36.0819
2025-05-07 22:00,고속도로,종점,"(2,3차로,갓길)화물차화재사고처리중",127.5982,37.2327
2025-05-07 23:00,고속도로,기점,"보안실,터널관리소특이사항",127.1026,36.0819
2025-05-07 23:00,고속도로,종점,(진출로1차로)승용차관련사고처리중,128.5105,35.2834
2025-05-07 23:00,고속도로,기점,(갓길)화물차관련사고처리중,127.6067,36.4886
2025-05-08 00:00,고속도로,기점,"보안실,터널관리소특이사항",127.1026,36.0819
2025-05-08 01:00,고속도로,기점,(진출로)승용차사고처리중,126.7487,37.5442
2025-05-08 01:00,고속도로,종점,(갓길)승용차단독사고처리중,126.9377,35.207
2025-05-08 02:00,고속도로,종점,(갓길)승용차단독사고처리중,128.4772,35.7593
2025-05-08 08:00,고속도로,기점,(4차로)사고처리중,126.7814,37.5239
2025-05-08 09:00,고속도로,종점,(4차로)사고처리중,126.788,37.6057
2025-05-08 09:00,고속도로,기점,(1차로)승용차관련사고처리중,127.2504,37.289
2025-05-08 09:00,고속도로,기점,(4차로)승용차관련사고처리중,128.9166,35.2244
2025-05-08 10:00,고속도로,종점,(갓길)단독사고처리중,127.032,35.8245
2025-05-08 10:00,고속도로,종점,(2차로)승용차사고처리중,128.5269,35.8839
2025-05-08 12:00,고속도로,기점,"(4차로,갓길)사고처리중",126.8066,37.4478
2025-05-08 13:00,고속도로,종점,"(2차로,갓길)승용차단독사고처리중",128.7478,35.2937
2025-05-08 13:00,고속도로,기점,(1차로)승용차관련사고처리중,127.1753,37.5587
2025-05-08 13:00,고속도로,기점,"(3,4차로,갓길)사고처리중",126.8066,37.4478
2025-05-08 14:00,고속도로,종점,(갓길)화물차관련사고처리중,128.5995,36.5956
2025-05-08 16:00,고속도로,종점,(1차로)승용차관련사고처리중,126.8879,37.0526
2025-05-08 16:00,고속도로,종점,(갓길)승용차관련사고처리중,126.8216,37.5234
2025-05-08 17:00,고속도로,종점,(4차로)승용차관련사고처리중,127.145,37.5057
2025-05-08 17:00,고속도로,종점,"(4차로,갓길)화물차관련사고처리중",127.3529,37.2507
2025-05-08 18:00,고속도로,종점,"(2,3차로)승용차관련사고처리중",126.8503,37.3475
2025-05-08 18:00,고속도로,종점,"(4,5차로,갓길)승용차관련사고처리중",126.8816,37.04
2025-05-08 18:00,고속도로,종점,(갓길)화물차관련사고처리중,127.3529,37.2507
2025-05-08 19:00,고속도로,기점,(갓길)승용차관련사고처리중,128.9806,35.2353
2025-05-08 20:00,고속도로,기점,(3차로)승용차단독사고처리중,128.8145,35.2948
2025-05-08 22:00,고속도로,기점,"(1,2차로)승용차관련사고처리중",129.0132,35.2727
2025-05-08 22:00,고속도로,종점,"(1차로,갓길)화물차관련사고처리중",128.3607,35.7819
2025-05-08 23:00,고속도로,종점,화물차관련사고처리중전면차단국도우회전면차단중,128.3607,35.7819
2025-05-08 23:00,고속도로,종점,(갓길)사고처리중,126.9451,37.3284
2025-05-08 23:00,고속도로,종점,"(1,2차로,갓길)승용차사고처리중",126.8162,37.4371
2025-05-08 23:00,고속도로,기점,"(2차로,갓길)승용차관련사고처리중",127.3556,37.3093
2025-05-09 00:00,고속도로,종점,화물차관련사고처리중전면차단국도우회전면차단중,128.3777,35.7489
2025-05-09 00:00,고속도로,종점,(갓길)승용차사고처리중,126.8162,37.4371
2025-05-09 00:00,고속도로,기점,"(2차로,갓길)승용차관련사고처리중",127.3556,37.3093
2025-05-09 01:00,고속도로,종점,화물차관련사고처리중전면차단국도우회전면차단중,128.4031,35.7199
2025-05-09 01:00,고속도로,종점,(2차로)대형화물차관련사고처리중,127.6554,37.1364
2025-05-09 02:00,고속도로,종점,(2차로)대형화물차관련사고처리중,127.6554,37.1364
2025-05-09 02:00,고속도로,기점,(1차로)화물차사고처리중,127.5658,36.3129
2025-05-09 03:00,고속도로,기점,(1차로)화물차사고처리중,127.5658,36.3129
2025-05-09 05:00,고속도로,종점,(1차로)승용차화재처리중,127.0921,37.1677
2025-05-09 05:00,고속도로,기점,(2차로)승용차관련사고처리중,128.6928,35.9395
2025-05-09 06:00,고속도로,종점,(1차로)화물차사고처리중,127.0921,37.1677
2025-05-09 06:00,고속도로,기점,(갓길)승용차단독사고처리중,128.9357,35.2213
2025-05-09 06:00,고속도로,종점,(갓길)승용차단독사고처리중,128.8461,35.2207
2025-05-09 07:00,고속도로,종점,(3차로)승용차단독사고처리중,126.9595,35.2268
2025-05-09 07:00,고속도로,종점,"(2차로,갓길)화물차단독사고처리중",128.6206,36.5903
2025-05-09 07:00,고속도로,기점,(1차로)승용차관련사고처리중,127.2402,37.5971
2025-05-09 07:00,고속도로,기점,(갓길)승용차단독사고처리중,128.9357,35.2213
2025-05-09 08:00,고속도로,종점,(진출로2차로)승용차단독사고처리중,127.4809,36.3346
2025-05-09 09:00,고속도로,기점,(1차로)승용단독사고처리중,126.5181,35.25
2025-05-09 09:00,고속도로,종점,"(2차로,갓길)승용차관련사고처리중",128.5848,38.1501
2025-05-09 09:00,고속도로,종점,(갓길)승용차관련사고처라중,129.2201,35.272
2025-05-09 09:00,고속도로,기점,(갓길)승용차단독사고처리중,128.7201,35.2798
2025-05-09 10:00,고속도로,기점,(1차로)승용차단독사고처리중,128.0968,35.1256
2025-05-09 10:00,고속도로,종점,(1차로)승용단독사고처리중,126.8084,35.384
2025-05-09 10:00,고속도로,기점,"(2,3차로)화물차관련사고처리중",127.1036,37.3092
2025-05-09 10:00,고속도로,기점,(갓길)화물차단독사고처리중,128.5378,36.6626
2025-05-09 10:00,고속도로,기점,(갓길)화물사고처리처리중,127.6987,35.5433
2025-05-09 11:00,고속도로,기점,(갓길)화물사고처리처리중,127.6987,35.5433
2025-05-09 11:00,고속도로,기점,(갓길)승용단독사고처리중,127.3975,35.4307
2025-05-09 11:00,고속도로,종점,"(2차로,갓길)승용차관련사고처리중",128.4775,36.4042
2025-05-09 11:00,고속도로,기점,"(4차로,갓길)화물차관련사고처리중",128.4189,35.283
2025-05-09 12:00,고속도로,기점,"(1,2차로)승용차관련사고처리중",129.1941,35.7545
2025-05-09 12:00,고속도로,종점,(1차로)대형화물차관련사고처리중,128.1461,36.5493
2025-05-09 12:00,고속도로,기점,(3차로)승용차단독사고처리중,129.161,35.8185
2025-05-09 12:00,고속도로,기점,(갓길)승용차단독사고처리중,128.9378,35.221
2025-05-09 13:00,고속도로,기점,(갓길)화물차관련사고처리중,126.7381,37.42
2025-05-09 13:00,고속도로,종점,(갓길)승용차단독사고처리중,128.0683,35.1584
2025-05-09 13:00,고속도로,기점,(갓길)승용차단독사고처리중,129.1409,35.5576
2025-05-09 13:00,고속도로,종점,"(2차로,갓길)승용차단독사고처리중",127.6297,34.9646
2025-05-09 13:00,고속도로,기점,"(진출로1차로,갓길)소형화물차관련사고처리중",126.7066,37.4337
2025-05-09 13:00,고속도로,기점,(갓길)승용차관련사고처리중,127.0314,37.3935
2025-05-09 14:00,고속도로,기점,(진출로갓길)소형화물차관련사고처리중,126.7066,37.4337
2025-05-09 14:00,고속도로,종점,(4차로)승용차관련사고처리중,127.1322,37.4771
2025-05-09 14:00,고속도로,기점,(진입로1차로)승용차관련사고처리중,127.1958,37.5292
2025-05-09 14:00,고속도로,종점,(1차로)화물차단독사고처리중,128.1098,35.1536
2025-05-09 15:00,고속도로,종점,(갓길)승용차사고처리중,126.7477,37.5487
2025-05-09 15:00,고속도로,기점,(1차로)사고처리중,127.3476,37.2519
2025-05-09 15:00,고속도로,종점,(진출로)사고처리중,127.1038,37.2642
2025-05-09 15:00,고속도로,기점,(갓길)화물차사고처리중,128.7227,35.2848
2025-05-09 16:00,고속도로,기점,(1차로)승용차관련사고처리중,126.7836,37.5236
2025-05-09 16:00,고속도로,종점,(4차로)승용차단독사고처리중,128.7113,35.279
2025-05-09 16:00,고속도로,종점,(진출로)사고처리중,127.1038,37.2642
2025-05-09 16:00,고속도로,종점,(갓길)사고처리중,127.1003,37.3992
2025-05-09 16:00,고속도로,기점,(5차로)승용차추돌사고처리중,127.4284,36.5731
2025-05-09 17:00,고속도로,기점,(1차로)승용차관련사고처리중,129.1295,36.4939
2025-05-09 17:00,고속도로,기점,(1차로)승용차단독사고처리중,127.5416,36.0754
2025-05-09 18:00,고속도로,종점,(갓길)승용차관련사고처리중,128.4724,35.7722
2025-05-09 19:00,고속도로,기점,(진출로갓길)승용차단독사고처리중,129.2818,35.4791
2025-05-09 19:00,고속도로,기점,"(2,3차로)대형버스화재사고처리중",128.2919,36.9961
2025-05-09 19:00,고속도로,종점,(갓길)승용차추돌사고처리중,126.9062,35.1839
2025-05-09 19:00,고속도로,기점,(1차로)승용차관련사고처리중,128.2356,37.5027
2025-05-09 20:00,고속도로,기점,(갓길)사고처리중,126.7379,37.429
2025-05-09 20:00,고속도로,종점,(갓길)승용차관련사고처리중,129.0129,35.3117
2025-05-09 20:00,고속도로,종점,(갓길)승용차관련사고처리중,127.7944,37.7535
2025-05-09 22:00,고속도로,종점,(2차로)화물차관련사고처리중,126.7672,37.3749
2025-05-10 00:00,고속도로,종점,(차로교대)사고확인중,127.0514,37.2991
2025-05-10 02:00,고속도로,종점,(갓길)승용차2대관련추돌사고처리중,127.4103,35.2602
2025-05-10 02:00,고속도로,종점,"(1,2,3차로)화물차관련사고처리중",127.0025,37.3131
2025-05-10 03:00,고속도로,종점,"(1,2,3차로)화물차관련사고처리중",127.0025,37.3131
2025-05-10 04:00,고속도로,종점,"(1,2,3차로)화물차관련사고처리중",127.0025,37.3131
2025-05-10 05:00,고속도로,종점,"(1,2,3차로)화물차관련사고처리중",127.0025,37.3131
2025-05-10 05:00,고속도로,기점,(진출로갓길)승용차사고처리중,128.8056,35.1987
2025-05-10 06:00,고속도로,기점,(진입로1차로)승용차관련사고처리중,127.0495,37.3001
2025-05-10 07:00,고속도로,종점,(4차로)화물차관련사고처리중,128.0912,35.1169
2025-05-10 07:00,고속도로,기점,(4차로)승용차사고처리중,126.7383,37.4191
2025-05-10 09:00,고속도로,종점,(진출로1차로)승합차사고처리중,126.9068,37.424
2025-05-10 10:00,고속도로,종점,(1차로)승용차관련사고처리중,126.8598,37.4367
2025-05-10 12:00,고속도로,종점,(갓길)대형화물차관련사고처리중,126.6735,37.4367
2025-05-10 12:00,고속도로,종점,(1차로)승용차관련사고처리중,127.4453,37.1095
2025-05-10 13:00,고속도로,종점,(6차로)화물차관련사고처리중,126.866,37.361
2025-05-10 13:00,고속도로,기점,"(1,4차로)화물차관련사고처리중,정체극심우회바랍니다",126.8966,37.3713
2025-05-10 13:00,고속도로,종점,"(2차로,갓길)사고처리중",127.2337,35.7375
2025-05-10 13:00,고속도로,종점,(1차로)승용차관련사고처리중,127.4434,37.1274
2025-05-10 13:00,고속도로,기점,(갓길)승용차관련추돌사고처리중,128.6451,35.9167
2025-05-10 14:00,고속도로,종점,(갓길)승용차추돌사고처리중,126.8458,35.198
2025-05-10 16:00,고속도로,종점,(갓길)승용차사고처리중,126.7522,37.5283
2025-05-10 16:00,고속도로,기점,(갓길)승용차관련추돌사고처리중,126.8307,35.2111
2025-05-10 18:00,고속도로,기점,(진출로갓길)대형화물차관련사고처리중,128.1457,37.1294
2025-05-10 19:00,고속도로,기점,(갓길)승용차사고처리중,126.7512,37.5355
2025-05-10 21:00,고속도로,기점,(갓길)승용차단독사고처리중,128.3973,37.5765
2025-05-10 23:00,고속도로,기점,"(2차로,갓길)승용차관련사고처리중",127.3167,37.3764
2025-05-11 10:00,고속도로,기점,(1차로)화물차관련사고처리중,128.306,35.0253
2025-05-11 11:00,고속도로,종점,(진출로갓길)승용차단독사고처리중,128.6068,35.2862
2025-05-11 13:00,고속도로,종점,(1차로)승용차단독처리중,126.8165,35.2422
2025-05-11 13:00,고속도로,종점,"(3,4차로)승용차사고처리중",127.1797,37.5789
2025-05-11 15:00,고속도로,기점,(1차로)승용차관련사고처리중,128.585,35.2886
2025-05-11 15:00,고속도로,기점,(1차로)승용차관련사고처리중,127.4089,36.959
2025-05-11 15:00,고속도로,종점,(2차로)승용차사고처리중,127.3035,36.7285
2025-05-11 16:00,고속도로,부산방향,사고처리중(전차로 차단),128.935997,35.332099
2025-05-11 16:00,고속도로,기점,(1차로)승용차관련사고처리중,127.0025,37.3131
2025-05-11 16:00,고속도로,기점,(1차로)승용차관련추돌사고처리중,127.6451,36.474
2025-05-11 17:00,고속도로,종점,(진출로2차로)사고처리중,126.9522,37.3776
2025-05-11 17:00,고속도로,종점,"(2,4차로)승용차관련사고처리중",126.9202,37.0487
2025-05-11 17:00,고속도로,종점,(갓길)승용차관련추돌사고처리중,126.4875,35.0299
2025-05-11 17:00,고속도로,부산방향,사고처리중(전차로 차단),128.935997,35.332099
2025-05-11 17:00,고속도로,부산방향,사고처리중(1차로 통행재개 16:03),128.936019,35.332361
2025-05-11 18:00,고속도로,기점,(갓길)승용차단독사고처리중,128.1438,36.1265
2025-05-11 18:00,고속도로,부산방향,사고처리중(전차로 차단),128.935997,35.332099
2025-05-11 18:00,고속도로,부산방향,사고처리중(1차로 통행재개 16:03),128.936019,35.332361
2025-05-11 19:00,고속도로,부산방향,사고처리중(1차로 통행재개 16:03),128.936019,35.332361
2025-05-11 19:00,고속도로,부산방향,사고처리중(전차로 차단),128.935997,35.332099
2025-05-11 19:00,고속도로,종점,(갓길)승용차과련사고처리중,126.9012,37.287
2025-05-11 19:00,고속도로,종점,(갓길)화재사고처리중,127.1722,37.5036
2025-05-11 20:00,고속도로,부산방향,사고처리중(전차로 차단),128.935997,35.332099
2025-05-11 20:00,고속도로,부산방향,사고처리중(1차로 통행재개 16:03),128.936019,35.332361
2025-05-11 21:00,고속도로,부산방향,사고처리중(전차로 차단),128.935997,35.332099
2025-05-11 21:00,고속도로,부산방향,사고처리중(1차로 통행재개 16:03),128.936019,35.332361
2025-05-11 22:00,고속도로,기점,(갓길)승용차단독사고처리중,128.6796,35.8951
2025-05-11 22:00,고속도로,부산방향,사고처리중(1차로 통행재개 16:03),128.936019,35.332361
2025-05-11 22:00,고속도로,부산방향,사고처리중(전차로 차단),128.935997,35.332099
2025-05-11 23:00,고속도로,기점,(갓길)승용차관련사고처리중,127.9215,35.3546
2025-05-11 23:00,고속도로,부산방향,사고처리중(전차로 차단),128.935997,35.332099
2025-05-11 23:00,고속도로,부산방향,사고처리중(1차로 통행재개 16:03),128.936019,35.332361
2025-05-12 00:00,고속도로,기점,(대구방향진출로갓길)승용차단독사고처리중,128.9931,35.2847
2025-05-12 00:00,고속도로,부산방향,사고처리중(전차로 차단),128.935997,35.332099
2025-05-12 00:00,고속도로,부산방향,사고처리중(1차로 통행재개 16:03),128.936019,35.332361
2025-05-12 01:00,고속도로,부산방향,사고처리중(전차로 차단),128.935997,35.332099
2025-05-12 01:00,고속도로,부산방향,사고처리중(1차로 통행재개 16:03),128.936019,35.332361
2025-05-12 02:00,고속도로,부산방향,사고처리중(전차로 차단),128.935997,35.332099
2025-05-12 02:00,고속도로,부산방향,사고처리중(1차로 통행재개 16:03),128.936019,35.332361
2025-05-12 03:00,고속도로,부산방향,사고처리중(전차로 차단),128.935997,35.332099
2025-05-12 03:00,고속도로,부산방향,사고처리중(1차로 통행재개 16:03),128.936019,35.332361
2025-05-12 04:00,고속도로,부산방향,사고처리중(전차로 차단),128.935997,35.332099
2025-05-12 04:00,고속도로,부산방향,사고처리중(1차로 통행재개 16:03),128.936019,35.332361
2025-05-12 05:00,고속도로,부산방향,사고처리중(전차로 차단),128.935997,35.332099
2025-05-12 05:00,고속도로,부산방향,사고처리중(1차로 통행재개 16:03),128.936019,35.332361
2025-05-12 06:00,고속도로,부산방향,사고처리중(1차로 통행재개 16:03),128.936019,35.332361
2025-05-12 06:00,고속도로,부산방향,사고처리중(전차로 차단),128.935997,35.332099
2025-05-12 07:00,고속도로,부산방향,사고처리중(1차로 통행재개 16:03),128.936019,35.332361
2025-05-12 07:00,고속도로,부산방향,사고처리중(전차로 차단),128.935997,35.332099
2025-05-12 08:00,고속도로,종점,(1차로)승용차관련사고처리중,127.4924,37.6607
2025-05-12 08:00,고속도로,기점,(1차로)사고처리중,127.0375,37.0251
2025-05-12 08:00,고속도로,종점,(2차로)승용차관련사고처리중,128.4845,35.9063
2025-05-12 08:00,고속도로,부산방향,사고처리중(전차로 차단),128.935997,35.332099
2025-05-12 08:00,고속도로,부산방향,사고처리중(1차로 통행재개 16:03),128.936019,35.332361
2025-05-12 09:00,고속도로,종점,(5차로)사고처리중,127.0893,37.2907
2025-05-12 09:00,고속도로,부산방향,사고처리중(1차로 통행재개 16:03),128.936019,35.332361
2025-05-12 09:00,고속도로,부산방향,사고처리중(전차로 차단),128.935997,35.332099
2025-05-12 09:00,고속도로,종점,(3차로)사고처리중,127.1869,37.2684
2025-05-12 09:00,고속도로,기점,(3차로)사고처리중,126.8394,37.3483
2025-05-12 09:00,고속도로,기점,(1차로)승용차사고처리중,126.7937,37.5224
2025-05-12 10:00,고속도로,기점,(1차로)승용차사고처리중,126.7937,37.5224
2025-05-12 10:00,고속도로,부산방향,사고처리중(1차로 통행재개 16:03),128.936019,35.332361
2025-05-12 10:00,고속도로,부산방향,사고처리중(전차로 차단),128.935997,35.332099
2025-05-12 10:00,고속도로,종점,(1차로)승용차관련사고처리중,128.5692,35.9068
2025-05-12 10:00,고속도로,종점,(3차로)사고처리중,127.1869,37.2684
2025-05-12 10:00,고속도로,기점,"(1,2차로)소형화물차관련사고처리중",126.5959,35.3717
2025-05-12 11:00,고속도로,부산방향,사고처리중(1차로 통행재개 16:03),128.936019,35.332361
2025-05-12 11:00,고속도로,부산방향,사고처리중(전차로 차단),128.935997,35.332099
2025-05-12 12:00,고속도로,종점,(1차로)화물차관련사고처리중,127.7923,37.741
2025-05-12 12:00,고속도로,부산방향,사고처리중(전차로 차단),128.935997,35.332099
2025-05-12 12:00,고속도로,부산방향,사고처리중(1차로 통행재개 16:03),128.936019,35.332361
2025-05-12 13:00,고속도로,종점,"(4차로,갓길)사고처리중",126.7974,37.4557
2025-05-12 13:00,고속도로,종점,(1차로)화물차관련사고처리중,126.7751,36.0835
2025-05-12 13:00,고속도로,부산방향,사고처리중(전차로 차단),128.935997,35.332099
2025-05-12 13:00,고속도로,부산방향,사고처리중(1차로 통행재개 16:03),128.936019,35.332361
2025-05-12 14:00,고속도로,종점,"(1,2차로)화물차관련사고처리중",128.8304,37.7934
2025-05-12 14:00,고속도로,부산방향,사고처리중(전차로 차단),128.935997,35.332099
2025-05-12 14:00,고속도로,부산방향,사고처리중(1차로 통행재개 16:03),128.936019,35.332361
2025-05-12 15:00,고속도로,부산방향,사고처리중(1차로 통행재개 16:03),128.936019,35.332361
2025-05-12 15:00,고속도로,종점,(진출로갓길)승용차단독사고처리중,127.4201,36.6489
2025-05-12 15:00,고속도로,부산방향,사고처리중(전차로 차단),128.935997,35.332099
2025-05-12 15:00,고속도로,종점,"(1,2차로)화물차관련사고처리중",128.8304,37.7934
2025-05-12 15:00,고속도로,기점,(갓길)승용차관련사고처리중,127.4198,36.4394
2025-05-12 16:00,고속도로,기점,(갓길)사고처리중,126.8847,37.4261
2025-05-12 16:00,고속도로,부산방향,사고처리중(전차로 차단),128.935997,35.332099
2025-05-12 16:00,고속도로,부산방향,사고처리중(1차로 통행재개 16:03),128.936019,35.332361
2025-05-12 17:00,고속도로,종점,(갓길)사고처리중,126.6953,37.4333
2025-05-12 17:00,고속도로,부산방향,사고처리중(전차로 차단),128.935997,35.332099
2025-05-12 17:00,고속도로,부산방향,사고처리중(1차로 통행재개 16:03),128.936019,35.332361
2025-05-12 18:00,고속도로,부산방향,사고처리중(1차로 통행재개 16:03),128.936019,35.332361
2025-05-12 18:00,고속도로,부산방향,사고처리중(전차로 차단),128.935997,35.332099
2025-05-12 18:00,고속도로,종점,(갓길)남대구친출로승용단독사고처리중,128.5196,35.8283
2025-05-12 19:00,고속도로,부산방향,사고처리중(전차로 차단),128.935997,35.332099
2025-05-12 19:00,고속도로,부산방향,사고처리중(1차로 통행재개 16:03),128.936019,35.332361
2025-05-12 20:00,고속도로,기점,(2차로)사고처리중,126.7821,37.4581
2025-05-12 20:00,고속도로,부산방향,사고처리중(전차로 차단),128.935997,35.332099
2025-05-12 20:00,고속도로,부산방향,사고처리중(1차로 통행재개 16:03),128.936019,35.332361
2025-05-12 21:00,고속도로,부산방향,사고처리중(전차로 차단),128.935997,35.332099
2025-05-12 21:00,고속도로,부산방향,사고처리중(1차로 통행재개 16:03),128.936019,35.332361
2025-05-12 22:00,고속도로,부산방향,사고처리중(전차로 차단),128.935997,35.332099
2025-05-12 22:00,고속도로,부산방향,사고처리중(1차로 통행재개 16:03),128.936019,35.332361
2025-05-12 23:00,고속도로,종점,"(3,4차로,갓길)화물차관련사고처리중",128.3673,36.07
2025-05-12 23:00,고속도로,부산방향,사고처리중(전차로 차단),128.935997,35.332099
2025-05-12 23:00,고속도로,부산방향,사고처리중(1차로 통행재개 16:03),128.936019,35.332361
2025-05-13 00:00,고속도로,종점,"(1,4차로)승용차관련사고처리중",127.1484,37.5104
2025-05-13 00:00,고속도로,기점,(진입로갓길)사고처리중,127.0948,37.2898
2025-05-13 00:00,고속도로,부산방향,사고처리중(1차로 통행재개 16:03),128.936019,35.332361
2025-05-13 00:00,고속도로,부산방향,사고처리중(전차로 차단),128.935997,35.332099
2025-05-13 05:00,고속도로,기점,(3차로)승용차단독사고처리중,126.8961,37.4291
2025-05-13 07:00,고속도로,종점,(진출로1차로)승용차관련사고처리중,128.5812,36.2858
2025-05-13 08:00,고속도로,종점,(진출로1차로)승용차단독사고처리중,127.428,37.2319
2025-05-13 09:00,고속도로,기점,"(5차로,갓길)승용차관련사고처리중",127.1003,37.3992
2025-05-13 09:00,고속도로,기점,(진출로갓길)대형버스화재사고처리중,127.4718,36.3164
2025-05-13 10:00,고속도로,종점,(진출로2차로)승용차관련사고처리중,128.5799,35.9089
2025-05-13 11:00,고속도로,기점,화물차관련사고처리중,127.1026,36.0819
2025-05-13 11:00,고속도로,종점,(진입로갓길)대형화물차관련사고처리중,128.565,35.2365
2025-05-13 13:00,고속도로,종점,"(3차로,갓길)트레일러관련사고처리중",129.2285,35.2955
2025-05-13 15:00,고속도로,기점,(갓길)사고처리중,126.7213,37.4338
2025-05-13 15:00,고속도로,기점,(갓길)화물차관련사고처리중,127.0194,37.3122
2025-05-13 15:00,고속도로,기점,(2차로)승용차관련사고처리중,128.4129,34.8847
2025-05-13 18:00,고속도로,기점,"(1,3차로)승용차2대관련사고처리중",127.4811,36.2321
2025-05-13 18:00,고속도로,기점,윙바디적재물낙하전면차단중,127.1512,35.8986
2025-05-13 18:00,고속도로,기점,"(진입로1차로,갓길)승용차사고처리중",127.9674,37.503
2025-05-13 19:00,고속도로,기점,(1차로)사고처리중,127.1807,37.5172
2025-05-13 19:00,고속도로,기점,"(진출로1차로,갓길)윙바디적재물낙하처리중,우회바람",127.1512,35.8986
2025-05-13 20:00,고속도로,기점,(1차로)사고처리중,127.1807,37.5172
2025-05-13 21:00,고속도로,종점,(1차로)소형화물차단독사고처리중,128.3426,36.9224
2025-05-13 22:00,고속도로,종점,(갓길)단독사고처리중,126.7581,35.7116
2025-05-13 22:00,고속도로,종점,(1차로)소형화물차단독사고처리중,128.3426,36.9224
2025-05-13 22:00,고속도로,종점,(진입로갓길)사고처리중,127.0958,37.2126
2025-05-13 23:00,고속도로,종점,(진입로갓길)사고처리중,127.0958,37.2126
2025-05-13 23:00,고속도로,기점,"(2,3차로)화물차관련사고처리중",129.1847,35.6926
2025-05-13 23:00,고속도로,종점,(1차로)소형화물차단독사고처리중,128.349,36.9207
2025-05-13 23:00,고속도로,기점,(갓길)승용차관련사고처리중,126.8865,37.3152
2025-05-14 00:00,고속도로,종점,(2차로)대형화물차고장처리중,128.1852,36.5047
2025-05-14 00:00,고속도로,기점,"(2,3차로)화물차관련사고처리중",129.1847,35.6926
2025-05-14 01:00,고속도로,종점,(갓길)대형화물차고장처리중,128.1852,36.5047
2025-05-14 02:00,고속도로,종점,(갓길)대형화물차고장처리중,128.1852,36.5047
2025-05-14 05:00,고속도로,종점,"(2,3차로)중형화물차관련사고처리중",126.7379,37.429
2025-05-14 06:00,고속도로,종점,(갓길)중형화물차관련사고처리중,126.7379,37.429
2025-05-14 07:00,고속도로,기점,(갓길)사고처리중,126.7066,37.4337
2025-05-14 08:00,고속도로,종점,(2차로)사고처리중,126.8069,37.4319
2025-05-14 08:00,고속도로,기점,"(1차로)승용차,화물차관련사고처리중",126.8542,37.3899
2025-05-14 08:00,고속도로,기점,(2차로)사고처리중,126.7405,37.4328
2025-05-14 09:00,고속도로,기점,(2차로)사고처리중,126.7405,37.4328
2025-05-14 10:00,고속도로,종점,(1차로)승용차관련추돌사고처리중,126.8721,35.2659
2025-05-14 10:00,고속도로,종점,(2차로)사고처리중,126.7179,37.4339
2025-05-14 11:00,고속도로,종점,(1차로)승용차관련추돌사고처리중,126.8721,35.2659
2025-05-14 11:00,고속도로,종점,(2차로)사고처리중,126.7179,37.4339
2025-05-14 12:00,고속도로,종점,(1차로)승용차관련추돌사고처리중,126.8721,35.2659
2025-05-14 12:00,고속도로,종점,(2차로)사고처리중,126.7179,37.4339
2025-05-14 13:00,고속도로,종점,(2차로)사고처리중,126.7179,37.4339
2025-05-14 13:00,고속도로,종점,(1차로)승용차관련추돌사고처리중,126.8721,35.2659
2025-05-14 14:00,고속도로,종점,(1차로)승용차관련추돌사고처리중,126.8721,35.2659
2025-05-14 14:00,고속도로,종점,(2차로)사고처리중,126.7179,37.4339
2025-05-14 15:00,고속도로,기점,(4차로)승용차관련사고처리중,127.1567,37.5906
2025-05-14 15:00,고속도로,종점,"(4차로,갓길)화재사고처리중",127.1059,37.2902
2025-05-14 16:00,고속도로,종점,"(4차로,갓길)화재사고처리중",127.1059,37.2902
2025-05-14 16:00,고속도로,기점,(1차로)승용차사고처리중,127.4081,36.9596
2025-05-14 17:00,고속도로,기점,(5차로)대형화물차관련사고처리중,126.7543,37.4744
2025-05-14 17:00,고속도로,종점,"(1,2,3차로)사고처리중",127.1392,37.2886
2025-05-14 18:00,고속도로,종점,(1차로)승용차사고처리완료,127.7704,37.7933
2025-05-14 23:00,고속도로,종점,(갓길)승용차단독사고처리중,127.4141,35.2558
2025-05-15 00:00,고속도로,기점,(진출로1차로)화물차화재처리중,126.7379,37.429
2025-05-15 03:00,고속도로,기점,"(3,4차로)중형화물차전도사고처리중",127.4175,36.4306
2025-05-15 04:00,고속도로,기점,(1차로)승용차단독사고처리중,127.3649,36.2874
2025-05-15 07:00,고속도로,기점,(갓길)승용차단독사고처리중,126.6466,36.8614
2025-05-15 08:00,고속도로,기점,"(2차로,갓길)승용차사고처리중",128.4569,36.4088
2025-05-15 08:00,고속도로,기점,(갓길)사고처리중,126.8376,37.4057
2025-05-15 09:00,고속도로,기점,(1차로)승용차관련사고처리중,128.7973,35.2041
2025-05-15 09:00,고속도로,종점,(1차로)승용차관련사고처리중,126.8966,37.4308
2025-05-15 09:00,고속도로,종점,(광장부)승용차관련사고처리중,127.0504,37.2996
2025-05-15 09:00,고속도로,기점,(광장부)승용차관련사고처리중,127.0504,37.2996
2025-05-15 10:00,고속도로,기점,"(3,4차로)승용차,화물차관련사고처리중",126.7374,37.4254
2025-05-15 11:00,고속도로,종점,(2차로)사고처리중,127.0727,37.4275
2025-05-15 13:00,고속도로,기점,(1차로)승용차사고처리중,128.2058,35.7015
2025-05-15 14:00,고속도로,종점,(4차로)화물차화재사고처리중,127.4294,36.5149
2025-05-15 14:00,고속도로,종점,(6차로)승용차관련사고처리중,126.7487,37.5442
2025-05-15 15:00,고속도로,기점,(2차로)화물차량사고처리중,127.4702,35.775
2025-05-15 16:00,고속도로,기점,"(1,2차로)승용차관련사고처리중",128.2137,36.4297
2025-05-15 17:00,고속도로,기점,(갓길)승용차관련사고처리중,127.1642,37.525
2025-05-15 17:00,고속도로,기점,"(2,3차로)승용차관련사고처리중",127.1541,37.513
2025-05-15 17:00,고속도로,기점,"(1,2차로)화물차전도사고처리중",127.188,36.948
2025-05-15 19:00,고속도로,종점,(제천방향진출로1차로)화물차관련사고처리중,127.1408,37.0286
2025-05-15 21:00,고속도로,기점,"(3,4차로)화물차관련사고처리중",127.1038,37.2642
2025-05-15 21:00,고속도로,종점,(1차로)추돌사고처리중,127.4237,35.4399
2025-05-16 04:00,고속도로,기점,(2차로)대형화물차관련사고처리중,128.2133,36.4225
2025-05-16 05:00,고속도로,종점,(3차로)화물차관련사고처리중,128.6978,35.9431
2025-05-16 06:00,고속도로,종점,"(2,3차로)화물차관련사고처리중",128.6978,35.9431
2025-05-16 07:00,고속도로,기점,(2차로)대형화물차관련사고처리중,127.4306,37.2231
2025-05-16 07:00,고속도로,종점,(3차로)화물차관련사고처리중,128.6978,35.9431
2025-05-16 08:00,고속도로,기점,(2차로)대형화물차관련사고처리중,127.4306,37.2231
2025-05-16 09:00,고속도로,종점,(5차로)승용차단독사고처리중,127.0025,37.3131
2025-05-16 09:00,고속도로,기점,"(4,5차로)대형화물차관련사고처리중",126.7548,37.4709
2025-05-16 10:00,고속도로,종점,(1차로)승용차사고처리중,128.0475,37.2559
2025-05-16 10:00,고속도로,종점,(갓길)휴게소내보행자사고처리중,127.5449,37.7014
2025-05-16 11:00,고속도로,종점,(1차로)소형화물차관련사고처리중,127.4201,36.6489
2025-05-16 11:00,고속도로,기점,(5차로)승용차관련사고처리중,127.1707,37.5669
2025-05-16 12:00,고속도로,기점,(갓길)중형화물차화재처리중,127.3424,36.9818
2025-05-16 12:00,고속도로,기점,(3차로)화물차관련사고처리중,126.9079,37.0496
2025-05-16 12:00,고속도로,기점,(2차로)대형화물차사고처리완료,128.1065,36.7153
2025-05-16 13:00,고속도로,기점,(하이패스화물차차로)승용차단독사고처리중,127.0202,37.3928
2025-05-16 14:00,고속도로,종점,"(1,3차로)대형차관련사고처리중",126.6624,37.4383
2025-05-16 15:00,고속도로,종점,"(4차로,갓길)승용차관련화재사고처리중",126.7487,37.5442
2025-05-16 15:00,고속도로,종점,(갓길)대형화물차관련사고처리중,127.1697,36.9706
2025-05-16 15:00,고속도로,종점,(3차로)대형차관련사고처리중,126.6679,37.4377
2025-05-16 15:00,고속도로,기점,(1차로)사고처리중,126.7865,37.4577
2025-05-16 16:00,고속도로,기점,(갓길)승용차관련사고처리중,129.0438,35.3447
2025-05-16 16:00,고속도로,종점,"(4차로,갓길)승용차관련화재사고처리중",126.7487,37.5442
2025-05-16 17:00,고속도로,기점,(갓길)승용차사고처리중,126.6773,34.699
2025-05-16 18:00,고속도로,종점,(갓길)승용차관련사고처리중,127.16,37.5333
2025-05-16 18:00,고속도로,기점,"(2차로,갓길)승용차추돌사고처리중",127.1997,35.3699
2025-05-16 18:00,고속도로,기점,"(진출로1차로,거제방향)사고처리중",128.443,34.8666
2025-05-16 18:00,고속도로,기점,(진출로1차로)전주영업소진출램프사고처리중,127.0552,35.878
2025-05-16 18:00,고속도로,기점,(1차로)승합차단독사고처리중,126.8448,35.8897
2025-05-16 18:00,고속도로,종점,불암산터널(38.1K)(1차로)승용차사고처리중  퇴계원 불암산터널5km정체,127.1205,37.6545
2025-05-16 18:00,고속도로,기점,(진출로2차로)승용차관련사고처리중,128.6673,35.9178
2025-05-16 18:00,고속도로,종점,(갓길)승용차관련사고처리중,127.3205,37.3536
2025-05-16 18:00,고속도로,기점,(2차로)화물차관련사고처리중,128.5358,36.108
2025-05-16 19:00,고속도로,기점,(진출로갓길)승용차추돌사고처리완료,129.0461,35.3639
2025-05-16 19:00,고속도로,종점,(1차로)승용차단독사고처리중,127.3253,35.5898
2025-05-16 19:00,고속도로,종점,"(1,2차로)사고처리중",127.1327,37.0729
2025-05-16 19:00,고속도로,기점,(갓길)승용차고장처리중,127.0875,35.2644
2025-05-16 19:00,고속도로,기점,(2차로)화물차관련사고처리중,128.5358,36.108
2025-05-16 19:00,고속도로,종점,(갓길)승용차관련사고처리중,127.3205,37.3536
2025-05-16 19:00,고속도로,종점,(2차로)승용차사고처리중,127.1722,37.2808
2025-05-16 20:00,고속도로,기점,"(3차로,갓길)승용차사고처리중",126.9236,37.0487
2025-05-16 20:00,고속도로,기점,(2차로)승용차단독사고처리중,128.91,35.2247
2025-05-16 20:00,고속도로,종점,(1차로)승용차추돌사고처리중,128.9771,35.2267
2025-05-16 20:00,고속도로,기점,"(1,2차로)승용차관련사고처리중",128.039,35.1885
2025-05-16 21:00,고속도로,종점,(1차로)단독사고처리중,127.2545,35.1394
2025-05-16 21:00,고속도로,종점,(갓길)승용차닥독사고처리중,128.8212,37.7719
2025-05-16 21:00,고속도로,기점,(3차로)사고처리중,126.9023,37.2914
2025-05-16 23:00,고속도로,종점,"(1,2차로)승용차관련사고처리중",126.8046,37.6359
2025-05-16 23:00,고속도로,기점,(진입로갓길)승용차단독사고처리중,129.0448,35.3286
2025-05-17 00:00,고속도로,기점,(갓길)승용차관련사고처리중,128.5764,36.7538
2025-05-17 01:00,고속도로,기점,특이사항,127.1026,36.0819
2025-05-17 02:00,고속도로,기점,특이사항,127.1026,36.0819
2025-05-17 03:00,고속도로,기점,특이사항,127.1026,36.0819
2025-05-17 03:00,고속도로,기점,(진입로갓길)승용차사고처리중,126.7463,37.4909
2025-05-17 04:00,고속도로,기점,특이사항,127.1026,36.0819
2025-05-17 05:00,고속도로,기점,특이사항,127.1026,36.0819
2025-05-17 06:00,고속도로,종점,(진입로광장부)화물차사고처리중,127.2202,37.5247
2025-05-17 06:00,고속도로,종점,(1차로)승용차사고처리중,127.0369,36.4465
2025-05-17 07:00,고속도로,기점,김해장유방향전면차단화물차단독사고처리중경마장방향우회,128.8951,35.1653
2025-05-17 08:00,고속도로,종점,(갓길)승용차단독사고처리중,127.4191,36.3961
2025-05-17 08:00,고속도로,종점,(갓길)화물차고장처리중,128.7348,35.2763
2025-05-17 08:00,고속도로,기점,(5차로)사고처리중,127.1368,37.0463
2025-05-17 09:00,고속도로,종점,"(3,4차로)화물차고장처리중",128.7348,35.2763
2025-05-17 09:00,고속도로,종점,(진입로2차로)승용차관련사고처리중,127.2666,37.4489
2025-05-17 09:00,고속도로,종점,(2차로)승합차관련사고처리중,126.8917,37.4588
2025-05-17 09:00,고속도로,종점,(1차로)승용차추돌사고처리중,126.9293,35.1921
2025-05-17 10:00,고속도로,기점,(1차로)승용차사고처리중,127.4769,36.921
2025-05-17 10:00,고속도로,기점,(1차로)승용차관련사고처리중,127.2495,37.4668
2025-05-17 10:00,고속도로,종점,(수원방향진출로갓길)사고처리중,127.0422,37.3044
2025-05-17 10:00,고속도로,기점,(수원방향진출로갓길)사고처리중,127.0422,37.3044
2025-05-17 11:00,고속도로,기점,(1차로)승용차관련사고처리중,127.4408,37.1721
2025-05-17 11:00,고속도로,종점,(갓길)승용차관련사고처리중,126.7861,35.2867
2025-05-17 11:00,고속도로,기점,(갓길)승용챠관련사고처리중,128.4799,35.2714
2025-05-17 12:00,고속도로,기점,(1차로)승용차관련사고처리중,127.2836,37.1344
2025-05-17 12:00,고속도로,기점,(1차로)승용차관련사고처리중,127.1256,37.4659
2025-05-17 12:00,고속도로,종점,(1차로)화물차관련사고처리중,127.307,35.4064
2025-05-17 13:00,고속도로,기점,사고확인중,126.8917,37.4588
2025-05-17 13:00,고속도로,종점,(갓길)승용차관련사고처리중,127.1707,37.5669
2025-05-17 13:00,고속도로,종점,(1차로)승용차관련사고처리중,127.7227,37.0752
2025-05-17 13:00,고속도로,종점,(갓길)사고처리중,126.741,37.4012
2025-05-17 14:00,고속도로,종점,(1차로)사고처리중,126.7779,37.5987
2025-05-17 14:00,고속도로,기점,(1차로)소형화물차관련사고처리중,127.4115,36.9573
2025-05-17 14:00,고속도로,종점,(1차로)승용차관련사고처리중,128.5215,35.2833
2025-05-17 14:00,고속도로,기점,(2차로)승용차사고처리중,129.1866,37.412
2025-05-17 14:00,고속도로,종점,(갓길)승용차사고처리중,127.4155,36.4046
2025-05-17 14:00,고속도로,기점,(1차로)승용차관련사고처리중,127.5837,37.7234
2025-05-17 15:00,고속도로,종점,(1차로)승용차관려사고처리중,128.5522,35.2914
2025-05-17 17:00,고속도로,기점,(1차로)승용차사고처리중,126.7899,37.4574
2025-05-17 17:00,고속도로,종점,(1차로)사고처리중,127.1596,37.5342
2025-05-17 17:00,고속도로,종점,(갓길)승용차단독사고처리중,127.2136,35.3749
2025-05-17 18:00,고속도로,종점,(갓길)승용차단독사고처리중,127.2136,35.3749
2025-05-17 19:00,고속도로,종점,"(1,2차로)승용차관련사고처리중",128.31,37.929
2025-05-17 20:00,고속도로,기점,(2차로)승용차관련추돌사고처리중,127.0225,35.3238
2025-05-17 21:00,고속도로,기점,(2차로)승용관련사고처리중,126.6399,36.1161
2025-05-18 00:00,고속도로,종점,(갓길)승용차단독사고처리중,128.4654,35.5762
2025-05-18 03:00,고속도로,기점,"(1,2,3,4차로)화물차관련사고처리중",127.4273,36.5866
2025-05-18 04:00,고속도로,기점,"(1,2차로)화물차관련사고처리중",127.4273,36.5866
2025-05-18 05:00,고속도로,기점,"(1,2차로)화물차관련사고처리중",127.4273,36.5866
2025-05-18 06:00,고속도로,기점,"(1,2,3차로)화물차관련사고처리중",127.4273,36.5866
2025-05-18 06:00,고속도로,종점,(갓길)승용차단독사고처리중,128.868,35.2205
2025-05-18 07:00,고속도로,종점,(1차로)화물차관련사고처리중,128.3695,36.07
2025-05-18 07:00,고속도로,기점,"(1,2,3차로)화물차관련사고처리중",128.3695,36.07
2025-05-18 07:00,고속도로,종점,(3차로)사고처리중,126.8069,37.4319
2025-05-18 08:00,고속도로,기점,"(1,2,3차로)화물차관련사고처리중",128.3695,36.07
2025-05-18 11:00,고속도로,기점,(갓길)승용차사고처리중,126.8284,37.3479
2025-05-18 13:00,고속도로,종점,(갓길)승용차관련사고처리중,129.2078,35.2818
2025-05-18 13:00,고속도로,종점,(1차로)승용차관련사고처리중,126.8754,37.1603
2025-05-18 15:00,고속도로,기점,(진입로1차로)승용차접촉사고처리중,127.1722,37.5768
2025-05-18 15:00,고속도로,종점,"(2차로,갓길)1t화물차량화재사고처리중",126.8502,35.5942
2025-05-18 15:00,고속도로,종점,(1차로)승용차관련사고처리중,127.9244,35.0536
2025-05-18 15:00,고속도로,종점,(1차로)승용단독사고처리중,126.8355,35.9596
2025-05-18 16:00,고속도로,기점,(1차로)승용관련사고처리중,126.8302,35.5741
2025-05-18 16:00,고속도로,기점,(1차로)승용차관련추돌사고처리중,127.6307,37.1662
2025-05-18 16:00,고속도로,종점,(갓길)추돌사고처리중,127.2425,36.1728
2025-05-18 16:00,고속도로,종점,(1차로)승용차관련추돌사고처리중,128.0938,36.7253
2025-05-18 17:00,고속도로,기점,"(1,2차로)승용차관련사고처리중",126.8698,37.3396
2025-05-18 17:00,고속도로,기점,(진출로갓길)승용차사고처리중,127.1959,36.4942
2025-05-18 18:00,고속도로,종점,(4차로)승용차관련사고처리중,126.7992,37.6182
2025-05-18 21:00,고속도로,종점,(갓길)승용차사고처리중,127.0794,36.4865
2025-05-18 21:00,고속도로,종점,"(2차로,갓길)승용차관련사고처리중",129.4085,35.8432
2025-05-19 01:00,고속도로,기점,"(1차로,갓길)승용차관련사고처리중",127.4528,37.6488
2025-05-19 02:00,고속도로,종점,(갓길)화물차관련사고처리중,126.5929,36.8336
2025-05-19 07:00,고속도로,기점,(5차로)버스관련사고처리중,127.1368,37.0463
2025-05-19 07:00,고속도로,종점,(2차로)중형화물차단독사고처리중,127.8635,37.0685
2025-05-19 07:00,고속도로,종점,(갓길)승용차고장처리중,128.4276,35.9917
2025-05-19 07:00,고속도로,종점,(1차로)승용차관련사고처리중,128.9845,35.2456
2025-05-19 08:00,고속도로,종점,(2차로)중형화물차단독사고처리중,127.8635,37.0685
2025-05-19 08:00,고속도로,기점,(5차로)버스관련사고처리중,127.1368,37.0463
2025-05-19 08:00,고속도로,종점,(1차로)승용차관련사고처리중,129.1066,35.279
2025-05-19 08:00,고속도로,종점,(갓길)승용차관련사고처리중,126.8041,37.351
2025-05-19 09:00,고속도로,기점,(1차로)추돌사고처리중,127.1224,37.4169
2025-05-19 09:00,고속도로,기점,(1차로)승용차단독사고처리중,128.2468,37.0405
2025-05-19 10:00,고속도로,종점,"(1,3차로)추돌사고처리중",127.1935,37.3907
2025-05-19 10:00,고속도로,기점,(갓길)중형화물단독사고처리중,126.6815,35.4923
2025-05-19 11:00,고속도로,종점,"(1,2차로)버스관련사고처리중 임실나들목우회가능",127.238,35.7274
2025-05-19 12:00,고속도로,종점,(5차로)추돌사고처리중,127.1612,37.5781
2025-05-19 12:00,고속도로,종점,(4차로)승용차관련사고처리중,126.709,37.5237
2025-05-19 12:00,고속도로,종점,"(1,2차로)버스관련사고처리중 임실나들목우회가능",127.238,35.7274
2025-05-19 13:00,고속도로,기점,"(4차로)승용차,화물차관련사고처리중",126.8188,37.4349
2025-05-19 13:00,고속도로,종점,(1차로)화물차관련견인및적재물(사료)처리작업중,127.238,35.7274
2025-05-19 14:00,고속도로,기점,(1차로)대형화물차단독사고처리중,127.94,35.3149
2025-05-19 14:00,고속도로,기점,(갓길)승용차관련사고처리중,129.0102,35.9051
2025-05-19 14:00,고속도로,종점,"(3차로,갓길)화물차관련사고처리중",126.875,37.2262
2025-05-19 15:00,고속도로,기점,(1차로)트레일러단독사고처리중,127.94,35.3131
2025-05-19 15:00,고속도로,기점,(3차로)승용차관련사고처리중,127.4294,36.5687
2025-05-19 15:00,고속도로,기점,(1차로)승용차관련추돌사고처리중,127.3514,37.6342
2025-05-19 15:00,고속도로,종점,"(3차로,갓길)화물차관련사고처리중",126.875,37.2262
2025-05-19 16:00,고속도로,종점,"(2차로,갓길)승합차단독사고처리중",127.5838,36.0125
2025-05-19 16:00,고속도로,기점,(3차로)사고처리중,126.8605,37.344
2025-05-19 16:00,고속도로,종점,"(2차로,갓길)화물차사고처리중",128.7927,35.9537
2025-05-19 16:00,고속도로,기점,(1차로)트레일러단독사고처리중,127.94,35.3131
2025-05-19 16:00,고속도로,종점,(갓길)승용차관련사고처리중,127.7975,35.5169
2025-05-19 17:00,고속도로,종점,"(2차로,갓길)화물차사고처리중",128.7927,35.9537
2025-05-19 17:00,고속도로,종점,(1차로)승용차관련사고처리중,127.7899,35.518
2025-05-19 17:00,고속도로,종점,(1차로)승용차관련사고처리중,129.0111,35.3037
2025-05-19 18:00,고속도로,기점,"(4,5차로)승합차사고처리중",126.9888,37.3835
2025-05-19 18:00,고속도로,종점,"(2차로,갓길)화물차사고처리중",128.7927,35.9537
2025-05-19 19:00,고속도로,기점,"(2차로,갓길)대형화물차화재사고처리중",127.9016,35.632
2025-05-19 20:00,고속도로,기점,"(2차로,갓길)대형화물차화재사고처리중",127.9016,35.632
2025-05-19 23:00,고속도로,기점,(갓길)승용차관련사고처리중,127.8537,36.2496
2025-05-20 00:00,고속도로,종점,(3차로)승용차단독사고처리중,126.7683,37.3634
2025-05-20 04:00,고속도로,기점,(2차로)승용차관련사고처리중,126.5526,36.6796
2025-05-20 04:00,고속도로,기점,(2차로)승용차사고처리중,126.9237,37.8358
2025-05-20 05:00,고속도로,기점,(2차로)승용차사고처리중,126.9237,37.8358
2025-05-20 07:00,고속도로,종점,(진출로갓길)소형화물차단독사고처리중,128.1263,35.1628
2025-05-20 08:00,고속도로,종점,(갓길)승용차단독사고처리중,128.0074,37.2732
2025-05-20 08:00,고속도로,기점,"(2,3차로)승용차,화물차관련사고처리중",126.6513,37.4369
2025-05-20 10:00,고속도로,종점,(1차로)대형화물차관련사고처리중,127.5656,36.5115
2025-05-20 11:00,고속도로,기점,(2차로)승합차관련사고처리중,127.5551,34.9895
2025-05-20 13:00,고속도로,종점,"(2,3차로)승용차관련사고처리중",127.2576,37.2458
2025-05-20 13:00,고속도로,종점,"(2차로,갓길)승용차관련사고처리중",127.1605,36.9819
2025-05-20 14:00,고속도로,종점,(2차로)화물차추돌사고처리중,128.255,35.9159
2025-05-20 14:00,고속도로,종점,(3차로)화물차관련사고처리중,128.0642,36.1385
2025-05-20 15:00,고속도로,기점,(2차로)화물차단독사고처리중,127.2456,36.1815
2025-05-20 16:00,고속도로,기점,(2차로)화물차단독사고처리중,127.2456,36.1815
2025-05-20 17:00,고속도로,기점,(2차로)화물차관련사고처리중,128.775,35.9528
2025-05-20 17:00,고속도로,기점,"(1,2차로)버스관련사고처리중",128.9056,35.2249
2025-05-20 18:00,고속도로,종점,(1차로)화물차관련사고처리중,128.5122,35.4589
2025-05-20 18:00,고속도로,종점,(진출로1차로)화물차관련사고처리중,126.7292,37.4333
2025-05-20 18:00,고속도로,종점,(4차로)승용차관련사고처리중,127.1643,37.5743
2025-05-20 18:00,고속도로,종점,(3차로)승용차관련사고처리중,127.1575,37.5384
2025-05-20 19:00,고속도로,종점,(1차로)승용차사고처리중,126.9023,37.2941
2025-05-20 19:00,고속도로,종점,(1차로)화물차관련사고처리중,128.5122,35.4589
2025-05-20 19:00,고속도로,기점,"(4차로,갓길)승용차사고처리중",128.513,35.8219
2025-05-20 23:00,고속도로,기점,(3차로)승용차사고처리중,126.7475,37.524
2025-05-21 05:00,고속도로,기점,(갓길)사고처리중,126.9659,35.7052
2025-05-21 06:00,고속도로,기점,(갓길)승용차관련사고처리중,126.7055,37.4336
2025-05-21 07:00,고속도로,기점,(1차로)사고처리중,126.7469,37.4882
2025-05-21 08:00,고속도로,기점,(1차로)승용차관련사고처리중,127.4086,37.2633
2025-05-21 09:00,고속도로,기점,"(1,2차로,갓길)화물차사고처리중",128.1222,35.7072
2025-05-21 09:00,고속도로,종점,(3차로)승용차관련사고처리중,128.9697,35.2193
2025-05-21 09:00,고속도로,종점,(3차로)사고처리중,126.7067,37.5237
2025-05-21 10:00,고속도로,종점,(갓길),128.5757,36.728
2025-05-21 10:00,고속도로,기점,(1차로)사고처리중,126.8436,37.4404
2025-05-21 10:00,고속도로,종점,(1차로)화물차단독사고처리중,129.0431,35.3309
2025-05-21 10:00,고속도로,기점,(갓길)사고처리중,127.0716,37.8523
2025-05-21 11:00,고속도로,기점,"(1,2차로)화물차관련사고처리중",128.4899,35.9072
2025-05-21 12:00,고속도로,기점,(2차로)승용차관련사고처리중,127.12,37.0979
2025-05-21 12:00,고속도로,기점,(1차로)승용차관련추돌사고처리중,127.3056,35.0323
2025-05-21 13:00,고속도로,기점,(1차로)승용차관련사고처리중,127.0648,37.3952
2025-05-21 15:00,고속도로,종점,"(1,2차로)승용차사고처리중",127.7225,37.0761
2025-05-21 16:00,고속도로,기점,"(진입로1,5차로)버스관련사고처리중",126.8556,37.3828
2025-05-21 18:00,고속도로,종점,(갓길)승용차관련사고처리중,128.8951,35.1653
2025-05-21 19:00,고속도로,기점,(2차로)승용차관련사고처리중,128.5115,37.6427
2025-05-21 22:00,고속도로,기점,(2차로)중형화물차관련사고처리중,126.8079,37.4325
2025-05-22 04:00,고속도로,종점,(2차로)화물차관련사고처리중,128.5355,36.1063
2025-05-22 05:00,고속도로,종점,"(1,2차로)사고처리중",127.3363,37.2518
2025-05-22 08:00,고속도로,기점,(1차로)승용차관련사고처리중,127.1569,37.5554
2025-05-22 08:00,고속도로,기점,(갓길)추돌사고처리중,126.8952,35.1845
2025-05-22 08:00,고속도로,종점,"(2차로,갓길)2대관련사고처리중",126.8341,35.9764
2025-05-22 09:00,고속도로,종점,(진입로2차로)버스관련사고처리중,127.1038,37.2642
2025-05-22 09:00,고속도로,종점,(갓길)승용차관련사고처리중,127.0939,37.1941
2025-05-22 10:00,고속도로,종점,"(3차로,갓길)사고처리중",126.7849,37.3562
2025-05-22 11:00,고속도로,종점,(1차로)승용차관련사고처리중,127.2248,37.5966
2025-05-22 12:00,고속도로,기점,(4차로)승용차관련사고처리중,127.4319,36.5509
2025-05-22 13:00,고속도로,종점,(갓길)승용차단독사고처리중,128.9757,35.2193
2025-05-22 13:00,고속도로,종점,"(1,2차로)화물차관련사고처리중",127.9933,35.7053
2025-05-22 13:00,고속도로,기점,(갓길)승용차관련사고처리중,126.8754,37.3354
2025-05-22 13:00,고속도로,종점,(갓길)화물사고처리중,127.6106,35.7256
2025-05-22 14:00,고속도로,종점,(갓길)화물사고처리중,127.6106,35.7256
2025-05-22 14:00,고속도로,종점,(진입로1차로)화물차관련사고처리중,126.8837,37.1197
2025-05-22 14:00,고속도로,종점,"(1,2차로)승용차관련사고처리중",128.2283,35.1943
2025-05-22 15:00,고속도로,종점,(갓길)화물사고처리중,127.6106,35.7256
2025-05-22 16:00,고속도로,종점,"(3,4차로)사고처리중",126.7513,37.523
2025-05-22 16:00,고속도로,기점,(갓길)승용차관련사고처리중,129.0457,35.3532
2025-05-22 16:00,고속도로,종점,(진입로갓길)사고처리중,126.7066,37.4337
2025-05-22 18:00,고속도로,종점,(갓길)승용차관련사고처리중,126.9247,37.0487
2025-05-22 18:00,고속도로,종점,(1차로)승용차관련사고처리중,127.4419,37.1901
2025-05-22 18:00,고속도로,종점,(1차로)승용차관련사고처리중,127.28,37.4442
2025-05-22 18:00,고속도로,기점,(1차로)승용차관련사고처리중,128.551,35.9899
2025-05-22 19:00,고속도로,종점,(1차로)승용차관련사고처리중,127.28,37.4442
2025-05-22 20:00,고속도로,종점,(진출로갓길)승용차단독사고처리중,129.1122,35.2836
2025-05-22 20:00,고속도로,기점,"(1,2차로,갓길)대형화물차단독화재사고처리중",126.988,36.5484
2025-05-22 21:00,고속도로,종점,(2차로)화물차사고처리중,127.1233,37.4349
2025-05-22 21:00,고속도로,종점,(갓길)화물차단독화재사고처리중,128.6176,35.9161
2025-05-22 21:00,고속도로,기점,"(1,2차로,갓길)대형화물차단독화재사고처리중",126.988,36.5484
2025-05-22 21:00,고속도로,종점,(진출로1차로)대형화물차관련사고처리중,126.8692,37.3696
2025-05-22 21:00,고속도로,종점,전면차단사고처리중,126.972,36.5675
2025-05-22 21:00,고속도로,당진방향,염산 유출로 인한 양방향 전면차단,126.989465,36.54707
2025-05-22 22:00,고속도로,기점,"(1,2차로,갓길)대형화물차단독화재사고처리중",126.988,36.5484
2025-05-22 22:00,고속도로,종점,전면차단사고처리중,126.972,36.5675
2025-05-22 22:00,고속도로,당진방향,염산 유출로 인한 양방향 전면차단,126.989465,36.54707
2025-05-22 23:00,고속도로,기점,"(1,2차로,갓길)대형화물차단독화재사고처리중",126.988,36.5484
2025-05-22 23:00,고속도로,기점,(2차로)승용차관련사고처리중,126.6964,37.4334
2025-05-22 23:00,고속도로,당진방향,염산 유출로 인한 양방향 전면차단,126.989465,36.54707
2025-05-23 00:00,고속도로,당진방향,염산 유출로 인한 양방향 전면차단,126.989465,36.54707
2025-05-23 00:00,고속도로,기점,대형화물차단독화재사고처리중전면차단중,127.0245,36.4946
2025-05-23 05:00,고속도로,기점,"(1,2차로)승용차단독사고처리중",129.25,35.345
2025-05-23 06:00,고속도로,기점,(갓길)승용차관련사고처리중,128.9092,35.3019
2025-05-23 06:00,고속도로,기점,(2차로)승용차단독사고처리중,128.7149,38.0018
2025-05-23 06:00,고속도로,종점,(1차로)승용차관련사고처리중,126.8176,37.3503
2025-05-23 06:00,고속도로,기점,"(4차로,갓길)사고처리중",127.1123,36.0019
2025-05-23 08:00,고속도로,기점,(3차로)사고처리중,126.9036,37.0506
2025-05-23 09:00,고속도로,기점,(3차로)사고처리중,126.9036,37.0506
2025-05-23 10:00,고속도로,종점,(2차로)승용차관련사고처리중,127.1569,37.5933
2025-05-23 12:00,고속도로,기점,(갓길)승용차단독사고처리중,126.8787,36.5911
2025-05-23 12:00,고속도로,기점,(갓길)승용차화재사고처리중,126.9011,37.3719
2025-05-23 13:00,고속도로,기점,"(3,4차로)승용차화물차추돌사고처리중",127.1771,36.7761
2025-05-23 14:00,고속도로,종점,(1차로)승용차관련사고처리중,128.0529,36.7474
2025-05-23 15:00,고속도로,종점,(갓길)승용차사고처리중,126.8963,37.4299
2025-05-23 15:00,고속도로,종점,(갓길)사고처리중,127.0656,37.4346
2025-05-23 15:00,고속도로,종점,(2차로)대형화물차관련사고처리중,127.5065,36.8024
2025-05-23 16:00,고속도로,기점,(갓길)승용차관련사고처리중,128.919,37.6874
2025-05-23 16:00,고속도로,종점,"(1,2차로)승용차1대,중형화물차1대추돌사고처리중",126.8842,35.1849
2025-05-23 16:00,고속도로,종점,"(4차로,갓길)화물차관련사고처리중",128.6749,35.2738
2025-05-23 16:00,고속도로,기점,"(3차로,갓길)승용차사고처리중",127.0237,37.3134
2025-05-23 17:00,고속도로,종점,"(2,3차로)승용차관련사고처리중",127.1535,37.5681
2025-05-23 17:00,고속도로,기점,(1차로)화물차관련사고처리중,128.5323,36.0553
2025-05-23 17:00,고속도로,기점,(갓길)승용차관련사고처리중,128.9806,35.2353
2025-05-23 18:00,고속도로,종점,(갓길)승용차관련사고처리중,128.3215,36.3751
2025-05-23 20:00,고속도로,기점,(1차로)사고처리중,126.9144,37.3736
2025-05-23 21:00,고속도로,종점,(5차로)승용차사고처리중,126.8652,37.3593
2025-05-23 21:00,고속도로,기점,(1차로)승용차관련사고처리중,127.4612,36.7393
2025-05-23 21:00,고속도로,기점,(갓길)승용차관련사고처리중,126.9574,37.3792
2025-05-23 22:00,고속도로,종점,(진출로1차로)사고처리중,126.7512,37.5355
2025-05-23 23:00,고속도로,종점,(6차로)추돌사고처리중,127.0727,37.4275
2025-05-23 23:00,고속도로,종점,(1차로)승용차단독사고처리중,127.0659,35.2611
2025-05-23 23:00,고속도로,종점,"(1,3차로)사고처리중",126.9477,37.0454
2025-05-23 23:00,고속도로,종점,(진출로1차로)사고처리중,126.7512,37.5355
2025-05-24 00:00,고속도로,기점,(1차로)추돌사고처리중,127.1235,37.4322
2025-05-24 01:00,고속도로,기점,(갓길)사고처리중,127.2219,37.5157
2025-05-24 02:00,고속도로,종점,(5차로)사고처리중,127.1003,37.3992
2025-05-24 02:00,고속도로,기점,순찰차교체운행,127.1026,36.0819
2025-05-24 04:00,고속도로,기점,"(1,3차로)사고처리중",126.9821,37.3204
2025-05-24 05:00,고속도로,기점,(갓길)승용차단독사고처리중,127.4459,37.0987
2025-05-24 05:00,고속도로,기점,(갓길)사고처리중,127.0828,37.0331
2025-05-24 06:00,고속도로,기점,(갓길)화물차관련사고처리중,128.4593,35.2713
2025-05-24 06:00,고속도로,기점,(진입로갓길)사고처리중(진입불가),127.0828,37.0331
2025-05-24 07:00,고속도로,기점,(진출로갓길)승용차단독사고처리중,128.7201,35.2798
2025-05-24 09:00,고속도로,기점,(1차로)승용차관련사고처리중,127.4957,36.8097
2025-05-24 10:00,고속도로,종점,(갓길)사고처리중,126.8161,37.5226
2025-05-24 10:00,고속도로,종점,(1차로)추돌사고처리중,126.9128,35.1833
2025-05-24 10:00,고속도로,기점,(2차로)승용차관련사고처리중,128.6119,35.2847
2025-05-24 10:00,고속도로,기점,(갓길)승용차관련사고처리중,127.3169,37.3714
2025-05-24 11:00,고속도로,기점,(갓길)승용차관련사고처리중,128.6119,35.2847
2025-05-24 11:00,고속도로,기점,(1차로)사고처리중,127.1445,37.5048
2025-05-24 11:00,고속도로,종점,(1차로)승용차관련사고처리중,127.1445,37.5048
2025-05-24 12:00,고속도로,기점,(1차로)승용차고장처리중,127.491,36.8174
2025-05-24 14:00,고속도로,기점,(1차로)승용차관련사고처리중,126.7397,37.4379
2025-05-24 14:00,고속도로,종점,(1차로)승용차관련사고처리중,126.9395,37.3287
2025-05-24 15:00,고속도로,기점,(1차로)승용차관련사고처리중,127.6249,37.1704
2025-05-24 15:00,고속도로,기점,(갓길)승용차관련사고처리중,126.7397,37.4379
2025-05-24 15:00,고속도로,기점,(1차로)추돌사고처리중,127.1535,37.5681
2025-05-24 17:00,고속도로,종점,"(1,2차로)대형버스관련사고처리중",127.4191,36.3961
2025-05-24 17:00,고속도로,종점,(갓길)추돌사고처리중,127.3165,37.3782
2025-05-24 17:00,고속도로,종점,(2차로)사고처리중,127.0964,37.1274
2025-05-24 18:00,고속도로,종점,"(1,2차로)대형버스관련사고처리중",127.4191,36.3961
2025-05-24 18:00,고속도로,종점,(1차로)화물차사고처리중,127.4663,36.3496
2025-05-24 18:00,고속도로,종점,(진입로2차로)승용차단독사고처리중,128.7866,35.877
2025-05-24 18:00,고속도로,종점,(갓길)승용차관련사고처리중,126.8891,37.0666
2025-05-24 18:00,고속도로,기점,(갓길)승용차관련사고처리중,126.7449,37.3938
2025-05-24 18:00,고속도로,기점,(진출로3차로)화물차관련사고처리중,126.971,37.0319
2025-05-24 18:00,고속도로,종점,(진출로3차로)화물차관련사고처리중,126.971,37.0319
2025-05-24 19:00,고속도로,종점,(1차로)승용차단독사고처리중,128.1013,37.0647
2025-05-24 21:00,고속도로,종점,(진출로2차로)승용차관련사고처리중,128.5297,35.8928
2025-05-24 23:00,고속도로,기점,(진출로갓길)승용차단독사고처리중,128.7976,35.5138
2025-05-25 00:00,고속도로,기점,(진입로갓길)(휴게소)진입로사고처리중,127.2203,37.3396
2025-05-25 00:00,고속도로,기점,(광장부)사고처리중,127.1033,37.3633
2025-05-25 00:00,고속도로,기점,(3차로)승용차사고처리중,127.2182,37.3663
2025-05-25 01:00,고속도로,종점,(진출로2차로)승용차단독사고처리중,128.9056,35.2249
2025-05-25 01:00,고속도로,기점,(2차로)승용차관련사고처리중,128.8392,37.751
2025-05-25 06:00,고속도로,기점,"(1,2차로)차량화재사고처리중",128.9453,35.922
2025-05-25 06:00,고속도로,기점,"(1,2차로)대형화물차관련사고처리중",127.4225,35.0121
2025-05-25 09:00,고속도로,종점,(갓길)승용차단독사고처리중,128.2426,35.9338
2025-05-25 11:00,고속도로,기점,(1차로)승용차관련사고처리중,127.1456,37.5064
2025-05-25 11:00,고속도로,종점,(2차로)사고처리중,127.1385,37.0374
2025-05-25 11:00,고속도로,종점,(2차로)승용차사고처리중,126.8678,37.3785
2025-05-25 12:00,고속도로,종점,(갓길)소형화물차사고처리중,126.8678,37.3785
2025-05-25 14:00,고속도로,종점,"(2,3차로)승용차사고처리중",127.4324,36.5464
2025-05-25 15:00,고속도로,기점,(1차로)승용차사고처리중,128.5316,37.6453
2025-05-25 15:00,고속도로,종점,(1차로)승용차관련사고처리중,128.5027,35.2638
2025-05-25 15:00,고속도로,종점,(1차로)승용차관련사고처리중,126.7307,36.9057
2025-05-25 15:00,고속도로,기점,(2차로)승용차관련사고처리중,127.3737,36.6511
2025-05-25 16:00,고속도로,종점,(갓길)승용차관련사고처리중,127.4295,36.4978
2025-05-25 16:00,고속도로,종점,"(1차로)승용차,화물차관련사고처리중",126.8105,37.5218
2025-05-25 16:00,고속도로,종점,(1차로)승용차관련사고처리중,126.9608,37.3238
2025-05-25 17:00,고속도로,기점,"(1,2차로)승용차사고처리중",128.3818,37.5634
2025-05-25 19:00,고속도로,기점,(1차로)승용차추돌사고처리중,127.3903,37.633
2025-05-25 20:00,고속도로,기점,(2차로)승용차단독사고처리중,128.4779,35.7567
2025-05-25 22:00,고속도로,종점,"(1,2차로)승용차관련사고처리중",127.2752,36.7327
2025-05-26 02:00,고속도로,기점,"(3,4,5차로)승용차관련사고처리중",127.1651,36.805
2025-05-26 04:00,고속도로,종점,"(4,5차로)사고처리중",127.1034,37.3453
2025-05-26 07:00,고속도로,기점,(2차로)승용차사고처리중,126.7866,37.6043
2025-05-26 07:00,고속도로,종점,(2차로)승용차사고처리중,128.3328,37.9402
2025-05-26 08:00,고속도로,기점,"(진입로1,2차로)추돌사고처리중",127.1484,37.5104
2025-05-26 08:00,고속도로,기점,(1차로)2대관련사고처리중,127.1738,36.1583
2025-05-26 09:00,고속도로,종점,(갓길)소형화물차고장처리중,126.5508,35.0545
2025-05-26 11:00,고속도로,기점,(2차로)승용차관련사고처리중,128.248,35.9203
2025-05-26 11:00,고속도로,기점,(1차로)승용차관련추돌사고처리중,127.4812,37.0141
2025-05-26 12:00,고속도로,종점,(1차로)소형화물차단독사고처리중,127.7448,36.4566
2025-05-26 13:00,고속도로,기점,"(1,2차로)트레일러단독사고처리중",128.4821,35.4022
2025-05-26 13:00,고속도로,기점,(갓길)승용단독사고처리중,127.29,35.3944
2025-05-26 13:00,고속도로,종점,(5차로)승용차관련사고처리중,127.1385,37.0374
2025-05-26 13:00,고속도로,기점,(5차로)화물차관련사고처리중,128.6909,35.8879
2025-05-26 14:00,고속도로,기점,(갓길)대형하물차단독사고처리중,127.4812,34.8974
2025-05-26 15:00,고속도로,기점,(갓길)승용차관련사고처리중,126.6953,37.4333
2025-05-26 15:00,고속도로,종점,(1차로)승용차관련사고처리중,128.9817,35.2378
2025-05-26 15:00,고속도로,기점,(갓길)대형하물차단독사고처리중,127.4812,34.8974
2025-05-26 15:00,고속도로,종점,(1차로)승용차관련추돌사고처리중,127.7229,37.0743
2025-05-26 16:00,고속도로,기점,(3차로)화물차관련사고처리중,129.2191,35.2704
2025-05-26 16:00,고속도로,기점,(1차로)승용차관련사고처리중,127.2353,37.2478
2025-05-26 17:00,고속도로,종점,"(2차로,갓길)승용차관련사고처리중",127.1156,35.3658
2025-05-26 18:00,고속도로,기점,"(1,2차로)승용차관련사고처리중",126.7709,37.4316
2025-05-26 18:00,고속도로,기점,"(2차로,갓길)소형화물차사고처리중",126.7321,36.7298
2025-05-26 18:00,고속도로,기점,(1차로)승용차관련사고처리중,127.4995,36.8079
2025-05-26 18:00,고속도로,종점,"(1,2차로)사고처리중",126.8869,37.4079
2025-05-26 19:00,고속도로,기점,(갓길)화물차사고처리중,128.185,37.7991
2025-05-26 19:00,고속도로,종점,(진출로광장부)사고처리중,127.0353,37.0255
2025-05-26 20:00,고속도로,기점,"(2차로,갓길)승용차단독사고처리중",127.7951,37.0353
2025-05-26 21:00,고속도로,기점,(진입로1차로)승용차관련사고처리중,128.5102,35.9138
2025-05-26 21:00,고속도로,종점,"(1,2차로)화물차관련사고처리중",126.8308,36.2808
2025-05-26 22:00,고속도로,종점,(1차로)화물차관련사고처리중,126.8308,36.2808
2025-05-26 23:00,고속도로,종점,"(2차로,갓길)사고처리중",126.8414,35.8449
2025-05-26 23:00,고속도로,종점,(1차로)화물차관련사고처리중,126.8308,36.2808
2025-05-27 00:00,고속도로,종점,(2차로)승용차관련사고처리중,127.1994,37.5871
2025-05-27 00:00,고속도로,종점,"(1,2차로)화물차사고처리중",126.8414,35.8449
2025-05-27 01:00,고속도로,종점,(2차로)화물차사고처리중,126.8414,35.8449
2025-05-27 04:00,고속도로,기점,(2차로)승용차단독사고처리중,126.4802,35.0794
2025-05-27 07:00,고속도로,종점,(진출로갓길),126.7855,37.4299
2025-05-27 08:00,고속도로,기점,"(1,2차로)대형화물차사고처리중",127.1708,36.7905
2025-05-27 08:00,고속도로,기점,"(1,2차로)승용차관련사고처리중",128.4334,35.2767
2025-05-27 08:00,고속도로,기점,(진출로갓길)사고처리중,126.7066,37.4337
2025-05-27 08:00,고속도로,종점,"(1,2차로)대형화물차사고처리중",127.1708,36.7905
2025-05-27 09:00,고속도로,기점,"(1,2차로)대형화물차사고처리중",127.1708,36.7905
2025-05-27 09:00,고속도로,종점,(1차로)승용차관련사고처리중,127.399,36.4092
2025-05-27 09:00,고속도로,종점,"(1,2차로)대형화물차사고처리중",127.1708,36.7905
2025-05-27 09:00,고속도로,기점,(1차로)승용차관련추돌사고처리중,126.7636,35.1506
2025-05-27 10:00,고속도로,기점,"(1,2차로)승용차관련사고처리중",128.3762,35.2908
2025-05-27 10:00,고속도로,종점,(1차로)대형화물차사고처리중,127.1708,36.7905
2025-05-27 10:00,고속도로,기점,"(1,2차로)대형화물차사고처리중",127.1708,36.7905
2025-05-27 11:00,고속도로,종점,(갓길)사고처리중,126.7753,37.4585
2025-05-27 12:00,고속도로,종점,(1차로)사고처리중,126.6467,36.109
2025-05-27 17:00,고속도로,기점,"(2,3차로)승용차관련사고처리중",127.1752,36.8384
2025-05-27 17:00,고속도로,종점,(4차로)1톤화물차단독사고처리중,128.2214,35.1842
2025-05-27 18:00,고속도로,기점,(1차로)화물차관련사고처리중,128.5287,36.0297
2025-05-27 18:00,고속도로,종점,(2차로)승용차관련사고처리중,126.8955,37.2733
2025-05-28 03:00,고속도로,기점,(2차로)화물차관련사고처리중,128.4756,35.5476
2025-05-28 07:00,고속도로,기점,(진출로1차로)사고처리중,127.0939,37.4065
2025-05-28 08:00,고속도로,기점,(갓길)승용차관련사고처리중,128.8693,35.2951
2025-05-28 08:00,고속도로,기점,(갓길)사고처리중,126.7292,37.4333
2025-05-28 10:00,고속도로,종점,"(2차로,갓길)화물차관련사고처리중",128.7775,37.9302
2025-05-28 10:00,고속도로,기점,(2차로)화물차관련사고처리중,129.0158,37.6411
2025-05-28 11:00,고속도로,기점,(1차로)사고처리중,126.8816,37.04
2025-05-28 14:00,고속도로,기점,(갓길)승용차관련추돌사고처리중,127.3172,35.0297
2025-05-28 15:00,고속도로,기점,"(3,4,5차로)중형화물차관련사고처리중",127.1834,37.2707
2025-05-28 16:00,고속도로,종점,(갓길)승용차단독사고처리중,129.1933,35.7892
2025-05-28 16:00,고속도로,종점,(4차로)승용차관련사고처리중,126.8205,37.5232
2025-05-28 17:00,고속도로,종점,(중분대안전지대)화물차단독사고처리중,129.0635,36.0428
2025-05-28 17:00,고속도로,종점,(2차로)승용차관련사고처리중,126.7503,37.5176
2025-05-28 17:00,고속도로,종점,"(1,2차로)승용차관련사고처리중",126.8284,37.3479
2025-05-28 18:00,고속도로,기점,(1차로)승용차관련사고처리중,127.3565,37.2472
2025-05-28 18:00,고속도로,기점,(갓길)승용차관련추돌사고처리중,126.8274,35.2197
2025-05-28 20:00,고속도로,기점,(진출로1차로)승용차관련사고처리중,126.8188,37.4349
2025-05-28 22:00,고속도로,종점,(2차로)승용차단독사고처리중,129.3951,35.9105
2025-05-29 05:00,고속도로,기점,(갓길)화물차관련사고처리중,129.0991,35.5081
2025-05-29 05:00,고속도로,종점,(갓길)화물차관련사고처리중,129.1044,35.516
2025-05-29 06:00,고속도로,기점,(진출로1차로)승용차사고처리중,127.3205,37.3536
2025-05-29 06:00,고속도로,종점,(진출로갓길)화물차관련사고처리완료,129.1044,35.516
2025-05-29 08:00,고속도로,기점,(진출로갓길)화물차관련사고처리중,128.2659,36.1644
2025-05-29 08:00,고속도로,종점,(갓길)중형화물차관련사고처리중,126.8492,37.4399
2025-05-29 09:00,고속도로,종점,(2차로)승용차관련추돌사고처리중,126.8708,35.1917
2025-05-29 10:00,고속도로,종점,(갓길)버스관련사고처리중,127.1038,37.2642
2025-05-29 10:00,고속도로,종점,(1차로)승용차관련추돌사고처리중,126.8952,35.1845
2025-05-29 10:00,고속도로,종점,(갓길)화물차관련추돌사고처리중,126.54,35.0468
2025-05-29 14:00,고속도로,종점,(진출로갓길)대형화물차사고처리중,128.2937,36.376
2025-05-29 14:00,고속도로,기점,(1차로)승용차관련추돌사고처리중,126.7557,35.3508
2025-05-29 15:00,고속도로,종점,(진출로갓길)대형화물차사고처리중,128.2937,36.376
2025-05-29 17:00,고속도로,종점,(갓길)고장차처리중,127.5336,37.3547
2025-05-29 18:00,고속도로,종점,"(2차로,갓길)소형화물차화재처리중",126.7185,36.0887
2025-05-29 18:00,고속도로,종점,(갓길)고장차처리중,127.5336,37.3547
2025-05-29 18:00,고속도로,기점,(갓길)승용차사고처리중,126.7486,37.5087
2025-05-29 20:00,고속도로,기점,(갓길)승용차관련사고처리중,128.2881,36.3758
2025-05-29 20:00,고속도로,종점,(2차로)소형화물차관련사고처리중,128.1302,37.188
2025-05-29 20:00,고속도로,종점,(갓길)승용차사고처리중,126.8956,37.4237
2025-05-29 21:00,고속도로,종점,"(2차로,갓길)중형화물차사고처리중",126.5578,36.3693
2025-05-29 21:00,고속도로,기점,"(2차로,갓길)사고처리중",127.3208,37.3541
2025-05-29 21:00,고속도로,종점,(갓길)소형화물차관련사고처리중,128.1302,37.188
2025-05-29 21:00,고속도로,종점,(3차로)승용차단독사고처리중,128.2283,35.1943
2025-05-29 21:00,고속도로,기점,(갓길)승용차관련사고처리중,129.1818,35.6839
2025-05-29 23:00,고속도로,종점,(2차로)화물차관련사고처리중,127.8441,35.5678
2025-05-30 00:00,고속도로,기점,(2차로)화물차사고처리중,127.6248,36.2927
2025-05-30 00:00,고속도로,종점,"(2차로,갓길)승용차화재사고처리중",126.4958,34.9761
2025-05-30 00:00,고속도로,종점,(2차로)화물차관련사고처리중,127.8441,35.5678
2025-05-30 01:00,고속도로,종점,"(2차로,갓길)승용차화재사고처리중",126.4958,34.9761
2025-05-30 01:00,고속도로,기점,(2차로)화물차사고처리중,127.6248,36.2927
2025-05-30 02:00,고속도로,종점,(진출로2차로)화물차단독사고처리중,128.9453,35.922
2025-05-30 04:00,고속도로,기점,(2차로)승용차관련추돌사고처리중,127.3597,35.0179
2025-05-30 05:00,고속도로,기점,(2차로)승용차관련추돌사고처리중,127.349,35.0224
2025-05-30 05:00,고속도로,종점,(3차로)화물차관련사고처리중,128.0138,36.179
2025-05-30 06:00,고속도로,종점,"(3,4차로)승용차관련사고처리중",126.7993,37.5216
2025-05-30 09:00,고속도로,기점,(1차로)승용차관련사고처리중,126.8722,37.1907
2025-05-30 10:00,고속도로,종점,"(2차로,갓길)화재사고처리중",127.2508,35.8596
2025-05-30 10:00,고속도로,종점,(진입로갓길)중형화물차사고처리중,126.9435,37.0468
2025-05-30 10:00,고속도로,기점,"(1차로,갓길)승용차관련사고처리중",126.7593,37.4628
2025-05-30 11:00,고속도로,종점,"(2차로,갓길)화재사고처리중",127.2508,35.8596
2025-05-30 11:00,고속도로,종점,(6차로)승용차관련사고처리중,127.1753,37.5587
2025-05-30 11:00,고속도로,기점,(1차로)승용차단독사고처리중,129.0534,35.3837
2025-05-30 12:00,고속도로,기점,(3차로)소형화물차고장처리중,126.7179,37.4339
2025-05-30 13:00,고속도로,종점,(4차로)승용차고장처리중,129.0159,35.3184
2025-05-30 14:00,고속도로,기점,(1차로)승용차관련사고처리중,127.5879,37.7248
2025-05-30 14:00,고속도로,종점,(1차로)승용차관련사고처리중,128.1112,36.7073
2025-05-30 15:00,고속도로,종점,(5차로)사고처리중,127.0843,37.1508
2025-05-30 15:00,고속도로,기점,(1차로)승용차관련사고처리중,128.0861,36.7342
2025-05-30 15:00,고속도로,종점,(갓길)승용차관련사고처리중,126.8987,37.3026
2025-05-30 15:00,고속도로,기점,(1차로)소형화물차관련사고처리중,127.4115,36.9573
2025-05-30 16:00,고속도로,기점,"(1,2차로)승용차관련사고처리중",127.2425,37.3034
2025-05-30 16:00,고속도로,종점,(1차로)승용차관련사고처리중,128.1804,36.5128
2025-05-30 17:00,고속도로,종점,(1차로)승용차관련사고처리중,126.7672,37.3749
2025-05-30 17:00,고속도로,기점,(갓길)소형화물차추돌사고처리중,126.8379,35.2043
2025-05-30 17:00,고속도로,종점,(1차로)승용차관련사고처리중,127.2981,37.4228
2025-05-30 18:00,고속도로,종점,(2차로)승용차단독사고처리중,129.2195,35.5736
2025-05-30 18:00,고속도로,기점,(1차로)승용차관련사고처리중,128.5446,36.0113
2025-05-30 18:00,고속도로,기점,(1차로)승용차관련사고처리중,127.4277,36.9513
2025-05-30 18:00,고속도로,기점,(1차로)승용차관련사고처리중,127.0335,37.3101
2025-05-30 18:00,고속도로,기점,(갓길)소형화물차추돌사고처리중,126.8379,35.2043
2025-05-30 18:00,고속도로,종점,(갓길)화물차화재사고처리중,127.4904,37.4311
2025-05-30 19:00,고속도로,기점,(4차로)승용차사고처리중,126.7337,37.4331
2025-05-30 19:00,고속도로,종점,(갓길)화물차화재사고처리중,127.4904,37.4311
2025-05-30 20:00,고속도로,기점,(갓길)승용차사고처리중,126.812,37.4421
2025-05-30 20:00,고속도로,기점,"(1,2차로)승용차관련사고처리중",127.0096,37.3903
2025-05-30 20:00,고속도로,종점,(3차로)승용차관련사고처리중,127.1769,37.5544
2025-05-30 21:00,고속도로,기점,(갓길)승용차관련사고처리중,127.013,37.3106
2025-05-30 21:00,고속도로,종점,"(1,3차로,갓길)승용차사고처리중",126.8267,37.4401
2025-05-30 22:00,고속도로,기점,"(1,3차로,갓길)승용차사고처리중",126.8267,37.4401
2025-05-30 23:00,고속도로,기점,(3차로)승용차사고처리중,126.8267,37.4401
2025-05-31 00:00,고속도로,기점,(4차로)승용차관련사고처리중,126.7779,37.5987
2025-05-31 01:00,고속도로,기점,(진출로갓길)승용차관련사고처리중,126.7779,37.5987
2025-05-31 02:00,고속도로,기점,(갓길)대형화물차단독사고처리중,127.4298,37.2257
2025-05-31 04:00,고속도로,기점,(갓길)대형화물차화재사고처리중,128.3177,35.8683
2025-05-31 06:00,고속도로,종점,(1차로)승합차단독사고처리중,129.0796,35.2958
2025-05-31 07:00,고속도로,종점,(갓길)승용차단독사처리중,127.2486,35.1318
2025-05-31 10:00,고속도로,종점,(1차로)승용차사고처리중,126.7489,37.4821
2025-05-31 11:00,고속도로,기점,(진입로1차로)승용차단독사고처리중,128.5266,35.8353
2025-05-31 12:00,고속도로,종점,"(4,5차로)승용차관련사고처리중",127.1181,37.1021
2025-05-31 12:00,고속도로,기점,(갓길)승용차관련사고처리중,128.9969,35.2704
2025-05-31 12:00,고속도로,기점,"(1,3차로)승용차관련사고처리중",127.7747,37.7591
2025-05-31 13:00,고속도로,기점,(2차로)승용차관련사고처리중,127.6061,37.7296
2025-05-31 16:00,고속도로,종점,(진출로갓길)승용차관련사고처리중,127.3016,37.6324
2025-05-31 17:00,고속도로,기점,(1차로)승용차사고처리중,128.5221,36.0369
2025-05-31 17:00,고속도로,기점,(1차로)승용차관련사고처리중,127.4199,36.6196
2025-05-31 17:00,고속도로,종점,(2차로),126.8806,37.1284
2025-05-31 18:00,고속도로,종점,(2차로)화물차관련사고처리중,126.8882,37.1076
2025-05-31 18:00,고속도로,기점,(1차로)승용차사고처리완료,128.5221,36.0369
2025-05-31 18:00,고속도로,종점,(갓길)승용차관련사고처리중,126.9005,37.2853
2025-05-31 21:00,고속도로,기점,"(3차로,갓길)승용차관련사고처리중",126.8875,37.0934
2025-05-31 21:00,고속도로,종점,(갓길)승용차단독사고확인중,128.0986,37.2103
2025-06-01 04:00,고속도로,종점,"(1,2차로)승용차단독사고처리중",128.2519,35.2044
2025-06-01 06:00,고속도로,기점,(3차로)화물차관련사고처리중,127.1509,37.037
2025-06-01 07:00,고속도로,기점,(서부내륙고속도로진출로1차로)화물차사고처리중,126.8707,36.9786
2025-06-01 11:00,고속도로,기점,"(1,2차로)승용차관련사고처리중",128.596,35.2877
2025-06-01 11:00,고속도로,기점,(갓길)추돌사고처리중,127.0481,37.3959
2025-06-01 12:00,고속도로,기점,"(1,2차로)승용차관련추돌사고처리중",127.105,34.8139
2025-06-01 13:00,고속도로,종점,(1차로)승용차사고처리중,127.3147,36.2974
2025-06-01 13:00,고속도로,종점,(갓길)승용차단독사고처리중,128.2501,37.0399
2025-06-01 14:00,고속도로,종점,(갓길)승용차관련사고처리중,126.7379,37.429
2025-06-01 15:00,고속도로,기점,(2차로)고장차처리중,127.5871,37.2327
2025-06-01 16:00,고속도로,기점,(3차로)승용차관련사고처리중,128.9969,35.2864
2025-06-01 16:00,고속도로,기점,(진출로갓길)승용차단독사고처리중,129.2873,35.6734
2025-06-01 17:00,고속도로,기점,(4차로)화물차단독사고처리중,128.7864,35.2245
2025-06-01 21:00,고속도로,종점,"(2,3,4차로)사고처리중",126.7472,37.4874
2025-06-01 22:00,고속도로,종점,"(5차로,갓길)사고처리중",126.7472,37.4874
2025-06-01 23:00,고속도로,기점,(4차로)화물차관련사고처리중,127.22,37.336
2025-06-02 03:00,고속도로,종점,(갓길)화물차관련사고처리중,127.4175,37.2403
2025-06-02 05:00,고속도로,종점,"(4차로,갓길)화물차관련사고처리중",128.6953,35.8852
2025-06-02 05:00,고속도로,종점,"(3차로,갓길)화물차화재사고처리중",126.8987,37.3026
2025-06-02 07:00,고속도로,종점,(1차로)추돌사고처리중,127.1039,37.2462
2025-06-02 08:00,고속도로,기점,"(1,2차로)승용차관련사고처리중",127.1871,37.519
2025-06-02 09:00,고속도로,종점,(진출로갓길)승용차관련사고처리중,128.526,35.8437
2025-06-02 10:00,고속도로,기점,(2차로)대형화물차화재사고처리중,126.8546,35.1929
2025-06-02 17:00,고속도로,종점,"(1,2차로)승용차관련사고처리중",126.8878,37.0755
2025-06-02 18:00,고속도로,기점,(1차로)승용차사고처리중,127.1828,37.5418
2025-06-02 21:00,고속도로,종점,(5차로)사고처리중,126.7489,37.4821
2025-06-02 21:00,고속도로,종점,(진출로갓길)승용차단독사고처리중,129.0283,35.3272
2025-06-02 23:00,고속도로,종점,(갓길)중앙지선램프승용차단독사고처리중,128.9851,35.2796
2025-06-03 07:00,고속도로,기점,(갓길)화물차단독사고처리중,129.0631,35.4141
2025-06-03 08:00,고속도로,기점,(갓길)승용차관련사고처리중,127.349,36.7105
2025-06-03 09:00,고속도로,기점,(갓길)승용차관련사고처리중,127.349,36.7105
2025-06-03 09:00,고속도로,종점,(갓길)승용차사고처리중,126.5755,36.8126
2025-06-03 12:00,고속도로,기점,(기장방향진출로1차로)화물차단독사고처리중,128.7234,35.2789
2025-06-03 14:00,고속도로,종점,(1차로)승용차추돌사고처리중,126.9613,35.7026
2025-06-03 14:00,고속도로,종점,(2차로)승용차관련사고처리중,126.8927,37.4572
2025-06-03 15:00,고속도로,종점,(1차로)승용차추돌사고처리중,126.9613,35.7026
2025-06-03 17:00,고속도로,종점,(2차로)승용차관련사고처리중,127.0463,37.4567
2025-06-03 18:00,고속도로,종점,"(1,2,4차로)승용차관련사고처리중",126.8172,37.5228
2025-06-03 19:00,고속도로,종점,(1차로)승용차관련사고처리중,126.8172,37.5228
2025-06-03 23:00,고속도로,기점,"(1,2차로)화물차관련사고처리중",128.395,36.0697
2025-06-03 23:00,고속도로,종점,"(4차로,갓길)사고처리중",127.1758,36.9631
2025-06-04 01:00,고속도로,종점,"(1,2차로)화물차관련사고처리중",127.1022,37.3894
2025-06-04 02:00,고속도로,기점,(1차로)추돌사고처리중,126.4905,35.2043
2025-06-04 02:00,고속도로,종점,"(1,2차로)화물차관련사고처리중",127.1022,37.3894
2025-06-04 03:00,고속도로,기점,(1차로)추돌사고처리중,126.4905,35.2043
2025-06-04 04:00,고속도로,종점,(갓길)승용차관련사고처리중,127.7272,37.0567
2025-06-04 06:00,고속도로,종점,"(2,3,5차로)승용차관련사고처리중",126.7543,37.4744
2025-06-04 07:00,고속도로,기점,(갓길)승용차관련사고처리중,126.9071,37.3226
2025-06-04 07:00,고속도로,기점,(갓길)승용차관련사고처리중,126.8993,37.0517
2025-06-04 07:00,고속도로,기점,"(갓길)승용차,화물차관련사고처리중",126.9015,37.3221
2025-06-04 07:00,고속도로,종점,"(2,3차로)승용차관련사고처리중",126.7543,37.4744
2025-06-04 08:00,고속도로,기점,(진입로갓길)승용차관련사고처리중,128.9056,35.2249
2025-06-04 08:00,고속도로,종점,(갓길)승용차관련사고처리중,127.1892,36.8897
2025-06-04 08:00,고속도로,기점,(2차로)승용차관련사고처리중,127.3211,36.2923
2025-06-04 08:00,고속도로,종점,(1차로)승용차관련사고처리중,128.4801,35.9292
2025-06-04 09:00,고속도로,기점,(1차로)승용차관련사고처리중,128.9843,35.2483
2025-06-04 09:00,고속도로,종점,"(갓길)승용차,화물차관련사고처리중",126.8775,37.0317
2025-06-04 09:00,고속도로,종점,(갓길)소형화물차사고처리중,127.2219,37.5157
2025-06-04 10:00,고속도로,기점,(2차로)화물차관련사고처리중,128.2392,36.2848
2025-06-04 10:00,고속도로,종점,"(2,3차로)화물차단독사고처리중",128.4359,35.6675
2025-06-04 11:00,고속도로,종점,(3차로)화물차단독사고처리중,128.4359,35.6675
2025-06-04 11:00,고속도로,종점,(1차로)승용차관련사고처리완료,126.7518,37.5257
2025-06-04 12:00,고속도로,종점,(4차로)소형화물차단독사고처리중,129.0318,35.3294
2025-06-04 12:00,고속도로,종점,(갓길)승용차화재사고처리중,127.2148,37.5962
2025-06-04 12:00,고속도로,종점,"(2차로,갓길)대형화물화재사고처리중",126.792,35.7468
2025-06-04 12:00,고속도로,종점,(1차로)승용차관련사고처리중,127.8919,36.8928
2025-06-04 12:00,고속도로,종점,"(2,3차로)화물차단독사고처리중",128.4359,35.6675
2025-06-04 13:00,고속도로,종점,"(3,4차로)소형화물차단독사고처리중",129.0318,35.3294
2025-06-04 14:00,고속도로,기점,(3차로)대형화물차관련사고처리중,126.6462,37.4388
2025-06-04 15:00,고속도로,종점,(2차로)승용차관련사고처리중,127.1408,37.0286
2025-06-04 15:00,고속도로,기점,(2차로)화물차단독사고처리중,128.5489,35.2913
2025-06-04 16:00,고속도로,기점,(5차로)소형화물차관련사고처리중,127.1268,37.0334
2025-06-04 16:00,고속도로,기점,(2차로)화물차단독사고처리중동마산이용바랍니다,128.5489,35.2913
2025-06-04 17:00,고속도로,기점,(2차로)화물차단독사고처리중동마산이용바랍니다,128.5489,35.2913
2025-06-04 18:00,고속도로,종점,(4차로)승용차관련사고처리중,128.7875,35.2238
2025-06-04 18:00,고속도로,종점,(3차로)승용차관련사고처리중,128.5918,35.2503
2025-06-04 18:00,고속도로,종점,(5차로)승용차관련사고처리중,126.7574,37.5834
2025-06-04 19:00,고속도로,종점,(갓길)중형화물차관련사고처리중,126.8776,37.1542
2025-06-04 19:00,고속도로,종점,"(2,3차로)화물차관련사고처리중",126.6909,37.5235
2025-06-04 19:00,고속도로,종점,(갓길)승용차관련사고처리중,126.8773,37.1551
2025-06-04 20:00,고속도로,기점,(갓길)승용차관련사고처리중,126.7596,37.3842
2025-06-04 20:00,고속도로,기점,(4차로)승용차관련사고처리중,126.7475,37.4865
2025-06-04 22:00,고속도로,종점,"(1,2차로)승용차관련사고처리중",128.5799,35.9089
2025-06-05 01:00,고속도로,종점,(진출로1차로)화물차관련사고처리중,127.1541,37.513
2025-06-05 06:00,국도,용인방향,(국도42호선)용인 대촌교차로(용인방향) 광주방면 진출램프 차량단독사고,127.204385,37.214952
2025-06-05 07:00,국도,용인방향,(국도42호선)용인 대촌교차로(용인방향) 광주방면 진출램프 차량단독사고,127.204385,37.214952
2025-06-05 08:00,고속도로,종점,(진출로갓길)승용차관련사고처리중,126.8922,37.4242
2025-06-05 08:00,고속도로,기점,(갓길)승용차사고처리중,127.9681,37.3106
2025-06-05 08:00,고속도로,기점,(갓길)화물차관려사고처리중,128.9166,35.2244
2025-06-05 08:00,고속도로,종점,(갓길)소형화물차화재사고처리중,127.5459,35.4745
2025-06-05 08:00,국도,용인방향,(국도42호선)용인 대촌교차로(용인방향) 광주방면 진출램프 차량단독사고,127.204385,37.214952
2025-06-05 09:00,고속도로,기점,(갓길)소형화물차관련사고처리중,126.871,37.3686
2025-06-05 09:00,국도,용인방향,(국도42호선)용인 대촌교차로(용인방향) 광주방면 진출램프 차량단독사고,127.204385,37.214952
2025-06-05 09:00,고속도로,종점,"(2차로,갓길)소형화물차화재사고처리중",127.5459,35.4745
2025-06-05 10:00,국도,용인방향,(국도42호선)용인 대촌교차로(용인방향) 광주방면 진출램프 차량단독사고,127.204385,37.214952
2025-06-05 11:00,고속도로,기점,(4차로)사고처리중,127.1707,37.5669
2025-06-05 11:00,국도,용인방향,(국도42호선)용인 대촌교차로(용인방향) 광주방면 진출램프 차량단독사고,127.204385,37.214952
2025-06-05 12:00,국도,용인방향,(국도42호선)용인 대촌교차로(용인방향) 광주방면 진출램프 차량단독사고,127.204385,37.214952
2025-06-05 12:00,고속도로,기점,(1차로)승용차관련사고처리중,127.612,37.1993
2025-06-05 13:00,국도,용인방향,(국도42호선)용인 대촌교차로(용인방향) 광주방면 진출램프 차량단독사고,127.204385,37.214952
2025-06-05 13:00,고속도로,종점,(갓길)소형화물차승용차추돌사고처리중,127.987,36.2109
2025-06-05 13:00,고속도로,종점,"(1,3차로)사고처리중",127.1707,37.5669
2025-06-05 14:00,고속도로,종점,(갓길)승용차관련사고처리중,126.8869,37.1111
2025-06-05 14:00,국도,용인방향,(국도42호선)용인 대촌교차로(용인방향) 광주방면 진출램프 차량단독사고,127.204385,37.214952
2025-06-05 15:00,고속도로,종점,(1차로)승용차사고처리중,128.1356,36.6606
2025-06-05 15:00,고속도로,종점,(갓길)화물차화재사고처리중,129.2737,36.4185
2025-06-05 15:00,국도,용인방향,(국도42호선)용인 대촌교차로(용인방향) 광주방면 진출램프 차량단독사고,127.204385,37.214952
2025-06-05 16:00,국도,용인방향,(국도42호선)용인 대촌교차로(용인방향) 광주방면 진출램프 차량단독사고,127.204385,37.214952
2025-06-05 16:00,고속도로,기점,(3차로)사고처리중,126.8606,37.3501
2025-06-05 16:00,고속도로,종점,(2차로)대형화물차관련사고처리중,127.433,36.9499
2025-06-05 16:00,고속도로,종점,(1차로)승용차추돌사고처리중,128.3581,36.3837
2025-06-05 16:00,고속도로,기점,(1차로)소형화물차관련사고처리중,128.0999,36.7201
2025-06-05 17:00,국도,용인방향,(국도42호선)용인 대촌교차로(용인방향) 광주방면 진출램프 차량단독사고,127.204385,37.214952
2025-06-05 17:00,고속도로,기점,(갓길)승용차관련사고처리중,127.3627,37.634
2025-06-05 18:00,고속도로,기점,(1차로)승용차관련사고처리중,128.4777,35.7576
2025-06-05 18:00,국도,용인방향,(국도42호선)용인 대촌교차로(용인방향) 광주방면 진출램프 차량단독사고,127.204385,37.214952
2025-06-05 18:00,고속도로,기점,(갓길)승용차관련사고처리중,128.6268,35.279
2025-06-05 18:00,고속도로,종점,"(2,3차로)승용차관련사고처리중",128.5918,35.2503
2025-06-05 19:00,고속도로,기점,(1차로)승용차관련사고처리완료,128.6268,35.279
2025-06-05 19:00,고속도로,종점,"(3차로,갓길)사고처리중",126.9303,37.0487
2025-06-05 19:00,국도,용인방향,(국도42호선)용인 대촌교차로(용인방향) 광주방면 진출램프 차량단독사고,127.204385,37.214952
2025-06-05 19:00,고속도로,기점,(1차로)대형화물차관련사고처리중,127.592,37.2267
2025-06-05 20:00,국도,용인방향,(국도42호선)용인 대촌교차로(용인방향) 광주방면 진출램프 차량단독사고,127.204385,37.214952
2025-06-05 20:00,고속도로,종점,(갓길)사고처리중,126.9303,37.0487
2025-06-05 21:00,국도,용인방향,(국도42호선)용인 대촌교차로(용인방향) 광주방면 진출램프 차량단독사고,127.204385,37.214952
2025-06-05 22:00,국도,용인방향,(국도42호선)용인 대촌교차로(용인방향) 광주방면 진출램프 차량단독사고,127.204385,37.214952
2025-06-05 23:00,국도,용인방향,(국도42호선)용인 대촌교차로(용인방향) 광주방면 진출램프 차량단독사고,127.204385,37.214952
2025-06-06 00:00,국도,용인방향,(국도42호선)용인 대촌교차로(용인방향) 광주방면 진출램프 차량단독사고,127.204385,37.214952
2025-06-06 01:00,국도,용인방향,(국도42호선)용인 대촌교차로(용인방향) 광주방면 진출램프 차량단독사고,127.204385,37.214952
2025-06-06 01:00,고속도로,기점,"(진출로)대형화물차관련사고처리중(국도사고)전면차단중,우회바람",128.9806,35.2353
2025-06-06 02:00,국도,용인방향,(국도42호선)용인 대촌교차로(용인방향) 광주방면 진출램프 차량단독사고,127.204385,37.214952
2025-06-06 02:00,고속도로,종점,"(1,2차로)승용관련사고처리중",127.6614,35.9408
2025-06-06 02:00,고속도로,기점,"(진출로)대형화물차관련사고처리중(국도사고)전면차단중,우회바람",128.9806,35.2353
2025-06-06 03:00,고속도로,기점,"(진출로)대형화물차관련사고처리중(국도사고)전면차단중,우회바람",128.9806,35.2353
2025-06-06 03:00,국도,용인방향,(국도42호선)용인 대촌교차로(용인방향) 광주방면 진출램프 차량단독사고,127.204385,37.214952
2025-06-06 04:00,국도,용인방향,(국도42호선)용인 대촌교차로(용인방향) 광주방면 진출램프 차량단독사고,127.204385,37.214952
2025-06-06 04:00,고속도로,기점,"(진출로)대형화물차관련사고처리중(국도사고)전면차단중,우회바람",128.9806,35.2353
2025-06-06 05:00,국도,용인방향,(국도42호선)용인 대촌교차로(용인방향) 광주방면 진출램프 차량단독사고,127.204385,37.214952
2025-06-06 06:00,국도,용인방향,(국도42호선)용인 대촌교차로(용인방향) 광주방면 진출램프 차량단독사고,127.204385,37.214952
2025-06-06 07:00,국도,용인방향,(국도42호선)용인 대촌교차로(용인방향) 광주방면 진출램프 차량단독사고,127.204385,37.214952
2025-06-06 08:00,고속도로,종점,(4차로)승용차관련사고처리중,127.1938,37.526
2025-06-06 08:00,국도,용인방향,(국도42호선)용인 대촌교차로(용인방향) 광주방면 진출램프 차량단독사고,127.204385,37.214952
2025-06-06 09:00,고속도로,종점,"(1,2차로)승용차관련사고처리중",128.477,35.5396
2025-06-06 09:00,고속도로,종점,(1차로)승용차관련사고처리중,128.6175,36.4605
2025-06-06 09:00,국도,용인방향,(국도42호선)용인 대촌교차로(용인방향) 광주방면 진출램프 차량단독사고,127.204385,37.214952
2025-06-06 10:00,고속도로,종점,(1차로)승용차관련사고처리중,127.9266,35.054
2025-06-06 10:00,국도,용인방향,(국도42호선)용인 대촌교차로(용인방향) 광주방면 진출램프 차량단독사고,127.204385,37.214952
2025-06-06 11:00,고속도로,기점,(갓길)사고처리중,127.2914,37.239
2025-06-06 11:00,국도,용인방향,(국도42호선)용인 대촌교차로(용인방향) 광주방면 진출램프 차량단독사고,127.204385,37.214952
2025-06-06 12:00,국도,용인방향,(국도42호선)용인 대촌교차로(용인방향) 광주방면 진출램프 차량단독사고,127.204385,37.214952
2025-06-06 12:00,고속도로,기점,(1차로)승용차관련사고처리중,128.0283,36.7464
2025-06-06 12:00,고속도로,종점,(갓길)사고처리중,126.9005,37.2853
2025-06-06 13:00,고속도로,종점,(1차로)승용차관련사고처리중,129.3565,36.3803
2025-06-06 13:00,고속도로,종점,(1차로)승용차관련사고처리중,128.5796,36.387
2025-06-06 13:00,국도,용인방향,(국도42호선)용인 대촌교차로(용인방향) 광주방면 진출램프 차량단독사고,127.204385,37.214952
2025-06-06 13:00,고속도로,종점,(1차로)승용차관련사고처리중,127.1251,37.4462
2025-06-06 13:00,고속도로,종점,"(5차로,갓길)버스사고처리중",127.0656,37.4346
2025-06-06 14:00,고속도로,종점,(갓길)승용차관련사고처리중,127.1527,37.5688
2025-06-06 14:00,국도,용인방향,(국도42호선)용인 대촌교차로(용인방향) 광주방면 진출램프 차량단독사고,127.204385,37.214952
2025-06-06 14:00,고속도로,종점,(갓길)승용차관련사고처리중,129.198,35.2805
2025-06-06 14:00,고속도로,종점,(1차로)승용차사고처리중,127.7359,37.2442
2025-06-06 14:00,고속도로,기점,(4차로)승용차사고처리중,126.7477,37.5043
2025-06-06 14:00,고속도로,종점,(1차로)승용차관련사고처리완료,128.5979,36.4083
2025-06-06 15:00,고속도로,종점,(1차로)승용차관련사고처리중,128.4708,35.5605
2025-06-06 15:00,고속도로,종점,(2차로)대형화물차사고처리중,127.8457,36.9828
2025-06-06 15:00,국도,용인방향,(국도42호선)용인 대촌교차로(용인방향) 광주방면 진출램프 차량단독사고,127.204385,37.214952
2025-06-06 16:00,국도,용인방향,(국도42호선)용인 대촌교차로(용인방향) 광주방면 진출램프 차량단독사고,127.204385,37.214952
2025-06-06 16:00,고속도로,기점,(갓길)화재사고처리중,127.0463,37.4567
2025-06-06 16:00,고속도로,종점,"(1,2차로,갓길)대형화물차사고처리중충주IC우회바랍니다.",127.8457,36.9828
2025-06-06 17:00,고속도로,종점,(1차로)승용차관련사고처리중,127.7359,37.2442
2025-06-06 17:00,고속도로,기점,(1차로)승용차단독사고처리중,129.2067,35.2163
2025-06-06 17:00,국도,용인방향,(국도42호선)용인 대촌교차로(용인방향) 광주방면 진출램프 차량단독사고,127.204385,37.214952
2025-06-06 18:00,고속도로,기점,(갓길)승용차관련추돌사고처리중,126.816,35.3547
2025-06-06 18:00,고속도로,기점,"(3차로)승용차,화물차관련사고처리중",126.8714,37.3413
2025-06-06 18:00,국도,용인방향,(국도42호선)용인 대촌교차로(용인방향) 광주방면 진출램프 차량단독사고,127.204385,37.214952
2025-06-06 19:00,고속도로,기점,(1차로)승용관련사고처리중,126.6737,35.4661
2025-06-06 19:00,국도,용인방향,(국도42호선)용인 대촌교차로(용인방향) 광주방면 진출램프 차량단독사고,127.204385,37.214952
2025-06-06 19:00,고속도로,종점,(1차로)승용차관련사고처리중,128.8408,35.2216
2025-06-06 20:00,국도,용인방향,(국도42호선)용인 대촌교차로(용인방향) 광주방면 진출램프 차량단독사고,127.204385,37.214952
2025-06-06 21:00,고속도로,종점,"(1,2차로)승용차사고처리중",128.657,37.6826
2025-06-06 21:00,국도,용인방향,(국도42호선)용인 대촌교차로(용인방향) 광주방면 진출램프 차량단독사고,127.204385,37.214952
2025-06-06 22:00,고속도로,종점,(5차로)사고처리중,127.136,37.0553
2025-06-06 22:00,고속도로,종점,"(1,2차로)승용차사고처리중",128.657,37.6826
2025-06-06 22:00,국도,용인방향,(국도42호선)용인 대촌교차로(용인방향) 광주방면 진출램프 차량단독사고,127.204385,37.214952
2025-06-06 23:00,국도,용인방향,(국도42호선)용인 대촌교차로(용인방향) 광주방면 진출램프 차량단독사고,127.204385,37.214952
2025-06-06 23:00,고속도로,종점,"(2차로,갓길)소형화물차고나련추돌사고처리중",128.0753,36.7431
2025-06-06 23:00,고속도로,기점,(갓길)대형화물차단독사고처리중,127.7524,34.9803
2025-06-07 00:00,고속도로,기점,(갓길)대형화물차단독사고처리중,127.7524,34.9803
2025-06-07 00:00,국도,용인방향,(국도42호선)용인 대촌교차로(용인방향) 광주방면 진출램프 차량단독사고,127.204385,37.214952
2025-06-07 03:00,고속도로,종점,(갓길)승용차관련사고처리중,127.2203,37.5971
2025-06-07 08:00,고속도로,기점,(1차로)승용차단독사고처리중,127.6032,36.9797
2025-06-07 10:00,고속도로,종점,(1차로)승용차관련사고처리중,126.9395,37.3287
2025-06-07 12:00,고속도로,기점,(1차로)추돌사고처리중,127.124,37.4437
2025-06-07 13:00,고속도로,종점,(4차로)추돌사고처리중,127.1358,37.4845
2025-06-07 13:00,고속도로,기점,(6차로)추돌사고처리중,127.1567,37.5906
2025-06-07 16:00,고속도로,기점,(1차로)승용차사고처리중,127.197,37.2626
2025-06-07 16:00,고속도로,종점,(5차로)추돌사고처리중,127.0859,37.1542
2025-06-07 16:00,고속도로,종점,(1차로)승용차관련추돌사고처리중,128.0944,36.7246
2025-06-07 16:00,고속도로,종점,(3차로)승용차관련사고처리중,128.4593,35.2713
2025-06-07 16:00,고속도로,종점,(3차로)화물차관련사고처리중,126.8777,37.4291
2025-06-07 17:00,고속도로,종점,(영동선강릉진출로1차로)사고처리중,127.1037,37.2822
2025-06-07 17:00,고속도로,기점,(3차로)승용차관련사고처리중,127.0378,37.3071
2025-06-07 17:00,고속도로,종점,(갓길)화물차관련사고처리중,126.8777,37.4291
2025-06-07 17:00,고속도로,종점,(1차로)승용차관련사고처리중,126.9608,37.3238
2025-06-07 18:00,고속도로,종점,(1차로)승용차관련사고처리중,126.9608,37.3238
2025-06-07 20:00,고속도로,기점,(갓길)승용차관련사고처리중,128.5844,36.3284
2025-06-07 22:00,고속도로,기점,(영업소광장부)승용차사고처리중,127.1567,37.5906
2025-06-08 00:00,고속도로,종점,(1차로)승용차2대관련사고처리중,127.4884,36.1627
2025-06-08 03:00,고속도로,기점,(갓길)사고처리중,126.7475,37.4865
2025-06-08 06:00,고속도로,종점,(진출로1차로)사고처리중,127.0958,37.2126
2025-06-08 09:00,고속도로,기점,(1차로)승용차관련추돌사고처리중,126.4811,35.1235
2025-06-08 11:00,고속도로,기점,"(2차로,갓길)승용차사고처리중",129.0119,37.6661
2025-06-08 11:00,고속도로,종점,(1차로)승용차관련추돌사고처리중,128.0944,36.7246
2025-06-08 11:00,고속도로,종점,(1차로)승용차관련사고처리중,126.7207,36.9018
2025-06-08 13:00,고속도로,종점,(4차로)승용차관련사고처리중,126.752,37.5319
2025-06-08 15:00,고속도로,기점,(1차로)승용차관련추돌사고처리중,128.176,36.521
2025-06-08 15:00,고속도로,기점,(1차로)승용차관련사고처리중,127.6507,36.4736
2025-06-08 16:00,고속도로,기점,(4차로)승용차관련사고처리중,129.0438,35.3447
2025-06-08 16:00,고속도로,종점,(1차로)승용차관련사고처리중,127.4515,36.363
2025-06-08 16:00,고속도로,기점,(1차로)승용차관련사고처리중,128.1451,36.6445
2025-06-08 16:00,고속도로,기점,(1차로)승용차관련사고처리중,128.0527,36.4165
2025-06-08 17:00,고속도로,종점,(1차로)사고처리중,127.4836,36.2271
2025-06-08 18:00,고속도로,종점,(1차로)화물차관련사고처리중,126.8111,35.9971
2025-06-08 19:00,고속도로,기점,(1차로)승용차관련사고처리중,127.603,36.4919
2025-06-08 19:00,고속도로,종점,"(1,2차로)승용차관련사고처리중",127.1033,37.3633
2025-06-08 21:00,고속도로,종점,"(1,2차로)3대관련사고처리중",126.7876,36.0465
2025-06-08 23:00,고속도로,종점,(갓길)화물화재사고처리중,126.7821,36.0543
2025-06-08 23:00,고속도로,기점,(광장부)승용차관련사고처리중,127.1567,37.5906
2025-06-09 00:00,고속도로,종점,(갓길)승용차관련추돌사고처리중,127.2445,35.1753
2025-06-09 00:00,고속도로,종점,"(2차로,갓길)화물화재사고처리중",126.7821,36.0543
2025-06-09 01:00,고속도로,종점,(갓길)승용차관련사고처리중,128.5335,35.9315
2025-06-09 01:00,고속도로,종점,(갓길)승용차관련추돌사고처리중,127.2445,35.1753
2025-06-09 06:00,고속도로,종점,(1차로)승용차관련사고처리중,126.8176,37.3503
2025-06-09 06:00,고속도로,종점,(갓길)대형화물차관련사고처리중,126.8635,37.3705
2025-06-09 06:00,고속도로,종점,(5차로)승용차단독사고처리중,127.0344,37.3095
2025-06-09 07:00,고속도로,기점,(3차로)사고확인중,128.4144,36.0286
2025-06-09 08:00,고속도로,종점,(5차로)단독사고처리중,127.1036,37.3047
2025-06-09 09:00,고속도로,기점,(1차로)승용차단독사고처리중,127.4015,34.844
2025-06-09 09:00,고속도로,기점,(갓길)승용차관련사고처리중,128.0685,37.7579
2025-06-09 09:00,고속도로,종점,(갓길)사고처리중,127.0025,37.3131
2025-06-09 10:00,고속도로,기점,(1차로)승용차관련사고처리중,128.0103,36.4365
2025-06-09 11:00,고속도로,종점,"(3차로,갓길)화물차관련사고처리중",126.7769,37.5242
2025-06-09 11:00,고속도로,종점,(1차로)승용차사고처리중,127.7427,37.7577
2025-06-09 12:00,고속도로,종점,"(3차로,갓길)화물차관련사고처리중",126.7769,37.5242
2025-06-09 12:00,고속도로,기점,(2차로)대형화물차단독적재물유포사고처리중,127.4612,36.7393
2025-06-09 13:00,고속도로,종점,(갓길)화물차사고처리중,128.3183,35.862
2025-06-09 13:00,고속도로,종점,"(3차로,갓길)화물차관련사고처리중",126.7769,37.5242
2025-06-09 13:00,고속도로,기점,화물차사고처리중,127.1026,36.0819
2025-06-09 14:00,고속도로,기점,화물차사고처리중,127.1026,36.0819
2025-06-09 14:00,고속도로,종점,"(2차로)화물차사고처리중 전면차단,우회바람",127.142,37.0366
2025-06-09 15:00,고속도로,종점,화물차사고처리중 우회바람전면차단중,127.142,37.0366
2025-06-09 15:00,고속도로,제천방향,고립차량 해소 후 사고처리로 전면 차단 중,127.132502,37.034026
2025-06-09 16:00,고속도로,기점,(1차로)승용차사고처리중,128.814,35.9576
2025-06-09 16:00,고속도로,종점,(1차로)승용차관련사고처리중,126.8875,37.0934
2025-06-09 16:00,고속도로,제천방향,"1차로, 경부선 서울방향 램프 통행재개 2차로 사고처리중",127.133338,37.03424
2025-06-09 16:00,고속도로,종점,(2차로)화물차사고처리중 1차로소통,127.142,37.0366
2025-06-09 17:00,고속도로,종점,화물차사고처리중 전면차단중,127.142,37.0366
2025-06-09 17:00,고속도로,종점,(갓길)화물차관련사고처리중,129.0427,35.3431
2025-06-09 17:00,고속도로,제천방향,"1차로, 경부선 서울방향 램프 통행재개 2차로 사고처리중",127.133338,37.03424
2025-06-09 18:00,고속도로,제천방향,"1차로, 경부선 서울방향 램프 통행재개 2차로 사고처리중",127.133338,37.03424
2025-06-09 18:00,고속도로,종점,"(2차로)화물차사고처리중 2차로차단,1차로소통중",127.142,37.0366
2025-06-09 18:00,고속도로,종점,"(3차로,갓길)소형화물차단독사고처리중",126.6847,36.8737
2025-06-09 18:00,고속도로,종점,(2차로)차량화재사고처리중,126.7983,36.0115
2025-06-09 19:00,고속도로,제천방향,"1차로, 경부선 서울방향 램프 통행재개 2차로 사고처리중",127.133338,37.03424
2025-06-09 20:00,고속도로,기점,(갓길)화물차관련사고처리중,127.1754,36.8393
2025-06-09 20:00,고속도로,기점,"(진출로2차로,갓길)사고처리중",126.7123,37.4338
2025-06-09 21:00,고속도로,기점,"(진출로2차로,갓길)사고처리중",126.7123,37.4338
2025-06-09 22:00,고속도로,기점,(진출로전면통제)사고처리중우회바랍니다.,126.7123,37.4338
2025-06-09 23:00,고속도로,기점,(진출로전면통제)사고처리중우회바랍니다.,126.7123,37.4338
2025-06-10 00:00,고속도로,종점,(2차로)화물차관련사고처리중,128.0771,36.7421
2025-06-10 00:00,고속도로,기점,(갓길)화물차화재사고처리중,126.8618,37.3526
2025-06-10 01:00,고속도로,기점,"(2,3차로)대형화물차사고처리중",128.2247,36.3421
2025-06-10 01:00,고속도로,종점,"(1차로,갓길)대형화물차사고처리중",127.8929,36.8893
2025-06-10 03:00,고속도로,종점,(2차로)화물차사고처리중,127.3937,36.4107
2025-06-10 04:00,고속도로,종점,(갓길)승용차관련사고처리중,126.8127,37.5221
2025-06-10 04:00,고속도로,기점,(4차로)승용차관련사고처리중,128.6789,35.2753
2025-06-10 07:00,고속도로,종점,(1차로)승용차관련추돌사고처리중,126.8274,35.2197
2025-06-10 07:00,고속도로,종점,(갓길)사고처리중,126.8267,37.4401
2025-06-10 08:00,고속도로,종점,(3차로)승용차관련사고처리중,126.682,37.4345
2025-06-10 08:00,고속도로,종점,(갓길)사고처리중,126.6977,37.5236
2025-06-10 08:00,고속도로,종점,(1차로)승용차관련사고처리중,127.368,36.4064
2025-06-10 09:00,고속도로,종점,(갓길)승용차관련사고처리중,126.682,37.4345
2025-06-10 10:00,고속도로,기점,(갓길)사고처리중,126.7798,37.4583
2025-06-10 11:00,고속도로,기점,(진출로1차로)화물차관련사고처리중,127.7973,37.035
2025-06-10 11:00,고속도로,기점,"(1차로)승용차,화물차과련사고처리중",126.861,37.351
2025-06-10 11:00,고속도로,종점,(1차로)화물차관련사고처리중,128.4654,35.5762
2025-06-10 11:00,고속도로,종점,(5차로)화물차과련사고처리중,126.8767,37.03
2025-06-10 11:00,고속도로,기점,(갓길)승용차관련사고처리중,127.2961,37.6313
2025-06-10 11:00,고속도로,기점,(2차로)승용차관련추돌사고처리중,126.8047,35.3301
2025-06-10 12:00,고속도로,기점,(진출로1차로)화물차관련사고처리중,127.7973,37.035
2025-06-10 12:00,고속도로,종점,"(4,5차로)화물차관련사고처리중",126.8767,37.03
2025-06-10 12:00,고속도로,종점,(2차로)화물차관련사고처리중,128.4906,35.4188
2025-06-10 12:00,고속도로,기점,(2차로)승용차관련추돌사고처리중,126.8047,35.3301
2025-06-10 12:00,고속도로,기점,(3차로)사고처리중,126.9821,37.3204
2025-06-10 12:00,고속도로,종점,(갓길)화물차단독사고처리중,128.5027,35.4358
2025-06-10 13:00,고속도로,종점,(2차로)화물차단독사고처리중,128.5027,35.4358
2025-06-10 13:00,고속도로,기점,(2차로)대형화물차관련추돌사고처리중,126.7351,35.3609
2025-06-10 14:00,고속도로,종점,(진입로1차로)승용차관련사고처리중,128.2053,37.4926
2025-06-10 14:00,고속도로,종점,(갓길)대형화물차고장처리중,128.2281,36.3467
2025-06-10 14:00,고속도로,종점,(갓길)화물차단독사고처리중,128.5027,35.4358
2025-06-10 14:00,고속도로,기점,"(3,4차로)승용차관련사고처리중",129.0438,35.3447
2025-06-10 15:00,고속도로,종점,(갓길)대형화물차고장처리중,128.2281,36.3467
2025-06-10 15:00,고속도로,기점,(4차로)승용차사고처리중,127.1765,37.5781
2025-06-10 16:00,고속도로,종점,(갓길)동고성영업소회차로화물차단독사고처리중,128.3814,34.9752
2025-06-10 16:00,고속도로,종점,(1차로)승용차단독사고처리중,129.4242,35.7819
2025-06-10 16:00,고속도로,기점,(갓길)승용차관련추돌사고처리중,127.5257,35.0015
2025-06-10 16:00,고속도로,종점,(2차로)소형화물차관련사고처리중,126.7488,37.5531
2025-06-10 17:00,고속도로,기점,"(2차로,갓길)승용차관련추돌사고처리중",127.5257,35.0015
2025-06-10 18:00,고속도로,기점,(갓길)승용차관련추돌사고처리중,126.7891,35.3067
2025-06-10 18:00,고속도로,기점,(진출로갓길)승용차관련사고처리중,127.321,36.976
2025-06-10 18:00,고속도로,기점,"(3,4차로)대향화물차관련사고처리중",126.776,37.5977
2025-06-10 19:00,고속도로,기점,(진출로갓길)승용차관련사고처리중,127.321,36.976
2025-06-10 20:00,고속도로,기점,(진출로갓길)승용차관련사고처리중,127.321,36.976
2025-06-10 23:00,고속도로,기점,(진출로갓길)승용차관련사고처리중,127.321,36.976
2025-06-11 00:00,고속도로,기점,(진출로갓길)승용차관련사고처리중,127.321,36.976
2025-06-11 01:00,고속도로,기점,(진출로갓길)승용차관련사고처리중,127.321,36.976
2025-06-11 02:00,고속도로,기점,(진출로갓길)승용차관련사고처리중,127.321,36.976
2025-06-11 03:00,고속도로,기점,(진출로갓길)승용차관련사고처리중,127.321,36.976
2025-06-11 04:00,고속도로,기점,(진출로갓길)승용차관련사고처리중,127.321,36.976
2025-06-11 05:00,고속도로,기점,(진출로갓길)승용차관련사고처리중,127.321,36.976
2025-06-11 06:00,고속도로,기점,(진출로갓길)승용차관련사고처리중,127.321,36.976
2025-06-11 07:00,고속도로,기점,(진출로갓길)승용차관련사고처리중,127.321,36.976
2025-06-11 08:00,고속도로,기점,(진출로갓길)승용차관련사고처리중,127.321,36.976
2025-06-11 09:00,고속도로,기점,(진출로갓길)승용차관련사고처리중,127.321,36.976
2025-06-11 10:00,고속도로,기점,(진출로갓길)승용차관련사고처리중,127.321,36.976
2025-06-11 11:00,고속도로,기점,(진출로갓길)승용차관련사고처리중,127.321,36.976
2025-06-11 12:00,고속도로,기점,(진출로갓길)승용차관련사고처리중,127.321,36.976
2025-06-11 13:00,고속도로,기점,(진출로갓길)승용차관련사고처리중,127.321,36.976
2025-06-11 14:00,고속도로,기점,(진출로갓길)승용차관련사고처리중,127.321,36.976
2025-06-11 15:00,고속도로,기점,(진출로갓길)승용차관련사고처리중,127.321,36.976
2025-06-11 16:00,고속도로,기점,(진출로갓길)승용차관련사고처리중,127.321,36.976
2025-06-11 17:00,고속도로,기점,(진출로갓길)승용차관련사고처리중,127.321,36.976
2025-06-11 18:00,고속도로,기점,(진출로갓길)승용차관련사고처리중,127.321,36.976
2025-06-11 19:00,고속도로,기점,(진출로갓길)승용차관련사고처리중,127.321,36.976
2025-06-11 20:00,고속도로,기점,(진출로갓길)승용차관련사고처리중,127.321,36.976
2025-06-11 21:00,고속도로,기점,(진출로갓길)승용차관련사고처리중,127.321,36.976
2025-06-11 22:00,고속도로,기점,(진출로갓길)승용차관련사고처리중,127.321,36.976
2025-06-11 23:00,고속도로,기점,(진출로갓길)승용차관련사고처리중,127.321,36.976
2025-06-12 00:00,고속도로,기점,(진출로갓길)승용차관련사고처리중,127.321,36.976
2025-06-12 01:00,고속도로,기점,(진출로갓길)승용차관련사고처리중,127.321,36.976
2025-06-12 02:00,고속도로,기점,(진출로갓길)승용차관련사고처리중,127.321,36.976
2025-06-12 03:00,고속도로,기점,(진출로갓길)승용차관련사고처리중,127.321,36.976
2025-06-12 04:00,고속도로,기점,(진출로갓길)승용차관련사고처리중,127.321,36.976
2025-06-12 05:00,고속도로,기점,(진출로갓길)승용차관련사고처리중,127.321,36.976
2025-06-12 06:00,고속도로,기점,(진출로갓길)승용차관련사고처리중,127.321,36.976
2025-06-12 07:00,고속도로,기점,(진출로갓길)승용차관련사고처리중,127.321,36.976
2025-06-12 08:00,고속도로,기점,(진출로갓길)승용차관련사고처리중,127.321,36.976
2025-06-12 09:00,고속도로,기점,(진출로갓길)승용차관련사고처리중,127.321,36.976
2025-06-12 10:00,고속도로,종점,(갓길)승용차관련화재사고처리중,126.7487,37.5442
2025-06-12 10:00,고속도로,종점,(1차로)단독사고처리중,127.3128,37.6315
2025-06-12 10:00,고속도로,종점,(갓길)사고처리중,126.6735,37.4367
2025-06-12 10:00,고속도로,기점,(1차로)승용차관련사고처리중,126.8874,37.3146
2025-06-12 11:00,고속도로,종점,(갓길)승용차관련사고처리중,126.8969,37.3059
2025-06-12 11:00,고속도로,종점,(갓길)승용차관련화재사고처리중,126.7487,37.5442
2025-06-12 12:00,고속도로,기점,(1차로)대형화물차관련사고처리중,127.5153,36.9447
2025-06-12 13:00,고속도로,기점,(2차로)승용차관련사고처리중,128.4798,35.7496
2025-06-12 15:00,고속도로,기점,"(1,4차로)화물차관련사고처리중",128.4381,35.2743
2025-06-12 15:00,고속도로,종점,(1차로)승용차관련사고처리중,127.1234,37.4258
2025-06-12 15:00,고속도로,기점,(2차로)화물차단독사고처리중,128.5383,36.0198
2025-06-12 16:00,고속도로,기점,"(1,2차로)화물차단독사고처리중",128.5383,36.0198
2025-06-12 16:00,고속도로,종점,(2차로)화물차관련사고처리중,127.4458,36.9465
2025-06-12 16:00,고속도로,종점,(갓길)승용차사고처리중,127.7869,36.2804
2025-06-12 16:00,고속도로,기점,"(1,2차로)승용차관련사고처리완료",127.342,37.2519
2025-06-12 16:00,고속도로,기점,(갓길)화물차관련사고처리중,128.4381,35.2743
2025-06-14 01:00,고속도로,종점,(1차로)승용차단독사고처리중,128.9274,35.2238
2025-06-14 01:00,고속도로,종점,"(2,3차로)승용차단독사고처리중",129.0086,35.2959
2025-06-14 01:00,고속도로,종점,(갓길)승용차관련사고처리중,129.1933,35.7892
2025-06-14 01:00,고속도로,기점,(갓길)승용차단독사고처리중,129.0018,35.2901
2025-06-14 01:00,고속도로,기점,(갓길)승용차단독사고처리중,129.1519,35.5103
2025-06-14 01:00,고속도로,종점,"(3차로,갓길)승용차단독사고처리중",129.066,35.3148
2025-06-14 03:00,고속도로,기점,(갓길)승용차단독사고처리중,128.974,35.2192
2025-06-14 04:00,고속도로,종점,(갓길)승용차사고처리중,127.4088,36.6058
2025-06-14 04:00,고속도로,종점,(진입로2차로)사고처리중,127.1311,37.0343
2025-06-14 05:00,고속도로,종점,(갓길)사고처리중,127.0025,37.3131
2025-06-14 05:00,고속도로,종점,(갓길)승용차사고처리중,127.4088,36.6058
2025-06-14 05:00,고속도로,기점,"(3,4차로)승용차단독사고처리중",128.8612,35.178
2025-06-14 06:00,고속도로,종점,(2차로)승용차관련사고처리중,128.6392,35.2753
2025-06-14 06:00,고속도로,기점,(갓길)중형화물차고장처리중,127.6723,35.6673
2025-06-14 06:00,고속도로,종점,(진입로갓길)차량고장처리중,128.7866,35.877
2025-06-14 06:00,고속도로,종점,(갓길)승용차단독사고처리중,128.478,35.2716
2025-06-14 06:00,고속도로,종점,(갓길)승용차단독사고처리중,127.7241,35.6284
2025-06-14 06:00,고속도로,기점,"(3,4차로)승용차단독사고처리중",128.8612,35.178
2025-06-14 07:00,고속도로,기점,(1차로)승용차단독사고처리중,127.0875,35.2644
2025-06-14 07:00,고속도로,기점,(4차로)승용차사고처리중,127.4311,36.5201
2025-06-14 07:00,고속도로,종점,(갓길)승용차단독사고처리중,129.266,35.4972
2025-06-14 07:00,고속도로,종점,(진입로갓길)화물차단독사고처리중,128.7201,35.2798
2025-06-14 07:00,고속도로,종점,"(1,2차로)승용차관련사고처리중",128.2137,36.4297
2025-06-14 08:00,고속도로,종점,(갓길)승용차단독사고처리중,127.4616,35.1381
2025-06-14 08:00,고속도로,기점,(갓길)승용차단독사고처리중,128.5802,36.3537
2025-06-14 08:00,고속도로,종점,(2차로)차량사고처리중,128.536,36.0813
2025-06-14 08:00,고속도로,기점,"(1,2차로)승용차관련사고처리중",128.0814,36.1348
2025-06-14 08:00,고속도로,종점,"(1,2차로)차량사고처리중",128.3616,36.095
2025-06-14 08:00,고속도로,종점,(1차로)승용차단독사고처리중,128.2705,36.0504
2025-06-14 08:00,고속도로,기점,"(1,2차로)승용차단독사고처리중",128.2549,36.2721
2025-06-14 09:00,고속도로,기점,(갓길)승용차단독사고처리중,128.5802,36.3537
2025-06-14 09:00,고속도로,종점,(1차로)승용차단독사고처리중,126.761,34.6909
2025-06-14 09:00,고속도로,기점,(갓길)승용차단독사고처리중,127.4878,35.0025
2025-06-14 09:00,고속도로,기점,(4차로)화물차관련사고처리중,126.7469,37.4882
2025-06-14 09:00,고속도로,종점,(1차로)승용차사고처리중,128.5317,35.8758
2025-06-14 09:00,고속도로,종점,(2차로)화물차단독사고처리중,128.6043,36.4154
2025-06-14 09:00,고속도로,종점,(갓길)화물차단독사고처리중,129.1923,35.7954
2025-06-14 09:00,고속도로,종점,(2차로)승용차관련사고처리중,127.7703,37.7598
2025-06-14 09:00,고속도로,종점,(1차로)승용차사고처리중,126.9327,37.329
2025-06-14 10:00,고속도로,종점,(갓길)승용차단독사고처리중,128.4118,34.8945
2025-06-14 10:00,고속도로,기점,(1차로)승용차사고처리중,126.8894,37.0576
2025-06-14 10:00,고속도로,기점,"(4차로,갓길)승용차관련사고처리중",128.7277,35.2786
2025-06-14 10:00,고속도로,종점,(1차로)승용차사고처리중,126.8932,37.3104
2025-06-14 10:00,고속도로,종점,"(1,2차로)승용차사고처리중",127.4185,36.4484
2025-06-14 10:00,고속도로,종점,(2차로)승용차관련사고처리중,127.2292,37.5958
2025-06-14 10:00,고속도로,종점,(갓길)승용차관련사고처리중,128.7777,35.2286
2025-06-14 10:00,고속도로,기점,(진출로2차로)승용차단독사고처리중,129.0398,35.3365
2025-06-14 11:00,고속도로,종점,(1차로)사고처리중,126.89,37.2645
2025-06-14 11:00,고속도로,종점,(갓길)승용차관련사고처리중,128.8342,35.1759
2025-06-14 11:00,고속도로,기점,"(1,2,3차로)사고처리중",126.8698,37.3687
2025-06-14 11:00,고속도로,기점,(1차로)승용차단독사고처리중,126.7908,35.2253
2025-06-14 11:00,고속도로,종점,(갓길)승용차단독사고처리중,128.4118,34.8945
2025-06-14 11:00,고속도로,기점,"(3,4차로)화물차관련사고처리중",127.2947,37.2395
2025-06-14 11:00,고속도로,기점,(1차로)승용차관련사고처리중,127.4072,36.9602
2025-06-14 12:00,고속도로,종점,"(1,2차로)사고처리중",127.0846,37.1421
2025-06-14 12:00,고속도로,기점,(1차로)사고처리중,127.1259,37.4524
2025-06-14 12:00,고속도로,종점,(1차로)승용차관련사고처리중,128.5287,36.0297
2025-06-14 12:00,고속도로,종점,(1차로)승용차관련사고처리중,129.266,35.4972
2025-06-14 12:00,고속도로,종점,(갓길)승용차사고처리중,126.872,37.2175
2025-06-14 12:00,고속도로,종점,(1차로)사고처리중,127.1707,37.5669
2025-06-14 12:00,고속도로,기점,"(2,3,4차로)화물차관련사고처리중",127.2947,37.2395
2025-06-14 12:00,고속도로,기점,(1차로)승용차단독사고처리중,129.2024,35.2449
2025-06-14 12:00,고속도로,기점,(1차로)승용차관련사고처리완료,128.4189,35.283
2025-06-14 13:00,고속도로,종점,(갓길)승용차관련사고처리중,128.4428,35.7101
2025-06-14 13:00,고속도로,기점,(갓길)승용차단독사고처리중,127.2956,35.0377
2025-06-14 13:00,고속도로,기점,(갓길)승용차사고처리중,127.0404,37.3055
2025-06-14 14:00,고속도로,기점,(1차로)사고처리중,126.7825,37.5238
2025-06-14 14:00,고속도로,기점,"(3,4차로)사고처리중",127.1456,37.5064
2025-06-14 14:00,고속도로,종점,(3차로)승용차관련사고처리완료,128.9861,35.2181
2025-06-14 14:00,고속도로,기점,(2차로)사고처리중,126.7753,37.4585
2025-06-14 15:00,고속도로,기점,"(6차로,갓길)승용차관련사고처리중",126.866,37.361
2025-06-14 15:00,고속도로,종점,(1차로)화물차단독사고처리중,128.9597,35.1546
2025-06-14 15:00,고속도로,기점,(갓길)사고처리중,126.9574,37.3792
2025-06-14 16:00,고속도로,기점,(진출로갓길)승용차단독사고처리중,128.6897,35.2766
2025-06-14 16:00,고속도로,기점,(진출로갓길)승용차단독사고처리중,128.8951,35.1653
2025-06-14 16:00,고속도로,종점,(3차로)화물차관련사고처리중,128.9597,35.1546
2025-06-14 17:00,고속도로,종점,"(1차로,갓길)승용차관련사고처리중",127.7888,37.2668
2025-06-14 17:00,고속도로,기점,(1차로)승용차관련추돌사고처리중,127.6128,37.1877
2025-06-14 17:00,고속도로,종점,"(3,4차로)사고처리중",127.1421,37.6138
2025-06-14 17:00,고속도로,종점,(2차로)사고처리중,127.1551,37.5994
2025-06-14 17:00,고속도로,종점,(5차로)사고처리중,127.0727,37.4275
2025-06-14 17:00,고속도로,종점,(1차로)사고처리중,127.3027,37.415
2025-06-14 17:00,고속도로,기점,"(2차로,갓길)승용차관련사고처리중",128.9937,35.2702
2025-06-14 18:00,고속도로,종점,(갓길)사고처리중,127.275,37.4463
2025-06-14 18:00,고속도로,종점,"(2,3차로)사고처리중",127.1421,37.6138
2025-06-14 19:00,고속도로,종점,(진출로갓길)승용차사고처리중,128.6048,38.0642
2025-06-14 20:00,고속도로,종점,"(1,2차로)승용차사고처리중",126.9256,37.3751
2025-06-14 20:00,고속도로,기점,(갓길)단독사고처리중,127.428,37.6492
2025-06-14 21:00,고속도로,기점,(갓길)단독사고처리중,127.428,37.6492
2025-06-14 23:00,고속도로,종점,"(4,5차로)사고처리중",127.0843,37.1508
2025-06-15 00:00,고속도로,종점,"(4,5차로)사고처리중",127.0843,37.1508
2025-06-15 01:00,고속도로,종점,(갓길)승용차사고처리중,126.7469,37.4998
2025-06-15 03:00,고속도로,기점,(2차로)승용차관련사고처리중,126.77,36.1145
2025-06-15 04:00,고속도로,기점,(2차로)승용차관련사고처리중,126.77,36.1145
2025-06-15 04:00,고속도로,종점,(1차로)승용차단독사고처리중,127.3821,36.6297
2025-06-15 05:00,고속도로,종점,(2차로)승용차사고처리중,127.9246,35.6487
2025-06-15 06:00,고속도로,종점,(2차로)승용차사고처리중,127.9246,35.6487
2025-06-15 06:00,고속도로,종점,(5차로)사고처리중,127.12,37.0979
2025-06-15 07:00,고속도로,기점,(진출로1차로)승용차단독사고처리중,128.2529,35.7018
2025-06-15 08:00,고속도로,종점,(진출로갓길)승용차단독사고처리중,127.9345,35.6785
2025-06-15 09:00,고속도로,종점,"(4,5차로)승용차화재사고처리중",127.1036,37.3002
2025-06-15 09:00,고속도로,기점,"(갓길)승용차1대,소형화물차1대추돌사고처리중",126.7975,35.3233
2025-06-15 10:00,고속도로,기점,(진출로갓길)승용차관련사고처리중,126.7779,37.5987
2025-06-15 10:00,고속도로,기점,(1차로)승용차사고처리중,127.6083,37.7298
2025-06-15 11:00,고속도로,기점,(3차로)승용차관련사고처리중,126.8714,37.3413
2025-06-15 12:00,고속도로,종점,"(2,3차로)사고처리중",127.3169,37.3714
2025-06-15 12:00,고속도로,기점,(1차로)승용차관련추돌사고처리중,126.9062,35.1839
2025-06-15 13:00,고속도로,종점,(1차로)승용차단독사고처리중,127.472,35.0951
2025-06-15 13:00,고속도로,종점,"(4,5차로)추돌사고처리중",127.1234,37.4213
2025-06-15 14:00,고속도로,종점,(4차로)화물차관련사고처리중,126.8216,37.5234
2025-06-15 14:00,고속도로,기점,(갓길)승용차관련사고처리중,128.068,37.4466
2025-06-15 15:00,고속도로,종점,(1차로)승용차관련추돌사고처리중,127.6554,37.1364
2025-06-15 15:00,고속도로,기점,(1차로)소형승합차사고처리중,127.3117,36.7257
2025-06-15 15:00,고속도로,종점,(갓길)화물차관련사고처리중,126.8216,37.5234
2025-06-15 16:00,고속도로,기점,(갓길)승용차사고처리중,126.7481,37.5061
2025-06-15 16:00,고속도로,기점,"(1,2차로)소형승합차사고처리중",127.3117,36.7257
2025-06-15 16:00,고속도로,종점,(갓길)승용차사고처리중,128.1271,36.1267
2025-06-15 16:00,고속도로,기점,(5차로)승용차관련사고처리중,127.1037,37.2912
2025-06-15 17:00,고속도로,기점,"(2,3차로)대형버스관련사고처리중",127.3728,36.6685
2025-06-15 18:00,고속도로,기점,(1차로)승용차사고처리중,127.3457,37.6343
2025-06-15 20:00,고속도로,종점,(2차로)대형버스관련사고처리중,127.4294,36.5687
2025-06-15 20:00,고속도로,종점,(1차로)승용차관련사고처리중,127.4676,37.2428
2025-06-15 23:00,고속도로,기점,"(2차로,갓길)승용차단독사고처리중",127.4307,36.5647
2025-06-16 00:00,고속도로,종점,(갓길)승용차단독사고처리중,128.9274,35.2238
2025-06-16 00:00,고속도로,기점,(진출로2차로)승용차관련사고처리중,127.0846,37.1421
2025-06-16 00:00,고속도로,종점,(진출로갓길)승용차관련사고처리중,127.22,37.3306
2025-06-16 00:00,고속도로,기점,"(4차로,갓길)승용차사고처리중",126.7866,37.6043
2025-06-16 00:00,고속도로,종점,"(4차로,갓길)승용차관련사고처리중",127.2353,37.2478
2025-06-16 00:00,고속도로,종점,(갓길)사고처리중,128.2444,37.5107
2025-06-16 00:00,고속도로,종점,(2차로)승용차사고처리중,128.2449,37.868
2025-06-16 01:00,고속도로,종점,(진출로갓길)승용차관련사고처리중,127.22,37.3306
2025-06-16 02:00,고속도로,기점,"(4,5차로)승용차관련사고처리중",126.7529,37.4758
2025-06-16 03:00,고속도로,기점,(갓길)승용차단독사고처리중,128.8951,35.1653
2025-06-16 03:00,고속도로,종점,"(2차로,갓길)승용차사고처리중",127.4205,36.6268
2025-06-16 03:00,고속도로,종점,(1차로)승용차사고처리중,127.1352,37.0643
2025-06-16 04:00,고속도로,종점,(진출로1차로)대형화물차관련사고처리중,126.7123,37.4338
2025-06-16 06:00,고속도로,기점,(갓길)승용차관련사고처리중,126.8618,37.3526
2025-06-16 07:00,고속도로,기점,(2차로)사고처리중,127.1958,37.5292
2025-06-16 07:00,고속도로,기점,(갓길)승용차관련사고처리중,126.8618,37.3526
2025-06-16 08:00,고속도로,기점,"(4차로,갓길)승용차화재사고처리중",126.8685,37.3874
2025-06-16 09:00,고속도로,기점,"(5차로,갓길)승용차사고처리중",126.8685,37.3874
2025-06-16 10:00,고속도로,종점,(진출로1차로)화물차사고처리중,127.3158,36.2949
2025-06-16 11:00,고속도로,기점,(순천방향진출램프2차로)소형화물차단독사고처리중,128.7952,35.22
2025-06-16 11:00,고속도로,종점,(진출로1차로)화물차사고처리중,127.3158,36.2949
2025-06-16 11:00,고속도로,종점,(2차로)승용차관련사고처리중,126.7924,34.6855
2025-06-16 11:00,고속도로,기점,"(3,4차로)화물차관련사고처리중",128.7386,35.2744
2025-06-16 11:00,고속도로,종점,(진출로)화물차단독사고처리중(부산외곽선기장방향진출로),128.9827,35.2618
2025-06-16 12:00,고속도로,기점,(창원방향진출로1차로)탱크로리단독사고처리중,128.7201,35.2798
2025-06-16 12:00,고속도로,기점,(갓길)사고처리중,127.1593,37.5803
2025-06-16 12:00,고속도로,종점,"(5차로)승용차,화물차관련사고처리중",126.7179,37.4339
2025-06-16 12:00,고속도로,종점,(진출로1차로)화물차사고처리중,127.3158,36.2949
2025-06-16 13:00,고속도로,기점,(1차로)승용차관련사고처리중,128.1336,36.6628
2025-06-16 13:00,고속도로,기점,"(창원방향진출1차로)탱크로리단독사고처리중,진영휴게소이용우회요망",128.7201,35.2798
2025-06-16 13:00,고속도로,기점,(갓길)승용차단독사고처리중,127.8719,35.4061
2025-06-16 13:00,고속도로,기점,(진출로)소형화믈차고장처리중,128.695,35.2779
2025-06-16 14:00,고속도로,기점,(1차로)화물차화재사고처리중,128.1151,36.6892
2025-06-16 14:00,고속도로,기점,"(창원방향진출1차로)탱크로리단독사고처리중,진영휴게소이용우회요망",128.7201,35.2798
2025-06-16 14:00,고속도로,기점,(5차로)승용차관련사고처리중,127.1431,37.0198
2025-06-16 14:00,고속도로,기점,(진출로갓길)승용차관련사고처리중,128.695,35.2779
2025-06-16 14:00,고속도로,종점,(진출로2차로)사고처리중,126.8894,37.0576
2025-06-16 14:00,고속도로,기점,(갓길)승용차관련사고처리중,127.2598,37.246
2025-06-16 14:00,고속도로,기점,(1차로)승용차관련사고처리중,126.7543,37.4744
2025-06-16 15:00,고속도로,기점,(1차로)승용차단독사고처리중,127.5074,36.1464
2025-06-16 15:00,고속도로,기점,"(창원방향진출1차로)탱크로리단독사고처리중,진영휴게소이용우회요망",128.7201,35.2798
2025-06-16 16:00,고속도로,기점,"(창원방향진출1차로)탱크로리단독사고처리중,진영휴게소이용우회요망",128.7201,35.2798
2025-06-16 16:00,고속도로,기점,(갓길)승용차단독사고처리중,127.5074,36.1464
2025-06-16 17:00,고속도로,기점,(진출로1차로)탱크로리단독사고처리중,128.7201,35.2798
2025-06-16 17:00,고속도로,기점,"(1,3차로)승용차관련사고처리중",126.8257,36.945
2025-06-17 01:00,고속도로,종점,(1차로)사고처리중,127.1352,37.0643
2025-06-17 01:00,고속도로,기점,(갓길)승용차단독사고처리중,128.9817,35.2378
2025-06-17 02:00,고속도로,종점,(1차로)사고처리중,127.1352,37.0643
2025-06-17 03:00,고속도로,종점,(1차로)사고처리중,127.1352,37.0643
2025-06-17 04:00,고속도로,기점,(갓길)승용차단독사고처리중,128.2598,36.2023
2025-06-17 06:00,고속도로,종점,(1차로)승용차관련사고처리중,126.8176,37.3503
2025-06-17 06:00,고속도로,기점,(1차로)화물차사고처리중,127.4581,36.3558
2025-06-17 06:00,고속도로,기점,(갓길)승용차추돌사고처리중,126.7861,35.2867
2025-06-17 07:00,고속도로,종점,(1차로)승용차관련사고처리중,126.8176,37.3503
2025-06-17 08:00,고속도로,종점,(진출로1차로)화물차단독사고처리중,129.1044,35.516
2025-06-17 08:00,고속도로,종점,(갓길)승용차관련사고처리중,126.8097,37.4335
2025-06-17 09:00,고속도로,종점,(진출로1차로)화물차단독사고처리중,129.1044,35.516
2025-06-17 09:00,고속도로,종점,(2차로)승용차단독사고처리중,128.5509,35.9602
2025-06-17 10:00,고속도로,종점,(진출로1차로)화물차단독사고처리중,129.1044,35.516
2025-06-17 10:00,고속도로,종점,(영업소입구축중차로)화물차단독사고처리중,126.6637,35.4394
2025-06-17 11:00,고속도로,종점,(영업소입구축중차로)화물차단독사고처리중,126.6637,35.4394
2025-06-17 11:00,고속도로,종점,(진출로1차로)화물차단독사고처리중,129.1044,35.516
2025-06-17 13:00,고속도로,기점,(1차로)승용차관련사고처리완료,128.585,35.2886
2025-06-17 13:00,고속도로,종점,(3차로)화물차관련사고처리중,129.192,35.7803
2025-06-17 14:00,고속도로,기점,"(1,2차로)승용차관련사고처리중",126.7489,37.4821
2025-06-17 15:00,고속도로,종점,(갓길)승용차사고처리중,127.4302,36.533
2025-06-17 15:00,고속도로,기점,"(1,2차로)승용차관련사고처리중",126.7489,37.4821
2025-06-17 16:00,고속도로,종점,(갓길)승용차추돌사고처리중,126.8012,35.2592
2025-06-17 16:00,고속도로,기점,(2차로)승용차사고처리중,127.6094,37.7299
2025-06-17 16:00,고속도로,종점,(갓길)승용차관련사고처리중,127.1769,37.5544
2025-06-17 17:00,고속도로,종점,(갓길)승용차관련사고처리중,127.1413,37.0269
2025-06-17 17:00,고속도로,기점,(1차로)승용차관련사고처리중,127.8624,37.3408
2025-06-17 19:00,고속도로,기점,(1차로)화물차사고처리중,128.0187,37.2664
2025-06-17 19:00,고속도로,기점,(2차로)승용차전복사고처리중,126.8223,35.3152
2025-06-17 23:00,고속도로,기점,특이사항,127.1026,36.0819
2025-06-18 00:00,고속도로,기점,(2차로)대형화물차관련사고처리중,128.1287,37.0699
2025-06-18 01:00,고속도로,기점,(2차로)대형화물차관련사고처리중,128.1287,37.0699
2025-06-18 02:00,고속도로,기점,(2차로)대형화물차관련사고처리중,128.1287,37.0699
2025-06-18 03:00,고속도로,종점,(진출로)소형화물차관련사고처리중,126.912,37.4255
2025-06-18 03:00,고속도로,기점,(2차로)대형화물차관련사고처리중,128.1287,37.0699
2025-06-18 05:00,고속도로,기점,(갓길)화물차단독사고처리중,127.0374,35.8324
2025-06-18 06:00,고속도로,기점,"(2차로,갓길)화물차단독사고처리중",127.0374,35.8324
2025-06-18 07:00,고속도로,기점,(갓길)화물차단독사고처리중,127.0374,35.8324
2025-06-18 07:00,고속도로,종점,"(5차로,갓길)화물차화재사고처리중",127.1879,37.2679
2025-06-18 07:00,고속도로,기점,(진출로갓길)사고확인중,127.2697,37.4479
2025-06-18 08:00,고속도로,종점,"(5차로,갓길)화물차사고처리중",127.1879,37.2679
2025-06-18 09:00,고속도로,기점,(갓길)승용차관련추돌사고처리중,126.9062,35.1839
2025-06-18 09:00,고속도로,기점,"(1차로)승용차1대,소형화물차1대추돌사고처리중",127.4015,34.844
2025-06-18 11:00,고속도로,종점,(1차로)승용차사고처리중,128.1428,36.3676
2025-06-18 12:00,고속도로,기점,(1차로)화물차관련사고처리중,128.279,36.1354
2025-06-18 13:00,고속도로,기점,(1차로)승용차관련사고처리중,126.9014,37.2976
2025-06-18 14:00,고속도로,종점,(진입로갓길)화물차관련사고처리중,128.6196,36.4329
2025-06-18 14:00,고속도로,종점,(1차로)승용차관련사고처리중,127.0939,37.1941
2025-06-18 15:00,고속도로,종점,(갓길)승용차관련사고처리중,127.4092,37.2606
2025-06-18 15:00,고속도로,종점,(진입로갓길)화물차관련사고처리중,128.6196,36.4329
2025-06-18 16:00,고속도로,종점,(2차로)승용차단독사고처리중,128.614,35.266
2025-06-18 16:00,고속도로,종점,(2차로)승용차단독사고처리중,128.614,35.266
2025-06-18 16:00,고속도로,기점,"(2,3차로,갓길)화물차관련사고처리중",127.1844,36.8586
2025-06-18 17:00,고속도로,종점,"(2차로,갓길)승용차관련사고처리중",127.3177,37.3674
2025-06-18 17:00,고속도로,기점,(1차로)화물차관련사고처리중,129.1538,35.5094
2025-06-18 17:00,고속도로,종점,(3차로)승용차관련사고처리중,127.1231,37.4357
2025-06-18 18:00,고속도로,기점,(2차로)화물차관련사고처리중,129.1538,35.5094
2025-06-18 18:00,고속도로,기점,(1차로)승용차관련사고처리중,126.9827,37.3812
2025-06-18 18:00,고속도로,기점,(2차로)대형화물차사고처리중,128.2003,36.4629
2025-06-18 18:00,고속도로,종점,(갓길)승용차관련사고처리중,127.3177,37.3674
2025-06-18 19:00,고속도로,종점,(진입로갓길)승용차관련사고처리중,127.4712,36.9828
2025-06-18 20:00,고속도로,종점,"(2,3차로)사고처리중",127.1563,37.5643
2025-06-18 21:00,고속도로,종점,(3차로)사고처리중,127.1563,37.5643
2025-06-18 21:00,고속도로,종점,(갓길)화물차사고처리중,126.8724,37.1898
2025-06-18 22:00,고속도로,종점,(진출로1차로)대형화물차사고처리중,127.4712,36.9828
2025-06-18 23:00,고속도로,기점,(갓길)승용차관련사고처리중,127.013,37.3106
2025-06-19 01:00,고속도로,기점,"(1차로)승용차,화물차관련사고처리중",127.0184,37.3119
2025-06-19 02:00,고속도로,기점,"(갓길)승용차,화물차관련사고처리중",127.0184,37.3119
2025-06-19 06:00,고속도로,기점,(1차로)승용차단독사고처리중,126.7515,35.1428
2025-06-19 07:00,고속도로,기점,(2차로)승용차사고처리중,127.3476,36.2905
2025-06-19 08:00,고속도로,종점,(1차로)승용차관련사고처리중,127.1039,37.2471
2025-06-19 09:00,고속도로,종점,(2차로)화물차관련추돌사고처리중,127.2045,36.1604
2025-06-19 10:00,고속도로,기점,(5차로)사고처리중,126.7543,37.4744
2025-06-19 10:00,고속도로,기점,(1차로)승용차관련사고처리중,129.0262,35.2774
2025-06-19 10:00,고속도로,종점,(1차로)승용차관련사고처리중,127.5349,36.332
2025-06-19 11:00,고속도로,기점,(2차로)승용차관련사고처리중,127.9413,36.2118
2025-06-19 13:00,고속도로,종점,(2차로)승용차관련사고처리중,127.1373,37.0427
2025-06-19 15:00,고속도로,기점,(1차로)서울방향화물차관련사고처리중,129.1322,35.5747
2025-06-19 15:00,고속도로,종점,화물차관련사고처리중전면차단중,129.1322,35.5747
2025-06-19 15:00,고속도로,종점,(2차로)사고처리중,127.1033,37.3543
2025-06-19 15:00,고속도로,종점,"(1,3,4차로)사고처리중",127.2272,37.5078
2025-06-19 15:00,고속도로,종점,(갓길)화물차관련사고처리중,128.3979,35.2879
2025-06-19 15:00,고속도로,종점,"(3,4차로)화물차관련사고처리중",128.9059,35.1638
2025-06-19 15:00,고속도로,기점,"전면차단중경부선언양분기점전면차단,진출불가",129.1341,35.5646
2025-06-19 15:00,고속도로,기점,(3차로)승용차사고처리중,127.5161,36.3492
2025-06-19 16:00,고속도로,서울방향,3차로 통행재개,129.133301,35.575276
2025-06-19 16:00,고속도로,기점,(남성주휴게소진입로)화물차단독사고처리중,128.3174,35.871
2025-06-19 16:00,고속도로,기점,(1차로)서울방향화물차관련사고처리중,129.1322,35.5747
2025-06-19 16:00,고속도로,종점,"화물차관련사고처리중전면차단중,서울산IC우회이용",129.1322,35.5747
2025-06-19 16:00,고속도로,기점,"(4차로,갓길)화물차화재사고처리중국도이용바랍니다",127.412,37.2408
2025-06-19 16:00,고속도로,종점,"(3,4차로)화물차관련사고처리중",128.9059,35.1638
2025-06-19 16:00,고속도로,종점,"(1,2,3차로)화물차단독사고처리중,석계정류장우회이용",129.0631,35.4141
2025-06-19 16:00,고속도로,기점,(갓길)화물차화재사고처리중,129.0631,35.4141
2025-06-19 16:00,고속도로,종점,"(2차로,갓길)화물차관련사고처리중",127.2393,35.723
2025-06-19 16:00,고속도로,기점,(진입로갓길)오창졸음쉼터차량화재처리중(진입금지),127.4544,36.7322
2025-06-19 17:00,고속도로,서울방향,3차로 통행재개,129.133301,35.575276
2025-06-19 17:00,고속도로,종점,(1차로)승용차관련사고처리중,127.1596,37.5342
2025-06-19 17:00,고속도로,기점,(2차로)화물차관련사고처리중,128.9969,35.2704
2025-06-19 17:00,고속도로,기점,(2차로)승용차관련추돌사고처리중,126.6787,35.4004
2025-06-19 17:00,고속도로,종점,"(1,2,3차로)화물차단독사고처리중,석계정류장우회이용",129.0631,35.4141
2025-06-19 17:00,고속도로,종점,"(3,4차로)화물차관련사고처리중",128.9059,35.1638
2025-06-19 17:00,고속도로,기점,(1차로)승용차관련사고처리중,127.6463,37.1498
2025-06-19 17:00,고속도로,기점,(갓길)화물차사고처리중,129.0631,35.4141
2025-06-19 18:00,고속도로,종점,(4차로)화물차관련사고처리중,128.9059,35.1638
2025-06-19 18:00,고속도로,기점,(진입로갓길)사고확인중,127.4422,35.7725
2025-06-19 18:00,고속도로,종점,(3차로)사고처리중,127.053,37.4495
2025-06-19 18:00,고속도로,종점,(6차로)승용차사고처리중,126.7499,37.5399
2025-06-19 18:00,고속도로,종점,"(1,2,3차로)화물차단독사고처리중,석계정류장우회이용",129.0631,35.4141
2025-06-19 19:00,고속도로,종점,(갓길)사고처리중,127.2509,37.2458
2025-06-19 19:00,고속도로,종점,(6차로)승용차사고처리중,126.7499,37.5399
2025-06-19 19:00,고속도로,종점,(1차로)사고처리중,126.9009,37.2861
2025-06-19 19:00,고속도로,종점,(1차로)승용차관련사고처리중,128.561,35.2906
2025-06-19 19:00,고속도로,종점,(갓길)승용차관련사고처리중,128.9092,35.3019
2025-06-19 20:00,고속도로,종점,(3차로)승용차관련사고처리중,127.1535,37.5681
2025-06-19 21:00,고속도로,종점,"(4차로,갓길)버스고장처리중",127.1551,37.5994
2025-06-19 22:00,고속도로,종점,"(1,2차로)승용차관련사고처리중",128.2602,36.204
2025-06-19 22:00,고속도로,기점,"(1,2차로,갓길)화물차관련사고처리중",128.4931,35.3883
2025-06-19 22:00,고속도로,기점,(4차로)화물차관련사고처리중,128.2793,36.153
2025-06-19 23:00,고속도로,기점,(2차로)화물차관련사고처리중,128.4897,35.4171
2025-06-20 00:00,고속도로,기점,(2차로)화물차관련사고처리중중,128.4897,35.4171
2025-06-20 00:00,고속도로,기점,(1차로)화재사고처리중,127.1224,37.4169
2025-06-20 01:00,고속도로,종점,"(1,3차로,갓길)승용차관련사고처리중",126.8698,37.3396
2025-06-20 01:00,고속도로,기점,(2차로)화물차관련사고처리중중,128.4897,35.4171
2025-06-20 02:00,고속도로,종점,(갓길)대형화물차관련추돌사고처리중,128.1756,36.3741
2025-06-20 02:00,고속도로,기점,(2차로)화물차관련사고처리중중,128.4897,35.4171
2025-06-20 02:00,고속도로,종점,"(2,3차로)승용차관련사고처리중",126.8698,37.3396
2025-06-20 03:00,고속도로,종점,(갓길)대형화물차관련추돌사고처리중,128.1756,36.3741
2025-06-20 04:00,고속도로,기점,(1차로)중형화물차단독사고처리중,127.4252,36.6846
2025-06-20 05:00,고속도로,기점,(1차로)중형화물차단독사고처리중,127.4254,36.6882
2025-06-20 06:00,고속도로,종점,(1차로)승용차사고처리중,127.1884,37.5809
2025-06-20 07:00,고속도로,종점,(2차로)승용차사고처리중,126.8869,37.4079
2025-06-20 07:00,고속도로,종점,(갓길)승용차사고처리중,126.8918,37.2667
2025-06-20 08:00,고속도로,종점,(1차로)승용차추돌사고처리중,128.2957,37.9165
2025-06-20 09:00,고속도로,종점,"(1,3차로)사고처리중",127.1348,37.0679
2025-06-20 09:00,고속도로,기점,(1차로)승용차관련사고처리중,127.1224,37.4169
2025-06-20 10:00,고속도로,기점,(인천진출로갓길)승용차사고처리중,126.7379,37.429
2025-06-20 10:00,고속도로,종점,(5차로)화물차관련사고처리중,127.4232,36.5947
2025-06-20 10:00,고속도로,종점,(5차로)사고처리중,127.0921,37.1677
2025-06-20 11:00,고속도로,기점,(1차로)사고처리중,126.7993,37.5216
2025-06-20 11:00,고속도로,기점,(1차로)화물차관련사고처리중,128.6268,35.279
2025-06-20 12:00,고속도로,종점,(1차로)승용차관련사고처리중,127.3704,37.2409
2025-06-20 12:00,고속도로,종점,(1차로)승용차관련사고처리중,128.5871,36.3931
2025-06-20 13:00,고속도로,종점,(1차로)승용차관련사고처리중,128.0807,37.2325
2025-06-20 13:00,고속도로,종점,(진입로갓길)승용차관련사고처리중,127.153,37.5128
2025-06-20 13:00,고속도로,종점,(1차로)승용차관련사고처리중,127.3704,37.2409
2025-06-20 14:00,고속도로,기점,(1차로)승용차사고처리중,126.6966,36.7755
2025-06-20 14:00,고속도로,기점,(진출로1차로)사고처리중,127.0958,37.2126
2025-06-20 14:00,고속도로,종점,"(1,2,3차로)화물차관련사고처리중",128.9697,35.2193
2025-06-20 14:00,고속도로,기점,(진출로1차로)사고처리중,127.1003,37.3992
2025-06-20 15:00,고속도로,기점,(진출로갓길)승용차단독사고처리중,128.6206,36.5903
2025-06-20 15:00,고속도로,종점,(2차로)승용차사고처리중,127.1892,36.9302
2025-06-20 15:00,고속도로,종점,(2차로)승용차관련사고처리중,128.5934,36.4002
2025-06-20 16:00,고속도로,기점,(3차로)승용차관련사고처리중,127.0404,37.3055
2025-06-20 16:00,고속도로,종점,(2차로)승용차사고처리중,126.8475,36.6169
2025-06-20 16:00,고속도로,종점,(5차로)사고처리중,127.1003,37.3992
2025-06-20 16:00,고속도로,기점,(1차로)화물차관련사고처리중,128.9458,35.2436
2025-06-20 16:00,고속도로,종점,"(1,2차로)버스관련사고처리중",127.3139,37.6314
2025-06-20 17:00,고속도로,종점,(3차로)사고처리중,127.1591,37.535
2025-06-20 17:00,고속도로,기점,(1차로)승용차사고처리중,127.9849,37.5142
2025-06-20 17:00,고속도로,종점,(진출로1차로)사고처리중,127.3205,37.3536
2025-06-20 17:00,고속도로,종점,(2차로)승용차사고처리중,127.3402,36.718
2025-06-20 17:00,고속도로,종점,(진출로1차로)화물차관련사고처리중(기장방향),128.9805,35.2698
2025-06-20 18:00,고속도로,종점,(3차로)사고처리중,127.1591,37.535
2025-06-20 18:00,고속도로,종점,(3차로)승용차관련사고처리중,126.8216,37.5234
2025-06-20 18:00,고속도로,기점,"(2,3차로)승용차사고처리중",127.8396,37.7589
2025-06-20 18:00,고속도로,기점,(1차로)광암터널내부사고처리중,127.1719,37.5156
2025-06-20 18:00,고속도로,종점,(갓길)승용차단독사고처리중,127.5652,35.4813
2025-06-20 20:00,고속도로,종점,"(2차로,갓길)승용차사고처리중",127.0515,36.4507
2025-06-20 20:00,고속도로,종점,(진출로2차로)승용차관련추돌사고처리중,126.8828,35.2639
2025-06-20 20:00,고속도로,종점,(갓길)승용차사고처리중,126.792,36.2454
2025-06-20 20:00,고속도로,기점,(4차로)승용차관련사고처리중,128.4349,35.9753
2025-06-20 20:00,고속도로,종점,(갓길)사고처리중,127.3345,37.3299
2025-06-20 20:00,고속도로,종점,(1차로)승용차관련사고처리중,126.9743,37.3199
2025-06-20 20:00,고속도로,종점,"(2차로,갓길)승용차단독사고처리중",126.585,36.2797
2025-06-20 20:00,고속도로,종점,(1차로)승용차사고처리중,126.7314,36.7305
2025-06-20 21:00,고속도로,종점,(진출로2차로)승용차관련추돌사고처리중,126.8828,35.2639
2025-06-20 21:00,고속도로,종점,"(2차로,갓길)승용차사고처리중",127.0515,36.4507
2025-06-20 21:00,고속도로,기점,(4차로)승용차관련사고처리완료,128.4349,35.9753
2025-06-21 00:00,고속도로,종점,"(2차로,갓길)화물차단독사고처리중",128.3392,35.0152
2025-06-21 01:00,고속도로,기점,(2차로)승용차관련사고처리중,127.3432,36.2912
2025-06-21 01:00,고속도로,종점,"(2차로,갓길)화물차단독사고처리중",128.3392,35.0152
2025-06-21 04:00,고속도로,기점,(갓길)사고처리중,127.1038,37.2642
2025-06-21 04:00,고속도로,종점,(진출로갓길)화물차사고처리중,127.4302,36.533
2025-06-21 04:00,고속도로,종점,(갓길)사고처리중,126.8894,37.0576
2025-06-21 05:00,고속도로,종점,(갓길)승용차관련사고처리중,127.1748,36.7821
2025-06-21 05:00,고속도로,종점,(진출로갓길)화물차사고처리중,127.4302,36.533
2025-06-21 05:00,고속도로,종점,"(3차로,갓길)사고처리중",126.8894,37.0576
2025-06-21 05:00,고속도로,종점,(2차로)화물차관련사고처리중,127.7155,37.1006
2025-06-21 06:00,고속도로,기점,"(3차로,갓길)사고처리중",126.7389,37.4155
2025-06-21 06:00,고속도로,기점,"(1,2차로)사고처리중",127.0939,37.1941
2025-06-21 06:00,고속도로,종점,(갓길)승용차단독사고처리중,127.4707,36.7469
2025-06-21 06:00,고속도로,종점,"(3차로,갓길)사고처리중",126.8894,37.0576
2025-06-21 07:00,고속도로,종점,(진입로갓길)대형화물차사고처리중,129.0954,37.5127
2025-06-21 07:00,고속도로,종점,"(3차로,갓길)사고처리중",126.8894,37.0576
2025-06-21 07:00,고속도로,종점,"(2차로,갓길)승용차단독사고처리중",127.2339,35.2144
2025-06-21 08:00,고속도로,종점,(진입로갓길)소형화물차사고처리중,129.0954,37.5127
2025-06-21 08:00,고속도로,종점,(갓길)사고처리중,128.7831,37.7409
2025-06-21 08:00,고속도로,종점,(2차로)승용차관련사고처리중,127.7953,35.5172
2025-06-21 08:00,고속도로,종점,(갓길)소형화물차단독사고처리중,128.0862,37.2283
2025-06-21 08:00,고속도로,기점,"(2차로,갓길)승용차단독사고처리중",127.0432,35.3319
2025-06-21 08:00,고속도로,종점,(갓길)승용차단독사고처리중,127.7586,35.5542
2025-06-21 08:00,고속도로,종점,"(3차로,갓길)사고처리중",126.8894,37.0576
2025-06-21 08:00,고속도로,종점,"(1,2차로)승용차관련사고처리중",128.5431,36.6463
2025-06-21 09:00,고속도로,종점,(갓길)승용차단독사고처리중,127.7406,35.5337
2025-06-21 09:00,고속도로,종점,(갓길)승용차단독사고처리중,126.824,35.2356
2025-06-21 09:00,고속도로,종점,(갓길)소형화물차단독사고처리중,128.0862,37.2283
2025-06-21 09:00,고속도로,기점,"(1,2차로)승용차사고처리중",126.866,37.361
2025-06-21 09:00,고속도로,기점,"(3,4차로)승용차단독사고처리중",127.1061,35.9759
2025-06-21 10:00,고속도로,종점,(갓길)승용차단독사고처리중,127.7406,35.5337
2025-06-21 10:00,고속도로,종점,(2차로)승용차단독사고처리중,126.824,35.2356
2025-06-21 10:00,고속도로,기점,사고처리완료,127.2743,36.2171
2025-06-21 10:00,고속도로,기점,(1차로)승용차단독사고처리중,127.5094,35.4908
2025-06-21 10:00,고속도로,종점,(1차로)버스고장처리중,127.0868,37.4135
2025-06-21 10:00,고속도로,종점,(2차로)승용관련사고처리중,126.5893,36.2878
2025-06-21 10:00,고속도로,종점,"(2차로,갓길)승용관련사고처리중",127.5121,36.1386
2025-06-21 11:00,고속도로,기점,(진출로갓길)승용차단독사고처리중,128.7233,35.2855
2025-06-21 11:00,고속도로,종점,"(2차로,갓길)승용차2대관련사고처리중",127.5057,36.1475
2025-06-21 11:00,고속도로,기점,(갓길)승용차단독사고처리중,128.1292,36.1261
2025-06-21 11:00,고속도로,종점,(서울방향진출로2차로)승용차관련사고처리중,129.0375,35.3322
2025-06-21 12:00,고속도로,종점,(갓길)승용차사고처리중,127.4226,36.4137
2025-06-21 12:00,고속도로,기점,(1차로)승용차관련사고처리중,127.1257,37.4479
2025-06-21 12:00,고속도로,종점,(갓길)승용차단독사고처리중,126.7888,35.3049
2025-06-21 12:00,고속도로,종점,(갓길)승용차사고처리중,127.5124,35.7546
2025-06-21 12:00,고속도로,종점,(3차로)승용차관련사고처리중,127.157,37.5563
2025-06-21 12:00,고속도로,기점,(갓길)승용차단독사고처리중,126.7861,35.2867
2025-06-21 12:00,고속도로,기점,(1차로)승용차단독사고처리중,126.6795,35.4834
2025-06-21 12:00,고속도로,종점,(갓길)승용차단독사고처리중,126.9817,35.2258
2025-06-21 13:00,고속도로,기점,(갓길)승용차관련사고처리중,129.0375,37.6192
2025-06-21 13:00,고속도로,종점,(갓길)승용차사고처리중,128.2562,36.0024
2025-06-21 13:00,고속도로,기점,"(1차로,갓길)승용차관련사고처리중",126.9742,35.7177
2025-06-21 13:00,고속도로,기점,"(2차로,갓길)승용차단독사고처리중",128.2709,36.0433
2025-06-21 13:00,고속도로,기점,(1차로)승용차관련사고처리중,127.1224,37.4169
2025-06-21 13:00,고속도로,종점,(갓길)승용차단독사고처리중,127.691,35.5426
2025-06-21 13:00,고속도로,종점,(1차로)승용차단독사고처리중,128.5527,36.6303
2025-06-21 14:00,고속도로,종점,(1차로)승용차관련사고처리중,127.3435,37.6344
2025-06-21 14:00,고속도로,기점,"(2,3차로)승용차관련사고처리중",129.0508,35.3249
2025-06-21 14:00,고속도로,종점,(2차로)승용차관련사고처리중,127.2763,36.7329
2025-06-21 14:00,고속도로,기점,(갓길)승용차사고처리중,127.1027,36.0395
2025-06-21 14:00,고속도로,종점,(2차로)승용차단독사고처리완료,128.6216,36.4708
2025-06-21 14:00,고속도로,종점,(갓길)승용차2대관련사고처리중,126.8426,35.9074
2025-06-21 14:00,고속도로,종점,(갓길)승용차관련사고처리중,128.1972,37.8038
2025-06-21 15:00,고속도로,기점,(3차로)화물차단독사고처리중,127.3741,37.6343
2025-06-21 15:00,고속도로,기점,"(2차로,갓길)승용차단독사고처리중",127.3168,35.7902
2025-06-21 15:00,고속도로,기점,(진출로갓길)승용차사고처리중,128.4547,35.9579
2025-06-21 15:00,고속도로,종점,"(2차로,갓길)승용차사고처리중",128.5763,36.7306
2025-06-21 15:00,고속도로,기점,(1차로)승용차관련추돌사고처리중,127.9703,36.8094
2025-06-21 15:00,고속도로,기점,"(2,3차로)승용차단독사고처리중",127.1653,36.8086
2025-06-21 15:00,고속도로,기점,(1차로)승용차관련추돌사고처리중,128.1324,36.6643
2025-06-21 16:00,고속도로,종점,"(5차로,갓길)승용차사고처리중",128.503,35.8123
2025-06-21 16:00,고속도로,기점,(2차로)승용차사고처리중,128.6157,35.9389
2025-06-21 17:00,고속도로,종점,(갓길)승용차단독사고처리중,127.3641,35.4264
2025-06-21 17:00,고속도로,기점,(1차로)승용차관련사고처리중,127.7565,35.5675
2025-06-21 18:00,고속도로,종점,(갓길)승용차단독사고처리중,127.3265,35.5924
2025-06-21 19:00,고속도로,기점,(갓길)승용차단독사고처리중,128.0968,35.1336
2025-06-21 19:00,고속도로,종점,(갓길)승용차단독사고처리중,127.3265,35.5924
2025-06-21 19:00,고속도로,기점,(갓길)승용차단독사고처리중,127.7574,35.5711
2025-06-21 19:00,고속도로,종점,(진입로갓길)승용차사고처리중,128.1907,35.6963
2025-06-21 19:00,고속도로,기점,(2차로)승용차단독사고처리중,127.2498,35.1674
2025-06-21 19:00,고속도로,기점,(1차로)승용차사고처리중,127.6763,36.2801
2025-06-21 20:00,고속도로,기점,(갓길)승용차단독사고처리중,126.4986,34.9665
2025-06-21 20:00,고속도로,종점,(갓길)승용차단독사고처리중,127.3265,35.5924
2025-06-21 21:00,고속도로,종점,(갓길)승용차단독사고처리중,127.3265,35.5924
2025-06-21 21:00,고속도로,기점,(갓길)사고처리중,128.7455,37.9651
2025-06-21 21:00,고속도로,기점,(3차로)승용차단독사고처리중,129.2067,35.2163
2025-06-21 22:00,고속도로,종점,(3차로)사고처리중,126.767,37.3767
2025-06-21 23:00,고속도로,종점,(1차로)승용차단독사고처리중,127.0236,35.3241
2025-06-21 23:00,고속도로,기점,(갓길)승용차관련사고처리중,126.8801,37.1392
2025-06-22 00:00,고속도로,종점,"(2차로,갓길)승용차관련사고처리중",128.0708,36.4074
2025-06-22 02:00,고속도로,종점,"(2,3차로,갓길)승용차사고처리중",126.8743,37.2244
2025-06-22 05:00,고속도로,기점,(5차로)승용차관련사고처리중,126.8627,37.3543
2025-06-22 07:00,고속도로,종점,(진출로1차로)사고처리중,126.7066,37.4337
2025-06-22 08:00,고속도로,기점,(5차로)화물차관련사고처리중,126.7543,37.4744
2025-06-22 09:00,고속도로,종점,(2차로)대형화물차관련사고처리중,128.5269,35.2837
2025-06-22 10:00,고속도로,종점,"대형화물차관련사고처리,일시전면차단중",128.5269,35.2837
2025-06-22 11:00,고속도로,기점,"(1,4차로)추돌사고처리중",127.3308,37.251
2025-06-22 11:00,고속도로,종점,"대형화물차관련사고처리견인작업으로임시전면차단(30분예상),우회바람",128.5269,35.2837
2025-06-22 12:00,고속도로,종점,(1차로)승용차관련사고처리중,128.6005,35.2556
2025-06-22 12:00,고속도로,종점,"(1,2차로)사고처리중",126.8878,37.0755
2025-06-22 12:00,고속도로,기점,"(1,3차로)승용차관련사고처리중",129.2563,35.4091
2025-06-24 01:00,고속도로,기점,(2차로)화물차관련사고처리중,128.2601,36.1889
2025-06-24 02:00,고속도로,종점,"(2,3차로,갓길)사고처리중",127.5667,37.2395
2025-06-24 02:00,고속도로,기점,"(4차로,갓길)승용차단독사고처리중",128.8659,35.1757
2025-06-24 05:00,고속도로,종점,"(1,2차로)화재사고처리중",128.902,35.902
2025-06-24 05:00,고속도로,기점,"(1,2차로)화재사고처리중",128.902,35.902
2025-06-24 05:00,고속도로,종점,(1차로)대형화물차관련사고처리중,127.4298,36.9507
2025-06-24 06:00,고속도로,기점,"(1,2,3차로)화물차단독사고처리중",128.902,35.902
2025-06-24 06:00,고속도로,종점,"(1,2차로)화물차단독사고처리중",128.902,35.902
2025-06-24 07:00,고속도로,종점,"(1,2차로)화물차단독사고처리중",128.902,35.902
2025-06-24 07:00,고속도로,기점,"(1,2차로)화물차단독사고처리중",128.902,35.902
2025-06-24 08:00,고속도로,종점,"(1,2차로)사고잔해물처리중",128.902,35.902
2025-06-24 08:00,고속도로,기점,(1차로)사고잔해물처리중,128.9051,35.9028
2025-06-24 09:00,고속도로,종점,(갓길)승용차단독사고처리중,126.6984,34.6965
2025-06-24 09:00,고속도로,종점,"(5차로,갓길)화물차관련사고처리중",127.1415,37.026
2025-06-24 10:00,고속도로,기점,(1차로)승용차관련사고처리중,126.7603,37.4625
2025-06-24 10:00,고속도로,종점,(갓길)승용차단독사고처리중,126.6984,34.6965
2025-06-24 11:00,고속도로,종점,(1차로)승용관련사고처리중,128.5871,36.3931
2025-06-24 12:00,고속도로,종점,(갓길)승용차관련단독사고처리중,127.3022,35.4042
2025-06-24 12:00,고속도로,종점,"(2,3차로)사고처리중",127.1579,37.5375
2025-06-24 13:00,고속도로,종점,(1차로)승용차추돌사고처리중,128.2172,37.8164
2025-06-24 13:00,고속도로,종점,(1차로)승용차관련사고처리중,128.2924,37.5332
2025-06-24 14:00,고속도로,종점,(4차로)승용차단독사고처리중,128.7875,35.2238
2025-06-24 14:00,고속도로,기점,(갓길)승용차단독사고처리중,129.0411,35.3408
2025-06-24 14:00,고속도로,기점,"(3차로,갓길)승용차관련사고처리중",128.9697,35.2193
2025-06-24 14:00,고속도로,종점,(진입로램프갓길)화물차고장처리중,127.818,35.0038
2025-06-24 14:00,고속도로,종점,(갓길)트레일러관련사고처리중,127.591,35.7163
2025-06-24 14:00,고속도로,종점,(1차로)사고처리중,127.0314,37.3935
2025-06-24 14:00,고속도로,기점,(1차로)승용차사고처리중,128.4838,36.8766
2025-06-24 14:00,고속도로,종점,(1차로)사고처리중,127.2008,35.8737
2025-06-24 14:00,고속도로,기점,(갓길)화물차관련사고처리중,128.4943,35.4253
2025-06-24 14:00,고속도로,기점,(갓길)사고처리중,126.8806,35.6188
2025-06-24 14:00,고속도로,종점,"(2,3차로)화물차관련사고처리중",129.1633,36.0795
2025-06-24 14:00,고속도로,종점,(1차로)승용차단독사고처리중,127.6621,35.8882
2025-06-24 15:00,고속도로,종점,"(2,3차로)화물차관련사고처리중",129.1633,36.0795
2025-06-24 15:00,고속도로,종점,(4차로)승용차관련사고처리중,128.9597,35.1546
2025-06-24 16:00,고속도로,종점,(진출로1차로)대형화물차사고처리중,126.7735,36.6802
2025-06-24 16:00,고속도로,종점,"(2,3차로)화물차관련사고처리중",129.1633,36.0795
2025-06-24 16:00,고속도로,기점,(진출로갓길)화물차관련사고처리중,128.9453,35.922
2025-06-24 16:00,고속도로,종점,(갓길)승용차사고처리중,127.6118,37.202
2025-06-24 16:00,고속도로,기점,"(1차로,갓길)화물차관련사고처리중",128.5011,35.2925
2025-06-24 17:00,고속도로,종점,(갓길)승용차사고처리중,127.6118,37.202
2025-06-24 17:00,고속도로,기점,"(3,4차로)화물차관련사고처리중",128.4306,36.0183
2025-06-24 17:00,고속도로,기점,(갓길)승용차단독사고처리중,128.1929,35.18
2025-06-24 17:00,고속도로,종점,(진출로1차로)대형화물차사고처리중,126.7735,36.6802
2025-06-24 17:00,고속도로,종점,"(2,3차로)화물차관련사고처리중",129.1633,36.0795
2025-06-24 17:00,고속도로,기점,(1차로)승용차단독사고처리중,127.4265,36.5901
2025-06-24 17:00,고속도로,기점,"(2차로,갓길)승용차관련사고처리중",128.1963,36.4891
2025-06-24 18:00,고속도로,종점,(진출로1차로)대형화물차사고처리중,126.7735,36.6802
2025-06-24 18:00,고속도로,기점,(갓길)승용차관련사고처리중,128.1963,36.4891
2025-06-24 19:00,고속도로,기점,(5차로)승용차관련사고처리중,127.1471,37.0114
2025-06-24 19:00,고속도로,종점,"(1,2차로)승용차관련사고처리중",127.3668,36.6842
2025-06-24 21:00,고속도로,종점,(갓길)승용차단독사고처리중,128.8733,35.2214
2025-06-24 21:00,고속도로,종점,(갓길)승용차관련사고처리중,128.7875,35.2238
2025-06-24 22:00,고속도로,기점,"(1,2차로,갓길)승용차사고처리중",127.1059,37.2902
2025-06-24 22:00,고속도로,종점,(갓길)승용차관련사고처리중,128.7875,35.2238
2025-06-25 01:00,고속도로,종점,"(갓길)승용차1대,대형화물차1대추돌사고처리중",126.7913,35.3108
2025-06-25 04:00,고속도로,기점,(1차로)대형화물차단독사고처리중,127.4704,36.952
2025-06-25 05:00,고속도로,기점,(1차로)대형화물차단독사고처리중,127.4704,36.952
2025-06-25 05:00,고속도로,종점,(4차로)승용차단독사고처리중,128.3998,36.065
2025-06-25 07:00,고속도로,기점,(갓길)승용차단독사고처리중,128.3581,36.118
2025-06-25 10:00,고속도로,종점,(1차로)소형화물차사고처리중,127.4259,36.6935
2025-06-25 12:00,고속도로,종점,(영업소진출로1차로)승용차단독사고처리중,127.2173,36.7603
2025-06-25 13:00,고속도로,기점,(진출로갓길)화물차단독사고처리중,128.6309,36.5868
2025-06-25 13:00,고속도로,기점,"(1,2차로)승용차관련사고처리중",128.4593,35.2713
2025-06-25 14:00,고속도로,기점,(갓길)사고처리중,127.3007,37.1006
2025-06-25 15:00,고속도로,기점,(갓길)사고처리중,127.3007,37.1006
2025-06-25 15:00,고속도로,기점,(3차로)사고처리중,127.1834,37.2707
2025-06-25 16:00,고속도로,종점,(갓길)사고처리중,129.0106,37.6696
2025-06-25 16:00,고속도로,종점,(2차로)화물차관련사고처리중,128.4375,35.6632
2025-06-25 17:00,고속도로,종점,(3차로)화물차관련사고처리중,128.4375,35.6632
2025-06-25 17:00,고속도로,종점,(2차로)승용차단독사고처리중,128.0108,37.0704
2025-06-25 18:00,고속도로,기점,(갓길)사고처리중,126.7381,37.42
2025-06-25 18:00,국도,동읍방향,"승용차 2대, 화물차 2대 관련 4중 추돌사고",128.690176,35.255483
2025-06-25 18:00,고속도로,종점,(2차로)승용차관련사고처리중,128.004,37.0735
2025-06-25 19:00,고속도로,종점,(갓길)승용차관련사고처리중,128.462,35.7267
2025-06-25 19:00,고속도로,기점,"(2,3차로)승용차관련사고처리중",129.2545,35.357
2025-06-25 19:00,국도,동읍방향,"승용차 2대, 화물차 2대 관련 4중 추돌사고",128.690176,35.255483
2025-06-25 20:00,국도,동읍방향,"승용차 2대, 화물차 2대 관련 4중 추돌사고",128.690176,35.255483
2025-06-25 21:00,국도,동읍방향,"승용차 2대, 화물차 2대 관련 4중 추돌사고",128.690176,35.255483
2025-06-25 22:00,고속도로,기점,(2차로)중형화물차단독사고처리중,127.8644,36.9308
2025-06-25 22:00,국도,동읍방향,"승용차 2대, 화물차 2대 관련 4중 추돌사고",128.690176,35.255483
2025-06-25 23:00,고속도로,기점,(순천방향진출로2차로)대형화물차단독사고처리중,128.7957,35.2173
2025-06-25 23:00,고속도로,종점,"(3차로,갓길)승용차관련사고처리중",126.6462,37.4388
2025-06-25 23:00,고속도로,기점,(2차로)중형화물차단독사고처리중,127.8644,36.9308
2025-06-25 23:00,국도,동읍방향,"승용차 2대, 화물차 2대 관련 4중 추돌사고",128.690176,35.255483
2025-06-26 00:00,고속도로,기점,(순천방향진출로2차로)화물차단독사고처리중,128.7957,35.2173
2025-06-26 00:00,고속도로,기점,(2차로)중형화물차단독사고처리중,127.8644,36.9308
2025-06-26 00:00,국도,동읍방향,"승용차 2대, 화물차 2대 관련 4중 추돌사고",128.690176,35.255483
2025-06-26 01:00,국도,동읍방향,"승용차 2대, 화물차 2대 관련 4중 추돌사고",128.690176,35.255483
2025-06-26 01:00,고속도로,기점,중형화물차단독사고처리중전면차단중충주IC우회바랍니다.,127.8457,36.9828
2025-06-26 01:00,고속도로,종점,"(2,3,4차로)사고처리중",127.279,37.2428
2025-06-26 02:00,고속도로,기점,(4차로)화물차관련사고처리중,127.4218,36.468
2025-06-26 02:00,고속도로,종점,"(3,4차로)사고처리중",127.279,37.2428
2025-06-26 02:00,국도,동읍방향,"승용차 2대, 화물차 2대 관련 4중 추돌사고",128.690176,35.255483
2025-06-26 03:00,국도,동읍방향,"승용차 2대, 화물차 2대 관련 4중 추돌사고",128.690176,35.255483
2025-06-26 04:00,고속도로,종점,(갓길)승용차단독사고처리중,128.4011,36.0626
2025-06-26 04:00,국도,동읍방향,"승용차 2대, 화물차 2대 관련 4중 추돌사고",128.690176,35.255483
2025-06-26 05:00,국도,동읍방향,"승용차 2대, 화물차 2대 관련 4중 추돌사고",128.690176,35.255483
2025-06-26 05:00,국도,연천방향,국도 3호선 동두천 동안터널(연천방향) 차량 충돌사고로 2차로 통제중,127.046828,37.936195
2025-06-26 06:00,고속도로,기점,특이사항,127.1026,36.0819
2025-06-26 06:00,국도,동읍방향,"승용차 2대, 화물차 2대 관련 4중 추돌사고",128.690176,35.255483
2025-06-26 06:00,국도,연천방향,국도 3호선 동두천 동안터널(연천방향) 차량 충돌사고로 2차로 통제중,127.046828,37.936195
2025-06-26 07:00,국도,연천방향,국도 3호선 동두천 동안터널(연천방향) 차량 충돌사고로 2차로 통제중,127.046828,37.936195
2025-06-26 07:00,국도,동읍방향,"승용차 2대, 화물차 2대 관련 4중 추돌사고",128.690176,35.255483
2025-06-26 07:00,고속도로,기점,(진출로하이패스차로)사고처리중,127.0353,37.0255
2025-06-26 07:00,고속도로,종점,(진출로하이패스차로)사고처리중,127.0353,37.0255
2025-06-26 07:00,고속도로,기점,(진출로갓길)승용차관련사고처리중,127.0422,37.3044
2025-06-26 07:00,고속도로,기점,특이사항,127.1026,36.0819
2025-06-26 07:00,고속도로,기점,"(2,3차로)화물차단독화재사고처리중",129.077,35.3047
2025-06-26 08:00,고속도로,기점,"(2,3차로)화물차단독사고처리중",129.077,35.3047
2025-06-26 08:00,고속도로,종점,(1차로)승용차관련사고처리중,128.4706,35.9337
2025-06-26 08:00,고속도로,기점,(1차로)버스사고처리중,127.0882,37.1336
2025-06-26 08:00,고속도로,기점,특이사항,127.1026,36.0819
2025-06-26 08:00,고속도로,종점,(진출로하이패스차로)사고처리중,127.0353,37.0255
2025-06-26 08:00,고속도로,기점,(진출로하이패스차로)사고처리중,127.0353,37.0255
2025-06-26 08:00,국도,동읍방향,"승용차 2대, 화물차 2대 관련 4중 추돌사고",128.690176,35.255483
2025-06-26 08:00,국도,연천방향,국도 3호선 동두천 동안터널(연천방향) 차량 충돌사고로 2차로 통제중,127.046828,37.936195
2025-06-26 09:00,국도,연천방향,국도 3호선 동두천 동안터널(연천방향) 차량 충돌사고로 2차로 통제중,127.046828,37.936195
2025-06-26 09:00,국도,동읍방향,"승용차 2대, 화물차 2대 관련 4중 추돌사고",128.690176,35.255483
2025-06-26 09:00,고속도로,종점,(3차로)승용차관련사고처리중,127.1999,37.3833
2025-06-26 09:00,고속도로,기점,(1차로)승용차관련사고처리중,129.0174,35.2736
2025-06-26 09:00,고속도로,기점,(진출로1차로)사고처리중,126.8837,37.1197
2025-06-26 09:00,고속도로,기점,"(2,3차로)화물차단독사고처리중",129.077,35.3047
2025-06-26 10:00,고속도로,종점,(진출로갓길)승용차관련사고처리중,127.2134,37.5311
2025-06-26 10:00,국도,동읍방향,"승용차 2대, 화물차 2대 관련 4중 추돌사고",128.690176,35.255483
2025-06-26 10:00,국도,연천방향,국도 3호선 동두천 동안터널(연천방향) 차량 충돌사고로 2차로 통제중,127.046828,37.936195
2025-06-26 11:00,국도,동읍방향,"승용차 2대, 화물차 2대 관련 4중 추돌사고",128.690176,35.255483
2025-06-26 11:00,국도,연천방향,국도 3호선 동두천 동안터널(연천방향) 차량 충돌사고로 2차로 통제중,127.046828,37.936195
2025-06-26 12:00,국도,연천방향,국도 3호선 동두천 동안터널(연천방향) 차량 충돌사고로 2차로 통제중,127.046828,37.936195
2025-06-26 12:00,국도,동읍방향,"승용차 2대, 화물차 2대 관련 4중 추돌사고",128.690176,35.255483
2025-06-26 12:00,고속도로,기점,"(1,2차로)승용차관련사고처리중(금왕꽃동네IC국도우회바람)",127.4973,36.9439
2025-06-26 12:00,고속도로,종점,(1차로)대형화물차관련사고처리중,128.0901,37.0647
2025-06-26 13:00,고속도로,종점,(1차로)대형화물차관련사고처리중,128.0901,37.0647
2025-06-26 13:00,고속도로,기점,(2차로)대형화물차관련사고처리중(금왕꽃동네IC국도우회바람),127.4973,36.9439
2025-06-26 13:00,고속도로,기점,(1차로)승용차관련사고처리중,128.6162,36.4331
2025-06-26 13:00,국도,동읍방향,"승용차 2대, 화물차 2대 관련 4중 추돌사고",128.690176,35.255483
2025-06-26 13:00,국도,연천방향,국도 3호선 동두천 동안터널(연천방향) 차량 충돌사고로 2차로 통제중,127.046828,37.936195
2025-06-26 14:00,국도,연천방향,국도 3호선 동두천 동안터널(연천방향) 차량 충돌사고로 2차로 통제중,127.046828,37.936195
2025-06-26 14:00,국도,동읍방향,"승용차 2대, 화물차 2대 관련 4중 추돌사고",128.690176,35.255483
2025-06-26 14:00,고속도로,기점,(1차로)승용차관련사고처리중,128.6162,36.4331
2025-06-26 14:00,고속도로,종점,(1차로)소형화물차관련사고처리중,127.74,37.0431
2025-06-26 14:00,고속도로,종점,(1차로)서효오하물차관련사고처리중,127.7224,37.077
2025-06-26 14:00,고속도로,기점,(갓길)대형화물차관련사고처리중,127.4973,36.9439
2025-06-26 14:00,고속도로,기점,(1차로)승용차관련사고처리중,128.4345,35.6785
2025-06-26 15:00,고속도로,종점,(진입로갓길)소형화물차단독사고처리중,126.9262,35.1828
2025-06-26 15:00,고속도로,기점,(진출로갓길)승용차사고처리중,127.0514,37.2991
2025-06-26 15:00,고속도로,기점,(갓길)승용차사고처리중,126.8607,37.3441
2025-06-26 15:00,고속도로,기점,(1차로)승용차관련사고처리중,128.6162,36.4331
2025-06-26 15:00,고속도로,종점,(1차로)승용차사고처리중,126.8773,37.1551
2025-06-26 15:00,국도,동읍방향,"승용차 2대, 화물차 2대 관련 4중 추돌사고",128.690176,35.255483
2025-06-26 15:00,국도,연천방향,국도 3호선 동두천 동안터널(연천방향) 차량 충돌사고로 2차로 통제중,127.046828,37.936195
2025-06-26 16:00,고속도로,기점,(2차로)승용차사고처리중,127.1555,36.9909
2025-06-26 16:00,국도,동읍방향,"승용차 2대, 화물차 2대 관련 4중 추돌사고",128.690176,35.255483
2025-06-26 16:00,국도,연천방향,국도 3호선 동두천 동안터널(연천방향) 차량 충돌사고로 2차로 통제중,127.046828,37.936195
2025-06-26 17:00,국도,연천방향,국도 3호선 동두천 동안터널(연천방향) 차량 충돌사고로 2차로 통제중,127.046828,37.936195
2025-06-26 17:00,국도,동읍방향,"승용차 2대, 화물차 2대 관련 4중 추돌사고",128.690176,35.255483
2025-06-26 17:00,고속도로,기점,(2차로)승용차관련사고처리중,128.0961,37.7766
2025-06-26 17:00,고속도로,기점,(1차로)추돌사고처리중,127.2353,37.2478
2025-06-26 18:00,고속도로,종점,"(4차로,갓길)승용차관련사고처리중",128.6997,35.8825
2025-06-26 18:00,고속도로,기점,"(3,4차로)승용차관련사고처리중",126.7379,37.429
2025-06-26 18:00,국도,동읍방향,"승용차 2대, 화물차 2대 관련 4중 추돌사고",128.690176,35.255483
2025-06-26 18:00,국도,연천방향,국도 3호선 동두천 동안터널(연천방향) 차량 충돌사고로 2차로 통제중,127.046828,37.936195
2025-06-26 19:00,국도,연천방향,국도 3호선 동두천 동안터널(연천방향) 차량 충돌사고로 2차로 통제중,127.046828,37.936195
2025-06-26 19:00,국도,동읍방향,"승용차 2대, 화물차 2대 관련 4중 추돌사고",128.690176,35.255483
2025-06-26 20:00,고속도로,기점,(갓길)추돌사고처리중,127.2838,37.2405
2025-06-26 20:00,고속도로,종점,(진출로갓길)사고처리중,127.0958,37.2126
2025-06-26 20:00,고속도로,기점,(갓길)승용차사고처리중,126.8714,37.3413
2025-06-26 20:00,국도,동읍방향,"승용차 2대, 화물차 2대 관련 4중 추돌사고",128.690176,35.255483
2025-06-26 20:00,국도,연천방향,국도 3호선 동두천 동안터널(연천방향) 차량 충돌사고로 2차로 통제중,127.046828,37.936195
2025-06-26 21:00,국도,동읍방향,"승용차 2대, 화물차 2대 관련 4중 추돌사고",128.690176,35.255483
2025-06-26 22:00,국도,동읍방향,"승용차 2대, 화물차 2대 관련 4중 추돌사고",128.690176,35.255483
2025-06-26 23:00,국도,동읍방향,"승용차 2대, 화물차 2대 관련 4중 추돌사고",128.690176,35.255483
2025-06-26 23:00,고속도로,기점,(갓길)사고처리중,126.788,37.6057
2025-06-27 00:00,고속도로,대구방향,2차로 통행재개,128.730326,35.766328
2025-06-27 00:00,국도,동읍방향,"승용차 2대, 화물차 2대 관련 4중 추돌사고",128.690176,35.255483
2025-06-27 01:00,고속도로,종점,(2차로)사고처리중,126.8429,35.8629
2025-06-27 02:00,고속도로,종점,(2차로)사고처리중,126.8424,35.8503
2025-06-27 03:00,고속도로,종점,(2차로)사고처리중,126.8424,35.8503
2025-06-27 04:00,고속도로,종점,(2차로)사고처리중,126.8424,35.8503
2025-06-27 05:00,고속도로,종점,(3차로)승용차사고처리중,127.5305,36.3348
2025-06-27 05:00,고속도로,종점,(갓길)승용차사고처리중,127.3627,37.634
2025-06-27 07:00,고속도로,기점,"(1,2차로)소형화물차단독사고처리중",128.6036,36.4137
2025-06-27 09:00,고속도로,기점,(갓길)화물차사고처리중,127.1748,36.7821
2025-06-27 09:00,고속도로,기점,(3차로)화물차사고처리중,126.7512,37.5221
2025-06-27 09:00,고속도로,종점,(갓길)승용차관련사고처리중,128.4983,35.2633
2025-06-27 09:00,고속도로,기점,(진입로갓길)승용단독사고처리중,126.8302,35.5741
2025-06-27 10:00,고속도로,기점,(갓길)승용단독사고처리중,126.6228,36.1427
2025-06-27 11:00,고속도로,기점,(2차로)대형화물차관련추돌사고처리중,127.6307,36.475
2025-06-27 12:00,고속도로,기점,(1차로)사고처리중,126.8891,37.3134
2025-06-27 13:00,고속도로,종점,"(1,2차로)사고처리중",126.8959,37.323
2025-06-27 13:00,고속도로,종점,(2차로)차선도색이동작업중,127.5065,36.5303
2025-06-27 14:00,고속도로,기점,(1차로)승용차관련사고처리중,128.122,36.3736
2025-06-27 15:00,고속도로,기점,(1차로)승용차관련사고처리중,128.5777,36.3808
2025-06-27 16:00,고속도로,종점,"(2,3차로,갓길)소형화물차화재사고처리중",126.8858,37.0484
2025-06-27 16:00,고속도로,기점,(갓길)승용차관련사고처리중,128.5777,36.3808
2025-06-27 16:00,고속도로,종점,(갓길)승용차사고처리중,126.9145,35.6553
2025-06-27 16:00,고속도로,기점,"(2차로,갓길)소형화물차사고처리중",127.9217,36.4452
2025-06-27 17:00,고속도로,종점,(1차로)승용차관련추돌사고처리중,128.0506,36.7473
2025-06-27 17:00,고속도로,종점,(1차로)승용차관련추돌사고처리중,127.7106,37.1086
2025-06-27 17:00,고속도로,종점,(1차로)승용차관련사고처리중,127.1655,36.4976
2025-06-27 17:00,고속도로,기점,(2차로)승용차관련추돌사고처리중,128.4527,35.9649
2025-06-27 17:00,고속도로,종점,"(3차로,갓길)소형화물차화재사고처리중",126.8858,37.0484
2025-06-27 17:00,고속도로,기점,(갓길)승용차관련사고처리중,126.9289,37.3755
2025-06-27 18:00,고속도로,종점,(갓길)승용차관련사고처리중,126.4908,35.0155
2025-06-27 18:00,고속도로,종점,"(3차로,갓길)소형화물차사고처리중",126.8858,37.0484
2025-06-27 18:00,고속도로,종점,(2차로)사고처리중,127.1238,37.0894
2025-06-27 18:00,고속도로,기점,(2차로)승용차관련추돌사고처리중,128.4527,35.9649
2025-06-27 18:00,고속도로,기점,(갓길)승용차관련사고처리중,126.7646,37.4612
2025-06-27 18:00,고속도로,종점,(1차로)중형화물차관련추돌사고처리중,127.74,37.0431
2025-06-27 19:00,고속도로,종점,(갓길)승용차관련사고처리중,129.0098,35.2984
2025-06-27 20:00,고속도로,기점,(1차로)사고처리중,127.2771,37.2437
2025-06-27 21:00,고속도로,종점,(1차로)승용차관련사고처리중,126.9012,37.4237
2025-06-27 21:00,고속도로,종점,"(1,3차로)승용차관련사고처리중",128.6582,35.2718
2025-06-27 21:00,고속도로,기점,(1차로)사고처리중,127.0578,35.8949
2025-06-27 22:00,고속도로,종점,(갓길)화물차관련사고처리중,126.8639,37.3568
2025-06-27 22:00,고속도로,종점,(1차로)승용차관련사고처리중,126.9012,37.4237
2025-06-27 23:00,고속도로,기점,(갓길)사고처리중,126.7463,37.524
2025-06-27 23:00,고속도로,종점,(1차로)승용차관련사고처리중,126.9012,37.4237
2025-06-28 00:00,고속도로,기점,(갓길)사고처리중,126.7463,37.524
2025-06-28 01:00,고속도로,기점,"(1,3차로)승용차관련사고처리중",129.062,35.3179
2025-06-28 02:00,고속도로,기점,(갓길)단독사고처리중,127.0481,35.8482
2025-06-28 03:00,고속도로,기점,(3차로)화물차단독사고처리중,129.1555,35.6249
2025-06-28 04:00,고속도로,기점,(1차로)사고처리중,127.053,37.4495
2025-06-28 05:00,고속도로,종점,(진출로갓길)사고처리중,126.7463,37.4909
2025-06-28 06:00,고속도로,기점,(갓길)승용차단독사고처리중,126.6633,35.4386
2025-06-28 06:00,고속도로,기점,(갓길)승용차단독화재사고처리중,127.1542,36.9943
2025-06-28 06:00,고속도로,기점,(갓길)승용차단독사고처리중,126.6168,36.85
2025-06-28 07:00,고속도로,기점,(2차로)승용차관련사고처리중,128.3163,35.2797
2025-06-28 07:00,고속도로,기점,"(1,2,3차로,갓길)승용차관련사고처리중",128.1417,35.1671
2025-06-28 07:00,고속도로,기점,(갓길)승용차단독사고처리중,126.6168,36.85
2025-06-28 09:00,고속도로,종점,"(1,2차로)승용차관련사고처리중",127.2187,36.9911
2025-06-28 11:00,고속도로,기점,(2차로)승용차사고처리중,126.7742,36.0745
2025-06-28 12:00,고속도로,종점,(1차로)승용차관련추돌사고처리중,127.8826,36.9189
2025-06-28 14:00,고속도로,종점,(1차로)승용차관련사고처리중,127.7225,37.0761
2025-06-28 14:00,고속도로,종점,(갓길)승용차관련사고처리중,127.1895,36.9401
2025-06-28 14:00,고속도로,종점,(2차로)승용차단독사고처리중,128.888,35.3024
2025-06-28 14:00,고속도로,종점,(갓길)승용차사고처리중,126.9395,37.3287
2025-06-28 14:00,고속도로,기점,(진출로1차로),128.5335,35.9315
2025-06-28 15:00,고속도로,종점,(진출로1차로)사고처리중,127.1408,37.0286
2025-06-28 16:00,고속도로,기점,(1차로)승용차관련사고처리중,127.4072,36.9602
2025-06-28 16:00,고속도로,기점,(갓길)승용차관련사고처리중,128.745,35.271
2025-06-28 17:00,고속도로,종점,(갓길)승용차관련사고처리중,126.8984,37.2801
2025-06-28 17:00,고속도로,기점,"(2,3차로)사고처리중",126.7507,37.5372
2025-06-28 18:00,고속도로,기점,(1차로)승용차관련사고처리중,126.888,37.0737
2025-06-28 19:00,고속도로,기점,(갓길)승용차관련사고처리중,126.8088,37.433
2025-06-28 19:00,고속도로,기점,(갓길)사고처리중,126.7633,37.5241
2025-06-28 19:00,고속도로,기점,(2차로)승용차단독사고처리중,127.8774,35.4005
2025-06-28 20:00,고속도로,기점,(3차로)소형승합차관련사고처리중,126.8503,36.9559
2025-06-28 21:00,고속도로,기점,(갓길)소형승합차관련사고처리중,126.8503,36.9559
2025-06-28 22:00,고속도로,종점,"(2차로,갓길)단독사고처리중",127.4549,36.286
2025-06-29 00:00,고속도로,기점,(1차로)승용차관련사고처리중,128.3112,36.1385
2025-06-29 02:00,고속도로,종점,(5차로)화물차사고처리중,127.1368,37.0463
2025-06-29 03:00,고속도로,종점,(5차로)화물차사고처리중,127.1368,37.0463
2025-06-29 06:00,고속도로,기점,"(1차로,갓길)승용차관련사고처리중",128.858,35.1786
2025-06-29 07:00,고속도로,기점,"(1차로,갓길)승용차관련사고처리중",128.858,35.1786
2025-06-29 07:00,고속도로,종점,(진출로갓길)승용차사고처리중,127.1789,37.5502
2025-06-29 08:00,고속도로,기점,(갓길)승용차단독사고처리중,128.9942,35.9275
2025-06-29 09:00,고속도로,종점,(3차로)승용차관련사고처리중,128.9806,35.2353
2025-06-29 10:00,고속도로,기점,(갓길)사고처리중,127.0798,37.4205
2025-06-29 10:00,고속도로,기점,(갓길)승용차관련사고처리중,128.8146,37.8557
2025-06-29 11:00,고속도로,종점,(5차로)사고처리중,127.053,37.4495
2025-06-29 12:00,고속도로,기점,(1차로)승용차관련사고처리중,126.9843,35.2941
2025-06-29 13:00,고속도로,종점,(회차로)승용차관련사고처리중,128.542,35.2887
2025-06-29 13:00,고속도로,종점,(1차로)소형화물차관련사고처리중,127.6815,37.1215
2025-06-29 14:00,고속도로,종점,"(3,4차로)사고처리중",127.049,37.4539
2025-06-29 15:00,고속도로,기점,(3차로)승용차관련사고처리중,127.1604,37.5325
2025-06-29 15:00,고속도로,종점,(갓길)승용차사고처리중,128.5402,38.0093
2025-06-29 15:00,고속도로,종점,(갓길)승용차사고처리중,127.4422,37.1919
2025-06-29 15:00,고속도로,종점,"(3,4차로)사고처리중",127.049,37.4539
2025-06-29 16:00,고속도로,기점,(2차로)승용차관련사고처리중,127.6595,35.9275
2025-06-29 16:00,고속도로,기점,(1차로)승용차단독사고처리중,127.6602,35.9258
2025-06-29 16:00,고속도로,기점,(1차로)승용차관련사고처리중,128.2441,37.8655
2025-06-29 16:00,고속도로,기점,(1차로)승용차관련사고처리중,127.2248,37.5966
2025-06-29 16:00,고속도로,종점,"(3,4차로)사고처리중",127.049,37.4539
2025-06-29 17:00,고속도로,기점,(1차로)승용차관련사고처리중,128.2441,37.8655
2025-06-29 22:00,고속도로,기점,(1차로)승용차관련사고처리중,127.2402,37.5971
2025-06-30 06:00,고속도로,기점,(1차로)승용차추돌사고처리중,127.4075,34.8526
2025-06-30 08:00,고속도로,종점,(1차로)사고처리중,126.8222,37.4396
2025-06-30 09:00,고속도로,종점,(갓길)사고처리중,126.8222,37.4396
2025-06-30 09:00,고속도로,종점,(2차로)승용차관련사고처리중,128.4724,35.7722
2025-06-30 10:00,고속도로,기점,(1차로)승용차관련사고처리중,128.4375,35.6632
2025-06-30 10:00,고속도로,종점,(1차로)2대관련사고처리중,127.6588,35.8835
2025-06-30 10:00,고속도로,종점,"(1,2차로)화물차사고처리중",128.3589,36.1154
2025-06-30 11:00,고속도로,기점,"(5차로,갓길)사고처리중",126.7505,37.5381
2025-06-30 12:00,고속도로,종점,(2차로)승용차관련사고처리중,129.2247,35.5724
2025-06-30 12:00,고속도로,종점,(갓길)승용차관련사고처리중,128.5126,37.6429
2025-06-30 13:00,고속도로,기점,(갓길)화물차사고처리중,129.0932,37.5831
2025-06-30 13:00,고속도로,기점,(진출로1차로)화물차사고처리중,129.1341,35.5646
2025-06-30 14:00,고속도로,종점,(진출로1차로)화물차단독사고처리중,127.0515,36.4507
2025-06-30 14:00,고속도로,기점,(갓길)화물차사고처리중,129.0932,37.5831
2025-06-30 15:00,고속도로,종점,(2차로)승용차관련사고처리중,128.5269,35.8839
2025-06-30 15:00,고속도로,기점,(1차로)승용차관련사고처리중,129.2449,35.5458
2025-06-30 15:00,고속도로,종점,(진출로1차로)화물차단독사고처리중,127.0515,36.4507
2025-06-30 15:00,고속도로,기점,"(4,5차로)화물차관련사고처리중",127.4277,36.5776
2025-06-30 16:00,고속도로,기점,(1차로)승용차관련사고처리중,127.9935,37.7613
2025-06-30 16:00,고속도로,종점,(2차로)화물차관련사고처리중,126.7066,37.4337
2025-06-30 16:00,고속도로,기점,(1차로)승용차관련추돌사고처리중,126.9062,35.1839
2025-06-30 18:00,고속도로,기점,(1차로)승용차관련사고처리완료,128.5004,35.3143
2025-06-30 18:00,고속도로,기점,(1차로)승용차관련사고처리중,127.1861,37.5186
2025-06-30 18:00,고속도로,종점,(2차로)화물차관련사고처리중,127.9684,35.7089
2025-06-30 19:00,고속도로,종점,(1차로)승용차관련사고처리중,126.8116,37.4345
2025-06-30 19:00,고속도로,종점,(1차로)승용차단독사고처리중,126.8334,37.4402
2025-06-30 20:00,고속도로,기점,"(1,2차로)승용차관련사고처리중",127.1757,37.4643
2025-06-30 21:00,고속도로,종점,"(1,2차로)중형화물차단독사고처리중",126.8458,35.198
2025-06-30 22:00,고속도로,종점,"(1,2차로)중형화물차단독사고처리중",126.8458,35.198
2025-06-30 22:00,고속도로,기점,"(1,3차로)대형화물차관련사고처리중",126.7593,37.4628
2025-06-30 23:00,고속도로,기점,(갓길)대형화물차사고처리중,127.4546,36.3593
2025-06-30 23:00,고속도로,종점,"(1,2차로)중형화물차관련추돌사고처리중",126.8458,35.198
