경로,바이트,수정일,확장자
"AGENTS.md","3741","2026-09-15T02:27:49.415Z",".md"
"README.md","24807","2026-09-15T08:20:01.269Z",".md"
"00_기획지침/CCK_로컬LLM_적용범위.md","15444","2026-09-15T02:27:49.473Z",".md"
"00_기획지침/TS_신규사업기획_지침.md","10823","2026-09-15T02:27:49.447Z",".md"
"00_기획지침/국민체감형_AX_선정기준.md","4744","2026-09-15T02:27:49.492Z",".md"
"00_기획지침/신규사업_범위와_중복배제.md","2960","2026-09-15T02:27:49.394Z",".md"
"00_기획지침/기구축사업_CCK_AI_적용과_중복판정.md","4210","2026-09-15T02:27:49.369Z",".md"
"00_자료목록/기존_TS_프로젝트_맥락.md","5307","2026-09-09T07:45:05.103Z",".md"
"00_자료목록/아카이브_자료목록.md","5569","2026-09-09T07:45:05.104Z",".md"
"00_자료목록/파일이동_검증_2026-09-11/원본_파일해시.json","2915127","2026-09-11T04:40:54.659Z",".json"
"00_자료목록/파일이동_검증_2026-09-11/대상_검증결과.json","633","2026-09-11T04:53:01.504Z",".json"
"00_자료목록/파일이동_검증_2026-09-11/README.md","1360","2026-09-11T04:55:27.066Z",".md"
"00_자료목록/파일이동_검증_2026-09-11/추가_검증_및_실행환경_안내.md","2076","2026-09-11T04:58:33.727Z",".md"
"00_자료목록/전체점검_정리_2026-09-11/삭제대상_미실행_기록.json","280955","2026-09-11T07:16:34.772Z",".json"
"00_자료목록/전체점검_정리_2026-09-11/점검결과.json","58266","2026-09-11T07:16:35.054Z",".json"
"00_자료목록/전체점검_정리_2026-09-11/전체점검_보고서.md","15915","2026-09-11T07:19:16.928Z",".md"
"00_자료목록/전체점검_정리_2026-09-11/해시_재검증결과.json","707","2026-09-11T07:17:57.740Z",".json"
"01_기획과제/기획과제_관리대장.md","6384","2026-09-09T07:48:45.055Z",".md"
"02_사업기획서/사업기획서_작성양식.md","7934","2026-09-15T02:27:49.575Z",".md"
"03_검토결과/2026-09-09_기획지침_적용검토.md","4946","2026-09-09T03:45:25.958Z",".md"
"03_검토결과/검토_체크리스트.md","3896","2026-09-15T02:27:49.636Z",".md"
"04_기관리서치/공식근거_및_심의경로.md","7090","2026-09-09T06:43:23.094Z",".md"
"04_기관리서치/기관_법정업무_매핑.md","8458","2026-09-09T04:57:28.119Z",".md"
"04_기관리서치/기관업무_원장.json","8710","2026-09-15T02:27:49.695Z",".json"
"04_기관리서치/리서치_운영.md","12169","2026-09-14T00:20:20.370Z",".md"
"04_기관리서치/TS_대화구조화/참조대화_보존_2026-09-09.json","146784","2026-09-09T12:21:58.739Z",".json"
"04_기관리서치/TS_대화구조화/한국교통안전공단_대화구조화_2026-09-09.md","23321","2026-09-09T12:22:28.048Z",".md"
"04_기관리서치/TS_대화구조화/후속확인_대기열.md","11343","2026-09-11T00:15:07.066Z",".md"
"04_기관리서치/TS_대화구조화/기술확장_2026-09-10/검증/01_데스크톱.png","83635","2026-09-10T11:49:44.093Z",".png"
"04_기관리서치/TS_대화구조화/기술확장_2026-09-10/검증/02_시정조치.png","72760","2026-09-10T11:49:44.199Z",".png"
"04_기관리서치/TS_대화구조화/기술확장_2026-09-10/검증/03_모바일.png","39849","2026-09-10T11:49:44.557Z",".png"
"04_기관리서치/TS_대화구조화/기술확장_2026-09-10/검증/04_모바일_연계.png","40116","2026-09-10T11:49:44.660Z",".png"
"04_기관리서치/TS_대화구조화/기술확장_2026-09-10/검증/검증결과.json","3073","2026-09-10T11:49:45.410Z",".json"
"04_기관리서치/TS_대화구조화/기술확장_2026-09-10/CCK_TS_기술기반_확장검토.html","107422","2026-09-10T11:47:08.242Z",".html"
"04_기관리서치/TS_대화구조화/기술확장_2026-09-10/CCK_TS_기술기반_확장검토.md","44850","2026-09-10T11:47:08.242Z",".md"
"04_기관리서치/TS_대화구조화/기술확장_2026-09-10/README.md","4193","2026-09-10T11:52:08.419Z",".md"
"04_기관리서치/TS_대화구조화/기술확장_2026-09-10/검증_기술확장.cjs","6269","2026-09-10T11:49:40.143Z",".cjs"
"04_기관리서치/TS_대화구조화/기술확장_2026-09-10/기술확장_내용.json","32794","2026-09-10T11:43:09.098Z",".json"
"04_기관리서치/TS_대화구조화/기술확장_2026-09-10/생성_기록.json","273","2026-09-10T11:47:08.308Z",".json"
"04_기관리서치/TS_대화구조화/기술확장_2026-09-10/연결_기술확장.py","4453","2026-09-10T11:48:27.937Z",".py"
"04_기관리서치/TS_대화구조화/기술확장_2026-09-10/제작_기술확장.py","23406","2026-09-10T11:47:07.840Z",".py"
"04_기관리서치/TS_대화구조화/기술확장_2026-09-10/출처원장.json","4206","2026-09-10T11:47:08.308Z",".json"
"04_기관리서치/TS_대화구조화/무사고_전략재검토_2026-09-11/검증/QA_결과.md","1067","2026-09-11T00:31:47.934Z",".md"
"04_기관리서치/TS_대화구조화/무사고_전략재검토_2026-09-11/검증/검증결과.json","327","2026-09-11T00:15:30.396Z",".json"
"04_기관리서치/TS_대화구조화/무사고_전략재검토_2026-09-11/검증/화면_데스크톱.png","97822","2026-09-11T00:15:29.858Z",".png"
"04_기관리서치/TS_대화구조화/무사고_전략재검토_2026-09-11/검증/화면_모바일.png","50748","2026-09-11T00:15:30.057Z",".png"
"04_기관리서치/TS_대화구조화/무사고_전략재검토_2026-09-11/검증/화면_후보검토.png","98623","2026-09-11T00:15:29.997Z",".png"
"04_기관리서치/TS_대화구조화/무사고_전략재검토_2026-09-11/근거/수집기록.json","711","2026-09-11T00:04:47.781Z",".json"
"04_기관리서치/TS_대화구조화/무사고_전략재검토_2026-09-11/TS_무사고_전략과_CCK_사업재검토.html","20706","2026-09-11T00:15:07.476Z",".html"
"04_기관리서치/TS_대화구조화/무사고_전략재검토_2026-09-11/TS_무사고_전략과_CCK_사업재검토.md","14592","2026-09-11T00:11:09.469Z",".md"
"04_기관리서치/TS_대화구조화/무사고_전략재검토_2026-09-11/검증_조사자료.cjs","2735","2026-09-11T00:15:07.070Z",".cjs"
"04_기관리서치/TS_대화구조화/무사고_전략재검토_2026-09-11/공식자료_수집.py","1938","2026-09-11T00:04:26.881Z",".py"
"04_기관리서치/TS_대화구조화/무사고_전략재검토_2026-09-11/제작_조사자료.py","11988","2026-09-11T00:15:07.066Z",".py"
"04_기관리서치/TS_대화구조화/무사고_전략재검토_2026-09-11/출처원장.json","6613","2026-09-11T00:15:07.474Z",".json"
"04_기관리서치/TS_대화구조화/설명자료_2026-09-10/검증/01_데스크톱.png","88009","2026-09-10T11:49:44.657Z",".png"
"04_기관리서치/TS_대화구조화/설명자료_2026-09-10/검증/02_조사안.png","68909","2026-09-10T11:49:45.088Z",".png"
"04_기관리서치/TS_대화구조화/설명자료_2026-09-10/검증/03_모바일.png","38050","2026-09-10T11:49:45.505Z",".png"
"04_기관리서치/TS_대화구조화/설명자료_2026-09-10/검증/04_모바일_상황.png","38603","2026-09-10T11:49:45.591Z",".png"
"04_기관리서치/TS_대화구조화/설명자료_2026-09-10/검증/05_CCK_기술범위.png","145386","2026-09-10T11:49:44.984Z",".png"
"04_기관리서치/TS_대화구조화/설명자료_2026-09-10/검증/06_CCK_모바일.png","32619","2026-09-10T11:49:45.647Z",".png"
"04_기관리서치/TS_대화구조화/설명자료_2026-09-10/검증/검증_결과.md","5994","2026-09-10T11:52:08.419Z",".md"
"04_기관리서치/TS_대화구조화/설명자료_2026-09-10/검증/검증결과.json","5136","2026-09-10T11:49:49.537Z",".json"
"04_기관리서치/TS_대화구조화/설명자료_2026-09-10/검증/인쇄_확인.pdf","272225","2026-09-10T11:49:49.091Z",".pdf"
"04_기관리서치/TS_대화구조화/설명자료_2026-09-10/검증/저장기능_결과.md","34527","2026-09-10T11:49:44.498Z",".md"
"04_기관리서치/TS_대화구조화/설명자료_2026-09-10/이력/v1.2_기술확장전/검증/01_데스크톱.png","86860","2026-09-10T06:31:16.081Z",".png"
"04_기관리서치/TS_대화구조화/설명자료_2026-09-10/이력/v1.2_기술확장전/검증/02_조사안.png","68905","2026-09-10T06:31:16.792Z",".png"
"04_기관리서치/TS_대화구조화/설명자료_2026-09-10/이력/v1.2_기술확장전/검증/03_모바일.png","37366","2026-09-10T06:31:17.530Z",".png"
"04_기관리서치/TS_대화구조화/설명자료_2026-09-10/이력/v1.2_기술확장전/검증/04_모바일_상황.png","38589","2026-09-10T06:31:17.732Z",".png"
"04_기관리서치/TS_대화구조화/설명자료_2026-09-10/이력/v1.2_기술확장전/검증/05_CCK_기술범위.png","145386","2026-09-10T06:31:16.574Z",".png"
"04_기관리서치/TS_대화구조화/설명자료_2026-09-10/이력/v1.2_기술확장전/검증/06_CCK_모바일.png","32619","2026-09-10T06:31:17.843Z",".png"
"04_기관리서치/TS_대화구조화/설명자료_2026-09-10/이력/v1.2_기술확장전/검증/검증_결과.md","5407","2026-09-10T06:35:05.726Z",".md"
"04_기관리서치/TS_대화구조화/설명자료_2026-09-10/이력/v1.2_기술확장전/검증/검증결과.json","5033","2026-09-10T06:31:24.401Z",".json"
"04_기관리서치/TS_대화구조화/설명자료_2026-09-10/이력/v1.2_기술확장전/검증/인쇄_확인.pdf","264565","2026-09-10T06:31:23.655Z",".pdf"
"04_기관리서치/TS_대화구조화/설명자료_2026-09-10/이력/v1.2_기술확장전/검증/저장기능_결과.md","32375","2026-09-10T06:31:15.766Z",".md"
"04_기관리서치/TS_대화구조화/설명자료_2026-09-10/이력/v1.2_기술확장전/검증_설명자료.cjs","12925","2026-09-10T06:31:08.776Z",".cjs"
"04_기관리서치/TS_대화구조화/설명자료_2026-09-10/이력/v1.2_기술확장전/내용.json","31125","2026-09-10T06:29:50.828Z",".json"
"04_기관리서치/TS_대화구조화/설명자료_2026-09-10/이력/v1.2_기술확장전/생성_기록.json","627","2026-09-10T06:31:09.752Z",".json"
"04_기관리서치/TS_대화구조화/설명자료_2026-09-10/이력/v1.2_기술확장전/제작_설명자료.py","51596","2026-09-10T06:31:08.774Z",".py"
"04_기관리서치/TS_대화구조화/설명자료_2026-09-10/이력/v1.2_기술확장전/README.md","3071","2026-09-10T06:35:05.722Z",".md"
"04_기관리서치/TS_대화구조화/설명자료_2026-09-10/이력/v1.2_기술확장전/TS_편의안전_AX_설명자료.html","118466","2026-09-10T06:31:09.618Z",".html"
"04_기관리서치/TS_대화구조화/설명자료_2026-09-10/이력/v1.2_기술확장전/TS_편의안전_AX_설명자료.md","32375","2026-09-10T06:31:09.616Z",".md"
"04_기관리서치/TS_대화구조화/설명자료_2026-09-10/이력/v1.0_CCK범위반영전/검증/01_데스크톱.png","76100","2026-09-10T01:05:01.064Z",".png"
"04_기관리서치/TS_대화구조화/설명자료_2026-09-10/이력/v1.0_CCK범위반영전/검증/02_조사안.png","63273","2026-09-10T01:05:01.264Z",".png"
"04_기관리서치/TS_대화구조화/설명자료_2026-09-10/이력/v1.0_CCK범위반영전/검증/03_모바일.png","39237","2026-09-10T01:05:01.615Z",".png"
"04_기관리서치/TS_대화구조화/설명자료_2026-09-10/이력/v1.0_CCK범위반영전/검증/04_모바일_상황.png","38603","2026-09-10T01:05:01.710Z",".png"
"04_기관리서치/TS_대화구조화/설명자료_2026-09-10/이력/v1.0_CCK범위반영전/검증/검증_결과.md","3252","2026-09-10T01:06:03.435Z",".md"
"04_기관리서치/TS_대화구조화/설명자료_2026-09-10/이력/v1.0_CCK범위반영전/검증/검증결과.json","4320","2026-09-10T01:05:05.932Z",".json"
"04_기관리서치/TS_대화구조화/설명자료_2026-09-10/이력/v1.0_CCK범위반영전/검증/인쇄_확인.pdf","226642","2026-09-10T01:05:05.119Z",".pdf"
"04_기관리서치/TS_대화구조화/설명자료_2026-09-10/이력/v1.0_CCK범위반영전/검증/저장기능_결과.md","20335","2026-09-10T01:05:00.909Z",".md"
"04_기관리서치/TS_대화구조화/설명자료_2026-09-10/이력/v1.0_CCK범위반영전/검증_설명자료.cjs","11183","2026-09-10T01:04:58.760Z",".cjs"
"04_기관리서치/TS_대화구조화/설명자료_2026-09-10/이력/v1.0_CCK범위반영전/내용.json","17963","2026-09-10T00:51:34.103Z",".json"
"04_기관리서치/TS_대화구조화/설명자료_2026-09-10/이력/v1.0_CCK범위반영전/생성_기록.json","627","2026-09-10T01:04:14.518Z",".json"
"04_기관리서치/TS_대화구조화/설명자료_2026-09-10/이력/v1.0_CCK범위반영전/제작_검증기준.md","2194","2026-09-10T00:51:34.184Z",".md"
"04_기관리서치/TS_대화구조화/설명자료_2026-09-10/이력/v1.0_CCK범위반영전/제작_설명자료.py","45836","2026-09-10T01:04:14.039Z",".py"
"04_기관리서치/TS_대화구조화/설명자료_2026-09-10/이력/v1.0_CCK범위반영전/참조대화_보존.json","182295","2026-09-10T00:51:34.133Z",".json"
"04_기관리서치/TS_대화구조화/설명자료_2026-09-10/이력/v1.0_CCK범위반영전/README.md","2276","2026-09-10T01:04:14.618Z",".md"
"04_기관리서치/TS_대화구조화/설명자료_2026-09-10/이력/v1.0_CCK범위반영전/TS_편의안전_AX_설명자료.html","85533","2026-09-10T01:04:14.411Z",".html"
"04_기관리서치/TS_대화구조화/설명자료_2026-09-10/이력/v1.0_CCK범위반영전/TS_편의안전_AX_설명자료.md","20335","2026-09-10T01:04:14.410Z",".md"
"04_기관리서치/TS_대화구조화/설명자료_2026-09-10/이력/v1.1_주관수행조건_반영전/검증/01_데스크톱.png","80674","2026-09-10T06:20:44.546Z",".png"
"04_기관리서치/TS_대화구조화/설명자료_2026-09-10/이력/v1.1_주관수행조건_반영전/검증/02_조사안.png","68238","2026-09-10T06:20:45.167Z",".png"
"04_기관리서치/TS_대화구조화/설명자료_2026-09-10/이력/v1.1_주관수행조건_반영전/검증/03_모바일.png","39872","2026-09-10T06:20:45.819Z",".png"
"04_기관리서치/TS_대화구조화/설명자료_2026-09-10/이력/v1.1_주관수행조건_반영전/검증/04_모바일_상황.png","38603","2026-09-10T06:20:45.991Z",".png"
"04_기관리서치/TS_대화구조화/설명자료_2026-09-10/이력/v1.1_주관수행조건_반영전/검증/05_CCK_기술범위.png","99821","2026-09-10T06:20:44.967Z",".png"
"04_기관리서치/TS_대화구조화/설명자료_2026-09-10/이력/v1.1_주관수행조건_반영전/검증/06_CCK_모바일.png","32796","2026-09-10T06:20:46.070Z",".png"
"04_기관리서치/TS_대화구조화/설명자료_2026-09-10/이력/v1.1_주관수행조건_반영전/검증/검증_결과.md","4444","2026-09-10T06:22:50.902Z",".md"
"04_기관리서치/TS_대화구조화/설명자료_2026-09-10/이력/v1.1_주관수행조건_반영전/검증/검증결과.json","4820","2026-09-10T06:20:52.962Z",".json"
"04_기관리서치/TS_대화구조화/설명자료_2026-09-10/이력/v1.1_주관수행조건_반영전/검증/인쇄_확인.pdf","252794","2026-09-10T06:20:52.067Z",".pdf"
"04_기관리서치/TS_대화구조화/설명자료_2026-09-10/이력/v1.1_주관수행조건_반영전/검증/저장기능_결과.md","28152","2026-09-10T06:20:44.278Z",".md"
"04_기관리서치/TS_대화구조화/설명자료_2026-09-10/이력/v1.1_주관수행조건_반영전/검증_설명자료.cjs","12413","2026-09-10T06:19:06.911Z",".cjs"
"04_기관리서치/TS_대화구조화/설명자료_2026-09-10/이력/v1.1_주관수행조건_반영전/내용.json","26500","2026-09-10T06:15:37.057Z",".json"
"04_기관리서치/TS_대화구조화/설명자료_2026-09-10/이력/v1.1_주관수행조건_반영전/생성_기록.json","627","2026-09-10T06:20:40.632Z",".json"
"04_기관리서치/TS_대화구조화/설명자료_2026-09-10/이력/v1.1_주관수행조건_반영전/제작_설명자료.py","49769","2026-09-10T06:20:39.876Z",".py"
"04_기관리서치/TS_대화구조화/설명자료_2026-09-10/이력/v1.1_주관수행조건_반영전/README.md","2863","2026-09-10T06:20:39.878Z",".md"
"04_기관리서치/TS_대화구조화/설명자료_2026-09-10/이력/v1.1_주관수행조건_반영전/TS_편의안전_AX_설명자료.html","106166","2026-09-10T06:20:40.485Z",".html"
"04_기관리서치/TS_대화구조화/설명자료_2026-09-10/이력/v1.1_주관수행조건_반영전/TS_편의안전_AX_설명자료.md","28152","2026-09-10T06:20:40.485Z",".md"
"04_기관리서치/TS_대화구조화/설명자료_2026-09-10/README.md","3179","2026-09-10T11:52:08.419Z",".md"
"04_기관리서치/TS_대화구조화/설명자료_2026-09-10/TS_편의안전_AX_설명자료.html","123468","2026-09-10T11:48:29.138Z",".html"
"04_기관리서치/TS_대화구조화/설명자료_2026-09-10/TS_편의안전_AX_설명자료.md","34527","2026-09-10T11:48:29.137Z",".md"
"04_기관리서치/TS_대화구조화/설명자료_2026-09-10/검증_설명자료.cjs","13229","2026-09-10T11:48:28.311Z",".cjs"
"04_기관리서치/TS_대화구조화/설명자료_2026-09-10/내용.json","33514","2026-09-10T11:48:28.311Z",".json"
"04_기관리서치/TS_대화구조화/설명자료_2026-09-10/반영_CCK_범위.py","12461","2026-09-10T06:15:36.361Z",".py"
"04_기관리서치/TS_대화구조화/설명자료_2026-09-10/반영_주관수행_조건.py","6747","2026-09-10T06:29:50.248Z",".py"
"04_기관리서치/TS_대화구조화/설명자료_2026-09-10/변경기록_v1.1_CCK.md","3877","2026-09-10T06:22:50.900Z",".md"
"04_기관리서치/TS_대화구조화/설명자료_2026-09-10/변경기록_v1.2_주관수행.md","2321","2026-09-10T06:35:05.724Z",".md"
"04_기관리서치/TS_대화구조화/설명자료_2026-09-10/생성_기록.json","627","2026-09-10T11:48:29.278Z",".json"
"04_기관리서치/TS_대화구조화/설명자료_2026-09-10/제작_검증기준.md","4652","2026-09-10T06:35:05.728Z",".md"
"04_기관리서치/TS_대화구조화/설명자료_2026-09-10/제작_설명자료.py","52582","2026-09-10T11:48:28.311Z",".py"
"04_기관리서치/TS_대화구조화/설명자료_2026-09-10/참조대화_보존.json","183382","2026-09-10T06:15:37.060Z",".json"
"04_기관리서치/TS_대화구조화/설명자료_2026-09-10/참조대화_추가확인_2026-09-10.json","1774","2026-09-10T06:11:38.157Z",".json"
"04_기관리서치/공공PMS_병목관리/검증_조사.py","8016","2026-09-09T12:30:02.752Z",".py"
"04_기관리서치/공공PMS_병목관리/검증결과.json","3526","2026-09-09T12:33:32.469Z",".json"
"04_기관리서치/공공PMS_병목관리/검증결과.md","6232","2026-09-09T12:33:31.589Z",".md"
"04_기관리서치/공공PMS_병목관리/공공PMS_병목관리_조사보고서_2026-09-09.md","35672","2026-09-09T12:28:27.497Z",".md"
"04_기관리서치/공공PMS_병목관리/공공PMS_전체구조화_2026-09-09.md","36266","2026-09-09T12:24:59.687Z",".md"
"04_기관리서치/공공PMS_병목관리/대화_요구사항원장.json","28567","2026-09-09T12:17:17.013Z",".json"
"04_기관리서치/공공PMS_병목관리/대화원문_2차.json","197397","2026-09-09T12:17:16.979Z",".json"
"04_기관리서치/공공PMS_병목관리/대화확인_변경점과_요구사항추적표.md","18739","2026-09-09T12:27:02.070Z",".md"
"04_기관리서치/공공PMS_병목관리/서비스모델_정의서.md","29691","2026-09-10T11:43:02.397Z",".md"
"04_기관리서치/공공PMS_병목관리/수집_근거.py","2056","2026-09-09T10:54:53.155Z",".py"
"04_기관리서치/공공PMS_병목관리/출처목록.md","12402","2026-09-09T12:28:27.505Z",".md"
"04_기관리서치/공공PMS_병목관리/출처원장.json","26945","2026-09-11T08:37:08.286Z",".json"
"04_기관리서치/공공PMS_병목관리/취득결과.json","7965","2026-09-09T10:54:56.607Z",".json"
"04_기관리서치/공공PMS_병목관리/후속조사_대기열.md","8839","2026-09-11T08:37:08.326Z",".md"
"04_기관리서치/공공PMS_병목관리/공공RFP_2026-09-11/_work/rfp_final/page-1.png","116360","2026-09-11T01:42:13.579Z",".png"
"04_기관리서치/공공PMS_병목관리/공공RFP_2026-09-11/_work/rfp_final/page-10.png","181152","2026-09-11T01:42:14.389Z",".png"
"04_기관리서치/공공PMS_병목관리/공공RFP_2026-09-11/_work/rfp_final/page-11.png","160185","2026-09-11T01:42:14.752Z",".png"
"04_기관리서치/공공PMS_병목관리/공공RFP_2026-09-11/_work/rfp_final/page-12.png","164048","2026-09-11T01:42:15.135Z",".png"
"04_기관리서치/공공PMS_병목관리/공공RFP_2026-09-11/_work/rfp_final/page-13.png","173789","2026-09-11T01:42:15.544Z",".png"
"04_기관리서치/공공PMS_병목관리/공공RFP_2026-09-11/_work/rfp_final/page-14.png","167544","2026-09-11T01:42:13.650Z",".png"
"04_기관리서치/공공PMS_병목관리/공공RFP_2026-09-11/_work/rfp_final/page-15.png","174988","2026-09-11T01:42:14.012Z",".png"
"04_기관리서치/공공PMS_병목관리/공공RFP_2026-09-11/_work/rfp_final/page-16.png","176042","2026-09-11T01:42:14.394Z",".png"
"04_기관리서치/공공PMS_병목관리/공공RFP_2026-09-11/_work/rfp_final/page-17.png","185534","2026-09-11T01:42:14.807Z",".png"
"04_기관리서치/공공PMS_병목관리/공공RFP_2026-09-11/_work/rfp_final/page-18.png","174242","2026-09-11T01:42:15.200Z",".png"
"04_기관리서치/공공PMS_병목관리/공공RFP_2026-09-11/_work/rfp_final/page-19.png","175134","2026-09-11T01:42:15.637Z",".png"
"04_기관리서치/공공PMS_병목관리/공공RFP_2026-09-11/_work/rfp_final/page-2.png","203432","2026-09-11T01:42:13.974Z",".png"
"04_기관리서치/공공PMS_병목관리/공공RFP_2026-09-11/_work/rfp_final/page-20.png","202437","2026-09-11T01:42:13.681Z",".png"
"04_기관리서치/공공PMS_병목관리/공공RFP_2026-09-11/_work/rfp_final/page-21.png","180210","2026-09-11T01:42:14.048Z",".png"
"04_기관리서치/공공PMS_병목관리/공공RFP_2026-09-11/_work/rfp_final/page-22.png","174018","2026-09-11T01:42:14.420Z",".png"
"04_기관리서치/공공PMS_병목관리/공공RFP_2026-09-11/_work/rfp_final/page-23.png","197078","2026-09-11T01:42:14.842Z",".png"
"04_기관리서치/공공PMS_병목관리/공공RFP_2026-09-11/_work/rfp_final/page-24.png","208159","2026-09-11T01:42:15.286Z",".png"
"04_기관리서치/공공PMS_병목관리/공공RFP_2026-09-11/_work/rfp_final/page-25.png","202125","2026-09-11T01:42:15.728Z",".png"
"04_기관리서치/공공PMS_병목관리/공공RFP_2026-09-11/_work/rfp_final/page-26.png","178743","2026-09-11T01:42:13.654Z",".png"
"04_기관리서치/공공PMS_병목관리/공공RFP_2026-09-11/_work/rfp_final/page-27.png","189173","2026-09-11T01:42:14.049Z",".png"
"04_기관리서치/공공PMS_병목관리/공공RFP_2026-09-11/_work/rfp_final/page-28.png","195025","2026-09-11T01:42:14.465Z",".png"
"04_기관리서치/공공PMS_병목관리/공공RFP_2026-09-11/_work/rfp_final/page-29.png","206926","2026-09-11T01:42:14.895Z",".png"
"04_기관리서치/공공PMS_병목관리/공공RFP_2026-09-11/_work/rfp_final/page-3.png","197525","2026-09-11T01:42:14.363Z",".png"
"04_기관리서치/공공PMS_병목관리/공공RFP_2026-09-11/_work/rfp_final/page-30.png","200682","2026-09-11T01:42:15.328Z",".png"
"04_기관리서치/공공PMS_병목관리/공공RFP_2026-09-11/_work/rfp_final/page-31.png","193047","2026-09-11T01:42:15.744Z",".png"
"04_기관리서치/공공PMS_병목관리/공공RFP_2026-09-11/_work/rfp_final/page-32.png","180287","2026-09-11T01:42:13.655Z",".png"
"04_기관리서치/공공PMS_병목관리/공공RFP_2026-09-11/_work/rfp_final/page-33.png","185004","2026-09-11T01:42:14.019Z",".png"
"04_기관리서치/공공PMS_병목관리/공공RFP_2026-09-11/_work/rfp_final/page-34.png","177453","2026-09-11T01:42:14.405Z",".png"
"04_기관리서치/공공PMS_병목관리/공공RFP_2026-09-11/_work/rfp_final/page-35.png","155002","2026-09-11T01:42:14.747Z",".png"
"04_기관리서치/공공PMS_병목관리/공공RFP_2026-09-11/_work/rfp_final/page-36.png","113923","2026-09-11T01:42:15.050Z",".png"
"04_기관리서치/공공PMS_병목관리/공공RFP_2026-09-11/_work/rfp_final/page-37.png","104747","2026-09-11T01:42:15.382Z",".png"
"04_기관리서치/공공PMS_병목관리/공공RFP_2026-09-11/_work/rfp_final/page-38.png","171850","2026-09-11T01:42:13.672Z",".png"
"04_기관리서치/공공PMS_병목관리/공공RFP_2026-09-11/_work/rfp_final/page-39.png","145541","2026-09-11T01:42:13.996Z",".png"
"04_기관리서치/공공PMS_병목관리/공공RFP_2026-09-11/_work/rfp_final/page-4.png","151908","2026-09-11T01:42:14.718Z",".png"
"04_기관리서치/공공PMS_병목관리/공공RFP_2026-09-11/_work/rfp_final/page-40.png","149432","2026-09-11T01:42:14.344Z",".png"
"04_기관리서치/공공PMS_병목관리/공공RFP_2026-09-11/_work/rfp_final/page-41.png","186715","2026-09-11T01:42:14.743Z",".png"
"04_기관리서치/공공PMS_병목관리/공공RFP_2026-09-11/_work/rfp_final/page-42.png","143803","2026-09-11T01:42:15.062Z",".png"
"04_기관리서치/공공PMS_병목관리/공공RFP_2026-09-11/_work/rfp_final/page-43.png","134512","2026-09-11T01:42:15.405Z",".png"
"04_기관리서치/공공PMS_병목관리/공공RFP_2026-09-11/_work/rfp_final/page-44.png","132194","2026-09-11T01:42:13.580Z",".png"
"04_기관리서치/공공PMS_병목관리/공공RFP_2026-09-11/_work/rfp_final/page-45.png","158487","2026-09-11T01:42:13.924Z",".png"
"04_기관리서치/공공PMS_병목관리/공공RFP_2026-09-11/_work/rfp_final/page-46.png","157165","2026-09-11T01:42:14.285Z",".png"
"04_기관리서치/공공PMS_병목관리/공공RFP_2026-09-11/_work/rfp_final/page-47.png","134475","2026-09-11T01:42:14.625Z",".png"
"04_기관리서치/공공PMS_병목관리/공공RFP_2026-09-11/_work/rfp_final/page-48.png","150620","2026-09-11T01:42:14.974Z",".png"
"04_기관리서치/공공PMS_병목관리/공공RFP_2026-09-11/_work/rfp_final/page-49.png","153094","2026-09-11T01:42:15.338Z",".png"
"04_기관리서치/공공PMS_병목관리/공공RFP_2026-09-11/_work/rfp_final/page-5.png","159471","2026-09-11T01:42:15.074Z",".png"
"04_기관리서치/공공PMS_병목관리/공공RFP_2026-09-11/_work/rfp_final/page-6.png","156484","2026-09-11T01:42:15.475Z",".png"
"04_기관리서치/공공PMS_병목관리/공공RFP_2026-09-11/_work/rfp_final/page-7.png","168427","2026-09-11T01:42:15.842Z",".png"
"04_기관리서치/공공PMS_병목관리/공공RFP_2026-09-11/_work/rfp_final/page-8.png","168341","2026-09-11T01:42:13.652Z",".png"
"04_기관리서치/공공PMS_병목관리/공공RFP_2026-09-11/_work/rfp_final/page-9.png","171785","2026-09-11T01:42:14.002Z",".png"
"04_기관리서치/공공PMS_병목관리/공공RFP_2026-09-11/_work/rfp_final/word_export.pdf","1034090","2026-09-11T01:37:37.637Z",".pdf"
"04_기관리서치/공공PMS_병목관리/공공RFP_2026-09-11/_work/rfp_render/page-1.png","116728","2026-09-11T01:26:37.556Z",".png"
"04_기관리서치/공공PMS_병목관리/공공RFP_2026-09-11/_work/rfp_render/page-10.png","183150","2026-09-11T01:26:38.434Z",".png"
"04_기관리서치/공공PMS_병목관리/공공RFP_2026-09-11/_work/rfp_render/page-11.png","161836","2026-09-11T01:26:38.838Z",".png"
"04_기관리서치/공공PMS_병목관리/공공RFP_2026-09-11/_work/rfp_render/page-12.png","165297","2026-09-11T01:26:39.250Z",".png"
"04_기관리서치/공공PMS_병목관리/공공RFP_2026-09-11/_work/rfp_render/page-13.png","176153","2026-09-11T01:26:39.665Z",".png"
"04_기관리서치/공공PMS_병목관리/공공RFP_2026-09-11/_work/rfp_render/page-14.png","169264","2026-09-11T01:26:40.076Z",".png"
"04_기관리서치/공공PMS_병목관리/공공RFP_2026-09-11/_work/rfp_render/page-15.png","176651","2026-09-11T01:26:37.637Z",".png"
"04_기관리서치/공공PMS_병목관리/공공RFP_2026-09-11/_work/rfp_render/page-16.png","177803","2026-09-11T01:26:38.018Z",".png"
"04_기관리서치/공공PMS_병목관리/공공RFP_2026-09-11/_work/rfp_render/page-17.png","187505","2026-09-11T01:26:38.472Z",".png"
"04_기관리서치/공공PMS_병목관리/공공RFP_2026-09-11/_work/rfp_render/page-18.png","175737","2026-09-11T01:26:38.907Z",".png"
"04_기관리서치/공공PMS_병목관리/공공RFP_2026-09-11/_work/rfp_render/page-19.png","176446","2026-09-11T01:26:39.352Z",".png"
"04_기관리서치/공공PMS_병목관리/공공RFP_2026-09-11/_work/rfp_render/page-2.png","205939","2026-09-11T01:26:37.930Z",".png"
"04_기관리서치/공공PMS_병목관리/공공RFP_2026-09-11/_work/rfp_render/page-20.png","204922","2026-09-11T01:26:39.813Z",".png"
"04_기관리서치/공공PMS_병목관리/공공RFP_2026-09-11/_work/rfp_render/page-21.png","182628","2026-09-11T01:26:40.243Z",".png"
"04_기관리서치/공공PMS_병목관리/공공RFP_2026-09-11/_work/rfp_render/page-22.png","175896","2026-09-11T01:26:37.621Z",".png"
"04_기관리서치/공공PMS_병목관리/공공RFP_2026-09-11/_work/rfp_render/page-23.png","199575","2026-09-11T01:26:38.011Z",".png"
"04_기관리서치/공공PMS_병목관리/공공RFP_2026-09-11/_work/rfp_render/page-24.png","210848","2026-09-11T01:26:38.507Z",".png"
"04_기관리서치/공공PMS_병목관리/공공RFP_2026-09-11/_work/rfp_render/page-25.png","196090","2026-09-11T01:26:38.970Z",".png"
"04_기관리서치/공공PMS_병목관리/공공RFP_2026-09-11/_work/rfp_render/page-26.png","24419","2026-09-11T01:26:39.130Z",".png"
"04_기관리서치/공공PMS_병목관리/공공RFP_2026-09-11/_work/rfp_render/page-27.png","180367","2026-09-11T01:26:39.576Z",".png"
"04_기관리서치/공공PMS_병목관리/공공RFP_2026-09-11/_work/rfp_render/page-28.png","192270","2026-09-11T01:26:40.016Z",".png"
"04_기관리서치/공공PMS_병목관리/공공RFP_2026-09-11/_work/rfp_render/page-29.png","197578","2026-09-11T01:26:37.650Z",".png"
"04_기관리서치/공공PMS_병목관리/공공RFP_2026-09-11/_work/rfp_render/page-3.png","199583","2026-09-11T01:26:38.386Z",".png"
"04_기관리서치/공공PMS_병목관리/공공RFP_2026-09-11/_work/rfp_render/page-30.png","202028","2026-09-11T01:26:38.061Z",".png"
"04_기관리서치/공공PMS_병목관리/공공RFP_2026-09-11/_work/rfp_render/page-31.png","24950","2026-09-11T01:26:38.220Z",".png"
"04_기관리서치/공공PMS_병목관리/공공RFP_2026-09-11/_work/rfp_render/page-32.png","203037","2026-09-11T01:26:38.680Z",".png"
"04_기관리서치/공공PMS_병목관리/공공RFP_2026-09-11/_work/rfp_render/page-33.png","195308","2026-09-11T01:26:39.137Z",".png"
"04_기관리서치/공공PMS_병목관리/공공RFP_2026-09-11/_work/rfp_render/page-34.png","182211","2026-09-11T01:26:39.573Z",".png"
"04_기관리서치/공공PMS_병목관리/공공RFP_2026-09-11/_work/rfp_render/page-35.png","185459","2026-09-11T01:26:39.968Z",".png"
"04_기관리서치/공공PMS_병목관리/공공RFP_2026-09-11/_work/rfp_render/page-36.png","179604","2026-09-11T01:26:37.598Z",".png"
"04_기관리서치/공공PMS_병목관리/공공RFP_2026-09-11/_work/rfp_render/page-37.png","156014","2026-09-11T01:26:37.898Z",".png"
"04_기관리서치/공공PMS_병목관리/공공RFP_2026-09-11/_work/rfp_render/page-38.png","114504","2026-09-11T01:26:38.220Z",".png"
"04_기관리서치/공공PMS_병목관리/공공RFP_2026-09-11/_work/rfp_render/page-39.png","105251","2026-09-11T01:26:38.539Z",".png"
"04_기관리서치/공공PMS_병목관리/공공RFP_2026-09-11/_work/rfp_render/page-4.png","154351","2026-09-11T01:26:38.758Z",".png"
"04_기관리서치/공공PMS_병목관리/공공RFP_2026-09-11/_work/rfp_render/page-40.png","145586","2026-09-11T01:26:38.909Z",".png"
"04_기관리서치/공공PMS_병목관리/공공RFP_2026-09-11/_work/rfp_render/page-41.png","39546","2026-09-11T01:26:39.100Z",".png"
"04_기관리서치/공공PMS_병목관리/공공RFP_2026-09-11/_work/rfp_render/page-42.png","146077","2026-09-11T01:26:39.488Z",".png"
"04_기관리서치/공공PMS_병목관리/공공RFP_2026-09-11/_work/rfp_render/page-43.png","150057","2026-09-11T01:26:37.592Z",".png"
"04_기관리서치/공공PMS_병목관리/공공RFP_2026-09-11/_work/rfp_render/page-44.png","190003","2026-09-11T01:26:37.964Z",".png"
"04_기관리서치/공공PMS_병목관리/공공RFP_2026-09-11/_work/rfp_render/page-45.png","147087","2026-09-11T01:26:38.311Z",".png"
"04_기관리서치/공공PMS_병목관리/공공RFP_2026-09-11/_work/rfp_render/page-46.png","138865","2026-09-11T01:26:38.653Z",".png"
"04_기관리서치/공공PMS_병목관리/공공RFP_2026-09-11/_work/rfp_render/page-47.png","136200","2026-09-11T01:26:38.987Z",".png"
"04_기관리서치/공공PMS_병목관리/공공RFP_2026-09-11/_work/rfp_render/page-48.png","134134","2026-09-11T01:26:39.345Z",".png"
"04_기관리서치/공공PMS_병목관리/공공RFP_2026-09-11/_work/rfp_render/page-49.png","44874","2026-09-11T01:26:39.538Z",".png"
"04_기관리서치/공공PMS_병목관리/공공RFP_2026-09-11/_work/rfp_render/page-5.png","163256","2026-09-11T01:26:39.156Z",".png"
"04_기관리서치/공공PMS_병목관리/공공RFP_2026-09-11/_work/rfp_render/page-50.png","140451","2026-09-11T01:26:37.573Z",".png"
"04_기관리서치/공공PMS_병목관리/공공RFP_2026-09-11/_work/rfp_render/page-51.png","35411","2026-09-11T01:26:37.708Z",".png"
"04_기관리서치/공공PMS_병목관리/공공RFP_2026-09-11/_work/rfp_render/page-52.png","131347","2026-09-11T01:26:38.019Z",".png"
"04_기관리서치/공공PMS_병목관리/공공RFP_2026-09-11/_work/rfp_render/page-53.png","24330","2026-09-11T01:26:38.165Z",".png"
"04_기관리서치/공공PMS_병목관리/공공RFP_2026-09-11/_work/rfp_render/page-54.png","142968","2026-09-11T01:26:38.527Z",".png"
"04_기관리서치/공공PMS_병목관리/공공RFP_2026-09-11/_work/rfp_render/page-55.png","154338","2026-09-11T01:26:38.889Z",".png"
"04_기관리서치/공공PMS_병목관리/공공RFP_2026-09-11/_work/rfp_render/page-6.png","157092","2026-09-11T01:26:39.547Z",".png"
"04_기관리서치/공공PMS_병목관리/공공RFP_2026-09-11/_work/rfp_render/page-7.png","171103","2026-09-11T01:26:39.952Z",".png"
"04_기관리서치/공공PMS_병목관리/공공RFP_2026-09-11/_work/rfp_render/page-8.png","169915","2026-09-11T01:26:37.624Z",".png"
"04_기관리서치/공공PMS_병목관리/공공RFP_2026-09-11/_work/rfp_render/page-9.png","173890","2026-09-11T01:26:37.984Z",".png"
"04_기관리서치/공공PMS_병목관리/공공RFP_2026-09-11/_work/rfp_render/word_export.pdf","1034568","2026-09-11T01:31:58.214Z",".pdf"
"04_기관리서치/공공PMS_병목관리/공공RFP_2026-09-11/_work/tailoring_final/page-1.png","171959","2026-09-11T01:42:16.589Z",".png"
"04_기관리서치/공공PMS_병목관리/공공RFP_2026-09-11/_work/tailoring_final/page-10.png","169329","2026-09-11T01:42:17.059Z",".png"
"04_기관리서치/공공PMS_병목관리/공공RFP_2026-09-11/_work/tailoring_final/page-11.png","166166","2026-09-11T01:42:16.641Z",".png"
"04_기관리서치/공공PMS_병목관리/공공RFP_2026-09-11/_work/tailoring_final/page-12.png","178071","2026-09-11T01:42:17.070Z",".png"
"04_기관리서치/공공PMS_병목관리/공공RFP_2026-09-11/_work/tailoring_final/page-13.png","188252","2026-09-11T01:42:16.684Z",".png"
"04_기관리서치/공공PMS_병목관리/공공RFP_2026-09-11/_work/tailoring_final/page-14.png","113527","2026-09-11T01:42:17.008Z",".png"
"04_기관리서치/공공PMS_병목관리/공공RFP_2026-09-11/_work/tailoring_final/page-15.png","180350","2026-09-11T01:42:16.719Z",".png"
"04_기관리서치/공공PMS_병목관리/공공RFP_2026-09-11/_work/tailoring_final/page-16.png","180424","2026-09-11T01:39:28.831Z",".png"
"04_기관리서치/공공PMS_병목관리/공공RFP_2026-09-11/_work/tailoring_final/page-2.png","152650","2026-09-11T01:42:16.966Z",".png"
"04_기관리서치/공공PMS_병목관리/공공RFP_2026-09-11/_work/tailoring_final/page-3.png","156729","2026-09-11T01:42:16.571Z",".png"
"04_기관리서치/공공PMS_병목관리/공공RFP_2026-09-11/_work/tailoring_final/page-4.png","167270","2026-09-11T01:42:16.987Z",".png"
"04_기관리서치/공공PMS_병목관리/공공RFP_2026-09-11/_work/tailoring_final/page-5.png","177007","2026-09-11T01:42:16.654Z",".png"
"04_기관리서치/공공PMS_병목관리/공공RFP_2026-09-11/_work/tailoring_final/page-6.png","166625","2026-09-11T01:42:17.058Z",".png"
"04_기관리서치/공공PMS_병목관리/공공RFP_2026-09-11/_work/tailoring_final/page-7.png","163062","2026-09-11T01:42:16.633Z",".png"
"04_기관리서치/공공PMS_병목관리/공공RFP_2026-09-11/_work/tailoring_final/page-8.png","169721","2026-09-11T01:42:17.046Z",".png"
"04_기관리서치/공공PMS_병목관리/공공RFP_2026-09-11/_work/tailoring_final/page-9.png","156950","2026-09-11T01:42:16.649Z",".png"
"04_기관리서치/공공PMS_병목관리/공공RFP_2026-09-11/_work/tailoring_final/word_export.pdf","457468","2026-09-11T01:40:06.069Z",".pdf"
"04_기관리서치/공공PMS_병목관리/공공RFP_2026-09-11/_work/tailoring_render/page-1.png","172877","2026-09-11T01:26:40.985Z",".png"
"04_기관리서치/공공PMS_병목관리/공공RFP_2026-09-11/_work/tailoring_render/page-10.png","91755","2026-09-11T01:26:41.532Z",".png"
"04_기관리서치/공공PMS_병목관리/공공RFP_2026-09-11/_work/tailoring_render/page-11.png","134614","2026-09-11T01:26:40.961Z",".png"
"04_기관리서치/공공PMS_병목관리/공공RFP_2026-09-11/_work/tailoring_render/page-12.png","97723","2026-09-11T01:26:41.283Z",".png"
"04_기관리서치/공공PMS_병목관리/공공RFP_2026-09-11/_work/tailoring_render/page-13.png","128343","2026-09-11T01:26:41.622Z",".png"
"04_기관리서치/공공PMS_병목관리/공공RFP_2026-09-11/_work/tailoring_render/page-14.png","59610","2026-09-11T01:26:40.808Z",".png"
"04_기관리서치/공공PMS_병목관리/공공RFP_2026-09-11/_work/tailoring_render/page-15.png","156878","2026-09-11T01:26:41.238Z",".png"
"04_기관리서치/공공PMS_병목관리/공공RFP_2026-09-11/_work/tailoring_render/page-16.png","30081","2026-09-11T01:26:41.412Z",".png"
"04_기관리서치/공공PMS_병목관리/공공RFP_2026-09-11/_work/tailoring_render/page-17.png","144366","2026-09-11T01:26:41.012Z",".png"
"04_기관리서치/공공PMS_병목관리/공공RFP_2026-09-11/_work/tailoring_render/page-18.png","62348","2026-09-11T01:26:41.241Z",".png"
"04_기관리서치/공공PMS_병목관리/공공RFP_2026-09-11/_work/tailoring_render/page-19.png","141205","2026-09-11T01:26:41.595Z",".png"
"04_기관리서치/공공PMS_병목관리/공공RFP_2026-09-11/_work/tailoring_render/page-2.png","154571","2026-09-11T01:26:41.404Z",".png"
"04_기관리서치/공공PMS_병목관리/공공RFP_2026-09-11/_work/tailoring_render/page-20.png","31651","2026-09-11T01:26:40.788Z",".png"
"04_기관리서치/공공PMS_병목관리/공공RFP_2026-09-11/_work/tailoring_render/page-21.png","145049","2026-09-11T01:26:41.203Z",".png"
"04_기관리서치/공공PMS_병목관리/공공RFP_2026-09-11/_work/tailoring_render/page-22.png","61626","2026-09-11T01:26:41.428Z",".png"
"04_기관리서치/공공PMS_병목관리/공공RFP_2026-09-11/_work/tailoring_render/page-23.png","114418","2026-09-11T01:26:40.977Z",".png"
"04_기관리서치/공공PMS_병목관리/공공RFP_2026-09-11/_work/tailoring_render/page-24.png","172959","2026-09-11T01:26:41.415Z",".png"
"04_기관리서치/공공PMS_병목관리/공공RFP_2026-09-11/_work/tailoring_render/page-25.png","21705","2026-09-11T01:26:41.552Z",".png"
"04_기관리서치/공공PMS_병목관리/공공RFP_2026-09-11/_work/tailoring_render/page-3.png","133808","2026-09-11T01:26:41.702Z",".png"
"04_기관리서치/공공PMS_병목관리/공공RFP_2026-09-11/_work/tailoring_render/page-4.png","72382","2026-09-11T01:26:41.875Z",".png"
"04_기관리서치/공공PMS_병목관리/공공RFP_2026-09-11/_work/tailoring_render/page-5.png","131457","2026-09-11T01:26:40.920Z",".png"
"04_기관리서치/공공PMS_병목관리/공공RFP_2026-09-11/_work/tailoring_render/page-6.png","63355","2026-09-11T01:26:41.160Z",".png"
"04_기관리서치/공공PMS_병목관리/공공RFP_2026-09-11/_work/tailoring_render/page-7.png","147882","2026-09-11T01:26:41.548Z",".png"
"04_기관리서치/공공PMS_병목관리/공공RFP_2026-09-11/_work/tailoring_render/page-8.png","88998","2026-09-11T01:26:40.845Z",".png"
"04_기관리서치/공공PMS_병목관리/공공RFP_2026-09-11/_work/tailoring_render/page-9.png","127309","2026-09-11T01:26:41.242Z",".png"
"04_기관리서치/공공PMS_병목관리/공공RFP_2026-09-11/_work/tailoring_render/word_export.pdf","460800","2026-09-11T01:28:56.712Z",".pdf"
"04_기관리서치/공공PMS_병목관리/공공RFP_2026-09-11/_work/build_rfp.py","46648","2026-09-11T01:39:22.124Z",".py"
"04_기관리서치/공공PMS_병목관리/공공RFP_2026-09-11/_work/document_text_log.json","36782","2026-09-11T01:39:38.179Z",".json"
"04_기관리서치/공공PMS_병목관리/공공RFP_2026-09-11/_work/export_readonly.ps1","3228","2026-09-11T01:39:22.125Z",".ps1"
"04_기관리서치/공공PMS_병목관리/공공RFP_2026-09-11/_work/extract_sources.py","2891","2026-09-11T00:56:49.087Z",".py"
"04_기관리서치/공공PMS_병목관리/공공RFP_2026-09-11/_work/L01_sections.json","5721","2026-09-11T00:56:49.921Z",".json"
"04_기관리서치/공공PMS_병목관리/공공RFP_2026-09-11/_work/L01_tables.json","10013","2026-09-11T00:56:49.921Z",".json"
"04_기관리서치/공공PMS_병목관리/공공RFP_2026-09-11/_work/L02_pages.json","93017","2026-09-11T00:56:53.245Z",".json"
"04_기관리서치/공공PMS_병목관리/공공RFP_2026-09-11/_work/L02_page_10.png","224513","2026-09-11T01:02:59.947Z",".png"
"04_기관리서치/공공PMS_병목관리/공공RFP_2026-09-11/_work/L02_page_74.png","130181","2026-09-11T01:03:00.077Z",".png"
"04_기관리서치/공공PMS_병목관리/공공RFP_2026-09-11/_work/L02_page_78.png","125019","2026-09-11T01:03:00.329Z",".png"
"04_기관리서치/공공PMS_병목관리/공공RFP_2026-09-11/_work/L03_pages.json","194728","2026-09-11T00:57:00.144Z",".json"
"04_기관리서치/공공PMS_병목관리/공공RFP_2026-09-11/_work/L04_pages.json","203417","2026-09-11T00:57:08.359Z",".json"
"04_기관리서치/공공PMS_병목관리/공공RFP_2026-09-11/_work/L04_page_11.png","266110","2026-09-11T01:03:00.601Z",".png"
"04_기관리서치/공공PMS_병목관리/공공RFP_2026-09-11/_work/L04_page_2.png","37454","2026-09-11T01:03:00.470Z",".png"
"04_기관리서치/공공PMS_병목관리/공공RFP_2026-09-11/_work/package_verification.json","5953","2026-09-11T01:48:10.482Z",".json"
"04_기관리서치/공공PMS_병목관리/공공RFP_2026-09-11/_work/prepare_rfp.py","26017","2026-09-11T01:24:43.727Z",".py"
"04_기관리서치/공공PMS_병목관리/공공RFP_2026-09-11/_work/render_word_pages.py","1312","2026-09-11T01:25:14.739Z",".py"
"04_기관리서치/공공PMS_병목관리/공공RFP_2026-09-11/_work/sources.json","2283","2026-09-11T00:57:08.375Z",".json"
"04_기관리서치/공공PMS_병목관리/공공RFP_2026-09-11/_work/tailoring_preview.png","14286","2026-09-11T00:56:49.921Z",".png"
"04_기관리서치/공공PMS_병목관리/공공RFP_2026-09-11/_work/tailoring_rows.json","20423","2026-09-11T01:04:46.058Z",".json"
"04_기관리서치/공공PMS_병목관리/공공RFP_2026-09-11/_work/verify_package.py","4827","2026-09-11T01:32:02.260Z",".py"
"04_기관리서치/공공PMS_병목관리/공공RFP_2026-09-11/_work/word_render_manifest.json","1248","2026-09-11T01:40:06.604Z",".json"
"04_기관리서치/공공PMS_병목관리/공공RFP_2026-09-11/_work/write_research.py","8931","2026-09-11T01:30:02.995Z",".py"
"04_기관리서치/공공PMS_병목관리/공공RFP_2026-09-11/README.md","4728","2026-09-11T01:47:44.426Z",".md"
"04_기관리서치/공공PMS_병목관리/공공RFP_2026-09-11/공공RFP_요구사항_추적표.md","5679","2026-09-11T01:30:03.442Z",".md"
"04_기관리서치/공공PMS_병목관리/공공RFP_2026-09-11/공공RFP_요구사항_테일러링_원장.json","169691","2026-09-11T01:09:43.076Z",".json"
"04_기관리서치/공공PMS_병목관리/공공RFP_2026-09-11/공공_정보화사업_AI_이행관리_제안요청서_v0.1.docx","93065","2026-09-11T01:37:03.358Z",".docx"
"04_기관리서치/공공PMS_병목관리/공공RFP_2026-09-11/공공_정보화사업_테일러링_내역서_v0.1.docx","58158","2026-09-11T01:39:38.177Z",".docx"
"04_기관리서치/공공PMS_병목관리/공공RFP_2026-09-11/문서_검증결과.md","4584","2026-09-11T01:47:44.427Z",".md"
"04_기관리서치/공공PMS_병목관리/공공RFP_2026-09-11/테일러링_조사와_RFP_분기근거.md","9660","2026-09-11T01:30:03.442Z",".md"
"04_기관리서치/공공PMS_병목관리/근거자료/PMS-S02.html","16790","2026-09-09T10:54:54.956Z",".html"
"04_기관리서치/공공PMS_병목관리/근거자료/PMS-S03.html","79489","2026-09-09T10:54:55.087Z",".html"
"04_기관리서치/공공PMS_병목관리/근거자료/PMS-S04.html","16276","2026-09-09T10:54:55.374Z",".html"
"04_기관리서치/공공PMS_병목관리/근거자료/PMS-S05.html","165460","2026-09-09T10:54:55.289Z",".html"
"04_기관리서치/공공PMS_병목관리/근거자료/PMS-S06.html","170136","2026-09-09T10:54:55.586Z",".html"
"04_기관리서치/공공PMS_병목관리/근거자료/PMS-S07.html","6307","2026-09-09T10:54:55.494Z",".html"
"04_기관리서치/공공PMS_병목관리/근거자료/PMS-S08.html","5938","2026-09-09T10:54:55.539Z",".html"
"04_기관리서치/공공PMS_병목관리/근거자료/PMS-S09.html","6359","2026-09-09T10:54:55.705Z",".html"
"04_기관리서치/공공PMS_병목관리/근거자료/PMS-S11.html","94838","2026-09-09T10:54:55.989Z",".html"
"04_기관리서치/공공PMS_병목관리/근거자료/PMS-S12.html","13453","2026-09-09T10:54:55.748Z",".html"
"04_기관리서치/공공PMS_병목관리/근거자료/PMS-S13.html","13406","2026-09-09T10:54:55.890Z",".html"
"04_기관리서치/공공PMS_병목관리/근거자료/PMS-S14.html","93781","2026-09-09T10:54:56.605Z",".html"
"04_기관리서치/공공PMS_병목관리/근거자료/PMS-S15.html","75634","2026-09-09T10:54:56.129Z",".html"
"04_기관리서치/공공PMS_병목관리/범위검토_2026-09-11/_word_build/scope_v2/page-1.png","191706","2026-09-11T00:28:55.727Z",".png"
"04_기관리서치/공공PMS_병목관리/범위검토_2026-09-11/_word_build/scope_v2/page-10.png","181895","2026-09-11T00:28:55.750Z",".png"
"04_기관리서치/공공PMS_병목관리/범위검토_2026-09-11/_word_build/scope_v2/page-2.png","166736","2026-09-11T00:28:55.882Z",".png"
"04_기관리서치/공공PMS_병목관리/범위검토_2026-09-11/_word_build/scope_v2/page-3.png","175477","2026-09-11T00:28:55.721Z",".png"
"04_기관리서치/공공PMS_병목관리/범위검토_2026-09-11/_word_build/scope_v2/page-4.png","140366","2026-09-11T00:28:55.865Z",".png"
"04_기관리서치/공공PMS_병목관리/범위검토_2026-09-11/_word_build/scope_v2/page-5.png","141119","2026-09-11T00:28:55.701Z",".png"
"04_기관리서치/공공PMS_병목관리/범위검토_2026-09-11/_word_build/scope_v2/page-6.png","148900","2026-09-11T00:28:55.708Z",".png"
"04_기관리서치/공공PMS_병목관리/범위검토_2026-09-11/_word_build/scope_v2/page-7.png","156049","2026-09-11T00:28:55.812Z",".png"
"04_기관리서치/공공PMS_병목관리/범위검토_2026-09-11/_word_build/scope_v2/page-8.png","156951","2026-09-11T00:28:55.725Z",".png"
"04_기관리서치/공공PMS_병목관리/범위검토_2026-09-11/_word_build/scope_v2/page-9.png","168911","2026-09-11T00:28:55.752Z",".png"
"04_기관리서치/공공PMS_병목관리/범위검토_2026-09-11/_word_build/scope_v2/word_export.pdf","388545","2026-09-11T00:28:12.720Z",".pdf"
"04_기관리서치/공공PMS_병목관리/범위검토_2026-09-11/_word_build/scope_final/page-1.png","169536","2026-09-11T00:24:42.925Z",".png"
"04_기관리서치/공공PMS_병목관리/범위검토_2026-09-11/_word_build/scope_final/page-10.png","169183","2026-09-11T00:24:42.958Z",".png"
"04_기관리서치/공공PMS_병목관리/범위검토_2026-09-11/_word_build/scope_final/page-11.png","181666","2026-09-11T00:24:42.958Z",".png"
"04_기관리서치/공공PMS_병목관리/범위검토_2026-09-11/_word_build/scope_final/page-2.png","31435","2026-09-11T00:24:42.993Z",".png"
"04_기관리서치/공공PMS_병목관리/범위검토_2026-09-11/_word_build/scope_final/page-3.png","167031","2026-09-11T00:24:42.919Z",".png"
"04_기관리서치/공공PMS_병목관리/범위검토_2026-09-11/_word_build/scope_final/page-4.png","175451","2026-09-11T00:24:43.112Z",".png"
"04_기관리서치/공공PMS_병목관리/범위검토_2026-09-11/_word_build/scope_final/page-5.png","140449","2026-09-11T00:24:42.897Z",".png"
"04_기관리서치/공공PMS_병목관리/범위검토_2026-09-11/_word_build/scope_final/page-6.png","141217","2026-09-11T00:24:43.055Z",".png"
"04_기관리서치/공공PMS_병목관리/범위검토_2026-09-11/_word_build/scope_final/page-7.png","148898","2026-09-11T00:24:42.925Z",".png"
"04_기관리서치/공공PMS_병목관리/범위검토_2026-09-11/_word_build/scope_final/page-8.png","156201","2026-09-11T00:24:42.925Z",".png"
"04_기관리서치/공공PMS_병목관리/범위검토_2026-09-11/_word_build/scope_final/page-9.png","157021","2026-09-11T00:24:42.958Z",".png"
"04_기관리서치/공공PMS_병목관리/범위검토_2026-09-11/_word_build/scope_final/word_export.pdf","389410","2026-09-11T00:24:25.172Z",".pdf"
"04_기관리서치/공공PMS_병목관리/범위검토_2026-09-11/_word_build/decisions_v2/page-1.png","167055","2026-09-11T00:28:55.282Z",".png"
"04_기관리서치/공공PMS_병목관리/범위검토_2026-09-11/_word_build/decisions_v2/page-2.png","145253","2026-09-11T00:28:55.415Z",".png"
"04_기관리서치/공공PMS_병목관리/범위검토_2026-09-11/_word_build/decisions_v2/page-3.png","148723","2026-09-11T00:28:55.250Z",".png"
"04_기관리서치/공공PMS_병목관리/범위검토_2026-09-11/_word_build/decisions_v2/page-4.png","149309","2026-09-11T00:28:55.267Z",".png"
"04_기관리서치/공공PMS_병목관리/범위검토_2026-09-11/_word_build/decisions_v2/page-5.png","151340","2026-09-11T00:28:55.269Z",".png"
"04_기관리서치/공공PMS_병목관리/범위검토_2026-09-11/_word_build/decisions_v2/page-6.png","160705","2026-09-11T00:28:55.304Z",".png"
"04_기관리서치/공공PMS_병목관리/범위검토_2026-09-11/_word_build/decisions_v2/page-7.png","156430","2026-09-11T00:28:55.304Z",".png"
"04_기관리서치/공공PMS_병목관리/범위검토_2026-09-11/_word_build/decisions_v2/page-8.png","152379","2026-09-11T00:28:55.315Z",".png"
"04_기관리서치/공공PMS_병목관리/범위검토_2026-09-11/_word_build/decisions_v2/page-9.png","151265","2026-09-11T00:28:55.330Z",".png"
"04_기관리서치/공공PMS_병목관리/범위검토_2026-09-11/_word_build/decisions_v2/word_export.pdf","312617","2026-09-11T00:28:08.307Z",".pdf"
"04_기관리서치/공공PMS_병목관리/범위검토_2026-09-11/_word_build/decisions_final/page-1.png","149715","2026-09-11T00:24:42.491Z",".png"
"04_기관리서치/공공PMS_병목관리/범위검토_2026-09-11/_word_build/decisions_final/page-10.png","151388","2026-09-11T00:24:42.543Z",".png"
"04_기관리서치/공공PMS_병목관리/범위검토_2026-09-11/_word_build/decisions_final/page-2.png","26976","2026-09-11T00:24:42.543Z",".png"
"04_기관리서치/공공PMS_병목관리/범위검토_2026-09-11/_word_build/decisions_final/page-3.png","145297","2026-09-11T00:24:42.491Z",".png"
"04_기관리서치/공공PMS_병목관리/범위검토_2026-09-11/_word_build/decisions_final/page-4.png","148624","2026-09-11T00:24:42.627Z",".png"
"04_기관리서치/공공PMS_병목관리/범위검토_2026-09-11/_word_build/decisions_final/page-5.png","149354","2026-09-11T00:24:42.491Z",".png"
"04_기관리서치/공공PMS_병목관리/범위검토_2026-09-11/_word_build/decisions_final/page-6.png","151450","2026-09-11T00:24:42.510Z",".png"
"04_기관리서치/공공PMS_병목관리/범위검토_2026-09-11/_word_build/decisions_final/page-7.png","160548","2026-09-11T00:24:42.526Z",".png"
"04_기관리서치/공공PMS_병목관리/범위검토_2026-09-11/_word_build/decisions_final/page-8.png","156596","2026-09-11T00:24:42.538Z",".png"
"04_기관리서치/공공PMS_병목관리/범위검토_2026-09-11/_word_build/decisions_final/page-9.png","152331","2026-09-11T00:24:42.526Z",".png"
"04_기관리서치/공공PMS_병목관리/범위검토_2026-09-11/_word_build/decisions_final/word_export.pdf","313432","2026-09-11T00:24:17.952Z",".pdf"
"04_기관리서치/공공PMS_병목관리/범위검토_2026-09-11/_word_build/build_next.py","29988","2026-09-11T00:25:31.079Z",".py"
"04_기관리서치/공공PMS_병목관리/범위검토_2026-09-11/_word_build/content_manifest.json","43502","2026-09-11T00:25:32.037Z",".json"
"04_기관리서치/공공PMS_병목관리/범위검토_2026-09-11/_word_build/export_readonly.ps1","2361","2026-09-11T00:27:58.883Z",".ps1"
"04_기관리서치/공공PMS_병목관리/범위검토_2026-09-11/_word_build/export_word.ps1","2336","2026-09-11T00:24:04.363Z",".ps1"
"04_기관리서치/공공PMS_병목관리/범위검토_2026-09-11/_word_build/Public_AI_PMS_1차개발범위_정의서_v0.1.md","20156","2026-09-11T00:23:44.066Z",".md"
"04_기관리서치/공공PMS_병목관리/범위검토_2026-09-11/_word_build/Public_AI_PMS_1차개발범위_정의서_v0.1_본문.txt","20156","2026-09-11T00:25:32.037Z",".txt"
"04_기관리서치/공공PMS_병목관리/범위검토_2026-09-11/_word_build/Public_AI_PMS_미확정사항_검토표_v0.1.md","17226","2026-09-11T00:23:44.065Z",".md"
"04_기관리서치/공공PMS_병목관리/범위검토_2026-09-11/_word_build/Public_AI_PMS_미확정사항_검토표_v0.1_본문.txt","17226","2026-09-11T00:25:32.037Z",".txt"
"04_기관리서치/공공PMS_병목관리/범위검토_2026-09-11/_word_build/render_word_pages.py","1320","2026-09-10T12:47:57.472Z",".py"
"04_기관리서치/공공PMS_병목관리/범위검토_2026-09-11/_word_build/verification.json","1377","2026-09-11T00:28:56.344Z",".json"
"04_기관리서치/공공PMS_병목관리/범위검토_2026-09-11/_word_build/verify_next.py","2156","2026-09-11T00:26:33.683Z",".py"
"04_기관리서치/공공PMS_병목관리/범위검토_2026-09-11/_word_build/word_render_manifest.json","1259","2026-09-11T00:28:12.953Z",".json"
"04_기관리서치/공공PMS_병목관리/범위검토_2026-09-11/_word_build/문서검토_결과.md","3541","2026-09-11T00:30:22.665Z",".md"
"04_기관리서치/공공PMS_병목관리/범위검토_2026-09-11/Public_AI_PMS_1차개발범위_정의서_v0.1.docx","51843","2026-09-11T00:25:32.037Z",".docx"
"04_기관리서치/공공PMS_병목관리/범위검토_2026-09-11/Public_AI_PMS_미확정사항_검토표_v0.1.docx","46035","2026-09-11T00:25:31.737Z",".docx"
"04_기관리서치/공공PMS_병목관리/범위검토_2026-09-11/README.md","1797","2026-09-11T00:28:45.911Z",".md"
"04_기관리서치/공공PMS_병목관리/설명자료_2026-09-10/이력/v1.0_설계계속_이전/검증화면/architecture.png","96629","2026-09-10T01:11:58.201Z",".png"
"04_기관리서치/공공PMS_병목관리/설명자료_2026-09-10/이력/v1.0_설계계속_이전/검증화면/audit.png","59004","2026-09-10T01:11:58.061Z",".png"
"04_기관리서치/공공PMS_병목관리/설명자료_2026-09-10/이력/v1.0_설계계속_이전/검증화면/benefits.png","120605","2026-09-10T01:11:58.344Z",".png"
"04_기관리서치/공공PMS_병목관리/설명자료_2026-09-10/이력/v1.0_설계계속_이전/검증화면/desktop.png","101352","2026-09-10T01:11:57.779Z",".png"
"04_기관리서치/공공PMS_병목관리/설명자료_2026-09-10/이력/v1.0_설계계속_이전/검증화면/flow.png","59059","2026-09-10T01:11:57.937Z",".png"
"04_기관리서치/공공PMS_병목관리/설명자료_2026-09-10/이력/v1.0_설계계속_이전/검증화면/mobile-architecture.png","52961","2026-09-10T01:11:58.523Z",".png"
"04_기관리서치/공공PMS_병목관리/설명자료_2026-09-10/이력/v1.0_설계계속_이전/검증화면/mobile-benefits.png","113221","2026-09-10T01:11:58.642Z",".png"
"04_기관리서치/공공PMS_병목관리/설명자료_2026-09-10/이력/v1.0_설계계속_이전/검증화면/mobile.png","37467","2026-09-10T01:11:58.417Z",".png"
"04_기관리서치/공공PMS_병목관리/설명자료_2026-09-10/이력/v1.0_설계계속_이전/CCK_Public_AI_PMS_설명서.html","74647","2026-09-10T01:11:54.924Z",".html"
"04_기관리서치/공공PMS_병목관리/설명자료_2026-09-10/이력/v1.0_설계계속_이전/CCK_Public_AI_PMS_설명서.md","26129","2026-09-10T01:11:54.924Z",".md"
"04_기관리서치/공공PMS_병목관리/설명자료_2026-09-10/이력/v1.0_설계계속_이전/CCK_Public_AI_PMS_아키텍처.svg","3497","2026-09-10T00:53:34.934Z",".svg"
"04_기관리서치/공공PMS_병목관리/설명자료_2026-09-10/이력/v1.0_설계계속_이전/검증_설명자료.cjs","13340","2026-09-10T01:10:19.714Z",".cjs"
"04_기관리서치/공공PMS_병목관리/설명자료_2026-09-10/이력/v1.0_설계계속_이전/대화추가_2026-09-10.json","74690","2026-09-10T00:50:36.220Z",".json"
"04_기관리서치/공공PMS_병목관리/설명자료_2026-09-10/이력/v1.0_설계계속_이전/보존목록.json","2155","2026-09-10T05:44:02.369Z",".json"
"04_기관리서치/공공PMS_병목관리/설명자료_2026-09-10/이력/v1.0_설계계속_이전/생성_설명자료.py","23500","2026-09-10T01:11:54.303Z",".py"
"04_기관리서치/공공PMS_병목관리/설명자료_2026-09-10/이력/v1.0_설계계속_이전/생성기록.json","2027","2026-09-10T01:11:55.007Z",".json"
"04_기관리서치/공공PMS_병목관리/설명자료_2026-09-10/이력/v1.0_설계계속_이전/설명서_동작.js","5065","2026-09-10T01:09:47.074Z",".js"
"04_기관리서치/공공PMS_병목관리/설명자료_2026-09-10/이력/v1.0_설계계속_이전/설명서_스타일.css","17464","2026-09-10T01:10:19.713Z",".css"
"04_기관리서치/공공PMS_병목관리/설명자료_2026-09-10/이력/v1.0_설계계속_이전/설명서_템플릿.html","27304","2026-09-10T01:11:54.301Z",".html"
"04_기관리서치/공공PMS_병목관리/설명자료_2026-09-10/이력/v1.0_설계계속_이전/설명자료_검증.json","6687","2026-09-10T01:11:59.517Z",".json"
"04_기관리서치/공공PMS_병목관리/설명자료_2026-09-10/이력/v1.0_설계계속_이전/설명자료_검증.md","1562","2026-09-10T01:15:14.803Z",".md"
"04_기관리서치/공공PMS_병목관리/설명자료_2026-09-10/이력/v1.0_설계계속_이전/설명자료_데이터.json","20484","2026-09-10T00:52:37.556Z",".json"
"04_기관리서치/공공PMS_병목관리/설명자료_2026-09-10/이력/v1.0_설계계속_이전/설명자료_설계.md","4897","2026-09-10T01:06:35.046Z",".md"
"04_기관리서치/공공PMS_병목관리/설명자료_2026-09-10/이력/v1.0_설계계속_이전/설명자료_후속확인.md","1155","2026-09-10T01:15:14.799Z",".md"
"04_기관리서치/공공PMS_병목관리/설명자료_2026-09-10/이력/v1.0_설계계속_이전/시각검토.md","2895","2026-09-10T01:15:14.797Z",".md"
"04_기관리서치/공공PMS_병목관리/설명자료_2026-09-10/이력/갱신_v1_1.py","19467","2026-09-10T05:54:20.977Z",".py"
"04_기관리서치/공공PMS_병목관리/설명자료_2026-09-10/검증화면/architecture.png","100713","2026-09-10T05:59:04.947Z",".png"
"04_기관리서치/공공PMS_병목관리/설명자료_2026-09-10/검증화면/audit.png","58668","2026-09-10T05:59:04.665Z",".png"
"04_기관리서치/공공PMS_병목관리/설명자료_2026-09-10/검증화면/baseline.png","24785","2026-09-10T05:59:06.009Z",".png"
"04_기관리서치/공공PMS_병목관리/설명자료_2026-09-10/검증화면/benefits.png","124999","2026-09-10T05:59:05.264Z",".png"
"04_기관리서치/공공PMS_병목관리/설명자료_2026-09-10/검증화면/desktop.png","103856","2026-09-10T05:59:04.030Z",".png"
"04_기관리서치/공공PMS_병목관리/설명자료_2026-09-10/검증화면/evaluation.png","90493","2026-09-10T05:59:05.537Z",".png"
"04_기관리서치/공공PMS_병목관리/설명자료_2026-09-10/검증화면/flow.png","78882","2026-09-10T05:59:04.435Z",".png"
"04_기관리서치/공공PMS_병목관리/설명자료_2026-09-10/검증화면/mobile-architecture.png","53143","2026-09-10T05:59:06.376Z",".png"
"04_기관리서치/공공PMS_병목관리/설명자료_2026-09-10/검증화면/mobile-benefits.png","117851","2026-09-10T05:59:06.602Z",".png"
"04_기관리서치/공공PMS_병목관리/설명자료_2026-09-10/검증화면/mobile-evaluation.png","79977","2026-09-10T05:59:06.986Z",".png"
"04_기관리서치/공공PMS_병목관리/설명자료_2026-09-10/검증화면/mobile-roadmap.png","78670","2026-09-10T05:59:06.792Z",".png"
"04_기관리서치/공공PMS_병목관리/설명자료_2026-09-10/검증화면/mobile.png","36119","2026-09-10T05:59:06.196Z",".png"
"04_기관리서치/공공PMS_병목관리/설명자료_2026-09-10/검증화면/one-page.png","110597","2026-09-10T05:59:07.502Z",".png"
"04_기관리서치/공공PMS_병목관리/설명자료_2026-09-10/검증화면/roadmap.png","82963","2026-09-10T05:59:05.843Z",".png"
"04_기관리서치/공공PMS_병목관리/설명자료_2026-09-10/CCK_Public_AI_PMS_설명서.html","90611","2026-09-10T05:58:57.602Z",".html"
"04_기관리서치/공공PMS_병목관리/설명자료_2026-09-10/CCK_Public_AI_PMS_설명서.md","33888","2026-09-10T05:58:57.602Z",".md"
"04_기관리서치/공공PMS_병목관리/설명자료_2026-09-10/CCK_Public_AI_PMS_아키텍처.svg","3600","2026-09-10T05:54:22.124Z",".svg"
"04_기관리서치/공공PMS_병목관리/설명자료_2026-09-10/CCK_Public_AI_PMS_연차별_상세설계.md","34473","2026-09-10T05:50:41.903Z",".md"
"04_기관리서치/공공PMS_병목관리/설명자료_2026-09-10/검증_설명자료.cjs","18555","2026-09-10T05:58:56.496Z",".cjs"
"04_기관리서치/공공PMS_병목관리/설명자료_2026-09-10/대화전체_설계계속_2026-09-10.json","379913","2026-09-10T05:44:03.028Z",".json"
"04_기관리서치/공공PMS_병목관리/설명자료_2026-09-10/대화추가_2026-09-10.json","74690","2026-09-10T00:50:36.220Z",".json"
"04_기관리서치/공공PMS_병목관리/설명자료_2026-09-10/변경기록_v1.1.md","4252","2026-09-10T06:03:47.022Z",".md"
"04_기관리서치/공공PMS_병목관리/설명자료_2026-09-10/생성_설명자료.py","27458","2026-09-10T05:54:22.112Z",".py"
"04_기관리서치/공공PMS_병목관리/설명자료_2026-09-10/생성기록.json","2692","2026-09-10T05:58:57.686Z",".json"
"04_기관리서치/공공PMS_병목관리/설명자료_2026-09-10/설계확장_데이터.json","10473","2026-09-10T05:45:43.520Z",".json"
"04_기관리서치/공공PMS_병목관리/설명자료_2026-09-10/설명서_동작.js","5567","2026-09-10T05:54:22.122Z",".js"
"04_기관리서치/공공PMS_병목관리/설명자료_2026-09-10/설명서_스타일.css","19066","2026-09-10T05:58:25.953Z",".css"
"04_기관리서치/공공PMS_병목관리/설명자료_2026-09-10/설명서_템플릿.html","30583","2026-09-10T05:58:24.939Z",".html"
"04_기관리서치/공공PMS_병목관리/설명자료_2026-09-10/설명자료_검증.json","8986","2026-09-10T05:59:09.200Z",".json"
"04_기관리서치/공공PMS_병목관리/설명자료_2026-09-10/설명자료_검증.md","1628","2026-09-10T06:04:43.167Z",".md"
"04_기관리서치/공공PMS_병목관리/설명자료_2026-09-10/설명자료_데이터.json","34304","2026-09-10T05:54:22.110Z",".json"
"04_기관리서치/공공PMS_병목관리/설명자료_2026-09-10/설명자료_설계.md","7344","2026-09-10T06:00:12.965Z",".md"
"04_기관리서치/공공PMS_병목관리/설명자료_2026-09-10/설명자료_후속확인.md","2223","2026-09-10T06:00:12.968Z",".md"
"04_기관리서치/공공PMS_병목관리/설명자료_2026-09-10/시각검토.md","3102","2026-09-10T06:03:46.980Z",".md"
"04_기관리서치/공공PMS_병목관리/설명자료_2026-09-10/연차별_구조한장.svg","5167","2026-09-10T05:55:40.585Z",".svg"
"04_기관리서치/공공PMS_병목관리/요구사항_2026-09-10/_word_build/analysis/page-1.png","115898","2026-09-10T12:47:58.174Z",".png"
"04_기관리서치/공공PMS_병목관리/요구사항_2026-09-10/_word_build/analysis/page-10.png","122028","2026-09-10T12:47:58.208Z",".png"
"04_기관리서치/공공PMS_병목관리/요구사항_2026-09-10/_word_build/analysis/page-11.png","193938","2026-09-10T12:47:58.427Z",".png"
"04_기관리서치/공공PMS_병목관리/요구사항_2026-09-10/_word_build/analysis/page-12.png","107132","2026-09-10T12:47:58.545Z",".png"
"04_기관리서치/공공PMS_병목관리/요구사항_2026-09-10/_word_build/analysis/page-13.png","158643","2026-09-10T12:47:58.249Z",".png"
"04_기관리서치/공공PMS_병목관리/요구사항_2026-09-10/_word_build/analysis/page-14.png","40309","2026-09-10T12:47:58.343Z",".png"
"04_기관리서치/공공PMS_병목관리/요구사항_2026-09-10/_word_build/analysis/page-15.png","118121","2026-09-10T12:47:58.511Z",".png"
"04_기관리서치/공공PMS_병목관리/요구사항_2026-09-10/_word_build/analysis/page-16.png","47467","2026-09-10T12:47:58.135Z",".png"
"04_기관리서치/공공PMS_병목관리/요구사항_2026-09-10/_word_build/analysis/page-17.png","90750","2026-09-10T12:47:58.290Z",".png"
"04_기관리서치/공공PMS_병목관리/요구사항_2026-09-10/_word_build/analysis/page-18.png","159963","2026-09-10T12:47:58.475Z",".png"
"04_기관리서치/공공PMS_병목관리/요구사항_2026-09-10/_word_build/analysis/page-19.png","149194","2026-09-10T12:47:58.246Z",".png"
"04_기관리서치/공공PMS_병목관리/요구사항_2026-09-10/_word_build/analysis/page-2.png","16982","2026-09-10T12:47:58.228Z",".png"
"04_기관리서치/공공PMS_병목관리/요구사항_2026-09-10/_word_build/analysis/page-20.png","183553","2026-09-10T12:47:58.457Z",".png"
"04_기관리서치/공공PMS_병목관리/요구사항_2026-09-10/_word_build/analysis/page-21.png","70364","2026-09-10T12:47:58.540Z",".png"
"04_기관리서치/공공PMS_병목관리/요구사항_2026-09-10/_word_build/analysis/page-22.png","121037","2026-09-10T12:47:58.212Z",".png"
"04_기관리서치/공공PMS_병목관리/요구사항_2026-09-10/_word_build/analysis/page-23.png","75030","2026-09-10T12:47:58.331Z",".png"
"04_기관리서치/공공PMS_병목관리/요구사항_2026-09-10/_word_build/analysis/page-3.png","141163","2026-09-10T12:47:58.398Z",".png"
"04_기관리서치/공공PMS_병목관리/요구사항_2026-09-10/_word_build/analysis/page-4.png","120472","2026-09-10T12:47:58.166Z",".png"
"04_기관리서치/공공PMS_병목관리/요구사항_2026-09-10/_word_build/analysis/page-5.png","171731","2026-09-10T12:47:58.362Z",".png"
"04_기관리서치/공공PMS_병목관리/요구사항_2026-09-10/_word_build/analysis/page-6.png","157551","2026-09-10T12:47:58.533Z",".png"
"04_기관리서치/공공PMS_병목관리/요구사항_2026-09-10/_word_build/analysis/page-7.png","159851","2026-09-10T12:47:58.228Z",".png"
"04_기관리서치/공공PMS_병목관리/요구사항_2026-09-10/_word_build/analysis/page-8.png","170696","2026-09-10T12:47:58.438Z",".png"
"04_기관리서치/공공PMS_병목관리/요구사항_2026-09-10/_word_build/analysis/page-9.png","22308","2026-09-10T12:47:58.495Z",".png"
"04_기관리서치/공공PMS_병목관리/요구사항_2026-09-10/_word_build/analysis/page_text_inventory.json","11568","2026-09-10T12:47:13.916Z",".json"
"04_기관리서치/공공PMS_병목관리/요구사항_2026-09-10/_word_build/analysis/word_export.pdf","576911","2026-09-10T12:46:09.824Z",".pdf"
"04_기관리서치/공공PMS_병목관리/요구사항_2026-09-10/_word_build/specification/page-1.png","86156","2026-09-10T12:47:58.885Z",".png"
"04_기관리서치/공공PMS_병목관리/요구사항_2026-09-10/_word_build/specification/page-10.png","227373","2026-09-10T12:48:00.627Z",".png"
"04_기관리서치/공공PMS_병목관리/요구사항_2026-09-10/_word_build/specification/page-11.png","35868","2026-09-10T12:47:58.716Z",".png"
"04_기관리서치/공공PMS_병목관리/요구사항_2026-09-10/_word_build/specification/page-12.png","111377","2026-09-10T12:47:58.868Z",".png"
"04_기관리서치/공공PMS_병목관리/요구사항_2026-09-10/_word_build/specification/page-13.png","193654","2026-09-10T12:47:59.098Z",".png"
"04_기관리서치/공공PMS_병목관리/요구사항_2026-09-10/_word_build/specification/page-14.png","47100","2026-09-10T12:47:59.192Z",".png"
"04_기관리서치/공공PMS_병목관리/요구사항_2026-09-10/_word_build/specification/page-15.png","148433","2026-09-10T12:47:59.385Z",".png"
"04_기관리서치/공공PMS_병목관리/요구사항_2026-09-10/_word_build/specification/page-16.png","167595","2026-09-10T12:47:59.591Z",".png"
"04_기관리서치/공공PMS_병목관리/요구사항_2026-09-10/_word_build/specification/page-17.png","124378","2026-09-10T12:47:59.791Z",".png"
"04_기관리서치/공공PMS_병목관리/요구사항_2026-09-10/_word_build/specification/page-18.png","36005","2026-09-10T12:47:59.881Z",".png"
"04_기관리서치/공공PMS_병목관리/요구사항_2026-09-10/_word_build/specification/page-19.png","128151","2026-09-10T12:48:00.079Z",".png"
"04_기관리서치/공공PMS_병목관리/요구사항_2026-09-10/_word_build/specification/page-2.png","159354","2026-09-10T12:47:59.073Z",".png"
"04_기관리서치/공공PMS_병목관리/요구사항_2026-09-10/_word_build/specification/page-20.png","122011","2026-09-10T12:48:00.244Z",".png"
"04_기관리서치/공공PMS_병목관리/요구사항_2026-09-10/_word_build/specification/page-21.png","122429","2026-09-10T12:47:58.808Z",".png"
"04_기관리서치/공공PMS_병목관리/요구사항_2026-09-10/_word_build/specification/page-22.png","126076","2026-09-10T12:47:58.975Z",".png"
"04_기관리서치/공공PMS_병목관리/요구사항_2026-09-10/_word_build/specification/page-23.png","129008","2026-09-10T12:47:59.143Z",".png"
"04_기관리서치/공공PMS_병목관리/요구사항_2026-09-10/_word_build/specification/page-24.png","126093","2026-09-10T12:47:59.302Z",".png"
"04_기관리서치/공공PMS_병목관리/요구사항_2026-09-10/_word_build/specification/page-25.png","138910","2026-09-10T12:47:59.479Z",".png"
"04_기관리서치/공공PMS_병목관리/요구사항_2026-09-10/_word_build/specification/page-26.png","129064","2026-09-10T12:47:59.644Z",".png"
"04_기관리서치/공공PMS_병목관리/요구사항_2026-09-10/_word_build/specification/page-27.png","125252","2026-09-10T12:47:59.826Z",".png"
"04_기관리서치/공공PMS_병목관리/요구사항_2026-09-10/_word_build/specification/page-28.png","127760","2026-09-10T12:48:00.029Z",".png"
"04_기관리서치/공공PMS_병목관리/요구사항_2026-09-10/_word_build/specification/page-29.png","127185","2026-09-10T12:48:00.211Z",".png"
"04_기관리서치/공공PMS_병목관리/요구사항_2026-09-10/_word_build/specification/page-3.png","56199","2026-09-10T12:47:59.179Z",".png"
"04_기관리서치/공공PMS_병목관리/요구사항_2026-09-10/_word_build/specification/page-30.png","123062","2026-09-10T12:48:00.371Z",".png"
"04_기관리서치/공공PMS_병목관리/요구사항_2026-09-10/_word_build/specification/page-31.png","132299","2026-09-10T12:47:58.823Z",".png"
"04_기관리서치/공공PMS_병목관리/요구사항_2026-09-10/_word_build/specification/page-32.png","129280","2026-09-10T12:47:58.985Z",".png"
"04_기관리서치/공공PMS_병목관리/요구사항_2026-09-10/_word_build/specification/page-33.png","129251","2026-09-10T12:47:59.145Z",".png"
"04_기관리서치/공공PMS_병목관리/요구사항_2026-09-10/_word_build/specification/page-34.png","134339","2026-09-10T12:47:59.321Z",".png"
"04_기관리서치/공공PMS_병목관리/요구사항_2026-09-10/_word_build/specification/page-35.png","130677","2026-09-10T12:47:59.484Z",".png"
"04_기관리서치/공공PMS_병목관리/요구사항_2026-09-10/_word_build/specification/page-36.png","133148","2026-09-10T12:47:59.664Z",".png"
"04_기관리서치/공공PMS_병목관리/요구사항_2026-09-10/_word_build/specification/page-37.png","128346","2026-09-10T12:47:59.852Z",".png"
"04_기관리서치/공공PMS_병목관리/요구사항_2026-09-10/_word_build/specification/page-38.png","134389","2026-09-10T12:48:00.051Z",".png"
"04_기관리서치/공공PMS_병목관리/요구사항_2026-09-10/_word_build/specification/page-39.png","131556","2026-09-10T12:48:00.239Z",".png"
"04_기관리서치/공공PMS_병목관리/요구사항_2026-09-10/_word_build/specification/page-4.png","112540","2026-09-10T12:47:59.342Z",".png"
"04_기관리서치/공공PMS_병목관리/요구사항_2026-09-10/_word_build/specification/page-40.png","129740","2026-09-10T12:48:00.400Z",".png"
"04_기관리서치/공공PMS_병목관리/요구사항_2026-09-10/_word_build/specification/page-41.png","129032","2026-09-10T12:47:58.838Z",".png"
"04_기관리서치/공공PMS_병목관리/요구사항_2026-09-10/_word_build/specification/page-42.png","128716","2026-09-10T12:47:59.002Z",".png"
"04_기관리서치/공공PMS_병목관리/요구사항_2026-09-10/_word_build/specification/page-43.png","134669","2026-09-10T12:47:59.170Z",".png"
"04_기관리서치/공공PMS_병목관리/요구사항_2026-09-10/_word_build/specification/page-44.png","132396","2026-09-10T12:47:59.332Z",".png"
"04_기관리서치/공공PMS_병목관리/요구사항_2026-09-10/_word_build/specification/page-45.png","125935","2026-09-10T12:47:59.481Z",".png"
"04_기관리서치/공공PMS_병목관리/요구사항_2026-09-10/_word_build/specification/page-46.png","129470","2026-09-10T12:47:59.660Z",".png"
"04_기관리서치/공공PMS_병목관리/요구사항_2026-09-10/_word_build/specification/page-47.png","128852","2026-09-10T12:47:59.851Z",".png"
"04_기관리서치/공공PMS_병목관리/요구사항_2026-09-10/_word_build/specification/page-48.png","128431","2026-09-10T12:48:00.040Z",".png"
"04_기관리서치/공공PMS_병목관리/요구사항_2026-09-10/_word_build/specification/page-49.png","123512","2026-09-10T12:48:00.214Z",".png"
"04_기관리서치/공공PMS_병목관리/요구사항_2026-09-10/_word_build/specification/page-5.png","167479","2026-09-10T12:47:59.552Z",".png"
"04_기관리서치/공공PMS_병목관리/요구사항_2026-09-10/_word_build/specification/page-50.png","126051","2026-09-10T12:48:00.375Z",".png"
"04_기관리서치/공공PMS_병목관리/요구사항_2026-09-10/_word_build/specification/page-51.png","121533","2026-09-10T12:47:58.837Z",".png"
"04_기관리서치/공공PMS_병목관리/요구사항_2026-09-10/_word_build/specification/page-52.png","126257","2026-09-10T12:47:58.999Z",".png"
"04_기관리서치/공공PMS_병목관리/요구사항_2026-09-10/_word_build/specification/page-53.png","133283","2026-09-10T12:47:59.152Z",".png"
"04_기관리서치/공공PMS_병목관리/요구사항_2026-09-10/_word_build/specification/page-54.png","125197","2026-09-10T12:47:59.316Z",".png"
"04_기관리서치/공공PMS_병목관리/요구사항_2026-09-10/_word_build/specification/page-55.png","133526","2026-09-10T12:47:59.506Z",".png"
"04_기관리서치/공공PMS_병목관리/요구사항_2026-09-10/_word_build/specification/page-56.png","130769","2026-09-10T12:47:59.680Z",".png"
"04_기관리서치/공공PMS_병목관리/요구사항_2026-09-10/_word_build/specification/page-57.png","142050","2026-09-10T12:47:59.876Z",".png"
"04_기관리서치/공공PMS_병목관리/요구사항_2026-09-10/_word_build/specification/page-58.png","136690","2026-09-10T12:48:00.072Z",".png"
"04_기관리서치/공공PMS_병목관리/요구사항_2026-09-10/_word_build/specification/page-59.png","135174","2026-09-10T12:48:00.267Z",".png"
"04_기관리서치/공공PMS_병목관리/요구사항_2026-09-10/_word_build/specification/page-6.png","125889","2026-09-10T12:47:59.752Z",".png"
"04_기관리서치/공공PMS_병목관리/요구사항_2026-09-10/_word_build/specification/page-60.png","138929","2026-09-10T12:47:58.861Z",".png"
"04_기관리서치/공공PMS_병목관리/요구사항_2026-09-10/_word_build/specification/page-61.png","151659","2026-09-10T12:47:59.034Z",".png"
"04_기관리서치/공공PMS_병목관리/요구사항_2026-09-10/_word_build/specification/page-62.png","140033","2026-09-10T12:47:59.200Z",".png"
"04_기관리서치/공공PMS_병목관리/요구사항_2026-09-10/_word_build/specification/page-63.png","138511","2026-09-10T12:47:59.369Z",".png"
"04_기관리서치/공공PMS_병목관리/요구사항_2026-09-10/_word_build/specification/page-64.png","134040","2026-09-10T12:47:59.545Z",".png"
"04_기관리서치/공공PMS_병목관리/요구사항_2026-09-10/_word_build/specification/page-65.png","132559","2026-09-10T12:47:59.731Z",".png"
"04_기관리서치/공공PMS_병목관리/요구사항_2026-09-10/_word_build/specification/page-66.png","129544","2026-09-10T12:47:59.920Z",".png"
"04_기관리서치/공공PMS_병목관리/요구사항_2026-09-10/_word_build/specification/page-67.png","132633","2026-09-10T12:48:00.108Z",".png"
"04_기관리서치/공공PMS_병목관리/요구사항_2026-09-10/_word_build/specification/page-68.png","133218","2026-09-10T12:48:00.294Z",".png"
"04_기관리서치/공공PMS_병목관리/요구사항_2026-09-10/_word_build/specification/page-69.png","134149","2026-09-10T12:47:58.964Z",".png"
"04_기관리서치/공공PMS_병목관리/요구사항_2026-09-10/_word_build/specification/page-7.png","178683","2026-09-10T12:48:00.012Z",".png"
"04_기관리서치/공공PMS_병목관리/요구사항_2026-09-10/_word_build/specification/page-70.png","140506","2026-09-10T12:47:59.142Z",".png"
"04_기관리서치/공공PMS_병목관리/요구사항_2026-09-10/_word_build/specification/page-71.png","137658","2026-09-10T12:47:59.316Z",".png"
"04_기관리서치/공공PMS_병목관리/요구사항_2026-09-10/_word_build/specification/page-72.png","131810","2026-09-10T12:47:59.482Z",".png"
"04_기관리서치/공공PMS_병목관리/요구사항_2026-09-10/_word_build/specification/page-73.png","131920","2026-09-10T12:47:59.658Z",".png"
"04_기관리서치/공공PMS_병목관리/요구사항_2026-09-10/_word_build/specification/page-74.png","135209","2026-09-10T12:47:59.854Z",".png"
"04_기관리서치/공공PMS_병목관리/요구사항_2026-09-10/_word_build/specification/page-75.png","143415","2026-09-10T12:48:00.052Z",".png"
"04_기관리서치/공공PMS_병목관리/요구사항_2026-09-10/_word_build/specification/page-76.png","141130","2026-09-10T12:48:00.241Z",".png"
"04_기관리서치/공공PMS_병목관리/요구사항_2026-09-10/_word_build/specification/page-77.png","75193","2026-09-10T12:48:00.350Z",".png"
"04_기관리서치/공공PMS_병목관리/요구사항_2026-09-10/_word_build/specification/page-8.png","125277","2026-09-10T12:48:00.194Z",".png"
"04_기관리서치/공공PMS_병목관리/요구사항_2026-09-10/_word_build/specification/page-9.png","217146","2026-09-10T12:48:00.416Z",".png"
"04_기관리서치/공공PMS_병목관리/요구사항_2026-09-10/_word_build/specification/page_text_inventory.json","36277","2026-09-10T12:47:17.029Z",".json"
"04_기관리서치/공공PMS_병목관리/요구사항_2026-09-10/_word_build/specification/word_export.pdf","1219037","2026-09-10T12:46:34.546Z",".pdf"
"04_기관리서치/공공PMS_병목관리/요구사항_2026-09-10/_word_build/analysis_final/page-1.png","120950","2026-09-10T12:54:37.718Z",".png"
"04_기관리서치/공공PMS_병목관리/요구사항_2026-09-10/_word_build/analysis_final/page-10.png","151639","2026-09-10T12:54:37.783Z",".png"
"04_기관리서치/공공PMS_병목관리/요구사항_2026-09-10/_word_build/analysis_final/page-11.png","125860","2026-09-10T12:54:37.969Z",".png"
"04_기관리서치/공공PMS_병목관리/요구사항_2026-09-10/_word_build/analysis_final/page-12.png","102961","2026-09-10T12:54:37.741Z",".png"
"04_기관리서치/공공PMS_병목관리/요구사항_2026-09-10/_word_build/analysis_final/page-13.png","134730","2026-09-10T12:54:37.938Z",".png"
"04_기관리서치/공공PMS_병목관리/요구사항_2026-09-10/_word_build/analysis_final/page-14.png","161312","2026-09-10T12:54:37.796Z",".png"
"04_기관리서치/공공PMS_병목관리/요구사항_2026-09-10/_word_build/analysis_final/page-15.png","166465","2026-09-10T12:54:37.997Z",".png"
"04_기관리서치/공공PMS_병목관리/요구사항_2026-09-10/_word_build/analysis_final/page-16.png","193674","2026-09-10T12:54:37.841Z",".png"
"04_기관리서치/공공PMS_병목관리/요구사항_2026-09-10/_word_build/analysis_final/page-17.png","109892","2026-09-10T12:54:37.988Z",".png"
"04_기관리서치/공공PMS_병목관리/요구사항_2026-09-10/_word_build/analysis_final/page-2.png","170556","2026-09-10T12:54:37.937Z",".png"
"04_기관리서치/공공PMS_병목관리/요구사항_2026-09-10/_word_build/analysis_final/page-3.png","182547","2026-09-10T12:54:38.121Z",".png"
"04_기관리서치/공공PMS_병목관리/요구사항_2026-09-10/_word_build/analysis_final/page-4.png","177245","2026-09-10T12:54:37.775Z",".png"
"04_기관리서치/공공PMS_병목관리/요구사항_2026-09-10/_word_build/analysis_final/page-5.png","164238","2026-09-10T12:54:37.997Z",".png"
"04_기관리서치/공공PMS_병목관리/요구사항_2026-09-10/_word_build/analysis_final/page-6.png","172100","2026-09-10T12:54:37.760Z",".png"
"04_기관리서치/공공PMS_병목관리/요구사항_2026-09-10/_word_build/analysis_final/page-7.png","158157","2026-09-10T12:54:37.967Z",".png"
"04_기관리서치/공공PMS_병목관리/요구사항_2026-09-10/_word_build/analysis_final/page-8.png","203417","2026-09-10T12:54:37.835Z",".png"
"04_기관리서치/공공PMS_병목관리/요구사항_2026-09-10/_word_build/analysis_final/page-9.png","179428","2026-09-10T12:54:38.040Z",".png"
"04_기관리서치/공공PMS_병목관리/요구사항_2026-09-10/_word_build/analysis_final/page_text_inventory.json","8045","2026-09-10T12:54:38.790Z",".json"
"04_기관리서치/공공PMS_병목관리/요구사항_2026-09-10/_word_build/analysis_final/word_export.pdf","576149","2026-09-10T12:51:56.411Z",".pdf"
"04_기관리서치/공공PMS_병목관리/요구사항_2026-09-10/_word_build/specification_final/page-1.png","84167","2026-09-10T12:54:38.335Z",".png"
"04_기관리서치/공공PMS_병목관리/요구사항_2026-09-10/_word_build/specification_final/page-10.png","186357","2026-09-10T12:54:40.259Z",".png"
"04_기관리서치/공공PMS_병목관리/요구사항_2026-09-10/_word_build/specification_final/page-11.png","182761","2026-09-10T12:54:38.410Z",".png"
"04_기관리서치/공공PMS_병목관리/요구사항_2026-09-10/_word_build/specification_final/page-12.png","160981","2026-09-10T12:54:38.612Z",".png"
"04_기관리서치/공공PMS_병목관리/요구사항_2026-09-10/_word_build/specification_final/page-13.png","172238","2026-09-10T12:54:38.839Z",".png"
"04_기관리서치/공공PMS_병목관리/요구사항_2026-09-10/_word_build/specification_final/page-14.png","86338","2026-09-10T12:54:38.976Z",".png"
"04_기관리서치/공공PMS_병목관리/요구사항_2026-09-10/_word_build/specification_final/page-15.png","154513","2026-09-10T12:54:39.174Z",".png"
"04_기관리서치/공공PMS_병목관리/요구사항_2026-09-10/_word_build/specification_final/page-16.png","121862","2026-09-10T12:54:39.349Z",".png"
"04_기관리서치/공공PMS_병목관리/요구사항_2026-09-10/_word_build/specification_final/page-17.png","122366","2026-09-10T12:54:39.518Z",".png"
"04_기관리서치/공공PMS_병목관리/요구사항_2026-09-10/_word_build/specification_final/page-18.png","126025","2026-09-10T12:54:39.707Z",".png"
"04_기관리서치/공공PMS_병목관리/요구사항_2026-09-10/_word_build/specification_final/page-19.png","128897","2026-09-10T12:54:39.889Z",".png"
"04_기관리서치/공공PMS_병목관리/요구사항_2026-09-10/_word_build/specification_final/page-2.png","159393","2026-09-10T12:54:38.532Z",".png"
"04_기관리서치/공공PMS_병목관리/요구사항_2026-09-10/_word_build/specification_final/page-20.png","126179","2026-09-10T12:54:38.408Z",".png"
"04_기관리서치/공공PMS_병목관리/요구사항_2026-09-10/_word_build/specification_final/page-21.png","138762","2026-09-10T12:54:38.594Z",".png"
"04_기관리서치/공공PMS_병목관리/요구사항_2026-09-10/_word_build/specification_final/page-22.png","128972","2026-09-10T12:54:38.774Z",".png"
"04_기관리서치/공공PMS_병목관리/요구사항_2026-09-10/_word_build/specification_final/page-23.png","125317","2026-09-10T12:54:38.938Z",".png"
"04_기관리서치/공공PMS_병목관리/요구사항_2026-09-10/_word_build/specification_final/page-24.png","127632","2026-09-10T12:54:39.119Z",".png"
"04_기관리서치/공공PMS_병목관리/요구사항_2026-09-10/_word_build/specification_final/page-25.png","127095","2026-09-10T12:54:39.307Z",".png"
"04_기관리서치/공공PMS_병목관리/요구사항_2026-09-10/_word_build/specification_final/page-26.png","123046","2026-09-10T12:54:39.491Z",".png"
"04_기관리서치/공공PMS_병목관리/요구사항_2026-09-10/_word_build/specification_final/page-27.png","132384","2026-09-10T12:54:39.667Z",".png"
"04_기관리서치/공공PMS_병목관리/요구사항_2026-09-10/_word_build/specification_final/page-28.png","129345","2026-09-10T12:54:39.862Z",".png"
"04_기관리서치/공공PMS_병목관리/요구사항_2026-09-10/_word_build/specification_final/page-29.png","129266","2026-09-10T12:54:38.385Z",".png"
"04_기관리서치/공공PMS_병목관리/요구사항_2026-09-10/_word_build/specification_final/page-3.png","159669","2026-09-10T12:54:38.745Z",".png"
"04_기관리서치/공공PMS_병목관리/요구사항_2026-09-10/_word_build/specification_final/page-30.png","134443","2026-09-10T12:54:38.556Z",".png"
"04_기관리서치/공공PMS_병목관리/요구사항_2026-09-10/_word_build/specification_final/page-31.png","130527","2026-09-10T12:54:38.735Z",".png"
"04_기관리서치/공공PMS_병목관리/요구사항_2026-09-10/_word_build/specification_final/page-32.png","133064","2026-09-10T12:54:38.936Z",".png"
"04_기관리서치/공공PMS_병목관리/요구사항_2026-09-10/_word_build/specification_final/page-33.png","128418","2026-09-10T12:54:39.117Z",".png"
"04_기관리서치/공공PMS_병목관리/요구사항_2026-09-10/_word_build/specification_final/page-34.png","134243","2026-09-10T12:54:39.302Z",".png"
"04_기관리서치/공공PMS_병목관리/요구사항_2026-09-10/_word_build/specification_final/page-35.png","131460","2026-09-10T12:54:39.489Z",".png"
"04_기관리서치/공공PMS_병목관리/요구사항_2026-09-10/_word_build/specification_final/page-36.png","129850","2026-09-10T12:54:39.674Z",".png"
"04_기관리서치/공공PMS_병목관리/요구사항_2026-09-10/_word_build/specification_final/page-37.png","129232","2026-09-10T12:54:39.868Z",".png"
"04_기관리서치/공공PMS_병목관리/요구사항_2026-09-10/_word_build/specification_final/page-38.png","128923","2026-09-10T12:54:38.416Z",".png"
"04_기관리서치/공공PMS_병목관리/요구사항_2026-09-10/_word_build/specification_final/page-39.png","134818","2026-09-10T12:54:38.590Z",".png"
"04_기관리서치/공공PMS_병목관리/요구사항_2026-09-10/_word_build/specification_final/page-4.png","167511","2026-09-10T12:54:38.972Z",".png"
"04_기관리서치/공공PMS_병목관리/요구사항_2026-09-10/_word_build/specification_final/page-40.png","132512","2026-09-10T12:54:38.766Z",".png"
"04_기관리서치/공공PMS_병목관리/요구사항_2026-09-10/_word_build/specification_final/page-41.png","125778","2026-09-10T12:54:38.952Z",".png"
"04_기관리서치/공공PMS_병목관리/요구사항_2026-09-10/_word_build/specification_final/page-42.png","129392","2026-09-10T12:54:39.147Z",".png"
"04_기관리서치/공공PMS_병목관리/요구사항_2026-09-10/_word_build/specification_final/page-43.png","128925","2026-09-10T12:54:39.324Z",".png"
"04_기관리서치/공공PMS_병목관리/요구사항_2026-09-10/_word_build/specification_final/page-44.png","128277","2026-09-10T12:54:39.502Z",".png"
"04_기관리서치/공공PMS_병목관리/요구사항_2026-09-10/_word_build/specification_final/page-45.png","123429","2026-09-10T12:54:39.684Z",".png"
"04_기관리서치/공공PMS_병목관리/요구사항_2026-09-10/_word_build/specification_final/page-46.png","125987","2026-09-10T12:54:39.878Z",".png"
"04_기관리서치/공공PMS_병목관리/요구사항_2026-09-10/_word_build/specification_final/page-47.png","121571","2026-09-10T12:54:38.404Z",".png"
"04_기관리서치/공공PMS_병목관리/요구사항_2026-09-10/_word_build/specification_final/page-48.png","126296","2026-09-10T12:54:38.574Z",".png"
"04_기관리서치/공공PMS_병목관리/요구사항_2026-09-10/_word_build/specification_final/page-49.png","133260","2026-09-10T12:54:38.747Z",".png"
"04_기관리서치/공공PMS_병목관리/요구사항_2026-09-10/_word_build/specification_final/page-5.png","140278","2026-09-10T12:54:39.179Z",".png"
"04_기관리서치/공공PMS_병목관리/요구사항_2026-09-10/_word_build/specification_final/page-50.png","125305","2026-09-10T12:54:38.923Z",".png"
"04_기관리서치/공공PMS_병목관리/요구사항_2026-09-10/_word_build/specification_final/page-51.png","133395","2026-09-10T12:54:39.122Z",".png"
"04_기관리서치/공공PMS_병목관리/요구사항_2026-09-10/_word_build/specification_final/page-52.png","130692","2026-09-10T12:54:39.307Z",".png"
"04_기관리서치/공공PMS_병목관리/요구사항_2026-09-10/_word_build/specification_final/page-53.png","142125","2026-09-10T12:54:39.498Z",".png"
"04_기관리서치/공공PMS_병목관리/요구사항_2026-09-10/_word_build/specification_final/page-54.png","136552","2026-09-10T12:54:39.689Z",".png"
"04_기관리서치/공공PMS_병목관리/요구사항_2026-09-10/_word_build/specification_final/page-55.png","135066","2026-09-10T12:54:39.886Z",".png"
"04_기관리서치/공공PMS_병목관리/요구사항_2026-09-10/_word_build/specification_final/page-56.png","138869","2026-09-10T12:54:38.547Z",".png"
"04_기관리서치/공공PMS_병목관리/요구사항_2026-09-10/_word_build/specification_final/page-57.png","151686","2026-09-10T12:54:38.745Z",".png"
"04_기관리서치/공공PMS_병목관리/요구사항_2026-09-10/_word_build/specification_final/page-58.png","140056","2026-09-10T12:54:38.941Z",".png"
"04_기관리서치/공공PMS_병목관리/요구사항_2026-09-10/_word_build/specification_final/page-59.png","138496","2026-09-10T12:54:39.133Z",".png"
"04_기관리서치/공공PMS_병목관리/요구사항_2026-09-10/_word_build/specification_final/page-6.png","181625","2026-09-10T12:54:39.394Z",".png"
"04_기관리서치/공공PMS_병목관리/요구사항_2026-09-10/_word_build/specification_final/page-60.png","134153","2026-09-10T12:54:39.326Z",".png"
"04_기관리서치/공공PMS_병목관리/요구사항_2026-09-10/_word_build/specification_final/page-61.png","132399","2026-09-10T12:54:39.503Z",".png"
"04_기관리서치/공공PMS_병목관리/요구사항_2026-09-10/_word_build/specification_final/page-62.png","129461","2026-09-10T12:54:39.682Z",".png"
"04_기관리서치/공공PMS_병목관리/요구사항_2026-09-10/_word_build/specification_final/page-63.png","132701","2026-09-10T12:54:39.868Z",".png"
"04_기관리서치/공공PMS_병목관리/요구사항_2026-09-10/_word_build/specification_final/page-64.png","133068","2026-09-10T12:54:40.025Z",".png"
"04_기관리서치/공공PMS_병목관리/요구사항_2026-09-10/_word_build/specification_final/page-65.png","134067","2026-09-10T12:54:38.433Z",".png"
"04_기관리서치/공공PMS_병목관리/요구사항_2026-09-10/_word_build/specification_final/page-66.png","140678","2026-09-10T12:54:38.615Z",".png"
"04_기관리서치/공공PMS_병목관리/요구사항_2026-09-10/_word_build/specification_final/page-67.png","137922","2026-09-10T12:54:38.807Z",".png"
"04_기관리서치/공공PMS_병목관리/요구사항_2026-09-10/_word_build/specification_final/page-68.png","132071","2026-09-10T12:54:38.980Z",".png"
"04_기관리서치/공공PMS_병목관리/요구사항_2026-09-10/_word_build/specification_final/page-69.png","132131","2026-09-10T12:54:39.174Z",".png"
"04_기관리서치/공공PMS_병목관리/요구사항_2026-09-10/_word_build/specification_final/page-7.png","182063","2026-09-10T12:54:39.634Z",".png"
"04_기관리서치/공공PMS_병목관리/요구사항_2026-09-10/_word_build/specification_final/page-70.png","135311","2026-09-10T12:54:39.351Z",".png"
"04_기관리서치/공공PMS_병목관리/요구사항_2026-09-10/_word_build/specification_final/page-71.png","143273","2026-09-10T12:54:39.545Z",".png"
"04_기관리서치/공공PMS_병목관리/요구사항_2026-09-10/_word_build/specification_final/page-72.png","141042","2026-09-10T12:54:39.757Z",".png"
"04_기관리서치/공공PMS_병목관리/요구사항_2026-09-10/_word_build/specification_final/page-73.png","75267","2026-09-10T12:54:39.878Z",".png"
"04_기관리서치/공공PMS_병목관리/요구사항_2026-09-10/_word_build/specification_final/page-74.png","75200","2026-09-10T12:50:38.061Z",".png"
"04_기관리서치/공공PMS_병목관리/요구사항_2026-09-10/_word_build/specification_final/page-8.png","221732","2026-09-10T12:54:39.903Z",".png"
"04_기관리서치/공공PMS_병목관리/요구사항_2026-09-10/_word_build/specification_final/page-9.png","182408","2026-09-10T12:54:40.091Z",".png"
"04_기관리서치/공공PMS_병목관리/요구사항_2026-09-10/_word_build/specification_final/page_text_inventory.json","32294","2026-09-10T12:54:42.592Z",".json"
"04_기관리서치/공공PMS_병목관리/요구사항_2026-09-10/_word_build/specification_final/word_export.pdf","1217887","2026-09-10T12:54:10.418Z",".pdf"
"04_기관리서치/공공PMS_병목관리/요구사항_2026-09-10/_word_build/analysis_page_hashes.json","1402","2026-09-10T12:51:39.348Z",".json"
"04_기관리서치/공공PMS_병목관리/요구사항_2026-09-10/_word_build/build_documents.py","11221","2026-09-10T12:49:08.841Z",".py"
"04_기관리서치/공공PMS_병목관리/요구사항_2026-09-10/_word_build/build_manifest.json","511","2026-09-10T12:49:10.605Z",".json"
"04_기관리서치/공공PMS_병목관리/요구사항_2026-09-10/_word_build/content_verification.json","1141","2026-09-10T12:54:42.592Z",".json"
"04_기관리서치/공공PMS_병목관리/요구사항_2026-09-10/_word_build/export_specification.ps1","2450","2026-09-10T12:53:43.441Z",".ps1"
"04_기관리서치/공공PMS_병목관리/요구사항_2026-09-10/_word_build/export_word.ps1","2334","2026-09-10T12:49:08.841Z",".ps1"
"04_기관리서치/공공PMS_병목관리/요구사항_2026-09-10/_word_build/render_word_pages.py","1320","2026-09-10T12:47:57.472Z",".py"
"04_기관리서치/공공PMS_병목관리/요구사항_2026-09-10/_word_build/verify_documents.py","4024","2026-09-10T12:50:25.291Z",".py"
"04_기관리서치/공공PMS_병목관리/요구사항_2026-09-10/_word_build/word_render_manifest.json","1073","2026-09-10T12:54:10.690Z",".json"
"04_기관리서치/공공PMS_병목관리/요구사항_2026-09-10/_word_build/Word_문서검토_결과.md","2871","2026-09-10T12:59:06.194Z",".md"
"04_기관리서치/공공PMS_병목관리/요구사항_2026-09-10/Public_AI_PMS_요구사항_명세서_v0.1.docx","109224","2026-09-10T12:53:55.046Z",".docx"
"04_기관리서치/공공PMS_병목관리/요구사항_2026-09-10/Public_AI_PMS_요구사항_분석서_v0.1.docx","59265","2026-09-10T12:51:48.868Z",".docx"
"04_기관리서치/공공PMS_병목관리/요구사항_2026-09-10/문서검토_결과.md","7315","2026-09-10T12:26:03.223Z",".md"
"04_기관리서치/공공PMS_병목관리/요구사항_2026-09-10/요구사항_명세서.md","119621","2026-09-10T12:23:47.183Z",".md"
"04_기관리서치/공공PMS_병목관리/요구사항_2026-09-10/요구사항_분석서.md","33028","2026-09-10T12:18:29.980Z",".md"
"04_기관리서치/공공PMS_병목관리/요구사항_2026-09-10/요구사항_원장.json","189426","2026-09-10T12:23:47.190Z",".json"
"04_기관리서치/공공PMS_병목관리/요구사항_2026-09-10/요구사항_추적표.md","36442","2026-09-10T12:23:47.183Z",".md"
"04_기관리서치/공공PMS_병목관리/이력/2026-09-09_구조화추가_이전/검증_조사.py","3770","2026-09-09T10:57:58.548Z",".py"
"04_기관리서치/공공PMS_병목관리/이력/2026-09-09_구조화추가_이전/검증결과.json","1653","2026-09-09T10:57:59.460Z",".json"
"04_기관리서치/공공PMS_병목관리/이력/2026-09-09_구조화추가_이전/검증결과.md","4011","2026-09-09T10:57:58.548Z",".md"
"04_기관리서치/공공PMS_병목관리/이력/2026-09-09_구조화추가_이전/공공PMS_병목관리_조사보고서_2026-09-09.md","33032","2026-09-09T10:57:58.543Z",".md"
"04_기관리서치/공공PMS_병목관리/이력/2026-09-09_구조화추가_이전/보존목록.json","930","2026-09-09T12:17:16.831Z",".json"
"04_기관리서치/공공PMS_병목관리/이력/2026-09-09_구조화추가_이전/출처목록.md","11880","2026-09-09T10:55:19.421Z",".md"
"04_기관리서치/공공PMS_병목관리/이력/2026-09-09_구조화추가_이전/출처원장.json","13590","2026-09-09T10:48:53.631Z",".json"
"04_기관리서치/공공PMS_병목관리/이력/2026-09-09_구조화추가_이전/후속조사_대기열.md","4700","2026-09-09T10:54:53.125Z",".md"
"04_기관리서치/공공PMS_병목관리/서비스모델_NOA_2026-09-11/_work/build_report.py","46227","2026-09-11T08:15:32.059Z",".py"
"04_기관리서치/공공PMS_병목관리/서비스모델_NOA_2026-09-11/_work/export_report.ps1","1790","2026-09-11T08:14:05.495Z",".ps1"
"04_기관리서치/공공PMS_병목관리/서비스모델_NOA_2026-09-11/_work/render_report.py","1035","2026-09-11T08:14:05.513Z",".py"
"04_기관리서치/공공PMS_병목관리/서비스모델_NOA_2026-09-11/_work/qa_final/word_export.pdf","377924","2026-09-11T08:15:43.897Z",".pdf"
"04_기관리서치/공공PMS_병목관리/서비스모델_NOA_2026-09-11/_work/qa_final/page-5.png","202136","2026-09-11T08:15:56.616Z",".png"
"04_기관리서치/공공PMS_병목관리/서비스모델_NOA_2026-09-11/_work/qa_final/page-13.png","219147","2026-09-11T08:15:56.670Z",".png"
"04_기관리서치/공공PMS_병목관리/서비스모델_NOA_2026-09-11/_work/qa_final/page-1.png","208539","2026-09-11T08:15:56.565Z",".png"
"04_기관리서치/공공PMS_병목관리/서비스모델_NOA_2026-09-11/_work/qa_final/page-9.png","206869","2026-09-11T08:15:56.639Z",".png"
"04_기관리서치/공공PMS_병목관리/서비스모델_NOA_2026-09-11/_work/qa_final/page-19.png","23566","2026-09-11T08:14:44.890Z",".png"
"04_기관리서치/공공PMS_병목관리/서비스모델_NOA_2026-09-11/_work/qa_final/page-16.png","153758","2026-09-11T08:14:45.067Z",".png"
"04_기관리서치/공공PMS_병목관리/서비스모델_NOA_2026-09-11/_work/qa_final/page-25.png","32780","2026-09-11T08:14:44.929Z",".png"
"04_기관리서치/공공PMS_병목관리/서비스모델_NOA_2026-09-11/_work/qa_final/page-6.png","197393","2026-09-11T08:15:56.865Z",".png"
"04_기관리서치/공공PMS_병목관리/서비스모델_NOA_2026-09-11/_work/qa_final/page-22.png","182371","2026-09-11T08:14:45.117Z",".png"
"04_기관리서치/공공PMS_병목관리/서비스모델_NOA_2026-09-11/_work/qa_final/page-14.png","249359","2026-09-11T08:15:56.720Z",".png"
"04_기관리서치/공공PMS_병목관리/서비스모델_NOA_2026-09-11/_work/qa_final/page-10.png","204503","2026-09-11T08:15:56.909Z",".png"
"04_기관리서치/공공PMS_병목관리/서비스모델_NOA_2026-09-11/_work/qa_final/page-20.png","189889","2026-09-11T08:14:45.205Z",".png"
"04_기관리서치/공공PMS_병목관리/서비스모델_NOA_2026-09-11/_work/qa_final/page-26.png","205715","2026-09-11T08:14:45.216Z",".png"
"04_기관리서치/공공PMS_병목관리/서비스모델_NOA_2026-09-11/_work/qa_final/page-2.png","199346","2026-09-11T08:15:56.809Z",".png"
"04_기관리서치/공공PMS_병목관리/서비스모델_NOA_2026-09-11/_work/qa_final/page-17.png","63520","2026-09-11T08:14:45.234Z",".png"
"04_기관리서치/공공PMS_병목관리/서비스모델_NOA_2026-09-11/_work/qa_final/page-7.png","191600","2026-09-11T08:15:56.619Z",".png"
"04_기관리서치/공공PMS_병목관리/서비스모델_NOA_2026-09-11/_work/qa_final/page-15.png","32662","2026-09-11T08:14:45.234Z",".png"
"04_기관리서치/공공PMS_병목관리/서비스모델_NOA_2026-09-11/_work/qa_final/page-23.png","27507","2026-09-11T08:14:45.258Z",".png"
"04_기관리서치/공공PMS_병목관리/서비스모델_NOA_2026-09-11/_work/qa_final/page-11.png","206147","2026-09-11T08:15:56.638Z",".png"
"04_기관리서치/공공PMS_병목관리/서비스모델_NOA_2026-09-11/_work/qa_final/page-3.png","205316","2026-09-11T08:15:56.581Z",".png"
"04_기관리서치/공공PMS_병목관리/서비스모델_NOA_2026-09-11/_work/qa_final/page-21.png","24359","2026-09-11T08:14:45.296Z",".png"
"04_기관리서치/공공PMS_병목관리/서비스모델_NOA_2026-09-11/_work/qa_final/page-27.png","52400","2026-09-11T08:14:45.338Z",".png"
"04_기관리서치/공공PMS_병목관리/서비스모델_NOA_2026-09-11/_work/qa_final/page-8.png","195045","2026-09-11T08:15:56.873Z",".png"
"04_기관리서치/공공PMS_병목관리/서비스모델_NOA_2026-09-11/_work/qa_final/page-18.png","188379","2026-09-11T08:14:45.516Z",".png"
"04_기관리서치/공공PMS_병목관리/서비스모델_NOA_2026-09-11/_work/qa_final/page-12.png","200436","2026-09-11T08:15:56.882Z",".png"
"04_기관리서치/공공PMS_병목관리/서비스모델_NOA_2026-09-11/_work/qa_final/page-24.png","195792","2026-09-11T08:14:45.525Z",".png"
"04_기관리서치/공공PMS_병목관리/서비스모델_NOA_2026-09-11/_work/qa_final/page-4.png","208286","2026-09-11T08:15:56.841Z",".png"
"04_기관리서치/공공PMS_병목관리/서비스모델_NOA_2026-09-11/_work/qa_final/heading11_zoom.png","25382","2026-09-11T08:17:26.235Z",".png"
"04_기관리서치/공공PMS_병목관리/서비스모델_NOA_2026-09-11/_work/word_render_manifest.json","563","2026-09-11T08:15:44.041Z",".json"
"04_기관리서치/공공PMS_병목관리/서비스모델_NOA_2026-09-11/_work/verify_and_register.py","5190","2026-09-11T08:18:48.572Z",".py"
"04_기관리서치/공공PMS_병목관리/서비스모델_NOA_2026-09-11/NOA_기반_공공PMS_서비스모델_검토서_v0.1.docx","54728","2026-09-11T08:15:32.849Z",".docx"
"04_기관리서치/공공PMS_병목관리/서비스모델_NOA_2026-09-11/NOA_기반_공공PMS_서비스모델_검토서_v0.1.md","38362","2026-09-11T08:15:32.863Z",".md"
"04_기관리서치/공공PMS_병목관리/서비스모델_NOA_2026-09-11/출처원장.json","3565","2026-09-11T08:15:32.879Z",".json"
"04_기관리서치/공공PMS_병목관리/서비스모델_NOA_2026-09-11/README.md","1348","2026-09-11T08:37:08.352Z",".md"
"04_기관리서치/공공PMS_병목관리/서비스모델_NOA_2026-09-11/검증결과.json","1097","2026-09-11T08:18:50.294Z",".json"
"04_기관리서치/공공PMS_병목관리/서비스모델_NOA_2026-09-11/검증결과.md","501","2026-09-11T08:18:50.306Z",".md"
"04_기관리서치/공공PMS_병목관리/NOA_적합성검토_2026-09-11/_work/근거/매뉴얼_텍스트.txt","22745","2026-09-11T08:26:07.638Z",".txt"
"04_기관리서치/공공PMS_병목관리/NOA_적합성검토_2026-09-11/_work/근거/manual-2.png","114831","2026-09-11T08:26:08.173Z",".png"
"04_기관리서치/공공PMS_병목관리/NOA_적합성검토_2026-09-11/_work/근거/manual-6.png","163594","2026-09-11T08:26:08.632Z",".png"
"04_기관리서치/공공PMS_병목관리/NOA_적합성검토_2026-09-11/_work/근거/manual-8.png","152877","2026-09-11T08:26:08.971Z",".png"
"04_기관리서치/공공PMS_병목관리/NOA_적합성검토_2026-09-11/_work/근거/manual-15.png","100942","2026-09-11T08:26:09.198Z",".png"
"04_기관리서치/공공PMS_병목관리/NOA_적합성검토_2026-09-11/_work/근거/manual-20.png","192513","2026-09-11T08:26:09.391Z",".png"
"04_기관리서치/공공PMS_병목관리/NOA_적합성검토_2026-09-11/_work/근거/manual-21.png","176206","2026-09-11T08:26:09.573Z",".png"
"04_기관리서치/공공PMS_병목관리/NOA_적합성검토_2026-09-11/_work/근거/원본가이드_텍스트.txt","26183","2026-09-11T08:26:31.111Z",".txt"
"04_기관리서치/공공PMS_병목관리/NOA_적합성검토_2026-09-11/_work/근거/원본가이드_검토정보.json","230","2026-09-11T08:26:31.128Z",".json"
"04_기관리서치/공공PMS_병목관리/NOA_적합성검토_2026-09-11/_work/근거/original-1.png","25186","2026-09-11T08:26:31.523Z",".png"
"04_기관리서치/공공PMS_병목관리/NOA_적합성검토_2026-09-11/_work/근거/original-5.png","112073","2026-09-11T08:26:31.694Z",".png"
"04_기관리서치/공공PMS_병목관리/NOA_적합성검토_2026-09-11/_work/근거/original-9.png","112570","2026-09-11T08:26:31.849Z",".png"
"04_기관리서치/공공PMS_병목관리/NOA_적합성검토_2026-09-11/_work/근거/original-10.png","129175","2026-09-11T08:26:31.995Z",".png"
"04_기관리서치/공공PMS_병목관리/NOA_적합성검토_2026-09-11/_work/근거/original-11.png","120757","2026-09-11T08:26:32.305Z",".png"
"04_기관리서치/공공PMS_병목관리/NOA_적합성검토_2026-09-11/_work/근거/original-12.png","149257","2026-09-11T08:26:32.463Z",".png"
"04_기관리서치/공공PMS_병목관리/NOA_적합성검토_2026-09-11/_work/근거/original-13.png","129782","2026-09-11T08:26:32.590Z",".png"
"04_기관리서치/공공PMS_병목관리/NOA_적합성검토_2026-09-11/_work/근거/original-16.png","111490","2026-09-11T08:26:32.795Z",".png"
"04_기관리서치/공공PMS_병목관리/NOA_적합성검토_2026-09-11/_work/근거/original-17.png","126011","2026-09-11T08:26:32.967Z",".png"
"04_기관리서치/공공PMS_병목관리/NOA_적합성검토_2026-09-11/_work/근거/original-18.png","120773","2026-09-11T08:26:33.266Z",".png"
"04_기관리서치/공공PMS_병목관리/NOA_적합성검토_2026-09-11/_work/근거/original-19.png","38359","2026-09-11T08:26:33.376Z",".png"
"04_기관리서치/공공PMS_병목관리/NOA_적합성검토_2026-09-11/_work/build_fit.py","32538","2026-09-11T08:35:07.992Z",".py"
"04_기관리서치/공공PMS_병목관리/NOA_적합성검토_2026-09-11/_work/export_report.ps1","1828","2026-09-11T08:33:18.714Z",".ps1"
"04_기관리서치/공공PMS_병목관리/NOA_적합성검토_2026-09-11/_work/render_report.py","1050","2026-09-11T08:33:18.756Z",".py"
"04_기관리서치/공공PMS_병목관리/NOA_적합성검토_2026-09-11/_work/qa_final/word_export.pdf","288664","2026-09-11T08:35:44.148Z",".pdf"
"04_기관리서치/공공PMS_병목관리/NOA_적합성검토_2026-09-11/_work/qa_final/page-1.png","190850","2026-09-11T08:37:05.768Z",".png"
"04_기관리서치/공공PMS_병목관리/NOA_적합성검토_2026-09-11/_work/qa_final/page-5.png","190682","2026-09-11T08:37:05.813Z",".png"
"04_기관리서치/공공PMS_병목관리/NOA_적합성검토_2026-09-11/_work/qa_final/page-3.png","215028","2026-09-11T08:37:05.799Z",".png"
"04_기관리서치/공공PMS_병목관리/NOA_적합성검토_2026-09-11/_work/qa_final/page-11.png","195792","2026-09-11T08:37:05.839Z",".png"
"04_기관리서치/공공PMS_병목관리/NOA_적합성검토_2026-09-11/_work/qa_final/page-7.png","185954","2026-09-11T08:37:19.048Z",".png"
"04_기관리서치/공공PMS_병목관리/NOA_적합성검토_2026-09-11/_work/qa_final/page-8.png","184515","2026-09-11T08:37:05.829Z",".png"
"04_기관리서치/공공PMS_병목관리/NOA_적합성검토_2026-09-11/_work/qa_final/page-9.png","186833","2026-09-11T08:37:05.830Z",".png"
"04_기관리서치/공공PMS_병목관리/NOA_적합성검토_2026-09-11/_work/qa_final/page-10.png","188153","2026-09-11T08:37:05.867Z",".png"
"04_기관리서치/공공PMS_병목관리/NOA_적합성검토_2026-09-11/_work/qa_final/page-2.png","182956","2026-09-11T08:37:05.984Z",".png"
"04_기관리서치/공공PMS_병목관리/NOA_적합성검토_2026-09-11/_work/qa_final/page-6.png","187636","2026-09-11T08:37:06.027Z",".png"
"04_기관리서치/공공PMS_병목관리/NOA_적합성검토_2026-09-11/_work/qa_final/page-4.png","201949","2026-09-11T08:37:06.029Z",".png"
"04_기관리서치/공공PMS_병목관리/NOA_적합성검토_2026-09-11/_work/word_render_manifest.json","565","2026-09-11T08:35:44.351Z",".json"
"04_기관리서치/공공PMS_병목관리/NOA_적합성검토_2026-09-11/_work/reviewed_page_hashes.json","904","2026-09-11T08:35:28.337Z",".json"
"04_기관리서치/공공PMS_병목관리/NOA_적합성검토_2026-09-11/_work/verify_register.py","5656","2026-09-11T08:36:47.347Z",".py"
"04_기관리서치/공공PMS_병목관리/NOA_적합성검토_2026-09-11/NOA_공공PMS_재사용범위와_적합성검토_v0.1.docx","49678","2026-09-11T08:35:28.931Z",".docx"
"04_기관리서치/공공PMS_병목관리/NOA_적합성검토_2026-09-11/NOA_공공PMS_재사용범위와_적합성검토_v0.1.md","28633","2026-09-11T08:35:28.993Z",".md"
"04_기관리서치/공공PMS_병목관리/NOA_적합성검토_2026-09-11/기능_재사용_추적원장.json","7082","2026-09-11T08:35:29.010Z",".json"
"04_기관리서치/공공PMS_병목관리/NOA_적합성검토_2026-09-11/출처원장.json","2232","2026-09-11T08:35:29.032Z",".json"
"04_기관리서치/공공PMS_병목관리/NOA_적합성검토_2026-09-11/README.md","746","2026-09-11T08:35:29.056Z",".md"
"04_기관리서치/공공PMS_병목관리/NOA_적합성검토_2026-09-11/검증결과.json","1143","2026-09-11T08:37:08.207Z",".json"
"04_기관리서치/공공PMS_병목관리/NOA_적합성검토_2026-09-11/검증결과.md","359","2026-09-11T08:37:08.226Z",".md"
"04_기관리서치/관계도/ALIO_기관별_근거.json","706797","2026-09-09T04:00:11.766Z",".json"
"04_기관리서치/관계도/ALIO_법령후보_매핑.json","21562","2026-09-09T04:04:23.299Z",".json"
"04_기관리서치/관계도/CLEANEYE_기관별_근거.json","2091354","2026-09-09T04:10:18.602Z",".json"
"04_기관리서치/관계도/CLEANEYE_자치법규후보_매핑.json","76698","2026-09-09T04:14:40.557Z",".json"
"04_기관리서치/관계도/QA_다크.png","174664","2026-09-09T06:41:50.946Z",".png"
"04_기관리서치/관계도/QA_데스크톱.png","271046","2026-09-09T06:41:50.460Z",".png"
"04_기관리서치/관계도/QA_모바일.png","175504","2026-09-09T06:41:50.810Z",".png"
"04_기관리서치/관계도/TS_검토관계.json","8826","2026-09-09T04:49:01.966Z",".json"
"04_기관리서치/관계도/TS_조문검토표.md","7617","2026-09-09T05:00:37.154Z",".md"
"04_기관리서치/관계도/검증_뷰어.cjs","4376","2026-09-09T04:42:21.175Z",".cjs"
"04_기관리서치/관계도/검증결과.json","1313","2026-09-09T04:49:01.968Z",".json"
"04_기관리서치/관계도/관계도_화면_원본.html","25903","2026-09-09T06:39:59.360Z",".html"
"04_기관리서치/관계도/구성_관계도.py","25164","2026-09-09T04:48:46.261Z",".py"
"04_기관리서치/관계도/기관법령_관계도.html","6752960","2026-09-09T06:40:00.323Z",".html"
"04_기관리서치/관계도/기관법령_관계원장.json","8465675","2026-09-09T04:49:01.898Z",".json"
"04_기관리서치/관계도/기관별_미확인대장.json","953506","2026-09-09T04:49:01.934Z",".json"
"04_기관리서치/관계도/기준명단_공시대조.json","391197","2026-09-09T04:49:01.965Z",".json"
"04_기관리서치/관계도/문서_검증결과.json","381","2026-09-09T05:01:30.509Z",".json"
"04_기관리서치/관계도/미지정기관_기준목록.json","50432","2026-09-09T04:19:20.276Z",".json"
"04_기관리서치/관계도/법령_본문원장.json","31124674","2026-09-09T04:19:41.261Z",".json"
"04_기관리서치/관계도/법령_수집대상.json","200349","2026-09-09T04:04:23.296Z",".json"
"04_기관리서치/관계도/보완_자료.py","3936","2026-09-09T04:19:19.219Z",".py"
"04_기관리서치/관계도/뷰어_검증결과.json","960","2026-09-09T06:41:50.947Z",".json"
"04_기관리서치/관계도/생성_뷰어.py","489","2026-09-09T04:33:40.862Z",".py"
"04_기관리서치/관계도/수집_ALIO.py","3287","2026-09-09T03:59:05.901Z",".py"
"04_기관리서치/관계도/수집_CLEANEYE.py","2741","2026-09-09T04:08:43.083Z",".py"
"04_기관리서치/관계도/수집_도구.py","2164","2026-09-09T03:49:14.766Z",".py"
"04_기관리서치/관계도/수집_법령.py","3300","2026-09-09T04:42:21.173Z",".py"
"04_기관리서치/관계도/수집_자치법규.py","3122","2026-09-09T04:14:39.381Z",".py"
"04_기관리서치/관계도/원천자료_매니페스트.json","980400","2026-09-09T05:00:37.111Z",".json"
"04_기관리서치/관계도/자치법규_본문원장.json","4624552","2026-09-09T04:17:45.621Z",".json"
"04_기관리서치/관계도/자치법규_수집대상.json","327562","2026-09-09T04:14:40.552Z",".json"
"04_기관리서치/관계도/정리_근거목록.py","3757","2026-09-09T05:00:35.228Z",".py"
"04_기관리서치/관계도/조사결과_및_검증범위.md","19666","2026-09-09T05:01:27.984Z",".md"
"04_기관리서치/관계도/준비_법령목록.py","4902","2026-09-09T04:04:21.728Z",".py"
"04_기관리서치/관계도/준비_자치법규.py","1852","2026-09-09T04:14:39.381Z",".py"
"04_기관리서치/관계도/출처목록.json","965639","2026-09-09T05:00:37.139Z",".json"
"04_기관리서치/관계도/취득실패_및_제명검토.json","207732","2026-09-09T04:49:01.968Z",".json"
"04_기관리서치/관계도/후속조사_대기열.md","6981","2026-09-14T00:20:20.434Z",".md"
"04_기관리서치/관계도/__pycache__/수집_법령.cpython-312.pyc","7262","2026-09-09T04:19:20.284Z",".pyc"
"04_기관리서치/관계도/원천자료/법령/152098_20140619_본문.html","42825","2026-09-09T04:07:49.690Z",".html"
"04_기관리서치/관계도/원천자료/법령/155646_20140619_본문.html","19692","2026-09-09T04:07:49.819Z",".html"
"04_기관리서치/관계도/원천자료/법령/169529_20150327_본문.html","48436","2026-09-09T04:06:16.516Z",".html"
"04_기관리서치/관계도/원천자료/법령/180465_20160127_본문.html","25010","2026-09-09T04:05:57.627Z",".html"
"04_기관리서치/관계도/원천자료/법령/193436_20171019_본문.html","46330","2026-09-09T04:06:56.619Z",".html"
"04_기관리서치/관계도/원천자료/법령/198271_20180101_본문.html","86715","2026-09-09T04:05:27.066Z",".html"
"04_기관리서치/관계도/원천자료/법령/198574_20181101_본문.html","52729","2026-09-09T04:06:03.006Z",".html"
"04_기관리서치/관계도/원천자료/법령/199494_20171212_본문.html","66275","2026-09-09T04:06:51.172Z",".html"
"04_기관리서치/관계도/원천자료/법령/202640_20180914_본문.html","61348","2026-09-09T04:06:34.530Z",".html"
"04_기관리서치/관계도/원천자료/법령/204775_20190117_본문.html","97595","2026-09-09T04:19:21.483Z",".html"
"04_기관리서치/관계도/원천자료/법령/206378_20190701_본문.html","42538","2026-09-09T04:05:40.510Z",".html"
"04_기관리서치/관계도/원천자료/법령/210189_20191121_본문.html","47570","2026-09-09T04:07:08.810Z",".html"
"04_기관리서치/관계도/원천자료/법령/214501_20210219_본문.html","59471","2026-09-09T04:05:31.560Z",".html"
"04_기관리서치/관계도/원천자료/법령/215965_20210325_본문.html","161616","2026-09-09T04:05:49.418Z",".html"
"04_기관리서치/관계도/원천자료/법령/216179_20201001_본문.html","86594","2026-09-09T04:05:53.074Z",".html"
"04_기관리서치/관계도/원천자료/법령/224253_20210101_본문.html","52787","2026-09-09T04:06:51.062Z",".html"
"04_기관리서치/관계도/원천자료/법령/225163_20210701_본문.html","45081","2026-09-09T04:07:03.470Z",".html"
"04_기관리서치/관계도/원천자료/법령/228601_20220113_본문.html","110087","2026-09-09T04:19:22.842Z",".html"
"04_기관리서치/관계도/원천자료/법령/230371_20210323_본문.html","56587","2026-09-09T04:06:21.693Z",".html"
"04_기관리서치/관계도/원천자료/법령/230419_20210323_본문.html","60453","2026-09-09T04:05:52.656Z",".html"
"04_기관리서치/관계도/원천자료/법령/231603_20211021_본문.html","46678","2026-09-09T04:06:58.637Z",".html"
"04_기관리서치/관계도/원천자료/법령/231609_20211021_본문.html","99399","2026-09-09T04:06:30.057Z",".html"
"04_기관리서치/관계도/원천자료/법령/232867_20211216_본문.html","47815","2026-09-09T04:07:15.138Z",".html"
"04_기관리서치/관계도/원천자료/법령/234267_20220128_본문.html","63501","2026-09-09T04:05:38.183Z",".html"
"04_기관리서치/관계도/원천자료/법령/234693_20220218_본문.html","154488","2026-09-09T04:06:43.436Z",".html"
"04_기관리서치/관계도/원천자료/법령/235545_20220325_본문.html","92603","2026-09-09T04:06:04.215Z",".html"
"04_기관리서치/관계도/원천자료/법령/237425_20211207_본문.html","169897","2026-09-09T04:08:21.376Z",".html"
"04_기관리서치/관계도/원천자료/법령/239375_20230112_본문.html","109302","2026-09-09T04:05:34.945Z",".html"
"04_기관리서치/관계도/원천자료/법령/240041_20220203_본문.html","54813","2026-09-09T04:05:57.274Z",".html"
"04_기관리서치/관계도/원천자료/법령/241925_20221027_본문.html","59791","2026-09-09T04:19:22.455Z",".html"
"04_기관리서치/관계도/원천자료/법령/242929_20220911_본문.html","208679","2026-09-09T04:06:45.477Z",".html"
"04_기관리서치/관계도/원천자료/법령/243067_20220610_본문.html","44162","2026-09-09T04:07:08.848Z",".html"
"04_기관리서치/관계도/원천자료/법령/246835_20230628_본문.html","292425","2026-09-09T04:07:07.779Z",".html"
"04_기관리서치/관계도/원천자료/법령/247245_20230704_본문.html","361440","2026-09-09T04:05:51.933Z",".html"
"04_기관리서치/관계도/원천자료/법령/248501_20230605_본문.html","47699","2026-09-09T04:06:57.258Z",".html"
"04_기관리서치/관계도/원천자료/법령/248505_20230605_본문.html","59309","2026-09-09T04:05:44.467Z",".html"
"04_기관리서치/관계도/원천자료/법령/248551_20230605_본문.html","124423","2026-09-09T04:05:24.105Z",".html"
"04_기관리서치/관계도/원천자료/법령/249365_20230328_본문.html","85795","2026-09-09T04:07:48.799Z",".html"
"04_기관리서치/관계도/원천자료/법령/251923_20240101_본문.html","60647","2026-09-09T04:06:55.372Z",".html"
"04_기관리서치/관계도/원천자료/법령/252827_20240726_본문.html","37735","2026-09-09T04:06:31.333Z",".html"
"04_기관리서치/관계도/원천자료/법령/253609_20230808_본문.html","44814","2026-09-09T04:05:56.772Z",".html"
"04_기관리서치/관계도/원천자료/법령/253951_20230816_본문.html","53579","2026-09-09T04:05:37.498Z",".html"
"04_기관리서치/관계도/원천자료/법령/254099_20240817_본문.html","262142","2026-09-09T04:07:58.376Z",".html"
"04_기관리서치/관계도/원천자료/법령/254857_20230914_본문.html","71298","2026-09-09T04:06:25.329Z",".html"
"04_기관리서치/관계도/원천자료/법령/255405_20240425_본문.html","62133","2026-09-09T04:07:18.726Z",".html"
"04_기관리서치/관계도/원천자료/법령/257279_20231226_본문.html","121279","2026-09-09T04:06:07.216Z",".html"
"04_기관리서치/관계도/원천자료/법령/257313_20240118_본문.html","139124","2026-09-09T04:06:31.256Z",".html"
"04_기관리서치/관계도/원천자료/법령/258057_20240710_본문.html","76622","2026-09-09T04:07:19.595Z",".html"
"04_기관리서치/관계도/원천자료/법령/258475_20240710_본문.html","121061","2026-09-09T04:06:57.621Z",".html"
"04_기관리서치/관계도/원천자료/법령/258623_20240111_본문.html","38255","2026-09-09T04:07:46.833Z",".html"
"04_기관리서치/관계도/원천자료/법령/259233_20240123_본문.html","111215","2026-09-09T04:06:14.212Z",".html"
"04_기관리서치/관계도/원천자료/법령/259439_20240731_본문.html","163194","2026-09-09T04:06:39.178Z",".html"
"04_기관리서치/관계도/원천자료/법령/259475_20250131_본문.html","317133","2026-09-09T04:06:09.633Z",".html"
"04_기관리서치/관계도/원천자료/법령/259489_20240731_본문.html","39502","2026-09-09T04:05:36.698Z",".html"
"04_기관리서치/관계도/원천자료/법령/259617_20240206_본문.html","74234","2026-09-09T04:06:20.198Z",".html"
"04_기관리서치/관계도/원천자료/법령/259851_20240807_본문.html","61976","2026-09-09T04:07:00.794Z",".html"
"04_기관리서치/관계도/원천자료/법령/259927_20250807_본문.html","315720","2026-09-09T04:06:38.082Z",".html"
"04_기관리서치/관계도/원천자료/법령/260001_20240206_본문.html","136081","2026-09-09T04:19:21.756Z",".html"
"04_기관리서치/관계도/원천자료/법령/260215_20240814_본문.html","91020","2026-09-09T04:05:43.469Z",".html"
"04_기관리서치/관계도/원천자료/법령/260393_20240814_본문.html","58220","2026-09-09T04:05:43.717Z",".html"
"04_기관리서치/관계도/원천자료/법령/260589_20250821_본문.html","196771","2026-09-09T04:07:04.308Z",".html"
"04_기관리서치/관계도/원천자료/법령/260723_20240227_본문.html","36814","2026-09-09T04:07:47.623Z",".html"
"04_기관리서치/관계도/원천자료/법령/260817_20250828_본문.html","182719","2026-09-09T04:08:17.273Z",".html"
"04_기관리서치/관계도/원천자료/법령/261129_20240319_본문.html","201545","2026-09-09T04:07:03.768Z",".html"
"04_기관리서치/관계도/원천자료/법령/261377_20240501_본문.html","178555","2026-09-09T04:08:23.542Z",".html"
"04_기관리서치/관계도/원천자료/법령/262109_20240425_본문.html","210004","2026-09-09T04:08:29.468Z",".html"
"04_기관리서치/관계도/원천자료/법령/263975_20240710_본문.html","40556","2026-09-09T04:08:23.461Z",".html"
"04_기관리서치/관계도/원천자료/법령/265371_20250131_본문.html","224004","2026-09-09T04:05:59.891Z",".html"
"04_기관리서치/관계도/원천자료/법령/265473_20250621_본문.html","230506","2026-09-09T04:06:49.986Z",".html"
"04_기관리서치/관계도/원천자료/법령/265761_20250411_본문.html","118655","2026-09-09T04:08:22.542Z",".html"
"04_기관리서치/관계도/원천자료/법령/265811_20251023_본문.html","362177","2026-09-09T04:06:30.837Z",".html"
"04_기관리서치/관계도/원천자료/법령/265829_20250423_본문.html","140910","2026-09-09T04:06:54.591Z",".html"
"04_기관리서치/관계도/원천자료/법령/265845_20250423_본문.html","224720","2026-09-09T04:06:52.203Z",".html"
"04_기관리서치/관계도/원천자료/법령/265895_20241022_본문.html","113816","2026-09-09T04:06:18.194Z",".html"
"04_기관리서치/관계도/원천자료/법령/265971_20251023_본문.html","72757","2026-09-09T04:07:45.348Z",".html"
"04_기관리서치/관계도/원천자료/법령/265973_20251023_본문.html","86246","2026-09-09T04:06:09.784Z",".html"
"04_기관리서치/관계도/원천자료/법령/266043_20241019_본문.html","99543","2026-09-09T04:08:28.434Z",".html"
"04_기관리서치/관계도/원천자료/법령/266307_20241112_본문.html","127782","2026-09-09T04:08:18.098Z",".html"
"04_기관리서치/관계도/원천자료/법령/266711_20250604_본문.html","219158","2026-09-09T04:07:48.587Z",".html"
"04_기관리서치/관계도/원천자료/법령/266903_20241129_본문.html","361204","2026-09-09T04:07:59.676Z",".html"
"04_기관리서치/관계도/원천자료/법령/267329_20250621_본문.html","268322","2026-09-09T04:06:44.362Z",".html"
"04_기관리서치/관계도/원천자료/법령/267415_20260101_본문.html","71990","2026-09-09T04:06:24.508Z",".html"
"04_기관리서치/관계도/원천자료/법령/267433_20250321_본문.html","56464","2026-09-09T04:07:09.623Z",".html"
"04_기관리서치/관계도/원천자료/법령/268531_20250121_본문.html","76337","2026-09-09T04:05:57.487Z",".html"
"04_기관리서치/관계도/원천자료/법령/268535_20260122_본문.html","190516","2026-09-09T04:06:27.347Z",".html"
"04_기관리서치/관계도/원천자료/법령/268657_20250121_본문.html","339052","2026-09-09T04:07:43.045Z",".html"
"04_기관리서치/관계도/원천자료/법령/268683_20250117_본문.html","159007","2026-09-09T04:08:02.147Z",".html"
"04_기관리서치/관계도/원천자료/법령/268731_20260201_본문.html","540379","2026-09-09T04:08:29.689Z",".html"
"04_기관리서치/관계도/원천자료/법령/268733_20260201_본문.html","52714","2026-09-09T04:06:17.365Z",".html"
"04_기관리서치/관계도/원천자료/법령/268747_20250801_본문.html","89691","2026-09-09T04:05:59.733Z",".html"
"04_기관리서치/관계도/원천자료/법령/268757_20260201_본문.html","242225","2026-09-09T04:08:24.193Z",".html"
"04_기관리서치/관계도/원천자료/법령/268781_20260201_본문.html","136581","2026-09-09T04:08:28.569Z",".html"
"04_기관리서치/관계도/원천자료/법령/268795_20260201_본문.html","144868","2026-09-09T04:06:26.161Z",".html"
"04_기관리서치/관계도/원천자료/법령/268805_20260201_본문.html","233915","2026-09-09T04:06:11.955Z",".html"
"04_기관리서치/관계도/원천자료/법령/268821_20260201_본문.html","85638","2026-09-09T04:06:23.739Z",".html"
"04_기관리서치/관계도/원천자료/법령/268829_20250801_본문.html","67503","2026-09-09T04:06:41.148Z",".html"
"04_기관리서치/관계도/원천자료/법령/268839_20250801_본문.html","175287","2026-09-09T04:08:22.626Z",".html"
"04_기관리서치/관계도/원천자료/법령/268863_20260201_본문.html","284024","2026-09-09T04:05:55.261Z",".html"
"04_기관리서치/관계도/원천자료/법령/268865_20260201_본문.html","132594","2026-09-09T04:07:18.076Z",".html"
"04_기관리서치/관계도/원천자료/법령/270161_20260326_본문.html","65252","2026-09-09T04:06:00.597Z",".html"
"04_기관리서치/관계도/원천자료/법령/270217_20260326_본문.html","117356","2026-09-09T04:06:46.984Z",".html"
"04_기관리서치/관계도/원천자료/법령/270351_20251002_본문.html","568235","2026-09-09T04:07:44.473Z",".html"
"04_기관리서치/관계도/원천자료/법령/270405_20251002_본문.html","369335","2026-09-09T04:06:25.029Z",".html"
"04_기관리서치/관계도/원천자료/법령/270407_20251002_본문.html","106840","2026-09-09T04:07:16.113Z",".html"
"04_기관리서치/관계도/원천자료/법령/270591_20250408_본문.html","115904","2026-09-09T04:06:49.284Z",".html"
"04_기관리서치/관계도/원천자료/법령/270593_20251009_본문.html","221474","2026-09-09T04:06:35.633Z",".html"
"04_기관리서치/관계도/원천자료/법령/270795_20251023_본문.html","285154","2026-09-09T04:06:32.445Z",".html"
"04_기관리서치/관계도/원천자료/법령/270843_20251023_본문.html","193384","2026-09-09T04:06:23.131Z",".html"
"04_기관리서치/관계도/원천자료/법령/271239_20251128_본문.html","72594","2026-09-09T04:06:51.821Z",".html"
"04_기관리서치/관계도/원천자료/법령/271273_20251128_본문.html","50511","2026-09-09T04:07:14.022Z",".html"
"04_기관리서치/관계도/원천자료/법령/271493_20250602_본문.html","288734","2026-09-09T04:08:27.730Z",".html"
"04_기관리서치/관계도/원천자료/법령/272861_20260123_본문.html","517985","2026-09-09T04:05:24.375Z",".html"
"04_기관리서치/관계도/원천자료/법령/272915_20260723_본문.html","413873","2026-09-09T04:05:50.921Z",".html"
"04_기관리서치/관계도/원천자료/법령/272919_20260723_본문.html","2128079","2026-09-09T04:06:03.084Z",".html"
"04_기관리서치/관계도/원천자료/법령/273393_20250826_본문.html","85217","2026-09-09T04:05:55.683Z",".html"
"04_기관리서치/관계도/원천자료/법령/273399_20260227_본문.html","428238","2026-09-09T04:08:13.491Z",".html"
"04_기관리서치/관계도/원천자료/법령/276049_20260102_본문.html","2141168","2026-09-09T04:07:22.352Z",".html"
"04_기관리서치/관계도/원천자료/법령/276057_20260102_본문.html","294908","2026-09-09T04:07:52.046Z",".html"
"04_기관리서치/관계도/원천자료/법령/276153_20260102_본문.html","236142","2026-09-09T04:19:24.036Z",".html"
"04_기관리서치/관계도/원천자료/법령/276155_20260102_본문.html","45772","2026-09-09T04:06:59.521Z",".html"
"04_기관리서치/관계도/원천자료/법령/276157_20260102_본문.html","69311","2026-09-09T04:06:13.345Z",".html"
"04_기관리서치/관계도/원천자료/법령/276159_20260102_본문.html","112767","2026-09-09T04:06:15.496Z",".html"
"04_기관리서치/관계도/원천자료/법령/276167_20260102_본문.html","129460","2026-09-09T04:19:25.851Z",".html"
"04_기관리서치/관계도/원천자료/법령/276169_20260102_본문.html","109280","2026-09-09T04:19:26.440Z",".html"
"04_기관리서치/관계도/원천자료/법령/276177_20251001_본문.html","86702","2026-09-09T04:05:39.477Z",".html"
"04_기관리서치/관계도/원천자료/법령/276179_20251001_본문.html","66090","2026-09-09T04:05:39.568Z",".html"
"04_기관리서치/관계도/원천자료/법령/276203_20260102_본문.html","246617","2026-09-09T04:06:33.730Z",".html"
"04_기관리서치/관계도/원천자료/법령/276209_20251001_본문.html","114715","2026-09-09T04:19:24.547Z",".html"
"04_기관리서치/관계도/원천자료/법령/276221_20251001_본문.html","112451","2026-09-09T04:19:24.951Z",".html"
"04_기관리서치/관계도/원천자료/법령/276239_20260102_본문.html","129957","2026-09-09T04:19:25.633Z",".html"
"04_기관리서치/관계도/원천자료/법령/276245_20260102_본문.html","674584","2026-09-09T04:06:00.821Z",".html"
"04_기관리서치/관계도/원천자료/법령/276251_20251001_본문.html","122894","2026-09-09T04:19:24.513Z",".html"
"04_기관리서치/관계도/원천자료/법령/276253_20251001_본문.html","67905","2026-09-09T04:06:25.561Z",".html"
"04_기관리서치/관계도/원천자료/법령/276289_20260102_본문.html","74064","2026-09-09T04:06:24.163Z",".html"
"04_기관리서치/관계도/원천자료/법령/276355_20260102_본문.html","142066","2026-09-09T04:07:53.320Z",".html"
"04_기관리서치/관계도/원천자료/법령/276373_20260102_본문.html","70054","2026-09-09T04:05:37.115Z",".html"
"04_기관리서치/관계도/원천자료/법령/276403_20251001_본문.html","158115","2026-09-09T04:05:54.255Z",".html"
"04_기관리서치/관계도/원천자료/법령/276491_20260102_본문.html","301280","2026-09-09T04:06:23.395Z",".html"
"04_기관리서치/관계도/원천자료/법령/276493_20251001_본문.html","63802","2026-09-09T04:05:34.041Z",".html"
"04_기관리서치/관계도/원천자료/법령/276495_20260102_본문.html","52041","2026-09-09T04:05:35.106Z",".html"
"04_기관리서치/관계도/원천자료/법령/276501_20260102_본문.html","195430","2026-09-09T04:06:08.254Z",".html"
"04_기관리서치/관계도/원천자료/법령/276509_20251001_본문.html","123306","2026-09-09T04:06:22.583Z",".html"
"04_기관리서치/관계도/원천자료/법령/276523_20251001_본문.html","90809","2026-09-09T04:05:58.586Z",".html"
"04_기관리서치/관계도/원천자료/법령/276559_20260528_본문.html","307724","2026-09-09T04:05:41.878Z",".html"
"04_기관리서치/관계도/원천자료/법령/276607_20251001_본문.html","182379","2026-09-09T04:06:36.829Z",".html"
"04_기관리서치/관계도/원천자료/법령/276629_20251001_본문.html","70403","2026-09-09T04:06:06.181Z",".html"
"04_기관리서치/관계도/원천자료/법령/276631_20260102_본문.html","67434","2026-09-09T04:19:25.652Z",".html"
"04_기관리서치/관계도/원천자료/법령/276633_20260102_본문.html","68855","2026-09-09T04:06:13.015Z",".html"
"04_기관리서치/관계도/원천자료/법령/276651_20260102_본문.html","607524","2026-09-09T04:05:26.129Z",".html"
"04_기관리서치/관계도/원천자료/법령/276653_20251001_본문.html","327661","2026-09-09T04:06:46.383Z",".html"
"04_기관리서치/관계도/원천자료/법령/276659_20260102_본문.html","107349","2026-09-09T04:05:35.637Z",".html"
"04_기관리서치/관계도/원천자료/법령/276687_20251001_본문.html","172743","2026-09-09T04:06:50.854Z",".html"
"04_기관리서치/관계도/원천자료/법령/276689_20260102_본문.html","54942","2026-09-09T04:06:02.681Z",".html"
"04_기관리서치/관계도/원천자료/법령/276693_20251001_본문.html","366984","2026-09-09T04:06:58.327Z",".html"
"04_기관리서치/관계도/원천자료/법령/276701_20260102_본문.html","72318","2026-09-09T04:06:49.624Z",".html"
"04_기관리서치/관계도/원천자료/법령/276745_20251001_본문.html","89777","2026-09-09T04:06:56.328Z",".html"
"04_기관리서치/관계도/원천자료/법령/276753_20251001_본문.html","315013","2026-09-09T04:08:16.287Z",".html"
"04_기관리서치/관계도/원천자료/법령/276755_20260102_본문.html","82421","2026-09-09T04:05:40.430Z",".html"
"04_기관리서치/관계도/원천자료/법령/276757_20251001_본문.html","592929","2026-09-09T04:06:41.193Z",".html"
"04_기관리서치/관계도/원천자료/법령/276809_20260102_본문.html","257422","2026-09-09T04:06:08.132Z",".html"
"04_기관리서치/관계도/원천자료/법령/276811_20260102_본문.html","112367","2026-09-09T04:06:29.061Z",".html"
"04_기관리서치/관계도/원천자료/법령/276813_20260102_본문.html","67301","2026-09-09T04:06:26.668Z",".html"
"04_기관리서치/관계도/원천자료/법령/276839_20260102_본문.html","275600","2026-09-09T04:07:01.838Z",".html"
"04_기관리서치/관계도/원천자료/법령/276847_20260102_본문.html","181069","2026-09-09T04:06:18.178Z",".html"
"04_기관리서치/관계도/원천자료/법령/276869_20251023_본문.html","111312","2026-09-09T04:06:44.225Z",".html"
"04_기관리서치/관계도/원천자료/법령/276909_20260102_본문.html","363156","2026-09-09T04:06:35.640Z",".html"
"04_기관리서치/관계도/원천자료/법령/276957_20260102_본문.html","57343","2026-09-09T04:06:09.032Z",".html"
"04_기관리서치/관계도/원천자료/법령/276989_20260102_본문.html","86791","2026-09-09T04:08:27.507Z",".html"
"04_기관리서치/관계도/원천자료/법령/276993_20251001_본문.html","349377","2026-09-09T04:08:19.161Z",".html"
"04_기관리서치/관계도/원천자료/법령/277003_20260102_본문.html","594895","2026-09-09T04:07:06.760Z",".html"
"04_기관리서치/관계도/원천자료/법령/277017_20251001_본문.html","310396","2026-09-09T04:07:20.015Z",".html"
"04_기관리서치/관계도/원천자료/법령/277031_20260102_본문.html","223625","2026-09-09T04:07:00.252Z",".html"
"04_기관리서치/관계도/원천자료/법령/277043_20260102_본문.html","44047","2026-09-09T04:05:36.117Z",".html"
"04_기관리서치/관계도/원천자료/법령/277045_20260102_본문.html","110872","2026-09-09T04:05:58.651Z",".html"
"04_기관리서치/관계도/원천자료/법령/277047_20260102_본문.html","55010","2026-09-09T04:05:54.620Z",".html"
"04_기관리서치/관계도/원천자료/법령/277049_20260102_본문.html","81289","2026-09-09T04:05:51.588Z",".html"
"04_기관리서치/관계도/원천자료/법령/277053_20260102_본문.html","236130","2026-09-09T04:07:06.548Z",".html"
"04_기관리서치/관계도/원천자료/법령/277085_20260102_본문.html","69405","2026-09-09T04:06:16.600Z",".html"
"04_기관리서치/관계도/원천자료/법령/277089_20260102_본문.html","234838","2026-09-09T04:05:38.532Z",".html"
"04_기관리서치/관계도/원천자료/법령/277099_20260102_본문.html","214380","2026-09-09T04:06:41.615Z",".html"
"04_기관리서치/관계도/원천자료/법령/277111_20260102_본문.html","214809","2026-09-09T04:05:30.316Z",".html"
"04_기관리서치/관계도/원천자료/법령/277137_20260102_본문.html","307902","2026-09-09T04:05:26.233Z",".html"
"04_기관리서치/관계도/원천자료/법령/277149_20251001_본문.html","753489","2026-09-09T04:06:42.977Z",".html"
"04_기관리서치/관계도/원천자료/법령/277163_20251001_본문.html","127298","2026-09-09T04:07:20.934Z",".html"
"04_기관리서치/관계도/원천자료/법령/277179_20251001_본문.html","290369","2026-09-09T04:07:02.595Z",".html"
"04_기관리서치/관계도/원천자료/법령/277197_20251001_본문.html","352144","2026-09-09T04:06:21.443Z",".html"
"04_기관리서치/관계도/원천자료/법령/277203_20260102_본문.html","89673","2026-09-09T04:06:19.298Z",".html"
"04_기관리서치/관계도/원천자료/법령/277227_20260102_본문.html","148059","2026-09-09T04:06:01.623Z",".html"
"04_기관리서치/관계도/원천자료/법령/277233_20260102_본문.html","308274","2026-09-09T04:06:07.427Z",".html"
"04_기관리서치/관계도/원천자료/법령/277249_20260102_본문.html","381958","2026-09-09T04:07:44.370Z",".html"
"04_기관리서치/관계도/원천자료/법령/277261_20260102_본문.html","241574","2026-09-09T04:07:00.566Z",".html"
"04_기관리서치/관계도/원천자료/법령/277263_20260102_본문.html","208649","2026-09-09T04:05:41.528Z",".html"
"04_기관리서치/관계도/원천자료/법령/277269_20260102_본문.html","374568","2026-09-09T04:05:42.699Z",".html"
"04_기관리서치/관계도/원천자료/법령/277271_20251210_본문.html","161268","2026-09-09T04:06:05.577Z",".html"
"04_기관리서치/관계도/원천자료/법령/277273_20260102_본문.html","260456","2026-09-09T04:06:10.323Z",".html"
"04_기관리서치/관계도/원천자료/법령/277275_20260102_본문.html","328596","2026-09-09T04:06:14.270Z",".html"
"04_기관리서치/관계도/원천자료/법령/277287_20260102_본문.html","163815","2026-09-09T04:05:25.938Z",".html"
"04_기관리서치/관계도/원천자료/법령/277293_20260102_본문.html","58555","2026-09-09T04:19:23.269Z",".html"
"04_기관리서치/관계도/원천자료/법령/277349_20251001_본문.html","159570","2026-09-09T04:06:33.353Z",".html"
"04_기관리서치/관계도/원천자료/법령/277981_20251001_본문.html","181756","2026-09-09T04:08:21.659Z",".html"
"04_기관리서치/관계도/원천자료/법령/278467_20251001_본문.html","90216","2026-09-09T04:05:48.278Z",".html"
"04_기관리서치/관계도/원천자료/법령/278729_20251001_본문.html","31995","2026-09-09T04:08:31.250Z",".html"
"04_기관리서치/관계도/원천자료/법령/279045_20251001_본문.html","78354","2026-09-09T04:07:10.717Z",".html"
"04_기관리서치/관계도/원천자료/법령/279469_20251031_본문.html","363413","2026-09-09T04:08:30.377Z",".html"
"04_기관리서치/관계도/원천자료/법령/279615_20260512_본문.html","281033","2026-09-09T04:06:32.226Z",".html"
"04_기관리서치/관계도/원천자료/법령/279623_20260212_본문.html","390546","2026-09-09T04:05:38.622Z",".html"
"04_기관리서치/관계도/원천자료/법령/279649_20260512_본문.html","462385","2026-09-09T04:05:42.528Z",".html"
"04_기관리서치/관계도/원천자료/법령/279667_20251111_본문.html","152015","2026-09-09T04:05:42.858Z",".html"
"04_기관리서치/관계도/원천자료/법령/279695_20260512_본문.html","131248","2026-09-09T04:07:13.038Z",".html"
"04_기관리서치/관계도/원천자료/법령/279703_20260212_본문.html","159627","2026-09-09T04:06:42.566Z",".html"
"04_기관리서치/관계도/원천자료/법령/279725_20260621_본문.html","1132987","2026-09-09T04:06:48.750Z",".html"
"04_기관리서치/관계도/원천자료/법령/279737_20260512_본문.html","356744","2026-09-09T04:06:10.828Z",".html"
"04_기관리서치/관계도/원천자료/법령/279743_20260212_본문.html","82192","2026-09-09T04:06:05.039Z",".html"
"04_기관리서치/관계도/원천자료/법령/279745_20260212_본문.html","114184","2026-09-09T04:06:06.212Z",".html"
"04_기관리서치/관계도/원천자료/법령/279753_20260112_본문.html","111101","2026-09-09T04:07:47.901Z",".html"
"04_기관리서치/관계도/원천자료/법령/279767_20260512_본문.html","61999","2026-09-09T04:05:27.032Z",".html"
"04_기관리서치/관계도/원천자료/법령/279773_20260101_본문.html","114845","2026-09-09T04:06:53.073Z",".html"
"04_기관리서치/관계도/원천자료/법령/280041_20260603_본문.html","333046","2026-09-09T04:05:39.496Z",".html"
"04_기관리서치/관계도/원천자료/법령/280045_20260603_본문.html","158417","2026-09-09T04:06:27.796Z",".html"
"04_기관리서치/관계도/원천자료/법령/280047_20260603_본문.html","197334","2026-09-09T04:08:30.912Z",".html"
"04_기관리서치/관계도/원천자료/법령/280055_20260603_본문.html","147291","2026-09-09T04:07:05.305Z",".html"
"04_기관리서치/관계도/원천자료/법령/280129_20260303_본문.html","617105","2026-09-09T04:08:08.317Z",".html"
"04_기관리서치/관계도/원천자료/법령/280131_20260603_본문.html","428681","2026-09-09T04:08:12.216Z",".html"
"04_기관리서치/관계도/원천자료/법령/280145_20260603_본문.html","111821","2026-09-09T04:06:55.838Z",".html"
"04_기관리서치/관계도/원천자료/법령/280151_20251202_본문.html","174713","2026-09-09T04:05:44.093Z",".html"
"04_기관리서치/관계도/원천자료/법령/280269_20260617_본문.html","644243","2026-09-09T04:05:29.264Z",".html"
"04_기관리서치/관계도/원천자료/법령/280981_20260102_본문.html","140761","2026-09-09T04:06:54.803Z",".html"
"04_기관리서치/관계도/원천자료/법령/281255_20260102_본문.html","357821","2026-09-09T04:07:58.419Z",".html"
"04_기관리서치/관계도/원천자료/법령/281299_20260102_본문.html","99872","2026-09-09T04:07:57.280Z",".html"
"04_기관리서치/관계도/원천자료/법령/281649_20260102_본문.html","661479","2026-09-09T04:08:29.840Z",".html"
"04_기관리서치/관계도/원천자료/법령/281663_20260102_본문.html","127533","2026-09-09T04:08:27.626Z",".html"
"04_기관리서치/관계도/원천자료/법령/281867_20260701_본문.html","350095","2026-09-09T04:06:21.813Z",".html"
"04_기관리서치/관계도/원천자료/법령/281879_20260701_본문.html","265070","2026-09-09T04:06:39.016Z",".html"
"04_기관리서치/관계도/원천자료/법령/281897_20260331_본문.html","168718","2026-09-09T04:05:25.119Z",".html"
"04_기관리서치/관계도/원천자료/법령/281913_20260331_본문.html","63332","2026-09-09T04:07:11.983Z",".html"
"04_기관리서치/관계도/원천자료/법령/281931_20260331_본문.html","161855","2026-09-09T04:05:28.024Z",".html"
"04_기관리서치/관계도/원천자료/법령/281933_20260701_본문.html","535384","2026-09-09T04:06:47.876Z",".html"
"04_기관리서치/관계도/원천자료/법령/281941_20260701_본문.html","573018","2026-09-09T04:06:11.703Z",".html"
"04_기관리서치/관계도/원천자료/법령/281945_20260701_본문.html","1010736","2026-09-09T04:08:10.423Z",".html"
"04_기관리서치/관계도/원천자료/법령/281959_20260701_본문.html","169290","2026-09-09T04:06:40.384Z",".html"
"04_기관리서치/관계도/원천자료/법령/281965_20260701_본문.html","192792","2026-09-09T04:06:15.451Z",".html"
"04_기관리서치/관계도/원천자료/법령/281983_20260701_본문.html","363489","2026-09-09T04:06:01.921Z",".html"
"04_기관리서치/관계도/원천자료/법령/281985_20260701_본문.html","227837","2026-09-09T04:06:52.179Z",".html"
"04_기관리서치/관계도/원천자료/법령/281987_20260701_본문.html","240731","2026-09-09T04:05:50.438Z",".html"
"04_기관리서치/관계도/원천자료/법령/281989_20260701_본문.html","147052","2026-09-09T04:06:50.443Z",".html"
"04_기관리서치/관계도/원천자료/법령/281995_20260701_본문.html","296332","2026-09-09T04:06:37.859Z",".html"
"04_기관리서치/관계도/원천자료/법령/282123_20260630_본문.html","1034148","2026-09-09T04:08:05.971Z",".html"
"04_기관리서치/관계도/원천자료/법령/282207_20251230_본문.html","574112","2026-09-09T04:08:13.294Z",".html"
"04_기관리서치/관계도/원천자료/법령/282481_20260707_본문.html","672718","2026-09-09T04:06:28.781Z",".html"
"04_기관리서치/관계도/원천자료/법령/282791_20260721_본문.html","148773","2026-09-09T04:07:56.149Z",".html"
"04_기관리서치/관계도/원천자료/법령/282895_20260201_본문.html","235677","2026-09-09T04:08:24.529Z",".html"
"04_기관리서치/관계도/원천자료/법령/283221_20260201_본문.html","173830","2026-09-09T04:08:25.110Z",".html"
"04_기관리서치/관계도/원천자료/법령/283297_20260811_본문.html","425195","2026-09-09T04:07:03.076Z",".html"
"04_기관리서치/관계도/원천자료/법령/283335_20260811_본문.html","606665","2026-09-09T04:06:26.732Z",".html"
"04_기관리서치/관계도/원천자료/법령/283353_20260820_본문.html","557632","2026-09-09T04:05:33.047Z",".html"
"04_기관리서치/관계도/원천자료/법령/283359_20260820_본문.html","89416","2026-09-09T04:05:24.762Z",".html"
"04_기관리서치/관계도/원천자료/법령/283379_20260219_본문.html","155071","2026-09-09T04:07:41.785Z",".html"
"04_기관리서치/관계도/원천자료/법령/283413_20260820_본문.html","170560","2026-09-09T04:07:56.147Z",".html"
"04_기관리서치/관계도/원천자료/법령/283417_20260820_본문.html","71168","2026-09-09T04:05:23.959Z",".html"
"04_기관리서치/관계도/원천자료/법령/283459_20260701_본문.html","563148","2026-09-09T04:05:30.463Z",".html"
"04_기관리서치/관계도/원천자료/법령/283495_20260820_본문.html","157690","2026-09-09T04:06:03.884Z",".html"
"04_기관리서치/관계도/원천자료/법령/283545_20260219_본문.html","57848","2026-09-09T04:07:47.020Z",".html"
"04_기관리서치/관계도/원천자료/법령/283615_20260227_본문.html","359786","2026-09-09T04:08:13.405Z",".html"
"04_기관리서치/관계도/원천자료/법령/283701_20260828_본문.html","359661","2026-09-09T04:07:54.542Z",".html"
"04_기관리서치/관계도/원천자료/법령/283729_20260227_본문.html","650535","2026-09-09T04:08:14.490Z",".html"
"04_기관리서치/관계도/원천자료/법령/283735_20260828_본문.html","104248","2026-09-09T04:19:21.756Z",".html"
"04_기관리서치/관계도/원천자료/법령/283737_20260828_본문.html","128449","2026-09-09T04:07:55.369Z",".html"
"04_기관리서치/관계도/원천자료/법령/283743_20260828_본문.html","364879","2026-09-09T04:08:06.746Z",".html"
"04_기관리서치/관계도/원천자료/법령/283747_20260828_본문.html","694261","2026-09-09T04:06:39.718Z",".html"
"04_기관리서치/관계도/원천자료/법령/283753_20260828_본문.html","97506","2026-09-09T04:06:34.029Z",".html"
"04_기관리서치/관계도/원천자료/법령/283763_20260828_본문.html","400445","2026-09-09T04:08:25.240Z",".html"
"04_기관리서치/관계도/원천자료/법령/283919_20260310_본문.html","378417","2026-09-09T04:05:53.585Z",".html"
"04_기관리서치/관계도/원천자료/법령/283933_20260310_본문.html","406006","2026-09-09T04:06:06.910Z",".html"
"04_기관리서치/관계도/원천자료/법령/283981_20260310_본문.html","577439","2026-09-09T04:06:13.274Z",".html"
"04_기관리서치/관계도/원천자료/법령/283985_20260310_본문.html","302715","2026-09-09T04:06:14.708Z",".html"
"04_기관리서치/관계도/원천자료/법령/283989_20260310_본문.html","151274","2026-09-09T04:05:47.137Z",".html"
"04_기관리서치/관계도/원천자료/법령/284005_20260701_본문.html","502257","2026-09-09T04:07:55.130Z",".html"
"04_기관리서치/관계도/원천자료/법령/284023_20260312_본문.html","376468","2026-09-09T04:07:50.898Z",".html"
"04_기관리서치/관계도/원천자료/법령/284079_20260701_본문.html","183864","2026-09-09T04:06:20.309Z",".html"
"04_기관리서치/관계도/원천자료/법령/284085_20260701_본문.html","1017470","2026-09-09T04:06:05.022Z",".html"
"04_기관리서치/관계도/원천자료/법령/284087_20260701_본문.html","396120","2026-09-09T04:06:19.418Z",".html"
"04_기관리서치/관계도/원천자료/법령/284099_20260701_본문.html","415731","2026-09-09T04:05:49.218Z",".html"
"04_기관리서치/관계도/원천자료/법령/284107_20260701_본문.html","93278","2026-09-09T04:19:22.836Z",".html"
"04_기관리서치/관계도/원천자료/법령/284133_20260701_본문.html","319774","2026-09-09T04:07:12.723Z",".html"
"04_기관리서치/관계도/원천자료/법령/284151_20260312_본문.html","219237","2026-09-09T04:07:51.020Z",".html"
"04_기관리서치/관계도/원천자료/법령/284163_20260618_본문.html","194954","2026-09-09T04:08:26.498Z",".html"
"04_기관리서치/관계도/원천자료/법령/284415_20260317_본문.html","1557665","2026-09-09T04:05:31.433Z",".html"
"04_기관리서치/관계도/원천자료/법령/284533_20260312_본문.html","277018","2026-09-09T04:08:19.010Z",".html"
"04_기관리서치/관계도/원천자료/법령/284659_20260324_본문.html","295168","2026-09-09T04:08:25.416Z",".html"
"04_기관리서치/관계도/원천자료/법령/284745_20260324_본문.html","334237","2026-09-09T04:08:20.286Z",".html"
"04_기관리서치/관계도/원천자료/법령/284785_20260324_본문.html","155801","2026-09-09T04:08:16.192Z",".html"
"04_기관리서치/관계도/원천자료/법령/284881_20260324_본문.html","393156","2026-09-09T04:08:08.958Z",".html"
"04_기관리서치/관계도/원천자료/법령/285023_20260324_본문.html","1336393","2026-09-09T04:08:26.511Z",".html"
"04_기관리서치/관계도/원천자료/법령/285103_20260324_본문.html","1534648","2026-09-09T04:08:09.589Z",".html"
"04_기관리서치/관계도/원천자료/법령/285141_20260701_본문.html","103908","2026-09-09T04:07:34.916Z",".html"
"04_기관리서치/관계도/원천자료/법령/285157_20260331_본문.html","255287","2026-09-09T04:07:05.224Z",".html"
"04_기관리서치/관계도/원천자료/법령/285191_20260701_본문.html","281676","2026-09-09T04:05:56.397Z",".html"
"04_기관리서치/관계도/원천자료/법령/285203_20260331_본문.html","63578","2026-09-09T04:10:17.334Z",".html"
"04_기관리서치/관계도/원천자료/법령/285217_20260331_본문.html","395073","2026-09-09T04:07:53.385Z",".html"
"04_기관리서치/관계도/원천자료/법령/285321_20260708_본문.html","97544","2026-09-09T04:07:10.528Z",".html"
"04_기관리서치/관계도/원천자료/법령/285327_20260407_본문.html","730204","2026-09-09T04:07:02.282Z",".html"
"04_기관리서치/관계도/원천자료/법령/285423_20260402_본문.html","355821","2026-09-09T04:08:20.233Z",".html"
"04_기관리서치/관계도/원천자료/법령/285433_20260407_본문.html","1293175","2026-09-09T04:08:03.892Z",".html"
"04_기관리서치/관계도/원천자료/법령/285487_20260421_본문.html","640345","2026-09-09T04:06:59.273Z",".html"
"04_기관리서치/관계도/원천자료/법령/285527_20260722_본문.html","155618","2026-09-09T04:06:08.630Z",".html"
"04_기관리서치/관계도/원천자료/법령/285533_20260421_본문.html","216386","2026-09-09T04:06:52.959Z",".html"
"04_기관리서치/관계도/원천자료/법령/285643_20260729_본문.html","336657","2026-09-09T04:06:27.843Z",".html"
"04_기관리서치/관계도/원천자료/법령/285655_20260517_본문.html","122968","2026-09-09T04:06:00.688Z",".html"
"04_기관리서치/관계도/원천자료/법령/285697_20260804_본문.html","484157","2026-09-09T04:07:08.037Z",".html"
"04_기관리서치/관계도/원천자료/법령/285711_20260428_본문.html","182431","2026-09-09T04:07:18.738Z",".html"
"04_기관리서치/관계도/원천자료/법령/285761_20260504_본문.html","64245","2026-09-09T04:07:46.049Z",".html"
"04_기관리서치/관계도/원천자료/법령/285763_20260430_본문.html","266200","2026-09-09T04:06:45.486Z",".html"
"04_기관리서치/관계도/원천자료/법령/285883_20260512_본문.html","477224","2026-09-09T04:07:40.633Z",".html"
"04_기관리서치/관계도/원천자료/법령/285951_20260512_본문.html","560496","2026-09-09T04:06:42.552Z",".html"
"04_기관리서치/관계도/원천자료/법령/286057_20260519_본문.html","538209","2026-09-09T04:06:46.044Z",".html"
"04_기관리서치/관계도/원천자료/법령/286107_20260519_본문.html","374648","2026-09-09T04:07:53.228Z",".html"
"04_기관리서치/관계도/원천자료/법령/286119_20260519_본문.html","684040","2026-09-09T04:05:28.304Z",".html"
"04_기관리서치/관계도/원천자료/법령/286167_20260827_본문.html","536875","2026-09-09T04:06:40.320Z",".html"
"04_기관리서치/관계도/원천자료/법령/286173_20260603_본문.html","297763","2026-09-09T04:08:11.822Z",".html"
"04_기관리서치/관계도/원천자료/법령/286217_20260526_본문.html","349825","2026-09-09T04:05:28.115Z",".html"
"04_기관리서치/관계도/원천자료/법령/286309_20260603_본문.html","383687","2026-09-09T04:08:05.385Z",".html"
"04_기관리서치/관계도/원천자료/법령/286329_20260603_본문.html","475065","2026-09-09T04:08:31.152Z",".html"
"04_기관리서치/관계도/원천자료/법령/286391_20260701_본문.html","688581","2026-09-09T04:08:03.859Z",".html"
"04_기관리서치/관계도/원천자료/법령/286393_20260701_본문.html","607930","2026-09-09T04:08:05.978Z",".html"
"04_기관리서치/관계도/원천자료/법령/286445_20260602_본문.html","112747","2026-09-09T04:06:54.022Z",".html"
"04_기관리서치/관계도/원천자료/법령/286479_20260603_본문.html","458797","2026-09-09T04:08:01.007Z",".html"
"04_기관리서치/관계도/원천자료/법령/286523_20260602_본문.html","205602","2026-09-09T04:06:34.297Z",".html"
"04_기관리서치/관계도/원천자료/법령/286599_20260602_본문.html","195896","2026-09-09T04:05:36.139Z",".html"
"04_기관리서치/관계도/원천자료/법령/286615_20260602_본문.html","144803","2026-09-09T04:05:45.831Z",".html"
"04_기관리서치/관계도/원천자료/법령/286627_20260903_본문.html","392029","2026-09-09T04:05:29.082Z",".html"
"04_기관리서치/관계도/원천자료/법령/286629_20260903_본문.html","88018","2026-09-09T04:06:48.768Z",".html"
"04_기관리서치/관계도/원천자료/법령/286695_20260603_본문.html","2963535","2026-09-09T04:08:02.124Z",".html"
"04_기관리서치/관계도/원천자료/법령/286711_20260609_본문.html","41120","2026-09-09T04:07:17.141Z",".html"
"04_기관리서치/관계도/원천자료/법령/286815_20260609_본문.html","83744","2026-09-09T04:06:37.900Z",".html"
"04_기관리서치/관계도/원천자료/법령/286877_20260701_본문.html","341621","2026-09-09T04:07:52.160Z",".html"
"04_기관리서치/관계도/원천자료/법령/286943_20260616_본문.html","374031","2026-09-09T04:06:48.170Z",".html"
"04_기관리서치/관계도/원천자료/법령/286989_20260616_본문.html","1201543","2026-09-09T04:08:00.773Z",".html"
"04_기관리서치/관계도/원천자료/법령/287017_20260618_본문.html","314998","2026-09-09T04:08:26.638Z",".html"
"04_기관리서치/관계도/원천자료/법령/287111_20260701_본문.html","689803","2026-09-09T04:08:15.159Z",".html"
"04_기관리서치/관계도/원천자료/법령/287123_20260701_본문.html","98308","2026-09-09T04:07:49.556Z",".html"
"04_기관리서치/관계도/원천자료/법령/287427_20260622_본문.html","817639","2026-09-09T04:08:17.550Z",".html"
"04_기관리서치/관계도/원천자료/법령/287495_20260709_본문.html","343869","2026-09-09T04:08:10.425Z",".html"
"04_기관리서치/관계도/원천자료/법령/287731_20260701_본문.html","356928","2026-09-09T04:07:43.050Z",".html"
"04_기관리서치/관계도/원천자료/법령/287751_20260630_본문.html","365993","2026-09-09T04:07:25.463Z",".html"
"04_기관리서치/관계도/원천자료/법령/287759_20260701_본문.html","328394","2026-09-09T04:07:31.566Z",".html"
"04_기관리서치/관계도/원천자료/법령/287799_20260707_본문.html","55038","2026-09-09T04:05:37.182Z",".html"
"04_기관리서치/관계도/원천자료/법령/287807_20260707_본문.html","264735","2026-09-09T04:05:33.223Z",".html"
"04_기관리서치/관계도/원천자료/법령/287809_20260707_본문.html","42856","2026-09-09T04:06:54.102Z",".html"
"04_기관리서치/관계도/원천자료/법령/287811_20260707_본문.html","855870","2026-09-09T04:08:15.176Z",".html"
"04_기관리서치/관계도/원천자료/법령/287867_20260701_본문.html","716963","2026-09-09T04:07:30.179Z",".html"
"04_기관리서치/관계도/원천자료/법령/287951_20260701_본문.html","2491070","2026-09-09T04:08:12.040Z",".html"
"04_기관리서치/관계도/원천자료/법령/287997_20260707_본문.html","123888","2026-09-09T04:07:51.878Z",".html"
"04_기관리서치/관계도/원천자료/법령/288007_20260707_본문.html","575842","2026-09-09T04:08:03.791Z",".html"
"04_기관리서치/관계도/원천자료/법령/288153_20260721_본문.html","147041","2026-09-09T04:08:28.612Z",".html"
"04_기관리서치/관계도/원천자료/법령/288171_20260721_본문.html","242853","2026-09-09T04:07:39.322Z",".html"
"04_기관리서치/관계도/원천자료/법령/288199_20260715_본문.html","1934452","2026-09-09T04:08:23.060Z",".html"
"04_기관리서치/관계도/원천자료/법령/288257_20260721_본문.html","228485","2026-09-09T04:07:47.602Z",".html"
"04_기관리서치/관계도/원천자료/법령/288279_20260721_본문.html","330013","2026-09-09T04:07:36.913Z",".html"
"04_기관리서치/관계도/원천자료/법령/288305_20260721_본문.html","527608","2026-09-09T04:07:24.115Z",".html"
"04_기관리서치/관계도/원천자료/법령/288307_20260820_본문.html","405989","2026-09-09T04:07:23.564Z",".html"
"04_기관리서치/관계도/원천자료/법령/288321_20260721_본문.html","475762","2026-09-09T04:07:28.898Z",".html"
"04_기관리서치/관계도/원천자료/법령/288325_20260722_본문.html","396964","2026-09-09T04:07:39.107Z",".html"
"04_기관리서치/관계도/원천자료/법령/288421_20260727_본문.html","536765","2026-09-09T04:08:07.634Z",".html"
"04_기관리서치/관계도/원천자료/법령/288559_20260811_본문.html","440751","2026-09-09T04:08:02.189Z",".html"
"04_기관리서치/관계도/원천자료/법령/288569_20260811_본문.html","522044","2026-09-09T04:07:57.385Z",".html"
"04_기관리서치/관계도/원천자료/법령/288689_20260811_본문.html","1686884","2026-09-09T04:06:53.682Z",".html"
"04_기관리서치/관계도/원천자료/법령/288691_20260811_본문.html","191502","2026-09-09T04:19:23.677Z",".html"
"04_기관리서치/관계도/원천자료/법령/288729_20260828_본문.html","298983","2026-09-09T04:08:07.574Z",".html"
"04_기관리서치/관계도/원천자료/법령/288937_20260814_본문.html","380094","2026-09-09T04:07:36.889Z",".html"
"04_기관리서치/관계도/원천자료/법령/289079_20260828_본문.html","152203","2026-09-09T04:07:23.003Z",".html"
"04_기관리서치/관계도/원천자료/법령/289097_20260828_본문.html","438618","2026-09-09T04:07:35.955Z",".html"
"04_기관리서치/관계도/원천자료/법령/289117_20260828_본문.html","200491","2026-09-09T04:07:42.081Z",".html"
"04_기관리서치/관계도/원천자료/법령/289127_20260828_본문.html","191851","2026-09-09T04:07:48.481Z",".html"
"04_기관리서치/관계도/원천자료/법령/289147_20260828_본문.html","689876","2026-09-09T04:07:26.996Z",".html"
"04_기관리서치/관계도/원천자료/법령/289151_20260828_본문.html","248346","2026-09-09T04:07:39.350Z",".html"
"04_기관리서치/관계도/원천자료/법령/289153_20260828_본문.html","137549","2026-09-09T04:07:40.515Z",".html"
"04_기관리서치/관계도/원천자료/법령/289155_20260828_본문.html","171304","2026-09-09T04:07:34.786Z",".html"
"04_기관리서치/관계도/원천자료/법령/289157_20260828_본문.html","478619","2026-09-09T04:07:33.247Z",".html"
"04_기관리서치/관계도/원천자료/법령/289159_20260831_본문.html","371952","2026-09-09T04:07:37.036Z",".html"
"04_기관리서치/관계도/원천자료/법령/289181_20260828_본문.html","213319","2026-09-09T04:07:32.699Z",".html"
"04_기관리서치/관계도/원천자료/법령/289183_20260828_본문.html","272038","2026-09-09T04:07:43.148Z",".html"
"04_기관리서치/관계도/원천자료/법령/289185_20260828_본문.html","157233","2026-09-09T04:07:32.665Z",".html"
"04_기관리서치/관계도/원천자료/법령/289187_20260828_본문.html","368297","2026-09-09T04:07:40.140Z",".html"
"04_기관리서치/관계도/원천자료/법령/289189_20260828_본문.html","563771","2026-09-09T04:07:29.098Z",".html"
"04_기관리서치/관계도/원천자료/법령/289191_20260828_본문.html","342051","2026-09-09T04:07:38.114Z",".html"
"04_기관리서치/관계도/원천자료/법령/289195_20260828_본문.html","601847","2026-09-09T04:07:30.179Z",".html"
"04_기관리서치/관계도/원천자료/법령/289197_20260828_본문.html","516918","2026-09-09T04:07:33.846Z",".html"
"04_기관리서치/관계도/원천자료/법령/289199_20260828_본문.html","265467","2026-09-09T04:07:27.043Z",".html"
"04_기관리서치/관계도/원천자료/법령/289201_20260828_본문.html","283886","2026-09-09T04:07:37.851Z",".html"
"04_기관리서치/관계도/원천자료/법령/289203_20260828_본문.html","359509","2026-09-09T04:07:26.058Z",".html"
"04_기관리서치/관계도/원천자료/법령/289205_20260828_본문.html","478865","2026-09-09T04:07:33.908Z",".html"
"04_기관리서치/관계도/원천자료/법령/289207_20260828_본문.html","905518","2026-09-09T04:07:31.648Z",".html"
"04_기관리서치/관계도/원천자료/법령/289209_20260828_본문.html","760960","2026-09-09T04:07:31.816Z",".html"
"04_기관리서치/관계도/원천자료/법령/289211_20260828_본문.html","646353","2026-09-09T04:07:27.579Z",".html"
"04_기관리서치/관계도/원천자료/법령/289213_20260828_본문.html","633054","2026-09-09T04:07:26.263Z",".html"
"04_기관리서치/관계도/원천자료/법령/289215_20260901_본문.html","690841","2026-09-09T04:07:29.296Z",".html"
"04_기관리서치/관계도/원천자료/법령/289219_20260828_본문.html","127032","2026-09-09T04:07:30.338Z",".html"
"04_기관리서치/관계도/원천자료/법령/289221_20260828_본문.html","231082","2026-09-09T04:07:37.916Z",".html"
"04_기관리서치/관계도/원천자료/법령/289223_20260828_본문.html","351906","2026-09-09T04:07:24.943Z",".html"
"04_기관리서치/관계도/원천자료/법령/289225_20260828_본문.html","89506","2026-09-09T04:07:35.603Z",".html"
"04_기관리서치/관계도/원천자료/법령/289227_20260828_본문.html","78076","2026-09-09T04:07:35.817Z",".html"
"04_기관리서치/관계도/원천자료/법령/289229_20260828_본문.html","256580","2026-09-09T04:07:22.102Z",".html"
"04_기관리서치/관계도/원천자료/법령/289231_20260828_본문.html","273180","2026-09-09T04:07:34.498Z",".html"
"04_기관리서치/관계도/원천자료/법령/289233_20260828_본문.html","318079","2026-09-09T04:07:41.849Z",".html"
"04_기관리서치/관계도/원천자료/법령/289239_20260828_본문.html","130529","2026-09-09T04:07:45.692Z",".html"
"04_기관리서치/관계도/원천자료/법령/289241_20260828_본문.html","272244","2026-09-09T04:07:44.302Z",".html"
"04_기관리서치/관계도/원천자료/법령/289243_20260828_본문.html","106844","2026-09-09T04:07:45.155Z",".html"
"04_기관리서치/관계도/원천자료/법령/289245_20260831_본문.html","90314","2026-09-09T04:07:41.137Z",".html"
"04_기관리서치/관계도/원천자료/법령/289279_20260902_본문.html","48873","2026-09-09T04:07:46.512Z",".html"
"04_기관리서치/관계도/원천자료/법령/289293_20260908_본문.html","580814","2026-09-09T04:07:50.839Z",".html"
"04_기관리서치/관계도/원천자료/법령/289299_20260908_본문.html","1655074","2026-09-09T04:05:56.057Z",".html"
"04_기관리서치/관계도/원천자료/법령/61603_19880225_본문.html","156416","2026-09-09T04:07:46.154Z",".html"
"04_기관리서치/관계도/원천자료/법령/가덕도신공항건설공단법_링크.html","1291","2026-09-09T04:07:18.430Z",".html"
"04_기관리서치/관계도/원천자료/법령/가축분뇨의관리및이용에관한법률_링크.html","1308","2026-09-09T04:06:57.403Z",".html"
"04_기관리서치/관계도/원천자료/법령/가축전염병예방법_링크.html","1283","2026-09-09T04:05:23.558Z",".html"
"04_기관리서치/관계도/원천자료/법령/감사원사무처직제_링크.html","1282","2026-09-09T04:07:45.709Z",".html"
"04_기관리서치/관계도/원천자료/법령/개인정보보호법_링크.html","1279","2026-09-09T04:07:43.666Z",".html"
"04_기관리서치/관계도/원천자료/법령/개인정보보호위원회직제시행규칙_링크.html","1303","2026-09-09T04:07:44.746Z",".html"
"04_기관리서치/관계도/원천자료/법령/건강가정기본법_링크.html","1279","2026-09-09T04:06:43.790Z",".html"
"04_기관리서치/관계도/원천자료/법령/건설근로자법_링크.html","1276","2026-09-09T04:06:44.257Z",".html"
"04_기관리서치/관계도/원천자료/법령/건설근로자의고용개선등에관한법률_링크.html","1310","2026-09-09T04:06:42.987Z",".html"
"04_기관리서치/관계도/원천자료/법령/건설기계관리법_링크.html","1279","2026-09-09T04:08:24.583Z",".html"
"04_기관리서치/관계도/원천자료/법령/건설기계관리법시행규칙_링크.html","1292","2026-09-09T04:08:25.476Z",".html"
"04_기관리서치/관계도/원천자료/법령/건설기계관리법시행령_링크.html","1289","2026-09-09T04:08:24.895Z",".html"
"04_기관리서치/관계도/원천자료/법령/검찰청사무기구에관한규정_링크.html","1294","2026-09-09T04:07:35.291Z",".html"
"04_기관리서치/관계도/원천자료/법령/게임산업진흥에관한법률_링크.html","1293","2026-09-09T04:06:29.211Z",".html"
"04_기관리서치/관계도/원천자료/법령/경찰청과그소속기관직제시행규칙_링크.html","1303","2026-09-09T04:07:36.367Z",".html"
"04_기관리서치/관계도/원천자료/법령/고등교육법_링크.html","1273","2026-09-09T04:07:02.238Z",".html"
"04_기관리서치/관계도/원천자료/법령/고압가스안전관리법_링크.html","1286","2026-09-09T04:05:53.019Z",".html"
"04_기관리서치/관계도/원천자료/법령/고용노동부와그소속기관직제시행규칙_링크.html","1309","2026-09-09T04:07:29.533Z",".html"
"04_기관리서치/관계도/원천자료/법령/고용정책기본법_링크.html","1280","2026-09-09T04:06:17.725Z",".html"
"04_기관리서치/관계도/원천자료/법령/고위공직자범죄수사처설치및운영에관한법률_링크.html","1318","2026-09-09T04:07:47.403Z",".html"
"04_기관리서치/관계도/원천자료/법령/공간정보산업진흥법_링크.html","1285","2026-09-09T04:06:57.170Z",".html"
"04_기관리서치/관계도/원천자료/법령/공공기관의운영에관한법률_링크.html","1297","2026-09-09T04:07:51.404Z",".html"
"04_기관리서치/관계도/원천자료/법령/공공데이터의제공및이용활성화에관한법률_링크.html","1321","2026-09-09T04:07:54.940Z",".html"
"04_기관리서치/관계도/원천자료/법령/공무원연금법_링크.html","1276","2026-09-09T04:05:25.555Z",".html"
"04_기관리서치/관계도/원천자료/법령/공익법인의설립운영에관한법률_링크.html","1305","2026-09-09T04:06:50.845Z",".html"
"04_기관리서치/관계도/원천자료/법령/공익법인의설립운영에관한법률시행령_링크.html","1315","2026-09-09T04:06:54.380Z",".html"
"04_기관리서치/관계도/원천자료/법령/공정거래위원회와그소속기관직제시행규칙_링크.html","1315","2026-09-09T04:07:42.183Z",".html"
"04_기관리서치/관계도/원천자료/법령/공항시설법_링크.html","1273","2026-09-09T04:08:12.792Z",".html"
"04_기관리서치/관계도/원천자료/법령/공항시설법시행규칙_링크.html","1286","2026-09-09T04:08:13.745Z",".html"
"04_기관리서치/관계도/원천자료/법령/공항시설법시행령_링크.html","1283","2026-09-09T04:08:12.829Z",".html"
"04_기관리서치/관계도/원천자료/법령/과학관의설립운영및육성에관한법률_링크.html","1313","2026-09-09T04:06:54.205Z",".html"
"04_기관리서치/관계도/원천자료/법령/과학기술기본법_링크.html","1279","2026-09-09T04:05:55.683Z",".html"
"04_기관리서치/관계도/원천자료/법령/과학기술분야정부출연연구기관등의설립운영및육성에관한법률_링크.html","1351","2026-09-09T04:19:23.236Z",".html"
"04_기관리서치/관계도/원천자료/법령/과학기술정보통신부와그소속기관직제시행규칙_링크.html","1321","2026-09-09T04:07:23.397Z",".html"
"04_기관리서치/관계도/원천자료/법령/관세법_링크.html","1267","2026-09-09T04:06:52.569Z",".html"
"04_기관리서치/관계도/원천자료/법령/관세청과그소속기관직제시행규칙_링크.html","1303","2026-09-09T04:07:33.101Z",".html"
"04_기관리서치/관계도/원천자료/법령/광주과학기술원법_링크.html","1282","2026-09-09T04:19:24.085Z",".html"
"04_기관리서치/관계도/원천자료/법령/교육부와그소속기관직제시행규칙_링크.html","1303","2026-09-09T04:07:22.903Z",".html"
"04_기관리서치/관계도/원천자료/법령/교통안전법_링크.html","1273","2026-09-09T04:07:57.726Z",".html"
"04_기관리서치/관계도/원천자료/법령/교통안전법시행규칙_링크.html","1286","2026-09-09T04:07:58.781Z",".html"
"04_기관리서치/관계도/원천자료/법령/교통안전법시행령_링크.html","1283","2026-09-09T04:07:57.819Z",".html"
"04_기관리서치/관계도/원천자료/법령/교통약자의이동편의증진법_링크.html","1296","2026-09-09T04:08:23.581Z",".html"
"04_기관리서치/관계도/원천자료/법령/교통약자의이동편의증진법시행규칙_링크.html","1309","2026-09-09T04:08:24.638Z",".html"
"04_기관리서치/관계도/원천자료/법령/교통약자의이동편의증진법시행령_링크.html","1306","2026-09-09T04:08:23.852Z",".html"
"04_기관리서치/관계도/원천자료/법령/국가데이터처와그소속기관직제시행규칙_링크.html","1312","2026-09-09T04:07:34.314Z",".html"
"04_기관리서치/관계도/원천자료/법령/국가보훈부와그소속기관직제시행규칙_링크.html","1309","2026-09-09T04:07:26.496Z",".html"
"04_기관리서치/관계도/원천자료/법령/국가안보실직제_링크.html","1279","2026-09-09T04:07:46.517Z",".html"
"04_기관리서치/관계도/원천자료/법령/국가연구개발혁신법_링크.html","1285","2026-09-09T04:07:55.764Z",".html"
"04_기관리서치/관계도/원천자료/법령/국가유산기본법_링크.html","1279","2026-09-09T04:06:00.278Z",".html"
"04_기관리서치/관계도/원천자료/법령/국가유산청과그소속기관직제시행규칙_링크.html","1309","2026-09-09T04:07:37.348Z",".html"
"04_기관리서치/관계도/원천자료/법령/국가인권위원회법_링크.html","1282","2026-09-09T04:07:48.041Z",".html"
"04_기관리서치/관계도/원천자료/법령/국가인권위원회와그소속기관직제_링크.html","1303","2026-09-09T04:07:48.050Z",".html"
"04_기관리서치/관계도/원천자료/법령/국가재정법_링크.html","1273","2026-09-09T04:07:56.549Z",".html"
"04_기관리서치/관계도/원천자료/법령/국가정보원법_링크.html","1276","2026-09-09T04:19:22.919Z",".html"
"04_기관리서치/관계도/원천자료/법령/국가철도공단법_링크.html","1279","2026-09-09T04:06:13.773Z",".html"
"04_기관리서치/관계도/원천자료/법령/국가통합교통체계효율화법_링크.html","1294","2026-09-09T04:08:29.026Z",".html"
"04_기관리서치/관계도/원천자료/법령/국가통합교통체계효율화법시행규칙_링크.html","1307","2026-09-09T04:08:29.892Z",".html"
"04_기관리서치/관계도/원천자료/법령/국가통합교통체계효율화법시행령_링크.html","1304","2026-09-09T04:08:29.036Z",".html"
"04_기관리서치/관계도/원천자료/법령/국립공원공단법_링크.html","1279","2026-09-09T04:05:26.685Z",".html"
"04_기관리서치/관계도/원천자료/법령/국립농업박물관법_링크.html","1282","2026-09-09T04:07:14.841Z",".html"
"04_기관리서치/관계도/원천자료/법령/국립대학법인서울대학교설립운영에관한법률_링크.html","1324","2026-09-09T04:19:25.367Z",".html"
"04_기관리서치/관계도/원천자료/법령/국립대학법인인천대학교설립운영에관한법률_링크.html","1324","2026-09-09T04:19:26.039Z",".html"
"04_기관리서치/관계도/원천자료/법령/국립대학병원설치법_링크.html","1286","2026-09-09T04:05:24.386Z",".html"
"04_기관리서치/관계도/원천자료/법령/국립대학치과병원설치법_링크.html","1291","2026-09-09T04:05:23.584Z",".html"
"04_기관리서치/관계도/원천자료/법령/국립생태원의설립및운영에관한법률_링크.html","1311","2026-09-09T04:06:49.284Z",".html"
"04_기관리서치/관계도/원천자료/법령/국립중앙의료원의설립및운영에관한법률_링크.html","1317","2026-09-09T04:06:34.204Z",".html"
"04_기관리서치/관계도/원천자료/법령/국립항공박물관법_링크.html","1282","2026-09-09T04:07:08.474Z",".html"
"04_기관리서치/관계도/원천자료/법령/국립해양과학관의설립및운영에관한법률_링크.html","1317","2026-09-09T04:07:09.272Z",".html"
"04_기관리서치/관계도/원천자료/법령/국립해양박물관등의설립및운영에관한법률_링크.html","1321","2026-09-09T04:06:55.055Z",".html"
"04_기관리서치/관계도/원천자료/법령/국립해양생물자원관의설립및운영에관한법률_링크.html","1323","2026-09-09T04:06:56.266Z",".html"
"04_기관리서치/관계도/원천자료/법령/국무조정실과그소속기관직제_링크.html","1297","2026-09-09T04:07:46.918Z",".html"
"04_기관리서치/관계도/원천자료/법령/국무총리비서실직제_링크.html","1285","2026-09-09T04:07:47.349Z",".html"
"04_기관리서치/관계도/원천자료/법령/국민건강보험법_링크.html","1279","2026-09-09T04:05:24.812Z",".html"
"04_기관리서치/관계도/원천자료/법령/국민건강증진법_링크.html","1279","2026-09-09T04:06:44.686Z",".html"
"04_기관리서치/관계도/원천자료/법령/국민권익위원회와그소속기관직제시행규칙_링크.html","1315","2026-09-09T04:07:42.512Z",".html"
"04_기관리서치/관계도/원천자료/법령/국민기초생활보장법_링크.html","1285","2026-09-09T04:06:45.910Z",".html"
"04_기관리서치/관계도/원천자료/법령/국민연금법_링크.html","1273","2026-09-09T04:05:28.464Z",".html"
"04_기관리서치/관계도/원천자료/법령/국민체육진흥법_링크.html","1279","2026-09-09T04:05:28.536Z",".html"
"04_기관리서치/관계도/원천자료/법령/국민평생직업능력개발법_링크.html","1294","2026-09-09T04:05:51.357Z",".html"
"04_기관리서치/관계도/원천자료/법령/국방과학기술혁신촉진법_링크.html","1292","2026-09-09T04:07:19.179Z",".html"
"04_기관리서치/관계도/원천자료/법령/국방과학연구소법_링크.html","1282","2026-09-09T04:06:19.882Z",".html"
"04_기관리서치/관계도/원천자료/법령/국방부와그소속기관직제시행규칙_링크.html","1303","2026-09-09T04:07:25.410Z",".html"
"04_기관리서치/관계도/원천자료/법령/국방전직교육원법_링크.html","1282","2026-09-09T04:06:56.800Z",".html"
"04_기관리서치/관계도/원천자료/법령/국세청과그소속기관직제시행규칙_링크.html","1303","2026-09-09T04:07:33.125Z",".html"
"04_기관리서치/관계도/원천자료/법령/국악진흥법_링크.html","1273","2026-09-09T04:06:31.025Z",".html"
"04_기관리서치/관계도/원천자료/법령/국어기본법_링크.html","1273","2026-09-09T04:06:48.348Z",".html"
"04_기관리서치/관계도/원천자료/법령/국유철도의운영에관한특례법_링크.html","1196","2026-09-09T04:06:20.787Z",".html"
"04_기관리서치/관계도/원천자료/법령/국제과학비즈니스벨트조성및지원에관한특별법_링크.html","1326","2026-09-09T04:06:33.780Z",".html"
"04_기관리서치/관계도/원천자료/법령/국토교통과학기술육성법_링크.html","1292","2026-09-09T04:06:17.021Z",".html"
"04_기관리서치/관계도/원천자료/법령/국토교통부와그소속기관직제시행규칙_링크.html","1309","2026-09-09T04:07:30.682Z",".html"
"04_기관리서치/관계도/원천자료/법령/국토안전관리원법_링크.html","1282","2026-09-09T04:06:08.693Z",".html"
"04_기관리서치/관계도/원천자료/법령/국회법_링크.html","1267","2026-09-09T04:07:50.013Z",".html"
"04_기관리서치/관계도/원천자료/법령/궤도운송법_링크.html","1273","2026-09-09T04:08:16.736Z",".html"
"04_기관리서치/관계도/원천자료/법령/궤도운송법시행규칙_링크.html","1286","2026-09-09T04:08:18.034Z",".html"
"04_기관리서치/관계도/원천자료/법령/궤도운송법시행령_링크.html","1283","2026-09-09T04:08:17.731Z",".html"
"04_기관리서치/관계도/원천자료/법령/금융위원회와그소속기관직제시행규칙_링크.html","1309","2026-09-09T04:07:43.765Z",".html"
"04_기관리서치/관계도/원천자료/법령/금융위원회의설치등에관한법률_링크.html","1300","2026-09-09T04:07:43.750Z",".html"
"04_기관리서치/관계도/원천자료/법령/기상산업진흥법_링크.html","1279","2026-09-09T04:06:46.549Z",".html"
"04_기관리서치/관계도/원천자료/법령/기상청과그소속기관직제시행규칙_링크.html","1303","2026-09-09T04:07:39.595Z",".html"
"04_기관리서치/관계도/원천자료/법령/기술보증기금법_링크.html","1279","2026-09-09T04:05:29.749Z",".html"
"04_기관리서치/관계도/원천자료/법령/기획예산처와그소속기관직제_링크.html","1297","2026-09-09T04:07:22.576Z",".html"
"04_기관리서치/관계도/원천자료/법령/기후기후변화감시및예측등에관한법률_링크.html","1317","2026-09-09T04:06:52.661Z",".html"
"04_기관리서치/관계도/원천자료/법령/기후에너지환경부와그소속기관직제시행규칙_링크.html","1318","2026-09-09T04:07:29.377Z",".html"
"04_기관리서치/관계도/원천자료/법령/나노기술개발촉진법_링크.html","1285","2026-09-09T04:06:40.801Z",".html"
"04_기관리서치/관계도/원천자료/법령/노사관계발전지원에관한법률_링크.html","1300","2026-09-09T04:05:57.351Z",".html"
"04_기관리서치/관계도/원천자료/법령/노인일자리및사회활동지원에관한법률_링크.html","1315","2026-09-09T04:06:24.179Z",".html"
"04_기관리서치/관계도/원천자료/법령/노인장기요양보험법_링크.html","1285","2026-09-09T04:05:27.545Z",".html"
"04_기관리서치/관계도/원천자료/법령/농림식품과학기술육성법_링크.html","1291","2026-09-09T04:06:29.495Z",".html"
"04_기관리서치/관계도/원천자료/법령/농림축산식품부와그소속기관직제시행규칙_링크.html","1315","2026-09-09T04:07:27.544Z",".html"
"04_기관리서치/관계도/원천자료/법령/농업농촌및식품산업기본법_링크.html","1299","2026-09-09T04:06:38.382Z",".html"
"04_기관리서치/관계도/원천자료/법령/농촌진흥법_링크.html","1273","2026-09-09T04:06:33.615Z",".html"
"04_기관리서치/관계도/원천자료/법령/농촌진흥청과그소속기관직제시행규칙_링크.html","1309","2026-09-09T04:07:37.569Z",".html"
"04_기관리서치/관계도/원천자료/법령/대구경북과학기술원법_링크.html","1288","2026-09-09T04:19:24.556Z",".html"
"04_기관리서치/관계도/원천자료/법령/대기환경보전법_링크.html","1279","2026-09-09T04:08:13.939Z",".html"
"04_기관리서치/관계도/원천자료/법령/대기환경보전법시행규칙_링크.html","1292","2026-09-09T04:08:15.029Z",".html"
"04_기관리서치/관계도/원천자료/법령/대기환경보전법시행령_링크.html","1289","2026-09-09T04:08:13.986Z",".html"
"04_기관리서치/관계도/원천자료/법령/대외무역법_링크.html","1273","2026-09-09T04:06:21.949Z",".html"
"04_기관리서치/관계도/원천자료/법령/대일항쟁기강제동원피해조사및국외강제동원희생자등지원에관한법률_링크.html","1196","2026-09-09T04:06:56.719Z",".html"
"04_기관리서치/관계도/원천자료/법령/대일항쟁기강제동원피해조사및국외강제동원희생자등지원에관한특별법_링크.html","1363","2026-09-09T04:19:21.087Z",".html"
"04_기관리서치/관계도/원천자료/법령/대중교통의육성및이용촉진에관한법률_링크.html","1314","2026-09-09T04:08:22.133Z",".html"
"04_기관리서치/관계도/원천자료/법령/대중교통의육성및이용촉진에관한법률시행규칙_링크.html","1327","2026-09-09T04:08:23.150Z",".html"
"04_기관리서치/관계도/원천자료/법령/대중교통의육성및이용촉진에관한법률시행령_링크.html","1324","2026-09-09T04:08:23.030Z",".html"
"04_기관리서치/관계도/원천자료/법령/대통령경호처와그소속기관직제_링크.html","1300","2026-09-09T04:07:46.658Z",".html"
"04_기관리서치/관계도/원천자료/법령/대통령비서실직제_링크.html","1282","2026-09-09T04:07:46.135Z",".html"
"04_기관리서치/관계도/원천자료/법령/대한무역투자진흥공사법_링크.html","1291","2026-09-09T04:05:33.707Z",".html"
"04_기관리서치/관계도/원천자료/법령/대한민국헌법_링크.html","1275","2026-09-09T04:07:45.627Z",".html"
"04_기관리서치/관계도/원천자료/법령/대한석탄공사법_링크.html","1279","2026-09-09T04:05:34.780Z",".html"
"04_기관리서치/관계도/원천자료/법령/대한적십자사조직법_링크.html","1286","2026-09-09T04:05:35.235Z",".html"
"04_기관리서치/관계도/원천자료/법령/데이터기반행정활성화에관한법률_링크.html","1196","2026-09-09T04:07:57.347Z",".html"
"04_기관리서치/관계도/원천자료/법령/도심항공교통활용촉진및지원에관한법률_링크.html","1318","2026-09-09T04:08:28.088Z",".html"
"04_기관리서치/관계도/원천자료/법령/도심항공교통활용촉진및지원에관한법률시행규칙_링크.html","1331","2026-09-09T04:08:28.913Z",".html"
"04_기관리서치/관계도/원천자료/법령/도심항공교통활용촉진및지원에관한법률시행령_링크.html","1328","2026-09-09T04:08:28.219Z",".html"
"04_기관리서치/관계도/원천자료/법령/독립기념관법_링크.html","1276","2026-09-09T04:05:36.765Z",".html"
"04_기관리서치/관계도/원천자료/법령/독점규제및공정거래에관한법률_링크.html","1304","2026-09-09T04:06:41.632Z",".html"
"04_기관리서치/관계도/원천자료/법령/동북아역사재단설립운영에관한법률_링크.html","1311","2026-09-09T04:06:21.251Z",".html"
"04_기관리서치/관계도/원천자료/법령/마약류관리에관한법률_링크.html","1288","2026-09-09T04:06:39.541Z",".html"
"04_기관리서치/관계도/원천자료/법령/모빌리티혁신및활성화지원에관한법률_링크.html","1315","2026-09-09T04:08:27.155Z",".html"
"04_기관리서치/관계도/원천자료/법령/모빌리티혁신및활성화지원에관한법률시행규칙_링크.html","1328","2026-09-09T04:08:28.019Z",".html"
"04_기관리서치/관계도/원천자료/법령/모빌리티혁신및활성화지원에관한법률시행령_링크.html","1325","2026-09-09T04:08:27.183Z",".html"
"04_기관리서치/관계도/원천자료/법령/무역보험법_링크.html","1273","2026-09-09T04:06:07.717Z",".html"
"04_기관리서치/관계도/원천자료/법령/문학진흥법_링크.html","1273","2026-09-09T04:05:59.339Z",".html"
"04_기관리서치/관계도/원천자료/법령/문화기본법_링크.html","1273","2026-09-09T04:06:00.248Z",".html"
"04_기관리서치/관계도/원천자료/법령/문화산업진흥기본법_링크.html","1285","2026-09-09T04:06:27.286Z",".html"
"04_기관리서치/관계도/원천자료/법령/문화예술교육지원법_링크.html","1285","2026-09-09T04:06:17.786Z",".html"
"04_기관리서치/관계도/원천자료/법령/문화예술진흥법_링크.html","1279","2026-09-09T04:05:42.417Z",".html"
"04_기관리서치/관계도/원천자료/법령/문화체육관광부와그소속기관직제시행규칙_링크.html","1315","2026-09-09T04:07:26.838Z",".html"
"04_기관리서치/관계도/원천자료/법령/물관리기술발전및물산업진흥에관한법률_링크.html","1318","2026-09-09T04:07:10.156Z",".html"
"04_기관리서치/관계도/원천자료/법령/물류정책기본법_링크.html","1279","2026-09-09T04:08:18.609Z",".html"
"04_기관리서치/관계도/원천자료/법령/물류정책기본법시행규칙_링크.html","1292","2026-09-09T04:08:19.678Z",".html"
"04_기관리서치/관계도/원천자료/법령/물류정책기본법시행령_링크.html","1289","2026-09-09T04:08:19.495Z",".html"
"04_기관리서치/관계도/원천자료/법령/민법_링크.html","1264","2026-09-09T04:05:28.846Z",".html"
"04_기관리서치/관계도/원천자료/법령/민주평화통일자문회의법_링크.html","1291","2026-09-09T04:07:48.382Z",".html"
"04_기관리서치/관계도/원천자료/법령/민주평화통일자문회의사무처직제_링크.html","1303","2026-09-09T04:07:48.996Z",".html"
"04_기관리서치/관계도/원천자료/법령/민주화운동기념사업회법_링크.html","1291","2026-09-09T04:05:37.182Z",".html"
"04_기관리서치/관계도/원천자료/법령/박물관및미술관진흥법_링크.html","1291","2026-09-09T04:06:19.846Z",".html"
"04_기관리서치/관계도/원천자료/법령/발명진흥법_링크.html","1273","2026-09-09T04:06:20.820Z",".html"
"04_기관리서치/관계도/원천자료/법령/방사선및방사성동위원소이용진흥법_링크.html","1309","2026-09-09T04:05:43.057Z",".html"
"04_기관리서치/관계도/원천자료/법령/방사성폐기물관리법_링크.html","1285","2026-09-09T04:06:22.227Z",".html"
"04_기관리서치/관계도/원천자료/법령/방송광고판매대행등에관한법률_링크.html","1303","2026-09-09T04:06:01.217Z",".html"
"04_기관리서치/관계도/원천자료/법령/방송미디어통신위원회와그소속기관직제_링크.html","1312","2026-09-09T04:07:41.648Z",".html"
"04_기관리서치/관계도/원천자료/법령/방송미디어통신위원회의설치및운영에관한법률_링크.html","1321","2026-09-09T04:07:41.183Z",".html"
"04_기관리서치/관계도/원천자료/법령/방송법_링크.html","1267","2026-09-09T04:06:57.741Z",".html"
"04_기관리서치/관계도/원천자료/법령/방위사업법_링크.html","1273","2026-09-09T04:06:20.718Z",".html"
"04_기관리서치/관계도/원천자료/법령/방위사업청과그소속기관직제시행규칙_링크.html","1309","2026-09-09T04:07:36.324Z",".html"
"04_기관리서치/관계도/원천자료/법령/방위산업발전및지원에관한법률_링크.html","1305","2026-09-09T04:07:20.319Z",".html"
"04_기관리서치/관계도/원천자료/법령/법률구조법_링크.html","1273","2026-09-09T04:05:34.548Z",".html"
"04_기관리서치/관계도/원천자료/법령/법무부와그소속기관직제시행규칙_링크.html","1303","2026-09-09T04:07:25.328Z",".html"
"04_기관리서치/관계도/원천자료/법령/법원조직법_링크.html","1273","2026-09-09T04:07:50.192Z",".html"
"04_기관리서치/관계도/원천자료/법령/법제처직제시행규칙_링크.html","1285","2026-09-09T04:07:32.230Z",".html"
"04_기관리서치/관계도/원천자료/법령/벤처투자촉진에관한법률_링크.html","1294","2026-09-09T04:06:01.365Z",".html"
"04_기관리서치/관계도/원천자료/법령/병무청과그소속기관직제시행규칙_링크.html","1303","2026-09-09T04:07:36.136Z",".html"
"04_기관리서치/관계도/원천자료/법령/보건복지부와그소속기관직제시행규칙_링크.html","1309","2026-09-09T04:07:28.178Z",".html"
"04_기관리서치/관계도/원천자료/법령/보건의료기술진흥법_링크.html","1285","2026-09-09T04:06:42.148Z",".html"
"04_기관리서치/관계도/원천자료/법령/보호관찰등에관한법률_링크.html","1291","2026-09-09T04:05:54.771Z",".html"
"04_기관리서치/관계도/원천자료/법령/보훈기금법_링크.html","1273","2026-09-09T04:05:23.714Z",".html"
"04_기관리서치/관계도/원천자료/법령/부패방지및국민권익위원회의설치와운영에관한법률_링크.html","1327","2026-09-09T04:07:42.413Z",".html"
"04_기관리서치/관계도/원천자료/법령/북한이탈주민보호및정착지원에관한법률_링크.html","1196","2026-09-09T04:06:36.788Z",".html"
"04_기관리서치/관계도/원천자료/법령/북한이탈주민의보호및정착지원에관한법률_링크.html","1320","2026-09-09T04:06:35.082Z",".html"
"04_기관리서치/관계도/원천자료/법령/사립학교교직원연금법_링크.html","1288","2026-09-09T04:05:38.034Z",".html"
"04_기관리서치/관계도/원천자료/법령/사방사업법_링크.html","1273","2026-09-09T04:07:17.681Z",".html"
"04_기관리서치/관계도/원천자료/법령/사행산업통합감독위원회법_링크.html","1294","2026-09-09T04:06:53.655Z",".html"
"04_기관리서치/관계도/원천자료/법령/사회보장급여법_링크.html","1279","2026-09-09T04:06:33.044Z",".html"
"04_기관리서치/관계도/원천자료/법령/사회보장급여의이용제공및수급권자발굴에관한법률_링크.html","1335","2026-09-09T04:06:31.814Z",".html"
"04_기관리서치/관계도/원천자료/법령/사회복지사업법_링크.html","1279","2026-09-09T04:06:24.189Z",".html"
"04_기관리서치/관계도/원천자료/법령/사회서비스원법_링크.html","1279","2026-09-09T04:07:17.379Z",".html"
"04_기관리서치/관계도/원천자료/법령/사회서비스지원및사회서비스원설립운영에관한법률_링크.html","1335","2026-09-09T04:07:15.686Z",".html"
"04_기관리서치/관계도/원천자료/법령/사회적기업육성법_링크.html","1283","2026-09-09T04:06:37.438Z",".html"
"04_기관리서치/관계도/원천자료/법령/산림문화휴양에관한법률_링크.html","1295","2026-09-09T04:06:43.603Z",".html"
"04_기관리서치/관계도/원천자료/법령/산림복지진흥에관한법률_링크.html","1294","2026-09-09T04:07:01.841Z",".html"
"04_기관리서치/관계도/원천자료/법령/산림청과그소속기관직제시행규칙_링크.html","1303","2026-09-09T04:07:38.480Z",".html"
"04_기관리서치/관계도/원천자료/법령/산업기술혁신촉진법_링크.html","1285","2026-09-09T04:05:38.714Z",".html"
"04_기관리서치/관계도/원천자료/법령/산업디자인진흥법_링크.html","1282","2026-09-09T04:05:58.203Z",".html"
"04_기관리서치/관계도/원천자료/법령/산업융합촉진법_링크.html","1280","2026-09-09T04:08:30.291Z",".html"
"04_기관리서치/관계도/원천자료/법령/산업융합촉진법시행규칙_링크.html","1293","2026-09-09T04:08:30.948Z",".html"
"04_기관리서치/관계도/원천자료/법령/산업융합촉진법시행령_링크.html","1290","2026-09-09T04:08:30.410Z",".html"
"04_기관리서치/관계도/원천자료/법령/산업재산정보의관리및활용촉진에관한법률_링크.html","1322","2026-09-09T04:06:18.966Z",".html"
"04_기관리서치/관계도/원천자료/법령/산업재해보상보험법_링크.html","1285","2026-09-09T04:05:29.685Z",".html"
"04_기관리서치/관계도/원천자료/법령/산업집적활성화및공장설립에관한법률_링크.html","1313","2026-09-09T04:06:03.896Z",".html"
"04_기관리서치/관계도/원천자료/법령/산업통상부와그소속기관직제시행규칙_링크.html","1309","2026-09-09T04:07:27.616Z",".html"
"04_기관리서치/관계도/원천자료/법령/상법_링크.html","1264","2026-09-09T04:06:01.200Z",".html"
"04_기관리서치/관계도/원천자료/법령/새만금개발청직제시행규칙_링크.html","1294","2026-09-09T04:07:40.748Z",".html"
"04_기관리서치/관계도/원천자료/법령/새만금사업추진및지원에관한특별법_링크.html","1311","2026-09-09T04:07:05.791Z",".html"
"04_기관리서치/관계도/원천자료/법령/생물자원관의설립및운영에관한법률_링크.html","1311","2026-09-09T04:06:55.901Z",".html"
"04_기관리서치/관계도/원천자료/법령/서민의금융생활지원에관한법률_링크.html","1304","2026-09-09T04:06:59.886Z",".html"
"04_기관리서치/관계도/원천자료/법령/서울대학교병원설치법_링크.html","1289","2026-09-09T04:05:39.097Z",".html"
"04_기관리서치/관계도/원천자료/법령/서울대학교치과병원설치법_링크.html","1295","2026-09-09T04:05:39.206Z",".html"
"04_기관리서치/관계도/원천자료/법령/석유및석유대체연료사업법_링크.html","1297","2026-09-09T04:06:06.159Z",".html"
"04_기관리서치/관계도/원천자료/법령/석탄산업전환지역개발지원에관한특별법_링크.html","1316","2026-09-09T04:05:24.662Z",".html"
"04_기관리서치/관계도/원천자료/법령/선거관리위원회법_링크.html","1282","2026-09-09T04:07:51.462Z",".html"
"04_기관리서치/관계도/원천자료/법령/선거관리위원회법시행규칙_링크.html","1294","2026-09-09T04:07:51.476Z",".html"
"04_기관리서치/관계도/원천자료/법령/성평등가족부직제시행규칙_링크.html","1294","2026-09-09T04:07:29.901Z",".html"
"04_기관리서치/관계도/원천자료/법령/소방산업의진흥에관한법률_링크.html","1297","2026-09-09T04:06:06.754Z",".html"
"04_기관리서치/관계도/원천자료/법령/소방청과그소속기관직제시행규칙_링크.html","1303","2026-09-09T04:07:37.447Z",".html"
"04_기관리서치/관계도/원천자료/법령/소비자기본법_링크.html","1276","2026-09-09T04:06:06.811Z",".html"
"04_기관리서치/관계도/원천자료/법령/소상공인보호및지원에관한법률_링크.html","1305","2026-09-09T04:06:51.621Z",".html"
"04_기관리서치/관계도/원천자료/법령/소음진동관리법_링크.html","1281","2026-09-09T04:08:15.760Z",".html"
"04_기관리서치/관계도/원천자료/법령/소음진동관리법시행규칙_링크.html","1294","2026-09-09T04:08:16.768Z",".html"
"04_기관리서치/관계도/원천자료/법령/소음진동관리법시행령_링크.html","1291","2026-09-09T04:08:15.815Z",".html"
"04_기관리서치/관계도/원천자료/법령/소프트웨어진흥법_링크.html","1283","2026-09-09T04:06:51.703Z",".html"
"04_기관리서치/관계도/원천자료/법령/수도권매립지공사법_링크.html","1285","2026-09-09T04:05:41.247Z",".html"
"04_기관리서치/관계도/원천자료/법령/수도권매립지관리공사의설립및운영등에관한법률_링크.html","1330","2026-09-09T04:05:40.060Z",".html"
"04_기관리서치/관계도/원천자료/법령/수도법_링크.html","1267","2026-09-09T04:06:40.331Z",".html"
"04_기관리서치/관계도/원천자료/법령/수목원정원의조성및진흥에관한법률_링크.html","1313","2026-09-09T04:07:04.572Z",".html"
"04_기관리서치/관계도/원천자료/법령/수산자원관리법_링크.html","1279","2026-09-09T04:06:37.352Z",".html"
"04_기관리서치/관계도/원천자료/법령/승강기안전관리법_링크.html","1283","2026-09-09T04:06:08.697Z",".html"
"04_기관리서치/관계도/원천자료/법령/식물방역법_링크.html","1273","2026-09-09T04:06:47.560Z",".html"
"04_기관리서치/관계도/원천자료/법령/식품산업진흥법_링크.html","1279","2026-09-09T04:07:07.162Z",".html"
"04_기관리서치/관계도/원천자료/법령/식품위생법_링크.html","1273","2026-09-09T04:06:41.838Z",".html"
"04_기관리서치/관계도/원천자료/법령/식품의약품안전처와그소속기관직제시행규칙_링크.html","1318","2026-09-09T04:07:32.489Z",".html"
"04_기관리서치/관계도/원천자료/법령/신문등의진흥에관한법률_링크.html","1295","2026-09-09T04:06:32.846Z",".html"
"04_기관리서치/관계도/원천자료/법령/신용보증기금법_링크.html","1279","2026-09-09T04:05:41.049Z",".html"
"04_기관리서치/관계도/원천자료/법령/신행정수도후속대책을위한연기공주지역행정중심복합도시건설을위한특별법_링크.html","1362","2026-09-09T04:07:39.911Z",".html"
"04_기관리서치/관계도/원천자료/법령/아동복지법_링크.html","1273","2026-09-09T04:07:07.390Z",".html"
"04_기관리서치/관계도/원천자료/법령/아시아문화중심도시조성에관한특별법_링크.html","1312","2026-09-09T04:07:11.172Z",".html"
"04_기관리서치/관계도/원천자료/법령/암관리법_링크.html","1270","2026-09-09T04:05:27.598Z",".html"
"04_기관리서치/관계도/원천자료/법령/약사법_링크.html","1267","2026-09-09T04:06:46.136Z",".html"
"04_기관리서치/관계도/원천자료/법령/양성평등기본법_링크.html","1279","2026-09-09T04:06:39.782Z",".html"
"04_기관리서치/관계도/원천자료/법령/양육비이행확보및지원에관한법률_링크.html","1308","2026-09-09T04:07:17.983Z",".html"
"04_기관리서치/관계도/원천자료/법령/어촌어항법_링크.html","1275","2026-09-09T04:06:18.759Z",".html"
"04_기관리서치/관계도/원천자료/법령/에너지법_링크.html","1270","2026-09-09T04:06:25.691Z",".html"
"04_기관리서치/관계도/원천자료/법령/에너지이용합리화법_링크.html","1286","2026-09-09T04:05:41.116Z",".html"
"04_기관리서치/관계도/원천자료/법령/여객자동차운수사업법_링크.html","1289","2026-09-09T04:08:02.925Z",".html"
"04_기관리서치/관계도/원천자료/법령/여객자동차운수사업법시행규칙_링크.html","1302","2026-09-09T04:08:03.056Z",".html"
"04_기관리서치/관계도/원천자료/법령/여객자동차운수사업법시행령_링크.html","1299","2026-09-09T04:08:03.025Z",".html"
"04_기관리서치/관계도/원천자료/법령/여성과학기술인육성및지원에관한법률_링크.html","1314","2026-09-09T04:06:51.439Z",".html"
"04_기관리서치/관계도/원천자료/법령/연구개발특구법_링크.html","1279","2026-09-09T04:05:34.714Z",".html"
"04_기관리서치/관계도/원천자료/법령/연구개발특구의육성에관한특별법_링크.html","1306","2026-09-09T04:05:32.218Z",".html"
"04_기관리서치/관계도/원천자료/법령/연구산업진흥법_링크.html","1279","2026-09-09T04:06:58.227Z",".html"
"04_기관리서치/관계도/원천자료/법령/영유아보육법_링크.html","1276","2026-09-09T04:06:44.840Z",".html"
"04_기관리서치/관계도/원천자료/법령/영화및비디오물의진흥에관한법률_링크.html","1308","2026-09-09T04:05:41.851Z",".html"
"04_기관리서치/관계도/원천자료/법령/예금자보호법_링크.html","1276","2026-09-09T04:05:42.116Z",".html"
"04_기관리서치/관계도/원천자료/법령/예술인복지법_링크.html","1276","2026-09-09T04:06:48.800Z",".html"
"04_기관리서치/관계도/원천자료/법령/외교부와그소속기관직제시행규칙_링크.html","1303","2026-09-09T04:07:24.187Z",".html"
"04_기관리서치/관계도/원천자료/법령/우주항공청과그소속기관직제시행규칙_링크.html","1309","2026-09-09T04:07:35.154Z",".html"
"04_기관리서치/관계도/원천자료/법령/우주항공청의설치및운영에관한특별법_링크.html","1309","2026-09-09T04:07:34.545Z",".html"
"04_기관리서치/관계도/원천자료/법령/울산과학기술원법_링크.html","1282","2026-09-09T04:19:25.126Z",".html"
"04_기관리서치/관계도/원천자료/법령/원자력안전법_링크.html","1276","2026-09-09T04:05:26.791Z",".html"
"04_기관리서치/관계도/원천자료/법령/원자력안전위원회와그소속기관직제시행규칙_링크.html","1318","2026-09-09T04:07:45.155Z",".html"
"04_기관리서치/관계도/원천자료/법령/원자력안전위원회의설치및운영에관한법률_링크.html","1315","2026-09-09T04:07:45.031Z",".html"
"04_기관리서치/관계도/원천자료/법령/의료기기법_링크.html","1273","2026-09-09T04:06:47.010Z",".html"
"04_기관리서치/관계도/원천자료/법령/의료법_링크.html","1267","2026-09-09T04:07:01.412Z",".html"
"04_기관리서치/관계도/원천자료/법령/의료사고피해구제및의료분쟁조정등에관한법률_링크.html","1328","2026-09-09T04:06:49.450Z",".html"
"04_기관리서치/관계도/원천자료/법령/인공지능및데이터기반행정활성화에관한법률_링크.html","1325","2026-09-09T04:19:21.246Z",".html"
"04_기관리서치/관계도/원천자료/법령/인공지능발전과신뢰기반조성등에관한기본법_링크.html","1325","2026-09-09T04:07:55.785Z",".html"
"04_기관리서치/관계도/원천자료/법령/인사혁신처와그소속기관직제시행규칙_링크.html","1309","2026-09-09T04:07:32.225Z",".html"
"04_기관리서치/관계도/원천자료/법령/인천국제공항공사법_링크.html","1285","2026-09-09T04:05:43.365Z",".html"
"04_기관리서치/관계도/원천자료/법령/인체조직안전및관리등에관한법률_링크.html","1307","2026-09-09T04:07:03.284Z",".html"
"04_기관리서치/관계도/원천자료/법령/임업및산촌진흥촉진에관한법률_링크.html","1305","2026-09-09T04:06:45.000Z",".html"
"04_기관리서치/관계도/원천자료/법령/자동차관리법_링크.html","1276","2026-09-09T04:07:59.076Z",".html"
"04_기관리서치/관계도/원천자료/법령/자동차관리법시행규칙_링크.html","1289","2026-09-09T04:08:00.392Z",".html"
"04_기관리서치/관계도/원천자료/법령/자동차관리법시행령_링크.html","1286","2026-09-09T04:08:00.353Z",".html"
"04_기관리서치/관계도/원천자료/법령/자동차손해배상보장법_링크.html","1289","2026-09-09T04:07:19.360Z",".html"
"04_기관리서치/관계도/원천자료/법령/자동차손해배상보장법시행규칙_링크.html","1302","2026-09-09T04:08:01.693Z",".html"
"04_기관리서치/관계도/원천자료/법령/자동차손해배상보장법시행령_링크.html","1299","2026-09-09T04:08:01.520Z",".html"
"04_기관리서치/관계도/원천자료/법령/자살예방및생명존중문화조성을위한법률_링크.html","1317","2026-09-09T04:07:12.635Z",".html"
"04_기관리서치/관계도/원천자료/법령/자살예방법_링크.html","1273","2026-09-09T04:07:14.418Z",".html"
"04_기관리서치/관계도/원천자료/법령/자율주행자동차상용화촉진및지원에관한법률_링크.html","1324","2026-09-09T04:08:25.914Z",".html"
"04_기관리서치/관계도/원천자료/법령/자율주행자동차상용화촉진및지원에관한법률시행규칙_링크.html","1337","2026-09-09T04:08:27.187Z",".html"
"04_기관리서치/관계도/원천자료/법령/자율주행자동차상용화촉진및지원에관한법률시행령_링크.html","1334","2026-09-09T04:08:26.060Z",".html"
"04_기관리서치/관계도/원천자료/법령/장고법_링크.html","1196","2026-09-09T04:06:12.272Z",".html"
"04_기관리서치/관계도/원천자료/법령/장기등이식에관한법률_링크.html","1291","2026-09-09T04:07:03.749Z",".html"
"04_기관리서치/관계도/원천자료/법령/장애인고용촉진및직업재활법_링크.html","1299","2026-09-09T04:06:10.274Z",".html"
"04_기관리서치/관계도/원천자료/법령/장애인기업활동촉진법_링크.html","1288","2026-09-09T04:06:55.422Z",".html"
"04_기관리서치/관계도/원천자료/법령/장애인복지법_링크.html","1276","2026-09-09T04:06:10.993Z",".html"
"04_기관리서치/관계도/원천자료/법령/재외동포기본법_링크.html","1279","2026-09-09T04:07:16.800Z",".html"
"04_기관리서치/관계도/원천자료/법령/재외동포청직제시행규칙_링크.html","1291","2026-09-09T04:07:35.432Z",".html"
"04_기관리서치/관계도/원천자료/법령/재정경제부직제시행규칙_링크.html","1291","2026-09-09T04:07:21.576Z",".html"
"04_기관리서치/관계도/원천자료/법령/재해구호법_링크.html","1273","2026-09-09T04:06:38.737Z",".html"
"04_기관리서치/관계도/원천자료/법령/저작권법_링크.html","1270","2026-09-09T04:06:25.993Z",".html"
"04_기관리서치/관계도/원천자료/법령/전기사업법_링크.html","1273","2026-09-09T04:06:12.408Z",".html"
"04_기관리서치/관계도/원천자료/법령/전기안전관리법_링크.html","1279","2026-09-09T04:06:11.454Z",".html"
"04_기관리서치/관계도/원천자료/법령/전력산업구조개편촉진에관한법률_링크.html","1196","2026-09-09T04:05:34.302Z",".html"
"04_기관리서치/관계도/원천자료/법령/전자정부법_링크.html","1273","2026-09-09T04:07:53.959Z",".html"
"04_기관리서치/관계도/원천자료/법령/전쟁기념사업회법_링크.html","1282","2026-09-09T04:05:44.117Z",".html"
"04_기관리서치/관계도/원천자료/법령/전파법_링크.html","1267","2026-09-09T04:05:59.295Z",".html"
"04_기관리서치/관계도/원천자료/법령/정보통신망법_링크.html","1276","2026-09-09T04:06:29.425Z",".html"
"04_기관리서치/관계도/원천자료/법령/정보통신망이용촉진및정보보호등에관한법률_링크.html","1324","2026-09-09T04:06:28.029Z",".html"
"04_기관리서치/관계도/원천자료/법령/정보통신산업진흥법_링크.html","1285","2026-09-09T04:06:27.327Z",".html"
"04_기관리서치/관계도/원천자료/법령/정보통신진흥및융합활성화등에관한특별법_링크.html","1322","2026-09-09T04:06:52.467Z",".html"
"04_기관리서치/관계도/원천자료/법령/정부법무공단법_링크.html","1279","2026-09-09T04:06:23.798Z",".html"
"04_기관리서치/관계도/원천자료/법령/정부조직법_링크.html","1273","2026-09-09T04:07:20.695Z",".html"
"04_기관리서치/관계도/원천자료/법령/정부출연기관등의설립운영및육성에관한법률_링크.html","1196","2026-09-09T04:06:17.286Z",".html"
"04_기관리서치/관계도/원천자료/법령/정부출연기관법_링크.html","1279","2026-09-09T04:05:58.845Z",".html"
"04_기관리서치/관계도/원천자료/법령/정부출연연구기관등의설립운영및육성에관한법률_링크.html","1332","2026-09-09T04:05:25.430Z",".html"
"04_기관리서치/관계도/원천자료/법령/제주특별법_링크.html","1273","2026-09-09T04:05:45.771Z",".html"
"04_기관리서치/관계도/원천자료/법령/제주특별자치도설치및국제자유도시조성을위한특별법_링크.html","1336","2026-09-09T04:05:44.371Z",".html"
"04_기관리서치/관계도/원천자료/법령/제품안전기본법_링크.html","1279","2026-09-09T04:07:04.977Z",".html"
"04_기관리서치/관계도/원천자료/법령/조달청과그소속기관직제시행규칙_링크.html","1303","2026-09-09T04:07:33.933Z",".html"
"04_기관리서치/관계도/원천자료/법령/주차장법_링크.html","1270","2026-09-09T04:08:06.196Z",".html"
"04_기관리서치/관계도/원천자료/법령/주차장법시행규칙_링크.html","1283","2026-09-09T04:08:06.861Z",".html"
"04_기관리서치/관계도/원천자료/법령/주차장법시행령_링크.html","1280","2026-09-09T04:08:06.821Z",".html"
"04_기관리서치/관계도/원천자료/법령/주택도시기금법_링크.html","1279","2026-09-09T04:05:35.619Z",".html"
"04_기관리서치/관계도/원천자료/법령/중소기업기본법_링크.html","1279","2026-09-09T04:06:49.978Z",".html"
"04_기관리서치/관계도/원천자료/법령/중소기업기술혁신촉진법_링크.html","1291","2026-09-09T04:05:49.911Z",".html"
"04_기관리서치/관계도/원천자료/법령/중소기업은행법_링크.html","1279","2026-09-09T04:05:48.951Z",".html"
"04_기관리서치/관계도/원천자료/법령/중소기업진흥에관한법률_링크.html","1293","2026-09-09T04:05:48.626Z",".html"
"04_기관리서치/관계도/원천자료/법령/중소기업창업지원법_링크.html","1286","2026-09-09T04:06:36.388Z",".html"
"04_기관리서치/관계도/원천자료/법령/중소벤처기업부와그소속기관직제시행규칙_링크.html","1315","2026-09-09T04:07:31.028Z",".html"
"04_기관리서치/관계도/원천자료/법령/지능정보화기본법_링크.html","1283","2026-09-09T04:06:26.887Z",".html"
"04_기관리서치/관계도/원천자료/법령/지능형로봇개발및보급촉진법_링크.html","1302","2026-09-09T04:06:36.349Z",".html"
"04_기관리서치/관계도/원천자료/법령/지방공기업법_링크.html","1276","2026-09-09T04:07:52.588Z",".html"
"04_기관리서치/관계도/원천자료/법령/지방공기업법시행령_링크.html","1286","2026-09-09T04:07:52.735Z",".html"
"04_기관리서치/관계도/원천자료/법령/지방의료원의설립및운영에관한법률_링크.html","1311","2026-09-09T04:19:22.451Z",".html"
"04_기관리서치/관계도/원천자료/법령/지방자치단체출연연구원의설립및운영에관한법률_링크.html","1330","2026-09-09T04:19:22.149Z",".html"
"04_기관리서치/관계도/원천자료/법령/지방자치단체출자출연기관의운영에관한법률_링크.html","1325","2026-09-09T04:07:52.936Z",".html"
"04_기관리서치/관계도/원천자료/법령/지방자치단체출자출연기관의운영에관한법률시행령_링크.html","1335","2026-09-09T04:19:21.386Z",".html"
"04_기관리서치/관계도/원천자료/법령/지방자치법_링크.html","1273","2026-09-09T04:07:53.919Z",".html"
"04_기관리서치/관계도/원천자료/법령/지속가능교통물류발전법_링크.html","1293","2026-09-09T04:08:20.969Z",".html"
"04_기관리서치/관계도/원천자료/법령/지속가능교통물류발전법시행규칙_링크.html","1306","2026-09-09T04:08:22.078Z",".html"
"04_기관리서치/관계도/원천자료/법령/지속가능교통물류발전법시행령_링크.html","1303","2026-09-09T04:08:20.993Z",".html"
"04_기관리서치/관계도/원천자료/법령/지식재산처와그소속기관직제시행규칙_링크.html","1309","2026-09-09T04:07:38.636Z",".html"
"04_기관리서치/관계도/원천자료/법령/지역문화진흥법_링크.html","1279","2026-09-09T04:19:22.468Z",".html"
"04_기관리서치/관계도/원천자료/법령/지역신용보증재단법_링크.html","1285","2026-09-09T04:05:43.601Z",".html"
"04_기관리서치/관계도/원천자료/법령/질병관리청과그소속기관직제시행규칙_링크.html","1309","2026-09-09T04:07:38.819Z",".html"
"04_기관리서치/관계도/원천자료/법령/집단에너지사업법_링크.html","1282","2026-09-09T04:06:14.075Z",".html"
"04_기관리서치/관계도/원천자료/법령/철도사업법_링크.html","1273","2026-09-09T04:06:59.400Z",".html"
"04_기관리서치/관계도/원천자료/법령/철도안전법_링크.html","1273","2026-09-09T04:08:07.492Z",".html"
"04_기관리서치/관계도/원천자료/법령/철도안전법시행규칙_링크.html","1286","2026-09-09T04:08:08.404Z",".html"
"04_기관리서치/관계도/원천자료/법령/철도안전법시행령_링크.html","1283","2026-09-09T04:08:08.336Z",".html"
"04_기관리서치/관계도/원천자료/법령/첨단의료복합단지육성에관한특별법_링크.html","1309","2026-09-09T04:06:50.334Z",".html"
"04_기관리서치/관계도/원천자료/법령/청소년복지지원법_링크.html","1282","2026-09-09T04:06:14.911Z",".html"
"04_기관리서치/관계도/원천자료/법령/청소년활동진흥법_링크.html","1283","2026-09-09T04:06:34.723Z",".html"
"04_기관리서치/관계도/원천자료/법령/축산법_링크.html","1267","2026-09-09T04:05:50.141Z",".html"
"04_기관리서치/관계도/원천자료/법령/출판문화산업진흥법_링크.html","1285","2026-09-09T04:05:53.803Z",".html"
"04_기관리서치/관계도/원천자료/법령/탄소소재법_링크.html","1273","2026-09-09T04:07:15.683Z",".html"
"04_기관리서치/관계도/원천자료/법령/탄소소재융복합기술개발및기반조성지원에관한법률_링크.html","1335","2026-09-09T04:07:13.726Z",".html"
"04_기관리서치/관계도/원천자료/법령/태권도진흥및태권도공원조성등에관한법률_링크.html","1322","2026-09-09T04:06:30.789Z",".html"
"04_기관리서치/관계도/원천자료/법령/통일부와그소속기관직제시행규칙_링크.html","1303","2026-09-09T04:07:24.889Z",".html"
"04_기관리서치/관계도/원천자료/법령/특별감찰관법_링크.html","1276","2026-09-09T04:07:49.300Z",".html"
"04_기관리서치/관계도/원천자료/법령/특별감찰관직제_링크.html","1279","2026-09-09T04:07:49.511Z",".html"
"04_기관리서치/관계도/원천자료/법령/평생교육법_링크.html","1273","2026-09-09T04:06:31.583Z",".html"
"04_기관리서치/관계도/원천자료/법령/한국가스공사법_링크.html","1279","2026-09-09T04:05:46.566Z",".html"
"04_기관리서치/관계도/원천자료/법령/한국가스공사법시행령_링크.html","1289","2026-09-09T04:05:47.863Z",".html"
"04_기관리서치/관계도/원천자료/법령/한국고용노동교육원법_링크.html","1288","2026-09-09T04:07:08.520Z",".html"
"04_기관리서치/관계도/원천자료/법령/한국고전번역원법_링크.html","1282","2026-09-09T04:05:36.873Z",".html"
"04_기관리서치/관계도/원천자료/법령/한국공항공사법_링크.html","1279","2026-09-09T04:05:55.358Z",".html"
"04_기관리서치/관계도/원천자료/법령/한국과학기술원법_링크.html","1282","2026-09-09T04:19:23.994Z",".html"
"04_기관리서치/관계도/원천자료/법령/한국관광공사법_링크.html","1279","2026-09-09T04:05:56.404Z",".html"
"04_기관리서치/관계도/원천자료/법령/한국광해광업공단법_링크.html","1285","2026-09-09T04:07:11.440Z",".html"
"04_기관리서치/관계도/원천자료/법령/한국교육학술정보원법_링크.html","1288","2026-09-09T04:05:52.287Z",".html"
"04_기관리서치/관계도/원천자료/법령/한국교통안전공단법_링크.html","1285","2026-09-09T04:05:26.686Z",".html"
"04_기관리서치/관계도/원천자료/법령/한국교통안전공단법시행규칙_링크.html","1196","2026-09-09T04:07:59.755Z",".html"
"04_기관리서치/관계도/원천자료/법령/한국교통안전공단법시행령_링크.html","1295","2026-09-09T04:07:56.901Z",".html"
"04_기관리서치/관계도/원천자료/법령/한국국방연구원법_링크.html","1282","2026-09-09T04:05:56.943Z",".html"
"04_기관리서치/관계도/원천자료/법령/한국국제교류재단법_링크.html","1285","2026-09-09T04:05:57.170Z",".html"
"04_기관리서치/관계도/원천자료/법령/한국국제보건의료재단법_링크.html","1291","2026-09-09T04:06:24.879Z",".html"
"04_기관리서치/관계도/원천자료/법령/한국국제협력단법_링크.html","1282","2026-09-09T04:05:52.687Z",".html"
"04_기관리서치/관계도/원천자료/법령/한국국토정보공사법_링크.html","1285","2026-09-09T04:05:35.806Z",".html"
"04_기관리서치/관계도/원천자료/법령/한국농수산식품유통공사법_링크.html","1294","2026-09-09T04:05:31.225Z",".html"
"04_기관리서치/관계도/원천자료/법령/한국농어촌공사및농지관리기금법_링크.html","1305","2026-09-09T04:05:32.293Z",".html"
"04_기관리서치/관계도/원천자료/법령/한국도로공사법_링크.html","1279","2026-09-09T04:05:58.219Z",".html"
"04_기관리서치/관계도/원천자료/법령/한국도로교통공단법_링크.html","1285","2026-09-09T04:05:36.376Z",".html"
"04_기관리서치/관계도/원천자료/법령/한국마사회법_링크.html","1276","2026-09-09T04:05:59.308Z",".html"
"04_기관리서치/관계도/원천자료/법령/한국보건복지인재원법_링크.html","1288","2026-09-09T04:05:37.856Z",".html"
"04_기관리서치/관계도/원천자료/법령/한국보건산업진흥원법_링크.html","1288","2026-09-09T04:06:02.331Z",".html"
"04_기관리서치/관계도/원천자료/법령/한국보건의료인국가시험원법_링크.html","1297","2026-09-09T04:06:02.639Z",".html"
"04_기관리서치/관계도/원천자료/법령/한국보훈복지의료공단법_링크.html","1291","2026-09-09T04:06:03.394Z",".html"
"04_기관리서치/관계도/원천자료/법령/한국부동산원법_링크.html","1279","2026-09-09T04:05:54.319Z",".html"
"04_기관리서치/관계도/원천자료/법령/한국사학진흥재단법_링크.html","1285","2026-09-09T04:06:03.758Z",".html"
"04_기관리서치/관계도/원천자료/법령/한국산업안전보건공단법_링크.html","1291","2026-09-09T04:06:04.606Z",".html"
"04_기관리서치/관계도/원천자료/법령/한국산업은행법_링크.html","1279","2026-09-09T04:06:04.953Z",".html"
"04_기관리서치/관계도/원천자료/법령/한국산업인력공단법_링크.html","1285","2026-09-09T04:06:05.822Z",".html"
"04_기관리서치/관계도/원천자료/법령/한국석유공사법_링크.html","1279","2026-09-09T04:06:05.856Z",".html"
"04_기관리서치/관계도/원천자료/법령/한국수자원공사법_링크.html","1282","2026-09-09T04:06:07.645Z",".html"
"04_기관리서치/관계도/원천자료/법령/한국수출입은행법_링크.html","1282","2026-09-09T04:06:08.191Z",".html"
"04_기관리서치/관계도/원천자료/법령/한국식품안전관리인증원의설립및운영에관한법률_링크.html","1329","2026-09-09T04:07:03.076Z",".html"
"04_기관리서치/관계도/원천자료/법령/한국에너지공과대학교법_링크.html","1291","2026-09-09T04:19:25.289Z",".html"
"04_기관리서치/관계도/원천자료/법령/한국연구재단법_링크.html","1279","2026-09-09T04:06:25.219Z",".html"
"04_기관리서치/관계도/원천자료/법령/한국원자력안전기술원법_링크.html","1291","2026-09-09T04:06:09.373Z",".html"
"04_기관리서치/관계도/원천자료/법령/한국은행법_링크.html","1273","2026-09-09T04:19:23.555Z",".html"
"04_기관리서치/관계도/원천자료/법령/한국자산관리공사설립등에관한법률_링크.html","1310","2026-09-09T04:06:09.808Z",".html"
"04_기관리서치/관계도/원천자료/법령/한국장학재단설립등에관한법률_링크.html","1304","2026-09-09T04:06:33.231Z",".html"
"04_기관리서치/관계도/원천자료/법령/한국재정정보원법_링크.html","1282","2026-09-09T04:06:59.123Z",".html"
"04_기관리서치/관계도/원천자료/법령/한국전력공사법_링크.html","1279","2026-09-09T04:06:12.683Z",".html"
"04_기관리서치/관계도/원천자료/법령/한국조폐공사법_링크.html","1279","2026-09-09T04:06:12.998Z",".html"
"04_기관리서치/관계도/원천자료/법령/한국주택금융공사법_링크.html","1285","2026-09-09T04:06:13.741Z",".html"
"04_기관리서치/관계도/원천자료/법령/한국철도공사법_링크.html","1279","2026-09-09T04:05:51.177Z",".html"
"04_기관리서치/관계도/원천자료/법령/한국토지주택공사법_링크.html","1285","2026-09-09T04:05:45.189Z",".html"
"04_기관리서치/관계도/원천자료/법령/한국투자공사법_링크.html","1279","2026-09-09T04:06:15.061Z",".html"
"04_기관리서치/관계도/원천자료/법령/한국해양과학기술원법_링크.html","1288","2026-09-09T04:06:16.255Z",".html"
"04_기관리서치/관계도/원천자료/법령/한국해양교통안전공단법_링크.html","1291","2026-09-09T04:05:40.176Z",".html"
"04_기관리서치/관계도/원천자료/법령/한국해양수산연수원법_링크.html","1288","2026-09-09T04:06:16.192Z",".html"
"04_기관리서치/관계도/원천자료/법령/한국해양진흥공사법_링크.html","1285","2026-09-09T04:10:16.947Z",".html"
"04_기관리서치/관계도/원천자료/법령/한국환경공단법_링크.html","1279","2026-09-09T04:06:28.636Z",".html"
"04_기관리서치/관계도/원천자료/법령/한국환경산업기술원법_링크.html","1288","2026-09-09T04:06:26.298Z",".html"
"04_기관리서치/관계도/원천자료/법령/한식진흥법_링크.html","1273","2026-09-09T04:06:53.685Z",".html"
"04_기관리서치/관계도/원천자료/법령/한의약육성법_링크.html","1276","2026-09-09T04:07:00.301Z",".html"
"04_기관리서치/관계도/원천자료/법령/항공사업법_링크.html","1273","2026-09-09T04:08:11.290Z",".html"
"04_기관리서치/관계도/원천자료/법령/항공사업법시행규칙_링크.html","1286","2026-09-09T04:08:12.651Z",".html"
"04_기관리서치/관계도/원천자료/법령/항공사업법시행령_링크.html","1283","2026-09-09T04:08:11.302Z",".html"
"04_기관리서치/관계도/원천자료/법령/항공안전기술원법_링크.html","1282","2026-09-09T04:06:50.729Z",".html"
"04_기관리서치/관계도/원천자료/법령/항공안전법_링크.html","1273","2026-09-09T04:08:09.118Z",".html"
"04_기관리서치/관계도/원천자료/법령/항공안전법시행규칙_링크.html","1286","2026-09-09T04:08:10.441Z",".html"
"04_기관리서치/관계도/원천자료/법령/항공안전법시행령_링크.html","1283","2026-09-09T04:08:09.713Z",".html"
"04_기관리서치/관계도/원천자료/법령/항로표지법_링크.html","1273","2026-09-09T04:06:22.601Z",".html"
"04_기관리서치/관계도/원천자료/법령/항만공사법_링크.html","1273","2026-09-09T04:05:37.882Z",".html"
"04_기관리서치/관계도/원천자료/법령/해양경찰청과그소속기관직제시행규칙_링크.html","1309","2026-09-09T04:07:41.270Z",".html"
"04_기관리서치/관계도/원천자료/법령/해양수산과학기술육성법_링크.html","1292","2026-09-09T04:06:23.348Z",".html"
"04_기관리서치/관계도/원천자료/법령/해양수산부와그소속기관직제시행규칙_링크.html","1309","2026-09-09T04:07:31.012Z",".html"
"04_기관리서치/관계도/원천자료/법령/해양조사와해양정보활용에관한법률_링크.html","1310","2026-09-09T04:06:41.170Z",".html"
"04_기관리서치/관계도/원천자료/법령/해양환경관리법_링크.html","1279","2026-09-09T04:06:38.636Z",".html"
"04_기관리서치/관계도/원천자료/법령/해외건설촉진법_링크.html","1280","2026-09-09T04:07:06.056Z",".html"
"04_기관리서치/관계도/원천자료/법령/행정안전부와그소속기관직제시행규칙_링크.html","1309","2026-09-09T04:07:26.261Z",".html"
"04_기관리서치/관계도/원천자료/법령/행정중심복합도시건설청직제시행규칙_링크.html","1309","2026-09-09T04:07:40.099Z",".html"
"04_기관리서치/관계도/원천자료/법령/헌법재판소법_링크.html","1276","2026-09-09T04:07:50.545Z",".html"
"04_기관리서치/관계도/원천자료/법령/화물자동차운수사업법_링크.html","1289","2026-09-09T04:08:04.673Z",".html"
"04_기관리서치/관계도/원천자료/법령/화물자동차운수사업법시행규칙_링크.html","1302","2026-09-09T04:08:04.807Z",".html"
"04_기관리서치/관계도/원천자료/법령/화물자동차운수사업법시행령_링크.html","1299","2026-09-09T04:08:04.679Z",".html"
"04_기관리서치/관계도/원천자료/법령/환경부및기상청소관비영리법인의설립과감독에관한규칙_링크.html","1341","2026-09-09T04:07:09.335Z",".html"
"04_기관리서치/관계도/원천자료/법령/환경정책기본법_링크.html","1279","2026-09-09T04:07:01.306Z",".html"
"04_기관리서치/관계도/원천자료/ALIO/C0001_2025041102979786.html","11286","2026-09-09T03:59:11.162Z",".html"
"04_기관리서치/관계도/원천자료/ALIO/C0001_reports.json","774","2026-09-09T03:59:10.957Z",".json"
"04_기관리서치/관계도/원천자료/ALIO/C0002_2026090503237840.html","14090","2026-09-09T03:59:11.710Z",".html"
"04_기관리서치/관계도/원천자료/ALIO/C0002_reports.json","830","2026-09-09T03:59:11.472Z",".json"
"04_기관리서치/관계도/원천자료/ALIO/C0003_2026042403167109.html","14435","2026-09-09T03:59:12.235Z",".html"
"04_기관리서치/관계도/원천자료/ALIO/C0003_reports.json","1490","2026-09-09T03:59:12.006Z",".json"
"04_기관리서치/관계도/원천자료/ALIO/C0004_2026090303236756.html","14122","2026-09-09T03:59:12.250Z",".html"
"04_기관리서치/관계도/원천자료/ALIO/C0004_reports.json","1440","2026-09-09T03:59:11.991Z",".json"
"04_기관리서치/관계도/원천자료/ALIO/C0005_2026041503161095.html","11557","2026-09-09T03:59:10.598Z",".html"
"04_기관리서치/관계도/원천자료/ALIO/C0005_reports.json","2458","2026-09-09T03:59:10.383Z",".json"
"04_기관리서치/관계도/원천자료/ALIO/C0006_2026071003213496.html","14891","2026-09-09T03:59:12.265Z",".html"
"04_기관리서치/관계도/원천자료/ALIO/C0006_reports.json","1793","2026-09-09T03:59:12.026Z",".json"
"04_기관리서치/관계도/원천자료/ALIO/C0008_2026082503232779.html","15269","2026-09-09T03:59:13.268Z",".html"
"04_기관리서치/관계도/원천자료/ALIO/C0008_reports.json","1462","2026-09-09T03:59:13.043Z",".json"
"04_기관리서치/관계도/원천자료/ALIO/C0009_2026082903234975.html","14903","2026-09-09T03:59:13.357Z",".html"
"04_기관리서치/관계도/원천자료/ALIO/C0009_reports.json","1816","2026-09-09T03:59:13.090Z",".json"
"04_기관리서치/관계도/원천자료/ALIO/C0010_2026011503103388.html","14631","2026-09-09T03:59:13.763Z",".html"
"04_기관리서치/관계도/원천자료/ALIO/C0010_reports.json","1796","2026-09-09T03:59:13.530Z",".json"
"04_기관리서치/관계도/원천자료/ALIO/C0013_2026072203218151.html","13809","2026-09-09T03:59:14.299Z",".html"
"04_기관리서치/관계도/원천자료/ALIO/C0013_reports.json","2806","2026-09-09T03:59:14.076Z",".json"
"04_기관리서치/관계도/원천자료/ALIO/C0017_2026061603195762.html","13442","2026-09-09T03:59:14.415Z",".html"
"04_기관리서치/관계도/원천자료/ALIO/C0017_reports.json","1458","2026-09-09T03:59:14.178Z",".json"
"04_기관리서치/관계도/원천자료/ALIO/C0019_2026090903239015.html","18698","2026-09-09T03:59:42.417Z",".html"
"04_기관리서치/관계도/원천자료/ALIO/C0019_reports.json","2796","2026-09-09T03:59:42.200Z",".json"
"04_기관리서치/관계도/원천자료/ALIO/C0020_2026010703097233.html","12800","2026-09-09T03:59:59.238Z",".html"
"04_기관리서치/관계도/원천자료/ALIO/C0020_reports.json","1153","2026-09-09T03:59:59.011Z",".json"
"04_기관리서치/관계도/원천자료/ALIO/C0021_2026011403102805.html","14134","2026-09-09T03:59:15.988Z",".html"
"04_기관리서치/관계도/원천자료/ALIO/C0021_reports.json","1453","2026-09-09T03:59:15.761Z",".json"
"04_기관리서치/관계도/원천자료/ALIO/C0023_2025041502981341.html","12427","2026-09-09T03:59:17.657Z",".html"
"04_기관리서치/관계도/원천자료/ALIO/C0023_reports.json","772","2026-09-09T03:59:17.423Z",".json"
"04_기관리서치/관계도/원천자료/ALIO/C0026_2026072803220606.html","16885","2026-09-09T03:59:19.232Z",".html"
"04_기관리서치/관계도/원천자료/ALIO/C0026_reports.json","2123","2026-09-09T03:59:18.985Z",".json"
"04_기관리서치/관계도/원천자료/ALIO/C0028_2026021403117082.html","16408","2026-09-09T03:59:19.300Z",".html"
"04_기관리서치/관계도/원천자료/ALIO/C0028_reports.json","1773","2026-09-09T03:59:19.042Z",".json"
"04_기관리서치/관계도/원천자료/ALIO/C0029_2026090403237372.html","16770","2026-09-09T03:59:27.009Z",".html"
"04_기관리서치/관계도/원천자료/ALIO/C0029_reports.json","3173","2026-09-09T03:59:26.759Z",".json"
"04_기관리서치/관계도/원천자료/ALIO/C0031_2026040103140622.html","13690","2026-09-09T03:59:20.346Z",".html"
"04_기관리서치/관계도/원천자료/ALIO/C0031_reports.json","1118","2026-09-09T03:59:20.127Z",".json"
"04_기관리서치/관계도/원천자료/ALIO/C0032_2026071603216119.html","13840","2026-09-09T03:59:21.215Z",".html"
"04_기관리서치/관계도/원천자료/ALIO/C0032_reports.json","1444","2026-09-09T03:59:20.975Z",".json"
"04_기관리서치/관계도/원천자료/ALIO/C0035_2026081203227164.html","17703","2026-09-09T03:59:21.762Z",".html"
"04_기관리서치/관계도/원천자료/ALIO/C0035_reports.json","3500","2026-09-09T03:59:21.528Z",".json"
"04_기관리서치/관계도/원천자료/ALIO/C0038_2026072503220017.html","14222","2026-09-09T03:59:21.779Z",".html"
"04_기관리서치/관계도/원천자료/ALIO/C0038_reports.json","2461","2026-09-09T03:59:21.543Z",".json"
"04_기관리서치/관계도/원천자료/ALIO/C0042_2026080703225489.html","12212","2026-09-09T03:59:44.112Z",".html"
"04_기관리서치/관계도/원천자료/ALIO/C0042_reports.json","2476","2026-09-09T03:59:43.879Z",".json"
"04_기관리서치/관계도/원천자료/ALIO/C0043_2026022503119937.html","16475","2026-09-09T03:59:44.248Z",".html"
"04_기관리서치/관계도/원천자료/ALIO/C0043_reports.json","2452","2026-09-09T03:59:44.031Z",".json"
"04_기관리서치/관계도/원천자료/ALIO/C0045_2026080403223498.html","17668","2026-09-09T03:59:44.773Z",".html"
"04_기관리서치/관계도/원천자료/ALIO/C0045_reports.json","1848","2026-09-09T03:59:44.539Z",".json"
"04_기관리서치/관계도/원천자료/ALIO/C0046_2026080803225922.html","14715","2026-09-09T03:59:45.013Z",".html"
"04_기관리서치/관계도/원천자료/ALIO/C0046_reports.json","2613","2026-09-09T03:59:44.775Z",".json"
"04_기관리서치/관계도/원천자료/ALIO/C0050_2025040902968368.html","12480","2026-09-09T03:59:29.828Z",".html"
"04_기관리서치/관계도/원천자료/ALIO/C0050_reports.json","822","2026-09-09T03:59:29.593Z",".json"
"04_기관리서치/관계도/원천자료/ALIO/C0051_2026080103222930.html","14855","2026-09-09T03:59:22.835Z",".html"
"04_기관리서치/관계도/원천자료/ALIO/C0051_reports.json","1457","2026-09-09T03:59:22.602Z",".json"
"04_기관리서치/관계도/원천자료/ALIO/C0054_2026010803097876.html","17770","2026-09-09T03:59:23.305Z",".html"
"04_기관리서치/관계도/원천자료/ALIO/C0054_reports.json","1464","2026-09-09T03:59:23.055Z",".json"
"04_기관리서치/관계도/원천자료/ALIO/C0055_2026010603096669.html","12106","2026-09-09T03:59:23.383Z",".html"
"04_기관리서치/관계도/원천자료/ALIO/C0055_reports.json","1458","2026-09-09T03:59:23.174Z",".json"
"04_기관리서치/관계도/원천자료/ALIO/C0057_2026022803122160.html","12285","2026-09-09T03:59:23.385Z",".html"
"04_기관리서치/관계도/원천자료/ALIO/C0057_reports.json","1501","2026-09-09T03:59:23.171Z",".json"
"04_기관리서치/관계도/원천자료/ALIO/C0059_2025112003077986.html","11569","2026-09-09T03:59:23.881Z",".html"
"04_기관리서치/관계도/원천자료/ALIO/C0059_reports.json","1155","2026-09-09T03:59:23.656Z",".json"
"04_기관리서치/관계도/원천자료/ALIO/C0061_2026020303111465.html","15271","2026-09-09T03:59:35.562Z",".html"
"04_기관리서치/관계도/원천자료/ALIO/C0061_reports.json","1807","2026-09-09T03:59:35.330Z",".json"
"04_기관리서치/관계도/원천자료/ALIO/C0062_2026071503215396.html","15750","2026-09-09T03:59:43.466Z",".html"
"04_기관리서치/관계도/원천자료/ALIO/C0062_reports.json","2140","2026-09-09T03:59:43.215Z",".json"
"04_기관리서치/관계도/원천자료/ALIO/C0063_2026031403129967.html","14678","2026-09-09T03:59:23.931Z",".html"
"04_기관리서치/관계도/원천자료/ALIO/C0063_reports.json","3124","2026-09-09T03:59:23.676Z",".json"
"04_기관리서치/관계도/원천자료/ALIO/C0064_2026062503200461.html","19138","2026-09-09T03:59:46.055Z",".html"
"04_기관리서치/관계도/원천자료/ALIO/C0064_reports.json","774","2026-09-09T03:59:45.786Z",".json"
"04_기관리서치/관계도/원천자료/ALIO/C0065_2026041703162987.html","12796","2026-09-09T03:59:24.388Z",".html"
"04_기관리서치/관계도/원천자료/ALIO/C0065_reports.json","1428","2026-09-09T03:59:24.154Z",".json"
"04_기관리서치/관계도/원천자료/ALIO/C0066_2026061903197878.html","12597","2026-09-09T03:59:46.306Z",".html"
"04_기관리서치/관계도/원천자료/ALIO/C0066_reports.json","2792","2026-09-09T03:59:46.074Z",".json"
"04_기관리서치/관계도/원천자료/ALIO/C0067_2026060203189084.html","13660","2026-09-09T03:59:40.242Z",".html"
"04_기관리서치/관계도/원천자료/ALIO/C0067_reports.json","1179","2026-09-09T03:59:40.008Z",".json"
"04_기관리서치/관계도/원천자료/ALIO/C0068_2026031103127417.html","13851","2026-09-09T03:59:24.899Z",".html"
"04_기관리서치/관계도/원천자료/ALIO/C0068_reports.json","1153","2026-09-09T03:59:24.695Z",".json"
"04_기관리서치/관계도/원천자료/ALIO/C0070_2026072903221265.html","16597","2026-09-09T03:59:49.990Z",".html"
"04_기관리서치/관계도/원천자료/ALIO/C0070_reports.json","2130","2026-09-09T03:59:49.720Z",".json"
"04_기관리서치/관계도/원천자료/ALIO/C0071_2026082603233350.html","14241","2026-09-09T03:59:24.945Z",".html"
"04_기관리서치/관계도/원천자료/ALIO/C0071_reports.json","1117","2026-09-09T03:59:24.721Z",".json"
"04_기관리서치/관계도/원천자료/ALIO/C0072_2025103103069177.html","12214","2026-09-09T03:59:25.424Z",".html"
"04_기관리서치/관계도/원천자료/ALIO/C0072_reports.json","1434","2026-09-09T03:59:25.184Z",".json"
"04_기관리서치/관계도/원천자료/ALIO/C0075_2026081103226456.html","16418","2026-09-09T03:59:25.972Z",".html"
"04_기관리서치/관계도/원천자료/ALIO/C0075_reports.json","1206","2026-09-09T03:59:25.756Z",".json"
"04_기관리서치/관계도/원천자료/ALIO/C0076_2026080503224164.html","13156","2026-09-09T03:59:52.144Z",".html"
"04_기관리서치/관계도/원천자료/ALIO/C0076_reports.json","3806","2026-09-09T03:59:51.895Z",".json"
"04_기관리서치/관계도/원천자료/ALIO/C0078_2026071603216120.html","14474","2026-09-09T03:59:25.962Z",".html"
"04_기관리서치/관계도/원천자료/ALIO/C0078_reports.json","1157","2026-09-09T03:59:25.738Z",".json"
"04_기관리서치/관계도/원천자료/ALIO/C0082_2026080103222931.html","15492","2026-09-09T03:59:53.661Z",".html"
"04_기관리서치/관계도/원천자료/ALIO/C0082_reports.json","3460","2026-09-09T03:59:53.428Z",".json"
"04_기관리서치/관계도/원천자료/ALIO/C0083_2026090303236757.html","16040","2026-09-09T03:59:26.478Z",".html"
"04_기관리서치/관계도/원천자료/ALIO/C0083_reports.json","1830","2026-09-09T03:59:26.241Z",".json"
"04_기관리서치/관계도/원천자료/ALIO/C0084_2026052203184638.html","16562","2026-09-09T03:59:26.997Z",".html"
"04_기관리서치/관계도/원천자료/ALIO/C0084_reports.json","1144","2026-09-09T03:59:26.759Z",".json"
"04_기관리서치/관계도/원천자료/ALIO/C0087_2026070803206154.html","16033","2026-09-09T04:00:08.214Z",".html"
"04_기관리서치/관계도/원천자료/ALIO/C0087_reports.json","2152","2026-09-09T04:00:07.965Z",".json"
"04_기관리서치/관계도/원천자료/ALIO/C0089_2025100303057071.html","14138","2026-09-09T03:59:28.044Z",".html"
"04_기관리서치/관계도/원천자료/ALIO/C0089_reports.json","1128","2026-09-09T03:59:27.847Z",".json"
"04_기관리서치/관계도/원천자료/ALIO/C0091_2026032003133395.html","18436","2026-09-09T03:59:28.737Z",".html"
"04_기관리서치/관계도/원천자료/ALIO/C0091_reports.json","2125","2026-09-09T03:59:28.495Z",".json"
"04_기관리서치/관계도/원천자료/ALIO/C0096_2025043002990483.html","12922","2026-09-09T03:59:29.520Z",".html"
"04_기관리서치/관계도/원천자료/ALIO/C0096_reports.json","782","2026-09-09T03:59:29.288Z",".json"
"04_기관리서치/관계도/원천자료/ALIO/C0097_2026020703113764.html","13150","2026-09-09T03:59:56.845Z",".html"
"04_기관리서치/관계도/원천자료/ALIO/C0097_reports.json","2244","2026-09-09T03:59:56.616Z",".json"
"04_기관리서치/관계도/원천자료/ALIO/C0098_2025040502966785.html","13016","2026-09-09T03:59:30.028Z",".html"
"04_기관리서치/관계도/원천자료/ALIO/C0098_reports.json","779","2026-09-09T03:59:29.814Z",".json"
"04_기관리서치/관계도/원천자료/ALIO/C0099_2026031003126511.html","17164","2026-09-09T03:59:30.164Z",".html"
"04_기관리서치/관계도/원천자료/ALIO/C0099_reports.json","1506","2026-09-09T03:59:29.917Z",".json"
"04_기관리서치/관계도/원천자료/ALIO/C0101_2026080603224848.html","18323","2026-09-09T03:59:30.356Z",".html"
"04_기관리서치/관계도/원천자료/ALIO/C0101_reports.json","3133","2026-09-09T03:59:30.127Z",".json"
"04_기관리서치/관계도/원천자료/ALIO/C0102_2026042503167652.html","11837","2026-09-09T03:59:30.478Z",".html"
"04_기관리서치/관계도/원천자료/ALIO/C0102_reports.json","1506","2026-09-09T03:59:30.276Z",".json"
"04_기관리서치/관계도/원천자료/ALIO/C0103_2026010803097878.html","12608","2026-09-09T03:59:54.212Z",".html"
"04_기관리서치/관계도/원천자료/ALIO/C0103_reports.json","1785","2026-09-09T03:59:53.970Z",".json"
"04_기관리서치/관계도/원천자료/ALIO/C0104_2026080803225923.html","12669","2026-09-09T03:59:58.924Z",".html"
"04_기관리서치/관계도/원천자료/ALIO/C0104_reports.json","1110","2026-09-09T03:59:58.703Z",".json"
"04_기관리서치/관계도/원천자료/ALIO/C0105_2026070903206906.html","12884","2026-09-09T03:59:31.359Z",".html"
"04_기관리서치/관계도/원천자료/ALIO/C0105_reports.json","1477","2026-09-09T03:59:31.130Z",".json"
"04_기관리서치/관계도/원천자료/ALIO/C0107_2026010703097234.html","13049","2026-09-09T03:59:31.521Z",".html"
"04_기관리서치/관계도/원천자료/ALIO/C0107_reports.json","1453","2026-09-09T03:59:31.284Z",".json"
"04_기관리서치/관계도/원천자료/ALIO/C0112_2026052803186915.html","12078","2026-09-09T03:59:29.024Z",".html"
"04_기관리서치/관계도/원천자료/ALIO/C0112_reports.json","1144","2026-09-09T03:59:28.828Z",".json"
"04_기관리서치/관계도/원천자료/ALIO/C0113_2026011403102808.html","14913","2026-09-09T03:59:33.459Z",".html"
"04_기관리서치/관계도/원천자료/ALIO/C0113_reports.json","1104","2026-09-09T03:59:33.227Z",".json"
"04_기관리서치/관계도/원천자료/ALIO/C0114_2026090203236141.html","15606","2026-09-09T03:59:33.602Z",".html"
"04_기관리서치/관계도/원천자료/ALIO/C0114_reports.json","2124","2026-09-09T03:59:33.367Z",".json"
"04_기관리서치/관계도/원천자료/ALIO/C0115_2026032103134120.html","13291","2026-09-09T03:59:33.959Z",".html"
"04_기관리서치/관계도/원천자료/ALIO/C0115_reports.json","1126","2026-09-09T03:59:33.723Z",".json"
"04_기관리서치/관계도/원천자료/ALIO/C0120_2026010303096159.html","17824","2026-09-09T03:59:34.534Z",".html"
"04_기관리서치/관계도/원천자료/ALIO/C0120_reports.json","780","2026-09-09T03:59:34.307Z",".json"
"04_기관리서치/관계도/원천자료/ALIO/C0121_2026081403228864.html","14918","2026-09-09T03:59:34.825Z",".html"
"04_기관리서치/관계도/원천자료/ALIO/C0121_reports.json","2158","2026-09-09T03:59:34.580Z",".json"
"04_기관리서치/관계도/원천자료/ALIO/C0122_2026090203236142.html","14674","2026-09-09T03:59:35.054Z",".html"
"04_기관리서치/관계도/원천자료/ALIO/C0122_reports.json","1789","2026-09-09T03:59:34.841Z",".json"
"04_기관리서치/관계도/원천자료/ALIO/C0124_2026080103222932.html","12901","2026-09-09T03:59:35.365Z",".html"
"04_기관리서치/관계도/원천자료/ALIO/C0124_reports.json","1444","2026-09-09T03:59:35.133Z",".json"
"04_기관리서치/관계도/원천자료/ALIO/C0125_2026061003192981.html","16502","2026-09-09T03:59:11.175Z",".html"
"04_기관리서치/관계도/원천자료/ALIO/C0125_reports.json","2135","2026-09-09T03:59:10.903Z",".json"
"04_기관리서치/관계도/원천자료/ALIO/C0126_2026012303106718.html","16437","2026-09-09T04:00:03.676Z",".html"
"04_기관리서치/관계도/원천자료/ALIO/C0126_reports.json","1464","2026-09-09T04:00:03.436Z",".json"
"04_기관리서치/관계도/원천자료/ALIO/C0127_2026072903221266.html","17227","2026-09-09T03:59:35.883Z",".html"
"04_기관리서치/관계도/원천자료/ALIO/C0127_reports.json","2446","2026-09-09T03:59:35.651Z",".json"
"04_기관리서치/관계도/원천자료/ALIO/C0129_2026040103140623.html","12807","2026-09-09T03:59:35.650Z",".html"
"04_기관리서치/관계도/원천자료/ALIO/C0129_reports.json","1477","2026-09-09T03:59:35.418Z",".json"
"04_기관리서치/관계도/원천자료/ALIO/C0130_2026011003101572.html","17946","2026-09-09T03:59:36.190Z",".html"
"04_기관리서치/관계도/원천자료/ALIO/C0130_reports.json","1474","2026-09-09T03:59:35.930Z",".json"
"04_기관리서치/관계도/원천자료/ALIO/C0134_2026070803206155.html","15023","2026-09-09T03:59:37.024Z",".html"
"04_기관리서치/관계도/원천자료/ALIO/C0134_reports.json","2454","2026-09-09T03:59:36.784Z",".json"
"04_기관리서치/관계도/원천자료/ALIO/C0135_2026090103235510.html","13862","2026-09-09T03:59:37.244Z",".html"
"04_기관리서치/관계도/원천자료/ALIO/C0135_reports.json","2244","2026-09-09T03:59:37.018Z",".json"
"04_기관리서치/관계도/원천자료/ALIO/C0136_2026082503232780.html","13875","2026-09-09T03:59:37.326Z",".html"
"04_기관리서치/관계도/원천자료/ALIO/C0136_reports.json","2127","2026-09-09T03:59:37.080Z",".json"
"04_기관리서치/관계도/원천자료/ALIO/C0140_2026032103134121.html","13572","2026-09-09T03:59:37.848Z",".html"
"04_기관리서치/관계도/원천자료/ALIO/C0140_reports.json","1523","2026-09-09T03:59:37.621Z",".json"
"04_기관리서치/관계도/원천자료/ALIO/C0141_2025043002990462.html","13124","2026-09-09T03:59:38.621Z",".html"
"04_기관리서치/관계도/원천자료/ALIO/C0141_reports.json","756","2026-09-09T03:59:38.410Z",".json"
"04_기관리서치/관계도/원천자료/ALIO/C0144_2025041002969076.html","15201","2026-09-09T03:59:38.932Z",".html"
"04_기관리서치/관계도/원천자료/ALIO/C0144_reports.json","815","2026-09-09T03:59:38.674Z",".json"
"04_기관리서치/관계도/원천자료/ALIO/C0145_2026090203236143.html","16589","2026-09-09T03:59:42.161Z",".html"
"04_기관리서치/관계도/원천자료/ALIO/C0145_reports.json","3132","2026-09-09T03:59:41.927Z",".json"
"04_기관리서치/관계도/원천자료/ALIO/C0146_2026072203218152.html","16902","2026-09-09T03:59:43.228Z",".html"
"04_기관리서치/관계도/원천자료/ALIO/C0146_reports.json","2294","2026-09-09T03:59:42.984Z",".json"
"04_기관리서치/관계도/원천자료/ALIO/C0147_2026080703225490.html","13516","2026-09-09T03:59:39.027Z",".html"
"04_기관리서치/관계도/원천자료/ALIO/C0147_reports.json","2127","2026-09-09T03:59:38.781Z",".json"
"04_기관리서치/관계도/원천자료/ALIO/C0148_2025111203074196.html","13491","2026-09-09T03:59:39.203Z",".html"
"04_기관리서치/관계도/원천자료/ALIO/C0148_reports.json","1110","2026-09-09T03:59:38.995Z",".json"
"04_기관리서치/관계도/원천자료/ALIO/C0149_2026081503229630.html","16084","2026-09-09T04:00:05.701Z",".html"
"04_기관리서치/관계도/원천자료/ALIO/C0149_reports.json","1862","2026-09-09T04:00:05.472Z",".json"
"04_기관리서치/관계도/원천자료/ALIO/C0150_2026071503215398.html","16373","2026-09-09T03:59:51.045Z",".html"
"04_기관리서치/관계도/원천자료/ALIO/C0150_reports.json","2572","2026-09-09T03:59:50.812Z",".json"
"04_기관리서치/관계도/원천자료/ALIO/C0151_2026080503224165.html","13059","2026-09-09T03:59:39.413Z",".html"
"04_기관리서치/관계도/원천자료/ALIO/C0151_reports.json","1776","2026-09-09T03:59:39.177Z",".json"
"04_기관리서치/관계도/원천자료/ALIO/C0152_2026031803131730.html","12527","2026-09-09T03:59:49.450Z",".html"
"04_기관리서치/관계도/원천자료/ALIO/C0152_reports.json","1516","2026-09-09T03:59:49.208Z",".json"
"04_기관리서치/관계도/원천자료/ALIO/C0157_2026090903239016.html","14906","2026-09-09T03:59:40.843Z",".html"
"04_기관리서치/관계도/원천자료/ALIO/C0157_reports.json","1774","2026-09-09T03:59:40.604Z",".json"
"04_기관리서치/관계도/원천자료/ALIO/C0158_2026021403117084.html","13399","2026-09-09T03:59:41.001Z",".html"
"04_기관리서치/관계도/원천자료/ALIO/C0158_reports.json","2154","2026-09-09T03:59:40.744Z",".json"
"04_기관리서치/관계도/원천자료/ALIO/C0163_2026021103115062.html","14278","2026-09-09T03:59:41.110Z",".html"
"04_기관리서치/관계도/원천자료/ALIO/C0163_reports.json","1907","2026-09-09T03:59:40.878Z",".json"
"04_기관리서치/관계도/원천자료/ALIO/C0165_2026021403117085.html","12716","2026-09-09T03:59:41.350Z",".html"
"04_기관리서치/관계도/원천자료/ALIO/C0165_reports.json","1434","2026-09-09T03:59:41.134Z",".json"
"04_기관리서치/관계도/원천자료/ALIO/C0167_2026010603096672.html","15132","2026-09-09T03:59:41.865Z",".html"
"04_기관리서치/관계도/원천자료/ALIO/C0167_reports.json","768","2026-09-09T03:59:41.634Z",".json"
"04_기관리서치/관계도/원천자료/ALIO/C0168_2026070403204789.html","14947","2026-09-09T03:59:42.061Z",".html"
"04_기관리서치/관계도/원천자료/ALIO/C0168_reports.json","2124","2026-09-09T03:59:41.826Z",".json"
"04_기관리서치/관계도/원천자료/ALIO/C0170_2025042602988107.html","12769","2026-09-09T03:59:42.565Z",".html"
"04_기관리서치/관계도/원천자료/ALIO/C0170_reports.json","796","2026-09-09T03:59:42.351Z",".json"
"04_기관리서치/관계도/원천자료/ALIO/C0171_2026031703130873.html","14133","2026-09-09T03:59:42.694Z",".html"
"04_기관리서치/관계도/원천자료/ALIO/C0171_reports.json","1111","2026-09-09T03:59:42.439Z",".json"
"04_기관리서치/관계도/원천자료/ALIO/C0172_2026072103217487.html","13530","2026-09-09T03:59:42.912Z",".html"
"04_기관리서치/관계도/원천자료/ALIO/C0172_reports.json","1789","2026-09-09T03:59:42.694Z",".json"
"04_기관리서치/관계도/원천자료/ALIO/C0173_2026053003188415.html","12791","2026-09-09T03:59:22.286Z",".html"
"04_기관리서치/관계도/원천자료/ALIO/C0173_reports.json","2125","2026-09-09T03:59:22.073Z",".json"
"04_기관리서치/관계도/원천자료/ALIO/C0175_2025122503093555.html","12735","2026-09-09T03:59:43.746Z",".html"
"04_기관리서치/관계도/원천자료/ALIO/C0175_reports.json","1126","2026-09-09T03:59:43.516Z",".json"
"04_기관리서치/관계도/원천자료/ALIO/C0179_2026071003213497.html","13926","2026-09-09T03:59:44.484Z",".html"
"04_기관리서치/관계도/원천자료/ALIO/C0179_reports.json","1798","2026-09-09T03:59:44.243Z",".json"
"04_기관리서치/관계도/원천자료/ALIO/C0181_2026080703225487.html","16664","2026-09-09T03:59:45.329Z",".html"
"04_기관리서치/관계도/원천자료/ALIO/C0181_reports.json","780","2026-09-09T03:59:45.085Z",".json"
"04_기관리서치/관계도/원천자료/ALIO/C0183_2026062503200462.html","12350","2026-09-09T03:59:45.769Z",".html"
"04_기관리서치/관계도/원천자료/ALIO/C0183_reports.json","3133","2026-09-09T03:59:45.520Z",".json"
"04_기관리서치/관계도/원천자료/ALIO/C0184_2026080603224849.html","16211","2026-09-09T03:59:46.915Z",".html"
"04_기관리서치/관계도/원천자료/ALIO/C0184_reports.json","2795","2026-09-09T03:59:46.656Z",".json"
"04_기관리서치/관계도/원천자료/ALIO/C0185_2026090403237373.html","18329","2026-09-09T03:59:47.052Z",".html"
"04_기관리서치/관계도/원천자료/ALIO/C0185_reports.json","3470","2026-09-09T03:59:46.833Z",".json"
"04_기관리서치/관계도/원천자료/ALIO/C0187_2026081203227165.html","15228","2026-09-09T03:59:49.087Z",".html"
"04_기관리서치/관계도/원천자료/ALIO/C0187_reports.json","1957","2026-09-09T03:59:48.848Z",".json"
"04_기관리서치/관계도/원천자료/ALIO/C0188_2025120903086470.html","11972","2026-09-09T03:59:47.569Z",".html"
"04_기관리서치/관계도/원천자료/ALIO/C0188_reports.json","1111","2026-09-09T03:59:47.360Z",".json"
"04_기관리서치/관계도/원천자료/ALIO/C0189_2026042503167653.html","13282","2026-09-09T03:59:47.902Z",".html"
"04_기관리서치/관계도/원천자료/ALIO/C0189_reports.json","1484","2026-09-09T03:59:47.629Z",".json"
"04_기관리서치/관계도/원천자료/ALIO/C0190_2026080803225924.html","17057","2026-09-09T03:59:48.056Z",".html"
"04_기관리서치/관계도/원천자료/ALIO/C0190_reports.json","2152","2026-09-09T03:59:47.832Z",".json"
"04_기관리서치/관계도/원천자료/ALIO/C0191_2026020703113766.html","14677","2026-09-09T03:59:15.442Z",".html"
"04_기관리서치/관계도/원천자료/ALIO/C0191_reports.json","1828","2026-09-09T03:59:15.206Z",".json"
"04_기관리서치/관계도/원천자료/ALIO/C0192_2025102403066507.html","10597","2026-09-09T03:59:48.404Z",".html"
"04_기관리서치/관계도/원천자료/ALIO/C0192_reports.json","815","2026-09-09T03:59:48.177Z",".json"
"04_기관리서치/관계도/원천자료/ALIO/C0196_2026052103183836.html","13688","2026-09-09T03:59:48.910Z",".html"
"04_기관리서치/관계도/원천자료/ALIO/C0196_reports.json","2140","2026-09-09T03:59:48.679Z",".json"
"04_기관리서치/관계도/원천자료/ALIO/C0198_2026080503224166.html","13029","2026-09-09T03:59:49.447Z",".html"
"04_기관리서치/관계도/원천자료/ALIO/C0198_reports.json","1475","2026-09-09T03:59:49.212Z",".json"
"04_기관리서치/관계도/원천자료/ALIO/C0199_2026090903239017.html","14791","2026-09-09T03:59:49.629Z",".html"
"04_기관리서치/관계도/원천자료/ALIO/C0199_reports.json","1775","2026-09-09T03:59:49.383Z",".json"
"04_기관리서치/관계도/원천자료/ALIO/C0200_2025060503005059.html","13646","2026-09-09T03:59:49.999Z",".html"
"04_기관리서치/관계도/원천자료/ALIO/C0200_reports.json","1143","2026-09-09T03:59:49.737Z",".json"
"04_기관리서치/관계도/원천자료/ALIO/C0201_2026082003231055.html","14497","2026-09-09T03:59:50.152Z",".html"
"04_기관리서치/관계도/원천자료/ALIO/C0201_reports.json","1807","2026-09-09T03:59:49.912Z",".json"
"04_기관리서치/관계도/원천자료/ALIO/C0202_2026061703196515.html","13838","2026-09-09T03:59:50.504Z",".html"
"04_기관리서치/관계도/원천자료/ALIO/C0202_reports.json","2241","2026-09-09T03:59:50.275Z",".json"
"04_기관리서치/관계도/원천자료/ALIO/C0203_2026090103235511.html","14721","2026-09-09T03:59:50.682Z",".html"
"04_기관리서치/관계도/원천자료/ALIO/C0203_reports.json","3843","2026-09-09T03:59:50.439Z",".json"
"04_기관리서치/관계도/원천자료/ALIO/C0205_2026010303096161.html","16295","2026-09-09T03:59:51.069Z",".html"
"04_기관리서치/관계도/원천자료/ALIO/C0205_reports.json","1480","2026-09-09T03:59:50.837Z",".json"
"04_기관리서치/관계도/원천자료/ALIO/C0208_2026071403214726.html","15225","2026-09-09T03:59:52.596Z",".html"
"04_기관리서치/관계도/원천자료/ALIO/C0208_reports.json","2479","2026-09-09T03:59:52.397Z",".json"
"04_기관리서치/관계도/원천자료/ALIO/C0209_2025121903091494.html","14504","2026-09-09T03:59:52.641Z",".html"
"04_기관리서치/관계도/원천자료/ALIO/C0209_reports.json","1812","2026-09-09T03:59:52.421Z",".json"
"04_기관리서치/관계도/원천자료/ALIO/C0210_2026072103217488.html","14598","2026-09-09T03:59:52.710Z",".html"
"04_기관리서치/관계도/원천자료/ALIO/C0210_reports.json","3133","2026-09-09T03:59:52.495Z",".json"
"04_기관리서치/관계도/원천자료/ALIO/C0211_2026062003198459.html","15750","2026-09-09T03:59:53.121Z",".html"
"04_기관리서치/관계도/원천자료/ALIO/C0211_reports.json","2143","2026-09-09T03:59:52.879Z",".json"
"04_기관리서치/관계도/원천자료/ALIO/C0214_2026071703216858.html","15053","2026-09-09T03:59:53.707Z",".html"
"04_기관리서치/관계도/원천자료/ALIO/C0214_reports.json","2111","2026-09-09T03:59:53.487Z",".json"
"04_기관리서치/관계도/원천자료/ALIO/C0215_2026070303204197.html","16278","2026-09-09T03:59:53.688Z",".html"
"04_기관리서치/관계도/원천자료/ALIO/C0215_reports.json","1776","2026-09-09T03:59:53.481Z",".json"
"04_기관리서치/관계도/원천자료/ALIO/C0217_2025043002990443.html","14481","2026-09-09T03:59:54.199Z",".html"
"04_기관리서치/관계도/원천자료/ALIO/C0217_reports.json","812","2026-09-09T03:59:53.971Z",".json"
"04_기관리서치/관계도/원천자료/ALIO/C0218_2026011603103957.html","14795","2026-09-09T03:59:54.215Z",".html"
"04_기관리서치/관계도/원천자료/ALIO/C0218_reports.json","1441","2026-09-09T03:59:53.998Z",".json"
"04_기관리서치/관계도/원천자료/ALIO/C0220_2026081903230245.html","14955","2026-09-09T03:59:54.728Z",".html"
"04_기관리서치/관계도/원천자료/ALIO/C0220_reports.json","3911","2026-09-09T03:59:54.472Z",".json"
"04_기관리서치/관계도/원천자료/ALIO/C0221_2026073103222457.html","17108","2026-09-09T03:59:55.186Z",".html"
"04_기관리서치/관계도/원천자료/ALIO/C0221_reports.json","2784","2026-09-09T03:59:54.961Z",".json"
"04_기관리서치/관계도/원천자료/ALIO/C0222_2026071003213498.html","13410","2026-09-09T03:59:47.403Z",".html"
"04_기관리서치/관계도/원천자료/ALIO/C0222_reports.json","2143","2026-09-09T03:59:47.185Z",".json"
"04_기관리서치/관계도/원천자료/ALIO/C0223_2026072803220607.html","12443","2026-09-09T03:59:55.211Z",".html"
"04_기관리서치/관계도/원천자료/ALIO/C0223_reports.json","2131","2026-09-09T03:59:55.013Z",".json"
"04_기관리서치/관계도/원천자료/ALIO/C0224_2026031103127420.html","15732","2026-09-09T03:59:55.728Z",".html"
"04_기관리서치/관계도/원천자료/ALIO/C0224_reports.json","1468","2026-09-09T03:59:55.481Z",".json"
"04_기관리서치/관계도/원천자료/ALIO/C0225_2026070803206153.html","15224","2026-09-09T03:59:20.884Z",".html"
"04_기관리서치/관계도/원천자료/ALIO/C0225_reports.json","2806","2026-09-09T03:59:20.657Z",".json"
"04_기관리서치/관계도/원천자료/ALIO/C0231_2026061903197879.html","12474","2026-09-09T03:59:57.764Z",".html"
"04_기관리서치/관계도/원천자료/ALIO/C0231_reports.json","1127","2026-09-09T03:59:57.545Z",".json"
"04_기관리서치/관계도/원천자료/ALIO/C0232_2026032803138176.html","16527","2026-09-09T03:59:57.913Z",".html"
"04_기관리서치/관계도/원천자료/ALIO/C0232_reports.json","1114","2026-09-09T03:59:57.671Z",".json"
"04_기관리서치/관계도/원천자료/ALIO/C0233_2026031903132531.html","13467","2026-09-09T03:59:57.267Z",".html"
"04_기관리서치/관계도/원천자료/ALIO/C0233_reports.json","1835","2026-09-09T03:59:57.032Z",".json"
"04_기관리서치/관계도/원천자료/ALIO/C0234_2026082903234974.html","12771","2026-09-09T03:59:58.744Z",".html"
"04_기관리서치/관계도/원천자료/ALIO/C0234_reports.json","1489","2026-09-09T03:59:58.534Z",".json"
"04_기관리서치/관계도/원천자료/ALIO/C0236_2026031203128312.html","13550","2026-09-09T04:00:11.110Z",".html"
"04_기관리서치/관계도/원천자료/ALIO/C0236_reports.json","2136","2026-09-09T04:00:10.880Z",".json"
"04_기관리서치/관계도/원천자료/ALIO/C0240_2026071503215400.html","17358","2026-09-09T04:00:00.456Z",".html"
"04_기관리서치/관계도/원천자료/ALIO/C0240_reports.json","2479","2026-09-09T04:00:00.195Z",".json"
"04_기관리서치/관계도/원천자료/ALIO/C0242_2026071603216122.html","15552","2026-09-09T04:00:00.999Z",".html"
"04_기관리서치/관계도/원천자료/ALIO/C0242_reports.json","1926","2026-09-09T04:00:00.765Z",".json"
"04_기관리서치/관계도/원천자료/ALIO/C0243_2026011503103393.html","13614","2026-09-09T04:00:00.960Z",".html"
"04_기관리서치/관계도/원천자료/ALIO/C0243_reports.json","3800","2026-09-09T04:00:00.725Z",".json"
"04_기관리서치/관계도/원천자료/ALIO/C0244_2026080703225491.html","13604","2026-09-09T04:00:01.973Z",".html"
"04_기관리서치/관계도/원천자료/ALIO/C0244_reports.json","2796","2026-09-09T04:00:01.762Z",".json"
"04_기관리서치/관계도/원천자료/ALIO/C0246_2026081403228865.html","16481","2026-09-09T04:00:02.147Z",".html"
"04_기관리서치/관계도/원천자료/ALIO/C0246_reports.json","3810","2026-09-09T04:00:01.911Z",".json"
"04_기관리서치/관계도/원천자료/ALIO/C0247_2026090403237374.html","14401","2026-09-09T04:00:02.214Z",".html"
"04_기관리서치/관계도/원천자료/ALIO/C0247_reports.json","3483","2026-09-09T04:00:01.987Z",".json"
"04_기관리서치/관계도/원천자료/ALIO/C0248_2026031003126515.html","13294","2026-09-09T04:00:02.673Z",".html"
"04_기관리서치/관계도/원천자료/ALIO/C0248_reports.json","1794","2026-09-09T04:00:02.437Z",".json"
"04_기관리서치/관계도/원천자료/ALIO/C0256_2025040902968376.html","13728","2026-09-09T04:00:03.065Z",".html"
"04_기관리서치/관계도/원천자료/ALIO/C0256_reports.json","807","2026-09-09T04:00:02.853Z",".json"
"04_기관리서치/관계도/원천자료/ALIO/C0257_2026071703216859.html","15236","2026-09-09T04:00:03.156Z",".html"
"04_기관리서치/관계도/원천자료/ALIO/C0257_reports.json","2461","2026-09-09T04:00:02.930Z",".json"
"04_기관리서치/관계도/원천자료/ALIO/C0258_2026012103105558.html","14026","2026-09-09T04:00:03.269Z",".html"
"04_기관리서치/관계도/원천자료/ALIO/C0258_reports.json","1785","2026-09-09T04:00:03.024Z",".json"
"04_기관리서치/관계도/원천자료/ALIO/C0259_2026020703113767.html","14363","2026-09-09T04:00:03.588Z",".html"
"04_기관리서치/관계도/원천자료/ALIO/C0259_reports.json","2980","2026-09-09T04:00:03.350Z",".json"
"04_기관리서치/관계도/원천자료/ALIO/C0261_2026070403204791.html","16273","2026-09-09T04:00:04.361Z",".html"
"04_기관리서치/관계도/원천자료/ALIO/C0261_reports.json","3487","2026-09-09T04:00:04.134Z",".json"
"04_기관리서치/관계도/원천자료/ALIO/C0264_2026061303195089.html","16084","2026-09-09T04:00:04.710Z",".html"
"04_기관리서치/관계도/원천자료/ALIO/C0264_reports.json","1129","2026-09-09T04:00:04.474Z",".json"
"04_기관리서치/관계도/원천자료/ALIO/C0268_2026081103226457.html","13114","2026-09-09T04:00:04.781Z",".html"
"04_기관리서치/관계도/원천자료/ALIO/C0268_reports.json","3811","2026-09-09T04:00:04.538Z",".json"
"04_기관리서치/관계도/원천자료/ALIO/C0270_2026090503237841.html","16685","2026-09-09T03:59:15.499Z",".html"
"04_기관리서치/관계도/원천자료/ALIO/C0270_reports.json","1434","2026-09-09T03:59:15.267Z",".json"
"04_기관리서치/관계도/원천자료/ALIO/C0272_2026020703113768.html","12663","2026-09-09T03:59:38.087Z",".html"
"04_기관리서치/관계도/원천자료/ALIO/C0272_reports.json","1454","2026-09-09T03:59:37.880Z",".json"
"04_기관리서치/관계도/원천자료/ALIO/C0276_2026060603191439.html","13390","2026-09-09T04:00:05.206Z",".html"
"04_기관리서치/관계도/원천자료/ALIO/C0276_reports.json","1833","2026-09-09T04:00:04.979Z",".json"
"04_기관리서치/관계도/원천자료/ALIO/C0278_2026031003126516.html","16086","2026-09-09T04:00:04.847Z",".html"
"04_기관리서치/관계도/원천자료/ALIO/C0278_reports.json","1815","2026-09-09T04:00:04.630Z",".json"
"04_기관리서치/관계도/원천자료/ALIO/C0280_2026011003101578.html","17419","2026-09-09T04:00:05.385Z",".html"
"04_기관리서치/관계도/원천자료/ALIO/C0280_reports.json","788","2026-09-09T04:00:05.146Z",".json"
"04_기관리서치/관계도/원천자료/ALIO/C0281_2026081903230244.html","15562","2026-09-09T03:59:29.563Z",".html"
"04_기관리서치/관계도/원천자료/ALIO/C0281_reports.json","1471","2026-09-09T03:59:29.357Z",".json"
"04_기관리서치/관계도/원천자료/ALIO/C0284_2026040403143077.html","14577","2026-09-09T04:00:06.474Z",".html"
"04_기관리서치/관계도/원천자료/ALIO/C0284_reports.json","1105","2026-09-09T04:00:06.214Z",".json"
"04_기관리서치/관계도/원천자료/ALIO/C0290_2025043002990482.html","12635","2026-09-09T04:00:07.328Z",".html"
"04_기관리서치/관계도/원천자료/ALIO/C0290_reports.json","824","2026-09-09T04:00:07.109Z",".json"
"04_기관리서치/관계도/원천자료/ALIO/C0295_2026052703186089.html","13144","2026-09-09T04:00:08.040Z",".html"
"04_기관리서치/관계도/원천자료/ALIO/C0295_reports.json","2363","2026-09-09T04:00:07.799Z",".json"
"04_기관리서치/관계도/원천자료/ALIO/C0296_2026062603201038.html","12438","2026-09-09T04:00:08.572Z",".html"
"04_기관리서치/관계도/원천자료/ALIO/C0296_reports.json","1802","2026-09-09T04:00:08.349Z",".json"
"04_기관리서치/관계도/원천자료/ALIO/C0297_2026010903098545.html","12185","2026-09-09T04:00:08.182Z",".html"
"04_기관리서치/관계도/원천자료/ALIO/C0297_reports.json","1474","2026-09-09T04:00:07.939Z",".json"
"04_기관리서치/관계도/원천자료/ALIO/C0298_2026031903132532.html","14155","2026-09-09T04:00:09.561Z",".html"
"04_기관리서치/관계도/원천자료/ALIO/C0298_reports.json","1449","2026-09-09T04:00:09.328Z",".json"
"04_기관리서치/관계도/원천자료/ALIO/C0299_2026041803163811.html","12623","2026-09-09T04:00:09.207Z",".html"
"04_기관리서치/관계도/원천자료/ALIO/C0299_reports.json","1804","2026-09-09T04:00:09.000Z",".json"
"04_기관리서치/관계도/원천자료/ALIO/C0302_2026080803225925.html","15064","2026-09-09T04:00:10.123Z",".html"
"04_기관리서치/관계도/원천자료/ALIO/C0302_reports.json","1450","2026-09-09T04:00:09.901Z",".json"
"04_기관리서치/관계도/원천자료/ALIO/C0305_2026081103226458.html","12644","2026-09-09T04:00:10.662Z",".html"
"04_기관리서치/관계도/원천자료/ALIO/C0305_reports.json","2444","2026-09-09T04:00:10.436Z",".json"
"04_기관리서치/관계도/원천자료/ALIO/C0306_2026081403228866.html","12487","2026-09-09T04:00:10.568Z",".html"
"04_기관리서치/관계도/원천자료/ALIO/C0306_reports.json","2439","2026-09-09T04:00:10.326Z",".json"
"04_기관리서치/관계도/원천자료/ALIO/C0314_2025110803072575.html","12311","2026-09-09T03:59:37.580Z",".html"
"04_기관리서치/관계도/원천자료/ALIO/C0314_reports.json","1171","2026-09-09T03:59:37.367Z",".json"
"04_기관리서치/관계도/원천자료/ALIO/C0315_2025043002990463.html","14234","2026-09-09T03:59:23.820Z",".html"
"04_기관리서치/관계도/원천자료/ALIO/C0315_reports.json","799","2026-09-09T03:59:23.598Z",".json"
"04_기관리서치/관계도/원천자료/ALIO/C0318_2026042303166359.html","12356","2026-09-09T03:59:20.719Z",".html"
"04_기관리서치/관계도/원천자료/ALIO/C0318_reports.json","1469","2026-09-09T03:59:20.493Z",".json"
"04_기관리서치/관계도/원천자료/ALIO/C0320_2026031103127421.html","13269","2026-09-09T03:59:47.906Z",".html"
"04_기관리서치/관계도/원천자료/ALIO/C0320_reports.json","2170","2026-09-09T03:59:47.671Z",".json"
"04_기관리서치/관계도/원천자료/ALIO/C0321_2026020403112058.html","14581","2026-09-09T03:59:40.113Z",".html"
"04_기관리서치/관계도/원천자료/ALIO/C0321_reports.json","1440","2026-09-09T03:59:39.868Z",".json"
"04_기관리서치/관계도/원천자료/ALIO/C0327_2026052903187745.html","12920","2026-09-09T03:59:37.764Z",".html"
"04_기관리서치/관계도/원천자료/ALIO/C0327_reports.json","1929","2026-09-09T03:59:37.540Z",".json"
"04_기관리서치/관계도/원천자료/ALIO/C0331_2025110703072038.html","15866","2026-09-09T03:59:09.510Z",".html"
"04_기관리서치/관계도/원천자료/ALIO/C0331_reports.json","1476","2026-09-09T03:59:09.275Z",".json"
"04_기관리서치/관계도/원천자료/ALIO/C0335_2026011603103958.html","13332","2026-09-09T03:59:56.346Z",".html"
"04_기관리서치/관계도/원천자료/ALIO/C0335_reports.json","1471","2026-09-09T03:59:56.114Z",".json"
"04_기관리서치/관계도/원천자료/ALIO/C0340_2026052203184639.html","12745","2026-09-09T04:00:06.965Z",".html"
"04_기관리서치/관계도/원천자료/ALIO/C0340_reports.json","2469","2026-09-09T04:00:06.757Z",".json"
"04_기관리서치/관계도/원천자료/ALIO/C0344_2026012403107890.html","12973","2026-09-09T03:59:17.040Z",".html"
"04_기관리서치/관계도/원천자료/ALIO/C0344_reports.json","1153","2026-09-09T03:59:16.816Z",".json"
"04_기관리서치/관계도/원천자료/ALIO/C0345_2025041802984087.html","12148","2026-09-09T03:59:19.727Z",".html"
"04_기관리서치/관계도/원천자료/ALIO/C0345_reports.json","772","2026-09-09T03:59:19.528Z",".json"
"04_기관리서치/관계도/원천자료/ALIO/C0347_2025043002990453.html","16172","2026-09-09T03:59:19.841Z",".html"
"04_기관리서치/관계도/원천자료/ALIO/C0347_reports.json","812","2026-09-09T03:59:19.599Z",".json"
"04_기관리서치/관계도/원천자료/ALIO/C0348_2026032503135830.html","11806","2026-09-09T03:59:48.963Z",".html"
"04_기관리서치/관계도/원천자료/ALIO/C0348_reports.json","2131","2026-09-09T03:59:48.720Z",".json"
"04_기관리서치/관계도/원천자료/ALIO/C0352_2026072303218866.html","15550","2026-09-09T03:59:09.004Z",".html"
"04_기관리서치/관계도/원천자료/ALIO/C0352_reports.json","1120","2026-09-09T03:59:08.795Z",".json"
"04_기관리서치/관계도/원천자료/ALIO/C0354_2026012203106165.html","13557","2026-09-09T03:59:10.128Z",".html"
"04_기관리서치/관계도/원천자료/ALIO/C0354_reports.json","1151","2026-09-09T03:59:09.924Z",".json"
"04_기관리서치/관계도/원천자료/ALIO/C0357_2026010703097239.html","13655","2026-09-09T03:59:21.268Z",".html"
"04_기관리서치/관계도/원천자료/ALIO/C0357_reports.json","1793","2026-09-09T03:59:21.027Z",".json"
"04_기관리서치/관계도/원천자료/ALIO/C0358_2026070203203573.html","13353","2026-09-09T03:59:24.434Z",".html"
"04_기관리서치/관계도/원천자료/ALIO/C0358_reports.json","1445","2026-09-09T03:59:24.200Z",".json"
"04_기관리서치/관계도/원천자료/ALIO/C0365_2026011503103396.html","13447","2026-09-09T03:59:30.832Z",".html"
"04_기관리서치/관계도/원천자료/ALIO/C0365_reports.json","1453","2026-09-09T03:59:30.602Z",".json"
"04_기관리서치/관계도/원천자료/ALIO/C0367_2026073003221823.html","11105","2026-09-09T03:59:24.906Z",".html"
"04_기관리서치/관계도/원천자료/ALIO/C0367_reports.json","1798","2026-09-09T03:59:24.667Z",".json"
"04_기관리서치/관계도/원천자료/ALIO/C0368_2025050202991159.html","12105","2026-09-09T03:59:09.530Z",".html"
"04_기관리서치/관계도/원천자료/ALIO/C0368_reports.json","1126","2026-09-09T03:59:09.286Z",".json"
"04_기관리서치/관계도/원천자료/ALIO/C0371_2025103003068614.html","13367","2026-09-09T03:59:59.430Z",".html"
"04_기관리서치/관계도/원천자료/ALIO/C0371_reports.json","1458","2026-09-09T03:59:59.179Z",".json"
"04_기관리서치/관계도/원천자료/ALIO/C0373_2026072903221267.html","16212","2026-09-09T04:00:07.505Z",".html"
"04_기관리서치/관계도/원천자료/ALIO/C0373_reports.json","1143","2026-09-09T04:00:07.268Z",".json"
"04_기관리서치/관계도/원천자료/ALIO/C0374_2025120403084492.html","12747","2026-09-09T04:00:11.291Z",".html"
"04_기관리서치/관계도/원천자료/ALIO/C0374_reports.json","1578","2026-09-09T04:00:11.057Z",".json"
"04_기관리서치/관계도/원천자료/ALIO/C0376_2026070103202771.html","11432","2026-09-09T03:59:34.635Z",".html"
"04_기관리서치/관계도/원천자료/ALIO/C0376_reports.json","1116","2026-09-09T03:59:34.387Z",".json"
"04_기관리서치/관계도/원천자료/ALIO/C0377_2026010903098546.html","13870","2026-09-09T03:59:51.564Z",".html"
"04_기관리서치/관계도/원천자료/ALIO/C0377_reports.json","1120","2026-09-09T03:59:51.338Z",".json"
"04_기관리서치/관계도/원천자료/ALIO/C0378_2026021203115716.html","14133","2026-09-09T03:59:44.628Z",".html"
"04_기관리서치/관계도/원천자료/ALIO/C0378_reports.json","1183","2026-09-09T03:59:44.388Z",".json"
"04_기관리서치/관계도/원천자료/ALIO/C0379_2026080603224851.html","14554","2026-09-09T03:59:43.060Z",".html"
"04_기관리서치/관계도/원천자료/ALIO/C0379_reports.json","1461","2026-09-09T03:59:42.836Z",".json"
"04_기관리서치/관계도/원천자료/ALIO/C0383_2026060303189915.html","12093","2026-09-09T03:59:21.384Z",".html"
"04_기관리서치/관계도/원천자료/ALIO/C0383_reports.json","1434","2026-09-09T03:59:21.148Z",".json"
"04_기관리서치/관계도/원천자료/ALIO/C0387_2026010303096165.html","12300","2026-09-09T03:59:38.489Z",".html"
"04_기관리서치/관계도/원천자료/ALIO/C0387_reports.json","1512","2026-09-09T03:59:38.253Z",".json"
"04_기관리서치/관계도/원천자료/ALIO/C0388_2025111303074805.html","12606","2026-09-09T03:59:57.860Z",".html"
"04_기관리서치/관계도/원천자료/ALIO/C0388_reports.json","1117","2026-09-09T03:59:57.613Z",".json"
"04_기관리서치/관계도/원천자료/ALIO/C0389_2026020503112658.html","12754","2026-09-09T03:59:56.861Z",".html"
"04_기관리서치/관계도/원천자료/ALIO/C0389_reports.json","2162","2026-09-09T03:59:56.645Z",".json"
"04_기관리서치/관계도/원천자료/ALIO/C0390_2025081303038030.html","12204","2026-09-09T04:00:01.565Z",".html"
"04_기관리서치/관계도/원천자료/ALIO/C0390_reports.json","1114","2026-09-09T04:00:01.345Z",".json"
"04_기관리서치/관계도/원천자료/ALIO/C0391_2026071603216124.html","14672","2026-09-09T04:00:10.041Z",".html"
"04_기관리서치/관계도/원천자료/ALIO/C0391_reports.json","3159","2026-09-09T04:00:09.830Z",".json"
"04_기관리서치/관계도/원천자료/ALIO/C0392_2026090803238394.html","13808","2026-09-09T04:00:03.833Z",".html"
"04_기관리서치/관계도/원천자료/ALIO/C0392_reports.json","3450","2026-09-09T04:00:03.606Z",".json"
"04_기관리서치/관계도/원천자료/ALIO/C0393_2026090503237842.html","13039","2026-09-09T03:59:52.187Z",".html"
"04_기관리서치/관계도/원천자료/ALIO/C0393_reports.json","3169","2026-09-09T03:59:51.989Z",".json"
"04_기관리서치/관계도/원천자료/ALIO/C0394_2026030403123085.html","12557","2026-09-09T03:59:34.247Z",".html"
"04_기관리서치/관계도/원천자료/ALIO/C0394_reports.json","1816","2026-09-09T03:59:34.007Z",".json"
"04_기관리서치/관계도/원천자료/ALIO/C0395_2026062003198460.html","14561","2026-09-09T04:00:05.916Z",".html"
"04_기관리서치/관계도/원천자료/ALIO/C0395_reports.json","1477","2026-09-09T04:00:05.689Z",".json"
"04_기관리서치/관계도/원천자료/ALIO/C0396_2026071403214727.html","15098","2026-09-09T04:00:06.398Z",".html"
"04_기관리서치/관계도/원천자료/ALIO/C0396_reports.json","1809","2026-09-09T04:00:06.163Z",".json"
"04_기관리서치/관계도/원천자료/ALIO/C0397_2026082603233351.html","14750","2026-09-09T03:59:52.071Z",".html"
"04_기관리서치/관계도/원천자료/ALIO/C0397_reports.json","2531","2026-09-09T03:59:51.861Z",".json"
"04_기관리서치/관계도/원천자료/ALIO/C0399_2026082003231054.html","17174","2026-09-09T03:59:59.953Z",".html"
"04_기관리서치/관계도/원천자료/ALIO/C0399_reports.json","1129","2026-09-09T03:59:59.728Z",".json"
"04_기관리서치/관계도/원천자료/ALIO/C0400_2026070703205511.html","14735","2026-09-09T04:00:09.620Z",".html"
"04_기관리서치/관계도/원천자료/ALIO/C0400_reports.json","2576","2026-09-09T04:00:09.385Z",".json"
"04_기관리서치/관계도/원천자료/ALIO/C0402_2026041003146706.html","13143","2026-09-09T03:59:12.827Z",".html"
"04_기관리서치/관계도/원천자료/ALIO/C0402_reports.json","1448","2026-09-09T03:59:12.602Z",".json"
"04_기관리서치/관계도/원천자료/ALIO/C0404_2026080803225926.html","13362","2026-09-09T03:59:22.325Z",".html"
"04_기관리서치/관계도/원천자료/ALIO/C0404_reports.json","2162","2026-09-09T03:59:22.118Z",".json"
"04_기관리서치/관계도/원천자료/ALIO/C0406_2026080803225927.html","12365","2026-09-09T03:59:20.225Z",".html"
"04_기관리서치/관계도/원천자료/ALIO/C0406_reports.json","1461","2026-09-09T03:59:19.992Z",".json"
"04_기관리서치/관계도/원천자료/ALIO/C0407_2026040703143968.html","12042","2026-09-09T04:00:04.201Z",".html"
"04_기관리서치/관계도/원천자료/ALIO/C0407_reports.json","1466","2026-09-09T04:00:03.985Z",".json"
"04_기관리서치/관계도/원천자료/ALIO/C0409_2026052103183837.html","12087","2026-09-09T03:59:38.337Z",".html"
"04_기관리서치/관계도/원천자료/ALIO/C0409_reports.json","1780","2026-09-09T03:59:38.131Z",".json"
"04_기관리서치/관계도/원천자료/ALIO/C0410_2026061003192982.html","13179","2026-09-09T03:59:16.032Z",".html"
"04_기관리서치/관계도/원천자료/ALIO/C0410_reports.json","2152","2026-09-09T03:59:15.805Z",".json"
"04_기관리서치/관계도/원천자료/ALIO/C0411_2026071403214728.html","13220","2026-09-09T03:59:51.203Z",".html"
"04_기관리서치/관계도/원천자료/ALIO/C0411_reports.json","4039","2026-09-09T03:59:50.979Z",".json"
"04_기관리서치/관계도/원천자료/ALIO/C0412_2025070103015677.html","15484","2026-09-09T03:59:56.762Z",".html"
"04_기관리서치/관계도/원천자료/ALIO/C0412_reports.json","785","2026-09-09T03:59:56.545Z",".json"
"04_기관리서치/관계도/원천자료/ALIO/C0415_2026040703143969.html","20938","2026-09-09T04:00:01.072Z",".html"
"04_기관리서치/관계도/원천자료/ALIO/C0415_reports.json","1770","2026-09-09T04:00:00.835Z",".json"
"04_기관리서치/관계도/원천자료/ALIO/C0416_2026052103183835.html","15191","2026-09-09T04:00:04.269Z",".html"
"04_기관리서치/관계도/원천자료/ALIO/C0416_reports.json","1480","2026-09-09T04:00:04.032Z",".json"
"04_기관리서치/관계도/원천자료/ALIO/C0422_2026062703201505.html","17530","2026-09-09T03:59:45.230Z",".html"
"04_기관리서치/관계도/원천자료/ALIO/C0422_reports.json","2124","2026-09-09T03:59:44.986Z",".json"
"04_기관리서치/관계도/원천자료/ALIO/C0437_2025051202994174.html","12775","2026-09-09T03:59:11.647Z",".html"
"04_기관리서치/관계도/원천자료/ALIO/C0437_reports.json","788","2026-09-09T03:59:11.404Z",".json"
"04_기관리서치/관계도/원천자료/ALIO/C0438_2026082603233349.html","13699","2026-09-09T03:59:12.768Z",".html"
"04_기관리서치/관계도/원천자료/ALIO/C0438_reports.json","773","2026-09-09T03:59:12.516Z",".json"
"04_기관리서치/관계도/원천자료/ALIO/C0440_2026021303116434.html","13314","2026-09-09T03:59:30.977Z",".html"
"04_기관리서치/관계도/원천자료/ALIO/C0440_reports.json","1446","2026-09-09T03:59:30.748Z",".json"
"04_기관리서치/관계도/원천자료/ALIO/C0441_2025062603014226.html","12047","2026-09-09T03:59:15.015Z",".html"
"04_기관리서치/관계도/원천자료/ALIO/C0441_reports.json","1144","2026-09-09T03:59:14.782Z",".json"
"04_기관리서치/관계도/원천자료/ALIO/C0444_2025041702983371.html","13901","2026-09-09T03:59:25.923Z",".html"
"04_기관리서치/관계도/원천자료/ALIO/C0444_reports.json","797","2026-09-09T03:59:25.677Z",".json"
"04_기관리서치/관계도/원천자료/ALIO/C0446_2026090403237375.html","14309","2026-09-09T03:59:18.155Z",".html"
"04_기관리서치/관계도/원천자료/ALIO/C0446_reports.json","2960","2026-09-09T03:59:17.926Z",".json"
"04_기관리서치/관계도/원천자료/ALIO/C0447_2026082003231056.html","18205","2026-09-09T04:00:05.307Z",".html"
"04_기관리서치/관계도/원천자료/ALIO/C0447_reports.json","1950","2026-09-09T04:00:05.070Z",".json"
"04_기관리서치/관계도/원천자료/ALIO/C0448_2026033103139002.html","12856","2026-09-09T03:59:24.414Z",".html"
"04_기관리서치/관계도/원천자료/ALIO/C0448_reports.json","1156","2026-09-09T03:59:24.190Z",".json"
"04_기관리서치/관계도/원천자료/ALIO/C0449_2026040903145836.html","14767","2026-09-09T03:59:25.454Z",".html"
"04_기관리서치/관계도/원천자료/ALIO/C0449_reports.json","1145","2026-09-09T03:59:25.204Z",".json"
"04_기관리서치/관계도/원천자료/ALIO/C0450_2026062503200463.html","13990","2026-09-09T03:59:46.832Z",".html"
"04_기관리서치/관계도/원천자료/ALIO/C0450_reports.json","1816","2026-09-09T03:59:46.591Z",".json"
"04_기관리서치/관계도/원천자료/ALIO/C0451_2026061003192983.html","13845","2026-09-09T03:59:36.701Z",".html"
"04_기관리서치/관계도/원천자료/ALIO/C0451_reports.json","2484","2026-09-09T03:59:36.491Z",".json"
"04_기관리서치/관계도/원천자료/ALIO/C0452_2026051203174567.html","14805","2026-09-09T03:59:40.441Z",".html"
"04_기관리서치/관계도/원천자료/ALIO/C0452_reports.json","1585","2026-09-09T03:59:40.212Z",".json"
"04_기관리서치/관계도/원천자료/ALIO/C0454_2026011403102814.html","12441","2026-09-09T03:59:09.094Z",".html"
"04_기관리서치/관계도/원천자료/ALIO/C0454_reports.json","1129","2026-09-09T03:59:08.858Z",".json"
"04_기관리서치/관계도/원천자료/ALIO/C0455_2025120203083081.html","17945","2026-09-09T03:59:54.713Z",".html"
"04_기관리서치/관계도/원천자료/ALIO/C0455_reports.json","799","2026-09-09T03:59:54.488Z",".json"
"04_기관리서치/관계도/원천자료/ALIO/C0456_2026010603096681.html","18350","2026-09-09T03:59:51.613Z",".html"
"04_기관리서치/관계도/원천자료/ALIO/C0456_reports.json","1128","2026-09-09T03:59:51.377Z",".json"
"04_기관리서치/관계도/원천자료/ALIO/C0457_2026040703143971.html","13317","2026-09-09T03:59:14.804Z",".html"
"04_기관리서치/관계도/원천자료/ALIO/C0457_reports.json","1936","2026-09-09T03:59:14.557Z",".json"
"04_기관리서치/관계도/원천자료/ALIO/C0459_2025101103057547.html","17050","2026-09-09T03:59:19.246Z",".html"
"04_기관리서치/관계도/원천자료/ALIO/C0459_reports.json","1510","2026-09-09T03:59:19.010Z",".json"
"04_기관리서치/관계도/원천자료/ALIO/C0527_2026051403176634.html","11967","2026-09-09T03:59:45.491Z",".html"
"04_기관리서치/관계도/원천자료/ALIO/C0527_reports.json","1184","2026-09-09T03:59:45.287Z",".json"
"04_기관리서치/관계도/원천자료/ALIO/C0533_2025110803072577.html","15414","2026-09-09T04:00:11.620Z",".html"
"04_기관리서치/관계도/원천자료/ALIO/C0533_reports.json","1119","2026-09-09T04:00:11.385Z",".json"
"04_기관리서치/관계도/원천자료/ALIO/C0542_2026011403102815.html","14109","2026-09-09T03:59:22.787Z",".html"
"04_기관리서치/관계도/원천자료/ALIO/C0542_reports.json","1123","2026-09-09T03:59:22.540Z",".json"
"04_기관리서치/관계도/원천자료/ALIO/C0553_2026061103193810.html","13184","2026-09-09T03:59:33.351Z",".html"
"04_기관리서치/관계도/원천자료/ALIO/C0553_reports.json","1135","2026-09-09T03:59:33.145Z",".json"
"04_기관리서치/관계도/원천자료/ALIO/C0571_2025043002990460.html","12116","2026-09-09T03:59:47.337Z",".html"
"04_기관리서치/관계도/원천자료/ALIO/C0571_reports.json","804","2026-09-09T03:59:47.105Z",".json"
"04_기관리서치/관계도/원천자료/ALIO/C0594_2026021203115718.html","16023","2026-09-09T03:59:56.283Z",".html"
"04_기관리서치/관계도/원천자료/ALIO/C0594_reports.json","1135","2026-09-09T03:59:56.070Z",".json"
"04_기관리서치/관계도/원천자료/ALIO/C0620_2026070903206907.html","12161","2026-09-09T03:59:53.203Z",".html"
"04_기관리서치/관계도/원천자료/ALIO/C0620_reports.json","2472","2026-09-09T03:59:52.971Z",".json"
"04_기관리서치/관계도/원천자료/ALIO/C0631_2026061303195090.html","11829","2026-09-09T03:59:43.961Z",".html"
"04_기관리서치/관계도/원천자료/ALIO/C0631_reports.json","1116","2026-09-09T03:59:43.732Z",".json"
"04_기관리서치/관계도/원천자료/ALIO/C0654_2026010303096168.html","13134","2026-09-09T04:00:08.697Z",".html"
"04_기관리서치/관계도/원천자료/ALIO/C0654_reports.json","1136","2026-09-09T04:00:08.450Z",".json"
"04_기관리서치/관계도/원천자료/ALIO/C0655_2026060203189085.html","15858","2026-09-09T03:59:40.600Z",".html"
"04_기관리서치/관계도/원천자료/ALIO/C0655_reports.json","1788","2026-09-09T03:59:40.363Z",".json"
"04_기관리서치/관계도/원천자료/ALIO/C0661_2026090203236144.html","13537","2026-09-09T03:59:28.627Z",".html"
"04_기관리서치/관계도/원천자료/ALIO/C0661_reports.json","1462","2026-09-09T03:59:28.403Z",".json"
"04_기관리서치/관계도/원천자료/ALIO/C0662_2026033103139003.html","14976","2026-09-09T03:59:50.527Z",".html"
"04_기관리서치/관계도/원천자료/ALIO/C0662_reports.json","1121","2026-09-09T03:59:50.287Z",".json"
"04_기관리서치/관계도/원천자료/ALIO/C0663_2025041002969087.html","14689","2026-09-09T03:59:48.419Z",".html"
"04_기관리서치/관계도/원천자료/ALIO/C0663_reports.json","819","2026-09-09T03:59:48.193Z",".json"
"04_기관리서치/관계도/원천자료/ALIO/C0672_2026042203165462.html","12395","2026-09-09T03:59:12.824Z",".html"
"04_기관리서치/관계도/원천자료/ALIO/C0672_reports.json","1804","2026-09-09T03:59:12.590Z",".json"
"04_기관리서치/관계도/원천자료/ALIO/C0844_2025111103073505.html","14688","2026-09-09T03:59:46.577Z",".html"
"04_기관리서치/관계도/원천자료/ALIO/C0844_reports.json","1148","2026-09-09T03:59:46.339Z",".json"
"04_기관리서치/관계도/원천자료/ALIO/C0845_2026020603113351.html","12269","2026-09-09T03:59:39.618Z",".html"
"04_기관리서치/관계도/원천자료/ALIO/C0845_reports.json","1816","2026-09-09T03:59:39.377Z",".json"
"04_기관리서치/관계도/원천자료/ALIO/C0847_2026010803097888.html","12531","2026-09-09T03:59:08.965Z",".html"
"04_기관리서치/관계도/원천자료/ALIO/C0847_reports.json","796","2026-09-09T03:59:08.764Z",".json"
"04_기관리서치/관계도/원천자료/ALIO/C0849_2026062403199770.html","14286","2026-09-09T03:59:58.249Z",".html"
"04_기관리서치/관계도/원천자료/ALIO/C0849_reports.json","1858","2026-09-09T03:59:58.031Z",".json"
"04_기관리서치/관계도/원천자료/ALIO/C0853_2026090203236145.html","12617","2026-09-09T03:59:25.412Z",".html"
"04_기관리서치/관계도/원천자료/ALIO/C0853_reports.json","1542","2026-09-09T03:59:25.173Z",".json"
"04_기관리서치/관계도/원천자료/ALIO/C0854_2025041002969088.html","13228","2026-09-09T03:59:39.719Z",".html"
"04_기관리서치/관계도/원천자료/ALIO/C0854_reports.json","784","2026-09-09T03:59:39.503Z",".json"
"04_기관리서치/관계도/원천자료/ALIO/C0856_2026082803234486.html","12162","2026-09-09T03:59:21.875Z",".html"
"04_기관리서치/관계도/원천자료/ALIO/C0856_reports.json","1528","2026-09-09T03:59:21.646Z",".json"
"04_기관리서치/관계도/원천자료/ALIO/C0857_2026042103164704.html","13790","2026-09-09T04:00:00.379Z",".html"
"04_기관리서치/관계도/원천자료/ALIO/C0857_reports.json","1868","2026-09-09T04:00:00.146Z",".json"
"04_기관리서치/관계도/원천자료/ALIO/C0858_2026090403237376.html","11783","2026-09-09T04:00:06.772Z",".html"
"04_기관리서치/관계도/원천자료/ALIO/C0858_reports.json","1480","2026-09-09T04:00:06.573Z",".json"
"04_기관리서치/관계도/원천자료/ALIO/C0859_2026080603224852.html","12275","2026-09-09T04:00:00.486Z",".html"
"04_기관리서치/관계도/원천자료/ALIO/C0859_reports.json","1124","2026-09-09T04:00:00.264Z",".json"
"04_기관리서치/관계도/원천자료/ALIO/C0860_2026081503229632.html","21122","2026-09-09T03:59:22.274Z",".html"
"04_기관리서치/관계도/원천자료/ALIO/C0860_reports.json","2489","2026-09-09T03:59:22.050Z",".json"
"04_기관리서치/관계도/원천자료/ALIO/C0861_2026041403159797.html","12065","2026-09-09T03:59:32.885Z",".html"
"04_기관리서치/관계도/원천자료/ALIO/C0861_reports.json","1506","2026-09-09T03:59:32.644Z",".json"
"04_기관리서치/관계도/원천자료/ALIO/C0862_2026011503103398.html","13190","2026-09-09T03:59:59.936Z",".html"
"04_기관리서치/관계도/원천자료/ALIO/C0862_reports.json","1130","2026-09-09T03:59:59.712Z",".json"
"04_기관리서치/관계도/원천자료/ALIO/C0864_2026020503112660.html","12983","2026-09-09T03:59:43.611Z",".html"
"04_기관리서치/관계도/원천자료/ALIO/C0864_reports.json","1116","2026-09-09T03:59:43.377Z",".json"
"04_기관리서치/관계도/원천자료/ALIO/C0865_2026070203203574.html","12578","2026-09-09T03:59:59.452Z",".html"
"04_기관리서치/관계도/원천자료/ALIO/C0865_reports.json","2316","2026-09-09T03:59:59.194Z",".json"
"04_기관리서치/관계도/원천자료/ALIO/C0866_2026041703162986.html","15521","2026-09-09T03:59:20.730Z",".html"
"04_기관리서치/관계도/원천자료/ALIO/C0866_reports.json","781","2026-09-09T03:59:20.505Z",".json"
"04_기관리서치/관계도/원천자료/ALIO/C0867_2026081103226459.html","12788","2026-09-09T03:59:27.651Z",".html"
"04_기관리서치/관계도/원천자료/ALIO/C0867_reports.json","1467","2026-09-09T03:59:27.427Z",".json"
"04_기관리서치/관계도/원천자료/ALIO/C0868_2026090303236758.html","16889","2026-09-09T03:59:58.366Z",".html"
"04_기관리서치/관계도/원천자료/ALIO/C0868_reports.json","1487","2026-09-09T03:59:58.132Z",".json"
"04_기관리서치/관계도/원천자료/ALIO/C0870_2026090903239018.html","14044","2026-09-09T03:59:59.867Z",".html"
"04_기관리서치/관계도/원천자료/ALIO/C0870_reports.json","1480","2026-09-09T03:59:59.633Z",".json"
"04_기관리서치/관계도/원천자료/ALIO/C0879_2025111403075384.html","21200","2026-09-09T03:59:17.138Z",".html"
"04_기관리서치/관계도/원천자료/ALIO/C0879_reports.json","2210","2026-09-09T03:59:16.918Z",".json"
"04_기관리서치/관계도/원천자료/ALIO/C0884_2026080403223499.html","13918","2026-09-09T03:59:36.162Z",".html"
"04_기관리서치/관계도/원천자료/ALIO/C0884_reports.json","2488","2026-09-09T03:59:35.934Z",".json"
"04_기관리서치/관계도/원천자료/ALIO/C0887_2026043003170038.html","12052","2026-09-09T03:59:10.613Z",".html"
"04_기관리서치/관계도/원천자료/ALIO/C0887_reports.json","810","2026-09-09T03:59:10.382Z",".json"
"04_기관리서치/관계도/원천자료/ALIO/C0894_2025070203016261.html","12991","2026-09-09T03:59:22.819Z",".html"
"04_기관리서치/관계도/원천자료/ALIO/C0894_reports.json","1146","2026-09-09T03:59:22.579Z",".json"
"04_기관리서치/관계도/원천자료/ALIO/C0896_2026031903132534.html","14875","2026-09-09T03:59:30.743Z",".html"
"04_기관리서치/관계도/원천자료/ALIO/C0896_reports.json","1145","2026-09-09T03:59:30.507Z",".json"
"04_기관리서치/관계도/원천자료/ALIO/C0899_2026061103193811.html","21260","2026-09-09T04:00:06.988Z",".html"
"04_기관리서치/관계도/원천자료/ALIO/C0899_reports.json","2140","2026-09-09T04:00:06.747Z",".json"
"04_기관리서치/관계도/원천자료/ALIO/C0900_2025043002990796.html","14294","2026-09-09T04:00:11.224Z",".html"
"04_기관리서치/관계도/원천자료/ALIO/C0900_reports.json","784","2026-09-09T04:00:10.995Z",".json"
"04_기관리서치/관계도/원천자료/ALIO/C0901_2026061703196516.html","12747","2026-09-09T03:59:57.323Z",".html"
"04_기관리서치/관계도/원천자료/ALIO/C0901_reports.json","1152","2026-09-09T03:59:57.125Z",".json"
"04_기관리서치/관계도/원천자료/ALIO/C0902_2026081303228100.html","13262","2026-09-09T03:59:57.379Z",".html"
"04_기관리서치/관계도/원천자료/ALIO/C0902_reports.json","2130","2026-09-09T03:59:57.145Z",".json"
"04_기관리서치/관계도/원천자료/ALIO/C0903_2026080503224167.html","12900","2026-09-09T03:59:27.553Z",".html"
"04_기관리서치/관계도/원천자료/ALIO/C0903_reports.json","3601","2026-09-09T03:59:27.341Z",".json"
"04_기관리서치/관계도/원천자료/ALIO/C0905_2026080703225488.html","15284","2026-09-09T03:59:27.479Z",".html"
"04_기관리서치/관계도/원천자료/ALIO/C0905_reports.json","792","2026-09-09T03:59:27.249Z",".json"
"04_기관리서치/관계도/원천자료/ALIO/C0906_2026070903206908.html","12791","2026-09-09T03:59:27.971Z",".html"
"04_기관리서치/관계도/원천자료/ALIO/C0906_reports.json","1489","2026-09-09T03:59:27.754Z",".json"
"04_기관리서치/관계도/원천자료/ALIO/C0908_2026022603120662.html","11670","2026-09-09T03:59:34.097Z",".html"
"04_기관리서치/관계도/원천자료/ALIO/C0908_reports.json","1144","2026-09-09T03:59:33.855Z",".json"
"04_기관리서치/관계도/원천자료/ALIO/C0916_2025041102979823.html","12237","2026-09-09T03:59:58.432Z",".html"
"04_기관리서치/관계도/원천자료/ALIO/C0916_reports.json","806","2026-09-09T03:59:58.216Z",".json"
"04_기관리서치/관계도/원천자료/ALIO/C0918_2026082903234976.html","12536","2026-09-09T03:59:29.112Z",".html"
"04_기관리서치/관계도/원천자료/ALIO/C0918_reports.json","1178","2026-09-09T03:59:28.884Z",".json"
"04_기관리서치/관계도/원천자료/ALIO/C0920_2026010703097240.html","12152","2026-09-09T04:00:10.252Z",".html"
"04_기관리서치/관계도/원천자료/ALIO/C0920_reports.json","1108","2026-09-09T04:00:10.034Z",".json"
"04_기관리서치/관계도/원천자료/ALIO/C0922_2025041102979824.html","12262","2026-09-09T03:59:46.268Z",".html"
"04_기관리서치/관계도/원천자료/ALIO/C0922_reports.json","792","2026-09-09T03:59:46.062Z",".json"
"04_기관리서치/관계도/원천자료/ALIO/C0923_2026081503229633.html","15285","2026-09-09T03:59:15.981Z",".html"
"04_기관리서치/관계도/원천자료/ALIO/C0923_reports.json","1496","2026-09-09T03:59:15.766Z",".json"
"04_기관리서치/관계도/원천자료/ALIO/C0924_2026040803144845.html","12805","2026-09-09T03:59:16.643Z",".html"
"04_기관리서치/관계도/원천자료/ALIO/C0924_reports.json","1126","2026-09-09T03:59:16.438Z",".json"
"04_기관리서치/관계도/원천자료/ALIO/C0931_2025043002989810.html","13224","2026-09-09T03:59:09.629Z",".html"
"04_기관리서치/관계도/원천자료/ALIO/C0931_reports.json","858","2026-09-09T03:59:09.374Z",".json"
"04_기관리서치/관계도/원천자료/ALIO/C0932_2026052303185358.html","12530","2026-09-09T03:59:58.881Z",".html"
"04_기관리서치/관계도/원천자료/ALIO/C0932_reports.json","1144","2026-09-09T03:59:58.646Z",".json"
"04_기관리서치/관계도/원천자료/ALIO/C0939_2025043002990440.html","13579","2026-09-09T03:59:27.064Z",".html"
"04_기관리서치/관계도/원천자료/ALIO/C0939_reports.json","781","2026-09-09T03:59:26.805Z",".json"
"04_기관리서치/관계도/원천자료/ALIO/C1016_2025041102979826.html","12350","2026-09-09T03:59:18.725Z",".html"
"04_기관리서치/관계도/원천자료/ALIO/C1016_reports.json","772","2026-09-09T03:59:18.508Z",".json"
"04_기관리서치/관계도/원천자료/ALIO/C1017_2025041802984091.html","14328","2026-09-09T03:59:32.335Z",".html"
"04_기관리서치/관계도/원천자료/ALIO/C1017_reports.json","824","2026-09-09T03:59:32.095Z",".json"
"04_기관리서치/관계도/원천자료/ALIO/C1018_2026020303111467.html","14102","2026-09-09T03:59:16.516Z",".html"
"04_기관리서치/관계도/원천자료/ALIO/C1018_reports.json","2162","2026-09-09T03:59:16.283Z",".json"
"04_기관리서치/관계도/원천자료/ALIO/C1021_2026011403102816.html","13128","2026-09-09T03:59:18.676Z",".html"
"04_기관리서치/관계도/원천자료/ALIO/C1021_reports.json","1157","2026-09-09T03:59:18.460Z",".json"
"04_기관리서치/관계도/원천자료/ALIO/C1024_2026081103226460.html","11555","2026-09-09T03:59:11.101Z",".html"
"04_기관리서치/관계도/원천자료/ALIO/C1024_reports.json","1801","2026-09-09T03:59:10.885Z",".json"
"04_기관리서치/관계도/원천자료/ALIO/C1027_2026010603096683.html","11298","2026-09-09T03:59:20.231Z",".html"
"04_기관리서치/관계도/원천자료/ALIO/C1027_reports.json","1104","2026-09-09T03:59:20.005Z",".json"
"04_기관리서치/관계도/원천자료/ALIO/C1028_2026051303175550.html","13203","2026-09-09T03:59:13.873Z",".html"
"04_기관리서치/관계도/원천자료/ALIO/C1028_reports.json","1177","2026-09-09T03:59:13.632Z",".json"
"04_기관리서치/관계도/원천자료/ALIO/C1030_2025043002990470.html","12490","2026-09-09T03:59:10.048Z",".html"
"04_기관리서치/관계도/원천자료/ALIO/C1030_reports.json","804","2026-09-09T03:59:09.838Z",".json"
"04_기관리서치/관계도/원천자료/ALIO/C1031_2026082503232781.html","18348","2026-09-09T03:59:13.336Z",".html"
"04_기관리서치/관계도/원천자료/ALIO/C1031_reports.json","2268","2026-09-09T03:59:13.096Z",".json"
"04_기관리서치/관계도/원천자료/ALIO/C1033_2025111103073506.html","13039","2026-09-09T03:59:28.495Z",".html"
"04_기관리서치/관계도/원천자료/ALIO/C1033_reports.json","1471","2026-09-09T03:59:28.244Z",".json"
"04_기관리서치/관계도/원천자료/ALIO/C1038_2026040703143964.html","14490","2026-09-09T03:59:14.418Z",".html"
"04_기관리서치/관계도/원천자료/ALIO/C1038_reports.json","1182","2026-09-09T03:59:14.159Z",".json"
"04_기관리서치/관계도/원천자료/ALIO/C1042_2026062703201506.html","12577","2026-09-09T04:00:01.479Z",".html"
"04_기관리서치/관계도/원천자료/ALIO/C1042_reports.json","1461","2026-09-09T04:00:01.234Z",".json"
"04_기관리서치/관계도/원천자료/ALIO/C1044_2026051203174568.html","15697","2026-09-09T03:59:35.163Z",".html"
"04_기관리서치/관계도/원천자료/ALIO/C1044_reports.json","2117","2026-09-09T03:59:34.939Z",".json"
"04_기관리서치/관계도/원천자료/ALIO/C1046_2026080403223500.html","18825","2026-09-09T03:59:26.514Z",".html"
"04_기관리서치/관계도/원천자료/ALIO/C1046_reports.json","1789","2026-09-09T03:59:26.261Z",".json"
"04_기관리서치/관계도/원천자료/ALIO/C1049_2025043002990454.html","13073","2026-09-09T04:00:01.509Z",".html"
"04_기관리서치/관계도/원천자료/ALIO/C1049_reports.json","840","2026-09-09T04:00:01.294Z",".json"
"04_기관리서치/관계도/원천자료/ALIO/C1051_2026082803234487.html","14359","2026-09-09T03:59:17.271Z",".html"
"04_기관리서치/관계도/원천자료/ALIO/C1051_reports.json","1126","2026-09-09T03:59:17.021Z",".json"
"04_기관리서치/관계도/원천자료/ALIO/C1053_2026072403219504.html","13710","2026-09-09T04:00:07.495Z",".html"
"04_기관리서치/관계도/원천자료/ALIO/C1053_reports.json","1469","2026-09-09T04:00:07.258Z",".json"
"04_기관리서치/관계도/원천자료/ALIO/C1055_2026031103127423.html","12408","2026-09-09T03:59:51.720Z",".html"
"04_기관리서치/관계도/원천자료/ALIO/C1055_reports.json","2131","2026-09-09T03:59:51.486Z",".json"
"04_기관리서치/관계도/원천자료/ALIO/C1060_2026070803206156.html","14551","2026-09-09T03:59:10.663Z",".html"
"04_기관리서치/관계도/원천자료/ALIO/C1060_reports.json","1786","2026-09-09T03:59:10.425Z",".json"
"04_기관리서치/관계도/원천자료/ALIO/C1062_2026042303166360.html","17597","2026-09-09T04:00:09.730Z",".html"
"04_기관리서치/관계도/원천자료/ALIO/C1062_reports.json","2648","2026-09-09T04:00:09.497Z",".json"
"04_기관리서치/관계도/원천자료/ALIO/C1064_2026072203218153.html","13326","2026-09-09T03:59:31.245Z",".html"
"04_기관리서치/관계도/원천자료/ALIO/C1064_reports.json","1816","2026-09-09T03:59:31.017Z",".json"
"04_기관리서치/관계도/원천자료/ALIO/C1070_2026061603195763.html","14544","2026-09-09T04:00:02.514Z",".html"
"04_기관리서치/관계도/원천자료/ALIO/C1070_reports.json","1839","2026-09-09T04:00:02.279Z",".json"
"04_기관리서치/관계도/원천자료/ALIO/C1100_2026042903169198.html","17606","2026-09-09T03:59:56.253Z",".html"
"04_기관리서치/관계도/원천자료/ALIO/C1100_reports.json","807","2026-09-09T03:59:56.011Z",".json"
"04_기관리서치/관계도/원천자료/ALIO/C1102_2025082103040812.html","12703","2026-09-09T03:59:32.372Z",".html"
"04_기관리서치/관계도/원천자료/ALIO/C1102_reports.json","1813","2026-09-09T03:59:32.158Z",".json"
"04_기관리서치/관계도/원천자료/ALIO/C1103_2025043002990439.html","13933","2026-09-09T03:59:32.894Z",".html"
"04_기관리서치/관계도/원천자료/ALIO/C1103_reports.json","833","2026-09-09T03:59:32.673Z",".json"
"04_기관리서치/관계도/원천자료/ALIO/C1107_2026090303236759.html","17176","2026-09-09T03:59:54.688Z",".html"
"04_기관리서치/관계도/원천자료/ALIO/C1107_reports.json","2148","2026-09-09T03:59:54.462Z",".json"
"04_기관리서치/관계도/원천자료/ALIO/C1108_2025043002989813.html","13636","2026-09-09T03:59:32.053Z",".html"
"04_기관리서치/관계도/원천자료/ALIO/C1108_reports.json","826","2026-09-09T03:59:31.817Z",".json"
"04_기관리서치/관계도/원천자료/ALIO/C1109_2026072303218867.html","13071","2026-09-09T03:59:32.570Z",".html"
"04_기관리서치/관계도/원천자료/ALIO/C1109_reports.json","1150","2026-09-09T03:59:32.331Z",".json"
"04_기관리서치/관계도/원천자료/ALIO/C1119_2026040403143079.html","14484","2026-09-09T04:00:08.714Z",".html"
"04_기관리서치/관계도/원천자료/ALIO/C1119_reports.json","1782","2026-09-09T04:00:08.497Z",".json"
"04_기관리서치/관계도/원천자료/ALIO/C1120_2026082203232158.html","13090","2026-09-09T03:59:14.930Z",".html"
"04_기관리서치/관계도/원천자료/ALIO/C1120_reports.json","1810","2026-09-09T03:59:14.674Z",".json"
"04_기관리서치/관계도/원천자료/ALIO/C1124_2026071003213499.html","12425","2026-09-09T04:00:02.703Z",".html"
"04_기관리서치/관계도/원천자료/ALIO/C1124_reports.json","1177","2026-09-09T04:00:02.482Z",".json"
"04_기관리서치/관계도/원천자료/ALIO/C1127_2026062303199084.html","12586","2026-09-09T03:59:55.211Z",".html"
"04_기관리서치/관계도/원천자료/ALIO/C1127_reports.json","2161","2026-09-09T03:59:55.023Z",".json"
"04_기관리서치/관계도/원천자료/ALIO/C1130_2026010903098549.html","13801","2026-09-09T03:59:26.462Z",".html"
"04_기관리서치/관계도/원천자료/ALIO/C1130_reports.json","1511","2026-09-09T03:59:26.220Z",".json"
"04_기관리서치/관계도/원천자료/ALIO/C1131_2026071103214056.html","12561","2026-09-09T04:00:09.099Z",".html"
"04_기관리서치/관계도/원천자료/ALIO/C1131_reports.json","1198","2026-09-09T04:00:08.849Z",".json"
"04_기관리서치/관계도/원천자료/ALIO/C1138_2026040103140626.html","15596","2026-09-09T03:59:55.817Z",".html"
"04_기관리서치/관계도/원천자료/ALIO/C1138_reports.json","804","2026-09-09T03:59:55.576Z",".json"
"04_기관리서치/관계도/원천자료/ALIO/C1294_2026031303129240.html","10934","2026-09-09T03:59:45.823Z",".html"
"04_기관리서치/관계도/원천자료/ALIO/C1294_reports.json","1462","2026-09-09T03:59:45.597Z",".json"
"04_기관리서치/관계도/원천자료/ALIO/C1303_2026060203189086.html","13737","2026-09-09T03:59:15.458Z",".html"
"04_기관리서치/관계도/원천자료/ALIO/C1303_reports.json","2124","2026-09-09T03:59:15.224Z",".json"
"04_기관리서치/관계도/원천자료/ALIO/C1304_2026051203174569.html","13859","2026-09-09T03:59:10.098Z",".html"
"04_기관리서치/관계도/원천자료/ALIO/C1304_reports.json","1819","2026-09-09T03:59:09.851Z",".json"
"04_기관리서치/관계도/원천자료/ALIO/C1318_2026042203165464.html","12507","2026-09-09T03:59:31.837Z",".html"
"04_기관리서치/관계도/원천자료/ALIO/C1318_reports.json","1152","2026-09-09T03:59:31.627Z",".json"
"04_기관리서치/관계도/원천자료/ALIO/C1319_2026041203147550.html","12548","2026-09-09T03:59:39.894Z",".html"
"04_기관리서치/관계도/원천자료/ALIO/C1319_reports.json","1484","2026-09-09T03:59:39.670Z",".json"
"04_기관리서치/관계도/원천자료/ALIO/C1324_2025101603062959.html","11960","2026-09-09T03:59:18.283Z",".html"
"04_기관리서치/관계도/원천자료/ALIO/C1324_reports.json","1798","2026-09-09T03:59:18.054Z",".json"
"04_기관리서치/관계도/원천자료/ALIO/C1327_2026032103134122.html","12438","2026-09-09T03:59:13.879Z",".html"
"04_기관리서치/관계도/원천자료/ALIO/C1327_reports.json","1837","2026-09-09T03:59:13.674Z",".json"
"04_기관리서치/관계도/원천자료/ALIO/C1330_2025041102979829.html","13503","2026-09-09T03:59:36.793Z",".html"
"04_기관리서치/관계도/원천자료/ALIO/C1330_reports.json","837","2026-09-09T03:59:36.573Z",".json"
"04_기관리서치/관계도/원천자료/ALIO/C1331_2026031203128314.html","11150","2026-09-09T03:59:28.189Z",".html"
"04_기관리서치/관계도/원천자료/ALIO/C1331_reports.json","1131","2026-09-09T03:59:27.952Z",".json"
"04_기관리서치/관계도/원천자료/ALIO/C1333_2025043002990471.html","11500","2026-09-09T03:59:17.784Z",".html"
"04_기관리서치/관계도/원천자료/ALIO/C1333_reports.json","802","2026-09-09T03:59:17.558Z",".json"
"04_기관리서치/관계도/원천자료/ALIO/C1334_2026080703225492.html","15252","2026-09-09T03:59:18.782Z",".html"
"04_기관리서치/관계도/원천자료/ALIO/C1334_reports.json","1834","2026-09-09T03:59:18.554Z",".json"
"04_기관리서치/관계도/원천자료/ALIO/C1335_2026081903230246.html","14693","2026-09-09T03:59:48.574Z",".html"
"04_기관리서치/관계도/원천자료/ALIO/C1335_reports.json","1144","2026-09-09T03:59:48.341Z",".json"
"04_기관리서치/관계도/원천자료/ALIO/C1352_2026081103226461.html","15407","2026-09-09T04:00:10.774Z",".html"
"04_기관리서치/관계도/원천자료/ALIO/C1352_reports.json","1827","2026-09-09T04:00:10.545Z",".json"
"04_기관리서치/관계도/원천자료/ALIO/C1362_2026080603224853.html","14161","2026-09-09T03:59:17.641Z",".html"
"04_기관리서치/관계도/원천자료/ALIO/C1362_reports.json","1970","2026-09-09T03:59:17.398Z",".json"
"04_기관리서치/관계도/원천자료/ALIO/C1364_2026011403102818.html","12230","2026-09-09T03:59:41.637Z",".html"
"04_기관리서치/관계도/원천자료/ALIO/C1364_reports.json","1138","2026-09-09T03:59:41.418Z",".json"
"04_기관리서치/관계도/원천자료/ALIO/C1367_2026050903173724.html","12776","2026-09-09T03:59:53.203Z",".html"
"04_기관리서치/관계도/원천자료/ALIO/C1367_reports.json","1127","2026-09-09T03:59:52.990Z",".json"
"04_기관리서치/관계도/원천자료/ALIO/C1368_2026042203165465.html","14887","2026-09-09T04:00:06.200Z",".html"
"04_기관리서치/관계도/원천자료/ALIO/C1368_reports.json","1928","2026-09-09T04:00:05.978Z",".json"
"04_기관리서치/관계도/원천자료/ALIO/C1375_2026041403159800.html","12458","2026-09-09T03:59:16.643Z",".html"
"04_기관리서치/관계도/원천자료/ALIO/C1375_reports.json","790","2026-09-09T03:59:16.451Z",".json"
"04_기관리서치/관계도/원천자료/ALIO/C1378_2026081403228867.html","16861","2026-09-09T03:59:36.383Z",".html"
"04_기관리서치/관계도/원천자료/ALIO/C1378_reports.json","1207","2026-09-09T03:59:36.142Z",".json"
"04_기관리서치/관계도/원천자료/ALIO/C1383_2026071103214053.html","13579","2026-09-09T03:59:33.077Z",".html"
"04_기관리서치/관계도/원천자료/ALIO/C1383_reports.json","774","2026-09-09T03:59:32.842Z",".json"
"04_기관리서치/관계도/원천자료/ALIO/C1386_2025041102979831.html","10934","2026-09-09T04:00:05.880Z",".html"
"04_기관리서치/관계도/원천자료/ALIO/C1386_reports.json","784","2026-09-09T04:00:05.653Z",".json"
"04_기관리서치/관계도/원천자료/ALIO/C1395_2026070403204792.html","15085","2026-09-09T03:59:18.175Z",".html"
"04_기관리서치/관계도/원천자료/ALIO/C1395_reports.json","1122","2026-09-09T03:59:17.938Z",".json"
"04_기관리서치/관계도/원천자료/ALIO/C1398_2026051203174570.html","12055","2026-09-09T03:59:29.302Z",".html"
"04_기관리서치/관계도/원천자료/ALIO/C1398_reports.json","1124","2026-09-09T03:59:29.063Z",".json"
"04_기관리서치/관계도/원천자료/ALIO/C1399_2026041403159801.html","12555","2026-09-09T03:59:11.741Z",".html"
"04_기관리서치/관계도/원천자료/ALIO/C1399_reports.json","786","2026-09-09T03:59:11.500Z",".json"
"04_기관리서치/관계도/원천자료/ALIO/C1400_2026051203174571.html","13971","2026-09-09T03:59:41.518Z",".html"
"04_기관리서치/관계도/원천자료/ALIO/C1400_reports.json","810","2026-09-09T03:59:41.283Z",".json"
"04_기관리서치/관계도/원천자료/ALIO/C1401_2025053003003018.html","16267","2026-09-09T03:59:31.817Z",".html"
"04_기관리서치/관계도/원천자료/ALIO/C1401_reports.json","1122","2026-09-09T03:59:31.560Z",".json"
"04_기관리서치/관계도/원천자료/ALIO/C1402_2026053003188416.html","11917","2026-09-09T03:59:19.731Z",".html"
"04_기관리서치/관계도/원천자료/ALIO/C1402_reports.json","1542","2026-09-09T03:59:19.511Z",".json"
"04_기관리서치/관계도/원천자료/ALIO/C1410_2026062003198461.html","11513","2026-09-09T03:59:55.697Z",".html"
"04_기관리서치/관계도/원천자료/ALIO/C1410_reports.json","1122","2026-09-09T03:59:55.469Z",".json"
"04_기관리서치/관계도/원천자료/자치법규/0064197a9d157fb0_링크.html","1196","2026-09-09T04:16:35.959Z",".html"
"04_기관리서치/관계도/원천자료/자치법규/00e139f7b4d52ff3_링크.html","1298","2026-09-09T04:15:54.484Z",".html"
"04_기관리서치/관계도/원천자료/자치법규/0227600f53ae1760_링크.html","1291","2026-09-09T04:16:44.280Z",".html"
"04_기관리서치/관계도/원천자료/자치법규/02d25ef37a683456_링크.html","1311","2026-09-09T04:17:26.710Z",".html"
"04_기관리서치/관계도/원천자료/자치법규/03b4d5a13f86a9c4_링크.html","1291","2026-09-09T04:14:44.819Z",".html"
"04_기관리서치/관계도/원천자료/자치법규/040091ca9caf06bd_링크.html","1277","2026-09-09T04:17:04.102Z",".html"
"04_기관리서치/관계도/원천자료/자치법규/0411247638713bc7_링크.html","1305","2026-09-09T04:16:48.524Z",".html"
"04_기관리서치/관계도/원천자료/자치법규/04b6c908a83e5456_링크.html","1289","2026-09-09T04:16:45.595Z",".html"
"04_기관리서치/관계도/원천자료/자치법규/05985b551d9b1283_링크.html","1265","2026-09-09T04:16:14.329Z",".html"
"04_기관리서치/관계도/원천자료/자치법규/05c2a3055bff7314_링크.html","1299","2026-09-09T04:16:59.604Z",".html"
"04_기관리서치/관계도/원천자료/자치법규/0618e9ae29152f3d_링크.html","1295","2026-09-09T04:15:16.209Z",".html"
"04_기관리서치/관계도/원천자료/자치법규/065ec150b58d6b1c_링크.html","1301","2026-09-09T04:17:39.977Z",".html"
"04_기관리서치/관계도/원천자료/자치법규/06a36417b35fd6f4_링크.html","1275","2026-09-09T04:15:46.160Z",".html"
"04_기관리서치/관계도/원천자료/자치법규/06c670f08f69c169_링크.html","1291","2026-09-09T04:16:58.184Z",".html"
"04_기관리서치/관계도/원천자료/자치법규/06e3791a4afd80c7_링크.html","1275","2026-09-09T04:15:10.450Z",".html"
"04_기관리서치/관계도/원천자료/자치법규/0786a63829fd6dfb_링크.html","1302","2026-09-09T04:15:30.566Z",".html"
"04_기관리서치/관계도/원천자료/자치법규/07fcd00a011724a2_링크.html","1275","2026-09-09T04:17:34.085Z",".html"
"04_기관리서치/관계도/원천자료/자치법규/084127832cbb17ca_링크.html","1268","2026-09-09T04:16:22.376Z",".html"
"04_기관리서치/관계도/원천자료/자치법규/088c0a7728b603a0_링크.html","1196","2026-09-09T04:16:57.567Z",".html"
"04_기관리서치/관계도/원천자료/자치법규/091317ee9c2a65e7_링크.html","1196","2026-09-09T04:15:03.275Z",".html"
"04_기관리서치/관계도/원천자료/자치법규/092521a5ec0eb6ba_링크.html","1276","2026-09-09T04:16:57.280Z",".html"
"04_기관리서치/관계도/원천자료/자치법규/0a2ee81dcbc8a85e_링크.html","1288","2026-09-09T04:15:30.340Z",".html"
"04_기관리서치/관계도/원천자료/자치법규/0a6e0b47d367753c_링크.html","1283","2026-09-09T04:16:30.536Z",".html"
"04_기관리서치/관계도/원천자료/자치법규/0a733d0b7fc9c407_링크.html","1196","2026-09-09T04:15:39.686Z",".html"
"04_기관리서치/관계도/원천자료/자치법규/0aefd9279d80fd2f_링크.html","1196","2026-09-09T04:16:16.923Z",".html"
"04_기관리서치/관계도/원천자료/자치법규/0af5d16418aebff2_링크.html","1294","2026-09-09T04:15:40.577Z",".html"
"04_기관리서치/관계도/원천자료/자치법규/0bb62a16fb3a91bd_링크.html","1196","2026-09-09T04:15:35.141Z",".html"
"04_기관리서치/관계도/원천자료/자치법규/0bcf64fa436e99c9_링크.html","1289","2026-09-09T04:15:20.149Z",".html"
"04_기관리서치/관계도/원천자료/자치법규/0c34cd0550861250_링크.html","1296","2026-09-09T04:15:39.242Z",".html"
"04_기관리서치/관계도/원천자료/자치법규/0c5d259a40e24fac_링크.html","1196","2026-09-09T04:14:59.736Z",".html"
"04_기관리서치/관계도/원천자료/자치법규/0c9031a8b31876e0_링크.html","1196","2026-09-09T04:15:55.388Z",".html"
"04_기관리서치/관계도/원천자료/자치법규/0d28bffedd329b23_링크.html","1196","2026-09-09T04:16:28.503Z",".html"
"04_기관리서치/관계도/원천자료/자치법규/0d8b9f85e8965393_링크.html","1196","2026-09-09T04:16:09.640Z",".html"
"04_기관리서치/관계도/원천자료/자치법규/0db45fbb0050650f_링크.html","1304","2026-09-09T04:15:11.297Z",".html"
"04_기관리서치/관계도/원천자료/자치법규/0dc307f642d33313_링크.html","1196","2026-09-09T04:15:19.268Z",".html"
"04_기관리서치/관계도/원천자료/자치법규/0e40758a3ec84eaf_링크.html","1196","2026-09-09T04:17:04.376Z",".html"
"04_기관리서치/관계도/원천자료/자치법규/0e8dfdfaf782a479_링크.html","1291","2026-09-09T04:14:49.141Z",".html"
"04_기관리서치/관계도/원천자료/자치법규/0f196a48946dc1f9_링크.html","1308","2026-09-09T04:14:59.987Z",".html"
"04_기관리서치/관계도/원천자료/자치법규/0f35c7feb89c7fa0_링크.html","1293","2026-09-09T04:16:13.899Z",".html"
"04_기관리서치/관계도/원천자료/자치법규/0f5dc54fc50bee19_링크.html","1277","2026-09-09T04:16:08.472Z",".html"
"04_기관리서치/관계도/원천자료/자치법규/0f6d4a76bcbaf42e_링크.html","1196","2026-09-09T04:15:54.247Z",".html"
"04_기관리서치/관계도/원천자료/자치법규/0f78108bec1aaad9_링크.html","1298","2026-09-09T04:15:03.297Z",".html"
"04_기관리서치/관계도/원천자료/자치법규/0f7db8a149043a9b_링크.html","1285","2026-09-09T04:17:18.489Z",".html"
"04_기관리서치/관계도/원천자료/자치법규/0f815eeff8aaa8de_링크.html","1196","2026-09-09T04:15:31.609Z",".html"
"04_기관리서치/관계도/원천자료/자치법규/0f9f5405b938f92b_링크.html","1307","2026-09-09T04:17:31.212Z",".html"
"04_기관리서치/관계도/원천자료/자치법규/0fcfc5e902776621_링크.html","1275","2026-09-09T04:16:01.442Z",".html"
"04_기관리서치/관계도/원천자료/자치법규/1009431_본문.html","17420","2026-09-09T04:15:59.336Z",".html"
"04_기관리서치/관계도/원천자료/자치법규/1009431_정보.html","69611","2026-09-09T04:15:59.055Z",".html"
"04_기관리서치/관계도/원천자료/자치법규/1018687_본문.html","9745","2026-09-09T04:14:58.033Z",".html"
"04_기관리서치/관계도/원천자료/자치법규/1018687_정보.html","69785","2026-09-09T04:14:57.748Z",".html"
"04_기관리서치/관계도/원천자료/자치법규/1026585_본문.html","20543","2026-09-09T04:16:38.655Z",".html"
"04_기관리서치/관계도/원천자료/자치법규/1026585_정보.html","69749","2026-09-09T04:16:38.295Z",".html"
"04_기관리서치/관계도/원천자료/자치법규/1032248_본문.html","21243","2026-09-09T04:15:00.528Z",".html"
"04_기관리서치/관계도/원천자료/자치법규/1032248_정보.html","69661","2026-09-09T04:15:00.255Z",".html"
"04_기관리서치/관계도/원천자료/자치법규/1037150_본문.html","39041","2026-09-09T04:16:25.230Z",".html"
"04_기관리서치/관계도/원천자료/자치법규/1037150_정보.html","69722","2026-09-09T04:16:24.883Z",".html"
"04_기관리서치/관계도/원천자료/자치법규/1040106_본문.html","19070","2026-09-09T04:15:41.485Z",".html"
"04_기관리서치/관계도/원천자료/자치법규/1040106_정보.html","69632","2026-09-09T04:15:41.175Z",".html"
"04_기관리서치/관계도/원천자료/자치법규/1043264_본문.html","15977","2026-09-09T04:16:32.111Z",".html"
"04_기관리서치/관계도/원천자료/자치법규/1043264_정보.html","69802","2026-09-09T04:16:31.814Z",".html"
"04_기관리서치/관계도/원천자료/자치법규/1044299_본문.html","16439","2026-09-09T04:15:41.937Z",".html"
"04_기관리서치/관계도/원천자료/자치법규/1044299_정보.html","69634","2026-09-09T04:15:41.669Z",".html"
"04_기관리서치/관계도/원천자료/자치법규/1049071_본문.html","14091","2026-09-09T04:15:29.146Z",".html"
"04_기관리서치/관계도/원천자료/자치법규/1049071_정보.html","69766","2026-09-09T04:15:28.822Z",".html"
"04_기관리서치/관계도/원천자료/자치법규/1065332_본문.html","15490","2026-09-09T04:14:54.454Z",".html"
"04_기관리서치/관계도/원천자료/자치법규/1065332_정보.html","69690","2026-09-09T04:14:54.178Z",".html"
"04_기관리서치/관계도/원천자료/자치법규/1094124_본문.html","20844","2026-09-09T04:14:49.508Z",".html"
"04_기관리서치/관계도/원천자료/자치법규/1094124_정보.html","69636","2026-09-09T04:14:49.203Z",".html"
"04_기관리서치/관계도/원천자료/자치법규/10e177a151eedbbf_링크.html","1196","2026-09-09T04:15:15.048Z",".html"
"04_기관리서치/관계도/원천자료/자치법규/1127720_본문.html","14605","2026-09-09T04:15:42.109Z",".html"
"04_기관리서치/관계도/원천자료/자치법규/1127720_정보.html","69826","2026-09-09T04:15:41.834Z",".html"
"04_기관리서치/관계도/원천자료/자치법규/1149287_본문.html","25982","2026-09-09T04:15:16.824Z",".html"
"04_기관리서치/관계도/원천자료/자치법규/1149287_정보.html","69867","2026-09-09T04:15:16.511Z",".html"
"04_기관리서치/관계도/원천자료/자치법규/114d3895c11f940c_링크.html","1278","2026-09-09T04:16:09.010Z",".html"
"04_기관리서치/관계도/원천자료/자치법규/1151765_본문.html","31322","2026-09-09T04:17:05.603Z",".html"
"04_기관리서치/관계도/원천자료/자치법규/1151765_정보.html","69668","2026-09-09T04:17:05.302Z",".html"
"04_기관리서치/관계도/원천자료/자치법규/1161271_본문.html","31281","2026-09-09T04:16:24.586Z",".html"
"04_기관리서치/관계도/원천자료/자치법규/1161271_정보.html","69635","2026-09-09T04:16:24.267Z",".html"
"04_기관리서치/관계도/원천자료/자치법규/1170613_본문.html","43745","2026-09-09T04:16:55.243Z",".html"
"04_기관리서치/관계도/원천자료/자치법규/1170613_정보.html","69665","2026-09-09T04:16:54.906Z",".html"
"04_기관리서치/관계도/원천자료/자치법규/1170882_본문.html","15763","2026-09-09T04:14:48.861Z",".html"
"04_기관리서치/관계도/원천자료/자치법규/1170882_정보.html","69612","2026-09-09T04:14:48.577Z",".html"
"04_기관리서치/관계도/원천자료/자치법규/1176664_본문.html","15085","2026-09-09T04:15:04.650Z",".html"
"04_기관리서치/관계도/원천자료/자치법규/1176664_정보.html","69643","2026-09-09T04:15:04.348Z",".html"
"04_기관리서치/관계도/원천자료/자치법규/1177914_본문.html","16240","2026-09-09T04:16:56.991Z",".html"
"04_기관리서치/관계도/원천자료/자치법규/1177914_정보.html","69836","2026-09-09T04:16:56.691Z",".html"
"04_기관리서치/관계도/원천자료/자치법규/1183069_본문.html","19011","2026-09-09T04:15:41.238Z",".html"
"04_기관리서치/관계도/원천자료/자치법규/1183069_정보.html","69728","2026-09-09T04:15:40.936Z",".html"
"04_기관리서치/관계도/원천자료/자치법규/1183072_본문.html","21609","2026-09-09T04:16:46.131Z",".html"
"04_기관리서치/관계도/원천자료/자치법규/1183072_정보.html","69749","2026-09-09T04:16:45.826Z",".html"
"04_기관리서치/관계도/원천자료/자치법규/1187818eee89a63f_링크.html","1294","2026-09-09T04:15:08.683Z",".html"
"04_기관리서치/관계도/원천자료/자치법규/1187937_본문.html","25883","2026-09-09T04:15:20.141Z",".html"
"04_기관리서치/관계도/원천자료/자치법규/1187937_정보.html","69786","2026-09-09T04:15:19.849Z",".html"
"04_기관리서치/관계도/원천자료/자치법규/1188381_본문.html","22805","2026-09-09T04:14:46.714Z",".html"
"04_기관리서치/관계도/원천자료/자치법규/1188381_정보.html","69750","2026-09-09T04:14:46.369Z",".html"
"04_기관리서치/관계도/원천자료/자치법규/1192595_본문.html","13010","2026-09-09T04:16:14.524Z",".html"
"04_기관리서치/관계도/원천자료/자치법규/1192595_정보.html","69702","2026-09-09T04:16:14.243Z",".html"
"04_기관리서치/관계도/원천자료/자치법규/1194285_본문.html","39566","2026-09-09T04:16:49.415Z",".html"
"04_기관리서치/관계도/원천자료/자치법규/1194285_정보.html","69749","2026-09-09T04:16:49.113Z",".html"
"04_기관리서치/관계도/원천자료/자치법규/1195231_본문.html","25526","2026-09-09T04:15:55.753Z",".html"
"04_기관리서치/관계도/원천자료/자치법규/1195231_정보.html","69551","2026-09-09T04:15:55.420Z",".html"
"04_기관리서치/관계도/원천자료/자치법규/1198074_본문.html","9074","2026-09-09T04:16:28.488Z",".html"
"04_기관리서치/관계도/원천자료/자치법규/1198074_정보.html","69863","2026-09-09T04:16:28.235Z",".html"
"04_기관리서치/관계도/원천자료/자치법규/11f31378724359a0_링크.html","1298","2026-09-09T04:16:59.070Z",".html"
"04_기관리서치/관계도/원천자료/자치법규/1200362_본문.html","11141","2026-09-09T04:16:39.533Z",".html"
"04_기관리서치/관계도/원천자료/자치법규/1200362_정보.html","69801","2026-09-09T04:16:39.232Z",".html"
"04_기관리서치/관계도/원천자료/자치법규/1202547_본문.html","20269","2026-09-09T04:16:32.325Z",".html"
"04_기관리서치/관계도/원천자료/자치법규/1202547_정보.html","69644","2026-09-09T04:16:32.019Z",".html"
"04_기관리서치/관계도/원천자료/자치법규/1210120_본문.html","13627","2026-09-09T04:14:41.841Z",".html"
"04_기관리서치/관계도/원천자료/자치법규/1210120_정보.html","69826","2026-09-09T04:14:41.542Z",".html"
"04_기관리서치/관계도/원천자료/자치법규/1210931_본문.html","29475","2026-09-09T04:15:36.047Z",".html"
"04_기관리서치/관계도/원천자료/자치법규/1210931_정보.html","69795","2026-09-09T04:15:35.733Z",".html"
"04_기관리서치/관계도/원천자료/자치법규/1212340_본문.html","27806","2026-09-09T04:16:59.355Z",".html"
"04_기관리서치/관계도/원천자료/자치법규/1212340_정보.html","69713","2026-09-09T04:16:59.012Z",".html"
"04_기관리서치/관계도/원천자료/자치법규/1214588_본문.html","11245","2026-09-09T04:16:45.793Z",".html"
"04_기관리서치/관계도/원천자료/자치법규/1214588_정보.html","69809","2026-09-09T04:16:45.468Z",".html"
"04_기관리서치/관계도/원천자료/자치법규/1219131_본문.html","10342","2026-09-09T04:14:45.427Z",".html"
"04_기관리서치/관계도/원천자료/자치법규/1219131_정보.html","69708","2026-09-09T04:14:45.156Z",".html"
"04_기관리서치/관계도/원천자료/자치법규/1224657_본문.html","8651","2026-09-09T04:15:57.601Z",".html"
"04_기관리서치/관계도/원천자료/자치법규/1224657_정보.html","69645","2026-09-09T04:15:57.169Z",".html"
"04_기관리서치/관계도/원천자료/자치법규/1234214_본문.html","9406","2026-09-09T04:16:43.581Z",".html"
"04_기관리서치/관계도/원천자료/자치법규/1234214_정보.html","69726","2026-09-09T04:16:43.299Z",".html"
"04_기관리서치/관계도/원천자료/자치법규/1236026_본문.html","24050","2026-09-09T04:15:17.689Z",".html"
"04_기관리서치/관계도/원천자료/자치법규/1236026_정보.html","69781","2026-09-09T04:15:17.391Z",".html"
"04_기관리서치/관계도/원천자료/자치법규/1238690_본문.html","27245","2026-09-09T04:16:11.810Z",".html"
"04_기관리서치/관계도/원천자료/자치법규/1238690_정보.html","69729","2026-09-09T04:16:11.525Z",".html"
"04_기관리서치/관계도/원천자료/자치법규/123ca6f5fc6445ec_링크.html","1272","2026-09-09T04:17:43.712Z",".html"
"04_기관리서치/관계도/원천자료/자치법규/1242930_본문.html","14864","2026-09-09T04:15:02.166Z",".html"
"04_기관리서치/관계도/원천자료/자치법규/1242930_정보.html","69683","2026-09-09T04:15:01.862Z",".html"
"04_기관리서치/관계도/원천자료/자치법규/1245827_본문.html","12382","2026-09-09T04:16:29.335Z",".html"
"04_기관리서치/관계도/원천자료/자치법규/1245827_정보.html","69725","2026-09-09T04:16:29.066Z",".html"
"04_기관리서치/관계도/원천자료/자치법규/1246952_본문.html","20290","2026-09-09T04:15:24.307Z",".html"
"04_기관리서치/관계도/원천자료/자치법규/1246952_정보.html","69574","2026-09-09T04:15:23.988Z",".html"
"04_기관리서치/관계도/원천자료/자치법규/1246983_본문.html","20308","2026-09-09T04:15:25.497Z",".html"
"04_기관리서치/관계도/원천자료/자치법규/1246983_정보.html","69544","2026-09-09T04:15:25.198Z",".html"
"04_기관리서치/관계도/원천자료/자치법규/1251074_본문.html","18369","2026-09-09T04:16:47.617Z",".html"
"04_기관리서치/관계도/원천자료/자치법규/1251074_정보.html","69823","2026-09-09T04:16:47.301Z",".html"
"04_기관리서치/관계도/원천자료/자치법규/1253724_본문.html","33804","2026-09-09T04:17:15.339Z",".html"
"04_기관리서치/관계도/원천자료/자치법규/1253724_정보.html","69677","2026-09-09T04:17:15.038Z",".html"
"04_기관리서치/관계도/원천자료/자치법규/1254762_본문.html","27734","2026-09-09T04:15:53.018Z",".html"
"04_기관리서치/관계도/원천자료/자치법규/1254762_정보.html","69634","2026-09-09T04:15:52.724Z",".html"
"04_기관리서치/관계도/원천자료/자치법규/1255701_본문.html","43498","2026-09-09T04:15:51.194Z",".html"
"04_기관리서치/관계도/원천자료/자치법규/1255701_정보.html","69884","2026-09-09T04:15:50.800Z",".html"
"04_기관리서치/관계도/원천자료/자치법규/1260471_본문.html","20222","2026-09-09T04:16:44.890Z",".html"
"04_기관리서치/관계도/원천자료/자치법규/1260471_정보.html","69716","2026-09-09T04:16:44.593Z",".html"
"04_기관리서치/관계도/원천자료/자치법규/1263720_본문.html","15673","2026-09-09T04:14:41.806Z",".html"
"04_기관리서치/관계도/원천자료/자치법규/1263720_정보.html","69768","2026-09-09T04:14:41.529Z",".html"
"04_기관리서치/관계도/원천자료/자치법규/1265377_본문.html","11607","2026-09-09T04:16:54.667Z",".html"
"04_기관리서치/관계도/원천자료/자치법규/1265377_정보.html","69634","2026-09-09T04:16:54.393Z",".html"
"04_기관리서치/관계도/원천자료/자치법규/1265804_본문.html","11348","2026-09-09T04:15:55.998Z",".html"
"04_기관리서치/관계도/원천자료/자치법규/1265804_정보.html","69712","2026-09-09T04:15:55.722Z",".html"
"04_기관리서치/관계도/원천자료/자치법규/1267921_본문.html","33383","2026-09-09T04:15:15.920Z",".html"
"04_기관리서치/관계도/원천자료/자치법규/1267921_정보.html","69948","2026-09-09T04:15:15.608Z",".html"
"04_기관리서치/관계도/원천자료/자치법규/1269088_본문.html","12053","2026-09-09T04:16:55.581Z",".html"
"04_기관리서치/관계도/원천자료/자치법규/1269088_정보.html","69751","2026-09-09T04:16:55.263Z",".html"
"04_기관리서치/관계도/원천자료/자치법규/1271155_본문.html","25410","2026-09-09T04:15:49.998Z",".html"
"04_기관리서치/관계도/원천자료/자치법규/1271155_정보.html","69667","2026-09-09T04:15:49.669Z",".html"
"04_기관리서치/관계도/원천자료/자치법규/1273071_본문.html","28243","2026-09-09T04:16:03.292Z",".html"
"04_기관리서치/관계도/원천자료/자치법규/1273071_정보.html","69577","2026-09-09T04:16:02.972Z",".html"
"04_기관리서치/관계도/원천자료/자치법규/1280987_본문.html","33546","2026-09-09T04:16:42.236Z",".html"
"04_기관리서치/관계도/원천자료/자치법규/1280987_정보.html","69764","2026-09-09T04:16:41.887Z",".html"
"04_기관리서치/관계도/원천자료/자치법규/1285293_본문.html","13183","2026-09-09T04:16:48.258Z",".html"
"04_기관리서치/관계도/원천자료/자치법규/1285293_정보.html","69732","2026-09-09T04:16:47.991Z",".html"
"04_기관리서치/관계도/원천자료/자치법규/1295865_본문.html","10711","2026-09-09T04:16:55.771Z",".html"
"04_기관리서치/관계도/원천자료/자치법규/1295865_정보.html","69695","2026-09-09T04:16:55.488Z",".html"
"04_기관리서치/관계도/원천자료/자치법규/1296196_본문.html","25370","2026-09-09T04:14:49.805Z",".html"
"04_기관리서치/관계도/원천자료/자치법규/1296196_정보.html","69718","2026-09-09T04:14:49.473Z",".html"
"04_기관리서치/관계도/원천자료/자치법규/1296378_본문.html","25675","2026-09-09T04:16:00.603Z",".html"
"04_기관리서치/관계도/원천자료/자치법규/1296378_정보.html","69595","2026-09-09T04:16:00.324Z",".html"
"04_기관리서치/관계도/원천자료/자치법규/1299349_본문.html","24344","2026-09-09T04:15:11.441Z",".html"
"04_기관리서치/관계도/원천자료/자치법규/1299349_정보.html","69706","2026-09-09T04:15:11.115Z",".html"
"04_기관리서치/관계도/원천자료/자치법규/1300931_본문.html","21048","2026-09-09T04:16:54.248Z",".html"
"04_기관리서치/관계도/원천자료/자치법규/1300931_정보.html","69686","2026-09-09T04:16:53.938Z",".html"
"04_기관리서치/관계도/원천자료/자치법규/1302787_본문.html","17075","2026-09-09T04:15:29.432Z",".html"
"04_기관리서치/관계도/원천자료/자치법규/1302787_정보.html","69695","2026-09-09T04:15:29.115Z",".html"
"04_기관리서치/관계도/원천자료/자치법규/1304951_본문.html","21632","2026-09-09T04:15:53.448Z",".html"
"04_기관리서치/관계도/원천자료/자치법규/1304951_정보.html","69733","2026-09-09T04:15:53.151Z",".html"
"04_기관리서치/관계도/원천자료/자치법규/1305582_본문.html","24774","2026-09-09T04:15:08.383Z",".html"
"04_기관리서치/관계도/원천자료/자치법규/1305582_정보.html","69770","2026-09-09T04:15:08.079Z",".html"
"04_기관리서치/관계도/원천자료/자치법규/1306460_본문.html","18475","2026-09-09T04:15:11.059Z",".html"
"04_기관리서치/관계도/원천자료/자치법규/1306460_정보.html","69606","2026-09-09T04:15:10.775Z",".html"
"04_기관리서치/관계도/원천자료/자치법규/1312905_본문.html","12758","2026-09-09T04:16:48.265Z",".html"
"04_기관리서치/관계도/원천자료/자치법규/1312905_정보.html","69631","2026-09-09T04:16:48.006Z",".html"
"04_기관리서치/관계도/원천자료/자치법규/1314007_본문.html","21127","2026-09-09T04:14:56.556Z",".html"
"04_기관리서치/관계도/원천자료/자치법규/1314007_정보.html","69807","2026-09-09T04:14:56.231Z",".html"
"04_기관리서치/관계도/원천자료/자치법규/1316711_본문.html","19617","2026-09-09T04:16:58.154Z",".html"
"04_기관리서치/관계도/원천자료/자치법규/1316711_정보.html","69591","2026-09-09T04:16:57.863Z",".html"
"04_기관리서치/관계도/원천자료/자치법규/1317766_본문.html","26682","2026-09-09T04:15:38.214Z",".html"
"04_기관리서치/관계도/원천자료/자치법규/1317766_정보.html","69759","2026-09-09T04:15:37.942Z",".html"
"04_기관리서치/관계도/원천자료/자치법규/1319949_본문.html","23312","2026-09-09T04:16:40.360Z",".html"
"04_기관리서치/관계도/원천자료/자치법규/1319949_정보.html","69788","2026-09-09T04:16:40.024Z",".html"
"04_기관리서치/관계도/원천자료/자치법규/1320293_본문.html","19135","2026-09-09T04:16:41.552Z",".html"
"04_기관리서치/관계도/원천자료/자치법규/1320293_정보.html","69701","2026-09-09T04:16:41.239Z",".html"
"04_기관리서치/관계도/원천자료/자치법규/1327208_본문.html","23504","2026-09-09T04:16:20.646Z",".html"
"04_기관리서치/관계도/원천자료/자치법규/1327208_정보.html","69606","2026-09-09T04:16:20.343Z",".html"
"04_기관리서치/관계도/원천자료/자치법규/133030e717edd06e_링크.html","1196","2026-09-09T04:15:10.551Z",".html"
"04_기관리서치/관계도/원천자료/자치법규/1330664_본문.html","23949","2026-09-09T04:16:26.160Z",".html"
"04_기관리서치/관계도/원천자료/자치법규/1330664_정보.html","69662","2026-09-09T04:16:25.844Z",".html"
"04_기관리서치/관계도/원천자료/자치법규/1331082_본문.html","16873","2026-09-09T04:14:57.352Z",".html"
"04_기관리서치/관계도/원천자료/자치법규/1331082_정보.html","69741","2026-09-09T04:14:57.039Z",".html"
"04_기관리서치/관계도/원천자료/자치법규/1333136_본문.html","22769","2026-09-09T04:15:18.049Z",".html"
"04_기관리서치/관계도/원천자료/자치법규/1333136_정보.html","69811","2026-09-09T04:15:17.688Z",".html"
"04_기관리서치/관계도/원천자료/자치법규/1343224_본문.html","22560","2026-09-09T04:15:03.046Z",".html"
"04_기관리서치/관계도/원천자료/자치법규/1343224_정보.html","69669","2026-09-09T04:15:02.748Z",".html"
"04_기관리서치/관계도/원천자료/자치법규/1343723_본문.html","16077","2026-09-09T04:14:55.371Z",".html"
"04_기관리서치/관계도/원천자료/자치법규/1343723_정보.html","69744","2026-09-09T04:14:55.051Z",".html"
"04_기관리서치/관계도/원천자료/자치법규/1344370_본문.html","18308","2026-09-09T04:15:21.004Z",".html"
"04_기관리서치/관계도/원천자료/자치법규/1344370_정보.html","69747","2026-09-09T04:15:20.707Z",".html"
"04_기관리서치/관계도/원천자료/자치법규/1345584_본문.html","25462","2026-09-09T04:16:51.807Z",".html"
"04_기관리서치/관계도/원천자료/자치법규/1345584_정보.html","69577","2026-09-09T04:16:51.499Z",".html"
"04_기관리서치/관계도/원천자료/자치법규/1347248_본문.html","24483","2026-09-09T04:16:40.376Z",".html"
"04_기관리서치/관계도/원천자료/자치법규/1347248_정보.html","69614","2026-09-09T04:16:40.096Z",".html"
"04_기관리서치/관계도/원천자료/자치법규/1348375_본문.html","20288","2026-09-09T04:16:14.607Z",".html"
"04_기관리서치/관계도/원천자료/자치법규/1348375_정보.html","69649","2026-09-09T04:16:14.256Z",".html"
"04_기관리서치/관계도/원천자료/자치법규/1350939_본문.html","28544","2026-09-09T04:15:39.929Z",".html"
"04_기관리서치/관계도/원천자료/자치법규/1350939_정보.html","69761","2026-09-09T04:15:39.585Z",".html"
"04_기관리서치/관계도/원천자료/자치법규/1358248_본문.html","37724","2026-09-09T04:15:54.450Z",".html"
"04_기관리서치/관계도/원천자료/자치법규/1358248_정보.html","69692","2026-09-09T04:15:54.067Z",".html"
"04_기관리서치/관계도/원천자료/자치법규/1371031_본문.html","22878","2026-09-09T04:15:01.737Z",".html"
"04_기관리서치/관계도/원천자료/자치법규/1371031_정보.html","69685","2026-09-09T04:15:01.405Z",".html"
"04_기관리서치/관계도/원천자료/자치법규/1373895_본문.html","25402","2026-09-09T04:16:26.359Z",".html"
"04_기관리서치/관계도/원천자료/자치법규/1373895_정보.html","69662","2026-09-09T04:16:26.062Z",".html"
"04_기관리서치/관계도/원천자료/자치법규/1374051_본문.html","18338","2026-09-09T04:15:03.432Z",".html"
"04_기관리서치/관계도/원천자료/자치법규/1374051_정보.html","69689","2026-09-09T04:15:03.126Z",".html"
"04_기관리서치/관계도/원천자료/자치법규/1375042_본문.html","25710","2026-09-09T04:16:33.194Z",".html"
"04_기관리서치/관계도/원천자료/자치법규/1375042_정보.html","69658","2026-09-09T04:16:32.917Z",".html"
"04_기관리서치/관계도/원천자료/자치법규/1377498_본문.html","25467","2026-09-09T04:15:54.237Z",".html"
"04_기관리서치/관계도/원천자료/자치법규/1377498_정보.html","69662","2026-09-09T04:15:53.909Z",".html"
"04_기관리서치/관계도/원천자료/자치법규/1380552_본문.html","15633","2026-09-09T04:15:02.663Z",".html"
"04_기관리서치/관계도/원천자료/자치법규/1380552_정보.html","69743","2026-09-09T04:15:02.375Z",".html"
"04_기관리서치/관계도/원천자료/자치법규/1381099_본문.html","49942","2026-09-09T04:17:15.542Z",".html"
"04_기관리서치/관계도/원천자료/자치법규/1381099_정보.html","69679","2026-09-09T04:17:15.193Z",".html"
"04_기관리서치/관계도/원천자료/자치법규/1384335_본문.html","37069","2026-09-09T04:16:03.395Z",".html"
"04_기관리서치/관계도/원천자료/자치법규/1384335_정보.html","69870","2026-09-09T04:16:03.056Z",".html"
"04_기관리서치/관계도/원천자료/자치법규/1387680_본문.html","20353","2026-09-09T04:15:11.965Z",".html"
"04_기관리서치/관계도/원천자료/자치법규/1387680_정보.html","69688","2026-09-09T04:15:11.636Z",".html"
"04_기관리서치/관계도/원천자료/자치법규/1388185_본문.html","27762","2026-09-09T04:16:08.144Z",".html"
"04_기관리서치/관계도/원천자료/자치법규/1388185_정보.html","69599","2026-09-09T04:16:07.877Z",".html"
"04_기관리서치/관계도/원천자료/자치법규/1396084_본문.html","15220","2026-09-09T04:16:18.085Z",".html"
"04_기관리서치/관계도/원천자료/자치법규/1396084_정보.html","69723","2026-09-09T04:16:17.813Z",".html"
"04_기관리서치/관계도/원천자료/자치법규/1397991_본문.html","19409","2026-09-09T04:17:02.377Z",".html"
"04_기관리서치/관계도/원천자료/자치법규/1397991_정보.html","69634","2026-09-09T04:17:02.070Z",".html"
"04_기관리서치/관계도/원천자료/자치법규/1399437_본문.html","9666","2026-09-09T04:17:05.862Z",".html"
"04_기관리서치/관계도/원천자료/자치법규/1399437_정보.html","69739","2026-09-09T04:17:05.586Z",".html"
"04_기관리서치/관계도/원천자료/자치법규/1402306_본문.html","24238","2026-09-09T04:17:17.354Z",".html"
"04_기관리서치/관계도/원천자료/자치법규/1402306_정보.html","69627","2026-09-09T04:17:17.042Z",".html"
"04_기관리서치/관계도/원천자료/자치법규/1403874_본문.html","32494","2026-09-09T04:17:04.853Z",".html"
"04_기관리서치/관계도/원천자료/자치법규/1403874_정보.html","69677","2026-09-09T04:17:04.539Z",".html"
"04_기관리서치/관계도/원천자료/자치법규/1406466_본문.html","50297","2026-09-09T04:16:52.381Z",".html"
"04_기관리서치/관계도/원천자료/자치법규/1406466_정보.html","69944","2026-09-09T04:16:52.040Z",".html"
"04_기관리서치/관계도/원천자료/자치법규/1408683_본문.html","14021","2026-09-09T04:14:45.786Z",".html"
"04_기관리서치/관계도/원천자료/자치법규/1408683_정보.html","69580","2026-09-09T04:14:45.497Z",".html"
"04_기관리서치/관계도/원천자료/자치법규/1412433_본문.html","17021","2026-09-09T04:16:02.124Z",".html"
"04_기관리서치/관계도/원천자료/자치법규/1412433_정보.html","69655","2026-09-09T04:16:01.835Z",".html"
"04_기관리서치/관계도/원천자료/자치법규/1413652_본문.html","17232","2026-09-09T04:15:45.978Z",".html"
"04_기관리서치/관계도/원천자료/자치법규/1413652_정보.html","69675","2026-09-09T04:15:45.697Z",".html"
"04_기관리서치/관계도/원천자료/자치법규/1415218_본문.html","26098","2026-09-09T04:16:12.199Z",".html"
"04_기관리서치/관계도/원천자료/자치법규/1415218_정보.html","69659","2026-09-09T04:16:11.913Z",".html"
"04_기관리서치/관계도/원천자료/자치법규/1416572_본문.html","18531","2026-09-09T04:17:41.611Z",".html"
"04_기관리서치/관계도/원천자료/자치법규/1416572_정보.html","69570","2026-09-09T04:17:41.302Z",".html"
"04_기관리서치/관계도/원천자료/자치법규/1416703_본문.html","23374","2026-09-09T04:17:10.853Z",".html"
"04_기관리서치/관계도/원천자료/자치법규/1416703_정보.html","69772","2026-09-09T04:17:10.554Z",".html"
"04_기관리서치/관계도/원천자료/자치법규/1417163_본문.html","27931","2026-09-09T04:17:01.502Z",".html"
"04_기관리서치/관계도/원천자료/자치법규/1417163_정보.html","69757","2026-09-09T04:17:01.188Z",".html"
"04_기관리서치/관계도/원천자료/자치법규/1418911_본문.html","26420","2026-09-09T04:16:25.844Z",".html"
"04_기관리서치/관계도/원천자료/자치법규/1418911_정보.html","69759","2026-09-09T04:16:25.552Z",".html"
"04_기관리서치/관계도/원천자료/자치법규/1423213_본문.html","32802","2026-09-09T04:14:54.631Z",".html"
"04_기관리서치/관계도/원천자료/자치법규/1423213_정보.html","69696","2026-09-09T04:14:54.220Z",".html"
"04_기관리서치/관계도/원천자료/자치법규/1425089_본문.html","18537","2026-09-09T04:17:13.719Z",".html"
"04_기관리서치/관계도/원천자료/자치법규/1425089_정보.html","69683","2026-09-09T04:17:13.400Z",".html"
"04_기관리서치/관계도/원천자료/자치법규/1431191_본문.html","24697","2026-09-09T04:17:13.596Z",".html"
"04_기관리서치/관계도/원천자료/자치법규/1431191_정보.html","69670","2026-09-09T04:17:13.272Z",".html"
"04_기관리서치/관계도/원천자료/자치법규/1434109_본문.html","22576","2026-09-09T04:17:20.023Z",".html"
"04_기관리서치/관계도/원천자료/자치법규/1434109_정보.html","69631","2026-09-09T04:17:19.728Z",".html"
"04_기관리서치/관계도/원천자료/자치법규/1436899_본문.html","22828","2026-09-09T04:16:19.377Z",".html"
"04_기관리서치/관계도/원천자료/자치법규/1436899_정보.html","69671","2026-09-09T04:16:19.076Z",".html"
"04_기관리서치/관계도/원천자료/자치법규/1438305_본문.html","19510","2026-09-09T04:17:08.787Z",".html"
"04_기관리서치/관계도/원천자료/자치법규/1438305_정보.html","69689","2026-09-09T04:17:08.389Z",".html"
"04_기관리서치/관계도/원천자료/자치법규/1439157_본문.html","23786","2026-09-09T04:17:09.087Z",".html"
"04_기관리서치/관계도/원천자료/자치법규/1439157_정보.html","69607","2026-09-09T04:17:08.770Z",".html"
"04_기관리서치/관계도/원천자료/자치법규/1439481_본문.html","24304","2026-09-09T04:15:49.117Z",".html"
"04_기관리서치/관계도/원천자료/자치법규/1439481_정보.html","69871","2026-09-09T04:15:48.790Z",".html"
"04_기관리서치/관계도/원천자료/자치법규/1440771_본문.html","38774","2026-09-09T04:16:05.520Z",".html"
"04_기관리서치/관계도/원천자료/자치법규/1440771_정보.html","69615","2026-09-09T04:16:05.196Z",".html"
"04_기관리서치/관계도/원천자료/자치법규/1444241_본문.html","21385","2026-09-09T04:15:06.671Z",".html"
"04_기관리서치/관계도/원천자료/자치법규/1444241_정보.html","69780","2026-09-09T04:15:06.354Z",".html"
"04_기관리서치/관계도/원천자료/자치법규/1444653_본문.html","32863","2026-09-09T04:16:36.763Z",".html"
"04_기관리서치/관계도/원천자료/자치법규/1444653_정보.html","69591","2026-09-09T04:16:36.447Z",".html"
"04_기관리서치/관계도/원천자료/자치법규/1461103_본문.html","16607","2026-09-09T04:17:09.357Z",".html"
"04_기관리서치/관계도/원천자료/자치법규/1461103_정보.html","69639","2026-09-09T04:17:09.071Z",".html"
"04_기관리서치/관계도/원천자료/자치법규/1462387_본문.html","14937","2026-09-09T04:17:03.838Z",".html"
"04_기관리서치/관계도/원천자료/자치법규/1462387_정보.html","69608","2026-09-09T04:17:03.540Z",".html"
"04_기관리서치/관계도/원천자료/자치법규/1474287_본문.html","29359","2026-09-09T04:16:07.258Z",".html"
"04_기관리서치/관계도/원천자료/자치법규/1474287_정보.html","69593","2026-09-09T04:16:06.955Z",".html"
"04_기관리서치/관계도/원천자료/자치법규/1476567_본문.html","27387","2026-09-09T04:14:52.671Z",".html"
"04_기관리서치/관계도/원천자료/자치법규/1476567_정보.html","69656","2026-09-09T04:14:52.356Z",".html"
"04_기관리서치/관계도/원천자료/자치법규/1479923_본문.html","15538","2026-09-09T04:16:22.126Z",".html"
"04_기관리서치/관계도/원천자료/자치법규/1479923_정보.html","69626","2026-09-09T04:16:21.842Z",".html"
"04_기관리서치/관계도/원천자료/자치법규/1480333_본문.html","14337","2026-09-09T04:15:12.618Z",".html"
"04_기관리서치/관계도/원천자료/자치법규/1480333_정보.html","69674","2026-09-09T04:15:12.327Z",".html"
"04_기관리서치/관계도/원천자료/자치법규/1482599_본문.html","12572","2026-09-09T04:17:06.898Z",".html"
"04_기관리서치/관계도/원천자료/자치법규/1482599_정보.html","69622","2026-09-09T04:17:06.599Z",".html"
"04_기관리서치/관계도/원천자료/자치법규/1485597_본문.html","32938","2026-09-09T04:16:04.046Z",".html"
"04_기관리서치/관계도/원천자료/자치법규/1485597_정보.html","69593","2026-09-09T04:16:03.723Z",".html"
"04_기관리서치/관계도/원천자료/자치법규/1486991_본문.html","25392","2026-09-09T04:17:16.436Z",".html"
"04_기관리서치/관계도/원천자료/자치법규/1486991_정보.html","69632","2026-09-09T04:17:16.043Z",".html"
"04_기관리서치/관계도/원천자료/자치법규/1493543_본문.html","18953","2026-09-09T04:17:12.469Z",".html"
"04_기관리서치/관계도/원천자료/자치법규/1493543_정보.html","69672","2026-09-09T04:17:12.153Z",".html"
"04_기관리서치/관계도/원천자료/자치법규/1494143_본문.html","26505","2026-09-09T04:16:11.301Z",".html"
"04_기관리서치/관계도/원천자료/자치법규/1494143_정보.html","69653","2026-09-09T04:16:10.991Z",".html"
"04_기관리서치/관계도/원천자료/자치법규/1494177_본문.html","23689","2026-09-09T04:17:08.009Z",".html"
"04_기관리서치/관계도/원천자료/자치법규/1494177_정보.html","69654","2026-09-09T04:17:07.689Z",".html"
"04_기관리서치/관계도/원천자료/자치법규/1494461_본문.html","38891","2026-09-09T04:16:02.359Z",".html"
"04_기관리서치/관계도/원천자료/자치법규/1494461_정보.html","69653","2026-09-09T04:16:02.003Z",".html"
"04_기관리서치/관계도/원천자료/자치법규/1501311_본문.html","23698","2026-09-09T04:15:19.520Z",".html"
"04_기관리서치/관계도/원천자료/자치법규/1501311_정보.html","69745","2026-09-09T04:15:19.185Z",".html"
"04_기관리서치/관계도/원천자료/자치법규/1501647_본문.html","15478","2026-09-09T04:15:10.229Z",".html"
"04_기관리서치/관계도/원천자료/자치법규/1501647_정보.html","69702","2026-09-09T04:15:09.925Z",".html"
"04_기관리서치/관계도/원천자료/자치법규/1503447_본문.html","11779","2026-09-09T04:17:17.273Z",".html"
"04_기관리서치/관계도/원천자료/자치법규/1503447_정보.html","69645","2026-09-09T04:17:16.990Z",".html"
"04_기관리서치/관계도/원천자료/자치법규/1510627_본문.html","28111","2026-09-09T04:16:50.101Z",".html"
"04_기관리서치/관계도/원천자료/자치법규/1510627_정보.html","69791","2026-09-09T04:16:49.817Z",".html"
"04_기관리서치/관계도/원천자료/자치법규/1517229_본문.html","18329","2026-09-09T04:17:14.577Z",".html"
"04_기관리서치/관계도/원천자료/자치법규/1517229_정보.html","69664","2026-09-09T04:17:14.272Z",".html"
"04_기관리서치/관계도/원천자료/자치법규/1523413_본문.html","23393","2026-09-09T04:17:28.612Z",".html"
"04_기관리서치/관계도/원천자료/자치법규/1523413_정보.html","69639","2026-09-09T04:17:28.270Z",".html"
"04_기관리서치/관계도/원천자료/자치법규/1527405_본문.html","25378","2026-09-09T04:17:25.527Z",".html"
"04_기관리서치/관계도/원천자료/자치법규/1527405_정보.html","69610","2026-09-09T04:17:25.224Z",".html"
"04_기관리서치/관계도/원천자료/자치법규/1529553_본문.html","19633","2026-09-09T04:17:28.862Z",".html"
"04_기관리서치/관계도/원천자료/자치법규/1529553_정보.html","69819","2026-09-09T04:17:28.526Z",".html"
"04_기관리서치/관계도/원천자료/자치법규/1532215_본문.html","9360","2026-09-09T04:17:14.484Z",".html"
"04_기관리서치/관계도/원천자료/자치법규/1532215_정보.html","69668","2026-09-09T04:17:14.207Z",".html"
"04_기관리서치/관계도/원천자료/자치법규/1532241_본문.html","25243","2026-09-09T04:17:24.366Z",".html"
"04_기관리서치/관계도/원천자료/자치법규/1532241_정보.html","69668","2026-09-09T04:17:24.072Z",".html"
"04_기관리서치/관계도/원천자료/자치법규/1535355_본문.html","20220","2026-09-09T04:16:27.369Z",".html"
"04_기관리서치/관계도/원천자료/자치법규/1535355_정보.html","69754","2026-09-09T04:16:27.039Z",".html"
"04_기관리서치/관계도/원천자료/자치법규/1535567_본문.html","16303","2026-09-09T04:17:11.528Z",".html"
"04_기관리서치/관계도/원천자료/자치법규/1535567_정보.html","69654","2026-09-09T04:17:11.223Z",".html"
"04_기관리서치/관계도/원천자료/자치법규/1539755_본문.html","29937","2026-09-09T04:17:00.303Z",".html"
"04_기관리서치/관계도/원천자료/자치법규/1539755_정보.html","69759","2026-09-09T04:16:59.944Z",".html"
"04_기관리서치/관계도/원천자료/자치법규/1541953_본문.html","28525","2026-09-09T04:16:14.088Z",".html"
"04_기관리서치/관계도/원천자료/자치법규/1541953_정보.html","69692","2026-09-09T04:16:13.632Z",".html"
"04_기관리서치/관계도/원천자료/자치법규/1542753_본문.html","29586","2026-09-09T04:15:38.280Z",".html"
"04_기관리서치/관계도/원천자료/자치법규/1542753_정보.html","69757","2026-09-09T04:15:37.955Z",".html"
"04_기관리서치/관계도/원천자료/자치법규/1545633_본문.html","12222","2026-09-09T04:17:28.233Z",".html"
"04_기관리서치/관계도/원천자료/자치법규/1545633_정보.html","69661","2026-09-09T04:17:27.930Z",".html"
"04_기관리서치/관계도/원천자료/자치법규/1546575_본문.html","28351","2026-09-09T04:17:27.289Z",".html"
"04_기관리서치/관계도/원천자료/자치법규/1546575_정보.html","69733","2026-09-09T04:17:26.995Z",".html"
"04_기관리서치/관계도/원천자료/자치법규/15612f83ddb01ecf_링크.html","1296","2026-09-09T04:17:42.199Z",".html"
"04_기관리서치/관계도/원천자료/자치법규/1563187_본문.html","48549","2026-09-09T04:16:06.505Z",".html"
"04_기관리서치/관계도/원천자료/자치법규/1563187_정보.html","69595","2026-09-09T04:16:06.122Z",".html"
"04_기관리서치/관계도/원천자료/자치법규/1564787_본문.html","20451","2026-09-09T04:16:22.772Z",".html"
"04_기관리서치/관계도/원천자료/자치법규/1564787_정보.html","69628","2026-09-09T04:16:22.446Z",".html"
"04_기관리서치/관계도/원천자료/자치법규/1572461_본문.html","38496","2026-09-09T04:16:06.399Z",".html"
"04_기관리서치/관계도/원천자료/자치법규/1572461_정보.html","69595","2026-09-09T04:16:06.087Z",".html"
"04_기관리서치/관계도/원천자료/자치법규/1586751_본문.html","42717","2026-09-09T04:16:06.321Z",".html"
"04_기관리서치/관계도/원천자료/자치법규/1586751_정보.html","69651","2026-09-09T04:16:05.973Z",".html"
"04_기관리서치/관계도/원천자료/자치법규/1586791_본문.html","27018","2026-09-09T04:17:09.715Z",".html"
"04_기관리서치/관계도/원천자료/자치법규/1586791_정보.html","69676","2026-09-09T04:17:09.370Z",".html"
"04_기관리서치/관계도/원천자료/자치법규/1587607_본문.html","22875","2026-09-09T04:17:27.426Z",".html"
"04_기관리서치/관계도/원천자료/자치법규/1587607_정보.html","69821","2026-09-09T04:17:27.078Z",".html"
"04_기관리서치/관계도/원천자료/자치법규/1588035_본문.html","20880","2026-09-09T04:15:23.077Z",".html"
"04_기관리서치/관계도/원천자료/자치법규/1588035_정보.html","69542","2026-09-09T04:15:22.789Z",".html"
"04_기관리서치/관계도/원천자료/자치법규/1589703_본문.html","27147","2026-09-09T04:17:23.660Z",".html"
"04_기관리서치/관계도/원천자료/자치법규/1589703_정보.html","69745","2026-09-09T04:17:23.325Z",".html"
"04_기관리서치/관계도/원천자료/자치법규/1590939_본문.html","27500","2026-09-09T04:16:04.949Z",".html"
"04_기관리서치/관계도/원천자료/자치법규/1590939_정보.html","69729","2026-09-09T04:16:04.637Z",".html"
"04_기관리서치/관계도/원천자료/자치법규/1594749_본문.html","76944","2026-09-09T04:16:59.054Z",".html"
"04_기관리서치/관계도/원천자료/자치법규/1594749_정보.html","69847","2026-09-09T04:16:58.710Z",".html"
"04_기관리서치/관계도/원천자료/자치법규/1596633_본문.html","34746","2026-09-09T04:15:33.922Z",".html"
"04_기관리서치/관계도/원천자료/자치법규/1596633_정보.html","69690","2026-09-09T04:15:33.601Z",".html"
"04_기관리서치/관계도/원천자료/자치법규/1596865_본문.html","25409","2026-09-09T04:17:18.885Z",".html"
"04_기관리서치/관계도/원천자료/자치법규/1596865_정보.html","69741","2026-09-09T04:17:18.558Z",".html"
"04_기관리서치/관계도/원천자료/자치법규/1599147_본문.html","28846","2026-09-09T04:17:21.444Z",".html"
"04_기관리서치/관계도/원천자료/자치법규/1599147_정보.html","69609","2026-09-09T04:17:21.147Z",".html"
"04_기관리서치/관계도/원천자료/자치법규/1599937_본문.html","27762","2026-09-09T04:15:30.988Z",".html"
"04_기관리서치/관계도/원천자료/자치법규/1599937_정보.html","69694","2026-09-09T04:15:30.672Z",".html"
"04_기관리서치/관계도/원천자료/자치법규/1600299_본문.html","20428","2026-09-09T04:14:48.593Z",".html"
"04_기관리서치/관계도/원천자료/자치법규/1600299_정보.html","69670","2026-09-09T04:14:48.276Z",".html"
"04_기관리서치/관계도/원천자료/자치법규/1600505_본문.html","29448","2026-09-09T04:17:30.718Z",".html"
"04_기관리서치/관계도/원천자료/자치법규/1600505_정보.html","69708","2026-09-09T04:17:30.369Z",".html"
"04_기관리서치/관계도/원천자료/자치법규/1605293_본문.html","17122","2026-09-09T04:14:44.473Z",".html"
"04_기관리서치/관계도/원천자료/자치법규/1605293_정보.html","69628","2026-09-09T04:14:44.141Z",".html"
"04_기관리서치/관계도/원천자료/자치법규/1609607_본문.html","15461","2026-09-09T04:17:26.717Z",".html"
"04_기관리서치/관계도/원천자료/자치법규/1609607_정보.html","69785","2026-09-09T04:17:26.426Z",".html"
"04_기관리서치/관계도/원천자료/자치법규/160d389933529f32_링크.html","1283","2026-09-09T04:14:42.210Z",".html"
"04_기관리서치/관계도/원천자료/자치법규/1616153_본문.html","31049","2026-09-09T04:15:09.146Z",".html"
"04_기관리서치/관계도/원천자료/자치법규/1616153_정보.html","69690","2026-09-09T04:15:08.815Z",".html"
"04_기관리서치/관계도/원천자료/자치법규/1627803_본문.html","24792","2026-09-09T04:17:24.615Z",".html"
"04_기관리서치/관계도/원천자료/자치법규/1627803_정보.html","69777","2026-09-09T04:17:24.318Z",".html"
"04_기관리서치/관계도/원천자료/자치법규/1628803_본문.html","27485","2026-09-09T04:16:02.159Z",".html"
"04_기관리서치/관계도/원천자료/자치법규/1628803_정보.html","69613","2026-09-09T04:16:01.848Z",".html"
"04_기관리서치/관계도/원천자료/자치법규/1631997_본문.html","24218","2026-09-09T04:17:22.777Z",".html"
"04_기관리서치/관계도/원천자료/자치법규/1631997_정보.html","69607","2026-09-09T04:17:22.473Z",".html"
"04_기관리서치/관계도/원천자료/자치법규/1633521_본문.html","25759","2026-09-09T04:16:57.272Z",".html"
"04_기관리서치/관계도/원천자료/자치법규/1633521_정보.html","69725","2026-09-09T04:16:56.983Z",".html"
"04_기관리서치/관계도/원천자료/자치법규/1635717_본문.html","35055","2026-09-09T04:16:39.199Z",".html"
"04_기관리서치/관계도/원천자료/자치법규/1635717_정보.html","69737","2026-09-09T04:16:38.851Z",".html"
"04_기관리서치/관계도/원천자료/자치법규/1635803_본문.html","35468","2026-09-09T04:17:01.789Z",".html"
"04_기관리서치/관계도/원천자료/자치법규/1635803_정보.html","70052","2026-09-09T04:17:01.474Z",".html"
"04_기관리서치/관계도/원천자료/자치법규/1636465_본문.html","25558","2026-09-09T04:17:32.290Z",".html"
"04_기관리서치/관계도/원천자료/자치법규/1636465_정보.html","69679","2026-09-09T04:17:31.899Z",".html"
"04_기관리서치/관계도/원천자료/자치법규/1638113_본문.html","32578","2026-09-09T04:16:44.038Z",".html"
"04_기관리서치/관계도/원천자료/자치법규/1638113_정보.html","69635","2026-09-09T04:16:43.706Z",".html"
"04_기관리서치/관계도/원천자료/자치법규/1643531_본문.html","30185","2026-09-09T04:17:40.977Z",".html"
"04_기관리서치/관계도/원천자료/자치법규/1643531_정보.html","69805","2026-09-09T04:17:40.662Z",".html"
"04_기관리서치/관계도/원천자료/자치법규/1646443_본문.html","30111","2026-09-09T04:16:00.937Z",".html"
"04_기관리서치/관계도/원천자료/자치법규/1646443_정보.html","69659","2026-09-09T04:16:00.619Z",".html"
"04_기관리서치/관계도/원천자료/자치법규/1652957_본문.html","21820","2026-09-09T04:17:27.612Z",".html"
"04_기관리서치/관계도/원천자료/자치법규/1652957_정보.html","69786","2026-09-09T04:17:27.279Z",".html"
"04_기관리서치/관계도/원천자료/자치법규/1672453_본문.html","15034","2026-09-09T04:17:31.546Z",".html"
"04_기관리서치/관계도/원천자료/자치법규/1672453_정보.html","69697","2026-09-09T04:17:31.245Z",".html"
"04_기관리서치/관계도/원천자료/자치법규/1675265_본문.html","18362","2026-09-09T04:17:29.726Z",".html"
"04_기관리서치/관계도/원천자료/자치법규/1675265_정보.html","69867","2026-09-09T04:17:29.420Z",".html"
"04_기관리서치/관계도/원천자료/자치법규/1680139_본문.html","16499","2026-09-09T04:17:31.778Z",".html"
"04_기관리서치/관계도/원천자료/자치법규/1680139_정보.html","69798","2026-09-09T04:17:31.500Z",".html"
"04_기관리서치/관계도/원천자료/자치법규/1688427_본문.html","20413","2026-09-09T04:14:46.441Z",".html"
"04_기관리서치/관계도/원천자료/자치법규/1688427_정보.html","69658","2026-09-09T04:14:46.106Z",".html"
"04_기관리서치/관계도/원천자료/자치법규/1694591_본문.html","30365","2026-09-09T04:16:10.633Z",".html"
"04_기관리서치/관계도/원천자료/자치법규/1694591_정보.html","69655","2026-09-09T04:16:10.238Z",".html"
"04_기관리서치/관계도/원천자료/자치법규/1695569_본문.html","44341","2026-09-09T04:15:14.127Z",".html"
"04_기관리서치/관계도/원천자료/자치법규/1695569_정보.html","69704","2026-09-09T04:15:13.781Z",".html"
"04_기관리서치/관계도/원천자료/자치법규/1698897_본문.html","16256","2026-09-09T04:17:32.437Z",".html"
"04_기관리서치/관계도/원천자료/자치법규/1698897_정보.html","69672","2026-09-09T04:17:32.157Z",".html"
"04_기관리서치/관계도/원천자료/자치법규/1701295_본문.html","19904","2026-09-09T04:17:20.176Z",".html"
"04_기관리서치/관계도/원천자료/자치법규/1701295_정보.html","69804","2026-09-09T04:17:19.894Z",".html"
"04_기관리서치/관계도/원천자료/자치법규/1702985_본문.html","20703","2026-09-09T04:15:59.746Z",".html"
"04_기관리서치/관계도/원천자료/자치법규/1702985_정보.html","69629","2026-09-09T04:15:59.427Z",".html"
"04_기관리서치/관계도/원천자료/자치법규/1713865_본문.html","24499","2026-09-09T04:15:05.787Z",".html"
"04_기관리서치/관계도/원천자료/자치법규/1713865_정보.html","69728","2026-09-09T04:15:05.494Z",".html"
"04_기관리서치/관계도/원천자료/자치법규/1714925_본문.html","24419","2026-09-09T04:16:57.891Z",".html"
"04_기관리서치/관계도/원천자료/자치법규/1714925_정보.html","69911","2026-09-09T04:16:57.588Z",".html"
"04_기관리서치/관계도/원천자료/자치법규/171595a89f02ba7d_링크.html","1196","2026-09-09T04:14:56.649Z",".html"
"04_기관리서치/관계도/원천자료/자치법규/1722289_본문.html","25262","2026-09-09T04:17:11.724Z",".html"
"04_기관리서치/관계도/원천자료/자치법규/1722289_정보.html","69634","2026-09-09T04:17:11.431Z",".html"
"04_기관리서치/관계도/원천자료/자치법규/1722721_본문.html","21952","2026-09-09T04:15:25.258Z",".html"
"04_기관리서치/관계도/원천자료/자치법규/1722721_정보.html","69668","2026-09-09T04:15:24.924Z",".html"
"04_기관리서치/관계도/원천자료/자치법규/1724163_본문.html","21969","2026-09-09T04:17:32.970Z",".html"
"04_기관리서치/관계도/원천자료/자치법규/1724163_정보.html","69663","2026-09-09T04:17:32.662Z",".html"
"04_기관리서치/관계도/원천자료/자치법규/1731625_본문.html","19201","2026-09-09T04:17:33.836Z",".html"
"04_기관리서치/관계도/원천자료/자치법규/1731625_정보.html","69651","2026-09-09T04:17:33.559Z",".html"
"04_기관리서치/관계도/원천자료/자치법규/1733487_본문.html","20801","2026-09-09T04:17:43.385Z",".html"
"04_기관리서치/관계도/원천자료/자치법규/1733487_정보.html","69761","2026-09-09T04:17:43.027Z",".html"
"04_기관리서치/관계도/원천자료/자치법규/1739519_본문.html","22327","2026-09-09T04:17:25.333Z",".html"
"04_기관리서치/관계도/원천자료/자치법규/1739519_정보.html","69703","2026-09-09T04:17:24.996Z",".html"
"04_기관리서치/관계도/원천자료/자치법규/1741941_본문.html","18966","2026-09-09T04:14:47.157Z",".html"
"04_기관리서치/관계도/원천자료/자치법규/1741941_정보.html","69698","2026-09-09T04:14:46.876Z",".html"
"04_기관리서치/관계도/원천자료/자치법규/1742239_본문.html","19275","2026-09-09T04:16:20.399Z",".html"
"04_기관리서치/관계도/원천자료/자치법규/1742239_정보.html","69628","2026-09-09T04:16:20.070Z",".html"
"04_기관리서치/관계도/원천자료/자치법규/1745833_본문.html","29405","2026-09-09T04:16:18.698Z",".html"
"04_기관리서치/관계도/원천자료/자치법규/1745833_정보.html","69701","2026-09-09T04:16:18.374Z",".html"
"04_기관리서치/관계도/원천자료/자치법규/1747095_본문.html","21191","2026-09-09T04:17:34.744Z",".html"
"04_기관리서치/관계도/원천자료/자치법규/1747095_정보.html","69616","2026-09-09T04:17:34.435Z",".html"
"04_기관리서치/관계도/원천자료/자치법규/1747181_본문.html","25560","2026-09-09T04:17:33.836Z",".html"
"04_기관리서치/관계도/원천자료/자치법규/1747181_정보.html","69692","2026-09-09T04:17:33.550Z",".html"
"04_기관리서치/관계도/원천자료/자치법규/1755241_본문.html","11361","2026-09-09T04:17:35.733Z",".html"
"04_기관리서치/관계도/원천자료/자치법규/1755241_정보.html","69714","2026-09-09T04:17:35.451Z",".html"
"04_기관리서치/관계도/원천자료/자치법규/1755639_본문.html","25401","2026-09-09T04:15:46.885Z",".html"
"04_기관리서치/관계도/원천자료/자치법규/1755639_정보.html","69616","2026-09-09T04:15:46.484Z",".html"
"04_기관리서치/관계도/원천자료/자치법규/1757185_본문.html","19268","2026-09-09T04:17:41.872Z",".html"
"04_기관리서치/관계도/원천자료/자치법규/1757185_정보.html","69634","2026-09-09T04:17:41.456Z",".html"
"04_기관리서치/관계도/원천자료/자치법규/175779cbb9ed0381_링크.html","1196","2026-09-09T04:16:16.286Z",".html"
"04_기관리서치/관계도/원천자료/자치법규/1757931_본문.html","23597","2026-09-09T04:16:52.725Z",".html"
"04_기관리서치/관계도/원천자료/자치법규/1757931_정보.html","69685","2026-09-09T04:16:52.430Z",".html"
"04_기관리서치/관계도/원천자료/자치법규/1759129_본문.html","30867","2026-09-09T04:15:48.038Z",".html"
"04_기관리서치/관계도/원천자료/자치법규/1759129_정보.html","69759","2026-09-09T04:15:47.703Z",".html"
"04_기관리서치/관계도/원천자료/자치법규/1760099_본문.html","24140","2026-09-09T04:16:44.949Z",".html"
"04_기관리서치/관계도/원천자료/자치법규/1760099_정보.html","69779","2026-09-09T04:16:44.620Z",".html"
"04_기관리서치/관계도/원천자료/자치법규/1761673_본문.html","37777","2026-09-09T04:15:40.037Z",".html"
"04_기관리서치/관계도/원천자료/자치법규/1761673_정보.html","69811","2026-09-09T04:15:39.706Z",".html"
"04_기관리서치/관계도/원천자료/자치법규/1763265_본문.html","29533","2026-09-09T04:16:33.932Z",".html"
"04_기관리서치/관계도/원천자료/자치법규/1763265_정보.html","69676","2026-09-09T04:16:33.611Z",".html"
"04_기관리서치/관계도/원천자료/자치법규/1763399_본문.html","19244","2026-09-09T04:15:46.826Z",".html"
"04_기관리서치/관계도/원천자료/자치법규/1763399_정보.html","69553","2026-09-09T04:15:46.542Z",".html"
"04_기관리서치/관계도/원천자료/자치법규/1765051_본문.html","29702","2026-09-09T04:17:29.515Z",".html"
"04_기관리서치/관계도/원천자료/자치법규/1765051_정보.html","69731","2026-09-09T04:17:29.194Z",".html"
"04_기관리서치/관계도/원천자료/자치법규/1765405_본문.html","22260","2026-09-09T04:15:27.005Z",".html"
"04_기관리서치/관계도/원천자료/자치법규/1765405_정보.html","69572","2026-09-09T04:15:26.707Z",".html"
"04_기관리서치/관계도/원천자료/자치법규/1765423_본문.html","25429","2026-09-09T04:15:28.202Z",".html"
"04_기관리서치/관계도/원천자료/자치법규/1765423_정보.html","69732","2026-09-09T04:15:27.898Z",".html"
"04_기관리서치/관계도/원천자료/자치법규/1767285_본문.html","23436","2026-09-09T04:17:13.622Z",".html"
"04_기관리서치/관계도/원천자료/자치법규/1767285_정보.html","69612","2026-09-09T04:17:13.289Z",".html"
"04_기관리서치/관계도/원천자료/자치법규/1770871_본문.html","18624","2026-09-09T04:17:33.218Z",".html"
"04_기관리서치/관계도/원천자료/자치법규/1770871_정보.html","69586","2026-09-09T04:17:32.879Z",".html"
"04_기관리서치/관계도/원천자료/자치법규/1771785_본문.html","26234","2026-09-09T04:16:19.826Z",".html"
"04_기관리서치/관계도/원천자료/자치법규/1771785_정보.html","69660","2026-09-09T04:16:19.526Z",".html"
"04_기관리서치/관계도/원천자료/자치법규/1774783_본문.html","26915","2026-09-09T04:15:09.578Z",".html"
"04_기관리서치/관계도/원천자료/자치법규/1774783_정보.html","69840","2026-09-09T04:15:09.245Z",".html"
"04_기관리서치/관계도/원천자료/자치법규/1775837_본문.html","19660","2026-09-09T04:15:04.152Z",".html"
"04_기관리서치/관계도/원천자료/자치법규/1775837_정보.html","69671","2026-09-09T04:15:03.827Z",".html"
"04_기관리서치/관계도/원천자료/자치법규/1777573_본문.html","29856","2026-09-09T04:15:18.974Z",".html"
"04_기관리서치/관계도/원천자료/자치법규/1777573_정보.html","69741","2026-09-09T04:15:18.636Z",".html"
"04_기관리서치/관계도/원천자료/자치법규/1785805_본문.html","18014","2026-09-09T04:15:24.226Z",".html"
"04_기관리서치/관계도/원천자료/자치법규/1785805_정보.html","69508","2026-09-09T04:15:23.925Z",".html"
"04_기관리서치/관계도/원천자료/자치법규/1786225_본문.html","26499","2026-09-09T04:15:30.070Z",".html"
"04_기관리서치/관계도/원천자료/자치법규/1786225_정보.html","69702","2026-09-09T04:15:29.741Z",".html"
"04_기관리서치/관계도/원천자료/자치법규/1786685_본문.html","22407","2026-09-09T04:15:13.174Z",".html"
"04_기관리서치/관계도/원천자료/자치법규/1786685_정보.html","69688","2026-09-09T04:15:12.882Z",".html"
"04_기관리서치/관계도/원천자료/자치법규/1786867_본문.html","29463","2026-09-09T04:15:28.241Z",".html"
"04_기관리서치/관계도/원천자료/자치법규/1786867_정보.html","69755","2026-09-09T04:15:27.918Z",".html"
"04_기관리서치/관계도/원천자료/자치법규/1788467_본문.html","18443","2026-09-09T04:15:01.355Z",".html"
"04_기관리서치/관계도/원천자료/자치법규/1788467_정보.html","69735","2026-09-09T04:15:01.087Z",".html"
"04_기관리서치/관계도/원천자료/자치법규/1790311_본문.html","19797","2026-09-09T04:14:45.476Z",".html"
"04_기관리서치/관계도/원천자료/자치법규/1790311_정보.html","69638","2026-09-09T04:14:45.066Z",".html"
"04_기관리서치/관계도/원천자료/자치법규/1791511_본문.html","17529","2026-09-09T04:15:20.770Z",".html"
"04_기관리서치/관계도/원천자료/자치법규/1791511_정보.html","70004","2026-09-09T04:15:20.455Z",".html"
"04_기관리서치/관계도/원천자료/자치법규/1792289_본문.html","35617","2026-09-09T04:16:07.300Z",".html"
"04_기관리서치/관계도/원천자료/자치법규/1792289_정보.html","69673","2026-09-09T04:16:06.988Z",".html"
"04_기관리서치/관계도/원천자료/자치법규/1792915_본문.html","33698","2026-09-09T04:15:34.854Z",".html"
"04_기관리서치/관계도/원천자료/자치법규/1792915_정보.html","69762","2026-09-09T04:15:34.542Z",".html"
"04_기관리서치/관계도/원천자료/자치법규/1799519_본문.html","27872","2026-09-09T04:15:45.893Z",".html"
"04_기관리서치/관계도/원천자료/자치법규/1799519_정보.html","69673","2026-09-09T04:15:45.603Z",".html"
"04_기관리서치/관계도/원천자료/자치법규/1799767_본문.html","31137","2026-09-09T04:16:34.983Z",".html"
"04_기관리서치/관계도/원천자료/자치법규/1799767_정보.html","69751","2026-09-09T04:16:34.610Z",".html"
"04_기관리서치/관계도/원천자료/자치법규/17acc62a40a29c4a_링크.html","1275","2026-09-09T04:17:06.127Z",".html"
"04_기관리서치/관계도/원천자료/자치법규/1804585_본문.html","10589","2026-09-09T04:17:19.309Z",".html"
"04_기관리서치/관계도/원천자료/자치법규/1804585_정보.html","69759","2026-09-09T04:17:19.044Z",".html"
"04_기관리서치/관계도/원천자료/자치법규/1804589_본문.html","17662","2026-09-09T04:16:30.269Z",".html"
"04_기관리서치/관계도/원천자료/자치법규/1804589_정보.html","69653","2026-09-09T04:16:29.943Z",".html"
"04_기관리서치/관계도/원천자료/자치법규/1804835_본문.html","28513","2026-09-09T04:16:04.458Z",".html"
"04_기관리서치/관계도/원천자료/자치법규/1804835_정보.html","69635","2026-09-09T04:16:04.173Z",".html"
"04_기관리서치/관계도/원천자료/자치법규/1805369_본문.html","31612","2026-09-09T04:14:44.597Z",".html"
"04_기관리서치/관계도/원천자료/자치법규/1805369_정보.html","69640","2026-09-09T04:14:44.278Z",".html"
"04_기관리서치/관계도/원천자료/자치법규/1806753_본문.html","22716","2026-09-09T04:16:44.013Z",".html"
"04_기관리서치/관계도/원천자료/자치법규/1806753_정보.html","69927","2026-09-09T04:16:43.706Z",".html"
"04_기관리서치/관계도/원천자료/자치법규/1808343_본문.html","31256","2026-09-09T04:15:07.532Z",".html"
"04_기관리서치/관계도/원천자료/자치법규/1808343_정보.html","69646","2026-09-09T04:15:07.235Z",".html"
"04_기관리서치/관계도/원천자료/자치법규/1809143_본문.html","28199","2026-09-09T04:16:31.219Z",".html"
"04_기관리서치/관계도/원천자료/자치법규/1809143_정보.html","69657","2026-09-09T04:16:30.874Z",".html"
"04_기관리서치/관계도/원천자료/자치법규/1811361_본문.html","29320","2026-09-09T04:16:46.690Z",".html"
"04_기관리서치/관계도/원천자료/자치법규/1811361_정보.html","69757","2026-09-09T04:16:46.382Z",".html"
"04_기관리서치/관계도/원천자료/자치법규/1811655_본문.html","20641","2026-09-09T04:15:40.578Z",".html"
"04_기관리서치/관계도/원천자료/자치법규/1811655_정보.html","69714","2026-09-09T04:15:40.266Z",".html"
"04_기관리서치/관계도/원천자료/자치법규/1812071_본문.html","64875","2026-09-09T04:16:17.824Z",".html"
"04_기관리서치/관계도/원천자료/자치법규/1812071_정보.html","69545","2026-09-09T04:16:17.475Z",".html"
"04_기관리서치/관계도/원천자료/자치법규/1813439_본문.html","14192","2026-09-09T04:16:15.703Z",".html"
"04_기관리서치/관계도/원천자료/자치법규/1813439_정보.html","69823","2026-09-09T04:16:15.415Z",".html"
"04_기관리서치/관계도/원천자료/자치법규/1815303_본문.html","22203","2026-09-09T04:16:17.222Z",".html"
"04_기관리서치/관계도/원천자료/자치법규/1815303_정보.html","69647","2026-09-09T04:16:16.903Z",".html"
"04_기관리서치/관계도/원천자료/자치법규/1815887_본문.html","27145","2026-09-09T04:16:42.708Z",".html"
"04_기관리서치/관계도/원천자료/자치법규/1815887_정보.html","69556","2026-09-09T04:16:42.427Z",".html"
"04_기관리서치/관계도/원천자료/자치법규/1816575_본문.html","25816","2026-09-09T04:17:04.746Z",".html"
"04_기관리서치/관계도/원천자료/자치법규/1816575_정보.html","69622","2026-09-09T04:17:04.427Z",".html"
"04_기관리서치/관계도/원천자료/자치법규/1819259_본문.html","28186","2026-09-09T04:16:15.026Z",".html"
"04_기관리서치/관계도/원천자료/자치법규/1819259_정보.html","69561","2026-09-09T04:16:14.659Z",".html"
"04_기관리서치/관계도/원천자료/자치법규/1819439_본문.html","24561","2026-09-09T04:17:18.423Z",".html"
"04_기관리서치/관계도/원천자료/자치법규/1819439_정보.html","69829","2026-09-09T04:17:18.126Z",".html"
"04_기관리서치/관계도/원천자료/자치법규/1819577_본문.html","15886","2026-09-09T04:17:17.042Z",".html"
"04_기관리서치/관계도/원천자료/자치법규/1819577_정보.html","69619","2026-09-09T04:17:16.773Z",".html"
"04_기관리서치/관계도/원천자료/자치법규/1819887_본문.html","15639","2026-09-09T04:16:16.707Z",".html"
"04_기관리서치/관계도/원천자료/자치법규/1819887_정보.html","69633","2026-09-09T04:16:16.399Z",".html"
"04_기관리서치/관계도/원천자료/자치법규/1820013_본문.html","12480","2026-09-09T04:16:29.682Z",".html"
"04_기관리서치/관계도/원천자료/자치법규/1820013_정보.html","69905","2026-09-09T04:16:29.310Z",".html"
"04_기관리서치/관계도/원천자료/자치법규/1823215_본문.html","38721","2026-09-09T04:16:09.685Z",".html"
"04_기관리서치/관계도/원천자료/자치법규/1823215_정보.html","69631","2026-09-09T04:16:09.340Z",".html"
"04_기관리서치/관계도/원천자료/자치법규/1827365_본문.html","38825","2026-09-09T04:16:03.098Z",".html"
"04_기관리서치/관계도/원천자료/자치법규/1827365_정보.html","69631","2026-09-09T04:16:02.775Z",".html"
"04_기관리서치/관계도/원천자료/자치법규/1829236d117ad81f_링크.html","1196","2026-09-09T04:15:26.448Z",".html"
"04_기관리서치/관계도/원천자료/자치법규/182efcba43db880c_링크.html","1296","2026-09-09T04:14:46.057Z",".html"
"04_기관리서치/관계도/원천자료/자치법규/1834357_본문.html","35869","2026-09-09T04:16:50.591Z",".html"
"04_기관리서치/관계도/원천자료/자치법규/1834357_정보.html","69768","2026-09-09T04:16:50.284Z",".html"
"04_기관리서치/관계도/원천자료/자치법규/1835341_본문.html","26717","2026-09-09T04:16:24.288Z",".html"
"04_기관리서치/관계도/원천자료/자치법규/1835341_정보.html","69693","2026-09-09T04:16:23.985Z",".html"
"04_기관리서치/관계도/원천자료/자치법규/1835655_본문.html","36174","2026-09-09T04:15:37.349Z",".html"
"04_기관리서치/관계도/원천자료/자치법규/1835655_정보.html","69793","2026-09-09T04:15:37.015Z",".html"
"04_기관리서치/관계도/원천자료/자치법규/1836725_본문.html","22473","2026-09-09T04:17:10.615Z",".html"
"04_기관리서치/관계도/원천자료/자치법규/1836725_정보.html","69793","2026-09-09T04:17:10.271Z",".html"
"04_기관리서치/관계도/원천자료/자치법규/1838489_본문.html","32574","2026-09-09T04:15:58.732Z",".html"
"04_기관리서치/관계도/원천자료/자치법규/1838489_정보.html","69570","2026-09-09T04:15:58.405Z",".html"
"04_기관리서치/관계도/원천자료/자치법규/1842589_본문.html","24803","2026-09-09T04:17:18.222Z",".html"
"04_기관리서치/관계도/원천자료/자치법규/1842589_정보.html","69690","2026-09-09T04:17:17.948Z",".html"
"04_기관리서치/관계도/원천자료/자치법규/1843291_본문.html","24542","2026-09-09T04:17:39.779Z",".html"
"04_기관리서치/관계도/원천자료/자치법규/1843291_정보.html","69630","2026-09-09T04:17:39.438Z",".html"
"04_기관리서치/관계도/원천자료/자치법규/1843521_본문.html","33435","2026-09-09T04:17:20.991Z",".html"
"04_기관리서치/관계도/원천자료/자치법규/1843521_정보.html","69593","2026-09-09T04:17:20.673Z",".html"
"04_기관리서치/관계도/원천자료/자치법규/1843967_본문.html","31194","2026-09-09T04:15:49.885Z",".html"
"04_기관리서치/관계도/원천자료/자치법규/1843967_정보.html","69551","2026-09-09T04:15:49.468Z",".html"
"04_기관리서치/관계도/원천자료/자치법규/1844393_본문.html","24901","2026-09-09T04:15:11.954Z",".html"
"04_기관리서치/관계도/원천자료/자치법규/1844393_정보.html","69780","2026-09-09T04:15:11.636Z",".html"
"04_기관리서치/관계도/원천자료/자치법규/1844713_본문.html","41092","2026-09-09T04:16:01.390Z",".html"
"04_기관리서치/관계도/원천자료/자치법규/1844713_정보.html","69709","2026-09-09T04:16:01.053Z",".html"
"04_기관리서치/관계도/원천자료/자치법규/1845105_본문.html","32132","2026-09-09T04:16:05.392Z",".html"
"04_기관리서치/관계도/원천자료/자치법규/1845105_정보.html","69651","2026-09-09T04:16:05.070Z",".html"
"04_기관리서치/관계도/원천자료/자치법규/1845931_본문.html","19062","2026-09-09T04:17:38.527Z",".html"
"04_기관리서치/관계도/원천자료/자치법규/1845931_정보.html","69587","2026-09-09T04:17:38.141Z",".html"
"04_기관리서치/관계도/원천자료/자치법규/1846913_본문.html","16696","2026-09-09T04:14:42.835Z",".html"
"04_기관리서치/관계도/원천자료/자치법규/1846913_정보.html","69661","2026-09-09T04:14:42.524Z",".html"
"04_기관리서치/관계도/원천자료/자치법규/1847893_본문.html","37062","2026-09-09T04:17:02.669Z",".html"
"04_기관리서치/관계도/원천자료/자치법규/1847893_정보.html","69573","2026-09-09T04:17:02.373Z",".html"
"04_기관리서치/관계도/원천자료/자치법규/1848045_본문.html","42807","2026-09-09T04:15:51.686Z",".html"
"04_기관리서치/관계도/원천자료/자치법규/1848045_정보.html","69674","2026-09-09T04:15:51.388Z",".html"
"04_기관리서치/관계도/원천자료/자치법규/1854941_본문.html","38623","2026-09-09T04:16:34.789Z",".html"
"04_기관리서치/관계도/원천자료/자치법규/1854941_정보.html","69617","2026-09-09T04:16:34.459Z",".html"
"04_기관리서치/관계도/원천자료/자치법규/1856233_본문.html","32137","2026-09-09T04:15:35.903Z",".html"
"04_기관리서치/관계도/원천자료/자치법규/1856233_정보.html","69757","2026-09-09T04:15:35.583Z",".html"
"04_기관리서치/관계도/원천자료/자치법규/1858227_본문.html","33866","2026-09-09T04:17:20.081Z",".html"
"04_기관리서치/관계도/원천자료/자치법규/1858227_정보.html","69653","2026-09-09T04:17:19.766Z",".html"
"04_기관리서치/관계도/원천자료/자치법규/1859499_본문.html","45305","2026-09-09T04:16:04.361Z",".html"
"04_기관리서치/관계도/원천자료/자치법규/1859499_정보.html","69675","2026-09-09T04:16:03.989Z",".html"
"04_기관리서치/관계도/원천자료/자치법규/1861785_본문.html","26969","2026-09-09T04:15:52.591Z",".html"
"04_기관리서치/관계도/원천자료/자치법규/1861785_정보.html","69674","2026-09-09T04:15:52.286Z",".html"
"04_기관리서치/관계도/원천자료/자치법규/1863955_본문.html","18202","2026-09-09T04:16:21.575Z",".html"
"04_기관리서치/관계도/원천자료/자치법규/1863955_정보.html","69606","2026-09-09T04:16:21.246Z",".html"
"04_기관리서치/관계도/원천자료/자치법규/1870093_본문.html","24197","2026-09-09T04:15:57.202Z",".html"
"04_기관리서치/관계도/원천자료/자치법규/1870093_정보.html","69625","2026-09-09T04:15:56.889Z",".html"
"04_기관리서치/관계도/원천자료/자치법규/1872999_본문.html","33944","2026-09-09T04:17:11.508Z",".html"
"04_기관리서치/관계도/원천자료/자치법규/1872999_정보.html","69675","2026-09-09T04:17:11.208Z",".html"
"04_기관리서치/관계도/원천자료/자치법규/1874521_본문.html","8198","2026-09-09T04:17:39.410Z",".html"
"04_기관리서치/관계도/원천자료/자치법규/1874521_정보.html","69836","2026-09-09T04:17:39.139Z",".html"
"04_기관리서치/관계도/원천자료/자치법규/1875759_본문.html","17312","2026-09-09T04:15:06.200Z",".html"
"04_기관리서치/관계도/원천자료/자치법규/1875759_정보.html","69676","2026-09-09T04:15:05.930Z",".html"
"04_기관리서치/관계도/원천자료/자치법규/1877039_본문.html","36109","2026-09-09T04:16:23.093Z",".html"
"04_기관리서치/관계도/원천자료/자치법규/1877039_정보.html","69863","2026-09-09T04:16:22.726Z",".html"
"04_기관리서치/관계도/원천자료/자치법규/1880051_본문.html","21790","2026-09-09T04:15:44.153Z",".html"
"04_기관리서치/관계도/원천자료/자치법규/1880051_정보.html","69600","2026-09-09T04:15:43.645Z",".html"
"04_기관리서치/관계도/원천자료/자치법규/1881307_본문.html","18133","2026-09-09T04:15:55.155Z",".html"
"04_기관리서치/관계도/원천자료/자치법규/1881307_정보.html","69752","2026-09-09T04:15:54.871Z",".html"
"04_기관리서치/관계도/원천자료/자치법규/1881563_본문.html","27814","2026-09-09T04:15:26.141Z",".html"
"04_기관리서치/관계도/원천자료/자치법규/1881563_정보.html","69599","2026-09-09T04:15:25.844Z",".html"
"04_기관리서치/관계도/원천자료/자치법규/1881723_본문.html","27076","2026-09-09T04:17:35.602Z",".html"
"04_기관리서치/관계도/원천자료/자치법규/1881723_정보.html","69679","2026-09-09T04:17:35.321Z",".html"
"04_기관리서치/관계도/원천자료/자치법규/1882393_본문.html","19197","2026-09-09T04:15:46.607Z",".html"
"04_기관리서치/관계도/원천자료/자치법규/1882393_정보.html","69711","2026-09-09T04:15:46.302Z",".html"
"04_기관리서치/관계도/원천자료/자치법규/1885809_본문.html","31742","2026-09-09T04:15:53.952Z",".html"
"04_기관리서치/관계도/원천자료/자치법규/1885809_정보.html","69654","2026-09-09T04:15:53.634Z",".html"
"04_기관리서치/관계도/원천자료/자치법규/188fc63eec46c452_링크.html","1285","2026-09-09T04:15:46.866Z",".html"
"04_기관리서치/관계도/원천자료/자치법규/1893575_본문.html","24228","2026-09-09T04:17:10.614Z",".html"
"04_기관리서치/관계도/원천자료/자치법규/1893575_정보.html","69733","2026-09-09T04:17:10.284Z",".html"
"04_기관리서치/관계도/원천자료/자치법규/1899747_본문.html","63307","2026-09-09T04:15:50.150Z",".html"
"04_기관리서치/관계도/원천자료/자치법규/1899747_정보.html","69671","2026-09-09T04:15:49.800Z",".html"
"04_기관리서치/관계도/원천자료/자치법규/18c5f1ae72c9f4ae_링크.html","1283","2026-09-09T04:16:07.559Z",".html"
"04_기관리서치/관계도/원천자료/자치법규/18fae8b784d9939b_링크.html","1292","2026-09-09T04:16:17.475Z",".html"
"04_기관리서치/관계도/원천자료/자치법규/1900153_본문.html","26328","2026-09-09T04:14:58.899Z",".html"
"04_기관리서치/관계도/원천자료/자치법규/1900153_정보.html","69796","2026-09-09T04:14:58.602Z",".html"
"04_기관리서치/관계도/원천자료/자치법규/1900799_본문.html","22981","2026-09-09T04:16:35.665Z",".html"
"04_기관리서치/관계도/원천자료/자치법규/1900799_정보.html","69804","2026-09-09T04:16:35.350Z",".html"
"04_기관리서치/관계도/원천자료/자치법규/1900833_본문.html","33152","2026-09-09T04:16:35.350Z",".html"
"04_기관리서치/관계도/원천자료/자치법규/1900833_정보.html","69764","2026-09-09T04:16:35.014Z",".html"
"04_기관리서치/관계도/원천자료/자치법규/1900909_본문.html","15003","2026-09-09T04:14:58.784Z",".html"
"04_기관리서치/관계도/원천자료/자치법규/1900909_정보.html","69674","2026-09-09T04:14:58.468Z",".html"
"04_기관리서치/관계도/원천자료/자치법규/1901685_본문.html","25656","2026-09-09T04:15:00.131Z",".html"
"04_기관리서치/관계도/원천자료/자치법규/1901685_정보.html","70043","2026-09-09T04:14:59.799Z",".html"
"04_기관리서치/관계도/원천자료/자치법규/1902363_본문.html","19819","2026-09-09T04:16:21.245Z",".html"
"04_기관리서치/관계도/원천자료/자치법규/1902363_정보.html","69626","2026-09-09T04:16:20.942Z",".html"
"04_기관리서치/관계도/원천자료/자치법규/1902593_본문.html","16757","2026-09-09T04:14:58.262Z",".html"
"04_기관리서치/관계도/원천자료/자치법규/1902593_정보.html","69674","2026-09-09T04:14:57.971Z",".html"
"04_기관리서치/관계도/원천자료/자치법규/1902601_본문.html","18391","2026-09-09T04:14:59.119Z",".html"
"04_기관리서치/관계도/원천자료/자치법규/1902601_정보.html","69692","2026-09-09T04:14:58.845Z",".html"
"04_기관리서치/관계도/원천자료/자치법규/1902665_본문.html","25238","2026-09-09T04:14:59.642Z",".html"
"04_기관리서치/관계도/원천자료/자치법규/1902665_정보.html","69634","2026-09-09T04:14:59.350Z",".html"
"04_기관리서치/관계도/원천자료/자치법규/1909059_본문.html","33732","2026-09-09T04:16:49.215Z",".html"
"04_기관리서치/관계도/원천자료/자치법규/1909059_정보.html","69793","2026-09-09T04:16:48.857Z",".html"
"04_기관리서치/관계도/원천자료/자치법규/1910831_본문.html","13226","2026-09-09T04:15:07.644Z",".html"
"04_기관리서치/관계도/원천자료/자치법규/1910831_정보.html","69604","2026-09-09T04:15:07.345Z",".html"
"04_기관리서치/관계도/원천자료/자치법규/1911065_본문.html","25539","2026-09-09T04:16:27.666Z",".html"
"04_기관리서치/관계도/원천자료/자치법규/1911065_정보.html","69676","2026-09-09T04:16:27.378Z",".html"
"04_기관리서치/관계도/원천자료/자치법규/1911451_본문.html","16437","2026-09-09T04:15:30.323Z",".html"
"04_기관리서치/관계도/원천자료/자치법규/1911451_정보.html","69785","2026-09-09T04:15:30.032Z",".html"
"04_기관리서치/관계도/원천자료/자치법규/1913159_본문.html","42005","2026-09-09T04:15:33.515Z",".html"
"04_기관리서치/관계도/원천자료/자치법규/1913159_정보.html","69726","2026-09-09T04:15:33.198Z",".html"
"04_기관리서치/관계도/원천자료/자치법규/1915653_본문.html","24618","2026-09-09T04:17:14.607Z",".html"
"04_기관리서치/관계도/원천자료/자치법규/1915653_정보.html","69613","2026-09-09T04:17:14.288Z",".html"
"04_기관리서치/관계도/원천자료/자치법규/1915807_본문.html","24030","2026-09-09T04:17:22.307Z",".html"
"04_기관리서치/관계도/원천자료/자치법규/1915807_정보.html","69661","2026-09-09T04:17:22.002Z",".html"
"04_기관리서치/관계도/원천자료/자치법규/1918243_본문.html","19315","2026-09-09T04:17:37.530Z",".html"
"04_기관리서치/관계도/원천자료/자치법규/1918243_정보.html","69587","2026-09-09T04:17:37.220Z",".html"
"04_기관리서치/관계도/원천자료/자치법규/1918441_본문.html","27899","2026-09-09T04:15:50.792Z",".html"
"04_기관리서치/관계도/원천자료/자치법규/1918441_정보.html","69609","2026-09-09T04:15:50.484Z",".html"
"04_기관리서치/관계도/원천자료/자치법규/1919055_본문.html","14604","2026-09-09T04:17:16.209Z",".html"
"04_기관리서치/관계도/원천자료/자치법규/1919055_정보.html","69651","2026-09-09T04:17:15.933Z",".html"
"04_기관리서치/관계도/원천자료/자치법규/1919883_본문.html","21286","2026-09-09T04:16:13.006Z",".html"
"04_기관리서치/관계도/원천자료/자치법규/1919883_정보.html","69651","2026-09-09T04:16:12.690Z",".html"
"04_기관리서치/관계도/원천자료/자치법규/1922223_본문.html","37590","2026-09-09T04:15:22.112Z",".html"
"04_기관리서치/관계도/원천자료/자치법규/1922223_정보.html","69711","2026-09-09T04:15:21.666Z",".html"
"04_기관리서치/관계도/원천자료/자치법규/1925799_본문.html","36275","2026-09-09T04:15:07.149Z",".html"
"04_기관리서치/관계도/원천자료/자치법규/1925799_정보.html","69555","2026-09-09T04:15:06.824Z",".html"
"04_기관리서치/관계도/원천자료/자치법규/1928773_본문.html","39556","2026-09-09T04:17:15.467Z",".html"
"04_기관리서치/관계도/원천자료/자치법규/1928773_정보.html","69811","2026-09-09T04:17:15.147Z",".html"
"04_기관리서치/관계도/원천자료/자치법규/1930797_본문.html","29037","2026-09-09T04:15:47.558Z",".html"
"04_기관리서치/관계도/원천자료/자치법규/1930797_정보.html","69668","2026-09-09T04:15:47.199Z",".html"
"04_기관리서치/관계도/원천자료/자치법규/1932801_본문.html","30049","2026-09-09T04:15:44.554Z",".html"
"04_기관리서치/관계도/원천자료/자치법규/1932801_정보.html","69869","2026-09-09T04:15:44.216Z",".html"
"04_기관리서치/관계도/원천자료/자치법규/1932929_본문.html","23908","2026-09-09T04:16:00.151Z",".html"
"04_기관리서치/관계도/원천자료/자치법규/1932929_정보.html","69647","2026-09-09T04:15:59.870Z",".html"
"04_기관리서치/관계도/원천자료/자치법규/1933049_본문.html","24836","2026-09-09T04:17:37.510Z",".html"
"04_기관리서치/관계도/원천자료/자치법규/1933049_정보.html","69904","2026-09-09T04:17:37.230Z",".html"
"04_기관리서치/관계도/원천자료/자치법규/1933297_본문.html","31797","2026-09-09T04:15:15.927Z",".html"
"04_기관리서치/관계도/원천자료/자치법규/1933297_정보.html","69595","2026-09-09T04:15:15.622Z",".html"
"04_기관리서치/관계도/원천자료/자치법규/1935389_본문.html","25856","2026-09-09T04:17:38.559Z",".html"
"04_기관리서치/관계도/원천자료/자치법규/1935389_정보.html","69627","2026-09-09T04:17:38.250Z",".html"
"04_기관리서치/관계도/원천자료/자치법규/1935557_본문.html","25903","2026-09-09T04:16:32.997Z",".html"
"04_기관리서치/관계도/원천자료/자치법규/1935557_정보.html","69598","2026-09-09T04:16:32.686Z",".html"
"04_기관리서치/관계도/원천자료/자치법규/1936435_본문.html","28028","2026-09-09T04:17:36.751Z",".html"
"04_기관리서치/관계도/원천자료/자치법규/1936435_정보.html","69675","2026-09-09T04:17:36.449Z",".html"
"04_기관리서치/관계도/원천자료/자치법규/1936997_본문.html","29446","2026-09-09T04:17:30.358Z",".html"
"04_기관리서치/관계도/원천자료/자치법규/1936997_정보.html","69674","2026-09-09T04:17:30.043Z",".html"
"04_기관리서치/관계도/원천자료/자치법규/1937151_본문.html","35293","2026-09-09T04:16:47.140Z",".html"
"04_기관리서치/관계도/원천자료/자치법규/1937151_정보.html","69650","2026-09-09T04:16:46.808Z",".html"
"04_기관리서치/관계도/원천자료/자치법규/1939617_본문.html","22271","2026-09-09T04:17:38.729Z",".html"
"04_기관리서치/관계도/원천자료/자치법규/1939617_정보.html","69751","2026-09-09T04:17:38.406Z",".html"
"04_기관리서치/관계도/원천자료/자치법규/1942625_본문.html","45340","2026-09-09T04:17:12.621Z",".html"
"04_기관리서치/관계도/원천자료/자치법규/1942625_정보.html","69652","2026-09-09T04:17:12.294Z",".html"
"04_기관리서치/관계도/원천자료/자치법규/1946457_본문.html","29437","2026-09-09T04:16:44.436Z",".html"
"04_기관리서치/관계도/원천자료/자치법규/1946457_정보.html","69785","2026-09-09T04:16:44.134Z",".html"
"04_기관리서치/관계도/원천자료/자치법규/1947295_본문.html","32831","2026-09-09T04:14:49.290Z",".html"
"04_기관리서치/관계도/원천자료/자치법규/1947295_정보.html","69748","2026-09-09T04:14:48.975Z",".html"
"04_기관리서치/관계도/원천자료/자치법규/1947535_본문.html","25006","2026-09-09T04:17:37.634Z",".html"
"04_기관리서치/관계도/원천자료/자치법규/1947535_정보.html","69666","2026-09-09T04:17:37.289Z",".html"
"04_기관리서치/관계도/원천자료/자치법규/1950191_본문.html","19708","2026-09-09T04:16:07.723Z",".html"
"04_기관리서치/관계도/원천자료/자치법규/1950191_정보.html","69615","2026-09-09T04:16:07.429Z",".html"
"04_기관리서치/관계도/원천자료/자치법규/1950213_본문.html","30311","2026-09-09T04:16:08.210Z",".html"
"04_기관리서치/관계도/원천자료/자치법규/1950213_정보.html","69655","2026-09-09T04:16:07.901Z",".html"
"04_기관리서치/관계도/원천자료/자치법규/1952029_본문.html","20163","2026-09-09T04:15:13.806Z",".html"
"04_기관리서치/관계도/원천자료/자치법규/1952029_정보.html","69704","2026-09-09T04:15:13.506Z",".html"
"04_기관리서치/관계도/원천자료/자치법규/1952365_본문.html","39572","2026-09-09T04:15:14.751Z",".html"
"04_기관리서치/관계도/원천자료/자치법규/1952365_정보.html","69948","2026-09-09T04:15:14.400Z",".html"
"04_기관리서치/관계도/원천자료/자치법규/1954103_본문.html","30577","2026-09-09T04:14:56.347Z",".html"
"04_기관리서치/관계도/원천자료/자치법규/1954103_정보.html","69711","2026-09-09T04:14:55.898Z",".html"
"04_기관리서치/관계도/원천자료/자치법규/1954367ccb2dd448_링크.html","1282","2026-09-09T04:17:27.575Z",".html"
"04_기관리서치/관계도/원천자료/자치법규/1955197_본문.html","31863","2026-09-09T04:15:58.152Z",".html"
"04_기관리서치/관계도/원천자료/자치법규/1955197_정보.html","69647","2026-09-09T04:15:57.828Z",".html"
"04_기관리서치/관계도/원천자료/자치법규/1955781_본문.html","44889","2026-09-09T04:15:32.980Z",".html"
"04_기관리서치/관계도/원천자료/자치법규/1955781_정보.html","69763","2026-09-09T04:15:32.635Z",".html"
"04_기관리서치/관계도/원천자료/자치법규/1957279_본문.html","14974","2026-09-09T04:16:58.467Z",".html"
"04_기관리서치/관계도/원천자료/자치법규/1957279_정보.html","69616","2026-09-09T04:16:58.181Z",".html"
"04_기관리서치/관계도/원천자료/자치법규/1959759_본문.html","31891","2026-09-09T04:16:58.807Z",".html"
"04_기관리서치/관계도/원천자료/자치법규/1959759_정보.html","70000","2026-09-09T04:16:58.498Z",".html"
"04_기관리서치/관계도/원천자료/자치법규/1960847_본문.html","18943","2026-09-09T04:14:53.568Z",".html"
"04_기관리서치/관계도/원천자료/자치법규/1960847_정보.html","69730","2026-09-09T04:14:53.263Z",".html"
"04_기관리서치/관계도/원천자료/자치법규/1961101_본문.html","26179","2026-09-09T04:16:54.906Z",".html"
"04_기관리서치/관계도/원천자료/자치법규/1961101_정보.html","69668","2026-09-09T04:16:54.586Z",".html"
"04_기관리서치/관계도/원천자료/자치법규/1962396d57488342_링크.html","1284","2026-09-09T04:16:54.247Z",".html"
"04_기관리서치/관계도/원천자료/자치법규/1967043_본문.html","31893","2026-09-09T04:14:47.691Z",".html"
"04_기관리서치/관계도/원천자료/자치법규/1967043_정보.html","69638","2026-09-09T04:14:47.365Z",".html"
"04_기관리서치/관계도/원천자료/자치법규/196e7b8fdd5d40b0_링크.html","1291","2026-09-09T04:15:13.430Z",".html"
"04_기관리서치/관계도/원천자료/자치법규/1970279_본문.html","32163","2026-09-09T04:17:23.695Z",".html"
"04_기관리서치/관계도/원천자료/자치법규/1970279_정보.html","69729","2026-09-09T04:17:23.359Z",".html"
"04_기관리서치/관계도/원천자료/자치법규/1970985_본문.html","27672","2026-09-09T04:14:50.718Z",".html"
"04_기관리서치/관계도/원천자료/자치법규/1970985_정보.html","69634","2026-09-09T04:14:50.408Z",".html"
"04_기관리서치/관계도/원천자료/자치법규/1971197_본문.html","22271","2026-09-09T04:17:40.629Z",".html"
"04_기관리서치/관계도/원천자료/자치법규/1971197_정보.html","69768","2026-09-09T04:17:40.340Z",".html"
"04_기관리서치/관계도/원천자료/자치법규/1972741_본문.html","28733","2026-09-09T04:16:08.613Z",".html"
"04_기관리서치/관계도/원천자료/자치법규/1972741_정보.html","69635","2026-09-09T04:16:08.303Z",".html"
"04_기관리서치/관계도/원천자료/자치법규/1972815_본문.html","23071","2026-09-09T04:17:23.377Z",".html"
"04_기관리서치/관계도/원천자료/자치법규/1972815_정보.html","69617","2026-09-09T04:17:23.076Z",".html"
"04_기관리서치/관계도/원천자료/자치법규/1973289_본문.html","22557","2026-09-09T04:17:42.456Z",".html"
"04_기관리서치/관계도/원천자료/자치법규/1973289_정보.html","69668","2026-09-09T04:17:42.180Z",".html"
"04_기관리서치/관계도/원천자료/자치법규/1973967_본문.html","27443","2026-09-09T04:15:27.321Z",".html"
"04_기관리서치/관계도/원천자료/자치법규/1973967_정보.html","69762","2026-09-09T04:15:27.016Z",".html"
"04_기관리서치/관계도/원천자료/자치법규/1974037_본문.html","54153","2026-09-09T04:16:37.533Z",".html"
"04_기관리서치/관계도/원천자료/자치법규/1974037_정보.html","69708","2026-09-09T04:16:37.197Z",".html"
"04_기관리서치/관계도/원천자료/자치법규/1974667_본문.html","34724","2026-09-09T04:17:34.411Z",".html"
"04_기관리서치/관계도/원천자료/자치법규/1974667_정보.html","69653","2026-09-09T04:17:34.111Z",".html"
"04_기관리서치/관계도/원천자료/자치법규/1975421_본문.html","28862","2026-09-09T04:16:48.525Z",".html"
"04_기관리서치/관계도/원천자료/자치법규/1975421_정보.html","69723","2026-09-09T04:16:48.211Z",".html"
"04_기관리서치/관계도/원천자료/자치법규/1975689_본문.html","28210","2026-09-09T04:16:13.323Z",".html"
"04_기관리서치/관계도/원천자료/자치법규/1975689_정보.html","70022","2026-09-09T04:16:13.013Z",".html"
"04_기관리서치/관계도/원천자료/자치법규/1976811_본문.html","17554","2026-09-09T04:16:43.116Z",".html"
"04_기관리서치/관계도/원천자료/자치법규/1976811_정보.html","69704","2026-09-09T04:16:42.806Z",".html"
"04_기관리서치/관계도/원천자료/자치법규/1977103_본문.html","28929","2026-09-09T04:17:35.355Z",".html"
"04_기관리서치/관계도/원천자료/자치법규/1977103_정보.html","69713","2026-09-09T04:17:34.992Z",".html"
"04_기관리서치/관계도/원천자료/자치법규/1978807_본문.html","48361","2026-09-09T04:16:10.471Z",".html"
"04_기관리서치/관계도/원천자료/자치법규/1978807_정보.html","69912","2026-09-09T04:16:10.126Z",".html"
"04_기관리서치/관계도/원천자료/자치법규/1979501_본문.html","30263","2026-09-09T04:14:57.559Z",".html"
"04_기관리서치/관계도/원천자료/자치법규/1979501_정보.html","69675","2026-09-09T04:14:57.255Z",".html"
"04_기관리서치/관계도/원천자료/자치법규/1982285_본문.html","31757","2026-09-09T04:16:38.521Z",".html"
"04_기관리서치/관계도/원천자료/자치법규/1982285_정보.html","69868","2026-09-09T04:16:38.134Z",".html"
"04_기관리서치/관계도/원천자료/자치법규/1984471_본문.html","24605","2026-09-09T04:16:36.781Z",".html"
"04_기관리서치/관계도/원천자료/자치법규/1984471_정보.html","69744","2026-09-09T04:16:36.498Z",".html"
"04_기관리서치/관계도/원천자료/자치법규/1985379_본문.html","19616","2026-09-09T04:15:41.114Z",".html"
"04_기관리서치/관계도/원천자료/자치법규/1985379_정보.html","69632","2026-09-09T04:15:40.840Z",".html"
"04_기관리서치/관계도/원천자료/자치법규/1986001_본문.html","25038","2026-09-09T04:16:18.539Z",".html"
"04_기관리서치/관계도/원천자료/자치법규/1986001_정보.html","70090","2026-09-09T04:16:18.222Z",".html"
"04_기관리서치/관계도/원천자료/자치법규/1991257_본문.html","26961","2026-09-09T04:16:59.727Z",".html"
"04_기관리서치/관계도/원천자료/자치법규/1991257_정보.html","69758","2026-09-09T04:16:59.401Z",".html"
"04_기관리서치/관계도/원천자료/자치법규/1992169_본문.html","23023","2026-09-09T04:15:45.756Z",".html"
"04_기관리서치/관계도/원천자료/자치법규/1992169_정보.html","69729","2026-09-09T04:15:45.442Z",".html"
"04_기관리서치/관계도/원천자료/자치법규/1994279_본문.html","15786","2026-09-09T04:17:19.183Z",".html"
"04_기관리서치/관계도/원천자료/자치법규/1994279_정보.html","69672","2026-09-09T04:17:18.852Z",".html"
"04_기관리서치/관계도/원천자료/자치법규/1996541_본문.html","31732","2026-09-09T04:16:51.061Z",".html"
"04_기관리서치/관계도/원천자료/자치법규/1996541_정보.html","69637","2026-09-09T04:16:50.731Z",".html"
"04_기관리서치/관계도/원천자료/자치법규/1a10df52970ff629_링크.html","1281","2026-09-09T04:15:59.537Z",".html"
"04_기관리서치/관계도/원천자료/자치법규/1ae7e23e936ac15a_링크.html","1292","2026-09-09T04:16:36.831Z",".html"
"04_기관리서치/관계도/원천자료/자치법규/1bbdba30437b72ab_링크.html","1316","2026-09-09T04:17:29.112Z",".html"
"04_기관리서치/관계도/원천자료/자치법규/1d01c84ea126dd77_링크.html","1285","2026-09-09T04:17:34.093Z",".html"
"04_기관리서치/관계도/원천자료/자치법규/1d396f4b29710693_링크.html","1278","2026-09-09T04:14:43.821Z",".html"
"04_기관리서치/관계도/원천자료/자치법규/1d55f283bac66dc0_링크.html","1196","2026-09-09T04:15:26.100Z",".html"
"04_기관리서치/관계도/원천자료/자치법규/1dbc268226dddc65_링크.html","1293","2026-09-09T04:16:28.743Z",".html"
"04_기관리서치/관계도/원천자료/자치법규/1dcc224a7da30f0c_링크.html","1196","2026-09-09T04:17:27.905Z",".html"
"04_기관리서치/관계도/원천자료/자치법규/1e26d28d6cb5e847_링크.html","1302","2026-09-09T04:17:10.224Z",".html"
"04_기관리서치/관계도/원천자료/자치법규/1e306290425d9616_링크.html","1196","2026-09-09T04:15:59.293Z",".html"
"04_기관리서치/관계도/원천자료/자치법규/1e368b9fa6a9860f_링크.html","1196","2026-09-09T04:17:40.087Z",".html"
"04_기관리서치/관계도/원천자료/자치법규/1ec2467fecb5b6cf_링크.html","1196","2026-09-09T04:16:50.897Z",".html"
"04_기관리서치/관계도/원천자료/자치법규/1ece641be45bbb32_링크.html","1282","2026-09-09T04:17:15.596Z",".html"
"04_기관리서치/관계도/원천자료/자치법규/1f0922a74eab0c73_링크.html","1196","2026-09-09T04:16:28.202Z",".html"
"04_기관리서치/관계도/원천자료/자치법규/1f7120a1a888de2d_링크.html","1272","2026-09-09T04:17:32.545Z",".html"
"04_기관리서치/관계도/원천자료/자치법규/1fe19222a4bb0e3d_링크.html","1196","2026-09-09T04:17:32.753Z",".html"
"04_기관리서치/관계도/원천자료/자치법규/1ff73a95248878f1_링크.html","1294","2026-09-09T04:16:34.244Z",".html"
"04_기관리서치/관계도/원천자료/자치법규/2000235_본문.html","25912","2026-09-09T04:14:50.224Z",".html"
"04_기관리서치/관계도/원천자료/자치법규/2000235_정보.html","69662","2026-09-09T04:14:49.887Z",".html"
"04_기관리서치/관계도/원천자료/자치법규/2000993_본문.html","32825","2026-09-09T04:16:50.504Z",".html"
"04_기관리서치/관계도/원천자료/자치법규/2000993_정보.html","69803","2026-09-09T04:16:50.173Z",".html"
"04_기관리서치/관계도/원천자료/자치법규/2001429_본문.html","12646","2026-09-09T04:17:43.304Z",".html"
"04_기관리서치/관계도/원천자료/자치법규/2001429_정보.html","69785","2026-09-09T04:17:43.004Z",".html"
"04_기관리서치/관계도/원천자료/자치법규/2002159_본문.html","37863","2026-09-09T04:17:02.136Z",".html"
"04_기관리서치/관계도/원천자료/자치법규/2002159_정보.html","69923","2026-09-09T04:17:01.787Z",".html"
"04_기관리서치/관계도/원천자료/자치법규/2002795_본문.html","25313","2026-09-09T04:15:01.250Z",".html"
"04_기관리서치/관계도/원천자료/자치법규/2002795_정보.html","69649","2026-09-09T04:15:00.970Z",".html"
"04_기관리서치/관계도/원천자료/자치법규/2004655_본문.html","9569","2026-09-09T04:15:31.180Z",".html"
"04_기관리서치/관계도/원천자료/자치법규/2004655_정보.html","69787","2026-09-09T04:15:30.862Z",".html"
"04_기관리서치/관계도/원천자료/자치법규/2006177_본문.html","21061","2026-09-09T04:15:18.610Z",".html"
"04_기관리서치/관계도/원천자료/자치법규/2006177_정보.html","69811","2026-09-09T04:15:18.306Z",".html"
"04_기관리서치/관계도/원천자료/자치법규/2007125_본문.html","39084","2026-09-09T04:17:07.133Z",".html"
"04_기관리서치/관계도/원천자료/자치법규/2007125_정보.html","69742","2026-09-09T04:17:06.806Z",".html"
"04_기관리서치/관계도/원천자료/자치법규/2007403_본문.html","26128","2026-09-09T04:16:43.149Z",".html"
"04_기관리서치/관계도/원천자료/자치법규/2007403_정보.html","69608","2026-09-09T04:16:42.849Z",".html"
"04_기관리서치/관계도/원천자료/자치법규/200f37b2cad14f6c_링크.html","1303","2026-09-09T04:15:29.697Z",".html"
"04_기관리서치/관계도/원천자료/자치법규/2010191_본문.html","41768","2026-09-09T04:17:17.978Z",".html"
"04_기관리서치/관계도/원천자료/자치법규/2010191_정보.html","69721","2026-09-09T04:17:17.656Z",".html"
"04_기관리서치/관계도/원천자료/자치법규/2014079_본문.html","20692","2026-09-09T04:17:42.879Z",".html"
"04_기관리서치/관계도/원천자료/자치법규/2014079_정보.html","69728","2026-09-09T04:17:42.570Z",".html"
"04_기관리서치/관계도/원천자료/자치법규/2014331_본문.html","21176","2026-09-09T04:14:53.515Z",".html"
"04_기관리서치/관계도/원천자료/자치법규/2014331_정보.html","69672","2026-09-09T04:14:53.094Z",".html"
"04_기관리서치/관계도/원천자료/자치법규/2017147_본문.html","36778","2026-09-09T04:15:47.890Z",".html"
"04_기관리서치/관계도/원천자료/자치법규/2017147_정보.html","69750","2026-09-09T04:15:47.453Z",".html"
"04_기관리서치/관계도/원천자료/자치법규/2018167_본문.html","22416","2026-09-09T04:14:55.310Z",".html"
"04_기관리서치/관계도/원천자료/자치법규/2018167_정보.html","69578","2026-09-09T04:14:54.993Z",".html"
"04_기관리서치/관계도/원천자료/자치법규/2022065_본문.html","24637","2026-09-09T04:16:53.781Z",".html"
"04_기관리서치/관계도/원천자료/자치법규/2022065_정보.html","69633","2026-09-09T04:16:53.463Z",".html"
"04_기관리서치/관계도/원천자료/자치법규/2022901_본문.html","14006","2026-09-09T04:17:40.896Z",".html"
"04_기관리서치/관계도/원천자료/자치법규/2022901_정보.html","69741","2026-09-09T04:17:40.587Z",".html"
"04_기관리서치/관계도/원천자료/자치법규/2026015_본문.html","24566","2026-09-09T04:14:44.564Z",".html"
"04_기관리서치/관계도/원천자료/자치법규/2026015_정보.html","69716","2026-09-09T04:14:44.253Z",".html"
"04_기관리서치/관계도/원천자료/자치법규/2027665_본문.html","13334","2026-09-09T04:15:58.854Z",".html"
"04_기관리서치/관계도/원천자료/자치법규/2027665_정보.html","69659","2026-09-09T04:15:58.591Z",".html"
"04_기관리서치/관계도/원천자료/자치법규/2029641_본문.html","16694","2026-09-09T04:14:42.734Z",".html"
"04_기관리서치/관계도/원천자료/자치법규/2029641_정보.html","69920","2026-09-09T04:14:42.388Z",".html"
"04_기관리서치/관계도/원천자료/자치법규/2029699_본문.html","35171","2026-09-09T04:17:25.258Z",".html"
"04_기관리서치/관계도/원천자료/자치법규/2029699_정보.html","69589","2026-09-09T04:17:24.908Z",".html"
"04_기관리서치/관계도/원천자료/자치법규/2029867_본문.html","61937","2026-09-09T04:16:49.577Z",".html"
"04_기관리서치/관계도/원천자료/자치법규/2029867_정보.html","69859","2026-09-09T04:16:49.181Z",".html"
"04_기관리서치/관계도/원천자료/자치법규/2034751_본문.html","29440","2026-09-09T04:16:19.643Z",".html"
"04_기관리서치/관계도/원천자료/자치법규/2034751_정보.html","69548","2026-09-09T04:16:19.333Z",".html"
"04_기관리서치/관계도/원천자료/자치법규/2034819_본문.html","29710","2026-09-09T04:16:23.369Z",".html"
"04_기관리서치/관계도/원천자료/자치법규/2034819_정보.html","69664","2026-09-09T04:16:23.061Z",".html"
"04_기관리서치/관계도/원천자료/자치법규/2036327_본문.html","15263","2026-09-09T04:14:43.675Z",".html"
"04_기관리서치/관계도/원천자료/자치법규/2036327_정보.html","69741","2026-09-09T04:14:43.396Z",".html"
"04_기관리서치/관계도/원천자료/자치법규/2036449_본문.html","25807","2026-09-09T04:14:43.283Z",".html"
"04_기관리서치/관계도/원천자료/자치법규/2036449_정보.html","69665","2026-09-09T04:14:42.993Z",".html"
"04_기관리서치/관계도/원천자료/자치법규/2038419_본문.html","26803","2026-09-09T04:17:44.311Z",".html"
"04_기관리서치/관계도/원천자료/자치법규/2038419_정보.html","69832","2026-09-09T04:17:43.948Z",".html"
"04_기관리서치/관계도/원천자료/자치법규/2039109_본문.html","16432","2026-09-09T04:14:51.430Z",".html"
"04_기관리서치/관계도/원천자료/자치법규/2039109_정보.html","69665","2026-09-09T04:14:51.098Z",".html"
"04_기관리서치/관계도/원천자료/자치법규/2039397_본문.html","97326","2026-09-09T04:17:04.060Z",".html"
"04_기관리서치/관계도/원천자료/자치법규/2039397_정보.html","69926","2026-09-09T04:17:03.540Z",".html"
"04_기관리서치/관계도/원천자료/자치법규/2040435_본문.html","27406","2026-09-09T04:16:12.402Z",".html"
"04_기관리서치/관계도/원천자료/자치법규/2040435_정보.html","69635","2026-09-09T04:16:12.104Z",".html"
"04_기관리서치/관계도/원천자료/자치법규/2040495_본문.html","31725","2026-09-09T04:16:51.996Z",".html"
"04_기관리서치/관계도/원천자료/자치법규/2040495_정보.html","69617","2026-09-09T04:16:51.638Z",".html"
"04_기관리서치/관계도/원천자료/자치법규/2040727_본문.html","33225","2026-09-09T04:17:12.418Z",".html"
"04_기관리서치/관계도/원천자료/자치법규/2040727_정보.html","69928","2026-09-09T04:17:12.103Z",".html"
"04_기관리서치/관계도/원천자료/자치법규/2042687_본문.html","26417","2026-09-09T04:17:09.972Z",".html"
"04_기관리서치/관계도/원천자료/자치법규/2042687_정보.html","69647","2026-09-09T04:17:09.688Z",".html"
"04_기관리서치/관계도/원천자료/자치법규/2046615_본문.html","34674","2026-09-09T04:17:21.908Z",".html"
"04_기관리서치/관계도/원천자료/자치법규/2046615_정보.html","69647","2026-09-09T04:17:21.557Z",".html"
"04_기관리서치/관계도/원천자료/자치법규/2049323_본문.html","27946","2026-09-09T04:17:01.204Z",".html"
"04_기관리서치/관계도/원천자료/자치법규/2049323_정보.html","69669","2026-09-09T04:17:00.885Z",".html"
"04_기관리서치/관계도/원천자료/자치법규/2049859_본문.html","52342","2026-09-09T04:16:42.256Z",".html"
"04_기관리서치/관계도/원천자료/자치법규/2049859_정보.html","69862","2026-09-09T04:16:41.936Z",".html"
"04_기관리서치/관계도/원천자료/자치법규/2050119_본문.html","30325","2026-09-09T04:16:35.856Z",".html"
"04_기관리서치/관계도/원천자료/자치법규/2050119_정보.html","69795","2026-09-09T04:16:35.571Z",".html"
"04_기관리서치/관계도/원천자료/자치법규/2050877_본문.html","39911","2026-09-09T04:16:34.082Z",".html"
"04_기관리서치/관계도/원천자료/자치법규/2050877_정보.html","69774","2026-09-09T04:16:33.726Z",".html"
"04_기관리서치/관계도/원천자료/자치법규/2053805_본문.html","21053","2026-09-09T04:15:38.974Z",".html"
"04_기관리서치/관계도/원천자료/자치법규/2053805_정보.html","69829","2026-09-09T04:15:38.700Z",".html"
"04_기관리서치/관계도/원천자료/자치법규/2054183_본문.html","26092","2026-09-09T04:16:09.088Z",".html"
"04_기관리서치/관계도/원천자료/자치법규/2054183_정보.html","69635","2026-09-09T04:16:08.788Z",".html"
"04_기관리서치/관계도/원천자료/자치법규/2054941_본문.html","37718","2026-09-09T04:15:56.263Z",".html"
"04_기관리서치/관계도/원천자료/자치법규/2054941_정보.html","69674","2026-09-09T04:15:55.981Z",".html"
"04_기관리서치/관계도/원천자료/자치법규/2056291_본문.html","25305","2026-09-09T04:15:05.473Z",".html"
"04_기관리서치/관계도/원천자료/자치법규/2056291_정보.html","69562","2026-09-09T04:15:05.169Z",".html"
"04_기관리서치/관계도/원천자료/자치법규/2056487_본문.html","19925","2026-09-09T04:17:44.340Z",".html"
"04_기관리서치/관계도/원천자료/자치법규/2056487_정보.html","69769","2026-09-09T04:17:44.021Z",".html"
"04_기관리서치/관계도/원천자료/자치법규/2058695_본문.html","34578","2026-09-09T04:16:24.942Z",".html"
"04_기관리서치/관계도/원천자료/자치법규/2058695_정보.html","69736","2026-09-09T04:16:24.589Z",".html"
"04_기관리서치/관계도/원천자료/자치법규/2061615_본문.html","66373","2026-09-09T04:17:16.499Z",".html"
"04_기관리서치/관계도/원천자료/자치법규/2061615_정보.html","69838","2026-09-09T04:17:16.183Z",".html"
"04_기관리서치/관계도/원천자료/자치법규/2062093_본문.html","31455","2026-09-09T04:17:34.869Z",".html"
"04_기관리서치/관계도/원천자료/자치법규/2062093_정보.html","69681","2026-09-09T04:17:34.454Z",".html"
"04_기관리서치/관계도/원천자료/자치법규/2065067_본문.html","37138","2026-09-09T04:14:47.969Z",".html"
"04_기관리서치/관계도/원천자료/자치법규/2065067_정보.html","69660","2026-09-09T04:14:47.643Z",".html"
"04_기관리서치/관계도/원천자료/자치법규/2066bf50e26414d4_링크.html","1293","2026-09-09T04:17:35.116Z",".html"
"04_기관리서치/관계도/원천자료/자치법규/2068235_본문.html","24311","2026-09-09T04:17:36.606Z",".html"
"04_기관리서치/관계도/원천자료/자치법규/2068235_정보.html","69598","2026-09-09T04:17:36.309Z",".html"
"04_기관리서치/관계도/원천자료/자치법규/2068287_본문.html","35316","2026-09-09T04:17:36.646Z",".html"
"04_기관리서치/관계도/원천자료/자치법규/2068287_정보.html","69674","2026-09-09T04:17:36.291Z",".html"
"04_기관리서치/관계도/원천자료/자치법규/2070509_본문.html","35358","2026-09-09T04:15:32.549Z",".html"
"04_기관리서치/관계도/원천자료/자치법규/2070509_정보.html","69650","2026-09-09T04:15:32.195Z",".html"
"04_기관리서치/관계도/원천자료/자치법규/2070547_본문.html","79547","2026-09-09T04:16:37.988Z",".html"
"04_기관리서치/관계도/원천자료/자치법규/2070547_정보.html","69917","2026-09-09T04:16:37.450Z",".html"
"04_기관리서치/관계도/원천자료/자치법규/2070889_본문.html","35184","2026-09-09T04:15:03.984Z",".html"
"04_기관리서치/관계도/원천자료/자치법규/2070889_정보.html","70050","2026-09-09T04:15:03.647Z",".html"
"04_기관리서치/관계도/원천자료/자치법규/2074871_본문.html","30292","2026-09-09T04:15:48.833Z",".html"
"04_기관리서치/관계도/원천자료/자치법규/2074871_정보.html","69753","2026-09-09T04:15:48.483Z",".html"
"04_기관리서치/관계도/원천자료/자치법규/2075977_본문.html","36847","2026-09-09T04:15:39.412Z",".html"
"04_기관리서치/관계도/원천자료/자치법규/2075977_정보.html","69756","2026-09-09T04:15:39.059Z",".html"
"04_기관리서치/관계도/원천자료/자치법규/2078145_본문.html","25317","2026-09-09T04:17:22.522Z",".html"
"04_기관리서치/관계도/원천자료/자치법규/2078145_정보.html","69642","2026-09-09T04:17:22.197Z",".html"
"04_기관리서치/관계도/원천자료/자치법규/2078265_본문.html","86800","2026-09-09T04:16:24.032Z",".html"
"04_기관리서치/관계도/원천자료/자치법규/2078265_정보.html","69819","2026-09-09T04:16:23.668Z",".html"
"04_기관리서치/관계도/원천자료/자치법규/2079919_본문.html","24329","2026-09-09T04:15:23.024Z",".html"
"04_기관리서치/관계도/원천자료/자치법규/2079919_정보.html","69923","2026-09-09T04:15:22.735Z",".html"
"04_기관리서치/관계도/원천자료/자치법규/2080625_본문.html","26088","2026-09-09T04:15:52.734Z",".html"
"04_기관리서치/관계도/원천자료/자치법규/2080625_정보.html","69770","2026-09-09T04:15:52.432Z",".html"
"04_기관리서치/관계도/원천자료/자치법규/2081605_본문.html","27040","2026-09-09T04:17:08.316Z",".html"
"04_기관리서치/관계도/원천자료/자치법규/2081605_정보.html","69757","2026-09-09T04:17:08.006Z",".html"
"04_기관리서치/관계도/원천자료/자치법규/2082455_본문.html","39194","2026-09-09T04:16:47.374Z",".html"
"04_기관리서치/관계도/원천자료/자치법규/2082455_정보.html","69675","2026-09-09T04:16:47.039Z",".html"
"04_기관리서치/관계도/원천자료/자치법규/2083729_본문.html","89935","2026-09-09T04:15:10.180Z",".html"
"04_기관리서치/관계도/원천자료/자치법규/2083729_정보.html","69924","2026-09-09T04:15:09.753Z",".html"
"04_기관리서치/관계도/원천자료/자치법규/2085629_본문.html","25410","2026-09-09T04:16:36.288Z",".html"
"04_기관리서치/관계도/원천자료/자치법규/2085629_정보.html","69779","2026-09-09T04:16:35.962Z",".html"
"04_기관리서치/관계도/원천자료/자치법규/2086215_본문.html","27858","2026-09-09T04:17:44.493Z",".html"
"04_기관리서치/관계도/원천자료/자치법규/2086215_정보.html","69591","2026-09-09T04:17:44.176Z",".html"
"04_기관리서치/관계도/원천자료/자치법규/2086693_본문.html","63417","2026-09-09T04:16:29.457Z",".html"
"04_기관리서치/관계도/원천자료/자치법규/2086693_정보.html","69734","2026-09-09T04:16:29.066Z",".html"
"04_기관리서치/관계도/원천자료/자치법규/2087945_본문.html","33463","2026-09-09T04:15:05.380Z",".html"
"04_기관리서치/관계도/원천자료/자치법규/2087945_정보.html","69987","2026-09-09T04:15:05.049Z",".html"
"04_기관리서치/관계도/원천자료/자치법규/2091505_본문.html","23868","2026-09-09T04:16:33.962Z",".html"
"04_기관리서치/관계도/원천자료/자치법규/2091505_정보.html","69662","2026-09-09T04:16:33.659Z",".html"
"04_기관리서치/관계도/원천자료/자치법규/2092577_본문.html","26295","2026-09-09T04:15:06.709Z",".html"
"04_기관리서치/관계도/원천자료/자치법규/2092577_정보.html","69564","2026-09-09T04:15:06.356Z",".html"
"04_기관리서치/관계도/원천자료/자치법규/2094869_본문.html","31770","2026-09-09T04:14:52.645Z",".html"
"04_기관리서치/관계도/원천자료/자치법규/2094869_정보.html","69730","2026-09-09T04:14:52.338Z",".html"
"04_기관리서치/관계도/원천자료/자치법규/2096171_본문.html","37216","2026-09-09T04:16:52.889Z",".html"
"04_기관리서치/관계도/원천자료/자치법규/2096171_정보.html","69685","2026-09-09T04:16:52.593Z",".html"
"04_기관리서치/관계도/원천자료/자치법규/2099025_본문.html","30443","2026-09-09T04:17:06.020Z",".html"
"04_기관리서치/관계도/원천자료/자치법규/2099025_정보.html","69601","2026-09-09T04:17:05.710Z",".html"
"04_기관리서치/관계도/원천자료/자치법규/2099901_본문.html","34439","2026-09-09T04:16:41.327Z",".html"
"04_기관리서치/관계도/원천자료/자치법규/2099901_정보.html","69716","2026-09-09T04:16:41.005Z",".html"
"04_기관리서치/관계도/원천자료/자치법규/2099985_본문.html","34458","2026-09-09T04:15:35.036Z",".html"
"04_기관리서치/관계도/원천자료/자치법규/2099985_정보.html","69760","2026-09-09T04:15:34.727Z",".html"
"04_기관리서치/관계도/원천자료/자치법규/2099999_본문.html","74282","2026-09-09T04:16:41.327Z",".html"
"04_기관리서치/관계도/원천자료/자치법규/2099999_정보.html","69702","2026-09-09T04:16:40.986Z",".html"
"04_기관리서치/관계도/원천자료/자치법규/20a6c693e0b14d9f_링크.html","1196","2026-09-09T04:16:30.045Z",".html"
"04_기관리서치/관계도/원천자료/자치법규/20f216b49f141ce7_링크.html","1278","2026-09-09T04:15:56.531Z",".html"
"04_기관리서치/관계도/원천자료/자치법규/2101733_본문.html","28780","2026-09-09T04:16:59.971Z",".html"
"04_기관리서치/관계도/원천자료/자치법규/2101733_정보.html","69738","2026-09-09T04:16:59.647Z",".html"
"04_기관리서치/관계도/원천자료/자치법규/2104913_본문.html","31416","2026-09-09T04:17:07.855Z",".html"
"04_기관리서치/관계도/원천자료/자치법규/2104913_정보.html","69768","2026-09-09T04:17:07.490Z",".html"
"04_기관리서치/관계도/원천자료/자치법규/2106123_본문.html","31290","2026-09-09T04:17:06.872Z",".html"
"04_기관리서치/관계도/원천자료/자치법규/2106123_정보.html","69615","2026-09-09T04:17:06.446Z",".html"
"04_기관리서치/관계도/원천자료/자치법규/2107597_본문.html","12556","2026-09-09T04:16:18.951Z",".html"
"04_기관리서치/관계도/원천자료/자치법규/2107597_정보.html","69749","2026-09-09T04:16:18.662Z",".html"
"04_기관리서치/관계도/원천자료/자치법규/2110169_본문.html","30250","2026-09-09T04:17:29.459Z",".html"
"04_기관리서치/관계도/원천자료/자치법규/2110169_정보.html","69657","2026-09-09T04:17:29.152Z",".html"
"04_기관리서치/관계도/원천자료/자치법규/2110247_본문.html","38319","2026-09-09T04:16:53.324Z",".html"
"04_기관리서치/관계도/원천자료/자치법규/2110247_정보.html","69611","2026-09-09T04:16:53.034Z",".html"
"04_기관리서치/관계도/원천자료/자치법규/2110253_본문.html","46979","2026-09-09T04:16:53.688Z",".html"
"04_기관리서치/관계도/원천자료/자치법규/2110253_정보.html","69589","2026-09-09T04:16:53.346Z",".html"
"04_기관리서치/관계도/원천자료/자치법규/2110257_본문.html","44866","2026-09-09T04:14:52.224Z",".html"
"04_기관리서치/관계도/원천자료/자치법규/2110257_정보.html","69701","2026-09-09T04:14:51.851Z",".html"
"04_기관리서치/관계도/원천자료/자치법규/2110281_본문.html","54112","2026-09-09T04:14:51.780Z",".html"
"04_기관리서치/관계도/원천자료/자치법규/2110281_정보.html","69759","2026-09-09T04:14:51.415Z",".html"
"04_기관리서치/관계도/원천자료/자치법규/2113425_본문.html","21999","2026-09-09T04:17:30.929Z",".html"
"04_기관리서치/관계도/원천자료/자치법규/2113425_정보.html","69620","2026-09-09T04:17:30.613Z",".html"
"04_기관리서치/관계도/원천자료/자치법규/2115037_본문.html","27917","2026-09-09T04:16:31.106Z",".html"
"04_기관리서치/관계도/원천자료/자치법규/2115037_정보.html","69783","2026-09-09T04:16:30.796Z",".html"
"04_기관리서치/관계도/원천자료/자치법규/2116589_본문.html","70353","2026-09-09T04:17:45.321Z",".html"
"04_기관리서치/관계도/원천자료/자치법규/2116589_정보.html","69634","2026-09-09T04:17:44.950Z",".html"
"04_기관리서치/관계도/원천자료/자치법규/2117621_본문.html","28836","2026-09-09T04:15:16.795Z",".html"
"04_기관리서치/관계도/원천자료/자치법규/2117621_정보.html","69747","2026-09-09T04:15:16.522Z",".html"
"04_기관리서치/관계도/원천자료/자치법규/2118303_본문.html","23875","2026-09-09T04:17:26.143Z",".html"
"04_기관리서치/관계도/원천자료/자치법규/2118303_정보.html","69915","2026-09-09T04:17:25.828Z",".html"
"04_기관리서치/관계도/원천자료/자치법규/2119623_본문.html","37853","2026-09-09T04:16:51.403Z",".html"
"04_기관리서치/관계도/원천자료/자치법규/2119623_정보.html","69904","2026-09-09T04:16:51.089Z",".html"
"04_기관리서치/관계도/원천자료/자치법규/2120415_본문.html","60969","2026-09-09T04:16:37.696Z",".html"
"04_기관리서치/관계도/원천자료/자치법규/2120415_정보.html","69564","2026-09-09T04:16:37.354Z",".html"
"04_기관리서치/관계도/원천자료/자치법규/2120419_본문.html","13479","2026-09-09T04:16:46.181Z",".html"
"04_기관리서치/관계도/원천자료/자치법규/2120419_정보.html","69688","2026-09-09T04:16:45.908Z",".html"
"04_기관리서치/관계도/원천자료/자치법규/2121275_본문.html","24947","2026-09-09T04:14:53.629Z",".html"
"04_기관리서치/관계도/원천자료/자치법규/2121275_정보.html","69584","2026-09-09T04:14:53.303Z",".html"
"04_기관리서치/관계도/원천자료/자치법규/2122947_본문.html","69563","2026-09-09T04:17:26.359Z",".html"
"04_기관리서치/관계도/원천자료/자치법규/2122947_정보.html","69674","2026-09-09T04:17:25.933Z",".html"
"04_기관리서치/관계도/원천자료/자치법규/2124681_본문.html","21228","2026-09-09T04:17:21.596Z",".html"
"04_기관리서치/관계도/원천자료/자치법규/2124681_정보.html","69572","2026-09-09T04:17:21.299Z",".html"
"04_기관리서치/관계도/원천자료/자치법규/2124795_본문.html","19166","2026-09-09T04:15:08.420Z",".html"
"04_기관리서치/관계도/원천자료/자치법규/2124795_정보.html","69663","2026-09-09T04:15:08.110Z",".html"
"04_기관리서치/관계도/원천자료/자치법규/2125185_본문.html","29715","2026-09-09T04:16:10.644Z",".html"
"04_기관리서치/관계도/원천자료/자치법규/2125185_정보.html","69635","2026-09-09T04:16:10.296Z",".html"
"04_기관리서치/관계도/원천자료/자치법규/2125459_본문.html","27174","2026-09-09T04:16:09.539Z",".html"
"04_기관리서치/관계도/원천자료/자치법규/2125459_정보.html","69675","2026-09-09T04:16:09.225Z",".html"
"04_기관리서치/관계도/원천자료/자치법규/2126813_본문.html","26258","2026-09-09T04:14:48.370Z",".html"
"04_기관리서치/관계도/원천자료/자치법규/2126813_정보.html","69746","2026-09-09T04:14:48.066Z",".html"
"04_기관리서치/관계도/원천자료/자치법규/2128463_본문.html","32959","2026-09-09T04:17:00.837Z",".html"
"04_기관리서치/관계도/원천자료/자치법규/2128463_정보.html","69672","2026-09-09T04:17:00.522Z",".html"
"04_기관리서치/관계도/원천자료/자치법규/2129071_본문.html","15649","2026-09-09T04:16:45.332Z",".html"
"04_기관리서치/관계도/원천자료/자치법규/2129071_정보.html","69781","2026-09-09T04:16:45.015Z",".html"
"04_기관리서치/관계도/원천자료/자치법규/2129911_본문.html","30307","2026-09-09T04:16:33.078Z",".html"
"04_기관리서치/관계도/원천자료/자치법규/2129911_정보.html","69732","2026-09-09T04:16:32.727Z",".html"
"04_기관리서치/관계도/원천자료/자치법규/2129953_본문.html","38077","2026-09-09T04:17:39.974Z",".html"
"04_기관리서치/관계도/원천자료/자치법규/2129953_정보.html","69656","2026-09-09T04:17:39.645Z",".html"
"04_기관리서치/관계도/원천자료/자치법규/212a36ce8b149d5a_링크.html","1196","2026-09-09T04:15:09.884Z",".html"
"04_기관리서치/관계도/원천자료/자치법규/2136127_본문.html","27460","2026-09-09T04:17:31.279Z",".html"
"04_기관리서치/관계도/원천자료/자치법규/2136127_정보.html","69622","2026-09-09T04:17:30.940Z",".html"
"04_기관리서치/관계도/원천자료/자치법규/2136143_본문.html","24984","2026-09-09T04:16:22.476Z",".html"
"04_기관리서치/관계도/원천자료/자치법규/2136143_정보.html","69662","2026-09-09T04:16:22.159Z",".html"
"04_기관리서치/관계도/원천자료/자치법규/2138219_본문.html","24370","2026-09-09T04:17:41.914Z",".html"
"04_기관리서치/관계도/원천자료/자치법규/2138219_정보.html","69791","2026-09-09T04:17:41.603Z",".html"
"04_기관리서치/관계도/원천자료/자치법규/2139443_본문.html","30541","2026-09-09T04:16:26.794Z",".html"
"04_기관리서치/관계도/원천자료/자치법규/2139443_정보.html","69736","2026-09-09T04:16:26.475Z",".html"
"04_기관리서치/관계도/원천자료/자치법규/2139769_본문.html","32174","2026-09-09T04:17:03.355Z",".html"
"04_기관리서치/관계도/원천자료/자치법규/2139769_정보.html","69652","2026-09-09T04:17:03.021Z",".html"
"04_기관리서치/관계도/원천자료/자치법규/2151169_본문.html","39387","2026-09-09T04:16:21.566Z",".html"
"04_기관리서치/관계도/원천자료/자치법규/2151169_정보.html","69915","2026-09-09T04:16:21.224Z",".html"
"04_기관리서치/관계도/원천자료/자치법규/2152043_본문.html","45791","2026-09-09T04:15:37.390Z",".html"
"04_기관리서치/관계도/원천자료/자치법규/2152043_정보.html","69797","2026-09-09T04:15:37.049Z",".html"
"04_기관리서치/관계도/원천자료/자치법규/2154e6532c39ccd4_링크.html","1196","2026-09-09T04:16:14.908Z",".html"
"04_기관리서치/관계도/원천자료/자치법규/2155593_본문.html","25163","2026-09-09T04:16:32.110Z",".html"
"04_기관리서치/관계도/원천자료/자치법규/2155593_정보.html","69674","2026-09-09T04:16:31.743Z",".html"
"04_기관리서치/관계도/원천자료/자치법규/2156523_본문.html","28513","2026-09-09T04:15:50.885Z",".html"
"04_기관리서치/관계도/원천자료/자치법규/2156523_정보.html","69685","2026-09-09T04:15:50.571Z",".html"
"04_기관리서치/관계도/원천자료/자치법규/2160809_본문.html","36387","2026-09-09T04:15:09.346Z",".html"
"04_기관리서치/관계도/원천자료/자치법규/2160809_정보.html","69726","2026-09-09T04:15:09.025Z",".html"
"04_기관리서치/관계도/원천자료/자치법규/2161111_본문.html","20787","2026-09-09T04:16:56.738Z",".html"
"04_기관리서치/관계도/원천자료/자치법규/2161111_정보.html","69678","2026-09-09T04:16:56.405Z",".html"
"04_기관리서치/관계도/원천자료/자치법규/2161899_본문.html","40880","2026-09-09T04:15:51.834Z",".html"
"04_기관리서치/관계도/원천자료/자치법규/2161899_정보.html","69873","2026-09-09T04:15:51.473Z",".html"
"04_기관리서치/관계도/원천자료/자치법규/2164235_본문.html","30638","2026-09-09T04:15:52.132Z",".html"
"04_기관리서치/관계도/원천자료/자치법규/2164235_정보.html","69724","2026-09-09T04:15:51.758Z",".html"
"04_기관리서치/관계도/원천자료/자치법규/2165517_본문.html","31487","2026-09-09T04:16:17.643Z",".html"
"04_기관리서치/관계도/원천자료/자치법규/2165517_정보.html","69669","2026-09-09T04:16:17.308Z",".html"
"04_기관리서치/관계도/원천자료/자치법규/217174abcd6ac6d7_링크.html","1196","2026-09-09T04:15:57.901Z",".html"
"04_기관리서치/관계도/원천자료/자치법규/219f3053da4c38ca_링크.html","1196","2026-09-09T04:16:39.513Z",".html"
"04_기관리서치/관계도/원천자료/자치법규/21a301db7f51ad5b_링크.html","1196","2026-09-09T04:16:53.980Z",".html"
"04_기관리서치/관계도/원천자료/자치법규/21fe1dec9218f8e4_링크.html","1281","2026-09-09T04:14:53.778Z",".html"
"04_기관리서치/관계도/원천자료/자치법규/2225e9339af430bb_링크.html","1285","2026-09-09T04:17:36.990Z",".html"
"04_기관리서치/관계도/원천자료/자치법규/222edcec3448d72c_링크.html","1299","2026-09-09T04:15:35.282Z",".html"
"04_기관리서치/관계도/원천자료/자치법규/230b3f382c73d9a4_링크.html","1275","2026-09-09T04:16:07.091Z",".html"
"04_기관리서치/관계도/원천자료/자치법규/231b0e2b7ef8bc2e_링크.html","1280","2026-09-09T04:16:12.372Z",".html"
"04_기관리서치/관계도/원천자료/자치법규/23590bf4ba9c7ac1_링크.html","1300","2026-09-09T04:15:19.522Z",".html"
"04_기관리서치/관계도/원천자료/자치법규/23a54daa901ac996_링크.html","1196","2026-09-09T04:15:07.464Z",".html"
"04_기관리서치/관계도/원천자료/자치법규/23e326f07febaa3c_링크.html","1196","2026-09-09T04:15:53.035Z",".html"
"04_기관리서치/관계도/원천자료/자치법규/242fde5c51531a01_링크.html","1269","2026-09-09T04:16:02.623Z",".html"
"04_기관리서치/관계도/원천자료/자치법규/25855891530e57ce_링크.html","1287","2026-09-09T04:17:24.626Z",".html"
"04_기관리서치/관계도/원천자료/자치법규/2688c68f15cd4c00_링크.html","1305","2026-09-09T04:17:26.076Z",".html"
"04_기관리서치/관계도/원천자료/자치법규/26f08999922e0048_링크.html","1306","2026-09-09T04:15:36.731Z",".html"
"04_기관리서치/관계도/원천자료/자치법규/2719c7bec1867c0e_링크.html","1303","2026-09-09T04:17:42.700Z",".html"
"04_기관리서치/관계도/원천자료/자치법규/271a2be5675a8d6a_링크.html","1271","2026-09-09T04:16:52.996Z",".html"
"04_기관리서치/관계도/원천자료/자치법규/27338916788a8c05_링크.html","1295","2026-09-09T04:17:18.258Z",".html"
"04_기관리서치/관계도/원천자료/자치법규/274f594f2fd94687_링크.html","1285","2026-09-09T04:15:24.564Z",".html"
"04_기관리서치/관계도/원천자료/자치법규/27544d96c3b8d097_링크.html","1196","2026-09-09T04:15:48.352Z",".html"
"04_기관리서치/관계도/원천자료/자치법규/283e75acab5b5d47_링크.html","1306","2026-09-09T04:17:40.338Z",".html"
"04_기관리서치/관계도/원천자료/자치법규/2881e9a80e9f0d1a_링크.html","1196","2026-09-09T04:17:07.142Z",".html"
"04_기관리서치/관계도/원천자료/자치법규/28b0e3d04cf38ce4_링크.html","1257","2026-09-09T04:15:23.577Z",".html"
"04_기관리서치/관계도/원천자료/자치법규/28f2dfe529dab91c_링크.html","1282","2026-09-09T04:14:45.665Z",".html"
"04_기관리서치/관계도/원천자료/자치법규/2936cfa9889baf5c_링크.html","1196","2026-09-09T04:17:28.541Z",".html"
"04_기관리서치/관계도/원천자료/자치법규/296a42b4204fd485_링크.html","1282","2026-09-09T04:16:05.641Z",".html"
"04_기관리서치/관계도/원천자료/자치법규/29779cc8f1314c0e_링크.html","1278","2026-09-09T04:15:40.834Z",".html"
"04_기관리서치/관계도/원천자료/자치법규/2a5282af73b93c08_링크.html","1309","2026-09-09T04:15:12.258Z",".html"
"04_기관리서치/관계도/원천자료/자치법규/2a5612ce56f59fca_링크.html","1262","2026-09-09T04:16:23.314Z",".html"
"04_기관리서치/관계도/원천자료/자치법규/2a8ec3f48c2a597d_링크.html","1196","2026-09-09T04:17:12.722Z",".html"
"04_기관리서치/관계도/원천자료/자치법규/2aa6bc5b33182b63_링크.html","1287","2026-09-09T04:15:11.317Z",".html"
"04_기관리서치/관계도/원천자료/자치법규/2acd44602b2d5cfd_링크.html","1311","2026-09-09T04:15:56.320Z",".html"
"04_기관리서치/관계도/원천자료/자치법규/2c1a5c63b117ece1_링크.html","1291","2026-09-09T04:15:09.600Z",".html"
"04_기관리서치/관계도/원천자료/자치법규/2c33b85843df2728_링크.html","1276","2026-09-09T04:17:16.469Z",".html"
"04_기관리서치/관계도/원천자료/자치법규/2c9df7b1b29aa784_링크.html","1276","2026-09-09T04:17:36.870Z",".html"
"04_기관리서치/관계도/원천자료/자치법규/2cb061cad19ac449_링크.html","1307","2026-09-09T04:16:38.920Z",".html"
"04_기관리서치/관계도/원천자료/자치법규/2d0fab71568cbca7_링크.html","1296","2026-09-09T04:15:12.848Z",".html"
"04_기관리서치/관계도/원천자료/자치법규/2d40fc74a44110c2_링크.html","1196","2026-09-09T04:16:09.356Z",".html"
"04_기관리서치/관계도/원천자료/자치법규/2dcd24dda3a85e73_링크.html","1285","2026-09-09T04:15:05.651Z",".html"
"04_기관리서치/관계도/원천자료/자치법규/2de61131e60ab2e8_링크.html","1279","2026-09-09T04:16:50.383Z",".html"
"04_기관리서치/관계도/원천자료/자치법규/2e7f15bb8cbad4c3_링크.html","1290","2026-09-09T04:15:39.969Z",".html"
"04_기관리서치/관계도/원천자료/자치법규/2ed458b8362e4637_링크.html","1196","2026-09-09T04:14:43.432Z",".html"
"04_기관리서치/관계도/원천자료/자치법규/2f40a31241cd5479_링크.html","1196","2026-09-09T04:14:50.543Z",".html"
"04_기관리서치/관계도/원천자료/자치법규/2f7bc8e36094ca83_링크.html","1196","2026-09-09T04:14:57.165Z",".html"
"04_기관리서치/관계도/원천자료/자치법규/2fe07d3d317e301e_링크.html","1283","2026-09-09T04:15:51.036Z",".html"
"04_기관리서치/관계도/원천자료/자치법규/303f8fa5176c6766_링크.html","1272","2026-09-09T04:16:57.521Z",".html"
"04_기관리서치/관계도/원천자료/자치법규/31335a12524ec67f_링크.html","1295","2026-09-09T04:15:27.565Z",".html"
"04_기관리서치/관계도/원천자료/자치법규/313530fcb18a1a00_링크.html","1305","2026-09-09T04:17:26.947Z",".html"
"04_기관리서치/관계도/원천자료/자치법규/3140aebc391e5ccd_링크.html","1196","2026-09-09T04:15:31.472Z",".html"
"04_기관리서치/관계도/원천자료/자치법규/31ed3bcee2d75e2a_링크.html","1281","2026-09-09T04:17:21.866Z",".html"
"04_기관리서치/관계도/원천자료/자치법규/31f41af2990a8169_링크.html","1293","2026-09-09T04:15:18.308Z",".html"
"04_기관리서치/관계도/원천자료/자치법규/3225d2d8f5e35eb6_링크.html","1196","2026-09-09T04:16:10.950Z",".html"
"04_기관리서치/관계도/원천자료/자치법규/323f8cfbc8217dab_링크.html","1289","2026-09-09T04:16:40.664Z",".html"
"04_기관리서치/관계도/원천자료/자치법규/3249a718dd23a959_링크.html","1196","2026-09-09T04:15:01.648Z",".html"
"04_기관리서치/관계도/원천자료/자치법규/32d9500eb0cf43da_링크.html","1284","2026-09-09T04:17:04.926Z",".html"
"04_기관리서치/관계도/원천자료/자치법규/33bdd05c221e9d6a_링크.html","1274","2026-09-09T04:14:48.232Z",".html"
"04_기관리서치/관계도/원천자료/자치법규/34443c3203bc84be_링크.html","1308","2026-09-09T04:15:39.359Z",".html"
"04_기관리서치/관계도/원천자료/자치법규/34d0a4c9600d96fd_링크.html","1316","2026-09-09T04:15:16.195Z",".html"
"04_기관리서치/관계도/원천자료/자치법규/3523505806b9e361_링크.html","1278","2026-09-09T04:16:20.659Z",".html"
"04_기관리서치/관계도/원천자료/자치법규/3523ac2f46548a5e_링크.html","1286","2026-09-09T04:14:50.792Z",".html"
"04_기관리서치/관계도/원천자료/자치법규/3528415783bff401_링크.html","1293","2026-09-09T04:16:24.547Z",".html"
"04_기관리서치/관계도/원천자료/자치법규/353398c35a6a8653_링크.html","1285","2026-09-09T04:17:04.201Z",".html"
"04_기관리서치/관계도/원천자료/자치법규/35e5c09ee789f64c_링크.html","1291","2026-09-09T04:16:00.719Z",".html"
"04_기관리서치/관계도/원천자료/자치법규/3613d428a639c812_링크.html","1299","2026-09-09T04:16:46.035Z",".html"
"04_기관리서치/관계도/원천자료/자치법규/37255eab70234dd9_링크.html","1299","2026-09-09T04:17:07.662Z",".html"
"04_기관리서치/관계도/원천자료/자치법규/3766647cd159a01a_링크.html","1269","2026-09-09T04:17:20.757Z",".html"
"04_기관리서치/관계도/원천자료/자치법규/37b13a0753036430_링크.html","1196","2026-09-09T04:17:09.660Z",".html"
"04_기관리서치/관계도/원천자료/자치법규/3857d925d4323613_링크.html","1285","2026-09-09T04:16:30.589Z",".html"
"04_기관리서치/관계도/원천자료/자치법규/3871ebaa6f626e4e_링크.html","1286","2026-09-09T04:14:46.574Z",".html"
"04_기관리서치/관계도/원천자료/자치법규/389fce96901a77b4_링크.html","1278","2026-09-09T04:16:22.109Z",".html"
"04_기관리서치/관계도/원천자료/자치법규/38bcd31a4d19491a_링크.html","1279","2026-09-09T04:17:27.683Z",".html"
"04_기관리서치/관계도/원천자료/자치법규/38bff47732daae58_링크.html","1282","2026-09-09T04:16:18.796Z",".html"
"04_기관리서치/관계도/원천자료/자치법규/38cf11a82d778e7d_링크.html","1301","2026-09-09T04:15:27.598Z",".html"
"04_기관리서치/관계도/원천자료/자치법규/3914a71104aeb1a7_링크.html","1287","2026-09-09T04:16:53.584Z",".html"
"04_기관리서치/관계도/원천자료/자치법규/3a7d47c49bfcefcf_링크.html","1196","2026-09-09T04:15:24.589Z",".html"
"04_기관리서치/관계도/원천자료/자치법규/3a82bb4e9bdbd7ad_링크.html","1196","2026-09-09T04:17:20.518Z",".html"
"04_기관리서치/관계도/원천자료/자치법규/3ac8a5cff21f1bcb_링크.html","1303","2026-09-09T04:14:57.409Z",".html"
"04_기관리서치/관계도/원천자료/자치법규/3b29cc6788091dbd_링크.html","1282","2026-09-09T04:16:46.456Z",".html"
"04_기관리서치/관계도/원천자료/자치법규/3b6dd46a548c0d35_링크.html","1196","2026-09-09T04:15:44.841Z",".html"
"04_기관리서치/관계도/원천자료/자치법규/3be2d58f77c5462e_링크.html","1279","2026-09-09T04:17:02.712Z",".html"
"04_기관리서치/관계도/원천자료/자치법규/3c2a04217fa54f3f_링크.html","1283","2026-09-09T04:15:03.534Z",".html"
"04_기관리서치/관계도/원천자료/자치법규/3d57174817f4e6cb_링크.html","1272","2026-09-09T04:17:05.403Z",".html"
"04_기관리서치/관계도/원천자료/자치법규/3d78469a95f8d1eb_링크.html","1281","2026-09-09T04:17:01.770Z",".html"
"04_기관리서치/관계도/원천자료/자치법규/3d95357190f7d8e5_링크.html","1196","2026-09-09T04:16:56.102Z",".html"
"04_기관리서치/관계도/원천자료/자치법규/3dd7d7cc7d7e397c_링크.html","1286","2026-09-09T04:16:40.657Z",".html"
"04_기관리서치/관계도/원천자료/자치법규/3de921c07996bd73_링크.html","1196","2026-09-09T04:17:03.639Z",".html"
"04_기관리서치/관계도/원천자료/자치법규/3e2554ccd5b91ebf_링크.html","1312","2026-09-09T04:17:17.796Z",".html"
"04_기관리서치/관계도/원천자료/자치법규/3ef15c012256f91f_링크.html","1196","2026-09-09T04:16:36.584Z",".html"
"04_기관리서치/관계도/원천자료/자치법규/3f6003e3cb6c2a38_링크.html","1196","2026-09-09T04:16:30.330Z",".html"
"04_기관리서치/관계도/원천자료/자치법규/3fa887768da6d537_링크.html","1298","2026-09-09T04:14:59.473Z",".html"
"04_기관리서치/관계도/원천자료/자치법규/3fab59499dda9e70_링크.html","1301","2026-09-09T04:14:41.212Z",".html"
"04_기관리서치/관계도/원천자료/자치법규/40735b48c4db9150_링크.html","1257","2026-09-09T04:16:49.867Z",".html"
"04_기관리서치/관계도/원천자료/자치법규/40739dfde199efbb_링크.html","1288","2026-09-09T04:16:56.658Z",".html"
"04_기관리서치/관계도/원천자료/자치법규/407e961e151a8abe_링크.html","1310","2026-09-09T04:17:43.616Z",".html"
"04_기관리서치/관계도/원천자료/자치법규/40a19ebc9a8c0beb_링크.html","1275","2026-09-09T04:17:12.900Z",".html"
"04_기관리서치/관계도/원천자료/자치법규/40d89971ba280d04_링크.html","1291","2026-09-09T04:15:32.855Z",".html"
"04_기관리서치/관계도/원천자료/자치법규/41de4acda8c62a4d_링크.html","1297","2026-09-09T04:14:47.732Z",".html"
"04_기관리서치/관계도/원천자료/자치법규/41fb5b202a6a4016_링크.html","1279","2026-09-09T04:17:19.427Z",".html"
"04_기관리서치/관계도/원천자료/자치법규/4355f72e6cdb94c0_링크.html","1196","2026-09-09T04:17:25.825Z",".html"
"04_기관리서치/관계도/원천자료/자치법규/4398339ebd378aa9_링크.html","1196","2026-09-09T04:16:41.836Z",".html"
"04_기관리서치/관계도/원천자료/자치법규/43e04f2234515d0c_링크.html","1196","2026-09-09T04:16:16.666Z",".html"
"04_기관리서치/관계도/원천자료/자치법규/446601ca08f0ccd7_링크.html","1313","2026-09-09T04:16:28.162Z",".html"
"04_기관리서치/관계도/원천자료/자치법규/446ce628d0f6490a_링크.html","1196","2026-09-09T04:16:23.044Z",".html"
"04_기관리서치/관계도/원천자료/자치법규/45397ee20106ca54_링크.html","1290","2026-09-09T04:15:01.897Z",".html"
"04_기관리서치/관계도/원천자료/자치법규/45a6cecccf87774a_링크.html","1298","2026-09-09T04:14:43.001Z",".html"
"04_기관리서치/관계도/원천자료/자치법규/462b06ee77320d1a_링크.html","1304","2026-09-09T04:16:35.265Z",".html"
"04_기관리서치/관계도/원천자료/자치법규/463bdb35e2da6fa3_링크.html","1196","2026-09-09T04:15:54.741Z",".html"
"04_기관리서치/관계도/원천자료/자치법규/46b1e764c1ce7b3f_링크.html","1196","2026-09-09T04:16:48.582Z",".html"
"04_기관리서치/관계도/원천자료/자치법규/46bcc6265a05fa77_링크.html","1281","2026-09-09T04:17:08.740Z",".html"
"04_기관리서치/관계도/원천자료/자치법규/46e52fbd5fefdb7d_링크.html","1287","2026-09-09T04:15:28.757Z",".html"
"04_기관리서치/관계도/원천자료/자치법규/4724437ca3dc2f2f_링크.html","1287","2026-09-09T04:16:20.089Z",".html"
"04_기관리서치/관계도/원천자료/자치법규/4738a2211cf024e8_링크.html","1317","2026-09-09T04:16:27.646Z",".html"
"04_기관리서치/관계도/원천자료/자치법규/47689eefdb73b98e_링크.html","1312","2026-09-09T04:14:41.209Z",".html"
"04_기관리서치/관계도/원천자료/자치법규/47b561d0ce6d1ae8_링크.html","1283","2026-09-09T04:15:55.653Z",".html"
"04_기관리서치/관계도/원천자료/자치법규/47c2a12ebfeaa4ad_링크.html","1279","2026-09-09T04:16:09.958Z",".html"
"04_기관리서치/관계도/원천자료/자치법규/48270fdf620d1a38_링크.html","1196","2026-09-09T04:15:31.300Z",".html"
"04_기관리서치/관계도/원천자료/자치법규/484f56b73b4395ef_링크.html","1279","2026-09-09T04:17:11.809Z",".html"
"04_기관리서치/관계도/원천자료/자치법규/48bf9f6a79881a80_링크.html","1268","2026-09-09T04:17:24.583Z",".html"
"04_기관리서치/관계도/원천자료/자치법규/48f6fa9ee1a78a4a_링크.html","1305","2026-09-09T04:15:36.631Z",".html"
"04_기관리서치/관계도/원천자료/자치법규/4962f6c40052c282_링크.html","1280","2026-09-09T04:15:41.365Z",".html"
"04_기관리서치/관계도/원천자료/자치법규/49db9ef58eca2e03_링크.html","1265","2026-09-09T04:16:42.097Z",".html"
"04_기관리서치/관계도/원천자료/자치법규/4a1d312d817e3723_링크.html","1299","2026-09-09T04:16:26.626Z",".html"
"04_기관리서치/관계도/원천자료/자치법규/4a5552997a8c40ec_링크.html","1196","2026-09-09T04:16:12.768Z",".html"
"04_기관리서치/관계도/원천자료/자치법규/4b4e7dfc48f82d42_링크.html","1196","2026-09-09T04:14:59.219Z",".html"
"04_기관리서치/관계도/원천자료/자치법규/4bbf1a0017a8c9ed_링크.html","1291","2026-09-09T04:16:47.895Z",".html"
"04_기관리서치/관계도/원천자료/자치법규/4bc9ef4bc6502d14_링크.html","1280","2026-09-09T04:15:04.016Z",".html"
"04_기관리서치/관계도/원천자료/자치법규/4c53ef7d4ac42827_링크.html","1275","2026-09-09T04:16:39.766Z",".html"
"04_기관리서치/관계도/원천자료/자치법규/4c5e542394c62fe0_링크.html","1288","2026-09-09T04:16:13.276Z",".html"
"04_기관리서치/관계도/원천자료/자치법규/4c9034cf677d0e34_링크.html","1276","2026-09-09T04:15:09.407Z",".html"
"04_기관리서치/관계도/원천자료/자치법규/4cdc00f0ac16b4cf_링크.html","1295","2026-09-09T04:17:23.052Z",".html"
"04_기관리서치/관계도/원천자료/자치법규/4d242f074a0859f0_링크.html","1300","2026-09-09T04:17:23.956Z",".html"
"04_기관리서치/관계도/원천자료/자치법규/4d6e9a8833e196f1_링크.html","1278","2026-09-09T04:16:11.780Z",".html"
"04_기관리서치/관계도/원천자료/자치법규/4e3c9016b952f517_링크.html","1301","2026-09-09T04:15:26.689Z",".html"
"04_기관리서치/관계도/원천자료/자치법규/4f3136134950e534_링크.html","1299","2026-09-09T04:15:37.647Z",".html"
"04_기관리서치/관계도/원천자료/자치법규/4f8e928310ce6139_링크.html","1273","2026-09-09T04:16:37.095Z",".html"
"04_기관리서치/관계도/원천자료/자치법규/5057f7bebf56fc0c_링크.html","1279","2026-09-09T04:16:08.010Z",".html"
"04_기관리서치/관계도/원천자료/자치법규/5076055e67549430_링크.html","1285","2026-09-09T04:15:45.354Z",".html"
"04_기관리서치/관계도/원천자료/자치법규/51a97758d53cc423_링크.html","1298","2026-09-09T04:14:48.623Z",".html"
"04_기관리서치/관계도/원천자료/자치법규/51e7a9eafcbe5e6b_링크.html","1293","2026-09-09T04:14:43.959Z",".html"
"04_기관리서치/관계도/원천자료/자치법규/522050e3c31ca638_링크.html","1275","2026-09-09T04:17:25.525Z",".html"
"04_기관리서치/관계도/원천자료/자치법규/52cf1db08a7de000_링크.html","1278","2026-09-09T04:15:52.388Z",".html"
"04_기관리서치/관계도/원천자료/자치법규/53572914c83ae160_링크.html","1311","2026-09-09T04:15:38.372Z",".html"
"04_기관리서치/관계도/원천자료/자치법규/537591c787d46c73_링크.html","1196","2026-09-09T04:16:30.260Z",".html"
"04_기관리서치/관계도/원천자료/자치법규/53c791defac6cae6_링크.html","1283","2026-09-09T04:16:25.530Z",".html"
"04_기관리서치/관계도/원천자료/자치법규/5429621ebd0974a0_링크.html","1196","2026-09-09T04:15:02.968Z",".html"
"04_기관리서치/관계도/원천자료/자치법규/54b5276b15d2ea88_링크.html","1297","2026-09-09T04:14:54.716Z",".html"
"04_기관리서치/관계도/원천자료/자치법규/5516615294bded0b_링크.html","1283","2026-09-09T04:16:11.574Z",".html"
"04_기관리서치/관계도/원천자료/자치법규/55299ce349d6df0d_링크.html","1196","2026-09-09T04:14:57.868Z",".html"
"04_기관리서치/관계도/원천자료/자치법규/553b314ad1c513d1_링크.html","1286","2026-09-09T04:16:27.054Z",".html"
"04_기관리서치/관계도/원천자료/자치법규/557b9aa573253f53_링크.html","1286","2026-09-09T04:14:52.805Z",".html"
"04_기관리서치/관계도/원천자료/자치법규/55b1be3107dafc68_링크.html","1196","2026-09-09T04:16:49.699Z",".html"
"04_기관리서치/관계도/원천자료/자치법규/56193c8fc10c2253_링크.html","1285","2026-09-09T04:15:51.963Z",".html"
"04_기관리서치/관계도/원천자료/자치법규/5639d0db4b21f2d4_링크.html","1279","2026-09-09T04:17:39.123Z",".html"
"04_기관리서치/관계도/원천자료/자치법규/56a26ef01b2cfbb9_링크.html","1272","2026-09-09T04:17:36.891Z",".html"
"04_기관리서치/관계도/원천자료/자치법규/56c4c88c86fd1a23_링크.html","1196","2026-09-09T04:17:38.881Z",".html"
"04_기관리서치/관계도/원천자료/자치법규/5744b4ed5af11dfa_링크.html","1305","2026-09-09T04:17:41.236Z",".html"
"04_기관리서치/관계도/원천자료/자치법규/575539cb2528acda_링크.html","1285","2026-09-09T04:14:57.622Z",".html"
"04_기관리서치/관계도/원천자료/자치법규/57c5ed293cbe7277_링크.html","1299","2026-09-09T04:16:45.468Z",".html"
"04_기관리서치/관계도/원천자료/자치법규/58315a9f0973ae05_링크.html","1196","2026-09-09T04:17:30.032Z",".html"
"04_기관리서치/관계도/원천자료/자치법규/58ef235ba32c62fa_링크.html","1272","2026-09-09T04:16:34.162Z",".html"
"04_기관리서치/관계도/원천자료/자치법규/58f1fee9bf3e772c_링크.html","1301","2026-09-09T04:16:35.632Z",".html"
"04_기관리서치/관계도/원천자료/자치법규/5925a0c911942246_링크.html","1288","2026-09-09T04:15:04.723Z",".html"
"04_기관리서치/관계도/원천자료/자치법규/594e26e004999386_링크.html","1278","2026-09-09T04:16:53.134Z",".html"
"04_기관리서치/관계도/원천자료/자치법규/5978f2e0980aca3d_링크.html","1196","2026-09-09T04:14:42.449Z",".html"
"04_기관리서치/관계도/원천자료/자치법규/59b0e8d6f6c43482_링크.html","1277","2026-09-09T04:14:49.765Z",".html"
"04_기관리서치/관계도/원천자료/자치법규/5a4e7ffbbde3b293_링크.html","1300","2026-09-09T04:16:54.917Z",".html"
"04_기관리서치/관계도/원천자료/자치법규/5a547da77911129c_링크.html","1325","2026-09-09T04:16:29.023Z",".html"
"04_기관리서치/관계도/원천자료/자치법규/5af9fbaa4c2723ef_링크.html","1263","2026-09-09T04:15:24.836Z",".html"
"04_기관리서치/관계도/원천자료/자치법규/5b1b5d012e88244b_링크.html","1267","2026-09-09T04:16:41.594Z",".html"
"04_기관리서치/관계도/원천자료/자치법규/5b4fded2aa1f7d36_링크.html","1308","2026-09-09T04:16:31.462Z",".html"
"04_기관리서치/관계도/원천자료/자치법규/5b9957da3586163f_링크.html","1274","2026-09-09T04:15:06.982Z",".html"
"04_기관리서치/관계도/원천자료/자치법규/5bb46a21b58c8f4c_링크.html","1301","2026-09-09T04:15:06.031Z",".html"
"04_기관리서치/관계도/원천자료/자치법규/5bb76fcb3e34f194_링크.html","1290","2026-09-09T04:15:13.174Z",".html"
"04_기관리서치/관계도/원천자료/자치법규/5c9b3c02401245aa_링크.html","1196","2026-09-09T04:17:00.018Z",".html"
"04_기관리서치/관계도/원천자료/자치법규/5d9a738df3193cf8_링크.html","1293","2026-09-09T04:16:12.672Z",".html"
"04_기관리서치/관계도/원천자료/자치법규/5e385697a5ef8fa9_링크.html","1294","2026-09-09T04:15:21.532Z",".html"
"04_기관리서치/관계도/원천자료/자치법규/5e3f8c1b6a2ca1c5_링크.html","1196","2026-09-09T04:15:12.301Z",".html"
"04_기관리서치/관계도/원천자료/자치법규/5e77a7e82496b699_링크.html","1297","2026-09-09T04:15:34.216Z",".html"
"04_기관리서치/관계도/원천자료/자치법규/5eef17640d3aee01_링크.html","1196","2026-09-09T04:15:54.551Z",".html"
"04_기관리서치/관계도/원천자료/자치법규/5efb4307907e54f3_링크.html","1196","2026-09-09T04:17:02.709Z",".html"
"04_기관리서치/관계도/원천자료/자치법규/5f12b4ffd4b17cf3_링크.html","1284","2026-09-09T04:15:01.077Z",".html"
"04_기관리서치/관계도/원천자료/자치법규/5f2f5c5822b05a6e_링크.html","1196","2026-09-09T04:15:58.480Z",".html"
"04_기관리서치/관계도/원천자료/자치법규/5f4793ebec4802ad_링크.html","1196","2026-09-09T04:17:24.011Z",".html"
"04_기관리서치/관계도/원천자료/자치법규/601ac98397b9e4f3_링크.html","1285","2026-09-09T04:17:25.603Z",".html"
"04_기관리서치/관계도/원천자료/자치법규/603c14f13fb45531_링크.html","1266","2026-09-09T04:15:46.210Z",".html"
"04_기관리서치/관계도/원천자료/자치법규/60ead3eb919e54cf_링크.html","1196","2026-09-09T04:16:00.022Z",".html"
"04_기관리서치/관계도/원천자료/자치법규/60ed734ca01866a7_링크.html","1196","2026-09-09T04:16:27.628Z",".html"
"04_기관리서치/관계도/원천자료/자치법규/61119506ee012c08_링크.html","1284","2026-09-09T04:16:19.216Z",".html"
"04_기관리서치/관계도/원천자료/자치법규/6121e9a75ed092ec_링크.html","1196","2026-09-09T04:17:20.492Z",".html"
"04_기관리서치/관계도/원천자료/자치법규/612be9ab61001e74_링크.html","1274","2026-09-09T04:16:57.835Z",".html"
"04_기관리서치/관계도/원천자료/자치법규/6257dc9bc6bfa4e7_링크.html","1283","2026-09-09T04:16:06.657Z",".html"
"04_기관리서치/관계도/원천자료/자치법규/6269c9542288406a_링크.html","1296","2026-09-09T04:17:23.010Z",".html"
"04_기관리서치/관계도/원천자료/자치법규/629a981bacc88ef5_링크.html","1293","2026-09-09T04:15:00.771Z",".html"
"04_기관리서치/관계도/원천자료/자치법규/62a95d8d88e00c85_링크.html","1285","2026-09-09T04:17:11.790Z",".html"
"04_기관리서치/관계도/원천자료/자치법규/62f8f2bdaa626dd4_링크.html","1196","2026-09-09T04:15:42.953Z",".html"
"04_기관리서치/관계도/원천자료/자치법규/63856e56fbd29b16_링크.html","1196","2026-09-09T04:16:03.558Z",".html"
"04_기관리서치/관계도/원천자료/자치법규/63cc71100ee3ac2f_링크.html","1196","2026-09-09T04:15:36.336Z",".html"
"04_기관리서치/관계도/원천자료/자치법규/6412d2ec278fb895_링크.html","1278","2026-09-09T04:15:22.386Z",".html"
"04_기관리서치/관계도/원천자료/자치법규/64550065eef6911f_링크.html","1272","2026-09-09T04:16:05.792Z",".html"
"04_기관리서치/관계도/원천자료/자치법규/645a94633a33f85d_링크.html","1278","2026-09-09T04:14:48.872Z",".html"
"04_기관리서치/관계도/원천자료/자치법규/64d80c5e2d6ac02b_링크.html","1287","2026-09-09T04:15:12.571Z",".html"
"04_기관리서치/관계도/원천자료/자치법규/65175d24566d1b35_링크.html","1196","2026-09-09T04:15:32.053Z",".html"
"04_기관리서치/관계도/원천자료/자치법규/6558adba87ee874d_링크.html","1285","2026-09-09T04:17:23.645Z",".html"
"04_기관리서치/관계도/원천자료/자치법규/65894fce529cd216_링크.html","1196","2026-09-09T04:16:08.755Z",".html"
"04_기관리서치/관계도/원천자료/자치법규/6595d38ac198d62a_링크.html","1299","2026-09-09T04:16:37.988Z",".html"
"04_기관리서치/관계도/원천자료/자치법규/659952f67b4482a2_링크.html","1196","2026-09-09T04:15:04.278Z",".html"
"04_기관리서치/관계도/원천자료/자치법규/65f3edb813dbc7ba_링크.html","1301","2026-09-09T04:16:44.300Z",".html"
"04_기관리서치/관계도/원천자료/자치법규/66b6b4bd3bade3bb_링크.html","1196","2026-09-09T04:17:37.804Z",".html"
"04_기관리서치/관계도/원천자료/자치법규/671317_본문.html","15644","2026-09-09T04:14:41.944Z",".html"
"04_기관리서치/관계도/원천자료/자치법규/671317_정보.html","69597","2026-09-09T04:14:41.643Z",".html"
"04_기관리서치/관계도/원천자료/자치법규/6715f9668f7ac08b_링크.html","1297","2026-09-09T04:15:32.350Z",".html"
"04_기관리서치/관계도/원천자료/자치법규/673423_본문.html","9538","2026-09-09T04:15:49.233Z",".html"
"04_기관리서치/관계도/원천자료/자치법규/673423_정보.html","69592","2026-09-09T04:15:48.968Z",".html"
"04_기관리서치/관계도/원천자료/자치법규/6802b5cebb388e31_링크.html","1268","2026-09-09T04:15:51.137Z",".html"
"04_기관리서치/관계도/원천자료/자치법규/687e8236aa864150_링크.html","1282","2026-09-09T04:17:39.279Z",".html"
"04_기관리서치/관계도/원천자료/자치법규/689624_본문.html","19186","2026-09-09T04:16:27.260Z",".html"
"04_기관리서치/관계도/원천자료/자치법규/689624_정보.html","69748","2026-09-09T04:16:26.952Z",".html"
"04_기관리서치/관계도/원천자료/자치법규/69830116371aae7b_링크.html","1265","2026-09-09T04:15:49.118Z",".html"
"04_기관리서치/관계도/원천자료/자치법규/699e0996f9050083_링크.html","1196","2026-09-09T04:15:56.046Z",".html"
"04_기관리서치/관계도/원천자료/자치법규/69d6c22358a509e0_링크.html","1266","2026-09-09T04:15:04.813Z",".html"
"04_기관리서치/관계도/원천자료/자치법규/6a402d9acf8dbaf7_링크.html","1284","2026-09-09T04:15:49.350Z",".html"
"04_기관리서치/관계도/원천자료/자치법규/6a5036ac5fb5fbef_링크.html","1320","2026-09-09T04:16:38.787Z",".html"
"04_기관리서치/관계도/원천자료/자치법규/6acd35443606deee_링크.html","1196","2026-09-09T04:17:00.587Z",".html"
"04_기관리서치/관계도/원천자료/자치법규/6b14c317511a9352_링크.html","1305","2026-09-09T04:15:17.361Z",".html"
"04_기관리서치/관계도/원천자료/자치법규/6b199c591c40dd32_링크.html","1279","2026-09-09T04:16:54.040Z",".html"
"04_기관리서치/관계도/원천자료/자치법규/6b2e42da2a62a507_링크.html","1285","2026-09-09T04:16:55.841Z",".html"
"04_기관리서치/관계도/원천자료/자치법규/6bdd02d4c5d3870d_링크.html","1301","2026-09-09T04:16:49.966Z",".html"
"04_기관리서치/관계도/원천자료/자치법규/6ca29e5ee44d9271_링크.html","1279","2026-09-09T04:17:41.145Z",".html"
"04_기관리서치/관계도/원천자료/자치법규/6d7b0a77f64f427f_링크.html","1289","2026-09-09T04:15:29.405Z",".html"
"04_기관리서치/관계도/원천자료/자치법규/6dbd3aeea4a765cc_링크.html","1272","2026-09-09T04:17:35.995Z",".html"
"04_기관리서치/관계도/원천자료/자치법규/6dbed081cf9a98b6_링크.html","1307","2026-09-09T04:16:15.075Z",".html"
"04_기관리서치/관계도/원천자료/자치법규/6e2556aa1eacc005_링크.html","1264","2026-09-09T04:17:15.841Z",".html"
"04_기관리서치/관계도/원천자료/자치법규/6e585d41c2c39db0_링크.html","1271","2026-09-09T04:16:42.515Z",".html"
"04_기관리서치/관계도/원천자료/자치법규/6fa7b1230ccefa87_링크.html","1196","2026-09-09T04:15:42.397Z",".html"
"04_기관리서치/관계도/원천자료/자치법규/6fb4c9d32ecd6c10_링크.html","1270","2026-09-09T04:14:52.926Z",".html"
"04_기관리서치/관계도/원천자료/자치법규/70679cb214bdde65_링크.html","1196","2026-09-09T04:15:10.465Z",".html"
"04_기관리서치/관계도/원천자료/자치법규/7193483e417f03bc_링크.html","1196","2026-09-09T04:16:15.776Z",".html"
"04_기관리서치/관계도/원천자료/자치법규/71c2fffe8bb2d8c9_링크.html","1299","2026-09-09T04:17:38.066Z",".html"
"04_기관리서치/관계도/원천자료/자치법규/722550893f1679db_링크.html","1276","2026-09-09T04:17:30.296Z",".html"
"04_기관리서치/관계도/원천자료/자치법규/722e0d943cb929fb_링크.html","1196","2026-09-09T04:15:47.854Z",".html"
"04_기관리서치/관계도/원천자료/자치법규/72ae5d429a366ea6_링크.html","1272","2026-09-09T04:16:06.620Z",".html"
"04_기관리서치/관계도/원천자료/자치법규/73cede0d1b197a89_링크.html","1196","2026-09-09T04:15:43.489Z",".html"
"04_기관리서치/관계도/원천자료/자치법규/740277_본문.html","16961","2026-09-09T04:14:46.321Z",".html"
"04_기관리서치/관계도/원천자료/자치법규/740277_정보.html","69645","2026-09-09T04:14:45.996Z",".html"
"04_기관리서치/관계도/원천자료/자치법규/746e0552a22d6588_링크.html","1298","2026-09-09T04:15:38.741Z",".html"
"04_기관리서치/관계도/원천자료/자치법규/74b7091c8277c471_링크.html","1286","2026-09-09T04:15:02.791Z",".html"
"04_기관리서치/관계도/원천자료/자치법규/752044d5169c6d87_링크.html","1295","2026-09-09T04:16:32.391Z",".html"
"04_기관리서치/관계도/원천자료/자치법규/75389b1f9bef972c_링크.html","1283","2026-09-09T04:17:00.559Z",".html"
"04_기관리서치/관계도/원천자료/자치법규/75c663117dbc6997_링크.html","1196","2026-09-09T04:16:56.046Z",".html"
"04_기관리서치/관계도/원천자료/자치법규/7627477bfdce71cd_링크.html","1196","2026-09-09T04:16:08.462Z",".html"
"04_기관리서치/관계도/원천자료/자치법규/7635607976ebf0f3_링크.html","1196","2026-09-09T04:15:04.934Z",".html"
"04_기관리서치/관계도/원천자료/자치법규/76506424dc21376c_링크.html","1285","2026-09-09T04:16:22.732Z",".html"
"04_기관리서치/관계도/원천자료/자치법규/768c51f3e05ad778_링크.html","1275","2026-09-09T04:16:50.770Z",".html"
"04_기관리서치/관계도/원천자료/자치법규/76d7969963dbd491_링크.html","1274","2026-09-09T04:17:20.794Z",".html"
"04_기관리서치/관계도/원천자료/자치법규/76ff90678e6cf696_링크.html","1299","2026-09-09T04:17:00.853Z",".html"
"04_기관리서치/관계도/원천자료/자치법규/77660d5a9a411d01_링크.html","1286","2026-09-09T04:16:46.706Z",".html"
"04_기관리서치/관계도/원천자료/자치법규/779604_본문.html","16549","2026-09-09T04:14:50.545Z",".html"
"04_기관리서치/관계도/원천자료/자치법규/779604_정보.html","69633","2026-09-09T04:14:50.130Z",".html"
"04_기관리서치/관계도/원천자료/자치법규/780dab771ec7edbf_링크.html","1292","2026-09-09T04:17:17.325Z",".html"
"04_기관리서치/관계도/원천자료/자치법규/782b7889e6c6b22c_링크.html","1281","2026-09-09T04:15:53.288Z",".html"
"04_기관리서치/관계도/원천자료/자치법규/785139_본문.html","16782","2026-09-09T04:14:55.522Z",".html"
"04_기관리서치/관계도/원천자료/자치법규/785139_정보.html","69802","2026-09-09T04:14:55.247Z",".html"
"04_기관리서치/관계도/원천자료/자치법규/78621d95e6446a40_링크.html","1281","2026-09-09T04:16:13.923Z",".html"
"04_기관리서치/관계도/원천자료/자치법규/7868d90f693c22b1_링크.html","1285","2026-09-09T04:14:58.135Z",".html"
"04_기관리서치/관계도/원천자료/자치법규/787154_본문.html","22079","2026-09-09T04:15:22.233Z",".html"
"04_기관리서치/관계도/원천자료/자치법규/787154_정보.html","69730","2026-09-09T04:15:21.904Z",".html"
"04_기관리서치/관계도/원천자료/자치법규/788e293d16515532_링크.html","1271","2026-09-09T04:15:59.999Z",".html"
"04_기관리서치/관계도/원천자료/자치법규/797542_본문.html","25740","2026-09-09T04:15:12.918Z",".html"
"04_기관리서치/관계도/원천자료/자치법규/797542_정보.html","69824","2026-09-09T04:15:12.601Z",".html"
"04_기관리서치/관계도/원천자료/자치법규/798242_본문.html","14643","2026-09-09T04:16:20.674Z",".html"
"04_기관리서치/관계도/원천자료/자치법규/798242_정보.html","69712","2026-09-09T04:16:20.411Z",".html"
"04_기관리서치/관계도/원천자료/자치법규/798741_본문.html","25311","2026-09-09T04:15:39.108Z",".html"
"04_기관리서치/관계도/원천자료/자치법규/798741_정보.html","69750","2026-09-09T04:15:38.804Z",".html"
"04_기관리서치/관계도/원천자료/자치법규/7a7026b68614d8dc_링크.html","1196","2026-09-09T04:15:05.775Z",".html"
"04_기관리서치/관계도/원천자료/자치법규/7aa48bce51588c6c_링크.html","1196","2026-09-09T04:16:12.498Z",".html"
"04_기관리서치/관계도/원천자료/자치법규/7b8421ea2a88cfef_링크.html","1283","2026-09-09T04:17:10.873Z",".html"
"04_기관리서치/관계도/원천자료/자치법규/7bea39339e81b5b4_링크.html","1279","2026-09-09T04:17:15.711Z",".html"
"04_기관리서치/관계도/원천자료/자치법규/7c01cc30e0001473_링크.html","1313","2026-09-09T04:15:41.497Z",".html"
"04_기관리서치/관계도/원천자료/자치법규/7c63146edd1bdc9d_링크.html","1267","2026-09-09T04:16:48.838Z",".html"
"04_기관리서치/관계도/원천자료/자치법규/7c748eef4ba9ff19_링크.html","1196","2026-09-09T04:15:08.256Z",".html"
"04_기관리서치/관계도/원천자료/자치법규/7c77951965b759a9_링크.html","1275","2026-09-09T04:17:13.855Z",".html"
"04_기관리서치/관계도/원천자료/자치법규/7c8572a9f5140a5c_링크.html","1295","2026-09-09T04:16:18.338Z",".html"
"04_기관리서치/관계도/원천자료/자치법규/7c8c8444e0f3a909_링크.html","1196","2026-09-09T04:15:00.428Z",".html"
"04_기관리서치/관계도/원천자료/자치법규/7c8ecf971e90fd25_링크.html","1272","2026-09-09T04:16:03.379Z",".html"
"04_기관리서치/관계도/원천자료/자치법규/7c98c459eea4585e_링크.html","1196","2026-09-09T04:14:51.006Z",".html"
"04_기관리서치/관계도/원천자료/자치법규/7cd472f48719c3c0_링크.html","1196","2026-09-09T04:15:47.133Z",".html"
"04_기관리서치/관계도/원천자료/자치법규/7d3907d808de052e_링크.html","1295","2026-09-09T04:16:10.908Z",".html"
"04_기관리서치/관계도/원천자료/자치법규/7d41cda2aaf24cf3_링크.html","1285","2026-09-09T04:15:01.512Z",".html"
"04_기관리서치/관계도/원천자료/자치법규/7d703c634d9bac2b_링크.html","1283","2026-09-09T04:17:07.373Z",".html"
"04_기관리서치/관계도/원천자료/자치법규/7e05f00f71ead3a8_링크.html","1281","2026-09-09T04:16:54.516Z",".html"
"04_기관리서치/관계도/원천자료/자치법규/7e0a591927bd820a_링크.html","1313","2026-09-09T04:16:56.328Z",".html"
"04_기관리서치/관계도/원천자료/자치법규/7f577519505ccac5_링크.html","1196","2026-09-09T04:17:07.404Z",".html"
"04_기관리서치/관계도/원천자료/자치법규/7f8403fc99ed5160_링크.html","1284","2026-09-09T04:17:13.960Z",".html"
"04_기관리서치/관계도/원천자료/자치법규/7f8a13f3a0ebb772_링크.html","1196","2026-09-09T04:15:04.572Z",".html"
"04_기관리서치/관계도/원천자료/자치법규/7f954a2fe22dd832_링크.html","1196","2026-09-09T04:15:56.594Z",".html"
"04_기관리서치/관계도/원천자료/자치법규/7f997942448bbc7d_링크.html","1295","2026-09-09T04:16:38.280Z",".html"
"04_기관리서치/관계도/원천자료/자치법규/800a8591a42307e3_링크.html","1294","2026-09-09T04:14:52.904Z",".html"
"04_기관리서치/관계도/원천자료/자치법규/8044c569e4a0164d_링크.html","1285","2026-09-09T04:17:35.922Z",".html"
"04_기관리서치/관계도/원천자료/자치법규/814941_본문.html","7796","2026-09-09T04:16:28.754Z",".html"
"04_기관리서치/관계도/원천자료/자치법규/814941_정보.html","69831","2026-09-09T04:16:28.463Z",".html"
"04_기관리서치/관계도/원천자료/자치법규/81c46b358e39528f_링크.html","1285","2026-09-09T04:17:12.958Z",".html"
"04_기관리서치/관계도/원천자료/자치법규/81c5d870839d1ed0_링크.html","1291","2026-09-09T04:17:30.049Z",".html"
"04_기관리서치/관계도/원천자료/자치법규/81eb0a388fdaf774_링크.html","1282","2026-09-09T04:17:19.427Z",".html"
"04_기관리서치/관계도/원천자료/자치법규/8380baf7b48ce20c_링크.html","1196","2026-09-09T04:17:02.971Z",".html"
"04_기관리서치/관계도/원천자료/자치법규/83e7424b18f9afbf_링크.html","1288","2026-09-09T04:15:21.297Z",".html"
"04_기관리서치/관계도/원천자료/자치법규/841612_본문.html","15449","2026-09-09T04:15:02.528Z",".html"
"04_기관리서치/관계도/원천자료/자치법규/841612_정보.html","69706","2026-09-09T04:15:02.216Z",".html"
"04_기관리서치/관계도/원천자료/자치법규/8464fed27ee2d136_링크.html","1196","2026-09-09T04:15:55.079Z",".html"
"04_기관리서치/관계도/원천자료/자치법규/848485_본문.html","21902","2026-09-09T04:16:13.656Z",".html"
"04_기관리서치/관계도/원천자료/자치법규/848485_정보.html","69614","2026-09-09T04:16:13.341Z",".html"
"04_기관리서치/관계도/원천자료/자치법규/8487acf7f2896edc_링크.html","1196","2026-09-09T04:15:27.315Z",".html"
"04_기관리서치/관계도/원천자료/자치법규/8534faa676b6c651_링크.html","1299","2026-09-09T04:16:25.211Z",".html"
"04_기관리서치/관계도/원천자료/자치법규/8557ad6ca09453f9_링크.html","1288","2026-09-09T04:14:58.512Z",".html"
"04_기관리서치/관계도/원천자료/자치법규/8565b6e905a50c3b_링크.html","1272","2026-09-09T04:16:32.367Z",".html"
"04_기관리서치/관계도/원천자료/자치법규/85a279eadd5dc3e9_링크.html","1303","2026-09-09T04:16:39.699Z",".html"
"04_기관리서치/관계도/원천자료/자치법규/85c2549eb9176076_링크.html","1196","2026-09-09T04:17:22.610Z",".html"
"04_기관리서치/관계도/원천자료/자치법규/85e615077ff9c30a_링크.html","1291","2026-09-09T04:15:55.425Z",".html"
"04_기관리서치/관계도/원천자료/자치법규/864069_본문.html","21422","2026-09-09T04:15:43.116Z",".html"
"04_기관리서치/관계도/원천자료/자치법규/864069_정보.html","69647","2026-09-09T04:15:42.807Z",".html"
"04_기관리서치/관계도/원천자료/자치법규/86b14a13b5bb738e_링크.html","1196","2026-09-09T04:14:52.531Z",".html"
"04_기관리서치/관계도/원천자료/자치법규/86fcb4e45117de27_링크.html","1196","2026-09-09T04:15:42.690Z",".html"
"04_기관리서치/관계도/원천자료/자치법규/871d90eac73df992_링크.html","1196","2026-09-09T04:17:42.445Z",".html"
"04_기관리서치/관계도/원천자료/자치법규/878599_본문.html","16693","2026-09-09T04:16:31.228Z",".html"
"04_기관리서치/관계도/원천자료/자치법규/878599_정보.html","69689","2026-09-09T04:16:30.945Z",".html"
"04_기관리서치/관계도/원천자료/자치법규/8857dc3fa03eb610_링크.html","1276","2026-09-09T04:17:08.250Z",".html"
"04_기관리서치/관계도/원천자료/자치법규/8863684c4238bfb1_링크.html","1297","2026-09-09T04:15:47.121Z",".html"
"04_기관리서치/관계도/원천자료/자치법규/88e1efcfaa17183a_링크.html","1277","2026-09-09T04:16:20.891Z",".html"
"04_기관리서치/관계도/원천자료/자치법규/898f9e8e668bcd88_링크.html","1196","2026-09-09T04:16:05.549Z",".html"
"04_기관리서치/관계도/원천자료/자치법규/8a373953d6142c53_링크.html","1285","2026-09-09T04:14:42.679Z",".html"
"04_기관리서치/관계도/원천자료/자치법규/8a3feade319493b3_링크.html","1196","2026-09-09T04:14:51.727Z",".html"
"04_기관리서치/관계도/원천자료/자치법규/8a71a6495f1d1c48_링크.html","1282","2026-09-09T04:15:58.237Z",".html"
"04_기관리서치/관계도/원천자료/자치법규/8adbb40544e7eb6c_링크.html","1196","2026-09-09T04:17:06.175Z",".html"
"04_기관리서치/관계도/원천자료/자치법규/8b0dfe5371e332ba_링크.html","1196","2026-09-09T04:15:10.179Z",".html"
"04_기관리서치/관계도/원천자료/자치법규/8b58f9517e25ec20_링크.html","1196","2026-09-09T04:14:56.851Z",".html"
"04_기관리서치/관계도/원천자료/자치법규/8b61cca15b2eca08_링크.html","1318","2026-09-09T04:15:48.429Z",".html"
"04_기관리서치/관계도/원천자료/자치법규/8b6747a01d35dd8f_링크.html","1302","2026-09-09T04:16:44.700Z",".html"
"04_기관리서치/관계도/원천자료/자치법규/8dcd5eff13ed2a86_링크.html","1285","2026-09-09T04:17:09.054Z",".html"
"04_기관리서치/관계도/원천자료/자치법규/8e268010f41a21a3_링크.html","1295","2026-09-09T04:16:42.948Z",".html"
"04_기관리서치/관계도/원천자료/자치법규/8e2a012b6b5f64d0_링크.html","1307","2026-09-09T04:17:19.573Z",".html"
"04_기관리서치/관계도/원천자료/자치법규/8e4298954b26306d_링크.html","1278","2026-09-09T04:16:03.823Z",".html"
"04_기관리서치/관계도/원천자료/자치법규/901176a2c7e00cca_링크.html","1196","2026-09-09T04:15:11.040Z",".html"
"04_기관리서치/관계도/원천자료/자치법규/907470_본문.html","19331","2026-09-09T04:15:43.247Z",".html"
"04_기관리서치/관계도/원천자료/자치법규/907470_정보.html","69959","2026-09-09T04:15:42.962Z",".html"
"04_기관리서치/관계도/원천자료/자치법규/90874a6cdb2f15d0_링크.html","1297","2026-09-09T04:16:48.766Z",".html"
"04_기관리서치/관계도/원천자료/자치법규/909ea7a3081f9698_링크.html","1307","2026-09-09T04:16:24.858Z",".html"
"04_기관리서치/관계도/원천자료/자치법규/910917_본문.html","13496","2026-09-09T04:16:39.437Z",".html"
"04_기관리서치/관계도/원천자료/자치법규/910917_정보.html","69874","2026-09-09T04:16:39.143Z",".html"
"04_기관리서치/관계도/원천자료/자치법규/9141818ebbde9902_링크.html","1299","2026-09-09T04:17:01.120Z",".html"
"04_기관리서치/관계도/원천자료/자치법규/91589181ef20dcfb_링크.html","1196","2026-09-09T04:16:15.996Z",".html"
"04_기관리서치/관계도/원천자료/자치법규/915e0c7502f87a23_링크.html","1279","2026-09-09T04:16:16.547Z",".html"
"04_기관리서치/관계도/원천자료/자치법규/91b80ef978c99f71_링크.html","1284","2026-09-09T04:14:47.924Z",".html"
"04_기관리서치/관계도/원천자료/자치법규/91bbd308ff012062_링크.html","1281","2026-09-09T04:16:01.666Z",".html"
"04_기관리서치/관계도/원천자료/자치법규/91f77db15c4c51f0_링크.html","1298","2026-09-09T04:17:18.712Z",".html"
"04_기관리서치/관계도/원천자료/자치법규/92121d9893ea7a2f_링크.html","1290","2026-09-09T04:14:51.985Z",".html"
"04_기관리서치/관계도/원천자료/자치법규/9228069d62e2a788_링크.html","1288","2026-09-09T04:16:55.190Z",".html"
"04_기관리서치/관계도/원천자료/자치법규/923873_본문.html","18826","2026-09-09T04:15:45.100Z",".html"
"04_기관리서치/관계도/원천자료/자치법규/923873_정보.html","69835","2026-09-09T04:15:44.756Z",".html"
"04_기관리서치/관계도/원천자료/자치법규/923eff5c2f9f2d5e_링크.html","1269","2026-09-09T04:16:51.168Z",".html"
"04_기관리서치/관계도/원천자료/자치법규/92494ba128015388_링크.html","1196","2026-09-09T04:16:29.981Z",".html"
"04_기관리서치/관계도/원천자료/자치법규/933c062653e7b10d_링크.html","1289","2026-09-09T04:17:32.995Z",".html"
"04_기관리서치/관계도/원천자료/자치법규/934923_본문.html","22749","2026-09-09T04:15:56.952Z",".html"
"04_기관리서치/관계도/원천자료/자치법규/934923_정보.html","69774","2026-09-09T04:15:56.620Z",".html"
"04_기관리서치/관계도/원천자료/자치법규/935724bc0f7175b8_링크.html","1196","2026-09-09T04:15:44.709Z",".html"
"04_기관리서치/관계도/원천자료/자치법규/93896b3fb764d329_링크.html","1278","2026-09-09T04:16:16.101Z",".html"
"04_기관리서치/관계도/원천자료/자치법규/93a2cd57b5f5aeb2_링크.html","1196","2026-09-09T04:15:08.678Z",".html"
"04_기관리서치/관계도/원천자료/자치법규/941d969de1306958_링크.html","1288","2026-09-09T04:16:23.628Z",".html"
"04_기관리서치/관계도/원천자료/자치법규/946766_본문.html","14701","2026-09-09T04:16:40.366Z",".html"
"04_기관리서치/관계도/원천자료/자치법규/946766_정보.html","69633","2026-09-09T04:16:40.035Z",".html"
"04_기관리서치/관계도/원천자료/자치법규/949f6efdb0e9a03d_링크.html","1285","2026-09-09T04:16:03.651Z",".html"
"04_기관리서치/관계도/원천자료/자치법규/94ad954d75739470_링크.html","1268","2026-09-09T04:17:02.037Z",".html"
"04_기관리서치/관계도/원천자료/자치법규/955014_본문.html","30610","2026-09-09T04:15:00.562Z",".html"
"04_기관리서치/관계도/원천자료/자치법규/955014_정보.html","69826","2026-09-09T04:15:00.272Z",".html"
"04_기관리서치/관계도/원천자료/자치법규/95729259d6e89500_링크.html","1280","2026-09-09T04:17:33.227Z",".html"
"04_기관리서치/관계도/원천자료/자치법규/959188_본문.html","12313","2026-09-09T04:14:54.393Z",".html"
"04_기관리서치/관계도/원천자료/자치법규/959188_정보.html","69645","2026-09-09T04:14:54.092Z",".html"
"04_기관리서치/관계도/원천자료/자치법규/95b6e7b56341f0cd_링크.html","1261","2026-09-09T04:16:17.175Z",".html"
"04_기관리서치/관계도/원천자료/자치법규/95ec3121257b7ff3_링크.html","1299","2026-09-09T04:16:26.735Z",".html"
"04_기관리서치/관계도/원천자료/자치법규/972c4c93685ba890_링크.html","1265","2026-09-09T04:15:55.119Z",".html"
"04_기관리서치/관계도/원천자료/자치법규/9751f6c6ffbf9428_링크.html","1293","2026-09-09T04:16:26.113Z",".html"
"04_기관리서치/관계도/원천자료/자치법규/977630_본문.html","18670","2026-09-09T04:16:11.526Z",".html"
"04_기관리서치/관계도/원천자료/자치법규/977630_정보.html","69722","2026-09-09T04:16:11.244Z",".html"
"04_기관리서치/관계도/원천자료/자치법규/9783158e4e3a675a_링크.html","1280","2026-09-09T04:16:01.490Z",".html"
"04_기관리서치/관계도/원천자료/자치법규/98006902a0733e5b_링크.html","1196","2026-09-09T04:17:05.898Z",".html"
"04_기관리서치/관계도/원천자료/자치법규/98554fadf48dbf5e_링크.html","1311","2026-09-09T04:16:46.937Z",".html"
"04_기관리서치/관계도/원천자료/자치법규/986553_본문.html","15840","2026-09-09T04:14:56.423Z",".html"
"04_기관리서치/관계도/원천자료/자치법규/986553_정보.html","69666","2026-09-09T04:14:55.991Z",".html"
"04_기관리서치/관계도/원천자료/자치법규/990d8b4ef6606498_링크.html","1196","2026-09-09T04:17:33.510Z",".html"
"04_기관리서치/관계도/원천자료/자치법규/997522_본문.html","18516","2026-09-09T04:16:25.496Z",".html"
"04_기관리서치/관계도/원천자료/자치법규/997522_정보.html","69807","2026-09-09T04:16:25.202Z",".html"
"04_기관리서치/관계도/원천자료/자치법규/998322_본문.html","21320","2026-09-09T04:15:42.385Z",".html"
"04_기관리서치/관계도/원천자료/자치법규/998322_정보.html","69635","2026-09-09T04:15:42.077Z",".html"
"04_기관리서치/관계도/원천자료/자치법규/998eee3364034315_링크.html","1282","2026-09-09T04:17:28.811Z",".html"
"04_기관리서치/관계도/원천자료/자치법규/99c5de2b1d63f13b_링크.html","1305","2026-09-09T04:16:49.499Z",".html"
"04_기관리서치/관계도/원천자료/자치법규/9a5a698fb3f9ab71_링크.html","1289","2026-09-09T04:15:10.795Z",".html"
"04_기관리서치/관계도/원천자료/자치법규/9ace65f116ee4ced_링크.html","1196","2026-09-09T04:14:59.442Z",".html"
"04_기관리서치/관계도/원천자료/자치법규/9ae60da0616a6465_링크.html","1279","2026-09-09T04:17:16.739Z",".html"
"04_기관리서치/관계도/원천자료/자치법규/9b061321296ee135_링크.html","1288","2026-09-09T04:14:53.830Z",".html"
"04_기관리서치/관계도/원천자료/자치법규/9b78029b068a9999_링크.html","1196","2026-09-09T04:15:17.097Z",".html"
"04_기관리서치/관계도/원천자료/자치법규/9d0c5d2980d01f62_링크.html","1285","2026-09-09T04:17:00.195Z",".html"
"04_기관리서치/관계도/원천자료/자치법규/9dc6ecd6c9ee0639_링크.html","1302","2026-09-09T04:16:43.805Z",".html"
"04_기관리서치/관계도/원천자료/자치법규/9e0e4d932f3574ec_링크.html","1283","2026-09-09T04:17:32.333Z",".html"
"04_기관리서치/관계도/원천자료/자치법규/9e43c301af6b7ee6_링크.html","1272","2026-09-09T04:17:37.798Z",".html"
"04_기관리서치/관계도/원천자료/자치법규/9e9993c15c52497d_링크.html","1305","2026-09-09T04:14:58.294Z",".html"
"04_기관리서치/관계도/원천자료/자치법규/9ed54e589a720ad0_링크.html","1302","2026-09-09T04:15:17.072Z",".html"
"04_기관리서치/관계도/원천자료/자치법규/9f0679fd70b25ca7_링크.html","1196","2026-09-09T04:15:21.294Z",".html"
"04_기관리서치/관계도/원천자료/자치법규/9f2a2859b4d57de0_링크.html","1290","2026-09-09T04:14:51.519Z",".html"
"04_기관리서치/관계도/원천자료/자치법규/9f4210b8912cda98_링크.html","1196","2026-09-09T04:14:46.733Z",".html"
"04_기관리서치/관계도/원천자료/자치법규/9f73f899ba8141c1_링크.html","1276","2026-09-09T04:16:51.300Z",".html"
"04_기관리서치/관계도/원천자료/자치법규/9f8c48be8130809e_링크.html","1285","2026-09-09T04:17:29.711Z",".html"
"04_기관리서치/관계도/원천자료/자치법규/9ff5a26b20126626_링크.html","1279","2026-09-09T04:14:43.942Z",".html"
"04_기관리서치/관계도/원천자료/자치법규/a03a1aea038a5f23_링크.html","1283","2026-09-09T04:17:16.669Z",".html"
"04_기관리서치/관계도/원천자료/자치법규/a0c22ba2d9c73312_링크.html","1272","2026-09-09T04:15:43.221Z",".html"
"04_기관리서치/관계도/원천자료/자치법규/a0cd0f332560de89_링크.html","1196","2026-09-09T04:16:56.396Z",".html"
"04_기관리서치/관계도/원천자료/자치법규/a12206f2180283e9_링크.html","1284","2026-09-09T04:15:07.782Z",".html"
"04_기관리서치/관계도/원천자료/자치법규/a12a6537232bb1fb_링크.html","1288","2026-09-09T04:16:40.916Z",".html"
"04_기관리서치/관계도/원천자료/자치법규/a154d60208158753_링크.html","1196","2026-09-09T04:17:24.302Z",".html"
"04_기관리서치/관계도/원천자료/자치법규/a21c3d780640858b_링크.html","1275","2026-09-09T04:16:52.670Z",".html"
"04_기관리서치/관계도/원천자료/자치법규/a21fc5ac8afc44b6_링크.html","1281","2026-09-09T04:14:49.554Z",".html"
"04_기관리서치/관계도/원천자료/자치법규/a2c726678d81ba56_링크.html","1196","2026-09-09T04:14:50.852Z",".html"
"04_기관리서치/관계도/원천자료/자치법규/a2cbbe992c99d0e2_링크.html","1196","2026-09-09T04:15:10.749Z",".html"
"04_기관리서치/관계도/원천자료/자치법규/a331acb22bdf3293_링크.html","1291","2026-09-09T04:17:28.888Z",".html"
"04_기관리서치/관계도/원천자료/자치법규/a350bfe91469849e_링크.html","1196","2026-09-09T04:17:32.098Z",".html"
"04_기관리서치/관계도/원천자료/자치법규/a3997b3a7cf69514_링크.html","1285","2026-09-09T04:17:14.857Z",".html"
"04_기관리서치/관계도/원천자료/자치법규/a3b3c65653d0e49f_링크.html","1305","2026-09-09T04:15:35.414Z",".html"
"04_기관리서치/관계도/원천자료/자치법규/a3bdddcae13cd786_링크.html","1266","2026-09-09T04:15:06.463Z",".html"
"04_기관리서치/관계도/원천자료/자치법규/a3f24e5107af17c9_링크.html","1278","2026-09-09T04:14:50.090Z",".html"
"04_기관리서치/관계도/원천자료/자치법규/a41c171419e9fcd2_링크.html","1196","2026-09-09T04:16:04.654Z",".html"
"04_기관리서치/관계도/원천자료/자치법규/a43ac5475ad47216_링크.html","1196","2026-09-09T04:17:04.660Z",".html"
"04_기관리서치/관계도/원천자료/자치법규/a59f3ef388a3fd5a_링크.html","1196","2026-09-09T04:16:47.421Z",".html"
"04_기관리서치/관계도/원천자료/자치법규/a615b69e697f2366_링크.html","1279","2026-09-09T04:16:31.476Z",".html"
"04_기관리서치/관계도/원천자료/자치법규/a6af4f498cb6c87f_링크.html","1263","2026-09-09T04:15:22.483Z",".html"
"04_기관리서치/관계도/원천자료/자치법규/a71fef6754ecbccc_링크.html","1196","2026-09-09T04:15:04.464Z",".html"
"04_기관리서치/관계도/원천자료/자치법규/a76403e2b8ecbf5f_링크.html","1282","2026-09-09T04:14:47.333Z",".html"
"04_기관리서치/관계도/원천자료/자치법규/a80420d63eb0a8a8_링크.html","1196","2026-09-09T04:17:03.954Z",".html"
"04_기관리서치/관계도/원천자료/자치법규/a84845c97b8bdeae_링크.html","1327","2026-09-09T04:14:42.056Z",".html"
"04_기관리서치/관계도/원천자료/자치법규/a8887503ea0bf82b_링크.html","1196","2026-09-09T04:16:45.234Z",".html"
"04_기관리서치/관계도/원천자료/자치법규/a8df54c335dc0ef3_링크.html","1275","2026-09-09T04:16:29.594Z",".html"
"04_기관리서치/관계도/원천자료/자치법규/a917683caf633987_링크.html","1282","2026-09-09T04:16:32.592Z",".html"
"04_기관리서치/관계도/원천자료/자치법규/a9245eb49214c7df_링크.html","1285","2026-09-09T04:17:41.866Z",".html"
"04_기관리서치/관계도/원천자료/자치법규/a97e88e80d84f10f_링크.html","1313","2026-09-09T04:15:08.945Z",".html"
"04_기관리서치/관계도/원천자료/자치법규/a998fcfdc0cd4411_링크.html","1301","2026-09-09T04:15:52.117Z",".html"
"04_기관리서치/관계도/원천자료/자치법규/a9f78f867e6e52a8_링크.html","1274","2026-09-09T04:16:04.881Z",".html"
"04_기관리서치/관계도/원천자료/자치법규/aa063c44c2dfcadc_링크.html","1196","2026-09-09T04:14:43.567Z",".html"
"04_기관리서치/관계도/원천자료/자치법규/aa2a8fe62251e236_링크.html","1279","2026-09-09T04:17:37.916Z",".html"
"04_기관리서치/관계도/원천자료/자치법규/aa4ffe4aa2bcfe84_링크.html","1281","2026-09-09T04:14:55.645Z",".html"
"04_기관리서치/관계도/원천자료/자치법규/aa59ad35110e090f_링크.html","1295","2026-09-09T04:16:28.741Z",".html"
"04_기관리서치/관계도/원천자료/자치법규/aa9dc3c20ce0931b_링크.html","1287","2026-09-09T04:15:49.498Z",".html"
"04_기관리서치/관계도/원천자료/자치법규/ab1e47d253377477_링크.html","1269","2026-09-09T04:15:14.380Z",".html"
"04_기관리서치/관계도/원천자료/자치법규/ab6175e28f6d04f4_링크.html","1278","2026-09-09T04:16:39.732Z",".html"
"04_기관리서치/관계도/원천자료/자치법규/ab6527fb92f0addd_링크.html","1196","2026-09-09T04:15:56.281Z",".html"
"04_기관리서치/관계도/원천자료/자치법규/ac2638ed7dbf11a7_링크.html","1274","2026-09-09T04:16:13.023Z",".html"
"04_기관리서치/관계도/원천자료/자치법규/ac97e62b2c070ef9_링크.html","1285","2026-09-09T04:16:52.253Z",".html"
"04_기관리서치/관계도/원천자료/자치법규/ad207f9d8de3b872_링크.html","1278","2026-09-09T04:17:01.471Z",".html"
"04_기관리서치/관계도/원천자료/자치법규/ad20c5c54c562924_링크.html","1196","2026-09-09T04:15:23.384Z",".html"
"04_기관리서치/관계도/원천자료/자치법규/ad7b15991a6324f8_링크.html","1277","2026-09-09T04:16:23.921Z",".html"
"04_기관리서치/관계도/원천자료/자치법규/ad915d5ea55faad1_링크.html","1288","2026-09-09T04:15:50.246Z",".html"
"04_기관리서치/관계도/원천자료/자치법규/adb74ca0906cd0a4_링크.html","1293","2026-09-09T04:14:56.708Z",".html"
"04_기관리서치/관계도/원천자료/자치법규/ade3c506087e52bd_링크.html","1289","2026-09-09T04:17:34.651Z",".html"
"04_기관리서치/관계도/원천자료/자치법규/ae2c12c4bbbe6445_링크.html","1269","2026-09-09T04:15:23.626Z",".html"
"04_기관리서치/관계도/원천자료/자치법규/af2012322595915b_링크.html","1279","2026-09-09T04:16:43.387Z",".html"
"04_기관리서치/관계도/원천자료/자치법규/af4003b50a95367b_링크.html","1196","2026-09-09T04:17:03.003Z",".html"
"04_기관리서치/관계도/원천자료/자치법규/af646b096506878d_링크.html","1281","2026-09-09T04:17:09.340Z",".html"
"04_기관리서치/관계도/원천자료/자치법규/b0379cf321be3139_링크.html","1196","2026-09-09T04:15:54.851Z",".html"
"04_기관리서치/관계도/원천자료/자치법규/b2052f49da1375c0_링크.html","1300","2026-09-09T04:16:41.583Z",".html"
"04_기관리서치/관계도/원천자료/자치법규/b2a00c8286c8959d_링크.html","1293","2026-09-09T04:15:45.099Z",".html"
"04_기관리서치/관계도/원천자료/자치법규/b3937318b3927a58_링크.html","1196","2026-09-09T04:15:40.244Z",".html"
"04_기관리서치/관계도/원천자료/자치법규/b39ea8af092e8eda_링크.html","1305","2026-09-09T04:14:55.783Z",".html"
"04_기관리서치/관계도/원천자료/자치법규/b3c193aba8cd88ef_링크.html","1196","2026-09-09T04:15:57.502Z",".html"
"04_기관리서치/관계도/원천자료/자치법규/b3c888a686646277_링크.html","1268","2026-09-09T04:15:26.356Z",".html"
"04_기관리서치/관계도/원천자료/자치법규/b42b55bd571dd454_링크.html","1196","2026-09-09T04:16:16.083Z",".html"
"04_기관리서치/관계도/원천자료/자치법규/b46fd7ac1239ca54_링크.html","1276","2026-09-09T04:15:58.729Z",".html"
"04_기관리서치/관계도/원천자료/자치법규/b4dc24754645194d_링크.html","1304","2026-09-09T04:14:54.911Z",".html"
"04_기관리서치/관계도/원천자료/자치법규/b4ee8e5b20210107_링크.html","1289","2026-09-09T04:15:08.494Z",".html"
"04_기관리서치/관계도/원천자료/자치법규/b5916db7065b0df1_링크.html","1196","2026-09-09T04:15:53.338Z",".html"
"04_기관리서치/관계도/원천자료/자치법규/b61f759580fafc41_링크.html","1288","2026-09-09T04:16:58.714Z",".html"
"04_기관리서치/관계도/원천자료/자치법규/b6bc56ea0027009d_링크.html","1299","2026-09-09T04:15:37.606Z",".html"
"04_기관리서치/관계도/원천자료/자치법규/b70539fef3c5f388_링크.html","1271","2026-09-09T04:15:25.519Z",".html"
"04_기관리서치/관계도/원천자료/자치법규/b9060571ea3ea3c2_링크.html","1278","2026-09-09T04:15:31.879Z",".html"
"04_기관리서치/관계도/원천자료/자치법규/b90e13f8e98bc96d_링크.html","1196","2026-09-09T04:16:16.365Z",".html"
"04_기관리서치/관계도/원천자료/자치법규/b91fad3a442f337f_링크.html","1196","2026-09-09T04:15:44.137Z",".html"
"04_기관리서치/관계도/원천자료/자치법규/b95362b15e984ba6_링크.html","1196","2026-09-09T04:16:55.829Z",".html"
"04_기관리서치/관계도/원천자료/자치법규/b999ff74a278c34b_링크.html","1196","2026-09-09T04:16:06.832Z",".html"
"04_기관리서치/관계도/원천자료/자치법규/ba2009af6369b614_링크.html","1276","2026-09-09T04:16:20.009Z",".html"
"04_기관리서치/관계도/원천자료/자치법규/baa99663181a049a_링크.html","1300","2026-09-09T04:16:34.598Z",".html"
"04_기관리서치/관계도/원천자료/자치법규/baebe8cca1bfaf5e_링크.html","1295","2026-09-09T04:15:02.033Z",".html"
"04_기관리서치/관계도/원천자료/자치법규/baef8a817588cc8d_링크.html","1196","2026-09-09T04:15:34.150Z",".html"
"04_기관리서치/관계도/원천자료/자치법규/bb9353857b94f0bc_링크.html","1286","2026-09-09T04:17:31.799Z",".html"
"04_기관리서치/관계도/원천자료/자치법규/bc9361a3a83d0393_링크.html","1196","2026-09-09T04:17:43.470Z",".html"
"04_기관리서치/관계도/원천자료/자치법규/bcc5a79044c4cf7b_링크.html","1291","2026-09-09T04:15:45.978Z",".html"
"04_기관리서치/관계도/원천자료/자치법규/bd00335fb3cc9e47_링크.html","1196","2026-09-09T04:17:02.421Z",".html"
"04_기관리서치/관계도/원천자료/자치법규/bd2d665265c85075_링크.html","1314","2026-09-09T04:15:44.420Z",".html"
"04_기관리서치/관계도/원천자료/자치법규/bd3c1ba1c6d970c7_링크.html","1282","2026-09-09T04:16:25.760Z",".html"
"04_기관리서치/관계도/원천자료/자치법규/bd79b677d20b35cd_링크.html","1310","2026-09-09T04:17:28.192Z",".html"
"04_기관리서치/관계도/원천자료/자치법규/bdb67199d21e06ab_링크.html","1272","2026-09-09T04:14:41.209Z",".html"
"04_기관리서치/관계도/원천자료/자치법규/be9a77a6b37ea358_링크.html","1196","2026-09-09T04:16:05.249Z",".html"
"04_기관리서치/관계도/원천자료/자치법규/be9e51cbbdeac0dc_링크.html","1304","2026-09-09T04:16:17.890Z",".html"
"04_기관리서치/관계도/원천자료/자치법규/bfa2c62da3f3deb4_링크.html","1196","2026-09-09T04:17:12.772Z",".html"
"04_기관리서치/관계도/원천자료/자치법규/c0197b99b4521e55_링크.html","1196","2026-09-09T04:15:45.018Z",".html"
"04_기관리서치/관계도/원천자료/자치법규/c02d58343d3ff2a5_링크.html","1281","2026-09-09T04:14:59.920Z",".html"
"04_기관리서치/관계도/원천자료/자치법규/c037fa78f5384fb7_링크.html","1196","2026-09-09T04:14:43.110Z",".html"
"04_기관리서치/관계도/원천자료/자치법규/c08bb2efa5dd9987_링크.html","1196","2026-09-09T04:15:40.326Z",".html"
"04_기관리서치/관계도/원천자료/자치법규/c0f00fd4649fc6e9_링크.html","1196","2026-09-09T04:16:34.376Z",".html"
"04_기관리서치/관계도/원천자료/자치법규/c0f2e6fa1c556314_링크.html","1196","2026-09-09T04:14:47.089Z",".html"
"04_기관리서치/관계도/원천자료/자치법규/c18b908a38d82aee_링크.html","1286","2026-09-09T04:17:08.092Z",".html"
"04_기관리서치/관계도/원천자료/자치법규/c31eda3ac1593e8b_링크.html","1283","2026-09-09T04:16:09.889Z",".html"
"04_기관리서치/관계도/원천자료/자치법규/c349cc2e1f17e5ea_링크.html","1295","2026-09-09T04:16:36.195Z",".html"
"04_기관리서치/관계도/원천자료/자치법규/c38313f699672a77_링크.html","1274","2026-09-09T04:15:50.150Z",".html"
"04_기관리서치/관계도/원천자료/자치법규/c3904e384bd3bab6_링크.html","1280","2026-09-09T04:17:21.694Z",".html"
"04_기관리서치/관계도/원천자료/자치법규/c3b62f98085a0ed3_링크.html","1196","2026-09-09T04:15:31.771Z",".html"
"04_기관리서치/관계도/원천자료/자치법규/c3e7dd751cc7004f_링크.html","1196","2026-09-09T04:16:00.906Z",".html"
"04_기관리서치/관계도/원천자료/자치법규/c42914ec6d7cd0a3_링크.html","1196","2026-09-09T04:16:23.395Z",".html"
"04_기관리서치/관계도/원천자료/자치법규/c492f313b8451718_링크.html","1196","2026-09-09T04:15:36.215Z",".html"
"04_기관리서치/관계도/원천자료/자치법규/c4aedd845b3fa674_링크.html","1301","2026-09-09T04:17:07.158Z",".html"
"04_기관리서치/관계도/원천자료/자치법규/c4d92c63e82f4afe_링크.html","1196","2026-09-09T04:14:47.458Z",".html"
"04_기관리서치/관계도/원천자료/자치법규/c545b4be2fa0814e_링크.html","1275","2026-09-09T04:17:44.593Z",".html"
"04_기관리서치/관계도/원천자료/자치법규/c74f3f4f75ed4d3f_링크.html","1273","2026-09-09T04:15:48.600Z",".html"
"04_기관리서치/관계도/원천자료/자치법규/c7badf42c700c986_링크.html","1196","2026-09-09T04:16:57.284Z",".html"
"04_기관리서치/관계도/원천자료/자치법규/c7d961fc98a5b3b7_링크.html","1294","2026-09-09T04:17:40.245Z",".html"
"04_기관리서치/관계도/원천자료/자치법규/c7eb822233848253_링크.html","1278","2026-09-09T04:17:30.620Z",".html"
"04_기관리서치/관계도/원천자료/자치법규/c80cfbf97c8c194f_링크.html","1279","2026-09-09T04:14:47.030Z",".html"
"04_기관리서치/관계도/원천자료/자치법규/c86162108fccc72d_링크.html","1196","2026-09-09T04:15:36.485Z",".html"
"04_기관리서치/관계도/원천자료/자치법규/c87154a230bc3b34_링크.html","1279","2026-09-09T04:16:21.501Z",".html"
"04_기관리서치/관계도/원천자료/자치법규/c878adf11a4195c2_링크.html","1291","2026-09-09T04:17:30.959Z",".html"
"04_기관리서치/관계도/원천자료/자치법규/c8b0d3a243e5e0f8_링크.html","1196","2026-09-09T04:15:03.746Z",".html"
"04_기관리서치/관계도/원천자료/자치법규/c96c584c042e00e9_링크.html","1280","2026-09-09T04:15:42.485Z",".html"
"04_기관리서치/관계도/원천자료/자치법규/c9e018eddbcee6b5_링크.html","1196","2026-09-09T04:16:12.098Z",".html"
"04_기관리서치/관계도/원천자료/자치법규/ca497165293653c1_링크.html","1285","2026-09-09T04:15:45.275Z",".html"
"04_기관리서치/관계도/원천자료/자치법규/cb3e0dae25bd4d65_링크.html","1196","2026-09-09T04:15:00.834Z",".html"
"04_기관리서치/관계도/원천자료/자치법규/ccb14f4fa2b421ba_링크.html","1196","2026-09-09T04:16:23.696Z",".html"
"04_기관리서치/관계도/원천자료/자치법규/cda9248dc3fc83a6_링크.html","1285","2026-09-09T04:16:52.069Z",".html"
"04_기관리서치/관계도/원천자료/자치법규/cdad906596b571ff_링크.html","1307","2026-09-09T04:17:14.824Z",".html"
"04_기관리서치/관계도/원천자료/자치법규/cdcc4204781c5825_링크.html","1283","2026-09-09T04:16:21.816Z",".html"
"04_기관리서치/관계도/원천자료/자치법규/cde1db1f3f1f8733_링크.html","1287","2026-09-09T04:16:18.067Z",".html"
"04_기관리서치/관계도/원천자료/자치법규/ce0038f7438ced84_링크.html","1275","2026-09-09T04:17:22.141Z",".html"
"04_기관리서치/관계도/원천자료/자치법규/ce8cfd3c2ce9507d_링크.html","1285","2026-09-09T04:16:31.378Z",".html"
"04_기관리서치/관계도/원천자료/자치법규/ceb3e072e7bb395a_링크.html","1269","2026-09-09T04:17:40.896Z",".html"
"04_기관리서치/관계도/원천자료/자치법규/cee9c0723a8c799b_링크.html","1302","2026-09-09T04:15:07.745Z",".html"
"04_기관리서치/관계도/원천자료/자치법규/cf362bb0a1c842d9_링크.html","1303","2026-09-09T04:15:17.981Z",".html"
"04_기관리서치/관계도/원천자료/자치법규/cfd0e7f3cfb8366a_링크.html","1280","2026-09-09T04:15:06.931Z",".html"
"04_기관리서치/관계도/원천자료/자치법규/cfe651a0118b2a88_링크.html","1285","2026-09-09T04:17:13.039Z",".html"
"04_기관리서치/관계도/원천자료/자치법규/d053af563aada882_링크.html","1303","2026-09-09T04:16:33.444Z",".html"
"04_기관리서치/관계도/원천자료/자치법규/d067a49a4c7eb4ff_링크.html","1280","2026-09-09T04:16:51.667Z",".html"
"04_기관리서치/관계도/원천자료/자치법규/d0c0c33d6c164a85_링크.html","1196","2026-09-09T04:17:17.547Z",".html"
"04_기관리서치/관계도/원천자료/자치법규/d0e7c0f75c9b524c_링크.html","1196","2026-09-09T04:16:21.856Z",".html"
"04_기관리서치/관계도/원천자료/자치법규/d1795daa1c7ebe78_링크.html","1196","2026-09-09T04:15:11.748Z",".html"
"04_기관리서치/관계도/원천자료/자치법규/d19dd1094c57fc08_링크.html","1279","2026-09-09T04:15:59.103Z",".html"
"04_기관리서치/관계도/원천자료/자치법규/d21c52416ddaf8cc_링크.html","1265","2026-09-09T04:15:06.026Z",".html"
"04_기관리서치/관계도/원천자료/자치법규/d2c27b961d559e87_링크.html","1283","2026-09-09T04:16:16.968Z",".html"
"04_기관리서치/관계도/원천자료/자치법규/d3a24da77d8e9b1d_링크.html","1281","2026-09-09T04:15:56.859Z",".html"
"04_기관리서치/관계도/원천자료/자치법규/d3c4141d7f1884ed_링크.html","1196","2026-09-09T04:14:44.893Z",".html"
"04_기관리서치/관계도/원천자료/자치법규/d4885c0fbe297c39_링크.html","1301","2026-09-09T04:14:51.123Z",".html"
"04_기관리서치/관계도/원천자료/자치법규/d54206bbcc2797b9_링크.html","1283","2026-09-09T04:14:52.037Z",".html"
"04_기관리서치/관계도/원천자료/자치법규/d56256152fe2e579_링크.html","1296","2026-09-09T04:16:59.315Z",".html"
"04_기관리서치/관계도/원천자료/자치법규/d60ac0eda430f8a9_링크.html","1288","2026-09-09T04:17:17.589Z",".html"
"04_기관리서치/관계도/원천자료/자치법규/d619e776d77031ec_링크.html","1304","2026-09-09T04:17:42.687Z",".html"
"04_기관리서치/관계도/원천자료/자치법규/d6251ae3eea35a2c_링크.html","1278","2026-09-09T04:15:40.503Z",".html"
"04_기관리서치/관계도/원천자료/자치법규/d6d00196197cb2b6_링크.html","1272","2026-09-09T04:16:07.567Z",".html"
"04_기관리서치/관계도/원천자료/자치법규/d6fdf7661d6724fc_링크.html","1196","2026-09-09T04:15:57.796Z",".html"
"04_기관리서치/관계도/원천자료/자치법규/d7017659d87a1914_링크.html","1275","2026-09-09T04:16:20.934Z",".html"
"04_기관리서치/관계도/원천자료/자치법규/d72503c887a263a7_링크.html","1298","2026-09-09T04:17:06.455Z",".html"
"04_기관리서치/관계도/원천자료/자치법규/d7616c7441e064a2_링크.html","1196","2026-09-09T04:16:01.172Z",".html"
"04_기관리서치/관계도/원천자료/자치법규/d7f859eb7c9575aa_링크.html","1278","2026-09-09T04:15:41.759Z",".html"
"04_기관리서치/관계도/원천자료/자치법규/d7fcdc26bc30c475_링크.html","1282","2026-09-09T04:16:04.721Z",".html"
"04_기관리서치/관계도/원천자료/자치법규/d854f1493ae5890a_링크.html","1296","2026-09-09T04:16:24.273Z",".html"
"04_기관리서치/관계도/원천자료/자치법규/d8fdb8c0874e71e6_링크.html","1269","2026-09-09T04:14:54.663Z",".html"
"04_기관리서치/관계도/원천자료/자치법규/d917512a01ef89d2_링크.html","1268","2026-09-09T04:16:02.705Z",".html"
"04_기관리서치/관계도/원천자료/자치법규/d9ac04f4447714e3_링크.html","1279","2026-09-09T04:17:21.225Z",".html"
"04_기관리서치/관계도/원천자료/자치법규/dab8f13b0e908af0_링크.html","1277","2026-09-09T04:17:03.235Z",".html"
"04_기관리서치/관계도/원천자료/자치법규/db8e4420dfdca751_링크.html","1282","2026-09-09T04:16:10.701Z",".html"
"04_기관리서치/관계도/원천자료/자치법규/dbdea1b84fd06e15_링크.html","1196","2026-09-09T04:16:57.035Z",".html"
"04_기관리서치/관계도/원천자료/자치법규/dc3579068cb07d2e_링크.html","1284","2026-09-09T04:17:14.742Z",".html"
"04_기관리서치/관계도/원천자료/자치법규/dc8ec4285dbfa8ea_링크.html","1302","2026-09-09T04:17:43.647Z",".html"
"04_기관리서치/관계도/원천자료/자치법규/dc8f3c2763b4447b_링크.html","1196","2026-09-09T04:14:42.150Z",".html"
"04_기관리서치/관계도/원천자료/자치법규/dcb4cee905d34fcf_링크.html","1270","2026-09-09T04:16:36.113Z",".html"
"04_기관리서치/관계도/원천자료/자치법규/dd3193cff9e4922d_링크.html","1282","2026-09-09T04:14:56.918Z",".html"
"04_기관리서치/관계도/원천자료/자치법규/dd478c7ec757f0a5_링크.html","1196","2026-09-09T04:15:59.032Z",".html"
"04_기관리서치/관계도/원천자료/자치법규/dd53740ddc012c30_링크.html","1295","2026-09-09T04:15:18.881Z",".html"
"04_기관리서치/관계도/원천자료/자치법규/dda72ca3fb6f9af8_링크.html","1196","2026-09-09T04:17:00.301Z",".html"
"04_기관리서치/관계도/원천자료/자치법규/ddc26418529b6e9b_링크.html","1282","2026-09-09T04:16:33.333Z",".html"
"04_기관리서치/관계도/원천자료/자치법규/de225ee1f9f795a7_링크.html","1196","2026-09-09T04:16:02.436Z",".html"
"04_기관리서치/관계도/원천자료/자치법규/de25a463b247739a_링크.html","1275","2026-09-09T04:17:03.230Z",".html"
"04_기관리서치/관계도/원천자료/자치법규/de6d3abf0765b65c_링크.html","1196","2026-09-09T04:16:00.445Z",".html"
"04_기관리서치/관계도/원천자료/자치법규/de70caa755cc1ada_링크.html","1295","2026-09-09T04:16:11.203Z",".html"
"04_기관리서치/관계도/원천자료/자치법규/de71b760bb1d21dd_링크.html","1196","2026-09-09T04:15:33.865Z",".html"
"04_기관리서치/관계도/원천자료/자치법규/dee1f49205b7cf7d_링크.html","1288","2026-09-09T04:14:55.580Z",".html"
"04_기관리서치/관계도/원천자료/자치법규/df43ae64cf86579a_링크.html","1196","2026-09-09T04:16:29.753Z",".html"
"04_기관리서치/관계도/원천자료/자치법규/e0f931f424d74b12_링크.html","1274","2026-09-09T04:16:09.788Z",".html"
"04_기관리서치/관계도/원천자료/자치법규/e11f435b8a071fc3_링크.html","1278","2026-09-09T04:15:14.065Z",".html"
"04_기관리서치/관계도/원천자료/자치법규/e1371fc9f6a1fb41_링크.html","1278","2026-09-09T04:16:02.426Z",".html"
"04_기관리서치/관계도/원천자료/자치법규/e1e998ebbe760acc_링크.html","1267","2026-09-09T04:16:37.030Z",".html"
"04_기관리서치/관계도/원천자료/자치법규/e23a2cc1691dee09_링크.html","1196","2026-09-09T04:15:57.237Z",".html"
"04_기관리서치/관계도/원천자료/자치법규/e244cd056b06bb80_링크.html","1196","2026-09-09T04:15:19.914Z",".html"
"04_기관리서치/관계도/원천자료/자치법규/e255ac3e7f4c462a_링크.html","1268","2026-09-09T04:14:45.158Z",".html"
"04_기관리서치/관계도/원천자료/자치법규/e3166c77e0f0d9fd_링크.html","1265","2026-09-09T04:15:43.884Z",".html"
"04_기관리서치/관계도/원천자료/자치법규/e34d66616922c82d_링크.html","1285","2026-09-09T04:17:13.880Z",".html"
"04_기관리서치/관계도/원천자료/자치법규/e3f1d6ec1b7de635_링크.html","1299","2026-09-09T04:15:47.370Z",".html"
"04_기관리서치/관계도/원천자료/자치법규/e4ea8eca284e5f0a_링크.html","1196","2026-09-09T04:16:14.822Z",".html"
"04_기관리서치/관계도/원천자료/자치법규/e52cd50dc82efef6_링크.html","1285","2026-09-09T04:17:31.550Z",".html"
"04_기관리서치/관계도/원천자료/자치법규/e54300952d6b8251_링크.html","1196","2026-09-09T04:17:19.160Z",".html"
"04_기관리서치/관계도/원천자료/자치법규/e55d5a924e0bb97e_링크.html","1196","2026-09-09T04:16:15.511Z",".html"
"04_기관리서치/관계도/원천자료/자치법규/e5b2dccd8d367394_링크.html","1275","2026-09-09T04:17:24.875Z",".html"
"04_기관리서치/관계도/원천자료/자치법규/e62490f9f3a6a245_링크.html","1196","2026-09-09T04:17:42.155Z",".html"
"04_기관리서치/관계도/원천자료/자치법규/e63f92ce9050c7c4_링크.html","1303","2026-09-09T04:16:30.504Z",".html"
"04_기관리서치/관계도/원천자료/자치법규/e6b28bf5f7b431b7_링크.html","1289","2026-09-09T04:14:53.904Z",".html"
"04_기관리서치/관계도/원천자료/자치법규/e6d4e5511ea37cf0_링크.html","1196","2026-09-09T04:15:44.421Z",".html"
"04_기관리서치/관계도/원천자료/자치법규/e740f6b1ddfacc33_링크.html","1196","2026-09-09T04:15:48.165Z",".html"
"04_기관리서치/관계도/원천자료/자치법규/e778c15588082c1e_링크.html","1272","2026-09-09T04:16:05.787Z",".html"
"04_기관리서치/관계도/원천자료/자치법규/e79481b7949f1c8e_링크.html","1279","2026-09-09T04:15:15.305Z",".html"
"04_기관리서치/관계도/원천자료/자치법규/e848ec4a105347fe_링크.html","1196","2026-09-09T04:17:39.727Z",".html"
"04_기관리서치/관계도/원천자료/자치법규/e8543e920eee3c69_링크.html","1272","2026-09-09T04:17:20.358Z",".html"
"04_기관리서치/관계도/원천자료/자치법규/e870e295d541254c_링크.html","1196","2026-09-09T04:17:35.671Z",".html"
"04_기관리서치/관계도/원천자료/자치법규/e872273bb5c9c61f_링크.html","1276","2026-09-09T04:16:47.682Z",".html"
"04_기관리서치/관계도/원천자료/자치법규/e8806b60f3a95c5b_링크.html","1275","2026-09-09T04:17:22.781Z",".html"
"04_기관리서치/관계도/원천자료/자치법규/e90fe7c232434512_링크.html","1295","2026-09-09T04:16:47.652Z",".html"
"04_기관리서치/관계도/원천자료/자치법규/e99f2ae67011760c_링크.html","1292","2026-09-09T04:16:42.487Z",".html"
"04_기관리서치/관계도/원천자료/자치법규/e9a084b8a6d8b21c_링크.html","1268","2026-09-09T04:15:58.069Z",".html"
"04_기관리서치/관계도/원천자료/자치법규/e9e86200928bd4d3_링크.html","1279","2026-09-09T04:14:44.736Z",".html"
"04_기관리서치/관계도/원천자료/자치법규/ea1465c537834a0a_링크.html","1265","2026-09-09T04:16:58.404Z",".html"
"04_기관리서치/관계도/원천자료/자치법규/ea68c46772b7f4c2_링크.html","1196","2026-09-09T04:16:01.222Z",".html"
"04_기관리서치/관계도/원천자료/자치법규/eadc1d2a2a1c380a_링크.html","1196","2026-09-09T04:15:07.956Z",".html"
"04_기관리서치/관계도/원천자료/자치법규/eb5f2fb080e1035b_링크.html","1318","2026-09-09T04:16:37.811Z",".html"
"04_기관리서치/관계도/원천자료/자치법규/eb90bbfc38e1059a_링크.html","1301","2026-09-09T04:15:28.496Z",".html"
"04_기관리서치/관계도/원천자료/자치법규/ebc10b56e2a16fc6_링크.html","1196","2026-09-09T04:16:46.432Z",".html"
"04_기관리서치/관계도/원천자료/자치법규/ebd994eb915c8c99_링크.html","1282","2026-09-09T04:15:57.502Z",".html"
"04_기관리서치/관계도/원천자료/자치법규/ec176438d6fdbd6d_링크.html","1285","2026-09-09T04:17:36.142Z",".html"
"04_기관리서치/관계도/원천자료/자치법규/eccd23efd6a60d04_링크.html","1196","2026-09-09T04:15:21.049Z",".html"
"04_기관리서치/관계도/원천자료/자치법규/ed05ef9f57f4f951_링크.html","1196","2026-09-09T04:17:05.152Z",".html"
"04_기관리서치/관계도/원천자료/자치법규/ed28de72413674a5_링크.html","1196","2026-09-09T04:17:26.463Z",".html"
"04_기관리서치/관계도/원천자료/자치법규/ed38e614f97c077a_링크.html","1196","2026-09-09T04:17:39.012Z",".html"
"04_기관리서치/관계도/원천자료/자치법규/edde455a6f2ea7cd_링크.html","1196","2026-09-09T04:16:15.309Z",".html"
"04_기관리서치/관계도/원천자료/자치법규/ee1738b16b86f36f_링크.html","1282","2026-09-09T04:17:33.769Z",".html"
"04_기관리서치/관계도/원천자료/자치법규/ee5ca37b56fccf3f_링크.html","1272","2026-09-09T04:15:50.450Z",".html"
"04_기관리서치/관계도/원천자료/자치법규/eec33a12c5e222a7_링크.html","1298","2026-09-09T04:15:48.150Z",".html"
"04_기관리서치/관계도/원천자료/자치법규/ef4494dff12ec705_링크.html","1285","2026-09-09T04:15:33.285Z",".html"
"04_기관리서치/관계도/원천자료/자치법규/ef8a9b1c7a34262d_링크.html","1196","2026-09-09T04:16:55.530Z",".html"
"04_기관리서치/관계도/원천자료/자치법규/ef8f4454b1ee79e7_링크.html","1285","2026-09-09T04:16:33.262Z",".html"
"04_기관리서치/관계도/원천자료/자치법규/ef99f72da991dbe6_링크.html","1196","2026-09-09T04:16:40.664Z",".html"
"04_기관리서치/관계도/원천자료/자치법규/efa08497f4ee3dd6_링크.html","1196","2026-09-09T04:15:59.722Z",".html"
"04_기관리서치/관계도/원천자료/자치법규/f00d1876a5a28a51_링크.html","1295","2026-09-09T04:15:20.388Z",".html"
"04_기관리서치/관계도/원천자료/자치법규/f01edbfa64ba056f_링크.html","1196","2026-09-09T04:17:05.015Z",".html"
"04_기관리서치/관계도/원천자료/자치법규/f05650c18c7231aa_링크.html","1196","2026-09-09T04:15:42.234Z",".html"
"04_기관리서치/관계도/원천자료/자치법규/f08c040d810fc1f9_링크.html","1295","2026-09-09T04:16:04.330Z",".html"
"04_기관리서치/관계도/원천자료/자치법규/f0a60ae9540d8e8e_링크.html","1293","2026-09-09T04:15:51.438Z",".html"
"04_기관리서치/관계도/원천자료/자치법규/f16d234e91709ca1_링크.html","1196","2026-09-09T04:15:28.496Z",".html"
"04_기관리서치/관계도/원천자료/자치법규/f17b73d7902867e2_링크.html","1282","2026-09-09T04:17:10.873Z",".html"
"04_기관리서치/관계도/원천자료/자치법규/f182f1622f836115_링크.html","1278","2026-09-09T04:17:06.279Z",".html"
"04_기관리서치/관계도/원천자료/자치법규/f22114693f3534cc_링크.html","1296","2026-09-09T04:17:05.269Z",".html"
"04_기관리서치/관계도/원천자료/자치법규/f3025a2e8e825fff_링크.html","1282","2026-09-09T04:14:45.769Z",".html"
"04_기관리서치/관계도/원천자료/자치법규/f3c493afcec013fc_링크.html","1196","2026-09-09T04:15:25.798Z",".html"
"04_기관리서치/관계도/원천자료/자치법규/f44103dee4554d49_링크.html","1285","2026-09-09T04:15:12.001Z",".html"
"04_기관리서치/관계도/원천자료/자치법규/f4eded4b3263cafa_링크.html","1279","2026-09-09T04:16:19.662Z",".html"
"04_기관리서치/관계도/원천자료/자치법규/f60651b2b9d57ce1_링크.html","1266","2026-09-09T04:16:18.954Z",".html"
"04_기관리서치/관계도/원천자료/자치법규/f60ede141914231b_링크.html","1196","2026-09-09T04:14:51.294Z",".html"
"04_기관리서치/관계도/원천자료/자치법규/f65b0f34f7054083_링크.html","1294","2026-09-09T04:17:09.921Z",".html"
"04_기관리서치/관계도/원천자료/자치법규/f66b8b1adf5ab0f5_링크.html","1297","2026-09-09T04:15:34.422Z",".html"
"04_기관리서치/관계도/원천자료/자치법규/f73280a52184a78f_링크.html","1313","2026-09-09T04:17:38.818Z",".html"
"04_기관리서치/관계도/원천자료/자치법규/f735ac704a0ce957_링크.html","1283","2026-09-09T04:15:53.568Z",".html"
"04_기관리서치/관계도/원천자료/자치법규/f795f266ab8c4217_링크.html","1282","2026-09-09T04:17:11.988Z",".html"
"04_기관리서치/관계도/원천자료/자치법규/f7acca93210412d5_링크.html","1196","2026-09-09T04:17:35.904Z",".html"
"04_기관리서치/관계도/원천자료/자치법규/f7b790381aeea4cf_링크.html","1279","2026-09-09T04:17:11.092Z",".html"
"04_기관리서치/관계도/원천자료/자치법규/f7c036db0f676641_링크.html","1196","2026-09-09T04:16:13.610Z",".html"
"04_기관리서치/관계도/원천자료/자치법규/f8028deca64468e1_링크.html","1277","2026-09-09T04:14:59.030Z",".html"
"04_기관리서치/관계도/원천자료/자치법규/f80c2b940c2b0c41_링크.html","1283","2026-09-09T04:16:00.289Z",".html"
"04_기관리서치/관계도/원천자료/자치법규/f96498a120cd2436_링크.html","1305","2026-09-09T04:17:09.972Z",".html"
"04_기관리서치/관계도/원천자료/자치법규/f9695c7179d4b429_링크.html","1285","2026-09-09T04:17:35.020Z",".html"
"04_기관리서치/관계도/원천자료/자치법규/f9c00678013f11e4_링크.html","1293","2026-09-09T04:17:26.628Z",".html"
"04_기관리서치/관계도/원천자료/자치법규/fa2fd4b84a21a0bf_링크.html","1298","2026-09-09T04:15:38.501Z",".html"
"04_기관리서치/관계도/원천자료/자치법규/fa4b4b55fbdb2005_링크.html","1279","2026-09-09T04:15:00.661Z",".html"
"04_기관리서치/관계도/원천자료/자치법규/fac12b8b71bbb412_링크.html","1196","2026-09-09T04:16:26.477Z",".html"
"04_기관리서치/관계도/원천자료/자치법규/faea7bfadac3ce27_링크.html","1279","2026-09-09T04:16:43.364Z",".html"
"04_기관리서치/관계도/원천자료/자치법규/faf3c907f92ee276_링크.html","1307","2026-09-09T04:16:35.049Z",".html"
"04_기관리서치/관계도/원천자료/자치법규/fc187d74c0c9b7cf_링크.html","1196","2026-09-09T04:17:29.803Z",".html"
"04_기관리서치/관계도/원천자료/자치법규/fd9e5a3f9fe83a51_링크.html","1294","2026-09-09T04:15:52.835Z",".html"
"04_기관리서치/관계도/원천자료/자치법규/fdc3382c2a1bc66e_링크.html","1283","2026-09-09T04:15:42.645Z",".html"
"04_기관리서치/관계도/원천자료/자치법규/fddd01a6c281cd2a_링크.html","1196","2026-09-09T04:17:43.181Z",".html"
"04_기관리서치/관계도/원천자료/자치법규/fe15dc8207176fa7_링크.html","1196","2026-09-09T04:16:15.215Z",".html"
"04_기관리서치/관계도/원천자료/자치법규/fe3616de51d950ee_링크.html","1285","2026-09-09T04:16:08.884Z",".html"
"04_기관리서치/관계도/원천자료/자치법규/ff08fd740a3dff99_링크.html","1196","2026-09-09T04:15:23.325Z",".html"
"04_기관리서치/관계도/원천자료/자치법규/ff3d70a6640db00f_링크.html","1196","2026-09-09T04:16:15.590Z",".html"
"04_기관리서치/관계도/원천자료/자치법규/ff4fb8a0122e90e1_링크.html","1288","2026-09-09T04:15:53.706Z",".html"
"04_기관리서치/관계도/원천자료/자치법규/ff663e5eb89cb766_링크.html","1308","2026-09-09T04:16:45.151Z",".html"
"04_기관리서치/관계도/원천자료/자치법규/ff8f5f4fc3b281b4_링크.html","1293","2026-09-09T04:15:05.186Z",".html"
"04_기관리서치/관계도/원천자료/자치법규/fffbb63fbf1c457c_링크.html","1283","2026-09-09T04:15:02.455Z",".html"
"04_기관리서치/관계도/원천자료/CLEANEYE/2007100001.html","15324","2026-09-09T04:08:44.467Z",".html"
"04_기관리서치/관계도/원천자료/CLEANEYE/2007100002.html","16067","2026-09-09T04:08:44.466Z",".html"
"04_기관리서치/관계도/원천자료/CLEANEYE/2007100003.html","22399","2026-09-09T04:08:44.467Z",".html"
"04_기관리서치/관계도/원천자료/CLEANEYE/2007100004.html","17084","2026-09-09T04:08:44.690Z",".html"
"04_기관리서치/관계도/원천자료/CLEANEYE/2007100005.html","23067","2026-09-09T04:08:44.665Z",".html"
"04_기관리서치/관계도/원천자료/CLEANEYE/2007100006.html","18038","2026-09-09T04:08:44.655Z",".html"
"04_기관리서치/관계도/원천자료/CLEANEYE/2007100007.html","17168","2026-09-09T04:08:44.865Z",".html"
"04_기관리서치/관계도/원천자료/CLEANEYE/2007100008.html","16448","2026-09-09T04:08:44.865Z",".html"
"04_기관리서치/관계도/원천자료/CLEANEYE/2007100009.html","15173","2026-09-09T04:08:44.920Z",".html"
"04_기관리서치/관계도/원천자료/CLEANEYE/2007100010.html","19410","2026-09-09T04:08:45.064Z",".html"
"04_기관리서치/관계도/원천자료/CLEANEYE/2007100011.html","16674","2026-09-09T04:08:45.086Z",".html"
"04_기관리서치/관계도/원천자료/CLEANEYE/2007100012.html","18025","2026-09-09T04:08:45.142Z",".html"
"04_기관리서치/관계도/원천자료/CLEANEYE/2007100013.html","14821","2026-09-09T04:08:45.274Z",".html"
"04_기관리서치/관계도/원천자료/CLEANEYE/2007100014.html","11139","2026-09-09T04:08:45.290Z",".html"
"04_기관리서치/관계도/원천자료/CLEANEYE/2007100015.html","15159","2026-09-09T04:08:45.316Z",".html"
"04_기관리서치/관계도/원천자료/CLEANEYE/2007100016.html","16826","2026-09-09T04:08:45.516Z",".html"
"04_기관리서치/관계도/원천자료/CLEANEYE/2007100017.html","14684","2026-09-09T04:08:45.487Z",".html"
"04_기관리서치/관계도/원천자료/CLEANEYE/2007100018.html","13743","2026-09-09T04:08:45.528Z",".html"
"04_기관리서치/관계도/원천자료/CLEANEYE/2007100019.html","16479","2026-09-09T04:08:45.714Z",".html"
"04_기관리서치/관계도/원천자료/CLEANEYE/2007100020.html","18198","2026-09-09T04:08:45.718Z",".html"
"04_기관리서치/관계도/원천자료/CLEANEYE/2007100021.html","19355","2026-09-09T04:08:45.758Z",".html"
"04_기관리서치/관계도/원천자료/CLEANEYE/2007100022.html","16019","2026-09-09T04:08:45.933Z",".html"
"04_기관리서치/관계도/원천자료/CLEANEYE/2007100023.html","14087","2026-09-09T04:08:45.933Z",".html"
"04_기관리서치/관계도/원천자료/CLEANEYE/2007100024.html","16402","2026-09-09T04:08:45.950Z",".html"
"04_기관리서치/관계도/원천자료/CLEANEYE/2007100025.html","14764","2026-09-09T04:08:46.137Z",".html"
"04_기관리서치/관계도/원천자료/CLEANEYE/2007100026.html","15237","2026-09-09T04:08:46.146Z",".html"
"04_기관리서치/관계도/원천자료/CLEANEYE/2007100027.html","12630","2026-09-09T04:08:46.181Z",".html"
"04_기관리서치/관계도/원천자료/CLEANEYE/2007100028.html","18139","2026-09-09T04:08:46.359Z",".html"
"04_기관리서치/관계도/원천자료/CLEANEYE/2007100029.html","13748","2026-09-09T04:08:46.356Z",".html"
"04_기관리서치/관계도/원천자료/CLEANEYE/2007100030.html","17203","2026-09-09T04:08:46.405Z",".html"
"04_기관리서치/관계도/원천자료/CLEANEYE/2007100031.html","14899","2026-09-09T04:08:46.560Z",".html"
"04_기관리서치/관계도/원천자료/CLEANEYE/2007100032.html","15431","2026-09-09T04:08:46.566Z",".html"
"04_기관리서치/관계도/원천자료/CLEANEYE/2007100033.html","16501","2026-09-09T04:08:46.614Z",".html"
"04_기관리서치/관계도/원천자료/CLEANEYE/2007100034.html","18305","2026-09-09T04:08:46.776Z",".html"
"04_기관리서치/관계도/원천자료/CLEANEYE/2007100035.html","15113","2026-09-09T04:08:46.758Z",".html"
"04_기관리서치/관계도/원천자료/CLEANEYE/2007100036.html","17022","2026-09-09T04:08:46.814Z",".html"
"04_기관리서치/관계도/원천자료/CLEANEYE/2007100037.html","16576","2026-09-09T04:08:46.988Z",".html"
"04_기관리서치/관계도/원천자료/CLEANEYE/2007100038.html","14145","2026-09-09T04:08:46.969Z",".html"
"04_기관리서치/관계도/원천자료/CLEANEYE/2007100039.html","13660","2026-09-09T04:08:47.007Z",".html"
"04_기관리서치/관계도/원천자료/CLEANEYE/2007100040.html","14019","2026-09-09T04:08:47.209Z",".html"
"04_기관리서치/관계도/원천자료/CLEANEYE/2007100041.html","15548","2026-09-09T04:08:47.209Z",".html"
"04_기관리서치/관계도/원천자료/CLEANEYE/2007100042.html","16819","2026-09-09T04:08:47.235Z",".html"
"04_기관리서치/관계도/원천자료/CLEANEYE/2007100043.html","17050","2026-09-09T04:08:47.419Z",".html"
"04_기관리서치/관계도/원천자료/CLEANEYE/2007100044.html","16555","2026-09-09T04:08:47.420Z",".html"
"04_기관리서치/관계도/원천자료/CLEANEYE/2007100045.html","14518","2026-09-09T04:08:47.459Z",".html"
"04_기관리서치/관계도/원천자료/CLEANEYE/2007100046.html","16217","2026-09-09T04:08:47.634Z",".html"
"04_기관리서치/관계도/원천자료/CLEANEYE/2007100047.html","16404","2026-09-09T04:08:47.642Z",".html"
"04_기관리서치/관계도/원천자료/CLEANEYE/2007100048.html","16537","2026-09-09T04:08:47.671Z",".html"
"04_기관리서치/관계도/원천자료/CLEANEYE/2007100049.html","15115","2026-09-09T04:08:47.872Z",".html"
"04_기관리서치/관계도/원천자료/CLEANEYE/2007100050.html","15016","2026-09-09T04:08:47.847Z",".html"
"04_기관리서치/관계도/원천자료/CLEANEYE/2007100051.html","12403","2026-09-09T04:08:47.878Z",".html"
"04_기관리서치/관계도/원천자료/CLEANEYE/2007100052.html","14488","2026-09-09T04:08:48.050Z",".html"
"04_기관리서치/관계도/원천자료/CLEANEYE/2007100053.html","13794","2026-09-09T04:08:48.094Z",".html"
"04_기관리서치/관계도/원천자료/CLEANEYE/2007100054.html","14957","2026-09-09T04:08:48.092Z",".html"
"04_기관리서치/관계도/원천자료/CLEANEYE/2007100055.html","14930","2026-09-09T04:08:48.293Z",".html"
"04_기관리서치/관계도/원천자료/CLEANEYE/2007100056.html","15645","2026-09-09T04:08:48.323Z",".html"
"04_기관리서치/관계도/원천자료/CLEANEYE/2007100058.html","18315","2026-09-09T04:08:48.287Z",".html"
"04_기관리서치/관계도/원천자료/CLEANEYE/2007100059.html","11774","2026-09-09T04:08:48.495Z",".html"
"04_기관리서치/관계도/원천자료/CLEANEYE/2007100060.html","16131","2026-09-09T04:08:48.494Z",".html"
"04_기관리서치/관계도/원천자료/CLEANEYE/2007100061.html","13305","2026-09-09T04:08:48.538Z",".html"
"04_기관리서치/관계도/원천자료/CLEANEYE/2007100062.html","15160","2026-09-09T04:08:48.728Z",".html"
"04_기관리서치/관계도/원천자료/CLEANEYE/2007100063.html","16817","2026-09-09T04:08:48.725Z",".html"
"04_기관리서치/관계도/원천자료/CLEANEYE/2007100064.html","16307","2026-09-09T04:08:48.732Z",".html"
"04_기관리서치/관계도/원천자료/CLEANEYE/2007100065.html","14137","2026-09-09T04:08:48.909Z",".html"
"04_기관리서치/관계도/원천자료/CLEANEYE/2007100066.html","16262","2026-09-09T04:08:48.923Z",".html"
"04_기관리서치/관계도/원천자료/CLEANEYE/2007100067.html","15217","2026-09-09T04:08:48.948Z",".html"
"04_기관리서치/관계도/원천자료/CLEANEYE/2007100068.html","16308","2026-09-09T04:08:49.135Z",".html"
"04_기관리서치/관계도/원천자료/CLEANEYE/2007100069.html","13604","2026-09-09T04:08:49.164Z",".html"
"04_기관리서치/관계도/원천자료/CLEANEYE/2007100070.html","13672","2026-09-09T04:08:49.155Z",".html"
"04_기관리서치/관계도/원천자료/CLEANEYE/2007100071.html","13924","2026-09-09T04:08:49.375Z",".html"
"04_기관리서치/관계도/원천자료/CLEANEYE/2007100072.html","17715","2026-09-09T04:08:49.349Z",".html"
"04_기관리서치/관계도/원천자료/CLEANEYE/2007100073.html","15474","2026-09-09T04:08:49.352Z",".html"
"04_기관리서치/관계도/원천자료/CLEANEYE/2007100074.html","14755","2026-09-09T04:08:49.555Z",".html"
"04_기관리서치/관계도/원천자료/CLEANEYE/2007100075.html","14365","2026-09-09T04:08:49.584Z",".html"
"04_기관리서치/관계도/원천자료/CLEANEYE/2007100076.html","14053","2026-09-09T04:08:49.566Z",".html"
"04_기관리서치/관계도/원천자료/CLEANEYE/2007100077.html","14323","2026-09-09T04:08:49.773Z",".html"
"04_기관리서치/관계도/원천자료/CLEANEYE/2007100078.html","14657","2026-09-09T04:08:49.775Z",".html"
"04_기관리서치/관계도/원천자료/CLEANEYE/2007100079.html","15161","2026-09-09T04:08:49.798Z",".html"
"04_기관리서치/관계도/원천자료/CLEANEYE/2007100080.html","13942","2026-09-09T04:08:49.972Z",".html"
"04_기관리서치/관계도/원천자료/CLEANEYE/2007100081.html","13867","2026-09-09T04:08:49.991Z",".html"
"04_기관리서치/관계도/원천자료/CLEANEYE/2007100082.html","14320","2026-09-09T04:08:50.015Z",".html"
"04_기관리서치/관계도/원천자료/CLEANEYE/2007100083.html","15685","2026-09-09T04:08:50.184Z",".html"
"04_기관리서치/관계도/원천자료/CLEANEYE/2007100084.html","14255","2026-09-09T04:08:50.206Z",".html"
"04_기관리서치/관계도/원천자료/CLEANEYE/2007100085.html","15075","2026-09-09T04:08:50.227Z",".html"
"04_기관리서치/관계도/원천자료/CLEANEYE/2007100086.html","15462","2026-09-09T04:08:50.405Z",".html"
"04_기관리서치/관계도/원천자료/CLEANEYE/2007100087.html","14880","2026-09-09T04:08:50.425Z",".html"
"04_기관리서치/관계도/원천자료/CLEANEYE/2007100088.html","15880","2026-09-09T04:08:50.452Z",".html"
"04_기관리서치/관계도/원천자료/CLEANEYE/2007100089.html","14042","2026-09-09T04:08:50.605Z",".html"
"04_기관리서치/관계도/원천자료/CLEANEYE/2007100090.html","14357","2026-09-09T04:08:50.654Z",".html"
"04_기관리서치/관계도/원천자료/CLEANEYE/2007100091.html","15094","2026-09-09T04:08:50.642Z",".html"
"04_기관리서치/관계도/원천자료/CLEANEYE/2007100092.html","21382","2026-09-09T04:08:50.803Z",".html"
"04_기관리서치/관계도/원천자료/CLEANEYE/2007100093.html","17622","2026-09-09T04:08:50.862Z",".html"
"04_기관리서치/관계도/원천자료/CLEANEYE/2007100095.html","15876","2026-09-09T04:08:50.869Z",".html"
"04_기관리서치/관계도/원천자료/CLEANEYE/2007100097.html","16769","2026-09-09T04:08:51.021Z",".html"
"04_기관리서치/관계도/원천자료/CLEANEYE/2007100098.html","13920","2026-09-09T04:08:51.061Z",".html"
"04_기관리서치/관계도/원천자료/CLEANEYE/2007100099.html","19709","2026-09-09T04:08:51.084Z",".html"
"04_기관리서치/관계도/원천자료/CLEANEYE/2007100100.html","14354","2026-09-09T04:08:51.248Z",".html"
"04_기관리서치/관계도/원천자료/CLEANEYE/2007100101.html","16486","2026-09-09T04:08:51.259Z",".html"
"04_기관리서치/관계도/원천자료/CLEANEYE/2007100102.html","20680","2026-09-09T04:08:51.300Z",".html"
"04_기관리서치/관계도/원천자료/CLEANEYE/2007100103.html","17756","2026-09-09T04:08:51.466Z",".html"
"04_기관리서치/관계도/원천자료/CLEANEYE/2007100104.html","13732","2026-09-09T04:08:51.472Z",".html"
"04_기관리서치/관계도/원천자료/CLEANEYE/2007100105.html","19211","2026-09-09T04:08:51.508Z",".html"
"04_기관리서치/관계도/원천자료/CLEANEYE/2007100109.html","16895","2026-09-09T04:08:53.152Z",".html"
"04_기관리서치/관계도/원천자료/CLEANEYE/2007100110.html","20575","2026-09-09T04:08:53.152Z",".html"
"04_기관리서치/관계도/원천자료/CLEANEYE/2007100111.html","17113","2026-09-09T04:08:53.186Z",".html"
"04_기관리서치/관계도/원천자료/CLEANEYE/2007100112.html","17698","2026-09-09T04:08:53.363Z",".html"
"04_기관리서치/관계도/원천자료/CLEANEYE/2007100113.html","15304","2026-09-09T04:08:53.350Z",".html"
"04_기관리서치/관계도/원천자료/CLEANEYE/2007100114.html","16803","2026-09-09T04:08:53.402Z",".html"
"04_기관리서치/관계도/원천자료/CLEANEYE/2007100115.html","13826","2026-09-09T04:08:53.575Z",".html"
"04_기관리서치/관계도/원천자료/CLEANEYE/2007100116.html","21061","2026-09-09T04:08:53.601Z",".html"
"04_기관리서치/관계도/원천자료/CLEANEYE/2007100117.html","15776","2026-09-09T04:08:53.586Z",".html"
"04_기관리서치/관계도/원천자료/CLEANEYE/2007100118.html","15449","2026-09-09T04:08:53.785Z",".html"
"04_기관리서치/관계도/원천자료/CLEANEYE/2007100119.html","14632","2026-09-09T04:08:53.818Z",".html"
"04_기관리서치/관계도/원천자료/CLEANEYE/2007100120.html","13196","2026-09-09T04:08:53.818Z",".html"
"04_기관리서치/관계도/원천자료/CLEANEYE/2007100121.html","12024","2026-09-09T04:08:54.023Z",".html"
"04_기관리서치/관계도/원천자료/CLEANEYE/2007100122.html","13272","2026-09-09T04:08:54.016Z",".html"
"04_기관리서치/관계도/원천자료/CLEANEYE/2007100123.html","16398","2026-09-09T04:08:54.035Z",".html"
"04_기관리서치/관계도/원천자료/CLEANEYE/2007100124.html","18084","2026-09-09T04:08:54.213Z",".html"
"04_기관리서치/관계도/원천자료/CLEANEYE/2007100125.html","14493","2026-09-09T04:08:54.217Z",".html"
"04_기관리서치/관계도/원천자료/CLEANEYE/2007100126.html","17334","2026-09-09T04:08:54.244Z",".html"
"04_기관리서치/관계도/원천자료/CLEANEYE/2007100127.html","14854","2026-09-09T04:08:54.442Z",".html"
"04_기관리서치/관계도/원천자료/CLEANEYE/2007100128.html","14306","2026-09-09T04:08:54.420Z",".html"
"04_기관리서치/관계도/원천자료/CLEANEYE/2007100129.html","13331","2026-09-09T04:08:54.461Z",".html"
"04_기관리서치/관계도/원천자료/CLEANEYE/2007100130.html","16583","2026-09-09T04:08:54.623Z",".html"
"04_기관리서치/관계도/원천자료/CLEANEYE/2007100131.html","19449","2026-09-09T04:08:54.640Z",".html"
"04_기관리서치/관계도/원천자료/CLEANEYE/2007100132.html","13060","2026-09-09T04:08:54.672Z",".html"
"04_기관리서치/관계도/원천자료/CLEANEYE/2007100133.html","17993","2026-09-09T04:08:54.858Z",".html"
"04_기관리서치/관계도/원천자료/CLEANEYE/2007100134.html","16744","2026-09-09T04:08:54.859Z",".html"
"04_기관리서치/관계도/원천자료/CLEANEYE/2007100135.html","15891","2026-09-09T04:08:54.869Z",".html"
"04_기관리서치/관계도/원천자료/CLEANEYE/2007100136.html","13990","2026-09-09T04:08:55.071Z",".html"
"04_기관리서치/관계도/원천자료/CLEANEYE/2007100137.html","14227","2026-09-09T04:08:55.063Z",".html"
"04_기관리서치/관계도/원천자료/CLEANEYE/2007100138.html","14425","2026-09-09T04:08:55.066Z",".html"
"04_기관리서치/관계도/원천자료/CLEANEYE/2007100139.html","15585","2026-09-09T04:08:55.293Z",".html"
"04_기관리서치/관계도/원천자료/CLEANEYE/2007100140.html","14146","2026-09-09T04:08:55.292Z",".html"
"04_기관리서치/관계도/원천자료/CLEANEYE/2007100141.html","15556","2026-09-09T04:08:55.292Z",".html"
"04_기관리서치/관계도/원천자료/CLEANEYE/2007100142.html","13802","2026-09-09T04:08:55.492Z",".html"
"04_기관리서치/관계도/원천자료/CLEANEYE/2007100143.html","14363","2026-09-09T04:08:55.514Z",".html"
"04_기관리서치/관계도/원천자료/CLEANEYE/2007100144.html","13301","2026-09-09T04:08:55.517Z",".html"
"04_기관리서치/관계도/원천자료/CLEANEYE/2007100145.html","13830","2026-09-09T04:08:55.721Z",".html"
"04_기관리서치/관계도/원천자료/CLEANEYE/2007100146.html","16251","2026-09-09T04:08:55.708Z",".html"
"04_기관리서치/관계도/원천자료/CLEANEYE/2007100147.html","13666","2026-09-09T04:08:55.743Z",".html"
"04_기관리서치/관계도/원천자료/CLEANEYE/2007100148.html","13304","2026-09-09T04:08:55.893Z",".html"
"04_기관리서치/관계도/원천자료/CLEANEYE/2007100149.html","13511","2026-09-09T04:08:55.934Z",".html"
"04_기관리서치/관계도/원천자료/CLEANEYE/2007100150.html","15202","2026-09-09T04:08:55.967Z",".html"
"04_기관리서치/관계도/원천자료/CLEANEYE/2007100151.html","13830","2026-09-09T04:08:56.117Z",".html"
"04_기관리서치/관계도/원천자료/CLEANEYE/2007100152.html","14715","2026-09-09T04:08:56.127Z",".html"
"04_기관리서치/관계도/원천자료/CLEANEYE/2007100153.html","13980","2026-09-09T04:08:56.155Z",".html"
"04_기관리서치/관계도/원천자료/CLEANEYE/2007100154.html","11912","2026-09-09T04:08:56.344Z",".html"
"04_기관리서치/관계도/원천자료/CLEANEYE/2007100155.html","18130","2026-09-09T04:08:56.348Z",".html"
"04_기관리서치/관계도/원천자료/CLEANEYE/2007100156.html","18778","2026-09-09T04:08:56.374Z",".html"
"04_기관리서치/관계도/원천자료/CLEANEYE/2007100157.html","13768","2026-09-09T04:08:56.552Z",".html"
"04_기관리서치/관계도/원천자료/CLEANEYE/2007100158.html","13865","2026-09-09T04:08:56.552Z",".html"
"04_기관리서치/관계도/원천자료/CLEANEYE/2007100159.html","17431","2026-09-09T04:08:56.563Z",".html"
"04_기관리서치/관계도/원천자료/CLEANEYE/2007100160.html","17050","2026-09-09T04:08:56.769Z",".html"
"04_기관리서치/관계도/원천자료/CLEANEYE/2007100162.html","23348","2026-09-09T04:08:56.770Z",".html"
"04_기관리서치/관계도/원천자료/CLEANEYE/2007100164.html","13228","2026-09-09T04:08:56.793Z",".html"
"04_기관리서치/관계도/원천자료/CLEANEYE/2007100165.html","14502","2026-09-09T04:08:57.014Z",".html"
"04_기관리서치/관계도/원천자료/CLEANEYE/2007100166.html","14638","2026-09-09T04:08:56.987Z",".html"
"04_기관리서치/관계도/원천자료/CLEANEYE/2007100167.html","14297","2026-09-09T04:08:57.024Z",".html"
"04_기관리서치/관계도/원천자료/CLEANEYE/2007100168.html","23400","2026-09-09T04:08:57.184Z",".html"
"04_기관리서치/관계도/원천자료/CLEANEYE/2007100170.html","18950","2026-09-09T04:08:57.219Z",".html"
"04_기관리서치/관계도/원천자료/CLEANEYE/2007100169.html","16746","2026-09-09T04:08:57.237Z",".html"
"04_기관리서치/관계도/원천자료/CLEANEYE/2007100176.html","13093","2026-09-09T04:09:00.510Z",".html"
"04_기관리서치/관계도/원천자료/CLEANEYE/2007100177.html","14137","2026-09-09T04:09:00.651Z",".html"
"04_기관리서치/관계도/원천자료/CLEANEYE/2007100183.html","14547","2026-09-09T04:09:00.687Z",".html"
"04_기관리서치/관계도/원천자료/CLEANEYE/2007100184.html","14608","2026-09-09T04:09:00.729Z",".html"
"04_기관리서치/관계도/원천자료/CLEANEYE/2007100185.html","12659","2026-09-09T04:09:00.839Z",".html"
"04_기관리서치/관계도/원천자료/CLEANEYE/2007100188.html","14168","2026-09-09T04:09:00.885Z",".html"
"04_기관리서치/관계도/원천자료/CLEANEYE/2007100189.html","14246","2026-09-09T04:09:00.991Z",".html"
"04_기관리서치/관계도/원천자료/CLEANEYE/2007100190.html","14449","2026-09-09T04:09:01.070Z",".html"
"04_기관리서치/관계도/원천자료/CLEANEYE/2007100192.html","12423","2026-09-09T04:09:01.102Z",".html"
"04_기관리서치/관계도/원천자료/CLEANEYE/2007100194.html","11933","2026-09-09T04:09:01.198Z",".html"
"04_기관리서치/관계도/원천자료/CLEANEYE/2007100195.html","14655","2026-09-09T04:09:01.274Z",".html"
"04_기관리서치/관계도/원천자료/CLEANEYE/2007100196.html","15495","2026-09-09T04:09:01.325Z",".html"
"04_기관리서치/관계도/원천자료/CLEANEYE/2007100197.html","16195","2026-09-09T04:09:01.422Z",".html"
"04_기관리서치/관계도/원천자료/CLEANEYE/2007100199.html","13641","2026-09-09T04:09:01.496Z",".html"
"04_기관리서치/관계도/원천자료/CLEANEYE/2007100200.html","11912","2026-09-09T04:09:01.563Z",".html"
"04_기관리서치/관계도/원천자료/CLEANEYE/2007100201.html","14597","2026-09-09T04:09:01.617Z",".html"
"04_기관리서치/관계도/원천자료/CLEANEYE/2007100202.html","14991","2026-09-09T04:09:01.699Z",".html"
"04_기관리서치/관계도/원천자료/CLEANEYE/2007100203.html","14099","2026-09-09T04:09:01.768Z",".html"
"04_기관리서치/관계도/원천자료/CLEANEYE/2007100204.html","13794","2026-09-09T04:09:01.818Z",".html"
"04_기관리서치/관계도/원천자료/CLEANEYE/2007100205.html","13567","2026-09-09T04:09:01.891Z",".html"
"04_기관리서치/관계도/원천자료/CLEANEYE/2007100207.html","13217","2026-09-09T04:09:01.992Z",".html"
"04_기관리서치/관계도/원천자료/CLEANEYE/2007100228.html","14427","2026-09-09T04:09:02.508Z",".html"
"04_기관리서치/관계도/원천자료/CLEANEYE/2007100229.html","16561","2026-09-09T04:09:02.591Z",".html"
"04_기관리서치/관계도/원천자료/CLEANEYE/2007100230.html","15802","2026-09-09T04:09:02.671Z",".html"
"04_기관리서치/관계도/원천자료/CLEANEYE/2007100231.html","15131","2026-09-09T04:09:02.720Z",".html"
"04_기관리서치/관계도/원천자료/CLEANEYE/2007100232.html","16255","2026-09-09T04:09:02.785Z",".html"
"04_기관리서치/관계도/원천자료/CLEANEYE/2007100233.html","17373","2026-09-09T04:09:02.939Z",".html"
"04_기관리서치/관계도/원천자료/CLEANEYE/2007100234.html","18940","2026-09-09T04:09:03.005Z",".html"
"04_기관리서치/관계도/원천자료/CLEANEYE/2007100235.html","17611","2026-09-09T04:09:03.091Z",".html"
"04_기관리서치/관계도/원천자료/CLEANEYE/2007100236.html","20020","2026-09-09T04:09:03.156Z",".html"
"04_기관리서치/관계도/원천자료/CLEANEYE/2007100237.html","17938","2026-09-09T04:09:03.223Z",".html"
"04_기관리서치/관계도/원천자료/CLEANEYE/2007100238.html","14814","2026-09-09T04:09:03.309Z",".html"
"04_기관리서치/관계도/원천자료/CLEANEYE/2007100239.html","17462","2026-09-09T04:09:03.373Z",".html"
"04_기관리서치/관계도/원천자료/CLEANEYE/2007100240.html","14219","2026-09-09T04:09:03.444Z",".html"
"04_기관리서치/관계도/원천자료/CLEANEYE/2007100241.html","18728","2026-09-09T04:09:03.522Z",".html"
"04_기관리서치/관계도/원천자료/CLEANEYE/2007100242.html","14996","2026-09-09T04:09:03.573Z",".html"
"04_기관리서치/관계도/원천자료/CLEANEYE/2007100243.html","15355","2026-09-09T04:09:03.669Z",".html"
"04_기관리서치/관계도/원천자료/CLEANEYE/2007100244.html","17573","2026-09-09T04:09:03.736Z",".html"
"04_기관리서치/관계도/원천자료/CLEANEYE/2007100245.html","18772","2026-09-09T04:09:03.808Z",".html"
"04_기관리서치/관계도/원천자료/CLEANEYE/2007100246.html","17338","2026-09-09T04:09:03.885Z",".html"
"04_기관리서치/관계도/원천자료/CLEANEYE/2007100247.html","19442","2026-09-09T04:09:04.092Z",".html"
"04_기관리서치/관계도/원천자료/CLEANEYE/2007100250.html","16258","2026-09-09T04:09:04.159Z",".html"
"04_기관리서치/관계도/원천자료/CLEANEYE/2007100252.html","13727","2026-09-09T04:09:04.249Z",".html"
"04_기관리서치/관계도/원천자료/CLEANEYE/2007100253.html","15699","2026-09-09T04:09:04.325Z",".html"
"04_기관리서치/관계도/원천자료/CLEANEYE/2007100254.html","15797","2026-09-09T04:09:04.379Z",".html"
"04_기관리서치/관계도/원천자료/CLEANEYE/2007100255.html","17565","2026-09-09T04:09:04.481Z",".html"
"04_기관리서치/관계도/원천자료/CLEANEYE/2007100256.html","17986","2026-09-09T04:09:04.538Z",".html"
"04_기관리서치/관계도/원천자료/CLEANEYE/2007100257.html","15213","2026-09-09T04:09:04.598Z",".html"
"04_기관리서치/관계도/원천자료/CLEANEYE/2007100260.html","15397","2026-09-09T04:09:04.685Z",".html"
"04_기관리서치/관계도/원천자료/CLEANEYE/2007100261.html","16859","2026-09-09T04:09:08.181Z",".html"
"04_기관리서치/관계도/원천자료/CLEANEYE/2007100264.html","17319","2026-09-09T04:09:08.208Z",".html"
"04_기관리서치/관계도/원천자료/CLEANEYE/2007100265.html","13682","2026-09-09T04:09:08.236Z",".html"
"04_기관리서치/관계도/원천자료/CLEANEYE/2007100266.html","16390","2026-09-09T04:09:08.403Z",".html"
"04_기관리서치/관계도/원천자료/CLEANEYE/2007100267.html","16872","2026-09-09T04:09:08.431Z",".html"
"04_기관리서치/관계도/원천자료/CLEANEYE/2007100268.html","14276","2026-09-09T04:09:08.447Z",".html"
"04_기관리서치/관계도/원천자료/CLEANEYE/2007100269.html","15697","2026-09-09T04:09:08.622Z",".html"
"04_기관리서치/관계도/원천자료/CLEANEYE/2007100270.html","17462","2026-09-09T04:09:08.655Z",".html"
"04_기관리서치/관계도/원천자료/CLEANEYE/2007100271.html","16909","2026-09-09T04:09:08.655Z",".html"
"04_기관리서치/관계도/원천자료/CLEANEYE/2007100272.html","17203","2026-09-09T04:09:08.853Z",".html"
"04_기관리서치/관계도/원천자료/CLEANEYE/2007100273.html","16014","2026-09-09T04:09:08.878Z",".html"
"04_기관리서치/관계도/원천자료/CLEANEYE/2007100274.html","17701","2026-09-09T04:09:08.880Z",".html"
"04_기관리서치/관계도/원천자료/CLEANEYE/2007100275.html","15015","2026-09-09T04:09:09.068Z",".html"
"04_기관리서치/관계도/원천자료/CLEANEYE/2007100276.html","17852","2026-09-09T04:09:09.075Z",".html"
"04_기관리서치/관계도/원천자료/CLEANEYE/2007100277.html","19533","2026-09-09T04:09:09.095Z",".html"
"04_기관리서치/관계도/원천자료/CLEANEYE/2007100278.html","14704","2026-09-09T04:09:09.273Z",".html"
"04_기관리서치/관계도/원천자료/CLEANEYE/2007100279.html","15323","2026-09-09T04:09:09.273Z",".html"
"04_기관리서치/관계도/원천자료/CLEANEYE/2007100280.html","13766","2026-09-09T04:09:09.309Z",".html"
"04_기관리서치/관계도/원천자료/CLEANEYE/2007100281.html","18337","2026-09-09T04:09:09.491Z",".html"
"04_기관리서치/관계도/원천자료/CLEANEYE/2007100282.html","17043","2026-09-09T04:09:09.509Z",".html"
"04_기관리서치/관계도/원천자료/CLEANEYE/2007100283.html","16342","2026-09-09T04:09:09.544Z",".html"
"04_기관리서치/관계도/원천자료/CLEANEYE/2007100284.html","14595","2026-09-09T04:09:09.687Z",".html"
"04_기관리서치/관계도/원천자료/CLEANEYE/2007100285.html","15936","2026-09-09T04:09:09.712Z",".html"
"04_기관리서치/관계도/원천자료/CLEANEYE/2007100286.html","17190","2026-09-09T04:09:09.765Z",".html"
"04_기관리서치/관계도/원천자료/CLEANEYE/2007100287.html","17836","2026-09-09T04:09:09.882Z",".html"
"04_기관리서치/관계도/원천자료/CLEANEYE/2007100288.html","15894","2026-09-09T04:09:09.920Z",".html"
"04_기관리서치/관계도/원천자료/CLEANEYE/2007100289.html","20050","2026-09-09T04:09:10.002Z",".html"
"04_기관리서치/관계도/원천자료/CLEANEYE/2007100290.html","18726","2026-09-09T04:09:10.102Z",".html"
"04_기관리서치/관계도/원천자료/CLEANEYE/2007100291.html","18383","2026-09-09T04:09:10.136Z",".html"
"04_기관리서치/관계도/원천자료/CLEANEYE/2007100292.html","17485","2026-09-09T04:09:10.217Z",".html"
"04_기관리서치/관계도/원천자료/CLEANEYE/2007100293.html","14976","2026-09-09T04:09:10.308Z",".html"
"04_기관리서치/관계도/원천자료/CLEANEYE/2007100294.html","18004","2026-09-09T04:09:10.370Z",".html"
"04_기관리서치/관계도/원천자료/CLEANEYE/2007100295.html","15642","2026-09-09T04:09:04.756Z",".html"
"04_기관리서치/관계도/원천자료/CLEANEYE/2007100297.html","16224","2026-09-09T04:09:04.819Z",".html"
"04_기관리서치/관계도/원천자료/CLEANEYE/2007100300.html","15548","2026-09-09T04:09:04.897Z",".html"
"04_기관리서치/관계도/원천자료/CLEANEYE/2007100303.html","18855","2026-09-09T04:09:10.425Z",".html"
"04_기관리서치/관계도/원천자료/CLEANEYE/2007100310.html","16080","2026-09-09T04:09:10.528Z",".html"
"04_기관리서치/관계도/원천자료/CLEANEYE/2007100311.html","15749","2026-09-09T04:09:10.593Z",".html"
"04_기관리서치/관계도/원천자료/CLEANEYE/2007100313.html","18868","2026-09-09T04:09:10.663Z",".html"
"04_기관리서치/관계도/원천자료/CLEANEYE/2007100314.html","17724","2026-09-09T04:09:10.749Z",".html"
"04_기관리서치/관계도/원천자료/CLEANEYE/2007100315.html","18599","2026-09-09T04:09:10.808Z",".html"
"04_기관리서치/관계도/원천자료/CLEANEYE/2007100318.html","14555","2026-09-09T04:09:10.857Z",".html"
"04_기관리서치/관계도/원천자료/CLEANEYE/2007100321.html","16947","2026-09-09T04:09:10.955Z",".html"
"04_기관리서치/관계도/원천자료/CLEANEYE/2007100322.html","16781","2026-09-09T04:09:11.038Z",".html"
"04_기관리서치/관계도/원천자료/CLEANEYE/2007100323.html","15464","2026-09-09T04:09:11.088Z",".html"
"04_기관리서치/관계도/원천자료/CLEANEYE/2007100324.html","16101","2026-09-09T04:09:11.166Z",".html"
"04_기관리서치/관계도/원천자료/CLEANEYE/2007100325.html","15128","2026-09-09T04:09:14.690Z",".html"
"04_기관리서치/관계도/원천자료/CLEANEYE/2007100359.html","16153","2026-09-09T04:09:03.924Z",".html"
"04_기관리서치/관계도/원천자료/CLEANEYE/2007100361.html","14560","2026-09-09T04:08:57.397Z",".html"
"04_기관리서치/관계도/원천자료/CLEANEYE/2007100362.html","18346","2026-09-09T04:09:11.234Z",".html"
"04_기관리서치/관계도/원천자료/CLEANEYE/2007100363.html","13844","2026-09-09T04:08:57.424Z",".html"
"04_기관리서치/관계도/원천자료/CLEANEYE/2007100364.html","15177","2026-09-09T04:09:11.283Z",".html"
"04_기관리서치/관계도/원천자료/CLEANEYE/2007100365.html","14675","2026-09-09T04:09:11.370Z",".html"
"04_기관리서치/관계도/원천자료/CLEANEYE/2007100366.html","13857","2026-09-09T04:09:11.443Z",".html"
"04_기관리서치/관계도/원천자료/CLEANEYE/2007100367.html","16702","2026-09-09T04:08:51.661Z",".html"
"04_기관리서치/관계도/원천자료/CLEANEYE/2007100370.html","16534","2026-09-09T04:09:04.031Z",".html"
"04_기관리서치/관계도/원천자료/CLEANEYE/2007100372.html","14469","2026-09-09T04:08:51.686Z",".html"
"04_기관리서치/관계도/원천자료/CLEANEYE/2007100374.html","20241","2026-09-09T04:09:04.960Z",".html"
"04_기관리서치/관계도/원천자료/CLEANEYE/2007100376.html","19494","2026-09-09T04:09:05.053Z",".html"
"04_기관리서치/관계도/원천자료/CLEANEYE/2007100378.html","14669","2026-09-09T04:08:51.706Z",".html"
"04_기관리서치/관계도/원천자료/CLEANEYE/2007100381.html","19610","2026-09-09T04:09:11.489Z",".html"
"04_기관리서치/관계도/원천자료/CLEANEYE/2008000001.html","15844","2026-09-09T04:09:05.121Z",".html"
"04_기관리서치/관계도/원천자료/CLEANEYE/2008000002.html","16390","2026-09-09T04:09:11.566Z",".html"
"04_기관리서치/관계도/원천자료/CLEANEYE/2008000004.html","18842","2026-09-09T04:08:57.454Z",".html"
"04_기관리서치/관계도/원천자료/CLEANEYE/2008000005.html","14689","2026-09-09T04:09:02.033Z",".html"
"04_기관리서치/관계도/원천자료/CLEANEYE/2008000006.html","16182","2026-09-09T04:08:57.590Z",".html"
"04_기관리서치/관계도/원천자료/CLEANEYE/2008000007.html","15215","2026-09-09T04:09:11.668Z",".html"
"04_기관리서치/관계도/원천자료/CLEANEYE/2008000008.html","14055","2026-09-09T04:08:57.641Z",".html"
"04_기관리서치/관계도/원천자료/CLEANEYE/2008000009.html","17505","2026-09-09T04:09:05.178Z",".html"
"04_기관리서치/관계도/원천자료/CLEANEYE/2008000010.html","17456","2026-09-09T04:09:11.684Z",".html"
"04_기관리서치/관계도/원천자료/CLEANEYE/2008000011.html","14721","2026-09-09T04:09:05.256Z",".html"
"04_기관리서치/관계도/원천자료/CLEANEYE/2008000012.html","18148","2026-09-09T04:09:11.795Z",".html"
"04_기관리서치/관계도/원천자료/CLEANEYE/2008000013.html","15986","2026-09-09T04:09:05.321Z",".html"
"04_기관리서치/관계도/원천자료/CLEANEYE/2009000001.html","13612","2026-09-09T04:08:57.669Z",".html"
"04_기관리서치/관계도/원천자료/CLEANEYE/2009000002.html","18741","2026-09-09T04:09:05.379Z",".html"
"04_기관리서치/관계도/원천자료/CLEANEYE/2009000003.html","17518","2026-09-09T04:09:11.880Z",".html"
"04_기관리서치/관계도/원천자료/CLEANEYE/2009000004.html","16777","2026-09-09T04:09:05.480Z",".html"
"04_기관리서치/관계도/원천자료/CLEANEYE/2009000005.html","16342","2026-09-09T04:08:57.787Z",".html"
"04_기관리서치/관계도/원천자료/CLEANEYE/2009000008.html","15111","2026-09-09T04:08:57.838Z",".html"
"04_기관리서치/관계도/원천자료/CLEANEYE/2009000010.html","15980","2026-09-09T04:08:57.871Z",".html"
"04_기관리서치/관계도/원천자료/CLEANEYE/2009000011.html","13178","2026-09-09T04:09:05.533Z",".html"
"04_기관리서치/관계도/원천자료/CLEANEYE/2009000012.html","14456","2026-09-09T04:08:51.886Z",".html"
"04_기관리서치/관계도/원천자료/CLEANEYE/2009000013.html","15910","2026-09-09T04:09:05.596Z",".html"
"04_기관리서치/관계도/원천자료/CLEANEYE/2009000014.html","17660","2026-09-09T04:09:11.897Z",".html"
"04_기관리서치/관계도/원천자료/CLEANEYE/2009000015.html","10552","2026-09-09T04:08:57.984Z",".html"
"04_기관리서치/관계도/원천자료/CLEANEYE/2009000017.html","15936","2026-09-09T04:09:12.010Z",".html"
"04_기관리서치/관계도/원천자료/CLEANEYE/2009000018.html","13539","2026-09-09T04:08:51.914Z",".html"
"04_기관리서치/관계도/원천자료/CLEANEYE/2009000019.html","14650","2026-09-09T04:08:51.903Z",".html"
"04_기관리서치/관계도/원천자료/CLEANEYE/2010000001.html","15796","2026-09-09T04:09:12.100Z",".html"
"04_기관리서치/관계도/원천자료/CLEANEYE/2010000002.html","19152","2026-09-09T04:09:12.131Z",".html"
"04_기관리서치/관계도/원천자료/CLEANEYE/2010000003.html","14665","2026-09-09T04:09:02.089Z",".html"
"04_기관리서치/관계도/원천자료/CLEANEYE/2010000004.html","14693","2026-09-09T04:09:02.186Z",".html"
"04_기관리서치/관계도/원천자료/CLEANEYE/2010000005.html","13812","2026-09-09T04:08:58.050Z",".html"
"04_기관리서치/관계도/원천자료/CLEANEYE/2010000006.html","13784","2026-09-09T04:08:58.086Z",".html"
"04_기관리서치/관계도/원천자료/CLEANEYE/2010000009.html","13828","2026-09-09T04:09:05.714Z",".html"
"04_기관리서치/관계도/원천자료/CLEANEYE/2010000010.html","17222","2026-09-09T04:09:12.227Z",".html"
"04_기관리서치/관계도/원천자료/CLEANEYE/2010000011.html","21070","2026-09-09T04:09:05.738Z",".html"
"04_기관리서치/관계도/원천자료/CLEANEYE/2011000001.html","14296","2026-09-09T04:08:58.201Z",".html"
"04_기관리서치/관계도/원천자료/CLEANEYE/2011000002.html","16124","2026-09-09T04:09:05.818Z",".html"
"04_기관리서치/관계도/원천자료/CLEANEYE/2011000003.html","16949","2026-09-09T04:09:12.317Z",".html"
"04_기관리서치/관계도/원천자료/CLEANEYE/2011000007.html","16804","2026-09-09T04:09:05.908Z",".html"
"04_기관리서치/관계도/원천자료/CLEANEYE/2011000008.html","20173","2026-09-09T04:08:52.119Z",".html"
"04_기관리서치/관계도/원천자료/CLEANEYE/2011000009.html","12149","2026-09-09T04:08:52.120Z",".html"
"04_기관리서치/관계도/원천자료/CLEANEYE/2011000010.html","11990","2026-09-09T04:08:58.268Z",".html"
"04_기관리서치/관계도/원천자료/CLEANEYE/2011000011.html","14690","2026-09-09T04:08:58.301Z",".html"
"04_기관리서치/관계도/원천자료/CLEANEYE/2011000012.html","14189","2026-09-09T04:08:58.402Z",".html"
"04_기관리서치/관계도/원천자료/CLEANEYE/2011000013.html","14802","2026-09-09T04:08:58.480Z",".html"
"04_기관리서치/관계도/원천자료/CLEANEYE/2011000014.html","13037","2026-09-09T04:08:58.546Z",".html"
"04_기관리서치/관계도/원천자료/CLEANEYE/2011000015.html","11664","2026-09-09T04:08:52.101Z",".html"
"04_기관리서치/관계도/원천자료/CLEANEYE/2011000016.html","15832","2026-09-09T04:08:52.301Z",".html"
"04_기관리서치/관계도/원천자료/CLEANEYE/2011000018.html","16674","2026-09-09T04:09:05.932Z",".html"
"04_기관리서치/관계도/원천자료/CLEANEYE/2011000019.html","15026","2026-09-09T04:09:06.045Z",".html"
"04_기관리서치/관계도/원천자료/CLEANEYE/2011000020.html","12315","2026-09-09T04:08:58.595Z",".html"
"04_기관리서치/관계도/원천자료/CLEANEYE/2011000021.html","16319","2026-09-09T04:09:12.357Z",".html"
"04_기관리서치/관계도/원천자료/CLEANEYE/2011000026.html","15884","2026-09-09T04:08:58.673Z",".html"
"04_기관리서치/관계도/원천자료/CLEANEYE/2011000027.html","14728","2026-09-09T04:09:06.129Z",".html"
"04_기관리서치/관계도/원천자료/CLEANEYE/2012000001.html","17372","2026-09-09T04:09:06.134Z",".html"
"04_기관리서치/관계도/원천자료/CLEANEYE/2012000002.html","13240","2026-09-09T04:08:52.330Z",".html"
"04_기관리서치/관계도/원천자료/CLEANEYE/2012000003.html","12120","2026-09-09T04:08:58.758Z",".html"
"04_기관리서치/관계도/원천자료/CLEANEYE/2012000004.html","14274","2026-09-09T04:08:58.817Z",".html"
"04_기관리서치/관계도/원천자료/CLEANEYE/2012000005.html","14456","2026-09-09T04:08:58.892Z",".html"
"04_기관리서치/관계도/원천자료/CLEANEYE/2012000006.html","16134","2026-09-09T04:08:58.973Z",".html"
"04_기관리서치/관계도/원천자료/CLEANEYE/2012000008.html","14721","2026-09-09T04:08:52.339Z",".html"
"04_기관리서치/관계도/원천자료/CLEANEYE/2012000009.html","13864","2026-09-09T04:08:59.032Z",".html"
"04_기관리서치/관계도/원천자료/CLEANEYE/2012000012.html","18156","2026-09-09T04:09:06.255Z",".html"
"04_기관리서치/관계도/원천자료/CLEANEYE/2012000013.html","15490","2026-09-09T04:09:06.321Z",".html"
"04_기관리서치/관계도/원천자료/CLEANEYE/2012000015.html","16456","2026-09-09T04:09:06.344Z",".html"
"04_기관리서치/관계도/원천자료/CLEANEYE/2012000016.html","17640","2026-09-09T04:09:06.469Z",".html"
"04_기관리서치/관계도/원천자료/CLEANEYE/2013000001.html","14943","2026-09-09T04:09:12.436Z",".html"
"04_기관리서치/관계도/원천자료/CLEANEYE/2013000002.html","16044","2026-09-09T04:09:12.506Z",".html"
"04_기관리서치/관계도/원천자료/CLEANEYE/2013000003.html","14297","2026-09-09T04:08:52.519Z",".html"
"04_기관리서치/관계도/원천자료/CLEANEYE/2013000004.html","14199","2026-09-09T04:08:59.120Z",".html"
"04_기관리서치/관계도/원천자료/CLEANEYE/2013000005.html","14924","2026-09-09T04:08:59.170Z",".html"
"04_기관리서치/관계도/원천자료/CLEANEYE/2013000006.html","14843","2026-09-09T04:09:12.599Z",".html"
"04_기관리서치/관계도/원천자료/CLEANEYE/2013000008.html","18785","2026-09-09T04:09:06.515Z",".html"
"04_기관리서치/관계도/원천자료/CLEANEYE/2014000003.html","12443","2026-09-09T04:08:52.544Z",".html"
"04_기관리서치/관계도/원천자료/CLEANEYE/2014000004.html","17849","2026-09-09T04:09:06.567Z",".html"
"04_기관리서치/관계도/원천자료/CLEANEYE/2014000005.html","17538","2026-09-09T04:09:12.646Z",".html"
"04_기관리서치/관계도/원천자료/CLEANEYE/2014000006.html","18525","2026-09-09T04:09:12.721Z",".html"
"04_기관리서치/관계도/원천자료/CLEANEYE/2014000007.html","16976","2026-09-09T04:09:06.685Z",".html"
"04_기관리서치/관계도/원천자료/CLEANEYE/2014000008.html","17153","2026-09-09T04:09:12.818Z",".html"
"04_기관리서치/관계도/원천자료/CLEANEYE/2015000001.html","11737","2026-09-09T04:09:02.262Z",".html"
"04_기관리서치/관계도/원천자료/CLEANEYE/2015000002.html","13778","2026-09-09T04:08:59.241Z",".html"
"04_기관리서치/관계도/원천자료/CLEANEYE/2015000003.html","13603","2026-09-09T04:08:59.327Z",".html"
"04_기관리서치/관계도/원천자료/CLEANEYE/2015000004.html","13382","2026-09-09T04:08:59.376Z",".html"
"04_기관리서치/관계도/원천자료/CLEANEYE/2015000005.html","17147","2026-09-09T04:09:06.715Z",".html"
"04_기관리서치/관계도/원천자료/CLEANEYE/2015000006.html","16987","2026-09-09T04:09:06.768Z",".html"
"04_기관리서치/관계도/원천자료/CLEANEYE/2016000001.html","11430","2026-09-09T04:08:52.569Z",".html"
"04_기관리서치/관계도/원천자료/CLEANEYE/2016000002.html","13362","2026-09-09T04:08:52.756Z",".html"
"04_기관리서치/관계도/원천자료/CLEANEYE/2016000003.html","15399","2026-09-09T04:08:52.746Z",".html"
"04_기관리서치/관계도/원천자료/CLEANEYE/2016000004.html","15150","2026-09-09T04:08:59.437Z",".html"
"04_기관리서치/관계도/원천자료/CLEANEYE/2016000005.html","18594","2026-09-09T04:08:59.546Z",".html"
"04_기관리서치/관계도/원천자료/CLEANEYE/2016000006.html","13152","2026-09-09T04:08:59.606Z",".html"
"04_기관리서치/관계도/원천자료/CLEANEYE/2016000007.html","13625","2026-09-09T04:08:59.631Z",".html"
"04_기관리서치/관계도/원천자료/CLEANEYE/2016000008.html","15774","2026-09-09T04:08:59.784Z",".html"
"04_기관리서치/관계도/원천자료/CLEANEYE/2016000009.html","19653","2026-09-09T04:09:12.858Z",".html"
"04_기관리서치/관계도/원천자료/CLEANEYE/2016000010.html","19722","2026-09-09T04:09:12.934Z",".html"
"04_기관리서치/관계도/원천자료/CLEANEYE/2017000001.html","14734","2026-09-09T04:09:13.006Z",".html"
"04_기관리서치/관계도/원천자료/CLEANEYE/2017000002.html","16222","2026-09-09T04:09:06.911Z",".html"
"04_기관리서치/관계도/원천자료/CLEANEYE/2017000003.html","12434","2026-09-09T04:08:59.819Z",".html"
"04_기관리서치/관계도/원천자료/CLEANEYE/2017000004.html","12711","2026-09-09T04:08:59.851Z",".html"
"04_기관리서치/관계도/원천자료/CLEANEYE/2017000005.html","13669","2026-09-09T04:08:59.979Z",".html"
"04_기관리서치/관계도/원천자료/CLEANEYE/2017000006.html","13523","2026-09-09T04:08:52.781Z",".html"
"04_기관리서치/관계도/원천자료/CLEANEYE/2017000007.html","15102","2026-09-09T04:09:00.024Z",".html"
"04_기관리서치/관계도/원천자료/CLEANEYE/2017000008.html","15314","2026-09-09T04:09:02.901Z",".html"
"04_기관리서치/관계도/원천자료/CLEANEYE/2017000009.html","17780","2026-09-09T04:09:13.075Z",".html"
"04_기관리서치/관계도/원천자료/CLEANEYE/2017000011.html","15011","2026-09-09T04:09:13.138Z",".html"
"04_기관리서치/관계도/원천자료/CLEANEYE/2017000012.html","14254","2026-09-09T04:09:13.222Z",".html"
"04_기관리서치/관계도/원천자료/CLEANEYE/2018000001.html","15149","2026-09-09T04:09:00.072Z",".html"
"04_기관리서치/관계도/원천자료/CLEANEYE/2018000003.html","11435","2026-09-09T04:09:02.475Z",".html"
"04_기관리서치/관계도/원천자료/CLEANEYE/2018000004.html","16817","2026-09-09T04:09:13.297Z",".html"
"04_기관리서치/관계도/원천자료/CLEANEYE/2018000006.html","19258","2026-09-09T04:09:06.939Z",".html"
"04_기관리서치/관계도/원천자료/CLEANEYE/2019000001.html","11667","2026-09-09T04:08:52.939Z",".html"
"04_기관리서치/관계도/원천자료/CLEANEYE/2019000002.html","11793","2026-09-09T04:09:00.189Z",".html"
"04_기관리서치/관계도/원천자료/CLEANEYE/2019000003.html","13924","2026-09-09T04:08:52.955Z",".html"
"04_기관리서치/관계도/원천자료/CLEANEYE/2019000004.html","14271","2026-09-09T04:09:00.258Z",".html"
"04_기관리서치/관계도/원천자료/CLEANEYE/2019000005.html","16010","2026-09-09T04:09:06.977Z",".html"
"04_기관리서치/관계도/원천자료/CLEANEYE/2019000006.html","15257","2026-09-09T04:09:07.125Z",".html"
"04_기관리서치/관계도/원천자료/CLEANEYE/2019000007.html","19621","2026-09-09T04:09:13.363Z",".html"
"04_기관리서치/관계도/원천자료/CLEANEYE/2020000001.html","18124","2026-09-09T04:09:07.157Z",".html"
"04_기관리서치/관계도/원천자료/CLEANEYE/2020000002.html","15252","2026-09-09T04:09:13.440Z",".html"
"04_기관리서치/관계도/원천자료/CLEANEYE/2020000003.html","17150","2026-09-09T04:09:07.186Z",".html"
"04_기관리서치/관계도/원천자료/CLEANEYE/2020000004.html","15221","2026-09-09T04:09:07.350Z",".html"
"04_기관리서치/관계도/원천자료/CLEANEYE/2020000005.html","14215","2026-09-09T04:09:13.517Z",".html"
"04_기관리서치/관계도/원천자료/CLEANEYE/2020000006.html","14512","2026-09-09T04:09:07.363Z",".html"
"04_기관리서치/관계도/원천자료/CLEANEYE/2021000001.html","14931","2026-09-09T04:09:13.561Z",".html"
"04_기관리서치/관계도/원천자료/CLEANEYE/2021000002.html","12746","2026-09-09T04:09:00.298Z",".html"
"04_기관리서치/관계도/원천자료/CLEANEYE/2021000003.html","15501","2026-09-09T04:09:13.628Z",".html"
"04_기관리서치/관계도/원천자료/CLEANEYE/2021000004.html","13467","2026-09-09T04:09:00.414Z",".html"
"04_기관리서치/관계도/원천자료/CLEANEYE/2021000005.html","15894","2026-09-09T04:09:13.737Z",".html"
"04_기관리서치/관계도/원천자료/CLEANEYE/2021000006.html","15896","2026-09-09T04:09:13.789Z",".html"
"04_기관리서치/관계도/원천자료/CLEANEYE/2021000007.html","15497","2026-09-09T04:09:13.838Z",".html"
"04_기관리서치/관계도/원천자료/CLEANEYE/2021000008.html","14918","2026-09-09T04:09:07.390Z",".html"
"04_기관리서치/관계도/원천자료/CLEANEYE/2022000001.html","19292","2026-09-09T04:09:13.927Z",".html"
"04_기관리서치/관계도/원천자료/CLEANEYE/2022000002.html","13776","2026-09-09T04:09:07.575Z",".html"
"04_기관리서치/관계도/원천자료/CLEANEYE/2022000003.html","14566","2026-09-09T04:09:14.029Z",".html"
"04_기관리서치/관계도/원천자료/CLEANEYE/2023000001.html","16056","2026-09-09T04:09:14.055Z",".html"
"04_기관리서치/관계도/원천자료/CLEANEYE/2023000002.html","17363","2026-09-09T04:09:07.586Z",".html"
"04_기관리서치/관계도/원천자료/CLEANEYE/2023000003.html","14226","2026-09-09T04:09:14.148Z",".html"
"04_기관리서치/관계도/원천자료/CLEANEYE/2023000004.html","16556","2026-09-09T04:09:07.616Z",".html"
"04_기관리서치/관계도/원천자료/CLEANEYE/2023000005.html","16724","2026-09-09T04:09:07.776Z",".html"
"04_기관리서치/관계도/원천자료/CLEANEYE/2023000006.html","14930","2026-09-09T04:09:07.774Z",".html"
"04_기관리서치/관계도/원천자료/CLEANEYE/2024000001.html","15337","2026-09-09T04:09:14.264Z",".html"
"04_기관리서치/관계도/원천자료/CLEANEYE/2024000002.html","14722","2026-09-09T04:09:14.273Z",".html"
"04_기관리서치/관계도/원천자료/CLEANEYE/2024000003.html","18490","2026-09-09T04:09:07.832Z",".html"
"04_기관리서치/관계도/원천자료/CLEANEYE/2024000004.html","15542","2026-09-09T04:09:07.973Z",".html"
"04_기관리서치/관계도/원천자료/CLEANEYE/2024000005.html","15523","2026-09-09T04:09:14.381Z",".html"
"04_기관리서치/관계도/원천자료/CLEANEYE/2024000006.html","15557","2026-09-09T04:09:14.481Z",".html"
"04_기관리서치/관계도/원천자료/CLEANEYE/2024000007.html","15343","2026-09-09T04:09:14.482Z",".html"
"04_기관리서치/관계도/원천자료/CLEANEYE/2024000008.html","14212","2026-09-09T04:09:08.001Z",".html"
"04_기관리서치/관계도/원천자료/CLEANEYE/2025000001.html","11991","2026-09-09T04:09:02.300Z",".html"
"04_기관리서치/관계도/원천자료/CLEANEYE/2025000002.html","15258","2026-09-09T04:09:02.400Z",".html"
"04_기관리서치/관계도/원천자료/CLEANEYE/2025000003.html","14355","2026-09-09T04:09:14.588Z",".html"
"04_기관리서치/관계도/원천자료/CLEANEYE/2025000004.html","10228","2026-09-09T04:09:14.715Z",".html"
"04_기관리서치/관계도/원천자료/CLEANEYE/2025000005.html","15865","2026-09-09T04:09:08.031Z",".html"
"04_기관리서치/관계도/원천자료/CLEANEYE/2026000001.html","12862","2026-09-09T04:08:52.991Z",".html"
"04_기관리서치/관계도/원천자료/CLEANEYE/2026000002.html","12866","2026-09-09T04:09:00.471Z",".html"
"04_기관리서치/관계도/원천자료/CLEANEYE/B000001.html","10591","2026-09-09T04:09:22.277Z",".html"
"04_기관리서치/관계도/원천자료/CLEANEYE/B000002.html","10583","2026-09-09T04:09:14.779Z",".html"
"04_기관리서치/관계도/원천자료/CLEANEYE/B000005.html","10765","2026-09-09T04:09:14.893Z",".html"
"04_기관리서치/관계도/원천자료/CLEANEYE/B000008.html","10522","2026-09-09T04:09:14.929Z",".html"
"04_기관리서치/관계도/원천자료/CLEANEYE/B000010.html","11611","2026-09-09T04:09:22.290Z",".html"
"04_기관리서치/관계도/원천자료/CLEANEYE/B000012.html","11171","2026-09-09T04:09:22.327Z",".html"
"04_기관리서치/관계도/원천자료/CLEANEYE/B000013.html","11219","2026-09-09T04:09:22.473Z",".html"
"04_기관리서치/관계도/원천자료/CLEANEYE/B000014.html","11314","2026-09-09T04:09:22.508Z",".html"
"04_기관리서치/관계도/원천자료/CLEANEYE/B000015.html","11206","2026-09-09T04:09:22.541Z",".html"
"04_기관리서치/관계도/원천자료/CLEANEYE/B000016.html","16239","2026-09-09T04:09:22.686Z",".html"
"04_기관리서치/관계도/원천자료/CLEANEYE/B000017.html","11960","2026-09-09T04:09:22.722Z",".html"
"04_기관리서치/관계도/원천자료/CLEANEYE/B000019.html","11119","2026-09-09T04:09:22.751Z",".html"
"04_기관리서치/관계도/원천자료/CLEANEYE/B000020.html","11142","2026-09-09T04:09:22.896Z",".html"
"04_기관리서치/관계도/원천자료/CLEANEYE/B000021.html","12522","2026-09-09T04:09:22.935Z",".html"
"04_기관리서치/관계도/원천자료/CLEANEYE/B000022.html","11512","2026-09-09T04:09:22.968Z",".html"
"04_기관리서치/관계도/원천자료/CLEANEYE/B000023.html","10634","2026-09-09T04:09:23.108Z",".html"
"04_기관리서치/관계도/원천자료/CLEANEYE/B000025.html","10628","2026-09-09T04:09:23.126Z",".html"
"04_기관리서치/관계도/원천자료/CLEANEYE/B000026.html","11638","2026-09-09T04:09:23.177Z",".html"
"04_기관리서치/관계도/원천자료/CLEANEYE/B000027.html","10748","2026-09-09T04:09:23.301Z",".html"
"04_기관리서치/관계도/원천자료/CLEANEYE/B000028.html","10732","2026-09-09T04:09:23.328Z",".html"
"04_기관리서치/관계도/원천자료/CLEANEYE/B000029.html","11187","2026-09-09T04:09:23.419Z",".html"
"04_기관리서치/관계도/원천자료/CLEANEYE/B000030.html","10743","2026-09-09T04:09:23.492Z",".html"
"04_기관리서치/관계도/원천자료/CLEANEYE/B000031.html","11525","2026-09-09T04:09:23.524Z",".html"
"04_기관리서치/관계도/원천자료/CLEANEYE/B000032.html","10556","2026-09-09T04:09:23.613Z",".html"
"04_기관리서치/관계도/원천자료/CLEANEYE/B000033.html","10729","2026-09-09T04:09:23.676Z",".html"
"04_기관리서치/관계도/원천자료/CLEANEYE/B000034.html","10433","2026-09-09T04:09:23.724Z",".html"
"04_기관리서치/관계도/원천자료/CLEANEYE/B000035.html","10398","2026-09-09T04:09:23.836Z",".html"
"04_기관리서치/관계도/원천자료/CLEANEYE/B000036.html","11202","2026-09-09T04:09:23.871Z",".html"
"04_기관리서치/관계도/원천자료/CLEANEYE/B000037.html","10080","2026-09-09T04:09:23.941Z",".html"
"04_기관리서치/관계도/원천자료/CLEANEYE/B000038.html","11194","2026-09-09T04:09:24.051Z",".html"
"04_기관리서치/관계도/원천자료/CLEANEYE/B000039.html","17596","2026-09-09T04:09:24.095Z",".html"
"04_기관리서치/관계도/원천자료/CLEANEYE/B000040.html","10242","2026-09-09T04:09:24.142Z",".html"
"04_기관리서치/관계도/원천자료/CLEANEYE/B000041.html","11661","2026-09-09T04:09:24.240Z",".html"
"04_기관리서치/관계도/원천자료/CLEANEYE/B000042.html","11411","2026-09-09T04:09:24.291Z",".html"
"04_기관리서치/관계도/원천자료/CLEANEYE/B000043.html","11033","2026-09-09T04:09:24.356Z",".html"
"04_기관리서치/관계도/원천자료/CLEANEYE/B000044.html","11840","2026-09-09T04:09:24.449Z",".html"
"04_기관리서치/관계도/원천자료/CLEANEYE/B000045.html","10841","2026-09-09T04:09:24.502Z",".html"
"04_기관리서치/관계도/원천자료/CLEANEYE/B000046.html","10187","2026-09-09T04:09:24.564Z",".html"
"04_기관리서치/관계도/원천자료/CLEANEYE/B000047.html","10501","2026-09-09T04:09:24.688Z",".html"
"04_기관리서치/관계도/원천자료/CLEANEYE/B000048.html","10707","2026-09-09T04:09:24.708Z",".html"
"04_기관리서치/관계도/원천자료/CLEANEYE/B000049.html","10123","2026-09-09T04:09:24.764Z",".html"
"04_기관리서치/관계도/원천자료/CLEANEYE/B000050.html","10347","2026-09-09T04:09:24.894Z",".html"
"04_기관리서치/관계도/원천자료/CLEANEYE/B000051.html","10189","2026-09-09T04:09:15.008Z",".html"
"04_기관리서치/관계도/원천자료/CLEANEYE/B000054.html","11125","2026-09-09T04:09:24.942Z",".html"
"04_기관리서치/관계도/원천자료/CLEANEYE/B000055.html","11743","2026-09-09T04:09:24.975Z",".html"
"04_기관리서치/관계도/원천자료/CLEANEYE/B000056.html","11302","2026-09-09T04:09:25.104Z",".html"
"04_기관리서치/관계도/원천자료/CLEANEYE/B000057.html","11165","2026-09-09T04:09:25.148Z",".html"
"04_기관리서치/관계도/원천자료/CLEANEYE/B000058.html","11699","2026-09-09T04:09:25.202Z",".html"
"04_기관리서치/관계도/원천자료/CLEANEYE/B000059.html","10996","2026-09-09T04:09:25.313Z",".html"
"04_기관리서치/관계도/원천자료/CLEANEYE/B000060.html","12746","2026-09-09T04:09:25.350Z",".html"
"04_기관리서치/관계도/원천자료/CLEANEYE/B000061.html","11875","2026-09-09T04:09:25.388Z",".html"
"04_기관리서치/관계도/원천자료/CLEANEYE/B000062.html","11463","2026-09-09T04:09:25.498Z",".html"
"04_기관리서치/관계도/원천자료/CLEANEYE/B000063.html","11119","2026-09-09T04:09:25.559Z",".html"
"04_기관리서치/관계도/원천자료/CLEANEYE/B000064.html","11339","2026-09-09T04:09:25.597Z",".html"
"04_기관리서치/관계도/원천자료/CLEANEYE/B000065.html","13788","2026-09-09T04:09:25.685Z",".html"
"04_기관리서치/관계도/원천자료/CLEANEYE/B000066.html","10636","2026-09-09T04:09:25.774Z",".html"
"04_기관리서치/관계도/원천자료/CLEANEYE/B000067.html","11539","2026-09-09T04:09:25.790Z",".html"
"04_기관리서치/관계도/원천자료/CLEANEYE/B000068.html","15091","2026-09-09T04:09:25.881Z",".html"
"04_기관리서치/관계도/원천자료/CLEANEYE/B000069.html","10584","2026-09-09T04:09:25.960Z",".html"
"04_기관리서치/관계도/원천자료/CLEANEYE/B000070.html","9974","2026-09-09T04:09:26.005Z",".html"
"04_기관리서치/관계도/원천자료/CLEANEYE/B000071.html","10141","2026-09-09T04:09:26.104Z",".html"
"04_기관리서치/관계도/원천자료/CLEANEYE/B000072.html","10388","2026-09-09T04:09:26.191Z",".html"
"04_기관리서치/관계도/원천자료/CLEANEYE/B000073.html","12744","2026-09-09T04:09:26.215Z",".html"
"04_기관리서치/관계도/원천자료/CLEANEYE/B000074.html","10144","2026-09-09T04:09:26.313Z",".html"
"04_기관리서치/관계도/원천자료/CLEANEYE/B000075.html","10578","2026-09-09T04:09:26.414Z",".html"
"04_기관리서치/관계도/원천자료/CLEANEYE/B000077.html","12043","2026-09-09T04:09:26.537Z",".html"
"04_기관리서치/관계도/원천자료/CLEANEYE/B000076.html","11282","2026-09-09T04:09:26.425Z",".html"
"04_기관리서치/관계도/원천자료/CLEANEYE/B000078.html","11719","2026-09-09T04:09:26.608Z",".html"
"04_기관리서치/관계도/원천자료/CLEANEYE/B000079.html","10241","2026-09-09T04:09:26.647Z",".html"
"04_기관리서치/관계도/원천자료/CLEANEYE/B000080.html","10143","2026-09-09T04:09:26.738Z",".html"
"04_기관리서치/관계도/원천자료/CLEANEYE/B000081.html","10447","2026-09-09T04:09:26.833Z",".html"
"04_기관리서치/관계도/원천자료/CLEANEYE/B000082.html","10740","2026-09-09T04:09:26.868Z",".html"
"04_기관리서치/관계도/원천자료/CLEANEYE/B000083.html","10171","2026-09-09T04:09:26.944Z",".html"
"04_기관리서치/관계도/원천자료/CLEANEYE/B000084.html","9925","2026-09-09T04:09:27.015Z",".html"
"04_기관리서치/관계도/원천자료/CLEANEYE/B000085.html","10589","2026-09-09T04:09:27.077Z",".html"
"04_기관리서치/관계도/원천자료/CLEANEYE/B000086.html","10705","2026-09-09T04:09:27.165Z",".html"
"04_기관리서치/관계도/원천자료/CLEANEYE/B000087.html","11036","2026-09-09T04:09:15.122Z",".html"
"04_기관리서치/관계도/원천자료/CLEANEYE/B000090.html","10047","2026-09-09T04:09:15.142Z",".html"
"04_기관리서치/관계도/원천자료/CLEANEYE/B000091.html","10214","2026-09-09T04:09:15.227Z",".html"
"04_기관리서치/관계도/원천자료/CLEANEYE/B000092.html","10379","2026-09-09T04:09:15.343Z",".html"
"04_기관리서치/관계도/원천자료/CLEANEYE/B000093.html","9697","2026-09-09T04:09:15.358Z",".html"
"04_기관리서치/관계도/원천자료/CLEANEYE/B000094.html","11046","2026-09-09T04:09:15.443Z",".html"
"04_기관리서치/관계도/원천자료/CLEANEYE/B000096.html","10746","2026-09-09T04:09:27.242Z",".html"
"04_기관리서치/관계도/원천자료/CLEANEYE/B000097.html","12013","2026-09-09T04:09:27.293Z",".html"
"04_기관리서치/관계도/원천자료/CLEANEYE/B000098.html","10926","2026-09-09T04:09:27.378Z",".html"
"04_기관리서치/관계도/원천자료/CLEANEYE/B000099.html","12142","2026-09-09T04:09:27.468Z",".html"
"04_기관리서치/관계도/원천자료/CLEANEYE/B000100.html","11602","2026-09-09T04:09:27.508Z",".html"
"04_기관리서치/관계도/원천자료/CLEANEYE/B000101.html","13916","2026-09-09T04:09:27.576Z",".html"
"04_기관리서치/관계도/원천자료/CLEANEYE/B000102.html","11702","2026-09-09T04:09:27.666Z",".html"
"04_기관리서치/관계도/원천자료/CLEANEYE/B000103.html","10957","2026-09-09T04:09:27.701Z",".html"
"04_기관리서치/관계도/원천자료/CLEANEYE/B000104.html","12684","2026-09-09T04:09:27.762Z",".html"
"04_기관리서치/관계도/원천자료/CLEANEYE/B000105.html","13809","2026-09-09T04:09:27.876Z",".html"
"04_기관리서치/관계도/원천자료/CLEANEYE/B000106.html","12878","2026-09-09T04:09:27.918Z",".html"
"04_기관리서치/관계도/원천자료/CLEANEYE/B000107.html","11063","2026-09-09T04:09:27.972Z",".html"
"04_기관리서치/관계도/원천자료/CLEANEYE/B000108.html","12346","2026-09-09T04:09:28.066Z",".html"
"04_기관리서치/관계도/원천자료/CLEANEYE/B000109.html","11831","2026-09-09T04:09:28.151Z",".html"
"04_기관리서치/관계도/원천자료/CLEANEYE/B000110.html","15611","2026-09-09T04:09:28.188Z",".html"
"04_기관리서치/관계도/원천자료/CLEANEYE/B000111.html","10666","2026-09-09T04:09:28.255Z",".html"
"04_기관리서치/관계도/원천자료/CLEANEYE/B000113.html","9987","2026-09-09T04:09:28.357Z",".html"
"04_기관리서치/관계도/원천자료/CLEANEYE/B000114.html","11053","2026-09-09T04:09:28.406Z",".html"
"04_기관리서치/관계도/원천자료/CLEANEYE/B000115.html","10314","2026-09-09T04:09:28.461Z",".html"
"04_기관리서치/관계도/원천자료/CLEANEYE/B000116.html","10789","2026-09-09T04:09:28.561Z",".html"
"04_기관리서치/관계도/원천자료/CLEANEYE/B000117.html","10258","2026-09-09T04:09:28.625Z",".html"
"04_기관리서치/관계도/원천자료/CLEANEYE/B000118.html","10695","2026-09-09T04:09:28.648Z",".html"
"04_기관리서치/관계도/원천자료/CLEANEYE/B000119.html","11026","2026-09-09T04:09:28.767Z",".html"
"04_기관리서치/관계도/원천자료/CLEANEYE/B000120.html","11003","2026-09-09T04:09:28.847Z",".html"
"04_기관리서치/관계도/원천자료/CLEANEYE/B000121.html","10224","2026-09-09T04:09:28.861Z",".html"
"04_기관리서치/관계도/원천자료/CLEANEYE/B000122.html","10442","2026-09-09T04:09:28.975Z",".html"
"04_기관리서치/관계도/원천자료/CLEANEYE/B000123.html","10126","2026-09-09T04:09:29.061Z",".html"
"04_기관리서치/관계도/원천자료/CLEANEYE/B000124.html","11139","2026-09-09T04:09:29.092Z",".html"
"04_기관리서치/관계도/원천자료/CLEANEYE/B000125.html","11874","2026-09-09T04:09:29.184Z",".html"
"04_기관리서치/관계도/원천자료/CLEANEYE/B000126.html","12401","2026-09-09T04:09:29.262Z",".html"
"04_기관리서치/관계도/원천자료/CLEANEYE/B000127.html","11131","2026-09-09T04:09:29.313Z",".html"
"04_기관리서치/관계도/원천자료/CLEANEYE/B000128.html","11870","2026-09-09T04:09:29.394Z",".html"
"04_기관리서치/관계도/원천자료/CLEANEYE/B000130.html","10762","2026-09-09T04:09:29.481Z",".html"
"04_기관리서치/관계도/원천자료/CLEANEYE/B000131.html","12000","2026-09-09T04:09:29.528Z",".html"
"04_기관리서치/관계도/원천자료/CLEANEYE/B000132.html","11032","2026-09-09T04:09:29.575Z",".html"
"04_기관리서치/관계도/원천자료/CLEANEYE/B000134.html","11163","2026-09-09T04:09:15.542Z",".html"
"04_기관리서치/관계도/원천자료/CLEANEYE/B000135.html","13813","2026-09-09T04:09:15.599Z",".html"
"04_기관리서치/관계도/원천자료/CLEANEYE/B000136.html","10537","2026-09-09T04:09:15.643Z",".html"
"04_기관리서치/관계도/원천자료/CLEANEYE/B000137.html","12500","2026-09-09T04:09:29.691Z",".html"
"04_기관리서치/관계도/원천자료/CLEANEYE/B000138.html","12194","2026-09-09T04:09:29.764Z",".html"
"04_기관리서치/관계도/원천자료/CLEANEYE/B000139.html","11933","2026-09-09T04:09:29.809Z",".html"
"04_기관리서치/관계도/원천자료/CLEANEYE/B000140.html","10905","2026-09-09T04:09:29.897Z",".html"
"04_기관리서치/관계도/원천자료/CLEANEYE/B000141.html","12218","2026-09-09T04:09:29.974Z",".html"
"04_기관리서치/관계도/원천자료/CLEANEYE/B000142.html","10554","2026-09-09T04:09:30.004Z",".html"
"04_기관리서치/관계도/원천자료/CLEANEYE/B000143.html","12562","2026-09-09T04:09:30.110Z",".html"
"04_기관리서치/관계도/원천자료/CLEANEYE/B000145.html","13614","2026-09-09T04:09:30.194Z",".html"
"04_기관리서치/관계도/원천자료/CLEANEYE/B000146.html","12143","2026-09-09T04:09:30.194Z",".html"
"04_기관리서치/관계도/원천자료/CLEANEYE/B000147.html","10872","2026-09-09T04:09:30.297Z",".html"
"04_기관리서치/관계도/원천자료/CLEANEYE/B000148.html","11975","2026-09-09T04:09:30.409Z",".html"
"04_기관리서치/관계도/원천자료/CLEANEYE/B000149.html","10833","2026-09-09T04:09:30.405Z",".html"
"04_기관리서치/관계도/원천자료/CLEANEYE/B000150.html","12201","2026-09-09T04:09:30.509Z",".html"
"04_기관리서치/관계도/원천자료/CLEANEYE/B000153.html","11037","2026-09-09T04:09:30.614Z",".html"
"04_기관리서치/관계도/원천자료/CLEANEYE/B000155.html","10865","2026-09-09T04:09:30.625Z",".html"
"04_기관리서치/관계도/원천자료/CLEANEYE/B000156.html","11795","2026-09-09T04:09:30.721Z",".html"
"04_기관리서치/관계도/원천자료/CLEANEYE/B000158.html","10930","2026-09-09T04:09:30.813Z",".html"
"04_기관리서치/관계도/원천자료/CLEANEYE/B000161.html","11722","2026-09-09T04:09:30.869Z",".html"
"04_기관리서치/관계도/원천자료/CLEANEYE/B000164.html","11285","2026-09-09T04:09:30.931Z",".html"
"04_기관리서치/관계도/원천자료/CLEANEYE/B000165.html","12449","2026-09-09T04:09:31.011Z",".html"
"04_기관리서치/관계도/원천자료/CLEANEYE/B000166.html","12090","2026-09-09T04:09:31.094Z",".html"
"04_기관리서치/관계도/원천자료/CLEANEYE/B000169.html","14148","2026-09-09T04:09:31.137Z",".html"
"04_기관리서치/관계도/원천자료/CLEANEYE/B000171.html","11704","2026-09-09T04:09:15.744Z",".html"
"04_기관리서치/관계도/원천자료/CLEANEYE/B000174.html","11096","2026-09-09T04:09:31.227Z",".html"
"04_기관리서치/관계도/원천자료/CLEANEYE/B000175.html","11630","2026-09-09T04:09:31.303Z",".html"
"04_기관리서치/관계도/원천자료/CLEANEYE/B000177.html","10274","2026-09-09T04:09:31.343Z",".html"
"04_기관리서치/관계도/원천자료/CLEANEYE/B000178.html","11037","2026-09-09T04:09:31.432Z",".html"
"04_기관리서치/관계도/원천자료/CLEANEYE/B000179.html","11228","2026-09-09T04:09:31.526Z",".html"
"04_기관리서치/관계도/원천자료/CLEANEYE/B000180.html","13097","2026-09-09T04:09:31.535Z",".html"
"04_기관리서치/관계도/원천자료/CLEANEYE/B000181.html","13132","2026-09-09T04:09:31.658Z",".html"
"04_기관리서치/관계도/원천자료/CLEANEYE/B000182.html","11161","2026-09-09T04:09:31.731Z",".html"
"04_기관리서치/관계도/원천자료/CLEANEYE/B000183.html","10566","2026-09-09T04:09:31.772Z",".html"
"04_기관리서치/관계도/원천자료/CLEANEYE/B000184.html","11616","2026-09-09T04:09:31.863Z",".html"
"04_기관리서치/관계도/원천자료/CLEANEYE/B000185.html","11872","2026-09-09T04:09:31.926Z",".html"
"04_기관리서치/관계도/원천자료/CLEANEYE/B000186.html","12155","2026-09-09T04:09:31.988Z",".html"
"04_기관리서치/관계도/원천자료/CLEANEYE/B000187.html","12375","2026-09-09T04:09:32.087Z",".html"
"04_기관리서치/관계도/원천자료/CLEANEYE/B000188.html","12671","2026-09-09T04:09:32.151Z",".html"
"04_기관리서치/관계도/원천자료/CLEANEYE/B000189.html","10645","2026-09-09T04:09:32.215Z",".html"
"04_기관리서치/관계도/원천자료/CLEANEYE/B000190.html","10434","2026-09-09T04:09:32.295Z",".html"
"04_기관리서치/관계도/원천자료/CLEANEYE/B000191.html","12710","2026-09-09T04:09:32.344Z",".html"
"04_기관리서치/관계도/원천자료/CLEANEYE/B000192.html","12161","2026-09-09T04:09:32.440Z",".html"
"04_기관리서치/관계도/원천자료/CLEANEYE/B000193.html","12039","2026-09-09T04:09:32.543Z",".html"
"04_기관리서치/관계도/원천자료/CLEANEYE/B000194.html","12287","2026-09-09T04:09:32.580Z",".html"
"04_기관리서치/관계도/원천자료/CLEANEYE/B000195.html","10315","2026-09-09T04:09:32.628Z",".html"
"04_기관리서치/관계도/원천자료/CLEANEYE/B000196.html","10732","2026-09-09T04:09:32.763Z",".html"
"04_기관리서치/관계도/원천자료/CLEANEYE/B000197.html","11798","2026-09-09T04:09:32.817Z",".html"
"04_기관리서치/관계도/원천자료/CLEANEYE/B000198.html","10855","2026-09-09T04:09:32.844Z",".html"
"04_기관리서치/관계도/원천자료/CLEANEYE/B000199.html","10228","2026-09-09T04:09:32.976Z",".html"
"04_기관리서치/관계도/원천자료/CLEANEYE/B000200.html","12678","2026-09-09T04:09:33.026Z",".html"
"04_기관리서치/관계도/원천자료/CLEANEYE/B000202.html","10517","2026-09-09T04:09:33.048Z",".html"
"04_기관리서치/관계도/원천자료/CLEANEYE/B000203.html","11557","2026-09-09T04:09:33.171Z",".html"
"04_기관리서치/관계도/원천자료/CLEANEYE/B000204.html","11002","2026-09-09T04:09:33.235Z",".html"
"04_기관리서치/관계도/원천자료/CLEANEYE/B000205.html","11449","2026-09-09T04:09:33.267Z",".html"
"04_기관리서치/관계도/원천자료/CLEANEYE/B000206.html","10908","2026-09-09T04:09:33.389Z",".html"
"04_기관리서치/관계도/원천자료/CLEANEYE/B000207.html","16936","2026-09-09T04:09:33.447Z",".html"
"04_기관리서치/관계도/원천자료/CLEANEYE/B000208.html","10179","2026-09-09T04:09:33.484Z",".html"
"04_기관리서치/관계도/원천자료/CLEANEYE/B000210.html","10407","2026-09-09T04:09:33.596Z",".html"
"04_기관리서치/관계도/원천자료/CLEANEYE/B000211.html","11201","2026-09-09T04:09:33.659Z",".html"
"04_기관리서치/관계도/원천자료/CLEANEYE/B000212.html","10768","2026-09-09T04:09:33.693Z",".html"
"04_기관리서치/관계도/원천자료/CLEANEYE/B000213.html","9937","2026-09-09T04:09:33.782Z",".html"
"04_기관리서치/관계도/원천자료/CLEANEYE/B000214.html","10492","2026-09-09T04:09:33.860Z",".html"
"04_기관리서치/관계도/원천자료/CLEANEYE/B000215.html","11202","2026-09-09T04:09:33.927Z",".html"
"04_기관리서치/관계도/원천자료/CLEANEYE/B000216.html","10940","2026-09-09T04:09:15.802Z",".html"
"04_기관리서치/관계도/원천자료/CLEANEYE/B000217.html","12030","2026-09-09T04:09:33.993Z",".html"
"04_기관리서치/관계도/원천자료/CLEANEYE/B000218.html","12692","2026-09-09T04:09:34.070Z",".html"
"04_기관리서치/관계도/원천자료/CLEANEYE/B000219.html","11599","2026-09-09T04:09:34.143Z",".html"
"04_기관리서치/관계도/원천자료/CLEANEYE/B000220.html","11540","2026-09-09T04:09:34.210Z",".html"
"04_기관리서치/관계도/원천자료/CLEANEYE/B000221.html","13339","2026-09-09T04:09:34.264Z",".html"
"04_기관리서치/관계도/원천자료/CLEANEYE/B000222.html","11637","2026-09-09T04:09:34.366Z",".html"
"04_기관리서치/관계도/원천자료/CLEANEYE/B000223.html","12686","2026-09-09T04:09:34.398Z",".html"
"04_기관리서치/관계도/원천자료/CLEANEYE/B000224.html","11217","2026-09-09T04:09:34.477Z",".html"
"04_기관리서치/관계도/원천자료/CLEANEYE/B000225.html","13094","2026-09-09T04:09:34.577Z",".html"
"04_기관리서치/관계도/원천자료/CLEANEYE/B000226.html","11499","2026-09-09T04:09:34.611Z",".html"
"04_기관리서치/관계도/원천자료/CLEANEYE/B000228.html","13522","2026-09-09T04:09:34.694Z",".html"
"04_기관리서치/관계도/원천자료/CLEANEYE/B000229.html","11733","2026-09-09T04:09:34.791Z",".html"
"04_기관리서치/관계도/원천자료/CLEANEYE/B000230.html","11353","2026-09-09T04:09:34.800Z",".html"
"04_기관리서치/관계도/원천자료/CLEANEYE/B000231.html","11144","2026-09-09T04:09:34.885Z",".html"
"04_기관리서치/관계도/원천자료/CLEANEYE/B000232.html","11539","2026-09-09T04:09:34.996Z",".html"
"04_기관리서치/관계도/원천자료/CLEANEYE/B000233.html","10881","2026-09-09T04:09:34.995Z",".html"
"04_기관리서치/관계도/원천자료/CLEANEYE/B000234.html","11512","2026-09-09T04:09:35.072Z",".html"
"04_기관리서치/관계도/원천자료/CLEANEYE/B000235.html","11351","2026-09-09T04:09:35.199Z",".html"
"04_기관리서치/관계도/원천자료/CLEANEYE/B000236.html","11160","2026-09-09T04:09:35.218Z",".html"
"04_기관리서치/관계도/원천자료/CLEANEYE/B000237.html","12865","2026-09-09T04:09:35.281Z",".html"
"04_기관리서치/관계도/원천자료/CLEANEYE/B000238.html","11592","2026-09-09T04:09:35.404Z",".html"
"04_기관리서치/관계도/원천자료/CLEANEYE/B000240.html","11536","2026-09-09T04:09:35.401Z",".html"
"04_기관리서치/관계도/원천자료/CLEANEYE/B000241.html","11258","2026-09-09T04:09:35.489Z",".html"
"04_기관리서치/관계도/원천자료/CLEANEYE/B000244.html","10495","2026-09-09T04:09:35.618Z",".html"
"04_기관리서치/관계도/원천자료/CLEANEYE/B000245.html","10587","2026-09-09T04:09:35.616Z",".html"
"04_기관리서치/관계도/원천자료/CLEANEYE/B000246.html","10308","2026-09-09T04:09:35.697Z",".html"
"04_기관리서치/관계도/원천자료/CLEANEYE/B000248.html","11890","2026-09-09T04:09:35.826Z",".html"
"04_기관리서치/관계도/원천자료/CLEANEYE/B000249.html","10427","2026-09-09T04:09:35.828Z",".html"
"04_기관리서치/관계도/원천자료/CLEANEYE/B000250.html","10262","2026-09-09T04:09:35.901Z",".html"
"04_기관리서치/관계도/원천자료/CLEANEYE/B000251.html","10749","2026-09-09T04:09:15.873Z",".html"
"04_기관리서치/관계도/원천자료/CLEANEYE/B000252.html","10205","2026-09-09T04:09:15.960Z",".html"
"04_기관리서치/관계도/원천자료/CLEANEYE/B000253.html","16411","2026-09-09T04:09:36.032Z",".html"
"04_기관리서치/관계도/원천자료/CLEANEYE/B000254.html","11085","2026-09-09T04:09:36.031Z",".html"
"04_기관리서치/관계도/원천자료/CLEANEYE/B000255.html","12340","2026-09-09T04:09:36.093Z",".html"
"04_기관리서치/관계도/원천자료/CLEANEYE/B000256.html","10782","2026-09-09T04:09:36.248Z",".html"
"04_기관리서치/관계도/원천자료/CLEANEYE/B000257.html","10806","2026-09-09T04:09:36.248Z",".html"
"04_기관리서치/관계도/원천자료/CLEANEYE/B000258.html","12863","2026-09-09T04:09:36.304Z",".html"
"04_기관리서치/관계도/원천자료/CLEANEYE/B000259.html","10762","2026-09-09T04:09:36.444Z",".html"
"04_기관리서치/관계도/원천자료/CLEANEYE/B000260.html","11869","2026-09-09T04:09:36.473Z",".html"
"04_기관리서치/관계도/원천자료/CLEANEYE/B000261.html","12111","2026-09-09T04:09:36.511Z",".html"
"04_기관리서치/관계도/원천자료/CLEANEYE/B000262.html","11053","2026-09-09T04:09:36.677Z",".html"
"04_기관리서치/관계도/원천자료/CLEANEYE/B000263.html","11273","2026-09-09T04:09:36.680Z",".html"
"04_기관리서치/관계도/원천자료/CLEANEYE/B000264.html","11556","2026-09-09T04:09:36.740Z",".html"
"04_기관리서치/관계도/원천자료/CLEANEYE/B000265.html","12769","2026-09-09T04:09:36.908Z",".html"
"04_기관리서치/관계도/원천자료/CLEANEYE/B000267.html","10743","2026-09-09T04:09:36.894Z",".html"
"04_기관리서치/관계도/원천자료/CLEANEYE/B000268.html","10936","2026-09-09T04:09:36.942Z",".html"
"04_기관리서치/관계도/원천자료/CLEANEYE/B000269.html","10879","2026-09-09T04:09:37.111Z",".html"
"04_기관리서치/관계도/원천자료/CLEANEYE/B000270.html","12500","2026-09-09T04:09:37.127Z",".html"
"04_기관리서치/관계도/원천자료/CLEANEYE/B000271.html","10896","2026-09-09T04:09:37.152Z",".html"
"04_기관리서치/관계도/원천자료/CLEANEYE/B000272.html","11524","2026-09-09T04:09:37.332Z",".html"
"04_기관리서치/관계도/원천자료/CLEANEYE/B000273.html","11050","2026-09-09T04:09:37.334Z",".html"
"04_기관리서치/관계도/원천자료/CLEANEYE/B000274.html","10166","2026-09-09T04:09:37.377Z",".html"
"04_기관리서치/관계도/원천자료/CLEANEYE/B000275.html","11185","2026-09-09T04:09:37.530Z",".html"
"04_기관리서치/관계도/원천자료/CLEANEYE/B000276.html","10870","2026-09-09T04:09:37.559Z",".html"
"04_기관리서치/관계도/원천자료/CLEANEYE/B000277.html","10373","2026-09-09T04:09:37.569Z",".html"
"04_기관리서치/관계도/원천자료/CLEANEYE/B000278.html","11618","2026-09-09T04:09:37.744Z",".html"
"04_기관리서치/관계도/원천자료/CLEANEYE/B000279.html","13112","2026-09-09T04:09:37.771Z",".html"
"04_기관리서치/관계도/원천자료/CLEANEYE/B000280.html","10620","2026-09-09T04:09:37.805Z",".html"
"04_기관리서치/관계도/원천자료/CLEANEYE/B000281.html","11399","2026-09-09T04:09:37.953Z",".html"
"04_기관리서치/관계도/원천자료/CLEANEYE/B000285.html","12803","2026-09-09T04:09:37.962Z",".html"
"04_기관리서치/관계도/원천자료/CLEANEYE/B000286.html","10468","2026-09-09T04:09:38.031Z",".html"
"04_기관리서치/관계도/원천자료/CLEANEYE/B000287.html","11615","2026-09-09T04:09:38.164Z",".html"
"04_기관리서치/관계도/원천자료/CLEANEYE/B000288.html","10345","2026-09-09T04:09:38.164Z",".html"
"04_기관리서치/관계도/원천자료/CLEANEYE/B000289.html","10569","2026-09-09T04:09:38.244Z",".html"
"04_기관리서치/관계도/원천자료/CLEANEYE/B000290.html","10936","2026-09-09T04:09:38.381Z",".html"
"04_기관리서치/관계도/원천자료/CLEANEYE/B000291.html","10543","2026-09-09T04:09:38.368Z",".html"
"04_기관리서치/관계도/원천자료/CLEANEYE/B000292.html","11705","2026-09-09T04:09:38.462Z",".html"
"04_기관리서치/관계도/원천자료/CLEANEYE/B000293.html","10474","2026-09-09T04:09:38.566Z",".html"
"04_기관리서치/관계도/원천자료/CLEANEYE/B000294.html","10389","2026-09-09T04:09:38.596Z",".html"
"04_기관리서치/관계도/원천자료/CLEANEYE/B000295.html","10541","2026-09-09T04:09:38.667Z",".html"
"04_기관리서치/관계도/원천자료/CLEANEYE/B000296.html","11722","2026-09-09T04:09:38.781Z",".html"
"04_기관리서치/관계도/원천자료/CLEANEYE/B000297.html","10446","2026-09-09T04:09:38.813Z",".html"
"04_기관리서치/관계도/원천자료/CLEANEYE/B000298.html","10438","2026-09-09T04:09:38.846Z",".html"
"04_기관리서치/관계도/원천자료/CLEANEYE/B000299.html","9770","2026-09-09T04:09:38.994Z",".html"
"04_기관리서치/관계도/원천자료/CLEANEYE/B000300.html","11299","2026-09-09T04:09:39.027Z",".html"
"04_기관리서치/관계도/원천자료/CLEANEYE/B000301.html","10589","2026-09-09T04:09:39.064Z",".html"
"04_기관리서치/관계도/원천자료/CLEANEYE/B000302.html","11908","2026-09-09T04:09:39.211Z",".html"
"04_기관리서치/관계도/원천자료/CLEANEYE/B000303.html","10426","2026-09-09T04:09:39.233Z",".html"
"04_기관리서치/관계도/원천자료/CLEANEYE/B000304.html","13011","2026-09-09T04:09:39.286Z",".html"
"04_기관리서치/관계도/원천자료/CLEANEYE/B000305.html","11851","2026-09-09T04:09:39.400Z",".html"
"04_기관리서치/관계도/원천자료/CLEANEYE/B000306.html","10402","2026-09-09T04:09:39.448Z",".html"
"04_기관리서치/관계도/원천자료/CLEANEYE/B000307.html","9989","2026-09-09T04:09:39.499Z",".html"
"04_기관리서치/관계도/원천자료/CLEANEYE/B000308.html","10547","2026-09-09T04:09:39.622Z",".html"
"04_기관리서치/관계도/원천자료/CLEANEYE/B000309.html","11335","2026-09-09T04:09:39.664Z",".html"
"04_기관리서치/관계도/원천자료/CLEANEYE/B000310.html","11902","2026-09-09T04:09:39.712Z",".html"
"04_기관리서치/관계도/원천자료/CLEANEYE/B000311.html","10489","2026-09-09T04:09:39.813Z",".html"
"04_기관리서치/관계도/원천자료/CLEANEYE/B000312.html","11075","2026-09-09T04:09:16.012Z",".html"
"04_기관리서치/관계도/원천자료/CLEANEYE/B000315.html","10651","2026-09-09T04:09:16.096Z",".html"
"04_기관리서치/관계도/원천자료/CLEANEYE/B000316.html","10503","2026-09-09T04:09:16.184Z",".html"
"04_기관리서치/관계도/원천자료/CLEANEYE/B000317.html","10310","2026-09-09T04:09:16.222Z",".html"
"04_기관리서치/관계도/원천자료/CLEANEYE/B000320.html","11347","2026-09-09T04:09:39.852Z",".html"
"04_기관리서치/관계도/원천자료/CLEANEYE/B000321.html","12746","2026-09-09T04:09:39.918Z",".html"
"04_기관리서치/관계도/원천자료/CLEANEYE/B000322.html","10920","2026-09-09T04:09:40.000Z",".html"
"04_기관리서치/관계도/원천자료/CLEANEYE/B000323.html","11872","2026-09-09T04:09:40.080Z",".html"
"04_기관리서치/관계도/원천자료/CLEANEYE/B000324.html","15208","2026-09-09T04:09:40.131Z",".html"
"04_기관리서치/관계도/원천자료/CLEANEYE/B000325.html","11230","2026-09-09T04:09:40.215Z",".html"
"04_기관리서치/관계도/원천자료/CLEANEYE/B000328.html","11352","2026-09-09T04:09:40.293Z",".html"
"04_기관리서치/관계도/원천자료/CLEANEYE/B000329.html","11575","2026-09-09T04:09:40.374Z",".html"
"04_기관리서치/관계도/원천자료/CLEANEYE/B000330.html","12885","2026-09-09T04:09:40.412Z",".html"
"04_기관리서치/관계도/원천자료/CLEANEYE/B000331.html","11555","2026-09-09T04:09:40.502Z",".html"
"04_기관리서치/관계도/원천자료/CLEANEYE/B000332.html","10361","2026-09-09T04:09:16.308Z",".html"
"04_기관리서치/관계도/원천자료/CLEANEYE/B000333.html","13599","2026-09-09T04:09:40.568Z",".html"
"04_기관리서치/관계도/원천자료/CLEANEYE/B000334.html","14814","2026-09-09T04:09:40.593Z",".html"
"04_기관리서치/관계도/원천자료/CLEANEYE/B000335.html","11213","2026-09-09T04:09:40.703Z",".html"
"04_기관리서치/관계도/원천자료/CLEANEYE/B000336.html","13241","2026-09-09T04:09:40.782Z",".html"
"04_기관리서치/관계도/원천자료/CLEANEYE/B000337.html","11852","2026-09-09T04:09:40.797Z",".html"
"04_기관리서치/관계도/원천자료/CLEANEYE/B000340.html","11417","2026-09-09T04:09:40.928Z",".html"
"04_기관리서치/관계도/원천자료/CLEANEYE/B000343.html","11078","2026-09-09T04:09:40.974Z",".html"
"04_기관리서치/관계도/원천자료/CLEANEYE/B000346.html","10802","2026-09-09T04:09:41.016Z",".html"
"04_기관리서치/관계도/원천자료/CLEANEYE/B000348.html","11205","2026-09-09T04:09:41.141Z",".html"
"04_기관리서치/관계도/원천자료/CLEANEYE/B000349.html","10543","2026-09-09T04:09:41.181Z",".html"
"04_기관리서치/관계도/원천자료/CLEANEYE/B000350.html","10542","2026-09-09T04:09:41.245Z",".html"
"04_기관리서치/관계도/원천자료/CLEANEYE/B000351.html","11025","2026-09-09T04:09:41.343Z",".html"
"04_기관리서치/관계도/원천자료/CLEANEYE/B000352.html","11280","2026-09-09T04:09:41.412Z",".html"
"04_기관리서치/관계도/원천자료/CLEANEYE/B000353.html","18045","2026-09-09T04:09:41.462Z",".html"
"04_기관리서치/관계도/원천자료/CLEANEYE/B000354.html","11073","2026-09-09T04:09:41.562Z",".html"
"04_기관리서치/관계도/원천자료/CLEANEYE/B000355.html","13547","2026-09-09T04:09:41.651Z",".html"
"04_기관리서치/관계도/원천자료/CLEANEYE/B000356.html","12230","2026-09-09T04:09:41.646Z",".html"
"04_기관리서치/관계도/원천자료/CLEANEYE/B000357.html","11642","2026-09-09T04:09:41.767Z",".html"
"04_기관리서치/관계도/원천자료/CLEANEYE/B000358.html","11069","2026-09-09T04:09:41.865Z",".html"
"04_기관리서치/관계도/원천자료/CLEANEYE/B000359.html","11868","2026-09-09T04:09:41.862Z",".html"
"04_기관리서치/관계도/원천자료/CLEANEYE/B000360.html","11529","2026-09-09T04:09:41.995Z",".html"
"04_기관리서치/관계도/원천자료/CLEANEYE/B000361.html","11173","2026-09-09T04:09:42.079Z",".html"
"04_기관리서치/관계도/원천자료/CLEANEYE/B000362.html","11899","2026-09-09T04:09:42.063Z",".html"
"04_기관리서치/관계도/원천자료/CLEANEYE/B000363.html","11002","2026-09-09T04:09:42.220Z",".html"
"04_기관리서치/관계도/원천자료/CLEANEYE/B000364.html","11246","2026-09-09T04:09:42.273Z",".html"
"04_기관리서치/관계도/원천자료/CLEANEYE/B000365.html","11557","2026-09-09T04:09:42.281Z",".html"
"04_기관리서치/관계도/원천자료/CLEANEYE/B000366.html","11690","2026-09-09T04:09:42.430Z",".html"
"04_기관리서치/관계도/원천자료/CLEANEYE/B000367.html","10231","2026-09-09T04:09:42.495Z",".html"
"04_기관리서치/관계도/원천자료/CLEANEYE/B000368.html","11351","2026-09-09T04:09:42.513Z",".html"
"04_기관리서치/관계도/원천자료/CLEANEYE/B000369.html","11510","2026-09-09T04:09:42.632Z",".html"
"04_기관리서치/관계도/원천자료/CLEANEYE/B000370.html","10847","2026-09-09T04:09:42.685Z",".html"
"04_기관리서치/관계도/원천자료/CLEANEYE/B000371.html","11197","2026-09-09T04:09:42.757Z",".html"
"04_기관리서치/관계도/원천자료/CLEANEYE/B000372.html","10524","2026-09-09T04:09:42.827Z",".html"
"04_기관리서치/관계도/원천자료/CLEANEYE/B000373.html","10815","2026-09-09T04:09:42.874Z",".html"
"04_기관리서치/관계도/원천자료/CLEANEYE/B000374.html","10604","2026-09-09T04:09:42.971Z",".html"
"04_기관리서치/관계도/원천자료/CLEANEYE/B000375.html","10998","2026-09-09T04:09:43.045Z",".html"
"04_기관리서치/관계도/원천자료/CLEANEYE/B000376.html","11080","2026-09-09T04:09:43.081Z",".html"
"04_기관리서치/관계도/원천자료/CLEANEYE/B000377.html","14627","2026-09-09T04:09:43.199Z",".html"
"04_기관리서치/관계도/원천자료/CLEANEYE/B000378.html","10381","2026-09-09T04:09:43.250Z",".html"
"04_기관리서치/관계도/원천자료/CLEANEYE/B000379.html","11338","2026-09-09T04:09:43.301Z",".html"
"04_기관리서치/관계도/원천자료/CLEANEYE/B000380.html","11376","2026-09-09T04:09:43.400Z",".html"
"04_기관리서치/관계도/원천자료/CLEANEYE/B000381.html","10495","2026-09-09T04:09:43.466Z",".html"
"04_기관리서치/관계도/원천자료/CLEANEYE/B000382.html","13044","2026-09-09T04:09:43.515Z",".html"
"04_기관리서치/관계도/원천자료/CLEANEYE/B000384.html","10827","2026-09-09T04:09:43.614Z",".html"
"04_기관리서치/관계도/원천자료/CLEANEYE/B000385.html","11170","2026-09-09T04:09:43.674Z",".html"
"04_기관리서치/관계도/원천자료/CLEANEYE/B000387.html","11846","2026-09-09T04:09:16.398Z",".html"
"04_기관리서치/관계도/원천자료/CLEANEYE/B000388.html","11309","2026-09-09T04:09:16.443Z",".html"
"04_기관리서치/관계도/원천자료/CLEANEYE/B000389.html","11347","2026-09-09T04:09:16.541Z",".html"
"04_기관리서치/관계도/원천자료/CLEANEYE/B000391.html","10405","2026-09-09T04:09:16.595Z",".html"
"04_기관리서치/관계도/원천자료/CLEANEYE/B000392.html","10424","2026-09-09T04:09:16.674Z",".html"
"04_기관리서치/관계도/원천자료/CLEANEYE/B000394.html","11114","2026-09-09T04:09:16.761Z",".html"
"04_기관리서치/관계도/원천자료/CLEANEYE/B000395.html","11764","2026-09-09T04:09:16.812Z",".html"
"04_기관리서치/관계도/원천자료/CLEANEYE/B000396.html","11526","2026-09-09T04:09:43.704Z",".html"
"04_기관리서치/관계도/원천자료/CLEANEYE/B000397.html","11298","2026-09-09T04:09:43.841Z",".html"
"04_기관리서치/관계도/원천자료/CLEANEYE/B000398.html","11087","2026-09-09T04:09:43.867Z",".html"
"04_기관리서치/관계도/원천자료/CLEANEYE/B000399.html","18216","2026-09-09T04:09:43.920Z",".html"
"04_기관리서치/관계도/원천자료/CLEANEYE/B000400.html","10985","2026-09-09T04:09:44.050Z",".html"
"04_기관리서치/관계도/원천자료/CLEANEYE/B000402.html","12174","2026-09-09T04:09:44.075Z",".html"
"04_기관리서치/관계도/원천자료/CLEANEYE/B000405.html","10710","2026-09-09T04:09:44.133Z",".html"
"04_기관리서치/관계도/원천자료/CLEANEYE/B000406.html","12011","2026-09-09T04:09:44.251Z",".html"
"04_기관리서치/관계도/원천자료/CLEANEYE/B000407.html","12686","2026-09-09T04:09:44.260Z",".html"
"04_기관리서치/관계도/원천자료/CLEANEYE/B000409.html","10847","2026-09-09T04:09:44.330Z",".html"
"04_기관리서치/관계도/원천자료/CLEANEYE/B000410.html","13052","2026-09-09T04:09:44.481Z",".html"
"04_기관리서치/관계도/원천자료/CLEANEYE/B000411.html","12159","2026-09-09T04:09:44.470Z",".html"
"04_기관리서치/관계도/원천자료/CLEANEYE/B000412.html","11993","2026-09-09T04:09:44.523Z",".html"
"04_기관리서치/관계도/원천자료/CLEANEYE/B000413.html","11501","2026-09-09T04:09:44.699Z",".html"
"04_기관리서치/관계도/원천자료/CLEANEYE/B000414.html","11553","2026-09-09T04:09:44.671Z",".html"
"04_기관리서치/관계도/원천자료/CLEANEYE/B000416.html","11171","2026-09-09T04:09:44.731Z",".html"
"04_기관리서치/관계도/원천자료/CLEANEYE/B000417.html","10858","2026-09-09T04:09:44.899Z",".html"
"04_기관리서치/관계도/원천자료/CLEANEYE/B000418.html","11443","2026-09-09T04:09:44.890Z",".html"
"04_기관리서치/관계도/원천자료/CLEANEYE/B000419.html","10608","2026-09-09T04:09:44.918Z",".html"
"04_기관리서치/관계도/원천자료/CLEANEYE/B000420.html","11679","2026-09-09T04:09:45.109Z",".html"
"04_기관리서치/관계도/원천자료/CLEANEYE/B000421.html","11354","2026-09-09T04:09:45.099Z",".html"
"04_기관리서치/관계도/원천자료/CLEANEYE/B000422.html","15687","2026-09-09T04:09:45.114Z",".html"
"04_기관리서치/관계도/원천자료/CLEANEYE/B000423.html","11607","2026-09-09T04:09:45.286Z",".html"
"04_기관리서치/관계도/원천자료/CLEANEYE/B000424.html","10843","2026-09-09T04:09:45.310Z",".html"
"04_기관리서치/관계도/원천자료/CLEANEYE/B000425.html","11005","2026-09-09T04:09:45.310Z",".html"
"04_기관리서치/관계도/원천자료/CLEANEYE/B000426.html","11070","2026-09-09T04:09:45.497Z",".html"
"04_기관리서치/관계도/원천자료/CLEANEYE/B000427.html","13452","2026-09-09T04:09:45.519Z",".html"
"04_기관리서치/관계도/원천자료/CLEANEYE/B000428.html","10599","2026-09-09T04:09:45.519Z",".html"
"04_기관리서치/관계도/원천자료/CLEANEYE/B000429.html","12887","2026-09-09T04:09:45.719Z",".html"
"04_기관리서치/관계도/원천자료/CLEANEYE/B000430.html","12556","2026-09-09T04:09:45.732Z",".html"
"04_기관리서치/관계도/원천자료/CLEANEYE/B000431.html","12500","2026-09-09T04:09:45.704Z",".html"
"04_기관리서치/관계도/원천자료/CLEANEYE/B000432.html","10937","2026-09-09T04:09:45.931Z",".html"
"04_기관리서치/관계도/원천자료/CLEANEYE/B000433.html","10645","2026-09-09T04:09:45.933Z",".html"
"04_기관리서치/관계도/원천자료/CLEANEYE/B000434.html","11764","2026-09-09T04:09:45.939Z",".html"
"04_기관리서치/관계도/원천자료/CLEANEYE/B000435.html","14708","2026-09-09T04:09:46.134Z",".html"
"04_기관리서치/관계도/원천자료/CLEANEYE/B000436.html","10959","2026-09-09T04:09:46.131Z",".html"
"04_기관리서치/관계도/원천자료/CLEANEYE/B000437.html","10348","2026-09-09T04:09:46.147Z",".html"
"04_기관리서치/관계도/원천자료/CLEANEYE/B000438.html","10650","2026-09-09T04:09:46.341Z",".html"
"04_기관리서치/관계도/원천자료/CLEANEYE/B000439.html","10306","2026-09-09T04:09:46.339Z",".html"
"04_기관리서치/관계도/원천자료/CLEANEYE/B000440.html","11982","2026-09-09T04:09:46.355Z",".html"
"04_기관리서치/관계도/원천자료/CLEANEYE/B000441.html","11017","2026-09-09T04:09:46.563Z",".html"
"04_기관리서치/관계도/원천자료/CLEANEYE/B000442.html","12104","2026-09-09T04:09:46.552Z",".html"
"04_기관리서치/관계도/원천자료/CLEANEYE/B000443.html","11655","2026-09-09T04:09:46.557Z",".html"
"04_기관리서치/관계도/원천자료/CLEANEYE/B000444.html","10944","2026-09-09T04:09:46.767Z",".html"
"04_기관리서치/관계도/원천자료/CLEANEYE/B000445.html","10880","2026-09-09T04:09:46.785Z",".html"
"04_기관리서치/관계도/원천자료/CLEANEYE/B000446.html","19833","2026-09-09T04:09:46.765Z",".html"
"04_기관리서치/관계도/원천자료/CLEANEYE/B000447.html","13555","2026-09-09T04:09:46.979Z",".html"
"04_기관리서치/관계도/원천자료/CLEANEYE/B000448.html","11921","2026-09-09T04:09:46.981Z",".html"
"04_기관리서치/관계도/원천자료/CLEANEYE/B000449.html","10993","2026-09-09T04:09:46.971Z",".html"
"04_기관리서치/관계도/원천자료/CLEANEYE/B000450.html","10510","2026-09-09T04:09:47.183Z",".html"
"04_기관리서치/관계도/원천자료/CLEANEYE/B000451.html","11866","2026-09-09T04:09:47.200Z",".html"
"04_기관리서치/관계도/원천자료/CLEANEYE/B000453.html","12344","2026-09-09T04:09:47.166Z",".html"
"04_기관리서치/관계도/원천자료/CLEANEYE/B000454.html","14710","2026-09-09T04:09:47.397Z",".html"
"04_기관리서치/관계도/원천자료/CLEANEYE/B000455.html","10694","2026-09-09T04:09:47.412Z",".html"
"04_기관리서치/관계도/원천자료/CLEANEYE/B000456.html","27402","2026-09-09T04:09:47.389Z",".html"
"04_기관리서치/관계도/원천자료/CLEANEYE/B000457.html","11059","2026-09-09T04:09:47.600Z",".html"
"04_기관리서치/관계도/원천자료/CLEANEYE/B000458.html","11040","2026-09-09T04:09:47.605Z",".html"
"04_기관리서치/관계도/원천자료/CLEANEYE/B000459.html","11260","2026-09-09T04:09:47.617Z",".html"
"04_기관리서치/관계도/원천자료/CLEANEYE/B000460.html","11234","2026-09-09T04:09:47.817Z",".html"
"04_기관리서치/관계도/원천자료/CLEANEYE/B000461.html","12198","2026-09-09T04:09:47.830Z",".html"
"04_기관리서치/관계도/원천자료/CLEANEYE/B000462.html","13075","2026-09-09T04:09:47.834Z",".html"
"04_기관리서치/관계도/원천자료/CLEANEYE/B000463.html","12892","2026-09-09T04:09:48.029Z",".html"
"04_기관리서치/관계도/원천자료/CLEANEYE/B000464.html","11211","2026-09-09T04:09:48.042Z",".html"
"04_기관리서치/관계도/원천자료/CLEANEYE/B000465.html","10187","2026-09-09T04:09:48.052Z",".html"
"04_기관리서치/관계도/원천자료/CLEANEYE/B000466.html","10530","2026-09-09T04:09:48.250Z",".html"
"04_기관리서치/관계도/원천자료/CLEANEYE/B000467.html","11733","2026-09-09T04:09:48.250Z",".html"
"04_기관리서치/관계도/원천자료/CLEANEYE/B000468.html","11709","2026-09-09T04:09:48.239Z",".html"
"04_기관리서치/관계도/원천자료/CLEANEYE/B000469.html","14463","2026-09-09T04:09:48.486Z",".html"
"04_기관리서치/관계도/원천자료/CLEANEYE/B000470.html","10833","2026-09-09T04:09:48.473Z",".html"
"04_기관리서치/관계도/원천자료/CLEANEYE/B000471.html","10269","2026-09-09T04:09:48.455Z",".html"
"04_기관리서치/관계도/원천자료/CLEANEYE/B000473.html","10837","2026-09-09T04:09:48.693Z",".html"
"04_기관리서치/관계도/원천자료/CLEANEYE/B000475.html","11243","2026-09-09T04:09:48.703Z",".html"
"04_기관리서치/관계도/원천자료/CLEANEYE/B000476.html","10456","2026-09-09T04:09:48.707Z",".html"
"04_기관리서치/관계도/원천자료/CLEANEYE/B000477.html","10532","2026-09-09T04:09:48.915Z",".html"
"04_기관리서치/관계도/원천자료/CLEANEYE/B000478.html","10260","2026-09-09T04:09:48.935Z",".html"
"04_기관리서치/관계도/원천자료/CLEANEYE/B000479.html","11621","2026-09-09T04:09:48.915Z",".html"
"04_기관리서치/관계도/원천자료/CLEANEYE/B000480.html","13229","2026-09-09T04:09:49.122Z",".html"
"04_기관리서치/관계도/원천자료/CLEANEYE/B000481.html","10747","2026-09-09T04:09:49.149Z",".html"
"04_기관리서치/관계도/원천자료/CLEANEYE/B000482.html","10221","2026-09-09T04:09:49.132Z",".html"
"04_기관리서치/관계도/원천자료/CLEANEYE/B000483.html","10564","2026-09-09T04:09:49.355Z",".html"
"04_기관리서치/관계도/원천자료/CLEANEYE/B000484.html","10772","2026-09-09T04:09:49.352Z",".html"
"04_기관리서치/관계도/원천자료/CLEANEYE/B000485.html","10446","2026-09-09T04:09:49.340Z",".html"
"04_기관리서치/관계도/원천자료/CLEANEYE/B000487.html","10222","2026-09-09T04:09:49.525Z",".html"
"04_기관리서치/관계도/원천자료/CLEANEYE/B000488.html","11031","2026-09-09T04:09:16.896Z",".html"
"04_기관리서치/관계도/원천자료/CLEANEYE/B000489.html","11117","2026-09-09T04:09:16.973Z",".html"
"04_기관리서치/관계도/원천자료/CLEANEYE/B000490.html","12776","2026-09-09T04:09:17.033Z",".html"
"04_기관리서치/관계도/원천자료/CLEANEYE/B000491.html","11496","2026-09-09T04:09:49.548Z",".html"
"04_기관리서치/관계도/원천자료/CLEANEYE/B000492.html","11931","2026-09-09T04:09:49.585Z",".html"
"04_기관리서치/관계도/원천자료/CLEANEYE/B000493.html","14548","2026-09-09T04:09:49.717Z",".html"
"04_기관리서치/관계도/원천자료/CLEANEYE/B000494.html","11750","2026-09-09T04:09:49.764Z",".html"
"04_기관리서치/관계도/원천자료/CLEANEYE/B000495.html","10398","2026-09-09T04:09:49.825Z",".html"
"04_기관리서치/관계도/원천자료/CLEANEYE/B000496.html","11731","2026-09-09T04:09:49.932Z",".html"
"04_기관리서치/관계도/원천자료/CLEANEYE/B000499.html","12548","2026-09-09T04:09:49.987Z",".html"
"04_기관리서치/관계도/원천자료/CLEANEYE/B000500.html","11197","2026-09-09T04:09:50.040Z",".html"
"04_기관리서치/관계도/원천자료/CLEANEYE/B000501.html","13574","2026-09-09T04:09:50.131Z",".html"
"04_기관리서치/관계도/원천자료/CLEANEYE/B000502.html","11780","2026-09-09T04:09:50.182Z",".html"
"04_기관리서치/관계도/원천자료/CLEANEYE/B000503.html","12399","2026-09-09T04:09:50.227Z",".html"
"04_기관리서치/관계도/원천자료/CLEANEYE/B000504.html","13046","2026-09-09T04:09:50.325Z",".html"
"04_기관리서치/관계도/원천자료/CLEANEYE/B000505.html","14175","2026-09-09T04:09:50.391Z",".html"
"04_기관리서치/관계도/원천자료/CLEANEYE/B000507.html","11329","2026-09-09T04:09:50.424Z",".html"
"04_기관리서치/관계도/원천자료/CLEANEYE/B000508.html","13348","2026-09-09T04:09:50.539Z",".html"
"04_기관리서치/관계도/원천자료/CLEANEYE/B000509.html","12183","2026-09-09T04:09:50.607Z",".html"
"04_기관리서치/관계도/원천자료/CLEANEYE/B000510.html","12653","2026-09-09T04:09:50.618Z",".html"
"04_기관리서치/관계도/원천자료/CLEANEYE/B000511.html","11169","2026-09-09T04:09:50.756Z",".html"
"04_기관리서치/관계도/원천자료/CLEANEYE/B000512.html","11789","2026-09-09T04:09:50.816Z",".html"
"04_기관리서치/관계도/원천자료/CLEANEYE/B000513.html","12189","2026-09-09T04:09:50.824Z",".html"
"04_기관리서치/관계도/원천자료/CLEANEYE/B000514.html","12367","2026-09-09T04:09:50.984Z",".html"
"04_기관리서치/관계도/원천자료/CLEANEYE/B000515.html","10411","2026-09-09T04:09:51.031Z",".html"
"04_기관리서치/관계도/원천자료/CLEANEYE/B000516.html","12104","2026-09-09T04:09:51.040Z",".html"
"04_기관리서치/관계도/원천자료/CLEANEYE/B000517.html","10218","2026-09-09T04:09:51.228Z",".html"
"04_기관리서치/관계도/원천자료/CLEANEYE/B000518.html","10195","2026-09-09T04:09:51.236Z",".html"
"04_기관리서치/관계도/원천자료/CLEANEYE/B000519.html","11827","2026-09-09T04:09:51.259Z",".html"
"04_기관리서치/관계도/원천자료/CLEANEYE/B000520.html","10517","2026-09-09T04:09:51.438Z",".html"
"04_기관리서치/관계도/원천자료/CLEANEYE/B000521.html","10131","2026-09-09T04:09:51.453Z",".html"
"04_기관리서치/관계도/원천자료/CLEANEYE/B000522.html","11789","2026-09-09T04:09:51.486Z",".html"
"04_기관리서치/관계도/원천자료/CLEANEYE/B000523.html","10769","2026-09-09T04:09:51.668Z",".html"
"04_기관리서치/관계도/원천자료/CLEANEYE/B000525.html","10306","2026-09-09T04:09:51.670Z",".html"
"04_기관리서치/관계도/원천자료/CLEANEYE/B000526.html","10422","2026-09-09T04:09:51.688Z",".html"
"04_기관리서치/관계도/원천자료/CLEANEYE/B000527.html","13766","2026-09-09T04:09:51.876Z",".html"
"04_기관리서치/관계도/원천자료/CLEANEYE/B000528.html","10439","2026-09-09T04:09:51.872Z",".html"
"04_기관리서치/관계도/원천자료/CLEANEYE/B000529.html","11762","2026-09-09T04:09:51.904Z",".html"
"04_기관리서치/관계도/원천자료/CLEANEYE/B000532.html","11136","2026-09-09T04:09:17.076Z",".html"
"04_기관리서치/관계도/원천자료/CLEANEYE/B000534.html","10662","2026-09-09T04:09:17.189Z",".html"
"04_기관리서치/관계도/원천자료/CLEANEYE/B000535.html","10951","2026-09-09T04:09:17.242Z",".html"
"04_기관리서치/관계도/원천자료/CLEANEYE/B000536.html","10244","2026-09-09T04:09:17.310Z",".html"
"04_기관리서치/관계도/원천자료/CLEANEYE/B000537.html","10337","2026-09-09T04:09:17.401Z",".html"
"04_기관리서치/관계도/원천자료/CLEANEYE/B000538.html","10441","2026-09-09T04:09:17.472Z",".html"
"04_기관리서치/관계도/원천자료/CLEANEYE/B000539.html","10959","2026-09-09T04:09:52.081Z",".html"
"04_기관리서치/관계도/원천자료/CLEANEYE/B000540.html","10962","2026-09-09T04:09:52.089Z",".html"
"04_기관리서치/관계도/원천자료/CLEANEYE/B000542.html","10653","2026-09-09T04:09:52.118Z",".html"
"04_기관리서치/관계도/원천자료/CLEANEYE/B000543.html","12977","2026-09-09T04:09:52.298Z",".html"
"04_기관리서치/관계도/원천자료/CLEANEYE/B000544.html","10745","2026-09-09T04:09:52.330Z",".html"
"04_기관리서치/관계도/원천자료/CLEANEYE/B000545.html","14065","2026-09-09T04:09:52.363Z",".html"
"04_기관리서치/관계도/원천자료/CLEANEYE/B000546.html","13279","2026-09-09T04:09:52.508Z",".html"
"04_기관리서치/관계도/원천자료/CLEANEYE/B000547.html","12482","2026-09-09T04:09:52.568Z",".html"
"04_기관리서치/관계도/원천자료/CLEANEYE/B000549.html","11103","2026-09-09T04:09:52.569Z",".html"
"04_기관리서치/관계도/원천자료/CLEANEYE/B000550.html","11803","2026-09-09T04:09:52.721Z",".html"
"04_기관리서치/관계도/원천자료/CLEANEYE/B000551.html","12834","2026-09-09T04:09:52.773Z",".html"
"04_기관리서치/관계도/원천자료/CLEANEYE/B000552.html","14070","2026-09-09T04:09:52.763Z",".html"
"04_기관리서치/관계도/원천자료/CLEANEYE/B000553.html","11989","2026-09-09T04:09:52.948Z",".html"
"04_기관리서치/관계도/원천자료/CLEANEYE/B000554.html","11708","2026-09-09T04:09:52.965Z",".html"
"04_기관리서치/관계도/원천자료/CLEANEYE/B000555.html","11053","2026-09-09T04:09:52.983Z",".html"
"04_기관리서치/관계도/원천자료/CLEANEYE/B000556.html","11449","2026-09-09T04:09:53.154Z",".html"
"04_기관리서치/관계도/원천자료/CLEANEYE/B000557.html","10597","2026-09-09T04:09:53.181Z",".html"
"04_기관리서치/관계도/원천자료/CLEANEYE/B000558.html","12018","2026-09-09T04:09:53.216Z",".html"
"04_기관리서치/관계도/원천자료/CLEANEYE/B000559.html","10780","2026-09-09T04:09:53.366Z",".html"
"04_기관리서치/관계도/원천자료/CLEANEYE/B000560.html","11139","2026-09-09T04:09:53.394Z",".html"
"04_기관리서치/관계도/원천자료/CLEANEYE/B000566.html","10454","2026-09-09T04:09:53.398Z",".html"
"04_기관리서치/관계도/원천자료/CLEANEYE/B000567.html","10492","2026-09-09T04:09:53.566Z",".html"
"04_기관리서치/관계도/원천자료/CLEANEYE/B000568.html","11409","2026-09-09T04:09:53.601Z",".html"
"04_기관리서치/관계도/원천자료/CLEANEYE/B000569.html","10639","2026-09-09T04:09:53.618Z",".html"
"04_기관리서치/관계도/원천자료/CLEANEYE/B000570.html","10916","2026-09-09T04:09:53.770Z",".html"
"04_기관리서치/관계도/원천자료/CLEANEYE/B000571.html","10188","2026-09-09T04:09:53.816Z",".html"
"04_기관리서치/관계도/원천자료/CLEANEYE/B000572.html","10615","2026-09-09T04:09:53.839Z",".html"
"04_기관리서치/관계도/원천자료/CLEANEYE/B000573.html","11346","2026-09-09T04:09:54.009Z",".html"
"04_기관리서치/관계도/원천자료/CLEANEYE/B000574.html","12432","2026-09-09T04:09:54.036Z",".html"
"04_기관리서치/관계도/원천자료/CLEANEYE/B000575.html","10829","2026-09-09T04:09:54.040Z",".html"
"04_기관리서치/관계도/원천자료/CLEANEYE/B000576.html","10149","2026-09-09T04:09:54.208Z",".html"
"04_기관리서치/관계도/원천자료/CLEANEYE/B000578.html","10111","2026-09-09T04:09:54.238Z",".html"
"04_기관리서치/관계도/원천자료/CLEANEYE/B000579.html","11270","2026-09-09T04:09:54.256Z",".html"
"04_기관리서치/관계도/원천자료/CLEANEYE/B000580.html","10587","2026-09-09T04:09:54.428Z",".html"
"04_기관리서치/관계도/원천자료/CLEANEYE/B000581.html","10259","2026-09-09T04:09:54.435Z",".html"
"04_기관리서치/관계도/원천자료/CLEANEYE/B000582.html","11177","2026-09-09T04:09:54.465Z",".html"
"04_기관리서치/관계도/원천자료/CLEANEYE/B000583.html","9959","2026-09-09T04:09:17.533Z",".html"
"04_기관리서치/관계도/원천자료/CLEANEYE/B000584.html","10555","2026-09-09T04:09:17.607Z",".html"
"04_기관리서치/관계도/원천자료/CLEANEYE/B000585.html","10209","2026-09-09T04:09:17.694Z",".html"
"04_기관리서치/관계도/원천자료/CLEANEYE/B000586.html","11361","2026-09-09T04:09:17.753Z",".html"
"04_기관리서치/관계도/원천자료/CLEANEYE/B000588.html","10770","2026-09-09T04:09:17.814Z",".html"
"04_기관리서치/관계도/원천자료/CLEANEYE/B000591.html","11759","2026-09-09T04:09:17.910Z",".html"
"04_기관리서치/관계도/원천자료/CLEANEYE/B000593.html","11342","2026-09-09T04:09:17.973Z",".html"
"04_기관리서치/관계도/원천자료/CLEANEYE/B000594.html","10906","2026-09-09T04:09:18.020Z",".html"
"04_기관리서치/관계도/원천자료/CLEANEYE/B000595.html","11528","2026-09-09T04:09:18.124Z",".html"
"04_기관리서치/관계도/원천자료/CLEANEYE/B000596.html","10760","2026-09-09T04:09:18.187Z",".html"
"04_기관리서치/관계도/원천자료/CLEANEYE/B000599.html","9948","2026-09-09T04:09:18.252Z",".html"
"04_기관리서치/관계도/원천자료/CLEANEYE/B000600.html","12499","2026-09-09T04:09:18.368Z",".html"
"04_기관리서치/관계도/원천자료/CLEANEYE/B000604.html","12006","2026-09-09T04:09:18.409Z",".html"
"04_기관리서치/관계도/원천자료/CLEANEYE/B000606.html","10986","2026-09-09T04:09:54.616Z",".html"
"04_기관리서치/관계도/원천자료/CLEANEYE/B000607.html","10939","2026-09-09T04:09:54.630Z",".html"
"04_기관리서치/관계도/원천자료/CLEANEYE/B000608.html","11437","2026-09-09T04:09:54.673Z",".html"
"04_기관리서치/관계도/원천자료/CLEANEYE/B000610.html","12240","2026-09-09T04:09:54.864Z",".html"
"04_기관리서치/관계도/원천자료/CLEANEYE/B000611.html","13219","2026-09-09T04:09:54.842Z",".html"
"04_기관리서치/관계도/원천자료/CLEANEYE/B000612.html","15670","2026-09-09T04:09:54.898Z",".html"
"04_기관리서치/관계도/원천자료/CLEANEYE/B000614.html","12015","2026-09-09T04:09:55.043Z",".html"
"04_기관리서치/관계도/원천자료/CLEANEYE/B000615.html","13102","2026-09-09T04:09:55.054Z",".html"
"04_기관리서치/관계도/원천자료/CLEANEYE/B000616.html","21609","2026-09-09T04:09:55.102Z",".html"
"04_기관리서치/관계도/원천자료/CLEANEYE/B000617.html","6728","2026-09-09T04:09:55.236Z",".html"
"04_기관리서치/관계도/원천자료/CLEANEYE/B000618.html","12352","2026-09-09T04:09:55.260Z",".html"
"04_기관리서치/관계도/원천자료/CLEANEYE/B000619.html","12756","2026-09-09T04:09:55.288Z",".html"
"04_기관리서치/관계도/원천자료/CLEANEYE/B000620.html","11823","2026-09-09T04:09:55.426Z",".html"
"04_기관리서치/관계도/원천자료/CLEANEYE/B000621.html","10248","2026-09-09T04:09:55.478Z",".html"
"04_기관리서치/관계도/원천자료/CLEANEYE/B000622.html","10944","2026-09-09T04:09:55.511Z",".html"
"04_기관리서치/관계도/원천자료/CLEANEYE/B000623.html","11103","2026-09-09T04:09:55.619Z",".html"
"04_기관리서치/관계도/원천자료/CLEANEYE/B000624.html","11920","2026-09-09T04:09:55.671Z",".html"
"04_기관리서치/관계도/원천자료/CLEANEYE/B000625.html","11100","2026-09-09T04:09:55.724Z",".html"
"04_기관리서치/관계도/원천자료/CLEANEYE/B000626.html","10888","2026-09-09T04:09:55.853Z",".html"
"04_기관리서치/관계도/원천자료/CLEANEYE/B000627.html","11541","2026-09-09T04:09:55.910Z",".html"
"04_기관리서치/관계도/원천자료/CLEANEYE/B000629.html","14034","2026-09-09T04:09:55.940Z",".html"
"04_기관리서치/관계도/원천자료/CLEANEYE/B000630.html","10341","2026-09-09T04:09:56.070Z",".html"
"04_기관리서치/관계도/원천자료/CLEANEYE/B000631.html","11818","2026-09-09T04:09:56.108Z",".html"
"04_기관리서치/관계도/원천자료/CLEANEYE/B000632.html","11030","2026-09-09T04:09:56.156Z",".html"
"04_기관리서치/관계도/원천자료/CLEANEYE/B000633.html","12563","2026-09-09T04:09:56.259Z",".html"
"04_기관리서치/관계도/원천자료/CLEANEYE/B000634.html","14678","2026-09-09T04:09:56.342Z",".html"
"04_기관리서치/관계도/원천자료/CLEANEYE/B000635.html","15191","2026-09-09T04:09:56.385Z",".html"
"04_기관리서치/관계도/원천자료/CLEANEYE/B000636.html","10294","2026-09-09T04:09:56.451Z",".html"
"04_기관리서치/관계도/원천자료/CLEANEYE/B000637.html","15010","2026-09-09T04:09:56.589Z",".html"
"04_기관리서치/관계도/원천자료/CLEANEYE/B000638.html","11122","2026-09-09T04:09:56.619Z",".html"
"04_기관리서치/관계도/원천자료/CLEANEYE/B000639.html","11379","2026-09-09T04:09:56.635Z",".html"
"04_기관리서치/관계도/원천자료/CLEANEYE/B000640.html","11980","2026-09-09T04:09:56.819Z",".html"
"04_기관리서치/관계도/원천자료/CLEANEYE/B000641.html","12427","2026-09-09T04:09:56.836Z",".html"
"04_기관리서치/관계도/원천자료/CLEANEYE/B000642.html","11469","2026-09-09T04:09:56.838Z",".html"
"04_기관리서치/관계도/원천자료/CLEANEYE/B000644.html","11169","2026-09-09T04:09:57.012Z",".html"
"04_기관리서치/관계도/원천자료/CLEANEYE/B000645.html","12481","2026-09-09T04:09:57.058Z",".html"
"04_기관리서치/관계도/원천자료/CLEANEYE/B000646.html","11444","2026-09-09T04:09:57.050Z",".html"
"04_기관리서치/관계도/원천자료/CLEANEYE/B000647.html","13338","2026-09-09T04:09:57.226Z",".html"
"04_기관리서치/관계도/원천자료/CLEANEYE/B000648.html","12360","2026-09-09T04:09:57.250Z",".html"
"04_기관리서치/관계도/원천자료/CLEANEYE/B000649.html","11548","2026-09-09T04:09:57.292Z",".html"
"04_기관리서치/관계도/원천자료/CLEANEYE/B000650.html","10615","2026-09-09T04:09:57.454Z",".html"
"04_기관리서치/관계도/원천자료/CLEANEYE/B000651.html","11535","2026-09-09T04:09:57.461Z",".html"
"04_기관리서치/관계도/원천자료/CLEANEYE/B000652.html","10749","2026-09-09T04:09:57.506Z",".html"
"04_기관리서치/관계도/원천자료/CLEANEYE/B000653.html","10557","2026-09-09T04:09:57.662Z",".html"
"04_기관리서치/관계도/원천자료/CLEANEYE/B000655.html","10391","2026-09-09T04:09:57.680Z",".html"
"04_기관리서치/관계도/원천자료/CLEANEYE/B000656.html","10379","2026-09-09T04:09:57.704Z",".html"
"04_기관리서치/관계도/원천자료/CLEANEYE/B000659.html","11682","2026-09-09T04:09:57.897Z",".html"
"04_기관리서치/관계도/원천자료/CLEANEYE/B000662.html","11122","2026-09-09T04:09:57.889Z",".html"
"04_기관리서치/관계도/원천자료/CLEANEYE/B000663.html","12067","2026-09-09T04:09:57.918Z",".html"
"04_기관리서치/관계도/원천자료/CLEANEYE/B000664.html","12894","2026-09-09T04:09:58.121Z",".html"
"04_기관리서치/관계도/원천자료/CLEANEYE/B000669.html","10690","2026-09-09T04:09:58.111Z",".html"
"04_기관리서치/관계도/원천자료/CLEANEYE/B000671.html","10308","2026-09-09T04:09:58.129Z",".html"
"04_기관리서치/관계도/원천자료/CLEANEYE/B000672.html","11377","2026-09-09T04:09:58.320Z",".html"
"04_기관리서치/관계도/원천자료/CLEANEYE/B000673.html","12408","2026-09-09T04:09:58.343Z",".html"
"04_기관리서치/관계도/원천자료/CLEANEYE/B000674.html","10682","2026-09-09T04:09:58.340Z",".html"
"04_기관리서치/관계도/원천자료/CLEANEYE/B000675.html","11577","2026-09-09T04:09:58.538Z",".html"
"04_기관리서치/관계도/원천자료/CLEANEYE/B000676.html","11181","2026-09-09T04:09:18.472Z",".html"
"04_기관리서치/관계도/원천자료/CLEANEYE/B000677.html","13900","2026-09-09T04:09:58.552Z",".html"
"04_기관리서치/관계도/원천자료/CLEANEYE/B000681.html","10517","2026-09-09T04:09:18.557Z",".html"
"04_기관리서치/관계도/원천자료/CLEANEYE/B000682.html","11804","2026-09-09T04:09:58.531Z",".html"
"04_기관리서치/관계도/원천자료/CLEANEYE/B000683.html","12609","2026-09-09T04:09:58.741Z",".html"
"04_기관리서치/관계도/원천자료/CLEANEYE/B000684.html","14443","2026-09-09T04:09:58.735Z",".html"
"04_기관리서치/관계도/원천자료/CLEANEYE/B000685.html","13668","2026-09-09T04:09:58.748Z",".html"
"04_기관리서치/관계도/원천자료/CLEANEYE/B000686.html","10976","2026-09-09T04:09:58.924Z",".html"
"04_기관리서치/관계도/원천자료/CLEANEYE/B000687.html","10197","2026-09-09T04:09:58.941Z",".html"
"04_기관리서치/관계도/원천자료/CLEANEYE/B000688.html","10217","2026-09-09T04:09:58.957Z",".html"
"04_기관리서치/관계도/원천자료/CLEANEYE/B000689.html","13355","2026-09-09T04:09:59.116Z",".html"
"04_기관리서치/관계도/원천자료/CLEANEYE/B000690.html","12911","2026-09-09T04:09:18.615Z",".html"
"04_기관리서치/관계도/원천자료/CLEANEYE/B000691.html","10391","2026-09-09T04:09:18.691Z",".html"
"04_기관리서치/관계도/원천자료/CLEANEYE/B000692.html","15966","2026-09-09T04:09:59.134Z",".html"
"04_기관리서치/관계도/원천자료/CLEANEYE/B000693.html","11902","2026-09-09T04:09:59.161Z",".html"
"04_기관리서치/관계도/원천자료/CLEANEYE/B000694.html","10363","2026-09-09T04:09:59.321Z",".html"
"04_기관리서치/관계도/원천자료/CLEANEYE/B000696.html","11684","2026-09-09T04:09:59.333Z",".html"
"04_기관리서치/관계도/원천자료/CLEANEYE/B000698.html","11919","2026-09-09T04:09:59.371Z",".html"
"04_기관리서치/관계도/원천자료/CLEANEYE/B000699.html","13824","2026-09-09T04:09:59.537Z",".html"
"04_기관리서치/관계도/원천자료/CLEANEYE/B000701.html","11733","2026-09-09T04:09:18.771Z",".html"
"04_기관리서치/관계도/원천자료/CLEANEYE/B000702.html","12081","2026-09-09T04:09:18.823Z",".html"
"04_기관리서치/관계도/원천자료/CLEANEYE/B000703.html","11260","2026-09-09T04:09:18.909Z",".html"
"04_기관리서치/관계도/원천자료/CLEANEYE/B000705.html","11253","2026-09-09T04:09:18.995Z",".html"
"04_기관리서치/관계도/원천자료/CLEANEYE/B000706.html","10520","2026-09-09T04:09:19.034Z",".html"
"04_기관리서치/관계도/원천자료/CLEANEYE/B000707.html","10487","2026-09-09T04:09:19.127Z",".html"
"04_기관리서치/관계도/원천자료/CLEANEYE/B000708.html","10915","2026-09-09T04:09:19.193Z",".html"
"04_기관리서치/관계도/원천자료/CLEANEYE/B000711.html","12713","2026-09-09T04:09:59.537Z",".html"
"04_기관리서치/관계도/원천자료/CLEANEYE/B000713.html","10818","2026-09-09T04:09:59.580Z",".html"
"04_기관리서치/관계도/원천자료/CLEANEYE/B000714.html","11833","2026-09-09T04:09:59.756Z",".html"
"04_기관리서치/관계도/원천자료/CLEANEYE/B000715.html","12529","2026-09-09T04:09:59.784Z",".html"
"04_기관리서치/관계도/원천자료/CLEANEYE/B000716.html","10492","2026-09-09T04:09:59.796Z",".html"
"04_기관리서치/관계도/원천자료/CLEANEYE/B000717.html","12259","2026-09-09T04:09:59.952Z",".html"
"04_기관리서치/관계도/원천자료/CLEANEYE/B000718.html","12278","2026-09-09T04:09:59.971Z",".html"
"04_기관리서치/관계도/원천자료/CLEANEYE/B000720.html","11397","2026-09-09T04:10:00.015Z",".html"
"04_기관리서치/관계도/원천자료/CLEANEYE/B000721.html","10803","2026-09-09T04:10:00.164Z",".html"
"04_기관리서치/관계도/원천자료/CLEANEYE/B000722.html","15795","2026-09-09T04:10:00.165Z",".html"
"04_기관리서치/관계도/원천자료/CLEANEYE/B000724.html","16398","2026-09-09T04:10:00.224Z",".html"
"04_기관리서치/관계도/원천자료/CLEANEYE/B000725.html","11426","2026-09-09T04:10:00.399Z",".html"
"04_기관리서치/관계도/원천자료/CLEANEYE/B000726.html","18992","2026-09-09T04:10:00.383Z",".html"
"04_기관리서치/관계도/원천자료/CLEANEYE/B000727.html","11224","2026-09-09T04:10:00.454Z",".html"
"04_기관리서치/관계도/원천자료/CLEANEYE/B000728.html","10829","2026-09-09T04:10:00.580Z",".html"
"04_기관리서치/관계도/원천자료/CLEANEYE/B000729.html","13558","2026-09-09T04:10:00.593Z",".html"
"04_기관리서치/관계도/원천자료/CLEANEYE/B000730.html","11006","2026-09-09T04:10:00.646Z",".html"
"04_기관리서치/관계도/원천자료/CLEANEYE/B000731.html","15921","2026-09-09T04:10:00.806Z",".html"
"04_기관리서치/관계도/원천자료/CLEANEYE/B000732.html","14377","2026-09-09T04:10:00.825Z",".html"
"04_기관리서치/관계도/원천자료/CLEANEYE/B000734.html","11004","2026-09-09T04:10:01.026Z",".html"
"04_기관리서치/관계도/원천자료/CLEANEYE/B000733.html","10562","2026-09-09T04:10:00.856Z",".html"
"04_기관리서치/관계도/원천자료/CLEANEYE/B000737.html","11074","2026-09-09T04:10:01.043Z",".html"
"04_기관리서치/관계도/원천자료/CLEANEYE/B000738.html","11462","2026-09-09T04:10:01.060Z",".html"
"04_기관리서치/관계도/원천자료/CLEANEYE/B000740.html","10699","2026-09-09T04:10:01.240Z",".html"
"04_기관리서치/관계도/원천자료/CLEANEYE/B000741.html","15358","2026-09-09T04:10:01.267Z",".html"
"04_기관리서치/관계도/원천자료/CLEANEYE/B000742.html","10837","2026-09-09T04:10:01.294Z",".html"
"04_기관리서치/관계도/원천자료/CLEANEYE/B000743.html","10438","2026-09-09T04:10:01.458Z",".html"
"04_기관리서치/관계도/원천자료/CLEANEYE/B000744.html","10549","2026-09-09T04:10:01.456Z",".html"
"04_기관리서치/관계도/원천자료/CLEANEYE/B000745.html","16125","2026-09-09T04:10:01.510Z",".html"
"04_기관리서치/관계도/원천자료/CLEANEYE/B000746.html","11160","2026-09-09T04:10:01.651Z",".html"
"04_기관리서치/관계도/원천자료/CLEANEYE/B000747.html","10620","2026-09-09T04:09:19.239Z",".html"
"04_기관리서치/관계도/원천자료/CLEANEYE/B000748.html","9910","2026-09-09T04:09:19.343Z",".html"
"04_기관리서치/관계도/원천자료/CLEANEYE/B000749.html","10278","2026-09-09T04:09:19.413Z",".html"
"04_기관리서치/관계도/원천자료/CLEANEYE/B000750.html","10370","2026-09-09T04:10:01.672Z",".html"
"04_기관리서치/관계도/원천자료/CLEANEYE/B000751.html","10215","2026-09-09T04:10:01.710Z",".html"
"04_기관리서치/관계도/원천자료/CLEANEYE/B000752.html","14590","2026-09-09T04:10:01.869Z",".html"
"04_기관리서치/관계도/원천자료/CLEANEYE/B000753.html","11543","2026-09-09T04:10:01.891Z",".html"
"04_기관리서치/관계도/원천자료/CLEANEYE/B000754.html","13645","2026-09-09T04:10:01.923Z",".html"
"04_기관리서치/관계도/원천자료/CLEANEYE/B000756.html","10356","2026-09-09T04:10:02.067Z",".html"
"04_기관리서치/관계도/원천자료/CLEANEYE/B000757.html","10890","2026-09-09T04:10:02.100Z",".html"
"04_기관리서치/관계도/원천자료/CLEANEYE/B000760.html","10894","2026-09-09T04:10:02.138Z",".html"
"04_기관리서치/관계도/원천자료/CLEANEYE/B000761.html","10888","2026-09-09T04:10:02.301Z",".html"
"04_기관리서치/관계도/원천자료/CLEANEYE/B000762.html","13998","2026-09-09T04:10:02.338Z",".html"
"04_기관리서치/관계도/원천자료/CLEANEYE/B000764.html","11086","2026-09-09T04:10:02.355Z",".html"
"04_기관리서치/관계도/원천자료/CLEANEYE/B000766.html","11963","2026-09-09T04:10:02.484Z",".html"
"04_기관리서치/관계도/원천자료/CLEANEYE/B000767.html","11418","2026-09-09T04:10:02.545Z",".html"
"04_기관리서치/관계도/원천자료/CLEANEYE/B000768.html","11949","2026-09-09T04:10:02.586Z",".html"
"04_기관리서치/관계도/원천자료/CLEANEYE/B000770.html","13057","2026-09-09T04:10:02.686Z",".html"
"04_기관리서치/관계도/원천자료/CLEANEYE/B000771.html","11702","2026-09-09T04:10:02.769Z",".html"
"04_기관리서치/관계도/원천자료/CLEANEYE/B000773.html","11021","2026-09-09T04:10:02.780Z",".html"
"04_기관리서치/관계도/원천자료/CLEANEYE/B000774.html","10579","2026-09-09T04:10:02.893Z",".html"
"04_기관리서치/관계도/원천자료/CLEANEYE/B000775.html","11924","2026-09-09T04:10:02.981Z",".html"
"04_기관리서치/관계도/원천자료/CLEANEYE/B000776.html","6738","2026-09-09T04:10:02.991Z",".html"
"04_기관리서치/관계도/원천자료/CLEANEYE/B000777.html","10836","2026-09-09T04:10:03.092Z",".html"
"04_기관리서치/관계도/원천자료/CLEANEYE/B000778.html","10040","2026-09-09T04:10:03.186Z",".html"
"04_기관리서치/관계도/원천자료/CLEANEYE/B000779.html","11075","2026-09-09T04:10:03.202Z",".html"
"04_기관리서치/관계도/원천자료/CLEANEYE/B000780.html","11207","2026-09-09T04:10:03.296Z",".html"
"04_기관리서치/관계도/원천자료/CLEANEYE/B000781.html","12066","2026-09-09T04:10:03.382Z",".html"
"04_기관리서치/관계도/원천자료/CLEANEYE/B000782.html","12119","2026-09-09T04:10:03.413Z",".html"
"04_기관리서치/관계도/원천자료/CLEANEYE/B000783.html","10405","2026-09-09T04:10:03.489Z",".html"
"04_기관리서치/관계도/원천자료/CLEANEYE/B000784.html","11662","2026-09-09T04:09:19.459Z",".html"
"04_기관리서치/관계도/원천자료/CLEANEYE/B000785.html","11265","2026-09-09T04:10:03.586Z",".html"
"04_기관리서치/관계도/원천자료/CLEANEYE/B000786.html","13553","2026-09-09T04:10:03.623Z",".html"
"04_기관리서치/관계도/원천자료/CLEANEYE/B000787.html","10913","2026-09-09T04:09:19.549Z",".html"
"04_기관리서치/관계도/원천자료/CLEANEYE/B000788.html","11532","2026-09-09T04:10:03.709Z",".html"
"04_기관리서치/관계도/원천자료/CLEANEYE/B000789.html","11954","2026-09-09T04:10:03.768Z",".html"
"04_기관리서치/관계도/원천자료/CLEANEYE/B000790.html","11787","2026-09-09T04:10:03.819Z",".html"
"04_기관리서치/관계도/원천자료/CLEANEYE/B000792.html","13203","2026-09-09T04:10:03.929Z",".html"
"04_기관리서치/관계도/원천자료/CLEANEYE/B000793.html","10558","2026-09-09T04:09:19.616Z",".html"
"04_기관리서치/관계도/원천자료/CLEANEYE/B000794.html","19825","2026-09-09T04:10:03.977Z",".html"
"04_기관리서치/관계도/원천자료/CLEANEYE/B000795.html","11561","2026-09-09T04:10:04.038Z",".html"
"04_기관리서치/관계도/원천자료/CLEANEYE/B000796.html","11450","2026-09-09T04:10:04.122Z",".html"
"04_기관리서치/관계도/원천자료/CLEANEYE/B000797.html","10803","2026-09-09T04:10:04.199Z",".html"
"04_기관리서치/관계도/원천자료/CLEANEYE/B000798.html","13108","2026-09-09T04:10:04.252Z",".html"
"04_기관리서치/관계도/원천자료/CLEANEYE/B000799.html","10338","2026-09-09T04:09:19.655Z",".html"
"04_기관리서치/관계도/원천자료/CLEANEYE/B000800.html","10235","2026-09-09T04:09:19.777Z",".html"
"04_기관리서치/관계도/원천자료/CLEANEYE/B000801.html","10895","2026-09-09T04:10:04.325Z",".html"
"04_기관리서치/관계도/원천자료/CLEANEYE/B000802.html","11013","2026-09-09T04:10:04.422Z",".html"
"04_기관리서치/관계도/원천자료/CLEANEYE/B000803.html","11291","2026-09-09T04:10:04.468Z",".html"
"04_기관리서치/관계도/원천자료/CLEANEYE/B000804.html","11560","2026-09-09T04:10:04.519Z",".html"
"04_기관리서치/관계도/원천자료/CLEANEYE/B000805.html","11577","2026-09-09T04:10:04.640Z",".html"
"04_기관리서치/관계도/원천자료/CLEANEYE/B000806.html","11156","2026-09-09T04:10:04.652Z",".html"
"04_기관리서치/관계도/원천자료/CLEANEYE/B000807.html","10881","2026-09-09T04:10:04.705Z",".html"
"04_기관리서치/관계도/원천자료/CLEANEYE/B000808.html","11763","2026-09-09T04:10:04.858Z",".html"
"04_기관리서치/관계도/원천자료/CLEANEYE/B000809.html","10796","2026-09-09T04:10:04.873Z",".html"
"04_기관리서치/관계도/원천자료/CLEANEYE/B000810.html","12212","2026-09-09T04:10:04.942Z",".html"
"04_기관리서치/관계도/원천자료/CLEANEYE/B000811.html","11656","2026-09-09T04:10:05.044Z",".html"
"04_기관리서치/관계도/원천자료/CLEANEYE/B000813.html","13361","2026-09-09T04:10:05.078Z",".html"
"04_기관리서치/관계도/원천자료/CLEANEYE/B000814.html","10758","2026-09-09T04:09:19.825Z",".html"
"04_기관리서치/관계도/원천자료/CLEANEYE/B000815.html","10197","2026-09-09T04:09:19.877Z",".html"
"04_기관리서치/관계도/원천자료/CLEANEYE/B000816.html","11266","2026-09-09T04:10:05.152Z",".html"
"04_기관리서치/관계도/원천자료/CLEANEYE/B000817.html","10425","2026-09-09T04:09:19.960Z",".html"
"04_기관리서치/관계도/원천자료/CLEANEYE/B000818.html","11276","2026-09-09T04:10:05.254Z",".html"
"04_기관리서치/관계도/원천자료/CLEANEYE/B000820.html","10809","2026-09-09T04:09:20.061Z",".html"
"04_기관리서치/관계도/원천자료/CLEANEYE/B000821.html","11498","2026-09-09T04:10:05.301Z",".html"
"04_기관리서치/관계도/원천자료/CLEANEYE/B000822.html","11219","2026-09-09T04:10:05.368Z",".html"
"04_기관리서치/관계도/원천자료/CLEANEYE/B000823.html","11953","2026-09-09T04:10:05.468Z",".html"
"04_기관리서치/관계도/원천자료/CLEANEYE/B000824.html","11954","2026-09-09T04:10:05.501Z",".html"
"04_기관리서치/관계도/원천자료/CLEANEYE/B000825.html","10128","2026-09-09T04:10:05.568Z",".html"
"04_기관리서치/관계도/원천자료/CLEANEYE/B000827.html","11234","2026-09-09T04:10:05.690Z",".html"
"04_기관리서치/관계도/원천자료/CLEANEYE/B000829.html","11535","2026-09-09T04:10:05.720Z",".html"
"04_기관리서치/관계도/원천자료/CLEANEYE/B000830.html","11153","2026-09-09T04:10:05.806Z",".html"
"04_기관리서치/관계도/원천자료/CLEANEYE/B000831.html","10980","2026-09-09T04:10:05.922Z",".html"
"04_기관리서치/관계도/원천자료/CLEANEYE/B000833.html","11433","2026-09-09T04:10:05.932Z",".html"
"04_기관리서치/관계도/원천자료/CLEANEYE/B000834.html","11024","2026-09-09T04:10:06.018Z",".html"
"04_기관리서치/관계도/원천자료/CLEANEYE/B000835.html","10936","2026-09-09T04:10:06.119Z",".html"
"04_기관리서치/관계도/원천자료/CLEANEYE/B000836.html","11207","2026-09-09T04:10:06.125Z",".html"
"04_기관리서치/관계도/원천자료/CLEANEYE/B000837.html","11962","2026-09-09T04:10:06.243Z",".html"
"04_기관리서치/관계도/원천자료/CLEANEYE/B000838.html","12504","2026-09-09T04:10:06.311Z",".html"
"04_기관리서치/관계도/원천자료/CLEANEYE/B000839.html","11292","2026-09-09T04:10:06.320Z",".html"
"04_기관리서치/관계도/원천자료/CLEANEYE/B000840.html","12068","2026-09-09T04:10:06.447Z",".html"
"04_기관리서치/관계도/원천자료/CLEANEYE/B000841.html","10941","2026-09-09T04:09:20.117Z",".html"
"04_기관리서치/관계도/원천자료/CLEANEYE/B000842.html","10765","2026-09-09T04:10:06.536Z",".html"
"04_기관리서치/관계도/원천자료/CLEANEYE/B000843.html","10467","2026-09-09T04:10:06.545Z",".html"
"04_기관리서치/관계도/원천자료/CLEANEYE/B000844.html","15838","2026-09-09T04:10:06.661Z",".html"
"04_기관리서치/관계도/원천자료/CLEANEYE/B000845.html","10934","2026-09-09T04:10:06.740Z",".html"
"04_기관리서치/관계도/원천자료/CLEANEYE/B000846.html","10749","2026-09-09T04:10:06.760Z",".html"
"04_기관리서치/관계도/원천자료/CLEANEYE/B000847.html","10785","2026-09-09T04:10:06.866Z",".html"
"04_기관리서치/관계도/원천자료/CLEANEYE/B000848.html","11760","2026-09-09T04:10:06.936Z",".html"
"04_기관리서치/관계도/원천자료/CLEANEYE/B000849.html","11402","2026-09-09T04:09:20.163Z",".html"
"04_기관리서치/관계도/원천자료/CLEANEYE/B000851.html","10825","2026-09-09T04:10:06.972Z",".html"
"04_기관리서치/관계도/원천자료/CLEANEYE/B000852.html","13475","2026-09-09T04:10:07.074Z",".html"
"04_기관리서치/관계도/원천자료/CLEANEYE/B000853.html","10666","2026-09-09T04:10:07.135Z",".html"
"04_기관리서치/관계도/원천자료/CLEANEYE/B000854.html","11134","2026-09-09T04:10:07.178Z",".html"
"04_기관리서치/관계도/원천자료/CLEANEYE/B000855.html","11507","2026-09-09T04:10:07.261Z",".html"
"04_기관리서치/관계도/원천자료/CLEANEYE/B000856.html","12183","2026-09-09T04:10:07.329Z",".html"
"04_기관리서치/관계도/원천자료/CLEANEYE/B000857.html","11303","2026-09-09T04:10:07.403Z",".html"
"04_기관리서치/관계도/원천자료/CLEANEYE/B000858.html","10474","2026-09-09T04:09:20.266Z",".html"
"04_기관리서치/관계도/원천자료/CLEANEYE/B000859.html","11483","2026-09-09T04:10:07.480Z",".html"
"04_기관리서치/관계도/원천자료/CLEANEYE/B000860.html","10095","2026-09-09T04:10:07.568Z",".html"
"04_기관리서치/관계도/원천자료/CLEANEYE/B000861.html","11676","2026-09-09T04:10:07.623Z",".html"
"04_기관리서치/관계도/원천자료/CLEANEYE/B000862.html","10895","2026-09-09T04:10:07.696Z",".html"
"04_기관리서치/관계도/원천자료/CLEANEYE/B000863.html","10975","2026-09-09T04:10:07.772Z",".html"
"04_기관리서치/관계도/원천자료/CLEANEYE/B000864.html","11246","2026-09-09T04:10:07.840Z",".html"
"04_기관리서치/관계도/원천자료/CLEANEYE/B000865.html","13515","2026-09-09T04:10:07.911Z",".html"
"04_기관리서치/관계도/원천자료/CLEANEYE/B000866.html","12161","2026-09-09T04:10:07.994Z",".html"
"04_기관리서치/관계도/원천자료/CLEANEYE/B000867.html","10431","2026-09-09T04:09:20.324Z",".html"
"04_기관리서치/관계도/원천자료/CLEANEYE/B000868.html","14881","2026-09-09T04:10:08.077Z",".html"
"04_기관리서치/관계도/원천자료/CLEANEYE/B000869.html","11585","2026-09-09T04:10:08.139Z",".html"
"04_기관리서치/관계도/원천자료/CLEANEYE/B000870.html","11978","2026-09-09T04:10:08.216Z",".html"
"04_기관리서치/관계도/원천자료/CLEANEYE/B000871.html","10340","2026-09-09T04:09:20.368Z",".html"
"04_기관리서치/관계도/원천자료/CLEANEYE/B000873.html","10746","2026-09-09T04:10:08.296Z",".html"
"04_기관리서치/관계도/원천자료/CLEANEYE/B000874.html","11606","2026-09-09T04:10:08.334Z",".html"
"04_기관리서치/관계도/원천자료/CLEANEYE/B000875.html","10517","2026-09-09T04:09:20.449Z",".html"
"04_기관리서치/관계도/원천자료/CLEANEYE/B000876.html","9546","2026-09-09T04:09:20.531Z",".html"
"04_기관리서치/관계도/원천자료/CLEANEYE/B000877.html","11691","2026-09-09T04:10:08.426Z",".html"
"04_기관리서치/관계도/원천자료/CLEANEYE/B000878.html","15409","2026-09-09T04:10:08.515Z",".html"
"04_기관리서치/관계도/원천자료/CLEANEYE/B000879.html","11862","2026-09-09T04:10:08.578Z",".html"
"04_기관리서치/관계도/원천자료/CLEANEYE/B000880.html","10329","2026-09-09T04:09:20.590Z",".html"
"04_기관리서치/관계도/원천자료/CLEANEYE/B000881.html","10658","2026-09-09T04:10:08.647Z",".html"
"04_기관리서치/관계도/원천자료/CLEANEYE/B000882.html","11460","2026-09-09T04:10:08.749Z",".html"
"04_기관리서치/관계도/원천자료/CLEANEYE/B000883.html","11492","2026-09-09T04:10:08.788Z",".html"
"04_기관리서치/관계도/원천자료/CLEANEYE/B000884.html","11021","2026-09-09T04:10:08.877Z",".html"
"04_기관리서치/관계도/원천자료/CLEANEYE/B000885.html","11174","2026-09-09T04:10:08.974Z",".html"
"04_기관리서치/관계도/원천자료/CLEANEYE/B000886.html","13856","2026-09-09T04:10:09.007Z",".html"
"04_기관리서치/관계도/원천자료/CLEANEYE/B000887.html","11650","2026-09-09T04:10:09.081Z",".html"
"04_기관리서치/관계도/원천자료/CLEANEYE/B000888.html","11972","2026-09-09T04:10:09.192Z",".html"
"04_기관리서치/관계도/원천자료/CLEANEYE/B000890.html","11267","2026-09-09T04:10:09.207Z",".html"
"04_기관리서치/관계도/원천자료/CLEANEYE/B000891.html","10535","2026-09-09T04:10:09.289Z",".html"
"04_기관리서치/관계도/원천자료/CLEANEYE/B000892.html","12829","2026-09-09T04:10:09.386Z",".html"
"04_기관리서치/관계도/원천자료/CLEANEYE/B000893.html","11485","2026-09-09T04:10:09.416Z",".html"
"04_기관리서치/관계도/원천자료/CLEANEYE/B000894.html","11839","2026-09-09T04:09:20.669Z",".html"
"04_기관리서치/관계도/원천자료/CLEANEYE/B000895.html","10411","2026-09-09T04:10:09.514Z",".html"
"04_기관리서치/관계도/원천자료/CLEANEYE/B000896.html","10858","2026-09-09T04:10:09.598Z",".html"
"04_기관리서치/관계도/원천자료/CLEANEYE/B000897.html","10631","2026-09-09T04:10:09.619Z",".html"
"04_기관리서치/관계도/원천자료/CLEANEYE/B000898.html","10821","2026-09-09T04:10:09.737Z",".html"
"04_기관리서치/관계도/원천자료/CLEANEYE/B000899.html","11107","2026-09-09T04:10:09.788Z",".html"
"04_기관리서치/관계도/원천자료/CLEANEYE/B000900.html","11771","2026-09-09T04:10:09.862Z",".html"
"04_기관리서치/관계도/원천자료/CLEANEYE/B000901.html","11461","2026-09-09T04:09:20.758Z",".html"
"04_기관리서치/관계도/원천자료/CLEANEYE/B000902.html","10703","2026-09-09T04:10:09.976Z",".html"
"04_기관리서치/관계도/원천자료/CLEANEYE/B000905.html","12041","2026-09-09T04:10:10.009Z",".html"
"04_기관리서치/관계도/원천자료/CLEANEYE/B000907.html","12068","2026-09-09T04:10:10.069Z",".html"
"04_기관리서치/관계도/원천자료/CLEANEYE/B000908.html","10131","2026-09-09T04:09:20.817Z",".html"
"04_기관리서치/관계도/원천자료/CLEANEYE/B000909.html","12966","2026-09-09T04:10:10.210Z",".html"
"04_기관리서치/관계도/원천자료/CLEANEYE/B000910.html","12602","2026-09-09T04:10:10.236Z",".html"
"04_기관리서치/관계도/원천자료/CLEANEYE/B000911.html","11998","2026-09-09T04:10:10.284Z",".html"
"04_기관리서치/관계도/원천자료/CLEANEYE/B000912.html","10567","2026-09-09T04:10:10.429Z",".html"
"04_기관리서치/관계도/원천자료/CLEANEYE/B000913.html","10483","2026-09-09T04:10:10.463Z",".html"
"04_기관리서치/관계도/원천자료/CLEANEYE/B000914.html","12083","2026-09-09T04:10:10.507Z",".html"
"04_기관리서치/관계도/원천자료/CLEANEYE/B000915.html","15391","2026-09-09T04:10:10.653Z",".html"
"04_기관리서치/관계도/원천자료/CLEANEYE/B000917.html","10961","2026-09-09T04:10:10.697Z",".html"
"04_기관리서치/관계도/원천자료/CLEANEYE/B000918.html","10520","2026-09-09T04:10:10.730Z",".html"
"04_기관리서치/관계도/원천자료/CLEANEYE/B000919.html","11976","2026-09-09T04:10:10.845Z",".html"
"04_기관리서치/관계도/원천자료/CLEANEYE/B000920.html","13741","2026-09-09T04:10:10.889Z",".html"
"04_기관리서치/관계도/원천자료/CLEANEYE/B000921.html","10892","2026-09-09T04:10:10.925Z",".html"
"04_기관리서치/관계도/원천자료/CLEANEYE/B000922.html","10073","2026-09-09T04:09:20.875Z",".html"
"04_기관리서치/관계도/원천자료/CLEANEYE/B000923.html","11248","2026-09-09T04:10:11.065Z",".html"
"04_기관리서치/관계도/원천자료/CLEANEYE/B000924.html","11335","2026-09-09T04:10:11.116Z",".html"
"04_기관리서치/관계도/원천자료/CLEANEYE/B000925.html","11721","2026-09-09T04:10:11.129Z",".html"
"04_기관리서치/관계도/원천자료/CLEANEYE/B000926.html","10619","2026-09-09T04:10:11.271Z",".html"
"04_기관리서치/관계도/원천자료/CLEANEYE/B000927.html","9686","2026-09-09T04:09:20.980Z",".html"
"04_기관리서치/관계도/원천자료/CLEANEYE/B000928.html","11132","2026-09-09T04:10:11.341Z",".html"
"04_기관리서치/관계도/원천자료/CLEANEYE/B000929.html","12855","2026-09-09T04:10:11.353Z",".html"
"04_기관리서치/관계도/원천자료/CLEANEYE/B000930.html","12332","2026-09-09T04:10:11.479Z",".html"
"04_기관리서치/관계도/원천자료/CLEANEYE/B000931.html","12431","2026-09-09T04:10:11.580Z",".html"
"04_기관리서치/관계도/원천자료/CLEANEYE/B000932.html","11557","2026-09-09T04:10:11.606Z",".html"
"04_기관리서치/관계도/원천자료/CLEANEYE/B000933.html","10974","2026-09-09T04:10:11.711Z",".html"
"04_기관리서치/관계도/원천자료/CLEANEYE/B000934.html","12950","2026-09-09T04:09:21.007Z",".html"
"04_기관리서치/관계도/원천자료/CLEANEYE/B000935.html","10861","2026-09-09T04:10:11.810Z",".html"
"04_기관리서치/관계도/원천자료/CLEANEYE/B000936.html","10740","2026-09-09T04:10:11.837Z",".html"
"04_기관리서치/관계도/원천자료/CLEANEYE/B000937.html","11531","2026-09-09T04:10:11.933Z",".html"
"04_기관리서치/관계도/원천자료/CLEANEYE/B000938.html","10358","2026-09-09T04:10:12.032Z",".html"
"04_기관리서치/관계도/원천자료/CLEANEYE/B000939.html","12154","2026-09-09T04:09:21.074Z",".html"
"04_기관리서치/관계도/원천자료/CLEANEYE/B000940.html","11282","2026-09-09T04:09:21.214Z",".html"
"04_기관리서치/관계도/원천자료/CLEANEYE/B000941.html","11154","2026-09-09T04:10:12.043Z",".html"
"04_기관리서치/관계도/원천자료/CLEANEYE/B000942.html","11079","2026-09-09T04:10:12.127Z",".html"
"04_기관리서치/관계도/원천자료/CLEANEYE/B000944.html","10140","2026-09-09T04:10:12.243Z",".html"
"04_기관리서치/관계도/원천자료/CLEANEYE/B000945.html","12301","2026-09-09T04:10:12.258Z",".html"
"04_기관리서치/관계도/원천자료/CLEANEYE/B000946.html","10663","2026-09-09T04:10:12.352Z",".html"
"04_기관리서치/관계도/원천자료/CLEANEYE/B000947.html","12305","2026-09-09T04:10:12.453Z",".html"
"04_기관리서치/관계도/원천자료/CLEANEYE/B000948.html","11163","2026-09-09T04:10:12.471Z",".html"
"04_기관리서치/관계도/원천자료/CLEANEYE/B000949.html","11655","2026-09-09T04:10:12.562Z",".html"
"04_기관리서치/관계도/원천자료/CLEANEYE/B000950.html","10020","2026-09-09T04:09:21.199Z",".html"
"04_기관리서치/관계도/원천자료/CLEANEYE/B000951.html","11090","2026-09-09T04:10:12.662Z",".html"
"04_기관리서치/관계도/원천자료/CLEANEYE/B000952.html","13134","2026-09-09T04:10:12.663Z",".html"
"04_기관리서치/관계도/원천자료/CLEANEYE/B000954.html","12609","2026-09-09T04:10:12.770Z",".html"
"04_기관리서치/관계도/원천자료/CLEANEYE/B000955.html","10965","2026-09-09T04:10:12.875Z",".html"
"04_기관리서치/관계도/원천자료/CLEANEYE/B000957.html","11327","2026-09-09T04:10:12.863Z",".html"
"04_기관리서치/관계도/원천자료/CLEANEYE/B000958.html","11718","2026-09-09T04:10:12.989Z",".html"
"04_기관리서치/관계도/원천자료/CLEANEYE/B000959.html","10052","2026-09-09T04:09:21.300Z",".html"
"04_기관리서치/관계도/원천자료/CLEANEYE/B000960.html","11258","2026-09-09T04:10:13.059Z",".html"
"04_기관리서치/관계도/원천자료/CLEANEYE/B000961.html","10595","2026-09-09T04:10:13.080Z",".html"
"04_기관리서치/관계도/원천자료/CLEANEYE/B000962.html","10125","2026-09-09T04:10:13.229Z",".html"
"04_기관리서치/관계도/원천자료/CLEANEYE/B000963.html","10340","2026-09-09T04:10:13.284Z",".html"
"04_기관리서치/관계도/원천자료/CLEANEYE/B000964.html","10631","2026-09-09T04:10:13.290Z",".html"
"04_기관리서치/관계도/원천자료/CLEANEYE/B000965.html","11761","2026-09-09T04:10:13.415Z",".html"
"04_기관리서치/관계도/원천자료/CLEANEYE/B000966.html","12980","2026-09-09T04:10:13.507Z",".html"
"04_기관리서치/관계도/원천자료/CLEANEYE/B000967.html","6722","2026-09-09T04:10:13.513Z",".html"
"04_기관리서치/관계도/원천자료/CLEANEYE/B000968.html","11096","2026-09-09T04:10:13.622Z",".html"
"04_기관리서치/관계도/원천자료/CLEANEYE/B000969.html","12650","2026-09-09T04:10:13.701Z",".html"
"04_기관리서치/관계도/원천자료/CLEANEYE/B000970.html","10730","2026-09-09T04:10:13.724Z",".html"
"04_기관리서치/관계도/원천자료/CLEANEYE/B000971.html","10364","2026-09-09T04:10:13.845Z",".html"
"04_기관리서치/관계도/원천자료/CLEANEYE/B000972.html","10300","2026-09-09T04:10:13.935Z",".html"
"04_기관리서치/관계도/원천자료/CLEANEYE/B000973.html","10957","2026-09-09T04:10:13.967Z",".html"
"04_기관리서치/관계도/원천자료/CLEANEYE/B000974.html","11213","2026-09-09T04:10:14.070Z",".html"
"04_기관리서치/관계도/원천자료/CLEANEYE/B000975.html","10364","2026-09-09T04:10:14.170Z",".html"
"04_기관리서치/관계도/원천자료/CLEANEYE/B000976.html","11062","2026-09-09T04:10:14.183Z",".html"
"04_기관리서치/관계도/원천자료/CLEANEYE/B000977.html","11074","2026-09-09T04:10:14.277Z",".html"
"04_기관리서치/관계도/원천자료/CLEANEYE/B000978.html","11075","2026-09-09T04:10:14.383Z",".html"
"04_기관리서치/관계도/원천자료/CLEANEYE/B000979.html","10697","2026-09-09T04:10:14.372Z",".html"
"04_기관리서치/관계도/원천자료/CLEANEYE/B000980.html","10592","2026-09-09T04:10:14.470Z",".html"
"04_기관리서치/관계도/원천자료/CLEANEYE/B000981.html","10137","2026-09-09T04:10:14.592Z",".html"
"04_기관리서치/관계도/원천자료/CLEANEYE/B000982.html","13185","2026-09-09T04:10:14.599Z",".html"
"04_기관리서치/관계도/원천자료/CLEANEYE/B000983.html","10750","2026-09-09T04:09:21.415Z",".html"
"04_기관리서치/관계도/원천자료/CLEANEYE/B000984.html","10476","2026-09-09T04:10:14.682Z",".html"
"04_기관리서치/관계도/원천자료/CLEANEYE/B000985.html","10193","2026-09-09T04:10:14.810Z",".html"
"04_기관리서치/관계도/원천자료/CLEANEYE/B000986.html","10604","2026-09-09T04:10:14.810Z",".html"
"04_기관리서치/관계도/원천자료/CLEANEYE/B000987.html","10721","2026-09-09T04:10:14.890Z",".html"
"04_기관리서치/관계도/원천자료/CLEANEYE/B000988.html","11570","2026-09-09T04:10:15.013Z",".html"
"04_기관리서치/관계도/원천자료/CLEANEYE/B000989.html","10887","2026-09-09T04:10:15.018Z",".html"
"04_기관리서치/관계도/원천자료/CLEANEYE/B000990.html","11095","2026-09-09T04:10:15.115Z",".html"
"04_기관리서치/관계도/원천자료/CLEANEYE/B000991.html","6754","2026-09-09T04:09:21.431Z",".html"
"04_기관리서치/관계도/원천자료/CLEANEYE/B000992.html","9272","2026-09-09T04:09:21.506Z",".html"
"04_기관리서치/관계도/원천자료/CLEANEYE/B000993.html","11605","2026-09-09T04:10:15.234Z",".html"
"04_기관리서치/관계도/원천자료/CLEANEYE/B000994.html","11296","2026-09-09T04:10:15.234Z",".html"
"04_기관리서치/관계도/원천자료/CLEANEYE/B000995.html","11610","2026-09-09T04:10:15.330Z",".html"
"04_기관리서치/관계도/원천자료/CLEANEYE/B000996.html","6772","2026-09-09T04:10:15.430Z",".html"
"04_기관리서치/관계도/원천자료/CLEANEYE/B000997.html","9846","2026-09-09T04:10:15.430Z",".html"
"04_기관리서치/관계도/원천자료/CLEANEYE/B000998.html","10959","2026-09-09T04:10:15.549Z",".html"
"04_기관리서치/관계도/원천자료/CLEANEYE/B000999.html","11265","2026-09-09T04:10:15.644Z",".html"
"04_기관리서치/관계도/원천자료/CLEANEYE/B001000.html","11121","2026-09-09T04:10:15.642Z",".html"
"04_기관리서치/관계도/원천자료/CLEANEYE/B001001.html","11139","2026-09-09T04:10:15.764Z",".html"
"04_기관리서치/관계도/원천자료/CLEANEYE/B001002.html","11885","2026-09-09T04:10:15.863Z",".html"
"04_기관리서치/관계도/원천자료/CLEANEYE/B001003.html","10368","2026-09-09T04:10:15.848Z",".html"
"04_기관리서치/관계도/원천자료/CLEANEYE/B001004.html","10526","2026-09-09T04:09:21.640Z",".html"
"04_기관리서치/관계도/원천자료/CLEANEYE/B001005.html","10334","2026-09-09T04:09:21.649Z",".html"
"04_기관리서치/관계도/원천자료/CLEANEYE/B001006.html","6760","2026-09-09T04:09:21.706Z",".html"
"04_기관리서치/관계도/원천자료/CLEANEYE/B001007.html","9874","2026-09-09T04:09:21.857Z",".html"
"04_기관리서치/관계도/원천자료/CLEANEYE/B001008.html","6794","2026-09-09T04:10:15.980Z",".html"
"04_기관리서치/관계도/원천자료/CLEANEYE/B001009.html","11257","2026-09-09T04:10:16.063Z",".html"
"04_기관리서치/관계도/원천자료/CLEANEYE/B001010.html","12374","2026-09-09T04:10:16.079Z",".html"
"04_기관리서치/관계도/원천자료/CLEANEYE/B001011.html","12607","2026-09-09T04:10:16.222Z",".html"
"04_기관리서치/관계도/원천자료/CLEANEYE/B001012.html","9999","2026-09-09T04:10:16.294Z",".html"
"04_기관리서치/관계도/원천자료/CLEANEYE/B001013.html","10752","2026-09-09T04:10:16.318Z",".html"
"04_기관리서치/관계도/원천자료/CLEANEYE/B001014.html","11800","2026-09-09T04:10:16.427Z",".html"
"04_기관리서치/관계도/원천자료/CLEANEYE/B001015.html","11409","2026-09-09T04:10:16.513Z",".html"
"04_기관리서치/관계도/원천자료/CLEANEYE/B001016.html","11374","2026-09-09T04:10:16.542Z",".html"
"04_기관리서치/관계도/원천자료/CLEANEYE/B001017.html","10540","2026-09-09T04:10:16.657Z",".html"
"04_기관리서치/관계도/원천자료/CLEANEYE/B001018.html","9948","2026-09-09T04:10:16.727Z",".html"
"04_기관리서치/관계도/원천자료/CLEANEYE/B001019.html","11420","2026-09-09T04:10:16.734Z",".html"
"04_기관리서치/관계도/원천자료/CLEANEYE/B001020.html","10820","2026-09-09T04:10:16.874Z",".html"
"04_기관리서치/관계도/원천자료/CLEANEYE/B001021.html","9335","2026-09-09T04:10:16.945Z",".html"
"04_기관리서치/관계도/원천자료/CLEANEYE/B001022.html","10221","2026-09-09T04:09:21.883Z",".html"
"04_기관리서치/관계도/원천자료/CLEANEYE/B001023.html","10211","2026-09-09T04:10:16.947Z",".html"
"04_기관리서치/관계도/원천자료/CLEANEYE/B001024.html","10838","2026-09-09T04:10:17.093Z",".html"
"04_기관리서치/관계도/원천자료/CLEANEYE/B001025.html","6742","2026-09-09T04:10:17.171Z",".html"
"04_기관리서치/관계도/원천자료/CLEANEYE/B001026.html","9282","2026-09-09T04:09:21.910Z",".html"
"04_기관리서치/관계도/원천자료/CLEANEYE/B001027.html","6742","2026-09-09T04:10:17.161Z",".html"
"04_기관리서치/관계도/원천자료/CLEANEYE/B001028.html","11540","2026-09-09T04:10:17.289Z",".html"
"04_기관리서치/관계도/원천자료/CLEANEYE/B001029.html","10972","2026-09-09T04:10:17.368Z",".html"
"04_기관리서치/관계도/원천자료/CLEANEYE/B001030.html","11794","2026-09-09T04:10:17.375Z",".html"
"04_기관리서치/관계도/원천자료/CLEANEYE/B001031.html","11711","2026-09-09T04:10:17.471Z",".html"
"04_기관리서치/관계도/원천자료/CLEANEYE/B001032.html","10875","2026-09-09T04:09:22.090Z",".html"
"04_기관리서치/관계도/원천자료/CLEANEYE/B001033.html","10795","2026-09-09T04:10:17.579Z",".html"
"04_기관리서치/관계도/원천자료/CLEANEYE/B001034.html","6732","2026-09-09T04:10:17.575Z",".html"
"04_기관리서치/관계도/원천자료/CLEANEYE/B001035.html","11199","2026-09-09T04:10:17.696Z",".html"
"04_기관리서치/관계도/원천자료/CLEANEYE/B001036.html","11485","2026-09-09T04:10:17.778Z",".html"
"04_기관리서치/관계도/원천자료/CLEANEYE/B001037.html","12063","2026-09-09T04:10:17.792Z",".html"
"04_기관리서치/관계도/원천자료/CLEANEYE/B001038.html","10903","2026-09-09T04:10:17.908Z",".html"
"04_기관리서치/관계도/원천자료/CLEANEYE/B001039.html","6762","2026-09-09T04:10:17.964Z",".html"
"04_기관리서치/관계도/원천자료/CLEANEYE/B001040.html","6748","2026-09-09T04:10:17.978Z",".html"
"04_기관리서치/관계도/원천자료/CLEANEYE/B001041.html","6750","2026-09-09T04:09:22.090Z",".html"
"04_기관리서치/관계도/원천자료/CLEANEYE/B001042.html","6760","2026-09-09T04:10:18.104Z",".html"
"04_기관리서치/관계도/원천자료/CLEANEYE/B001043.html","6784","2026-09-09T04:09:22.124Z",".html"
"04_기관리서치/관계도/원천자료/CLEANEYE/B001044.html","6716","2026-09-09T04:10:18.164Z",".html"
"04_기관리서치/관계도/원천자료/CLEANEYE/B001045.html","11491","2026-09-09T04:10:18.189Z",".html"
"04_기관리서치/관계도/원천자료/CLEANEYE/B001046.html","6728","2026-09-09T04:10:18.296Z",".html"
"04_기관리서치/관계도/원천자료/CLEANEYE/B001047.html","9545","2026-09-09T04:10:18.387Z",".html"
"04_기관리서치/관계도/원천자료/CLEANEYE/B001048.html","6722","2026-09-09T04:10:18.413Z",".html"
"04_기관리서치/관계도/원천자료/2026_공공기관_지정.pdf","340979","2026-09-09T03:50:28.144Z",".pdf"
"04_기관리서치/관계도/원천자료/2026_대한민국_공공기관_NABO.pdf","5513549","2026-09-09T03:47:36.335Z",".pdf"
"04_기관리서치/관계도/원천자료/alio_apbaList.json","184024","2026-09-09T04:01:45.529Z",".json"
"04_기관리서치/관계도/원천자료/alio_disclosure.html","34016","2026-09-09T03:56:03.269Z",".html"
"04_기관리서치/관계도/원천자료/alio_forms.json","28193","2026-09-09T03:57:31.594Z",".json"
"04_기관리서치/관계도/원천자료/alio_items.html","60564","2026-09-09T03:57:01.309Z",".html"
"04_기관리서치/관계도/원천자료/alio_list.json","69008","2026-09-09T03:50:27.810Z",".json"
"04_기관리서치/관계도/원천자료/alio_main.html","60966","2026-09-09T03:56:38.437Z",".html"
"04_기관리서치/관계도/원천자료/alio_organ.html","34256","2026-09-09T03:49:17.311Z",".html"
"04_기관리서치/관계도/원천자료/alio_organDisclosure.html","89882","2026-09-09T03:57:01.395Z",".html"
"04_기관리서치/관계도/원천자료/alio_ts_detail.html","107417","2026-09-09T03:57:31.615Z",".html"
"04_기관리서치/관계도/원천자료/alio_ts_doc.html","18698","2026-09-09T03:58:27.371Z",".html"
"04_기관리서치/관계도/원천자료/alio_ts_dtl.json","1816","2026-09-09T03:57:43.423Z",".json"
"04_기관리서치/관계도/원천자료/alio_ts_report.html","1213","2026-09-09T03:55:45.979Z",".html"
"04_기관리서치/관계도/원천자료/alio_ts_reports.json","2796","2026-09-09T03:57:55.947Z",".json"
"04_기관리서치/관계도/원천자료/alio_ts_wrapper.html","16918","2026-09-09T03:58:06.730Z",".html"
"04_기관리서치/관계도/원천자료/central_1.html","36933","2026-09-09T03:49:36.857Z",".html"
"04_기관리서치/관계도/원천자료/central_2.html","37097","2026-09-09T03:50:27.603Z",".html"
"04_기관리서치/관계도/원천자료/central_3.html","36969","2026-09-09T03:50:27.783Z",".html"
"04_기관리서치/관계도/원천자료/central_4.html","36935","2026-09-09T03:50:27.969Z",".html"
"04_기관리서치/관계도/원천자료/central_5.html","37515","2026-09-09T03:50:28.137Z",".html"
"04_기관리서치/관계도/원천자료/central_6.html","37379","2026-09-09T03:50:28.304Z",".html"
"04_기관리서치/관계도/원천자료/central_7.html","26734","2026-09-09T03:50:28.424Z",".html"
"04_기관리서치/관계도/원천자료/central_parsed.json","31939","2026-09-09T03:59:41.113Z",".json"
"04_기관리서치/관계도/원천자료/cleaneye_ent_list.json","102231","2026-09-09T04:06:18.109Z",".json"
"04_기관리서치/관계도/원천자료/cleaneye_general_item.json","179","2026-09-09T04:07:03.348Z",".json"
"04_기관리서치/관계도/원천자료/cleaneye_gongsi.html","48030","2026-09-09T04:04:41.567Z",".html"
"04_기관리서치/관계도/원천자료/cleaneye_invested.html","155435","2026-09-09T03:49:17.220Z",".html"
"04_기관리서치/관계도/원천자료/cleaneye_invested.html.parsed.json","140609","2026-09-09T03:51:52.083Z",".json"
"04_기관리서치/관계도/원천자료/cleaneye_ipt_ent_list.json","11","2026-09-09T04:07:03.348Z",".json"
"04_기관리서치/관계도/원천자료/cleaneye_ipt_general.html","12496","2026-09-09T04:07:32.434Z",".html"
"04_기관리서치/관계도/원천자료/cleaneye_ipt_general_item.json","188","2026-09-09T04:07:03.349Z",".json"
"04_기관리서치/관계도/원천자료/cleaneye_ipt_items.json","574","2026-09-09T04:06:18.042Z",".json"
"04_기관리서치/관계도/원천자료/cleaneye_ipt_left.html","7648","2026-09-09T04:06:47.636Z",".html"
"04_기관리서치/관계도/원천자료/cleaneye_ipt_search.json","77797","2026-09-09T04:07:32.359Z",".json"
"04_기관리서치/관계도/원천자료/cleaneye_ipt_subitems.json","11","2026-09-09T04:06:47.587Z",".json"
"04_기관리서치/관계도/원천자료/cleaneye_ipt_top.html","22296","2026-09-09T04:05:48.951Z",".html"
"04_기관리서치/관계도/원천자료/cleaneye_items.json","1278","2026-09-09T04:06:18.028Z",".json"
"04_기관리서치/관계도/원천자료/cleaneye_left.html","15264","2026-09-09T04:05:48.873Z",".html"
"04_기관리서치/관계도/원천자료/cleaneye_public.html","79637","2026-09-09T03:49:17.209Z",".html"
"04_기관리서치/관계도/원천자료/cleaneye_public.html.parsed.json","59137","2026-09-09T03:51:51.990Z",".json"
"04_기관리서치/관계도/원천자료/cleaneye_public_general.html","15092","2026-09-09T04:07:32.358Z",".html"
"04_기관리서치/관계도/원천자료/cleaneye_seoulmetro_general.html","15314","2026-09-09T04:08:06.113Z",".html"
"04_기관리서치/관계도/원천자료/cleaneye_subitems.json","160","2026-09-09T04:06:47.589Z",".json"
"04_기관리서치/관계도/원천자료/cleaneye_top.html","24486","2026-09-09T04:05:48.851Z",".html"
"04_기관리서치/관계도/원천자료/designation_nondesignated_tables.json","297","2026-09-09T04:09:08.725Z",".json"
"04_기관리서치/관계도/원천자료/designation_pages.json","25676","2026-09-09T03:51:54.104Z",".json"
"04_기관리서치/관계도/원천자료/law_ls.js","115139","2026-09-09T03:56:03.307Z",".js"
"04_기관리서치/관계도/원천자료/law_ts.html","454","2026-09-09T03:49:17.329Z",".html"
"04_기관리서치/관계도/원천자료/law_ts_body.html","86715","2026-09-09T03:56:38.656Z",".html"
"04_기관리서치/관계도/원천자료/law_ts_info.html","145038","2026-09-09T03:50:26.560Z",".html"
"04_기관리서치/관계도/원천자료/law_ts_resolve.html","1285","2026-09-09T04:00:24.763Z",".html"
"04_기관리서치/관계도/원천자료/mofe_2026.html","227217","2026-09-09T03:49:17.527Z",".html"
"04_기관리서치/관계도/원천자료/nabo_pages.json","688968","2026-09-09T03:48:16.026Z",".json"
"04_기관리서치/관계도/원천자료/ordin_seoulmetro.html","69634","2026-09-09T04:11:57.376Z",".html"
"04_기관리서치/관계도/원천자료/ordin_seoulmetro_body.html","70353","2026-09-09T04:12:53.288Z",".html"
"04_기관리서치/관계도/원천자료/ordin_test.html","1270","2026-09-09T04:11:57.219Z",".html"
"04_기관리서치/관계도/원천자료/미지정_레이아웃10.txt","3251","2026-09-09T04:16:29.290Z",".txt"
"04_기관리서치/관계도/원천자료/미지정_레이아웃11.txt","2679","2026-09-09T04:16:45.031Z",".txt"
"04_기관리서치/관계도/원천자료/미지정_레이아웃9.txt","3264","2026-09-09T04:16:44.970Z",".txt"
"04_기관리서치/관계도/원천자료/취득_기록.json","1735","2026-09-09T03:49:17.527Z",".json"
"04_기관리서치/실행기록/2026-09-09_리서치.md","10200","2026-09-09T12:33:31.605Z",".md"
"04_기관리서치/실행기록/2026-09-10_CCK_TS_예산조정.md","2203","2026-09-10T14:01:54.881Z",".md"
"04_기관리서치/실행기록/2026-09-10_CCK_TS_인프라투자_제외.md","1322","2026-09-10T14:28:43.984Z",".md"
"04_기관리서치/실행기록/2026-09-10_CCK_TS_정의_RFP_비용산정.md","1256","2026-09-10T12:46:38.448Z",".md"
"04_기관리서치/실행기록/2026-09-10_CCK_기술기반_사업확장.md","1499","2026-09-10T11:52:08.429Z",".md"
"04_기관리서치/실행기록/2026-09-10_CCK_로컬LLM_범위반영.md","1460","2026-09-10T06:22:50.903Z",".md"
"04_기관리서치/실행기록/2026-09-10_공공PMS_설명자료.md","2785","2026-09-10T06:04:43.175Z",".md"
"04_기관리서치/실행기록/2026-09-11_KoROAD_NOA_기반확장.md","3646","2026-09-11T01:01:56.799Z",".md"
"04_기관리서치/실행기록/2026-09-11_KoROAD_주요사업_전체메뉴.md","2134","2026-09-11T00:30:03.623Z",".md"
"04_기관리서치/실행기록/2026-09-11_KoROAD_NOA_병렬조사.md","2800","2026-09-11T01:29:14.699Z",".md"
"04_기관리서치/실행기록/2026-09-11_리서치.md","2502","2026-09-11T00:03:58.494Z",".md"
"04_기관리서치/실행기록/2026-09-11_무사고_전략재검토.md","1887","2026-09-11T00:15:07.066Z",".md"
"04_기관리서치/실행기록/2026-09-11_보완원장.json","2268","2026-09-11T00:03:40.865Z",".json"
"04_기관리서치/실행기록/2026-09-14_보완원장.json","4877","2026-09-14T00:20:19.809Z",".json"
"04_기관리서치/실행기록/2026-09-14_리서치.md","4500","2026-09-14T00:20:20.302Z",".md"
"04_기관리서치/한국도로교통공단_주요사업_2026-09-11/검증_사업조사.cjs","3974","2026-09-11T00:30:03.623Z",".cjs"
"04_기관리서치/한국도로교통공단_주요사업_2026-09-11/공식_기준페이지.html","208448","2026-09-11T00:16:02.429Z",".html"
"04_기관리서치/한국도로교통공단_주요사업_2026-09-11/공식메뉴_모집단.json","8798","2026-09-11T00:18:03.066Z",".json"
"04_기관리서치/한국도로교통공단_주요사업_2026-09-11/공식메뉴_수집결과.json","60988","2026-09-11T00:20:25.865Z",".json"
"04_기관리서치/한국도로교통공단_주요사업_2026-09-11/공식사업_수집.py","5917","2026-09-11T00:20:24.789Z",".py"
"04_기관리서치/한국도로교통공단_주요사업_2026-09-11/연결페이지_점검.py","1171","2026-09-11T00:23:03.299Z",".py"
"04_기관리서치/한국도로교통공단_주요사업_2026-09-11/제작_사업조사.py","35050","2026-09-11T00:28:38.327Z",".py"
"04_기관리서치/한국도로교통공단_주요사업_2026-09-11/주요사업_확인원장.json","167146","2026-09-11T00:28:42.885Z",".json"
"04_기관리서치/한국도로교통공단_주요사업_2026-09-11/하위항목_모집단.json","7118","2026-09-11T00:20:25.990Z",".json"
"04_기관리서치/한국도로교통공단_주요사업_2026-09-11/하위항목_목록.py","1274","2026-09-11T00:20:24.789Z",".py"
"04_기관리서치/한국도로교통공단_주요사업_2026-09-11/하위항목_수집결과.json","71232","2026-09-11T00:23:04.083Z",".json"
"04_기관리서치/한국도로교통공단_주요사업_2026-09-11/한국도로교통공단_주요사업_전체검토.html","56374","2026-09-11T00:28:42.887Z",".html"
"04_기관리서치/한국도로교통공단_주요사업_2026-09-11/한국도로교통공단_주요사업_전체검토.md","24841","2026-09-11T00:28:42.887Z",".md"
"04_기관리서치/한국도로교통공단_주요사업_2026-09-11/후속확인_대기열.md","4263","2026-09-11T01:29:14.698Z",".md"
"04_기관리서치/한국도로교통공단_주요사업_2026-09-11/NOA_기반_확장/검증/검증결과.json","1796","2026-09-11T01:02:47.785Z",".json"
"04_기관리서치/한국도로교통공단_주요사업_2026-09-11/NOA_기반_확장/검증/데스크톱.png","101348","2026-09-11T01:02:45.146Z",".png"
"04_기관리서치/한국도로교통공단_주요사업_2026-09-11/NOA_기반_확장/검증/두서비스축_데스크톱.png","93296","2026-09-11T01:02:47.783Z",".png"
"04_기관리서치/한국도로교통공단_주요사업_2026-09-11/NOA_기반_확장/검증/두서비스축_모바일.png","25809","2026-09-11T01:02:47.430Z",".png"
"04_기관리서치/한국도로교통공단_주요사업_2026-09-11/NOA_기반_확장/검증/모바일_N02.png","41751","2026-09-11T01:02:46.921Z",".png"
"04_기관리서치/한국도로교통공단_주요사업_2026-09-11/NOA_기반_확장/검증/모바일.png","41752","2026-09-11T01:02:46.770Z",".png"
"04_기관리서치/한국도로교통공단_주요사업_2026-09-11/NOA_기반_확장/검증/N02_서비스.png","82700","2026-09-11T01:02:46.216Z",".png"
"04_기관리서치/한국도로교통공단_주요사업_2026-09-11/NOA_기반_확장/검증/QA_결과.md","4072","2026-09-11T01:03:20.240Z",".md"
"04_기관리서치/한국도로교통공단_주요사업_2026-09-11/NOA_기반_확장/병렬조사_2026-09-11/근거/R01_교통AI플랫폼_사업실명제.pdf","215690","2026-09-11T01:14:39.368Z",".pdf"
"04_기관리서치/한국도로교통공단_주요사업_2026-09-11/NOA_기반_확장/병렬조사_2026-09-11/근거/R01_교통AI플랫폼_사업실명제.txt","1604","2026-09-11T01:14:39.740Z",".txt"
"04_기관리서치/한국도로교통공단_주요사업_2026-09-11/NOA_기반_확장/병렬조사_2026-09-11/근거/R01_페이지1.png","246518","2026-09-11T01:24:51.155Z",".png"
"04_기관리서치/한국도로교통공단_주요사업_2026-09-11/NOA_기반_확장/병렬조사_2026-09-11/검증/검증결과.json","3017","2026-09-11T01:29:21.296Z",".json"
"04_기관리서치/한국도로교통공단_주요사업_2026-09-11/NOA_기반_확장/병렬조사_2026-09-11/검증/공통기반_두축.png","15693","2026-09-11T01:29:20.596Z",".png"
"04_기관리서치/한국도로교통공단_주요사업_2026-09-11/NOA_기반_확장/병렬조사_2026-09-11/검증/데스크톱.png","104992","2026-09-11T01:29:20.464Z",".png"
"04_기관리서치/한국도로교통공단_주요사업_2026-09-11/NOA_기반_확장/병렬조사_2026-09-11/검증/모바일_N04.png","39082","2026-09-11T01:29:21.254Z",".png"
"04_기관리서치/한국도로교통공단_주요사업_2026-09-11/NOA_기반_확장/병렬조사_2026-09-11/검증/모바일.png","48927","2026-09-11T01:29:21.166Z",".png"
"04_기관리서치/한국도로교통공단_주요사업_2026-09-11/NOA_기반_확장/병렬조사_2026-09-11/검증/N04_상세.png","69384","2026-09-11T01:29:20.943Z",".png"
"04_기관리서치/한국도로교통공단_주요사업_2026-09-11/NOA_기반_확장/병렬조사_2026-09-11/검증/QA_결과.md","3733","2026-09-11T01:30:44.012Z",".md"
"04_기관리서치/한국도로교통공단_주요사업_2026-09-11/NOA_기반_확장/병렬조사_2026-09-11/00_NOA_병렬조사_통합보고서.html","77709","2026-09-11T01:29:18.744Z",".html"
"04_기관리서치/한국도로교통공단_주요사업_2026-09-11/NOA_기반_확장/병렬조사_2026-09-11/00_NOA_병렬조사_통합보고서.md","61422","2026-09-11T01:29:18.745Z",".md"
"04_기관리서치/한국도로교통공단_주요사업_2026-09-11/NOA_기반_확장/병렬조사_2026-09-11/01_공통기반_조사.md","5448","2026-09-11T01:29:18.746Z",".md"
"04_기관리서치/한국도로교통공단_주요사업_2026-09-11/NOA_기반_확장/병렬조사_2026-09-11/02_범용서비스_조사.md","8008","2026-09-11T01:29:18.746Z",".md"
"04_기관리서치/한국도로교통공단_주요사업_2026-09-11/NOA_기반_확장/병렬조사_2026-09-11/03_교통안전_조사.md","10021","2026-09-11T01:29:18.746Z",".md"
"04_기관리서치/한국도로교통공단_주요사업_2026-09-11/NOA_기반_확장/병렬조사_2026-09-11/검증_통합조사.cjs","6583","2026-09-11T01:27:46.784Z",".cjs"
"04_기관리서치/한국도로교통공단_주요사업_2026-09-11/NOA_기반_확장/병렬조사_2026-09-11/근거원장.json","21908","2026-09-11T01:29:18.742Z",".json"
"04_기관리서치/한국도로교통공단_주요사업_2026-09-11/NOA_기반_확장/병렬조사_2026-09-11/제작_통합조사.py","61130","2026-09-11T01:29:14.696Z",".py"
"04_기관리서치/한국도로교통공단_주요사업_2026-09-11/NOA_기반_확장/병렬조사_2026-09-11/후보별_검토결과.json","23005","2026-09-11T01:29:18.742Z",".json"
"04_기관리서치/한국도로교통공단_주요사업_2026-09-11/NOA_기반_확장/CCK_NOA_KoROAD_서비스확장안.html","71629","2026-09-11T01:29:18.846Z",".html"
"04_기관리서치/한국도로교통공단_주요사업_2026-09-11/NOA_기반_확장/CCK_NOA_KoROAD_서비스확장안.md","53388","2026-09-11T01:29:18.845Z",".md"
"04_기관리서치/한국도로교통공단_주요사업_2026-09-11/NOA_기반_확장/NOA_서비스_확장원장.json","29650","2026-09-11T01:29:18.848Z",".json"
"04_기관리서치/한국도로교통공단_주요사업_2026-09-11/NOA_기반_확장/검증_NOA.cjs","5060","2026-09-11T01:02:42.824Z",".cjs"
"04_기관리서치/한국도로교통공단_주요사업_2026-09-11/NOA_기반_확장/제작_NOA_확장.py","58526","2026-09-11T01:29:14.694Z",".py"
"04_기관리서치/한국도로교통공단_주요사업_2026-09-11/NOA_기반_확장/주관수행_구체화_2026-09-11/제작_구체화.py","32827","2026-09-11T08:08:56.429Z",".py"
"04_기관리서치/한국도로교통공단_주요사업_2026-09-11/NOA_기반_확장/주관수행_구체화_2026-09-11/후보_기술매핑.json","6075","2026-09-11T08:07:32.835Z",".json"
"04_기관리서치/한국도로교통공단_주요사업_2026-09-11/NOA_기반_확장/주관수행_구체화_2026-09-11/공통대조_입출력계약.json","5034","2026-09-11T08:07:32.850Z",".json"
"04_기관리서치/한국도로교통공단_주요사업_2026-09-11/NOA_기반_확장/주관수행_구체화_2026-09-11/합성_검토사례.json","10899","2026-09-11T08:07:32.865Z",".json"
"04_기관리서치/한국도로교통공단_주요사업_2026-09-11/NOA_기반_확장/주관수행_구체화_2026-09-11/추가근거_원장.json","3128","2026-09-11T08:07:34.641Z",".json"
"04_기관리서치/한국도로교통공단_주요사업_2026-09-11/NOA_기반_확장/주관수행_구체화_2026-09-11/CCK_NOA_주관수행_구체화.md","18842","2026-09-11T08:07:32.893Z",".md"
"04_기관리서치/한국도로교통공단_주요사업_2026-09-11/NOA_기반_확장/주관수행_구체화_2026-09-11/후속확인_대기열.md","1349","2026-09-11T08:07:32.909Z",".md"
"04_기관리서치/한국도로교통공단_주요사업_2026-09-11/NOA_기반_확장/주관수행_구체화_2026-09-11/CCK_NOA_주관수행_구체화.html","26039","2026-09-11T08:07:32.952Z",".html"
"04_기관리서치/한국도로교통공단_주요사업_2026-09-11/NOA_기반_확장/주관수행_구체화_2026-09-11/변경이력.md","816","2026-09-11T08:07:34.697Z",".md"
"04_기관리서치/한국도로교통공단_주요사업_2026-09-11/NOA_기반_확장/주관수행_구체화_2026-09-11/검증_구체화.cjs","5260","2026-09-11T08:08:56.445Z",".cjs"
"04_기관리서치/한국도로교통공단_주요사업_2026-09-11/NOA_기반_확장/주관수행_구체화_2026-09-11/검증결과.json","3057","2026-09-11T08:09:20.796Z",".json"
"04_기관리서치/한국도로교통공단_주요사업_2026-09-11/NOA_기반_확장/주관수행_구체화_2026-09-11/검증_desktop.png","81873","2026-09-11T08:09:19.603Z",".png"
"04_기관리서치/한국도로교통공단_주요사업_2026-09-11/NOA_기반_확장/주관수행_구체화_2026-09-11/검증_mobile.png","35540","2026-09-11T08:09:20.399Z",".png"
"04_기관리서치/한국도로교통공단_주요사업_2026-09-11/__pycache__/공식사업_수집.cpython-312.pyc","13730","2026-09-11T00:22:26.803Z",".pyc"
"04_기관리서치/한국도로교통공단_주요사업_2026-09-11/검증/QA_결과.md","1548","2026-09-11T00:31:47.918Z",".md"
"04_기관리서치/한국도로교통공단_주요사업_2026-09-11/검증/검증결과.json","558","2026-09-11T00:30:05.841Z",".json"
"04_기관리서치/한국도로교통공단_주요사업_2026-09-11/검증/화면_데스크톱.png","69178","2026-09-11T00:30:05.319Z",".png"
"04_기관리서치/한국도로교통공단_주요사업_2026-09-11/검증/화면_모바일.png","33113","2026-09-11T00:30:05.838Z",".png"
"04_기관리서치/한국도로교통공단_주요사업_2026-09-11/검증/화면_사업검토.png","54556","2026-09-11T00:30:05.683Z",".png"
"04_기관리서치/한국도로교통공단_주요사업_2026-09-11/근거/KB01.html","208448","2026-09-11T00:18:03.766Z",".html"
"04_기관리서치/한국도로교통공단_주요사업_2026-09-11/근거/KB01.txt","1861","2026-09-11T00:20:25.220Z",".txt"
"04_기관리서치/한국도로교통공단_주요사업_2026-09-11/근거/KB02.html","208407","2026-09-11T00:18:03.700Z",".html"
"04_기관리서치/한국도로교통공단_주요사업_2026-09-11/근거/KB02.txt","2956","2026-09-11T00:20:25.220Z",".txt"
"04_기관리서치/한국도로교통공단_주요사업_2026-09-11/근거/KB03.html","209575","2026-09-11T00:18:03.766Z",".html"
"04_기관리서치/한국도로교통공단_주요사업_2026-09-11/근거/KB03.txt","2806","2026-09-11T00:20:25.238Z",".txt"
"04_기관리서치/한국도로교통공단_주요사업_2026-09-11/근거/KB04.html","220036","2026-09-11T00:18:03.699Z",".html"
"04_기관리서치/한국도로교통공단_주요사업_2026-09-11/근거/KB04.txt","5242","2026-09-11T00:20:25.253Z",".txt"
"04_기관리서치/한국도로교통공단_주요사업_2026-09-11/근거/KB05.html","210431","2026-09-11T00:18:04.299Z",".html"
"04_기관리서치/한국도로교통공단_주요사업_2026-09-11/근거/KB05.txt","3054","2026-09-11T00:20:25.268Z",".txt"
"04_기관리서치/한국도로교통공단_주요사업_2026-09-11/근거/KB06.html","205894","2026-09-11T00:18:04.383Z",".html"
"04_기관리서치/한국도로교통공단_주요사업_2026-09-11/근거/KB06.txt","2580","2026-09-11T00:20:25.289Z",".txt"
"04_기관리서치/한국도로교통공단_주요사업_2026-09-11/근거/KB07.html","210992","2026-09-11T00:18:04.399Z",".html"
"04_기관리서치/한국도로교통공단_주요사업_2026-09-11/근거/KB07.txt","3344","2026-09-11T00:20:25.304Z",".txt"
"04_기관리서치/한국도로교통공단_주요사업_2026-09-11/근거/KB08.html","206916","2026-09-11T00:18:04.349Z",".html"
"04_기관리서치/한국도로교통공단_주요사업_2026-09-11/근거/KB08.txt","1394","2026-09-11T00:20:25.321Z",".txt"
"04_기관리서치/한국도로교통공단_주요사업_2026-09-11/근거/KB09.html","214053","2026-09-11T00:18:04.864Z",".html"
"04_기관리서치/한국도로교통공단_주요사업_2026-09-11/근거/KB09.txt","6698","2026-09-11T00:20:25.337Z",".txt"
"04_기관리서치/한국도로교통공단_주요사업_2026-09-11/근거/KB10.html","215079","2026-09-11T00:18:05.032Z",".html"
"04_기관리서치/한국도로교통공단_주요사업_2026-09-11/근거/KB10.txt","5836","2026-09-11T00:20:25.353Z",".txt"
"04_기관리서치/한국도로교통공단_주요사업_2026-09-11/근거/KB11.html","201747","2026-09-11T00:18:04.932Z",".html"
"04_기관리서치/한국도로교통공단_주요사업_2026-09-11/근거/KB11.txt","1263","2026-09-11T00:20:25.353Z",".txt"
"04_기관리서치/한국도로교통공단_주요사업_2026-09-11/근거/KB12.html","201245","2026-09-11T00:18:04.916Z",".html"
"04_기관리서치/한국도로교통공단_주요사업_2026-09-11/근거/KB12.txt","1438","2026-09-11T00:20:25.369Z",".txt"
"04_기관리서치/한국도로교통공단_주요사업_2026-09-11/근거/KB13.html","196584","2026-09-11T00:18:05.483Z",".html"
"04_기관리서치/한국도로교통공단_주요사업_2026-09-11/근거/KB13.txt","385","2026-09-11T00:20:25.391Z",".txt"
"04_기관리서치/한국도로교통공단_주요사업_2026-09-11/근거/KB14.html","201687","2026-09-11T00:18:05.583Z",".html"
"04_기관리서치/한국도로교통공단_주요사업_2026-09-11/근거/KB14.txt","2147","2026-09-11T00:20:25.404Z",".txt"
"04_기관리서치/한국도로교통공단_주요사업_2026-09-11/근거/KB15.html","199321","2026-09-11T00:18:05.483Z",".html"
"04_기관리서치/한국도로교통공단_주요사업_2026-09-11/근거/KB15.txt","1906","2026-09-11T00:20:25.421Z",".txt"
"04_기관리서치/한국도로교통공단_주요사업_2026-09-11/근거/KB16.html","199455","2026-09-11T00:18:05.549Z",".html"
"04_기관리서치/한국도로교통공단_주요사업_2026-09-11/근거/KB16.txt","1231","2026-09-11T00:20:25.440Z",".txt"
"04_기관리서치/한국도로교통공단_주요사업_2026-09-11/근거/KB17.html","196470","2026-09-11T00:18:05.967Z",".html"
"04_기관리서치/한국도로교통공단_주요사업_2026-09-11/근거/KB17.txt","335","2026-09-11T00:20:25.471Z",".txt"
"04_기관리서치/한국도로교통공단_주요사업_2026-09-11/근거/KB18.html","200323","2026-09-11T00:18:05.999Z",".html"
"04_기관리서치/한국도로교통공단_주요사업_2026-09-11/근거/KB18.txt","2006","2026-09-11T00:20:25.489Z",".txt"
"04_기관리서치/한국도로교통공단_주요사업_2026-09-11/근거/KB19.html","206847","2026-09-11T00:18:06.116Z",".html"
"04_기관리서치/한국도로교통공단_주요사업_2026-09-11/근거/KB19.txt","2544","2026-09-11T00:20:25.522Z",".txt"
"04_기관리서치/한국도로교통공단_주요사업_2026-09-11/근거/KB20.html","194470","2026-09-11T00:18:06.116Z",".html"
"04_기관리서치/한국도로교통공단_주요사업_2026-09-11/근거/KB20.txt","340","2026-09-11T00:20:25.538Z",".txt"
"04_기관리서치/한국도로교통공단_주요사업_2026-09-11/근거/KB21.html","233021","2026-09-11T00:18:06.849Z",".html"
"04_기관리서치/한국도로교통공단_주요사업_2026-09-11/근거/KB21.txt","11063","2026-09-11T00:20:25.555Z",".txt"
"04_기관리서치/한국도로교통공단_주요사업_2026-09-11/근거/KB22.html","208122","2026-09-11T00:18:06.499Z",".html"
"04_기관리서치/한국도로교통공단_주요사업_2026-09-11/근거/KB22.txt","3055","2026-09-11T00:20:25.571Z",".txt"
"04_기관리서치/한국도로교통공단_주요사업_2026-09-11/근거/KB23.html","200801","2026-09-11T00:18:06.618Z",".html"
"04_기관리서치/한국도로교통공단_주요사업_2026-09-11/근거/KB23.txt","1916","2026-09-11T00:20:25.587Z",".txt"
"04_기관리서치/한국도로교통공단_주요사업_2026-09-11/근거/KB24.html","197147","2026-09-11T00:18:06.685Z",".html"
"04_기관리서치/한국도로교통공단_주요사업_2026-09-11/근거/KB24.txt","1090","2026-09-11T00:20:25.600Z",".txt"
"04_기관리서치/한국도로교통공단_주요사업_2026-09-11/근거/KB25.html","207464","2026-09-11T00:18:07.033Z",".html"
"04_기관리서치/한국도로교통공단_주요사업_2026-09-11/근거/KB25.txt","3544","2026-09-11T00:20:25.614Z",".txt"
"04_기관리서치/한국도로교통공단_주요사업_2026-09-11/근거/KB26.html","331682","2026-09-11T00:18:07.415Z",".html"
"04_기관리서치/한국도로교통공단_주요사업_2026-09-11/근거/KB26.txt","19309","2026-09-11T00:20:25.658Z",".txt"
"04_기관리서치/한국도로교통공단_주요사업_2026-09-11/근거/KB27.html","200901","2026-09-11T00:18:07.150Z",".html"
"04_기관리서치/한국도로교통공단_주요사업_2026-09-11/근거/KB27.txt","2176","2026-09-11T00:20:25.673Z",".txt"
"04_기관리서치/한국도로교통공단_주요사업_2026-09-11/근거/KB28.html","186069","2026-09-11T00:18:07.332Z",".html"
"04_기관리서치/한국도로교통공단_주요사업_2026-09-11/근거/KB28.txt","3524","2026-09-11T00:20:25.688Z",".txt"
"04_기관리서치/한국도로교통공단_주요사업_2026-09-11/근거/KB29.html","209313","2026-09-11T00:18:07.533Z",".html"
"04_기관리서치/한국도로교통공단_주요사업_2026-09-11/근거/KB29.txt","15833","2026-09-11T00:20:25.704Z",".txt"
"04_기관리서치/한국도로교통공단_주요사업_2026-09-11/근거/KB30.html","200074","2026-09-11T00:18:07.651Z",".html"
"04_기관리서치/한국도로교통공단_주요사업_2026-09-11/근거/KB30.txt","1526","2026-09-11T00:20:25.723Z",".txt"
"04_기관리서치/한국도로교통공단_주요사업_2026-09-11/근거/KB31.html","205776","2026-09-11T00:18:07.880Z",".html"
"04_기관리서치/한국도로교통공단_주요사업_2026-09-11/근거/KB31.txt","2730","2026-09-11T00:20:25.747Z",".txt"
"04_기관리서치/한국도로교통공단_주요사업_2026-09-11/근거/KB32.html","200263","2026-09-11T00:18:07.919Z",".html"
"04_기관리서치/한국도로교통공단_주요사업_2026-09-11/근거/KB32.txt","12049","2026-09-11T00:20:25.770Z",".txt"
"04_기관리서치/한국도로교통공단_주요사업_2026-09-11/근거/KB33.html","197754","2026-09-11T00:18:08.116Z",".html"
"04_기관리서치/한국도로교통공단_주요사업_2026-09-11/근거/KB33.txt","1506","2026-09-11T00:20:25.786Z",".txt"
"04_기관리서치/한국도로교통공단_주요사업_2026-09-11/근거/KB34.html","201462","2026-09-11T00:18:08.267Z",".html"
"04_기관리서치/한국도로교통공단_주요사업_2026-09-11/근거/KB34.txt","3189","2026-09-11T00:20:25.815Z",".txt"
"04_기관리서치/한국도로교통공단_주요사업_2026-09-11/근거/KB35.html","206356","2026-09-11T00:18:08.483Z",".html"
"04_기관리서치/한국도로교통공단_주요사업_2026-09-11/근거/KB35.txt","2627","2026-09-11T00:20:25.836Z",".txt"
"04_기관리서치/한국도로교통공단_주요사업_2026-09-11/근거/KB36.html","196211","2026-09-11T00:18:08.483Z",".html"
"04_기관리서치/한국도로교통공단_주요사업_2026-09-11/근거/KB36.txt","1424","2026-09-11T00:20:25.858Z",".txt"
"04_기관리서치/한국도로교통공단_주요사업_2026-09-11/근거/KC01.html","210270","2026-09-11T00:20:37.590Z",".html"
"04_기관리서치/한국도로교통공단_주요사업_2026-09-11/근거/KC01.txt","2303","2026-09-11T00:20:37.607Z",".txt"
"04_기관리서치/한국도로교통공단_주요사업_2026-09-11/근거/KC02.html","223323","2026-09-11T00:20:37.607Z",".html"
"04_기관리서치/한국도로교통공단_주요사업_2026-09-11/근거/KC02.txt","4855","2026-09-11T00:20:37.608Z",".txt"
"04_기관리서치/한국도로교통공단_주요사업_2026-09-11/근거/KC03.html","212975","2026-09-11T00:20:37.544Z",".html"
"04_기관리서치/한국도로교통공단_주요사업_2026-09-11/근거/KC03.txt","2643","2026-09-11T00:20:37.590Z",".txt"
"04_기관리서치/한국도로교통공단_주요사업_2026-09-11/근거/KC04.html","208572","2026-09-11T00:20:37.591Z",".html"
"04_기관리서치/한국도로교통공단_주요사업_2026-09-11/근거/KC04.txt","901","2026-09-11T00:20:37.607Z",".txt"
"04_기관리서치/한국도로교통공단_주요사업_2026-09-11/근거/KC05.html","209459","2026-09-11T00:20:38.160Z",".html"
"04_기관리서치/한국도로교통공단_주요사업_2026-09-11/근거/KC05.txt","1056","2026-09-11T00:20:38.160Z",".txt"
"04_기관리서치/한국도로교통공단_주요사업_2026-09-11/근거/KC06.html","108020","2026-09-11T00:20:37.680Z",".html"
"04_기관리서치/한국도로교통공단_주요사업_2026-09-11/근거/KC06.txt","0","2026-09-11T00:20:37.680Z",".txt"
"04_기관리서치/한국도로교통공단_주요사업_2026-09-11/근거/KC06_전체텍스트.txt","1767","2026-09-11T00:23:03.897Z",".txt"
"04_기관리서치/한국도로교통공단_주요사업_2026-09-11/근거/KC07.html","96940","2026-09-11T00:20:37.672Z",".html"
"04_기관리서치/한국도로교통공단_주요사업_2026-09-11/근거/KC07.txt","0","2026-09-11T00:20:37.674Z",".txt"
"04_기관리서치/한국도로교통공단_주요사업_2026-09-11/근거/KC07_전체텍스트.txt","2208","2026-09-11T00:23:03.914Z",".txt"
"04_기관리서치/한국도로교통공단_주요사업_2026-09-11/근거/KC08.html","96940","2026-09-11T00:20:37.726Z",".html"
"04_기관리서치/한국도로교통공단_주요사업_2026-09-11/근거/KC08.txt","0","2026-09-11T00:20:37.726Z",".txt"
"04_기관리서치/한국도로교통공단_주요사업_2026-09-11/근거/KC08_전체텍스트.txt","2208","2026-09-11T00:23:03.932Z",".txt"
"04_기관리서치/한국도로교통공단_주요사업_2026-09-11/근거/KC09.html","58604","2026-09-11T00:20:37.918Z",".html"
"04_기관리서치/한국도로교통공단_주요사업_2026-09-11/근거/KC09.txt","0","2026-09-11T00:20:37.918Z",".txt"
"04_기관리서치/한국도로교통공단_주요사업_2026-09-11/근거/KC09_전체텍스트.txt","6119","2026-09-11T00:23:03.949Z",".txt"
"04_기관리서치/한국도로교통공단_주요사업_2026-09-11/근거/KC10.html","99334","2026-09-11T00:20:37.775Z",".html"
"04_기관리서치/한국도로교통공단_주요사업_2026-09-11/근거/KC10.txt","0","2026-09-11T00:20:37.775Z",".txt"
"04_기관리서치/한국도로교통공단_주요사업_2026-09-11/근거/KC10_전체텍스트.txt","1947","2026-09-11T00:23:03.949Z",".txt"
"04_기관리서치/한국도로교통공단_주요사업_2026-09-11/근거/KC11.html","103299","2026-09-11T00:20:37.825Z",".html"
"04_기관리서치/한국도로교통공단_주요사업_2026-09-11/근거/KC11.txt","0","2026-09-11T00:20:37.825Z",".txt"
"04_기관리서치/한국도로교통공단_주요사업_2026-09-11/근거/KC11_전체텍스트.txt","6717","2026-09-11T00:23:03.968Z",".txt"
"04_기관리서치/한국도로교통공단_주요사업_2026-09-11/근거/KC12.html","102013","2026-09-11T00:20:37.875Z",".html"
"04_기관리서치/한국도로교통공단_주요사업_2026-09-11/근거/KC12.txt","0","2026-09-11T00:20:37.875Z",".txt"
"04_기관리서치/한국도로교통공단_주요사업_2026-09-11/근거/KC12_전체텍스트.txt","2032","2026-09-11T00:23:03.983Z",".txt"
"04_기관리서치/한국도로교통공단_주요사업_2026-09-11/근거/KC13.html","98477","2026-09-11T00:20:37.892Z",".html"
"04_기관리서치/한국도로교통공단_주요사업_2026-09-11/근거/KC13.txt","0","2026-09-11T00:20:37.892Z",".txt"
"04_기관리서치/한국도로교통공단_주요사업_2026-09-11/근거/KC13_전체텍스트.txt","1426","2026-09-11T00:23:03.999Z",".txt"
"04_기관리서치/한국도로교통공단_주요사업_2026-09-11/근거/KC14.html","101668","2026-09-11T00:20:37.982Z",".html"
"04_기관리서치/한국도로교통공단_주요사업_2026-09-11/근거/KC14.txt","0","2026-09-11T00:20:37.983Z",".txt"
"04_기관리서치/한국도로교통공단_주요사업_2026-09-11/근거/KC14_전체텍스트.txt","3194","2026-09-11T00:23:04.016Z",".txt"
"04_기관리서치/한국도로교통공단_주요사업_2026-09-11/근거/KC15.html","228333","2026-09-11T00:20:38.143Z",".html"
"04_기관리서치/한국도로교통공단_주요사업_2026-09-11/근거/KC15.txt","0","2026-09-11T00:20:38.160Z",".txt"
"04_기관리서치/한국도로교통공단_주요사업_2026-09-11/근거/KC15_전체텍스트.txt","22695","2026-09-11T00:23:04.065Z",".txt"
"04_기관리서치/한국도로교통공단_주요사업_2026-09-11/근거/KC16.html","134313","2026-09-11T00:20:38.025Z",".html"
"04_기관리서치/한국도로교통공단_주요사업_2026-09-11/근거/KC16.txt","0","2026-09-11T00:20:38.025Z",".txt"
"04_기관리서치/한국도로교통공단_주요사업_2026-09-11/근거/KC16_전체텍스트.txt","1467","2026-09-11T00:23:04.069Z",".txt"
"04_기관리서치/한국도로교통공단_주요사업_2026-09-11/근거/KC17.html","140670","2026-09-11T00:20:38.059Z",".html"
"04_기관리서치/한국도로교통공단_주요사업_2026-09-11/근거/KC17.txt","0","2026-09-11T00:20:38.059Z",".txt"
"04_기관리서치/한국도로교통공단_주요사업_2026-09-11/근거/KC17_전체텍스트.txt","11086","2026-09-11T00:23:04.083Z",".txt"
"04_기관리서치/한국도로교통공단_주요사업_2026-09-11/근거/KC18.html","180126","2026-09-11T00:20:38.759Z",".html"
"04_기관리서치/한국도로교통공단_주요사업_2026-09-11/근거/KC18.txt","405","2026-09-11T00:20:38.759Z",".txt"
"04_기관리서치/한국도로교통공단_주요사업_2026-09-11/근거/KC19.html","354237","2026-09-11T00:20:38.857Z",".html"
"04_기관리서치/한국도로교통공단_주요사업_2026-09-11/근거/KC19.txt","26108","2026-09-11T00:20:38.857Z",".txt"
"04_기관리서치/한국도로교통공단_주요사업_2026-09-11/근거/KC20.html","183360","2026-09-11T00:20:38.792Z",".html"
"04_기관리서치/한국도로교통공단_주요사업_2026-09-11/근거/KC20.txt","3028","2026-09-11T00:20:38.841Z",".txt"
"04_기관리서치/한국도로교통공단_주요사업_2026-09-11/근거/KC21.html","179644","2026-09-11T00:20:38.676Z",".html"
"04_기관리서치/한국도로교통공단_주요사업_2026-09-11/근거/KC21.txt","1260","2026-09-11T00:20:38.676Z",".txt"
"04_기관리서치/한국도로교통공단_주요사업_2026-09-11/근거/KC22.html","198130","2026-09-11T00:20:39.184Z",".html"
"04_기관리서치/한국도로교통공단_주요사업_2026-09-11/근거/KC22.txt","6750","2026-09-11T00:20:39.184Z",".txt"
"04_기관리서치/한국도로교통공단_주요사업_2026-09-11/근거/KC23.html","200255","2026-09-11T00:20:39.326Z",".html"
"04_기관리서치/한국도로교통공단_주요사업_2026-09-11/근거/KC23.txt","6984","2026-09-11T00:20:39.343Z",".txt"
"04_기관리서치/한국도로교통공단_주요사업_2026-09-11/근거/KC24.html","203630","2026-09-11T00:20:39.360Z",".html"
"04_기관리서치/한국도로교통공단_주요사업_2026-09-11/근거/KC24.txt","14253","2026-09-11T00:20:39.360Z",".txt"
"04_기관리서치/한국도로교통공단_주요사업_2026-09-11/근거/KC25.html","199460","2026-09-11T00:20:39.360Z",".html"
"04_기관리서치/한국도로교통공단_주요사업_2026-09-11/근거/KC25.txt","7309","2026-09-11T00:20:39.360Z",".txt"
"04_기관리서치/한국도로교통공단_주요사업_2026-09-11/근거/KC26.html","221425","2026-09-11T00:20:39.718Z",".html"
"04_기관리서치/한국도로교통공단_주요사업_2026-09-11/근거/KC26.txt","7630","2026-09-11T00:20:39.718Z",".txt"
"04_기관리서치/한국도로교통공단_주요사업_2026-09-11/근거/KC27.html","194037","2026-09-11T00:20:39.859Z",".html"
"04_기관리서치/한국도로교통공단_주요사업_2026-09-11/근거/KC27.txt","3156","2026-09-11T00:20:39.859Z",".txt"
"04_기관리서치/한국도로교통공단_주요사업_2026-09-11/근거/KC28.html","199646","2026-09-11T00:20:39.910Z",".html"
"04_기관리서치/한국도로교통공단_주요사업_2026-09-11/근거/KC28.txt","1878","2026-09-11T00:20:39.910Z",".txt"
"04_기관리서치/한국도로교통공단_주요사업_2026-09-11/사람중심_교통안전_AX/편람검토_2026-09-11/검증_기록.json","485","2026-09-11T01:38:43.429Z",".json"
"04_기관리서치/한국도로교통공단_주요사업_2026-09-11/사람중심_교통안전_AX/편람검토_2026-09-11/자료확보_질문과_청구초안.md","5938","2026-09-11T01:35:25.921Z",".md"
"04_기관리서치/한국도로교통공단_주요사업_2026-09-11/사람중심_교통안전_AX/편람검토_2026-09-11/추출_기록.json","1482","2026-09-11T01:26:58.143Z",".json"
"04_기관리서치/한국도로교통공단_주요사업_2026-09-11/사람중심_교통안전_AX/편람검토_2026-09-11/추출_hwpx.py","3718","2026-09-11T01:26:57.370Z",".py"
"04_기관리서치/한국도로교통공단_주요사업_2026-09-11/사람중심_교통안전_AX/편람검토_2026-09-11/편람_본문추출.md","185733","2026-09-11T01:26:58.140Z",".md"
"04_기관리서치/한국도로교통공단_주요사업_2026-09-11/사람중심_교통안전_AX/편람검토_2026-09-11/편람_사업적용_검토.md","15949","2026-09-11T01:39:28.646Z",".md"
"04_기관리서치/한국도로교통공단_주요사업_2026-09-11/사람중심_교통안전_AX/변경이력.md","4805","2026-09-11T08:45:40.357Z",".md"
"04_기관리서치/한국도로교통공단_주요사업_2026-09-11/사람중심_교통안전_AX/사업구상서.md","23620","2026-09-11T08:45:40.134Z",".md"
"04_기관리서치/한국도로교통공단_주요사업_2026-09-11/사람중심_교통안전_AX/출처원장.md","14522","2026-09-11T08:45:40.183Z",".md"
"04_기관리서치/한국도로교통공단_주요사업_2026-09-11/사람중심_교통안전_AX/후속확인_대기열.md","4951","2026-09-11T08:45:40.227Z",".md"
"04_기관리서치/한국도로교통공단_주요사업_2026-09-11/사람중심_교통안전_AX/후속리서치_2026-09-11/열람기록.json","2403","2026-09-11T08:47:01.176Z",".json"
"04_기관리서치/한국도로교통공단_주요사업_2026-09-11/사람중심_교통안전_AX/후속리서치_2026-09-11/기술마켓_샘플3937_선별정보.json","2481","2026-09-11T08:40:06.113Z",".json"
"04_기관리서치/한국도로교통공단_주요사업_2026-09-11/사람중심_교통안전_AX/후속리서치_2026-09-11/후속리서치_결과.md","21196","2026-09-11T08:43:23.506Z",".md"
"04_기관리서치/한국도로교통공단_주요사업_2026-09-11/사람중심_교통안전_AX/후속리서치_2026-09-11/검증_기록.json","919","2026-09-11T08:47:01.496Z",".json"
"04_기관리서치/한국교통안전공단_심층조사_2026-09-11/본문.md","46524","2026-09-11T08:52:56.960Z",".md"
"04_기관리서치/한국교통안전공단_심층조사_2026-09-11/제작.py","18656","2026-09-11T08:56:41.646Z",".py"
"04_기관리서치/한국교통안전공단_심층조사_2026-09-11/제작_HTML.cjs","7375","2026-09-11T08:54:36.910Z",".cjs"
"04_기관리서치/한국교통안전공단_심층조사_2026-09-11/근거보존/designation.pdf","340979","2026-09-11T08:40:15.153Z",".pdf"
"04_기관리서치/한국교통안전공단_심층조사_2026-09-11/근거보존/nabo.pdf","5513549","2026-09-11T08:39:05.159Z",".pdf"
"04_기관리서치/한국교통안전공단_심층조사_2026-09-11/근거보존/noa.txt","5636","2026-09-11T08:40:54.367Z",".txt"
"04_기관리서치/한국교통안전공단_심층조사_2026-09-11/근거보존/grantee.txt","5808","2026-09-11T08:40:55.280Z",".txt"
"04_기관리서치/한국교통안전공단_심층조사_2026-09-11/근거원장.json","30276","2026-09-11T08:56:45.673Z",".json"
"04_기관리서치/한국교통안전공단_심층조사_2026-09-11/한국교통안전공단_심층조사.md","57756","2026-09-11T08:56:45.732Z",".md"
"04_기관리서치/한국교통안전공단_심층조사_2026-09-11/사업검토_범위.json","2535","2026-09-11T08:56:45.760Z",".json"
"04_기관리서치/한국교통안전공단_심층조사_2026-09-11/후속확인_대기열.md","1950","2026-09-11T08:56:45.788Z",".md"
"04_기관리서치/한국교통안전공단_심층조사_2026-09-11/README.md","1907","2026-09-15T02:27:50.452Z",".md"
"04_기관리서치/한국교통안전공단_심층조사_2026-09-11/한국교통안전공단_심층조사.html","90115","2026-09-11T08:56:46.326Z",".html"
"04_기관리서치/한국교통안전공단_심층조사_2026-09-11/검증_HTML.cjs","5262","2026-09-11T08:56:41.712Z",".cjs"
"04_기관리서치/한국교통안전공단_심층조사_2026-09-11/검증/desktop.png","119123","2026-09-11T08:56:50.831Z",".png"
"04_기관리서치/한국교통안전공단_심층조사_2026-09-11/검증/hypotheses.png","119932","2026-09-11T08:56:51.128Z",".png"
"04_기관리서치/한국교통안전공단_심층조사_2026-09-11/검증/mobile.png","35556","2026-09-11T08:56:58.525Z",".png"
"04_기관리서치/한국교통안전공단_심층조사_2026-09-11/검증/mobile-table.png","33084","2026-09-11T08:56:58.840Z",".png"
"04_기관리서치/한국교통안전공단_심층조사_2026-09-11/검증/구조_동작검증.json","2340","2026-09-11T08:56:58.878Z",".json"
"04_기관리서치/한국교통안전공단_심층조사_2026-09-11/검증/list-desktop.png","67165","2026-09-14T08:19:52.661Z",".png"
"04_기관리서치/한국교통안전공단_심층조사_2026-09-11/검증/list-mobile.png","35417","2026-09-14T08:19:53.301Z",".png"
"04_기관리서치/한국교통안전공단_심층조사_2026-09-11/검증/hypotheses-verified-20260914.png","123420","2026-09-14T08:19:54.809Z",".png"
"04_기관리서치/한국교통안전공단_심층조사_2026-09-11/검증/리스트_검증_20260914.json","1288","2026-09-14T08:19:54.840Z",".json"
"04_기관리서치/한국교통안전공단_심층조사_2026-09-11/검증기록.md","3572","2026-09-14T08:21:33.506Z",".md"
"04_기관리서치/한국교통안전공단_심층조사_2026-09-11/한국교통안전공단_업무와_NOA_검토리스트_2026-09-14.md","16241","2026-09-14T08:19:47.253Z",".md"
"04_기관리서치/한국교통안전공단_심층조사_2026-09-11/한국교통안전공단_업무와_NOA_검토리스트_2026-09-14.html","24524","2026-09-14T08:19:47.277Z",".html"
"04_기관리서치/한국교통안전공단_심층조사_2026-09-11/한국교통안전공단_업무와_NOA_검토리스트_2026-09-14.json","13129","2026-09-14T08:19:47.303Z",".json"
"04_기관리서치/TS_정책기획_AI_2026-09-15/문제정의_정책기획_AI_사업구상_v0.1.md","12880","2026-09-15T05:20:12.162Z",".md"
"04_기관리서치/TS_정책기획_AI_2026-09-15/README.md","3696","2026-09-15T08:01:43.014Z",".md"
"04_기관리서치/TS_정책기획_AI_2026-09-15/조사근거와_후속확인.md","4661","2026-09-15T08:01:43.039Z",".md"
"04_기관리서치/TS_정책기획_AI_2026-09-15/변경이력.md","1337","2026-09-15T08:01:43.064Z",".md"
"04_기관리서치/TS_정책기획_AI_2026-09-15/정리_검증.json","2623","2026-09-15T08:02:40.303Z",".json"
"05_통합사업기획/QA_다크.png","40647","2026-09-09T06:52:00.005Z",".png"
"05_통합사업기획/QA_모바일.png","39163","2026-09-09T07:48:49.115Z",".png"
"05_통합사업기획/QA_상세.png","121700","2026-09-09T07:48:48.571Z",".png"
"05_통합사업기획/QA_전체.png","194053","2026-09-09T07:48:48.865Z",".png"
"05_통합사업기획/QA_점검.png","66447","2026-09-09T06:43:48.586Z",".png"
"05_통합사업기획/QA_추진.png","133167","2026-09-09T06:47:28.769Z",".png"
"05_통합사업기획/README.md","1629","2026-09-09T07:45:05.088Z",".md"
"05_통합사업기획/검증_및_운영.md","9781","2026-09-09T07:48:44.017Z",".md"
"05_통합사업기획/검증_통합보기.cjs","6640","2026-09-09T07:48:44.006Z",".cjs"
"05_통합사업기획/데이터_검증결과.json","608","2026-09-09T07:48:45.056Z",".json"
"05_통합사업기획/문서_검증결과.json","365","2026-09-09T06:52:39.378Z",".json"
"05_통합사업기획/사업기획_통합보기.html","79765","2026-09-09T07:48:45.051Z",".html"
"05_통합사업기획/사업유형_판단기준.md","8185","2026-09-09T07:45:05.087Z",".md"
"05_통합사업기획/사업포트폴리오.json","55475","2026-09-09T07:46:52.665Z",".json"
"05_통합사업기획/사업포트폴리오_요약.md","53752","2026-09-09T07:48:45.053Z",".md"
"05_통합사업기획/생성_통합보기.py","11408","2026-09-09T07:40:31.052Z",".py"
"05_통합사업기획/통합보기_설계.md","6616","2026-09-09T07:48:44.008Z",".md"
"05_통합사업기획/통합보기_원본.html","25227","2026-09-09T07:48:44.005Z",".html"
"05_통합사업기획/화면_검증결과.json","2928","2026-09-09T07:48:49.288Z",".json"
"05_통합사업기획/CCK_TS_AX_정의_RFP_비용산정_2026-09-10/00_산출물_안내.html","57386","2026-09-10T14:28:43.984Z",".html"
"05_통합사업기획/CCK_TS_AX_정의_RFP_비용산정_2026-09-10/01_서비스_정의서.docx","45028","2026-09-10T12:42:24.666Z",".docx"
"05_통합사업기획/CCK_TS_AX_정의_RFP_비용산정_2026-09-10/01_서비스_정의서.md","15285","2026-09-10T12:42:24.666Z",".md"
"05_통합사업기획/CCK_TS_AX_정의_RFP_비용산정_2026-09-10/02_요구사항_정의서.docx","44558","2026-09-10T12:42:24.790Z",".docx"
"05_통합사업기획/CCK_TS_AX_정의_RFP_비용산정_2026-09-10/02_요구사항_정의서.md","9049","2026-09-10T12:42:24.798Z",".md"
"05_통합사업기획/CCK_TS_AX_정의_RFP_비용산정_2026-09-10/03_요구사항_명세서.docx","50095","2026-09-10T12:42:24.888Z",".docx"
"05_통합사업기획/CCK_TS_AX_정의_RFP_비용산정_2026-09-10/03_요구사항_명세서.md","34438","2026-09-10T12:42:24.888Z",".md"
"05_통합사업기획/CCK_TS_AX_정의_RFP_비용산정_2026-09-10/04_RFP_초안.docx","44484","2026-09-10T12:42:24.976Z",".docx"
"05_통합사업기획/CCK_TS_AX_정의_RFP_비용산정_2026-09-10/04_RFP_초안.md","11135","2026-09-10T12:42:24.976Z",".md"
"05_통합사업기획/CCK_TS_AX_정의_RFP_비용산정_2026-09-10/05_비용산정_설명.md","6473","2026-09-10T12:42:24.976Z",".md"
"05_통합사업기획/CCK_TS_AX_정의_RFP_비용산정_2026-09-10/CCK_TS_AX_정의_RFP_비용산정_패키지.zip","244451","2026-09-10T12:50:21.773Z",".zip"
"05_통합사업기획/CCK_TS_AX_정의_RFP_비용산정_2026-09-10/PLAN.md","1544","2026-09-10T12:33:58.307Z",".md"
"05_통합사업기획/CCK_TS_AX_정의_RFP_비용산정_2026-09-10/README.md","4413","2026-09-10T14:28:43.984Z",".md"
"05_통합사업기획/CCK_TS_AX_정의_RFP_비용산정_2026-09-10/검증_Excel.ps1","1630","2026-09-10T12:42:24.082Z",".ps1"
"05_통합사업기획/CCK_TS_AX_정의_RFP_비용산정_2026-09-10/검증_Word.ps1","1257","2026-09-10T12:38:55.822Z",".ps1"
"05_통합사업기획/CCK_TS_AX_정의_RFP_비용산정_2026-09-10/검증_문서.py","2027","2026-09-10T12:40:03.329Z",".py"
"05_통합사업기획/CCK_TS_AX_정의_RFP_비용산정_2026-09-10/검증_안내.mjs","2846","2026-09-11T07:08:29.605Z",".mjs"
"05_통합사업기획/CCK_TS_AX_정의_RFP_비용산정_2026-09-10/사업정의_데이터.json","49989","2026-09-10T12:42:24.585Z",".json"
"05_통합사업기획/CCK_TS_AX_정의_RFP_비용산정_2026-09-10/요구사항_추적표.csv","6209","2026-09-10T12:42:24.976Z",".csv"
"05_통합사업기획/CCK_TS_AX_정의_RFP_비용산정_2026-09-10/제작_문서.py","65537","2026-09-10T12:42:24.078Z",".py"
"05_통합사업기획/CCK_TS_AX_정의_RFP_비용산정_2026-09-10/제작_비용.mjs","18092","2026-09-11T07:08:29.551Z",".mjs"
"05_통합사업기획/CCK_TS_AX_정의_RFP_비용산정_2026-09-10/제작_안내.py","16490","2026-09-10T12:46:38.447Z",".py"
"05_통합사업기획/CCK_TS_AX_정의_RFP_비용산정_2026-09-10/outputs/01a085c1-adea-71a1-acf0-ff030613a6bc/CCK_TS_AX_개발_용역비_산정.xlsx","22658","2026-09-10T12:48:48.968Z",".xlsx"
"05_통합사업기획/CCK_TS_AX_정의_RFP_비용산정_2026-09-10/outputs/01a085c1-adea-71a1-acf0-ff030613a6bc/CCK_TS_AX_개발_용역비_산정.xlsx.inspect.ndjson","289505","2026-09-10T12:48:48.970Z",".ndjson"
"05_통합사업기획/CCK_TS_AX_정의_RFP_비용산정_2026-09-10/검증/안내/기능검사.json","2080","2026-09-10T12:48:51.457Z",".json"
"05_통합사업기획/CCK_TS_AX_정의_RFP_비용산정_2026-09-10/검증/안내/데스크톱.png","63296","2026-09-10T12:48:50.664Z",".png"
"05_통합사업기획/CCK_TS_AX_정의_RFP_비용산정_2026-09-10/검증/안내/모바일.png","37210","2026-09-10T12:48:50.753Z",".png"
"05_통합사업기획/CCK_TS_AX_정의_RFP_비용산정_2026-09-10/검증/문서/04_RFP_초안/문서.pdf","362497","2026-09-10T12:42:49.191Z",".pdf"
"05_통합사업기획/CCK_TS_AX_정의_RFP_비용산정_2026-09-10/검증/문서/04_RFP_초안/텍스트.txt","10819","2026-09-10T12:43:17.864Z",".txt"
"05_통합사업기획/CCK_TS_AX_정의_RFP_비용산정_2026-09-10/검증/문서/04_RFP_초안/page-1.png","159295","2026-09-10T12:43:18.210Z",".png"
"05_통합사업기획/CCK_TS_AX_정의_RFP_비용산정_2026-09-10/검증/문서/04_RFP_초안/page-2.png","164049","2026-09-10T12:43:18.247Z",".png"
"05_통합사업기획/CCK_TS_AX_정의_RFP_비용산정_2026-09-10/검증/문서/04_RFP_초안/page-3.png","142863","2026-09-10T12:43:18.279Z",".png"
"05_통합사업기획/CCK_TS_AX_정의_RFP_비용산정_2026-09-10/검증/문서/04_RFP_초안/page-4.png","120650","2026-09-10T12:43:18.300Z",".png"
"05_통합사업기획/CCK_TS_AX_정의_RFP_비용산정_2026-09-10/검증/문서/04_RFP_초안/page-5.png","175431","2026-09-10T12:43:18.330Z",".png"
"05_통합사업기획/CCK_TS_AX_정의_RFP_비용산정_2026-09-10/검증/문서/04_RFP_초안/page-6.png","121820","2026-09-10T12:43:18.348Z",".png"
"05_통합사업기획/CCK_TS_AX_정의_RFP_비용산정_2026-09-10/검증/문서/01_서비스_정의서/문서.pdf","381305","2026-09-10T12:42:35.453Z",".pdf"
"05_통합사업기획/CCK_TS_AX_정의_RFP_비용산정_2026-09-10/검증/문서/01_서비스_정의서/텍스트.txt","15039","2026-09-10T12:43:14.830Z",".txt"
"05_통합사업기획/CCK_TS_AX_정의_RFP_비용산정_2026-09-10/검증/문서/01_서비스_정의서/page-1.png","151521","2026-09-10T12:43:15.179Z",".png"
"05_통합사업기획/CCK_TS_AX_정의_RFP_비용산정_2026-09-10/검증/문서/01_서비스_정의서/page-2.png","177724","2026-09-10T12:43:15.202Z",".png"
"05_통합사업기획/CCK_TS_AX_정의_RFP_비용산정_2026-09-10/검증/문서/01_서비스_정의서/page-3.png","169542","2026-09-10T12:43:15.222Z",".png"
"05_통합사업기획/CCK_TS_AX_정의_RFP_비용산정_2026-09-10/검증/문서/01_서비스_정의서/page-4.png","164512","2026-09-10T12:43:15.243Z",".png"
"05_통합사업기획/CCK_TS_AX_정의_RFP_비용산정_2026-09-10/검증/문서/01_서비스_정의서/page-5.png","185659","2026-09-10T12:43:15.263Z",".png"
"05_통합사업기획/CCK_TS_AX_정의_RFP_비용산정_2026-09-10/검증/문서/01_서비스_정의서/page-6.png","181478","2026-09-10T12:43:15.281Z",".png"
"05_통합사업기획/CCK_TS_AX_정의_RFP_비용산정_2026-09-10/검증/문서/01_서비스_정의서/page-7.png","172076","2026-09-10T12:43:15.297Z",".png"
"05_통합사업기획/CCK_TS_AX_정의_RFP_비용산정_2026-09-10/검증/문서/03_요구사항_명세서/문서.pdf","478231","2026-09-10T12:42:45.273Z",".pdf"
"05_통합사업기획/CCK_TS_AX_정의_RFP_비용산정_2026-09-10/검증/문서/03_요구사항_명세서/텍스트.txt","34487","2026-09-10T12:43:16.647Z",".txt"
"05_통합사업기획/CCK_TS_AX_정의_RFP_비용산정_2026-09-10/검증/문서/03_요구사항_명세서/page-1.png","84926","2026-09-10T12:43:17.217Z",".png"
"05_통합사업기획/CCK_TS_AX_정의_RFP_비용산정_2026-09-10/검증/문서/03_요구사항_명세서/page-10.png","146909","2026-09-10T12:43:17.412Z",".png"
"05_통합사업기획/CCK_TS_AX_정의_RFP_비용산정_2026-09-10/검증/문서/03_요구사항_명세서/page-11.png","153147","2026-09-10T12:43:17.430Z",".png"
"05_통합사업기획/CCK_TS_AX_정의_RFP_비용산정_2026-09-10/검증/문서/03_요구사항_명세서/page-12.png","168826","2026-09-10T12:43:17.454Z",".png"
"05_통합사업기획/CCK_TS_AX_정의_RFP_비용산정_2026-09-10/검증/문서/03_요구사항_명세서/page-13.png","167158","2026-09-10T12:43:17.463Z",".png"
"05_통합사업기획/CCK_TS_AX_정의_RFP_비용산정_2026-09-10/검증/문서/03_요구사항_명세서/page-14.png","184765","2026-09-10T12:43:17.493Z",".png"
"05_통합사업기획/CCK_TS_AX_정의_RFP_비용산정_2026-09-10/검증/문서/03_요구사항_명세서/page-15.png","160659","2026-09-10T12:43:17.514Z",".png"
"05_통합사업기획/CCK_TS_AX_정의_RFP_비용산정_2026-09-10/검증/문서/03_요구사항_명세서/page-16.png","59511","2026-09-10T12:43:17.531Z",".png"
"05_통합사업기획/CCK_TS_AX_정의_RFP_비용산정_2026-09-10/검증/문서/03_요구사항_명세서/page-17.png","144433","2026-09-10T12:43:17.560Z",".png"
"05_통합사업기획/CCK_TS_AX_정의_RFP_비용산정_2026-09-10/검증/문서/03_요구사항_명세서/page-18.png","159279","2026-09-10T12:43:17.580Z",".png"
"05_통합사업기획/CCK_TS_AX_정의_RFP_비용산정_2026-09-10/검증/문서/03_요구사항_명세서/page-19.png","143110","2026-09-10T12:43:17.597Z",".png"
"05_통합사업기획/CCK_TS_AX_정의_RFP_비용산정_2026-09-10/검증/문서/03_요구사항_명세서/page-2.png","158623","2026-09-10T12:43:17.231Z",".png"
"05_통합사업기획/CCK_TS_AX_정의_RFP_비용산정_2026-09-10/검증/문서/03_요구사항_명세서/page-3.png","162554","2026-09-10T12:43:17.264Z",".png"
"05_통합사업기획/CCK_TS_AX_정의_RFP_비용산정_2026-09-10/검증/문서/03_요구사항_명세서/page-4.png","158304","2026-09-10T12:43:17.281Z",".png"
"05_통합사업기획/CCK_TS_AX_정의_RFP_비용산정_2026-09-10/검증/문서/03_요구사항_명세서/page-5.png","143799","2026-09-10T12:43:17.315Z",".png"
"05_통합사업기획/CCK_TS_AX_정의_RFP_비용산정_2026-09-10/검증/문서/03_요구사항_명세서/page-6.png","148881","2026-09-10T12:43:17.332Z",".png"
"05_통합사업기획/CCK_TS_AX_정의_RFP_비용산정_2026-09-10/검증/문서/03_요구사항_명세서/page-7.png","151037","2026-09-10T12:43:17.347Z",".png"
"05_통합사업기획/CCK_TS_AX_정의_RFP_비용산정_2026-09-10/검증/문서/03_요구사항_명세서/page-8.png","142607","2026-09-10T12:43:17.364Z",".png"
"05_통합사업기획/CCK_TS_AX_정의_RFP_비용산정_2026-09-10/검증/문서/03_요구사항_명세서/page-9.png","142753","2026-09-10T12:43:17.380Z",".png"
"05_통합사업기획/CCK_TS_AX_정의_RFP_비용산정_2026-09-10/검증/문서/02_요구사항_정의서/문서.pdf","359986","2026-09-10T12:42:39.857Z",".pdf"
"05_통합사업기획/CCK_TS_AX_정의_RFP_비용산정_2026-09-10/검증/문서/02_요구사항_정의서/텍스트.txt","8485","2026-09-10T12:43:15.562Z",".txt"
"05_통합사업기획/CCK_TS_AX_정의_RFP_비용산정_2026-09-10/검증/문서/02_요구사항_정의서/page-1.png","169998","2026-09-10T12:43:15.797Z",".png"
"05_통합사업기획/CCK_TS_AX_정의_RFP_비용산정_2026-09-10/검증/문서/02_요구사항_정의서/page-2.png","167415","2026-09-10T12:43:15.831Z",".png"
"05_통합사업기획/CCK_TS_AX_정의_RFP_비용산정_2026-09-10/검증/문서/02_요구사항_정의서/page-3.png","133196","2026-09-10T12:43:15.849Z",".png"
"05_통합사업기획/CCK_TS_AX_정의_RFP_비용산정_2026-09-10/검증/문서/02_요구사항_정의서/page-4.png","112088","2026-09-10T12:43:15.864Z",".png"
"05_통합사업기획/CCK_TS_AX_정의_RFP_비용산정_2026-09-10/검증/문서/02_요구사항_정의서/page-5.png","182454","2026-09-10T12:43:15.881Z",".png"
"05_통합사업기획/CCK_TS_AX_정의_RFP_비용산정_2026-09-10/검증/문서/02_요구사항_정의서/page-6.png","182524","2026-09-10T12:40:05.647Z",".png"
"05_통합사업기획/CCK_TS_AX_정의_RFP_비용산정_2026-09-10/검증/비용/1_산정요약.png","236081","2026-09-10T12:48:47.239Z",".png"
"05_통합사업기획/CCK_TS_AX_정의_RFP_비용산정_2026-09-10/검증/비용/2_가정과단가.png","239197","2026-09-10T12:48:47.444Z",".png"
"05_통합사업기획/CCK_TS_AX_정의_RFP_비용산정_2026-09-10/검증/비용/3_가정과단가.png","99492","2026-09-10T12:48:47.525Z",".png"
"05_통합사업기획/CCK_TS_AX_정의_RFP_비용산정_2026-09-10/검증/비용/4_공수산정.png","168218","2026-09-10T12:48:47.691Z",".png"
"05_통합사업기획/CCK_TS_AX_정의_RFP_비용산정_2026-09-10/검증/비용/5_공수산정.png","101380","2026-09-10T12:48:47.832Z",".png"
"05_통합사업기획/CCK_TS_AX_정의_RFP_비용산정_2026-09-10/검증/비용/6_도입과직접경비.png","257394","2026-09-10T12:48:48.091Z",".png"
"05_통합사업기획/CCK_TS_AX_정의_RFP_비용산정_2026-09-10/검증/비용/7_연간운영.png","240058","2026-09-10T12:48:48.304Z",".png"
"05_통합사업기획/CCK_TS_AX_정의_RFP_비용산정_2026-09-10/검증/비용/수식검사.json","752","2026-09-10T12:48:46.690Z",".json"
"05_통합사업기획/CCK_TS_AX_정의_RFP_비용산정_2026-09-10/검증/비용/수식오류검색.txt","60","2026-09-10T12:48:46.689Z",".txt"
"05_통합사업기획/CCK_TS_AX_정의_RFP_비용산정_2026-09-10/검증/비용/요약검사.txt","1775","2026-09-10T12:48:46.691Z",".txt"
"05_통합사업기획/CCK_TS_AX_정의_RFP_비용산정_2026-09-10/검증/Excel_재계산.json","211","2026-09-10T12:49:22.205Z",".json"
"05_통합사업기획/CCK_TS_AX_정의_RFP_비용산정_2026-09-10/검증/QA_결과.md","2597","2026-09-10T12:50:21.356Z",".md"
"05_통합사업기획/CCK_TS_AX_정의_RFP_비용산정_2026-09-10/검증/Word_렌더기록.json","487","2026-09-10T12:42:49.540Z",".json"
"05_통합사업기획/CCK_TS_AX_정의_RFP_비용산정_2026-09-10/검증/정적검사.json","603","2026-09-10T12:43:18.348Z",".json"
"05_통합사업기획/CCK_TS_AX_정의_RFP_비용산정_2026-09-10/근거/SW사업_대가산정_가이드_2025.pdf","5155999","2026-09-10T12:21:26.515Z",".pdf"
"05_통합사업기획/CCK_TS_AX_정의_RFP_비용산정_2026-09-10/근거/SW사업_대가산정_가이드_2025.txt","66390","2026-09-10T12:21:41.664Z",".txt"
"05_통합사업기획/CCK_TS_AX_정의_RFP_비용산정_2026-09-10/근거/출처원장.csv","2125","2026-09-10T12:50:21.721Z",".csv"
"05_통합사업기획/CCK_TS_AX_정의_RFP_비용산정_2026-09-10/예산조정_v0.2/근거/출처원장.csv","2215","2026-09-10T14:00:07.662Z",".csv"
"05_통합사업기획/CCK_TS_AX_정의_RFP_비용산정_2026-09-10/예산조정_v0.2/검증/문서/04_RFP_초안/문서.pdf","276295","2026-09-10T14:00:41.415Z",".pdf"
"05_통합사업기획/CCK_TS_AX_정의_RFP_비용산정_2026-09-10/예산조정_v0.2/검증/문서/04_RFP_초안/텍스트.txt","5691","2026-09-10T14:00:44.879Z",".txt"
"05_통합사업기획/CCK_TS_AX_정의_RFP_비용산정_2026-09-10/예산조정_v0.2/검증/문서/04_RFP_초안/page-1.png","161413","2026-09-10T14:00:45.119Z",".png"
"05_통합사업기획/CCK_TS_AX_정의_RFP_비용산정_2026-09-10/예산조정_v0.2/검증/문서/04_RFP_초안/page-2.png","197626","2026-09-10T14:00:45.169Z",".png"
"05_통합사업기획/CCK_TS_AX_정의_RFP_비용산정_2026-09-10/예산조정_v0.2/검증/문서/04_RFP_초안/page-3.png","112599","2026-09-10T14:00:45.194Z",".png"
"05_통합사업기획/CCK_TS_AX_정의_RFP_비용산정_2026-09-10/예산조정_v0.2/검증/문서/01_서비스_정의서/문서.pdf","301533","2026-09-10T14:00:19.840Z",".pdf"
"05_통합사업기획/CCK_TS_AX_정의_RFP_비용산정_2026-09-10/예산조정_v0.2/검증/문서/01_서비스_정의서/텍스트.txt","5497","2026-09-10T14:00:42.204Z",".txt"
"05_통합사업기획/CCK_TS_AX_정의_RFP_비용산정_2026-09-10/예산조정_v0.2/검증/문서/01_서비스_정의서/page-1.png","222999","2026-09-10T14:00:42.484Z",".png"
"05_통합사업기획/CCK_TS_AX_정의_RFP_비용산정_2026-09-10/예산조정_v0.2/검증/문서/01_서비스_정의서/page-2.png","120682","2026-09-10T14:00:42.499Z",".png"
"05_통합사업기획/CCK_TS_AX_정의_RFP_비용산정_2026-09-10/예산조정_v0.2/검증/문서/01_서비스_정의서/page-3.png","100485","2026-09-10T14:00:42.519Z",".png"
"05_통합사업기획/CCK_TS_AX_정의_RFP_비용산정_2026-09-10/예산조정_v0.2/검증/문서/02_요구사항_정의서/문서.pdf","299669","2026-09-10T14:00:26.199Z",".pdf"
"05_통합사업기획/CCK_TS_AX_정의_RFP_비용산정_2026-09-10/예산조정_v0.2/검증/문서/02_요구사항_정의서/텍스트.txt","5176","2026-09-10T14:00:42.713Z",".txt"
"05_통합사업기획/CCK_TS_AX_정의_RFP_비용산정_2026-09-10/예산조정_v0.2/검증/문서/02_요구사항_정의서/page-1.png","171475","2026-09-10T14:00:43.059Z",".png"
"05_통합사업기획/CCK_TS_AX_정의_RFP_비용산정_2026-09-10/예산조정_v0.2/검증/문서/02_요구사항_정의서/page-2.png","141685","2026-09-10T14:00:43.078Z",".png"
"05_통합사업기획/CCK_TS_AX_정의_RFP_비용산정_2026-09-10/예산조정_v0.2/검증/문서/02_요구사항_정의서/page-3.png","116237","2026-09-10T14:00:43.097Z",".png"
"05_통합사업기획/CCK_TS_AX_정의_RFP_비용산정_2026-09-10/예산조정_v0.2/검증/문서/03_요구사항_명세서/문서.pdf","420494","2026-09-10T14:00:34.989Z",".pdf"
"05_통합사업기획/CCK_TS_AX_정의_RFP_비용산정_2026-09-10/예산조정_v0.2/검증/문서/03_요구사항_명세서/텍스트.txt","28580","2026-09-10T14:00:43.839Z",".txt"
"05_통합사업기획/CCK_TS_AX_정의_RFP_비용산정_2026-09-10/예산조정_v0.2/검증/문서/03_요구사항_명세서/page-1.png","209732","2026-09-10T14:00:44.309Z",".png"
"05_통합사업기획/CCK_TS_AX_정의_RFP_비용산정_2026-09-10/예산조정_v0.2/검증/문서/03_요구사항_명세서/page-10.png","210716","2026-09-10T14:00:44.569Z",".png"
"05_통합사업기획/CCK_TS_AX_정의_RFP_비용산정_2026-09-10/예산조정_v0.2/검증/문서/03_요구사항_명세서/page-11.png","85235","2026-09-10T14:00:44.593Z",".png"
"05_통합사업기획/CCK_TS_AX_정의_RFP_비용산정_2026-09-10/예산조정_v0.2/검증/문서/03_요구사항_명세서/page-2.png","224503","2026-09-10T14:00:44.333Z",".png"
"05_통합사업기획/CCK_TS_AX_정의_RFP_비용산정_2026-09-10/예산조정_v0.2/검증/문서/03_요구사항_명세서/page-3.png","204315","2026-09-10T14:00:44.359Z",".png"
"05_통합사업기획/CCK_TS_AX_정의_RFP_비용산정_2026-09-10/예산조정_v0.2/검증/문서/03_요구사항_명세서/page-4.png","221574","2026-09-10T14:00:44.383Z",".png"
"05_통합사업기획/CCK_TS_AX_정의_RFP_비용산정_2026-09-10/예산조정_v0.2/검증/문서/03_요구사항_명세서/page-5.png","215660","2026-09-10T14:00:44.419Z",".png"
"05_통합사업기획/CCK_TS_AX_정의_RFP_비용산정_2026-09-10/예산조정_v0.2/검증/문서/03_요구사항_명세서/page-6.png","216200","2026-09-10T14:00:44.451Z",".png"
"05_통합사업기획/CCK_TS_AX_정의_RFP_비용산정_2026-09-10/예산조정_v0.2/검증/문서/03_요구사항_명세서/page-7.png","225335","2026-09-10T14:00:44.469Z",".png"
"05_통합사업기획/CCK_TS_AX_정의_RFP_비용산정_2026-09-10/예산조정_v0.2/검증/문서/03_요구사항_명세서/page-8.png","190931","2026-09-10T14:00:44.502Z",".png"
"05_통합사업기획/CCK_TS_AX_정의_RFP_비용산정_2026-09-10/예산조정_v0.2/검증/문서/03_요구사항_명세서/page-9.png","218462","2026-09-10T14:00:44.533Z",".png"
"05_통합사업기획/CCK_TS_AX_정의_RFP_비용산정_2026-09-10/예산조정_v0.2/검증/비용/1_산정요약.png","233427","2026-09-10T13:52:28.557Z",".png"
"05_통합사업기획/CCK_TS_AX_정의_RFP_비용산정_2026-09-10/예산조정_v0.2/검증/비용/2_가정과단가.png","261707","2026-09-10T13:52:29.041Z",".png"
"05_통합사업기획/CCK_TS_AX_정의_RFP_비용산정_2026-09-10/예산조정_v0.2/검증/비용/3_가정과단가.png","99127","2026-09-10T13:52:29.208Z",".png"
"05_통합사업기획/CCK_TS_AX_정의_RFP_비용산정_2026-09-10/예산조정_v0.2/검증/비용/4_공수산정.png","164331","2026-09-10T13:52:29.525Z",".png"
"05_통합사업기획/CCK_TS_AX_정의_RFP_비용산정_2026-09-10/예산조정_v0.2/검증/비용/5_공수산정.png","113106","2026-09-10T13:52:29.723Z",".png"
"05_통합사업기획/CCK_TS_AX_정의_RFP_비용산정_2026-09-10/예산조정_v0.2/검증/비용/6_도입과직접경비.png","256728","2026-09-10T13:52:30.175Z",".png"
"05_통합사업기획/CCK_TS_AX_정의_RFP_비용산정_2026-09-10/예산조정_v0.2/검증/비용/7_연간운영.png","255601","2026-09-10T13:52:30.581Z",".png"
"05_통합사업기획/CCK_TS_AX_정의_RFP_비용산정_2026-09-10/예산조정_v0.2/검증/비용/수식검사.json","746","2026-09-10T13:52:27.182Z",".json"
"05_통합사업기획/CCK_TS_AX_정의_RFP_비용산정_2026-09-10/예산조정_v0.2/검증/비용/수식오류검색.txt","60","2026-09-10T13:52:27.182Z",".txt"
"05_통합사업기획/CCK_TS_AX_정의_RFP_비용산정_2026-09-10/예산조정_v0.2/검증/비용/요약검사.txt","1892","2026-09-10T13:52:27.182Z",".txt"
"05_통합사업기획/CCK_TS_AX_정의_RFP_비용산정_2026-09-10/예산조정_v0.2/검증/정적검사.json","603","2026-09-10T14:00:45.200Z",".json"
"05_통합사업기획/CCK_TS_AX_정의_RFP_비용산정_2026-09-10/예산조정_v0.2/검증/화면_데스크톱.png","69603","2026-09-10T14:00:46.769Z",".png"
"05_통합사업기획/CCK_TS_AX_정의_RFP_비용산정_2026-09-10/예산조정_v0.2/검증/화면_모바일.png","36029","2026-09-10T14:00:47.127Z",".png"
"05_통합사업기획/CCK_TS_AX_정의_RFP_비용산정_2026-09-10/예산조정_v0.2/검증/화면_예산.png","69267","2026-09-10T14:00:47.069Z",".png"
"05_통합사업기획/CCK_TS_AX_정의_RFP_비용산정_2026-09-10/예산조정_v0.2/검증/Excel_재계산.json","209","2026-09-10T13:57:38.646Z",".json"
"05_통합사업기획/CCK_TS_AX_정의_RFP_비용산정_2026-09-10/예산조정_v0.2/검증/HTML_검증.json","202","2026-09-10T14:00:47.132Z",".json"
"05_통합사업기획/CCK_TS_AX_정의_RFP_비용산정_2026-09-10/예산조정_v0.2/검증/QA_결과.md","3273","2026-09-10T14:03:41.265Z",".md"
"05_통합사업기획/CCK_TS_AX_정의_RFP_비용산정_2026-09-10/예산조정_v0.2/검증/Word_렌더기록.json","487","2026-09-10T14:00:41.742Z",".json"
"05_통합사업기획/CCK_TS_AX_정의_RFP_비용산정_2026-09-10/예산조정_v0.2/outputs/01a085c1-adea-71a1-acf0-ff030613a6bc/CCK_TS_AX_개발_용역비_산정.xlsx","22910","2026-09-10T13:52:32.227Z",".xlsx"
"05_통합사업기획/CCK_TS_AX_정의_RFP_비용산정_2026-09-10/예산조정_v0.2/outputs/01a085c1-adea-71a1-acf0-ff030613a6bc/CCK_TS_AX_개발_용역비_산정.xlsx.inspect.ndjson","293604","2026-09-10T13:52:32.227Z",".ndjson"
"05_통합사업기획/CCK_TS_AX_정의_RFP_비용산정_2026-09-10/예산조정_v0.2/00_산출물_안내.html","52235","2026-09-10T14:28:43.984Z",".html"
"05_통합사업기획/CCK_TS_AX_정의_RFP_비용산정_2026-09-10/예산조정_v0.2/01_서비스_정의서.docx","41371","2026-09-10T14:00:07.455Z",".docx"
"05_통합사업기획/CCK_TS_AX_정의_RFP_비용산정_2026-09-10/예산조정_v0.2/01_서비스_정의서.md","5624","2026-09-10T14:00:07.455Z",".md"
"05_통합사업기획/CCK_TS_AX_정의_RFP_비용산정_2026-09-10/예산조정_v0.2/02_요구사항_정의서.docx","41304","2026-09-10T14:00:07.511Z",".docx"
"05_통합사업기획/CCK_TS_AX_정의_RFP_비용산정_2026-09-10/예산조정_v0.2/02_요구사항_정의서.md","5316","2026-09-10T14:00:07.511Z",".md"
"05_통합사업기획/CCK_TS_AX_정의_RFP_비용산정_2026-09-10/예산조정_v0.2/03_요구사항_명세서.docx","47286","2026-09-10T14:00:07.599Z",".docx"
"05_통합사업기획/CCK_TS_AX_정의_RFP_비용산정_2026-09-10/예산조정_v0.2/03_요구사항_명세서.md","28549","2026-09-10T14:00:07.599Z",".md"
"05_통합사업기획/CCK_TS_AX_정의_RFP_비용산정_2026-09-10/예산조정_v0.2/04_RFP_초안.docx","41448","2026-09-10T14:00:07.659Z",".docx"
"05_통합사업기획/CCK_TS_AX_정의_RFP_비용산정_2026-09-10/예산조정_v0.2/04_RFP_초안.md","5851","2026-09-10T14:00:07.659Z",".md"
"05_통합사업기획/CCK_TS_AX_정의_RFP_비용산정_2026-09-10/예산조정_v0.2/05_비용산정_설명.md","9150","2026-09-10T14:00:07.661Z",".md"
"05_통합사업기획/CCK_TS_AX_정의_RFP_비용산정_2026-09-10/예산조정_v0.2/검증_문서.py","2058","2026-09-10T13:51:56.180Z",".py"
"05_통합사업기획/CCK_TS_AX_정의_RFP_비용산정_2026-09-10/예산조정_v0.2/검증_안내.mjs","3070","2026-09-11T07:08:29.725Z",".mjs"
"05_통합사업기획/CCK_TS_AX_정의_RFP_비용산정_2026-09-10/예산조정_v0.2/검증_Excel.ps1","1930","2026-09-10T13:51:56.196Z",".ps1"
"05_통합사업기획/CCK_TS_AX_정의_RFP_비용산정_2026-09-10/예산조정_v0.2/검증_Word.ps1","1288","2026-09-10T13:51:56.171Z",".ps1"
"05_통합사업기획/CCK_TS_AX_정의_RFP_비용산정_2026-09-10/예산조정_v0.2/사업정의_데이터.json","49398","2026-09-10T14:00:07.380Z",".json"
"05_통합사업기획/CCK_TS_AX_정의_RFP_비용산정_2026-09-10/예산조정_v0.2/요구사항_추적표.csv","7038","2026-09-10T14:00:07.661Z",".csv"
"05_통합사업기획/CCK_TS_AX_정의_RFP_비용산정_2026-09-10/예산조정_v0.2/이전버전_안내갱신.py","1183","2026-09-10T14:01:54.883Z",".py"
"05_통합사업기획/CCK_TS_AX_정의_RFP_비용산정_2026-09-10/예산조정_v0.2/제작_문서.py","46881","2026-09-10T14:00:06.840Z",".py"
"05_통합사업기획/CCK_TS_AX_정의_RFP_비용산정_2026-09-10/예산조정_v0.2/제작_비용.mjs","19303","2026-09-11T07:08:29.673Z",".mjs"
"05_통합사업기획/CCK_TS_AX_정의_RFP_비용산정_2026-09-10/예산조정_v0.2/제작_안내.py","17925","2026-09-10T14:00:07.200Z",".py"
"05_통합사업기획/CCK_TS_AX_정의_RFP_비용산정_2026-09-10/예산조정_v0.2/준비_검증도구.py","6021","2026-09-10T13:51:53.910Z",".py"
"05_통합사업기획/CCK_TS_AX_정의_RFP_비용산정_2026-09-10/예산조정_v0.2/CCK_TS_AX_예산조정_패키지.zip","222933","2026-09-10T14:00:07.973Z",".zip"
"05_통합사업기획/CCK_TS_AX_정의_RFP_비용산정_2026-09-10/예산조정_v0.2/PLAN.md","1633","2026-09-10T13:50:16.942Z",".md"
"05_통합사업기획/CCK_TS_AX_정의_RFP_비용산정_2026-09-10/예산조정_v0.2/README.md","3646","2026-09-10T14:28:43.984Z",".md"
"05_통합사업기획/CCK_TS_AX_정의_RFP_비용산정_2026-09-10/예산조정_v0.3/근거/출처원장.csv","2441","2026-09-10T14:24:57.156Z",".csv"
"05_통합사업기획/CCK_TS_AX_정의_RFP_비용산정_2026-09-10/예산조정_v0.3/검증/비용/1_산정요약.png","234704","2026-09-10T14:24:22.015Z",".png"
"05_통합사업기획/CCK_TS_AX_정의_RFP_비용산정_2026-09-10/예산조정_v0.3/검증/비용/2_가정과단가.png","259793","2026-09-10T14:24:22.232Z",".png"
"05_통합사업기획/CCK_TS_AX_정의_RFP_비용산정_2026-09-10/예산조정_v0.3/검증/비용/3_가정과단가.png","100368","2026-09-10T14:24:22.314Z",".png"
"05_통합사업기획/CCK_TS_AX_정의_RFP_비용산정_2026-09-10/예산조정_v0.3/검증/비용/4_공수산정.png","164331","2026-09-10T14:24:22.477Z",".png"
"05_통합사업기획/CCK_TS_AX_정의_RFP_비용산정_2026-09-10/예산조정_v0.3/검증/비용/5_공수산정.png","113106","2026-09-10T14:24:22.569Z",".png"
"05_통합사업기획/CCK_TS_AX_정의_RFP_비용산정_2026-09-10/예산조정_v0.3/검증/비용/6_도입과직접경비.png","229772","2026-09-10T14:24:22.818Z",".png"
"05_통합사업기획/CCK_TS_AX_정의_RFP_비용산정_2026-09-10/예산조정_v0.3/검증/비용/7_연간운영.png","241455","2026-09-10T14:24:23.007Z",".png"
"05_통합사업기획/CCK_TS_AX_정의_RFP_비용산정_2026-09-10/예산조정_v0.3/검증/비용/수식검사.json","785","2026-09-10T14:24:21.363Z",".json"
"05_통합사업기획/CCK_TS_AX_정의_RFP_비용산정_2026-09-10/예산조정_v0.3/검증/비용/수식오류검색.txt","60","2026-09-10T14:24:21.362Z",".txt"
"05_통합사업기획/CCK_TS_AX_정의_RFP_비용산정_2026-09-10/예산조정_v0.3/검증/비용/요약검사.txt","1902","2026-09-10T14:24:21.365Z",".txt"
"05_통합사업기획/CCK_TS_AX_정의_RFP_비용산정_2026-09-10/예산조정_v0.3/검증/문서/04_RFP_초안/문서.pdf","281632","2026-09-10T14:25:29.447Z",".pdf"
"05_통합사업기획/CCK_TS_AX_정의_RFP_비용산정_2026-09-10/예산조정_v0.3/검증/문서/04_RFP_초안/텍스트.txt","6226","2026-09-10T14:25:48.293Z",".txt"
"05_통합사업기획/CCK_TS_AX_정의_RFP_비용산정_2026-09-10/예산조정_v0.3/검증/문서/04_RFP_초안/page-1.png","166987","2026-09-10T14:25:48.461Z",".png"
"05_통합사업기획/CCK_TS_AX_정의_RFP_비용산정_2026-09-10/예산조정_v0.3/검증/문서/04_RFP_초안/page-2.png","182296","2026-09-10T14:25:48.479Z",".png"
"05_통합사업기획/CCK_TS_AX_정의_RFP_비용산정_2026-09-10/예산조정_v0.3/검증/문서/04_RFP_초안/page-3.png","162740","2026-09-10T14:25:48.496Z",".png"
"05_통합사업기획/CCK_TS_AX_정의_RFP_비용산정_2026-09-10/예산조정_v0.3/검증/문서/01_서비스_정의서/문서.pdf","304929","2026-09-10T14:25:12.837Z",".pdf"
"05_통합사업기획/CCK_TS_AX_정의_RFP_비용산정_2026-09-10/예산조정_v0.3/검증/문서/01_서비스_정의서/텍스트.txt","5671","2026-09-10T14:25:46.254Z",".txt"
"05_통합사업기획/CCK_TS_AX_정의_RFP_비용산정_2026-09-10/예산조정_v0.3/검증/문서/01_서비스_정의서/page-1.png","203782","2026-09-10T14:25:46.550Z",".png"
"05_통합사업기획/CCK_TS_AX_정의_RFP_비용산정_2026-09-10/예산조정_v0.3/검증/문서/01_서비스_정의서/page-2.png","152024","2026-09-10T14:25:46.573Z",".png"
"05_통합사업기획/CCK_TS_AX_정의_RFP_비용산정_2026-09-10/예산조정_v0.3/검증/문서/01_서비스_정의서/page-3.png","100485","2026-09-10T14:25:46.585Z",".png"
"05_통합사업기획/CCK_TS_AX_정의_RFP_비용산정_2026-09-10/예산조정_v0.3/검증/문서/02_요구사항_정의서/문서.pdf","303243","2026-09-10T14:25:18.310Z",".pdf"
"05_통합사업기획/CCK_TS_AX_정의_RFP_비용산정_2026-09-10/예산조정_v0.3/검증/문서/02_요구사항_정의서/텍스트.txt","5556","2026-09-10T14:25:46.718Z",".txt"
"05_통합사업기획/CCK_TS_AX_정의_RFP_비용산정_2026-09-10/예산조정_v0.3/검증/문서/02_요구사항_정의서/page-1.png","171454","2026-09-10T14:25:46.909Z",".png"
"05_통합사업기획/CCK_TS_AX_정의_RFP_비용산정_2026-09-10/예산조정_v0.3/검증/문서/02_요구사항_정의서/page-2.png","159338","2026-09-10T14:25:46.927Z",".png"
"05_통합사업기획/CCK_TS_AX_정의_RFP_비용산정_2026-09-10/예산조정_v0.3/검증/문서/02_요구사항_정의서/page-3.png","123721","2026-09-10T14:25:46.943Z",".png"
"05_통합사업기획/CCK_TS_AX_정의_RFP_비용산정_2026-09-10/예산조정_v0.3/검증/문서/03_요구사항_명세서/문서.pdf","423907","2026-09-10T14:25:25.261Z",".pdf"
"05_통합사업기획/CCK_TS_AX_정의_RFP_비용산정_2026-09-10/예산조정_v0.3/검증/문서/03_요구사항_명세서/텍스트.txt","28958","2026-09-10T14:25:47.578Z",".txt"
"05_통합사업기획/CCK_TS_AX_정의_RFP_비용산정_2026-09-10/예산조정_v0.3/검증/문서/03_요구사항_명세서/page-1.png","209920","2026-09-10T14:25:47.955Z",".png"
"05_통합사업기획/CCK_TS_AX_정의_RFP_비용산정_2026-09-10/예산조정_v0.3/검증/문서/03_요구사항_명세서/page-10.png","232705","2026-09-10T14:25:48.138Z",".png"
"05_통합사업기획/CCK_TS_AX_정의_RFP_비용산정_2026-09-10/예산조정_v0.3/검증/문서/03_요구사항_명세서/page-11.png","123439","2026-09-10T14:25:48.153Z",".png"
"05_통합사업기획/CCK_TS_AX_정의_RFP_비용산정_2026-09-10/예산조정_v0.3/검증/문서/03_요구사항_명세서/page-2.png","224503","2026-09-10T14:25:47.979Z",".png"
"05_통합사업기획/CCK_TS_AX_정의_RFP_비용산정_2026-09-10/예산조정_v0.3/검증/문서/03_요구사항_명세서/page-3.png","204315","2026-09-10T14:25:48.000Z",".png"
"05_통합사업기획/CCK_TS_AX_정의_RFP_비용산정_2026-09-10/예산조정_v0.3/검증/문서/03_요구사항_명세서/page-4.png","221574","2026-09-10T14:25:48.021Z",".png"
"05_통합사업기획/CCK_TS_AX_정의_RFP_비용산정_2026-09-10/예산조정_v0.3/검증/문서/03_요구사항_명세서/page-5.png","215660","2026-09-10T14:25:48.039Z",".png"
"05_통합사업기획/CCK_TS_AX_정의_RFP_비용산정_2026-09-10/예산조정_v0.3/검증/문서/03_요구사항_명세서/page-6.png","216200","2026-09-10T14:25:48.060Z",".png"
"05_통합사업기획/CCK_TS_AX_정의_RFP_비용산정_2026-09-10/예산조정_v0.3/검증/문서/03_요구사항_명세서/page-7.png","236355","2026-09-10T14:25:48.082Z",".png"
"05_통합사업기획/CCK_TS_AX_정의_RFP_비용산정_2026-09-10/예산조정_v0.3/검증/문서/03_요구사항_명세서/page-8.png","197754","2026-09-10T14:25:48.101Z",".png"
"05_통합사업기획/CCK_TS_AX_정의_RFP_비용산정_2026-09-10/예산조정_v0.3/검증/문서/03_요구사항_명세서/page-9.png","168136","2026-09-10T14:25:48.118Z",".png"
"05_통합사업기획/CCK_TS_AX_정의_RFP_비용산정_2026-09-10/예산조정_v0.3/검증/인프라제약_검증.json","256","2026-09-10T14:28:44.211Z",".json"
"05_통합사업기획/CCK_TS_AX_정의_RFP_비용산정_2026-09-10/예산조정_v0.3/검증/정적검사.json","603","2026-09-10T14:25:48.502Z",".json"
"05_통합사업기획/CCK_TS_AX_정의_RFP_비용산정_2026-09-10/예산조정_v0.3/검증/화면_데스크톱.png","72802","2026-09-10T14:24:59.475Z",".png"
"05_통합사업기획/CCK_TS_AX_정의_RFP_비용산정_2026-09-10/예산조정_v0.3/검증/화면_모바일.png","37215","2026-09-10T14:24:59.823Z",".png"
"05_통합사업기획/CCK_TS_AX_정의_RFP_비용산정_2026-09-10/예산조정_v0.3/검증/화면_예산.png","72983","2026-09-10T14:24:59.756Z",".png"
"05_통합사업기획/CCK_TS_AX_정의_RFP_비용산정_2026-09-10/예산조정_v0.3/검증/Excel_재계산.json","209","2026-09-10T14:25:12.409Z",".json"
"05_통합사업기획/CCK_TS_AX_정의_RFP_비용산정_2026-09-10/예산조정_v0.3/검증/HTML_검증.json","202","2026-09-10T14:24:59.829Z",".json"
"05_통합사업기획/CCK_TS_AX_정의_RFP_비용산정_2026-09-10/예산조정_v0.3/검증/QA_결과.md","2324","2026-09-10T14:28:43.618Z",".md"
"05_통합사업기획/CCK_TS_AX_정의_RFP_비용산정_2026-09-10/예산조정_v0.3/검증/Word_렌더기록.json","487","2026-09-10T14:25:29.677Z",".json"
"05_통합사업기획/CCK_TS_AX_정의_RFP_비용산정_2026-09-10/예산조정_v0.3/outputs/01a085c1-adea-71a1-acf0-ff030613a6bc/CCK_TS_AX_개발_용역비_산정.xlsx","22622","2026-09-10T14:24:23.744Z",".xlsx"
"05_통합사업기획/CCK_TS_AX_정의_RFP_비용산정_2026-09-10/예산조정_v0.3/outputs/01a085c1-adea-71a1-acf0-ff030613a6bc/CCK_TS_AX_개발_용역비_산정.xlsx.inspect.ndjson","281104","2026-09-10T14:24:23.746Z",".ndjson"
"05_통합사업기획/CCK_TS_AX_정의_RFP_비용산정_2026-09-10/예산조정_v0.3/00_산출물_안내.html","52522","2026-09-10T14:24:57.267Z",".html"
"05_통합사업기획/CCK_TS_AX_정의_RFP_비용산정_2026-09-10/예산조정_v0.3/01_서비스_정의서.docx","41432","2026-09-10T14:24:56.977Z",".docx"
"05_통합사업기획/CCK_TS_AX_정의_RFP_비용산정_2026-09-10/예산조정_v0.3/01_서비스_정의서.md","5794","2026-09-10T14:24:56.978Z",".md"
"05_통합사업기획/CCK_TS_AX_정의_RFP_비용산정_2026-09-10/예산조정_v0.3/02_요구사항_정의서.docx","41430","2026-09-10T14:24:57.031Z",".docx"
"05_통합사업기획/CCK_TS_AX_정의_RFP_비용산정_2026-09-10/예산조정_v0.3/02_요구사항_정의서.md","5689","2026-09-10T14:24:57.031Z",".md"
"05_통합사업기획/CCK_TS_AX_정의_RFP_비용산정_2026-09-10/예산조정_v0.3/03_요구사항_명세서.docx","47426","2026-09-10T14:24:57.105Z",".docx"
"05_통합사업기획/CCK_TS_AX_정의_RFP_비용산정_2026-09-10/예산조정_v0.3/03_요구사항_명세서.md","28919","2026-09-10T14:24:57.105Z",".md"
"05_통합사업기획/CCK_TS_AX_정의_RFP_비용산정_2026-09-10/예산조정_v0.3/04_RFP_초안.docx","41682","2026-09-10T14:24:57.156Z",".docx"
"05_통합사업기획/CCK_TS_AX_정의_RFP_비용산정_2026-09-10/예산조정_v0.3/04_RFP_초안.md","6378","2026-09-10T14:24:57.156Z",".md"
"05_통합사업기획/CCK_TS_AX_정의_RFP_비용산정_2026-09-10/예산조정_v0.3/05_비용산정_설명.md","9204","2026-09-10T14:24:57.156Z",".md"
"05_통합사업기획/CCK_TS_AX_정의_RFP_비용산정_2026-09-10/예산조정_v0.3/개정_준비.py","13744","2026-09-10T14:23:40.717Z",".py"
"05_통합사업기획/CCK_TS_AX_정의_RFP_비용산정_2026-09-10/예산조정_v0.3/검증_문서.py","2058","2026-09-10T13:51:56.180Z",".py"
"05_통합사업기획/CCK_TS_AX_정의_RFP_비용산정_2026-09-10/예산조정_v0.3/검증_안내.mjs","3070","2026-09-11T07:08:29.877Z",".mjs"
"05_통합사업기획/CCK_TS_AX_정의_RFP_비용산정_2026-09-10/예산조정_v0.3/검증_인프라.py","1957","2026-09-10T14:28:43.616Z",".py"
"05_통합사업기획/CCK_TS_AX_정의_RFP_비용산정_2026-09-10/예산조정_v0.3/검증_Excel.ps1","1930","2026-09-10T13:51:56.196Z",".ps1"
"05_통합사업기획/CCK_TS_AX_정의_RFP_비용산정_2026-09-10/예산조정_v0.3/검증_Word.ps1","1288","2026-09-10T13:51:56.171Z",".ps1"
"05_통합사업기획/CCK_TS_AX_정의_RFP_비용산정_2026-09-10/예산조정_v0.3/마무리.py","5334","2026-09-10T14:28:43.617Z",".py"
"05_통합사업기획/CCK_TS_AX_정의_RFP_비용산정_2026-09-10/예산조정_v0.3/사업정의_데이터.json","49397","2026-09-10T14:24:56.920Z",".json"
"05_통합사업기획/CCK_TS_AX_정의_RFP_비용산정_2026-09-10/예산조정_v0.3/요구사항_추적표.csv","7038","2026-09-10T14:24:57.156Z",".csv"
"05_통합사업기획/CCK_TS_AX_정의_RFP_비용산정_2026-09-10/예산조정_v0.3/제작_문서.py","48458","2026-09-10T14:24:56.397Z",".py"
"05_통합사업기획/CCK_TS_AX_정의_RFP_비용산정_2026-09-10/예산조정_v0.3/제작_비용.mjs","19773","2026-09-11T07:08:29.834Z",".mjs"
"05_통합사업기획/CCK_TS_AX_정의_RFP_비용산정_2026-09-10/예산조정_v0.3/제작_안내.py","18427","2026-09-10T14:23:59.858Z",".py"
"05_통합사업기획/CCK_TS_AX_정의_RFP_비용산정_2026-09-10/예산조정_v0.3/CCK_TS_AX_예산조정_패키지.zip","224096","2026-09-10T14:24:57.503Z",".zip"
"05_통합사업기획/CCK_TS_AX_정의_RFP_비용산정_2026-09-10/예산조정_v0.3/PLAN.md","1419","2026-09-10T14:23:59.858Z",".md"
"05_통합사업기획/CCK_TS_AX_정의_RFP_비용산정_2026-09-10/예산조정_v0.3/README.md","3766","2026-09-10T14:24:57.267Z",".md"
"05_통합사업기획/CCK_TS_AX_정의_RFP_비용산정_2026-09-10/공용_실행환경.mjs","1383","2026-09-11T07:08:55.485Z",".mjs"
"05_통합사업기획/TS_22개업무_사업기획_2026-09-14/개별기획서/TS-P01_운수회사 안전점검 개선조치 증빙 검토 지원.md","21912","2026-09-14T13:27:23.548Z",".md"
"05_통합사업기획/TS_22개업무_사업기획_2026-09-14/개별기획서/TS-P01_운수회사 안전점검 개선조치 증빙 검토 지원.html","30574","2026-09-14T13:27:23.625Z",".html"
"05_통합사업기획/TS_22개업무_사업기획_2026-09-14/개별기획서/TS-P02_사업용 운전자 자격 취득 단계별 처리 지원.md","22013","2026-09-14T13:27:23.659Z",".md"
"05_통합사업기획/TS_22개업무_사업기획_2026-09-14/개별기획서/TS-P02_사업용 운전자 자격 취득 단계별 처리 지원.html","30772","2026-09-14T13:27:23.692Z",".html"
"05_통합사업기획/TS_22개업무_사업기획_2026-09-14/개별기획서/TS-P03_위험물질 운송계획·점검 인계 문서 일치 확인.md","21677","2026-09-14T13:27:23.725Z",".md"
"05_통합사업기획/TS_22개업무_사업기획_2026-09-14/개별기획서/TS-P03_위험물질 운송계획·점검 인계 문서 일치 확인.html","30309","2026-09-14T13:27:23.759Z",".html"
"05_통합사업기획/TS_22개업무_사업기획_2026-09-14/개별기획서/TS-P04_철도 안전관리체계 요건·증빙·보완 연결.md","21516","2026-09-14T13:27:23.788Z",".md"
"05_통합사업기획/TS_22개업무_사업기획_2026-09-14/개별기획서/TS-P04_철도 안전관리체계 요건·증빙·보완 연결.html","30136","2026-09-14T13:27:23.819Z",".html"
"05_통합사업기획/TS_22개업무_사업기획_2026-09-14/개별기획서/TS-P05_철도 시험운행·시설평가 보고서 검토 준비.md","21612","2026-09-14T13:27:23.847Z",".md"
"05_통합사업기획/TS_22개업무_사업기획_2026-09-14/개별기획서/TS-P05_철도 시험운행·시설평가 보고서 검토 준비.html","30178","2026-09-14T13:27:23.880Z",".html"
"05_통합사업기획/TS_22개업무_사업기획_2026-09-14/개별기획서/TS-P06_철도안전 자율보고의 보호된 사례화.md","21576","2026-09-14T13:27:23.913Z",".md"
"05_통합사업기획/TS_22개업무_사업기획_2026-09-14/개별기획서/TS-P06_철도안전 자율보고의 보호된 사례화.html","30124","2026-09-14T13:27:23.940Z",".html"
"05_통합사업기획/TS_22개업무_사업기획_2026-09-14/개별기획서/TS-P07_항공 자격 응시 준비자료 점검 지원.md","21337","2026-09-14T13:27:23.969Z",".md"
"05_통합사업기획/TS_22개업무_사업기획_2026-09-14/개별기획서/TS-P07_항공 자격 응시 준비자료 점검 지원.html","29892","2026-09-14T13:27:23.997Z",".html"
"05_통합사업기획/TS_22개업무_사업기획_2026-09-14/개별기획서/TS-P08_항공안전 자율보고 분석·전파 초안 지원.md","21448","2026-09-14T13:27:24.034Z",".md"
"05_통합사업기획/TS_22개업무_사업기획_2026-09-14/개별기획서/TS-P08_항공안전 자율보고 분석·전파 초안 지원.html","30008","2026-09-14T13:27:24.064Z",".html"
"05_통합사업기획/TS_22개업무_사업기획_2026-09-14/개별기획서/TS-P09_드론 기체 변경·말소 신고 준비 지원.md","21180","2026-09-14T13:27:24.098Z",".md"
"05_통합사업기획/TS_22개업무_사업기획_2026-09-14/개별기획서/TS-P09_드론 기체 변경·말소 신고 준비 지원.html","29788","2026-09-14T13:27:24.126Z",".html"
"05_통합사업기획/TS_22개업무_사업기획_2026-09-14/개별기획서/TS-P10_자동차검사 예약 탐색·재검사 후속행동 지원.md","23172","2026-09-14T13:27:24.157Z",".md"
"05_통합사업기획/TS_22개업무_사업기획_2026-09-14/개별기획서/TS-P10_자동차검사 예약 탐색·재검사 후속행동 지원.html","31934","2026-09-14T13:27:24.184Z",".html"
"05_통합사업기획/TS_22개업무_사업기획_2026-09-14/개별기획서/TS-P11_기계식주차장 검사 후 보완 증빙 연결.md","21543","2026-09-14T13:27:24.211Z",".md"
"05_통합사업기획/TS_22개업무_사업기획_2026-09-14/개별기획서/TS-P11_기계식주차장 검사 후 보완 증빙 연결.html","30245","2026-09-14T13:27:24.243Z",".html"
"05_통합사업기획/TS_22개업무_사업기획_2026-09-14/개별기획서/TS-P12_자동차 결함·수리 이력의 사건 정리 지원.md","21782","2026-09-14T13:27:24.275Z",".md"
"05_통합사업기획/TS_22개업무_사업기획_2026-09-14/개별기획서/TS-P12_자동차 결함·수리 이력의 사건 정리 지원.html","30436","2026-09-14T13:27:24.310Z",".html"
"05_통합사업기획/TS_22개업무_사업기획_2026-09-14/개별기획서/TS-P13_자동차 제작자 자기인증 준비·변경 반영 지원.md","21955","2026-09-14T13:27:24.347Z",".md"
"05_통합사업기획/TS_22개업무_사업기획_2026-09-14/개별기획서/TS-P13_자동차 제작자 자기인증 준비·변경 반영 지원.html","30624","2026-09-14T13:27:24.382Z",".html"
"05_통합사업기획/TS_22개업무_사업기획_2026-09-14/개별기획서/TS-P14_미래차 안전기준 변경의 시험·안내 문서 영향 검토.md","21631","2026-09-14T13:27:24.413Z",".md"
"05_통합사업기획/TS_22개업무_사업기획_2026-09-14/개별기획서/TS-P14_미래차 안전기준 변경의 시험·안내 문서 영향 검토.html","30327","2026-09-14T13:27:24.451Z",".html"
"05_통합사업기획/TS_22개업무_사업기획_2026-09-14/개별기획서/TS-P15_전기차 배터리 식별정보 확인 절차 지원.md","21189","2026-09-14T13:27:24.484Z",".md"
"05_통합사업기획/TS_22개업무_사업기획_2026-09-14/개별기획서/TS-P15_전기차 배터리 식별정보 확인 절차 지원.html","29747","2026-09-14T13:27:24.519Z",".html"
"05_통합사업기획/TS_22개업무_사업기획_2026-09-14/개별기획서/TS-P16_공식 운행분석 결과의 안전행동 설명 지원.md","21628","2026-09-14T13:27:24.553Z",".md"
"05_통합사업기획/TS_22개업무_사업기획_2026-09-14/개별기획서/TS-P16_공식 운행분석 결과의 안전행동 설명 지원.html","30290","2026-09-14T13:27:24.586Z",".html"
"05_통합사업기획/TS_22개업무_사업기획_2026-09-14/개별기획서/TS-P17_COSAS 협업 문서 검토 기능 연계.md","21148","2026-09-14T13:27:24.618Z",".md"
"05_통합사업기획/TS_22개업무_사업기획_2026-09-14/개별기획서/TS-P17_COSAS 협업 문서 검토 기능 연계.html","29677","2026-09-14T13:27:24.652Z",".html"
"05_통합사업기획/TS_22개업무_사업기획_2026-09-14/개별기획서/TS-P18_K-패스 이용 등록·처리결과 이해 지원.md","21236","2026-09-14T13:27:24.679Z",".md"
"05_통합사업기획/TS_22개업무_사업기획_2026-09-14/개별기획서/TS-P18_K-패스 이용 등록·처리결과 이해 지원.html","29797","2026-09-14T13:27:24.713Z",".html"
"05_통합사업기획/TS_22개업무_사업기획_2026-09-14/개별기획서/TS-P19_DRT 이용 조건·예약 완료 지원.md","21544","2026-09-14T13:27:24.747Z",".md"
"05_통합사업기획/TS_22개업무_사업기획_2026-09-14/개별기획서/TS-P19_DRT 이용 조건·예약 완료 지원.html","30132","2026-09-14T13:27:24.780Z",".html"
"05_통합사업기획/TS_22개업무_사업기획_2026-09-14/개별기획서/TS-P20_데이터 개방센터 이용·분석 준비 지원.md","21414","2026-09-14T13:27:24.813Z",".md"
"05_통합사업기획/TS_22개업무_사업기획_2026-09-14/개별기획서/TS-P20_데이터 개방센터 이용·분석 준비 지원.html","29968","2026-09-14T13:27:24.851Z",".html"
"05_통합사업기획/TS_22개업무_사업기획_2026-09-14/개별기획서/TS-P21_교통안전 체험교육 전후 실천 지원.md","21609","2026-09-14T13:27:24.893Z",".md"
"05_통합사업기획/TS_22개업무_사업기획_2026-09-14/개별기획서/TS-P21_교통안전 체험교육 전후 실천 지원.html","30245","2026-09-14T13:27:24.922Z",".html"
"05_통합사업기획/TS_22개업무_사업기획_2026-09-14/개별기획서/TS-P22_배달업 이륜차 강사 교안·상황문답 지원.md","21833","2026-09-14T13:27:24.952Z",".md"
"05_통합사업기획/TS_22개업무_사업기획_2026-09-14/개별기획서/TS-P22_배달업 이륜차 강사 교안·상황문답 지원.html","30488","2026-09-14T13:27:24.985Z",".html"
"05_통합사업기획/TS_22개업무_사업기획_2026-09-14/검증/01_통합_데스크톱.png","72077","2026-09-14T13:27:41.573Z",".png"
"05_통합사업기획/TS_22개업무_사업기획_2026-09-14/검증/02_P13_데스크톱.png","65015","2026-09-14T13:27:41.946Z",".png"
"05_통합사업기획/TS_22개업무_사업기획_2026-09-14/검증/03_P13_요구사항.png","77419","2026-09-14T13:27:42.240Z",".png"
"05_통합사업기획/TS_22개업무_사업기획_2026-09-14/검증/04_통합_모바일.png","41287","2026-09-14T13:27:47.005Z",".png"
"05_통합사업기획/TS_22개업무_사업기획_2026-09-14/검증/05_통합_모바일_필터.png","24451","2026-09-14T13:27:47.196Z",".png"
"05_통합사업기획/TS_22개업무_사업기획_2026-09-14/검증/06_P13_모바일.png","34797","2026-09-14T13:27:47.320Z",".png"
"05_통합사업기획/TS_22개업무_사업기획_2026-09-14/검증/자동검증_결과.json","21521","2026-09-14T13:27:48.368Z",".json"
"05_통합사업기획/TS_22개업무_사업기획_2026-09-14/검증/검증.cjs","7953","2026-09-14T13:27:01.542Z",".cjs"
"05_통합사업기획/TS_22개업무_사업기획_2026-09-14/검증/안내_원장_연결검증.json","414","2026-09-14T13:32:07.666Z",".json"
"05_통합사업기획/TS_22개업무_사업기획_2026-09-14/01_공통_수행설계.md","12543","2026-09-14T13:27:25.020Z",".md"
"05_통합사업기획/TS_22개업무_사업기획_2026-09-14/01_공통_수행설계.html","18129","2026-09-14T13:27:25.054Z",".html"
"05_통합사업기획/TS_22개업무_사업기획_2026-09-14/00_사업기획_통합보기.md","15510","2026-09-14T13:27:25.089Z",".md"
"05_통합사업기획/TS_22개업무_사업기획_2026-09-14/00_사업기획_통합보기.html","29686","2026-09-14T13:27:25.123Z",".html"
"05_통합사업기획/TS_22개업무_사업기획_2026-09-14/근거원장.json","29006","2026-09-14T13:27:25.166Z",".json"
"05_통합사업기획/TS_22개업무_사업기획_2026-09-14/02_업무별_확인원장.json","23347","2026-09-14T13:27:25.203Z",".json"
"05_통합사업기획/TS_22개업무_사업기획_2026-09-14/03_사업기획_원장.json","64645","2026-09-14T13:27:25.237Z",".json"
"05_통합사업기획/TS_22개업무_사업기획_2026-09-14/04_요구사항_추적표.json","47187","2026-09-14T13:27:25.269Z",".json"
"05_통합사업기획/TS_22개업무_사업기획_2026-09-14/05_후속확인_대기열.md","4780","2026-09-14T13:27:25.302Z",".md"
"05_통합사업기획/TS_22개업무_사업기획_2026-09-14/검증기록.md","4938","2026-09-14T13:32:07.586Z",".md"
"05_통합사업기획/TS_22개업무_사업기획_2026-09-14/README.md","976","2026-09-15T02:27:51.341Z",".md"
"05_통합사업기획/TS_22개업무_사업기획_2026-09-14/ts22_plan_data.cjs","42191","2026-09-14T08:52:41.875Z",".cjs"
"05_통합사업기획/TS_22개업무_사업기획_2026-09-14/ts22_plan_build.cjs","42817","2026-09-14T13:27:23.214Z",".cjs"
"05_통합사업기획/TS_22개업무_사업기획_2026-09-15_v0.2/개별기획서/TS-P01_운수회사 안전점검 개선조치 증빙 검토 지원.md","24639","2026-09-15T02:26:03.688Z",".md"
"05_통합사업기획/TS_22개업무_사업기획_2026-09-15_v0.2/개별기획서/TS-P01_운수회사 안전점검 개선조치 증빙 검토 지원.html","34142","2026-09-15T02:26:03.742Z",".html"
"05_통합사업기획/TS_22개업무_사업기획_2026-09-15_v0.2/개별기획서/TS-P02_사업용 운전자 자격 취득 단계별 처리 지원.md","24751","2026-09-15T02:26:04.725Z",".md"
"05_통합사업기획/TS_22개업무_사업기획_2026-09-15_v0.2/개별기획서/TS-P02_사업용 운전자 자격 취득 단계별 처리 지원.html","34351","2026-09-15T02:26:04.744Z",".html"
"05_통합사업기획/TS_22개업무_사업기획_2026-09-15_v0.2/개별기획서/TS-P03_위험물질 운송계획·점검 인계 문서 일치 확인.md","24174","2026-09-15T02:26:05.462Z",".md"
"05_통합사업기획/TS_22개업무_사업기획_2026-09-15_v0.2/개별기획서/TS-P03_위험물질 운송계획·점검 인계 문서 일치 확인.html","33647","2026-09-15T02:26:05.478Z",".html"
"05_통합사업기획/TS_22개업무_사업기획_2026-09-15_v0.2/개별기획서/TS-P04_철도 안전관리체계 요건·증빙·보완 연결.md","24076","2026-09-15T02:26:06.252Z",".md"
"05_통합사업기획/TS_22개업무_사업기획_2026-09-15_v0.2/개별기획서/TS-P04_철도 안전관리체계 요건·증빙·보완 연결.html","33537","2026-09-15T02:26:06.281Z",".html"
"05_통합사업기획/TS_22개업무_사업기획_2026-09-15_v0.2/개별기획서/TS-P05_철도 시험운행·시설평가 보고서 검토 준비.md","24190","2026-09-15T02:26:07.158Z",".md"
"05_통합사업기획/TS_22개업무_사업기획_2026-09-15_v0.2/개별기획서/TS-P05_철도 시험운행·시설평가 보고서 검토 준비.html","33597","2026-09-15T02:26:07.172Z",".html"
"05_통합사업기획/TS_22개업무_사업기획_2026-09-15_v0.2/개별기획서/TS-P06_철도안전 자율보고의 보호된 사례화.md","24291","2026-09-15T02:26:07.916Z",".md"
"05_통합사업기획/TS_22개업무_사업기획_2026-09-15_v0.2/개별기획서/TS-P06_철도안전 자율보고의 보호된 사례화.html","33680","2026-09-15T02:26:07.934Z",".html"
"05_통합사업기획/TS_22개업무_사업기획_2026-09-15_v0.2/개별기획서/TS-P07_항공 자격 응시 준비자료 점검 지원.md","23854","2026-09-15T02:26:08.630Z",".md"
"05_통합사업기획/TS_22개업무_사업기획_2026-09-15_v0.2/개별기획서/TS-P07_항공 자격 응시 준비자료 점검 지원.html","33250","2026-09-15T02:26:08.642Z",".html"
"05_통합사업기획/TS_22개업무_사업기획_2026-09-15_v0.2/개별기획서/TS-P08_항공안전 자율보고 분석·전파 초안 지원.md","24086","2026-09-15T02:26:09.358Z",".md"
"05_통합사업기획/TS_22개업무_사업기획_2026-09-15_v0.2/개별기획서/TS-P08_항공안전 자율보고 분석·전파 초안 지원.html","33487","2026-09-15T02:26:09.371Z",".html"
"05_통합사업기획/TS_22개업무_사업기획_2026-09-15_v0.2/개별기획서/TS-P09_드론 기체 변경·말소 신고 준비 지원.md","23994","2026-09-15T02:26:11.857Z",".md"
"05_통합사업기획/TS_22개업무_사업기획_2026-09-15_v0.2/개별기획서/TS-P09_드론 기체 변경·말소 신고 준비 지원.html","33443","2026-09-15T02:26:11.871Z",".html"
"05_통합사업기획/TS_22개업무_사업기획_2026-09-15_v0.2/개별기획서/TS-P10_자동차검사 예약 탐색·재검사 후속행동 지원.md","25885","2026-09-15T02:26:12.662Z",".md"
"05_통합사업기획/TS_22개업무_사업기획_2026-09-15_v0.2/개별기획서/TS-P10_자동차검사 예약 탐색·재검사 후속행동 지원.html","35488","2026-09-15T02:26:12.673Z",".html"
"05_통합사업기획/TS_22개업무_사업기획_2026-09-15_v0.2/개별기획서/TS-P11_기계식주차장 검사 후 보완 증빙 연결.md","24075","2026-09-15T02:26:13.387Z",".md"
"05_통합사업기획/TS_22개업무_사업기획_2026-09-15_v0.2/개별기획서/TS-P11_기계식주차장 검사 후 보완 증빙 연결.html","33618","2026-09-15T02:26:13.401Z",".html"
"05_통합사업기획/TS_22개업무_사업기획_2026-09-15_v0.2/개별기획서/TS-P12_자동차 결함·수리 이력의 사건 정리 지원.md","24409","2026-09-15T02:26:14.130Z",".md"
"05_통합사업기획/TS_22개업무_사업기획_2026-09-15_v0.2/개별기획서/TS-P12_자동차 결함·수리 이력의 사건 정리 지원.html","33904","2026-09-15T02:26:14.141Z",".html"
"05_통합사업기획/TS_22개업무_사업기획_2026-09-15_v0.2/개별기획서/TS-P13_자동차 제작자 자기인증 준비·변경 반영 지원.md","24736","2026-09-15T02:26:14.816Z",".md"
"05_통합사업기획/TS_22개업무_사업기획_2026-09-15_v0.2/개별기획서/TS-P13_자동차 제작자 자기인증 준비·변경 반영 지원.html","34246","2026-09-15T02:26:14.829Z",".html"
"05_통합사업기획/TS_22개업무_사업기획_2026-09-15_v0.2/개별기획서/TS-P14_미래차 안전기준 변경의 시험·안내 문서 영향 검토.md","24271","2026-09-15T02:26:15.606Z",".md"
"05_통합사업기획/TS_22개업무_사업기획_2026-09-15_v0.2/개별기획서/TS-P14_미래차 안전기준 변경의 시험·안내 문서 영향 검토.html","33808","2026-09-15T02:26:15.617Z",".html"
"05_통합사업기획/TS_22개업무_사업기획_2026-09-15_v0.2/개별기획서/TS-P15_전기차 배터리 식별정보 확인 절차 지원.md","23992","2026-09-15T02:26:16.392Z",".md"
"05_통합사업기획/TS_22개업무_사업기획_2026-09-15_v0.2/개별기획서/TS-P15_전기차 배터리 식별정보 확인 절차 지원.html","33391","2026-09-15T02:26:16.410Z",".html"
"05_통합사업기획/TS_22개업무_사업기획_2026-09-15_v0.2/개별기획서/TS-P16_공식 운행분석 결과의 안전행동 설명 지원.md","24262","2026-09-15T02:26:17.088Z",".md"
"05_통합사업기획/TS_22개업무_사업기획_2026-09-15_v0.2/개별기획서/TS-P16_공식 운행분석 결과의 안전행동 설명 지원.html","33765","2026-09-15T02:26:17.099Z",".html"
"05_통합사업기획/TS_22개업무_사업기획_2026-09-15_v0.2/개별기획서/TS-P17_COSAS 협업 문서 검토 기능 연계.md","23834","2026-09-15T02:26:17.782Z",".md"
"05_통합사업기획/TS_22개업무_사업기획_2026-09-15_v0.2/개별기획서/TS-P17_COSAS 협업 문서 검토 기능 연계.html","33204","2026-09-15T02:26:17.809Z",".html"
"05_통합사업기획/TS_22개업무_사업기획_2026-09-15_v0.2/개별기획서/TS-P18_K-패스 이용 등록·처리결과 이해 지원.md","23949","2026-09-15T02:26:18.573Z",".md"
"05_통합사업기획/TS_22개업무_사업기획_2026-09-15_v0.2/개별기획서/TS-P18_K-패스 이용 등록·처리결과 이해 지원.html","33351","2026-09-15T02:26:18.588Z",".html"
"05_통합사업기획/TS_22개업무_사업기획_2026-09-15_v0.2/개별기획서/TS-P19_DRT 이용 조건·예약 완료 지원.md","24192","2026-09-15T02:26:19.300Z",".md"
"05_통합사업기획/TS_22개업무_사업기획_2026-09-15_v0.2/개별기획서/TS-P19_DRT 이용 조건·예약 완료 지원.html","33621","2026-09-15T02:26:19.309Z",".html"
"05_통합사업기획/TS_22개업무_사업기획_2026-09-15_v0.2/개별기획서/TS-P20_데이터 개방센터 이용·분석 준비 지원.md","24195","2026-09-15T02:26:20.012Z",".md"
"05_통합사업기획/TS_22개업무_사업기획_2026-09-15_v0.2/개별기획서/TS-P20_데이터 개방센터 이용·분석 준비 지원.html","33590","2026-09-15T02:26:20.022Z",".html"
"05_통합사업기획/TS_22개업무_사업기획_2026-09-15_v0.2/개별기획서/TS-P21_교통안전 체험교육 전후 실천 지원.md","24269","2026-09-15T02:26:20.722Z",".md"
"05_통합사업기획/TS_22개업무_사업기획_2026-09-15_v0.2/개별기획서/TS-P21_교통안전 체험교육 전후 실천 지원.html","33746","2026-09-15T02:26:20.735Z",".html"
"05_통합사업기획/TS_22개업무_사업기획_2026-09-15_v0.2/개별기획서/TS-P22_배달업 이륜차 강사 교안·상황문답 지원.md","24468","2026-09-15T02:26:21.399Z",".md"
"05_통합사업기획/TS_22개업무_사업기획_2026-09-15_v0.2/개별기획서/TS-P22_배달업 이륜차 강사 교안·상황문답 지원.html","33964","2026-09-15T02:26:21.408Z",".html"
"05_통합사업기획/TS_22개업무_사업기획_2026-09-15_v0.2/검증/01_통합_데스크톱.png","71339","2026-09-15T02:28:02.039Z",".png"
"05_통합사업기획/TS_22개업무_사업기획_2026-09-15_v0.2/검증/02_P13_데스크톱.png","67951","2026-09-15T02:28:02.311Z",".png"
"05_통합사업기획/TS_22개업무_사업기획_2026-09-15_v0.2/검증/03_P13_요구사항.png","74119","2026-09-15T02:28:02.557Z",".png"
"05_통합사업기획/TS_22개업무_사업기획_2026-09-15_v0.2/검증/04_통합_모바일.png","32015","2026-09-15T02:28:05.954Z",".png"
"05_통합사업기획/TS_22개업무_사업기획_2026-09-15_v0.2/검증/05_통합_모바일_필터.png","21177","2026-09-15T02:28:06.129Z",".png"
"05_통합사업기획/TS_22개업무_사업기획_2026-09-15_v0.2/검증/06_P13_모바일.png","32093","2026-09-15T02:28:06.252Z",".png"
"05_통합사업기획/TS_22개업무_사업기획_2026-09-15_v0.2/검증/07_중복검토_데스크톱.png","71435","2026-09-15T02:28:06.704Z",".png"
"05_통합사업기획/TS_22개업무_사업기획_2026-09-15_v0.2/검증/08_주요관계_데스크톱.png","89970","2026-09-15T02:28:06.887Z",".png"
"05_통합사업기획/TS_22개업무_사업기획_2026-09-15_v0.2/검증/09_중복검토_모바일.png","36625","2026-09-15T02:28:06.969Z",".png"
"05_통합사업기획/TS_22개업무_사업기획_2026-09-15_v0.2/검증/자동검증_결과.json","22754","2026-09-15T02:28:07.529Z",".json"
"05_통합사업기획/TS_22개업무_사업기획_2026-09-15_v0.2/검증/기준_연결_검증.json","1996","2026-09-15T02:31:19.178Z",".json"
"05_통합사업기획/TS_22개업무_사업기획_2026-09-15_v0.2/검증/검증.cjs","9448","2026-09-15T02:27:51.453Z",".cjs"
"05_통합사업기획/TS_22개업무_사업기획_2026-09-15_v0.2/기준_변경전/AGENTS.md","3455","2026-09-09T07:37:42.466Z",".md"
"05_통합사업기획/TS_22개업무_사업기획_2026-09-15_v0.2/기준_변경전/README.md","21399","2026-09-14T13:32:07.427Z",".md"
"05_통합사업기획/TS_22개업무_사업기획_2026-09-15_v0.2/기준_변경전/00_기획지침/신규사업_범위와_중복배제.md","8495","2026-09-10T06:27:50.694Z",".md"
"05_통합사업기획/TS_22개업무_사업기획_2026-09-15_v0.2/기준_변경전/00_기획지침/TS_신규사업기획_지침.md","10651","2026-09-10T06:13:30.071Z",".md"
"05_통합사업기획/TS_22개업무_사업기획_2026-09-15_v0.2/기준_변경전/00_기획지침/CCK_로컬LLM_적용범위.md","15169","2026-09-10T14:28:43.984Z",".md"
"05_통합사업기획/TS_22개업무_사업기획_2026-09-15_v0.2/기준_변경전/00_기획지침/국민체감형_AX_선정기준.md","4545","2026-09-10T06:13:30.073Z",".md"
"05_통합사업기획/TS_22개업무_사업기획_2026-09-15_v0.2/기준_변경전/04_기관리서치/기관업무_원장.json","8068","2026-09-14T13:32:07.564Z",".json"
"05_통합사업기획/TS_22개업무_사업기획_2026-09-15_v0.2/기준_변경전/04_기관리서치/한국교통안전공단_심층조사_2026-09-11/README.md","1657","2026-09-14T13:32:07.459Z",".md"
"05_통합사업기획/TS_22개업무_사업기획_2026-09-15_v0.2/기준_변경전/02_사업기획서/사업기획서_작성양식.md","7888","2026-09-09T07:45:05.101Z",".md"
"05_통합사업기획/TS_22개업무_사업기획_2026-09-15_v0.2/기준_변경전/03_검토결과/검토_체크리스트.md","3754","2026-09-09T07:45:05.102Z",".md"
"05_통합사업기획/TS_22개업무_사업기획_2026-09-15_v0.2/기준_변경전/05_통합사업기획/TS_22개업무_사업기획_2026-09-14/README.md","726","2026-09-14T13:27:25.372Z",".md"
"05_통합사업기획/TS_22개업무_사업기획_2026-09-15_v0.2/00_중복검토_및_AI추가적용.md","20428","2026-09-15T02:26:21.418Z",".md"
"05_통합사업기획/TS_22개업무_사업기획_2026-09-15_v0.2/00_중복검토_및_AI추가적용.html","30313","2026-09-15T02:26:21.440Z",".html"
"05_통합사업기획/TS_22개업무_사업기획_2026-09-15_v0.2/00_사업기획_통합보기.md","11617","2026-09-15T02:26:21.452Z",".md"
"05_통합사업기획/TS_22개업무_사업기획_2026-09-15_v0.2/00_사업기획_통합보기.html","25357","2026-09-15T02:26:21.463Z",".html"
"05_통합사업기획/TS_22개업무_사업기획_2026-09-15_v0.2/01_공통_수행설계.md","6052","2026-09-15T02:26:21.474Z",".md"
"05_통합사업기획/TS_22개업무_사업기획_2026-09-15_v0.2/01_공통_수행설계.html","10290","2026-09-15T02:26:21.487Z",".html"
"05_통합사업기획/TS_22개업무_사업기획_2026-09-15_v0.2/06_기획간_전체비교.md","68292","2026-09-15T02:26:21.499Z",".md"
"05_통합사업기획/TS_22개업무_사업기획_2026-09-15_v0.2/06_기획간_전체비교.json","161740","2026-09-15T02:26:21.511Z",".json"
"05_통합사업기획/TS_22개업무_사업기획_2026-09-15_v0.2/07_AI추가적용_재판정.json","17620","2026-09-15T02:26:21.524Z",".json"
"05_통합사업기획/TS_22개업무_사업기획_2026-09-15_v0.2/03_사업기획_원장.json","77491","2026-09-15T02:26:21.537Z",".json"
"05_통합사업기획/TS_22개업무_사업기획_2026-09-15_v0.2/02_업무별_확인원장.json","23528","2026-09-15T02:26:22.254Z",".json"
"05_통합사업기획/TS_22개업무_사업기획_2026-09-15_v0.2/04_요구사항_추적표.json","47368","2026-09-15T02:26:23.128Z",".json"
"05_통합사업기획/TS_22개업무_사업기획_2026-09-15_v0.2/05_후속확인_대기열.md","5761","2026-09-15T02:26:23.137Z",".md"
"05_통합사업기획/TS_22개업무_사업기획_2026-09-15_v0.2/근거원장.json","30553","2026-09-15T02:26:23.147Z",".json"
"05_통합사업기획/TS_22개업무_사업기획_2026-09-15_v0.2/README.md","770","2026-09-15T02:26:23.157Z",".md"
"05_통합사업기획/TS_22개업무_사업기획_2026-09-15_v0.2/검증기록.md","3977","2026-09-15T02:31:19.192Z",".md"
"05_통합사업기획/TS_22개업무_사업기획_2026-09-15_v0.2/ts22_v02_data.cjs","12869","2026-09-15T02:16:57.688Z",".cjs"
"05_통합사업기획/TS_22개업무_사업기획_2026-09-15_v0.2/ts22_v02_build.cjs","29287","2026-09-15T02:22:10.486Z",".cjs"
"05_통합사업기획/TS_22개업무_사업기획_2026-09-15_v0.2/변경파일_기록.json","927","2026-09-15T02:27:51.356Z",".json"
"05_통합사업기획/TS_22개업무_고도화보고서_2026-09-15/개별보고서/TS-P01_고도화보고서.md","24673","2026-09-15T03:59:22.936Z",".md"
"05_통합사업기획/TS_22개업무_고도화보고서_2026-09-15/개별보고서/TS-P01_고도화보고서.html","39283","2026-09-15T03:59:22.996Z",".html"
"05_통합사업기획/TS_22개업무_고도화보고서_2026-09-15/개별보고서/TS-P02_고도화보고서.md","24312","2026-09-15T03:59:23.046Z",".md"
"05_통합사업기획/TS_22개업무_고도화보고서_2026-09-15/개별보고서/TS-P02_고도화보고서.html","38959","2026-09-15T03:59:23.071Z",".html"
"05_통합사업기획/TS_22개업무_고도화보고서_2026-09-15/개별보고서/TS-P03_고도화보고서.md","23904","2026-09-15T03:59:23.087Z",".md"
"05_통합사업기획/TS_22개업무_고도화보고서_2026-09-15/개별보고서/TS-P03_고도화보고서.html","38518","2026-09-15T03:59:23.105Z",".html"
"05_통합사업기획/TS_22개업무_고도화보고서_2026-09-15/개별보고서/TS-P04_고도화보고서.md","23996","2026-09-15T03:59:23.161Z",".md"
"05_통합사업기획/TS_22개업무_고도화보고서_2026-09-15/개별보고서/TS-P04_고도화보고서.html","38598","2026-09-15T03:59:23.189Z",".html"
"05_통합사업기획/TS_22개업무_고도화보고서_2026-09-15/개별보고서/TS-P05_고도화보고서.md","23549","2026-09-15T03:59:23.207Z",".md"
"05_통합사업기획/TS_22개업무_고도화보고서_2026-09-15/개별보고서/TS-P05_고도화보고서.html","38114","2026-09-15T03:59:23.226Z",".html"
"05_통합사업기획/TS_22개업무_고도화보고서_2026-09-15/개별보고서/TS-P06_고도화보고서.md","23698","2026-09-15T03:59:23.244Z",".md"
"05_통합사업기획/TS_22개업무_고도화보고서_2026-09-15/개별보고서/TS-P06_고도화보고서.html","38245","2026-09-15T03:59:23.262Z",".html"
"05_통합사업기획/TS_22개업무_고도화보고서_2026-09-15/개별보고서/TS-P07_고도화보고서.md","23290","2026-09-15T03:59:23.280Z",".md"
"05_통합사업기획/TS_22개업무_고도화보고서_2026-09-15/개별보고서/TS-P07_고도화보고서.html","37835","2026-09-15T03:59:23.300Z",".html"
"05_통합사업기획/TS_22개업무_고도화보고서_2026-09-15/개별보고서/TS-P08_고도화보고서.md","23643","2026-09-15T03:59:23.317Z",".md"
"05_통합사업기획/TS_22개업무_고도화보고서_2026-09-15/개별보고서/TS-P08_고도화보고서.html","38202","2026-09-15T03:59:23.335Z",".html"
"05_통합사업기획/TS_22개업무_고도화보고서_2026-09-15/개별보고서/TS-P09_고도화보고서.md","23764","2026-09-15T03:59:23.352Z",".md"
"05_통합사업기획/TS_22개업무_고도화보고서_2026-09-15/개별보고서/TS-P09_고도화보고서.html","38354","2026-09-15T03:59:23.371Z",".html"
"05_통합사업기획/TS_22개업무_고도화보고서_2026-09-15/개별보고서/TS-P10_고도화보고서.md","25563","2026-09-15T03:59:23.387Z",".md"
"05_통합사업기획/TS_22개업무_고도화보고서_2026-09-15/개별보고서/TS-P10_고도화보고서.html","40216","2026-09-15T03:59:23.406Z",".html"
"05_통합사업기획/TS_22개업무_고도화보고서_2026-09-15/개별보고서/TS-P11_고도화보고서.md","23939","2026-09-15T03:59:23.434Z",".md"
"05_통합사업기획/TS_22개업무_고도화보고서_2026-09-15/개별보고서/TS-P11_고도화보고서.html","38572","2026-09-15T03:59:23.452Z",".html"
"05_통합사업기획/TS_22개업무_고도화보고서_2026-09-15/개별보고서/TS-P12_고도화보고서.md","23991","2026-09-15T03:59:23.469Z",".md"
"05_통합사업기획/TS_22개업무_고도화보고서_2026-09-15/개별보고서/TS-P12_고도화보고서.html","38593","2026-09-15T03:59:23.487Z",".html"
"05_통합사업기획/TS_22개업무_고도화보고서_2026-09-15/개별보고서/TS-P13_고도화보고서.md","24064","2026-09-15T03:59:23.505Z",".md"
"05_통합사업기획/TS_22개업무_고도화보고서_2026-09-15/개별보고서/TS-P13_고도화보고서.html","38678","2026-09-15T03:59:23.523Z",".html"
"05_통합사업기획/TS_22개업무_고도화보고서_2026-09-15/개별보고서/TS-P14_고도화보고서.md","23798","2026-09-15T03:59:23.540Z",".md"
"05_통합사업기획/TS_22개업무_고도화보고서_2026-09-15/개별보고서/TS-P14_고도화보고서.html","38430","2026-09-15T03:59:23.555Z",".html"
"05_통합사업기획/TS_22개업무_고도화보고서_2026-09-15/개별보고서/TS-P15_고도화보고서.md","23464","2026-09-15T03:59:23.572Z",".md"
"05_통합사업기획/TS_22개업무_고도화보고서_2026-09-15/개별보고서/TS-P15_고도화보고서.html","38021","2026-09-15T03:59:23.588Z",".html"
"05_통합사업기획/TS_22개업무_고도화보고서_2026-09-15/개별보고서/TS-P16_고도화보고서.md","23806","2026-09-15T03:59:23.603Z",".md"
"05_통합사업기획/TS_22개업무_고도화보고서_2026-09-15/개별보고서/TS-P16_고도화보고서.html","38410","2026-09-15T03:59:23.619Z",".html"
"05_통합사업기획/TS_22개업무_고도화보고서_2026-09-15/개별보고서/TS-P17_고도화보고서.md","23182","2026-09-15T03:59:23.634Z",".md"
"05_통합사업기획/TS_22개업무_고도화보고서_2026-09-15/개별보고서/TS-P17_고도화보고서.html","37713","2026-09-15T03:59:23.659Z",".html"
"05_통합사업기획/TS_22개업무_고도화보고서_2026-09-15/개별보고서/TS-P18_고도화보고서.md","23452","2026-09-15T03:59:23.674Z",".md"
"05_통합사업기획/TS_22개업무_고도화보고서_2026-09-15/개별보고서/TS-P18_고도화보고서.html","38003","2026-09-15T03:59:23.690Z",".html"
"05_통합사업기획/TS_22개업무_고도화보고서_2026-09-15/개별보고서/TS-P19_고도화보고서.md","24368","2026-09-15T03:59:23.706Z",".md"
"05_통합사업기획/TS_22개업무_고도화보고서_2026-09-15/개별보고서/TS-P19_고도화보고서.html","38938","2026-09-15T03:59:23.722Z",".html"
"05_통합사업기획/TS_22개업무_고도화보고서_2026-09-15/개별보고서/TS-P20_고도화보고서.md","23749","2026-09-15T03:59:23.737Z",".md"
"05_통합사업기획/TS_22개업무_고도화보고서_2026-09-15/개별보고서/TS-P20_고도화보고서.html","38302","2026-09-15T03:59:23.756Z",".html"
"05_통합사업기획/TS_22개업무_고도화보고서_2026-09-15/개별보고서/TS-P21_고도화보고서.md","23770","2026-09-15T03:59:23.771Z",".md"
"05_통합사업기획/TS_22개업무_고도화보고서_2026-09-15/개별보고서/TS-P21_고도화보고서.html","38354","2026-09-15T03:59:23.786Z",".html"
"05_통합사업기획/TS_22개업무_고도화보고서_2026-09-15/개별보고서/TS-P22_고도화보고서.md","23943","2026-09-15T03:59:23.804Z",".md"
"05_통합사업기획/TS_22개업무_고도화보고서_2026-09-15/개별보고서/TS-P22_고도화보고서.html","38543","2026-09-15T03:59:23.823Z",".html"
"05_통합사업기획/TS_22개업무_고도화보고서_2026-09-15/검증/01_통합_데스크톱.png","69962","2026-09-15T03:59:35.298Z",".png"
"05_통합사업기획/TS_22개업무_고도화보고서_2026-09-15/검증/02_검색_모바일.png","30099","2026-09-15T03:59:35.663Z",".png"
"05_통합사업기획/TS_22개업무_고도화보고서_2026-09-15/검증/03_P10_데스크톱.png","77164","2026-09-15T03:59:37.804Z",".png"
"05_통합사업기획/TS_22개업무_고도화보고서_2026-09-15/검증/04_P10_요구사항.png","91782","2026-09-15T03:59:38.040Z",".png"
"05_통합사업기획/TS_22개업무_고도화보고서_2026-09-15/검증/05_P10_모바일표.png","37602","2026-09-15T03:59:38.148Z",".png"
"05_통합사업기획/TS_22개업무_고도화보고서_2026-09-15/검증/06_공통_예산산식.png","106982","2026-09-15T03:59:38.389Z",".png"
"05_통합사업기획/TS_22개업무_고도화보고서_2026-09-15/검증/자동검증_결과.json","22753","2026-09-15T04:02:07.532Z",".json"
"05_통합사업기획/TS_22개업무_고도화보고서_2026-09-15/검증/07_목차_모바일도착.png","41613","2026-09-15T03:59:37.486Z",".png"
"05_통합사업기획/TS_22개업무_고도화보고서_2026-09-15/작성자료/ts_enhance_data.cjs","35271","2026-09-15T03:36:19.097Z",".cjs"
"05_통합사업기획/TS_22개업무_고도화보고서_2026-09-15/작성자료/ts_enhance_data2.cjs","34853","2026-09-15T03:41:10.962Z",".cjs"
"05_통합사업기획/TS_22개업무_고도화보고서_2026-09-15/작성자료/ts_enhance_build.cjs","57021","2026-09-15T03:59:22.716Z",".cjs"
"05_통합사업기획/TS_22개업무_고도화보고서_2026-09-15/작성자료/ts_enhance_qa.cjs","9503","2026-09-15T03:59:22.717Z",".cjs"
"05_통합사업기획/TS_22개업무_고도화보고서_2026-09-15/작성자료/ts_enhance_finish.cjs","8364","2026-09-15T04:01:46.804Z",".cjs"
"05_통합사업기획/TS_22개업무_고도화보고서_2026-09-15/01_공통설계_추진계획_비용산정.md","27285","2026-09-15T03:59:23.844Z",".md"
"05_통합사업기획/TS_22개업무_고도화보고서_2026-09-15/01_공통설계_추진계획_비용산정.html","40410","2026-09-15T03:59:23.863Z",".html"
"05_통합사업기획/TS_22개업무_고도화보고서_2026-09-15/00_고도화보고서_통합보기.md","32368","2026-09-15T06:25:57.224Z",".md"
"05_통합사업기획/TS_22개업무_고도화보고서_2026-09-15/00_고도화보고서_통합보기.html","42686","2026-09-15T06:25:56.531Z",".html"
"05_통합사업기획/TS_22개업무_고도화보고서_2026-09-15/02_고도화보고서_원장.json","248381","2026-09-15T03:59:23.935Z",".json"
"05_통합사업기획/TS_22개업무_고도화보고서_2026-09-15/03_요구사항_시험추적.json","203176","2026-09-15T03:59:23.952Z",".json"
"05_통합사업기획/TS_22개업무_고도화보고서_2026-09-15/04_작업분해_공수원장.json","37042","2026-09-15T03:59:23.968Z",".json"
"05_통합사업기획/TS_22개업무_고도화보고서_2026-09-15/근거원장.json","31604","2026-09-15T03:59:23.983Z",".json"
"05_통합사업기획/TS_22개업무_고도화보고서_2026-09-15/README.md","8154","2026-09-15T03:59:24.000Z",".md"
"05_통합사업기획/TS_22개업무_고도화보고서_2026-09-15/검증기록.md","4335","2026-09-15T04:02:07.511Z",".md"
"05_통합사업기획/TS_22개업무_고도화보고서_2026-09-15/기준_변경전/README.md","22212","2026-09-15T04:02:07.462Z",".md"
"05_통합사업기획/TS_22개업무_고도화보고서_2026-09-15/변경파일_기록.json","12499","2026-09-15T04:02:09.700Z",".json"
"05_통합사업기획/TS_업무별_상세설계_산정_2026-09-15/업무/TS-P01/concept.svg","6282","2026-09-15T05:50:09.386Z",".svg"
"05_통합사업기획/TS_업무별_상세설계_산정_2026-09-15/업무/TS-P01/architecture.svg","7338","2026-09-15T05:50:09.407Z",".svg"
"05_통합사업기획/TS_업무별_상세설계_산정_2026-09-15/업무/TS-P01/user.svg","7213","2026-09-15T05:50:09.424Z",".svg"
"05_통합사업기획/TS_업무별_상세설계_산정_2026-09-15/업무/TS-P01/data.svg","6756","2026-09-15T05:50:09.446Z",".svg"
"05_통합사업기획/TS_업무별_상세설계_산정_2026-09-15/업무/TS-P01/01_서비스_컨셉.md","4648","2026-09-15T05:41:10.648Z",".md"
"05_통합사업기획/TS_업무별_상세설계_산정_2026-09-15/업무/TS-P01/01_서비스_컨셉.html","8646","2026-09-15T05:41:10.693Z",".html"
"05_통합사업기획/TS_업무별_상세설계_산정_2026-09-15/업무/TS-P01/02_전체_아키텍처.md","5662","2026-09-15T05:41:10.722Z",".md"
"05_통합사업기획/TS_업무별_상세설계_산정_2026-09-15/업무/TS-P01/02_전체_아키텍처.html","9749","2026-09-15T05:41:10.752Z",".html"
"05_통합사업기획/TS_업무별_상세설계_산정_2026-09-15/업무/TS-P01/03_사용자_흐름.md","5410","2026-09-15T05:41:10.781Z",".md"
"05_통합사업기획/TS_업무별_상세설계_산정_2026-09-15/업무/TS-P01/03_사용자_흐름.html","9733","2026-09-15T05:41:10.809Z",".html"
"05_통합사업기획/TS_업무별_상세설계_산정_2026-09-15/업무/TS-P01/04_데이터_흐름.md","4743","2026-09-15T05:41:10.837Z",".md"
"05_통합사업기획/TS_업무별_상세설계_산정_2026-09-15/업무/TS-P01/04_데이터_흐름.html","8939","2026-09-15T05:41:10.865Z",".html"
"05_통합사업기획/TS_업무별_상세설계_산정_2026-09-15/업무/TS-P01/05_요구사항_검수.md","7494","2026-09-15T05:41:10.893Z",".md"
"05_통합사업기획/TS_업무별_상세설계_산정_2026-09-15/업무/TS-P01/05_요구사항_검수.html","11504","2026-09-15T05:41:10.923Z",".html"
"05_통합사업기획/TS_업무별_상세설계_산정_2026-09-15/업무/TS-P01/06_비용_산정.md","5140","2026-09-15T05:41:11.011Z",".md"
"05_통합사업기획/TS_업무별_상세설계_산정_2026-09-15/업무/TS-P01/06_비용_산정.html","14545","2026-09-15T05:41:11.036Z",".html"
"05_통합사업기획/TS_업무별_상세설계_산정_2026-09-15/업무/TS-P01/07_일정_운영.md","4942","2026-09-15T05:41:11.068Z",".md"
"05_통합사업기획/TS_업무별_상세설계_산정_2026-09-15/업무/TS-P01/07_일정_운영.html","8049","2026-09-15T05:41:11.093Z",".html"
"05_통합사업기획/TS_업무별_상세설계_산정_2026-09-15/업무/TS-P02/concept.svg","6268","2026-09-15T05:50:09.500Z",".svg"
"05_통합사업기획/TS_업무별_상세설계_산정_2026-09-15/업무/TS-P02/architecture.svg","7349","2026-09-15T05:50:09.527Z",".svg"
"05_통합사업기획/TS_업무별_상세설계_산정_2026-09-15/업무/TS-P02/user.svg","7223","2026-09-15T05:50:09.545Z",".svg"
"05_통합사업기획/TS_업무별_상세설계_산정_2026-09-15/업무/TS-P02/data.svg","6755","2026-09-15T05:50:09.565Z",".svg"
"05_통합사업기획/TS_업무별_상세설계_산정_2026-09-15/업무/TS-P02/01_서비스_컨셉.md","4608","2026-09-15T05:41:11.238Z",".md"
"05_통합사업기획/TS_업무별_상세설계_산정_2026-09-15/업무/TS-P02/01_서비스_컨셉.html","8624","2026-09-15T05:41:11.266Z",".html"
"05_통합사업기획/TS_업무별_상세설계_산정_2026-09-15/업무/TS-P02/02_전체_아키텍처.md","5720","2026-09-15T05:41:11.292Z",".md"
"05_통합사업기획/TS_업무별_상세설계_산정_2026-09-15/업무/TS-P02/02_전체_아키텍처.html","9825","2026-09-15T05:41:11.320Z",".html"
"05_통합사업기획/TS_업무별_상세설계_산정_2026-09-15/업무/TS-P02/03_사용자_흐름.md","5514","2026-09-15T05:41:11.351Z",".md"
"05_통합사업기획/TS_업무별_상세설계_산정_2026-09-15/업무/TS-P02/03_사용자_흐름.html","9855","2026-09-15T05:41:11.377Z",".html"
"05_통합사업기획/TS_업무별_상세설계_산정_2026-09-15/업무/TS-P02/04_데이터_흐름.md","4785","2026-09-15T05:41:11.403Z",".md"
"05_통합사업기획/TS_업무별_상세설계_산정_2026-09-15/업무/TS-P02/04_데이터_흐름.html","8999","2026-09-15T05:41:11.432Z",".html"
"05_통합사업기획/TS_업무별_상세설계_산정_2026-09-15/업무/TS-P02/05_요구사항_검수.md","7458","2026-09-15T05:41:11.458Z",".md"
"05_통합사업기획/TS_업무별_상세설계_산정_2026-09-15/업무/TS-P02/05_요구사항_검수.html","11486","2026-09-15T05:41:11.485Z",".html"
"05_통합사업기획/TS_업무별_상세설계_산정_2026-09-15/업무/TS-P02/06_비용_산정.md","5194","2026-09-15T05:41:11.516Z",".md"
"05_통합사업기획/TS_업무별_상세설계_산정_2026-09-15/업무/TS-P02/06_비용_산정.html","14617","2026-09-15T05:41:11.544Z",".html"
"05_통합사업기획/TS_업무별_상세설계_산정_2026-09-15/업무/TS-P02/07_일정_운영.md","4903","2026-09-15T05:41:11.571Z",".md"
"05_통합사업기획/TS_업무별_상세설계_산정_2026-09-15/업무/TS-P02/07_일정_운영.html","8028","2026-09-15T05:41:11.599Z",".html"
"05_통합사업기획/TS_업무별_상세설계_산정_2026-09-15/업무/TS-P03/concept.svg","6275","2026-09-15T05:50:09.584Z",".svg"
"05_통합사업기획/TS_업무별_상세설계_산정_2026-09-15/업무/TS-P03/architecture.svg","7348","2026-09-15T05:50:09.600Z",".svg"
"05_통합사업기획/TS_업무별_상세설계_산정_2026-09-15/업무/TS-P03/user.svg","7234","2026-09-15T05:50:09.616Z",".svg"
"05_통합사업기획/TS_업무별_상세설계_산정_2026-09-15/업무/TS-P03/data.svg","6757","2026-09-15T05:50:09.636Z",".svg"
"05_통합사업기획/TS_업무별_상세설계_산정_2026-09-15/업무/TS-P03/01_서비스_컨셉.md","4840","2026-09-15T05:41:11.744Z",".md"
"05_통합사업기획/TS_업무별_상세설계_산정_2026-09-15/업무/TS-P03/01_서비스_컨셉.html","8838","2026-09-15T05:41:11.769Z",".html"
"05_통합사업기획/TS_업무별_상세설계_산정_2026-09-15/업무/TS-P03/02_전체_아키텍처.md","5968","2026-09-15T05:41:11.797Z",".md"
"05_통합사업기획/TS_업무별_상세설계_산정_2026-09-15/업무/TS-P03/02_전체_아키텍처.html","10055","2026-09-15T05:41:11.825Z",".html"
"05_통합사업기획/TS_업무별_상세설계_산정_2026-09-15/업무/TS-P03/03_사용자_흐름.md","5690","2026-09-15T05:41:11.848Z",".md"
"05_통합사업기획/TS_업무별_상세설계_산정_2026-09-15/업무/TS-P03/03_사용자_흐름.html","10013","2026-09-15T05:41:11.873Z",".html"
"05_통합사업기획/TS_업무별_상세설계_산정_2026-09-15/업무/TS-P03/04_데이터_흐름.md","4953","2026-09-15T05:41:11.900Z",".md"
"05_통합사업기획/TS_업무별_상세설계_산정_2026-09-15/업무/TS-P03/04_데이터_흐름.html","9149","2026-09-15T05:41:11.926Z",".html"
"05_통합사업기획/TS_업무별_상세설계_산정_2026-09-15/업무/TS-P03/05_요구사항_검수.md","7483","2026-09-15T05:41:11.951Z",".md"
"05_통합사업기획/TS_업무별_상세설계_산정_2026-09-15/업무/TS-P03/05_요구사항_검수.html","11493","2026-09-15T05:41:11.980Z",".html"
"05_통합사업기획/TS_업무별_상세설계_산정_2026-09-15/업무/TS-P03/06_비용_산정.md","5448","2026-09-15T05:41:12.008Z",".md"
"05_통합사업기획/TS_업무별_상세설계_산정_2026-09-15/업무/TS-P03/06_비용_산정.html","14853","2026-09-15T05:41:12.035Z",".html"
"05_통합사업기획/TS_업무별_상세설계_산정_2026-09-15/업무/TS-P03/07_일정_운영.md","5107","2026-09-15T05:41:12.062Z",".md"
"05_통합사업기획/TS_업무별_상세설계_산정_2026-09-15/업무/TS-P03/07_일정_운영.html","8214","2026-09-15T05:41:12.086Z",".html"
"05_통합사업기획/TS_업무별_상세설계_산정_2026-09-15/업무/TS-P04/concept.svg","6280","2026-09-15T05:50:09.655Z",".svg"
"05_통합사업기획/TS_업무별_상세설계_산정_2026-09-15/업무/TS-P04/architecture.svg","7361","2026-09-15T05:50:09.672Z",".svg"
"05_통합사업기획/TS_업무별_상세설계_산정_2026-09-15/업무/TS-P04/user.svg","7225","2026-09-15T05:50:09.691Z",".svg"
"05_통합사업기획/TS_업무별_상세설계_산정_2026-09-15/업무/TS-P04/data.svg","6756","2026-09-15T05:50:09.712Z",".svg"
"05_통합사업기획/TS_업무별_상세설계_산정_2026-09-15/업무/TS-P04/01_서비스_컨셉.md","4850","2026-09-15T05:41:12.252Z",".md"
"05_통합사업기획/TS_업무별_상세설계_산정_2026-09-15/업무/TS-P04/01_서비스_컨셉.html","8848","2026-09-15T05:41:12.283Z",".html"
"05_통합사업기획/TS_업무별_상세설계_산정_2026-09-15/업무/TS-P04/02_전체_아키텍처.md","5978","2026-09-15T05:41:12.311Z",".md"
"05_통합사업기획/TS_업무별_상세설계_산정_2026-09-15/업무/TS-P04/02_전체_아키텍처.html","10065","2026-09-15T05:41:12.344Z",".html"
"05_통합사업기획/TS_업무별_상세설계_산정_2026-09-15/업무/TS-P04/03_사용자_흐름.md","5678","2026-09-15T05:41:12.377Z",".md"
"05_통합사업기획/TS_업무별_상세설계_산정_2026-09-15/업무/TS-P04/03_사용자_흐름.html","10001","2026-09-15T05:41:12.411Z",".html"
"05_통합사업기획/TS_업무별_상세설계_산정_2026-09-15/업무/TS-P04/04_데이터_흐름.md","4887","2026-09-15T05:41:12.441Z",".md"
"05_통합사업기획/TS_업무별_상세설계_산정_2026-09-15/업무/TS-P04/04_데이터_흐름.html","9083","2026-09-15T05:41:12.470Z",".html"
"05_통합사업기획/TS_업무별_상세설계_산정_2026-09-15/업무/TS-P04/05_요구사항_검수.md","7556","2026-09-15T05:41:12.497Z",".md"
"05_통합사업기획/TS_업무별_상세설계_산정_2026-09-15/업무/TS-P04/05_요구사항_검수.html","11566","2026-09-15T05:41:12.524Z",".html"
"05_통합사업기획/TS_업무별_상세설계_산정_2026-09-15/업무/TS-P04/06_비용_산정.md","5426","2026-09-15T05:41:12.555Z",".md"
"05_통합사업기획/TS_업무별_상세설계_산정_2026-09-15/업무/TS-P04/06_비용_산정.html","14831","2026-09-15T05:41:12.585Z",".html"
"05_통합사업기획/TS_업무별_상세설계_산정_2026-09-15/업무/TS-P04/07_일정_운영.md","5065","2026-09-15T05:41:12.612Z",".md"
"05_통합사업기획/TS_업무별_상세설계_산정_2026-09-15/업무/TS-P04/07_일정_운영.html","8172","2026-09-15T05:41:12.640Z",".html"
"05_통합사업기획/TS_업무별_상세설계_산정_2026-09-15/업무/TS-P05/concept.svg","6325","2026-09-15T05:50:09.730Z",".svg"
"05_통합사업기획/TS_업무별_상세설계_산정_2026-09-15/업무/TS-P05/architecture.svg","7361","2026-09-15T05:50:09.760Z",".svg"
"05_통합사업기획/TS_업무별_상세설계_산정_2026-09-15/업무/TS-P05/user.svg","7234","2026-09-15T05:50:09.777Z",".svg"
"05_통합사업기획/TS_업무별_상세설계_산정_2026-09-15/업무/TS-P05/data.svg","6765","2026-09-15T05:50:09.795Z",".svg"
"05_통합사업기획/TS_업무별_상세설계_산정_2026-09-15/업무/TS-P05/01_서비스_컨셉.md","4488","2026-09-15T05:41:12.799Z",".md"
"05_통합사업기획/TS_업무별_상세설계_산정_2026-09-15/업무/TS-P05/01_서비스_컨셉.html","8468","2026-09-15T05:41:12.825Z",".html"
"05_통합사업기획/TS_업무별_상세설계_산정_2026-09-15/업무/TS-P05/02_전체_아키텍처.md","5450","2026-09-15T05:41:12.852Z",".md"
"05_통합사업기획/TS_업무별_상세설계_산정_2026-09-15/업무/TS-P05/02_전체_아키텍처.html","9519","2026-09-15T05:41:12.880Z",".html"
"05_통합사업기획/TS_업무별_상세설계_산정_2026-09-15/업무/TS-P05/03_사용자_흐름.md","5205","2026-09-15T05:41:12.905Z",".md"
"05_통합사업기획/TS_업무별_상세설계_산정_2026-09-15/업무/TS-P05/03_사용자_흐름.html","9510","2026-09-15T05:41:12.932Z",".html"
"05_통합사업기획/TS_업무별_상세설계_산정_2026-09-15/업무/TS-P05/04_데이터_흐름.md","4421","2026-09-15T05:41:12.959Z",".md"
"05_통합사업기획/TS_업무별_상세설계_산정_2026-09-15/업무/TS-P05/04_데이터_흐름.html","8599","2026-09-15T05:41:12.987Z",".html"
"05_통합사업기획/TS_업무별_상세설계_산정_2026-09-15/업무/TS-P05/05_요구사항_검수.md","7021","2026-09-15T05:41:13.015Z",".md"
"05_통합사업기획/TS_업무별_상세설계_산정_2026-09-15/업무/TS-P05/05_요구사항_검수.html","11013","2026-09-15T05:41:13.042Z",".html"
"05_통합사업기획/TS_업무별_상세설계_산정_2026-09-15/업무/TS-P05/06_비용_산정.md","4954","2026-09-15T05:41:13.066Z",".md"
"05_통합사업기획/TS_업무별_상세설계_산정_2026-09-15/업무/TS-P05/06_비용_산정.html","14341","2026-09-15T05:41:13.093Z",".html"
"05_통합사업기획/TS_업무별_상세설계_산정_2026-09-15/업무/TS-P05/07_일정_운영.md","4624","2026-09-15T05:41:13.115Z",".md"
"05_통합사업기획/TS_업무별_상세설계_산정_2026-09-15/업무/TS-P05/07_일정_운영.html","7713","2026-09-15T05:41:13.143Z",".html"
"05_통합사업기획/TS_업무별_상세설계_산정_2026-09-15/업무/TS-P06/concept.svg","6269","2026-09-15T05:50:09.812Z",".svg"
"05_통합사업기획/TS_업무별_상세설계_산정_2026-09-15/업무/TS-P06/architecture.svg","7354","2026-09-15T05:50:09.825Z",".svg"
"05_통합사업기획/TS_업무별_상세설계_산정_2026-09-15/업무/TS-P06/user.svg","7176","2026-09-15T05:50:09.840Z",".svg"
"05_통합사업기획/TS_업무별_상세설계_산정_2026-09-15/업무/TS-P06/data.svg","6756","2026-09-15T05:50:09.857Z",".svg"
"05_통합사업기획/TS_업무별_상세설계_산정_2026-09-15/업무/TS-P06/01_서비스_컨셉.md","4337","2026-09-15T05:41:13.296Z",".md"
"05_통합사업기획/TS_업무별_상세설계_산정_2026-09-15/업무/TS-P06/01_서비스_컨셉.html","8317","2026-09-15T05:41:13.322Z",".html"
"05_통합사업기획/TS_업무별_상세설계_산정_2026-09-15/업무/TS-P06/02_전체_아키텍처.md","5589","2026-09-15T05:41:13.349Z",".md"
"05_통합사업기획/TS_업무별_상세설계_산정_2026-09-15/업무/TS-P06/02_전체_아키텍처.html","9666","2026-09-15T05:41:13.379Z",".html"
"05_통합사업기획/TS_업무별_상세설계_산정_2026-09-15/업무/TS-P06/03_사용자_흐름.md","5124","2026-09-15T05:41:13.406Z",".md"
"05_통합사업기획/TS_업무별_상세설계_산정_2026-09-15/업무/TS-P06/03_사용자_흐름.html","9429","2026-09-15T05:41:13.436Z",".html"
"05_통합사업기획/TS_업무별_상세설계_산정_2026-09-15/업무/TS-P06/04_데이터_흐름.md","4336","2026-09-15T05:41:13.461Z",".md"
"05_통합사업기획/TS_업무별_상세설계_산정_2026-09-15/업무/TS-P06/04_데이터_흐름.html","8514","2026-09-15T05:41:13.489Z",".html"
"05_통합사업기획/TS_업무별_상세설계_산정_2026-09-15/업무/TS-P06/05_요구사항_검수.md","6960","2026-09-15T05:41:13.515Z",".md"
"05_통합사업기획/TS_업무별_상세설계_산정_2026-09-15/업무/TS-P06/05_요구사항_검수.html","10952","2026-09-15T05:41:13.543Z",".html"
"05_통합사업기획/TS_업무별_상세설계_산정_2026-09-15/업무/TS-P06/06_비용_산정.md","4874","2026-09-15T05:41:13.576Z",".md"
"05_통합사업기획/TS_업무별_상세설계_산정_2026-09-15/업무/TS-P06/06_비용_산정.html","14261","2026-09-15T05:41:13.606Z",".html"
"05_통합사업기획/TS_업무별_상세설계_산정_2026-09-15/업무/TS-P06/07_일정_운영.md","4638","2026-09-15T05:41:13.634Z",".md"
"05_통합사업기획/TS_업무별_상세설계_산정_2026-09-15/업무/TS-P06/07_일정_운영.html","7727","2026-09-15T05:41:13.663Z",".html"
"05_통합사업기획/TS_업무별_상세설계_산정_2026-09-15/업무/TS-P07/concept.svg","6263","2026-09-15T05:50:09.873Z",".svg"
"05_통합사업기획/TS_업무별_상세설계_산정_2026-09-15/업무/TS-P07/architecture.svg","7354","2026-09-15T05:50:09.888Z",".svg"
"05_통합사업기획/TS_업무별_상세설계_산정_2026-09-15/업무/TS-P07/user.svg","7209","2026-09-15T05:50:09.904Z",".svg"
"05_통합사업기획/TS_업무별_상세설계_산정_2026-09-15/업무/TS-P07/data.svg","6749","2026-09-15T05:50:09.921Z",".svg"
"05_통합사업기획/TS_업무별_상세설계_산정_2026-09-15/업무/TS-P07/01_서비스_컨셉.md","4254","2026-09-15T05:41:13.826Z",".md"
"05_통합사업기획/TS_업무별_상세설계_산정_2026-09-15/업무/TS-P07/01_서비스_컨셉.html","8234","2026-09-15T05:41:13.854Z",".html"
"05_통합사업기획/TS_업무별_상세설계_산정_2026-09-15/업무/TS-P07/02_전체_아키텍처.md","5398","2026-09-15T05:41:13.885Z",".md"
"05_통합사업기획/TS_업무별_상세설계_산정_2026-09-15/업무/TS-P07/02_전체_아키텍처.html","9467","2026-09-15T05:41:13.915Z",".html"
"05_통합사업기획/TS_업무별_상세설계_산정_2026-09-15/업무/TS-P07/03_사용자_흐름.md","5144","2026-09-15T05:41:13.943Z",".md"
"05_통합사업기획/TS_업무별_상세설계_산정_2026-09-15/업무/TS-P07/03_사용자_흐름.html","9449","2026-09-15T05:41:13.968Z",".html"
"05_통합사업기획/TS_업무별_상세설계_산정_2026-09-15/업무/TS-P07/04_데이터_흐름.md","4424","2026-09-15T05:41:13.995Z",".md"
"05_통합사업기획/TS_업무별_상세설계_산정_2026-09-15/업무/TS-P07/04_데이터_흐름.html","8602","2026-09-15T05:41:14.027Z",".html"
"05_통합사업기획/TS_업무별_상세설계_산정_2026-09-15/업무/TS-P07/05_요구사항_검수.md","6993","2026-09-15T05:41:14.053Z",".md"
"05_통합사업기획/TS_업무별_상세설계_산정_2026-09-15/업무/TS-P07/05_요구사항_검수.html","10985","2026-09-15T05:41:14.077Z",".html"
"05_통합사업기획/TS_업무별_상세설계_산정_2026-09-15/업무/TS-P07/06_비용_산정.md","4904","2026-09-15T05:41:14.101Z",".md"
"05_통합사업기획/TS_업무별_상세설계_산정_2026-09-15/업무/TS-P07/06_비용_산정.html","14291","2026-09-15T05:41:14.130Z",".html"
"05_통합사업기획/TS_업무별_상세설계_산정_2026-09-15/업무/TS-P07/07_일정_운영.md","4554","2026-09-15T05:41:14.160Z",".md"
"05_통합사업기획/TS_업무별_상세설계_산정_2026-09-15/업무/TS-P07/07_일정_운영.html","7643","2026-09-15T05:41:14.188Z",".html"
"05_통합사업기획/TS_업무별_상세설계_산정_2026-09-15/업무/TS-P08/concept.svg","6268","2026-09-15T05:50:09.937Z",".svg"
"05_통합사업기획/TS_업무별_상세설계_산정_2026-09-15/업무/TS-P08/architecture.svg","7363","2026-09-15T05:50:09.953Z",".svg"
"05_통합사업기획/TS_업무별_상세설계_산정_2026-09-15/업무/TS-P08/user.svg","7218","2026-09-15T05:50:09.982Z",".svg"
"05_통합사업기획/TS_업무별_상세설계_산정_2026-09-15/업무/TS-P08/data.svg","6763","2026-09-15T05:50:10.002Z",".svg"
"05_통합사업기획/TS_업무별_상세설계_산정_2026-09-15/업무/TS-P08/01_서비스_컨셉.md","4273","2026-09-15T05:41:14.351Z",".md"
"05_통합사업기획/TS_업무별_상세설계_산정_2026-09-15/업무/TS-P08/01_서비스_컨셉.html","8253","2026-09-15T05:41:14.379Z",".html"
"05_통합사업기획/TS_업무별_상세설계_산정_2026-09-15/업무/TS-P08/02_전체_아키텍처.md","5656","2026-09-15T05:41:14.403Z",".md"
"05_통합사업기획/TS_업무별_상세설계_산정_2026-09-15/업무/TS-P08/02_전체_아키텍처.html","9733","2026-09-15T05:41:14.428Z",".html"
"05_통합사업기획/TS_업무별_상세설계_산정_2026-09-15/업무/TS-P08/03_사용자_흐름.md","5154","2026-09-15T05:41:14.455Z",".md"
"05_통합사업기획/TS_업무별_상세설계_산정_2026-09-15/업무/TS-P08/03_사용자_흐름.html","9459","2026-09-15T05:41:14.481Z",".html"
"05_통합사업기획/TS_업무별_상세설계_산정_2026-09-15/업무/TS-P08/04_데이터_흐름.md","4414","2026-09-15T05:41:14.507Z",".md"
"05_통합사업기획/TS_업무별_상세설계_산정_2026-09-15/업무/TS-P08/04_데이터_흐름.html","8592","2026-09-15T05:41:14.537Z",".html"
"05_통합사업기획/TS_업무별_상세설계_산정_2026-09-15/업무/TS-P08/05_요구사항_검수.md","7004","2026-09-15T05:41:14.565Z",".md"
"05_통합사업기획/TS_업무별_상세설계_산정_2026-09-15/업무/TS-P08/05_요구사항_검수.html","10996","2026-09-15T05:41:14.594Z",".html"
"05_통합사업기획/TS_업무별_상세설계_산정_2026-09-15/업무/TS-P08/06_비용_산정.md","4897","2026-09-15T05:41:14.619Z",".md"
"05_통합사업기획/TS_업무별_상세설계_산정_2026-09-15/업무/TS-P08/06_비용_산정.html","14284","2026-09-15T05:41:14.643Z",".html"
"05_통합사업기획/TS_업무별_상세설계_산정_2026-09-15/업무/TS-P08/07_일정_운영.md","4565","2026-09-15T05:41:14.669Z",".md"
"05_통합사업기획/TS_업무별_상세설계_산정_2026-09-15/업무/TS-P08/07_일정_운영.html","7654","2026-09-15T05:41:14.694Z",".html"
"05_통합사업기획/TS_업무별_상세설계_산정_2026-09-15/업무/TS-P09/concept.svg","6262","2026-09-15T05:50:10.021Z",".svg"
"05_통합사업기획/TS_업무별_상세설계_산정_2026-09-15/업무/TS-P09/architecture.svg","7350","2026-09-15T05:50:10.038Z",".svg"
"05_통합사업기획/TS_업무별_상세설계_산정_2026-09-15/업무/TS-P09/user.svg","7166","2026-09-15T05:50:10.053Z",".svg"
"05_통합사업기획/TS_업무별_상세설계_산정_2026-09-15/업무/TS-P09/data.svg","6748","2026-09-15T05:50:10.069Z",".svg"
"05_통합사업기획/TS_업무별_상세설계_산정_2026-09-15/업무/TS-P09/01_서비스_컨셉.md","4627","2026-09-15T05:41:14.835Z",".md"
"05_통합사업기획/TS_업무별_상세설계_산정_2026-09-15/업무/TS-P09/01_서비스_컨셉.html","8625","2026-09-15T05:41:14.861Z",".html"
"05_통합사업기획/TS_업무별_상세설계_산정_2026-09-15/업무/TS-P09/02_전체_아키텍처.md","5835","2026-09-15T05:41:14.887Z",".md"
"05_통합사업기획/TS_업무별_상세설계_산정_2026-09-15/업무/TS-P09/02_전체_아키텍처.html","9922","2026-09-15T05:41:14.914Z",".html"
"05_통합사업기획/TS_업무별_상세설계_산정_2026-09-15/업무/TS-P09/03_사용자_흐름.md","5573","2026-09-15T05:41:14.946Z",".md"
"05_통합사업기획/TS_업무별_상세설계_산정_2026-09-15/업무/TS-P09/03_사용자_흐름.html","9896","2026-09-15T05:41:14.973Z",".html"
"05_통합사업기획/TS_업무별_상세설계_산정_2026-09-15/업무/TS-P09/04_데이터_흐름.md","4860","2026-09-15T05:41:14.996Z",".md"
"05_통합사업기획/TS_업무별_상세설계_산정_2026-09-15/업무/TS-P09/04_데이터_흐름.html","9056","2026-09-15T05:41:15.023Z",".html"
"05_통합사업기획/TS_업무별_상세설계_산정_2026-09-15/업무/TS-P09/05_요구사항_검수.md","7410","2026-09-15T05:41:15.050Z",".md"
"05_통합사업기획/TS_업무별_상세설계_산정_2026-09-15/업무/TS-P09/05_요구사항_검수.html","11420","2026-09-15T05:41:15.078Z",".html"
"05_통합사업기획/TS_업무별_상세설계_산정_2026-09-15/업무/TS-P09/06_비용_산정.md","5368","2026-09-15T05:41:15.107Z",".md"
"05_통합사업기획/TS_업무별_상세설계_산정_2026-09-15/업무/TS-P09/06_비용_산정.html","14773","2026-09-15T05:41:15.133Z",".html"
"05_통합사업기획/TS_업무별_상세설계_산정_2026-09-15/업무/TS-P09/07_일정_운영.md","4949","2026-09-15T05:41:15.162Z",".md"
"05_통합사업기획/TS_업무별_상세설계_산정_2026-09-15/업무/TS-P09/07_일정_운영.html","8056","2026-09-15T05:41:15.192Z",".html"
"05_통합사업기획/TS_업무별_상세설계_산정_2026-09-15/업무/TS-P10/concept.svg","6254","2026-09-15T05:50:10.085Z",".svg"
"05_통합사업기획/TS_업무별_상세설계_산정_2026-09-15/업무/TS-P10/architecture.svg","7357","2026-09-15T05:50:10.103Z",".svg"
"05_통합사업기획/TS_업무별_상세설계_산정_2026-09-15/업무/TS-P10/user.svg","7214","2026-09-15T05:50:10.120Z",".svg"
"05_통합사업기획/TS_업무별_상세설계_산정_2026-09-15/업무/TS-P10/data.svg","6753","2026-09-15T05:50:10.136Z",".svg"
"05_통합사업기획/TS_업무별_상세설계_산정_2026-09-15/업무/TS-P10/01_서비스_컨셉.md","5380","2026-09-15T05:41:15.346Z",".md"
"05_통합사업기획/TS_업무별_상세설계_산정_2026-09-15/업무/TS-P10/01_서비스_컨셉.html","9396","2026-09-15T05:41:15.375Z",".html"
"05_통합사업기획/TS_업무별_상세설계_산정_2026-09-15/업무/TS-P10/02_전체_아키텍처.md","6499","2026-09-15T05:41:15.407Z",".md"
"05_통합사업기획/TS_업무별_상세설계_산정_2026-09-15/업무/TS-P10/02_전체_아키텍처.html","10604","2026-09-15T05:41:15.433Z",".html"
"05_통합사업기획/TS_업무별_상세설계_산정_2026-09-15/업무/TS-P10/03_사용자_흐름.md","6197","2026-09-15T05:41:15.461Z",".md"
"05_통합사업기획/TS_업무별_상세설계_산정_2026-09-15/업무/TS-P10/03_사용자_흐름.html","10538","2026-09-15T05:41:15.510Z",".html"
"05_통합사업기획/TS_업무별_상세설계_산정_2026-09-15/업무/TS-P10/04_데이터_흐름.md","5482","2026-09-15T05:41:15.538Z",".md"
"05_통합사업기획/TS_업무별_상세설계_산정_2026-09-15/업무/TS-P10/04_데이터_흐름.html","9696","2026-09-15T05:41:15.566Z",".html"
"05_통합사업기획/TS_업무별_상세설계_산정_2026-09-15/업무/TS-P10/05_요구사항_검수.md","8233","2026-09-15T05:41:15.595Z",".md"
"05_통합사업기획/TS_업무별_상세설계_산정_2026-09-15/업무/TS-P10/05_요구사항_검수.html","12261","2026-09-15T05:41:15.623Z",".html"
"05_통합사업기획/TS_업무별_상세설계_산정_2026-09-15/업무/TS-P10/06_비용_산정.md","5887","2026-09-15T05:41:15.662Z",".md"
"05_통합사업기획/TS_업무별_상세설계_산정_2026-09-15/업무/TS-P10/06_비용_산정.html","15311","2026-09-15T05:41:15.696Z",".html"
"05_통합사업기획/TS_업무별_상세설계_산정_2026-09-15/업무/TS-P10/07_일정_운영.md","5644","2026-09-15T05:41:15.728Z",".md"
"05_통합사업기획/TS_업무별_상세설계_산정_2026-09-15/업무/TS-P10/07_일정_운영.html","8769","2026-09-15T05:41:15.759Z",".html"
"05_통합사업기획/TS_업무별_상세설계_산정_2026-09-15/업무/TS-P11/concept.svg","6348","2026-09-15T05:50:10.154Z",".svg"
"05_통합사업기획/TS_업무별_상세설계_산정_2026-09-15/업무/TS-P11/architecture.svg","7394","2026-09-15T05:50:10.169Z",".svg"
"05_통합사업기획/TS_업무별_상세설계_산정_2026-09-15/업무/TS-P11/user.svg","7192","2026-09-15T05:50:10.185Z",".svg"
"05_통합사업기획/TS_업무별_상세설계_산정_2026-09-15/업무/TS-P11/data.svg","6761","2026-09-15T05:50:10.212Z",".svg"
"05_통합사업기획/TS_업무별_상세설계_산정_2026-09-15/업무/TS-P11/01_서비스_컨셉.md","4973","2026-09-15T05:41:15.923Z",".md"
"05_통합사업기획/TS_업무별_상세설계_산정_2026-09-15/업무/TS-P11/01_서비스_컨셉.html","8989","2026-09-15T05:41:15.954Z",".html"
"05_통합사업기획/TS_업무별_상세설계_산정_2026-09-15/업무/TS-P11/02_전체_아키텍처.md","6053","2026-09-15T05:41:15.982Z",".md"
"05_통합사업기획/TS_업무별_상세설계_산정_2026-09-15/업무/TS-P11/02_전체_아키텍처.html","10158","2026-09-15T05:41:16.011Z",".html"
"05_통합사업기획/TS_업무별_상세설계_산정_2026-09-15/업무/TS-P11/03_사용자_흐름.md","5821","2026-09-15T05:41:16.043Z",".md"
"05_통합사업기획/TS_업무별_상세설계_산정_2026-09-15/업무/TS-P11/03_사용자_흐름.html","10162","2026-09-15T05:41:16.074Z",".html"
"05_통합사업기획/TS_업무별_상세설계_산정_2026-09-15/업무/TS-P11/04_데이터_흐름.md","5015","2026-09-15T05:41:16.101Z",".md"
"05_통합사업기획/TS_업무별_상세설계_산정_2026-09-15/업무/TS-P11/04_데이터_흐름.html","9229","2026-09-15T05:41:16.131Z",".html"
"05_통합사업기획/TS_업무별_상세설계_산정_2026-09-15/업무/TS-P11/05_요구사항_검수.md","7577","2026-09-15T05:41:16.160Z",".md"
"05_통합사업기획/TS_업무별_상세설계_산정_2026-09-15/업무/TS-P11/05_요구사항_검수.html","11605","2026-09-15T05:41:16.188Z",".html"
"05_통합사업기획/TS_업무별_상세설계_산정_2026-09-15/업무/TS-P11/06_비용_산정.md","5559","2026-09-15T05:41:16.213Z",".md"
"05_통합사업기획/TS_업무별_상세설계_산정_2026-09-15/업무/TS-P11/06_비용_산정.html","14983","2026-09-15T05:41:16.245Z",".html"
"05_통합사업기획/TS_업무별_상세설계_산정_2026-09-15/업무/TS-P11/07_일정_운영.md","5201","2026-09-15T05:41:16.273Z",".md"
"05_통합사업기획/TS_업무별_상세설계_산정_2026-09-15/업무/TS-P11/07_일정_운영.html","8326","2026-09-15T05:41:16.303Z",".html"
"05_통합사업기획/TS_업무별_상세설계_산정_2026-09-15/업무/TS-P12/concept.svg","6248","2026-09-15T05:50:10.227Z",".svg"
"05_통합사업기획/TS_업무별_상세설계_산정_2026-09-15/업무/TS-P12/architecture.svg","7349","2026-09-15T05:50:10.242Z",".svg"
"05_통합사업기획/TS_업무별_상세설계_산정_2026-09-15/업무/TS-P12/user.svg","7171","2026-09-15T05:50:10.258Z",".svg"
"05_통합사업기획/TS_업무별_상세설계_산정_2026-09-15/업무/TS-P12/data.svg","6742","2026-09-15T05:50:10.276Z",".svg"
"05_통합사업기획/TS_업무별_상세설계_산정_2026-09-15/업무/TS-P12/01_서비스_컨셉.md","4449","2026-09-15T05:41:16.469Z",".md"
"05_통합사업기획/TS_업무별_상세설계_산정_2026-09-15/업무/TS-P12/01_서비스_컨셉.html","8447","2026-09-15T05:41:16.502Z",".html"
"05_통합사업기획/TS_업무별_상세설계_산정_2026-09-15/업무/TS-P12/02_전체_아키텍처.md","5639","2026-09-15T05:41:16.536Z",".md"
"05_통합사업기획/TS_업무별_상세설계_산정_2026-09-15/업무/TS-P12/02_전체_아키텍처.html","9726","2026-09-15T05:41:16.569Z",".html"
"05_통합사업기획/TS_업무별_상세설계_산정_2026-09-15/업무/TS-P12/03_사용자_흐름.md","5315","2026-09-15T05:41:16.598Z",".md"
"05_통합사업기획/TS_업무별_상세설계_산정_2026-09-15/업무/TS-P12/03_사용자_흐름.html","9638","2026-09-15T05:41:16.630Z",".html"
"05_통합사업기획/TS_업무별_상세설계_산정_2026-09-15/업무/TS-P12/04_데이터_흐름.md","4614","2026-09-15T05:41:16.661Z",".md"
"05_통합사업기획/TS_업무별_상세설계_산정_2026-09-15/업무/TS-P12/04_데이터_흐름.html","8810","2026-09-15T05:41:16.694Z",".html"
"05_통합사업기획/TS_업무별_상세설계_산정_2026-09-15/업무/TS-P12/05_요구사항_검수.md","7188","2026-09-15T05:41:16.728Z",".md"
"05_통합사업기획/TS_업무별_상세설계_산정_2026-09-15/업무/TS-P12/05_요구사항_검수.html","11198","2026-09-15T05:41:16.773Z",".html"
"05_통합사업기획/TS_업무별_상세설계_산정_2026-09-15/업무/TS-P12/06_비용_산정.md","5061","2026-09-15T05:41:16.822Z",".md"
"05_통합사업기획/TS_업무별_상세설계_산정_2026-09-15/업무/TS-P12/06_비용_산정.html","14467","2026-09-15T05:41:16.851Z",".html"
"05_통합사업기획/TS_업무별_상세설계_산정_2026-09-15/업무/TS-P12/07_일정_운영.md","4704","2026-09-15T05:41:16.878Z",".md"
"05_통합사업기획/TS_업무별_상세설계_산정_2026-09-15/업무/TS-P12/07_일정_운영.html","7811","2026-09-15T05:41:16.906Z",".html"
"05_통합사업기획/TS_업무별_상세설계_산정_2026-09-15/업무/TS-P13/concept.svg","6318","2026-09-15T05:50:10.294Z",".svg"
"05_통합사업기획/TS_업무별_상세설계_산정_2026-09-15/업무/TS-P13/architecture.svg","7355","2026-09-15T05:50:10.310Z",".svg"
"05_통합사업기획/TS_업무별_상세설계_산정_2026-09-15/업무/TS-P13/user.svg","7197","2026-09-15T05:50:10.326Z",".svg"
"05_통합사업기획/TS_업무별_상세설계_산정_2026-09-15/업무/TS-P13/data.svg","6759","2026-09-15T05:50:10.342Z",".svg"
"05_통합사업기획/TS_업무별_상세설계_산정_2026-09-15/업무/TS-P13/01_서비스_컨셉.md","4653","2026-09-15T05:41:17.055Z",".md"
"05_통합사업기획/TS_업무별_상세설계_산정_2026-09-15/업무/TS-P13/01_서비스_컨셉.html","8651","2026-09-15T05:41:17.091Z",".html"
"05_통합사업기획/TS_업무별_상세설계_산정_2026-09-15/업무/TS-P13/02_전체_아키텍처.md","5762","2026-09-15T05:41:17.119Z",".md"
"05_통합사업기획/TS_업무별_상세설계_산정_2026-09-15/업무/TS-P13/02_전체_아키텍처.html","9849","2026-09-15T05:41:17.147Z",".html"
"05_통합사업기획/TS_업무별_상세설계_산정_2026-09-15/업무/TS-P13/03_사용자_흐름.md","5493","2026-09-15T05:41:17.172Z",".md"
"05_통합사업기획/TS_업무별_상세설계_산정_2026-09-15/업무/TS-P13/03_사용자_흐름.html","9816","2026-09-15T05:41:17.201Z",".html"
"05_통합사업기획/TS_업무별_상세설계_산정_2026-09-15/업무/TS-P13/04_데이터_흐름.md","4687","2026-09-15T05:41:17.227Z",".md"
"05_통합사업기획/TS_업무별_상세설계_산정_2026-09-15/업무/TS-P13/04_데이터_흐름.html","8883","2026-09-15T05:41:17.252Z",".html"
"05_통합사업기획/TS_업무별_상세설계_산정_2026-09-15/업무/TS-P13/05_요구사항_검수.md","7313","2026-09-15T05:41:17.280Z",".md"
"05_통합사업기획/TS_업무별_상세설계_산정_2026-09-15/업무/TS-P13/05_요구사항_검수.html","11323","2026-09-15T05:41:17.306Z",".html"
"05_통합사업기획/TS_업무별_상세설계_산정_2026-09-15/업무/TS-P13/06_비용_산정.md","5171","2026-09-15T05:41:17.329Z",".md"
"05_통합사업기획/TS_업무별_상세설계_산정_2026-09-15/업무/TS-P13/06_비용_산정.html","14577","2026-09-15T05:41:17.357Z",".html"
"05_통합사업기획/TS_업무별_상세설계_산정_2026-09-15/업무/TS-P13/07_일정_운영.md","4901","2026-09-15T05:41:17.382Z",".md"
"05_통합사업기획/TS_업무별_상세설계_산정_2026-09-15/업무/TS-P13/07_일정_운영.html","8008","2026-09-15T05:41:17.408Z",".html"
"05_통합사업기획/TS_업무별_상세설계_산정_2026-09-15/업무/TS-P14/concept.svg","6271","2026-09-15T05:50:10.359Z",".svg"
"05_통합사업기획/TS_업무별_상세설계_산정_2026-09-15/업무/TS-P14/architecture.svg","7365","2026-09-15T05:50:10.374Z",".svg"
"05_통합사업기획/TS_업무별_상세설계_산정_2026-09-15/업무/TS-P14/user.svg","7225","2026-09-15T05:50:10.394Z",".svg"
"05_통합사업기획/TS_업무별_상세설계_산정_2026-09-15/업무/TS-P14/data.svg","6750","2026-09-15T05:50:10.411Z",".svg"
"05_통합사업기획/TS_업무별_상세설계_산정_2026-09-15/업무/TS-P14/01_서비스_컨셉.md","4491","2026-09-15T05:41:17.553Z",".md"
"05_통합사업기획/TS_업무별_상세설계_산정_2026-09-15/업무/TS-P14/01_서비스_컨셉.html","8489","2026-09-15T05:41:17.578Z",".html"
"05_통합사업기획/TS_업무별_상세설계_산정_2026-09-15/업무/TS-P14/02_전체_아키텍처.md","5644","2026-09-15T05:41:17.604Z",".md"
"05_통합사업기획/TS_업무별_상세설계_산정_2026-09-15/업무/TS-P14/02_전체_아키텍처.html","9731","2026-09-15T05:41:17.632Z",".html"
"05_통합사업기획/TS_업무별_상세설계_산정_2026-09-15/업무/TS-P14/03_사용자_흐름.md","5341","2026-09-15T05:41:17.657Z",".md"
"05_통합사업기획/TS_업무별_상세설계_산정_2026-09-15/업무/TS-P14/03_사용자_흐름.html","9664","2026-09-15T05:41:17.686Z",".html"
"05_통합사업기획/TS_업무별_상세설계_산정_2026-09-15/업무/TS-P14/04_데이터_흐름.md","4599","2026-09-15T05:41:17.713Z",".md"
"05_통합사업기획/TS_업무별_상세설계_산정_2026-09-15/업무/TS-P14/04_데이터_흐름.html","8795","2026-09-15T05:41:17.743Z",".html"
"05_통합사업기획/TS_업무별_상세설계_산정_2026-09-15/업무/TS-P14/05_요구사항_검수.md","7180","2026-09-15T05:41:17.768Z",".md"
"05_통합사업기획/TS_업무별_상세설계_산정_2026-09-15/업무/TS-P14/05_요구사항_검수.html","11190","2026-09-15T05:41:17.794Z",".html"
"05_통합사업기획/TS_업무별_상세설계_산정_2026-09-15/업무/TS-P14/06_비용_산정.md","5115","2026-09-15T05:41:17.818Z",".md"
"05_통합사업기획/TS_업무별_상세설계_산정_2026-09-15/업무/TS-P14/06_비용_산정.html","14521","2026-09-15T05:41:17.846Z",".html"
"05_통합사업기획/TS_업무별_상세설계_산정_2026-09-15/업무/TS-P14/07_일정_운영.md","4762","2026-09-15T05:41:17.870Z",".md"
"05_통합사업기획/TS_업무별_상세설계_산정_2026-09-15/업무/TS-P14/07_일정_운영.html","7869","2026-09-15T05:41:17.895Z",".html"
"05_통합사업기획/TS_업무별_상세설계_산정_2026-09-15/업무/TS-P15/concept.svg","6263","2026-09-15T05:50:10.439Z",".svg"
"05_통합사업기획/TS_업무별_상세설계_산정_2026-09-15/업무/TS-P15/architecture.svg","7350","2026-09-15T05:50:10.463Z",".svg"
"05_통합사업기획/TS_업무별_상세설계_산정_2026-09-15/업무/TS-P15/user.svg","7211","2026-09-15T05:50:10.479Z",".svg"
"05_통합사업기획/TS_업무별_상세설계_산정_2026-09-15/업무/TS-P15/data.svg","6743","2026-09-15T05:50:10.493Z",".svg"
"05_통합사업기획/TS_업무별_상세설계_산정_2026-09-15/업무/TS-P15/01_서비스_컨셉.md","4264","2026-09-15T05:41:18.169Z",".md"
"05_통합사업기획/TS_업무별_상세설계_산정_2026-09-15/업무/TS-P15/01_서비스_컨셉.html","8244","2026-09-15T05:41:18.200Z",".html"
"05_통합사업기획/TS_업무별_상세설계_산정_2026-09-15/업무/TS-P15/02_전체_아키텍처.md","5369","2026-09-15T05:41:18.236Z",".md"
"05_통합사업기획/TS_업무별_상세설계_산정_2026-09-15/업무/TS-P15/02_전체_아키텍처.html","9438","2026-09-15T05:41:18.272Z",".html"
"05_통합사업기획/TS_업무별_상세설계_산정_2026-09-15/업무/TS-P15/03_사용자_흐름.md","5133","2026-09-15T05:41:18.303Z",".md"
"05_통합사업기획/TS_업무별_상세설계_산정_2026-09-15/업무/TS-P15/03_사용자_흐름.html","9438","2026-09-15T05:41:18.333Z",".html"
"05_통합사업기획/TS_업무별_상세설계_산정_2026-09-15/업무/TS-P15/04_데이터_흐름.md","4302","2026-09-15T05:41:18.360Z",".md"
"05_통합사업기획/TS_업무별_상세설계_산정_2026-09-15/업무/TS-P15/04_데이터_흐름.html","8480","2026-09-15T05:41:18.388Z",".html"
"05_통합사업기획/TS_업무별_상세설계_산정_2026-09-15/업무/TS-P15/05_요구사항_검수.md","6835","2026-09-15T05:41:18.412Z",".md"
"05_통합사업기획/TS_업무별_상세설계_산정_2026-09-15/업무/TS-P15/05_요구사항_검수.html","10827","2026-09-15T05:41:18.439Z",".html"
"05_통합사업기획/TS_업무별_상세설계_산정_2026-09-15/업무/TS-P15/06_비용_산정.md","4812","2026-09-15T05:41:18.465Z",".md"
"05_통합사업기획/TS_업무별_상세설계_산정_2026-09-15/업무/TS-P15/06_비용_산정.html","14200","2026-09-15T05:41:18.499Z",".html"
"05_통합사업기획/TS_업무별_상세설계_산정_2026-09-15/업무/TS-P15/07_일정_운영.md","4541","2026-09-15T05:41:18.528Z",".md"
"05_통합사업기획/TS_업무별_상세설계_산정_2026-09-15/업무/TS-P15/07_일정_운영.html","7630","2026-09-15T05:41:18.560Z",".html"
"05_통합사업기획/TS_업무별_상세설계_산정_2026-09-15/업무/TS-P16/concept.svg","6267","2026-09-15T05:50:10.511Z",".svg"
"05_통합사업기획/TS_업무별_상세설계_산정_2026-09-15/업무/TS-P16/architecture.svg","7344","2026-09-15T05:50:10.526Z",".svg"
"05_통합사업기획/TS_업무별_상세설계_산정_2026-09-15/업무/TS-P16/user.svg","7216","2026-09-15T05:50:10.541Z",".svg"
"05_통합사업기획/TS_업무별_상세설계_산정_2026-09-15/업무/TS-P16/data.svg","6754","2026-09-15T05:50:10.556Z",".svg"
"05_통합사업기획/TS_업무별_상세설계_산정_2026-09-15/업무/TS-P16/01_서비스_컨셉.md","4381","2026-09-15T05:41:18.720Z",".md"
"05_통합사업기획/TS_업무별_상세설계_산정_2026-09-15/업무/TS-P16/01_서비스_컨셉.html","8379","2026-09-15T05:41:18.749Z",".html"
"05_통합사업기획/TS_업무별_상세설계_산정_2026-09-15/업무/TS-P16/02_전체_아키텍처.md","5614","2026-09-15T05:41:18.777Z",".md"
"05_통합사업기획/TS_업무별_상세설계_산정_2026-09-15/업무/TS-P16/02_전체_아키텍처.html","9701","2026-09-15T05:41:18.805Z",".html"
"05_통합사업기획/TS_업무별_상세설계_산정_2026-09-15/업무/TS-P16/03_사용자_흐름.md","5302","2026-09-15T05:41:18.832Z",".md"
"05_통합사업기획/TS_업무별_상세설계_산정_2026-09-15/업무/TS-P16/03_사용자_흐름.html","9625","2026-09-15T05:41:18.860Z",".html"
"05_통합사업기획/TS_업무별_상세설계_산정_2026-09-15/업무/TS-P16/04_데이터_흐름.md","4491","2026-09-15T05:41:18.888Z",".md"
"05_통합사업기획/TS_업무별_상세설계_산정_2026-09-15/업무/TS-P16/04_데이터_흐름.html","8687","2026-09-15T05:41:18.916Z",".html"
"05_통합사업기획/TS_업무별_상세설계_산정_2026-09-15/업무/TS-P16/05_요구사항_검수.md","7105","2026-09-15T05:41:18.945Z",".md"
"05_통합사업기획/TS_업무별_상세설계_산정_2026-09-15/업무/TS-P16/05_요구사항_검수.html","11115","2026-09-15T05:41:18.972Z",".html"
"05_통합사업기획/TS_업무별_상세설계_산정_2026-09-15/업무/TS-P16/06_비용_산정.md","5009","2026-09-15T05:41:18.999Z",".md"
"05_통합사업기획/TS_업무별_상세설계_산정_2026-09-15/업무/TS-P16/06_비용_산정.html","14415","2026-09-15T05:41:19.024Z",".html"
"05_통합사업기획/TS_업무별_상세설계_산정_2026-09-15/업무/TS-P16/07_일정_운영.md","4685","2026-09-15T05:41:19.048Z",".md"
"05_통합사업기획/TS_업무별_상세설계_산정_2026-09-15/업무/TS-P16/07_일정_운영.html","7792","2026-09-15T05:41:19.075Z",".html"
"05_통합사업기획/TS_업무별_상세설계_산정_2026-09-15/업무/TS-P17/concept.svg","6344","2026-09-15T05:50:10.571Z",".svg"
"05_통합사업기획/TS_업무별_상세설계_산정_2026-09-15/업무/TS-P17/architecture.svg","7378","2026-09-15T05:50:10.588Z",".svg"
"05_통합사업기획/TS_업무별_상세설계_산정_2026-09-15/업무/TS-P17/user.svg","7221","2026-09-15T05:50:10.606Z",".svg"
"05_통합사업기획/TS_업무별_상세설계_산정_2026-09-15/업무/TS-P17/data.svg","6759","2026-09-15T05:50:10.623Z",".svg"
"05_통합사업기획/TS_업무별_상세설계_산정_2026-09-15/업무/TS-P17/01_서비스_컨셉.md","4210","2026-09-15T05:41:19.223Z",".md"
"05_통합사업기획/TS_업무별_상세설계_산정_2026-09-15/업무/TS-P17/01_서비스_컨셉.html","8190","2026-09-15T05:41:19.251Z",".html"
"05_통합사업기획/TS_업무별_상세설계_산정_2026-09-15/업무/TS-P17/02_전체_아키텍처.md","5374","2026-09-15T05:41:19.279Z",".md"
"05_통합사업기획/TS_업무별_상세설계_산정_2026-09-15/업무/TS-P17/02_전체_아키텍처.html","9443","2026-09-15T05:41:19.305Z",".html"
"05_통합사업기획/TS_업무별_상세설계_산정_2026-09-15/업무/TS-P17/03_사용자_흐름.md","5075","2026-09-15T05:41:19.329Z",".md"
"05_통합사업기획/TS_업무별_상세설계_산정_2026-09-15/업무/TS-P17/03_사용자_흐름.html","9380","2026-09-15T05:41:19.356Z",".html"
"05_통합사업기획/TS_업무별_상세설계_산정_2026-09-15/업무/TS-P17/04_데이터_흐름.md","4323","2026-09-15T05:41:19.381Z",".md"
"05_통합사업기획/TS_업무별_상세설계_산정_2026-09-15/업무/TS-P17/04_데이터_흐름.html","8501","2026-09-15T05:41:19.409Z",".html"
"05_통합사업기획/TS_업무별_상세설계_산정_2026-09-15/업무/TS-P17/05_요구사항_검수.md","6869","2026-09-15T05:41:19.439Z",".md"
"05_통합사업기획/TS_업무별_상세설계_산정_2026-09-15/업무/TS-P17/05_요구사항_검수.html","10861","2026-09-15T05:41:19.468Z",".html"
"05_통합사업기획/TS_업무별_상세설계_산정_2026-09-15/업무/TS-P17/06_비용_산정.md","4886","2026-09-15T05:41:19.497Z",".md"
"05_통합사업기획/TS_업무별_상세설계_산정_2026-09-15/업무/TS-P17/06_비용_산정.html","14274","2026-09-15T05:41:19.525Z",".html"
"05_통합사업기획/TS_업무별_상세설계_산정_2026-09-15/업무/TS-P17/07_일정_운영.md","4550","2026-09-15T05:41:19.549Z",".md"
"05_통합사업기획/TS_업무별_상세설계_산정_2026-09-15/업무/TS-P17/07_일정_운영.html","7639","2026-09-15T05:41:19.576Z",".html"
"05_통합사업기획/TS_업무별_상세설계_산정_2026-09-15/업무/TS-P18/concept.svg","6242","2026-09-15T05:50:10.642Z",".svg"
"05_통합사업기획/TS_업무별_상세설계_산정_2026-09-15/업무/TS-P18/architecture.svg","7343","2026-09-15T05:50:10.674Z",".svg"
"05_통합사업기획/TS_업무별_상세설계_산정_2026-09-15/업무/TS-P18/user.svg","7170","2026-09-15T05:50:10.689Z",".svg"
"05_통합사업기획/TS_업무별_상세설계_산정_2026-09-15/업무/TS-P18/data.svg","6750","2026-09-15T05:50:10.704Z",".svg"
"05_통합사업기획/TS_업무별_상세설계_산정_2026-09-15/업무/TS-P18/01_서비스_컨셉.md","4269","2026-09-15T05:41:19.725Z",".md"
"05_통합사업기획/TS_업무별_상세설계_산정_2026-09-15/업무/TS-P18/01_서비스_컨셉.html","8249","2026-09-15T05:41:19.751Z",".html"
"05_통합사업기획/TS_업무별_상세설계_산정_2026-09-15/업무/TS-P18/02_전체_아키텍처.md","5358","2026-09-15T05:41:19.777Z",".md"
"05_통합사업기획/TS_업무별_상세설계_산정_2026-09-15/업무/TS-P18/02_전체_아키텍처.html","9427","2026-09-15T05:41:19.803Z",".html"
"05_통합사업기획/TS_업무별_상세설계_산정_2026-09-15/업무/TS-P18/03_사용자_흐름.md","5180","2026-09-15T05:41:19.833Z",".md"
"05_통합사업기획/TS_업무별_상세설계_산정_2026-09-15/업무/TS-P18/03_사용자_흐름.html","9485","2026-09-15T05:41:19.862Z",".html"
"05_통합사업기획/TS_업무별_상세설계_산정_2026-09-15/업무/TS-P18/04_데이터_흐름.md","4350","2026-09-15T05:41:19.886Z",".md"
"05_통합사업기획/TS_업무별_상세설계_산정_2026-09-15/업무/TS-P18/04_데이터_흐름.html","8528","2026-09-15T05:41:19.915Z",".html"
"05_통합사업기획/TS_업무별_상세설계_산정_2026-09-15/업무/TS-P18/05_요구사항_검수.md","6959","2026-09-15T05:41:19.940Z",".md"
"05_통합사업기획/TS_업무별_상세설계_산정_2026-09-15/업무/TS-P18/05_요구사항_검수.html","10951","2026-09-15T05:41:19.966Z",".html"
"05_통합사업기획/TS_업무별_상세설계_산정_2026-09-15/업무/TS-P18/06_비용_산정.md","4915","2026-09-15T05:41:19.992Z",".md"
"05_통합사업기획/TS_업무별_상세설계_산정_2026-09-15/업무/TS-P18/06_비용_산정.html","14303","2026-09-15T05:41:20.018Z",".html"
"05_통합사업기획/TS_업무별_상세설계_산정_2026-09-15/업무/TS-P18/07_일정_운영.md","4621","2026-09-15T05:41:20.044Z",".md"
"05_통합사업기획/TS_업무별_상세설계_산정_2026-09-15/업무/TS-P18/07_일정_운영.html","7710","2026-09-15T05:41:20.069Z",".html"
"05_통합사업기획/TS_업무별_상세설계_산정_2026-09-15/업무/TS-P19/concept.svg","6305","2026-09-15T05:50:10.724Z",".svg"
"05_통합사업기획/TS_업무별_상세설계_산정_2026-09-15/업무/TS-P19/architecture.svg","7361","2026-09-15T05:50:10.740Z",".svg"
"05_통합사업기획/TS_업무별_상세설계_산정_2026-09-15/업무/TS-P19/user.svg","7188","2026-09-15T05:50:10.757Z",".svg"
"05_통합사업기획/TS_업무별_상세설계_산정_2026-09-15/업무/TS-P19/data.svg","6764","2026-09-15T05:50:10.775Z",".svg"
"05_통합사업기획/TS_업무별_상세설계_산정_2026-09-15/업무/TS-P19/01_서비스_컨셉.md","4857","2026-09-15T05:41:20.210Z",".md"
"05_통합사업기획/TS_업무별_상세설계_산정_2026-09-15/업무/TS-P19/01_서비스_컨셉.html","8855","2026-09-15T05:41:20.234Z",".html"
"05_통합사업기획/TS_업무별_상세설계_산정_2026-09-15/업무/TS-P19/02_전체_아키텍처.md","6091","2026-09-15T05:41:20.258Z",".md"
"05_통합사업기획/TS_업무별_상세설계_산정_2026-09-15/업무/TS-P19/02_전체_아키텍처.html","10178","2026-09-15T05:41:20.286Z",".html"
"05_통합사업기획/TS_업무별_상세설계_산정_2026-09-15/업무/TS-P19/03_사용자_흐름.md","5750","2026-09-15T05:41:20.312Z",".md"
"05_통합사업기획/TS_업무별_상세설계_산정_2026-09-15/업무/TS-P19/03_사용자_흐름.html","10073","2026-09-15T05:41:20.338Z",".html"
"05_통합사업기획/TS_업무별_상세설계_산정_2026-09-15/업무/TS-P19/04_데이터_흐름.md","4959","2026-09-15T05:41:20.362Z",".md"
"05_통합사업기획/TS_업무별_상세설계_산정_2026-09-15/업무/TS-P19/04_데이터_흐름.html","9155","2026-09-15T05:41:20.388Z",".html"
"05_통합사업기획/TS_업무별_상세설계_산정_2026-09-15/업무/TS-P19/05_요구사항_검수.md","7595","2026-09-15T05:41:20.414Z",".md"
"05_통합사업기획/TS_업무별_상세설계_산정_2026-09-15/업무/TS-P19/05_요구사항_검수.html","11605","2026-09-15T05:41:20.438Z",".html"
"05_통합사업기획/TS_업무별_상세설계_산정_2026-09-15/업무/TS-P19/06_비용_산정.md","5443","2026-09-15T05:41:20.471Z",".md"
"05_통합사업기획/TS_업무별_상세설계_산정_2026-09-15/업무/TS-P19/06_비용_산정.html","14849","2026-09-15T05:41:20.497Z",".html"
"05_통합사업기획/TS_업무별_상세설계_산정_2026-09-15/업무/TS-P19/07_일정_운영.md","5148","2026-09-15T05:41:20.585Z",".md"
"05_통합사업기획/TS_업무별_상세설계_산정_2026-09-15/업무/TS-P19/07_일정_운영.html","8255","2026-09-15T05:41:20.811Z",".html"
"05_통합사업기획/TS_업무별_상세설계_산정_2026-09-15/업무/TS-P20/concept.svg","6265","2026-09-15T05:50:10.793Z",".svg"
"05_통합사업기획/TS_업무별_상세설계_산정_2026-09-15/업무/TS-P20/architecture.svg","7366","2026-09-15T05:50:10.809Z",".svg"
"05_통합사업기획/TS_업무별_상세설계_산정_2026-09-15/업무/TS-P20/user.svg","7178","2026-09-15T05:50:10.825Z",".svg"
"05_통합사업기획/TS_업무별_상세설계_산정_2026-09-15/업무/TS-P20/data.svg","6759","2026-09-15T05:50:10.841Z",".svg"
"05_통합사업기획/TS_업무별_상세설계_산정_2026-09-15/업무/TS-P20/01_서비스_컨셉.md","4331","2026-09-15T05:41:20.985Z",".md"
"05_통합사업기획/TS_업무별_상세설계_산정_2026-09-15/업무/TS-P20/01_서비스_컨셉.html","8311","2026-09-15T05:41:21.016Z",".html"
"05_통합사업기획/TS_업무별_상세설계_산정_2026-09-15/업무/TS-P20/02_전체_아키텍처.md","5377","2026-09-15T05:41:21.046Z",".md"
"05_통합사업기획/TS_업무별_상세설계_산정_2026-09-15/업무/TS-P20/02_전체_아키텍처.html","9446","2026-09-15T05:41:21.075Z",".html"
"05_통합사업기획/TS_업무별_상세설계_산정_2026-09-15/업무/TS-P20/03_사용자_흐름.md","5117","2026-09-15T05:41:21.101Z",".md"
"05_통합사업기획/TS_업무별_상세설계_산정_2026-09-15/업무/TS-P20/03_사용자_흐름.html","9422","2026-09-15T05:41:21.127Z",".html"
"05_통합사업기획/TS_업무별_상세설계_산정_2026-09-15/업무/TS-P20/04_데이터_흐름.md","4325","2026-09-15T05:41:21.155Z",".md"
"05_통합사업기획/TS_업무별_상세설계_산정_2026-09-15/업무/TS-P20/04_데이터_흐름.html","8503","2026-09-15T05:41:21.181Z",".html"
"05_통합사업기획/TS_업무별_상세설계_산정_2026-09-15/업무/TS-P20/05_요구사항_검수.md","6992","2026-09-15T05:41:21.207Z",".md"
"05_통합사업기획/TS_업무별_상세설계_산정_2026-09-15/업무/TS-P20/05_요구사항_검수.html","10984","2026-09-15T05:41:21.272Z",".html"
"05_통합사업기획/TS_업무별_상세설계_산정_2026-09-15/업무/TS-P20/06_비용_산정.md","4867","2026-09-15T05:41:21.297Z",".md"
"05_통합사업기획/TS_업무별_상세설계_산정_2026-09-15/업무/TS-P20/06_비용_산정.html","14255","2026-09-15T05:41:21.323Z",".html"
"05_통합사업기획/TS_업무별_상세설계_산정_2026-09-15/업무/TS-P20/07_일정_운영.md","4563","2026-09-15T05:41:21.350Z",".md"
"05_통합사업기획/TS_업무별_상세설계_산정_2026-09-15/업무/TS-P20/07_일정_운영.html","7652","2026-09-15T05:41:21.376Z",".html"
"05_통합사업기획/TS_업무별_상세설계_산정_2026-09-15/업무/TS-P21/concept.svg","6268","2026-09-15T05:50:10.858Z",".svg"
"05_통합사업기획/TS_업무별_상세설계_산정_2026-09-15/업무/TS-P21/architecture.svg","7352","2026-09-15T05:50:10.872Z",".svg"
"05_통합사업기획/TS_업무별_상세설계_산정_2026-09-15/업무/TS-P21/user.svg","7170","2026-09-15T05:50:10.898Z",".svg"
"05_통합사업기획/TS_업무별_상세설계_산정_2026-09-15/업무/TS-P21/data.svg","6749","2026-09-15T05:50:10.914Z",".svg"
"05_통합사업기획/TS_업무별_상세설계_산정_2026-09-15/업무/TS-P21/01_서비스_컨셉.md","4506","2026-09-15T05:41:21.524Z",".md"
"05_통합사업기획/TS_업무별_상세설계_산정_2026-09-15/업무/TS-P21/01_서비스_컨셉.html","8504","2026-09-15T05:41:21.552Z",".html"
"05_통합사업기획/TS_업무별_상세설계_산정_2026-09-15/업무/TS-P21/02_전체_아키텍처.md","5555","2026-09-15T05:41:21.577Z",".md"
"05_통합사업기획/TS_업무별_상세설계_산정_2026-09-15/업무/TS-P21/02_전체_아키텍처.html","9642","2026-09-15T05:41:21.604Z",".html"
"05_통합사업기획/TS_업무별_상세설계_산정_2026-09-15/업무/TS-P21/03_사용자_흐름.md","5300","2026-09-15T05:41:21.629Z",".md"
"05_통합사업기획/TS_업무별_상세설계_산정_2026-09-15/업무/TS-P21/03_사용자_흐름.html","9623","2026-09-15T05:41:21.657Z",".html"
"05_통합사업기획/TS_업무별_상세설계_산정_2026-09-15/업무/TS-P21/04_데이터_흐름.md","4481","2026-09-15T05:41:21.682Z",".md"
"05_통합사업기획/TS_업무별_상세설계_산정_2026-09-15/업무/TS-P21/04_데이터_흐름.html","8677","2026-09-15T05:41:21.707Z",".html"
"05_통합사업기획/TS_업무별_상세설계_산정_2026-09-15/업무/TS-P21/05_요구사항_검수.md","7086","2026-09-15T05:41:21.733Z",".md"
"05_통합사업기획/TS_업무별_상세설계_산정_2026-09-15/업무/TS-P21/05_요구사항_검수.html","11096","2026-09-15T05:41:21.761Z",".html"
"05_통합사업기획/TS_업무별_상세설계_산정_2026-09-15/업무/TS-P21/06_비용_산정.md","5014","2026-09-15T05:41:21.785Z",".md"
"05_통합사업기획/TS_업무별_상세설계_산정_2026-09-15/업무/TS-P21/06_비용_산정.html","14420","2026-09-15T05:41:21.812Z",".html"
"05_통합사업기획/TS_업무별_상세설계_산정_2026-09-15/업무/TS-P21/07_일정_운영.md","4757","2026-09-15T05:41:21.836Z",".md"
"05_통합사업기획/TS_업무별_상세설계_산정_2026-09-15/업무/TS-P21/07_일정_운영.html","7864","2026-09-15T05:41:21.862Z",".html"
"05_통합사업기획/TS_업무별_상세설계_산정_2026-09-15/업무/TS-P22/concept.svg","6284","2026-09-15T05:50:10.932Z",".svg"
"05_통합사업기획/TS_업무별_상세설계_산정_2026-09-15/업무/TS-P22/architecture.svg","7363","2026-09-15T05:50:10.948Z",".svg"
"05_통합사업기획/TS_업무별_상세설계_산정_2026-09-15/업무/TS-P22/user.svg","7213","2026-09-15T05:50:10.965Z",".svg"
"05_통합사업기획/TS_업무별_상세설계_산정_2026-09-15/업무/TS-P22/data.svg","6767","2026-09-15T05:50:10.980Z",".svg"
"05_통합사업기획/TS_업무별_상세설계_산정_2026-09-15/업무/TS-P22/01_서비스_컨셉.md","4601","2026-09-15T05:41:22.008Z",".md"
"05_통합사업기획/TS_업무별_상세설계_산정_2026-09-15/업무/TS-P22/01_서비스_컨셉.html","8599","2026-09-15T05:41:22.033Z",".html"
"05_통합사업기획/TS_업무별_상세설계_산정_2026-09-15/업무/TS-P22/02_전체_아키텍처.md","5599","2026-09-15T05:41:22.056Z",".md"
"05_통합사업기획/TS_업무별_상세설계_산정_2026-09-15/업무/TS-P22/02_전체_아키텍처.html","9686","2026-09-15T05:41:22.082Z",".html"
"05_통합사업기획/TS_업무별_상세설계_산정_2026-09-15/업무/TS-P22/03_사용자_흐름.md","5397","2026-09-15T05:41:22.107Z",".md"
"05_통합사업기획/TS_업무별_상세설계_산정_2026-09-15/업무/TS-P22/03_사용자_흐름.html","9720","2026-09-15T05:41:22.128Z",".html"
"05_통합사업기획/TS_업무별_상세설계_산정_2026-09-15/업무/TS-P22/04_데이터_흐름.md","4632","2026-09-15T05:41:22.154Z",".md"
"05_통합사업기획/TS_업무별_상세설계_산정_2026-09-15/업무/TS-P22/04_데이터_흐름.html","8828","2026-09-15T05:41:22.181Z",".html"
"05_통합사업기획/TS_업무별_상세설계_산정_2026-09-15/업무/TS-P22/05_요구사항_검수.md","7233","2026-09-15T05:41:22.206Z",".md"
"05_통합사업기획/TS_업무별_상세설계_산정_2026-09-15/업무/TS-P22/05_요구사항_검수.html","11243","2026-09-15T05:41:22.230Z",".html"
"05_통합사업기획/TS_업무별_상세설계_산정_2026-09-15/업무/TS-P22/06_비용_산정.md","5136","2026-09-15T05:41:22.255Z",".md"
"05_통합사업기획/TS_업무별_상세설계_산정_2026-09-15/업무/TS-P22/06_비용_산정.html","14542","2026-09-15T05:41:22.279Z",".html"
"05_통합사업기획/TS_업무별_상세설계_산정_2026-09-15/업무/TS-P22/07_일정_운영.md","4864","2026-09-15T05:41:22.305Z",".md"
"05_통합사업기획/TS_업무별_상세설계_산정_2026-09-15/업무/TS-P22/07_일정_운영.html","7971","2026-09-15T05:41:22.331Z",".html"
"05_통합사업기획/TS_업무별_상세설계_산정_2026-09-15/추가후보/TS-P23/concept.svg","6402","2026-09-15T05:50:10.996Z",".svg"
"05_통합사업기획/TS_업무별_상세설계_산정_2026-09-15/추가후보/TS-P23/architecture.svg","7418","2026-09-15T05:50:11.011Z",".svg"
"05_통합사업기획/TS_업무별_상세설계_산정_2026-09-15/추가후보/TS-P23/user.svg","7315","2026-09-15T05:50:11.026Z",".svg"
"05_통합사업기획/TS_업무별_상세설계_산정_2026-09-15/추가후보/TS-P23/data.svg","6846","2026-09-15T05:50:11.040Z",".svg"
"05_통합사업기획/TS_업무별_상세설계_산정_2026-09-15/추가후보/TS-P23/01_서비스_컨셉.md","8112","2026-09-15T05:44:50.343Z",".md"
"05_통합사업기획/TS_업무별_상세설계_산정_2026-09-15/추가후보/TS-P23/01_서비스_컨셉.html","13234","2026-09-15T06:25:56.719Z",".html"
"05_통합사업기획/TS_업무별_상세설계_산정_2026-09-15/추가후보/TS-P23/02_전체_아키텍처.md","6514","2026-09-15T05:44:50.413Z",".md"
"05_통합사업기획/TS_업무별_상세설계_산정_2026-09-15/추가후보/TS-P23/02_전체_아키텍처.html","11035","2026-09-15T06:25:56.786Z",".html"
"05_통합사업기획/TS_업무별_상세설계_산정_2026-09-15/추가후보/TS-P23/03_사용자_흐름.md","5739","2026-09-15T05:44:50.481Z",".md"
"05_통합사업기획/TS_업무별_상세설계_산정_2026-09-15/추가후보/TS-P23/03_사용자_흐름.html","10488","2026-09-15T06:25:56.850Z",".html"
"05_통합사업기획/TS_업무별_상세설계_산정_2026-09-15/추가후보/TS-P23/04_데이터_흐름.md","5141","2026-09-15T05:44:50.550Z",".md"
"05_통합사업기획/TS_업무별_상세설계_산정_2026-09-15/추가후보/TS-P23/04_데이터_흐름.html","9771","2026-09-15T06:25:56.911Z",".html"
"05_통합사업기획/TS_업무별_상세설계_산정_2026-09-15/추가후보/TS-P23/05_요구사항_검수.md","7808","2026-09-15T05:44:50.689Z",".md"
"05_통합사업기획/TS_업무별_상세설계_산정_2026-09-15/추가후보/TS-P23/05_요구사항_검수.html","12244","2026-09-15T06:25:56.975Z",".html"
"05_통합사업기획/TS_업무별_상세설계_산정_2026-09-15/추가후보/TS-P23/06_비용_산정.md","5950","2026-09-15T05:50:11.242Z",".md"
"05_통합사업기획/TS_업무별_상세설계_산정_2026-09-15/추가후보/TS-P23/06_비용_산정.html","15979","2026-09-15T06:25:57.049Z",".html"
"05_통합사업기획/TS_업무별_상세설계_산정_2026-09-15/추가후보/TS-P23/07_일정_운영.md","5403","2026-09-15T05:44:50.847Z",".md"
"05_통합사업기획/TS_업무별_상세설계_산정_2026-09-15/추가후보/TS-P23/07_일정_운영.html","8944","2026-09-15T06:25:57.113Z",".html"
"05_통합사업기획/TS_업무별_상세설계_산정_2026-09-15/자산/report.css","4428","2026-09-15T05:50:11.301Z",".css"
"05_통합사업기획/TS_업무별_상세설계_산정_2026-09-15/자산/cost.js","3488","2026-09-15T05:41:22.883Z",".js"
"05_통합사업기획/TS_업무별_상세설계_산정_2026-09-15/자산/calculator.js","4368","2026-09-15T05:41:22.908Z",".js"
"05_통합사업기획/TS_업무별_상세설계_산정_2026-09-15/자산/common-architecture.svg","7382","2026-09-15T05:50:11.057Z",".svg"
"05_통합사업기획/TS_업무별_상세설계_산정_2026-09-15/04_설계_산정원장.json","261502","2026-09-15T05:41:22.935Z",".json"
"05_통합사업기획/TS_업무별_상세설계_산정_2026-09-15/05_도식_연결원장.json","327213","2026-09-15T05:50:11.075Z",".json"
"05_통합사업기획/TS_업무별_상세설계_산정_2026-09-15/00_상세설계_통합보기.md","13283","2026-09-15T06:25:57.273Z",".md"
"05_통합사업기획/TS_업무별_상세설계_산정_2026-09-15/00_상세설계_통합보기.html","29124","2026-09-15T06:25:56.613Z",".html"
"05_통합사업기획/TS_업무별_상세설계_산정_2026-09-15/03_산정기준_근거.md","5180","2026-09-15T05:41:23.039Z",".md"
"05_통합사업기획/TS_업무별_상세설계_산정_2026-09-15/03_산정기준_근거.html","7845","2026-09-15T05:44:51.010Z",".html"
"05_통합사업기획/TS_업무별_상세설계_산정_2026-09-15/02_통합_비용산정.md","877","2026-09-15T05:41:23.087Z",".md"
"05_통합사업기획/TS_업무별_상세설계_산정_2026-09-15/02_통합_비용산정.html","17448","2026-09-15T05:44:51.111Z",".html"
"05_통합사업기획/TS_업무별_상세설계_산정_2026-09-15/01_공통_아키텍처.md","3375","2026-09-15T05:41:23.192Z",".md"
"05_통합사업기획/TS_업무별_상세설계_산정_2026-09-15/01_공통_아키텍처.html","6519","2026-09-15T05:44:51.189Z",".html"
"05_통합사업기획/TS_업무별_상세설계_산정_2026-09-15/근거/출처원장.json","31637","2026-09-15T05:41:23.263Z",".json"
"05_통합사업기획/TS_업무별_상세설계_산정_2026-09-15/06_요구사항_시험추적.json","81349","2026-09-15T05:41:23.289Z",".json"
"05_통합사업기획/TS_업무별_상세설계_산정_2026-09-15/README.md","1716","2026-09-15T05:41:23.315Z",".md"
"05_통합사업기획/TS_업무별_상세설계_산정_2026-09-15/검증기록.md","3730","2026-09-15T05:54:58.764Z",".md"
"05_통합사업기획/TS_업무별_상세설계_산정_2026-09-15/작성자료/ts_pages_build.cjs","30781","2026-09-15T05:50:11.306Z",".cjs"
"05_통합사업기획/TS_업무별_상세설계_산정_2026-09-15/작성자료/ts_pages_content.cjs","19743","2026-09-15T05:41:23.408Z",".cjs"
"05_통합사업기획/TS_업무별_상세설계_산정_2026-09-15/작성자료/ts_pages_profiles.cjs","7722","2026-09-15T05:41:23.436Z",".cjs"
"05_통합사업기획/TS_업무별_상세설계_산정_2026-09-15/작성자료/ts_pages_p23.cjs","8419","2026-09-15T05:41:23.462Z",".cjs"
"05_통합사업기획/TS_업무별_상세설계_산정_2026-09-15/작성자료/ts_pages_diagrams.cjs","10067","2026-09-15T05:50:09.301Z",".cjs"
"05_통합사업기획/TS_업무별_상세설계_산정_2026-09-15/작성자료/ts_pages_cost.js","3488","2026-09-15T05:41:23.506Z",".js"
"05_통합사업기획/TS_업무별_상세설계_산정_2026-09-15/작성자료/ts_pages_client.js","4368","2026-09-15T05:41:23.531Z",".js"
"05_통합사업기획/TS_업무별_상세설계_산정_2026-09-15/작성자료/ts_pages_qa.cjs","9025","2026-09-15T05:56:22.739Z",".cjs"
"05_통합사업기획/TS_업무별_상세설계_산정_2026-09-15/작성자료/ts_pages_visual_qa.cjs","2673","2026-09-15T05:51:35.645Z",".cjs"
"05_통합사업기획/TS_업무별_상세설계_산정_2026-09-15/작성자료/ts_pages_polish.cjs","4467","2026-09-15T05:49:37.439Z",".cjs"
"05_통합사업기획/TS_업무별_상세설계_산정_2026-09-15/작성자료/ts_pages_fix.cjs","1117","2026-09-15T05:44:33.235Z",".cjs"
"05_통합사업기획/TS_업무별_상세설계_산정_2026-09-15/작성자료/ts_pages_finish.cjs","8927","2026-09-15T05:54:18.036Z",".cjs"
"05_통합사업기획/TS_업무별_상세설계_산정_2026-09-15/작성자료/ts_pages_audit_finalize.cjs","1427","2026-09-15T05:56:18.102Z",".cjs"
"05_통합사업기획/TS_업무별_상세설계_산정_2026-09-15/검증/자동검증_결과.json","28471","2026-09-15T05:53:04.628Z",".json"
"05_통합사업기획/TS_업무별_상세설계_산정_2026-09-15/검증/도식_경계_키보드_결과.json","227","2026-09-15T05:51:58.558Z",".json"
"05_통합사업기획/TS_업무별_상세설계_산정_2026-09-15/검증/index.png","79283","2026-09-15T05:53:03.632Z",".png"
"05_통합사업기획/TS_업무별_상세설계_산정_2026-09-15/검증/p06-architecture.png","87562","2026-09-15T05:53:02.412Z",".png"
"05_통합사업기획/TS_업무별_상세설계_산정_2026-09-15/검증/p10-concept.png","77733","2026-09-15T05:53:02.128Z",".png"
"05_통합사업기획/TS_업무별_상세설계_산정_2026-09-15/검증/p17-user.png","92453","2026-09-15T05:53:02.699Z",".png"
"05_통합사업기획/TS_업무별_상세설계_산정_2026-09-15/검증/p23-concept.png","80724","2026-09-15T05:53:03.456Z",".png"
"05_통합사업기획/TS_업무별_상세설계_산정_2026-09-15/검증/p23-cost-mobile.png","41283","2026-09-15T05:53:03.166Z",".png"
"05_통합사업기획/TS_업무별_상세설계_산정_2026-09-15/검증/p23-cost-results-mobile.png","22969","2026-09-15T05:51:58.538Z",".png"
"05_통합사업기획/TS_업무별_상세설계_산정_2026-09-15/검증/p23-cost-results.png","22229","2026-09-15T05:51:58.381Z",".png"
"05_통합사업기획/TS_업무별_상세설계_산정_2026-09-15/검증/p23-data.png","85222","2026-09-15T05:53:02.977Z",".png"
"05_통합사업기획/TS_업무별_상세설계_산정_2026-09-15/검증/최신_안내_연결검증.json","1276","2026-09-15T05:55:01.154Z",".json"
"05_통합사업기획/TS_업무별_상세설계_산정_2026-09-15/기준_변경전/README.md","22933","2026-09-15T05:54:58.392Z",".md"
"05_통합사업기획/TS_업무별_상세설계_산정_2026-09-15/기준_변경전/05_통합사업기획/TS_22개업무_고도화보고서_2026-09-15/00_고도화보고서_통합보기.html","41496","2026-09-15T05:54:58.593Z",".html"
"05_통합사업기획/TS_업무별_상세설계_산정_2026-09-15/기준_변경전/05_통합사업기획/TS_22개업무_고도화보고서_2026-09-15/00_고도화보고서_통합보기.md","31664","2026-09-15T05:54:58.700Z",".md"
"05_통합사업기획/TS_업무별_상세설계_산정_2026-09-15/변경파일_기록.json","80122","2026-09-15T05:56:30.595Z",".json"
"05_통합사업기획/P23_정책기획_예산요구_발주전환_v1.1_2026-09-15/자산/concept.svg","6198","2026-09-15T06:21:26.873Z",".svg"
"05_통합사업기획/P23_정책기획_예산요구_발주전환_v1.1_2026-09-15/자산/architecture.svg","6175","2026-09-15T06:21:26.892Z",".svg"
"05_통합사업기획/P23_정책기획_예산요구_발주전환_v1.1_2026-09-15/자산/user.svg","6255","2026-09-15T06:21:26.911Z",".svg"
"05_통합사업기획/P23_정책기획_예산요구_발주전환_v1.1_2026-09-15/자산/data.svg","6200","2026-09-15T06:21:26.930Z",".svg"
"05_통합사업기획/P23_정책기획_예산요구_발주전환_v1.1_2026-09-15/자산/report.css","4577","2026-09-15T06:21:26.949Z",".css"
"05_통합사업기획/P23_정책기획_예산요구_발주전환_v1.1_2026-09-15/자산/demo.js","6682","2026-09-15T06:21:19.288Z",".js"
"05_통합사업기획/P23_정책기획_예산요구_발주전환_v1.1_2026-09-15/00_기획_전체보기.md","5948","2026-09-15T08:20:01.149Z",".md"
"05_통합사업기획/P23_정책기획_예산요구_발주전환_v1.1_2026-09-15/00_기획_전체보기.html","10757","2026-09-15T08:20:01.046Z",".html"
"05_통합사업기획/P23_정책기획_예산요구_발주전환_v1.1_2026-09-15/01_자료와_문제정의.md","4325","2026-09-15T07:14:10.093Z",".md"
"05_통합사업기획/P23_정책기획_예산요구_발주전환_v1.1_2026-09-15/01_자료와_문제정의.html","8787","2026-09-15T07:14:10.030Z",".html"
"05_통합사업기획/P23_정책기획_예산요구_발주전환_v1.1_2026-09-15/02_사업과_예산요구.md","4526","2026-09-15T07:14:10.212Z",".md"
"05_통합사업기획/P23_정책기획_예산요구_발주전환_v1.1_2026-09-15/02_사업과_예산요구.html","9006","2026-09-15T07:14:10.153Z",".html"
"05_통합사업기획/P23_정책기획_예산요구_발주전환_v1.1_2026-09-15/03_양식과_필드매핑.md","6125","2026-09-15T07:14:10.346Z",".md"
"05_통합사업기획/P23_정책기획_예산요구_발주전환_v1.1_2026-09-15/03_양식과_필드매핑.html","10988","2026-09-15T07:14:10.280Z",".html"
"05_통합사업기획/P23_정책기획_예산요구_발주전환_v1.1_2026-09-15/04_아키텍처와_흐름.md","4109","2026-09-15T07:14:10.466Z",".md"
"05_통합사업기획/P23_정책기획_예산요구_발주전환_v1.1_2026-09-15/04_아키텍처와_흐름.html","8659","2026-09-15T07:14:10.396Z",".html"
"05_통합사업기획/P23_정책기획_예산요구_발주전환_v1.1_2026-09-15/05_RFP와_공고전환.md","4123","2026-09-15T07:14:10.577Z",".md"
"05_통합사업기획/P23_정책기획_예산요구_발주전환_v1.1_2026-09-15/05_RFP와_공고전환.html","8302","2026-09-15T07:14:10.518Z",".html"
"05_통합사업기획/P23_정책기획_예산요구_발주전환_v1.1_2026-09-15/06_요구사항과_검증.md","7872","2026-09-15T07:14:10.696Z",".md"
"05_통합사업기획/P23_정책기획_예산요구_발주전환_v1.1_2026-09-15/06_요구사항과_검증.html","12950","2026-09-15T07:14:10.639Z",".html"
"05_통합사업기획/P23_정책기획_예산요구_발주전환_v1.1_2026-09-15/07_비용과_도입계획.md","5841","2026-09-15T07:14:10.819Z",".md"
"05_통합사업기획/P23_정책기획_예산요구_발주전환_v1.1_2026-09-15/07_비용과_도입계획.html","10716","2026-09-15T07:14:10.757Z",".html"
"05_통합사업기획/P23_정책기획_예산요구_발주전환_v1.1_2026-09-15/08_문서전환_시연.md","1736","2026-09-15T07:14:10.939Z",".md"
"05_통합사업기획/P23_정책기획_예산요구_발주전환_v1.1_2026-09-15/08_문서전환_시연.html","7434","2026-09-15T07:14:10.880Z",".html"
"05_통합사업기획/P23_정책기획_예산요구_발주전환_v1.1_2026-09-15/서식/F01_문제정의_정책사업_검토서.md","2176","2026-09-15T07:14:11.106Z",".md"
"05_통합사업기획/P23_정책기획_예산요구_발주전환_v1.1_2026-09-15/서식/F01_문제정의_정책사업_검토서.html","6691","2026-09-15T07:14:11.036Z",".html"
"05_통합사업기획/P23_정책기획_예산요구_발주전환_v1.1_2026-09-15/서식/F02_예산요구_사업설명자료.md","2618","2026-09-15T07:14:11.233Z",".md"
"05_통합사업기획/P23_정책기획_예산요구_발주전환_v1.1_2026-09-15/서식/F02_예산요구_사업설명자료.html","7023","2026-09-15T07:14:11.165Z",".html"
"05_통합사업기획/P23_정책기획_예산요구_발주전환_v1.1_2026-09-15/서식/F03_2027_신규사업_리스트.md","2274","2026-09-15T07:14:11.389Z",".md"
"05_통합사업기획/P23_정책기획_예산요구_발주전환_v1.1_2026-09-15/서식/F03_2027_신규사업_리스트.html","6587","2026-09-15T07:14:11.309Z",".html"
"05_통합사업기획/P23_정책기획_예산요구_발주전환_v1.1_2026-09-15/서식/F04_발주기관_RFP_초안.md","2012","2026-09-15T07:14:11.532Z",".md"
"05_통합사업기획/P23_정책기획_예산요구_발주전환_v1.1_2026-09-15/서식/F04_발주기관_RFP_초안.html","6081","2026-09-15T07:14:11.464Z",".html"
"05_통합사업기획/P23_정책기획_예산요구_발주전환_v1.1_2026-09-15/서식/F05_공고작성_인계서.md","1794","2026-09-15T07:14:11.666Z",".md"
"05_통합사업기획/P23_정책기획_예산요구_발주전환_v1.1_2026-09-15/서식/F05_공고작성_인계서.html","6026","2026-09-15T07:14:11.594Z",".html"
"05_통합사업기획/P23_정책기획_예산요구_발주전환_v1.1_2026-09-15/서식/F06_심의질의_답변보완표.md","1578","2026-09-15T07:14:11.788Z",".md"
"05_통합사업기획/P23_정책기획_예산요구_발주전환_v1.1_2026-09-15/서식/F06_심의질의_답변보완표.html","5739","2026-09-15T07:14:11.719Z",".html"
"05_통합사업기획/P23_정책기획_예산요구_발주전환_v1.1_2026-09-15/근거_출처와_검증상태.md","3506","2026-09-15T06:21:27.552Z",".md"
"05_통합사업기획/P23_정책기획_예산요구_발주전환_v1.1_2026-09-15/원장/출처.json","3694","2026-09-15T06:21:27.580Z",".json"
"05_통합사업기획/P23_정책기획_예산요구_발주전환_v1.1_2026-09-15/원장/양식프로필.json","2176","2026-09-15T06:21:27.598Z",".json"
"05_통합사업기획/P23_정책기획_예산요구_발주전환_v1.1_2026-09-15/원장/요구사항_시험추적.json","5941","2026-09-15T06:21:27.617Z",".json"
"05_통합사업기획/P23_정책기획_예산요구_발주전환_v1.1_2026-09-15/원장/비용산정.json","3770","2026-09-15T06:21:27.635Z",".json"
"05_통합사업기획/P23_정책기획_예산요구_발주전환_v1.1_2026-09-15/원장/도식.json","12518","2026-09-15T06:21:27.654Z",".json"
"05_통합사업기획/P23_정책기획_예산요구_발주전환_v1.1_2026-09-15/README.md","794","2026-09-15T08:01:43.233Z",".md"
"05_통합사업기획/P23_정책기획_예산요구_발주전환_v1.1_2026-09-15/작성자료/p23x_build.cjs","69152","2026-09-15T06:19:38.222Z",".cjs"
"05_통합사업기획/P23_정책기획_예산요구_발주전환_v1.1_2026-09-15/작성자료/ts_pages_cost.js","3488","2026-09-15T05:25:01.075Z",".js"
"05_통합사업기획/P23_정책기획_예산요구_발주전환_v1.1_2026-09-15/작성자료/ts_pages_diagrams.cjs","10067","2026-09-15T05:50:09.301Z",".cjs"
"05_통합사업기획/P23_정책기획_예산요구_발주전환_v1.1_2026-09-15/작성자료/p23x_demo.js","6682","2026-09-15T06:21:19.288Z",".js"
"05_통합사업기획/P23_정책기획_예산요구_발주전환_v1.1_2026-09-15/작성자료/p23x_qa.cjs","7958","2026-09-15T06:23:12.616Z",".cjs"
"05_통합사업기획/P23_정책기획_예산요구_발주전환_v1.1_2026-09-15/작성자료/p23x_finish.cjs","5209","2026-09-15T06:25:25.504Z",".cjs"
"05_통합사업기획/P23_정책기획_예산요구_발주전환_v1.1_2026-09-15/작성자료/p23x_finalize.cjs","5937","2026-09-15T06:29:46.571Z",".cjs"
"05_통합사업기획/P23_정책기획_예산요구_발주전환_v1.1_2026-09-15/작성자료/p23x_capture.cjs","1081","2026-09-15T06:26:47.467Z",".cjs"
"05_통합사업기획/P23_정책기획_예산요구_발주전환_v1.1_2026-09-15/검증기록.md","3727","2026-09-15T06:30:13.788Z",".md"
"05_통합사업기획/P23_정책기획_예산요구_발주전환_v1.1_2026-09-15/검증/가상시연_원장_다운로드검증.json","1304","2026-09-15T06:26:15.367Z",".json"
"05_통합사업기획/P23_정책기획_예산요구_발주전환_v1.1_2026-09-15/검증/시연_변경영향_데스크톱.png","192959","2026-09-15T06:26:15.698Z",".png"
"05_통합사업기획/P23_정책기획_예산요구_발주전환_v1.1_2026-09-15/검증/전체보기_데스크톱.png","284180","2026-09-15T06:26:16.221Z",".png"
"05_통합사업기획/P23_정책기획_예산요구_발주전환_v1.1_2026-09-15/검증/시연_모바일.png","145555","2026-09-15T06:26:16.504Z",".png"
"05_통합사업기획/P23_정책기획_예산요구_발주전환_v1.1_2026-09-15/검증/공식필드_초안.png","118468","2026-09-15T06:26:16.794Z",".png"
"05_통합사업기획/P23_정책기획_예산요구_발주전환_v1.1_2026-09-15/검증/자동검증_결과.json","66961","2026-09-15T06:26:17.534Z",".json"
"05_통합사업기획/P23_정책기획_예산요구_발주전환_v1.1_2026-09-15/검증/직접확인_표지.png","108546","2026-09-15T06:27:53.132Z",".png"
"05_통합사업기획/P23_정책기획_예산요구_발주전환_v1.1_2026-09-15/검증/직접확인_전환.png","96237","2026-09-15T06:27:53.644Z",".png"
"05_통합사업기획/P23_정책기획_예산요구_발주전환_v1.1_2026-09-15/검증/직접확인_모바일.png","34840","2026-09-15T06:27:54.018Z",".png"
"05_통합사업기획/P23_정책기획_예산요구_발주전환_v1.1_2026-09-15/기준_변경전/05_통합사업기획/TS_22개업무_고도화보고서_2026-09-15/00_고도화보고서_통합보기.html","42240","2026-09-15T06:25:56.504Z",".html"
"05_통합사업기획/P23_정책기획_예산요구_발주전환_v1.1_2026-09-15/기준_변경전/05_통합사업기획/TS_22개업무_고도화보고서_2026-09-15/00_고도화보고서_통합보기.md","32072","2026-09-15T06:25:57.194Z",".md"
"05_통합사업기획/P23_정책기획_예산요구_발주전환_v1.1_2026-09-15/기준_변경전/05_통합사업기획/TS_업무별_상세설계_산정_2026-09-15/00_상세설계_통합보기.html","28678","2026-09-15T06:25:56.590Z",".html"
"05_통합사업기획/P23_정책기획_예산요구_발주전환_v1.1_2026-09-15/기준_변경전/05_통합사업기획/TS_업무별_상세설계_산정_2026-09-15/추가후보/TS-P23/01_서비스_컨셉.html","12782","2026-09-15T06:25:56.696Z",".html"
"05_통합사업기획/P23_정책기획_예산요구_발주전환_v1.1_2026-09-15/기준_변경전/05_통합사업기획/TS_업무별_상세설계_산정_2026-09-15/추가후보/TS-P23/02_전체_아키텍처.html","10583","2026-09-15T06:25:56.764Z",".html"
"05_통합사업기획/P23_정책기획_예산요구_발주전환_v1.1_2026-09-15/기준_변경전/05_통합사업기획/TS_업무별_상세설계_산정_2026-09-15/추가후보/TS-P23/03_사용자_흐름.html","10036","2026-09-15T06:25:56.828Z",".html"
"05_통합사업기획/P23_정책기획_예산요구_발주전환_v1.1_2026-09-15/기준_변경전/05_통합사업기획/TS_업무별_상세설계_산정_2026-09-15/추가후보/TS-P23/04_데이터_흐름.html","9319","2026-09-15T06:25:56.890Z",".html"
"05_통합사업기획/P23_정책기획_예산요구_발주전환_v1.1_2026-09-15/기준_변경전/05_통합사업기획/TS_업무별_상세설계_산정_2026-09-15/추가후보/TS-P23/05_요구사항_검수.html","11792","2026-09-15T06:25:56.953Z",".html"
"05_통합사업기획/P23_정책기획_예산요구_발주전환_v1.1_2026-09-15/기준_변경전/05_통합사업기획/TS_업무별_상세설계_산정_2026-09-15/추가후보/TS-P23/06_비용_산정.html","15517","2026-09-15T06:25:57.027Z",".html"
"05_통합사업기획/P23_정책기획_예산요구_발주전환_v1.1_2026-09-15/기준_변경전/05_통합사업기획/TS_업무별_상세설계_산정_2026-09-15/추가후보/TS-P23/07_일정_운영.html","8492","2026-09-15T06:25:57.091Z",".html"
"05_통합사업기획/P23_정책기획_예산요구_발주전환_v1.1_2026-09-15/기준_변경전/05_통합사업기획/TS_업무별_상세설계_산정_2026-09-15/00_상세설계_통합보기.md","12987","2026-09-15T06:25:57.254Z",".md"
"05_통합사업기획/P23_정책기획_예산요구_발주전환_v1.1_2026-09-15/기준_변경전/README.md","23754","2026-09-15T06:25:57.143Z",".md"
"05_통합사업기획/P23_정책기획_예산요구_발주전환_v1.1_2026-09-15/변경파일_기록.json","8952","2026-09-15T06:25:57.287Z",".json"
"05_통합사업기획/P23_정책기획_예산요구_발주전환_v1.1_2026-09-15/파일목록_해시.json","13321","2026-09-15T06:30:15.247Z",".json"
"05_통합사업기획/P23_정책기획_예산요구_발주전환_v1.1_2026-09-15/시각설계_v1.2/assets/visual.css","7652","2026-09-15T07:21:22.530Z",".css"
"05_통합사업기획/P23_정책기획_예산요구_발주전환_v1.1_2026-09-15/시각설계_v1.2/assets/model.js","42036","2026-09-15T07:21:22.918Z",".js"
"05_통합사업기획/P23_정책기획_예산요구_발주전환_v1.1_2026-09-15/시각설계_v1.2/assets/visual.js","5763","2026-09-15T07:09:37.079Z",".js"
"05_통합사업기획/P23_정책기획_예산요구_발주전환_v1.1_2026-09-15/시각설계_v1.2/diagrams/concept.svg","8225","2026-09-15T07:21:22.553Z",".svg"
"05_통합사업기획/P23_정책기획_예산요구_발주전환_v1.1_2026-09-15/시각설계_v1.2/diagrams/service.svg","12125","2026-09-15T07:21:22.606Z",".svg"
"05_통합사업기획/P23_정책기획_예산요구_발주전환_v1.1_2026-09-15/시각설계_v1.2/diagrams/architecture.svg","13835","2026-09-15T07:21:22.675Z",".svg"
"05_통합사업기획/P23_정책기획_예산요구_발주전환_v1.1_2026-09-15/시각설계_v1.2/diagrams/data.svg","13223","2026-09-15T07:21:22.725Z",".svg"
"05_통합사업기획/P23_정책기획_예산요구_발주전환_v1.1_2026-09-15/시각설계_v1.2/diagrams/logic.svg","10733","2026-09-15T07:21:22.779Z",".svg"
"05_통합사업기획/P23_정책기획_예산요구_발주전환_v1.1_2026-09-15/시각설계_v1.2/diagrams/impact.svg","10266","2026-09-15T07:21:22.831Z",".svg"
"05_통합사업기획/P23_정책기획_예산요구_발주전환_v1.1_2026-09-15/시각설계_v1.2/00_서비스_로직맵.html","14642","2026-09-15T08:20:00.781Z",".html"
"05_통합사업기획/P23_정책기획_예산요구_발주전환_v1.1_2026-09-15/시각설계_v1.2/00_서비스_로직맵.md","5976","2026-09-15T08:20:00.901Z",".md"
"05_통합사업기획/P23_정책기획_예산요구_발주전환_v1.1_2026-09-15/시각설계_v1.2/01_서비스_흐름도.html","18398","2026-09-15T07:21:22.625Z",".html"
"05_통합사업기획/P23_정책기획_예산요구_발주전환_v1.1_2026-09-15/시각설계_v1.2/01_서비스_흐름도.md","8481","2026-09-15T07:21:22.656Z",".md"
"05_통합사업기획/P23_정책기획_예산요구_발주전환_v1.1_2026-09-15/시각설계_v1.2/02_전체_아키텍처.html","20235","2026-09-15T07:21:22.691Z",".html"
"05_통합사업기획/P23_정책기획_예산요구_발주전환_v1.1_2026-09-15/시각설계_v1.2/02_전체_아키텍처.md","8618","2026-09-15T07:21:22.707Z",".md"
"05_통합사업기획/P23_정책기획_예산요구_발주전환_v1.1_2026-09-15/시각설계_v1.2/03_데이터_흐름도.html","19543","2026-09-15T07:21:22.743Z",".html"
"05_통합사업기획/P23_정책기획_예산요구_발주전환_v1.1_2026-09-15/시각설계_v1.2/03_데이터_흐름도.md","8890","2026-09-15T07:21:22.760Z",".md"
"05_통합사업기획/P23_정책기획_예산요구_발주전환_v1.1_2026-09-15/시각설계_v1.2/04_판단과_예외.html","16915","2026-09-15T07:21:22.797Z",".html"
"05_통합사업기획/P23_정책기획_예산요구_발주전환_v1.1_2026-09-15/시각설계_v1.2/04_판단과_예외.md","7282","2026-09-15T07:21:22.813Z",".md"
"05_통합사업기획/P23_정책기획_예산요구_발주전환_v1.1_2026-09-15/시각설계_v1.2/05_변경과_문서추적.html","16413","2026-09-15T07:21:22.846Z",".html"
"05_통합사업기획/P23_정책기획_예산요구_발주전환_v1.1_2026-09-15/시각설계_v1.2/05_변경과_문서추적.md","7405","2026-09-15T07:21:22.861Z",".md"
"05_통합사업기획/P23_정책기획_예산요구_발주전환_v1.1_2026-09-15/시각설계_v1.2/06_사용자화면_시연.html","5200","2026-09-15T07:21:22.877Z",".html"
"05_통합사업기획/P23_정책기획_예산요구_발주전환_v1.1_2026-09-15/시각설계_v1.2/06_사용자화면_시연.md","4022","2026-09-15T07:21:22.903Z",".md"
"05_통합사업기획/P23_정책기획_예산요구_발주전환_v1.1_2026-09-15/시각설계_v1.2/원장_도식과_서비스.json","77879","2026-09-15T07:21:22.934Z",".json"
"05_통합사업기획/P23_정책기획_예산요구_발주전환_v1.1_2026-09-15/시각설계_v1.2/README.md","426","2026-09-15T07:21:22.949Z",".md"
"05_통합사업기획/P23_정책기획_예산요구_발주전환_v1.1_2026-09-15/시각설계_v1.2/검증기록.md","3012","2026-09-15T07:21:39.707Z",".md"
"05_통합사업기획/P23_정책기획_예산요구_발주전환_v1.1_2026-09-15/시각설계_v1.2/작성자료/p23v12_build.cjs","25239","2026-09-15T07:18:32.446Z",".cjs"
"05_통합사업기획/P23_정책기획_예산요구_발주전환_v1.1_2026-09-15/시각설계_v1.2/작성자료/p23v12_data.cjs","32773","2026-09-15T07:21:22.402Z",".cjs"
"05_통합사업기획/P23_정책기획_예산요구_발주전환_v1.1_2026-09-15/시각설계_v1.2/작성자료/p23v12_visual.js","5763","2026-09-15T07:09:37.079Z",".js"
"05_통합사업기획/P23_정책기획_예산요구_발주전환_v1.1_2026-09-15/시각설계_v1.2/작성자료/p23v12_qa.cjs","7889","2026-09-15T07:18:32.447Z",".cjs"
"05_통합사업기획/P23_정책기획_예산요구_발주전환_v1.1_2026-09-15/시각설계_v1.2/작성자료/p23v12_finish.cjs","9412","2026-09-15T07:15:38.370Z",".cjs"
"05_통합사업기획/P23_정책기획_예산요구_발주전환_v1.1_2026-09-15/시각설계_v1.2/작성자료/p23v12_polish.cjs","3538","2026-09-15T07:09:31.323Z",".cjs"
"05_통합사업기획/P23_정책기획_예산요구_발주전환_v1.1_2026-09-15/시각설계_v1.2/작성자료/p23v12_lastfix.cjs","599","2026-09-15T07:11:24.781Z",".cjs"
"05_통합사업기획/P23_정책기획_예산요구_발주전환_v1.1_2026-09-15/시각설계_v1.2/검증/concept_데스크톱.png","127388","2026-09-15T07:21:28.930Z",".png"
"05_통합사업기획/P23_정책기획_예산요구_발주전환_v1.1_2026-09-15/시각설계_v1.2/검증/service_데스크톱.png","144620","2026-09-15T07:21:29.742Z",".png"
"05_통합사업기획/P23_정책기획_예산요구_발주전환_v1.1_2026-09-15/시각설계_v1.2/검증/architecture_데스크톱.png","148140","2026-09-15T07:21:30.735Z",".png"
"05_통합사업기획/P23_정책기획_예산요구_발주전환_v1.1_2026-09-15/시각설계_v1.2/검증/data_데스크톱.png","142504","2026-09-15T07:21:31.540Z",".png"
"05_통합사업기획/P23_정책기획_예산요구_발주전환_v1.1_2026-09-15/시각설계_v1.2/검증/logic_데스크톱.png","132501","2026-09-15T07:21:32.282Z",".png"
"05_통합사업기획/P23_정책기획_예산요구_발주전환_v1.1_2026-09-15/시각설계_v1.2/검증/impact_데스크톱.png","141560","2026-09-15T07:21:33.096Z",".png"
"05_통합사업기획/P23_정책기획_예산요구_발주전환_v1.1_2026-09-15/시각설계_v1.2/검증/사용자화면_데스크톱.png","98970","2026-09-15T07:21:33.912Z",".png"
"05_통합사업기획/P23_정책기획_예산요구_발주전환_v1.1_2026-09-15/시각설계_v1.2/검증/모바일_컨셉.png","101852","2026-09-15T07:21:34.226Z",".png"
"05_통합사업기획/P23_정책기획_예산요구_발주전환_v1.1_2026-09-15/시각설계_v1.2/검증/자동검증.json","37536","2026-09-15T07:21:34.973Z",".json"
"05_통합사업기획/P23_정책기획_예산요구_발주전환_v1.1_2026-09-15/시각설계_v1.2/검증/컨셉도_원본확인.png","72192","2026-09-15T07:21:37.561Z",".png"
"05_통합사업기획/P23_정책기획_예산요구_발주전환_v1.1_2026-09-15/시각설계_v1.2/검증/아키텍처_원본확인.png","123155","2026-09-15T07:21:37.921Z",".png"
"05_통합사업기획/P23_정책기획_예산요구_발주전환_v1.1_2026-09-15/시각설계_v1.2/검증/데이터흐름_원본확인.png","105244","2026-09-15T07:21:38.209Z",".png"
"05_통합사업기획/P23_정책기획_예산요구_발주전환_v1.1_2026-09-15/시각설계_v1.2/검증/판단예외_원본확인.png","86481","2026-09-15T07:21:38.511Z",".png"
"05_통합사업기획/P23_정책기획_예산요구_발주전환_v1.1_2026-09-15/시각설계_v1.2/검증/모바일_상세이동.png","38350","2026-09-15T07:21:39.141Z",".png"
"05_통합사업기획/P23_정책기획_예산요구_발주전환_v1.1_2026-09-15/시각설계_v1.2/변경전_보존/05_통합사업기획/P23_정책기획_예산요구_발주전환_v1.1_2026-09-15/00_기획_전체보기.html","8892","2026-09-15T07:14:09.845Z",".html"
"05_통합사업기획/P23_정책기획_예산요구_발주전환_v1.1_2026-09-15/시각설계_v1.2/변경전_보존/05_통합사업기획/P23_정책기획_예산요구_발주전환_v1.1_2026-09-15/00_기획_전체보기.md","5622","2026-09-15T07:14:09.943Z",".md"
"05_통합사업기획/P23_정책기획_예산요구_발주전환_v1.1_2026-09-15/시각설계_v1.2/변경전_보존/05_통합사업기획/P23_정책기획_예산요구_발주전환_v1.1_2026-09-15/01_자료와_문제정의.html","7317","2026-09-15T07:14:10.006Z",".html"
"05_통합사업기획/P23_정책기획_예산요구_발주전환_v1.1_2026-09-15/시각설계_v1.2/변경전_보존/05_통합사업기획/P23_정책기획_예산요구_발주전환_v1.1_2026-09-15/01_자료와_문제정의.md","4143","2026-09-15T07:14:10.067Z",".md"
"05_통합사업기획/P23_정책기획_예산요구_발주전환_v1.1_2026-09-15/시각설계_v1.2/변경전_보존/05_통합사업기획/P23_정책기획_예산요구_발주전환_v1.1_2026-09-15/02_사업과_예산요구.html","7536","2026-09-15T07:14:10.127Z",".html"
"05_통합사업기획/P23_정책기획_예산요구_발주전환_v1.1_2026-09-15/시각설계_v1.2/변경전_보존/05_통합사업기획/P23_정책기획_예산요구_발주전환_v1.1_2026-09-15/02_사업과_예산요구.md","4344","2026-09-15T07:14:10.186Z",".md"
"05_통합사업기획/P23_정책기획_예산요구_발주전환_v1.1_2026-09-15/시각설계_v1.2/변경전_보존/05_통합사업기획/P23_정책기획_예산요구_발주전환_v1.1_2026-09-15/03_양식과_필드매핑.html","9518","2026-09-15T07:14:10.256Z",".html"
"05_통합사업기획/P23_정책기획_예산요구_발주전환_v1.1_2026-09-15/시각설계_v1.2/변경전_보존/05_통합사업기획/P23_정책기획_예산요구_발주전환_v1.1_2026-09-15/03_양식과_필드매핑.md","5943","2026-09-15T07:14:10.320Z",".md"
"05_통합사업기획/P23_정책기획_예산요구_발주전환_v1.1_2026-09-15/시각설계_v1.2/변경전_보존/05_통합사업기획/P23_정책기획_예산요구_발주전환_v1.1_2026-09-15/04_아키텍처와_흐름.html","7189","2026-09-15T07:14:10.372Z",".html"
"05_통합사업기획/P23_정책기획_예산요구_발주전환_v1.1_2026-09-15/시각설계_v1.2/변경전_보존/05_통합사업기획/P23_정책기획_예산요구_발주전환_v1.1_2026-09-15/04_아키텍처와_흐름.md","3927","2026-09-15T07:14:10.430Z",".md"
"05_통합사업기획/P23_정책기획_예산요구_발주전환_v1.1_2026-09-15/시각설계_v1.2/변경전_보존/05_통합사업기획/P23_정책기획_예산요구_발주전환_v1.1_2026-09-15/05_RFP와_공고전환.html","6832","2026-09-15T07:14:10.491Z",".html"
"05_통합사업기획/P23_정책기획_예산요구_발주전환_v1.1_2026-09-15/시각설계_v1.2/변경전_보존/05_통합사업기획/P23_정책기획_예산요구_발주전환_v1.1_2026-09-15/05_RFP와_공고전환.md","3941","2026-09-15T07:14:10.551Z",".md"
"05_통합사업기획/P23_정책기획_예산요구_발주전환_v1.1_2026-09-15/시각설계_v1.2/변경전_보존/05_통합사업기획/P23_정책기획_예산요구_발주전환_v1.1_2026-09-15/06_요구사항과_검증.html","11480","2026-09-15T07:14:10.614Z",".html"
"05_통합사업기획/P23_정책기획_예산요구_발주전환_v1.1_2026-09-15/시각설계_v1.2/변경전_보존/05_통합사업기획/P23_정책기획_예산요구_발주전환_v1.1_2026-09-15/06_요구사항과_검증.md","7690","2026-09-15T07:14:10.671Z",".md"
"05_통합사업기획/P23_정책기획_예산요구_발주전환_v1.1_2026-09-15/시각설계_v1.2/변경전_보존/05_통합사업기획/P23_정책기획_예산요구_발주전환_v1.1_2026-09-15/07_비용과_도입계획.html","9246","2026-09-15T07:14:10.734Z",".html"
"05_통합사업기획/P23_정책기획_예산요구_발주전환_v1.1_2026-09-15/시각설계_v1.2/변경전_보존/05_통합사업기획/P23_정책기획_예산요구_발주전환_v1.1_2026-09-15/07_비용과_도입계획.md","5659","2026-09-15T07:14:10.792Z",".md"
"05_통합사업기획/P23_정책기획_예산요구_발주전환_v1.1_2026-09-15/시각설계_v1.2/변경전_보존/05_통합사업기획/P23_정책기획_예산요구_발주전환_v1.1_2026-09-15/08_문서전환_시연.html","5964","2026-09-15T07:14:10.853Z",".html"
"05_통합사업기획/P23_정책기획_예산요구_발주전환_v1.1_2026-09-15/시각설계_v1.2/변경전_보존/05_통합사업기획/P23_정책기획_예산요구_발주전환_v1.1_2026-09-15/08_문서전환_시연.md","1554","2026-09-15T07:14:10.915Z",".md"
"05_통합사업기획/P23_정책기획_예산요구_발주전환_v1.1_2026-09-15/시각설계_v1.2/변경전_보존/05_통합사업기획/P23_정책기획_예산요구_발주전환_v1.1_2026-09-15/서식/F01_문제정의_정책사업_검토서.html","5206","2026-09-15T07:14:11.003Z",".html"
"05_통합사업기획/P23_정책기획_예산요구_발주전환_v1.1_2026-09-15/시각설계_v1.2/변경전_보존/05_통합사업기획/P23_정책기획_예산요구_발주전환_v1.1_2026-09-15/서식/F01_문제정의_정책사업_검토서.md","1991","2026-09-15T07:14:11.080Z",".md"
"05_통합사업기획/P23_정책기획_예산요구_발주전환_v1.1_2026-09-15/시각설계_v1.2/변경전_보존/05_통합사업기획/P23_정책기획_예산요구_발주전환_v1.1_2026-09-15/서식/F02_예산요구_사업설명자료.html","5538","2026-09-15T07:14:11.138Z",".html"
"05_통합사업기획/P23_정책기획_예산요구_발주전환_v1.1_2026-09-15/시각설계_v1.2/변경전_보존/05_통합사업기획/P23_정책기획_예산요구_발주전환_v1.1_2026-09-15/서식/F02_예산요구_사업설명자료.md","2433","2026-09-15T07:14:11.207Z",".md"
"05_통합사업기획/P23_정책기획_예산요구_발주전환_v1.1_2026-09-15/시각설계_v1.2/변경전_보존/05_통합사업기획/P23_정책기획_예산요구_발주전환_v1.1_2026-09-15/서식/F03_2027_신규사업_리스트.html","5102","2026-09-15T07:14:11.275Z",".html"
"05_통합사업기획/P23_정책기획_예산요구_발주전환_v1.1_2026-09-15/시각설계_v1.2/변경전_보존/05_통합사업기획/P23_정책기획_예산요구_발주전환_v1.1_2026-09-15/서식/F03_2027_신규사업_리스트.md","2089","2026-09-15T07:14:11.359Z",".md"
"05_통합사업기획/P23_정책기획_예산요구_발주전환_v1.1_2026-09-15/시각설계_v1.2/변경전_보존/05_통합사업기획/P23_정책기획_예산요구_발주전환_v1.1_2026-09-15/서식/F04_발주기관_RFP_초안.html","4596","2026-09-15T07:14:11.437Z",".html"
"05_통합사업기획/P23_정책기획_예산요구_발주전환_v1.1_2026-09-15/시각설계_v1.2/변경전_보존/05_통합사업기획/P23_정책기획_예산요구_발주전환_v1.1_2026-09-15/서식/F04_발주기관_RFP_초안.md","1827","2026-09-15T07:14:11.506Z",".md"
"05_통합사업기획/P23_정책기획_예산요구_발주전환_v1.1_2026-09-15/시각설계_v1.2/변경전_보존/05_통합사업기획/P23_정책기획_예산요구_발주전환_v1.1_2026-09-15/서식/F05_공고작성_인계서.html","4541","2026-09-15T07:14:11.570Z",".html"
"05_통합사업기획/P23_정책기획_예산요구_발주전환_v1.1_2026-09-15/시각설계_v1.2/변경전_보존/05_통합사업기획/P23_정책기획_예산요구_발주전환_v1.1_2026-09-15/서식/F05_공고작성_인계서.md","1609","2026-09-15T07:14:11.639Z",".md"
"05_통합사업기획/P23_정책기획_예산요구_발주전환_v1.1_2026-09-15/시각설계_v1.2/변경전_보존/05_통합사업기획/P23_정책기획_예산요구_발주전환_v1.1_2026-09-15/서식/F06_심의질의_답변보완표.html","4254","2026-09-15T07:14:11.698Z",".html"
"05_통합사업기획/P23_정책기획_예산요구_발주전환_v1.1_2026-09-15/시각설계_v1.2/변경전_보존/05_통합사업기획/P23_정책기획_예산요구_발주전환_v1.1_2026-09-15/서식/F06_심의질의_답변보완표.md","1393","2026-09-15T07:14:11.764Z",".md"
"05_통합사업기획/P23_정책기획_예산요구_발주전환_v1.1_2026-09-15/시각설계_v1.2/변경전_보존/README.md","24068","2026-09-15T07:14:11.827Z",".md"
"05_통합사업기획/P23_정책기획_예산요구_발주전환_v1.1_2026-09-15/시각설계_v1.2/변경기록.json","54268","2026-09-15T07:21:36.311Z",".json"
"05_통합사업기획/P23_정책기획_예산요구_발주전환_v1.1_2026-09-15/시각설계_v1.2/파일목록_해시.json","16008","2026-09-15T07:21:41.068Z",".json"
"05_통합사업기획/P23_정책기획_예산요구_발주전환_v1.1_2026-09-15/슬라이드_통합설명_v1.3/00_서비스_통합설명.html","106232","2026-09-15T08:13:12.860Z",".html"
"05_통합사업기획/P23_정책기획_예산요구_발주전환_v1.1_2026-09-15/슬라이드_통합설명_v1.3/assets/slides.css","3770","2026-09-15T08:13:12.830Z",".css"
"05_통합사업기획/P23_정책기획_예산요구_발주전환_v1.1_2026-09-15/슬라이드_통합설명_v1.3/assets/slides.js","2333","2026-09-15T08:13:12.834Z",".js"
"05_통합사업기획/P23_정책기획_예산요구_발주전환_v1.1_2026-09-15/슬라이드_통합설명_v1.3/assets/전체_서비스컨셉.png","1952205","2026-09-15T07:49:37.450Z",".png"
"05_통합사업기획/P23_정책기획_예산요구_발주전환_v1.1_2026-09-15/슬라이드_통합설명_v1.3/assets/표지_협업컨셉.png","1836677","2026-09-15T07:51:52.946Z",".png"
"05_통합사업기획/P23_정책기획_예산요구_발주전환_v1.1_2026-09-15/슬라이드_통합설명_v1.3/P23_서비스_통합설명.md","24173","2026-09-15T08:13:13.072Z",".md"
"05_통합사업기획/P23_정책기획_예산요구_발주전환_v1.1_2026-09-15/슬라이드_통합설명_v1.3/P23_서비스_통합설명.pdf","4608566","2026-09-15T08:14:42.830Z",".pdf"
"05_통합사업기획/P23_정책기획_예산요구_발주전환_v1.1_2026-09-15/슬라이드_통합설명_v1.3/P23_서비스_통합설명.pptx","3867832","2026-09-15T08:13:16.857Z",".pptx"
"05_통합사업기획/P23_정책기획_예산요구_발주전환_v1.1_2026-09-15/슬라이드_통합설명_v1.3/README.md","1550","2026-09-15T08:19:58.198Z",".md"
"05_통합사업기획/P23_정책기획_예산요구_발주전환_v1.1_2026-09-15/슬라이드_통합설명_v1.3/개별페이지/01.html","7303","2026-09-15T08:13:12.882Z",".html"
"05_통합사업기획/P23_정책기획_예산요구_발주전환_v1.1_2026-09-15/슬라이드_통합설명_v1.3/개별페이지/02.html","9124","2026-09-15T08:13:12.904Z",".html"
"05_통합사업기획/P23_정책기획_예산요구_발주전환_v1.1_2026-09-15/슬라이드_통합설명_v1.3/개별페이지/03.html","7442","2026-09-15T08:13:12.934Z",".html"
"05_통합사업기획/P23_정책기획_예산요구_발주전환_v1.1_2026-09-15/슬라이드_통합설명_v1.3/개별페이지/04.html","11234","2026-09-15T08:13:12.937Z",".html"
"05_통합사업기획/P23_정책기획_예산요구_발주전환_v1.1_2026-09-15/슬라이드_통합설명_v1.3/개별페이지/05.html","9248","2026-09-15T08:13:12.971Z",".html"
"05_통합사업기획/P23_정책기획_예산요구_발주전환_v1.1_2026-09-15/슬라이드_통합설명_v1.3/개별페이지/06.html","9666","2026-09-15T08:13:12.973Z",".html"
"05_통합사업기획/P23_정책기획_예산요구_발주전환_v1.1_2026-09-15/슬라이드_통합설명_v1.3/개별페이지/07.html","8807","2026-09-15T08:13:12.977Z",".html"
"05_통합사업기획/P23_정책기획_예산요구_발주전환_v1.1_2026-09-15/슬라이드_통합설명_v1.3/개별페이지/08.html","10026","2026-09-15T08:13:12.990Z",".html"
"05_통합사업기획/P23_정책기획_예산요구_발주전환_v1.1_2026-09-15/슬라이드_통합설명_v1.3/개별페이지/09.html","8854","2026-09-15T08:13:13.014Z",".html"
"05_통합사업기획/P23_정책기획_예산요구_발주전환_v1.1_2026-09-15/슬라이드_통합설명_v1.3/개별페이지/10.html","12435","2026-09-15T08:13:13.020Z",".html"
"05_통합사업기획/P23_정책기획_예산요구_발주전환_v1.1_2026-09-15/슬라이드_통합설명_v1.3/개별페이지/11.html","12050","2026-09-15T08:13:13.024Z",".html"
"05_통합사업기획/P23_정책기획_예산요구_발주전환_v1.1_2026-09-15/슬라이드_통합설명_v1.3/개별페이지/12.html","9027","2026-09-15T08:13:13.029Z",".html"
"05_통합사업기획/P23_정책기획_예산요구_발주전환_v1.1_2026-09-15/슬라이드_통합설명_v1.3/개별페이지/13.html","10432","2026-09-15T08:13:13.031Z",".html"
"05_통합사업기획/P23_정책기획_예산요구_발주전환_v1.1_2026-09-15/슬라이드_통합설명_v1.3/개별페이지/14.html","10687","2026-09-15T08:13:13.033Z",".html"
"05_통합사업기획/P23_정책기획_예산요구_발주전환_v1.1_2026-09-15/슬라이드_통합설명_v1.3/개별페이지/15.html","10311","2026-09-15T08:13:13.034Z",".html"
"05_통합사업기획/P23_정책기획_예산요구_발주전환_v1.1_2026-09-15/슬라이드_통합설명_v1.3/개별페이지/16.html","10470","2026-09-15T08:13:13.037Z",".html"
"05_통합사업기획/P23_정책기획_예산요구_발주전환_v1.1_2026-09-15/슬라이드_통합설명_v1.3/개별페이지/17.html","10144","2026-09-15T08:13:13.059Z",".html"
"05_통합사업기획/P23_정책기획_예산요구_발주전환_v1.1_2026-09-15/슬라이드_통합설명_v1.3/개별페이지/18.html","10645","2026-09-15T08:13:13.062Z",".html"
"05_통합사업기획/P23_정책기획_예산요구_발주전환_v1.1_2026-09-15/슬라이드_통합설명_v1.3/개별페이지/19.html","9797","2026-09-15T08:13:13.067Z",".html"
"05_통합사업기획/P23_정책기획_예산요구_발주전환_v1.1_2026-09-15/슬라이드_통합설명_v1.3/개별페이지/20.html","8717","2026-09-15T08:13:13.069Z",".html"
"05_통합사업기획/P23_정책기획_예산요구_발주전환_v1.1_2026-09-15/슬라이드_통합설명_v1.3/서비스_설명원장.json","117184","2026-09-15T08:13:13.076Z",".json"
"05_통합사업기획/P23_정책기획_예산요구_발주전환_v1.1_2026-09-15/슬라이드_통합설명_v1.3/이미지_생성기록.md","3977","2026-09-15T08:19:58.196Z",".md"
"05_통합사업기획/공공PMS_서비스기획_통합정리_2026-09-15/01_자료목록.md","8626","2026-09-15T08:08:19.711Z",".md"
"05_통합사업기획/공공PMS_서비스기획_통합정리_2026-09-15/02_후속설계_작업목록.md","3295","2026-09-15T08:08:19.719Z",".md"
"05_통합사업기획/공공PMS_서비스기획_통합정리_2026-09-15/03_원본자료_목록과해시.json","26522","2026-09-15T08:08:19.716Z",".json"
"05_통합사업기획/공공PMS_서비스기획_통합정리_2026-09-15/04_정리검증.md","1781","2026-09-15T08:12:56.478Z",".md"
"05_통합사업기획/공공PMS_서비스기획_통합정리_2026-09-15/05_정리검증_원장.json","824","2026-09-15T08:12:57.037Z",".json"
"05_통합사업기획/공공PMS_서비스기획_통합정리_2026-09-15/README.md","1657","2026-09-15T08:08:19.721Z",".md"
"05_통합사업기획/공공PMS_서비스기획_통합정리_2026-09-15/공공PMS_서비스모델과_설계현황_통합정리_v0.1.docx","45281","2026-09-15T08:08:17.015Z",".docx"
"05_통합사업기획/공공PMS_서비스기획_통합정리_2026-09-15/공공PMS_서비스모델과_설계현황_통합정리_v0.1.md","15865","2026-09-15T08:08:19.718Z",".md"
"05_통합사업기획/공공PMS_서비스기획_통합정리_2026-09-15/06_저장검증.json","2163","2026-09-15T08:14:43.502Z",".json"
"06_심층리서치/README.md","4726","2026-09-09T07:45:06.731Z",".md"
"06_심층리서치/00_관리/검증_결과.md","5911","2026-09-09T07:48:44.018Z",".md"
"06_심층리서치/00_관리/검증_리서치.py","7917","2026-09-09T07:43:17.967Z",".py"
"06_심층리서치/00_관리/검증_재생성.py","2932","2026-09-09T07:32:09.849Z",".py"
"06_심층리서치/00_관리/검증결과.json","24608","2026-09-09T07:48:46.469Z",".json"
"06_심층리서치/00_관리/기존원장_보존확인.json","370","2026-09-09T07:33:41.395Z",".json"
"06_심층리서치/00_관리/리서치설계.md","4848","2026-09-09T07:45:05.131Z",".md"
"06_심층리서치/00_관리/범위정정_v0_2.py","8845","2026-09-09T07:40:31.050Z",".py"
"06_심층리서치/00_관리/변경이력.md","3645","2026-09-11T08:43:48.553Z",".md"
"06_심층리서치/00_관리/생성_리서치문서.py","32408","2026-09-09T07:45:05.149Z",".py"
"06_심층리서치/00_관리/생성파일_원장.json","14358","2026-09-09T07:45:06.737Z",".json"
"06_심층리서치/00_관리/스냅샷_보존.py","2747","2026-09-09T07:27:38.971Z",".py"
"06_심층리서치/00_관리/원문_보존.py","2699","2026-09-09T07:01:52.725Z",".py"
"06_심층리서치/00_관리/재생성_검증결과.json","479","2026-09-09T07:47:01.437Z",".json"
"06_심층리서치/00_관리/조사_대기열.md","5657","2026-09-11T08:43:48.530Z",".md"
"06_심층리서치/00_관리/초기분석_구성.py","27183","2026-09-09T07:06:39.854Z",".py"
"06_심층리서치/00_관리/초기출처_구성.py","16977","2026-09-09T07:01:52.724Z",".py"
"06_심층리서치/00_관리/폴더_아카이빙_운영규칙.md","11428","2026-09-09T07:45:05.132Z",".md"
"06_심층리서치/01_후보별/후보분석_원장.json","36153","2026-09-09T07:39:28.586Z",".json"
"06_심층리서치/01_후보별/TS-BIZ-001_안전정보_이해선택/01_문제정의.md","3626","2026-09-09T07:45:06.677Z",".md"
"06_심층리서치/01_후보별/TS-BIZ-001_안전정보_이해선택/02_연관솔루션.md","4393","2026-09-09T07:45:06.678Z",".md"
"06_심층리서치/01_후보별/TS-BIZ-001_안전정보_이해선택/03_국내외사례.md","2614","2026-09-09T07:45:06.679Z",".md"
"06_심층리서치/01_후보별/TS-BIZ-001_안전정보_이해선택/04_사업화_실증.md","7656","2026-09-09T07:45:06.681Z",".md"
"06_심층리서치/01_후보별/TS-BIZ-001_안전정보_이해선택/05_근거_미확인.md","4323","2026-09-09T07:45:06.682Z",".md"
"06_심층리서치/01_후보별/TS-BIZ-001_안전정보_이해선택/README.md","1909","2026-09-09T07:45:06.676Z",".md"
"06_심층리서치/01_후보별/TS-BIZ-002_사업용차_위험예방/01_문제정의.md","3688","2026-09-09T07:45:06.684Z",".md"
"06_심층리서치/01_후보별/TS-BIZ-002_사업용차_위험예방/02_연관솔루션.md","4451","2026-09-09T07:45:06.685Z",".md"
"06_심층리서치/01_후보별/TS-BIZ-002_사업용차_위험예방/03_국내외사례.md","2476","2026-09-09T07:45:06.686Z",".md"
"06_심층리서치/01_후보별/TS-BIZ-002_사업용차_위험예방/04_사업화_실증.md","7624","2026-09-09T07:45:06.687Z",".md"
"06_심층리서치/01_후보별/TS-BIZ-002_사업용차_위험예방/05_근거_미확인.md","4199","2026-09-09T07:45:06.688Z",".md"
"06_심층리서치/01_후보별/TS-BIZ-002_사업용차_위험예방/README.md","1976","2026-09-09T07:45:06.683Z",".md"
"06_심층리서치/01_후보별/TS-BIZ-003_튜닝검사_절차안내/01_문제정의.md","3622","2026-09-09T07:45:06.690Z",".md"
"06_심층리서치/01_후보별/TS-BIZ-003_튜닝검사_절차안내/02_연관솔루션.md","4470","2026-09-09T07:45:06.691Z",".md"
"06_심층리서치/01_후보별/TS-BIZ-003_튜닝검사_절차안내/03_국내외사례.md","2662","2026-09-09T07:45:06.692Z",".md"
"06_심층리서치/01_후보별/TS-BIZ-003_튜닝검사_절차안내/04_사업화_실증.md","7575","2026-09-09T07:45:06.694Z",".md"
"06_심층리서치/01_후보별/TS-BIZ-003_튜닝검사_절차안내/05_근거_미확인.md","4546","2026-09-09T07:45:06.695Z",".md"
"06_심층리서치/01_후보별/TS-BIZ-003_튜닝검사_절차안내/README.md","2050","2026-09-09T07:45:06.689Z",".md"
"06_심층리서치/01_후보별/TS-BIZ-004_교통약자_이동정보/01_문제정의.md","3728","2026-09-09T07:45:06.698Z",".md"
"06_심층리서치/01_후보별/TS-BIZ-004_교통약자_이동정보/02_연관솔루션.md","4465","2026-09-09T07:45:06.699Z",".md"
"06_심층리서치/01_후보별/TS-BIZ-004_교통약자_이동정보/03_국내외사례.md","2391","2026-09-09T07:45:06.700Z",".md"
"06_심층리서치/01_후보별/TS-BIZ-004_교통약자_이동정보/04_사업화_실증.md","7589","2026-09-09T07:45:06.702Z",".md"
"06_심층리서치/01_후보별/TS-BIZ-004_교통약자_이동정보/05_근거_미확인.md","3969","2026-09-09T07:45:06.703Z",".md"
"06_심층리서치/01_후보별/TS-BIZ-004_교통약자_이동정보/README.md","2013","2026-09-09T07:45:06.696Z",".md"
"06_심층리서치/01_후보별/TS-BIZ-005_기계식주차장_예방관리/01_문제정의.md","3618","2026-09-09T07:45:06.705Z",".md"
"06_심층리서치/01_후보별/TS-BIZ-005_기계식주차장_예방관리/02_연관솔루션.md","4421","2026-09-09T07:45:06.705Z",".md"
"06_심층리서치/01_후보별/TS-BIZ-005_기계식주차장_예방관리/03_국내외사례.md","3058","2026-09-09T07:45:06.707Z",".md"
"06_심층리서치/01_후보별/TS-BIZ-005_기계식주차장_예방관리/04_사업화_실증.md","7235","2026-09-09T07:45:06.707Z",".md"
"06_심층리서치/01_후보별/TS-BIZ-005_기계식주차장_예방관리/05_근거_미확인.md","3920","2026-09-09T07:45:06.708Z",".md"
"06_심층리서치/01_후보별/TS-BIZ-005_기계식주차장_예방관리/README.md","2033","2026-09-09T07:45:06.704Z",".md"
"06_심층리서치/01_후보별/TS-BIZ-006_철도_안전증빙/01_문제정의.md","3682","2026-09-09T07:45:06.710Z",".md"
"06_심층리서치/01_후보별/TS-BIZ-006_철도_안전증빙/02_연관솔루션.md","4585","2026-09-09T07:45:06.712Z",".md"
"06_심층리서치/01_후보별/TS-BIZ-006_철도_안전증빙/03_국내외사례.md","2704","2026-09-09T07:45:06.713Z",".md"
"06_심층리서치/01_후보별/TS-BIZ-006_철도_안전증빙/04_사업화_실증.md","7575","2026-09-09T07:45:06.715Z",".md"
"06_심층리서치/01_후보별/TS-BIZ-006_철도_안전증빙/05_근거_미확인.md","3827","2026-09-09T07:45:06.716Z",".md"
"06_심층리서치/01_후보별/TS-BIZ-006_철도_안전증빙/README.md","1957","2026-09-09T07:45:06.709Z",".md"
"06_심층리서치/01_후보별/TS-BIZ-007_위험물_공동대응/01_문제정의.md","3643","2026-09-09T07:45:06.718Z",".md"
"06_심층리서치/01_후보별/TS-BIZ-007_위험물_공동대응/02_연관솔루션.md","4644","2026-09-09T07:45:06.719Z",".md"
"06_심층리서치/01_후보별/TS-BIZ-007_위험물_공동대응/03_국내외사례.md","2416","2026-09-09T07:45:06.720Z",".md"
"06_심층리서치/01_후보별/TS-BIZ-007_위험물_공동대응/04_사업화_실증.md","7640","2026-09-09T07:45:06.721Z",".md"
"06_심층리서치/01_후보별/TS-BIZ-007_위험물_공동대응/05_근거_미확인.md","3962","2026-09-09T07:45:06.722Z",".md"
"06_심층리서치/01_후보별/TS-BIZ-007_위험물_공동대응/README.md","1967","2026-09-09T07:45:06.717Z",".md"
"06_심층리서치/01_후보별/TS-BIZ-008_드론_절차안내/01_문제정의.md","3641","2026-09-09T07:45:06.723Z",".md"
"06_심층리서치/01_후보별/TS-BIZ-008_드론_절차안내/02_연관솔루션.md","4349","2026-09-09T07:45:06.725Z",".md"
"06_심층리서치/01_후보별/TS-BIZ-008_드론_절차안내/03_국내외사례.md","2697","2026-09-09T07:45:06.726Z",".md"
"06_심층리서치/01_후보별/TS-BIZ-008_드론_절차안내/04_사업화_실증.md","7485","2026-09-09T07:45:06.728Z",".md"
"06_심층리서치/01_후보별/TS-BIZ-008_드론_절차안내/05_근거_미확인.md","4277","2026-09-09T07:45:06.730Z",".md"
"06_심층리서치/01_후보별/TS-BIZ-008_드론_절차안내/README.md","1988","2026-09-09T07:45:06.722Z",".md"
"06_심층리서치/02_공통솔루션/README.md","1281","2026-09-09T07:25:39.455Z",".md"
"06_심층리서치/02_공통솔루션/SOL-01.md","2790","2026-09-09T07:45:06.669Z",".md"
"06_심층리서치/02_공통솔루션/SOL-02.md","3133","2026-09-09T07:45:06.670Z",".md"
"06_심층리서치/02_공통솔루션/SOL-03.md","2927","2026-09-09T07:45:06.672Z",".md"
"06_심층리서치/02_공통솔루션/SOL-04.md","2739","2026-09-09T07:45:06.672Z",".md"
"06_심층리서치/02_공통솔루션/SOL-05.md","3116","2026-09-09T07:45:06.673Z",".md"
"06_심층리서치/02_공통솔루션/SOL-06.md","2998","2026-09-09T07:45:06.674Z",".md"
"06_심층리서치/02_공통솔루션/SOL-07.md","3473","2026-09-09T07:45:06.675Z",".md"
"06_심층리서치/02_공통솔루션/솔루션원장.json","5405","2026-09-09T07:39:28.587Z",".json"
"06_심층리서치/03_도입사례/CASE-001.md","2671","2026-09-09T07:45:06.649Z",".md"
"06_심층리서치/03_도입사례/CASE-002.md","2563","2026-09-09T07:45:06.651Z",".md"
"06_심층리서치/03_도입사례/CASE-003.md","3388","2026-09-09T07:45:06.652Z",".md"
"06_심층리서치/03_도입사례/CASE-004.md","2751","2026-09-09T07:45:06.652Z",".md"
"06_심층리서치/03_도입사례/CASE-005.md","3158","2026-09-09T07:45:06.653Z",".md"
"06_심층리서치/03_도입사례/CASE-006.md","2816","2026-09-09T07:45:06.655Z",".md"
"06_심층리서치/03_도입사례/CASE-007.md","2789","2026-09-09T07:45:06.655Z",".md"
"06_심층리서치/03_도입사례/CASE-008.md","2789","2026-09-09T07:45:06.656Z",".md"
"06_심층리서치/03_도입사례/CASE-009.md","2673","2026-09-09T07:45:06.657Z",".md"
"06_심층리서치/03_도입사례/CASE-010.md","2763","2026-09-09T07:45:06.658Z",".md"
"06_심층리서치/03_도입사례/CASE-011.md","3356","2026-09-09T07:45:06.659Z",".md"
"06_심층리서치/03_도입사례/CASE-012.md","2641","2026-09-09T07:45:06.660Z",".md"
"06_심층리서치/03_도입사례/CASE-013.md","2863","2026-09-09T07:45:06.661Z",".md"
"06_심층리서치/03_도입사례/CASE-014.md","2874","2026-09-09T07:45:06.662Z",".md"
"06_심층리서치/03_도입사례/CASE-015.md","3777","2026-09-09T07:45:06.664Z",".md"
"06_심층리서치/03_도입사례/CASE-016.md","3529","2026-09-09T07:45:06.665Z",".md"
"06_심층리서치/03_도입사례/CASE-017.md","3215","2026-09-09T07:45:06.666Z",".md"
"06_심층리서치/03_도입사례/CASE-018.md","3254","2026-09-09T07:45:06.667Z",".md"
"06_심층리서치/03_도입사례/CASE-019.md","4333","2026-09-09T07:45:06.668Z",".md"
"06_심층리서치/03_도입사례/README.md","3524","2026-09-09T07:25:39.455Z",".md"
"06_심층리서치/03_도입사례/사례원장.json","25861","2026-09-11T08:43:48.382Z",".json"
"06_심층리서치/04_출처아카이브/README.md","6253","2026-09-09T07:25:39.455Z",".md"
"06_심층리서치/04_출처아카이브/출처원장.json","96118","2026-09-11T08:36:27.315Z",".json"
"06_심층리서치/04_출처아카이브/검토노트/DRS-001.md","2118","2026-09-09T07:25:39.407Z",".md"
"06_심층리서치/04_출처아카이브/검토노트/DRS-002.md","2042","2026-09-09T07:25:39.407Z",".md"
"06_심층리서치/04_출처아카이브/검토노트/DRS-003.md","2044","2026-09-09T07:25:39.407Z",".md"
"06_심층리서치/04_출처아카이브/검토노트/DRS-004.md","2373","2026-09-09T07:25:39.407Z",".md"
"06_심층리서치/04_출처아카이브/검토노트/DRS-005.md","2283","2026-09-09T07:25:39.407Z",".md"
"06_심층리서치/04_출처아카이브/검토노트/DRS-006.md","2042","2026-09-09T07:25:39.407Z",".md"
"06_심층리서치/04_출처아카이브/검토노트/DRS-007.md","2115","2026-09-09T07:25:39.407Z",".md"
"06_심층리서치/04_출처아카이브/검토노트/DRS-008.md","2573","2026-09-09T07:25:39.407Z",".md"
"06_심층리서치/04_출처아카이브/검토노트/DRS-009.md","2548","2026-09-09T07:25:39.407Z",".md"
"06_심층리서치/04_출처아카이브/검토노트/DRS-010.md","2421","2026-09-09T07:25:39.407Z",".md"
"06_심층리서치/04_출처아카이브/검토노트/DRS-011.md","2126","2026-09-09T07:25:39.407Z",".md"
"06_심층리서치/04_출처아카이브/검토노트/DRS-012.md","2326","2026-09-09T07:25:39.407Z",".md"
"06_심층리서치/04_출처아카이브/검토노트/DRS-013.md","2395","2026-09-09T07:25:39.407Z",".md"
"06_심층리서치/04_출처아카이브/검토노트/DRS-014.md","2372","2026-09-09T07:25:39.407Z",".md"
"06_심층리서치/04_출처아카이브/검토노트/DRS-015.md","2106","2026-09-09T07:25:39.422Z",".md"
"06_심층리서치/04_출처아카이브/검토노트/DRS-016.md","2518","2026-09-09T07:25:39.422Z",".md"
"06_심층리서치/04_출처아카이브/검토노트/DRS-017.md","2433","2026-09-09T07:25:39.423Z",".md"
"06_심층리서치/04_출처아카이브/검토노트/DRS-018.md","2057","2026-09-09T07:25:39.423Z",".md"
"06_심층리서치/04_출처아카이브/검토노트/DRS-019.md","2230","2026-09-09T07:25:39.423Z",".md"
"06_심층리서치/04_출처아카이브/검토노트/DRS-020.md","2407","2026-09-09T07:25:39.423Z",".md"
"06_심층리서치/04_출처아카이브/검토노트/DRS-021.md","2261","2026-09-09T07:25:39.423Z",".md"
"06_심층리서치/04_출처아카이브/검토노트/DRS-022.md","2113","2026-09-09T07:25:39.423Z",".md"
"06_심층리서치/04_출처아카이브/검토노트/DRS-023.md","2233","2026-09-09T07:25:39.423Z",".md"
"06_심층리서치/04_출처아카이브/검토노트/DRS-024.md","2227","2026-09-09T07:25:39.423Z",".md"
"06_심층리서치/04_출처아카이브/검토노트/DRS-025.md","2301","2026-09-09T07:25:39.423Z",".md"
"06_심층리서치/04_출처아카이브/검토노트/DRS-026.md","2263","2026-09-09T07:25:39.423Z",".md"
"06_심층리서치/04_출처아카이브/검토노트/DRS-027.md","2247","2026-09-09T07:25:39.428Z",".md"
"06_심층리서치/04_출처아카이브/검토노트/DRS-028.md","2454","2026-09-09T07:25:39.428Z",".md"
"06_심층리서치/04_출처아카이브/검토노트/DRS-029.md","2343","2026-09-09T07:25:39.428Z",".md"
"06_심층리서치/04_출처아카이브/검토노트/DRS-030.md","2410","2026-09-09T07:25:39.428Z",".md"
"06_심층리서치/04_출처아카이브/검토노트/DRS-031.md","2503","2026-09-09T07:25:39.429Z",".md"
"06_심층리서치/04_출처아카이브/검토노트/DRS-032.md","2105","2026-09-09T07:25:39.429Z",".md"
"06_심층리서치/04_출처아카이브/검토노트/DRS-033.md","2003","2026-09-09T07:25:39.429Z",".md"
"06_심층리서치/04_출처아카이브/원문/DRS-004/2026-09-09/98f8cd3509c9.html.txt","35469","2026-09-09T07:02:48.169Z",".txt"
"06_심층리서치/04_출처아카이브/원문/DRS-005/2026-09-09/305d1648dcba.html.txt","53500","2026-09-09T07:02:48.170Z",".txt"
"06_심층리서치/04_출처아카이브/원문/DRS-008/2026-09-09/e10a8d95c520.html.txt","147999","2026-09-09T07:02:48.173Z",".txt"
"06_심층리서치/04_출처아카이브/원문/DRS-032/2026-09-09/e85910129f17.html.txt","80145","2026-09-09T07:02:48.193Z",".txt"
"06_심층리서치/04_출처아카이브/원문/DRS-009/2026-09-09/cf42982e1023.html.txt","105886","2026-09-09T07:02:48.175Z",".txt"
"06_심층리서치/04_출처아카이브/원문/DRS-012/2026-09-09/eeec5b797791.html.txt","17438","2026-09-09T07:02:48.177Z",".txt"
"06_심층리서치/04_출처아카이브/원문/DRS-030/2026-09-09/596b059ca14b.html.txt","73110","2026-09-09T07:02:48.193Z",".txt"
"06_심층리서치/04_출처아카이브/원문/DRS-030/2026-09-11/596b059ca14b8642a8852eba1c314f059c024e0a5f8a8a7d059b77c25a97418d.html.txt","73110","2026-09-11T08:36:08.107Z",".txt"
"06_심층리서치/04_출처아카이브/원문/DRS-029/2026-09-09/2ea0df492bf7.html.txt","95151","2026-09-09T07:02:48.193Z",".txt"
"06_심층리서치/04_출처아카이브/원문/DRS-028/2026-09-09/94033045074c.html.txt","179145","2026-09-09T07:02:48.191Z",".txt"
"06_심층리서치/04_출처아카이브/원문/DRS-026/2026-09-09/bfa3f7927cbe.html.txt","124824","2026-09-09T07:02:48.184Z",".txt"
"06_심층리서치/04_출처아카이브/원문/DRS-025/2026-09-09/f222b228ac18.html.txt","136868","2026-09-09T07:02:48.184Z",".txt"
"06_심층리서치/04_출처아카이브/원문/DRS-024/2026-09-09/16bd5bd810dd.html.txt","126195","2026-09-09T07:02:48.184Z",".txt"
"06_심층리서치/04_출처아카이브/원문/DRS-023/2026-09-09/9e2b38ff266f.html.txt","34274","2026-09-09T07:02:48.184Z",".txt"
"06_심층리서치/04_출처아카이브/원문/DRS-010/2026-09-09/1c7657ea9464.html.txt","50724","2026-09-09T07:02:48.177Z",".txt"
"06_심층리서치/04_출처아카이브/원문/DRS-020/2026-09-09/6f3bfed238ef.html.txt","33983","2026-09-09T07:02:48.184Z",".txt"
"06_심층리서치/04_출처아카이브/원문/DRS-016/2026-09-09/29be527a6993.html.txt","104052","2026-09-09T07:02:48.181Z",".txt"
"06_심층리서치/04_출처아카이브/원문/DRS-014/2026-09-09/be4ff58db559.html.txt","7433","2026-09-09T07:02:48.180Z",".txt"
"06_심층리서치/04_출처아카이브/원문/DRS-013/2026-09-09/7f2d2a7f9257.html.txt","631880","2026-09-09T07:02:48.179Z",".txt"
"06_심층리서치/04_출처아카이브/원문/DRS-017/2026-09-09/f4de44e92d75.html.txt","177578","2026-09-09T07:02:48.182Z",".txt"
"06_심층리서치/04_출처아카이브/원문/DRS-031/2026-09-09/6b26cd8535a7.html.txt","79501","2026-09-09T07:02:48.193Z",".txt"
"06_심층리서치/04_출처아카이브/원문/DRS-034/2026-09-11/482047d1b9e0061aeeab6253287fec8d37a3d37e46420d0eba4487d4c1d3579a.html.txt","14031","2026-09-11T08:06:23.571Z",".txt"
"06_심층리서치/04_출처아카이브/원문/DRS-035/2026-09-11/29649c7da6e97ce42350e018c3796513c74cf4bbd9fef5bacdd51849e8e31bca.html.txt","13552","2026-09-11T08:06:23.584Z",".txt"
"06_심층리서치/04_출처아카이브/원문/DRS-036/2026-09-11/4e34e1dcd2244a15bd5a099748b70ba861f520b1058be7e2ca9b4b2adafa9635.html.txt","71270","2026-09-11T08:06:23.610Z",".txt"
"06_심층리서치/04_출처아카이브/원문/DRS-037/2026-09-11/827d6cd127e9c5744e947f259851acd2e5457b086fc51dd600d25a9358afe715.html.txt","145004","2026-09-11T08:06:23.613Z",".txt"
"06_심층리서치/04_출처아카이브/원문/DRS-039/2026-09-11/4205e50ae763cdc1f8b703b8bd49646b2196013095ba3052d2daaf99a1f64019.html.txt","168283","2026-09-11T08:06:24.322Z",".txt"
"06_심층리서치/04_출처아카이브/원문/DRS-041/2026-09-11/9f0c857ffb1c9d270e67a98d8f26d3c117ec821c37169eed60c7fd7db45b996a.html.txt","452209","2026-09-11T08:06:25.029Z",".txt"
"06_심층리서치/04_출처아카이브/원문/DRS-042/2026-09-11/b17af64a6186f16c07efceea4ac4a350b3aee10088d08b6205969fd679d1bb33.html.txt","33787","2026-09-11T08:06:25.298Z",".txt"
"06_심층리서치/04_출처아카이브/원문/DRS-042/2026-09-11/fd568947922f83aa200e2ad234ade6371c5e3fd38f973146def6e0bffa0cfc82.html.txt","33787","2026-09-11T08:36:09.504Z",".txt"
"06_심층리서치/04_출처아카이브/원문/DRS-040/2026-09-11/ce213fff20bf77ce88e348f6b34ebfee6ce8bdbdad04918c880a80a14ea8e106.html.txt","145087","2026-09-11T08:06:25.678Z",".txt"
"06_심층리서치/04_출처아카이브/원문/DRS-040/2026-09-11/d84e778a5223ac800de51077e9d2d6cd6b1295208ad51310f8a866efdb39ddb8.html.txt","145087","2026-09-11T08:36:09.922Z",".txt"
"06_심층리서치/04_출처아카이브/원문/DRS-046/2026-09-11/956a268905b5be0022cfd4d6f9e4e01c343ad1c590fef6a1d776899502218c91.html.txt","19261","2026-09-11T08:06:25.935Z",".txt"
"06_심층리서치/04_출처아카이브/원문/DRS-047/2026-09-11/784cee6e41465a6b3b3450e07c020a1f4d02c0b675dd64a89f4df5c430acfc2e.html.txt","19856","2026-09-11T08:06:26.117Z",".txt"
"06_심층리서치/04_출처아카이브/원문/DRS-044/2026-09-11/facf8018c34e41a4bafac61e25a7c593491af0c914801aa477921642b379ed14.html.txt","5757","2026-09-11T08:06:26.227Z",".txt"
"06_심층리서치/04_출처아카이브/원문/DRS-048/2026-09-11/baf5c6c8ca1bc2e124083802170fdc91903292bfcb96e5e55330a8648a78178d.html.txt","87279","2026-09-11T08:06:26.430Z",".txt"
"06_심층리서치/04_출처아카이브/원문/DRS-043/2026-09-11/7ca5fdb46d9e9b2c0c2f1774252abf75517a7770624a126539943142918d2151.html.txt","41656","2026-09-11T08:06:26.691Z",".txt"
"06_심층리서치/04_출처아카이브/원문/DRS-049/2026-09-11/1939459087fcc0dcf1a9ca8b76deb1edff98ec7dc350bbd705d43ab10b8ab4d5.pdf","19318058","2026-09-11T08:36:06.130Z",".pdf"
"06_심층리서치/04_출처아카이브/원문/DRS-050/2026-09-11/b51b7fd5e55df152a2378f73f49afea40992016b89d6bba1b66c63a0ea80a5f5.html.txt","518210","2026-09-11T08:36:06.703Z",".txt"
"06_심층리서치/04_출처아카이브/원문/DRS-052/2026-09-11/6b16eb995d94309a210fa26e325d9277bc9d368fb9eddeba836fe6a0b4a4fbc6.html.txt","102352","2026-09-11T08:36:07.916Z",".txt"
"06_심층리서치/04_출처아카이브/원문/DRS-051/2026-09-11/7fb1dea10996d381db31acaf973f995d9c224e19a518a2fb799f253b1d242057.html.txt","112400","2026-09-11T08:36:08.072Z",".txt"
"06_심층리서치/04_출처아카이브/원문/DRS-053/2026-09-11/d5ab3b6eb5532b60896d678253a37e3411d0ccce76f19bebb6c135ff64eee579.html.txt","90587","2026-09-11T08:36:08.346Z",".txt"
"06_심층리서치/04_출처아카이브/원문/DRS-056/2026-09-11/2f10c41679768ed1e8fb9935995a772994938d3bc48e9e98578cefed283c7873.html.txt","92042","2026-09-11T08:36:09.016Z",".txt"
"06_심층리서치/04_출처아카이브/원문/DRS-054/2026-09-11/7d4cafc7256a5301c25989d6e863cd90cc8802986099198c5f23c0590dce4c78.html.txt","82030","2026-09-11T08:36:09.281Z",".txt"
"06_심층리서치/04_출처아카이브/원문/DRS-055/2026-09-11/4fb17e71ea105e5312f095bfa5cb803045c77f70b6d95cf9b6295b628209889d.html.txt","83184","2026-09-11T08:36:09.768Z",".txt"
"06_심층리서치/05_종합분석/비교매트릭스.md","5776","2026-09-09T07:45:06.734Z",".md"
"06_심층리서치/05_종합분석/종합보고서.md","37941","2026-09-11T08:43:48.498Z",".md"
"06_심층리서치/05_종합분석/추적원장.json","28219","2026-09-09T07:45:06.735Z",".json"
"06_심층리서치/05_종합분석/확대조사_2026-09-11/출처원장_변경전.json","51912","2026-09-11T08:06:23.160Z",".json"
"06_심층리서치/05_종합분석/확대조사_2026-09-11/출처_검토기록.json","20470","2026-09-11T08:06:41.635Z",".json"
"06_심층리서치/05_종합분석/확대조사_2026-09-11/확대_딥리서치_보고서.md","28423","2026-09-11T08:10:26.215Z",".md"
"06_심층리서치/05_종합분석/확대조사_2026-09-11/README.md","1578","2026-09-11T08:11:22.928Z",".md"
"06_심층리서치/05_종합분석/확대조사_2026-09-11/다음_조사_대기열.md","2693","2026-09-11T08:11:22.946Z",".md"
"06_심층리서치/05_종합분석/확대조사_2026-09-11/사례원장_변경전.json","15611","2026-09-11T08:12:50.376Z",".json"
"06_심층리서치/05_종합분석/확대조사_2026-09-11/문제_솔루션_사례_연결.json","2233","2026-09-11T08:12:50.449Z",".json"
"06_심층리서치/05_종합분석/확대조사_2026-09-11/검증_결과.md","1232","2026-09-11T08:12:54.503Z",".md"
"06_심층리서치/05_종합분석/확대조사_2026-09-11/산출물_목록.json","1243","2026-09-11T08:12:54.690Z",".json"
"06_심층리서치/05_종합분석/병목_미해소_미도입_2026-09-11/출처원장_변경전.json","77432","2026-09-11T08:36:05.963Z",".json"
"06_심층리서치/05_종합분석/병목_미해소_미도입_2026-09-11/사례원장_변경전.json","20151","2026-09-11T08:36:05.989Z",".json"
"06_심층리서치/05_종합분석/병목_미해소_미도입_2026-09-11/출처_검토기록.json","16624","2026-09-11T08:36:27.368Z",".json"
"06_심층리서치/05_종합분석/병목_미해소_미도입_2026-09-11/PDF_근거페이지_대조.png","531693","2026-09-11T08:36:27.385Z",".png"
"06_심층리서치/05_종합분석/병목_미해소_미도입_2026-09-11/국내외_사례와_병목_분석.md","34758","2026-09-11T08:40:51.406Z",".md"
"06_심층리서치/05_종합분석/병목_미해소_미도입_2026-09-11/병목_구간원장.json","10281","2026-09-11T08:43:48.427Z",".json"
"06_심층리서치/05_종합분석/병목_미해소_미도입_2026-09-11/병목_비교표.md","3563","2026-09-11T08:43:48.458Z",".md"
"06_심층리서치/05_종합분석/병목_미해소_미도입_2026-09-11/README.md","1416","2026-09-11T08:43:48.483Z",".md"
"06_심층리서치/05_종합분석/병목_미해소_미도입_2026-09-11/검증_결과.md","1554","2026-09-11T08:44:16.851Z",".md"
"06_심층리서치/05_종합분석/병목_미해소_미도입_2026-09-11/산출물_목록.json","1392","2026-09-11T08:44:17.040Z",".json"
"06_심층리서치/90_템플릿/README.md","612","2026-09-09T07:25:05.636Z",".md"
"06_심층리서치/90_템플릿/사례_템플릿.md","981","2026-09-09T07:25:05.638Z",".md"
"06_심층리서치/90_템플릿/출처_조사기록_템플릿.md","1035","2026-09-09T07:25:05.640Z",".md"
"06_심층리서치/90_템플릿/후보_템플릿.md","1693","2026-09-09T07:45:05.147Z",".md"
"06_심층리서치/99_버전보관/2026-09-09_v0.1/문서원장.zip","294519","2026-09-09T07:33:43.334Z",".zip"
"06_심층리서치/99_버전보관/2026-09-09_v0.1/스냅샷목록.json","30810","2026-09-09T07:33:43.388Z",".json"
"06_심층리서치/99_버전보관/2026-09-09_v0.2/문서원장.zip","315487","2026-09-09T07:49:29.046Z",".zip"
"06_심층리서치/99_버전보관/2026-09-09_v0.2/스냅샷목록.json","30980","2026-09-09T07:49:29.097Z",".json"
"06_심층리서치/99_버전보관/2026-09-09_v0.2/연결된_프로젝트문서.zip","110962","2026-09-09T07:49:30.866Z",".zip"
"06_심층리서치/99_버전보관/2026-09-09_v0.2/연결문서_목록.json","4010","2026-09-09T07:49:30.896Z",".json"
"06_심층리서치/99_버전보관/2026-09-09_범위정정_변경전/목록.json","27741","2026-09-09T07:37:42.357Z",".json"
"06_심층리서치/99_버전보관/2026-09-09_범위정정_변경전/변경전.zip","398210","2026-09-09T07:37:42.356Z",".zip"
"06_심층리서치/99_버전보관/2026-09-09_연결문서_변경전/04_기관리서치/리서치_운영.md","7249","2026-09-09T07:29:23.986Z",".md"
"06_심층리서치/99_버전보관/2026-09-09_연결문서_변경전/목록.json","272","2026-09-09T07:29:23.986Z",".json"
"06_심층리서치/99_버전보관/2026-09-09_연결문서_변경전/README.md","8171","2026-09-09T07:29:23.980Z",".md"
"07_사업구상/QA_마인드맵.png","137246","2026-09-09T08:45:42.205Z",".png"
"07_사업구상/QA_모바일.png","37459","2026-09-09T08:45:42.631Z",".png"
"07_사업구상/QA_모바일_목록.png","35460","2026-09-09T08:45:42.841Z",".png"
"07_사업구상/QA_사업화흐름.png","62954","2026-09-09T08:45:43.589Z",".png"
"07_사업구상/README.md","7168","2026-09-10T01:04:14.624Z",".md"
"07_사업구상/TS_사업화_흐름도.svg","5429","2026-09-09T08:51:52.340Z",".svg"
"07_사업구상/TS_신규사업_마인드맵.mmd","921","2026-09-09T08:51:52.340Z",".mmd"
"07_사업구상/TS_신규사업_마인드맵.svg","7521","2026-09-09T08:51:52.338Z",".svg"
"07_사업구상/검증_결과.md","8603","2026-09-09T08:51:51.052Z",".md"
"07_사업구상/검증_사업구상.cjs","8432","2026-09-09T08:21:30.512Z",".cjs"
"07_사업구상/고령자_민원완결_AX_구상.md","17328","2026-09-09T08:51:51.047Z",".md"
"07_사업구상/국민체감_AX_컨셉목록.md","6725","2026-09-10T05:44:38.947Z",".md"
"07_사업구상/국민체감_재검토.json","6563","2026-09-09T08:14:28.811Z",".json"
"07_사업구상/기획_보완.json","9936","2026-09-09T07:57:43.914Z",".json"
"07_사업구상/사업기획_구상보기.html","84188","2026-09-09T08:51:52.345Z",".html"
"07_사업구상/사업기획_구상서.md","67513","2026-09-09T08:51:52.340Z",".md"
"07_사업구상/생성_기록.json","2454","2026-09-09T08:51:52.374Z",".json"
"07_사업구상/생성_사업구상.py","34313","2026-09-09T08:51:51.051Z",".py"
"07_사업구상/자동차_반복결함_조기발견_AX_탐색.md","4661","2026-09-10T05:44:38.948Z",".md"
"07_사업구상/재생성_검증결과.json","116","2026-09-09T08:09:21.951Z",".json"
"07_사업구상/화면_검증결과.json","6795","2026-09-09T08:45:44.383Z",".json"
"07_사업구상/99_버전보관/20260909_170549_094055_이전생성본.zip","37245","2026-09-09T08:05:49.138Z",".zip"
"07_사업구상/99_버전보관/20260909_170702_881920_이전생성본.zip","197436","2026-09-09T08:07:02.918Z",".zip"
"07_사업구상/99_버전보관/20260909_172026_420477_이전생성본.zip","199000","2026-09-09T08:20:26.454Z",".zip"
"07_사업구상/99_버전보관/20260909_172131_599251_이전생성본.zip","213196","2026-09-09T08:21:31.635Z",".zip"
"07_사업구상/99_버전보관/20260909_174255_510506_이전생성본.zip","213933","2026-09-09T08:42:55.583Z",".zip"
"07_사업구상/99_버전보관/20260909_174536_130130_이전생성본.zip","215974","2026-09-09T08:45:36.168Z",".zip"
"07_사업구상/99_버전보관/20260909_175152_298209_이전생성본.zip","216175","2026-09-09T08:51:52.337Z",".zip"
"00_여기서_시작.md","2423","2026-09-15T07:58:44.822Z",".md"
"00_공공PMS_여기서_시작.md","1149","2026-09-15T08:08:19.723Z",".md"