no,date,views,category,title,detail_url,verified,verified_summary
374,2026-09-13,17,튜닝/구조변경,PV5카고 캠핑카 구조변경 관련 및 속도제한 관련 문의,https://www.epeople.go.kr/nep/pttn/gnrlPttn/pttnSmlrCaseDetail.npaid?epUnionSn=1AA-2608-0009543-2AA-2608-0070668-X610000-04&dutySctnNm=taol,Y,"PV5 밴형 화물차를 캠핑카·이동사무실차로 튜닝할 때 구조변경 가능 여부와 최고속도제한장치 적용 여부, 차량 구매 보조금을 함께 문의한 데 대해, TS는 격벽 탈거를 통한 튜닝은 가능하고 소형 특수자동차로 차종이 변경되면 최고속도제한장치 설치 대상이 아닐 것으로 판단했으며, 보조금 관련 질의는 TS 소관이 아니라며 지자체 문의를 안내했다."
373,2026-09-11,3,기타,1톤 화물차 검사규정,https://www.epeople.go.kr/nep/pttn/gnrlPttn/pttnSmlrCaseDetail.npaid?epUnionSn=1AA-2605-1106140-2AA-2606-0202187-X610000-04&dutySctnNm=taol,Y,"화물차 적재함 내부를 철판 등으로 보강하는 것이 튜닝승인 대상인지 물은 데 대해, TS는 이는 정비 사항으로 튜닝승인 대상이 아니지만 경·소형 화물차 차량중량 허용차(±60kg)를 초과하면 구조변경으로 튜닝승인 대상이 된다고 답했다."
372,2026-09-10,10,양수교육/양성교육,대전광역시 신규 버스운전자 양성기관 지정 확대 요청,https://www.epeople.go.kr/nep/pttn/gnrlPttn/pttnSmlrCaseDetail.npaid?epUnionSn=1AA-2606-0031308-2AA-2606-0167192-X610000-04&dutySctnNm=taol,Y,"대전 지역에 버스운전자 양성교육기관이 없어 교육장 확대·신설을 요청한 민원(원래 국토교통부에 접수되었다가 운영기관인 TS로 이송)에 대해, TS는 1년 이상 운전경력이 있으면 양성교육 없이도 자격 취득이 가능하고 양성기관 지정은 국토부·지자체 소관이라 TS가 임의로 신설할 수 없다고 설명하면서, 양성교육 운영 규모를 전년 대비 약 23% 확대했고 익산 교통안전체험교육센터 건립을 추진 중이라고 안내했다."
371,2026-09-10,9,양수교육/양성교육,한국교통안전공단의 무능한 정책을 원망합니다. 대한민국 국민의 한사람으로서 택시양수교육신청이 이렇게도 힘들어서 과연 우리 대한민국이 선진국이라고 할수있는지요?,https://www.epeople.go.kr/nep/pttn/gnrlPttn/pttnSmlrCaseDetail.npaid?epUnionSn=1AA-2606-0007793-2AA-2606-0123260-X610000-04&dutySctnNm=taol,Y,"개인택시면허 양수교육 신청이 너무 어렵다는 격한 항의성 제목의 민원(TS는 본문에서 '교육접수 어려움에 따른 교육장 확대 및 신청방식 개선' 요청으로 재정리)에 대해, TS는 접수방식을 선착순에서 추첨제·추첨가점제로 단계적으로 개편해왔고, 법정 체험교육 특성상 상주(약 9만평)·화성(약 7만평) 같은 대규모 부지가 필요해 전국 확대에는 한계가 있다면서도 익산 센터 건립·주말교육·인력확충 등으로 교육 정원을 늘리고 있다고 답했다."
370,2026-09-10,3,예약/시스템오류,자동차검사 예약 시 휴대폰 본인인증 오류로 예약 진행 불가,https://www.epeople.go.kr/nep/pttn/gnrlPttn/pttnSmlrCaseDetail.npaid?epUnionSn=1AA-2606-1363273-2AA-2606-1361059-X610000-04&dutySctnNm=taol,Y,"자동차검사 예약 시 휴대폰 본인인증 오류로 예약을 진행할 수 없다는 민원에 대해, TS는 정보보호를 위한 보안장비 운영 과정에서 발생한 문제였다며 민원인에게 유선 연락 후 즉시 보완 조치해 예약이 가능하도록 했다고 답했다."
369,2026-09-09,18,튜닝/구조변경,BMW iX2 차량의 제조사 순정 등화장치(아이코닉 글로우) 추가 장착에 대한 합법 여부 및 튜닝 승인 대상 여부 질의,https://www.epeople.go.kr/nep/pttn/gnrlPttn/pttnSmlrCaseDetail.npaid?epUnionSn=1AA-2606-0081569-2AA-2606-0221471-X610000-04&dutySctnNm=taol,Y,"BMW iX2에 제조사 순정 등화장치인 아이코닉 글로우를 추가 장착하는 것이 합법인지, 튜닝승인 대상인지 물은 데 대해, TS는 제작사가 자기인증하여 국내 출시한 차량에 적용된 등화라면 경미한 구조·장치로 튜닝승인 없이 설치 가능할 것으로 판단했고, 자기인증 등화가 아니면 튜닝승인 대상이며 시험성적서 등 증빙자료가 필요하다고 안내했다."
368,2026-09-09,11,리콜/하자/환불,자동차안전 하자심의위원회 민원접수 중,https://www.epeople.go.kr/nep/pttn/gnrlPttn/pttnSmlrCaseDetail.npaid?epUnionSn=1AA-2606-0224273-2AA-2606-0255947-X610000-04&dutySctnNm=taol,Y,"리스 차량도 교환·환불 중재 신청이 가능한지 문의한 민원(제목은 '자동차안전 하자심의위원회 민원접수 중'으로 본문 내용과는 다소 동떨어짐)에 대해, TS는 자동차관리법 제47조의2 요건을 충족하면 리스차량 소유자도 '사업용 자동차 2대 이상 소유' 제외 대상에 해당하지 않아 중재 신청이 가능하다고 안내했다."
367,2026-09-09,2,이륜차,"이륜차 혼(경적,크락션) 교체 혹은 추가장착에 대한 문의",https://www.epeople.go.kr/nep/pttn/gnrlPttn/pttnSmlrCaseDetail.npaid?epUnionSn=1AA-2609-0216006-2AA-2609-0266426-X610000-04&dutySctnNm=taol,Y,"이륜차 경적(크락션)을 교체하거나 추가로 장착할 수 있는지 물은 데 대해, TS는 경음기는 튜닝승인 대상이 아니며 소음허용기준에 적합하면 기존 것을 대체 설치할 수 있지만, 기존 경음기를 제거하지 않고 추가로 설치하는 것은 허용되지 않는다고 답했다."
366,2026-09-09,8,시험/자격,철도장비 운전면허 필기시험 민원 답변 관련 추가 질의 및 재검토 요청,https://www.epeople.go.kr/nep/pttn/gnrlPttn/pttnSmlrCaseDetail.npaid?epUnionSn=1AA-2605-1381757-2AA-2606-0080882-X610000-04&dutySctnNm=taol,Y,"철도장비 운전면허 필기시험의 합격률 정보공개, 출제범위 변경시점, 난이도 비율, 교육-시험 연계성 등에 대한 재검토 요청에 대해, TS는 26년 4차 전체 합격률 60.7%(과목면제 제외 시 59.3%)와 최근 3년 합격률(23년 80.7%, 24년 74.7%, 25년 92.8%)을 공개하고, 출제범위 확대는 26년 정기6차부터 적용되며 문제는 상 20~30%·중 50~65%·하 15~20% 비율로 시험위원이 임의 조정할 수 없게 관리하고 있다고 설명했다."
365,2026-09-01,17,튜닝/구조변경,캠핑카 튜닝 승인 도면 공유 요청,https://www.epeople.go.kr/nep/pttn/gnrlPttn/pttnSmlrCaseDetail.npaid?epUnionSn=1AA-2605-1322487-2AA-2605-1174672-X610000-04&dutySctnNm=taol,Y,"이미 튜닝승인을 받은 캠핑카의 승인 도면을 공유해달라는 요청에 대해, TS는 관련 서류가 보존기간 경과로 폐기되어 공단에 해당 정보가 남아있지 않다고 답했다."
364,2026-08-28,13,리콜/하자/환불,자동차 리콜·무상수리 안내문 발송 관련 건의사항,https://www.epeople.go.kr/nep/pttn/gnrlPttn/pttnSmlrCaseDetail.npaid?epUnionSn=1AA-2605-0937533-2AA-2605-0870689-X610000-04&dutySctnNm=taol,Y,"리콜·무상수리 안내문을 차량 소유자(청주시)가 아닌 실제 운영기관(사용본거지) 주소로 보내달라는 제도개선 건의에 대해, TS는 현행 법령상 안내문은 소유자에게만 발송 가능하며 사용본거지 발송을 위해서는 관련 규정 개정과 전산시스템 개선이 선행되어야 한다면서, 향후 제도 개선 시 검토하겠다는 유보적 답변을 했다."
363,2026-08-28,8,기타,외국인 한글 성명표기 관련,https://www.epeople.go.kr/nep/pttn/gnrlPttn/pttnSmlrCaseDetail.npaid?epUnionSn=1AA-2605-0681837-2AA-2605-1120767-X610000-04&dutySctnNm=taol,Y,"외국인 소유자의 한글 성명을 자동차등록증과 운전면허증에 병기할 수 있는지 문의한 데 대해, TS는 자동차등록증은 로마자·한글 병기 등록이 가능하며 관할 등록관청에 신청하면 된다고 안내했고, 운전면허증 표기는 TS 소관이 아니라 경찰청·한국도로교통공단 소관이라며 해당 기관 확인을 안내했다."
362,2026-08-28,11,기타,포르쉐911차량 전면유리몰딩 흘러내림,https://www.epeople.go.kr/nep/pttn/gnrlPttn/pttnSmlrCaseDetail.npaid?epUnionSn=1AA-2605-1014125-2AA-2605-0956948-X610000-04&dutySctnNm=taol,Y,"포르쉐 911의 앞면 창유리 고무몰딩이 흘러내리는 현상을 신고한 민원에 대해, TS는 해당 건이 자동차리콜센터에 접수되었고 제작사가 이미 보증기간을 연장해 무상수리 통지·조치를 진행 중임을 확인했다고 답했으며, 수리비 과다청구 등 개별 불만사항은 한국소비자원에 문의하라고 안내했다."
361,2026-08-28,12,시험/자격,제 2종 전기차량 필기시험 문제,https://www.epeople.go.kr/nep/pttn/gnrlPttn/pttnSmlrCaseDetail.npaid?epUnionSn=1AA-2605-0933227-2AA-2605-0867480-X610000-04&dutySctnNm=taol,Y,"제2종 전기차량 운전면허 필기시험의 난이도가 너무 높다는 의견에 대해, TS는 최근 인적 오류에 따른 사고 증가로 자격 검증을 강화했다고 설명하면서 상 20~30%·중 50~65%·하 15~20% 비율로 문제를 출제·선정하고 있다고 답했는데, 이 난이도 비율 설명은 같은 날짜의 다른 철도 관련 민원(no.366)과 거의 동일한 정형 문구다."
360,2026-08-27,12,튜닝/구조변경,자동차 구조변경(원상회복) 절차 문의,https://www.epeople.go.kr/nep/pttn/gnrlPttn/pttnSmlrCaseDetail.npaid?epUnionSn=1AA-2605-1237891-2AA-2605-1089605-X610000-04&dutySctnNm=taol,Y,"루프탑텐트를 탈거하는 구조변경(원상회복) 절차를 문의한 데 대해, TS는 이 또한 튜닝승인 대상이라며 사이버검사소를 통한 튜닝승인 신청부터 정비소 작업, 자동차검사소 튜닝검사까지의 절차를 안내하고, 관악 지역과 가까운 서울지역 검사소로 구로검사소를 안내했다."
359,2026-08-24,16,시험/자격,드론 실기평가조종자 자격시험관련 입니다.,https://www.epeople.go.kr/nep/pttn/gnrlPttn/pttnSmlrCaseDetail.npaid?epUnionSn=1AA-2608-0709490-2AA-2608-0705017-X610000-04&dutySctnNm=taol,Y,"무인멀티콥터 실기평가과정 조종평가의 합격기준(허용범위)이 지나치게 엄격하다며 완화를 요청한 데 대해, TS는 이 과정이 타인의 비행 적격 여부를 판정할 역량을 확인하는 절차로 조종자증명 시험과 목적이 다르며, 정량 허용범위 자체는 조종자증명 1종 실기시험과 동일하고 다만 위성항법 보조기능 없이(자세제어 모드) 구현 가능한지를 확인하는 차이가 있다고 설명해 완화 요청을 사실상 받아들이지 않았다."
358,2026-08-22,16,리콜/하자/환불,자동차 환불 산정 기준 불공정성 관련 민원,https://www.epeople.go.kr/nep/pttn/gnrlPttn/pttnSmlrCaseDetail.npaid?epUnionSn=1AA-2605-0510239-2AA-2605-0841904-X610000-04&dutySctnNm=taol,Y,"교환·환불 중재 시 환불금액 산정에 서비스센터 점검·시운전 과정의 주행거리까지 반영되는 것이 불공정하다는 민원에 대해, TS는 환불금액은 자동차관리법 시행규칙 제98조의6 산식에 따라 환불시점 주행거리를 기준으로 산정되며 점검·시운전 주행거리를 제외할 법적 근거는 없다고 답하고, 불복 시 30일 이내 정정·해석·추가판정 신청이나 법원에 중재판정 취소소송을 제기하는 절차를 안내했다."
357,2026-08-21,6,튜닝/구조변경,루프탑텐트 튜닝관련 질문,https://www.epeople.go.kr/nep/pttn/gnrlPttn/pttnSmlrCaseDetail.npaid?epUnionSn=1AA-2608-0629216-2AA-2608-0681179-X610000-04&dutySctnNm=taol,Y,"2018년식 카니발(11인승)에 약 52kg 루프탑텐트와 루프랙을 상시 장착할 때 튜닝승인이 필요한지 등 3개 질의에 대해, TS는 2026.6.29 개정 고시에 따라 승용·경형·소형차가 경미한 항목으로 제원상 차량중량 대비 120kg 이하 증가하면 튜닝승인 대상에서 제외되고 120kg을 초과하면 대상이 된다고 안내했다."
356,2026-08-20,10,기타,단체등록 요건 질의,https://www.epeople.go.kr/nep/pttn/gnrlPttn/pttnSmlrCaseDetail.npaid?epUnionSn=1AA-2605-0429456-2AA-2605-0462416-X610000-04&dutySctnNm=taol,Y,"사업자등록번호 가운데 코드가 '82'(비영리법인)인 단체를 '법인 아닌 일반단체용'으로 자동차 등록할 수 있는지 물은 데 대해, TS는 등록관청은 서류의 형식적 일치 여부만 심사할 권한이 있어 '82' 코드로는 법인으로 처리해야 하며 법인등기사항증명서가 필요하다고 답하고, 일반단체로 등록하려면 세무서에서 '80' 또는 '89' 코드 고유번호증으로 정정 발급받아야 한다며 추가 구비서류를 안내했다."
355,2026-08-19,11,시험/자격;안전운임제/화물운송;리콜/하자/환불,화물운송자격 환불취소 관련,https://www.epeople.go.kr/nep/pttn/gnrlPttn/pttnSmlrCaseDetail.npaid?epUnionSn=1AA-2605-0511282-2AA-2605-0510140-X610000-04&dutySctnNm=taol,Y,"화물운송종사자격시험과 운전적성정밀 신규검사 응시료 환불을 요청한 민원에 대해, TS는 시험·검사의 취소·환불은 시험일 전일 18시까지만 가능한데 민원인의 경우 이미 기한이 지나 환불이 어렵다고 답했다."
354,2026-08-15,11,시험/자격,무인수직이착륙기 자격취득 관련 “2년 제한” 기준의 합리성 및 행정안내 혼선에 대한 재검토 요청,https://www.epeople.go.kr/nep/pttn/gnrlPttn/pttnSmlrCaseDetail.npaid?epUnionSn=1AA-2605-0549483-2AA-2605-0565135-X610000-04&dutySctnNm=taol,Y,"기존 무인비행장치 조종자증명 보유자가 2년이 지나면 무인수직이착륙기 자격 취득 시 학과시험을 다시 요구받는 것이 중복규제이자 안내 혼선이라며 재검토를 요청한 민원(이전 민원에 대한 재검토 요청)에 대해, TS는 무인수직이착륙기가 기존 자격과 별도로 구분되는 자격이라 운영세칙상 응시요건을 별도로 충족해야 하며, 2년이 지나도 기존 자격 효력 자체는 유지되지만 학과시험 면제라는 예외적 특례의 적용 여부는 별개 문제라고 설명했다."
353,2026-08-15,22,이륜차,해도 너무한 이륜차 사용검사,https://www.epeople.go.kr/nep/pttn/gnrlPttn/pttnSmlrCaseDetail.npaid?epUnionSn=1AA-2605-0452967-2AA-2605-0510160-X610000-04&dutySctnNm=taol,Y,"제목은 '해도 너무한 이륜차 사용검사'로 항의성이지만 실제 본문은 이륜자동차 등화장치(전조등 등) 변경이 튜닝승인 대상인지에 관한 것으로, TS는 자기인증 등화장치가 아닌 것으로 무단 변경하면 사용검사 시 부적합으로 지적될 수 있다며 사이버검사소를 통한 튜닝승인 신청·검사 절차를 안내했다."
352,2026-08-15,22,양수교육/양성교육,버스양성자교육을 못 받아요,https://www.epeople.go.kr/nep/pttn/gnrlPttn/pttnSmlrCaseDetail.npaid?epUnionSn=1AA-2605-0199284-2AA-2605-0375342-X610000-04&dutySctnNm=taol,Y,"신규버스 양성교육과정(10일)의 온라인 접수 방식 개선을 요청한 민원에 대해, TS는 1년 미만 운전경력자에게 이 교육 이수가 취업에 필수적이라며 상주·화성 교육센터에서 매월 국비지원·개인부담 두 경로로 운영 중임을 안내하고, 교육 정원은 안전·실습시간 확보 등 현실적 한계에 따라 산정된다고 설명했다."
351,2026-08-14,13,이륜차,이륜차 전방 방향지시등 위치 변경의 건 2,https://www.epeople.go.kr/nep/pttn/gnrlPttn/pttnSmlrCaseDetail.npaid?epUnionSn=1AA-2605-0497687-2AA-2605-0495368-X610000-04&dutySctnNm=taol,Y,"이륜자동차 앞쪽 방향지시등의 위치를 변경할 때의 설치기준을 문의한 데 대해, TS는 발광면 간 240mm 이상 이격, 전조등 발광면 최외측보다 바깥쪽 설치, 지상 350~1,200mm 높이 등 관련 규칙상 설치기준을 안내했다."
350,2026-08-14,16,튜닝/구조변경;이륜차,이륜차 번호판 등(라이트) 구조변경 관련 문의.,https://www.epeople.go.kr/nep/pttn/gnrlPttn/pttnSmlrCaseDetail.npaid?epUnionSn=1AA-2605-0453203-2AA-2605-0447379-X610000-04&dutySctnNm=taol,Y,"이륜자동차 번호등(라이트) 하우징 일체 변경과 휀더리스킷 변경에 따른 번호등 변경 등 여러 질의에 대해, TS는 LED번호등의 경미한 구조·장치 인정은 광원에 한정되며 하우징 일체 변경은 튜닝승인 대상이라 안내하고, 휀더리스킷 자체는 제원변동이 없으면 비대상이지만 번호등 하우징 변동이 수반되면 승인대상이 된다며 승인 절차와 필요서류를 설명했다."
349,2026-08-11,12,리콜/하자/환불,자동차 하자 중재결정 재검토 요청서,https://www.epeople.go.kr/nep/pttn/gnrlPttn/pttnSmlrCaseDetail.npaid?epUnionSn=1AA-2604-1297097-2AA-2604-1332412-X610000-04&dutySctnNm=taol,Y,"교환·환불 중재에서 사건번호 2025자중1556이 기각된 결정을 재검토해달라는 요청에 대해, TS는 중재판정은 확정판결과 동일한 효력이 있으며 오산·오기 등에 한해 30일 이내 정정·해석·추가판정을 신청할 수 있고 그 외에는 법원에 중재판정 취소의 소를 제기하는 방법으로만 불복할 수 있다고 안내했는데, 이는 다른 중재 관련 민원(no.358)의 불복절차 안내와 사실상 동일한 정형 문구다."
348,2026-08-08,52,안전운임제/화물운송,택배 화물 안전운임제 적용 검토 요청의 건,https://www.epeople.go.kr/nep/pttn/gnrlPttn/pttnSmlrCaseDetail.npaid?epUnionSn=1AA-2604-0819846-2AA-2604-0898987-X610000-04&dutySctnNm=taol,Y,"택배기사(아버지)를 위한 안전운임제 적용 확대 요청. 안전운임 공표대상은 특수자동차로 운송되는 수출입 컨테이너·시멘트뿐(화물자동차 운수사업법 §5의11)이라 택배 화물은 미적용이라 답변, 향후 안전운임위원회 심의 가능성만 언급."
347,2026-08-08,8,기타,고압 세척  차량   특장차 구조 변경에  대하여,https://www.epeople.go.kr/nep/pttn/gnrlPttn/pttnSmlrCaseDetail.npaid?epUnionSn=1AA-2604-0706146-2AA-2605-0074317-X610000-04&dutySctnNm=taol,Y,"고압세척차로 개조(물품적재장치 변경)하는 구조변경이 튜닝승인 대상이며 승인받을 수 있는지 물은 데 대해, TS는 물품적재장치 변경이 튜닝승인 대상에는 해당한다고만 확인하고, 실제 승인 가능 여부는 튜닝승인 신청 시 제출되는 자료를 검토해야 판단할 수 있다며 구체적인 가부 판단은 유보했다."
346,2026-08-06,8,기타,드론 신체검사증명종류 문의,https://www.epeople.go.kr/nep/pttn/gnrlPttn/pttnSmlrCaseDetail.npaid?epUnionSn=1AA-2608-0214752-2AA-2608-0224093-X610000-04&dutySctnNm=taol,Y,"무인비행장치 조종자 증명 신청 시 제출할 수 있는 신체검사증명서류의 종류를 문의한 데 대해, TS는 운영세칙 제13조에 따라 항공신체검사증명서, 2종보통 이상 자동차운전면허증, 또는 2종보통 이상 발급용 신체검사증명서 중 하나를 제출하면 되며, 운전면허가 없어도 운전면허시험용 신체검사서 양식으로 검사받아 제출할 수 있다고 안내했다."
345,2026-08-06,18,튜닝/구조변경;이륜차,이륜차 튜닝 신청에 관한 민원,https://www.epeople.go.kr/nep/pttn/gnrlPttn/pttnSmlrCaseDetail.npaid?epUnionSn=1AA-2604-1185576-2AA-2604-1183049-X610000-04&dutySctnNm=taol,Y,"이륜자동차에 자동차용 전조등을 장착할 수 있는지와 튜닝승인 절차 안내 과정에서의 응대에 대한 불만 제기에 대해, TS는 먼저 안내 미흡을 사과한 뒤, 이륜자동차 전조등은 별도의 대칭형 전조등 시험기준을 충족해야 하는데 신청 등화는 자동차용 비대칭형 전조등 기준으로 시험받은 것이어서 이륜차 설치기준에 적합하지 않다고 설명했다."
344,2026-08-06,21,튜닝/구조변경;이륜차,한국교통안전공단 이륜차 튜닝(소음방지장치) 관련 민원,https://www.epeople.go.kr/nep/pttn/gnrlPttn/pttnSmlrCaseDetail.npaid?epUnionSn=1AA-2604-0697411-2AA-2604-0705353-X610000-04&dutySctnNm=taol,Y,"이륜차 소음방지장치 튜닝 시 소음인증값을 미리 안내해달라는 요청과 기준값 재검토, 금전 피해 구제 등 제도개선 요청에 대해, TS는 응대 미흡을 사과하며 소음인증값 자체는 TS가 아닌 한국환경공단이 관리하는 정보라 신청 전 사전 안내에 한계가 있고, 기준값의 적정성 검토는 기후에너지환경부 등 소관 부처가 담당할 사항이라고 안내했다."
343,2026-08-06,14,시험/자격,항공종사자 실기 시험,https://www.epeople.go.kr/nep/pttn/gnrlPttn/pttnSmlrCaseDetail.npaid?epUnionSn=1AA-2604-1203539-2AA-2604-1271997-X610000-04&dutySctnNm=taol,Y,"항공정비사(전자전기계기) 실기시험 확대 및 수용인원 증대를 요청한 민원에 대해, TS는 답변 서두에 '4/28일 접수 민원과 상동하여 동일한 답변으로 갈음처리한다'고 명시했으며, 2개월 이상 접수대기 시 시험을 확대 시행한다는 원칙과 익월 추가 시험 개설을 검토 중이라는 내용으로, no.342·no.340과 문구가 사실상 동일한 정형 답변이다."
342,2026-08-06,11,시험/자격,항공종사자 실기 시험,https://www.epeople.go.kr/nep/pttn/gnrlPttn/pttnSmlrCaseDetail.npaid?epUnionSn=1AA-2604-1206036-2AA-2604-1204131-X610000-04&dutySctnNm=taol,Y,"항공정비사(전자전기계기) 실기시험 확대 및 수용인원 증대를 요청한 민원으로, TS는 2개월 이상 접수대기가 있으면 시험을 확대 시행한다는 원칙에 따라 익월 추가 실기시험 개설을 검토 중이라고 답했으며, 이는 같은 시기의 다른 민원(no.343, no.340)과 담당자·문구가 사실상 동일한 정형 답변이다."
341,2026-08-04,14,기타,이륜자동차 제원정정(핸들평면도 수정) 진행상황 확인 요청,https://www.epeople.go.kr/nep/pttn/gnrlPttn/pttnSmlrCaseDetail.npaid?epUnionSn=1AA-2604-0917355-2AA-2604-1151199-X610000-04&dutySctnNm=taol,Y,"이륜자동차 제원정정(핸들평면도 수정) 진행상황을 확인해달라는 민원에 대해, TS는 확인 결과 제원 통보 오류에 따른 정정 요청이 접수된 사실 자체가 없으며, 민원인이 안내받은 담당자 연락처가 잘못 전달된 것이라 올바른 번호를 다시 안내했다."
340,2026-08-04,18,시험/자격,항공정비사 시험 인원 증원 해주세요,https://www.epeople.go.kr/nep/pttn/gnrlPttn/pttnSmlrCaseDetail.npaid?epUnionSn=1AA-2604-1204742-2AA-2604-1204058-X610000-04&dutySctnNm=taol,Y,"항공정비사(전자전기계기) 실기시험 인원 증원을 요청한 민원에 대해, TS는 no.342·no.343과 거의 동일한 문구로 2개월 이상 대기 시 시험을 확대한다는 원칙과 익월 추가 시험일 확보, 실기시험위원 추가 위촉을 통한 응시기회 확대를 검토하겠다고 답했다."
339,2026-08-01,19,기타,기계식주차장 전면공지와 장애인전용주차구역 차로의 겸용 가능 여부 질의,https://www.epeople.go.kr/nep/pttn/gnrlPttn/pttnSmlrCaseDetail.npaid?epUnionSn=1AA-2604-1065465-2AA-2604-1173957-X610000-04&dutySctnNm=taol,Y,"기계식주차장 전면공지와 장애인전용주차구역 차로를 겸용할 수 있는지 물은 데 대해, TS는 관련 도면 등 기초자료가 없어 세부 판단이 어렵고 이는 현장 상태를 종합적으로 감안해 판단할 사항이라며, 공단은 차로 기준을 담당하는 행정기관이 아니므로 인·허가 권한이 있는 관할 시·군·구청에 문의하라고 안내했다."
338,2026-07-27,32,안전운임제/화물운송,유가변동 안전운임발표 및 부대조항 오타 확인요청,https://www.epeople.go.kr/nep/pttn/gnrlPttn/pttnSmlrCaseDetail.npaid?epUnionSn=1AA-2604-0034184-2AA-2604-0515191-X610000-04&dutySctnNm=taol,Y,"질의는 2026.1~3월 경유 평균가가 50원 넘게 오른 데 따른 안전운임 유가변동분 발표시기와 부대조항 4월 누락·7월 중복 오탈자 여부이며, TS는 화물자동차운수사업법 제5조의10에 따라 유가변동비용은 안전운임위원회 심의를 거쳐 공포되고 부대조항 갈등·새 서비스 반영 여부도 향후 위원회 협의로 검토될 사항이라고 안내해 발표시기·오탈자 여부에 대한 직접 확답은 주지 않았다."
337,2026-07-22,32,기타,경기도 버스운수 종사자 채용박람회 왜 진행 한건지요?,https://www.epeople.go.kr/nep/pttn/gnrlPttn/pttnSmlrCaseDetail.npaid?epUnionSn=1AA-2604-0677556-2AA-2604-0857231-X610000-04&dutySctnNm=taol,Y,"제목은 채용박람회를 왜 열었는지 묻는 항의성 질문이지만 본문은 2026.4.15 수원메쎄에서 열린 경기도 버스운수종사자 채용박람회의 운영결과 보고로, 사전등록240명·현장383명 등 총 623명 참여, 면접인원 751명 중 196명 채용예정이라는 구체 수치와 함께 KD운송그룹 계열사 참여 방식을 해명했다."
336,2026-07-21,26,시험/자격,아 제발 철도면허시험 인원 좀 늘려주세요 제발요..제발제발,https://www.epeople.go.kr/nep/pttn/gnrlPttn/pttnSmlrCaseDetail.npaid?epUnionSn=1AA-2604-0439118-2AA-2604-0585852-X610000-04&dutySctnNm=taol,Y,"철도종사자 자격시험 회차·인원 확대 요청에 대해 TS는 인력·예산 제약으로 정기 추가개설은 어렵다고 밝히면서도, 철도운영자·교육기관이 요청기관 비용부담으로 임시시험을 요구하면 검토해 시행할 수 있다는 예외적 경로만 안내했다."
335,2026-07-20,18,기타,UN R171/DCAS 02시리즈의 HOR 유보조건 및 방향지시등 자동 작동 기준 관련 기술적 의미 확인 요청,https://www.epeople.go.kr/nep/pttn/gnrlPttn/pttnSmlrCaseDetail.npaid?epUnionSn=1AA-2606-0958870-2AA-2606-0990102-X610000-04&dutySctnNm=taol,Y,"UN R171(DCAS) 02시리즈의 HOR(핸즈오프) 유보조건 확대범위와 방향지시등 자동작동 기준의 기술적 의미를 묻자, TS는 02시리즈에서 유보 허용구간이 자동차전용도로까지 확대되나 일반도로·도심은 제외된다고 설명하면서도, 국내 도입은 법령검토·이해관계자 의견수렴이 진행 중이라 개별 기능 도입여부는 현 단계에서 확정 안내가 어렵다고 밝혔다(도입 목표시기는 2027년 하반기)."
334,2026-07-20,10,시험/자격,택시자격시험,https://www.epeople.go.kr/nep/pttn/gnrlPttn/pttnSmlrCaseDetail.npaid?epUnionSn=1AA-2604-0369425-2AA-2604-0440805-X610000-04&dutySctnNm=taol,Y,택시운전자격 특례1전형(타 시·도 자격 소지자) 문의에 TS는 지리과목 10문항만 응시하면 되고(3과목 면제) 100점 만점 60점 이상 및 지리 10문항 중 6문항 이상 정답 시 합격이라는 구체 기준을 안내했다.
333,2026-07-20,18,기타,어린이통학차량 실내에 고정식 커튼 또는 햇빛가리개 설치 가능 여부,https://www.epeople.go.kr/nep/pttn/gnrlPttn/pttnSmlrCaseDetail.npaid?epUnionSn=1AA-2604-0683229-2AA-2604-0686751-X610000-04&dutySctnNm=taol,Y,"어린이통학차량 실내 고정식 커튼·햇빛가리개 설치 가능여부에 대해, 자동차관리법령은 창유리 가시광선투과율 70% 이상 기준만 규정하고 내부 가림막 자체에 대한 별도 규정은 없다고 답하면서, 가림막으로 차실 내부가 보이지 않는 문제의 행정처분 권한은 지자체에 있다고 안내했다."
332,2026-07-19,14,시험/자격,2025 KNCAP Tesla Model 3 차로유지지원장치(LKAS) 평가 관련 TP-SS-5 실제 시험 적용 및 기능 설정 확인 요청,https://www.epeople.go.kr/nep/pttn/gnrlPttn/pttnSmlrCaseDetail.npaid?epUnionSn=1AA-2606-1229953-2AA-2606-1291071-X610000-04&dutySctnNm=taol,Y,"2025 KNCAP 테슬라 모델3 LKAS 평가(TP-SS-5)에 대한 다수 세부질의에 TS는 해당 시험이 횡방향 제어만 평가하는 단일기능 시험이라 종방향까지 동시 제어하는 테슬라 오토스티어는 활성화가 불가능해 시험 취지에 맞지 않으며(65±3km/h로 시험 수행), 2027년부터는 횡·종방향을 모두 활성화하는 복합성능평가를 도입할 예정이라고 답했다(본문이 답변 도중 끊겨 마지막 항목은 일부만 확인됨)."
331,2026-07-17,10,튜닝/구조변경,부산시설공단 차량 구조변경 관련 문의,https://www.epeople.go.kr/nep/pttn/gnrlPttn/pttnSmlrCaseDetail.npaid?epUnionSn=1AA-2604-0640214-2AA-2604-0649558-X610000-04&dutySctnNm=taol,Y,"부산시설공단 덤프차량의 물품적재장치(하대) 튜닝 관련, 하대높이는 비교제원 하대높이 이상~상면지상고 이내에서 신청 가능하다는 기준만 안내하고 문의한 500mm 높이의 실제 승인 가능여부는 튜닝승인 신청 시 제출자료를 검토해야 판단 가능하다며 확답을 유보했다."
330,2026-07-15,63,검사판정불복,검사 불합격 관하여,https://www.epeople.go.kr/nep/pttn/gnrlPttn/pttnSmlrCaseDetail.npaid?epUnionSn=1AA-2604-0403305-2AA-2604-0416584-X610000-04&dutySctnNm=taol,Y,"⚠제목-본문 불일치: ""검사 불합격""이라는 제목과 달리 실제 답변은 ""TS 튜닝알리고 유튜브 채널"" 콘텐츠 기획 제안에 대한 감사 인사임. 검사판정불복 카테고리에서 제외 필요 — CSV 자동분류의 한계를 보여주는 사례."
329,2026-07-14,13,이륜차,이륜차 LED발광 기능 휴대폰 거치대 불법 여부,https://www.epeople.go.kr/nep/pttn/gnrlPttn/pttnSmlrCaseDetail.npaid?epUnionSn=1AA-2604-0346077-2AA-2604-0384250-X610000-04&dutySctnNm=taol,Y,"이륜차 휴대폰거치대에 부착된 LED등화 설치 적법 여부에 대해 TS는 해당 LED가 안전기준상 등화장치에 해당하지 않아 설치가 허용되지 않는다고 판단했으며, 이 표준 문구는 이후 no.327·no.323의 이륜차 등화 문의에도 대상만 바꿔 동일하게 사용된다."
328,2026-07-13,13,시험/자격;안전운임제/화물운송,화물운송종사자격증 취득 절차와 방법,https://www.epeople.go.kr/nep/pttn/gnrlPttn/pttnSmlrCaseDetail.npaid?epUnionSn=1AA-2604-0228356-2AA-2604-0218681-X610000-04&dutySctnNm=taol,Y,"화물운송종사자격증 취득 절차 문의에 TS는 2종보통 이상 면허·만18세 이상·면허취득후 2년 이상 요건과 함께 정밀검사→필기시험(4과목 80문제, 60점/48문제 이상 합격)→온라인교육 8시간→자격증 발급의 절차를 구체적으로 안내했다."
327,2026-07-09,22,튜닝/구조변경;이륜차,이륜차 등화장치 관련 문의,https://www.epeople.go.kr/nep/pttn/gnrlPttn/pttnSmlrCaseDetail.npaid?epUnionSn=1AA-2604-0097839-2AA-2604-0306837-X610000-04&dutySctnNm=taol,Y,"이륜차 탑박스 LED등화(일반전원·독립전원 두 경우) 설치 가능여부에 대해 TS는 두 경우 모두 안전기준상 등화장치가 아니어서 허용되지 않는다고 답했는데, 이는 no.329에서 이미 사용된 것과 사실상 동일한 정형 문구다."
326,2026-07-09,14,기타,[유권해석 질의] 자동차제작업체의 하이루프 작업 후 시트 탈거 인도에 따른 승인여부 질의,https://www.epeople.go.kr/nep/pttn/gnrlPttn/pttnSmlrCaseDetail.npaid?epUnionSn=1AA-2604-0257771-2AA-2604-0301425-X610000-04&dutySctnNm=taol,Y,"9인승으로 자기인증된 차량의 하이루프 작업 후 승차좌석(시트) 탈거 인도가 가능한지에 대해, TS는 승차장치·정원 변경은 튜닝승인 대상(시행규칙 제55조)이라 승인 없이 좌석을 탈거하는 것은 허용되기 어렵다고 답했다."
325,2026-07-09,51,튜닝/구조변경,자동차검사시 불법튜닝해당 여부,https://www.epeople.go.kr/nep/pttn/gnrlPttn/pttnSmlrCaseDetail.npaid?epUnionSn=1AA-2604-0285076-2AA-2604-0297360-X610000-04&dutySctnNm=taol,Y,"특정 튜닝·개조 사항이 자동차검사에서 불법튜닝(부적합)에 해당하는지 묻자, TS는 검사기준 적합여부는 자동차검사시설에서 계측기·서류·육안으로 실차검사를 해봐야 판단 가능하다며 서면상 직접적인 확답은 하지 않았다."
324,2026-07-09,13,시험/자격,노면전차 운전면허 부실 기능시험에 대한 사실확인과 신속 개선 바랍니다.,https://www.epeople.go.kr/nep/pttn/gnrlPttn/pttnSmlrCaseDetail.npaid?epUnionSn=1AA-2604-0174519-2AA-2604-0211987-X610000-04&dutySctnNm=taol,Y,"노면전차 운전면허 기능시험 운영(장비 등)이 부실하다는 문제제기에, TS는 2025년 7월 처음 시행된 시험으로 시험노선·평가기준은 에스알 교육훈련센터와 협의해 운영 중이며 평가장비는 전문업체 정기점검으로 관리하고 장애 발생 시 응시생 불이익이 없도록 하겠다는 원론적 답변에 그쳐, 제기된 구체적 부실 여부를 직접 확인·인정하지는 않았다."
323,2026-07-08,17,튜닝/구조변경;이륜차,이륜차 등화장치 문의,https://www.epeople.go.kr/nep/pttn/gnrlPttn/pttnSmlrCaseDetail.npaid?epUnionSn=1AA-2604-0097783-2AA-2604-0109667-X610000-04&dutySctnNm=taol,Y,"이륜차 탑박스 LED등화 설치 문의에 대한 답변으로, no.327과 문구까지 동일한 정형 답변(등화장치가 아니므로 독립전원 여부와 무관하게 설치 불허)이 반복 사용되었다."
322,2026-07-03,20,양수교육/양성교육,개인택시 양수교육,https://www.epeople.go.kr/nep/pttn/gnrlPttn/pttnSmlrCaseDetail.npaid?epUnionSn=1AA-2603-0978544-2AA-2603-1081558-X610000-04&dutySctnNm=taol,Y,"개인택시면허 양수교육(현행 40시간·5일)의 확대·시간단축 건의에, TS는 법령·고시상 최소 안전교육시간이라 단축은 어렵고 실습시설(상주 9만평·화성 7만평) 특성상 모든 시·도에 센터 설치도 현실적으로 어렵다면서도, 전북 익산에 3번째 체험교육센터 건립을 추진 중이라고 안내했다."
321,2026-07-01,15,기타,가속 페달 교체 후에도 동일 증상이 반복 발생하여 차량 안전 운행이 불가능합니다.,https://www.epeople.go.kr/nep/pttn/gnrlPttn/pttnSmlrCaseDetail.npaid?epUnionSn=1AA-2603-1122851-2AA-2603-1229510-X610000-04&dutySctnNm=taol,Y,"기아 스포티지 가속페달 작동불량이 교체 후에도 재발한 데 따른 교환·환불 중재 요청에, TS는 자동차관리법 제47조의2의 교환·환불 요건(동일증상 2회 이상 수리 후 재발 등)을 설명하고 신차교환환불 e만족시스템(adr.katri.or.kr)을 통한 중재신청 절차만 안내했으며, 해당 차량이 요건을 충족하는지는 직접 판정하지 않았다."
320,2026-06-30,13,시험/자격;예약/시스템오류,무인멀티콥터 3종 자격 소지자의 상위 등급 응시 시 학과시험 면제 규정 적용 오류 시정 요청,https://www.epeople.go.kr/nep/pttn/gnrlPttn/pttnSmlrCaseDetail.npaid?epUnionSn=1AA-2603-1125265-2AA-2603-1142773-X610000-04&dutySctnNm=taol,Y,"무인멀티콥터 3종 자격 소지자가 1종 시험 응시 시 학과시험 면제 적용에 오류가 있다는 시정요청에, TS는 항공안전법령과 무인비행장치 조종자증명 운영세칙 제8조(면제기준) 1~5호의 조항(동일 비행장치 재응시, 무인헬리콥터·무인멀티콥터 상호면제 등)을 나열해 설명했으나, 제공된 본문이 세칙 조항 나열 도중 끊겨 3종→1종 사안에 대한 최종 결론 문구는 확인되지 않는다."
319,2026-06-27,34,칭찬(긍정),한국교통안전공단 직원분을 칭찬합니다,https://www.epeople.go.kr/nep/pttn/gnrlPttn/pttnSmlrCaseDetail.npaid?epUnionSn=1AA-2603-1031598-2AA-2603-1048029-X610000-04&dutySctnNm=taol,Y,"내압용기검사 담당 직원에 대한 순수 칭찬·감사 민원으로, TS는 감사 인사와 내압용기검사 제도에 대한 짧은 일반 설명만 답했을 뿐 실질적인 질의응답 정보는 없다."
318,2026-06-27,12,기타,시멘트 품목 운송(2차 문의) - 2차 운송사에서 차주에게 지급되는 운임단가 기준을 알려주세요,https://www.epeople.go.kr/nep/pttn/gnrlPttn/pttnSmlrCaseDetail.npaid?epUnionSn=1AA-2603-0405903-2AA-2603-0430176-X610000-04&dutySctnNm=taol,Y,"시멘트 운송에서 화주→1차운송사→2차운송사→개인차주 구조일 때 2차운송사 소속 차주의 운임단가 기준을 묻는 2차 문의에, TS는 「2026년 적용 화물자동차 안전운임 고시」가 안전운송운임·안전위탁운임만 규정할 뿐 운수사업자 간(1차-2차) 거래단가는 별도 규정이 없어 당사자 간 협의사항이라고 답했으며, 이는 목록의 no.316 문의와 사실상 동일한 정형 답변이다."
317,2026-06-27,12,기타,자동차365 자동차등록원부 발급 건수 제한 정책 개선 요청,https://www.epeople.go.kr/nep/pttn/gnrlPttn/pttnSmlrCaseDetail.npaid?epUnionSn=1AA-2603-0660873-2AA-2603-0921833-X610000-04&dutySctnNm=taol,Y,"자동차365 자동차등록원부 발급건수(1일 20건) 제한 완화 요청에, TS는 명시적으로 1일 20건 제한을 두고 있지 않다고 하면서도 이상행위 방지를 위한 내부기준상 제한은 존재하며 구체적 기준은 비공개라고 답해, 제한이 없다는 설명과 내부기준상 제한이 있다는 설명이 함께 제시된 점이 특징적이다."
316,2026-06-26,12,안전운임제/화물운송,시멘트 품목 운송 - 안전운임제 시행시  2차 운송사에 운임단가 책정 기준을 알려주세요,https://www.epeople.go.kr/nep/pttn/gnrlPttn/pttnSmlrCaseDetail.npaid?epUnionSn=1AA-2603-0361649-2AA-2603-0384064-X610000-04&dutySctnNm=taol,Y,"시멘트 운송 안전운임제에서 2차운송사에 대한 운임단가 책정기준을 묻는 문의로, TS의 결론(고시상 사업자 간 거래단가 규정 없음, 당사자 간 협의사항)과 답변 문구가 no.318과 사실상 동일한 정형 답변이다."
315,2026-06-26,17,시험/자격;예약/시스템오류;안전운임제/화물운송,"한국교통안전공단 (신규검사,화물운송종사자격시험) 예약 취소관련 민원입니다.",https://www.epeople.go.kr/nep/pttn/gnrlPttn/pttnSmlrCaseDetail.npaid?epUnionSn=1AA-2603-0682333-2AA-2603-0713507-X610000-04&dutySctnNm=taol,Y,"화물운송종사 시험·운전적성정밀검사 예약취소 관련 4가지 문제제기(공석 방치, 수익성 의혹, 좌석수 확대, 취소시간 확대)에 대해, TS는 응시기회 형평성을 위해 취소 시 공석을 유지하는 것이며 수익성 때문이 아니라고 명시적으로 부인하고, 시설 확충 중이나 단기간 좌석 확대와 당일취소 허용은 시험운영 안정성 저해로 어렵다고 답했다."
314,2026-06-25,14,이륜차,이륜차 머플러 변경에 관해서 문의합니다.,https://www.epeople.go.kr/nep/pttn/gnrlPttn/pttnSmlrCaseDetail.npaid?epUnionSn=1AA-2606-0928533-2AA-2606-1018950-X610000-04&dutySctnNm=taol,Y,"이륜차(두카티) 소음방지장치(머플러) 교체 관련 문의에, TS는 이륜차 소음기 변경은 시행규칙 제107조에 따른 튜닝승인 대상에 해당한다고 답했다."
313,2026-06-25,10,기타,이륜자동차 순정 조향핸들 상이 판정 관련 부당 조치에 대한 이의 제기,https://www.epeople.go.kr/nep/pttn/gnrlPttn/pttnSmlrCaseDetail.npaid?epUnionSn=1AA-2603-0793134-2AA-2603-0812455-X610000-04&dutySctnNm=taol,Y,"이륜차 순정 조향핸들이 제작사 외관도와 다르다는 이유로 시정권고(부적합)를 받은 데 대한 이의제기(5개 세부질의)에, TS는 외관도와 다르면 부적합판정이 가능하고 원인이 제작사 제원통보 오류라면 제작사가 정정하거나 튜닝승인으로 변경해야 한다고 답하면서, 제작사가 정정을 이행하지 않을 경우의 행정조치는 공단이 답변할 수 없어 국토부 등 관련부처에 문의해야 한다고 소관 밖임을 명시했다(본문이 답변 도중 끊겨 일부만 확인됨)."
312,2026-06-25,19,기타,BMW 급발진 사고 관련 민원신청,https://www.epeople.go.kr/nep/pttn/gnrlPttn/pttnSmlrCaseDetail.npaid?epUnionSn=1AA-2603-0962342-2AA-2603-0997601-X610000-04&dutySctnNm=taol,Y,"BMW 520d(2020년식) 급발진 의심사고 민원에, TS는 자동차관리법 제31조에 따른 자동차리콜센터의 결함정보 수집·기술분석·내부위원회 심의 절차를 안내하고 리콜센터에서 순차 연락해 정비내역 등 자료를 받아 조사를 진행하겠다고 답해, 급발진 여부에 대한 직접적 판정 없이 조사 착수 단계임을 밝혔다."
311,2026-06-24,21,기타,차량 외부 부착 제품 적합성 사전 문의서,https://www.epeople.go.kr/nep/pttn/gnrlPttn/pttnSmlrCaseDetail.npaid?epUnionSn=1AA-2603-0131277-2AA-2603-0322244-X610000-04&dutySctnNm=taol,Y,"차량 외부에 부착하는 제품(움직이는 눈동자 모양 등, 반사장치 포함)의 적합성 사전문의에, TS는 반사장치는 등화장치로서 튜닝승인 대상이며 등화시험성적서 제출 시 검토 가능하다고 답하면서, 도로교통법상 안전운전 장애 여부 판단은 별도 사안이라며 경찰청 교통안전과 문의도 함께 안내했다."
310,2026-06-23,25,기타,화물차검사과정,https://www.epeople.go.kr/nep/pttn/gnrlPttn/pttnSmlrCaseDetail.npaid?epUnionSn=1AA-2603-0193872-2AA-2603-0778903-X610000-04&dutySctnNm=taol,Y,"화물차 적재함 바닥 철판보강이 불법튜닝에 해당하는지와 정식 절차를 묻는 질의에, TS는 철판보강으로 차량중량이 제원허용차를 초과하면 튜닝승인 대상이며 초과 상태로 정기검사를 받으면 부적합판정될 수 있다고 안내하고 튜닝승인 신청→정비소 작업→튜닝검사 예약의 절차를 설명했다(본문이 절차 안내 도중 끊겨 말미는 일부만 확인됨)."
309,2026-06-21,19,시험/자격,[교통안전공단]실기시험관 신청하는 절차가 궁금합니다.,https://www.epeople.go.kr/nep/pttn/gnrlPttn/pttnSmlrCaseDetail.npaid?epUnionSn=1AA-2605-1300948-2AA-2605-1144856-X610000-04&dutySctnNm=taol,Y,"항공종사자 실기시험위원(실기시험관) 위촉 신청절차 문의에, TS는 위촉요건 심사→인정심사(면접)→직무교육을 거쳐 위촉되며 정기공고가 아닌 수시 공개모집 방식이라고 안내했다."
308,2026-06-20,9,기타,자동차 후미등 타차종 순정품(LED) 교체 가능여부 문의,https://www.epeople.go.kr/nep/pttn/gnrlPttn/pttnSmlrCaseDetail.npaid?epUnionSn=1AA-2603-0680592-2AA-2603-0700641-X610000-04&dutySctnNm=taol,Y,"자동차 후미등을 타 차종의 순정 LED품으로 교체 가능한지에 대해, TS는 등화장치가 원칙적으로 튜닝승인 대상이나 자기인증된 등화장치는 국토부고시상 경미한 구조·장치로 승인대상에서 제외돼 안전기준에 맞게 설치하면 승인 없이도 가능하다고 답해, 같은 목록 내 이륜차 LED등화 불허 사례들과 달리 조건부 허용이라는 대조적 결론을 보였다."
307,2026-06-19,11,이륜차,이륜차 검사 형상도 상이(핸들) 시정조치관련문의,https://www.epeople.go.kr/nep/pttn/gnrlPttn/pttnSmlrCaseDetail.npaid?epUnionSn=1AA-2603-0669832-2AA-2603-0690431-X610000-04&dutySctnNm=taol,Y,"이륜차 검사에서 조향핸들 형상이 제작사 외관도와 다르다는 판정에 대한 시정조치 문의(4개 세부질의)에, TS는 제출된 사진만으로는 차이 판단이 어려워 검사소에 재확인이 필요하며 실제로 제작사 제원통보와 다르게 출고됐다면 제작사 AS·제원정정 또는 튜닝승인으로 해결해야 한다고 답했는데, 이는 no.313에서 다룬 조향핸들 상이 쟁점과 논리 구조가 유사한 반복적 답변이다(본문이 끝인사 직전에서 끊김)."
306,2026-06-18,10,기타,드론원스톱 민원서비스 사이트 ui 개선관련 문의,https://www.epeople.go.kr/nep/pttn/gnrlPttn/pttnSmlrCaseDetail.npaid?epUnionSn=1AA-2606-0549056-2AA-2606-0594114-X610000-04&dutySctnNm=taol,Y,"드론원스톱 민원서비스 사이트 UI 개선 요청에, TS는 해당 시스템이 서울지방항공청 구축(2019.12)·운영 후 2025.7 공단으로 이관돼 2026년부터 국토부 위탁으로 운영·유지보수 중이라고 설명하고 요청사항은 「적극 검토하겠다」는 원론적 답변만 제시해 구체적 반영 여부·일정은 확정하지 않았다."
305,2026-06-18,11,양수교육/양성교육;예약/시스템오류,버스양성교육 접속과정,https://www.epeople.go.kr/nep/pttn/gnrlPttn/pttnSmlrCaseDetail.npaid?epUnionSn=1AA-2603-0407062-2AA-2603-0430521-X610000-04&dutySctnNm=taol,Y,"신규버스 양성교육(10일과정) 온라인 접수 절차 문의에, TS는 화성센터가 국토부 지정 양성기관 중 하나일 뿐 유일한 기관은 아니며 국비지원·자비부담 두 과정으로 나뉘어 센터 홈페이지 공고를 통해 접수하고 경기도·고용노동부 지원과정도 있다고 안내했다."
304,2026-06-18,11,시험/자격,"TS국가자격시험-드론 필기시험장, 주소 누락 - 즉시 반영 바랍니다.",https://www.epeople.go.kr/nep/pttn/gnrlPttn/pttnSmlrCaseDetail.npaid?epUnionSn=1AA-2603-0578401-2AA-2603-0600384-X610000-04&dutySctnNm=taol,Y,"TS국가자격시험 드론 필기시험장 주소가 결제 전에는 공개되지 않는다는 지적에, TS는 확인 결과 결제 여부와 무관하게 홈페이지(항공자격-초경량조종자-학과시험안내)에서 시험장 주소를 미리 확인할 수 있다며 경로를 안내하면서도, 정보 위치가 직관적이지 않을 수 있는 점은 인정하고 향후 안내를 개선하겠다고 답했다."
303,2026-06-17,14,기타,운전정밀적성검사,https://www.epeople.go.kr/nep/pttn/gnrlPttn/pttnSmlrCaseDetail.npaid?epUnionSn=1AA-2603-0444697-2AA-2603-0523206-X610000-04&dutySctnNm=taol,Y,"택시업 종사를 위한 운전정밀적성검사(신규검사) 수검 대상 여부 문의에, TS는 여객자동차운수사업법 시행규칙 제49조제3항에 따라 신규검사를 받은 날부터 재취업일까지 무사고이면 재수검이 불필요하다고 간단히 답했다."
302,2026-06-17,14,시험/자격,한국교통안전공단배움터등 한국안전공단에서 보는 시험결과를 알기가불편합니다.,https://www.epeople.go.kr/nep/pttn/gnrlPttn/pttnSmlrCaseDetail.npaid?epUnionSn=1AA-2603-0303838-2AA-2603-0320952-X610000-04&dutySctnNm=taol,Y,"민원인은 TS배움터에서 도로안전통제원 자격검정 합격여부·점수 확인이 불편하다는 문제를 제기했고, TS는 합격여부는 TS배움터 공지사항에 게시 중이며 개인 성적은 타인 공개 불가 원칙상 미게시하되 유선 문의 시에는 안내한다고 답했다. 점수공개 시스템 개선 요청은 '면밀히 검토하여 시행할 수 있도록 노력하겠다'는 수준으로, 즉시 시행을 확답하지는 않았다."
301,2026-06-17,12,시험/자격;예약/시스템오류;안전운임제/화물운송,"한국교통안전공단 (신규검사,화물운송종사자격시험) 예약 취소관련 민원입니다.",https://www.epeople.go.kr/nep/pttn/gnrlPttn/pttnSmlrCaseDetail.npaid?epUnionSn=1AA-2603-0449190-2AA-2603-0472320-X610000-04&dutySctnNm=taol,Y,"실제 민원은 화물운송종사자격시험·운전적성정밀검사 예약 취소 규정에 관한 것으로, TS는 좌석 낭비 방지를 위해 시험 전일 18시까지만 예약·취소가 가능하다고 안내했다. category에는 '안전운임제/화물운송'이 포함되어 있으나 본문 내용과는 무관한 태그다."
300,2026-06-17,25,튜닝/구조변경;안전운임제/화물운송,수출입 컨테이너 운송용 ‘구조변경 카고 차량’의 안전운임제 적용 대상 명시 및 차별 해소 요청,https://www.epeople.go.kr/nep/pttn/gnrlPttn/pttnSmlrCaseDetail.npaid?epUnionSn=1AA-2602-0731893-2AA-2602-0933875-X610000-04&dutySctnNm=taol,Y,"구조변경으로 컨테이너 전용 카고차량을 10년간 운행해온 민원인이 특수자동차(트랙터)와 동일 위험군인데도 안전운임제 적용에서 배제되는 것은 차별이라며 국토부 유권해석 공표를 요구했으나, TS는 자동차관리법령상 견인형이 아닌 카고 원형 차량이 컨테이너를 운송하는 경우 안전운임 적용 대상이 아니라고 답해 요청을 받아들이지 않았다."
299,2026-06-17,52,안전운임제/화물운송,안전운임제 너무 어이없네요,https://www.epeople.go.kr/nep/pttn/gnrlPttn/pttnSmlrCaseDetail.npaid?epUnionSn=1AA-2602-0830562-2AA-2602-0932783-X610000-04&dutySctnNm=taol,Y,"[민원 원문이 그대로 인용된 드문 사례] 카고트럭 기사의 격한 불만(""중간 주선업체만 이익을 취하는 구조"") 원문 포함. 견인형(컨테이너 운송)이 아닌 일반 카고트럭은 안전운임 미적용이라는 동일 법적 근거로 답변 — 형평성 불만이 매번 같은 논리로 기각되는 구조."
298,2026-06-17,43,안전운임제/화물운송,안전운임제 운임관련 질문 드립니다,https://www.epeople.go.kr/nep/pttn/gnrlPttn/pttnSmlrCaseDetail.npaid?epUnionSn=1AA-2602-0680570-2AA-2602-0932924-X610000-04&dutySctnNm=taol,Y,"의왕ICD·평택CT에서 공컨테이너를 상차해 중부권 작업 후 광양CT에 반납하거나 복화작업을 하는 경우 왕복·편도운임을 어떻게 산정할지 묻는 질의에, TS는 고시에 명시되지 않은 구간은 거리별·기점별 운임을 참고해 당사자 간 협의로 정해야 한다고 원론적으로 답했다."
297,2026-06-11,38,안전운임제/화물운송,2026년 적용 화물자동차 안전운임 고시에 대한 질의,https://www.epeople.go.kr/nep/pttn/gnrlPttn/pttnSmlrCaseDetail.npaid?epUnionSn=1AA-2602-0474839-2AA-2602-0669154-X610000-04&dutySctnNm=taol,Y,"인천신항~남양주 구간 거리(85km 대 90km 이견)에 따른 왕복운임 산정과, 25.9톤 컨테이너에 중량할증(30%)과 인천기점할증(20%)이 중복 적용될 때의 합산방식을 물었고, TS는 거리는 협의사항이라 답하면서도 할증 중복 시 더 낮은 할증(인천기점)은 50%인 10%만 적용된다고 구체적으로 확인해줬다."
296,2026-06-11,13,기타,교통공단 자동차 불법부착물,https://www.epeople.go.kr/nep/pttn/gnrlPttn/pttnSmlrCaseDetail.npaid?epUnionSn=1AA-2602-0663890-2AA-2602-0661455-X610000-04&dutySctnNm=taol,Y,"category는 '기타'로 분류돼 있지만 실제로는 화물차에 부착된 후퇴등·제동등·경광등 등 등화장치와 적재함 내부 구조물의 불법 여부를 묻는 튜닝 관련 민원이다. TS는 해당 등화장치 및 적재함 내부 구조물이 튜닝승인대상이며, 화물차에 제동등 추가설치는 불가하고 경광등은 경찰청 허가를 받은 긴급자동차만 설치 가능하다고 답했다."
295,2026-06-11,12,튜닝/구조변경,픽업덮개 자동차 튜닝승인기준에 관한 문의,https://www.epeople.go.kr/nep/pttn/gnrlPttn/pttnSmlrCaseDetail.npaid?epUnionSn=1AA-2602-0663522-2AA-2602-0659533-X610000-04&dutySctnNm=taol,Y,"픽업트럭 적재함에 픽업덮개(투명플라스틱 포함)를 설치할 때 튜닝승인 기준을 물었고, TS는 전면에 보호봉만 설치하면 폐쇄된 구조로 볼 수 없어 승인 불가하며 일체형으로 설치하면 밴형화물자동차에 해당해 승인이 불가하다고 답했고, 투명플라스틱도 창유리로 보아 보호봉 설치가 필요하다고 안내했다."
294,2026-06-10,11,양수교육/양성교육,버스운전자 양성교육 신청에 관하여,https://www.epeople.go.kr/nep/pttn/gnrlPttn/pttnSmlrCaseDetail.npaid?epUnionSn=1AA-2605-1496984-2AA-2606-0047400-X610000-04&dutySctnNm=taol,Y,"신규버스 양성교육(10일) 과정의 2026년 일정을 문의한 데 대해, TS는 국비지원·자비부담 두 트랙 모두 8월분까지는 공고돼 있고 9월 이후 일정은 각각 6월 30일, 9월 초에 공고 예정이라 안내했으며, 화성센터가 유일한 지정 교육기관은 아니고 2026년부터 외부교육 업무는 경기도교통연수원으로 이관됐다고 설명했다."
293,2026-06-05,33,안전운임제/화물운송,안전운임제 유권해석 요청,https://www.epeople.go.kr/nep/pttn/gnrlPttn/pttnSmlrCaseDetail.npaid?epUnionSn=1AA-2602-0403982-2AA-2602-0421366-X610000-04&dutySctnNm=taol,Y,"화물차 안전운임 컨테이너 할증에서 일반제품과 PTA제품의 중량할증 적용 기준 톤수를 물었고, TS는 일반제품은 20FT 기준 20톤 초과 시 1톤당 10%, PTA제품은 21톤 초과 시부터 10%씩 할증이 적용된다고 구체적 수치로 답했다."
292,2026-06-05,9,튜닝/구조변경,자동차 등화장치 부착물(몰딩류)의 경미한 튜닝 해당 여부 질의,https://www.epeople.go.kr/nep/pttn/gnrlPttn/pttnSmlrCaseDetail.npaid?epUnionSn=1AA-2605-1358685-2AA-2605-1207969-X610000-04&dutySctnNm=taol,Y,"등화장치 가장자리 부착물 및 램프 간 경계선 부착물(몰딩류)이 경미한 튜닝에 해당하는지 물었고, TS는 발광면·반사기를 가리지 않고 인증 성능에 지장이 없는 범위에서만 설치가 가능하며, 발광면을 가리거나 성능에 지장을 주면 안전기준 적합 여부를 판단할 수 없어 허용 불가라는 조건부 판단을 제시했다."
291,2026-06-04,46,안전운임제/화물운송,2026년 화물자동차 안전운임제 관련 질의,https://www.epeople.go.kr/nep/pttn/gnrlPttn/pttnSmlrCaseDetail.npaid?epUnionSn=1AA-2602-0301487-2AA-2602-0374202-X610000-04&dutySctnNm=taol,Y,"화물차 안전운임 관련 운임 지급방식, 화주-운송사 차액청구 근거, 운수사업자간 운임의 법적효력, ICD 추가운임 등 총 9건(가~자)을 질의했으나, 제공된 답변 본문에는 가~라 항목(현금지급방식 미규정, 화주의 안전운송운임 이상 지급의무 위반시 과태료 500만원, 운수사업자간 운임도 준수의무 대상, 왕복·편도운임 외 구간은 협의)까지만 확인되고 마~자 항목에 대한 답변은 본문이 중간에서 잘려 확인되지 않는다."
290,2026-06-04,13,튜닝/구조변경,"프레임 수리시 불법 합법, 튜닝 여부에 관한 질문",https://www.epeople.go.kr/nep/pttn/gnrlPttn/pttnSmlrCaseDetail.npaid?epUnionSn=1AA-2605-1286341-2AA-2605-1129353-X610000-04&dutySctnNm=taol,Y,"화물차 프레임 부식 부위 수리가 불법 튜닝에 해당하는지 물었고, TS는 단순 부식 수리·보강·부품교체는 정비행위로 튜닝승인 대상이 아니지만, 차대번호 부위는 사전에 재표기 신청이 필요하고 프레임 수평투영면적의 2분의 1을 초과하는 수리·교체는 시행규칙상 금지되며 중량이 허용차(±60~100kg, ±3%)를 초과 변경되면 튜닝승인 대상이라고 답했다."
289,2026-06-04,25,안전운임제/화물운송,안전운임제 시행이후 부곡(의왕) 컨테이너CY에서 추가비용 요청합니다 막아주세요!,https://www.epeople.go.kr/nep/pttn/gnrlPttn/pttnSmlrCaseDetail.npaid?epUnionSn=1AA-2602-0204603-2AA-2602-0373921-X610000-04&dutySctnNm=taol,Y,"안전운임제 시행 이후 부곡(의왕) KCTC CY가 공컨테이너 반납비용을 이중으로 부과한다는 민원에 대해, TS는 즉답 대신 안전운임위원회 협의를 통한 추가 검토가 필요한 사안으로 판단해 위원회 개최 시 전달할 예정이라고만 답해, 사실상 결론을 유보한 검토 중 사안이다."
288,2026-06-04,22,안전운임제/화물운송,안전운임 고시 관련 철도 CY 연계 육상운송 운임 산정 기준 해석 질의,https://www.epeople.go.kr/nep/pttn/gnrlPttn/pttnSmlrCaseDetail.npaid?epUnionSn=1AA-2602-0349028-2AA-2602-0374119-X610000-04&dutySctnNm=taol,Y,"철도 CY에서 화주 공장까지의 육상운송 구간에 배후부지 운임 단가를 준용할지 거리별 안전운임을 적용할지를 물었으나, TS는 고시에 명시된 왕복·편도운임 이외 구간이므로 거리별·기점별 운임을 참고해 당사자 간 협의로 지급해야 한다는 원론적 답변에 그쳤다."
287,2026-06-04,20,안전운임제/화물운송,화물자동차 안전운임제 할증(험로 및 오지) 관련 질의,https://www.epeople.go.kr/nep/pttn/gnrlPttn/pttnSmlrCaseDetail.npaid?epUnionSn=1AA-2602-0352437-2AA-2602-0367870-X610000-04&dutySctnNm=taol,Y,"바지선 위에 설치된 이동식 사일로 현장에 대해 험로·오지 할증(15%)을 인천지방해양수산청에 요구할 수 있는지 물었고, TS는 이동식 사일로가 바지선 위에 있고 차량이 바지선으로 직접 이동하지 않는다는 사실관계를 근거로 고시상 험로·오지 할증 요건에 해당하지 않는다고 판단했다."
286,2026-06-03,34,안전운임제/화물운송,안전운임제 화물자동차 안전운임 적용 지침 관련 문의 (거리 계산),https://www.epeople.go.kr/nep/pttn/gnrlPttn/pttnSmlrCaseDetail.npaid?epUnionSn=1AA-2602-0202832-2AA-2602-0221078-X610000-04&dutySctnNm=taol,Y,"수출 컨테이너 운송에서 픽업항만과 반입항만이 다르거나(부산항→광양항) 중간 경유지를 거치는 다착지 운송(울산항 사례)일 때 어떤 거리측정방식을 적용하는지 물었으나, TS는 구체적 결론 대신 고시상 거리측정방식 가·나목을 기준으로 당사자 간 협의해 적용할 사안이라고 답했다."
285,2026-05-23,8,시험/자격,고속철도 면허시험 5월 이론시험,https://www.epeople.go.kr/nep/pttn/gnrlPttn/pttnSmlrCaseDetail.npaid?epUnionSn=1AA-2602-0703785-2AA-2602-0709048-X610000-04&dutySctnNm=taol,Y,"고속철도차량 운전면허 필기시험 추가개설을 건의한 데 대해, TS는 2026년 고속철도차량 운전면허 필기시험이 정기 2·6·8차 총 3회 예정돼 있으며, 그 외 추가시험은 철도운영자 등의 요청이 있고 필요성이 인정될 경우 임시시험으로 시행할 수 있으나 비용은 요청기관이 부담한다고 안내했다."
284,2026-05-23,13,시험/자격,교통안전공단 자격증 시험,https://www.epeople.go.kr/nep/pttn/gnrlPttn/pttnSmlrCaseDetail.npaid?epUnionSn=1AA-2602-0650901-2AA-2602-0638832-X610000-04&dutySctnNm=taol,Y,"항공자격 시험에 주말시험 개설을 문의한 데 대해, TS는 응시기회 확대를 위해 이미 월 1회 주말시험을 운영 중이며 세부 일정은 TS국가자격시험 홈페이지 공지사항에서 확인하라고 안내했다."
283,2026-05-21,9,시험/자격,초경량비행장치(드론) 비행과 자격증 취득 관련 문의.,https://www.epeople.go.kr/nep/pttn/gnrlPttn/pttnSmlrCaseDetail.npaid?epUnionSn=1AA-2605-0818356-2AA-2605-0782595-X610000-04&dutySctnNm=taol,Y,"249g급 드론에 ND필터·랜딩기어·SD카드 등을 장착해 250g을 넘길 경우 4종 무인동력비행장치 조종자 증명이 필요한지, 즉 250g 기준이 제조사 표시중량인지 실제 운용중량인지를 물었고, TS는 판단 기준이 제조사 표시중량이 아니라 부속품을 포함한 실제 운용상태의 '최대이륙중량'이며 249g 기체도 장착 후 250g을 초과하면 4종 자격 대상이 된다고 명확히 결론지었다(다만 제공된 본문이 결론 문단 중간에서 잘려 있음)."
282,2026-05-12,30,시험/자격,드론자격증 시험 관련 민원,https://www.epeople.go.kr/nep/pttn/gnrlPttn/pttnSmlrCaseDetail.npaid?epUnionSn=1AA-2602-0350465-2AA-2602-0367607-X610000-04&dutySctnNm=taol,Y,"초경량비행장치 조종자증명 학과시험의 오답(정답·해설 포함) 공개를 요청했으나, TS는 공공기관의 정보공개에 관한 법률 제9조제1항제5호(공정한 업무수행에 지장을 줄 수 있는 시험정보)에 해당해 공개가 어렵다고 거부했고, 대신 취약세목만 제한적으로 공개해 추가 학습을 유도하고 있다고 안내했다."
281,2026-05-09,18,튜닝/구조변경,캠핑카(특수자동차) 구조변경 문의드립니다.,https://www.epeople.go.kr/nep/pttn/gnrlPttn/pttnSmlrCaseDetail.npaid?epUnionSn=1AA-2602-0146784-2AA-2602-0174629-X610000-04&dutySctnNm=taol,Y,"캠핑카(특수자동차) 창유리 교체·시공이 튜닝승인 대상인지 물었고, TS는 자동차관리법 시행규칙 제55조에 따라 창유리는 튜닝승인대상이 아니라고 짧게 답했다."
280,2026-05-09,9,튜닝/구조변경,ev6 캘리퍼 튜닝 브라켓 장착,https://www.epeople.go.kr/nep/pttn/gnrlPttn/pttnSmlrCaseDetail.npaid?epUnionSn=1AA-2601-1129082-2AA-2602-0070144-X610000-04&dutySctnNm=taol,Y,"EV6에 캘리퍼 튜닝 브라켓을 장착해도 되는지 물었고, TS는 브라켓은 부속장치이나 별도 시험기준이 없어 가공이 가능하지만, 캘리퍼·패드는 시험기준이 있는 인증부품이라 임의 가공 시 인증부품으로 인정되지 않는다고 답했다."
279,2026-05-05,47,기타,안녕하세요,https://www.epeople.go.kr/nep/pttn/gnrlPttn/pttnSmlrCaseDetail.npaid?epUnionSn=1AA-2602-0043845-2AA-2602-0060784-X610000-04&dutySctnNm=taol,Y,"제목은 '안녕하세요'로 실질 정보가 없어 보이지만, 본문은 드론 조종자증명 학과시험 합격의 유효기간(합격 통보일로부터 2년)을 묻는 구체적 질의에 대한 답변으로, 유효기간이 지나면 해당 종류 실기시험에 응시할 수 없어 학과시험에 재합격해야 한다는 내용이다."
278,2026-05-03,17,튜닝/구조변경;예약/시스템오류,노후차량 적재함 제원 행정기록 오류로 인한 구조변경 검사비 개인부담의 형평성 문제,https://www.epeople.go.kr/nep/pttn/gnrlPttn/pttnSmlrCaseDetail.npaid?epUnionSn=1AA-2601-1018735-2AA-2601-1058583-X610000-04&dutySctnNm=taol,Y,"노후 화물차 적재함 제원이 행정기록과 달라 구조변경 검사비를 개인이 부담하는 것이 부당하다는 민원에, TS는 중량 변동은 튜닝승인대상이며 과거 등록 시 오기입이라면 등록관청에 제원정정을 요청해야 한다고 답하고 튜닝승인(6만원)·튜닝작업(정비업체 수수료)·튜닝검사(소형 31,000원/중형 36,000원/대형 40,000원) 절차와 비용을 안내했다. 이 튜닝절차·비용 안내 문구는 바로 다음 277번 항목과 사실상 동일한 정형 문구다."
277,2026-05-03,18,튜닝/구조변경,트럭 적재함 구조변경건에 대한 차량 차체무게의 낮은기준,https://www.epeople.go.kr/nep/pttn/gnrlPttn/pttnSmlrCaseDetail.npaid?epUnionSn=1AA-2601-1025463-2AA-2601-1028633-X610000-04&dutySctnNm=taol,Y,"트럭 적재함 구조변경 시 적용되는 차체무게 기준이 낮다는 불만에, TS는 중량 변동이 튜닝승인대상이며 출고제원과 현재제원의 차이 원인을 먼저 확인해야 한다고 답하고, 튜닝승인(6만원)·튜닝작업·튜닝검사(소형 31,000원/중형 36,000원/대형 40,000원) 절차 안내는 앞선 278번 항목과 문장 단위로 거의 동일한 정형 답변(템플릿)이다."
276,2026-04-30,20,튜닝/구조변경;이륜차,"이륜차 튜닝 중, 연료통(연료탱크) 교체에 관한 문의",https://www.epeople.go.kr/nep/pttn/gnrlPttn/pttnSmlrCaseDetail.npaid?epUnionSn=1AA-2603-1082713-2AA-2603-1110476-X610000-04&dutySctnNm=taol,Y,"이륜차 연료탱크(연료통) 교체가 튜닝승인 대상인지 물었고, TS는 이륜차 시행규칙상 연료장치는 승인대상 항목에 포함되지 않아 단순 교체는 대상이 아니지만, 교체로 카울 등 차체외관이 변경되거나 규격·중량이 허용차를 초과하면 승인대상이 되며 연료장치 자체는 안전기준에 적합한 인증부품을 써야 한다고 답했다."
275,2026-04-30,50,기타,현대 넥쏘 가습기 고장 관련 수소전용부품 보증 차별 시정 요청,https://www.epeople.go.kr/nep/pttn/gnrlPttn/pttnSmlrCaseDetail.npaid?epUnionSn=1AA-2601-0788678-2AA-2601-0791902-X610000-04&dutySctnNm=taol,Y,"현대 넥쏘 구형차량의 수소전용부품(가습기) 무상수리 대상 범위를 신형과 동일하게 확대해달라는 요청에, TS는 자신은 제작결함 조사기관으로 수리비 과다청구 등 소비자 피해구제는 소관이 아니며 한국소비자원 관할이라고 안내했고, 무상수리 기간은 시행규칙상 원동기 등 3년/6만km·기타 2년/4만km이며 그 이후는 제작사 자율이라고 설명하면서 결함으로 판단되면 자동차리콜센터에 제보하라고 답했다."
274,2026-04-28,23,시험/자격,"철도차량운전면허 시험 좌석 증설 및 시험시간 추가, 필기시험 난이도 개선 요청드립니다.",https://www.epeople.go.kr/nep/pttn/gnrlPttn/pttnSmlrCaseDetail.npaid?epUnionSn=1AA-2601-0904538-2AA-2601-0894933-X610000-04&dutySctnNm=taol,Y,"노면전차 등 철도차량운전면허 시험의 좌석 증설·시험시간 추가·필기 난이도 개선을 건의한 데 대해, TS는 좌석 일부가 공석으로 남는 상황과 예산 제약을 이유로 '26년부터 예약대기 접수제를 도입했고, 노면전차 면허는 연 4회 중 3회(1·3·7차) 시행 예정이며 문제은행 방식으로 상 20~30%·중 50~65%·하 15~20% 비율로 출제한다고 답했다."
273,2026-04-28,19,시험/자격,"철도차량운전면허 시험 좌석 증설 및 시험시간 추가, 필기시험 난이도 개선 요청드립니다.",https://www.epeople.go.kr/nep/pttn/gnrlPttn/pttnSmlrCaseDetail.npaid?epUnionSn=1AA-2601-0904129-2AA-2601-0894376-X610000-04&dutySctnNm=taol,Y,"제목이 274번 항목과 완전히 동일한('철도차량운전면허 시험 좌석 증설 및 시험시간 추가, 필기시험 난이도 개선 요청드립니다') 별개의 민원으로, 답변 본문도 좌석 공석·예약대기제, 문제은행 방식(상 20~30%·중 50~65%·하 15~20%) 출제 등 274번과 사실상 동일한 정형 답변이며 추가시험 근거법령(철도차량운전면허 시행지침, 철도안전법 제10조 인용)만 다르게 적혀 있다."
272,2026-04-28,22,시험/자격,도시철도관제자격증명 학과시험 문의,https://www.epeople.go.kr/nep/pttn/gnrlPttn/pttnSmlrCaseDetail.npaid?epUnionSn=1AA-2601-0893281-2AA-2601-0893446-X610000-04&dutySctnNm=taol,Y,"도시철도관제자격증명 시험범위를 문의한 데 대해, TS는 관제 관련 규정 과목의 출제법령이 철도교통관제 운영규정·도시철도운전규칙·철도차량운전규칙 3개이며 표준교재는 343페이지까지이고 철도교통관제운영 부분은 출제범위에서 제외된다고 구체적으로 답했다."
271,2026-04-27,32,기타,위험물 운반차량 위치정보를 Open API 제공,https://www.epeople.go.kr/nep/pttn/gnrlPttn/pttnSmlrCaseDetail.npaid?epUnionSn=1AA-2601-0799192-2AA-2601-0793288-X610000-04&dutySctnNm=taol,Y,"위험물 운반차량 위치정보를 배차시스템 구축 목적의 Open API로 제공해달라는 요청에, TS는 물류정책기본법 제29조에 따라 수집정보는 목적 외 사용이 금지되고 정보공동활용 대상도 행정기관에 한정돼 일반 사기업 시스템 구축 목적으로는 제공할 수 없다고 명확히 거부했다."
270,2026-04-27,31,양수교육/양성교육,"화성,상주버스양성교육인원에 대해서 정말 불만입니다",https://www.epeople.go.kr/nep/pttn/gnrlPttn/pttnSmlrCaseDetail.npaid?epUnionSn=1AA-2601-0482164-2AA-2601-0908955-X610000-04&dutySctnNm=taol,Y,"화성·상주 버스운전자 양성교육 접수 인원(정원)이 너무 적다는 불만에, TS는 화성센터가 유일한 지정 교육기관은 아니며 타 지정기관도 이용 가능하다고 안내하고, 교육정원은 부지·시설·차량 등 인프라와 교수인력 등 가용자원 범위 내에서 과정별로 설계·운영돼 온라인·이론 교육과 달리 증원이 쉽지 않다고 답해 사실상 정원 확대 요구를 받아들이지 않았다."
269,2026-04-26,20,기타,26.3.30 이전 현행법 적용 중형 기계식 주차장을 수시검사를 통해 제원변경시 적용차종 문의,https://www.epeople.go.kr/nep/pttn/gnrlPttn/pttnSmlrCaseDetail.npaid?epUnionSn=1AA-2601-0547998-2AA-2601-0553775-X610000-04&dutySctnNm=taol,Y,"기계식주차장 수시검사를 통해 수용가능차량 제원(길이)을 상향할 때 적용차종 기준을 문의한 데 대해, TS는 주차장법령상 관리자 요청 시 수시검사로 제원 변경이 가능하며 주차구획은 차량길이+0.2m 이상, 50mm 단위로 상향 가능(예: 5205mm 차량은 5450mm 구획 필요)하다고 답하고 기준 미달 시 관리자에게 100만원 이하 과태료가 부과된다고 안내했다."
268,2026-04-22,15,기타,자동차 종합검사원 신규 교육 접수 관련 민원입니다,https://www.epeople.go.kr/nep/pttn/gnrlPttn/pttnSmlrCaseDetail.npaid?epUnionSn=1AA-2601-0526210-2AA-2601-0525078-X610000-04&dutySctnNm=taol,Y,"자동차 종합검사원 신규교육 접수가 조기 마감돼 신청하지 못했다는 민원에, TS는 교육정원이 과거수료 재이수 인원과 신규 대상 인원을 합산해 시설·인력 범위 내 최대수용인원으로 편성된다고 설명하며, 과정평가형 자격증 취득자 증가로 '26년 2월 신규교육 수요가 급증한 점을 인지하고 있고 '26년 3월 교육과정 편성을 조정해 증회를 검토 중이라고 답했으나 확정된 조치는 아니다."
267,2026-04-21,14,기타,동일 미션(IVT) 탑재 차량 간 무상수리 보증 기한의 형평성 문제 시정 및 통일 요청,https://www.epeople.go.kr/nep/pttn/gnrlPttn/pttnSmlrCaseDetail.npaid?epUnionSn=1AA-2601-0460901-2AA-2601-0493877-X610000-04&dutySctnNm=taol,Y,"동일한 IVT 변속기를 탑재한 차량들 사이에 무상수리 보증기한이 차종별로 달라 형평성에 문제가 있다는 시정 요청에, TS는 형평성 문제 자체에 답하기보다 기아 K3의 IVT 변속기 결함(유압제어 불안정으로 구동력 미전달 위험)이 이미 자동차관리법 제31조에 따른 리콜(시정조치)로 전환돼 2026년 1월 15일 소유자 통지 및 신문공고가 완료됐다는 기존 조치 현황만 안내했다."
266,2026-04-21,14,기타,국토교통부에서 한국교통안전공단과 함께 버스 운전자 양성 교육 기수 확대를 고려해주십시오.,https://www.epeople.go.kr/nep/pttn/gnrlPttn/pttnSmlrCaseDetail.npaid?epUnionSn=1AA-2604-0339885-2AA-2604-0400791-X610000-04&dutySctnNm=taol,Y,"민원인은 국토교통부·TS에 신규 버스운전자 양성교육 기수(정원) 확대를 건의했고, TS는 상주·화성 체험교육센터가 전년 대비 기수를 확대했고 전북 익산에 제3센터를 건립 중이라고 답했으나 실습 중심 교육의 시설·인력 제약상 단기간 대폭 확대는 어렵다고 밝혔다(여객자동차 운수사업법 시행규칙 제49조). 화성센터의 경기도 협약 채용예정자 모집 안내도 있었으며, 개인택시 양수교육(255번 등)과 유사하게 '제3센터 건립 중'이라는 표현이 반복되고 본문은 1,500자에서 담당부서명 도중 잘려 있다."
265,2026-04-20,38,리콜/하자/환불,자동차 부품 결함,https://www.epeople.go.kr/nep/pttn/gnrlPttn/pttnSmlrCaseDetail.npaid?epUnionSn=1AA-2601-0112917-2AA-2601-0397886-X610000-04&dutySctnNm=taol,Y,"제목은 「자동차 부품 결함」이지만 실제로는 국무총리비서실에서 이송된 현대 그랜저(IG) 경음기 작동불량 재조사 요청 건으로, TS는 현재 결함조사 착수 여부를 판단하기 위한 정보분석 단계이며 아직 결론이 나지 않았다고 밝혔다(검토 중). 아울러 수리비 과다청구 등 소비자 피해 구제는 TS 소관이 아니라 한국소비자원 소관이라고 안내했다."
264,2026-04-19,27,이륜차,자동차와 이륜차의 라이트 렌즈(투명커버) 교체가능여부,https://www.epeople.go.kr/nep/pttn/gnrlPttn/pttnSmlrCaseDetail.npaid?epUnionSn=1AA-2601-0303326-2AA-2601-0314216-X610000-04&dutySctnNm=taol,Y,"제목은 자동차·이륜차 라이트 렌즈 교체를 함께 묻지만 답변은 이륜차 등화장치(전면 렌즈)를 중심으로, 인증받은 등화를 임의변경하면 안전기준 부적합이나 제작 당시와 동일한 렌즈로 교체하는 경우는 정비로 분류되어 튜닝승인 없이 가능하다고 결론지었다(자동차관리법 제29·50조, 시행규칙 제55·107조)."
263,2026-04-19,29,튜닝/구조변경,12인승 승합차를 4인승 캠핑카로 구조변경한 차량의 검서주기 및 속도제한장치 적용여부 질의,https://www.epeople.go.kr/nep/pttn/gnrlPttn/pttnSmlrCaseDetail.npaid?epUnionSn=1AA-2601-0218177-2AA-2601-0286895-X610000-04&dutySctnNm=taol,Y,"12인승 승합차를 4인승 캠핑카로 튜닝한 경우, TS는 비사업용 12인승은 규모상 중형승합자동차에 해당해 차령 8년 초과 시 6개월 정기검사·최고속도제한장치(110km/h) 적용 대상이며 이는 승차정원이 아닌 차량 규모 기준이라 튜닝 후에도 동일 적용된다고 답했다. 검사주기·속도제한을 바꾸려면 승용자동차로 차종변경이 필요하며 번호판·자동차세·보험 변경이 수반된다고 안내했다."
262,2026-04-16,40,예약/시스템오류;K패스,K패스 환급 오류 보상 관련 다수 기관 간 책임 회피 및 행정 공백으로 인한 장기간 민원 미해결 사태에 대한 기관 간 협조 및 실질적 해결 촉구,https://www.epeople.go.kr/nep/pttn/gnrlPttn/pttnSmlrCaseDetail.npaid?epUnionSn=1AA-2512-2166321-2AA-2601-0105252-X610000-04&dutySctnNm=taol,Y,"[정정] 실제로는 이미 해결된 사안 — 티머니사 시스템 오류를 2025.5 수정 완료, 3~5월 미환급분(9,075/11,220/14,130원)을 카드사로 전송 완료했다고 답변. 제목의 ""다수기관 책임회피""는 민원인의 주장이며 TS 답변은 이를 인정하지 않음."
261,2026-04-16,33,예약/시스템오류;K패스,K패스 승차횟수 카운팅 오류로 인한 미환급금 지급 지연 관련 이행 촉구 및 명확한 일정 회신 요청,https://www.epeople.go.kr/nep/pttn/gnrlPttn/pttnSmlrCaseDetail.npaid?epUnionSn=1AA-2512-2166086-2AA-2512-2258212-X610000-04&dutySctnNm=taol,Y,262번(no=262)과 완전히 동일한 답변 문구가 재사용됨.
260,2026-04-16,30,예약/시스템오류;K패스,K패스 승차횟수 카운팅 오류로 인한 미환급금 지급 지연 관련 이행 촉구 및 명확한 일정 회신 요청,https://www.epeople.go.kr/nep/pttn/gnrlPttn/pttnSmlrCaseDetail.npaid?epUnionSn=1AA-2512-2166098-2AA-2512-2201634-X610000-04&dutySctnNm=taol,Y,"K-패스 승차 카운팅 오류로 인한 미환급 관련, TS는 티머니사가 '25년 5월 이후 시스템을 수정했고 3~5월 이용분을 카드사로 재전송해 3월 9,075원·4월 11,220원·5월 14,130원이 환급 완료되었다는 구체적 금액을 제시했다. 표출 내역과 카드사 내역이 다르면 재문의하라고 안내했다."
259,2026-04-14,17,기타,자동차 안개등 합법 문의,https://www.epeople.go.kr/nep/pttn/gnrlPttn/pttnSmlrCaseDetail.npaid?epUnionSn=1AA-2604-0371255-2AA-2604-0396561-X610000-04&dutySctnNm=taol,Y,"오스람 H11 안개등 LED광원(ECE R37 인증)에 대해 TS는 외국 인증부품도 번역공증된 시험성적서 제출 시 튜닝승인 신청은 가능하나, ECE R37은 국내에서 안전기준 이상으로 인정하는 외국기준 목록(시행세칙 제4조)에 없어 해당 LED광원의 사용·튜닝승인이 불가할 것으로 판단했다(본문이 1,500자에서 담당부서명 도중 잘림)."
258,2026-04-14,32,기타,지방자치단체 드론 운용시 보험 가입 여부 문의,https://www.epeople.go.kr/nep/pttn/gnrlPttn/pttnSmlrCaseDetail.npaid?epUnionSn=1AA-2512-2049815-2AA-2601-0270546-X610000-04&dutySctnNm=taol,Y,"경상남도교육청 소속 민원인이 향후 초경량비행장치(드론)를 소유해 수업에 활용할 계획과 관련해 보험가입 의무를 문의했고, TS는 항공사업법 제70조제4항에 따라 국가·지자체·공공기관이 초경량비행장치를 소유하면 보험 또는 공제 가입의무가 발생하므로 향후 소유 시 가입해야 한다고 답했다."
257,2026-04-14,33,기타,기계식주차장검사비에 관한건,https://www.epeople.go.kr/nep/pttn/gnrlPttn/pttnSmlrCaseDetail.npaid?epUnionSn=1AA-2601-0228300-2AA-2601-0229788-X610000-04&dutySctnNm=taol,Y,"기계식주차장 정밀안전검사 수수료 산정기준 문의에 TS는 주차장법 시행규칙 제16조의9 및 엔지니어링산업 진흥법 제31조에 따른 실비정액가산방식을 적용해, 수직순환식 8대 검사(1팀 2명, 8시간15분) 기준 직접인건비 440,165원·직접경비 95,000원·제경비 484,182원·기술료 184,869원을 합산·절사한 1,204,000원이 산출되었다고 구체적 근거를 제시했다."
256,2026-04-14,47,기타,"창원자동차검사소 송민준 대리님, 침찬합니다",https://www.epeople.go.kr/nep/pttn/gnrlPttn/pttnSmlrCaseDetail.npaid?epUnionSn=1AA-2601-0324275-2AA-2601-0404379-X610000-04&dutySctnNm=taol,Y,"제목은 「창원자동차검사소 송민준 대리님, 칭찬합니다」이지만 실제 답변자는 오민석 부장이며 본문에는 '송민준'이라는 이름이 전혀 등장하지 않아 제목과 본문 대상이 서로 다르다. 내용 자체는 방문 응대에 대한 순수 감사 인사로 실질적인 정책·법령 정보는 없다."
255,2026-04-13,43,기타,개인택시 양수 교육,https://www.epeople.go.kr/nep/pttn/gnrlPttn/pttnSmlrCaseDetail.npaid?epUnionSn=1AA-2512-2248598-2AA-2601-0174036-X610000-04&dutySctnNm=taol,Y,"대통령비서실을 거쳐 이첩된 민원으로, TS는 문의된 '국제스케이트장' 관련 사항은 양주시 소관이라 답변이 어렵다고 안내했고(타 기관 소관), 개인택시면허 양수교육은 과거 문제(대행업체 난입 등)를 막기 위해 추첨제로 운영하되 낙첨 횟수에 비례한 가점으로 최소 3개월~최대 12개월 내 접수가 가능하도록 개선 중이며 제3센터를 추진 중이라고 답했다."
254,2026-04-13,32,양수교육/양성교육,개인택시양수교육,https://www.epeople.go.kr/nep/pttn/gnrlPttn/pttnSmlrCaseDetail.npaid?epUnionSn=1AA-2601-0141165-2AA-2601-0191288-X610000-04&dutySctnNm=taol,Y,"개인택시면허 양수교육은 분기별 전면 추첨제이며 '26년 1분기는 마감, 2분기(4~6월)는 3월 초 공고 예정이라 안내했고, 5일간 실습·이론 병행 교육이라 기간 단축은 어려우며 수료자 교통사고 56.2% 감소라는 수치를 근거로 운전면허시험장 등으로의 대체는 어렵다고 판단했다(본문이 1,500자에서 문장 중간에 잘려 마무리 부분은 미확인)."
253,2026-04-10,9,기타,1톤 트럭 보조범퍼 관련된 문의,https://www.epeople.go.kr/nep/pttn/gnrlPttn/pttnSmlrCaseDetail.npaid?epUnionSn=1AA-2604-0279183-2AA-2604-0283884-X610000-04&dutySctnNm=taol,Y,"제목은 「보조범퍼」이지만 TS는 민원내용을 「1톤 화물자동차 보조발판」으로 재구성해 답변해 제목·본문 대상 표현이 서로 다르며, 결론은 차체 밖으로 돌출되지 않는 등 안전기준에 적합하면 별도 튜닝승인 없이 설치 가능하다는 것이다."
252,2026-04-08,43,튜닝/구조변경,「자동차관리법」상 구형 하이브리드 자동차 고전압 배터리 교체의 튜닝 해당 여부 및 인증 절차 관련 질의,https://www.epeople.go.kr/nep/pttn/gnrlPttn/pttnSmlrCaseDetail.npaid?epUnionSn=1AA-2601-0174585-2AA-2601-0216903-X610000-04&dutySctnNm=taol,Y,"구형 하이브리드차 고전압 배터리(구동축전지) 교체는 자동차관리법 시행규칙 제55조상 고전원전기장치 튜닝승인대상이며, 제작자가 교체로 인해 성능·안전도 저하 우려가 없다는 공문을 첨부하면 튜닝승인 검토가 가능하다고 답했다."
251,2026-04-07,46,시험/자격,드론학과시험. 예비군일정 겹침,https://www.epeople.go.kr/nep/pttn/gnrlPttn/pttnSmlrCaseDetail.npaid?epUnionSn=1AA-2604-0247211-2AA-2604-0252109-X610000-04&dutySctnNm=taol,Y,"초경량비행장치 무인멀티콥터 1종 학과시험과 예비군 훈련 일정이 겹친 데 대해, TS는 예비군 소집통지(1차 2월23일, 최종 4월1일)를 환불가능기간 내/이전에 이미 인지할 수 있었다는 이유로 응시수수료 환불 대상이 아니라고 판정했고, 전체 응시자 동일기준 운영을 이유로 개별 시험일정 변경도 불가하다고 밝혔다(본문이 1,500자에서 문장 중간에 잘림)."
250,2026-04-07,32,기타,중국자동차를 개인 목적으로 수입해서 운전할려고 합니다.,https://www.epeople.go.kr/nep/pttn/gnrlPttn/pttnSmlrCaseDetail.npaid?epUnionSn=1AA-2512-1999072-2AA-2512-2258875-X610000-04&dutySctnNm=taol,Y,"중국산 자동차의 개인 수입·운전을 문의한 건에 대해 TS는 자동차관리법 제30조의 자기인증 절차(제작자 등록→성능시험대행자 기술검토·안전검사)를 설명하며, 중국은 자동차안전기준 관련 국가 간 협약이 없어 시행세칙 [별표4]에서 인정하는 항목 외에는 국내 안전기준 전체를 충족해야 한다고 답했다."
249,2026-04-06,59,기타,다음  사항에  대해  답변해  주세요.,https://www.epeople.go.kr/nep/pttn/gnrlPttn/pttnSmlrCaseDetail.npaid?epUnionSn=1AA-2512-2224728-2AA-2512-2205914-X610000-04&dutySctnNm=taol,Y,"제목은 내용을 알 수 없는 「다음 사항에 대해 답변해 주세요」이지만 본문은 적재함보강 관련 4개 세부질의에 답한 것으로, 튜닝이라는 용어는 2014년부터 쓰인 행정용어이며 적재함보강 자체는 정비사항(1960년대부터 시행)이나 중량이 변동되면 튜닝승인대상(자동차관리법 제80조제2항제14호 부적합)이라고 설명했다(본문이 1,500자에서 잘려 마무리는 미확인)."
248,2026-04-06,34,예약/시스템오류,한국교통안전공단의 예약 서버 시스템 오류 및 중요사항 고지 부재로 인한 피해 사례,https://www.epeople.go.kr/nep/pttn/gnrlPttn/pttnSmlrCaseDetail.npaid?epUnionSn=1AA-2512-2244733-2AA-2601-0030755-X610000-04&dutySctnNm=taol,Y,"화성센터 온라인 예약시스템 오류·안내 부족 민원에 TS는 모바일 예약도 가능하나 PC를 권장하며 화면 정지는 중복접속·세션 문제로 안내했고, 온라인 접수는 과거(2018~2020년) 상담원 수기접수의 투명성·통화량 문제를 해소하기 위해 도입되었다고 설명했다(본문이 1,500자에서 잘려 뒷부분 미확인)."
247,2026-04-05,32,튜닝/구조변경,이륜자동차 튜닝에 관하여,https://www.epeople.go.kr/nep/pttn/gnrlPttn/pttnSmlrCaseDetail.npaid?epUnionSn=1AA-2512-2314987-2AA-2512-2302930-X610000-04&dutySctnNm=taol,Y,"이륜차 좌석(승차장치) 변경 문의에 TS는 자동차관리법 시행규칙 제107조상 승차정원 변경이 없는 좌석변경은 경미한 구조·장치로 튜닝승인 없이 가능하며, 손잡이·발걸이가 모두 있으면 1+1, 하나라도 없으면 1+0으로 구분한다고 안내했다."
246,2026-04-05,13,기타,택시기사 안전운전 리포트 개선요청 관련,https://www.epeople.go.kr/nep/pttn/gnrlPttn/pttnSmlrCaseDetail.npaid?epUnionSn=1AA-2512-2093965-2AA-2512-2128490-X610000-04&dutySctnNm=taol,Y,"운행기록 기반 안전운전 리포트 개선 요청에 TS는 화물·버스·택시 운행기록으로 위험운전행동을 분석해 문자서비스를 시범 발송 중이라 밝히면서도, 전기차·택시 특성을 반영한 분석기준 타당성 연구를 '검토하겠다'는 수준에 그쳐 구체적 반영 시기나 확답은 제시하지 않았다."
245,2026-04-02,49,리콜/하자/환불,"“수소경제 대대적 홍보와 다른 현실: 넥쏘 3만5천 대 리콜, 수소 가격 급등 및 정부 대책 요구”",https://www.epeople.go.kr/nep/pttn/gnrlPttn/pttnSmlrCaseDetail.npaid?epUnionSn=1AA-2512-1862953-2AA-2512-2056062-X610000-04&dutySctnNm=taol,Y,"제목은 「넥쏘 3만5천 대 리콜, 수소 가격 급등」을 언급하지만 본문에는 해당 리콜 대수나 가격 관련 내용이 없고, TS는 민원 4개 항목 중 리콜 관련 2개 항목만 이관받아 수소감지센서('22.4.15)·충전소켓('22.4.15)·온도감응식압력해제밸브('24.12.20)·수소배출구 보호마개 등 개별부품 결함에 따른 리콜 이력만 나열했다(본문이 날짜 도중 1,500자에서 잘림)."
244,2026-03-31,28,양수교육/양성교육,개인택시양수교육 관련 제도개선 요청 절실,https://www.epeople.go.kr/nep/pttn/gnrlPttn/pttnSmlrCaseDetail.npaid?epUnionSn=1AA-2512-2069783-2AA-2512-2064679-X610000-04&dutySctnNm=taol,Y,"개인택시면허 양수교육 확대 요청에 TS는 '24년 12월 도입한 추첨가점제로 장기 미당첨 문제가 대부분 해소되었고 2025년 교육을 '23년 대비 57.9%, '24년 대비 22.9% 이상 확대 운영할 예정이라는 수치를 제시했으며, 면허 선양수 후 교육이수 방식은 제도 취지에 맞지 않아 반영이 어렵다고 판단했다(본문이 1,500자에서 문장 중간에 잘림)."
243,2026-03-31,26,시험/자격,항공교통관제사 자격증명(국토교통부 면허) 취득 요건과 관련해 실무경력 인정 여부를 문의드립니다.,https://www.epeople.go.kr/nep/pttn/gnrlPttn/pttnSmlrCaseDetail.npaid?epUnionSn=1AA-2512-1859184-2AA-2512-2075896-X610000-04&dutySctnNm=taol,Y,"항공교통관제사 자격증명의 실무경력 인정 여부(양평타워)에 대해 TS는 2025년 12월5일 개정 전 기준으로도 양평 비행장 관제시설은 국토부 인가 관제시설이나 민항 관련 군 관제시설 범위에 해당하지 않아 실무경력으로 인정되지 않는다고 판정했고, 개정 이후에는 실무경력 요건 자체가 삭제되었다고 안내했다."
242,2026-03-31,18,시험/자격,교통안전관리자 자격시험 관련 궁금증,https://www.epeople.go.kr/nep/pttn/gnrlPttn/pttnSmlrCaseDetail.npaid?epUnionSn=1AA-2512-2089224-2AA-2512-2082267-X610000-04&dutySctnNm=taol,Y,"제목은 「교통안전관리자 자격시험 관련 궁금증」으로 두루뭉술하지만 실제 질의는 「시험문제 사적 사용」 여부이며, TS는 시험문제가 저작권법 보호 저작물이므로 비영리·사적 목적이라도 무단 복사·배포는 문제가 될 수 있다고 답했다."
241,2026-03-30,29,안전운임제/화물운송,화물자동차 끝단 표시등 갯수 및 설치 위치에 대한 질의,https://www.epeople.go.kr/nep/pttn/gnrlPttn/pttnSmlrCaseDetail.npaid?epUnionSn=1AA-2512-1994575-2AA-2512-2019187-X610000-04&dutySctnNm=taol,Y,"화물차 끝단표시등 개수·위치 문의에 TS는 자동차 및 자동차부품의 성능과 기준에 관한 규칙 제40조의2에 따라 좌우 각 1개에 추가로 각 1개까지만 설치 가능하며, 좌우 각 2개가 이미 설치된 차량에 옆면을 추가 설치하면 안전기준 위배(부적합)로 제거 후 재검사가 필요하다고 판정했다."
240,2026-03-29,35,리콜/하자/환불,"(보완 민원) 폭스바겐 아틀라스 제조결함 인지 후 판매 지속 여부에 대한 행정조사 요청,기피부서 한국교통안전공단,한국소비자원",https://www.epeople.go.kr/nep/pttn/gnrlPttn/pttnSmlrCaseDetail.npaid?epUnionSn=1AA-2512-2093218-2AA-2512-2211704-X610000-04&dutySctnNm=taol,Y,"제목에 「기피부서 한국교통안전공단, 한국소비자원」이 병기되어 있으나 실제 답변주체는 그중 하나인 TS 자동차안전연구원 결함조사처로, 폭스바겐 아틀라스 인포테인먼트·통신시스템 결함 건은 이전에 접수한 동일 민원과 같은 사안이라며 현재도 모니터링(정보분석) 진행 중이라는 기존 답변을 그대로 참조하도록 안내해 새로운 결론은 제시하지 않았다."
239,2026-03-23,50,리콜/하자/환불,한국교통안전공단 자동차 결함 재조사 요구,https://www.epeople.go.kr/nep/pttn/gnrlPttn/pttnSmlrCaseDetail.npaid?epUnionSn=1AA-2512-1628428-2AA-2512-1708415-X610000-04&dutySctnNm=taol,Y,"위 233번과 동일 차종(그랜저 IG 경음기)에 대한 재조사 요청. ""정보분석 진행 중""이라는 동일 취지의 답변."
238,2026-03-23,45,튜닝/구조변경,7인승에서 5인승 또는 4인승 구조변경 가능한지 궁굼합니다,https://www.epeople.go.kr/nep/pttn/gnrlPttn/pttnSmlrCaseDetail.npaid?epUnionSn=1AA-2512-1937777-2AA-2512-1954001-X610000-04&dutySctnNm=taol,Y,"7인승을 5·4인승으로 줄이는 구조변경 가능 여부에 TS는 자동차관리법 시행규칙 제55조상 승차장치 튜닝승인대상이며 2+2 또는 2+2+1 정원변경 자체가 일률적으로 불가한 것은 아니지만, 인증·시험받은 좌석을 동일 위치에 설치해야 하고 최종 승인 가능 여부는 신청 서류 확인 후 판단된다고 답해 확정적 가부 판정은 유보했다."
237,2026-03-17,32,튜닝/구조변경,1톤트럭 자바라호루 구조변경 문의,https://www.epeople.go.kr/nep/pttn/gnrlPttn/pttnSmlrCaseDetail.npaid?epUnionSn=1AA-2512-1721323-2AA-2512-1721921-X610000-04&dutySctnNm=taol,Y,"1톤트럭 포장탑(자바라호루) 구조변경 문의에 TS는 시행규칙 제55조 및 TS자동차 사무편람상 정의에 따라, 경형·소형 화물차의 단순 골조·천막형 포장탑으로 총중량을 초과하지 않으면 경미한 구조장치로 튜닝승인 없이 설치 가능하나 합판·철판 보강이나 윙바디형·뒷문 설치 등 특수구조는 튜닝승인대상이라고 구분해 안내했다."
236,2026-03-12,25,튜닝/구조변경;이륜차,이륜차 세퍼레이트 핸들 구조변경 가능 여부,https://www.epeople.go.kr/nep/pttn/gnrlPttn/pttnSmlrCaseDetail.npaid?epUnionSn=1AA-2512-1488693-2AA-2512-1490723-X610000-04&dutySctnNm=taol,Y,"이륜차 세퍼레이트 핸들(조향장치) 변경 가능 여부에 TS는 시행규칙 제107조상 조향장치가 튜닝승인대상임을 확인하면서도, 실제 승인 가능 여부는 튜닝 전후 외관사면도·변경 장치 상세도 등 제출서류를 확인한 후에 판단할 수 있다며 확정적 결론은 제시하지 않았다."
235,2026-03-11,27,시험/자격;칭찬(긍정),TS교통안전공단 드론국가자격 실기시험센터 평가위원님 감사 인사,https://www.epeople.go.kr/nep/pttn/gnrlPttn/pttnSmlrCaseDetail.npaid?epUnionSn=1AA-2512-1293038-2AA-2512-1320259-X610000-04&dutySctnNm=taol,Y,"TS 화성드론자격센터 실기시험 평가위원의 배려에 대한 감사 인사로, 영하의 기온에도 응시자를 배려한 사례를 모범사례로 삼아 격려하겠다는 순수 감사·칭찬 답변이며 별도의 법령 판단이나 실질 정보는 없다."
234,2026-03-11,18,튜닝/구조변경,자동차 튜닝 관련 문의_차량 측면 스노클(Snorkel) 설치 가능 여부 및 필요 절차 문의드립니다.,https://www.epeople.go.kr/nep/pttn/gnrlPttn/pttnSmlrCaseDetail.npaid?epUnionSn=1AA-2603-0115078-2AA-2603-0140624-X610000-04&dutySctnNm=taol,Y,"차량 측면 스노클 설치에 대해 TS는 국토부고시 「자동차 튜닝에 관한 규정」 별표1에 따라 스노클 설치 자체는 경미한 구조·장치로 튜닝승인 없이 가능하며, 후드 일부 절개도 후드스쿠프 사례를 준용해 후드 고유형태·고정장치 변경 없이 시공하면 허용 가능하다고 판단했다(단, 원동기 형식·동력전달장치 변경 없이 제원 허용차 이내여야 함)."
233,2026-03-09,66,리콜/하자/환불,자동차 부품 결함,https://www.epeople.go.kr/nep/pttn/gnrlPttn/pttnSmlrCaseDetail.npaid?epUnionSn=1AA-2511-1097577-2AA-2512-1260375-X610000-04&dutySctnNm=taol,Y,"그랜저(IG) 경음기 작동불량 리콜 요청. 안전기준(90dB) 충족 및 운전자 인지 가능성을 이유로 ""제작결함요건 미해당""으로 판단, 정보분석은 계속 진행 중이라고 답변."
232,2026-03-09,46,튜닝/구조변경;이륜차,이륜차 경음기 튜닝여부,https://www.epeople.go.kr/nep/pttn/gnrlPttn/pttnSmlrCaseDetail.npaid?epUnionSn=1AA-2512-1272566-2AA-2512-1283201-X610000-04&dutySctnNm=taol,Y,"이륜차 경음기 튜닝 여부에 TS는 시행규칙 제107조상 경음기는 튜닝승인대상이 아니며 정비 범위에 해당한다고 답하면서도, 소음진동관리법 제35조에 따라 경음기 추가설치는 제한되므로 기존 경음기를 탈거하는 등 유의해야 한다고 안내했다."
231,2026-03-09,28,예약/시스템오류,기계식 주차장 규격 정보(전폭) 오류 정정 민원,https://www.epeople.go.kr/nep/pttn/gnrlPttn/pttnSmlrCaseDetail.npaid?epUnionSn=1AA-2512-1310283-2AA-2512-1333304-X610000-04&dutySctnNm=taol,Y,"기계식주차장 수용가능 차량제원(CLS/E220) 오류 정정 민원에 TS는 2008년 설치 당시 기준 중형기계식주차장 수용제원(길이 5.05m·너비 1.85m·높이 1.55m·무게 1,850kg 이하)을 제시하고 해당 건물은 정상 인증·검사되었으나, 문의 차량 제원을 가져오는 과정에서 전산오류가 발생해 입고 불가 차량으로 잘못 표시됐다고 인정·사과했다(본문이 1,500자에서 잘림)."
230,2026-03-08,28,튜닝/구조변경,안녕하세요 저는 원동기 구조변경 승인에 대한 요청입니다.,https://www.epeople.go.kr/nep/pttn/gnrlPttn/pttnSmlrCaseDetail.npaid?epUnionSn=1AA-2511-0990846-2AA-2511-1033385-X610000-04&dutySctnNm=taol,Y,"제목은 「원동기 구조변경 승인」이지만 TS는 이를 「소음방지장치」 관련 질의로 재구성해 답했으며, 시행규칙 제107조상 소음방지장치가 튜닝승인대상이라는 원칙만 안내할 뿐 '과거엔 승인됐는데 지금은 불가하다'는 민원인의 구체적 사례를 알 수 없어 명확한 답을 하지 못하고 추가정보를 요청하는 데 그쳤다."
229,2026-03-07,34,튜닝/구조변경,자동차 튜닝에 대해 문의드립니다.전조등에 관해 여쭈어 봅니다,https://www.epeople.go.kr/nep/pttn/gnrlPttn/pttnSmlrCaseDetail.npaid?epUnionSn=1AA-2602-1008281-2AA-2603-0129064-X610000-04&dutySctnNm=taol,Y,"튜닝(전조등 변경) 관련 문의에 TS는 자동차관리법 제34조·시행규칙 제55조 및 국토부고시 「자동차 튜닝에 관한 규정」에 따라, 튜닝인증부품이거나 자기인증을 받은 등화장치로 교체한 경우는 경미한 구조·장치에 해당해 튜닝승인 대상이 아니라고 판단된다고 답했다."
228,2026-03-03,30,시험/자격,Ts국가자격시험 철도 자격 시험 2026년 민원올립니다,https://www.epeople.go.kr/nep/pttn/gnrlPttn/pttnSmlrCaseDetail.npaid?epUnionSn=1AA-2511-1043602-2AA-2511-1060021-X610000-04&dutySctnNm=taol,Y,"제목은 단순히 「2026년 민원올립니다」이지만 실제 요지는 「2026년도 철도종사자 자격시험 일정 변경」 건의이며, TS는 2026년도 필기시험을 기존 격주 시행에서 양일 연속 시행 방식으로 변경할 예정이라고 구체적으로 답했다(시험 운영 효율성·공정성 제고 목적)."
227,2026-03-03,33,검사판정불복,자동차검사 불합격에 대한 적절한 법령 검토 적용 여부 문의,https://www.epeople.go.kr/nep/pttn/gnrlPttn/pttnSmlrCaseDetail.npaid?epUnionSn=1AA-2512-1216753-2AA-2512-1232728-X610000-04&dutySctnNm=taol,Y,"보조제동등 추가설치로 자동차검사 부적합 판정을 받은 데 대한 법령 검토 요청으로, TS는 자동차관리법 제29조·시행규칙 별표15·안전기준규칙 제43조에 따라 보조제동등 개수가 2개로 판단되어 안전기준 부적합 판정이 타당하다고 답변했으며, 수출용 보조제동등의 국내 기준 적합 여부는 확인 불가하다고 밝혔다."
226,2026-03-02,45,튜닝/구조변경,자동차 튜닝 관련 문의,https://www.epeople.go.kr/nep/pttn/gnrlPttn/pttnSmlrCaseDetail.npaid?epUnionSn=1AA-2511-1101965-2AA-2511-1117745-X610000-04&dutySctnNm=taol,Y,"황색등화 3개 등화장치의 튜닝승인 가능 여부 문의에 대해, TS는 자동차관리법 제29조·시행규칙 제55조상 등화장치가 원칙적으로 튜닝승인대상이며 사진은 확인했으나 실제 승인 가능 여부는 정식 신청 시 판단한다고 답해 확정적 결론을 유보했다."
225,2026-03-02,49,튜닝/구조변경,"한국교통안전공단에서  구조변경한   처분이  이상하니  확인해서  알려 주세요   이  민원에  대한  답변은 보통우편, 반송불가 등기로  보내 주세요.ㄷ",https://www.epeople.go.kr/nep/pttn/gnrlPttn/pttnSmlrCaseDetail.npaid?epUnionSn=1AA-2511-0955612-2AA-2511-0968456-X610000-04&dutySctnNm=taol,Y,"제목은 '구조변경 처분이 이상하니 확인해달라'는 항의성 민원이지만, TS는 적재함철판용접을 튜닝승인대상이 아닌 적재함보강(정비사항)으로 판단하고 검사 시 중량이 제원 허용차 이내여서 기존 튜닝검사 적합판정이 정당했다고 소명하는 내용으로 답변했다."
224,2026-02-26,17,기타,안녕하십니까 학점은행제 에 관해서 질문이 있어서 넣어봅니다,https://www.epeople.go.kr/nep/pttn/gnrlPttn/pttnSmlrCaseDetail.npaid?epUnionSn=1AA-2602-0400522-2AA-2602-0418537-X610000-04&dutySctnNm=taol,Y,"제목은 '학점은행제' 문의이나 TS는 이를 노면전차 운전면허 학점인정 신청계획으로 재구성해 답변했으며, 현재 일반인 합격자가 없어 심사에 필요한 통계자료가 부족하므로 추이를 지켜본 뒤 추후 심사 신청을 진행할 예정이라고 밝혀 사실상 보류 상태임을 알렸다."
223,2026-02-26,35,시험/자격,사업용 조종사 자격증 보유자가 조종교육증명 전문교육과정 입과 전 학과시험을 미리 응시및 합격할 경우의 제한사항이 있을까요?,https://www.epeople.go.kr/nep/pttn/gnrlPttn/pttnSmlrCaseDetail.npaid?epUnionSn=1AA-2511-0850800-2AA-2511-0908002-X610000-04&dutySctnNm=taol,Y,"사업용 조종사 자격증 보유자의 조종교육증명 학과시험 사전 응시 제한 여부 문의에 대해, TS는 항공안전법 시행규칙 제89조를 근거로 응시 제한이 없고 합격 유효기간은 2년이며 전문교육기관 이수 후 180일 이내 응시 시 실기시험이 면제된다고 구체적 절차까지 안내했다."
222,2026-02-24,32,기타,운전적성정밀검사에대한질문,https://www.epeople.go.kr/nep/pttn/gnrlPttn/pttnSmlrCaseDetail.npaid?epUnionSn=1AA-2511-0659729-2AA-2511-0834563-X610000-04&dutySctnNm=taol,Y,"화물운수종사자 신규검사 재응시 대상 여부 문의(분류상 '기타'이나 실질은 시험/자격 성격)에, TS는 화물자동차 운수사업법 시행규칙 제18조의2에 따라 검사일로부터 3년이 지났더라도 취업일까지 무사고 운전이면 신규검사를 다시 받을 필요가 없다고 명확히 답변했다."
221,2026-02-24,29,시험/자격,도로교통안전관리자자격증,https://www.epeople.go.kr/nep/pttn/gnrlPttn/pttnSmlrCaseDetail.npaid?epUnionSn=1AA-2511-0262027-2AA-2511-0391057-X610000-04&dutySctnNm=taol,Y,"교통안전담당자 지정 의무 관련 문의에 대해, TS는 교통안전법 제54조의2·제53조를 근거로 일정 규모 이상 교통시설설치·관리자 및 교통수단운영자는 교통안전관리자 자격취득자 등을 교통안전담당자로 의무 지정해야 한다고 안내했다."
220,2026-02-21,27,튜닝/구조변경,자동차 튜닝에 대해 문의드립니다,https://www.epeople.go.kr/nep/pttn/gnrlPttn/pttnSmlrCaseDetail.npaid?epUnionSn=1AA-2602-0333202-2AA-2602-0404090-X610000-04&dutySctnNm=taol,Y,"화물차 물품적재장치(포장탑·카고 혼합형, 측면·상부보강 등)의 튜닝승인대상 여부 문의에, TS는 시행규칙 제55조에 따라 원칙적으로 승인대상이며 측면·상부보강은 경미한 구조장치 예외에서 제외된다고 설명했으나, 실제 승인 가능 여부는 제출서류 확인 후 판단한다고 유보했다."
219,2026-02-21,27,튜닝/구조변경,자동차 등화장치 구조변경 승인 기준 개선 제안 (동일 부품 기반 상호 인정 제도 도입),https://www.epeople.go.kr/nep/pttn/gnrlPttn/pttnSmlrCaseDetail.npaid?epUnionSn=1AA-2602-0204014-2AA-2602-0301296-X610000-04&dutySctnNm=taol,Y,"등화장치 구조변경 승인기준을 '동일 부품 기반 상호인정 제도'로 개선해달라는 제안에, TS는 현행 기준(시험받은 등화만 승인대상, 자기인증·안전확인·튜닝인증부품은 승인 불요)과 승인·작업·검사 주체 분리 구조상 추가 간소화가 어렵다고 답했으며, 건의사항은 추후 내부 회의에서 검토하겠다고만 밝혀 확정 답변은 아니다."
218,2026-02-20,33,이륜차,오토바이 윈드스크린에 장착하는 캐노피형태의 바람막이 문의,https://www.epeople.go.kr/nep/pttn/gnrlPttn/pttnSmlrCaseDetail.npaid?epUnionSn=1AA-2511-0299270-2AA-2511-0311585-X610000-04&dutySctnNm=taol,Y,"오토바이 윈드스크린에 캐노피형 바람막이 설치 가능 여부 문의에, TS는 자동차관리법 제50조·시행규칙 제107조상 캐노피 설치가 튜닝승인대상이며 사진상 승인조건에 맞지 않아 튜닝승인이 불가하다고 명확히 답변했다."
217,2026-02-16,35,이륜차,오토바이에 자전거용 전조등과 후미등을 달아도 되는 지의 여부,https://www.epeople.go.kr/nep/pttn/gnrlPttn/pttnSmlrCaseDetail.npaid?epUnionSn=1AA-2511-0183955-2AA-2511-0233847-X610000-04&dutySctnNm=taol,Y,"오토바이에 자전거용 전조등·후미등 장착 가능 여부 문의에, TS는 시행규칙 제107조에 따라 이륜자동차용으로 인증받지 않은 등화를 설치하면 미인증등화로서 위법이라고 명확히 답변했다."
216,2026-02-12,41,양수교육/양성교육,개인택시 양수교육 추첨 제도문제점(교육장 화성.상주)단 두곳,https://www.epeople.go.kr/nep/pttn/gnrlPttn/pttnSmlrCaseDetail.npaid?epUnionSn=1AA-2509-1083483-2AA-2511-0187567-X610000-04&dutySctnNm=taol,Y,"개인택시 양수교육이 화성·상주 두 곳에서만 추첨제로 운영되는 데 대한 문제제기에, TS는 체험형 5일 교육의 효과(수료자 교통사고 56.2% 감소라는 구체적 통계)를 이유로 전문시설 운영이 불가피하며 추첨가점제로 장기 미당첨을 보완하고 제3센터 건립을 추진 중이라고 답했다(본문 말미 문장은 원본 데이터가 잘려 있음)."
215,2026-02-12,42,양수교육/양성교육,개인택시양수교육,https://www.epeople.go.kr/nep/pttn/gnrlPttn/pttnSmlrCaseDetail.npaid?epUnionSn=1AA-2509-1067936-2AA-2511-0098363-X610000-04&dutySctnNm=taol,Y,"개인택시 양수교육 확대 요청에 대해, TS는 216번과 사실상 동일한 정형 답변(추첨제 도입 배경, 추첨가점제, 수료자 교통사고 56.2% 감소, 제3센터 건립 추진)을 반복하면서 기존 양수요건(사업용운전경력 2년6개월 이상) 충족 시 교육 없이도 양수 가능하다는 점을 추가로 안내했다(본문 말미는 원본 데이터가 잘려 있음)."
214,2026-02-12,22,시험/자격,초경량비행장치 자격증 발급에 관한 건,https://www.epeople.go.kr/nep/pttn/gnrlPttn/pttnSmlrCaseDetail.npaid?epUnionSn=1AA-2602-0301393-2AA-2602-0297522-X610000-04&dutySctnNm=taol,Y,"드론(초경량비행장치) 조종자 증명에서 상위 등급 취득 시 하위 등급 자격증도 별도 발급해달라는 건의에, TS는 상위 등급이 하위 등급 업무범위를 포함하므로 자격증에는 상위 등급만 표기하는 것이 원칙이며 하위 등급 별도 발급은 하지 않되 기관 제출용 확인자료 제공으로 대응하겠다고 답변했다(본문 말미 결론 문장은 원본 데이터가 잘려 전체 확인은 불가하나 핵심 판정은 위와 같다)."
213,2026-02-11,19,이륜차,이륜차 시트 디자인 변경에 따른 승차인원 변경 판단 기준,https://www.epeople.go.kr/nep/pttn/gnrlPttn/pttnSmlrCaseDetail.npaid?epUnionSn=1AA-2602-0167931-2AA-2602-0188836-X610000-04&dutySctnNm=taol,Y,"이륜차 시트 디자인 변경에 따른 승차정원 변경 판단기준 문의에, TS는 시행규칙 제107조상 승차장치가 승인대상이나 손잡이·발걸이가 유지되고 좌석이 승차에 적합하면 튜닝승인 없이 변경 가능하다는 구체적 기준을 제시했다."
212,2026-02-09,17,튜닝/구조변경,"르노 마스터, 현대 쏠라티 벤 모델에 모듈식으로 꾸며 캠핑카와 일반 벤으로 활용해도 구조변경 대상인가요?",https://www.epeople.go.kr/nep/pttn/gnrlPttn/pttnSmlrCaseDetail.npaid?epUnionSn=1AA-2602-0070683-2AA-2602-0092692-X610000-04&dutySctnNm=taol,Y,"르노 마스터·현대 쏠라티를 모듈식으로 캠핑카/밴 겸용 개조 시 구조변경 대상 여부 문의에, TS는 해당 개조가 화물자동차로 볼 수 없어 캠핑용자동차에 해당하며 튜닝승인대상이라고 명확히 답변했다."
211,2026-02-07,33,칭찬(긍정),한국교통안전공단 김방석 부장님을 칭찬합니다!,https://www.epeople.go.kr/nep/pttn/gnrlPttn/pttnSmlrCaseDetail.npaid?epUnionSn=1AA-2511-0096056-2AA-2511-0082027-X610000-04&dutySctnNm=taol,Y,"강원본부 내압용기 검사장 방문에 대한 칭찬으로(제목은 특정 부장을 지목하나 본문은 특정 직원명을 언급하지 않는 정형 감사인사임), 195·196·194번과 문구가 사실상 동일한 템플릿 답변이며 실질적인 제도·법령 정보는 없다."
210,2026-02-06,19,시험/자격,항공종사자 자격증 합격일자에 관한 내용입니다.,https://www.epeople.go.kr/nep/pttn/gnrlPttn/pttnSmlrCaseDetail.npaid?epUnionSn=1AA-2509-1119245-2AA-2510-0047552-X610000-04&dutySctnNm=taol,Y,"항공종사자 자격증명서에 합격일자가 기재되지 않는 이유 문의에, TS는 항공안전법 시행규칙 별지 서식상 합격일자 기재란이 없어 필요시 TS국가자격시험 홈페이지에서 확인·캡처해 제출하면 된다고 안내했고, 국가정보자원관리원 화재로 국민신문고 서비스가 중단되어 답변이 지연된 점을 사과했다."
209,2026-02-06,25,시험/자격,철도교통관제사 (도시철도 X) 자격면허의 시험 상세 범위가 궁금합니다,https://www.epeople.go.kr/nep/pttn/gnrlPttn/pttnSmlrCaseDetail.npaid?epUnionSn=1AA-2510-0022746-2AA-2510-0021143-X610000-04&dutySctnNm=taol,Y,"철도교통관제자격증명 시험범위 문의에, TS는 학과시험(철도 관련 법령·관제 규정·시스템 일반·관제 운영·비상조치)과 실기시험(수원역~지하 청량리역 구간, 열차운행계획·시스템운용·운행선 관리·비상조치) 범위를 항목별로 상세히 안내했다."
208,2026-02-04,30,기타,자동차 인증 받은 조명 교체 관련 허가 확인건,https://www.epeople.go.kr/nep/pttn/gnrlPttn/pttnSmlrCaseDetail.npaid?epUnionSn=1AA-2510-0023129-2AA-2511-0054592-X610000-04&dutySctnNm=taol,Y,"인증받은 LED 조명 그릴 교체 관련 허가 여부 문의에, TS는 등화장치가 원칙적으로 승인대상이나 자기인증·안전확인·튜닝인증부품은 승인 없이 설치 가능하다면서도 'LED 조명 그릴'이라는 장치명이 안전기준에 없어 어떤 등화인지 특정할 수 없다며 확답을 유보했다."
207,2026-02-04,42,칭찬(긍정),사이버 검사소 친절하신 직원 두분 칭찬 드립니다,https://www.epeople.go.kr/nep/pttn/gnrlPttn/pttnSmlrCaseDetail.npaid?epUnionSn=1AA-2509-1059181-2AA-2510-0047102-X610000-04&dutySctnNm=taol,Y,"제목은 '사이버 검사소 친절 직원 두분 칭찬'이지만, 실제 답변은 튜닝안전기술원 기술승인처 명의로 김현우 차장·문지연 주임에 대한 감사 인사만 담겨 있어 제목의 '사이버 검사소'와 답변 부서·내용이 일치하지 않으며 실질 정보는 없는 순수 감사 답변이다."
206,2026-02-03,16,기타,LPG자동차 무시동 히터 설치에 관하여,https://www.epeople.go.kr/nep/pttn/gnrlPttn/pttnSmlrCaseDetail.npaid?epUnionSn=1AA-2601-0980364-2AA-2601-0967424-X610000-04&dutySctnNm=taol,Y,"LPG자동차 무시동 히터 연료탱크 설치의 튜닝승인 필요 여부 문의에, TS는 연료장치가 원칙상 승인대상이나 무시동히터 연료탱크는 구동목적이 아닌 히터 구성품이라 경미한 구조장치에 해당해 승인 없이 설치 가능하다고 명확히 답변했다."
205,2026-02-03,21,기타,철도차량 운전면허,https://www.epeople.go.kr/nep/pttn/gnrlPttn/pttnSmlrCaseDetail.npaid?epUnionSn=1AA-2602-0095019-2AA-2602-0117898-X610000-04&dutySctnNm=taol,Y,"철도차량운전면허시험 응시조건 및 제출서류 문의에, TS는 신체검사판정서는 응시자가 직접 제출해야 하고 적성검사판정서는 지정기관이 전산 입력하여 별도 제출이 불필요하다는 점을 구분해 안내했다."
204,2026-02-03,21,기타,버스 구조 변경에 관하여 질문 드립니다.,https://www.epeople.go.kr/nep/pttn/gnrlPttn/pttnSmlrCaseDetail.npaid?epUnionSn=1AA-2601-0393834-2AA-2601-0371003-X610000-04&dutySctnNm=taol,Y,"버스 상부 무시동 에어컨 설치가 구조변경(튜닝승인) 대상인지 문의에, TS는 설치 후 차체높이 4m 이내·중량이 제원 허용차 이내이면 경미한 구조장치로 분류되어 튜닝승인 없이 설치 가능하다는 구체적 기준을 제시했다."
203,2026-01-30,34,튜닝/구조변경,자동차 튜닝 하중계산식,https://www.epeople.go.kr/nep/pttn/gnrlPttn/pttnSmlrCaseDetail.npaid?epUnionSn=1AA-2601-0861331-2AA-2601-0884776-X610000-04&dutySctnNm=taol,Y,"튜닝승인신청 하중계산식 작성방법 문의에, TS는 설치·탈거 중량 입력방법과 무게중심점(후축거리)의 부호 산정 기준(전방 양수, 후방 음수)을 실무적으로 안내했다."
202,2026-01-28,35,시험/자격,초경량비행장치 무인멀티콥터 조종자 증명(1종) 실기평가 기준 관련법령 변경건의,https://www.epeople.go.kr/nep/pttn/gnrlPttn/pttnSmlrCaseDetail.npaid?epUnionSn=1AA-2601-0789007-2AA-2601-0821882-X610000-04&dutySctnNm=taol,Y,"초경량비행장치 무인멀티콥터 1종 실기시험을 항목별 점수제로 바꾸고 시험장 접근성을 개선해달라는 건의에, TS는 안전 확보를 위해 현행 합·불제 유지가 필요하며 전국 단위 운영의 현실적 제약상 접근성 개선도 어렵다고 답해 사실상 건의를 수용하지 않았다."
201,2026-01-25,84,기타,자동차관리법 시행규칙 제 37조 2 안전검사의 직접 실시와 관련하여 질의 드립니다,https://www.epeople.go.kr/nep/pttn/gnrlPttn/pttnSmlrCaseDetail.npaid?epUnionSn=1AA-2601-0399721-2AA-2601-0493912-X610000-04&dutySctnNm=taol,Y,"소규모 제작자의 안전검사(자기인증) 직접실시 요건 문의에, TS는 자동차관리법 제30조·시행규칙 제31조·제38조를 근거로 시설기준을 갖춰 신청하면 연간 생산대수와 무관하게 계속 직접실시가 가능하다고 답변했다."
200,2026-01-22,37,기타,현대넥소 가습기 부품의 보증차별 시정요청의 건,https://www.epeople.go.kr/nep/pttn/gnrlPttn/pttnSmlrCaseDetail.npaid?epUnionSn=1AA-2601-0030905-2AA-2601-0023861-X610000-04&dutySctnNm=taol,Y,"현대 넥쏘 구형차량 수소전용부품(가습기) 무상보증 범위를 신형과 동일하게 확대해달라는 요청에, TS는 무상수리 의무기간(3년/6만km, 2년/4만km)을 안내하면서 수리비 관련 소비자 피해 구제는 TS 소관이 아닌 한국소비자원 소관이라 안내했고, 가습기 출력제한 현상은 제작결함조사 필요성 판단을 위한 정보분석이 진행 중이라 결함 여부는 아직 확정되지 않았다고 밝혔다."
199,2026-01-15,44,칭찬(긍정),강동자동차내압용기검사소 칭찬합니다,https://www.epeople.go.kr/nep/pttn/gnrlPttn/pttnSmlrCaseDetail.npaid?epUnionSn=1AA-2601-0482039-2AA-2601-0480687-X610000-04&dutySctnNm=taol,Y,"강동자동차 내압용기검사소 직원(강인석·이한수·이대순)의 친절 응대에 대한 칭찬으로, 수소전기차 연료시스템 정밀검사 업무를 소개하는 감사 인사가 중심이며 실질적인 제도·판정 정보는 없다."
198,2026-01-14,36,튜닝/구조변경,「2026 TS 자동차 튜닝 사무편람」 2쪽을 수정해야 합니다.,https://www.epeople.go.kr/nep/pttn/gnrlPttn/pttnSmlrCaseDetail.npaid?epUnionSn=1AA-2601-0261634-2AA-2601-0260659-X610000-04&dutySctnNm=taol,Y,"「2026 TS 자동차 튜닝 사무편람」 2쪽(및 14쪽) 오류 정정 요청에, TS는 지적사항을 인정하되 26년판은 이미 인쇄가 끝나 책자 반영은 27년판부터 적용되며 14쪽 건은 별도 공지사항으로 안내하겠다고 답변했다."
197,2026-01-10,63,튜닝/구조변경,자동차 브레이크 튜닝 인증 문의,https://www.epeople.go.kr/nep/pttn/gnrlPttn/pttnSmlrCaseDetail.npaid?epUnionSn=1AA-2512-2339567-2AA-2512-2326524-X610000-04&dutySctnNm=taol,Y,"브레이크(제동장치) 캘리퍼 튜닝 인증 관련 문의에, TS는 시행규칙 제55조상 제동장치가 승인대상이나 자동차관리법상 인증된 캘리퍼 및 부속장치로 교체하는 경우는 경미한 구조·장치로 분류되어 승인대상에서 제외된다고 안내했다."
196,2025-12-24,34,칭찬(긍정),감사의 글,https://www.epeople.go.kr/nep/pttn/gnrlPttn/pttnSmlrCaseDetail.npaid?epUnionSn=1AA-2509-0814952-2AA-2509-0838375-X610000-04&dutySctnNm=taol,Y,"강원본부 내압용기 검사장 방문에 대한 감사 인사('감사의 글')로, 211·195·194번과 문구가 사실상 동일한 정형 답변이며 실질적 정보는 없다."
195,2025-12-24,32,칭찬(긍정),친절한 안내,https://www.epeople.go.kr/nep/pttn/gnrlPttn/pttnSmlrCaseDetail.npaid?epUnionSn=1AA-2509-0833713-2AA-2509-0860403-X610000-04&dutySctnNm=taol,Y,"강원본부 내압용기 검사장 방문에 대한 '친절한 안내' 칭찬으로, 211·196·194번과 문구가 사실상 동일한 정형 감사 답변이며 실질 정보는 없다."
194,2025-12-24,38,기타,원주자동차검사소 용겅검사 당담자 친찬,https://www.epeople.go.kr/nep/pttn/gnrlPttn/pttnSmlrCaseDetail.npaid?epUnionSn=1AA-2509-0476930-2AA-2509-0514779-X610000-04&dutySctnNm=taol,Y,"제목은 '원주자동차검사소 정기검사 담당자 칭찬'이나, 실제 답변 본문은 강원본부 내압용기 검사장 방문에 대한 것으로 제목이 언급한 시설·업무와 본문 내용이 서로 다르며, 211·195·196번과 동일한 정형 답변이 재사용되어 실질 정보는 없다."
193,2025-12-24,44,시험/자격;예약/시스템오류,한국교통안전공단의 TS시험기 준비 미비와 오류로 인한 정상적인 응시 불가,https://www.epeople.go.kr/nep/pttn/gnrlPttn/pttnSmlrCaseDetail.npaid?epUnionSn=1AA-2509-0884167-2AA-2509-0923582-X610000-04&dutySctnNm=taol,Y,"노면전차 운전면허 기능시험 불합격 판정에 대한 이의신청에, TS는 사전 현장답사로 선로 정보를 공유했고 채점·평가를 재확인한 결과 정상 처리되었음을 확인했으며, 선로 숙지 미흡을 감안해 규정 운행시간 40분 외에 평균 12분을 추가 제공했다고 밝혀 이의신청을 사실상 기각(판정 유지)했다."
192,2025-12-24,40,시험/자격,교통안전관리공단 노면전차 시험결과 이의신청,https://www.epeople.go.kr/nep/pttn/gnrlPttn/pttnSmlrCaseDetail.npaid?epUnionSn=1AA-2509-0941019-2AA-2509-0954938-X610000-04&dutySctnNm=taol,Y,"노면전차운전면허 기능시험 판정결과에 대한 이의신청 건으로, TS는 평가장비가 모든 응시자에게 동일하게 적용되었고 사전 협의·현장답사 등 절차를 거쳤으며 채점·평가도 정상 처리되었음을 재확인하여 불합격 판정을 그대로 유지했다(철도안전법 시행규칙 제24조)."
191,2025-12-18,29,기타,한국교통안전공단 기술인력 신규교육 건의,https://www.epeople.go.kr/nep/pttn/gnrlPttn/pttnSmlrCaseDetail.npaid?epUnionSn=1AA-2509-0681722-2AA-2509-0789271-X610000-04&dutySctnNm=taol,Y,"이륜자동차검사 기술인력 교육(2025년 6월 시행) 신청이 조기 마감되는 문제 제기에 대해, TS는 수요 급증을 인정하고 10월부터 교육인원을 증원할 예정이라고 안내했다(자동차관리법 제46조·시행규칙 제110조의2)."
190,2025-12-17,48,튜닝/구조변경,이륜자동차 소음방지장치 튜닝(구조변경)의 배기소음 측정기준에 대한 질의,https://www.epeople.go.kr/nep/pttn/gnrlPttn/pttnSmlrCaseDetail.npaid?epUnionSn=1AA-2508-1086662-2AA-2508-1179811-X610000-04&dutySctnNm=taol,Y,"이륜자동차 소음방지장치 튜닝시 배기소음 측정기준 질의에 대해, TS는 튜닝승인대상이며 소음허용기준은 인증 배기소음값보다 5dB를 초과하지 않아야 한다고 답변하되(소음·진동관리법 제35조), 정확한 인증 배기소음값 확인은 제작사(수입사) 또는 한국환경공단에 문의하라고 안내했다."
189,2025-12-17,21,기타,자동차 검사원 수료증 재발급 문의,https://www.epeople.go.kr/nep/pttn/gnrlPttn/pttnSmlrCaseDetail.npaid?epUnionSn=1AA-2509-0493649-2AA-2509-0529925-X610000-04&dutySctnNm=taol,Y,"자동차검사원 교육 수료증 재발급 문의에 대해, 국문 수료증은 사이버검사소 개인회원 로그인 후 [교육신청관리]에서 출력 가능하나, 영문 수료증은 법정 서식이 아니라 임의 발급이 불가하다고 답변했다(자동차관리법 제46조의2 등)."
188,2025-12-11,21,기타,뒷바퀴조명등 설치 가능 여부 확인,https://www.epeople.go.kr/nep/pttn/gnrlPttn/pttnSmlrCaseDetail.npaid?epUnionSn=1AA-2509-0138298-2AA-2509-0181013-X610000-04&dutySctnNm=taol,Y,"화물·승합차 뒷바퀴조명등 설치 가능 여부 질의에 대해, 해당 차종은 설치 가능 차종이나 등화장치로서 튜닝승인 대상(시행규칙 제55·56조)이며, 실제 승인 가부는 시험성적서 등 제출서류 검토를 통해 최종 판단된다고 안내했다."
187,2025-12-10,96,튜닝/구조변경,자동차 불법 튜닝에 해당 되는지 확인,https://www.epeople.go.kr/nep/pttn/gnrlPttn/pttnSmlrCaseDetail.npaid?epUnionSn=1AA-2509-0075032-2AA-2509-0110039-X610000-04&dutySctnNm=taol,Y,사이드스텝 등화장치 설치 문의. 자기인증되지 않은 등화장치로 판단되어 자동차관리법 시행규칙 제80조에 따라 검사 부적합 판정 대상이라고 답변.
186,2025-12-10,16,기타,수소차량 내압용기 점검 관련,https://www.epeople.go.kr/nep/pttn/gnrlPttn/pttnSmlrCaseDetail.npaid?epUnionSn=1AA-2509-0332828-2AA-2509-0360692-X610000-04&dutySctnNm=taol,Y,"제목은 '수소차량 내압용기 점검 관련'이나 실제 본문은 강원본부 내압용기 검사장을 방문한 데 대한 감사 인사만 담은 정형화된 답례문으로, 점검 관련 실질 정보는 없다(no.185·no.178과 문구가 완전히 동일하며 날짜만 다른 템플릿 답변)."
185,2025-12-10,32,칭찬(긍정),춘천 내압검사소 직원분들 칭찬합니다,https://www.epeople.go.kr/nep/pttn/gnrlPttn/pttnSmlrCaseDetail.npaid?epUnionSn=1AA-2509-0199720-2AA-2509-0233731-X610000-04&dutySctnNm=taol,Y,"춘천 내압검사소 방문 및 칭찬에 대한 강원본부 차장의 감사 인사로, no.186과 완전히 동일한 정형 답례 문구(날짜만 상이)이며 별도의 실질 정보는 없다."
184,2025-12-10,22,시험/자격;예약/시스템오류,TS 한국교통안전공단 - 국가자격시험 배포자료 중 사진자료 오류,https://www.epeople.go.kr/nep/pttn/gnrlPttn/pttnSmlrCaseDetail.npaid?epUnionSn=1AA-2508-0961992-2AA-2508-0978768-X610000-04&dutySctnNm=taol,Y,"TS 국가자격시험 종합안내서의 사진(그림)자료 오류 지적에 대해, 과목합격 유효기간(항공안전법 시행규칙 제83·85조, 통보일로부터 2년)은 맞으나 '남은 과목을 2년 내 합격해야 유효'라는 문구가 빠져 오해 소지가 있음을 TS 스스로 인정하고 조속히 문구를 수정하겠다고 답변했다."
183,2025-12-09,18,기타,세이프티로더 차량의 규정,https://www.epeople.go.kr/nep/pttn/gnrlPttn/pttnSmlrCaseDetail.npaid?epUnionSn=1AA-2508-1276201-2AA-2509-0059736-X610000-04&dutySctnNm=taol,Y,"세이프티로더 발판 미장착에 따른 단속의 타당성 문의에 대해, 단속 원인은 제작사양과 다르게 운행된 데 있으며 발판 높이·설치 여부 자체는 자동차 안전기준 등에서 별도로 정하고 있지 않다고 답변했다."
182,2025-12-08,23,시험/자격,현직 항공 조종사를 대상으로 한 항공영어시험(EPTA),https://www.epeople.go.kr/nep/pttn/gnrlPttn/pttnSmlrCaseDetail.npaid?epUnionSn=1AA-2511-0991543-2AA-2511-1077184-X610000-04&dutySctnNm=taol,Y,"항공영어구술능력증명시험(EPTA) 결과 이의신청 건으로, 신청이 정식 접수되어 규정(실시요령 제19조)에 따라 접수일로부터 30일 이내 재채점 후 내용증명으로 통지할 예정이라고 안내했으나, 현재로서는 정정 여부가 확정되지 않았다고 밝혀 확답을 유보했다."
181,2025-12-03,15,시험/자격,91년 이전 취득한 항공 조종 자격관련,https://www.epeople.go.kr/nep/pttn/gnrlPttn/pttnSmlrCaseDetail.npaid?epUnionSn=1AA-2508-1125034-2AA-2508-1100441-X610000-04&dutySctnNm=taol,Y,"제목은 '91년 이전 취득' 자격을 언급하나 본문의 법적 근거는 2009.9.10 시행 항공법 시행규칙 부칙(경과조치)으로 연도가 어긋나는데, 내용상 결론은 2009년 9월 10일 이전 초경량비행장치 자격취득자는 본인 요청시 무상으로 경량항공기 조종사 자격으로 전환 가능하다는 것이다."
180,2025-12-02,24,검사판정불복,2025년 5월 성산문래출장 검사소의 재검사 요청 타당성 및 절차에 대한 확인 요청,https://www.epeople.go.kr/nep/pttn/gnrlPttn/pttnSmlrCaseDetail.npaid?epUnionSn=1AA-2508-0870257-2AA-2508-0988012-X610000-04&dutySctnNm=taol,Y,"성산문래출장검사소의 샤크 안테나 관련 부적합 판정에 대한 재검사 타당성 확인 요청에 대해, 제작사 도면에 없는 안전기준 미규정 등화장치로 판단해 부적합 처리한 것이 타당했다고 확인했다(no.179와 본문이 완전히 동일한 답변)."
179,2025-12-02,26,검사판정불복,2025년 5월 성산문래출장 자동차검사소의 재검사 요청 타당성 및 절차에 대한 확인 요청,https://www.epeople.go.kr/nep/pttn/gnrlPttn/pttnSmlrCaseDetail.npaid?epUnionSn=1AA-2508-0869463-2AA-2508-0988011-X610000-04&dutySctnNm=taol,Y,no.180과 사실상 동일한 사안(성산문래출장검사소 샤크 안테나 부적합 판정)에 대해 본문이 글자 그대로 동일한 정형 답변이 재사용되었다(동일 민원의 중복 접수로 추정).
178,2025-12-02,44,칭찬(긍정),칭찬합니다. 원주 자동차 검사소 김방석님!,https://www.epeople.go.kr/nep/pttn/gnrlPttn/pttnSmlrCaseDetail.npaid?epUnionSn=1AA-2508-1179335-2AA-2508-1163045-X610000-04&dutySctnNm=taol,Y,"제목은 원주 자동차검사소 특정 직원(김방석)에 대한 칭찬이나, 본문은 강원본부 내압용기 검사장 방문에 대한 것과 동일한 정형 감사 답례문(no.186·no.185와 문구 동일, 날짜만 다름)이 그대로 재사용되어 실제 칭찬 대상이나 내용은 반영되지 않았다."
177,2025-12-02,18,기타,자동차 차폭보다 초과할수 있는 타이어의 허용 범위 질의,https://www.epeople.go.kr/nep/pttn/gnrlPttn/pttnSmlrCaseDetail.npaid?epUnionSn=1AA-2508-1137664-2AA-2508-1163125-X610000-04&dutySctnNm=taol,Y,"광폭타이어 장착으로 타이어·휠이 차폭보다 돌출된 경우의 검사기준 질의에 대해, 자동차 너비 허용차(경소형 ±30mm, 중대형 ±40mm)를 검사 판정에 적용하며 타이어의 최대 돌출 지점을 기준으로 너비를 측정한다고 안내했다."
176,2025-11-29,44,기타,도와주세요.,https://www.epeople.go.kr/nep/pttn/gnrlPttn/pttnSmlrCaseDetail.npaid?epUnionSn=1AA-2508-0883384-2AA-2508-0898944-X610000-04&dutySctnNm=taol,Y,"제목('도와주세요')만으로는 내용을 알 수 없으나 실제 질의는 화물운송종사자격 시험 응시 가능 여부이며, 화물자동차 운수사업법 제9조에 따라 음주운전 면허취소 시 5년간 응시가 불가해 2023년 취소자는 2028년까지 응시할 수 없다고 답변했다."
175,2025-11-25,16,튜닝/구조변경,1톤트럭 호로 설치,https://www.epeople.go.kr/nep/pttn/gnrlPttn/pttnSmlrCaseDetail.npaid?epUnionSn=1AA-2508-0877162-2AA-2508-0861247-X610000-04&dutySctnNm=taol,Y,"1톤 화물차에 포장탑(호로)을 설치할 수 있는지에 대해, 뒷문골조 없이 천막·골조로만 제작된 경·소형화물차 포장탑은 튜닝승인대상에서 제외되어 승인 없이 설치 가능하다고 답변했다."
174,2025-11-21,124,기타,현대자동차 넥쏘 가습기 고장 관련 수소전용부품 보증 차별 시정 요청,https://www.epeople.go.kr/nep/pttn/gnrlPttn/pttnSmlrCaseDetail.npaid?epUnionSn=1AA-2508-0119943-2AA-2508-0168212-X610000-04&dutySctnNm=taol,Y,"현대 넥쏘 구형 수소전용부품(가습기) 무상보증 확대 요청. TS는 ""제작결함조사만 소관, 수리비·무상수리 지연 등은 한국소비자원 소관""이라 안내하고 현재는 결함요건 미해당으로 판단 중이라 답변 — 관할 분리로 인한 안내 반복 사례."
173,2025-11-21,18,기타,쌍용자동차 순정부품 관련,https://www.epeople.go.kr/nep/pttn/gnrlPttn/pttnSmlrCaseDetail.npaid?epUnionSn=1AA-2508-0534818-2AA-2508-0525709-X610000-04&dutySctnNm=taol,Y,"검사 부적합 판정 이후 순정 오버휀다(휀더커버) 부착 가능 여부 질의에 대해, 휀더커버 변경은 제원 허용차 이내면 경미한 구조·장치로 승인 없이 가능하나 순정부품이라도 허용차를 초과하면 검사에서 부적합 판정을 받을 수 있다고 안내했다."
172,2025-11-21,23,양수교육/양성교육,버스양성교육,https://www.epeople.go.kr/nep/pttn/gnrlPttn/pttnSmlrCaseDetail.npaid?epUnionSn=1AA-2511-0360834-2AA-2511-0387030-X610000-04&dutySctnNm=taol,Y,"신규 버스운전자 양성교육 신청이 조기 마감되는 불편 제기에 대해, 정원 30명·대기 15명 선착순으로 운영 중이며 추첨제 등 개선방안을 검토 중이고 전북 익산에 체험교육센터를 추가 설립하고 있다고 안내했다(일정은 규정상 공단 홈페이지에만 게시 가능)."
171,2025-11-18,23,기타,세이프티로더 차량구조,https://www.epeople.go.kr/nep/pttn/gnrlPttn/pttnSmlrCaseDetail.npaid?epUnionSn=1AA-2508-0357389-2AA-2508-0457835-X610000-04&dutySctnNm=taol,Y,"세이프티로더 개조 및 뒷발판 제거 가능 여부 질의에 대해, 물품적재장치 변경은 튜닝승인 대상이며 뒤오버행은 원칙상 축간거리의 1/2 이하이나 발판이 600mm 이상 높이로 고정된 경우 2/3까지 허용되므로, 해당 조건으로 승인된 차량은 발판 제거가 불가하고 제거하려면 뒤오버행 기준(1/2 이하)에 맞춰 별도 튜닝승인을 다시 받아야 한다고 답변했다."
170,2025-11-17,16,기타,"안곡중고교, SK, HD현대오일뱅크",https://www.epeople.go.kr/nep/pttn/gnrlPttn/pttnSmlrCaseDetail.npaid?epUnionSn=1AA-2511-0259929-2AA-2511-0270426-X610000-04&dutySctnNm=taol,Y,"홈페이지 '오시는길' 약도상 특정 상호·행정명 오류에 대한 정정 요청(총 127건 민원 중 일부 항목)이며, TS는 오류를 인정하고 전반적으로 현행화하겠다고 답변했다(no.167과 동일한 도입부 문구를 공유하는 같은 민원 계열의 세부 항목)."
169,2025-11-11,17,튜닝/구조변경,첨부한 사진 속 개조방법에 대해 확인하고 싶은 것이 있습니다,https://www.epeople.go.kr/nep/pttn/gnrlPttn/pttnSmlrCaseDetail.npaid?epUnionSn=1AA-2511-0170246-2AA-2511-0148310-X610000-04&dutySctnNm=taol,Y,"차체(트렁크 하부) 절개 및 CNG용기 설치 가능 여부 질의에 대해, 트렁크 하부 절개는 튜닝승인이 불가한 사항이나 CNG용기 설치는 연료장치로서 튜닝승인을 통해 가능하다고 답변했다(no.168과 담당자·날짜·문구가 사실상 동일한 정형 답변)."
168,2025-11-11,16,튜닝/구조변경,자동차 개조에 관하여서 궁금증이 있습니다.,https://www.epeople.go.kr/nep/pttn/gnrlPttn/pttnSmlrCaseDetail.npaid?epUnionSn=1AA-2511-0117818-2AA-2511-0104739-X610000-04&dutySctnNm=taol,Y,"no.169와 거의 동일한 질의(차체 절개 불가, CNG용기 설치는 승인 통해 가능)에 대해 같은 담당자가 사실상 같은 문구로 답변했으며, CNG 관련 사무편람 첨부 안내가 추가된 점만 다르다."
167,2025-11-11,19,기타,수도권제1순환고속도로,https://www.epeople.go.kr/nep/pttn/gnrlPttn/pttnSmlrCaseDetail.npaid?epUnionSn=1AA-2511-0083619-2AA-2511-0074162-X610000-04&dutySctnNm=taol,Y,"홈페이지 '오시는길' 약도·안내 오류 정정 요청(no.170과 같은 127건 민원 계열) 건으로, 국문 81건·영문 46건 등 총 127건의 오표기를 확인했다는 구체적 수치를 밝히고 연내 현행화를 완료하겠다고 답변했다."
166,2025-11-08,30,튜닝/구조변경,스타리아 9인승 캠핑카로 구조변경시 차종변경 문의,https://www.epeople.go.kr/nep/pttn/gnrlPttn/pttnSmlrCaseDetail.npaid?epUnionSn=1AA-2508-0119969-2AA-2508-0113133-X610000-04&dutySctnNm=taol,Y,"9인승 스타리아를 캠핑카로 구조변경할 경우 차종이 바뀌는지에 대해, 승용자동차(10인 이하)로 분류되어 캠핑용 튜닝 후에도 차종은 승용으로 유지되고 용도(자가용/영업용)도 등록관청에서 별도 변경하지 않는 한 그대로 유지된다고 답변했다."
165,2025-11-06,35,시험/자격,드론 자격증 전환에  따른 부당성,https://www.epeople.go.kr/nep/pttn/gnrlPttn/pttnSmlrCaseDetail.npaid?epUnionSn=1AA-2507-0715883-2AA-2507-0715262-X610000-04&dutySctnNm=taol,Y,"제목은 자격전환 제도의 '부당성'을 제기하나, 본문은 무인수직이착륙기(3종) 자격전환 절차를 실기시험 경과조치 또는 학과시험+비행경력 두 경로로 구체적 수치(비행경력 4시간·1시간, 2년 이내 학과시험 면제 등)와 함께 안내하는 데 그쳐 부당성 주장 자체에 대한 직접적 판단은 확인되지 않으며, 제공된 본문 자체가 문장 중간에서 끊겨 있어 마지막 결론 부분은 확인할 수 없다."
164,2025-11-05,18,기타,더 뉴 쏘렌토 후진 가이드 램프 교환,https://www.epeople.go.kr/nep/pttn/gnrlPttn/pttnSmlrCaseDetail.npaid?epUnionSn=1AA-2510-0015138-2AA-2510-0015689-X610000-04&dutySctnNm=taol,Y,"쏘렌토 후진 가이드 램프(등화) 교환 가능 여부 질의에 대해, 자기인증된 순정부품 등화로 가공·개조 없이 교체하는 경우 경미한 구조·장치에 해당해 튜닝승인 없이 설치 가능하다고 답변했다."
163,2025-11-04,19,이륜차,사이드카문의,https://www.epeople.go.kr/nep/pttn/gnrlPttn/pttnSmlrCaseDetail.npaid?epUnionSn=1AA-2507-1191138-2AA-2507-1160606-X610000-04&dutySctnNm=taol,Y,"이륜차 사이드카(측차) 장착 가능 기종 문의에 대해, 인증된 측차 기종이 매우 다양해 구체적인 대상 기종을 알려주어야 답변이 가능하다며 TS 스스로 '시원한 답변을 드리지 못한 점' 양해를 구하는 등 확답을 주지 못했다."
162,2025-11-04,17,기타,초경량비행장치(무인비행장치) 전문교육기관 훈련기준 개선 강력 건의,https://www.epeople.go.kr/nep/pttn/gnrlPttn/pttnSmlrCaseDetail.npaid?epUnionSn=1AA-2510-0027042-2AA-2510-0027071-X610000-04&dutySctnNm=taol,Y,"무인멀티콥터 모의비행 이수시간 단축 건의에 대해, 기체별 사고발생 추세 등을 이유로 현 시점에서는 반영이 어렵다고 답변하되 향후 관련 연구 결과와 사고율 감소가 확인되면 검토에 참고하겠다는 유보적 입장을 밝혔다."
161,2025-11-01,29,튜닝/구조변경,이륜자동차 튜닝관련 문의,https://www.epeople.go.kr/nep/pttn/gnrlPttn/pttnSmlrCaseDetail.npaid?epUnionSn=1AA-2507-0944286-2AA-2507-0927242-X610000-04&dutySctnNm=taol,Y,"이륜차 등화·조향·제동장치 변경의 튜닝승인 대상 여부 질의에 대해, 세 장치 모두 원칙상 승인 대상이나 자기인증된 선택사양 등화 교체 등 일부는 경미한 구조·장치로 승인이 불필요하며, 기계식 드럼→유압식 디스크 브레이크 변경은 경미 항목이 아니어서 튜닝승인을 통해 가능하다고 안내했다."
160,2025-10-31,18,기타,차량 핸들가벼움 문제,https://www.epeople.go.kr/nep/pttn/gnrlPttn/pttnSmlrCaseDetail.npaid?epUnionSn=1AA-2507-0994107-2AA-2507-0989009-X610000-04&dutySctnNm=taol,Y,"조향핸들이 가볍게 느껴지는(조타력 저하) 문제 제기에 대해, 자동차규칙 별표6의2는 조향장치의 '최대허용 조향조종력'만 규정할 뿐 문의한 '최소 조향조종력(가벼움)'에 대한 기준은 두고 있지 않다고 답변했다."
159,2025-10-30,24,기타,교통안전공단에 신분증 인증 관련,https://www.epeople.go.kr/nep/pttn/gnrlPttn/pttnSmlrCaseDetail.npaid?epUnionSn=1AA-2507-1005569-2AA-2507-0985160-X610000-04&dutySctnNm=taol,Y,"은행앱에서 모바일 신분증 인증 시 오류가 발생하는 문제에 대해, 신분증 정보는 한국조폐공사·경찰청이 관리하는 사항이라며 TS 소관이 아니므로 경찰청 또는 해당 금융사에 문의하라고 안내했다."
158,2025-10-29,21,튜닝/구조변경,격벽 관련 문의,https://www.epeople.go.kr/nep/pttn/gnrlPttn/pttnSmlrCaseDetail.npaid?epUnionSn=1AA-2507-0944196-2AA-2507-0927181-X610000-04&dutySctnNm=taol,Y,"밴형 화물차 격벽 상부를 타공할 수 있는지 질의에 대해, 격벽은 폐쇄된 구조와 강도기준을 유지해야 하므로 타공시 화물 탈락 우려 및 강도 확인 불가로 허용이 불가하다고 답변했다."
157,2025-10-25,21,시험/자격,초경량비행장치 조종자 자격시험 관련 문의,https://www.epeople.go.kr/nep/pttn/gnrlPttn/pttnSmlrCaseDetail.npaid?epUnionSn=1AA-2507-0965044-2AA-2507-0951758-X610000-04&dutySctnNm=taol,Y,"2021.3.1 세칙 시행 전 취득한 단일등급 무인멀티콥터 자격의 인정 여부 질의에 대해, 세칙 부칙 경과조치에 따라 시행 전 취득자는 현재 '무인멀티콥터 1종' 자격으로 인정된다고 답변했다."
156,2025-10-22,33,기타,자동차검사원 교육개선 관련민원,https://www.epeople.go.kr/nep/pttn/gnrlPttn/pttnSmlrCaseDetail.npaid?epUnionSn=1AA-2507-0567599-2AA-2507-0563609-X610000-04&dutySctnNm=taol,Y,"자동차검사원 교육 신청이 조기 마감되는 어려움 제기에 대해, 연간 8개 교육과정을 3년 전 수료자 수 기준으로 편성하는데 2025년 상반기 연계과정 운영이 4회로 적어 접수가 어려웠다고 설명하고, 8~12월에는 총 10회(월 2회)로 확대 편성했다고 안내했다."
155,2025-10-22,28,양수교육/양성교육,한 손 마비 장애인의 개인택시 양수교육 참여를 위한 핸들봉 설치 허가 요청,https://www.epeople.go.kr/nep/pttn/gnrlPttn/pttnSmlrCaseDetail.npaid?epUnionSn=1AA-2507-0769721-2AA-2507-0771547-X610000-04&dutySctnNm=taol,Y,"한 손이 마비된 장애인이 개인택시 양수교육 수강을 위해 핸들봉 설치를 요청한 민원으로, TS(상주교통안전체험교육센터)는 이미 지체장애 교육생을 위해 핸들봉 등을 설치해 교육 수강이 가능하도록 조치하고 있으며 입교 시 장애인복지카드·장애인증명서 등 서류 지참이 필요하다고 안내했다."
154,2025-10-17,29,튜닝/구조변경;이륜차,이륜차 경미한 구조 장치 중 등화장치 내용에 대한 해석 문의,https://www.epeople.go.kr/nep/pttn/gnrlPttn/pttnSmlrCaseDetail.npaid?epUnionSn=1AA-2507-0383200-2AA-2507-0535804-X610000-04&dutySctnNm=taol,Y,"이륜차의 '경미한 구조·장치' 중 등화장치 관련 용어(선택사양 상호변경 등)의 해석을 물은 민원으로, TS는 제작사가 자기인증 시 옵션으로 표기한 등화장치 간 상호 변경·설치는 자동차관리법 제34조의3 및 「자동차 튜닝에 관한 규정」[별표1]에 따라 튜닝승인 없이 가능하지만 제원번호가 다른 등화로 바꾸는 경우는 튜닝승인 대상이라고 구체적으로 구분해 답했다."
153,2025-10-16,23,기타,민간인 차량을 탑차옆에 안전성을 확보한 엘이지 모니터장착이 가능하다는 건지 불가는 하다는 건지? 우리나라는 되는 것도 없고 안되는 것도 없고 참으로 이상한 나라예요? 답변주세요 ===========================,https://www.epeople.go.kr/nep/pttn/gnrlPttn/pttnSmlrCaseDetail.npaid?epUnionSn=1AA-2507-0491807-2AA-2507-0501026-X610000-04&dutySctnNm=taol,Y,"격앙된 어조의 제목(되는 것도 안되는 것도 없는 이상한 나라라는 항의)과 달리 본문은 차분한 법령 안내로 구성된 민원으로, 화물차 옆에 LED 모니터를 달 수 있는지 재차 물은 데 대해 TS는 이전 답변을 재확인하며 옥외광고물법 제8조제1항제6호에 따라 도로보수·교통안내 등 안전 목적 차량이거나 공공기관과 계약을 체결한 경우에 한해 제한적으로 허용되고, 현재 조건에 맞지 않으면 튜닝승인이 불가하며 규제샌드박스 특례를 알아보라고 안내했다."
152,2025-10-16,22,튜닝/구조변경,광원에 영향을 주지 않는 전조등 튜닝에 대하여,https://www.epeople.go.kr/nep/pttn/gnrlPttn/pttnSmlrCaseDetail.npaid?epUnionSn=1AA-2507-0334538-2AA-2507-0341026-X610000-04&dutySctnNm=taol,Y,"전조등 관련 튜닝에서 다른 기관 답변과 내용이 다르다고 문의한 민원(이전 문의에 대한 후속 질의로 보임)으로, TS는 자기인증 반사장치 위치는 개조·변경이 불가하나 인증받거나 시험받은 등화는 설치 가능하며 새로 설치하려는 노란색 LED는 등화장치에 해당해 튜닝승인 대상이라고 재확인했다."
151,2025-10-16,28,기타,자동차검사,https://www.epeople.go.kr/nep/pttn/gnrlPttn/pttnSmlrCaseDetail.npaid?epUnionSn=1AA-2507-0540725-2AA-2507-0539671-X610000-04&dutySctnNm=taol,Y,"제목은 단순히 '자동차검사'로만 되어 있어 내용을 알기 어렵지만, 실제로는 자기인증 내용과 다르게 제작된 특정 차량(다음기술레저장비운송트레일러, 적재장치 내부에 텐트 설치)의 검사 판정 개선을 건의한 민원으로, TS는 자동차관리법 제30조·제43조에 따라 검사는 제작사가 통보한 제원을 기준으로 이뤄지며 해당 차량은 텐트가 설치된 상태로 인증받지 않은 것으로 확인되어 소유자가 제작사에 제원정정 등을 문의할 필요가 있다고 답했다."
150,2025-10-15,43,양수교육/양성교육,개인택시 양수교육제도,https://www.epeople.go.kr/nep/pttn/gnrlPttn/pttnSmlrCaseDetail.npaid?epUnionSn=1AA-2506-1187675-2AA-2507-0310780-X610000-04&dutySctnNm=taol,Y,"개인택시면허 양수교육 접수 관련 불편을 제기한 민원으로, TS는 해당 교육이 사업용 운전경력(최소 2년6개월) 부족자의 개인택시 진입장벽을 완화하기 위한 것으로 필수요건은 아니며 선양수 후교육 방식 반영은 어렵다고 답하고, '24년 대비 24.5% 수준으로, 향후에는 '23년 대비 52.5%·'24년 대비 18.7% 이상으로 교육을 확대하고 제3센터(전북 익산)를 건립 중이라는 구체적 수치를 제시했다(다만 원본 답변이 1500자에서 문장 중간에 잘려 있어 마지막 문단은 확인 불가)."
149,2025-10-09,12,기타,교통안전체험교육센터 공지와 공고,https://www.epeople.go.kr/nep/pttn/gnrlPttn/pttnSmlrCaseDetail.npaid?epUnionSn=1AA-2507-0008718-2AA-2507-0022032-X610000-04&dutySctnNm=taol,Y,"개인택시면허 양수교육의 '공지'와 '공고' 게시판이 혼동된다는 민원으로, TS는 2025년 1월부터 공지(운영안내·추첨결과 등)와 공고(교육일정)를 분리 운영해왔고 이는 내부규정상 필수조치는 아니었다고 설명했으며, 4분기 접수 공고는 2025년 9월 초(1~3일경) 게시될 예정이라고 안내했다(본문이 마무리 인사말 부분에서 잘려 있음)."
148,2025-10-04,28,기타,자동차 검사,https://www.epeople.go.kr/nep/pttn/gnrlPttn/pttnSmlrCaseDetail.npaid?epUnionSn=1AA-2507-0047741-2AA-2507-0062421-X610000-04&dutySctnNm=taol,Y,"자동차 정기검사 시 제작사가 통보한 제원과 실제 장착된 등화장치 형식이 다른 경우의 검사 가능 여부를 물은 민원으로, TS는 자동차관리법 제30조·제34조·제43조를 인용해 자기인증된 등화가 아니면 등화류 인증서(시험결과표) 첨부만으로는 검사가 불가하며 시험성적서를 첨부해 별도로 튜닝승인을 받아야 한다고 답했다."
147,2025-10-04,23,시험/자격,항공정비사 면허 실기 시험 횟수 확대,https://www.epeople.go.kr/nep/pttn/gnrlPttn/pttnSmlrCaseDetail.npaid?epUnionSn=1AA-2506-1200145-2AA-2506-1205699-X610000-04&dutySctnNm=taol,Y,"항공정비사 실기시험 응시 대기가 길다며 시험 횟수 확대를 요청한 민원으로, TS는 매월 응시수요를 분석해 최소 2개월 이상 대기가 발생하면 시험을 추가 개설하는 운영기준에 따라 당월 실기시험을 추가 개설했고 7월 1일 확대 일정을 공고, 7월 4일부터 접수를 시작했다고 구체적 일정을 밝혔다."
146,2025-10-01,34,튜닝/구조변경,pv5카고 차량의 이동사무실 구변 및 화물칸 창문 변경문의,https://www.epeople.go.kr/nep/pttn/gnrlPttn/pttnSmlrCaseDetail.npaid?epUnionSn=1AA-2506-0829913-2AA-2506-0877489-X610000-04&dutySctnNm=taol,Y,"PV5 밴형화물자동차를 이동사무실로 구조변경할 때 격벽 제거 가능 여부, 과속카메라 단속 기준, 1·3열 창문의 유리 교체 가능 여부를 함께 물은 민원으로, TS는 격벽 제거는 화물차→특수자동차 차종변경을 전제로 가능하다고 보았고 과속카메라 단속 기준은 TS 소관이 아니라며 경찰청에 문의하도록 안내했으며, 창유리 설치는 크기(가로세로 500×500mm 이내, 측면적 20% 이내)·보호봉 기준을 지키면 경미한 구조·장치로 승인 없이 가능하나 1·3열의 정확한 위치를 특정할 수 없어 해당 위치의 설치 가능 여부는 판단하기 어렵다고 답했다."
145,2025-09-30,61,칭찬(긍정),"부산 해운대 자동차 검사소 ""이광우"" 직원분 감사와 칭찬을 드리고 싶어서요...!!!",https://www.epeople.go.kr/nep/pttn/gnrlPttn/pttnSmlrCaseDetail.npaid?epUnionSn=1AA-2506-1084990-2AA-2506-1099252-X610000-04&dutySctnNm=taol,Y,"부산 해운대자동차검사소 이광우 직원에 대한 순수 칭찬·감사 민원으로, TS는 해당 직원에게 격려 내용을 전달했다고 답했을 뿐 별도의 법령 검토나 정책적 판단 내용은 없다."
144,2025-09-26,16,이륜차,오토바이 와이퍼 장착 가능?,https://www.epeople.go.kr/nep/pttn/gnrlPttn/pttnSmlrCaseDetail.npaid?epUnionSn=1AA-2506-0300298-2AA-2506-0423160-X610000-04&dutySctnNm=taol,Y,"오토바이 윈드스크린에 와이퍼(창닦이기)를 달 수 있는지 물은 민원으로, TS는 자동차관리법 시행규칙 제107조상 창닦이기는 튜닝승인대상이 아니고 이륜자동차에는 창닦이기 자체 기준도 없어 운전자 보호용 '용품'으로 보아 승인 없이 설치 가능하다고 판단했다."
143,2025-09-26,32,기타,차량 비상점멸등 순차점등 문의,https://www.epeople.go.kr/nep/pttn/gnrlPttn/pttnSmlrCaseDetail.npaid?epUnionSn=1AA-2506-0941707-2AA-2506-0946765-X610000-04&dutySctnNm=taol,Y,"차량 비상점멸등(비상등)의 순차점등 방식 사용이 가능한지 물은 민원으로, TS는 자동차안전기준상 방향지시등·비상점멸표시등에 대해 순차점등 방식이 허용되며 제작사가 자기인증한 차량의 방향지시등이 순차점등형이라면 해당 차량의 비상점멸등도 순차점등 방식으로 작동 가능하다고 판단했다."
142,2025-09-24,21,이륜차,오토바이 전조등 교체 가능여부,https://www.epeople.go.kr/nep/pttn/gnrlPttn/pttnSmlrCaseDetail.npaid?epUnionSn=1AA-2506-0610030-2AA-2506-0698375-X610000-04&dutySctnNm=taol,Y,"오토바이 전조등을 다른 제품으로 교체할 수 있는지 물은 민원으로, TS는 「자동차 및 자동차부품의 성능과 기준에 관한 규칙」 제75조 적합성을 증명하는 시험성적서나 유럽인증서를 첨부해야 검토가 가능하며 민원인이 첨부한 자료만으로는 가능 여부를 판단할 수 없다고 답했다."
141,2025-09-23,47,기타,"18년식 기아 스팅어차량, 21년식 후미등 변경관련 방향지시등 및 비상등 순차식점등 관련 문의.",https://www.epeople.go.kr/nep/pttn/gnrlPttn/pttnSmlrCaseDetail.npaid?epUnionSn=1AA-2506-0646546-2AA-2506-0664067-X610000-04&dutySctnNm=taol,Y,"18년식 기아 스팅어 차량의 후미등을 21년식으로 교체하면서 방향지시등·비상등을 순차점등 방식으로 바꿀 수 있는지 물은 민원으로, TS는 자기인증된 순정 등화를 개조 없이 설치해 순차점등이 되는 경우는 경미한 사항일 수 있으나 순정 점멸방식 비상등을 순차점등으로 임의 변경하면 자동차관리법 제29조 위반이라고 판단했고, 구체적으로 어떻게 변경했는지 정보가 부족해 명확한 답변은 어렵다고 밝혔다."
140,2025-09-18,22,시험/자격,항공자격관련하여 여쭤볼 곳이 어딘지 몰라서 민원 남깁니다.,https://www.epeople.go.kr/nep/pttn/gnrlPttn/pttnSmlrCaseDetail.npaid?epUnionSn=1AA-2506-0451153-2AA-2506-0492116-X610000-04&dutySctnNm=taol,Y,"공군 고등조종교육 이수 및 계기·사업용 학술과정을 외부 기관에서 나누어 이수한 경력이 항공종사자 자격시험의 '전문교육기관 이수'로 인정되는지 문의한 민원으로, TS는 공군 고등조종교육은 항공안전법령상 인정되는 과정이 아니며 지상교육과 실기교육을 서로 다른 기관에서 나누어 이수한 경우에는 전문교육기관 이수증명서 발급이 어려울 것으로 보인다고 답했다."
139,2025-09-18,29,시험/자격;안전운임제/화물운송,화물운송종사 자격시험 합격 후 신규교육 이수 등에 관한 질의,https://www.epeople.go.kr/nep/pttn/gnrlPttn/pttnSmlrCaseDetail.npaid?epUnionSn=1AA-2506-0597655-2AA-2506-0612795-X610000-04&dutySctnNm=taol,Y,"화물운송종사 자격시험 합격 후 신규(합격자)교육 이수 의무와 자격증 발급 기한을 물은 민원으로, TS는 화물자동차 운수사업법상 운수종사자 보수교육은 실제 화물운송업에 종사하지 않으면 이수할 필요가 없고(자세한 사항은 지역 교통문화연수원에 문의 안내) 합격자 교육만 이수했다면 이후 기간 제한 없이 자격증 발급이 가능하다고 판단했다."
138,2025-09-17,19,튜닝/구조변경,카고 트레일러 루프탑텐트 설치시,https://www.epeople.go.kr/nep/pttn/gnrlPttn/pttnSmlrCaseDetail.npaid?epUnionSn=1AA-2509-0324986-2AA-2509-0360449-X610000-04&dutySctnNm=taol,Y,"카고 트레일러에 루프탑텐트를 설치할 때 정기검사 및 튜닝승인 기준을 물은 민원으로, TS는 차량중량이 제원 허용차(소형자동차 기준 ±60kg)를 초과하면 무승인 튜닝으로 부적합 판정 대상이 되며, 허용차를 초과해 튜닝승인을 받으려면 주요제원대비표·외관도·설계도 등을 첨부해 사이버검사소에 신청해야 한다고 안내했다(원문이 말미 법령 나열 부분에서 잘려 있음)."
137,2025-09-16,22,K패스,케이패스 사이트 및 앱 이용불편,https://www.epeople.go.kr/nep/pttn/gnrlPttn/pttnSmlrCaseDetail.npaid?epUnionSn=1AA-2508-1228577-2AA-2508-1203578-X610000-04&dutySctnNm=taol,Y,"K-패스 앱/사이트 접속이 잘 안 된다는 민원으로, TS는 개인 VPN이나 프라이빗 릴레이를 직접 차단하지는 않지만 K-패스가 국내 전용 서비스로 시스템 보안을 위해 해외 IP를 차단하고 있어 접속이 어려울 수 있으며, 해외발 불법 공격도 다수 확인되어 해외 IP를 개방할 계획은 현재 검토하고 있지 않다고 답했다."
136,2025-09-12,94,튜닝/구조변경,테슬라 요크 핸들 장착 관련 구조변경 통지에 대한 이의 제기,https://www.epeople.go.kr/nep/pttn/gnrlPttn/pttnSmlrCaseDetail.npaid?epUnionSn=1AA-2506-0144753-2AA-2506-0169692-X610000-04&dutySctnNm=taol,Y,"핸들(조향장치) 변경은 원칙상 튜닝승인대상이나, 직경이 동일한 핸들은 「자동차 튜닝에 관한 규정」 별표1상 경미한 구조·장치에 해당해 승인 불요라고 답변."
135,2025-09-11,20,기타,"ECE R37, E1 승인된 LED 전조등의 국내 사용 가능 여부에 대한 문의",https://www.epeople.go.kr/nep/pttn/gnrlPttn/pttnSmlrCaseDetail.npaid?epUnionSn=1AA-2508-0561365-2AA-2509-0151825-X610000-04&dutySctnNm=taol,Y,"ECE R37 인증(E1 마크)을 받은 LED 전조등을 국내 차량에 그대로 사용할 수 있는지, 튜닝인증이나 별도 구조변경 절차가 필요한지 물은 민원으로(동일 주제의 유사 문의가 135번 항목에도 별도 접수됨), TS는 해당 제품이 국내 자기인증을 받은 등화가 아니라면 단순 부품 교체는 불가하고 튜닝승인 대상이며 「자동차 및 자동차부품의 성능과 기준에 관한 규칙」 제114조제7항에 따른 해외기준 인정 가능성을 설명하던 중 본문이 1500자에서 잘려 있어, ECE R37을 실제로 인정받을 수 있는지에 대한 최종 결론은 확인되지 않는다."
134,2025-09-10,25,검사판정불복,차량검사시 오버런으로 차량운행불가,https://www.epeople.go.kr/nep/pttn/gnrlPttn/pttnSmlrCaseDetail.npaid?epUnionSn=1AA-2505-1252086-2AA-2506-0143963-X610000-04&dutySctnNm=taol,Y,"부천검사소에서 자동차 검사를 받던 중 발생한 차량 손상(엔진오일 관련 오버런으로 추정)에 대한 보상을 요구한 민원으로, TS는 관련 규정에 따른 정상적인 검사 절차를 거쳤고 문제 원인을 객관적으로 가리기 위해 제작사 서비스센터 입고를 안내한 것이며(책임 회피가 아님을 강조), 검사원의 과실이 확인되지 않는 한 사후 수리·보상은 어렵다고 답했다."
133,2025-09-05,28,시험/자격,드론 vtol 자격증은 일관성 없는 행정처리...,https://www.epeople.go.kr/nep/pttn/gnrlPttn/pttnSmlrCaseDetail.npaid?epUnionSn=1AA-2505-1130385-2AA-2505-1062846-X610000-04&dutySctnNm=taol,Y,"무인비행장치(드론) VTOL 자격 전환 기준이 일관성 없다고 항의한 민원(제목은 '일관성 없는 행정처리'이나 본문은 TS가 제도 근거를 조목조목 해명하는 내용)으로, TS는 고정익·회전익 자격을 모두 보유하면 약식 실기시험만으로, 또는 최근 자격취득일로부터 2년 이내 응시 시 학과시험이 면제되어 각 3종 이상 자격 보유 시 1시간의 비행경력만으로 무인수직이착륙기 자격 취득이 가능하다고 안내하며, 과거 동력비행장치 종별 분류와 신설된 무인수직이착륙기는 성격이 달라 동일 기준 적용이 어렵다고 답했다."
132,2025-09-04,37,양수교육/양성교육,개인택시양수교육신청제도개선안,https://www.epeople.go.kr/nep/pttn/gnrlPttn/pttnSmlrCaseDetail.npaid?epUnionSn=1AA-2505-0801820-2AA-2505-1037720-X610000-04&dutySctnNm=taol,Y,"개인택시면허 양수교육 접수 방식(추첨제)과 교육시설 확대를 개선해달라는 민원으로, TS는 선착순 접수 시 발생했던 불법예약대행업체 난입·동시접속 과다·고령자 불편 등을 해소하기 위해 추첨제를 도입했고 단순 접속 시도 횟수는 우선순위 기준으로 삼기 어려우며 2024년 12월부터 미당첨자를 위한 가점제(비례할당추첨제)를 운영 중이라고 설명했고, 즉시개업 가능자 우선선발이나 권역별 교육장 신설은 부지·인프라 문제로 단기간 내 어렵다고 답했다(본문이 문장 중간에서 잘려 있어 마지막 결론 부분은 확인되지 않음)."
131,2025-09-04,58,검사판정불복,자동차검사 불합격,https://www.epeople.go.kr/nep/pttn/gnrlPttn/pttnSmlrCaseDetail.npaid?epUnionSn=1AA-2506-0113597-2AA-2506-0135831-X610000-04&dutySctnNm=taol,Y,"보조발판에 설치된, 주행중 작동하지 않는 LED의 등화장치 해당 여부 문의. ""도로를 비추거나 신호를 주는 장치가 아니므로 등화장치 아님 = 위반 아님""이라고 판정 — 오히려 민원인에게 유리하게 판정된 사례."
130,2025-09-04,32,튜닝/구조변경;이륜차,이륜차 방향지시등 튜닝 및 구조변경 문의,https://www.epeople.go.kr/nep/pttn/gnrlPttn/pttnSmlrCaseDetail.npaid?epUnionSn=1AA-2505-1140789-2AA-2505-1082374-X610000-04&dutySctnNm=taol,Y,"이륜차 방향지시등 변경(튜닝) 가능 여부를 물은 민원으로, TS는 자기인증 등화이거나 국내시험성적서·유럽인증서 등 증빙서류가 있어야 적합 여부를 판단할 수 있고 이에 해당하지 않으면 인증·시험을 받지 않은 등화로서 튜닝승인이 불가하며, 검사소에는 별도 시험장비가 없어 현장 시험도 불가능하다고 답했다."
129,2025-09-04,18,기타,ECE R37 + E1 형식 승인을 받은 LED 제품의 국내 차량 합법 여부문의,https://www.epeople.go.kr/nep/pttn/gnrlPttn/pttnSmlrCaseDetail.npaid?epUnionSn=1AA-2505-1020264-2AA-2505-0996770-X610000-04&dutySctnNm=taol,Y,"ECE R37+E1 형식승인을 받은 LED 전구를 국내 차량에 사용해도 합법인지 문의한 민원으로(동일 주제의 유사 문의가 135번 항목에도 별도 접수됨), TS는 국내 자기인증을 받은 등화장치나 인증받은 튜닝부품에 해당하면 튜닝승인 없이 변경 가능하지만 그렇지 않으면 튜닝승인이 필요하고 정기검사에서도 같은 기준으로 적합·부적합이 판정된다고 답했다."
128,2025-09-04,27,튜닝/구조변경;이륜차,이륜차 튜닝(구조변경)에 관한 내용.,https://www.epeople.go.kr/nep/pttn/gnrlPttn/pttnSmlrCaseDetail.npaid?epUnionSn=1AA-2505-0966896-2AA-2505-0931949-X610000-04&dutySctnNm=taol,Y,"이륜차 핸들바·포크커버·트리플클램프·번호판 지지대 등 여러 튜닝 항목의 승인 필요 여부를 종합적으로 물은 민원으로, TS는 핸들바·라이저는 금속재질이면 변경 가능하고 실제 승인 신청 시 판단하며 조향장치 변경이 없는 포크커버는 승인대상이 아니고, 트리플클램프는 조향장치 부품으로 승인대상이며 제원변동 유무에 따라 수수료가 3만5천원(장치변경) 또는 6만원(구조 및 장치)으로 다르고, 번호판 지지대는 제원변동이 없으면 승인대상이 아니지만 등화장치가 함께 변경되면 승인대상이라고 항목별로 구체적으로 답했다."
127,2025-09-02,43,튜닝/구조변경,자동차 등화장치,https://www.epeople.go.kr/nep/pttn/gnrlPttn/pttnSmlrCaseDetail.npaid?epUnionSn=1AA-2505-0916336-2AA-2505-0858959-X610000-04&dutySctnNm=taol,Y,"전구식 옆면표시등을 LED 옆면표시등으로 바꾸는 것이 불법튜닝인지 물은 민원으로, TS는 자동차관리법에 따라 자기인증을 받은 LED 옆면표시등으로 교체하는 경우 경미한 구조·장치에 해당해 튜닝승인 없이 변경이 가능할 것으로 판단된다고 답했다."
126,2025-08-22,88,기타,전동 골프카트 관련 법령 및 인증 등 관련 문의,https://www.epeople.go.kr/nep/pttn/gnrlPttn/pttnSmlrCaseDetail.npaid?epUnionSn=1AA-2505-0482586-2AA-2505-0499451-X610000-04&dutySctnNm=taol,Y,"전동 골프카트의 법적 정의와 판매·인증에 필요한 법령을 문의한 민원으로, TS는 골프장(도로 외 장소)에서만 사용하면 자동차관리법 제70조에 따라 자기인증·등록·검사가 면제되지만 도로에서 운행하려면 자동차 제작자 등록과 인증·제원통보·등록 절차가 필요하다고 답했고, 환경부 인증·도로교통법상 원동기장치자전거·전파법·전기용품안전관리법 관련 사항은 각 소관 부처에 별도로 문의하도록 안내했다."
125,2025-08-21,52,튜닝/구조변경;이륜차,이륜차 머플러 구조변경 관련 소음 기준 완화 및 유럽(ECE) 인증 머플러 인정 요청,https://www.epeople.go.kr/nep/pttn/gnrlPttn/pttnSmlrCaseDetail.npaid?epUnionSn=1AA-2505-0458052-2AA-2505-0499407-X610000-04&dutySctnNm=taol,Y,"소음방지장치는 시험성적서 없이도 튜닝검사 시 기준 충족하면 가능하다고 안내하면서도, 소음측정기준 자체는 TS 소관이 아닌 환경부(소음·진동관리법) 소관이라고 안내 — 국민이 관할부처를 오인해 TS에 문의한 사례."
124,2025-08-21,28,튜닝/구조변경,루프탑텐트 자동차정기검사문의,https://www.epeople.go.kr/nep/pttn/gnrlPttn/pttnSmlrCaseDetail.npaid?epUnionSn=1AA-2505-0541886-2AA-2505-0490937-X610000-04&dutySctnNm=taol,Y,"75kg짜리 루프탑텐트를 차량에 달면 정기검사에서 문제가 없는지 물은 민원으로, TS는 루프탑텐트 자체는 경미한 구조·장치로 튜닝승인 대상에서 제외되지만 중량이 제원 허용차(경형·소형·승용 ±60kg, 중형 ±100kg)를 넘으면 안 되며, 해당 75kg 텐트는 일반 승용차에는 허용차를 초과해 튜닝승인이 필요하지만 11인승 이상 중형승합차에는 승인 없이 설치 가능하다고 구체적 수치로 안내했다."
123,2025-08-21,23,튜닝/구조변경;이륜차,이륜차 튜닝(핸들바) 관련,https://www.epeople.go.kr/nep/pttn/gnrlPttn/pttnSmlrCaseDetail.npaid?epUnionSn=1AA-2505-0515163-2AA-2505-0476244-X610000-04&dutySctnNm=taol,Y,"이륜차 핸들바(다른 제작사·금속재질) 교체 가능 여부와 사진 속 핸들 형태의 적합성을 물은 민원으로, TS는 금속재질 핸들바는 제작사가 달라도 설치가 가능하고 문의한 핸들은 외부로 돌출되지 않아 설치 가능하며, 튜닝 후 핸들 최대 너비는 차량중심선 좌우 각 60cm씩 총 1.2m 이내여야 한다는 구체적 기준을 안내했다."
122,2025-08-20,31,튜닝/구조변경,특허관련 튜닝가능여부(화물차적재함보강관련),https://www.epeople.go.kr/nep/pttn/gnrlPttn/pttnSmlrCaseDetail.npaid?epUnionSn=1AA-2505-0411622-2AA-2505-0395444-X610000-04&dutySctnNm=taol,Y,"제목에 '특허관련'이 포함되어 있으나 본문에는 특허 언급 없이 화물차 적재함 보조 지지대(게이트 서포트) 구조의 튜닝승인 가능 여부만 다룬 민원으로, TS는 판스프링 이탈 방지를 위한 적재함 보조 지지대는 용접·볼트 등으로 이탈되지 않게 고정해야 하며 문의한 게이트 서포트는 홀더에 끼우는 탈·부착 방식이라 이탈 우려로 튜닝승인이 불가하다고 답했다."
121,2025-08-18,51,튜닝/구조변경;칭찬(긍정),교통안전공단 튜닝처 김현우 차장님을 칭찬 합니다.,https://www.epeople.go.kr/nep/pttn/gnrlPttn/pttnSmlrCaseDetail.npaid?epUnionSn=1AA-2508-0270276-2AA-2508-0267072-X610000-04&dutySctnNm=taol,Y,"튜닝안전기술원 김현우 차장의 업무 응대에 대한 순수 칭찬 민원으로, TS는 칭찬 내용을 본인에게 전달했다고 답했을 뿐 별도의 법령 검토나 정책적 판단 내용은 없다."
120,2025-08-15,31,기타,2025년 VTOL 전환교육 대상자 탈락건,https://www.epeople.go.kr/nep/pttn/gnrlPttn/pttnSmlrCaseDetail.npaid?epUnionSn=1AA-2504-1052992-2AA-2505-0209541-X610000-04&dutySctnNm=taol,Y,"2025년 무인수직이착륙기(VTOL) 전환교육 대상자에서 탈락한 사유와 관련 강의 일정 변경·자격기준일·세칙개정 절차의 정당성을 문의한 민원으로, 시흥드론교육센터와 김천드론자격센터가 공동 답변하여 교육일정 변경은 세칙개정일을 예상할 수 없는 상황에서 이뤄진 적극행정 조치였고, 자격 기준일은 기존 해당자 권리 보존 및 악용사례 방지를 위해 2025년 3월 13일 사전예고·의견수렴을 거쳐 개정된 운영세칙의 개정일로 정해졌다고 답했다."
119,2025-08-15,30,기타,무인비행장치 조종자증명 운영세칙 위법한 조문 정정 요청,https://www.epeople.go.kr/nep/pttn/gnrlPttn/pttnSmlrCaseDetail.npaid?epUnionSn=1AA-2504-1075748-2AA-2505-0209067-X610000-04&dutySctnNm=taol,Y,"무인비행장치 조종자증명 운영세칙 중 위법하다고 주장하는 조문의 정정을 요구한 민원으로(같은 날 접수된 120번 민원과 담당자 및 경과조치 설명 문구가 상당부분 겹치는 정형적 답변), TS는 세칙 개정이 2025년 3월 13일 사전예고·의견수렴을 거쳐 적법하게 이뤄졌고 경과조치는 소수 기득권 보호가 아닌 기존 해당자 권리 보존과 악용 방지 목적이라고 해명했으며, 무인수직이착륙기 실기시험위원은 특정 경력자가 아닌 실기평가조종자를 대상으로 위촉된다고 추가로 답했다."
118,2025-08-15,27,튜닝/구조변경;이륜차,이륜차 스포일러 경미한튜닝,https://www.epeople.go.kr/nep/pttn/gnrlPttn/pttnSmlrCaseDetail.npaid?epUnionSn=1AA-2505-0271889-2AA-2505-0364423-X610000-04&dutySctnNm=taol,Y,"이륜차에 스포일러를 다는 것이 경미한 튜닝으로 인정되는지 물은 민원으로, TS는 일반 자동차의 스포일러는 치수·중량 변동이 없고 철 재질이 아니면 경미한 구조·장치로 승인 없이 설치 가능하지만, 이륜자동차는 스포일러가 경미한 구조·장치 목록(별표1의2)에 포함되어 있지 않아 차체 변경으로 보아 튜닝승인 대상이라고 구분해 답했다."
117,2025-08-15,21,튜닝/구조변경;이륜차,이륜차 스포일러 경미한 튜닝,https://www.epeople.go.kr/nep/pttn/gnrlPttn/pttnSmlrCaseDetail.npaid?epUnionSn=1AA-2505-0272233-2AA-2505-0285338-X610000-04&dutySctnNm=taol,Y,"민원인은 이륜자동차 스포일러 설치 가능 여부를 문의했으나, TS는 별도 검토 내용 없이 ""신청번호 1AA-2505-0271889 건과 질의가 동일하여 답변도 동일하다""고만 답해 실질적인 판단 근거를 제시하지 않았다."
116,2025-08-15,37,튜닝/구조변경,"그렌드스티렉스어린이버스(승합차, 15인승) 중고차를 구매하여, 일반 승합차로 튜닝(구조변경)하기 위하여, 변경해야힐 구조 및 주요 부품에 대한 문의",https://www.epeople.go.kr/nep/pttn/gnrlPttn/pttnSmlrCaseDetail.npaid?epUnionSn=1AA-2508-0202810-2AA-2508-0197263-X610000-04&dutySctnNm=taol,Y,"15인승 어린이운송용 승합차(그랜드스타렉스)를 일반 승합차로 튜닝할 때 필요한 절차를 문의했고, TS는 자동차관리법 제29조·시행규칙 제55조에 따라 승차장치가 튜닝승인대상임을 밝히며 어린이운송 관련 장치(정지표지판·표시등·보호표지판 등) 탈거와 2~4열 좌석의 인증받은 일반좌석 교체(제원관리번호·시험성적서 제출)를 구체적으로 안내했다."
115,2025-08-14,26,튜닝/구조변경;이륜차,이륜차 튜닝승인서 발급후 검사전 임시운행,https://www.epeople.go.kr/nep/pttn/gnrlPttn/pttnSmlrCaseDetail.npaid?epUnionSn=1AA-2505-0198866-2AA-2505-0162132-X610000-04&dutySctnNm=taol,Y,"이륜차 튜닝승인서 발급 후 튜닝검사 전 도로주행이 가능한지 문의한 건으로, TS는 승인 후 45일 이내 튜닝검사를 받아야 하며 승인대로 튜닝한 뒤의 도로운행 자체에는 관련 법령상 별도 규정이 없다고 답하면서 도로운행 관련 사항은 경찰청에 문의하라고 안내했다."
114,2025-08-13,40,칭찬(긍정),춘천내압용기검사소를 칭찬합니다,https://www.epeople.go.kr/nep/pttn/gnrlPttn/pttnSmlrCaseDetail.npaid?epUnionSn=1AA-2508-0432145-2AA-2508-0416001-X610000-04&dutySctnNm=taol,Y,"춘천내압용기검사소 방문 경험에 대한 순수 칭찬 민원으로, 감사 인사 외에 실질적인 정보나 판단 내용은 없다."
113,2025-08-12,24,튜닝/구조변경,승용차량 화물칸 격벽제거시 승인유무,https://www.epeople.go.kr/nep/pttn/gnrlPttn/pttnSmlrCaseDetail.npaid?epUnionSn=1AA-2505-0008388-2AA-2505-0018283-X610000-04&dutySctnNm=taol,Y,"승용겸화물자동차(레이밴)의 화물칸 격벽만 제거하는 것이 가능한지 문의했고, TS는 자동차관리법 제34조·시행규칙 제55조에 따라 물품적재장치가 튜닝승인대상이며 단순 격벽 탈거만으로는 승인이 불가하고 승용일반형·기타형으로 전체 튜닝해야 한다고 명확히 답했다."
112,2025-08-10,64,칭찬(긍정),대구 달서검사소 과장님을 칭찬합니다.,https://www.epeople.go.kr/nep/pttn/gnrlPttn/pttnSmlrCaseDetail.npaid?epUnionSn=1AA-2507-1308252-2AA-2507-1276816-X610000-04&dutySctnNm=taol,Y,"대구 달서검사소 과장의 응대에 대한 순수 칭찬 민원으로, 실질적인 정보 제공 없이 감사 인사 위주로 구성되어 있다."
111,2025-08-09,59,칭찬(긍정),칭찬합니다,https://www.epeople.go.kr/nep/pttn/gnrlPttn/pttnSmlrCaseDetail.npaid?epUnionSn=1AA-2505-0268793-2AA-2505-0269396-X610000-04&dutySctnNm=taol,Y,"서울본부 내압용기검사(수소전기차 연료시스템 검사) 담당자에 대한 칭찬 민원으로, 검사 취지에 대한 짧은 소개 외에는 실질적 판정 내용 없이 감사 인사 위주로 구성되어 있다."
110,2025-08-09,32,기타,철도차량운전면허 취득 관련 문의,https://www.epeople.go.kr/nep/pttn/gnrlPttn/pttnSmlrCaseDetail.npaid?epUnionSn=1AA-2505-0204756-2AA-2505-0162339-X610000-04&dutySctnNm=taol,Y,"제목은 ""철도차량운전면허 취득""이지만 실제 질의는 무인운전시스템 근무 경력의 운전업무수행경력 인정 여부이며, TS는 철도안전법 시행규칙 별표7의 정의를 근거로 무인운전 근무는 원칙적으로 경력 인정이 어렵고 수동운전 시행 시에만 실제 수동운전시간(합산 4.5시간을 1일로 산정, 1일 평균 운전시간 5시간 이내 기준)을 인정한다고 답했다."
109,2025-08-09,23,기타,스타렉스 뒤쪽 후사경 제거 가능한지요?,https://www.epeople.go.kr/nep/pttn/gnrlPttn/pttnSmlrCaseDetail.npaid?epUnionSn=1AA-2504-1116449-2AA-2504-1122771-X610000-04&dutySctnNm=taol,Y,"스타렉스 뒤쪽 후사경 제거 가능 여부를 문의했고, TS는 후사경·창닦이기 등 시야확보장치는 튜닝승인대상이 아니라고 답하면서도 실제 검사 판정은 검사원이 실차를 확인한 후 이루어진다고 안내했다."
108,2025-08-09,36,기타,"교통안전체험교육센터 ""교육 접수 방식/ 민원 게시판 부재"" 시정 조치 필요 합니다.",https://www.epeople.go.kr/nep/pttn/gnrlPttn/pttnSmlrCaseDetail.npaid?epUnionSn=1AA-2504-1066922-2AA-2504-1110010-X610000-04&dutySctnNm=taol,Y,"제목은 교육 접수방식·민원게시판 부재 문제이나 본문은 개인택시면허 양수교육 추첨제 도입 배경과 가점제 시뮬레이션 결과(3회 낙첨 시 9월에 최초 낙첨자의 90% 이상 당첨 예상 등)를 설명하는 데 집중되어 있으며, 이 통계·설명 문구는 82·83·84번 민원 답변과 사실상 동일한 정형 문구이다. 민원게시판 신설 요청에는 행정 부담을 이유로 실시간 공개는 어렵다고 답했고, 본문이 1500자 지점에서 잘려 마지막 부분은 확인되지 않는다."
107,2025-08-08,44,기타,한국교통안전공단 본사 차량검사(불법여부 궁굼합니다),https://www.epeople.go.kr/nep/pttn/gnrlPttn/pttnSmlrCaseDetail.npaid?epUnionSn=1AA-2505-0207250-2AA-2505-0189148-X610000-04&dutySctnNm=taol,Y,"제목은 ""차량검사 불법여부""이나 실제 질의는 영업용 택시 뒷좌석에 노래방 모니터·본체 설치가 가능한지에 관한 것으로, TS는 자동차검사 기준(시행규칙 제73조·제80조)상 위배로 보기 어렵다고 답하면서도 여객자동차운수사업법·도로교통법 등 위반 여부는 국토부·경찰청 등 소관부처의 검토가 필요하다고 안내했다."
106,2025-08-07,33,기타,교통법규에 대한 질문,https://www.epeople.go.kr/nep/pttn/gnrlPttn/pttnSmlrCaseDetail.npaid?epUnionSn=1AA-2504-0958891-2AA-2504-1052383-X610000-04&dutySctnNm=taol,Y,"제목은 ""교통법규에 대한 질문""으로 포괄적이나 실제 질의는 조수석 등받이 탈거 가능 여부이며, TS는 승차정원에 맞지 않게 승차장치를 탈거한 채 운행하면 자동차관리법 제29조·제34조 위반으로 사료된다고 답했다."
105,2025-08-05,76,칭찬(긍정),칭찬합니다.,https://www.epeople.go.kr/nep/pttn/gnrlPttn/pttnSmlrCaseDetail.npaid?epUnionSn=1AA-2508-0127394-2AA-2508-0123937-X610000-04&dutySctnNm=taol,Y,강원본부 내압용기검사장 방문 관련 정형 감사 인사말.
104,2025-08-05,27,튜닝/구조변경;이륜차,자동차 튜닝에 관한 규정 관련 문의(이륜차 끝단표시등),https://www.epeople.go.kr/nep/pttn/gnrlPttn/pttnSmlrCaseDetail.npaid?epUnionSn=1AA-2507-0624511-2AA-2507-0622898-X610000-04&dutySctnNm=taol,Y,"이륜차 끝단표시등과 보조제동등을 겸용으로 설치할 수 있는지 문의한 건으로, TS는 보조제동등 1개·끝단표시등 2개 이내 설치기준과 겸용 시 시험성적서 필요성을 안내하면서도, 현재 이륜자동차 사무편람에 해당 등화장치 튜닝승인기준이 없어 즉시 승인은 불가하며 추후 사무편람 공지를 참고하라고 답해 확답을 유보했다."
103,2025-08-03,64,튜닝/구조변경,자동차 구조변경,https://www.epeople.go.kr/nep/pttn/gnrlPttn/pttnSmlrCaseDetail.npaid?epUnionSn=1AA-2507-0945861-2AA-2507-0927274-X610000-04&dutySctnNm=taol,Y,"전조등(등화장치) 교체 시 튜닝승인이 필요한지 문의했고, TS는 국토부 고시 「자동차 튜닝에 관한 규정」에 따라 자기인증된 등화장치로 별도 차체변경 없이 안전기준에 맞게 교체하는 경우 경미한 구조·장치에 해당해 튜닝승인 없이 설치가 가능하다고 답했다."
102,2025-08-02,59,시험/자격;칭찬(긍정),한국교통안전공단 항공안전실 항공자격처 김상우 책임연구원을 칭찬합니다.,https://www.epeople.go.kr/nep/pttn/gnrlPttn/pttnSmlrCaseDetail.npaid?epUnionSn=1AA-2504-1067049-2AA-2504-1067347-X610000-04&dutySctnNm=taol,Y,항공자격처 직원 대상 정형화된 감사 인사말. 실질적 정책정보 없음.
101,2025-07-29,20,튜닝/구조변경,CNG 차량의 개조규정에 대한 문의,https://www.epeople.go.kr/nep/pttn/gnrlPttn/pttnSmlrCaseDetail.npaid?epUnionSn=1AA-2507-0853258-2AA-2507-0846495-X610000-04&dutySctnNm=taol,Y,"해치백 차량 뒤쪽 수납공간 하부에 CNG 연료탱크를 설치할 수 있는지 문의했고, TS는 자동차관리법 제29조 및 부품기준 규칙 제17조를 근거로 해당 수납공간도 차실에 해당해 연료탱크의 차실 내 설치로 간주되므로 설치가 불가할 것으로 사료된다고 답했다."
100,2025-07-28,71,튜닝/구조변경;이륜차,이륜차 튜닝 관련 문의,https://www.epeople.go.kr/nep/pttn/gnrlPttn/pttnSmlrCaseDetail.npaid?epUnionSn=1AA-2504-0644283-2AA-2504-0687258-X610000-04&dutySctnNm=taol,Y,미인증 머플러·미인증 등화장치(LED)·후부반사기 탈거 3개 질의 모두 튜닝승인대상(시행규칙 제107조)에 해당한다고 답변.
99,2025-07-28,32,튜닝/구조변경,자동차 구조변경에 대한 문의,https://www.epeople.go.kr/nep/pttn/gnrlPttn/pttnSmlrCaseDetail.npaid?epUnionSn=1AA-2504-0792941-2AA-2504-0796020-X610000-04&dutySctnNm=taol,Y,"제목은 ""자동차 구조변경""이나 실제 질의는 튜닝 등록세 이중납부에 따른 환불 문의이며, TS는 튜닝 등록세가 건당 15,000원임을 안내하고 이중납부 환불 문제는 TS 소관이 아니라 해당 지자체 지방세 담당부서에 문의하라고 안내했다."
98,2025-07-22,36,기타,자동차 특장차량 회전시트관련 불법 여부,https://www.epeople.go.kr/nep/pttn/gnrlPttn/pttnSmlrCaseDetail.npaid?epUnionSn=1AA-2504-0160545-2AA-2504-0265151-X610000-04&dutySctnNm=taol,Y,"회전기능이 있는 특장차량 좌석을 뒤보기 방향으로 설치한 채 도로주행이 가능한지 문의했고, TS는 안전띠가 좌석에서 나오고 회전기능이 인증된 좌석이면 자동차관리법 위반은 아니라고 답하면서도 도로교통법 위반 여부는 별도로 확인해야 한다고 덧붙였다."
97,2025-07-21,90,튜닝/구조변경,자동차 부품 불법개조사항에 대한 민원 문의건,https://www.epeople.go.kr/nep/pttn/gnrlPttn/pttnSmlrCaseDetail.npaid?epUnionSn=1AA-2504-0379064-2AA-2504-0392560-X610000-04&dutySctnNm=taol,Y,"특정 차량의 등화장치 불법개조를 신고하며 검사원 공유 및 부적합 처리를 요청한 건으로, TS는 자기인증된 등화장치는 경미한 구조·장치로 튜닝승인대상에서 제외되지만 해당 차량의 튜닝자료가 없어 정확한 판단은 어렵다고 밝혔고 제보 내용은 교육 등을 통해 공유하겠다고 답했다."
96,2025-07-18,36,시험/자격,드론자격증도 모바일 신분증 등록이 가능하도록 해주세요.,https://www.epeople.go.kr/nep/pttn/gnrlPttn/pttnSmlrCaseDetail.npaid?epUnionSn=1AA-2507-0329543-2AA-2507-0341118-X610000-04&dutySctnNm=taol,Y,"드론 자격증도 모바일 신분증으로 등록해 달라는 건의에 대해, TS는 현재 네이버를 통한 1~4종 자격 조회는 가능하나 교관 수료정보까지 조회되는 블록체인 기반 ""모바일 드론 자격증명"" 앱은 현재 서비스가 중단된 상태이며 올해 하반기 재운영을 목표로 개선 중이라고 답했다."
95,2025-07-17,30,기타,전동 모빌리티(개인형 이동장치 등 명칭 여하 불문) 관련 법령 및 인증 등 관련,https://www.epeople.go.kr/nep/pttn/gnrlPttn/pttnSmlrCaseDetail.npaid?epUnionSn=1AA-2504-0088996-2AA-2504-0323083-X610000-04&dutySctnNm=taol,Y,"제목은 전동 모빌리티 전반을 언급하나 실제 질의는 삼륜형 전기이륜차의 법적 분류 및 인증 절차이며, TS는 자동차관리법상 이륜자동차 정의와 자기인증 의무(제30조)를 설명하고 환경 관련 인증은 TS 소관이 아니라 한국환경공단에 문의하라고 안내했다."
94,2025-07-16,36,시험/자격,제2종전기차량운전면허 구로상설시험장 오전시험난이도,https://www.epeople.go.kr/nep/pttn/gnrlPttn/pttnSmlrCaseDetail.npaid?epUnionSn=1AA-2504-0357788-2AA-2504-0365293-X610000-04&dutySctnNm=taol,Y,"제2종전기차량운전면허 필기시험 난이도에 대한 의견 제기에 대해, TS는 표준교재 기반으로 상 20~30%, 중 50~65%, 하 15~20% 비율로 출제하며 위촉된 시험위원이 검토를 마친 문제를 최종 선정해 시행한다는 구체적 출제 비율을 안내했다."
93,2025-07-15,37,튜닝/구조변경;리콜/하자/환불,튜닝 신청 거절되서 비용 환불 해준다고 했는데,https://www.epeople.go.kr/nep/pttn/gnrlPttn/pttnSmlrCaseDetail.npaid?epUnionSn=1AA-2504-0148149-2AA-2504-0265066-X610000-04&dutySctnNm=taol,Y,"튜닝 신청이 거절되어 비용 환불을 요청한 건으로, TS는 현재 신청 상태가 ""보완요청""이라 환불이 불가하며 신청취소를 해야만 환불이 진행되고 환불기간은 은행에 문의해야 한다고 안내했다."
92,2025-07-11,30,리콜/하자/환불,심각한 차량결함,https://www.epeople.go.kr/nep/pttn/gnrlPttn/pttnSmlrCaseDetail.npaid?epUnionSn=1AA-2504-0167065-2AA-2504-0226932-X610000-04&dutySctnNm=taol,Y,"제목은 ""심각한 차량결함""이며 실제로도 KG모빌리티 토레스 차량의 정차 후 시동불량 현상에 대한 신고로, TS는 해당 건이 자동차리콜센터에 접수되었음을 확인하면서도 정보수집·기술자료 분석 등을 거쳐 조사대상 여부를 결정하는 단계라 확정된 결론은 없다고 밝혔고 수리비 관련 불만은 한국소비자원(1372)에 문의하라고 안내했다."
91,2025-07-10,43,시험/자격,드론교관과정 자격에대한 문의,https://www.epeople.go.kr/nep/pttn/gnrlPttn/pttnSmlrCaseDetail.npaid?epUnionSn=1AA-2504-0302776-2AA-2504-0323253-X610000-04&dutySctnNm=taol,Y,"2020년 취득한 드론(무인멀티콥터) 자격증으로 지도조종자 응시자격에 필요한 기체 인정 범위를 문의했고, TS는 2021년 시행 세칙 부칙 경과조치에 따라 2020년 취득 자격은 1종으로 인정되어 2종 기체로 채운 20시간도 1종 비행경력으로 인정된다고 구체적으로 답했다."
90,2025-07-09,20,기타,CNG 실린더 설치에 관하여 질문이 있습니다.,https://www.epeople.go.kr/nep/pttn/gnrlPttn/pttnSmlrCaseDetail.npaid?epUnionSn=1AA-2507-0024259-2AA-2507-0030995-X610000-04&dutySctnNm=taol,Y,"CNG 실린더(용기)를 차체 하부에 설치할 수 있는지 문의했고, TS는 튜닝 사무편람상 최저지상고 범위 내이고 프레임을 절개하지 않으면 설치가 가능할 수 있다고 안내하면서도 안전기준 등 다른 요건까지 종합 검토해야 해 이 조건만으로 설치 가능 여부를 단정하기는 어렵다고 답해 확답을 유보했다."
89,2025-07-08,33,기타,전기버스운전 안전교육 문의,https://www.epeople.go.kr/nep/pttn/gnrlPttn/pttnSmlrCaseDetail.npaid?epUnionSn=1AA-2504-0060078-2AA-2504-0107514-X610000-04&dutySctnNm=taol,Y,"전기버스 운전을 위한 의무교육 이수 필요 여부를 문의했고, TS는 자체적으로 시행 중인 전기버스 운행을 위한 필수 의무교육은 없으며 참고로 버스운전자 양성교육과정에 대형 전기버스 운전 실습이 일부 포함되어 있다고 안내했다."
88,2025-07-08,25,시험/자격,무인멀티콥터(드론) 3종 필기 응시 자격 승인,https://www.epeople.go.kr/nep/pttn/gnrlPttn/pttnSmlrCaseDetail.npaid?epUnionSn=1AA-2504-0049811-2AA-2504-0061592-X610000-04&dutySctnNm=taol,Y,"무인멀티콥터 3종 필기 응시자격 신청 처리 결과를 문의한 건으로, TS는 조회 결과 해당 신청이 최종 '기각'되었음을 확인해주었고 첨부된 수료증이 인정 서류에 해당하지 않아 불인정되었다며 재신청을 안내했다."
87,2025-07-07,36,시험/자격;안전운임제/화물운송,운전적성정밀검사 및 화물운송종사자격시험  미접수,https://www.epeople.go.kr/nep/pttn/gnrlPttn/pttnSmlrCaseDetail.npaid?epUnionSn=1AA-2504-0058341-2AA-2504-0066997-X610000-04&dutySctnNm=taol,Y,"운전적성정밀검사·화물운송종사자격시험을 현장에서 원스톱으로 접수하지 못해 불편했다는 민원으로, TS는 국가자격시험은 결격사유 본인확인 절차상 현장 접수가 어렵다고 사과하면서도 향후 민원PC·스마트폰을 활용한 접수 지원과 직원 응대 교육을 하겠다고 답했다."
86,2025-07-07,26,튜닝/구조변경;이륜차,5.75인치 이륜차 전조등 튜닝 가능 여부 확인 요청,https://www.epeople.go.kr/nep/pttn/gnrlPttn/pttnSmlrCaseDetail.npaid?epUnionSn=1AA-2503-1042790-2AA-2503-1078600-X610000-04&dutySctnNm=taol,Y,"특정 이륜차 전조등 튜닝 제품의 승인 가능 여부를 사전에 문의한 건으로, TS는 첨부 서류만으로는 판단할 수 없으며 튜닝승인 신청 시 차명·제원 등을 종합 검토한 후 승인 여부가 결정된다고 답해 사전 확답을 하지 않았다."
85,2025-07-07,26,튜닝/구조변경;이륜차,오토바이 2인승 차량 구조변경 관련 규정 불편함,https://www.epeople.go.kr/nep/pttn/gnrlPttn/pttnSmlrCaseDetail.npaid?epUnionSn=1AA-2503-0967634-2AA-2503-1029451-X610000-04&dutySctnNm=taol,Y,"이륜차 좌석에 카울을 씌우는 경우 승차정원 변경 절차를 면제해 달라는 건의로, TS는 손잡이·발걸이가 유지되면 승차정원 감소로 보지 않는다며 첨부 사진상 해당 차량은 튜닝승인대상이 아니라고 답했고, 정원을 실제로 줄이려면 손잡이·발걸이를 모두 탈거해야 한다고 안내했다."
84,2025-07-03,43,양수교육/양성교육,"( 제도개선) 교통안전체험교육센터 ""택시양수교육 접수방식(가산점)시정조치 꼭!! 해주세요",https://www.epeople.go.kr/nep/pttn/gnrlPttn/pttnSmlrCaseDetail.npaid?epUnionSn=1AA-2503-0796269-2AA-2504-0007157-X610000-04&dutySctnNm=taol,Y,"개인택시면허 양수교육 접수방식(가산점) 시정을 요구한 민원으로, TS는 해당 민원인의 실제 교육 접수 이력은 확인되지 않는다고 밝히면서도 일반적 사항으로 추첨가점제 도입 배경과 시뮬레이션 결과(3회 낙첨 시 9월에 최초 낙첨자의 90% 이상 당첨 예상)를 설명했는데, 이 통계·설명 문구는 82·83·108번 민원 답변과 사실상 동일한 정형 문구이며 본문이 1500자 지점에서 잘려 뒷부분은 확인되지 않는다."
83,2025-07-03,57,양수교육/양성교육,개인택시 양수교육 온라인 신청방법개선필요,https://www.epeople.go.kr/nep/pttn/gnrlPttn/pttnSmlrCaseDetail.npaid?epUnionSn=1AA-2503-0946878-2AA-2504-0007377-X610000-04&dutySctnNm=taol,Y,"개인택시 양수교육 온라인 신청방법 개선을 요청한 민원으로, TS는 추첨가점제 통계(3회 낙첨 시 9월 최초 낙첨자의 90% 이상 당첨 예상 등, 82·84·108번과 동일한 정형 설명)와 함께 해당 민원인이 신청한 기수의 경쟁률(101명, 3.16:1로 전체 평균 3.50:1보다 낮음)을 구체적으로 제시했으나, 본문이 1500자에서 잘려 이후 내용은 확인되지 않는다."
82,2025-07-03,29,양수교육/양성교육,양수교육 선발 방식 개선 요청(심각히 검토 부탁 요청드립니다.),https://www.epeople.go.kr/nep/pttn/gnrlPttn/pttnSmlrCaseDetail.npaid?epUnionSn=1AA-2503-1132028-2AA-2504-0026579-X610000-04&dutySctnNm=taol,Y,"양수교육 선발방식(자동선발제·추첨가점 확대·계약자 우선·유효기간 단축) 개선을 요청한 민원으로, TS는 자동선발제는 센터·날짜 선택권 침해 우려, 계약자 우선은 형평성 문제를 이유로, 유효기간은 이미 '24.3월에 3년에서 1년으로 단축되어 추가 단축 시 매물 부족 등 어려움이 있다는 이유로 대부분 수용하지 않았고, 84·83·108번과 동일한 추첨가점제 시뮬레이션 통계를 반복 인용했으며 본문이 1500자에서 잘려 있다."
81,2025-07-02,26,기타,사하검사소,https://www.epeople.go.kr/nep/pttn/gnrlPttn/pttnSmlrCaseDetail.npaid?epUnionSn=1AA-2503-0876670-2AA-2503-0876777-X610000-04&dutySctnNm=taol,Y,"부산 사하검사소 이용 경험에 대한 순수 칭찬 민원으로, 실질적 정보 없이 감사 인사로만 구성되어 있다."
80,2025-07-02,56,기타,교통안전공단에서 미리 대처했다면 막을 수 있었 일이..,https://www.epeople.go.kr/nep/pttn/gnrlPttn/pttnSmlrCaseDetail.npaid?epUnionSn=1AA-2503-0980606-2AA-2503-0979668-X610000-04&dutySctnNm=taol,Y,"제목은 공단의 사전 대처 미흡을 강하게 비판하는 어조이나 실제 질의는 국가자격시험 기출문제 유통과 관련한 개인정보 수집(사칭) 의혹이며, TS는 2024년 7월 접수된 민원 이후 공단 사칭·개인정보 수집에 대해 홈페이지에 경고 공지를 했고 시험문제 자체 유출은 불가능하며 수험자가 시험 후 암기해 복원한 것으로 추정된다고 밝혔고, 경찰 등 조사 결과에 따라 추후 조치할 예정이라며 최종 결론은 유보했다."
79,2025-07-01,24,튜닝/구조변경,트럭에서 사용하는 텐트의 정의,https://www.epeople.go.kr/nep/pttn/gnrlPttn/pttnSmlrCaseDetail.npaid?epUnionSn=1AA-2506-0412218-2AA-2506-0446334-X610000-04&dutySctnNm=taol,Y,"루프탑텐트 설치 위치에 따른 튜닝승인 기준 문의에 대해, TS는 자동차관리법 제2조와 시행규칙 제55조를 근거로 주차 후 설치하는 꼬리텐트는 적재물로 승인대상이 아니나 차체에 고정해 운행하는 루프탑텐트는 부착물로 승인대상이며, 단순 텐트 설치만으로는 캠핑용자동차 튜닝 승인이 불가하다고 답변함."
78,2025-06-25,17,튜닝/구조변경,CNG 개조 시 실린더 설치에 대해 질문이 생겼습니다,https://www.epeople.go.kr/nep/pttn/gnrlPttn/pttnSmlrCaseDetail.npaid?epUnionSn=1AA-2506-0582631-2AA-2506-0724787-X610000-04&dutySctnNm=taol,Y,"해치백 차량의 차실 내 CNG 연료탱크 설치 가능 여부 문의에, TS는 자동차관리법 제29조 및 자동차 성능기준 규칙 제17·23조를 근거로 해치백은 승차공간과 수납공간이 분리되지 않은 동일 차실에 해당하므로 차실 내 CNG탱크 설치는 허용 불가하다고 판정함."
77,2025-06-20,34,양수교육/양성교육;예약/시스템오류,개인택시 양수교육과정 신청 시 에러발생,https://www.epeople.go.kr/nep/pttn/gnrlPttn/pttnSmlrCaseDetail.npaid?epUnionSn=1AA-2503-0388353-2AA-2503-0388809-X610000-04&dutySctnNm=taol,Y,"2025년 2분기 개인택시 양수교육 신청 시스템 오류에 대한 항의로, TS는 홈페이지 개편 후 발생한 접수 오류를 복구·중복방지 조치했으며 추첨은 접수시간·취소여부와 무관한 무작위 방식(낙첨 가점만 반영)임을 설명하며 사과함."
76,2025-06-19,60,양수교육/양성교육,한국교통안전공단에서 시행하고있는 10일 신규버스운전자양성교육과정에 관해서,https://www.epeople.go.kr/nep/pttn/gnrlPttn/pttnSmlrCaseDetail.npaid?epUnionSn=1AA-2506-0221259-2AA-2506-0280830-X610000-04&dutySctnNm=taol,Y,"신규 버스운전자 양성교육과정 접수 관련 건의에 대해, TS는 불편에 사과하고 교육기회 확대를 위해 전북 익산에 제3 교통안전체험교육센터를 건립 중이며 관련 법 개정으로 수요 분산을 추진하겠다고 답변함."
75,2025-06-18,23,튜닝/구조변경,이륜자동차 튜닝 승인 절차에 대하여,https://www.epeople.go.kr/nep/pttn/gnrlPttn/pttnSmlrCaseDetail.npaid?epUnionSn=1AA-2503-0331545-2AA-2503-0332847-X610000-04&dutySctnNm=taol,Y,"제목은 '이륜자동차 튜닝 승인 절차'이나 실제 본문은 제원관리번호 제공 요청 건으로, TS는 공공기관 정보공개법 제9조제1항 6·7호(개인·영업비밀 정보)를 근거로 제3자 제공이 불가하다고 답변함(제목과 본문 내용 불일치)."
74,2025-06-11,47,안전운임제/화물운송,교통 및 화물자동차 운수사업 관련 법규 관련 질의 2차,https://www.epeople.go.kr/nep/pttn/gnrlPttn/pttnSmlrCaseDetail.npaid?epUnionSn=1AA-2502-0913503-2AA-2502-0922089-X610000-04&dutySctnNm=taol,Y,"이전 답변(2AA-2051-0406868)의 도로교통법 관련 서술 일부를 삭제해달라는 재요청에, TS는 자신이 도로교통법 주관부서가 아니어서 참고자료 리뉴얼 시 해당 내용을 제외할 예정이며 법 해석 자체는 답변할 권한이 없다고 밝힘."
73,2025-06-06,40,안전운임제/화물운송,화물운송종사자 취득,https://www.epeople.go.kr/nep/pttn/gnrlPttn/pttnSmlrCaseDetail.npaid?epUnionSn=1AA-2502-0883383-2AA-2502-0891251-X610000-04&dutySctnNm=taol,Y,"화물자동차 운수사업법 제9조에 따른 자격 결격사유(2년·5년) 제한기간의 단축·감면 방법 문의에, TS는 해당 법조항에 감면 규정이 존재하지 않는다고 답변함(단축 불가)."
72,2025-06-06,20,기타,TS 교통안전 공단 대전 중구 계롱로876,https://www.epeople.go.kr/nep/pttn/gnrlPttn/pttnSmlrCaseDetail.npaid?epUnionSn=1AA-2502-0762842-2AA-2502-0828895-X610000-04&dutySctnNm=taol,Y,"제목은 단순 주소('대전 중구 계롱로876')이나 실제 내용은 철도차량 운전면허 기능시험 평가장비(프로젝터) 화질 개선 요청으로, TS는 점검 결과 4K UHD 프로젝터의 휘도·해상도 등에 이상이 없음을 확인했다고 답변함(제목과 본문 내용 불일치)."
71,2025-06-05,40,튜닝/구조변경;이륜차,오토바이 구조변경을 하고싶어서요.,https://www.epeople.go.kr/nep/pttn/gnrlPttn/pttnSmlrCaseDetail.npaid?epUnionSn=1AA-2503-0056976-2AA-2503-0092948-X610000-04&dutySctnNm=taol,Y,"오토바이 머플러 구조변경 문의로, TS는 신청번호 1AA-2503-0056862 건과 질의가 동일하다며 이륜자동차 튜닝승인 절차와 시행규칙 제108조상 제출서류를 안내하는 정형 답변을 반복함(no.69 항목과 문구가 사실상 동일한 템플릿 답변)."
70,2025-06-05,19,시험/자격,자격유지검사의 이동버스 할당,https://www.epeople.go.kr/nep/pttn/gnrlPttn/pttnSmlrCaseDetail.npaid?epUnionSn=1AA-2505-1241654-2AA-2506-0051291-X610000-04&dutySctnNm=taol,Y,"자격유지검사 이동버스의 지역별 배정기준 문의에, TS는 검사장 접근성·운수종사자 수·고령자 비율·지자체 요청 등을 종합해 선정한다고 설명하고, 진주시에는 9월 3주(9.17~9.19) 추가 이동검사를 예고함."
69,2025-06-04,36,튜닝/구조변경;이륜차,오토바이 구조변경 승인 요청드립니다.,https://www.epeople.go.kr/nep/pttn/gnrlPttn/pttnSmlrCaseDetail.npaid?epUnionSn=1AA-2503-0056862-2AA-2503-0065975-X610000-04&dutySctnNm=taol,Y,"바이크 머플러 구조변경 검토 요청 건으로, TS는 이륜자동차 튜닝승인 절차(승인 10일→작업→45일 이내 확인)와 시행규칙 제108조 제출서류를 안내함(no.71 항목과 문구가 사실상 동일한 정형 템플릿 답변)."
68,2025-05-25,39,안전운임제/화물운송,교통 및 화물자동차 운수사업 관련 법규 관련 질의,https://www.epeople.go.kr/nep/pttn/gnrlPttn/pttnSmlrCaseDetail.npaid?epUnionSn=1AA-2502-0527410-2AA-2502-0534056-X610000-04&dutySctnNm=taol,Y,"도로교통법 관련 법규집 기재 근거·판례 확인 요청에, TS는 도로교통법 제2·68조와 대법원 2008.5.14. 선고 2007도9598 판결을 안내하되 일부 판례는 확인이 어려워 주무기관인 경찰청에 문의할 것을 안내함(TS 소관 아님, 타기관 안내)."
67,2025-05-19,49,튜닝/구조변경;이륜차,이륜차 경미한 튜닝 사항 관련 문의드립니다.,https://www.epeople.go.kr/nep/pttn/gnrlPttn/pttnSmlrCaseDetail.npaid?epUnionSn=1AA-2505-0417606-2AA-2505-0397705-X610000-04&dutySctnNm=taol,Y,"이륜차 핸들라이저·업킷의 튜닝승인 대상 여부 문의에, TS는 이들이 조향장치에 해당해 변경·설치 시 튜닝승인 대상이라고 답변함(경미한 튜닝이 아니며 승인 필요)."
66,2025-05-13,35,기타,기계식주차장 자체점검결과표 출력 개선 요청,https://www.epeople.go.kr/nep/pttn/gnrlPttn/pttnSmlrCaseDetail.npaid?epUnionSn=1AA-2503-0822707-2AA-2503-0816027-X610000-04&dutySctnNm=taol,Y,"기계식주차장 자체점검 결과표 출력 시 다른 내용이 출력되는 시스템 오류 신고에 대해, TS는 정상 출력되도록 조치를 완료했다고 답변함."
65,2025-05-12,35,기타,화물차 증톤관련 문의 드립니다.,https://www.epeople.go.kr/nep/pttn/gnrlPttn/pttnSmlrCaseDetail.npaid?epUnionSn=1AA-2502-0233160-2AA-2502-0358314-X610000-04&dutySctnNm=taol,Y,"화물차의 출고 당시 증톤 여부 및 적재량 변경 여부 문의에, TS는 자동차관리법 제29·34조 및 시행규칙 제55조를 근거로 해당 차량이 가변축 설치로 증톤되었고 냉동탑 설치로 최대적재량이 2,600kg으로 변경된 것을 확인했다고 답변함(구체적 수치 확인)."
64,2025-05-12,28,튜닝/구조변경,튜닝 관련 캘리퍼 교체에 따른 '경미한 구조' 해당 여부 확인을 문의 드립니다.,https://www.epeople.go.kr/nep/pttn/gnrlPttn/pttnSmlrCaseDetail.npaid?epUnionSn=1AA-2502-0242195-2AA-2502-0268167-X610000-04&dutySctnNm=taol,Y,"팰리세이드 캘리퍼를 제네시스 G70·기아 스팅어 캘리퍼로 교체 시 '경미한 구조'(승인·검사 면제) 해당 여부 문의에, TS는 자기인증된 캘리퍼·부속장치 교체는 경미한 튜닝으로 승인이 불필요하나 안전기준 적합 여부는 검사 시 실차로 확인해야 한다고 답변함."
63,2025-05-11,58,양수교육/양성교육,개인택시 양수교육 선발 방식 개선 요청: 재응시자 우선 배정 및 실효성 강화,https://www.epeople.go.kr/nep/pttn/gnrlPttn/pttnSmlrCaseDetail.npaid?epUnionSn=1AA-2504-1066923-2AA-2504-1109934-X610000-04&dutySctnNm=taol,Y,"개인택시 양수교육 선발방식 개선(누적탈락자 자동선발, 양수예정자 우선선발 등 4개 제안) 요청에, TS는 자동선발 제안은 추첨가점제가 이미 1년 이내 대부분(3회 낙첨 시 90% 이상) 당첨되도록 설계돼 제도변경이 어렵다고 답했고 우선선발 제안은 형평성·브로커 개입 우려를 설명하는 도중, 제공된 본문 자체가 중간에 잘려 있어 나머지 제안에 대한 답변과 최종 결론은 확인할 수 없음."
62,2025-05-06,36,예약/시스템오류,운수종사자 관리 시스템 문의,https://www.epeople.go.kr/nep/pttn/gnrlPttn/pttnSmlrCaseDetail.npaid?epUnionSn=1AA-2501-0833071-2AA-2501-0878371-X610000-04&dutySctnNm=taol,Y,"운수종사자관리시스템에서의 면허 등 개인정보 등록 관련 문의에, TS는 여객자동차법 제22조의2·76조 등에 근거해 국토교통부로부터 위탁받아 시스템을 운영하며 경찰청으로부터 교통사고·법규위반·운전면허 정보를 수신·관리한다고 설명하고, 개인정보 없이는 조회가 불가하다고 답변함."
61,2025-05-04,38,이륜차,이륜차 승차 인원 관련 문의 사항이 있습니다.,https://www.epeople.go.kr/nep/pttn/gnrlPttn/pttnSmlrCaseDetail.npaid?epUnionSn=1AA-2501-0701153-2AA-2501-0709838-X610000-04&dutySctnNm=taol,Y,"이륜차(MTM890D) 리어캐노피 탈부착 시 튜닝승인 필요 여부 문의에, TS는 리어캐노피가 승차장치로 원칙상 승인대상이나 승차인원 변경이 없는 시트 변경은 경미한 튜닝으로 승인이 불필요하며, 승차정원 변경이나 손잡이·발걸이 변경이 수반되면 승인 절차가 필요하다고 답변함."
60,2025-04-29,53,시험/자격,초경량비행장치(드론) 실기 상설시험장 개설,https://www.epeople.go.kr/nep/pttn/gnrlPttn/pttnSmlrCaseDetail.npaid?epUnionSn=1AA-2504-0934786-2AA-2504-0942769-X610000-04&dutySctnNm=taol,Y,"충남 지역 초경량비행장치(드론) 상설 실기시험장 추가 개설 요청에, TS는 현재 전국 13개소(충남은 청양 1개소) 운영 중이며 응시인원이 2021년 이후 지속 감소해 올해부터 3개소(부여·진주·진안)를 운영 중단했다는 통계를 근거로 신규 개설이 현실적으로 어렵다고 답변함(구체적 시험장 수·감소 추세 통계 포함, 사실상 거절)."
59,2025-04-24,23,기타,운전적성정밀검사 알림톡 내용을 바꾸는 것을 건의드립니다.,https://www.epeople.go.kr/nep/pttn/gnrlPttn/pttnSmlrCaseDetail.npaid?epUnionSn=1AA-2504-0625942-2AA-2504-0631391-X610000-04&dutySctnNm=taol,Y,"제목은 '알림톡 내용 변경 건의'이나 실제 본문은 오전 운전적성정밀검사 접수·검사시작 시간 조정 요청으로, TS는 전 검사장의 오전 접수 시작시간을 점검했고 알림문자 안내는 기존 예약자 이후부터 반영될 예정이라고 답변함(제목과 본문 내용 불일치)."
58,2025-04-22,32,리콜/하자/환불,자덩차 브레이크 결함에대하여,https://www.epeople.go.kr/nep/pttn/gnrlPttn/pttnSmlrCaseDetail.npaid?epUnionSn=1AA-2501-0272615-2AA-2501-0431000-X610000-04&dutySctnNm=taol,Y,"현대 포터2 차량의 장기 주차 시 진공압력 누기로 인한 제동페달 경화 현상이 제작결함인지 문의한 건에, TS는 자동차리콜센터에 유사 접수사례가 없어 공통성·안전영향 여부를 현재로서는 판단하기 어렵다고 밝히며 지속 모니터링 후 조사여부를 결정하겠다고 답변하고, 수리비 등 소비자 피해구제는 한국소비자원 소관이라고 안내함(TS 스스로 확답 어려움을 밝힘, 타기관 안내 병행)."
57,2025-04-15,31,튜닝/구조변경,이륜자동차에 달린 탑박스 제조사에서 판매하는 일체형 보조제동등의 경우 구조변경 관련여부 문의드립니다.,https://www.epeople.go.kr/nep/pttn/gnrlPttn/pttnSmlrCaseDetail.npaid?epUnionSn=1AA-2501-0199457-2AA-2501-0214856-X610000-04&dutySctnNm=taol,Y,"유럽인증 보조제동등이 내장된 이륜차 탑박스 설치의 튜닝승인 대상 여부 문의에, TS는 등화장치로서 튜닝승인 대상이며 필요서류(제원대비표, 외관도, 설계도, 시험성적서 등)를 안내하고, 국내인증 관련 문의는 공단 내 시험인증처 또는 자동차안전연구원으로 안내함."
56,2025-04-11,44,튜닝/구조변경,자동차 구조변경관련문의 드립니다.,https://www.epeople.go.kr/nep/pttn/gnrlPttn/pttnSmlrCaseDetail.npaid?epUnionSn=1AA-2504-0020981-2AA-2504-0029576-X610000-04&dutySctnNm=taol,Y,"제작사 정품 퍼포먼스 배기 설치 시 튜닝승인 대상 여부 문의에, TS는 자기인증된 소음방지장치 변경은 경미한 구조·장치로 승인대상에서 제외되나 가변밸브가 있으면 승인대상이며 소음방지장치를 거치지 않는 직관 형태는 설치 자체가 불가하다고 답변함."
55,2025-04-03,46,양수교육/양성교육,교통안전공단의 개인택시양수교육 접수문의,https://www.epeople.go.kr/nep/pttn/gnrlPttn/pttnSmlrCaseDetail.npaid?epUnionSn=1AA-2503-1126964-2AA-2504-0026601-X610000-04&dutySctnNm=taol,Y,"개인택시 양수교육 접수 시 자격증·경력 진위확인 절차와 2분기 경쟁률 상승(사업용운전자 개입 의혹)에 대한 문의에, TS는 접수 제한은 없으나 특이사항을 상시 모니터링 중이라 답하며 제3센터(전북 익산) 건립 등 교육기회 확대 계획을 안내함(no.76 항목과 유사한 설명이 반복됨)."
54,2025-03-31,45,기타,미성년자 이름으로 생활자금대출,https://www.epeople.go.kr/nep/pttn/gnrlPttn/pttnSmlrCaseDetail.npaid?epUnionSn=1AA-2412-0710586-2AA-2412-0782582-X610000-04&dutySctnNm=taol,Y,"자동차사고 피해가정 유자녀 대상 무이자 생활자금대출을 미성년자 명의로 신청할 수 있는지 문의한 건에, TS는 친권자·법정대리인 신청으로 가능하며 대출금 사용처는 사생활 보호상 관리하지 않는다고 답변하고, 해당 업무가 2025.1.1자로 자동차손해배상진흥원으로 이관되었음을 안내함."
53,2025-03-27,91,튜닝/구조변경,불법 개조 여부 문의,https://www.epeople.go.kr/nep/pttn/gnrlPttn/pttnSmlrCaseDetail.npaid?epUnionSn=1AA-2503-0583167-2AA-2503-0578105-X610000-04&dutySctnNm=taol,Y,"자동차 뒷면에 보조제동등을 추가 설치한 것이 불법개조인지 문의한 건에, TS는 제공 사진을 검토한 결과 보조제동등 2개가 수직중심선상에 설치되어 성능기준 규칙 제43조에 부적합함을 확인하고, 자동차관리법 위반 소지가 있어 관할 시장·군수·구청장의 원상복구명령 검토사항이라고 판정함."
52,2025-03-27,42,시험/자격;양수교육/양성교육,버스운전자격증 자격조건 관련해서 컴플레인입니다.,https://www.epeople.go.kr/nep/pttn/gnrlPttn/pttnSmlrCaseDetail.npaid?epUnionSn=1AA-2412-0660662-2AA-2412-0686655-X610000-04&dutySctnNm=taol,Y,"버스운전자격 취득요건 완화 요청에 대해, TS는 필기시험(60점 이상) 또는 체험교육(이론·실기 60점 이상)의 기존 취득경로와 운전면허 보유기간 미달자를 위한 10일간 신규 버스운전자 양성교육 제도를 안내하는 데 그치고 별도의 요건 완화 조치는 제시하지 않음."
51,2025-03-27,32,기타,자동차안전검사지역,https://www.epeople.go.kr/nep/pttn/gnrlPttn/pttnSmlrCaseDetail.npaid?epUnionSn=1AA-2412-0617240-2AA-2412-0686649-X610000-04&dutySctnNm=taol,Y,"천안·아산지역 특장차 제작사 밀집을 이유로 한 계속검사(안전검사) 검사소 설치 요청에, TS는 천안검사소가 안전검사시설을 갖추지 못해 현재 계속검사가 불가하며, 부지 협소·예산 등 현실적 어려움으로 검토를 진행 중이나 확정하기 어렵다고 답변함(검토 중이며 확답 곤란함을 밝힘)."
50,2025-03-25,26,튜닝/구조변경,승용밴 차량도 격벽설치가 의무인가요?,https://www.epeople.go.kr/nep/pttn/gnrlPttn/pttnSmlrCaseDetail.npaid?epUnionSn=1AA-2503-0645771-2AA-2503-0691752-X610000-04&dutySctnNm=taol,Y,"승용 겸 화물형 승용자동차(밴형)의 격벽 설치가 의무인지 문의한 건에, TS는 밴형 화물자동차 제작기준을 준용해 격벽 미설치 시 화물 이동으로 안전운전에 지장을 줄 우려가 있어 격벽 설치가 의무라고 답변함."
49,2025-03-16,32,기타,운수종사자 사이트(drv.kotsa.or.kr) 간편인증만 배제한채 공동인증서만의 사용을 강요하는게 시대 역행하는거 아닌가요??,https://www.epeople.go.kr/nep/pttn/gnrlPttn/pttnSmlrCaseDetail.npaid?epUnionSn=1AA-2412-0279847-2AA-2412-0332829-X610000-04&dutySctnNm=taol,Y,"운수종사자 사이트(drv.kotsa.or.kr)가 공동인증서만 지원하고 간편인증을 배제한 것에 대한 불만 제기에, TS는 개인정보 안전성 확보조치 기준에 따라 인증서 사용이 규정돼 있다고 설명하면서 간편인증 등 접속수단 추가는 예산·기간이 필요한 개발 과제로 적극 검토하겠다는 원론적 답변에 그침(확정된 도입 계획 없음)."
48,2025-03-13,84,기타,경찰한테  자료를  받았다고   한국교통안전공단에서  답변하는데요.  경찰에는  여러  행정부서들이  있습니다.,https://www.epeople.go.kr/nep/pttn/gnrlPttn/pttnSmlrCaseDetail.npaid?epUnionSn=1AA-2412-0137452-2AA-2412-0167605-X610000-04&dutySctnNm=taol,Y,"경찰이 입력한 법규위반 정보의 등록 주체·부서를 확인해달라는 문의(본문상 민원 요지는 '보수교육(사면) 관련 문의'로 재구성되어 제목과 다소 다르게 서술됨)에, TS는 경찰이 입력한 사실 정보를 수신할 뿐 입력 주체·운영부서는 확인 불가하니 경찰청에 문의하라고 안내함(TS 소관 아님, 타기관 안내)."
47,2025-03-12,28,기타,철도장비 차량 및 구간 인증,https://www.epeople.go.kr/nep/pttn/gnrlPttn/pttnSmlrCaseDetail.npaid?epUnionSn=1AA-2503-0101521-2AA-2503-0103419-X610000-04&dutySctnNm=taol,Y,"철도차량 운전면허 구간인증 내역 확인 요청에 대해, TS는 해당 내역을 조회해 메일로 발송했다고만 답변하여 별도의 판단이나 법령 해석 등 실질적 정보는 포함되어 있지 않음(단순 처리결과 통보)."
46,2025-03-05,27,시험/자격,행글라이더 조종사 자격증 응시 가능 시기,https://www.epeople.go.kr/nep/pttn/gnrlPttn/pttnSmlrCaseDetail.npaid?epUnionSn=1AA-2411-0973276-2AA-2411-1033124-X610000-04&dutySctnNm=taol,Y,"행글라이더 조종자 증명 응시 가능 시기 문의에, TS는 응시기준(비행시간 총 180시간, 지도조종자 동승 20회 이상 포함)을 안내하면서도 지도조종자 등 인프라 부족으로 현재 시험이 사실상 운영되지 않고 있다고 밝히고, 2025년 상반기 조종교육교관과정 개설, 하반기 실기시험 운영을 추진 중이라는 계획을 제시함."
45,2025-03-05,29,기타,귀국 이삿짐 (차량) 관련 문의드립니다.,https://www.epeople.go.kr/nep/pttn/gnrlPttn/pttnSmlrCaseDetail.npaid?epUnionSn=1AA-2502-0915360-2AA-2502-0922418-X610000-04&dutySctnNm=taol,Y,"이사화물로 들여온 차량의 신규검사 방법 문의에, TS는 시행규칙 제73·76조 및 별표15에 따라 실측 제원을 참고해 검사하되, 실차 높이가 기존 제원보다 높아 등화장치 안전기준에 영향을 미치면 부적합 판정될 수 있고 등록 이후에도 제원 변경 여부가 계속 확인된다고 답변함."
44,2025-03-02,27,기타,철제로된 범퍼,https://www.epeople.go.kr/nep/pttn/gnrlPttn/pttnSmlrCaseDetail.npaid?epUnionSn=1AA-2411-0939837-2AA-2411-1042810-X610000-04&dutySctnNm=taol,Y,"범퍼 하단 철제 부착물 설치가 튜닝승인 대상인지와 그 상태로 검사가 가능한지를 문의한 건으로, TS는 제원허용차(중량 ±60kg)를 넘으면 자동차관리법 제29조·제34조에 따른 튜닝승인 대상이며, 검사 시 시행규칙 제73조·별표15상 돌출부 등 기준에 위배되지 않으면 부적합 대상이 아니라고 안내함."
43,2025-02-28,34,시험/자격,항공교통안전관리자 시험장,https://www.epeople.go.kr/nep/pttn/gnrlPttn/pttnSmlrCaseDetail.npaid?epUnionSn=1AA-2411-0914218-2AA-2411-0920980-X610000-04&dutySctnNm=taol,Y,"교통안전관리자 자격시험 일정 추가 개설을 요청한 민원으로, TS는 12.23~26 기간 일부 시험장 추가 운영 계획과 2차 추가계획 확인 방법을 안내하고 운영인력 한계로 좌석이 제한된 점에 양해를 구함."
42,2025-02-27,44,기타,한국교통안전공단에서 답변한 아래는 당초제기한 민원사항에 대한 답변사항이 하나도 없으니 다시 답변해  보통우편으로도 보내 주세요,https://www.epeople.go.kr/nep/pttn/gnrlPttn/pttnSmlrCaseDetail.npaid?epUnionSn=1AA-2411-0694900-2AA-2411-0705081-X610000-04&dutySctnNm=taol,Y,"화물차 운수종사자 벌점기록 관련 이전 답변이 부실하다며 재답변·서면 발송을 요구한 민원이나, 본문은 그 지적에 대한 언급 없이 화물자동차법 제10조의2·사면법 제5조제2항 및 법제처 해석례(16-0321)를 근거로 사면되어도 벌점 등 기왕의 효과는 소멸하지 않아 공단이 임의 삭제할 수 없고 경찰청 문의가 필요하다는 기존 논리를 반복함(제목과 본문 간 괴리)."
41,2025-02-18,28,기타,한국교통안전공단의 전산에는 아래 의 것이 어떻게 돼 있는지요,https://www.epeople.go.kr/nep/pttn/gnrlPttn/pttnSmlrCaseDetail.npaid?epUnionSn=1AA-2411-0639807-2AA-2411-0638477-X610000-04&dutySctnNm=taol,Y,"전산상 벌점기록 확인 방법을 문의한 건으로, TS는 화물자동차법 제10조의2에 따른 경찰청 벌점자료 수신·관리 체계를 설명하고 경력내역서는 운수종사자관리시스템(drv.kotsa.or.kr)에서 본인인증 후 직접 확인 가능하다고 안내함(no40·no42와 도입부 법령설명이 동일한 정형 문구)."
40,2025-02-18,89,기타,이  민원에  대한  답변문서를  보통우편으로도   보내  주세요.한국 교통안전공단에서  갖고  있는  자료에  민원인의  도로교통법 위반사건에대해,https://www.epeople.go.kr/nep/pttn/gnrlPttn/pttnSmlrCaseDetail.npaid?epUnionSn=1AA-2411-0397073-2AA-2411-0416449-X610000-04&dutySctnNm=taol,Y,"도로교통법 위반사건 자료의 우편 발송을 요청한 민원(우편 요청 자체는 본문에서 언급되지 않음)으로, TS는 화물자동차법 시행규칙 제53조제3항을 근거로 민원인의 2017년 위반은 말소, 2018년 위반은 사면 처리되었으나 사면으로도 기성의 효과(경력 산정)는 소멸하지 않는다고 답변함."
39,2025-02-15,25,튜닝/구조변경;이륜차,사이드카 구변문의,https://www.epeople.go.kr/nep/pttn/gnrlPttn/pttnSmlrCaseDetail.npaid?epUnionSn=1AA-2411-0138222-2AA-2411-0254901-X610000-04&dutySctnNm=taol,Y,"이륜차 측차(사이드카) 튜닝 가능 여부 문의. TS는 자동차관리법 제34조(제52조 준용)·시행규칙 제107조에 따라 측차는 튜닝승인 대상이며, 제작사가 동일 차체·차대로 측차형을 함께 생산한 차종(예: 우랄 등)에 한해서만 승인이 가능하다고 안내함."
38,2025-02-12,23,이륜차,사이드카 문의,https://www.epeople.go.kr/nep/pttn/gnrlPttn/pttnSmlrCaseDetail.npaid?epUnionSn=1AA-2411-0138011-2AA-2411-0214033-X610000-04&dutySctnNm=taol,Y,"이륜차 사이드카 설치 문의로 no39와 사실상 동일 주제·동일 결론의 정형 답변임. TS는 총중량·승차정원 증가가 없고 제작사가 이륜형·삼륜(측차)형을 모두 생산한 차종에 한해 조건부 허용되며, 순정 제작사 제품이 아닌 후장착 사이드카는 현재 기준상 설치가 불가하다고 답변함."
37,2025-01-30,41,시험/자격,한국어린이안전재단 2024년 카시트 무상보급 자격기준 형평성에 대한 민원 제기,https://www.epeople.go.kr/nep/pttn/gnrlPttn/pttnSmlrCaseDetail.npaid?epUnionSn=1AA-2410-0778717-2AA-2410-0800123-X610000-04&dutySctnNm=taol,Y,저소득층 대상 카시트 무상보급 사업의 신청제외 대상(외제차 등) 형평성을 제기한 민원. TS는 신청제외 등 선정기준이 한국어린이안전재단 규정에 따라 관리되므로 해당 재단으로 문의하라고 안내함(TS 소관 외 타 기관 이관).
36,2025-01-23,41,기타,"어린이 통학차량 원상복구, 대행 아니면 방법이 없는데, 방법을 만들어 주세요.",https://www.epeople.go.kr/nep/pttn/gnrlPttn/pttnSmlrCaseDetail.npaid?epUnionSn=1AA-2410-0642797-2AA-2410-0780844-X610000-04&dutySctnNm=taol,Y,"어린이통학차량 원상복구 튜닝을 대행업체 없이 할 수 있는 방법을 만들어달라는 제도개선 요청. TS는 자동차관리법 제29조·제34조·시행규칙 제55조를 근거로 사이버검사소 신청 후 정비허가업체 작업·전산입력이 필요하다는 기존 절차만 안내하고, 민원인이 요구한 대행 없는 대안 마련 자체에는 직접 응하지 않음."
35,2025-01-23,88,기타,[TS달서자동차검사소] 너무 억울하고 답답해서 민원 올립니다.,https://www.epeople.go.kr/nep/pttn/gnrlPttn/pttnSmlrCaseDetail.npaid?epUnionSn=1AA-2410-0497102-2AA-2410-0526100-X610000-04&dutySctnNm=taol,Y,검사 중 발생한 차량 썬팅 스크래치 배상을 요구한 민원. 검사소장은 서비스 미흡을 사과하면서도 자동차관리법 시행규칙 제73조·별표15상 정상 검사절차 중 검사원 과실이 없다면 사후 보상은 어렵다며 과실 여부에 대한 객관적 판단이 필요하다고 답변함(사실상 보상 곤란 취지).
34,2025-01-11,36,기타,자동차 관리법등 큐닝에 관하여 질의드립니다,https://www.epeople.go.kr/nep/pttn/gnrlPttn/pttnSmlrCaseDetail.npaid?epUnionSn=1AA-2410-0104064-2AA-2410-0130846-X610000-04&dutySctnNm=taol,Y,"튜닝·자기인증 관련 9개 세부질의(휠 규격 호환성, 자기인증 요건, 최대적재량 산정 등)에 대한 종합 답변. 무승인 튜닝 운행 시 자동차관리법 제81조에 따라 1년 이하 징역 또는 1천만원 이하 벌금 대상이 될 수 있다고 안내하고, 휠 볼트 호환성과 차량등록 문의는 각각 제작사·차량등록사업소로 이관함(본문이 답변 도중 끊겨 있어 뒷부분은 확인 불가)."
33,2025-01-08,33,기타,경량항공기 비행시간이 항공기 비행경력으로 인정되는가?,https://www.epeople.go.kr/nep/pttn/gnrlPttn/pttnSmlrCaseDetail.npaid?epUnionSn=1AA-2409-0916005-2AA-2409-1084350-X610000-04&dutySctnNm=taol,Y,"경량항공기 비행경력이 일반 항공기 비행경력으로 인정되는지 문의. TS는 자가용조종사 자격 취득 시 경량항공기 경력의 일부(3분의 1 또는 10시간 중 적은 시간)만 인정되며, 항공기 500시간과 경량항공기 500시간은 서로 다른 자격의 별개 경력으로 상호 인정되지 않는다고 답변함."
32,2025-01-04,51,양수교육/양성교육;예약/시스템오류,개인택시양수교육예약시스템,https://www.epeople.go.kr/nep/pttn/gnrlPttn/pttnSmlrCaseDetail.npaid?epUnionSn=1AA-2409-0893731-2AA-2409-1063970-X610000-04&dutySctnNm=taol,Y,위 두 건과 동일한 정형 답변 문구가 그대로 재사용됨 — 사실상 같은 표준 답변이 여러 민원인에게 반복 발송되는 구조.
31,2025-01-04,57,양수교육/양성교육,개인택시면허 양수교육 개선,https://www.epeople.go.kr/nep/pttn/gnrlPttn/pttnSmlrCaseDetail.npaid?epUnionSn=1AA-2409-0836401-2AA-2409-0991205-X610000-04&dutySctnNm=taol,Y,"개인택시면허 양수교육 확대를 요청한 민원. TS는 2024년 양수교육 인원을 전년 동기 월 약 500명에서 약 700명 수준으로 확대했고 연간 약 8천 명 이상을 교육 중이며 2025년부터 1개 반을 추가 운영할 계획이라 밝히고, 2024년 4분기부터 전면 추첨제로 전환했으며 다회차 탈락자 가점 부여 방안은 검토 중이라고 답변함."
30,2025-01-02,43,양수교육/양성교육,경기도 버스운수종사자양성자교육 생계지원금,https://www.epeople.go.kr/nep/pttn/gnrlPttn/pttnSmlrCaseDetail.npaid?epUnionSn=1AA-2412-0671299-2AA-2412-0757050-X610000-04&dutySctnNm=taol,Y,버스 이직 시 생계지원금 신청 가능 여부 문의. TS(교육운영처 화성)는 경기도 소재 마을·시내버스 업체로 이직해도 개인 명의 신청이 가능하나 근무기간 6개월 미만 퇴사 시 환수조치된다고 안내함.
29,2024-12-31,176,기타,"안녕하세요~? TS한국교통안전공단 의 관련 부서에 민원을 드리는데요, 쏘카 공유자전거, 전동 전기 자전거, 카카오 공유 자전거, 그리고 전동 공유 킥보드도요 정기적인 대비의 안전 점검 하고요, 전기 화재 안전도",https://www.epeople.go.kr/nep/pttn/gnrlPttn/pttnSmlrCaseDetail.npaid?epUnionSn=1AA-2409-0693806-2AA-2409-0722064-X610000-04&dutySctnNm=taol,Y,"공유자전거·전동킥보드 등 개인형이동장치(PM) 정기 안전점검 요청. TS 답변: KC인증제도, PM안전관리 민관협의체, 2024.7 행안부·국토부·경찰청·도로교통공단·TS 업무협약 등 범정부 협업 현황 안내(병목이라기보다 진행중인 정책)."
28,2024-12-24,46,기타,탁자만 놓아도 캠핑카로 등록해야되는 규정 개선 요청.,https://www.epeople.go.kr/nep/pttn/gnrlPttn/pttnSmlrCaseDetail.npaid?epUnionSn=1AA-2409-0405421-2AA-2409-0474344-X610000-04&dutySctnNm=taol,Y,화물차 개조 캠핑용자동차 배터리수납함 설치의 안전성 문의 및 검사현장 응대 불만 제기. TS는 가로1700mm·세로500mm(또는 8500㎠) 이상 규격의 수납함은 취침시설로 간주되어 튜닝승인 대상이 되므로 침상기준 이내 설치를 권고하고 직원 응대에 대해 사과함(제목의 「캠핑카 등록규정 개선」이라는 포괄적 요구와 달리 본문은 특정 규격 기준 안내에 그침).
27,2024-12-23,33,기타,1톤트럭 적재함에 살수탱크 및 배관 설치에 관한 문의 건,https://www.epeople.go.kr/nep/pttn/gnrlPttn/pttnSmlrCaseDetail.npaid?epUnionSn=1AA-2409-0355126-2AA-2409-0471310-X610000-04&dutySctnNm=taol,Y,"1톤트럭 적재함 살수탱크·배관 설치가 구조변경(튜닝승인) 대상인지 문의. TS는 하대높이 변경·구조물 설치는 원칙적으로 튜닝승인 대상이나, 탈부착 가능하도록 쳇바로 고정하는 경우는 승인대상으로 보기 어렵다고 답변함."
26,2024-12-19,27,기타,자동차 안전 연구원에 요청 드립니다.,https://www.epeople.go.kr/nep/pttn/gnrlPttn/pttnSmlrCaseDetail.npaid?epUnionSn=1AA-2412-0587434-2AA-2412-0616861-X610000-04&dutySctnNm=taol,Y,"국내 자기인증 절차 및 베트남 수출용 부품 인증 절차 문의. TS는 해외수출 인증은 소관이 아니라고 밝히고, 국내 자기인증 미달 제작자는 제작자등록→기술검토→안전검사→제원통보→판매→사후관리(리콜) 순으로 진행됨을 관련 시행규칙(제35~39조의2)과 함께 단계별로 안내함."
25,2024-12-12,51,기타,이  민원에  대한  답변문서에는  이  민원서를  첨부해서  보통우편으로도  보내  주세요.,https://www.epeople.go.kr/nep/pttn/gnrlPttn/pttnSmlrCaseDetail.npaid?epUnionSn=1AA-2409-0025836-2AA-2409-0223425-X610000-04&dutySctnNm=taol,Y,"화물차 운전자 벌점기록 관련 자료를 첨부해 우편 발송해달라는 민원(우편 요청은 본문에서 언급되지 않음). TS는 화물자동차법 제10조의2·제8조·시행규칙 제18조의2·제53조를 근거로 벌점정보가 특별검사·교육대상자 선별에 활용됨을 설명하고, 민원인의 위반내역 중 3건이 말소 기록되어 있다고 확인함."
24,2024-12-11,65,양수교육/양성교육,개인택시 양수교육에 대한 건,https://www.epeople.go.kr/nep/pttn/gnrlPttn/pttnSmlrCaseDetail.npaid?epUnionSn=1AA-2409-0178532-2AA-2409-0395944-X610000-04&dutySctnNm=taol,Y,"[핵심 증거] 교육장이 상주(9만평)·화성(7만평) 전국 2개소뿐이며 ""수용능력 대비 높은 수요""가 근본원인이라고 TS가 자인. 500→700명/월로 확대했고 제3센터(전북 익산) 건립 중. 추첨제는 과거 선착순 방식의 폐해(불법예약대행업체 난입, 정보화취약계층 소외) 방지 목적이라고 설명."
23,2024-12-11,81,기타,"안녕하세요~? 한국교통안전공단 에 민원드려야 될것 같은데요,  특히 20대 운전을 시작하는 운전자 분들하고요, 30대 이상도 본격적으로 운전하시는 분들 마찬가지이고요, 70세 이상 분들이요, 인지력 관리, 특별 안",https://www.epeople.go.kr/nep/pttn/gnrlPttn/pttnSmlrCaseDetail.npaid?epUnionSn=1AA-2409-0166812-2AA-2409-0201340-X610000-04&dutySctnNm=taol,Y,"20대·30대·70세 이상 등 전 연령대 맞춤 교통안전 대책을 요구하는 취지의 장문 제목이나, TS가 재구성한 실제 민원요지는 「문자메시지를 통한 정기적 교통안전 정보 공유 요청」으로 좁혀짐(제목과 본문 요지 간 괴리). TS는 전 국민 대상 문자발송 시스템은 없다며 DTG 기반 컨설팅, 캠페인, SNS 홍보 등 기존 사업을 소개함."
22,2024-12-09,46,양수교육/양성교육,개인택시면허취득양수교육에 관해서요,https://www.epeople.go.kr/nep/pttn/gnrlPttn/pttnSmlrCaseDetail.npaid?epUnionSn=1AA-2409-0159410-2AA-2409-0189091-X610000-04&dutySctnNm=taol,Y,"개인택시면허 양수교육 접수요건(법인택시 경력 대체 등) 문의. TS는 양수교육이 사업용 경력(약 2년6개월) 대체 수단이므로 법인택시 경력 1년으로 대체하는 것은 취지에 맞지 않다고 판단하며, 2024년 교육을 2023년 대비 약 120% 수준으로 확대 운영 중이라고 밝힘(no31과 유사한 정형화된 설명 반복)."
21,2024-12-05,40,리콜/하자/환불,벤츠코리아의 배터리 제조사 기만에 대해 책임을지고 전량 환불을 요청합니다.,https://www.epeople.go.kr/nep/pttn/gnrlPttn/pttnSmlrCaseDetail.npaid?epUnionSn=1AA-2408-1137993-2AA-2409-0034252-X610000-04&dutySctnNm=taol,Y,"벤츠 EQE350+ 배터리 화재 관련 전량 환불을 요구한 민원. TS(중대사고조사처)는 자동차관리법 제31조에 따른 제작결함조사 기관으로서, 경찰·소방 등 합동 화재조사가 진행 중이어서 그 결과에 따라 제작결함조사·리콜 여부를 판단할 수 있다며 확답을 유보함(검토 중)."
20,2024-12-04,63,기타,"시내버스전기차 급제동, 급가속..",https://www.epeople.go.kr/nep/pttn/gnrlPttn/pttnSmlrCaseDetail.npaid?epUnionSn=1AA-2408-1070039-2AA-2408-1092097-X610000-04&dutySctnNm=taol,Y,"전기버스 급제동·급가속 현상에 대한 출력 규제를 문의. TS는 자기인증 시 원동기 출력을 5% 허용차 범위에서 관리하며, 해당 현상은 전기차가 출발부터 최대토크를 내는 구동특성 때문으로 국내외 어디서도 출력 자체를 규제하지 않는다고 답변함."
19,2024-11-27,150,기타,산업자원부 배터리 KC전기안전인증 강제법에 의한 차량구조병경검사 진행시 KC 안전미인증 배터리재품 검사 통관기준 문의,https://www.epeople.go.kr/nep/pttn/gnrlPttn/pttnSmlrCaseDetail.npaid?epUnionSn=1AA-2408-0529202-2AA-2408-0669159-X610000-04&dutySctnNm=taol,Y,"캠핑카용 대용량 보조배터리 KC인증 대상 여부 문의. TS 스스로 ""해당 법령 적용 대상인지 면밀히 검토 중, 명확한 답변 드리기 어려운 점 양해 부탁드립니다""라고 답변 — 신기술 관련 유권해석 공백을 TS가 인정한 사례."
18,2024-11-27,36,기타,벤츠 화재 사고에 대한 국토부의 강력한 대응을 촉구합니다.,https://www.epeople.go.kr/nep/pttn/gnrlPttn/pttnSmlrCaseDetail.npaid?epUnionSn=1AA-2408-0725372-2AA-2408-0790598-X610000-04&dutySctnNm=taol,Y,"벤츠 EQE350+ 화재사고에 대한 강력 대응을 촉구한 민원으로, no21과 담당부서·사건·본문 문구가 사실상 동일한 정형 답변임. TS는 마찬가지로 관계기관 합동조사 결과에 따라 리콜 여부를 판단하겠다며 확답을 유보함(검토 중)."
17,2024-11-21,39,기타,한국교통안전공단  교통안전처  ㅡ  3869호  2024. 8. 6.의 문서를 받아보니 아래의 기록은 허위기록이니,https://www.epeople.go.kr/nep/pttn/gnrlPttn/pttnSmlrCaseDetail.npaid?epUnionSn=1AA-2408-0356409-2AA-2408-0449370-X610000-04&dutySctnNm=taol,Y,"「기록이 허위」라는 취지의 제목이나, TS가 재구성한 민원요지는 「보수교육」에 관한 것으로 허위성 주장 자체에 대한 직접 판단은 없이, 화물자동차운수사업법 제59조·제10조의2 및 시행규칙 제20조·제53조에 따른 관할관청 교육계획 통보의무와 공단의 사고·위반기록 관리의무만 설명함(제목과 본문 초점의 괴리)."
16,2024-11-14,51,튜닝/구조변경;이륜차,오토바이 리어 휀다 번호판 이부분 질문드립니다,https://www.epeople.go.kr/nep/pttn/gnrlPttn/pttnSmlrCaseDetail.npaid?epUnionSn=1AA-2408-0378353-2AA-2408-0387234-X610000-04&dutySctnNm=taol,Y,"이륜차 번호판 브라켓(휀다리스킷) 변경이 튜닝승인 대상인지 문의. TS는 브라켓 자체는 승인대상이 아니어서 정비 범위로 자유롭게 변경 가능하나, 길이방향 허용차(±40mm) 초과 또는 등화장치 변경이 수반되면 튜닝승인 대상이 될 수 있다고 조건부로 안내함."
15,2024-11-06,57,튜닝/구조변경,자동차구조변경시 합법성여부 문의,https://www.epeople.go.kr/nep/pttn/gnrlPttn/pttnSmlrCaseDetail.npaid?epUnionSn=1AA-2407-1114552-2AA-2407-1207351-X610000-04&dutySctnNm=taol,Y,"차량 2·3열 좌석 변경·탈거 가능 여부 문의. TS는 좌석 변경이 승차장치 변경으로 튜닝승인 대상이며 동일 차종(카니발) 순정 회전시트 교체는 가능해 보이나, 「2열 좌석 뒤보기 설치」 여부는 제공된 정보만으로는 답변하기 곤란하다고 밝힘."
14,2024-11-06,34,기타,국토교통부 산하 한국교통안전공단 유료 API를 사용하는데 있어 페이지에 장애가 있습니다.,https://www.epeople.go.kr/nep/pttn/gnrlPttn/pttnSmlrCaseDetail.npaid?epUnionSn=1AA-2407-0690529-2AA-2407-0723431-X610000-04&dutySctnNm=taol,Y,사업용차량 이력정보 유료 API 가입 시 서버에러(500)가 발생한다는 민원. TS(디지털혁신처)는 해당 개방시스템이 데이터 연계작업 중이라 아직 서비스가 개시되지 않았고 8월 중 테스트 완료 후 운영 예정이라고 답변함(구축·검토 중).
13,2024-10-17,60,양수교육/양성교육,개인택시양수교육 추첨제,https://www.epeople.go.kr/nep/pttn/gnrlPttn/pttnSmlrCaseDetail.npaid?epUnionSn=1AA-2407-0379240-2AA-2407-0413921-X610000-04&dutySctnNm=taol,Y,개인택시면허 양수교육 추첨제 도입 및 청년 우대 요구 건의. TS는 특정 연령 우대가 추첨제의 공정성 취지에 배치된다고 판단하면서도 2024년 10월 접수분부터 전면 추첨제로 전환하고 접수 실패 횟수 가중치 부여 방안을 검토 중이라고 밝힘(no31·no22와 유사한 정형화된 설명이 상당 부분 반복됨).
12,2024-10-16,79,칭찬(긍정),"안녕하세요~? 한국교통안전공단 에 민원을 드리는데요, 전국의 교통 안전에 대해서요, 실효성 있는 여러 방면에서 안전하고, 적절한 대안들을 신중히 반영에 도움을 주시기를 부탁을 드리겠습니다~! 감사드립니다~!",https://www.epeople.go.kr/nep/pttn/gnrlPttn/pttnSmlrCaseDetail.npaid?epUnionSn=1AA-2407-0264188-2AA-2407-0308375-X610000-04&dutySctnNm=taol,Y,"자전거·오토바이·킥보드 등록관리 등 교통안전정책 제안. TS는 이륜차 안전검사제도(2023.9 신설), PM 민관협의체 등 기존 시책으로 답변, 제안 자체는 ""내부 검토하겠다"" 수준의 원론적 답변."
11,2024-10-16,47,튜닝/구조변경,「2024년 TS 자동차 튜닝 업무 매뉴얼」 17쪽의 제원의 허용차를 수정해야 합니다.,https://www.epeople.go.kr/nep/pttn/gnrlPttn/pttnSmlrCaseDetail.npaid?epUnionSn=1AA-2410-0312323-2AA-2410-0312960-X610000-04&dutySctnNm=taol,Y,「2024년 TS 자동차 튜닝 업무 매뉴얼」 17쪽 제원허용차(자동차 및 자동차부품 성능·기준 규칙 별표33 관련) 오류 수정을 요구한 민원. TS는 2023.11.29 이미 개정내용을 공지·반영해 운영 중이며 매뉴얼은 매년 개정·공지한다고 답변함.
10,2024-10-10,44,기타,기존도로 개선사업 시 도로시설안전진단 수행 대상 여부,https://www.epeople.go.kr/nep/pttn/gnrlPttn/pttnSmlrCaseDetail.npaid?epUnionSn=1AA-2407-0014361-2AA-2407-0097347-X610000-04&dutySctnNm=taol,Y,총연장 1.2km 도로 선형개선·양측보도 설치 사업의 교통시설안전진단 대상 여부 문의. TS는 교통안전법 시행령 별표2상 시도·군도·구도는 1km 이상이면 대상이므로 해당 사업은 의무대상에 해당한다고 명확히 판정함.
9,2024-10-04,61,양수교육/양성교육,개인택시 양수교육 문제,https://www.epeople.go.kr/nep/pttn/gnrlPttn/pttnSmlrCaseDetail.npaid?epUnionSn=1AA-2409-0862225-2AA-2409-1063927-X610000-04&dutySctnNm=taol,Y,"위 사안과 거의 동일한 정형 답변. 2025년부터 상주·화성 각 1개반 추가 운영해 약 40% 확대 계획을 구체적으로 명시. 다회차 탈락자 가점제는 ""검토 중""으로 미확정."
8,2024-10-03,59,기타,개인택시 양수도 교육,https://www.epeople.go.kr/nep/pttn/gnrlPttn/pttnSmlrCaseDetail.npaid?epUnionSn=1AA-2406-0914862-2AA-2406-0901440-X610000-04&dutySctnNm=taol,Y,"개인택시면허 양수교육 선착순 접수(2024.6.25) 당시 서버 지연 불편을 제기한 민원. TS는 접속 폭주 시 약 90초간 재접속 안내가 발생했으나 특정인에 국한된 문제는 아니었다고 해명하고, no31·no22·no13과 거의 동일한 정형 문구로 추첨제 전환·제3센터 건립 계획을 재안내함."
7,2024-10-03,145,기타,어린이 보호차량 썬팅에 관한 자동차 검사소 (김천 본사) 불쾌한 상담,https://www.epeople.go.kr/nep/pttn/gnrlPttn/pttnSmlrCaseDetail.npaid?epUnionSn=1AA-2406-0961444-2AA-2406-0995339-X610000-04&dutySctnNm=taol,Y,"어린이운송차량 썬팅 가시광선 투과율 기준 문의였으나, 실질은 담당자 유선응대 불친절에 대한 항의. TS가 ""유선 응대 불쾌함""에 대해 2회 사과 — 콜센터 응대품질 문제의 실제 사례."
6,2024-10-01,37,튜닝/구조변경,「2024년 TS 자동차 튜닝 업무 매뉴얼」 114쪽의 마항 단서조항을 삭제해야 합니다.,https://www.epeople.go.kr/nep/pttn/gnrlPttn/pttnSmlrCaseDetail.npaid?epUnionSn=1AA-2409-0805951-2AA-2409-0843706-X610000-04&dutySctnNm=taol,Y,"「2024년 TS 자동차 튜닝 업무 매뉴얼」 114쪽 단서조항(총중량 변경, 시행규칙 제55조제2항제2호) 삭제 요구. TS는 2024.7.23 매뉴얼 개정 보고로 이미 업무지시·공지했으며 개정본을 첨부해 회신함."
5,2024-09-26,94,기타,50cc 미만 이륜자동차 머플러 소음기준 적용 관련 문의입니다.,https://www.epeople.go.kr/nep/pttn/gnrlPttn/pttnSmlrCaseDetail.npaid?epUnionSn=1AA-2406-0482890-2AA-2406-0502399-X610000-04&dutySctnNm=taol,Y,"50cc 미만 이륜차 머플러 소음기준 적용 문의. TS는 위탁받은 튜닝업무 기관으로서 수입 이륜차의 소음허용기준은 통관일자 기준 차령 산정(대기환경보전법·소음진동관리법)에 따라 달라지므로, 정확한 확인을 위해 관세청(통관일자)과 주무부처인 환경부(기준값)에 문의가 필요하다고 안내함(TS 소관 밖 사항 타 기관 이관)."
4,2024-09-25,55,기타,"한국교통안전공단에서 아래 일에대해 보수교육에 있어서 어떤 결정을 어떤 법리에의해 하는지요.  답변을 종이문서로 보통우편으로도 보내 주시되, 이 민원서를 첨부해  보내 주세요",https://www.epeople.go.kr/nep/pttn/gnrlPttn/pttnSmlrCaseDetail.npaid?epUnionSn=1AA-2406-0593983-2AA-2406-0572454-X610000-04&dutySctnNm=taol,Y,"화물차 보수교육 대상 결정 근거(법리)를 묻고 서면 우편 회신을 요청한 민원(우편 요청은 본문에서 언급되지 않음). TS는 화물자동차법 제59조·시행규칙 제53조에 따라 무사고·무벌점 10년 미만자가 대상이며, 최종 대상 지정은 관할관청 소관이므로 관할관청에 확인하라고 안내함."
3,2024-09-21,66,시험/자격,TS도로교통공단 초경량비행장치 1종 시험비 중복 청구,https://www.epeople.go.kr/nep/pttn/gnrlPttn/pttnSmlrCaseDetail.npaid?epUnionSn=1AA-2406-0694335-2AA-2406-0673812-X610000-04&dutySctnNm=taol,Y,"실기시험 응시료(72,600원, 항공안전법 근거)와 별도로 교육기관에 내는 기체 대여비는 공단과 무관한 시장가격이라고 설명 — ""중복청구""라는 민원 제목은 오해였음이 확인됨."
2,2024-09-17,71,기타,차량 전조등 LED 교체 관련 문의,https://www.epeople.go.kr/nep/pttn/gnrlPttn/pttnSmlrCaseDetail.npaid?epUnionSn=1AA-2406-0570366-2AA-2406-0587587-X610000-04&dutySctnNm=taol,Y,"차량 전조등을 LED 전구로 교체 가능한지 문의. TS는 자기인증된 등화장치 변경은 경미한 튜닝으로 승인 없이 가능하나 안전기준 적합이 전제되어야 하며, 튜닝용 인증 LED 전구 여부는 한국자동차튜닝협회에 문의하라고 안내함(TS 소관 외 협회로 이관)."
1,2024-09-17,50,양수교육/양성교육;예약/시스템오류,교통안전체험교육센터 10일 신규버스운전자 양성교육 과정 예약 서버다운 및 예약실패,https://www.epeople.go.kr/nep/pttn/gnrlPttn/pttnSmlrCaseDetail.npaid?epUnionSn=1AA-2406-0462308-2AA-2406-0494665-X610000-04&dutySctnNm=taol,Y,"TS는 ""지연은 있었으나 서버가 완전히 다운되어 접수 자체가 불가능했던 것은 아니다""라며 민원인의 ""서버다운"" 주장을 일부 반박. 서버 증설과 모니터링 강화만 약속 — 사실관계가 갈리는 사례."