순번,인구밀도,시도명,시군구명,읍면동명,주소,법정동코드,행정구역코드
1,21518.3,서울특별시,성동구,마장동,서울특별시 성동구 마장동,1120010500,1104054
2,11096.3,서울특별시,성동구,사근동,서울특별시 성동구 사근동,1120010600,1104055
3,27981.4,서울특별시,성동구,응봉동,서울특별시 성동구 응봉동,1120010800,1104058
4,12986.9,서울특별시,성동구,옥수동,서울특별시 성동구 옥수동,1120011300,1104073
5,16236.1,서울특별시,성동구,송정동,서울특별시 성동구 송정동,1120011800,1104069
6,6338.5,서울특별시,성동구,용답동,서울특별시 성동구 용답동,1120012200,1104070
7,44393.6,서울특별시,성동구,왕십리2동,서울특별시 성동구 왕십리2동,1120090200,1104052
8,22616.8,서울특별시,성동구,행당1동,서울특별시 성동구 행당1동,1120090300,1104056
9,51898.5,서울특별시,성동구,행당2동,서울특별시 성동구 행당2동,1120090400,1104057
10,8605.8,서울특별시,성동구,성수1가1동,서울특별시 성동구 성수1가1동,1120091100,1104065
11,16709.3,서울특별시,성동구,성수1가2동,서울특별시 성동구 성수1가2동,1120091200,1104066
12,14509.6,서울특별시,성동구,성수2가1동,서울특별시 성동구 성수2가1동,1120091300,1104067
13,10439.6,서울특별시,성동구,성수2가3동,서울특별시 성동구 성수2가3동,1120091500,1104068
14,9999.5,서울특별시,광진구,능동,서울특별시 광진구 능동,1121510200,1105059
15,14483.6,서울특별시,광진구,광장동,서울특별시 광진구 광장동,1121510400,1105063
16,20838.7,서울특별시,광진구,화양동,서울특별시 광진구 화양동,1121510700,1105053
17,28783.4,서울특별시,광진구,군자동,서울특별시 광진구 군자동,1121510900,1105054
18,22651,서울특별시,은평구,구산동,서울특별시 은평구 구산동,1138010500,1112057
19,36070.4,서울특별시,은평구,대조동,서울특별시 은평구 대조동,1138010600,1112058
20,40594.2,서울특별시,은평구,역촌동,서울특별시 은평구 역촌동,1138010800,1112074
21,19524,서울특별시,은평구,증산동,서울특별시 은평구 증산동,1138011000,1112067
22,4524.3,서울특별시,은평구,진관동,서울특별시 은평구 진관동,1138011400,1112071
23,12520.5,서울특별시,은평구,불광1동,서울특별시 은평구 불광1동,1138090100,1112052
24,19933.6,서울특별시,은평구,불광2동,서울특별시 은평구 불광2동,1138090200,1112072
25,22299.9,서울특별시,은평구,응암1동,서울특별시 은평구 응암1동,1138090400,1112059
26,26030,서울특별시,은평구,응암2동,서울특별시 은평구 응암2동,1138090500,1112060
27,32654,서울특별시,은평구,응암3동,서울특별시 은평구 응암3동,1138090600,1112073
28,19042.5,서울특별시,서대문구,천연동,서울특별시 서대문구 천연동,1141010600,1113052
29,35409.1,서울특별시,서대문구,북아현동,서울특별시 서대문구 북아현동,1141011000,1113074
30,8486.1,서울특별시,서대문구,신촌동,서울특별시 서대문구 신촌동,1141011400,1113075
31,12524.5,서울특별시,서대문구,연희동,서울특별시 서대문구 연희동,1141011700,1113076
32,18881.6,서울특별시,서대문구,홍제1동,서울특별시 서대문구 홍제1동,1141090800,1113062
33,20013,서울특별시,서대문구,홍제2동,서울특별시 서대문구 홍제2동,1141090900,1113065
34,13731.9,서울특별시,서대문구,홍제3동,서울특별시 서대문구 홍제3동,1141091000,1113064
35,13423.2,서울특별시,서대문구,홍은1동,서울특별시 서대문구 홍은1동,1141091200,1113066
36,13499.7,서울특별시,서대문구,홍은2동,서울특별시 서대문구 홍은2동,1141091300,1113068
37,32906.3,서울특별시,서대문구,남가좌1동,서울특별시 서대문구 남가좌1동,1141091500,1113069
38,28715.3,서울특별시,서대문구,남가좌2동,서울특별시 서대문구 남가좌2동,1141091600,1113070
39,31936,서울특별시,서대문구,북가좌1동,서울특별시 서대문구 북가좌1동,1141091700,1113071
40,31936,서울특별시,서대문구,북가좌1동,서울특별시 서대문구 북가좌1동,1141091800,1113071
41,30937.9,서울특별시,마포구,아현동,서울특별시 마포구 아현동,1144010100,1114078
42,36316.3,서울특별시,마포구,공덕동,서울특별시 마포구 공덕동,1144010200,1114077
43,33670.1,서울특별시,마포구,도화동,서울특별시 마포구 도화동,1144010400,1114075
44,25738.1,서울특별시,마포구,용강동,서울특별시 마포구 용강동,1144010500,1114059
45,14047.2,서울특별시,마포구,대흥동,서울특별시 마포구 대흥동,1144010800,1114060
46,19778,서울특별시,마포구,염리동,서울특별시 마포구 염리동,1144010900,1114061
47,25814.5,서울특별시,마포구,신수동,서울특별시 마포구 신수동,1144011100,1114063
48,14280.7,서울특별시,마포구,서교동,서울특별시 마포구 서교동,1144012000,1114066
49,10328.1,서울특별시,마포구,합정동,서울특별시 마포구 합정동,1144012200,1114068
50,24595.6,서울특별시,마포구,연남동,서울특별시 마포구 연남동,1144012400,1114071
51,3688.3,서울특별시,마포구,상암동,서울특별시 마포구 상암동,1144012700,1114074
52,18112.5,서울특별시,마포구,망원1동,서울특별시 마포구 망원1동,1144090800,1114069
53,27735.1,서울특별시,마포구,망원2동,서울특별시 마포구 망원2동,1144090900,1114070
54,22012.6,서울특별시,마포구,성산1동,서울특별시 마포구 성산1동,1144091000,1114072
55,19172.2,서울특별시,마포구,성산2동,서울특별시 마포구 성산2동,1144091100,1114073
56,21177.5,서울특별시,양천구,목1동,서울특별시 양천구 목1동,1147090100,1115051
57,28907.1,서울특별시,양천구,목2동,서울특별시 양천구 목2동,1147090200,1115052
58,38579.8,서울특별시,양천구,목3동,서울특별시 양천구 목3동,1147090300,1115053
59,44505.9,서울특별시,양천구,목4동,서울특별시 양천구 목4동,1147090400,1115054
60,22783.7,서울특별시,양천구,목5동,서울특별시 양천구 목5동,1147090500,1115071
61,34444.4,서울특별시,양천구,신월1동,서울특별시 양천구 신월1동,1147090600,1115057
62,35847.1,서울특별시,양천구,신월2동,서울특별시 양천구 신월2동,1147090700,1115058
63,17765.1,서울특별시,양천구,신월3동,서울특별시 양천구 신월3동,1147090800,1115059
64,39423.7,서울특별시,양천구,신월4동,서울특별시 양천구 신월4동,1147090900,1115060
65,23523.6,서울특별시,양천구,신월5동,서울특별시 양천구 신월5동,1147091000,1115061
66,14987.8,서울특별시,양천구,신월6동,서울특별시 양천구 신월6동,1147091100,1115062
67,26962.3,서울특별시,양천구,신정1동,서울특별시 양천구 신정1동,1147091200,1115064
68,37252.4,서울특별시,양천구,신정2동,서울특별시 양천구 신정2동,1147091300,1115065
69,17297.6,서울특별시,양천구,신정3동,서울특별시 양천구 신정3동,1147091400,1115066
70,33899.4,서울특별시,양천구,신정4동,서울특별시 양천구 신정4동,1147091500,1115072
71,25462.3,서울특별시,양천구,신정6동,서울특별시 양천구 신정6동,1147091700,1115069
72,22219.3,서울특별시,강서구,염창동,서울특별시 강서구 염창동,1150010100,1116051
73,2353.3,서울특별시,강서구,공항동,서울특별시 강서구 공항동,1150010800,1116069
74,33793.1,서울특별시,강서구,등촌1동,서울특별시 강서구 등촌1동,1150090100,1116052
75,22772.9,서울특별시,강서구,등촌2동,서울특별시 강서구 등촌2동,1150090200,1116053
76,42401,서울특별시,강서구,화곡1동,서울특별시 강서구 화곡1동,1150090300,1116073
77,41873.5,서울특별시,강서구,화곡2동,서울특별시 강서구 화곡2동,1150090400,1116057
78,40837.2,서울특별시,강서구,화곡3동,서울특별시 강서구 화곡3동,1150090500,1116058
79,25419.5,서울특별시,강서구,화곡4동,서울특별시 강서구 화곡4동,1150090600,1116059
80,35123.8,서울특별시,강서구,화곡본동,서울특별시 강서구 화곡본동,1150090800,1116055
81,29653.5,서울특별시,강서구,방화1동,서울특별시 강서구 방화1동,1150091000,1116070
82,3726.4,서울특별시,강서구,방화2동,서울특별시 강서구 방화2동,1150091100,1116071
83,25552.2,서울특별시,구로구,신도림동,서울특별시 구로구 신도림동,1153010100,1117051
84,22479.1,서울특별시,구로구,가리봉동,서울특별시 구로구 가리봉동,1153010300,1117070
85,20823.8,서울특별시,구로구,구로1동,서울특별시 구로구 구로1동,1153090100,1117052
86,14822.4,서울특별시,구로구,구로2동,서울특별시 구로구 구로2동,1153090200,1117071
87,23901.1,서울특별시,구로구,구로3동,서울특별시 구로구 구로3동,1153090300,1117054
88,40265.1,서울특별시,구로구,구로4동,서울특별시 구로구 구로4동,1153090400,1117055
89,28794,서울특별시,구로구,구로5동,서울특별시 구로구 구로5동,1153090500,1117056
90,20548,서울특별시,구로구,고척1동,서울특별시 구로구 고척1동,1153092100,1117061
91,27565.1,서울특별시,구로구,고척2동,서울특별시 구로구 고척2동,1153092200,1117062
92,24613.7,서울특별시,구로구,개봉1동,서울특별시 구로구 개봉1동,1153092300,1117072
93,41227.5,서울특별시,구로구,개봉2동,서울특별시 구로구 개봉2동,1153092400,1117064
94,25245.3,서울특별시,구로구,개봉3동,서울특별시 구로구 개봉3동,1153092500,1117065
95,27358.9,서울특별시,구로구,오류1동,서울특별시 구로구 오류1동,1153092600,1117067
96,9494.6,서울특별시,구로구,오류2동,서울특별시 구로구 오류2동,1153092700,1117068
97,9316.3,서울특별시,구로구,수궁동,서울특별시 구로구 수궁동,1153092800,1117069
98,7399,서울특별시,금천구,가산동,서울특별시 금천구 가산동,1154510100,1118051
99,14936.6,서울특별시,영등포구,영등포동,서울특별시 영등포구 영등포동,1156010100,1119074
100,30731,서울특별시,영등포구,도림동,서울특별시 영등포구 도림동,1156011800,1119075
101,26136.7,서울특별시,영등포구,당산1동,서울특별시 영등포구 당산1동,1156090400,1119055
102,20978.9,서울특별시,영등포구,당산2동,서울특별시 영등포구 당산2동,1156090500,1119056
103,16426,서울특별시,영등포구,양평1동,서울특별시 영등포구 양평1동,1156091000,1119061
104,7453.9,서울특별시,영등포구,양평2동,서울특별시 영등포구 양평2동,1156091100,1119062
105,24749,서울특별시,영등포구,신길1동,서울특별시 영등포구 신길1동,1156091200,1119063
106,29415.7,서울특별시,영등포구,신길3동,서울특별시 영등포구 신길3동,1156091400,1119065
107,30338.7,서울특별시,영등포구,신길4동,서울특별시 영등포구 신길4동,1156091500,1119066
108,21016.5,서울특별시,영등포구,신길5동,서울특별시 영등포구 신길5동,1156091600,1119067
109,26428.5,서울특별시,영등포구,신길6동,서울특별시 영등포구 신길6동,1156091700,1119068
110,25158.8,서울특별시,영등포구,신길7동,서울특별시 영등포구 신길7동,1156091800,1119069
111,25260.6,서울특별시,영등포구,대림1동,서울특별시 영등포구 대림1동,1156091900,1119070
112,20985.6,서울특별시,영등포구,대림2동,서울특별시 영등포구 대림2동,1156092000,1119071
113,25650.6,서울특별시,영등포구,대림3동,서울특별시 영등포구 대림3동,1156092100,1119072
114,30316.7,서울특별시,동작구,상도1동,서울특별시 동작구 상도1동,1159010300,1120053
115,19746.9,서울특별시,동작구,흑석동,서울특별시 동작구 흑석동,1159010500,1120071
116,24660.4,서울특별시,동작구,대방동,서울특별시 동작구 대방동,1159010800,1120068
117,19472.6,서울특별시,동작구,노량진1동,서울특별시 동작구 노량진1동,1159090100,1120072
118,21061.1,서울특별시,동작구,노량진2동,서울특별시 동작구 노량진2동,1159090200,1120052
119,33347.4,서울특별시,동작구,상도2동,서울특별시 동작구 상도2동,1159090300,1120054
120,38704,서울특별시,동작구,상도3동,서울특별시 동작구 상도3동,1159090400,1120055
121,30292.8,서울특별시,동작구,상도4동,서울특별시 동작구 상도4동,1159090500,1120056
122,7126.4,서울특별시,종로구,사직동,서울특별시 종로구 사직동,1111011500,1101053
123,34977,서울특별시,동작구,사당1동,서울특별시 동작구 사당1동,1159090900,1120063
124,9605.6,서울특별시,동작구,사당2동,서울특별시 동작구 사당2동,1159091000,1120073
125,25344.4,서울특별시,동작구,사당3동,서울특별시 동작구 사당3동,1159091100,1120065
126,31899.2,서울특별시,동작구,사당4동,서울특별시 동작구 사당4동,1159091200,1120066
127,34691,서울특별시,동작구,신대방1동,서울특별시 동작구 신대방1동,1159091300,1120069
128,20648.1,서울특별시,동작구,신대방2동,서울특별시 동작구 신대방2동,1159091400,1120070
129,36494.4,서울특별시,관악구,신림동,서울특별시 관악구 신림동,1162010200,1121069
130,5369.8,서울특별시,관악구,남현동,서울특별시 관악구 남현동,1162010300,1121063
131,17964,서울특별시,서초구,잠원동,서울특별시 서초구 잠원동,1165010600,1122055
132,1355.8,서울특별시,서초구,내곡동,서울특별시 서초구 내곡동,1165010900,1122068
133,14718.9,서울특별시,서초구,서초1동,서울특별시 서초구 서초1동,1165090100,1122051
134,12212.4,서울특별시,서초구,서초2동,서울특별시 서초구 서초2동,1165090200,1122052
135,9151.7,서울특별시,서초구,서초3동,서울특별시 서초구 서초3동,1165090300,1122053
136,11564.2,서울특별시,서초구,반포본동,서울특별시 서초구 반포본동,1165090400,1122056
137,26293.1,서울특별시,서초구,반포1동,서울특별시 서초구 반포1동,1165090500,1122057
138,15845.6,서울특별시,서초구,반포2동,서울특별시 서초구 반포2동,1165090600,1122058
139,13506.3,서울특별시,서초구,반포3동,서울특별시 서초구 반포3동,1165090700,1122059
140,28832.5,서울특별시,서초구,방배본동,서울특별시 서초구 방배본동,1165090800,1122061
141,22633.7,서울특별시,서초구,방배1동,서울특별시 서초구 방배1동,1165090900,1122062
142,13055.5,서울특별시,서초구,방배2동,서울특별시 서초구 방배2동,1165091000,1122063
143,8792.7,서울특별시,서초구,방배3동,서울특별시 서초구 방배3동,1165091100,1122064
144,11327.1,서울특별시,강남구,청담동,서울특별시 강남구 청담동,1168010400,1123078
145,7662.6,서울특별시,강남구,신사동,서울특별시 강남구 신사동,1168010700,1123051
146,10410.7,서울특별시,강남구,압구정동,서울특별시 강남구 압구정동,1168011000,1123077
147,6637,서울특별시,강남구,세곡동,서울특별시 강남구 세곡동,1168011100,1123076
148,9626.4,서울특별시,강남구,수서동,서울특별시 강남구 수서동,1168011500,1123075
149,6802.9,서울특별시,강남구,삼성1동,서울특별시 강남구 삼성1동,1168090500,1123058
150,21917.4,서울특별시,강남구,삼성2동,서울특별시 강남구 삼성2동,1168090600,1123059
151,28564.8,서울특별시,강남구,대치1동,서울특별시 강남구 대치1동,1168090700,1123060
152,20372.9,서울특별시,강남구,대치2동,서울특별시 강남구 대치2동,1168090800,1123079
153,27148,서울특별시,강남구,대치4동,서울특별시 강남구 대치4동,1168091000,1123063
154,13707.5,서울특별시,강남구,역삼1동,서울특별시 강남구 역삼1동,1168091100,1123064
155,29275.3,서울특별시,강남구,역삼2동,서울특별시 강남구 역삼2동,1168091200,1123065
156,19694.4,서울특별시,강남구,도곡1동,서울특별시 강남구 도곡1동,1168091300,1123066
157,31167.2,서울특별시,강남구,도곡2동,서울특별시 강남구 도곡2동,1168091400,1123067
158,12957.4,서울특별시,강남구,개포1동,서울특별시 강남구 개포1동,1168091500,1123068
159,6835.7,서울특별시,강남구,개포2동,서울특별시 강남구 개포2동,1168091600,1123080
160,10243.5,서울특별시,강남구,개포4동,서울특별시 강남구 개포4동,1168091800,1123071
161,33536.9,서울특별시,송파구,석촌동,서울특별시 송파구 석촌동,1171010500,1124063
162,32457.3,서울특별시,송파구,삼전동,서울특별시 송파구 삼전동,1171010600,1124064
163,26045,서울특별시,송파구,장지동,서울특별시 송파구 장지동,1171010900,1124081
164,20736.2,서울특별시,송파구,오금동,서울특별시 송파구 오금동,1171011200,1124060
165,4688.2,서울특별시,강동구,상일동,서울특별시 강동구 상일동,1174010300,1125052
166,29134,서울특별시,강동구,길동,서울특별시 강동구 길동,1174010500,1125074
167,8827.2,서울특별시,강동구,강일동,서울특별시 강동구 강일동,1174011000,1125051
168,20031.6,서울특별시,동대문구,제기동,서울특별시 동대문구 제기동,1123010300,1106082
169,17196.2,서울특별시,동대문구,청량리동,서울특별시 동대문구 청량리동,1123010700,1106080
170,15783.3,서울특별시,동대문구,회기동,서울특별시 동대문구 회기동,1123010800,1106071
171,25184.6,서울특별시,동대문구,전농1동,서울특별시 동대문구 전농1동,1123090500,1106083
172,20165.7,서울특별시,동대문구,전농2동,서울특별시 동대문구 전농2동,1123090600,1106084
173,29392.3,서울특별시,동대문구,답십리1동,서울특별시 동대문구 답십리1동,1123090900,1106091
174,31754.7,서울특별시,동대문구,답십리2동,서울특별시 동대문구 답십리2동,1123091000,1106086
175,27190.3,서울특별시,동대문구,장안1동,서울특별시 동대문구 장안1동,1123091400,1106087
176,29582.7,서울특별시,동대문구,장안2동,서울특별시 동대문구 장안2동,1123091500,1106088
177,24036,서울특별시,동대문구,휘경1동,서울특별시 동대문구 휘경1동,1123092000,1106072
178,21717.7,서울특별시,동대문구,휘경2동,서울특별시 동대문구 휘경2동,1123092100,1106073
179,26523.3,서울특별시,동대문구,이문1동,서울특별시 동대문구 이문1동,1123092200,1106089
180,29117.8,서울특별시,동대문구,이문2동,서울특별시 동대문구 이문2동,1123092300,1106090
181,33067,서울특별시,중랑구,면목2동,서울특별시 중랑구 면목2동,1126090200,1107052
182,23423.1,서울특별시,중랑구,면목4동,서울특별시 중랑구 면목4동,1126090400,1107054
183,13799.3,서울특별시,중랑구,면목5동,서울특별시 중랑구 면목5동,1126090500,1107055
184,17179.9,서울특별시,중랑구,면목7동,서울특별시 중랑구 면목7동,1126090700,1107057
185,28720.8,서울특별시,중랑구,상봉1동,서울특별시 중랑구 상봉1동,1126090800,1107059
186,25437.8,서울특별시,중랑구,상봉2동,서울특별시 중랑구 상봉2동,1126090900,1107060
187,31299.5,서울특별시,중랑구,중화1동,서울특별시 중랑구 중화1동,1126091000,1107061
188,25930.2,서울특별시,중랑구,중화2동,서울특별시 중랑구 중화2동,1126091100,1107062
189,27420.9,서울특별시,중랑구,묵1동,서울특별시 중랑구 묵1동,1126091200,1107064
190,28498.3,서울특별시,중랑구,묵2동,서울특별시 중랑구 묵2동,1126091300,1107065
191,18415.5,서울특별시,중랑구,망우3동,서울특별시 중랑구 망우3동,1126091600,1107068
192,5570,서울특별시,성북구,성북동,서울특별시 성북구 성북동,1129010100,1108081
193,28116.2,서울특별시,성북구,종암동,서울특별시 성북구 종암동,1129013500,1108084
194,19035,서울특별시,성북구,석관동,서울특별시 성북구 석관동,1129013900,1108085
195,31951.9,서울특별시,성북구,돈암1동,서울특별시 성북구 돈암1동,1129090700,1108058
196,45356.7,서울특별시,성북구,돈암2동,서울특별시 성북구 돈암2동,1129090800,1108059
197,42948.4,서울특별시,성북구,정릉1동,서울특별시 성북구 정릉1동,1129090900,1108062
198,21076.9,서울특별시,성북구,정릉2동,서울특별시 성북구 정릉2동,1129091000,1108063
199,5046.8,서울특별시,성북구,정릉3동,서울특별시 성북구 정릉3동,1129091100,1108064
200,7253.8,서울특별시,성북구,정릉4동,서울특별시 성북구 정릉4동,1129091200,1108065
201,44570.2,서울특별시,성북구,길음1동,서울특별시 성북구 길음1동,1129091300,1108066
202,19932.1,서울특별시,성북구,길음2동,서울특별시 성북구 길음2동,1129091400,1108068
203,27906.3,서울특별시,성북구,장위1동,서울특별시 성북구 장위1동,1129092200,1108076
204,26423.6,서울특별시,성북구,장위2동,서울특별시 성북구 장위2동,1129092300,1108077
205,17199.2,서울특별시,성북구,장위3동,서울특별시 성북구 장위3동,1129092400,1108078
206,26070.9,서울특별시,강북구,미아동,서울특별시 강북구 미아동,1130510100,1109070
207,1934.9,서울특별시,강북구,우이동,서울특별시 강북구 우이동,1130510400,1109074
208,22912.9,서울특별시,도봉구,창1동,서울특별시 도봉구 창1동,1132090100,1110059
209,45730.9,서울특별시,도봉구,창2동,서울특별시 도봉구 창2동,1132090200,1110060
210,22066.6,서울특별시,도봉구,창3동,서울특별시 도봉구 창3동,1132090300,1110061
211,2582,서울특별시,도봉구,도봉1동,서울특별시 도봉구 도봉1동,1132090400,1110064
212,24666.6,서울특별시,도봉구,도봉2동,서울특별시 도봉구 도봉2동,1132090500,1110065
213,18289.8,서울특별시,도봉구,쌍문1동,서울특별시 도봉구 쌍문1동,1132092100,1110051
214,36012,서울특별시,도봉구,쌍문2동,서울특별시 도봉구 쌍문2동,1132092200,1110052
215,32876.4,서울특별시,도봉구,쌍문3동,서울특별시 도봉구 쌍문3동,1132092300,1110053
216,27892.3,서울특별시,도봉구,방학1동,서울특별시 도봉구 방학1동,1132092400,1110055
217,18987.8,서울특별시,도봉구,방학2동,서울특별시 도봉구 방학2동,1132092500,1110056
218,14431.8,서울특별시,도봉구,방학3동,서울특별시 도봉구 방학3동,1132092600,1110057
219,21720.8,서울특별시,노원구,월계1동,서울특별시 노원구 월계1동,1135090600,1111051
220,12978,서울특별시,노원구,월계2동,서울특별시 노원구 월계2동,1135090700,1111052
221,27152.1,서울특별시,노원구,월계3동,서울특별시 노원구 월계3동,1135090800,1111053
222,30326.1,서울특별시,노원구,공릉1동,서울특별시 노원구 공릉1동,1135090900,1111079
223,6038.6,서울특별시,노원구,공릉2동,서울특별시 노원구 공릉2동,1135091000,1111056
224,7338.4,서울특별시,노원구,상계1동,서울특별시 노원구 상계1동,1135091100,1111065
225,33573.9,서울특별시,노원구,상계2동,서울특별시 노원구 상계2동,1135091200,1111066
226,28543.1,서울특별시,노원구,상계5동,서울특별시 노원구 상계5동,1135091500,1111069
227,10333.5,서울특별시,은평구,수색동,서울특별시 은평구 수색동,1138010100,1112068
228,16999.1,서울특별시,은평구,녹번동,서울특별시 은평구 녹번동,1138010200,1112051
229,13645.6,서울특별시,중구,신당동,서울특별시 중구 신당동,1114016200,1102069
230,34484.3,서울특별시,중구,황학동,서울특별시 중구 황학동,1114016500,1102067
231,20352.5,서울특별시,중구,중림동,서울특별시 중구 중림동,1114017100,1102068
232,28060.1,서울특별시,중구,신당5동,서울특별시 중구 신당5동,1114090500,1102065
233,19094.7,서울특별시,용산구,후암동,서울특별시 용산구 후암동,1117010100,1103051
234,5671.7,서울특별시,용산구,남영동,서울특별시 용산구 남영동,1117010500,1103053
235,19562.3,서울특별시,용산구,효창동,서울특별시 용산구 효창동,1117011900,1103058
236,42233.7,서울특별시,용산구,용문동,서울특별시 용산구 용문동,1117012100,1103059
237,5850,서울특별시,용산구,한남동,서울특별시 용산구 한남동,1117013100,1103074
238,4272.9,서울특별시,용산구,서빙고동,서울특별시 용산구 서빙고동,1117013300,1103069
239,19756.2,서울특별시,용산구,보광동,서울특별시 용산구 보광동,1117013600,1103070
240,8399.7,서울특별시,용산구,이촌1동,서울특별시 용산구 이촌1동,1117090300,1103063
241,6860.2,서울특별시,용산구,이촌2동,서울특별시 용산구 이촌2동,1117090400,1103064
242,10163.9,서울특별시,용산구,이태원1동,서울특별시 용산구 이태원1동,1117090500,1103065
243,9469.1,서울특별시,용산구,이태원2동,서울특별시 용산구 이태원2동,1117090600,1103066
244,1727.8,서울특별시,종로구,삼청동,서울특별시 종로구 삼청동,1111014000,1101054
245,8181,서울특별시,종로구,가회동,서울특별시 종로구 가회동,1111014600,1101060
246,10858.3,서울특별시,종로구,이화동,서울특별시 종로구 이화동,1111016500,1101064
247,16508.4,서울특별시,종로구,혜화동,서울특별시 종로구 혜화동,1111016900,1101073
248,26533.4,서울특별시,종로구,교남동,서울특별시 종로구 교남동,1111017600,1101058
249,1944.4,서울특별시,종로구,평창동,서울특별시 종로구 평창동,1111018300,1101056
250,4200.6,서울특별시,종로구,부암동,서울특별시 종로구 부암동,1111018400,1101055
251,20737.2,서울특별시,종로구,무악동,서울특별시 종로구 무악동,1111018700,1101057
252,15834,서울특별시,종로구,창신1동,서울특별시 종로구 창신1동,1111090100,1101067
253,32553,서울특별시,종로구,창신2동,서울특별시 종로구 창신2동,1111090200,1101068
254,31592.4,서울특별시,종로구,창신3동,서울특별시 종로구 창신3동,1111090300,1101069
255,25421.2,서울특별시,종로구,숭인1동,서울특별시 종로구 숭인1동,1111090400,1101070
256,24719.2,서울특별시,종로구,숭인2동,서울특별시 종로구 숭인2동,1111090500,1101071
257,2333.7,서울특별시,중구,소공동,서울특별시 중구 소공동,1114011100,1102052
258,12418.3,대구광역시,남구,이천동,대구광역시 남구 이천동,2720010100,2204051
259,22246.6,대구광역시,북구,대현동,대구광역시 북구 대현동,2723011000,2205084
260,1870.3,대구광역시,북구,검단동,대구광역시 북구 검단동,2723011300,2205070
261,4454.9,대구광역시,북구,읍내동,대구광역시 북구 읍내동,2723011800,2205076
262,1460,대구광역시,북구,국우동,대구광역시 북구 국우동,2723012200,2205083
263,8973.5,대구광역시,북구,구암동,대구광역시 북구 구암동,2723012300,2205079
264,26849.3,대구광역시,북구,동천동,대구광역시 북구 동천동,2723012400,2205082
265,6039.8,대구광역시,북구,관음동,대구광역시 북구 관음동,2723012500,2205077
266,12112.1,대구광역시,수성구,중동,대구광역시 수성구 중동,2726010800,2206063
267,12491.7,대구광역시,수성구,상동,대구광역시 수성구 상동,2726010900,2206064
268,2489.1,대구광역시,수성구,파동,대구광역시 수성구 파동,2726011000,2206065
269,7027.9,대구광역시,수성구,두산동,대구광역시 수성구 두산동,2726011100,2206066
270,12459.1,대구광역시,달서구,성당동,대구광역시 달서구 성당동,2729010100,2207075
271,4195.6,대구광역시,달서구,신당동,대구광역시 달서구 신당동,2729010700,2207061
272,5996.2,대구광역시,달서구,장기동,대구광역시 달서구 장기동,2729011000,2207059
273,18698.1,대구광역시,달서구,죽전동,대구광역시 달서구 죽전동,2729011200,2207058
274,24601.9,대구광역시,달서구,감삼동,대구광역시 달서구 감삼동,2729011300,2207057
275,20668.4,대구광역시,달서구,본리동,대구광역시 달서구 본리동,2729011400,2207056
276,3601.1,대구광역시,달서구,도원동,대구광역시 달서구 도원동,2729011600,2207068
277,11111.2,대구광역시,달서구,진천동,대구광역시 달서구 진천동,2729011700,2207064
278,12935.2,대구광역시,달서구,본동,대구광역시 달서구 본동,2729012400,2207071
279,1813.3,대구광역시,달성군,화원읍,대구광역시 달성군 화원읍,2771025000,2231011
280,404.9,대구광역시,달성군,논공읍,대구광역시 달성군 논공읍,2771025300,2231012
281,2213.5,대구광역시,달성군,다사읍,대구광역시 달성군 다사읍,2771025600,2231013
282,434.6,대구광역시,달성군,유가읍,대구광역시 달성군 유가읍,2771025900,2231014
283,69.8,대구광역시,달성군,가창면,대구광역시 달성군 가창면,2771031000,2231031
284,94.8,대구광역시,달성군,하빈면,대구광역시 달성군 하빈면,2771033000,2231032
285,438.7,대구광역시,달성군,옥포면,대구광역시 달성군 옥포면,2771034000,2231033
286,808.1,대구광역시,달성군,현풍면,대구광역시 달성군 현풍면,2771036000,2231034
287,189.9,대구광역시,달성군,구지면,대구광역시 달성군 구지면,2771038000,2231036
288,3185.1,인천광역시,중구,신포동,인천광역시 중구 신포동,2811012400,2301053
289,19945.4,인천광역시,중구,율목동,인천광역시 중구 율목동,2811013100,2301057
290,18304.8,인천광역시,중구,도원동,인천광역시 중구 도원동,2811013200,2301056
291,463.2,인천광역시,중구,운서동,인천광역시 중구 운서동,2811014700,2301064
292,6481.5,인천광역시,동구,만석동,인천광역시 동구 만석동,2814010100,2302051
293,18142.3,인천광역시,남구,관교동,인천광역시 남구 관교동,2817010800,2303073
294,8496.8,인천광역시,남구,문학동,인천광역시 남구 문학동,2817010900,2303074
295,7605.3,인천광역시,연수구,선학동,인천광역시 연수구 선학동,2818510200,2304052
296,11579.2,인천광역시,연수구,청학동,인천광역시 연수구 청학동,2818510400,2304056
297,10879.4,부산광역시,서구,초장동,부산광역시 서구 초장동,2614011900,2102063
298,3930.4,부산광역시,서구,암남동,부산광역시 서구 암남동,2614012400,2102068
299,18295.3,부산광역시,동구,좌천동,부산광역시 동구 좌천동,2617010300,2103070
300,21806.7,부산광역시,부산진구,연지동,부산광역시 부산진구 연지동,2623010600,2105054
301,3452.1,부산광역시,부산진구,초읍동,부산광역시 부산진구 초읍동,2623010700,2105055
302,16303.5,부산광역시,동래구,명륜동,부산광역시 동래구 명륜동,2626010700,2106065
303,2735.1,부산광역시,남구,용당동,부산광역시 남구 용당동,2629010800,2107061
304,11811.3,부산광역시,남구,우암동,부산광역시 남구 우암동,2629011000,2107071
305,5048.8,부산광역시,북구,금곡동,부산광역시 북구 금곡동,2632010100,2108054
306,2304.6,부산광역시,해운대구,송정동,부산광역시 해운대구 송정동,2635010800,2109056
307,7348,부산광역시,사하구,당리동,부산광역시 사하구 당리동,2638010200,2110055
308,2687,부산광역시,사하구,구평동,부산광역시 사하구 구평동,2638010700,2110064
309,9081.4,부산광역시,금정구,남산동,부산광역시 금정구 남산동,2641010400,2111068
310,1658.2,부산광역시,금정구,금사동,부산광역시 금정구 금사동,2641011100,2111055
311,130.4,부산광역시,금정구,금성동,부산광역시 금정구 금성동,2641011300,2111071
312,358.8,부산광역시,강서구,대저1동,부산광역시 강서구 대저1동,2644010100,2112051
313,250.6,부산광역시,강서구,대저2동,부산광역시 강서구 대저2동,2644010200,2112052
314,243.1,부산광역시,강서구,강동동,부산광역시 강서구 강동동,2644010300,2112053
315,534.6,부산광역시,강서구,녹산동,부산광역시 강서구 녹산동,2644011100,2112056
316,20350.1,부산광역시,수영구,수영동,부산광역시 수영구 수영동,2650010200,2114053
317,16239.3,부산광역시,수영구,민락동,부산광역시 수영구 민락동,2650010300,2114060
318,950.1,부산광역시,사상구,삼락동,부산광역시 사상구 삼락동,2653010100,2115051
319,6262,부산광역시,사상구,괘법동,부산광역시 사상구 괘법동,2653010400,2115057
320,3916,부산광역시,사상구,감전동,부산광역시 사상구 감전동,2653010500,2115065
321,5621.3,부산광역시,사상구,학장동,부산광역시 사상구 학장동,2653010700,2115063
322,6001.5,부산광역시,사상구,엄궁동,부산광역시 사상구 엄궁동,2653010800,2115064
323,1326.7,부산광역시,기장군,기장읍,부산광역시 기장군 기장읍,2671025000,2131011
324,159.3,부산광역시,기장군,장안읍,부산광역시 기장군 장안읍,2671025300,2131012
325,1975.6,부산광역시,기장군,정관읍,부산광역시 기장군 정관읍,2671025600,2131013
326,229.1,부산광역시,기장군,일광면,부산광역시 기장군 일광면,2671031000,2131031
327,149.8,부산광역시,기장군,철마면,부산광역시 기장군 철마면,2671033000,2131033
328,14051,대구광역시,중구,대신동,대구광역시 중구 대신동,2711015400,2201062
329,5333.6,대구광역시,동구,지저동,대구광역시 동구 지저동,2714010800,2202065
330,14275.7,대구광역시,동구,방촌동,대구광역시 동구 방촌동,2714011100,2202068
331,3175.7,인천광역시,부평구,일신동,인천광역시 부평구 일신동,2823710800,2306069
332,2750.3,경기도,수원시 장안구,파장동,경기도 수원시 장안구 파장동,4111111400,3101154
333,16050.7,경기도,수원시 장안구,영화동,경기도 수원시 장안구 영화동,4111111900,3101158
334,12035.1,경기도,수원시 장안구,송죽동,경기도 수원시 장안구 송죽동,4111112100,3101159
335,1623,경기도,수원시 장안구,연무동,경기도 수원시 장안구 연무동,4111112200,3101161
336,2750.3,경기도,수원시 장안구,파장동,경기도 수원시 장안구 파장동,4111112900,3101154
337,16050.7,경기도,수원시 장안구,영화동,경기도 수원시 장안구 영화동,4111113400,3101158
338,12035.1,경기도,수원시 장안구,송죽동,경기도 수원시 장안구 송죽동,4111113500,3101159
339,1623,경기도,수원시 장안구,연무동,경기도 수원시 장안구 연무동,4111113700,3101161
340,3294.7,경기도,수원시 권선구,평동,경기도 수원시 권선구 평동,4111310400,3101255
341,7209.1,경기도,수원시 권선구,서둔동,경기도 수원시 권선구 서둔동,4111310800,3101256
342,13286.7,경기도,수원시 권선구,구운동,경기도 수원시 권선구 구운동,4111310900,3101257
343,10191.8,경기도,수원시 권선구,금곡동,경기도 수원시 권선구 금곡동,4111312200,3101265
344,6080.3,경기도,수원시 권선구,호매실동,경기도 수원시 권선구 호매실동,4111312300,3101266
345,2520.5,경기도,수원시 권선구,입북동,경기도 수원시 권선구 입북동,4111312400,3101262
346,3294.7,경기도,수원시 권선구,평동,경기도 수원시 권선구 평동,4111312700,3101255
347,7209.1,경기도,수원시 권선구,서둔동,경기도 수원시 권선구 서둔동,4111313100,3101256
348,13286.7,경기도,수원시 권선구,구운동,경기도 수원시 권선구 구운동,4111313200,3101257
349,10191.8,경기도,수원시 권선구,금곡동,경기도 수원시 권선구 금곡동,4111313400,3101265
350,6080.3,경기도,수원시 권선구,호매실동,경기도 수원시 권선구 호매실동,4111313500,3101266
351,2520.5,경기도,수원시 권선구,입북동,경기도 수원시 권선구 입북동,4111314000,3101262
352,13167.1,경기도,수원시 권선구,세류1동,경기도 수원시 권선구 세류1동,4111392000,3101252
353,5844.7,경기도,수원시 권선구,세류2동,경기도 수원시 권선구 세류2동,4111392100,3101253
354,25108.6,경기도,수원시 권선구,세류3동,경기도 수원시 권선구 세류3동,4111392200,3101254
355,7953.4,경기도,수원시 권선구,곡선동,경기도 수원시 권선구 곡선동,4111392400,3101261
356,16237.5,경기도,수원시 팔달구,지동,경기도 수원시 팔달구 지동,4111511000,3101353
357,14457.3,경기도,수원시 팔달구,인계동,경기도 수원시 팔달구 인계동,4111511400,3101356
358,13398.6,경기도,수원시 팔달구,매교동,경기도 수원시 팔달구 매교동,4111513300,3101367
359,9879.3,경기도,수원시 팔달구,고등동,경기도 수원시 팔달구 고등동,4111513700,3101369
360,16237.5,경기도,수원시 팔달구,지동,경기도 수원시 팔달구 지동,4111513900,3101353
361,14457.3,경기도,수원시 팔달구,인계동,경기도 수원시 팔달구 인계동,4111514100,3101356
362,8145.6,경기도,수원시 영통구,원천동,경기도 수원시 영통구 원천동,4111710200,3101460
363,19863.9,경기도,성남시 수정구,단대동,경기도 성남시 수정구 단대동,4113110400,3102160
364,23511.8,경기도,성남시 수정구,산성동,경기도 성남시 수정구 산성동,4113110500,3102161
365,8321.8,경기도,성남시 수정구,양지동,경기도 성남시 수정구 양지동,4113110600,3102162
366,3830.8,경기도,성남시 수정구,복정동,경기도 성남시 수정구 복정동,4113110700,3102167
367,905.7,경기도,성남시 수정구,신촌동,경기도 성남시 수정구 신촌동,4113110900,3102164
368,131.2,경기도,성남시 수정구,고등동,경기도 성남시 수정구 고등동,4113111200,3102165
369,240.2,경기도,성남시 수정구,시흥동,경기도 성남시 수정구 시흥동,4113111500,3102166
370,43.9,인천광역시,강화군,삼산면,인천광역시 강화군 삼산면,2871041000,2331041
371,47.5,인천광역시,강화군,서도면,인천광역시 강화군 서도면,2871042000,2331042
372,99.2,인천광역시,옹진군,북도면,인천광역시 옹진군 북도면,2872031000,2332031
373,86.9,인천광역시,옹진군,백령면,인천광역시 옹진군 백령면,2872033000,2332033
374,92.1,인천광역시,옹진군,대청면,인천광역시 옹진군 대청면,2872034000,2332034
375,42,인천광역시,옹진군,덕적면,인천광역시 옹진군 덕적면,2872035000,2332035
376,203.9,인천광역시,옹진군,영흥면,인천광역시 옹진군 영흥면,2872036000,2332037
377,57.8,인천광역시,옹진군,자월면,인천광역시 옹진군 자월면,2872037000,2332036
378,247.3,인천광역시,옹진군,연평면,인천광역시 옹진군 연평면,2872038000,2332032
379,10176.1,광주광역시,동구,동명동,광주광역시 동구 동명동,2911010800,2401054
380,12226.3,광주광역시,동구,학동,광주광역시 동구 학동,2911012200,2401068
381,9197.6,광주광역시,서구,양동,광주광역시 서구 양동,2914010400,2402051
382,8178.5,광주광역시,서구,광천동,광주광역시 서구 광천동,2914011500,2402056
383,11480.1,광주광역시,서구,치평동,광주광역시 서구 치평동,2914012000,2402066
384,287.7,광주광역시,서구,서창동,광주광역시 서구 서창동,2914012500,2402064
385,8088.2,광주광역시,서구,풍암동,광주광역시 서구 풍암동,2914012800,2402067
386,14220.7,광주광역시,서구,동천동,광주광역시 서구 동천동,2914013300,2402070
387,10825.5,광주광역시,남구,월산동,광주광역시 남구 월산동,2915510400,2403057
388,13066,광주광역시,남구,양림동,광주광역시 남구 양림동,2915511300,2403051
389,7294.6,광주광역시,북구,임동,광주광역시 북구 임동,2917010500,2404055
390,9045.9,광주광역시,북구,신안동,광주광역시 북구 신안동,2917010600,2404056
391,13969.8,광주광역시,북구,용봉동,광주광역시 북구 용봉동,2917010700,2404057
392,6376.6,광주광역시,북구,동림동,광주광역시 북구 동림동,2917010800,2404061
393,13376.3,광주광역시,북구,우산동,광주광역시 북구 우산동,2917011000,2404062
394,10449.1,광주광역시,북구,풍향동,광주광역시 북구 풍향동,2917011100,2404063
395,4116.3,광주광역시,북구,삼각동,광주광역시 북구 삼각동,2917011600,2404070
396,7865.1,광주광역시,북구,매곡동,광주광역시 북구 매곡동,2917011700,2404071
397,10331.2,광주광역시,북구,일곡동,광주광역시 북구 일곡동,2917012700,2404078
398,5939.7,광주광역시,북구,양산동,광주광역시 북구 양산동,2917012800,2404080
399,3638.6,광주광역시,광산구,도산동,광주광역시 광산구 도산동,2920010200,2405054
400,5214.4,광주광역시,광산구,우산동,광주광역시 광산구 우산동,2920010900,2405058
401,1509.7,광주광역시,광산구,비아동,광주광역시 광산구 비아동,2920011200,2405061
402,17027,광주광역시,광산구,수완동,광주광역시 광산구 수완동,2920011400,2405075
403,8809.4,광주광역시,광산구,신창동,광주광역시 광산구 신창동,2920011800,2405073
404,15646.7,광주광역시,광산구,신가동,광주광역시 광산구 신가동,2920011900,2405074
405,11512.6,광주광역시,광산구,운남동,광주광역시 광산구 운남동,2920012000,2405071
406,1385.7,광주광역시,광산구,하남동,광주광역시 광산구 하남동,2920012500,2405063
407,71.1,광주광역시,광산구,임곡동,광주광역시 광산구 임곡동,2920013400,2405064
408,69.4,광주광역시,광산구,삼도동,광주광역시 광산구 삼도동,2920016600,2405067
409,11269.4,대전광역시,동구,효동,대전광역시 동구 효동,3011010300,2501053
410,6033.9,대전광역시,동구,용운동,대전광역시 동구 용운동,3011010900,2501057
411,16509.6,대전광역시,동구,대동,대전광역시 동구 대동,3011011000,2501078
412,12407.7,대전광역시,동구,자양동,대전광역시 동구 자양동,3011011100,2501060
413,17176.2,대전광역시,동구,용전동,대전광역시 동구 용전동,3011011500,2501065
414,15829.3,대전광역시,동구,성남동,대전광역시 동구 성남동,3011011600,2501079
415,19645,대전광역시,동구,홍도동,대전광역시 동구 홍도동,3011011700,2501068
416,11565.4,대전광역시,동구,삼성동,대전광역시 동구 삼성동,3011011800,2501080
417,22155.8,대전광역시,중구,목동,대전광역시 중구 목동,3014010300,2502053
418,11764.2,대전광역시,중구,중촌동,대전광역시 중구 중촌동,3014010400,2502054
419,11301.9,대전광역시,중구,대흥동,대전광역시 중구 대흥동,3014010500,2502055
420,10661.5,대전광역시,중구,문창동,대전광역시 중구 문창동,3014010600,2502056
421,3780.4,대전광역시,중구,석교동,대전광역시 중구 석교동,3014010700,2502057
422,2751.4,대전광역시,중구,대사동,대전광역시 중구 대사동,3014011000,2502058
423,5887.9,대전광역시,중구,부사동,대전광역시 중구 부사동,3014011100,2502059
424,12667.7,대전광역시,중구,용두동,대전광역시 중구 용두동,3014011200,2502060
425,14456.4,대전광역시,중구,오류동,대전광역시 중구 오류동,3014011300,2502062
426,669,대전광역시,중구,산성동,대전광역시 중구 산성동,3014011700,2502069
427,12417.1,대전광역시,서구,복수동,대전광역시 서구 복수동,3017010100,2503051
428,11034.4,대전광역시,서구,변동,대전광역시 서구 변동,3017010200,2503055
429,2765.6,대전광역시,서구,정림동,대전광역시 서구 정림동,3017010400,2503054
430,15226.4,대전광역시,서구,용문동,대전광역시 서구 용문동,3017010500,2503056
431,16650.9,대전광역시,서구,탄방동,대전광역시 서구 탄방동,3017010600,2503057
432,15941.7,대전광역시,서구,괴정동,대전광역시 서구 괴정동,3017010800,2503061
433,22517.2,대전광역시,서구,가장동,대전광역시 서구 가장동,3017010900,2503062
434,24524.2,대전광역시,서구,내동,대전광역시 서구 내동,3017011000,2503063
435,4064.9,대전광역시,서구,가수원동,대전광역시 서구 가수원동,3017011400,2503070
436,7768.2,대전광역시,서구,만년동,대전광역시 서구 만년동,3017012800,2503069
437,11049.3,대전광역시,유성구,원신흥동,대전광역시 유성구 원신흥동,3020011400,2504065
438,888.5,대전광역시,유성구,신성동,대전광역시 유성구 신성동,3020012500,2504055
439,2872.5,대전광역시,유성구,전민동,대전광역시 유성구 전민동,3020014100,2504057
440,3938.9,대전광역시,유성구,관평동,대전광역시 유성구 관평동,3020014600,2504063
441,5999.7,대전광역시,대덕구,오정동,대전광역시 대덕구 오정동,3023010100,2505051
442,2490.7,대전광역시,대덕구,대화동,대전광역시 대덕구 대화동,3023010200,2505052
443,14981,대전광역시,대덕구,송촌동,대전광역시 대덕구 송촌동,3023010700,2505062
444,13924.2,대전광역시,대덕구,중리동,대전광역시 대덕구 중리동,3023010900,2505055
445,5283.9,대전광역시,대덕구,비래동,대전광역시 대덕구 비래동,3023011000,2505054
446,10846.5,대전광역시,대덕구,석봉동,대전광역시 대덕구 석봉동,3023011100,2505059
447,1250.9,대전광역시,대덕구,목상동,대전광역시 대덕구 목상동,3023011200,2505061
448,2444,대전광역시,대덕구,덕암동,대전광역시 대덕구 덕암동,3023011500,2505060
449,502.4,대전광역시,대덕구,신탄진동,대전광역시 대덕구 신탄진동,3023012600,2505058
450,10511.9,울산광역시,중구,학성동,울산광역시 중구 학성동,3111010100,2601051
451,13468,울산광역시,중구,우정동,울산광역시 중구 우정동,3111010800,2601059
452,3094.1,울산광역시,중구,성안동,울산광역시 중구 성안동,3111010900,2601066
453,6110.5,울산광역시,중구,태화동,울산광역시 중구 태화동,3111011100,2601060
454,2893.3,울산광역시,중구,다운동,울산광역시 중구 다운동,3111011200,2601061
455,3884.2,울산광역시,중구,약사동,울산광역시 중구 약사동,3111011700,2601064
456,11270.9,울산광역시,남구,무거동,울산광역시 남구 무거동,3114010100,2602059
457,2175.3,울산광역시,남구,옥동,울산광역시 남구 옥동,3114010200,2602060
458,21728.7,울산광역시,남구,달동,울산광역시 남구 달동,3114010500,2602056
459,9928.2,울산광역시,남구,삼산동,울산광역시 남구 삼산동,3114010600,2602057
460,562.7,울산광역시,남구,선암동,울산광역시 남구 선암동,3114010900,2602064
461,6562.4,울산광역시,동구,방어동,울산광역시 동구 방어동,3117010100,2603051
462,20665.1,울산광역시,동구,화정동,울산광역시 동구 화정동,3117010200,2603053
463,2655.6,울산광역시,동구,일산동,울산광역시 동구 일산동,3117010300,2603052
464,1656.4,울산광역시,북구,효문동,울산광역시 북구 효문동,3120012300,2604056
465,1749.8,울산광역시,북구,양정동,울산광역시 북구 양정동,3120012400,2604058
466,1849.8,울산광역시,북구,송정동,울산광역시 북구 송정동,3120012600,2604057
467,1951.3,울산광역시,북구,염포동,울산광역시 북구 염포동,3120012700,2604059
468,551.3,울산광역시,울주군,온산읍,울산광역시 울주군 온산읍,3171025000,2631011
469,409.9,울산광역시,울주군,언양읍,울산광역시 울주군 언양읍,3171025300,2631012
470,380.4,울산광역시,울주군,온양읍,울산광역시 울주군 온양읍,3171025600,2631013
471,909.5,울산광역시,울주군,범서읍,울산광역시 울주군 범서읍,3171025900,2631014
472,264.2,울산광역시,울주군,청량읍,울산광역시 울주군 청량읍,3171026200,2631015
473,207.4,울산광역시,울주군,서생면,울산광역시 울주군 서생면,3171031000,2631031
474,149.9,울산광역시,울주군,웅촌면,울산광역시 울주군 웅촌면,3171034000,2631034
475,58,울산광역시,울주군,두동면,울산광역시 울주군 두동면,3171036000,2631036
476,37.7,울산광역시,울주군,두서면,울산광역시 울주군 두서면,3171037000,2631037
477,64,울산광역시,울주군,상북면,울산광역시 울주군 상북면,3171038000,2631038
478,575.8,울산광역시,울주군,삼남면,울산광역시 울주군 삼남면,3171039000,2631039
479,26.9,울산광역시,울주군,삼동면,울산광역시 울주군 삼동면,3171040000,2631040
480,15152,경기도,성남시 중원구,성남동,경기도 성남시 중원구 성남동,4113310100,3102251
481,2846,경기도,성남시 중원구,도촌동,경기도 성남시 중원구 도촌동,4113310700,3102261
482,9079.1,경기도,성남시 중원구,하대원동,경기도 성남시 중원구 하대원동,4113310900,3102260
483,21417.1,경기도,성남시 중원구,중앙동,경기도 성남시 중원구 중앙동,4113313200,3102262
484,7653,경기도,성남시 분당구,분당동,경기도 성남시 분당구 분당동,4113510100,3102351
485,20191.4,경기도,성남시 분당구,정자동,경기도 성남시 분당구 정자동,4113510300,3102378
486,5089.3,경기도,성남시 분당구,판교동,경기도 성남시 분당구 판교동,4113510800,3102375
487,8718.9,경기도,성남시 분당구,삼평동,경기도 성남시 분당구 삼평동,4113510900,3102374
488,14293.6,경기도,성남시 분당구,백현동,경기도 성남시 분당구 백현동,4113511000,3102376
489,4818.5,경기도,성남시 분당구,금곡동,경기도 성남시 분당구 금곡동,4113511100,3102371
490,8204.7,경기도,성남시 분당구,구미동,경기도 성남시 분당구 구미동,4113511400,3102367
491,1107.4,경기도,성남시 분당구,운중동,경기도 성남시 분당구 운중동,4113511500,3102368
492,2176.6,경기도,의정부시,장암동,경기도 의정부시 장암동,4115010300,3103056
493,5901.8,경기도,의정부시,녹양동,경기도 의정부시 녹양동,4115011100,3103064
494,15136.2,경기도,의정부시,의정부1동,경기도 의정부시 의정부1동,4115090100,3103051
495,11362,경기도,의정부시,의정부2동,경기도 의정부시 의정부2동,4115090200,3103052
496,13602.4,경기도,의정부시,의정부3동,경기도 의정부시 의정부3동,4115090300,3103053
497,2403,경기도,의정부시,자금동,경기도 의정부시 자금동,4115090700,3103060
498,7065.6,경기도,의정부시,가능1동,경기도 의정부시 가능1동,4115090800,3103061
499,28839.3,경기도,안양시 동안구,평촌동,경기도 안양시 동안구 평촌동,4117310300,3104259
500,16660.3,경기도,부천시,소사동,경기도 부천시 소사동,4119000200,3105055
501,12216.6,경기도,부천시,범박동,경기도 부천시 범박동,4119000300,3105078
502,32152.1,경기도,부천시,괴안동,경기도 부천시 괴안동,4119000700,3105077
503,4820.4,경기도,부천시,춘의동,경기도 부천시 춘의동,4119000900,3105059
504,3258,경기도,부천시,오정동,경기도 부천시 오정동,4119001400,3105083
505,11527.4,경기도,부천시,도당동,경기도 부천시 도당동,4119001600,3105060
506,25490.8,경기도,부천시,약대동,경기도 부천시 약대동,4119001700,3105065
507,32932.1,경기도,부천시,중동,경기도 부천시 중동,4119002000,3105061
508,21965.4,경기도,부천시,상동,경기도 부천시 상동,4119002200,3105062
509,4820.4,경기도,부천시,춘의동,경기도 부천시 춘의동,4119010300,3105059
510,11527.4,경기도,부천시,도당동,경기도 부천시 도당동,4119010400,3105060
511,25490.8,경기도,부천시,약대동,경기도 부천시 약대동,4119010500,3105065
512,16660.3,경기도,부천시,소사동,경기도 부천시 소사동,4119010600,3105055
513,32932.1,경기도,부천시,중동,경기도 부천시 중동,4119010800,3105061
514,21965.4,경기도,부천시,상동,경기도 부천시 상동,4119010900,3105062
515,12448.1,경기도,부천시,소사본동,경기도 부천시 소사본동,4119011000,3105075
516,17643.9,경기도,부천시,심곡본동,경기도 부천시 심곡본동,4119011100,3105071
517,12216.6,경기도,부천시,범박동,경기도 부천시 범박동,4119011200,3105078
518,32152.1,경기도,부천시,괴안동,경기도 부천시 괴안동,4119011300,3105077
519,3258,경기도,부천시,오정동,경기도 부천시 오정동,4119011700,3105083
520,4603.6,인천광역시,서구,연희동,인천광역시 서구 연희동,2826010600,2308053
521,839.5,인천광역시,강화군,강화읍,인천광역시 강화군 강화읍,2871025000,2331011
522,335,인천광역시,강화군,선원면,인천광역시 강화군 선원면,2871031000,2331031
523,143.8,인천광역시,강화군,불은면,인천광역시 강화군 불은면,2871032000,2331032
524,169.2,인천광역시,강화군,길상면,인천광역시 강화군 길상면,2871033000,2331033
525,89.8,인천광역시,강화군,화도면,인천광역시 강화군 화도면,2871034000,2331034
526,101.7,인천광역시,강화군,양도면,인천광역시 강화군 양도면,2871035000,2331035
527,87.9,인천광역시,강화군,내가면,인천광역시 강화군 내가면,2871036000,2331036
528,98.4,인천광역시,강화군,하점면,인천광역시 강화군 하점면,2871037000,2331037
529,62.4,인천광역시,강화군,양사면,인천광역시 강화군 양사면,2871038000,2331038
530,127.2,인천광역시,강화군,송해면,인천광역시 강화군 송해면,2871039000,2331039
531,56.9,인천광역시,강화군,교동면,인천광역시 강화군 교동면,2871040000,2331040
532,462.5,경기도,평택시,청북읍,경기도 평택시 청북읍,4122025900,3107014
533,364.1,경기도,평택시,진위면,경기도 평택시 진위면,4122031000,3107031
534,125.3,경기도,평택시,서탄면,경기도 평택시 서탄면,4122032000,3107032
535,295.2,경기도,평택시,고덕면,경기도 평택시 고덕면,4122033000,3107033
536,201.9,경기도,평택시,오성면,경기도 평택시 오성면,4122034000,3107034
537,115.6,경기도,평택시,현덕면,경기도 평택시 현덕면,4122037000,3107037
538,4628.6,경기도,동두천시,송내동,경기도 동두천시 송내동,4125010100,3108061
539,205.6,경기도,동두천시,보산동,경기도 동두천시 보산동,4125010600,3108055
540,624,경기도,동두천시,상패동,경기도 동두천시 상패동,4125011200,3108060
541,3430.6,경기도,동두천시,생연1동,경기도 동두천시 생연1동,4125090100,3108051
542,14906.6,경기도,동두천시,생연2동,경기도 동두천시 생연2동,4125090200,3108052
543,282.9,경기도,동두천시,소요동,경기도 동두천시 소요동,4125090700,3108058
544,11210.1,경기도,안산시 상록구,일동,경기도 안산시 상록구 일동,4127110100,3109151
545,11635.7,경기도,안산시 상록구,이동,경기도 안산시 상록구 이동,4127110200,3109174
546,16518.3,경기도,안산시 상록구,사동,경기도 안산시 상록구 사동,4127110300,3109176
547,4062.8,경기도,안산시 상록구,부곡동,경기도 안산시 상록구 부곡동,4127110700,3109157
548,14685.9,경기도,안산시 상록구,성포동,경기도 안산시 상록구 성포동,4127110800,3109162
549,7019.6,경기도,안산시 상록구,월피동,경기도 안산시 상록구 월피동,4127110900,3109158
550,13644.9,경기도,안산시 단원구,고잔동,경기도 안산시 단원구 고잔동,4127310100,3109274
551,13179.3,경기도,안산시 단원구,와동,경기도 안산시 단원구 와동,4127310200,3109259
552,3489.2,경기도,안산시 단원구,신길동,경기도 안산시 단원구 신길동,4127310300,3109277
553,1652.5,경기도,안산시 단원구,초지동,경기도 안산시 단원구 초지동,4127310700,3109266
554,5347.9,경기도,안산시 단원구,원곡동,경기도 안산시 단원구 원곡동,4127310800,3109276
555,2884.9,경기도,고양시 덕양구,주교동,경기도 고양시 덕양구 주교동,4128110100,3110151
556,79.8,경기도,고양시 덕양구,효자동,경기도 고양시 덕양구 효자동,4128110800,3110156
557,1297.5,경기도,고양시 덕양구,고양동,경기도 고양시 덕양구 고양동,4128111600,3110159
558,2077.7,경기도,고양시 덕양구,관산동,경기도 고양시 덕양구 관산동,4128111800,3110160
559,744.2,경기도,고양시 덕양구,화전동,경기도 고양시 덕양구 화전동,4128112900,3110167
560,4572.4,경기도,고양시 일산동구,식사동,경기도 고양시 일산동구 식사동,4128510100,3110351
561,14843.6,경기도,고양시 일산동구,중산동,경기도 고양시 일산동구 중산동,4128510200,3110352
562,15943.4,경기도,고양시 일산동구,정발산동,경기도 고양시 일산동구 정발산동,4128510300,3110353
563,21413.6,경기도,고양시 일산서구,탄현동,경기도 고양시 일산서구 탄현동,4128710300,3110454
564,8063.8,경기도,고양시 일산서구,대화동,경기도 고양시 일산서구 대화동,4128710400,3110457
565,587.7,경기도,과천시,문원동,경기도 과천시 문원동,4129010200,3111056
566,2403.8,경기도,과천시,갈현동,경기도 과천시 갈현동,4129010300,3111052
567,797.8,경기도,과천시,과천동,경기도 과천시 과천동,4129010500,3111055
568,898.3,경기도,과천시,중앙동,경기도 과천시 중앙동,4129010700,3111051
569,15700.2,경기도,과천시,별양동,경기도 과천시 별양동,4129010900,3111053
570,23468.7,경기도,과천시,부림동,경기도 과천시 부림동,4129011000,3111054
571,4336.6,경기도,구리시,갈매동,경기도 구리시 갈매동,4131010100,3112051
572,10793.2,경기도,구리시,인창동,경기도 구리시 인창동,4131010300,3112053
573,5301.5,경기도,구리시,동구동,경기도 구리시 동구동,4131090100,3112052
574,10070.6,경기도,평택시,통복동,경기도 평택시 통복동,4133010200,3107061
575,2824.9,경기도,평택시,세교동,경기도 평택시 세교동,4133010800,3107064
576,3543.3,경기도,평택시,신평동,경기도 평택시 신평동,4133090100,3107059
577,3265.8,경기도,평택시,비전1동,경기도 평택시 비전1동,4133090300,3107062
578,8132,경기도,평택시,비전2동,경기도 평택시 비전2동,4133090400,3107063
579,5329.7,경기도,남양주시,호평동,경기도 남양주시 호평동,4136010100,3113051
580,5366.2,경기도,남양주시,평내동,경기도 남양주시 평내동,4136010200,3113052
581,2889.5,경기도,남양주시,금곡동,경기도 남양주시 금곡동,4136010300,3113053
582,3493,경기도,남양주시,별내동,경기도 남양주시 별내동,4136011100,3113057
583,1290.2,경기도,남양주시,와부읍,경기도 남양주시 와부읍,4136025000,3113011
584,1380.4,경기도,남양주시,진접읍,경기도 남양주시 진접읍,4136025300,3113012
585,1415,경기도,남양주시,화도읍,경기도 남양주시 화도읍,4136025600,3113013
586,797.3,경기도,남양주시,진건읍,경기도 남양주시 진건읍,4136025900,3113014
587,2066.6,경기도,남양주시,오남읍,경기도 남양주시 오남읍,4136026200,3113015
588,864.9,경기도,남양주시,별내면,경기도 남양주시 별내면,4136031000,3113031
589,129.9,경기도,남양주시,수동면,경기도 남양주시 수동면,4136034000,3113034
590,75,경기도,남양주시,조안면,경기도 남양주시 조안면,4136036000,3113035
591,9176.3,경기도,남양주시,퇴계원면,경기도 남양주시 퇴계원면,4136037000,3113032
592,7125.8,경기도,오산시,중앙동,경기도 오산시 중앙동,4137090100,3114051
593,3894,경기도,오산시,남촌동,경기도 오산시 남촌동,4137090300,3114053
594,8346.9,경기도,오산시,신장동,경기도 오산시 신장동,4137090400,3114054
595,1373,경기도,오산시,세마동,경기도 오산시 세마동,4137090500,3114055
596,2506.6,경기도,오산시,초평동,경기도 오산시 초평동,4137090600,3114056
597,3112.8,경기도,시흥시,대야동,경기도 시흥시 대야동,4139010100,3115051
598,11342.8,경기도,시흥시,신천동,경기도 시흥시 신천동,4139010200,3115052
599,4757.1,경기도,시흥시,은행동,경기도 시흥시 은행동,4139010600,3115054
600,1143,경기도,시흥시,매화동,경기도 시흥시 매화동,4139010800,3115055
601,203.5,경기도,시흥시,과림동,경기도 시흥시 과림동,4139011200,3115059
602,3634.7,경기도,시흥시,능곡동,경기도 시흥시 능곡동,4139011800,3115067
603,1374.8,경기도,시흥시,목감동,경기도 시흥시 목감동,4139012600,3115056
604,2977.4,경기도,시흥시,군자동,경기도 시흥시 군자동,4139012800,3115068
605,5168.3,경기도,시흥시,장곡동,경기도 시흥시 장곡동,4139013000,3115071
606,1833.9,경기도,시흥시,월곶동,경기도 시흥시 월곶동,4139013100,3115069
607,15128.5,경기도,군포시,금정동,경기도 군포시 금정동,4141010500,3116056
608,10025.6,경기도,군포시,군포1동,경기도 군포시 군포1동,4141090100,3116051
609,8780.3,경기도,군포시,군포2동,경기도 군포시 군포2동,4141090200,3116052
610,25446.2,경기도,군포시,산본1동,경기도 군포시 산본1동,4141090300,3116054
611,19947.9,경기도,군포시,산본2동,경기도 군포시 산본2동,4141090400,3116055
612,1421.5,경기도,의왕시,고천동,경기도 의왕시 고천동,4143010100,3117051
613,5555.8,경기도,의왕시,오전동,경기도 의왕시 오전동,4143010500,3117053
614,861.7,경기도,의왕시,청계동,경기도 의왕시 청계동,4143010800,3117056
615,2268.1,경기도,의왕시,부곡동,경기도 의왕시 부곡동,4143090100,3117052
616,10714.9,경기도,의왕시,내손1동,경기도 의왕시 내손1동,4143090200,3117054
617,22179.5,경기도,의왕시,내손2동,경기도 의왕시 내손2동,4143090300,3117055
618,213,경기도,하남시,천현동,경기도 하남시 천현동,4145010100,3118051
619,3392.2,경기도,하남시,풍산동,경기도 하남시 풍산동,4145011000,3118061
620,255.7,경기도,하남시,감북동,경기도 하남시 감북동,4145011300,3118064
621,234.2,경기도,하남시,춘궁동,경기도 하남시 춘궁동,4145011800,3118059
622,545.7,경기도,하남시,초이동,경기도 하남시 초이동,4145012300,3118060
623,29643,경기도,하남시,신장1동,경기도 하남시 신장1동,4145090100,3118052
624,9837,경기도,하남시,신장2동,경기도 하남시 신장2동,4145090200,3118053
625,17583.1,경기도,하남시,덕풍1동,경기도 하남시 덕풍1동,4145090300,3118054
626,39584.3,경기도,하남시,덕풍2동,경기도 하남시 덕풍2동,4145090400,3118055
627,11864.3,경기도,하남시,덕풍3동,경기도 하남시 덕풍3동,4145090500,3118056
628,804.9,경기도,용인시 처인구,포곡읍,경기도 용인시 처인구 포곡읍,4146125000,3119111
629,558,경기도,용인시 처인구,모현읍,경기도 용인시 처인구 모현읍,4146125300,3119112
630,261.9,경기도,용인시 처인구,이동읍,경기도 용인시 처인구 이동읍,4146125600,3119113
631,109.3,경기도,용인시 처인구,남사면,경기도 용인시 처인구 남사면,4146132000,3119132
632,121,경기도,용인시 처인구,원삼면,경기도 용인시 처인구 원삼면,4146134000,3119134
633,135.8,경기도,용인시 처인구,백암면,경기도 용인시 처인구 백암면,4146135000,3119135
634,326.3,경기도,용인시 처인구,양지면,경기도 용인시 처인구 양지면,4146136000,3119136
635,7078.2,경기도,용인시 기흥구,신갈동,경기도 용인시 기흥구 신갈동,4146310100,3119261
636,6217.6,경기도,용인시 기흥구,구갈동,경기도 용인시 기흥구 구갈동,4146310200,3119252
637,3617.5,경기도,용인시 기흥구,상갈동,경기도 용인시 기흥구 상갈동,4146310300,3119253
638,4562.7,경기도,용인시 기흥구,영덕동,경기도 용인시 기흥구 영덕동,4146311100,3119262
639,5748.9,경기도,용인시 기흥구,마북동,경기도 용인시 기흥구 마북동,4146311300,3119257
640,7439.1,경기도,용인시 기흥구,동백동,경기도 용인시 기흥구 동백동,4146311500,3119258
641,4431.1,경기도,용인시 기흥구,상하동,경기도 용인시 기흥구 상하동,4146311700,3119260
642,5000.6,경기도,용인시 기흥구,보정동,경기도 용인시 기흥구 보정동,4146311800,3119259
643,2069.2,경기도,용인시 수지구,동천동,경기도 용인시 수지구 동천동,4146510300,3119356
644,5232.3,경기도,용인시 수지구,신봉동,경기도 용인시 수지구 신봉동,4146510500,3119353
645,7056.7,경기도,용인시 수지구,성복동,경기도 용인시 수지구 성복동,4146510600,3119359
646,1081.8,경기도,파주시,교하동,경기도 파주시 교하동,4148010700,3120055
647,1008.9,경기도,파주시,문산읍,경기도 파주시 문산읍,4148025000,3120011
648,386.6,경기도,파주시,파주읍,경기도 파주시 파주읍,4148025300,3120012
649,149.6,경기도,파주시,법원읍,경기도 파주시 법원읍,4148025600,3120013
650,1048.7,경기도,파주시,조리읍,경기도 파주시 조리읍,4148026200,3120015
651,513.4,경기도,파주시,월롱면,경기도 파주시 월롱면,4148031000,3120031
652,228.6,경기도,파주시,탄현면,경기도 파주시 탄현면,4148032000,3120032
653,187.4,경기도,파주시,광탄면,경기도 파주시 광탄면,4148035000,3120035
654,85.8,경기도,파주시,파평면,경기도 파주시 파평면,4148036000,3120036
655,81.7,경기도,파주시,적성면,경기도 파주시 적성면,4148037000,3120037
656,9,경기도,파주시,군내면,경기도 파주시 군내면,4148038000,3120038
657,0,경기도,파주시,장단면,경기도 파주시 장단면,4148039000,3120026
658,4.1,경기도,파주시,진동면,경기도 파주시 진동면,4148040000,3120021
659,0,경기도,파주시,진서면,경기도 파주시 진서면,4148041000,3120027
660,15082.7,경기도,이천시,창전동,경기도 이천시 창전동,4150010100,3121051
661,1310.3,경기도,이천시,관고동,경기도 이천시 관고동,4150010200,3121053
662,696.6,경기도,이천시,중리동,경기도 이천시 중리동,4150010300,3121052
663,5435.8,경기도,이천시,증포동,경기도 이천시 증포동,4150010900,3121054
664,246.1,경기도,이천시,장호원읍,경기도 이천시 장호원읍,4150025000,3121011
665,890,경기도,이천시,부발읍,경기도 이천시 부발읍,4150025300,3121012
666,340,경기도,이천시,신둔면,경기도 이천시 신둔면,4150031000,3121031
667,306,경기도,이천시,백사면,경기도 이천시 백사면,4150032000,3121032
668,145.5,경기도,이천시,호법면,경기도 이천시 호법면,4150033000,3121033
669,235.9,경기도,이천시,마장면,경기도 이천시 마장면,4150034000,3121034
670,401.2,경기도,이천시,대월면,경기도 이천시 대월면,4150035000,3121035
671,101.8,경기도,이천시,모가면,경기도 이천시 모가면,4150036000,3121036
672,92.5,경기도,이천시,설성면,경기도 이천시 설성면,4150037000,3121037
673,74,경기도,이천시,율면,경기도 이천시 율면,4150038000,3121038
674,1727.3,경기도,안성시,공도읍,경기도 안성시 공도읍,4155025000,3122011
675,103.6,경기도,안성시,보개면,경기도 안성시 보개면,4155031000,3122031
676,112.2,경기도,안성시,금광면,경기도 안성시 금광면,4155032000,3122032
677,100.5,경기도,안성시,서운면,경기도 안성시 서운면,4155033000,3122033
678,197.8,경기도,안성시,미양면,경기도 안성시 미양면,4155034000,3122034
679,619.1,경기도,안성시,대덕면,경기도 안성시 대덕면,4155035000,3122035
680,98.5,경기도,안성시,양성면,경기도 안성시 양성면,4155036000,3122036
681,125.4,경기도,안성시,원곡면,경기도 안성시 원곡면,4155038000,3122038
682,138.9,경기도,안성시,일죽면,경기도 안성시 일죽면,4155039000,3122039
683,135.8,경기도,안성시,죽산면,경기도 안성시 죽산면,4155040000,3122040
684,127.2,경기도,안성시,삼죽면,경기도 안성시 삼죽면,4155041000,3122041
685,65.9,경기도,안성시,고삼면,경기도 안성시 고삼면,4155042000,3122042
686,4446.4,경기도,김포시,운양동,경기도 김포시 운양동,4157010300,3123060
687,10480.6,경기도,김포시,장기동,경기도 김포시 장기동,4157010400,3123056
688,6107.5,경기도,김포시,사우동,경기도 김포시 사우동,4157010600,3123053
689,11173.7,경기도,김포시,풍무동,경기도 김포시 풍무동,4157010700,3123054
690,8062.9,경기도,김포시,구래동,경기도 김포시 구래동,4157010900,3123058
691,863.9,경기도,김포시,통진읍,경기도 김포시 통진읍,4157025000,3123011
692,995.3,경기도,김포시,고촌읍,경기도 김포시 고촌읍,4157025300,3123012
693,727.9,경기도,김포시,양촌읍,경기도 김포시 양촌읍,4157025600,3123013
694,214.6,경기도,김포시,대곶면,경기도 김포시 대곶면,4157034000,3123034
695,115.2,경기도,김포시,월곶면,경기도 김포시 월곶면,4157035000,3123035
696,137.4,경기도,김포시,하성면,경기도 김포시 하성면,4157036000,3123036
697,5336.6,경기도,화성시,진안동,경기도 화성시 진안동,4159011600,3124052
698,7569.4,경기도,화성시,반월동,경기도 화성시 반월동,4159012000,3124055
699,0,경기도,화성시,새솔동,경기도 화성시 새솔동,4159014000,3124067
700,1706.3,경기도,화성시,봉담읍,경기도 화성시 봉담읍,4159025300,3124012
701,288.1,경기도,화성시,우정읍,경기도 화성시 우정읍,4159025600,3124013
702,1553.4,경기도,화성시,향남읍,경기도 화성시 향남읍,4159025900,3124014
703,450.3,경기도,화성시,남양읍,경기도 화성시 남양읍,4159026200,3124015
704,272,경기도,화성시,매송면,경기도 화성시 매송면,4159031000,3124031
705,143.8,경기도,화성시,비봉면,경기도 화성시 비봉면,4159032000,3124033
706,186.8,경기도,화성시,마도면,경기도 화성시 마도면,4159033000,3124035
707,42255,경기도,광명시,광명1동,경기도 광명시 광명1동,4121090100,3106051
708,39721.6,경기도,광명시,광명2동,경기도 광명시 광명2동,4121090200,3106052
709,29578.5,경기도,광명시,광명3동,경기도 광명시 광명3동,4121090300,3106053
710,48217,경기도,광명시,광명4동,경기도 광명시 광명4동,4121090400,3106054
711,36776,경기도,광명시,광명5동,경기도 광명시 광명5동,4121090500,3106055
712,5868.7,경기도,광명시,광명6동,경기도 광명시 광명6동,4121090600,3106056
713,8426.6,경기도,광명시,광명7동,경기도 광명시 광명7동,4121090700,3106057
714,23025.4,경기도,광명시,철산1동,경기도 광명시 철산1동,4121090800,3106058
715,24361.2,경기도,광명시,철산2동,경기도 광명시 철산2동,4121090900,3106059
716,25600,경기도,광명시,철산3동,경기도 광명시 철산3동,4121091000,3106060
717,40732.7,경기도,광명시,철산4동,경기도 광명시 철산4동,4121091100,3106061
718,8223.3,경기도,광명시,소하1동,경기도 광명시 소하1동,4121091200,3106066
719,4889.9,경기도,광명시,소하2동,경기도 광명시 소하2동,4121091300,3106067
720,159.8,경기도,광명시,학온동,경기도 광명시 학온동,4121091400,3106068
721,12680,경기도,평택시,서정동,경기도 평택시 서정동,4122010100,3107052
722,15850.3,경기도,평택시,지산동,경기도 평택시 지산동,4122011000,3107055
723,10070.6,경기도,평택시,통복동,경기도 평택시 통복동,4122011400,3107061
724,2824.9,경기도,평택시,세교동,경기도 평택시 세교동,4122012000,3107064
725,454.1,경기도,평택시,팽성읍,경기도 평택시 팽성읍,4122025000,3107011
726,1445.3,경기도,평택시,안중읍,경기도 평택시 안중읍,4122025300,3107012
727,393.8,경기도,평택시,포승읍,경기도 평택시 포승읍,4122025600,3107013
728,6035.7,경기도,광주시,경안동,경기도 광주시 경안동,4161010100,3125051
729,2621.2,경기도,광주시,송정동,경기도 광주시 송정동,4161010300,3125052
730,1966.6,경기도,광주시,오포읍,경기도 광주시 오포읍,4161025000,3125011
731,723.3,경기도,광주시,초월읍,경기도 광주시 초월읍,4161025300,3125012
732,279.4,경기도,광주시,곤지암읍,경기도 광주시 곤지암읍,4161025900,3125014
733,161.5,경기도,광주시,도척면,경기도 광주시 도척면,4161033000,3125034
734,217.4,경기도,광주시,퇴촌면,경기도 광주시 퇴촌면,4161034000,3125035
735,28.4,경기도,광주시,남종면,경기도 광주시 남종면,4161035000,3125036
736,76.8,경기도,광주시,남한산성면,경기도 광주시 남한산성면,4161037000,3125038
737,652.5,경기도,양주시,백석읍,경기도 양주시 백석읍,4163025000,3126011
738,180.1,경기도,양주시,은현면,경기도 양주시 은현면,4163031000,3126031
739,193.6,경기도,양주시,남면,경기도 양주시 남면,4163032000,3126032
740,240.7,경기도,양주시,광적면,경기도 양주시 광적면,4163033000,3126033
741,155.3,경기도,양주시,장흥면,경기도 양주시 장흥면,4163034000,3126034
742,645.3,경기도,포천시,선단동,경기도 포천시 선단동,4165010400,3127052
743,941.3,경기도,포천시,소흘읍,경기도 포천시 소흘읍,4165025000,3127011
744,176.1,경기도,포천시,군내면,경기도 포천시 군내면,4165031000,3127031
745,82.7,경기도,포천시,내촌면,경기도 포천시 내촌면,4165032000,3127032
746,193.8,경기도,포천시,가산면,경기도 포천시 가산면,4165033000,3127033
747,131,경기도,포천시,신북면,경기도 포천시 신북면,4165034000,3127034
748,29.2,경기도,포천시,창수면,경기도 포천시 창수면,4165035000,3127035
749,78.6,경기도,포천시,영중면,경기도 포천시 영중면,4165036000,3127036
750,118.6,경기도,포천시,일동면,경기도 포천시 일동면,4165037000,3127037
751,52.9,경기도,포천시,이동면,경기도 포천시 이동면,4165038000,3127038
752,103,경기도,포천시,영북면,경기도 포천시 영북면,4165039000,3127039
753,40.1,경기도,포천시,관인면,경기도 포천시 관인면,4165040000,3127040
754,58.1,경기도,포천시,화현면,경기도 포천시 화현면,4165041000,3127041
755,865.5,경기도,여주시,오학동,경기도 여주시 오학동,4167012100,3128053
756,205,경기도,여주시,가남읍,경기도 여주시 가남읍,4167025000,3128011
757,61.4,경기도,여주시,점동면,경기도 여주시 점동면,4167031000,3128031
758,104.4,경기도,여주시,흥천면,경기도 여주시 흥천면,4167032000,3128033
759,67.3,경기도,여주시,금사면,경기도 여주시 금사면,4167033000,3128034
760,117.9,경기도,여주시,능서면,경기도 여주시 능서면,4167034000,3128032
761,92.8,경기도,여주시,대신면,경기도 여주시 대신면,4167035000,3128036
762,75.1,경기도,여주시,북내면,경기도 여주시 북내면,4167036000,3128037
763,47.9,경기도,여주시,강천면,경기도 여주시 강천면,4167037000,3128038
764,69.1,경기도,여주시,산북면,경기도 여주시 산북면,4167038000,3128035
765,124.2,경기도,가평군,가평읍,경기도 가평군 가평읍,4182025000,3137011
766,61.5,경기도,가평군,설악면,경기도 가평군 설악면,4182031000,3137031
767,115.8,경기도,가평군,청평면,경기도 가평군 청평면,4182032500,3137032
768,50.9,경기도,가평군,상면,경기도 가평군 상면,4182033000,3137033
769,82,경기도,가평군,조종면,경기도 가평군 조종면,4182034500,3137036
770,15.8,경기도,가평군,북면,경기도 가평군 북면,4182035000,3137035
771,678.7,경기도,양평군,양평읍,경기도 양평군 양평읍,4183025000,3138011
772,234.1,경기도,양평군,강상면,경기도 양평군 강상면,4183031000,3138031
773,97.2,경기도,양평군,강하면,경기도 양평군 강하면,4183032000,3138032
774,203.4,경기도,양평군,양서면,경기도 양평군 양서면,4183033000,3138033
775,106,경기도,양평군,옥천면,경기도 양평군 옥천면,4183034000,3138034
776,83.1,경기도,양평군,서종면,경기도 양평군 서종면,4183035000,3138035
777,33.6,경기도,양평군,단월면,경기도 양평군 단월면,4183036000,3138036
778,36.8,경기도,양평군,청운면,경기도 양평군 청운면,4183037000,3138037
779,35.6,경기도,양평군,양동면,경기도 양평군 양동면,4183038000,3138038
780,79.5,경기도,양평군,지평면,경기도 양평군 지평면,4183039500,3138039
781,154.5,경기도,양평군,용문면,경기도 양평군 용문면,4183040000,3138040
782,137.3,경기도,양평군,개군면,경기도 양평군 개군면,4183041000,3138041
783,138.4,경기도,화성시,송산면,경기도 화성시 송산면,4159034000,3124036
784,133.6,경기도,화성시,서신면,경기도 화성시 서신면,4159035000,3124037
785,187.5,경기도,화성시,팔탄면,경기도 화성시 팔탄면,4159036000,3124038
786,144.8,경기도,화성시,장안면,경기도 화성시 장안면,4159037000,3124039
787,123.2,경기도,화성시,양감면,경기도 화성시 양감면,4159040000,3124042
788,280.4,경기도,화성시,정남면,경기도 화성시 정남면,4159041000,3124043
789,89,경기도,연천군,연천읍,경기도 연천군 연천읍,4180025000,3135011
790,336.5,경기도,연천군,전곡읍,경기도 연천군 전곡읍,4180025300,3135012
791,70.1,경기도,연천군,군남면,경기도 연천군 군남면,4180031000,3135031
792,87.5,경기도,연천군,청산면,경기도 연천군 청산면,4180032000,3135032
793,37.2,경기도,연천군,백학면,경기도 연천군 백학면,4180033000,3135033
794,38.5,경기도,연천군,미산면,경기도 연천군 미산면,4180034000,3135034
795,11.8,경기도,연천군,왕징면,경기도 연천군 왕징면,4180035000,3135035
796,18.1,경기도,연천군,신서면,경기도 연천군 신서면,4180036000,3135036
797,2,경기도,연천군,중면,경기도 연천군 중면,4180037000,3135037
798,19.2,경기도,연천군,장남면,경기도 연천군 장남면,4180038000,3135038
799,1186.6,강원도,동해시,북삼동,강원도 동해시 북삼동,4217090100,3204053
800,1399,강원도,동해시,동호동,강원도 동해시 동호동,4217090200,3204055
801,952,강원도,동해시,묵호동,강원도 동해시 묵호동,4217090500,3204059
802,798.2,강원도,태백시,상장동,강원도 태백시 상장동,4219090400,3205054
803,3251.7,강원도,삼척시,정라동,강원도 삼척시 정라동,4223090200,3207054
804,9580,강원도,춘천시,조운동,강원도 춘천시 조운동,4211090200,3201053
805,8246.7,강원도,춘천시,소양동,강원도 춘천시 소양동,4211090400,3201058
806,7370.9,강원도,춘천시,후평1동,강원도 춘천시 후평1동,4211090600,3201060
807,17682,강원도,춘천시,후평2동,강원도 춘천시 후평2동,4211090700,3201061
808,10428.6,강원도,춘천시,효자1동,강원도 춘천시 효자1동,4211090800,3201063
809,8823.4,강원도,춘천시,효자2동,강원도 춘천시 효자2동,4211090900,3201064
810,11743.8,강원도,춘천시,효자3동,강원도 춘천시 효자3동,4211091000,3201065
811,12316.1,강원도,원주시,원인동,강원도 원주시 원인동,4213090200,3202052
812,2459.2,강원도,원주시,태장1동,강원도 원주시 태장1동,4213090500,3202062
813,2983.7,강원도,원주시,태장2동,강원도 원주시 태장2동,4213090600,3202063
814,5367.8,강원도,강릉시,중앙동,강원도 강릉시 중앙동,4215090100,3203052
815,9243.1,강원도,강릉시,교1동,강원도 강릉시 교1동,4215090200,3203055
816,3554.3,강원도,강릉시,교2동,강원도 강릉시 교2동,4215090300,3203056
817,3.8,강원도,철원군,근북면,강원도 철원군 근북면,4278091000,3236021
818,66.1,충청남도,공주시,우성면,충청남도 공주시 우성면,4415038000,3402038
819,35.7,충청남도,공주시,사곡면,충청남도 공주시 사곡면,4415039000,3402039
820,39.1,충청남도,공주시,신풍면,충청남도 공주시 신풍면,4415040000,3402040
821,93.2,충청남도,보령시,웅천읍,충청남도 보령시 웅천읍,4418025000,3403011
822,168.1,충청남도,보령시,주포면,충청남도 보령시 주포면,4418031000,3403031
823,78.6,충청남도,보령시,오천면,충청남도 보령시 오천면,4418032000,3403033
824,61.4,충청남도,보령시,천북면,충청남도 보령시 천북면,4418033000,3403034
825,68.7,충청남도,보령시,청소면,충청남도 보령시 청소면,4418034000,3403035
826,53.8,충청남도,보령시,청라면,충청남도 보령시 청라면,4418035000,3403036
827,101.1,충청남도,보령시,남포면,충청남도 보령시 남포면,4418036000,3403037
828,57.6,충청남도,보령시,주산면,충청남도 보령시 주산면,4418038000,3403038
829,27.2,충청남도,보령시,미산면,충청남도 보령시 미산면,4418039000,3403039
830,55.8,충청남도,보령시,성주면,충청남도 보령시 성주면,4418040000,3403040
831,131.9,충청남도,보령시,주교면,충청남도 보령시 주교면,4418041000,3403032
832,162.3,충청남도,아산시,염치읍,충청남도 아산시 염치읍,4420025000,3404011
833,1343.4,충청남도,아산시,배방읍,충청남도 아산시 배방읍,4420025300,3404012
834,67.2,충청남도,아산시,송악면,충청남도 아산시 송악면,4420031000,3404031
835,1184,충청남도,아산시,탕정면,충청남도 아산시 탕정면,4420033000,3404033
836,341.9,충청남도,아산시,음봉면,충청남도 아산시 음봉면,4420035000,3404034
837,407.9,충청남도,아산시,둔포면,충청남도 아산시 둔포면,4420036000,3404035
838,103,충청남도,아산시,영인면,충청남도 아산시 영인면,4420037000,3404036
839,151,충청남도,아산시,인주면,충청남도 아산시 인주면,4420038000,3404037
840,85.2,충청남도,아산시,선장면,충청남도 아산시 선장면,4420039000,3404038
841,103.4,충청남도,아산시,도고면,충청남도 아산시 도고면,4420040000,3404039
842,649.5,충청남도,아산시,신창면,충청남도 아산시 신창면,4420041000,3404040
843,1668.9,충청남도,서산시,수석동,충청남도 서산시 수석동,4421010600,3405054
844,1027.3,충청남도,서산시,석남동,충청남도 서산시 석남동,4421010800,3405055
845,137.3,충청남도,서산시,대산읍,충청남도 서산시 대산읍,4421025000,3405011
846,206.1,충청남도,서산시,인지면,충청남도 서산시 인지면,4421031000,3405031
847,4346.1,전라남도,목포시,죽교동,전라남도 목포시 죽교동,4611015700,3601067
848,6017.1,전라남도,목포시,상동,전라남도 목포시 상동,4611015800,3601071
849,7487.3,전라남도,목포시,용해동,전라남도 목포시 용해동,4611015900,3601069
850,4261.9,전라남도,목포시,옥암동,전라남도 목포시 옥암동,4611016400,3601075
851,8369.5,전라남도,목포시,용당1동,전라남도 목포시 용당1동,4611090100,3601051
852,6242.9,전라남도,목포시,용당2동,전라남도 목포시 용당2동,4611090200,3601052
853,5851.1,전라남도,목포시,이로동,전라남도 목포시 이로동,4611091300,3601070
854,10105.2,전라남도,목포시,연동,전라남도 목포시 연동,4611091500,3601053
855,721.5,전라남도,목포시,삼향동,전라남도 목포시 삼향동,4611091600,3601074
856,9229.4,전라남도,여수시,중앙동,전라남도 여수시 중앙동,4613010700,3602053
857,3024.9,전라남도,여수시,충무동,전라남도 여수시 충무동,4613011000,3602054
858,7691.6,전라남도,여수시,국동,전라남도 여수시 국동,4613011700,3602058
859,7711.6,전라남도,여수시,여서동,전라남도 여수시 여서동,4613011900,3602060
860,8844.2,전라남도,여수시,문수동,전라남도 여수시 문수동,4613012000,3602061
861,3944.3,전라남도,여수시,미평동,전라남도 여수시 미평동,4613012200,3602062
862,2760.1,전라남도,여수시,둔덕동,전라남도 여수시 둔덕동,4613012300,3602063
863,4289.5,전라남도,여수시,시전동,전라남도 여수시 시전동,4613013200,3602066
864,2839.9,전라남도,여수시,여천동,전라남도 여수시 여천동,4613013600,3602067
865,705.3,전라남도,여수시,주삼동,전라남도 여수시 주삼동,4613013800,3602068
866,81.9,전라남도,여수시,묘도동,전라남도 여수시 묘도동,4613014700,3602070
867,170.8,전라남도,여수시,돌산읍,전라남도 여수시 돌산읍,4613025000,3602011
868,302.3,전라남도,여수시,소라면,전라남도 여수시 소라면,4613031000,3602031
869,118,전라남도,여수시,율촌면,전라남도 여수시 율촌면,4613032000,3602032
870,79.4,전라남도,여수시,화양면,전라남도 여수시 화양면,4613033000,3602033
871,60,전라남도,여수시,남면,전라남도 여수시 남면,4613034000,3602034
872,65.5,전라남도,여수시,화정면,전라남도 여수시 화정면,4613035000,3602035
873,60.7,전라남도,여수시,삼산면,전라남도 여수시 삼산면,4613036000,3602036
874,4928.5,전라남도,순천시,매곡동,전라남도 순천시 매곡동,4615010700,3603054
875,3014.2,전라남도,순천시,조곡동,전라남도 순천시 조곡동,4615011100,3603056
876,2587.3,전라남도,순천시,풍덕동,전라남도 순천시 풍덕동,4615011500,3603058
877,2979.1,전라남도,순천시,저전동,전라남도 순천시 저전동,4615011800,3603060
878,4855.6,전라남도,순천시,장천동,전라남도 순천시 장천동,4615011900,3603061
879,6432.6,전라남도,순천시,중앙동,전라남도 순천시 중앙동,4615012100,3603062
880,26.5,전라남도,순천시,승주읍,전라남도 순천시 승주읍,4615025000,3603011
881,890.6,전라남도,순천시,해룡면,전라남도 순천시 해룡면,4615031000,3603037
882,101.8,전라남도,순천시,서면,전라남도 순천시 서면,4615032000,3603038
883,26.4,전라남도,순천시,황전면,전라남도 순천시 황전면,4615033000,3603039
884,37.8,전라남도,순천시,월등면,전라남도 순천시 월등면,4615034000,3603040
885,31.1,전라남도,순천시,주암면,전라남도 순천시 주암면,4615035000,3603031
886,12.8,전라남도,순천시,송광면,전라남도 순천시 송광면,4615036000,3603032
887,22.8,전라남도,순천시,외서면,전라남도 순천시 외서면,4615037000,3603033
888,48.8,전라남도,순천시,낙안면,전라남도 순천시 낙안면,4615038000,3603034
889,75.9,전라남도,순천시,별량면,전라남도 순천시 별량면,4615039000,3603035
890,43.5,전라남도,순천시,상사면,전라남도 순천시 상사면,4615040000,3603036
891,1251.4,전라남도,순천시,삼산동,전라남도 순천시 삼산동,4615090400,3603055
892,8740.5,전라남도,순천시,덕연동,전라남도 순천시 덕연동,4615090500,3603057
893,3502.8,전라남도,순천시,남제동,전라남도 순천시 남제동,4615090600,3603059
894,1403.4,전라남도,나주시,송월동,전라남도 나주시 송월동,4617010200,3604051
895,1314.1,전라남도,나주시,성북동,전라남도 나주시 성북동,4617011400,3604055
896,279.6,전라남도,나주시,영산동,전라남도 나주시 영산동,4617012300,3604058
897,228.4,전라남도,나주시,이창동,전라남도 나주시 이창동,4617012800,3604060
898,3520,전라남도,나주시,빛가람동,전라남도 나주시 빛가람동,4617013400,3604061
899,147.1,전라남도,나주시,남평읍,전라남도 나주시 남평읍,4617025000,3604011
900,81,전라남도,나주시,세지면,전라남도 나주시 세지면,4617031000,3604031
901,93.2,전라남도,나주시,왕곡면,전라남도 나주시 왕곡면,4617032000,3604032
902,64.4,전라남도,나주시,반남면,전라남도 나주시 반남면,4617033000,3604033
903,67.9,전라남도,나주시,공산면,전라남도 나주시 공산면,4617034000,3604034
904,54,전라남도,나주시,동강면,전라남도 나주시 동강면,4617035000,3604035
905,59.6,전라남도,나주시,다시면,전라남도 나주시 다시면,4617036000,3604036
906,38.7,전라남도,나주시,문평면,전라남도 나주시 문평면,4617037000,3604037
907,104.8,전라남도,나주시,노안면,전라남도 나주시 노안면,4617038000,3604038
908,182.2,전라남도,나주시,금천면,전라남도 나주시 금천면,4617039000,3604039
909,152.5,전라남도,나주시,산포면,전라남도 나주시 산포면,4617040000,3604040
910,66.4,전라남도,광양시,옥곡면,전라남도 광양시 옥곡면,4623033000,3606033
911,49.1,전라남도,광양시,진상면,전라남도 광양시 진상면,4623034000,3606034
912,68.5,전라남도,광양시,진월면,전라남도 광양시 진월면,4623035000,3606035
913,25.1,전라남도,광양시,다압면,전라남도 광양시 다압면,4623036000,3606036
914,459.8,전라남도,담양군,담양읍,전라남도 담양군 담양읍,4671025000,3631011
915,129.1,전라남도,담양군,봉산면,전라남도 담양군 봉산면,4671031000,3631031
916,105.6,전라남도,담양군,고서면,전라남도 담양군 고서면,4671032000,3631032
917,27.4,전라남도,담양군,남면,전라남도 담양군 남면,4671033000,3631033
918,117.1,전라남도,담양군,창평면,전라남도 담양군 창평면,4671034000,3631034
919,30.6,전라남도,담양군,대덕면,전라남도 담양군 대덕면,4671035000,3631035
920,55.5,전라남도,담양군,무정면,전라남도 담양군 무정면,4671036000,3631036
921,65.3,전라남도,담양군,금성면,전라남도 담양군 금성면,4671037000,3631037
922,25.4,전라남도,나주시,다도면,전라남도 나주시 다도면,4617042000,3604041
923,63.5,전라남도,나주시,봉황면,전라남도 나주시 봉황면,4617043000,3604042
924,466.1,전라남도,나주시,영강동,전라남도 나주시 영강동,4617090100,3604052
925,473.6,전라남도,나주시,금남동,전라남도 나주시 금남동,4617090300,3604054
926,3529.7,전라남도,광양시,광영동,전라남도 광양시 광영동,4623010800,3606054
927,286.1,전라남도,광양시,태인동,전라남도 광양시 태인동,4623010900,3606055
928,543.8,전라남도,광양시,금호동,전라남도 광양시 금호동,4623011000,3606056
929,796.7,전라남도,광양시,광양읍,전라남도 광양시 광양읍,4623025000,3606011
930,34.2,전라남도,광양시,봉강면,전라남도 광양시 봉강면,4623031000,3606031
931,39.8,전라남도,광양시,옥룡면,전라남도 광양시 옥룡면,4623032000,3606032
932,349.7,충청남도,부여군,부여읍,충청남도 부여군 부여읍,4476025000,3433011
933,227.9,충청남도,부여군,규암면,충청남도 부여군 규암면,4476031000,3433031
934,53.9,충청남도,부여군,은산면,충청남도 부여군 은산면,4476032000,3433032
935,42.6,충청남도,부여군,외산면,충청남도 부여군 외산면,4476033000,3433033
936,38.3,충청남도,부여군,내산면,충청남도 부여군 내산면,4476034000,3433034
937,108,충청남도,부여군,구룡면,충청남도 부여군 구룡면,4476035000,3433035
938,125.3,충청남도,부여군,홍산면,충청남도 부여군 홍산면,4476036000,3433036
939,55.2,충청남도,부여군,옥산면,충청남도 부여군 옥산면,4476037000,3433037
940,88.4,충청남도,부여군,남면,충청남도 부여군 남면,4476038000,3433038
941,31.2,충청남도,부여군,충화면,충청남도 부여군 충화면,4476039000,3433039
942,52.6,충청남도,부여군,양화면,충청남도 부여군 양화면,4476040000,3433040
943,67.8,충청남도,부여군,임천면,충청남도 부여군 임천면,4476041000,3433041
944,62,충청남도,부여군,장암면,충청남도 부여군 장암면,4476042000,3433042
945,74.3,충청남도,부여군,세도면,충청남도 부여군 세도면,4476043000,3433043
946,97,충청남도,부여군,석성면,충청남도 부여군 석성면,4476044000,3433044
947,80.6,충청남도,부여군,초촌면,충청남도 부여군 초촌면,4476045000,3433045
948,572.2,충청남도,서천군,장항읍,충청남도 서천군 장항읍,4477011000,3434011
949,572.2,충청남도,서천군,장항읍,충청남도 서천군 장항읍,4477025000,3434011
950,484.8,충청남도,서천군,서천읍,충청남도 서천군 서천읍,4477025300,3434012
951,130.6,충청남도,서천군,마서면,충청남도 서천군 마서면,4477031000,3434031
952,72.5,충청남도,서천군,화양면,충청남도 서천군 화양면,4477032000,3434032
953,81.4,충청남도,서천군,기산면,충청남도 서천군 기산면,4477033000,3434033
954,100.1,충청남도,서천군,한산면,충청남도 서천군 한산면,4477034000,3434034
955,55.5,충청남도,서천군,마산면,충청남도 서천군 마산면,4477035000,3434035
956,65.3,충청남도,서천군,시초면,충청남도 서천군 시초면,4477036000,3434036
957,43.2,충청남도,서천군,문산면,충청남도 서천군 문산면,4477037000,3434037
958,53.7,충청남도,서천군,판교면,충청남도 서천군 판교면,4477038000,3434038
959,86.6,충청남도,서천군,종천면,충청남도 서천군 종천면,4477039000,3434039
960,93.6,충청남도,서천군,비인면,충청남도 서천군 비인면,4477040000,3434040
961,120.6,충청남도,서천군,서면,충청남도 서천군 서면,4477041000,3434041
962,282.8,충청남도,청양군,청양읍,충청남도 청양군 청양읍,4479025000,3435011
963,45.4,충청남도,청양군,운곡면,충청남도 청양군 운곡면,4479031000,3435031
964,27.4,충청남도,청양군,대치면,충청남도 청양군 대치면,4479032000,3435032
965,55,충청남도,청양군,정산면,충청남도 청양군 정산면,4479033000,3435033
966,42,충청남도,청양군,목면,충청남도 청양군 목면,4479034000,3435034
967,52.7,충청남도,청양군,청남면,충청남도 청양군 청남면,4479035000,3435035
968,46.4,충청남도,청양군,장평면,충청남도 청양군 장평면,4479036000,3435036
969,44.5,충청남도,청양군,남양면,충청남도 청양군 남양면,4479037000,3435037
970,51.2,충청남도,청양군,화성면,충청남도 청양군 화성면,4479038000,3435038
971,52.6,충청남도,청양군,비봉면,충청남도 청양군 비봉면,4479039000,3435039
972,1358.9,충청남도,홍성군,홍성읍,충청남도 홍성군 홍성읍,4480025000,3436011
973,246.5,충청남도,홍성군,광천읍,충청남도 홍성군 광천읍,4480025300,3436012
974,564.2,충청남도,홍성군,홍북읍,충청남도 홍성군 홍북읍,4480025600,3436013
975,98.4,충청남도,홍성군,금마면,충청남도 홍성군 금마면,4480032000,3436032
976,88.7,충청남도,홍성군,홍동면,충청남도 홍성군 홍동면,4480033000,3436033
977,51.8,충청남도,홍성군,장곡면,충청남도 홍성군 장곡면,4480034000,3436034
978,78.2,충청남도,홍성군,은하면,충청남도 홍성군 은하면,4480035000,3436035
979,73.4,충청남도,홍성군,결성면,충청남도 홍성군 결성면,4480036000,3436036
980,55,충청남도,홍성군,서부면,충청남도 홍성군 서부면,4480037000,3436037
981,65.7,충청남도,홍성군,갈산면,충청남도 홍성군 갈산면,4480038000,3436038
982,98.2,충청남도,홍성군,구항면,충청남도 홍성군 구항면,4480039000,3436039
983,784.2,충청남도,예산군,예산읍,충청남도 예산군 예산읍,4481025000,3437011
984,144.2,충청남도,예산군,삽교읍,충청남도 예산군 삽교읍,4481025300,3437012
985,38.8,충청남도,예산군,대술면,충청남도 예산군 대술면,4481031000,3437031
986,49.2,충청남도,예산군,신양면,충청남도 예산군 신양면,4481032000,3437032
987,52.9,충청남도,예산군,광시면,충청남도 예산군 광시면,4481033000,3437033
988,47.8,충청남도,예산군,대흥면,충청남도 예산군 대흥면,4481034000,3437034
989,94.6,충청남도,예산군,응봉면,충청남도 예산군 응봉면,4481035000,3437035
990,108.9,충청남도,예산군,덕산면,충청남도 예산군 덕산면,4481036000,3437036
991,72,충청남도,예산군,봉산면,충청남도 예산군 봉산면,4481037000,3437037
992,100.1,충청남도,예산군,고덕면,충청남도 예산군 고덕면,4481038000,3437038
993,105.1,충청남도,예산군,신암면,충청남도 예산군 신암면,4481039000,3437039
994,133.3,충청남도,예산군,오가면,충청남도 예산군 오가면,4481040000,3437040
995,15947.4,충청북도,청주시 서원구,사창동,충청북도 청주시 서원구 사창동,4311210200,3304253
996,10952.2,충청북도,청주시 서원구,모충동,충청북도 청주시 서원구 모충동,4311210300,3304254
997,7521.9,충청북도,청주시 서원구,산남동,충청북도 청주시 서원구 산남동,4311210400,3304255
998,5625.5,충청북도,청주시 서원구,분평동,충청북도 청주시 서원구 분평동,4311210600,3304256
999,170.9,충청북도,청주시 서원구,남이면,충청북도 청주시 서원구 남이면,4311231000,3304231
1000,89.1,충청북도,청주시 서원구,현도면,충청북도 청주시 서원구 현도면,4311232000,3304232
1001,14980.6,충청북도,청주시 흥덕구,가경동,충청북도 청주시 흥덕구 가경동,4311311300,3304354
1002,511.1,충청북도,청주시 흥덕구,오송읍,충청북도 청주시 흥덕구 오송읍,4311325000,3304311
1003,420.7,충청북도,청주시 흥덕구,강내면,충청북도 청주시 흥덕구 강내면,4311331000,3304331
1004,178.4,충청북도,청주시 흥덕구,옥산면,충청북도 청주시 흥덕구 옥산면,4311332000,3304332
1005,7466.5,충청북도,청주시 청원구,우암동,충청북도 청주시 청원구 우암동,4311410100,3304452
1006,380,충청북도,청주시 청원구,내수읍,충청북도 청주시 청원구 내수읍,4311425000,3304411
1007,754,충청북도,청주시 청원구,오창읍,충청북도 청주시 청원구 오창읍,4311425300,3304412
1008,93.4,충청북도,청주시 청원구,북이면,충청북도 청주시 청원구 북이면,4311431000,3304431
1009,10095.8,충청북도,충주시,용산동,충청북도 충주시 용산동,4313010600,3302055
1010,335.6,충청북도,충주시,달천동,충청북도 충주시 달천동,4313011400,3302060
1011,2802.6,충청북도,충주시,봉방동,충청북도 충주시 봉방동,4313011500,3302061
1012,7761.9,충청북도,충주시,연수동,충청북도 충주시 연수동,4313011800,3302063
1013,9377.1,충청북도,충주시,지현동,충청북도 충주시 지현동,4313012500,3302056
1014,9986.4,충청북도,충주시,문화동,충청북도 충주시 문화동,4313012700,3302057
1015,101.7,충청북도,충주시,주덕읍,충청북도 충주시 주덕읍,4313025000,3302011
1016,21.5,충청북도,충주시,살미면,충청북도 충주시 살미면,4313031000,3302031
1017,41.1,충청북도,충주시,수안보면,충청북도 충주시 수안보면,4313032500,3302032
1018,158,충청북도,충주시,대소원면,충청북도 충주시 대소원면,4313033500,3302043
1019,53,충청북도,충주시,신니면,충청북도 충주시 신니면,4313035000,3302034
1020,36,충청북도,충주시,노은면,충청북도 충주시 노은면,4313036000,3302035
1021,38.2,충청북도,충주시,앙성면,충청북도 충주시 앙성면,4313037000,3302036
1022,56.9,충청북도,충주시,중앙탑면,충청북도 충주시 중앙탑면,4313038500,3302044
1023,119,충청북도,충주시,금가면,충청북도 충주시 금가면,4313039000,3302038
1024,33.6,충청북도,충주시,동량면,충청북도 충주시 동량면,4313040000,3302039
1025,30.2,충청북도,충주시,산척면,충청북도 충주시 산척면,4313041000,3302040
1026,56.7,충청북도,충주시,엄정면,충청북도 충주시 엄정면,4313042000,3302041
1027,28.7,충청북도,충주시,소태면,충청북도 충주시 소태면,4313043000,3302042
1028,9156,충청북도,충주시,교현2동,충청북도 충주시 교현2동,4313090200,3302054
1029,4848.1,충청북도,제천시,교동,충청북도 제천시 교동,4315010500,3303051
1030,1131.4,충청북도,제천시,화산동,충청북도 제천시 화산동,4315010900,3303060
1031,6187.5,충청북도,제천시,청전동,충청북도 제천시 청전동,4315011300,3303059
1032,339.2,충청북도,제천시,신백동,충청북도 제천시 신백동,4315012000,3303072
1033,46.3,충청북도,제천시,봉양읍,충청북도 제천시 봉양읍,4315025000,3303011
1034,29.6,충청북도,제천시,금성면,충청북도 제천시 금성면,4315031000,3303031
1035,12.8,충청북도,제천시,청풍면,충청북도 제천시 청풍면,4315032000,3303032
1036,22,충청북도,제천시,수산면,충청북도 제천시 수산면,4315033000,3303033
1037,20.1,충청북도,제천시,덕산면,충청북도 제천시 덕산면,4315034000,3303034
1038,9.4,충청북도,제천시,한수면,충청북도 제천시 한수면,4315035000,3303035
1039,23,충청북도,제천시,백운면,충청북도 제천시 백운면,4315036000,3303036
1040,63.8,충청북도,제천시,송학면,충청북도 제천시 송학면,4315038000,3303037
1041,6124,충청북도,제천시,중앙동,충청북도 제천시 중앙동,4315090100,3303074
1042,1317.8,충청북도,제천시,용두동,충청북도 제천시 용두동,4315090300,3303056
1043,225.6,충청북도,보은군,보은읍,충청북도 보은군 보은읍,4372025000,3332011
1044,19.2,충청북도,보은군,속리산면,충청북도 보은군 속리산면,4372031500,3332031
1045,52.3,충청북도,보은군,장안면,충청북도 보은군 장안면,4372032500,3332032
1046,32.2,충청북도,보은군,마로면,충청북도 보은군 마로면,4372033000,3332033
1047,52,충청북도,보은군,탄부면,충청북도 보은군 탄부면,4372034000,3332034
1048,83.1,충청북도,보은군,삼승면,충청북도 보은군 삼승면,4372035000,3332035
1049,40,충청북도,보은군,수한면,충청북도 보은군 수한면,4372036000,3332036
1050,14.6,충청북도,보은군,회남면,충청북도 보은군 회남면,4372037000,3332037
1051,31.9,충청북도,보은군,회인면,충청북도 보은군 회인면,4372038500,3332038
1052,28.8,충청북도,보은군,내북면,충청북도 보은군 내북면,4372039000,3332039
1053,28.5,충청북도,보은군,산외면,충청북도 보은군 산외면,4372040000,3332040
1054,585,충청북도,옥천군,옥천읍,충청북도 옥천군 옥천읍,4373025000,3333011
1055,49.8,충청북도,옥천군,동이면,충청북도 옥천군 동이면,4373031000,3333031
1056,41.7,충청북도,옥천군,안남면,충청북도 옥천군 안남면,4373032000,3333032
1057,28.3,충청북도,옥천군,안내면,충청북도 옥천군 안내면,4373033000,3333033
1058,26.7,충청북도,옥천군,청성면,충청북도 옥천군 청성면,4373034000,3333034
1059,40.9,충청북도,옥천군,청산면,충청북도 옥천군 청산면,4373035000,3333035
1060,41.4,충청북도,영동군,매곡면,충청북도 영동군 매곡면,4374034000,3334034
1061,16.3,충청북도,영동군,상촌면,충청북도 영동군 상촌면,4374035000,3334035
1062,37.7,충청북도,영동군,양강면,충청북도 영동군 양강면,4374036000,3334036
1063,15.9,충청북도,영동군,용화면,충청북도 영동군 용화면,4374037000,3334037
1064,36.5,충청북도,영동군,학산면,충청북도 영동군 학산면,4374038000,3334038
1065,31,충청북도,영동군,양산면,충청북도 영동군 양산면,4374039000,3334039
1066,40.7,충청북도,영동군,심천면,충청북도 영동군 심천면,4374040000,3334040
1067,621.8,충청북도,증평군,증평읍,충청북도 증평군 증평읍,4374525000,3339014
1068,123.3,충청북도,진천군,이월면,충청북도 진천군 이월면,4375035000,3335035
1069,361.2,충청북도,진천군,광혜원면,충청북도 진천군 광혜원면,4375037000,3335036
1070,235.1,충청북도,괴산군,괴산읍,충청북도 괴산군 괴산읍,4376025000,3336011
1071,45.5,충청북도,괴산군,감물면,충청북도 괴산군 감물면,4376031000,3336031
1072,29,충청북도,괴산군,장연면,충청북도 괴산군 장연면,4376032000,3336032
1073,23.9,충청북도,괴산군,연풍면,충청북도 괴산군 연풍면,4376033000,3336033
1074,28.1,충청북도,괴산군,칠성면,충청북도 괴산군 칠성면,4376034000,3336034
1075,35.3,충청북도,괴산군,문광면,충청북도 괴산군 문광면,4376035000,3336035
1076,23.2,충청북도,괴산군,청천면,충청북도 괴산군 청천면,4376036000,3336036
1077,43.9,충청북도,괴산군,청안면,충청북도 괴산군 청안면,4376037000,3336037
1078,50.5,충청북도,괴산군,사리면,충청북도 괴산군 사리면,4376039000,3336038
1079,38.6,충청북도,괴산군,소수면,충청북도 괴산군 소수면,4376040000,3336039
1080,43.3,충청북도,괴산군,불정면,충청북도 괴산군 불정면,4376041000,3336040
1081,60.7,충청북도,옥천군,이원면,충청북도 옥천군 이원면,4373036000,3333036
1082,47.3,충청북도,옥천군,군서면,충청북도 옥천군 군서면,4373037000,3333037
1083,43.5,충청북도,옥천군,군북면,충청북도 옥천군 군북면,4373038000,3333038
1084,220.9,충청북도,영동군,영동읍,충청북도 영동군 영동읍,4374025000,3334011
1085,46.5,충청북도,영동군,용산면,충청북도 영동군 용산면,4374031000,3334031
1086,46.5,충청북도,영동군,황간면,충청북도 영동군 황간면,4374032000,3334032
1087,39.2,충청북도,영동군,추풍령면,충청북도 영동군 추풍령면,4374033500,3334033
1088,194.2,충청북도,음성군,음성읍,충청북도 음성군 음성읍,4377025000,3337011
1089,285.6,충청북도,음성군,금왕읍,충청북도 음성군 금왕읍,4377025300,3337012
1090,60.6,충청북도,음성군,소이면,충청북도 음성군 소이면,4377031000,3337031
1091,49.6,충청북도,음성군,원남면,충청북도 음성군 원남면,4377032000,3337032
1092,71.5,충청북도,증평군,도안면,충청북도 증평군 도안면,4374531000,3339031
1093,426,충청북도,진천군,진천읍,충청북도 진천군 진천읍,4375025000,3335011
1094,391.8,충청북도,진천군,덕산면,충청북도 진천군 덕산면,4375031000,3335031
1095,42.4,충청북도,진천군,초평면,충청북도 진천군 초평면,4375032000,3335032
1096,63.2,충청북도,진천군,문백면,충청북도 진천군 문백면,4375033000,3335033
1097,26.5,충청북도,진천군,백곡면,충청북도 진천군 백곡면,4375034000,3335034
1098,336.2,충청북도,음성군,맹동면,충청북도 음성군 맹동면,4377033000,3337033
1099,393.4,충청북도,음성군,대소면,충청북도 음성군 대소면,4377034000,3337034
1100,135.6,충청북도,음성군,삼성면,충청북도 음성군 삼성면,4377035000,3337035
1101,79.4,충청북도,음성군,생극면,충청북도 음성군 생극면,4377036000,3337036
1102,154.1,충청북도,음성군,감곡면,충청북도 음성군 감곡면,4377037000,3337037
1103,129.8,충청북도,단양군,단양읍,충청북도 단양군 단양읍,4380025000,3338011
1104,84.2,충청북도,단양군,매포읍,충청북도 단양군 매포읍,4380025300,3338012
1105,17.4,충청북도,단양군,대강면,충청북도 단양군 대강면,4380031000,3338032
1106,18.5,충청북도,단양군,가곡면,충청북도 단양군 가곡면,4380032000,3338033
1107,17.8,충청북도,단양군,영춘면,충청북도 단양군 영춘면,4380033000,3338034
1108,23.4,충청북도,단양군,어상천면,충청북도 단양군 어상천면,4380034000,3338035
1109,19.5,충청북도,단양군,적성면,충청북도 단양군 적성면,4380035000,3338036
1110,24.9,충청북도,단양군,단성면,충청북도 단양군 단성면,4380036000,3338031
1111,11380.5,충청남도,천안시 동남구,봉명동,충청남도 천안시 동남구 봉명동,4413111300,3401155
1112,8399.9,충청남도,천안시 동남구,신방동,충청남도 천안시 동남구 신방동,4413111600,3401157
1113,404.6,충청남도,천안시 동남구,목천읍,충청남도 천안시 동남구 목천읍,4413125000,3401111
1114,133.8,충청남도,천안시 동남구,풍세면,충청남도 천안시 동남구 풍세면,4413131000,3401131
1115,52.4,충청남도,천안시 동남구,광덕면,충청남도 천안시 동남구 광덕면,4413132000,3401132
1116,74.5,충청남도,천안시 동남구,북면,충청남도 천안시 동남구 북면,4413133000,3401133
1117,98.3,충청남도,천안시 동남구,성남면,충청남도 천안시 동남구 성남면,4413134000,3401134
1118,94.7,충청남도,천안시 동남구,수신면,충청남도 천안시 동남구 수신면,4413135000,3401135
1119,159.4,충청남도,천안시 동남구,병천면,충청남도 천안시 동남구 병천면,4413136000,3401136
1120,50.4,충청남도,천안시 동남구,동면,충청남도 천안시 동남구 동면,4413137000,3401137
1121,8502.8,충청남도,천안시 서북구,백석동,충청남도 천안시 서북구 백석동,4413310300,3401258
1122,10377.2,충청남도,천안시 서북구,불당동,충청남도 천안시 서북구 불당동,4413310800,3401259
1123,483.7,충청남도,천안시 서북구,성환읍,충청남도 천안시 서북구 성환읍,4413325000,3401211
1124,702.7,충청남도,천안시 서북구,성거읍,충청남도 천안시 서북구 성거읍,4413325300,3401212
1125,642.4,충청남도,천안시 서북구,직산읍,충청남도 천안시 서북구 직산읍,4413325600,3401213
1126,221,충청남도,천안시 서북구,입장면,충청남도 천안시 서북구 입장면,4413331000,3401231
1127,3964.8,충청남도,공주시,중학동,충청남도 공주시 중학동,4415010300,3402051
1128,1249.2,충청남도,공주시,웅진동,충청남도 공주시 웅진동,4415010700,3402058
1129,431.5,충청남도,공주시,옥룡동,충청남도 공주시 옥룡동,4415010900,3402056
1130,214.5,충청남도,공주시,금학동,충청남도 공주시 금학동,4415011000,3402055
1131,429.8,충청남도,공주시,월송동,충청남도 공주시 월송동,4415011900,3402059
1132,2577.7,충청남도,공주시,신관동,충청남도 공주시 신관동,4415012000,3402057
1133,72.9,충청남도,공주시,유구읍,충청남도 공주시 유구읍,4415025000,3402011
1134,51.5,충청남도,공주시,이인면,충청남도 공주시 이인면,4415031000,3402031
1135,48.4,충청남도,공주시,탄천면,충청남도 공주시 탄천면,4415032000,3402032
1136,64.8,충청남도,공주시,계룡면,충청남도 공주시 계룡면,4415033000,3402033
1137,72.6,충청남도,공주시,반포면,충청남도 공주시 반포면,4415034000,3402034
1138,95.8,충청남도,공주시,의당면,충청남도 공주시 의당면,4415036000,3402036
1139,46.9,충청남도,공주시,정안면,충청남도 공주시 정안면,4415037000,3402037
1140,10998.5,전라남도,목포시,산정동,전라남도 목포시 산정동,4611010200,3601055
1141,2300.4,전라남도,목포시,연산동,전라남도 목포시 연산동,4611010300,3601056
1142,13692.9,전라남도,목포시,대성동,전라남도 목포시 대성동,4611010400,3601058
1143,8487.4,전라남도,목포시,동명동,전라남도 목포시 동명동,4611011800,3601062
1144,406.5,전라남도,목포시,유달동,전라남도 목포시 유달동,4611013200,3601065
1145,2238.1,전라남도,목포시,만호동,전라남도 목포시 만호동,4611013900,3601064
1146,14152.2,충청북도,청주시 상당구,영운동,충청북도 청주시 상당구 영운동,4311111900,3304154
1147,21557.3,충청북도,청주시 상당구,금천동,충청북도 청주시 상당구 금천동,4311112000,3304155
1148,36.1,충청북도,청주시 상당구,낭성면,충청북도 청주시 상당구 낭성면,4311131000,3304131
1149,39.6,충청북도,청주시 상당구,미원면,충청북도 청주시 상당구 미원면,4311132000,3304132
1150,76.6,충청북도,청주시 상당구,가덕면,충청북도 청주시 상당구 가덕면,4311133000,3304133
1151,197.5,충청북도,청주시 상당구,남일면,충청북도 청주시 상당구 남일면,4311134000,3304134
1152,42.1,충청북도,청주시 상당구,문의면,충청북도 청주시 상당구 문의면,4311135000,3304135
1153,26.8,전라남도,담양군,용면,전라남도 담양군 용면,4671038000,3631038
1154,44.9,전라남도,담양군,월산면,전라남도 담양군 월산면,4671039000,3631039
1155,128.6,전라남도,담양군,수북면,전라남도 담양군 수북면,4671040000,3631040
1156,139.9,전라남도,담양군,대전면,전라남도 담양군 대전면,4671041000,3631041
1157,150.1,전라남도,곡성군,곡성읍,전라남도 곡성군 곡성읍,4672025000,3632011
1158,27.1,전라남도,곡성군,오곡면,전라남도 곡성군 오곡면,4672031000,3632031
1159,40.4,전라남도,곡성군,삼기면,전라남도 곡성군 삼기면,4672032000,3632032
1160,42.2,전라남도,곡성군,석곡면,전라남도 곡성군 석곡면,4672033000,3632033
1161,27.6,전라남도,곡성군,목사동면,전라남도 곡성군 목사동면,4672034000,3632034
1162,17.1,전라남도,곡성군,죽곡면,전라남도 곡성군 죽곡면,4672035000,3632035
1163,27.7,전라남도,곡성군,고달면,전라남도 곡성군 고달면,4672036000,3632036
1164,168,전라남도,곡성군,옥과면,전라남도 곡성군 옥과면,4672037000,3632037
1165,68.8,전라남도,곡성군,입면,전라남도 곡성군 입면,4672038000,3632038
1166,42.2,전라남도,곡성군,겸면,전라남도 곡성군 겸면,4672039000,3632039
1167,30.3,전라남도,곡성군,오산면,전라남도 곡성군 오산면,4672040000,3632040
1168,226.9,전라남도,구례군,구례읍,전라남도 구례군 구례읍,4673025000,3633011
1169,32.4,전라남도,구례군,문척면,전라남도 구례군 문척면,4673031000,3633031
1170,19.7,전라남도,구례군,간전면,전라남도 구례군 간전면,4673032000,3633032
1171,24.5,전라남도,구례군,토지면,전라남도 구례군 토지면,4673033000,3633033
1172,74.9,전라남도,구례군,마산면,전라남도 구례군 마산면,4673034000,3633034
1173,63.3,전라남도,구례군,광의면,전라남도 구례군 광의면,4673035000,3633035
1174,57.1,전라남도,구례군,용방면,전라남도 구례군 용방면,4673036000,3633036
1175,26.7,전라남도,구례군,산동면,전라남도 구례군 산동면,4673037000,3633037
1176,247.8,전라남도,고흥군,고흥읍,전라남도 고흥군 고흥읍,4677025000,3635011
1177,282.9,전라남도,고흥군,도양읍,전라남도 고흥군 도양읍,4677025300,3635012
1178,58.1,전라남도,고흥군,풍양면,전라남도 고흥군 풍양면,4677031000,3635031
1179,56.2,전라남도,고흥군,도덕면,전라남도 고흥군 도덕면,4677032000,3635032
1180,60.6,전라남도,고흥군,금산면,전라남도 고흥군 금산면,4677033000,3635033
1181,55.8,전라남도,고흥군,도화면,전라남도 고흥군 도화면,4677034000,3635034
1182,39.7,전라남도,고흥군,포두면,전라남도 고흥군 포두면,4677035000,3635035
1183,61.7,전라남도,고흥군,봉래면,전라남도 고흥군 봉래면,4677036000,3635036
1184,36.2,전라남도,고흥군,점암면,전라남도 고흥군 점암면,4677037000,3635038
1185,73.2,전라남도,고흥군,과역면,전라남도 고흥군 과역면,4677038000,3635040
1186,56.6,전라남도,고흥군,남양면,전라남도 고흥군 남양면,4677039000,3635041
1187,68.3,전라남도,고흥군,동강면,전라남도 고흥군 동강면,4677040000,3635042
1188,60.9,전라남도,고흥군,대서면,전라남도 고흥군 대서면,4677041000,3635043
1189,45,전라남도,고흥군,두원면,전라남도 고흥군 두원면,4677042000,3635044
1190,29.3,전라남도,고흥군,영남면,전라남도 고흥군 영남면,4677044000,3635039
1191,62.5,전라남도,고흥군,동일면,전라남도 고흥군 동일면,4677045000,3635037
1192,171.2,전라남도,보성군,보성읍,전라남도 보성군 보성읍,4678025000,3636011
1193,115.1,전라남도,보성군,벌교읍,전라남도 보성군 벌교읍,4678025300,3636012
1194,22,전라남도,보성군,노동면,전라남도 보성군 노동면,4678031000,3636031
1195,48.6,전라남도,보성군,미력면,전라남도 보성군 미력면,4678032000,3636032
1196,23,전라남도,보성군,겸백면,전라남도 보성군 겸백면,4678033000,3636033
1197,22.4,전라남도,보성군,율어면,전라남도 보성군 율어면,4678034000,3636034
1198,25.4,전라남도,보성군,복내면,전라남도 보성군 복내면,4678035000,3636035
1199,13.9,전라남도,보성군,문덕면,전라남도 보성군 문덕면,4678036000,3636036
1200,79.7,전라남도,보성군,조성면,전라남도 보성군 조성면,4678037000,3636037
1201,51.5,전라남도,보성군,득량면,전라남도 보성군 득량면,4678038000,3636038
1202,51.8,전라남도,보성군,회천면,전라남도 보성군 회천면,4678039000,3636039
1203,25,전라남도,보성군,웅치면,전라남도 보성군 웅치면,4678040000,3636040
1204,533.7,전라남도,화순군,화순읍,전라남도 화순군 화순읍,4679025000,3637011
1205,18.5,전라남도,화순군,한천면,전라남도 화순군 한천면,4679031000,3637031
1206,34.4,전라남도,화순군,춘양면,전라남도 화순군 춘양면,4679032000,3637032
1207,18.8,전라남도,화순군,청풍면,전라남도 화순군 청풍면,4679033000,3637033
1208,18.9,전라남도,화순군,이양면,전라남도 화순군 이양면,4679034000,3637034
1209,216.4,전라남도,화순군,능주면,전라남도 화순군 능주면,4679035000,3637035
1210,67.9,전라남도,화순군,도곡면,전라남도 화순군 도곡면,4679036000,3637036
1211,24.6,전라남도,화순군,도암면,전라남도 화순군 도암면,4679037000,3637037
1212,15.1,전라남도,화순군,이서면,전라남도 화순군 이서면,4679038000,3637038
1213,16.4,전라남도,화순군,북면,전라남도 화순군 북면,4679039000,3637039
1214,22.9,전라남도,화순군,동복면,전라남도 화순군 동복면,4679040000,3637040
1215,21.7,전라남도,화순군,남면,전라남도 화순군 남면,4679041000,3637041
1216,45.5,전라남도,화순군,동면,전라남도 화순군 동면,4679042000,3637042
1217,247,전라남도,장흥군,장흥읍,전라남도 장흥군 장흥읍,4680025000,3638011
1218,62.5,전라남도,장흥군,관산읍,전라남도 장흥군 관산읍,4680025300,3638012
1219,59,전라남도,장흥군,대덕읍,전라남도 장흥군 대덕읍,4680025600,3638013
1220,31.3,전라남도,장흥군,용산면,전라남도 장흥군 용산면,4680031000,3638031
1221,51.8,전라남도,장흥군,안양면,전라남도 장흥군 안양면,4680032000,3638032
1222,26.6,전라남도,장흥군,장동면,전라남도 장흥군 장동면,4680033000,3638033
1223,26.8,전라남도,장흥군,장평면,전라남도 장흥군 장평면,4680034000,3638034
1224,8.1,전라남도,장흥군,유치면,전라남도 장흥군 유치면,4680035000,3638035
1225,312.8,충청남도,태안군,태안읍,충청남도 태안군 태안읍,4482525000,3438011
1226,84.1,충청남도,태안군,안면읍,충청남도 태안군 안면읍,4482525300,3438012
1227,81.8,충청남도,태안군,고남면,충청남도 태안군 고남면,4482531000,3438031
1228,75,충청남도,태안군,남면,충청남도 태안군 남면,4482532000,3438032
1229,93.6,충청남도,태안군,근흥면,충청남도 태안군 근흥면,4482533000,3438033
1230,67.2,충청남도,태안군,소원면,충청남도 태안군 소원면,4482534000,3438034
1231,51.6,충청남도,태안군,원북면,충청남도 태안군 원북면,4482535000,3438035
1232,41.1,충청남도,태안군,이원면,충청남도 태안군 이원면,4482536000,3438036
1233,131,경상북도,봉화군,봉화읍,경상북도 봉화군 봉화읍,4792025000,3741011
1234,27.3,경상북도,봉화군,물야면,경상북도 봉화군 물야면,4792031000,3741031
1235,30,경상북도,봉화군,봉성면,경상북도 봉화군 봉성면,4792032000,3741032
1236,28.6,경상북도,봉화군,법전면,경상북도 봉화군 법전면,4792033000,3741033
1237,25.5,경상북도,봉화군,춘양면,경상북도 봉화군 춘양면,4792034000,3741034
1238,7.9,경상북도,봉화군,소천면,경상북도 봉화군 소천면,4792035000,3741035
1239,11.6,경상북도,봉화군,재산면,경상북도 봉화군 재산면,4792036000,3741037
1240,18.3,경상북도,봉화군,명호면,경상북도 봉화군 명호면,4792037000,3741038
1241,28.6,경상북도,봉화군,상운면,경상북도 봉화군 상운면,4792038000,3741039
1242,31.6,경상북도,예천군,용문면,경상북도 예천군 용문면,4790031000,3740031
1243,39.8,경상북도,예천군,감천면,경상북도 예천군 감천면,4790034000,3740034
1244,13.9,경상북도,봉화군,석포면,경상북도 봉화군 석포면,4792039000,3741036
1245,163.1,경상북도,울진군,울진읍,경상북도 울진군 울진읍,4793025000,3742011
1246,77.6,경상북도,울진군,평해읍,경상북도 울진군 평해읍,4793025300,3742012
1247,45.7,경상북도,울진군,북면,경상북도 울진군 북면,4793031000,3742031
1248,42.8,경상북도,울진군,근남면,경상북도 울진군 근남면,4793033000,3742033
1249,25.5,경상북도,울진군,기성면,경상북도 울진군 기성면,4793035000,3742035
1250,13,경상북도,울진군,온정면,경상북도 울진군 온정면,4793036000,3742036
1251,350.7,경상북도,울진군,죽변면,경상북도 울진군 죽변면,4793037000,3742037
1252,319.8,경상북도,울진군,후포면,경상북도 울진군 후포면,4793038000,3742038
1253,3.9,경상북도,울진군,금강송면,경상북도 울진군 금강송면,4793039000,3742039
1254,19.6,경상북도,울진군,매화면,경상북도 울진군 매화면,4793040000,3742040
1255,271.3,경상북도,울릉군,울릉읍,경상북도 울릉군 울릉읍,4794011000,3743011
1256,271.3,경상북도,울릉군,울릉읍,경상북도 울릉군 울릉읍,4794025000,3743011
1257,44.8,경상북도,울릉군,서면,경상북도 울릉군 서면,4794031000,3743031
1258,51.7,경상북도,울릉군,북면,경상북도 울릉군 북면,4794032000,3743032
1259,41.3,충청남도,서산시,부석면,충청남도 서산시 부석면,4421032000,3405032
1260,58.8,충청남도,서산시,팔봉면,충청남도 서산시 팔봉면,4421033000,3405033
1261,154.8,충청남도,서산시,지곡면,충청남도 서산시 지곡면,4421034000,3405034
1262,126,충청남도,서산시,성연면,충청남도 서산시 성연면,4421036000,3405035
1263,229.8,충청남도,서산시,음암면,충청남도 서산시 음암면,4421037000,3405036
1264,62.1,충청남도,서산시,운산면,충청남도 서산시 운산면,4421038000,3405037
1265,135,충청남도,서산시,해미면,충청남도 서산시 해미면,4421039000,3405038
1266,94,충청남도,서산시,고북면,충청남도 서산시 고북면,4421040000,3405039
1267,1906.1,충청남도,서산시,부춘동,충청남도 서산시 부춘동,4421090100,3405051
1268,2381.4,충청남도,논산시,부창동,충청남도 논산시 부창동,4423010400,3406052
1269,3067.2,충청남도,논산시,취암동,충청남도 논산시 취암동,4423010500,3406051
1270,1314.9,충청남도,논산시,강경읍,충청남도 논산시 강경읍,4423025000,3406011
1271,226.4,충청남도,논산시,연무읍,충청남도 논산시 연무읍,4423025300,3406012
1272,116.3,충청남도,논산시,성동면,충청남도 논산시 성동면,4423031000,3406031
1273,123,충청남도,논산시,광석면,충청남도 논산시 광석면,4423032000,3406032
1274,86,충청남도,논산시,노성면,충청남도 논산시 노성면,4423033000,3406033
1275,88.3,충청남도,논산시,상월면,충청남도 논산시 상월면,4423034000,3406034
1276,113.1,충청남도,논산시,부적면,충청남도 논산시 부적면,4423035000,3406035
1277,111.7,충청남도,논산시,연산면,충청남도 논산시 연산면,4423036000,3406036
1278,35.4,충청남도,논산시,벌곡면,충청남도 논산시 벌곡면,4423038000,3406037
1279,77.9,충청남도,논산시,양촌면,충청남도 논산시 양촌면,4423039000,3406038
1280,75.2,충청남도,논산시,가야곡면,충청남도 논산시 가야곡면,4423040000,3406039
1281,247.3,충청남도,논산시,은진면,충청남도 논산시 은진면,4423041000,3406040
1282,116.5,충청남도,논산시,채운면,충청남도 논산시 채운면,4423042000,3406041
1283,2969.6,충청남도,계룡시,금암동,충청남도 계룡시 금암동,4425010100,3407051
1284,515.5,충청남도,계룡시,두마면,충청남도 계룡시 두마면,4425031000,3407031
1285,996.7,충청남도,계룡시,엄사면,충청남도 계룡시 엄사면,4425031500,3407033
1286,299.7,충청남도,계룡시,신도안면,충청남도 계룡시 신도안면,4425033000,3407034
1287,180.3,충청남도,당진시,합덕읍,충청남도 당진시 합덕읍,4427025000,3408011
1288,324.7,충청남도,당진시,송악읍,충청남도 당진시 송악읍,4427025300,3408012
1289,83.6,충청남도,당진시,고대면,충청남도 당진시 고대면,4427031000,3408031
1290,81.3,충청남도,당진시,석문면,충청남도 당진시 석문면,4427032000,3408032
1291,34.8,충청남도,당진시,대호지면,충청남도 당진시 대호지면,4427033000,3408033
1292,93.4,충청남도,당진시,정미면,충청남도 당진시 정미면,4427034000,3408034
1293,87.2,충청남도,당진시,면천면,충청남도 당진시 면천면,4427035000,3408035
1294,114.5,충청남도,당진시,순성면,충청남도 당진시 순성면,4427036000,3408036
1295,133.9,충청남도,당진시,우강면,충청남도 당진시 우강면,4427037000,3408037
1296,309.7,충청남도,당진시,신평면,충청남도 당진시 신평면,4427038000,3408038
1297,184.7,충청남도,당진시,송산면,충청남도 당진시 송산면,4427039000,3408039
1298,1048.7,충청남도,금산군,금산읍,충청남도 금산군 금산읍,4471025000,3431011
1299,90.3,충청남도,금산군,금성면,충청남도 금산군 금성면,4471031000,3431031
1300,42.2,충청남도,금산군,제원면,충청남도 금산군 제원면,4471032000,3431032
1301,36.5,충청남도,금산군,부리면,충청남도 금산군 부리면,4471033000,3431033
1302,42.6,충청남도,금산군,군북면,충청남도 금산군 군북면,4471034000,3431034
1303,60.8,충청남도,금산군,남일면,충청남도 금산군 남일면,4471035000,3431035
1304,20,충청남도,금산군,남이면,충청남도 금산군 남이면,4471036000,3431036
1305,38.3,충청남도,금산군,진산면,충청남도 금산군 진산면,4471037000,3431037
1306,50.9,충청남도,금산군,복수면,충청남도 금산군 복수면,4471038000,3431038
1307,175.8,충청남도,금산군,추부면,충청남도 금산군 추부면,4471039000,3431039
1308,6204.2,경상남도,진주시,상봉동,경상남도 진주시 상봉동,4817011400,3803075
1309,6847.5,경상남도,진주시,상대동,경상남도 진주시 상대동,4817011900,3803077
1310,9439.4,경상남도,진주시,하대동,경상남도 진주시 하대동,4817012000,3803078
1311,4183,경상남도,진주시,상평동,경상남도 진주시 상평동,4817012100,3803065
1312,11817.3,경상남도,진주시,신안동,경상남도 진주시 신안동,4817012500,3803068
1313,9618.6,경상남도,진주시,평거동,경상남도 진주시 평거동,4817012600,3803067
1314,2283.3,경상남도,진주시,이현동,경상남도 진주시 이현동,4817012700,3803069
1315,1266.1,경상남도,진주시,판문동,경상남도 진주시 판문동,4817012900,3803070
1316,3548.8,경상남도,진주시,충무공동,경상남도 진주시 충무공동,4817013700,3803076
1317,262.1,경상남도,진주시,문산읍,경상남도 진주시 문산읍,4817025000,3803011
1318,129.1,경상남도,진주시,내동면,경상남도 진주시 내동면,4817031000,3803031
1319,113.2,경상남도,진주시,정촌면,경상남도 진주시 정촌면,4817032000,3803032
1320,56.8,경상남도,진주시,금곡면,경상남도 진주시 금곡면,4817033000,3803033
1321,68.8,경상남도,진주시,진성면,경상남도 진주시 진성면,4817035000,3803034
1322,137.8,경상남도,진주시,일반성면,경상남도 진주시 일반성면,4817036000,3803035
1323,37,경상남도,진주시,이반성면,경상남도 진주시 이반성면,4817037000,3803036
1324,47.3,경상남도,진주시,사봉면,경상남도 진주시 사봉면,4817038000,3803037
1325,47,경상남도,진주시,지수면,경상남도 진주시 지수면,4817039000,3803038
1326,59.5,경상남도,진주시,대곡면,경상남도 진주시 대곡면,4817040000,3803039
1327,685.7,경상남도,진주시,금산면,경상남도 진주시 금산면,4817041000,3803040
1328,103.4,경상남도,진주시,집현면,경상남도 진주시 집현면,4817042000,3803041
1329,29.4,경상남도,진주시,미천면,경상남도 진주시 미천면,4817043000,3803042
1330,59.7,경상남도,진주시,명석면,경상남도 진주시 명석면,4817044000,3803043
1331,25.8,경상남도,진주시,대평면,경상남도 진주시 대평면,4817045000,3803044
1332,48.8,경상남도,진주시,수곡면,경상남도 진주시 수곡면,4817046000,3803045
1333,2283.3,경상남도,진주시,이현동,경상남도 진주시 이현동,4817090800,3803069
1334,1266.1,경상남도,진주시,판문동,경상남도 진주시 판문동,4817090900,3803070
1335,3164.5,경상남도,진주시,가호동,경상남도 진주시 가호동,4817091000,3803071
1336,1608.3,경상남도,통영시,도천동,경상남도 통영시 도천동,4822010100,3805062
1337,804.3,경상남도,통영시,명정동,경상남도 통영시 명정동,4822010300,3805052
1338,6529.2,경상남도,통영시,중앙동,경상남도 통영시 중앙동,4822010500,3805053
1339,4773.2,경상남도,통영시,정량동,경상남도 통영시 정량동,4822010900,3805054
1340,8323.5,경상남도,통영시,북신동,경상남도 통영시 북신동,4822011000,3805055
1341,7725,경상남도,통영시,무전동,경상남도 통영시 무전동,4822011100,3805056
1342,4883.1,경상남도,통영시,미수동,경상남도 통영시 미수동,4822011500,3805063
1343,2968.9,경상남도,통영시,봉평동,경상남도 통영시 봉평동,4822011600,3805064
1344,106.9,경상남도,통영시,산양읍,경상남도 통영시 산양읍,4822025000,3805011
1345,721.1,경상남도,통영시,용남면,경상남도 통영시 용남면,4822031000,3805031
1346,76.7,경상남도,통영시,도산면,경상남도 통영시 도산면,4822033000,3805032
1347,674.7,경상남도,통영시,광도면,경상남도 통영시 광도면,4822034000,3805033
1348,63.4,경상남도,통영시,욕지면,경상남도 통영시 욕지면,4822035000,3805034
1349,54.9,경상남도,통영시,한산면,경상남도 통영시 한산면,4822036000,3805035
1350,50.5,경상남도,통영시,사량면,경상남도 통영시 사량면,4822037000,3805036
1351,1560.6,경상남도,사천시,선구동,경상남도 사천시 선구동,4824010300,3806052
1352,572.4,경상남도,사천시,향촌동,경상남도 사천시 향촌동,4824011600,3806057
1353,585.5,경상남도,사천시,사천읍,경상남도 사천시 사천읍,4824025000,3806011
1354,299.6,경상남도,사천시,정동면,경상남도 사천시 정동면,4824031000,3806031
1355,331.2,경상남도,사천시,사남면,경상남도 사천시 사남면,4824032000,3806032
1356,286.8,경상남도,사천시,용현면,경상남도 사천시 용현면,4824033000,3806033
1357,74.4,경상남도,사천시,축동면,경상남도 사천시 축동면,4824034000,3806034
1358,54.9,경상남도,사천시,곤양면,경상남도 사천시 곤양면,4824035000,3806035
1359,39.6,경상남도,사천시,곤명면,경상남도 사천시 곤명면,4824036000,3806036
1360,125.3,경상남도,김해시,대동면,경상남도 김해시 대동면,4825037000,3807037
1361,8447.8,경상남도,김해시,회현동,경상남도 김해시 회현동,4825090100,3807052
1362,14158.3,경상남도,김해시,내외동,경상남도 김해시 내외동,4825090200,3807054
1363,5869.3,경상남도,김해시,북부동,경상남도 김해시 북부동,4825090300,3807055
1364,7690.1,경상남도,김해시,활천동,경상남도 김해시 활천동,4825090600,3807058
1365,3246.9,경상남도,김해시,삼안동,경상남도 김해시 삼안동,4825090700,3807059
1366,237.8,경상남도,밀양시,내일동,경상남도 밀양시 내일동,4827010100,3808051
1367,3991.2,경상남도,밀양시,내이동,경상남도 밀양시 내이동,4827010200,3808052
1368,1322.8,경상남도,밀양시,교동,경상남도 밀양시 교동,4827010300,3808053
1369,7639,경상남도,밀양시,삼문동,경상남도 밀양시 삼문동,4827010400,3808054
1370,1130.5,경상남도,밀양시,가곡동,경상남도 밀양시 가곡동,4827010800,3808055
1371,87.2,경상남도,밀양시,삼랑진읍,경상남도 밀양시 삼랑진읍,4827025000,3808011
1372,193.6,경상남도,밀양시,하남읍,경상남도 밀양시 하남읍,4827025300,3808012
1373,94.5,경상남도,밀양시,부북면,경상남도 밀양시 부북면,4827031000,3808031
1374,55.1,경상남도,밀양시,상동면,경상남도 밀양시 상동면,4827032000,3808032
1375,75.9,경상남도,밀양시,산외면,경상남도 밀양시 산외면,4827033000,3808033
1376,32.5,경상남도,밀양시,산내면,경상남도 밀양시 산내면,4827034000,3808034
1377,28.1,경상남도,밀양시,단장면,경상남도 밀양시 단장면,4827035000,3808035
1378,152.4,경상남도,밀양시,상남면,경상남도 밀양시 상남면,4827036000,3808036
1379,64.5,경상남도,밀양시,초동면,경상남도 밀양시 초동면,4827037000,3808037
1380,46.7,경상남도,밀양시,무안면,경상남도 밀양시 무안면,4827038000,3808038
1381,28.9,경상남도,밀양시,청도면,경상남도 밀양시 청도면,4827039000,3808039
1382,3151,경상남도,거제시,능포동,경상남도 거제시 능포동,4831010100,3809053
1383,2318.4,경상남도,거제시,장승포동,경상남도 거제시 장승포동,4831010200,3809061
1384,2032.8,경상남도,거제시,아주동,경상남도 거제시 아주동,4831010500,3809054
1385,3066.3,경상남도,거제시,장평동,경상남도 거제시 장평동,4831010800,3809057
1386,7627.8,경상남도,거제시,고현동,경상남도 거제시 고현동,4831010900,3809058
1387,205.1,경상남도,거제시,일운면,경상남도 거제시 일운면,4831031000,3809031
1388,60.7,경상남도,거제시,동부면,경상남도 거제시 동부면,4831032000,3809032
1389,45.4,경상남도,거제시,남부면,경상남도 거제시 남부면,4831033000,3809033
1390,183.4,경상남도,거제시,거제면,경상남도 거제시 거제면,4831034000,3809034
1391,89.2,경상남도,거제시,둔덕면,경상남도 거제시 둔덕면,4831035000,3809035
1392,400.6,경상남도,거제시,사등면,경상남도 거제시 사등면,4831036000,3809036
1393,234.2,경상남도,거제시,연초면,경상남도 거제시 연초면,4831037000,3809037
1394,176.5,경상남도,거제시,하청면,경상남도 거제시 하청면,4831038000,3809038
1395,113.8,경상남도,거제시,장목면,경상남도 거제시 장목면,4831039000,3809039
1396,67.5,경상남도,사천시,서포면,경상남도 사천시 서포면,4824037000,3806037
1397,5473.2,경상남도,김해시,동상동,경상남도 김해시 동상동,4825010100,3807051
1398,4697.5,경상남도,김해시,부원동,경상남도 김해시 부원동,4825010300,3807053
1399,3111.6,경상남도,김해시,불암동,경상남도 김해시 불암동,4825012200,3807060
1400,1245.3,경상남도,김해시,진영읍,경상남도 김해시 진영읍,4825025000,3807011
1401,92.9,경상남도,김해시,주촌면,경상남도 김해시 주촌면,4825032000,3807032
1402,150.6,경상남도,김해시,진례면,경상남도 김해시 진례면,4825033000,3807033
1403,125.8,경상남도,김해시,한림면,경상남도 김해시 한림면,4825034000,3807034
1404,74.9,경상남도,김해시,생림면,경상남도 김해시 생림면,4825035000,3807035
1405,45,경상남도,김해시,상동면,경상남도 김해시 상동면,4825036000,3807036
1406,170.8,경상북도,청도군,화양읍,경상북도 청도군 화양읍,4782011000,3736011
1407,131.3,경상북도,청도군,청도읍,경상북도 청도군 청도읍,4782012000,3736012
1408,170.8,경상북도,청도군,화양읍,경상북도 청도군 화양읍,4782025000,3736011
1409,131.3,경상북도,청도군,청도읍,경상북도 청도군 청도읍,4782025300,3736012
1410,42.9,경상북도,청도군,각남면,경상북도 청도군 각남면,4782031000,3736031
1411,59.6,경상북도,청도군,풍각면,경상북도 청도군 풍각면,4782032000,3736032
1412,52.2,경상북도,고령군,성산면,경상북도 고령군 성산면,4783033000,3737033
1413,173.3,경상북도,고령군,다산면,경상북도 고령군 다산면,4783034000,3737034
1414,48.8,경상북도,고령군,개진면,경상북도 고령군 개진면,4783035000,3737035
1415,33.4,경상북도,고령군,우곡면,경상북도 고령군 우곡면,4783036000,3737036
1416,46.3,경상북도,고령군,쌍림면,경상북도 고령군 쌍림면,4783037000,3737037
1417,342.5,경상북도,성주군,성주읍,경상북도 성주군 성주읍,4784011000,3738011
1418,342.5,경상북도,성주군,성주읍,경상북도 성주군 성주읍,4784025000,3738011
1419,83.4,경상북도,성주군,선남면,경상북도 성주군 선남면,4784031000,3738031
1420,39.1,경상북도,성주군,용암면,경상북도 성주군 용암면,4784032000,3738032
1421,30.7,경상북도,성주군,수륜면,경상북도 성주군 수륜면,4784033000,3738033
1422,27.6,경상북도,성주군,가천면,경상북도 성주군 가천면,4784034000,3738034
1423,13.3,경상북도,성주군,금수면,경상북도 성주군 금수면,4784035000,3738035
1424,78.2,경상북도,성주군,대가면,경상북도 성주군 대가면,4784036000,3738036
1425,44.2,경상북도,성주군,벽진면,경상북도 성주군 벽진면,4784037000,3738037
1426,63.4,경상북도,성주군,초전면,경상북도 성주군 초전면,4784038000,3738038
1427,72.9,경상북도,성주군,월항면,경상북도 성주군 월항면,4784039000,3738039
1428,40.9,경상북도,청도군,각북면,경상북도 청도군 각북면,4782033000,3736033
1429,85.7,경상북도,청도군,이서면,경상북도 청도군 이서면,4782034000,3736034
1430,13.4,경상북도,청도군,운문면,경상북도 청도군 운문면,4782035000,3736035
1431,43.4,경상북도,청도군,금천면,경상북도 청도군 금천면,4782036000,3736036
1432,27.2,경상북도,청도군,매전면,경상북도 청도군 매전면,4782037000,3736037
1433,558.2,경상북도,칠곡군,왜관읍,경상북도 칠곡군 왜관읍,4785011000,3739011
1434,203.3,경상북도,고령군,대가야읍,경상북도 고령군 대가야읍,4783025300,3737012
1435,35.5,경상북도,고령군,덕곡면,경상북도 고령군 덕곡면,4783031000,3737031
1436,41,경상북도,고령군,운수면,경상북도 고령군 운수면,4783032000,3737032
1437,558.2,경상북도,칠곡군,왜관읍,경상북도 칠곡군 왜관읍,4785025000,3739011
1438,653.9,경상북도,칠곡군,북삼읍,경상북도 칠곡군 북삼읍,4785025300,3739012
1439,677.5,경상북도,칠곡군,석적읍,경상북도 칠곡군 석적읍,4785025600,3739013
1440,50.5,경상북도,칠곡군,지천면,경상북도 칠곡군 지천면,4785031000,3739031
1441,86.1,경상북도,칠곡군,동명면,경상북도 칠곡군 동명면,4785032000,3739032
1442,40.1,경상북도,칠곡군,가산면,경상북도 칠곡군 가산면,4785033000,3739033
1443,344.5,경상북도,칠곡군,약목면,경상북도 칠곡군 약목면,4785036000,3739036
1444,95.9,경상북도,칠곡군,기산면,경상북도 칠곡군 기산면,4785037000,3739037
1445,334.5,경상북도,예천군,예천읍,경상북도 예천군 예천읍,4790011000,3740011
1446,334.5,경상북도,예천군,예천읍,경상북도 예천군 예천읍,4790025000,3740011
1447,24.6,경상북도,예천군,보문면,경상북도 예천군 보문면,4790035000,3740035
1448,121.8,경상북도,예천군,호명면,경상북도 예천군 호명면,4790036000,3740036
1449,70.5,경상북도,예천군,유천면,경상북도 예천군 유천면,4790037000,3740037
1450,77.5,경상북도,예천군,용궁면,경상북도 예천군 용궁면,4790038000,3740038
1451,44.5,경상북도,예천군,개포면,경상북도 예천군 개포면,4790039000,3740039
1452,34.8,경상북도,예천군,지보면,경상북도 예천군 지보면,4790040000,3740040
1453,51.7,경상북도,예천군,풍양면,경상북도 예천군 풍양면,4790041000,3740041
1454,16.1,경상북도,예천군,효자면,경상북도 예천군 효자면,4790042000,3740042
1455,38.1,경상북도,예천군,은풍면,경상북도 예천군 은풍면,4790043000,3740043
1456,5895.3,경상북도,안동시,태화동,경상북도 안동시 태화동,4717012200,3704056
1457,8146.8,경상북도,안동시,평화동,경상북도 안동시 평화동,4717012700,3704058
1458,941.2,경상북도,안동시,안기동,경상북도 안동시 안기동,4717012800,3704059
1459,5352.4,경상북도,안동시,옥동,경상북도 안동시 옥동,4717013300,3704060
1460,67.6,경상북도,안동시,풍산읍,경상북도 안동시 풍산읍,4717025000,3704011
1461,33.6,경상북도,안동시,와룡면,경상북도 안동시 와룡면,4717031000,3704031
1462,1285.8,경상북도,영주시,휴천1동,경상북도 영주시 휴천1동,4721090800,3706059
1463,7342.5,경상북도,영주시,휴천2동,경상북도 영주시 휴천2동,4721090900,3706060
1464,820.2,경상북도,영주시,휴천3동,경상북도 영주시 휴천3동,4721091000,3706061
1465,2547.3,경상북도,영주시,가흥1동,경상북도 영주시 가흥1동,4721091100,3706062
1466,492.8,경상북도,영주시,가흥2동,경상북도 영주시 가흥2동,4721091200,3706063
1467,783.9,경상북도,영천시,완산동,경상북도 영천시 완산동,4723011300,3707054
1468,198,경상북도,영천시,금호읍,경상북도 영천시 금호읍,4723025000,3707011
1469,10691.9,경상남도,창원시 의창구,용지동,경상남도 창원시 의창구 용지동,4812110900,3811155
1470,2905.5,경상남도,창원시 의창구,봉림동,경상남도 창원시 의창구 봉림동,4812111600,3811154
1471,7122.1,경상남도,창원시 의창구,명곡동,경상남도 창원시 의창구 명곡동,4812111800,3811153
1472,351.1,경상남도,창원시 의창구,동읍,경상남도 창원시 의창구 동읍,4812125000,3811111
1473,451.3,경상남도,창원시 의창구,북면,경상남도 창원시 의창구 북면,4812131000,3811131
1474,192.7,경상남도,창원시 의창구,대산면,경상남도 창원시 의창구 대산면,4812132000,3811132
1475,13538.9,경상남도,창원시 성산구,가음정동,경상남도 창원시 성산구 가음정동,4812310300,3811255
1476,21391.2,경상남도,창원시 성산구,반송동,경상남도 창원시 성산구 반송동,4812311900,3811251
1477,4929.2,경상남도,창원시 성산구,중앙동,경상남도 창원시 성산구 중앙동,4812312500,3811252
1478,24974.2,경상남도,창원시 성산구,상남동,경상남도 창원시 성산구 상남동,4812312700,3811253
1479,1022,경상남도,창원시 성산구,성주동,경상남도 창원시 성산구 성주동,4812312800,3811256
1480,247,경상남도,창원시 성산구,웅남동,경상남도 창원시 성산구 웅남동,4812312900,3811257
1481,5900.4,경상남도,창원시 성산구,사파동,경상남도 창원시 성산구 사파동,4812313000,3811254
1482,148.6,경상남도,창원시 마산합포구,가포동,경상남도 창원시 마산합포구 가포동,4812510100,3811352
1483,3935.4,경상남도,창원시 마산합포구,교방동,경상남도 창원시 마산합포구 교방동,4812510200,3811361
1484,5739.1,경상남도,창원시 마산합포구,문화동,경상남도 창원시 마산합포구 문화동,4812511500,3811354
1485,13840,경상남도,창원시 마산합포구,산호동,경상남도 창원시 마산합포구 산호동,4812511800,3811365
1486,3703.3,경상남도,창원시 마산합포구,완월동,경상남도 창원시 마산합포구 완월동,4812512800,3811357
1487,11689.6,경상남도,창원시 마산합포구,월영동,경상남도 창원시 마산합포구 월영동,4812513400,3811353
1488,11111.6,경상남도,창원시 마산합포구,오동동,경상남도 창원시 마산합포구 오동동,4812513700,3811367
1489,10166.8,경상남도,창원시 마산합포구,자산동,경상남도 창원시 마산합포구 자산동,4812514000,3811358
1490,652.6,경상남도,창원시 마산합포구,현동,경상남도 창원시 마산합포구 현동,4812515900,3811351
1491,92,경상남도,창원시 마산합포구,구산면,경상남도 창원시 마산합포구 구산면,4812531000,3811331
1492,383.4,경상남도,창원시 마산합포구,진동면,경상남도 창원시 마산합포구 진동면,4812532000,3811332
1493,69.6,경상남도,창원시 마산합포구,진북면,경상남도 창원시 마산합포구 진북면,4812533000,3811333
1494,50.2,경상남도,창원시 마산합포구,진전면,경상남도 창원시 마산합포구 진전면,4812534000,3811334
1495,671.9,경상남도,창원시 마산회원구,봉암동,경상남도 창원시 마산회원구 봉암동,4812710300,3811462
1496,7738.3,경상남도,창원시 마산회원구,석전동,경상남도 창원시 마산회원구 석전동,4812710400,3811463
1497,746.5,경상남도,창원시 마산회원구,회성동,경상남도 창원시 마산회원구 회성동,4812710700,3811455
1498,1224.2,경상남도,창원시 마산회원구,내서읍,경상남도 창원시 마산회원구 내서읍,4812725000,3811411
1499,1178.6,경상남도,창원시 진해구,태평동,경상남도 창원시 진해구 태평동,4812910700,3811552
1500,647.9,경상남도,창원시 진해구,중앙동,경상남도 창원시 진해구 중앙동,4812912600,3811551
1501,6961.3,경상남도,창원시 진해구,충무동,경상남도 창원시 진해구 충무동,4812913500,3811553
1502,1854.8,경상남도,창원시 진해구,여좌동,경상남도 창원시 진해구 여좌동,4812913700,3811554
1503,6797.5,경상남도,창원시 진해구,태백동,경상남도 창원시 진해구 태백동,4812913800,3811555
1504,3569.2,경상남도,창원시 진해구,경화동,경상남도 창원시 진해구 경화동,4812913900,3811556
1505,7401.5,경상남도,창원시 진해구,석동,경상남도 창원시 진해구 석동,4812914000,3811558
1506,11704.6,경상남도,창원시 진해구,이동,경상남도 창원시 진해구 이동,4812914100,3811559
1507,3169.9,경상남도,창원시 진해구,자은동,경상남도 창원시 진해구 자은동,4812914200,3811560
1508,3882.4,경상남도,창원시 진해구,덕산동,경상남도 창원시 진해구 덕산동,4812914300,3811561
1509,3178,경상남도,창원시 진해구,풍호동,경상남도 창원시 진해구 풍호동,4812914400,3811562
1510,13.6,경상북도,의성군,신평면,경상북도 의성군 신평면,4773045000,3732045
1511,19.8,경상북도,의성군,안평면,경상북도 의성군 안평면,4773046000,3732046
1512,13,경상북도,의성군,안사면,경상북도 의성군 안사면,4773047000,3732047
1513,62.9,경상북도,청송군,청송읍,경상북도 청송군 청송읍,4775011000,3733011
1514,62.9,경상북도,청송군,청송읍,경상북도 청송군 청송읍,4775025000,3733011
1515,13.3,경상북도,청송군,부동면,경상북도 청송군 부동면,4775031000,3733031
1516,19.1,경상북도,청송군,부남면,경상북도 청송군 부남면,4775032000,3733032
1517,24.9,경상북도,청송군,현동면,경상북도 청송군 현동면,4775033000,3733033
1518,21.1,경상북도,청송군,현서면,경상북도 청송군 현서면,4775034000,3733034
1519,23.2,경상북도,청송군,안덕면,경상북도 청송군 안덕면,4775035000,3733035
1520,16.6,경상북도,청송군,파천면,경상북도 청송군 파천면,4775036000,3733036
1521,56.4,경상북도,청송군,진보면,경상북도 청송군 진보면,4775037000,3733037
1522,55.2,경상북도,영양군,영양읍,경상북도 영양군 영양읍,4776011000,3734011
1523,55.2,경상북도,영양군,영양읍,경상북도 영양군 영양읍,4776025000,3734011
1524,26.1,경상북도,영양군,입암면,경상북도 영양군 입암면,4776031000,3734031
1525,11.7,경상북도,영양군,청기면,경상북도 영양군 청기면,4776032000,3734032
1526,13.1,경상북도,영양군,일월면,경상북도 영양군 일월면,4776033000,3734033
1527,7.3,경상북도,영양군,수비면,경상북도 영양군 수비면,4776034000,3734034
1528,15.9,경상북도,영양군,석보면,경상북도 영양군 석보면,4776035000,3734035
1529,156.8,경상북도,영덕군,영덕읍,경상북도 영덕군 영덕읍,4777011000,3735011
1530,156.8,경상북도,영덕군,영덕읍,경상북도 영덕군 영덕읍,4777025000,3735011
1531,159.2,경상북도,영덕군,강구면,경상북도 영덕군 강구면,4777031000,3735031
1532,30.3,경상북도,영덕군,남정면,경상북도 영덕군 남정면,4777032000,3735032
1533,14.8,경상북도,영덕군,달산면,경상북도 영덕군 달산면,4777033000,3735033
1534,13.1,경상북도,영덕군,지품면,경상북도 영덕군 지품면,4777034000,3735034
1535,43.2,경상북도,영덕군,축산면,경상북도 영덕군 축산면,4777035000,3735035
1536,95.4,경상북도,영덕군,영해면,경상북도 영덕군 영해면,4777036000,3735036
1537,40.2,경상북도,영덕군,병곡면,경상북도 영덕군 병곡면,4777037000,3735037
1538,10.9,경상북도,영덕군,창수면,경상북도 영덕군 창수면,4777038000,3735038
1539,36.5,전라남도,장흥군,부산면,전라남도 장흥군 부산면,4680036000,3638036
1540,100.9,전라남도,장흥군,회진면,전라남도 장흥군 회진면,4680037000,3638037
1541,250.2,전라남도,강진군,강진읍,전라남도 강진군 강진읍,4681025000,3639011
1542,63.4,전라남도,강진군,군동면,전라남도 강진군 군동면,4681031000,3639031
1543,35.8,전라남도,강진군,칠량면,전라남도 강진군 칠량면,4681032000,3639032
1544,32.4,전라남도,강진군,대구면,전라남도 강진군 대구면,4681033000,3639033
1545,35,전라남도,강진군,도암면,전라남도 강진군 도암면,4681034000,3639035
1546,41.5,전라남도,강진군,신전면,전라남도 강진군 신전면,4681035000,3639036
1547,44.3,전라남도,강진군,성전면,전라남도 강진군 성전면,4681036000,3639037
1548,39.6,전라남도,강진군,작천면,전라남도 강진군 작천면,4681037000,3639038
1549,58.5,전라남도,강진군,병영면,전라남도 강진군 병영면,4681038000,3639039
1550,21.1,전라남도,강진군,옴천면,전라남도 강진군 옴천면,4681039000,3639040
1551,83.3,전라남도,강진군,마량면,전라남도 강진군 마량면,4681040000,3639034
1552,349.3,전라남도,해남군,해남읍,전라남도 해남군 해남읍,4682025000,3640011
1553,53.6,전라남도,해남군,삼산면,전라남도 해남군 삼산면,4682031000,3640031
1554,54.3,전라남도,해남군,화산면,전라남도 해남군 화산면,4682032000,3640032
1555,31.4,전라남도,해남군,현산면,전라남도 해남군 현산면,4682033000,3640033
1556,70.5,전라남도,해남군,송지면,전라남도 해남군 송지면,4682034000,3640034
1557,56.7,전라남도,해남군,북평면,전라남도 해남군 북평면,4682035000,3640035
1558,47.4,전라남도,해남군,북일면,전라남도 해남군 북일면,4682036000,3640036
1559,49,전라남도,해남군,옥천면,전라남도 해남군 옥천면,4682037000,3640037
1560,26.3,전라남도,해남군,계곡면,전라남도 해남군 계곡면,4682038000,3640038
1561,28.4,전라남도,해남군,마산면,전라남도 해남군 마산면,4682039000,3640039
1562,45,전라남도,해남군,황산면,전라남도 해남군 황산면,4682040000,3640040
1563,24.8,전라남도,해남군,산이면,전라남도 해남군 산이면,4682041000,3640041
1564,65.6,전라남도,해남군,문내면,전라남도 해남군 문내면,4682042000,3640042
1565,40.2,전라남도,해남군,화원면,전라남도 해남군 화원면,4682043000,3640043
1566,131,전라남도,영암군,영암읍,전라남도 영암군 영암읍,4683025000,3641011
1567,241.5,전라남도,영암군,삼호읍,전라남도 영암군 삼호읍,4683025300,3641012
1568,69.7,전라남도,영암군,덕진면,전라남도 영암군 덕진면,4683031000,3641031
1569,25.8,전라남도,영암군,금정면,전라남도 영암군 금정면,4683032000,3641032
1570,70.8,전라남도,영암군,신북면,전라남도 영암군 신북면,4683033000,3641033
1571,51.6,전라남도,영암군,시종면,전라남도 영암군 시종면,4683034000,3641034
1572,59.6,전라남도,영암군,도포면,전라남도 영암군 도포면,4683035000,3641035
1573,54.2,전라남도,영암군,군서면,전라남도 영암군 군서면,4683036000,3641036
1574,42.7,전라남도,영암군,서호면,전라남도 영암군 서호면,4683037000,3641037
1575,54.3,전라남도,영암군,학산면,전라남도 영암군 학산면,4683038000,3641038
1576,46.8,전라남도,영암군,미암면,전라남도 영암군 미암면,4683039000,3641039
1577,324.1,전라남도,무안군,무안읍,전라남도 무안군 무안읍,4684025000,3642011
1578,88.4,전라남도,무안군,일로읍,전라남도 무안군 일로읍,4684025300,3642012
1579,795.4,전라남도,무안군,삼향읍,전라남도 무안군 삼향읍,4684025600,3642013
1580,43.9,전라남도,무안군,몽탄면,전라남도 무안군 몽탄면,4684032000,3642032
1581,133.3,전라남도,무안군,청계면,전라남도 무안군 청계면,4684033000,3642033
1582,76,전라남도,무안군,현경면,전라남도 무안군 현경면,4684034000,3642034
1583,92,전라남도,무안군,망운면,전라남도 무안군 망운면,4684035000,3642035
1584,70.5,전라남도,무안군,해제면,전라남도 무안군 해제면,4684036000,3642036
1585,74.6,전라남도,무안군,운남면,전라남도 무안군 운남면,4684037000,3642037
1586,195.6,전라남도,함평군,함평읍,전라남도 함평군 함평읍,4686025000,3643011
1587,56.2,전라남도,함평군,손불면,전라남도 함평군 손불면,4686031000,3643031
1588,40,전라남도,함평군,신광면,전라남도 함평군 신광면,4686032000,3643032
1589,86.7,전라남도,함평군,학교면,전라남도 함평군 학교면,4686033000,3643033
1590,78.6,전라남도,함평군,엄다면,전라남도 함평군 엄다면,4686034000,3643034
1591,46.1,전라남도,함평군,대동면,전라남도 함평군 대동면,4686035000,3643035
1592,47.3,전라남도,함평군,나산면,전라남도 함평군 나산면,4686036000,3643036
1593,70.8,전라남도,함평군,해보면,전라남도 함평군 해보면,4686037000,3643037
1594,102.8,전라남도,함평군,월야면,전라남도 함평군 월야면,4686038000,3643038
1595,430.7,전라남도,영광군,영광읍,전라남도 영광군 영광읍,4687025000,3644011
1596,47.4,전라남도,영광군,백수읍,전라남도 영광군 백수읍,4687025300,3644012
1597,161.2,전라남도,영광군,홍농읍,전라남도 영광군 홍농읍,4687025600,3644013
1598,42,전라남도,영광군,대마면,전라남도 영광군 대마면,4687031000,3644031
1599,35.2,전라남도,영광군,묘량면,전라남도 영광군 묘량면,4687032000,3644032
1600,31.6,전라남도,영광군,불갑면,전라남도 영광군 불갑면,4687033000,3644033
1601,85,전라남도,영광군,군서면,전라남도 영광군 군서면,4687034000,3644034
1602,45.6,전라남도,영광군,군남면,전라남도 영광군 군남면,4687035000,3644035
1603,56.1,전라남도,영광군,염산면,전라남도 영광군 염산면,4687036000,3644036
1604,137.6,전라남도,영광군,법성면,전라남도 영광군 법성면,4687037000,3644037
1605,29,전라남도,영광군,낙월면,전라남도 영광군 낙월면,4687038000,3644038
1606,179.2,전라남도,장성군,장성읍,전라남도 장성군 장성읍,4688025000,3645011
1607,104.9,전라남도,장성군,진원면,전라남도 장성군 진원면,4688031000,3645031
1608,103.9,전라남도,장성군,남면,전라남도 장성군 남면,4688032000,3645032
1609,57.8,전라남도,장성군,동화면,전라남도 장성군 동화면,4688033000,3645033
1610,56.4,전라남도,장성군,삼서면,전라남도 장성군 삼서면,4688034000,3645034
1611,114.3,전라남도,완도군,금일읍,전라남도 완도군 금일읍,4689025300,3646012
1612,146.6,전라남도,완도군,노화읍,전라남도 완도군 노화읍,4689025600,3646013
1613,67.4,전라남도,완도군,군외면,전라남도 완도군 군외면,4689031000,3646031
1614,97.1,전라남도,완도군,신지면,전라남도 완도군 신지면,4689032000,3646032
1615,85,전라남도,완도군,고금면,전라남도 완도군 고금면,4689033000,3646033
1616,73.1,전라남도,완도군,약산면,전라남도 완도군 약산면,4689034000,3646034
1617,49.1,전라남도,완도군,청산면,전라남도 완도군 청산면,4689035000,3646035
1618,78.5,전라남도,완도군,소안면,전라남도 완도군 소안면,4689036000,3646036
1619,60.1,전라남도,완도군,금당면,전라남도 완도군 금당면,4689037000,3646037
1620,73,전라남도,완도군,보길면,전라남도 완도군 보길면,4689038000,3646038
1621,47.5,전라남도,완도군,생일면,전라남도 완도군 생일면,4689039000,3646039
1622,208.2,전라남도,진도군,진도읍,전라남도 진도군 진도읍,4690025000,3647011
1623,48.8,전라남도,신안군,지도읍,전라남도 신안군 지도읍,4691025000,3648011
1624,74.7,전라남도,신안군,압해읍,전라남도 신안군 압해읍,4691025300,3648012
1625,46.1,전라남도,신안군,증도면,전라남도 신안군 증도면,4691031000,3648031
1626,57.7,전라남도,신안군,임자면,전라남도 신안군 임자면,4691032000,3648032
1627,37,전라남도,신안군,자은면,전라남도 신안군 자은면,4691033000,3648033
1628,58.8,전라남도,신안군,비금면,전라남도 신안군 비금면,4691034000,3648034
1629,44.3,전라남도,신안군,도초면,전라남도 신안군 도초면,4691035000,3648035
1630,58.9,전라남도,신안군,흑산면,전라남도 신안군 흑산면,4691036000,3648036
1631,41.4,전라남도,신안군,하의면,전라남도 신안군 하의면,4691037000,3648037
1632,40.9,전라남도,신안군,신의면,전라남도 신안군 신의면,4691038000,3648038
1633,46.5,전라남도,신안군,장산면,전라남도 신안군 장산면,4691039000,3648039
1634,45.1,전라남도,신안군,안좌면,전라남도 신안군 안좌면,4691040000,3648040
1635,50.4,전라남도,신안군,팔금면,전라남도 신안군 팔금면,4691041000,3648041
1636,40.4,전라남도,신안군,암태면,전라남도 신안군 암태면,4691042000,3648042
1637,95.3,전라남도,장성군,삼계면,전라남도 장성군 삼계면,4688035000,3645035
1638,82.7,전라남도,장성군,황룡면,전라남도 장성군 황룡면,4688036000,3645036
1639,40.2,전라남도,장성군,서삼면,전라남도 장성군 서삼면,4688037000,3645037
1640,38.3,전라남도,장성군,북일면,전라남도 장성군 북일면,4688038000,3645038
1641,48.3,전라남도,장성군,북이면,전라남도 장성군 북이면,4688039000,3645039
1642,24.1,전라남도,장성군,북하면,전라남도 장성군 북하면,4688040000,3645040
1643,307.5,전라남도,완도군,완도읍,전라남도 완도군 완도읍,4689025000,3646011
1644,43.7,전라남도,진도군,군내면,전라남도 진도군 군내면,4690031000,3647031
1645,69.6,전라남도,진도군,고군면,전라남도 진도군 고군면,4690032000,3647032
1646,49.2,전라남도,진도군,의신면,전라남도 진도군 의신면,4690033000,3647033
1647,46.5,전라남도,진도군,임회면,전라남도 진도군 임회면,4690034000,3647034
1648,33.4,전라남도,진도군,지산면,전라남도 진도군 지산면,4690035000,3647035
1649,40.9,전라남도,진도군,조도면,전라남도 진도군 조도면,4690036000,3647036
1650,9589.7,경상북도,포항시 남구,해도동,경상북도 포항시 남구 해도동,4711110300,3701161
1651,6328.5,경상북도,포항시 남구,송도동,경상북도 포항시 남구 송도동,4711110400,3701155
1652,791.5,경상북도,포항시 남구,청림동,경상북도 포항시 남구 청림동,4711110500,3701156
1653,166,경상북도,포항시 남구,구룡포읍,경상북도 포항시 남구 구룡포읍,4711125000,3701111
1654,878,경상북도,포항시 남구,연일읍,경상북도 포항시 남구 연일읍,4711125300,3701112
1655,769.6,경상북도,포항시 남구,오천읍,경상북도 포항시 남구 오천읍,4711125600,3701113
1656,120,경상북도,포항시 남구,대송면,경상북도 포항시 남구 대송면,4711131000,3701131
1657,202.4,경상북도,포항시 남구,동해면,경상북도 포항시 남구 동해면,4711132000,3701132
1658,40.5,경상북도,포항시 남구,장기면,경상북도 포항시 남구 장기면,4711133000,3701133
1659,93.5,경상북도,포항시 남구,호미곶면,경상북도 포항시 남구 호미곶면,4711135000,3701135
1660,6784.3,경상북도,포항시 북구,중앙동,경상북도 포항시 북구 중앙동,4711310600,3701267
1661,11289.9,경상북도,포항시 북구,죽도동,경상북도 포항시 북구 죽도동,4711311600,3701268
1662,5948.3,경상북도,포항시 북구,용흥동,경상북도 포항시 북구 용흥동,4711311700,3701261
1663,14342.4,경상북도,포항시 북구,두호동,경상북도 포항시 북구 두호동,4711312000,3701264
1664,334.2,경상북도,포항시 북구,흥해읍,경상북도 포항시 북구 흥해읍,4711325000,3701211
1665,35.8,경상북도,포항시 북구,신광면,경상북도 포항시 북구 신광면,4711331000,3701231
1666,61.6,경상북도,포항시 북구,청하면,경상북도 포항시 북구 청하면,4711332000,3701232
1667,47.6,경상북도,포항시 북구,송라면,경상북도 포항시 북구 송라면,4711333000,3701233
1668,53.3,경상북도,포항시 북구,기계면,경상북도 포항시 북구 기계면,4711334000,3701234
1669,12,경상북도,포항시 북구,죽장면,경상북도 포항시 북구 죽장면,4711335000,3701235
1670,23.4,경상북도,포항시 북구,기북면,경상북도 포항시 북구 기북면,4711336000,3701236
1671,5147.1,경상북도,경주시,황오동,경상북도 경주시 황오동,4713010500,3702068
1672,3057.4,경상북도,경주시,성건동,경상북도 경주시 성건동,4713010800,3702055
1673,262,경상북도,경주시,황남동,경상북도 경주시 황남동,4713011000,3702069
1674,7140.6,경상북도,경주시,황성동,경상북도 경주시 황성동,4713012400,3702063
1675,4036,경상북도,경주시,용강동,경상북도 경주시 용강동,4713012500,3702062
1676,4593.4,경상북도,경주시,동천동,경상북도 경주시 동천동,4713012600,3702064
1677,116.9,경상북도,경주시,감포읍,경상북도 경주시 감포읍,4713025000,3702011
1678,184.5,경상북도,경주시,안강읍,경상북도 경주시 안강읍,4713025300,3702012
1679,104.8,경상북도,경주시,건천읍,경상북도 경주시 건천읍,4713025600,3702013
1680,148.7,경상북도,경주시,외동읍,경상북도 경주시 외동읍,4713025900,3702014
1681,32.4,경상북도,경주시,양북면,경상북도 경주시 양북면,4713031000,3702031
1682,68.7,경상북도,경주시,양남면,경상북도 경주시 양남면,4713032000,3702032
1683,37.2,경상북도,경주시,내남면,경상북도 경주시 내남면,4713033000,3702033
1684,20.9,경상북도,경주시,산내면,경상북도 경주시 산내면,4713034000,3702034
1685,60.1,경상북도,경주시,서면,경상북도 경주시 서면,4713035000,3702035
1686,268.7,경상북도,경주시,현곡면,경상북도 경주시 현곡면,4713036000,3702036
1687,88.3,경상북도,경주시,강동면,경상북도 경주시 강동면,4713037000,3702037
1688,78.4,경상북도,경주시,천북면,경상북도 경주시 천북면,4713038000,3702038
1689,560.4,경상북도,경주시,선도동,경상북도 경주시 선도동,4713090500,3702059
1690,260.6,경상북도,경주시,불국동,경상북도 경주시 불국동,4713091000,3702066
1691,22.2,경상북도,경주시,보덕동,경상북도 경주시 보덕동,4713091100,3702067
1692,1016.9,경상북도,김천시,지좌동,경상북도 김천시 지좌동,4715011500,3703059
1693,4276.3,경상북도,김천시,율곡동,경상북도 김천시 율곡동,4715012000,3703062
1694,134.1,경상북도,김천시,아포읍,경상북도 김천시 아포읍,4715025000,3703011
1695,63.7,경상북도,김천시,농소면,경상북도 김천시 농소면,4715031000,3703031
1696,48.1,경상북도,김천시,남면,경상북도 김천시 남면,4715032000,3703032
1697,86.5,경상북도,김천시,개령면,경상북도 김천시 개령면,4715034000,3703033
1698,57.2,경상북도,김천시,감문면,경상북도 김천시 감문면,4715035000,3703034
1699,66.6,경상북도,김천시,어모면,경상북도 김천시 어모면,4715036000,3703035
1700,54.8,경상북도,김천시,봉산면,경상북도 김천시 봉산면,4715037000,3703036
1701,53.1,경상북도,김천시,대항면,경상북도 김천시 대항면,4715038000,3703037
1702,67.8,경상북도,김천시,감천면,경상북도 김천시 감천면,4715039000,3703038
1703,29.8,경상북도,김천시,조마면,경상북도 김천시 조마면,4715040000,3703039
1704,28.4,경상북도,김천시,구성면,경상북도 김천시 구성면,4715041000,3703040
1705,28.6,경상북도,김천시,지례면,경상북도 김천시 지례면,4715042000,3703041
1706,14.1,경상북도,김천시,부항면,경상북도 김천시 부항면,4715043000,3703042
1707,39.9,경상북도,안동시,북후면,경상북도 안동시 북후면,4717032000,3704032
1708,71.1,경상북도,안동시,서후면,경상북도 안동시 서후면,4717033000,3704033
1709,45.3,경상북도,안동시,풍천면,경상북도 안동시 풍천면,4717034000,3704034
1710,31.8,경상북도,안동시,일직면,경상북도 안동시 일직면,4717035000,3704035
1711,30.7,경상북도,안동시,남후면,경상북도 안동시 남후면,4717036000,3704036
1712,34.9,경상북도,안동시,남선면,경상북도 안동시 남선면,4717037000,3704037
1713,32,경상북도,안동시,임하면,경상북도 안동시 임하면,4717038000,3704038
1714,13.2,경상북도,안동시,길안면,경상북도 안동시 길안면,4717039000,3704039
1715,10.7,경상북도,안동시,임동면,경상북도 안동시 임동면,4717040000,3704040
1716,10.4,경상북도,안동시,예안면,경상북도 안동시 예안면,4717041000,3704041
1717,14.3,경상북도,안동시,도산면,경상북도 안동시 도산면,4717042000,3704042
1718,23.5,경상북도,안동시,녹전면,경상북도 안동시 녹전면,4717043000,3704043
1719,1333.4,경상북도,안동시,중구동,경상북도 안동시 중구동,4717090100,3704051
1720,1515.4,경상북도,안동시,송하동,경상북도 안동시 송하동,4717090800,3704061
1721,518.7,경상북도,안동시,강남동,경상북도 안동시 강남동,4717090900,3704063
1722,431,경상북도,구미시,지산동,경상북도 구미시 지산동,4719010200,3705056
1723,7600.8,경상북도,구미시,도량동,경상북도 구미시 도량동,4719010300,3705055
1724,11391.8,경상북도,구미시,송정동,경상북도 구미시 송정동,4719011000,3705051
1725,3747.3,경상북도,구미시,비산동,경상북도 구미시 비산동,4719011200,3705063
1726,2533.5,경상북도,구미시,광평동,경상북도 구미시 광평동,4719011400,3705066
1727,217.8,경상북도,구미시,선산읍,경상북도 구미시 선산읍,4719025000,3705011
1728,524,경상북도,구미시,고아읍,경상북도 구미시 고아읍,4719025300,3705012
1729,40.6,경상북도,구미시,무을면,경상북도 구미시 무을면,4719031000,3705031
1730,25.1,경상북도,구미시,옥성면,경상북도 구미시 옥성면,4719032000,3705032
1731,35.2,경상북도,구미시,도개면,경상북도 구미시 도개면,4719033000,3705033
1732,61.6,경상북도,구미시,해평면,경상북도 구미시 해평면,4719034000,3705034
1733,217.8,경상북도,구미시,산동면,경상북도 구미시 산동면,4719035000,3705035
1734,54.1,경상북도,구미시,장천면,경상북도 구미시 장천면,4719036000,3705036
1735,3518.1,경상북도,구미시,원평1동,경상북도 구미시 원평1동,4719090100,3705052
1736,4925,경상북도,구미시,원평2동,경상북도 구미시 원평2동,4719090200,3705053
1737,3406.6,경상북도,구미시,신평1동,경상북도 구미시 신평1동,4719090800,3705061
1738,8818.4,경상북도,구미시,신평2동,경상북도 구미시 신평2동,4719090900,3705062
1739,2915.3,경상북도,구미시,임오동,경상북도 구미시 임오동,4719091000,3705069
1740,2583.9,경상북도,구미시,인동동,경상북도 구미시 인동동,4719091100,3705070
1741,2171.3,경상북도,구미시,진미동,경상북도 구미시 진미동,4719091200,3705071
1742,2312.7,경상북도,구미시,양포동,경상북도 구미시 양포동,4719091300,3705072
1743,496.2,경상북도,영주시,상망동,경상북도 영주시 상망동,4721010200,3706051
1744,4787.9,경상북도,영주시,하망동,경상북도 영주시 하망동,4721010300,3706053
1745,164.2,경상북도,영주시,풍기읍,경상북도 영주시 풍기읍,4721025000,3706011
1746,41.3,경상북도,영주시,이산면,경상북도 영주시 이산면,4721031000,3706031
1747,20.7,경상북도,영주시,평은면,경상북도 영주시 평은면,4721032000,3706032
1748,44.1,경상북도,영주시,문수면,경상북도 영주시 문수면,4721033000,3706033
1749,48.8,경상북도,영주시,장수면,경상북도 영주시 장수면,4721034000,3706034
1750,70.2,경상북도,영주시,안정면,경상북도 영주시 안정면,4721035000,3706035
1751,49.8,경상북도,영주시,봉현면,경상북도 영주시 봉현면,4721036000,3706036
1752,36.5,경상북도,영주시,순흥면,경상북도 영주시 순흥면,4721037000,3706037
1753,19.5,경상북도,영주시,단산면,경상북도 영주시 단산면,4721038000,3706038
1754,31.3,경상북도,영주시,부석면,경상북도 영주시 부석면,4721039000,3706039
1755,4093.2,경상북도,영주시,영주1동,경상북도 영주시 영주1동,4721090400,3706055
1756,7092.3,경상북도,영주시,영주2동,경상북도 영주시 영주2동,4721090500,3706058
1757,21.9,경상북도,김천시,대덕면,경상북도 김천시 대덕면,4715044000,3703043
1758,13.5,경상북도,김천시,증산면,경상북도 김천시 증산면,4715045000,3703044
1759,706.9,경상북도,안동시,명륜동,경상북도 안동시 명륜동,4717010400,3704052
1760,948.8,경상북도,안동시,용상동,경상북도 안동시 용상동,4717011000,3704054
1761,56.4,경상북도,영천시,청통면,경상북도 영천시 청통면,4723031000,3707031
1762,44.2,경상북도,영천시,신녕면,경상북도 영천시 신녕면,4723032000,3707032
1763,54.9,경상북도,영천시,화산면,경상북도 영천시 화산면,4723033000,3707033
1764,21.5,경상북도,영천시,화북면,경상북도 영천시 화북면,4723034000,3707034
1765,36.2,경상북도,영천시,화남면,경상북도 영천시 화남면,4723035000,3707035
1766,11.2,경상북도,영천시,자양면,경상북도 영천시 자양면,4723036000,3707036
1767,44,경상북도,영천시,임고면,경상북도 영천시 임고면,4723037000,3707037
1768,44,경상북도,영천시,고경면,경상북도 영천시 고경면,4723038000,3707038
1769,59.1,경상북도,영천시,북안면,경상북도 영천시 북안면,4723039000,3707039
1770,54.9,경상북도,영천시,대창면,경상북도 영천시 대창면,4723040000,3707040
1771,2775.5,경상북도,영천시,동부동,경상북도 영천시 동부동,4723090100,3707051
1772,403.7,경상북도,영천시,중앙동,경상북도 영천시 중앙동,4723090200,3707052
1773,157.3,경상북도,상주시,함창읍,경상북도 상주시 함창읍,4725025000,3708011
1774,24.8,경상북도,상주시,중동면,경상북도 상주시 중동면,4725031000,3708032
1775,63.9,경상북도,상주시,사벌면,경상북도 상주시 사벌면,4725032000,3708031
1776,43.7,경상북도,상주시,낙동면,경상북도 상주시 낙동면,4725033000,3708033
1777,65,경상북도,상주시,청리면,경상북도 상주시 청리면,4725034000,3708034
1778,44.1,경상북도,상주시,공성면,경상북도 상주시 공성면,4725035000,3708035
1779,47.1,경상북도,상주시,외남면,경상북도 상주시 외남면,4725036000,3708036
1780,21.3,경상북도,상주시,내서면,경상북도 상주시 내서면,4725037000,3708037
1781,34.7,경상북도,상주시,모동면,경상북도 상주시 모동면,4725038000,3708038
1782,28.1,경상북도,상주시,모서면,경상북도 상주시 모서면,4725039000,3708039
1783,33.5,경상북도,상주시,화동면,경상북도 상주시 화동면,4725040000,3708040
1784,42.8,경상북도,상주시,화서면,경상북도 상주시 화서면,4725041000,3708041
1785,14.4,경상북도,상주시,화북면,경상북도 상주시 화북면,4725042000,3708042
1786,27.2,경상북도,상주시,외서면,경상북도 상주시 외서면,4725043000,3708043
1787,26.2,경상북도,상주시,은척면,경상북도 상주시 은척면,4725044000,3708044
1788,53.3,경상북도,상주시,공검면,경상북도 상주시 공검면,4725045000,3708045
1789,37,경상북도,상주시,이안면,경상북도 상주시 이안면,4725046000,3708046
1790,14.3,경상북도,상주시,화남면,경상북도 상주시 화남면,4725047000,3708047
1791,432.8,경상북도,상주시,남원동,경상북도 상주시 남원동,4725090200,3708052
1792,636.4,경상북도,상주시,북문동,경상북도 상주시 북문동,4725090300,3708053
1793,649.8,경상북도,상주시,계림동,경상북도 상주시 계림동,4725090400,3708054
1794,452.1,경상북도,상주시,동문동,경상북도 상주시 동문동,4725090500,3708055
1795,309.5,경상북도,상주시,동성동,경상북도 상주시 동성동,4725090600,3708056
1796,427.1,경상북도,상주시,신흥동,경상북도 상주시 신흥동,4725090700,3708057
1797,42.4,경상북도,문경시,문경읍,경상북도 문경시 문경읍,4728025000,3709011
1798,24.1,경상북도,문경시,가은읍,경상북도 문경시 가은읍,4728025300,3709012
1799,58.8,경상북도,문경시,영순면,경상북도 문경시 영순면,4728031000,3709031
1800,87.6,경상북도,문경시,산양면,경상북도 문경시 산양면,4728032000,3709032
1801,44.9,경상북도,문경시,호계면,경상북도 문경시 호계면,4728033000,3709033
1802,22.8,경상북도,문경시,산북면,경상북도 문경시 산북면,4728034000,3709034
1803,125.9,경상북도,경산시,와촌면,경상북도 경산시 와촌면,4729031000,3710031
1804,285.6,경상북도,경산시,자인면,경상북도 경산시 자인면,4729033000,3710032
1805,39.4,경상북도,경산시,용성면,경상북도 경산시 용성면,4729034000,3710033
1806,99.6,경상북도,경산시,남산면,경상북도 경산시 남산면,4729035000,3710034
1807,1135.7,경상북도,경산시,압량면,경상북도 경산시 압량면,4729036000,3710035
1808,46.1,경상북도,경산시,남천면,경상북도 경산시 남천면,4729037000,3710036
1809,7474.5,경상북도,경산시,중앙동,경상북도 경산시 중앙동,4729090100,3710051
1810,4622.7,경상북도,경산시,남부동,경상북도 경산시 남부동,4729090200,3710054
1811,1592.4,경상북도,경산시,북부동,경상북도 경산시 북부동,4729090400,3710055
1812,2255,경상북도,경산시,동부동,경상북도 경산시 동부동,4729090500,3710052
1813,12.4,경상북도,문경시,동로면,경상북도 문경시 동로면,4728035000,3709035
1814,47,경상북도,문경시,마성면,경상북도 문경시 마성면,4728036000,3709036
1815,22.8,경상북도,문경시,농암면,경상북도 문경시 농암면,4728037000,3709037
1816,9187.9,경상북도,경산시,중방동,경상북도 경산시 중방동,4729011700,3710056
1817,648.8,경상북도,경산시,하양읍,경상북도 경산시 하양읍,4729025000,3710011
1818,878.5,경상북도,경산시,진량읍,경상북도 경산시 진량읍,4729025300,3710012
1819,89,경상북도,군위군,군위읍,경상북도 군위군 군위읍,4772011000,3731011
1820,89,경상북도,군위군,군위읍,경상북도 군위군 군위읍,4772025000,3731011
1821,22.1,경상북도,군위군,소보면,경상북도 군위군 소보면,4772031000,3731031
1822,34.9,경상북도,군위군,효령면,경상북도 군위군 효령면,4772032000,3731032
1823,27.1,경상북도,군위군,부계면,경상북도 군위군 부계면,4772033000,3731033
1824,32.4,경상북도,군위군,우보면,경상북도 군위군 우보면,4772034000,3731034
1825,42.4,경상북도,군위군,의흥면,경상북도 군위군 의흥면,4772035000,3731035
1826,30.6,경상북도,군위군,산성면,경상북도 군위군 산성면,4772036000,3731036
1827,9.9,경상북도,군위군,고로면,경상북도 군위군 고로면,4772037000,3731037
1828,187.4,경상북도,의성군,의성읍,경상북도 의성군 의성읍,4773011000,3732011
1829,187.4,경상북도,의성군,의성읍,경상북도 의성군 의성읍,4773025000,3732011
1830,25.3,경상북도,의성군,단촌면,경상북도 의성군 단촌면,4773031000,3732031
1831,24.7,경상북도,의성군,점곡면,경상북도 의성군 점곡면,4773032000,3732032
1832,16.3,경상북도,의성군,옥산면,경상북도 의성군 옥산면,4773033000,3732033
1833,20.1,경상북도,의성군,사곡면,경상북도 의성군 사곡면,4773034000,3732034
1834,21.2,경상북도,의성군,춘산면,경상북도 의성군 춘산면,4773035000,3732035
1835,32.6,경상북도,의성군,가음면,경상북도 의성군 가음면,4773036000,3732036
1836,55.7,경상북도,의성군,금성면,경상북도 의성군 금성면,4773037000,3732037
1837,54.7,경상북도,의성군,봉양면,경상북도 의성군 봉양면,4773038000,3732038
1838,35.4,경상북도,의성군,비안면,경상북도 의성군 비안면,4773039000,3732039
1839,39.3,경상북도,의성군,구천면,경상북도 의성군 구천면,4773040000,3732040
1840,31.3,경상북도,의성군,단밀면,경상북도 의성군 단밀면,4773041000,3732041
1841,71.4,경상북도,의성군,단북면,경상북도 의성군 단북면,4773042000,3732042
1842,99.1,경상북도,의성군,안계면,경상북도 의성군 안계면,4773043000,3732043
1843,41.2,경상북도,의성군,다인면,경상북도 의성군 다인면,4773044000,3732044
1844,1089.7,경상남도,양산시,소주동,경상남도 양산시 소주동,4833011700,3810055
1845,2814.8,경상남도,양산시,평산동,경상남도 양산시 평산동,4833011900,3810056
1846,848.8,경상남도,양산시,덕계동,경상남도 양산시 덕계동,4833012000,3810057
1847,4972.1,경상남도,양산시,물금읍,경상남도 양산시 물금읍,4833025300,3810012
1848,543,경상남도,양산시,동면,경상남도 양산시 동면,4833031000,3810031
1849,20.3,경상남도,양산시,원동면,경상남도 양산시 원동면,4833032000,3810032
1850,196.7,경상남도,양산시,상북면,경상남도 양산시 상북면,4833033000,3810033
1851,122.5,경상남도,양산시,하북면,경상남도 양산시 하북면,4833034000,3810034
1852,250.4,경상남도,의령군,의령읍,경상남도 의령군 의령읍,4872011000,3831011
1853,250.4,경상남도,의령군,의령읍,경상남도 의령군 의령읍,4872025000,3831011
1854,49.9,경상남도,의령군,가례면,경상남도 의령군 가례면,4872031000,3831031
1855,47.7,경상남도,의령군,칠곡면,경상남도 의령군 칠곡면,4872032000,3831032
1856,26.1,경상남도,의령군,대의면,경상남도 의령군 대의면,4872033000,3831033
1857,37.7,경상남도,의령군,화정면,경상남도 의령군 화정면,4872034000,3831034
1858,45.1,경상남도,의령군,용덕면,경상남도 의령군 용덕면,4872035000,3831035
1859,31.6,경상남도,의령군,정곡면,경상남도 의령군 정곡면,4872036000,3831036
1860,36.6,경상남도,의령군,지정면,경상남도 의령군 지정면,4872037000,3831037
1861,31.4,경상남도,의령군,낙서면,경상남도 의령군 낙서면,4872038000,3831038
1862,60.6,경상남도,의령군,부림면,경상남도 의령군 부림면,4872039000,3831039
1863,30.2,경상남도,의령군,봉수면,경상남도 의령군 봉수면,4872040000,3831040
1864,25.2,경상남도,의령군,궁류면,경상남도 의령군 궁류면,4872041500,3831041
1865,24.4,경상남도,의령군,유곡면,경상남도 의령군 유곡면,4872042000,3831042
1866,441.8,경상남도,함안군,가야읍,경상남도 함안군 가야읍,4873025000,3832011
1867,388,경상남도,함안군,칠원읍,경상남도 함안군 칠원읍,4873025300,3832012
1868,78.4,경상남도,함안군,함안면,경상남도 함안군 함안면,4873031000,3832031
1869,75.6,경상남도,함안군,군북면,경상남도 함안군 군북면,4873032000,3832032
1870,81.2,경상남도,함안군,법수면,경상남도 함안군 법수면,4873033000,3832033
1871,71.6,경상남도,함안군,대산면,경상남도 함안군 대산면,4873034000,3832034
1872,154.2,경상남도,함안군,칠서면,경상남도 함안군 칠서면,4873035000,3832035
1873,55.9,경상남도,함안군,칠북면,경상남도 함안군 칠북면,4873036000,3832036
1874,70,경상남도,함안군,산인면,경상남도 함안군 산인면,4873038000,3832038
1875,29.3,경상남도,함안군,여항면,경상남도 함안군 여항면,4873039000,3832039
1876,261.4,경상남도,창녕군,창녕읍,경상남도 창녕군 창녕읍,4874011000,3833011
1877,261.4,경상남도,창녕군,창녕읍,경상남도 창녕군 창녕읍,4874025000,3833011
1878,216.7,경상남도,창녕군,남지읍,경상남도 창녕군 남지읍,4874025300,3833012
1879,47.3,경상남도,창녕군,고암면,경상남도 창녕군 고암면,4874031000,3833031
1880,33.3,경상남도,창녕군,성산면,경상남도 창녕군 성산면,4874032000,3833032
1881,78.6,경상남도,창녕군,대합면,경상남도 창녕군 대합면,4874033000,3833033
1882,54.9,경상남도,창녕군,이방면,경상남도 창녕군 이방면,4874034000,3833034
1883,50.7,경상남도,창녕군,유어면,경상남도 창녕군 유어면,4874035000,3833035
1884,141.5,경상남도,창녕군,대지면,경상남도 창녕군 대지면,4874036000,3833036
1885,82.9,경상남도,창녕군,계성면,경상남도 창녕군 계성면,4874037000,3833037
1886,187.3,경상남도,창녕군,영산면,경상남도 창녕군 영산면,4874038000,3833038
1887,57.5,경상남도,창녕군,장마면,경상남도 창녕군 장마면,4874039000,3833039
1888,105.7,경상남도,창녕군,도천면,경상남도 창녕군 도천면,4874040000,3833040
1889,49.7,경상남도,창녕군,길곡면,경상남도 창녕군 길곡면,4874041000,3833041
1890,88.4,경상남도,창녕군,부곡면,경상남도 창녕군 부곡면,4874042000,3833042
1891,548.7,경상남도,고성군,고성읍,경상남도 고성군 고성읍,4882011000,3834011
1892,548.7,경상남도,고성군,고성읍,경상남도 고성군 고성읍,4882025000,3834011
1893,46.1,경상남도,고성군,삼산면,경상남도 고성군 삼산면,4882031000,3834031
1894,52.9,경상남도,고성군,하일면,경상남도 고성군 하일면,4882032000,3834032
1895,66.8,경상남도,고성군,하이면,경상남도 고성군 하이면,4882033000,3834033
1896,31.9,경상남도,고성군,상리면,경상남도 고성군 상리면,4882034000,3834034
1897,28.8,경상남도,고성군,대가면,경상남도 고성군 대가면,4882035000,3834035
1898,24.9,경상남도,고성군,영현면,경상남도 고성군 영현면,4882036000,3834036
1899,59.5,경상남도,고성군,영오면,경상남도 고성군 영오면,4882037000,3834037
1900,26.7,경상남도,고성군,개천면,경상남도 고성군 개천면,4882038000,3834038
1901,43.8,경상남도,고성군,구만면,경상남도 고성군 구만면,4882039000,3834039
1902,125.3,경상남도,고성군,회화면,경상남도 고성군 회화면,4882040000,3834040
1903,52.4,경상남도,고성군,마암면,경상남도 고성군 마암면,4882041000,3834041
1904,55.1,경상남도,고성군,동해면,경상남도 고성군 동해면,4882042000,3834042
1905,118.4,경상남도,고성군,거류면,경상남도 고성군 거류면,4882043000,3834043
1906,472.2,경상남도,남해군,남해읍,경상남도 남해군 남해읍,4884011000,3835011
1907,472.2,경상남도,남해군,남해읍,경상남도 남해군 남해읍,4884025000,3835011
1908,76.8,경상남도,남해군,이동면,경상남도 남해군 이동면,4884031000,3835031
1909,60.5,경상남도,남해군,상주면,경상남도 남해군 상주면,4884032000,3835032
1910,70.3,경상남도,남해군,삼동면,경상남도 남해군 삼동면,4884033000,3835033
1911,135.1,경상남도,남해군,미조면,경상남도 남해군 미조면,4884034000,3835034
1912,83.1,경상남도,남해군,남면,경상남도 남해군 남면,4884035000,3835035
1913,60.9,경상남도,남해군,서면,경상남도 남해군 서면,4884036000,3835036
1914,119.2,경상남도,남해군,고현면,경상남도 남해군 고현면,4884037000,3835037
1915,110.3,경상남도,남해군,설천면,경상남도 남해군 설천면,4884038000,3835038
1916,96,경상남도,남해군,창선면,경상남도 남해군 창선면,4884039000,3835039
1917,317,경상남도,하동군,하동읍,경상남도 하동군 하동읍,4885011000,3836011
1918,317,경상남도,하동군,하동읍,경상남도 하동군 하동읍,4885025000,3836011
1919,21.9,경상남도,하동군,화개면,경상남도 하동군 화개면,4885031000,3836031
1920,64.5,경상남도,하동군,악양면,경상남도 하동군 악양면,4885032000,3836032
1921,95.2,경상남도,산청군,산청읍,경상남도 산청군 산청읍,4886025000,3837011
1922,26.8,경상남도,산청군,차황면,경상남도 산청군 차황면,4886031000,3837031
1923,28.5,경상남도,산청군,오부면,경상남도 산청군 오부면,4886032000,3837032
1924,40,경상남도,산청군,생초면,경상남도 산청군 생초면,4886033000,3837033
1925,36.5,경상남도,산청군,금서면,경상남도 산청군 금서면,4886034000,3837034
1926,16.1,경상남도,산청군,삼장면,경상남도 산청군 삼장면,4886035000,3837035
1927,29,경상남도,산청군,시천면,경상남도 산청군 시천면,4886036000,3837036
1928,46.7,경상남도,산청군,단성면,경상남도 산청군 단성면,4886037000,3837037
1929,79.4,경상남도,산청군,신안면,경상남도 산청군 신안면,4886038000,3837038
1930,27.6,경상남도,산청군,생비량면,경상남도 산청군 생비량면,4886039000,3837039
1931,34.5,경상남도,산청군,신등면,경상남도 산청군 신등면,4886040000,3837040
1932,252.3,경상남도,함양군,함양읍,경상남도 함양군 함양읍,4887011000,3838011
1933,252.3,경상남도,함양군,함양읍,경상남도 함양군 함양읍,4887025000,3838011
1934,18.1,경상남도,함양군,마천면,경상남도 함양군 마천면,4887031000,3838031
1935,22.6,경상남도,함양군,휴천면,경상남도 함양군 휴천면,4887032000,3838032
1936,54.3,경상남도,함양군,유림면,경상남도 함양군 유림면,4887033000,3838033
1937,49.1,경상남도,함양군,수동면,경상남도 함양군 수동면,4887034000,3838034
1938,47.1,경상남도,함양군,지곡면,경상남도 함양군 지곡면,4887035000,3838035
1939,46.1,경상남도,함양군,안의면,경상남도 함양군 안의면,4887036000,3838036
1940,17.8,경상남도,함양군,서하면,경상남도 함양군 서하면,4887037000,3838037
1941,19.4,경상남도,함양군,서상면,경상남도 함양군 서상면,4887038000,3838038
1942,26.7,경상남도,함양군,백전면,경상남도 함양군 백전면,4887039000,3838039
1943,26.6,경상남도,함양군,병곡면,경상남도 함양군 병곡면,4887040000,3838040
1944,699.4,경상남도,거창군,거창읍,경상남도 거창군 거창읍,4888011000,3839011
1945,699.4,경상남도,거창군,거창읍,경상남도 거창군 거창읍,4888025000,3839011
1946,29.1,경상남도,거창군,주상면,경상남도 거창군 주상면,4888031000,3839031
1947,31.1,경상남도,거창군,웅양면,경상남도 거창군 웅양면,4888032000,3839032
1948,22.8,경상남도,거창군,고제면,경상남도 거창군 고제면,4888033000,3839033
1949,11.6,경상남도,거창군,북상면,경상남도 거창군 북상면,4888034000,3839034
1950,35.3,경상남도,거창군,위천면,경상남도 거창군 위천면,4888035000,3839035
1951,42.6,경상남도,거창군,마리면,경상남도 거창군 마리면,4888036000,3839036
1952,35,경상남도,거창군,남상면,경상남도 거창군 남상면,4888037000,3839037
1953,26.9,경상남도,거창군,남하면,경상남도 거창군 남하면,4888038000,3839038
1954,19.5,경상남도,거창군,신원면,경상남도 거창군 신원면,4888039000,3839039
1955,54.5,경상남도,거창군,가조면,경상남도 거창군 가조면,4888040000,3839040
1956,13.7,경상남도,거창군,가북면,경상남도 거창군 가북면,4888041000,3839041
1957,209.4,경상남도,합천군,합천읍,경상남도 합천군 합천읍,4889011000,3840011
1958,209.4,경상남도,합천군,합천읍,경상남도 합천군 합천읍,4889025000,3840011
1959,17.1,경상남도,합천군,봉산면,경상남도 합천군 봉산면,4889031000,3840031
1960,30.3,경상남도,합천군,묘산면,경상남도 합천군 묘산면,4889032000,3840032
1961,40.4,경상남도,합천군,가야면,경상남도 합천군 가야면,4889033000,3840033
1962,46.4,경상남도,하동군,적량면,경상남도 하동군 적량면,4885033000,3836033
1963,51,경상남도,하동군,횡천면,경상남도 하동군 횡천면,4885034000,3836034
1964,60.1,경상남도,하동군,고전면,경상남도 하동군 고전면,4885035000,3836035
1965,76.4,경상남도,하동군,금남면,경상남도 하동군 금남면,4885036000,3836036
1966,115.3,경상남도,하동군,진교면,경상남도 하동군 진교면,4885037000,3836038
1967,48.8,경상남도,하동군,양보면,경상남도 하동군 양보면,4885038000,3836039
1968,49,경상남도,하동군,북천면,경상남도 하동군 북천면,4885039000,3836040
1969,19.6,경상남도,하동군,청암면,경상남도 하동군 청암면,4885040000,3836041
1970,45.7,경상남도,하동군,옥종면,경상남도 하동군 옥종면,4885041000,3836042
1971,112.6,경상남도,하동군,금성면,경상남도 하동군 금성면,4885042000,3836037
1972,50.7,경상남도,합천군,야로면,경상남도 합천군 야로면,4889034000,3840034
1973,28.8,경상남도,합천군,율곡면,경상남도 합천군 율곡면,4889035000,3840035
1974,106.1,경상남도,합천군,초계면,경상남도 합천군 초계면,4889036000,3840036
1975,30.8,경상남도,합천군,쌍책면,경상남도 합천군 쌍책면,4889037000,3840037
1976,29.2,경상남도,합천군,덕곡면,경상남도 합천군 덕곡면,4889038000,3840038
1977,27.8,경상남도,합천군,청덕면,경상남도 합천군 청덕면,4889039000,3840039
1978,61.5,경상남도,합천군,적중면,경상남도 합천군 적중면,4889040000,3840040
1979,25.5,경상남도,합천군,대양면,경상남도 합천군 대양면,4889041000,3840041
1980,27,경상남도,합천군,쌍백면,경상남도 합천군 쌍백면,4889042000,3840042
1981,52.3,경상남도,합천군,삼가면,경상남도 합천군 삼가면,4889043000,3840043
1982,23.6,경상남도,합천군,가회면,경상남도 합천군 가회면,4889044000,3840044
1983,31.9,경상남도,합천군,대병면,경상남도 합천군 대병면,4889045000,3840045
1984,24.1,경상남도,합천군,용주면,경상남도 합천군 용주면,4889046000,3840046
1985,3315.3,제주특별자치도,제주시,건입동,제주특별자치도 제주시 건입동,5011010700,3901059
1986,75.3,제주특별자치도,제주시,봉개동,제주특별자치도 제주시 봉개동,5011011600,3901062
1987,1156.4,제주특별자치도,제주시,노형동,제주특별자치도 제주시 노형동,5011012200,3901066
1988,3326.9,제주특별자치도,제주시,연동,제주특별자치도 제주시 연동,5011013700,3901065
1989,202,제주특별자치도,제주시,한림읍,제주특별자치도 제주시 한림읍,5011025000,3901011
1990,151.3,제주특별자치도,제주시,애월읍,제주특별자치도 제주시 애월읍,5011025300,3901012
1991,71.5,제주특별자치도,제주시,구좌읍,제주특별자치도 제주시 구좌읍,5011025600,3901013
1992,138,제주특별자치도,제주시,조천읍,제주특별자치도 제주시 조천읍,5011025900,3901014
1993,97.2,제주특별자치도,제주시,한경면,제주특별자치도 제주시 한경면,5011031000,3901031
1994,201.7,제주특별자치도,제주시,추자면,제주특별자치도 제주시 추자면,5011032000,3901032
1995,239.7,제주특별자치도,제주시,우도면,제주특별자치도 제주시 우도면,5011033000,3901033
1996,1503.7,제주특별자치도,서귀포시,동홍동,제주특별자치도 서귀포시 동홍동,5013010500,3902057
1997,736.1,제주특별자치도,서귀포시,서홍동,제주특별자치도 서귀포시 서홍동,5013010600,3902058
1998,172,제주특별자치도,서귀포시,중문동,제주특별자치도 서귀포시 중문동,5013011200,3902061
1999,232,제주특별자치도,서귀포시,대정읍,제주특별자치도 서귀포시 대정읍,5013025000,3902011
2000,88.9,제주특별자치도,서귀포시,남원읍,제주특별자치도 서귀포시 남원읍,5013025300,3902012
2001,121.6,제주특별자치도,서귀포시,성산읍,제주특별자치도 서귀포시 성산읍,5013025900,3902013
2002,91.9,제주특별자치도,서귀포시,안덕면,제주특별자치도 서귀포시 안덕면,5013031000,3902031
2003,79.2,제주특별자치도,서귀포시,표선면,제주특별자치도 서귀포시 표선면,5013032000,3902032
