지부코드,교육년도,교육구분,교육기관,교육대상,계획구분,1월,2월,3월,4월,5월,6월,7월,8월,9월,10월,11월,12월,총계
서울지부,2018,어린이교육,11,111,개소,0,0,0,0,0,0,0,0,0,0,0,0,0
서울지부,2018,어린이교육,11,111,회차,0,0,0,0,0,0,0,0,0,0,0,0,0
서울지부,2018,어린이교육,11,111,인원,10904,10904,10904,10904,10904,10904,10904,10904,10904,10904,10904,10913,130857
서울지부,2018,어린이교육,11,112,개소,0,0,0,0,0,0,0,0,0,0,0,0,0
서울지부,2018,어린이교육,11,112,회차,0,0,0,0,0,0,0,0,0,0,0,0,0
서울지부,2018,어린이교육,11,112,인원,0,0,0,0,0,0,0,0,0,0,0,0,0
서울지부,2018,어린이교육,11,113,개소,0,0,0,0,0,0,0,0,0,0,0,0,0
서울지부,2018,어린이교육,11,113,회차,0,0,0,0,0,0,0,0,0,0,0,0,0
서울지부,2018,어린이교육,11,113,인원,0,0,0,0,0,0,0,0,0,0,0,0,0
서울지부,2018,어린이교육,11,114,개소,0,0,0,0,0,0,0,0,0,0,0,0,0
서울지부,2018,어린이교육,11,114,회차,0,0,0,0,0,0,0,0,0,0,0,0,0
서울지부,2018,어린이교육,11,114,인원,0,0,0,0,0,0,0,0,0,0,0,0,0
서울지부,2018,어린이교육,12,121,인원,7839,7839,7839,7839,7839,7839,7839,7839,7839,7839,7839,7839,94068
서울지부,2018,어린이교육,12,121,개소,0,0,0,0,0,0,0,0,0,0,0,0,0
서울지부,2018,어린이교육,12,121,회차,0,0,0,0,0,0,0,0,0,0,0,0,0
서울지부,2018,어린이교육,12,122,인원,2829,2829,2829,2829,2829,2829,2829,2829,2829,2829,2829,2840,33959
서울지부,2018,어린이교육,12,122,개소,0,0,0,0,0,0,0,0,0,0,0,0,0
서울지부,2018,어린이교육,12,122,회차,0,0,0,0,0,0,0,0,0,0,0,0,0
서울지부,2018,어린이교육,12,124,개소,0,0,0,0,0,0,0,0,0,0,0,0,0
서울지부,2018,어린이교육,12,124,회차,0,0,0,0,0,0,0,0,0,0,0,0,0
서울지부,2018,어린이교육,12,124,인원,235,235,235,235,235,235,235,235,235,235,235,245,2830
서울지부,2018,어린이교육,12,127,개소,0,0,0,0,0,0,0,0,0,0,0,0,0
서울지부,2018,어린이교육,12,127,회차,0,0,0,0,0,0,0,0,0,0,0,0,0
서울지부,2018,어린이교육,12,127,인원,471,471,471,471,471,471,471,471,471,471,471,479,5660
서울지부,2018,어린이교육,13,131,개소,0,0,0,0,0,0,0,0,0,0,0,0,0
서울지부,2018,어린이교육,13,131,회차,0,0,0,0,0,0,0,0,0,0,0,0,0
서울지부,2018,어린이교육,13,131,인원,1421,1421,1421,1421,1421,1421,1421,1421,1421,1421,1421,1433,17064
서울지부,2018,어린이교육,13,132,개소,0,0,0,0,0,0,0,0,0,0,0,0,0
서울지부,2018,어린이교육,13,132,회차,0,0,0,0,0,0,0,0,0,0,0,0,0
서울지부,2018,어린이교육,13,132,인원,117,117,117,117,117,117,117,117,117,117,117,128,1415
서울지부,2018,어린이교육,13,134,개소,0,0,0,0,0,0,0,0,0,0,0,0,0
서울지부,2018,어린이교육,13,134,회차,0,0,0,0,0,0,0,0,0,0,0,0,0
서울지부,2018,어린이교육,13,134,인원,0,0,0,0,0,0,0,0,0,0,0,0,0
서울지부,2018,어린이교육,13,137,개소,0,0,0,0,0,0,0,0,0,0,0,0,0
서울지부,2018,어린이교육,13,137,회차,0,0,0,0,0,0,0,0,0,0,0,0,0
서울지부,2018,어린이교육,13,137,인원,117,117,117,117,117,117,117,117,117,117,117,128,1415
서울지부,2018,어린이교육,14,141,개소,0,0,0,0,0,0,0,0,0,0,0,0,0
서울지부,2018,어린이교육,14,141,회차,0,0,0,0,0,0,0,0,0,0,0,0,0
서울지부,2018,어린이교육,14,141,인원,1886,1886,1886,1886,1886,1886,1886,1886,1886,1886,1886,1893,22639
서울지부,2018,어린이교육,14,142,개소,0,0,0,0,0,0,0,0,0,0,0,0,0
서울지부,2018,어린이교육,14,142,회차,0,0,0,0,0,0,0,0,0,0,0,0,0
서울지부,2018,어린이교육,14,142,인원,0,0,0,0,0,0,0,0,0,0,0,0,0
서울지부,2018,어린이교육,14,144,개소,0,0,0,0,0,0,0,0,0,0,0,0,0
서울지부,2018,어린이교육,14,144,회차,0,0,0,0,0,0,0,0,0,0,0,0,0
서울지부,2018,어린이교육,14,144,인원,0,0,0,0,0,0,0,0,0,0,0,0,0
서울지부,2018,어린이교육,14,147,개소,0,0,0,0,0,0,0,0,0,0,0,0,0
서울지부,2018,어린이교육,14,147,회차,0,0,0,0,0,0,0,0,0,0,0,0,0
서울지부,2018,어린이교육,14,147,인원,0,0,0,0,0,0,0,0,0,0,0,0,0
서울지부,2018,청소년교육,21,211,개소,0,0,0,0,0,0,0,0,0,0,0,0,0
서울지부,2018,청소년교육,21,211,회차,0,0,0,0,0,0,0,0,0,0,0,0,0
서울지부,2018,청소년교육,21,211,인원,46,46,46,46,46,46,46,46,46,46,46,54,560
서울지부,2018,청소년교육,21,212,개소,0,0,0,0,0,0,0,0,0,0,0,0,0
서울지부,2018,청소년교육,21,212,회차,0,0,0,0,0,0,0,0,0,0,0,0,0
서울지부,2018,청소년교육,21,212,인원,6,6,6,6,6,6,6,6,6,6,6,9,75
서울지부,2018,청소년교육,21,214,개소,0,0,0,0,0,0,0,0,0,0,0,0,0
서울지부,2018,청소년교육,21,214,회차,0,0,0,0,0,0,0,0,0,0,0,0,0
서울지부,2018,청소년교육,21,214,인원,6,6,6,6,6,6,6,6,6,6,6,9,75
서울지부,2018,청소년교육,21,217,개소,0,0,0,0,0,0,0,0,0,0,0,0,0
서울지부,2018,청소년교육,21,217,회차,0,0,0,0,0,0,0,0,0,0,0,0,0
서울지부,2018,청소년교육,21,217,인원,0,0,0,0,0,0,0,0,0,0,0,0,0
서울지부,2018,청소년교육,21,218,개소,0,0,0,0,0,0,0,0,0,0,0,0,0
서울지부,2018,청소년교육,21,218,회차,0,0,0,0,0,0,0,0,0,0,0,0,0
서울지부,2018,청소년교육,21,218,인원,3,3,3,3,3,3,3,3,3,3,3,4,37
서울지부,2018,청소년교육,22,221,개소,0,0,0,0,0,0,0,0,0,0,0,0,0
서울지부,2018,청소년교육,22,221,회차,0,0,0,0,0,0,0,0,0,0,0,0,0
서울지부,2018,청소년교육,22,221,인원,140,140,140,140,140,140,140,140,140,140,140,141,1681
서울지부,2018,청소년교육,22,222,개소,0,0,0,0,0,0,0,0,0,0,0,0,0
서울지부,2018,청소년교육,22,222,회차,0,0,0,0,0,0,0,0,0,0,0,0,0
서울지부,2018,청소년교육,22,222,인원,24,24,24,24,24,24,24,24,24,24,24,35,299
서울지부,2018,청소년교육,22,223,개소,0,0,0,0,0,0,0,0,0,0,0,0,0
서울지부,2018,청소년교육,22,223,회차,0,0,0,0,0,0,0,0,0,0,0,0,0
서울지부,2018,청소년교육,22,223,인원,0,0,0,0,0,0,0,0,0,0,0,0,0
서울지부,2018,청소년교육,22,224,개소,0,0,0,0,0,0,0,0,0,0,0,0,0
서울지부,2018,청소년교육,22,224,회차,0,0,0,0,0,0,0,0,0,0,0,0,0
서울지부,2018,청소년교육,22,224,인원,6,6,6,6,6,6,6,6,6,6,6,9,75
서울지부,2018,청소년교육,22,226,개소,0,0,0,0,0,0,0,0,0,0,0,0,0
서울지부,2018,청소년교육,22,226,회차,0,0,0,0,0,0,0,0,0,0,0,0,0
서울지부,2018,청소년교육,22,226,인원,77,77,77,77,77,77,77,77,77,77,77,87,934
서울지부,2018,청소년교육,22,227,개소,0,0,0,0,0,0,0,0,0,0,0,0,0
서울지부,2018,청소년교육,22,227,회차,0,0,0,0,0,0,0,0,0,0,0,0,0
서울지부,2018,청소년교육,22,227,인원,0,0,0,0,0,0,0,0,0,0,0,0,0
서울지부,2018,청소년교육,22,228,개소,0,0,0,0,0,0,0,0,0,0,0,0,0
서울지부,2018,청소년교육,22,228,회차,0,0,0,0,0,0,0,0,0,0,0,0,0
서울지부,2018,청소년교육,22,228,인원,0,0,0,0,0,0,0,0,0,0,0,0,0
서울지부,2018,성인교육,31,312,개소,0,0,0,0,0,0,0,0,0,0,0,0,0
서울지부,2018,성인교육,31,312,회차,0,0,0,0,0,0,0,0,0,0,0,0,0
서울지부,2018,성인교육,31,312,인원,40,40,40,40,40,40,40,40,40,40,40,46,486
서울지부,2018,성인교육,31,313,개소,0,0,0,0,0,0,0,0,0,0,0,0,0
서울지부,2018,성인교육,31,313,회차,0,0,0,0,0,0,0,0,0,0,0,0,0
서울지부,2018,성인교육,31,313,인원,0,0,0,0,0,0,0,0,0,0,0,0,0
서울지부,2018,성인교육,31,314,개소,0,0,0,0,0,0,0,0,0,0,0,0,0
서울지부,2018,성인교육,31,314,회차,0,0,0,0,0,0,0,0,0,0,0,0,0
서울지부,2018,성인교육,31,314,인원,0,0,0,0,0,0,0,0,0,0,0,0,0
서울지부,2018,성인교육,31,316,개소,0,0,0,0,0,0,0,0,0,0,0,0,0
서울지부,2018,성인교육,31,316,회차,0,0,0,0,0,0,0,0,0,0,0,0,0
서울지부,2018,성인교육,31,316,인원,809,809,809,809,809,809,809,809,809,809,809,815,9714
서울지부,2018,성인교육,31,317,개소,0,0,0,0,0,0,0,0,0,0,0,0,0
서울지부,2018,성인교육,31,317,회차,0,0,0,0,0,0,0,0,0,0,0,0,0
서울지부,2018,성인교육,31,317,인원,0,0,0,0,0,0,0,0,0,0,0,0,0
서울지부,2018,성인교육,31,318,개소,0,0,0,0,0,0,0,0,0,0,0,0,0
서울지부,2018,성인교육,31,318,회차,0,0,0,0,0,0,0,0,0,0,0,0,0
서울지부,2018,성인교육,31,318,인원,0,0,0,0,0,0,0,0,0,0,0,0,0
서울지부,2018,성인교육,31,319,개소,0,0,0,0,0,0,0,0,0,0,0,0,0
서울지부,2018,성인교육,31,319,회차,0,0,0,0,0,0,0,0,0,0,0,0,0
서울지부,2018,성인교육,31,319,인원,0,0,0,0,0,0,0,0,0,0,0,0,0
서울지부,2018,성인교육,32,322,개소,0,0,0,0,0,0,0,0,0,0,0,0,0
서울지부,2018,성인교육,32,322,회차,0,0,0,0,0,0,0,0,0,0,0,0,0
서울지부,2018,성인교육,32,322,인원,0,0,0,0,0,0,0,0,0,0,0,0,0
서울지부,2018,성인교육,32,323,개소,0,0,0,0,0,0,0,0,0,0,0,0,0
서울지부,2018,성인교육,32,323,회차,0,0,0,0,0,0,0,0,0,0,0,0,0
서울지부,2018,성인교육,32,323,인원,0,0,0,0,0,0,0,0,0,0,0,0,0
서울지부,2018,성인교육,32,326,개소,0,0,0,0,0,0,0,0,0,0,0,0,0
서울지부,2018,성인교육,32,326,회차,0,0,0,0,0,0,0,0,0,0,0,0,0
서울지부,2018,성인교육,32,326,인원,161,161,161,161,161,161,161,161,161,161,161,172,1943
서울지부,2018,성인교육,32,328,개소,0,0,0,0,0,0,0,0,0,0,0,0,0
서울지부,2018,성인교육,32,328,회차,0,0,0,0,0,0,0,0,0,0,0,0,0
서울지부,2018,성인교육,32,328,인원,0,0,0,0,0,0,0,0,0,0,0,0,0
서울지부,2018,성인교육,32,329,개소,0,0,0,0,0,0,0,0,0,0,0,0,0
서울지부,2018,성인교육,32,329,회차,0,0,0,0,0,0,0,0,0,0,0,0,0
서울지부,2018,성인교육,32,329,인원,0,0,0,0,0,0,0,0,0,0,0,0,0
서울지부,2018,성인교육,33,332,개소,0,0,0,0,0,0,0,0,0,0,0,0,0
서울지부,2018,성인교육,33,332,회차,0,0,0,0,0,0,0,0,0,0,0,0,0
서울지부,2018,성인교육,33,332,인원,0,0,0,0,0,0,0,0,0,0,0,0,0
서울지부,2018,성인교육,33,333,개소,0,0,0,0,0,0,0,0,0,0,0,0,0
서울지부,2018,성인교육,33,333,회차,0,0,0,0,0,0,0,0,0,0,0,0,0
서울지부,2018,성인교육,33,333,인원,0,0,0,0,0,0,0,0,0,0,0,0,0
서울지부,2018,성인교육,33,336,개소,0,0,0,0,0,0,0,0,0,0,0,0,0
서울지부,2018,성인교육,33,336,회차,0,0,0,0,0,0,0,0,0,0,0,0,0
서울지부,2018,성인교육,33,336,인원,323,323,323,323,323,323,323,323,323,323,323,333,3886
서울지부,2018,성인교육,33,338,개소,0,0,0,0,0,0,0,0,0,0,0,0,0
서울지부,2018,성인교육,33,338,회차,0,0,0,0,0,0,0,0,0,0,0,0,0
서울지부,2018,성인교육,33,338,인원,0,0,0,0,0,0,0,0,0,0,0,0,0
서울지부,2018,성인교육,33,339,개소,0,0,0,0,0,0,0,0,0,0,0,0,0
서울지부,2018,성인교육,33,339,회차,0,0,0,0,0,0,0,0,0,0,0,0,0
서울지부,2018,성인교육,33,339,인원,0,0,0,0,0,0,0,0,0,0,0,0,0
서울지부,2018,성인교육,34,342,개소,0,0,0,0,0,0,0,0,0,0,0,0,0
서울지부,2018,성인교육,34,342,회차,0,0,0,0,0,0,0,0,0,0,0,0,0
서울지부,2018,성인교육,34,342,인원,40,40,40,40,40,40,40,40,40,40,40,46,486
서울지부,2018,성인교육,34,343,개소,0,0,0,0,0,0,0,0,0,0,0,0,0
서울지부,2018,성인교육,34,343,회차,0,0,0,0,0,0,0,0,0,0,0,0,0
서울지부,2018,성인교육,34,343,인원,0,0,0,0,0,0,0,0,0,0,0,0,0
서울지부,2018,성인교육,34,346,개소,0,0,0,0,0,0,0,0,0,0,0,0,0
서울지부,2018,성인교육,34,346,회차,0,0,0,0,0,0,0,0,0,0,0,0,0
서울지부,2018,성인교육,34,346,인원,1266,1266,1266,1266,1266,1266,1266,1266,1266,1266,1266,1273,15199
서울지부,2018,성인교육,34,348,개소,0,0,0,0,0,0,0,0,0,0,0,0,0
서울지부,2018,성인교육,34,348,회차,0,0,0,0,0,0,0,0,0,0,0,0,0
서울지부,2018,성인교육,34,348,인원,0,0,0,0,0,0,0,0,0,0,0,0,0
서울지부,2018,성인교육,34,349,개소,0,0,0,0,0,0,0,0,0,0,0,0,0
서울지부,2018,성인교육,34,349,회차,0,0,0,0,0,0,0,0,0,0,0,0,0
서울지부,2018,성인교육,34,349,인원,0,0,0,0,0,0,0,0,0,0,0,0,0
서울지부,2018,성인교육,35,352,개소,0,0,0,0,0,0,0,0,0,0,0,0,0
서울지부,2018,성인교육,35,352,회차,0,0,0,0,0,0,0,0,0,0,0,0,0
서울지부,2018,성인교육,35,352,인원,0,0,0,0,0,0,0,0,0,0,0,0,0
서울지부,2018,성인교육,35,353,개소,0,0,0,0,0,0,0,0,0,0,0,0,0
서울지부,2018,성인교육,35,353,회차,0,0,0,0,0,0,0,0,0,0,0,0,0
서울지부,2018,성인교육,35,353,인원,0,0,0,0,0,0,0,0,0,0,0,0,0
서울지부,2018,성인교육,35,356,개소,0,0,0,0,0,0,0,0,0,0,0,0,0
서울지부,2018,성인교육,35,356,회차,0,0,0,0,0,0,0,0,0,0,0,0,0
서울지부,2018,성인교육,35,356,인원,0,0,0,0,0,0,0,0,0,0,0,0,0
서울지부,2018,성인교육,35,358,개소,0,0,0,0,0,0,0,0,0,0,0,0,0
서울지부,2018,성인교육,35,358,회차,0,0,0,0,0,0,0,0,0,0,0,0,0
서울지부,2018,성인교육,35,358,인원,0,0,0,0,0,0,0,0,0,0,0,0,0
서울지부,2018,성인교육,35,359,개소,0,0,0,0,0,0,0,0,0,0,0,0,0
서울지부,2018,성인교육,35,359,회차,0,0,0,0,0,0,0,0,0,0,0,0,0
서울지부,2018,성인교육,35,359,인원,0,0,0,0,0,0,0,0,0,0,0,0,0
서울지부,2018,성인교육,36,362,개소,0,0,0,0,0,0,0,0,0,0,0,0,0
서울지부,2018,성인교육,36,362,회차,0,0,0,0,0,0,0,0,0,0,0,0,0
서울지부,2018,성인교육,36,362,인원,40,40,40,40,40,40,40,40,40,40,40,46,486
서울지부,2018,성인교육,36,363,개소,0,0,0,0,0,0,0,0,0,0,0,0,0
서울지부,2018,성인교육,36,363,회차,0,0,0,0,0,0,0,0,0,0,0,0,0
서울지부,2018,성인교육,36,363,인원,0,0,0,0,0,0,0,0,0,0,0,0,0
서울지부,2018,성인교육,36,365,개소,0,0,0,0,0,0,0,0,0,0,0,0,0
서울지부,2018,성인교육,36,365,회차,0,0,0,0,0,0,0,0,0,0,0,0,0
서울지부,2018,성인교육,36,365,인원,0,0,0,0,0,0,0,0,0,0,0,0,0
서울지부,2018,성인교육,36,366,개소,0,0,0,0,0,0,0,0,0,0,0,0,0
서울지부,2018,성인교육,36,366,회차,0,0,0,0,0,0,0,0,0,0,0,0,0
서울지부,2018,성인교육,36,366,인원,1700,1700,1700,1700,1700,1700,1700,1700,1700,1700,1700,1700,20400
서울지부,2018,성인교육,36,368,개소,0,0,0,0,0,0,0,0,0,0,0,0,0
서울지부,2018,성인교육,36,368,회차,0,0,0,0,0,0,0,0,0,0,0,0,0
서울지부,2018,성인교육,36,368,인원,0,0,0,0,0,0,0,0,0,0,0,0,0
서울지부,2018,성인교육,36,369,개소,0,0,0,0,0,0,0,0,0,0,0,0,0
서울지부,2018,성인교육,36,369,회차,0,0,0,0,0,0,0,0,0,0,0,0,0
서울지부,2018,성인교육,36,369,인원,0,0,0,0,0,0,0,0,0,0,0,0,0
서울지부,2018,성인교육,37,372,개소,0,0,0,0,0,0,0,0,0,0,0,0,0
서울지부,2018,성인교육,37,372,회차,0,0,0,0,0,0,0,0,0,0,0,0,0
서울지부,2018,성인교육,37,372,인원,0,0,0,0,0,0,0,0,0,0,0,0,0
서울지부,2018,성인교육,37,373,개소,0,0,0,0,0,0,0,0,0,0,0,0,0
서울지부,2018,성인교육,37,373,회차,0,0,0,0,0,0,0,0,0,0,0,0,0
서울지부,2018,성인교육,37,373,인원,0,0,0,0,0,0,0,0,0,0,0,0,0
서울지부,2018,성인교육,37,376,개소,0,0,0,0,0,0,0,0,0,0,0,0,0
서울지부,2018,성인교육,37,376,회차,0,0,0,0,0,0,0,0,0,0,0,0,0
서울지부,2018,성인교육,37,376,인원,1266,1266,1266,1266,1266,1266,1266,1266,1266,1266,1266,1273,15199
서울지부,2018,성인교육,37,378,개소,0,0,0,0,0,0,0,0,0,0,0,0,0
서울지부,2018,성인교육,37,378,회차,0,0,0,0,0,0,0,0,0,0,0,0,0
서울지부,2018,성인교육,37,378,인원,0,0,0,0,0,0,0,0,0,0,0,0,0
서울지부,2018,성인교육,37,379,개소,0,0,0,0,0,0,0,0,0,0,0,0,0
서울지부,2018,성인교육,37,379,회차,0,0,0,0,0,0,0,0,0,0,0,0,0
서울지부,2018,성인교육,37,379,인원,0,0,0,0,0,0,0,0,0,0,0,0,0
서울지부,2018,성인교육,38,381,개소,0,0,0,0,0,0,0,0,0,0,0,0,0
서울지부,2018,성인교육,38,381,회차,0,0,0,0,0,0,0,0,0,0,0,0,0
서울지부,2018,성인교육,38,381,인원,40,40,40,40,40,40,40,40,40,40,40,46,486
서울지부,2018,성인교육,38,382,개소,0,0,0,0,0,0,0,0,0,0,0,0,0
서울지부,2018,성인교육,38,382,회차,0,0,0,0,0,0,0,0,0,0,0,0,0
서울지부,2018,성인교육,38,382,인원,0,0,0,0,0,0,0,0,0,0,0,0,0
서울지부,2018,성인교육,38,386,개소,0,0,0,0,0,0,0,0,0,0,0,0,0
서울지부,2018,성인교육,38,386,회차,0,0,0,0,0,0,0,0,0,0,0,0,0
서울지부,2018,성인교육,38,386,인원,0,0,0,0,0,0,0,0,0,0,0,0,0
서울지부,2018,성인교육,38,388,개소,0,0,0,0,0,0,0,0,0,0,0,0,0
서울지부,2018,성인교육,38,388,회차,0,0,0,0,0,0,0,0,0,0,0,0,0
서울지부,2018,성인교육,38,388,인원,0,0,0,0,0,0,0,0,0,0,0,0,0
서울지부,2018,성인교육,39,392,개소,0,0,0,0,0,0,0,0,0,0,0,0,0
서울지부,2018,성인교육,39,392,회차,0,0,0,0,0,0,0,0,0,0,0,0,0
서울지부,2018,성인교육,39,392,인원,0,0,0,0,0,0,0,0,0,0,0,0,0
서울지부,2018,성인교육,39,393,개소,0,0,0,0,0,0,0,0,0,0,0,0,0
서울지부,2018,성인교육,39,393,회차,0,0,0,0,0,0,0,0,0,0,0,0,0
서울지부,2018,성인교육,39,393,인원,0,0,0,0,0,0,0,0,0,0,0,0,0
서울지부,2018,성인교육,39,396,개소,0,0,0,0,0,0,0,0,0,0,0,0,0
서울지부,2018,성인교육,39,396,회차,0,0,0,0,0,0,0,0,0,0,0,0,0
서울지부,2018,성인교육,39,396,인원,161,161,161,161,161,161,161,161,161,161,161,172,1943
서울지부,2018,성인교육,39,398,회차,0,0,0,0,0,0,0,0,0,0,0,0,0
서울지부,2018,성인교육,39,398,인원,0,0,0,0,0,0,0,0,0,0,0,0,0
서울지부,2018,성인교육,39,398,개소,0,0,0,0,0,0,0,0,0,0,0,0,0
서울지부,2018,고령자교육,41,411,회차,0,0,0,0,0,0,0,0,0,0,0,0,0
서울지부,2018,고령자교육,41,411,개소,0,0,0,0,0,0,0,0,0,0,0,0,0
서울지부,2018,고령자교육,41,411,인원,2359,2359,2359,2359,2359,2359,2359,2359,2359,2359,2359,2363,28312
서울지부,2018,고령자교육,41,412,개소,0,0,0,0,0,0,0,0,0,0,0,0,0
서울지부,2018,고령자교육,41,412,회차,0,0,0,0,0,0,0,0,0,0,0,0,0
서울지부,2018,고령자교육,41,412,인원,25,25,25,25,25,25,25,25,25,25,25,26,301
서울지부,2018,고령자교육,41,413,개소,0,0,0,0,0,0,0,0,0,0,0,0,0
서울지부,2018,고령자교육,41,413,회차,0,0,0,0,0,0,0,0,0,0,0,0,0
서울지부,2018,고령자교육,41,413,인원,0,0,0,0,0,0,0,0,0,0,0,0,0
서울지부,2018,고령자교육,41,417,개소,0,0,0,0,0,0,0,0,0,0,0,0,0
서울지부,2018,고령자교육,41,417,회차,0,0,0,0,0,0,0,0,0,0,0,0,0
서울지부,2018,고령자교육,41,417,인원,25,25,25,25,25,25,25,25,25,25,25,26,301
서울지부,2018,고령자교육,42,422,개소,0,0,0,0,0,0,0,0,0,0,0,0,0
서울지부,2018,고령자교육,42,422,회차,0,0,0,0,0,0,0,0,0,0,0,0,0
서울지부,2018,고령자교육,42,422,인원,0,0,0,0,0,0,0,0,0,0,0,0,0
서울지부,2018,고령자교육,42,423,개소,0,0,0,0,0,0,0,0,0,0,0,0,0
서울지부,2018,고령자교육,42,423,회차,0,0,0,0,0,0,0,0,0,0,0,0,0
서울지부,2018,고령자교육,42,423,인원,0,0,0,0,0,0,0,0,0,0,0,0,0
서울지부,2018,고령자교육,42,426,개소,0,0,0,0,0,0,0,0,0,0,0,0,0
서울지부,2018,고령자교육,42,426,회차,0,0,0,0,0,0,0,0,0,0,0,0,0
서울지부,2018,고령자교육,42,426,인원,159,159,159,159,159,159,159,159,159,159,159,167,1916
서울지부,2018,교사교육,51,511,개소,0,0,0,0,0,0,0,0,0,0,0,0,0
서울지부,2018,교사교육,51,511,회차,0,0,0,0,0,0,0,0,0,0,0,0,0
서울지부,2018,교사교육,51,511,인원,0,0,0,0,0,0,0,0,0,0,0,0,0
서울지부,2018,교사교육,51,512,개소,0,0,0,0,0,0,0,0,0,0,0,0,0
서울지부,2018,교사교육,51,512,회차,0,0,0,0,0,0,0,0,0,0,0,0,0
서울지부,2018,교사교육,51,512,인원,0,0,0,0,0,0,0,0,0,0,0,0,0
서울지부,2018,교사교육,51,516,개소,0,0,0,0,0,0,0,0,0,0,0,0,0
서울지부,2018,교사교육,51,516,회차,0,0,0,0,0,0,0,0,0,0,0,0,0
서울지부,2018,교사교육,51,516,인원,0,0,0,0,0,0,0,0,0,0,0,0,0
서울지부,2018,교사교육,52,521,개소,0,0,0,0,0,0,0,0,0,0,0,0,0
서울지부,2018,교사교육,52,521,회차,0,0,0,0,0,0,0,0,0,0,0,0,0
서울지부,2018,교사교육,52,521,인원,0,0,0,0,0,0,0,0,0,0,0,0,0
서울지부,2018,교사교육,52,522,개소,0,0,0,0,0,0,0,0,0,0,0,0,0
서울지부,2018,교사교육,52,522,회차,0,0,0,0,0,0,0,0,0,0,0,0,0
서울지부,2018,교사교육,52,522,인원,0,0,0,0,0,0,0,0,0,0,0,0,0
서울지부,2018,교사교육,52,526,개소,0,0,0,0,0,0,0,0,0,0,0,0,0
서울지부,2018,교사교육,52,526,회차,0,0,0,0,0,0,0,0,0,0,0,0,0
서울지부,2018,교사교육,52,526,인원,49,49,49,49,49,49,49,49,49,49,49,49,588
서울지부,2018,교사교육,53,531,개소,0,0,0,0,0,0,0,0,0,0,0,0,0
서울지부,2018,교사교육,53,531,회차,0,0,0,0,0,0,0,0,0,0,0,0,0
서울지부,2018,교사교육,53,531,인원,0,0,0,0,0,0,0,0,0,0,0,0,0
서울지부,2018,교사교육,53,532,개소,0,0,0,0,0,0,0,0,0,0,0,0,0
서울지부,2018,교사교육,53,532,회차,0,0,0,0,0,0,0,0,0,0,0,0,0
서울지부,2018,교사교육,53,532,인원,0,0,0,0,0,0,0,0,0,0,0,0,0
서울지부,2018,교사교육,53,536,개소,0,0,0,0,0,0,0,0,0,0,0,0,0
서울지부,2018,교사교육,53,536,회차,0,0,0,0,0,0,0,0,0,0,0,0,0
서울지부,2018,교사교육,53,536,인원,24,24,24,24,24,24,24,24,24,24,24,30,294
서울지부,2018,교사교육,54,541,개소,0,0,0,0,0,0,0,0,0,0,0,0,0
서울지부,2018,교사교육,54,541,회차,0,0,0,0,0,0,0,0,0,0,0,0,0
서울지부,2018,교사교육,54,541,인원,0,0,0,0,0,0,0,0,0,0,0,0,0
서울지부,2018,교사교육,54,542,개소,0,0,0,0,0,0,0,0,0,0,0,0,0
서울지부,2018,교사교육,54,542,회차,0,0,0,0,0,0,0,0,0,0,0,0,0
서울지부,2018,교사교육,54,542,인원,0,0,0,0,0,0,0,0,0,0,0,0,0
서울지부,2018,교사교육,54,543,개소,0,0,0,0,0,0,0,0,0,0,0,0,0
서울지부,2018,교사교육,54,543,회차,0,0,0,0,0,0,0,0,0,0,0,0,0
서울지부,2018,교사교육,54,543,인원,0,0,0,0,0,0,0,0,0,0,0,0,0
서울지부,2018,교사교육,54,546,개소,0,0,0,0,0,0,0,0,0,0,0,0,0
서울지부,2018,교사교육,54,546,회차,0,0,0,0,0,0,0,0,0,0,0,0,0
서울지부,2018,교사교육,54,546,인원,24,24,24,24,24,24,24,24,24,24,24,30,294
서울지부,2019,어린이교육,11,111,회차,218,218,222,222,222,219,219,219,219,219,219,219,2635
서울지부,2019,어린이교육,11,111,인원,9435,9435,9435,9435,9435,9435,9435,9435,9435,9435,9435,9435,113220
서울지부,2019,어린이교육,11,111,개소,0,0,0,0,0,0,0,0,0,0,0,0,0
서울지부,2019,어린이교육,11,112,개소,0,0,0,0,0,0,0,0,0,0,0,0,0
서울지부,2019,어린이교육,11,112,회차,0,0,0,0,0,0,0,0,0,0,0,0,0
서울지부,2019,어린이교육,11,112,인원,0,0,0,0,0,0,0,0,0,0,0,0,0
서울지부,2019,어린이교육,11,113,개소,0,0,0,0,0,0,0,0,0,0,0,0,0
서울지부,2019,어린이교육,11,113,회차,0,0,0,0,0,0,0,0,0,0,0,0,0
서울지부,2019,어린이교육,11,113,인원,0,0,0,0,0,0,0,0,0,0,0,0,0
서울지부,2019,어린이교육,11,114,개소,0,0,0,0,0,0,0,0,0,0,0,0,0
서울지부,2019,어린이교육,11,114,회차,0,0,0,0,0,0,0,0,0,0,0,0,0
서울지부,2019,어린이교육,11,114,인원,0,0,0,0,0,0,0,0,0,0,0,0,0
서울지부,2019,어린이교육,12,121,개소,0,0,0,0,0,0,0,0,0,0,0,0,0
서울지부,2019,어린이교육,12,121,회차,110,115,115,115,115,115,115,115,115,115,115,115,1375
서울지부,2019,어린이교육,12,121,인원,9435,9435,9435,9435,9435,9435,9435,9435,9435,9435,9435,9435,113220
서울지부,2019,어린이교육,12,122,개소,0,0,0,0,0,0,0,0,0,0,0,0,0
서울지부,2019,어린이교육,12,122,회차,0,0,0,0,0,0,0,0,0,0,0,0,0
서울지부,2019,어린이교육,12,122,인원,0,0,0,0,0,0,0,0,0,0,0,0,0
서울지부,2019,어린이교육,12,124,개소,0,0,0,0,0,0,0,0,0,0,0,0,0
서울지부,2019,어린이교육,12,124,회차,0,0,0,0,0,0,0,0,0,0,0,0,0
서울지부,2019,어린이교육,12,124,인원,0,0,0,0,0,0,0,0,0,0,0,0,0
서울지부,2019,어린이교육,12,127,개소,0,0,0,0,0,0,0,0,0,0,0,0,0
서울지부,2019,어린이교육,12,127,회차,0,0,0,0,0,0,0,0,0,0,0,0,0
서울지부,2019,어린이교육,12,127,인원,0,0,0,0,0,0,0,0,0,0,0,0,0
서울지부,2019,어린이교육,13,131,개소,0,0,0,0,0,0,0,0,0,0,0,0,0
서울지부,2019,어린이교육,13,131,회차,0,0,20,20,20,20,20,20,20,20,20,20,200
서울지부,2019,어린이교육,13,131,인원,0,0,1900,1900,1900,1900,1900,1900,1900,1900,1900,1900,19000
서울지부,2019,어린이교육,13,132,개소,0,0,0,0,0,0,0,0,0,0,0,0,0
서울지부,2019,어린이교육,13,132,회차,0,0,18,11,11,11,11,11,11,11,11,11,117
서울지부,2019,어린이교육,13,132,인원,0,0,404,360,360,360,360,360,360,360,360,360,3644
서울지부,2019,어린이교육,13,134,개소,0,0,0,0,0,0,0,0,0,0,0,0,0
서울지부,2019,어린이교육,13,134,회차,0,0,0,0,0,0,0,0,0,0,0,0,0
서울지부,2019,어린이교육,13,134,인원,0,0,0,0,0,0,0,0,0,0,0,0,0
서울지부,2019,어린이교육,13,137,개소,0,0,0,0,0,0,0,0,0,0,0,0,0
서울지부,2019,어린이교육,13,137,회차,0,0,0,0,0,0,0,0,0,0,0,0,0
서울지부,2019,어린이교육,13,137,인원,0,0,0,0,0,0,0,0,0,0,0,0,0
서울지부,2019,어린이교육,14,141,개소,0,0,0,0,0,0,0,0,0,0,0,0,0
서울지부,2019,어린이교육,14,141,회차,0,0,1,1,1,1,0,0,1,1,1,1,8
서울지부,2019,어린이교육,14,141,인원,0,0,420,420,210,210,0,0,210,210,210,210,2100
서울지부,2019,어린이교육,14,142,개소,0,0,0,0,0,0,0,0,0,0,0,0,0
서울지부,2019,어린이교육,14,142,회차,0,0,1,0,0,0,0,0,1,0,0,0,2
서울지부,2019,어린이교육,14,142,인원,0,0,213,0,0,0,0,0,200,0,0,0,413
서울지부,2019,어린이교육,14,144,개소,0,0,0,0,0,0,0,0,0,0,0,0,0
서울지부,2019,어린이교육,14,144,회차,0,0,0,0,0,0,0,0,0,0,0,0,0
서울지부,2019,어린이교육,14,144,인원,0,0,0,0,0,0,0,0,0,0,0,0,0
서울지부,2019,어린이교육,14,147,개소,0,0,0,0,0,0,0,0,0,0,0,0,0
서울지부,2019,어린이교육,14,147,회차,0,0,0,0,0,0,0,0,0,0,0,0,0
서울지부,2019,어린이교육,14,147,인원,0,0,0,0,0,0,0,0,0,0,0,0,0
서울지부,2019,청소년교육,21,211,개소,0,0,0,0,0,0,0,0,0,0,0,0,0
서울지부,2019,청소년교육,21,211,회차,2,2,2,2,2,2,2,2,2,4,4,4,30
서울지부,2019,청소년교육,21,211,인원,74,74,74,74,74,74,74,74,74,74,74,74,888
서울지부,2019,청소년교육,21,212,개소,0,0,0,0,0,0,0,0,0,0,0,0,0
서울지부,2019,청소년교육,21,212,회차,0,0,0,0,0,0,0,0,0,0,0,0,0
서울지부,2019,청소년교육,21,212,인원,0,0,0,0,0,0,0,0,0,0,0,0,0
서울지부,2019,청소년교육,21,214,개소,0,0,0,0,0,0,0,0,0,0,0,0,0
서울지부,2019,청소년교육,21,214,회차,0,0,0,0,0,0,0,0,0,0,0,0,0
서울지부,2019,청소년교육,21,214,인원,0,0,0,0,0,0,0,0,0,0,0,0,0
서울지부,2019,청소년교육,21,217,개소,0,0,0,0,0,0,0,0,0,0,0,0,0
서울지부,2019,청소년교육,21,217,회차,0,0,0,0,0,0,0,0,0,0,0,0,0
서울지부,2019,청소년교육,21,217,인원,0,0,0,0,0,0,0,0,0,0,0,0,0
서울지부,2019,청소년교육,21,218,개소,0,0,0,0,0,0,0,0,0,0,0,0,0
서울지부,2019,청소년교육,21,218,회차,0,0,0,0,0,0,0,0,0,0,0,0,0
서울지부,2019,청소년교육,21,218,인원,0,0,0,0,0,0,0,0,0,0,0,0,0
서울지부,2019,청소년교육,22,221,개소,0,0,0,0,0,0,0,0,0,0,0,0,0
서울지부,2019,청소년교육,22,221,회차,3,3,3,3,3,3,3,3,3,3,3,5,38
서울지부,2019,청소년교육,22,221,인원,220,220,220,220,220,220,220,220,220,220,220,232,2652
서울지부,2019,청소년교육,22,222,개소,0,0,0,0,0,0,0,0,0,0,0,0,0
서울지부,2019,청소년교육,22,222,회차,0,0,0,0,0,0,0,0,0,0,0,0,0
서울지부,2019,청소년교육,22,222,인원,0,0,0,0,0,0,0,0,0,0,0,0,0
서울지부,2019,청소년교육,22,223,개소,0,0,0,0,0,0,0,0,0,0,0,0,0
서울지부,2019,청소년교육,22,223,회차,0,0,0,0,0,0,0,0,0,0,0,0,0
서울지부,2019,청소년교육,22,223,인원,0,0,0,0,0,0,0,0,0,0,0,0,0
서울지부,2019,청소년교육,22,224,개소,0,0,0,0,0,0,0,0,0,0,0,0,0
서울지부,2019,청소년교육,22,224,회차,0,0,0,0,0,0,0,0,0,0,0,0,0
서울지부,2019,청소년교육,22,224,인원,0,0,0,0,0,0,0,0,0,0,0,0,0
서울지부,2019,청소년교육,22,226,개소,0,0,0,0,0,0,0,0,0,0,0,0,0
서울지부,2019,청소년교육,22,226,회차,0,0,0,0,0,0,0,0,0,0,0,0,0
서울지부,2019,청소년교육,22,226,인원,0,0,0,0,0,0,0,0,0,0,0,0,0
서울지부,2019,청소년교육,22,227,개소,0,0,0,0,0,0,0,0,0,0,0,0,0
서울지부,2019,청소년교육,22,227,회차,0,0,0,0,0,0,0,0,0,0,0,0,0
서울지부,2019,청소년교육,22,227,인원,0,0,0,0,0,0,0,0,0,0,0,0,0
서울지부,2019,청소년교육,22,228,개소,0,0,0,0,0,0,0,0,0,0,0,0,0
서울지부,2019,청소년교육,22,228,회차,0,0,0,0,0,0,0,0,0,0,0,0,0
서울지부,2019,청소년교육,22,228,인원,0,0,0,0,0,0,0,0,0,0,0,0,0
서울지부,2019,성인교육,31,312,개소,0,0,0,0,0,0,0,0,0,0,0,0,0
서울지부,2019,성인교육,31,312,회차,0,0,0,0,0,0,0,0,0,0,0,0,0
서울지부,2019,성인교육,31,312,인원,0,0,0,0,0,0,0,0,0,0,0,0,0
서울지부,2019,성인교육,31,313,개소,0,0,0,0,0,0,0,0,0,0,0,0,0
서울지부,2019,성인교육,31,313,회차,0,0,0,0,0,0,0,0,0,0,0,0,0
서울지부,2019,성인교육,31,313,인원,0,0,0,0,0,0,0,0,0,0,0,0,0
서울지부,2019,성인교육,31,314,개소,0,0,0,0,0,0,0,0,0,0,0,0,0
서울지부,2019,성인교육,31,314,회차,0,0,0,0,0,0,0,0,0,0,0,0,0
서울지부,2019,성인교육,31,314,인원,0,0,0,0,0,0,0,0,0,0,0,0,0
서울지부,2019,성인교육,31,316,개소,0,0,0,0,0,0,0,0,0,0,0,0,0
서울지부,2019,성인교육,31,316,회차,2,2,2,2,2,3,3,3,3,3,3,3,31
서울지부,2019,성인교육,31,316,인원,133,133,133,133,133,133,133,133,133,133,133,133,1596
서울지부,2019,성인교육,31,317,개소,0,0,0,0,0,0,0,0,0,0,0,0,0
서울지부,2019,성인교육,31,317,회차,0,0,0,0,0,0,0,0,0,0,0,0,0
서울지부,2019,성인교육,31,317,인원,0,0,0,0,0,0,0,0,0,0,0,0,0
서울지부,2019,성인교육,31,318,개소,0,0,0,0,0,0,0,0,0,0,0,0,0
서울지부,2019,성인교육,31,318,회차,0,0,0,0,0,0,0,0,0,0,0,0,0
서울지부,2019,성인교육,31,318,인원,0,0,0,0,0,0,0,0,0,0,0,0,0
서울지부,2019,성인교육,31,319,개소,0,0,0,0,0,0,0,0,0,0,0,0,0
서울지부,2019,성인교육,31,319,회차,0,0,0,0,0,0,0,0,0,0,0,0,0
서울지부,2019,성인교육,31,319,인원,0,0,0,0,0,0,0,0,0,0,0,0,0
서울지부,2019,성인교육,32,322,개소,0,0,0,0,0,0,0,0,0,0,0,0,0
서울지부,2019,성인교육,32,322,회차,0,0,0,0,0,0,0,0,0,0,0,0,0
서울지부,2019,성인교육,32,322,인원,0,0,0,0,0,0,0,0,0,0,0,0,0
서울지부,2019,성인교육,32,323,개소,0,0,0,0,0,0,0,0,0,0,0,0,0
서울지부,2019,성인교육,32,323,회차,0,0,0,0,0,0,0,0,0,0,0,0,0
서울지부,2019,성인교육,32,323,인원,0,0,0,0,0,0,0,0,0,0,0,0,0
서울지부,2019,성인교육,32,326,개소,0,0,0,0,0,0,0,0,0,0,0,0,0
서울지부,2019,성인교육,32,326,회차,8,8,8,8,8,8,8,8,8,8,8,8,96
서울지부,2019,성인교육,32,326,인원,133,133,133,133,133,133,133,133,133,133,133,133,1596
서울지부,2019,성인교육,32,328,개소,0,0,0,0,0,0,0,0,0,0,0,0,0
서울지부,2019,성인교육,32,328,회차,0,0,0,0,0,0,0,0,0,0,0,0,0
서울지부,2019,성인교육,32,328,인원,0,0,0,0,0,0,0,0,0,0,0,0,0
서울지부,2019,성인교육,32,329,개소,0,0,0,0,0,0,0,0,0,0,0,0,0
서울지부,2019,성인교육,32,329,회차,0,0,0,0,0,0,0,0,0,0,0,0,0
서울지부,2019,성인교육,32,329,인원,0,0,0,0,0,0,0,0,0,0,0,0,0
서울지부,2019,성인교육,33,332,개소,0,0,0,0,0,0,0,0,0,0,0,0,0
서울지부,2019,성인교육,33,332,회차,0,0,0,0,0,0,0,0,0,0,0,0,0
서울지부,2019,성인교육,33,332,인원,0,0,0,0,0,0,0,0,0,0,0,0,0
서울지부,2019,성인교육,33,333,개소,0,0,0,0,0,0,0,0,0,0,0,0,0
서울지부,2019,성인교육,33,333,회차,0,0,0,0,0,0,0,0,0,0,0,0,0
서울지부,2019,성인교육,33,333,인원,0,0,0,0,0,0,0,0,0,0,0,0,0
서울지부,2019,성인교육,33,336,개소,0,0,0,0,0,0,0,0,0,0,0,0,0
서울지부,2019,성인교육,33,336,회차,2,2,2,2,2,2,2,2,2,2,2,3,25
서울지부,2019,성인교육,33,336,인원,133,133,133,133,133,133,133,133,133,133,133,133,1596
서울지부,2019,성인교육,33,338,개소,0,0,0,0,0,0,0,0,0,0,0,0,0
서울지부,2019,성인교육,33,338,회차,0,0,0,0,0,0,0,0,0,0,0,0,0
서울지부,2019,성인교육,33,338,인원,0,0,0,0,0,0,0,0,0,0,0,0,0
서울지부,2019,성인교육,33,339,개소,0,0,0,0,0,0,0,0,0,0,0,0,0
서울지부,2019,성인교육,33,339,회차,0,0,0,0,0,0,0,0,0,0,0,0,0
서울지부,2019,성인교육,33,339,인원,0,0,0,0,0,0,0,0,0,0,0,0,0
서울지부,2019,성인교육,34,342,개소,0,0,0,0,0,0,0,0,0,0,0,0,0
서울지부,2019,성인교육,34,342,회차,0,0,0,0,0,0,0,0,0,0,0,0,0
서울지부,2019,성인교육,34,342,인원,0,0,0,0,0,0,0,0,0,0,0,0,0
서울지부,2019,성인교육,34,343,인원,0,0,0,0,0,0,0,0,0,0,0,0,0
서울지부,2019,성인교육,34,343,개소,0,0,0,0,0,0,0,0,0,0,0,0,0
서울지부,2019,성인교육,34,343,회차,0,0,0,0,0,0,0,0,0,0,0,0,0
서울지부,2019,성인교육,34,346,개소,0,0,0,0,0,0,0,0,0,0,0,0,0
서울지부,2019,성인교육,34,346,회차,1,1,1,1,1,1,1,1,2,2,2,2,16
서울지부,2019,성인교육,34,346,인원,400,400,400,400,400,400,400,400,400,400,400,400,4800
서울지부,2019,성인교육,34,348,개소,0,0,0,0,0,0,0,0,0,0,0,0,0
서울지부,2019,성인교육,34,348,회차,0,0,0,0,0,0,0,0,0,0,0,0,0
서울지부,2019,성인교육,34,348,인원,0,0,0,0,0,0,0,0,0,0,0,0,0
서울지부,2019,성인교육,34,349,개소,0,0,0,0,0,0,0,0,0,0,0,0,0
서울지부,2019,성인교육,34,349,회차,0,0,0,0,0,0,0,0,0,0,0,0,0
서울지부,2019,성인교육,34,349,인원,0,0,0,0,0,0,0,0,0,0,0,0,0
서울지부,2019,성인교육,35,352,개소,0,0,0,0,0,0,0,0,0,0,0,0,0
서울지부,2019,성인교육,35,352,회차,0,0,0,0,0,0,0,0,0,0,0,0,0
서울지부,2019,성인교육,35,352,인원,0,0,0,0,0,0,0,0,0,0,0,0,0
서울지부,2019,성인교육,35,353,개소,0,0,0,0,0,0,0,0,0,0,0,0,0
서울지부,2019,성인교육,35,353,회차,0,0,0,0,0,0,0,0,0,0,0,0,0
서울지부,2019,성인교육,35,353,인원,0,0,0,0,0,0,0,0,0,0,0,0,0
서울지부,2019,성인교육,35,356,개소,0,0,0,0,0,0,0,0,0,0,0,0,0
서울지부,2019,성인교육,35,356,회차,0,0,0,0,0,0,0,0,0,0,0,0,0
서울지부,2019,성인교육,35,356,인원,0,0,0,0,0,0,0,0,0,0,0,0,0
서울지부,2019,성인교육,35,358,개소,0,0,0,0,0,0,0,0,0,0,0,0,0
서울지부,2019,성인교육,35,358,회차,0,0,0,0,0,0,0,0,0,0,0,0,0
서울지부,2019,성인교육,35,358,인원,0,0,0,0,0,0,0,0,0,0,0,0,0
서울지부,2019,성인교육,35,359,개소,0,0,0,0,0,0,0,0,0,0,0,0,0
서울지부,2019,성인교육,35,359,회차,0,0,0,0,0,0,0,0,0,0,0,0,0
서울지부,2019,성인교육,35,359,인원,0,0,0,0,0,0,0,0,0,0,0,0,0
서울지부,2019,성인교육,36,362,개소,0,0,0,0,0,0,0,0,0,0,0,0,0
서울지부,2019,성인교육,36,362,회차,0,0,0,0,0,0,0,0,0,0,0,0,0
서울지부,2019,성인교육,36,362,인원,0,0,0,0,0,0,0,0,0,0,0,0,0
서울지부,2019,성인교육,36,363,개소,0,0,0,0,0,0,0,0,0,0,0,0,0
서울지부,2019,성인교육,36,363,회차,0,0,0,0,0,0,0,0,0,0,0,0,0
서울지부,2019,성인교육,36,363,인원,0,0,0,0,0,0,0,0,0,0,0,0,0
서울지부,2019,성인교육,36,365,개소,0,0,0,0,0,0,0,0,0,0,0,0,0
서울지부,2019,성인교육,36,365,회차,0,0,0,0,0,0,0,0,0,0,0,0,0
서울지부,2019,성인교육,36,365,인원,0,0,0,0,0,0,0,0,0,0,0,0,0
서울지부,2019,성인교육,36,366,개소,0,0,0,0,0,0,0,0,0,0,0,0,0
서울지부,2019,성인교육,36,366,회차,10,10,10,10,10,10,10,11,11,11,11,11,125
서울지부,2019,성인교육,36,366,인원,390,390,390,390,390,390,390,390,390,390,390,390,4680
서울지부,2019,성인교육,36,368,개소,0,0,0,0,0,0,0,0,0,0,0,0,0
서울지부,2019,성인교육,36,368,회차,0,0,0,0,0,0,0,0,0,0,0,0,0
서울지부,2019,성인교육,36,368,인원,0,0,0,0,0,0,0,0,0,0,0,0,0
서울지부,2019,성인교육,36,369,개소,0,0,0,0,0,0,0,0,0,0,0,0,0
서울지부,2019,성인교육,36,369,회차,0,0,0,0,0,0,0,0,0,0,0,0,0
서울지부,2019,성인교육,36,369,인원,0,0,0,0,0,0,0,0,0,0,0,0,0
서울지부,2019,성인교육,37,372,개소,0,0,0,0,0,0,0,0,0,0,0,0,0
서울지부,2019,성인교육,37,372,회차,0,0,0,0,0,0,0,0,0,0,0,0,0
서울지부,2019,성인교육,37,372,인원,0,0,0,0,0,0,0,0,0,0,0,0,0
서울지부,2019,성인교육,37,373,개소,0,0,0,0,0,0,0,0,0,0,0,0,0
서울지부,2019,성인교육,37,373,회차,0,0,0,0,0,0,0,0,0,0,0,0,0
서울지부,2019,성인교육,37,373,인원,0,0,0,0,0,0,0,0,0,0,0,0,0
서울지부,2019,성인교육,37,376,개소,0,0,0,0,0,0,0,0,0,0,0,0,0
서울지부,2019,성인교육,37,376,회차,0,0,0,1,1,1,1,1,1,0,0,0,6
서울지부,2019,성인교육,37,376,인원,0,0,0,40,40,40,40,40,49,0,0,0,249
서울지부,2019,성인교육,37,378,개소,0,0,0,0,0,0,0,0,0,0,0,0,0
서울지부,2019,성인교육,37,378,회차,0,0,0,0,0,0,0,0,0,0,0,0,0
서울지부,2019,성인교육,37,378,인원,0,0,0,0,0,0,0,0,0,0,0,0,0
서울지부,2019,성인교육,37,379,개소,0,0,0,0,0,0,0,0,0,0,0,0,0
서울지부,2019,성인교육,37,379,회차,0,0,0,0,0,0,0,0,0,0,0,0,0
서울지부,2019,성인교육,37,379,인원,0,0,0,0,0,0,0,0,0,0,0,0,0
서울지부,2019,성인교육,38,381,개소,0,0,0,0,0,0,0,0,0,0,0,0,0
서울지부,2019,성인교육,38,381,회차,0,0,0,0,0,0,0,0,0,0,0,0,0
서울지부,2019,성인교육,38,381,인원,0,0,0,0,0,0,0,0,0,0,0,0,0
서울지부,2019,성인교육,38,382,개소,0,0,0,0,0,0,0,0,0,0,0,0,0
서울지부,2019,성인교육,38,382,회차,0,0,0,0,0,0,0,0,0,0,0,0,0
서울지부,2019,성인교육,38,382,인원,0,0,0,0,0,0,0,0,0,0,0,0,0
서울지부,2019,성인교육,38,386,개소,0,0,0,0,0,0,0,0,0,0,0,0,0
서울지부,2019,성인교육,38,386,회차,0,0,1,1,0,0,0,0,1,1,0,0,4
서울지부,2019,성인교육,38,386,인원,0,0,180,180,0,0,0,0,180,180,0,0,720
서울지부,2019,성인교육,38,388,개소,0,0,0,0,0,0,0,0,0,0,0,0,0
서울지부,2019,성인교육,38,388,회차,0,0,0,0,0,0,0,0,0,0,0,0,0
서울지부,2019,성인교육,38,388,인원,0,0,0,0,0,0,0,0,0,0,0,0,0
서울지부,2019,성인교육,39,392,개소,0,0,0,0,0,0,0,0,0,0,0,0,0
서울지부,2019,성인교육,39,392,회차,0,0,0,0,0,0,0,0,0,0,0,0,0
서울지부,2019,성인교육,39,392,인원,0,0,0,0,0,0,0,0,0,0,0,0,0
서울지부,2019,성인교육,39,393,개소,0,0,0,0,0,0,0,0,0,0,0,0,0
서울지부,2019,성인교육,39,393,회차,0,0,0,0,0,0,0,0,0,0,0,0,0
서울지부,2019,성인교육,39,393,인원,0,0,0,0,0,0,0,0,0,0,0,0,0
서울지부,2019,성인교육,39,396,개소,0,0,0,0,0,0,0,0,0,0,0,0,0
서울지부,2019,성인교육,39,396,회차,0,0,0,0,1,1,1,1,0,0,0,0,4
서울지부,2019,성인교육,39,396,인원,0,0,0,0,180,180,180,180,0,0,0,0,720
서울지부,2019,성인교육,39,398,개소,0,0,0,0,0,0,0,0,0,0,0,0,0
서울지부,2019,성인교육,39,398,회차,0,0,0,0,0,0,0,0,0,0,0,0,0
서울지부,2019,성인교육,39,398,인원,0,0,0,0,0,0,0,0,0,0,0,0,0
서울지부,2019,고령자교육,41,411,개소,0,0,0,0,0,0,0,0,0,0,0,0,0
서울지부,2019,고령자교육,41,411,회차,0,0,0,0,0,0,0,0,0,0,0,0,0
서울지부,2019,고령자교육,41,411,인원,1121,1121,1121,1121,1121,1121,1121,1121,1121,1121,1121,1121,13452
서울지부,2019,고령자교육,41,412,개소,0,0,0,0,0,0,0,0,0,0,0,0,0
서울지부,2019,고령자교육,41,412,회차,0,0,0,0,0,0,0,0,0,0,0,0,0
서울지부,2019,고령자교육,41,412,인원,0,0,0,0,0,0,0,0,0,0,0,0,0
서울지부,2019,고령자교육,41,413,회차,0,0,0,0,0,0,0,0,0,0,0,0,0
서울지부,2019,고령자교육,41,413,인원,0,0,0,0,0,0,0,0,0,0,0,0,0
서울지부,2019,고령자교육,41,413,개소,0,0,0,0,0,0,0,0,0,0,0,0,0
서울지부,2019,고령자교육,41,417,개소,0,0,0,0,0,0,0,0,0,0,0,0,0
서울지부,2019,고령자교육,41,417,회차,0,0,0,0,0,0,0,0,0,0,0,0,0
서울지부,2019,고령자교육,41,417,인원,0,0,0,0,0,0,0,0,0,0,0,0,0
서울지부,2019,고령자교육,42,422,개소,0,0,0,0,0,0,0,0,0,0,0,0,0
서울지부,2019,고령자교육,42,422,회차,0,0,0,0,0,0,0,0,0,0,0,0,0
서울지부,2019,고령자교육,42,422,인원,0,0,0,0,0,0,0,0,0,0,0,0,0
서울지부,2019,고령자교육,42,423,개소,0,0,0,0,0,0,0,0,0,0,0,0,0
서울지부,2019,고령자교육,42,423,회차,0,0,0,0,0,0,0,0,0,0,0,0,0
서울지부,2019,고령자교육,42,423,인원,0,0,0,0,0,0,0,0,0,0,0,0,0
서울지부,2019,고령자교육,42,426,개소,0,0,0,0,0,0,0,0,0,0,0,0,0
서울지부,2019,고령자교육,42,426,회차,0,0,0,0,0,0,0,0,0,0,0,0,0
서울지부,2019,고령자교육,42,426,인원,194,198,198,198,198,198,198,198,198,198,198,198,2372
서울지부,2019,교사교육,51,511,개소,0,0,0,0,0,0,0,0,0,0,0,0,0
서울지부,2019,교사교육,51,511,회차,0,0,0,0,0,0,0,0,0,0,0,0,0
서울지부,2019,교사교육,51,511,인원,0,0,0,0,0,0,0,0,0,0,0,0,0
서울지부,2019,교사교육,51,512,개소,0,0,0,0,0,0,0,0,0,0,0,0,0
서울지부,2019,교사교육,51,512,회차,0,0,0,0,0,0,0,0,0,0,0,0,0
서울지부,2019,교사교육,51,512,인원,0,0,0,0,0,0,0,0,0,0,0,0,0
서울지부,2019,교사교육,51,516,개소,0,0,0,0,0,0,0,0,0,0,0,0,0
서울지부,2019,교사교육,51,516,회차,0,0,0,0,2,3,0,0,3,3,0,0,11
서울지부,2019,교사교육,51,516,인원,0,0,0,0,161,235,0,0,235,235,0,0,866
서울지부,2019,교사교육,52,521,개소,0,0,0,0,0,0,0,0,0,0,0,0,0
서울지부,2019,교사교육,52,521,회차,0,0,0,0,0,0,0,0,0,0,0,0,0
서울지부,2019,교사교육,52,521,인원,0,0,0,0,0,0,0,0,0,0,0,0,0
서울지부,2019,교사교육,52,522,개소,0,0,0,0,0,0,0,0,0,0,0,0,0
서울지부,2019,교사교육,52,522,회차,0,0,0,0,0,0,0,0,0,0,0,0,0
서울지부,2019,교사교육,52,522,인원,0,0,0,0,0,0,0,0,0,0,0,0,0
서울지부,2019,교사교육,52,526,개소,0,0,0,0,0,0,0,0,0,0,0,0,0
서울지부,2019,교사교육,52,526,회차,0,0,0,0,0,0,0,0,0,0,0,0,0
서울지부,2019,교사교육,52,526,인원,0,0,0,0,0,0,0,0,0,0,0,0,0
서울지부,2019,교사교육,53,531,개소,0,0,0,0,0,0,0,0,0,0,0,0,0
서울지부,2019,교사교육,53,531,회차,0,0,0,0,0,0,0,0,0,0,0,0,0
서울지부,2019,교사교육,53,531,인원,0,0,0,0,0,0,0,0,0,0,0,0,0
서울지부,2019,교사교육,53,532,개소,0,0,0,0,0,0,0,0,0,0,0,0,0
서울지부,2019,교사교육,53,532,회차,0,0,0,0,0,0,0,0,0,0,0,0,0
서울지부,2019,교사교육,53,532,인원,0,0,0,0,0,0,0,0,0,0,0,0,0
서울지부,2019,교사교육,53,536,개소,0,0,0,0,0,0,0,0,0,0,0,0,0
서울지부,2019,교사교육,53,536,회차,0,0,0,0,0,0,0,0,0,0,0,0,0
서울지부,2019,교사교육,53,536,인원,0,0,0,0,0,0,0,0,0,0,0,0,0
서울지부,2019,교사교육,54,541,개소,0,0,0,0,0,0,0,0,0,0,0,0,0
서울지부,2019,교사교육,54,541,회차,0,0,0,0,0,0,0,0,0,0,0,0,0
서울지부,2019,교사교육,54,541,인원,0,0,0,0,0,0,0,0,0,0,0,0,0
서울지부,2019,교사교육,54,542,개소,0,0,0,0,0,0,0,0,0,0,0,0,0
서울지부,2019,교사교육,54,542,회차,0,0,0,0,0,0,0,0,0,0,0,0,0
서울지부,2019,교사교육,54,542,인원,0,0,0,0,0,0,0,0,0,0,0,0,0
서울지부,2019,교사교육,54,543,개소,0,0,0,0,0,0,0,0,0,0,0,0,0
서울지부,2019,교사교육,54,543,회차,0,0,0,0,0,0,0,0,0,0,0,0,0
서울지부,2019,교사교육,54,543,인원,0,0,0,0,0,0,0,0,0,0,0,0,0
서울지부,2019,교사교육,54,546,개소,0,0,0,0,0,0,0,0,0,0,0,0,0
서울지부,2019,교사교육,54,546,회차,0,0,0,0,0,0,0,0,0,0,0,0,0
서울지부,2019,교사교육,54,546,인원,0,0,0,0,0,0,0,0,0,0,0,0,0
서울지부,2020,어린이교육,11,111,개소,0,0,0,0,0,0,0,0,0,0,0,0,0
서울지부,2020,어린이교육,11,111,회차,0,0,0,0,0,0,0,0,0,0,0,0,0
서울지부,2020,어린이교육,11,111,인원,0,0,0,0,0,0,0,0,0,0,0,0,0
서울지부,2020,어린이교육,11,112,개소,0,0,0,0,0,0,0,0,0,0,0,0,0
서울지부,2020,어린이교육,11,112,회차,0,0,0,0,0,0,0,0,0,0,0,0,0
서울지부,2020,어린이교육,11,112,인원,0,0,0,0,0,0,0,0,0,0,0,0,0
서울지부,2020,어린이교육,11,113,개소,0,0,0,0,0,0,0,0,0,0,0,0,0
서울지부,2020,어린이교육,11,113,회차,0,0,0,0,0,0,0,0,0,0,0,0,0
서울지부,2020,어린이교육,11,113,인원,0,0,0,0,0,0,0,0,0,0,0,0,0
서울지부,2020,어린이교육,11,114,개소,0,0,0,0,0,0,0,0,0,0,0,0,0
서울지부,2020,어린이교육,11,114,회차,0,0,0,0,0,0,0,0,0,0,0,0,0
서울지부,2020,어린이교육,11,114,인원,0,0,0,0,0,0,0,0,0,0,0,0,0
서울지부,2020,어린이교육,12,121,개소,0,0,0,0,0,0,0,0,0,0,0,0,0
서울지부,2020,어린이교육,12,121,회차,0,0,0,0,0,0,0,0,0,0,0,0,0
서울지부,2020,어린이교육,12,121,인원,0,0,0,0,0,0,0,0,0,0,0,0,0
서울지부,2020,어린이교육,12,122,개소,0,0,0,0,0,0,0,0,0,0,0,0,0
서울지부,2020,어린이교육,12,122,회차,0,0,0,0,0,0,0,0,0,0,0,0,0
서울지부,2020,어린이교육,12,122,인원,0,0,0,0,0,0,0,0,0,0,0,0,0
서울지부,2020,어린이교육,12,124,개소,0,0,0,0,0,0,0,0,0,0,0,0,0
서울지부,2020,어린이교육,12,124,회차,0,0,0,0,0,0,0,0,0,0,0,0,0
서울지부,2020,어린이교육,12,124,인원,0,0,0,0,0,0,0,0,0,0,0,0,0
서울지부,2020,어린이교육,12,127,개소,0,0,0,0,0,0,0,0,0,0,0,0,0
서울지부,2020,어린이교육,12,127,회차,0,0,0,0,0,0,0,0,0,0,0,0,0
서울지부,2020,어린이교육,12,127,인원,0,0,0,0,0,0,0,0,0,0,0,0,0
서울지부,2020,어린이교육,13,131,개소,0,0,0,0,0,0,0,0,0,0,0,0,0
서울지부,2020,어린이교육,13,131,회차,0,0,0,0,0,0,0,0,0,0,0,0,0
서울지부,2020,어린이교육,13,131,인원,0,0,0,0,0,0,0,0,0,0,0,0,0
서울지부,2020,어린이교육,13,132,개소,0,0,0,0,0,0,0,0,0,0,0,0,0
서울지부,2020,어린이교육,13,132,회차,0,0,0,0,0,0,0,0,0,0,0,0,0
서울지부,2020,어린이교육,13,132,인원,0,0,0,0,0,0,0,0,0,0,0,0,0
서울지부,2020,어린이교육,13,134,개소,0,0,0,0,0,0,0,0,0,0,0,0,0
서울지부,2020,어린이교육,13,134,회차,0,0,0,0,0,0,0,0,0,0,0,0,0
서울지부,2020,어린이교육,13,134,인원,0,0,0,0,0,0,0,0,0,0,0,0,0
서울지부,2020,어린이교육,13,137,개소,0,0,0,0,0,0,0,0,0,0,0,0,0
서울지부,2020,어린이교육,13,137,회차,0,0,0,0,0,0,0,0,0,0,0,0,0
서울지부,2020,어린이교육,13,137,인원,0,0,0,0,0,0,0,0,0,0,0,0,0
서울지부,2020,어린이교육,14,141,개소,0,0,0,0,0,0,0,0,0,0,0,0,0
서울지부,2020,어린이교육,14,141,회차,0,0,0,0,0,0,0,0,0,0,0,0,0
서울지부,2020,어린이교육,14,141,인원,0,0,0,0,0,0,0,0,0,0,0,0,0
서울지부,2020,어린이교육,14,142,개소,0,0,0,0,0,0,0,0,0,0,0,0,0
서울지부,2020,어린이교육,14,142,회차,0,0,0,0,0,0,0,0,0,0,0,0,0
서울지부,2020,어린이교육,14,142,인원,0,0,0,0,0,0,0,0,0,0,0,0,0
서울지부,2020,어린이교육,14,144,개소,0,0,0,0,0,0,0,0,0,0,0,0,0
서울지부,2020,어린이교육,14,144,회차,0,0,0,0,0,0,0,0,0,0,0,0,0
서울지부,2020,어린이교육,14,144,인원,0,0,0,0,0,0,0,0,0,0,0,0,0
서울지부,2020,어린이교육,14,147,개소,0,0,0,0,0,0,0,0,0,0,0,0,0
서울지부,2020,어린이교육,14,147,회차,0,0,0,0,0,0,0,0,0,0,0,0,0
서울지부,2020,어린이교육,14,147,인원,0,0,0,0,0,0,0,0,0,0,0,0,0
서울지부,2020,청소년교육,21,211,개소,0,0,0,0,0,0,0,0,0,0,0,0,0
서울지부,2020,청소년교육,21,211,회차,0,0,0,0,0,0,0,0,0,0,0,0,0
서울지부,2020,청소년교육,21,211,인원,0,0,0,0,0,0,0,0,0,0,0,0,0
서울지부,2020,청소년교육,21,212,개소,0,0,0,0,0,0,0,0,0,0,0,0,0
서울지부,2020,청소년교육,21,212,회차,0,0,0,0,0,0,0,0,0,0,0,0,0
서울지부,2020,청소년교육,21,212,인원,0,0,0,0,0,0,0,0,0,0,0,0,0
서울지부,2020,청소년교육,21,214,개소,0,0,0,0,0,0,0,0,0,0,0,0,0
서울지부,2020,청소년교육,21,214,회차,0,0,0,0,0,0,0,0,0,0,0,0,0
서울지부,2020,청소년교육,21,214,인원,0,0,0,0,0,0,0,0,0,0,0,0,0
서울지부,2020,청소년교육,21,217,개소,0,0,0,0,0,0,0,0,0,0,0,0,0
서울지부,2020,청소년교육,21,217,회차,0,0,0,0,0,0,0,0,0,0,0,0,0
서울지부,2020,청소년교육,21,217,인원,0,0,0,0,0,0,0,0,0,0,0,0,0
서울지부,2020,청소년교육,21,218,개소,0,0,0,0,0,0,0,0,0,0,0,0,0
서울지부,2020,청소년교육,21,218,회차,0,0,0,0,0,0,0,0,0,0,0,0,0
서울지부,2020,청소년교육,21,218,인원,0,0,0,0,0,0,0,0,0,0,0,0,0
서울지부,2020,청소년교육,22,221,개소,0,0,0,0,0,0,0,0,0,0,0,0,0
서울지부,2020,청소년교육,22,221,회차,0,0,0,0,0,0,0,0,0,0,0,0,0
서울지부,2020,청소년교육,22,221,인원,0,0,0,0,0,0,0,0,0,0,0,0,0
서울지부,2020,청소년교육,22,222,개소,0,0,0,0,0,0,0,0,0,0,0,0,0
서울지부,2020,청소년교육,22,222,회차,0,0,0,0,0,0,0,0,0,0,0,0,0
서울지부,2020,청소년교육,22,222,인원,0,0,0,0,0,0,0,0,0,0,0,0,0
서울지부,2020,청소년교육,22,223,개소,0,0,0,0,0,0,0,0,0,0,0,0,0
서울지부,2020,청소년교육,22,223,회차,0,0,0,0,0,0,0,0,0,0,0,0,0
서울지부,2020,청소년교육,22,223,인원,0,0,0,0,0,0,0,0,0,0,0,0,0
서울지부,2020,청소년교육,22,224,개소,0,0,0,0,0,0,0,0,0,0,0,0,0
서울지부,2020,청소년교육,22,224,회차,0,0,0,0,0,0,0,0,0,0,0,0,0
서울지부,2020,청소년교육,22,224,인원,0,0,0,0,0,0,0,0,0,0,0,0,0
서울지부,2020,청소년교육,22,226,개소,0,0,0,0,0,0,0,0,0,0,0,0,0
서울지부,2020,청소년교육,22,226,회차,0,0,0,0,0,0,0,0,0,0,0,0,0
서울지부,2020,청소년교육,22,226,인원,0,0,0,0,0,0,0,0,0,0,0,0,0
서울지부,2020,청소년교육,22,227,개소,0,0,0,0,0,0,0,0,0,0,0,0,0
서울지부,2020,청소년교육,22,227,회차,0,0,0,0,0,0,0,0,0,0,0,0,0
서울지부,2020,청소년교육,22,227,인원,0,0,0,0,0,0,0,0,0,0,0,0,0
서울지부,2020,청소년교육,22,228,개소,0,0,0,0,0,0,0,0,0,0,0,0,0
서울지부,2020,청소년교육,22,228,회차,0,0,0,0,0,0,0,0,0,0,0,0,0
서울지부,2020,청소년교육,22,228,인원,0,0,0,0,0,0,0,0,0,0,0,0,0
서울지부,2020,성인교육,31,312,개소,0,0,0,0,0,0,0,0,0,0,0,0,0
서울지부,2020,성인교육,31,312,회차,0,0,0,0,0,0,0,0,0,0,0,0,0
서울지부,2020,성인교육,31,312,인원,0,0,0,0,0,0,0,0,0,0,0,0,0
서울지부,2020,성인교육,31,313,개소,0,0,0,0,0,0,0,0,0,0,0,0,0
서울지부,2020,성인교육,31,313,회차,0,0,0,0,0,0,0,0,0,0,0,0,0
서울지부,2020,성인교육,31,313,인원,0,0,0,0,0,0,0,0,0,0,0,0,0
서울지부,2020,성인교육,31,314,개소,0,0,0,0,0,0,0,0,0,0,0,0,0
서울지부,2020,성인교육,31,314,회차,0,0,0,0,0,0,0,0,0,0,0,0,0
서울지부,2020,성인교육,31,314,인원,0,0,0,0,0,0,0,0,0,0,0,0,0
서울지부,2020,성인교육,31,316,개소,0,0,0,0,0,0,0,0,0,0,0,0,0
서울지부,2020,성인교육,31,316,회차,0,0,0,0,0,0,0,0,0,0,0,0,0
서울지부,2020,성인교육,31,316,인원,0,0,0,0,0,0,0,0,0,0,0,0,0
서울지부,2020,성인교육,31,317,개소,0,0,0,0,0,0,0,0,0,0,0,0,0
서울지부,2020,성인교육,31,317,회차,0,0,0,0,0,0,0,0,0,0,0,0,0
서울지부,2020,성인교육,31,317,인원,0,0,0,0,0,0,0,0,0,0,0,0,0
서울지부,2020,성인교육,31,318,개소,0,0,0,0,0,0,0,0,0,0,0,0,0
서울지부,2020,성인교육,31,318,회차,0,0,0,0,0,0,0,0,0,0,0,0,0
서울지부,2020,성인교육,31,318,인원,0,0,0,0,0,0,0,0,0,0,0,0,0
서울지부,2020,성인교육,31,319,개소,0,0,0,0,0,0,0,0,0,0,0,0,0
서울지부,2020,성인교육,31,319,회차,0,0,0,0,0,0,0,0,0,0,0,0,0
서울지부,2020,성인교육,31,319,인원,0,0,0,0,0,0,0,0,0,0,0,0,0
서울지부,2020,성인교육,32,322,개소,0,0,0,0,0,0,0,0,0,0,0,0,0
서울지부,2020,성인교육,32,322,회차,0,0,0,0,0,0,0,0,0,0,0,0,0
서울지부,2020,성인교육,32,322,인원,0,0,0,0,0,0,0,0,0,0,0,0,0
서울지부,2020,성인교육,32,323,개소,0,0,0,0,0,0,0,0,0,0,0,0,0
서울지부,2020,성인교육,32,323,회차,0,0,0,0,0,0,0,0,0,0,0,0,0
서울지부,2020,성인교육,32,323,인원,0,0,0,0,0,0,0,0,0,0,0,0,0
서울지부,2020,성인교육,32,326,개소,0,0,0,0,0,0,0,0,0,0,0,0,0
서울지부,2020,성인교육,32,326,회차,0,0,0,0,0,0,0,0,0,0,0,0,0
서울지부,2020,성인교육,32,326,인원,0,0,0,0,0,0,0,0,0,0,0,0,0
서울지부,2020,성인교육,32,328,개소,0,0,0,0,0,0,0,0,0,0,0,0,0
서울지부,2020,성인교육,32,328,회차,0,0,0,0,0,0,0,0,0,0,0,0,0
서울지부,2020,성인교육,32,328,인원,0,0,0,0,0,0,0,0,0,0,0,0,0
서울지부,2020,성인교육,32,329,개소,0,0,0,0,0,0,0,0,0,0,0,0,0
서울지부,2020,성인교육,32,329,회차,0,0,0,0,0,0,0,0,0,0,0,0,0
서울지부,2020,성인교육,32,329,인원,0,0,0,0,0,0,0,0,0,0,0,0,0
서울지부,2020,성인교육,33,332,개소,0,0,0,0,0,0,0,0,0,0,0,0,0
서울지부,2020,성인교육,33,332,회차,0,0,0,0,0,0,0,0,0,0,0,0,0
서울지부,2020,성인교육,33,332,인원,0,0,0,0,0,0,0,0,0,0,0,0,0
서울지부,2020,성인교육,33,333,개소,0,0,0,0,0,0,0,0,0,0,0,0,0
서울지부,2020,성인교육,33,333,회차,0,0,0,0,0,0,0,0,0,0,0,0,0
서울지부,2020,성인교육,33,333,인원,0,0,0,0,0,0,0,0,0,0,0,0,0
서울지부,2020,성인교육,33,336,개소,0,0,0,0,0,0,0,0,0,0,0,0,0
서울지부,2020,성인교육,33,336,회차,0,0,0,0,0,0,0,0,0,0,0,0,0
서울지부,2020,성인교육,33,336,인원,0,0,0,0,0,0,0,0,0,0,0,0,0
서울지부,2020,성인교육,33,338,개소,0,0,0,0,0,0,0,0,0,0,0,0,0
서울지부,2020,성인교육,33,338,회차,0,0,0,0,0,0,0,0,0,0,0,0,0
서울지부,2020,성인교육,33,338,인원,0,0,0,0,0,0,0,0,0,0,0,0,0
서울지부,2020,성인교육,33,339,개소,0,0,0,0,0,0,0,0,0,0,0,0,0
서울지부,2020,성인교육,33,339,회차,0,0,0,0,0,0,0,0,0,0,0,0,0
서울지부,2020,성인교육,33,339,인원,0,0,0,0,0,0,0,0,0,0,0,0,0
서울지부,2020,성인교육,34,342,개소,0,0,0,0,0,0,0,0,0,0,0,0,0
서울지부,2020,성인교육,34,342,회차,0,0,0,0,0,0,0,0,0,0,0,0,0
서울지부,2020,성인교육,34,342,인원,0,0,0,0,0,0,0,0,0,0,0,0,0
서울지부,2020,성인교육,34,343,개소,0,0,0,0,0,0,0,0,0,0,0,0,0
서울지부,2020,성인교육,34,343,회차,0,0,0,0,0,0,0,0,0,0,0,0,0
서울지부,2020,성인교육,34,343,인원,0,0,0,0,0,0,0,0,0,0,0,0,0
서울지부,2020,성인교육,34,346,개소,0,0,0,0,0,0,0,0,0,0,0,0,0
서울지부,2020,성인교육,34,346,회차,0,0,0,0,0,0,0,0,0,0,0,0,0
서울지부,2020,성인교육,34,346,인원,0,0,0,0,0,0,0,0,0,0,0,0,0
서울지부,2020,성인교육,34,348,개소,0,0,0,0,0,0,0,0,0,0,0,0,0
서울지부,2020,성인교육,34,348,회차,0,0,0,0,0,0,0,0,0,0,0,0,0
서울지부,2020,성인교육,34,348,인원,0,0,0,0,0,0,0,0,0,0,0,0,0
서울지부,2020,성인교육,34,349,개소,0,0,0,0,0,0,0,0,0,0,0,0,0
서울지부,2020,성인교육,34,349,회차,0,0,0,0,0,0,0,0,0,0,0,0,0
서울지부,2020,성인교육,34,349,인원,0,0,0,0,0,0,0,0,0,0,0,0,0
서울지부,2020,성인교육,35,352,개소,0,0,0,0,0,0,0,0,0,0,0,0,0
서울지부,2020,성인교육,35,352,회차,0,0,0,0,0,0,0,0,0,0,0,0,0
서울지부,2020,성인교육,35,352,인원,0,0,0,0,0,0,0,0,0,0,0,0,0
서울지부,2020,성인교육,35,353,개소,0,0,0,0,0,0,0,0,0,0,0,0,0
서울지부,2020,성인교육,35,353,회차,0,0,0,0,0,0,0,0,0,0,0,0,0
서울지부,2020,성인교육,35,353,인원,0,0,0,0,0,0,0,0,0,0,0,0,0
서울지부,2020,성인교육,35,356,개소,0,0,0,0,0,0,0,0,0,0,0,0,0
서울지부,2020,성인교육,35,356,회차,0,0,0,0,0,0,0,0,0,0,0,0,0
서울지부,2020,성인교육,35,356,인원,0,0,0,0,0,0,0,0,0,0,0,0,0
서울지부,2020,성인교육,35,358,개소,0,0,0,0,0,0,0,0,0,0,0,0,0
서울지부,2020,성인교육,35,358,회차,0,0,0,0,0,0,0,0,0,0,0,0,0
서울지부,2020,성인교육,35,358,인원,0,0,0,0,0,0,0,0,0,0,0,0,0
서울지부,2020,성인교육,35,359,개소,0,0,0,0,0,0,0,0,0,0,0,0,0
서울지부,2020,성인교육,35,359,회차,0,0,0,0,0,0,0,0,0,0,0,0,0
서울지부,2020,성인교육,35,359,인원,0,0,0,0,0,0,0,0,0,0,0,0,0
서울지부,2020,성인교육,36,362,개소,0,0,0,0,0,0,0,0,0,0,0,0,0
서울지부,2020,성인교육,36,362,회차,0,0,0,0,0,0,0,0,0,0,0,0,0
서울지부,2020,성인교육,36,362,인원,0,0,0,0,0,0,0,0,0,0,0,0,0
서울지부,2020,성인교육,36,363,개소,0,0,0,0,0,0,0,0,0,0,0,0,0
서울지부,2020,성인교육,36,363,회차,0,0,0,0,0,0,0,0,0,0,0,0,0
서울지부,2020,성인교육,36,363,인원,0,0,0,0,0,0,0,0,0,0,0,0,0
서울지부,2020,성인교육,36,365,개소,0,0,0,0,0,0,0,0,0,0,0,0,0
서울지부,2020,성인교육,36,365,회차,0,0,0,0,0,0,0,0,0,0,0,0,0
서울지부,2020,성인교육,36,365,인원,0,0,0,0,0,0,0,0,0,0,0,0,0
서울지부,2020,성인교육,36,366,개소,0,0,0,0,0,0,0,0,0,0,0,0,0
서울지부,2020,성인교육,36,366,회차,0,0,0,0,0,0,0,0,0,0,0,0,0
서울지부,2020,성인교육,36,366,인원,0,0,0,0,0,0,0,0,0,0,0,0,0
서울지부,2020,성인교육,36,368,개소,0,0,0,0,0,0,0,0,0,0,0,0,0
서울지부,2020,성인교육,36,368,회차,0,0,0,0,0,0,0,0,0,0,0,0,0
서울지부,2020,성인교육,36,368,인원,0,0,0,0,0,0,0,0,0,0,0,0,0
서울지부,2020,성인교육,36,369,개소,0,0,0,0,0,0,0,0,0,0,0,0,0
서울지부,2020,성인교육,36,369,회차,0,0,0,0,0,0,0,0,0,0,0,0,0
서울지부,2020,성인교육,36,369,인원,0,0,0,0,0,0,0,0,0,0,0,0,0
서울지부,2020,성인교육,37,372,개소,0,0,0,0,0,0,0,0,0,0,0,0,0
서울지부,2020,성인교육,37,372,회차,0,0,0,0,0,0,0,0,0,0,0,0,0
서울지부,2020,성인교육,37,372,인원,0,0,0,0,0,0,0,0,0,0,0,0,0
서울지부,2020,성인교육,37,373,개소,0,0,0,0,0,0,0,0,0,0,0,0,0
서울지부,2020,성인교육,37,373,회차,0,0,0,0,0,0,0,0,0,0,0,0,0
서울지부,2020,성인교육,37,373,인원,0,0,0,0,0,0,0,0,0,0,0,0,0
서울지부,2020,성인교육,37,376,개소,0,0,0,0,0,0,0,0,0,0,0,0,0
서울지부,2020,성인교육,37,376,회차,0,0,0,0,0,0,0,0,0,0,0,0,0
서울지부,2020,성인교육,37,376,인원,0,0,0,0,0,0,0,0,0,0,0,0,0
서울지부,2020,성인교육,37,378,개소,0,0,0,0,0,0,0,0,0,0,0,0,0
서울지부,2020,성인교육,37,378,회차,0,0,0,0,0,0,0,0,0,0,0,0,0
서울지부,2020,성인교육,37,378,인원,0,0,0,0,0,0,0,0,0,0,0,0,0
서울지부,2020,성인교육,37,379,개소,0,0,0,0,0,0,0,0,0,0,0,0,0
서울지부,2020,성인교육,37,379,회차,0,0,0,0,0,0,0,0,0,0,0,0,0
서울지부,2020,성인교육,37,379,인원,0,0,0,0,0,0,0,0,0,0,0,0,0
서울지부,2020,성인교육,38,381,개소,0,0,0,0,0,0,0,0,0,0,0,0,0
서울지부,2020,성인교육,38,381,회차,0,0,0,0,0,0,0,0,0,0,0,0,0
서울지부,2020,성인교육,38,381,인원,0,0,0,0,0,0,0,0,0,0,0,0,0
서울지부,2020,성인교육,38,382,개소,0,0,0,0,0,0,0,0,0,0,0,0,0
서울지부,2020,성인교육,38,382,회차,0,0,0,0,0,0,0,0,0,0,0,0,0
서울지부,2020,성인교육,38,382,인원,0,0,0,0,0,0,0,0,0,0,0,0,0
서울지부,2020,성인교육,38,386,개소,0,0,0,0,0,0,0,0,0,0,0,0,0
서울지부,2020,성인교육,38,386,회차,0,0,0,0,0,0,0,0,0,0,0,0,0
서울지부,2020,성인교육,38,386,인원,0,0,0,0,0,0,0,0,0,0,0,0,0
서울지부,2020,성인교육,38,388,개소,0,0,0,0,0,0,0,0,0,0,0,0,0
서울지부,2020,성인교육,38,388,회차,0,0,0,0,0,0,0,0,0,0,0,0,0
서울지부,2020,성인교육,38,388,인원,0,0,0,0,0,0,0,0,0,0,0,0,0
서울지부,2020,성인교육,39,392,개소,0,0,0,0,0,0,0,0,0,0,0,0,0
서울지부,2020,성인교육,39,392,회차,0,0,0,0,0,0,0,0,0,0,0,0,0
서울지부,2020,성인교육,39,392,인원,0,0,0,0,0,0,0,0,0,0,0,0,0
서울지부,2020,성인교육,39,393,개소,0,0,0,0,0,0,0,0,0,0,0,0,0
서울지부,2020,성인교육,39,393,회차,0,0,0,0,0,0,0,0,0,0,0,0,0
서울지부,2020,성인교육,39,393,인원,0,0,0,0,0,0,0,0,0,0,0,0,0
서울지부,2020,성인교육,39,396,개소,0,0,0,0,0,0,0,0,0,0,0,0,0
서울지부,2020,성인교육,39,396,회차,0,0,0,0,0,0,0,0,0,0,0,0,0
서울지부,2020,성인교육,39,396,인원,0,0,0,0,0,0,0,0,0,0,0,0,0
서울지부,2020,성인교육,39,398,개소,0,0,0,0,0,0,0,0,0,0,0,0,0
서울지부,2020,성인교육,39,398,회차,0,0,0,0,0,0,0,0,0,0,0,0,0
서울지부,2020,성인교육,39,398,인원,0,0,0,0,0,0,0,0,0,0,0,0,0
서울지부,2020,고령자교육,41,411,개소,0,0,0,0,0,0,0,0,0,0,0,0,0
서울지부,2020,고령자교육,41,411,회차,0,0,0,0,0,0,0,0,0,0,0,0,0
서울지부,2020,고령자교육,41,411,인원,0,0,0,0,0,0,0,0,0,0,0,0,0
서울지부,2020,고령자교육,41,412,개소,0,0,0,0,0,0,0,0,0,0,0,0,0
서울지부,2020,고령자교육,41,412,회차,0,0,0,0,0,0,0,0,0,0,0,0,0
서울지부,2020,고령자교육,41,412,인원,0,0,0,0,0,0,0,0,0,0,0,0,0
서울지부,2020,고령자교육,41,413,개소,0,0,0,0,0,0,0,0,0,0,0,0,0
서울지부,2020,고령자교육,41,413,회차,0,0,0,0,0,0,0,0,0,0,0,0,0
서울지부,2020,고령자교육,41,413,인원,0,0,0,0,0,0,0,0,0,0,0,0,0
서울지부,2020,고령자교육,41,417,개소,0,0,0,0,0,0,0,0,0,0,0,0,0
서울지부,2020,고령자교육,41,417,회차,0,0,0,0,0,0,0,0,0,0,0,0,0
서울지부,2020,고령자교육,41,417,인원,0,0,0,0,0,0,0,0,0,0,0,0,0
서울지부,2020,고령자교육,42,422,개소,0,0,0,0,0,0,0,0,0,0,0,0,0
서울지부,2020,고령자교육,42,422,회차,0,0,0,0,0,0,0,0,0,0,0,0,0
서울지부,2020,고령자교육,42,422,인원,0,0,0,0,0,0,0,0,0,0,0,0,0
서울지부,2020,고령자교육,42,423,개소,0,0,0,0,0,0,0,0,0,0,0,0,0
서울지부,2020,고령자교육,42,423,회차,0,0,0,0,0,0,0,0,0,0,0,0,0
서울지부,2020,고령자교육,42,423,인원,0,0,0,0,0,0,0,0,0,0,0,0,0
서울지부,2020,고령자교육,42,426,개소,0,0,0,0,0,0,0,0,0,0,0,0,0
서울지부,2020,고령자교육,42,426,회차,0,0,0,0,0,0,0,0,0,0,0,0,0
서울지부,2020,고령자교육,42,426,인원,0,0,0,0,0,0,0,0,0,0,0,0,0
서울지부,2020,교사교육,51,511,개소,0,0,0,0,0,0,0,0,0,0,0,0,0
서울지부,2020,교사교육,51,511,회차,0,0,0,0,0,0,0,0,0,0,0,0,0
서울지부,2020,교사교육,51,511,인원,0,0,0,0,0,0,0,0,0,0,0,0,0
서울지부,2020,교사교육,51,512,개소,0,0,0,0,0,0,0,0,0,0,0,0,0
서울지부,2020,교사교육,51,512,회차,0,0,0,0,0,0,0,0,0,0,0,0,0
서울지부,2020,교사교육,51,512,인원,0,0,0,0,0,0,0,0,0,0,0,0,0
서울지부,2020,교사교육,51,516,개소,0,0,0,0,0,0,0,0,0,0,0,0,0
서울지부,2020,교사교육,51,516,회차,0,0,0,0,0,0,0,0,0,0,0,0,0
서울지부,2020,교사교육,51,516,인원,0,0,0,0,0,0,0,0,0,0,0,0,0
서울지부,2020,교사교육,52,521,개소,0,0,0,0,0,0,0,0,0,0,0,0,0
서울지부,2020,교사교육,52,521,회차,0,0,0,0,0,0,0,0,0,0,0,0,0
서울지부,2020,교사교육,52,521,인원,0,0,0,0,0,0,0,0,0,0,0,0,0
서울지부,2020,교사교육,52,522,개소,0,0,0,0,0,0,0,0,0,0,0,0,0
서울지부,2020,교사교육,52,522,회차,0,0,0,0,0,0,0,0,0,0,0,0,0
서울지부,2020,교사교육,52,522,인원,0,0,0,0,0,0,0,0,0,0,0,0,0
서울지부,2020,교사교육,52,526,개소,0,0,0,0,0,0,0,0,0,0,0,0,0
서울지부,2020,교사교육,52,526,회차,0,0,0,0,0,0,0,0,0,0,0,0,0
서울지부,2020,교사교육,52,526,인원,0,0,0,0,0,0,0,0,0,0,0,0,0
서울지부,2020,교사교육,53,531,개소,0,0,0,0,0,0,0,0,0,0,0,0,0
서울지부,2020,교사교육,53,531,회차,0,0,0,0,0,0,0,0,0,0,0,0,0
서울지부,2020,교사교육,53,531,인원,0,0,0,0,0,0,0,0,0,0,0,0,0
서울지부,2020,교사교육,53,532,개소,0,0,0,0,0,0,0,0,0,0,0,0,0
서울지부,2020,교사교육,53,532,회차,0,0,0,0,0,0,0,0,0,0,0,0,0
서울지부,2020,교사교육,53,532,인원,0,0,0,0,0,0,0,0,0,0,0,0,0
서울지부,2020,교사교육,53,536,개소,0,0,0,0,0,0,0,0,0,0,0,0,0
서울지부,2020,교사교육,53,536,회차,0,0,0,0,0,0,0,0,0,0,0,0,0
서울지부,2020,교사교육,53,536,인원,0,0,0,0,0,0,0,0,0,0,0,0,0
서울지부,2020,교사교육,54,541,개소,0,0,0,0,0,0,0,0,0,0,0,0,0
서울지부,2020,교사교육,54,541,회차,0,0,0,0,0,0,0,0,0,0,0,0,0
서울지부,2020,교사교육,54,541,인원,0,0,0,0,0,0,0,0,0,0,0,0,0
서울지부,2020,교사교육,54,542,개소,0,0,0,0,0,0,0,0,0,0,0,0,0
서울지부,2020,교사교육,54,542,회차,0,0,0,0,0,0,0,0,0,0,0,0,0
서울지부,2020,교사교육,54,542,인원,0,0,0,0,0,0,0,0,0,0,0,0,0
서울지부,2020,교사교육,54,543,개소,0,0,0,0,0,0,0,0,0,0,0,0,0
서울지부,2020,교사교육,54,543,회차,0,0,0,0,0,0,0,0,0,0,0,0,0
서울지부,2020,교사교육,54,543,인원,0,0,0,0,0,0,0,0,0,0,0,0,0
서울지부,2020,교사교육,54,546,개소,0,0,0,0,0,0,0,0,0,0,0,0,0
서울지부,2020,교사교육,54,546,회차,0,0,0,0,0,0,0,0,0,0,0,0,0
서울지부,2020,교사교육,54,546,인원,0,0,0,0,0,0,0,0,0,0,0,0,0
서울지부,2021,고령자교육,41,411,개소,0,0,0,0,0,0,0,0,0,0,0,0,0
서울지부,2021,고령자교육,41,411,회차,0,0,0,0,0,0,0,0,0,0,0,0,0
서울지부,2021,고령자교육,41,411,인원,0,0,0,0,0,0,0,0,0,0,0,0,0
서울지부,2021,고령자교육,41,412,개소,0,0,0,0,0,0,0,0,0,0,0,0,0
서울지부,2021,고령자교육,41,412,회차,0,0,0,0,0,0,0,0,0,0,0,0,0
서울지부,2021,고령자교육,41,412,인원,0,0,0,0,0,0,0,0,0,0,0,0,0
서울지부,2021,고령자교육,41,413,개소,0,0,0,0,0,0,0,0,0,0,0,0,0
서울지부,2021,고령자교육,41,413,회차,0,0,0,0,0,0,0,0,0,0,0,0,0
서울지부,2021,고령자교육,41,413,인원,0,0,0,0,0,0,0,0,0,0,0,0,0
서울지부,2021,고령자교육,41,417,개소,0,0,0,0,0,0,0,0,0,0,0,0,0
서울지부,2021,고령자교육,41,417,회차,0,0,0,0,0,0,0,0,0,0,0,0,0
서울지부,2021,고령자교육,41,417,인원,0,0,0,0,0,0,0,0,0,0,0,0,0
서울지부,2021,고령자교육,42,422,개소,0,0,0,0,0,0,0,0,0,0,0,0,0
서울지부,2021,고령자교육,42,422,회차,0,0,0,0,0,0,0,0,0,0,0,0,0
서울지부,2021,고령자교육,42,422,인원,0,0,0,0,0,0,0,0,0,0,0,0,0
서울지부,2021,고령자교육,42,423,개소,0,0,0,0,0,0,0,0,0,0,0,0,0
서울지부,2021,고령자교육,42,423,회차,0,0,0,0,0,0,0,0,0,0,0,0,0
서울지부,2021,고령자교육,42,423,인원,0,0,0,0,0,0,0,0,0,0,0,0,0
서울지부,2021,고령자교육,42,426,개소,0,0,0,0,0,0,0,0,0,0,0,0,0
서울지부,2021,고령자교육,42,426,회차,0,0,0,0,0,0,0,0,0,0,0,0,0
서울지부,2021,고령자교육,42,426,인원,0,0,0,0,0,0,0,0,0,0,0,0,0
부산지부,2018,어린이교육,11,111,인원,8546,8546,8546,8546,8546,8546,8546,8546,8546,8546,8546,8553,102559
부산지부,2018,어린이교육,11,111,개소,0,0,0,0,0,0,0,0,0,0,0,0,0
부산지부,2018,어린이교육,11,111,회차,0,0,0,0,0,0,0,0,0,0,0,0,0
부산지부,2018,어린이교육,11,112,개소,0,0,0,0,0,0,0,0,0,0,0,0,0
부산지부,2018,어린이교육,11,112,회차,0,0,0,0,0,0,0,0,0,0,0,0,0
부산지부,2018,어린이교육,11,112,인원,0,0,0,0,0,0,0,0,0,0,0,0,0
부산지부,2018,어린이교육,11,113,개소,0,0,0,0,0,0,0,0,0,0,0,0,0
부산지부,2018,어린이교육,11,113,회차,0,0,0,0,0,0,0,0,0,0,0,0,0
부산지부,2018,어린이교육,11,113,인원,0,0,0,0,0,0,0,0,0,0,0,0,0
부산지부,2018,어린이교육,11,114,개소,0,0,0,0,0,0,0,0,0,0,0,0,0
부산지부,2018,어린이교육,11,114,회차,0,0,0,0,0,0,0,0,0,0,0,0,0
부산지부,2018,어린이교육,11,114,인원,0,0,0,0,0,0,0,0,0,0,0,0,0
부산지부,2018,어린이교육,12,121,인원,5901,5901,5901,5901,5901,5901,5901,5901,5901,5901,5901,5904,70815
부산지부,2018,어린이교육,12,121,개소,0,0,0,0,0,0,0,0,0,0,0,0,0
부산지부,2018,어린이교육,12,121,회차,0,0,0,0,0,0,0,0,0,0,0,0,0
부산지부,2018,어린이교육,12,122,인원,2441,2441,2441,2441,2441,2441,2441,2441,2441,2441,2441,2452,29303
부산지부,2018,어린이교육,12,122,개소,0,0,0,0,0,0,0,0,0,0,0,0,0
부산지부,2018,어린이교육,12,122,회차,0,0,0,0,0,0,0,0,0,0,0,0,0
부산지부,2018,어린이교육,12,124,인원,203,203,203,203,203,203,203,203,203,203,203,209,2442
부산지부,2018,어린이교육,12,124,개소,0,0,0,0,0,0,0,0,0,0,0,0,0
부산지부,2018,어린이교육,12,124,회차,0,0,0,0,0,0,0,0,0,0,0,0,0
부산지부,2018,어린이교육,12,127,인원,407,407,407,407,407,407,407,407,407,407,407,407,4884
부산지부,2018,어린이교육,12,127,개소,0,0,0,0,0,0,0,0,0,0,0,0,0
부산지부,2018,어린이교육,12,127,회차,0,0,0,0,0,0,0,0,0,0,0,0,0
부산지부,2018,어린이교육,13,131,인원,1017,1017,1017,1017,1017,1017,1017,1017,1017,1017,1017,1022,12209
부산지부,2018,어린이교육,13,131,개소,0,0,0,0,0,0,0,0,0,0,0,0,0
부산지부,2018,어린이교육,13,131,회차,0,0,0,0,0,0,0,0,0,0,0,0,0
부산지부,2018,어린이교육,13,132,개소,0,0,0,0,0,0,0,0,0,0,0,0,0
부산지부,2018,어린이교육,13,132,회차,0,0,0,0,0,0,0,0,0,0,0,0,0
부산지부,2018,어린이교육,13,132,인원,101,101,101,101,101,101,101,101,101,101,101,110,1221
부산지부,2018,어린이교육,13,134,개소,0,0,0,0,0,0,0,0,0,0,0,0,0
부산지부,2018,어린이교육,13,134,회차,0,0,0,0,0,0,0,0,0,0,0,0,0
부산지부,2018,어린이교육,13,134,인원,0,0,0,0,0,0,0,0,0,0,0,0,0
부산지부,2018,어린이교육,13,137,개소,0,0,0,0,0,0,0,0,0,0,0,0,0
부산지부,2018,어린이교육,13,137,회차,0,0,0,0,0,0,0,0,0,0,0,0,0
부산지부,2018,어린이교육,13,137,인원,101,101,101,101,101,101,101,101,101,101,101,110,1221
부산지부,2018,어린이교육,14,141,개소,0,0,0,0,0,0,0,0,0,0,0,0,0
부산지부,2018,어린이교육,14,141,회차,0,0,0,0,0,0,0,0,0,0,0,0,0
부산지부,2018,어린이교육,14,141,인원,1627,1627,1627,1627,1627,1627,1627,1627,1627,1627,1627,1638,19535
부산지부,2018,어린이교육,14,142,개소,0,0,0,0,0,0,0,0,0,0,0,0,0
부산지부,2018,어린이교육,14,142,회차,0,0,0,0,0,0,0,0,0,0,0,0,0
부산지부,2018,어린이교육,14,142,인원,0,0,0,0,0,0,0,0,0,0,0,0,0
부산지부,2018,어린이교육,14,144,개소,0,0,0,0,0,0,0,0,0,0,0,0,0
부산지부,2018,어린이교육,14,144,회차,0,0,0,0,0,0,0,0,0,0,0,0,0
부산지부,2018,어린이교육,14,144,인원,0,0,0,0,0,0,0,0,0,0,0,0,0
부산지부,2018,어린이교육,14,147,개소,0,0,0,0,0,0,0,0,0,0,0,0,0
부산지부,2018,어린이교육,14,147,회차,0,0,0,0,0,0,0,0,0,0,0,0,0
부산지부,2018,어린이교육,14,147,인원,0,0,0,0,0,0,0,0,0,0,0,0,0
부산지부,2018,청소년교육,21,211,개소,0,0,0,0,0,0,0,0,0,0,0,0,0
부산지부,2018,청소년교육,21,211,회차,0,0,0,0,0,0,0,0,0,0,0,0,0
부산지부,2018,청소년교육,21,211,인원,38,38,38,38,38,38,38,38,38,38,38,41,459
부산지부,2018,청소년교육,21,212,개소,0,0,0,0,0,0,0,0,0,0,0,0,0
부산지부,2018,청소년교육,21,212,회차,0,0,0,0,0,0,0,0,0,0,0,0,0
부산지부,2018,청소년교육,21,212,인원,5,5,5,5,5,5,5,5,5,5,5,6,61
부산지부,2018,청소년교육,21,214,개소,0,0,0,0,0,0,0,0,0,0,0,0,0
부산지부,2018,청소년교육,21,214,회차,0,0,0,0,0,0,0,0,0,0,0,0,0
부산지부,2018,청소년교육,21,214,인원,5,5,5,5,5,5,5,5,5,5,5,6,61
부산지부,2018,청소년교육,21,217,개소,0,0,0,0,0,0,0,0,0,0,0,0,0
부산지부,2018,청소년교육,21,217,회차,0,0,0,0,0,0,0,0,0,0,0,0,0
부산지부,2018,청소년교육,21,217,인원,0,0,0,0,0,0,0,0,0,0,0,0,0
부산지부,2018,청소년교육,21,218,개소,0,0,0,0,0,0,0,0,0,0,0,0,0
부산지부,2018,청소년교육,21,218,회차,0,0,0,0,0,0,0,0,0,0,0,0,0
부산지부,2018,청소년교육,21,218,인원,2,2,2,2,2,3,3,3,3,3,3,3,31
부산지부,2018,청소년교육,22,221,개소,0,0,0,0,0,0,0,0,0,0,0,0,0
부산지부,2018,청소년교육,22,221,회차,0,0,0,0,0,0,0,0,0,0,0,0,0
부산지부,2018,청소년교육,22,221,인원,114,114,114,114,114,114,114,114,114,114,114,123,1377
부산지부,2018,청소년교육,22,222,개소,0,0,0,0,0,0,0,0,0,0,0,0,0
부산지부,2018,청소년교육,22,222,회차,0,0,0,0,0,0,0,0,0,0,0,0,0
부산지부,2018,청소년교육,22,222,인원,20,20,20,20,20,20,20,20,20,20,20,25,245
부산지부,2018,청소년교육,22,223,개소,0,0,0,0,0,0,0,0,0,0,0,0,0
부산지부,2018,청소년교육,22,223,회차,0,0,0,0,0,0,0,0,0,0,0,0,0
부산지부,2018,청소년교육,22,223,인원,0,0,0,0,0,0,0,0,0,0,0,0,0
부산지부,2018,청소년교육,22,224,개소,0,0,0,0,0,0,0,0,0,0,0,0,0
부산지부,2018,청소년교육,22,224,회차,0,0,0,0,0,0,0,0,0,0,0,0,0
부산지부,2018,청소년교육,22,224,인원,5,5,5,5,5,5,5,5,5,5,5,6,61
부산지부,2018,청소년교육,22,226,개소,0,0,0,0,0,0,0,0,0,0,0,0,0
부산지부,2018,청소년교육,22,226,회차,0,0,0,0,0,0,0,0,0,0,0,0,0
부산지부,2018,청소년교육,22,226,인원,63,63,63,63,63,63,63,63,63,63,63,72,765
부산지부,2018,청소년교육,22,227,개소,0,0,0,0,0,0,0,0,0,0,0,0,0
부산지부,2018,청소년교육,22,227,회차,0,0,0,0,0,0,0,0,0,0,0,0,0
부산지부,2018,청소년교육,22,227,인원,0,0,0,0,0,0,0,0,0,0,0,0,0
부산지부,2018,청소년교육,22,228,개소,0,0,0,0,0,0,0,0,0,0,0,0,0
부산지부,2018,청소년교육,22,228,회차,0,0,0,0,0,0,0,0,0,0,0,0,0
부산지부,2018,청소년교육,22,228,인원,0,0,0,0,0,0,0,0,0,0,0,0,0
부산지부,2018,성인교육,31,312,개소,0,0,0,0,0,0,0,0,0,0,0,0,0
부산지부,2018,성인교육,31,312,회차,0,0,0,0,0,0,0,0,0,0,0,0,0
부산지부,2018,성인교육,31,312,인원,38,38,38,38,38,38,38,38,38,38,38,38,456
부산지부,2018,성인교육,31,313,개소,0,0,0,0,0,0,0,0,0,0,0,0,0
부산지부,2018,성인교육,31,313,회차,0,0,0,0,0,0,0,0,0,0,0,0,0
부산지부,2018,성인교육,31,313,인원,0,0,0,0,0,0,0,0,0,0,0,0,0
부산지부,2018,성인교육,31,314,개소,0,0,0,0,0,0,0,0,0,0,0,0,0
부산지부,2018,성인교육,31,314,회차,0,0,0,0,0,0,0,0,0,0,0,0,0
부산지부,2018,성인교육,31,314,인원,0,0,0,0,0,0,0,0,0,0,0,0,0
부산지부,2018,성인교육,31,316,개소,0,0,0,0,0,0,0,0,0,0,0,0,0
부산지부,2018,성인교육,31,316,회차,0,0,0,0,0,0,0,0,0,0,0,0,0
부산지부,2018,성인교육,31,316,인원,760,760,760,760,760,760,760,760,760,760,760,761,9121
부산지부,2018,성인교육,31,317,개소,0,0,0,0,0,0,0,0,0,0,0,0,0
부산지부,2018,성인교육,31,317,회차,0,0,0,0,0,0,0,0,0,0,0,0,0
부산지부,2018,성인교육,31,317,인원,0,0,0,0,0,0,0,0,0,0,0,0,0
부산지부,2018,성인교육,31,318,개소,0,0,0,0,0,0,0,0,0,0,0,0,0
부산지부,2018,성인교육,31,318,회차,0,0,0,0,0,0,0,0,0,0,0,0,0
부산지부,2018,성인교육,31,318,인원,0,0,0,0,0,0,0,0,0,0,0,0,0
부산지부,2018,성인교육,31,319,개소,0,0,0,0,0,0,0,0,0,0,0,0,0
부산지부,2018,성인교육,31,319,회차,0,0,0,0,0,0,0,0,0,0,0,0,0
부산지부,2018,성인교육,31,319,인원,0,0,0,0,0,0,0,0,0,0,0,0,0
부산지부,2018,성인교육,32,322,개소,0,0,0,0,0,0,0,0,0,0,0,0,0
부산지부,2018,성인교육,32,322,회차,0,0,0,0,0,0,0,0,0,0,0,0,0
부산지부,2018,성인교육,32,322,인원,0,0,0,0,0,0,0,0,0,0,0,0,0
부산지부,2018,성인교육,32,323,개소,0,0,0,0,0,0,0,0,0,0,0,0,0
부산지부,2018,성인교육,32,323,회차,0,0,0,0,0,0,0,0,0,0,0,0,0
부산지부,2018,성인교육,32,323,인원,0,0,0,0,0,0,0,0,0,0,0,0,0
부산지부,2018,성인교육,32,326,개소,0,0,0,0,0,0,0,0,0,0,0,0,0
부산지부,2018,성인교육,32,326,회차,0,0,0,0,0,0,0,0,0,0,0,0,0
부산지부,2018,성인교육,32,326,인원,152,152,152,152,152,152,152,152,152,152,152,152,1824
부산지부,2018,성인교육,32,328,개소,0,0,0,0,0,0,0,0,0,0,0,0,0
부산지부,2018,성인교육,32,328,회차,0,0,0,0,0,0,0,0,0,0,0,0,0
부산지부,2018,성인교육,32,328,인원,0,0,0,0,0,0,0,0,0,0,0,0,0
부산지부,2018,성인교육,32,329,개소,0,0,0,0,0,0,0,0,0,0,0,0,0
부산지부,2018,성인교육,32,329,회차,0,0,0,0,0,0,0,0,0,0,0,0,0
부산지부,2018,성인교육,32,329,인원,0,0,0,0,0,0,0,0,0,0,0,0,0
부산지부,2018,성인교육,33,332,개소,0,0,0,0,0,0,0,0,0,0,0,0,0
부산지부,2018,성인교육,33,332,회차,0,0,0,0,0,0,0,0,0,0,0,0,0
부산지부,2018,성인교육,33,332,인원,0,0,0,0,0,0,0,0,0,0,0,0,0
부산지부,2018,성인교육,33,333,개소,0,0,0,0,0,0,0,0,0,0,0,0,0
부산지부,2018,성인교육,33,333,회차,0,0,0,0,0,0,0,0,0,0,0,0,0
부산지부,2018,성인교육,33,333,인원,0,0,0,0,0,0,0,0,0,0,0,0,0
부산지부,2018,성인교육,33,336,개소,0,0,0,0,0,0,0,0,0,0,0,0,0
부산지부,2018,성인교육,33,336,회차,0,0,0,0,0,0,0,0,0,0,0,0,0
부산지부,2018,성인교육,33,336,인원,304,304,304,304,304,304,304,304,304,304,304,304,3648
부산지부,2018,성인교육,33,338,개소,0,0,0,0,0,0,0,0,0,0,0,0,0
부산지부,2018,성인교육,33,338,회차,0,0,0,0,0,0,0,0,0,0,0,0,0
부산지부,2018,성인교육,33,338,인원,0,0,0,0,0,0,0,0,0,0,0,0,0
부산지부,2018,성인교육,33,339,개소,0,0,0,0,0,0,0,0,0,0,0,0,0
부산지부,2018,성인교육,33,339,회차,0,0,0,0,0,0,0,0,0,0,0,0,0
부산지부,2018,성인교육,33,339,인원,0,0,0,0,0,0,0,0,0,0,0,0,0
부산지부,2018,성인교육,34,342,개소,0,0,0,0,0,0,0,0,0,0,0,0,0
부산지부,2018,성인교육,34,342,회차,0,0,0,0,0,0,0,0,0,0,0,0,0
부산지부,2018,성인교육,34,342,인원,38,38,38,38,38,38,38,38,38,38,38,38,456
부산지부,2018,성인교육,34,343,개소,0,0,0,0,0,0,0,0,0,0,0,0,0
부산지부,2018,성인교육,34,343,회차,0,0,0,0,0,0,0,0,0,0,0,0,0
부산지부,2018,성인교육,34,343,인원,0,0,0,0,0,0,0,0,0,0,0,0,0
부산지부,2018,성인교육,34,346,개소,0,0,0,0,0,0,0,0,0,0,0,0,0
부산지부,2018,성인교육,34,346,회차,0,0,0,0,0,0,0,0,0,0,0,0,0
부산지부,2018,성인교육,34,346,인원,2128,2128,2128,2128,2128,2128,2128,2128,2128,2128,2128,2131,25539
부산지부,2018,성인교육,34,348,개소,0,0,0,0,0,0,0,0,0,0,0,0,0
부산지부,2018,성인교육,34,348,회차,0,0,0,0,0,0,0,0,0,0,0,0,0
부산지부,2018,성인교육,34,348,인원,0,0,0,0,0,0,0,0,0,0,0,0,0
부산지부,2018,성인교육,34,349,개소,0,0,0,0,0,0,0,0,0,0,0,0,0
부산지부,2018,성인교육,34,349,회차,0,0,0,0,0,0,0,0,0,0,0,0,0
부산지부,2018,성인교육,34,349,인원,0,0,0,0,0,0,0,0,0,0,0,0,0
부산지부,2018,성인교육,35,352,개소,0,0,0,0,0,0,0,0,0,0,0,0,0
부산지부,2018,성인교육,35,352,회차,0,0,0,0,0,0,0,0,0,0,0,0,0
부산지부,2018,성인교육,35,352,인원,0,0,0,0,0,0,0,0,0,0,0,0,0
부산지부,2018,성인교육,35,353,개소,0,0,0,0,0,0,0,0,0,0,0,0,0
부산지부,2018,성인교육,35,353,회차,0,0,0,0,0,0,0,0,0,0,0,0,0
부산지부,2018,성인교육,35,353,인원,0,0,0,0,0,0,0,0,0,0,0,0,0
부산지부,2018,성인교육,35,356,개소,0,0,0,0,0,0,0,0,0,0,0,0,0
부산지부,2018,성인교육,35,356,회차,0,0,0,0,0,0,0,0,0,0,0,0,0
부산지부,2018,성인교육,35,356,인원,228,228,228,228,228,228,228,228,228,228,228,228,2736
부산지부,2018,성인교육,35,358,개소,0,0,0,0,0,0,0,0,0,0,0,0,0
부산지부,2018,성인교육,35,358,회차,0,0,0,0,0,0,0,0,0,0,0,0,0
부산지부,2018,성인교육,35,358,인원,0,0,0,0,0,0,0,0,0,0,0,0,0
부산지부,2018,성인교육,35,359,개소,0,0,0,0,0,0,0,0,0,0,0,0,0
부산지부,2018,성인교육,35,359,회차,0,0,0,0,0,0,0,0,0,0,0,0,0
부산지부,2018,성인교육,35,359,인원,0,0,0,0,0,0,0,0,0,0,0,0,0
부산지부,2018,성인교육,36,362,개소,0,0,0,0,0,0,0,0,0,0,0,0,0
부산지부,2018,성인교육,36,362,회차,0,0,0,0,0,0,0,0,0,0,0,0,0
부산지부,2018,성인교육,36,362,인원,38,38,38,38,38,38,38,38,38,38,38,38,456
부산지부,2018,성인교육,36,363,개소,0,0,0,0,0,0,0,0,0,0,0,0,0
부산지부,2018,성인교육,36,363,회차,0,0,0,0,0,0,0,0,0,0,0,0,0
부산지부,2018,성인교육,36,363,인원,0,0,0,0,0,0,0,0,0,0,0,0,0
부산지부,2018,성인교육,36,365,개소,0,0,0,0,0,0,0,0,0,0,0,0,0
부산지부,2018,성인교육,36,365,회차,0,0,0,0,0,0,0,0,0,0,0,0,0
부산지부,2018,성인교육,36,365,인원,0,0,0,0,0,0,0,0,0,0,0,0,0
부산지부,2018,성인교육,36,366,개소,0,0,0,0,0,0,0,0,0,0,0,0,0
부산지부,2018,성인교육,36,366,회차,0,0,0,0,0,0,0,0,0,0,0,0,0
부산지부,2018,성인교육,36,366,인원,1596,1596,1596,1596,1596,1596,1596,1596,1596,1596,1596,1599,19155
부산지부,2018,성인교육,36,368,개소,0,0,0,0,0,0,0,0,0,0,0,0,0
부산지부,2018,성인교육,36,368,회차,0,0,0,0,0,0,0,0,0,0,0,0,0
부산지부,2018,성인교육,36,368,인원,0,0,0,0,0,0,0,0,0,0,0,0,0
부산지부,2018,성인교육,36,369,개소,0,0,0,0,0,0,0,0,0,0,0,0,0
부산지부,2018,성인교육,36,369,회차,0,0,0,0,0,0,0,0,0,0,0,0,0
부산지부,2018,성인교육,36,369,인원,0,0,0,0,0,0,0,0,0,0,0,0,0
부산지부,2018,성인교육,37,372,개소,0,0,0,0,0,0,0,0,0,0,0,0,0
부산지부,2018,성인교육,37,372,회차,0,0,0,0,0,0,0,0,0,0,0,0,0
부산지부,2018,성인교육,37,372,인원,0,0,0,0,0,0,0,0,0,0,0,0,0
부산지부,2018,성인교육,37,373,개소,0,0,0,0,0,0,0,0,0,0,0,0,0
부산지부,2018,성인교육,37,373,회차,0,0,0,0,0,0,0,0,0,0,0,0,0
부산지부,2018,성인교육,37,373,인원,0,0,0,0,0,0,0,0,0,0,0,0,0
부산지부,2018,성인교육,37,376,개소,0,0,0,0,0,0,0,0,0,0,0,0,0
부산지부,2018,성인교육,37,376,회차,0,0,0,0,0,0,0,0,0,0,0,0,0
부산지부,2018,성인교육,37,376,인원,2128,2128,2128,2128,2128,2128,2128,2128,2128,2128,2128,2131,25539
부산지부,2018,성인교육,37,378,개소,0,0,0,0,0,0,0,0,0,0,0,0,0
부산지부,2018,성인교육,37,378,회차,0,0,0,0,0,0,0,0,0,0,0,0,0
부산지부,2018,성인교육,37,378,인원,0,0,0,0,0,0,0,0,0,0,0,0,0
부산지부,2018,성인교육,37,379,개소,0,0,0,0,0,0,0,0,0,0,0,0,0
부산지부,2018,성인교육,37,379,회차,0,0,0,0,0,0,0,0,0,0,0,0,0
부산지부,2018,성인교육,37,379,인원,0,0,0,0,0,0,0,0,0,0,0,0,0
부산지부,2018,성인교육,38,381,개소,0,0,0,0,0,0,0,0,0,0,0,0,0
부산지부,2018,성인교육,38,381,회차,0,0,0,0,0,0,0,0,0,0,0,0,0
부산지부,2018,성인교육,38,381,인원,38,38,38,38,38,38,38,38,38,38,38,38,456
부산지부,2018,성인교육,38,382,개소,0,0,0,0,0,0,0,0,0,0,0,0,0
부산지부,2018,성인교육,38,382,회차,0,0,0,0,0,0,0,0,0,0,0,0,0
부산지부,2018,성인교육,38,382,인원,0,0,0,0,0,0,0,0,0,0,0,0,0
부산지부,2018,성인교육,38,386,개소,0,0,0,0,0,0,0,0,0,0,0,0,0
부산지부,2018,성인교육,38,386,회차,0,0,0,0,0,0,0,0,0,0,0,0,0
부산지부,2018,성인교육,38,386,인원,0,0,0,0,0,0,0,0,0,0,0,0,0
부산지부,2018,성인교육,38,388,개소,0,0,0,0,0,0,0,0,0,0,0,0,0
부산지부,2018,성인교육,38,388,회차,0,0,0,0,0,0,0,0,0,0,0,0,0
부산지부,2018,성인교육,38,388,인원,0,0,0,0,0,0,0,0,0,0,0,0,0
부산지부,2018,성인교육,39,392,개소,0,0,0,0,0,0,0,0,0,0,0,0,0
부산지부,2018,성인교육,39,392,회차,0,0,0,0,0,0,0,0,0,0,0,0,0
부산지부,2018,성인교육,39,392,인원,0,0,0,0,0,0,0,0,0,0,0,0,0
부산지부,2018,성인교육,39,393,개소,0,0,0,0,0,0,0,0,0,0,0,0,0
부산지부,2018,성인교육,39,393,회차,0,0,0,0,0,0,0,0,0,0,0,0,0
부산지부,2018,성인교육,39,393,인원,0,0,0,0,0,0,0,0,0,0,0,0,0
부산지부,2018,성인교육,39,396,개소,0,0,0,0,0,0,0,0,0,0,0,0,0
부산지부,2018,성인교육,39,396,회차,0,0,0,0,0,0,0,0,0,0,0,0,0
부산지부,2018,성인교육,39,396,인원,152,152,152,152,152,152,152,152,152,152,152,152,1824
부산지부,2018,성인교육,39,398,개소,0,0,0,0,0,0,0,0,0,0,0,0,0
부산지부,2018,성인교육,39,398,회차,0,0,0,0,0,0,0,0,0,0,0,0,0
부산지부,2018,성인교육,39,398,인원,0,0,0,0,0,0,0,0,0,0,0,0,0
부산지부,2018,고령자교육,41,411,개소,0,0,0,0,0,0,0,0,0,0,0,0,0
부산지부,2018,고령자교육,41,411,회차,0,0,0,0,0,0,0,0,0,0,0,0,0
부산지부,2018,고령자교육,41,411,인원,2200,2200,2200,2200,2200,2200,2200,2200,2200,2200,2200,2200,26400
부산지부,2018,고령자교육,41,412,개소,0,0,0,0,0,0,0,0,0,0,0,0,0
부산지부,2018,고령자교육,41,412,회차,0,0,0,0,0,0,0,0,0,0,0,0,0
부산지부,2018,고령자교육,41,412,인원,23,23,23,23,23,23,23,23,23,23,23,28,281
부산지부,2018,고령자교육,41,413,개소,0,0,0,0,0,0,0,0,0,0,0,0,0
부산지부,2018,고령자교육,41,413,회차,0,0,0,0,0,0,0,0,0,0,0,0,0
부산지부,2018,고령자교육,41,413,인원,0,0,0,0,0,0,0,0,0,0,0,0,0
부산지부,2018,고령자교육,41,417,개소,0,0,0,0,0,0,0,0,0,0,0,0,0
부산지부,2018,고령자교육,41,417,회차,0,0,0,0,0,0,0,0,0,0,0,0,0
부산지부,2018,고령자교육,41,417,인원,23,23,23,23,23,23,23,23,23,23,23,28,281
부산지부,2018,고령자교육,42,422,개소,0,0,0,0,0,0,0,0,0,0,0,0,0
부산지부,2018,고령자교육,42,422,회차,0,0,0,0,0,0,0,0,0,0,0,0,0
부산지부,2018,고령자교육,42,422,인원,0,0,0,0,0,0,0,0,0,0,0,0,0
부산지부,2018,고령자교육,42,423,개소,0,0,0,0,0,0,0,0,0,0,0,0,0
부산지부,2018,고령자교육,42,423,회차,0,0,0,0,0,0,0,0,0,0,0,0,0
부산지부,2018,고령자교육,42,423,인원,0,0,0,0,0,0,0,0,0,0,0,0,0
부산지부,2018,고령자교육,42,426,개소,0,0,0,0,0,0,0,0,0,0,0,0,0
부산지부,2018,고령자교육,42,426,회차,0,0,0,0,0,0,0,0,0,0,0,0,0
부산지부,2018,고령자교육,42,426,인원,62,62,62,62,62,62,62,62,62,62,62,72,754
부산지부,2018,교사교육,51,511,개소,0,0,0,0,0,0,0,0,0,0,0,0,0
부산지부,2018,교사교육,51,511,회차,0,0,0,0,0,0,0,0,0,0,0,0,0
부산지부,2018,교사교육,51,511,인원,0,0,0,0,0,0,0,0,0,0,0,0,0
부산지부,2018,교사교육,51,512,개소,0,0,0,0,0,0,0,0,0,0,0,0,0
부산지부,2018,교사교육,51,512,회차,0,0,0,0,0,0,0,0,0,0,0,0,0
부산지부,2018,교사교육,51,512,인원,0,0,0,0,0,0,0,0,0,0,0,0,0
부산지부,2018,교사교육,51,516,개소,0,0,0,0,0,0,0,0,0,0,0,0,0
부산지부,2018,교사교육,51,516,회차,0,0,0,0,0,0,0,0,0,0,0,0,0
부산지부,2018,교사교육,51,516,인원,0,0,0,0,0,0,0,0,0,0,0,0,0
부산지부,2018,교사교육,52,521,개소,0,0,0,0,0,0,0,0,0,0,0,0,0
부산지부,2018,교사교육,52,521,회차,0,0,0,0,0,0,0,0,0,0,0,0,0
부산지부,2018,교사교육,52,521,인원,0,0,0,0,0,0,0,0,0,0,0,0,0
부산지부,2018,교사교육,52,522,개소,0,0,0,0,0,0,0,0,0,0,0,0,0
부산지부,2018,교사교육,52,522,회차,0,0,0,0,0,0,0,0,0,0,0,0,0
부산지부,2018,교사교육,52,522,인원,0,0,0,0,0,0,0,0,0,0,0,0,0
부산지부,2018,교사교육,52,526,개소,0,0,0,0,0,0,0,0,0,0,0,0,0
부산지부,2018,교사교육,52,526,회차,0,0,0,0,0,0,0,0,0,0,0,0,0
부산지부,2018,교사교육,52,526,인원,44,44,44,44,44,44,44,44,44,44,44,44,528
부산지부,2018,교사교육,53,531,개소,0,0,0,0,0,0,0,0,0,0,0,0,0
부산지부,2018,교사교육,53,531,회차,0,0,0,0,0,0,0,0,0,0,0,0,0
부산지부,2018,교사교육,53,531,인원,0,0,0,0,0,0,0,0,0,0,0,0,0
부산지부,2018,교사교육,53,532,개소,0,0,0,0,0,0,0,0,0,0,0,0,0
부산지부,2018,교사교육,53,532,회차,0,0,0,0,0,0,0,0,0,0,0,0,0
부산지부,2018,교사교육,53,532,인원,0,0,0,0,0,0,0,0,0,0,0,0,0
부산지부,2018,교사교육,53,536,개소,0,0,0,0,0,0,0,0,0,0,0,0,0
부산지부,2018,교사교육,53,536,회차,0,0,0,0,0,0,0,0,0,0,0,0,0
부산지부,2018,교사교육,53,536,인원,22,22,22,22,22,22,22,22,22,22,22,22,264
부산지부,2018,교사교육,54,541,개소,0,0,0,0,0,0,0,0,0,0,0,0,0
부산지부,2018,교사교육,54,541,회차,0,0,0,0,0,0,0,0,0,0,0,0,0
부산지부,2018,교사교육,54,541,인원,0,0,0,0,0,0,0,0,0,0,0,0,0
부산지부,2018,교사교육,54,542,개소,0,0,0,0,0,0,0,0,0,0,0,0,0
부산지부,2018,교사교육,54,542,회차,0,0,0,0,0,0,0,0,0,0,0,0,0
부산지부,2018,교사교육,54,542,인원,0,0,0,0,0,0,0,0,0,0,0,0,0
부산지부,2018,교사교육,54,543,개소,0,0,0,0,0,0,0,0,0,0,0,0,0
부산지부,2018,교사교육,54,543,회차,0,0,0,0,0,0,0,0,0,0,0,0,0
부산지부,2018,교사교육,54,543,인원,0,0,0,0,0,0,0,0,0,0,0,0,0
부산지부,2018,교사교육,54,546,개소,0,0,0,0,0,0,0,0,0,0,0,0,0
부산지부,2018,교사교육,54,546,회차,0,0,0,0,0,0,0,0,0,0,0,0,0
부산지부,2018,교사교육,54,546,인원,22,22,22,22,22,22,22,22,22,22,22,22,264
부산지부,2019,어린이교육,11,111,개소,0,0,0,0,0,0,0,0,0,0,0,0,0
부산지부,2019,어린이교육,11,111,회차,0,0,0,0,0,0,0,0,0,0,0,0,0
부산지부,2019,어린이교육,11,111,인원,0,0,0,0,0,0,0,0,0,0,0,0,0
부산지부,2019,어린이교육,11,112,개소,0,0,0,0,0,0,0,0,0,0,0,0,0
부산지부,2019,어린이교육,11,112,회차,0,0,0,0,0,0,0,0,0,0,0,0,0
부산지부,2019,어린이교육,11,112,인원,0,0,0,0,0,0,0,0,0,0,0,0,0
부산지부,2019,어린이교육,11,113,개소,0,0,0,0,0,0,0,0,0,0,0,0,0
부산지부,2019,어린이교육,11,113,회차,0,0,0,0,0,0,0,0,0,0,0,0,0
부산지부,2019,어린이교육,11,113,인원,0,0,0,0,0,0,0,0,0,0,0,0,0
부산지부,2019,어린이교육,11,114,개소,0,0,0,0,0,0,0,0,0,0,0,0,0
부산지부,2019,어린이교육,11,114,회차,0,0,0,0,0,0,0,0,0,0,0,0,0
부산지부,2019,어린이교육,11,114,인원,0,0,0,0,0,0,0,0,0,0,0,0,0
부산지부,2019,어린이교육,12,121,개소,0,0,0,0,0,0,0,0,0,0,0,0,0
부산지부,2019,어린이교육,12,121,회차,0,0,0,0,0,0,0,0,0,0,0,0,0
부산지부,2019,어린이교육,12,121,인원,0,0,0,0,0,0,0,0,0,0,0,0,0
부산지부,2019,어린이교육,12,122,개소,0,0,0,0,0,0,0,0,0,0,0,0,0
부산지부,2019,어린이교육,12,122,회차,0,0,0,0,0,0,0,0,0,0,0,0,0
부산지부,2019,어린이교육,12,122,인원,0,0,0,0,0,0,0,0,0,0,0,0,0
부산지부,2019,어린이교육,12,124,개소,0,0,0,0,0,0,0,0,0,0,0,0,0
부산지부,2019,어린이교육,12,124,회차,0,0,0,0,0,0,0,0,0,0,0,0,0
부산지부,2019,어린이교육,12,124,인원,0,0,0,0,0,0,0,0,0,0,0,0,0
부산지부,2019,어린이교육,12,127,개소,0,0,0,0,0,0,0,0,0,0,0,0,0
부산지부,2019,어린이교육,12,127,회차,0,0,0,0,0,0,0,0,0,0,0,0,0
부산지부,2019,어린이교육,12,127,인원,0,0,0,0,0,0,0,0,0,0,0,0,0
부산지부,2019,어린이교육,13,131,개소,0,0,0,0,0,0,0,0,0,0,0,0,0
부산지부,2019,어린이교육,13,131,회차,0,0,0,0,0,0,0,0,0,0,0,0,0
부산지부,2019,어린이교육,13,131,인원,0,0,0,0,0,0,0,0,0,0,0,0,0
부산지부,2019,어린이교육,13,132,개소,0,0,0,0,0,0,0,0,0,0,0,0,0
부산지부,2019,어린이교육,13,132,회차,0,0,0,0,0,0,0,0,0,0,0,0,0
부산지부,2019,어린이교육,13,132,인원,0,0,0,0,0,0,0,0,0,0,0,0,0
부산지부,2019,어린이교육,13,134,개소,0,0,0,0,0,0,0,0,0,0,0,0,0
부산지부,2019,어린이교육,13,134,회차,0,0,0,0,0,0,0,0,0,0,0,0,0
부산지부,2019,어린이교육,13,134,인원,0,0,0,0,0,0,0,0,0,0,0,0,0
부산지부,2019,어린이교육,13,137,개소,0,0,0,0,0,0,0,0,0,0,0,0,0
부산지부,2019,어린이교육,13,137,회차,0,0,0,0,0,0,0,0,0,0,0,0,0
부산지부,2019,어린이교육,13,137,인원,0,0,0,0,0,0,0,0,0,0,0,0,0
부산지부,2019,어린이교육,14,141,개소,0,0,0,0,0,0,0,0,0,0,0,0,0
부산지부,2019,어린이교육,14,141,회차,0,0,0,0,0,0,0,0,0,0,0,0,0
부산지부,2019,어린이교육,14,141,인원,0,0,0,0,0,0,0,0,0,0,0,0,0
부산지부,2019,어린이교육,14,142,개소,0,0,0,0,0,0,0,0,0,0,0,0,0
부산지부,2019,어린이교육,14,142,회차,0,0,0,0,0,0,0,0,0,0,0,0,0
부산지부,2019,어린이교육,14,142,인원,0,0,0,0,0,0,0,0,0,0,0,0,0
부산지부,2019,어린이교육,14,144,개소,0,0,0,0,0,0,0,0,0,0,0,0,0
부산지부,2019,어린이교육,14,144,회차,0,0,0,0,0,0,0,0,0,0,0,0,0
부산지부,2019,어린이교육,14,144,인원,0,0,0,0,0,0,0,0,0,0,0,0,0
부산지부,2019,어린이교육,14,147,개소,0,0,0,0,0,0,0,0,0,0,0,0,0
부산지부,2019,어린이교육,14,147,회차,0,0,0,0,0,0,0,0,0,0,0,0,0
부산지부,2019,어린이교육,14,147,인원,0,0,0,0,0,0,0,0,0,0,0,0,0
부산지부,2019,청소년교육,21,211,개소,0,0,0,0,0,0,0,0,0,0,0,0,0
부산지부,2019,청소년교육,21,211,회차,0,0,0,0,0,0,0,0,0,0,0,0,0
부산지부,2019,청소년교육,21,211,인원,0,0,0,0,0,0,0,0,0,0,0,0,0
부산지부,2019,청소년교육,21,212,개소,0,0,0,0,0,0,0,0,0,0,0,0,0
부산지부,2019,청소년교육,21,212,회차,0,0,0,0,0,0,0,0,0,0,0,0,0
부산지부,2019,청소년교육,21,212,인원,0,0,0,0,0,0,0,0,0,0,0,0,0
부산지부,2019,청소년교육,21,214,개소,0,0,0,0,0,0,0,0,0,0,0,0,0
부산지부,2019,청소년교육,21,214,회차,0,0,0,0,0,0,0,0,0,0,0,0,0
부산지부,2019,청소년교육,21,214,인원,0,0,0,0,0,0,0,0,0,0,0,0,0
부산지부,2019,청소년교육,21,217,개소,0,0,0,0,0,0,0,0,0,0,0,0,0
부산지부,2019,청소년교육,21,217,회차,0,0,0,0,0,0,0,0,0,0,0,0,0
부산지부,2019,청소년교육,21,217,인원,0,0,0,0,0,0,0,0,0,0,0,0,0
부산지부,2019,청소년교육,21,218,개소,0,0,0,0,0,0,0,0,0,0,0,0,0
부산지부,2019,청소년교육,21,218,회차,0,0,0,0,0,0,0,0,0,0,0,0,0
부산지부,2019,청소년교육,21,218,인원,0,0,0,0,0,0,0,0,0,0,0,0,0
부산지부,2019,청소년교육,22,221,개소,0,0,0,0,0,0,0,0,0,0,0,0,0
부산지부,2019,청소년교육,22,221,회차,0,0,0,0,0,0,0,0,0,0,0,0,0
부산지부,2019,청소년교육,22,221,인원,0,0,0,0,0,0,0,0,0,0,0,0,0
부산지부,2019,청소년교육,22,222,개소,0,0,0,0,0,0,0,0,0,0,0,0,0
부산지부,2019,청소년교육,22,222,회차,0,0,0,0,0,0,0,0,0,0,0,0,0
부산지부,2019,청소년교육,22,222,인원,0,0,0,0,0,0,0,0,0,0,0,0,0
부산지부,2019,청소년교육,22,223,개소,0,0,0,0,0,0,0,0,0,0,0,0,0
부산지부,2019,청소년교육,22,223,회차,0,0,0,0,0,0,0,0,0,0,0,0,0
부산지부,2019,청소년교육,22,223,인원,0,0,0,0,0,0,0,0,0,0,0,0,0
부산지부,2019,청소년교육,22,224,개소,0,0,0,0,0,0,0,0,0,0,0,0,0
부산지부,2019,청소년교육,22,224,회차,0,0,0,0,0,0,0,0,0,0,0,0,0
부산지부,2019,청소년교육,22,224,인원,0,0,0,0,0,0,0,0,0,0,0,0,0
부산지부,2019,청소년교육,22,226,개소,0,0,0,0,0,0,0,0,0,0,0,0,0
부산지부,2019,청소년교육,22,226,회차,0,0,0,0,0,0,0,0,0,0,0,0,0
부산지부,2019,청소년교육,22,226,인원,0,0,0,0,0,0,0,0,0,0,0,0,0
부산지부,2019,청소년교육,22,227,개소,0,0,0,0,0,0,0,0,0,0,0,0,0
부산지부,2019,청소년교육,22,227,회차,0,0,0,0,0,0,0,0,0,0,0,0,0
부산지부,2019,청소년교육,22,227,인원,0,0,0,0,0,0,0,0,0,0,0,0,0
부산지부,2019,청소년교육,22,228,개소,0,0,0,0,0,0,0,0,0,0,0,0,0
부산지부,2019,청소년교육,22,228,회차,0,0,0,0,0,0,0,0,0,0,0,0,0
부산지부,2019,청소년교육,22,228,인원,0,0,0,0,0,0,0,0,0,0,0,0,0
부산지부,2019,성인교육,31,312,개소,0,0,0,0,0,0,0,0,0,0,0,0,0
부산지부,2019,성인교육,31,312,회차,0,0,0,0,0,0,0,0,0,0,0,0,0
부산지부,2019,성인교육,31,312,인원,0,0,0,0,0,0,0,0,0,0,0,0,0
부산지부,2019,성인교육,31,313,개소,0,0,0,0,0,0,0,0,0,0,0,0,0
부산지부,2019,성인교육,31,313,회차,0,0,0,0,0,0,0,0,0,0,0,0,0
부산지부,2019,성인교육,31,313,인원,0,0,0,0,0,0,0,0,0,0,0,0,0
부산지부,2019,성인교육,31,314,개소,0,0,0,0,0,0,0,0,0,0,0,0,0
부산지부,2019,성인교육,31,314,회차,0,0,0,0,0,0,0,0,0,0,0,0,0
부산지부,2019,성인교육,31,314,인원,0,0,0,0,0,0,0,0,0,0,0,0,0
부산지부,2019,성인교육,31,316,개소,0,0,0,0,0,0,0,0,0,0,0,0,0
부산지부,2019,성인교육,31,316,회차,0,0,0,0,0,0,0,0,0,0,0,0,0
부산지부,2019,성인교육,31,316,인원,0,0,0,0,0,0,0,0,0,0,0,0,0
부산지부,2019,성인교육,31,317,개소,0,0,0,0,0,0,0,0,0,0,0,0,0
부산지부,2019,성인교육,31,317,회차,0,0,0,0,0,0,0,0,0,0,0,0,0
부산지부,2019,성인교육,31,317,인원,0,0,0,0,0,0,0,0,0,0,0,0,0
부산지부,2019,성인교육,31,318,개소,0,0,0,0,0,0,0,0,0,0,0,0,0
부산지부,2019,성인교육,31,318,회차,0,0,0,0,0,0,0,0,0,0,0,0,0
부산지부,2019,성인교육,31,318,인원,0,0,0,0,0,0,0,0,0,0,0,0,0
부산지부,2019,성인교육,31,319,개소,0,0,0,0,0,0,0,0,0,0,0,0,0
부산지부,2019,성인교육,31,319,회차,0,0,0,0,0,0,0,0,0,0,0,0,0
부산지부,2019,성인교육,31,319,인원,0,0,0,0,0,0,0,0,0,0,0,0,0
부산지부,2019,성인교육,32,322,개소,0,0,0,0,0,0,0,0,0,0,0,0,0
부산지부,2019,성인교육,32,322,회차,0,0,0,0,0,0,0,0,0,0,0,0,0
부산지부,2019,성인교육,32,322,인원,0,0,0,0,0,0,0,0,0,0,0,0,0
부산지부,2019,성인교육,32,323,개소,0,0,0,0,0,0,0,0,0,0,0,0,0
부산지부,2019,성인교육,32,323,회차,0,0,0,0,0,0,0,0,0,0,0,0,0
부산지부,2019,성인교육,32,323,인원,0,0,0,0,0,0,0,0,0,0,0,0,0
부산지부,2019,성인교육,32,326,개소,0,0,0,0,0,0,0,0,0,0,0,0,0
부산지부,2019,성인교육,32,326,회차,0,0,0,0,0,0,0,0,0,0,0,0,0
부산지부,2019,성인교육,32,326,인원,0,0,0,0,0,0,0,0,0,0,0,0,0
부산지부,2019,성인교육,32,328,개소,0,0,0,0,0,0,0,0,0,0,0,0,0
부산지부,2019,성인교육,32,328,회차,0,0,0,0,0,0,0,0,0,0,0,0,0
부산지부,2019,성인교육,32,328,인원,0,0,0,0,0,0,0,0,0,0,0,0,0
부산지부,2019,성인교육,32,329,개소,0,0,0,0,0,0,0,0,0,0,0,0,0
부산지부,2019,성인교육,32,329,회차,0,0,0,0,0,0,0,0,0,0,0,0,0
부산지부,2019,성인교육,32,329,인원,0,0,0,0,0,0,0,0,0,0,0,0,0
부산지부,2019,성인교육,33,332,개소,0,0,0,0,0,0,0,0,0,0,0,0,0
부산지부,2019,성인교육,33,332,회차,0,0,0,0,0,0,0,0,0,0,0,0,0
부산지부,2019,성인교육,33,332,인원,0,0,0,0,0,0,0,0,0,0,0,0,0
부산지부,2019,성인교육,33,333,개소,0,0,0,0,0,0,0,0,0,0,0,0,0
부산지부,2019,성인교육,33,333,회차,0,0,0,0,0,0,0,0,0,0,0,0,0
부산지부,2019,성인교육,33,333,인원,0,0,0,0,0,0,0,0,0,0,0,0,0
부산지부,2019,성인교육,33,336,개소,0,0,0,0,0,0,0,0,0,0,0,0,0
부산지부,2019,성인교육,33,336,회차,0,0,0,0,0,0,0,0,0,0,0,0,0
부산지부,2019,성인교육,33,336,인원,0,0,0,0,0,0,0,0,0,0,0,0,0
부산지부,2019,성인교육,33,338,개소,0,0,0,0,0,0,0,0,0,0,0,0,0
부산지부,2019,성인교육,33,338,회차,0,0,0,0,0,0,0,0,0,0,0,0,0
부산지부,2019,성인교육,33,338,인원,0,0,0,0,0,0,0,0,0,0,0,0,0
부산지부,2019,성인교육,33,339,개소,0,0,0,0,0,0,0,0,0,0,0,0,0
부산지부,2019,성인교육,33,339,회차,0,0,0,0,0,0,0,0,0,0,0,0,0
부산지부,2019,성인교육,33,339,인원,0,0,0,0,0,0,0,0,0,0,0,0,0
부산지부,2019,성인교육,34,342,개소,0,0,0,0,0,0,0,0,0,0,0,0,0
부산지부,2019,성인교육,34,342,회차,0,0,0,0,0,0,0,0,0,0,0,0,0
부산지부,2019,성인교육,34,342,인원,0,0,0,0,0,0,0,0,0,0,0,0,0
부산지부,2019,성인교육,34,343,개소,0,0,0,0,0,0,0,0,0,0,0,0,0
부산지부,2019,성인교육,34,343,회차,0,0,0,0,0,0,0,0,0,0,0,0,0
부산지부,2019,성인교육,34,343,인원,0,0,0,0,0,0,0,0,0,0,0,0,0
부산지부,2019,성인교육,34,346,개소,0,0,0,0,0,0,0,0,0,0,0,0,0
부산지부,2019,성인교육,34,346,회차,0,0,0,0,0,0,0,0,0,0,0,0,0
부산지부,2019,성인교육,34,346,인원,0,0,0,0,0,0,0,0,0,0,0,0,0
부산지부,2019,성인교육,34,348,개소,0,0,0,0,0,0,0,0,0,0,0,0,0
부산지부,2019,성인교육,34,348,회차,0,0,0,0,0,0,0,0,0,0,0,0,0
부산지부,2019,성인교육,34,348,인원,0,0,0,0,0,0,0,0,0,0,0,0,0
부산지부,2019,성인교육,34,349,개소,0,0,0,0,0,0,0,0,0,0,0,0,0
부산지부,2019,성인교육,34,349,회차,0,0,0,0,0,0,0,0,0,0,0,0,0
부산지부,2019,성인교육,34,349,인원,0,0,0,0,0,0,0,0,0,0,0,0,0
부산지부,2019,성인교육,35,352,개소,0,0,0,0,0,0,0,0,0,0,0,0,0
부산지부,2019,성인교육,35,352,회차,0,0,0,0,0,0,0,0,0,0,0,0,0
부산지부,2019,성인교육,35,352,인원,0,0,0,0,0,0,0,0,0,0,0,0,0
부산지부,2019,성인교육,35,353,개소,0,0,0,0,0,0,0,0,0,0,0,0,0
부산지부,2019,성인교육,35,353,회차,0,0,0,0,0,0,0,0,0,0,0,0,0
부산지부,2019,성인교육,35,353,인원,0,0,0,0,0,0,0,0,0,0,0,0,0
부산지부,2019,성인교육,35,356,개소,0,0,0,0,0,0,0,0,0,0,0,0,0
부산지부,2019,성인교육,35,356,회차,0,0,0,0,0,0,0,0,0,0,0,0,0
부산지부,2019,성인교육,35,356,인원,0,0,0,0,0,0,0,0,0,0,0,0,0
부산지부,2019,성인교육,35,358,개소,0,0,0,0,0,0,0,0,0,0,0,0,0
부산지부,2019,성인교육,35,358,회차,0,0,0,0,0,0,0,0,0,0,0,0,0
부산지부,2019,성인교육,35,358,인원,0,0,0,0,0,0,0,0,0,0,0,0,0
부산지부,2019,성인교육,35,359,개소,0,0,0,0,0,0,0,0,0,0,0,0,0
부산지부,2019,성인교육,35,359,회차,0,0,0,0,0,0,0,0,0,0,0,0,0
부산지부,2019,성인교육,35,359,인원,0,0,0,0,0,0,0,0,0,0,0,0,0
부산지부,2019,성인교육,36,362,개소,0,0,0,0,0,0,0,0,0,0,0,0,0
부산지부,2019,성인교육,36,362,회차,0,0,0,0,0,0,0,0,0,0,0,0,0
부산지부,2019,성인교육,36,362,인원,0,0,0,0,0,0,0,0,0,0,0,0,0
부산지부,2019,성인교육,36,363,개소,0,0,0,0,0,0,0,0,0,0,0,0,0
부산지부,2019,성인교육,36,363,회차,0,0,0,0,0,0,0,0,0,0,0,0,0
부산지부,2019,성인교육,36,363,인원,0,0,0,0,0,0,0,0,0,0,0,0,0
부산지부,2019,성인교육,36,365,개소,0,0,0,0,0,0,0,0,0,0,0,0,0
부산지부,2019,성인교육,36,365,회차,0,0,0,0,0,0,0,0,0,0,0,0,0
부산지부,2019,성인교육,36,365,인원,0,0,0,0,0,0,0,0,0,0,0,0,0
부산지부,2019,성인교육,36,366,개소,0,0,0,0,0,0,0,0,0,0,0,0,0
부산지부,2019,성인교육,36,366,회차,0,0,0,0,0,0,0,0,0,0,0,0,0
부산지부,2019,성인교육,36,366,인원,0,0,0,0,0,0,0,0,0,0,0,0,0
부산지부,2019,성인교육,36,368,개소,0,0,0,0,0,0,0,0,0,0,0,0,0
부산지부,2019,성인교육,36,368,회차,0,0,0,0,0,0,0,0,0,0,0,0,0
부산지부,2019,성인교육,36,368,인원,0,0,0,0,0,0,0,0,0,0,0,0,0
부산지부,2019,성인교육,36,369,개소,0,0,0,0,0,0,0,0,0,0,0,0,0
부산지부,2019,성인교육,36,369,회차,0,0,0,0,0,0,0,0,0,0,0,0,0
부산지부,2019,성인교육,36,369,인원,0,0,0,0,0,0,0,0,0,0,0,0,0
부산지부,2019,성인교육,37,372,개소,0,0,0,0,0,0,0,0,0,0,0,0,0
부산지부,2019,성인교육,37,372,회차,0,0,0,0,0,0,0,0,0,0,0,0,0
부산지부,2019,성인교육,37,372,인원,0,0,0,0,0,0,0,0,0,0,0,0,0
부산지부,2019,성인교육,37,373,개소,0,0,0,0,0,0,0,0,0,0,0,0,0
부산지부,2019,성인교육,37,373,회차,0,0,0,0,0,0,0,0,0,0,0,0,0
부산지부,2019,성인교육,37,373,인원,0,0,0,0,0,0,0,0,0,0,0,0,0
부산지부,2019,성인교육,37,376,개소,0,0,0,0,0,0,0,0,0,0,0,0,0
부산지부,2019,성인교육,37,376,회차,0,0,0,0,0,0,0,0,0,0,0,0,0
부산지부,2019,성인교육,37,376,인원,0,0,0,0,0,0,0,0,0,0,0,0,0
부산지부,2019,성인교육,37,378,개소,0,0,0,0,0,0,0,0,0,0,0,0,0
부산지부,2019,성인교육,37,378,회차,0,0,0,0,0,0,0,0,0,0,0,0,0
부산지부,2019,성인교육,37,378,인원,0,0,0,0,0,0,0,0,0,0,0,0,0
부산지부,2019,성인교육,37,379,개소,0,0,0,0,0,0,0,0,0,0,0,0,0
부산지부,2019,성인교육,37,379,회차,0,0,0,0,0,0,0,0,0,0,0,0,0
부산지부,2019,성인교육,37,379,인원,0,0,0,0,0,0,0,0,0,0,0,0,0
부산지부,2019,성인교육,38,381,개소,0,0,0,0,0,0,0,0,0,0,0,0,0
부산지부,2019,성인교육,38,381,회차,0,0,0,0,0,0,0,0,0,0,0,0,0
부산지부,2019,성인교육,38,381,인원,0,0,0,0,0,0,0,0,0,0,0,0,0
부산지부,2019,성인교육,38,382,개소,0,0,0,0,0,0,0,0,0,0,0,0,0
부산지부,2019,성인교육,38,382,회차,0,0,0,0,0,0,0,0,0,0,0,0,0
부산지부,2019,성인교육,38,382,인원,0,0,0,0,0,0,0,0,0,0,0,0,0
부산지부,2019,성인교육,38,386,개소,0,0,0,0,0,0,0,0,0,0,0,0,0
부산지부,2019,성인교육,38,386,회차,0,0,0,0,0,0,0,0,0,0,0,0,0
부산지부,2019,성인교육,38,386,인원,0,0,0,0,0,0,0,0,0,0,0,0,0
부산지부,2019,성인교육,38,388,개소,0,0,0,0,0,0,0,0,0,0,0,0,0
부산지부,2019,성인교육,38,388,회차,0,0,0,0,0,0,0,0,0,0,0,0,0
부산지부,2019,성인교육,38,388,인원,0,0,0,0,0,0,0,0,0,0,0,0,0
부산지부,2019,성인교육,39,392,개소,0,0,0,0,0,0,0,0,0,0,0,0,0
부산지부,2019,성인교육,39,392,회차,0,0,0,0,0,0,0,0,0,0,0,0,0
부산지부,2019,성인교육,39,392,인원,0,0,0,0,0,0,0,0,0,0,0,0,0
부산지부,2019,성인교육,39,393,개소,0,0,0,0,0,0,0,0,0,0,0,0,0
부산지부,2019,성인교육,39,393,회차,0,0,0,0,0,0,0,0,0,0,0,0,0
부산지부,2019,성인교육,39,393,인원,0,0,0,0,0,0,0,0,0,0,0,0,0
부산지부,2019,성인교육,39,396,개소,0,0,0,0,0,0,0,0,0,0,0,0,0
부산지부,2019,성인교육,39,396,회차,0,0,0,0,0,0,0,0,0,0,0,0,0
부산지부,2019,성인교육,39,396,인원,0,0,0,0,0,0,0,0,0,0,0,0,0
부산지부,2019,성인교육,39,398,개소,0,0,0,0,0,0,0,0,0,0,0,0,0
부산지부,2019,성인교육,39,398,회차,0,0,0,0,0,0,0,0,0,0,0,0,0
부산지부,2019,성인교육,39,398,인원,0,0,0,0,0,0,0,0,0,0,0,0,0
부산지부,2019,고령자교육,41,411,개소,0,0,0,0,0,0,0,0,0,0,0,0,0
부산지부,2019,고령자교육,41,411,회차,0,0,0,0,0,0,0,0,0,0,0,0,0
부산지부,2019,고령자교육,41,411,인원,0,0,0,0,0,0,0,0,0,0,0,0,0
부산지부,2019,고령자교육,41,412,개소,0,0,0,0,0,0,0,0,0,0,0,0,0
부산지부,2019,고령자교육,41,412,회차,0,0,0,0,0,0,0,0,0,0,0,0,0
부산지부,2019,고령자교육,41,412,인원,0,0,0,0,0,0,0,0,0,0,0,0,0
부산지부,2019,고령자교육,41,413,개소,0,0,0,0,0,0,0,0,0,0,0,0,0
부산지부,2019,고령자교육,41,413,회차,0,0,0,0,0,0,0,0,0,0,0,0,0
부산지부,2019,고령자교육,41,413,인원,0,0,0,0,0,0,0,0,0,0,0,0,0
부산지부,2019,고령자교육,41,417,개소,0,0,0,0,0,0,0,0,0,0,0,0,0
부산지부,2019,고령자교육,41,417,회차,0,0,0,0,0,0,0,0,0,0,0,0,0
부산지부,2019,고령자교육,41,417,인원,0,0,0,0,0,0,0,0,0,0,0,0,0
부산지부,2019,고령자교육,42,422,개소,0,0,0,0,0,0,0,0,0,0,0,0,0
부산지부,2019,고령자교육,42,422,회차,0,0,0,0,0,0,0,0,0,0,0,0,0
부산지부,2019,고령자교육,42,422,인원,0,0,0,0,0,0,0,0,0,0,0,0,0
부산지부,2019,고령자교육,42,423,개소,0,0,0,0,0,0,0,0,0,0,0,0,0
부산지부,2019,고령자교육,42,423,회차,0,0,0,0,0,0,0,0,0,0,0,0,0
부산지부,2019,고령자교육,42,423,인원,0,0,0,0,0,0,0,0,0,0,0,0,0
부산지부,2019,고령자교육,42,426,개소,0,0,0,0,0,0,0,0,0,0,0,0,0
부산지부,2019,고령자교육,42,426,회차,0,0,0,0,0,0,0,0,0,0,0,0,0
부산지부,2019,고령자교육,42,426,인원,0,0,0,0,0,0,0,0,0,0,0,0,0
부산지부,2020,어린이교육,11,111,개소,0,0,0,0,0,0,0,0,0,0,0,0,0
부산지부,2020,어린이교육,11,111,회차,0,0,0,0,0,0,0,0,0,0,0,0,0
부산지부,2020,어린이교육,11,111,인원,0,0,0,0,0,0,0,0,0,0,0,0,0
부산지부,2020,어린이교육,11,112,개소,0,0,0,0,0,0,0,0,0,0,0,0,0
부산지부,2020,어린이교육,11,112,회차,0,0,0,0,0,0,0,0,0,0,0,0,0
부산지부,2020,어린이교육,11,112,인원,0,0,0,0,0,0,0,0,0,0,0,0,0
부산지부,2020,어린이교육,11,113,개소,0,0,0,0,0,0,0,0,0,0,0,0,0
부산지부,2020,어린이교육,11,113,회차,0,0,0,0,0,0,0,0,0,0,0,0,0
부산지부,2020,어린이교육,11,113,인원,0,0,0,0,0,0,0,0,0,0,0,0,0
부산지부,2020,어린이교육,11,114,개소,0,0,0,0,0,0,0,0,0,0,0,0,0
부산지부,2020,어린이교육,11,114,회차,0,0,0,0,0,0,0,0,0,0,0,0,0
부산지부,2020,어린이교육,11,114,인원,0,0,0,0,0,0,0,0,0,0,0,0,0
부산지부,2020,어린이교육,12,121,개소,0,0,0,0,0,0,0,0,0,0,0,0,0
부산지부,2020,어린이교육,12,121,회차,0,0,0,0,0,0,0,0,0,0,0,0,0
부산지부,2020,어린이교육,12,121,인원,0,0,0,0,0,0,0,0,0,0,0,0,0
부산지부,2020,어린이교육,12,122,개소,0,0,0,0,0,0,0,0,0,0,0,0,0
부산지부,2020,어린이교육,12,122,회차,0,0,0,0,0,0,0,0,0,0,0,0,0
부산지부,2020,어린이교육,12,122,인원,0,0,0,0,0,0,0,0,0,0,0,0,0
부산지부,2020,어린이교육,12,124,개소,0,0,0,0,0,0,0,0,0,0,0,0,0
부산지부,2020,어린이교육,12,124,회차,0,0,0,0,0,0,0,0,0,0,0,0,0
부산지부,2020,어린이교육,12,124,인원,0,0,0,0,0,0,0,0,0,0,0,0,0
부산지부,2020,어린이교육,12,127,개소,0,0,0,0,0,0,0,0,0,0,0,0,0
부산지부,2020,어린이교육,12,127,회차,0,0,0,0,0,0,0,0,0,0,0,0,0
부산지부,2020,어린이교육,12,127,인원,0,0,0,0,0,0,0,0,0,0,0,0,0
부산지부,2020,어린이교육,13,131,개소,0,0,0,0,0,0,0,0,0,0,0,0,0
부산지부,2020,어린이교육,13,131,회차,0,0,0,0,0,0,0,0,0,0,0,0,0
부산지부,2020,어린이교육,13,131,인원,0,0,0,0,0,0,0,0,0,0,0,0,0
부산지부,2020,어린이교육,13,132,개소,0,0,0,0,0,0,0,0,0,0,0,0,0
부산지부,2020,어린이교육,13,132,회차,0,0,0,0,0,0,0,0,0,0,0,0,0
부산지부,2020,어린이교육,13,132,인원,0,0,0,0,0,0,0,0,0,0,0,0,0
부산지부,2020,어린이교육,13,134,개소,0,0,0,0,0,0,0,0,0,0,0,0,0
부산지부,2020,어린이교육,13,134,회차,0,0,0,0,0,0,0,0,0,0,0,0,0
부산지부,2020,어린이교육,13,134,인원,0,0,0,0,0,0,0,0,0,0,0,0,0
부산지부,2020,어린이교육,13,137,개소,0,0,0,0,0,0,0,0,0,0,0,0,0
부산지부,2020,어린이교육,13,137,회차,0,0,0,0,0,0,0,0,0,0,0,0,0
부산지부,2020,어린이교육,13,137,인원,0,0,0,0,0,0,0,0,0,0,0,0,0
부산지부,2020,어린이교육,14,141,개소,0,0,0,0,0,0,0,0,0,0,0,0,0
부산지부,2020,어린이교육,14,141,회차,0,0,0,0,0,0,0,0,0,0,0,0,0
부산지부,2020,어린이교육,14,141,인원,0,0,0,0,0,0,0,0,0,0,0,0,0
부산지부,2020,어린이교육,14,142,개소,0,0,0,0,0,0,0,0,0,0,0,0,0
부산지부,2020,어린이교육,14,142,회차,0,0,0,0,0,0,0,0,0,0,0,0,0
부산지부,2020,어린이교육,14,142,인원,0,0,0,0,0,0,0,0,0,0,0,0,0
부산지부,2020,어린이교육,14,144,개소,0,0,0,0,0,0,0,0,0,0,0,0,0
부산지부,2020,어린이교육,14,144,회차,0,0,0,0,0,0,0,0,0,0,0,0,0
부산지부,2020,어린이교육,14,144,인원,0,0,0,0,0,0,0,0,0,0,0,0,0
부산지부,2020,어린이교육,14,147,개소,0,0,0,0,0,0,0,0,0,0,0,0,0
부산지부,2020,어린이교육,14,147,회차,0,0,0,0,0,0,0,0,0,0,0,0,0
부산지부,2020,어린이교육,14,147,인원,0,0,0,0,0,0,0,0,0,0,0,0,0
부산지부,2020,청소년교육,21,211,개소,0,0,0,0,0,0,0,0,0,0,0,0,0
부산지부,2020,청소년교육,21,211,회차,0,0,0,0,0,0,0,0,0,0,0,0,0
부산지부,2020,청소년교육,21,211,인원,0,0,0,0,0,0,0,0,0,0,0,0,0
부산지부,2020,청소년교육,21,212,개소,0,0,0,0,0,0,0,0,0,0,0,0,0
부산지부,2020,청소년교육,21,212,회차,0,0,0,0,0,0,0,0,0,0,0,0,0
부산지부,2020,청소년교육,21,212,인원,0,0,0,0,0,0,0,0,0,0,0,0,0
부산지부,2020,청소년교육,21,214,개소,0,0,0,0,0,0,0,0,0,0,0,0,0
부산지부,2020,청소년교육,21,214,회차,0,0,0,0,0,0,0,0,0,0,0,0,0
부산지부,2020,청소년교육,21,214,인원,0,0,0,0,0,0,0,0,0,0,0,0,0
부산지부,2020,청소년교육,21,217,개소,0,0,0,0,0,0,0,0,0,0,0,0,0
부산지부,2020,청소년교육,21,217,회차,0,0,0,0,0,0,0,0,0,0,0,0,0
부산지부,2020,청소년교육,21,217,인원,0,0,0,0,0,0,0,0,0,0,0,0,0
부산지부,2020,청소년교육,21,218,개소,0,0,0,0,0,0,0,0,0,0,0,0,0
부산지부,2020,청소년교육,21,218,회차,0,0,0,0,0,0,0,0,0,0,0,0,0
부산지부,2020,청소년교육,21,218,인원,0,0,0,0,0,0,0,0,0,0,0,0,0
부산지부,2020,청소년교육,22,221,개소,0,0,0,0,0,0,0,0,0,0,0,0,0
부산지부,2020,청소년교육,22,221,회차,0,0,0,0,0,0,0,0,0,0,0,0,0
부산지부,2020,청소년교육,22,221,인원,0,0,0,0,0,0,0,0,0,0,0,0,0
부산지부,2020,청소년교육,22,222,개소,0,0,0,0,0,0,0,0,0,0,0,0,0
부산지부,2020,청소년교육,22,222,회차,0,0,0,0,0,0,0,0,0,0,0,0,0
부산지부,2020,청소년교육,22,222,인원,0,0,0,0,0,0,0,0,0,0,0,0,0
부산지부,2020,청소년교육,22,223,개소,0,0,0,0,0,0,0,0,0,0,0,0,0
부산지부,2020,청소년교육,22,223,회차,0,0,0,0,0,0,0,0,0,0,0,0,0
부산지부,2020,청소년교육,22,223,인원,0,0,0,0,0,0,0,0,0,0,0,0,0
부산지부,2020,청소년교육,22,224,개소,0,0,0,0,0,0,0,0,0,0,0,0,0
부산지부,2020,청소년교육,22,224,회차,0,0,0,0,0,0,0,0,0,0,0,0,0
부산지부,2020,청소년교육,22,224,인원,0,0,0,0,0,0,0,0,0,0,0,0,0
부산지부,2020,청소년교육,22,226,개소,0,0,0,0,0,0,0,0,0,0,0,0,0
부산지부,2020,청소년교육,22,226,회차,0,0,0,0,0,0,0,0,0,0,0,0,0
부산지부,2020,청소년교육,22,226,인원,0,0,0,0,0,0,0,0,0,0,0,0,0
부산지부,2020,청소년교육,22,227,개소,0,0,0,0,0,0,0,0,0,0,0,0,0
부산지부,2020,청소년교육,22,227,회차,0,0,0,0,0,0,0,0,0,0,0,0,0
부산지부,2020,청소년교육,22,227,인원,0,0,0,0,0,0,0,0,0,0,0,0,0
부산지부,2020,청소년교육,22,228,개소,0,0,0,0,0,0,0,0,0,0,0,0,0
부산지부,2020,청소년교육,22,228,회차,0,0,0,0,0,0,0,0,0,0,0,0,0
부산지부,2020,청소년교육,22,228,인원,0,0,0,0,0,0,0,0,0,0,0,0,0
부산지부,2020,성인교육,31,312,개소,0,0,0,0,0,0,0,0,0,0,0,0,0
부산지부,2020,성인교육,31,312,회차,0,0,0,0,0,0,0,0,0,0,0,0,0
부산지부,2020,성인교육,31,312,인원,0,0,0,0,0,0,0,0,0,0,0,0,0
부산지부,2020,성인교육,31,313,개소,0,0,0,0,0,0,0,0,0,0,0,0,0
부산지부,2020,성인교육,31,313,회차,0,0,0,0,0,0,0,0,0,0,0,0,0
부산지부,2020,성인교육,31,313,인원,0,0,0,0,0,0,0,0,0,0,0,0,0
부산지부,2020,성인교육,31,314,개소,0,0,0,0,0,0,0,0,0,0,0,0,0
부산지부,2020,성인교육,31,314,회차,0,0,0,0,0,0,0,0,0,0,0,0,0
부산지부,2020,성인교육,31,314,인원,0,0,0,0,0,0,0,0,0,0,0,0,0
부산지부,2020,성인교육,31,316,개소,0,0,0,0,0,0,0,0,0,0,0,0,0
부산지부,2020,성인교육,31,316,회차,0,0,0,0,0,0,0,0,0,0,0,0,0
부산지부,2020,성인교육,31,316,인원,0,0,0,0,0,0,0,0,0,0,0,0,0
부산지부,2020,성인교육,31,317,개소,0,0,0,0,0,0,0,0,0,0,0,0,0
부산지부,2020,성인교육,31,317,회차,0,0,0,0,0,0,0,0,0,0,0,0,0
부산지부,2020,성인교육,31,317,인원,0,0,0,0,0,0,0,0,0,0,0,0,0
부산지부,2020,성인교육,31,318,개소,0,0,0,0,0,0,0,0,0,0,0,0,0
부산지부,2020,성인교육,31,318,회차,0,0,0,0,0,0,0,0,0,0,0,0,0
부산지부,2020,성인교육,31,318,인원,0,0,0,0,0,0,0,0,0,0,0,0,0
부산지부,2020,성인교육,31,319,개소,0,0,0,0,0,0,0,0,0,0,0,0,0
부산지부,2020,성인교육,31,319,회차,0,0,0,0,0,0,0,0,0,0,0,0,0
부산지부,2020,성인교육,31,319,인원,0,0,0,0,0,0,0,0,0,0,0,0,0
부산지부,2020,성인교육,32,322,개소,0,0,0,0,0,0,0,0,0,0,0,0,0
부산지부,2020,성인교육,32,322,회차,0,0,0,0,0,0,0,0,0,0,0,0,0
부산지부,2020,성인교육,32,322,인원,0,0,0,0,0,0,0,0,0,0,0,0,0
부산지부,2020,성인교육,32,323,개소,0,0,0,0,0,0,0,0,0,0,0,0,0
부산지부,2020,성인교육,32,323,회차,0,0,0,0,0,0,0,0,0,0,0,0,0
부산지부,2020,성인교육,32,323,인원,0,0,0,0,0,0,0,0,0,0,0,0,0
부산지부,2020,성인교육,32,326,개소,0,0,0,0,0,0,0,0,0,0,0,0,0
부산지부,2020,성인교육,32,326,회차,0,0,0,0,0,0,0,0,0,0,0,0,0
부산지부,2020,성인교육,32,326,인원,0,0,0,0,0,0,0,0,0,0,0,0,0
부산지부,2020,성인교육,32,328,개소,0,0,0,0,0,0,0,0,0,0,0,0,0
부산지부,2020,성인교육,32,328,회차,0,0,0,0,0,0,0,0,0,0,0,0,0
부산지부,2020,성인교육,32,328,인원,0,0,0,0,0,0,0,0,0,0,0,0,0
부산지부,2020,성인교육,32,329,개소,0,0,0,0,0,0,0,0,0,0,0,0,0
부산지부,2020,성인교육,32,329,회차,0,0,0,0,0,0,0,0,0,0,0,0,0
부산지부,2020,성인교육,32,329,인원,0,0,0,0,0,0,0,0,0,0,0,0,0
부산지부,2020,성인교육,33,332,개소,0,0,0,0,0,0,0,0,0,0,0,0,0
부산지부,2020,성인교육,33,332,회차,0,0,0,0,0,0,0,0,0,0,0,0,0
부산지부,2020,성인교육,33,332,인원,0,0,0,0,0,0,0,0,0,0,0,0,0
부산지부,2020,성인교육,33,333,개소,0,0,0,0,0,0,0,0,0,0,0,0,0
부산지부,2020,성인교육,33,333,회차,0,0,0,0,0,0,0,0,0,0,0,0,0
부산지부,2020,성인교육,33,333,인원,0,0,0,0,0,0,0,0,0,0,0,0,0
부산지부,2020,성인교육,33,336,개소,0,0,0,0,0,0,0,0,0,0,0,0,0
부산지부,2020,성인교육,33,336,회차,0,0,0,0,0,0,0,0,0,0,0,0,0
부산지부,2020,성인교육,33,336,인원,0,0,0,0,0,0,0,0,0,0,0,0,0
부산지부,2020,성인교육,33,338,개소,0,0,0,0,0,0,0,0,0,0,0,0,0
부산지부,2020,성인교육,33,338,회차,0,0,0,0,0,0,0,0,0,0,0,0,0
부산지부,2020,성인교육,33,338,인원,0,0,0,0,0,0,0,0,0,0,0,0,0
부산지부,2020,성인교육,33,339,개소,0,0,0,0,0,0,0,0,0,0,0,0,0
부산지부,2020,성인교육,33,339,회차,0,0,0,0,0,0,0,0,0,0,0,0,0
부산지부,2020,성인교육,33,339,인원,0,0,0,0,0,0,0,0,0,0,0,0,0
부산지부,2020,성인교육,34,342,개소,0,0,0,0,0,0,0,0,0,0,0,0,0
부산지부,2020,성인교육,34,342,회차,0,0,0,0,0,0,0,0,0,0,0,0,0
부산지부,2020,성인교육,34,342,인원,0,0,0,0,0,0,0,0,0,0,0,0,0
부산지부,2020,성인교육,34,343,개소,0,0,0,0,0,0,0,0,0,0,0,0,0
부산지부,2020,성인교육,34,343,회차,0,0,0,0,0,0,0,0,0,0,0,0,0
부산지부,2020,성인교육,34,343,인원,0,0,0,0,0,0,0,0,0,0,0,0,0
부산지부,2020,성인교육,34,346,개소,0,0,0,0,0,0,0,0,0,0,0,0,0
부산지부,2020,성인교육,34,346,회차,0,0,0,0,0,0,0,0,0,0,0,0,0
부산지부,2020,성인교육,34,346,인원,0,0,0,0,0,0,0,0,0,0,0,0,0
부산지부,2020,성인교육,34,348,개소,0,0,0,0,0,0,0,0,0,0,0,0,0
부산지부,2020,성인교육,34,348,회차,0,0,0,0,0,0,0,0,0,0,0,0,0
부산지부,2020,성인교육,34,348,인원,0,0,0,0,0,0,0,0,0,0,0,0,0
부산지부,2020,성인교육,34,349,개소,0,0,0,0,0,0,0,0,0,0,0,0,0
부산지부,2020,성인교육,34,349,회차,0,0,0,0,0,0,0,0,0,0,0,0,0
부산지부,2020,성인교육,34,349,인원,0,0,0,0,0,0,0,0,0,0,0,0,0
부산지부,2020,성인교육,35,352,개소,0,0,0,0,0,0,0,0,0,0,0,0,0
부산지부,2020,성인교육,35,352,회차,0,0,0,0,0,0,0,0,0,0,0,0,0
부산지부,2020,성인교육,35,352,인원,0,0,0,0,0,0,0,0,0,0,0,0,0
부산지부,2020,성인교육,35,353,개소,0,0,0,0,0,0,0,0,0,0,0,0,0
부산지부,2020,성인교육,35,353,회차,0,0,0,0,0,0,0,0,0,0,0,0,0
부산지부,2020,성인교육,35,353,인원,0,0,0,0,0,0,0,0,0,0,0,0,0
부산지부,2020,성인교육,35,356,개소,0,0,0,0,0,0,0,0,0,0,0,0,0
부산지부,2020,성인교육,35,356,회차,0,0,0,0,0,0,0,0,0,0,0,0,0
부산지부,2020,성인교육,35,356,인원,0,0,0,0,0,0,0,0,0,0,0,0,0
부산지부,2020,성인교육,35,358,개소,0,0,0,0,0,0,0,0,0,0,0,0,0
부산지부,2020,성인교육,35,358,회차,0,0,0,0,0,0,0,0,0,0,0,0,0
부산지부,2020,성인교육,35,358,인원,0,0,0,0,0,0,0,0,0,0,0,0,0
부산지부,2020,성인교육,35,359,개소,0,0,0,0,0,0,0,0,0,0,0,0,0
부산지부,2020,성인교육,35,359,회차,0,0,0,0,0,0,0,0,0,0,0,0,0
부산지부,2020,성인교육,35,359,인원,0,0,0,0,0,0,0,0,0,0,0,0,0
부산지부,2020,성인교육,36,362,개소,0,0,0,0,0,0,0,0,0,0,0,0,0
부산지부,2020,성인교육,36,362,회차,0,0,0,0,0,0,0,0,0,0,0,0,0
부산지부,2020,성인교육,36,362,인원,0,0,0,0,0,0,0,0,0,0,0,0,0
부산지부,2020,성인교육,36,363,개소,0,0,0,0,0,0,0,0,0,0,0,0,0
부산지부,2020,성인교육,36,363,회차,0,0,0,0,0,0,0,0,0,0,0,0,0
부산지부,2020,성인교육,36,363,인원,0,0,0,0,0,0,0,0,0,0,0,0,0
부산지부,2020,성인교육,36,365,개소,0,0,0,0,0,0,0,0,0,0,0,0,0
부산지부,2020,성인교육,36,365,회차,0,0,0,0,0,0,0,0,0,0,0,0,0
부산지부,2020,성인교육,36,365,인원,0,0,0,0,0,0,0,0,0,0,0,0,0
부산지부,2020,성인교육,36,366,개소,0,0,0,0,0,0,0,0,0,0,0,0,0
부산지부,2020,성인교육,36,366,회차,0,0,0,0,0,0,0,0,0,0,0,0,0
부산지부,2020,성인교육,36,366,인원,0,0,0,0,0,0,0,0,0,0,0,0,0
부산지부,2020,성인교육,36,368,개소,0,0,0,0,0,0,0,0,0,0,0,0,0
부산지부,2020,성인교육,36,368,회차,0,0,0,0,0,0,0,0,0,0,0,0,0
부산지부,2020,성인교육,36,368,인원,0,0,0,0,0,0,0,0,0,0,0,0,0
부산지부,2020,성인교육,36,369,개소,0,0,0,0,0,0,0,0,0,0,0,0,0
부산지부,2020,성인교육,36,369,회차,0,0,0,0,0,0,0,0,0,0,0,0,0
부산지부,2020,성인교육,36,369,인원,0,0,0,0,0,0,0,0,0,0,0,0,0
부산지부,2020,성인교육,37,372,개소,0,0,0,0,0,0,0,0,0,0,0,0,0
부산지부,2020,성인교육,37,372,회차,0,0,0,0,0,0,0,0,0,0,0,0,0
부산지부,2020,성인교육,37,372,인원,0,0,0,0,0,0,0,0,0,0,0,0,0
부산지부,2020,성인교육,37,373,개소,0,0,0,0,0,0,0,0,0,0,0,0,0
부산지부,2020,성인교육,37,373,회차,0,0,0,0,0,0,0,0,0,0,0,0,0
부산지부,2020,성인교육,37,373,인원,0,0,0,0,0,0,0,0,0,0,0,0,0
부산지부,2020,성인교육,37,376,개소,0,0,0,0,0,0,0,0,0,0,0,0,0
부산지부,2020,성인교육,37,376,회차,0,0,0,0,0,0,0,0,0,0,0,0,0
부산지부,2020,성인교육,37,376,인원,0,0,0,0,0,0,0,0,0,0,0,0,0
부산지부,2020,성인교육,37,378,개소,0,0,0,0,0,0,0,0,0,0,0,0,0
부산지부,2020,성인교육,37,378,회차,0,0,0,0,0,0,0,0,0,0,0,0,0
부산지부,2020,성인교육,37,378,인원,0,0,0,0,0,0,0,0,0,0,0,0,0
부산지부,2020,성인교육,37,379,개소,0,0,0,0,0,0,0,0,0,0,0,0,0
부산지부,2020,성인교육,37,379,회차,0,0,0,0,0,0,0,0,0,0,0,0,0
부산지부,2020,성인교육,37,379,인원,0,0,0,0,0,0,0,0,0,0,0,0,0
부산지부,2020,성인교육,38,381,개소,0,0,0,0,0,0,0,0,0,0,0,0,0
부산지부,2020,성인교육,38,381,회차,0,0,0,0,0,0,0,0,0,0,0,0,0
부산지부,2020,성인교육,38,381,인원,0,0,0,0,0,0,0,0,0,0,0,0,0
부산지부,2020,성인교육,38,382,개소,0,0,0,0,0,0,0,0,0,0,0,0,0
부산지부,2020,성인교육,38,382,회차,0,0,0,0,0,0,0,0,0,0,0,0,0
부산지부,2020,성인교육,38,382,인원,0,0,0,0,0,0,0,0,0,0,0,0,0
부산지부,2020,성인교육,38,386,개소,0,0,0,0,0,0,0,0,0,0,0,0,0
부산지부,2020,성인교육,38,386,회차,0,0,0,0,0,0,0,0,0,0,0,0,0
부산지부,2020,성인교육,38,386,인원,0,0,0,0,0,0,0,0,0,0,0,0,0
부산지부,2020,성인교육,38,388,개소,0,0,0,0,0,0,0,0,0,0,0,0,0
부산지부,2020,성인교육,38,388,회차,0,0,0,0,0,0,0,0,0,0,0,0,0
부산지부,2020,성인교육,38,388,인원,0,0,0,0,0,0,0,0,0,0,0,0,0
부산지부,2020,성인교육,39,392,개소,0,0,0,0,0,0,0,0,0,0,0,0,0
부산지부,2020,성인교육,39,392,회차,0,0,0,0,0,0,0,0,0,0,0,0,0
부산지부,2020,성인교육,39,392,인원,0,0,0,0,0,0,0,0,0,0,0,0,0
부산지부,2020,성인교육,39,393,개소,0,0,0,0,0,0,0,0,0,0,0,0,0
부산지부,2020,성인교육,39,393,회차,0,0,0,0,0,0,0,0,0,0,0,0,0
부산지부,2020,성인교육,39,393,인원,0,0,0,0,0,0,0,0,0,0,0,0,0
부산지부,2020,성인교육,39,396,개소,0,0,0,0,0,0,0,0,0,0,0,0,0
부산지부,2020,성인교육,39,396,회차,0,0,0,0,0,0,0,0,0,0,0,0,0
부산지부,2020,성인교육,39,396,인원,0,0,0,0,0,0,0,0,0,0,0,0,0
부산지부,2020,성인교육,39,398,개소,0,0,0,0,0,0,0,0,0,0,0,0,0
부산지부,2020,성인교육,39,398,회차,0,0,0,0,0,0,0,0,0,0,0,0,0
부산지부,2020,성인교육,39,398,인원,0,0,0,0,0,0,0,0,0,0,0,0,0
부산지부,2020,고령자교육,41,411,개소,0,0,0,0,0,0,0,0,0,0,0,0,0
부산지부,2020,고령자교육,41,411,회차,0,0,0,0,0,0,0,0,0,0,0,0,0
부산지부,2020,고령자교육,41,411,인원,0,0,0,0,0,0,0,0,0,0,0,0,0
부산지부,2020,고령자교육,41,412,개소,0,0,0,0,0,0,0,0,0,0,0,0,0
부산지부,2020,고령자교육,41,412,회차,0,0,0,0,0,0,0,0,0,0,0,0,0
부산지부,2020,고령자교육,41,412,인원,0,0,0,0,0,0,0,0,0,0,0,0,0
부산지부,2020,고령자교육,41,413,개소,0,0,0,0,0,0,0,0,0,0,0,0,0
부산지부,2020,고령자교육,41,413,회차,0,0,0,0,0,0,0,0,0,0,0,0,0
부산지부,2020,고령자교육,41,413,인원,0,0,0,0,0,0,0,0,0,0,0,0,0
부산지부,2020,고령자교육,41,417,개소,0,0,0,0,0,0,0,0,0,0,0,0,0
부산지부,2020,고령자교육,41,417,회차,0,0,0,0,0,0,0,0,0,0,0,0,0
부산지부,2020,고령자교육,41,417,인원,0,0,0,0,0,0,0,0,0,0,0,0,0
부산지부,2020,고령자교육,42,422,개소,0,0,0,0,0,0,0,0,0,0,0,0,0
부산지부,2020,고령자교육,42,422,회차,0,0,0,0,0,0,0,0,0,0,0,0,0
부산지부,2020,고령자교육,42,422,인원,0,0,0,0,0,0,0,0,0,0,0,0,0
부산지부,2020,고령자교육,42,423,개소,0,0,0,0,0,0,0,0,0,0,0,0,0
부산지부,2020,고령자교육,42,423,회차,0,0,0,0,0,0,0,0,0,0,0,0,0
부산지부,2020,고령자교육,42,423,인원,0,0,0,0,0,0,0,0,0,0,0,0,0
부산지부,2020,고령자교육,42,426,개소,0,0,0,0,0,0,0,0,0,0,0,0,0
부산지부,2020,고령자교육,42,426,회차,0,0,0,0,0,0,0,0,0,0,0,0,0
부산지부,2020,고령자교육,42,426,인원,0,0,0,0,0,0,0,0,0,0,0,0,0
부산지부,2020,교사교육,51,511,개소,0,0,0,0,0,0,0,0,0,0,0,0,0
부산지부,2020,교사교육,51,511,회차,0,0,0,0,0,0,0,0,0,0,0,0,0
부산지부,2020,교사교육,51,511,인원,0,0,0,0,0,0,0,0,0,0,0,0,0
부산지부,2020,교사교육,51,512,개소,0,0,0,0,0,0,0,0,0,0,0,0,0
부산지부,2020,교사교육,51,512,회차,0,0,0,0,0,0,0,0,0,0,0,0,0
부산지부,2020,교사교육,51,512,인원,0,0,0,0,0,0,0,0,0,0,0,0,0
부산지부,2020,교사교육,51,516,개소,0,0,0,0,0,0,0,0,0,0,0,0,0
부산지부,2020,교사교육,51,516,회차,0,0,0,0,0,0,0,0,0,0,0,0,0
부산지부,2020,교사교육,51,516,인원,0,0,0,0,0,0,0,0,0,0,0,0,0
부산지부,2020,교사교육,52,521,개소,0,0,0,0,0,0,0,0,0,0,0,0,0
부산지부,2020,교사교육,52,521,회차,0,0,0,0,0,0,0,0,0,0,0,0,0
부산지부,2020,교사교육,52,521,인원,0,0,0,0,0,0,0,0,0,0,0,0,0
부산지부,2020,교사교육,52,522,개소,0,0,0,0,0,0,0,0,0,0,0,0,0
부산지부,2020,교사교육,52,522,회차,0,0,0,0,0,0,0,0,0,0,0,0,0
부산지부,2020,교사교육,52,522,인원,0,0,0,0,0,0,0,0,0,0,0,0,0
부산지부,2020,교사교육,52,526,개소,0,0,0,0,0,0,0,0,0,0,0,0,0
부산지부,2020,교사교육,52,526,회차,0,0,0,0,0,0,0,0,0,0,0,0,0
부산지부,2020,교사교육,52,526,인원,0,0,0,0,0,0,0,0,0,0,0,0,0
부산지부,2020,교사교육,53,531,개소,0,0,0,0,0,0,0,0,0,0,0,0,0
부산지부,2020,교사교육,53,531,회차,0,0,0,0,0,0,0,0,0,0,0,0,0
부산지부,2020,교사교육,53,531,인원,0,0,0,0,0,0,0,0,0,0,0,0,0
부산지부,2020,교사교육,53,532,개소,0,0,0,0,0,0,0,0,0,0,0,0,0
부산지부,2020,교사교육,53,532,회차,0,0,0,0,0,0,0,0,0,0,0,0,0
부산지부,2020,교사교육,53,532,인원,0,0,0,0,0,0,0,0,0,0,0,0,0
부산지부,2020,교사교육,53,536,개소,0,0,0,0,0,0,0,0,0,0,0,0,0
부산지부,2020,교사교육,53,536,회차,0,0,0,0,0,0,0,0,0,0,0,0,0
부산지부,2020,교사교육,53,536,인원,0,0,0,0,0,0,0,0,0,0,0,0,0
부산지부,2020,교사교육,54,541,개소,0,0,0,0,0,0,0,0,0,0,0,0,0
부산지부,2020,교사교육,54,541,회차,0,0,0,0,0,0,0,0,0,0,0,0,0
부산지부,2020,교사교육,54,541,인원,0,0,0,0,0,0,0,0,0,0,0,0,0
부산지부,2020,교사교육,54,542,개소,0,0,0,0,0,0,0,0,0,0,0,0,0
부산지부,2020,교사교육,54,542,회차,0,0,0,0,0,0,0,0,0,0,0,0,0
부산지부,2020,교사교육,54,542,인원,0,0,0,0,0,0,0,0,0,0,0,0,0
부산지부,2020,교사교육,54,543,개소,0,0,0,0,0,0,0,0,0,0,0,0,0
부산지부,2020,교사교육,54,543,회차,0,0,0,0,0,0,0,0,0,0,0,0,0
부산지부,2020,교사교육,54,543,인원,0,0,0,0,0,0,0,0,0,0,0,0,0
부산지부,2020,교사교육,54,546,개소,0,0,0,0,0,0,0,0,0,0,0,0,0
부산지부,2020,교사교육,54,546,회차,0,0,0,0,0,0,0,0,0,0,0,0,0
부산지부,2020,교사교육,54,546,인원,0,0,0,0,0,0,0,0,0,0,0,0,0
대구지부,2017,어린이교육,11,111,개소,0,0,0,0,0,0,0,0,0,0,0,0,0
대구지부,2017,어린이교육,11,111,회차,0,0,0,0,0,0,0,0,0,0,0,0,0
대구지부,2017,어린이교육,11,111,인원,0,0,0,0,0,0,0,0,0,0,0,0,0
대구지부,2017,어린이교육,11,112,개소,0,0,0,0,0,0,0,0,0,0,0,0,0
대구지부,2017,어린이교육,11,112,회차,0,0,0,0,0,0,0,0,0,0,0,0,0
대구지부,2017,어린이교육,11,112,인원,0,0,0,0,0,0,0,0,0,0,0,0,0
대구지부,2017,어린이교육,11,113,개소,0,0,0,0,0,0,0,0,0,0,0,0,0
대구지부,2017,어린이교육,11,113,회차,0,0,0,0,0,0,0,0,0,0,0,0,0
대구지부,2017,어린이교육,11,113,인원,0,0,0,0,0,0,0,0,0,0,0,0,0
대구지부,2017,어린이교육,11,114,개소,0,0,0,0,0,0,0,0,0,0,0,0,0
대구지부,2017,어린이교육,11,114,회차,0,0,0,0,0,0,0,0,0,0,0,0,0
대구지부,2017,어린이교육,11,114,인원,0,0,0,0,0,0,0,0,0,0,0,0,0
대구지부,2017,어린이교육,12,121,개소,0,0,0,0,0,0,0,0,0,0,0,0,0
대구지부,2017,어린이교육,12,121,회차,0,0,0,0,0,0,0,0,0,0,0,0,0
대구지부,2017,어린이교육,12,121,인원,0,0,0,0,0,0,0,0,0,0,0,0,0
대구지부,2017,어린이교육,12,122,개소,0,0,0,0,0,0,0,0,0,0,0,0,0
대구지부,2017,어린이교육,12,122,회차,0,0,0,0,0,0,0,0,0,0,0,0,0
대구지부,2017,어린이교육,12,122,인원,0,0,0,0,0,0,0,0,0,0,0,0,0
대구지부,2017,어린이교육,12,124,개소,0,0,0,0,0,0,0,0,0,0,0,0,0
대구지부,2017,어린이교육,12,124,회차,0,0,0,0,0,0,0,0,0,0,0,0,0
대구지부,2017,어린이교육,12,124,인원,0,0,0,0,0,0,0,0,0,0,0,0,0
대구지부,2017,어린이교육,12,127,개소,0,0,0,0,0,0,0,0,0,0,0,0,0
대구지부,2017,어린이교육,12,127,회차,0,0,0,0,0,0,0,0,0,0,0,0,0
대구지부,2017,어린이교육,12,127,인원,0,0,0,0,0,0,0,0,0,0,0,0,0
대구지부,2017,어린이교육,13,131,개소,0,0,0,0,0,0,0,0,0,0,0,0,0
대구지부,2017,어린이교육,13,131,회차,0,0,0,0,0,0,0,0,0,0,0,0,0
대구지부,2017,어린이교육,13,131,인원,0,0,0,0,0,0,0,0,0,0,0,0,0
대구지부,2017,어린이교육,13,132,개소,0,0,0,0,0,0,0,0,0,0,0,0,0
대구지부,2017,어린이교육,13,132,회차,0,0,0,0,0,0,0,0,0,0,0,0,0
대구지부,2017,어린이교육,13,132,인원,0,0,0,0,0,0,0,0,0,0,0,0,0
대구지부,2017,어린이교육,13,134,개소,0,0,0,0,0,0,0,0,0,0,0,0,0
대구지부,2017,어린이교육,13,134,회차,0,0,0,0,0,0,0,0,0,0,0,0,0
대구지부,2017,어린이교육,13,134,인원,0,0,0,0,0,0,0,0,0,0,0,0,0
대구지부,2017,어린이교육,13,137,개소,0,0,0,0,0,0,0,0,0,0,0,0,0
대구지부,2017,어린이교육,13,137,회차,0,0,0,0,0,0,0,0,0,0,0,0,0
대구지부,2017,어린이교육,13,137,인원,0,0,0,0,0,0,0,0,0,0,0,0,0
대구지부,2017,어린이교육,14,141,개소,0,0,0,0,0,0,0,0,0,0,0,0,0
대구지부,2017,어린이교육,14,141,회차,0,0,0,0,0,0,0,0,0,0,0,0,0
대구지부,2017,어린이교육,14,141,인원,0,0,0,0,0,0,0,0,0,0,0,0,0
대구지부,2017,어린이교육,14,142,개소,0,0,0,0,0,0,0,0,0,0,0,0,0
대구지부,2017,어린이교육,14,142,회차,0,0,0,0,0,0,0,0,0,0,0,0,0
대구지부,2017,어린이교육,14,142,인원,0,0,0,0,0,0,0,0,0,0,0,0,0
대구지부,2017,어린이교육,14,144,개소,0,0,0,0,0,0,0,0,0,0,0,0,0
대구지부,2017,어린이교육,14,144,회차,0,0,0,0,0,0,0,0,0,0,0,0,0
대구지부,2017,어린이교육,14,144,인원,0,0,0,0,0,0,0,0,0,0,0,0,0
대구지부,2017,어린이교육,14,147,개소,0,0,0,0,0,0,0,0,0,0,0,0,0
대구지부,2017,어린이교육,14,147,회차,0,0,0,0,0,0,0,0,0,0,0,0,0
대구지부,2017,어린이교육,14,147,인원,0,0,0,0,0,0,0,0,0,0,0,0,0
대구지부,2018,어린이교육,11,111,인원,8828,8828,8828,8828,8828,8828,8828,8828,8828,8828,8828,8829,105937
대구지부,2018,어린이교육,11,111,개소,0,0,0,0,0,0,0,0,0,0,0,0,0
대구지부,2018,어린이교육,11,111,회차,0,0,0,0,0,0,0,0,0,0,0,0,0
대구지부,2018,어린이교육,11,112,개소,0,0,0,0,0,0,0,0,0,0,0,0,0
대구지부,2018,어린이교육,11,112,회차,0,0,0,0,0,0,0,0,0,0,0,0,0
대구지부,2018,어린이교육,11,112,인원,0,0,0,0,0,0,0,0,0,0,0,0,0
대구지부,2018,어린이교육,11,113,개소,0,0,0,0,0,0,0,0,0,0,0,0,0
대구지부,2018,어린이교육,11,113,회차,0,0,0,0,0,0,0,0,0,0,0,0,0
대구지부,2018,어린이교육,11,113,인원,0,0,0,0,0,0,0,0,0,0,0,0,0
대구지부,2018,어린이교육,11,114,개소,0,0,0,0,0,0,0,0,0,0,0,0,0
대구지부,2018,어린이교육,11,114,회차,0,0,0,0,0,0,0,0,0,0,0,0,0
대구지부,2018,어린이교육,11,114,인원,0,0,0,0,0,0,0,0,0,0,0,0,0
대구지부,2018,어린이교육,12,121,인원,6095,6095,6095,6095,6095,6095,6095,6095,6095,6095,6095,6102,73147
대구지부,2018,어린이교육,12,121,개소,0,0,0,0,0,0,0,0,0,0,0,0,0
대구지부,2018,어린이교육,12,121,회차,0,0,0,0,0,0,0,0,0,0,0,0,0
대구지부,2018,어린이교육,12,122,인원,2522,2522,2522,2522,2522,2522,2522,2522,2522,2522,2522,2526,30268
대구지부,2018,어린이교육,12,122,개소,0,0,0,0,0,0,0,0,0,0,0,0,0
대구지부,2018,어린이교육,12,122,회차,0,0,0,0,0,0,0,0,0,0,0,0,0
대구지부,2018,어린이교육,12,124,인원,210,210,210,210,210,210,210,210,210,210,210,212,2522
대구지부,2018,어린이교육,12,124,개소,0,0,0,0,0,0,0,0,0,0,0,0,0
대구지부,2018,어린이교육,12,124,회차,0,0,0,0,0,0,0,0,0,0,0,0,0
대구지부,2018,어린이교육,12,127,인원,420,420,420,420,420,420,420,420,420,420,420,425,5045
대구지부,2018,어린이교육,12,127,개소,0,0,0,0,0,0,0,0,0,0,0,0,0
대구지부,2018,어린이교육,12,127,회차,0,0,0,0,0,0,0,0,0,0,0,0,0
대구지부,2018,어린이교육,13,131,인원,1051,1051,1051,1051,1051,1051,1051,1051,1051,1051,1051,1051,12612
대구지부,2018,어린이교육,13,131,개소,0,0,0,0,0,0,0,0,0,0,0,0,0
대구지부,2018,어린이교육,13,131,회차,0,0,0,0,0,0,0,0,0,0,0,0,0
대구지부,2018,어린이교육,13,132,인원,105,105,105,105,105,105,105,105,105,105,105,106,1261
대구지부,2018,어린이교육,13,132,개소,0,0,0,0,0,0,0,0,0,0,0,0,0
대구지부,2018,어린이교육,13,132,회차,0,0,0,0,0,0,0,0,0,0,0,0,0
대구지부,2018,어린이교육,13,134,개소,0,0,0,0,0,0,0,0,0,0,0,0,0
대구지부,2018,어린이교육,13,134,회차,0,0,0,0,0,0,0,0,0,0,0,0,0
대구지부,2018,어린이교육,13,134,인원,0,0,0,0,0,0,0,0,0,0,0,0,0
대구지부,2018,어린이교육,13,137,인원,105,105,105,105,105,105,105,105,105,105,105,106,1261
대구지부,2018,어린이교육,13,137,개소,0,0,0,0,0,0,0,0,0,0,0,0,0
대구지부,2018,어린이교육,13,137,회차,0,0,0,0,0,0,0,0,0,0,0,0,0
대구지부,2018,어린이교육,14,141,개소,0,0,0,0,0,0,0,0,0,0,0,0,0
대구지부,2018,어린이교육,14,141,회차,0,0,0,0,0,0,0,0,0,0,0,0,0
대구지부,2018,어린이교육,14,141,인원,1681,1681,1681,1681,1681,1681,1681,1681,1681,1681,1681,1688,20179
대구지부,2018,어린이교육,14,142,개소,0,0,0,0,0,0,0,0,0,0,0,0,0
대구지부,2018,어린이교육,14,142,회차,0,0,0,0,0,0,0,0,0,0,0,0,0
대구지부,2018,어린이교육,14,142,인원,0,0,0,0,0,0,0,0,0,0,0,0,0
대구지부,2018,어린이교육,14,144,개소,0,0,0,0,0,0,0,0,0,0,0,0,0
대구지부,2018,어린이교육,14,144,회차,0,0,0,0,0,0,0,0,0,0,0,0,0
대구지부,2018,어린이교육,14,144,인원,0,0,0,0,0,0,0,0,0,0,0,0,0
대구지부,2018,어린이교육,14,147,개소,0,0,0,0,0,0,0,0,0,0,0,0,0
대구지부,2018,어린이교육,14,147,회차,0,0,0,0,0,0,0,0,0,0,0,0,0
대구지부,2018,어린이교육,14,147,인원,0,0,0,0,0,0,0,0,0,0,0,0,0
대구지부,2018,청소년교육,21,211,개소,0,0,0,0,0,0,0,0,0,0,0,0,0
대구지부,2018,청소년교육,21,211,회차,0,0,0,0,0,0,0,0,0,0,0,0,0
대구지부,2018,청소년교육,21,211,인원,1,1,1,1,1,2,2,2,2,2,3,3,21
대구지부,2018,청소년교육,21,212,개소,0,0,0,0,0,0,0,0,0,0,0,0,0
대구지부,2018,청소년교육,21,212,회차,0,0,0,0,0,0,0,0,0,0,0,0,0
대구지부,2018,청소년교육,21,212,인원,0,0,0,0,0,0,0,0,0,1,1,1,3
대구지부,2018,청소년교육,21,214,개소,0,0,0,0,0,0,0,0,0,0,0,0,0
대구지부,2018,청소년교육,21,214,회차,0,0,0,0,0,0,0,0,0,0,0,0,0
대구지부,2018,청소년교육,21,214,인원,0,0,0,0,0,0,0,0,0,1,1,1,3
대구지부,2018,청소년교육,21,217,개소,0,0,0,0,0,0,0,0,0,0,0,0,0
대구지부,2018,청소년교육,21,217,회차,0,0,0,0,0,0,0,0,0,0,0,0,0
대구지부,2018,청소년교육,21,217,인원,0,0,0,0,0,0,0,0,0,0,0,0,0
대구지부,2018,청소년교육,21,218,개소,0,0,0,0,0,0,0,0,0,0,0,0,0
대구지부,2018,청소년교육,21,218,회차,0,0,0,0,0,0,0,0,0,0,0,0,0
대구지부,2018,청소년교육,21,218,인원,0,0,0,0,0,0,0,0,0,0,0,1,1
대구지부,2018,청소년교육,22,221,개소,0,0,0,0,0,0,0,0,0,0,0,0,0
대구지부,2018,청소년교육,22,221,회차,0,0,0,0,0,0,0,0,0,0,0,0,0
대구지부,2018,청소년교육,22,221,인원,5,5,5,5,5,5,5,5,5,5,5,7,62
대구지부,2018,청소년교육,22,222,개소,0,0,0,0,0,0,0,0,0,0,0,0,0
대구지부,2018,청소년교육,22,222,회차,0,0,0,0,0,0,0,0,0,0,0,0,0
대구지부,2018,청소년교육,22,222,인원,0,1,1,1,1,1,1,1,1,1,1,1,11
대구지부,2018,청소년교육,22,223,개소,0,0,0,0,0,0,0,0,0,0,0,0,0
대구지부,2018,청소년교육,22,223,회차,0,0,0,0,0,0,0,0,0,0,0,0,0
대구지부,2018,청소년교육,22,223,인원,0,0,0,0,0,0,0,0,0,0,0,0,0
대구지부,2018,청소년교육,22,224,개소,0,0,0,0,0,0,0,0,0,0,0,0,0
대구지부,2018,청소년교육,22,224,회차,0,0,0,0,0,0,0,0,0,0,0,0,0
대구지부,2018,청소년교육,22,224,인원,0,0,0,0,0,0,0,0,0,1,1,1,3
대구지부,2018,청소년교육,22,226,개소,0,0,0,0,0,0,0,0,0,0,0,0,0
대구지부,2018,청소년교육,22,226,회차,0,0,0,0,0,0,0,0,0,0,0,0,0
대구지부,2018,청소년교육,22,226,인원,2,2,3,3,3,3,3,3,3,3,3,3,34
대구지부,2018,청소년교육,22,227,개소,0,0,0,0,0,0,0,0,0,0,0,0,0
대구지부,2018,청소년교육,22,227,회차,0,0,0,0,0,0,0,0,0,0,0,0,0
대구지부,2018,청소년교육,22,227,인원,0,0,0,0,0,0,0,0,0,0,0,0,0
대구지부,2018,청소년교육,22,228,개소,0,0,0,0,0,0,0,0,0,0,0,0,0
대구지부,2018,청소년교육,22,228,회차,0,0,0,0,0,0,0,0,0,0,0,0,0
대구지부,2018,청소년교육,22,228,인원,0,0,0,0,0,0,0,0,0,0,0,0,0
대구지부,2018,성인교육,31,312,개소,0,0,0,0,0,0,0,0,0,0,0,0,0
대구지부,2018,성인교육,31,312,회차,0,0,0,0,0,0,0,0,0,0,0,0,0
대구지부,2018,성인교육,31,312,인원,107,107,107,107,107,107,107,107,107,107,107,114,1291
대구지부,2018,성인교육,31,313,개소,0,0,0,0,0,0,0,0,0,0,0,0,0
대구지부,2018,성인교육,31,313,회차,0,0,0,0,0,0,0,0,0,0,0,0,0
대구지부,2018,성인교육,31,313,인원,0,0,0,0,0,0,0,0,0,0,0,0,0
대구지부,2018,성인교육,31,314,개소,0,0,0,0,0,0,0,0,0,0,0,0,0
대구지부,2018,성인교육,31,314,회차,0,0,0,0,0,0,0,0,0,0,0,0,0
대구지부,2018,성인교육,31,314,인원,0,0,0,0,0,0,0,0,0,0,0,0,0
대구지부,2018,성인교육,31,316,개소,0,0,0,0,0,0,0,0,0,0,0,0,0
대구지부,2018,성인교육,31,316,회차,0,0,0,0,0,0,0,0,0,0,0,0,0
대구지부,2018,성인교육,31,316,인원,2152,2152,2152,2152,2152,2152,2152,2152,2152,2152,2152,2154,25826
대구지부,2018,성인교육,31,317,개소,0,0,0,0,0,0,0,0,0,0,0,0,0
대구지부,2018,성인교육,31,317,회차,0,0,0,0,0,0,0,0,0,0,0,0,0
대구지부,2018,성인교육,31,317,인원,0,0,0,0,0,0,0,0,0,0,0,0,0
대구지부,2018,성인교육,31,318,개소,0,0,0,0,0,0,0,0,0,0,0,0,0
대구지부,2018,성인교육,31,318,회차,0,0,0,0,0,0,0,0,0,0,0,0,0
대구지부,2018,성인교육,31,318,인원,0,0,0,0,0,0,0,0,0,0,0,0,0
대구지부,2018,성인교육,31,319,개소,0,0,0,0,0,0,0,0,0,0,0,0,0
대구지부,2018,성인교육,31,319,회차,0,0,0,0,0,0,0,0,0,0,0,0,0
대구지부,2018,성인교육,31,319,인원,0,0,0,0,0,0,0,0,0,0,0,0,0
대구지부,2018,성인교육,32,322,개소,0,0,0,0,0,0,0,0,0,0,0,0,0
대구지부,2018,성인교육,32,322,회차,0,0,0,0,0,0,0,0,0,0,0,0,0
대구지부,2018,성인교육,32,322,인원,0,0,0,0,0,0,0,0,0,0,0,0,0
대구지부,2018,성인교육,32,323,개소,0,0,0,0,0,0,0,0,0,0,0,0,0
대구지부,2018,성인교육,32,323,회차,0,0,0,0,0,0,0,0,0,0,0,0,0
대구지부,2018,성인교육,32,323,인원,0,0,0,0,0,0,0,0,0,0,0,0,0
대구지부,2018,성인교육,32,326,개소,0,0,0,0,0,0,0,0,0,0,0,0,0
대구지부,2018,성인교육,32,326,회차,0,0,0,0,0,0,0,0,0,0,0,0,0
대구지부,2018,성인교육,32,326,인원,430,430,430,430,430,430,430,430,430,430,430,435,5165
대구지부,2018,성인교육,32,328,개소,0,0,0,0,0,0,0,0,0,0,0,0,0
대구지부,2018,성인교육,32,328,회차,0,0,0,0,0,0,0,0,0,0,0,0,0
대구지부,2018,성인교육,32,328,인원,0,0,0,0,0,0,0,0,0,0,0,0,0
대구지부,2018,성인교육,32,329,개소,0,0,0,0,0,0,0,0,0,0,0,0,0
대구지부,2018,성인교육,32,329,회차,0,0,0,0,0,0,0,0,0,0,0,0,0
대구지부,2018,성인교육,32,329,인원,0,0,0,0,0,0,0,0,0,0,0,0,0
대구지부,2018,성인교육,33,332,개소,0,0,0,0,0,0,0,0,0,0,0,0,0
대구지부,2018,성인교육,33,332,회차,0,0,0,0,0,0,0,0,0,0,0,0,0
대구지부,2018,성인교육,33,332,인원,0,0,0,0,0,0,0,0,0,0,0,0,0
대구지부,2018,성인교육,33,333,개소,0,0,0,0,0,0,0,0,0,0,0,0,0
대구지부,2018,성인교육,33,333,회차,0,0,0,0,0,0,0,0,0,0,0,0,0
대구지부,2018,성인교육,33,333,인원,0,0,0,0,0,0,0,0,0,0,0,0,0
대구지부,2018,성인교육,33,336,개소,0,0,0,0,0,0,0,0,0,0,0,0,0
대구지부,2018,성인교육,33,336,회차,0,0,0,0,0,0,0,0,0,0,0,0,0
대구지부,2018,성인교육,33,336,인원,860,860,860,860,860,860,860,860,860,860,860,871,10331
대구지부,2018,성인교육,33,338,개소,0,0,0,0,0,0,0,0,0,0,0,0,0
대구지부,2018,성인교육,33,338,회차,0,0,0,0,0,0,0,0,0,0,0,0,0
대구지부,2018,성인교육,33,338,인원,0,0,0,0,0,0,0,0,0,0,0,0,0
대구지부,2018,성인교육,33,339,개소,0,0,0,0,0,0,0,0,0,0,0,0,0
대구지부,2018,성인교육,33,339,회차,0,0,0,0,0,0,0,0,0,0,0,0,0
대구지부,2018,성인교육,33,339,인원,0,0,0,0,0,0,0,0,0,0,0,0,0
대구지부,2018,성인교육,34,342,개소,0,0,0,0,0,0,0,0,0,0,0,0,0
대구지부,2018,성인교육,34,342,회차,0,0,0,0,0,0,0,0,0,0,0,0,0
대구지부,2018,성인교육,34,342,인원,107,107,107,107,107,107,107,107,107,107,107,114,1291
대구지부,2018,성인교육,34,343,개소,0,0,0,0,0,0,0,0,0,0,0,0,0
대구지부,2018,성인교육,34,343,회차,0,0,0,0,0,0,0,0,0,0,0,0,0
대구지부,2018,성인교육,34,343,인원,0,0,0,0,0,0,0,0,0,0,0,0,0
대구지부,2018,성인교육,34,346,개소,0,0,0,0,0,0,0,0,0,0,0,0,0
대구지부,2018,성인교육,34,346,회차,0,0,0,0,0,0,0,0,0,0,0,0,0
대구지부,2018,성인교육,34,346,인원,6026,6026,6026,6026,6026,6026,6026,6026,6026,6026,6026,6028,72314
대구지부,2018,성인교육,34,348,개소,0,0,0,0,0,0,0,0,0,0,0,0,0
대구지부,2018,성인교육,34,348,회차,0,0,0,0,0,0,0,0,0,0,0,0,0
대구지부,2018,성인교육,34,348,인원,0,0,0,0,0,0,0,0,0,0,0,0,0
대구지부,2018,성인교육,34,349,개소,0,0,0,0,0,0,0,0,0,0,0,0,0
대구지부,2018,성인교육,34,349,회차,0,0,0,0,0,0,0,0,0,0,0,0,0
대구지부,2018,성인교육,34,349,인원,0,0,0,0,0,0,0,0,0,0,0,0,0
대구지부,2018,성인교육,35,352,개소,0,0,0,0,0,0,0,0,0,0,0,0,0
대구지부,2018,성인교육,35,352,회차,0,0,0,0,0,0,0,0,0,0,0,0,0
대구지부,2018,성인교육,35,352,인원,0,0,0,0,0,0,0,0,0,0,0,0,0
대구지부,2018,성인교육,35,353,개소,0,0,0,0,0,0,0,0,0,0,0,0,0
대구지부,2018,성인교육,35,353,회차,0,0,0,0,0,0,0,0,0,0,0,0,0
대구지부,2018,성인교육,35,353,인원,0,0,0,0,0,0,0,0,0,0,0,0,0
대구지부,2018,성인교육,35,356,개소,0,0,0,0,0,0,0,0,0,0,0,0,0
대구지부,2018,성인교육,35,356,회차,0,0,0,0,0,0,0,0,0,0,0,0,0
대구지부,2018,성인교육,35,356,인원,645,645,645,645,645,645,645,645,645,645,645,653,7748
대구지부,2018,성인교육,35,358,개소,0,0,0,0,0,0,0,0,0,0,0,0,0
대구지부,2018,성인교육,35,358,회차,0,0,0,0,0,0,0,0,0,0,0,0,0
대구지부,2018,성인교육,35,358,인원,0,0,0,0,0,0,0,0,0,0,0,0,0
대구지부,2018,성인교육,35,359,개소,0,0,0,0,0,0,0,0,0,0,0,0,0
대구지부,2018,성인교육,35,359,회차,0,0,0,0,0,0,0,0,0,0,0,0,0
대구지부,2018,성인교육,35,359,인원,0,0,0,0,0,0,0,0,0,0,0,0,0
대구지부,2018,성인교육,36,362,개소,0,0,0,0,0,0,0,0,0,0,0,0,0
대구지부,2018,성인교육,36,362,회차,0,0,0,0,0,0,0,0,0,0,0,0,0
대구지부,2018,성인교육,36,362,인원,107,107,107,107,107,107,107,107,107,107,107,114,1291
대구지부,2018,성인교육,36,363,개소,0,0,0,0,0,0,0,0,0,0,0,0,0
대구지부,2018,성인교육,36,363,회차,0,0,0,0,0,0,0,0,0,0,0,0,0
대구지부,2018,성인교육,36,363,인원,0,0,0,0,0,0,0,0,0,0,0,0,0
대구지부,2018,성인교육,36,365,개소,0,0,0,0,0,0,0,0,0,0,0,0,0
대구지부,2018,성인교육,36,365,회차,0,0,0,0,0,0,0,0,0,0,0,0,0
대구지부,2018,성인교육,36,365,인원,0,0,0,0,0,0,0,0,0,0,0,0,0
대구지부,2018,성인교육,36,366,개소,0,0,0,0,0,0,0,0,0,0,0,0,0
대구지부,2018,성인교육,36,366,회차,0,0,0,0,0,0,0,0,0,0,0,0,0
대구지부,2018,성인교육,36,366,인원,4519,4519,4519,4519,4519,4519,4519,4519,4519,4519,4519,4526,54235
대구지부,2018,성인교육,36,368,개소,0,0,0,0,0,0,0,0,0,0,0,0,0
대구지부,2018,성인교육,36,368,회차,0,0,0,0,0,0,0,0,0,0,0,0,0
대구지부,2018,성인교육,36,368,인원,0,0,0,0,0,0,0,0,0,0,0,0,0
대구지부,2018,성인교육,36,369,개소,0,0,0,0,0,0,0,0,0,0,0,0,0
대구지부,2018,성인교육,36,369,회차,0,0,0,0,0,0,0,0,0,0,0,0,0
대구지부,2018,성인교육,36,369,인원,0,0,0,0,0,0,0,0,0,0,0,0,0
대구지부,2018,성인교육,37,372,개소,0,0,0,0,0,0,0,0,0,0,0,0,0
대구지부,2018,성인교육,37,372,회차,0,0,0,0,0,0,0,0,0,0,0,0,0
대구지부,2018,성인교육,37,372,인원,0,0,0,0,0,0,0,0,0,0,0,0,0
대구지부,2018,성인교육,37,373,개소,0,0,0,0,0,0,0,0,0,0,0,0,0
대구지부,2018,성인교육,37,373,회차,0,0,0,0,0,0,0,0,0,0,0,0,0
대구지부,2018,성인교육,37,373,인원,0,0,0,0,0,0,0,0,0,0,0,0,0
대구지부,2018,성인교육,37,376,개소,0,0,0,0,0,0,0,0,0,0,0,0,0
대구지부,2018,성인교육,37,376,회차,0,0,0,0,0,0,0,0,0,0,0,0,0
대구지부,2018,성인교육,37,376,인원,6026,6026,6026,6026,6026,6026,6026,6026,6026,6026,6026,6028,72314
대구지부,2018,성인교육,37,378,개소,0,0,0,0,0,0,0,0,0,0,0,0,0
대구지부,2018,성인교육,37,378,회차,0,0,0,0,0,0,0,0,0,0,0,0,0
대구지부,2018,성인교육,37,378,인원,0,0,0,0,0,0,0,0,0,0,0,0,0
대구지부,2018,성인교육,37,379,개소,0,0,0,0,0,0,0,0,0,0,0,0,0
대구지부,2018,성인교육,37,379,회차,0,0,0,0,0,0,0,0,0,0,0,0,0
대구지부,2018,성인교육,37,379,인원,0,0,0,0,0,0,0,0,0,0,0,0,0
대구지부,2018,성인교육,38,381,개소,0,0,0,0,0,0,0,0,0,0,0,0,0
대구지부,2018,성인교육,38,381,회차,0,0,0,0,0,0,0,0,0,0,0,0,0
대구지부,2018,성인교육,38,381,인원,107,107,107,107,107,107,107,107,107,107,107,114,1291
대구지부,2018,성인교육,38,382,개소,0,0,0,0,0,0,0,0,0,0,0,0,0
대구지부,2018,성인교육,38,382,회차,0,0,0,0,0,0,0,0,0,0,0,0,0
대구지부,2018,성인교육,38,382,인원,0,0,0,0,0,0,0,0,0,0,0,0,0
대구지부,2018,성인교육,38,386,개소,0,0,0,0,0,0,0,0,0,0,0,0,0
대구지부,2018,성인교육,38,386,회차,0,0,0,0,0,0,0,0,0,0,0,0,0
대구지부,2018,성인교육,38,386,인원,0,0,0,0,0,0,0,0,0,0,0,0,0
대구지부,2018,성인교육,38,388,개소,0,0,0,0,0,0,0,0,0,0,0,0,0
대구지부,2018,성인교육,38,388,회차,0,0,0,0,0,0,0,0,0,0,0,0,0
대구지부,2018,성인교육,38,388,인원,0,0,0,0,0,0,0,0,0,0,0,0,0
대구지부,2018,성인교육,39,392,개소,0,0,0,0,0,0,0,0,0,0,0,0,0
대구지부,2018,성인교육,39,392,회차,0,0,0,0,0,0,0,0,0,0,0,0,0
대구지부,2018,성인교육,39,392,인원,0,0,0,0,0,0,0,0,0,0,0,0,0
대구지부,2018,성인교육,39,393,개소,0,0,0,0,0,0,0,0,0,0,0,0,0
대구지부,2018,성인교육,39,393,회차,0,0,0,0,0,0,0,0,0,0,0,0,0
대구지부,2018,성인교육,39,393,인원,0,0,0,0,0,0,0,0,0,0,0,0,0
대구지부,2018,성인교육,39,396,개소,0,0,0,0,0,0,0,0,0,0,0,0,0
대구지부,2018,성인교육,39,396,회차,0,0,0,0,0,0,0,0,0,0,0,0,0
대구지부,2018,성인교육,39,396,인원,430,430,430,430,430,430,430,430,430,430,430,435,5165
대구지부,2018,성인교육,39,398,개소,0,0,0,0,0,0,0,0,0,0,0,0,0
대구지부,2018,성인교육,39,398,회차,0,0,0,0,0,0,0,0,0,0,0,0,0
대구지부,2018,성인교육,39,398,인원,0,0,0,0,0,0,0,0,0,0,0,0,0
대구지부,2018,고령자교육,41,411,개소,0,0,0,0,0,0,0,0,0,0,0,0,0
대구지부,2018,고령자교육,41,411,회차,0,0,0,0,0,0,0,0,0,0,0,0,0
대구지부,2018,고령자교육,41,411,인원,1444,1444,1444,1444,1444,1444,1444,1444,1444,1444,1444,1451,17335
대구지부,2018,고령자교육,41,412,개소,0,0,0,0,0,0,0,0,0,0,0,0,0
대구지부,2018,고령자교육,41,412,회차,0,0,0,0,0,0,0,0,0,0,0,0,0
대구지부,2018,고령자교육,41,412,인원,15,15,15,15,15,15,15,15,15,15,15,19,184
대구지부,2018,고령자교육,41,413,개소,0,0,0,0,0,0,0,0,0,0,0,0,0
대구지부,2018,고령자교육,41,413,회차,0,0,0,0,0,0,0,0,0,0,0,0,0
대구지부,2018,고령자교육,41,413,인원,0,0,0,0,0,0,0,0,0,0,0,0,0
대구지부,2018,고령자교육,41,417,개소,0,0,0,0,0,0,0,0,0,0,0,0,0
대구지부,2018,고령자교육,41,417,회차,0,0,0,0,0,0,0,0,0,0,0,0,0
대구지부,2018,고령자교육,41,417,인원,15,15,15,15,15,15,15,15,15,15,15,19,184
대구지부,2018,고령자교육,42,422,개소,0,0,0,0,0,0,0,0,0,0,0,0,0
대구지부,2018,고령자교육,42,422,회차,0,0,0,0,0,0,0,0,0,0,0,0,0
대구지부,2018,고령자교육,42,422,인원,0,0,0,0,0,0,0,0,0,0,0,0,0
대구지부,2018,고령자교육,42,423,개소,0,0,0,0,0,0,0,0,0,0,0,0,0
대구지부,2018,고령자교육,42,423,회차,0,0,0,0,0,0,0,0,0,0,0,0,0
대구지부,2018,고령자교육,42,423,인원,0,0,0,0,0,0,0,0,0,0,0,0,0
대구지부,2018,고령자교육,42,426,개소,0,0,0,0,0,0,0,0,0,0,0,0,0
대구지부,2018,고령자교육,42,426,회차,0,0,0,0,0,0,0,0,0,0,0,0,0
대구지부,2018,고령자교육,42,426,인원,47,47,47,47,47,47,47,47,47,47,47,53,570
대구지부,2018,교사교육,51,511,개소,0,0,0,0,0,0,0,0,0,0,0,0,0
대구지부,2018,교사교육,51,511,회차,0,0,0,0,0,0,0,0,0,0,0,0,0
대구지부,2018,교사교육,51,511,인원,0,0,0,0,0,0,0,0,0,0,0,0,0
대구지부,2018,교사교육,51,512,개소,0,0,0,0,0,0,0,0,0,0,0,0,0
대구지부,2018,교사교육,51,512,회차,0,0,0,0,0,0,0,0,0,0,0,0,0
대구지부,2018,교사교육,51,512,인원,0,0,0,0,0,0,0,0,0,0,0,0,0
대구지부,2018,교사교육,51,516,개소,0,0,0,0,0,0,0,0,0,0,0,0,0
대구지부,2018,교사교육,51,516,회차,0,0,0,0,0,0,0,0,0,0,0,0,0
대구지부,2018,교사교육,51,516,인원,0,0,0,0,0,0,0,0,0,0,0,0,0
대구지부,2018,교사교육,52,521,개소,0,0,0,0,0,0,0,0,0,0,0,0,0
대구지부,2018,교사교육,52,521,회차,0,0,0,0,0,0,0,0,0,0,0,0,0
대구지부,2018,교사교육,52,521,인원,0,0,0,0,0,0,0,0,0,0,0,0,0
대구지부,2018,교사교육,52,522,개소,0,0,0,0,0,0,0,0,0,0,0,0,0
대구지부,2018,교사교육,52,522,회차,0,0,0,0,0,0,0,0,0,0,0,0,0
대구지부,2018,교사교육,52,522,인원,0,0,0,0,0,0,0,0,0,0,0,0,0
대구지부,2018,교사교육,52,526,개소,0,0,0,0,0,0,0,0,0,0,0,0,0
대구지부,2018,교사교육,52,526,회차,0,0,0,0,0,0,0,0,0,0,0,0,0
대구지부,2018,교사교육,52,526,인원,16,16,16,16,16,16,16,16,16,16,16,22,198
대구지부,2018,교사교육,53,531,개소,0,0,0,0,0,0,0,0,0,0,0,0,0
대구지부,2018,교사교육,53,531,회차,0,0,0,0,0,0,0,0,0,0,0,0,0
대구지부,2018,교사교육,53,531,인원,0,0,0,0,0,0,0,0,0,0,0,0,0
대구지부,2018,교사교육,53,532,개소,0,0,0,0,0,0,0,0,0,0,0,0,0
대구지부,2018,교사교육,53,532,회차,0,0,0,0,0,0,0,0,0,0,0,0,0
대구지부,2018,교사교육,53,532,인원,0,0,0,0,0,0,0,0,0,0,0,0,0
대구지부,2018,교사교육,53,536,개소,0,0,0,0,0,0,0,0,0,0,0,0,0
대구지부,2018,교사교육,53,536,회차,0,0,0,0,0,0,0,0,0,0,0,0,0
대구지부,2018,교사교육,53,536,인원,8,8,8,8,8,8,8,8,8,8,8,11,99
대구지부,2018,교사교육,54,541,개소,0,0,0,0,0,0,0,0,0,0,0,0,0
대구지부,2018,교사교육,54,541,회차,0,0,0,0,0,0,0,0,0,0,0,0,0
대구지부,2018,교사교육,54,541,인원,0,0,0,0,0,0,0,0,0,0,0,0,0
대구지부,2018,교사교육,54,542,개소,0,0,0,0,0,0,0,0,0,0,0,0,0
대구지부,2018,교사교육,54,542,회차,0,0,0,0,0,0,0,0,0,0,0,0,0
대구지부,2018,교사교육,54,542,인원,0,0,0,0,0,0,0,0,0,0,0,0,0
대구지부,2018,교사교육,54,543,개소,0,0,0,0,0,0,0,0,0,0,0,0,0
대구지부,2018,교사교육,54,543,회차,0,0,0,0,0,0,0,0,0,0,0,0,0
대구지부,2018,교사교육,54,543,인원,0,0,0,0,0,0,0,0,0,0,0,0,0
대구지부,2018,교사교육,54,546,개소,0,0,0,0,0,0,0,0,0,0,0,0,0
대구지부,2018,교사교육,54,546,회차,0,0,0,0,0,0,0,0,0,0,0,0,0
대구지부,2018,교사교육,54,546,인원,8,8,8,8,8,8,8,8,8,8,8,11,99
대구지부,2019,어린이교육,11,111,회차,0,0,0,0,0,0,0,0,0,0,0,0,0
대구지부,2019,어린이교육,11,111,인원,0,0,0,0,0,0,0,0,0,0,0,0,0
대구지부,2019,어린이교육,11,111,개소,0,0,0,0,0,0,0,0,0,0,0,0,0
대구지부,2019,어린이교육,11,112,개소,0,0,0,0,0,0,0,0,0,0,0,0,0
대구지부,2019,어린이교육,11,112,회차,0,0,0,0,0,0,0,0,0,0,0,0,0
대구지부,2019,어린이교육,11,112,인원,0,0,0,0,0,0,0,0,0,0,0,0,0
대구지부,2019,어린이교육,11,113,개소,0,0,0,0,0,0,0,0,0,0,0,0,0
대구지부,2019,어린이교육,11,113,회차,0,0,0,0,0,0,0,0,0,0,0,0,0
대구지부,2019,어린이교육,11,113,인원,0,0,0,0,0,0,0,0,0,0,0,0,0
대구지부,2019,어린이교육,11,114,개소,0,0,0,0,0,0,0,0,0,0,0,0,0
대구지부,2019,어린이교육,11,114,회차,0,0,0,0,0,0,0,0,0,0,0,0,0
대구지부,2019,어린이교육,11,114,인원,0,0,0,0,0,0,0,0,0,0,0,0,0
대구지부,2019,어린이교육,12,121,개소,0,0,0,0,0,0,0,0,0,0,0,0,0
대구지부,2019,어린이교육,12,121,회차,0,0,0,0,0,0,0,0,0,0,0,0,0
대구지부,2019,어린이교육,12,121,인원,0,0,0,0,0,0,0,0,0,0,0,0,0
대구지부,2019,어린이교육,12,122,개소,0,0,0,0,0,0,0,0,0,0,0,0,0
대구지부,2019,어린이교육,12,122,회차,0,0,0,0,0,0,0,0,0,0,0,0,0
대구지부,2019,어린이교육,12,122,인원,0,0,0,0,0,0,0,0,0,0,0,0,0
대구지부,2019,어린이교육,12,124,개소,0,0,0,0,0,0,0,0,0,0,0,0,0
대구지부,2019,어린이교육,12,124,회차,0,0,0,0,0,0,0,0,0,0,0,0,0
대구지부,2019,어린이교육,12,124,인원,0,0,0,0,0,0,0,0,0,0,0,0,0
대구지부,2019,어린이교육,12,127,개소,0,0,0,0,0,0,0,0,0,0,0,0,0
대구지부,2019,어린이교육,12,127,회차,0,0,0,0,0,0,0,0,0,0,0,0,0
대구지부,2019,어린이교육,12,127,인원,0,0,0,0,0,0,0,0,0,0,0,0,0
대구지부,2019,어린이교육,13,131,개소,0,0,0,0,0,0,0,0,0,0,0,0,0
대구지부,2019,어린이교육,13,131,회차,0,0,0,0,0,0,0,0,0,0,0,0,0
대구지부,2019,어린이교육,13,131,인원,0,0,0,0,0,0,0,0,0,0,0,0,0
대구지부,2019,어린이교육,13,132,개소,0,0,0,0,0,0,0,0,0,0,0,0,0
대구지부,2019,어린이교육,13,132,회차,0,0,0,0,0,0,0,0,0,0,0,0,0
대구지부,2019,어린이교육,13,132,인원,0,0,0,0,0,0,0,0,0,0,0,0,0
대구지부,2019,어린이교육,13,134,개소,0,0,0,0,0,0,0,0,0,0,0,0,0
대구지부,2019,어린이교육,13,134,회차,0,0,0,0,0,0,0,0,0,0,0,0,0
대구지부,2019,어린이교육,13,134,인원,0,0,0,0,0,0,0,0,0,0,0,0,0
대구지부,2019,어린이교육,13,137,개소,0,0,0,0,0,0,0,0,0,0,0,0,0
대구지부,2019,어린이교육,13,137,회차,0,0,0,0,0,0,0,0,0,0,0,0,0
대구지부,2019,어린이교육,13,137,인원,0,0,0,0,0,0,0,0,0,0,0,0,0
대구지부,2019,어린이교육,14,141,개소,0,0,0,0,0,0,0,0,0,0,0,0,0
대구지부,2019,어린이교육,14,141,회차,0,0,0,0,0,0,0,0,0,0,0,0,0
대구지부,2019,어린이교육,14,141,인원,0,0,0,0,0,0,0,0,0,0,0,0,0
대구지부,2019,어린이교육,14,142,개소,0,0,0,0,0,0,0,0,0,0,0,0,0
대구지부,2019,어린이교육,14,142,회차,0,0,0,0,0,0,0,0,0,0,0,0,0
대구지부,2019,어린이교육,14,142,인원,0,0,0,0,0,0,0,0,0,0,0,0,0
대구지부,2019,어린이교육,14,144,개소,0,0,0,0,0,0,0,0,0,0,0,0,0
대구지부,2019,어린이교육,14,144,회차,0,0,0,0,0,0,0,0,0,0,0,0,0
대구지부,2019,어린이교육,14,144,인원,0,0,0,0,0,0,0,0,0,0,0,0,0
대구지부,2019,어린이교육,14,147,개소,0,0,0,0,0,0,0,0,0,0,0,0,0
대구지부,2019,어린이교육,14,147,회차,0,0,0,0,0,0,0,0,0,0,0,0,0
대구지부,2019,어린이교육,14,147,인원,0,0,0,0,0,0,0,0,0,0,0,0,0
대구지부,2019,청소년교육,21,211,개소,0,0,0,0,0,0,0,0,0,0,0,0,0
대구지부,2019,청소년교육,21,211,회차,0,0,0,0,0,0,0,0,0,0,0,0,0
대구지부,2019,청소년교육,21,211,인원,0,0,0,0,0,0,0,0,0,0,0,0,0
대구지부,2019,청소년교육,21,212,개소,0,0,0,0,0,0,0,0,0,0,0,0,0
대구지부,2019,청소년교육,21,212,회차,0,0,0,0,0,0,0,0,0,0,0,0,0
대구지부,2019,청소년교육,21,212,인원,0,0,0,0,0,0,0,0,0,0,0,0,0
대구지부,2019,청소년교육,21,214,개소,0,0,0,0,0,0,0,0,0,0,0,0,0
대구지부,2019,청소년교육,21,214,회차,0,0,0,0,0,0,0,0,0,0,0,0,0
대구지부,2019,청소년교육,21,214,인원,0,0,0,0,0,0,0,0,0,0,0,0,0
대구지부,2019,청소년교육,21,217,개소,0,0,0,0,0,0,0,0,0,0,0,0,0
대구지부,2019,청소년교육,21,217,회차,0,0,0,0,0,0,0,0,0,0,0,0,0
대구지부,2019,청소년교육,21,217,인원,0,0,0,0,0,0,0,0,0,0,0,0,0
대구지부,2019,청소년교육,21,218,개소,0,0,0,0,0,0,0,0,0,0,0,0,0
대구지부,2019,청소년교육,21,218,회차,0,0,0,0,0,0,0,0,0,0,0,0,0
대구지부,2019,청소년교육,21,218,인원,0,0,0,0,0,0,0,0,0,0,0,0,0
대구지부,2019,청소년교육,22,221,개소,0,0,0,0,0,0,0,0,0,0,0,0,0
대구지부,2019,청소년교육,22,221,회차,0,0,0,0,0,0,0,0,0,0,0,0,0
대구지부,2019,청소년교육,22,221,인원,0,0,0,0,0,0,0,0,0,0,0,0,0
대구지부,2019,청소년교육,22,222,개소,0,0,0,0,0,0,0,0,0,0,0,0,0
대구지부,2019,청소년교육,22,222,회차,0,0,0,0,0,0,0,0,0,0,0,0,0
대구지부,2019,청소년교육,22,222,인원,0,0,0,0,0,0,0,0,0,0,0,0,0
대구지부,2019,청소년교육,22,223,개소,0,0,0,0,0,0,0,0,0,0,0,0,0
대구지부,2019,청소년교육,22,223,회차,0,0,0,0,0,0,0,0,0,0,0,0,0
대구지부,2019,청소년교육,22,223,인원,0,0,0,0,0,0,0,0,0,0,0,0,0
대구지부,2019,청소년교육,22,224,개소,0,0,0,0,0,0,0,0,0,0,0,0,0
대구지부,2019,청소년교육,22,224,회차,0,0,0,0,0,0,0,0,0,0,0,0,0
대구지부,2019,청소년교육,22,224,인원,0,0,0,0,0,0,0,0,0,0,0,0,0
대구지부,2019,청소년교육,22,226,개소,0,0,0,0,0,0,0,0,0,0,0,0,0
대구지부,2019,청소년교육,22,226,회차,0,0,0,0,0,0,0,0,0,0,0,0,0
대구지부,2019,청소년교육,22,226,인원,0,0,0,0,0,0,0,0,0,0,0,0,0
대구지부,2019,청소년교육,22,227,개소,0,0,0,0,0,0,0,0,0,0,0,0,0
대구지부,2019,청소년교육,22,227,회차,0,0,0,0,0,0,0,0,0,0,0,0,0
대구지부,2019,청소년교육,22,227,인원,0,0,0,0,0,0,0,0,0,0,0,0,0
대구지부,2019,청소년교육,22,228,개소,0,0,0,0,0,0,0,0,0,0,0,0,0
대구지부,2019,청소년교육,22,228,회차,0,0,0,0,0,0,0,0,0,0,0,0,0
대구지부,2019,청소년교육,22,228,인원,0,0,0,0,0,0,0,0,0,0,0,0,0
대구지부,2019,성인교육,31,312,개소,0,0,0,0,0,0,0,0,0,0,0,0,0
대구지부,2019,성인교육,31,312,회차,0,0,0,0,0,0,0,0,0,0,0,0,0
대구지부,2019,성인교육,31,312,인원,0,0,0,0,0,0,0,0,0,0,0,0,0
대구지부,2019,성인교육,31,313,개소,0,0,0,0,0,0,0,0,0,0,0,0,0
대구지부,2019,성인교육,31,313,회차,0,0,0,0,0,0,0,0,0,0,0,0,0
대구지부,2019,성인교육,31,313,인원,0,0,0,0,0,0,0,0,0,0,0,0,0
대구지부,2019,성인교육,31,314,개소,0,0,0,0,0,0,0,0,0,0,0,0,0
대구지부,2019,성인교육,31,314,회차,0,0,0,0,0,0,0,0,0,0,0,0,0
대구지부,2019,성인교육,31,314,인원,0,0,0,0,0,0,0,0,0,0,0,0,0
대구지부,2019,성인교육,31,316,개소,0,0,0,0,0,0,0,0,0,0,0,0,0
대구지부,2019,성인교육,31,316,회차,0,0,0,0,0,0,0,0,0,0,0,0,0
대구지부,2019,성인교육,31,316,인원,0,0,0,0,0,0,0,0,0,0,0,0,0
대구지부,2019,성인교육,31,317,개소,0,0,0,0,0,0,0,0,0,0,0,0,0
대구지부,2019,성인교육,31,317,회차,0,0,0,0,0,0,0,0,0,0,0,0,0
대구지부,2019,성인교육,31,317,인원,0,0,0,0,0,0,0,0,0,0,0,0,0
대구지부,2019,성인교육,31,318,개소,0,0,0,0,0,0,0,0,0,0,0,0,0
대구지부,2019,성인교육,31,318,회차,0,0,0,0,0,0,0,0,0,0,0,0,0
대구지부,2019,성인교육,31,318,인원,0,0,0,0,0,0,0,0,0,0,0,0,0
대구지부,2019,성인교육,31,319,개소,0,0,0,0,0,0,0,0,0,0,0,0,0
대구지부,2019,성인교육,31,319,회차,0,0,0,0,0,0,0,0,0,0,0,0,0
대구지부,2019,성인교육,31,319,인원,0,0,0,0,0,0,0,0,0,0,0,0,0
대구지부,2019,성인교육,32,322,개소,0,0,0,0,0,0,0,0,0,0,0,0,0
대구지부,2019,성인교육,32,322,회차,0,0,0,0,0,0,0,0,0,0,0,0,0
대구지부,2019,성인교육,32,322,인원,0,0,0,0,0,0,0,0,0,0,0,0,0
대구지부,2019,성인교육,32,323,개소,0,0,0,0,0,0,0,0,0,0,0,0,0
대구지부,2019,성인교육,32,323,회차,0,0,0,0,0,0,0,0,0,0,0,0,0
대구지부,2019,성인교육,32,323,인원,0,0,0,0,0,0,0,0,0,0,0,0,0
대구지부,2019,성인교육,32,326,개소,0,0,0,0,0,0,0,0,0,0,0,0,0
대구지부,2019,성인교육,32,326,회차,0,0,0,0,0,0,0,0,0,0,0,0,0
대구지부,2019,성인교육,32,326,인원,0,0,0,0,0,0,0,0,0,0,0,0,0
대구지부,2019,성인교육,32,328,개소,0,0,0,0,0,0,0,0,0,0,0,0,0
대구지부,2019,성인교육,32,328,회차,0,0,0,0,0,0,0,0,0,0,0,0,0
대구지부,2019,성인교육,32,328,인원,0,0,0,0,0,0,0,0,0,0,0,0,0
대구지부,2019,성인교육,32,329,개소,0,0,0,0,0,0,0,0,0,0,0,0,0
대구지부,2019,성인교육,32,329,회차,0,0,0,0,0,0,0,0,0,0,0,0,0
대구지부,2019,성인교육,32,329,인원,0,0,0,0,0,0,0,0,0,0,0,0,0
대구지부,2019,성인교육,33,332,개소,0,0,0,0,0,0,0,0,0,0,0,0,0
대구지부,2019,성인교육,33,332,회차,0,0,0,0,0,0,0,0,0,0,0,0,0
대구지부,2019,성인교육,33,332,인원,0,0,0,0,0,0,0,0,0,0,0,0,0
대구지부,2019,성인교육,33,333,개소,0,0,0,0,0,0,0,0,0,0,0,0,0
대구지부,2019,성인교육,33,333,회차,0,0,0,0,0,0,0,0,0,0,0,0,0
대구지부,2019,성인교육,33,333,인원,0,0,0,0,0,0,0,0,0,0,0,0,0
대구지부,2019,성인교육,33,336,개소,0,0,0,0,0,0,0,0,0,0,0,0,0
대구지부,2019,성인교육,33,336,회차,0,0,0,0,0,0,0,0,0,0,0,0,0
대구지부,2019,성인교육,33,336,인원,0,0,0,0,0,0,0,0,0,0,0,0,0
대구지부,2019,성인교육,33,338,개소,0,0,0,0,0,0,0,0,0,0,0,0,0
대구지부,2019,성인교육,33,338,회차,0,0,0,0,0,0,0,0,0,0,0,0,0
대구지부,2019,성인교육,33,338,인원,0,0,0,0,0,0,0,0,0,0,0,0,0
대구지부,2019,성인교육,33,339,개소,0,0,0,0,0,0,0,0,0,0,0,0,0
대구지부,2019,성인교육,33,339,회차,0,0,0,0,0,0,0,0,0,0,0,0,0
대구지부,2019,성인교육,33,339,인원,0,0,0,0,0,0,0,0,0,0,0,0,0
대구지부,2019,성인교육,34,342,개소,0,0,0,0,0,0,0,0,0,0,0,0,0
대구지부,2019,성인교육,34,342,회차,0,0,0,0,0,0,0,0,0,0,0,0,0
대구지부,2019,성인교육,34,342,인원,0,0,0,0,0,0,0,0,0,0,0,0,0
대구지부,2019,성인교육,34,343,개소,0,0,0,0,0,0,0,0,0,0,0,0,0
대구지부,2019,성인교육,34,343,회차,0,0,0,0,0,0,0,0,0,0,0,0,0
대구지부,2019,성인교육,34,343,인원,0,0,0,0,0,0,0,0,0,0,0,0,0
대구지부,2019,성인교육,34,346,개소,0,0,0,0,0,0,0,0,0,0,0,0,0
대구지부,2019,성인교육,34,346,회차,0,0,0,0,0,0,0,0,0,0,0,0,0
대구지부,2019,성인교육,34,346,인원,0,0,0,0,0,0,0,0,0,0,0,0,0
대구지부,2019,성인교육,34,348,개소,0,0,0,0,0,0,0,0,0,0,0,0,0
대구지부,2019,성인교육,34,348,회차,0,0,0,0,0,0,0,0,0,0,0,0,0
대구지부,2019,성인교육,34,348,인원,0,0,0,0,0,0,0,0,0,0,0,0,0
대구지부,2019,성인교육,34,349,개소,0,0,0,0,0,0,0,0,0,0,0,0,0
대구지부,2019,성인교육,34,349,회차,0,0,0,0,0,0,0,0,0,0,0,0,0
대구지부,2019,성인교육,34,349,인원,0,0,0,0,0,0,0,0,0,0,0,0,0
대구지부,2019,성인교육,35,352,개소,0,0,0,0,0,0,0,0,0,0,0,0,0
대구지부,2019,성인교육,35,352,회차,0,0,0,0,0,0,0,0,0,0,0,0,0
대구지부,2019,성인교육,35,352,인원,0,0,0,0,0,0,0,0,0,0,0,0,0
대구지부,2019,성인교육,35,353,개소,0,0,0,0,0,0,0,0,0,0,0,0,0
대구지부,2019,성인교육,35,353,회차,0,0,0,0,0,0,0,0,0,0,0,0,0
대구지부,2019,성인교육,35,353,인원,0,0,0,0,0,0,0,0,0,0,0,0,0
대구지부,2019,성인교육,35,356,개소,0,0,0,0,0,0,0,0,0,0,0,0,0
대구지부,2019,성인교육,35,356,회차,0,0,0,0,0,0,0,0,0,0,0,0,0
대구지부,2019,성인교육,35,356,인원,0,0,0,0,0,0,0,0,0,0,0,0,0
대구지부,2019,성인교육,35,358,개소,0,0,0,0,0,0,0,0,0,0,0,0,0
대구지부,2019,성인교육,35,358,회차,0,0,0,0,0,0,0,0,0,0,0,0,0
대구지부,2019,성인교육,35,358,인원,0,0,0,0,0,0,0,0,0,0,0,0,0
대구지부,2019,성인교육,35,359,개소,0,0,0,0,0,0,0,0,0,0,0,0,0
대구지부,2019,성인교육,35,359,회차,0,0,0,0,0,0,0,0,0,0,0,0,0
대구지부,2019,성인교육,35,359,인원,0,0,0,0,0,0,0,0,0,0,0,0,0
대구지부,2019,성인교육,36,362,개소,0,0,0,0,0,0,0,0,0,0,0,0,0
대구지부,2019,성인교육,36,362,회차,0,0,0,0,0,0,0,0,0,0,0,0,0
대구지부,2019,성인교육,36,362,인원,0,0,0,0,0,0,0,0,0,0,0,0,0
대구지부,2019,성인교육,36,363,개소,0,0,0,0,0,0,0,0,0,0,0,0,0
대구지부,2019,성인교육,36,363,회차,0,0,0,0,0,0,0,0,0,0,0,0,0
대구지부,2019,성인교육,36,363,인원,0,0,0,0,0,0,0,0,0,0,0,0,0
대구지부,2019,성인교육,36,365,개소,0,0,0,0,0,0,0,0,0,0,0,0,0
대구지부,2019,성인교육,36,365,회차,0,0,0,0,0,0,0,0,0,0,0,0,0
대구지부,2019,성인교육,36,365,인원,0,0,0,0,0,0,0,0,0,0,0,0,0
대구지부,2019,성인교육,36,366,개소,0,0,0,0,0,0,0,0,0,0,0,0,0
대구지부,2019,성인교육,36,366,회차,0,0,0,0,0,0,0,0,0,0,0,0,0
대구지부,2019,성인교육,36,366,인원,0,0,0,0,0,0,0,0,0,0,0,0,0
대구지부,2019,성인교육,36,368,개소,0,0,0,0,0,0,0,0,0,0,0,0,0
대구지부,2019,성인교육,36,368,회차,0,0,0,0,0,0,0,0,0,0,0,0,0
대구지부,2019,성인교육,36,368,인원,0,0,0,0,0,0,0,0,0,0,0,0,0
대구지부,2019,성인교육,36,369,개소,0,0,0,0,0,0,0,0,0,0,0,0,0
대구지부,2019,성인교육,36,369,회차,0,0,0,0,0,0,0,0,0,0,0,0,0
대구지부,2019,성인교육,36,369,인원,0,0,0,0,0,0,0,0,0,0,0,0,0
대구지부,2019,성인교육,37,372,개소,0,0,0,0,0,0,0,0,0,0,0,0,0
대구지부,2019,성인교육,37,372,회차,0,0,0,0,0,0,0,0,0,0,0,0,0
대구지부,2019,성인교육,37,372,인원,0,0,0,0,0,0,0,0,0,0,0,0,0
대구지부,2019,성인교육,37,373,개소,0,0,0,0,0,0,0,0,0,0,0,0,0
대구지부,2019,성인교육,37,373,회차,0,0,0,0,0,0,0,0,0,0,0,0,0
대구지부,2019,성인교육,37,373,인원,0,0,0,0,0,0,0,0,0,0,0,0,0
대구지부,2019,성인교육,37,376,개소,0,0,0,0,0,0,0,0,0,0,0,0,0
대구지부,2019,성인교육,37,376,회차,0,0,0,0,0,0,0,0,0,0,0,0,0
대구지부,2019,성인교육,37,376,인원,0,0,0,0,0,0,0,0,0,0,0,0,0
대구지부,2019,성인교육,37,378,개소,0,0,0,0,0,0,0,0,0,0,0,0,0
대구지부,2019,성인교육,37,378,회차,0,0,0,0,0,0,0,0,0,0,0,0,0
대구지부,2019,성인교육,37,378,인원,0,0,0,0,0,0,0,0,0,0,0,0,0
대구지부,2019,성인교육,37,379,개소,0,0,0,0,0,0,0,0,0,0,0,0,0
대구지부,2019,성인교육,37,379,회차,0,0,0,0,0,0,0,0,0,0,0,0,0
대구지부,2019,성인교육,37,379,인원,0,0,0,0,0,0,0,0,0,0,0,0,0
대구지부,2019,성인교육,38,381,개소,0,0,0,0,0,0,0,0,0,0,0,0,0
대구지부,2019,성인교육,38,381,회차,0,0,0,0,0,0,0,0,0,0,0,0,0
대구지부,2019,성인교육,38,381,인원,0,0,0,0,0,0,0,0,0,0,0,0,0
대구지부,2019,성인교육,38,382,개소,0,0,0,0,0,0,0,0,0,0,0,0,0
대구지부,2019,성인교육,38,382,회차,0,0,0,0,0,0,0,0,0,0,0,0,0
대구지부,2019,성인교육,38,382,인원,0,0,0,0,0,0,0,0,0,0,0,0,0
대구지부,2019,성인교육,38,386,개소,0,0,0,0,0,0,0,0,0,0,0,0,0
대구지부,2019,성인교육,38,386,회차,0,0,0,0,0,0,0,0,0,0,0,0,0
대구지부,2019,성인교육,38,386,인원,0,0,0,0,0,0,0,0,0,0,0,0,0
대구지부,2019,성인교육,38,388,개소,0,0,0,0,0,0,0,0,0,0,0,0,0
대구지부,2019,성인교육,38,388,회차,0,0,0,0,0,0,0,0,0,0,0,0,0
대구지부,2019,성인교육,38,388,인원,0,0,0,0,0,0,0,0,0,0,0,0,0
대구지부,2019,성인교육,39,392,개소,0,0,0,0,0,0,0,0,0,0,0,0,0
대구지부,2019,성인교육,39,392,회차,0,0,0,0,0,0,0,0,0,0,0,0,0
대구지부,2019,성인교육,39,392,인원,0,0,0,0,0,0,0,0,0,0,0,0,0
대구지부,2019,성인교육,39,393,개소,0,0,0,0,0,0,0,0,0,0,0,0,0
대구지부,2019,성인교육,39,393,회차,0,0,0,0,0,0,0,0,0,0,0,0,0
대구지부,2019,성인교육,39,393,인원,0,0,0,0,0,0,0,0,0,0,0,0,0
대구지부,2019,성인교육,39,396,개소,0,0,0,0,0,0,0,0,0,0,0,0,0
대구지부,2019,성인교육,39,396,회차,0,0,0,0,0,0,0,0,0,0,0,0,0
대구지부,2019,성인교육,39,396,인원,0,0,0,0,0,0,0,0,0,0,0,0,0
대구지부,2019,성인교육,39,398,개소,0,0,0,0,0,0,0,0,0,0,0,0,0
대구지부,2019,성인교육,39,398,회차,0,0,0,0,0,0,0,0,0,0,0,0,0
대구지부,2019,성인교육,39,398,인원,0,0,0,0,0,0,0,0,0,0,0,0,0
대구지부,2019,고령자교육,41,411,개소,0,0,0,0,0,0,0,0,0,0,0,0,0
대구지부,2019,고령자교육,41,411,회차,0,0,0,0,0,0,0,0,0,0,0,0,0
대구지부,2019,고령자교육,41,411,인원,0,0,0,0,0,0,0,0,0,0,0,0,0
대구지부,2019,고령자교육,41,412,개소,0,0,0,0,0,0,0,0,0,0,0,0,0
대구지부,2019,고령자교육,41,412,회차,0,0,0,0,0,0,0,0,0,0,0,0,0
대구지부,2019,고령자교육,41,412,인원,0,0,0,0,0,0,0,0,0,0,0,0,0
대구지부,2019,고령자교육,41,413,개소,0,0,0,0,0,0,0,0,0,0,0,0,0
대구지부,2019,고령자교육,41,413,회차,0,0,0,0,0,0,0,0,0,0,0,0,0
대구지부,2019,고령자교육,41,413,인원,0,0,0,0,0,0,0,0,0,0,0,0,0
대구지부,2019,고령자교육,41,417,개소,0,0,0,0,0,0,0,0,0,0,0,0,0
대구지부,2019,고령자교육,41,417,회차,0,0,0,0,0,0,0,0,0,0,0,0,0
대구지부,2019,고령자교육,41,417,인원,0,0,0,0,0,0,0,0,0,0,0,0,0
대구지부,2019,고령자교육,42,422,개소,0,0,0,0,0,0,0,0,0,0,0,0,0
대구지부,2019,고령자교육,42,422,회차,0,0,0,0,0,0,0,0,0,0,0,0,0
대구지부,2019,고령자교육,42,422,인원,0,0,0,0,0,0,0,0,0,0,0,0,0
대구지부,2019,고령자교육,42,423,개소,0,0,0,0,0,0,0,0,0,0,0,0,0
대구지부,2019,고령자교육,42,423,회차,0,0,0,0,0,0,0,0,0,0,0,0,0
대구지부,2019,고령자교육,42,423,인원,0,0,0,0,0,0,0,0,0,0,0,0,0
대구지부,2019,고령자교육,42,426,개소,0,0,0,0,0,0,0,0,0,0,0,0,0
대구지부,2019,고령자교육,42,426,회차,0,0,0,0,0,0,0,0,0,0,0,0,0
대구지부,2019,고령자교육,42,426,인원,0,0,0,0,0,0,0,0,0,0,0,0,0
대구지부,2019,교사교육,51,511,개소,0,0,0,0,0,0,0,0,0,0,0,0,0
대구지부,2019,교사교육,51,511,회차,0,0,0,0,0,0,0,0,0,0,0,0,0
대구지부,2019,교사교육,51,511,인원,0,0,0,0,0,0,0,0,0,0,0,0,0
대구지부,2019,교사교육,51,512,개소,0,0,0,0,0,0,0,0,0,0,0,0,0
대구지부,2019,교사교육,51,512,회차,0,0,0,0,0,0,0,0,0,0,0,0,0
대구지부,2019,교사교육,51,512,인원,0,0,0,0,0,0,0,0,0,0,0,0,0
대구지부,2019,교사교육,51,516,개소,0,0,0,0,0,0,0,0,0,0,0,0,0
대구지부,2019,교사교육,51,516,회차,0,0,0,0,0,0,0,0,0,0,0,0,0
대구지부,2019,교사교육,51,516,인원,0,0,0,0,0,0,0,0,0,0,0,0,0
대구지부,2019,교사교육,52,521,개소,0,0,0,0,0,0,0,0,0,0,0,0,0
대구지부,2019,교사교육,52,521,회차,0,0,0,0,0,0,0,0,0,0,0,0,0
대구지부,2019,교사교육,52,521,인원,0,0,0,0,0,0,0,0,0,0,0,0,0
대구지부,2019,교사교육,52,522,개소,0,0,0,0,0,0,0,0,0,0,0,0,0
대구지부,2019,교사교육,52,522,회차,0,0,0,0,0,0,0,0,0,0,0,0,0
대구지부,2019,교사교육,52,522,인원,0,0,0,0,0,0,0,0,0,0,0,0,0
대구지부,2019,교사교육,52,526,개소,0,0,0,0,0,0,0,0,0,0,0,0,0
대구지부,2019,교사교육,52,526,회차,0,0,0,0,0,0,0,0,0,0,0,0,0
대구지부,2019,교사교육,52,526,인원,0,0,0,0,0,0,0,0,0,0,0,0,0
대구지부,2019,교사교육,53,531,개소,0,0,0,0,0,0,0,0,0,0,0,0,0
대구지부,2019,교사교육,53,531,회차,0,0,0,0,0,0,0,0,0,0,0,0,0
대구지부,2019,교사교육,53,531,인원,0,0,0,0,0,0,0,0,0,0,0,0,0
대구지부,2019,교사교육,53,532,개소,0,0,0,0,0,0,0,0,0,0,0,0,0
대구지부,2019,교사교육,53,532,회차,0,0,0,0,0,0,0,0,0,0,0,0,0
대구지부,2019,교사교육,53,532,인원,0,0,0,0,0,0,0,0,0,0,0,0,0
대구지부,2019,교사교육,53,536,개소,0,0,0,0,0,0,0,0,0,0,0,0,0
대구지부,2019,교사교육,53,536,회차,0,0,0,0,0,0,0,0,0,0,0,0,0
대구지부,2019,교사교육,53,536,인원,0,0,0,0,0,0,0,0,0,0,0,0,0
대구지부,2019,교사교육,54,541,개소,0,0,0,0,0,0,0,0,0,0,0,0,0
대구지부,2019,교사교육,54,541,회차,0,0,0,0,0,0,0,0,0,0,0,0,0
대구지부,2019,교사교육,54,541,인원,0,0,0,0,0,0,0,0,0,0,0,0,0
대구지부,2019,교사교육,54,542,개소,0,0,0,0,0,0,0,0,0,0,0,0,0
대구지부,2019,교사교육,54,542,회차,0,0,0,0,0,0,0,0,0,0,0,0,0
대구지부,2019,교사교육,54,542,인원,0,0,0,0,0,0,0,0,0,0,0,0,0
대구지부,2019,교사교육,54,543,개소,0,0,0,0,0,0,0,0,0,0,0,0,0
대구지부,2019,교사교육,54,543,회차,0,0,0,0,0,0,0,0,0,0,0,0,0
대구지부,2019,교사교육,54,543,인원,0,0,0,0,0,0,0,0,0,0,0,0,0
대구지부,2019,교사교육,54,546,개소,0,0,0,0,0,0,0,0,0,0,0,0,0
대구지부,2019,교사교육,54,546,회차,0,0,0,0,0,0,0,0,0,0,0,0,0
대구지부,2019,교사교육,54,546,인원,0,0,0,0,0,0,0,0,0,0,0,0,0
대구지부,2020,어린이교육,11,111,개소,0,0,0,0,0,0,0,0,0,0,0,0,0
대구지부,2020,어린이교육,11,111,회차,0,0,0,0,0,0,0,0,0,0,0,0,0
대구지부,2020,어린이교육,11,111,인원,0,0,0,0,0,0,0,0,0,0,0,0,0
대구지부,2020,어린이교육,11,112,개소,0,0,0,0,0,0,0,0,0,0,0,0,0
대구지부,2020,어린이교육,11,112,회차,0,0,0,0,0,0,0,0,0,0,0,0,0
대구지부,2020,어린이교육,11,112,인원,0,0,0,0,0,0,0,0,0,0,0,0,0
대구지부,2020,어린이교육,11,113,개소,0,0,0,0,0,0,0,0,0,0,0,0,0
대구지부,2020,어린이교육,11,113,회차,0,0,0,0,0,0,0,0,0,0,0,0,0
대구지부,2020,어린이교육,11,113,인원,0,0,0,0,0,0,0,0,0,0,0,0,0
대구지부,2020,어린이교육,11,114,개소,0,0,0,0,0,0,0,0,0,0,0,0,0
대구지부,2020,어린이교육,11,114,회차,0,0,0,0,0,0,0,0,0,0,0,0,0
대구지부,2020,어린이교육,11,114,인원,0,0,0,0,0,0,0,0,0,0,0,0,0
대구지부,2020,어린이교육,12,121,개소,0,0,0,0,0,0,0,0,0,0,0,0,0
대구지부,2020,어린이교육,12,121,회차,0,0,0,0,0,0,0,0,0,0,0,0,0
대구지부,2020,어린이교육,12,121,인원,0,0,0,0,0,0,0,0,0,0,0,0,0
대구지부,2020,어린이교육,12,122,개소,0,0,0,0,0,0,0,0,0,0,0,0,0
대구지부,2020,어린이교육,12,122,회차,0,0,0,0,0,0,0,0,0,0,0,0,0
대구지부,2020,어린이교육,12,122,인원,0,0,0,0,0,0,0,0,0,0,0,0,0
대구지부,2020,어린이교육,12,124,개소,0,0,0,0,0,0,0,0,0,0,0,0,0
대구지부,2020,어린이교육,12,124,회차,0,0,0,0,0,0,0,0,0,0,0,0,0
대구지부,2020,어린이교육,12,124,인원,0,0,0,0,0,0,0,0,0,0,0,0,0
대구지부,2020,어린이교육,12,127,개소,0,0,0,0,0,0,0,0,0,0,0,0,0
대구지부,2020,어린이교육,12,127,회차,0,0,0,0,0,0,0,0,0,0,0,0,0
대구지부,2020,어린이교육,12,127,인원,0,0,0,0,0,0,0,0,0,0,0,0,0
대구지부,2020,어린이교육,13,131,개소,0,0,0,0,0,0,0,0,0,0,0,0,0
대구지부,2020,어린이교육,13,131,회차,0,0,0,0,0,0,0,0,0,0,0,0,0
대구지부,2020,어린이교육,13,131,인원,0,0,0,0,0,0,0,0,0,0,0,0,0
대구지부,2020,어린이교육,13,132,개소,0,0,0,0,0,0,0,0,0,0,0,0,0
대구지부,2020,어린이교육,13,132,회차,0,0,0,0,0,0,0,0,0,0,0,0,0
대구지부,2020,어린이교육,13,132,인원,0,0,0,0,0,0,0,0,0,0,0,0,0
대구지부,2020,어린이교육,13,134,개소,0,0,0,0,0,0,0,0,0,0,0,0,0
대구지부,2020,어린이교육,13,134,회차,0,0,0,0,0,0,0,0,0,0,0,0,0
대구지부,2020,어린이교육,13,134,인원,0,0,0,0,0,0,0,0,0,0,0,0,0
대구지부,2020,어린이교육,13,137,개소,0,0,0,0,0,0,0,0,0,0,0,0,0
대구지부,2020,어린이교육,13,137,회차,0,0,0,0,0,0,0,0,0,0,0,0,0
대구지부,2020,어린이교육,13,137,인원,0,0,0,0,0,0,0,0,0,0,0,0,0
대구지부,2020,어린이교육,14,141,개소,0,0,0,0,0,0,0,0,0,0,0,0,0
대구지부,2020,어린이교육,14,141,회차,0,0,0,0,0,0,0,0,0,0,0,0,0
대구지부,2020,어린이교육,14,141,인원,0,0,0,0,0,0,0,0,0,0,0,0,0
대구지부,2020,어린이교육,14,142,개소,0,0,0,0,0,0,0,0,0,0,0,0,0
대구지부,2020,어린이교육,14,142,회차,0,0,0,0,0,0,0,0,0,0,0,0,0
대구지부,2020,어린이교육,14,142,인원,0,0,0,0,0,0,0,0,0,0,0,0,0
대구지부,2020,어린이교육,14,144,개소,0,0,0,0,0,0,0,0,0,0,0,0,0
대구지부,2020,어린이교육,14,144,회차,0,0,0,0,0,0,0,0,0,0,0,0,0
대구지부,2020,어린이교육,14,144,인원,0,0,0,0,0,0,0,0,0,0,0,0,0
대구지부,2020,어린이교육,14,147,개소,0,0,0,0,0,0,0,0,0,0,0,0,0
대구지부,2020,어린이교육,14,147,회차,0,0,0,0,0,0,0,0,0,0,0,0,0
대구지부,2020,어린이교육,14,147,인원,0,0,0,0,0,0,0,0,0,0,0,0,0
대구지부,2020,청소년교육,21,211,개소,0,0,0,0,0,0,0,0,0,0,0,0,0
대구지부,2020,청소년교육,21,211,회차,0,0,0,0,0,0,0,0,0,0,0,0,0
대구지부,2020,청소년교육,21,211,인원,0,0,0,0,0,0,0,0,0,0,0,0,0
대구지부,2020,청소년교육,21,212,개소,0,0,0,0,0,0,0,0,0,0,0,0,0
대구지부,2020,청소년교육,21,212,회차,0,0,0,0,0,0,0,0,0,0,0,0,0
대구지부,2020,청소년교육,21,212,인원,0,0,0,0,0,0,0,0,0,0,0,0,0
대구지부,2020,청소년교육,21,214,개소,0,0,0,0,0,0,0,0,0,0,0,0,0
대구지부,2020,청소년교육,21,214,회차,0,0,0,0,0,0,0,0,0,0,0,0,0
대구지부,2020,청소년교육,21,214,인원,0,0,0,0,0,0,0,0,0,0,0,0,0
대구지부,2020,청소년교육,21,217,개소,0,0,0,0,0,0,0,0,0,0,0,0,0
대구지부,2020,청소년교육,21,217,회차,0,0,0,0,0,0,0,0,0,0,0,0,0
대구지부,2020,청소년교육,21,217,인원,0,0,0,0,0,0,0,0,0,0,0,0,0
대구지부,2020,청소년교육,21,218,개소,0,0,0,0,0,0,0,0,0,0,0,0,0
대구지부,2020,청소년교육,21,218,회차,0,0,0,0,0,0,0,0,0,0,0,0,0
대구지부,2020,청소년교육,21,218,인원,0,0,0,0,0,0,0,0,0,0,0,0,0
대구지부,2020,청소년교육,22,221,개소,0,0,0,0,0,0,0,0,0,0,0,0,0
대구지부,2020,청소년교육,22,221,회차,0,0,0,0,0,0,0,0,0,0,0,0,0
대구지부,2020,청소년교육,22,221,인원,0,0,0,0,0,0,0,0,0,0,0,0,0
대구지부,2020,청소년교육,22,222,개소,0,0,0,0,0,0,0,0,0,0,0,0,0
대구지부,2020,청소년교육,22,222,회차,0,0,0,0,0,0,0,0,0,0,0,0,0
대구지부,2020,청소년교육,22,222,인원,0,0,0,0,0,0,0,0,0,0,0,0,0
대구지부,2020,청소년교육,22,223,개소,0,0,0,0,0,0,0,0,0,0,0,0,0
대구지부,2020,청소년교육,22,223,회차,0,0,0,0,0,0,0,0,0,0,0,0,0
대구지부,2020,청소년교육,22,223,인원,0,0,0,0,0,0,0,0,0,0,0,0,0
대구지부,2020,청소년교육,22,224,개소,0,0,0,0,0,0,0,0,0,0,0,0,0
대구지부,2020,청소년교육,22,224,회차,0,0,0,0,0,0,0,0,0,0,0,0,0
대구지부,2020,청소년교육,22,224,인원,0,0,0,0,0,0,0,0,0,0,0,0,0
대구지부,2020,청소년교육,22,226,개소,0,0,0,0,0,0,0,0,0,0,0,0,0
대구지부,2020,청소년교육,22,226,회차,0,0,0,0,0,0,0,0,0,0,0,0,0
대구지부,2020,청소년교육,22,226,인원,0,0,0,0,0,0,0,0,0,0,0,0,0
대구지부,2020,청소년교육,22,227,개소,0,0,0,0,0,0,0,0,0,0,0,0,0
대구지부,2020,청소년교육,22,227,회차,0,0,0,0,0,0,0,0,0,0,0,0,0
대구지부,2020,청소년교육,22,227,인원,0,0,0,0,0,0,0,0,0,0,0,0,0
대구지부,2020,청소년교육,22,228,개소,0,0,0,0,0,0,0,0,0,0,0,0,0
대구지부,2020,청소년교육,22,228,회차,0,0,0,0,0,0,0,0,0,0,0,0,0
대구지부,2020,청소년교육,22,228,인원,0,0,0,0,0,0,0,0,0,0,0,0,0
대구지부,2020,성인교육,31,312,개소,0,0,0,0,0,0,0,0,0,0,0,0,0
대구지부,2020,성인교육,31,312,회차,0,0,0,0,0,0,0,0,0,0,0,0,0
대구지부,2020,성인교육,31,312,인원,0,0,0,0,0,0,0,0,0,0,0,0,0
대구지부,2020,성인교육,31,313,개소,0,0,0,0,0,0,0,0,0,0,0,0,0
대구지부,2020,성인교육,31,313,회차,0,0,0,0,0,0,0,0,0,0,0,0,0
대구지부,2020,성인교육,31,313,인원,0,0,0,0,0,0,0,0,0,0,0,0,0
대구지부,2020,성인교육,31,314,개소,0,0,0,0,0,0,0,0,0,0,0,0,0
대구지부,2020,성인교육,31,314,회차,0,0,0,0,0,0,0,0,0,0,0,0,0
대구지부,2020,성인교육,31,314,인원,0,0,0,0,0,0,0,0,0,0,0,0,0
대구지부,2020,성인교육,31,316,개소,0,0,0,0,0,0,0,0,0,0,0,0,0
대구지부,2020,성인교육,31,316,회차,0,0,0,0,0,0,0,0,0,0,0,0,0
대구지부,2020,성인교육,31,316,인원,0,0,0,0,0,0,0,0,0,0,0,0,0
대구지부,2020,성인교육,31,317,개소,0,0,0,0,0,0,0,0,0,0,0,0,0
대구지부,2020,성인교육,31,317,회차,0,0,0,0,0,0,0,0,0,0,0,0,0
대구지부,2020,성인교육,31,317,인원,0,0,0,0,0,0,0,0,0,0,0,0,0
대구지부,2020,성인교육,31,318,개소,0,0,0,0,0,0,0,0,0,0,0,0,0
대구지부,2020,성인교육,31,318,회차,0,0,0,0,0,0,0,0,0,0,0,0,0
대구지부,2020,성인교육,31,318,인원,0,0,0,0,0,0,0,0,0,0,0,0,0
대구지부,2020,성인교육,31,319,개소,0,0,0,0,0,0,0,0,0,0,0,0,0
대구지부,2020,성인교육,31,319,회차,0,0,0,0,0,0,0,0,0,0,0,0,0
대구지부,2020,성인교육,31,319,인원,0,0,0,0,0,0,0,0,0,0,0,0,0
대구지부,2020,성인교육,32,322,개소,0,0,0,0,0,0,0,0,0,0,0,0,0
대구지부,2020,성인교육,32,322,회차,0,0,0,0,0,0,0,0,0,0,0,0,0
대구지부,2020,성인교육,32,322,인원,0,0,0,0,0,0,0,0,0,0,0,0,0
대구지부,2020,성인교육,32,323,개소,0,0,0,0,0,0,0,0,0,0,0,0,0
대구지부,2020,성인교육,32,323,회차,0,0,0,0,0,0,0,0,0,0,0,0,0
대구지부,2020,성인교육,32,323,인원,0,0,0,0,0,0,0,0,0,0,0,0,0
대구지부,2020,성인교육,32,326,개소,0,0,0,0,0,0,0,0,0,0,0,0,0
대구지부,2020,성인교육,32,326,회차,0,0,0,0,0,0,0,0,0,0,0,0,0
대구지부,2020,성인교육,32,326,인원,0,0,0,0,0,0,0,0,0,0,0,0,0
대구지부,2020,성인교육,32,328,개소,0,0,0,0,0,0,0,0,0,0,0,0,0
대구지부,2020,성인교육,32,328,회차,0,0,0,0,0,0,0,0,0,0,0,0,0
대구지부,2020,성인교육,32,328,인원,0,0,0,0,0,0,0,0,0,0,0,0,0
대구지부,2020,성인교육,32,329,개소,0,0,0,0,0,0,0,0,0,0,0,0,0
대구지부,2020,성인교육,32,329,회차,0,0,0,0,0,0,0,0,0,0,0,0,0
대구지부,2020,성인교육,32,329,인원,0,0,0,0,0,0,0,0,0,0,0,0,0
대구지부,2020,성인교육,33,332,개소,0,0,0,0,0,0,0,0,0,0,0,0,0
대구지부,2020,성인교육,33,332,회차,0,0,0,0,0,0,0,0,0,0,0,0,0
대구지부,2020,성인교육,33,332,인원,0,0,0,0,0,0,0,0,0,0,0,0,0
대구지부,2020,성인교육,33,333,개소,0,0,0,0,0,0,0,0,0,0,0,0,0
대구지부,2020,성인교육,33,333,회차,0,0,0,0,0,0,0,0,0,0,0,0,0
대구지부,2020,성인교육,33,333,인원,0,0,0,0,0,0,0,0,0,0,0,0,0
대구지부,2020,성인교육,33,336,개소,0,0,0,0,0,0,0,0,0,0,0,0,0
대구지부,2020,성인교육,33,336,회차,0,0,0,0,0,0,0,0,0,0,0,0,0
대구지부,2020,성인교육,33,336,인원,0,0,0,0,0,0,0,0,0,0,0,0,0
대구지부,2020,성인교육,33,338,개소,0,0,0,0,0,0,0,0,0,0,0,0,0
대구지부,2020,성인교육,33,338,회차,0,0,0,0,0,0,0,0,0,0,0,0,0
대구지부,2020,성인교육,33,338,인원,0,0,0,0,0,0,0,0,0,0,0,0,0
대구지부,2020,성인교육,33,339,개소,0,0,0,0,0,0,0,0,0,0,0,0,0
대구지부,2020,성인교육,33,339,회차,0,0,0,0,0,0,0,0,0,0,0,0,0
대구지부,2020,성인교육,33,339,인원,0,0,0,0,0,0,0,0,0,0,0,0,0
대구지부,2020,성인교육,34,342,개소,0,0,0,0,0,0,0,0,0,0,0,0,0
대구지부,2020,성인교육,34,342,회차,0,0,0,0,0,0,0,0,0,0,0,0,0
대구지부,2020,성인교육,34,342,인원,0,0,0,0,0,0,0,0,0,0,0,0,0
대구지부,2020,성인교육,34,343,개소,0,0,0,0,0,0,0,0,0,0,0,0,0
대구지부,2020,성인교육,34,343,회차,0,0,0,0,0,0,0,0,0,0,0,0,0
대구지부,2020,성인교육,34,343,인원,0,0,0,0,0,0,0,0,0,0,0,0,0
대구지부,2020,성인교육,34,346,개소,0,0,0,0,0,0,0,0,0,0,0,0,0
대구지부,2020,성인교육,34,346,회차,0,0,0,0,0,0,0,0,0,0,0,0,0
대구지부,2020,성인교육,34,346,인원,0,0,0,0,0,0,0,0,0,0,0,0,0
대구지부,2020,성인교육,34,348,개소,0,0,0,0,0,0,0,0,0,0,0,0,0
대구지부,2020,성인교육,34,348,회차,0,0,0,0,0,0,0,0,0,0,0,0,0
대구지부,2020,성인교육,34,348,인원,0,0,0,0,0,0,0,0,0,0,0,0,0
대구지부,2020,성인교육,34,349,개소,0,0,0,0,0,0,0,0,0,0,0,0,0
대구지부,2020,성인교육,34,349,회차,0,0,0,0,0,0,0,0,0,0,0,0,0
대구지부,2020,성인교육,34,349,인원,0,0,0,0,0,0,0,0,0,0,0,0,0
대구지부,2020,성인교육,35,352,개소,0,0,0,0,0,0,0,0,0,0,0,0,0
대구지부,2020,성인교육,35,352,회차,0,0,0,0,0,0,0,0,0,0,0,0,0
대구지부,2020,성인교육,35,352,인원,0,0,0,0,0,0,0,0,0,0,0,0,0
대구지부,2020,성인교육,35,353,개소,0,0,0,0,0,0,0,0,0,0,0,0,0
대구지부,2020,성인교육,35,353,회차,0,0,0,0,0,0,0,0,0,0,0,0,0
대구지부,2020,성인교육,35,353,인원,0,0,0,0,0,0,0,0,0,0,0,0,0
대구지부,2020,성인교육,35,356,개소,0,0,0,0,0,0,0,0,0,0,0,0,0
대구지부,2020,성인교육,35,356,회차,0,0,0,0,0,0,0,0,0,0,0,0,0
대구지부,2020,성인교육,35,356,인원,0,0,0,0,0,0,0,0,0,0,0,0,0
대구지부,2020,성인교육,35,358,개소,0,0,0,0,0,0,0,0,0,0,0,0,0
대구지부,2020,성인교육,35,358,회차,0,0,0,0,0,0,0,0,0,0,0,0,0
대구지부,2020,성인교육,35,358,인원,0,0,0,0,0,0,0,0,0,0,0,0,0
대구지부,2020,성인교육,35,359,개소,0,0,0,0,0,0,0,0,0,0,0,0,0
대구지부,2020,성인교육,35,359,회차,0,0,0,0,0,0,0,0,0,0,0,0,0
대구지부,2020,성인교육,35,359,인원,0,0,0,0,0,0,0,0,0,0,0,0,0
대구지부,2020,성인교육,36,362,개소,0,0,0,0,0,0,0,0,0,0,0,0,0
대구지부,2020,성인교육,36,362,회차,0,0,0,0,0,0,0,0,0,0,0,0,0
대구지부,2020,성인교육,36,362,인원,0,0,0,0,0,0,0,0,0,0,0,0,0
대구지부,2020,성인교육,36,363,개소,0,0,0,0,0,0,0,0,0,0,0,0,0
대구지부,2020,성인교육,36,363,회차,0,0,0,0,0,0,0,0,0,0,0,0,0
대구지부,2020,성인교육,36,363,인원,0,0,0,0,0,0,0,0,0,0,0,0,0
대구지부,2020,성인교육,36,365,개소,0,0,0,0,0,0,0,0,0,0,0,0,0
대구지부,2020,성인교육,36,365,회차,0,0,0,0,0,0,0,0,0,0,0,0,0
대구지부,2020,성인교육,36,365,인원,0,0,0,0,0,0,0,0,0,0,0,0,0
대구지부,2020,성인교육,36,366,개소,0,0,0,0,0,0,0,0,0,0,0,0,0
대구지부,2020,성인교육,36,366,회차,0,0,0,0,0,0,0,0,0,0,0,0,0
대구지부,2020,성인교육,36,366,인원,0,0,0,0,0,0,0,0,0,0,0,0,0
대구지부,2020,성인교육,36,368,개소,0,0,0,0,0,0,0,0,0,0,0,0,0
대구지부,2020,성인교육,36,368,회차,0,0,0,0,0,0,0,0,0,0,0,0,0
대구지부,2020,성인교육,36,368,인원,0,0,0,0,0,0,0,0,0,0,0,0,0
대구지부,2020,성인교육,36,369,개소,0,0,0,0,0,0,0,0,0,0,0,0,0
대구지부,2020,성인교육,36,369,회차,0,0,0,0,0,0,0,0,0,0,0,0,0
대구지부,2020,성인교육,36,369,인원,0,0,0,0,0,0,0,0,0,0,0,0,0
대구지부,2020,성인교육,37,372,개소,0,0,0,0,0,0,0,0,0,0,0,0,0
대구지부,2020,성인교육,37,372,회차,0,0,0,0,0,0,0,0,0,0,0,0,0
대구지부,2020,성인교육,37,372,인원,0,0,0,0,0,0,0,0,0,0,0,0,0
대구지부,2020,성인교육,37,373,개소,0,0,0,0,0,0,0,0,0,0,0,0,0
대구지부,2020,성인교육,37,373,회차,0,0,0,0,0,0,0,0,0,0,0,0,0
대구지부,2020,성인교육,37,373,인원,0,0,0,0,0,0,0,0,0,0,0,0,0
대구지부,2020,성인교육,37,376,개소,0,0,0,0,0,0,0,0,0,0,0,0,0
대구지부,2020,성인교육,37,376,회차,0,0,0,0,0,0,0,0,0,0,0,0,0
대구지부,2020,성인교육,37,376,인원,0,0,0,0,0,0,0,0,0,0,0,0,0
대구지부,2020,성인교육,37,378,개소,0,0,0,0,0,0,0,0,0,0,0,0,0
대구지부,2020,성인교육,37,378,회차,0,0,0,0,0,0,0,0,0,0,0,0,0
대구지부,2020,성인교육,37,378,인원,0,0,0,0,0,0,0,0,0,0,0,0,0
대구지부,2020,성인교육,37,379,개소,0,0,0,0,0,0,0,0,0,0,0,0,0
대구지부,2020,성인교육,37,379,회차,0,0,0,0,0,0,0,0,0,0,0,0,0
대구지부,2020,성인교육,37,379,인원,0,0,0,0,0,0,0,0,0,0,0,0,0
대구지부,2020,성인교육,38,381,개소,0,0,0,0,0,0,0,0,0,0,0,0,0
대구지부,2020,성인교육,38,381,회차,0,0,0,0,0,0,0,0,0,0,0,0,0
대구지부,2020,성인교육,38,381,인원,0,0,0,0,0,0,0,0,0,0,0,0,0
대구지부,2020,성인교육,38,382,개소,0,0,0,0,0,0,0,0,0,0,0,0,0
대구지부,2020,성인교육,38,382,회차,0,0,0,0,0,0,0,0,0,0,0,0,0
대구지부,2020,성인교육,38,382,인원,0,0,0,0,0,0,0,0,0,0,0,0,0
대구지부,2020,성인교육,38,386,개소,0,0,0,0,0,0,0,0,0,0,0,0,0
대구지부,2020,성인교육,38,386,회차,0,0,0,0,0,0,0,0,0,0,0,0,0
대구지부,2020,성인교육,38,386,인원,0,0,0,0,0,0,0,0,0,0,0,0,0
대구지부,2020,성인교육,38,388,개소,0,0,0,0,0,0,0,0,0,0,0,0,0
대구지부,2020,성인교육,38,388,회차,0,0,0,0,0,0,0,0,0,0,0,0,0
대구지부,2020,성인교육,38,388,인원,0,0,0,0,0,0,0,0,0,0,0,0,0
대구지부,2020,성인교육,39,392,개소,0,0,0,0,0,0,0,0,0,0,0,0,0
대구지부,2020,성인교육,39,392,회차,0,0,0,0,0,0,0,0,0,0,0,0,0
대구지부,2020,성인교육,39,392,인원,0,0,0,0,0,0,0,0,0,0,0,0,0
대구지부,2020,성인교육,39,393,개소,0,0,0,0,0,0,0,0,0,0,0,0,0
대구지부,2020,성인교육,39,393,회차,0,0,0,0,0,0,0,0,0,0,0,0,0
대구지부,2020,성인교육,39,393,인원,0,0,0,0,0,0,0,0,0,0,0,0,0
대구지부,2020,성인교육,39,396,개소,0,0,0,0,0,0,0,0,0,0,0,0,0
대구지부,2020,성인교육,39,396,회차,0,0,0,0,0,0,0,0,0,0,0,0,0
대구지부,2020,성인교육,39,396,인원,0,0,0,0,0,0,0,0,0,0,0,0,0
대구지부,2020,성인교육,39,398,개소,0,0,0,0,0,0,0,0,0,0,0,0,0
대구지부,2020,성인교육,39,398,회차,0,0,0,0,0,0,0,0,0,0,0,0,0
대구지부,2020,성인교육,39,398,인원,0,0,0,0,0,0,0,0,0,0,0,0,0
대구지부,2020,고령자교육,41,411,개소,0,0,0,0,0,0,0,0,0,0,0,0,0
대구지부,2020,고령자교육,41,411,회차,0,0,0,0,0,0,0,0,0,0,0,0,0
대구지부,2020,고령자교육,41,411,인원,0,0,0,0,0,0,0,0,0,0,0,0,0
대구지부,2020,고령자교육,41,412,개소,0,0,0,0,0,0,0,0,0,0,0,0,0
대구지부,2020,고령자교육,41,412,회차,0,0,0,0,0,0,0,0,0,0,0,0,0
대구지부,2020,고령자교육,41,412,인원,0,0,0,0,0,0,0,0,0,0,0,0,0
대구지부,2020,고령자교육,41,413,개소,0,0,0,0,0,0,0,0,0,0,0,0,0
대구지부,2020,고령자교육,41,413,회차,0,0,0,0,0,0,0,0,0,0,0,0,0
대구지부,2020,고령자교육,41,413,인원,0,0,0,0,0,0,0,0,0,0,0,0,0
대구지부,2020,고령자교육,41,417,개소,0,0,0,0,0,0,0,0,0,0,0,0,0
대구지부,2020,고령자교육,41,417,회차,0,0,0,0,0,0,0,0,0,0,0,0,0
대구지부,2020,고령자교육,41,417,인원,0,0,0,0,0,0,0,0,0,0,0,0,0
대구지부,2020,고령자교육,42,422,개소,0,0,0,0,0,0,0,0,0,0,0,0,0
대구지부,2020,고령자교육,42,422,회차,0,0,0,0,0,0,0,0,0,0,0,0,0
대구지부,2020,고령자교육,42,422,인원,0,0,0,0,0,0,0,0,0,0,0,0,0
대구지부,2020,고령자교육,42,423,개소,0,0,0,0,0,0,0,0,0,0,0,0,0
대구지부,2020,고령자교육,42,423,회차,0,0,0,0,0,0,0,0,0,0,0,0,0
대구지부,2020,고령자교육,42,423,인원,0,0,0,0,0,0,0,0,0,0,0,0,0
대구지부,2020,고령자교육,42,426,개소,0,0,0,0,0,0,0,0,0,0,0,0,0
대구지부,2020,고령자교육,42,426,회차,0,0,0,0,0,0,0,0,0,0,0,0,0
대구지부,2020,고령자교육,42,426,인원,0,0,0,0,0,0,0,0,0,0,0,0,0
대구지부,2020,교사교육,51,511,개소,0,0,0,0,0,0,0,0,0,0,0,0,0
대구지부,2020,교사교육,51,511,회차,0,0,0,0,0,0,0,0,0,0,0,0,0
대구지부,2020,교사교육,51,511,인원,0,0,0,0,0,0,0,0,0,0,0,0,0
대구지부,2020,교사교육,51,512,개소,0,0,0,0,0,0,0,0,0,0,0,0,0
대구지부,2020,교사교육,51,512,회차,0,0,0,0,0,0,0,0,0,0,0,0,0
대구지부,2020,교사교육,51,512,인원,0,0,0,0,0,0,0,0,0,0,0,0,0
대구지부,2020,교사교육,51,516,개소,0,0,0,0,0,0,0,0,0,0,0,0,0
대구지부,2020,교사교육,51,516,회차,0,0,0,0,0,0,0,0,0,0,0,0,0
대구지부,2020,교사교육,51,516,인원,0,0,0,0,0,0,0,0,0,0,0,0,0
대구지부,2020,교사교육,52,521,개소,0,0,0,0,0,0,0,0,0,0,0,0,0
대구지부,2020,교사교육,52,521,회차,0,0,0,0,0,0,0,0,0,0,0,0,0
대구지부,2020,교사교육,52,521,인원,0,0,0,0,0,0,0,0,0,0,0,0,0
대구지부,2020,교사교육,52,522,개소,0,0,0,0,0,0,0,0,0,0,0,0,0
대구지부,2020,교사교육,52,522,회차,0,0,0,0,0,0,0,0,0,0,0,0,0
대구지부,2020,교사교육,52,522,인원,0,0,0,0,0,0,0,0,0,0,0,0,0
대구지부,2020,교사교육,52,526,개소,0,0,0,0,0,0,0,0,0,0,0,0,0
대구지부,2020,교사교육,52,526,회차,0,0,0,0,0,0,0,0,0,0,0,0,0
대구지부,2020,교사교육,52,526,인원,0,0,0,0,0,0,0,0,0,0,0,0,0
대구지부,2020,교사교육,53,531,개소,0,0,0,0,0,0,0,0,0,0,0,0,0
대구지부,2020,교사교육,53,531,회차,0,0,0,0,0,0,0,0,0,0,0,0,0
대구지부,2020,교사교육,53,531,인원,0,0,0,0,0,0,0,0,0,0,0,0,0
대구지부,2020,교사교육,53,532,개소,0,0,0,0,0,0,0,0,0,0,0,0,0
대구지부,2020,교사교육,53,532,회차,0,0,0,0,0,0,0,0,0,0,0,0,0
대구지부,2020,교사교육,53,532,인원,0,0,0,0,0,0,0,0,0,0,0,0,0
대구지부,2020,교사교육,53,536,개소,0,0,0,0,0,0,0,0,0,0,0,0,0
대구지부,2020,교사교육,53,536,회차,0,0,0,0,0,0,0,0,0,0,0,0,0
대구지부,2020,교사교육,53,536,인원,0,0,0,0,0,0,0,0,0,0,0,0,0
대구지부,2020,교사교육,54,541,개소,0,0,0,0,0,0,0,0,0,0,0,0,0
대구지부,2020,교사교육,54,541,회차,0,0,0,0,0,0,0,0,0,0,0,0,0
대구지부,2020,교사교육,54,541,인원,0,0,0,0,0,0,0,0,0,0,0,0,0
대구지부,2020,교사교육,54,542,개소,0,0,0,0,0,0,0,0,0,0,0,0,0
대구지부,2020,교사교육,54,542,회차,0,0,0,0,0,0,0,0,0,0,0,0,0
대구지부,2020,교사교육,54,542,인원,0,0,0,0,0,0,0,0,0,0,0,0,0
대구지부,2020,교사교육,54,543,개소,0,0,0,0,0,0,0,0,0,0,0,0,0
대구지부,2020,교사교육,54,543,회차,0,0,0,0,0,0,0,0,0,0,0,0,0
대구지부,2020,교사교육,54,543,인원,0,0,0,0,0,0,0,0,0,0,0,0,0
대구지부,2020,교사교육,54,546,개소,0,0,0,0,0,0,0,0,0,0,0,0,0
대구지부,2020,교사교육,54,546,회차,0,0,0,0,0,0,0,0,0,0,0,0,0
대구지부,2020,교사교육,54,546,인원,0,0,0,0,0,0,0,0,0,0,0,0,0
인천지부,2016,어린이교육,11,111,개소,0,0,0,0,0,0,0,0,0,0,0,0,0
인천지부,2016,어린이교육,11,111,회차,0,0,0,0,0,0,0,0,0,0,0,0,0
인천지부,2016,어린이교육,11,111,인원,0,0,0,0,0,0,0,0,0,0,0,0,0
인천지부,2016,어린이교육,11,112,개소,0,0,0,0,0,0,0,0,0,0,0,0,0
인천지부,2016,어린이교육,11,112,회차,0,0,0,0,0,0,0,0,0,0,0,0,0
인천지부,2016,어린이교육,11,112,인원,0,0,0,0,0,0,0,0,0,0,0,0,0
인천지부,2016,어린이교육,11,113,개소,0,0,0,0,0,0,0,0,0,0,0,0,0
인천지부,2016,어린이교육,11,113,회차,0,0,0,0,0,0,0,0,0,0,0,0,0
인천지부,2016,어린이교육,11,113,인원,0,0,0,0,0,0,0,0,0,0,0,0,0
인천지부,2016,어린이교육,12,121,개소,0,0,0,0,0,0,0,0,0,0,0,0,0
인천지부,2016,어린이교육,12,121,회차,0,0,0,0,0,0,0,0,0,0,0,0,0
인천지부,2016,어린이교육,12,121,인원,0,0,0,0,0,0,0,0,0,0,0,0,0
인천지부,2016,어린이교육,12,122,개소,0,0,0,0,0,0,0,0,0,0,0,0,0
인천지부,2016,어린이교육,12,122,회차,0,0,0,0,0,0,0,0,0,0,0,0,0
인천지부,2016,어린이교육,12,122,인원,0,0,0,0,0,0,0,0,0,0,0,0,0
인천지부,2016,어린이교육,12,127,개소,0,0,0,0,0,0,0,0,0,0,0,0,0
인천지부,2016,어린이교육,12,127,회차,0,0,0,0,0,0,0,0,0,0,0,0,0
인천지부,2016,어린이교육,12,127,인원,0,0,0,0,0,0,0,0,0,0,0,0,0
인천지부,2016,어린이교육,13,131,개소,0,0,0,0,0,0,0,0,0,0,0,0,0
인천지부,2016,어린이교육,13,131,회차,0,0,0,0,0,0,0,0,0,0,0,0,0
인천지부,2016,어린이교육,13,131,인원,0,0,0,0,0,0,0,0,0,0,0,0,0
인천지부,2016,어린이교육,13,132,개소,0,0,0,0,0,0,0,0,0,0,0,0,0
인천지부,2016,어린이교육,13,132,회차,0,0,0,0,0,0,0,0,0,0,0,0,0
인천지부,2016,어린이교육,13,132,인원,0,0,0,0,0,0,0,0,0,0,0,0,0
인천지부,2016,어린이교육,13,137,개소,0,0,0,0,0,0,0,0,0,0,0,0,0
인천지부,2016,어린이교육,13,137,회차,0,0,0,0,0,0,0,0,0,0,0,0,0
인천지부,2016,어린이교육,13,137,인원,0,0,0,0,0,0,0,0,0,0,0,0,0
인천지부,2016,어린이교육,14,141,개소,0,0,0,0,0,0,0,0,0,0,0,0,0
인천지부,2016,어린이교육,14,141,회차,0,0,0,0,0,0,0,0,0,0,0,0,0
인천지부,2016,어린이교육,14,141,인원,0,0,0,0,0,0,0,0,0,0,0,0,0
인천지부,2016,어린이교육,14,142,개소,0,0,0,0,0,0,0,0,0,0,0,0,0
인천지부,2016,어린이교육,14,142,회차,0,0,0,0,0,0,0,0,0,0,0,0,0
인천지부,2016,어린이교육,14,142,인원,0,0,0,0,0,0,0,0,0,0,0,0,0
인천지부,2016,어린이교육,14,147,개소,0,0,0,0,0,0,0,0,0,0,0,0,0
인천지부,2016,어린이교육,14,147,회차,0,0,0,0,0,0,0,0,0,0,0,0,0
인천지부,2016,어린이교육,14,147,인원,0,0,0,0,0,0,0,0,0,0,0,0,0
인천지부,2017,어린이교육,11,111,개소,0,0,0,0,0,0,0,0,0,0,0,0,0
인천지부,2017,어린이교육,11,111,회차,0,0,0,0,0,0,0,0,0,0,0,0,0
인천지부,2017,어린이교육,11,111,인원,0,0,0,0,0,0,0,0,0,0,0,0,0
인천지부,2017,어린이교육,11,112,개소,0,0,0,0,0,0,0,0,0,0,0,0,0
인천지부,2017,어린이교육,11,112,회차,0,0,0,0,0,0,0,0,0,0,0,0,0
인천지부,2017,어린이교육,11,112,인원,0,0,0,0,0,0,0,0,0,0,0,0,0
인천지부,2017,어린이교육,11,113,개소,0,0,0,0,0,0,0,0,0,0,0,0,0
인천지부,2017,어린이교육,11,113,회차,0,0,0,0,0,0,0,0,0,0,0,0,0
인천지부,2017,어린이교육,11,113,인원,0,0,0,0,0,0,0,0,0,0,0,0,0
인천지부,2017,어린이교육,12,121,개소,0,0,0,0,0,0,0,0,0,0,0,0,0
인천지부,2017,어린이교육,12,121,회차,0,0,0,0,0,0,0,0,0,0,0,0,0
인천지부,2017,어린이교육,12,121,인원,0,0,0,0,0,0,0,0,0,0,0,0,0
인천지부,2017,어린이교육,12,122,개소,0,0,0,0,0,0,0,0,0,0,0,0,0
인천지부,2017,어린이교육,12,122,회차,0,0,0,0,0,0,0,0,0,0,0,0,0
인천지부,2017,어린이교육,12,122,인원,0,0,0,0,0,0,0,0,0,0,0,0,0
인천지부,2017,어린이교육,12,127,개소,0,0,0,0,0,0,0,0,0,0,0,0,0
인천지부,2017,어린이교육,12,127,회차,0,0,0,0,0,0,0,0,0,0,0,0,0
인천지부,2017,어린이교육,12,127,인원,0,0,0,0,0,0,0,0,0,0,0,0,0
인천지부,2017,어린이교육,13,131,개소,0,0,0,0,0,0,0,0,0,0,0,0,0
인천지부,2017,어린이교육,13,131,회차,0,0,0,0,0,0,0,0,0,0,0,0,0
인천지부,2017,어린이교육,13,131,인원,0,0,0,0,0,0,0,0,0,0,0,0,0
인천지부,2017,어린이교육,13,132,개소,0,0,0,0,0,0,0,0,0,0,0,0,0
인천지부,2017,어린이교육,13,132,회차,0,0,0,0,0,0,0,0,0,0,0,0,0
인천지부,2017,어린이교육,13,132,인원,0,0,0,0,0,0,0,0,0,0,0,0,0
인천지부,2017,어린이교육,13,137,개소,0,0,0,0,0,0,0,0,0,0,0,0,0
인천지부,2017,어린이교육,13,137,회차,0,0,0,0,0,0,0,0,0,0,0,0,0
인천지부,2017,어린이교육,13,137,인원,0,0,0,0,0,0,0,0,0,0,0,0,0
인천지부,2017,어린이교육,14,141,개소,0,0,0,0,0,0,0,0,0,0,0,0,0
인천지부,2017,어린이교육,14,141,회차,0,0,0,0,0,0,0,0,0,0,0,0,0
인천지부,2017,어린이교육,14,141,인원,0,0,0,0,0,0,0,0,0,0,0,0,0
인천지부,2017,어린이교육,14,142,개소,0,0,0,0,0,0,0,0,0,0,0,0,0
인천지부,2017,어린이교육,14,142,회차,0,0,0,0,0,0,0,0,0,0,0,0,0
인천지부,2017,어린이교육,14,142,인원,0,0,0,0,0,0,0,0,0,0,0,0,0
인천지부,2017,어린이교육,14,147,개소,0,0,0,0,0,0,0,0,0,0,0,0,0
인천지부,2017,어린이교육,14,147,회차,0,0,0,0,0,0,0,0,0,0,0,0,0
인천지부,2017,어린이교육,14,147,인원,0,0,0,0,0,0,0,0,0,0,0,0,0
인천지부,2018,어린이교육,11,111,인원,12500,12500,12500,12500,12500,12500,12500,12500,12500,12500,12500,12504,150004
인천지부,2018,어린이교육,11,111,개소,0,0,0,0,0,0,0,0,0,0,0,0,0
인천지부,2018,어린이교육,11,111,회차,0,0,0,0,0,0,0,0,0,0,0,0,0
인천지부,2018,어린이교육,11,112,개소,0,0,0,0,0,0,0,0,0,0,0,0,0
인천지부,2018,어린이교육,11,112,회차,0,0,0,0,0,0,0,0,0,0,0,0,0
인천지부,2018,어린이교육,11,112,인원,0,0,0,0,0,0,0,0,0,0,0,0,0
인천지부,2018,어린이교육,11,113,개소,0,0,0,0,0,0,0,0,0,0,0,0,0
인천지부,2018,어린이교육,11,113,회차,0,0,0,0,0,0,0,0,0,0,0,0,0
인천지부,2018,어린이교육,11,113,인원,0,0,0,0,0,0,0,0,0,0,0,0,0
인천지부,2018,어린이교육,11,114,개소,0,0,0,0,0,0,0,0,0,0,0,0,0
인천지부,2018,어린이교육,11,114,회차,0,0,0,0,0,0,0,0,0,0,0,0,0
인천지부,2018,어린이교육,11,114,인원,0,0,0,0,0,0,0,0,0,0,0,0,0
인천지부,2018,어린이교육,12,121,인원,8631,8631,8631,8631,8631,8631,8631,8631,8631,8631,8631,8633,103574
인천지부,2018,어린이교육,12,121,개소,0,0,0,0,0,0,0,0,0,0,0,0,0
인천지부,2018,어린이교육,12,121,회차,0,0,0,0,0,0,0,0,0,0,0,0,0
인천지부,2018,어린이교육,12,122,인원,3571,3571,3571,3571,3571,3571,3571,3571,3571,3571,3571,3577,42858
인천지부,2018,어린이교육,12,122,개소,0,0,0,0,0,0,0,0,0,0,0,0,0
인천지부,2018,어린이교육,12,122,회차,0,0,0,0,0,0,0,0,0,0,0,0,0
인천지부,2018,어린이교육,12,124,인원,297,297,297,297,297,297,297,297,297,297,297,305,3572
인천지부,2018,어린이교육,12,124,개소,0,0,0,0,0,0,0,0,0,0,0,0,0
인천지부,2018,어린이교육,12,124,회차,0,0,0,0,0,0,0,0,0,0,0,0,0
인천지부,2018,어린이교육,12,127,인원,595,595,595,595,595,595,595,595,595,595,595,598,7143
인천지부,2018,어린이교육,12,127,개소,0,0,0,0,0,0,0,0,0,0,0,0,0
인천지부,2018,어린이교육,12,127,회차,0,0,0,0,0,0,0,0,0,0,0,0,0
인천지부,2018,어린이교육,13,131,인원,1488,1488,1488,1488,1488,1488,1488,1488,1488,1488,1488,1490,17858
인천지부,2018,어린이교육,13,131,개소,0,0,0,0,0,0,0,0,0,0,0,0,0
인천지부,2018,어린이교육,13,131,회차,0,0,0,0,0,0,0,0,0,0,0,0,0
인천지부,2018,어린이교육,13,132,인원,148,148,148,148,148,148,148,148,148,148,148,158,1786
인천지부,2018,어린이교육,13,132,개소,0,0,0,0,0,0,0,0,0,0,0,0,0
인천지부,2018,어린이교육,13,132,회차,0,0,0,0,0,0,0,0,0,0,0,0,0
인천지부,2018,어린이교육,13,134,개소,0,0,0,0,0,0,0,0,0,0,0,0,0
인천지부,2018,어린이교육,13,134,회차,0,0,0,0,0,0,0,0,0,0,0,0,0
인천지부,2018,어린이교육,13,134,인원,0,0,0,0,0,0,0,0,0,0,0,0,0
인천지부,2018,어린이교육,13,137,인원,148,148,148,148,148,148,148,148,148,148,148,158,1786
인천지부,2018,어린이교육,13,137,개소,0,0,0,0,0,0,0,0,0,0,0,0,0
인천지부,2018,어린이교육,13,137,회차,0,0,0,0,0,0,0,0,0,0,0,0,0
인천지부,2018,어린이교육,14,141,인원,2381,2381,2381,2381,2381,2381,2381,2381,2381,2381,2381,2381,28572
인천지부,2018,어린이교육,14,141,개소,0,0,0,0,0,0,0,0,0,0,0,0,0
인천지부,2018,어린이교육,14,141,회차,0,0,0,0,0,0,0,0,0,0,0,0,0
인천지부,2018,어린이교육,14,142,개소,0,0,0,0,0,0,0,0,0,0,0,0,0
인천지부,2018,어린이교육,14,142,회차,0,0,0,0,0,0,0,0,0,0,0,0,0
인천지부,2018,어린이교육,14,142,인원,0,0,0,0,0,0,0,0,0,0,0,0,0
인천지부,2018,어린이교육,14,144,개소,0,0,0,0,0,0,0,0,0,0,0,0,0
인천지부,2018,어린이교육,14,144,회차,0,0,0,0,0,0,0,0,0,0,0,0,0
인천지부,2018,어린이교육,14,144,인원,0,0,0,0,0,0,0,0,0,0,0,0,0
인천지부,2018,어린이교육,14,147,개소,0,0,0,0,0,0,0,0,0,0,0,0,0
인천지부,2018,어린이교육,14,147,회차,0,0,0,0,0,0,0,0,0,0,0,0,0
인천지부,2018,어린이교육,14,147,인원,0,0,0,0,0,0,0,0,0,0,0,0,0
인천지부,2018,청소년교육,21,211,인원,22,22,22,22,22,22,22,22,22,22,22,25,267
인천지부,2018,청소년교육,21,211,개소,0,0,0,0,0,0,0,0,0,0,0,0,0
인천지부,2018,청소년교육,21,211,회차,0,0,0,0,0,0,0,0,0,0,0,0,0
인천지부,2018,청소년교육,21,212,개소,0,0,0,0,0,0,0,0,0,0,0,0,0
인천지부,2018,청소년교육,21,212,회차,0,0,0,0,0,0,0,0,0,0,0,0,0
인천지부,2018,청소년교육,21,212,인원,3,3,3,3,3,3,3,3,3,3,3,3,36
인천지부,2018,청소년교육,21,214,개소,0,0,0,0,0,0,0,0,0,0,0,0,0
인천지부,2018,청소년교육,21,214,회차,0,0,0,0,0,0,0,0,0,0,0,0,0
인천지부,2018,청소년교육,21,214,인원,3,3,3,3,3,3,3,3,3,3,3,3,36
인천지부,2018,청소년교육,21,217,개소,0,0,0,0,0,0,0,0,0,0,0,0,0
인천지부,2018,청소년교육,21,217,회차,0,0,0,0,0,0,0,0,0,0,0,0,0
인천지부,2018,청소년교육,21,217,인원,0,0,0,0,0,0,0,0,0,0,0,0,0
인천지부,2018,청소년교육,21,218,개소,0,0,0,0,0,0,0,0,0,0,0,0,0
인천지부,2018,청소년교육,21,218,회차,0,0,0,0,0,0,0,0,0,0,0,0,0
인천지부,2018,청소년교육,21,218,인원,1,1,1,1,1,1,2,2,2,2,2,2,18
인천지부,2018,청소년교육,22,221,개소,0,0,0,0,0,0,0,0,0,0,0,0,0
인천지부,2018,청소년교육,22,221,회차,0,0,0,0,0,0,0,0,0,0,0,0,0
인천지부,2018,청소년교육,22,221,인원,66,66,66,66,66,66,66,66,66,66,66,75,801
인천지부,2018,청소년교육,22,222,개소,0,0,0,0,0,0,0,0,0,0,0,0,0
인천지부,2018,청소년교육,22,222,회차,0,0,0,0,0,0,0,0,0,0,0,0,0
인천지부,2018,청소년교육,22,222,인원,11,11,11,11,11,11,11,11,11,11,11,21,142
인천지부,2018,청소년교육,22,223,개소,0,0,0,0,0,0,0,0,0,0,0,0,0
인천지부,2018,청소년교육,22,223,회차,0,0,0,0,0,0,0,0,0,0,0,0,0
인천지부,2018,청소년교육,22,223,인원,0,0,0,0,0,0,0,0,0,0,0,0,0
인천지부,2018,청소년교육,22,224,개소,0,0,0,0,0,0,0,0,0,0,0,0,0
인천지부,2018,청소년교육,22,224,회차,0,0,0,0,0,0,0,0,0,0,0,0,0
인천지부,2018,청소년교육,22,224,인원,3,3,3,3,3,3,3,3,3,3,3,3,36
인천지부,2018,청소년교육,22,226,개소,0,0,0,0,0,0,0,0,0,0,0,0,0
인천지부,2018,청소년교육,22,226,회차,0,0,0,0,0,0,0,0,0,0,0,0,0
인천지부,2018,청소년교육,22,226,인원,37,37,37,37,37,37,37,37,37,37,37,38,445
인천지부,2018,청소년교육,22,227,개소,0,0,0,0,0,0,0,0,0,0,0,0,0
인천지부,2018,청소년교육,22,227,회차,0,0,0,0,0,0,0,0,0,0,0,0,0
인천지부,2018,청소년교육,22,227,인원,0,0,0,0,0,0,0,0,0,0,0,0,0
인천지부,2018,청소년교육,22,228,개소,0,0,0,0,0,0,0,0,0,0,0,0,0
인천지부,2018,청소년교육,22,228,회차,0,0,0,0,0,0,0,0,0,0,0,0,0
인천지부,2018,청소년교육,22,228,인원,0,0,0,0,0,0,0,0,0,0,0,0,0
인천지부,2018,성인교육,31,312,개소,0,0,0,0,0,0,0,0,0,0,0,0,0
인천지부,2018,성인교육,31,312,회차,0,0,0,0,0,0,0,0,0,0,0,0,0
인천지부,2018,성인교육,31,312,인원,33,33,33,33,33,33,33,33,33,33,33,43,406
인천지부,2018,성인교육,31,313,개소,0,0,0,0,0,0,0,0,0,0,0,0,0
인천지부,2018,성인교육,31,313,회차,0,0,0,0,0,0,0,0,0,0,0,0,0
인천지부,2018,성인교육,31,313,인원,0,0,0,0,0,0,0,0,0,0,0,0,0
인천지부,2018,성인교육,31,314,개소,0,0,0,0,0,0,0,0,0,0,0,0,0
인천지부,2018,성인교육,31,314,회차,0,0,0,0,0,0,0,0,0,0,0,0,0
인천지부,2018,성인교육,31,314,인원,0,0,0,0,0,0,0,0,0,0,0,0,0
인천지부,2018,성인교육,31,316,개소,0,0,0,0,0,0,0,0,0,0,0,0,0
인천지부,2018,성인교육,31,316,회차,0,0,0,0,0,0,0,0,0,0,0,0,0
인천지부,2018,성인교육,31,316,인원,676,676,676,676,676,676,676,676,676,676,676,681,8117
인천지부,2018,성인교육,31,317,개소,0,0,0,0,0,0,0,0,0,0,0,0,0
인천지부,2018,성인교육,31,317,회차,0,0,0,0,0,0,0,0,0,0,0,0,0
인천지부,2018,성인교육,31,317,인원,0,0,0,0,0,0,0,0,0,0,0,0,0
인천지부,2018,성인교육,31,318,개소,0,0,0,0,0,0,0,0,0,0,0,0,0
인천지부,2018,성인교육,31,318,회차,0,0,0,0,0,0,0,0,0,0,0,0,0
인천지부,2018,성인교육,31,318,인원,0,0,0,0,0,0,0,0,0,0,0,0,0
인천지부,2018,성인교육,31,319,개소,0,0,0,0,0,0,0,0,0,0,0,0,0
인천지부,2018,성인교육,31,319,회차,0,0,0,0,0,0,0,0,0,0,0,0,0
인천지부,2018,성인교육,31,319,인원,0,0,0,0,0,0,0,0,0,0,0,0,0
인천지부,2018,성인교육,32,322,개소,0,0,0,0,0,0,0,0,0,0,0,0,0
인천지부,2018,성인교육,32,322,회차,0,0,0,0,0,0,0,0,0,0,0,0,0
인천지부,2018,성인교육,32,322,인원,0,0,0,0,0,0,0,0,0,0,0,0,0
인천지부,2018,성인교육,32,323,개소,0,0,0,0,0,0,0,0,0,0,0,0,0
인천지부,2018,성인교육,32,323,회차,0,0,0,0,0,0,0,0,0,0,0,0,0
인천지부,2018,성인교육,32,323,인원,0,0,0,0,0,0,0,0,0,0,0,0,0
인천지부,2018,성인교육,32,326,개소,0,0,0,0,0,0,0,0,0,0,0,0,0
인천지부,2018,성인교육,32,326,회차,0,0,0,0,0,0,0,0,0,0,0,0,0
인천지부,2018,성인교육,32,326,인원,135,135,135,135,135,135,135,135,135,135,135,138,1623
인천지부,2018,성인교육,32,328,개소,0,0,0,0,0,0,0,0,0,0,0,0,0
인천지부,2018,성인교육,32,328,회차,0,0,0,0,0,0,0,0,0,0,0,0,0
인천지부,2018,성인교육,32,328,인원,0,0,0,0,0,0,0,0,0,0,0,0,0
인천지부,2018,성인교육,32,329,개소,0,0,0,0,0,0,0,0,0,0,0,0,0
인천지부,2018,성인교육,32,329,회차,0,0,0,0,0,0,0,0,0,0,0,0,0
인천지부,2018,성인교육,32,329,인원,0,0,0,0,0,0,0,0,0,0,0,0,0
인천지부,2018,성인교육,33,332,개소,0,0,0,0,0,0,0,0,0,0,0,0,0
인천지부,2018,성인교육,33,332,회차,0,0,0,0,0,0,0,0,0,0,0,0,0
인천지부,2018,성인교육,33,332,인원,0,0,0,0,0,0,0,0,0,0,0,0,0
인천지부,2018,성인교육,33,333,개소,0,0,0,0,0,0,0,0,0,0,0,0,0
인천지부,2018,성인교육,33,333,회차,0,0,0,0,0,0,0,0,0,0,0,0,0
인천지부,2018,성인교육,33,333,인원,0,0,0,0,0,0,0,0,0,0,0,0,0
인천지부,2018,성인교육,33,336,개소,0,0,0,0,0,0,0,0,0,0,0,0,0
인천지부,2018,성인교육,33,336,회차,0,0,0,0,0,0,0,0,0,0,0,0,0
인천지부,2018,성인교육,33,336,인원,270,270,270,270,270,270,270,270,270,270,270,277,3247
인천지부,2018,성인교육,33,338,개소,0,0,0,0,0,0,0,0,0,0,0,0,0
인천지부,2018,성인교육,33,338,회차,0,0,0,0,0,0,0,0,0,0,0,0,0
인천지부,2018,성인교육,33,338,인원,0,0,0,0,0,0,0,0,0,0,0,0,0
인천지부,2018,성인교육,33,339,개소,0,0,0,0,0,0,0,0,0,0,0,0,0
인천지부,2018,성인교육,33,339,회차,0,0,0,0,0,0,0,0,0,0,0,0,0
인천지부,2018,성인교육,33,339,인원,0,0,0,0,0,0,0,0,0,0,0,0,0
인천지부,2018,성인교육,34,342,개소,0,0,0,0,0,0,0,0,0,0,0,0,0
인천지부,2018,성인교육,34,342,회차,0,0,0,0,0,0,0,0,0,0,0,0,0
인천지부,2018,성인교육,34,342,인원,33,33,33,33,33,33,33,33,33,33,33,43,406
인천지부,2018,성인교육,34,343,개소,0,0,0,0,0,0,0,0,0,0,0,0,0
인천지부,2018,성인교육,34,343,회차,0,0,0,0,0,0,0,0,0,0,0,0,0
인천지부,2018,성인교육,34,343,인원,0,0,0,0,0,0,0,0,0,0,0,0,0
인천지부,2018,성인교육,34,346,개소,0,0,0,0,0,0,0,0,0,0,0,0,0
인천지부,2018,성인교육,34,346,회차,0,0,0,0,0,0,0,0,0,0,0,0,0
인천지부,2018,성인교육,34,346,인원,1893,1893,1893,1893,1893,1893,1893,1893,1893,1893,1893,1904,22727
인천지부,2018,성인교육,34,348,개소,0,0,0,0,0,0,0,0,0,0,0,0,0
인천지부,2018,성인교육,34,348,회차,0,0,0,0,0,0,0,0,0,0,0,0,0
인천지부,2018,성인교육,34,348,인원,0,0,0,0,0,0,0,0,0,0,0,0,0
인천지부,2018,성인교육,34,349,개소,0,0,0,0,0,0,0,0,0,0,0,0,0
인천지부,2018,성인교육,34,349,회차,0,0,0,0,0,0,0,0,0,0,0,0,0
인천지부,2018,성인교육,34,349,인원,0,0,0,0,0,0,0,0,0,0,0,0,0
인천지부,2018,성인교육,35,352,개소,0,0,0,0,0,0,0,0,0,0,0,0,0
인천지부,2018,성인교육,35,352,회차,0,0,0,0,0,0,0,0,0,0,0,0,0
인천지부,2018,성인교육,35,352,인원,0,0,0,0,0,0,0,0,0,0,0,0,0
인천지부,2018,성인교육,35,353,개소,0,0,0,0,0,0,0,0,0,0,0,0,0
인천지부,2018,성인교육,35,353,회차,0,0,0,0,0,0,0,0,0,0,0,0,0
인천지부,2018,성인교육,35,353,인원,0,0,0,0,0,0,0,0,0,0,0,0,0
인천지부,2018,성인교육,35,356,개소,0,0,0,0,0,0,0,0,0,0,0,0,0
인천지부,2018,성인교육,35,356,회차,0,0,0,0,0,0,0,0,0,0,0,0,0
인천지부,2018,성인교육,35,356,인원,202,202,202,202,202,202,202,202,202,202,202,213,2435
인천지부,2018,성인교육,35,358,개소,0,0,0,0,0,0,0,0,0,0,0,0,0
인천지부,2018,성인교육,35,358,회차,0,0,0,0,0,0,0,0,0,0,0,0,0
인천지부,2018,성인교육,35,358,인원,0,0,0,0,0,0,0,0,0,0,0,0,0
인천지부,2018,성인교육,35,359,개소,0,0,0,0,0,0,0,0,0,0,0,0,0
인천지부,2018,성인교육,35,359,회차,0,0,0,0,0,0,0,0,0,0,0,0,0
인천지부,2018,성인교육,35,359,인원,0,0,0,0,0,0,0,0,0,0,0,0,0
인천지부,2018,성인교육,36,362,개소,0,0,0,0,0,0,0,0,0,0,0,0,0
인천지부,2018,성인교육,36,362,회차,0,0,0,0,0,0,0,0,0,0,0,0,0
인천지부,2018,성인교육,36,362,인원,33,33,33,33,33,33,33,33,33,33,33,43,406
인천지부,2018,성인교육,36,363,개소,0,0,0,0,0,0,0,0,0,0,0,0,0
인천지부,2018,성인교육,36,363,회차,0,0,0,0,0,0,0,0,0,0,0,0,0
인천지부,2018,성인교육,36,363,인원,0,0,0,0,0,0,0,0,0,0,0,0,0
인천지부,2018,성인교육,36,365,개소,0,0,0,0,0,0,0,0,0,0,0,0,0
인천지부,2018,성인교육,36,365,회차,0,0,0,0,0,0,0,0,0,0,0,0,0
인천지부,2018,성인교육,36,365,인원,0,0,0,0,0,0,0,0,0,0,0,0,0
인천지부,2018,성인교육,36,366,개소,0,0,0,0,0,0,0,0,0,0,0,0,0
인천지부,2018,성인교육,36,366,회차,0,0,0,0,0,0,0,0,0,0,0,0,0
인천지부,2018,성인교육,36,366,인원,1420,1420,1420,1420,1420,1420,1420,1420,1420,1420,1420,1425,17045
인천지부,2018,성인교육,36,368,개소,0,0,0,0,0,0,0,0,0,0,0,0,0
인천지부,2018,성인교육,36,368,회차,0,0,0,0,0,0,0,0,0,0,0,0,0
인천지부,2018,성인교육,36,368,인원,0,0,0,0,0,0,0,0,0,0,0,0,0
인천지부,2018,성인교육,36,369,개소,0,0,0,0,0,0,0,0,0,0,0,0,0
인천지부,2018,성인교육,36,369,회차,0,0,0,0,0,0,0,0,0,0,0,0,0
인천지부,2018,성인교육,36,369,인원,0,0,0,0,0,0,0,0,0,0,0,0,0
인천지부,2018,성인교육,37,372,개소,0,0,0,0,0,0,0,0,0,0,0,0,0
인천지부,2018,성인교육,37,372,회차,0,0,0,0,0,0,0,0,0,0,0,0,0
인천지부,2018,성인교육,37,372,인원,0,0,0,0,0,0,0,0,0,0,0,0,0
인천지부,2018,성인교육,37,373,개소,0,0,0,0,0,0,0,0,0,0,0,0,0
인천지부,2018,성인교육,37,373,회차,0,0,0,0,0,0,0,0,0,0,0,0,0
인천지부,2018,성인교육,37,373,인원,0,0,0,0,0,0,0,0,0,0,0,0,0
인천지부,2018,성인교육,37,376,개소,0,0,0,0,0,0,0,0,0,0,0,0,0
인천지부,2018,성인교육,37,376,회차,0,0,0,0,0,0,0,0,0,0,0,0,0
인천지부,2018,성인교육,37,376,인원,1893,1893,1893,1893,1893,1893,1893,1893,1893,1893,1893,1904,22727
인천지부,2018,성인교육,37,378,개소,0,0,0,0,0,0,0,0,0,0,0,0,0
인천지부,2018,성인교육,37,378,회차,0,0,0,0,0,0,0,0,0,0,0,0,0
인천지부,2018,성인교육,37,378,인원,0,0,0,0,0,0,0,0,0,0,0,0,0
인천지부,2018,성인교육,37,379,개소,0,0,0,0,0,0,0,0,0,0,0,0,0
인천지부,2018,성인교육,37,379,회차,0,0,0,0,0,0,0,0,0,0,0,0,0
인천지부,2018,성인교육,37,379,인원,0,0,0,0,0,0,0,0,0,0,0,0,0
인천지부,2018,성인교육,38,381,개소,0,0,0,0,0,0,0,0,0,0,0,0,0
인천지부,2018,성인교육,38,381,회차,0,0,0,0,0,0,0,0,0,0,0,0,0
인천지부,2018,성인교육,38,381,인원,33,33,33,33,33,33,33,33,33,33,33,43,406
인천지부,2018,성인교육,38,382,개소,0,0,0,0,0,0,0,0,0,0,0,0,0
인천지부,2018,성인교육,38,382,회차,0,0,0,0,0,0,0,0,0,0,0,0,0
인천지부,2018,성인교육,38,382,인원,0,0,0,0,0,0,0,0,0,0,0,0,0
인천지부,2018,성인교육,38,386,개소,0,0,0,0,0,0,0,0,0,0,0,0,0
인천지부,2018,성인교육,38,386,회차,0,0,0,0,0,0,0,0,0,0,0,0,0
인천지부,2018,성인교육,38,386,인원,0,0,0,0,0,0,0,0,0,0,0,0,0
인천지부,2018,성인교육,38,388,개소,0,0,0,0,0,0,0,0,0,0,0,0,0
인천지부,2018,성인교육,38,388,회차,0,0,0,0,0,0,0,0,0,0,0,0,0
인천지부,2018,성인교육,38,388,인원,0,0,0,0,0,0,0,0,0,0,0,0,0
인천지부,2018,성인교육,39,392,개소,0,0,0,0,0,0,0,0,0,0,0,0,0
인천지부,2018,성인교육,39,392,회차,0,0,0,0,0,0,0,0,0,0,0,0,0
인천지부,2018,성인교육,39,392,인원,0,0,0,0,0,0,0,0,0,0,0,0,0
인천지부,2018,성인교육,39,393,개소,0,0,0,0,0,0,0,0,0,0,0,0,0
인천지부,2018,성인교육,39,393,회차,0,0,0,0,0,0,0,0,0,0,0,0,0
인천지부,2018,성인교육,39,393,인원,0,0,0,0,0,0,0,0,0,0,0,0,0
인천지부,2018,성인교육,39,396,개소,0,0,0,0,0,0,0,0,0,0,0,0,0
인천지부,2018,성인교육,39,396,회차,0,0,0,0,0,0,0,0,0,0,0,0,0
인천지부,2018,성인교육,39,396,인원,135,135,135,135,135,135,135,135,135,135,135,138,1623
인천지부,2018,성인교육,39,398,개소,0,0,0,0,0,0,0,0,0,0,0,0,0
인천지부,2018,성인교육,39,398,회차,0,0,0,0,0,0,0,0,0,0,0,0,0
인천지부,2018,성인교육,39,398,인원,0,0,0,0,0,0,0,0,0,0,0,0,0
인천지부,2018,고령자교육,41,411,개소,0,0,0,0,0,0,0,0,0,0,0,0,0
인천지부,2018,고령자교육,41,411,회차,0,0,0,0,0,0,0,0,0,0,0,0,0
인천지부,2018,고령자교육,41,411,인원,1431,1431,1431,1431,1431,1431,1431,1431,1431,1431,1431,1437,17178
인천지부,2018,고령자교육,41,412,개소,0,0,0,0,0,0,0,0,0,0,0,0,0
인천지부,2018,고령자교육,41,412,회차,0,0,0,0,0,0,0,0,0,0,0,0,0
인천지부,2018,고령자교육,41,412,인원,15,15,15,15,15,15,15,15,15,15,15,18,183
인천지부,2018,고령자교육,41,413,개소,0,0,0,0,0,0,0,0,0,0,0,0,0
인천지부,2018,고령자교육,41,413,회차,0,0,0,0,0,0,0,0,0,0,0,0,0
인천지부,2018,고령자교육,41,413,인원,0,0,0,0,0,0,0,0,0,0,0,0,0
인천지부,2018,고령자교육,41,417,개소,0,0,0,0,0,0,0,0,0,0,0,0,0
인천지부,2018,고령자교육,41,417,회차,0,0,0,0,0,0,0,0,0,0,0,0,0
인천지부,2018,고령자교육,41,417,인원,15,15,15,15,15,15,15,15,15,15,15,18,183
인천지부,2018,고령자교육,42,422,개소,0,0,0,0,0,0,0,0,0,0,0,0,0
인천지부,2018,고령자교육,42,422,회차,0,0,0,0,0,0,0,0,0,0,0,0,0
인천지부,2018,고령자교육,42,422,인원,0,0,0,0,0,0,0,0,0,0,0,0,0
인천지부,2018,고령자교육,42,423,개소,0,0,0,0,0,0,0,0,0,0,0,0,0
인천지부,2018,고령자교육,42,423,회차,0,0,0,0,0,0,0,0,0,0,0,0,0
인천지부,2018,고령자교육,42,423,인원,0,0,0,0,0,0,0,0,0,0,0,0,0
인천지부,2018,고령자교육,42,426,개소,0,0,0,0,0,0,0,0,0,0,0,0,0
인천지부,2018,고령자교육,42,426,회차,0,0,0,0,0,0,0,0,0,0,0,0,0
인천지부,2018,고령자교육,42,426,인원,72,72,72,72,72,72,72,72,72,72,72,81,873
인천지부,2018,교사교육,51,511,개소,0,0,0,0,0,0,0,0,0,0,0,0,0
인천지부,2018,교사교육,51,511,회차,0,0,0,0,0,0,0,0,0,0,0,0,0
인천지부,2018,교사교육,51,511,인원,0,0,0,0,0,0,0,0,0,0,0,0,0
인천지부,2018,교사교육,51,512,개소,0,0,0,0,0,0,0,0,0,0,0,0,0
인천지부,2018,교사교육,51,512,회차,0,0,0,0,0,0,0,0,0,0,0,0,0
인천지부,2018,교사교육,51,512,인원,0,0,0,0,0,0,0,0,0,0,0,0,0
인천지부,2018,교사교육,51,516,개소,0,0,0,0,0,0,0,0,0,0,0,0,0
인천지부,2018,교사교육,51,516,회차,0,0,0,0,0,0,0,0,0,0,0,0,0
인천지부,2018,교사교육,51,516,인원,0,0,0,0,0,0,0,0,0,0,0,0,0
인천지부,2018,교사교육,52,521,개소,0,0,0,0,0,0,0,0,0,0,0,0,0
인천지부,2018,교사교육,52,521,회차,0,0,0,0,0,0,0,0,0,0,0,0,0
인천지부,2018,교사교육,52,521,인원,0,0,0,0,0,0,0,0,0,0,0,0,0
인천지부,2018,교사교육,52,522,개소,0,0,0,0,0,0,0,0,0,0,0,0,0
인천지부,2018,교사교육,52,522,회차,0,0,0,0,0,0,0,0,0,0,0,0,0
인천지부,2018,교사교육,52,522,인원,0,0,0,0,0,0,0,0,0,0,0,0,0
인천지부,2018,교사교육,52,526,개소,0,0,0,0,0,0,0,0,0,0,0,0,0
인천지부,2018,교사교육,52,526,회차,0,0,0,0,0,0,0,0,0,0,0,0,0
인천지부,2018,교사교육,52,526,인원,5,6,6,6,6,6,6,6,6,6,6,6,71
인천지부,2018,교사교육,53,531,개소,0,0,0,0,0,0,0,0,0,0,0,0,0
인천지부,2018,교사교육,53,531,회차,0,0,0,0,0,0,0,0,0,0,0,0,0
인천지부,2018,교사교육,53,531,인원,0,0,0,0,0,0,0,0,0,0,0,0,0
인천지부,2018,교사교육,53,532,개소,0,0,0,0,0,0,0,0,0,0,0,0,0
인천지부,2018,교사교육,53,532,회차,0,0,0,0,0,0,0,0,0,0,0,0,0
인천지부,2018,교사교육,53,532,인원,0,0,0,0,0,0,0,0,0,0,0,0,0
인천지부,2018,교사교육,53,536,개소,0,0,0,0,0,0,0,0,0,0,0,0,0
인천지부,2018,교사교육,53,536,회차,0,0,0,0,0,0,0,0,0,0,0,0,0
인천지부,2018,교사교육,53,536,인원,2,3,3,3,3,3,3,3,3,3,3,3,35
인천지부,2018,교사교육,54,541,개소,0,0,0,0,0,0,0,0,0,0,0,0,0
인천지부,2018,교사교육,54,541,회차,0,0,0,0,0,0,0,0,0,0,0,0,0
인천지부,2018,교사교육,54,541,인원,0,0,0,0,0,0,0,0,0,0,0,0,0
인천지부,2018,교사교육,54,542,개소,0,0,0,0,0,0,0,0,0,0,0,0,0
인천지부,2018,교사교육,54,542,회차,0,0,0,0,0,0,0,0,0,0,0,0,0
인천지부,2018,교사교육,54,542,인원,0,0,0,0,0,0,0,0,0,0,0,0,0
인천지부,2018,교사교육,54,543,개소,0,0,0,0,0,0,0,0,0,0,0,0,0
인천지부,2018,교사교육,54,543,회차,0,0,0,0,0,0,0,0,0,0,0,0,0
인천지부,2018,교사교육,54,543,인원,0,0,0,0,0,0,0,0,0,0,0,0,0
인천지부,2018,교사교육,54,546,개소,0,0,0,0,0,0,0,0,0,0,0,0,0
인천지부,2018,교사교육,54,546,회차,0,0,0,0,0,0,0,0,0,0,0,0,0
인천지부,2018,교사교육,54,546,인원,2,2,2,2,2,2,2,2,2,2,2,13,35
인천지부,2019,청소년교육,21,211,개소,0,0,0,0,0,0,0,0,0,0,0,0,0
인천지부,2019,청소년교육,21,211,회차,0,0,0,0,0,0,0,0,0,0,0,0,0
인천지부,2019,청소년교육,21,211,인원,0,0,0,0,0,0,0,0,0,0,0,0,0
인천지부,2019,청소년교육,21,212,개소,0,0,0,0,0,0,0,0,0,0,0,0,0
인천지부,2019,청소년교육,21,212,회차,0,0,0,0,0,0,0,0,0,0,0,0,0
인천지부,2019,청소년교육,21,212,인원,0,0,0,0,0,0,0,0,0,0,0,0,0
인천지부,2019,청소년교육,21,214,개소,0,0,0,0,0,0,0,0,0,0,0,0,0
인천지부,2019,청소년교육,21,214,회차,0,0,0,0,0,0,0,0,0,0,0,0,0
인천지부,2019,청소년교육,21,214,인원,0,0,0,0,0,0,0,0,0,0,0,0,0
인천지부,2019,청소년교육,21,217,개소,0,0,0,0,0,0,0,0,0,0,0,0,0
인천지부,2019,청소년교육,21,217,회차,0,0,0,0,0,0,0,0,0,0,0,0,0
인천지부,2019,청소년교육,21,217,인원,0,0,0,0,0,0,0,0,0,0,0,0,0
인천지부,2019,청소년교육,21,218,개소,0,0,0,0,0,0,0,0,0,0,0,0,0
인천지부,2019,청소년교육,21,218,회차,0,0,0,0,0,0,0,0,0,0,0,0,0
인천지부,2019,청소년교육,21,218,인원,0,0,0,0,0,0,0,0,0,0,0,0,0
인천지부,2019,청소년교육,22,221,개소,0,0,0,0,0,0,0,0,0,0,0,0,0
인천지부,2019,청소년교육,22,221,회차,0,0,0,0,0,0,0,0,0,0,0,0,0
인천지부,2019,청소년교육,22,221,인원,0,0,0,0,0,0,0,0,0,0,0,0,0
인천지부,2019,청소년교육,22,222,개소,0,0,0,0,0,0,0,0,0,0,0,0,0
인천지부,2019,청소년교육,22,222,회차,0,0,0,0,0,0,0,0,0,0,0,0,0
인천지부,2019,청소년교육,22,222,인원,0,0,0,0,0,0,0,0,0,0,0,0,0
인천지부,2019,청소년교육,22,223,개소,0,0,0,0,0,0,0,0,0,0,0,0,0
인천지부,2019,청소년교육,22,223,회차,0,0,0,0,0,0,0,0,0,0,0,0,0
인천지부,2019,청소년교육,22,223,인원,0,0,0,0,0,0,0,0,0,0,0,0,0
인천지부,2019,청소년교육,22,224,개소,0,0,0,0,0,0,0,0,0,0,0,0,0
인천지부,2019,청소년교육,22,224,회차,0,0,0,0,0,0,0,0,0,0,0,0,0
인천지부,2019,청소년교육,22,224,인원,0,0,0,0,0,0,0,0,0,0,0,0,0
인천지부,2019,청소년교육,22,226,개소,0,0,0,0,0,0,0,0,0,0,0,0,0
인천지부,2019,청소년교육,22,226,회차,0,0,0,0,0,0,0,0,0,0,0,0,0
인천지부,2019,청소년교육,22,226,인원,0,0,0,0,0,0,0,0,0,0,0,0,0
인천지부,2019,청소년교육,22,227,개소,0,0,0,0,0,0,0,0,0,0,0,0,0
인천지부,2019,청소년교육,22,227,회차,0,0,0,0,0,0,0,0,0,0,0,0,0
인천지부,2019,청소년교육,22,227,인원,0,0,0,0,0,0,0,0,0,0,0,0,0
인천지부,2019,청소년교육,22,228,개소,0,0,0,0,0,0,0,0,0,0,0,0,0
인천지부,2019,청소년교육,22,228,회차,0,0,0,0,0,0,0,0,0,0,0,0,0
인천지부,2019,청소년교육,22,228,인원,0,0,0,0,0,0,0,0,0,0,0,0,0
인천지부,2019,성인교육,31,312,개소,0,0,0,0,0,0,0,0,0,0,0,0,0
인천지부,2019,성인교육,31,312,회차,0,0,0,0,0,0,0,0,0,0,0,0,0
인천지부,2019,성인교육,31,312,인원,0,0,0,0,0,0,0,0,0,0,0,0,0
인천지부,2019,성인교육,31,313,개소,0,0,0,0,0,0,0,0,0,0,0,0,0
인천지부,2019,성인교육,31,313,회차,0,0,0,0,0,0,0,0,0,0,0,0,0
인천지부,2019,성인교육,31,313,인원,0,0,0,0,0,0,0,0,0,0,0,0,0
인천지부,2019,성인교육,31,314,개소,0,0,0,0,0,0,0,0,0,0,0,0,0
인천지부,2019,성인교육,31,314,회차,0,0,0,0,0,0,0,0,0,0,0,0,0
인천지부,2019,성인교육,31,314,인원,0,0,0,0,0,0,0,0,0,0,0,0,0
인천지부,2019,성인교육,31,316,개소,0,0,0,0,0,0,0,0,0,0,0,0,0
인천지부,2019,성인교육,31,316,회차,0,0,0,0,0,0,0,0,0,0,0,0,0
인천지부,2019,성인교육,31,316,인원,0,0,0,0,0,0,0,0,0,0,0,0,0
인천지부,2019,성인교육,31,317,개소,0,0,0,0,0,0,0,0,0,0,0,0,0
인천지부,2019,성인교육,31,317,회차,0,0,0,0,0,0,0,0,0,0,0,0,0
인천지부,2019,성인교육,31,317,인원,0,0,0,0,0,0,0,0,0,0,0,0,0
인천지부,2019,성인교육,31,318,개소,0,0,0,0,0,0,0,0,0,0,0,0,0
인천지부,2019,성인교육,31,318,회차,0,0,0,0,0,0,0,0,0,0,0,0,0
인천지부,2019,성인교육,31,318,인원,0,0,0,0,0,0,0,0,0,0,0,0,0
인천지부,2019,성인교육,31,319,개소,0,0,0,0,0,0,0,0,0,0,0,0,0
인천지부,2019,성인교육,31,319,회차,0,0,0,0,0,0,0,0,0,0,0,0,0
인천지부,2019,성인교육,31,319,인원,0,0,0,0,0,0,0,0,0,0,0,0,0
인천지부,2019,성인교육,32,322,개소,0,0,0,0,0,0,0,0,0,0,0,0,0
인천지부,2019,성인교육,32,322,회차,0,0,0,0,0,0,0,0,0,0,0,0,0
인천지부,2019,성인교육,32,322,인원,0,0,0,0,0,0,0,0,0,0,0,0,0
인천지부,2019,성인교육,32,323,개소,0,0,0,0,0,0,0,0,0,0,0,0,0
인천지부,2019,성인교육,32,323,회차,0,0,0,0,0,0,0,0,0,0,0,0,0
인천지부,2019,성인교육,32,323,인원,0,0,0,0,0,0,0,0,0,0,0,0,0
인천지부,2019,성인교육,32,326,개소,0,0,0,0,0,0,0,0,0,0,0,0,0
인천지부,2019,성인교육,32,326,회차,0,0,0,0,0,0,0,0,0,0,0,0,0
인천지부,2019,성인교육,32,326,인원,0,0,0,0,0,0,0,0,0,0,0,0,0
인천지부,2019,성인교육,32,328,개소,0,0,0,0,0,0,0,0,0,0,0,0,0
인천지부,2019,성인교육,32,328,회차,0,0,0,0,0,0,0,0,0,0,0,0,0
인천지부,2019,성인교육,32,328,인원,0,0,0,0,0,0,0,0,0,0,0,0,0
인천지부,2019,성인교육,32,329,개소,0,0,0,0,0,0,0,0,0,0,0,0,0
인천지부,2019,성인교육,32,329,회차,0,0,0,0,0,0,0,0,0,0,0,0,0
인천지부,2019,성인교육,32,329,인원,0,0,0,0,0,0,0,0,0,0,0,0,0
인천지부,2019,성인교육,33,332,개소,0,0,0,0,0,0,0,0,0,0,0,0,0
인천지부,2019,성인교육,33,332,회차,0,0,0,0,0,0,0,0,0,0,0,0,0
인천지부,2019,성인교육,33,332,인원,0,0,0,0,0,0,0,0,0,0,0,0,0
인천지부,2019,성인교육,33,333,개소,0,0,0,0,0,0,0,0,0,0,0,0,0
인천지부,2019,성인교육,33,333,회차,0,0,0,0,0,0,0,0,0,0,0,0,0
인천지부,2019,성인교육,33,333,인원,0,0,0,0,0,0,0,0,0,0,0,0,0
인천지부,2019,성인교육,33,336,개소,0,0,0,0,0,0,0,0,0,0,0,0,0
인천지부,2019,성인교육,33,336,회차,0,0,0,0,0,0,0,0,0,0,0,0,0
인천지부,2019,성인교육,33,336,인원,0,0,0,0,0,0,0,0,0,0,0,0,0
인천지부,2019,성인교육,33,338,개소,0,0,0,0,0,0,0,0,0,0,0,0,0
인천지부,2019,성인교육,33,338,회차,0,0,0,0,0,0,0,0,0,0,0,0,0
인천지부,2019,성인교육,33,338,인원,0,0,0,0,0,0,0,0,0,0,0,0,0
인천지부,2019,성인교육,33,339,개소,0,0,0,0,0,0,0,0,0,0,0,0,0
인천지부,2019,성인교육,33,339,회차,0,0,0,0,0,0,0,0,0,0,0,0,0
인천지부,2019,성인교육,33,339,인원,0,0,0,0,0,0,0,0,0,0,0,0,0
인천지부,2019,성인교육,34,342,개소,0,0,0,0,0,0,0,0,0,0,0,0,0
인천지부,2019,성인교육,34,342,회차,0,0,0,0,0,0,0,0,0,0,0,0,0
인천지부,2019,성인교육,34,342,인원,0,0,0,0,0,0,0,0,0,0,0,0,0
인천지부,2019,성인교육,34,343,개소,0,0,0,0,0,0,0,0,0,0,0,0,0
인천지부,2019,성인교육,34,343,회차,0,0,0,0,0,0,0,0,0,0,0,0,0
인천지부,2019,성인교육,34,343,인원,0,0,0,0,0,0,0,0,0,0,0,0,0
인천지부,2019,성인교육,34,346,개소,0,0,0,0,0,0,0,0,0,0,0,0,0
인천지부,2019,성인교육,34,346,회차,0,0,0,0,0,0,0,0,0,0,0,0,0
인천지부,2019,성인교육,34,346,인원,0,0,0,0,0,0,0,0,0,0,0,0,0
인천지부,2019,성인교육,34,348,개소,0,0,0,0,0,0,0,0,0,0,0,0,0
인천지부,2019,성인교육,34,348,회차,0,0,0,0,0,0,0,0,0,0,0,0,0
인천지부,2019,성인교육,34,348,인원,0,0,0,0,0,0,0,0,0,0,0,0,0
인천지부,2019,성인교육,34,349,개소,0,0,0,0,0,0,0,0,0,0,0,0,0
인천지부,2019,성인교육,34,349,회차,0,0,0,0,0,0,0,0,0,0,0,0,0
인천지부,2019,성인교육,34,349,인원,0,0,0,0,0,0,0,0,0,0,0,0,0
인천지부,2019,성인교육,35,352,개소,0,0,0,0,0,0,0,0,0,0,0,0,0
인천지부,2019,성인교육,35,352,회차,0,0,0,0,0,0,0,0,0,0,0,0,0
인천지부,2019,성인교육,35,352,인원,0,0,0,0,0,0,0,0,0,0,0,0,0
인천지부,2019,성인교육,35,353,개소,0,0,0,0,0,0,0,0,0,0,0,0,0
인천지부,2019,성인교육,35,353,회차,0,0,0,0,0,0,0,0,0,0,0,0,0
인천지부,2019,성인교육,35,353,인원,0,0,0,0,0,0,0,0,0,0,0,0,0
인천지부,2019,성인교육,35,356,개소,0,0,0,0,0,0,0,0,0,0,0,0,0
인천지부,2019,성인교육,35,356,회차,0,0,0,0,0,0,0,0,0,0,0,0,0
인천지부,2019,성인교육,35,356,인원,0,0,0,0,0,0,0,0,0,0,0,0,0
인천지부,2019,성인교육,35,358,개소,0,0,0,0,0,0,0,0,0,0,0,0,0
인천지부,2019,성인교육,35,358,회차,0,0,0,0,0,0,0,0,0,0,0,0,0
인천지부,2019,성인교육,35,358,인원,0,0,0,0,0,0,0,0,0,0,0,0,0
인천지부,2019,성인교육,35,359,개소,0,0,0,0,0,0,0,0,0,0,0,0,0
인천지부,2019,성인교육,35,359,회차,0,0,0,0,0,0,0,0,0,0,0,0,0
인천지부,2019,성인교육,35,359,인원,0,0,0,0,0,0,0,0,0,0,0,0,0
인천지부,2019,성인교육,36,362,개소,0,0,0,0,0,0,0,0,0,0,0,0,0
인천지부,2019,성인교육,36,362,회차,0,0,0,0,0,0,0,0,0,0,0,0,0
인천지부,2019,성인교육,36,362,인원,0,0,0,0,0,0,0,0,0,0,0,0,0
인천지부,2019,성인교육,36,363,개소,0,0,0,0,0,0,0,0,0,0,0,0,0
인천지부,2019,성인교육,36,363,회차,0,0,0,0,0,0,0,0,0,0,0,0,0
인천지부,2019,성인교육,36,363,인원,0,0,0,0,0,0,0,0,0,0,0,0,0
인천지부,2019,성인교육,36,365,개소,0,0,0,0,0,0,0,0,0,0,0,0,0
인천지부,2019,성인교육,36,365,회차,0,0,0,0,0,0,0,0,0,0,0,0,0
인천지부,2019,성인교육,36,365,인원,0,0,0,0,0,0,0,0,0,0,0,0,0
인천지부,2019,성인교육,36,366,개소,0,0,0,0,0,0,0,0,0,0,0,0,0
인천지부,2019,성인교육,36,366,회차,0,0,0,0,0,0,0,0,0,0,0,0,0
인천지부,2019,성인교육,36,366,인원,0,0,0,0,0,0,0,0,0,0,0,0,0
인천지부,2019,성인교육,36,368,개소,0,0,0,0,0,0,0,0,0,0,0,0,0
인천지부,2019,성인교육,36,368,회차,0,0,0,0,0,0,0,0,0,0,0,0,0
인천지부,2019,성인교육,36,368,인원,0,0,0,0,0,0,0,0,0,0,0,0,0
인천지부,2019,성인교육,36,369,개소,0,0,0,0,0,0,0,0,0,0,0,0,0
인천지부,2019,성인교육,36,369,회차,0,0,0,0,0,0,0,0,0,0,0,0,0
인천지부,2019,성인교육,36,369,인원,0,0,0,0,0,0,0,0,0,0,0,0,0
인천지부,2019,성인교육,37,372,개소,0,0,0,0,0,0,0,0,0,0,0,0,0
인천지부,2019,성인교육,37,372,회차,0,0,0,0,0,0,0,0,0,0,0,0,0
인천지부,2019,성인교육,37,372,인원,0,0,0,0,0,0,0,0,0,0,0,0,0
인천지부,2019,성인교육,37,373,개소,0,0,0,0,0,0,0,0,0,0,0,0,0
인천지부,2019,성인교육,37,373,회차,0,0,0,0,0,0,0,0,0,0,0,0,0
인천지부,2019,성인교육,37,373,인원,0,0,0,0,0,0,0,0,0,0,0,0,0
인천지부,2019,성인교육,37,376,개소,0,0,0,0,0,0,0,0,0,0,0,0,0
인천지부,2019,성인교육,37,376,회차,0,0,0,0,0,0,0,0,0,0,0,0,0
인천지부,2019,성인교육,37,376,인원,0,0,0,0,0,0,0,0,0,0,0,0,0
인천지부,2019,성인교육,37,378,개소,0,0,0,0,0,0,0,0,0,0,0,0,0
인천지부,2019,성인교육,37,378,회차,0,0,0,0,0,0,0,0,0,0,0,0,0
인천지부,2019,성인교육,37,378,인원,0,0,0,0,0,0,0,0,0,0,0,0,0
인천지부,2019,성인교육,37,379,개소,0,0,0,0,0,0,0,0,0,0,0,0,0
인천지부,2019,성인교육,37,379,회차,0,0,0,0,0,0,0,0,0,0,0,0,0
인천지부,2019,성인교육,37,379,인원,0,0,0,0,0,0,0,0,0,0,0,0,0
인천지부,2019,성인교육,38,381,개소,0,0,0,0,0,0,0,0,0,0,0,0,0
인천지부,2019,성인교육,38,381,회차,0,0,0,0,0,0,0,0,0,0,0,0,0
인천지부,2019,성인교육,38,381,인원,0,0,0,0,0,0,0,0,0,0,0,0,0
인천지부,2019,성인교육,38,382,개소,0,0,0,0,0,0,0,0,0,0,0,0,0
인천지부,2019,성인교육,38,382,회차,0,0,0,0,0,0,0,0,0,0,0,0,0
인천지부,2019,성인교육,38,382,인원,0,0,0,0,0,0,0,0,0,0,0,0,0
인천지부,2019,성인교육,38,386,개소,0,0,0,0,0,0,0,0,0,0,0,0,0
인천지부,2019,성인교육,38,386,회차,0,0,0,0,0,0,0,0,0,0,0,0,0
인천지부,2019,성인교육,38,386,인원,0,0,0,0,0,0,0,0,0,0,0,0,0
인천지부,2019,성인교육,38,388,개소,0,0,0,0,0,0,0,0,0,0,0,0,0
인천지부,2019,성인교육,38,388,회차,0,0,0,0,0,0,0,0,0,0,0,0,0
인천지부,2019,성인교육,38,388,인원,0,0,0,0,0,0,0,0,0,0,0,0,0
인천지부,2019,성인교육,39,392,개소,0,0,0,0,0,0,0,0,0,0,0,0,0
인천지부,2019,성인교육,39,392,회차,0,0,0,0,0,0,0,0,0,0,0,0,0
인천지부,2019,성인교육,39,392,인원,0,0,0,0,0,0,0,0,0,0,0,0,0
인천지부,2019,성인교육,39,393,개소,0,0,0,0,0,0,0,0,0,0,0,0,0
인천지부,2019,성인교육,39,393,회차,0,0,0,0,0,0,0,0,0,0,0,0,0
인천지부,2019,성인교육,39,393,인원,0,0,0,0,0,0,0,0,0,0,0,0,0
인천지부,2019,성인교육,39,396,개소,0,0,0,0,0,0,0,0,0,0,0,0,0
인천지부,2019,성인교육,39,396,회차,0,0,0,0,0,0,0,0,0,0,0,0,0
인천지부,2019,성인교육,39,396,인원,0,0,0,0,0,0,0,0,0,0,0,0,0
인천지부,2019,성인교육,39,398,개소,0,0,0,0,0,0,0,0,0,0,0,0,0
인천지부,2019,성인교육,39,398,회차,0,0,0,0,0,0,0,0,0,0,0,0,0
인천지부,2019,성인교육,39,398,인원,0,0,0,0,0,0,0,0,0,0,0,0,0
인천지부,2019,고령자교육,41,411,개소,0,0,0,0,0,0,0,0,0,0,0,0,0
인천지부,2019,고령자교육,41,411,회차,0,0,0,0,0,0,0,0,0,0,0,0,0
인천지부,2019,고령자교육,41,411,인원,0,0,0,0,0,0,0,0,0,0,0,0,0
인천지부,2019,고령자교육,41,412,개소,0,0,0,0,0,0,0,0,0,0,0,0,0
인천지부,2019,고령자교육,41,412,회차,0,0,0,0,0,0,0,0,0,0,0,0,0
인천지부,2019,고령자교육,41,412,인원,0,0,0,0,0,0,0,0,0,0,0,0,0
인천지부,2019,고령자교육,41,413,개소,0,0,0,0,0,0,0,0,0,0,0,0,0
인천지부,2019,고령자교육,41,413,회차,0,0,0,0,0,0,0,0,0,0,0,0,0
인천지부,2019,고령자교육,41,413,인원,0,0,0,0,0,0,0,0,0,0,0,0,0
인천지부,2019,고령자교육,41,417,개소,0,0,0,0,0,0,0,0,0,0,0,0,0
인천지부,2019,고령자교육,41,417,회차,0,0,0,0,0,0,0,0,0,0,0,0,0
인천지부,2019,고령자교육,41,417,인원,0,0,0,0,0,0,0,0,0,0,0,0,0
인천지부,2019,고령자교육,42,422,개소,0,0,0,0,0,0,0,0,0,0,0,0,0
인천지부,2019,고령자교육,42,422,회차,0,0,0,0,0,0,0,0,0,0,0,0,0
인천지부,2019,고령자교육,42,422,인원,0,0,0,0,0,0,0,0,0,0,0,0,0
인천지부,2019,고령자교육,42,423,개소,0,0,0,0,0,0,0,0,0,0,0,0,0
인천지부,2019,고령자교육,42,423,회차,0,0,0,0,0,0,0,0,0,0,0,0,0
인천지부,2019,고령자교육,42,423,인원,0,0,0,0,0,0,0,0,0,0,0,0,0
인천지부,2019,고령자교육,42,426,개소,0,0,0,0,0,0,0,0,0,0,0,0,0
인천지부,2019,고령자교육,42,426,회차,0,0,0,0,0,0,0,0,0,0,0,0,0
인천지부,2019,고령자교육,42,426,인원,0,0,0,0,0,0,0,0,0,0,0,0,0
인천지부,2019,교사교육,51,511,개소,0,0,0,0,0,0,0,0,0,0,0,0,0
인천지부,2019,교사교육,51,511,회차,0,0,0,0,0,0,0,0,0,0,0,0,0
인천지부,2019,교사교육,51,511,인원,0,0,0,0,0,0,0,0,0,0,0,0,0
인천지부,2019,교사교육,51,512,개소,0,0,0,0,0,0,0,0,0,0,0,0,0
인천지부,2019,교사교육,51,512,회차,0,0,0,0,0,0,0,0,0,0,0,0,0
인천지부,2019,교사교육,51,512,인원,0,0,0,0,0,0,0,0,0,0,0,0,0
인천지부,2019,교사교육,51,516,개소,0,0,0,0,0,0,0,0,0,0,0,0,0
인천지부,2019,교사교육,51,516,회차,0,0,0,0,0,0,0,0,0,0,0,0,0
인천지부,2019,교사교육,51,516,인원,0,0,0,0,0,0,0,0,0,0,0,0,0
인천지부,2019,교사교육,52,521,개소,0,0,0,0,0,0,0,0,0,0,0,0,0
인천지부,2019,교사교육,52,521,회차,0,0,0,0,0,0,0,0,0,0,0,0,0
인천지부,2019,교사교육,52,521,인원,0,0,0,0,0,0,0,0,0,0,0,0,0
인천지부,2019,교사교육,52,522,개소,0,0,0,0,0,0,0,0,0,0,0,0,0
인천지부,2019,교사교육,52,522,회차,0,0,0,0,0,0,0,0,0,0,0,0,0
인천지부,2019,교사교육,52,522,인원,0,0,0,0,0,0,0,0,0,0,0,0,0
인천지부,2019,교사교육,52,526,개소,0,0,0,0,0,0,0,0,0,0,0,0,0
인천지부,2019,교사교육,52,526,회차,0,0,0,0,0,0,0,0,0,0,0,0,0
인천지부,2019,교사교육,52,526,인원,0,0,0,0,0,0,0,0,0,0,0,0,0
인천지부,2019,교사교육,53,531,개소,0,0,0,0,0,0,0,0,0,0,0,0,0
인천지부,2019,교사교육,53,531,회차,0,0,0,0,0,0,0,0,0,0,0,0,0
인천지부,2019,교사교육,53,531,인원,0,0,0,0,0,0,0,0,0,0,0,0,0
인천지부,2019,교사교육,53,532,개소,0,0,0,0,0,0,0,0,0,0,0,0,0
인천지부,2019,교사교육,53,532,회차,0,0,0,0,0,0,0,0,0,0,0,0,0
인천지부,2019,교사교육,53,532,인원,0,0,0,0,0,0,0,0,0,0,0,0,0
인천지부,2019,교사교육,53,536,개소,0,0,0,0,0,0,0,0,0,0,0,0,0
인천지부,2019,교사교육,53,536,회차,0,0,0,0,0,0,0,0,0,0,0,0,0
인천지부,2019,교사교육,53,536,인원,0,0,0,0,0,0,0,0,0,0,0,0,0
인천지부,2019,교사교육,54,541,개소,0,0,0,0,0,0,0,0,0,0,0,0,0
인천지부,2019,교사교육,54,541,회차,0,0,0,0,0,0,0,0,0,0,0,0,0
인천지부,2019,교사교육,54,541,인원,0,0,0,0,0,0,0,0,0,0,0,0,0
인천지부,2019,교사교육,54,542,개소,0,0,0,0,0,0,0,0,0,0,0,0,0
인천지부,2019,교사교육,54,542,회차,0,0,0,0,0,0,0,0,0,0,0,0,0
인천지부,2019,교사교육,54,542,인원,0,0,0,0,0,0,0,0,0,0,0,0,0
인천지부,2019,교사교육,54,543,개소,0,0,0,0,0,0,0,0,0,0,0,0,0
인천지부,2019,교사교육,54,543,회차,0,0,0,0,0,0,0,0,0,0,0,0,0
인천지부,2019,교사교육,54,543,인원,0,0,0,0,0,0,0,0,0,0,0,0,0
인천지부,2019,교사교육,54,546,개소,0,0,0,0,0,0,0,0,0,0,0,0,0
인천지부,2019,교사교육,54,546,회차,0,0,0,0,0,0,0,0,0,0,0,0,0
인천지부,2019,교사교육,54,546,인원,0,0,0,0,0,0,0,0,0,0,0,0,0
인천지부,2020,어린이교육,11,111,개소,0,0,0,0,0,0,0,0,0,0,0,0,0
인천지부,2020,어린이교육,11,111,회차,0,0,0,0,0,0,0,0,0,0,0,0,0
인천지부,2020,어린이교육,11,111,인원,0,0,0,0,0,0,0,0,0,0,0,0,0
인천지부,2020,어린이교육,11,112,개소,0,0,0,0,0,0,0,0,0,0,0,0,0
인천지부,2020,어린이교육,11,112,회차,0,0,0,0,0,0,0,0,0,0,0,0,0
인천지부,2020,어린이교육,11,112,인원,0,0,0,0,0,0,0,0,0,0,0,0,0
인천지부,2020,어린이교육,11,113,개소,0,0,0,0,0,0,0,0,0,0,0,0,0
인천지부,2020,어린이교육,11,113,회차,0,0,0,0,0,0,0,0,0,0,0,0,0
인천지부,2020,어린이교육,11,113,인원,0,0,0,0,0,0,0,0,0,0,0,0,0
인천지부,2020,어린이교육,11,114,개소,0,0,0,0,0,0,0,0,0,0,0,0,0
인천지부,2020,어린이교육,11,114,회차,0,0,0,0,0,0,0,0,0,0,0,0,0
인천지부,2020,어린이교육,11,114,인원,0,0,0,0,0,0,0,0,0,0,0,0,0
인천지부,2020,어린이교육,12,121,개소,0,0,0,0,0,0,0,0,0,0,0,0,0
인천지부,2020,어린이교육,12,121,회차,0,0,0,0,0,0,0,0,0,0,0,0,0
인천지부,2020,어린이교육,12,121,인원,0,0,0,0,0,0,0,0,0,0,0,0,0
인천지부,2020,어린이교육,12,122,개소,0,0,0,0,0,0,0,0,0,0,0,0,0
인천지부,2020,어린이교육,12,122,회차,0,0,0,0,0,0,0,0,0,0,0,0,0
인천지부,2020,어린이교육,12,122,인원,0,0,0,0,0,0,0,0,0,0,0,0,0
인천지부,2020,어린이교육,12,124,개소,0,0,0,0,0,0,0,0,0,0,0,0,0
인천지부,2020,어린이교육,12,124,회차,0,0,0,0,0,0,0,0,0,0,0,0,0
인천지부,2020,어린이교육,12,124,인원,0,0,0,0,0,0,0,0,0,0,0,0,0
인천지부,2020,어린이교육,12,127,개소,0,0,0,0,0,0,0,0,0,0,0,0,0
인천지부,2020,어린이교육,12,127,회차,0,0,0,0,0,0,0,0,0,0,0,0,0
인천지부,2020,어린이교육,12,127,인원,0,0,0,0,0,0,0,0,0,0,0,0,0
인천지부,2020,어린이교육,13,131,개소,0,0,0,0,0,0,0,0,0,0,0,0,0
인천지부,2020,어린이교육,13,131,회차,0,0,0,0,0,0,0,0,0,0,0,0,0
인천지부,2020,어린이교육,13,131,인원,0,0,0,0,0,0,0,0,0,0,0,0,0
인천지부,2020,어린이교육,13,132,개소,0,0,0,0,0,0,0,0,0,0,0,0,0
인천지부,2020,어린이교육,13,132,회차,0,0,0,0,0,0,0,0,0,0,0,0,0
인천지부,2020,어린이교육,13,132,인원,0,0,0,0,0,0,0,0,0,0,0,0,0
인천지부,2020,어린이교육,13,134,개소,0,0,0,0,0,0,0,0,0,0,0,0,0
인천지부,2020,어린이교육,13,134,회차,0,0,0,0,0,0,0,0,0,0,0,0,0
인천지부,2020,어린이교육,13,134,인원,0,0,0,0,0,0,0,0,0,0,0,0,0
인천지부,2020,어린이교육,13,137,개소,0,0,0,0,0,0,0,0,0,0,0,0,0
인천지부,2020,어린이교육,13,137,회차,0,0,0,0,0,0,0,0,0,0,0,0,0
인천지부,2020,어린이교육,13,137,인원,0,0,0,0,0,0,0,0,0,0,0,0,0
인천지부,2020,어린이교육,14,141,개소,0,0,0,0,0,0,0,0,0,0,0,0,0
인천지부,2020,어린이교육,14,141,회차,0,0,0,0,0,0,0,0,0,0,0,0,0
인천지부,2020,어린이교육,14,141,인원,0,0,0,0,0,0,0,0,0,0,0,0,0
인천지부,2020,어린이교육,14,142,개소,0,0,0,0,0,0,0,0,0,0,0,0,0
인천지부,2020,어린이교육,14,142,회차,0,0,0,0,0,0,0,0,0,0,0,0,0
인천지부,2020,어린이교육,14,142,인원,0,0,0,0,0,0,0,0,0,0,0,0,0
인천지부,2020,어린이교육,14,144,개소,0,0,0,0,0,0,0,0,0,0,0,0,0
인천지부,2020,어린이교육,14,144,회차,0,0,0,0,0,0,0,0,0,0,0,0,0
인천지부,2020,어린이교육,14,144,인원,0,0,0,0,0,0,0,0,0,0,0,0,0
인천지부,2020,어린이교육,14,147,개소,0,0,0,0,0,0,0,0,0,0,0,0,0
인천지부,2020,어린이교육,14,147,회차,0,0,0,0,0,0,0,0,0,0,0,0,0
인천지부,2020,어린이교육,14,147,인원,0,0,0,0,0,0,0,0,0,0,0,0,0
인천지부,2020,청소년교육,21,211,개소,0,0,0,0,0,0,0,0,0,0,0,0,0
인천지부,2020,청소년교육,21,211,회차,0,0,0,0,0,0,0,0,0,0,0,0,0
인천지부,2020,청소년교육,21,211,인원,0,0,0,0,0,0,0,0,0,0,0,0,0
인천지부,2020,청소년교육,21,212,개소,0,0,0,0,0,0,0,0,0,0,0,0,0
인천지부,2020,청소년교육,21,212,회차,0,0,0,0,0,0,0,0,0,0,0,0,0
인천지부,2020,청소년교육,21,212,인원,0,0,0,0,0,0,0,0,0,0,0,0,0
인천지부,2020,청소년교육,21,214,개소,0,0,0,0,0,0,0,0,0,0,0,0,0
인천지부,2020,청소년교육,21,214,회차,0,0,0,0,0,0,0,0,0,0,0,0,0
인천지부,2020,청소년교육,21,214,인원,0,0,0,0,0,0,0,0,0,0,0,0,0
인천지부,2020,청소년교육,21,217,개소,0,0,0,0,0,0,0,0,0,0,0,0,0
인천지부,2020,청소년교육,21,217,회차,0,0,0,0,0,0,0,0,0,0,0,0,0
인천지부,2020,청소년교육,21,217,인원,0,0,0,0,0,0,0,0,0,0,0,0,0
인천지부,2020,청소년교육,21,218,개소,0,0,0,0,0,0,0,0,0,0,0,0,0
인천지부,2020,청소년교육,21,218,회차,0,0,0,0,0,0,0,0,0,0,0,0,0
인천지부,2020,청소년교육,21,218,인원,0,0,0,0,0,0,0,0,0,0,0,0,0
인천지부,2020,청소년교육,22,221,개소,0,0,0,0,0,0,0,0,0,0,0,0,0
인천지부,2020,청소년교육,22,221,회차,0,0,0,0,0,0,0,0,0,0,0,0,0
인천지부,2020,청소년교육,22,221,인원,0,0,0,0,0,0,0,0,0,0,0,0,0
인천지부,2020,청소년교육,22,222,개소,0,0,0,0,0,0,0,0,0,0,0,0,0
인천지부,2020,청소년교육,22,222,회차,0,0,0,0,0,0,0,0,0,0,0,0,0
인천지부,2020,청소년교육,22,222,인원,0,0,0,0,0,0,0,0,0,0,0,0,0
인천지부,2020,청소년교육,22,223,개소,0,0,0,0,0,0,0,0,0,0,0,0,0
인천지부,2020,청소년교육,22,223,회차,0,0,0,0,0,0,0,0,0,0,0,0,0
인천지부,2020,청소년교육,22,223,인원,0,0,0,0,0,0,0,0,0,0,0,0,0
인천지부,2020,청소년교육,22,224,개소,0,0,0,0,0,0,0,0,0,0,0,0,0
인천지부,2020,청소년교육,22,224,회차,0,0,0,0,0,0,0,0,0,0,0,0,0
인천지부,2020,청소년교육,22,224,인원,0,0,0,0,0,0,0,0,0,0,0,0,0
인천지부,2020,청소년교육,22,226,개소,0,0,0,0,0,0,0,0,0,0,0,0,0
인천지부,2020,청소년교육,22,226,회차,0,0,0,0,0,0,0,0,0,0,0,0,0
인천지부,2020,청소년교육,22,226,인원,0,0,0,0,0,0,0,0,0,0,0,0,0
인천지부,2020,청소년교육,22,227,개소,0,0,0,0,0,0,0,0,0,0,0,0,0
인천지부,2020,청소년교육,22,227,회차,0,0,0,0,0,0,0,0,0,0,0,0,0
인천지부,2020,청소년교육,22,227,인원,0,0,0,0,0,0,0,0,0,0,0,0,0
인천지부,2020,청소년교육,22,228,개소,0,0,0,0,0,0,0,0,0,0,0,0,0
인천지부,2020,청소년교육,22,228,회차,0,0,0,0,0,0,0,0,0,0,0,0,0
인천지부,2020,청소년교육,22,228,인원,0,0,0,0,0,0,0,0,0,0,0,0,0
경기지부,2018,어린이교육,11,111,인원,5446,5446,5446,5446,5446,5446,5446,5446,5446,5446,5446,5455,65361
경기지부,2018,어린이교육,11,111,개소,0,0,0,0,0,0,0,0,0,0,0,0,0
경기지부,2018,어린이교육,11,111,회차,0,0,0,0,0,0,0,0,0,0,0,0,0
경기지부,2018,어린이교육,11,112,개소,0,0,0,0,0,0,0,0,0,0,0,0,0
경기지부,2018,어린이교육,11,112,회차,0,0,0,0,0,0,0,0,0,0,0,0,0
경기지부,2018,어린이교육,11,112,인원,0,0,0,0,0,0,0,0,0,0,0,0,0
경기지부,2018,어린이교육,11,113,개소,0,0,0,0,0,0,0,0,0,0,0,0,0
경기지부,2018,어린이교육,11,113,회차,0,0,0,0,0,0,0,0,0,0,0,0,0
경기지부,2018,어린이교육,11,113,인원,0,0,0,0,0,0,0,0,0,0,0,0,0
경기지부,2018,어린이교육,11,114,개소,0,0,0,0,0,0,0,0,0,0,0,0,0
경기지부,2018,어린이교육,11,114,회차,0,0,0,0,0,0,0,0,0,0,0,0,0
경기지부,2018,어린이교육,11,114,인원,0,0,0,0,0,0,0,0,0,0,0,0,0
경기지부,2018,어린이교육,12,121,인원,3760,3760,3760,3760,3760,3760,3760,3760,3760,3760,3760,3770,45130
경기지부,2018,어린이교육,12,121,개소,0,0,0,0,0,0,0,0,0,0,0,0,0
경기지부,2018,어린이교육,12,121,회차,0,0,0,0,0,0,0,0,0,0,0,0,0
경기지부,2018,어린이교육,12,122,인원,1556,1556,1556,1556,1556,1556,1556,1556,1556,1556,1556,1559,18675
경기지부,2018,어린이교육,12,122,개소,0,0,0,0,0,0,0,0,0,0,0,0,0
경기지부,2018,어린이교육,12,122,회차,0,0,0,0,0,0,0,0,0,0,0,0,0
경기지부,2018,어린이교육,12,124,인원,129,129,129,129,129,129,129,129,129,129,129,137,1556
경기지부,2018,어린이교육,12,124,개소,0,0,0,0,0,0,0,0,0,0,0,0,0
경기지부,2018,어린이교육,12,124,회차,0,0,0,0,0,0,0,0,0,0,0,0,0
경기지부,2018,어린이교육,12,127,인원,259,259,259,259,259,259,259,259,259,259,259,263,3112
경기지부,2018,어린이교육,12,127,개소,0,0,0,0,0,0,0,0,0,0,0,0,0
경기지부,2018,어린이교육,12,127,회차,0,0,0,0,0,0,0,0,0,0,0,0,0
경기지부,2018,어린이교육,13,131,인원,648,648,648,648,648,648,648,648,648,648,648,653,7781
경기지부,2018,어린이교육,13,131,개소,0,0,0,0,0,0,0,0,0,0,0,0,0
경기지부,2018,어린이교육,13,131,회차,0,0,0,0,0,0,0,0,0,0,0,0,0
경기지부,2018,어린이교육,13,132,인원,64,64,64,64,64,64,64,64,64,64,64,74,778
경기지부,2018,어린이교육,13,132,개소,0,0,0,0,0,0,0,0,0,0,0,0,0
경기지부,2018,어린이교육,13,132,회차,0,0,0,0,0,0,0,0,0,0,0,0,0
경기지부,2018,어린이교육,13,134,개소,0,0,0,0,0,0,0,0,0,0,0,0,0
경기지부,2018,어린이교육,13,134,회차,0,0,0,0,0,0,0,0,0,0,0,0,0
경기지부,2018,어린이교육,13,134,인원,0,0,0,0,0,0,0,0,0,0,0,0,0
경기지부,2018,어린이교육,13,137,인원,64,64,64,64,64,64,64,64,64,64,64,74,778
경기지부,2018,어린이교육,13,137,개소,0,0,0,0,0,0,0,0,0,0,0,0,0
경기지부,2018,어린이교육,13,137,회차,0,0,0,0,0,0,0,0,0,0,0,0,0
경기지부,2018,어린이교육,14,141,인원,1037,1037,1037,1037,1037,1037,1037,1037,1037,1037,1037,1043,12450
경기지부,2018,어린이교육,14,141,개소,0,0,0,0,0,0,0,0,0,0,0,0,0
경기지부,2018,어린이교육,14,141,회차,0,0,0,0,0,0,0,0,0,0,0,0,0
경기지부,2018,어린이교육,14,142,개소,0,0,0,0,0,0,0,0,0,0,0,0,0
경기지부,2018,어린이교육,14,142,회차,0,0,0,0,0,0,0,0,0,0,0,0,0
경기지부,2018,어린이교육,14,142,인원,0,0,0,0,0,0,0,0,0,0,0,0,0
경기지부,2018,어린이교육,14,144,개소,0,0,0,0,0,0,0,0,0,0,0,0,0
경기지부,2018,어린이교육,14,144,회차,0,0,0,0,0,0,0,0,0,0,0,0,0
경기지부,2018,어린이교육,14,144,인원,0,0,0,0,0,0,0,0,0,0,0,0,0
경기지부,2018,어린이교육,14,147,개소,0,0,0,0,0,0,0,0,0,0,0,0,0
경기지부,2018,어린이교육,14,147,회차,0,0,0,0,0,0,0,0,0,0,0,0,0
경기지부,2018,어린이교육,14,147,인원,0,0,0,0,0,0,0,0,0,0,0,0,0
경기지부,2018,청소년교육,21,211,인원,156,156,156,156,156,156,156,156,156,156,156,166,1882
경기지부,2018,청소년교육,21,211,회차,0,0,0,0,0,0,0,0,0,0,0,0,0
경기지부,2018,청소년교육,21,211,개소,0,0,0,0,0,0,0,0,0,0,0,0,0
경기지부,2018,청소년교육,21,212,인원,20,20,20,20,20,20,20,20,20,20,20,31,251
경기지부,2018,청소년교육,21,212,개소,0,0,0,0,0,0,0,0,0,0,0,0,0
경기지부,2018,청소년교육,21,212,회차,0,0,0,0,0,0,0,0,0,0,0,0,0
경기지부,2018,청소년교육,21,214,인원,20,20,20,20,20,20,20,20,20,20,20,31,251
경기지부,2018,청소년교육,21,214,개소,0,0,0,0,0,0,0,0,0,0,0,0,0
경기지부,2018,청소년교육,21,214,회차,0,0,0,0,0,0,0,0,0,0,0,0,0
경기지부,2018,청소년교육,21,217,개소,0,0,0,0,0,0,0,0,0,0,0,0,0
경기지부,2018,청소년교육,21,217,회차,0,0,0,0,0,0,0,0,0,0,0,0,0
경기지부,2018,청소년교육,21,217,인원,0,0,0,0,0,0,0,0,0,0,0,0,0
경기지부,2018,청소년교육,21,218,인원,10,10,10,10,10,10,10,10,10,10,10,15,125
경기지부,2018,청소년교육,21,218,개소,0,0,0,0,0,0,0,0,0,0,0,0,0
경기지부,2018,청소년교육,21,218,회차,0,0,0,0,0,0,0,0,0,0,0,0,0
경기지부,2018,청소년교육,22,221,개소,0,0,0,0,0,0,0,0,0,0,0,0,0
경기지부,2018,청소년교육,22,221,회차,0,0,0,0,0,0,0,0,0,0,0,0,0
경기지부,2018,청소년교육,22,221,인원,470,470,470,470,470,470,470,470,470,470,470,477,5647
경기지부,2018,청소년교육,22,222,개소,0,0,0,0,0,0,0,0,0,0,0,0,0
경기지부,2018,청소년교육,22,222,회차,0,0,0,0,0,0,0,0,0,0,0,0,0
경기지부,2018,청소년교육,22,222,인원,83,83,83,83,83,83,83,83,83,83,83,91,1004
경기지부,2018,청소년교육,22,223,개소,0,0,0,0,0,0,0,0,0,0,0,0,0
경기지부,2018,청소년교육,22,223,회차,0,0,0,0,0,0,0,0,0,0,0,0,0
경기지부,2018,청소년교육,22,223,인원,0,0,0,0,0,0,0,0,0,0,0,0,0
경기지부,2018,청소년교육,22,224,개소,0,0,0,0,0,0,0,0,0,0,0,0,0
경기지부,2018,청소년교육,22,224,회차,0,0,0,0,0,0,0,0,0,0,0,0,0
경기지부,2018,청소년교육,22,224,인원,20,20,20,20,20,20,20,20,20,20,20,31,251
경기지부,2018,청소년교육,22,226,개소,0,0,0,0,0,0,0,0,0,0,0,0,0
경기지부,2018,청소년교육,22,226,회차,0,0,0,0,0,0,0,0,0,0,0,0,0
경기지부,2018,청소년교육,22,226,인원,261,261,261,261,261,261,261,261,261,261,261,266,3137
경기지부,2018,청소년교육,22,227,개소,0,0,0,0,0,0,0,0,0,0,0,0,0
경기지부,2018,청소년교육,22,227,회차,0,0,0,0,0,0,0,0,0,0,0,0,0
경기지부,2018,청소년교육,22,227,인원,0,0,0,0,0,0,0,0,0,0,0,0,0
경기지부,2018,청소년교육,22,228,개소,0,0,0,0,0,0,0,0,0,0,0,0,0
경기지부,2018,청소년교육,22,228,회차,0,0,0,0,0,0,0,0,0,0,0,0,0
경기지부,2018,청소년교육,22,228,인원,0,0,0,0,0,0,0,0,0,0,0,0,0
경기지부,2018,성인교육,31,312,개소,0,0,0,0,0,0,0,0,0,0,0,0,0
경기지부,2018,성인교육,31,312,회차,0,0,0,0,0,0,0,0,0,0,0,0,0
경기지부,2018,성인교육,31,312,인원,201,201,201,201,201,201,201,201,201,201,201,201,2412
경기지부,2018,성인교육,31,313,개소,0,0,0,0,0,0,0,0,0,0,0,0,0
경기지부,2018,성인교육,31,313,회차,0,0,0,0,0,0,0,0,0,0,0,0,0
경기지부,2018,성인교육,31,313,인원,0,0,0,0,0,0,0,0,0,0,0,0,0
경기지부,2018,성인교육,31,314,개소,0,0,0,0,0,0,0,0,0,0,0,0,0
경기지부,2018,성인교육,31,314,회차,0,0,0,0,0,0,0,0,0,0,0,0,0
경기지부,2018,성인교육,31,314,인원,0,0,0,0,0,0,0,0,0,0,0,0,0
경기지부,2018,성인교육,31,316,개소,0,0,0,0,0,0,0,0,0,0,0,0,0
경기지부,2018,성인교육,31,316,회차,0,0,0,0,0,0,0,0,0,0,0,0,0
경기지부,2018,성인교육,31,316,인원,4020,4020,4020,4020,4020,4020,4020,4020,4020,4020,4020,4025,48245
경기지부,2018,성인교육,31,317,개소,0,0,0,0,0,0,0,0,0,0,0,0,0
경기지부,2018,성인교육,31,317,회차,0,0,0,0,0,0,0,0,0,0,0,0,0
경기지부,2018,성인교육,31,317,인원,0,0,0,0,0,0,0,0,0,0,0,0,0
경기지부,2018,성인교육,31,318,개소,0,0,0,0,0,0,0,0,0,0,0,0,0
경기지부,2018,성인교육,31,318,회차,0,0,0,0,0,0,0,0,0,0,0,0,0
경기지부,2018,성인교육,31,318,인원,0,0,0,0,0,0,0,0,0,0,0,0,0
경기지부,2018,성인교육,31,319,개소,0,0,0,0,0,0,0,0,0,0,0,0,0
경기지부,2018,성인교육,31,319,회차,0,0,0,0,0,0,0,0,0,0,0,0,0
경기지부,2018,성인교육,31,319,인원,0,0,0,0,0,0,0,0,0,0,0,0,0
경기지부,2018,성인교육,32,322,개소,0,0,0,0,0,0,0,0,0,0,0,0,0
경기지부,2018,성인교육,32,322,회차,0,0,0,0,0,0,0,0,0,0,0,0,0
경기지부,2018,성인교육,32,322,인원,0,0,0,0,0,0,0,0,0,0,0,0,0
경기지부,2018,성인교육,32,323,개소,0,0,0,0,0,0,0,0,0,0,0,0,0
경기지부,2018,성인교육,32,323,회차,0,0,0,0,0,0,0,0,0,0,0,0,0
경기지부,2018,성인교육,32,323,인원,0,0,0,0,0,0,0,0,0,0,0,0,0
경기지부,2018,성인교육,32,326,개소,0,0,0,0,0,0,0,0,0,0,0,0,0
경기지부,2018,성인교육,32,326,회차,0,0,0,0,0,0,0,0,0,0,0,0,0
경기지부,2018,성인교육,32,326,인원,804,804,804,804,804,804,804,804,804,804,804,805,9649
경기지부,2018,성인교육,32,328,개소,0,0,0,0,0,0,0,0,0,0,0,0,0
경기지부,2018,성인교육,32,328,회차,0,0,0,0,0,0,0,0,0,0,0,0,0
경기지부,2018,성인교육,32,328,인원,0,0,0,0,0,0,0,0,0,0,0,0,0
경기지부,2018,성인교육,32,329,개소,0,0,0,0,0,0,0,0,0,0,0,0,0
경기지부,2018,성인교육,32,329,회차,0,0,0,0,0,0,0,0,0,0,0,0,0
경기지부,2018,성인교육,32,329,인원,0,0,0,0,0,0,0,0,0,0,0,0,0
경기지부,2018,성인교육,33,332,개소,0,0,0,0,0,0,0,0,0,0,0,0,0
경기지부,2018,성인교육,33,332,회차,0,0,0,0,0,0,0,0,0,0,0,0,0
경기지부,2018,성인교육,33,332,인원,0,0,0,0,0,0,0,0,0,0,0,0,0
경기지부,2018,성인교육,33,333,개소,0,0,0,0,0,0,0,0,0,0,0,0,0
경기지부,2018,성인교육,33,333,회차,0,0,0,0,0,0,0,0,0,0,0,0,0
경기지부,2018,성인교육,33,333,인원,0,0,0,0,0,0,0,0,0,0,0,0,0
경기지부,2018,성인교육,33,336,개소,0,0,0,0,0,0,0,0,0,0,0,0,0
경기지부,2018,성인교육,33,336,회차,0,0,0,0,0,0,0,0,0,0,0,0,0
경기지부,2018,성인교육,33,336,인원,1608,1608,1608,1608,1608,1608,1608,1608,1608,1608,1608,1610,19298
경기지부,2018,성인교육,33,338,개소,0,0,0,0,0,0,0,0,0,0,0,0,0
경기지부,2018,성인교육,33,338,회차,0,0,0,0,0,0,0,0,0,0,0,0,0
경기지부,2018,성인교육,33,338,인원,0,0,0,0,0,0,0,0,0,0,0,0,0
경기지부,2018,성인교육,33,339,개소,0,0,0,0,0,0,0,0,0,0,0,0,0
경기지부,2018,성인교육,33,339,회차,0,0,0,0,0,0,0,0,0,0,0,0,0
경기지부,2018,성인교육,33,339,인원,0,0,0,0,0,0,0,0,0,0,0,0,0
경기지부,2018,성인교육,34,342,개소,0,0,0,0,0,0,0,0,0,0,0,0,0
경기지부,2018,성인교육,34,342,회차,0,0,0,0,0,0,0,0,0,0,0,0,0
경기지부,2018,성인교육,34,342,인원,201,201,201,201,201,201,201,201,201,201,201,201,2412
경기지부,2018,성인교육,34,343,개소,0,0,0,0,0,0,0,0,0,0,0,0,0
경기지부,2018,성인교육,34,343,회차,0,0,0,0,0,0,0,0,0,0,0,0,0
경기지부,2018,성인교육,34,343,인원,0,0,0,0,0,0,0,0,0,0,0,0,0
경기지부,2018,성인교육,34,346,개소,0,0,0,0,0,0,0,0,0,0,0,0,0
경기지부,2018,성인교육,34,346,회차,0,0,0,0,0,0,0,0,0,0,0,0,0
경기지부,2018,성인교육,34,346,인원,11257,11257,11257,11257,11257,11257,11257,11257,11257,11257,11257,11259,135086
경기지부,2018,성인교육,34,348,개소,0,0,0,0,0,0,0,0,0,0,0,0,0
경기지부,2018,성인교육,34,348,회차,0,0,0,0,0,0,0,0,0,0,0,0,0
경기지부,2018,성인교육,34,348,인원,0,0,0,0,0,0,0,0,0,0,0,0,0
경기지부,2018,성인교육,34,349,개소,0,0,0,0,0,0,0,0,0,0,0,0,0
경기지부,2018,성인교육,34,349,회차,0,0,0,0,0,0,0,0,0,0,0,0,0
경기지부,2018,성인교육,34,349,인원,0,0,0,0,0,0,0,0,0,0,0,0,0
경기지부,2018,성인교육,35,352,개소,0,0,0,0,0,0,0,0,0,0,0,0,0
경기지부,2018,성인교육,35,352,회차,0,0,0,0,0,0,0,0,0,0,0,0,0
경기지부,2018,성인교육,35,352,인원,0,0,0,0,0,0,0,0,0,0,0,0,0
경기지부,2018,성인교육,35,353,개소,0,0,0,0,0,0,0,0,0,0,0,0,0
경기지부,2018,성인교육,35,353,회차,0,0,0,0,0,0,0,0,0,0,0,0,0
경기지부,2018,성인교육,35,353,인원,0,0,0,0,0,0,0,0,0,0,0,0,0
경기지부,2018,성인교육,35,356,개소,0,0,0,0,0,0,0,0,0,0,0,0,0
경기지부,2018,성인교육,35,356,회차,0,0,0,0,0,0,0,0,0,0,0,0,0
경기지부,2018,성인교육,35,356,인원,1206,1206,1206,1206,1206,1206,1206,1206,1206,1206,1206,1208,14474
경기지부,2018,성인교육,35,358,개소,0,0,0,0,0,0,0,0,0,0,0,0,0
경기지부,2018,성인교육,35,358,회차,0,0,0,0,0,0,0,0,0,0,0,0,0
경기지부,2018,성인교육,35,358,인원,0,0,0,0,0,0,0,0,0,0,0,0,0
경기지부,2018,성인교육,35,359,개소,0,0,0,0,0,0,0,0,0,0,0,0,0
경기지부,2018,성인교육,35,359,회차,0,0,0,0,0,0,0,0,0,0,0,0,0
경기지부,2018,성인교육,35,359,인원,0,0,0,0,0,0,0,0,0,0,0,0,0
경기지부,2018,성인교육,36,362,개소,0,0,0,0,0,0,0,0,0,0,0,0,0
경기지부,2018,성인교육,36,362,회차,0,0,0,0,0,0,0,0,0,0,0,0,0
경기지부,2018,성인교육,36,362,인원,201,201,201,201,201,201,201,201,201,201,201,201,2412
경기지부,2018,성인교육,36,363,개소,0,0,0,0,0,0,0,0,0,0,0,0,0
경기지부,2018,성인교육,36,363,회차,0,0,0,0,0,0,0,0,0,0,0,0,0
경기지부,2018,성인교육,36,363,인원,0,0,0,0,0,0,0,0,0,0,0,0,0
경기지부,2018,성인교육,36,365,개소,0,0,0,0,0,0,0,0,0,0,0,0,0
경기지부,2018,성인교육,36,365,회차,0,0,0,0,0,0,0,0,0,0,0,0,0
경기지부,2018,성인교육,36,365,인원,0,0,0,0,0,0,0,0,0,0,0,0,0
경기지부,2018,성인교육,36,366,개소,0,0,0,0,0,0,0,0,0,0,0,0,0
경기지부,2018,성인교육,36,366,회차,0,0,0,0,0,0,0,0,0,0,0,0,0
경기지부,2018,성인교육,36,366,인원,8442,8442,8442,8442,8442,8442,8442,8442,8442,8442,8442,8453,101315
경기지부,2018,성인교육,36,368,개소,0,0,0,0,0,0,0,0,0,0,0,0,0
경기지부,2018,성인교육,36,368,회차,0,0,0,0,0,0,0,0,0,0,0,0,0
경기지부,2018,성인교육,36,368,인원,0,0,0,0,0,0,0,0,0,0,0,0,0
경기지부,2018,성인교육,36,369,개소,0,0,0,0,0,0,0,0,0,0,0,0,0
경기지부,2018,성인교육,36,369,회차,0,0,0,0,0,0,0,0,0,0,0,0,0
경기지부,2018,성인교육,36,369,인원,0,0,0,0,0,0,0,0,0,0,0,0,0
경기지부,2018,성인교육,37,372,개소,0,0,0,0,0,0,0,0,0,0,0,0,0
경기지부,2018,성인교육,37,372,회차,0,0,0,0,0,0,0,0,0,0,0,0,0
경기지부,2018,성인교육,37,372,인원,0,0,0,0,0,0,0,0,0,0,0,0,0
경기지부,2018,성인교육,37,373,개소,0,0,0,0,0,0,0,0,0,0,0,0,0
경기지부,2018,성인교육,37,373,회차,0,0,0,0,0,0,0,0,0,0,0,0,0
경기지부,2018,성인교육,37,373,인원,0,0,0,0,0,0,0,0,0,0,0,0,0
경기지부,2018,성인교육,37,376,개소,0,0,0,0,0,0,0,0,0,0,0,0,0
경기지부,2018,성인교육,37,376,회차,0,0,0,0,0,0,0,0,0,0,0,0,0
경기지부,2018,성인교육,37,376,인원,11257,11257,11257,11257,11257,11257,11257,11257,11257,11257,11257,11259,135086
경기지부,2018,성인교육,37,378,개소,0,0,0,0,0,0,0,0,0,0,0,0,0
경기지부,2018,성인교육,37,378,회차,0,0,0,0,0,0,0,0,0,0,0,0,0
경기지부,2018,성인교육,37,378,인원,0,0,0,0,0,0,0,0,0,0,0,0,0
경기지부,2018,성인교육,37,379,개소,0,0,0,0,0,0,0,0,0,0,0,0,0
경기지부,2018,성인교육,37,379,회차,0,0,0,0,0,0,0,0,0,0,0,0,0
경기지부,2018,성인교육,37,379,인원,0,0,0,0,0,0,0,0,0,0,0,0,0
경기지부,2018,성인교육,38,381,개소,0,0,0,0,0,0,0,0,0,0,0,0,0
경기지부,2018,성인교육,38,381,회차,0,0,0,0,0,0,0,0,0,0,0,0,0
경기지부,2018,성인교육,38,381,인원,201,201,201,201,201,201,201,201,201,201,201,201,2412
경기지부,2018,성인교육,38,382,개소,0,0,0,0,0,0,0,0,0,0,0,0,0
경기지부,2018,성인교육,38,382,회차,0,0,0,0,0,0,0,0,0,0,0,0,0
경기지부,2018,성인교육,38,382,인원,0,0,0,0,0,0,0,0,0,0,0,0,0
경기지부,2018,성인교육,38,386,개소,0,0,0,0,0,0,0,0,0,0,0,0,0
경기지부,2018,성인교육,38,386,회차,0,0,0,0,0,0,0,0,0,0,0,0,0
경기지부,2018,성인교육,38,386,인원,0,0,0,0,0,0,0,0,0,0,0,0,0
경기지부,2018,성인교육,38,388,개소,0,0,0,0,0,0,0,0,0,0,0,0,0
경기지부,2018,성인교육,38,388,회차,0,0,0,0,0,0,0,0,0,0,0,0,0
경기지부,2018,성인교육,38,388,인원,0,0,0,0,0,0,0,0,0,0,0,0,0
경기지부,2018,성인교육,39,392,개소,0,0,0,0,0,0,0,0,0,0,0,0,0
경기지부,2018,성인교육,39,392,회차,0,0,0,0,0,0,0,0,0,0,0,0,0
경기지부,2018,성인교육,39,392,인원,0,0,0,0,0,0,0,0,0,0,0,0,0
경기지부,2018,성인교육,39,393,개소,0,0,0,0,0,0,0,0,0,0,0,0,0
경기지부,2018,성인교육,39,393,회차,0,0,0,0,0,0,0,0,0,0,0,0,0
경기지부,2018,성인교육,39,393,인원,0,0,0,0,0,0,0,0,0,0,0,0,0
경기지부,2018,성인교육,39,396,개소,0,0,0,0,0,0,0,0,0,0,0,0,0
경기지부,2018,성인교육,39,396,회차,0,0,0,0,0,0,0,0,0,0,0,0,0
경기지부,2018,성인교육,39,396,인원,804,804,804,804,804,804,804,804,804,804,804,805,9649
경기지부,2018,성인교육,39,398,개소,0,0,0,0,0,0,0,0,0,0,0,0,0
경기지부,2018,성인교육,39,398,회차,0,0,0,0,0,0,0,0,0,0,0,0,0
경기지부,2018,성인교육,39,398,인원,0,0,0,0,0,0,0,0,0,0,0,0,0
경기지부,2018,고령자교육,41,411,개소,0,0,0,0,0,0,0,0,0,0,0,0,0
경기지부,2018,고령자교육,41,411,회차,0,0,0,0,0,0,0,0,0,0,0,0,0
경기지부,2018,고령자교육,41,411,인원,1582,1582,1582,1582,1582,1582,1582,1582,1582,1582,1582,1589,18991
경기지부,2018,고령자교육,41,412,개소,0,0,0,0,0,0,0,0,0,0,0,0,0
경기지부,2018,고령자교육,41,412,회차,0,0,0,0,0,0,0,0,0,0,0,0,0
경기지부,2018,고령자교육,41,412,인원,16,16,16,16,16,16,16,16,16,16,16,26,202
경기지부,2018,고령자교육,41,413,개소,0,0,0,0,0,0,0,0,0,0,0,0,0
경기지부,2018,고령자교육,41,413,회차,0,0,0,0,0,0,0,0,0,0,0,0,0
경기지부,2018,고령자교육,41,413,인원,0,0,0,0,0,0,0,0,0,0,0,0,0
경기지부,2018,고령자교육,41,417,개소,0,0,0,0,0,0,0,0,0,0,0,0,0
경기지부,2018,고령자교육,41,417,회차,0,0,0,0,0,0,0,0,0,0,0,0,0
경기지부,2018,고령자교육,41,417,인원,16,16,16,16,16,16,16,16,16,16,16,26,202
경기지부,2018,고령자교육,42,422,개소,0,0,0,0,0,0,0,0,0,0,0,0,0
경기지부,2018,고령자교육,42,422,회차,0,0,0,0,0,0,0,0,0,0,0,0,0
경기지부,2018,고령자교육,42,422,인원,0,0,0,0,0,0,0,0,0,0,0,0,0
경기지부,2018,고령자교육,42,423,개소,0,0,0,0,0,0,0,0,0,0,0,0,0
경기지부,2018,고령자교육,42,423,회차,0,0,0,0,0,0,0,0,0,0,0,0,0
경기지부,2018,고령자교육,42,423,인원,0,0,0,0,0,0,0,0,0,0,0,0,0
경기지부,2018,고령자교육,42,426,개소,0,0,0,0,0,0,0,0,0,0,0,0,0
경기지부,2018,고령자교육,42,426,회차,0,0,0,0,0,0,0,0,0,0,0,0,0
경기지부,2018,고령자교육,42,426,인원,195,195,195,195,195,195,195,195,195,195,195,198,2343
경기지부,2018,교사교육,51,511,개소,0,0,0,0,0,0,0,0,0,0,0,0,0
경기지부,2018,교사교육,51,511,회차,0,0,0,0,0,0,0,0,0,0,0,0,0
경기지부,2018,교사교육,51,511,인원,0,0,0,0,0,0,0,0,0,0,0,0,0
경기지부,2018,교사교육,51,512,개소,0,0,0,0,0,0,0,0,0,0,0,0,0
경기지부,2018,교사교육,51,512,회차,0,0,0,0,0,0,0,0,0,0,0,0,0
경기지부,2018,교사교육,51,512,인원,0,0,0,0,0,0,0,0,0,0,0,0,0
경기지부,2018,교사교육,51,516,개소,0,0,0,0,0,0,0,0,0,0,0,0,0
경기지부,2018,교사교육,51,516,회차,0,0,0,0,0,0,0,0,0,0,0,0,0
경기지부,2018,교사교육,51,516,인원,0,0,0,0,0,0,0,0,0,0,0,0,0
경기지부,2018,교사교육,52,521,개소,0,0,0,0,0,0,0,0,0,0,0,0,0
경기지부,2018,교사교육,52,521,회차,0,0,0,0,0,0,0,0,0,0,0,0,0
경기지부,2018,교사교육,52,521,인원,0,0,0,0,0,0,0,0,0,0,0,0,0
경기지부,2018,교사교육,52,522,개소,0,0,0,0,0,0,0,0,0,0,0,0,0
경기지부,2018,교사교육,52,522,회차,0,0,0,0,0,0,0,0,0,0,0,0,0
경기지부,2018,교사교육,52,522,인원,0,0,0,0,0,0,0,0,0,0,0,0,0
경기지부,2018,교사교육,52,526,개소,0,0,0,0,0,0,0,0,0,0,0,0,0
경기지부,2018,교사교육,52,526,회차,0,0,0,0,0,0,0,0,0,0,0,0,0
경기지부,2018,교사교육,52,526,인원,43,43,44,44,44,44,44,44,44,44,44,44,526
경기지부,2018,교사교육,53,531,개소,0,0,0,0,0,0,0,0,0,0,0,0,0
경기지부,2018,교사교육,53,531,회차,0,0,0,0,0,0,0,0,0,0,0,0,0
경기지부,2018,교사교육,53,531,인원,0,0,0,0,0,0,0,0,0,0,0,0,0
경기지부,2018,교사교육,53,532,개소,0,0,0,0,0,0,0,0,0,0,0,0,0
경기지부,2018,교사교육,53,532,회차,0,0,0,0,0,0,0,0,0,0,0,0,0
경기지부,2018,교사교육,53,532,인원,0,0,0,0,0,0,0,0,0,0,0,0,0
경기지부,2018,교사교육,53,536,개소,0,0,0,0,0,0,0,0,0,0,0,0,0
경기지부,2018,교사교육,53,536,회차,0,0,0,0,0,0,0,0,0,0,0,0,0
경기지부,2018,교사교육,53,536,인원,21,21,21,21,21,21,21,21,21,21,21,32,263
경기지부,2018,교사교육,54,541,개소,0,0,0,0,0,0,0,0,0,0,0,0,0
경기지부,2018,교사교육,54,541,회차,0,0,0,0,0,0,0,0,0,0,0,0,0
경기지부,2018,교사교육,54,541,인원,0,0,0,0,0,0,0,0,0,0,0,0,0
경기지부,2018,교사교육,54,542,개소,0,0,0,0,0,0,0,0,0,0,0,0,0
경기지부,2018,교사교육,54,542,회차,0,0,0,0,0,0,0,0,0,0,0,0,0
경기지부,2018,교사교육,54,542,인원,0,0,0,0,0,0,0,0,0,0,0,0,0
경기지부,2018,교사교육,54,543,개소,0,0,0,0,0,0,0,0,0,0,0,0,0
경기지부,2018,교사교육,54,543,회차,0,0,0,0,0,0,0,0,0,0,0,0,0
경기지부,2018,교사교육,54,543,인원,0,0,0,0,0,0,0,0,0,0,0,0,0
경기지부,2018,교사교육,54,546,개소,0,0,0,0,0,0,0,0,0,0,0,0,0
경기지부,2018,교사교육,54,546,회차,0,0,0,0,0,0,0,0,0,0,0,0,0
경기지부,2018,교사교육,54,546,인원,21,21,21,21,21,21,21,21,21,21,21,32,263
경기지부,2019,어린이교육,11,111,개소,0,0,0,0,0,0,0,0,0,0,0,0,0
경기지부,2019,어린이교육,11,111,회차,0,0,0,0,0,0,0,0,0,0,0,0,0
경기지부,2019,어린이교육,11,111,인원,0,0,0,0,0,0,0,0,0,0,0,0,0
경기지부,2019,어린이교육,11,112,개소,0,0,0,0,0,0,0,0,0,0,0,0,0
경기지부,2019,어린이교육,11,112,회차,0,0,0,0,0,0,0,0,0,0,0,0,0
경기지부,2019,어린이교육,11,112,인원,0,0,0,0,0,0,0,0,0,0,0,0,0
경기지부,2019,어린이교육,11,113,개소,0,0,0,0,0,0,0,0,0,0,0,0,0
경기지부,2019,어린이교육,11,113,회차,0,0,0,0,0,0,0,0,0,0,0,0,0
경기지부,2019,어린이교육,11,113,인원,0,0,0,0,0,0,0,0,0,0,0,0,0
경기지부,2019,어린이교육,11,114,개소,0,0,0,0,0,0,0,0,0,0,0,0,0
경기지부,2019,어린이교육,11,114,회차,0,0,0,0,0,0,0,0,0,0,0,0,0
경기지부,2019,어린이교육,11,114,인원,0,0,0,0,0,0,0,0,0,0,0,0,0
경기지부,2019,어린이교육,12,121,개소,0,0,0,0,0,0,0,0,0,0,0,0,0
경기지부,2019,어린이교육,12,121,회차,0,0,0,0,0,0,0,0,0,0,0,0,0
경기지부,2019,어린이교육,12,121,인원,0,0,0,0,0,0,0,0,0,0,0,0,0
경기지부,2019,어린이교육,12,122,개소,0,0,0,0,0,0,0,0,0,0,0,0,0
경기지부,2019,어린이교육,12,122,회차,0,0,0,0,0,0,0,0,0,0,0,0,0
경기지부,2019,어린이교육,12,122,인원,0,0,0,0,0,0,0,0,0,0,0,0,0
경기지부,2019,어린이교육,12,124,개소,0,0,0,0,0,0,0,0,0,0,0,0,0
경기지부,2019,어린이교육,12,124,회차,0,0,0,0,0,0,0,0,0,0,0,0,0
경기지부,2019,어린이교육,12,124,인원,0,0,0,0,0,0,0,0,0,0,0,0,0
경기지부,2019,어린이교육,12,127,개소,0,0,0,0,0,0,0,0,0,0,0,0,0
경기지부,2019,어린이교육,12,127,회차,0,0,0,0,0,0,0,0,0,0,0,0,0
경기지부,2019,어린이교육,12,127,인원,0,0,0,0,0,0,0,0,0,0,0,0,0
경기지부,2019,어린이교육,13,131,개소,0,0,0,0,0,0,0,0,0,0,0,0,0
경기지부,2019,어린이교육,13,131,회차,0,0,0,0,0,0,0,0,0,0,0,0,0
경기지부,2019,어린이교육,13,131,인원,0,0,0,0,0,0,0,0,0,0,0,0,0
경기지부,2019,어린이교육,13,132,개소,0,0,0,0,0,0,0,0,0,0,0,0,0
경기지부,2019,어린이교육,13,132,회차,0,0,0,0,0,0,0,0,0,0,0,0,0
경기지부,2019,어린이교육,13,132,인원,0,0,0,0,0,0,0,0,0,0,0,0,0
경기지부,2019,어린이교육,13,134,개소,0,0,0,0,0,0,0,0,0,0,0,0,0
경기지부,2019,어린이교육,13,134,회차,0,0,0,0,0,0,0,0,0,0,0,0,0
경기지부,2019,어린이교육,13,134,인원,0,0,0,0,0,0,0,0,0,0,0,0,0
경기지부,2019,어린이교육,13,137,개소,0,0,0,0,0,0,0,0,0,0,0,0,0
경기지부,2019,어린이교육,13,137,회차,0,0,0,0,0,0,0,0,0,0,0,0,0
경기지부,2019,어린이교육,13,137,인원,0,0,0,0,0,0,0,0,0,0,0,0,0
경기지부,2019,어린이교육,14,141,개소,0,0,0,0,0,0,0,0,0,0,0,0,0
경기지부,2019,어린이교육,14,141,회차,0,0,0,0,0,0,0,0,0,0,0,0,0
경기지부,2019,어린이교육,14,141,인원,0,0,0,0,0,0,0,0,0,0,0,0,0
경기지부,2019,어린이교육,14,142,개소,0,0,0,0,0,0,0,0,0,0,0,0,0
경기지부,2019,어린이교육,14,142,회차,0,0,0,0,0,0,0,0,0,0,0,0,0
경기지부,2019,어린이교육,14,142,인원,0,0,0,0,0,0,0,0,0,0,0,0,0
경기지부,2019,어린이교육,14,144,개소,0,0,0,0,0,0,0,0,0,0,0,0,0
경기지부,2019,어린이교육,14,144,회차,0,0,0,0,0,0,0,0,0,0,0,0,0
경기지부,2019,어린이교육,14,144,인원,0,0,0,0,0,0,0,0,0,0,0,0,0
경기지부,2019,어린이교육,14,147,개소,0,0,0,0,0,0,0,0,0,0,0,0,0
경기지부,2019,어린이교육,14,147,회차,0,0,0,0,0,0,0,0,0,0,0,0,0
경기지부,2019,어린이교육,14,147,인원,0,0,0,0,0,0,0,0,0,0,0,0,0
경기지부,2019,청소년교육,21,211,개소,0,0,0,0,0,0,0,0,0,0,0,0,0
경기지부,2019,청소년교육,21,211,회차,0,0,0,0,0,0,0,0,0,0,0,0,0
경기지부,2019,청소년교육,21,211,인원,0,0,0,0,0,0,0,0,0,0,0,0,0
경기지부,2019,청소년교육,21,212,개소,0,0,0,0,0,0,0,0,0,0,0,0,0
경기지부,2019,청소년교육,21,212,회차,0,0,0,0,0,0,0,0,0,0,0,0,0
경기지부,2019,청소년교육,21,212,인원,0,0,0,0,0,0,0,0,0,0,0,0,0
경기지부,2019,청소년교육,21,214,개소,0,0,0,0,0,0,0,0,0,0,0,0,0
경기지부,2019,청소년교육,21,214,회차,0,0,0,0,0,0,0,0,0,0,0,0,0
경기지부,2019,청소년교육,21,214,인원,0,0,0,0,0,0,0,0,0,0,0,0,0
경기지부,2019,청소년교육,21,217,개소,0,0,0,0,0,0,0,0,0,0,0,0,0
경기지부,2019,청소년교육,21,217,회차,0,0,0,0,0,0,0,0,0,0,0,0,0
경기지부,2019,청소년교육,21,217,인원,0,0,0,0,0,0,0,0,0,0,0,0,0
경기지부,2019,청소년교육,21,218,개소,0,0,0,0,0,0,0,0,0,0,0,0,0
경기지부,2019,청소년교육,21,218,회차,0,0,0,0,0,0,0,0,0,0,0,0,0
경기지부,2019,청소년교육,21,218,인원,0,0,0,0,0,0,0,0,0,0,0,0,0
경기지부,2019,청소년교육,22,221,개소,0,0,0,0,0,0,0,0,0,0,0,0,0
경기지부,2019,청소년교육,22,221,회차,0,0,0,0,0,0,0,0,0,0,0,0,0
경기지부,2019,청소년교육,22,221,인원,0,0,0,0,0,0,0,0,0,0,0,0,0
경기지부,2019,청소년교육,22,222,개소,0,0,0,0,0,0,0,0,0,0,0,0,0
경기지부,2019,청소년교육,22,222,회차,0,0,0,0,0,0,0,0,0,0,0,0,0
경기지부,2019,청소년교육,22,222,인원,0,0,0,0,0,0,0,0,0,0,0,0,0
경기지부,2019,청소년교육,22,223,개소,0,0,0,0,0,0,0,0,0,0,0,0,0
경기지부,2019,청소년교육,22,223,회차,0,0,0,0,0,0,0,0,0,0,0,0,0
경기지부,2019,청소년교육,22,223,인원,0,0,0,0,0,0,0,0,0,0,0,0,0
경기지부,2019,청소년교육,22,224,개소,0,0,0,0,0,0,0,0,0,0,0,0,0
경기지부,2019,청소년교육,22,224,회차,0,0,0,0,0,0,0,0,0,0,0,0,0
경기지부,2019,청소년교육,22,224,인원,0,0,0,0,0,0,0,0,0,0,0,0,0
경기지부,2019,청소년교육,22,226,개소,0,0,0,0,0,0,0,0,0,0,0,0,0
경기지부,2019,청소년교육,22,226,회차,0,0,0,0,0,0,0,0,0,0,0,0,0
경기지부,2019,청소년교육,22,226,인원,0,0,0,0,0,0,0,0,0,0,0,0,0
경기지부,2019,청소년교육,22,227,개소,0,0,0,0,0,0,0,0,0,0,0,0,0
경기지부,2019,청소년교육,22,227,회차,0,0,0,0,0,0,0,0,0,0,0,0,0
경기지부,2019,청소년교육,22,227,인원,0,0,0,0,0,0,0,0,0,0,0,0,0
경기지부,2019,청소년교육,22,228,개소,0,0,0,0,0,0,0,0,0,0,0,0,0
경기지부,2019,청소년교육,22,228,회차,0,0,0,0,0,0,0,0,0,0,0,0,0
경기지부,2019,청소년교육,22,228,인원,0,0,0,0,0,0,0,0,0,0,0,0,0
경기지부,2019,성인교육,31,312,회차,0,0,0,0,0,0,0,0,0,0,0,0,0
경기지부,2019,성인교육,31,312,인원,0,0,0,0,0,0,0,0,0,0,0,0,0
경기지부,2019,성인교육,31,312,개소,0,0,0,0,0,0,0,0,0,0,0,0,0
경기지부,2019,성인교육,31,313,개소,0,0,0,0,0,0,0,0,0,0,0,0,0
경기지부,2019,성인교육,31,313,회차,0,0,0,0,0,0,0,0,0,0,0,0,0
경기지부,2019,성인교육,31,313,인원,0,0,0,0,0,0,0,0,0,0,0,0,0
경기지부,2019,성인교육,31,314,개소,0,0,0,0,0,0,0,0,0,0,0,0,0
경기지부,2019,성인교육,31,314,회차,0,0,0,0,0,0,0,0,0,0,0,0,0
경기지부,2019,성인교육,31,314,인원,0,0,0,0,0,0,0,0,0,0,0,0,0
경기지부,2019,성인교육,31,316,개소,0,0,0,0,0,0,0,0,0,0,0,0,0
경기지부,2019,성인교육,31,316,회차,0,0,0,0,0,0,0,0,0,0,0,0,0
경기지부,2019,성인교육,31,316,인원,0,0,0,0,0,0,0,0,0,0,0,0,0
경기지부,2019,성인교육,31,317,개소,0,0,0,0,0,0,0,0,0,0,0,0,0
경기지부,2019,성인교육,31,317,회차,0,0,0,0,0,0,0,0,0,0,0,0,0
경기지부,2019,성인교육,31,317,인원,0,0,0,0,0,0,0,0,0,0,0,0,0
경기지부,2019,성인교육,31,318,개소,0,0,0,0,0,0,0,0,0,0,0,0,0
경기지부,2019,성인교육,31,318,회차,0,0,0,0,0,0,0,0,0,0,0,0,0
경기지부,2019,성인교육,31,318,인원,0,0,0,0,0,0,0,0,0,0,0,0,0
경기지부,2019,성인교육,31,319,개소,0,0,0,0,0,0,0,0,0,0,0,0,0
경기지부,2019,성인교육,31,319,회차,0,0,0,0,0,0,0,0,0,0,0,0,0
경기지부,2019,성인교육,31,319,인원,0,0,0,0,0,0,0,0,0,0,0,0,0
경기지부,2019,성인교육,32,322,개소,0,0,0,0,0,0,0,0,0,0,0,0,0
경기지부,2019,성인교육,32,322,회차,0,0,0,0,0,0,0,0,0,0,0,0,0
경기지부,2019,성인교육,32,322,인원,0,0,0,0,0,0,0,0,0,0,0,0,0
경기지부,2019,성인교육,32,323,개소,0,0,0,0,0,0,0,0,0,0,0,0,0
경기지부,2019,성인교육,32,323,회차,0,0,0,0,0,0,0,0,0,0,0,0,0
경기지부,2019,성인교육,32,323,인원,0,0,0,0,0,0,0,0,0,0,0,0,0
경기지부,2019,성인교육,32,326,개소,0,0,0,0,0,0,0,0,0,0,0,0,0
경기지부,2019,성인교육,32,326,회차,0,0,0,0,0,0,0,0,0,0,0,0,0
경기지부,2019,성인교육,32,326,인원,0,0,0,0,0,0,0,0,0,0,0,0,0
경기지부,2019,성인교육,32,328,개소,0,0,0,0,0,0,0,0,0,0,0,0,0
경기지부,2019,성인교육,32,328,회차,0,0,0,0,0,0,0,0,0,0,0,0,0
경기지부,2019,성인교육,32,328,인원,0,0,0,0,0,0,0,0,0,0,0,0,0
경기지부,2019,성인교육,32,329,개소,0,0,0,0,0,0,0,0,0,0,0,0,0
경기지부,2019,성인교육,32,329,회차,0,0,0,0,0,0,0,0,0,0,0,0,0
경기지부,2019,성인교육,32,329,인원,0,0,0,0,0,0,0,0,0,0,0,0,0
경기지부,2019,성인교육,33,332,개소,0,0,0,0,0,0,0,0,0,0,0,0,0
경기지부,2019,성인교육,33,332,회차,0,0,0,0,0,0,0,0,0,0,0,0,0
경기지부,2019,성인교육,33,332,인원,0,0,0,0,0,0,0,0,0,0,0,0,0
경기지부,2019,성인교육,33,333,개소,0,0,0,0,0,0,0,0,0,0,0,0,0
경기지부,2019,성인교육,33,333,회차,0,0,0,0,0,0,0,0,0,0,0,0,0
경기지부,2019,성인교육,33,333,인원,0,0,0,0,0,0,0,0,0,0,0,0,0
경기지부,2019,성인교육,33,336,개소,0,0,0,0,0,0,0,0,0,0,0,0,0
경기지부,2019,성인교육,33,336,회차,0,0,0,0,0,0,0,0,0,0,0,0,0
경기지부,2019,성인교육,33,336,인원,0,0,0,0,0,0,0,0,0,0,0,0,0
경기지부,2019,성인교육,33,338,개소,0,0,0,0,0,0,0,0,0,0,0,0,0
경기지부,2019,성인교육,33,338,회차,0,0,0,0,0,0,0,0,0,0,0,0,0
경기지부,2019,성인교육,33,338,인원,0,0,0,0,0,0,0,0,0,0,0,0,0
경기지부,2019,성인교육,33,339,개소,0,0,0,0,0,0,0,0,0,0,0,0,0
경기지부,2019,성인교육,33,339,회차,0,0,0,0,0,0,0,0,0,0,0,0,0
경기지부,2019,성인교육,33,339,인원,0,0,0,0,0,0,0,0,0,0,0,0,0
경기지부,2019,성인교육,34,342,개소,0,0,0,0,0,0,0,0,0,0,0,0,0
경기지부,2019,성인교육,34,342,회차,0,0,0,0,0,0,0,0,0,0,0,0,0
경기지부,2019,성인교육,34,342,인원,0,0,0,0,0,0,0,0,0,0,0,0,0
경기지부,2019,성인교육,34,343,개소,0,0,0,0,0,0,0,0,0,0,0,0,0
경기지부,2019,성인교육,34,343,회차,0,0,0,0,0,0,0,0,0,0,0,0,0
경기지부,2019,성인교육,34,343,인원,0,0,0,0,0,0,0,0,0,0,0,0,0
경기지부,2019,성인교육,34,346,개소,0,0,0,0,0,0,0,0,0,0,0,0,0
경기지부,2019,성인교육,34,346,회차,0,0,0,0,0,0,0,0,0,0,0,0,0
경기지부,2019,성인교육,34,346,인원,0,0,0,0,0,0,0,0,0,0,0,0,0
경기지부,2019,성인교육,34,348,개소,0,0,0,0,0,0,0,0,0,0,0,0,0
경기지부,2019,성인교육,34,348,회차,0,0,0,0,0,0,0,0,0,0,0,0,0
경기지부,2019,성인교육,34,348,인원,0,0,0,0,0,0,0,0,0,0,0,0,0
경기지부,2019,성인교육,34,349,개소,0,0,0,0,0,0,0,0,0,0,0,0,0
경기지부,2019,성인교육,34,349,회차,0,0,0,0,0,0,0,0,0,0,0,0,0
경기지부,2019,성인교육,34,349,인원,0,0,0,0,0,0,0,0,0,0,0,0,0
경기지부,2019,성인교육,35,352,개소,0,0,0,0,0,0,0,0,0,0,0,0,0
경기지부,2019,성인교육,35,352,회차,0,0,0,0,0,0,0,0,0,0,0,0,0
경기지부,2019,성인교육,35,352,인원,0,0,0,0,0,0,0,0,0,0,0,0,0
경기지부,2019,성인교육,35,353,개소,0,0,0,0,0,0,0,0,0,0,0,0,0
경기지부,2019,성인교육,35,353,회차,0,0,0,0,0,0,0,0,0,0,0,0,0
경기지부,2019,성인교육,35,353,인원,0,0,0,0,0,0,0,0,0,0,0,0,0
경기지부,2019,성인교육,35,356,개소,0,0,0,0,0,0,0,0,0,0,0,0,0
경기지부,2019,성인교육,35,356,회차,0,0,0,0,0,0,0,0,0,0,0,0,0
경기지부,2019,성인교육,35,356,인원,0,0,0,0,0,0,0,0,0,0,0,0,0
경기지부,2019,성인교육,35,358,개소,0,0,0,0,0,0,0,0,0,0,0,0,0
경기지부,2019,성인교육,35,358,회차,0,0,0,0,0,0,0,0,0,0,0,0,0
경기지부,2019,성인교육,35,358,인원,0,0,0,0,0,0,0,0,0,0,0,0,0
경기지부,2019,성인교육,35,359,개소,0,0,0,0,0,0,0,0,0,0,0,0,0
경기지부,2019,성인교육,35,359,회차,0,0,0,0,0,0,0,0,0,0,0,0,0
경기지부,2019,성인교육,35,359,인원,0,0,0,0,0,0,0,0,0,0,0,0,0
경기지부,2019,성인교육,36,362,개소,0,0,0,0,0,0,0,0,0,0,0,0,0
경기지부,2019,성인교육,36,362,회차,0,0,0,0,0,0,0,0,0,0,0,0,0
경기지부,2019,성인교육,36,362,인원,0,0,0,0,0,0,0,0,0,0,0,0,0
경기지부,2019,성인교육,36,363,개소,0,0,0,0,0,0,0,0,0,0,0,0,0
경기지부,2019,성인교육,36,363,회차,0,0,0,0,0,0,0,0,0,0,0,0,0
경기지부,2019,성인교육,36,363,인원,0,0,0,0,0,0,0,0,0,0,0,0,0
경기지부,2019,성인교육,36,365,개소,0,0,0,0,0,0,0,0,0,0,0,0,0
경기지부,2019,성인교육,36,365,회차,0,0,0,0,0,0,0,0,0,0,0,0,0
경기지부,2019,성인교육,36,365,인원,0,0,0,0,0,0,0,0,0,0,0,0,0
경기지부,2019,성인교육,36,366,개소,0,0,0,0,0,0,0,0,0,0,0,0,0
경기지부,2019,성인교육,36,366,회차,0,0,0,0,0,0,0,0,0,0,0,0,0
경기지부,2019,성인교육,36,366,인원,0,0,0,0,0,0,0,0,0,0,0,0,0
경기지부,2019,성인교육,36,368,개소,0,0,0,0,0,0,0,0,0,0,0,0,0
경기지부,2019,성인교육,36,368,회차,0,0,0,0,0,0,0,0,0,0,0,0,0
경기지부,2019,성인교육,36,368,인원,0,0,0,0,0,0,0,0,0,0,0,0,0
경기지부,2019,성인교육,36,369,개소,0,0,0,0,0,0,0,0,0,0,0,0,0
경기지부,2019,성인교육,36,369,회차,0,0,0,0,0,0,0,0,0,0,0,0,0
경기지부,2019,성인교육,36,369,인원,0,0,0,0,0,0,0,0,0,0,0,0,0
경기지부,2019,성인교육,37,372,개소,0,0,0,0,0,0,0,0,0,0,0,0,0
경기지부,2019,성인교육,37,372,회차,0,0,0,0,0,0,0,0,0,0,0,0,0
경기지부,2019,성인교육,37,372,인원,0,0,0,0,0,0,0,0,0,0,0,0,0
경기지부,2019,성인교육,37,373,개소,0,0,0,0,0,0,0,0,0,0,0,0,0
경기지부,2019,성인교육,37,373,회차,0,0,0,0,0,0,0,0,0,0,0,0,0
경기지부,2019,성인교육,37,373,인원,0,0,0,0,0,0,0,0,0,0,0,0,0
경기지부,2019,성인교육,37,376,개소,0,0,0,0,0,0,0,0,0,0,0,0,0
경기지부,2019,성인교육,37,376,회차,0,0,0,0,0,0,0,0,0,0,0,0,0
경기지부,2019,성인교육,37,376,인원,0,0,0,0,0,0,0,0,0,0,0,0,0
경기지부,2019,성인교육,37,378,개소,0,0,0,0,0,0,0,0,0,0,0,0,0
경기지부,2019,성인교육,37,378,회차,0,0,0,0,0,0,0,0,0,0,0,0,0
경기지부,2019,성인교육,37,378,인원,0,0,0,0,0,0,0,0,0,0,0,0,0
경기지부,2019,성인교육,37,379,개소,0,0,0,0,0,0,0,0,0,0,0,0,0
경기지부,2019,성인교육,37,379,회차,0,0,0,0,0,0,0,0,0,0,0,0,0
경기지부,2019,성인교육,37,379,인원,0,0,0,0,0,0,0,0,0,0,0,0,0
경기지부,2019,성인교육,38,381,개소,0,0,0,0,0,0,0,0,0,0,0,0,0
경기지부,2019,성인교육,38,381,회차,0,0,0,0,0,0,0,0,0,0,0,0,0
경기지부,2019,성인교육,38,381,인원,0,0,0,0,0,0,0,0,0,0,0,0,0
경기지부,2019,성인교육,38,382,개소,0,0,0,0,0,0,0,0,0,0,0,0,0
경기지부,2019,성인교육,38,382,회차,0,0,0,0,0,0,0,0,0,0,0,0,0
경기지부,2019,성인교육,38,382,인원,0,0,0,0,0,0,0,0,0,0,0,0,0
경기지부,2019,성인교육,38,386,개소,0,0,0,0,0,0,0,0,0,0,0,0,0
경기지부,2019,성인교육,38,386,회차,0,0,0,0,0,0,0,0,0,0,0,0,0
경기지부,2019,성인교육,38,386,인원,0,0,0,0,0,0,0,0,0,0,0,0,0
경기지부,2019,성인교육,38,388,개소,0,0,0,0,0,0,0,0,0,0,0,0,0
경기지부,2019,성인교육,38,388,회차,0,0,0,0,0,0,0,0,0,0,0,0,0
경기지부,2019,성인교육,38,388,인원,0,0,0,0,0,0,0,0,0,0,0,0,0
경기지부,2019,성인교육,39,392,개소,0,0,0,0,0,0,0,0,0,0,0,0,0
경기지부,2019,성인교육,39,392,회차,0,0,0,0,0,0,0,0,0,0,0,0,0
경기지부,2019,성인교육,39,392,인원,0,0,0,0,0,0,0,0,0,0,0,0,0
경기지부,2019,성인교육,39,393,개소,0,0,0,0,0,0,0,0,0,0,0,0,0
경기지부,2019,성인교육,39,393,회차,0,0,0,0,0,0,0,0,0,0,0,0,0
경기지부,2019,성인교육,39,393,인원,0,0,0,0,0,0,0,0,0,0,0,0,0
경기지부,2019,성인교육,39,396,개소,0,0,0,0,0,0,0,0,0,0,0,0,0
경기지부,2019,성인교육,39,396,회차,0,0,0,0,0,0,0,0,0,0,0,0,0
경기지부,2019,성인교육,39,396,인원,0,0,0,0,0,0,0,0,0,0,0,0,0
경기지부,2019,성인교육,39,398,개소,0,0,0,0,0,0,0,0,0,0,0,0,0
경기지부,2019,성인교육,39,398,회차,0,0,0,0,0,0,0,0,0,0,0,0,0
경기지부,2019,성인교육,39,398,인원,0,0,0,0,0,0,0,0,0,0,0,0,0
경기지부,2019,고령자교육,41,411,개소,0,0,0,0,0,0,0,0,0,0,0,0,0
경기지부,2019,고령자교육,41,411,회차,0,0,0,0,0,0,0,0,0,0,0,0,0
경기지부,2019,고령자교육,41,411,인원,0,0,0,0,0,0,0,0,0,0,0,0,0
경기지부,2019,고령자교육,41,412,개소,0,0,0,0,0,0,0,0,0,0,0,0,0
경기지부,2019,고령자교육,41,412,회차,0,0,0,0,0,0,0,0,0,0,0,0,0
경기지부,2019,고령자교육,41,412,인원,0,0,0,0,0,0,0,0,0,0,0,0,0
경기지부,2019,고령자교육,41,413,개소,0,0,0,0,0,0,0,0,0,0,0,0,0
경기지부,2019,고령자교육,41,413,회차,0,0,0,0,0,0,0,0,0,0,0,0,0
경기지부,2019,고령자교육,41,413,인원,0,0,0,0,0,0,0,0,0,0,0,0,0
경기지부,2019,고령자교육,41,417,개소,0,0,0,0,0,0,0,0,0,0,0,0,0
경기지부,2019,고령자교육,41,417,회차,0,0,0,0,0,0,0,0,0,0,0,0,0
경기지부,2019,고령자교육,41,417,인원,0,0,0,0,0,0,0,0,0,0,0,0,0
경기지부,2019,고령자교육,42,422,개소,0,0,0,0,0,0,0,0,0,0,0,0,0
경기지부,2019,고령자교육,42,422,회차,0,0,0,0,0,0,0,0,0,0,0,0,0
경기지부,2019,고령자교육,42,422,인원,0,0,0,0,0,0,0,0,0,0,0,0,0
경기지부,2019,고령자교육,42,423,개소,0,0,0,0,0,0,0,0,0,0,0,0,0
경기지부,2019,고령자교육,42,423,회차,0,0,0,0,0,0,0,0,0,0,0,0,0
경기지부,2019,고령자교육,42,423,인원,0,0,0,0,0,0,0,0,0,0,0,0,0
경기지부,2019,고령자교육,42,426,개소,0,0,0,0,0,0,0,0,0,0,0,0,0
경기지부,2019,고령자교육,42,426,회차,0,0,0,0,0,0,0,0,0,0,0,0,0
경기지부,2019,고령자교육,42,426,인원,0,0,0,0,0,0,0,0,0,0,0,0,0
경기지부,2019,교사교육,51,511,개소,0,0,0,0,0,0,0,0,0,0,0,0,0
경기지부,2019,교사교육,51,511,회차,0,0,0,0,0,0,0,0,0,0,0,0,0
경기지부,2019,교사교육,51,511,인원,0,0,0,0,0,0,0,0,0,0,0,0,0
경기지부,2019,교사교육,51,512,개소,0,0,0,0,0,0,0,0,0,0,0,0,0
경기지부,2019,교사교육,51,512,회차,0,0,0,0,0,0,0,0,0,0,0,0,0
경기지부,2019,교사교육,51,512,인원,0,0,0,0,0,0,0,0,0,0,0,0,0
경기지부,2019,교사교육,51,516,개소,0,0,0,0,0,0,0,0,0,0,0,0,0
경기지부,2019,교사교육,51,516,회차,0,0,0,0,0,0,0,0,0,0,0,0,0
경기지부,2019,교사교육,51,516,인원,0,0,0,0,0,0,0,0,0,0,0,0,0
경기지부,2019,교사교육,52,521,개소,0,0,0,0,0,0,0,0,0,0,0,0,0
경기지부,2019,교사교육,52,521,회차,0,0,0,0,0,0,0,0,0,0,0,0,0
경기지부,2019,교사교육,52,521,인원,0,0,0,0,0,0,0,0,0,0,0,0,0
경기지부,2019,교사교육,52,522,개소,0,0,0,0,0,0,0,0,0,0,0,0,0
경기지부,2019,교사교육,52,522,회차,0,0,0,0,0,0,0,0,0,0,0,0,0
경기지부,2019,교사교육,52,522,인원,0,0,0,0,0,0,0,0,0,0,0,0,0
경기지부,2019,교사교육,52,526,개소,0,0,0,0,0,0,0,0,0,0,0,0,0
경기지부,2019,교사교육,52,526,회차,0,0,0,0,0,0,0,0,0,0,0,0,0
경기지부,2019,교사교육,52,526,인원,0,0,0,0,0,0,0,0,0,0,0,0,0
경기지부,2019,교사교육,53,531,개소,0,0,0,0,0,0,0,0,0,0,0,0,0
경기지부,2019,교사교육,53,531,회차,0,0,0,0,0,0,0,0,0,0,0,0,0
경기지부,2019,교사교육,53,531,인원,0,0,0,0,0,0,0,0,0,0,0,0,0
경기지부,2019,교사교육,53,532,개소,0,0,0,0,0,0,0,0,0,0,0,0,0
경기지부,2019,교사교육,53,532,회차,0,0,0,0,0,0,0,0,0,0,0,0,0
경기지부,2019,교사교육,53,532,인원,0,0,0,0,0,0,0,0,0,0,0,0,0
경기지부,2019,교사교육,53,536,개소,0,0,0,0,0,0,0,0,0,0,0,0,0
경기지부,2019,교사교육,53,536,회차,0,0,0,0,0,0,0,0,0,0,0,0,0
경기지부,2019,교사교육,53,536,인원,0,0,0,0,0,0,0,0,0,0,0,0,0
경기지부,2019,교사교육,54,541,개소,0,0,0,0,0,0,0,0,0,0,0,0,0
경기지부,2019,교사교육,54,541,회차,0,0,0,0,0,0,0,0,0,0,0,0,0
경기지부,2019,교사교육,54,541,인원,0,0,0,0,0,0,0,0,0,0,0,0,0
경기지부,2019,교사교육,54,542,개소,0,0,0,0,0,0,0,0,0,0,0,0,0
경기지부,2019,교사교육,54,542,회차,0,0,0,0,0,0,0,0,0,0,0,0,0
경기지부,2019,교사교육,54,542,인원,0,0,0,0,0,0,0,0,0,0,0,0,0
경기지부,2019,교사교육,54,543,개소,0,0,0,0,0,0,0,0,0,0,0,0,0
경기지부,2019,교사교육,54,543,회차,0,0,0,0,0,0,0,0,0,0,0,0,0
경기지부,2019,교사교육,54,543,인원,0,0,0,0,0,0,0,0,0,0,0,0,0
경기지부,2019,교사교육,54,546,개소,0,0,0,0,0,0,0,0,0,0,0,0,0
경기지부,2019,교사교육,54,546,회차,0,0,0,0,0,0,0,0,0,0,0,0,0
경기지부,2019,교사교육,54,546,인원,0,0,0,0,0,0,0,0,0,0,0,0,0
경기지부,2020,어린이교육,11,111,개소,0,0,0,0,0,0,0,0,0,0,0,0,0
경기지부,2020,어린이교육,11,111,회차,0,0,0,0,0,0,0,0,0,0,0,0,0
경기지부,2020,어린이교육,11,111,인원,0,0,0,0,0,0,0,0,0,0,0,0,0
경기지부,2020,어린이교육,11,112,개소,0,0,0,0,0,0,0,0,0,0,0,0,0
경기지부,2020,어린이교육,11,112,회차,0,0,0,0,0,0,0,0,0,0,0,0,0
경기지부,2020,어린이교육,11,112,인원,0,0,0,0,0,0,0,0,0,0,0,0,0
경기지부,2020,어린이교육,11,113,개소,0,0,0,0,0,0,0,0,0,0,0,0,0
경기지부,2020,어린이교육,11,113,회차,0,0,0,0,0,0,0,0,0,0,0,0,0
경기지부,2020,어린이교육,11,113,인원,0,0,0,0,0,0,0,0,0,0,0,0,0
경기지부,2020,어린이교육,11,114,개소,0,0,0,0,0,0,0,0,0,0,0,0,0
경기지부,2020,어린이교육,11,114,회차,0,0,0,0,0,0,0,0,0,0,0,0,0
경기지부,2020,어린이교육,11,114,인원,0,0,0,0,0,0,0,0,0,0,0,0,0
경기지부,2020,어린이교육,12,121,개소,0,0,0,0,0,0,0,0,0,0,0,0,0
경기지부,2020,어린이교육,12,121,회차,0,0,0,0,0,0,0,0,0,0,0,0,0
경기지부,2020,어린이교육,12,121,인원,0,0,0,0,0,0,0,0,0,0,0,0,0
경기지부,2020,어린이교육,12,122,개소,0,0,0,0,0,0,0,0,0,0,0,0,0
경기지부,2020,어린이교육,12,122,회차,0,0,0,0,0,0,0,0,0,0,0,0,0
경기지부,2020,어린이교육,12,122,인원,0,0,0,0,0,0,0,0,0,0,0,0,0
경기지부,2020,어린이교육,12,124,개소,0,0,0,0,0,0,0,0,0,0,0,0,0
경기지부,2020,어린이교육,12,124,회차,0,0,0,0,0,0,0,0,0,0,0,0,0
경기지부,2020,어린이교육,12,124,인원,0,0,0,0,0,0,0,0,0,0,0,0,0
경기지부,2020,어린이교육,12,127,개소,0,0,0,0,0,0,0,0,0,0,0,0,0
경기지부,2020,어린이교육,12,127,회차,0,0,0,0,0,0,0,0,0,0,0,0,0
경기지부,2020,어린이교육,12,127,인원,0,0,0,0,0,0,0,0,0,0,0,0,0
경기지부,2020,어린이교육,13,131,개소,0,0,0,0,0,0,0,0,0,0,0,0,0
경기지부,2020,어린이교육,13,131,회차,0,0,0,0,0,0,0,0,0,0,0,0,0
경기지부,2020,어린이교육,13,131,인원,0,0,0,0,0,0,0,0,0,0,0,0,0
경기지부,2020,어린이교육,13,132,개소,0,0,0,0,0,0,0,0,0,0,0,0,0
경기지부,2020,어린이교육,13,132,회차,0,0,0,0,0,0,0,0,0,0,0,0,0
경기지부,2020,어린이교육,13,132,인원,0,0,0,0,0,0,0,0,0,0,0,0,0
경기지부,2020,어린이교육,13,134,개소,0,0,0,0,0,0,0,0,0,0,0,0,0
경기지부,2020,어린이교육,13,134,회차,0,0,0,0,0,0,0,0,0,0,0,0,0
경기지부,2020,어린이교육,13,134,인원,0,0,0,0,0,0,0,0,0,0,0,0,0
경기지부,2020,어린이교육,13,137,개소,0,0,0,0,0,0,0,0,0,0,0,0,0
경기지부,2020,어린이교육,13,137,회차,0,0,0,0,0,0,0,0,0,0,0,0,0
경기지부,2020,어린이교육,13,137,인원,0,0,0,0,0,0,0,0,0,0,0,0,0
경기지부,2020,어린이교육,14,141,개소,0,0,0,0,0,0,0,0,0,0,0,0,0
경기지부,2020,어린이교육,14,141,회차,0,0,0,0,0,0,0,0,0,0,0,0,0
경기지부,2020,어린이교육,14,141,인원,0,0,0,0,0,0,0,0,0,0,0,0,0
경기지부,2020,어린이교육,14,142,개소,0,0,0,0,0,0,0,0,0,0,0,0,0
경기지부,2020,어린이교육,14,142,회차,0,0,0,0,0,0,0,0,0,0,0,0,0
경기지부,2020,어린이교육,14,142,인원,0,0,0,0,0,0,0,0,0,0,0,0,0
경기지부,2020,어린이교육,14,144,개소,0,0,0,0,0,0,0,0,0,0,0,0,0
경기지부,2020,어린이교육,14,144,회차,0,0,0,0,0,0,0,0,0,0,0,0,0
경기지부,2020,어린이교육,14,144,인원,0,0,0,0,0,0,0,0,0,0,0,0,0
경기지부,2020,어린이교육,14,147,개소,0,0,0,0,0,0,0,0,0,0,0,0,0
경기지부,2020,어린이교육,14,147,회차,0,0,0,0,0,0,0,0,0,0,0,0,0
경기지부,2020,어린이교육,14,147,인원,0,0,0,0,0,0,0,0,0,0,0,0,0
경기지부,2021,어린이교육,11,111,개소,0,0,0,0,0,0,0,0,0,0,0,0,0
경기지부,2021,어린이교육,11,111,회차,0,0,0,0,0,0,0,0,0,0,0,0,0
경기지부,2021,어린이교육,11,111,인원,0,0,0,0,0,0,0,0,0,0,0,0,0
경기지부,2021,어린이교육,11,112,개소,0,0,0,0,0,0,0,0,0,0,0,0,0
경기지부,2021,어린이교육,11,112,회차,0,0,0,0,0,0,0,0,0,0,0,0,0
경기지부,2021,어린이교육,11,112,인원,0,0,0,0,0,0,0,0,0,0,0,0,0
경기지부,2021,어린이교육,11,113,개소,0,0,0,0,0,0,0,0,0,0,0,0,0
경기지부,2021,어린이교육,11,113,회차,0,0,0,0,0,0,0,0,0,0,0,0,0
경기지부,2021,어린이교육,11,113,인원,0,0,0,0,0,0,0,0,0,0,0,0,0
경기지부,2021,어린이교육,11,114,개소,0,0,0,0,0,0,0,0,0,0,0,0,0
경기지부,2021,어린이교육,11,114,회차,0,0,0,0,0,0,0,0,0,0,0,0,0
경기지부,2021,어린이교육,11,114,인원,0,0,0,0,0,0,0,0,0,0,0,0,0
경기지부,2021,어린이교육,12,121,개소,0,0,0,0,0,0,0,0,0,0,0,0,0
경기지부,2021,어린이교육,12,121,회차,0,0,0,0,0,0,0,0,0,0,0,0,0
경기지부,2021,어린이교육,12,121,인원,0,0,0,0,0,0,0,0,0,0,0,0,0
경기지부,2021,어린이교육,12,122,개소,0,0,0,0,0,0,0,0,0,0,0,0,0
경기지부,2021,어린이교육,12,122,회차,0,0,0,0,0,0,0,0,0,0,0,0,0
경기지부,2021,어린이교육,12,122,인원,0,0,0,0,0,0,0,0,0,0,0,0,0
경기지부,2021,어린이교육,12,124,개소,0,0,0,0,0,0,0,0,0,0,0,0,0
경기지부,2021,어린이교육,12,124,회차,0,0,0,0,0,0,0,0,0,0,0,0,0
경기지부,2021,어린이교육,12,124,인원,0,0,0,0,0,0,0,0,0,0,0,0,0
경기지부,2021,어린이교육,12,127,개소,0,0,0,0,0,0,0,0,0,0,0,0,0
경기지부,2021,어린이교육,12,127,회차,0,0,0,0,0,0,0,0,0,0,0,0,0
경기지부,2021,어린이교육,12,127,인원,0,0,0,0,0,0,0,0,0,0,0,0,0
경기지부,2021,어린이교육,13,131,개소,0,0,0,0,0,0,0,0,0,0,0,0,0
경기지부,2021,어린이교육,13,131,회차,0,0,0,0,0,0,0,0,0,0,0,0,0
경기지부,2021,어린이교육,13,131,인원,0,0,0,0,0,0,0,0,0,0,0,0,0
경기지부,2021,어린이교육,13,132,개소,0,0,0,0,0,0,0,0,0,0,0,0,0
경기지부,2021,어린이교육,13,132,회차,0,0,0,0,0,0,0,0,0,0,0,0,0
경기지부,2021,어린이교육,13,132,인원,0,0,0,0,0,0,0,0,0,0,0,0,0
경기지부,2021,어린이교육,13,134,개소,0,0,0,0,0,0,0,0,0,0,0,0,0
경기지부,2021,어린이교육,13,134,회차,0,0,0,0,0,0,0,0,0,0,0,0,0
경기지부,2021,어린이교육,13,134,인원,0,0,0,0,0,0,0,0,0,0,0,0,0
경기지부,2021,어린이교육,13,137,개소,0,0,0,0,0,0,0,0,0,0,0,0,0
경기지부,2021,어린이교육,13,137,회차,0,0,0,0,0,0,0,0,0,0,0,0,0
경기지부,2021,어린이교육,13,137,인원,0,0,0,0,0,0,0,0,0,0,0,0,0
경기지부,2021,어린이교육,14,141,개소,0,0,0,0,0,0,0,0,0,0,0,0,0
경기지부,2021,어린이교육,14,141,회차,0,0,0,0,0,0,0,0,0,0,0,0,0
경기지부,2021,어린이교육,14,141,인원,0,0,0,0,0,0,0,0,0,0,0,0,0
경기지부,2021,어린이교육,14,142,개소,0,0,0,0,0,0,0,0,0,0,0,0,0
경기지부,2021,어린이교육,14,142,회차,0,0,0,0,0,0,0,0,0,0,0,0,0
경기지부,2021,어린이교육,14,142,인원,0,0,0,0,0,0,0,0,0,0,0,0,0
경기지부,2021,어린이교육,14,144,개소,0,0,0,0,0,0,0,0,0,0,0,0,0
경기지부,2021,어린이교육,14,144,회차,0,0,0,0,0,0,0,0,0,0,0,0,0
경기지부,2021,어린이교육,14,144,인원,0,0,0,0,0,0,0,0,0,0,0,0,0
경기지부,2021,어린이교육,14,147,개소,0,0,0,0,0,0,0,0,0,0,0,0,0
경기지부,2021,어린이교육,14,147,회차,0,0,0,0,0,0,0,0,0,0,0,0,0
경기지부,2021,어린이교육,14,147,인원,0,0,0,0,0,0,0,0,0,0,0,0,0
경기지부,2021,청소년교육,21,211,개소,0,0,0,0,0,0,0,0,0,0,0,0,0
경기지부,2021,청소년교육,21,211,회차,0,0,0,0,0,0,0,0,0,0,0,0,0
경기지부,2021,청소년교육,21,211,인원,0,0,0,0,0,0,0,0,0,0,0,0,0
경기지부,2021,청소년교육,21,212,개소,0,0,0,0,0,0,0,0,0,0,0,0,0
경기지부,2021,청소년교육,21,212,회차,0,0,0,0,0,0,0,0,0,0,0,0,0
경기지부,2021,청소년교육,21,212,인원,0,0,0,0,0,0,0,0,0,0,0,0,0
경기지부,2021,청소년교육,21,214,개소,0,0,0,0,0,0,0,0,0,0,0,0,0
경기지부,2021,청소년교육,21,214,회차,0,0,0,0,0,0,0,0,0,0,0,0,0
경기지부,2021,청소년교육,21,214,인원,0,0,0,0,0,0,0,0,0,0,0,0,0
경기지부,2021,청소년교육,21,217,개소,0,0,0,0,0,0,0,0,0,0,0,0,0
경기지부,2021,청소년교육,21,217,회차,0,0,0,0,0,0,0,0,0,0,0,0,0
경기지부,2021,청소년교육,21,217,인원,0,0,0,0,0,0,0,0,0,0,0,0,0
경기지부,2021,청소년교육,21,218,개소,0,0,0,0,0,0,0,0,0,0,0,0,0
경기지부,2021,청소년교육,21,218,회차,0,0,0,0,0,0,0,0,0,0,0,0,0
경기지부,2021,청소년교육,21,218,인원,0,0,0,0,0,0,0,0,0,0,0,0,0
경기지부,2021,청소년교육,22,221,개소,0,0,0,0,0,0,0,0,0,0,0,0,0
경기지부,2021,청소년교육,22,221,회차,0,0,0,0,0,0,0,0,0,0,0,0,0
경기지부,2021,청소년교육,22,221,인원,0,0,0,0,0,0,0,0,0,0,0,0,0
경기지부,2021,청소년교육,22,222,개소,0,0,0,0,0,0,0,0,0,0,0,0,0
경기지부,2021,청소년교육,22,222,회차,0,0,0,0,0,0,0,0,0,0,0,0,0
경기지부,2021,청소년교육,22,222,인원,0,0,0,0,0,0,0,0,0,0,0,0,0
경기지부,2021,청소년교육,22,223,개소,0,0,0,0,0,0,0,0,0,0,0,0,0
경기지부,2021,청소년교육,22,223,회차,0,0,0,0,0,0,0,0,0,0,0,0,0
경기지부,2021,청소년교육,22,223,인원,0,0,0,0,0,0,0,0,0,0,0,0,0
경기지부,2021,청소년교육,22,224,개소,0,0,0,0,0,0,0,0,0,0,0,0,0
경기지부,2021,청소년교육,22,224,회차,0,0,0,0,0,0,0,0,0,0,0,0,0
경기지부,2021,청소년교육,22,224,인원,0,0,0,0,0,0,0,0,0,0,0,0,0
경기지부,2021,청소년교육,22,226,개소,0,0,0,0,0,0,0,0,0,0,0,0,0
경기지부,2021,청소년교육,22,226,회차,0,0,0,0,0,0,0,0,0,0,0,0,0
경기지부,2021,청소년교육,22,226,인원,0,0,0,0,0,0,0,0,0,0,0,0,0
경기지부,2021,청소년교육,22,227,개소,0,0,0,0,0,0,0,0,0,0,0,0,0
경기지부,2021,청소년교육,22,227,회차,0,0,0,0,0,0,0,0,0,0,0,0,0
경기지부,2021,청소년교육,22,227,인원,0,0,0,0,0,0,0,0,0,0,0,0,0
경기지부,2021,청소년교육,22,228,개소,0,0,0,0,0,0,0,0,0,0,0,0,0
경기지부,2021,청소년교육,22,228,회차,0,0,0,0,0,0,0,0,0,0,0,0,0
경기지부,2021,청소년교육,22,228,인원,0,0,0,0,0,0,0,0,0,0,0,0,0
경기지부,2021,성인교육,31,312,개소,0,0,0,0,0,0,0,0,0,0,0,0,0
경기지부,2021,성인교육,31,312,회차,0,0,0,0,0,0,0,0,0,0,0,0,0
경기지부,2021,성인교육,31,312,인원,0,0,0,0,0,0,0,0,0,0,0,0,0
경기지부,2021,성인교육,31,313,개소,0,0,0,0,0,0,0,0,0,0,0,0,0
경기지부,2021,성인교육,31,313,회차,0,0,0,0,0,0,0,0,0,0,0,0,0
경기지부,2021,성인교육,31,313,인원,0,0,0,0,0,0,0,0,0,0,0,0,0
경기지부,2021,성인교육,31,314,개소,0,0,0,0,0,0,0,0,0,0,0,0,0
경기지부,2021,성인교육,31,314,회차,0,0,0,0,0,0,0,0,0,0,0,0,0
경기지부,2021,성인교육,31,314,인원,0,0,0,0,0,0,0,0,0,0,0,0,0
경기지부,2021,성인교육,31,316,개소,0,0,0,0,0,0,0,0,0,0,0,0,0
경기지부,2021,성인교육,31,316,회차,0,0,0,0,0,0,0,0,0,0,0,0,0
경기지부,2021,성인교육,31,316,인원,0,0,0,0,0,0,0,0,0,0,0,0,0
경기지부,2021,성인교육,31,317,개소,0,0,0,0,0,0,0,0,0,0,0,0,0
경기지부,2021,성인교육,31,317,회차,0,0,0,0,0,0,0,0,0,0,0,0,0
경기지부,2021,성인교육,31,317,인원,0,0,0,0,0,0,0,0,0,0,0,0,0
경기지부,2021,성인교육,31,318,개소,0,0,0,0,0,0,0,0,0,0,0,0,0
경기지부,2021,성인교육,31,318,회차,0,0,0,0,0,0,0,0,0,0,0,0,0
경기지부,2021,성인교육,31,318,인원,0,0,0,0,0,0,0,0,0,0,0,0,0
경기지부,2021,성인교육,31,319,개소,0,0,0,0,0,0,0,0,0,0,0,0,0
경기지부,2021,성인교육,31,319,회차,0,0,0,0,0,0,0,0,0,0,0,0,0
경기지부,2021,성인교육,31,319,인원,0,0,0,0,0,0,0,0,0,0,0,0,0
경기지부,2021,성인교육,32,322,개소,0,0,0,0,0,0,0,0,0,0,0,0,0
경기지부,2021,성인교육,32,322,회차,0,0,0,0,0,0,0,0,0,0,0,0,0
경기지부,2021,성인교육,32,322,인원,0,0,0,0,0,0,0,0,0,0,0,0,0
경기지부,2021,성인교육,32,323,개소,0,0,0,0,0,0,0,0,0,0,0,0,0
경기지부,2021,성인교육,32,323,회차,0,0,0,0,0,0,0,0,0,0,0,0,0
경기지부,2021,성인교육,32,323,인원,0,0,0,0,0,0,0,0,0,0,0,0,0
경기지부,2021,성인교육,32,326,개소,0,0,0,0,0,0,0,0,0,0,0,0,0
경기지부,2021,성인교육,32,326,회차,0,0,0,0,0,0,0,0,0,0,0,0,0
경기지부,2021,성인교육,32,326,인원,0,0,0,0,0,0,0,0,0,0,0,0,0
경기지부,2021,성인교육,32,328,개소,0,0,0,0,0,0,0,0,0,0,0,0,0
경기지부,2021,성인교육,32,328,회차,0,0,0,0,0,0,0,0,0,0,0,0,0
경기지부,2021,성인교육,32,328,인원,0,0,0,0,0,0,0,0,0,0,0,0,0
경기지부,2021,성인교육,32,329,개소,0,0,0,0,0,0,0,0,0,0,0,0,0
경기지부,2021,성인교육,32,329,회차,0,0,0,0,0,0,0,0,0,0,0,0,0
경기지부,2021,성인교육,32,329,인원,0,0,0,0,0,0,0,0,0,0,0,0,0
경기지부,2021,성인교육,33,332,개소,0,0,0,0,0,0,0,0,0,0,0,0,0
경기지부,2021,성인교육,33,332,회차,0,0,0,0,0,0,0,0,0,0,0,0,0
경기지부,2021,성인교육,33,332,인원,0,0,0,0,0,0,0,0,0,0,0,0,0
경기지부,2021,성인교육,33,333,개소,0,0,0,0,0,0,0,0,0,0,0,0,0
경기지부,2021,성인교육,33,333,회차,0,0,0,0,0,0,0,0,0,0,0,0,0
경기지부,2021,성인교육,33,333,인원,0,0,0,0,0,0,0,0,0,0,0,0,0
경기지부,2021,성인교육,33,336,개소,0,0,0,0,0,0,0,0,0,0,0,0,0
경기지부,2021,성인교육,33,336,회차,0,0,0,0,0,0,0,0,0,0,0,0,0
경기지부,2021,성인교육,33,336,인원,0,0,0,0,0,0,0,0,0,0,0,0,0
경기지부,2021,성인교육,33,338,개소,0,0,0,0,0,0,0,0,0,0,0,0,0
경기지부,2021,성인교육,33,338,회차,0,0,0,0,0,0,0,0,0,0,0,0,0
경기지부,2021,성인교육,33,338,인원,0,0,0,0,0,0,0,0,0,0,0,0,0
경기지부,2021,성인교육,33,339,개소,0,0,0,0,0,0,0,0,0,0,0,0,0
경기지부,2021,성인교육,33,339,회차,0,0,0,0,0,0,0,0,0,0,0,0,0
경기지부,2021,성인교육,33,339,인원,0,0,0,0,0,0,0,0,0,0,0,0,0
경기지부,2021,성인교육,34,342,개소,0,0,0,0,0,0,0,0,0,0,0,0,0
경기지부,2021,성인교육,34,342,회차,0,0,0,0,0,0,0,0,0,0,0,0,0
경기지부,2021,성인교육,34,342,인원,0,0,0,0,0,0,0,0,0,0,0,0,0
경기지부,2021,성인교육,34,343,개소,0,0,0,0,0,0,0,0,0,0,0,0,0
경기지부,2021,성인교육,34,343,회차,0,0,0,0,0,0,0,0,0,0,0,0,0
경기지부,2021,성인교육,34,343,인원,0,0,0,0,0,0,0,0,0,0,0,0,0
경기지부,2021,성인교육,34,346,개소,0,0,0,0,0,0,0,0,0,0,0,0,0
경기지부,2021,성인교육,34,346,회차,0,0,0,0,0,0,0,0,0,0,0,0,0
경기지부,2021,성인교육,34,346,인원,0,0,0,0,0,0,0,0,0,0,0,0,0
경기지부,2021,성인교육,34,348,개소,0,0,0,0,0,0,0,0,0,0,0,0,0
경기지부,2021,성인교육,34,348,회차,0,0,0,0,0,0,0,0,0,0,0,0,0
경기지부,2021,성인교육,34,348,인원,0,0,0,0,0,0,0,0,0,0,0,0,0
경기지부,2021,성인교육,34,349,개소,0,0,0,0,0,0,0,0,0,0,0,0,0
경기지부,2021,성인교육,34,349,회차,0,0,0,0,0,0,0,0,0,0,0,0,0
경기지부,2021,성인교육,34,349,인원,0,0,0,0,0,0,0,0,0,0,0,0,0
경기지부,2021,성인교육,35,352,개소,0,0,0,0,0,0,0,0,0,0,0,0,0
경기지부,2021,성인교육,35,352,회차,0,0,0,0,0,0,0,0,0,0,0,0,0
경기지부,2021,성인교육,35,352,인원,0,0,0,0,0,0,0,0,0,0,0,0,0
경기지부,2021,성인교육,35,353,개소,0,0,0,0,0,0,0,0,0,0,0,0,0
경기지부,2021,성인교육,35,353,회차,0,0,0,0,0,0,0,0,0,0,0,0,0
경기지부,2021,성인교육,35,353,인원,0,0,0,0,0,0,0,0,0,0,0,0,0
경기지부,2021,성인교육,35,356,개소,0,0,0,0,0,0,0,0,0,0,0,0,0
경기지부,2021,성인교육,35,356,회차,0,0,0,0,0,0,0,0,0,0,0,0,0
경기지부,2021,성인교육,35,356,인원,0,0,0,0,0,0,0,0,0,0,0,0,0
경기지부,2021,성인교육,35,358,개소,0,0,0,0,0,0,0,0,0,0,0,0,0
경기지부,2021,성인교육,35,358,회차,0,0,0,0,0,0,0,0,0,0,0,0,0
경기지부,2021,성인교육,35,358,인원,0,0,0,0,0,0,0,0,0,0,0,0,0
경기지부,2021,성인교육,35,359,개소,0,0,0,0,0,0,0,0,0,0,0,0,0
경기지부,2021,성인교육,35,359,회차,0,0,0,0,0,0,0,0,0,0,0,0,0
경기지부,2021,성인교육,35,359,인원,0,0,0,0,0,0,0,0,0,0,0,0,0
경기지부,2021,성인교육,36,362,개소,0,0,0,0,0,0,0,0,0,0,0,0,0
경기지부,2021,성인교육,36,362,회차,0,0,0,0,0,0,0,0,0,0,0,0,0
경기지부,2021,성인교육,36,362,인원,0,0,0,0,0,0,0,0,0,0,0,0,0
경기지부,2021,성인교육,36,363,개소,0,0,0,0,0,0,0,0,0,0,0,0,0
경기지부,2021,성인교육,36,363,회차,0,0,0,0,0,0,0,0,0,0,0,0,0
경기지부,2021,성인교육,36,363,인원,0,0,0,0,0,0,0,0,0,0,0,0,0
경기지부,2021,성인교육,36,365,개소,0,0,0,0,0,0,0,0,0,0,0,0,0
경기지부,2021,성인교육,36,365,회차,0,0,0,0,0,0,0,0,0,0,0,0,0
경기지부,2021,성인교육,36,365,인원,0,0,0,0,0,0,0,0,0,0,0,0,0
경기지부,2021,성인교육,36,366,개소,0,0,0,0,0,0,0,0,0,0,0,0,0
경기지부,2021,성인교육,36,366,회차,0,0,0,0,0,0,0,0,0,0,0,0,0
경기지부,2021,성인교육,36,366,인원,0,0,0,0,0,0,0,0,0,0,0,0,0
경기지부,2021,성인교육,36,368,개소,0,0,0,0,0,0,0,0,0,0,0,0,0
경기지부,2021,성인교육,36,368,회차,0,0,0,0,0,0,0,0,0,0,0,0,0
경기지부,2021,성인교육,36,368,인원,0,0,0,0,0,0,0,0,0,0,0,0,0
경기지부,2021,성인교육,36,369,개소,0,0,0,0,0,0,0,0,0,0,0,0,0
경기지부,2021,성인교육,36,369,회차,0,0,0,0,0,0,0,0,0,0,0,0,0
경기지부,2021,성인교육,36,369,인원,0,0,0,0,0,0,0,0,0,0,0,0,0
경기지부,2021,성인교육,37,372,개소,0,0,0,0,0,0,0,0,0,0,0,0,0
경기지부,2021,성인교육,37,372,회차,0,0,0,0,0,0,0,0,0,0,0,0,0
경기지부,2021,성인교육,37,372,인원,0,0,0,0,0,0,0,0,0,0,0,0,0
경기지부,2021,성인교육,37,373,개소,0,0,0,0,0,0,0,0,0,0,0,0,0
경기지부,2021,성인교육,37,373,회차,0,0,0,0,0,0,0,0,0,0,0,0,0
경기지부,2021,성인교육,37,373,인원,0,0,0,0,0,0,0,0,0,0,0,0,0
경기지부,2021,성인교육,37,376,개소,0,0,0,0,0,0,0,0,0,0,0,0,0
경기지부,2021,성인교육,37,376,회차,0,0,0,0,0,0,0,0,0,0,0,0,0
경기지부,2021,성인교육,37,376,인원,0,0,0,0,0,0,0,0,0,0,0,0,0
경기지부,2021,성인교육,37,378,개소,0,0,0,0,0,0,0,0,0,0,0,0,0
경기지부,2021,성인교육,37,378,회차,0,0,0,0,0,0,0,0,0,0,0,0,0
경기지부,2021,성인교육,37,378,인원,0,0,0,0,0,0,0,0,0,0,0,0,0
경기지부,2021,성인교육,37,379,개소,0,0,0,0,0,0,0,0,0,0,0,0,0
경기지부,2021,성인교육,37,379,회차,0,0,0,0,0,0,0,0,0,0,0,0,0
경기지부,2021,성인교육,37,379,인원,0,0,0,0,0,0,0,0,0,0,0,0,0
경기지부,2021,성인교육,38,381,개소,0,0,0,0,0,0,0,0,0,0,0,0,0
경기지부,2021,성인교육,38,381,회차,0,0,0,0,0,0,0,0,0,0,0,0,0
경기지부,2021,성인교육,38,381,인원,0,0,0,0,0,0,0,0,0,0,0,0,0
경기지부,2021,성인교육,38,382,개소,0,0,0,0,0,0,0,0,0,0,0,0,0
경기지부,2021,성인교육,38,382,회차,0,0,0,0,0,0,0,0,0,0,0,0,0
경기지부,2021,성인교육,38,382,인원,0,0,0,0,0,0,0,0,0,0,0,0,0
경기지부,2021,성인교육,38,386,개소,0,0,0,0,0,0,0,0,0,0,0,0,0
경기지부,2021,성인교육,38,386,회차,0,0,0,0,0,0,0,0,0,0,0,0,0
경기지부,2021,성인교육,38,386,인원,0,0,0,0,0,0,0,0,0,0,0,0,0
경기지부,2021,성인교육,38,388,개소,0,0,0,0,0,0,0,0,0,0,0,0,0
경기지부,2021,성인교육,38,388,회차,0,0,0,0,0,0,0,0,0,0,0,0,0
경기지부,2021,성인교육,38,388,인원,0,0,0,0,0,0,0,0,0,0,0,0,0
경기지부,2021,성인교육,39,392,개소,0,0,0,0,0,0,0,0,0,0,0,0,0
경기지부,2021,성인교육,39,392,회차,0,0,0,0,0,0,0,0,0,0,0,0,0
경기지부,2021,성인교육,39,392,인원,0,0,0,0,0,0,0,0,0,0,0,0,0
경기지부,2021,성인교육,39,393,개소,0,0,0,0,0,0,0,0,0,0,0,0,0
경기지부,2021,성인교육,39,393,회차,0,0,0,0,0,0,0,0,0,0,0,0,0
경기지부,2021,성인교육,39,393,인원,0,0,0,0,0,0,0,0,0,0,0,0,0
경기지부,2021,성인교육,39,396,개소,0,0,0,0,0,0,0,0,0,0,0,0,0
경기지부,2021,성인교육,39,396,회차,0,0,0,0,0,0,0,0,0,0,0,0,0
경기지부,2021,성인교육,39,396,인원,0,0,0,0,0,0,0,0,0,0,0,0,0
경기지부,2021,성인교육,39,398,개소,0,0,0,0,0,0,0,0,0,0,0,0,0
경기지부,2021,성인교육,39,398,회차,0,0,0,0,0,0,0,0,0,0,0,0,0
경기지부,2021,성인교육,39,398,인원,0,0,0,0,0,0,0,0,0,0,0,0,0
경기지부,2021,고령자교육,41,411,개소,0,0,0,0,0,0,0,0,0,0,0,0,0
경기지부,2021,고령자교육,41,411,회차,0,0,0,0,0,0,0,0,0,0,0,0,0
경기지부,2021,고령자교육,41,411,인원,0,0,0,0,0,0,0,0,0,0,0,0,0
경기지부,2021,고령자교육,41,412,개소,0,0,0,0,0,0,0,0,0,0,0,0,0
경기지부,2021,고령자교육,41,412,회차,0,0,0,0,0,0,0,0,0,0,0,0,0
경기지부,2021,고령자교육,41,412,인원,0,0,0,0,0,0,0,0,0,0,0,0,0
경기지부,2021,고령자교육,41,413,개소,0,0,0,0,0,0,0,0,0,0,0,0,0
경기지부,2021,고령자교육,41,413,회차,0,0,0,0,0,0,0,0,0,0,0,0,0
경기지부,2021,고령자교육,41,413,인원,0,0,0,0,0,0,0,0,0,0,0,0,0
경기지부,2021,고령자교육,41,417,개소,0,0,0,0,0,0,0,0,0,0,0,0,0
경기지부,2021,고령자교육,41,417,회차,0,0,0,0,0,0,0,0,0,0,0,0,0
경기지부,2021,고령자교육,41,417,인원,0,0,0,0,0,0,0,0,0,0,0,0,0
경기지부,2021,고령자교육,42,422,개소,0,0,0,0,0,0,0,0,0,0,0,0,0
경기지부,2021,고령자교육,42,422,회차,0,0,0,0,0,0,0,0,0,0,0,0,0
경기지부,2021,고령자교육,42,422,인원,0,0,0,0,0,0,0,0,0,0,0,0,0
경기지부,2021,고령자교육,42,423,개소,0,0,0,0,0,0,0,0,0,0,0,0,0
경기지부,2021,고령자교육,42,423,회차,0,0,0,0,0,0,0,0,0,0,0,0,0
경기지부,2021,고령자교육,42,423,인원,0,0,0,0,0,0,0,0,0,0,0,0,0
경기지부,2021,고령자교육,42,426,개소,0,0,0,0,0,0,0,0,0,0,0,0,0
경기지부,2021,고령자교육,42,426,회차,0,0,0,0,0,0,0,0,0,0,0,0,0
경기지부,2021,고령자교육,42,426,인원,0,0,0,0,0,0,0,0,0,0,0,0,0
강원지부,2017,어린이교육,11,111,개소,0,0,0,0,0,0,0,0,0,0,0,0,0
강원지부,2017,어린이교육,11,111,회차,0,0,0,0,0,0,0,0,0,0,0,0,0
강원지부,2017,어린이교육,11,111,인원,0,0,0,0,0,0,0,0,0,0,0,0,0
강원지부,2017,어린이교육,11,112,개소,0,0,0,0,0,0,0,0,0,0,0,0,0
강원지부,2017,어린이교육,11,112,회차,0,0,0,0,0,0,0,0,0,0,0,0,0
강원지부,2017,어린이교육,11,112,인원,0,0,0,0,0,0,0,0,0,0,0,0,0
강원지부,2017,어린이교육,11,113,개소,0,0,0,0,0,0,0,0,0,0,0,0,0
강원지부,2017,어린이교육,11,113,회차,0,0,0,0,0,0,0,0,0,0,0,0,0
강원지부,2017,어린이교육,11,113,인원,0,0,0,0,0,0,0,0,0,0,0,0,0
강원지부,2017,어린이교육,11,114,개소,0,0,0,0,0,0,0,0,0,0,0,0,0
강원지부,2017,어린이교육,11,114,회차,0,0,0,0,0,0,0,0,0,0,0,0,0
강원지부,2017,어린이교육,11,114,인원,0,0,0,0,0,0,0,0,0,0,0,0,0
강원지부,2017,어린이교육,12,121,개소,0,0,0,0,0,0,0,0,0,0,0,0,0
강원지부,2017,어린이교육,12,121,회차,0,0,0,0,0,0,0,0,0,0,0,0,0
강원지부,2017,어린이교육,12,121,인원,0,0,0,0,0,0,0,0,0,0,0,0,0
강원지부,2017,어린이교육,12,122,개소,0,0,0,0,0,0,0,0,0,0,0,0,0
강원지부,2017,어린이교육,12,122,회차,0,0,0,0,0,0,0,0,0,0,0,0,0
강원지부,2017,어린이교육,12,122,인원,0,0,0,0,0,0,0,0,0,0,0,0,0
강원지부,2017,어린이교육,12,124,개소,0,0,0,0,0,0,0,0,0,0,0,0,0
강원지부,2017,어린이교육,12,124,회차,0,0,0,0,0,0,0,0,0,0,0,0,0
강원지부,2017,어린이교육,12,124,인원,0,0,0,0,0,0,0,0,0,0,0,0,0
강원지부,2017,어린이교육,12,127,개소,0,0,0,0,0,0,0,0,0,0,0,0,0
강원지부,2017,어린이교육,12,127,회차,0,0,0,0,0,0,0,0,0,0,0,0,0
강원지부,2017,어린이교육,12,127,인원,0,0,0,0,0,0,0,0,0,0,0,0,0
강원지부,2017,어린이교육,13,131,개소,0,0,0,0,0,0,0,0,0,0,0,0,0
강원지부,2017,어린이교육,13,131,회차,0,0,0,0,0,0,0,0,0,0,0,0,0
강원지부,2017,어린이교육,13,131,인원,0,0,0,0,0,0,0,0,0,0,0,0,0
강원지부,2017,어린이교육,13,132,개소,0,0,0,0,0,0,0,0,0,0,0,0,0
강원지부,2017,어린이교육,13,132,회차,0,0,0,0,0,0,0,0,0,0,0,0,0
강원지부,2017,어린이교육,13,132,인원,0,0,0,0,0,0,0,0,0,0,0,0,0
강원지부,2017,어린이교육,13,134,개소,0,0,0,0,0,0,0,0,0,0,0,0,0
강원지부,2017,어린이교육,13,134,회차,0,0,0,0,0,0,0,0,0,0,0,0,0
강원지부,2017,어린이교육,13,134,인원,0,0,0,0,0,0,0,0,0,0,0,0,0
강원지부,2017,어린이교육,13,137,개소,0,0,0,0,0,0,0,0,0,0,0,0,0
강원지부,2017,어린이교육,13,137,회차,0,0,0,0,0,0,0,0,0,0,0,0,0
강원지부,2017,어린이교육,13,137,인원,0,0,0,0,0,0,0,0,0,0,0,0,0
강원지부,2017,어린이교육,14,141,개소,0,0,0,0,0,0,0,0,0,0,0,0,0
강원지부,2017,어린이교육,14,141,회차,0,0,0,0,0,0,0,0,0,0,0,0,0
강원지부,2017,어린이교육,14,141,인원,0,0,0,0,0,0,0,0,0,0,0,0,0
강원지부,2017,어린이교육,14,142,개소,0,0,0,0,0,0,0,0,0,0,0,0,0
강원지부,2017,어린이교육,14,142,회차,0,0,0,0,0,0,0,0,0,0,0,0,0
강원지부,2017,어린이교육,14,142,인원,0,0,0,0,0,0,0,0,0,0,0,0,0
강원지부,2017,어린이교육,14,144,개소,0,0,0,0,0,0,0,0,0,0,0,0,0
강원지부,2017,어린이교육,14,144,회차,0,0,0,0,0,0,0,0,0,0,0,0,0
강원지부,2017,어린이교육,14,144,인원,0,0,0,0,0,0,0,0,0,0,0,0,0
강원지부,2017,어린이교육,14,147,개소,0,0,0,0,0,0,0,0,0,0,0,0,0
강원지부,2017,어린이교육,14,147,회차,0,0,0,0,0,0,0,0,0,0,0,0,0
강원지부,2017,어린이교육,14,147,인원,0,0,0,0,0,0,0,0,0,0,0,0,0
강원지부,2017,청소년교육,21,211,개소,0,0,0,0,0,0,0,0,0,0,0,0,0
강원지부,2017,청소년교육,21,211,회차,0,0,0,0,0,0,0,0,0,0,0,0,0
강원지부,2017,청소년교육,21,211,인원,0,0,0,0,0,0,0,0,0,0,0,0,0
강원지부,2017,청소년교육,21,212,개소,0,0,0,0,0,0,0,0,0,0,0,0,0
강원지부,2017,청소년교육,21,212,회차,0,0,0,0,0,0,0,0,0,0,0,0,0
강원지부,2017,청소년교육,21,212,인원,0,0,0,0,0,0,0,0,0,0,0,0,0
강원지부,2017,청소년교육,21,214,개소,0,0,0,0,0,0,0,0,0,0,0,0,0
강원지부,2017,청소년교육,21,214,회차,0,0,0,0,0,0,0,0,0,0,0,0,0
강원지부,2017,청소년교육,21,214,인원,0,0,0,0,0,0,0,0,0,0,0,0,0
강원지부,2017,청소년교육,21,217,개소,0,0,0,0,0,0,0,0,0,0,0,0,0
강원지부,2017,청소년교육,21,217,회차,0,0,0,0,0,0,0,0,0,0,0,0,0
강원지부,2017,청소년교육,21,217,인원,0,0,0,0,0,0,0,0,0,0,0,0,0
강원지부,2017,청소년교육,21,218,개소,0,0,0,0,0,0,0,0,0,0,0,0,0
강원지부,2017,청소년교육,21,218,회차,0,0,0,0,0,0,0,0,0,0,0,0,0
강원지부,2017,청소년교육,21,218,인원,0,0,0,0,0,0,0,0,0,0,0,0,0
강원지부,2017,청소년교육,22,221,개소,0,0,0,0,0,0,0,0,0,0,0,0,0
강원지부,2017,청소년교육,22,221,회차,0,0,0,0,0,0,0,0,0,0,0,0,0
강원지부,2017,청소년교육,22,221,인원,0,0,0,0,0,0,0,0,0,0,0,0,0
강원지부,2017,청소년교육,22,222,개소,0,0,0,0,0,0,0,0,0,0,0,0,0
강원지부,2017,청소년교육,22,222,회차,0,0,0,0,0,0,0,0,0,0,0,0,0
강원지부,2017,청소년교육,22,222,인원,0,0,0,0,0,0,0,0,0,0,0,0,0
강원지부,2017,청소년교육,22,223,개소,0,0,0,0,0,0,0,0,0,0,0,0,0
강원지부,2017,청소년교육,22,223,회차,0,0,0,0,0,0,0,0,0,0,0,0,0
강원지부,2017,청소년교육,22,223,인원,0,0,0,0,0,0,0,0,0,0,0,0,0
강원지부,2017,청소년교육,22,224,개소,0,0,0,0,0,0,0,0,0,0,0,0,0
강원지부,2017,청소년교육,22,224,회차,0,0,0,0,0,0,0,0,0,0,0,0,0
강원지부,2017,청소년교육,22,224,인원,0,0,0,0,0,0,0,0,0,0,0,0,0
강원지부,2017,청소년교육,22,226,개소,0,0,0,0,0,0,0,0,0,0,0,0,0
강원지부,2017,청소년교육,22,226,회차,0,0,0,0,0,0,0,0,0,0,0,0,0
강원지부,2017,청소년교육,22,226,인원,0,0,0,0,0,0,0,0,0,0,0,0,0
강원지부,2017,청소년교육,22,227,개소,0,0,0,0,0,0,0,0,0,0,0,0,0
강원지부,2017,청소년교육,22,227,회차,0,0,0,0,0,0,0,0,0,0,0,0,0
강원지부,2017,청소년교육,22,227,인원,0,0,0,0,0,0,0,0,0,0,0,0,0
강원지부,2017,청소년교육,22,228,개소,0,0,0,0,0,0,0,0,0,0,0,0,0
강원지부,2017,청소년교육,22,228,회차,0,0,0,0,0,0,0,0,0,0,0,0,0
강원지부,2017,청소년교육,22,228,인원,0,0,0,0,0,0,0,0,0,0,0,0,0
강원지부,2017,성인교육,31,312,개소,0,0,0,0,0,0,0,0,0,0,0,0,0
강원지부,2017,성인교육,31,312,회차,0,0,0,0,0,0,0,0,0,0,0,0,0
강원지부,2017,성인교육,31,312,인원,0,0,0,0,0,0,0,0,0,0,0,0,0
강원지부,2017,성인교육,31,313,개소,0,0,0,0,0,0,0,0,0,0,0,0,0
강원지부,2017,성인교육,31,313,회차,0,0,0,0,0,0,0,0,0,0,0,0,0
강원지부,2017,성인교육,31,313,인원,0,0,0,0,0,0,0,0,0,0,0,0,0
강원지부,2017,성인교육,31,314,개소,0,0,0,0,0,0,0,0,0,0,0,0,0
강원지부,2017,성인교육,31,314,회차,0,0,0,0,0,0,0,0,0,0,0,0,0
강원지부,2017,성인교육,31,314,인원,0,0,0,0,0,0,0,0,0,0,0,0,0
강원지부,2017,성인교육,31,316,개소,0,0,0,0,0,0,0,0,0,0,0,0,0
강원지부,2017,성인교육,31,316,회차,0,0,0,0,0,0,0,0,0,0,0,0,0
강원지부,2017,성인교육,31,316,인원,0,0,0,0,0,0,0,0,0,0,0,0,0
강원지부,2017,성인교육,31,317,개소,0,0,0,0,0,0,0,0,0,0,0,0,0
강원지부,2017,성인교육,31,317,회차,0,0,0,0,0,0,0,0,0,0,0,0,0
강원지부,2017,성인교육,31,317,인원,0,0,0,0,0,0,0,0,0,0,0,0,0
강원지부,2017,성인교육,31,318,개소,0,0,0,0,0,0,0,0,0,0,0,0,0
강원지부,2017,성인교육,31,318,회차,0,0,0,0,0,0,0,0,0,0,0,0,0
강원지부,2017,성인교육,31,318,인원,0,0,0,0,0,0,0,0,0,0,0,0,0
강원지부,2017,성인교육,32,322,개소,0,0,0,0,0,0,0,0,0,0,0,0,0
강원지부,2017,성인교육,32,322,회차,0,0,0,0,0,0,0,0,0,0,0,0,0
강원지부,2017,성인교육,32,322,인원,0,0,0,0,0,0,0,0,0,0,0,0,0
강원지부,2017,성인교육,32,323,개소,0,0,0,0,0,0,0,0,0,0,0,0,0
강원지부,2017,성인교육,32,323,회차,0,0,0,0,0,0,0,0,0,0,0,0,0
강원지부,2017,성인교육,32,323,인원,0,0,0,0,0,0,0,0,0,0,0,0,0
강원지부,2017,성인교육,32,326,개소,0,0,0,0,0,0,0,0,0,0,0,0,0
강원지부,2017,성인교육,32,326,회차,0,0,0,0,0,0,0,0,0,0,0,0,0
강원지부,2017,성인교육,32,326,인원,0,0,0,0,0,0,0,0,0,0,0,0,0
강원지부,2017,성인교육,32,328,개소,0,0,0,0,0,0,0,0,0,0,0,0,0
강원지부,2017,성인교육,32,328,회차,0,0,0,0,0,0,0,0,0,0,0,0,0
강원지부,2017,성인교육,32,328,인원,0,0,0,0,0,0,0,0,0,0,0,0,0
강원지부,2017,성인교육,33,332,개소,0,0,0,0,0,0,0,0,0,0,0,0,0
강원지부,2017,성인교육,33,332,회차,0,0,0,0,0,0,0,0,0,0,0,0,0
강원지부,2017,성인교육,33,332,인원,0,0,0,0,0,0,0,0,0,0,0,0,0
강원지부,2017,성인교육,33,333,개소,0,0,0,0,0,0,0,0,0,0,0,0,0
강원지부,2017,성인교육,33,333,회차,0,0,0,0,0,0,0,0,0,0,0,0,0
강원지부,2017,성인교육,33,333,인원,0,0,0,0,0,0,0,0,0,0,0,0,0
강원지부,2017,성인교육,33,336,개소,0,0,0,0,0,0,0,0,0,0,0,0,0
강원지부,2017,성인교육,33,336,회차,0,0,0,0,0,0,0,0,0,0,0,0,0
강원지부,2017,성인교육,33,336,인원,0,0,0,0,0,0,0,0,0,0,0,0,0
강원지부,2017,성인교육,33,338,개소,0,0,0,0,0,0,0,0,0,0,0,0,0
강원지부,2017,성인교육,33,338,회차,0,0,0,0,0,0,0,0,0,0,0,0,0
강원지부,2017,성인교육,33,338,인원,0,0,0,0,0,0,0,0,0,0,0,0,0
강원지부,2017,성인교육,34,342,개소,0,0,0,0,0,0,0,0,0,0,0,0,0
강원지부,2017,성인교육,34,342,회차,0,0,0,0,0,0,0,0,0,0,0,0,0
강원지부,2017,성인교육,34,342,인원,0,0,0,0,0,0,0,0,0,0,0,0,0
강원지부,2017,성인교육,34,343,개소,0,0,0,0,0,0,0,0,0,0,0,0,0
강원지부,2017,성인교육,34,343,회차,0,0,0,0,0,0,0,0,0,0,0,0,0
강원지부,2017,성인교육,34,343,인원,0,0,0,0,0,0,0,0,0,0,0,0,0
강원지부,2017,성인교육,34,346,개소,0,0,0,0,0,0,0,0,0,0,0,0,0
강원지부,2017,성인교육,34,346,회차,0,0,0,0,0,0,0,0,0,0,0,0,0
강원지부,2017,성인교육,34,346,인원,0,0,0,0,0,0,0,0,0,0,0,0,0
강원지부,2017,성인교육,34,348,개소,0,0,0,0,0,0,0,0,0,0,0,0,0
강원지부,2017,성인교육,34,348,회차,0,0,0,0,0,0,0,0,0,0,0,0,0
강원지부,2017,성인교육,34,348,인원,0,0,0,0,0,0,0,0,0,0,0,0,0
강원지부,2017,성인교육,35,352,개소,0,0,0,0,0,0,0,0,0,0,0,0,0
강원지부,2017,성인교육,35,352,회차,0,0,0,0,0,0,0,0,0,0,0,0,0
강원지부,2017,성인교육,35,352,인원,0,0,0,0,0,0,0,0,0,0,0,0,0
강원지부,2017,성인교육,35,353,개소,0,0,0,0,0,0,0,0,0,0,0,0,0
강원지부,2017,성인교육,35,353,회차,0,0,0,0,0,0,0,0,0,0,0,0,0
강원지부,2017,성인교육,35,353,인원,0,0,0,0,0,0,0,0,0,0,0,0,0
강원지부,2017,성인교육,35,356,개소,0,0,0,0,0,0,0,0,0,0,0,0,0
강원지부,2017,성인교육,35,356,회차,0,0,0,0,0,0,0,0,0,0,0,0,0
강원지부,2017,성인교육,35,356,인원,0,0,0,0,0,0,0,0,0,0,0,0,0
강원지부,2017,성인교육,35,358,개소,0,0,0,0,0,0,0,0,0,0,0,0,0
강원지부,2017,성인교육,35,358,회차,0,0,0,0,0,0,0,0,0,0,0,0,0
강원지부,2017,성인교육,35,358,인원,0,0,0,0,0,0,0,0,0,0,0,0,0
강원지부,2017,성인교육,36,362,개소,0,0,0,0,0,0,0,0,0,0,0,0,0
강원지부,2017,성인교육,36,362,회차,0,0,0,0,0,0,0,0,0,0,0,0,0
강원지부,2017,성인교육,36,362,인원,0,0,0,0,0,0,0,0,0,0,0,0,0
강원지부,2017,성인교육,36,363,개소,0,0,0,0,0,0,0,0,0,0,0,0,0
강원지부,2017,성인교육,36,363,회차,0,0,0,0,0,0,0,0,0,0,0,0,0
강원지부,2017,성인교육,36,363,인원,0,0,0,0,0,0,0,0,0,0,0,0,0
강원지부,2017,성인교육,36,365,개소,0,0,0,0,0,0,0,0,0,0,0,0,0
강원지부,2017,성인교육,36,365,회차,0,0,0,0,0,0,0,0,0,0,0,0,0
강원지부,2017,성인교육,36,365,인원,0,0,0,0,0,0,0,0,0,0,0,0,0
강원지부,2017,성인교육,36,366,개소,0,0,0,0,0,0,0,0,0,0,0,0,0
강원지부,2017,성인교육,36,366,회차,0,0,0,0,0,0,0,0,0,0,0,0,0
강원지부,2017,성인교육,36,366,인원,0,0,0,0,0,0,0,0,0,0,0,0,0
강원지부,2017,성인교육,36,368,개소,0,0,0,0,0,0,0,0,0,0,0,0,0
강원지부,2017,성인교육,36,368,회차,0,0,0,0,0,0,0,0,0,0,0,0,0
강원지부,2017,성인교육,36,368,인원,0,0,0,0,0,0,0,0,0,0,0,0,0
강원지부,2017,성인교육,37,372,개소,0,0,0,0,0,0,0,0,0,0,0,0,0
강원지부,2017,성인교육,37,372,회차,0,0,0,0,0,0,0,0,0,0,0,0,0
강원지부,2017,성인교육,37,372,인원,0,0,0,0,0,0,0,0,0,0,0,0,0
강원지부,2017,성인교육,37,373,개소,0,0,0,0,0,0,0,0,0,0,0,0,0
강원지부,2017,성인교육,37,373,회차,0,0,0,0,0,0,0,0,0,0,0,0,0
강원지부,2017,성인교육,37,373,인원,0,0,0,0,0,0,0,0,0,0,0,0,0
강원지부,2017,성인교육,37,376,개소,0,0,0,0,0,0,0,0,0,0,0,0,0
강원지부,2017,성인교육,37,376,회차,0,0,0,0,0,0,0,0,0,0,0,0,0
강원지부,2017,성인교육,37,376,인원,0,0,0,0,0,0,0,0,0,0,0,0,0
강원지부,2017,성인교육,37,378,개소,0,0,0,0,0,0,0,0,0,0,0,0,0
강원지부,2017,성인교육,37,378,회차,0,0,0,0,0,0,0,0,0,0,0,0,0
강원지부,2017,성인교육,37,378,인원,0,0,0,0,0,0,0,0,0,0,0,0,0
강원지부,2017,성인교육,38,381,개소,0,0,0,0,0,0,0,0,0,0,0,0,0
강원지부,2017,성인교육,38,381,회차,0,0,0,0,0,0,0,0,0,0,0,0,0
강원지부,2017,성인교육,38,381,인원,0,0,0,0,0,0,0,0,0,0,0,0,0
강원지부,2017,성인교육,38,382,개소,0,0,0,0,0,0,0,0,0,0,0,0,0
강원지부,2017,성인교육,38,382,회차,0,0,0,0,0,0,0,0,0,0,0,0,0
강원지부,2017,성인교육,38,382,인원,0,0,0,0,0,0,0,0,0,0,0,0,0
강원지부,2017,성인교육,38,386,개소,0,0,0,0,0,0,0,0,0,0,0,0,0
강원지부,2017,성인교육,38,386,회차,0,0,0,0,0,0,0,0,0,0,0,0,0
강원지부,2017,성인교육,38,386,인원,0,0,0,0,0,0,0,0,0,0,0,0,0
강원지부,2017,성인교육,38,388,개소,0,0,0,0,0,0,0,0,0,0,0,0,0
강원지부,2017,성인교육,38,388,회차,0,0,0,0,0,0,0,0,0,0,0,0,0
강원지부,2017,성인교육,38,388,인원,0,0,0,0,0,0,0,0,0,0,0,0,0
강원지부,2017,성인교육,39,392,개소,0,0,0,0,0,0,0,0,0,0,0,0,0
강원지부,2017,성인교육,39,392,회차,0,0,0,0,0,0,0,0,0,0,0,0,0
강원지부,2017,성인교육,39,392,인원,0,0,0,0,0,0,0,0,0,0,0,0,0
강원지부,2017,성인교육,39,393,개소,0,0,0,0,0,0,0,0,0,0,0,0,0
강원지부,2017,성인교육,39,393,회차,0,0,0,0,0,0,0,0,0,0,0,0,0
강원지부,2017,성인교육,39,393,인원,0,0,0,0,0,0,0,0,0,0,0,0,0
강원지부,2017,성인교육,39,396,개소,0,0,0,0,0,0,0,0,0,0,0,0,0
강원지부,2017,성인교육,39,396,회차,0,0,0,0,0,0,0,0,0,0,0,0,0
강원지부,2017,성인교육,39,396,인원,0,0,0,0,0,0,0,0,0,0,0,0,0
강원지부,2017,성인교육,39,398,개소,0,0,0,0,0,0,0,0,0,0,0,0,0
강원지부,2017,성인교육,39,398,회차,0,0,0,0,0,0,0,0,0,0,0,0,0
강원지부,2017,성인교육,39,398,인원,0,0,0,0,0,0,0,0,0,0,0,0,0
강원지부,2017,고령자교육,41,411,개소,0,0,0,0,0,0,0,0,0,0,0,0,0
강원지부,2017,고령자교육,41,411,회차,0,0,0,0,0,0,0,0,0,0,0,0,0
강원지부,2017,고령자교육,41,411,인원,0,0,0,0,0,0,0,0,0,0,0,0,0
강원지부,2017,고령자교육,41,412,개소,0,0,0,0,0,0,0,0,0,0,0,0,0
강원지부,2017,고령자교육,41,412,회차,0,0,0,0,0,0,0,0,0,0,0,0,0
강원지부,2017,고령자교육,41,412,인원,0,0,0,0,0,0,0,0,0,0,0,0,0
강원지부,2017,고령자교육,41,413,개소,0,0,0,0,0,0,0,0,0,0,0,0,0
강원지부,2017,고령자교육,41,413,회차,0,0,0,0,0,0,0,0,0,0,0,0,0
강원지부,2017,고령자교육,41,413,인원,0,0,0,0,0,0,0,0,0,0,0,0,0
강원지부,2017,고령자교육,41,417,개소,0,0,0,0,0,0,0,0,0,0,0,0,0
강원지부,2017,고령자교육,41,417,회차,0,0,0,0,0,0,0,0,0,0,0,0,0
강원지부,2017,고령자교육,41,417,인원,0,0,0,0,0,0,0,0,0,0,0,0,0
강원지부,2017,고령자교육,42,421,개소,0,0,0,0,0,0,0,0,0,0,0,0,0
강원지부,2017,고령자교육,42,421,회차,0,0,0,0,0,0,0,0,0,0,0,0,0
강원지부,2017,고령자교육,42,421,인원,0,0,0,0,0,0,0,0,0,0,0,0,0
강원지부,2017,고령자교육,42,422,개소,0,0,0,0,0,0,0,0,0,0,0,0,0
강원지부,2017,고령자교육,42,422,회차,0,0,0,0,0,0,0,0,0,0,0,0,0
강원지부,2017,고령자교육,42,422,인원,0,0,0,0,0,0,0,0,0,0,0,0,0
강원지부,2017,고령자교육,42,423,개소,0,0,0,0,0,0,0,0,0,0,0,0,0
강원지부,2017,고령자교육,42,423,회차,0,0,0,0,0,0,0,0,0,0,0,0,0
강원지부,2017,고령자교육,42,423,인원,0,0,0,0,0,0,0,0,0,0,0,0,0
강원지부,2017,고령자교육,42,426,개소,0,0,0,0,0,0,0,0,0,0,0,0,0
강원지부,2017,고령자교육,42,426,회차,0,0,0,0,0,0,0,0,0,0,0,0,0
강원지부,2017,고령자교육,42,426,인원,0,0,0,0,0,0,0,0,0,0,0,0,0
강원지부,2017,교사교육,51,511,개소,0,0,0,0,0,0,0,0,0,0,0,0,0
강원지부,2017,교사교육,51,511,회차,0,0,0,0,0,0,0,0,0,0,0,0,0
강원지부,2017,교사교육,51,511,인원,0,0,0,0,0,0,0,0,0,0,0,0,0
강원지부,2017,교사교육,51,512,개소,0,0,0,0,0,0,0,0,0,0,0,0,0
강원지부,2017,교사교육,51,512,회차,0,0,0,0,0,0,0,0,0,0,0,0,0
강원지부,2017,교사교육,51,512,인원,0,0,0,0,0,0,0,0,0,0,0,0,0
강원지부,2017,교사교육,51,516,개소,0,0,0,0,0,0,0,0,0,0,0,0,0
강원지부,2017,교사교육,51,516,회차,0,0,0,0,0,0,0,0,0,0,0,0,0
강원지부,2017,교사교육,51,516,인원,0,0,0,0,0,0,0,0,0,0,0,0,0
강원지부,2017,교사교육,52,521,개소,0,0,0,0,0,0,0,0,0,0,0,0,0
강원지부,2017,교사교육,52,521,회차,0,0,0,0,0,0,0,0,0,0,0,0,0
강원지부,2017,교사교육,52,521,인원,0,0,0,0,0,0,0,0,0,0,0,0,0
강원지부,2017,교사교육,52,522,개소,0,0,0,0,0,0,0,0,0,0,0,0,0
강원지부,2017,교사교육,52,522,회차,0,0,0,0,0,0,0,0,0,0,0,0,0
강원지부,2017,교사교육,52,522,인원,0,0,0,0,0,0,0,0,0,0,0,0,0
강원지부,2017,교사교육,52,526,개소,0,0,0,0,0,0,0,0,0,0,0,0,0
강원지부,2017,교사교육,52,526,회차,0,0,0,0,0,0,0,0,0,0,0,0,0
강원지부,2017,교사교육,52,526,인원,0,0,0,0,0,0,0,0,0,0,0,0,0
강원지부,2017,교사교육,53,531,개소,0,0,0,0,0,0,0,0,0,0,0,0,0
강원지부,2017,교사교육,53,531,회차,0,0,0,0,0,0,0,0,0,0,0,0,0
강원지부,2017,교사교육,53,531,인원,0,0,0,0,0,0,0,0,0,0,0,0,0
강원지부,2017,교사교육,53,532,개소,0,0,0,0,0,0,0,0,0,0,0,0,0
강원지부,2017,교사교육,53,532,회차,0,0,0,0,0,0,0,0,0,0,0,0,0
강원지부,2017,교사교육,53,532,인원,0,0,0,0,0,0,0,0,0,0,0,0,0
강원지부,2017,교사교육,53,536,개소,0,0,0,0,0,0,0,0,0,0,0,0,0
강원지부,2017,교사교육,53,536,회차,0,0,0,0,0,0,0,0,0,0,0,0,0
강원지부,2017,교사교육,53,536,인원,0,0,0,0,0,0,0,0,0,0,0,0,0
강원지부,2017,교사교육,54,541,개소,0,0,0,0,0,0,0,0,0,0,0,0,0
강원지부,2017,교사교육,54,541,회차,0,0,0,0,0,0,0,0,0,0,0,0,0
강원지부,2017,교사교육,54,541,인원,0,0,0,0,0,0,0,0,0,0,0,0,0
강원지부,2017,교사교육,54,542,개소,0,0,0,0,0,0,0,0,0,0,0,0,0
강원지부,2017,교사교육,54,542,회차,0,0,0,0,0,0,0,0,0,0,0,0,0
강원지부,2017,교사교육,54,542,인원,0,0,0,0,0,0,0,0,0,0,0,0,0
강원지부,2017,교사교육,54,543,개소,0,0,0,0,0,0,0,0,0,0,0,0,0
강원지부,2017,교사교육,54,543,회차,0,0,0,0,0,0,0,0,0,0,0,0,0
강원지부,2017,교사교육,54,543,인원,0,0,0,0,0,0,0,0,0,0,0,0,0
강원지부,2017,교사교육,54,546,개소,0,0,0,0,0,0,0,0,0,0,0,0,0
강원지부,2017,교사교육,54,546,회차,0,0,0,0,0,0,0,0,0,0,0,0,0
강원지부,2017,교사교육,54,546,인원,0,0,0,0,0,0,0,0,0,0,0,0,0
강원지부,2018,어린이교육,11,111,인원,2323,2323,2323,2323,2323,2323,2323,2323,2323,2323,2323,2330,27883
강원지부,2018,어린이교육,11,111,개소,0,0,0,0,0,0,0,0,0,0,0,0,0
강원지부,2018,어린이교육,11,111,회차,0,0,0,0,0,0,0,0,0,0,0,0,0
강원지부,2018,어린이교육,11,112,개소,0,0,0,0,0,0,0,0,0,0,0,0,0
강원지부,2018,어린이교육,11,112,회차,0,0,0,0,0,0,0,0,0,0,0,0,0
강원지부,2018,어린이교육,11,112,인원,0,0,0,0,0,0,0,0,0,0,0,0,0
강원지부,2018,어린이교육,11,113,개소,0,0,0,0,0,0,0,0,0,0,0,0,0
강원지부,2018,어린이교육,11,113,회차,0,0,0,0,0,0,0,0,0,0,0,0,0
강원지부,2018,어린이교육,11,113,인원,0,0,0,0,0,0,0,0,0,0,0,0,0
강원지부,2018,어린이교육,11,114,개소,0,0,0,0,0,0,0,0,0,0,0,0,0
강원지부,2018,어린이교육,11,114,회차,0,0,0,0,0,0,0,0,0,0,0,0,0
강원지부,2018,어린이교육,11,114,인원,0,0,0,0,0,0,0,0,0,0,0,0,0
강원지부,2018,어린이교육,12,121,인원,1604,1604,1604,1604,1604,1604,1604,1604,1604,1604,1604,1609,19253
강원지부,2018,어린이교육,12,121,개소,0,0,0,0,0,0,0,0,0,0,0,0,0
강원지부,2018,어린이교육,12,121,회차,0,0,0,0,0,0,0,0,0,0,0,0,0
강원지부,2018,어린이교육,12,122,인원,663,663,663,663,663,663,663,663,663,663,663,674,7967
강원지부,2018,어린이교육,12,122,개소,0,0,0,0,0,0,0,0,0,0,0,0,0
강원지부,2018,어린이교육,12,122,회차,0,0,0,0,0,0,0,0,0,0,0,0,0
강원지부,2018,어린이교육,12,124,인원,55,55,55,55,55,55,55,55,55,55,55,59,664
강원지부,2018,어린이교육,12,124,개소,0,0,0,0,0,0,0,0,0,0,0,0,0
강원지부,2018,어린이교육,12,124,회차,0,0,0,0,0,0,0,0,0,0,0,0,0
강원지부,2018,어린이교육,12,127,인원,110,110,110,110,110,110,110,110,110,110,110,118,1328
강원지부,2018,어린이교육,12,127,개소,0,0,0,0,0,0,0,0,0,0,0,0,0
강원지부,2018,어린이교육,12,127,회차,0,0,0,0,0,0,0,0,0,0,0,0,0
강원지부,2018,어린이교육,13,131,인원,261,261,261,261,261,261,261,261,261,261,261,268,3139
강원지부,2018,어린이교육,13,131,개소,0,0,0,0,0,0,0,0,0,0,0,0,0
강원지부,2018,어린이교육,13,131,회차,0,0,0,0,0,0,0,0,0,0,0,0,0
강원지부,2018,어린이교육,13,132,인원,27,27,27,27,27,27,27,27,27,27,27,35,332
강원지부,2018,어린이교육,13,132,개소,0,0,0,0,0,0,0,0,0,0,0,0,0
강원지부,2018,어린이교육,13,132,회차,0,0,0,0,0,0,0,0,0,0,0,0,0
강원지부,2018,어린이교육,13,134,개소,0,0,0,0,0,0,0,0,0,0,0,0,0
강원지부,2018,어린이교육,13,134,회차,0,0,0,0,0,0,0,0,0,0,0,0,0
강원지부,2018,어린이교육,13,134,인원,0,0,0,0,0,0,0,0,0,0,0,0,0
강원지부,2018,어린이교육,13,137,인원,27,27,27,27,27,27,27,27,27,27,27,35,332
강원지부,2018,어린이교육,13,137,개소,0,0,0,0,0,0,0,0,0,0,0,0,0
강원지부,2018,어린이교육,13,137,회차,0,0,0,0,0,0,0,0,0,0,0,0,0
강원지부,2018,어린이교육,14,141,인원,442,442,442,442,442,442,442,442,442,442,442,449,5311
강원지부,2018,어린이교육,14,141,개소,0,0,0,0,0,0,0,0,0,0,0,0,0
강원지부,2018,어린이교육,14,141,회차,0,0,0,0,0,0,0,0,0,0,0,0,0
강원지부,2018,어린이교육,14,142,개소,0,0,0,0,0,0,0,0,0,0,0,0,0
강원지부,2018,어린이교육,14,142,회차,0,0,0,0,0,0,0,0,0,0,0,0,0
강원지부,2018,어린이교육,14,142,인원,0,0,0,0,0,0,0,0,0,0,0,0,0
강원지부,2018,어린이교육,14,144,개소,0,0,0,0,0,0,0,0,0,0,0,0,0
강원지부,2018,어린이교육,14,144,회차,0,0,0,0,0,0,0,0,0,0,0,0,0
강원지부,2018,어린이교육,14,144,인원,0,0,0,0,0,0,0,0,0,0,0,0,0
강원지부,2018,어린이교육,14,147,개소,0,0,0,0,0,0,0,0,0,0,0,0,0
강원지부,2018,어린이교육,14,147,회차,0,0,0,0,0,0,0,0,0,0,0,0,0
강원지부,2018,어린이교육,14,147,인원,0,0,0,0,0,0,0,0,0,0,0,0,0
강원지부,2018,청소년교육,21,211,인원,0,0,0,1,1,1,1,1,1,1,1,1,9
강원지부,2018,청소년교육,21,211,개소,0,0,0,0,0,0,0,0,0,0,0,0,0
강원지부,2018,청소년교육,21,211,회차,0,0,0,0,0,0,0,0,0,0,0,0,0
강원지부,2018,청소년교육,21,212,인원,0,0,0,0,0,0,0,0,0,0,0,1,1
강원지부,2018,청소년교육,21,212,개소,0,0,0,0,0,0,0,0,0,0,0,0,0
강원지부,2018,청소년교육,21,212,회차,0,0,0,0,0,0,0,0,0,0,0,0,0
강원지부,2018,청소년교육,21,214,인원,0,0,0,0,0,0,0,0,0,0,0,1,1
강원지부,2018,청소년교육,21,214,개소,0,0,0,0,0,0,0,0,0,0,0,0,0
강원지부,2018,청소년교육,21,214,회차,0,0,0,0,0,0,0,0,0,0,0,0,0
강원지부,2018,청소년교육,21,217,개소,0,0,0,0,0,0,0,0,0,0,0,0,0
강원지부,2018,청소년교육,21,217,회차,0,0,0,0,0,0,0,0,0,0,0,0,0
강원지부,2018,청소년교육,21,217,인원,0,0,0,0,0,0,0,0,0,0,0,0,0
강원지부,2018,청소년교육,21,218,인원,0,0,0,0,0,0,0,0,0,0,0,1,1
강원지부,2018,청소년교육,21,218,개소,0,0,0,0,0,0,0,0,0,0,0,0,0
강원지부,2018,청소년교육,21,218,회차,0,0,0,0,0,0,0,0,0,0,0,0,0
강원지부,2018,청소년교육,22,221,인원,2,2,2,2,2,2,2,2,2,3,3,3,27
강원지부,2018,청소년교육,22,221,개소,0,0,0,0,0,0,0,0,0,0,0,0,0
강원지부,2018,청소년교육,22,221,회차,0,0,0,0,0,0,0,0,0,0,0,0,0
강원지부,2018,청소년교육,22,222,인원,0,0,0,0,0,0,0,1,1,1,1,1,5
강원지부,2018,청소년교육,22,222,개소,0,0,0,0,0,0,0,0,0,0,0,0,0
강원지부,2018,청소년교육,22,222,회차,0,0,0,0,0,0,0,0,0,0,0,0,0
강원지부,2018,청소년교육,22,223,개소,0,0,0,0,0,0,0,0,0,0,0,0,0
강원지부,2018,청소년교육,22,223,회차,0,0,0,0,0,0,0,0,0,0,0,0,0
강원지부,2018,청소년교육,22,223,인원,0,0,0,0,0,0,0,0,0,0,0,0,0
강원지부,2018,청소년교육,22,224,인원,0,0,0,0,0,0,0,0,0,0,0,1,1
강원지부,2018,청소년교육,22,224,개소,0,0,0,0,0,0,0,0,0,0,0,0,0
강원지부,2018,청소년교육,22,224,회차,0,0,0,0,0,0,0,0,0,0,0,0,0
강원지부,2018,청소년교육,22,226,개소,0,0,0,0,0,0,0,0,0,0,0,0,0
강원지부,2018,청소년교육,22,226,회차,0,0,0,0,0,0,0,0,0,0,0,0,0
강원지부,2018,청소년교육,22,226,인원,1,1,1,1,1,1,1,1,1,2,2,2,15
강원지부,2018,청소년교육,22,227,개소,0,0,0,0,0,0,0,0,0,0,0,0,0
강원지부,2018,청소년교육,22,227,회차,0,0,0,0,0,0,0,0,0,0,0,0,0
강원지부,2018,청소년교육,22,227,인원,0,0,0,0,0,0,0,0,0,0,0,0,0
강원지부,2018,청소년교육,22,228,개소,0,0,0,0,0,0,0,0,0,0,0,0,0
강원지부,2018,청소년교육,22,228,회차,0,0,0,0,0,0,0,0,0,0,0,0,0
강원지부,2018,청소년교육,22,228,인원,0,0,0,0,0,0,0,0,0,0,0,0,0
강원지부,2018,성인교육,31,312,개소,0,0,0,0,0,0,0,0,0,0,0,0,0
강원지부,2018,성인교육,31,312,회차,0,0,0,0,0,0,0,0,0,0,0,0,0
강원지부,2018,성인교육,31,312,인원,33,33,33,33,33,33,33,33,33,33,33,35,398
강원지부,2018,성인교육,31,313,개소,0,0,0,0,0,0,0,0,0,0,0,0,0
강원지부,2018,성인교육,31,313,회차,0,0,0,0,0,0,0,0,0,0,0,0,0
강원지부,2018,성인교육,31,313,인원,0,0,0,0,0,0,0,0,0,0,0,0,0
강원지부,2018,성인교육,31,314,개소,0,0,0,0,0,0,0,0,0,0,0,0,0
강원지부,2018,성인교육,31,314,회차,0,0,0,0,0,0,0,0,0,0,0,0,0
강원지부,2018,성인교육,31,314,인원,0,0,0,0,0,0,0,0,0,0,0,0,0
강원지부,2018,성인교육,31,316,개소,0,0,0,0,0,0,0,0,0,0,0,0,0
강원지부,2018,성인교육,31,316,회차,0,0,0,0,0,0,0,0,0,0,0,0,0
강원지부,2018,성인교육,31,316,인원,663,663,663,663,663,663,663,663,663,663,663,673,7966
강원지부,2018,성인교육,31,317,개소,0,0,0,0,0,0,0,0,0,0,0,0,0
강원지부,2018,성인교육,31,317,회차,0,0,0,0,0,0,0,0,0,0,0,0,0
강원지부,2018,성인교육,31,317,인원,0,0,0,0,0,0,0,0,0,0,0,0,0
강원지부,2018,성인교육,31,318,개소,0,0,0,0,0,0,0,0,0,0,0,0,0
강원지부,2018,성인교육,31,318,회차,0,0,0,0,0,0,0,0,0,0,0,0,0
강원지부,2018,성인교육,31,318,인원,0,0,0,0,0,0,0,0,0,0,0,0,0
강원지부,2018,성인교육,31,319,개소,0,0,0,0,0,0,0,0,0,0,0,0,0
강원지부,2018,성인교육,31,319,회차,0,0,0,0,0,0,0,0,0,0,0,0,0
강원지부,2018,성인교육,31,319,인원,0,0,0,0,0,0,0,0,0,0,0,0,0
강원지부,2018,성인교육,32,322,개소,0,0,0,0,0,0,0,0,0,0,0,0,0
강원지부,2018,성인교육,32,322,회차,0,0,0,0,0,0,0,0,0,0,0,0,0
강원지부,2018,성인교육,32,322,인원,0,0,0,0,0,0,0,0,0,0,0,0,0
강원지부,2018,성인교육,32,323,개소,0,0,0,0,0,0,0,0,0,0,0,0,0
강원지부,2018,성인교육,32,323,회차,0,0,0,0,0,0,0,0,0,0,0,0,0
강원지부,2018,성인교육,32,323,인원,0,0,0,0,0,0,0,0,0,0,0,0,0
강원지부,2018,성인교육,32,326,개소,0,0,0,0,0,0,0,0,0,0,0,0,0
강원지부,2018,성인교육,32,326,회차,0,0,0,0,0,0,0,0,0,0,0,0,0
강원지부,2018,성인교육,32,326,인원,132,132,132,132,132,132,132,132,132,132,132,141,1593
강원지부,2018,성인교육,32,328,개소,0,0,0,0,0,0,0,0,0,0,0,0,0
강원지부,2018,성인교육,32,328,회차,0,0,0,0,0,0,0,0,0,0,0,0,0
강원지부,2018,성인교육,32,328,인원,0,0,0,0,0,0,0,0,0,0,0,0,0
강원지부,2018,성인교육,32,329,개소,0,0,0,0,0,0,0,0,0,0,0,0,0
강원지부,2018,성인교육,32,329,회차,0,0,0,0,0,0,0,0,0,0,0,0,0
강원지부,2018,성인교육,32,329,인원,0,0,0,0,0,0,0,0,0,0,0,0,0
강원지부,2018,성인교육,33,332,개소,0,0,0,0,0,0,0,0,0,0,0,0,0
강원지부,2018,성인교육,33,332,회차,0,0,0,0,0,0,0,0,0,0,0,0,0
강원지부,2018,성인교육,33,332,인원,0,0,0,0,0,0,0,0,0,0,0,0,0
강원지부,2018,성인교육,33,333,개소,0,0,0,0,0,0,0,0,0,0,0,0,0
강원지부,2018,성인교육,33,333,회차,0,0,0,0,0,0,0,0,0,0,0,0,0
강원지부,2018,성인교육,33,333,인원,0,0,0,0,0,0,0,0,0,0,0,0,0
강원지부,2018,성인교육,33,336,개소,0,0,0,0,0,0,0,0,0,0,0,0,0
강원지부,2018,성인교육,33,336,회차,0,0,0,0,0,0,0,0,0,0,0,0,0
강원지부,2018,성인교육,33,336,인원,265,265,265,265,265,265,265,265,265,265,265,271,3186
강원지부,2018,성인교육,33,338,개소,0,0,0,0,0,0,0,0,0,0,0,0,0
강원지부,2018,성인교육,33,338,회차,0,0,0,0,0,0,0,0,0,0,0,0,0
강원지부,2018,성인교육,33,338,인원,0,0,0,0,0,0,0,0,0,0,0,0,0
강원지부,2018,성인교육,33,339,개소,0,0,0,0,0,0,0,0,0,0,0,0,0
강원지부,2018,성인교육,33,339,회차,0,0,0,0,0,0,0,0,0,0,0,0,0
강원지부,2018,성인교육,33,339,인원,0,0,0,0,0,0,0,0,0,0,0,0,0
강원지부,2018,성인교육,34,342,개소,0,0,0,0,0,0,0,0,0,0,0,0,0
강원지부,2018,성인교육,34,342,회차,0,0,0,0,0,0,0,0,0,0,0,0,0
강원지부,2018,성인교육,34,342,인원,33,33,33,33,33,33,33,33,33,33,33,35,398
강원지부,2018,성인교육,34,343,개소,0,0,0,0,0,0,0,0,0,0,0,0,0
강원지부,2018,성인교육,34,343,회차,0,0,0,0,0,0,0,0,0,0,0,0,0
강원지부,2018,성인교육,34,343,인원,0,0,0,0,0,0,0,0,0,0,0,0,0
강원지부,2018,성인교육,34,346,개소,0,0,0,0,0,0,0,0,0,0,0,0,0
강원지부,2018,성인교육,34,346,회차,0,0,0,0,0,0,0,0,0,0,0,0,0
강원지부,2018,성인교육,34,346,인원,1858,1858,1858,1858,1858,1858,1858,1858,1858,1858,1858,1866,22304
강원지부,2018,성인교육,34,348,개소,0,0,0,0,0,0,0,0,0,0,0,0,0
강원지부,2018,성인교육,34,348,회차,0,0,0,0,0,0,0,0,0,0,0,0,0
강원지부,2018,성인교육,34,348,인원,0,0,0,0,0,0,0,0,0,0,0,0,0
강원지부,2018,성인교육,34,349,개소,0,0,0,0,0,0,0,0,0,0,0,0,0
강원지부,2018,성인교육,34,349,회차,0,0,0,0,0,0,0,0,0,0,0,0,0
강원지부,2018,성인교육,34,349,인원,0,0,0,0,0,0,0,0,0,0,0,0,0
강원지부,2018,성인교육,35,352,개소,0,0,0,0,0,0,0,0,0,0,0,0,0
강원지부,2018,성인교육,35,352,회차,0,0,0,0,0,0,0,0,0,0,0,0,0
강원지부,2018,성인교육,35,352,인원,0,0,0,0,0,0,0,0,0,0,0,0,0
강원지부,2018,성인교육,35,353,개소,0,0,0,0,0,0,0,0,0,0,0,0,0
강원지부,2018,성인교육,35,353,회차,0,0,0,0,0,0,0,0,0,0,0,0,0
강원지부,2018,성인교육,35,353,인원,0,0,0,0,0,0,0,0,0,0,0,0,0
강원지부,2018,성인교육,35,356,개소,0,0,0,0,0,0,0,0,0,0,0,0,0
강원지부,2018,성인교육,35,356,회차,0,0,0,0,0,0,0,0,0,0,0,0,0
강원지부,2018,성인교육,35,356,인원,199,199,199,199,199,199,199,199,199,199,199,201,2390
강원지부,2018,성인교육,35,358,개소,0,0,0,0,0,0,0,0,0,0,0,0,0
강원지부,2018,성인교육,35,358,회차,0,0,0,0,0,0,0,0,0,0,0,0,0
강원지부,2018,성인교육,35,358,인원,0,0,0,0,0,0,0,0,0,0,0,0,0
강원지부,2018,성인교육,35,359,개소,0,0,0,0,0,0,0,0,0,0,0,0,0
강원지부,2018,성인교육,35,359,회차,0,0,0,0,0,0,0,0,0,0,0,0,0
강원지부,2018,성인교육,35,359,인원,0,0,0,0,0,0,0,0,0,0,0,0,0
강원지부,2018,성인교육,36,362,개소,0,0,0,0,0,0,0,0,0,0,0,0,0
강원지부,2018,성인교육,36,362,회차,0,0,0,0,0,0,0,0,0,0,0,0,0
강원지부,2018,성인교육,36,362,인원,33,33,33,33,33,33,33,33,33,33,33,35,398
강원지부,2018,성인교육,36,363,개소,0,0,0,0,0,0,0,0,0,0,0,0,0
강원지부,2018,성인교육,36,363,회차,0,0,0,0,0,0,0,0,0,0,0,0,0
강원지부,2018,성인교육,36,363,인원,0,0,0,0,0,0,0,0,0,0,0,0,0
강원지부,2018,성인교육,36,365,개소,0,0,0,0,0,0,0,0,0,0,0,0,0
강원지부,2018,성인교육,36,365,회차,0,0,0,0,0,0,0,0,0,0,0,0,0
강원지부,2018,성인교육,36,365,인원,0,0,0,0,0,0,0,0,0,0,0,0,0
강원지부,2018,성인교육,36,366,개소,0,0,0,0,0,0,0,0,0,0,0,0,0
강원지부,2018,성인교육,36,366,회차,0,0,0,0,0,0,0,0,0,0,0,0,0
강원지부,2018,성인교육,36,366,인원,1394,1394,1394,1394,1394,1394,1394,1394,1394,1394,1394,1394,16728
강원지부,2018,성인교육,36,368,개소,0,0,0,0,0,0,0,0,0,0,0,0,0
강원지부,2018,성인교육,36,368,회차,0,0,0,0,0,0,0,0,0,0,0,0,0
강원지부,2018,성인교육,36,368,인원,0,0,0,0,0,0,0,0,0,0,0,0,0
강원지부,2018,성인교육,36,369,개소,0,0,0,0,0,0,0,0,0,0,0,0,0
강원지부,2018,성인교육,36,369,회차,0,0,0,0,0,0,0,0,0,0,0,0,0
강원지부,2018,성인교육,36,369,인원,0,0,0,0,0,0,0,0,0,0,0,0,0
강원지부,2018,성인교육,37,372,개소,0,0,0,0,0,0,0,0,0,0,0,0,0
강원지부,2018,성인교육,37,372,회차,0,0,0,0,0,0,0,0,0,0,0,0,0
강원지부,2018,성인교육,37,372,인원,0,0,0,0,0,0,0,0,0,0,0,0,0
강원지부,2018,성인교육,37,373,개소,0,0,0,0,0,0,0,0,0,0,0,0,0
강원지부,2018,성인교육,37,373,회차,0,0,0,0,0,0,0,0,0,0,0,0,0
강원지부,2018,성인교육,37,373,인원,0,0,0,0,0,0,0,0,0,0,0,0,0
강원지부,2018,성인교육,37,376,개소,0,0,0,0,0,0,0,0,0,0,0,0,0
강원지부,2018,성인교육,37,376,회차,0,0,0,0,0,0,0,0,0,0,0,0,0
강원지부,2018,성인교육,37,376,인원,1858,1858,1858,1858,1858,1858,1858,1858,1858,1858,1858,1866,22304
강원지부,2018,성인교육,37,378,개소,0,0,0,0,0,0,0,0,0,0,0,0,0
강원지부,2018,성인교육,37,378,회차,0,0,0,0,0,0,0,0,0,0,0,0,0
강원지부,2018,성인교육,37,378,인원,0,0,0,0,0,0,0,0,0,0,0,0,0
강원지부,2018,성인교육,37,379,개소,0,0,0,0,0,0,0,0,0,0,0,0,0
강원지부,2018,성인교육,37,379,회차,0,0,0,0,0,0,0,0,0,0,0,0,0
강원지부,2018,성인교육,37,379,인원,0,0,0,0,0,0,0,0,0,0,0,0,0
강원지부,2018,성인교육,38,381,개소,0,0,0,0,0,0,0,0,0,0,0,0,0
강원지부,2018,성인교육,38,381,회차,0,0,0,0,0,0,0,0,0,0,0,0,0
강원지부,2018,성인교육,38,381,인원,33,33,33,33,33,33,33,33,33,33,33,35,398
강원지부,2018,성인교육,38,382,개소,0,0,0,0,0,0,0,0,0,0,0,0,0
강원지부,2018,성인교육,38,382,회차,0,0,0,0,0,0,0,0,0,0,0,0,0
강원지부,2018,성인교육,38,382,인원,0,0,0,0,0,0,0,0,0,0,0,0,0
강원지부,2018,성인교육,38,386,개소,0,0,0,0,0,0,0,0,0,0,0,0,0
강원지부,2018,성인교육,38,386,회차,0,0,0,0,0,0,0,0,0,0,0,0,0
강원지부,2018,성인교육,38,386,인원,0,0,0,0,0,0,0,0,0,0,0,0,0
강원지부,2018,성인교육,38,388,개소,0,0,0,0,0,0,0,0,0,0,0,0,0
강원지부,2018,성인교육,38,388,회차,0,0,0,0,0,0,0,0,0,0,0,0,0
강원지부,2018,성인교육,38,388,인원,0,0,0,0,0,0,0,0,0,0,0,0,0
강원지부,2018,성인교육,39,392,개소,0,0,0,0,0,0,0,0,0,0,0,0,0
강원지부,2018,성인교육,39,392,회차,0,0,0,0,0,0,0,0,0,0,0,0,0
강원지부,2018,성인교육,39,392,인원,0,0,0,0,0,0,0,0,0,0,0,0,0
강원지부,2018,성인교육,39,393,개소,0,0,0,0,0,0,0,0,0,0,0,0,0
강원지부,2018,성인교육,39,393,회차,0,0,0,0,0,0,0,0,0,0,0,0,0
강원지부,2018,성인교육,39,393,인원,0,0,0,0,0,0,0,0,0,0,0,0,0
강원지부,2018,성인교육,39,396,개소,0,0,0,0,0,0,0,0,0,0,0,0,0
강원지부,2018,성인교육,39,396,회차,0,0,0,0,0,0,0,0,0,0,0,0,0
강원지부,2018,성인교육,39,396,인원,132,132,132,132,132,132,132,132,132,132,132,141,1593
강원지부,2018,성인교육,39,398,개소,0,0,0,0,0,0,0,0,0,0,0,0,0
강원지부,2018,성인교육,39,398,회차,0,0,0,0,0,0,0,0,0,0,0,0,0
강원지부,2018,성인교육,39,398,인원,0,0,0,0,0,0,0,0,0,0,0,0,0
강원지부,2018,고령자교육,41,411,개소,0,0,0,0,0,0,0,0,0,0,0,0,0
강원지부,2018,고령자교육,41,411,회차,0,0,0,0,0,0,0,0,0,0,0,0,0
강원지부,2018,고령자교육,41,411,인원,927,927,927,927,927,927,927,927,927,927,927,935,11132
강원지부,2018,고령자교육,41,412,개소,0,0,0,0,0,0,0,0,0,0,0,0,0
강원지부,2018,고령자교육,41,412,회차,0,0,0,0,0,0,0,0,0,0,0,0,0
강원지부,2018,고령자교육,41,412,인원,9,9,10,10,10,10,10,10,10,10,10,10,118
강원지부,2018,고령자교육,41,413,개소,0,0,0,0,0,0,0,0,0,0,0,0,0
강원지부,2018,고령자교육,41,413,회차,0,0,0,0,0,0,0,0,0,0,0,0,0
강원지부,2018,고령자교육,41,413,인원,0,0,0,0,0,0,0,0,0,0,0,0,0
강원지부,2018,고령자교육,41,417,개소,0,0,0,0,0,0,0,0,0,0,0,0,0
강원지부,2018,고령자교육,41,417,회차,0,0,0,0,0,0,0,0,0,0,0,0,0
강원지부,2018,고령자교육,41,417,인원,9,9,10,10,10,10,10,10,10,10,10,10,118
강원지부,2018,고령자교육,42,422,개소,0,0,0,0,0,0,0,0,0,0,0,0,0
강원지부,2018,고령자교육,42,422,회차,0,0,0,0,0,0,0,0,0,0,0,0,0
강원지부,2018,고령자교육,42,422,인원,0,0,0,0,0,0,0,0,0,0,0,0,0
강원지부,2018,고령자교육,42,423,개소,0,0,0,0,0,0,0,0,0,0,0,0,0
강원지부,2018,고령자교육,42,423,회차,0,0,0,0,0,0,0,0,0,0,0,0,0
강원지부,2018,고령자교육,42,423,인원,0,0,0,0,0,0,0,0,0,0,0,0,0
강원지부,2018,고령자교육,42,426,개소,0,0,0,0,0,0,0,0,0,0,0,0,0
강원지부,2018,고령자교육,42,426,회차,0,0,0,0,0,0,0,0,0,0,0,0,0
강원지부,2018,고령자교육,42,426,인원,24,24,24,24,24,24,24,24,24,24,24,24,288
강원지부,2018,교사교육,51,511,개소,0,0,0,0,0,0,0,0,0,0,0,0,0
강원지부,2018,교사교육,51,511,회차,0,0,0,0,0,0,0,0,0,0,0,0,0
강원지부,2018,교사교육,51,511,인원,0,0,0,0,0,0,0,0,0,0,0,0,0
강원지부,2018,교사교육,51,512,개소,0,0,0,0,0,0,0,0,0,0,0,0,0
강원지부,2018,교사교육,51,512,회차,0,0,0,0,0,0,0,0,0,0,0,0,0
강원지부,2018,교사교육,51,512,인원,0,0,0,0,0,0,0,0,0,0,0,0,0
강원지부,2018,교사교육,51,516,개소,0,0,0,0,0,0,0,0,0,0,0,0,0
강원지부,2018,교사교육,51,516,회차,0,0,0,0,0,0,0,0,0,0,0,0,0
강원지부,2018,교사교육,51,516,인원,0,0,0,0,0,0,0,0,0,0,0,0,0
강원지부,2018,교사교육,52,521,개소,0,0,0,0,0,0,0,0,0,0,0,0,0
강원지부,2018,교사교육,52,521,회차,0,0,0,0,0,0,0,0,0,0,0,0,0
강원지부,2018,교사교육,52,521,인원,0,0,0,0,0,0,0,0,0,0,0,0,0
강원지부,2018,교사교육,52,522,개소,0,0,0,0,0,0,0,0,0,0,0,0,0
강원지부,2018,교사교육,52,522,회차,0,0,0,0,0,0,0,0,0,0,0,0,0
강원지부,2018,교사교육,52,522,인원,0,0,0,0,0,0,0,0,0,0,0,0,0
강원지부,2018,교사교육,52,526,개소,0,0,0,0,0,0,0,0,0,0,0,0,0
강원지부,2018,교사교육,52,526,회차,0,0,0,0,0,0,0,0,0,0,0,0,0
강원지부,2018,교사교육,52,526,인원,13,13,13,13,13,13,13,13,13,13,13,13,156
강원지부,2018,교사교육,53,531,개소,0,0,0,0,0,0,0,0,0,0,0,0,0
강원지부,2018,교사교육,53,531,회차,0,0,0,0,0,0,0,0,0,0,0,0,0
강원지부,2018,교사교육,53,531,인원,0,0,0,0,0,0,0,0,0,0,0,0,0
강원지부,2018,교사교육,53,532,개소,0,0,0,0,0,0,0,0,0,0,0,0,0
강원지부,2018,교사교육,53,532,회차,0,0,0,0,0,0,0,0,0,0,0,0,0
강원지부,2018,교사교육,53,532,인원,0,0,0,0,0,0,0,0,0,0,0,0,0
강원지부,2018,교사교육,53,536,개소,0,0,0,0,0,0,0,0,0,0,0,0,0
강원지부,2018,교사교육,53,536,회차,0,0,0,0,0,0,0,0,0,0,0,0,0
강원지부,2018,교사교육,53,536,인원,6,6,6,6,6,6,7,7,7,7,7,7,78
강원지부,2018,교사교육,54,541,개소,0,0,0,0,0,0,0,0,0,0,0,0,0
강원지부,2018,교사교육,54,541,회차,0,0,0,0,0,0,0,0,0,0,0,0,0
강원지부,2018,교사교육,54,541,인원,0,0,0,0,0,0,0,0,0,0,0,0,0
강원지부,2018,교사교육,54,542,개소,0,0,0,0,0,0,0,0,0,0,0,0,0
강원지부,2018,교사교육,54,542,회차,0,0,0,0,0,0,0,0,0,0,0,0,0
강원지부,2018,교사교육,54,542,인원,0,0,0,0,0,0,0,0,0,0,0,0,0
강원지부,2018,교사교육,54,543,개소,0,0,0,0,0,0,0,0,0,0,0,0,0
강원지부,2018,교사교육,54,543,회차,0,0,0,0,0,0,0,0,0,0,0,0,0
강원지부,2018,교사교육,54,543,인원,0,0,0,0,0,0,0,0,0,0,0,0,0
강원지부,2018,교사교육,54,546,개소,0,0,0,0,0,0,0,0,0,0,0,0,0
강원지부,2018,교사교육,54,546,회차,0,0,0,0,0,0,0,0,0,0,0,0,0
강원지부,2018,교사교육,54,546,인원,6,6,6,6,6,6,6,6,6,6,6,12,78
강원지부,2019,어린이교육,11,111,개소,0,0,0,0,0,0,0,0,0,0,0,0,0
강원지부,2019,어린이교육,11,111,회차,0,0,0,0,0,0,0,0,0,0,0,0,0
강원지부,2019,어린이교육,11,111,인원,0,0,0,0,0,0,0,0,0,0,0,0,0
강원지부,2019,어린이교육,11,112,개소,0,0,0,0,0,0,0,0,0,0,0,0,0
강원지부,2019,어린이교육,11,112,회차,0,0,0,0,0,0,0,0,0,0,0,0,0
강원지부,2019,어린이교육,11,112,인원,0,0,0,0,0,0,0,0,0,0,0,0,0
강원지부,2019,어린이교육,11,113,개소,0,0,0,0,0,0,0,0,0,0,0,0,0
강원지부,2019,어린이교육,11,113,회차,0,0,0,0,0,0,0,0,0,0,0,0,0
강원지부,2019,어린이교육,11,113,인원,0,0,0,0,0,0,0,0,0,0,0,0,0
강원지부,2019,어린이교육,11,114,개소,0,0,0,0,0,0,0,0,0,0,0,0,0
강원지부,2019,어린이교육,11,114,회차,0,0,0,0,0,0,0,0,0,0,0,0,0
강원지부,2019,어린이교육,11,114,인원,0,0,0,0,0,0,0,0,0,0,0,0,0
강원지부,2019,어린이교육,12,121,개소,0,0,0,0,0,0,0,0,0,0,0,0,0
강원지부,2019,어린이교육,12,121,회차,0,0,0,0,0,0,0,0,0,0,0,0,0
강원지부,2019,어린이교육,12,121,인원,0,0,0,0,0,0,0,0,0,0,0,0,0
강원지부,2019,어린이교육,12,122,개소,0,0,0,0,0,0,0,0,0,0,0,0,0
강원지부,2019,어린이교육,12,122,회차,0,0,0,0,0,0,0,0,0,0,0,0,0
강원지부,2019,어린이교육,12,122,인원,0,0,0,0,0,0,0,0,0,0,0,0,0
강원지부,2019,어린이교육,12,124,개소,0,0,0,0,0,0,0,0,0,0,0,0,0
강원지부,2019,어린이교육,12,124,회차,0,0,0,0,0,0,0,0,0,0,0,0,0
강원지부,2019,어린이교육,12,124,인원,0,0,0,0,0,0,0,0,0,0,0,0,0
강원지부,2019,어린이교육,12,127,개소,0,0,0,0,0,0,0,0,0,0,0,0,0
강원지부,2019,어린이교육,12,127,회차,0,0,0,0,0,0,0,0,0,0,0,0,0
강원지부,2019,어린이교육,12,127,인원,0,0,0,0,0,0,0,0,0,0,0,0,0
강원지부,2019,어린이교육,13,131,개소,0,0,0,0,0,0,0,0,0,0,0,0,0
강원지부,2019,어린이교육,13,131,회차,0,0,0,0,0,0,0,0,0,0,0,0,0
강원지부,2019,어린이교육,13,131,인원,0,0,0,0,0,0,0,0,0,0,0,0,0
강원지부,2019,어린이교육,13,132,개소,0,0,0,0,0,0,0,0,0,0,0,0,0
강원지부,2019,어린이교육,13,132,회차,0,0,0,0,0,0,0,0,0,0,0,0,0
강원지부,2019,어린이교육,13,132,인원,0,0,0,0,0,0,0,0,0,0,0,0,0
강원지부,2019,어린이교육,13,134,개소,0,0,0,0,0,0,0,0,0,0,0,0,0
강원지부,2019,어린이교육,13,134,회차,0,0,0,0,0,0,0,0,0,0,0,0,0
강원지부,2019,어린이교육,13,134,인원,0,0,0,0,0,0,0,0,0,0,0,0,0
강원지부,2019,어린이교육,13,137,개소,0,0,0,0,0,0,0,0,0,0,0,0,0
강원지부,2019,어린이교육,13,137,회차,0,0,0,0,0,0,0,0,0,0,0,0,0
강원지부,2019,어린이교육,13,137,인원,0,0,0,0,0,0,0,0,0,0,0,0,0
강원지부,2019,어린이교육,14,141,개소,0,0,0,0,0,0,0,0,0,0,0,0,0
강원지부,2019,어린이교육,14,141,회차,0,0,0,0,0,0,0,0,0,0,0,0,0
강원지부,2019,어린이교육,14,141,인원,0,0,0,0,0,0,0,0,0,0,0,0,0
강원지부,2019,어린이교육,14,142,개소,0,0,0,0,0,0,0,0,0,0,0,0,0
강원지부,2019,어린이교육,14,142,회차,0,0,0,0,0,0,0,0,0,0,0,0,0
강원지부,2019,어린이교육,14,142,인원,0,0,0,0,0,0,0,0,0,0,0,0,0
강원지부,2019,어린이교육,14,144,개소,0,0,0,0,0,0,0,0,0,0,0,0,0
강원지부,2019,어린이교육,14,144,회차,0,0,0,0,0,0,0,0,0,0,0,0,0
강원지부,2019,어린이교육,14,144,인원,0,0,0,0,0,0,0,0,0,0,0,0,0
강원지부,2019,어린이교육,14,147,개소,0,0,0,0,0,0,0,0,0,0,0,0,0
강원지부,2019,어린이교육,14,147,회차,0,0,0,0,0,0,0,0,0,0,0,0,0
강원지부,2019,어린이교육,14,147,인원,0,0,0,0,0,0,0,0,0,0,0,0,0
강원지부,2019,청소년교육,21,211,개소,0,0,0,0,0,0,0,0,0,0,0,0,0
강원지부,2019,청소년교육,21,211,회차,0,0,0,0,0,0,0,0,0,0,0,0,0
강원지부,2019,청소년교육,21,211,인원,0,0,0,0,0,0,0,0,0,0,0,0,0
강원지부,2019,청소년교육,21,212,개소,0,0,0,0,0,0,0,0,0,0,0,0,0
강원지부,2019,청소년교육,21,212,회차,0,0,0,0,0,0,0,0,0,0,0,0,0
강원지부,2019,청소년교육,21,212,인원,0,0,0,0,0,0,0,0,0,0,0,0,0
강원지부,2019,청소년교육,21,214,개소,0,0,0,0,0,0,0,0,0,0,0,0,0
강원지부,2019,청소년교육,21,214,회차,0,0,0,0,0,0,0,0,0,0,0,0,0
강원지부,2019,청소년교육,21,214,인원,0,0,0,0,0,0,0,0,0,0,0,0,0
강원지부,2019,청소년교육,21,217,개소,0,0,0,0,0,0,0,0,0,0,0,0,0
강원지부,2019,청소년교육,21,217,회차,0,0,0,0,0,0,0,0,0,0,0,0,0
강원지부,2019,청소년교육,21,217,인원,0,0,0,0,0,0,0,0,0,0,0,0,0
강원지부,2019,청소년교육,21,218,개소,0,0,0,0,0,0,0,0,0,0,0,0,0
강원지부,2019,청소년교육,21,218,회차,0,0,0,0,0,0,0,0,0,0,0,0,0
강원지부,2019,청소년교육,21,218,인원,0,0,0,0,0,0,0,0,0,0,0,0,0
강원지부,2019,청소년교육,22,221,개소,0,0,0,0,0,0,0,0,0,0,0,0,0
강원지부,2019,청소년교육,22,221,회차,0,0,0,0,0,0,0,0,0,0,0,0,0
강원지부,2019,청소년교육,22,221,인원,0,0,0,0,0,0,0,0,0,0,0,0,0
강원지부,2019,청소년교육,22,222,개소,0,0,0,0,0,0,0,0,0,0,0,0,0
강원지부,2019,청소년교육,22,222,회차,0,0,0,0,0,0,0,0,0,0,0,0,0
강원지부,2019,청소년교육,22,222,인원,0,0,0,0,0,0,0,0,0,0,0,0,0
강원지부,2019,청소년교육,22,223,개소,0,0,0,0,0,0,0,0,0,0,0,0,0
강원지부,2019,청소년교육,22,223,회차,0,0,0,0,0,0,0,0,0,0,0,0,0
강원지부,2019,청소년교육,22,223,인원,0,0,0,0,0,0,0,0,0,0,0,0,0
강원지부,2019,청소년교육,22,224,개소,0,0,0,0,0,0,0,0,0,0,0,0,0
강원지부,2019,청소년교육,22,224,회차,0,0,0,0,0,0,0,0,0,0,0,0,0
강원지부,2019,청소년교육,22,224,인원,0,0,0,0,0,0,0,0,0,0,0,0,0
강원지부,2019,청소년교육,22,226,개소,0,0,0,0,0,0,0,0,0,0,0,0,0
강원지부,2019,청소년교육,22,226,회차,0,0,0,0,0,0,0,0,0,0,0,0,0
강원지부,2019,청소년교육,22,226,인원,0,0,0,0,0,0,0,0,0,0,0,0,0
강원지부,2019,청소년교육,22,227,개소,0,0,0,0,0,0,0,0,0,0,0,0,0
강원지부,2019,청소년교육,22,227,회차,0,0,0,0,0,0,0,0,0,0,0,0,0
강원지부,2019,청소년교육,22,227,인원,0,0,0,0,0,0,0,0,0,0,0,0,0
강원지부,2019,청소년교육,22,228,개소,0,0,0,0,0,0,0,0,0,0,0,0,0
강원지부,2019,청소년교육,22,228,회차,0,0,0,0,0,0,0,0,0,0,0,0,0
강원지부,2019,청소년교육,22,228,인원,0,0,0,0,0,0,0,0,0,0,0,0,0
강원지부,2019,성인교육,31,312,개소,0,0,0,0,0,0,0,0,0,0,0,0,0
강원지부,2019,성인교육,31,312,회차,0,0,0,0,0,0,0,0,0,0,0,0,0
강원지부,2019,성인교육,31,312,인원,0,0,0,0,0,0,0,0,0,0,0,0,0
강원지부,2019,성인교육,31,313,개소,0,0,0,0,0,0,0,0,0,0,0,0,0
강원지부,2019,성인교육,31,313,회차,0,0,0,0,0,0,0,0,0,0,0,0,0
강원지부,2019,성인교육,31,313,인원,0,0,0,0,0,0,0,0,0,0,0,0,0
강원지부,2019,성인교육,31,314,개소,0,0,0,0,0,0,0,0,0,0,0,0,0
강원지부,2019,성인교육,31,314,회차,0,0,0,0,0,0,0,0,0,0,0,0,0
강원지부,2019,성인교육,31,314,인원,0,0,0,0,0,0,0,0,0,0,0,0,0
강원지부,2019,성인교육,31,316,개소,0,0,0,0,0,0,0,0,0,0,0,0,0
강원지부,2019,성인교육,31,316,회차,0,0,0,0,0,0,0,0,0,0,0,0,0
강원지부,2019,성인교육,31,316,인원,0,0,0,0,0,0,0,0,0,0,0,0,0
강원지부,2019,성인교육,31,317,개소,0,0,0,0,0,0,0,0,0,0,0,0,0
강원지부,2019,성인교육,31,317,회차,0,0,0,0,0,0,0,0,0,0,0,0,0
강원지부,2019,성인교육,31,317,인원,0,0,0,0,0,0,0,0,0,0,0,0,0
강원지부,2019,성인교육,31,318,개소,0,0,0,0,0,0,0,0,0,0,0,0,0
강원지부,2019,성인교육,31,318,회차,0,0,0,0,0,0,0,0,0,0,0,0,0
강원지부,2019,성인교육,31,318,인원,0,0,0,0,0,0,0,0,0,0,0,0,0
강원지부,2019,성인교육,31,319,개소,0,0,0,0,0,0,0,0,0,0,0,0,0
강원지부,2019,성인교육,31,319,회차,0,0,0,0,0,0,0,0,0,0,0,0,0
강원지부,2019,성인교육,31,319,인원,0,0,0,0,0,0,0,0,0,0,0,0,0
강원지부,2019,성인교육,32,322,개소,0,0,0,0,0,0,0,0,0,0,0,0,0
강원지부,2019,성인교육,32,322,회차,0,0,0,0,0,0,0,0,0,0,0,0,0
강원지부,2019,성인교육,32,322,인원,0,0,0,0,0,0,0,0,0,0,0,0,0
강원지부,2019,성인교육,32,323,개소,0,0,0,0,0,0,0,0,0,0,0,0,0
강원지부,2019,성인교육,32,323,회차,0,0,0,0,0,0,0,0,0,0,0,0,0
강원지부,2019,성인교육,32,323,인원,0,0,0,0,0,0,0,0,0,0,0,0,0
강원지부,2019,성인교육,32,326,개소,0,0,0,0,0,0,0,0,0,0,0,0,0
강원지부,2019,성인교육,32,326,회차,0,0,0,0,0,0,0,0,0,0,0,0,0
강원지부,2019,성인교육,32,326,인원,0,0,0,0,0,0,0,0,0,0,0,0,0
강원지부,2019,성인교육,32,328,개소,0,0,0,0,0,0,0,0,0,0,0,0,0
강원지부,2019,성인교육,32,328,회차,0,0,0,0,0,0,0,0,0,0,0,0,0
강원지부,2019,성인교육,32,328,인원,0,0,0,0,0,0,0,0,0,0,0,0,0
강원지부,2019,성인교육,32,329,개소,0,0,0,0,0,0,0,0,0,0,0,0,0
강원지부,2019,성인교육,32,329,회차,0,0,0,0,0,0,0,0,0,0,0,0,0
강원지부,2019,성인교육,32,329,인원,0,0,0,0,0,0,0,0,0,0,0,0,0
강원지부,2019,성인교육,33,332,개소,0,0,0,0,0,0,0,0,0,0,0,0,0
강원지부,2019,성인교육,33,332,회차,0,0,0,0,0,0,0,0,0,0,0,0,0
강원지부,2019,성인교육,33,332,인원,0,0,0,0,0,0,0,0,0,0,0,0,0
강원지부,2019,성인교육,33,333,개소,0,0,0,0,0,0,0,0,0,0,0,0,0
강원지부,2019,성인교육,33,333,회차,0,0,0,0,0,0,0,0,0,0,0,0,0
강원지부,2019,성인교육,33,333,인원,0,0,0,0,0,0,0,0,0,0,0,0,0
강원지부,2019,성인교육,33,336,개소,0,0,0,0,0,0,0,0,0,0,0,0,0
강원지부,2019,성인교육,33,336,회차,0,0,0,0,0,0,0,0,0,0,0,0,0
강원지부,2019,성인교육,33,336,인원,0,0,0,0,0,0,0,0,0,0,0,0,0
강원지부,2019,성인교육,33,338,개소,0,0,0,0,0,0,0,0,0,0,0,0,0
강원지부,2019,성인교육,33,338,회차,0,0,0,0,0,0,0,0,0,0,0,0,0
강원지부,2019,성인교육,33,338,인원,0,0,0,0,0,0,0,0,0,0,0,0,0
강원지부,2019,성인교육,33,339,개소,0,0,0,0,0,0,0,0,0,0,0,0,0
강원지부,2019,성인교육,33,339,회차,0,0,0,0,0,0,0,0,0,0,0,0,0
강원지부,2019,성인교육,33,339,인원,0,0,0,0,0,0,0,0,0,0,0,0,0
강원지부,2019,성인교육,34,342,개소,0,0,0,0,0,0,0,0,0,0,0,0,0
강원지부,2019,성인교육,34,342,회차,0,0,0,0,0,0,0,0,0,0,0,0,0
강원지부,2019,성인교육,34,342,인원,0,0,0,0,0,0,0,0,0,0,0,0,0
강원지부,2019,성인교육,34,343,개소,0,0,0,0,0,0,0,0,0,0,0,0,0
강원지부,2019,성인교육,34,343,회차,0,0,0,0,0,0,0,0,0,0,0,0,0
강원지부,2019,성인교육,34,343,인원,0,0,0,0,0,0,0,0,0,0,0,0,0
강원지부,2019,성인교육,34,346,개소,0,0,0,0,0,0,0,0,0,0,0,0,0
강원지부,2019,성인교육,34,346,회차,0,0,0,0,0,0,0,0,0,0,0,0,0
강원지부,2019,성인교육,34,346,인원,0,0,0,0,0,0,0,0,0,0,0,0,0
강원지부,2019,성인교육,34,348,개소,0,0,0,0,0,0,0,0,0,0,0,0,0
강원지부,2019,성인교육,34,348,회차,0,0,0,0,0,0,0,0,0,0,0,0,0
강원지부,2019,성인교육,34,348,인원,0,0,0,0,0,0,0,0,0,0,0,0,0
강원지부,2019,성인교육,34,349,개소,0,0,0,0,0,0,0,0,0,0,0,0,0
강원지부,2019,성인교육,34,349,회차,0,0,0,0,0,0,0,0,0,0,0,0,0
강원지부,2019,성인교육,34,349,인원,0,0,0,0,0,0,0,0,0,0,0,0,0
강원지부,2019,성인교육,35,352,개소,0,0,0,0,0,0,0,0,0,0,0,0,0
강원지부,2019,성인교육,35,352,회차,0,0,0,0,0,0,0,0,0,0,0,0,0
강원지부,2019,성인교육,35,352,인원,0,0,0,0,0,0,0,0,0,0,0,0,0
강원지부,2019,성인교육,35,353,인원,0,0,0,0,0,0,0,0,0,0,0,0,0
강원지부,2019,성인교육,35,353,개소,0,0,0,0,0,0,0,0,0,0,0,0,0
강원지부,2019,성인교육,35,353,회차,0,0,0,0,0,0,0,0,0,0,0,0,0
강원지부,2019,성인교육,35,356,개소,0,0,0,0,0,0,0,0,0,0,0,0,0
강원지부,2019,성인교육,35,356,회차,0,0,0,0,0,0,0,0,0,0,0,0,0
강원지부,2019,성인교육,35,356,인원,0,0,0,0,0,0,0,0,0,0,0,0,0
강원지부,2019,성인교육,35,358,개소,0,0,0,0,0,0,0,0,0,0,0,0,0
강원지부,2019,성인교육,35,358,회차,0,0,0,0,0,0,0,0,0,0,0,0,0
강원지부,2019,성인교육,35,358,인원,0,0,0,0,0,0,0,0,0,0,0,0,0
강원지부,2019,성인교육,35,359,개소,0,0,0,0,0,0,0,0,0,0,0,0,0
강원지부,2019,성인교육,35,359,회차,0,0,0,0,0,0,0,0,0,0,0,0,0
강원지부,2019,성인교육,35,359,인원,0,0,0,0,0,0,0,0,0,0,0,0,0
강원지부,2019,성인교육,36,362,개소,0,0,0,0,0,0,0,0,0,0,0,0,0
강원지부,2019,성인교육,36,362,회차,0,0,0,0,0,0,0,0,0,0,0,0,0
강원지부,2019,성인교육,36,362,인원,0,0,0,0,0,0,0,0,0,0,0,0,0
강원지부,2019,성인교육,36,363,개소,0,0,0,0,0,0,0,0,0,0,0,0,0
강원지부,2019,성인교육,36,363,회차,0,0,0,0,0,0,0,0,0,0,0,0,0
강원지부,2019,성인교육,36,363,인원,0,0,0,0,0,0,0,0,0,0,0,0,0
강원지부,2019,성인교육,36,365,개소,0,0,0,0,0,0,0,0,0,0,0,0,0
강원지부,2019,성인교육,36,365,회차,0,0,0,0,0,0,0,0,0,0,0,0,0
강원지부,2019,성인교육,36,365,인원,0,0,0,0,0,0,0,0,0,0,0,0,0
강원지부,2019,성인교육,36,366,개소,0,0,0,0,0,0,0,0,0,0,0,0,0
강원지부,2019,성인교육,36,366,회차,0,0,0,0,0,0,0,0,0,0,0,0,0
강원지부,2019,성인교육,36,366,인원,0,0,0,0,0,0,0,0,0,0,0,0,0
강원지부,2019,성인교육,36,368,개소,0,0,0,0,0,0,0,0,0,0,0,0,0
강원지부,2019,성인교육,36,368,회차,0,0,0,0,0,0,0,0,0,0,0,0,0
강원지부,2019,성인교육,36,368,인원,0,0,0,0,0,0,0,0,0,0,0,0,0
강원지부,2019,성인교육,36,369,개소,0,0,0,0,0,0,0,0,0,0,0,0,0
강원지부,2019,성인교육,36,369,회차,0,0,0,0,0,0,0,0,0,0,0,0,0
강원지부,2019,성인교육,36,369,인원,0,0,0,0,0,0,0,0,0,0,0,0,0
강원지부,2019,성인교육,37,372,개소,0,0,0,0,0,0,0,0,0,0,0,0,0
강원지부,2019,성인교육,37,372,회차,0,0,0,0,0,0,0,0,0,0,0,0,0
강원지부,2019,성인교육,37,372,인원,0,0,0,0,0,0,0,0,0,0,0,0,0
강원지부,2019,성인교육,37,373,개소,0,0,0,0,0,0,0,0,0,0,0,0,0
강원지부,2019,성인교육,37,373,회차,0,0,0,0,0,0,0,0,0,0,0,0,0
강원지부,2019,성인교육,37,373,인원,0,0,0,0,0,0,0,0,0,0,0,0,0
강원지부,2019,성인교육,37,376,개소,0,0,0,0,0,0,0,0,0,0,0,0,0
강원지부,2019,성인교육,37,376,회차,0,0,0,0,0,0,0,0,0,0,0,0,0
강원지부,2019,성인교육,37,376,인원,0,0,0,0,0,0,0,0,0,0,0,0,0
강원지부,2019,성인교육,37,378,개소,0,0,0,0,0,0,0,0,0,0,0,0,0
강원지부,2019,성인교육,37,378,회차,0,0,0,0,0,0,0,0,0,0,0,0,0
강원지부,2019,성인교육,37,378,인원,0,0,0,0,0,0,0,0,0,0,0,0,0
강원지부,2019,성인교육,37,379,개소,0,0,0,0,0,0,0,0,0,0,0,0,0
강원지부,2019,성인교육,37,379,회차,0,0,0,0,0,0,0,0,0,0,0,0,0
강원지부,2019,성인교육,37,379,인원,0,0,0,0,0,0,0,0,0,0,0,0,0
강원지부,2019,성인교육,38,381,개소,0,0,0,0,0,0,0,0,0,0,0,0,0
강원지부,2019,성인교육,38,381,회차,0,0,0,0,0,0,0,0,0,0,0,0,0
강원지부,2019,성인교육,38,381,인원,0,0,0,0,0,0,0,0,0,0,0,0,0
강원지부,2019,성인교육,38,382,개소,0,0,0,0,0,0,0,0,0,0,0,0,0
강원지부,2019,성인교육,38,382,회차,0,0,0,0,0,0,0,0,0,0,0,0,0
강원지부,2019,성인교육,38,382,인원,0,0,0,0,0,0,0,0,0,0,0,0,0
강원지부,2019,성인교육,38,386,개소,0,0,0,0,0,0,0,0,0,0,0,0,0
강원지부,2019,성인교육,38,386,회차,0,0,0,0,0,0,0,0,0,0,0,0,0
강원지부,2019,성인교육,38,386,인원,0,0,0,0,0,0,0,0,0,0,0,0,0
강원지부,2019,성인교육,38,388,개소,0,0,0,0,0,0,0,0,0,0,0,0,0
강원지부,2019,성인교육,38,388,회차,0,0,0,0,0,0,0,0,0,0,0,0,0
강원지부,2019,성인교육,38,388,인원,0,0,0,0,0,0,0,0,0,0,0,0,0
강원지부,2019,성인교육,39,392,개소,0,0,0,0,0,0,0,0,0,0,0,0,0
강원지부,2019,성인교육,39,392,회차,0,0,0,0,0,0,0,0,0,0,0,0,0
강원지부,2019,성인교육,39,392,인원,0,0,0,0,0,0,0,0,0,0,0,0,0
강원지부,2019,성인교육,39,393,개소,0,0,0,0,0,0,0,0,0,0,0,0,0
강원지부,2019,성인교육,39,393,회차,0,0,0,0,0,0,0,0,0,0,0,0,0
강원지부,2019,성인교육,39,393,인원,0,0,0,0,0,0,0,0,0,0,0,0,0
강원지부,2019,성인교육,39,396,개소,0,0,0,0,0,0,0,0,0,0,0,0,0
강원지부,2019,성인교육,39,396,회차,0,0,0,0,0,0,0,0,0,0,0,0,0
강원지부,2019,성인교육,39,396,인원,0,0,0,0,0,0,0,0,0,0,0,0,0
강원지부,2019,성인교육,39,398,개소,0,0,0,0,0,0,0,0,0,0,0,0,0
강원지부,2019,성인교육,39,398,회차,0,0,0,0,0,0,0,0,0,0,0,0,0
강원지부,2019,성인교육,39,398,인원,0,0,0,0,0,0,0,0,0,0,0,0,0
강원지부,2019,고령자교육,41,411,개소,0,0,0,0,0,0,0,0,0,0,0,0,0
강원지부,2019,고령자교육,41,411,회차,0,0,0,0,0,0,0,0,0,0,0,0,0
강원지부,2019,고령자교육,41,411,인원,0,0,0,0,0,0,0,0,0,0,0,0,0
강원지부,2019,고령자교육,41,412,개소,0,0,0,0,0,0,0,0,0,0,0,0,0
강원지부,2019,고령자교육,41,412,회차,0,0,0,0,0,0,0,0,0,0,0,0,0
강원지부,2019,고령자교육,41,412,인원,0,0,0,0,0,0,0,0,0,0,0,0,0
강원지부,2019,고령자교육,41,413,개소,0,0,0,0,0,0,0,0,0,0,0,0,0
강원지부,2019,고령자교육,41,413,회차,0,0,0,0,0,0,0,0,0,0,0,0,0
강원지부,2019,고령자교육,41,413,인원,0,0,0,0,0,0,0,0,0,0,0,0,0
강원지부,2019,고령자교육,41,417,개소,0,0,0,0,0,0,0,0,0,0,0,0,0
강원지부,2019,고령자교육,41,417,회차,0,0,0,0,0,0,0,0,0,0,0,0,0
강원지부,2019,고령자교육,41,417,인원,0,0,0,0,0,0,0,0,0,0,0,0,0
강원지부,2019,고령자교육,42,422,개소,0,0,0,0,0,0,0,0,0,0,0,0,0
강원지부,2019,고령자교육,42,422,회차,0,0,0,0,0,0,0,0,0,0,0,0,0
강원지부,2019,고령자교육,42,422,인원,0,0,0,0,0,0,0,0,0,0,0,0,0
강원지부,2019,고령자교육,42,423,개소,0,0,0,0,0,0,0,0,0,0,0,0,0
강원지부,2019,고령자교육,42,423,회차,0,0,0,0,0,0,0,0,0,0,0,0,0
강원지부,2019,고령자교육,42,423,인원,0,0,0,0,0,0,0,0,0,0,0,0,0
강원지부,2019,고령자교육,42,426,개소,0,0,0,0,0,0,0,0,0,0,0,0,0
강원지부,2019,고령자교육,42,426,회차,0,0,0,0,0,0,0,0,0,0,0,0,0
강원지부,2019,고령자교육,42,426,인원,0,0,0,0,0,0,0,0,0,0,0,0,0
강원지부,2019,교사교육,51,511,개소,0,0,0,0,0,0,0,0,0,0,0,0,0
강원지부,2019,교사교육,51,511,회차,0,0,0,0,0,0,0,0,0,0,0,0,0
강원지부,2019,교사교육,51,511,인원,0,0,0,0,0,0,0,0,0,0,0,0,0
강원지부,2019,교사교육,51,512,개소,0,0,0,0,0,0,0,0,0,0,0,0,0
강원지부,2019,교사교육,51,512,회차,0,0,0,0,0,0,0,0,0,0,0,0,0
강원지부,2019,교사교육,51,512,인원,0,0,0,0,0,0,0,0,0,0,0,0,0
강원지부,2019,교사교육,51,516,개소,0,0,0,0,0,0,0,0,0,0,0,0,0
강원지부,2019,교사교육,51,516,회차,0,0,0,0,0,0,0,0,0,0,0,0,0
강원지부,2019,교사교육,51,516,인원,0,0,0,0,0,0,0,0,0,0,0,0,0
강원지부,2019,교사교육,52,521,개소,0,0,0,0,0,0,0,0,0,0,0,0,0
강원지부,2019,교사교육,52,521,회차,0,0,0,0,0,0,0,0,0,0,0,0,0
강원지부,2019,교사교육,52,521,인원,0,0,0,0,0,0,0,0,0,0,0,0,0
강원지부,2019,교사교육,52,522,개소,0,0,0,0,0,0,0,0,0,0,0,0,0
강원지부,2019,교사교육,52,522,회차,0,0,0,0,0,0,0,0,0,0,0,0,0
강원지부,2019,교사교육,52,522,인원,0,0,0,0,0,0,0,0,0,0,0,0,0
강원지부,2019,교사교육,52,526,개소,0,0,0,0,0,0,0,0,0,0,0,0,0
강원지부,2019,교사교육,52,526,회차,0,0,0,0,0,0,0,0,0,0,0,0,0
강원지부,2019,교사교육,52,526,인원,0,0,0,0,0,0,0,0,0,0,0,0,0
강원지부,2019,교사교육,53,531,개소,0,0,0,0,0,0,0,0,0,0,0,0,0
강원지부,2019,교사교육,53,531,회차,0,0,0,0,0,0,0,0,0,0,0,0,0
강원지부,2019,교사교육,53,531,인원,0,0,0,0,0,0,0,0,0,0,0,0,0
강원지부,2019,교사교육,53,532,개소,0,0,0,0,0,0,0,0,0,0,0,0,0
강원지부,2019,교사교육,53,532,회차,0,0,0,0,0,0,0,0,0,0,0,0,0
강원지부,2019,교사교육,53,532,인원,0,0,0,0,0,0,0,0,0,0,0,0,0
강원지부,2019,교사교육,53,536,개소,0,0,0,0,0,0,0,0,0,0,0,0,0
강원지부,2019,교사교육,53,536,회차,0,0,0,0,0,0,0,0,0,0,0,0,0
강원지부,2019,교사교육,53,536,인원,0,0,0,0,0,0,0,0,0,0,0,0,0
강원지부,2019,교사교육,54,541,개소,0,0,0,0,0,0,0,0,0,0,0,0,0
강원지부,2019,교사교육,54,541,회차,0,0,0,0,0,0,0,0,0,0,0,0,0
강원지부,2019,교사교육,54,541,인원,0,0,0,0,0,0,0,0,0,0,0,0,0
강원지부,2019,교사교육,54,542,개소,0,0,0,0,0,0,0,0,0,0,0,0,0
강원지부,2019,교사교육,54,542,회차,0,0,0,0,0,0,0,0,0,0,0,0,0
강원지부,2019,교사교육,54,542,인원,0,0,0,0,0,0,0,0,0,0,0,0,0
강원지부,2019,교사교육,54,543,개소,0,0,0,0,0,0,0,0,0,0,0,0,0
강원지부,2019,교사교육,54,543,회차,0,0,0,0,0,0,0,0,0,0,0,0,0
강원지부,2019,교사교육,54,543,인원,0,0,0,0,0,0,0,0,0,0,0,0,0
강원지부,2019,교사교육,54,546,개소,0,0,0,0,0,0,0,0,0,0,0,0,0
강원지부,2019,교사교육,54,546,회차,0,0,0,0,0,0,0,0,0,0,0,0,0
강원지부,2019,교사교육,54,546,인원,0,0,0,0,0,0,0,0,0,0,0,0,0
강원지부,2020,어린이교육,11,111,개소,0,0,0,0,0,0,0,0,0,0,0,0,0
강원지부,2020,어린이교육,11,111,회차,0,0,0,0,0,0,0,0,0,0,0,0,0
강원지부,2020,어린이교육,11,111,인원,0,0,0,0,0,0,0,0,0,0,0,0,0
강원지부,2020,어린이교육,11,112,개소,0,0,0,0,0,0,0,0,0,0,0,0,0
강원지부,2020,어린이교육,11,112,회차,0,0,0,0,0,0,0,0,0,0,0,0,0
강원지부,2020,어린이교육,11,112,인원,0,0,0,0,0,0,0,0,0,0,0,0,0
강원지부,2020,어린이교육,11,113,개소,0,0,0,0,0,0,0,0,0,0,0,0,0
강원지부,2020,어린이교육,11,113,회차,0,0,0,0,0,0,0,0,0,0,0,0,0
강원지부,2020,어린이교육,11,113,인원,0,0,0,0,0,0,0,0,0,0,0,0,0
강원지부,2020,어린이교육,11,114,개소,0,0,0,0,0,0,0,0,0,0,0,0,0
강원지부,2020,어린이교육,11,114,회차,0,0,0,0,0,0,0,0,0,0,0,0,0
강원지부,2020,어린이교육,11,114,인원,0,0,0,0,0,0,0,0,0,0,0,0,0
강원지부,2020,어린이교육,12,121,개소,0,0,0,0,0,0,0,0,0,0,0,0,0
강원지부,2020,어린이교육,12,121,회차,0,0,0,0,0,0,0,0,0,0,0,0,0
강원지부,2020,어린이교육,12,121,인원,0,0,0,0,0,0,0,0,0,0,0,0,0
강원지부,2020,어린이교육,12,122,개소,0,0,0,0,0,0,0,0,0,0,0,0,0
강원지부,2020,어린이교육,12,122,회차,0,0,0,0,0,0,0,0,0,0,0,0,0
강원지부,2020,어린이교육,12,122,인원,0,0,0,0,0,0,0,0,0,0,0,0,0
강원지부,2020,어린이교육,12,124,개소,0,0,0,0,0,0,0,0,0,0,0,0,0
강원지부,2020,어린이교육,12,124,회차,0,0,0,0,0,0,0,0,0,0,0,0,0
강원지부,2020,어린이교육,12,124,인원,0,0,0,0,0,0,0,0,0,0,0,0,0
강원지부,2020,어린이교육,12,127,개소,0,0,0,0,0,0,0,0,0,0,0,0,0
강원지부,2020,어린이교육,12,127,회차,0,0,0,0,0,0,0,0,0,0,0,0,0
강원지부,2020,어린이교육,12,127,인원,0,0,0,0,0,0,0,0,0,0,0,0,0
강원지부,2020,어린이교육,13,131,개소,0,0,0,0,0,0,0,0,0,0,0,0,0
강원지부,2020,어린이교육,13,131,회차,0,0,0,0,0,0,0,0,0,0,0,0,0
강원지부,2020,어린이교육,13,131,인원,0,0,0,0,0,0,0,0,0,0,0,0,0
강원지부,2020,어린이교육,13,132,개소,0,0,0,0,0,0,0,0,0,0,0,0,0
강원지부,2020,어린이교육,13,132,회차,0,0,0,0,0,0,0,0,0,0,0,0,0
강원지부,2020,어린이교육,13,132,인원,0,0,0,0,0,0,0,0,0,0,0,0,0
강원지부,2020,어린이교육,13,134,개소,0,0,0,0,0,0,0,0,0,0,0,0,0
강원지부,2020,어린이교육,13,134,회차,0,0,0,0,0,0,0,0,0,0,0,0,0
강원지부,2020,어린이교육,13,134,인원,0,0,0,0,0,0,0,0,0,0,0,0,0
강원지부,2020,어린이교육,13,137,개소,0,0,0,0,0,0,0,0,0,0,0,0,0
강원지부,2020,어린이교육,13,137,회차,0,0,0,0,0,0,0,0,0,0,0,0,0
강원지부,2020,어린이교육,13,137,인원,0,0,0,0,0,0,0,0,0,0,0,0,0
강원지부,2020,어린이교육,14,141,개소,0,0,0,0,0,0,0,0,0,0,0,0,0
강원지부,2020,어린이교육,14,141,회차,0,0,0,0,0,0,0,0,0,0,0,0,0
강원지부,2020,어린이교육,14,141,인원,0,0,0,0,0,0,0,0,0,0,0,0,0
강원지부,2020,어린이교육,14,142,개소,0,0,0,0,0,0,0,0,0,0,0,0,0
강원지부,2020,어린이교육,14,142,회차,0,0,0,0,0,0,0,0,0,0,0,0,0
강원지부,2020,어린이교육,14,142,인원,0,0,0,0,0,0,0,0,0,0,0,0,0
강원지부,2020,어린이교육,14,144,개소,0,0,0,0,0,0,0,0,0,0,0,0,0
강원지부,2020,어린이교육,14,144,회차,0,0,0,0,0,0,0,0,0,0,0,0,0
강원지부,2020,어린이교육,14,144,인원,0,0,0,0,0,0,0,0,0,0,0,0,0
강원지부,2020,어린이교육,14,147,개소,0,0,0,0,0,0,0,0,0,0,0,0,0
강원지부,2020,어린이교육,14,147,회차,0,0,0,0,0,0,0,0,0,0,0,0,0
강원지부,2020,어린이교육,14,147,인원,0,0,0,0,0,0,0,0,0,0,0,0,0
강원지부,2020,청소년교육,21,211,개소,0,0,0,0,0,0,0,0,0,0,0,0,0
강원지부,2020,청소년교육,21,211,회차,0,0,0,0,0,0,0,0,0,0,0,0,0
강원지부,2020,청소년교육,21,211,인원,0,0,0,0,0,0,0,0,0,0,0,0,0
강원지부,2020,청소년교육,21,212,개소,0,0,0,0,0,0,0,0,0,0,0,0,0
강원지부,2020,청소년교육,21,212,회차,0,0,0,0,0,0,0,0,0,0,0,0,0
강원지부,2020,청소년교육,21,212,인원,0,0,0,0,0,0,0,0,0,0,0,0,0
강원지부,2020,청소년교육,21,214,개소,0,0,0,0,0,0,0,0,0,0,0,0,0
강원지부,2020,청소년교육,21,214,회차,0,0,0,0,0,0,0,0,0,0,0,0,0
강원지부,2020,청소년교육,21,214,인원,0,0,0,0,0,0,0,0,0,0,0,0,0
강원지부,2020,청소년교육,21,217,개소,0,0,0,0,0,0,0,0,0,0,0,0,0
강원지부,2020,청소년교육,21,217,회차,0,0,0,0,0,0,0,0,0,0,0,0,0
강원지부,2020,청소년교육,21,217,인원,0,0,0,0,0,0,0,0,0,0,0,0,0
강원지부,2020,청소년교육,21,218,개소,0,0,0,0,0,0,0,0,0,0,0,0,0
강원지부,2020,청소년교육,21,218,회차,0,0,0,0,0,0,0,0,0,0,0,0,0
강원지부,2020,청소년교육,21,218,인원,0,0,0,0,0,0,0,0,0,0,0,0,0
강원지부,2020,청소년교육,22,221,개소,0,0,0,0,0,0,0,0,0,0,0,0,0
강원지부,2020,청소년교육,22,221,회차,0,0,0,0,0,0,0,0,0,0,0,0,0
강원지부,2020,청소년교육,22,221,인원,0,0,0,0,0,0,0,0,0,0,0,0,0
강원지부,2020,청소년교육,22,222,개소,0,0,0,0,0,0,0,0,0,0,0,0,0
강원지부,2020,청소년교육,22,222,회차,0,0,0,0,0,0,0,0,0,0,0,0,0
강원지부,2020,청소년교육,22,222,인원,0,0,0,0,0,0,0,0,0,0,0,0,0
강원지부,2020,청소년교육,22,223,개소,0,0,0,0,0,0,0,0,0,0,0,0,0
강원지부,2020,청소년교육,22,223,회차,0,0,0,0,0,0,0,0,0,0,0,0,0
강원지부,2020,청소년교육,22,223,인원,0,0,0,0,0,0,0,0,0,0,0,0,0
강원지부,2020,청소년교육,22,224,개소,0,0,0,0,0,0,0,0,0,0,0,0,0
강원지부,2020,청소년교육,22,224,회차,0,0,0,0,0,0,0,0,0,0,0,0,0
강원지부,2020,청소년교육,22,224,인원,0,0,0,0,0,0,0,0,0,0,0,0,0
강원지부,2020,청소년교육,22,226,개소,0,0,0,0,0,0,0,0,0,0,0,0,0
강원지부,2020,청소년교육,22,226,회차,0,0,0,0,0,0,0,0,0,0,0,0,0
강원지부,2020,청소년교육,22,226,인원,0,0,0,0,0,0,0,0,0,0,0,0,0
강원지부,2020,청소년교육,22,227,개소,0,0,0,0,0,0,0,0,0,0,0,0,0
강원지부,2020,청소년교육,22,227,회차,0,0,0,0,0,0,0,0,0,0,0,0,0
강원지부,2020,청소년교육,22,227,인원,0,0,0,0,0,0,0,0,0,0,0,0,0
강원지부,2020,청소년교육,22,228,개소,0,0,0,0,0,0,0,0,0,0,0,0,0
강원지부,2020,청소년교육,22,228,회차,0,0,0,0,0,0,0,0,0,0,0,0,0
강원지부,2020,청소년교육,22,228,인원,0,0,0,0,0,0,0,0,0,0,0,0,0
강원지부,2020,성인교육,31,312,개소,0,0,0,0,0,0,0,0,0,0,0,0,0
강원지부,2020,성인교육,31,312,회차,0,0,0,0,0,0,0,0,0,0,0,0,0
강원지부,2020,성인교육,31,312,인원,0,0,0,0,0,0,0,0,0,0,0,0,0
강원지부,2020,성인교육,31,313,개소,0,0,0,0,0,0,0,0,0,0,0,0,0
강원지부,2020,성인교육,31,313,회차,0,0,0,0,0,0,0,0,0,0,0,0,0
강원지부,2020,성인교육,31,313,인원,0,0,0,0,0,0,0,0,0,0,0,0,0
강원지부,2020,성인교육,31,314,개소,0,0,0,0,0,0,0,0,0,0,0,0,0
강원지부,2020,성인교육,31,314,회차,0,0,0,0,0,0,0,0,0,0,0,0,0
강원지부,2020,성인교육,31,314,인원,0,0,0,0,0,0,0,0,0,0,0,0,0
강원지부,2020,성인교육,31,316,개소,0,0,0,0,0,0,0,0,0,0,0,0,0
강원지부,2020,성인교육,31,316,회차,0,0,0,0,0,0,0,0,0,0,0,0,0
강원지부,2020,성인교육,31,316,인원,0,0,0,0,0,0,0,0,0,0,0,0,0
강원지부,2020,성인교육,31,317,개소,0,0,0,0,0,0,0,0,0,0,0,0,0
강원지부,2020,성인교육,31,317,회차,0,0,0,0,0,0,0,0,0,0,0,0,0
강원지부,2020,성인교육,31,317,인원,0,0,0,0,0,0,0,0,0,0,0,0,0
강원지부,2020,성인교육,31,318,개소,0,0,0,0,0,0,0,0,0,0,0,0,0
강원지부,2020,성인교육,31,318,회차,0,0,0,0,0,0,0,0,0,0,0,0,0
강원지부,2020,성인교육,31,318,인원,0,0,0,0,0,0,0,0,0,0,0,0,0
강원지부,2020,성인교육,31,319,개소,0,0,0,0,0,0,0,0,0,0,0,0,0
강원지부,2020,성인교육,31,319,회차,0,0,0,0,0,0,0,0,0,0,0,0,0
강원지부,2020,성인교육,31,319,인원,0,0,0,0,0,0,0,0,0,0,0,0,0
강원지부,2020,성인교육,32,322,개소,0,0,0,0,0,0,0,0,0,0,0,0,0
강원지부,2020,성인교육,32,322,회차,0,0,0,0,0,0,0,0,0,0,0,0,0
강원지부,2020,성인교육,32,322,인원,0,0,0,0,0,0,0,0,0,0,0,0,0
강원지부,2020,성인교육,32,323,개소,0,0,0,0,0,0,0,0,0,0,0,0,0
강원지부,2020,성인교육,32,323,회차,0,0,0,0,0,0,0,0,0,0,0,0,0
강원지부,2020,성인교육,32,323,인원,0,0,0,0,0,0,0,0,0,0,0,0,0
강원지부,2020,성인교육,32,326,개소,0,0,0,0,0,0,0,0,0,0,0,0,0
강원지부,2020,성인교육,32,326,회차,0,0,0,0,0,0,0,0,0,0,0,0,0
강원지부,2020,성인교육,32,326,인원,0,0,0,0,0,0,0,0,0,0,0,0,0
강원지부,2020,성인교육,32,328,개소,0,0,0,0,0,0,0,0,0,0,0,0,0
강원지부,2020,성인교육,32,328,회차,0,0,0,0,0,0,0,0,0,0,0,0,0
강원지부,2020,성인교육,32,328,인원,0,0,0,0,0,0,0,0,0,0,0,0,0
강원지부,2020,성인교육,32,329,개소,0,0,0,0,0,0,0,0,0,0,0,0,0
강원지부,2020,성인교육,32,329,회차,0,0,0,0,0,0,0,0,0,0,0,0,0
강원지부,2020,성인교육,32,329,인원,0,0,0,0,0,0,0,0,0,0,0,0,0
강원지부,2020,성인교육,33,332,개소,0,0,0,0,0,0,0,0,0,0,0,0,0
강원지부,2020,성인교육,33,332,회차,0,0,0,0,0,0,0,0,0,0,0,0,0
강원지부,2020,성인교육,33,332,인원,0,0,0,0,0,0,0,0,0,0,0,0,0
강원지부,2020,성인교육,33,333,개소,0,0,0,0,0,0,0,0,0,0,0,0,0
강원지부,2020,성인교육,33,333,회차,0,0,0,0,0,0,0,0,0,0,0,0,0
강원지부,2020,성인교육,33,333,인원,0,0,0,0,0,0,0,0,0,0,0,0,0
강원지부,2020,성인교육,33,336,개소,0,0,0,0,0,0,0,0,0,0,0,0,0
강원지부,2020,성인교육,33,336,회차,0,0,0,0,0,0,0,0,0,0,0,0,0
강원지부,2020,성인교육,33,336,인원,0,0,0,0,0,0,0,0,0,0,0,0,0
강원지부,2020,성인교육,33,338,개소,0,0,0,0,0,0,0,0,0,0,0,0,0
강원지부,2020,성인교육,33,338,회차,0,0,0,0,0,0,0,0,0,0,0,0,0
강원지부,2020,성인교육,33,338,인원,0,0,0,0,0,0,0,0,0,0,0,0,0
강원지부,2020,성인교육,33,339,개소,0,0,0,0,0,0,0,0,0,0,0,0,0
강원지부,2020,성인교육,33,339,회차,0,0,0,0,0,0,0,0,0,0,0,0,0
강원지부,2020,성인교육,33,339,인원,0,0,0,0,0,0,0,0,0,0,0,0,0
강원지부,2020,성인교육,34,342,개소,0,0,0,0,0,0,0,0,0,0,0,0,0
강원지부,2020,성인교육,34,342,회차,0,0,0,0,0,0,0,0,0,0,0,0,0
강원지부,2020,성인교육,34,342,인원,0,0,0,0,0,0,0,0,0,0,0,0,0
강원지부,2020,성인교육,34,343,개소,0,0,0,0,0,0,0,0,0,0,0,0,0
강원지부,2020,성인교육,34,343,회차,0,0,0,0,0,0,0,0,0,0,0,0,0
강원지부,2020,성인교육,34,343,인원,0,0,0,0,0,0,0,0,0,0,0,0,0
강원지부,2020,성인교육,34,346,개소,0,0,0,0,0,0,0,0,0,0,0,0,0
강원지부,2020,성인교육,34,346,회차,0,0,0,0,0,0,0,0,0,0,0,0,0
강원지부,2020,성인교육,34,346,인원,0,0,0,0,0,0,0,0,0,0,0,0,0
강원지부,2020,성인교육,34,348,개소,0,0,0,0,0,0,0,0,0,0,0,0,0
강원지부,2020,성인교육,34,348,회차,0,0,0,0,0,0,0,0,0,0,0,0,0
강원지부,2020,성인교육,34,348,인원,0,0,0,0,0,0,0,0,0,0,0,0,0
강원지부,2020,성인교육,34,349,개소,0,0,0,0,0,0,0,0,0,0,0,0,0
강원지부,2020,성인교육,34,349,회차,0,0,0,0,0,0,0,0,0,0,0,0,0
강원지부,2020,성인교육,34,349,인원,0,0,0,0,0,0,0,0,0,0,0,0,0
강원지부,2020,성인교육,35,352,개소,0,0,0,0,0,0,0,0,0,0,0,0,0
강원지부,2020,성인교육,35,352,회차,0,0,0,0,0,0,0,0,0,0,0,0,0
강원지부,2020,성인교육,35,352,인원,0,0,0,0,0,0,0,0,0,0,0,0,0
강원지부,2020,성인교육,35,353,개소,0,0,0,0,0,0,0,0,0,0,0,0,0
강원지부,2020,성인교육,35,353,회차,0,0,0,0,0,0,0,0,0,0,0,0,0
강원지부,2020,성인교육,35,353,인원,0,0,0,0,0,0,0,0,0,0,0,0,0
강원지부,2020,성인교육,35,356,개소,0,0,0,0,0,0,0,0,0,0,0,0,0
강원지부,2020,성인교육,35,356,회차,0,0,0,0,0,0,0,0,0,0,0,0,0
강원지부,2020,성인교육,35,356,인원,0,0,0,0,0,0,0,0,0,0,0,0,0
강원지부,2020,성인교육,35,358,개소,0,0,0,0,0,0,0,0,0,0,0,0,0
강원지부,2020,성인교육,35,358,회차,0,0,0,0,0,0,0,0,0,0,0,0,0
강원지부,2020,성인교육,35,358,인원,0,0,0,0,0,0,0,0,0,0,0,0,0
강원지부,2020,성인교육,35,359,개소,0,0,0,0,0,0,0,0,0,0,0,0,0
강원지부,2020,성인교육,35,359,회차,0,0,0,0,0,0,0,0,0,0,0,0,0
강원지부,2020,성인교육,35,359,인원,0,0,0,0,0,0,0,0,0,0,0,0,0
강원지부,2020,성인교육,36,362,개소,0,0,0,0,0,0,0,0,0,0,0,0,0
강원지부,2020,성인교육,36,362,회차,0,0,0,0,0,0,0,0,0,0,0,0,0
강원지부,2020,성인교육,36,362,인원,0,0,0,0,0,0,0,0,0,0,0,0,0
강원지부,2020,성인교육,36,363,개소,0,0,0,0,0,0,0,0,0,0,0,0,0
강원지부,2020,성인교육,36,363,회차,0,0,0,0,0,0,0,0,0,0,0,0,0
강원지부,2020,성인교육,36,363,인원,0,0,0,0,0,0,0,0,0,0,0,0,0
강원지부,2020,성인교육,36,365,개소,0,0,0,0,0,0,0,0,0,0,0,0,0
강원지부,2020,성인교육,36,365,회차,0,0,0,0,0,0,0,0,0,0,0,0,0
강원지부,2020,성인교육,36,365,인원,0,0,0,0,0,0,0,0,0,0,0,0,0
강원지부,2020,성인교육,36,366,개소,0,0,0,0,0,0,0,0,0,0,0,0,0
강원지부,2020,성인교육,36,366,회차,0,0,0,0,0,0,0,0,0,0,0,0,0
강원지부,2020,성인교육,36,366,인원,0,0,0,0,0,0,0,0,0,0,0,0,0
강원지부,2020,성인교육,36,368,개소,0,0,0,0,0,0,0,0,0,0,0,0,0
강원지부,2020,성인교육,36,368,회차,0,0,0,0,0,0,0,0,0,0,0,0,0
강원지부,2020,성인교육,36,368,인원,0,0,0,0,0,0,0,0,0,0,0,0,0
강원지부,2020,성인교육,36,369,개소,0,0,0,0,0,0,0,0,0,0,0,0,0
강원지부,2020,성인교육,36,369,회차,0,0,0,0,0,0,0,0,0,0,0,0,0
강원지부,2020,성인교육,36,369,인원,0,0,0,0,0,0,0,0,0,0,0,0,0
강원지부,2020,성인교육,37,372,개소,0,0,0,0,0,0,0,0,0,0,0,0,0
강원지부,2020,성인교육,37,372,회차,0,0,0,0,0,0,0,0,0,0,0,0,0
강원지부,2020,성인교육,37,372,인원,0,0,0,0,0,0,0,0,0,0,0,0,0
강원지부,2020,성인교육,37,373,개소,0,0,0,0,0,0,0,0,0,0,0,0,0
강원지부,2020,성인교육,37,373,회차,0,0,0,0,0,0,0,0,0,0,0,0,0
강원지부,2020,성인교육,37,373,인원,0,0,0,0,0,0,0,0,0,0,0,0,0
강원지부,2020,성인교육,37,376,개소,0,0,0,0,0,0,0,0,0,0,0,0,0
강원지부,2020,성인교육,37,376,회차,0,0,0,0,0,0,0,0,0,0,0,0,0
강원지부,2020,성인교육,37,376,인원,0,0,0,0,0,0,0,0,0,0,0,0,0
강원지부,2020,성인교육,37,378,개소,0,0,0,0,0,0,0,0,0,0,0,0,0
강원지부,2020,성인교육,37,378,회차,0,0,0,0,0,0,0,0,0,0,0,0,0
강원지부,2020,성인교육,37,378,인원,0,0,0,0,0,0,0,0,0,0,0,0,0
강원지부,2020,성인교육,37,379,개소,0,0,0,0,0,0,0,0,0,0,0,0,0
강원지부,2020,성인교육,37,379,회차,0,0,0,0,0,0,0,0,0,0,0,0,0
강원지부,2020,성인교육,37,379,인원,0,0,0,0,0,0,0,0,0,0,0,0,0
강원지부,2020,성인교육,38,381,개소,0,0,0,0,0,0,0,0,0,0,0,0,0
강원지부,2020,성인교육,38,381,회차,0,0,0,0,0,0,0,0,0,0,0,0,0
강원지부,2020,성인교육,38,381,인원,0,0,0,0,0,0,0,0,0,0,0,0,0
강원지부,2020,성인교육,38,382,개소,0,0,0,0,0,0,0,0,0,0,0,0,0
강원지부,2020,성인교육,38,382,회차,0,0,0,0,0,0,0,0,0,0,0,0,0
강원지부,2020,성인교육,38,382,인원,0,0,0,0,0,0,0,0,0,0,0,0,0
강원지부,2020,성인교육,38,386,개소,0,0,0,0,0,0,0,0,0,0,0,0,0
강원지부,2020,성인교육,38,386,회차,0,0,0,0,0,0,0,0,0,0,0,0,0
강원지부,2020,성인교육,38,386,인원,0,0,0,0,0,0,0,0,0,0,0,0,0
강원지부,2020,성인교육,38,388,개소,0,0,0,0,0,0,0,0,0,0,0,0,0
강원지부,2020,성인교육,38,388,회차,0,0,0,0,0,0,0,0,0,0,0,0,0
강원지부,2020,성인교육,38,388,인원,0,0,0,0,0,0,0,0,0,0,0,0,0
강원지부,2020,성인교육,39,392,개소,0,0,0,0,0,0,0,0,0,0,0,0,0
강원지부,2020,성인교육,39,392,회차,0,0,0,0,0,0,0,0,0,0,0,0,0
강원지부,2020,성인교육,39,392,인원,0,0,0,0,0,0,0,0,0,0,0,0,0
강원지부,2020,성인교육,39,393,개소,0,0,0,0,0,0,0,0,0,0,0,0,0
강원지부,2020,성인교육,39,393,회차,0,0,0,0,0,0,0,0,0,0,0,0,0
강원지부,2020,성인교육,39,393,인원,0,0,0,0,0,0,0,0,0,0,0,0,0
강원지부,2020,성인교육,39,396,개소,0,0,0,0,0,0,0,0,0,0,0,0,0
강원지부,2020,성인교육,39,396,회차,0,0,0,0,0,0,0,0,0,0,0,0,0
강원지부,2020,성인교육,39,396,인원,0,0,0,0,0,0,0,0,0,0,0,0,0
강원지부,2020,성인교육,39,398,개소,0,0,0,0,0,0,0,0,0,0,0,0,0
강원지부,2020,성인교육,39,398,회차,0,0,0,0,0,0,0,0,0,0,0,0,0
강원지부,2020,성인교육,39,398,인원,0,0,0,0,0,0,0,0,0,0,0,0,0
강원지부,2020,고령자교육,41,411,개소,0,0,0,0,0,0,0,0,0,0,0,0,0
강원지부,2020,고령자교육,41,411,회차,0,0,0,0,0,0,0,0,0,0,0,0,0
강원지부,2020,고령자교육,41,411,인원,0,0,0,0,0,0,0,0,0,0,0,0,0
강원지부,2020,고령자교육,41,412,개소,0,0,0,0,0,0,0,0,0,0,0,0,0
강원지부,2020,고령자교육,41,412,회차,0,0,0,0,0,0,0,0,0,0,0,0,0
강원지부,2020,고령자교육,41,412,인원,0,0,0,0,0,0,0,0,0,0,0,0,0
강원지부,2020,고령자교육,41,413,개소,0,0,0,0,0,0,0,0,0,0,0,0,0
강원지부,2020,고령자교육,41,413,회차,0,0,0,0,0,0,0,0,0,0,0,0,0
강원지부,2020,고령자교육,41,413,인원,0,0,0,0,0,0,0,0,0,0,0,0,0
강원지부,2020,고령자교육,41,417,개소,0,0,0,0,0,0,0,0,0,0,0,0,0
강원지부,2020,고령자교육,41,417,회차,0,0,0,0,0,0,0,0,0,0,0,0,0
강원지부,2020,고령자교육,41,417,인원,0,0,0,0,0,0,0,0,0,0,0,0,0
강원지부,2020,고령자교육,42,422,개소,0,0,0,0,0,0,0,0,0,0,0,0,0
강원지부,2020,고령자교육,42,422,회차,0,0,0,0,0,0,0,0,0,0,0,0,0
강원지부,2020,고령자교육,42,422,인원,0,0,0,0,0,0,0,0,0,0,0,0,0
강원지부,2020,고령자교육,42,423,개소,0,0,0,0,0,0,0,0,0,0,0,0,0
강원지부,2020,고령자교육,42,423,회차,0,0,0,0,0,0,0,0,0,0,0,0,0
강원지부,2020,고령자교육,42,423,인원,0,0,0,0,0,0,0,0,0,0,0,0,0
강원지부,2020,고령자교육,42,426,개소,0,0,0,0,0,0,0,0,0,0,0,0,0
강원지부,2020,고령자교육,42,426,회차,0,0,0,0,0,0,0,0,0,0,0,0,0
강원지부,2020,고령자교육,42,426,인원,0,0,0,0,0,0,0,0,0,0,0,0,0
강원지부,2020,교사교육,51,511,개소,0,0,0,0,0,0,0,0,0,0,0,0,0
강원지부,2020,교사교육,51,511,회차,0,0,0,0,0,0,0,0,0,0,0,0,0
강원지부,2020,교사교육,51,511,인원,0,0,0,0,0,0,0,0,0,0,0,0,0
강원지부,2020,교사교육,51,512,개소,0,0,0,0,0,0,0,0,0,0,0,0,0
강원지부,2020,교사교육,51,512,회차,0,0,0,0,0,0,0,0,0,0,0,0,0
강원지부,2020,교사교육,51,512,인원,0,0,0,0,0,0,0,0,0,0,0,0,0
강원지부,2020,교사교육,51,516,개소,0,0,0,0,0,0,0,0,0,0,0,0,0
강원지부,2020,교사교육,51,516,회차,0,0,0,0,0,0,0,0,0,0,0,0,0
강원지부,2020,교사교육,51,516,인원,0,0,0,0,0,0,0,0,0,0,0,0,0
강원지부,2020,교사교육,52,521,개소,0,0,0,0,0,0,0,0,0,0,0,0,0
강원지부,2020,교사교육,52,521,회차,0,0,0,0,0,0,0,0,0,0,0,0,0
강원지부,2020,교사교육,52,521,인원,0,0,0,0,0,0,0,0,0,0,0,0,0
강원지부,2020,교사교육,52,522,개소,0,0,0,0,0,0,0,0,0,0,0,0,0
강원지부,2020,교사교육,52,522,회차,0,0,0,0,0,0,0,0,0,0,0,0,0
강원지부,2020,교사교육,52,522,인원,0,0,0,0,0,0,0,0,0,0,0,0,0
강원지부,2020,교사교육,52,526,개소,0,0,0,0,0,0,0,0,0,0,0,0,0
강원지부,2020,교사교육,52,526,회차,0,0,0,0,0,0,0,0,0,0,0,0,0
강원지부,2020,교사교육,52,526,인원,0,0,0,0,0,0,0,0,0,0,0,0,0
강원지부,2020,교사교육,53,531,개소,0,0,0,0,0,0,0,0,0,0,0,0,0
강원지부,2020,교사교육,53,531,회차,0,0,0,0,0,0,0,0,0,0,0,0,0
강원지부,2020,교사교육,53,531,인원,0,0,0,0,0,0,0,0,0,0,0,0,0
강원지부,2020,교사교육,53,532,개소,0,0,0,0,0,0,0,0,0,0,0,0,0
강원지부,2020,교사교육,53,532,회차,0,0,0,0,0,0,0,0,0,0,0,0,0
강원지부,2020,교사교육,53,532,인원,0,0,0,0,0,0,0,0,0,0,0,0,0
강원지부,2020,교사교육,53,536,개소,0,0,0,0,0,0,0,0,0,0,0,0,0
강원지부,2020,교사교육,53,536,회차,0,0,0,0,0,0,0,0,0,0,0,0,0
강원지부,2020,교사교육,53,536,인원,0,0,0,0,0,0,0,0,0,0,0,0,0
강원지부,2020,교사교육,54,541,개소,0,0,0,0,0,0,0,0,0,0,0,0,0
강원지부,2020,교사교육,54,541,회차,0,0,0,0,0,0,0,0,0,0,0,0,0
강원지부,2020,교사교육,54,541,인원,0,0,0,0,0,0,0,0,0,0,0,0,0
강원지부,2020,교사교육,54,542,개소,0,0,0,0,0,0,0,0,0,0,0,0,0
강원지부,2020,교사교육,54,542,회차,0,0,0,0,0,0,0,0,0,0,0,0,0
강원지부,2020,교사교육,54,542,인원,0,0,0,0,0,0,0,0,0,0,0,0,0
강원지부,2020,교사교육,54,543,개소,0,0,0,0,0,0,0,0,0,0,0,0,0
강원지부,2020,교사교육,54,543,회차,0,0,0,0,0,0,0,0,0,0,0,0,0
강원지부,2020,교사교육,54,543,인원,0,0,0,0,0,0,0,0,0,0,0,0,0
강원지부,2020,교사교육,54,546,개소,0,0,0,0,0,0,0,0,0,0,0,0,0
강원지부,2020,교사교육,54,546,회차,0,0,0,0,0,0,0,0,0,0,0,0,0
강원지부,2020,교사교육,54,546,인원,0,0,0,0,0,0,0,0,0,0,0,0,0
강원지부,2021,어린이교육,11,111,개소,0,0,0,0,0,0,0,0,0,0,0,0,0
강원지부,2021,어린이교육,11,111,회차,0,0,0,0,0,0,0,0,0,0,0,0,0
강원지부,2021,어린이교육,11,111,인원,0,0,0,0,0,0,0,0,0,0,0,0,0
강원지부,2021,어린이교육,11,112,개소,0,0,0,0,0,0,0,0,0,0,0,0,0
강원지부,2021,어린이교육,11,112,회차,0,0,0,0,0,0,0,0,0,0,0,0,0
강원지부,2021,어린이교육,11,112,인원,0,0,0,0,0,0,0,0,0,0,0,0,0
강원지부,2021,어린이교육,11,113,개소,0,0,0,0,0,0,0,0,0,0,0,0,0
강원지부,2021,어린이교육,11,113,회차,0,0,0,0,0,0,0,0,0,0,0,0,0
강원지부,2021,어린이교육,11,113,인원,0,0,0,0,0,0,0,0,0,0,0,0,0
강원지부,2021,어린이교육,11,114,개소,0,0,0,0,0,0,0,0,0,0,0,0,0
강원지부,2021,어린이교육,11,114,회차,0,0,0,0,0,0,0,0,0,0,0,0,0
강원지부,2021,어린이교육,11,114,인원,0,0,0,0,0,0,0,0,0,0,0,0,0
강원지부,2021,어린이교육,12,121,개소,0,0,0,0,0,0,0,0,0,0,0,0,0
강원지부,2021,어린이교육,12,121,회차,0,0,0,0,0,0,0,0,0,0,0,0,0
강원지부,2021,어린이교육,12,121,인원,0,0,0,0,0,0,0,0,0,0,0,0,0
강원지부,2021,어린이교육,12,122,개소,0,0,0,0,0,0,0,0,0,0,0,0,0
강원지부,2021,어린이교육,12,122,회차,0,0,0,0,0,0,0,0,0,0,0,0,0
강원지부,2021,어린이교육,12,122,인원,0,0,0,0,0,0,0,0,0,0,0,0,0
강원지부,2021,어린이교육,12,124,개소,0,0,0,0,0,0,0,0,0,0,0,0,0
강원지부,2021,어린이교육,12,124,회차,0,0,0,0,0,0,0,0,0,0,0,0,0
강원지부,2021,어린이교육,12,124,인원,0,0,0,0,0,0,0,0,0,0,0,0,0
강원지부,2021,어린이교육,12,127,개소,0,0,0,0,0,0,0,0,0,0,0,0,0
강원지부,2021,어린이교육,12,127,회차,0,0,0,0,0,0,0,0,0,0,0,0,0
강원지부,2021,어린이교육,12,127,인원,0,0,0,0,0,0,0,0,0,0,0,0,0
강원지부,2021,어린이교육,13,131,개소,0,0,0,0,0,0,0,0,0,0,0,0,0
강원지부,2021,어린이교육,13,131,회차,0,0,0,0,0,0,0,0,0,0,0,0,0
강원지부,2021,어린이교육,13,131,인원,0,0,0,0,0,0,0,0,0,0,0,0,0
강원지부,2021,어린이교육,13,132,개소,0,0,0,0,0,0,0,0,0,0,0,0,0
강원지부,2021,어린이교육,13,132,회차,0,0,0,0,0,0,0,0,0,0,0,0,0
강원지부,2021,어린이교육,13,132,인원,0,0,0,0,0,0,0,0,0,0,0,0,0
강원지부,2021,어린이교육,13,134,개소,0,0,0,0,0,0,0,0,0,0,0,0,0
강원지부,2021,어린이교육,13,134,회차,0,0,0,0,0,0,0,0,0,0,0,0,0
강원지부,2021,어린이교육,13,134,인원,0,0,0,0,0,0,0,0,0,0,0,0,0
강원지부,2021,어린이교육,13,137,개소,0,0,0,0,0,0,0,0,0,0,0,0,0
강원지부,2021,어린이교육,13,137,회차,0,0,0,0,0,0,0,0,0,0,0,0,0
강원지부,2021,어린이교육,13,137,인원,0,0,0,0,0,0,0,0,0,0,0,0,0
강원지부,2021,어린이교육,14,141,개소,0,0,0,0,0,0,0,0,0,0,0,0,0
강원지부,2021,어린이교육,14,141,회차,0,0,0,0,0,0,0,0,0,0,0,0,0
강원지부,2021,어린이교육,14,141,인원,0,0,0,0,0,0,0,0,0,0,0,0,0
강원지부,2021,어린이교육,14,142,개소,0,0,0,0,0,0,0,0,0,0,0,0,0
강원지부,2021,어린이교육,14,142,회차,0,0,0,0,0,0,0,0,0,0,0,0,0
강원지부,2021,어린이교육,14,142,인원,0,0,0,0,0,0,0,0,0,0,0,0,0
강원지부,2021,어린이교육,14,144,개소,0,0,0,0,0,0,0,0,0,0,0,0,0
강원지부,2021,어린이교육,14,144,회차,0,0,0,0,0,0,0,0,0,0,0,0,0
강원지부,2021,어린이교육,14,144,인원,0,0,0,0,0,0,0,0,0,0,0,0,0
강원지부,2021,어린이교육,14,147,개소,0,0,0,0,0,0,0,0,0,0,0,0,0
강원지부,2021,어린이교육,14,147,회차,0,0,0,0,0,0,0,0,0,0,0,0,0
강원지부,2021,어린이교육,14,147,인원,0,0,0,0,0,0,0,0,0,0,0,0,0
충북지부,2016,어린이교육,11,111,개소,0,0,0,0,0,0,0,0,0,0,0,0,0
충북지부,2016,어린이교육,11,111,회차,0,0,0,0,0,0,0,0,0,0,0,0,0
충북지부,2016,어린이교육,11,111,인원,0,0,0,0,0,0,0,0,0,0,0,0,0
충북지부,2016,어린이교육,11,112,개소,0,0,0,0,0,0,0,0,0,0,0,0,0
충북지부,2016,어린이교육,11,112,회차,0,0,0,0,0,0,0,0,0,0,0,0,0
충북지부,2016,어린이교육,11,112,인원,0,0,0,0,0,0,0,0,0,0,0,0,0
충북지부,2016,어린이교육,11,113,개소,0,0,0,0,0,0,0,0,0,0,0,0,0
충북지부,2016,어린이교육,11,113,회차,0,0,0,0,0,0,0,0,0,0,0,0,0
충북지부,2016,어린이교육,11,113,인원,0,0,0,0,0,0,0,0,0,0,0,0,0
충북지부,2016,어린이교육,11,114,개소,0,0,0,0,0,0,0,0,0,0,0,0,0
충북지부,2016,어린이교육,11,114,회차,0,0,0,0,0,0,0,0,0,0,0,0,0
충북지부,2016,어린이교육,11,114,인원,0,0,0,0,0,0,0,0,0,0,0,0,0
충북지부,2016,어린이교육,12,121,개소,0,0,0,0,0,0,0,0,0,0,0,0,0
충북지부,2016,어린이교육,12,121,회차,0,0,0,0,0,0,0,0,0,0,0,0,0
충북지부,2016,어린이교육,12,121,인원,0,0,0,0,0,0,0,0,0,0,0,0,0
충북지부,2016,어린이교육,12,122,개소,0,0,0,0,0,0,0,0,0,0,0,0,0
충북지부,2016,어린이교육,12,122,회차,0,0,0,0,0,0,0,0,0,0,0,0,0
충북지부,2016,어린이교육,12,122,인원,0,0,0,0,0,0,0,0,0,0,0,0,0
충북지부,2016,어린이교육,12,124,개소,0,0,0,0,0,0,0,0,0,0,0,0,0
충북지부,2016,어린이교육,12,124,회차,0,0,0,0,0,0,0,0,0,0,0,0,0
충북지부,2016,어린이교육,12,124,인원,0,0,0,0,0,0,0,0,0,0,0,0,0
충북지부,2016,어린이교육,12,127,개소,0,0,0,0,0,0,0,0,0,0,0,0,0
충북지부,2016,어린이교육,12,127,회차,0,0,0,0,0,0,0,0,0,0,0,0,0
충북지부,2016,어린이교육,12,127,인원,0,0,0,0,0,0,0,0,0,0,0,0,0
충북지부,2016,어린이교육,13,131,개소,0,0,0,0,0,0,0,0,0,0,0,0,0
충북지부,2016,어린이교육,13,131,회차,0,0,0,0,0,0,0,0,0,0,0,0,0
충북지부,2016,어린이교육,13,131,인원,0,0,0,0,0,0,0,0,0,0,0,0,0
충북지부,2016,어린이교육,13,132,개소,0,0,0,0,0,0,0,0,0,0,0,0,0
충북지부,2016,어린이교육,13,132,회차,0,0,0,0,0,0,0,0,0,0,0,0,0
충북지부,2016,어린이교육,13,132,인원,0,0,0,0,0,0,0,0,0,0,0,0,0
충북지부,2016,어린이교육,13,134,개소,0,0,0,0,0,0,0,0,0,0,0,0,0
충북지부,2016,어린이교육,13,134,회차,0,0,0,0,0,0,0,0,0,0,0,0,0
충북지부,2016,어린이교육,13,134,인원,0,0,0,0,0,0,0,0,0,0,0,0,0
충북지부,2016,어린이교육,13,137,개소,0,0,0,0,0,0,0,0,0,0,0,0,0
충북지부,2016,어린이교육,13,137,회차,0,0,0,0,0,0,0,0,0,0,0,0,0
충북지부,2016,어린이교육,13,137,인원,0,0,0,0,0,0,0,0,0,0,0,0,0
충북지부,2016,어린이교육,14,141,개소,0,0,0,0,0,0,0,0,0,0,0,0,0
충북지부,2016,어린이교육,14,141,회차,0,0,0,0,0,0,0,0,0,0,0,0,0
충북지부,2016,어린이교육,14,141,인원,0,0,0,0,0,0,0,0,0,0,0,0,0
충북지부,2016,어린이교육,14,142,개소,0,0,0,0,0,0,0,0,0,0,0,0,0
충북지부,2016,어린이교육,14,142,회차,0,0,0,0,0,0,0,0,0,0,0,0,0
충북지부,2016,어린이교육,14,142,인원,0,0,0,0,0,0,0,0,0,0,0,0,0
충북지부,2016,어린이교육,14,144,개소,0,0,0,0,0,0,0,0,0,0,0,0,0
충북지부,2016,어린이교육,14,144,회차,0,0,0,0,0,0,0,0,0,0,0,0,0
충북지부,2016,어린이교육,14,144,인원,0,0,0,0,0,0,0,0,0,0,0,0,0
충북지부,2016,어린이교육,14,147,개소,0,0,0,0,0,0,0,0,0,0,0,0,0
충북지부,2016,어린이교육,14,147,회차,0,0,0,0,0,0,0,0,0,0,0,0,0
충북지부,2016,어린이교육,14,147,인원,0,0,0,0,0,0,0,0,0,0,0,0,0
충북지부,2016,청소년교육,21,211,개소,0,0,0,0,0,0,0,0,0,0,0,0,0
충북지부,2016,청소년교육,21,211,회차,0,0,0,0,0,0,0,0,0,0,0,0,0
충북지부,2016,청소년교육,21,211,인원,0,0,0,0,0,0,0,0,0,0,0,0,0
충북지부,2016,청소년교육,21,212,개소,0,0,0,0,0,0,0,0,0,0,0,0,0
충북지부,2016,청소년교육,21,212,회차,0,0,0,0,0,0,0,0,0,0,0,0,0
충북지부,2016,청소년교육,21,212,인원,0,0,0,0,0,0,0,0,0,0,0,0,0
충북지부,2016,청소년교육,21,214,개소,0,0,0,0,0,0,0,0,0,0,0,0,0
충북지부,2016,청소년교육,21,214,회차,0,0,0,0,0,0,0,0,0,0,0,0,0
충북지부,2016,청소년교육,21,214,인원,0,0,0,0,0,0,0,0,0,0,0,0,0
충북지부,2016,청소년교육,21,217,개소,0,0,0,0,0,0,0,0,0,0,0,0,0
충북지부,2016,청소년교육,21,217,회차,0,0,0,0,0,0,0,0,0,0,0,0,0
충북지부,2016,청소년교육,21,217,인원,0,0,0,0,0,0,0,0,0,0,0,0,0
충북지부,2016,청소년교육,21,218,개소,0,0,0,0,0,0,0,0,0,0,0,0,0
충북지부,2016,청소년교육,21,218,회차,0,0,0,0,0,0,0,0,0,0,0,0,0
충북지부,2016,청소년교육,21,218,인원,0,0,0,0,0,0,0,0,0,0,0,0,0
충북지부,2016,청소년교육,22,221,개소,0,0,0,0,0,0,0,0,0,0,0,0,0
충북지부,2016,청소년교육,22,221,회차,0,0,0,0,0,0,0,0,0,0,0,0,0
충북지부,2016,청소년교육,22,221,인원,0,0,0,0,0,0,0,0,0,0,0,0,0
충북지부,2016,청소년교육,22,222,개소,0,0,0,0,0,0,0,0,0,0,0,0,0
충북지부,2016,청소년교육,22,222,회차,0,0,0,0,0,0,0,0,0,0,0,0,0
충북지부,2016,청소년교육,22,222,인원,0,0,0,0,0,0,0,0,0,0,0,0,0
충북지부,2016,청소년교육,22,223,개소,0,0,0,0,0,0,0,0,0,0,0,0,0
충북지부,2016,청소년교육,22,223,회차,0,0,0,0,0,0,0,0,0,0,0,0,0
충북지부,2016,청소년교육,22,223,인원,0,0,0,0,0,0,0,0,0,0,0,0,0
충북지부,2016,청소년교육,22,224,개소,0,0,0,0,0,0,0,0,0,0,0,0,0
충북지부,2016,청소년교육,22,224,회차,0,0,0,0,0,0,0,0,0,0,0,0,0
충북지부,2016,청소년교육,22,224,인원,0,0,0,0,0,0,0,0,0,0,0,0,0
충북지부,2016,청소년교육,22,226,개소,0,0,0,0,0,0,0,0,0,0,0,0,0
충북지부,2016,청소년교육,22,226,회차,0,0,0,0,0,0,0,0,0,0,0,0,0
충북지부,2016,청소년교육,22,226,인원,0,0,0,0,0,0,0,0,0,0,0,0,0
충북지부,2016,청소년교육,22,227,개소,0,0,0,0,0,0,0,0,0,0,0,0,0
충북지부,2016,청소년교육,22,227,회차,0,0,0,0,0,0,0,0,0,0,0,0,0
충북지부,2016,청소년교육,22,227,인원,0,0,0,0,0,0,0,0,0,0,0,0,0
충북지부,2016,청소년교육,22,228,개소,0,0,0,0,0,0,0,0,0,0,0,0,0
충북지부,2016,청소년교육,22,228,회차,0,0,0,0,0,0,0,0,0,0,0,0,0
충북지부,2016,청소년교육,22,228,인원,0,0,0,0,0,0,0,0,0,0,0,0,0
충북지부,2016,성인교육,31,312,개소,0,0,0,0,0,0,0,0,0,0,0,0,0
충북지부,2016,성인교육,31,312,회차,0,0,0,0,0,0,0,0,0,0,0,0,0
충북지부,2016,성인교육,31,312,인원,0,0,0,0,0,0,0,0,0,0,0,0,0
충북지부,2016,성인교육,31,313,개소,0,0,0,0,0,0,0,0,0,0,0,0,0
충북지부,2016,성인교육,31,313,회차,0,0,0,0,0,0,0,0,0,0,0,0,0
충북지부,2016,성인교육,31,313,인원,0,0,0,0,0,0,0,0,0,0,0,0,0
충북지부,2016,성인교육,31,314,개소,0,0,0,0,0,0,0,0,0,0,0,0,0
충북지부,2016,성인교육,31,314,회차,0,0,0,0,0,0,0,0,0,0,0,0,0
충북지부,2016,성인교육,31,314,인원,0,0,0,0,0,0,0,0,0,0,0,0,0
충북지부,2016,성인교육,31,316,개소,0,0,0,0,0,0,0,0,0,0,0,0,0
충북지부,2016,성인교육,31,316,회차,0,0,0,0,0,0,0,0,0,0,0,0,0
충북지부,2016,성인교육,31,316,인원,0,0,0,0,0,0,0,0,0,0,0,0,0
충북지부,2016,성인교육,31,317,개소,0,0,0,0,0,0,0,0,0,0,0,0,0
충북지부,2016,성인교육,31,317,회차,0,0,0,0,0,0,0,0,0,0,0,0,0
충북지부,2016,성인교육,31,317,인원,0,0,0,0,0,0,0,0,0,0,0,0,0
충북지부,2016,성인교육,31,318,개소,0,0,0,0,0,0,0,0,0,0,0,0,0
충북지부,2016,성인교육,31,318,회차,0,0,0,0,0,0,0,0,0,0,0,0,0
충북지부,2016,성인교육,31,318,인원,0,0,0,0,0,0,0,0,0,0,0,0,0
충북지부,2016,성인교육,31,319,개소,0,0,0,0,0,0,0,0,0,0,0,0,0
충북지부,2016,성인교육,31,319,회차,0,0,0,0,0,0,0,0,0,0,0,0,0
충북지부,2016,성인교육,31,319,인원,0,0,0,0,0,0,0,0,0,0,0,0,0
충북지부,2016,성인교육,32,322,개소,0,0,0,0,0,0,0,0,0,0,0,0,0
충북지부,2016,성인교육,32,322,회차,0,0,0,0,0,0,0,0,0,0,0,0,0
충북지부,2016,성인교육,32,322,인원,0,0,0,0,0,0,0,0,0,0,0,0,0
충북지부,2016,성인교육,32,323,개소,0,0,0,0,0,0,0,0,0,0,0,0,0
충북지부,2016,성인교육,32,323,회차,0,0,0,0,0,0,0,0,0,0,0,0,0
충북지부,2016,성인교육,32,323,인원,0,0,0,0,0,0,0,0,0,0,0,0,0
충북지부,2016,성인교육,32,326,개소,0,0,0,0,0,0,0,0,0,0,0,0,0
충북지부,2016,성인교육,32,326,회차,0,0,0,0,0,0,0,0,0,0,0,0,0
충북지부,2016,성인교육,32,326,인원,0,0,0,0,0,0,0,0,0,0,0,0,0
충북지부,2016,성인교육,32,328,개소,0,0,0,0,0,0,0,0,0,0,0,0,0
충북지부,2016,성인교육,32,328,회차,0,0,0,0,0,0,0,0,0,0,0,0,0
충북지부,2016,성인교육,32,328,인원,0,0,0,0,0,0,0,0,0,0,0,0,0
충북지부,2016,성인교육,32,329,개소,0,0,0,0,0,0,0,0,0,0,0,0,0
충북지부,2016,성인교육,32,329,회차,0,0,0,0,0,0,0,0,0,0,0,0,0
충북지부,2016,성인교육,32,329,인원,0,0,0,0,0,0,0,0,0,0,0,0,0
충북지부,2016,성인교육,33,332,개소,0,0,0,0,0,0,0,0,0,0,0,0,0
충북지부,2016,성인교육,33,332,회차,0,0,0,0,0,0,0,0,0,0,0,0,0
충북지부,2016,성인교육,33,332,인원,0,0,0,0,0,0,0,0,0,0,0,0,0
충북지부,2016,성인교육,33,333,개소,0,0,0,0,0,0,0,0,0,0,0,0,0
충북지부,2016,성인교육,33,333,회차,0,0,0,0,0,0,0,0,0,0,0,0,0
충북지부,2016,성인교육,33,333,인원,0,0,0,0,0,0,0,0,0,0,0,0,0
충북지부,2016,성인교육,33,336,개소,0,0,0,0,0,0,0,0,0,0,0,0,0
충북지부,2016,성인교육,33,336,회차,0,0,0,0,0,0,0,0,0,0,0,0,0
충북지부,2016,성인교육,33,336,인원,0,0,0,0,0,0,0,0,0,0,0,0,0
충북지부,2016,성인교육,33,338,개소,0,0,0,0,0,0,0,0,0,0,0,0,0
충북지부,2016,성인교육,33,338,회차,0,0,0,0,0,0,0,0,0,0,0,0,0
충북지부,2016,성인교육,33,338,인원,0,0,0,0,0,0,0,0,0,0,0,0,0
충북지부,2016,성인교육,33,339,개소,0,0,0,0,0,0,0,0,0,0,0,0,0
충북지부,2016,성인교육,33,339,회차,0,0,0,0,0,0,0,0,0,0,0,0,0
충북지부,2016,성인교육,33,339,인원,0,0,0,0,0,0,0,0,0,0,0,0,0
충북지부,2016,성인교육,34,342,개소,0,0,0,0,0,0,0,0,0,0,0,0,0
충북지부,2016,성인교육,34,342,회차,0,0,0,0,0,0,0,0,0,0,0,0,0
충북지부,2016,성인교육,34,342,인원,0,0,0,0,0,0,0,0,0,0,0,0,0
충북지부,2016,성인교육,34,343,개소,0,0,0,0,0,0,0,0,0,0,0,0,0
충북지부,2016,성인교육,34,343,회차,0,0,0,0,0,0,0,0,0,0,0,0,0
충북지부,2016,성인교육,34,343,인원,0,0,0,0,0,0,0,0,0,0,0,0,0
충북지부,2016,성인교육,34,346,개소,0,0,0,0,0,0,0,0,0,0,0,0,0
충북지부,2016,성인교육,34,346,회차,0,0,0,0,0,0,0,0,0,0,0,0,0
충북지부,2016,성인교육,34,346,인원,0,0,0,0,0,0,0,0,0,0,0,0,0
충북지부,2016,성인교육,34,348,개소,0,0,0,0,0,0,0,0,0,0,0,0,0
충북지부,2016,성인교육,34,348,회차,0,0,0,0,0,0,0,0,0,0,0,0,0
충북지부,2016,성인교육,34,348,인원,0,0,0,0,0,0,0,0,0,0,0,0,0
충북지부,2016,성인교육,34,349,개소,0,0,0,0,0,0,0,0,0,0,0,0,0
충북지부,2016,성인교육,34,349,회차,0,0,0,0,0,0,0,0,0,0,0,0,0
충북지부,2016,성인교육,34,349,인원,0,0,0,0,0,0,0,0,0,0,0,0,0
충북지부,2016,성인교육,35,352,개소,0,0,0,0,0,0,0,0,0,0,0,0,0
충북지부,2016,성인교육,35,352,회차,0,0,0,0,0,0,0,0,0,0,0,0,0
충북지부,2016,성인교육,35,352,인원,0,0,0,0,0,0,0,0,0,0,0,0,0
충북지부,2016,성인교육,35,353,개소,0,0,0,0,0,0,0,0,0,0,0,0,0
충북지부,2016,성인교육,35,353,회차,0,0,0,0,0,0,0,0,0,0,0,0,0
충북지부,2016,성인교육,35,353,인원,0,0,0,0,0,0,0,0,0,0,0,0,0
충북지부,2016,성인교육,35,356,개소,0,0,0,0,0,0,0,0,0,0,0,0,0
충북지부,2016,성인교육,35,356,회차,0,0,0,0,0,0,0,0,0,0,0,0,0
충북지부,2016,성인교육,35,356,인원,0,0,0,0,0,0,0,0,0,0,0,0,0
충북지부,2016,성인교육,35,358,개소,0,0,0,0,0,0,0,0,0,0,0,0,0
충북지부,2016,성인교육,35,358,회차,0,0,0,0,0,0,0,0,0,0,0,0,0
충북지부,2016,성인교육,35,358,인원,0,0,0,0,0,0,0,0,0,0,0,0,0
충북지부,2016,성인교육,35,359,개소,0,0,0,0,0,0,0,0,0,0,0,0,0
충북지부,2016,성인교육,35,359,회차,0,0,0,0,0,0,0,0,0,0,0,0,0
충북지부,2016,성인교육,35,359,인원,0,0,0,0,0,0,0,0,0,0,0,0,0
충북지부,2016,성인교육,36,362,개소,0,0,0,0,0,0,0,0,0,0,0,0,0
충북지부,2016,성인교육,36,362,회차,0,0,0,0,0,0,0,0,0,0,0,0,0
충북지부,2016,성인교육,36,362,인원,0,0,0,0,0,0,0,0,0,0,0,0,0
충북지부,2016,성인교육,36,363,개소,0,0,0,0,0,0,0,0,0,0,0,0,0
충북지부,2016,성인교육,36,363,회차,0,0,0,0,0,0,0,0,0,0,0,0,0
충북지부,2016,성인교육,36,363,인원,0,0,0,0,0,0,0,0,0,0,0,0,0
충북지부,2016,성인교육,36,365,개소,0,0,0,0,0,0,0,0,0,0,0,0,0
충북지부,2016,성인교육,36,365,회차,0,0,0,0,0,0,0,0,0,0,0,0,0
충북지부,2016,성인교육,36,365,인원,0,0,0,0,0,0,0,0,0,0,0,0,0
충북지부,2016,성인교육,36,366,개소,0,0,0,0,0,0,0,0,0,0,0,0,0
충북지부,2016,성인교육,36,366,회차,0,0,0,0,0,0,0,0,0,0,0,0,0
충북지부,2016,성인교육,36,366,인원,0,0,0,0,0,0,0,0,0,0,0,0,0
충북지부,2016,성인교육,36,368,개소,0,0,0,0,0,0,0,0,0,0,0,0,0
충북지부,2016,성인교육,36,368,회차,0,0,0,0,0,0,0,0,0,0,0,0,0
충북지부,2016,성인교육,36,368,인원,0,0,0,0,0,0,0,0,0,0,0,0,0
충북지부,2016,성인교육,36,369,개소,0,0,0,0,0,0,0,0,0,0,0,0,0
충북지부,2016,성인교육,36,369,회차,0,0,0,0,0,0,0,0,0,0,0,0,0
충북지부,2016,성인교육,36,369,인원,0,0,0,0,0,0,0,0,0,0,0,0,0
충북지부,2016,성인교육,37,372,개소,0,0,0,0,0,0,0,0,0,0,0,0,0
충북지부,2016,성인교육,37,372,회차,0,0,0,0,0,0,0,0,0,0,0,0,0
충북지부,2016,성인교육,37,372,인원,0,0,0,0,0,0,0,0,0,0,0,0,0
충북지부,2016,성인교육,37,373,개소,0,0,0,0,0,0,0,0,0,0,0,0,0
충북지부,2016,성인교육,37,373,회차,0,0,0,0,0,0,0,0,0,0,0,0,0
충북지부,2016,성인교육,37,373,인원,0,0,0,0,0,0,0,0,0,0,0,0,0
충북지부,2016,성인교육,37,376,개소,0,0,0,0,0,0,0,0,0,0,0,0,0
충북지부,2016,성인교육,37,376,회차,0,0,0,0,0,0,0,0,0,0,0,0,0
충북지부,2016,성인교육,37,376,인원,0,0,0,0,0,0,0,0,0,0,0,0,0
충북지부,2016,성인교육,37,378,개소,0,0,0,0,0,0,0,0,0,0,0,0,0
충북지부,2016,성인교육,37,378,회차,0,0,0,0,0,0,0,0,0,0,0,0,0
충북지부,2016,성인교육,37,378,인원,0,0,0,0,0,0,0,0,0,0,0,0,0
충북지부,2016,성인교육,37,379,개소,0,0,0,0,0,0,0,0,0,0,0,0,0
충북지부,2016,성인교육,37,379,회차,0,0,0,0,0,0,0,0,0,0,0,0,0
충북지부,2016,성인교육,37,379,인원,0,0,0,0,0,0,0,0,0,0,0,0,0
충북지부,2016,성인교육,38,381,개소,0,0,0,0,0,0,0,0,0,0,0,0,0
충북지부,2016,성인교육,38,381,회차,0,0,0,0,0,0,0,0,0,0,0,0,0
충북지부,2016,성인교육,38,381,인원,0,0,0,0,0,0,0,0,0,0,0,0,0
충북지부,2016,성인교육,38,382,개소,0,0,0,0,0,0,0,0,0,0,0,0,0
충북지부,2016,성인교육,38,382,회차,0,0,0,0,0,0,0,0,0,0,0,0,0
충북지부,2016,성인교육,38,382,인원,0,0,0,0,0,0,0,0,0,0,0,0,0
충북지부,2016,성인교육,38,386,개소,0,0,0,0,0,0,0,0,0,0,0,0,0
충북지부,2016,성인교육,38,386,회차,0,0,0,0,0,0,0,0,0,0,0,0,0
충북지부,2016,성인교육,38,386,인원,0,0,0,0,0,0,0,0,0,0,0,0,0
충북지부,2016,성인교육,38,388,개소,0,0,0,0,0,0,0,0,0,0,0,0,0
충북지부,2016,성인교육,38,388,회차,0,0,0,0,0,0,0,0,0,0,0,0,0
충북지부,2016,성인교육,38,388,인원,0,0,0,0,0,0,0,0,0,0,0,0,0
충북지부,2016,성인교육,39,392,개소,0,0,0,0,0,0,0,0,0,0,0,0,0
충북지부,2016,성인교육,39,392,회차,0,0,0,0,0,0,0,0,0,0,0,0,0
충북지부,2016,성인교육,39,392,인원,0,0,0,0,0,0,0,0,0,0,0,0,0
충북지부,2016,성인교육,39,393,개소,0,0,0,0,0,0,0,0,0,0,0,0,0
충북지부,2016,성인교육,39,393,회차,0,0,0,0,0,0,0,0,0,0,0,0,0
충북지부,2016,성인교육,39,393,인원,0,0,0,0,0,0,0,0,0,0,0,0,0
충북지부,2016,성인교육,39,396,개소,0,0,0,0,0,0,0,0,0,0,0,0,0
충북지부,2016,성인교육,39,396,회차,0,0,0,0,0,0,0,0,0,0,0,0,0
충북지부,2016,성인교육,39,396,인원,0,0,0,0,0,0,0,0,0,0,0,0,0
충북지부,2016,성인교육,39,398,개소,0,0,0,0,0,0,0,0,0,0,0,0,0
충북지부,2016,성인교육,39,398,회차,0,0,0,0,0,0,0,0,0,0,0,0,0
충북지부,2016,성인교육,39,398,인원,0,0,0,0,0,0,0,0,0,0,0,0,0
충북지부,2017,어린이교육,11,111,개소,0,0,0,0,0,0,0,0,0,0,0,0,0
충북지부,2017,어린이교육,11,111,회차,0,0,0,0,0,0,0,0,0,0,0,0,0
충북지부,2017,어린이교육,11,111,인원,0,0,0,0,0,0,0,0,0,0,0,0,0
충북지부,2017,어린이교육,11,112,개소,0,0,0,0,0,0,0,0,0,0,0,0,0
충북지부,2017,어린이교육,11,112,회차,0,0,0,0,0,0,0,0,0,0,0,0,0
충북지부,2017,어린이교육,11,112,인원,0,0,0,0,0,0,0,0,0,0,0,0,0
충북지부,2017,어린이교육,11,113,개소,0,0,0,0,0,0,0,0,0,0,0,0,0
충북지부,2017,어린이교육,11,113,회차,0,0,0,0,0,0,0,0,0,0,0,0,0
충북지부,2017,어린이교육,11,113,인원,0,0,0,0,0,0,0,0,0,0,0,0,0
충북지부,2017,어린이교육,11,114,개소,0,0,0,0,0,0,0,0,0,0,0,0,0
충북지부,2017,어린이교육,11,114,회차,0,0,0,0,0,0,0,0,0,0,0,0,0
충북지부,2017,어린이교육,11,114,인원,0,0,0,0,0,0,0,0,0,0,0,0,0
충북지부,2017,어린이교육,12,121,개소,0,0,0,0,0,0,0,0,0,0,0,0,0
충북지부,2017,어린이교육,12,121,회차,0,0,0,0,0,0,0,0,0,0,0,0,0
충북지부,2017,어린이교육,12,121,인원,0,0,0,0,0,0,0,0,0,0,0,0,0
충북지부,2017,어린이교육,12,122,개소,0,0,0,0,0,0,0,0,0,0,0,0,0
충북지부,2017,어린이교육,12,122,회차,0,0,0,0,0,0,0,0,0,0,0,0,0
충북지부,2017,어린이교육,12,122,인원,0,0,0,0,0,0,0,0,0,0,0,0,0
충북지부,2017,어린이교육,12,124,개소,0,0,0,0,0,0,0,0,0,0,0,0,0
충북지부,2017,어린이교육,12,124,회차,0,0,0,0,0,0,0,0,0,0,0,0,0
충북지부,2017,어린이교육,12,124,인원,0,0,0,0,0,0,0,0,0,0,0,0,0
충북지부,2017,어린이교육,12,127,개소,0,0,0,0,0,0,0,0,0,0,0,0,0
충북지부,2017,어린이교육,12,127,회차,0,0,0,0,0,0,0,0,0,0,0,0,0
충북지부,2017,어린이교육,12,127,인원,0,0,0,0,0,0,0,0,0,0,0,0,0
충북지부,2017,어린이교육,13,131,개소,0,0,0,0,0,0,0,0,0,0,0,0,0
충북지부,2017,어린이교육,13,131,회차,0,0,0,0,0,0,0,0,0,0,0,0,0
충북지부,2017,어린이교육,13,131,인원,0,0,0,0,0,0,0,0,0,0,0,0,0
충북지부,2017,어린이교육,13,132,개소,0,0,0,0,0,0,0,0,0,0,0,0,0
충북지부,2017,어린이교육,13,132,회차,0,0,0,0,0,0,0,0,0,0,0,0,0
충북지부,2017,어린이교육,13,132,인원,0,0,0,0,0,0,0,0,0,0,0,0,0
충북지부,2017,어린이교육,13,134,개소,0,0,0,0,0,0,0,0,0,0,0,0,0
충북지부,2017,어린이교육,13,134,회차,0,0,0,0,0,0,0,0,0,0,0,0,0
충북지부,2017,어린이교육,13,134,인원,0,0,0,0,0,0,0,0,0,0,0,0,0
충북지부,2017,어린이교육,13,137,개소,0,0,0,0,0,0,0,0,0,0,0,0,0
충북지부,2017,어린이교육,13,137,회차,0,0,0,0,0,0,0,0,0,0,0,0,0
충북지부,2017,어린이교육,13,137,인원,0,0,0,0,0,0,0,0,0,0,0,0,0
충북지부,2017,어린이교육,14,141,개소,0,0,0,0,0,0,0,0,0,0,0,0,0
충북지부,2017,어린이교육,14,141,회차,0,0,0,0,0,0,0,0,0,0,0,0,0
충북지부,2017,어린이교육,14,141,인원,0,0,0,0,0,0,0,0,0,0,0,0,0
충북지부,2017,어린이교육,14,142,개소,0,0,0,0,0,0,0,0,0,0,0,0,0
충북지부,2017,어린이교육,14,142,회차,0,0,0,0,0,0,0,0,0,0,0,0,0
충북지부,2017,어린이교육,14,142,인원,0,0,0,0,0,0,0,0,0,0,0,0,0
충북지부,2017,어린이교육,14,144,개소,0,0,0,0,0,0,0,0,0,0,0,0,0
충북지부,2017,어린이교육,14,144,회차,0,0,0,0,0,0,0,0,0,0,0,0,0
충북지부,2017,어린이교육,14,144,인원,0,0,0,0,0,0,0,0,0,0,0,0,0
충북지부,2017,어린이교육,14,147,개소,0,0,0,0,0,0,0,0,0,0,0,0,0
충북지부,2017,어린이교육,14,147,회차,0,0,0,0,0,0,0,0,0,0,0,0,0
충북지부,2017,어린이교육,14,147,인원,0,0,0,0,0,0,0,0,0,0,0,0,0
충북지부,2017,성인교육,31,312,개소,0,0,0,0,0,0,0,0,0,0,0,0,0
충북지부,2017,성인교육,31,312,회차,0,0,0,0,0,0,0,0,0,0,0,0,0
충북지부,2017,성인교육,31,312,인원,0,0,0,0,0,0,0,0,0,0,0,0,0
충북지부,2017,성인교육,31,313,개소,0,0,0,0,0,0,0,0,0,0,0,0,0
충북지부,2017,성인교육,31,313,회차,0,0,0,0,0,0,0,0,0,0,0,0,0
충북지부,2017,성인교육,31,313,인원,0,0,0,0,0,0,0,0,0,0,0,0,0
충북지부,2017,성인교육,31,314,개소,0,0,0,0,0,0,0,0,0,0,0,0,0
충북지부,2017,성인교육,31,314,회차,0,0,0,0,0,0,0,0,0,0,0,0,0
충북지부,2017,성인교육,31,314,인원,0,0,0,0,0,0,0,0,0,0,0,0,0
충북지부,2017,성인교육,31,316,개소,0,0,0,0,0,0,0,0,0,0,0,0,0
충북지부,2017,성인교육,31,316,회차,0,0,0,0,0,0,0,0,0,0,0,0,0
충북지부,2017,성인교육,31,316,인원,0,0,0,0,0,0,0,0,0,0,0,0,0
충북지부,2017,성인교육,31,317,개소,0,0,0,0,0,0,0,0,0,0,0,0,0
충북지부,2017,성인교육,31,317,회차,0,0,0,0,0,0,0,0,0,0,0,0,0
충북지부,2017,성인교육,31,317,인원,0,0,0,0,0,0,0,0,0,0,0,0,0
충북지부,2017,성인교육,31,318,개소,0,0,0,0,0,0,0,0,0,0,0,0,0
충북지부,2017,성인교육,31,318,회차,0,0,0,0,0,0,0,0,0,0,0,0,0
충북지부,2017,성인교육,31,318,인원,0,0,0,0,0,0,0,0,0,0,0,0,0
충북지부,2017,성인교육,32,322,개소,0,0,0,0,0,0,0,0,0,0,0,0,0
충북지부,2017,성인교육,32,322,회차,0,0,0,0,0,0,0,0,0,0,0,0,0
충북지부,2017,성인교육,32,322,인원,0,0,0,0,0,0,0,0,0,0,0,0,0
충북지부,2017,성인교육,32,323,개소,0,0,0,0,0,0,0,0,0,0,0,0,0
충북지부,2017,성인교육,32,323,회차,0,0,0,0,0,0,0,0,0,0,0,0,0
충북지부,2017,성인교육,32,323,인원,0,0,0,0,0,0,0,0,0,0,0,0,0
충북지부,2017,성인교육,32,326,개소,0,0,0,0,0,0,0,0,0,0,0,0,0
충북지부,2017,성인교육,32,326,회차,0,0,0,0,0,0,0,0,0,0,0,0,0
충북지부,2017,성인교육,32,326,인원,0,0,0,0,0,0,0,0,0,0,0,0,0
충북지부,2017,성인교육,32,328,개소,0,0,0,0,0,0,0,0,0,0,0,0,0
충북지부,2017,성인교육,32,328,회차,0,0,0,0,0,0,0,0,0,0,0,0,0
충북지부,2017,성인교육,32,328,인원,0,0,0,0,0,0,0,0,0,0,0,0,0
충북지부,2017,성인교육,33,332,개소,0,0,0,0,0,0,0,0,0,0,0,0,0
충북지부,2017,성인교육,33,332,회차,0,0,0,0,0,0,0,0,0,0,0,0,0
충북지부,2017,성인교육,33,332,인원,0,0,0,0,0,0,0,0,0,0,0,0,0
충북지부,2017,성인교육,33,333,개소,0,0,0,0,0,0,0,0,0,0,0,0,0
충북지부,2017,성인교육,33,333,회차,0,0,0,0,0,0,0,0,0,0,0,0,0
충북지부,2017,성인교육,33,333,인원,0,0,0,0,0,0,0,0,0,0,0,0,0
충북지부,2017,성인교육,33,336,개소,0,0,0,0,0,0,0,0,0,0,0,0,0
충북지부,2017,성인교육,33,336,회차,0,0,0,0,0,0,0,0,0,0,0,0,0
충북지부,2017,성인교육,33,336,인원,0,0,0,0,0,0,0,0,0,0,0,0,0
충북지부,2017,성인교육,33,338,개소,0,0,0,0,0,0,0,0,0,0,0,0,0
충북지부,2017,성인교육,33,338,회차,0,0,0,0,0,0,0,0,0,0,0,0,0
충북지부,2017,성인교육,33,338,인원,0,0,0,0,0,0,0,0,0,0,0,0,0
충북지부,2017,성인교육,34,342,개소,0,0,0,0,0,0,0,0,0,0,0,0,0
충북지부,2017,성인교육,34,342,회차,0,0,0,0,0,0,0,0,0,0,0,0,0
충북지부,2017,성인교육,34,342,인원,0,0,0,0,0,0,0,0,0,0,0,0,0
충북지부,2017,성인교육,34,343,개소,0,0,0,0,0,0,0,0,0,0,0,0,0
충북지부,2017,성인교육,34,343,회차,0,0,0,0,0,0,0,0,0,0,0,0,0
충북지부,2017,성인교육,34,343,인원,0,0,0,0,0,0,0,0,0,0,0,0,0
충북지부,2017,성인교육,34,346,개소,0,0,0,0,0,0,0,0,0,0,0,0,0
충북지부,2017,성인교육,34,346,회차,0,0,0,0,0,0,0,0,0,0,0,0,0
충북지부,2017,성인교육,34,346,인원,0,0,0,0,0,0,0,0,0,0,0,0,0
충북지부,2017,성인교육,34,348,개소,0,0,0,0,0,0,0,0,0,0,0,0,0
충북지부,2017,성인교육,34,348,회차,0,0,0,0,0,0,0,0,0,0,0,0,0
충북지부,2017,성인교육,34,348,인원,0,0,0,0,0,0,0,0,0,0,0,0,0
충북지부,2017,성인교육,35,352,개소,0,0,0,0,0,0,0,0,0,0,0,0,0
충북지부,2017,성인교육,35,352,회차,0,0,0,0,0,0,0,0,0,0,0,0,0
충북지부,2017,성인교육,35,352,인원,0,0,0,0,0,0,0,0,0,0,0,0,0
충북지부,2017,성인교육,35,353,개소,0,0,0,0,0,0,0,0,0,0,0,0,0
충북지부,2017,성인교육,35,353,회차,0,0,0,0,0,0,0,0,0,0,0,0,0
충북지부,2017,성인교육,35,353,인원,0,0,0,0,0,0,0,0,0,0,0,0,0
충북지부,2017,성인교육,35,356,개소,0,0,0,0,0,0,0,0,0,0,0,0,0
충북지부,2017,성인교육,35,356,회차,0,0,0,0,0,0,0,0,0,0,0,0,0
충북지부,2017,성인교육,35,356,인원,0,0,0,0,0,0,0,0,0,0,0,0,0
충북지부,2017,성인교육,35,358,개소,0,0,0,0,0,0,0,0,0,0,0,0,0
충북지부,2017,성인교육,35,358,회차,0,0,0,0,0,0,0,0,0,0,0,0,0
충북지부,2017,성인교육,35,358,인원,0,0,0,0,0,0,0,0,0,0,0,0,0
충북지부,2017,성인교육,36,362,개소,0,0,0,0,0,0,0,0,0,0,0,0,0
충북지부,2017,성인교육,36,362,회차,0,0,0,0,0,0,0,0,0,0,0,0,0
충북지부,2017,성인교육,36,362,인원,0,0,0,0,0,0,0,0,0,0,0,0,0
충북지부,2017,성인교육,36,363,개소,0,0,0,0,0,0,0,0,0,0,0,0,0
충북지부,2017,성인교육,36,363,회차,0,0,0,0,0,0,0,0,0,0,0,0,0
충북지부,2017,성인교육,36,363,인원,0,0,0,0,0,0,0,0,0,0,0,0,0
충북지부,2017,성인교육,36,365,개소,0,0,0,0,0,0,0,0,0,0,0,0,0
충북지부,2017,성인교육,36,365,회차,0,0,0,0,0,0,0,0,0,0,0,0,0
충북지부,2017,성인교육,36,365,인원,0,0,0,0,0,0,0,0,0,0,0,0,0
충북지부,2017,성인교육,36,366,개소,0,0,0,0,0,0,0,0,0,0,0,0,0
충북지부,2017,성인교육,36,366,회차,0,0,0,0,0,0,0,0,0,0,0,0,0
충북지부,2017,성인교육,36,366,인원,0,0,0,0,0,0,0,0,0,0,0,0,0
충북지부,2017,성인교육,36,368,개소,0,0,0,0,0,0,0,0,0,0,0,0,0
충북지부,2017,성인교육,36,368,회차,0,0,0,0,0,0,0,0,0,0,0,0,0
충북지부,2017,성인교육,36,368,인원,0,0,0,0,0,0,0,0,0,0,0,0,0
충북지부,2017,성인교육,37,372,개소,0,0,0,0,0,0,0,0,0,0,0,0,0
충북지부,2017,성인교육,37,372,회차,0,0,0,0,0,0,0,0,0,0,0,0,0
충북지부,2017,성인교육,37,372,인원,0,0,0,0,0,0,0,0,0,0,0,0,0
충북지부,2017,성인교육,37,373,개소,0,0,0,0,0,0,0,0,0,0,0,0,0
충북지부,2017,성인교육,37,373,회차,0,0,0,0,0,0,0,0,0,0,0,0,0
충북지부,2017,성인교육,37,373,인원,0,0,0,0,0,0,0,0,0,0,0,0,0
충북지부,2017,성인교육,37,376,개소,0,0,0,0,0,0,0,0,0,0,0,0,0
충북지부,2017,성인교육,37,376,회차,0,0,0,0,0,0,0,0,0,0,0,0,0
충북지부,2017,성인교육,37,376,인원,0,0,0,0,0,0,0,0,0,0,0,0,0
충북지부,2017,성인교육,37,378,개소,0,0,0,0,0,0,0,0,0,0,0,0,0
충북지부,2017,성인교육,37,378,회차,0,0,0,0,0,0,0,0,0,0,0,0,0
충북지부,2017,성인교육,37,378,인원,0,0,0,0,0,0,0,0,0,0,0,0,0
충북지부,2017,성인교육,38,381,개소,0,0,0,0,0,0,0,0,0,0,0,0,0
충북지부,2017,성인교육,38,381,회차,0,0,0,0,0,0,0,0,0,0,0,0,0
충북지부,2017,성인교육,38,381,인원,0,0,0,0,0,0,0,0,0,0,0,0,0
충북지부,2017,성인교육,38,382,개소,0,0,0,0,0,0,0,0,0,0,0,0,0
충북지부,2017,성인교육,38,382,회차,0,0,0,0,0,0,0,0,0,0,0,0,0
충북지부,2017,성인교육,38,382,인원,0,0,0,0,0,0,0,0,0,0,0,0,0
충북지부,2017,성인교육,38,386,개소,0,0,0,0,0,0,0,0,0,0,0,0,0
충북지부,2017,성인교육,38,386,회차,0,0,0,0,0,0,0,0,0,0,0,0,0
충북지부,2017,성인교육,38,386,인원,0,0,0,0,0,0,0,0,0,0,0,0,0
충북지부,2017,성인교육,38,388,개소,0,0,0,0,0,0,0,0,0,0,0,0,0
충북지부,2017,성인교육,38,388,회차,0,0,0,0,0,0,0,0,0,0,0,0,0
충북지부,2017,성인교육,38,388,인원,0,0,0,0,0,0,0,0,0,0,0,0,0
충북지부,2017,성인교육,39,392,개소,0,0,0,0,0,0,0,0,0,0,0,0,0
충북지부,2017,성인교육,39,392,회차,0,0,0,0,0,0,0,0,0,0,0,0,0
충북지부,2017,성인교육,39,392,인원,0,0,0,0,0,0,0,0,0,0,0,0,0
충북지부,2017,성인교육,39,393,개소,0,0,0,0,0,0,0,0,0,0,0,0,0
충북지부,2017,성인교육,39,393,회차,0,0,0,0,0,0,0,0,0,0,0,0,0
충북지부,2017,성인교육,39,393,인원,0,0,0,0,0,0,0,0,0,0,0,0,0
충북지부,2017,성인교육,39,396,개소,0,0,0,0,0,0,0,0,0,0,0,0,0
충북지부,2017,성인교육,39,396,회차,0,0,0,0,0,0,0,0,0,0,0,0,0
충북지부,2017,성인교육,39,396,인원,0,0,0,0,0,0,0,0,0,0,0,0,0
충북지부,2017,성인교육,39,398,개소,0,0,0,0,0,0,0,0,0,0,0,0,0
충북지부,2017,성인교육,39,398,회차,0,0,0,0,0,0,0,0,0,0,0,0,0
충북지부,2017,성인교육,39,398,인원,0,0,0,0,0,0,0,0,0,0,0,0,0
충북지부,2018,어린이교육,11,111,인원,3488,3488,3488,3488,3488,3488,3488,3488,3488,3488,3488,3488,41856
충북지부,2018,어린이교육,11,111,개소,0,0,0,0,0,0,0,0,0,0,0,0,0
충북지부,2018,어린이교육,11,111,회차,0,0,0,0,0,0,0,0,0,0,0,0,0
충북지부,2018,어린이교육,11,112,개소,0,0,0,0,0,0,0,0,0,0,0,0,0
충북지부,2018,어린이교육,11,112,회차,0,0,0,0,0,0,0,0,0,0,0,0,0
충북지부,2018,어린이교육,11,112,인원,0,0,0,0,0,0,0,0,0,0,0,0,0
충북지부,2018,어린이교육,11,113,개소,0,0,0,0,0,0,0,0,0,0,0,0,0
충북지부,2018,어린이교육,11,113,회차,0,0,0,0,0,0,0,0,0,0,0,0,0
충북지부,2018,어린이교육,11,113,인원,0,0,0,0,0,0,0,0,0,0,0,0,0
충북지부,2018,어린이교육,11,114,개소,0,0,0,0,0,0,0,0,0,0,0,0,0
충북지부,2018,어린이교육,11,114,회차,0,0,0,0,0,0,0,0,0,0,0,0,0
충북지부,2018,어린이교육,11,114,인원,0,0,0,0,0,0,0,0,0,0,0,0,0
충북지부,2018,어린이교육,12,121,인원,2408,2408,2408,2408,2408,2408,2408,2408,2408,2408,2408,2412,28900
충북지부,2018,어린이교육,12,121,개소,0,0,0,0,0,0,0,0,0,0,0,0,0
충북지부,2018,어린이교육,12,121,회차,0,0,0,0,0,0,0,0,0,0,0,0,0
충북지부,2018,어린이교육,12,122,인원,996,996,996,996,996,996,996,996,996,996,996,1003,11959
충북지부,2018,어린이교육,12,122,개소,0,0,0,0,0,0,0,0,0,0,0,0,0
충북지부,2018,어린이교육,12,122,회차,0,0,0,0,0,0,0,0,0,0,0,0,0
충북지부,2018,어린이교육,12,124,인원,83,83,83,83,83,83,83,83,83,83,83,84,997
충북지부,2018,어린이교육,12,124,개소,0,0,0,0,0,0,0,0,0,0,0,0,0
충북지부,2018,어린이교육,12,124,회차,0,0,0,0,0,0,0,0,0,0,0,0,0
충북지부,2018,어린이교육,12,127,인원,166,166,166,166,166,166,166,166,166,166,166,167,1993
충북지부,2018,어린이교육,12,127,개소,0,0,0,0,0,0,0,0,0,0,0,0,0
충북지부,2018,어린이교육,12,127,회차,0,0,0,0,0,0,0,0,0,0,0,0,0
충북지부,2018,어린이교육,13,131,인원,415,415,415,415,415,415,415,415,415,415,415,418,4983
충북지부,2018,어린이교육,13,131,개소,0,0,0,0,0,0,0,0,0,0,0,0,0
충북지부,2018,어린이교육,13,131,회차,0,0,0,0,0,0,0,0,0,0,0,0,0
충북지부,2018,어린이교육,13,132,인원,41,41,41,41,41,41,41,41,41,41,41,47,498
충북지부,2018,어린이교육,13,132,개소,0,0,0,0,0,0,0,0,0,0,0,0,0
충북지부,2018,어린이교육,13,132,회차,0,0,0,0,0,0,0,0,0,0,0,0,0
충북지부,2018,어린이교육,13,134,개소,0,0,0,0,0,0,0,0,0,0,0,0,0
충북지부,2018,어린이교육,13,134,회차,0,0,0,0,0,0,0,0,0,0,0,0,0
충북지부,2018,어린이교육,13,134,인원,0,0,0,0,0,0,0,0,0,0,0,0,0
충북지부,2018,어린이교육,13,137,인원,41,41,41,41,41,41,41,41,41,41,41,47,498
충북지부,2018,어린이교육,13,137,개소,0,0,0,0,0,0,0,0,0,0,0,0,0
충북지부,2018,어린이교육,13,137,회차,0,0,0,0,0,0,0,0,0,0,0,0,0
충북지부,2018,어린이교육,14,141,인원,664,664,664,664,664,664,664,664,664,664,664,668,7972
충북지부,2018,어린이교육,14,141,개소,0,0,0,0,0,0,0,0,0,0,0,0,0
충북지부,2018,어린이교육,14,141,회차,0,0,0,0,0,0,0,0,0,0,0,0,0
충북지부,2018,어린이교육,14,142,개소,0,0,0,0,0,0,0,0,0,0,0,0,0
충북지부,2018,어린이교육,14,142,회차,0,0,0,0,0,0,0,0,0,0,0,0,0
충북지부,2018,어린이교육,14,142,인원,0,0,0,0,0,0,0,0,0,0,0,0,0
충북지부,2018,어린이교육,14,144,개소,0,0,0,0,0,0,0,0,0,0,0,0,0
충북지부,2018,어린이교육,14,144,회차,0,0,0,0,0,0,0,0,0,0,0,0,0
충북지부,2018,어린이교육,14,144,인원,0,0,0,0,0,0,0,0,0,0,0,0,0
충북지부,2018,어린이교육,14,147,개소,0,0,0,0,0,0,0,0,0,0,0,0,0
충북지부,2018,어린이교육,14,147,회차,0,0,0,0,0,0,0,0,0,0,0,0,0
충북지부,2018,어린이교육,14,147,인원,0,0,0,0,0,0,0,0,0,0,0,0,0
충북지부,2018,청소년교육,21,211,인원,19,19,19,19,19,19,19,19,19,19,19,27,236
충북지부,2018,청소년교육,21,211,개소,0,0,0,0,0,0,0,0,0,0,0,0,0
충북지부,2018,청소년교육,21,211,회차,0,0,0,0,0,0,0,0,0,0,0,0,0
충북지부,2018,청소년교육,21,212,인원,2,2,2,2,2,3,3,3,3,3,3,3,31
충북지부,2018,청소년교육,21,212,개소,0,0,0,0,0,0,0,0,0,0,0,0,0
충북지부,2018,청소년교육,21,212,회차,0,0,0,0,0,0,0,0,0,0,0,0,0
충북지부,2018,청소년교육,21,214,인원,2,2,2,2,2,3,3,3,3,3,3,3,31
충북지부,2018,청소년교육,21,214,개소,0,0,0,0,0,0,0,0,0,0,0,0,0
충북지부,2018,청소년교육,21,214,회차,0,0,0,0,0,0,0,0,0,0,0,0,0
충북지부,2018,청소년교육,21,217,개소,0,0,0,0,0,0,0,0,0,0,0,0,0
충북지부,2018,청소년교육,21,217,회차,0,0,0,0,0,0,0,0,0,0,0,0,0
충북지부,2018,청소년교육,21,217,인원,0,0,0,0,0,0,0,0,0,0,0,0,0
충북지부,2018,청소년교육,21,218,인원,1,1,1,1,1,1,1,1,2,2,2,2,16
충북지부,2018,청소년교육,21,218,개소,0,0,0,0,0,0,0,0,0,0,0,0,0
충북지부,2018,청소년교육,21,218,회차,0,0,0,0,0,0,0,0,0,0,0,0,0
충북지부,2018,청소년교육,22,221,인원,58,58,58,58,58,58,58,58,58,58,58,69,707
충북지부,2018,청소년교육,22,221,개소,0,0,0,0,0,0,0,0,0,0,0,0,0
충북지부,2018,청소년교육,22,221,회차,0,0,0,0,0,0,0,0,0,0,0,0,0
충북지부,2018,청소년교육,22,222,인원,10,10,10,10,10,10,10,10,10,10,10,16,126
충북지부,2018,청소년교육,22,222,개소,0,0,0,0,0,0,0,0,0,0,0,0,0
충북지부,2018,청소년교육,22,222,회차,0,0,0,0,0,0,0,0,0,0,0,0,0
충북지부,2018,청소년교육,22,223,개소,0,0,0,0,0,0,0,0,0,0,0,0,0
충북지부,2018,청소년교육,22,223,회차,0,0,0,0,0,0,0,0,0,0,0,0,0
충북지부,2018,청소년교육,22,223,인원,0,0,0,0,0,0,0,0,0,0,0,0,0
충북지부,2018,청소년교육,22,224,인원,2,2,2,2,2,2,2,2,2,2,2,9,31
충북지부,2018,청소년교육,22,224,개소,0,0,0,0,0,0,0,0,0,0,0,0,0
충북지부,2018,청소년교육,22,224,회차,0,0,0,0,0,0,0,0,0,0,0,0,0
충북지부,2018,청소년교육,22,226,인원,32,32,32,32,32,32,32,32,32,32,32,41,393
충북지부,2018,청소년교육,22,226,개소,0,0,0,0,0,0,0,0,0,0,0,0,0
충북지부,2018,청소년교육,22,226,회차,0,0,0,0,0,0,0,0,0,0,0,0,0
충북지부,2018,청소년교육,22,227,개소,0,0,0,0,0,0,0,0,0,0,0,0,0
충북지부,2018,청소년교육,22,227,회차,0,0,0,0,0,0,0,0,0,0,0,0,0
충북지부,2018,청소년교육,22,227,인원,0,0,0,0,0,0,0,0,0,0,0,0,0
충북지부,2018,청소년교육,22,228,개소,0,0,0,0,0,0,0,0,0,0,0,0,0
충북지부,2018,청소년교육,22,228,회차,0,0,0,0,0,0,0,0,0,0,0,0,0
충북지부,2018,청소년교육,22,228,인원,0,0,0,0,0,0,0,0,0,0,0,0,0
충북지부,2018,성인교육,31,312,인원,19,19,19,19,19,19,19,19,19,19,19,23,232
충북지부,2018,성인교육,31,312,개소,0,0,0,0,0,0,0,0,0,0,0,0,0
충북지부,2018,성인교육,31,312,회차,0,0,0,0,0,0,0,0,0,0,0,0,0
충북지부,2018,성인교육,31,313,개소,0,0,0,0,0,0,0,0,0,0,0,0,0
충북지부,2018,성인교육,31,313,회차,0,0,0,0,0,0,0,0,0,0,0,0,0
충북지부,2018,성인교육,31,313,인원,0,0,0,0,0,0,0,0,0,0,0,0,0
충북지부,2018,성인교육,31,314,개소,0,0,0,0,0,0,0,0,0,0,0,0,0
충북지부,2018,성인교육,31,314,회차,0,0,0,0,0,0,0,0,0,0,0,0,0
충북지부,2018,성인교육,31,314,인원,0,0,0,0,0,0,0,0,0,0,0,0,0
충북지부,2018,성인교육,31,316,인원,386,386,386,386,386,386,386,386,386,386,386,386,4632
충북지부,2018,성인교육,31,316,개소,0,0,0,0,0,0,0,0,0,0,0,0,0
충북지부,2018,성인교육,31,316,회차,0,0,0,0,0,0,0,0,0,0,0,0,0
충북지부,2018,성인교육,31,317,개소,0,0,0,0,0,0,0,0,0,0,0,0,0
충북지부,2018,성인교육,31,317,회차,0,0,0,0,0,0,0,0,0,0,0,0,0
충북지부,2018,성인교육,31,317,인원,0,0,0,0,0,0,0,0,0,0,0,0,0
충북지부,2018,성인교육,31,318,개소,0,0,0,0,0,0,0,0,0,0,0,0,0
충북지부,2018,성인교육,31,318,회차,0,0,0,0,0,0,0,0,0,0,0,0,0
충북지부,2018,성인교육,31,318,인원,0,0,0,0,0,0,0,0,0,0,0,0,0
충북지부,2018,성인교육,31,319,개소,0,0,0,0,0,0,0,0,0,0,0,0,0
충북지부,2018,성인교육,31,319,회차,0,0,0,0,0,0,0,0,0,0,0,0,0
충북지부,2018,성인교육,31,319,인원,0,0,0,0,0,0,0,0,0,0,0,0,0
충북지부,2018,성인교육,32,322,개소,0,0,0,0,0,0,0,0,0,0,0,0,0
충북지부,2018,성인교육,32,322,회차,0,0,0,0,0,0,0,0,0,0,0,0,0
충북지부,2018,성인교육,32,322,인원,0,0,0,0,0,0,0,0,0,0,0,0,0
충북지부,2018,성인교육,32,323,개소,0,0,0,0,0,0,0,0,0,0,0,0,0
충북지부,2018,성인교육,32,323,회차,0,0,0,0,0,0,0,0,0,0,0,0,0
충북지부,2018,성인교육,32,323,인원,0,0,0,0,0,0,0,0,0,0,0,0,0
충북지부,2018,성인교육,32,326,개소,0,0,0,0,0,0,0,0,0,0,0,0,0
충북지부,2018,성인교육,32,326,회차,0,0,0,0,0,0,0,0,0,0,0,0,0
충북지부,2018,성인교육,32,326,인원,77,77,77,77,77,77,77,77,77,77,77,79,926
충북지부,2018,성인교육,32,328,개소,0,0,0,0,0,0,0,0,0,0,0,0,0
충북지부,2018,성인교육,32,328,회차,0,0,0,0,0,0,0,0,0,0,0,0,0
충북지부,2018,성인교육,32,328,인원,0,0,0,0,0,0,0,0,0,0,0,0,0
충북지부,2018,성인교육,32,329,개소,0,0,0,0,0,0,0,0,0,0,0,0,0
충북지부,2018,성인교육,32,329,회차,0,0,0,0,0,0,0,0,0,0,0,0,0
충북지부,2018,성인교육,32,329,인원,0,0,0,0,0,0,0,0,0,0,0,0,0
충북지부,2018,성인교육,33,332,개소,0,0,0,0,0,0,0,0,0,0,0,0,0
충북지부,2018,성인교육,33,332,회차,0,0,0,0,0,0,0,0,0,0,0,0,0
충북지부,2018,성인교육,33,332,인원,0,0,0,0,0,0,0,0,0,0,0,0,0
충북지부,2018,성인교육,33,333,개소,0,0,0,0,0,0,0,0,0,0,0,0,0
충북지부,2018,성인교육,33,333,회차,0,0,0,0,0,0,0,0,0,0,0,0,0
충북지부,2018,성인교육,33,333,인원,0,0,0,0,0,0,0,0,0,0,0,0,0
충북지부,2018,성인교육,33,336,개소,0,0,0,0,0,0,0,0,0,0,0,0,0
충북지부,2018,성인교육,33,336,회차,0,0,0,0,0,0,0,0,0,0,0,0,0
충북지부,2018,성인교육,33,336,인원,154,154,154,154,154,154,154,154,154,154,154,159,1853
충북지부,2018,성인교육,33,338,개소,0,0,0,0,0,0,0,0,0,0,0,0,0
충북지부,2018,성인교육,33,338,회차,0,0,0,0,0,0,0,0,0,0,0,0,0
충북지부,2018,성인교육,33,338,인원,0,0,0,0,0,0,0,0,0,0,0,0,0
충북지부,2018,성인교육,33,339,개소,0,0,0,0,0,0,0,0,0,0,0,0,0
충북지부,2018,성인교육,33,339,회차,0,0,0,0,0,0,0,0,0,0,0,0,0
충북지부,2018,성인교육,33,339,인원,0,0,0,0,0,0,0,0,0,0,0,0,0
충북지부,2018,성인교육,34,342,개소,0,0,0,0,0,0,0,0,0,0,0,0,0
충북지부,2018,성인교육,34,342,회차,0,0,0,0,0,0,0,0,0,0,0,0,0
충북지부,2018,성인교육,34,342,인원,19,19,19,19,19,19,19,19,19,19,19,23,232
충북지부,2018,성인교육,34,343,개소,0,0,0,0,0,0,0,0,0,0,0,0,0
충북지부,2018,성인교육,34,343,회차,0,0,0,0,0,0,0,0,0,0,0,0,0
충북지부,2018,성인교육,34,343,인원,0,0,0,0,0,0,0,0,0,0,0,0,0
충북지부,2018,성인교육,34,346,개소,0,0,0,0,0,0,0,0,0,0,0,0,0
충북지부,2018,성인교육,34,346,회차,0,0,0,0,0,0,0,0,0,0,0,0,0
충북지부,2018,성인교육,34,346,인원,1080,1080,1080,1080,1080,1080,1080,1080,1080,1080,1080,1089,12969
충북지부,2018,성인교육,34,348,개소,0,0,0,0,0,0,0,0,0,0,0,0,0
충북지부,2018,성인교육,34,348,회차,0,0,0,0,0,0,0,0,0,0,0,0,0
충북지부,2018,성인교육,34,348,인원,0,0,0,0,0,0,0,0,0,0,0,0,0
충북지부,2018,성인교육,34,349,개소,0,0,0,0,0,0,0,0,0,0,0,0,0
충북지부,2018,성인교육,34,349,회차,0,0,0,0,0,0,0,0,0,0,0,0,0
충북지부,2018,성인교육,34,349,인원,0,0,0,0,0,0,0,0,0,0,0,0,0
충북지부,2018,성인교육,35,352,개소,0,0,0,0,0,0,0,0,0,0,0,0,0
충북지부,2018,성인교육,35,352,회차,0,0,0,0,0,0,0,0,0,0,0,0,0
충북지부,2018,성인교육,35,352,인원,0,0,0,0,0,0,0,0,0,0,0,0,0
충북지부,2018,성인교육,35,353,개소,0,0,0,0,0,0,0,0,0,0,0,0,0
충북지부,2018,성인교육,35,353,회차,0,0,0,0,0,0,0,0,0,0,0,0,0
충북지부,2018,성인교육,35,353,인원,0,0,0,0,0,0,0,0,0,0,0,0,0
충북지부,2018,성인교육,35,356,개소,0,0,0,0,0,0,0,0,0,0,0,0,0
충북지부,2018,성인교육,35,356,회차,0,0,0,0,0,0,0,0,0,0,0,0,0
충북지부,2018,성인교육,35,356,인원,115,115,115,115,115,115,115,115,115,115,115,125,1390
충북지부,2018,성인교육,35,358,개소,0,0,0,0,0,0,0,0,0,0,0,0,0
충북지부,2018,성인교육,35,358,회차,0,0,0,0,0,0,0,0,0,0,0,0,0
충북지부,2018,성인교육,35,358,인원,0,0,0,0,0,0,0,0,0,0,0,0,0
충북지부,2018,성인교육,35,359,개소,0,0,0,0,0,0,0,0,0,0,0,0,0
충북지부,2018,성인교육,35,359,회차,0,0,0,0,0,0,0,0,0,0,0,0,0
충북지부,2018,성인교육,35,359,인원,0,0,0,0,0,0,0,0,0,0,0,0,0
충북지부,2018,성인교육,36,362,개소,0,0,0,0,0,0,0,0,0,0,0,0,0
충북지부,2018,성인교육,36,362,회차,0,0,0,0,0,0,0,0,0,0,0,0,0
충북지부,2018,성인교육,36,362,인원,19,19,19,19,19,19,19,19,19,19,19,23,232
충북지부,2018,성인교육,36,363,개소,0,0,0,0,0,0,0,0,0,0,0,0,0
충북지부,2018,성인교육,36,363,회차,0,0,0,0,0,0,0,0,0,0,0,0,0
충북지부,2018,성인교육,36,363,인원,0,0,0,0,0,0,0,0,0,0,0,0,0
충북지부,2018,성인교육,36,365,개소,0,0,0,0,0,0,0,0,0,0,0,0,0
충북지부,2018,성인교육,36,365,회차,0,0,0,0,0,0,0,0,0,0,0,0,0
충북지부,2018,성인교육,36,365,인원,0,0,0,0,0,0,0,0,0,0,0,0,0
충북지부,2018,성인교육,36,366,개소,0,0,0,0,0,0,0,0,0,0,0,0,0
충북지부,2018,성인교육,36,366,회차,0,0,0,0,0,0,0,0,0,0,0,0,0
충북지부,2018,성인교육,36,366,인원,810,810,810,810,810,810,810,810,810,810,810,817,9727
충북지부,2018,성인교육,36,368,개소,0,0,0,0,0,0,0,0,0,0,0,0,0
충북지부,2018,성인교육,36,368,회차,0,0,0,0,0,0,0,0,0,0,0,0,0
충북지부,2018,성인교육,36,368,인원,0,0,0,0,0,0,0,0,0,0,0,0,0
충북지부,2018,성인교육,36,369,개소,0,0,0,0,0,0,0,0,0,0,0,0,0
충북지부,2018,성인교육,36,369,회차,0,0,0,0,0,0,0,0,0,0,0,0,0
충북지부,2018,성인교육,36,369,인원,0,0,0,0,0,0,0,0,0,0,0,0,0
충북지부,2018,성인교육,37,372,개소,0,0,0,0,0,0,0,0,0,0,0,0,0
충북지부,2018,성인교육,37,372,회차,0,0,0,0,0,0,0,0,0,0,0,0,0
충북지부,2018,성인교육,37,372,인원,0,0,0,0,0,0,0,0,0,0,0,0,0
충북지부,2018,성인교육,37,373,개소,0,0,0,0,0,0,0,0,0,0,0,0,0
충북지부,2018,성인교육,37,373,회차,0,0,0,0,0,0,0,0,0,0,0,0,0
충북지부,2018,성인교육,37,373,인원,0,0,0,0,0,0,0,0,0,0,0,0,0
충북지부,2018,성인교육,37,376,회차,0,0,0,0,0,0,0,0,0,0,0,0,0
충북지부,2018,성인교육,37,376,개소,0,0,0,0,0,0,0,0,0,0,0,0,0
충북지부,2018,성인교육,37,376,인원,1080,1080,1080,1080,1080,1080,1080,1080,1080,1080,1080,1089,12969
충북지부,2018,성인교육,37,378,개소,0,0,0,0,0,0,0,0,0,0,0,0,0
충북지부,2018,성인교육,37,378,회차,0,0,0,0,0,0,0,0,0,0,0,0,0
충북지부,2018,성인교육,37,378,인원,0,0,0,0,0,0,0,0,0,0,0,0,0
충북지부,2018,성인교육,37,379,개소,0,0,0,0,0,0,0,0,0,0,0,0,0
충북지부,2018,성인교육,37,379,회차,0,0,0,0,0,0,0,0,0,0,0,0,0
충북지부,2018,성인교육,37,379,인원,0,0,0,0,0,0,0,0,0,0,0,0,0
충북지부,2018,성인교육,38,381,개소,0,0,0,0,0,0,0,0,0,0,0,0,0
충북지부,2018,성인교육,38,381,회차,0,0,0,0,0,0,0,0,0,0,0,0,0
충북지부,2018,성인교육,38,381,인원,19,19,19,19,19,19,19,19,19,19,19,23,232
충북지부,2018,성인교육,38,382,개소,0,0,0,0,0,0,0,0,0,0,0,0,0
충북지부,2018,성인교육,38,382,회차,0,0,0,0,0,0,0,0,0,0,0,0,0
충북지부,2018,성인교육,38,382,인원,0,0,0,0,0,0,0,0,0,0,0,0,0
충북지부,2018,성인교육,38,386,개소,0,0,0,0,0,0,0,0,0,0,0,0,0
충북지부,2018,성인교육,38,386,회차,0,0,0,0,0,0,0,0,0,0,0,0,0
충북지부,2018,성인교육,38,386,인원,0,0,0,0,0,0,0,0,0,0,0,0,0
충북지부,2018,성인교육,38,388,개소,0,0,0,0,0,0,0,0,0,0,0,0,0
충북지부,2018,성인교육,38,388,회차,0,0,0,0,0,0,0,0,0,0,0,0,0
충북지부,2018,성인교육,38,388,인원,0,0,0,0,0,0,0,0,0,0,0,0,0
충북지부,2018,성인교육,39,392,개소,0,0,0,0,0,0,0,0,0,0,0,0,0
충북지부,2018,성인교육,39,392,회차,0,0,0,0,0,0,0,0,0,0,0,0,0
충북지부,2018,성인교육,39,392,인원,0,0,0,0,0,0,0,0,0,0,0,0,0
충북지부,2018,성인교육,39,393,개소,0,0,0,0,0,0,0,0,0,0,0,0,0
충북지부,2018,성인교육,39,393,회차,0,0,0,0,0,0,0,0,0,0,0,0,0
충북지부,2018,성인교육,39,393,인원,0,0,0,0,0,0,0,0,0,0,0,0,0
충북지부,2018,성인교육,39,396,개소,0,0,0,0,0,0,0,0,0,0,0,0,0
충북지부,2018,성인교육,39,396,회차,0,0,0,0,0,0,0,0,0,0,0,0,0
충북지부,2018,성인교육,39,396,인원,77,77,77,77,77,77,77,77,77,77,77,79,926
충북지부,2018,성인교육,39,398,개소,0,0,0,0,0,0,0,0,0,0,0,0,0
충북지부,2018,성인교육,39,398,회차,0,0,0,0,0,0,0,0,0,0,0,0,0
충북지부,2018,성인교육,39,398,인원,0,0,0,0,0,0,0,0,0,0,0,0,0
충북지부,2018,고령자교육,41,411,개소,0,0,0,0,0,0,0,0,0,0,0,0,0
충북지부,2018,고령자교육,41,411,회차,0,0,0,0,0,0,0,0,0,0,0,0,0
충북지부,2018,고령자교육,41,411,인원,583,583,583,583,583,583,583,583,583,583,583,593,7006
충북지부,2018,고령자교육,41,412,개소,0,0,0,0,0,0,0,0,0,0,0,0,0
충북지부,2018,고령자교육,41,412,회차,0,0,0,0,0,0,0,0,0,0,0,0,0
충북지부,2018,고령자교육,41,412,인원,6,6,6,6,6,6,6,6,6,6,6,9,75
충북지부,2018,고령자교육,41,413,개소,0,0,0,0,0,0,0,0,0,0,0,0,0
충북지부,2018,고령자교육,41,413,회차,0,0,0,0,0,0,0,0,0,0,0,0,0
충북지부,2018,고령자교육,41,413,인원,0,0,0,0,0,0,0,0,0,0,0,0,0
충북지부,2018,고령자교육,41,417,개소,0,0,0,0,0,0,0,0,0,0,0,0,0
충북지부,2018,고령자교육,41,417,회차,0,0,0,0,0,0,0,0,0,0,0,0,0
충북지부,2018,고령자교육,41,417,인원,6,6,6,6,6,6,6,6,6,6,6,9,75
충북지부,2018,고령자교육,42,422,개소,0,0,0,0,0,0,0,0,0,0,0,0,0
충북지부,2018,고령자교육,42,422,회차,0,0,0,0,0,0,0,0,0,0,0,0,0
충북지부,2018,고령자교육,42,422,인원,0,0,0,0,0,0,0,0,0,0,0,0,0
충북지부,2018,고령자교육,42,423,개소,0,0,0,0,0,0,0,0,0,0,0,0,0
충북지부,2018,고령자교육,42,423,회차,0,0,0,0,0,0,0,0,0,0,0,0,0
충북지부,2018,고령자교육,42,423,인원,0,0,0,0,0,0,0,0,0,0,0,0,0
충북지부,2018,고령자교육,42,426,개소,0,0,0,0,0,0,0,0,0,0,0,0,0
충북지부,2018,고령자교육,42,426,회차,0,0,0,0,0,0,0,0,0,0,0,0,0
충북지부,2018,고령자교육,42,426,인원,13,13,13,13,13,13,13,13,13,13,13,16,159
충북지부,2018,교사교육,51,511,개소,0,0,0,0,0,0,0,0,0,0,0,0,0
충북지부,2018,교사교육,51,511,회차,0,0,0,0,0,0,0,0,0,0,0,0,0
충북지부,2018,교사교육,51,511,인원,0,0,0,0,0,0,0,0,0,0,0,0,0
충북지부,2018,교사교육,51,512,개소,0,0,0,0,0,0,0,0,0,0,0,0,0
충북지부,2018,교사교육,51,512,회차,0,0,0,0,0,0,0,0,0,0,0,0,0
충북지부,2018,교사교육,51,512,인원,0,0,0,0,0,0,0,0,0,0,0,0,0
충북지부,2018,교사교육,51,516,개소,0,0,0,0,0,0,0,0,0,0,0,0,0
충북지부,2018,교사교육,51,516,회차,0,0,0,0,0,0,0,0,0,0,0,0,0
충북지부,2018,교사교육,51,516,인원,0,0,0,0,0,0,0,0,0,0,0,0,0
충북지부,2018,교사교육,52,521,개소,0,0,0,0,0,0,0,0,0,0,0,0,0
충북지부,2018,교사교육,52,521,회차,0,0,0,0,0,0,0,0,0,0,0,0,0
충북지부,2018,교사교육,52,521,인원,0,0,0,0,0,0,0,0,0,0,0,0,0
충북지부,2018,교사교육,52,522,개소,0,0,0,0,0,0,0,0,0,0,0,0,0
충북지부,2018,교사교육,52,522,회차,0,0,0,0,0,0,0,0,0,0,0,0,0
충북지부,2018,교사교육,52,522,인원,0,0,0,0,0,0,0,0,0,0,0,0,0
충북지부,2018,교사교육,52,526,개소,0,0,0,0,0,0,0,0,0,0,0,0,0
충북지부,2018,교사교육,52,526,회차,0,0,0,0,0,0,0,0,0,0,0,0,0
충북지부,2018,교사교육,52,526,인원,14,14,14,14,14,14,14,14,14,14,14,15,169
충북지부,2018,교사교육,53,531,개소,0,0,0,0,0,0,0,0,0,0,0,0,0
충북지부,2018,교사교육,53,531,회차,0,0,0,0,0,0,0,0,0,0,0,0,0
충북지부,2018,교사교육,53,531,인원,0,0,0,0,0,0,0,0,0,0,0,0,0
충북지부,2018,교사교육,53,532,개소,0,0,0,0,0,0,0,0,0,0,0,0,0
충북지부,2018,교사교육,53,532,회차,0,0,0,0,0,0,0,0,0,0,0,0,0
충북지부,2018,교사교육,53,532,인원,0,0,0,0,0,0,0,0,0,0,0,0,0
충북지부,2018,교사교육,53,536,개소,0,0,0,0,0,0,0,0,0,0,0,0,0
충북지부,2018,교사교육,53,536,회차,0,0,0,0,0,0,0,0,0,0,0,0,0
충북지부,2018,교사교육,53,536,인원,7,7,7,7,7,7,7,7,7,7,7,7,84
충북지부,2018,교사교육,54,541,개소,0,0,0,0,0,0,0,0,0,0,0,0,0
충북지부,2018,교사교육,54,541,회차,0,0,0,0,0,0,0,0,0,0,0,0,0
충북지부,2018,교사교육,54,541,인원,0,0,0,0,0,0,0,0,0,0,0,0,0
충북지부,2018,교사교육,54,542,개소,0,0,0,0,0,0,0,0,0,0,0,0,0
충북지부,2018,교사교육,54,542,회차,0,0,0,0,0,0,0,0,0,0,0,0,0
충북지부,2018,교사교육,54,542,인원,0,0,0,0,0,0,0,0,0,0,0,0,0
충북지부,2018,교사교육,54,543,개소,0,0,0,0,0,0,0,0,0,0,0,0,0
충북지부,2018,교사교육,54,543,회차,0,0,0,0,0,0,0,0,0,0,0,0,0
충북지부,2018,교사교육,54,543,인원,0,0,0,0,0,0,0,0,0,0,0,0,0
충북지부,2018,교사교육,54,546,개소,0,0,0,0,0,0,0,0,0,0,0,0,0
충북지부,2018,교사교육,54,546,회차,0,0,0,0,0,0,0,0,0,0,0,0,0
충북지부,2018,교사교육,54,546,인원,7,7,7,7,7,7,7,7,7,7,7,7,84
충북지부,2019,어린이교육,11,111,개소,0,0,0,0,0,0,0,0,0,0,0,0,0
충북지부,2019,어린이교육,11,111,회차,0,0,0,0,0,0,0,0,0,0,0,0,0
충북지부,2019,어린이교육,11,111,인원,0,0,0,0,0,0,0,0,0,0,0,0,0
충북지부,2019,어린이교육,11,112,개소,0,0,0,0,0,0,0,0,0,0,0,0,0
충북지부,2019,어린이교육,11,112,회차,0,0,0,0,0,0,0,0,0,0,0,0,0
충북지부,2019,어린이교육,11,112,인원,0,0,0,0,0,0,0,0,0,0,0,0,0
충북지부,2019,어린이교육,11,113,개소,0,0,0,0,0,0,0,0,0,0,0,0,0
충북지부,2019,어린이교육,11,113,회차,0,0,0,0,0,0,0,0,0,0,0,0,0
충북지부,2019,어린이교육,11,113,인원,0,0,0,0,0,0,0,0,0,0,0,0,0
충북지부,2019,어린이교육,11,114,개소,0,0,0,0,0,0,0,0,0,0,0,0,0
충북지부,2019,어린이교육,11,114,회차,0,0,0,0,0,0,0,0,0,0,0,0,0
충북지부,2019,어린이교육,11,114,인원,0,0,0,0,0,0,0,0,0,0,0,0,0
충북지부,2019,어린이교육,12,121,개소,0,0,0,0,0,0,0,0,0,0,0,0,0
충북지부,2019,어린이교육,12,121,회차,0,0,0,0,0,0,0,0,0,0,0,0,0
충북지부,2019,어린이교육,12,121,인원,0,0,0,0,0,0,0,0,0,0,0,0,0
충북지부,2019,어린이교육,12,122,개소,0,0,0,0,0,0,0,0,0,0,0,0,0
충북지부,2019,어린이교육,12,122,회차,0,0,0,0,0,0,0,0,0,0,0,0,0
충북지부,2019,어린이교육,12,122,인원,0,0,0,0,0,0,0,0,0,0,0,0,0
충북지부,2019,어린이교육,12,124,개소,0,0,0,0,0,0,0,0,0,0,0,0,0
충북지부,2019,어린이교육,12,124,회차,0,0,0,0,0,0,0,0,0,0,0,0,0
충북지부,2019,어린이교육,12,124,인원,0,0,0,0,0,0,0,0,0,0,0,0,0
충북지부,2019,어린이교육,12,127,개소,0,0,0,0,0,0,0,0,0,0,0,0,0
충북지부,2019,어린이교육,12,127,회차,0,0,0,0,0,0,0,0,0,0,0,0,0
충북지부,2019,어린이교육,12,127,인원,0,0,0,0,0,0,0,0,0,0,0,0,0
충북지부,2019,어린이교육,13,131,개소,0,0,0,0,0,0,0,0,0,0,0,0,0
충북지부,2019,어린이교육,13,131,회차,0,0,0,0,0,0,0,0,0,0,0,0,0
충북지부,2019,어린이교육,13,131,인원,0,0,0,0,0,0,0,0,0,0,0,0,0
충북지부,2019,어린이교육,13,132,개소,0,0,0,0,0,0,0,0,0,0,0,0,0
충북지부,2019,어린이교육,13,132,회차,0,0,0,0,0,0,0,0,0,0,0,0,0
충북지부,2019,어린이교육,13,132,인원,0,0,0,0,0,0,0,0,0,0,0,0,0
충북지부,2019,어린이교육,13,134,개소,0,0,0,0,0,0,0,0,0,0,0,0,0
충북지부,2019,어린이교육,13,134,회차,0,0,0,0,0,0,0,0,0,0,0,0,0
충북지부,2019,어린이교육,13,134,인원,0,0,0,0,0,0,0,0,0,0,0,0,0
충북지부,2019,어린이교육,13,137,개소,0,0,0,0,0,0,0,0,0,0,0,0,0
충북지부,2019,어린이교육,13,137,회차,0,0,0,0,0,0,0,0,0,0,0,0,0
충북지부,2019,어린이교육,13,137,인원,0,0,0,0,0,0,0,0,0,0,0,0,0
충북지부,2019,어린이교육,14,141,개소,0,0,0,0,0,0,0,0,0,0,0,0,0
충북지부,2019,어린이교육,14,141,회차,0,0,0,0,0,0,0,0,0,0,0,0,0
충북지부,2019,어린이교육,14,141,인원,0,0,0,0,0,0,0,0,0,0,0,0,0
충북지부,2019,어린이교육,14,142,개소,0,0,0,0,0,0,0,0,0,0,0,0,0
충북지부,2019,어린이교육,14,142,회차,0,0,0,0,0,0,0,0,0,0,0,0,0
충북지부,2019,어린이교육,14,142,인원,0,0,0,0,0,0,0,0,0,0,0,0,0
충북지부,2019,어린이교육,14,144,개소,0,0,0,0,0,0,0,0,0,0,0,0,0
충북지부,2019,어린이교육,14,144,회차,0,0,0,0,0,0,0,0,0,0,0,0,0
충북지부,2019,어린이교육,14,144,인원,0,0,0,0,0,0,0,0,0,0,0,0,0
충북지부,2019,어린이교육,14,147,개소,0,0,0,0,0,0,0,0,0,0,0,0,0
충북지부,2019,어린이교육,14,147,회차,0,0,0,0,0,0,0,0,0,0,0,0,0
충북지부,2019,어린이교육,14,147,인원,0,0,0,0,0,0,0,0,0,0,0,0,0
충북지부,2019,청소년교육,21,211,회차,0,0,0,0,0,0,0,0,0,0,0,0,0
충북지부,2019,청소년교육,21,211,인원,0,0,0,0,0,0,0,0,0,0,0,0,0
충북지부,2019,청소년교육,21,211,개소,0,0,0,0,0,0,0,0,0,0,0,0,0
충북지부,2019,청소년교육,21,212,개소,0,0,0,0,0,0,0,0,0,0,0,0,0
충북지부,2019,청소년교육,21,212,회차,0,0,0,0,0,0,0,0,0,0,0,0,0
충북지부,2019,청소년교육,21,212,인원,0,0,0,0,0,0,0,0,0,0,0,0,0
충북지부,2019,청소년교육,21,214,개소,0,0,0,0,0,0,0,0,0,0,0,0,0
충북지부,2019,청소년교육,21,214,회차,0,0,0,0,0,0,0,0,0,0,0,0,0
충북지부,2019,청소년교육,21,214,인원,0,0,0,0,0,0,0,0,0,0,0,0,0
충북지부,2019,청소년교육,21,217,개소,0,0,0,0,0,0,0,0,0,0,0,0,0
충북지부,2019,청소년교육,21,217,회차,0,0,0,0,0,0,0,0,0,0,0,0,0
충북지부,2019,청소년교육,21,217,인원,0,0,0,0,0,0,0,0,0,0,0,0,0
충북지부,2019,청소년교육,21,218,개소,0,0,0,0,0,0,0,0,0,0,0,0,0
충북지부,2019,청소년교육,21,218,회차,0,0,0,0,0,0,0,0,0,0,0,0,0
충북지부,2019,청소년교육,21,218,인원,0,0,0,0,0,0,0,0,0,0,0,0,0
충북지부,2019,청소년교육,22,221,개소,0,0,0,0,0,0,0,0,0,0,0,0,0
충북지부,2019,청소년교육,22,221,회차,0,0,0,0,0,0,0,0,0,0,0,0,0
충북지부,2019,청소년교육,22,221,인원,0,0,0,0,0,0,0,0,0,0,0,0,0
충북지부,2019,청소년교육,22,222,개소,0,0,0,0,0,0,0,0,0,0,0,0,0
충북지부,2019,청소년교육,22,222,회차,0,0,0,0,0,0,0,0,0,0,0,0,0
충북지부,2019,청소년교육,22,222,인원,0,0,0,0,0,0,0,0,0,0,0,0,0
충북지부,2019,청소년교육,22,223,개소,0,0,0,0,0,0,0,0,0,0,0,0,0
충북지부,2019,청소년교육,22,223,회차,0,0,0,0,0,0,0,0,0,0,0,0,0
충북지부,2019,청소년교육,22,223,인원,0,0,0,0,0,0,0,0,0,0,0,0,0
충북지부,2019,청소년교육,22,224,개소,0,0,0,0,0,0,0,0,0,0,0,0,0
충북지부,2019,청소년교육,22,224,회차,0,0,0,0,0,0,0,0,0,0,0,0,0
충북지부,2019,청소년교육,22,224,인원,0,0,0,0,0,0,0,0,0,0,0,0,0
충북지부,2019,청소년교육,22,226,개소,0,0,0,0,0,0,0,0,0,0,0,0,0
충북지부,2019,청소년교육,22,226,회차,0,0,0,0,0,0,0,0,0,0,0,0,0
충북지부,2019,청소년교육,22,226,인원,0,0,0,0,0,0,0,0,0,0,0,0,0
충북지부,2019,청소년교육,22,227,개소,0,0,0,0,0,0,0,0,0,0,0,0,0
충북지부,2019,청소년교육,22,227,회차,0,0,0,0,0,0,0,0,0,0,0,0,0
충북지부,2019,청소년교육,22,227,인원,0,0,0,0,0,0,0,0,0,0,0,0,0
충북지부,2019,청소년교육,22,228,개소,0,0,0,0,0,0,0,0,0,0,0,0,0
충북지부,2019,청소년교육,22,228,회차,0,0,0,0,0,0,0,0,0,0,0,0,0
충북지부,2019,청소년교육,22,228,인원,0,0,0,0,0,0,0,0,0,0,0,0,0
충북지부,2019,성인교육,31,312,개소,0,0,0,0,0,0,0,0,0,0,0,0,0
충북지부,2019,성인교육,31,312,회차,0,0,0,0,0,0,0,0,0,0,0,0,0
충북지부,2019,성인교육,31,312,인원,0,0,0,0,0,0,0,0,0,0,0,0,0
충북지부,2019,성인교육,31,313,개소,0,0,0,0,0,0,0,0,0,0,0,0,0
충북지부,2019,성인교육,31,313,회차,0,0,0,0,0,0,0,0,0,0,0,0,0
충북지부,2019,성인교육,31,313,인원,0,0,0,0,0,0,0,0,0,0,0,0,0
충북지부,2019,성인교육,31,314,개소,0,0,0,0,0,0,0,0,0,0,0,0,0
충북지부,2019,성인교육,31,314,회차,0,0,0,0,0,0,0,0,0,0,0,0,0
충북지부,2019,성인교육,31,314,인원,0,0,0,0,0,0,0,0,0,0,0,0,0
충북지부,2019,성인교육,31,316,개소,0,0,0,0,0,0,0,0,0,0,0,0,0
충북지부,2019,성인교육,31,316,회차,0,0,0,0,0,0,0,0,0,0,0,0,0
충북지부,2019,성인교육,31,316,인원,0,0,0,0,0,0,0,0,0,0,0,0,0
충북지부,2019,성인교육,31,317,개소,0,0,0,0,0,0,0,0,0,0,0,0,0
충북지부,2019,성인교육,31,317,회차,0,0,0,0,0,0,0,0,0,0,0,0,0
충북지부,2019,성인교육,31,317,인원,0,0,0,0,0,0,0,0,0,0,0,0,0
충북지부,2019,성인교육,31,318,개소,0,0,0,0,0,0,0,0,0,0,0,0,0
충북지부,2019,성인교육,31,318,회차,0,0,0,0,0,0,0,0,0,0,0,0,0
충북지부,2019,성인교육,31,318,인원,0,0,0,0,0,0,0,0,0,0,0,0,0
충북지부,2019,성인교육,31,319,개소,0,0,0,0,0,0,0,0,0,0,0,0,0
충북지부,2019,성인교육,31,319,회차,0,0,0,0,0,0,0,0,0,0,0,0,0
충북지부,2019,성인교육,31,319,인원,0,0,0,0,0,0,0,0,0,0,0,0,0
충북지부,2019,성인교육,32,322,개소,0,0,0,0,0,0,0,0,0,0,0,0,0
충북지부,2019,성인교육,32,322,회차,0,0,0,0,0,0,0,0,0,0,0,0,0
충북지부,2019,성인교육,32,322,인원,0,0,0,0,0,0,0,0,0,0,0,0,0
충북지부,2019,성인교육,32,323,개소,0,0,0,0,0,0,0,0,0,0,0,0,0
충북지부,2019,성인교육,32,323,회차,0,0,0,0,0,0,0,0,0,0,0,0,0
충북지부,2019,성인교육,32,323,인원,0,0,0,0,0,0,0,0,0,0,0,0,0
충북지부,2019,성인교육,32,326,개소,0,0,0,0,0,0,0,0,0,0,0,0,0
충북지부,2019,성인교육,32,326,회차,0,0,0,0,0,0,0,0,0,0,0,0,0
충북지부,2019,성인교육,32,326,인원,0,0,0,0,0,0,0,0,0,0,0,0,0
충북지부,2019,성인교육,32,328,개소,0,0,0,0,0,0,0,0,0,0,0,0,0
충북지부,2019,성인교육,32,328,회차,0,0,0,0,0,0,0,0,0,0,0,0,0
충북지부,2019,성인교육,32,328,인원,0,0,0,0,0,0,0,0,0,0,0,0,0
충북지부,2019,성인교육,32,329,개소,0,0,0,0,0,0,0,0,0,0,0,0,0
충북지부,2019,성인교육,32,329,회차,0,0,0,0,0,0,0,0,0,0,0,0,0
충북지부,2019,성인교육,32,329,인원,0,0,0,0,0,0,0,0,0,0,0,0,0
충북지부,2019,성인교육,33,332,개소,0,0,0,0,0,0,0,0,0,0,0,0,0
충북지부,2019,성인교육,33,332,회차,0,0,0,0,0,0,0,0,0,0,0,0,0
충북지부,2019,성인교육,33,332,인원,0,0,0,0,0,0,0,0,0,0,0,0,0
충북지부,2019,성인교육,33,333,개소,0,0,0,0,0,0,0,0,0,0,0,0,0
충북지부,2019,성인교육,33,333,회차,0,0,0,0,0,0,0,0,0,0,0,0,0
충북지부,2019,성인교육,33,333,인원,0,0,0,0,0,0,0,0,0,0,0,0,0
충북지부,2019,성인교육,33,336,개소,0,0,0,0,0,0,0,0,0,0,0,0,0
충북지부,2019,성인교육,33,336,회차,0,0,0,0,0,0,0,0,0,0,0,0,0
충북지부,2019,성인교육,33,336,인원,0,0,0,0,0,0,0,0,0,0,0,0,0
충북지부,2019,성인교육,33,338,개소,0,0,0,0,0,0,0,0,0,0,0,0,0
충북지부,2019,성인교육,33,338,회차,0,0,0,0,0,0,0,0,0,0,0,0,0
충북지부,2019,성인교육,33,338,인원,0,0,0,0,0,0,0,0,0,0,0,0,0
충북지부,2019,성인교육,33,339,개소,0,0,0,0,0,0,0,0,0,0,0,0,0
충북지부,2019,성인교육,33,339,회차,0,0,0,0,0,0,0,0,0,0,0,0,0
충북지부,2019,성인교육,33,339,인원,0,0,0,0,0,0,0,0,0,0,0,0,0
충북지부,2019,성인교육,34,342,개소,0,0,0,0,0,0,0,0,0,0,0,0,0
충북지부,2019,성인교육,34,342,회차,0,0,0,0,0,0,0,0,0,0,0,0,0
충북지부,2019,성인교육,34,342,인원,0,0,0,0,0,0,0,0,0,0,0,0,0
충북지부,2019,성인교육,34,343,개소,0,0,0,0,0,0,0,0,0,0,0,0,0
충북지부,2019,성인교육,34,343,회차,0,0,0,0,0,0,0,0,0,0,0,0,0
충북지부,2019,성인교육,34,343,인원,0,0,0,0,0,0,0,0,0,0,0,0,0
충북지부,2019,성인교육,34,346,개소,0,0,0,0,0,0,0,0,0,0,0,0,0
충북지부,2019,성인교육,34,346,회차,0,0,0,0,0,0,0,0,0,0,0,0,0
충북지부,2019,성인교육,34,346,인원,0,0,0,0,0,0,0,0,0,0,0,0,0
충북지부,2019,성인교육,34,348,개소,0,0,0,0,0,0,0,0,0,0,0,0,0
충북지부,2019,성인교육,34,348,회차,0,0,0,0,0,0,0,0,0,0,0,0,0
충북지부,2019,성인교육,34,348,인원,0,0,0,0,0,0,0,0,0,0,0,0,0
충북지부,2019,성인교육,34,349,개소,0,0,0,0,0,0,0,0,0,0,0,0,0
충북지부,2019,성인교육,34,349,회차,0,0,0,0,0,0,0,0,0,0,0,0,0
충북지부,2019,성인교육,34,349,인원,0,0,0,0,0,0,0,0,0,0,0,0,0
충북지부,2019,성인교육,35,352,개소,0,0,0,0,0,0,0,0,0,0,0,0,0
충북지부,2019,성인교육,35,352,회차,0,0,0,0,0,0,0,0,0,0,0,0,0
충북지부,2019,성인교육,35,352,인원,0,0,0,0,0,0,0,0,0,0,0,0,0
충북지부,2019,성인교육,35,353,개소,0,0,0,0,0,0,0,0,0,0,0,0,0
충북지부,2019,성인교육,35,353,회차,0,0,0,0,0,0,0,0,0,0,0,0,0
충북지부,2019,성인교육,35,353,인원,0,0,0,0,0,0,0,0,0,0,0,0,0
충북지부,2019,성인교육,35,356,개소,0,0,0,0,0,0,0,0,0,0,0,0,0
충북지부,2019,성인교육,35,356,회차,0,0,0,0,0,0,0,0,0,0,0,0,0
충북지부,2019,성인교육,35,356,인원,0,0,0,0,0,0,0,0,0,0,0,0,0
충북지부,2019,성인교육,35,358,개소,0,0,0,0,0,0,0,0,0,0,0,0,0
충북지부,2019,성인교육,35,358,회차,0,0,0,0,0,0,0,0,0,0,0,0,0
충북지부,2019,성인교육,35,358,인원,0,0,0,0,0,0,0,0,0,0,0,0,0
충북지부,2019,성인교육,35,359,개소,0,0,0,0,0,0,0,0,0,0,0,0,0
충북지부,2019,성인교육,35,359,회차,0,0,0,0,0,0,0,0,0,0,0,0,0
충북지부,2019,성인교육,35,359,인원,0,0,0,0,0,0,0,0,0,0,0,0,0
충북지부,2019,성인교육,36,362,개소,0,0,0,0,0,0,0,0,0,0,0,0,0
충북지부,2019,성인교육,36,362,회차,0,0,0,0,0,0,0,0,0,0,0,0,0
충북지부,2019,성인교육,36,362,인원,0,0,0,0,0,0,0,0,0,0,0,0,0
충북지부,2019,성인교육,36,363,개소,0,0,0,0,0,0,0,0,0,0,0,0,0
충북지부,2019,성인교육,36,363,회차,0,0,0,0,0,0,0,0,0,0,0,0,0
충북지부,2019,성인교육,36,363,인원,0,0,0,0,0,0,0,0,0,0,0,0,0
충북지부,2019,성인교육,36,365,개소,0,0,0,0,0,0,0,0,0,0,0,0,0
충북지부,2019,성인교육,36,365,회차,0,0,0,0,0,0,0,0,0,0,0,0,0
충북지부,2019,성인교육,36,365,인원,0,0,0,0,0,0,0,0,0,0,0,0,0
충북지부,2019,성인교육,36,366,개소,0,0,0,0,0,0,0,0,0,0,0,0,0
충북지부,2019,성인교육,36,366,회차,0,0,0,0,0,0,0,0,0,0,0,0,0
충북지부,2019,성인교육,36,366,인원,0,0,0,0,0,0,0,0,0,0,0,0,0
충북지부,2019,성인교육,36,368,개소,0,0,0,0,0,0,0,0,0,0,0,0,0
충북지부,2019,성인교육,36,368,회차,0,0,0,0,0,0,0,0,0,0,0,0,0
충북지부,2019,성인교육,36,368,인원,0,0,0,0,0,0,0,0,0,0,0,0,0
충북지부,2019,성인교육,36,369,개소,0,0,0,0,0,0,0,0,0,0,0,0,0
충북지부,2019,성인교육,36,369,회차,0,0,0,0,0,0,0,0,0,0,0,0,0
충북지부,2019,성인교육,36,369,인원,0,0,0,0,0,0,0,0,0,0,0,0,0
충북지부,2019,성인교육,37,372,개소,0,0,0,0,0,0,0,0,0,0,0,0,0
충북지부,2019,성인교육,37,372,회차,0,0,0,0,0,0,0,0,0,0,0,0,0
충북지부,2019,성인교육,37,372,인원,0,0,0,0,0,0,0,0,0,0,0,0,0
충북지부,2019,성인교육,37,373,개소,0,0,0,0,0,0,0,0,0,0,0,0,0
충북지부,2019,성인교육,37,373,회차,0,0,0,0,0,0,0,0,0,0,0,0,0
충북지부,2019,성인교육,37,373,인원,0,0,0,0,0,0,0,0,0,0,0,0,0
충북지부,2019,성인교육,37,376,개소,0,0,0,0,0,0,0,0,0,0,0,0,0
충북지부,2019,성인교육,37,376,회차,0,0,0,0,0,0,0,0,0,0,0,0,0
충북지부,2019,성인교육,37,376,인원,0,0,0,0,0,0,0,0,0,0,0,0,0
충북지부,2019,성인교육,37,378,개소,0,0,0,0,0,0,0,0,0,0,0,0,0
충북지부,2019,성인교육,37,378,회차,0,0,0,0,0,0,0,0,0,0,0,0,0
충북지부,2019,성인교육,37,378,인원,0,0,0,0,0,0,0,0,0,0,0,0,0
충북지부,2019,성인교육,37,379,개소,0,0,0,0,0,0,0,0,0,0,0,0,0
충북지부,2019,성인교육,37,379,회차,0,0,0,0,0,0,0,0,0,0,0,0,0
충북지부,2019,성인교육,37,379,인원,0,0,0,0,0,0,0,0,0,0,0,0,0
충북지부,2019,성인교육,38,381,개소,0,0,0,0,0,0,0,0,0,0,0,0,0
충북지부,2019,성인교육,38,381,회차,0,0,0,0,0,0,0,0,0,0,0,0,0
충북지부,2019,성인교육,38,381,인원,0,0,0,0,0,0,0,0,0,0,0,0,0
충북지부,2019,성인교육,38,382,개소,0,0,0,0,0,0,0,0,0,0,0,0,0
충북지부,2019,성인교육,38,382,회차,0,0,0,0,0,0,0,0,0,0,0,0,0
충북지부,2019,성인교육,38,382,인원,0,0,0,0,0,0,0,0,0,0,0,0,0
충북지부,2019,성인교육,38,386,개소,0,0,0,0,0,0,0,0,0,0,0,0,0
충북지부,2019,성인교육,38,386,회차,0,0,0,0,0,0,0,0,0,0,0,0,0
충북지부,2019,성인교육,38,386,인원,0,0,0,0,0,0,0,0,0,0,0,0,0
충북지부,2019,성인교육,38,388,개소,0,0,0,0,0,0,0,0,0,0,0,0,0
충북지부,2019,성인교육,38,388,회차,0,0,0,0,0,0,0,0,0,0,0,0,0
충북지부,2019,성인교육,38,388,인원,0,0,0,0,0,0,0,0,0,0,0,0,0
충북지부,2019,성인교육,39,392,개소,0,0,0,0,0,0,0,0,0,0,0,0,0
충북지부,2019,성인교육,39,392,회차,0,0,0,0,0,0,0,0,0,0,0,0,0
충북지부,2019,성인교육,39,392,인원,0,0,0,0,0,0,0,0,0,0,0,0,0
충북지부,2019,성인교육,39,393,개소,0,0,0,0,0,0,0,0,0,0,0,0,0
충북지부,2019,성인교육,39,393,회차,0,0,0,0,0,0,0,0,0,0,0,0,0
충북지부,2019,성인교육,39,393,인원,0,0,0,0,0,0,0,0,0,0,0,0,0
충북지부,2019,성인교육,39,396,개소,0,0,0,0,0,0,0,0,0,0,0,0,0
충북지부,2019,성인교육,39,396,회차,0,0,0,0,0,0,0,0,0,0,0,0,0
충북지부,2019,성인교육,39,396,인원,0,0,0,0,0,0,0,0,0,0,0,0,0
충북지부,2019,성인교육,39,398,개소,0,0,0,0,0,0,0,0,0,0,0,0,0
충북지부,2019,성인교육,39,398,회차,0,0,0,0,0,0,0,0,0,0,0,0,0
충북지부,2019,성인교육,39,398,인원,0,0,0,0,0,0,0,0,0,0,0,0,0
충북지부,2019,고령자교육,41,411,개소,0,0,0,0,0,0,0,0,0,0,0,0,0
충북지부,2019,고령자교육,41,411,회차,0,0,0,0,0,0,0,0,0,0,0,0,0
충북지부,2019,고령자교육,41,411,인원,0,0,0,0,0,0,0,0,0,0,0,0,0
충북지부,2019,고령자교육,41,412,개소,0,0,0,0,0,0,0,0,0,0,0,0,0
충북지부,2019,고령자교육,41,412,회차,0,0,0,0,0,0,0,0,0,0,0,0,0
충북지부,2019,고령자교육,41,412,인원,0,0,0,0,0,0,0,0,0,0,0,0,0
충북지부,2019,고령자교육,41,413,개소,0,0,0,0,0,0,0,0,0,0,0,0,0
충북지부,2019,고령자교육,41,413,회차,0,0,0,0,0,0,0,0,0,0,0,0,0
충북지부,2019,고령자교육,41,413,인원,0,0,0,0,0,0,0,0,0,0,0,0,0
충북지부,2019,고령자교육,41,417,개소,0,0,0,0,0,0,0,0,0,0,0,0,0
충북지부,2019,고령자교육,41,417,회차,0,0,0,0,0,0,0,0,0,0,0,0,0
충북지부,2019,고령자교육,41,417,인원,0,0,0,0,0,0,0,0,0,0,0,0,0
충북지부,2019,고령자교육,42,422,개소,0,0,0,0,0,0,0,0,0,0,0,0,0
충북지부,2019,고령자교육,42,422,회차,0,0,0,0,0,0,0,0,0,0,0,0,0
충북지부,2019,고령자교육,42,422,인원,0,0,0,0,0,0,0,0,0,0,0,0,0
충북지부,2019,고령자교육,42,423,개소,0,0,0,0,0,0,0,0,0,0,0,0,0
충북지부,2019,고령자교육,42,423,회차,0,0,0,0,0,0,0,0,0,0,0,0,0
충북지부,2019,고령자교육,42,423,인원,0,0,0,0,0,0,0,0,0,0,0,0,0
충북지부,2019,고령자교육,42,426,개소,0,0,0,0,0,0,0,0,0,0,0,0,0
충북지부,2019,고령자교육,42,426,회차,0,0,0,0,0,0,0,0,0,0,0,0,0
충북지부,2019,고령자교육,42,426,인원,0,0,0,0,0,0,0,0,0,0,0,0,0
충북지부,2019,교사교육,51,511,개소,0,0,0,0,0,0,0,0,0,0,0,0,0
충북지부,2019,교사교육,51,511,회차,0,0,0,0,0,0,0,0,0,0,0,0,0
충북지부,2019,교사교육,51,511,인원,0,0,0,0,0,0,0,0,0,0,0,0,0
충북지부,2019,교사교육,51,512,개소,0,0,0,0,0,0,0,0,0,0,0,0,0
충북지부,2019,교사교육,51,512,회차,0,0,0,0,0,0,0,0,0,0,0,0,0
충북지부,2019,교사교육,51,512,인원,0,0,0,0,0,0,0,0,0,0,0,0,0
충북지부,2019,교사교육,51,516,개소,0,0,0,0,0,0,0,0,0,0,0,0,0
충북지부,2019,교사교육,51,516,회차,0,0,0,0,0,0,0,0,0,0,0,0,0
충북지부,2019,교사교육,51,516,인원,0,0,0,0,0,0,0,0,0,0,0,0,0
충북지부,2019,교사교육,52,521,개소,0,0,0,0,0,0,0,0,0,0,0,0,0
충북지부,2019,교사교육,52,521,회차,0,0,0,0,0,0,0,0,0,0,0,0,0
충북지부,2019,교사교육,52,521,인원,0,0,0,0,0,0,0,0,0,0,0,0,0
충북지부,2019,교사교육,52,522,개소,0,0,0,0,0,0,0,0,0,0,0,0,0
충북지부,2019,교사교육,52,522,회차,0,0,0,0,0,0,0,0,0,0,0,0,0
충북지부,2019,교사교육,52,522,인원,0,0,0,0,0,0,0,0,0,0,0,0,0
충북지부,2019,교사교육,52,526,개소,0,0,0,0,0,0,0,0,0,0,0,0,0
충북지부,2019,교사교육,52,526,회차,0,0,0,0,0,0,0,0,0,0,0,0,0
충북지부,2019,교사교육,52,526,인원,0,0,0,0,0,0,0,0,0,0,0,0,0
충북지부,2019,교사교육,53,531,개소,0,0,0,0,0,0,0,0,0,0,0,0,0
충북지부,2019,교사교육,53,531,회차,0,0,0,0,0,0,0,0,0,0,0,0,0
충북지부,2019,교사교육,53,531,인원,0,0,0,0,0,0,0,0,0,0,0,0,0
충북지부,2019,교사교육,53,532,개소,0,0,0,0,0,0,0,0,0,0,0,0,0
충북지부,2019,교사교육,53,532,회차,0,0,0,0,0,0,0,0,0,0,0,0,0
충북지부,2019,교사교육,53,532,인원,0,0,0,0,0,0,0,0,0,0,0,0,0
충북지부,2019,교사교육,53,536,개소,0,0,0,0,0,0,0,0,0,0,0,0,0
충북지부,2019,교사교육,53,536,회차,0,0,0,0,0,0,0,0,0,0,0,0,0
충북지부,2019,교사교육,53,536,인원,0,0,0,0,0,0,0,0,0,0,0,0,0
충북지부,2019,교사교육,54,541,개소,0,0,0,0,0,0,0,0,0,0,0,0,0
충북지부,2019,교사교육,54,541,회차,0,0,0,0,0,0,0,0,0,0,0,0,0
충북지부,2019,교사교육,54,541,인원,0,0,0,0,0,0,0,0,0,0,0,0,0
충북지부,2019,교사교육,54,542,개소,0,0,0,0,0,0,0,0,0,0,0,0,0
충북지부,2019,교사교육,54,542,회차,0,0,0,0,0,0,0,0,0,0,0,0,0
충북지부,2019,교사교육,54,542,인원,0,0,0,0,0,0,0,0,0,0,0,0,0
충북지부,2019,교사교육,54,543,개소,0,0,0,0,0,0,0,0,0,0,0,0,0
충북지부,2019,교사교육,54,543,회차,0,0,0,0,0,0,0,0,0,0,0,0,0
충북지부,2019,교사교육,54,543,인원,0,0,0,0,0,0,0,0,0,0,0,0,0
충북지부,2019,교사교육,54,546,개소,0,0,0,0,0,0,0,0,0,0,0,0,0
충북지부,2019,교사교육,54,546,회차,0,0,0,0,0,0,0,0,0,0,0,0,0
충북지부,2019,교사교육,54,546,인원,0,0,0,0,0,0,0,0,0,0,0,0,0
충북지부,2020,어린이교육,11,111,개소,0,0,0,0,0,0,0,0,0,0,0,0,0
충북지부,2020,어린이교육,11,111,회차,0,0,0,0,0,0,0,0,0,0,0,0,0
충북지부,2020,어린이교육,11,111,인원,0,0,0,0,0,0,0,0,0,0,0,0,0
충북지부,2020,어린이교육,11,112,개소,0,0,0,0,0,0,0,0,0,0,0,0,0
충북지부,2020,어린이교육,11,112,회차,0,0,0,0,0,0,0,0,0,0,0,0,0
충북지부,2020,어린이교육,11,112,인원,0,0,0,0,0,0,0,0,0,0,0,0,0
충북지부,2020,어린이교육,11,113,개소,0,0,0,0,0,0,0,0,0,0,0,0,0
충북지부,2020,어린이교육,11,113,회차,0,0,0,0,0,0,0,0,0,0,0,0,0
충북지부,2020,어린이교육,11,113,인원,0,0,0,0,0,0,0,0,0,0,0,0,0
충북지부,2020,어린이교육,11,114,개소,0,0,0,0,0,0,0,0,0,0,0,0,0
충북지부,2020,어린이교육,11,114,회차,0,0,0,0,0,0,0,0,0,0,0,0,0
충북지부,2020,어린이교육,11,114,인원,0,0,0,0,0,0,0,0,0,0,0,0,0
충북지부,2020,어린이교육,12,121,개소,0,0,0,0,0,0,0,0,0,0,0,0,0
충북지부,2020,어린이교육,12,121,회차,0,0,0,0,0,0,0,0,0,0,0,0,0
충북지부,2020,어린이교육,12,121,인원,0,0,0,0,0,0,0,0,0,0,0,0,0
충북지부,2020,어린이교육,12,122,개소,0,0,0,0,0,0,0,0,0,0,0,0,0
충북지부,2020,어린이교육,12,122,회차,0,0,0,0,0,0,0,0,0,0,0,0,0
충북지부,2020,어린이교육,12,122,인원,0,0,0,0,0,0,0,0,0,0,0,0,0
충북지부,2020,어린이교육,12,124,개소,0,0,0,0,0,0,0,0,0,0,0,0,0
충북지부,2020,어린이교육,12,124,회차,0,0,0,0,0,0,0,0,0,0,0,0,0
충북지부,2020,어린이교육,12,124,인원,0,0,0,0,0,0,0,0,0,0,0,0,0
충북지부,2020,어린이교육,12,127,개소,0,0,0,0,0,0,0,0,0,0,0,0,0
충북지부,2020,어린이교육,12,127,회차,0,0,0,0,0,0,0,0,0,0,0,0,0
충북지부,2020,어린이교육,12,127,인원,0,0,0,0,0,0,0,0,0,0,0,0,0
충북지부,2020,어린이교육,13,131,개소,0,0,0,0,0,0,0,0,0,0,0,0,0
충북지부,2020,어린이교육,13,131,회차,0,0,0,0,0,0,0,0,0,0,0,0,0
충북지부,2020,어린이교육,13,131,인원,0,0,0,0,0,0,0,0,0,0,0,0,0
충북지부,2020,어린이교육,13,132,개소,0,0,0,0,0,0,0,0,0,0,0,0,0
충북지부,2020,어린이교육,13,132,회차,0,0,0,0,0,0,0,0,0,0,0,0,0
충북지부,2020,어린이교육,13,132,인원,0,0,0,0,0,0,0,0,0,0,0,0,0
충북지부,2020,어린이교육,13,134,개소,0,0,0,0,0,0,0,0,0,0,0,0,0
충북지부,2020,어린이교육,13,134,회차,0,0,0,0,0,0,0,0,0,0,0,0,0
충북지부,2020,어린이교육,13,134,인원,0,0,0,0,0,0,0,0,0,0,0,0,0
충북지부,2020,어린이교육,13,137,개소,0,0,0,0,0,0,0,0,0,0,0,0,0
충북지부,2020,어린이교육,13,137,회차,0,0,0,0,0,0,0,0,0,0,0,0,0
충북지부,2020,어린이교육,13,137,인원,0,0,0,0,0,0,0,0,0,0,0,0,0
충북지부,2020,어린이교육,14,141,개소,0,0,0,0,0,0,0,0,0,0,0,0,0
충북지부,2020,어린이교육,14,141,회차,0,0,0,0,0,0,0,0,0,0,0,0,0
충북지부,2020,어린이교육,14,141,인원,0,0,0,0,0,0,0,0,0,0,0,0,0
충북지부,2020,어린이교육,14,142,개소,0,0,0,0,0,0,0,0,0,0,0,0,0
충북지부,2020,어린이교육,14,142,회차,0,0,0,0,0,0,0,0,0,0,0,0,0
충북지부,2020,어린이교육,14,142,인원,0,0,0,0,0,0,0,0,0,0,0,0,0
충북지부,2020,어린이교육,14,144,개소,0,0,0,0,0,0,0,0,0,0,0,0,0
충북지부,2020,어린이교육,14,144,회차,0,0,0,0,0,0,0,0,0,0,0,0,0
충북지부,2020,어린이교육,14,144,인원,0,0,0,0,0,0,0,0,0,0,0,0,0
충북지부,2020,어린이교육,14,147,개소,0,0,0,0,0,0,0,0,0,0,0,0,0
충북지부,2020,어린이교육,14,147,회차,0,0,0,0,0,0,0,0,0,0,0,0,0
충북지부,2020,어린이교육,14,147,인원,0,0,0,0,0,0,0,0,0,0,0,0,0
충북지부,2021,어린이교육,11,111,개소,0,0,0,0,0,0,0,0,0,0,0,0,0
충북지부,2021,어린이교육,11,111,회차,0,0,0,0,0,0,0,0,0,0,0,0,0
충북지부,2021,어린이교육,11,111,인원,0,0,0,0,0,0,0,0,0,0,0,0,0
충북지부,2021,어린이교육,11,112,개소,0,0,0,0,0,0,0,0,0,0,0,0,0
충북지부,2021,어린이교육,11,112,회차,0,0,0,0,0,0,0,0,0,0,0,0,0
충북지부,2021,어린이교육,11,112,인원,0,0,0,0,0,0,0,0,0,0,0,0,0
충북지부,2021,어린이교육,11,113,개소,0,0,0,0,0,0,0,0,0,0,0,0,0
충북지부,2021,어린이교육,11,113,회차,0,0,0,0,0,0,0,0,0,0,0,0,0
충북지부,2021,어린이교육,11,113,인원,0,0,0,0,0,0,0,0,0,0,0,0,0
충북지부,2021,어린이교육,11,114,개소,0,0,0,0,0,0,0,0,0,0,0,0,0
충북지부,2021,어린이교육,11,114,회차,0,0,0,0,0,0,0,0,0,0,0,0,0
충북지부,2021,어린이교육,11,114,인원,0,0,0,0,0,0,0,0,0,0,0,0,0
충북지부,2021,어린이교육,12,121,개소,0,0,0,0,0,0,0,0,0,0,0,0,0
충북지부,2021,어린이교육,12,121,회차,0,0,0,0,0,0,0,0,0,0,0,0,0
충북지부,2021,어린이교육,12,121,인원,0,0,0,0,0,0,0,0,0,0,0,0,0
충북지부,2021,어린이교육,12,122,개소,0,0,0,0,0,0,0,0,0,0,0,0,0
충북지부,2021,어린이교육,12,122,회차,0,0,0,0,0,0,0,0,0,0,0,0,0
충북지부,2021,어린이교육,12,122,인원,0,0,0,0,0,0,0,0,0,0,0,0,0
충북지부,2021,어린이교육,12,124,개소,0,0,0,0,0,0,0,0,0,0,0,0,0
충북지부,2021,어린이교육,12,124,회차,0,0,0,0,0,0,0,0,0,0,0,0,0
충북지부,2021,어린이교육,12,124,인원,0,0,0,0,0,0,0,0,0,0,0,0,0
충북지부,2021,어린이교육,12,127,개소,0,0,0,0,0,0,0,0,0,0,0,0,0
충북지부,2021,어린이교육,12,127,회차,0,0,0,0,0,0,0,0,0,0,0,0,0
충북지부,2021,어린이교육,12,127,인원,0,0,0,0,0,0,0,0,0,0,0,0,0
충북지부,2021,어린이교육,13,131,개소,0,0,0,0,0,0,0,0,0,0,0,0,0
충북지부,2021,어린이교육,13,131,회차,0,0,0,0,0,0,0,0,0,0,0,0,0
충북지부,2021,어린이교육,13,131,인원,0,0,0,0,0,0,0,0,0,0,0,0,0
충북지부,2021,어린이교육,13,132,개소,0,0,0,0,0,0,0,0,0,0,0,0,0
충북지부,2021,어린이교육,13,132,회차,0,0,0,0,0,0,0,0,0,0,0,0,0
충북지부,2021,어린이교육,13,132,인원,0,0,0,0,0,0,0,0,0,0,0,0,0
충북지부,2021,어린이교육,13,134,개소,0,0,0,0,0,0,0,0,0,0,0,0,0
충북지부,2021,어린이교육,13,134,회차,0,0,0,0,0,0,0,0,0,0,0,0,0
충북지부,2021,어린이교육,13,134,인원,0,0,0,0,0,0,0,0,0,0,0,0,0
충북지부,2021,어린이교육,13,137,개소,0,0,0,0,0,0,0,0,0,0,0,0,0
충북지부,2021,어린이교육,13,137,회차,0,0,0,0,0,0,0,0,0,0,0,0,0
충북지부,2021,어린이교육,13,137,인원,0,0,0,0,0,0,0,0,0,0,0,0,0
충북지부,2021,어린이교육,14,141,개소,0,0,0,0,0,0,0,0,0,0,0,0,0
충북지부,2021,어린이교육,14,141,회차,0,0,0,0,0,0,0,0,0,0,0,0,0
충북지부,2021,어린이교육,14,141,인원,0,0,0,0,0,0,0,0,0,0,0,0,0
충북지부,2021,어린이교육,14,142,개소,0,0,0,0,0,0,0,0,0,0,0,0,0
충북지부,2021,어린이교육,14,142,회차,0,0,0,0,0,0,0,0,0,0,0,0,0
충북지부,2021,어린이교육,14,142,인원,0,0,0,0,0,0,0,0,0,0,0,0,0
충북지부,2021,어린이교육,14,144,개소,0,0,0,0,0,0,0,0,0,0,0,0,0
충북지부,2021,어린이교육,14,144,회차,0,0,0,0,0,0,0,0,0,0,0,0,0
충북지부,2021,어린이교육,14,144,인원,0,0,0,0,0,0,0,0,0,0,0,0,0
충북지부,2021,어린이교육,14,147,개소,0,0,0,0,0,0,0,0,0,0,0,0,0
충북지부,2021,어린이교육,14,147,회차,0,0,0,0,0,0,0,0,0,0,0,0,0
충북지부,2021,어린이교육,14,147,인원,0,0,0,0,0,0,0,0,0,0,0,0,0
충북지부,2021,청소년교육,21,211,개소,0,0,0,0,0,0,0,0,0,0,0,0,0
충북지부,2021,청소년교육,21,211,회차,0,0,0,0,0,0,0,0,0,0,0,0,0
충북지부,2021,청소년교육,21,211,인원,0,0,0,0,0,0,0,0,0,0,0,0,0
충북지부,2021,청소년교육,21,212,개소,0,0,0,0,0,0,0,0,0,0,0,0,0
충북지부,2021,청소년교육,21,212,회차,0,0,0,0,0,0,0,0,0,0,0,0,0
충북지부,2021,청소년교육,21,212,인원,0,0,0,0,0,0,0,0,0,0,0,0,0
충북지부,2021,청소년교육,21,214,개소,0,0,0,0,0,0,0,0,0,0,0,0,0
충북지부,2021,청소년교육,21,214,회차,0,0,0,0,0,0,0,0,0,0,0,0,0
충북지부,2021,청소년교육,21,214,인원,0,0,0,0,0,0,0,0,0,0,0,0,0
충북지부,2021,청소년교육,21,217,개소,0,0,0,0,0,0,0,0,0,0,0,0,0
충북지부,2021,청소년교육,21,217,회차,0,0,0,0,0,0,0,0,0,0,0,0,0
충북지부,2021,청소년교육,21,217,인원,0,0,0,0,0,0,0,0,0,0,0,0,0
충북지부,2021,청소년교육,21,218,개소,0,0,0,0,0,0,0,0,0,0,0,0,0
충북지부,2021,청소년교육,21,218,회차,0,0,0,0,0,0,0,0,0,0,0,0,0
충북지부,2021,청소년교육,21,218,인원,0,0,0,0,0,0,0,0,0,0,0,0,0
충북지부,2021,청소년교육,22,221,개소,0,0,0,0,0,0,0,0,0,0,0,0,0
충북지부,2021,청소년교육,22,221,회차,0,0,0,0,0,0,0,0,0,0,0,0,0
충북지부,2021,청소년교육,22,221,인원,0,0,0,0,0,0,0,0,0,0,0,0,0
충북지부,2021,청소년교육,22,222,개소,0,0,0,0,0,0,0,0,0,0,0,0,0
충북지부,2021,청소년교육,22,222,회차,0,0,0,0,0,0,0,0,0,0,0,0,0
충북지부,2021,청소년교육,22,222,인원,0,0,0,0,0,0,0,0,0,0,0,0,0
충북지부,2021,청소년교육,22,223,개소,0,0,0,0,0,0,0,0,0,0,0,0,0
충북지부,2021,청소년교육,22,223,회차,0,0,0,0,0,0,0,0,0,0,0,0,0
충북지부,2021,청소년교육,22,223,인원,0,0,0,0,0,0,0,0,0,0,0,0,0
충북지부,2021,청소년교육,22,224,개소,0,0,0,0,0,0,0,0,0,0,0,0,0
충북지부,2021,청소년교육,22,224,회차,0,0,0,0,0,0,0,0,0,0,0,0,0
충북지부,2021,청소년교육,22,224,인원,0,0,0,0,0,0,0,0,0,0,0,0,0
충북지부,2021,청소년교육,22,226,개소,0,0,0,0,0,0,0,0,0,0,0,0,0
충북지부,2021,청소년교육,22,226,회차,0,0,0,0,0,0,0,0,0,0,0,0,0
충북지부,2021,청소년교육,22,226,인원,0,0,0,0,0,0,0,0,0,0,0,0,0
충북지부,2021,청소년교육,22,227,개소,0,0,0,0,0,0,0,0,0,0,0,0,0
충북지부,2021,청소년교육,22,227,회차,0,0,0,0,0,0,0,0,0,0,0,0,0
충북지부,2021,청소년교육,22,227,인원,0,0,0,0,0,0,0,0,0,0,0,0,0
충북지부,2021,청소년교육,22,228,개소,0,0,0,0,0,0,0,0,0,0,0,0,0
충북지부,2021,청소년교육,22,228,회차,0,0,0,0,0,0,0,0,0,0,0,0,0
충북지부,2021,청소년교육,22,228,인원,0,0,0,0,0,0,0,0,0,0,0,0,0
충북지부,2021,성인교육,31,312,개소,0,0,0,0,0,0,0,0,0,0,0,0,0
충북지부,2021,성인교육,31,312,회차,0,0,0,0,0,0,0,0,0,0,0,0,0
충북지부,2021,성인교육,31,312,인원,0,0,0,0,0,0,0,0,0,0,0,0,0
충북지부,2021,성인교육,31,313,개소,0,0,0,0,0,0,0,0,0,0,0,0,0
충북지부,2021,성인교육,31,313,회차,0,0,0,0,0,0,0,0,0,0,0,0,0
충북지부,2021,성인교육,31,313,인원,0,0,0,0,0,0,0,0,0,0,0,0,0
충북지부,2021,성인교육,31,314,개소,0,0,0,0,0,0,0,0,0,0,0,0,0
충북지부,2021,성인교육,31,314,회차,0,0,0,0,0,0,0,0,0,0,0,0,0
충북지부,2021,성인교육,31,314,인원,0,0,0,0,0,0,0,0,0,0,0,0,0
충북지부,2021,성인교육,31,316,개소,0,0,0,0,0,0,0,0,0,0,0,0,0
충북지부,2021,성인교육,31,316,회차,0,0,0,0,0,0,0,0,0,0,0,0,0
충북지부,2021,성인교육,31,316,인원,0,0,0,0,0,0,0,0,0,0,0,0,0
충북지부,2021,성인교육,31,317,개소,0,0,0,0,0,0,0,0,0,0,0,0,0
충북지부,2021,성인교육,31,317,회차,0,0,0,0,0,0,0,0,0,0,0,0,0
충북지부,2021,성인교육,31,317,인원,0,0,0,0,0,0,0,0,0,0,0,0,0
충북지부,2021,성인교육,31,318,개소,0,0,0,0,0,0,0,0,0,0,0,0,0
충북지부,2021,성인교육,31,318,회차,0,0,0,0,0,0,0,0,0,0,0,0,0
충북지부,2021,성인교육,31,318,인원,0,0,0,0,0,0,0,0,0,0,0,0,0
충북지부,2021,성인교육,31,319,개소,0,0,0,0,0,0,0,0,0,0,0,0,0
충북지부,2021,성인교육,31,319,회차,0,0,0,0,0,0,0,0,0,0,0,0,0
충북지부,2021,성인교육,31,319,인원,0,0,0,0,0,0,0,0,0,0,0,0,0
충북지부,2021,성인교육,32,322,개소,0,0,0,0,0,0,0,0,0,0,0,0,0
충북지부,2021,성인교육,32,322,회차,0,0,0,0,0,0,0,0,0,0,0,0,0
충북지부,2021,성인교육,32,322,인원,0,0,0,0,0,0,0,0,0,0,0,0,0
충북지부,2021,성인교육,32,323,개소,0,0,0,0,0,0,0,0,0,0,0,0,0
충북지부,2021,성인교육,32,323,회차,0,0,0,0,0,0,0,0,0,0,0,0,0
충북지부,2021,성인교육,32,323,인원,0,0,0,0,0,0,0,0,0,0,0,0,0
충북지부,2021,성인교육,32,326,개소,0,0,0,0,0,0,0,0,0,0,0,0,0
충북지부,2021,성인교육,32,326,회차,0,0,0,0,0,0,0,0,0,0,0,0,0
충북지부,2021,성인교육,32,326,인원,0,0,0,0,0,0,0,0,0,0,0,0,0
충북지부,2021,성인교육,32,328,개소,0,0,0,0,0,0,0,0,0,0,0,0,0
충북지부,2021,성인교육,32,328,회차,0,0,0,0,0,0,0,0,0,0,0,0,0
충북지부,2021,성인교육,32,328,인원,0,0,0,0,0,0,0,0,0,0,0,0,0
충북지부,2021,성인교육,32,329,개소,0,0,0,0,0,0,0,0,0,0,0,0,0
충북지부,2021,성인교육,32,329,회차,0,0,0,0,0,0,0,0,0,0,0,0,0
충북지부,2021,성인교육,32,329,인원,0,0,0,0,0,0,0,0,0,0,0,0,0
충북지부,2021,성인교육,33,332,개소,0,0,0,0,0,0,0,0,0,0,0,0,0
충북지부,2021,성인교육,33,332,회차,0,0,0,0,0,0,0,0,0,0,0,0,0
충북지부,2021,성인교육,33,332,인원,0,0,0,0,0,0,0,0,0,0,0,0,0
충북지부,2021,성인교육,33,333,개소,0,0,0,0,0,0,0,0,0,0,0,0,0
충북지부,2021,성인교육,33,333,회차,0,0,0,0,0,0,0,0,0,0,0,0,0
충북지부,2021,성인교육,33,333,인원,0,0,0,0,0,0,0,0,0,0,0,0,0
충북지부,2021,성인교육,33,336,개소,0,0,0,0,0,0,0,0,0,0,0,0,0
충북지부,2021,성인교육,33,336,회차,0,0,0,0,0,0,0,0,0,0,0,0,0
충북지부,2021,성인교육,33,336,인원,0,0,0,0,0,0,0,0,0,0,0,0,0
충북지부,2021,성인교육,33,338,개소,0,0,0,0,0,0,0,0,0,0,0,0,0
충북지부,2021,성인교육,33,338,회차,0,0,0,0,0,0,0,0,0,0,0,0,0
충북지부,2021,성인교육,33,338,인원,0,0,0,0,0,0,0,0,0,0,0,0,0
충북지부,2021,성인교육,33,339,개소,0,0,0,0,0,0,0,0,0,0,0,0,0
충북지부,2021,성인교육,33,339,회차,0,0,0,0,0,0,0,0,0,0,0,0,0
충북지부,2021,성인교육,33,339,인원,0,0,0,0,0,0,0,0,0,0,0,0,0
충북지부,2021,성인교육,34,342,개소,0,0,0,0,0,0,0,0,0,0,0,0,0
충북지부,2021,성인교육,34,342,회차,0,0,0,0,0,0,0,0,0,0,0,0,0
충북지부,2021,성인교육,34,342,인원,0,0,0,0,0,0,0,0,0,0,0,0,0
충북지부,2021,성인교육,34,343,개소,0,0,0,0,0,0,0,0,0,0,0,0,0
충북지부,2021,성인교육,34,343,회차,0,0,0,0,0,0,0,0,0,0,0,0,0
충북지부,2021,성인교육,34,343,인원,0,0,0,0,0,0,0,0,0,0,0,0,0
충북지부,2021,성인교육,34,346,개소,0,0,0,0,0,0,0,0,0,0,0,0,0
충북지부,2021,성인교육,34,346,회차,0,0,0,0,0,0,0,0,0,0,0,0,0
충북지부,2021,성인교육,34,346,인원,0,0,0,0,0,0,0,0,0,0,0,0,0
충북지부,2021,성인교육,34,348,개소,0,0,0,0,0,0,0,0,0,0,0,0,0
충북지부,2021,성인교육,34,348,회차,0,0,0,0,0,0,0,0,0,0,0,0,0
충북지부,2021,성인교육,34,348,인원,0,0,0,0,0,0,0,0,0,0,0,0,0
충북지부,2021,성인교육,34,349,개소,0,0,0,0,0,0,0,0,0,0,0,0,0
충북지부,2021,성인교육,34,349,회차,0,0,0,0,0,0,0,0,0,0,0,0,0
충북지부,2021,성인교육,34,349,인원,0,0,0,0,0,0,0,0,0,0,0,0,0
충북지부,2021,성인교육,35,352,개소,0,0,0,0,0,0,0,0,0,0,0,0,0
충북지부,2021,성인교육,35,352,회차,0,0,0,0,0,0,0,0,0,0,0,0,0
충북지부,2021,성인교육,35,352,인원,0,0,0,0,0,0,0,0,0,0,0,0,0
충북지부,2021,성인교육,35,353,개소,0,0,0,0,0,0,0,0,0,0,0,0,0
충북지부,2021,성인교육,35,353,회차,0,0,0,0,0,0,0,0,0,0,0,0,0
충북지부,2021,성인교육,35,353,인원,0,0,0,0,0,0,0,0,0,0,0,0,0
충북지부,2021,성인교육,35,356,개소,0,0,0,0,0,0,0,0,0,0,0,0,0
충북지부,2021,성인교육,35,356,회차,0,0,0,0,0,0,0,0,0,0,0,0,0
충북지부,2021,성인교육,35,356,인원,0,0,0,0,0,0,0,0,0,0,0,0,0
충북지부,2021,성인교육,35,358,개소,0,0,0,0,0,0,0,0,0,0,0,0,0
충북지부,2021,성인교육,35,358,회차,0,0,0,0,0,0,0,0,0,0,0,0,0
충북지부,2021,성인교육,35,358,인원,0,0,0,0,0,0,0,0,0,0,0,0,0
충북지부,2021,성인교육,35,359,개소,0,0,0,0,0,0,0,0,0,0,0,0,0
충북지부,2021,성인교육,35,359,회차,0,0,0,0,0,0,0,0,0,0,0,0,0
충북지부,2021,성인교육,35,359,인원,0,0,0,0,0,0,0,0,0,0,0,0,0
충북지부,2021,성인교육,36,362,개소,0,0,0,0,0,0,0,0,0,0,0,0,0
충북지부,2021,성인교육,36,362,회차,0,0,0,0,0,0,0,0,0,0,0,0,0
충북지부,2021,성인교육,36,362,인원,0,0,0,0,0,0,0,0,0,0,0,0,0
충북지부,2021,성인교육,36,363,개소,0,0,0,0,0,0,0,0,0,0,0,0,0
충북지부,2021,성인교육,36,363,회차,0,0,0,0,0,0,0,0,0,0,0,0,0
충북지부,2021,성인교육,36,363,인원,0,0,0,0,0,0,0,0,0,0,0,0,0
충북지부,2021,성인교육,36,365,개소,0,0,0,0,0,0,0,0,0,0,0,0,0
충북지부,2021,성인교육,36,365,회차,0,0,0,0,0,0,0,0,0,0,0,0,0
충북지부,2021,성인교육,36,365,인원,0,0,0,0,0,0,0,0,0,0,0,0,0
충북지부,2021,성인교육,36,366,개소,0,0,0,0,0,0,0,0,0,0,0,0,0
충북지부,2021,성인교육,36,366,회차,0,0,0,0,0,0,0,0,0,0,0,0,0
충북지부,2021,성인교육,36,366,인원,0,0,0,0,0,0,0,0,0,0,0,0,0
충북지부,2021,성인교육,36,368,개소,0,0,0,0,0,0,0,0,0,0,0,0,0
충북지부,2021,성인교육,36,368,회차,0,0,0,0,0,0,0,0,0,0,0,0,0
충북지부,2021,성인교육,36,368,인원,0,0,0,0,0,0,0,0,0,0,0,0,0
충북지부,2021,성인교육,36,369,개소,0,0,0,0,0,0,0,0,0,0,0,0,0
충북지부,2021,성인교육,36,369,회차,0,0,0,0,0,0,0,0,0,0,0,0,0
충북지부,2021,성인교육,36,369,인원,0,0,0,0,0,0,0,0,0,0,0,0,0
충북지부,2021,성인교육,37,372,개소,0,0,0,0,0,0,0,0,0,0,0,0,0
충북지부,2021,성인교육,37,372,회차,0,0,0,0,0,0,0,0,0,0,0,0,0
충북지부,2021,성인교육,37,372,인원,0,0,0,0,0,0,0,0,0,0,0,0,0
충북지부,2021,성인교육,37,373,개소,0,0,0,0,0,0,0,0,0,0,0,0,0
충북지부,2021,성인교육,37,373,회차,0,0,0,0,0,0,0,0,0,0,0,0,0
충북지부,2021,성인교육,37,373,인원,0,0,0,0,0,0,0,0,0,0,0,0,0
충북지부,2021,성인교육,37,376,개소,0,0,0,0,0,0,0,0,0,0,0,0,0
충북지부,2021,성인교육,37,376,회차,0,0,0,0,0,0,0,0,0,0,0,0,0
충북지부,2021,성인교육,37,376,인원,0,0,0,0,0,0,0,0,0,0,0,0,0
충북지부,2021,성인교육,37,378,개소,0,0,0,0,0,0,0,0,0,0,0,0,0
충북지부,2021,성인교육,37,378,회차,0,0,0,0,0,0,0,0,0,0,0,0,0
충북지부,2021,성인교육,37,378,인원,0,0,0,0,0,0,0,0,0,0,0,0,0
충북지부,2021,성인교육,37,379,개소,0,0,0,0,0,0,0,0,0,0,0,0,0
충북지부,2021,성인교육,37,379,회차,0,0,0,0,0,0,0,0,0,0,0,0,0
충북지부,2021,성인교육,37,379,인원,0,0,0,0,0,0,0,0,0,0,0,0,0
충북지부,2021,성인교육,38,381,개소,0,0,0,0,0,0,0,0,0,0,0,0,0
충북지부,2021,성인교육,38,381,회차,0,0,0,0,0,0,0,0,0,0,0,0,0
충북지부,2021,성인교육,38,381,인원,0,0,0,0,0,0,0,0,0,0,0,0,0
충북지부,2021,성인교육,38,382,개소,0,0,0,0,0,0,0,0,0,0,0,0,0
충북지부,2021,성인교육,38,382,회차,0,0,0,0,0,0,0,0,0,0,0,0,0
충북지부,2021,성인교육,38,382,인원,0,0,0,0,0,0,0,0,0,0,0,0,0
충북지부,2021,성인교육,38,386,개소,0,0,0,0,0,0,0,0,0,0,0,0,0
충북지부,2021,성인교육,38,386,회차,0,0,0,0,0,0,0,0,0,0,0,0,0
충북지부,2021,성인교육,38,386,인원,0,0,0,0,0,0,0,0,0,0,0,0,0
충북지부,2021,성인교육,38,388,개소,0,0,0,0,0,0,0,0,0,0,0,0,0
충북지부,2021,성인교육,38,388,회차,0,0,0,0,0,0,0,0,0,0,0,0,0
충북지부,2021,성인교육,38,388,인원,0,0,0,0,0,0,0,0,0,0,0,0,0
충북지부,2021,성인교육,39,392,개소,0,0,0,0,0,0,0,0,0,0,0,0,0
충북지부,2021,성인교육,39,392,회차,0,0,0,0,0,0,0,0,0,0,0,0,0
충북지부,2021,성인교육,39,392,인원,0,0,0,0,0,0,0,0,0,0,0,0,0
충북지부,2021,성인교육,39,393,개소,0,0,0,0,0,0,0,0,0,0,0,0,0
충북지부,2021,성인교육,39,393,회차,0,0,0,0,0,0,0,0,0,0,0,0,0
충북지부,2021,성인교육,39,393,인원,0,0,0,0,0,0,0,0,0,0,0,0,0
충북지부,2021,성인교육,39,396,개소,0,0,0,0,0,0,0,0,0,0,0,0,0
충북지부,2021,성인교육,39,396,회차,0,0,0,0,0,0,0,0,0,0,0,0,0
충북지부,2021,성인교육,39,396,인원,0,0,0,0,0,0,0,0,0,0,0,0,0
충북지부,2021,성인교육,39,398,개소,0,0,0,0,0,0,0,0,0,0,0,0,0
충북지부,2021,성인교육,39,398,회차,0,0,0,0,0,0,0,0,0,0,0,0,0
충북지부,2021,성인교육,39,398,인원,0,0,0,0,0,0,0,0,0,0,0,0,0
충북지부,2021,고령자교육,41,411,개소,0,0,0,0,0,0,0,0,0,0,0,0,0
충북지부,2021,고령자교육,41,411,회차,0,0,0,0,0,0,0,0,0,0,0,0,0
충북지부,2021,고령자교육,41,411,인원,0,0,0,0,0,0,0,0,0,0,0,0,0
충북지부,2021,고령자교육,41,412,개소,0,0,0,0,0,0,0,0,0,0,0,0,0
충북지부,2021,고령자교육,41,412,회차,0,0,0,0,0,0,0,0,0,0,0,0,0
충북지부,2021,고령자교육,41,412,인원,0,0,0,0,0,0,0,0,0,0,0,0,0
충북지부,2021,고령자교육,41,413,개소,0,0,0,0,0,0,0,0,0,0,0,0,0
충북지부,2021,고령자교육,41,413,회차,0,0,0,0,0,0,0,0,0,0,0,0,0
충북지부,2021,고령자교육,41,413,인원,0,0,0,0,0,0,0,0,0,0,0,0,0
충북지부,2021,고령자교육,41,417,개소,0,0,0,0,0,0,0,0,0,0,0,0,0
충북지부,2021,고령자교육,41,417,회차,0,0,0,0,0,0,0,0,0,0,0,0,0
충북지부,2021,고령자교육,41,417,인원,0,0,0,0,0,0,0,0,0,0,0,0,0
충북지부,2021,고령자교육,42,422,개소,0,0,0,0,0,0,0,0,0,0,0,0,0
충북지부,2021,고령자교육,42,422,회차,0,0,0,0,0,0,0,0,0,0,0,0,0
충북지부,2021,고령자교육,42,422,인원,0,0,0,0,0,0,0,0,0,0,0,0,0
충북지부,2021,고령자교육,42,423,개소,0,0,0,0,0,0,0,0,0,0,0,0,0
충북지부,2021,고령자교육,42,423,회차,0,0,0,0,0,0,0,0,0,0,0,0,0
충북지부,2021,고령자교육,42,423,인원,0,0,0,0,0,0,0,0,0,0,0,0,0
충북지부,2021,고령자교육,42,426,개소,0,0,0,0,0,0,0,0,0,0,0,0,0
충북지부,2021,고령자교육,42,426,회차,0,0,0,0,0,0,0,0,0,0,0,0,0
충북지부,2021,고령자교육,42,426,인원,0,0,0,0,0,0,0,0,0,0,0,0,0
충북지부,2021,교사교육,51,511,개소,0,0,0,0,0,0,0,0,0,0,0,0,0
충북지부,2021,교사교육,51,511,회차,0,0,0,0,0,0,0,0,0,0,0,0,0
충북지부,2021,교사교육,51,511,인원,0,0,0,0,0,0,0,0,0,0,0,0,0
충북지부,2021,교사교육,51,512,개소,0,0,0,0,0,0,0,0,0,0,0,0,0
충북지부,2021,교사교육,51,512,회차,0,0,0,0,0,0,0,0,0,0,0,0,0
충북지부,2021,교사교육,51,512,인원,0,0,0,0,0,0,0,0,0,0,0,0,0
충북지부,2021,교사교육,51,516,개소,0,0,0,0,0,0,0,0,0,0,0,0,0
충북지부,2021,교사교육,51,516,회차,0,0,0,0,0,0,0,0,0,0,0,0,0
충북지부,2021,교사교육,51,516,인원,0,0,0,0,0,0,0,0,0,0,0,0,0
충북지부,2021,교사교육,52,521,개소,0,0,0,0,0,0,0,0,0,0,0,0,0
충북지부,2021,교사교육,52,521,회차,0,0,0,0,0,0,0,0,0,0,0,0,0
충북지부,2021,교사교육,52,521,인원,0,0,0,0,0,0,0,0,0,0,0,0,0
충북지부,2021,교사교육,52,522,개소,0,0,0,0,0,0,0,0,0,0,0,0,0
충북지부,2021,교사교육,52,522,회차,0,0,0,0,0,0,0,0,0,0,0,0,0
충북지부,2021,교사교육,52,522,인원,0,0,0,0,0,0,0,0,0,0,0,0,0
충북지부,2021,교사교육,52,526,개소,0,0,0,0,0,0,0,0,0,0,0,0,0
충북지부,2021,교사교육,52,526,회차,0,0,0,0,0,0,0,0,0,0,0,0,0
충북지부,2021,교사교육,52,526,인원,0,0,0,0,0,0,0,0,0,0,0,0,0
충북지부,2021,교사교육,53,531,개소,0,0,0,0,0,0,0,0,0,0,0,0,0
충북지부,2021,교사교육,53,531,회차,0,0,0,0,0,0,0,0,0,0,0,0,0
충북지부,2021,교사교육,53,531,인원,0,0,0,0,0,0,0,0,0,0,0,0,0
충북지부,2021,교사교육,53,532,개소,0,0,0,0,0,0,0,0,0,0,0,0,0
충북지부,2021,교사교육,53,532,회차,0,0,0,0,0,0,0,0,0,0,0,0,0
충북지부,2021,교사교육,53,532,인원,0,0,0,0,0,0,0,0,0,0,0,0,0
충북지부,2021,교사교육,53,536,개소,0,0,0,0,0,0,0,0,0,0,0,0,0
충북지부,2021,교사교육,53,536,회차,0,0,0,0,0,0,0,0,0,0,0,0,0
충북지부,2021,교사교육,53,536,인원,0,0,0,0,0,0,0,0,0,0,0,0,0
충북지부,2021,교사교육,54,541,개소,0,0,0,0,0,0,0,0,0,0,0,0,0
충북지부,2021,교사교육,54,541,회차,0,0,0,0,0,0,0,0,0,0,0,0,0
충북지부,2021,교사교육,54,541,인원,0,0,0,0,0,0,0,0,0,0,0,0,0
충북지부,2021,교사교육,54,542,개소,0,0,0,0,0,0,0,0,0,0,0,0,0
충북지부,2021,교사교육,54,542,회차,0,0,0,0,0,0,0,0,0,0,0,0,0
충북지부,2021,교사교육,54,542,인원,0,0,0,0,0,0,0,0,0,0,0,0,0
충북지부,2021,교사교육,54,543,개소,0,0,0,0,0,0,0,0,0,0,0,0,0
충북지부,2021,교사교육,54,543,회차,0,0,0,0,0,0,0,0,0,0,0,0,0
충북지부,2021,교사교육,54,543,인원,0,0,0,0,0,0,0,0,0,0,0,0,0
충북지부,2021,교사교육,54,546,개소,0,0,0,0,0,0,0,0,0,0,0,0,0
충북지부,2021,교사교육,54,546,회차,0,0,0,0,0,0,0,0,0,0,0,0,0
충북지부,2021,교사교육,54,546,인원,0,0,0,0,0,0,0,0,0,0,0,0,0
대전세종충남지부,2017,어린이교육,11,111,개소,0,0,0,0,0,0,0,0,0,0,0,0,0
대전세종충남지부,2017,어린이교육,11,111,회차,0,0,0,0,0,0,0,0,0,0,0,0,0
대전세종충남지부,2017,어린이교육,11,111,인원,0,0,0,0,0,0,0,0,0,0,0,0,0
대전세종충남지부,2017,어린이교육,11,112,개소,0,0,0,0,0,0,0,0,0,0,0,0,0
대전세종충남지부,2017,어린이교육,11,112,회차,0,0,0,0,0,0,0,0,0,0,0,0,0
대전세종충남지부,2017,어린이교육,11,112,인원,0,0,0,0,0,0,0,0,0,0,0,0,0
대전세종충남지부,2017,어린이교육,11,113,개소,0,0,0,0,0,0,0,0,0,0,0,0,0
대전세종충남지부,2017,어린이교육,11,113,회차,0,0,0,0,0,0,0,0,0,0,0,0,0
대전세종충남지부,2017,어린이교육,11,113,인원,0,0,0,0,0,0,0,0,0,0,0,0,0
대전세종충남지부,2017,어린이교육,11,114,개소,0,0,0,0,0,0,0,0,0,0,0,0,0
대전세종충남지부,2017,어린이교육,11,114,회차,0,0,0,0,0,0,0,0,0,0,0,0,0
대전세종충남지부,2017,어린이교육,11,114,인원,0,0,0,0,0,0,0,0,0,0,0,0,0
대전세종충남지부,2017,어린이교육,12,121,개소,0,0,0,0,0,0,0,0,0,0,0,0,0
대전세종충남지부,2017,어린이교육,12,121,회차,0,0,0,0,0,0,0,0,0,0,0,0,0
대전세종충남지부,2017,어린이교육,12,121,인원,0,0,0,0,0,0,0,0,0,0,0,0,0
대전세종충남지부,2017,어린이교육,12,122,개소,0,0,0,0,0,0,0,0,0,0,0,0,0
대전세종충남지부,2017,어린이교육,12,122,회차,0,0,0,0,0,0,0,0,0,0,0,0,0
대전세종충남지부,2017,어린이교육,12,122,인원,0,0,0,0,0,0,0,0,0,0,0,0,0
대전세종충남지부,2017,어린이교육,12,124,개소,0,0,0,0,0,0,0,0,0,0,0,0,0
대전세종충남지부,2017,어린이교육,12,124,회차,0,0,0,0,0,0,0,0,0,0,0,0,0
대전세종충남지부,2017,어린이교육,12,124,인원,0,0,0,0,0,0,0,0,0,0,0,0,0
대전세종충남지부,2017,어린이교육,12,127,개소,0,0,0,0,0,0,0,0,0,0,0,0,0
대전세종충남지부,2017,어린이교육,12,127,회차,0,0,0,0,0,0,0,0,0,0,0,0,0
대전세종충남지부,2017,어린이교육,12,127,인원,0,0,0,0,0,0,0,0,0,0,0,0,0
대전세종충남지부,2017,어린이교육,13,131,개소,0,0,0,0,0,0,0,0,0,0,0,0,0
대전세종충남지부,2017,어린이교육,13,131,회차,0,0,0,0,0,0,0,0,0,0,0,0,0
대전세종충남지부,2017,어린이교육,13,131,인원,0,0,0,0,0,0,0,0,0,0,0,0,0
대전세종충남지부,2017,어린이교육,13,132,개소,0,0,0,0,0,0,0,0,0,0,0,0,0
대전세종충남지부,2017,어린이교육,13,132,회차,0,0,0,0,0,0,0,0,0,0,0,0,0
대전세종충남지부,2017,어린이교육,13,132,인원,0,0,0,0,0,0,0,0,0,0,0,0,0
대전세종충남지부,2017,어린이교육,13,134,개소,0,0,0,0,0,0,0,0,0,0,0,0,0
대전세종충남지부,2017,어린이교육,13,134,회차,0,0,0,0,0,0,0,0,0,0,0,0,0
대전세종충남지부,2017,어린이교육,13,134,인원,0,0,0,0,0,0,0,0,0,0,0,0,0
대전세종충남지부,2017,어린이교육,13,137,개소,0,0,0,0,0,0,0,0,0,0,0,0,0
대전세종충남지부,2017,어린이교육,13,137,회차,0,0,0,0,0,0,0,0,0,0,0,0,0
대전세종충남지부,2017,어린이교육,13,137,인원,0,0,0,0,0,0,0,0,0,0,0,0,0
대전세종충남지부,2017,어린이교육,14,141,개소,0,0,0,0,0,0,0,0,0,0,0,0,0
대전세종충남지부,2017,어린이교육,14,141,회차,0,0,0,0,0,0,0,0,0,0,0,0,0
대전세종충남지부,2017,어린이교육,14,141,인원,0,0,0,0,0,0,0,0,0,0,0,0,0
대전세종충남지부,2017,어린이교육,14,142,개소,0,0,0,0,0,0,0,0,0,0,0,0,0
대전세종충남지부,2017,어린이교육,14,142,회차,0,0,0,0,0,0,0,0,0,0,0,0,0
대전세종충남지부,2017,어린이교육,14,142,인원,0,0,0,0,0,0,0,0,0,0,0,0,0
대전세종충남지부,2017,어린이교육,14,144,개소,0,0,0,0,0,0,0,0,0,0,0,0,0
대전세종충남지부,2017,어린이교육,14,144,회차,0,0,0,0,0,0,0,0,0,0,0,0,0
대전세종충남지부,2017,어린이교육,14,144,인원,0,0,0,0,0,0,0,0,0,0,0,0,0
대전세종충남지부,2017,어린이교육,14,147,개소,0,0,0,0,0,0,0,0,0,0,0,0,0
대전세종충남지부,2017,어린이교육,14,147,회차,0,0,0,0,0,0,0,0,0,0,0,0,0
대전세종충남지부,2017,어린이교육,14,147,인원,0,0,0,0,0,0,0,0,0,0,0,0,0
대전세종충남지부,2018,어린이교육,11,111,인원,9910,9910,9910,9910,9910,9910,9910,9910,9910,9910,9910,9914,118924
대전세종충남지부,2018,어린이교육,11,111,개소,0,0,0,0,0,0,0,0,0,0,0,0,0
대전세종충남지부,2018,어린이교육,11,111,회차,0,0,0,0,0,0,0,0,0,0,0,0,0
대전세종충남지부,2018,어린이교육,11,112,개소,0,0,0,0,0,0,0,0,0,0,0,0,0
대전세종충남지부,2018,어린이교육,11,112,회차,0,0,0,0,0,0,0,0,0,0,0,0,0
대전세종충남지부,2018,어린이교육,11,112,인원,0,0,0,0,0,0,0,0,0,0,0,0,0
대전세종충남지부,2018,어린이교육,11,113,개소,0,0,0,0,0,0,0,0,0,0,0,0,0
대전세종충남지부,2018,어린이교육,11,113,회차,0,0,0,0,0,0,0,0,0,0,0,0,0
대전세종충남지부,2018,어린이교육,11,113,인원,0,0,0,0,0,0,0,0,0,0,0,0,0
대전세종충남지부,2018,어린이교육,11,114,개소,0,0,0,0,0,0,0,0,0,0,0,0,0
대전세종충남지부,2018,어린이교육,11,114,회차,0,0,0,0,0,0,0,0,0,0,0,0,0
대전세종충남지부,2018,어린이교육,11,114,인원,0,0,0,0,0,0,0,0,0,0,0,0,0
대전세종충남지부,2018,어린이교육,12,121,인원,6842,6842,6842,6842,6842,6842,6842,6842,6842,6842,6842,6852,82114
대전세종충남지부,2018,어린이교육,12,121,개소,0,0,0,0,0,0,0,0,0,0,0,0,0
대전세종충남지부,2018,어린이교육,12,121,회차,0,0,0,0,0,0,0,0,0,0,0,0,0
대전세종충남지부,2018,어린이교육,12,122,인원,2831,2831,2831,2831,2831,2831,2831,2831,2831,2831,2831,2837,33978
대전세종충남지부,2018,어린이교육,12,122,개소,0,0,0,0,0,0,0,0,0,0,0,0,0
대전세종충남지부,2018,어린이교육,12,122,회차,0,0,0,0,0,0,0,0,0,0,0,0,0
대전세종충남지부,2018,어린이교육,12,124,인원,236,236,236,236,236,236,236,236,236,236,236,236,2832
대전세종충남지부,2018,어린이교육,12,124,개소,0,0,0,0,0,0,0,0,0,0,0,0,0
대전세종충남지부,2018,어린이교육,12,124,회차,0,0,0,0,0,0,0,0,0,0,0,0,0
대전세종충남지부,2018,어린이교육,12,127,인원,471,471,471,471,471,471,471,471,471,471,471,482,5663
대전세종충남지부,2018,어린이교육,12,127,개소,0,0,0,0,0,0,0,0,0,0,0,0,0
대전세종충남지부,2018,어린이교육,12,127,회차,0,0,0,0,0,0,0,0,0,0,0,0,0
대전세종충남지부,2018,어린이교육,13,131,인원,1179,1179,1179,1179,1179,1179,1179,1179,1179,1179,1179,1189,14158
대전세종충남지부,2018,어린이교육,13,131,개소,0,0,0,0,0,0,0,0,0,0,0,0,0
대전세종충남지부,2018,어린이교육,13,131,회차,0,0,0,0,0,0,0,0,0,0,0,0,0
대전세종충남지부,2018,어린이교육,13,132,인원,118,118,118,118,118,118,118,118,118,118,118,118,1416
대전세종충남지부,2018,어린이교육,13,132,개소,0,0,0,0,0,0,0,0,0,0,0,0,0
대전세종충남지부,2018,어린이교육,13,132,회차,0,0,0,0,0,0,0,0,0,0,0,0,0
대전세종충남지부,2018,어린이교육,13,134,개소,0,0,0,0,0,0,0,0,0,0,0,0,0
대전세종충남지부,2018,어린이교육,13,134,회차,0,0,0,0,0,0,0,0,0,0,0,0,0
대전세종충남지부,2018,어린이교육,13,134,인원,0,0,0,0,0,0,0,0,0,0,0,0,0
대전세종충남지부,2018,어린이교육,13,137,인원,118,118,118,118,118,118,118,118,118,118,118,118,1416
대전세종충남지부,2018,어린이교육,13,137,개소,0,0,0,0,0,0,0,0,0,0,0,0,0
대전세종충남지부,2018,어린이교육,13,137,회차,0,0,0,0,0,0,0,0,0,0,0,0,0
대전세종충남지부,2018,어린이교육,14,141,인원,1887,1887,1887,1887,1887,1887,1887,1887,1887,1887,1887,1895,22652
대전세종충남지부,2018,어린이교육,14,141,개소,0,0,0,0,0,0,0,0,0,0,0,0,0
대전세종충남지부,2018,어린이교육,14,141,회차,0,0,0,0,0,0,0,0,0,0,0,0,0
대전세종충남지부,2018,어린이교육,14,142,개소,0,0,0,0,0,0,0,0,0,0,0,0,0
대전세종충남지부,2018,어린이교육,14,142,회차,0,0,0,0,0,0,0,0,0,0,0,0,0
대전세종충남지부,2018,어린이교육,14,142,인원,0,0,0,0,0,0,0,0,0,0,0,0,0
대전세종충남지부,2018,어린이교육,14,144,개소,0,0,0,0,0,0,0,0,0,0,0,0,0
대전세종충남지부,2018,어린이교육,14,144,회차,0,0,0,0,0,0,0,0,0,0,0,0,0
대전세종충남지부,2018,어린이교육,14,144,인원,0,0,0,0,0,0,0,0,0,0,0,0,0
대전세종충남지부,2018,어린이교육,14,147,개소,0,0,0,0,0,0,0,0,0,0,0,0,0
대전세종충남지부,2018,어린이교육,14,147,회차,0,0,0,0,0,0,0,0,0,0,0,0,0
대전세종충남지부,2018,어린이교육,14,147,인원,0,0,0,0,0,0,0,0,0,0,0,0,0
대전세종충남지부,2018,청소년교육,21,211,인원,25,25,25,25,25,25,25,25,25,25,25,30,305
대전세종충남지부,2018,청소년교육,21,211,개소,0,0,0,0,0,0,0,0,0,0,0,0,0
대전세종충남지부,2018,청소년교육,21,211,회차,0,0,0,0,0,0,0,0,0,0,0,0,0
대전세종충남지부,2018,청소년교육,21,212,인원,3,3,3,3,3,3,3,3,3,3,3,8,41
대전세종충남지부,2018,청소년교육,21,212,개소,0,0,0,0,0,0,0,0,0,0,0,0,0
대전세종충남지부,2018,청소년교육,21,212,회차,0,0,0,0,0,0,0,0,0,0,0,0,0
대전세종충남지부,2018,청소년교육,21,214,인원,3,3,3,3,3,3,4,4,4,4,4,3,41
대전세종충남지부,2018,청소년교육,21,214,개소,0,0,0,0,0,0,0,0,0,0,0,0,0
대전세종충남지부,2018,청소년교육,21,214,회차,0,0,0,0,0,0,0,0,0,0,0,0,0
대전세종충남지부,2018,청소년교육,21,217,개소,0,0,0,0,0,0,0,0,0,0,0,0,0
대전세종충남지부,2018,청소년교육,21,217,회차,0,0,0,0,0,0,0,0,0,0,0,0,0
대전세종충남지부,2018,청소년교육,21,217,인원,0,0,0,0,0,0,0,0,0,0,0,0,0
대전세종충남지부,2018,청소년교육,21,218,인원,1,1,1,1,2,2,2,2,2,2,2,2,20
대전세종충남지부,2018,청소년교육,21,218,개소,0,0,0,0,0,0,0,0,0,0,0,0,0
대전세종충남지부,2018,청소년교육,21,218,회차,0,0,0,0,0,0,0,0,0,0,0,0,0
대전세종충남지부,2018,청소년교육,22,221,인원,76,76,76,76,76,76,76,76,76,76,76,79,915
대전세종충남지부,2018,청소년교육,22,221,개소,0,0,0,0,0,0,0,0,0,0,0,0,0
대전세종충남지부,2018,청소년교육,22,221,회차,0,0,0,0,0,0,0,0,0,0,0,0,0
대전세종충남지부,2018,청소년교육,22,222,인원,13,13,13,13,13,13,13,13,13,13,13,20,163
대전세종충남지부,2018,청소년교육,22,222,개소,0,0,0,0,0,0,0,0,0,0,0,0,0
대전세종충남지부,2018,청소년교육,22,222,회차,0,0,0,0,0,0,0,0,0,0,0,0,0
대전세종충남지부,2018,청소년교육,22,223,개소,0,0,0,0,0,0,0,0,0,0,0,0,0
대전세종충남지부,2018,청소년교육,22,223,회차,0,0,0,0,0,0,0,0,0,0,0,0,0
대전세종충남지부,2018,청소년교육,22,223,인원,0,0,0,0,0,0,0,0,0,0,0,0,0
대전세종충남지부,2018,청소년교육,22,224,인원,3,3,3,3,3,3,3,4,4,4,4,4,41
대전세종충남지부,2018,청소년교육,22,224,개소,0,0,0,0,0,0,0,0,0,0,0,0,0
대전세종충남지부,2018,청소년교육,22,224,회차,0,0,0,0,0,0,0,0,0,0,0,0,0
대전세종충남지부,2018,청소년교육,22,226,인원,42,42,42,42,42,42,42,42,42,42,42,47,509
대전세종충남지부,2018,청소년교육,22,226,개소,0,0,0,0,0,0,0,0,0,0,0,0,0
대전세종충남지부,2018,청소년교육,22,226,회차,0,0,0,0,0,0,0,0,0,0,0,0,0
대전세종충남지부,2018,청소년교육,22,227,개소,0,0,0,0,0,0,0,0,0,0,0,0,0
대전세종충남지부,2018,청소년교육,22,227,회차,0,0,0,0,0,0,0,0,0,0,0,0,0
대전세종충남지부,2018,청소년교육,22,227,인원,0,0,0,0,0,0,0,0,0,0,0,0,0
대전세종충남지부,2018,청소년교육,22,228,개소,0,0,0,0,0,0,0,0,0,0,0,0,0
대전세종충남지부,2018,청소년교육,22,228,회차,0,0,0,0,0,0,0,0,0,0,0,0,0
대전세종충남지부,2018,청소년교육,22,228,인원,0,0,0,0,0,0,0,0,0,0,0,0,0
대전세종충남지부,2018,성인교육,31,312,인원,24,24,24,24,24,24,24,24,24,24,24,34,298
대전세종충남지부,2018,성인교육,31,312,개소,0,0,0,0,0,0,0,0,0,0,0,0,0
대전세종충남지부,2018,성인교육,31,312,회차,0,0,0,0,0,0,0,0,0,0,0,0,0
대전세종충남지부,2018,성인교육,31,313,개소,0,0,0,0,0,0,0,0,0,0,0,0,0
대전세종충남지부,2018,성인교육,31,313,회차,0,0,0,0,0,0,0,0,0,0,0,0,0
대전세종충남지부,2018,성인교육,31,313,인원,0,0,0,0,0,0,0,0,0,0,0,0,0
대전세종충남지부,2018,성인교육,31,314,개소,0,0,0,0,0,0,0,0,0,0,0,0,0
대전세종충남지부,2018,성인교육,31,314,회차,0,0,0,0,0,0,0,0,0,0,0,0,0
대전세종충남지부,2018,성인교육,31,314,인원,0,0,0,0,0,0,0,0,0,0,0,0,0
대전세종충남지부,2018,성인교육,31,316,인원,496,496,496,496,496,496,496,496,496,496,496,499,5955
대전세종충남지부,2018,성인교육,31,316,개소,0,0,0,0,0,0,0,0,0,0,0,0,0
대전세종충남지부,2018,성인교육,31,316,회차,0,0,0,0,0,0,0,0,0,0,0,0,0
대전세종충남지부,2018,성인교육,31,317,개소,0,0,0,0,0,0,0,0,0,0,0,0,0
대전세종충남지부,2018,성인교육,31,317,회차,0,0,0,0,0,0,0,0,0,0,0,0,0
대전세종충남지부,2018,성인교육,31,317,인원,0,0,0,0,0,0,0,0,0,0,0,0,0
대전세종충남지부,2018,성인교육,31,318,개소,0,0,0,0,0,0,0,0,0,0,0,0,0
대전세종충남지부,2018,성인교육,31,318,회차,0,0,0,0,0,0,0,0,0,0,0,0,0
대전세종충남지부,2018,성인교육,31,318,인원,0,0,0,0,0,0,0,0,0,0,0,0,0
대전세종충남지부,2018,성인교육,31,319,개소,0,0,0,0,0,0,0,0,0,0,0,0,0
대전세종충남지부,2018,성인교육,31,319,회차,0,0,0,0,0,0,0,0,0,0,0,0,0
대전세종충남지부,2018,성인교육,31,319,인원,0,0,0,0,0,0,0,0,0,0,0,0,0
대전세종충남지부,2018,성인교육,32,322,개소,0,0,0,0,0,0,0,0,0,0,0,0,0
대전세종충남지부,2018,성인교육,32,322,회차,0,0,0,0,0,0,0,0,0,0,0,0,0
대전세종충남지부,2018,성인교육,32,322,인원,0,0,0,0,0,0,0,0,0,0,0,0,0
대전세종충남지부,2018,성인교육,32,323,개소,0,0,0,0,0,0,0,0,0,0,0,0,0
대전세종충남지부,2018,성인교육,32,323,회차,0,0,0,0,0,0,0,0,0,0,0,0,0
대전세종충남지부,2018,성인교육,32,323,인원,0,0,0,0,0,0,0,0,0,0,0,0,0
대전세종충남지부,2018,성인교육,32,326,인원,99,99,99,99,99,99,99,99,99,99,99,102,1191
대전세종충남지부,2018,성인교육,32,326,개소,0,0,0,0,0,0,0,0,0,0,0,0,0
대전세종충남지부,2018,성인교육,32,326,회차,0,0,0,0,0,0,0,0,0,0,0,0,0
대전세종충남지부,2018,성인교육,32,328,개소,0,0,0,0,0,0,0,0,0,0,0,0,0
대전세종충남지부,2018,성인교육,32,328,회차,0,0,0,0,0,0,0,0,0,0,0,0,0
대전세종충남지부,2018,성인교육,32,328,인원,0,0,0,0,0,0,0,0,0,0,0,0,0
대전세종충남지부,2018,성인교육,32,329,개소,0,0,0,0,0,0,0,0,0,0,0,0,0
대전세종충남지부,2018,성인교육,32,329,회차,0,0,0,0,0,0,0,0,0,0,0,0,0
대전세종충남지부,2018,성인교육,32,329,인원,0,0,0,0,0,0,0,0,0,0,0,0,0
대전세종충남지부,2018,성인교육,33,332,개소,0,0,0,0,0,0,0,0,0,0,0,0,0
대전세종충남지부,2018,성인교육,33,332,회차,0,0,0,0,0,0,0,0,0,0,0,0,0
대전세종충남지부,2018,성인교육,33,332,인원,0,0,0,0,0,0,0,0,0,0,0,0,0
대전세종충남지부,2018,성인교육,33,333,개소,0,0,0,0,0,0,0,0,0,0,0,0,0
대전세종충남지부,2018,성인교육,33,333,회차,0,0,0,0,0,0,0,0,0,0,0,0,0
대전세종충남지부,2018,성인교육,33,333,인원,0,0,0,0,0,0,0,0,0,0,0,0,0
대전세종충남지부,2018,성인교육,33,336,인원,198,198,198,198,198,198,198,198,198,198,198,204,2382
대전세종충남지부,2018,성인교육,33,336,개소,0,0,0,0,0,0,0,0,0,0,0,0,0
대전세종충남지부,2018,성인교육,33,336,회차,0,0,0,0,0,0,0,0,0,0,0,0,0
대전세종충남지부,2018,성인교육,33,338,개소,0,0,0,0,0,0,0,0,0,0,0,0,0
대전세종충남지부,2018,성인교육,33,338,회차,0,0,0,0,0,0,0,0,0,0,0,0,0
대전세종충남지부,2018,성인교육,33,338,인원,0,0,0,0,0,0,0,0,0,0,0,0,0
대전세종충남지부,2018,성인교육,33,339,개소,0,0,0,0,0,0,0,0,0,0,0,0,0
대전세종충남지부,2018,성인교육,33,339,회차,0,0,0,0,0,0,0,0,0,0,0,0,0
대전세종충남지부,2018,성인교육,33,339,인원,0,0,0,0,0,0,0,0,0,0,0,0,0
대전세종충남지부,2018,성인교육,34,342,개소,0,0,0,0,0,0,0,0,0,0,0,0,0
대전세종충남지부,2018,성인교육,34,342,회차,0,0,0,0,0,0,0,0,0,0,0,0,0
대전세종충남지부,2018,성인교육,34,342,인원,24,24,24,24,24,24,24,24,24,24,24,34,298
대전세종충남지부,2018,성인교육,34,343,개소,0,0,0,0,0,0,0,0,0,0,0,0,0
대전세종충남지부,2018,성인교육,34,343,회차,0,0,0,0,0,0,0,0,0,0,0,0,0
대전세종충남지부,2018,성인교육,34,343,인원,0,0,0,0,0,0,0,0,0,0,0,0,0
대전세종충남지부,2018,성인교육,34,346,개소,0,0,0,0,0,0,0,0,0,0,0,0,0
대전세종충남지부,2018,성인교육,34,346,회차,0,0,0,0,0,0,0,0,0,0,0,0,0
대전세종충남지부,2018,성인교육,34,346,인원,1389,1389,1389,1389,1389,1389,1389,1389,1389,1389,1389,1396,16675
대전세종충남지부,2018,성인교육,34,348,개소,0,0,0,0,0,0,0,0,0,0,0,0,0
대전세종충남지부,2018,성인교육,34,348,회차,0,0,0,0,0,0,0,0,0,0,0,0,0
대전세종충남지부,2018,성인교육,34,348,인원,0,0,0,0,0,0,0,0,0,0,0,0,0
대전세종충남지부,2018,성인교육,34,349,개소,0,0,0,0,0,0,0,0,0,0,0,0,0
대전세종충남지부,2018,성인교육,34,349,회차,0,0,0,0,0,0,0,0,0,0,0,0,0
대전세종충남지부,2018,성인교육,34,349,인원,0,0,0,0,0,0,0,0,0,0,0,0,0
대전세종충남지부,2018,성인교육,35,352,개소,0,0,0,0,0,0,0,0,0,0,0,0,0
대전세종충남지부,2018,성인교육,35,352,회차,0,0,0,0,0,0,0,0,0,0,0,0,0
대전세종충남지부,2018,성인교육,35,352,인원,0,0,0,0,0,0,0,0,0,0,0,0,0
대전세종충남지부,2018,성인교육,35,353,개소,0,0,0,0,0,0,0,0,0,0,0,0,0
대전세종충남지부,2018,성인교육,35,353,회차,0,0,0,0,0,0,0,0,0,0,0,0,0
대전세종충남지부,2018,성인교육,35,353,인원,0,0,0,0,0,0,0,0,0,0,0,0,0
대전세종충남지부,2018,성인교육,35,356,개소,0,0,0,0,0,0,0,0,0,0,0,0,0
대전세종충남지부,2018,성인교육,35,356,회차,0,0,0,0,0,0,0,0,0,0,0,0,0
대전세종충남지부,2018,성인교육,35,356,인원,148,148,148,148,148,148,148,148,148,148,148,159,1787
대전세종충남지부,2018,성인교육,35,358,개소,0,0,0,0,0,0,0,0,0,0,0,0,0
대전세종충남지부,2018,성인교육,35,358,회차,0,0,0,0,0,0,0,0,0,0,0,0,0
대전세종충남지부,2018,성인교육,35,358,인원,0,0,0,0,0,0,0,0,0,0,0,0,0
대전세종충남지부,2018,성인교육,35,359,개소,0,0,0,0,0,0,0,0,0,0,0,0,0
대전세종충남지부,2018,성인교육,35,359,회차,0,0,0,0,0,0,0,0,0,0,0,0,0
대전세종충남지부,2018,성인교육,35,359,인원,0,0,0,0,0,0,0,0,0,0,0,0,0
대전세종충남지부,2018,성인교육,36,362,개소,0,0,0,0,0,0,0,0,0,0,0,0,0
대전세종충남지부,2018,성인교육,36,362,회차,0,0,0,0,0,0,0,0,0,0,0,0,0
대전세종충남지부,2018,성인교육,36,362,인원,24,24,24,24,24,24,24,24,24,24,24,34,298
대전세종충남지부,2018,성인교육,36,363,개소,0,0,0,0,0,0,0,0,0,0,0,0,0
대전세종충남지부,2018,성인교육,36,363,회차,0,0,0,0,0,0,0,0,0,0,0,0,0
대전세종충남지부,2018,성인교육,36,363,인원,0,0,0,0,0,0,0,0,0,0,0,0,0
대전세종충남지부,2018,성인교육,36,365,개소,0,0,0,0,0,0,0,0,0,0,0,0,0
대전세종충남지부,2018,성인교육,36,365,회차,0,0,0,0,0,0,0,0,0,0,0,0,0
대전세종충남지부,2018,성인교육,36,365,인원,0,0,0,0,0,0,0,0,0,0,0,0,0
대전세종충남지부,2018,성인교육,36,366,개소,0,0,0,0,0,0,0,0,0,0,0,0,0
대전세종충남지부,2018,성인교육,36,366,회차,0,0,0,0,0,0,0,0,0,0,0,0,0
대전세종충남지부,2018,성인교육,36,366,인원,1042,1042,1042,1042,1042,1042,1042,1042,1042,1042,1042,1044,12506
대전세종충남지부,2018,성인교육,36,368,개소,0,0,0,0,0,0,0,0,0,0,0,0,0
대전세종충남지부,2018,성인교육,36,368,회차,0,0,0,0,0,0,0,0,0,0,0,0,0
대전세종충남지부,2018,성인교육,36,368,인원,0,0,0,0,0,0,0,0,0,0,0,0,0
대전세종충남지부,2018,성인교육,36,369,개소,0,0,0,0,0,0,0,0,0,0,0,0,0
대전세종충남지부,2018,성인교육,36,369,회차,0,0,0,0,0,0,0,0,0,0,0,0,0
대전세종충남지부,2018,성인교육,36,369,인원,0,0,0,0,0,0,0,0,0,0,0,0,0
대전세종충남지부,2018,성인교육,37,372,개소,0,0,0,0,0,0,0,0,0,0,0,0,0
대전세종충남지부,2018,성인교육,37,372,회차,0,0,0,0,0,0,0,0,0,0,0,0,0
대전세종충남지부,2018,성인교육,37,372,인원,0,0,0,0,0,0,0,0,0,0,0,0,0
대전세종충남지부,2018,성인교육,37,373,개소,0,0,0,0,0,0,0,0,0,0,0,0,0
대전세종충남지부,2018,성인교육,37,373,회차,0,0,0,0,0,0,0,0,0,0,0,0,0
대전세종충남지부,2018,성인교육,37,373,인원,0,0,0,0,0,0,0,0,0,0,0,0,0
대전세종충남지부,2018,성인교육,37,376,개소,0,0,0,0,0,0,0,0,0,0,0,0,0
대전세종충남지부,2018,성인교육,37,376,회차,0,0,0,0,0,0,0,0,0,0,0,0,0
대전세종충남지부,2018,성인교육,37,376,인원,1389,1389,1389,1389,1389,1389,1389,1389,1389,1389,1389,1396,16675
대전세종충남지부,2018,성인교육,37,378,개소,0,0,0,0,0,0,0,0,0,0,0,0,0
대전세종충남지부,2018,성인교육,37,378,회차,0,0,0,0,0,0,0,0,0,0,0,0,0
대전세종충남지부,2018,성인교육,37,378,인원,0,0,0,0,0,0,0,0,0,0,0,0,0
대전세종충남지부,2018,성인교육,37,379,개소,0,0,0,0,0,0,0,0,0,0,0,0,0
대전세종충남지부,2018,성인교육,37,379,회차,0,0,0,0,0,0,0,0,0,0,0,0,0
대전세종충남지부,2018,성인교육,37,379,인원,0,0,0,0,0,0,0,0,0,0,0,0,0
대전세종충남지부,2018,성인교육,38,381,개소,0,0,0,0,0,0,0,0,0,0,0,0,0
대전세종충남지부,2018,성인교육,38,381,회차,0,0,0,0,0,0,0,0,0,0,0,0,0
대전세종충남지부,2018,성인교육,38,381,인원,24,24,24,24,24,24,24,24,24,24,24,34,298
대전세종충남지부,2018,성인교육,38,382,개소,0,0,0,0,0,0,0,0,0,0,0,0,0
대전세종충남지부,2018,성인교육,38,382,회차,0,0,0,0,0,0,0,0,0,0,0,0,0
대전세종충남지부,2018,성인교육,38,382,인원,0,0,0,0,0,0,0,0,0,0,0,0,0
대전세종충남지부,2018,성인교육,38,386,개소,0,0,0,0,0,0,0,0,0,0,0,0,0
대전세종충남지부,2018,성인교육,38,386,회차,0,0,0,0,0,0,0,0,0,0,0,0,0
대전세종충남지부,2018,성인교육,38,386,인원,0,0,0,0,0,0,0,0,0,0,0,0,0
대전세종충남지부,2018,성인교육,38,388,개소,0,0,0,0,0,0,0,0,0,0,0,0,0
대전세종충남지부,2018,성인교육,38,388,회차,0,0,0,0,0,0,0,0,0,0,0,0,0
대전세종충남지부,2018,성인교육,38,388,인원,0,0,0,0,0,0,0,0,0,0,0,0,0
대전세종충남지부,2018,성인교육,39,392,개소,0,0,0,0,0,0,0,0,0,0,0,0,0
대전세종충남지부,2018,성인교육,39,392,회차,0,0,0,0,0,0,0,0,0,0,0,0,0
대전세종충남지부,2018,성인교육,39,392,인원,0,0,0,0,0,0,0,0,0,0,0,0,0
대전세종충남지부,2018,성인교육,39,393,개소,0,0,0,0,0,0,0,0,0,0,0,0,0
대전세종충남지부,2018,성인교육,39,393,회차,0,0,0,0,0,0,0,0,0,0,0,0,0
대전세종충남지부,2018,성인교육,39,393,인원,0,0,0,0,0,0,0,0,0,0,0,0,0
대전세종충남지부,2018,성인교육,39,396,개소,0,0,0,0,0,0,0,0,0,0,0,0,0
대전세종충남지부,2018,성인교육,39,396,회차,0,0,0,0,0,0,0,0,0,0,0,0,0
대전세종충남지부,2018,성인교육,39,396,인원,99,99,99,99,99,99,99,99,99,99,99,102,1191
대전세종충남지부,2018,성인교육,39,398,개소,0,0,0,0,0,0,0,0,0,0,0,0,0
대전세종충남지부,2018,성인교육,39,398,회차,0,0,0,0,0,0,0,0,0,0,0,0,0
대전세종충남지부,2018,성인교육,39,398,인원,0,0,0,0,0,0,0,0,0,0,0,0,0
대전세종충남지부,2018,고령자교육,41,411,개소,0,0,0,0,0,0,0,0,0,0,0,0,0
대전세종충남지부,2018,고령자교육,41,411,회차,0,0,0,0,0,0,0,0,0,0,0,0,0
대전세종충남지부,2018,고령자교육,41,411,인원,1886,1886,1886,1886,1886,1886,1886,1886,1886,1886,1886,1888,22634
대전세종충남지부,2018,고령자교육,41,412,개소,0,0,0,0,0,0,0,0,0,0,0,0,0
대전세종충남지부,2018,고령자교육,41,412,회차,0,0,0,0,0,0,0,0,0,0,0,0,0
대전세종충남지부,2018,고령자교육,41,412,인원,20,20,20,20,20,20,20,20,20,20,20,21,241
대전세종충남지부,2018,고령자교육,41,413,개소,0,0,0,0,0,0,0,0,0,0,0,0,0
대전세종충남지부,2018,고령자교육,41,413,회차,0,0,0,0,0,0,0,0,0,0,0,0,0
대전세종충남지부,2018,고령자교육,41,413,인원,0,0,0,0,0,0,0,0,0,0,0,0,0
대전세종충남지부,2018,고령자교육,41,417,개소,0,0,0,0,0,0,0,0,0,0,0,0,0
대전세종충남지부,2018,고령자교육,41,417,회차,0,0,0,0,0,0,0,0,0,0,0,0,0
대전세종충남지부,2018,고령자교육,41,417,인원,20,20,20,20,20,20,20,20,20,20,20,21,241
대전세종충남지부,2018,고령자교육,42,422,개소,0,0,0,0,0,0,0,0,0,0,0,0,0
대전세종충남지부,2018,고령자교육,42,422,회차,0,0,0,0,0,0,0,0,0,0,0,0,0
대전세종충남지부,2018,고령자교육,42,422,인원,0,0,0,0,0,0,0,0,0,0,0,0,0
대전세종충남지부,2018,고령자교육,42,423,개소,0,0,0,0,0,0,0,0,0,0,0,0,0
대전세종충남지부,2018,고령자교육,42,423,회차,0,0,0,0,0,0,0,0,0,0,0,0,0
대전세종충남지부,2018,고령자교육,42,423,인원,0,0,0,0,0,0,0,0,0,0,0,0,0
대전세종충남지부,2018,고령자교육,42,426,개소,0,0,0,0,0,0,0,0,0,0,0,0,0
대전세종충남지부,2018,고령자교육,42,426,회차,0,0,0,0,0,0,0,0,0,0,0,0,0
대전세종충남지부,2018,고령자교육,42,426,인원,47,47,47,47,47,47,47,47,47,47,47,53,570
대전세종충남지부,2018,교사교육,51,511,개소,0,0,0,0,0,0,0,0,0,0,0,0,0
대전세종충남지부,2018,교사교육,51,511,회차,0,0,0,0,0,0,0,0,0,0,0,0,0
대전세종충남지부,2018,교사교육,51,511,인원,0,0,0,0,0,0,0,0,0,0,0,0,0
대전세종충남지부,2018,교사교육,51,512,개소,0,0,0,0,0,0,0,0,0,0,0,0,0
대전세종충남지부,2018,교사교육,51,512,회차,0,0,0,0,0,0,0,0,0,0,0,0,0
대전세종충남지부,2018,교사교육,51,512,인원,0,0,0,0,0,0,0,0,0,0,0,0,0
대전세종충남지부,2018,교사교육,51,516,개소,0,0,0,0,0,0,0,0,0,0,0,0,0
대전세종충남지부,2018,교사교육,51,516,회차,0,0,0,0,0,0,0,0,0,0,0,0,0
대전세종충남지부,2018,교사교육,51,516,인원,0,0,0,0,0,0,0,0,0,0,0,0,0
대전세종충남지부,2018,교사교육,52,521,개소,0,0,0,0,0,0,0,0,0,0,0,0,0
대전세종충남지부,2018,교사교육,52,521,회차,0,0,0,0,0,0,0,0,0,0,0,0,0
대전세종충남지부,2018,교사교육,52,521,인원,0,0,0,0,0,0,0,0,0,0,0,0,0
대전세종충남지부,2018,교사교육,52,522,개소,0,0,0,0,0,0,0,0,0,0,0,0,0
대전세종충남지부,2018,교사교육,52,522,회차,0,0,0,0,0,0,0,0,0,0,0,0,0
대전세종충남지부,2018,교사교육,52,522,인원,0,0,0,0,0,0,0,0,0,0,0,0,0
대전세종충남지부,2018,교사교육,52,526,개소,0,0,0,0,0,0,0,0,0,0,0,0,0
대전세종충남지부,2018,교사교육,52,526,회차,0,0,0,0,0,0,0,0,0,0,0,0,0
대전세종충남지부,2018,교사교육,52,526,인원,10,10,10,10,10,10,10,10,10,10,10,15,125
대전세종충남지부,2018,교사교육,53,531,개소,0,0,0,0,0,0,0,0,0,0,0,0,0
대전세종충남지부,2018,교사교육,53,531,회차,0,0,0,0,0,0,0,0,0,0,0,0,0
대전세종충남지부,2018,교사교육,53,531,인원,0,0,0,0,0,0,0,0,0,0,0,0,0
대전세종충남지부,2018,교사교육,53,532,개소,0,0,0,0,0,0,0,0,0,0,0,0,0
대전세종충남지부,2018,교사교육,53,532,회차,0,0,0,0,0,0,0,0,0,0,0,0,0
대전세종충남지부,2018,교사교육,53,532,인원,0,0,0,0,0,0,0,0,0,0,0,0,0
대전세종충남지부,2018,교사교육,53,536,개소,0,0,0,0,0,0,0,0,0,0,0,0,0
대전세종충남지부,2018,교사교육,53,536,회차,0,0,0,0,0,0,0,0,0,0,0,0,0
대전세종충남지부,2018,교사교육,53,536,인원,5,5,5,5,5,5,5,5,5,5,5,7,62
대전세종충남지부,2018,교사교육,54,541,개소,0,0,0,0,0,0,0,0,0,0,0,0,0
대전세종충남지부,2018,교사교육,54,541,회차,0,0,0,0,0,0,0,0,0,0,0,0,0
대전세종충남지부,2018,교사교육,54,541,인원,0,0,0,0,0,0,0,0,0,0,0,0,0
대전세종충남지부,2018,교사교육,54,542,개소,0,0,0,0,0,0,0,0,0,0,0,0,0
대전세종충남지부,2018,교사교육,54,542,회차,0,0,0,0,0,0,0,0,0,0,0,0,0
대전세종충남지부,2018,교사교육,54,542,인원,0,0,0,0,0,0,0,0,0,0,0,0,0
대전세종충남지부,2018,교사교육,54,543,개소,0,0,0,0,0,0,0,0,0,0,0,0,0
대전세종충남지부,2018,교사교육,54,543,회차,0,0,0,0,0,0,0,0,0,0,0,0,0
대전세종충남지부,2018,교사교육,54,543,인원,0,0,0,0,0,0,0,0,0,0,0,0,0
대전세종충남지부,2018,교사교육,54,546,개소,0,0,0,0,0,0,0,0,0,0,0,0,0
대전세종충남지부,2018,교사교육,54,546,회차,0,0,0,0,0,0,0,0,0,0,0,0,0
대전세종충남지부,2018,교사교육,54,546,인원,5,5,5,5,5,5,5,5,5,5,5,7,62
대전세종충남지부,2019,어린이교육,11,111,개소,0,0,0,0,0,0,0,0,0,0,0,0,0
대전세종충남지부,2019,어린이교육,11,111,회차,0,0,0,0,0,0,0,0,0,0,0,0,0
대전세종충남지부,2019,어린이교육,11,111,인원,0,0,0,0,0,0,0,0,0,0,0,0,0
대전세종충남지부,2019,어린이교육,11,112,개소,0,0,0,0,0,0,0,0,0,0,0,0,0
대전세종충남지부,2019,어린이교육,11,112,회차,0,0,0,0,0,0,0,0,0,0,0,0,0
대전세종충남지부,2019,어린이교육,11,112,인원,0,0,0,0,0,0,0,0,0,0,0,0,0
대전세종충남지부,2019,어린이교육,11,113,개소,0,0,0,0,0,0,0,0,0,0,0,0,0
대전세종충남지부,2019,어린이교육,11,113,회차,0,0,0,0,0,0,0,0,0,0,0,0,0
대전세종충남지부,2019,어린이교육,11,113,인원,0,0,0,0,0,0,0,0,0,0,0,0,0
대전세종충남지부,2019,어린이교육,11,114,개소,0,0,0,0,0,0,0,0,0,0,0,0,0
대전세종충남지부,2019,어린이교육,11,114,회차,0,0,0,0,0,0,0,0,0,0,0,0,0
대전세종충남지부,2019,어린이교육,11,114,인원,0,0,0,0,0,0,0,0,0,0,0,0,0
대전세종충남지부,2019,어린이교육,12,121,개소,0,0,0,0,0,0,0,0,0,0,0,0,0
대전세종충남지부,2019,어린이교육,12,121,회차,0,0,0,0,0,0,0,0,0,0,0,0,0
대전세종충남지부,2019,어린이교육,12,121,인원,0,0,0,0,0,0,0,0,0,0,0,0,0
대전세종충남지부,2019,어린이교육,12,122,개소,0,0,0,0,0,0,0,0,0,0,0,0,0
대전세종충남지부,2019,어린이교육,12,122,회차,0,0,0,0,0,0,0,0,0,0,0,0,0
대전세종충남지부,2019,어린이교육,12,122,인원,0,0,0,0,0,0,0,0,0,0,0,0,0
대전세종충남지부,2019,어린이교육,12,124,개소,0,0,0,0,0,0,0,0,0,0,0,0,0
대전세종충남지부,2019,어린이교육,12,124,회차,0,0,0,0,0,0,0,0,0,0,0,0,0
대전세종충남지부,2019,어린이교육,12,124,인원,0,0,0,0,0,0,0,0,0,0,0,0,0
대전세종충남지부,2019,어린이교육,12,127,개소,0,0,0,0,0,0,0,0,0,0,0,0,0
대전세종충남지부,2019,어린이교육,12,127,회차,0,0,0,0,0,0,0,0,0,0,0,0,0
대전세종충남지부,2019,어린이교육,12,127,인원,0,0,0,0,0,0,0,0,0,0,0,0,0
대전세종충남지부,2019,어린이교육,13,131,개소,0,0,0,0,0,0,0,0,0,0,0,0,0
대전세종충남지부,2019,어린이교육,13,131,회차,0,0,0,0,0,0,0,0,0,0,0,0,0
대전세종충남지부,2019,어린이교육,13,131,인원,0,0,0,0,0,0,0,0,0,0,0,0,0
대전세종충남지부,2019,어린이교육,13,132,개소,0,0,0,0,0,0,0,0,0,0,0,0,0
대전세종충남지부,2019,어린이교육,13,132,회차,0,0,0,0,0,0,0,0,0,0,0,0,0
대전세종충남지부,2019,어린이교육,13,132,인원,0,0,0,0,0,0,0,0,0,0,0,0,0
대전세종충남지부,2019,어린이교육,13,134,개소,0,0,0,0,0,0,0,0,0,0,0,0,0
대전세종충남지부,2019,어린이교육,13,134,회차,0,0,0,0,0,0,0,0,0,0,0,0,0
대전세종충남지부,2019,어린이교육,13,134,인원,0,0,0,0,0,0,0,0,0,0,0,0,0
대전세종충남지부,2019,어린이교육,13,137,개소,0,0,0,0,0,0,0,0,0,0,0,0,0
대전세종충남지부,2019,어린이교육,13,137,회차,0,0,0,0,0,0,0,0,0,0,0,0,0
대전세종충남지부,2019,어린이교육,13,137,인원,0,0,0,0,0,0,0,0,0,0,0,0,0
대전세종충남지부,2019,어린이교육,14,141,개소,0,0,0,0,0,0,0,0,0,0,0,0,0
대전세종충남지부,2019,어린이교육,14,141,회차,0,0,0,0,0,0,0,0,0,0,0,0,0
대전세종충남지부,2019,어린이교육,14,141,인원,0,0,0,0,0,0,0,0,0,0,0,0,0
대전세종충남지부,2019,어린이교육,14,142,개소,0,0,0,0,0,0,0,0,0,0,0,0,0
대전세종충남지부,2019,어린이교육,14,142,회차,0,0,0,0,0,0,0,0,0,0,0,0,0
대전세종충남지부,2019,어린이교육,14,142,인원,0,0,0,0,0,0,0,0,0,0,0,0,0
대전세종충남지부,2019,어린이교육,14,144,개소,0,0,0,0,0,0,0,0,0,0,0,0,0
대전세종충남지부,2019,어린이교육,14,144,회차,0,0,0,0,0,0,0,0,0,0,0,0,0
대전세종충남지부,2019,어린이교육,14,144,인원,0,0,0,0,0,0,0,0,0,0,0,0,0
대전세종충남지부,2019,어린이교육,14,147,개소,0,0,0,0,0,0,0,0,0,0,0,0,0
대전세종충남지부,2019,어린이교육,14,147,회차,0,0,0,0,0,0,0,0,0,0,0,0,0
대전세종충남지부,2019,어린이교육,14,147,인원,0,0,0,0,0,0,0,0,0,0,0,0,0
대전세종충남지부,2019,청소년교육,21,211,개소,0,0,0,0,0,0,0,0,0,0,0,0,0
대전세종충남지부,2019,청소년교육,21,211,회차,0,0,0,0,0,0,0,0,0,0,0,0,0
대전세종충남지부,2019,청소년교육,21,211,인원,0,0,0,0,0,0,0,0,0,0,0,0,0
대전세종충남지부,2019,청소년교육,21,212,개소,0,0,0,0,0,0,0,0,0,0,0,0,0
대전세종충남지부,2019,청소년교육,21,212,회차,0,0,0,0,0,0,0,0,0,0,0,0,0
대전세종충남지부,2019,청소년교육,21,212,인원,0,0,0,0,0,0,0,0,0,0,0,0,0
대전세종충남지부,2019,청소년교육,21,214,개소,0,0,0,0,0,0,0,0,0,0,0,0,0
대전세종충남지부,2019,청소년교육,21,214,회차,0,0,0,0,0,0,0,0,0,0,0,0,0
대전세종충남지부,2019,청소년교육,21,214,인원,0,0,0,0,0,0,0,0,0,0,0,0,0
대전세종충남지부,2019,청소년교육,21,217,개소,0,0,0,0,0,0,0,0,0,0,0,0,0
대전세종충남지부,2019,청소년교육,21,217,회차,0,0,0,0,0,0,0,0,0,0,0,0,0
대전세종충남지부,2019,청소년교육,21,217,인원,0,0,0,0,0,0,0,0,0,0,0,0,0
대전세종충남지부,2019,청소년교육,21,218,개소,0,0,0,0,0,0,0,0,0,0,0,0,0
대전세종충남지부,2019,청소년교육,21,218,회차,0,0,0,0,0,0,0,0,0,0,0,0,0
대전세종충남지부,2019,청소년교육,21,218,인원,0,0,0,0,0,0,0,0,0,0,0,0,0
대전세종충남지부,2019,청소년교육,22,221,개소,0,0,0,0,0,0,0,0,0,0,0,0,0
대전세종충남지부,2019,청소년교육,22,221,회차,0,0,0,0,0,0,0,0,0,0,0,0,0
대전세종충남지부,2019,청소년교육,22,221,인원,0,0,0,0,0,0,0,0,0,0,0,0,0
대전세종충남지부,2019,청소년교육,22,222,개소,0,0,0,0,0,0,0,0,0,0,0,0,0
대전세종충남지부,2019,청소년교육,22,222,회차,0,0,0,0,0,0,0,0,0,0,0,0,0
대전세종충남지부,2019,청소년교육,22,222,인원,0,0,0,0,0,0,0,0,0,0,0,0,0
대전세종충남지부,2019,청소년교육,22,223,개소,0,0,0,0,0,0,0,0,0,0,0,0,0
대전세종충남지부,2019,청소년교육,22,223,회차,0,0,0,0,0,0,0,0,0,0,0,0,0
대전세종충남지부,2019,청소년교육,22,223,인원,0,0,0,0,0,0,0,0,0,0,0,0,0
대전세종충남지부,2019,청소년교육,22,224,개소,0,0,0,0,0,0,0,0,0,0,0,0,0
대전세종충남지부,2019,청소년교육,22,224,회차,0,0,0,0,0,0,0,0,0,0,0,0,0
대전세종충남지부,2019,청소년교육,22,224,인원,0,0,0,0,0,0,0,0,0,0,0,0,0
대전세종충남지부,2019,청소년교육,22,226,개소,0,0,0,0,0,0,0,0,0,0,0,0,0
대전세종충남지부,2019,청소년교육,22,226,회차,0,0,0,0,0,0,0,0,0,0,0,0,0
대전세종충남지부,2019,청소년교육,22,226,인원,0,0,0,0,0,0,0,0,0,0,0,0,0
대전세종충남지부,2019,청소년교육,22,227,개소,0,0,0,0,0,0,0,0,0,0,0,0,0
대전세종충남지부,2019,청소년교육,22,227,회차,0,0,0,0,0,0,0,0,0,0,0,0,0
대전세종충남지부,2019,청소년교육,22,227,인원,0,0,0,0,0,0,0,0,0,0,0,0,0
대전세종충남지부,2019,청소년교육,22,228,개소,0,0,0,0,0,0,0,0,0,0,0,0,0
대전세종충남지부,2019,청소년교육,22,228,회차,0,0,0,0,0,0,0,0,0,0,0,0,0
대전세종충남지부,2019,청소년교육,22,228,인원,0,0,0,0,0,0,0,0,0,0,0,0,0
대전세종충남지부,2019,성인교육,31,312,개소,0,0,0,0,0,0,0,0,0,0,0,0,0
대전세종충남지부,2019,성인교육,31,312,회차,0,0,0,0,0,0,0,0,0,0,0,0,0
대전세종충남지부,2019,성인교육,31,312,인원,0,0,0,0,0,0,0,0,0,0,0,0,0
대전세종충남지부,2019,성인교육,31,313,개소,0,0,0,0,0,0,0,0,0,0,0,0,0
대전세종충남지부,2019,성인교육,31,313,회차,0,0,0,0,0,0,0,0,0,0,0,0,0
대전세종충남지부,2019,성인교육,31,313,인원,0,0,0,0,0,0,0,0,0,0,0,0,0
대전세종충남지부,2019,성인교육,31,314,개소,0,0,0,0,0,0,0,0,0,0,0,0,0
대전세종충남지부,2019,성인교육,31,314,회차,0,0,0,0,0,0,0,0,0,0,0,0,0
대전세종충남지부,2019,성인교육,31,314,인원,0,0,0,0,0,0,0,0,0,0,0,0,0
대전세종충남지부,2019,성인교육,31,316,개소,0,0,0,0,0,0,0,0,0,0,0,0,0
대전세종충남지부,2019,성인교육,31,316,회차,0,0,0,0,0,0,0,0,0,0,0,0,0
대전세종충남지부,2019,성인교육,31,316,인원,0,0,0,0,0,0,0,0,0,0,0,0,0
대전세종충남지부,2019,성인교육,31,317,개소,0,0,0,0,0,0,0,0,0,0,0,0,0
대전세종충남지부,2019,성인교육,31,317,회차,0,0,0,0,0,0,0,0,0,0,0,0,0
대전세종충남지부,2019,성인교육,31,317,인원,0,0,0,0,0,0,0,0,0,0,0,0,0
대전세종충남지부,2019,성인교육,31,318,개소,0,0,0,0,0,0,0,0,0,0,0,0,0
대전세종충남지부,2019,성인교육,31,318,회차,0,0,0,0,0,0,0,0,0,0,0,0,0
대전세종충남지부,2019,성인교육,31,318,인원,0,0,0,0,0,0,0,0,0,0,0,0,0
대전세종충남지부,2019,성인교육,31,319,개소,0,0,0,0,0,0,0,0,0,0,0,0,0
대전세종충남지부,2019,성인교육,31,319,회차,0,0,0,0,0,0,0,0,0,0,0,0,0
대전세종충남지부,2019,성인교육,31,319,인원,0,0,0,0,0,0,0,0,0,0,0,0,0
대전세종충남지부,2019,성인교육,32,322,개소,0,0,0,0,0,0,0,0,0,0,0,0,0
대전세종충남지부,2019,성인교육,32,322,회차,0,0,0,0,0,0,0,0,0,0,0,0,0
대전세종충남지부,2019,성인교육,32,322,인원,0,0,0,0,0,0,0,0,0,0,0,0,0
대전세종충남지부,2019,성인교육,32,323,개소,0,0,0,0,0,0,0,0,0,0,0,0,0
대전세종충남지부,2019,성인교육,32,323,회차,0,0,0,0,0,0,0,0,0,0,0,0,0
대전세종충남지부,2019,성인교육,32,323,인원,0,0,0,0,0,0,0,0,0,0,0,0,0
대전세종충남지부,2019,성인교육,32,326,개소,0,0,0,0,0,0,0,0,0,0,0,0,0
대전세종충남지부,2019,성인교육,32,326,회차,0,0,0,0,0,0,0,0,0,0,0,0,0
대전세종충남지부,2019,성인교육,32,326,인원,0,0,0,0,0,0,0,0,0,0,0,0,0
대전세종충남지부,2019,성인교육,32,328,개소,0,0,0,0,0,0,0,0,0,0,0,0,0
대전세종충남지부,2019,성인교육,32,328,회차,0,0,0,0,0,0,0,0,0,0,0,0,0
대전세종충남지부,2019,성인교육,32,328,인원,0,0,0,0,0,0,0,0,0,0,0,0,0
대전세종충남지부,2019,성인교육,32,329,개소,0,0,0,0,0,0,0,0,0,0,0,0,0
대전세종충남지부,2019,성인교육,32,329,회차,0,0,0,0,0,0,0,0,0,0,0,0,0
대전세종충남지부,2019,성인교육,32,329,인원,0,0,0,0,0,0,0,0,0,0,0,0,0
대전세종충남지부,2019,성인교육,33,332,개소,0,0,0,0,0,0,0,0,0,0,0,0,0
대전세종충남지부,2019,성인교육,33,332,회차,0,0,0,0,0,0,0,0,0,0,0,0,0
대전세종충남지부,2019,성인교육,33,332,인원,0,0,0,0,0,0,0,0,0,0,0,0,0
대전세종충남지부,2019,성인교육,33,333,개소,0,0,0,0,0,0,0,0,0,0,0,0,0
대전세종충남지부,2019,성인교육,33,333,회차,0,0,0,0,0,0,0,0,0,0,0,0,0
대전세종충남지부,2019,성인교육,33,333,인원,0,0,0,0,0,0,0,0,0,0,0,0,0
대전세종충남지부,2019,성인교육,33,336,개소,0,0,0,0,0,0,0,0,0,0,0,0,0
대전세종충남지부,2019,성인교육,33,336,회차,0,0,0,0,0,0,0,0,0,0,0,0,0
대전세종충남지부,2019,성인교육,33,336,인원,0,0,0,0,0,0,0,0,0,0,0,0,0
대전세종충남지부,2019,성인교육,33,338,개소,0,0,0,0,0,0,0,0,0,0,0,0,0
대전세종충남지부,2019,성인교육,33,338,회차,0,0,0,0,0,0,0,0,0,0,0,0,0
대전세종충남지부,2019,성인교육,33,338,인원,0,0,0,0,0,0,0,0,0,0,0,0,0
대전세종충남지부,2019,성인교육,33,339,개소,0,0,0,0,0,0,0,0,0,0,0,0,0
대전세종충남지부,2019,성인교육,33,339,회차,0,0,0,0,0,0,0,0,0,0,0,0,0
대전세종충남지부,2019,성인교육,33,339,인원,0,0,0,0,0,0,0,0,0,0,0,0,0
대전세종충남지부,2019,성인교육,34,342,개소,0,0,0,0,0,0,0,0,0,0,0,0,0
대전세종충남지부,2019,성인교육,34,342,회차,0,0,0,0,0,0,0,0,0,0,0,0,0
대전세종충남지부,2019,성인교육,34,342,인원,0,0,0,0,0,0,0,0,0,0,0,0,0
대전세종충남지부,2019,성인교육,34,343,개소,0,0,0,0,0,0,0,0,0,0,0,0,0
대전세종충남지부,2019,성인교육,34,343,회차,0,0,0,0,0,0,0,0,0,0,0,0,0
대전세종충남지부,2019,성인교육,34,343,인원,0,0,0,0,0,0,0,0,0,0,0,0,0
대전세종충남지부,2019,성인교육,34,346,개소,0,0,0,0,0,0,0,0,0,0,0,0,0
대전세종충남지부,2019,성인교육,34,346,회차,0,0,0,0,0,0,0,0,0,0,0,0,0
대전세종충남지부,2019,성인교육,34,346,인원,0,0,0,0,0,0,0,0,0,0,0,0,0
대전세종충남지부,2019,성인교육,34,348,개소,0,0,0,0,0,0,0,0,0,0,0,0,0
대전세종충남지부,2019,성인교육,34,348,회차,0,0,0,0,0,0,0,0,0,0,0,0,0
대전세종충남지부,2019,성인교육,34,348,인원,0,0,0,0,0,0,0,0,0,0,0,0,0
대전세종충남지부,2019,성인교육,34,349,개소,0,0,0,0,0,0,0,0,0,0,0,0,0
대전세종충남지부,2019,성인교육,34,349,회차,0,0,0,0,0,0,0,0,0,0,0,0,0
대전세종충남지부,2019,성인교육,34,349,인원,0,0,0,0,0,0,0,0,0,0,0,0,0
대전세종충남지부,2019,성인교육,35,352,개소,0,0,0,0,0,0,0,0,0,0,0,0,0
대전세종충남지부,2019,성인교육,35,352,회차,0,0,0,0,0,0,0,0,0,0,0,0,0
대전세종충남지부,2019,성인교육,35,352,인원,0,0,0,0,0,0,0,0,0,0,0,0,0
대전세종충남지부,2019,성인교육,35,353,개소,0,0,0,0,0,0,0,0,0,0,0,0,0
대전세종충남지부,2019,성인교육,35,353,회차,0,0,0,0,0,0,0,0,0,0,0,0,0
대전세종충남지부,2019,성인교육,35,353,인원,0,0,0,0,0,0,0,0,0,0,0,0,0
대전세종충남지부,2019,성인교육,35,356,개소,0,0,0,0,0,0,0,0,0,0,0,0,0
대전세종충남지부,2019,성인교육,35,356,회차,0,0,0,0,0,0,0,0,0,0,0,0,0
대전세종충남지부,2019,성인교육,35,356,인원,0,0,0,0,0,0,0,0,0,0,0,0,0
대전세종충남지부,2019,성인교육,35,358,개소,0,0,0,0,0,0,0,0,0,0,0,0,0
대전세종충남지부,2019,성인교육,35,358,회차,0,0,0,0,0,0,0,0,0,0,0,0,0
대전세종충남지부,2019,성인교육,35,358,인원,0,0,0,0,0,0,0,0,0,0,0,0,0
대전세종충남지부,2019,성인교육,35,359,개소,0,0,0,0,0,0,0,0,0,0,0,0,0
대전세종충남지부,2019,성인교육,35,359,회차,0,0,0,0,0,0,0,0,0,0,0,0,0
대전세종충남지부,2019,성인교육,35,359,인원,0,0,0,0,0,0,0,0,0,0,0,0,0
대전세종충남지부,2019,성인교육,36,362,개소,0,0,0,0,0,0,0,0,0,0,0,0,0
대전세종충남지부,2019,성인교육,36,362,회차,0,0,0,0,0,0,0,0,0,0,0,0,0
대전세종충남지부,2019,성인교육,36,362,인원,0,0,0,0,0,0,0,0,0,0,0,0,0
대전세종충남지부,2019,성인교육,36,363,개소,0,0,0,0,0,0,0,0,0,0,0,0,0
대전세종충남지부,2019,성인교육,36,363,회차,0,0,0,0,0,0,0,0,0,0,0,0,0
대전세종충남지부,2019,성인교육,36,363,인원,0,0,0,0,0,0,0,0,0,0,0,0,0
대전세종충남지부,2019,성인교육,36,365,개소,0,0,0,0,0,0,0,0,0,0,0,0,0
대전세종충남지부,2019,성인교육,36,365,회차,0,0,0,0,0,0,0,0,0,0,0,0,0
대전세종충남지부,2019,성인교육,36,365,인원,0,0,0,0,0,0,0,0,0,0,0,0,0
대전세종충남지부,2019,성인교육,36,366,개소,0,0,0,0,0,0,0,0,0,0,0,0,0
대전세종충남지부,2019,성인교육,36,366,회차,0,0,0,0,0,0,0,0,0,0,0,0,0
대전세종충남지부,2019,성인교육,36,366,인원,0,0,0,0,0,0,0,0,0,0,0,0,0
대전세종충남지부,2019,성인교육,36,368,개소,0,0,0,0,0,0,0,0,0,0,0,0,0
대전세종충남지부,2019,성인교육,36,368,회차,0,0,0,0,0,0,0,0,0,0,0,0,0
대전세종충남지부,2019,성인교육,36,368,인원,0,0,0,0,0,0,0,0,0,0,0,0,0
대전세종충남지부,2019,성인교육,36,369,개소,0,0,0,0,0,0,0,0,0,0,0,0,0
대전세종충남지부,2019,성인교육,36,369,회차,0,0,0,0,0,0,0,0,0,0,0,0,0
대전세종충남지부,2019,성인교육,36,369,인원,0,0,0,0,0,0,0,0,0,0,0,0,0
대전세종충남지부,2019,성인교육,37,372,개소,0,0,0,0,0,0,0,0,0,0,0,0,0
대전세종충남지부,2019,성인교육,37,372,회차,0,0,0,0,0,0,0,0,0,0,0,0,0
대전세종충남지부,2019,성인교육,37,372,인원,0,0,0,0,0,0,0,0,0,0,0,0,0
대전세종충남지부,2019,성인교육,37,373,개소,0,0,0,0,0,0,0,0,0,0,0,0,0
대전세종충남지부,2019,성인교육,37,373,회차,0,0,0,0,0,0,0,0,0,0,0,0,0
대전세종충남지부,2019,성인교육,37,373,인원,0,0,0,0,0,0,0,0,0,0,0,0,0
대전세종충남지부,2019,성인교육,37,376,개소,0,0,0,0,0,0,0,0,0,0,0,0,0
대전세종충남지부,2019,성인교육,37,376,회차,0,0,0,0,0,0,0,0,0,0,0,0,0
대전세종충남지부,2019,성인교육,37,376,인원,0,0,0,0,0,0,0,0,0,0,0,0,0
대전세종충남지부,2019,성인교육,37,378,개소,0,0,0,0,0,0,0,0,0,0,0,0,0
대전세종충남지부,2019,성인교육,37,378,회차,0,0,0,0,0,0,0,0,0,0,0,0,0
대전세종충남지부,2019,성인교육,37,378,인원,0,0,0,0,0,0,0,0,0,0,0,0,0
대전세종충남지부,2019,성인교육,37,379,개소,0,0,0,0,0,0,0,0,0,0,0,0,0
대전세종충남지부,2019,성인교육,37,379,회차,0,0,0,0,0,0,0,0,0,0,0,0,0
대전세종충남지부,2019,성인교육,37,379,인원,0,0,0,0,0,0,0,0,0,0,0,0,0
대전세종충남지부,2019,성인교육,38,381,개소,0,0,0,0,0,0,0,0,0,0,0,0,0
대전세종충남지부,2019,성인교육,38,381,회차,0,0,0,0,0,0,0,0,0,0,0,0,0
대전세종충남지부,2019,성인교육,38,381,인원,0,0,0,0,0,0,0,0,0,0,0,0,0
대전세종충남지부,2019,성인교육,38,382,개소,0,0,0,0,0,0,0,0,0,0,0,0,0
대전세종충남지부,2019,성인교육,38,382,회차,0,0,0,0,0,0,0,0,0,0,0,0,0
대전세종충남지부,2019,성인교육,38,382,인원,0,0,0,0,0,0,0,0,0,0,0,0,0
대전세종충남지부,2019,성인교육,38,386,개소,0,0,0,0,0,0,0,0,0,0,0,0,0
대전세종충남지부,2019,성인교육,38,386,회차,0,0,0,0,0,0,0,0,0,0,0,0,0
대전세종충남지부,2019,성인교육,38,386,인원,0,0,0,0,0,0,0,0,0,0,0,0,0
대전세종충남지부,2019,성인교육,38,388,개소,0,0,0,0,0,0,0,0,0,0,0,0,0
대전세종충남지부,2019,성인교육,38,388,회차,0,0,0,0,0,0,0,0,0,0,0,0,0
대전세종충남지부,2019,성인교육,38,388,인원,0,0,0,0,0,0,0,0,0,0,0,0,0
대전세종충남지부,2019,성인교육,39,392,개소,0,0,0,0,0,0,0,0,0,0,0,0,0
대전세종충남지부,2019,성인교육,39,392,회차,0,0,0,0,0,0,0,0,0,0,0,0,0
대전세종충남지부,2019,성인교육,39,392,인원,0,0,0,0,0,0,0,0,0,0,0,0,0
대전세종충남지부,2019,성인교육,39,393,개소,0,0,0,0,0,0,0,0,0,0,0,0,0
대전세종충남지부,2019,성인교육,39,393,회차,0,0,0,0,0,0,0,0,0,0,0,0,0
대전세종충남지부,2019,성인교육,39,393,인원,0,0,0,0,0,0,0,0,0,0,0,0,0
대전세종충남지부,2019,성인교육,39,396,개소,0,0,0,0,0,0,0,0,0,0,0,0,0
대전세종충남지부,2019,성인교육,39,396,회차,0,0,0,0,0,0,0,0,0,0,0,0,0
대전세종충남지부,2019,성인교육,39,396,인원,0,0,0,0,0,0,0,0,0,0,0,0,0
대전세종충남지부,2019,성인교육,39,398,개소,0,0,0,0,0,0,0,0,0,0,0,0,0
대전세종충남지부,2019,성인교육,39,398,회차,0,0,0,0,0,0,0,0,0,0,0,0,0
대전세종충남지부,2019,성인교육,39,398,인원,0,0,0,0,0,0,0,0,0,0,0,0,0
대전세종충남지부,2019,고령자교육,41,411,개소,0,0,0,0,0,0,0,0,0,0,0,0,0
대전세종충남지부,2019,고령자교육,41,411,회차,0,0,0,0,0,0,0,0,0,0,0,0,0
대전세종충남지부,2019,고령자교육,41,411,인원,0,0,0,0,0,0,0,0,0,0,0,0,0
대전세종충남지부,2019,고령자교육,41,412,개소,0,0,0,0,0,0,0,0,0,0,0,0,0
대전세종충남지부,2019,고령자교육,41,412,회차,0,0,0,0,0,0,0,0,0,0,0,0,0
대전세종충남지부,2019,고령자교육,41,412,인원,0,0,0,0,0,0,0,0,0,0,0,0,0
대전세종충남지부,2019,고령자교육,41,413,개소,0,0,0,0,0,0,0,0,0,0,0,0,0
대전세종충남지부,2019,고령자교육,41,413,회차,0,0,0,0,0,0,0,0,0,0,0,0,0
대전세종충남지부,2019,고령자교육,41,413,인원,0,0,0,0,0,0,0,0,0,0,0,0,0
대전세종충남지부,2019,고령자교육,41,417,개소,0,0,0,0,0,0,0,0,0,0,0,0,0
대전세종충남지부,2019,고령자교육,41,417,회차,0,0,0,0,0,0,0,0,0,0,0,0,0
대전세종충남지부,2019,고령자교육,41,417,인원,0,0,0,0,0,0,0,0,0,0,0,0,0
대전세종충남지부,2019,고령자교육,42,422,개소,0,0,0,0,0,0,0,0,0,0,0,0,0
대전세종충남지부,2019,고령자교육,42,422,회차,0,0,0,0,0,0,0,0,0,0,0,0,0
대전세종충남지부,2019,고령자교육,42,422,인원,0,0,0,0,0,0,0,0,0,0,0,0,0
대전세종충남지부,2019,고령자교육,42,423,개소,0,0,0,0,0,0,0,0,0,0,0,0,0
대전세종충남지부,2019,고령자교육,42,423,회차,0,0,0,0,0,0,0,0,0,0,0,0,0
대전세종충남지부,2019,고령자교육,42,423,인원,0,0,0,0,0,0,0,0,0,0,0,0,0
대전세종충남지부,2019,고령자교육,42,426,개소,0,0,0,0,0,0,0,0,0,0,0,0,0
대전세종충남지부,2019,고령자교육,42,426,회차,0,0,0,0,0,0,0,0,0,0,0,0,0
대전세종충남지부,2019,고령자교육,42,426,인원,0,0,0,0,0,0,0,0,0,0,0,0,0
대전세종충남지부,2019,교사교육,51,511,개소,0,0,0,0,0,0,0,0,0,0,0,0,0
대전세종충남지부,2019,교사교육,51,511,회차,0,0,0,0,0,0,0,0,0,0,0,0,0
대전세종충남지부,2019,교사교육,51,511,인원,0,0,0,0,0,0,0,0,0,0,0,0,0
대전세종충남지부,2019,교사교육,51,512,개소,0,0,0,0,0,0,0,0,0,0,0,0,0
대전세종충남지부,2019,교사교육,51,512,회차,0,0,0,0,0,0,0,0,0,0,0,0,0
대전세종충남지부,2019,교사교육,51,512,인원,0,0,0,0,0,0,0,0,0,0,0,0,0
대전세종충남지부,2019,교사교육,51,516,개소,0,0,0,0,0,0,0,0,0,0,0,0,0
대전세종충남지부,2019,교사교육,51,516,회차,0,0,0,0,0,0,0,0,0,0,0,0,0
대전세종충남지부,2019,교사교육,51,516,인원,0,0,0,0,0,0,0,0,0,0,0,0,0
대전세종충남지부,2019,교사교육,52,521,개소,0,0,0,0,0,0,0,0,0,0,0,0,0
대전세종충남지부,2019,교사교육,52,521,회차,0,0,0,0,0,0,0,0,0,0,0,0,0
대전세종충남지부,2019,교사교육,52,521,인원,0,0,0,0,0,0,0,0,0,0,0,0,0
대전세종충남지부,2019,교사교육,52,522,개소,0,0,0,0,0,0,0,0,0,0,0,0,0
대전세종충남지부,2019,교사교육,52,522,회차,0,0,0,0,0,0,0,0,0,0,0,0,0
대전세종충남지부,2019,교사교육,52,522,인원,0,0,0,0,0,0,0,0,0,0,0,0,0
대전세종충남지부,2019,교사교육,52,526,개소,0,0,0,0,0,0,0,0,0,0,0,0,0
대전세종충남지부,2019,교사교육,52,526,회차,0,0,0,0,0,0,0,0,0,0,0,0,0
대전세종충남지부,2019,교사교육,52,526,인원,0,0,0,0,0,0,0,0,0,0,0,0,0
대전세종충남지부,2019,교사교육,53,531,개소,0,0,0,0,0,0,0,0,0,0,0,0,0
대전세종충남지부,2019,교사교육,53,531,회차,0,0,0,0,0,0,0,0,0,0,0,0,0
대전세종충남지부,2019,교사교육,53,531,인원,0,0,0,0,0,0,0,0,0,0,0,0,0
대전세종충남지부,2019,교사교육,53,532,개소,0,0,0,0,0,0,0,0,0,0,0,0,0
대전세종충남지부,2019,교사교육,53,532,회차,0,0,0,0,0,0,0,0,0,0,0,0,0
대전세종충남지부,2019,교사교육,53,532,인원,0,0,0,0,0,0,0,0,0,0,0,0,0
대전세종충남지부,2019,교사교육,53,536,개소,0,0,0,0,0,0,0,0,0,0,0,0,0
대전세종충남지부,2019,교사교육,53,536,회차,0,0,0,0,0,0,0,0,0,0,0,0,0
대전세종충남지부,2019,교사교육,53,536,인원,0,0,0,0,0,0,0,0,0,0,0,0,0
대전세종충남지부,2019,교사교육,54,541,개소,0,0,0,0,0,0,0,0,0,0,0,0,0
대전세종충남지부,2019,교사교육,54,541,회차,0,0,0,0,0,0,0,0,0,0,0,0,0
대전세종충남지부,2019,교사교육,54,541,인원,0,0,0,0,0,0,0,0,0,0,0,0,0
대전세종충남지부,2019,교사교육,54,542,개소,0,0,0,0,0,0,0,0,0,0,0,0,0
대전세종충남지부,2019,교사교육,54,542,회차,0,0,0,0,0,0,0,0,0,0,0,0,0
대전세종충남지부,2019,교사교육,54,542,인원,0,0,0,0,0,0,0,0,0,0,0,0,0
대전세종충남지부,2019,교사교육,54,543,개소,0,0,0,0,0,0,0,0,0,0,0,0,0
대전세종충남지부,2019,교사교육,54,543,회차,0,0,0,0,0,0,0,0,0,0,0,0,0
대전세종충남지부,2019,교사교육,54,543,인원,0,0,0,0,0,0,0,0,0,0,0,0,0
대전세종충남지부,2019,교사교육,54,546,개소,0,0,0,0,0,0,0,0,0,0,0,0,0
대전세종충남지부,2019,교사교육,54,546,회차,0,0,0,0,0,0,0,0,0,0,0,0,0
대전세종충남지부,2019,교사교육,54,546,인원,0,0,0,0,0,0,0,0,0,0,0,0,0
대전세종충남지부,2020,어린이교육,11,111,개소,0,0,0,0,0,0,0,0,0,0,0,0,0
대전세종충남지부,2020,어린이교육,11,111,회차,0,0,0,0,0,0,0,0,0,0,0,0,0
대전세종충남지부,2020,어린이교육,11,111,인원,0,0,0,0,0,0,0,0,0,0,0,0,0
대전세종충남지부,2020,어린이교육,11,112,개소,0,0,0,0,0,0,0,0,0,0,0,0,0
대전세종충남지부,2020,어린이교육,11,112,회차,0,0,0,0,0,0,0,0,0,0,0,0,0
대전세종충남지부,2020,어린이교육,11,112,인원,0,0,0,0,0,0,0,0,0,0,0,0,0
대전세종충남지부,2020,어린이교육,11,113,개소,0,0,0,0,0,0,0,0,0,0,0,0,0
대전세종충남지부,2020,어린이교육,11,113,회차,0,0,0,0,0,0,0,0,0,0,0,0,0
대전세종충남지부,2020,어린이교육,11,113,인원,0,0,0,0,0,0,0,0,0,0,0,0,0
대전세종충남지부,2020,어린이교육,11,114,개소,0,0,0,0,0,0,0,0,0,0,0,0,0
대전세종충남지부,2020,어린이교육,11,114,회차,0,0,0,0,0,0,0,0,0,0,0,0,0
대전세종충남지부,2020,어린이교육,11,114,인원,0,0,0,0,0,0,0,0,0,0,0,0,0
대전세종충남지부,2020,어린이교육,12,121,개소,0,0,0,0,0,0,0,0,0,0,0,0,0
대전세종충남지부,2020,어린이교육,12,121,회차,0,0,0,0,0,0,0,0,0,0,0,0,0
대전세종충남지부,2020,어린이교육,12,121,인원,0,0,0,0,0,0,0,0,0,0,0,0,0
대전세종충남지부,2020,어린이교육,12,122,개소,0,0,0,0,0,0,0,0,0,0,0,0,0
대전세종충남지부,2020,어린이교육,12,122,회차,0,0,0,0,0,0,0,0,0,0,0,0,0
대전세종충남지부,2020,어린이교육,12,122,인원,0,0,0,0,0,0,0,0,0,0,0,0,0
대전세종충남지부,2020,어린이교육,12,124,개소,0,0,0,0,0,0,0,0,0,0,0,0,0
대전세종충남지부,2020,어린이교육,12,124,회차,0,0,0,0,0,0,0,0,0,0,0,0,0
대전세종충남지부,2020,어린이교육,12,124,인원,0,0,0,0,0,0,0,0,0,0,0,0,0
대전세종충남지부,2020,어린이교육,12,127,개소,0,0,0,0,0,0,0,0,0,0,0,0,0
대전세종충남지부,2020,어린이교육,12,127,회차,0,0,0,0,0,0,0,0,0,0,0,0,0
대전세종충남지부,2020,어린이교육,12,127,인원,0,0,0,0,0,0,0,0,0,0,0,0,0
대전세종충남지부,2020,어린이교육,13,131,개소,0,0,0,0,0,0,0,0,0,0,0,0,0
대전세종충남지부,2020,어린이교육,13,131,회차,0,0,0,0,0,0,0,0,0,0,0,0,0
대전세종충남지부,2020,어린이교육,13,131,인원,0,0,0,0,0,0,0,0,0,0,0,0,0
대전세종충남지부,2020,어린이교육,13,132,개소,0,0,0,0,0,0,0,0,0,0,0,0,0
대전세종충남지부,2020,어린이교육,13,132,회차,0,0,0,0,0,0,0,0,0,0,0,0,0
대전세종충남지부,2020,어린이교육,13,132,인원,0,0,0,0,0,0,0,0,0,0,0,0,0
대전세종충남지부,2020,어린이교육,13,134,개소,0,0,0,0,0,0,0,0,0,0,0,0,0
대전세종충남지부,2020,어린이교육,13,134,회차,0,0,0,0,0,0,0,0,0,0,0,0,0
대전세종충남지부,2020,어린이교육,13,134,인원,0,0,0,0,0,0,0,0,0,0,0,0,0
대전세종충남지부,2020,어린이교육,13,137,개소,0,0,0,0,0,0,0,0,0,0,0,0,0
대전세종충남지부,2020,어린이교육,13,137,회차,0,0,0,0,0,0,0,0,0,0,0,0,0
대전세종충남지부,2020,어린이교육,13,137,인원,0,0,0,0,0,0,0,0,0,0,0,0,0
대전세종충남지부,2020,어린이교육,14,141,개소,0,0,0,0,0,0,0,0,0,0,0,0,0
대전세종충남지부,2020,어린이교육,14,141,회차,0,0,0,0,0,0,0,0,0,0,0,0,0
대전세종충남지부,2020,어린이교육,14,141,인원,0,0,0,0,0,0,0,0,0,0,0,0,0
대전세종충남지부,2020,어린이교육,14,142,개소,0,0,0,0,0,0,0,0,0,0,0,0,0
대전세종충남지부,2020,어린이교육,14,142,회차,0,0,0,0,0,0,0,0,0,0,0,0,0
대전세종충남지부,2020,어린이교육,14,142,인원,0,0,0,0,0,0,0,0,0,0,0,0,0
대전세종충남지부,2020,어린이교육,14,144,개소,0,0,0,0,0,0,0,0,0,0,0,0,0
대전세종충남지부,2020,어린이교육,14,144,회차,0,0,0,0,0,0,0,0,0,0,0,0,0
대전세종충남지부,2020,어린이교육,14,144,인원,0,0,0,0,0,0,0,0,0,0,0,0,0
대전세종충남지부,2020,어린이교육,14,147,개소,0,0,0,0,0,0,0,0,0,0,0,0,0
대전세종충남지부,2020,어린이교육,14,147,회차,0,0,0,0,0,0,0,0,0,0,0,0,0
대전세종충남지부,2020,어린이교육,14,147,인원,0,0,0,0,0,0,0,0,0,0,0,0,0
대전세종충남지부,2020,청소년교육,21,211,개소,0,0,0,0,0,0,0,0,0,0,0,0,0
대전세종충남지부,2020,청소년교육,21,211,회차,0,0,0,0,0,0,0,0,0,0,0,0,0
대전세종충남지부,2020,청소년교육,21,211,인원,0,0,0,0,0,0,0,0,0,0,0,0,0
대전세종충남지부,2020,청소년교육,21,212,개소,0,0,0,0,0,0,0,0,0,0,0,0,0
대전세종충남지부,2020,청소년교육,21,212,회차,0,0,0,0,0,0,0,0,0,0,0,0,0
대전세종충남지부,2020,청소년교육,21,212,인원,0,0,0,0,0,0,0,0,0,0,0,0,0
대전세종충남지부,2020,청소년교육,21,214,개소,0,0,0,0,0,0,0,0,0,0,0,0,0
대전세종충남지부,2020,청소년교육,21,214,회차,0,0,0,0,0,0,0,0,0,0,0,0,0
대전세종충남지부,2020,청소년교육,21,214,인원,0,0,0,0,0,0,0,0,0,0,0,0,0
대전세종충남지부,2020,청소년교육,21,217,개소,0,0,0,0,0,0,0,0,0,0,0,0,0
대전세종충남지부,2020,청소년교육,21,217,회차,0,0,0,0,0,0,0,0,0,0,0,0,0
대전세종충남지부,2020,청소년교육,21,217,인원,0,0,0,0,0,0,0,0,0,0,0,0,0
대전세종충남지부,2020,청소년교육,21,218,개소,0,0,0,0,0,0,0,0,0,0,0,0,0
대전세종충남지부,2020,청소년교육,21,218,회차,0,0,0,0,0,0,0,0,0,0,0,0,0
대전세종충남지부,2020,청소년교육,21,218,인원,0,0,0,0,0,0,0,0,0,0,0,0,0
대전세종충남지부,2020,청소년교육,22,221,개소,0,0,0,0,0,0,0,0,0,0,0,0,0
대전세종충남지부,2020,청소년교육,22,221,회차,0,0,0,0,0,0,0,0,0,0,0,0,0
대전세종충남지부,2020,청소년교육,22,221,인원,0,0,0,0,0,0,0,0,0,0,0,0,0
대전세종충남지부,2020,청소년교육,22,222,개소,0,0,0,0,0,0,0,0,0,0,0,0,0
대전세종충남지부,2020,청소년교육,22,222,회차,0,0,0,0,0,0,0,0,0,0,0,0,0
대전세종충남지부,2020,청소년교육,22,222,인원,0,0,0,0,0,0,0,0,0,0,0,0,0
대전세종충남지부,2020,청소년교육,22,223,개소,0,0,0,0,0,0,0,0,0,0,0,0,0
대전세종충남지부,2020,청소년교육,22,223,회차,0,0,0,0,0,0,0,0,0,0,0,0,0
대전세종충남지부,2020,청소년교육,22,223,인원,0,0,0,0,0,0,0,0,0,0,0,0,0
대전세종충남지부,2020,청소년교육,22,224,개소,0,0,0,0,0,0,0,0,0,0,0,0,0
대전세종충남지부,2020,청소년교육,22,224,회차,0,0,0,0,0,0,0,0,0,0,0,0,0
대전세종충남지부,2020,청소년교육,22,224,인원,0,0,0,0,0,0,0,0,0,0,0,0,0
대전세종충남지부,2020,청소년교육,22,226,개소,0,0,0,0,0,0,0,0,0,0,0,0,0
대전세종충남지부,2020,청소년교육,22,226,회차,0,0,0,0,0,0,0,0,0,0,0,0,0
대전세종충남지부,2020,청소년교육,22,226,인원,0,0,0,0,0,0,0,0,0,0,0,0,0
대전세종충남지부,2020,청소년교육,22,227,개소,0,0,0,0,0,0,0,0,0,0,0,0,0
대전세종충남지부,2020,청소년교육,22,227,회차,0,0,0,0,0,0,0,0,0,0,0,0,0
대전세종충남지부,2020,청소년교육,22,227,인원,0,0,0,0,0,0,0,0,0,0,0,0,0
대전세종충남지부,2020,청소년교육,22,228,개소,0,0,0,0,0,0,0,0,0,0,0,0,0
대전세종충남지부,2020,청소년교육,22,228,회차,0,0,0,0,0,0,0,0,0,0,0,0,0
대전세종충남지부,2020,청소년교육,22,228,인원,0,0,0,0,0,0,0,0,0,0,0,0,0
대전세종충남지부,2020,성인교육,31,312,개소,0,0,0,0,0,0,0,0,0,0,0,0,0
대전세종충남지부,2020,성인교육,31,312,회차,0,0,0,0,0,0,0,0,0,0,0,0,0
대전세종충남지부,2020,성인교육,31,312,인원,0,0,0,0,0,0,0,0,0,0,0,0,0
대전세종충남지부,2020,성인교육,31,313,개소,0,0,0,0,0,0,0,0,0,0,0,0,0
대전세종충남지부,2020,성인교육,31,313,회차,0,0,0,0,0,0,0,0,0,0,0,0,0
대전세종충남지부,2020,성인교육,31,313,인원,0,0,0,0,0,0,0,0,0,0,0,0,0
대전세종충남지부,2020,성인교육,31,314,개소,0,0,0,0,0,0,0,0,0,0,0,0,0
대전세종충남지부,2020,성인교육,31,314,회차,0,0,0,0,0,0,0,0,0,0,0,0,0
대전세종충남지부,2020,성인교육,31,314,인원,0,0,0,0,0,0,0,0,0,0,0,0,0
대전세종충남지부,2020,성인교육,31,316,개소,0,0,0,0,0,0,0,0,0,0,0,0,0
대전세종충남지부,2020,성인교육,31,316,회차,0,0,0,0,0,0,0,0,0,0,0,0,0
대전세종충남지부,2020,성인교육,31,316,인원,0,0,0,0,0,0,0,0,0,0,0,0,0
대전세종충남지부,2020,성인교육,31,317,개소,0,0,0,0,0,0,0,0,0,0,0,0,0
대전세종충남지부,2020,성인교육,31,317,회차,0,0,0,0,0,0,0,0,0,0,0,0,0
대전세종충남지부,2020,성인교육,31,317,인원,0,0,0,0,0,0,0,0,0,0,0,0,0
대전세종충남지부,2020,성인교육,31,318,개소,0,0,0,0,0,0,0,0,0,0,0,0,0
대전세종충남지부,2020,성인교육,31,318,회차,0,0,0,0,0,0,0,0,0,0,0,0,0
대전세종충남지부,2020,성인교육,31,318,인원,0,0,0,0,0,0,0,0,0,0,0,0,0
대전세종충남지부,2020,성인교육,31,319,개소,0,0,0,0,0,0,0,0,0,0,0,0,0
대전세종충남지부,2020,성인교육,31,319,회차,0,0,0,0,0,0,0,0,0,0,0,0,0
대전세종충남지부,2020,성인교육,31,319,인원,0,0,0,0,0,0,0,0,0,0,0,0,0
대전세종충남지부,2020,성인교육,32,322,개소,0,0,0,0,0,0,0,0,0,0,0,0,0
대전세종충남지부,2020,성인교육,32,322,회차,0,0,0,0,0,0,0,0,0,0,0,0,0
대전세종충남지부,2020,성인교육,32,322,인원,0,0,0,0,0,0,0,0,0,0,0,0,0
대전세종충남지부,2020,성인교육,32,323,개소,0,0,0,0,0,0,0,0,0,0,0,0,0
대전세종충남지부,2020,성인교육,32,323,회차,0,0,0,0,0,0,0,0,0,0,0,0,0
대전세종충남지부,2020,성인교육,32,323,인원,0,0,0,0,0,0,0,0,0,0,0,0,0
대전세종충남지부,2020,성인교육,32,326,개소,0,0,0,0,0,0,0,0,0,0,0,0,0
대전세종충남지부,2020,성인교육,32,326,회차,0,0,0,0,0,0,0,0,0,0,0,0,0
대전세종충남지부,2020,성인교육,32,326,인원,0,0,0,0,0,0,0,0,0,0,0,0,0
대전세종충남지부,2020,성인교육,32,328,개소,0,0,0,0,0,0,0,0,0,0,0,0,0
대전세종충남지부,2020,성인교육,32,328,회차,0,0,0,0,0,0,0,0,0,0,0,0,0
대전세종충남지부,2020,성인교육,32,328,인원,0,0,0,0,0,0,0,0,0,0,0,0,0
대전세종충남지부,2020,성인교육,32,329,개소,0,0,0,0,0,0,0,0,0,0,0,0,0
대전세종충남지부,2020,성인교육,32,329,회차,0,0,0,0,0,0,0,0,0,0,0,0,0
대전세종충남지부,2020,성인교육,32,329,인원,0,0,0,0,0,0,0,0,0,0,0,0,0
대전세종충남지부,2020,성인교육,33,332,개소,0,0,0,0,0,0,0,0,0,0,0,0,0
대전세종충남지부,2020,성인교육,33,332,회차,0,0,0,0,0,0,0,0,0,0,0,0,0
대전세종충남지부,2020,성인교육,33,332,인원,0,0,0,0,0,0,0,0,0,0,0,0,0
대전세종충남지부,2020,성인교육,33,333,개소,0,0,0,0,0,0,0,0,0,0,0,0,0
대전세종충남지부,2020,성인교육,33,333,회차,0,0,0,0,0,0,0,0,0,0,0,0,0
대전세종충남지부,2020,성인교육,33,333,인원,0,0,0,0,0,0,0,0,0,0,0,0,0
대전세종충남지부,2020,성인교육,33,336,개소,0,0,0,0,0,0,0,0,0,0,0,0,0
대전세종충남지부,2020,성인교육,33,336,회차,0,0,0,0,0,0,0,0,0,0,0,0,0
대전세종충남지부,2020,성인교육,33,336,인원,0,0,0,0,0,0,0,0,0,0,0,0,0
대전세종충남지부,2020,성인교육,33,338,개소,0,0,0,0,0,0,0,0,0,0,0,0,0
대전세종충남지부,2020,성인교육,33,338,회차,0,0,0,0,0,0,0,0,0,0,0,0,0
대전세종충남지부,2020,성인교육,33,338,인원,0,0,0,0,0,0,0,0,0,0,0,0,0
대전세종충남지부,2020,성인교육,33,339,개소,0,0,0,0,0,0,0,0,0,0,0,0,0
대전세종충남지부,2020,성인교육,33,339,회차,0,0,0,0,0,0,0,0,0,0,0,0,0
대전세종충남지부,2020,성인교육,33,339,인원,0,0,0,0,0,0,0,0,0,0,0,0,0
대전세종충남지부,2020,성인교육,34,342,개소,0,0,0,0,0,0,0,0,0,0,0,0,0
대전세종충남지부,2020,성인교육,34,342,회차,0,0,0,0,0,0,0,0,0,0,0,0,0
대전세종충남지부,2020,성인교육,34,342,인원,0,0,0,0,0,0,0,0,0,0,0,0,0
대전세종충남지부,2020,성인교육,34,343,개소,0,0,0,0,0,0,0,0,0,0,0,0,0
대전세종충남지부,2020,성인교육,34,343,회차,0,0,0,0,0,0,0,0,0,0,0,0,0
대전세종충남지부,2020,성인교육,34,343,인원,0,0,0,0,0,0,0,0,0,0,0,0,0
대전세종충남지부,2020,성인교육,34,346,개소,0,0,0,0,0,0,0,0,0,0,0,0,0
대전세종충남지부,2020,성인교육,34,346,회차,0,0,0,0,0,0,0,0,0,0,0,0,0
대전세종충남지부,2020,성인교육,34,346,인원,0,0,0,0,0,0,0,0,0,0,0,0,0
대전세종충남지부,2020,성인교육,34,348,개소,0,0,0,0,0,0,0,0,0,0,0,0,0
대전세종충남지부,2020,성인교육,34,348,회차,0,0,0,0,0,0,0,0,0,0,0,0,0
대전세종충남지부,2020,성인교육,34,348,인원,0,0,0,0,0,0,0,0,0,0,0,0,0
대전세종충남지부,2020,성인교육,34,349,개소,0,0,0,0,0,0,0,0,0,0,0,0,0
대전세종충남지부,2020,성인교육,34,349,회차,0,0,0,0,0,0,0,0,0,0,0,0,0
대전세종충남지부,2020,성인교육,34,349,인원,0,0,0,0,0,0,0,0,0,0,0,0,0
대전세종충남지부,2020,성인교육,35,352,개소,0,0,0,0,0,0,0,0,0,0,0,0,0
대전세종충남지부,2020,성인교육,35,352,회차,0,0,0,0,0,0,0,0,0,0,0,0,0
대전세종충남지부,2020,성인교육,35,352,인원,0,0,0,0,0,0,0,0,0,0,0,0,0
대전세종충남지부,2020,성인교육,35,353,개소,0,0,0,0,0,0,0,0,0,0,0,0,0
대전세종충남지부,2020,성인교육,35,353,회차,0,0,0,0,0,0,0,0,0,0,0,0,0
대전세종충남지부,2020,성인교육,35,353,인원,0,0,0,0,0,0,0,0,0,0,0,0,0
대전세종충남지부,2020,성인교육,35,356,개소,0,0,0,0,0,0,0,0,0,0,0,0,0
대전세종충남지부,2020,성인교육,35,356,회차,0,0,0,0,0,0,0,0,0,0,0,0,0
대전세종충남지부,2020,성인교육,35,356,인원,0,0,0,0,0,0,0,0,0,0,0,0,0
대전세종충남지부,2020,성인교육,35,358,개소,0,0,0,0,0,0,0,0,0,0,0,0,0
대전세종충남지부,2020,성인교육,35,358,회차,0,0,0,0,0,0,0,0,0,0,0,0,0
대전세종충남지부,2020,성인교육,35,358,인원,0,0,0,0,0,0,0,0,0,0,0,0,0
대전세종충남지부,2020,성인교육,35,359,개소,0,0,0,0,0,0,0,0,0,0,0,0,0
대전세종충남지부,2020,성인교육,35,359,회차,0,0,0,0,0,0,0,0,0,0,0,0,0
대전세종충남지부,2020,성인교육,35,359,인원,0,0,0,0,0,0,0,0,0,0,0,0,0
대전세종충남지부,2020,성인교육,36,362,개소,0,0,0,0,0,0,0,0,0,0,0,0,0
대전세종충남지부,2020,성인교육,36,362,회차,0,0,0,0,0,0,0,0,0,0,0,0,0
대전세종충남지부,2020,성인교육,36,362,인원,0,0,0,0,0,0,0,0,0,0,0,0,0
대전세종충남지부,2020,성인교육,36,363,개소,0,0,0,0,0,0,0,0,0,0,0,0,0
대전세종충남지부,2020,성인교육,36,363,회차,0,0,0,0,0,0,0,0,0,0,0,0,0
대전세종충남지부,2020,성인교육,36,363,인원,0,0,0,0,0,0,0,0,0,0,0,0,0
대전세종충남지부,2020,성인교육,36,365,개소,0,0,0,0,0,0,0,0,0,0,0,0,0
대전세종충남지부,2020,성인교육,36,365,회차,0,0,0,0,0,0,0,0,0,0,0,0,0
대전세종충남지부,2020,성인교육,36,365,인원,0,0,0,0,0,0,0,0,0,0,0,0,0
대전세종충남지부,2020,성인교육,36,366,개소,0,0,0,0,0,0,0,0,0,0,0,0,0
대전세종충남지부,2020,성인교육,36,366,회차,0,0,0,0,0,0,0,0,0,0,0,0,0
대전세종충남지부,2020,성인교육,36,366,인원,0,0,0,0,0,0,0,0,0,0,0,0,0
대전세종충남지부,2020,성인교육,36,368,개소,0,0,0,0,0,0,0,0,0,0,0,0,0
대전세종충남지부,2020,성인교육,36,368,회차,0,0,0,0,0,0,0,0,0,0,0,0,0
대전세종충남지부,2020,성인교육,36,368,인원,0,0,0,0,0,0,0,0,0,0,0,0,0
대전세종충남지부,2020,성인교육,36,369,개소,0,0,0,0,0,0,0,0,0,0,0,0,0
대전세종충남지부,2020,성인교육,36,369,회차,0,0,0,0,0,0,0,0,0,0,0,0,0
대전세종충남지부,2020,성인교육,36,369,인원,0,0,0,0,0,0,0,0,0,0,0,0,0
대전세종충남지부,2020,성인교육,37,372,개소,0,0,0,0,0,0,0,0,0,0,0,0,0
대전세종충남지부,2020,성인교육,37,372,회차,0,0,0,0,0,0,0,0,0,0,0,0,0
대전세종충남지부,2020,성인교육,37,372,인원,0,0,0,0,0,0,0,0,0,0,0,0,0
대전세종충남지부,2020,성인교육,37,373,개소,0,0,0,0,0,0,0,0,0,0,0,0,0
대전세종충남지부,2020,성인교육,37,373,회차,0,0,0,0,0,0,0,0,0,0,0,0,0
대전세종충남지부,2020,성인교육,37,373,인원,0,0,0,0,0,0,0,0,0,0,0,0,0
대전세종충남지부,2020,성인교육,37,376,개소,0,0,0,0,0,0,0,0,0,0,0,0,0
대전세종충남지부,2020,성인교육,37,376,회차,0,0,0,0,0,0,0,0,0,0,0,0,0
대전세종충남지부,2020,성인교육,37,376,인원,0,0,0,0,0,0,0,0,0,0,0,0,0
대전세종충남지부,2020,성인교육,37,378,개소,0,0,0,0,0,0,0,0,0,0,0,0,0
대전세종충남지부,2020,성인교육,37,378,회차,0,0,0,0,0,0,0,0,0,0,0,0,0
대전세종충남지부,2020,성인교육,37,378,인원,0,0,0,0,0,0,0,0,0,0,0,0,0
대전세종충남지부,2020,성인교육,37,379,개소,0,0,0,0,0,0,0,0,0,0,0,0,0
대전세종충남지부,2020,성인교육,37,379,회차,0,0,0,0,0,0,0,0,0,0,0,0,0
대전세종충남지부,2020,성인교육,37,379,인원,0,0,0,0,0,0,0,0,0,0,0,0,0
대전세종충남지부,2020,성인교육,38,381,개소,0,0,0,0,0,0,0,0,0,0,0,0,0
대전세종충남지부,2020,성인교육,38,381,회차,0,0,0,0,0,0,0,0,0,0,0,0,0
대전세종충남지부,2020,성인교육,38,381,인원,0,0,0,0,0,0,0,0,0,0,0,0,0
대전세종충남지부,2020,성인교육,38,382,개소,0,0,0,0,0,0,0,0,0,0,0,0,0
대전세종충남지부,2020,성인교육,38,382,회차,0,0,0,0,0,0,0,0,0,0,0,0,0
대전세종충남지부,2020,성인교육,38,382,인원,0,0,0,0,0,0,0,0,0,0,0,0,0
대전세종충남지부,2020,성인교육,38,386,개소,0,0,0,0,0,0,0,0,0,0,0,0,0
대전세종충남지부,2020,성인교육,38,386,회차,0,0,0,0,0,0,0,0,0,0,0,0,0
대전세종충남지부,2020,성인교육,38,386,인원,0,0,0,0,0,0,0,0,0,0,0,0,0
대전세종충남지부,2020,성인교육,38,388,개소,0,0,0,0,0,0,0,0,0,0,0,0,0
대전세종충남지부,2020,성인교육,38,388,회차,0,0,0,0,0,0,0,0,0,0,0,0,0
대전세종충남지부,2020,성인교육,38,388,인원,0,0,0,0,0,0,0,0,0,0,0,0,0
대전세종충남지부,2020,성인교육,39,392,개소,0,0,0,0,0,0,0,0,0,0,0,0,0
대전세종충남지부,2020,성인교육,39,392,회차,0,0,0,0,0,0,0,0,0,0,0,0,0
대전세종충남지부,2020,성인교육,39,392,인원,0,0,0,0,0,0,0,0,0,0,0,0,0
대전세종충남지부,2020,성인교육,39,393,개소,0,0,0,0,0,0,0,0,0,0,0,0,0
대전세종충남지부,2020,성인교육,39,393,회차,0,0,0,0,0,0,0,0,0,0,0,0,0
대전세종충남지부,2020,성인교육,39,393,인원,0,0,0,0,0,0,0,0,0,0,0,0,0
대전세종충남지부,2020,성인교육,39,396,개소,0,0,0,0,0,0,0,0,0,0,0,0,0
대전세종충남지부,2020,성인교육,39,396,회차,0,0,0,0,0,0,0,0,0,0,0,0,0
대전세종충남지부,2020,성인교육,39,396,인원,0,0,0,0,0,0,0,0,0,0,0,0,0
대전세종충남지부,2020,성인교육,39,398,개소,0,0,0,0,0,0,0,0,0,0,0,0,0
대전세종충남지부,2020,성인교육,39,398,회차,0,0,0,0,0,0,0,0,0,0,0,0,0
대전세종충남지부,2020,성인교육,39,398,인원,0,0,0,0,0,0,0,0,0,0,0,0,0
대전세종충남지부,2020,고령자교육,41,411,개소,0,0,0,0,0,0,0,0,0,0,0,0,0
대전세종충남지부,2020,고령자교육,41,411,회차,0,0,0,0,0,0,0,0,0,0,0,0,0
대전세종충남지부,2020,고령자교육,41,411,인원,0,0,0,0,0,0,0,0,0,0,0,0,0
대전세종충남지부,2020,고령자교육,41,412,개소,0,0,0,0,0,0,0,0,0,0,0,0,0
대전세종충남지부,2020,고령자교육,41,412,회차,0,0,0,0,0,0,0,0,0,0,0,0,0
대전세종충남지부,2020,고령자교육,41,412,인원,0,0,0,0,0,0,0,0,0,0,0,0,0
대전세종충남지부,2020,고령자교육,41,413,개소,0,0,0,0,0,0,0,0,0,0,0,0,0
대전세종충남지부,2020,고령자교육,41,413,회차,0,0,0,0,0,0,0,0,0,0,0,0,0
대전세종충남지부,2020,고령자교육,41,413,인원,0,0,0,0,0,0,0,0,0,0,0,0,0
대전세종충남지부,2020,고령자교육,41,417,개소,0,0,0,0,0,0,0,0,0,0,0,0,0
대전세종충남지부,2020,고령자교육,41,417,회차,0,0,0,0,0,0,0,0,0,0,0,0,0
대전세종충남지부,2020,고령자교육,41,417,인원,0,0,0,0,0,0,0,0,0,0,0,0,0
대전세종충남지부,2020,고령자교육,42,422,개소,0,0,0,0,0,0,0,0,0,0,0,0,0
대전세종충남지부,2020,고령자교육,42,422,회차,0,0,0,0,0,0,0,0,0,0,0,0,0
대전세종충남지부,2020,고령자교육,42,422,인원,0,0,0,0,0,0,0,0,0,0,0,0,0
대전세종충남지부,2020,고령자교육,42,423,개소,0,0,0,0,0,0,0,0,0,0,0,0,0
대전세종충남지부,2020,고령자교육,42,423,회차,0,0,0,0,0,0,0,0,0,0,0,0,0
대전세종충남지부,2020,고령자교육,42,423,인원,0,0,0,0,0,0,0,0,0,0,0,0,0
대전세종충남지부,2020,고령자교육,42,426,개소,0,0,0,0,0,0,0,0,0,0,0,0,0
대전세종충남지부,2020,고령자교육,42,426,회차,0,0,0,0,0,0,0,0,0,0,0,0,0
대전세종충남지부,2020,고령자교육,42,426,인원,0,0,0,0,0,0,0,0,0,0,0,0,0
대전세종충남지부,2020,교사교육,51,511,개소,0,0,0,0,0,0,0,0,0,0,0,0,0
대전세종충남지부,2020,교사교육,51,511,회차,0,0,0,0,0,0,0,0,0,0,0,0,0
대전세종충남지부,2020,교사교육,51,511,인원,0,0,0,0,0,0,0,0,0,0,0,0,0
대전세종충남지부,2020,교사교육,51,512,개소,0,0,0,0,0,0,0,0,0,0,0,0,0
대전세종충남지부,2020,교사교육,51,512,회차,0,0,0,0,0,0,0,0,0,0,0,0,0
대전세종충남지부,2020,교사교육,51,512,인원,0,0,0,0,0,0,0,0,0,0,0,0,0
대전세종충남지부,2020,교사교육,51,516,개소,0,0,0,0,0,0,0,0,0,0,0,0,0
대전세종충남지부,2020,교사교육,51,516,회차,0,0,0,0,0,0,0,0,0,0,0,0,0
대전세종충남지부,2020,교사교육,51,516,인원,0,0,0,0,0,0,0,0,0,0,0,0,0
대전세종충남지부,2020,교사교육,52,521,개소,0,0,0,0,0,0,0,0,0,0,0,0,0
대전세종충남지부,2020,교사교육,52,521,회차,0,0,0,0,0,0,0,0,0,0,0,0,0
대전세종충남지부,2020,교사교육,52,521,인원,0,0,0,0,0,0,0,0,0,0,0,0,0
대전세종충남지부,2020,교사교육,52,522,개소,0,0,0,0,0,0,0,0,0,0,0,0,0
대전세종충남지부,2020,교사교육,52,522,회차,0,0,0,0,0,0,0,0,0,0,0,0,0
대전세종충남지부,2020,교사교육,52,522,인원,0,0,0,0,0,0,0,0,0,0,0,0,0
대전세종충남지부,2020,교사교육,52,526,개소,0,0,0,0,0,0,0,0,0,0,0,0,0
대전세종충남지부,2020,교사교육,52,526,회차,0,0,0,0,0,0,0,0,0,0,0,0,0
대전세종충남지부,2020,교사교육,52,526,인원,0,0,0,0,0,0,0,0,0,0,0,0,0
대전세종충남지부,2020,교사교육,53,531,개소,0,0,0,0,0,0,0,0,0,0,0,0,0
대전세종충남지부,2020,교사교육,53,531,회차,0,0,0,0,0,0,0,0,0,0,0,0,0
대전세종충남지부,2020,교사교육,53,531,인원,0,0,0,0,0,0,0,0,0,0,0,0,0
대전세종충남지부,2020,교사교육,53,532,개소,0,0,0,0,0,0,0,0,0,0,0,0,0
대전세종충남지부,2020,교사교육,53,532,회차,0,0,0,0,0,0,0,0,0,0,0,0,0
대전세종충남지부,2020,교사교육,53,532,인원,0,0,0,0,0,0,0,0,0,0,0,0,0
대전세종충남지부,2020,교사교육,53,536,개소,0,0,0,0,0,0,0,0,0,0,0,0,0
대전세종충남지부,2020,교사교육,53,536,회차,0,0,0,0,0,0,0,0,0,0,0,0,0
대전세종충남지부,2020,교사교육,53,536,인원,0,0,0,0,0,0,0,0,0,0,0,0,0
대전세종충남지부,2020,교사교육,54,541,개소,0,0,0,0,0,0,0,0,0,0,0,0,0
대전세종충남지부,2020,교사교육,54,541,회차,0,0,0,0,0,0,0,0,0,0,0,0,0
대전세종충남지부,2020,교사교육,54,541,인원,0,0,0,0,0,0,0,0,0,0,0,0,0
대전세종충남지부,2020,교사교육,54,542,개소,0,0,0,0,0,0,0,0,0,0,0,0,0
대전세종충남지부,2020,교사교육,54,542,회차,0,0,0,0,0,0,0,0,0,0,0,0,0
대전세종충남지부,2020,교사교육,54,542,인원,0,0,0,0,0,0,0,0,0,0,0,0,0
대전세종충남지부,2020,교사교육,54,543,개소,0,0,0,0,0,0,0,0,0,0,0,0,0
대전세종충남지부,2020,교사교육,54,543,회차,0,0,0,0,0,0,0,0,0,0,0,0,0
대전세종충남지부,2020,교사교육,54,543,인원,0,0,0,0,0,0,0,0,0,0,0,0,0
대전세종충남지부,2020,교사교육,54,546,개소,0,0,0,0,0,0,0,0,0,0,0,0,0
대전세종충남지부,2020,교사교육,54,546,회차,0,0,0,0,0,0,0,0,0,0,0,0,0
대전세종충남지부,2020,교사교육,54,546,인원,0,0,0,0,0,0,0,0,0,0,0,0,0
대전세종충남지부,2021,어린이교육,11,111,개소,0,0,0,0,0,0,0,0,0,0,0,0,0
대전세종충남지부,2021,어린이교육,11,111,회차,0,0,0,0,0,0,0,0,0,0,0,0,0
대전세종충남지부,2021,어린이교육,11,111,인원,0,0,0,0,0,0,0,0,0,0,0,0,0
대전세종충남지부,2021,어린이교육,11,112,개소,0,0,0,0,0,0,0,0,0,0,0,0,0
대전세종충남지부,2021,어린이교육,11,112,회차,0,0,0,0,0,0,0,0,0,0,0,0,0
대전세종충남지부,2021,어린이교육,11,112,인원,0,0,0,0,0,0,0,0,0,0,0,0,0
대전세종충남지부,2021,어린이교육,11,113,개소,0,0,0,0,0,0,0,0,0,0,0,0,0
대전세종충남지부,2021,어린이교육,11,113,회차,0,0,0,0,0,0,0,0,0,0,0,0,0
대전세종충남지부,2021,어린이교육,11,113,인원,0,0,0,0,0,0,0,0,0,0,0,0,0
대전세종충남지부,2021,어린이교육,11,114,개소,0,0,0,0,0,0,0,0,0,0,0,0,0
대전세종충남지부,2021,어린이교육,11,114,회차,0,0,0,0,0,0,0,0,0,0,0,0,0
대전세종충남지부,2021,어린이교육,11,114,인원,0,0,0,0,0,0,0,0,0,0,0,0,0
대전세종충남지부,2021,어린이교육,12,121,개소,0,0,0,0,0,0,0,0,0,0,0,0,0
대전세종충남지부,2021,어린이교육,12,121,회차,0,0,0,0,0,0,0,0,0,0,0,0,0
대전세종충남지부,2021,어린이교육,12,121,인원,0,0,0,0,0,0,0,0,0,0,0,0,0
대전세종충남지부,2021,어린이교육,12,122,개소,0,0,0,0,0,0,0,0,0,0,0,0,0
대전세종충남지부,2021,어린이교육,12,122,회차,0,0,0,0,0,0,0,0,0,0,0,0,0
대전세종충남지부,2021,어린이교육,12,122,인원,0,0,0,0,0,0,0,0,0,0,0,0,0
대전세종충남지부,2021,어린이교육,12,124,개소,0,0,0,0,0,0,0,0,0,0,0,0,0
대전세종충남지부,2021,어린이교육,12,124,회차,0,0,0,0,0,0,0,0,0,0,0,0,0
대전세종충남지부,2021,어린이교육,12,124,인원,0,0,0,0,0,0,0,0,0,0,0,0,0
대전세종충남지부,2021,어린이교육,12,127,개소,0,0,0,0,0,0,0,0,0,0,0,0,0
대전세종충남지부,2021,어린이교육,12,127,회차,0,0,0,0,0,0,0,0,0,0,0,0,0
대전세종충남지부,2021,어린이교육,12,127,인원,0,0,0,0,0,0,0,0,0,0,0,0,0
대전세종충남지부,2021,어린이교육,13,131,개소,0,0,0,0,0,0,0,0,0,0,0,0,0
대전세종충남지부,2021,어린이교육,13,131,회차,0,0,0,0,0,0,0,0,0,0,0,0,0
대전세종충남지부,2021,어린이교육,13,131,인원,0,0,0,0,0,0,0,0,0,0,0,0,0
대전세종충남지부,2021,어린이교육,13,132,개소,0,0,0,0,0,0,0,0,0,0,0,0,0
대전세종충남지부,2021,어린이교육,13,132,회차,0,0,0,0,0,0,0,0,0,0,0,0,0
대전세종충남지부,2021,어린이교육,13,132,인원,0,0,0,0,0,0,0,0,0,0,0,0,0
대전세종충남지부,2021,어린이교육,13,134,개소,0,0,0,0,0,0,0,0,0,0,0,0,0
대전세종충남지부,2021,어린이교육,13,134,회차,0,0,0,0,0,0,0,0,0,0,0,0,0
대전세종충남지부,2021,어린이교육,13,134,인원,0,0,0,0,0,0,0,0,0,0,0,0,0
대전세종충남지부,2021,어린이교육,13,137,개소,0,0,0,0,0,0,0,0,0,0,0,0,0
대전세종충남지부,2021,어린이교육,13,137,회차,0,0,0,0,0,0,0,0,0,0,0,0,0
대전세종충남지부,2021,어린이교육,13,137,인원,0,0,0,0,0,0,0,0,0,0,0,0,0
대전세종충남지부,2021,어린이교육,14,141,개소,0,0,0,0,0,0,0,0,0,0,0,0,0
대전세종충남지부,2021,어린이교육,14,141,회차,0,0,0,0,0,0,0,0,0,0,0,0,0
대전세종충남지부,2021,어린이교육,14,141,인원,0,0,0,0,0,0,0,0,0,0,0,0,0
대전세종충남지부,2021,어린이교육,14,142,개소,0,0,0,0,0,0,0,0,0,0,0,0,0
대전세종충남지부,2021,어린이교육,14,142,회차,0,0,0,0,0,0,0,0,0,0,0,0,0
대전세종충남지부,2021,어린이교육,14,142,인원,0,0,0,0,0,0,0,0,0,0,0,0,0
대전세종충남지부,2021,어린이교육,14,144,개소,0,0,0,0,0,0,0,0,0,0,0,0,0
대전세종충남지부,2021,어린이교육,14,144,회차,0,0,0,0,0,0,0,0,0,0,0,0,0
대전세종충남지부,2021,어린이교육,14,144,인원,0,0,0,0,0,0,0,0,0,0,0,0,0
대전세종충남지부,2021,어린이교육,14,147,개소,0,0,0,0,0,0,0,0,0,0,0,0,0
대전세종충남지부,2021,어린이교육,14,147,회차,0,0,0,0,0,0,0,0,0,0,0,0,0
대전세종충남지부,2021,어린이교육,14,147,인원,0,0,0,0,0,0,0,0,0,0,0,0,0
대전세종충남지부,2021,성인교육,31,312,개소,0,0,0,0,0,0,0,0,0,0,0,0,0
대전세종충남지부,2021,성인교육,31,312,회차,0,0,0,0,0,0,0,0,0,0,0,0,0
대전세종충남지부,2021,성인교육,31,312,인원,0,0,0,0,0,0,0,0,0,0,0,0,0
대전세종충남지부,2021,성인교육,31,313,개소,0,0,0,0,0,0,0,0,0,0,0,0,0
대전세종충남지부,2021,성인교육,31,313,회차,0,0,0,0,0,0,0,0,0,0,0,0,0
대전세종충남지부,2021,성인교육,31,313,인원,0,0,0,0,0,0,0,0,0,0,0,0,0
대전세종충남지부,2021,성인교육,31,314,개소,0,0,0,0,0,0,0,0,0,0,0,0,0
대전세종충남지부,2021,성인교육,31,314,회차,0,0,0,0,0,0,0,0,0,0,0,0,0
대전세종충남지부,2021,성인교육,31,314,인원,0,0,0,0,0,0,0,0,0,0,0,0,0
대전세종충남지부,2021,성인교육,31,316,개소,0,0,0,0,0,0,0,0,0,0,0,0,0
대전세종충남지부,2021,성인교육,31,316,회차,0,0,0,0,0,0,0,0,0,0,0,0,0
대전세종충남지부,2021,성인교육,31,316,인원,0,0,0,0,0,0,0,0,0,0,0,0,0
대전세종충남지부,2021,성인교육,31,317,개소,0,0,0,0,0,0,0,0,0,0,0,0,0
대전세종충남지부,2021,성인교육,31,317,회차,0,0,0,0,0,0,0,0,0,0,0,0,0
대전세종충남지부,2021,성인교육,31,317,인원,0,0,0,0,0,0,0,0,0,0,0,0,0
대전세종충남지부,2021,성인교육,31,318,개소,0,0,0,0,0,0,0,0,0,0,0,0,0
대전세종충남지부,2021,성인교육,31,318,회차,0,0,0,0,0,0,0,0,0,0,0,0,0
대전세종충남지부,2021,성인교육,31,318,인원,0,0,0,0,0,0,0,0,0,0,0,0,0
대전세종충남지부,2021,성인교육,31,319,개소,0,0,0,0,0,0,0,0,0,0,0,0,0
대전세종충남지부,2021,성인교육,31,319,회차,0,0,0,0,0,0,0,0,0,0,0,0,0
대전세종충남지부,2021,성인교육,31,319,인원,0,0,0,0,0,0,0,0,0,0,0,0,0
대전세종충남지부,2021,성인교육,32,322,개소,0,0,0,0,0,0,0,0,0,0,0,0,0
대전세종충남지부,2021,성인교육,32,322,회차,0,0,0,0,0,0,0,0,0,0,0,0,0
대전세종충남지부,2021,성인교육,32,322,인원,0,0,0,0,0,0,0,0,0,0,0,0,0
대전세종충남지부,2021,성인교육,32,323,개소,0,0,0,0,0,0,0,0,0,0,0,0,0
대전세종충남지부,2021,성인교육,32,323,회차,0,0,0,0,0,0,0,0,0,0,0,0,0
대전세종충남지부,2021,성인교육,32,323,인원,0,0,0,0,0,0,0,0,0,0,0,0,0
대전세종충남지부,2021,성인교육,32,326,개소,0,0,0,0,0,0,0,0,0,0,0,0,0
대전세종충남지부,2021,성인교육,32,326,회차,0,0,0,0,0,0,0,0,0,0,0,0,0
대전세종충남지부,2021,성인교육,32,326,인원,0,0,0,0,0,0,0,0,0,0,0,0,0
대전세종충남지부,2021,성인교육,32,328,개소,0,0,0,0,0,0,0,0,0,0,0,0,0
대전세종충남지부,2021,성인교육,32,328,회차,0,0,0,0,0,0,0,0,0,0,0,0,0
대전세종충남지부,2021,성인교육,32,328,인원,0,0,0,0,0,0,0,0,0,0,0,0,0
대전세종충남지부,2021,성인교육,32,329,개소,0,0,0,0,0,0,0,0,0,0,0,0,0
대전세종충남지부,2021,성인교육,32,329,회차,0,0,0,0,0,0,0,0,0,0,0,0,0
대전세종충남지부,2021,성인교육,32,329,인원,0,0,0,0,0,0,0,0,0,0,0,0,0
대전세종충남지부,2021,성인교육,33,332,개소,0,0,0,0,0,0,0,0,0,0,0,0,0
대전세종충남지부,2021,성인교육,33,332,회차,0,0,0,0,0,0,0,0,0,0,0,0,0
대전세종충남지부,2021,성인교육,33,332,인원,0,0,0,0,0,0,0,0,0,0,0,0,0
대전세종충남지부,2021,성인교육,33,333,개소,0,0,0,0,0,0,0,0,0,0,0,0,0
대전세종충남지부,2021,성인교육,33,333,회차,0,0,0,0,0,0,0,0,0,0,0,0,0
대전세종충남지부,2021,성인교육,33,333,인원,0,0,0,0,0,0,0,0,0,0,0,0,0
대전세종충남지부,2021,성인교육,33,336,개소,0,0,0,0,0,0,0,0,0,0,0,0,0
대전세종충남지부,2021,성인교육,33,336,회차,0,0,0,0,0,0,0,0,0,0,0,0,0
대전세종충남지부,2021,성인교육,33,336,인원,0,0,0,0,0,0,0,0,0,0,0,0,0
대전세종충남지부,2021,성인교육,33,338,개소,0,0,0,0,0,0,0,0,0,0,0,0,0
대전세종충남지부,2021,성인교육,33,338,회차,0,0,0,0,0,0,0,0,0,0,0,0,0
대전세종충남지부,2021,성인교육,33,338,인원,0,0,0,0,0,0,0,0,0,0,0,0,0
대전세종충남지부,2021,성인교육,33,339,개소,0,0,0,0,0,0,0,0,0,0,0,0,0
대전세종충남지부,2021,성인교육,33,339,회차,0,0,0,0,0,0,0,0,0,0,0,0,0
대전세종충남지부,2021,성인교육,33,339,인원,0,0,0,0,0,0,0,0,0,0,0,0,0
대전세종충남지부,2021,성인교육,34,342,개소,0,0,0,0,0,0,0,0,0,0,0,0,0
대전세종충남지부,2021,성인교육,34,342,회차,0,0,0,0,0,0,0,0,0,0,0,0,0
대전세종충남지부,2021,성인교육,34,342,인원,0,0,0,0,0,0,0,0,0,0,0,0,0
대전세종충남지부,2021,성인교육,34,343,개소,0,0,0,0,0,0,0,0,0,0,0,0,0
대전세종충남지부,2021,성인교육,34,343,회차,0,0,0,0,0,0,0,0,0,0,0,0,0
대전세종충남지부,2021,성인교육,34,343,인원,0,0,0,0,0,0,0,0,0,0,0,0,0
대전세종충남지부,2021,성인교육,34,346,개소,0,0,0,0,0,0,0,0,0,0,0,0,0
대전세종충남지부,2021,성인교육,34,346,회차,0,0,0,0,0,0,0,0,0,0,0,0,0
대전세종충남지부,2021,성인교육,34,346,인원,0,0,0,0,0,0,0,0,0,0,0,0,0
대전세종충남지부,2021,성인교육,34,348,개소,0,0,0,0,0,0,0,0,0,0,0,0,0
대전세종충남지부,2021,성인교육,34,348,회차,0,0,0,0,0,0,0,0,0,0,0,0,0
대전세종충남지부,2021,성인교육,34,348,인원,0,0,0,0,0,0,0,0,0,0,0,0,0
대전세종충남지부,2021,성인교육,34,349,개소,0,0,0,0,0,0,0,0,0,0,0,0,0
대전세종충남지부,2021,성인교육,34,349,회차,0,0,0,0,0,0,0,0,0,0,0,0,0
대전세종충남지부,2021,성인교육,34,349,인원,0,0,0,0,0,0,0,0,0,0,0,0,0
대전세종충남지부,2021,성인교육,35,352,개소,0,0,0,0,0,0,0,0,0,0,0,0,0
대전세종충남지부,2021,성인교육,35,352,회차,0,0,0,0,0,0,0,0,0,0,0,0,0
대전세종충남지부,2021,성인교육,35,352,인원,0,0,0,0,0,0,0,0,0,0,0,0,0
대전세종충남지부,2021,성인교육,35,353,개소,0,0,0,0,0,0,0,0,0,0,0,0,0
대전세종충남지부,2021,성인교육,35,353,회차,0,0,0,0,0,0,0,0,0,0,0,0,0
대전세종충남지부,2021,성인교육,35,353,인원,0,0,0,0,0,0,0,0,0,0,0,0,0
대전세종충남지부,2021,성인교육,35,356,개소,0,0,0,0,0,0,0,0,0,0,0,0,0
대전세종충남지부,2021,성인교육,35,356,회차,0,0,0,0,0,0,0,0,0,0,0,0,0
대전세종충남지부,2021,성인교육,35,356,인원,0,0,0,0,0,0,0,0,0,0,0,0,0
대전세종충남지부,2021,성인교육,35,358,개소,0,0,0,0,0,0,0,0,0,0,0,0,0
대전세종충남지부,2021,성인교육,35,358,회차,0,0,0,0,0,0,0,0,0,0,0,0,0
대전세종충남지부,2021,성인교육,35,358,인원,0,0,0,0,0,0,0,0,0,0,0,0,0
대전세종충남지부,2021,성인교육,35,359,개소,0,0,0,0,0,0,0,0,0,0,0,0,0
대전세종충남지부,2021,성인교육,35,359,회차,0,0,0,0,0,0,0,0,0,0,0,0,0
대전세종충남지부,2021,성인교육,35,359,인원,0,0,0,0,0,0,0,0,0,0,0,0,0
대전세종충남지부,2021,성인교육,36,362,개소,0,0,0,0,0,0,0,0,0,0,0,0,0
대전세종충남지부,2021,성인교육,36,362,회차,0,0,0,0,0,0,0,0,0,0,0,0,0
대전세종충남지부,2021,성인교육,36,362,인원,0,0,0,0,0,0,0,0,0,0,0,0,0
대전세종충남지부,2021,성인교육,36,363,개소,0,0,0,0,0,0,0,0,0,0,0,0,0
대전세종충남지부,2021,성인교육,36,363,회차,0,0,0,0,0,0,0,0,0,0,0,0,0
대전세종충남지부,2021,성인교육,36,363,인원,0,0,0,0,0,0,0,0,0,0,0,0,0
대전세종충남지부,2021,성인교육,36,365,개소,0,0,0,0,0,0,0,0,0,0,0,0,0
대전세종충남지부,2021,성인교육,36,365,회차,0,0,0,0,0,0,0,0,0,0,0,0,0
대전세종충남지부,2021,성인교육,36,365,인원,0,0,0,0,0,0,0,0,0,0,0,0,0
대전세종충남지부,2021,성인교육,36,366,개소,0,0,0,0,0,0,0,0,0,0,0,0,0
대전세종충남지부,2021,성인교육,36,366,회차,0,0,0,0,0,0,0,0,0,0,0,0,0
대전세종충남지부,2021,성인교육,36,366,인원,0,0,0,0,0,0,0,0,0,0,0,0,0
대전세종충남지부,2021,성인교육,36,368,개소,0,0,0,0,0,0,0,0,0,0,0,0,0
대전세종충남지부,2021,성인교육,36,368,회차,0,0,0,0,0,0,0,0,0,0,0,0,0
대전세종충남지부,2021,성인교육,36,368,인원,0,0,0,0,0,0,0,0,0,0,0,0,0
대전세종충남지부,2021,성인교육,36,369,개소,0,0,0,0,0,0,0,0,0,0,0,0,0
대전세종충남지부,2021,성인교육,36,369,회차,0,0,0,0,0,0,0,0,0,0,0,0,0
대전세종충남지부,2021,성인교육,36,369,인원,0,0,0,0,0,0,0,0,0,0,0,0,0
대전세종충남지부,2021,성인교육,37,372,개소,0,0,0,0,0,0,0,0,0,0,0,0,0
대전세종충남지부,2021,성인교육,37,372,회차,0,0,0,0,0,0,0,0,0,0,0,0,0
대전세종충남지부,2021,성인교육,37,372,인원,0,0,0,0,0,0,0,0,0,0,0,0,0
대전세종충남지부,2021,성인교육,37,373,개소,0,0,0,0,0,0,0,0,0,0,0,0,0
대전세종충남지부,2021,성인교육,37,373,회차,0,0,0,0,0,0,0,0,0,0,0,0,0
대전세종충남지부,2021,성인교육,37,373,인원,0,0,0,0,0,0,0,0,0,0,0,0,0
대전세종충남지부,2021,성인교육,37,376,개소,0,0,0,0,0,0,0,0,0,0,0,0,0
대전세종충남지부,2021,성인교육,37,376,회차,0,0,0,0,0,0,0,0,0,0,0,0,0
대전세종충남지부,2021,성인교육,37,376,인원,0,0,0,0,0,0,0,0,0,0,0,0,0
대전세종충남지부,2021,성인교육,37,378,개소,0,0,0,0,0,0,0,0,0,0,0,0,0
대전세종충남지부,2021,성인교육,37,378,회차,0,0,0,0,0,0,0,0,0,0,0,0,0
대전세종충남지부,2021,성인교육,37,378,인원,0,0,0,0,0,0,0,0,0,0,0,0,0
대전세종충남지부,2021,성인교육,37,379,개소,0,0,0,0,0,0,0,0,0,0,0,0,0
대전세종충남지부,2021,성인교육,37,379,회차,0,0,0,0,0,0,0,0,0,0,0,0,0
대전세종충남지부,2021,성인교육,37,379,인원,0,0,0,0,0,0,0,0,0,0,0,0,0
대전세종충남지부,2021,성인교육,38,381,개소,0,0,0,0,0,0,0,0,0,0,0,0,0
대전세종충남지부,2021,성인교육,38,381,회차,0,0,0,0,0,0,0,0,0,0,0,0,0
대전세종충남지부,2021,성인교육,38,381,인원,0,0,0,0,0,0,0,0,0,0,0,0,0
대전세종충남지부,2021,성인교육,38,382,개소,0,0,0,0,0,0,0,0,0,0,0,0,0
대전세종충남지부,2021,성인교육,38,382,회차,0,0,0,0,0,0,0,0,0,0,0,0,0
대전세종충남지부,2021,성인교육,38,382,인원,0,0,0,0,0,0,0,0,0,0,0,0,0
대전세종충남지부,2021,성인교육,38,386,개소,0,0,0,0,0,0,0,0,0,0,0,0,0
대전세종충남지부,2021,성인교육,38,386,회차,0,0,0,0,0,0,0,0,0,0,0,0,0
대전세종충남지부,2021,성인교육,38,386,인원,0,0,0,0,0,0,0,0,0,0,0,0,0
대전세종충남지부,2021,성인교육,38,388,개소,0,0,0,0,0,0,0,0,0,0,0,0,0
대전세종충남지부,2021,성인교육,38,388,회차,0,0,0,0,0,0,0,0,0,0,0,0,0
대전세종충남지부,2021,성인교육,38,388,인원,0,0,0,0,0,0,0,0,0,0,0,0,0
대전세종충남지부,2021,성인교육,39,392,개소,0,0,0,0,0,0,0,0,0,0,0,0,0
대전세종충남지부,2021,성인교육,39,392,회차,0,0,0,0,0,0,0,0,0,0,0,0,0
대전세종충남지부,2021,성인교육,39,392,인원,0,0,0,0,0,0,0,0,0,0,0,0,0
대전세종충남지부,2021,성인교육,39,393,개소,0,0,0,0,0,0,0,0,0,0,0,0,0
대전세종충남지부,2021,성인교육,39,393,회차,0,0,0,0,0,0,0,0,0,0,0,0,0
대전세종충남지부,2021,성인교육,39,393,인원,0,0,0,0,0,0,0,0,0,0,0,0,0
대전세종충남지부,2021,성인교육,39,396,개소,0,0,0,0,0,0,0,0,0,0,0,0,0
대전세종충남지부,2021,성인교육,39,396,회차,0,0,0,0,0,0,0,0,0,0,0,0,0
대전세종충남지부,2021,성인교육,39,396,인원,0,0,0,0,0,0,0,0,0,0,0,0,0
대전세종충남지부,2021,성인교육,39,398,개소,0,0,0,0,0,0,0,0,0,0,0,0,0
대전세종충남지부,2021,성인교육,39,398,회차,0,0,0,0,0,0,0,0,0,0,0,0,0
대전세종충남지부,2021,성인교육,39,398,인원,0,0,0,0,0,0,0,0,0,0,0,0,0
전북지부,2018,어린이교육,11,111,인원,4830,4830,4830,4830,4830,4830,4830,4830,4830,4830,4830,4841,57971
전북지부,2018,어린이교육,11,111,개소,0,0,0,0,0,0,0,0,0,0,0,0,0
전북지부,2018,어린이교육,11,111,회차,0,0,0,0,0,0,0,0,0,0,0,0,0
전북지부,2018,어린이교육,11,112,개소,0,0,0,0,0,0,0,0,0,0,0,0,0
전북지부,2018,어린이교육,11,112,회차,0,0,0,0,0,0,0,0,0,0,0,0,0
전북지부,2018,어린이교육,11,112,인원,0,0,0,0,0,0,0,0,0,0,0,0,0
전북지부,2018,어린이교육,11,113,개소,0,0,0,0,0,0,0,0,0,0,0,0,0
전북지부,2018,어린이교육,11,113,회차,0,0,0,0,0,0,0,0,0,0,0,0,0
전북지부,2018,어린이교육,11,113,인원,0,0,0,0,0,0,0,0,0,0,0,0,0
전북지부,2018,어린이교육,11,114,개소,0,0,0,0,0,0,0,0,0,0,0,0,0
전북지부,2018,어린이교육,11,114,회차,0,0,0,0,0,0,0,0,0,0,0,0,0
전북지부,2018,어린이교육,11,114,인원,0,0,0,0,0,0,0,0,0,0,0,0,0
전북지부,2018,어린이교육,12,121,인원,3335,3335,3335,3335,3335,3335,3335,3335,3335,3335,3335,3342,40027
전북지부,2018,어린이교육,12,121,개소,0,0,0,0,0,0,0,0,0,0,0,0,0
전북지부,2018,어린이교육,12,121,회차,0,0,0,0,0,0,0,0,0,0,0,0,0
전북지부,2018,어린이교육,12,122,인원,1380,1380,1380,1380,1380,1380,1380,1380,1380,1380,1380,1383,16563
전북지부,2018,어린이교육,12,122,개소,0,0,0,0,0,0,0,0,0,0,0,0,0
전북지부,2018,어린이교육,12,122,회차,0,0,0,0,0,0,0,0,0,0,0,0,0
전북지부,2018,어린이교육,12,124,인원,115,115,115,115,115,115,115,115,115,115,115,115,1380
전북지부,2018,어린이교육,12,124,개소,0,0,0,0,0,0,0,0,0,0,0,0,0
전북지부,2018,어린이교육,12,124,회차,0,0,0,0,0,0,0,0,0,0,0,0,0
전북지부,2018,어린이교육,12,127,인원,230,230,230,230,230,230,230,230,230,230,230,231,2761
전북지부,2018,어린이교육,12,127,개소,0,0,0,0,0,0,0,0,0,0,0,0,0
전북지부,2018,어린이교육,12,127,회차,0,0,0,0,0,0,0,0,0,0,0,0,0
전북지부,2018,어린이교육,13,131,인원,575,575,575,575,575,575,575,575,575,575,575,576,6901
전북지부,2018,어린이교육,13,131,개소,0,0,0,0,0,0,0,0,0,0,0,0,0
전북지부,2018,어린이교육,13,131,회차,0,0,0,0,0,0,0,0,0,0,0,0,0
전북지부,2018,어린이교육,13,132,인원,57,57,57,57,57,57,57,57,57,57,57,63,690
전북지부,2018,어린이교육,13,132,개소,0,0,0,0,0,0,0,0,0,0,0,0,0
전북지부,2018,어린이교육,13,132,회차,0,0,0,0,0,0,0,0,0,0,0,0,0
전북지부,2018,어린이교육,13,134,개소,0,0,0,0,0,0,0,0,0,0,0,0,0
전북지부,2018,어린이교육,13,134,회차,0,0,0,0,0,0,0,0,0,0,0,0,0
전북지부,2018,어린이교육,13,134,인원,0,0,0,0,0,0,0,0,0,0,0,0,0
전북지부,2018,어린이교육,13,137,인원,57,57,57,57,57,57,57,57,57,57,57,63,690
전북지부,2018,어린이교육,13,137,개소,0,0,0,0,0,0,0,0,0,0,0,0,0
전북지부,2018,어린이교육,13,137,회차,0,0,0,0,0,0,0,0,0,0,0,0,0
전북지부,2018,어린이교육,14,141,인원,920,920,920,920,920,920,920,920,920,920,920,922,11042
전북지부,2018,어린이교육,14,141,개소,0,0,0,0,0,0,0,0,0,0,0,0,0
전북지부,2018,어린이교육,14,141,회차,0,0,0,0,0,0,0,0,0,0,0,0,0
전북지부,2018,어린이교육,14,142,개소,0,0,0,0,0,0,0,0,0,0,0,0,0
전북지부,2018,어린이교육,14,142,회차,0,0,0,0,0,0,0,0,0,0,0,0,0
전북지부,2018,어린이교육,14,142,인원,0,0,0,0,0,0,0,0,0,0,0,0,0
전북지부,2018,어린이교육,14,144,개소,0,0,0,0,0,0,0,0,0,0,0,0,0
전북지부,2018,어린이교육,14,144,회차,0,0,0,0,0,0,0,0,0,0,0,0,0
전북지부,2018,어린이교육,14,144,인원,0,0,0,0,0,0,0,0,0,0,0,0,0
전북지부,2018,어린이교육,14,147,개소,0,0,0,0,0,0,0,0,0,0,0,0,0
전북지부,2018,어린이교육,14,147,회차,0,0,0,0,0,0,0,0,0,0,0,0,0
전북지부,2018,어린이교육,14,147,인원,0,0,0,0,0,0,0,0,0,0,0,0,0
전북지부,2018,청소년교육,21,211,개소,0,0,0,0,0,0,0,0,0,0,0,0,0
전북지부,2018,청소년교육,21,211,회차,0,0,0,0,0,0,0,0,0,0,0,0,0
전북지부,2018,청소년교육,21,211,인원,0,0,0,0,0,0,0,0,0,0,0,0,0
전북지부,2018,청소년교육,21,212,개소,0,0,0,0,0,0,0,0,0,0,0,0,0
전북지부,2018,청소년교육,21,212,회차,0,0,0,0,0,0,0,0,0,0,0,0,0
전북지부,2018,청소년교육,21,212,인원,0,0,0,0,0,0,0,0,0,0,0,0,0
전북지부,2018,청소년교육,21,214,개소,0,0,0,0,0,0,0,0,0,0,0,0,0
전북지부,2018,청소년교육,21,214,회차,0,0,0,0,0,0,0,0,0,0,0,0,0
전북지부,2018,청소년교육,21,214,인원,0,0,0,0,0,0,0,0,0,0,0,0,0
전북지부,2018,청소년교육,21,217,개소,0,0,0,0,0,0,0,0,0,0,0,0,0
전북지부,2018,청소년교육,21,217,회차,0,0,0,0,0,0,0,0,0,0,0,0,0
전북지부,2018,청소년교육,21,217,인원,0,0,0,0,0,0,0,0,0,0,0,0,0
전북지부,2018,청소년교육,21,218,개소,0,0,0,0,0,0,0,0,0,0,0,0,0
전북지부,2018,청소년교육,21,218,회차,0,0,0,0,0,0,0,0,0,0,0,0,0
전북지부,2018,청소년교육,21,218,인원,0,0,0,0,0,0,0,0,0,0,0,0,0
전북지부,2018,청소년교육,22,221,개소,0,0,0,0,0,0,0,0,0,0,0,0,0
전북지부,2018,청소년교육,22,221,회차,0,0,0,0,0,0,0,0,0,0,0,0,0
전북지부,2018,청소년교육,22,221,인원,0,0,0,0,0,0,0,0,0,0,0,0,0
전북지부,2018,청소년교육,22,222,개소,0,0,0,0,0,0,0,0,0,0,0,0,0
전북지부,2018,청소년교육,22,222,회차,0,0,0,0,0,0,0,0,0,0,0,0,0
전북지부,2018,청소년교육,22,222,인원,0,0,0,0,0,0,0,0,0,0,0,0,0
전북지부,2018,청소년교육,22,223,개소,0,0,0,0,0,0,0,0,0,0,0,0,0
전북지부,2018,청소년교육,22,223,회차,0,0,0,0,0,0,0,0,0,0,0,0,0
전북지부,2018,청소년교육,22,223,인원,0,0,0,0,0,0,0,0,0,0,0,0,0
전북지부,2018,청소년교육,22,224,개소,0,0,0,0,0,0,0,0,0,0,0,0,0
전북지부,2018,청소년교육,22,224,회차,0,0,0,0,0,0,0,0,0,0,0,0,0
전북지부,2018,청소년교육,22,224,인원,0,0,0,0,0,0,0,0,0,0,0,0,0
전북지부,2018,청소년교육,22,226,개소,0,0,0,0,0,0,0,0,0,0,0,0,0
전북지부,2018,청소년교육,22,226,회차,0,0,0,0,0,0,0,0,0,0,0,0,0
전북지부,2018,청소년교육,22,226,인원,0,0,0,0,0,0,0,0,0,0,0,0,0
전북지부,2018,청소년교육,22,227,개소,0,0,0,0,0,0,0,0,0,0,0,0,0
전북지부,2018,청소년교육,22,227,회차,0,0,0,0,0,0,0,0,0,0,0,0,0
전북지부,2018,청소년교육,22,227,인원,0,0,0,0,0,0,0,0,0,0,0,0,0
전북지부,2018,청소년교육,22,228,개소,0,0,0,0,0,0,0,0,0,0,0,0,0
전북지부,2018,청소년교육,22,228,회차,0,0,0,0,0,0,0,0,0,0,0,0,0
전북지부,2018,청소년교육,22,228,인원,0,0,0,0,0,0,0,0,0,0,0,0,0
전북지부,2018,성인교육,31,312,인원,10,10,10,10,10,10,10,10,10,10,10,16,126
전북지부,2018,성인교육,31,312,개소,0,0,0,0,0,0,0,0,0,0,0,0,0
전북지부,2018,성인교육,31,312,회차,0,0,0,0,0,0,0,0,0,0,0,0,0
전북지부,2018,성인교육,31,313,개소,0,0,0,0,0,0,0,0,0,0,0,0,0
전북지부,2018,성인교육,31,313,회차,0,0,0,0,0,0,0,0,0,0,0,0,0
전북지부,2018,성인교육,31,313,인원,0,0,0,0,0,0,0,0,0,0,0,0,0
전북지부,2018,성인교육,31,314,개소,0,0,0,0,0,0,0,0,0,0,0,0,0
전북지부,2018,성인교육,31,314,회차,0,0,0,0,0,0,0,0,0,0,0,0,0
전북지부,2018,성인교육,31,314,인원,0,0,0,0,0,0,0,0,0,0,0,0,0
전북지부,2018,성인교육,31,316,인원,209,209,209,209,209,209,209,209,209,209,209,218,2517
전북지부,2018,성인교육,31,316,개소,0,0,0,0,0,0,0,0,0,0,0,0,0
전북지부,2018,성인교육,31,316,회차,0,0,0,0,0,0,0,0,0,0,0,0,0
전북지부,2018,성인교육,31,317,개소,0,0,0,0,0,0,0,0,0,0,0,0,0
전북지부,2018,성인교육,31,317,회차,0,0,0,0,0,0,0,0,0,0,0,0,0
전북지부,2018,성인교육,31,317,인원,0,0,0,0,0,0,0,0,0,0,0,0,0
전북지부,2018,성인교육,31,318,개소,0,0,0,0,0,0,0,0,0,0,0,0,0
전북지부,2018,성인교육,31,318,회차,0,0,0,0,0,0,0,0,0,0,0,0,0
전북지부,2018,성인교육,31,318,인원,0,0,0,0,0,0,0,0,0,0,0,0,0
전북지부,2018,성인교육,31,319,개소,0,0,0,0,0,0,0,0,0,0,0,0,0
전북지부,2018,성인교육,31,319,회차,0,0,0,0,0,0,0,0,0,0,0,0,0
전북지부,2018,성인교육,31,319,인원,0,0,0,0,0,0,0,0,0,0,0,0,0
전북지부,2018,성인교육,32,322,개소,0,0,0,0,0,0,0,0,0,0,0,0,0
전북지부,2018,성인교육,32,322,회차,0,0,0,0,0,0,0,0,0,0,0,0,0
전북지부,2018,성인교육,32,322,인원,0,0,0,0,0,0,0,0,0,0,0,0,0
전북지부,2018,성인교육,32,323,개소,0,0,0,0,0,0,0,0,0,0,0,0,0
전북지부,2018,성인교육,32,323,회차,0,0,0,0,0,0,0,0,0,0,0,0,0
전북지부,2018,성인교육,32,323,인원,0,0,0,0,0,0,0,0,0,0,0,0,0
전북지부,2018,성인교육,32,326,인원,41,41,41,41,41,41,41,41,41,41,41,52,503
전북지부,2018,성인교육,32,326,개소,0,0,0,0,0,0,0,0,0,0,0,0,0
전북지부,2018,성인교육,32,326,회차,0,0,0,0,0,0,0,0,0,0,0,0,0
전북지부,2018,성인교육,32,328,개소,0,0,0,0,0,0,0,0,0,0,0,0,0
전북지부,2018,성인교육,32,328,회차,0,0,0,0,0,0,0,0,0,0,0,0,0
전북지부,2018,성인교육,32,328,인원,0,0,0,0,0,0,0,0,0,0,0,0,0
전북지부,2018,성인교육,32,329,개소,0,0,0,0,0,0,0,0,0,0,0,0,0
전북지부,2018,성인교육,32,329,회차,0,0,0,0,0,0,0,0,0,0,0,0,0
전북지부,2018,성인교육,32,329,인원,0,0,0,0,0,0,0,0,0,0,0,0,0
전북지부,2018,성인교육,33,332,개소,0,0,0,0,0,0,0,0,0,0,0,0,0
전북지부,2018,성인교육,33,332,회차,0,0,0,0,0,0,0,0,0,0,0,0,0
전북지부,2018,성인교육,33,332,인원,0,0,0,0,0,0,0,0,0,0,0,0,0
전북지부,2018,성인교육,33,333,개소,0,0,0,0,0,0,0,0,0,0,0,0,0
전북지부,2018,성인교육,33,333,회차,0,0,0,0,0,0,0,0,0,0,0,0,0
전북지부,2018,성인교육,33,333,인원,0,0,0,0,0,0,0,0,0,0,0,0,0
전북지부,2018,성인교육,33,336,인원,83,83,83,83,83,83,83,83,83,83,83,94,1007
전북지부,2018,성인교육,33,336,개소,0,0,0,0,0,0,0,0,0,0,0,0,0
전북지부,2018,성인교육,33,336,회차,0,0,0,0,0,0,0,0,0,0,0,0,0
전북지부,2018,성인교육,33,338,개소,0,0,0,0,0,0,0,0,0,0,0,0,0
전북지부,2018,성인교육,33,338,회차,0,0,0,0,0,0,0,0,0,0,0,0,0
전북지부,2018,성인교육,33,338,인원,0,0,0,0,0,0,0,0,0,0,0,0,0
전북지부,2018,성인교육,33,339,개소,0,0,0,0,0,0,0,0,0,0,0,0,0
전북지부,2018,성인교육,33,339,회차,0,0,0,0,0,0,0,0,0,0,0,0,0
전북지부,2018,성인교육,33,339,인원,0,0,0,0,0,0,0,0,0,0,0,0,0
전북지부,2018,성인교육,34,342,인원,10,10,10,10,10,10,10,10,10,10,10,16,126
전북지부,2018,성인교육,34,342,개소,0,0,0,0,0,0,0,0,0,0,0,0,0
전북지부,2018,성인교육,34,342,회차,0,0,0,0,0,0,0,0,0,0,0,0,0
전북지부,2018,성인교육,34,343,개소,0,0,0,0,0,0,0,0,0,0,0,0,0
전북지부,2018,성인교육,34,343,회차,0,0,0,0,0,0,0,0,0,0,0,0,0
전북지부,2018,성인교육,34,343,인원,0,0,0,0,0,0,0,0,0,0,0,0,0
전북지부,2018,성인교육,34,346,인원,587,587,587,587,587,587,587,587,587,587,587,591,7048
전북지부,2018,성인교육,34,346,개소,0,0,0,0,0,0,0,0,0,0,0,0,0
전북지부,2018,성인교육,34,346,회차,0,0,0,0,0,0,0,0,0,0,0,0,0
전북지부,2018,성인교육,34,348,개소,0,0,0,0,0,0,0,0,0,0,0,0,0
전북지부,2018,성인교육,34,348,회차,0,0,0,0,0,0,0,0,0,0,0,0,0
전북지부,2018,성인교육,34,348,인원,0,0,0,0,0,0,0,0,0,0,0,0,0
전북지부,2018,성인교육,34,349,개소,0,0,0,0,0,0,0,0,0,0,0,0,0
전북지부,2018,성인교육,34,349,회차,0,0,0,0,0,0,0,0,0,0,0,0,0
전북지부,2018,성인교육,34,349,인원,0,0,0,0,0,0,0,0,0,0,0,0,0
전북지부,2018,성인교육,35,352,개소,0,0,0,0,0,0,0,0,0,0,0,0,0
전북지부,2018,성인교육,35,352,회차,0,0,0,0,0,0,0,0,0,0,0,0,0
전북지부,2018,성인교육,35,352,인원,0,0,0,0,0,0,0,0,0,0,0,0,0
전북지부,2018,성인교육,35,353,개소,0,0,0,0,0,0,0,0,0,0,0,0,0
전북지부,2018,성인교육,35,353,회차,0,0,0,0,0,0,0,0,0,0,0,0,0
전북지부,2018,성인교육,35,353,인원,0,0,0,0,0,0,0,0,0,0,0,0,0
전북지부,2018,성인교육,35,356,개소,0,0,0,0,0,0,0,0,0,0,0,0,0
전북지부,2018,성인교육,35,356,회차,0,0,0,0,0,0,0,0,0,0,0,0,0
전북지부,2018,성인교육,35,356,인원,62,62,62,62,62,62,62,62,62,62,62,73,755
전북지부,2018,성인교육,35,358,개소,0,0,0,0,0,0,0,0,0,0,0,0,0
전북지부,2018,성인교육,35,358,회차,0,0,0,0,0,0,0,0,0,0,0,0,0
전북지부,2018,성인교육,35,358,인원,0,0,0,0,0,0,0,0,0,0,0,0,0
전북지부,2018,성인교육,35,359,개소,0,0,0,0,0,0,0,0,0,0,0,0,0
전북지부,2018,성인교육,35,359,회차,0,0,0,0,0,0,0,0,0,0,0,0,0
전북지부,2018,성인교육,35,359,인원,0,0,0,0,0,0,0,0,0,0,0,0,0
전북지부,2018,성인교육,36,362,개소,0,0,0,0,0,0,0,0,0,0,0,0,0
전북지부,2018,성인교육,36,362,회차,0,0,0,0,0,0,0,0,0,0,0,0,0
전북지부,2018,성인교육,36,362,인원,10,10,10,10,10,10,10,10,10,10,10,16,126
전북지부,2018,성인교육,36,363,개소,0,0,0,0,0,0,0,0,0,0,0,0,0
전북지부,2018,성인교육,36,363,회차,0,0,0,0,0,0,0,0,0,0,0,0,0
전북지부,2018,성인교육,36,363,인원,0,0,0,0,0,0,0,0,0,0,0,0,0
전북지부,2018,성인교육,36,365,개소,0,0,0,0,0,0,0,0,0,0,0,0,0
전북지부,2018,성인교육,36,365,회차,0,0,0,0,0,0,0,0,0,0,0,0,0
전북지부,2018,성인교육,36,365,인원,0,0,0,0,0,0,0,0,0,0,0,0,0
전북지부,2018,성인교육,36,366,개소,0,0,0,0,0,0,0,0,0,0,0,0,0
전북지부,2018,성인교육,36,366,회차,0,0,0,0,0,0,0,0,0,0,0,0,0
전북지부,2018,성인교육,36,366,인원,440,440,440,440,440,440,440,440,440,440,440,446,5286
전북지부,2018,성인교육,36,368,개소,0,0,0,0,0,0,0,0,0,0,0,0,0
전북지부,2018,성인교육,36,368,회차,0,0,0,0,0,0,0,0,0,0,0,0,0
전북지부,2018,성인교육,36,368,인원,0,0,0,0,0,0,0,0,0,0,0,0,0
전북지부,2018,성인교육,36,369,개소,0,0,0,0,0,0,0,0,0,0,0,0,0
전북지부,2018,성인교육,36,369,회차,0,0,0,0,0,0,0,0,0,0,0,0,0
전북지부,2018,성인교육,36,369,인원,0,0,0,0,0,0,0,0,0,0,0,0,0
전북지부,2018,성인교육,37,372,개소,0,0,0,0,0,0,0,0,0,0,0,0,0
전북지부,2018,성인교육,37,372,회차,0,0,0,0,0,0,0,0,0,0,0,0,0
전북지부,2018,성인교육,37,372,인원,0,0,0,0,0,0,0,0,0,0,0,0,0
전북지부,2018,성인교육,37,373,개소,0,0,0,0,0,0,0,0,0,0,0,0,0
전북지부,2018,성인교육,37,373,회차,0,0,0,0,0,0,0,0,0,0,0,0,0
전북지부,2018,성인교육,37,373,인원,0,0,0,0,0,0,0,0,0,0,0,0,0
전북지부,2018,성인교육,37,376,개소,0,0,0,0,0,0,0,0,0,0,0,0,0
전북지부,2018,성인교육,37,376,회차,0,0,0,0,0,0,0,0,0,0,0,0,0
전북지부,2018,성인교육,37,376,인원,587,587,587,587,587,587,587,587,587,587,587,591,7048
전북지부,2018,성인교육,37,378,개소,0,0,0,0,0,0,0,0,0,0,0,0,0
전북지부,2018,성인교육,37,378,회차,0,0,0,0,0,0,0,0,0,0,0,0,0
전북지부,2018,성인교육,37,378,인원,0,0,0,0,0,0,0,0,0,0,0,0,0
전북지부,2018,성인교육,37,379,개소,0,0,0,0,0,0,0,0,0,0,0,0,0
전북지부,2018,성인교육,37,379,회차,0,0,0,0,0,0,0,0,0,0,0,0,0
전북지부,2018,성인교육,37,379,인원,0,0,0,0,0,0,0,0,0,0,0,0,0
전북지부,2018,성인교육,38,381,개소,0,0,0,0,0,0,0,0,0,0,0,0,0
전북지부,2018,성인교육,38,381,회차,0,0,0,0,0,0,0,0,0,0,0,0,0
전북지부,2018,성인교육,38,381,인원,10,10,10,10,10,10,10,10,10,10,10,16,126
전북지부,2018,성인교육,38,382,개소,0,0,0,0,0,0,0,0,0,0,0,0,0
전북지부,2018,성인교육,38,382,회차,0,0,0,0,0,0,0,0,0,0,0,0,0
전북지부,2018,성인교육,38,382,인원,0,0,0,0,0,0,0,0,0,0,0,0,0
전북지부,2018,성인교육,38,386,개소,0,0,0,0,0,0,0,0,0,0,0,0,0
전북지부,2018,성인교육,38,386,회차,0,0,0,0,0,0,0,0,0,0,0,0,0
전북지부,2018,성인교육,38,386,인원,0,0,0,0,0,0,0,0,0,0,0,0,0
전북지부,2018,성인교육,38,388,개소,0,0,0,0,0,0,0,0,0,0,0,0,0
전북지부,2018,성인교육,38,388,회차,0,0,0,0,0,0,0,0,0,0,0,0,0
전북지부,2018,성인교육,38,388,인원,0,0,0,0,0,0,0,0,0,0,0,0,0
전북지부,2018,성인교육,39,392,개소,0,0,0,0,0,0,0,0,0,0,0,0,0
전북지부,2018,성인교육,39,392,회차,0,0,0,0,0,0,0,0,0,0,0,0,0
전북지부,2018,성인교육,39,392,인원,0,0,0,0,0,0,0,0,0,0,0,0,0
전북지부,2018,성인교육,39,393,개소,0,0,0,0,0,0,0,0,0,0,0,0,0
전북지부,2018,성인교육,39,393,회차,0,0,0,0,0,0,0,0,0,0,0,0,0
전북지부,2018,성인교육,39,393,인원,0,0,0,0,0,0,0,0,0,0,0,0,0
전북지부,2018,성인교육,39,396,개소,0,0,0,0,0,0,0,0,0,0,0,0,0
전북지부,2018,성인교육,39,396,회차,0,0,0,0,0,0,0,0,0,0,0,0,0
전북지부,2018,성인교육,39,396,인원,41,41,41,41,41,41,41,41,41,41,41,52,503
전북지부,2018,성인교육,39,398,개소,0,0,0,0,0,0,0,0,0,0,0,0,0
전북지부,2018,성인교육,39,398,회차,0,0,0,0,0,0,0,0,0,0,0,0,0
전북지부,2018,성인교육,39,398,인원,0,0,0,0,0,0,0,0,0,0,0,0,0
전북지부,2018,고령자교육,41,411,회차,0,0,0,0,0,0,0,0,0,0,0,0,0
전북지부,2018,고령자교육,41,411,개소,0,0,0,0,0,0,0,0,0,0,0,0,0
전북지부,2018,고령자교육,41,411,인원,1623,1623,1623,1623,1623,1623,1623,1623,1623,1623,1623,1625,19478
전북지부,2018,고령자교육,41,412,개소,0,0,0,0,0,0,0,0,0,0,0,0,0
전북지부,2018,고령자교육,41,412,회차,0,0,0,0,0,0,0,0,0,0,0,0,0
전북지부,2018,고령자교육,41,412,인원,17,17,17,17,17,17,17,17,17,17,17,20,207
전북지부,2018,고령자교육,41,413,개소,0,0,0,0,0,0,0,0,0,0,0,0,0
전북지부,2018,고령자교육,41,413,회차,0,0,0,0,0,0,0,0,0,0,0,0,0
전북지부,2018,고령자교육,41,413,인원,0,0,0,0,0,0,0,0,0,0,0,0,0
전북지부,2018,고령자교육,41,417,개소,0,0,0,0,0,0,0,0,0,0,0,0,0
전북지부,2018,고령자교육,41,417,회차,0,0,0,0,0,0,0,0,0,0,0,0,0
전북지부,2018,고령자교육,41,417,인원,17,17,17,17,17,17,17,17,17,17,17,20,207
전북지부,2018,고령자교육,42,422,개소,0,0,0,0,0,0,0,0,0,0,0,0,0
전북지부,2018,고령자교육,42,422,회차,0,0,0,0,0,0,0,0,0,0,0,0,0
전북지부,2018,고령자교육,42,422,인원,0,0,0,0,0,0,0,0,0,0,0,0,0
전북지부,2018,고령자교육,42,423,개소,0,0,0,0,0,0,0,0,0,0,0,0,0
전북지부,2018,고령자교육,42,423,회차,0,0,0,0,0,0,0,0,0,0,0,0,0
전북지부,2018,고령자교육,42,423,인원,0,0,0,0,0,0,0,0,0,0,0,0,0
전북지부,2018,고령자교육,42,426,개소,0,0,0,0,0,0,0,0,0,0,0,0,0
전북지부,2018,고령자교육,42,426,회차,0,0,0,0,0,0,0,0,0,0,0,0,0
전북지부,2018,고령자교육,42,426,인원,21,21,21,21,21,21,21,21,21,21,21,25,256
전북지부,2018,교사교육,51,511,개소,0,0,0,0,0,0,0,0,0,0,0,0,0
전북지부,2018,교사교육,51,511,회차,0,0,0,0,0,0,0,0,0,0,0,0,0
전북지부,2018,교사교육,51,511,인원,0,0,0,0,0,0,0,0,0,0,0,0,0
전북지부,2018,교사교육,51,512,개소,0,0,0,0,0,0,0,0,0,0,0,0,0
전북지부,2018,교사교육,51,512,회차,0,0,0,0,0,0,0,0,0,0,0,0,0
전북지부,2018,교사교육,51,512,인원,0,0,0,0,0,0,0,0,0,0,0,0,0
전북지부,2018,교사교육,51,516,개소,0,0,0,0,0,0,0,0,0,0,0,0,0
전북지부,2018,교사교육,51,516,회차,0,0,0,0,0,0,0,0,0,0,0,0,0
전북지부,2018,교사교육,51,516,인원,0,0,0,0,0,0,0,0,0,0,0,0,0
전북지부,2018,교사교육,52,521,개소,0,0,0,0,0,0,0,0,0,0,0,0,0
전북지부,2018,교사교육,52,521,회차,0,0,0,0,0,0,0,0,0,0,0,0,0
전북지부,2018,교사교육,52,521,인원,0,0,0,0,0,0,0,0,0,0,0,0,0
전북지부,2018,교사교육,52,522,개소,0,0,0,0,0,0,0,0,0,0,0,0,0
전북지부,2018,교사교육,52,522,회차,0,0,0,0,0,0,0,0,0,0,0,0,0
전북지부,2018,교사교육,52,522,인원,0,0,0,0,0,0,0,0,0,0,0,0,0
전북지부,2018,교사교육,52,526,개소,0,0,0,0,0,0,0,0,0,0,0,0,0
전북지부,2018,교사교육,52,526,회차,0,0,0,0,0,0,0,0,0,0,0,0,0
전북지부,2018,교사교육,52,526,인원,0,0,0,0,0,0,0,0,0,0,0,0,0
전북지부,2018,교사교육,53,531,개소,0,0,0,0,0,0,0,0,0,0,0,0,0
전북지부,2018,교사교육,53,531,회차,0,0,0,0,0,0,0,0,0,0,0,0,0
전북지부,2018,교사교육,53,531,인원,0,0,0,0,0,0,0,0,0,0,0,0,0
전북지부,2018,교사교육,53,532,개소,0,0,0,0,0,0,0,0,0,0,0,0,0
전북지부,2018,교사교육,53,532,회차,0,0,0,0,0,0,0,0,0,0,0,0,0
전북지부,2018,교사교육,53,532,인원,0,0,0,0,0,0,0,0,0,0,0,0,0
전북지부,2018,교사교육,53,536,개소,0,0,0,0,0,0,0,0,0,0,0,0,0
전북지부,2018,교사교육,53,536,회차,0,0,0,0,0,0,0,0,0,0,0,0,0
전북지부,2018,교사교육,53,536,인원,0,0,0,0,0,0,0,0,0,0,0,0,0
전북지부,2018,교사교육,54,541,개소,0,0,0,0,0,0,0,0,0,0,0,0,0
전북지부,2018,교사교육,54,541,회차,0,0,0,0,0,0,0,0,0,0,0,0,0
전북지부,2018,교사교육,54,541,인원,0,0,0,0,0,0,0,0,0,0,0,0,0
전북지부,2018,교사교육,54,542,개소,0,0,0,0,0,0,0,0,0,0,0,0,0
전북지부,2018,교사교육,54,542,회차,0,0,0,0,0,0,0,0,0,0,0,0,0
전북지부,2018,교사교육,54,542,인원,0,0,0,0,0,0,0,0,0,0,0,0,0
전북지부,2018,교사교육,54,543,개소,0,0,0,0,0,0,0,0,0,0,0,0,0
전북지부,2018,교사교육,54,543,회차,0,0,0,0,0,0,0,0,0,0,0,0,0
전북지부,2018,교사교육,54,543,인원,0,0,0,0,0,0,0,0,0,0,0,0,0
전북지부,2018,교사교육,54,546,개소,0,0,0,0,0,0,0,0,0,0,0,0,0
전북지부,2018,교사교육,54,546,회차,0,0,0,0,0,0,0,0,0,0,0,0,0
전북지부,2018,교사교육,54,546,인원,0,0,0,0,0,0,0,0,0,0,0,0,0
광주전남지부,2017,어린이교육,11,111,개소,0,0,0,0,0,0,0,0,0,0,0,0,0
광주전남지부,2017,어린이교육,11,111,회차,0,0,0,0,0,0,0,0,0,0,0,0,0
광주전남지부,2017,어린이교육,11,111,인원,0,0,0,0,0,0,0,0,0,0,0,0,0
광주전남지부,2017,어린이교육,11,112,개소,0,0,0,0,0,0,0,0,0,0,0,0,0
광주전남지부,2017,어린이교육,11,112,회차,0,0,0,0,0,0,0,0,0,0,0,0,0
광주전남지부,2017,어린이교육,11,112,인원,0,0,0,0,0,0,0,0,0,0,0,0,0
광주전남지부,2017,어린이교육,11,113,개소,0,0,0,0,0,0,0,0,0,0,0,0,0
광주전남지부,2017,어린이교육,11,113,회차,0,0,0,0,0,0,0,0,0,0,0,0,0
광주전남지부,2017,어린이교육,11,113,인원,0,0,0,0,0,0,0,0,0,0,0,0,0
광주전남지부,2017,어린이교육,11,114,개소,0,0,0,0,0,0,0,0,0,0,0,0,0
광주전남지부,2017,어린이교육,11,114,회차,0,0,0,0,0,0,0,0,0,0,0,0,0
광주전남지부,2017,어린이교육,11,114,인원,0,0,0,0,0,0,0,0,0,0,0,0,0
광주전남지부,2017,어린이교육,12,121,개소,0,0,0,0,0,0,0,0,0,0,0,0,0
광주전남지부,2017,어린이교육,12,121,회차,0,0,0,0,0,0,0,0,0,0,0,0,0
광주전남지부,2017,어린이교육,12,121,인원,0,0,0,0,0,0,0,0,0,0,0,0,0
광주전남지부,2017,어린이교육,12,122,개소,0,0,0,0,0,0,0,0,0,0,0,0,0
광주전남지부,2017,어린이교육,12,122,회차,0,0,0,0,0,0,0,0,0,0,0,0,0
광주전남지부,2017,어린이교육,12,122,인원,0,0,0,0,0,0,0,0,0,0,0,0,0
광주전남지부,2017,어린이교육,12,124,개소,0,0,0,0,0,0,0,0,0,0,0,0,0
광주전남지부,2017,어린이교육,12,124,회차,0,0,0,0,0,0,0,0,0,0,0,0,0
광주전남지부,2017,어린이교육,12,124,인원,0,0,0,0,0,0,0,0,0,0,0,0,0
광주전남지부,2017,어린이교육,12,127,개소,0,0,0,0,0,0,0,0,0,0,0,0,0
광주전남지부,2017,어린이교육,12,127,회차,0,0,0,0,0,0,0,0,0,0,0,0,0
광주전남지부,2017,어린이교육,12,127,인원,0,0,0,0,0,0,0,0,0,0,0,0,0
광주전남지부,2017,어린이교육,13,131,개소,0,0,0,0,0,0,0,0,0,0,0,0,0
광주전남지부,2017,어린이교육,13,131,회차,0,0,0,0,0,0,0,0,0,0,0,0,0
광주전남지부,2017,어린이교육,13,131,인원,0,0,0,0,0,0,0,0,0,0,0,0,0
광주전남지부,2017,어린이교육,13,132,개소,0,0,0,0,0,0,0,0,0,0,0,0,0
광주전남지부,2017,어린이교육,13,132,회차,0,0,0,0,0,0,0,0,0,0,0,0,0
광주전남지부,2017,어린이교육,13,132,인원,0,0,0,0,0,0,0,0,0,0,0,0,0
광주전남지부,2017,어린이교육,13,134,개소,0,0,0,0,0,0,0,0,0,0,0,0,0
광주전남지부,2017,어린이교육,13,134,회차,0,0,0,0,0,0,0,0,0,0,0,0,0
광주전남지부,2017,어린이교육,13,134,인원,0,0,0,0,0,0,0,0,0,0,0,0,0
광주전남지부,2017,어린이교육,13,137,개소,0,0,0,0,0,0,0,0,0,0,0,0,0
광주전남지부,2017,어린이교육,13,137,회차,0,0,0,0,0,0,0,0,0,0,0,0,0
광주전남지부,2017,어린이교육,13,137,인원,0,0,0,0,0,0,0,0,0,0,0,0,0
광주전남지부,2017,어린이교육,14,141,개소,0,0,0,0,0,0,0,0,0,0,0,0,0
광주전남지부,2017,어린이교육,14,141,회차,0,0,0,0,0,0,0,0,0,0,0,0,0
광주전남지부,2017,어린이교육,14,141,인원,0,0,0,0,0,0,0,0,0,0,0,0,0
광주전남지부,2017,어린이교육,14,142,개소,0,0,0,0,0,0,0,0,0,0,0,0,0
광주전남지부,2017,어린이교육,14,142,회차,0,0,0,0,0,0,0,0,0,0,0,0,0
광주전남지부,2017,어린이교육,14,142,인원,0,0,0,0,0,0,0,0,0,0,0,0,0
광주전남지부,2017,어린이교육,14,144,개소,0,0,0,0,0,0,0,0,0,0,0,0,0
광주전남지부,2017,어린이교육,14,144,회차,0,0,0,0,0,0,0,0,0,0,0,0,0
광주전남지부,2017,어린이교육,14,144,인원,0,0,0,0,0,0,0,0,0,0,0,0,0
광주전남지부,2017,어린이교육,14,147,개소,0,0,0,0,0,0,0,0,0,0,0,0,0
광주전남지부,2017,어린이교육,14,147,회차,0,0,0,0,0,0,0,0,0,0,0,0,0
광주전남지부,2017,어린이교육,14,147,인원,0,0,0,0,0,0,0,0,0,0,0,0,0
광주전남지부,2017,청소년교육,21,211,개소,0,0,0,0,0,0,0,0,0,0,0,0,0
광주전남지부,2017,청소년교육,21,211,회차,0,0,0,0,0,0,0,0,0,0,0,0,0
광주전남지부,2017,청소년교육,21,211,인원,0,0,0,0,0,0,0,0,0,0,0,0,0
광주전남지부,2017,청소년교육,21,212,개소,0,0,0,0,0,0,0,0,0,0,0,0,0
광주전남지부,2017,청소년교육,21,212,회차,0,0,0,0,0,0,0,0,0,0,0,0,0
광주전남지부,2017,청소년교육,21,212,인원,0,0,0,0,0,0,0,0,0,0,0,0,0
광주전남지부,2017,청소년교육,21,214,개소,0,0,0,0,0,0,0,0,0,0,0,0,0
광주전남지부,2017,청소년교육,21,214,회차,0,0,0,0,0,0,0,0,0,0,0,0,0
광주전남지부,2017,청소년교육,21,214,인원,0,0,0,0,0,0,0,0,0,0,0,0,0
광주전남지부,2017,청소년교육,21,217,개소,0,0,0,0,0,0,0,0,0,0,0,0,0
광주전남지부,2017,청소년교육,21,217,회차,0,0,0,0,0,0,0,0,0,0,0,0,0
광주전남지부,2017,청소년교육,21,217,인원,0,0,0,0,0,0,0,0,0,0,0,0,0
광주전남지부,2017,청소년교육,21,218,개소,0,0,0,0,0,0,0,0,0,0,0,0,0
광주전남지부,2017,청소년교육,21,218,회차,0,0,0,0,0,0,0,0,0,0,0,0,0
광주전남지부,2017,청소년교육,21,218,인원,0,0,0,0,0,0,0,0,0,0,0,0,0
광주전남지부,2017,청소년교육,22,221,개소,0,0,0,0,0,0,0,0,0,0,0,0,0
광주전남지부,2017,청소년교육,22,221,회차,0,0,0,0,0,0,0,0,0,0,0,0,0
광주전남지부,2017,청소년교육,22,221,인원,0,0,0,0,0,0,0,0,0,0,0,0,0
광주전남지부,2017,청소년교육,22,222,개소,0,0,0,0,0,0,0,0,0,0,0,0,0
광주전남지부,2017,청소년교육,22,222,회차,0,0,0,0,0,0,0,0,0,0,0,0,0
광주전남지부,2017,청소년교육,22,222,인원,0,0,0,0,0,0,0,0,0,0,0,0,0
광주전남지부,2017,청소년교육,22,223,개소,0,0,0,0,0,0,0,0,0,0,0,0,0
광주전남지부,2017,청소년교육,22,223,회차,0,0,0,0,0,0,0,0,0,0,0,0,0
광주전남지부,2017,청소년교육,22,223,인원,0,0,0,0,0,0,0,0,0,0,0,0,0
광주전남지부,2017,청소년교육,22,224,개소,0,0,0,0,0,0,0,0,0,0,0,0,0
광주전남지부,2017,청소년교육,22,224,회차,0,0,0,0,0,0,0,0,0,0,0,0,0
광주전남지부,2017,청소년교육,22,224,인원,0,0,0,0,0,0,0,0,0,0,0,0,0
광주전남지부,2017,청소년교육,22,226,개소,0,0,0,0,0,0,0,0,0,0,0,0,0
광주전남지부,2017,청소년교육,22,226,회차,0,0,0,0,0,0,0,0,0,0,0,0,0
광주전남지부,2017,청소년교육,22,226,인원,0,0,0,0,0,0,0,0,0,0,0,0,0
광주전남지부,2017,청소년교육,22,227,개소,0,0,0,0,0,0,0,0,0,0,0,0,0
광주전남지부,2017,청소년교육,22,227,회차,0,0,0,0,0,0,0,0,0,0,0,0,0
광주전남지부,2017,청소년교육,22,227,인원,0,0,0,0,0,0,0,0,0,0,0,0,0
광주전남지부,2017,청소년교육,22,228,개소,0,0,0,0,0,0,0,0,0,0,0,0,0
광주전남지부,2017,청소년교육,22,228,회차,0,0,0,0,0,0,0,0,0,0,0,0,0
광주전남지부,2017,청소년교육,22,228,인원,0,0,0,0,0,0,0,0,0,0,0,0,0
광주전남지부,2017,성인교육,31,312,개소,0,0,0,0,0,0,0,0,0,0,0,0,0
광주전남지부,2017,성인교육,31,312,회차,0,0,0,0,0,0,0,0,0,0,0,0,0
광주전남지부,2017,성인교육,31,312,인원,0,0,0,0,0,0,0,0,0,0,0,0,0
광주전남지부,2017,성인교육,31,313,개소,0,0,0,0,0,0,0,0,0,0,0,0,0
광주전남지부,2017,성인교육,31,313,회차,0,0,0,0,0,0,0,0,0,0,0,0,0
광주전남지부,2017,성인교육,31,313,인원,0,0,0,0,0,0,0,0,0,0,0,0,0
광주전남지부,2017,성인교육,31,314,개소,0,0,0,0,0,0,0,0,0,0,0,0,0
광주전남지부,2017,성인교육,31,314,회차,0,0,0,0,0,0,0,0,0,0,0,0,0
광주전남지부,2017,성인교육,31,314,인원,0,0,0,0,0,0,0,0,0,0,0,0,0
광주전남지부,2017,성인교육,31,316,개소,0,0,0,0,0,0,0,0,0,0,0,0,0
광주전남지부,2017,성인교육,31,316,회차,0,0,0,0,0,0,0,0,0,0,0,0,0
광주전남지부,2017,성인교육,31,316,인원,0,0,0,0,0,0,0,0,0,0,0,0,0
광주전남지부,2017,성인교육,31,317,개소,0,0,0,0,0,0,0,0,0,0,0,0,0
광주전남지부,2017,성인교육,31,317,회차,0,0,0,0,0,0,0,0,0,0,0,0,0
광주전남지부,2017,성인교육,31,317,인원,0,0,0,0,0,0,0,0,0,0,0,0,0
광주전남지부,2017,성인교육,31,318,개소,0,0,0,0,0,0,0,0,0,0,0,0,0
광주전남지부,2017,성인교육,31,318,회차,0,0,0,0,0,0,0,0,0,0,0,0,0
광주전남지부,2017,성인교육,31,318,인원,0,0,0,0,0,0,0,0,0,0,0,0,0
광주전남지부,2017,성인교육,31,319,개소,0,0,0,0,0,0,0,0,0,0,0,0,0
광주전남지부,2017,성인교육,31,319,회차,0,0,0,0,0,0,0,0,0,0,0,0,0
광주전남지부,2017,성인교육,31,319,인원,0,0,0,0,0,0,0,0,0,0,0,0,0
광주전남지부,2017,성인교육,32,322,개소,0,0,0,0,0,0,0,0,0,0,0,0,0
광주전남지부,2017,성인교육,32,322,회차,0,0,0,0,0,0,0,0,0,0,0,0,0
광주전남지부,2017,성인교육,32,322,인원,0,0,0,0,0,0,0,0,0,0,0,0,0
광주전남지부,2017,성인교육,32,323,개소,0,0,0,0,0,0,0,0,0,0,0,0,0
광주전남지부,2017,성인교육,32,323,회차,0,0,0,0,0,0,0,0,0,0,0,0,0
광주전남지부,2017,성인교육,32,323,인원,0,0,0,0,0,0,0,0,0,0,0,0,0
광주전남지부,2017,성인교육,32,326,개소,0,0,0,0,0,0,0,0,0,0,0,0,0
광주전남지부,2017,성인교육,32,326,회차,0,0,0,0,0,0,0,0,0,0,0,0,0
광주전남지부,2017,성인교육,32,326,인원,0,0,0,0,0,0,0,0,0,0,0,0,0
광주전남지부,2017,성인교육,32,328,개소,0,0,0,0,0,0,0,0,0,0,0,0,0
광주전남지부,2017,성인교육,32,328,회차,0,0,0,0,0,0,0,0,0,0,0,0,0
광주전남지부,2017,성인교육,32,328,인원,0,0,0,0,0,0,0,0,0,0,0,0,0
광주전남지부,2017,성인교육,32,329,개소,0,0,0,0,0,0,0,0,0,0,0,0,0
광주전남지부,2017,성인교육,32,329,회차,0,0,0,0,0,0,0,0,0,0,0,0,0
광주전남지부,2017,성인교육,32,329,인원,0,0,0,0,0,0,0,0,0,0,0,0,0
광주전남지부,2017,성인교육,33,332,개소,0,0,0,0,0,0,0,0,0,0,0,0,0
광주전남지부,2017,성인교육,33,332,회차,0,0,0,0,0,0,0,0,0,0,0,0,0
광주전남지부,2017,성인교육,33,332,인원,0,0,0,0,0,0,0,0,0,0,0,0,0
광주전남지부,2017,성인교육,33,333,개소,0,0,0,0,0,0,0,0,0,0,0,0,0
광주전남지부,2017,성인교육,33,333,회차,0,0,0,0,0,0,0,0,0,0,0,0,0
광주전남지부,2017,성인교육,33,333,인원,0,0,0,0,0,0,0,0,0,0,0,0,0
광주전남지부,2017,성인교육,33,336,개소,0,0,0,0,0,0,0,0,0,0,0,0,0
광주전남지부,2017,성인교육,33,336,회차,0,0,0,0,0,0,0,0,0,0,0,0,0
광주전남지부,2017,성인교육,33,336,인원,0,0,0,0,0,0,0,0,0,0,0,0,0
광주전남지부,2017,성인교육,33,338,개소,0,0,0,0,0,0,0,0,0,0,0,0,0
광주전남지부,2017,성인교육,33,338,회차,0,0,0,0,0,0,0,0,0,0,0,0,0
광주전남지부,2017,성인교육,33,338,인원,0,0,0,0,0,0,0,0,0,0,0,0,0
광주전남지부,2017,성인교육,33,339,개소,0,0,0,0,0,0,0,0,0,0,0,0,0
광주전남지부,2017,성인교육,33,339,회차,0,0,0,0,0,0,0,0,0,0,0,0,0
광주전남지부,2017,성인교육,33,339,인원,0,0,0,0,0,0,0,0,0,0,0,0,0
광주전남지부,2017,성인교육,34,342,개소,0,0,0,0,0,0,0,0,0,0,0,0,0
광주전남지부,2017,성인교육,34,342,회차,0,0,0,0,0,0,0,0,0,0,0,0,0
광주전남지부,2017,성인교육,34,342,인원,0,0,0,0,0,0,0,0,0,0,0,0,0
광주전남지부,2017,성인교육,34,343,개소,0,0,0,0,0,0,0,0,0,0,0,0,0
광주전남지부,2017,성인교육,34,343,회차,0,0,0,0,0,0,0,0,0,0,0,0,0
광주전남지부,2017,성인교육,34,343,인원,0,0,0,0,0,0,0,0,0,0,0,0,0
광주전남지부,2017,성인교육,34,346,개소,0,0,0,0,0,0,0,0,0,0,0,0,0
광주전남지부,2017,성인교육,34,346,회차,0,0,0,0,0,0,0,0,0,0,0,0,0
광주전남지부,2017,성인교육,34,346,인원,0,0,0,0,0,0,0,0,0,0,0,0,0
광주전남지부,2017,성인교육,34,348,개소,0,0,0,0,0,0,0,0,0,0,0,0,0
광주전남지부,2017,성인교육,34,348,회차,0,0,0,0,0,0,0,0,0,0,0,0,0
광주전남지부,2017,성인교육,34,348,인원,0,0,0,0,0,0,0,0,0,0,0,0,0
광주전남지부,2017,성인교육,34,349,개소,0,0,0,0,0,0,0,0,0,0,0,0,0
광주전남지부,2017,성인교육,34,349,회차,0,0,0,0,0,0,0,0,0,0,0,0,0
광주전남지부,2017,성인교육,34,349,인원,0,0,0,0,0,0,0,0,0,0,0,0,0
광주전남지부,2017,성인교육,35,352,개소,0,0,0,0,0,0,0,0,0,0,0,0,0
광주전남지부,2017,성인교육,35,352,회차,0,0,0,0,0,0,0,0,0,0,0,0,0
광주전남지부,2017,성인교육,35,352,인원,0,0,0,0,0,0,0,0,0,0,0,0,0
광주전남지부,2017,성인교육,35,353,개소,0,0,0,0,0,0,0,0,0,0,0,0,0
광주전남지부,2017,성인교육,35,353,회차,0,0,0,0,0,0,0,0,0,0,0,0,0
광주전남지부,2017,성인교육,35,353,인원,0,0,0,0,0,0,0,0,0,0,0,0,0
광주전남지부,2017,성인교육,35,356,개소,0,0,0,0,0,0,0,0,0,0,0,0,0
광주전남지부,2017,성인교육,35,356,회차,0,0,0,0,0,0,0,0,0,0,0,0,0
광주전남지부,2017,성인교육,35,356,인원,0,0,0,0,0,0,0,0,0,0,0,0,0
광주전남지부,2017,성인교육,35,358,개소,0,0,0,0,0,0,0,0,0,0,0,0,0
광주전남지부,2017,성인교육,35,358,회차,0,0,0,0,0,0,0,0,0,0,0,0,0
광주전남지부,2017,성인교육,35,358,인원,0,0,0,0,0,0,0,0,0,0,0,0,0
광주전남지부,2017,성인교육,35,359,개소,0,0,0,0,0,0,0,0,0,0,0,0,0
광주전남지부,2017,성인교육,35,359,회차,0,0,0,0,0,0,0,0,0,0,0,0,0
광주전남지부,2017,성인교육,35,359,인원,0,0,0,0,0,0,0,0,0,0,0,0,0
광주전남지부,2017,성인교육,36,362,개소,0,0,0,0,0,0,0,0,0,0,0,0,0
광주전남지부,2017,성인교육,36,362,회차,0,0,0,0,0,0,0,0,0,0,0,0,0
광주전남지부,2017,성인교육,36,362,인원,0,0,0,0,0,0,0,0,0,0,0,0,0
광주전남지부,2017,성인교육,36,363,개소,0,0,0,0,0,0,0,0,0,0,0,0,0
광주전남지부,2017,성인교육,36,363,회차,0,0,0,0,0,0,0,0,0,0,0,0,0
광주전남지부,2017,성인교육,36,363,인원,0,0,0,0,0,0,0,0,0,0,0,0,0
광주전남지부,2017,성인교육,36,365,개소,0,0,0,0,0,0,0,0,0,0,0,0,0
광주전남지부,2017,성인교육,36,365,회차,0,0,0,0,0,0,0,0,0,0,0,0,0
광주전남지부,2017,성인교육,36,365,인원,0,0,0,0,0,0,0,0,0,0,0,0,0
광주전남지부,2017,성인교육,36,366,개소,0,0,0,0,0,0,0,0,0,0,0,0,0
광주전남지부,2017,성인교육,36,366,회차,0,0,0,0,0,0,0,0,0,0,0,0,0
광주전남지부,2017,성인교육,36,366,인원,0,0,0,0,0,0,0,0,0,0,0,0,0
광주전남지부,2017,성인교육,36,368,개소,0,0,0,0,0,0,0,0,0,0,0,0,0
광주전남지부,2017,성인교육,36,368,회차,0,0,0,0,0,0,0,0,0,0,0,0,0
광주전남지부,2017,성인교육,36,368,인원,0,0,0,0,0,0,0,0,0,0,0,0,0
광주전남지부,2017,성인교육,36,369,개소,0,0,0,0,0,0,0,0,0,0,0,0,0
광주전남지부,2017,성인교육,36,369,회차,0,0,0,0,0,0,0,0,0,0,0,0,0
광주전남지부,2017,성인교육,36,369,인원,0,0,0,0,0,0,0,0,0,0,0,0,0
광주전남지부,2017,성인교육,37,372,개소,0,0,0,0,0,0,0,0,0,0,0,0,0
광주전남지부,2017,성인교육,37,372,회차,0,0,0,0,0,0,0,0,0,0,0,0,0
광주전남지부,2017,성인교육,37,372,인원,0,0,0,0,0,0,0,0,0,0,0,0,0
광주전남지부,2017,성인교육,37,373,개소,0,0,0,0,0,0,0,0,0,0,0,0,0
광주전남지부,2017,성인교육,37,373,회차,0,0,0,0,0,0,0,0,0,0,0,0,0
광주전남지부,2017,성인교육,37,373,인원,0,0,0,0,0,0,0,0,0,0,0,0,0
광주전남지부,2017,성인교육,37,376,개소,0,0,0,0,0,0,0,0,0,0,0,0,0
광주전남지부,2017,성인교육,37,376,회차,0,0,0,0,0,0,0,0,0,0,0,0,0
광주전남지부,2017,성인교육,37,376,인원,0,0,0,0,0,0,0,0,0,0,0,0,0
광주전남지부,2017,성인교육,37,378,개소,0,0,0,0,0,0,0,0,0,0,0,0,0
광주전남지부,2017,성인교육,37,378,회차,0,0,0,0,0,0,0,0,0,0,0,0,0
광주전남지부,2017,성인교육,37,378,인원,0,0,0,0,0,0,0,0,0,0,0,0,0
광주전남지부,2017,성인교육,37,379,개소,0,0,0,0,0,0,0,0,0,0,0,0,0
광주전남지부,2017,성인교육,37,379,회차,0,0,0,0,0,0,0,0,0,0,0,0,0
광주전남지부,2017,성인교육,37,379,인원,0,0,0,0,0,0,0,0,0,0,0,0,0
광주전남지부,2017,성인교육,38,381,개소,0,0,0,0,0,0,0,0,0,0,0,0,0
광주전남지부,2017,성인교육,38,381,회차,0,0,0,0,0,0,0,0,0,0,0,0,0
광주전남지부,2017,성인교육,38,381,인원,0,0,0,0,0,0,0,0,0,0,0,0,0
광주전남지부,2017,성인교육,38,382,개소,0,0,0,0,0,0,0,0,0,0,0,0,0
광주전남지부,2017,성인교육,38,382,회차,0,0,0,0,0,0,0,0,0,0,0,0,0
광주전남지부,2017,성인교육,38,382,인원,0,0,0,0,0,0,0,0,0,0,0,0,0
광주전남지부,2017,성인교육,38,386,개소,0,0,0,0,0,0,0,0,0,0,0,0,0
광주전남지부,2017,성인교육,38,386,회차,0,0,0,0,0,0,0,0,0,0,0,0,0
광주전남지부,2017,성인교육,38,386,인원,0,0,0,0,0,0,0,0,0,0,0,0,0
광주전남지부,2017,성인교육,38,388,개소,0,0,0,0,0,0,0,0,0,0,0,0,0
광주전남지부,2017,성인교육,38,388,회차,0,0,0,0,0,0,0,0,0,0,0,0,0
광주전남지부,2017,성인교육,38,388,인원,0,0,0,0,0,0,0,0,0,0,0,0,0
광주전남지부,2017,성인교육,39,392,개소,0,0,0,0,0,0,0,0,0,0,0,0,0
광주전남지부,2017,성인교육,39,392,회차,0,0,0,0,0,0,0,0,0,0,0,0,0
광주전남지부,2017,성인교육,39,392,인원,0,0,0,0,0,0,0,0,0,0,0,0,0
광주전남지부,2017,성인교육,39,393,개소,0,0,0,0,0,0,0,0,0,0,0,0,0
광주전남지부,2017,성인교육,39,393,회차,0,0,0,0,0,0,0,0,0,0,0,0,0
광주전남지부,2017,성인교육,39,393,인원,0,0,0,0,0,0,0,0,0,0,0,0,0
광주전남지부,2017,성인교육,39,396,개소,0,0,0,0,0,0,0,0,0,0,0,0,0
광주전남지부,2017,성인교육,39,396,회차,0,0,0,0,0,0,0,0,0,0,0,0,0
광주전남지부,2017,성인교육,39,396,인원,0,0,0,0,0,0,0,0,0,0,0,0,0
광주전남지부,2017,성인교육,39,398,개소,0,0,0,0,0,0,0,0,0,0,0,0,0
광주전남지부,2017,성인교육,39,398,회차,0,0,0,0,0,0,0,0,0,0,0,0,0
광주전남지부,2017,성인교육,39,398,인원,0,0,0,0,0,0,0,0,0,0,0,0,0
광주전남지부,2017,고령자교육,41,411,개소,0,0,0,0,0,0,0,0,0,0,0,0,0
광주전남지부,2017,고령자교육,41,411,회차,0,0,0,0,0,0,0,0,0,0,0,0,0
광주전남지부,2017,고령자교육,41,411,인원,0,0,0,0,0,0,0,0,0,0,0,0,0
광주전남지부,2017,고령자교육,41,412,개소,0,0,0,0,0,0,0,0,0,0,0,0,0
광주전남지부,2017,고령자교육,41,412,회차,0,0,0,0,0,0,0,0,0,0,0,0,0
광주전남지부,2017,고령자교육,41,412,인원,0,0,0,0,0,0,0,0,0,0,0,0,0
광주전남지부,2017,고령자교육,41,413,개소,0,0,0,0,0,0,0,0,0,0,0,0,0
광주전남지부,2017,고령자교육,41,413,회차,0,0,0,0,0,0,0,0,0,0,0,0,0
광주전남지부,2017,고령자교육,41,413,인원,0,0,0,0,0,0,0,0,0,0,0,0,0
광주전남지부,2017,고령자교육,41,417,개소,0,0,0,0,0,0,0,0,0,0,0,0,0
광주전남지부,2017,고령자교육,41,417,회차,0,0,0,0,0,0,0,0,0,0,0,0,0
광주전남지부,2017,고령자교육,41,417,인원,0,0,0,0,0,0,0,0,0,0,0,0,0
광주전남지부,2017,고령자교육,42,422,개소,0,0,0,0,0,0,0,0,0,0,0,0,0
광주전남지부,2017,고령자교육,42,422,회차,0,0,0,0,0,0,0,0,0,0,0,0,0
광주전남지부,2017,고령자교육,42,422,인원,0,0,0,0,0,0,0,0,0,0,0,0,0
광주전남지부,2017,고령자교육,42,423,개소,0,0,0,0,0,0,0,0,0,0,0,0,0
광주전남지부,2017,고령자교육,42,423,회차,0,0,0,0,0,0,0,0,0,0,0,0,0
광주전남지부,2017,고령자교육,42,423,인원,0,0,0,0,0,0,0,0,0,0,0,0,0
광주전남지부,2017,고령자교육,42,426,개소,0,0,0,0,0,0,0,0,0,0,0,0,0
광주전남지부,2017,고령자교육,42,426,회차,0,0,0,0,0,0,0,0,0,0,0,0,0
광주전남지부,2017,고령자교육,42,426,인원,0,0,0,0,0,0,0,0,0,0,0,0,0
광주전남지부,2017,교사교육,51,511,개소,0,0,0,0,0,0,0,0,0,0,0,0,0
광주전남지부,2017,교사교육,51,511,회차,0,0,0,0,0,0,0,0,0,0,0,0,0
광주전남지부,2017,교사교육,51,511,인원,0,0,0,0,0,0,0,0,0,0,0,0,0
광주전남지부,2017,교사교육,51,512,개소,0,0,0,0,0,0,0,0,0,0,0,0,0
광주전남지부,2017,교사교육,51,512,회차,0,0,0,0,0,0,0,0,0,0,0,0,0
광주전남지부,2017,교사교육,51,512,인원,0,0,0,0,0,0,0,0,0,0,0,0,0
광주전남지부,2017,교사교육,51,516,개소,0,0,0,0,0,0,0,0,0,0,0,0,0
광주전남지부,2017,교사교육,51,516,회차,0,0,0,0,0,0,0,0,0,0,0,0,0
광주전남지부,2017,교사교육,51,516,인원,0,0,0,0,0,0,0,0,0,0,0,0,0
광주전남지부,2017,교사교육,52,521,개소,0,0,0,0,0,0,0,0,0,0,0,0,0
광주전남지부,2017,교사교육,52,521,회차,0,0,0,0,0,0,0,0,0,0,0,0,0
광주전남지부,2017,교사교육,52,521,인원,0,0,0,0,0,0,0,0,0,0,0,0,0
광주전남지부,2017,교사교육,52,522,개소,0,0,0,0,0,0,0,0,0,0,0,0,0
광주전남지부,2017,교사교육,52,522,회차,0,0,0,0,0,0,0,0,0,0,0,0,0
광주전남지부,2017,교사교육,52,522,인원,0,0,0,0,0,0,0,0,0,0,0,0,0
광주전남지부,2017,교사교육,52,526,개소,0,0,0,0,0,0,0,0,0,0,0,0,0
광주전남지부,2017,교사교육,52,526,회차,0,0,0,0,0,0,0,0,0,0,0,0,0
광주전남지부,2017,교사교육,52,526,인원,0,0,0,0,0,0,0,0,0,0,0,0,0
광주전남지부,2017,교사교육,53,531,개소,0,0,0,0,0,0,0,0,0,0,0,0,0
광주전남지부,2017,교사교육,53,531,회차,0,0,0,0,0,0,0,0,0,0,0,0,0
광주전남지부,2017,교사교육,53,531,인원,0,0,0,0,0,0,0,0,0,0,0,0,0
광주전남지부,2017,교사교육,53,532,개소,0,0,0,0,0,0,0,0,0,0,0,0,0
광주전남지부,2017,교사교육,53,532,회차,0,0,0,0,0,0,0,0,0,0,0,0,0
광주전남지부,2017,교사교육,53,532,인원,0,0,0,0,0,0,0,0,0,0,0,0,0
광주전남지부,2017,교사교육,53,536,개소,0,0,0,0,0,0,0,0,0,0,0,0,0
광주전남지부,2017,교사교육,53,536,회차,0,0,0,0,0,0,0,0,0,0,0,0,0
광주전남지부,2017,교사교육,53,536,인원,0,0,0,0,0,0,0,0,0,0,0,0,0
광주전남지부,2017,교사교육,54,541,개소,0,0,0,0,0,0,0,0,0,0,0,0,0
광주전남지부,2017,교사교육,54,541,회차,0,0,0,0,0,0,0,0,0,0,0,0,0
광주전남지부,2017,교사교육,54,541,인원,0,0,0,0,0,0,0,0,0,0,0,0,0
광주전남지부,2017,교사교육,54,542,개소,0,0,0,0,0,0,0,0,0,0,0,0,0
광주전남지부,2017,교사교육,54,542,회차,0,0,0,0,0,0,0,0,0,0,0,0,0
광주전남지부,2017,교사교육,54,542,인원,0,0,0,0,0,0,0,0,0,0,0,0,0
광주전남지부,2017,교사교육,54,543,개소,0,0,0,0,0,0,0,0,0,0,0,0,0
광주전남지부,2017,교사교육,54,543,회차,0,0,0,0,0,0,0,0,0,0,0,0,0
광주전남지부,2017,교사교육,54,543,인원,0,0,0,0,0,0,0,0,0,0,0,0,0
광주전남지부,2017,교사교육,54,546,개소,0,0,0,0,0,0,0,0,0,0,0,0,0
광주전남지부,2017,교사교육,54,546,회차,0,0,0,0,0,0,0,0,0,0,0,0,0
광주전남지부,2017,교사교육,54,546,인원,0,0,0,0,0,0,0,0,0,0,0,0,0
광주전남지부,2018,어린이교육,11,111,인원,7321,7321,7321,7321,7321,7321,7321,7321,7321,7321,7321,7323,87854
광주전남지부,2018,어린이교육,11,111,개소,0,0,0,0,0,0,0,0,0,0,0,0,0
광주전남지부,2018,어린이교육,11,111,회차,0,0,0,0,0,0,0,0,0,0,0,0,0
광주전남지부,2018,어린이교육,11,112,개소,0,0,0,0,0,0,0,0,0,0,0,0,0
광주전남지부,2018,어린이교육,11,112,회차,0,0,0,0,0,0,0,0,0,0,0,0,0
광주전남지부,2018,어린이교육,11,112,인원,0,0,0,0,0,0,0,0,0,0,0,0,0
광주전남지부,2018,어린이교육,11,113,개소,0,0,0,0,0,0,0,0,0,0,0,0,0
광주전남지부,2018,어린이교육,11,113,회차,0,0,0,0,0,0,0,0,0,0,0,0,0
광주전남지부,2018,어린이교육,11,113,인원,0,0,0,0,0,0,0,0,0,0,0,0,0
광주전남지부,2018,어린이교육,11,114,개소,0,0,0,0,0,0,0,0,0,0,0,0,0
광주전남지부,2018,어린이교육,11,114,회차,0,0,0,0,0,0,0,0,0,0,0,0,0
광주전남지부,2018,어린이교육,11,114,인원,0,0,0,0,0,0,0,0,0,0,0,0,0
광주전남지부,2018,어린이교육,12,121,인원,5055,5055,5055,5055,5055,5055,5055,5055,5055,5055,5055,5056,60661
광주전남지부,2018,어린이교육,12,121,개소,0,0,0,0,0,0,0,0,0,0,0,0,0
광주전남지부,2018,어린이교육,12,121,회차,0,0,0,0,0,0,0,0,0,0,0,0,0
광주전남지부,2018,어린이교육,12,122,인원,2091,2091,2091,2091,2091,2091,2091,2091,2091,2091,2091,2100,25101
광주전남지부,2018,어린이교육,12,122,개소,0,0,0,0,0,0,0,0,0,0,0,0,0
광주전남지부,2018,어린이교육,12,122,회차,0,0,0,0,0,0,0,0,0,0,0,0,0
광주전남지부,2018,어린이교육,12,124,인원,174,174,174,174,174,174,174,174,174,174,174,178,2092
광주전남지부,2018,어린이교육,12,124,개소,0,0,0,0,0,0,0,0,0,0,0,0,0
광주전남지부,2018,어린이교육,12,124,회차,0,0,0,0,0,0,0,0,0,0,0,0,0
광주전남지부,2018,어린이교육,12,127,인원,348,348,348,348,348,348,348,348,348,348,348,356,4184
광주전남지부,2018,어린이교육,12,127,개소,0,0,0,0,0,0,0,0,0,0,0,0,0
광주전남지부,2018,어린이교육,12,127,회차,0,0,0,0,0,0,0,0,0,0,0,0,0
광주전남지부,2018,어린이교육,13,131,인원,871,871,871,871,871,871,871,871,871,871,871,878,10459
광주전남지부,2018,어린이교육,13,131,개소,0,0,0,0,0,0,0,0,0,0,0,0,0
광주전남지부,2018,어린이교육,13,131,회차,0,0,0,0,0,0,0,0,0,0,0,0,0
광주전남지부,2018,어린이교육,13,132,인원,87,87,87,87,87,87,87,87,87,87,87,89,1046
광주전남지부,2018,어린이교육,13,132,개소,0,0,0,0,0,0,0,0,0,0,0,0,0
광주전남지부,2018,어린이교육,13,132,회차,0,0,0,0,0,0,0,0,0,0,0,0,0
광주전남지부,2018,어린이교육,13,134,개소,0,0,0,0,0,0,0,0,0,0,0,0,0
광주전남지부,2018,어린이교육,13,134,회차,0,0,0,0,0,0,0,0,0,0,0,0,0
광주전남지부,2018,어린이교육,13,134,인원,0,0,0,0,0,0,0,0,0,0,0,0,0
광주전남지부,2018,어린이교육,13,137,인원,87,87,87,87,87,87,87,87,87,87,87,89,1046
광주전남지부,2018,어린이교육,13,137,개소,0,0,0,0,0,0,0,0,0,0,0,0,0
광주전남지부,2018,어린이교육,13,137,회차,0,0,0,0,0,0,0,0,0,0,0,0,0
광주전남지부,2018,어린이교육,14,141,인원,1394,1394,1394,1394,1394,1394,1394,1394,1394,1394,1394,1400,16734
광주전남지부,2018,어린이교육,14,141,개소,0,0,0,0,0,0,0,0,0,0,0,0,0
광주전남지부,2018,어린이교육,14,141,회차,0,0,0,0,0,0,0,0,0,0,0,0,0
광주전남지부,2018,어린이교육,14,142,개소,0,0,0,0,0,0,0,0,0,0,0,0,0
광주전남지부,2018,어린이교육,14,142,회차,0,0,0,0,0,0,0,0,0,0,0,0,0
광주전남지부,2018,어린이교육,14,142,인원,0,0,0,0,0,0,0,0,0,0,0,0,0
광주전남지부,2018,어린이교육,14,144,개소,0,0,0,0,0,0,0,0,0,0,0,0,0
광주전남지부,2018,어린이교육,14,144,회차,0,0,0,0,0,0,0,0,0,0,0,0,0
광주전남지부,2018,어린이교육,14,144,인원,0,0,0,0,0,0,0,0,0,0,0,0,0
광주전남지부,2018,어린이교육,14,147,개소,0,0,0,0,0,0,0,0,0,0,0,0,0
광주전남지부,2018,어린이교육,14,147,회차,0,0,0,0,0,0,0,0,0,0,0,0,0
광주전남지부,2018,어린이교육,14,147,인원,0,0,0,0,0,0,0,0,0,0,0,0,0
광주전남지부,2018,청소년교육,21,211,인원,62,62,62,62,62,62,62,62,62,62,62,62,744
광주전남지부,2018,청소년교육,21,211,개소,0,0,0,0,0,0,0,0,0,0,0,0,0
광주전남지부,2018,청소년교육,21,211,회차,0,0,0,0,0,0,0,0,0,0,0,0,0
광주전남지부,2018,청소년교육,21,212,인원,8,8,8,8,8,8,8,8,8,8,8,11,99
광주전남지부,2018,청소년교육,21,212,개소,0,0,0,0,0,0,0,0,0,0,0,0,0
광주전남지부,2018,청소년교육,21,212,회차,0,0,0,0,0,0,0,0,0,0,0,0,0
광주전남지부,2018,청소년교육,21,214,인원,8,8,8,8,8,8,8,8,8,8,8,11,99
광주전남지부,2018,청소년교육,21,214,개소,0,0,0,0,0,0,0,0,0,0,0,0,0
광주전남지부,2018,청소년교육,21,214,회차,0,0,0,0,0,0,0,0,0,0,0,0,0
광주전남지부,2018,청소년교육,21,217,개소,0,0,0,0,0,0,0,0,0,0,0,0,0
광주전남지부,2018,청소년교육,21,217,인원,0,0,0,0,0,0,0,0,0,0,0,0,0
광주전남지부,2018,청소년교육,21,217,회차,0,0,0,0,0,0,0,0,0,0,0,0,0
광주전남지부,2018,청소년교육,21,218,인원,4,4,4,4,4,4,4,4,4,4,4,6,50
광주전남지부,2018,청소년교육,21,218,개소,0,0,0,0,0,0,0,0,0,0,0,0,0
광주전남지부,2018,청소년교육,21,218,회차,0,0,0,0,0,0,0,0,0,0,0,0,0
광주전남지부,2018,청소년교육,22,221,인원,186,186,186,186,186,186,186,186,186,186,186,186,2232
광주전남지부,2018,청소년교육,22,221,개소,0,0,0,0,0,0,0,0,0,0,0,0,0
광주전남지부,2018,청소년교육,22,221,회차,0,0,0,0,0,0,0,0,0,0,0,0,0
광주전남지부,2018,청소년교육,22,222,인원,33,33,33,33,33,33,33,33,33,33,33,34,397
광주전남지부,2018,청소년교육,22,222,개소,0,0,0,0,0,0,0,0,0,0,0,0,0
광주전남지부,2018,청소년교육,22,222,회차,0,0,0,0,0,0,0,0,0,0,0,0,0
광주전남지부,2018,청소년교육,22,223,개소,0,0,0,0,0,0,0,0,0,0,0,0,0
광주전남지부,2018,청소년교육,22,223,회차,0,0,0,0,0,0,0,0,0,0,0,0,0
광주전남지부,2018,청소년교육,22,223,인원,0,0,0,0,0,0,0,0,0,0,0,0,0
광주전남지부,2018,청소년교육,22,224,인원,8,8,8,8,8,8,8,8,8,9,9,9,99
광주전남지부,2018,청소년교육,22,224,개소,0,0,0,0,0,0,0,0,0,0,0,0,0
광주전남지부,2018,청소년교육,22,224,회차,0,0,0,0,0,0,0,0,0,0,0,0,0
광주전남지부,2018,청소년교육,22,226,인원,103,103,103,103,103,103,103,103,103,103,103,107,1240
광주전남지부,2018,청소년교육,22,226,개소,0,0,0,0,0,0,0,0,0,0,0,0,0
광주전남지부,2018,청소년교육,22,226,회차,0,0,0,0,0,0,0,0,0,0,0,0,0
광주전남지부,2018,청소년교육,22,227,개소,0,0,0,0,0,0,0,0,0,0,0,0,0
광주전남지부,2018,청소년교육,22,227,회차,0,0,0,0,0,0,0,0,0,0,0,0,0
광주전남지부,2018,청소년교육,22,227,인원,0,0,0,0,0,0,0,0,0,0,0,0,0
광주전남지부,2018,청소년교육,22,228,개소,0,0,0,0,0,0,0,0,0,0,0,0,0
광주전남지부,2018,청소년교육,22,228,회차,0,0,0,0,0,0,0,0,0,0,0,0,0
광주전남지부,2018,청소년교육,22,228,인원,0,0,0,0,0,0,0,0,0,0,0,0,0
광주전남지부,2018,성인교육,31,312,인원,16,16,16,16,16,16,16,16,16,16,16,27,203
광주전남지부,2018,성인교육,31,312,개소,0,0,0,0,0,0,0,0,0,0,0,0,0
광주전남지부,2018,성인교육,31,312,회차,0,0,0,0,0,0,0,0,0,0,0,0,0
광주전남지부,2018,성인교육,31,313,개소,0,0,0,0,0,0,0,0,0,0,0,0,0
광주전남지부,2018,성인교육,31,313,회차,0,0,0,0,0,0,0,0,0,0,0,0,0
광주전남지부,2018,성인교육,31,313,인원,0,0,0,0,0,0,0,0,0,0,0,0,0
광주전남지부,2018,성인교육,31,314,개소,0,0,0,0,0,0,0,0,0,0,0,0,0
광주전남지부,2018,성인교육,31,314,회차,0,0,0,0,0,0,0,0,0,0,0,0,0
광주전남지부,2018,성인교육,31,314,인원,0,0,0,0,0,0,0,0,0,0,0,0,0
광주전남지부,2018,성인교육,31,316,인원,338,338,338,338,338,338,338,338,338,338,338,341,4059
광주전남지부,2018,성인교육,31,316,개소,0,0,0,0,0,0,0,0,0,0,0,0,0
광주전남지부,2018,성인교육,31,316,회차,0,0,0,0,0,0,0,0,0,0,0,0,0
광주전남지부,2018,성인교육,31,317,개소,0,0,0,0,0,0,0,0,0,0,0,0,0
광주전남지부,2018,성인교육,31,317,회차,0,0,0,0,0,0,0,0,0,0,0,0,0
광주전남지부,2018,성인교육,31,317,인원,0,0,0,0,0,0,0,0,0,0,0,0,0
광주전남지부,2018,성인교육,31,318,개소,0,0,0,0,0,0,0,0,0,0,0,0,0
광주전남지부,2018,성인교육,31,318,회차,0,0,0,0,0,0,0,0,0,0,0,0,0
광주전남지부,2018,성인교육,31,318,인원,0,0,0,0,0,0,0,0,0,0,0,0,0
광주전남지부,2018,성인교육,31,319,개소,0,0,0,0,0,0,0,0,0,0,0,0,0
광주전남지부,2018,성인교육,31,319,회차,0,0,0,0,0,0,0,0,0,0,0,0,0
광주전남지부,2018,성인교육,31,319,인원,0,0,0,0,0,0,0,0,0,0,0,0,0
광주전남지부,2018,성인교육,32,322,개소,0,0,0,0,0,0,0,0,0,0,0,0,0
광주전남지부,2018,성인교육,32,322,회차,0,0,0,0,0,0,0,0,0,0,0,0,0
광주전남지부,2018,성인교육,32,322,인원,0,0,0,0,0,0,0,0,0,0,0,0,0
광주전남지부,2018,성인교육,32,323,개소,0,0,0,0,0,0,0,0,0,0,0,0,0
광주전남지부,2018,성인교육,32,323,회차,0,0,0,0,0,0,0,0,0,0,0,0,0
광주전남지부,2018,성인교육,32,323,인원,0,0,0,0,0,0,0,0,0,0,0,0,0
광주전남지부,2018,성인교육,32,326,인원,67,67,67,67,67,67,67,67,67,67,67,75,812
광주전남지부,2018,성인교육,32,326,개소,0,0,0,0,0,0,0,0,0,0,0,0,0
광주전남지부,2018,성인교육,32,326,회차,0,0,0,0,0,0,0,0,0,0,0,0,0
광주전남지부,2018,성인교육,32,328,개소,0,0,0,0,0,0,0,0,0,0,0,0,0
광주전남지부,2018,성인교육,32,328,회차,0,0,0,0,0,0,0,0,0,0,0,0,0
광주전남지부,2018,성인교육,32,328,인원,0,0,0,0,0,0,0,0,0,0,0,0,0
광주전남지부,2018,성인교육,32,329,개소,0,0,0,0,0,0,0,0,0,0,0,0,0
광주전남지부,2018,성인교육,32,329,회차,0,0,0,0,0,0,0,0,0,0,0,0,0
광주전남지부,2018,성인교육,32,329,인원,0,0,0,0,0,0,0,0,0,0,0,0,0
광주전남지부,2018,성인교육,33,332,개소,0,0,0,0,0,0,0,0,0,0,0,0,0
광주전남지부,2018,성인교육,33,332,회차,0,0,0,0,0,0,0,0,0,0,0,0,0
광주전남지부,2018,성인교육,33,332,인원,0,0,0,0,0,0,0,0,0,0,0,0,0
광주전남지부,2018,성인교육,33,333,개소,0,0,0,0,0,0,0,0,0,0,0,0,0
광주전남지부,2018,성인교육,33,333,회차,0,0,0,0,0,0,0,0,0,0,0,0,0
광주전남지부,2018,성인교육,33,333,인원,0,0,0,0,0,0,0,0,0,0,0,0,0
광주전남지부,2018,성인교육,33,336,인원,135,135,135,135,135,135,135,135,135,135,135,139,1624
광주전남지부,2018,성인교육,33,336,개소,0,0,0,0,0,0,0,0,0,0,0,0,0
광주전남지부,2018,성인교육,33,336,회차,0,0,0,0,0,0,0,0,0,0,0,0,0
광주전남지부,2018,성인교육,33,338,개소,0,0,0,0,0,0,0,0,0,0,0,0,0
광주전남지부,2018,성인교육,33,338,회차,0,0,0,0,0,0,0,0,0,0,0,0,0
광주전남지부,2018,성인교육,33,338,인원,0,0,0,0,0,0,0,0,0,0,0,0,0
광주전남지부,2018,성인교육,33,339,개소,0,0,0,0,0,0,0,0,0,0,0,0,0
광주전남지부,2018,성인교육,33,339,회차,0,0,0,0,0,0,0,0,0,0,0,0,0
광주전남지부,2018,성인교육,33,339,인원,0,0,0,0,0,0,0,0,0,0,0,0,0
광주전남지부,2018,성인교육,34,342,인원,16,16,16,16,16,16,16,16,16,16,16,27,203
광주전남지부,2018,성인교육,34,342,개소,0,0,0,0,0,0,0,0,0,0,0,0,0
광주전남지부,2018,성인교육,34,342,회차,0,0,0,0,0,0,0,0,0,0,0,0,0
광주전남지부,2018,성인교육,34,343,개소,0,0,0,0,0,0,0,0,0,0,0,0,0
광주전남지부,2018,성인교육,34,343,회차,0,0,0,0,0,0,0,0,0,0,0,0,0
광주전남지부,2018,성인교육,34,343,인원,0,0,0,0,0,0,0,0,0,0,0,0,0
광주전남지부,2018,성인교육,34,346,인원,947,947,947,947,947,947,947,947,947,947,947,948,11365
광주전남지부,2018,성인교육,34,346,개소,0,0,0,0,0,0,0,0,0,0,0,0,0
광주전남지부,2018,성인교육,34,346,회차,0,0,0,0,0,0,0,0,0,0,0,0,0
광주전남지부,2018,성인교육,34,348,개소,0,0,0,0,0,0,0,0,0,0,0,0,0
광주전남지부,2018,성인교육,34,348,회차,0,0,0,0,0,0,0,0,0,0,0,0,0
광주전남지부,2018,성인교육,34,348,인원,0,0,0,0,0,0,0,0,0,0,0,0,0
광주전남지부,2018,성인교육,34,349,개소,0,0,0,0,0,0,0,0,0,0,0,0,0
광주전남지부,2018,성인교육,34,349,회차,0,0,0,0,0,0,0,0,0,0,0,0,0
광주전남지부,2018,성인교육,34,349,인원,0,0,0,0,0,0,0,0,0,0,0,0,0
광주전남지부,2018,성인교육,35,352,개소,0,0,0,0,0,0,0,0,0,0,0,0,0
광주전남지부,2018,성인교육,35,352,회차,0,0,0,0,0,0,0,0,0,0,0,0,0
광주전남지부,2018,성인교육,35,352,인원,0,0,0,0,0,0,0,0,0,0,0,0,0
광주전남지부,2018,성인교육,35,353,개소,0,0,0,0,0,0,0,0,0,0,0,0,0
광주전남지부,2018,성인교육,35,353,회차,0,0,0,0,0,0,0,0,0,0,0,0,0
광주전남지부,2018,성인교육,35,353,인원,0,0,0,0,0,0,0,0,0,0,0,0,0
광주전남지부,2018,성인교육,35,356,인원,101,101,101,101,101,101,101,101,101,101,101,107,1218
광주전남지부,2018,성인교육,35,356,개소,0,0,0,0,0,0,0,0,0,0,0,0,0
광주전남지부,2018,성인교육,35,356,회차,0,0,0,0,0,0,0,0,0,0,0,0,0
광주전남지부,2018,성인교육,35,358,개소,0,0,0,0,0,0,0,0,0,0,0,0,0
광주전남지부,2018,성인교육,35,358,회차,0,0,0,0,0,0,0,0,0,0,0,0,0
광주전남지부,2018,성인교육,35,358,인원,0,0,0,0,0,0,0,0,0,0,0,0,0
광주전남지부,2018,성인교육,35,359,개소,0,0,0,0,0,0,0,0,0,0,0,0,0
광주전남지부,2018,성인교육,35,359,회차,0,0,0,0,0,0,0,0,0,0,0,0,0
광주전남지부,2018,성인교육,35,359,인원,0,0,0,0,0,0,0,0,0,0,0,0,0
광주전남지부,2018,성인교육,36,362,인원,16,16,16,16,16,16,16,16,16,16,16,27,203
광주전남지부,2018,성인교육,36,362,개소,0,0,0,0,0,0,0,0,0,0,0,0,0
광주전남지부,2018,성인교육,36,362,회차,0,0,0,0,0,0,0,0,0,0,0,0,0
광주전남지부,2018,성인교육,36,363,개소,0,0,0,0,0,0,0,0,0,0,0,0,0
광주전남지부,2018,성인교육,36,363,회차,0,0,0,0,0,0,0,0,0,0,0,0,0
광주전남지부,2018,성인교육,36,363,인원,0,0,0,0,0,0,0,0,0,0,0,0,0
광주전남지부,2018,성인교육,36,365,개소,0,0,0,0,0,0,0,0,0,0,0,0,0
광주전남지부,2018,성인교육,36,365,회차,0,0,0,0,0,0,0,0,0,0,0,0,0
광주전남지부,2018,성인교육,36,365,인원,0,0,0,0,0,0,0,0,0,0,0,0,0
광주전남지부,2018,성인교육,36,366,개소,0,0,0,0,0,0,0,0,0,0,0,0,0
광주전남지부,2018,성인교육,36,366,회차,0,0,0,0,0,0,0,0,0,0,0,0,0
광주전남지부,2018,성인교육,36,366,인원,710,710,710,710,710,710,710,710,710,710,710,714,8524
광주전남지부,2018,성인교육,36,368,개소,0,0,0,0,0,0,0,0,0,0,0,0,0
광주전남지부,2018,성인교육,36,368,회차,0,0,0,0,0,0,0,0,0,0,0,0,0
광주전남지부,2018,성인교육,36,368,인원,0,0,0,0,0,0,0,0,0,0,0,0,0
광주전남지부,2018,성인교육,36,369,개소,0,0,0,0,0,0,0,0,0,0,0,0,0
광주전남지부,2018,성인교육,36,369,회차,0,0,0,0,0,0,0,0,0,0,0,0,0
광주전남지부,2018,성인교육,36,369,인원,0,0,0,0,0,0,0,0,0,0,0,0,0
광주전남지부,2018,성인교육,37,372,개소,0,0,0,0,0,0,0,0,0,0,0,0,0
광주전남지부,2018,성인교육,37,372,회차,0,0,0,0,0,0,0,0,0,0,0,0,0
광주전남지부,2018,성인교육,37,372,인원,0,0,0,0,0,0,0,0,0,0,0,0,0
광주전남지부,2018,성인교육,37,373,개소,0,0,0,0,0,0,0,0,0,0,0,0,0
광주전남지부,2018,성인교육,37,373,회차,0,0,0,0,0,0,0,0,0,0,0,0,0
광주전남지부,2018,성인교육,37,373,인원,0,0,0,0,0,0,0,0,0,0,0,0,0
광주전남지부,2018,성인교육,37,376,개소,0,0,0,0,0,0,0,0,0,0,0,0,0
광주전남지부,2018,성인교육,37,376,회차,0,0,0,0,0,0,0,0,0,0,0,0,0
광주전남지부,2018,성인교육,37,376,인원,947,947,947,947,947,947,947,947,947,947,947,948,11365
광주전남지부,2018,성인교육,37,378,개소,0,0,0,0,0,0,0,0,0,0,0,0,0
광주전남지부,2018,성인교육,37,378,회차,0,0,0,0,0,0,0,0,0,0,0,0,0
광주전남지부,2018,성인교육,37,378,인원,0,0,0,0,0,0,0,0,0,0,0,0,0
광주전남지부,2018,성인교육,37,379,개소,0,0,0,0,0,0,0,0,0,0,0,0,0
광주전남지부,2018,성인교육,37,379,회차,0,0,0,0,0,0,0,0,0,0,0,0,0
광주전남지부,2018,성인교육,37,379,인원,0,0,0,0,0,0,0,0,0,0,0,0,0
광주전남지부,2018,성인교육,38,381,개소,0,0,0,0,0,0,0,0,0,0,0,0,0
광주전남지부,2018,성인교육,38,381,회차,0,0,0,0,0,0,0,0,0,0,0,0,0
광주전남지부,2018,성인교육,38,381,인원,16,16,16,16,16,16,16,16,16,16,16,27,203
광주전남지부,2018,성인교육,38,382,개소,0,0,0,0,0,0,0,0,0,0,0,0,0
광주전남지부,2018,성인교육,38,382,회차,0,0,0,0,0,0,0,0,0,0,0,0,0
광주전남지부,2018,성인교육,38,382,인원,0,0,0,0,0,0,0,0,0,0,0,0,0
광주전남지부,2018,성인교육,38,386,개소,0,0,0,0,0,0,0,0,0,0,0,0,0
광주전남지부,2018,성인교육,38,386,회차,0,0,0,0,0,0,0,0,0,0,0,0,0
광주전남지부,2018,성인교육,38,386,인원,0,0,0,0,0,0,0,0,0,0,0,0,0
광주전남지부,2018,성인교육,38,388,개소,0,0,0,0,0,0,0,0,0,0,0,0,0
광주전남지부,2018,성인교육,38,388,회차,0,0,0,0,0,0,0,0,0,0,0,0,0
광주전남지부,2018,성인교육,38,388,인원,0,0,0,0,0,0,0,0,0,0,0,0,0
광주전남지부,2018,성인교육,39,392,개소,0,0,0,0,0,0,0,0,0,0,0,0,0
광주전남지부,2018,성인교육,39,392,회차,0,0,0,0,0,0,0,0,0,0,0,0,0
광주전남지부,2018,성인교육,39,392,인원,0,0,0,0,0,0,0,0,0,0,0,0,0
광주전남지부,2018,성인교육,39,393,개소,0,0,0,0,0,0,0,0,0,0,0,0,0
광주전남지부,2018,성인교육,39,393,회차,0,0,0,0,0,0,0,0,0,0,0,0,0
광주전남지부,2018,성인교육,39,393,인원,0,0,0,0,0,0,0,0,0,0,0,0,0
광주전남지부,2018,성인교육,39,396,개소,0,0,0,0,0,0,0,0,0,0,0,0,0
광주전남지부,2018,성인교육,39,396,회차,0,0,0,0,0,0,0,0,0,0,0,0,0
광주전남지부,2018,성인교육,39,396,인원,67,67,67,67,67,67,67,67,67,67,67,75,812
광주전남지부,2018,성인교육,39,398,개소,0,0,0,0,0,0,0,0,0,0,0,0,0
광주전남지부,2018,성인교육,39,398,회차,0,0,0,0,0,0,0,0,0,0,0,0,0
광주전남지부,2018,성인교육,39,398,인원,0,0,0,0,0,0,0,0,0,0,0,0,0
광주전남지부,2018,고령자교육,41,411,개소,0,0,0,0,0,0,0,0,0,0,0,0,0
광주전남지부,2018,고령자교육,41,411,회차,0,0,0,0,0,0,0,0,0,0,0,0,0
광주전남지부,2018,고령자교육,41,411,인원,1301,1301,1301,1301,1301,1301,1301,1301,1301,1301,1301,1305,15616
광주전남지부,2018,고령자교육,41,412,개소,0,0,0,0,0,0,0,0,0,0,0,0,0
광주전남지부,2018,고령자교육,41,412,회차,0,0,0,0,0,0,0,0,0,0,0,0,0
광주전남지부,2018,고령자교육,41,412,인원,13,13,14,14,14,14,14,14,14,14,14,14,166
광주전남지부,2018,고령자교육,41,413,개소,0,0,0,0,0,0,0,0,0,0,0,0,0
광주전남지부,2018,고령자교육,41,413,회차,0,0,0,0,0,0,0,0,0,0,0,0,0
광주전남지부,2018,고령자교육,41,413,인원,0,0,0,0,0,0,0,0,0,0,0,0,0
광주전남지부,2018,고령자교육,41,417,개소,0,0,0,0,0,0,0,0,0,0,0,0,0
광주전남지부,2018,고령자교육,41,417,회차,0,0,0,0,0,0,0,0,0,0,0,0,0
광주전남지부,2018,고령자교육,41,417,인원,13,13,14,14,14,14,14,14,14,14,14,14,166
광주전남지부,2018,고령자교육,42,422,개소,0,0,0,0,0,0,0,0,0,0,0,0,0
광주전남지부,2018,고령자교육,42,422,회차,0,0,0,0,0,0,0,0,0,0,0,0,0
광주전남지부,2018,고령자교육,42,422,인원,0,0,0,0,0,0,0,0,0,0,0,0,0
광주전남지부,2018,고령자교육,42,423,개소,0,0,0,0,0,0,0,0,0,0,0,0,0
광주전남지부,2018,고령자교육,42,423,회차,0,0,0,0,0,0,0,0,0,0,0,0,0
광주전남지부,2018,고령자교육,42,423,인원,0,0,0,0,0,0,0,0,0,0,0,0,0
광주전남지부,2018,고령자교육,42,426,개소,0,0,0,0,0,0,0,0,0,0,0,0,0
광주전남지부,2018,고령자교육,42,426,회차,0,0,0,0,0,0,0,0,0,0,0,0,0
광주전남지부,2018,고령자교육,42,426,인원,50,50,50,50,50,50,50,50,50,50,50,54,604
광주전남지부,2018,교사교육,51,511,개소,0,0,0,0,0,0,0,0,0,0,0,0,0
광주전남지부,2018,교사교육,51,511,회차,0,0,0,0,0,0,0,0,0,0,0,0,0
광주전남지부,2018,교사교육,51,511,인원,0,0,0,0,0,0,0,0,0,0,0,0,0
광주전남지부,2018,교사교육,51,512,개소,0,0,0,0,0,0,0,0,0,0,0,0,0
광주전남지부,2018,교사교육,51,512,회차,0,0,0,0,0,0,0,0,0,0,0,0,0
광주전남지부,2018,교사교육,51,512,인원,0,0,0,0,0,0,0,0,0,0,0,0,0
광주전남지부,2018,교사교육,51,516,개소,0,0,0,0,0,0,0,0,0,0,0,0,0
광주전남지부,2018,교사교육,51,516,회차,0,0,0,0,0,0,0,0,0,0,0,0,0
광주전남지부,2018,교사교육,51,516,인원,0,0,0,0,0,0,0,0,0,0,0,0,0
광주전남지부,2018,교사교육,52,521,개소,0,0,0,0,0,0,0,0,0,0,0,0,0
광주전남지부,2018,교사교육,52,521,회차,0,0,0,0,0,0,0,0,0,0,0,0,0
광주전남지부,2018,교사교육,52,521,인원,0,0,0,0,0,0,0,0,0,0,0,0,0
광주전남지부,2018,교사교육,52,522,개소,0,0,0,0,0,0,0,0,0,0,0,0,0
광주전남지부,2018,교사교육,52,522,회차,0,0,0,0,0,0,0,0,0,0,0,0,0
광주전남지부,2018,교사교육,52,522,인원,0,0,0,0,0,0,0,0,0,0,0,0,0
광주전남지부,2018,교사교육,52,526,개소,0,0,0,0,0,0,0,0,0,0,0,0,0
광주전남지부,2018,교사교육,52,526,회차,0,0,0,0,0,0,0,0,0,0,0,0,0
광주전남지부,2018,교사교육,52,526,인원,34,34,34,34,34,34,34,34,34,34,34,43,417
광주전남지부,2018,교사교육,53,531,개소,0,0,0,0,0,0,0,0,0,0,0,0,0
광주전남지부,2018,교사교육,53,531,회차,0,0,0,0,0,0,0,0,0,0,0,0,0
광주전남지부,2018,교사교육,53,531,인원,0,0,0,0,0,0,0,0,0,0,0,0,0
광주전남지부,2018,교사교육,53,532,개소,0,0,0,0,0,0,0,0,0,0,0,0,0
광주전남지부,2018,교사교육,53,532,회차,0,0,0,0,0,0,0,0,0,0,0,0,0
광주전남지부,2018,교사교육,53,532,인원,0,0,0,0,0,0,0,0,0,0,0,0,0
광주전남지부,2018,교사교육,53,536,개소,0,0,0,0,0,0,0,0,0,0,0,0,0
광주전남지부,2018,교사교육,53,536,회차,0,0,0,0,0,0,0,0,0,0,0,0,0
광주전남지부,2018,교사교육,53,536,인원,17,17,17,17,17,17,17,17,17,17,17,21,208
광주전남지부,2018,교사교육,54,541,개소,0,0,0,0,0,0,0,0,0,0,0,0,0
광주전남지부,2018,교사교육,54,541,회차,0,0,0,0,0,0,0,0,0,0,0,0,0
광주전남지부,2018,교사교육,54,541,인원,0,0,0,0,0,0,0,0,0,0,0,0,0
광주전남지부,2018,교사교육,54,542,개소,0,0,0,0,0,0,0,0,0,0,0,0,0
광주전남지부,2018,교사교육,54,542,회차,0,0,0,0,0,0,0,0,0,0,0,0,0
광주전남지부,2018,교사교육,54,542,인원,0,0,0,0,0,0,0,0,0,0,0,0,0
광주전남지부,2018,교사교육,54,543,개소,0,0,0,0,0,0,0,0,0,0,0,0,0
광주전남지부,2018,교사교육,54,543,회차,0,0,0,0,0,0,0,0,0,0,0,0,0
광주전남지부,2018,교사교육,54,543,인원,0,0,0,0,0,0,0,0,0,0,0,0,0
광주전남지부,2018,교사교육,54,546,개소,0,0,0,0,0,0,0,0,0,0,0,0,0
광주전남지부,2018,교사교육,54,546,회차,0,0,0,0,0,0,0,0,0,0,0,0,0
광주전남지부,2018,교사교육,54,546,인원,17,17,17,17,17,17,17,17,17,17,17,21,208
광주전남지부,2019,어린이교육,11,111,회차,0,0,0,0,0,0,0,0,0,0,0,0,0
광주전남지부,2019,어린이교육,11,111,인원,0,0,0,0,0,0,0,0,0,0,0,0,0
광주전남지부,2019,어린이교육,11,111,개소,0,0,0,0,0,0,0,0,0,0,0,0,0
광주전남지부,2019,어린이교육,11,112,개소,0,0,0,0,0,0,0,0,0,0,0,0,0
광주전남지부,2019,어린이교육,11,112,회차,0,0,0,0,0,0,0,0,0,0,0,0,0
광주전남지부,2019,어린이교육,11,112,인원,0,0,0,0,0,0,0,0,0,0,0,0,0
광주전남지부,2019,어린이교육,11,113,개소,0,0,0,0,0,0,0,0,0,0,0,0,0
광주전남지부,2019,어린이교육,11,113,회차,0,0,0,0,0,0,0,0,0,0,0,0,0
광주전남지부,2019,어린이교육,11,113,인원,0,0,0,0,0,0,0,0,0,0,0,0,0
광주전남지부,2019,어린이교육,11,114,개소,0,0,0,0,0,0,0,0,0,0,0,0,0
광주전남지부,2019,어린이교육,11,114,회차,0,0,0,0,0,0,0,0,0,0,0,0,0
광주전남지부,2019,어린이교육,11,114,인원,0,0,0,0,0,0,0,0,0,0,0,0,0
광주전남지부,2019,어린이교육,12,121,개소,0,0,0,0,0,0,0,0,0,0,0,0,0
광주전남지부,2019,어린이교육,12,121,회차,0,0,0,0,0,0,0,0,0,0,0,0,0
광주전남지부,2019,어린이교육,12,121,인원,0,0,0,0,0,0,0,0,0,0,0,0,0
광주전남지부,2019,어린이교육,12,122,개소,0,0,0,0,0,0,0,0,0,0,0,0,0
광주전남지부,2019,어린이교육,12,122,회차,0,0,0,0,0,0,0,0,0,0,0,0,0
광주전남지부,2019,어린이교육,12,122,인원,0,0,0,0,0,0,0,0,0,0,0,0,0
광주전남지부,2019,어린이교육,12,124,개소,0,0,0,0,0,0,0,0,0,0,0,0,0
광주전남지부,2019,어린이교육,12,124,회차,0,0,0,0,0,0,0,0,0,0,0,0,0
광주전남지부,2019,어린이교육,12,124,인원,0,0,0,0,0,0,0,0,0,0,0,0,0
광주전남지부,2019,어린이교육,12,127,개소,0,0,0,0,0,0,0,0,0,0,0,0,0
광주전남지부,2019,어린이교육,12,127,회차,0,0,0,0,0,0,0,0,0,0,0,0,0
광주전남지부,2019,어린이교육,12,127,인원,0,0,0,0,0,0,0,0,0,0,0,0,0
광주전남지부,2019,어린이교육,13,131,개소,0,0,0,0,0,0,0,0,0,0,0,0,0
광주전남지부,2019,어린이교육,13,131,회차,0,0,0,0,0,0,0,0,0,0,0,0,0
광주전남지부,2019,어린이교육,13,131,인원,0,0,0,0,0,0,0,0,0,0,0,0,0
광주전남지부,2019,어린이교육,13,132,개소,0,0,0,0,0,0,0,0,0,0,0,0,0
광주전남지부,2019,어린이교육,13,132,회차,0,0,0,0,0,0,0,0,0,0,0,0,0
광주전남지부,2019,어린이교육,13,132,인원,0,0,0,0,0,0,0,0,0,0,0,0,0
광주전남지부,2019,어린이교육,13,134,개소,0,0,0,0,0,0,0,0,0,0,0,0,0
광주전남지부,2019,어린이교육,13,134,회차,0,0,0,0,0,0,0,0,0,0,0,0,0
광주전남지부,2019,어린이교육,13,134,인원,0,0,0,0,0,0,0,0,0,0,0,0,0
광주전남지부,2019,어린이교육,13,137,개소,0,0,0,0,0,0,0,0,0,0,0,0,0
광주전남지부,2019,어린이교육,13,137,회차,0,0,0,0,0,0,0,0,0,0,0,0,0
광주전남지부,2019,어린이교육,13,137,인원,0,0,0,0,0,0,0,0,0,0,0,0,0
광주전남지부,2019,어린이교육,14,141,개소,0,0,0,0,0,0,0,0,0,0,0,0,0
광주전남지부,2019,어린이교육,14,141,회차,0,0,0,0,0,0,0,0,0,0,0,0,0
광주전남지부,2019,어린이교육,14,141,인원,0,0,0,0,0,0,0,0,0,0,0,0,0
광주전남지부,2019,어린이교육,14,142,개소,0,0,0,0,0,0,0,0,0,0,0,0,0
광주전남지부,2019,어린이교육,14,142,회차,0,0,0,0,0,0,0,0,0,0,0,0,0
광주전남지부,2019,어린이교육,14,142,인원,0,0,0,0,0,0,0,0,0,0,0,0,0
광주전남지부,2019,어린이교육,14,144,개소,0,0,0,0,0,0,0,0,0,0,0,0,0
광주전남지부,2019,어린이교육,14,144,회차,0,0,0,0,0,0,0,0,0,0,0,0,0
광주전남지부,2019,어린이교육,14,144,인원,0,0,0,0,0,0,0,0,0,0,0,0,0
광주전남지부,2019,어린이교육,14,147,개소,0,0,0,0,0,0,0,0,0,0,0,0,0
광주전남지부,2019,어린이교육,14,147,회차,0,0,0,0,0,0,0,0,0,0,0,0,0
광주전남지부,2019,어린이교육,14,147,인원,0,0,0,0,0,0,0,0,0,0,0,0,0
광주전남지부,2019,청소년교육,21,211,개소,0,0,0,0,0,0,0,0,0,0,0,0,0
광주전남지부,2019,청소년교육,21,211,회차,0,0,0,0,0,0,0,0,0,0,0,0,0
광주전남지부,2019,청소년교육,21,211,인원,0,0,0,0,0,0,0,0,0,0,0,0,0
광주전남지부,2019,청소년교육,21,212,개소,0,0,0,0,0,0,0,0,0,0,0,0,0
광주전남지부,2019,청소년교육,21,212,회차,0,0,0,0,0,0,0,0,0,0,0,0,0
광주전남지부,2019,청소년교육,21,212,인원,0,0,0,0,0,0,0,0,0,0,0,0,0
광주전남지부,2019,청소년교육,21,214,개소,0,0,0,0,0,0,0,0,0,0,0,0,0
광주전남지부,2019,청소년교육,21,214,회차,0,0,0,0,0,0,0,0,0,0,0,0,0
광주전남지부,2019,청소년교육,21,214,인원,0,0,0,0,0,0,0,0,0,0,0,0,0
광주전남지부,2019,청소년교육,21,217,개소,0,0,0,0,0,0,0,0,0,0,0,0,0
광주전남지부,2019,청소년교육,21,217,회차,0,0,0,0,0,0,0,0,0,0,0,0,0
광주전남지부,2019,청소년교육,21,217,인원,0,0,0,0,0,0,0,0,0,0,0,0,0
광주전남지부,2019,청소년교육,21,218,개소,0,0,0,0,0,0,0,0,0,0,0,0,0
광주전남지부,2019,청소년교육,21,218,회차,0,0,0,0,0,0,0,0,0,0,0,0,0
광주전남지부,2019,청소년교육,21,218,인원,0,0,0,0,0,0,0,0,0,0,0,0,0
광주전남지부,2019,청소년교육,22,221,개소,0,0,0,0,0,0,0,0,0,0,0,0,0
광주전남지부,2019,청소년교육,22,221,회차,0,0,0,0,0,0,0,0,0,0,0,0,0
광주전남지부,2019,청소년교육,22,221,인원,0,0,0,0,0,0,0,0,0,0,0,0,0
광주전남지부,2019,청소년교육,22,222,개소,0,0,0,0,0,0,0,0,0,0,0,0,0
광주전남지부,2019,청소년교육,22,222,회차,0,0,0,0,0,0,0,0,0,0,0,0,0
광주전남지부,2019,청소년교육,22,222,인원,0,0,0,0,0,0,0,0,0,0,0,0,0
광주전남지부,2019,청소년교육,22,223,개소,0,0,0,0,0,0,0,0,0,0,0,0,0
광주전남지부,2019,청소년교육,22,223,회차,0,0,0,0,0,0,0,0,0,0,0,0,0
광주전남지부,2019,청소년교육,22,223,인원,0,0,0,0,0,0,0,0,0,0,0,0,0
광주전남지부,2019,청소년교육,22,224,개소,0,0,0,0,0,0,0,0,0,0,0,0,0
광주전남지부,2019,청소년교육,22,224,회차,0,0,0,0,0,0,0,0,0,0,0,0,0
광주전남지부,2019,청소년교육,22,224,인원,0,0,0,0,0,0,0,0,0,0,0,0,0
광주전남지부,2019,청소년교육,22,226,개소,0,0,0,0,0,0,0,0,0,0,0,0,0
광주전남지부,2019,청소년교육,22,226,회차,0,0,0,0,0,0,0,0,0,0,0,0,0
광주전남지부,2019,청소년교육,22,226,인원,0,0,0,0,0,0,0,0,0,0,0,0,0
광주전남지부,2019,청소년교육,22,227,개소,0,0,0,0,0,0,0,0,0,0,0,0,0
광주전남지부,2019,청소년교육,22,227,회차,0,0,0,0,0,0,0,0,0,0,0,0,0
광주전남지부,2019,청소년교육,22,227,인원,0,0,0,0,0,0,0,0,0,0,0,0,0
광주전남지부,2019,청소년교육,22,228,개소,0,0,0,0,0,0,0,0,0,0,0,0,0
광주전남지부,2019,청소년교육,22,228,회차,0,0,0,0,0,0,0,0,0,0,0,0,0
광주전남지부,2019,청소년교육,22,228,인원,0,0,0,0,0,0,0,0,0,0,0,0,0
광주전남지부,2019,성인교육,31,312,개소,0,0,0,0,0,0,0,0,0,0,0,0,0
광주전남지부,2019,성인교육,31,312,회차,0,0,0,0,0,0,0,0,0,0,0,0,0
광주전남지부,2019,성인교육,31,312,인원,0,0,0,0,0,0,0,0,0,0,0,0,0
광주전남지부,2019,성인교육,31,313,개소,0,0,0,0,0,0,0,0,0,0,0,0,0
광주전남지부,2019,성인교육,31,313,회차,0,0,0,0,0,0,0,0,0,0,0,0,0
광주전남지부,2019,성인교육,31,313,인원,0,0,0,0,0,0,0,0,0,0,0,0,0
광주전남지부,2019,성인교육,31,314,개소,0,0,0,0,0,0,0,0,0,0,0,0,0
광주전남지부,2019,성인교육,31,314,회차,0,0,0,0,0,0,0,0,0,0,0,0,0
광주전남지부,2019,성인교육,31,314,인원,0,0,0,0,0,0,0,0,0,0,0,0,0
광주전남지부,2019,성인교육,31,316,개소,0,0,0,0,0,0,0,0,0,0,0,0,0
광주전남지부,2019,성인교육,31,316,회차,0,0,0,0,0,0,0,0,0,0,0,0,0
광주전남지부,2019,성인교육,31,316,인원,0,0,0,0,0,0,0,0,0,0,0,0,0
광주전남지부,2019,성인교육,31,317,개소,0,0,0,0,0,0,0,0,0,0,0,0,0
광주전남지부,2019,성인교육,31,317,회차,0,0,0,0,0,0,0,0,0,0,0,0,0
광주전남지부,2019,성인교육,31,317,인원,0,0,0,0,0,0,0,0,0,0,0,0,0
광주전남지부,2019,성인교육,31,318,개소,0,0,0,0,0,0,0,0,0,0,0,0,0
광주전남지부,2019,성인교육,31,318,회차,0,0,0,0,0,0,0,0,0,0,0,0,0
광주전남지부,2019,성인교육,31,318,인원,0,0,0,0,0,0,0,0,0,0,0,0,0
광주전남지부,2019,성인교육,31,319,개소,0,0,0,0,0,0,0,0,0,0,0,0,0
광주전남지부,2019,성인교육,31,319,회차,0,0,0,0,0,0,0,0,0,0,0,0,0
광주전남지부,2019,성인교육,31,319,인원,0,0,0,0,0,0,0,0,0,0,0,0,0
광주전남지부,2019,성인교육,32,322,개소,0,0,0,0,0,0,0,0,0,0,0,0,0
광주전남지부,2019,성인교육,32,322,회차,0,0,0,0,0,0,0,0,0,0,0,0,0
광주전남지부,2019,성인교육,32,322,인원,0,0,0,0,0,0,0,0,0,0,0,0,0
광주전남지부,2019,성인교육,32,323,개소,0,0,0,0,0,0,0,0,0,0,0,0,0
광주전남지부,2019,성인교육,32,323,회차,0,0,0,0,0,0,0,0,0,0,0,0,0
광주전남지부,2019,성인교육,32,323,인원,0,0,0,0,0,0,0,0,0,0,0,0,0
광주전남지부,2019,성인교육,32,326,개소,0,0,0,0,0,0,0,0,0,0,0,0,0
광주전남지부,2019,성인교육,32,326,회차,0,0,0,0,0,0,0,0,0,0,0,0,0
광주전남지부,2019,성인교육,32,326,인원,0,0,0,0,0,0,0,0,0,0,0,0,0
광주전남지부,2019,성인교육,32,328,개소,0,0,0,0,0,0,0,0,0,0,0,0,0
광주전남지부,2019,성인교육,32,328,회차,0,0,0,0,0,0,0,0,0,0,0,0,0
광주전남지부,2019,성인교육,32,328,인원,0,0,0,0,0,0,0,0,0,0,0,0,0
광주전남지부,2019,성인교육,32,329,개소,0,0,0,0,0,0,0,0,0,0,0,0,0
광주전남지부,2019,성인교육,32,329,회차,0,0,0,0,0,0,0,0,0,0,0,0,0
광주전남지부,2019,성인교육,32,329,인원,0,0,0,0,0,0,0,0,0,0,0,0,0
광주전남지부,2019,성인교육,33,332,개소,0,0,0,0,0,0,0,0,0,0,0,0,0
광주전남지부,2019,성인교육,33,332,회차,0,0,0,0,0,0,0,0,0,0,0,0,0
광주전남지부,2019,성인교육,33,332,인원,0,0,0,0,0,0,0,0,0,0,0,0,0
광주전남지부,2019,성인교육,33,333,개소,0,0,0,0,0,0,0,0,0,0,0,0,0
광주전남지부,2019,성인교육,33,333,회차,0,0,0,0,0,0,0,0,0,0,0,0,0
광주전남지부,2019,성인교육,33,333,인원,0,0,0,0,0,0,0,0,0,0,0,0,0
광주전남지부,2019,성인교육,33,336,개소,0,0,0,0,0,0,0,0,0,0,0,0,0
광주전남지부,2019,성인교육,33,336,회차,0,0,0,0,0,0,0,0,0,0,0,0,0
광주전남지부,2019,성인교육,33,336,인원,0,0,0,0,0,0,0,0,0,0,0,0,0
광주전남지부,2019,성인교육,33,338,개소,0,0,0,0,0,0,0,0,0,0,0,0,0
광주전남지부,2019,성인교육,33,338,회차,0,0,0,0,0,0,0,0,0,0,0,0,0
광주전남지부,2019,성인교육,33,338,인원,0,0,0,0,0,0,0,0,0,0,0,0,0
광주전남지부,2019,성인교육,33,339,개소,0,0,0,0,0,0,0,0,0,0,0,0,0
광주전남지부,2019,성인교육,33,339,회차,0,0,0,0,0,0,0,0,0,0,0,0,0
광주전남지부,2019,성인교육,33,339,인원,0,0,0,0,0,0,0,0,0,0,0,0,0
광주전남지부,2019,성인교육,34,342,개소,0,0,0,0,0,0,0,0,0,0,0,0,0
광주전남지부,2019,성인교육,34,342,회차,0,0,0,0,0,0,0,0,0,0,0,0,0
광주전남지부,2019,성인교육,34,342,인원,0,0,0,0,0,0,0,0,0,0,0,0,0
광주전남지부,2019,성인교육,34,343,개소,0,0,0,0,0,0,0,0,0,0,0,0,0
광주전남지부,2019,성인교육,34,343,회차,0,0,0,0,0,0,0,0,0,0,0,0,0
광주전남지부,2019,성인교육,34,343,인원,0,0,0,0,0,0,0,0,0,0,0,0,0
광주전남지부,2019,성인교육,34,346,개소,0,0,0,0,0,0,0,0,0,0,0,0,0
광주전남지부,2019,성인교육,34,346,회차,0,0,0,0,0,0,0,0,0,0,0,0,0
광주전남지부,2019,성인교육,34,346,인원,0,0,0,0,0,0,0,0,0,0,0,0,0
광주전남지부,2019,성인교육,34,348,개소,0,0,0,0,0,0,0,0,0,0,0,0,0
광주전남지부,2019,성인교육,34,348,회차,0,0,0,0,0,0,0,0,0,0,0,0,0
광주전남지부,2019,성인교육,34,348,인원,0,0,0,0,0,0,0,0,0,0,0,0,0
광주전남지부,2019,성인교육,34,349,개소,0,0,0,0,0,0,0,0,0,0,0,0,0
광주전남지부,2019,성인교육,34,349,회차,0,0,0,0,0,0,0,0,0,0,0,0,0
광주전남지부,2019,성인교육,34,349,인원,0,0,0,0,0,0,0,0,0,0,0,0,0
광주전남지부,2019,성인교육,35,352,개소,0,0,0,0,0,0,0,0,0,0,0,0,0
광주전남지부,2019,성인교육,35,352,회차,0,0,0,0,0,0,0,0,0,0,0,0,0
광주전남지부,2019,성인교육,35,352,인원,0,0,0,0,0,0,0,0,0,0,0,0,0
광주전남지부,2019,성인교육,35,353,개소,0,0,0,0,0,0,0,0,0,0,0,0,0
광주전남지부,2019,성인교육,35,353,회차,0,0,0,0,0,0,0,0,0,0,0,0,0
광주전남지부,2019,성인교육,35,353,인원,0,0,0,0,0,0,0,0,0,0,0,0,0
광주전남지부,2019,성인교육,35,356,개소,0,0,0,0,0,0,0,0,0,0,0,0,0
광주전남지부,2019,성인교육,35,356,회차,0,0,0,0,0,0,0,0,0,0,0,0,0
광주전남지부,2019,성인교육,35,356,인원,0,0,0,0,0,0,0,0,0,0,0,0,0
광주전남지부,2019,성인교육,35,358,개소,0,0,0,0,0,0,0,0,0,0,0,0,0
광주전남지부,2019,성인교육,35,358,회차,0,0,0,0,0,0,0,0,0,0,0,0,0
광주전남지부,2019,성인교육,35,358,인원,0,0,0,0,0,0,0,0,0,0,0,0,0
광주전남지부,2019,성인교육,35,359,개소,0,0,0,0,0,0,0,0,0,0,0,0,0
광주전남지부,2019,성인교육,35,359,회차,0,0,0,0,0,0,0,0,0,0,0,0,0
광주전남지부,2019,성인교육,35,359,인원,0,0,0,0,0,0,0,0,0,0,0,0,0
광주전남지부,2019,성인교육,36,362,개소,0,0,0,0,0,0,0,0,0,0,0,0,0
광주전남지부,2019,성인교육,36,362,회차,0,0,0,0,0,0,0,0,0,0,0,0,0
광주전남지부,2019,성인교육,36,362,인원,0,0,0,0,0,0,0,0,0,0,0,0,0
광주전남지부,2019,성인교육,36,363,개소,0,0,0,0,0,0,0,0,0,0,0,0,0
광주전남지부,2019,성인교육,36,363,회차,0,0,0,0,0,0,0,0,0,0,0,0,0
광주전남지부,2019,성인교육,36,363,인원,0,0,0,0,0,0,0,0,0,0,0,0,0
광주전남지부,2019,성인교육,36,365,개소,0,0,0,0,0,0,0,0,0,0,0,0,0
광주전남지부,2019,성인교육,36,365,회차,0,0,0,0,0,0,0,0,0,0,0,0,0
광주전남지부,2019,성인교육,36,365,인원,0,0,0,0,0,0,0,0,0,0,0,0,0
광주전남지부,2019,성인교육,36,366,개소,0,0,0,0,0,0,0,0,0,0,0,0,0
광주전남지부,2019,성인교육,36,366,회차,0,0,0,0,0,0,0,0,0,0,0,0,0
광주전남지부,2019,성인교육,36,366,인원,0,0,0,0,0,0,0,0,0,0,0,0,0
광주전남지부,2019,성인교육,36,368,개소,0,0,0,0,0,0,0,0,0,0,0,0,0
광주전남지부,2019,성인교육,36,368,회차,0,0,0,0,0,0,0,0,0,0,0,0,0
광주전남지부,2019,성인교육,36,368,인원,0,0,0,0,0,0,0,0,0,0,0,0,0
광주전남지부,2019,성인교육,36,369,개소,0,0,0,0,0,0,0,0,0,0,0,0,0
광주전남지부,2019,성인교육,36,369,회차,0,0,0,0,0,0,0,0,0,0,0,0,0
광주전남지부,2019,성인교육,36,369,인원,0,0,0,0,0,0,0,0,0,0,0,0,0
광주전남지부,2019,성인교육,37,372,개소,0,0,0,0,0,0,0,0,0,0,0,0,0
광주전남지부,2019,성인교육,37,372,회차,0,0,0,0,0,0,0,0,0,0,0,0,0
광주전남지부,2019,성인교육,37,372,인원,0,0,0,0,0,0,0,0,0,0,0,0,0
광주전남지부,2019,성인교육,37,373,개소,0,0,0,0,0,0,0,0,0,0,0,0,0
광주전남지부,2019,성인교육,37,373,회차,0,0,0,0,0,0,0,0,0,0,0,0,0
광주전남지부,2019,성인교육,37,373,인원,0,0,0,0,0,0,0,0,0,0,0,0,0
광주전남지부,2019,성인교육,37,376,개소,0,0,0,0,0,0,0,0,0,0,0,0,0
광주전남지부,2019,성인교육,37,376,회차,0,0,0,0,0,0,0,0,0,0,0,0,0
광주전남지부,2019,성인교육,37,376,인원,0,0,0,0,0,0,0,0,0,0,0,0,0
광주전남지부,2019,성인교육,37,378,개소,0,0,0,0,0,0,0,0,0,0,0,0,0
광주전남지부,2019,성인교육,37,378,회차,0,0,0,0,0,0,0,0,0,0,0,0,0
광주전남지부,2019,성인교육,37,378,인원,0,0,0,0,0,0,0,0,0,0,0,0,0
광주전남지부,2019,성인교육,37,379,개소,0,0,0,0,0,0,0,0,0,0,0,0,0
광주전남지부,2019,성인교육,37,379,회차,0,0,0,0,0,0,0,0,0,0,0,0,0
광주전남지부,2019,성인교육,37,379,인원,0,0,0,0,0,0,0,0,0,0,0,0,0
광주전남지부,2019,성인교육,38,381,개소,0,0,0,0,0,0,0,0,0,0,0,0,0
광주전남지부,2019,성인교육,38,381,회차,0,0,0,0,0,0,0,0,0,0,0,0,0
광주전남지부,2019,성인교육,38,381,인원,0,0,0,0,0,0,0,0,0,0,0,0,0
광주전남지부,2019,성인교육,38,382,개소,0,0,0,0,0,0,0,0,0,0,0,0,0
광주전남지부,2019,성인교육,38,382,회차,0,0,0,0,0,0,0,0,0,0,0,0,0
광주전남지부,2019,성인교육,38,382,인원,0,0,0,0,0,0,0,0,0,0,0,0,0
광주전남지부,2019,성인교육,38,386,개소,0,0,0,0,0,0,0,0,0,0,0,0,0
광주전남지부,2019,성인교육,38,386,회차,0,0,0,0,0,0,0,0,0,0,0,0,0
광주전남지부,2019,성인교육,38,386,인원,0,0,0,0,0,0,0,0,0,0,0,0,0
광주전남지부,2019,성인교육,38,388,개소,0,0,0,0,0,0,0,0,0,0,0,0,0
광주전남지부,2019,성인교육,38,388,회차,0,0,0,0,0,0,0,0,0,0,0,0,0
광주전남지부,2019,성인교육,38,388,인원,0,0,0,0,0,0,0,0,0,0,0,0,0
광주전남지부,2019,성인교육,39,392,개소,0,0,0,0,0,0,0,0,0,0,0,0,0
광주전남지부,2019,성인교육,39,392,회차,0,0,0,0,0,0,0,0,0,0,0,0,0
광주전남지부,2019,성인교육,39,392,인원,0,0,0,0,0,0,0,0,0,0,0,0,0
광주전남지부,2019,성인교육,39,393,개소,0,0,0,0,0,0,0,0,0,0,0,0,0
광주전남지부,2019,성인교육,39,393,회차,0,0,0,0,0,0,0,0,0,0,0,0,0
광주전남지부,2019,성인교육,39,393,인원,0,0,0,0,0,0,0,0,0,0,0,0,0
광주전남지부,2019,성인교육,39,396,개소,0,0,0,0,0,0,0,0,0,0,0,0,0
광주전남지부,2019,성인교육,39,396,회차,0,0,0,0,0,0,0,0,0,0,0,0,0
광주전남지부,2019,성인교육,39,396,인원,0,0,0,0,0,0,0,0,0,0,0,0,0
광주전남지부,2019,성인교육,39,398,개소,0,0,0,0,0,0,0,0,0,0,0,0,0
광주전남지부,2019,성인교육,39,398,회차,0,0,0,0,0,0,0,0,0,0,0,0,0
광주전남지부,2019,성인교육,39,398,인원,0,0,0,0,0,0,0,0,0,0,0,0,0
광주전남지부,2019,고령자교육,41,411,개소,0,0,0,0,0,0,0,0,0,0,0,0,0
광주전남지부,2019,고령자교육,41,411,회차,0,0,0,0,0,0,0,0,0,0,0,0,0
광주전남지부,2019,고령자교육,41,411,인원,0,0,0,0,0,0,0,0,0,0,0,0,0
광주전남지부,2019,고령자교육,41,412,개소,0,0,0,0,0,0,0,0,0,0,0,0,0
광주전남지부,2019,고령자교육,41,412,회차,0,0,0,0,0,0,0,0,0,0,0,0,0
광주전남지부,2019,고령자교육,41,412,인원,0,0,0,0,0,0,0,0,0,0,0,0,0
광주전남지부,2019,고령자교육,41,413,개소,0,0,0,0,0,0,0,0,0,0,0,0,0
광주전남지부,2019,고령자교육,41,413,회차,0,0,0,0,0,0,0,0,0,0,0,0,0
광주전남지부,2019,고령자교육,41,413,인원,0,0,0,0,0,0,0,0,0,0,0,0,0
광주전남지부,2019,고령자교육,41,417,개소,0,0,0,0,0,0,0,0,0,0,0,0,0
광주전남지부,2019,고령자교육,41,417,회차,0,0,0,0,0,0,0,0,0,0,0,0,0
광주전남지부,2019,고령자교육,41,417,인원,0,0,0,0,0,0,0,0,0,0,0,0,0
광주전남지부,2019,고령자교육,42,422,개소,0,0,0,0,0,0,0,0,0,0,0,0,0
광주전남지부,2019,고령자교육,42,422,회차,0,0,0,0,0,0,0,0,0,0,0,0,0
광주전남지부,2019,고령자교육,42,422,인원,0,0,0,0,0,0,0,0,0,0,0,0,0
광주전남지부,2019,고령자교육,42,423,개소,0,0,0,0,0,0,0,0,0,0,0,0,0
광주전남지부,2019,고령자교육,42,423,회차,0,0,0,0,0,0,0,0,0,0,0,0,0
광주전남지부,2019,고령자교육,42,423,인원,0,0,0,0,0,0,0,0,0,0,0,0,0
광주전남지부,2019,고령자교육,42,426,개소,0,0,0,0,0,0,0,0,0,0,0,0,0
광주전남지부,2019,고령자교육,42,426,회차,0,0,0,0,0,0,0,0,0,0,0,0,0
광주전남지부,2019,고령자교육,42,426,인원,0,0,0,0,0,0,0,0,0,0,0,0,0
광주전남지부,2019,교사교육,51,511,개소,0,0,0,0,0,0,0,0,0,0,0,0,0
광주전남지부,2019,교사교육,51,511,회차,0,0,0,0,0,0,0,0,0,0,0,0,0
광주전남지부,2019,교사교육,51,511,인원,0,0,0,0,0,0,0,0,0,0,0,0,0
광주전남지부,2019,교사교육,51,512,개소,0,0,0,0,0,0,0,0,0,0,0,0,0
광주전남지부,2019,교사교육,51,512,회차,0,0,0,0,0,0,0,0,0,0,0,0,0
광주전남지부,2019,교사교육,51,512,인원,0,0,0,0,0,0,0,0,0,0,0,0,0
광주전남지부,2019,교사교육,51,516,개소,0,0,0,0,0,0,0,0,0,0,0,0,0
광주전남지부,2019,교사교육,51,516,회차,0,0,0,0,0,0,0,0,0,0,0,0,0
광주전남지부,2019,교사교육,51,516,인원,0,0,0,0,0,0,0,0,0,0,0,0,0
광주전남지부,2019,교사교육,52,521,개소,0,0,0,0,0,0,0,0,0,0,0,0,0
광주전남지부,2019,교사교육,52,521,회차,0,0,0,0,0,0,0,0,0,0,0,0,0
광주전남지부,2019,교사교육,52,521,인원,0,0,0,0,0,0,0,0,0,0,0,0,0
광주전남지부,2019,교사교육,52,522,개소,0,0,0,0,0,0,0,0,0,0,0,0,0
광주전남지부,2019,교사교육,52,522,회차,0,0,0,0,0,0,0,0,0,0,0,0,0
광주전남지부,2019,교사교육,52,522,인원,0,0,0,0,0,0,0,0,0,0,0,0,0
광주전남지부,2019,교사교육,52,526,개소,0,0,0,0,0,0,0,0,0,0,0,0,0
광주전남지부,2019,교사교육,52,526,회차,0,0,0,0,0,0,0,0,0,0,0,0,0
광주전남지부,2019,교사교육,52,526,인원,0,0,0,0,0,0,0,0,0,0,0,0,0
광주전남지부,2019,교사교육,53,531,개소,0,0,0,0,0,0,0,0,0,0,0,0,0
광주전남지부,2019,교사교육,53,531,회차,0,0,0,0,0,0,0,0,0,0,0,0,0
광주전남지부,2019,교사교육,53,531,인원,0,0,0,0,0,0,0,0,0,0,0,0,0
광주전남지부,2019,교사교육,53,532,개소,0,0,0,0,0,0,0,0,0,0,0,0,0
광주전남지부,2019,교사교육,53,532,회차,0,0,0,0,0,0,0,0,0,0,0,0,0
광주전남지부,2019,교사교육,53,532,인원,0,0,0,0,0,0,0,0,0,0,0,0,0
광주전남지부,2019,교사교육,53,536,개소,0,0,0,0,0,0,0,0,0,0,0,0,0
광주전남지부,2019,교사교육,53,536,회차,0,0,0,0,0,0,0,0,0,0,0,0,0
광주전남지부,2019,교사교육,53,536,인원,0,0,0,0,0,0,0,0,0,0,0,0,0
광주전남지부,2019,교사교육,54,541,개소,0,0,0,0,0,0,0,0,0,0,0,0,0
광주전남지부,2019,교사교육,54,541,회차,0,0,0,0,0,0,0,0,0,0,0,0,0
광주전남지부,2019,교사교육,54,541,인원,0,0,0,0,0,0,0,0,0,0,0,0,0
광주전남지부,2019,교사교육,54,542,개소,0,0,0,0,0,0,0,0,0,0,0,0,0
광주전남지부,2019,교사교육,54,542,회차,0,0,0,0,0,0,0,0,0,0,0,0,0
광주전남지부,2019,교사교육,54,542,인원,0,0,0,0,0,0,0,0,0,0,0,0,0
광주전남지부,2019,교사교육,54,543,개소,0,0,0,0,0,0,0,0,0,0,0,0,0
광주전남지부,2019,교사교육,54,543,회차,0,0,0,0,0,0,0,0,0,0,0,0,0
광주전남지부,2019,교사교육,54,543,인원,0,0,0,0,0,0,0,0,0,0,0,0,0
광주전남지부,2019,교사교육,54,546,개소,0,0,0,0,0,0,0,0,0,0,0,0,0
광주전남지부,2019,교사교육,54,546,회차,0,0,0,0,0,0,0,0,0,0,0,0,0
광주전남지부,2019,교사교육,54,546,인원,0,0,0,0,0,0,0,0,0,0,0,0,0
광주전남지부,2020,어린이교육,11,111,개소,0,0,0,0,0,0,0,0,0,0,0,0,0
광주전남지부,2020,어린이교육,11,111,회차,0,0,0,0,0,0,0,0,0,0,0,0,0
광주전남지부,2020,어린이교육,11,111,인원,0,0,0,0,0,0,0,0,0,0,0,0,0
광주전남지부,2020,어린이교육,11,112,개소,0,0,0,0,0,0,0,0,0,0,0,0,0
광주전남지부,2020,어린이교육,11,112,회차,0,0,0,0,0,0,0,0,0,0,0,0,0
광주전남지부,2020,어린이교육,11,112,인원,0,0,0,0,0,0,0,0,0,0,0,0,0
광주전남지부,2020,어린이교육,11,113,개소,0,0,0,0,0,0,0,0,0,0,0,0,0
광주전남지부,2020,어린이교육,11,113,회차,0,0,0,0,0,0,0,0,0,0,0,0,0
광주전남지부,2020,어린이교육,11,113,인원,0,0,0,0,0,0,0,0,0,0,0,0,0
광주전남지부,2020,어린이교육,11,114,개소,0,0,0,0,0,0,0,0,0,0,0,0,0
광주전남지부,2020,어린이교육,11,114,회차,0,0,0,0,0,0,0,0,0,0,0,0,0
광주전남지부,2020,어린이교육,11,114,인원,0,0,0,0,0,0,0,0,0,0,0,0,0
광주전남지부,2020,어린이교육,12,121,개소,0,0,0,0,0,0,0,0,0,0,0,0,0
광주전남지부,2020,어린이교육,12,121,회차,0,0,0,0,0,0,0,0,0,0,0,0,0
광주전남지부,2020,어린이교육,12,121,인원,0,0,0,0,0,0,0,0,0,0,0,0,0
광주전남지부,2020,어린이교육,12,122,개소,0,0,0,0,0,0,0,0,0,0,0,0,0
광주전남지부,2020,어린이교육,12,122,회차,0,0,0,0,0,0,0,0,0,0,0,0,0
광주전남지부,2020,어린이교육,12,122,인원,0,0,0,0,0,0,0,0,0,0,0,0,0
광주전남지부,2020,어린이교육,12,124,개소,0,0,0,0,0,0,0,0,0,0,0,0,0
광주전남지부,2020,어린이교육,12,124,회차,0,0,0,0,0,0,0,0,0,0,0,0,0
광주전남지부,2020,어린이교육,12,124,인원,0,0,0,0,0,0,0,0,0,0,0,0,0
광주전남지부,2020,어린이교육,12,127,개소,0,0,0,0,0,0,0,0,0,0,0,0,0
광주전남지부,2020,어린이교육,12,127,회차,0,0,0,0,0,0,0,0,0,0,0,0,0
광주전남지부,2020,어린이교육,12,127,인원,0,0,0,0,0,0,0,0,0,0,0,0,0
광주전남지부,2020,어린이교육,13,131,개소,0,0,0,0,0,0,0,0,0,0,0,0,0
광주전남지부,2020,어린이교육,13,131,회차,0,0,0,0,0,0,0,0,0,0,0,0,0
광주전남지부,2020,어린이교육,13,131,인원,0,0,0,0,0,0,0,0,0,0,0,0,0
광주전남지부,2020,어린이교육,13,132,개소,0,0,0,0,0,0,0,0,0,0,0,0,0
광주전남지부,2020,어린이교육,13,132,회차,0,0,0,0,0,0,0,0,0,0,0,0,0
광주전남지부,2020,어린이교육,13,132,인원,0,0,0,0,0,0,0,0,0,0,0,0,0
광주전남지부,2020,어린이교육,13,134,개소,0,0,0,0,0,0,0,0,0,0,0,0,0
광주전남지부,2020,어린이교육,13,134,회차,0,0,0,0,0,0,0,0,0,0,0,0,0
광주전남지부,2020,어린이교육,13,134,인원,0,0,0,0,0,0,0,0,0,0,0,0,0
광주전남지부,2020,어린이교육,13,137,개소,0,0,0,0,0,0,0,0,0,0,0,0,0
광주전남지부,2020,어린이교육,13,137,회차,0,0,0,0,0,0,0,0,0,0,0,0,0
광주전남지부,2020,어린이교육,13,137,인원,0,0,0,0,0,0,0,0,0,0,0,0,0
광주전남지부,2020,어린이교육,14,141,개소,0,0,0,0,0,0,0,0,0,0,0,0,0
광주전남지부,2020,어린이교육,14,141,회차,0,0,0,0,0,0,0,0,0,0,0,0,0
광주전남지부,2020,어린이교육,14,141,인원,0,0,0,0,0,0,0,0,0,0,0,0,0
광주전남지부,2020,어린이교육,14,142,개소,0,0,0,0,0,0,0,0,0,0,0,0,0
광주전남지부,2020,어린이교육,14,142,회차,0,0,0,0,0,0,0,0,0,0,0,0,0
광주전남지부,2020,어린이교육,14,142,인원,0,0,0,0,0,0,0,0,0,0,0,0,0
광주전남지부,2020,어린이교육,14,144,개소,0,0,0,0,0,0,0,0,0,0,0,0,0
광주전남지부,2020,어린이교육,14,144,회차,0,0,0,0,0,0,0,0,0,0,0,0,0
광주전남지부,2020,어린이교육,14,144,인원,0,0,0,0,0,0,0,0,0,0,0,0,0
광주전남지부,2020,어린이교육,14,147,개소,0,0,0,0,0,0,0,0,0,0,0,0,0
광주전남지부,2020,어린이교육,14,147,회차,0,0,0,0,0,0,0,0,0,0,0,0,0
광주전남지부,2020,어린이교육,14,147,인원,0,0,0,0,0,0,0,0,0,0,0,0,0
광주전남지부,2020,고령자교육,41,411,개소,0,0,0,0,0,0,0,0,0,0,0,0,0
광주전남지부,2020,고령자교육,41,411,회차,0,0,0,0,0,0,0,0,0,0,0,0,0
광주전남지부,2020,고령자교육,41,411,인원,0,0,0,0,0,0,0,0,0,0,0,0,0
광주전남지부,2020,고령자교육,41,412,개소,0,0,0,0,0,0,0,0,0,0,0,0,0
광주전남지부,2020,고령자교육,41,412,회차,0,0,0,0,0,0,0,0,0,0,0,0,0
광주전남지부,2020,고령자교육,41,412,인원,0,0,0,0,0,0,0,0,0,0,0,0,0
광주전남지부,2020,고령자교육,41,413,개소,0,0,0,0,0,0,0,0,0,0,0,0,0
광주전남지부,2020,고령자교육,41,413,회차,0,0,0,0,0,0,0,0,0,0,0,0,0
광주전남지부,2020,고령자교육,41,413,인원,0,0,0,0,0,0,0,0,0,0,0,0,0
광주전남지부,2020,고령자교육,41,417,개소,0,0,0,0,0,0,0,0,0,0,0,0,0
광주전남지부,2020,고령자교육,41,417,회차,0,0,0,0,0,0,0,0,0,0,0,0,0
광주전남지부,2020,고령자교육,41,417,인원,0,0,0,0,0,0,0,0,0,0,0,0,0
광주전남지부,2020,고령자교육,42,422,개소,0,0,0,0,0,0,0,0,0,0,0,0,0
광주전남지부,2020,고령자교육,42,422,회차,0,0,0,0,0,0,0,0,0,0,0,0,0
광주전남지부,2020,고령자교육,42,422,인원,0,0,0,0,0,0,0,0,0,0,0,0,0
광주전남지부,2020,고령자교육,42,423,개소,0,0,0,0,0,0,0,0,0,0,0,0,0
광주전남지부,2020,고령자교육,42,423,회차,0,0,0,0,0,0,0,0,0,0,0,0,0
광주전남지부,2020,고령자교육,42,423,인원,0,0,0,0,0,0,0,0,0,0,0,0,0
광주전남지부,2020,고령자교육,42,426,개소,0,0,0,0,0,0,0,0,0,0,0,0,0
광주전남지부,2020,고령자교육,42,426,회차,0,0,0,0,0,0,0,0,0,0,0,0,0
광주전남지부,2020,고령자교육,42,426,인원,0,0,0,0,0,0,0,0,0,0,0,0,0
광주전남지부,2020,교사교육,51,511,개소,0,0,0,0,0,0,0,0,0,0,0,0,0
광주전남지부,2020,교사교육,51,511,회차,0,0,0,0,0,0,0,0,0,0,0,0,0
광주전남지부,2020,교사교육,51,511,인원,0,0,0,0,0,0,0,0,0,0,0,0,0
광주전남지부,2020,교사교육,51,512,개소,0,0,0,0,0,0,0,0,0,0,0,0,0
광주전남지부,2020,교사교육,51,512,회차,0,0,0,0,0,0,0,0,0,0,0,0,0
광주전남지부,2020,교사교육,51,512,인원,0,0,0,0,0,0,0,0,0,0,0,0,0
광주전남지부,2020,교사교육,51,516,개소,0,0,0,0,0,0,0,0,0,0,0,0,0
광주전남지부,2020,교사교육,51,516,회차,0,0,0,0,0,0,0,0,0,0,0,0,0
광주전남지부,2020,교사교육,51,516,인원,0,0,0,0,0,0,0,0,0,0,0,0,0
광주전남지부,2020,교사교육,52,521,개소,0,0,0,0,0,0,0,0,0,0,0,0,0
광주전남지부,2020,교사교육,52,521,회차,0,0,0,0,0,0,0,0,0,0,0,0,0
광주전남지부,2020,교사교육,52,521,인원,0,0,0,0,0,0,0,0,0,0,0,0,0
광주전남지부,2020,교사교육,52,522,개소,0,0,0,0,0,0,0,0,0,0,0,0,0
광주전남지부,2020,교사교육,52,522,회차,0,0,0,0,0,0,0,0,0,0,0,0,0
광주전남지부,2020,교사교육,52,522,인원,0,0,0,0,0,0,0,0,0,0,0,0,0
광주전남지부,2020,교사교육,52,526,개소,0,0,0,0,0,0,0,0,0,0,0,0,0
광주전남지부,2020,교사교육,52,526,회차,0,0,0,0,0,0,0,0,0,0,0,0,0
광주전남지부,2020,교사교육,52,526,인원,0,0,0,0,0,0,0,0,0,0,0,0,0
광주전남지부,2020,교사교육,53,531,개소,0,0,0,0,0,0,0,0,0,0,0,0,0
광주전남지부,2020,교사교육,53,531,회차,0,0,0,0,0,0,0,0,0,0,0,0,0
광주전남지부,2020,교사교육,53,531,인원,0,0,0,0,0,0,0,0,0,0,0,0,0
광주전남지부,2020,교사교육,53,532,개소,0,0,0,0,0,0,0,0,0,0,0,0,0
광주전남지부,2020,교사교육,53,532,회차,0,0,0,0,0,0,0,0,0,0,0,0,0
광주전남지부,2020,교사교육,53,532,인원,0,0,0,0,0,0,0,0,0,0,0,0,0
광주전남지부,2020,교사교육,53,536,개소,0,0,0,0,0,0,0,0,0,0,0,0,0
광주전남지부,2020,교사교육,53,536,회차,0,0,0,0,0,0,0,0,0,0,0,0,0
광주전남지부,2020,교사교육,53,536,인원,0,0,0,0,0,0,0,0,0,0,0,0,0
광주전남지부,2020,교사교육,54,541,개소,0,0,0,0,0,0,0,0,0,0,0,0,0
광주전남지부,2020,교사교육,54,541,회차,0,0,0,0,0,0,0,0,0,0,0,0,0
광주전남지부,2020,교사교육,54,541,인원,0,0,0,0,0,0,0,0,0,0,0,0,0
광주전남지부,2020,교사교육,54,542,개소,0,0,0,0,0,0,0,0,0,0,0,0,0
광주전남지부,2020,교사교육,54,542,회차,0,0,0,0,0,0,0,0,0,0,0,0,0
광주전남지부,2020,교사교육,54,542,인원,0,0,0,0,0,0,0,0,0,0,0,0,0
광주전남지부,2020,교사교육,54,543,개소,0,0,0,0,0,0,0,0,0,0,0,0,0
광주전남지부,2020,교사교육,54,543,회차,0,0,0,0,0,0,0,0,0,0,0,0,0
광주전남지부,2020,교사교육,54,543,인원,0,0,0,0,0,0,0,0,0,0,0,0,0
광주전남지부,2020,교사교육,54,546,개소,0,0,0,0,0,0,0,0,0,0,0,0,0
광주전남지부,2020,교사교육,54,546,회차,0,0,0,0,0,0,0,0,0,0,0,0,0
광주전남지부,2020,교사교육,54,546,인원,0,0,0,0,0,0,0,0,0,0,0,0,0
경북지부,2016,어린이교육,11,111,개소,0,0,0,0,0,0,0,0,0,0,0,0,0
경북지부,2016,어린이교육,11,111,회차,0,0,0,0,0,0,0,0,0,0,0,0,0
경북지부,2016,어린이교육,11,111,인원,0,0,0,0,0,0,0,0,0,0,0,0,0
경북지부,2016,어린이교육,11,112,개소,0,0,0,0,0,0,0,0,0,0,0,0,0
경북지부,2016,어린이교육,11,112,회차,0,0,0,0,0,0,0,0,0,0,0,0,0
경북지부,2016,어린이교육,11,112,인원,0,0,0,0,0,0,0,0,0,0,0,0,0
경북지부,2016,어린이교육,11,113,개소,0,0,0,0,0,0,0,0,0,0,0,0,0
경북지부,2016,어린이교육,11,113,회차,0,0,0,0,0,0,0,0,0,0,0,0,0
경북지부,2016,어린이교육,11,113,인원,0,0,0,0,0,0,0,0,0,0,0,0,0
경북지부,2016,어린이교육,11,114,개소,0,0,0,0,0,0,0,0,0,0,0,0,0
경북지부,2016,어린이교육,11,114,회차,0,0,0,0,0,0,0,0,0,0,0,0,0
경북지부,2016,어린이교육,11,114,인원,0,0,0,0,0,0,0,0,0,0,0,0,0
경북지부,2016,어린이교육,12,121,개소,0,0,0,0,0,0,0,0,0,0,0,0,0
경북지부,2016,어린이교육,12,121,회차,0,0,0,0,0,0,0,0,0,0,0,0,0
경북지부,2016,어린이교육,12,121,인원,0,0,0,0,0,0,0,0,0,0,0,0,0
경북지부,2016,어린이교육,12,122,개소,0,0,0,0,0,0,0,0,0,0,0,0,0
경북지부,2016,어린이교육,12,122,회차,0,0,0,0,0,0,0,0,0,0,0,0,0
경북지부,2016,어린이교육,12,122,인원,0,0,0,0,0,0,0,0,0,0,0,0,0
경북지부,2016,어린이교육,12,124,개소,0,0,0,0,0,0,0,0,0,0,0,0,0
경북지부,2016,어린이교육,12,124,회차,0,0,0,0,0,0,0,0,0,0,0,0,0
경북지부,2016,어린이교육,12,124,인원,0,0,0,0,0,0,0,0,0,0,0,0,0
경북지부,2016,어린이교육,12,127,개소,0,0,0,0,0,0,0,0,0,0,0,0,0
경북지부,2016,어린이교육,12,127,회차,0,0,0,0,0,0,0,0,0,0,0,0,0
경북지부,2016,어린이교육,12,127,인원,0,0,0,0,0,0,0,0,0,0,0,0,0
경북지부,2016,어린이교육,13,131,개소,0,0,0,0,0,0,0,0,0,0,0,0,0
경북지부,2016,어린이교육,13,131,회차,0,0,0,0,0,0,0,0,0,0,0,0,0
경북지부,2016,어린이교육,13,131,인원,0,0,0,0,0,0,0,0,0,0,0,0,0
경북지부,2016,어린이교육,13,132,개소,0,0,0,0,0,0,0,0,0,0,0,0,0
경북지부,2016,어린이교육,13,132,회차,0,0,0,0,0,0,0,0,0,0,0,0,0
경북지부,2016,어린이교육,13,132,인원,0,0,0,0,0,0,0,0,0,0,0,0,0
경북지부,2016,어린이교육,13,134,개소,0,0,0,0,0,0,0,0,0,0,0,0,0
경북지부,2016,어린이교육,13,134,회차,0,0,0,0,0,0,0,0,0,0,0,0,0
경북지부,2016,어린이교육,13,134,인원,0,0,0,0,0,0,0,0,0,0,0,0,0
경북지부,2016,어린이교육,13,137,개소,0,0,0,0,0,0,0,0,0,0,0,0,0
경북지부,2016,어린이교육,13,137,회차,0,0,0,0,0,0,0,0,0,0,0,0,0
경북지부,2016,어린이교육,13,137,인원,0,0,0,0,0,0,0,0,0,0,0,0,0
경북지부,2016,어린이교육,14,141,개소,0,0,0,0,0,0,0,0,0,0,0,0,0
경북지부,2016,어린이교육,14,141,회차,0,0,0,0,0,0,0,0,0,0,0,0,0
경북지부,2016,어린이교육,14,141,인원,0,0,0,0,0,0,0,0,0,0,0,0,0
경북지부,2016,어린이교육,14,142,개소,0,0,0,0,0,0,0,0,0,0,0,0,0
경북지부,2016,어린이교육,14,142,회차,0,0,0,0,0,0,0,0,0,0,0,0,0
경북지부,2016,어린이교육,14,142,인원,0,0,0,0,0,0,0,0,0,0,0,0,0
경북지부,2016,어린이교육,14,144,개소,0,0,0,0,0,0,0,0,0,0,0,0,0
경북지부,2016,어린이교육,14,144,회차,0,0,0,0,0,0,0,0,0,0,0,0,0
경북지부,2016,어린이교육,14,144,인원,0,0,0,0,0,0,0,0,0,0,0,0,0
경북지부,2016,어린이교육,14,147,개소,0,0,0,0,0,0,0,0,0,0,0,0,0
경북지부,2016,어린이교육,14,147,회차,0,0,0,0,0,0,0,0,0,0,0,0,0
경북지부,2016,어린이교육,14,147,인원,0,0,0,0,0,0,0,0,0,0,0,0,0
경북지부,2018,어린이교육,11,111,인원,6850,6850,6850,6850,6850,6850,6850,6850,6850,6850,6850,6852,82202
경북지부,2018,어린이교육,11,111,개소,0,0,0,0,0,0,0,0,0,0,0,0,0
경북지부,2018,어린이교육,11,111,회차,0,0,0,0,0,0,0,0,0,0,0,0,0
경북지부,2018,어린이교육,11,112,개소,0,0,0,0,0,0,0,0,0,0,0,0,0
경북지부,2018,어린이교육,11,112,회차,0,0,0,0,0,0,0,0,0,0,0,0,0
경북지부,2018,어린이교육,11,112,인원,0,0,0,0,0,0,0,0,0,0,0,0,0
경북지부,2018,어린이교육,11,113,개소,0,0,0,0,0,0,0,0,0,0,0,0,0
경북지부,2018,어린이교육,11,113,회차,0,0,0,0,0,0,0,0,0,0,0,0,0
경북지부,2018,어린이교육,11,113,인원,0,0,0,0,0,0,0,0,0,0,0,0,0
경북지부,2018,어린이교육,11,114,개소,0,0,0,0,0,0,0,0,0,0,0,0,0
경북지부,2018,어린이교육,11,114,회차,0,0,0,0,0,0,0,0,0,0,0,0,0
경북지부,2018,어린이교육,11,114,인원,0,0,0,0,0,0,0,0,0,0,0,0,0
경북지부,2018,어린이교육,12,121,인원,4729,4729,4729,4729,4729,4729,4729,4729,4729,4729,4729,4740,56759
경북지부,2018,어린이교육,12,121,개소,0,0,0,0,0,0,0,0,0,0,0,0,0
경북지부,2018,어린이교육,12,121,회차,0,0,0,0,0,0,0,0,0,0,0,0,0
경북지부,2018,어린이교육,12,122,인원,1957,1957,1957,1957,1957,1957,1957,1957,1957,1957,1957,1959,23486
경북지부,2018,어린이교육,12,122,개소,0,0,0,0,0,0,0,0,0,0,0,0,0
경북지부,2018,어린이교육,12,122,회차,0,0,0,0,0,0,0,0,0,0,0,0,0
경북지부,2018,어린이교육,12,124,인원,163,163,163,163,163,163,163,163,163,163,163,164,1957
경북지부,2018,어린이교육,12,124,개소,0,0,0,0,0,0,0,0,0,0,0,0,0
경북지부,2018,어린이교육,12,124,회차,0,0,0,0,0,0,0,0,0,0,0,0,0
경북지부,2018,어린이교육,12,127,인원,326,326,326,326,326,326,326,326,326,326,326,328,3914
경북지부,2018,어린이교육,12,127,개소,0,0,0,0,0,0,0,0,0,0,0,0,0
경북지부,2018,어린이교육,12,127,회차,0,0,0,0,0,0,0,0,0,0,0,0,0
경북지부,2018,어린이교육,13,131,인원,815,815,815,815,815,815,815,815,815,815,815,821,9786
경북지부,2018,어린이교육,13,131,개소,0,0,0,0,0,0,0,0,0,0,0,0,0
경북지부,2018,어린이교육,13,131,회차,0,0,0,0,0,0,0,0,0,0,0,0,0
경북지부,2018,어린이교육,13,132,인원,81,81,81,81,81,81,81,81,81,81,81,88,979
경북지부,2018,어린이교육,13,132,개소,0,0,0,0,0,0,0,0,0,0,0,0,0
경북지부,2018,어린이교육,13,132,회차,0,0,0,0,0,0,0,0,0,0,0,0,0
경북지부,2018,어린이교육,13,134,개소,0,0,0,0,0,0,0,0,0,0,0,0,0
경북지부,2018,어린이교육,13,134,회차,0,0,0,0,0,0,0,0,0,0,0,0,0
경북지부,2018,어린이교육,13,134,인원,0,0,0,0,0,0,0,0,0,0,0,0,0
경북지부,2018,어린이교육,13,137,인원,81,81,81,81,81,81,81,81,81,81,81,88,979
경북지부,2018,어린이교육,13,137,개소,0,0,0,0,0,0,0,0,0,0,0,0,0
경북지부,2018,어린이교육,13,137,회차,0,0,0,0,0,0,0,0,0,0,0,0,0
경북지부,2018,어린이교육,14,141,인원,1304,1304,1304,1304,1304,1304,1304,1304,1304,1304,1304,1314,15658
경북지부,2018,어린이교육,14,141,개소,0,0,0,0,0,0,0,0,0,0,0,0,0
경북지부,2018,어린이교육,14,141,회차,0,0,0,0,0,0,0,0,0,0,0,0,0
경북지부,2018,어린이교육,14,142,개소,0,0,0,0,0,0,0,0,0,0,0,0,0
경북지부,2018,어린이교육,14,142,회차,0,0,0,0,0,0,0,0,0,0,0,0,0
경북지부,2018,어린이교육,14,142,인원,0,0,0,0,0,0,0,0,0,0,0,0,0
경북지부,2018,어린이교육,14,144,개소,0,0,0,0,0,0,0,0,0,0,0,0,0
경북지부,2018,어린이교육,14,144,회차,0,0,0,0,0,0,0,0,0,0,0,0,0
경북지부,2018,어린이교육,14,144,인원,0,0,0,0,0,0,0,0,0,0,0,0,0
경북지부,2018,어린이교육,14,147,개소,0,0,0,0,0,0,0,0,0,0,0,0,0
경북지부,2018,어린이교육,14,147,회차,0,0,0,0,0,0,0,0,0,0,0,0,0
경북지부,2018,어린이교육,14,147,인원,0,0,0,0,0,0,0,0,0,0,0,0,0
경북지부,2018,청소년교육,21,211,인원,172,172,172,172,172,172,172,172,172,172,172,180,2072
경북지부,2018,청소년교육,21,211,개소,0,0,0,0,0,0,0,0,0,0,0,0,0
경북지부,2018,청소년교육,21,211,회차,0,0,0,0,0,0,0,0,0,0,0,0,0
경북지부,2018,청소년교육,21,212,인원,23,23,23,23,23,23,23,23,23,23,23,23,276
경북지부,2018,청소년교육,21,212,개소,0,0,0,0,0,0,0,0,0,0,0,0,0
경북지부,2018,청소년교육,21,212,회차,0,0,0,0,0,0,0,0,0,0,0,0,0
경북지부,2018,청소년교육,21,214,인원,23,23,23,23,23,23,23,23,23,23,23,23,276
경북지부,2018,청소년교육,21,214,개소,0,0,0,0,0,0,0,0,0,0,0,0,0
경북지부,2018,청소년교육,21,214,회차,0,0,0,0,0,0,0,0,0,0,0,0,0
경북지부,2018,청소년교육,21,217,개소,0,0,0,0,0,0,0,0,0,0,0,0,0
경북지부,2018,청소년교육,21,217,회차,0,0,0,0,0,0,0,0,0,0,0,0,0
경북지부,2018,청소년교육,21,217,인원,0,0,0,0,0,0,0,0,0,0,0,0,0
경북지부,2018,청소년교육,21,218,인원,11,11,11,11,11,11,12,12,12,12,12,12,138
경북지부,2018,청소년교육,21,218,개소,0,0,0,0,0,0,0,0,0,0,0,0,0
경북지부,2018,청소년교육,21,218,회차,0,0,0,0,0,0,0,0,0,0,0,0,0
경북지부,2018,청소년교육,22,221,인원,517,517,517,517,517,517,517,517,517,517,517,528,6215
경북지부,2018,청소년교육,22,221,개소,0,0,0,0,0,0,0,0,0,0,0,0,0
경북지부,2018,청소년교육,22,221,회차,0,0,0,0,0,0,0,0,0,0,0,0,0
경북지부,2018,청소년교육,22,222,인원,92,92,92,92,92,92,92,92,92,92,92,93,1105
경북지부,2018,청소년교육,22,222,개소,0,0,0,0,0,0,0,0,0,0,0,0,0
경북지부,2018,청소년교육,22,222,회차,0,0,0,0,0,0,0,0,0,0,0,0,0
경북지부,2018,청소년교육,22,223,개소,0,0,0,0,0,0,0,0,0,0,0,0,0
경북지부,2018,청소년교육,22,223,회차,0,0,0,0,0,0,0,0,0,0,0,0,0
경북지부,2018,청소년교육,22,223,인원,0,0,0,0,0,0,0,0,0,0,0,0,0
경북지부,2018,청소년교육,22,224,인원,23,23,23,23,23,23,23,23,23,23,23,23,276
경북지부,2018,청소년교육,22,224,개소,0,0,0,0,0,0,0,0,0,0,0,0,0
경북지부,2018,청소년교육,22,224,회차,0,0,0,0,0,0,0,0,0,0,0,0,0
경북지부,2018,청소년교육,22,226,인원,287,287,287,287,287,287,287,287,287,287,287,296,3453
경북지부,2018,청소년교육,22,226,개소,0,0,0,0,0,0,0,0,0,0,0,0,0
경북지부,2018,청소년교육,22,226,회차,0,0,0,0,0,0,0,0,0,0,0,0,0
경북지부,2018,청소년교육,22,227,개소,0,0,0,0,0,0,0,0,0,0,0,0,0
경북지부,2018,청소년교육,22,227,회차,0,0,0,0,0,0,0,0,0,0,0,0,0
경북지부,2018,청소년교육,22,227,인원,0,0,0,0,0,0,0,0,0,0,0,0,0
경북지부,2018,청소년교육,22,228,개소,0,0,0,0,0,0,0,0,0,0,0,0,0
경북지부,2018,청소년교육,22,228,회차,0,0,0,0,0,0,0,0,0,0,0,0,0
경북지부,2018,청소년교육,22,228,인원,0,0,0,0,0,0,0,0,0,0,0,0,0
경북지부,2018,성인교육,31,312,인원,25,25,25,25,25,25,25,25,25,25,25,28,303
경북지부,2018,성인교육,31,312,개소,0,0,0,0,0,0,0,0,0,0,0,0,0
경북지부,2018,성인교육,31,312,회차,0,0,0,0,0,0,0,0,0,0,0,0,0
경북지부,2018,성인교육,31,313,개소,0,0,0,0,0,0,0,0,0,0,0,0,0
경북지부,2018,성인교육,31,313,회차,0,0,0,0,0,0,0,0,0,0,0,0,0
경북지부,2018,성인교육,31,313,인원,0,0,0,0,0,0,0,0,0,0,0,0,0
경북지부,2018,성인교육,31,314,개소,0,0,0,0,0,0,0,0,0,0,0,0,0
경북지부,2018,성인교육,31,314,회차,0,0,0,0,0,0,0,0,0,0,0,0,0
경북지부,2018,성인교육,31,314,인원,0,0,0,0,0,0,0,0,0,0,0,0,0
경북지부,2018,성인교육,31,316,인원,504,504,504,504,504,504,504,504,504,504,504,511,6055
경북지부,2018,성인교육,31,316,개소,0,0,0,0,0,0,0,0,0,0,0,0,0
경북지부,2018,성인교육,31,316,회차,0,0,0,0,0,0,0,0,0,0,0,0,0
경북지부,2018,성인교육,31,317,개소,0,0,0,0,0,0,0,0,0,0,0,0,0
경북지부,2018,성인교육,31,317,회차,0,0,0,0,0,0,0,0,0,0,0,0,0
경북지부,2018,성인교육,31,317,인원,0,0,0,0,0,0,0,0,0,0,0,0,0
경북지부,2018,성인교육,31,318,개소,0,0,0,0,0,0,0,0,0,0,0,0,0
경북지부,2018,성인교육,31,318,회차,0,0,0,0,0,0,0,0,0,0,0,0,0
경북지부,2018,성인교육,31,318,인원,0,0,0,0,0,0,0,0,0,0,0,0,0
경북지부,2018,성인교육,31,319,개소,0,0,0,0,0,0,0,0,0,0,0,0,0
경북지부,2018,성인교육,31,319,회차,0,0,0,0,0,0,0,0,0,0,0,0,0
경북지부,2018,성인교육,31,319,인원,0,0,0,0,0,0,0,0,0,0,0,0,0
경북지부,2018,성인교육,32,322,개소,0,0,0,0,0,0,0,0,0,0,0,0,0
경북지부,2018,성인교육,32,322,회차,0,0,0,0,0,0,0,0,0,0,0,0,0
경북지부,2018,성인교육,32,322,인원,0,0,0,0,0,0,0,0,0,0,0,0,0
경북지부,2018,성인교육,32,323,개소,0,0,0,0,0,0,0,0,0,0,0,0,0
경북지부,2018,성인교육,32,323,회차,0,0,0,0,0,0,0,0,0,0,0,0,0
경북지부,2018,성인교육,32,323,인원,0,0,0,0,0,0,0,0,0,0,0,0,0
경북지부,2018,성인교육,32,326,인원,100,100,100,100,100,100,100,100,100,100,100,111,1211
경북지부,2018,성인교육,32,326,개소,0,0,0,0,0,0,0,0,0,0,0,0,0
경북지부,2018,성인교육,32,326,회차,0,0,0,0,0,0,0,0,0,0,0,0,0
경북지부,2018,성인교육,32,328,개소,0,0,0,0,0,0,0,0,0,0,0,0,0
경북지부,2018,성인교육,32,328,회차,0,0,0,0,0,0,0,0,0,0,0,0,0
경북지부,2018,성인교육,32,328,인원,0,0,0,0,0,0,0,0,0,0,0,0,0
경북지부,2018,성인교육,32,329,개소,0,0,0,0,0,0,0,0,0,0,0,0,0
경북지부,2018,성인교육,32,329,회차,0,0,0,0,0,0,0,0,0,0,0,0,0
경북지부,2018,성인교육,32,329,인원,0,0,0,0,0,0,0,0,0,0,0,0,0
경북지부,2018,성인교육,33,332,개소,0,0,0,0,0,0,0,0,0,0,0,0,0
경북지부,2018,성인교육,33,332,회차,0,0,0,0,0,0,0,0,0,0,0,0,0
경북지부,2018,성인교육,33,332,인원,0,0,0,0,0,0,0,0,0,0,0,0,0
경북지부,2018,성인교육,33,333,개소,0,0,0,0,0,0,0,0,0,0,0,0,0
경북지부,2018,성인교육,33,333,회차,0,0,0,0,0,0,0,0,0,0,0,0,0
경북지부,2018,성인교육,33,333,인원,0,0,0,0,0,0,0,0,0,0,0,0,0
경북지부,2018,성인교육,33,336,인원,201,201,201,201,201,201,201,201,201,201,201,211,2422
경북지부,2018,성인교육,33,336,개소,0,0,0,0,0,0,0,0,0,0,0,0,0
경북지부,2018,성인교육,33,336,회차,0,0,0,0,0,0,0,0,0,0,0,0,0
경북지부,2018,성인교육,33,338,개소,0,0,0,0,0,0,0,0,0,0,0,0,0
경북지부,2018,성인교육,33,338,회차,0,0,0,0,0,0,0,0,0,0,0,0,0
경북지부,2018,성인교육,33,338,인원,0,0,0,0,0,0,0,0,0,0,0,0,0
경북지부,2018,성인교육,33,339,개소,0,0,0,0,0,0,0,0,0,0,0,0,0
경북지부,2018,성인교육,33,339,회차,0,0,0,0,0,0,0,0,0,0,0,0,0
경북지부,2018,성인교육,33,339,인원,0,0,0,0,0,0,0,0,0,0,0,0,0
경북지부,2018,성인교육,34,342,인원,25,25,25,25,25,25,25,25,25,25,25,28,303
경북지부,2018,성인교육,34,342,개소,0,0,0,0,0,0,0,0,0,0,0,0,0
경북지부,2018,성인교육,34,342,회차,0,0,0,0,0,0,0,0,0,0,0,0,0
경북지부,2018,성인교육,34,343,개소,0,0,0,0,0,0,0,0,0,0,0,0,0
경북지부,2018,성인교육,34,343,회차,0,0,0,0,0,0,0,0,0,0,0,0,0
경북지부,2018,성인교육,34,343,인원,0,0,0,0,0,0,0,0,0,0,0,0,0
경북지부,2018,성인교육,34,346,인원,1412,1412,1412,1412,1412,1412,1412,1412,1412,1412,1412,1421,16953
경북지부,2018,성인교육,34,346,개소,0,0,0,0,0,0,0,0,0,0,0,0,0
경북지부,2018,성인교육,34,346,회차,0,0,0,0,0,0,0,0,0,0,0,0,0
경북지부,2018,성인교육,34,348,개소,0,0,0,0,0,0,0,0,0,0,0,0,0
경북지부,2018,성인교육,34,348,회차,0,0,0,0,0,0,0,0,0,0,0,0,0
경북지부,2018,성인교육,34,348,인원,0,0,0,0,0,0,0,0,0,0,0,0,0
경북지부,2018,성인교육,34,349,개소,0,0,0,0,0,0,0,0,0,0,0,0,0
경북지부,2018,성인교육,34,349,회차,0,0,0,0,0,0,0,0,0,0,0,0,0
경북지부,2018,성인교육,34,349,인원,0,0,0,0,0,0,0,0,0,0,0,0,0
경북지부,2018,성인교육,35,352,개소,0,0,0,0,0,0,0,0,0,0,0,0,0
경북지부,2018,성인교육,35,352,회차,0,0,0,0,0,0,0,0,0,0,0,0,0
경북지부,2018,성인교육,35,352,인원,0,0,0,0,0,0,0,0,0,0,0,0,0
경북지부,2018,성인교육,35,353,개소,0,0,0,0,0,0,0,0,0,0,0,0,0
경북지부,2018,성인교육,35,353,회차,0,0,0,0,0,0,0,0,0,0,0,0,0
경북지부,2018,성인교육,35,353,인원,0,0,0,0,0,0,0,0,0,0,0,0,0
경북지부,2018,성인교육,35,356,인원,151,151,151,151,151,151,151,151,151,151,151,155,1816
경북지부,2018,성인교육,35,356,개소,0,0,0,0,0,0,0,0,0,0,0,0,0
경북지부,2018,성인교육,35,356,회차,0,0,0,0,0,0,0,0,0,0,0,0,0
경북지부,2018,성인교육,35,358,개소,0,0,0,0,0,0,0,0,0,0,0,0,0
경북지부,2018,성인교육,35,358,회차,0,0,0,0,0,0,0,0,0,0,0,0,0
경북지부,2018,성인교육,35,358,인원,0,0,0,0,0,0,0,0,0,0,0,0,0
경북지부,2018,성인교육,35,359,개소,0,0,0,0,0,0,0,0,0,0,0,0,0
경북지부,2018,성인교육,35,359,회차,0,0,0,0,0,0,0,0,0,0,0,0,0
경북지부,2018,성인교육,35,359,인원,0,0,0,0,0,0,0,0,0,0,0,0,0
경북지부,2018,성인교육,36,362,인원,25,25,25,25,25,25,25,25,25,25,25,28,303
경북지부,2018,성인교육,36,362,개소,0,0,0,0,0,0,0,0,0,0,0,0,0
경북지부,2018,성인교육,36,362,회차,0,0,0,0,0,0,0,0,0,0,0,0,0
경북지부,2018,성인교육,36,363,개소,0,0,0,0,0,0,0,0,0,0,0,0,0
경북지부,2018,성인교육,36,363,회차,0,0,0,0,0,0,0,0,0,0,0,0,0
경북지부,2018,성인교육,36,363,인원,0,0,0,0,0,0,0,0,0,0,0,0,0
경북지부,2018,성인교육,36,365,개소,0,0,0,0,0,0,0,0,0,0,0,0,0
경북지부,2018,성인교육,36,365,회차,0,0,0,0,0,0,0,0,0,0,0,0,0
경북지부,2018,성인교육,36,365,인원,0,0,0,0,0,0,0,0,0,0,0,0,0
경북지부,2018,성인교육,36,366,인원,1059,1059,1059,1059,1059,1059,1059,1059,1059,1059,1059,1066,12715
경북지부,2018,성인교육,36,366,개소,0,0,0,0,0,0,0,0,0,0,0,0,0
경북지부,2018,성인교육,36,366,회차,0,0,0,0,0,0,0,0,0,0,0,0,0
경북지부,2018,성인교육,36,368,개소,0,0,0,0,0,0,0,0,0,0,0,0,0
경북지부,2018,성인교육,36,368,회차,0,0,0,0,0,0,0,0,0,0,0,0,0
경북지부,2018,성인교육,36,368,인원,0,0,0,0,0,0,0,0,0,0,0,0,0
경북지부,2018,성인교육,36,369,개소,0,0,0,0,0,0,0,0,0,0,0,0,0
경북지부,2018,성인교육,36,369,회차,0,0,0,0,0,0,0,0,0,0,0,0,0
경북지부,2018,성인교육,36,369,인원,0,0,0,0,0,0,0,0,0,0,0,0,0
경북지부,2018,성인교육,37,372,개소,0,0,0,0,0,0,0,0,0,0,0,0,0
경북지부,2018,성인교육,37,372,회차,0,0,0,0,0,0,0,0,0,0,0,0,0
경북지부,2018,성인교육,37,372,인원,0,0,0,0,0,0,0,0,0,0,0,0,0
경북지부,2018,성인교육,37,373,개소,0,0,0,0,0,0,0,0,0,0,0,0,0
경북지부,2018,성인교육,37,373,회차,0,0,0,0,0,0,0,0,0,0,0,0,0
경북지부,2018,성인교육,37,373,인원,0,0,0,0,0,0,0,0,0,0,0,0,0
경북지부,2018,성인교육,37,376,인원,1412,1412,1412,1412,1412,1412,1412,1412,1412,1412,1412,1421,16953
경북지부,2018,성인교육,37,376,개소,0,0,0,0,0,0,0,0,0,0,0,0,0
경북지부,2018,성인교육,37,376,회차,0,0,0,0,0,0,0,0,0,0,0,0,0
경북지부,2018,성인교육,37,378,개소,0,0,0,0,0,0,0,0,0,0,0,0,0
경북지부,2018,성인교육,37,378,회차,0,0,0,0,0,0,0,0,0,0,0,0,0
경북지부,2018,성인교육,37,378,인원,0,0,0,0,0,0,0,0,0,0,0,0,0
경북지부,2018,성인교육,37,379,개소,0,0,0,0,0,0,0,0,0,0,0,0,0
경북지부,2018,성인교육,37,379,회차,0,0,0,0,0,0,0,0,0,0,0,0,0
경북지부,2018,성인교육,37,379,인원,0,0,0,0,0,0,0,0,0,0,0,0,0
경북지부,2018,성인교육,38,381,인원,25,25,25,25,25,25,25,25,25,25,25,28,303
경북지부,2018,성인교육,38,381,개소,0,0,0,0,0,0,0,0,0,0,0,0,0
경북지부,2018,성인교육,38,381,회차,0,0,0,0,0,0,0,0,0,0,0,0,0
경북지부,2018,성인교육,38,382,개소,0,0,0,0,0,0,0,0,0,0,0,0,0
경북지부,2018,성인교육,38,382,회차,0,0,0,0,0,0,0,0,0,0,0,0,0
경북지부,2018,성인교육,38,382,인원,0,0,0,0,0,0,0,0,0,0,0,0,0
경북지부,2018,성인교육,38,386,개소,0,0,0,0,0,0,0,0,0,0,0,0,0
경북지부,2018,성인교육,38,386,회차,0,0,0,0,0,0,0,0,0,0,0,0,0
경북지부,2018,성인교육,38,386,인원,0,0,0,0,0,0,0,0,0,0,0,0,0
경북지부,2018,성인교육,38,388,개소,0,0,0,0,0,0,0,0,0,0,0,0,0
경북지부,2018,성인교육,38,388,회차,0,0,0,0,0,0,0,0,0,0,0,0,0
경북지부,2018,성인교육,38,388,인원,0,0,0,0,0,0,0,0,0,0,0,0,0
경북지부,2018,성인교육,39,392,개소,0,0,0,0,0,0,0,0,0,0,0,0,0
경북지부,2018,성인교육,39,392,회차,0,0,0,0,0,0,0,0,0,0,0,0,0
경북지부,2018,성인교육,39,392,인원,0,0,0,0,0,0,0,0,0,0,0,0,0
경북지부,2018,성인교육,39,393,개소,0,0,0,0,0,0,0,0,0,0,0,0,0
경북지부,2018,성인교육,39,393,회차,0,0,0,0,0,0,0,0,0,0,0,0,0
경북지부,2018,성인교육,39,393,인원,0,0,0,0,0,0,0,0,0,0,0,0,0
경북지부,2018,성인교육,39,396,개소,0,0,0,0,0,0,0,0,0,0,0,0,0
경북지부,2018,성인교육,39,396,회차,0,0,0,0,0,0,0,0,0,0,0,0,0
경북지부,2018,성인교육,39,396,인원,100,100,100,100,100,100,100,100,100,100,100,111,1211
경북지부,2018,성인교육,39,398,개소,0,0,0,0,0,0,0,0,0,0,0,0,0
경북지부,2018,성인교육,39,398,회차,0,0,0,0,0,0,0,0,0,0,0,0,0
경북지부,2018,성인교육,39,398,인원,0,0,0,0,0,0,0,0,0,0,0,0,0
경북지부,2018,고령자교육,41,411,개소,0,0,0,0,0,0,0,0,0,0,0,0,0
경북지부,2018,고령자교육,41,411,회차,0,0,0,0,0,0,0,0,0,0,0,0,0
경북지부,2018,고령자교육,41,411,인원,1912,1912,1912,1912,1912,1912,1912,1912,1912,1912,1912,1913,22945
경북지부,2018,고령자교육,41,412,개소,0,0,0,0,0,0,0,0,0,0,0,0,0
경북지부,2018,고령자교육,41,412,회차,0,0,0,0,0,0,0,0,0,0,0,0,0
경북지부,2018,고령자교육,41,412,인원,20,20,20,20,20,20,20,20,20,20,20,24,244
경북지부,2018,고령자교육,41,413,개소,0,0,0,0,0,0,0,0,0,0,0,0,0
경북지부,2018,고령자교육,41,413,회차,0,0,0,0,0,0,0,0,0,0,0,0,0
경북지부,2018,고령자교육,41,413,인원,0,0,0,0,0,0,0,0,0,0,0,0,0
경북지부,2018,고령자교육,41,417,개소,0,0,0,0,0,0,0,0,0,0,0,0,0
경북지부,2018,고령자교육,41,417,회차,0,0,0,0,0,0,0,0,0,0,0,0,0
경북지부,2018,고령자교육,41,417,인원,20,20,20,20,20,20,20,20,20,20,20,24,244
경북지부,2018,고령자교육,42,422,개소,0,0,0,0,0,0,0,0,0,0,0,0,0
경북지부,2018,고령자교육,42,422,회차,0,0,0,0,0,0,0,0,0,0,0,0,0
경북지부,2018,고령자교육,42,422,인원,0,0,0,0,0,0,0,0,0,0,0,0,0
경북지부,2018,고령자교육,42,423,개소,0,0,0,0,0,0,0,0,0,0,0,0,0
경북지부,2018,고령자교육,42,423,회차,0,0,0,0,0,0,0,0,0,0,0,0,0
경북지부,2018,고령자교육,42,423,인원,0,0,0,0,0,0,0,0,0,0,0,0,0
경북지부,2018,고령자교육,42,426,개소,0,0,0,0,0,0,0,0,0,0,0,0,0
경북지부,2018,고령자교육,42,426,회차,0,0,0,0,0,0,0,0,0,0,0,0,0
경북지부,2018,고령자교육,42,426,인원,44,44,44,44,44,44,44,44,44,44,44,53,537
경북지부,2018,교사교육,51,511,개소,0,0,0,0,0,0,0,0,0,0,0,0,0
경북지부,2018,교사교육,51,511,회차,0,0,0,0,0,0,0,0,0,0,0,0,0
경북지부,2018,교사교육,51,511,인원,0,0,0,0,0,0,0,0,0,0,0,0,0
경북지부,2018,교사교육,51,512,개소,0,0,0,0,0,0,0,0,0,0,0,0,0
경북지부,2018,교사교육,51,512,회차,0,0,0,0,0,0,0,0,0,0,0,0,0
경북지부,2018,교사교육,51,512,인원,0,0,0,0,0,0,0,0,0,0,0,0,0
경북지부,2018,교사교육,51,516,개소,0,0,0,0,0,0,0,0,0,0,0,0,0
경북지부,2018,교사교육,51,516,회차,0,0,0,0,0,0,0,0,0,0,0,0,0
경북지부,2018,교사교육,51,516,인원,0,0,0,0,0,0,0,0,0,0,0,0,0
경북지부,2018,교사교육,52,521,개소,0,0,0,0,0,0,0,0,0,0,0,0,0
경북지부,2018,교사교육,52,521,회차,0,0,0,0,0,0,0,0,0,0,0,0,0
경북지부,2018,교사교육,52,521,인원,0,0,0,0,0,0,0,0,0,0,0,0,0
경북지부,2018,교사교육,52,522,개소,0,0,0,0,0,0,0,0,0,0,0,0,0
경북지부,2018,교사교육,52,522,회차,0,0,0,0,0,0,0,0,0,0,0,0,0
경북지부,2018,교사교육,52,522,인원,0,0,0,0,0,0,0,0,0,0,0,0,0
경북지부,2018,교사교육,52,526,개소,0,0,0,0,0,0,0,0,0,0,0,0,0
경북지부,2018,교사교육,52,526,회차,0,0,0,0,0,0,0,0,0,0,0,0,0
경북지부,2018,교사교육,52,526,인원,6,6,6,6,6,6,6,6,6,6,6,8,74
경북지부,2018,교사교육,53,531,개소,0,0,0,0,0,0,0,0,0,0,0,0,0
경북지부,2018,교사교육,53,531,회차,0,0,0,0,0,0,0,0,0,0,0,0,0
경북지부,2018,교사교육,53,531,인원,0,0,0,0,0,0,0,0,0,0,0,0,0
경북지부,2018,교사교육,53,532,개소,0,0,0,0,0,0,0,0,0,0,0,0,0
경북지부,2018,교사교육,53,532,회차,0,0,0,0,0,0,0,0,0,0,0,0,0
경북지부,2018,교사교육,53,532,인원,0,0,0,0,0,0,0,0,0,0,0,0,0
경북지부,2018,교사교육,53,536,개소,0,0,0,0,0,0,0,0,0,0,0,0,0
경북지부,2018,교사교육,53,536,회차,0,0,0,0,0,0,0,0,0,0,0,0,0
경북지부,2018,교사교육,53,536,인원,3,3,3,3,3,3,3,3,3,3,3,4,37
경북지부,2018,교사교육,54,541,개소,0,0,0,0,0,0,0,0,0,0,0,0,0
경북지부,2018,교사교육,54,541,회차,0,0,0,0,0,0,0,0,0,0,0,0,0
경북지부,2018,교사교육,54,541,인원,0,0,0,0,0,0,0,0,0,0,0,0,0
경북지부,2018,교사교육,54,542,개소,0,0,0,0,0,0,0,0,0,0,0,0,0
경북지부,2018,교사교육,54,542,회차,0,0,0,0,0,0,0,0,0,0,0,0,0
경북지부,2018,교사교육,54,542,인원,0,0,0,0,0,0,0,0,0,0,0,0,0
경북지부,2018,교사교육,54,543,개소,0,0,0,0,0,0,0,0,0,0,0,0,0
경북지부,2018,교사교육,54,543,회차,0,0,0,0,0,0,0,0,0,0,0,0,0
경북지부,2018,교사교육,54,543,인원,0,0,0,0,0,0,0,0,0,0,0,0,0
경북지부,2018,교사교육,54,546,개소,0,0,0,0,0,0,0,0,0,0,0,0,0
경북지부,2018,교사교육,54,546,회차,0,0,0,0,0,0,0,0,0,0,0,0,0
경북지부,2018,교사교육,54,546,인원,3,3,3,3,3,3,3,3,3,3,3,4,37
경북지부,2019,어린이교육,11,111,개소,0,0,0,0,0,0,0,0,0,0,0,0,0
경북지부,2019,어린이교육,11,111,회차,0,0,0,0,0,0,0,0,0,0,0,0,0
경북지부,2019,어린이교육,11,111,인원,0,0,0,0,0,0,0,0,0,0,0,0,0
경북지부,2019,어린이교육,11,112,개소,0,0,0,0,0,0,0,0,0,0,0,0,0
경북지부,2019,어린이교육,11,112,회차,0,0,0,0,0,0,0,0,0,0,0,0,0
경북지부,2019,어린이교육,11,112,인원,0,0,0,0,0,0,0,0,0,0,0,0,0
경북지부,2019,어린이교육,11,113,개소,0,0,0,0,0,0,0,0,0,0,0,0,0
경북지부,2019,어린이교육,11,113,회차,0,0,0,0,0,0,0,0,0,0,0,0,0
경북지부,2019,어린이교육,11,113,인원,0,0,0,0,0,0,0,0,0,0,0,0,0
경북지부,2019,어린이교육,11,114,개소,0,0,0,0,0,0,0,0,0,0,0,0,0
경북지부,2019,어린이교육,11,114,회차,0,0,0,0,0,0,0,0,0,0,0,0,0
경북지부,2019,어린이교육,11,114,인원,0,0,0,0,0,0,0,0,0,0,0,0,0
경북지부,2019,어린이교육,12,121,개소,0,0,0,0,0,0,0,0,0,0,0,0,0
경북지부,2019,어린이교육,12,121,회차,0,0,0,0,0,0,0,0,0,0,0,0,0
경북지부,2019,어린이교육,12,121,인원,0,0,0,0,0,0,0,0,0,0,0,0,0
경북지부,2019,어린이교육,12,122,개소,0,0,0,0,0,0,0,0,0,0,0,0,0
경북지부,2019,어린이교육,12,122,회차,0,0,0,0,0,0,0,0,0,0,0,0,0
경북지부,2019,어린이교육,12,122,인원,0,0,0,0,0,0,0,0,0,0,0,0,0
경북지부,2019,어린이교육,12,124,개소,0,0,0,0,0,0,0,0,0,0,0,0,0
경북지부,2019,어린이교육,12,124,회차,0,0,0,0,0,0,0,0,0,0,0,0,0
경북지부,2019,어린이교육,12,124,인원,0,0,0,0,0,0,0,0,0,0,0,0,0
경북지부,2019,어린이교육,12,127,개소,0,0,0,0,0,0,0,0,0,0,0,0,0
경북지부,2019,어린이교육,12,127,회차,0,0,0,0,0,0,0,0,0,0,0,0,0
경북지부,2019,어린이교육,12,127,인원,0,0,0,0,0,0,0,0,0,0,0,0,0
경북지부,2019,어린이교육,13,131,개소,0,0,0,0,0,0,0,0,0,0,0,0,0
경북지부,2019,어린이교육,13,131,회차,0,0,0,0,0,0,0,0,0,0,0,0,0
경북지부,2019,어린이교육,13,131,인원,0,0,0,0,0,0,0,0,0,0,0,0,0
경북지부,2019,어린이교육,13,132,개소,0,0,0,0,0,0,0,0,0,0,0,0,0
경북지부,2019,어린이교육,13,132,회차,0,0,0,0,0,0,0,0,0,0,0,0,0
경북지부,2019,어린이교육,13,132,인원,0,0,0,0,0,0,0,0,0,0,0,0,0
경북지부,2019,어린이교육,13,134,개소,0,0,0,0,0,0,0,0,0,0,0,0,0
경북지부,2019,어린이교육,13,134,회차,0,0,0,0,0,0,0,0,0,0,0,0,0
경북지부,2019,어린이교육,13,134,인원,0,0,0,0,0,0,0,0,0,0,0,0,0
경북지부,2019,어린이교육,13,137,개소,0,0,0,0,0,0,0,0,0,0,0,0,0
경북지부,2019,어린이교육,13,137,회차,0,0,0,0,0,0,0,0,0,0,0,0,0
경북지부,2019,어린이교육,13,137,인원,0,0,0,0,0,0,0,0,0,0,0,0,0
경북지부,2019,어린이교육,14,141,개소,0,0,0,0,0,0,0,0,0,0,0,0,0
경북지부,2019,어린이교육,14,141,회차,0,0,0,0,0,0,0,0,0,0,0,0,0
경북지부,2019,어린이교육,14,141,인원,0,0,0,0,0,0,0,0,0,0,0,0,0
경북지부,2019,어린이교육,14,142,개소,0,0,0,0,0,0,0,0,0,0,0,0,0
경북지부,2019,어린이교육,14,142,회차,0,0,0,0,0,0,0,0,0,0,0,0,0
경북지부,2019,어린이교육,14,142,인원,0,0,0,0,0,0,0,0,0,0,0,0,0
경북지부,2019,어린이교육,14,144,개소,0,0,0,0,0,0,0,0,0,0,0,0,0
경북지부,2019,어린이교육,14,144,회차,0,0,0,0,0,0,0,0,0,0,0,0,0
경북지부,2019,어린이교육,14,144,인원,0,0,0,0,0,0,0,0,0,0,0,0,0
경북지부,2019,어린이교육,14,147,개소,0,0,0,0,0,0,0,0,0,0,0,0,0
경북지부,2019,어린이교육,14,147,회차,0,0,0,0,0,0,0,0,0,0,0,0,0
경북지부,2019,어린이교육,14,147,인원,0,0,0,0,0,0,0,0,0,0,0,0,0
경북지부,2019,청소년교육,21,211,개소,0,0,0,0,0,0,0,0,0,0,0,0,0
경북지부,2019,청소년교육,21,211,회차,0,0,0,0,0,0,0,0,0,0,0,0,0
경북지부,2019,청소년교육,21,211,인원,0,0,0,0,0,0,0,0,0,0,0,0,0
경북지부,2019,청소년교육,21,212,개소,0,0,0,0,0,0,0,0,0,0,0,0,0
경북지부,2019,청소년교육,21,212,회차,0,0,0,0,0,0,0,0,0,0,0,0,0
경북지부,2019,청소년교육,21,212,인원,0,0,0,0,0,0,0,0,0,0,0,0,0
경북지부,2019,청소년교육,21,214,개소,0,0,0,0,0,0,0,0,0,0,0,0,0
경북지부,2019,청소년교육,21,214,회차,0,0,0,0,0,0,0,0,0,0,0,0,0
경북지부,2019,청소년교육,21,214,인원,0,0,0,0,0,0,0,0,0,0,0,0,0
경북지부,2019,청소년교육,21,217,개소,0,0,0,0,0,0,0,0,0,0,0,0,0
경북지부,2019,청소년교육,21,217,회차,0,0,0,0,0,0,0,0,0,0,0,0,0
경북지부,2019,청소년교육,21,217,인원,0,0,0,0,0,0,0,0,0,0,0,0,0
경북지부,2019,청소년교육,21,218,개소,0,0,0,0,0,0,0,0,0,0,0,0,0
경북지부,2019,청소년교육,21,218,회차,0,0,0,0,0,0,0,0,0,0,0,0,0
경북지부,2019,청소년교육,21,218,인원,0,0,0,0,0,0,0,0,0,0,0,0,0
경북지부,2019,청소년교육,22,221,개소,0,0,0,0,0,0,0,0,0,0,0,0,0
경북지부,2019,청소년교육,22,221,회차,0,0,0,0,0,0,0,0,0,0,0,0,0
경북지부,2019,청소년교육,22,221,인원,0,0,0,0,0,0,0,0,0,0,0,0,0
경북지부,2019,청소년교육,22,222,개소,0,0,0,0,0,0,0,0,0,0,0,0,0
경북지부,2019,청소년교육,22,222,회차,0,0,0,0,0,0,0,0,0,0,0,0,0
경북지부,2019,청소년교육,22,222,인원,0,0,0,0,0,0,0,0,0,0,0,0,0
경북지부,2019,청소년교육,22,223,개소,0,0,0,0,0,0,0,0,0,0,0,0,0
경북지부,2019,청소년교육,22,223,회차,0,0,0,0,0,0,0,0,0,0,0,0,0
경북지부,2019,청소년교육,22,223,인원,0,0,0,0,0,0,0,0,0,0,0,0,0
경북지부,2019,청소년교육,22,224,개소,0,0,0,0,0,0,0,0,0,0,0,0,0
경북지부,2019,청소년교육,22,224,회차,0,0,0,0,0,0,0,0,0,0,0,0,0
경북지부,2019,청소년교육,22,224,인원,0,0,0,0,0,0,0,0,0,0,0,0,0
경북지부,2019,청소년교육,22,226,개소,0,0,0,0,0,0,0,0,0,0,0,0,0
경북지부,2019,청소년교육,22,226,회차,0,0,0,0,0,0,0,0,0,0,0,0,0
경북지부,2019,청소년교육,22,226,인원,0,0,0,0,0,0,0,0,0,0,0,0,0
경북지부,2019,청소년교육,22,227,개소,0,0,0,0,0,0,0,0,0,0,0,0,0
경북지부,2019,청소년교육,22,227,회차,0,0,0,0,0,0,0,0,0,0,0,0,0
경북지부,2019,청소년교육,22,227,인원,0,0,0,0,0,0,0,0,0,0,0,0,0
경북지부,2019,청소년교육,22,228,개소,0,0,0,0,0,0,0,0,0,0,0,0,0
경북지부,2019,청소년교육,22,228,회차,0,0,0,0,0,0,0,0,0,0,0,0,0
경북지부,2019,청소년교육,22,228,인원,0,0,0,0,0,0,0,0,0,0,0,0,0
경북지부,2019,성인교육,31,312,개소,0,0,0,0,0,0,0,0,0,0,0,0,0
경북지부,2019,성인교육,31,312,회차,0,0,0,0,0,0,0,0,0,0,0,0,0
경북지부,2019,성인교육,31,312,인원,0,0,0,0,0,0,0,0,0,0,0,0,0
경북지부,2019,성인교육,31,313,개소,0,0,0,0,0,0,0,0,0,0,0,0,0
경북지부,2019,성인교육,31,313,회차,0,0,0,0,0,0,0,0,0,0,0,0,0
경북지부,2019,성인교육,31,313,인원,0,0,0,0,0,0,0,0,0,0,0,0,0
경북지부,2019,성인교육,31,314,개소,0,0,0,0,0,0,0,0,0,0,0,0,0
경북지부,2019,성인교육,31,314,회차,0,0,0,0,0,0,0,0,0,0,0,0,0
경북지부,2019,성인교육,31,314,인원,0,0,0,0,0,0,0,0,0,0,0,0,0
경북지부,2019,성인교육,31,316,개소,0,0,0,0,0,0,0,0,0,0,0,0,0
경북지부,2019,성인교육,31,316,회차,0,0,0,0,0,0,0,0,0,0,0,0,0
경북지부,2019,성인교육,31,316,인원,0,0,0,0,0,0,0,0,0,0,0,0,0
경북지부,2019,성인교육,31,317,개소,0,0,0,0,0,0,0,0,0,0,0,0,0
경북지부,2019,성인교육,31,317,회차,0,0,0,0,0,0,0,0,0,0,0,0,0
경북지부,2019,성인교육,31,317,인원,0,0,0,0,0,0,0,0,0,0,0,0,0
경북지부,2019,성인교육,31,318,개소,0,0,0,0,0,0,0,0,0,0,0,0,0
경북지부,2019,성인교육,31,318,회차,0,0,0,0,0,0,0,0,0,0,0,0,0
경북지부,2019,성인교육,31,318,인원,0,0,0,0,0,0,0,0,0,0,0,0,0
경북지부,2019,성인교육,31,319,개소,0,0,0,0,0,0,0,0,0,0,0,0,0
경북지부,2019,성인교육,31,319,회차,0,0,0,0,0,0,0,0,0,0,0,0,0
경북지부,2019,성인교육,31,319,인원,0,0,0,0,0,0,0,0,0,0,0,0,0
경북지부,2019,성인교육,32,322,개소,0,0,0,0,0,0,0,0,0,0,0,0,0
경북지부,2019,성인교육,32,322,회차,0,0,0,0,0,0,0,0,0,0,0,0,0
경북지부,2019,성인교육,32,322,인원,0,0,0,0,0,0,0,0,0,0,0,0,0
경북지부,2019,성인교육,32,323,개소,0,0,0,0,0,0,0,0,0,0,0,0,0
경북지부,2019,성인교육,32,323,회차,0,0,0,0,0,0,0,0,0,0,0,0,0
경북지부,2019,성인교육,32,323,인원,0,0,0,0,0,0,0,0,0,0,0,0,0
경북지부,2019,성인교육,32,326,개소,0,0,0,0,0,0,0,0,0,0,0,0,0
경북지부,2019,성인교육,32,326,회차,0,0,0,0,0,0,0,0,0,0,0,0,0
경북지부,2019,성인교육,32,326,인원,0,0,0,0,0,0,0,0,0,0,0,0,0
경북지부,2019,성인교육,32,328,개소,0,0,0,0,0,0,0,0,0,0,0,0,0
경북지부,2019,성인교육,32,328,회차,0,0,0,0,0,0,0,0,0,0,0,0,0
경북지부,2019,성인교육,32,328,인원,0,0,0,0,0,0,0,0,0,0,0,0,0
경북지부,2019,성인교육,32,329,개소,0,0,0,0,0,0,0,0,0,0,0,0,0
경북지부,2019,성인교육,32,329,회차,0,0,0,0,0,0,0,0,0,0,0,0,0
경북지부,2019,성인교육,32,329,인원,0,0,0,0,0,0,0,0,0,0,0,0,0
경북지부,2019,성인교육,33,332,개소,0,0,0,0,0,0,0,0,0,0,0,0,0
경북지부,2019,성인교육,33,332,회차,0,0,0,0,0,0,0,0,0,0,0,0,0
경북지부,2019,성인교육,33,332,인원,0,0,0,0,0,0,0,0,0,0,0,0,0
경북지부,2019,성인교육,33,333,개소,0,0,0,0,0,0,0,0,0,0,0,0,0
경북지부,2019,성인교육,33,333,회차,0,0,0,0,0,0,0,0,0,0,0,0,0
경북지부,2019,성인교육,33,333,인원,0,0,0,0,0,0,0,0,0,0,0,0,0
경북지부,2019,성인교육,33,336,개소,0,0,0,0,0,0,0,0,0,0,0,0,0
경북지부,2019,성인교육,33,336,회차,0,0,0,0,0,0,0,0,0,0,0,0,0
경북지부,2019,성인교육,33,336,인원,0,0,0,0,0,0,0,0,0,0,0,0,0
경북지부,2019,성인교육,33,338,개소,0,0,0,0,0,0,0,0,0,0,0,0,0
경북지부,2019,성인교육,33,338,회차,0,0,0,0,0,0,0,0,0,0,0,0,0
경북지부,2019,성인교육,33,338,인원,0,0,0,0,0,0,0,0,0,0,0,0,0
경북지부,2019,성인교육,33,339,개소,0,0,0,0,0,0,0,0,0,0,0,0,0
경북지부,2019,성인교육,33,339,회차,0,0,0,0,0,0,0,0,0,0,0,0,0
경북지부,2019,성인교육,33,339,인원,0,0,0,0,0,0,0,0,0,0,0,0,0
경북지부,2019,성인교육,34,342,개소,0,0,0,0,0,0,0,0,0,0,0,0,0
경북지부,2019,성인교육,34,342,회차,0,0,0,0,0,0,0,0,0,0,0,0,0
경북지부,2019,성인교육,34,342,인원,0,0,0,0,0,0,0,0,0,0,0,0,0
경북지부,2019,성인교육,34,343,개소,0,0,0,0,0,0,0,0,0,0,0,0,0
경북지부,2019,성인교육,34,343,회차,0,0,0,0,0,0,0,0,0,0,0,0,0
경북지부,2019,성인교육,34,343,인원,0,0,0,0,0,0,0,0,0,0,0,0,0
경북지부,2019,성인교육,34,346,개소,0,0,0,0,0,0,0,0,0,0,0,0,0
경북지부,2019,성인교육,34,346,회차,0,0,0,0,0,0,0,0,0,0,0,0,0
경북지부,2019,성인교육,34,346,인원,0,0,0,0,0,0,0,0,0,0,0,0,0
경북지부,2019,성인교육,34,348,개소,0,0,0,0,0,0,0,0,0,0,0,0,0
경북지부,2019,성인교육,34,348,회차,0,0,0,0,0,0,0,0,0,0,0,0,0
경북지부,2019,성인교육,34,348,인원,0,0,0,0,0,0,0,0,0,0,0,0,0
경북지부,2019,성인교육,34,349,개소,0,0,0,0,0,0,0,0,0,0,0,0,0
경북지부,2019,성인교육,34,349,회차,0,0,0,0,0,0,0,0,0,0,0,0,0
경북지부,2019,성인교육,34,349,인원,0,0,0,0,0,0,0,0,0,0,0,0,0
경북지부,2019,성인교육,35,352,개소,0,0,0,0,0,0,0,0,0,0,0,0,0
경북지부,2019,성인교육,35,352,회차,0,0,0,0,0,0,0,0,0,0,0,0,0
경북지부,2019,성인교육,35,352,인원,0,0,0,0,0,0,0,0,0,0,0,0,0
경북지부,2019,성인교육,35,353,개소,0,0,0,0,0,0,0,0,0,0,0,0,0
경북지부,2019,성인교육,35,353,회차,0,0,0,0,0,0,0,0,0,0,0,0,0
경북지부,2019,성인교육,35,353,인원,0,0,0,0,0,0,0,0,0,0,0,0,0
경북지부,2019,성인교육,35,356,개소,0,0,0,0,0,0,0,0,0,0,0,0,0
경북지부,2019,성인교육,35,356,회차,0,0,0,0,0,0,0,0,0,0,0,0,0
경북지부,2019,성인교육,35,356,인원,0,0,0,0,0,0,0,0,0,0,0,0,0
경북지부,2019,성인교육,35,358,개소,0,0,0,0,0,0,0,0,0,0,0,0,0
경북지부,2019,성인교육,35,358,회차,0,0,0,0,0,0,0,0,0,0,0,0,0
경북지부,2019,성인교육,35,358,인원,0,0,0,0,0,0,0,0,0,0,0,0,0
경북지부,2019,성인교육,35,359,개소,0,0,0,0,0,0,0,0,0,0,0,0,0
경북지부,2019,성인교육,35,359,회차,0,0,0,0,0,0,0,0,0,0,0,0,0
경북지부,2019,성인교육,35,359,인원,0,0,0,0,0,0,0,0,0,0,0,0,0
경북지부,2019,성인교육,36,362,개소,0,0,0,0,0,0,0,0,0,0,0,0,0
경북지부,2019,성인교육,36,362,회차,0,0,0,0,0,0,0,0,0,0,0,0,0
경북지부,2019,성인교육,36,362,인원,0,0,0,0,0,0,0,0,0,0,0,0,0
경북지부,2019,성인교육,36,363,개소,0,0,0,0,0,0,0,0,0,0,0,0,0
경북지부,2019,성인교육,36,363,회차,0,0,0,0,0,0,0,0,0,0,0,0,0
경북지부,2019,성인교육,36,363,인원,0,0,0,0,0,0,0,0,0,0,0,0,0
경북지부,2019,성인교육,36,365,개소,0,0,0,0,0,0,0,0,0,0,0,0,0
경북지부,2019,성인교육,36,365,회차,0,0,0,0,0,0,0,0,0,0,0,0,0
경북지부,2019,성인교육,36,365,인원,0,0,0,0,0,0,0,0,0,0,0,0,0
경북지부,2019,성인교육,36,366,개소,0,0,0,0,0,0,0,0,0,0,0,0,0
경북지부,2019,성인교육,36,366,회차,0,0,0,0,0,0,0,0,0,0,0,0,0
경북지부,2019,성인교육,36,366,인원,0,0,0,0,0,0,0,0,0,0,0,0,0
경북지부,2019,성인교육,36,368,개소,0,0,0,0,0,0,0,0,0,0,0,0,0
경북지부,2019,성인교육,36,368,회차,0,0,0,0,0,0,0,0,0,0,0,0,0
경북지부,2019,성인교육,36,368,인원,0,0,0,0,0,0,0,0,0,0,0,0,0
경북지부,2019,성인교육,36,369,개소,0,0,0,0,0,0,0,0,0,0,0,0,0
경북지부,2019,성인교육,36,369,회차,0,0,0,0,0,0,0,0,0,0,0,0,0
경북지부,2019,성인교육,36,369,인원,0,0,0,0,0,0,0,0,0,0,0,0,0
경북지부,2019,성인교육,37,372,개소,0,0,0,0,0,0,0,0,0,0,0,0,0
경북지부,2019,성인교육,37,372,회차,0,0,0,0,0,0,0,0,0,0,0,0,0
경북지부,2019,성인교육,37,372,인원,0,0,0,0,0,0,0,0,0,0,0,0,0
경북지부,2019,성인교육,37,373,개소,0,0,0,0,0,0,0,0,0,0,0,0,0
경북지부,2019,성인교육,37,373,회차,0,0,0,0,0,0,0,0,0,0,0,0,0
경북지부,2019,성인교육,37,373,인원,0,0,0,0,0,0,0,0,0,0,0,0,0
경북지부,2019,성인교육,37,376,회차,0,0,0,0,0,0,0,0,0,0,0,0,0
경북지부,2019,성인교육,37,376,인원,0,0,0,0,0,0,0,0,0,0,0,0,0
경북지부,2019,성인교육,37,376,개소,0,0,0,0,0,0,0,0,0,0,0,0,0
경북지부,2019,성인교육,37,378,개소,0,0,0,0,0,0,0,0,0,0,0,0,0
경북지부,2019,성인교육,37,378,회차,0,0,0,0,0,0,0,0,0,0,0,0,0
경북지부,2019,성인교육,37,378,인원,0,0,0,0,0,0,0,0,0,0,0,0,0
경북지부,2019,성인교육,37,379,개소,0,0,0,0,0,0,0,0,0,0,0,0,0
경북지부,2019,성인교육,37,379,회차,0,0,0,0,0,0,0,0,0,0,0,0,0
경북지부,2019,성인교육,37,379,인원,0,0,0,0,0,0,0,0,0,0,0,0,0
경북지부,2019,성인교육,38,381,개소,0,0,0,0,0,0,0,0,0,0,0,0,0
경북지부,2019,성인교육,38,381,회차,0,0,0,0,0,0,0,0,0,0,0,0,0
경북지부,2019,성인교육,38,381,인원,0,0,0,0,0,0,0,0,0,0,0,0,0
경북지부,2019,성인교육,38,382,개소,0,0,0,0,0,0,0,0,0,0,0,0,0
경북지부,2019,성인교육,38,382,회차,0,0,0,0,0,0,0,0,0,0,0,0,0
경북지부,2019,성인교육,38,382,인원,0,0,0,0,0,0,0,0,0,0,0,0,0
경북지부,2019,성인교육,38,386,개소,0,0,0,0,0,0,0,0,0,0,0,0,0
경북지부,2019,성인교육,38,386,회차,0,0,0,0,0,0,0,0,0,0,0,0,0
경북지부,2019,성인교육,38,386,인원,0,0,0,0,0,0,0,0,0,0,0,0,0
경북지부,2019,성인교육,38,388,개소,0,0,0,0,0,0,0,0,0,0,0,0,0
경북지부,2019,성인교육,38,388,회차,0,0,0,0,0,0,0,0,0,0,0,0,0
경북지부,2019,성인교육,38,388,인원,0,0,0,0,0,0,0,0,0,0,0,0,0
경북지부,2019,성인교육,39,392,개소,0,0,0,0,0,0,0,0,0,0,0,0,0
경북지부,2019,성인교육,39,392,회차,0,0,0,0,0,0,0,0,0,0,0,0,0
경북지부,2019,성인교육,39,392,인원,0,0,0,0,0,0,0,0,0,0,0,0,0
경북지부,2019,성인교육,39,393,개소,0,0,0,0,0,0,0,0,0,0,0,0,0
경북지부,2019,성인교육,39,393,회차,0,0,0,0,0,0,0,0,0,0,0,0,0
경북지부,2019,성인교육,39,393,인원,0,0,0,0,0,0,0,0,0,0,0,0,0
경북지부,2019,성인교육,39,396,개소,0,0,0,0,0,0,0,0,0,0,0,0,0
경북지부,2019,성인교육,39,396,회차,0,0,0,0,0,0,0,0,0,0,0,0,0
경북지부,2019,성인교육,39,396,인원,0,0,0,0,0,0,0,0,0,0,0,0,0
경북지부,2019,성인교육,39,398,개소,0,0,0,0,0,0,0,0,0,0,0,0,0
경북지부,2019,성인교육,39,398,회차,0,0,0,0,0,0,0,0,0,0,0,0,0
경북지부,2019,성인교육,39,398,인원,0,0,0,0,0,0,0,0,0,0,0,0,0
경북지부,2019,고령자교육,41,411,개소,0,0,0,0,0,0,0,0,0,0,0,0,0
경북지부,2019,고령자교육,41,411,회차,0,0,0,0,0,0,0,0,0,0,0,0,0
경북지부,2019,고령자교육,41,411,인원,0,0,0,0,0,0,0,0,0,0,0,0,0
경북지부,2019,고령자교육,41,412,개소,0,0,0,0,0,0,0,0,0,0,0,0,0
경북지부,2019,고령자교육,41,412,회차,0,0,0,0,0,0,0,0,0,0,0,0,0
경북지부,2019,고령자교육,41,412,인원,0,0,0,0,0,0,0,0,0,0,0,0,0
경북지부,2019,고령자교육,41,413,개소,0,0,0,0,0,0,0,0,0,0,0,0,0
경북지부,2019,고령자교육,41,413,회차,0,0,0,0,0,0,0,0,0,0,0,0,0
경북지부,2019,고령자교육,41,413,인원,0,0,0,0,0,0,0,0,0,0,0,0,0
경북지부,2019,고령자교육,41,417,개소,0,0,0,0,0,0,0,0,0,0,0,0,0
경북지부,2019,고령자교육,41,417,회차,0,0,0,0,0,0,0,0,0,0,0,0,0
경북지부,2019,고령자교육,41,417,인원,0,0,0,0,0,0,0,0,0,0,0,0,0
경북지부,2019,고령자교육,42,422,개소,0,0,0,0,0,0,0,0,0,0,0,0,0
경북지부,2019,고령자교육,42,422,회차,0,0,0,0,0,0,0,0,0,0,0,0,0
경북지부,2019,고령자교육,42,422,인원,0,0,0,0,0,0,0,0,0,0,0,0,0
경북지부,2019,고령자교육,42,423,개소,0,0,0,0,0,0,0,0,0,0,0,0,0
경북지부,2019,고령자교육,42,423,회차,0,0,0,0,0,0,0,0,0,0,0,0,0
경북지부,2019,고령자교육,42,423,인원,0,0,0,0,0,0,0,0,0,0,0,0,0
경북지부,2019,고령자교육,42,426,개소,0,0,0,0,0,0,0,0,0,0,0,0,0
경북지부,2019,고령자교육,42,426,회차,0,0,0,0,0,0,0,0,0,0,0,0,0
경북지부,2019,고령자교육,42,426,인원,0,0,0,0,0,0,0,0,0,0,0,0,0
경북지부,2019,교사교육,51,511,개소,0,0,0,0,0,0,0,0,0,0,0,0,0
경북지부,2019,교사교육,51,511,회차,0,0,0,0,0,0,0,0,0,0,0,0,0
경북지부,2019,교사교육,51,511,인원,0,0,0,0,0,0,0,0,0,0,0,0,0
경북지부,2019,교사교육,51,512,개소,0,0,0,0,0,0,0,0,0,0,0,0,0
경북지부,2019,교사교육,51,512,회차,0,0,0,0,0,0,0,0,0,0,0,0,0
경북지부,2019,교사교육,51,512,인원,0,0,0,0,0,0,0,0,0,0,0,0,0
경북지부,2019,교사교육,51,516,개소,0,0,0,0,0,0,0,0,0,0,0,0,0
경북지부,2019,교사교육,51,516,회차,0,0,0,0,0,0,0,0,0,0,0,0,0
경북지부,2019,교사교육,51,516,인원,0,0,0,0,0,0,0,0,0,0,0,0,0
경북지부,2019,교사교육,52,521,개소,0,0,0,0,0,0,0,0,0,0,0,0,0
경북지부,2019,교사교육,52,521,회차,0,0,0,0,0,0,0,0,0,0,0,0,0
경북지부,2019,교사교육,52,521,인원,0,0,0,0,0,0,0,0,0,0,0,0,0
경북지부,2019,교사교육,52,522,개소,0,0,0,0,0,0,0,0,0,0,0,0,0
경북지부,2019,교사교육,52,522,회차,0,0,0,0,0,0,0,0,0,0,0,0,0
경북지부,2019,교사교육,52,522,인원,0,0,0,0,0,0,0,0,0,0,0,0,0
경북지부,2019,교사교육,52,526,개소,0,0,0,0,0,0,0,0,0,0,0,0,0
경북지부,2019,교사교육,52,526,회차,0,0,0,0,0,0,0,0,0,0,0,0,0
경북지부,2019,교사교육,52,526,인원,0,0,0,0,0,0,0,0,0,0,0,0,0
경북지부,2019,교사교육,53,531,개소,0,0,0,0,0,0,0,0,0,0,0,0,0
경북지부,2019,교사교육,53,531,회차,0,0,0,0,0,0,0,0,0,0,0,0,0
경북지부,2019,교사교육,53,531,인원,0,0,0,0,0,0,0,0,0,0,0,0,0
경북지부,2019,교사교육,53,532,개소,0,0,0,0,0,0,0,0,0,0,0,0,0
경북지부,2019,교사교육,53,532,회차,0,0,0,0,0,0,0,0,0,0,0,0,0
경북지부,2019,교사교육,53,532,인원,0,0,0,0,0,0,0,0,0,0,0,0,0
경북지부,2019,교사교육,53,536,개소,0,0,0,0,0,0,0,0,0,0,0,0,0
경북지부,2019,교사교육,53,536,회차,0,0,0,0,0,0,0,0,0,0,0,0,0
경북지부,2019,교사교육,53,536,인원,0,0,0,0,0,0,0,0,0,0,0,0,0
경북지부,2019,교사교육,54,541,개소,0,0,0,0,0,0,0,0,0,0,0,0,0
경북지부,2019,교사교육,54,541,회차,0,0,0,0,0,0,0,0,0,0,0,0,0
경북지부,2019,교사교육,54,541,인원,0,0,0,0,0,0,0,0,0,0,0,0,0
경북지부,2019,교사교육,54,542,개소,0,0,0,0,0,0,0,0,0,0,0,0,0
경북지부,2019,교사교육,54,542,회차,0,0,0,0,0,0,0,0,0,0,0,0,0
경북지부,2019,교사교육,54,542,인원,0,0,0,0,0,0,0,0,0,0,0,0,0
경북지부,2019,교사교육,54,543,개소,0,0,0,0,0,0,0,0,0,0,0,0,0
경북지부,2019,교사교육,54,543,회차,0,0,0,0,0,0,0,0,0,0,0,0,0
경북지부,2019,교사교육,54,543,인원,0,0,0,0,0,0,0,0,0,0,0,0,0
경북지부,2019,교사교육,54,546,개소,0,0,0,0,0,0,0,0,0,0,0,0,0
경북지부,2019,교사교육,54,546,회차,0,0,0,0,0,0,0,0,0,0,0,0,0
경북지부,2019,교사교육,54,546,인원,0,0,0,0,0,0,0,0,0,0,0,0,0
경북지부,2021,성인교육,31,312,개소,0,0,0,0,0,0,0,0,0,0,0,0,0
경북지부,2021,성인교육,31,312,회차,0,0,0,0,0,0,0,0,0,0,0,0,0
경북지부,2021,성인교육,31,312,인원,0,0,0,0,0,0,0,0,0,0,0,0,0
경북지부,2021,성인교육,31,313,개소,0,0,0,0,0,0,0,0,0,0,0,0,0
경북지부,2021,성인교육,31,313,회차,0,0,0,0,0,0,0,0,0,0,0,0,0
경북지부,2021,성인교육,31,313,인원,0,0,0,0,0,0,0,0,0,0,0,0,0
경북지부,2021,성인교육,31,314,개소,0,0,0,0,0,0,0,0,0,0,0,0,0
경북지부,2021,성인교육,31,314,회차,0,0,0,0,0,0,0,0,0,0,0,0,0
경북지부,2021,성인교육,31,314,인원,0,0,0,0,0,0,0,0,0,0,0,0,0
경북지부,2021,성인교육,31,316,개소,0,0,0,0,0,0,0,0,0,0,0,0,0
경북지부,2021,성인교육,31,316,회차,0,0,0,0,0,0,0,0,0,0,0,0,0
경북지부,2021,성인교육,31,316,인원,0,0,0,0,0,0,0,0,0,0,0,0,0
경북지부,2021,성인교육,31,317,개소,0,0,0,0,0,0,0,0,0,0,0,0,0
경북지부,2021,성인교육,31,317,회차,0,0,0,0,0,0,0,0,0,0,0,0,0
경북지부,2021,성인교육,31,317,인원,0,0,0,0,0,0,0,0,0,0,0,0,0
경북지부,2021,성인교육,31,318,개소,0,0,0,0,0,0,0,0,0,0,0,0,0
경북지부,2021,성인교육,31,318,회차,0,0,0,0,0,0,0,0,0,0,0,0,0
경북지부,2021,성인교육,31,318,인원,0,0,0,0,0,0,0,0,0,0,0,0,0
경북지부,2021,성인교육,31,319,개소,0,0,0,0,0,0,0,0,0,0,0,0,0
경북지부,2021,성인교육,31,319,회차,0,0,0,0,0,0,0,0,0,0,0,0,0
경북지부,2021,성인교육,31,319,인원,0,0,0,0,0,0,0,0,0,0,0,0,0
경북지부,2021,성인교육,32,322,개소,0,0,0,0,0,0,0,0,0,0,0,0,0
경북지부,2021,성인교육,32,322,회차,0,0,0,0,0,0,0,0,0,0,0,0,0
경북지부,2021,성인교육,32,322,인원,0,0,0,0,0,0,0,0,0,0,0,0,0
경북지부,2021,성인교육,32,323,개소,0,0,0,0,0,0,0,0,0,0,0,0,0
경북지부,2021,성인교육,32,323,회차,0,0,0,0,0,0,0,0,0,0,0,0,0
경북지부,2021,성인교육,32,323,인원,0,0,0,0,0,0,0,0,0,0,0,0,0
경북지부,2021,성인교육,32,326,개소,0,0,0,0,0,0,0,0,0,0,0,0,0
경북지부,2021,성인교육,32,326,회차,0,0,0,0,0,0,0,0,0,0,0,0,0
경북지부,2021,성인교육,32,326,인원,0,0,0,0,0,0,0,0,0,0,0,0,0
경북지부,2021,성인교육,32,328,개소,0,0,0,0,0,0,0,0,0,0,0,0,0
경북지부,2021,성인교육,32,328,회차,0,0,0,0,0,0,0,0,0,0,0,0,0
경북지부,2021,성인교육,32,328,인원,0,0,0,0,0,0,0,0,0,0,0,0,0
경북지부,2021,성인교육,32,329,개소,0,0,0,0,0,0,0,0,0,0,0,0,0
경북지부,2021,성인교육,32,329,회차,0,0,0,0,0,0,0,0,0,0,0,0,0
경북지부,2021,성인교육,32,329,인원,0,0,0,0,0,0,0,0,0,0,0,0,0
경북지부,2021,성인교육,33,332,개소,0,0,0,0,0,0,0,0,0,0,0,0,0
경북지부,2021,성인교육,33,332,회차,0,0,0,0,0,0,0,0,0,0,0,0,0
경북지부,2021,성인교육,33,332,인원,0,0,0,0,0,0,0,0,0,0,0,0,0
경북지부,2021,성인교육,33,333,개소,0,0,0,0,0,0,0,0,0,0,0,0,0
경북지부,2021,성인교육,33,333,회차,0,0,0,0,0,0,0,0,0,0,0,0,0
경북지부,2021,성인교육,33,333,인원,0,0,0,0,0,0,0,0,0,0,0,0,0
경북지부,2021,성인교육,33,336,개소,0,0,0,0,0,0,0,0,0,0,0,0,0
경북지부,2021,성인교육,33,336,회차,0,0,0,0,0,0,0,0,0,0,0,0,0
경북지부,2021,성인교육,33,336,인원,0,0,0,0,0,0,0,0,0,0,0,0,0
경북지부,2021,성인교육,33,338,개소,0,0,0,0,0,0,0,0,0,0,0,0,0
경북지부,2021,성인교육,33,338,회차,0,0,0,0,0,0,0,0,0,0,0,0,0
경북지부,2021,성인교육,33,338,인원,0,0,0,0,0,0,0,0,0,0,0,0,0
경북지부,2021,성인교육,33,339,개소,0,0,0,0,0,0,0,0,0,0,0,0,0
경북지부,2021,성인교육,33,339,회차,0,0,0,0,0,0,0,0,0,0,0,0,0
경북지부,2021,성인교육,33,339,인원,0,0,0,0,0,0,0,0,0,0,0,0,0
경북지부,2021,성인교육,34,342,개소,0,0,0,0,0,0,0,0,0,0,0,0,0
경북지부,2021,성인교육,34,342,회차,0,0,0,0,0,0,0,0,0,0,0,0,0
경북지부,2021,성인교육,34,342,인원,0,0,0,0,0,0,0,0,0,0,0,0,0
경북지부,2021,성인교육,34,343,개소,0,0,0,0,0,0,0,0,0,0,0,0,0
경북지부,2021,성인교육,34,343,회차,0,0,0,0,0,0,0,0,0,0,0,0,0
경북지부,2021,성인교육,34,343,인원,0,0,0,0,0,0,0,0,0,0,0,0,0
경북지부,2021,성인교육,34,346,개소,0,0,0,0,0,0,0,0,0,0,0,0,0
경북지부,2021,성인교육,34,346,회차,0,0,0,0,0,0,0,0,0,0,0,0,0
경북지부,2021,성인교육,34,346,인원,0,0,0,0,0,0,0,0,0,0,0,0,0
경북지부,2021,성인교육,34,348,개소,0,0,0,0,0,0,0,0,0,0,0,0,0
경북지부,2021,성인교육,34,348,회차,0,0,0,0,0,0,0,0,0,0,0,0,0
경북지부,2021,성인교육,34,348,인원,0,0,0,0,0,0,0,0,0,0,0,0,0
경북지부,2021,성인교육,34,349,개소,0,0,0,0,0,0,0,0,0,0,0,0,0
경북지부,2021,성인교육,34,349,회차,0,0,0,0,0,0,0,0,0,0,0,0,0
경북지부,2021,성인교육,34,349,인원,0,0,0,0,0,0,0,0,0,0,0,0,0
경북지부,2021,성인교육,35,352,개소,0,0,0,0,0,0,0,0,0,0,0,0,0
경북지부,2021,성인교육,35,352,회차,0,0,0,0,0,0,0,0,0,0,0,0,0
경북지부,2021,성인교육,35,352,인원,0,0,0,0,0,0,0,0,0,0,0,0,0
경북지부,2021,성인교육,35,353,개소,0,0,0,0,0,0,0,0,0,0,0,0,0
경북지부,2021,성인교육,35,353,회차,0,0,0,0,0,0,0,0,0,0,0,0,0
경북지부,2021,성인교육,35,353,인원,0,0,0,0,0,0,0,0,0,0,0,0,0
경북지부,2021,성인교육,35,356,개소,0,0,0,0,0,0,0,0,0,0,0,0,0
경북지부,2021,성인교육,35,356,회차,0,0,0,0,0,0,0,0,0,0,0,0,0
경북지부,2021,성인교육,35,356,인원,0,0,0,0,0,0,0,0,0,0,0,0,0
경북지부,2021,성인교육,35,358,개소,0,0,0,0,0,0,0,0,0,0,0,0,0
경북지부,2021,성인교육,35,358,회차,0,0,0,0,0,0,0,0,0,0,0,0,0
경북지부,2021,성인교육,35,358,인원,0,0,0,0,0,0,0,0,0,0,0,0,0
경북지부,2021,성인교육,35,359,개소,0,0,0,0,0,0,0,0,0,0,0,0,0
경북지부,2021,성인교육,35,359,회차,0,0,0,0,0,0,0,0,0,0,0,0,0
경북지부,2021,성인교육,35,359,인원,0,0,0,0,0,0,0,0,0,0,0,0,0
경북지부,2021,성인교육,36,362,개소,0,0,0,0,0,0,0,0,0,0,0,0,0
경북지부,2021,성인교육,36,362,회차,0,0,0,0,0,0,0,0,0,0,0,0,0
경북지부,2021,성인교육,36,362,인원,0,0,0,0,0,0,0,0,0,0,0,0,0
경북지부,2021,성인교육,36,363,개소,0,0,0,0,0,0,0,0,0,0,0,0,0
경북지부,2021,성인교육,36,363,회차,0,0,0,0,0,0,0,0,0,0,0,0,0
경북지부,2021,성인교육,36,363,인원,0,0,0,0,0,0,0,0,0,0,0,0,0
경북지부,2021,성인교육,36,365,개소,0,0,0,0,0,0,0,0,0,0,0,0,0
경북지부,2021,성인교육,36,365,회차,0,0,0,0,0,0,0,0,0,0,0,0,0
경북지부,2021,성인교육,36,365,인원,0,0,0,0,0,0,0,0,0,0,0,0,0
경북지부,2021,성인교육,36,366,개소,0,0,0,0,0,0,0,0,0,0,0,0,0
경북지부,2021,성인교육,36,366,회차,0,0,0,0,0,0,0,0,0,0,0,0,0
경북지부,2021,성인교육,36,366,인원,0,0,0,0,0,0,0,0,0,0,0,0,0
경북지부,2021,성인교육,36,368,개소,0,0,0,0,0,0,0,0,0,0,0,0,0
경북지부,2021,성인교육,36,368,회차,0,0,0,0,0,0,0,0,0,0,0,0,0
경북지부,2021,성인교육,36,368,인원,0,0,0,0,0,0,0,0,0,0,0,0,0
경북지부,2021,성인교육,36,369,개소,0,0,0,0,0,0,0,0,0,0,0,0,0
경북지부,2021,성인교육,36,369,회차,0,0,0,0,0,0,0,0,0,0,0,0,0
경북지부,2021,성인교육,36,369,인원,0,0,0,0,0,0,0,0,0,0,0,0,0
경북지부,2021,성인교육,37,372,개소,0,0,0,0,0,0,0,0,0,0,0,0,0
경북지부,2021,성인교육,37,372,회차,0,0,0,0,0,0,0,0,0,0,0,0,0
경북지부,2021,성인교육,37,372,인원,0,0,0,0,0,0,0,0,0,0,0,0,0
경북지부,2021,성인교육,37,373,개소,0,0,0,0,0,0,0,0,0,0,0,0,0
경북지부,2021,성인교육,37,373,회차,0,0,0,0,0,0,0,0,0,0,0,0,0
경북지부,2021,성인교육,37,373,인원,0,0,0,0,0,0,0,0,0,0,0,0,0
경북지부,2021,성인교육,37,376,개소,0,0,0,0,0,0,0,0,0,0,0,0,0
경북지부,2021,성인교육,37,376,회차,0,0,0,0,0,0,0,0,0,0,0,0,0
경북지부,2021,성인교육,37,376,인원,0,0,0,0,0,0,0,0,0,0,0,0,0
경북지부,2021,성인교육,37,378,개소,0,0,0,0,0,0,0,0,0,0,0,0,0
경북지부,2021,성인교육,37,378,회차,0,0,0,0,0,0,0,0,0,0,0,0,0
경북지부,2021,성인교육,37,378,인원,0,0,0,0,0,0,0,0,0,0,0,0,0
경북지부,2021,성인교육,37,379,개소,0,0,0,0,0,0,0,0,0,0,0,0,0
경북지부,2021,성인교육,37,379,회차,0,0,0,0,0,0,0,0,0,0,0,0,0
경북지부,2021,성인교육,37,379,인원,0,0,0,0,0,0,0,0,0,0,0,0,0
경북지부,2021,성인교육,38,381,개소,0,0,0,0,0,0,0,0,0,0,0,0,0
경북지부,2021,성인교육,38,381,회차,0,0,0,0,0,0,0,0,0,0,0,0,0
경북지부,2021,성인교육,38,381,인원,0,0,0,0,0,0,0,0,0,0,0,0,0
경북지부,2021,성인교육,38,382,개소,0,0,0,0,0,0,0,0,0,0,0,0,0
경북지부,2021,성인교육,38,382,회차,0,0,0,0,0,0,0,0,0,0,0,0,0
경북지부,2021,성인교육,38,382,인원,0,0,0,0,0,0,0,0,0,0,0,0,0
경북지부,2021,성인교육,38,386,개소,0,0,0,0,0,0,0,0,0,0,0,0,0
경북지부,2021,성인교육,38,386,회차,0,0,0,0,0,0,0,0,0,0,0,0,0
경북지부,2021,성인교육,38,386,인원,0,0,0,0,0,0,0,0,0,0,0,0,0
경북지부,2021,성인교육,38,388,개소,0,0,0,0,0,0,0,0,0,0,0,0,0
경북지부,2021,성인교육,38,388,회차,0,0,0,0,0,0,0,0,0,0,0,0,0
경북지부,2021,성인교육,38,388,인원,0,0,0,0,0,0,0,0,0,0,0,0,0
경북지부,2021,성인교육,39,392,개소,0,0,0,0,0,0,0,0,0,0,0,0,0
경북지부,2021,성인교육,39,392,회차,0,0,0,0,0,0,0,0,0,0,0,0,0
경북지부,2021,성인교육,39,392,인원,0,0,0,0,0,0,0,0,0,0,0,0,0
경북지부,2021,성인교육,39,393,개소,0,0,0,0,0,0,0,0,0,0,0,0,0
경북지부,2021,성인교육,39,393,회차,0,0,0,0,0,0,0,0,0,0,0,0,0
경북지부,2021,성인교육,39,393,인원,0,0,0,0,0,0,0,0,0,0,0,0,0
경북지부,2021,성인교육,39,396,개소,0,0,0,0,0,0,0,0,0,0,0,0,0
경북지부,2021,성인교육,39,396,회차,0,0,0,0,0,0,0,0,0,0,0,0,0
경북지부,2021,성인교육,39,396,인원,0,0,0,0,0,0,0,0,0,0,0,0,0
경북지부,2021,성인교육,39,398,개소,0,0,0,0,0,0,0,0,0,0,0,0,0
경북지부,2021,성인교육,39,398,회차,0,0,0,0,0,0,0,0,0,0,0,0,0
경북지부,2021,성인교육,39,398,인원,0,0,0,0,0,0,0,0,0,0,0,0,0
울산경남지부,2015,성인교육,31,312,개소,0,0,0,0,0,0,0,0,0,0,0,0,0
울산경남지부,2015,성인교육,31,312,회차,0,0,0,0,0,0,0,0,0,0,0,0,0
울산경남지부,2015,성인교육,31,312,인원,0,0,0,0,0,0,0,0,0,0,0,0,0
울산경남지부,2015,성인교육,31,313,개소,0,0,0,0,0,0,0,0,0,0,0,0,0
울산경남지부,2015,성인교육,31,313,회차,0,0,0,0,0,0,0,0,0,0,0,0,0
울산경남지부,2015,성인교육,31,313,인원,0,0,0,0,0,0,0,0,0,0,0,0,0
울산경남지부,2015,성인교육,31,314,개소,0,0,0,0,0,0,0,0,0,0,0,0,0
울산경남지부,2015,성인교육,31,314,회차,0,0,0,0,0,0,0,0,0,0,0,0,0
울산경남지부,2015,성인교육,31,314,인원,0,0,0,0,0,0,0,0,0,0,0,0,0
울산경남지부,2015,성인교육,31,316,개소,0,0,0,0,0,0,0,0,0,0,0,0,0
울산경남지부,2015,성인교육,31,316,회차,0,0,0,0,0,0,0,0,0,0,0,0,0
울산경남지부,2015,성인교육,31,316,인원,0,0,0,0,0,0,0,0,0,0,0,0,0
울산경남지부,2015,성인교육,31,317,개소,0,0,0,0,0,0,0,0,0,0,0,0,0
울산경남지부,2015,성인교육,31,317,회차,0,0,0,0,0,0,0,0,0,0,0,0,0
울산경남지부,2015,성인교육,31,317,인원,0,0,0,0,0,0,0,0,0,0,0,0,0
울산경남지부,2015,성인교육,31,318,개소,0,0,0,0,0,0,0,0,0,0,0,0,0
울산경남지부,2015,성인교육,31,318,회차,0,0,0,0,0,0,0,0,0,0,0,0,0
울산경남지부,2015,성인교육,31,318,인원,0,0,0,0,0,0,0,0,0,0,0,0,0
울산경남지부,2015,성인교육,31,319,개소,0,0,0,0,0,0,0,0,0,0,0,0,0
울산경남지부,2015,성인교육,31,319,회차,0,0,0,0,0,0,0,0,0,0,0,0,0
울산경남지부,2015,성인교육,31,319,인원,0,0,0,0,0,0,0,0,0,0,0,0,0
울산경남지부,2015,성인교육,32,322,개소,0,0,0,0,0,0,0,0,0,0,0,0,0
울산경남지부,2015,성인교육,32,322,회차,0,0,0,0,0,0,0,0,0,0,0,0,0
울산경남지부,2015,성인교육,32,322,인원,0,0,0,0,0,0,0,0,0,0,0,0,0
울산경남지부,2015,성인교육,32,323,개소,0,0,0,0,0,0,0,0,0,0,0,0,0
울산경남지부,2015,성인교육,32,323,회차,0,0,0,0,0,0,0,0,0,0,0,0,0
울산경남지부,2015,성인교육,32,323,인원,0,0,0,0,0,0,0,0,0,0,0,0,0
울산경남지부,2015,성인교육,32,326,개소,0,0,0,0,0,0,0,0,0,0,0,0,0
울산경남지부,2015,성인교육,32,326,회차,0,0,0,0,0,0,0,0,0,0,0,0,0
울산경남지부,2015,성인교육,32,326,인원,0,0,0,0,0,0,0,0,0,0,0,0,0
울산경남지부,2015,성인교육,32,328,개소,0,0,0,0,0,0,0,0,0,0,0,0,0
울산경남지부,2015,성인교육,32,328,회차,0,0,0,0,0,0,0,0,0,0,0,0,0
울산경남지부,2015,성인교육,32,328,인원,0,0,0,0,0,0,0,0,0,0,0,0,0
울산경남지부,2015,성인교육,32,329,개소,0,0,0,0,0,0,0,0,0,0,0,0,0
울산경남지부,2015,성인교육,32,329,회차,0,0,0,0,0,0,0,0,0,0,0,0,0
울산경남지부,2015,성인교육,32,329,인원,0,0,0,0,0,0,0,0,0,0,0,0,0
울산경남지부,2015,성인교육,33,332,개소,0,0,0,0,0,0,0,0,0,0,0,0,0
울산경남지부,2015,성인교육,33,332,회차,0,0,0,0,0,0,0,0,0,0,0,0,0
울산경남지부,2015,성인교육,33,332,인원,0,0,0,0,0,0,0,0,0,0,0,0,0
울산경남지부,2015,성인교육,33,333,개소,0,0,0,0,0,0,0,0,0,0,0,0,0
울산경남지부,2015,성인교육,33,333,회차,0,0,0,0,0,0,0,0,0,0,0,0,0
울산경남지부,2015,성인교육,33,333,인원,0,0,0,0,0,0,0,0,0,0,0,0,0
울산경남지부,2015,성인교육,33,336,개소,0,0,0,0,0,0,0,0,0,0,0,0,0
울산경남지부,2015,성인교육,33,336,회차,0,0,0,0,0,0,0,0,0,0,0,0,0
울산경남지부,2015,성인교육,33,336,인원,0,0,0,0,0,0,0,0,0,0,0,0,0
울산경남지부,2015,성인교육,33,338,개소,0,0,0,0,0,0,0,0,0,0,0,0,0
울산경남지부,2015,성인교육,33,338,회차,0,0,0,0,0,0,0,0,0,0,0,0,0
울산경남지부,2015,성인교육,33,338,인원,0,0,0,0,0,0,0,0,0,0,0,0,0
울산경남지부,2015,성인교육,33,339,개소,0,0,0,0,0,0,0,0,0,0,0,0,0
울산경남지부,2015,성인교육,33,339,회차,0,0,0,0,0,0,0,0,0,0,0,0,0
울산경남지부,2015,성인교육,33,339,인원,0,0,0,0,0,0,0,0,0,0,0,0,0
울산경남지부,2015,성인교육,34,342,개소,0,0,0,0,0,0,0,0,0,0,0,0,0
울산경남지부,2015,성인교육,34,342,회차,0,0,0,0,0,0,0,0,0,0,0,0,0
울산경남지부,2015,성인교육,34,342,인원,0,0,0,0,0,0,0,0,0,0,0,0,0
울산경남지부,2015,성인교육,34,343,개소,0,0,0,0,0,0,0,0,0,0,0,0,0
울산경남지부,2015,성인교육,34,343,회차,0,0,0,0,0,0,0,0,0,0,0,0,0
울산경남지부,2015,성인교육,34,343,인원,0,0,0,0,0,0,0,0,0,0,0,0,0
울산경남지부,2015,성인교육,34,346,개소,0,0,0,0,0,0,0,0,0,0,0,0,0
울산경남지부,2015,성인교육,34,346,회차,0,0,0,0,0,0,0,0,0,0,0,0,0
울산경남지부,2015,성인교육,34,346,인원,0,0,0,0,0,0,0,0,0,0,0,0,0
울산경남지부,2015,성인교육,34,348,개소,0,0,0,0,0,0,0,0,0,0,0,0,0
울산경남지부,2015,성인교육,34,348,회차,0,0,0,0,0,0,0,0,0,0,0,0,0
울산경남지부,2015,성인교육,34,348,인원,0,0,0,0,0,0,0,0,0,0,0,0,0
울산경남지부,2015,성인교육,34,349,개소,0,0,0,0,0,0,0,0,0,0,0,0,0
울산경남지부,2015,성인교육,34,349,회차,0,0,0,0,0,0,0,0,0,0,0,0,0
울산경남지부,2015,성인교육,34,349,인원,0,0,0,0,0,0,0,0,0,0,0,0,0
울산경남지부,2015,성인교육,35,352,개소,0,0,0,0,0,0,0,0,0,0,0,0,0
울산경남지부,2015,성인교육,35,352,회차,0,0,0,0,0,0,0,0,0,0,0,0,0
울산경남지부,2015,성인교육,35,352,인원,0,0,0,0,0,0,0,0,0,0,0,0,0
울산경남지부,2015,성인교육,35,353,개소,0,0,0,0,0,0,0,0,0,0,0,0,0
울산경남지부,2015,성인교육,35,353,회차,0,0,0,0,0,0,0,0,0,0,0,0,0
울산경남지부,2015,성인교육,35,353,인원,0,0,0,0,0,0,0,0,0,0,0,0,0
울산경남지부,2015,성인교육,35,356,개소,0,0,0,0,0,0,0,0,0,0,0,0,0
울산경남지부,2015,성인교육,35,356,회차,0,0,0,0,0,0,0,0,0,0,0,0,0
울산경남지부,2015,성인교육,35,356,인원,0,0,0,0,0,0,0,0,0,0,0,0,0
울산경남지부,2015,성인교육,35,358,개소,0,0,0,0,0,0,0,0,0,0,0,0,0
울산경남지부,2015,성인교육,35,358,회차,0,0,0,0,0,0,0,0,0,0,0,0,0
울산경남지부,2015,성인교육,35,358,인원,0,0,0,0,0,0,0,0,0,0,0,0,0
울산경남지부,2015,성인교육,35,359,개소,0,0,0,0,0,0,0,0,0,0,0,0,0
울산경남지부,2015,성인교육,35,359,회차,0,0,0,0,0,0,0,0,0,0,0,0,0
울산경남지부,2015,성인교육,35,359,인원,0,0,0,0,0,0,0,0,0,0,0,0,0
울산경남지부,2015,성인교육,36,362,개소,0,0,0,0,0,0,0,0,0,0,0,0,0
울산경남지부,2015,성인교육,36,362,회차,0,0,0,0,0,0,0,0,0,0,0,0,0
울산경남지부,2015,성인교육,36,362,인원,0,0,0,0,0,0,0,0,0,0,0,0,0
울산경남지부,2015,성인교육,36,363,개소,0,0,0,0,0,0,0,0,0,0,0,0,0
울산경남지부,2015,성인교육,36,363,회차,0,0,0,0,0,0,0,0,0,0,0,0,0
울산경남지부,2015,성인교육,36,363,인원,0,0,0,0,0,0,0,0,0,0,0,0,0
울산경남지부,2015,성인교육,36,365,개소,0,0,0,0,0,0,0,0,0,0,0,0,0
울산경남지부,2015,성인교육,36,365,회차,0,0,0,0,0,0,0,0,0,0,0,0,0
울산경남지부,2015,성인교육,36,365,인원,0,0,0,0,0,0,0,0,0,0,0,0,0
울산경남지부,2015,성인교육,36,366,개소,0,0,0,0,0,0,0,0,0,0,0,0,0
울산경남지부,2015,성인교육,36,366,회차,0,0,0,0,0,0,0,0,0,0,0,0,0
울산경남지부,2015,성인교육,36,366,인원,0,0,0,0,0,0,0,0,0,0,0,0,0
울산경남지부,2015,성인교육,36,368,개소,0,0,0,0,0,0,0,0,0,0,0,0,0
울산경남지부,2015,성인교육,36,368,회차,0,0,0,0,0,0,0,0,0,0,0,0,0
울산경남지부,2015,성인교육,36,368,인원,0,0,0,0,0,0,0,0,0,0,0,0,0
울산경남지부,2015,성인교육,36,369,개소,0,0,0,0,0,0,0,0,0,0,0,0,0
울산경남지부,2015,성인교육,36,369,회차,0,0,0,0,0,0,0,0,0,0,0,0,0
울산경남지부,2015,성인교육,36,369,인원,0,0,0,0,0,0,0,0,0,0,0,0,0
울산경남지부,2015,성인교육,37,372,개소,0,0,0,0,0,0,0,0,0,0,0,0,0
울산경남지부,2015,성인교육,37,372,회차,0,0,0,0,0,0,0,0,0,0,0,0,0
울산경남지부,2015,성인교육,37,372,인원,0,0,0,0,0,0,0,0,0,0,0,0,0
울산경남지부,2015,성인교육,37,373,개소,0,0,0,0,0,0,0,0,0,0,0,0,0
울산경남지부,2015,성인교육,37,373,회차,0,0,0,0,0,0,0,0,0,0,0,0,0
울산경남지부,2015,성인교육,37,373,인원,0,0,0,0,0,0,0,0,0,0,0,0,0
울산경남지부,2015,성인교육,37,376,개소,0,0,0,0,0,0,0,0,0,0,0,0,0
울산경남지부,2015,성인교육,37,376,회차,0,0,0,0,0,0,0,0,0,0,0,0,0
울산경남지부,2015,성인교육,37,376,인원,0,0,0,0,0,0,0,0,0,0,0,0,0
울산경남지부,2015,성인교육,37,378,개소,0,0,0,0,0,0,0,0,0,0,0,0,0
울산경남지부,2015,성인교육,37,378,회차,0,0,0,0,0,0,0,0,0,0,0,0,0
울산경남지부,2015,성인교육,37,378,인원,0,0,0,0,0,0,0,0,0,0,0,0,0
울산경남지부,2015,성인교육,37,379,개소,0,0,0,0,0,0,0,0,0,0,0,0,0
울산경남지부,2015,성인교육,37,379,회차,0,0,0,0,0,0,0,0,0,0,0,0,0
울산경남지부,2015,성인교육,37,379,인원,0,0,0,0,0,0,0,0,0,0,0,0,0
울산경남지부,2015,성인교육,38,381,개소,0,0,0,0,0,0,0,0,0,0,0,0,0
울산경남지부,2015,성인교육,38,381,회차,0,0,0,0,0,0,0,0,0,0,0,0,0
울산경남지부,2015,성인교육,38,381,인원,0,0,0,0,0,0,0,0,0,0,0,0,0
울산경남지부,2015,성인교육,38,382,개소,0,0,0,0,0,0,0,0,0,0,0,0,0
울산경남지부,2015,성인교육,38,382,회차,0,0,0,0,0,0,0,0,0,0,0,0,0
울산경남지부,2015,성인교육,38,382,인원,0,0,0,0,0,0,0,0,0,0,0,0,0
울산경남지부,2015,성인교육,38,386,개소,0,0,0,0,0,0,0,0,0,0,0,0,0
울산경남지부,2015,성인교육,38,386,회차,0,0,0,0,0,0,0,0,0,0,0,0,0
울산경남지부,2015,성인교육,38,386,인원,0,0,0,0,0,0,0,0,0,0,0,0,0
울산경남지부,2015,성인교육,38,388,개소,0,0,0,0,0,0,0,0,0,0,0,0,0
울산경남지부,2015,성인교육,38,388,회차,0,0,0,0,0,0,0,0,0,0,0,0,0
울산경남지부,2015,성인교육,38,388,인원,0,0,0,0,0,0,0,0,0,0,0,0,0
울산경남지부,2015,성인교육,39,392,개소,0,0,0,0,0,0,0,0,0,0,0,0,0
울산경남지부,2015,성인교육,39,392,회차,0,0,0,0,0,0,0,0,0,0,0,0,0
울산경남지부,2015,성인교육,39,392,인원,0,0,0,0,0,0,0,0,0,0,0,0,0
울산경남지부,2015,성인교육,39,393,개소,0,0,0,0,0,0,0,0,0,0,0,0,0
울산경남지부,2015,성인교육,39,393,회차,0,0,0,0,0,0,0,0,0,0,0,0,0
울산경남지부,2015,성인교육,39,393,인원,0,0,0,0,0,0,0,0,0,0,0,0,0
울산경남지부,2015,성인교육,39,396,개소,0,0,0,0,0,0,0,0,0,0,0,0,0
울산경남지부,2015,성인교육,39,396,회차,0,0,0,0,0,0,0,0,0,0,0,0,0
울산경남지부,2015,성인교육,39,396,인원,0,0,0,0,0,0,0,0,0,0,0,0,0
울산경남지부,2015,성인교육,39,398,개소,0,0,0,0,0,0,0,0,0,0,0,0,0
울산경남지부,2015,성인교육,39,398,회차,0,0,0,0,0,0,0,0,0,0,0,0,0
울산경남지부,2015,성인교육,39,398,인원,0,0,0,0,0,0,0,0,0,0,0,0,0
울산경남지부,2016,어린이교육,11,111,개소,0,0,0,0,0,0,0,0,0,0,0,0,0
울산경남지부,2016,어린이교육,11,111,회차,0,0,0,0,0,0,0,0,0,0,0,0,0
울산경남지부,2016,어린이교육,11,111,인원,0,0,0,0,0,0,0,0,0,0,0,0,0
울산경남지부,2016,어린이교육,11,112,개소,0,0,0,0,0,0,0,0,0,0,0,0,0
울산경남지부,2016,어린이교육,11,112,회차,0,0,0,0,0,0,0,0,0,0,0,0,0
울산경남지부,2016,어린이교육,11,112,인원,0,0,0,0,0,0,0,0,0,0,0,0,0
울산경남지부,2016,어린이교육,11,113,개소,0,0,0,0,0,0,0,0,0,0,0,0,0
울산경남지부,2016,어린이교육,11,113,회차,0,0,0,0,0,0,0,0,0,0,0,0,0
울산경남지부,2016,어린이교육,11,113,인원,0,0,0,0,0,0,0,0,0,0,0,0,0
울산경남지부,2016,어린이교육,11,114,개소,0,0,0,0,0,0,0,0,0,0,0,0,0
울산경남지부,2016,어린이교육,11,114,회차,0,0,0,0,0,0,0,0,0,0,0,0,0
울산경남지부,2016,어린이교육,11,114,인원,0,0,0,0,0,0,0,0,0,0,0,0,0
울산경남지부,2016,어린이교육,12,121,개소,0,0,0,0,0,0,0,0,0,0,0,0,0
울산경남지부,2016,어린이교육,12,121,회차,0,0,0,0,0,0,0,0,0,0,0,0,0
울산경남지부,2016,어린이교육,12,121,인원,0,0,0,0,0,0,0,0,0,0,0,0,0
울산경남지부,2016,어린이교육,12,122,개소,0,0,0,0,0,0,0,0,0,0,0,0,0
울산경남지부,2016,어린이교육,12,122,회차,0,0,0,0,0,0,0,0,0,0,0,0,0
울산경남지부,2016,어린이교육,12,122,인원,0,0,0,0,0,0,0,0,0,0,0,0,0
울산경남지부,2016,어린이교육,12,124,개소,0,0,0,0,0,0,0,0,0,0,0,0,0
울산경남지부,2016,어린이교육,12,124,회차,0,0,0,0,0,0,0,0,0,0,0,0,0
울산경남지부,2016,어린이교육,12,124,인원,0,0,0,0,0,0,0,0,0,0,0,0,0
울산경남지부,2016,어린이교육,12,127,개소,0,0,0,0,0,0,0,0,0,0,0,0,0
울산경남지부,2016,어린이교육,12,127,회차,0,0,0,0,0,0,0,0,0,0,0,0,0
울산경남지부,2016,어린이교육,12,127,인원,0,0,0,0,0,0,0,0,0,0,0,0,0
울산경남지부,2016,어린이교육,13,131,개소,0,0,0,0,0,0,0,0,0,0,0,0,0
울산경남지부,2016,어린이교육,13,131,회차,0,0,0,0,0,0,0,0,0,0,0,0,0
울산경남지부,2016,어린이교육,13,131,인원,0,0,0,0,0,0,0,0,0,0,0,0,0
울산경남지부,2016,어린이교육,13,132,개소,0,0,0,0,0,0,0,0,0,0,0,0,0
울산경남지부,2016,어린이교육,13,132,회차,0,0,0,0,0,0,0,0,0,0,0,0,0
울산경남지부,2016,어린이교육,13,132,인원,0,0,0,0,0,0,0,0,0,0,0,0,0
울산경남지부,2016,어린이교육,13,134,개소,0,0,0,0,0,0,0,0,0,0,0,0,0
울산경남지부,2016,어린이교육,13,134,회차,0,0,0,0,0,0,0,0,0,0,0,0,0
울산경남지부,2016,어린이교육,13,134,인원,0,0,0,0,0,0,0,0,0,0,0,0,0
울산경남지부,2016,어린이교육,13,137,개소,0,0,0,0,0,0,0,0,0,0,0,0,0
울산경남지부,2016,어린이교육,13,137,회차,0,0,0,0,0,0,0,0,0,0,0,0,0
울산경남지부,2016,어린이교육,13,137,인원,0,0,0,0,0,0,0,0,0,0,0,0,0
울산경남지부,2016,어린이교육,14,141,개소,0,0,0,0,0,0,0,0,0,0,0,0,0
울산경남지부,2016,어린이교육,14,141,회차,0,0,0,0,0,0,0,0,0,0,0,0,0
울산경남지부,2016,어린이교육,14,141,인원,0,0,0,0,0,0,0,0,0,0,0,0,0
울산경남지부,2016,어린이교육,14,142,개소,0,0,0,0,0,0,0,0,0,0,0,0,0
울산경남지부,2016,어린이교육,14,142,회차,0,0,0,0,0,0,0,0,0,0,0,0,0
울산경남지부,2016,어린이교육,14,142,인원,0,0,0,0,0,0,0,0,0,0,0,0,0
울산경남지부,2016,어린이교육,14,144,개소,0,0,0,0,0,0,0,0,0,0,0,0,0
울산경남지부,2016,어린이교육,14,144,회차,0,0,0,0,0,0,0,0,0,0,0,0,0
울산경남지부,2016,어린이교육,14,144,인원,0,0,0,0,0,0,0,0,0,0,0,0,0
울산경남지부,2016,어린이교육,14,147,개소,0,0,0,0,0,0,0,0,0,0,0,0,0
울산경남지부,2016,어린이교육,14,147,회차,0,0,0,0,0,0,0,0,0,0,0,0,0
울산경남지부,2016,어린이교육,14,147,인원,0,0,0,0,0,0,0,0,0,0,0,0,0
울산경남지부,2016,청소년교육,21,211,개소,0,0,0,0,0,0,0,0,0,0,0,0,0
울산경남지부,2016,청소년교육,21,211,회차,0,0,0,0,0,0,0,0,0,0,0,0,0
울산경남지부,2016,청소년교육,21,211,인원,0,0,0,0,0,0,0,0,0,0,0,0,0
울산경남지부,2016,청소년교육,21,212,개소,0,0,0,0,0,0,0,0,0,0,0,0,0
울산경남지부,2016,청소년교육,21,212,회차,0,0,0,0,0,0,0,0,0,0,0,0,0
울산경남지부,2016,청소년교육,21,212,인원,0,0,0,0,0,0,0,0,0,0,0,0,0
울산경남지부,2016,청소년교육,21,214,개소,0,0,0,0,0,0,0,0,0,0,0,0,0
울산경남지부,2016,청소년교육,21,214,회차,0,0,0,0,0,0,0,0,0,0,0,0,0
울산경남지부,2016,청소년교육,21,214,인원,0,0,0,0,0,0,0,0,0,0,0,0,0
울산경남지부,2016,청소년교육,21,217,개소,0,0,0,0,0,0,0,0,0,0,0,0,0
울산경남지부,2016,청소년교육,21,217,회차,0,0,0,0,0,0,0,0,0,0,0,0,0
울산경남지부,2016,청소년교육,21,217,인원,0,0,0,0,0,0,0,0,0,0,0,0,0
울산경남지부,2016,청소년교육,21,218,개소,0,0,0,0,0,0,0,0,0,0,0,0,0
울산경남지부,2016,청소년교육,21,218,회차,0,0,0,0,0,0,0,0,0,0,0,0,0
울산경남지부,2016,청소년교육,21,218,인원,0,0,0,0,0,0,0,0,0,0,0,0,0
울산경남지부,2016,청소년교육,22,221,개소,0,0,0,0,0,0,0,0,0,0,0,0,0
울산경남지부,2016,청소년교육,22,221,회차,0,0,0,0,0,0,0,0,0,0,0,0,0
울산경남지부,2016,청소년교육,22,221,인원,0,0,0,0,0,0,0,0,0,0,0,0,0
울산경남지부,2016,청소년교육,22,222,개소,0,0,0,0,0,0,0,0,0,0,0,0,0
울산경남지부,2016,청소년교육,22,222,회차,0,0,0,0,0,0,0,0,0,0,0,0,0
울산경남지부,2016,청소년교육,22,222,인원,0,0,0,0,0,0,0,0,0,0,0,0,0
울산경남지부,2016,청소년교육,22,223,개소,0,0,0,0,0,0,0,0,0,0,0,0,0
울산경남지부,2016,청소년교육,22,223,회차,0,0,0,0,0,0,0,0,0,0,0,0,0
울산경남지부,2016,청소년교육,22,223,인원,0,0,0,0,0,0,0,0,0,0,0,0,0
울산경남지부,2016,청소년교육,22,224,개소,0,0,0,0,0,0,0,0,0,0,0,0,0
울산경남지부,2016,청소년교육,22,224,회차,0,0,0,0,0,0,0,0,0,0,0,0,0
울산경남지부,2016,청소년교육,22,224,인원,0,0,0,0,0,0,0,0,0,0,0,0,0
울산경남지부,2016,청소년교육,22,226,개소,0,0,0,0,0,0,0,0,0,0,0,0,0
울산경남지부,2016,청소년교육,22,226,회차,0,0,0,0,0,0,0,0,0,0,0,0,0
울산경남지부,2016,청소년교육,22,226,인원,0,0,0,0,0,0,0,0,0,0,0,0,0
울산경남지부,2016,청소년교육,22,227,개소,0,0,0,0,0,0,0,0,0,0,0,0,0
울산경남지부,2016,청소년교육,22,227,회차,0,0,0,0,0,0,0,0,0,0,0,0,0
울산경남지부,2016,청소년교육,22,227,인원,0,0,0,0,0,0,0,0,0,0,0,0,0
울산경남지부,2016,청소년교육,22,228,개소,0,0,0,0,0,0,0,0,0,0,0,0,0
울산경남지부,2016,청소년교육,22,228,회차,0,0,0,0,0,0,0,0,0,0,0,0,0
울산경남지부,2016,청소년교육,22,228,인원,0,0,0,0,0,0,0,0,0,0,0,0,0
울산경남지부,2016,성인교육,31,312,개소,0,0,0,0,0,0,0,0,0,0,0,0,0
울산경남지부,2016,성인교육,31,312,회차,0,0,0,0,0,0,0,0,0,0,0,0,0
울산경남지부,2016,성인교육,31,312,인원,0,0,0,0,0,0,0,0,0,0,0,0,0
울산경남지부,2016,성인교육,31,313,개소,0,0,0,0,0,0,0,0,0,0,0,0,0
울산경남지부,2016,성인교육,31,313,회차,0,0,0,0,0,0,0,0,0,0,0,0,0
울산경남지부,2016,성인교육,31,313,인원,0,0,0,0,0,0,0,0,0,0,0,0,0
울산경남지부,2016,성인교육,31,314,개소,0,0,0,0,0,0,0,0,0,0,0,0,0
울산경남지부,2016,성인교육,31,314,회차,0,0,0,0,0,0,0,0,0,0,0,0,0
울산경남지부,2016,성인교육,31,314,인원,0,0,0,0,0,0,0,0,0,0,0,0,0
울산경남지부,2016,성인교육,31,316,개소,0,0,0,0,0,0,0,0,0,0,0,0,0
울산경남지부,2016,성인교육,31,316,회차,0,0,0,0,0,0,0,0,0,0,0,0,0
울산경남지부,2016,성인교육,31,316,인원,0,0,0,0,0,0,0,0,0,0,0,0,0
울산경남지부,2016,성인교육,31,317,개소,0,0,0,0,0,0,0,0,0,0,0,0,0
울산경남지부,2016,성인교육,31,317,회차,0,0,0,0,0,0,0,0,0,0,0,0,0
울산경남지부,2016,성인교육,31,317,인원,0,0,0,0,0,0,0,0,0,0,0,0,0
울산경남지부,2016,성인교육,31,318,개소,0,0,0,0,0,0,0,0,0,0,0,0,0
울산경남지부,2016,성인교육,31,318,회차,0,0,0,0,0,0,0,0,0,0,0,0,0
울산경남지부,2016,성인교육,31,318,인원,0,0,0,0,0,0,0,0,0,0,0,0,0
울산경남지부,2016,성인교육,31,319,개소,0,0,0,0,0,0,0,0,0,0,0,0,0
울산경남지부,2016,성인교육,31,319,회차,0,0,0,0,0,0,0,0,0,0,0,0,0
울산경남지부,2016,성인교육,31,319,인원,0,0,0,0,0,0,0,0,0,0,0,0,0
울산경남지부,2016,성인교육,32,322,개소,0,0,0,0,0,0,0,0,0,0,0,0,0
울산경남지부,2016,성인교육,32,322,회차,0,0,0,0,0,0,0,0,0,0,0,0,0
울산경남지부,2016,성인교육,32,322,인원,0,0,0,0,0,0,0,0,0,0,0,0,0
울산경남지부,2016,성인교육,32,323,개소,0,0,0,0,0,0,0,0,0,0,0,0,0
울산경남지부,2016,성인교육,32,323,회차,0,0,0,0,0,0,0,0,0,0,0,0,0
울산경남지부,2016,성인교육,32,323,인원,0,0,0,0,0,0,0,0,0,0,0,0,0
울산경남지부,2016,성인교육,32,326,개소,0,0,0,0,0,0,0,0,0,0,0,0,0
울산경남지부,2016,성인교육,32,326,회차,0,0,0,0,0,0,0,0,0,0,0,0,0
울산경남지부,2016,성인교육,32,326,인원,0,0,0,0,0,0,0,0,0,0,0,0,0
울산경남지부,2016,성인교육,32,328,개소,0,0,0,0,0,0,0,0,0,0,0,0,0
울산경남지부,2016,성인교육,32,328,회차,0,0,0,0,0,0,0,0,0,0,0,0,0
울산경남지부,2016,성인교육,32,328,인원,0,0,0,0,0,0,0,0,0,0,0,0,0
울산경남지부,2016,성인교육,32,329,개소,0,0,0,0,0,0,0,0,0,0,0,0,0
울산경남지부,2016,성인교육,32,329,회차,0,0,0,0,0,0,0,0,0,0,0,0,0
울산경남지부,2016,성인교육,32,329,인원,0,0,0,0,0,0,0,0,0,0,0,0,0
울산경남지부,2016,성인교육,33,332,개소,0,0,0,0,0,0,0,0,0,0,0,0,0
울산경남지부,2016,성인교육,33,332,회차,0,0,0,0,0,0,0,0,0,0,0,0,0
울산경남지부,2016,성인교육,33,332,인원,0,0,0,0,0,0,0,0,0,0,0,0,0
울산경남지부,2016,성인교육,33,333,개소,0,0,0,0,0,0,0,0,0,0,0,0,0
울산경남지부,2016,성인교육,33,333,회차,0,0,0,0,0,0,0,0,0,0,0,0,0
울산경남지부,2016,성인교육,33,333,인원,0,0,0,0,0,0,0,0,0,0,0,0,0
울산경남지부,2016,성인교육,33,336,개소,0,0,0,0,0,0,0,0,0,0,0,0,0
울산경남지부,2016,성인교육,33,336,회차,0,0,0,0,0,0,0,0,0,0,0,0,0
울산경남지부,2016,성인교육,33,336,인원,0,0,0,0,0,0,0,0,0,0,0,0,0
울산경남지부,2016,성인교육,33,338,개소,0,0,0,0,0,0,0,0,0,0,0,0,0
울산경남지부,2016,성인교육,33,338,회차,0,0,0,0,0,0,0,0,0,0,0,0,0
울산경남지부,2016,성인교육,33,338,인원,0,0,0,0,0,0,0,0,0,0,0,0,0
울산경남지부,2016,성인교육,33,339,개소,0,0,0,0,0,0,0,0,0,0,0,0,0
울산경남지부,2016,성인교육,33,339,회차,0,0,0,0,0,0,0,0,0,0,0,0,0
울산경남지부,2016,성인교육,33,339,인원,0,0,0,0,0,0,0,0,0,0,0,0,0
울산경남지부,2016,성인교육,34,342,개소,0,0,0,0,0,0,0,0,0,0,0,0,0
울산경남지부,2016,성인교육,34,342,회차,0,0,0,0,0,0,0,0,0,0,0,0,0
울산경남지부,2016,성인교육,34,342,인원,0,0,0,0,0,0,0,0,0,0,0,0,0
울산경남지부,2016,성인교육,34,343,개소,0,0,0,0,0,0,0,0,0,0,0,0,0
울산경남지부,2016,성인교육,34,343,회차,0,0,0,0,0,0,0,0,0,0,0,0,0
울산경남지부,2016,성인교육,34,343,인원,0,0,0,0,0,0,0,0,0,0,0,0,0
울산경남지부,2016,성인교육,34,346,개소,0,0,0,0,0,0,0,0,0,0,0,0,0
울산경남지부,2016,성인교육,34,346,회차,0,0,0,0,0,0,0,0,0,0,0,0,0
울산경남지부,2016,성인교육,34,346,인원,0,0,0,0,0,0,0,0,0,0,0,0,0
울산경남지부,2016,성인교육,34,348,개소,0,0,0,0,0,0,0,0,0,0,0,0,0
울산경남지부,2016,성인교육,34,348,회차,0,0,0,0,0,0,0,0,0,0,0,0,0
울산경남지부,2016,성인교육,34,348,인원,0,0,0,0,0,0,0,0,0,0,0,0,0
울산경남지부,2016,성인교육,34,349,개소,0,0,0,0,0,0,0,0,0,0,0,0,0
울산경남지부,2016,성인교육,34,349,회차,0,0,0,0,0,0,0,0,0,0,0,0,0
울산경남지부,2016,성인교육,34,349,인원,0,0,0,0,0,0,0,0,0,0,0,0,0
울산경남지부,2016,성인교육,35,352,개소,0,0,0,0,0,0,0,0,0,0,0,0,0
울산경남지부,2016,성인교육,35,352,회차,0,0,0,0,0,0,0,0,0,0,0,0,0
울산경남지부,2016,성인교육,35,352,인원,0,0,0,0,0,0,0,0,0,0,0,0,0
울산경남지부,2016,성인교육,35,353,개소,0,0,0,0,0,0,0,0,0,0,0,0,0
울산경남지부,2016,성인교육,35,353,회차,0,0,0,0,0,0,0,0,0,0,0,0,0
울산경남지부,2016,성인교육,35,353,인원,0,0,0,0,0,0,0,0,0,0,0,0,0
울산경남지부,2016,성인교육,35,356,개소,0,0,0,0,0,0,0,0,0,0,0,0,0
울산경남지부,2016,성인교육,35,356,회차,0,0,0,0,0,0,0,0,0,0,0,0,0
울산경남지부,2016,성인교육,35,356,인원,0,0,0,0,0,0,0,0,0,0,0,0,0
울산경남지부,2016,성인교육,35,358,개소,0,0,0,0,0,0,0,0,0,0,0,0,0
울산경남지부,2016,성인교육,35,358,회차,0,0,0,0,0,0,0,0,0,0,0,0,0
울산경남지부,2016,성인교육,35,358,인원,0,0,0,0,0,0,0,0,0,0,0,0,0
울산경남지부,2016,성인교육,35,359,개소,0,0,0,0,0,0,0,0,0,0,0,0,0
울산경남지부,2016,성인교육,35,359,회차,0,0,0,0,0,0,0,0,0,0,0,0,0
울산경남지부,2016,성인교육,35,359,인원,0,0,0,0,0,0,0,0,0,0,0,0,0
울산경남지부,2016,성인교육,36,362,개소,0,0,0,0,0,0,0,0,0,0,0,0,0
울산경남지부,2016,성인교육,36,362,회차,0,0,0,0,0,0,0,0,0,0,0,0,0
울산경남지부,2016,성인교육,36,362,인원,0,0,0,0,0,0,0,0,0,0,0,0,0
울산경남지부,2016,성인교육,36,363,개소,0,0,0,0,0,0,0,0,0,0,0,0,0
울산경남지부,2016,성인교육,36,363,회차,0,0,0,0,0,0,0,0,0,0,0,0,0
울산경남지부,2016,성인교육,36,363,인원,0,0,0,0,0,0,0,0,0,0,0,0,0
울산경남지부,2016,성인교육,36,365,개소,0,0,0,0,0,0,0,0,0,0,0,0,0
울산경남지부,2016,성인교육,36,365,회차,0,0,0,0,0,0,0,0,0,0,0,0,0
울산경남지부,2016,성인교육,36,365,인원,0,0,0,0,0,0,0,0,0,0,0,0,0
울산경남지부,2016,성인교육,36,366,개소,0,0,0,0,0,0,0,0,0,0,0,0,0
울산경남지부,2016,성인교육,36,366,회차,0,0,0,0,0,0,0,0,0,0,0,0,0
울산경남지부,2016,성인교육,36,366,인원,0,0,0,0,0,0,0,0,0,0,0,0,0
울산경남지부,2016,성인교육,36,368,개소,0,0,0,0,0,0,0,0,0,0,0,0,0
울산경남지부,2016,성인교육,36,368,회차,0,0,0,0,0,0,0,0,0,0,0,0,0
울산경남지부,2016,성인교육,36,368,인원,0,0,0,0,0,0,0,0,0,0,0,0,0
울산경남지부,2016,성인교육,36,369,개소,0,0,0,0,0,0,0,0,0,0,0,0,0
울산경남지부,2016,성인교육,36,369,회차,0,0,0,0,0,0,0,0,0,0,0,0,0
울산경남지부,2016,성인교육,36,369,인원,0,0,0,0,0,0,0,0,0,0,0,0,0
울산경남지부,2016,성인교육,37,372,개소,0,0,0,0,0,0,0,0,0,0,0,0,0
울산경남지부,2016,성인교육,37,372,회차,0,0,0,0,0,0,0,0,0,0,0,0,0
울산경남지부,2016,성인교육,37,372,인원,0,0,0,0,0,0,0,0,0,0,0,0,0
울산경남지부,2016,성인교육,37,373,개소,0,0,0,0,0,0,0,0,0,0,0,0,0
울산경남지부,2016,성인교육,37,373,회차,0,0,0,0,0,0,0,0,0,0,0,0,0
울산경남지부,2016,성인교육,37,373,인원,0,0,0,0,0,0,0,0,0,0,0,0,0
울산경남지부,2016,성인교육,37,376,개소,0,0,0,0,0,0,0,0,0,0,0,0,0
울산경남지부,2016,성인교육,37,376,회차,0,0,0,0,0,0,0,0,0,0,0,0,0
울산경남지부,2016,성인교육,37,376,인원,0,0,0,0,0,0,0,0,0,0,0,0,0
울산경남지부,2016,성인교육,37,378,개소,0,0,0,0,0,0,0,0,0,0,0,0,0
울산경남지부,2016,성인교육,37,378,회차,0,0,0,0,0,0,0,0,0,0,0,0,0
울산경남지부,2016,성인교육,37,378,인원,0,0,0,0,0,0,0,0,0,0,0,0,0
울산경남지부,2016,성인교육,37,379,개소,0,0,0,0,0,0,0,0,0,0,0,0,0
울산경남지부,2016,성인교육,37,379,회차,0,0,0,0,0,0,0,0,0,0,0,0,0
울산경남지부,2016,성인교육,37,379,인원,0,0,0,0,0,0,0,0,0,0,0,0,0
울산경남지부,2016,성인교육,38,381,개소,0,0,0,0,0,0,0,0,0,0,0,0,0
울산경남지부,2016,성인교육,38,381,회차,0,0,0,0,0,0,0,0,0,0,0,0,0
울산경남지부,2016,성인교육,38,381,인원,0,0,0,0,0,0,0,0,0,0,0,0,0
울산경남지부,2016,성인교육,38,382,개소,0,0,0,0,0,0,0,0,0,0,0,0,0
울산경남지부,2016,성인교육,38,382,회차,0,0,0,0,0,0,0,0,0,0,0,0,0
울산경남지부,2016,성인교육,38,382,인원,0,0,0,0,0,0,0,0,0,0,0,0,0
울산경남지부,2016,성인교육,38,386,개소,0,0,0,0,0,0,0,0,0,0,0,0,0
울산경남지부,2016,성인교육,38,386,회차,0,0,0,0,0,0,0,0,0,0,0,0,0
울산경남지부,2016,성인교육,38,386,인원,0,0,0,0,0,0,0,0,0,0,0,0,0
울산경남지부,2016,성인교육,38,388,개소,0,0,0,0,0,0,0,0,0,0,0,0,0
울산경남지부,2016,성인교육,38,388,회차,0,0,0,0,0,0,0,0,0,0,0,0,0
울산경남지부,2016,성인교육,38,388,인원,0,0,0,0,0,0,0,0,0,0,0,0,0
울산경남지부,2016,성인교육,39,392,개소,0,0,0,0,0,0,0,0,0,0,0,0,0
울산경남지부,2016,성인교육,39,392,회차,0,0,0,0,0,0,0,0,0,0,0,0,0
울산경남지부,2016,성인교육,39,392,인원,0,0,0,0,0,0,0,0,0,0,0,0,0
울산경남지부,2016,성인교육,39,393,개소,0,0,0,0,0,0,0,0,0,0,0,0,0
울산경남지부,2016,성인교육,39,393,회차,0,0,0,0,0,0,0,0,0,0,0,0,0
울산경남지부,2016,성인교육,39,393,인원,0,0,0,0,0,0,0,0,0,0,0,0,0
울산경남지부,2016,성인교육,39,396,개소,0,0,0,0,0,0,0,0,0,0,0,0,0
울산경남지부,2016,성인교육,39,396,회차,0,0,0,0,0,0,0,0,0,0,0,0,0
울산경남지부,2016,성인교육,39,396,인원,0,0,0,0,0,0,0,0,0,0,0,0,0
울산경남지부,2016,성인교육,39,398,개소,0,0,0,0,0,0,0,0,0,0,0,0,0
울산경남지부,2016,성인교육,39,398,회차,0,0,0,0,0,0,0,0,0,0,0,0,0
울산경남지부,2016,성인교육,39,398,인원,0,0,0,0,0,0,0,0,0,0,0,0,0
울산경남지부,2017,어린이교육,11,111,개소,0,0,0,0,0,0,0,0,0,0,0,0,0
울산경남지부,2017,어린이교육,11,111,회차,0,0,0,0,0,0,0,0,0,0,0,0,0
울산경남지부,2017,어린이교육,11,111,인원,0,0,0,0,0,0,0,0,0,0,0,0,0
울산경남지부,2017,어린이교육,11,112,개소,0,0,0,0,0,0,0,0,0,0,0,0,0
울산경남지부,2017,어린이교육,11,112,회차,0,0,0,0,0,0,0,0,0,0,0,0,0
울산경남지부,2017,어린이교육,11,112,인원,0,0,0,0,0,0,0,0,0,0,0,0,0
울산경남지부,2017,어린이교육,11,113,개소,0,0,0,0,0,0,0,0,0,0,0,0,0
울산경남지부,2017,어린이교육,11,113,회차,0,0,0,0,0,0,0,0,0,0,0,0,0
울산경남지부,2017,어린이교육,11,113,인원,0,0,0,0,0,0,0,0,0,0,0,0,0
울산경남지부,2017,어린이교육,11,114,개소,0,0,0,0,0,0,0,0,0,0,0,0,0
울산경남지부,2017,어린이교육,11,114,회차,0,0,0,0,0,0,0,0,0,0,0,0,0
울산경남지부,2017,어린이교육,11,114,인원,0,0,0,0,0,0,0,0,0,0,0,0,0
울산경남지부,2017,어린이교육,12,121,개소,0,0,0,0,0,0,0,0,0,0,0,0,0
울산경남지부,2017,어린이교육,12,121,회차,0,0,0,0,0,0,0,0,0,0,0,0,0
울산경남지부,2017,어린이교육,12,121,인원,0,0,0,0,0,0,0,0,0,0,0,0,0
울산경남지부,2017,어린이교육,12,122,개소,0,0,0,0,0,0,0,0,0,0,0,0,0
울산경남지부,2017,어린이교육,12,122,회차,0,0,0,0,0,0,0,0,0,0,0,0,0
울산경남지부,2017,어린이교육,12,122,인원,0,0,0,0,0,0,0,0,0,0,0,0,0
울산경남지부,2017,어린이교육,12,124,개소,0,0,0,0,0,0,0,0,0,0,0,0,0
울산경남지부,2017,어린이교육,12,124,회차,0,0,0,0,0,0,0,0,0,0,0,0,0
울산경남지부,2017,어린이교육,12,124,인원,0,0,0,0,0,0,0,0,0,0,0,0,0
울산경남지부,2017,어린이교육,12,127,개소,0,0,0,0,0,0,0,0,0,0,0,0,0
울산경남지부,2017,어린이교육,12,127,회차,0,0,0,0,0,0,0,0,0,0,0,0,0
울산경남지부,2017,어린이교육,12,127,인원,0,0,0,0,0,0,0,0,0,0,0,0,0
울산경남지부,2017,어린이교육,13,131,개소,0,0,0,0,0,0,0,0,0,0,0,0,0
울산경남지부,2017,어린이교육,13,131,회차,0,0,0,0,0,0,0,0,0,0,0,0,0
울산경남지부,2017,어린이교육,13,131,인원,0,0,0,0,0,0,0,0,0,0,0,0,0
울산경남지부,2017,어린이교육,13,132,개소,0,0,0,0,0,0,0,0,0,0,0,0,0
울산경남지부,2017,어린이교육,13,132,회차,0,0,0,0,0,0,0,0,0,0,0,0,0
울산경남지부,2017,어린이교육,13,132,인원,0,0,0,0,0,0,0,0,0,0,0,0,0
울산경남지부,2017,어린이교육,13,134,개소,0,0,0,0,0,0,0,0,0,0,0,0,0
울산경남지부,2017,어린이교육,13,134,회차,0,0,0,0,0,0,0,0,0,0,0,0,0
울산경남지부,2017,어린이교육,13,134,인원,0,0,0,0,0,0,0,0,0,0,0,0,0
울산경남지부,2017,어린이교육,13,137,개소,0,0,0,0,0,0,0,0,0,0,0,0,0
울산경남지부,2017,어린이교육,13,137,회차,0,0,0,0,0,0,0,0,0,0,0,0,0
울산경남지부,2017,어린이교육,13,137,인원,0,0,0,0,0,0,0,0,0,0,0,0,0
울산경남지부,2017,어린이교육,14,141,개소,0,0,0,0,0,0,0,0,0,0,0,0,0
울산경남지부,2017,어린이교육,14,141,회차,0,0,0,0,0,0,0,0,0,0,0,0,0
울산경남지부,2017,어린이교육,14,141,인원,0,0,0,0,0,0,0,0,0,0,0,0,0
울산경남지부,2017,어린이교육,14,142,개소,0,0,0,0,0,0,0,0,0,0,0,0,0
울산경남지부,2017,어린이교육,14,142,회차,0,0,0,0,0,0,0,0,0,0,0,0,0
울산경남지부,2017,어린이교육,14,142,인원,0,0,0,0,0,0,0,0,0,0,0,0,0
울산경남지부,2017,어린이교육,14,144,개소,0,0,0,0,0,0,0,0,0,0,0,0,0
울산경남지부,2017,어린이교육,14,144,회차,0,0,0,0,0,0,0,0,0,0,0,0,0
울산경남지부,2017,어린이교육,14,144,인원,0,0,0,0,0,0,0,0,0,0,0,0,0
울산경남지부,2017,어린이교육,14,147,개소,0,0,0,0,0,0,0,0,0,0,0,0,0
울산경남지부,2017,어린이교육,14,147,회차,0,0,0,0,0,0,0,0,0,0,0,0,0
울산경남지부,2017,어린이교육,14,147,인원,0,0,0,0,0,0,0,0,0,0,0,0,0
울산경남지부,2017,성인교육,31,312,개소,0,0,0,0,0,0,0,0,0,0,0,0,0
울산경남지부,2017,성인교육,31,312,회차,0,0,0,0,0,0,0,0,0,0,0,0,0
울산경남지부,2017,성인교육,31,312,인원,0,0,0,0,0,0,0,0,0,0,0,0,0
울산경남지부,2017,성인교육,31,313,개소,0,0,0,0,0,0,0,0,0,0,0,0,0
울산경남지부,2017,성인교육,31,313,회차,0,0,0,0,0,0,0,0,0,0,0,0,0
울산경남지부,2017,성인교육,31,313,인원,0,0,0,0,0,0,0,0,0,0,0,0,0
울산경남지부,2017,성인교육,31,314,개소,0,0,0,0,0,0,0,0,0,0,0,0,0
울산경남지부,2017,성인교육,31,314,회차,0,0,0,0,0,0,0,0,0,0,0,0,0
울산경남지부,2017,성인교육,31,314,인원,0,0,0,0,0,0,0,0,0,0,0,0,0
울산경남지부,2017,성인교육,31,316,개소,0,0,0,0,0,0,0,0,0,0,0,0,0
울산경남지부,2017,성인교육,31,316,회차,0,0,0,0,0,0,0,0,0,0,0,0,0
울산경남지부,2017,성인교육,31,316,인원,0,0,0,0,0,0,0,0,0,0,0,0,0
울산경남지부,2017,성인교육,31,317,개소,0,0,0,0,0,0,0,0,0,0,0,0,0
울산경남지부,2017,성인교육,31,317,회차,0,0,0,0,0,0,0,0,0,0,0,0,0
울산경남지부,2017,성인교육,31,317,인원,0,0,0,0,0,0,0,0,0,0,0,0,0
울산경남지부,2017,성인교육,31,318,개소,0,0,0,0,0,0,0,0,0,0,0,0,0
울산경남지부,2017,성인교육,31,318,회차,0,0,0,0,0,0,0,0,0,0,0,0,0
울산경남지부,2017,성인교육,31,318,인원,0,0,0,0,0,0,0,0,0,0,0,0,0
울산경남지부,2017,성인교육,31,319,개소,0,0,0,0,0,0,0,0,0,0,0,0,0
울산경남지부,2017,성인교육,31,319,회차,0,0,0,0,0,0,0,0,0,0,0,0,0
울산경남지부,2017,성인교육,31,319,인원,0,0,0,0,0,0,0,0,0,0,0,0,0
울산경남지부,2017,성인교육,32,322,개소,0,0,0,0,0,0,0,0,0,0,0,0,0
울산경남지부,2017,성인교육,32,322,회차,0,0,0,0,0,0,0,0,0,0,0,0,0
울산경남지부,2017,성인교육,32,322,인원,0,0,0,0,0,0,0,0,0,0,0,0,0
울산경남지부,2017,성인교육,32,323,개소,0,0,0,0,0,0,0,0,0,0,0,0,0
울산경남지부,2017,성인교육,32,323,회차,0,0,0,0,0,0,0,0,0,0,0,0,0
울산경남지부,2017,성인교육,32,323,인원,0,0,0,0,0,0,0,0,0,0,0,0,0
울산경남지부,2017,성인교육,32,326,개소,0,0,0,0,0,0,0,0,0,0,0,0,0
울산경남지부,2017,성인교육,32,326,회차,0,0,0,0,0,0,0,0,0,0,0,0,0
울산경남지부,2017,성인교육,32,326,인원,0,0,0,0,0,0,0,0,0,0,0,0,0
울산경남지부,2017,성인교육,32,328,개소,0,0,0,0,0,0,0,0,0,0,0,0,0
울산경남지부,2017,성인교육,32,328,회차,0,0,0,0,0,0,0,0,0,0,0,0,0
울산경남지부,2017,성인교육,32,328,인원,0,0,0,0,0,0,0,0,0,0,0,0,0
울산경남지부,2017,성인교육,32,329,개소,0,0,0,0,0,0,0,0,0,0,0,0,0
울산경남지부,2017,성인교육,32,329,회차,0,0,0,0,0,0,0,0,0,0,0,0,0
울산경남지부,2017,성인교육,32,329,인원,0,0,0,0,0,0,0,0,0,0,0,0,0
울산경남지부,2017,성인교육,33,332,개소,0,0,0,0,0,0,0,0,0,0,0,0,0
울산경남지부,2017,성인교육,33,332,회차,0,0,0,0,0,0,0,0,0,0,0,0,0
울산경남지부,2017,성인교육,33,332,인원,0,0,0,0,0,0,0,0,0,0,0,0,0
울산경남지부,2017,성인교육,33,333,개소,0,0,0,0,0,0,0,0,0,0,0,0,0
울산경남지부,2017,성인교육,33,333,회차,0,0,0,0,0,0,0,0,0,0,0,0,0
울산경남지부,2017,성인교육,33,333,인원,0,0,0,0,0,0,0,0,0,0,0,0,0
울산경남지부,2017,성인교육,33,336,개소,0,0,0,0,0,0,0,0,0,0,0,0,0
울산경남지부,2017,성인교육,33,336,회차,0,0,0,0,0,0,0,0,0,0,0,0,0
울산경남지부,2017,성인교육,33,336,인원,0,0,0,0,0,0,0,0,0,0,0,0,0
울산경남지부,2017,성인교육,33,338,개소,0,0,0,0,0,0,0,0,0,0,0,0,0
울산경남지부,2017,성인교육,33,338,회차,0,0,0,0,0,0,0,0,0,0,0,0,0
울산경남지부,2017,성인교육,33,338,인원,0,0,0,0,0,0,0,0,0,0,0,0,0
울산경남지부,2017,성인교육,33,339,개소,0,0,0,0,0,0,0,0,0,0,0,0,0
울산경남지부,2017,성인교육,33,339,회차,0,0,0,0,0,0,0,0,0,0,0,0,0
울산경남지부,2017,성인교육,33,339,인원,0,0,0,0,0,0,0,0,0,0,0,0,0
울산경남지부,2017,성인교육,34,342,개소,0,0,0,0,0,0,0,0,0,0,0,0,0
울산경남지부,2017,성인교육,34,342,회차,0,0,0,0,0,0,0,0,0,0,0,0,0
울산경남지부,2017,성인교육,34,342,인원,0,0,0,0,0,0,0,0,0,0,0,0,0
울산경남지부,2017,성인교육,34,343,개소,0,0,0,0,0,0,0,0,0,0,0,0,0
울산경남지부,2017,성인교육,34,343,회차,0,0,0,0,0,0,0,0,0,0,0,0,0
울산경남지부,2017,성인교육,34,343,인원,0,0,0,0,0,0,0,0,0,0,0,0,0
울산경남지부,2017,성인교육,34,346,개소,0,0,0,0,0,0,0,0,0,0,0,0,0
울산경남지부,2017,성인교육,34,346,회차,0,0,0,0,0,0,0,0,0,0,0,0,0
울산경남지부,2017,성인교육,34,346,인원,0,0,0,0,0,0,0,0,0,0,0,0,0
울산경남지부,2017,성인교육,34,348,개소,0,0,0,0,0,0,0,0,0,0,0,0,0
울산경남지부,2017,성인교육,34,348,회차,0,0,0,0,0,0,0,0,0,0,0,0,0
울산경남지부,2017,성인교육,34,348,인원,0,0,0,0,0,0,0,0,0,0,0,0,0
울산경남지부,2017,성인교육,34,349,개소,0,0,0,0,0,0,0,0,0,0,0,0,0
울산경남지부,2017,성인교육,34,349,회차,0,0,0,0,0,0,0,0,0,0,0,0,0
울산경남지부,2017,성인교육,34,349,인원,0,0,0,0,0,0,0,0,0,0,0,0,0
울산경남지부,2017,성인교육,35,352,개소,0,0,0,0,0,0,0,0,0,0,0,0,0
울산경남지부,2017,성인교육,35,352,회차,0,0,0,0,0,0,0,0,0,0,0,0,0
울산경남지부,2017,성인교육,35,352,인원,0,0,0,0,0,0,0,0,0,0,0,0,0
울산경남지부,2017,성인교육,35,353,개소,0,0,0,0,0,0,0,0,0,0,0,0,0
울산경남지부,2017,성인교육,35,353,회차,0,0,0,0,0,0,0,0,0,0,0,0,0
울산경남지부,2017,성인교육,35,353,인원,0,0,0,0,0,0,0,0,0,0,0,0,0
울산경남지부,2017,성인교육,35,356,개소,0,0,0,0,0,0,0,0,0,0,0,0,0
울산경남지부,2017,성인교육,35,356,회차,0,0,0,0,0,0,0,0,0,0,0,0,0
울산경남지부,2017,성인교육,35,356,인원,0,0,0,0,0,0,0,0,0,0,0,0,0
울산경남지부,2017,성인교육,35,358,개소,0,0,0,0,0,0,0,0,0,0,0,0,0
울산경남지부,2017,성인교육,35,358,회차,0,0,0,0,0,0,0,0,0,0,0,0,0
울산경남지부,2017,성인교육,35,358,인원,0,0,0,0,0,0,0,0,0,0,0,0,0
울산경남지부,2017,성인교육,35,359,개소,0,0,0,0,0,0,0,0,0,0,0,0,0
울산경남지부,2017,성인교육,35,359,회차,0,0,0,0,0,0,0,0,0,0,0,0,0
울산경남지부,2017,성인교육,35,359,인원,0,0,0,0,0,0,0,0,0,0,0,0,0
울산경남지부,2017,성인교육,36,362,개소,0,0,0,0,0,0,0,0,0,0,0,0,0
울산경남지부,2017,성인교육,36,362,회차,0,0,0,0,0,0,0,0,0,0,0,0,0
울산경남지부,2017,성인교육,36,362,인원,0,0,0,0,0,0,0,0,0,0,0,0,0
울산경남지부,2017,성인교육,36,363,개소,0,0,0,0,0,0,0,0,0,0,0,0,0
울산경남지부,2017,성인교육,36,363,회차,0,0,0,0,0,0,0,0,0,0,0,0,0
울산경남지부,2017,성인교육,36,363,인원,0,0,0,0,0,0,0,0,0,0,0,0,0
울산경남지부,2017,성인교육,36,365,개소,0,0,0,0,0,0,0,0,0,0,0,0,0
울산경남지부,2017,성인교육,36,365,회차,0,0,0,0,0,0,0,0,0,0,0,0,0
울산경남지부,2017,성인교육,36,365,인원,0,0,0,0,0,0,0,0,0,0,0,0,0
울산경남지부,2017,성인교육,36,366,개소,0,0,0,0,0,0,0,0,0,0,0,0,0
울산경남지부,2017,성인교육,36,366,회차,0,0,0,0,0,0,0,0,0,0,0,0,0
울산경남지부,2017,성인교육,36,366,인원,0,0,0,0,0,0,0,0,0,0,0,0,0
울산경남지부,2017,성인교육,36,368,개소,0,0,0,0,0,0,0,0,0,0,0,0,0
울산경남지부,2017,성인교육,36,368,회차,0,0,0,0,0,0,0,0,0,0,0,0,0
울산경남지부,2017,성인교육,36,368,인원,0,0,0,0,0,0,0,0,0,0,0,0,0
울산경남지부,2017,성인교육,36,369,개소,0,0,0,0,0,0,0,0,0,0,0,0,0
울산경남지부,2017,성인교육,36,369,회차,0,0,0,0,0,0,0,0,0,0,0,0,0
울산경남지부,2017,성인교육,36,369,인원,0,0,0,0,0,0,0,0,0,0,0,0,0
울산경남지부,2017,성인교육,37,372,개소,0,0,0,0,0,0,0,0,0,0,0,0,0
울산경남지부,2017,성인교육,37,372,회차,0,0,0,0,0,0,0,0,0,0,0,0,0
울산경남지부,2017,성인교육,37,372,인원,0,0,0,0,0,0,0,0,0,0,0,0,0
울산경남지부,2017,성인교육,37,373,개소,0,0,0,0,0,0,0,0,0,0,0,0,0
울산경남지부,2017,성인교육,37,373,회차,0,0,0,0,0,0,0,0,0,0,0,0,0
울산경남지부,2017,성인교육,37,373,인원,0,0,0,0,0,0,0,0,0,0,0,0,0
울산경남지부,2017,성인교육,37,376,개소,0,0,0,0,0,0,0,0,0,0,0,0,0
울산경남지부,2017,성인교육,37,376,회차,0,0,0,0,0,0,0,0,0,0,0,0,0
울산경남지부,2017,성인교육,37,376,인원,0,0,0,0,0,0,0,0,0,0,0,0,0
울산경남지부,2017,성인교육,37,378,개소,0,0,0,0,0,0,0,0,0,0,0,0,0
울산경남지부,2017,성인교육,37,378,회차,0,0,0,0,0,0,0,0,0,0,0,0,0
울산경남지부,2017,성인교육,37,378,인원,0,0,0,0,0,0,0,0,0,0,0,0,0
울산경남지부,2017,성인교육,37,379,개소,0,0,0,0,0,0,0,0,0,0,0,0,0
울산경남지부,2017,성인교육,37,379,회차,0,0,0,0,0,0,0,0,0,0,0,0,0
울산경남지부,2017,성인교육,37,379,인원,0,0,0,0,0,0,0,0,0,0,0,0,0
울산경남지부,2017,성인교육,38,381,개소,0,0,0,0,0,0,0,0,0,0,0,0,0
울산경남지부,2017,성인교육,38,381,회차,0,0,0,0,0,0,0,0,0,0,0,0,0
울산경남지부,2017,성인교육,38,381,인원,0,0,0,0,0,0,0,0,0,0,0,0,0
울산경남지부,2017,성인교육,38,382,개소,0,0,0,0,0,0,0,0,0,0,0,0,0
울산경남지부,2017,성인교육,38,382,회차,0,0,0,0,0,0,0,0,0,0,0,0,0
울산경남지부,2017,성인교육,38,382,인원,0,0,0,0,0,0,0,0,0,0,0,0,0
울산경남지부,2017,성인교육,38,386,개소,0,0,0,0,0,0,0,0,0,0,0,0,0
울산경남지부,2017,성인교육,38,386,회차,0,0,0,0,0,0,0,0,0,0,0,0,0
울산경남지부,2017,성인교육,38,386,인원,0,0,0,0,0,0,0,0,0,0,0,0,0
울산경남지부,2017,성인교육,38,388,개소,0,0,0,0,0,0,0,0,0,0,0,0,0
울산경남지부,2017,성인교육,38,388,회차,0,0,0,0,0,0,0,0,0,0,0,0,0
울산경남지부,2017,성인교육,38,388,인원,0,0,0,0,0,0,0,0,0,0,0,0,0
울산경남지부,2017,성인교육,39,392,개소,0,0,0,0,0,0,0,0,0,0,0,0,0
울산경남지부,2017,성인교육,39,392,회차,0,0,0,0,0,0,0,0,0,0,0,0,0
울산경남지부,2017,성인교육,39,392,인원,0,0,0,0,0,0,0,0,0,0,0,0,0
울산경남지부,2017,성인교육,39,393,개소,0,0,0,0,0,0,0,0,0,0,0,0,0
울산경남지부,2017,성인교육,39,393,회차,0,0,0,0,0,0,0,0,0,0,0,0,0
울산경남지부,2017,성인교육,39,393,인원,0,0,0,0,0,0,0,0,0,0,0,0,0
울산경남지부,2017,성인교육,39,396,개소,0,0,0,0,0,0,0,0,0,0,0,0,0
울산경남지부,2017,성인교육,39,396,회차,0,0,0,0,0,0,0,0,0,0,0,0,0
울산경남지부,2017,성인교육,39,396,인원,0,0,0,0,0,0,0,0,0,0,0,0,0
울산경남지부,2017,성인교육,39,398,개소,0,0,0,0,0,0,0,0,0,0,0,0,0
울산경남지부,2017,성인교육,39,398,회차,0,0,0,0,0,0,0,0,0,0,0,0,0
울산경남지부,2017,성인교육,39,398,인원,0,0,0,0,0,0,0,0,0,0,0,0,0
울산경남지부,2018,어린이교육,11,111,인원,6158,6158,6158,6158,6158,6158,6158,6158,6158,6158,6158,6167,73905
울산경남지부,2018,어린이교육,11,111,개소,0,0,0,0,0,0,0,0,0,0,0,0,0
울산경남지부,2018,어린이교육,11,111,회차,0,0,0,0,0,0,0,0,0,0,0,0,0
울산경남지부,2018,어린이교육,11,112,개소,0,0,0,0,0,0,0,0,0,0,0,0,0
울산경남지부,2018,어린이교육,11,112,회차,0,0,0,0,0,0,0,0,0,0,0,0,0
울산경남지부,2018,어린이교육,11,112,인원,0,0,0,0,0,0,0,0,0,0,0,0,0
울산경남지부,2018,어린이교육,11,113,개소,0,0,0,0,0,0,0,0,0,0,0,0,0
울산경남지부,2018,어린이교육,11,113,회차,0,0,0,0,0,0,0,0,0,0,0,0,0
울산경남지부,2018,어린이교육,11,113,인원,0,0,0,0,0,0,0,0,0,0,0,0,0
울산경남지부,2018,어린이교육,11,114,개소,0,0,0,0,0,0,0,0,0,0,0,0,0
울산경남지부,2018,어린이교육,11,114,회차,0,0,0,0,0,0,0,0,0,0,0,0,0
울산경남지부,2018,어린이교육,11,114,인원,0,0,0,0,0,0,0,0,0,0,0,0,0
울산경남지부,2018,어린이교육,12,121,인원,4252,4252,4252,4252,4252,4252,4252,4252,4252,4252,4252,4258,51030
울산경남지부,2018,어린이교육,12,121,개소,0,0,0,0,0,0,0,0,0,0,0,0,0
울산경남지부,2018,어린이교육,12,121,회차,0,0,0,0,0,0,0,0,0,0,0,0,0
울산경남지부,2018,어린이교육,12,122,인원,1759,1759,1759,1759,1759,1759,1759,1759,1759,1759,1759,1767,21116
울산경남지부,2018,어린이교육,12,122,개소,0,0,0,0,0,0,0,0,0,0,0,0,0
울산경남지부,2018,어린이교육,12,122,회차,0,0,0,0,0,0,0,0,0,0,0,0,0
울산경남지부,2018,어린이교육,12,124,인원,146,146,146,146,146,146,146,146,146,146,146,154,1760
울산경남지부,2018,어린이교육,12,124,개소,0,0,0,0,0,0,0,0,0,0,0,0,0
울산경남지부,2018,어린이교육,12,124,회차,0,0,0,0,0,0,0,0,0,0,0,0,0
울산경남지부,2018,어린이교육,12,127,인원,293,293,293,293,293,293,293,293,293,293,293,296,3519
울산경남지부,2018,어린이교육,12,127,개소,0,0,0,0,0,0,0,0,0,0,0,0,0
울산경남지부,2018,어린이교육,12,127,회차,0,0,0,0,0,0,0,0,0,0,0,0,0
울산경남지부,2018,어린이교육,13,131,인원,733,733,733,733,733,733,733,733,733,733,733,735,8798
울산경남지부,2018,어린이교육,13,131,개소,0,0,0,0,0,0,0,0,0,0,0,0,0
울산경남지부,2018,어린이교육,13,131,회차,0,0,0,0,0,0,0,0,0,0,0,0,0
울산경남지부,2018,어린이교육,13,132,인원,73,73,73,73,73,73,73,73,73,73,73,77,880
울산경남지부,2018,어린이교육,13,132,개소,0,0,0,0,0,0,0,0,0,0,0,0,0
울산경남지부,2018,어린이교육,13,132,회차,0,0,0,0,0,0,0,0,0,0,0,0,0
울산경남지부,2018,어린이교육,13,134,개소,0,0,0,0,0,0,0,0,0,0,0,0,0
울산경남지부,2018,어린이교육,13,134,회차,0,0,0,0,0,0,0,0,0,0,0,0,0
울산경남지부,2018,어린이교육,13,134,인원,0,0,0,0,0,0,0,0,0,0,0,0,0
울산경남지부,2018,어린이교육,13,137,인원,73,73,73,73,73,73,73,73,73,73,73,77,880
울산경남지부,2018,어린이교육,13,137,개소,0,0,0,0,0,0,0,0,0,0,0,0,0
울산경남지부,2018,어린이교육,13,137,회차,0,0,0,0,0,0,0,0,0,0,0,0,0
울산경남지부,2018,어린이교육,14,141,인원,1173,1173,1173,1173,1173,1173,1173,1173,1173,1173,1173,1174,14077
울산경남지부,2018,어린이교육,14,141,개소,0,0,0,0,0,0,0,0,0,0,0,0,0
울산경남지부,2018,어린이교육,14,141,회차,0,0,0,0,0,0,0,0,0,0,0,0,0
울산경남지부,2018,어린이교육,14,142,개소,0,0,0,0,0,0,0,0,0,0,0,0,0
울산경남지부,2018,어린이교육,14,142,회차,0,0,0,0,0,0,0,0,0,0,0,0,0
울산경남지부,2018,어린이교육,14,142,인원,0,0,0,0,0,0,0,0,0,0,0,0,0
울산경남지부,2018,어린이교육,14,144,개소,0,0,0,0,0,0,0,0,0,0,0,0,0
울산경남지부,2018,어린이교육,14,144,회차,0,0,0,0,0,0,0,0,0,0,0,0,0
울산경남지부,2018,어린이교육,14,144,인원,0,0,0,0,0,0,0,0,0,0,0,0,0
울산경남지부,2018,어린이교육,14,147,개소,0,0,0,0,0,0,0,0,0,0,0,0,0
울산경남지부,2018,어린이교육,14,147,회차,0,0,0,0,0,0,0,0,0,0,0,0,0
울산경남지부,2018,어린이교육,14,147,인원,0,0,0,0,0,0,0,0,0,0,0,0,0
울산경남지부,2018,청소년교육,21,211,인원,139,139,139,139,139,139,139,139,139,139,139,142,1671
울산경남지부,2018,청소년교육,21,211,개소,0,0,0,0,0,0,0,0,0,0,0,0,0
울산경남지부,2018,청소년교육,21,211,회차,0,0,0,0,0,0,0,0,0,0,0,0,0
울산경남지부,2018,청소년교육,21,212,인원,18,18,18,18,18,18,18,18,18,18,18,25,223
울산경남지부,2018,청소년교육,21,212,개소,0,0,0,0,0,0,0,0,0,0,0,0,0
울산경남지부,2018,청소년교육,21,212,회차,0,0,0,0,0,0,0,0,0,0,0,0,0
울산경남지부,2018,청소년교육,21,214,인원,18,18,18,18,18,18,18,18,18,18,18,25,223
울산경남지부,2018,청소년교육,21,214,개소,0,0,0,0,0,0,0,0,0,0,0,0,0
울산경남지부,2018,청소년교육,21,214,회차,0,0,0,0,0,0,0,0,0,0,0,0,0
울산경남지부,2018,청소년교육,21,217,개소,0,0,0,0,0,0,0,0,0,0,0,0,0
울산경남지부,2018,청소년교육,21,217,회차,0,0,0,0,0,0,0,0,0,0,0,0,0
울산경남지부,2018,청소년교육,21,217,인원,0,0,0,0,0,0,0,0,0,0,0,0,0
울산경남지부,2018,청소년교육,21,218,인원,9,9,9,9,9,9,9,9,9,9,9,12,111
울산경남지부,2018,청소년교육,21,218,개소,0,0,0,0,0,0,0,0,0,0,0,0,0
울산경남지부,2018,청소년교육,21,218,회차,0,0,0,0,0,0,0,0,0,0,0,0,0
울산경남지부,2018,청소년교육,22,221,인원,417,417,417,417,417,417,417,417,417,417,417,426,5013
울산경남지부,2018,청소년교육,22,221,개소,0,0,0,0,0,0,0,0,0,0,0,0,0
울산경남지부,2018,청소년교육,22,221,회차,0,0,0,0,0,0,0,0,0,0,0,0,0
울산경남지부,2018,청소년교육,22,222,인원,74,74,74,74,74,74,74,74,74,74,74,77,891
울산경남지부,2018,청소년교육,22,222,개소,0,0,0,0,0,0,0,0,0,0,0,0,0
울산경남지부,2018,청소년교육,22,222,회차,0,0,0,0,0,0,0,0,0,0,0,0,0
울산경남지부,2018,청소년교육,22,223,개소,0,0,0,0,0,0,0,0,0,0,0,0,0
울산경남지부,2018,청소년교육,22,223,회차,0,0,0,0,0,0,0,0,0,0,0,0,0
울산경남지부,2018,청소년교육,22,223,인원,0,0,0,0,0,0,0,0,0,0,0,0,0
울산경남지부,2018,청소년교육,22,224,인원,18,18,18,18,18,18,18,18,18,18,18,25,223
울산경남지부,2018,청소년교육,22,224,개소,0,0,0,0,0,0,0,0,0,0,0,0,0
울산경남지부,2018,청소년교육,22,224,회차,0,0,0,0,0,0,0,0,0,0,0,0,0
울산경남지부,2018,청소년교육,22,226,인원,232,232,232,232,232,232,232,232,232,232,232,233,2785
울산경남지부,2018,청소년교육,22,226,개소,0,0,0,0,0,0,0,0,0,0,0,0,0
울산경남지부,2018,청소년교육,22,226,회차,0,0,0,0,0,0,0,0,0,0,0,0,0
울산경남지부,2018,청소년교육,22,227,개소,0,0,0,0,0,0,0,0,0,0,0,0,0
울산경남지부,2018,청소년교육,22,227,회차,0,0,0,0,0,0,0,0,0,0,0,0,0
울산경남지부,2018,청소년교육,22,227,인원,0,0,0,0,0,0,0,0,0,0,0,0,0
울산경남지부,2018,청소년교육,22,228,개소,0,0,0,0,0,0,0,0,0,0,0,0,0
울산경남지부,2018,청소년교육,22,228,회차,0,0,0,0,0,0,0,0,0,0,0,0,0
울산경남지부,2018,청소년교육,22,228,인원,0,0,0,0,0,0,0,0,0,0,0,0,0
울산경남지부,2018,성인교육,31,312,인원,20,20,20,20,20,20,20,20,20,20,20,31,251
울산경남지부,2018,성인교육,31,312,개소,0,0,0,0,0,0,0,0,0,0,0,0,0
울산경남지부,2018,성인교육,31,312,회차,0,0,0,0,0,0,0,0,0,0,0,0,0
울산경남지부,2018,성인교육,31,313,개소,0,0,0,0,0,0,0,0,0,0,0,0,0
울산경남지부,2018,성인교육,31,313,회차,0,0,0,0,0,0,0,0,0,0,0,0,0
울산경남지부,2018,성인교육,31,313,인원,0,0,0,0,0,0,0,0,0,0,0,0,0
울산경남지부,2018,성인교육,31,314,개소,0,0,0,0,0,0,0,0,0,0,0,0,0
울산경남지부,2018,성인교육,31,314,회차,0,0,0,0,0,0,0,0,0,0,0,0,0
울산경남지부,2018,성인교육,31,314,인원,0,0,0,0,0,0,0,0,0,0,0,0,0
울산경남지부,2018,성인교육,31,316,인원,418,418,418,418,418,418,418,418,418,418,418,427,5025
울산경남지부,2018,성인교육,31,316,개소,0,0,0,0,0,0,0,0,0,0,0,0,0
울산경남지부,2018,성인교육,31,316,회차,0,0,0,0,0,0,0,0,0,0,0,0,0
울산경남지부,2018,성인교육,31,317,개소,0,0,0,0,0,0,0,0,0,0,0,0,0
울산경남지부,2018,성인교육,31,317,회차,0,0,0,0,0,0,0,0,0,0,0,0,0
울산경남지부,2018,성인교육,31,317,인원,0,0,0,0,0,0,0,0,0,0,0,0,0
울산경남지부,2018,성인교육,31,318,개소,0,0,0,0,0,0,0,0,0,0,0,0,0
울산경남지부,2018,성인교육,31,318,회차,0,0,0,0,0,0,0,0,0,0,0,0,0
울산경남지부,2018,성인교육,31,318,인원,0,0,0,0,0,0,0,0,0,0,0,0,0
울산경남지부,2018,성인교육,31,319,개소,0,0,0,0,0,0,0,0,0,0,0,0,0
울산경남지부,2018,성인교육,31,319,회차,0,0,0,0,0,0,0,0,0,0,0,0,0
울산경남지부,2018,성인교육,31,319,인원,0,0,0,0,0,0,0,0,0,0,0,0,0
울산경남지부,2018,성인교육,32,322,개소,0,0,0,0,0,0,0,0,0,0,0,0,0
울산경남지부,2018,성인교육,32,322,회차,0,0,0,0,0,0,0,0,0,0,0,0,0
울산경남지부,2018,성인교육,32,322,인원,0,0,0,0,0,0,0,0,0,0,0,0,0
울산경남지부,2018,성인교육,32,323,개소,0,0,0,0,0,0,0,0,0,0,0,0,0
울산경남지부,2018,성인교육,32,323,회차,0,0,0,0,0,0,0,0,0,0,0,0,0
울산경남지부,2018,성인교육,32,323,인원,0,0,0,0,0,0,0,0,0,0,0,0,0
울산경남지부,2018,성인교육,32,326,인원,83,83,83,83,83,83,83,83,83,83,83,92,1005
울산경남지부,2018,성인교육,32,326,개소,0,0,0,0,0,0,0,0,0,0,0,0,0
울산경남지부,2018,성인교육,32,326,회차,0,0,0,0,0,0,0,0,0,0,0,0,0
울산경남지부,2018,성인교육,32,328,개소,0,0,0,0,0,0,0,0,0,0,0,0,0
울산경남지부,2018,성인교육,32,328,회차,0,0,0,0,0,0,0,0,0,0,0,0,0
울산경남지부,2018,성인교육,32,328,인원,0,0,0,0,0,0,0,0,0,0,0,0,0
울산경남지부,2018,성인교육,32,329,개소,0,0,0,0,0,0,0,0,0,0,0,0,0
울산경남지부,2018,성인교육,32,329,회차,0,0,0,0,0,0,0,0,0,0,0,0,0
울산경남지부,2018,성인교육,32,329,인원,0,0,0,0,0,0,0,0,0,0,0,0,0
울산경남지부,2018,성인교육,33,332,개소,0,0,0,0,0,0,0,0,0,0,0,0,0
울산경남지부,2018,성인교육,33,332,회차,0,0,0,0,0,0,0,0,0,0,0,0,0
울산경남지부,2018,성인교육,33,332,인원,0,0,0,0,0,0,0,0,0,0,0,0,0
울산경남지부,2018,성인교육,33,333,개소,0,0,0,0,0,0,0,0,0,0,0,0,0
울산경남지부,2018,성인교육,33,333,회차,0,0,0,0,0,0,0,0,0,0,0,0,0
울산경남지부,2018,성인교육,33,333,인원,0,0,0,0,0,0,0,0,0,0,0,0,0
울산경남지부,2018,성인교육,33,336,인원,167,167,167,167,167,167,167,167,167,167,167,173,2010
울산경남지부,2018,성인교육,33,336,개소,0,0,0,0,0,0,0,0,0,0,0,0,0
울산경남지부,2018,성인교육,33,336,회차,0,0,0,0,0,0,0,0,0,0,0,0,0
울산경남지부,2018,성인교육,33,338,개소,0,0,0,0,0,0,0,0,0,0,0,0,0
울산경남지부,2018,성인교육,33,338,회차,0,0,0,0,0,0,0,0,0,0,0,0,0
울산경남지부,2018,성인교육,33,338,인원,0,0,0,0,0,0,0,0,0,0,0,0,0
울산경남지부,2018,성인교육,33,339,개소,0,0,0,0,0,0,0,0,0,0,0,0,0
울산경남지부,2018,성인교육,33,339,회차,0,0,0,0,0,0,0,0,0,0,0,0,0
울산경남지부,2018,성인교육,33,339,인원,0,0,0,0,0,0,0,0,0,0,0,0,0
울산경남지부,2018,성인교육,34,342,인원,20,20,20,20,20,20,20,20,20,20,20,31,251
울산경남지부,2018,성인교육,34,342,개소,0,0,0,0,0,0,0,0,0,0,0,0,0
울산경남지부,2018,성인교육,34,342,회차,0,0,0,0,0,0,0,0,0,0,0,0,0
울산경남지부,2018,성인교육,34,343,개소,0,0,0,0,0,0,0,0,0,0,0,0,0
울산경남지부,2018,성인교육,34,343,회차,0,0,0,0,0,0,0,0,0,0,0,0,0
울산경남지부,2018,성인교육,34,343,인원,0,0,0,0,0,0,0,0,0,0,0,0,0
울산경남지부,2018,성인교육,34,346,인원,1172,1172,1172,1172,1172,1172,1172,1172,1172,1172,1172,1179,14071
울산경남지부,2018,성인교육,34,346,개소,0,0,0,0,0,0,0,0,0,0,0,0,0
울산경남지부,2018,성인교육,34,346,회차,0,0,0,0,0,0,0,0,0,0,0,0,0
울산경남지부,2018,성인교육,34,348,개소,0,0,0,0,0,0,0,0,0,0,0,0,0
울산경남지부,2018,성인교육,34,348,회차,0,0,0,0,0,0,0,0,0,0,0,0,0
울산경남지부,2018,성인교육,34,348,인원,0,0,0,0,0,0,0,0,0,0,0,0,0
울산경남지부,2018,성인교육,34,349,개소,0,0,0,0,0,0,0,0,0,0,0,0,0
울산경남지부,2018,성인교육,34,349,회차,0,0,0,0,0,0,0,0,0,0,0,0,0
울산경남지부,2018,성인교육,34,349,인원,0,0,0,0,0,0,0,0,0,0,0,0,0
울산경남지부,2018,성인교육,35,352,개소,0,0,0,0,0,0,0,0,0,0,0,0,0
울산경남지부,2018,성인교육,35,352,회차,0,0,0,0,0,0,0,0,0,0,0,0,0
울산경남지부,2018,성인교육,35,352,인원,0,0,0,0,0,0,0,0,0,0,0,0,0
울산경남지부,2018,성인교육,35,353,개소,0,0,0,0,0,0,0,0,0,0,0,0,0
울산경남지부,2018,성인교육,35,353,회차,0,0,0,0,0,0,0,0,0,0,0,0,0
울산경남지부,2018,성인교육,35,353,인원,0,0,0,0,0,0,0,0,0,0,0,0,0
울산경남지부,2018,성인교육,35,356,인원,125,125,125,125,125,125,125,125,125,125,125,133,1508
울산경남지부,2018,성인교육,35,356,개소,0,0,0,0,0,0,0,0,0,0,0,0,0
울산경남지부,2018,성인교육,35,356,회차,0,0,0,0,0,0,0,0,0,0,0,0,0
울산경남지부,2018,성인교육,35,358,개소,0,0,0,0,0,0,0,0,0,0,0,0,0
울산경남지부,2018,성인교육,35,358,회차,0,0,0,0,0,0,0,0,0,0,0,0,0
울산경남지부,2018,성인교육,35,358,인원,0,0,0,0,0,0,0,0,0,0,0,0,0
울산경남지부,2018,성인교육,35,359,개소,0,0,0,0,0,0,0,0,0,0,0,0,0
울산경남지부,2018,성인교육,35,359,회차,0,0,0,0,0,0,0,0,0,0,0,0,0
울산경남지부,2018,성인교육,35,359,인원,0,0,0,0,0,0,0,0,0,0,0,0,0
울산경남지부,2018,성인교육,36,362,인원,20,20,20,20,20,20,20,20,20,20,20,31,251
울산경남지부,2018,성인교육,36,362,개소,0,0,0,0,0,0,0,0,0,0,0,0,0
울산경남지부,2018,성인교육,36,362,회차,0,0,0,0,0,0,0,0,0,0,0,0,0
울산경남지부,2018,성인교육,36,363,개소,0,0,0,0,0,0,0,0,0,0,0,0,0
울산경남지부,2018,성인교육,36,363,회차,0,0,0,0,0,0,0,0,0,0,0,0,0
울산경남지부,2018,성인교육,36,363,인원,0,0,0,0,0,0,0,0,0,0,0,0,0
울산경남지부,2018,성인교육,36,365,개소,0,0,0,0,0,0,0,0,0,0,0,0,0
울산경남지부,2018,성인교육,36,365,회차,0,0,0,0,0,0,0,0,0,0,0,0,0
울산경남지부,2018,성인교육,36,365,인원,0,0,0,0,0,0,0,0,0,0,0,0,0
울산경남지부,2018,성인교육,36,366,인원,879,879,879,879,879,879,879,879,879,879,879,884,10553
울산경남지부,2018,성인교육,36,366,개소,0,0,0,0,0,0,0,0,0,0,0,0,0
울산경남지부,2018,성인교육,36,366,회차,0,0,0,0,0,0,0,0,0,0,0,0,0
울산경남지부,2018,성인교육,36,368,개소,0,0,0,0,0,0,0,0,0,0,0,0,0
울산경남지부,2018,성인교육,36,368,회차,0,0,0,0,0,0,0,0,0,0,0,0,0
울산경남지부,2018,성인교육,36,368,인원,0,0,0,0,0,0,0,0,0,0,0,0,0
울산경남지부,2018,성인교육,36,369,개소,0,0,0,0,0,0,0,0,0,0,0,0,0
울산경남지부,2018,성인교육,36,369,회차,0,0,0,0,0,0,0,0,0,0,0,0,0
울산경남지부,2018,성인교육,36,369,인원,0,0,0,0,0,0,0,0,0,0,0,0,0
울산경남지부,2018,성인교육,37,372,개소,0,0,0,0,0,0,0,0,0,0,0,0,0
울산경남지부,2018,성인교육,37,372,회차,0,0,0,0,0,0,0,0,0,0,0,0,0
울산경남지부,2018,성인교육,37,372,인원,0,0,0,0,0,0,0,0,0,0,0,0,0
울산경남지부,2018,성인교육,37,373,개소,0,0,0,0,0,0,0,0,0,0,0,0,0
울산경남지부,2018,성인교육,37,373,회차,0,0,0,0,0,0,0,0,0,0,0,0,0
울산경남지부,2018,성인교육,37,373,인원,0,0,0,0,0,0,0,0,0,0,0,0,0
울산경남지부,2018,성인교육,37,376,인원,1172,1172,1172,1172,1172,1172,1172,1172,1172,1172,1172,1179,14071
울산경남지부,2018,성인교육,37,376,개소,0,0,0,0,0,0,0,0,0,0,0,0,0
울산경남지부,2018,성인교육,37,376,회차,0,0,0,0,0,0,0,0,0,0,0,0,0
울산경남지부,2018,성인교육,37,378,개소,0,0,0,0,0,0,0,0,0,0,0,0,0
울산경남지부,2018,성인교육,37,378,회차,0,0,0,0,0,0,0,0,0,0,0,0,0
울산경남지부,2018,성인교육,37,378,인원,0,0,0,0,0,0,0,0,0,0,0,0,0
울산경남지부,2018,성인교육,37,379,개소,0,0,0,0,0,0,0,0,0,0,0,0,0
울산경남지부,2018,성인교육,37,379,회차,0,0,0,0,0,0,0,0,0,0,0,0,0
울산경남지부,2018,성인교육,37,379,인원,0,0,0,0,0,0,0,0,0,0,0,0,0
울산경남지부,2018,성인교육,38,381,인원,20,20,20,20,20,20,20,20,20,20,20,31,251
울산경남지부,2018,성인교육,38,381,개소,0,0,0,0,0,0,0,0,0,0,0,0,0
울산경남지부,2018,성인교육,38,381,회차,0,0,0,0,0,0,0,0,0,0,0,0,0
울산경남지부,2018,성인교육,38,382,개소,0,0,0,0,0,0,0,0,0,0,0,0,0
울산경남지부,2018,성인교육,38,382,회차,0,0,0,0,0,0,0,0,0,0,0,0,0
울산경남지부,2018,성인교육,38,382,인원,0,0,0,0,0,0,0,0,0,0,0,0,0
울산경남지부,2018,성인교육,38,386,개소,0,0,0,0,0,0,0,0,0,0,0,0,0
울산경남지부,2018,성인교육,38,386,회차,0,0,0,0,0,0,0,0,0,0,0,0,0
울산경남지부,2018,성인교육,38,386,인원,0,0,0,0,0,0,0,0,0,0,0,0,0
울산경남지부,2018,성인교육,38,388,개소,0,0,0,0,0,0,0,0,0,0,0,0,0
울산경남지부,2018,성인교육,38,388,회차,0,0,0,0,0,0,0,0,0,0,0,0,0
울산경남지부,2018,성인교육,38,388,인원,0,0,0,0,0,0,0,0,0,0,0,0,0
울산경남지부,2018,성인교육,39,392,개소,0,0,0,0,0,0,0,0,0,0,0,0,0
울산경남지부,2018,성인교육,39,392,회차,0,0,0,0,0,0,0,0,0,0,0,0,0
울산경남지부,2018,성인교육,39,392,인원,0,0,0,0,0,0,0,0,0,0,0,0,0
울산경남지부,2018,성인교육,39,393,개소,0,0,0,0,0,0,0,0,0,0,0,0,0
울산경남지부,2018,성인교육,39,393,회차,0,0,0,0,0,0,0,0,0,0,0,0,0
울산경남지부,2018,성인교육,39,393,인원,0,0,0,0,0,0,0,0,0,0,0,0,0
울산경남지부,2018,성인교육,39,396,인원,83,83,83,83,83,83,83,83,83,83,83,92,1005
울산경남지부,2018,성인교육,39,396,개소,0,0,0,0,0,0,0,0,0,0,0,0,0
울산경남지부,2018,성인교육,39,396,회차,0,0,0,0,0,0,0,0,0,0,0,0,0
울산경남지부,2018,성인교육,39,398,개소,0,0,0,0,0,0,0,0,0,0,0,0,0
울산경남지부,2018,성인교육,39,398,회차,0,0,0,0,0,0,0,0,0,0,0,0,0
울산경남지부,2018,성인교육,39,398,인원,0,0,0,0,0,0,0,0,0,0,0,0,0
울산경남지부,2018,고령자교육,41,411,인원,1321,1321,1321,1321,1321,1321,1321,1321,1321,1321,1321,1329,15860
울산경남지부,2018,고령자교육,41,411,개소,0,0,0,0,0,0,0,0,0,0,0,0,0
울산경남지부,2018,고령자교육,41,411,회차,0,0,0,0,0,0,0,0,0,0,0,0,0
울산경남지부,2018,고령자교육,41,412,개소,0,0,0,0,0,0,0,0,0,0,0,0,0
울산경남지부,2018,고령자교육,41,412,회차,0,0,0,0,0,0,0,0,0,0,0,0,0
울산경남지부,2018,고령자교육,41,412,인원,14,14,14,14,14,14,14,14,14,14,14,15,169
울산경남지부,2018,고령자교육,41,413,개소,0,0,0,0,0,0,0,0,0,0,0,0,0
울산경남지부,2018,고령자교육,41,413,회차,0,0,0,0,0,0,0,0,0,0,0,0,0
울산경남지부,2018,고령자교육,41,413,인원,0,0,0,0,0,0,0,0,0,0,0,0,0
울산경남지부,2018,고령자교육,41,417,개소,0,0,0,0,0,0,0,0,0,0,0,0,0
울산경남지부,2018,고령자교육,41,417,회차,0,0,0,0,0,0,0,0,0,0,0,0,0
울산경남지부,2018,고령자교육,41,417,인원,14,14,14,14,14,14,14,14,14,14,14,15,169
울산경남지부,2018,고령자교육,42,422,개소,0,0,0,0,0,0,0,0,0,0,0,0,0
울산경남지부,2018,고령자교육,42,422,회차,0,0,0,0,0,0,0,0,0,0,0,0,0
울산경남지부,2018,고령자교육,42,422,인원,0,0,0,0,0,0,0,0,0,0,0,0,0
울산경남지부,2018,고령자교육,42,423,개소,0,0,0,0,0,0,0,0,0,0,0,0,0
울산경남지부,2018,고령자교육,42,423,회차,0,0,0,0,0,0,0,0,0,0,0,0,0
울산경남지부,2018,고령자교육,42,423,인원,0,0,0,0,0,0,0,0,0,0,0,0,0
울산경남지부,2018,고령자교육,42,426,개소,0,0,0,0,0,0,0,0,0,0,0,0,0
울산경남지부,2018,고령자교육,42,426,회차,0,0,0,0,0,0,0,0,0,0,0,0,0
울산경남지부,2018,고령자교육,42,426,인원,67,67,67,67,67,67,67,67,67,67,67,74,811
울산경남지부,2018,교사교육,51,511,개소,0,0,0,0,0,0,0,0,0,0,0,0,0
울산경남지부,2018,교사교육,51,511,회차,0,0,0,0,0,0,0,0,0,0,0,0,0
울산경남지부,2018,교사교육,51,511,인원,0,0,0,0,0,0,0,0,0,0,0,0,0
울산경남지부,2018,교사교육,51,512,개소,0,0,0,0,0,0,0,0,0,0,0,0,0
울산경남지부,2018,교사교육,51,512,회차,0,0,0,0,0,0,0,0,0,0,0,0,0
울산경남지부,2018,교사교육,51,512,인원,0,0,0,0,0,0,0,0,0,0,0,0,0
울산경남지부,2018,교사교육,51,516,개소,0,0,0,0,0,0,0,0,0,0,0,0,0
울산경남지부,2018,교사교육,51,516,회차,0,0,0,0,0,0,0,0,0,0,0,0,0
울산경남지부,2018,교사교육,51,516,인원,0,0,0,0,0,0,0,0,0,0,0,0,0
울산경남지부,2018,교사교육,52,521,개소,0,0,0,0,0,0,0,0,0,0,0,0,0
울산경남지부,2018,교사교육,52,521,회차,0,0,0,0,0,0,0,0,0,0,0,0,0
울산경남지부,2018,교사교육,52,521,인원,0,0,0,0,0,0,0,0,0,0,0,0,0
울산경남지부,2018,교사교육,52,522,개소,0,0,0,0,0,0,0,0,0,0,0,0,0
울산경남지부,2018,교사교육,52,522,회차,0,0,0,0,0,0,0,0,0,0,0,0,0
울산경남지부,2018,교사교육,52,522,인원,0,0,0,0,0,0,0,0,0,0,0,0,0
울산경남지부,2018,교사교육,52,526,개소,0,0,0,0,0,0,0,0,0,0,0,0,0
울산경남지부,2018,교사교육,52,526,회차,0,0,0,0,0,0,0,0,0,0,0,0,0
울산경남지부,2018,교사교육,52,526,인원,41,42,42,42,42,42,42,42,42,42,42,42,503
울산경남지부,2018,교사교육,53,531,개소,0,0,0,0,0,0,0,0,0,0,0,0,0
울산경남지부,2018,교사교육,53,531,회차,0,0,0,0,0,0,0,0,0,0,0,0,0
울산경남지부,2018,교사교육,53,531,인원,0,0,0,0,0,0,0,0,0,0,0,0,0
울산경남지부,2018,교사교육,53,532,개소,0,0,0,0,0,0,0,0,0,0,0,0,0
울산경남지부,2018,교사교육,53,532,회차,0,0,0,0,0,0,0,0,0,0,0,0,0
울산경남지부,2018,교사교육,53,532,인원,0,0,0,0,0,0,0,0,0,0,0,0,0
울산경남지부,2018,교사교육,53,536,개소,0,0,0,0,0,0,0,0,0,0,0,0,0
울산경남지부,2018,교사교육,53,536,회차,0,0,0,0,0,0,0,0,0,0,0,0,0
울산경남지부,2018,교사교육,53,536,인원,20,20,20,20,20,20,20,20,20,20,20,31,251
울산경남지부,2018,교사교육,54,541,개소,0,0,0,0,0,0,0,0,0,0,0,0,0
울산경남지부,2018,교사교육,54,541,회차,0,0,0,0,0,0,0,0,0,0,0,0,0
울산경남지부,2018,교사교육,54,541,인원,0,0,0,0,0,0,0,0,0,0,0,0,0
울산경남지부,2018,교사교육,54,542,개소,0,0,0,0,0,0,0,0,0,0,0,0,0
울산경남지부,2018,교사교육,54,542,회차,0,0,0,0,0,0,0,0,0,0,0,0,0
울산경남지부,2018,교사교육,54,542,인원,0,0,0,0,0,0,0,0,0,0,0,0,0
울산경남지부,2018,교사교육,54,543,개소,0,0,0,0,0,0,0,0,0,0,0,0,0
울산경남지부,2018,교사교육,54,543,회차,0,0,0,0,0,0,0,0,0,0,0,0,0
울산경남지부,2018,교사교육,54,543,인원,0,0,0,0,0,0,0,0,0,0,0,0,0
울산경남지부,2018,교사교육,54,546,개소,0,0,0,0,0,0,0,0,0,0,0,0,0
울산경남지부,2018,교사교육,54,546,회차,0,0,0,0,0,0,0,0,0,0,0,0,0
울산경남지부,2018,교사교육,54,546,인원,20,20,20,20,20,20,20,20,20,20,20,31,251
울산경남지부,2019,어린이교육,11,111,개소,0,0,0,0,0,0,0,0,0,0,0,0,0
울산경남지부,2019,어린이교육,11,111,회차,0,0,0,0,0,0,0,0,0,0,0,0,0
울산경남지부,2019,어린이교육,11,111,인원,0,0,0,0,0,0,0,0,0,0,0,0,0
울산경남지부,2019,어린이교육,11,112,개소,0,0,0,0,0,0,0,0,0,0,0,0,0
울산경남지부,2019,어린이교육,11,112,회차,0,0,0,0,0,0,0,0,0,0,0,0,0
울산경남지부,2019,어린이교육,11,112,인원,0,0,0,0,0,0,0,0,0,0,0,0,0
울산경남지부,2019,어린이교육,11,113,개소,0,0,0,0,0,0,0,0,0,0,0,0,0
울산경남지부,2019,어린이교육,11,113,회차,0,0,0,0,0,0,0,0,0,0,0,0,0
울산경남지부,2019,어린이교육,11,113,인원,0,0,0,0,0,0,0,0,0,0,0,0,0
울산경남지부,2019,어린이교육,11,114,개소,0,0,0,0,0,0,0,0,0,0,0,0,0
울산경남지부,2019,어린이교육,11,114,회차,0,0,0,0,0,0,0,0,0,0,0,0,0
울산경남지부,2019,어린이교육,11,114,인원,0,0,0,0,0,0,0,0,0,0,0,0,0
울산경남지부,2019,어린이교육,12,121,개소,0,0,0,0,0,0,0,0,0,0,0,0,0
울산경남지부,2019,어린이교육,12,121,회차,0,0,0,0,0,0,0,0,0,0,0,0,0
울산경남지부,2019,어린이교육,12,121,인원,0,0,0,0,0,0,0,0,0,0,0,0,0
울산경남지부,2019,어린이교육,12,122,개소,0,0,0,0,0,0,0,0,0,0,0,0,0
울산경남지부,2019,어린이교육,12,122,회차,0,0,0,0,0,0,0,0,0,0,0,0,0
울산경남지부,2019,어린이교육,12,122,인원,0,0,0,0,0,0,0,0,0,0,0,0,0
울산경남지부,2019,어린이교육,12,124,개소,0,0,0,0,0,0,0,0,0,0,0,0,0
울산경남지부,2019,어린이교육,12,124,회차,0,0,0,0,0,0,0,0,0,0,0,0,0
울산경남지부,2019,어린이교육,12,124,인원,0,0,0,0,0,0,0,0,0,0,0,0,0
울산경남지부,2019,어린이교육,12,127,개소,0,0,0,0,0,0,0,0,0,0,0,0,0
울산경남지부,2019,어린이교육,12,127,회차,0,0,0,0,0,0,0,0,0,0,0,0,0
울산경남지부,2019,어린이교육,12,127,인원,0,0,0,0,0,0,0,0,0,0,0,0,0
울산경남지부,2019,어린이교육,13,131,개소,0,0,0,0,0,0,0,0,0,0,0,0,0
울산경남지부,2019,어린이교육,13,131,회차,0,0,0,0,0,0,0,0,0,0,0,0,0
울산경남지부,2019,어린이교육,13,131,인원,0,0,0,0,0,0,0,0,0,0,0,0,0
울산경남지부,2019,어린이교육,13,132,개소,0,0,0,0,0,0,0,0,0,0,0,0,0
울산경남지부,2019,어린이교육,13,132,회차,0,0,0,0,0,0,0,0,0,0,0,0,0
울산경남지부,2019,어린이교육,13,132,인원,0,0,0,0,0,0,0,0,0,0,0,0,0
울산경남지부,2019,어린이교육,13,134,개소,0,0,0,0,0,0,0,0,0,0,0,0,0
울산경남지부,2019,어린이교육,13,134,회차,0,0,0,0,0,0,0,0,0,0,0,0,0
울산경남지부,2019,어린이교육,13,134,인원,0,0,0,0,0,0,0,0,0,0,0,0,0
울산경남지부,2019,어린이교육,13,137,개소,0,0,0,0,0,0,0,0,0,0,0,0,0
울산경남지부,2019,어린이교육,13,137,회차,0,0,0,0,0,0,0,0,0,0,0,0,0
울산경남지부,2019,어린이교육,13,137,인원,0,0,0,0,0,0,0,0,0,0,0,0,0
울산경남지부,2019,어린이교육,14,141,개소,0,0,0,0,0,0,0,0,0,0,0,0,0
울산경남지부,2019,어린이교육,14,141,회차,0,0,0,0,0,0,0,0,0,0,0,0,0
울산경남지부,2019,어린이교육,14,141,인원,0,0,0,0,0,0,0,0,0,0,0,0,0
울산경남지부,2019,어린이교육,14,142,개소,0,0,0,0,0,0,0,0,0,0,0,0,0
울산경남지부,2019,어린이교육,14,142,회차,0,0,0,0,0,0,0,0,0,0,0,0,0
울산경남지부,2019,어린이교육,14,142,인원,0,0,0,0,0,0,0,0,0,0,0,0,0
울산경남지부,2019,어린이교육,14,144,개소,0,0,0,0,0,0,0,0,0,0,0,0,0
울산경남지부,2019,어린이교육,14,144,회차,0,0,0,0,0,0,0,0,0,0,0,0,0
울산경남지부,2019,어린이교육,14,144,인원,0,0,0,0,0,0,0,0,0,0,0,0,0
울산경남지부,2019,어린이교육,14,147,개소,0,0,0,0,0,0,0,0,0,0,0,0,0
울산경남지부,2019,어린이교육,14,147,회차,0,0,0,0,0,0,0,0,0,0,0,0,0
울산경남지부,2019,어린이교육,14,147,인원,0,0,0,0,0,0,0,0,0,0,0,0,0
울산경남지부,2019,청소년교육,21,211,개소,0,0,0,0,0,0,0,0,0,0,0,0,0
울산경남지부,2019,청소년교육,21,211,회차,0,0,0,0,0,0,0,0,0,0,0,0,0
울산경남지부,2019,청소년교육,21,211,인원,0,0,0,0,0,0,0,0,0,0,0,0,0
울산경남지부,2019,청소년교육,21,212,개소,0,0,0,0,0,0,0,0,0,0,0,0,0
울산경남지부,2019,청소년교육,21,212,회차,0,0,0,0,0,0,0,0,0,0,0,0,0
울산경남지부,2019,청소년교육,21,212,인원,0,0,0,0,0,0,0,0,0,0,0,0,0
울산경남지부,2019,청소년교육,21,214,개소,0,0,0,0,0,0,0,0,0,0,0,0,0
울산경남지부,2019,청소년교육,21,214,회차,0,0,0,0,0,0,0,0,0,0,0,0,0
울산경남지부,2019,청소년교육,21,214,인원,0,0,0,0,0,0,0,0,0,0,0,0,0
울산경남지부,2019,청소년교육,21,217,개소,0,0,0,0,0,0,0,0,0,0,0,0,0
울산경남지부,2019,청소년교육,21,217,회차,0,0,0,0,0,0,0,0,0,0,0,0,0
울산경남지부,2019,청소년교육,21,217,인원,0,0,0,0,0,0,0,0,0,0,0,0,0
울산경남지부,2019,청소년교육,21,218,개소,0,0,0,0,0,0,0,0,0,0,0,0,0
울산경남지부,2019,청소년교육,21,218,회차,0,0,0,0,0,0,0,0,0,0,0,0,0
울산경남지부,2019,청소년교육,21,218,인원,0,0,0,0,0,0,0,0,0,0,0,0,0
울산경남지부,2019,청소년교육,22,221,개소,0,0,0,0,0,0,0,0,0,0,0,0,0
울산경남지부,2019,청소년교육,22,221,회차,0,0,0,0,0,0,0,0,0,0,0,0,0
울산경남지부,2019,청소년교육,22,221,인원,0,0,0,0,0,0,0,0,0,0,0,0,0
울산경남지부,2019,청소년교육,22,222,개소,0,0,0,0,0,0,0,0,0,0,0,0,0
울산경남지부,2019,청소년교육,22,222,회차,0,0,0,0,0,0,0,0,0,0,0,0,0
울산경남지부,2019,청소년교육,22,222,인원,0,0,0,0,0,0,0,0,0,0,0,0,0
울산경남지부,2019,청소년교육,22,223,인원,0,0,0,0,0,0,0,0,0,0,0,0,0
울산경남지부,2019,청소년교육,22,223,개소,0,0,0,0,0,0,0,0,0,0,0,0,0
울산경남지부,2019,청소년교육,22,223,회차,0,0,0,0,0,0,0,0,0,0,0,0,0
울산경남지부,2019,청소년교육,22,224,개소,0,0,0,0,0,0,0,0,0,0,0,0,0
울산경남지부,2019,청소년교육,22,224,회차,0,0,0,0,0,0,0,0,0,0,0,0,0
울산경남지부,2019,청소년교육,22,224,인원,0,0,0,0,0,0,0,0,0,0,0,0,0
울산경남지부,2019,청소년교육,22,226,개소,0,0,0,0,0,0,0,0,0,0,0,0,0
울산경남지부,2019,청소년교육,22,226,회차,0,0,0,0,0,0,0,0,0,0,0,0,0
울산경남지부,2019,청소년교육,22,226,인원,0,0,0,0,0,0,0,0,0,0,0,0,0
울산경남지부,2019,청소년교육,22,227,개소,0,0,0,0,0,0,0,0,0,0,0,0,0
울산경남지부,2019,청소년교육,22,227,회차,0,0,0,0,0,0,0,0,0,0,0,0,0
울산경남지부,2019,청소년교육,22,227,인원,0,0,0,0,0,0,0,0,0,0,0,0,0
울산경남지부,2019,청소년교육,22,228,개소,0,0,0,0,0,0,0,0,0,0,0,0,0
울산경남지부,2019,청소년교육,22,228,회차,0,0,0,0,0,0,0,0,0,0,0,0,0
울산경남지부,2019,청소년교육,22,228,인원,0,0,0,0,0,0,0,0,0,0,0,0,0
울산경남지부,2019,성인교육,31,312,개소,0,0,0,0,0,0,0,0,0,0,0,0,0
울산경남지부,2019,성인교육,31,312,회차,0,0,0,0,0,0,0,0,0,0,0,0,0
울산경남지부,2019,성인교육,31,312,인원,0,0,0,0,0,0,0,0,0,0,0,0,0
울산경남지부,2019,성인교육,31,313,개소,0,0,0,0,0,0,0,0,0,0,0,0,0
울산경남지부,2019,성인교육,31,313,회차,0,0,0,0,0,0,0,0,0,0,0,0,0
울산경남지부,2019,성인교육,31,313,인원,0,0,0,0,0,0,0,0,0,0,0,0,0
울산경남지부,2019,성인교육,31,314,개소,0,0,0,0,0,0,0,0,0,0,0,0,0
울산경남지부,2019,성인교육,31,314,회차,0,0,0,0,0,0,0,0,0,0,0,0,0
울산경남지부,2019,성인교육,31,314,인원,0,0,0,0,0,0,0,0,0,0,0,0,0
울산경남지부,2019,성인교육,31,316,개소,0,0,0,0,0,0,0,0,0,0,0,0,0
울산경남지부,2019,성인교육,31,316,회차,0,0,0,0,0,0,0,0,0,0,0,0,0
울산경남지부,2019,성인교육,31,316,인원,0,0,0,0,0,0,0,0,0,0,0,0,0
울산경남지부,2019,성인교육,31,317,개소,0,0,0,0,0,0,0,0,0,0,0,0,0
울산경남지부,2019,성인교육,31,317,회차,0,0,0,0,0,0,0,0,0,0,0,0,0
울산경남지부,2019,성인교육,31,317,인원,0,0,0,0,0,0,0,0,0,0,0,0,0
울산경남지부,2019,성인교육,31,318,개소,0,0,0,0,0,0,0,0,0,0,0,0,0
울산경남지부,2019,성인교육,31,318,회차,0,0,0,0,0,0,0,0,0,0,0,0,0
울산경남지부,2019,성인교육,31,318,인원,0,0,0,0,0,0,0,0,0,0,0,0,0
울산경남지부,2019,성인교육,31,319,개소,0,0,0,0,0,0,0,0,0,0,0,0,0
울산경남지부,2019,성인교육,31,319,회차,0,0,0,0,0,0,0,0,0,0,0,0,0
울산경남지부,2019,성인교육,31,319,인원,0,0,0,0,0,0,0,0,0,0,0,0,0
울산경남지부,2019,성인교육,32,322,개소,0,0,0,0,0,0,0,0,0,0,0,0,0
울산경남지부,2019,성인교육,32,322,회차,0,0,0,0,0,0,0,0,0,0,0,0,0
울산경남지부,2019,성인교육,32,322,인원,0,0,0,0,0,0,0,0,0,0,0,0,0
울산경남지부,2019,성인교육,32,323,개소,0,0,0,0,0,0,0,0,0,0,0,0,0
울산경남지부,2019,성인교육,32,323,회차,0,0,0,0,0,0,0,0,0,0,0,0,0
울산경남지부,2019,성인교육,32,323,인원,0,0,0,0,0,0,0,0,0,0,0,0,0
울산경남지부,2019,성인교육,32,326,개소,0,0,0,0,0,0,0,0,0,0,0,0,0
울산경남지부,2019,성인교육,32,326,회차,0,0,0,0,0,0,0,0,0,0,0,0,0
울산경남지부,2019,성인교육,32,326,인원,0,0,0,0,0,0,0,0,0,0,0,0,0
울산경남지부,2019,성인교육,32,328,개소,0,0,0,0,0,0,0,0,0,0,0,0,0
울산경남지부,2019,성인교육,32,328,회차,0,0,0,0,0,0,0,0,0,0,0,0,0
울산경남지부,2019,성인교육,32,328,인원,0,0,0,0,0,0,0,0,0,0,0,0,0
울산경남지부,2019,성인교육,32,329,개소,0,0,0,0,0,0,0,0,0,0,0,0,0
울산경남지부,2019,성인교육,32,329,회차,0,0,0,0,0,0,0,0,0,0,0,0,0
울산경남지부,2019,성인교육,32,329,인원,0,0,0,0,0,0,0,0,0,0,0,0,0
울산경남지부,2019,성인교육,33,332,개소,0,0,0,0,0,0,0,0,0,0,0,0,0
울산경남지부,2019,성인교육,33,332,회차,0,0,0,0,0,0,0,0,0,0,0,0,0
울산경남지부,2019,성인교육,33,332,인원,0,0,0,0,0,0,0,0,0,0,0,0,0
울산경남지부,2019,성인교육,33,333,개소,0,0,0,0,0,0,0,0,0,0,0,0,0
울산경남지부,2019,성인교육,33,333,회차,0,0,0,0,0,0,0,0,0,0,0,0,0
울산경남지부,2019,성인교육,33,333,인원,0,0,0,0,0,0,0,0,0,0,0,0,0
울산경남지부,2019,성인교육,33,336,개소,0,0,0,0,0,0,0,0,0,0,0,0,0
울산경남지부,2019,성인교육,33,336,회차,0,0,0,0,0,0,0,0,0,0,0,0,0
울산경남지부,2019,성인교육,33,336,인원,0,0,0,0,0,0,0,0,0,0,0,0,0
울산경남지부,2019,성인교육,33,338,개소,0,0,0,0,0,0,0,0,0,0,0,0,0
울산경남지부,2019,성인교육,33,338,회차,0,0,0,0,0,0,0,0,0,0,0,0,0
울산경남지부,2019,성인교육,33,338,인원,0,0,0,0,0,0,0,0,0,0,0,0,0
울산경남지부,2019,성인교육,33,339,개소,0,0,0,0,0,0,0,0,0,0,0,0,0
울산경남지부,2019,성인교육,33,339,회차,0,0,0,0,0,0,0,0,0,0,0,0,0
울산경남지부,2019,성인교육,33,339,인원,0,0,0,0,0,0,0,0,0,0,0,0,0
울산경남지부,2019,성인교육,34,342,개소,0,0,0,0,0,0,0,0,0,0,0,0,0
울산경남지부,2019,성인교육,34,342,회차,0,0,0,0,0,0,0,0,0,0,0,0,0
울산경남지부,2019,성인교육,34,342,인원,0,0,0,0,0,0,0,0,0,0,0,0,0
울산경남지부,2019,성인교육,34,343,개소,0,0,0,0,0,0,0,0,0,0,0,0,0
울산경남지부,2019,성인교육,34,343,회차,0,0,0,0,0,0,0,0,0,0,0,0,0
울산경남지부,2019,성인교육,34,343,인원,0,0,0,0,0,0,0,0,0,0,0,0,0
울산경남지부,2019,성인교육,34,346,개소,0,0,0,0,0,0,0,0,0,0,0,0,0
울산경남지부,2019,성인교육,34,346,회차,0,0,0,0,0,0,0,0,0,0,0,0,0
울산경남지부,2019,성인교육,34,346,인원,0,0,0,0,0,0,0,0,0,0,0,0,0
울산경남지부,2019,성인교육,34,348,개소,0,0,0,0,0,0,0,0,0,0,0,0,0
울산경남지부,2019,성인교육,34,348,회차,0,0,0,0,0,0,0,0,0,0,0,0,0
울산경남지부,2019,성인교육,34,348,인원,0,0,0,0,0,0,0,0,0,0,0,0,0
울산경남지부,2019,성인교육,34,349,개소,0,0,0,0,0,0,0,0,0,0,0,0,0
울산경남지부,2019,성인교육,34,349,회차,0,0,0,0,0,0,0,0,0,0,0,0,0
울산경남지부,2019,성인교육,34,349,인원,0,0,0,0,0,0,0,0,0,0,0,0,0
울산경남지부,2019,성인교육,35,352,개소,0,0,0,0,0,0,0,0,0,0,0,0,0
울산경남지부,2019,성인교육,35,352,회차,0,0,0,0,0,0,0,0,0,0,0,0,0
울산경남지부,2019,성인교육,35,352,인원,0,0,0,0,0,0,0,0,0,0,0,0,0
울산경남지부,2019,성인교육,35,353,개소,0,0,0,0,0,0,0,0,0,0,0,0,0
울산경남지부,2019,성인교육,35,353,회차,0,0,0,0,0,0,0,0,0,0,0,0,0
울산경남지부,2019,성인교육,35,353,인원,0,0,0,0,0,0,0,0,0,0,0,0,0
울산경남지부,2019,성인교육,35,356,개소,0,0,0,0,0,0,0,0,0,0,0,0,0
울산경남지부,2019,성인교육,35,356,회차,0,0,0,0,0,0,0,0,0,0,0,0,0
울산경남지부,2019,성인교육,35,356,인원,0,0,0,0,0,0,0,0,0,0,0,0,0
울산경남지부,2019,성인교육,35,358,개소,0,0,0,0,0,0,0,0,0,0,0,0,0
울산경남지부,2019,성인교육,35,358,회차,0,0,0,0,0,0,0,0,0,0,0,0,0
울산경남지부,2019,성인교육,35,358,인원,0,0,0,0,0,0,0,0,0,0,0,0,0
울산경남지부,2019,성인교육,35,359,개소,0,0,0,0,0,0,0,0,0,0,0,0,0
울산경남지부,2019,성인교육,35,359,회차,0,0,0,0,0,0,0,0,0,0,0,0,0
울산경남지부,2019,성인교육,35,359,인원,0,0,0,0,0,0,0,0,0,0,0,0,0
울산경남지부,2019,성인교육,36,362,개소,0,0,0,0,0,0,0,0,0,0,0,0,0
울산경남지부,2019,성인교육,36,362,회차,0,0,0,0,0,0,0,0,0,0,0,0,0
울산경남지부,2019,성인교육,36,362,인원,0,0,0,0,0,0,0,0,0,0,0,0,0
울산경남지부,2019,성인교육,36,363,개소,0,0,0,0,0,0,0,0,0,0,0,0,0
울산경남지부,2019,성인교육,36,363,회차,0,0,0,0,0,0,0,0,0,0,0,0,0
울산경남지부,2019,성인교육,36,363,인원,0,0,0,0,0,0,0,0,0,0,0,0,0
울산경남지부,2019,성인교육,36,365,개소,0,0,0,0,0,0,0,0,0,0,0,0,0
울산경남지부,2019,성인교육,36,365,회차,0,0,0,0,0,0,0,0,0,0,0,0,0
울산경남지부,2019,성인교육,36,365,인원,0,0,0,0,0,0,0,0,0,0,0,0,0
울산경남지부,2019,성인교육,36,366,개소,0,0,0,0,0,0,0,0,0,0,0,0,0
울산경남지부,2019,성인교육,36,366,회차,0,0,0,0,0,0,0,0,0,0,0,0,0
울산경남지부,2019,성인교육,36,366,인원,0,0,0,0,0,0,0,0,0,0,0,0,0
울산경남지부,2019,성인교육,36,368,개소,0,0,0,0,0,0,0,0,0,0,0,0,0
울산경남지부,2019,성인교육,36,368,회차,0,0,0,0,0,0,0,0,0,0,0,0,0
울산경남지부,2019,성인교육,36,368,인원,0,0,0,0,0,0,0,0,0,0,0,0,0
울산경남지부,2019,성인교육,36,369,개소,0,0,0,0,0,0,0,0,0,0,0,0,0
울산경남지부,2019,성인교육,36,369,회차,0,0,0,0,0,0,0,0,0,0,0,0,0
울산경남지부,2019,성인교육,36,369,인원,0,0,0,0,0,0,0,0,0,0,0,0,0
울산경남지부,2019,성인교육,37,372,개소,0,0,0,0,0,0,0,0,0,0,0,0,0
울산경남지부,2019,성인교육,37,372,회차,0,0,0,0,0,0,0,0,0,0,0,0,0
울산경남지부,2019,성인교육,37,372,인원,0,0,0,0,0,0,0,0,0,0,0,0,0
울산경남지부,2019,성인교육,37,373,개소,0,0,0,0,0,0,0,0,0,0,0,0,0
울산경남지부,2019,성인교육,37,373,회차,0,0,0,0,0,0,0,0,0,0,0,0,0
울산경남지부,2019,성인교육,37,373,인원,0,0,0,0,0,0,0,0,0,0,0,0,0
울산경남지부,2019,성인교육,37,376,개소,0,0,0,0,0,0,0,0,0,0,0,0,0
울산경남지부,2019,성인교육,37,376,회차,0,0,0,0,0,0,0,0,0,0,0,0,0
울산경남지부,2019,성인교육,37,376,인원,0,0,0,0,0,0,0,0,0,0,0,0,0
울산경남지부,2019,성인교육,37,378,개소,0,0,0,0,0,0,0,0,0,0,0,0,0
울산경남지부,2019,성인교육,37,378,회차,0,0,0,0,0,0,0,0,0,0,0,0,0
울산경남지부,2019,성인교육,37,378,인원,0,0,0,0,0,0,0,0,0,0,0,0,0
울산경남지부,2019,성인교육,37,379,개소,0,0,0,0,0,0,0,0,0,0,0,0,0
울산경남지부,2019,성인교육,37,379,회차,0,0,0,0,0,0,0,0,0,0,0,0,0
울산경남지부,2019,성인교육,37,379,인원,0,0,0,0,0,0,0,0,0,0,0,0,0
울산경남지부,2019,성인교육,38,381,개소,0,0,0,0,0,0,0,0,0,0,0,0,0
울산경남지부,2019,성인교육,38,381,회차,0,0,0,0,0,0,0,0,0,0,0,0,0
울산경남지부,2019,성인교육,38,381,인원,0,0,0,0,0,0,0,0,0,0,0,0,0
울산경남지부,2019,성인교육,38,382,개소,0,0,0,0,0,0,0,0,0,0,0,0,0
울산경남지부,2019,성인교육,38,382,회차,0,0,0,0,0,0,0,0,0,0,0,0,0
울산경남지부,2019,성인교육,38,382,인원,0,0,0,0,0,0,0,0,0,0,0,0,0
울산경남지부,2019,성인교육,38,386,개소,0,0,0,0,0,0,0,0,0,0,0,0,0
울산경남지부,2019,성인교육,38,386,회차,0,0,0,0,0,0,0,0,0,0,0,0,0
울산경남지부,2019,성인교육,38,386,인원,0,0,0,0,0,0,0,0,0,0,0,0,0
울산경남지부,2019,성인교육,38,388,개소,0,0,0,0,0,0,0,0,0,0,0,0,0
울산경남지부,2019,성인교육,38,388,회차,0,0,0,0,0,0,0,0,0,0,0,0,0
울산경남지부,2019,성인교육,38,388,인원,0,0,0,0,0,0,0,0,0,0,0,0,0
울산경남지부,2019,성인교육,39,392,개소,0,0,0,0,0,0,0,0,0,0,0,0,0
울산경남지부,2019,성인교육,39,392,회차,0,0,0,0,0,0,0,0,0,0,0,0,0
울산경남지부,2019,성인교육,39,392,인원,0,0,0,0,0,0,0,0,0,0,0,0,0
울산경남지부,2019,성인교육,39,393,개소,0,0,0,0,0,0,0,0,0,0,0,0,0
울산경남지부,2019,성인교육,39,393,회차,0,0,0,0,0,0,0,0,0,0,0,0,0
울산경남지부,2019,성인교육,39,393,인원,0,0,0,0,0,0,0,0,0,0,0,0,0
울산경남지부,2019,성인교육,39,396,개소,0,0,0,0,0,0,0,0,0,0,0,0,0
울산경남지부,2019,성인교육,39,396,회차,0,0,0,0,0,0,0,0,0,0,0,0,0
울산경남지부,2019,성인교육,39,396,인원,0,0,0,0,0,0,0,0,0,0,0,0,0
울산경남지부,2019,성인교육,39,398,개소,0,0,0,0,0,0,0,0,0,0,0,0,0
울산경남지부,2019,성인교육,39,398,회차,0,0,0,0,0,0,0,0,0,0,0,0,0
울산경남지부,2019,성인교육,39,398,인원,0,0,0,0,0,0,0,0,0,0,0,0,0
울산경남지부,2019,교사교육,51,511,개소,0,0,0,0,0,0,0,0,0,0,0,0,0
울산경남지부,2019,교사교육,51,511,회차,0,0,0,0,0,0,0,0,0,0,0,0,0
울산경남지부,2019,교사교육,51,511,인원,0,0,0,0,0,0,0,0,0,0,0,0,0
울산경남지부,2019,교사교육,51,512,개소,0,0,0,0,0,0,0,0,0,0,0,0,0
울산경남지부,2019,교사교육,51,512,회차,0,0,0,0,0,0,0,0,0,0,0,0,0
울산경남지부,2019,교사교육,51,512,인원,0,0,0,0,0,0,0,0,0,0,0,0,0
울산경남지부,2019,교사교육,51,516,개소,0,0,0,0,0,0,0,0,0,0,0,0,0
울산경남지부,2019,교사교육,51,516,회차,0,0,0,0,0,0,0,0,0,0,0,0,0
울산경남지부,2019,교사교육,51,516,인원,0,0,0,0,0,0,0,0,0,0,0,0,0
울산경남지부,2019,교사교육,52,521,개소,0,0,0,0,0,0,0,0,0,0,0,0,0
울산경남지부,2019,교사교육,52,521,회차,0,0,0,0,0,0,0,0,0,0,0,0,0
울산경남지부,2019,교사교육,52,521,인원,0,0,0,0,0,0,0,0,0,0,0,0,0
울산경남지부,2019,교사교육,52,522,개소,0,0,0,0,0,0,0,0,0,0,0,0,0
울산경남지부,2019,교사교육,52,522,회차,0,0,0,0,0,0,0,0,0,0,0,0,0
울산경남지부,2019,교사교육,52,522,인원,0,0,0,0,0,0,0,0,0,0,0,0,0
울산경남지부,2019,교사교육,52,526,개소,0,0,0,0,0,0,0,0,0,0,0,0,0
울산경남지부,2019,교사교육,52,526,회차,0,0,0,0,0,0,0,0,0,0,0,0,0
울산경남지부,2019,교사교육,52,526,인원,0,0,0,0,0,0,0,0,0,0,0,0,0
울산경남지부,2019,교사교육,53,531,개소,0,0,0,0,0,0,0,0,0,0,0,0,0
울산경남지부,2019,교사교육,53,531,회차,0,0,0,0,0,0,0,0,0,0,0,0,0
울산경남지부,2019,교사교육,53,531,인원,0,0,0,0,0,0,0,0,0,0,0,0,0
울산경남지부,2019,교사교육,53,532,개소,0,0,0,0,0,0,0,0,0,0,0,0,0
울산경남지부,2019,교사교육,53,532,회차,0,0,0,0,0,0,0,0,0,0,0,0,0
울산경남지부,2019,교사교육,53,532,인원,0,0,0,0,0,0,0,0,0,0,0,0,0
울산경남지부,2019,교사교육,53,536,개소,0,0,0,0,0,0,0,0,0,0,0,0,0
울산경남지부,2019,교사교육,53,536,회차,0,0,0,0,0,0,0,0,0,0,0,0,0
울산경남지부,2019,교사교육,53,536,인원,0,0,0,0,0,0,0,0,0,0,0,0,0
울산경남지부,2019,교사교육,54,541,개소,0,0,0,0,0,0,0,0,0,0,0,0,0
울산경남지부,2019,교사교육,54,541,회차,0,0,0,0,0,0,0,0,0,0,0,0,0
울산경남지부,2019,교사교육,54,541,인원,0,0,0,0,0,0,0,0,0,0,0,0,0
울산경남지부,2019,교사교육,54,542,개소,0,0,0,0,0,0,0,0,0,0,0,0,0
울산경남지부,2019,교사교육,54,542,회차,0,0,0,0,0,0,0,0,0,0,0,0,0
울산경남지부,2019,교사교육,54,542,인원,0,0,0,0,0,0,0,0,0,0,0,0,0
울산경남지부,2019,교사교육,54,543,개소,0,0,0,0,0,0,0,0,0,0,0,0,0
울산경남지부,2019,교사교육,54,543,회차,0,0,0,0,0,0,0,0,0,0,0,0,0
울산경남지부,2019,교사교육,54,543,인원,0,0,0,0,0,0,0,0,0,0,0,0,0
울산경남지부,2019,교사교육,54,546,개소,0,0,0,0,0,0,0,0,0,0,0,0,0
울산경남지부,2019,교사교육,54,546,회차,0,0,0,0,0,0,0,0,0,0,0,0,0
울산경남지부,2019,교사교육,54,546,인원,0,0,0,0,0,0,0,0,0,0,0,0,0
울산경남지부,2020,어린이교육,11,111,개소,0,0,0,0,0,0,0,0,0,0,0,0,0
울산경남지부,2020,어린이교육,11,111,회차,0,0,0,0,0,0,0,0,0,0,0,0,0
울산경남지부,2020,어린이교육,11,111,인원,0,0,0,0,0,0,0,0,0,0,0,0,0
울산경남지부,2020,어린이교육,11,112,개소,0,0,0,0,0,0,0,0,0,0,0,0,0
울산경남지부,2020,어린이교육,11,112,회차,0,0,0,0,0,0,0,0,0,0,0,0,0
울산경남지부,2020,어린이교육,11,112,인원,0,0,0,0,0,0,0,0,0,0,0,0,0
울산경남지부,2020,어린이교육,11,113,개소,0,0,0,0,0,0,0,0,0,0,0,0,0
울산경남지부,2020,어린이교육,11,113,회차,0,0,0,0,0,0,0,0,0,0,0,0,0
울산경남지부,2020,어린이교육,11,113,인원,0,0,0,0,0,0,0,0,0,0,0,0,0
울산경남지부,2020,어린이교육,11,114,개소,0,0,0,0,0,0,0,0,0,0,0,0,0
울산경남지부,2020,어린이교육,11,114,회차,0,0,0,0,0,0,0,0,0,0,0,0,0
울산경남지부,2020,어린이교육,11,114,인원,0,0,0,0,0,0,0,0,0,0,0,0,0
울산경남지부,2020,어린이교육,12,121,개소,0,0,0,0,0,0,0,0,0,0,0,0,0
울산경남지부,2020,어린이교육,12,121,회차,0,0,0,0,0,0,0,0,0,0,0,0,0
울산경남지부,2020,어린이교육,12,121,인원,0,0,0,0,0,0,0,0,0,0,0,0,0
울산경남지부,2020,어린이교육,12,122,개소,0,0,0,0,0,0,0,0,0,0,0,0,0
울산경남지부,2020,어린이교육,12,122,회차,0,0,0,0,0,0,0,0,0,0,0,0,0
울산경남지부,2020,어린이교육,12,122,인원,0,0,0,0,0,0,0,0,0,0,0,0,0
울산경남지부,2020,어린이교육,12,124,개소,0,0,0,0,0,0,0,0,0,0,0,0,0
울산경남지부,2020,어린이교육,12,124,회차,0,0,0,0,0,0,0,0,0,0,0,0,0
울산경남지부,2020,어린이교육,12,124,인원,0,0,0,0,0,0,0,0,0,0,0,0,0
울산경남지부,2020,어린이교육,12,127,개소,0,0,0,0,0,0,0,0,0,0,0,0,0
울산경남지부,2020,어린이교육,12,127,회차,0,0,0,0,0,0,0,0,0,0,0,0,0
울산경남지부,2020,어린이교육,12,127,인원,0,0,0,0,0,0,0,0,0,0,0,0,0
울산경남지부,2020,어린이교육,13,131,개소,0,0,0,0,0,0,0,0,0,0,0,0,0
울산경남지부,2020,어린이교육,13,131,회차,0,0,0,0,0,0,0,0,0,0,0,0,0
울산경남지부,2020,어린이교육,13,131,인원,0,0,0,0,0,0,0,0,0,0,0,0,0
울산경남지부,2020,어린이교육,13,132,개소,0,0,0,0,0,0,0,0,0,0,0,0,0
울산경남지부,2020,어린이교육,13,132,회차,0,0,0,0,0,0,0,0,0,0,0,0,0
울산경남지부,2020,어린이교육,13,132,인원,0,0,0,0,0,0,0,0,0,0,0,0,0
울산경남지부,2020,어린이교육,13,134,개소,0,0,0,0,0,0,0,0,0,0,0,0,0
울산경남지부,2020,어린이교육,13,134,회차,0,0,0,0,0,0,0,0,0,0,0,0,0
울산경남지부,2020,어린이교육,13,134,인원,0,0,0,0,0,0,0,0,0,0,0,0,0
울산경남지부,2020,어린이교육,13,137,개소,0,0,0,0,0,0,0,0,0,0,0,0,0
울산경남지부,2020,어린이교육,13,137,회차,0,0,0,0,0,0,0,0,0,0,0,0,0
울산경남지부,2020,어린이교육,13,137,인원,0,0,0,0,0,0,0,0,0,0,0,0,0
울산경남지부,2020,어린이교육,14,141,개소,0,0,0,0,0,0,0,0,0,0,0,0,0
울산경남지부,2020,어린이교육,14,141,회차,0,0,0,0,0,0,0,0,0,0,0,0,0
울산경남지부,2020,어린이교육,14,141,인원,0,0,0,0,0,0,0,0,0,0,0,0,0
울산경남지부,2020,어린이교육,14,142,개소,0,0,0,0,0,0,0,0,0,0,0,0,0
울산경남지부,2020,어린이교육,14,142,회차,0,0,0,0,0,0,0,0,0,0,0,0,0
울산경남지부,2020,어린이교육,14,142,인원,0,0,0,0,0,0,0,0,0,0,0,0,0
울산경남지부,2020,어린이교육,14,144,개소,0,0,0,0,0,0,0,0,0,0,0,0,0
울산경남지부,2020,어린이교육,14,144,회차,0,0,0,0,0,0,0,0,0,0,0,0,0
울산경남지부,2020,어린이교육,14,144,인원,0,0,0,0,0,0,0,0,0,0,0,0,0
울산경남지부,2020,어린이교육,14,147,개소,0,0,0,0,0,0,0,0,0,0,0,0,0
울산경남지부,2020,어린이교육,14,147,회차,0,0,0,0,0,0,0,0,0,0,0,0,0
울산경남지부,2020,어린이교육,14,147,인원,0,0,0,0,0,0,0,0,0,0,0,0,0
울산경남지부,2020,청소년교육,21,211,개소,0,0,0,0,0,0,0,0,0,0,0,0,0
울산경남지부,2020,청소년교육,21,211,회차,0,0,0,0,0,0,0,0,0,0,0,0,0
울산경남지부,2020,청소년교육,21,211,인원,0,0,0,0,0,0,0,0,0,0,0,0,0
울산경남지부,2020,청소년교육,21,212,개소,0,0,0,0,0,0,0,0,0,0,0,0,0
울산경남지부,2020,청소년교육,21,212,회차,0,0,0,0,0,0,0,0,0,0,0,0,0
울산경남지부,2020,청소년교육,21,212,인원,0,0,0,0,0,0,0,0,0,0,0,0,0
울산경남지부,2020,청소년교육,21,214,개소,0,0,0,0,0,0,0,0,0,0,0,0,0
울산경남지부,2020,청소년교육,21,214,회차,0,0,0,0,0,0,0,0,0,0,0,0,0
울산경남지부,2020,청소년교육,21,214,인원,0,0,0,0,0,0,0,0,0,0,0,0,0
울산경남지부,2020,청소년교육,21,217,개소,0,0,0,0,0,0,0,0,0,0,0,0,0
울산경남지부,2020,청소년교육,21,217,회차,0,0,0,0,0,0,0,0,0,0,0,0,0
울산경남지부,2020,청소년교육,21,217,인원,0,0,0,0,0,0,0,0,0,0,0,0,0
울산경남지부,2020,청소년교육,21,218,개소,0,0,0,0,0,0,0,0,0,0,0,0,0
울산경남지부,2020,청소년교육,21,218,회차,0,0,0,0,0,0,0,0,0,0,0,0,0
울산경남지부,2020,청소년교육,21,218,인원,0,0,0,0,0,0,0,0,0,0,0,0,0
울산경남지부,2020,청소년교육,22,221,개소,0,0,0,0,0,0,0,0,0,0,0,0,0
울산경남지부,2020,청소년교육,22,221,회차,0,0,0,0,0,0,0,0,0,0,0,0,0
울산경남지부,2020,청소년교육,22,221,인원,0,0,0,0,0,0,0,0,0,0,0,0,0
울산경남지부,2020,청소년교육,22,222,개소,0,0,0,0,0,0,0,0,0,0,0,0,0
울산경남지부,2020,청소년교육,22,222,회차,0,0,0,0,0,0,0,0,0,0,0,0,0
울산경남지부,2020,청소년교육,22,222,인원,0,0,0,0,0,0,0,0,0,0,0,0,0
울산경남지부,2020,청소년교육,22,223,개소,0,0,0,0,0,0,0,0,0,0,0,0,0
울산경남지부,2020,청소년교육,22,223,회차,0,0,0,0,0,0,0,0,0,0,0,0,0
울산경남지부,2020,청소년교육,22,223,인원,0,0,0,0,0,0,0,0,0,0,0,0,0
울산경남지부,2020,청소년교육,22,224,개소,0,0,0,0,0,0,0,0,0,0,0,0,0
울산경남지부,2020,청소년교육,22,224,회차,0,0,0,0,0,0,0,0,0,0,0,0,0
울산경남지부,2020,청소년교육,22,224,인원,0,0,0,0,0,0,0,0,0,0,0,0,0
울산경남지부,2020,청소년교육,22,226,개소,0,0,0,0,0,0,0,0,0,0,0,0,0
울산경남지부,2020,청소년교육,22,226,회차,0,0,0,0,0,0,0,0,0,0,0,0,0
울산경남지부,2020,청소년교육,22,226,인원,0,0,0,0,0,0,0,0,0,0,0,0,0
울산경남지부,2020,청소년교육,22,227,개소,0,0,0,0,0,0,0,0,0,0,0,0,0
울산경남지부,2020,청소년교육,22,227,회차,0,0,0,0,0,0,0,0,0,0,0,0,0
울산경남지부,2020,청소년교육,22,227,인원,0,0,0,0,0,0,0,0,0,0,0,0,0
울산경남지부,2020,청소년교육,22,228,개소,0,0,0,0,0,0,0,0,0,0,0,0,0
울산경남지부,2020,청소년교육,22,228,회차,0,0,0,0,0,0,0,0,0,0,0,0,0
울산경남지부,2020,청소년교육,22,228,인원,0,0,0,0,0,0,0,0,0,0,0,0,0
울산경남지부,2020,성인교육,31,312,개소,0,0,0,0,0,0,0,0,0,0,0,0,0
울산경남지부,2020,성인교육,31,312,회차,0,0,0,0,0,0,0,0,0,0,0,0,0
울산경남지부,2020,성인교육,31,312,인원,0,0,0,0,0,0,0,0,0,0,0,0,0
울산경남지부,2020,성인교육,31,313,개소,0,0,0,0,0,0,0,0,0,0,0,0,0
울산경남지부,2020,성인교육,31,313,회차,0,0,0,0,0,0,0,0,0,0,0,0,0
울산경남지부,2020,성인교육,31,313,인원,0,0,0,0,0,0,0,0,0,0,0,0,0
울산경남지부,2020,성인교육,31,314,개소,0,0,0,0,0,0,0,0,0,0,0,0,0
울산경남지부,2020,성인교육,31,314,회차,0,0,0,0,0,0,0,0,0,0,0,0,0
울산경남지부,2020,성인교육,31,314,인원,0,0,0,0,0,0,0,0,0,0,0,0,0
울산경남지부,2020,성인교육,31,316,개소,0,0,0,0,0,0,0,0,0,0,0,0,0
울산경남지부,2020,성인교육,31,316,회차,0,0,0,0,0,0,0,0,0,0,0,0,0
울산경남지부,2020,성인교육,31,316,인원,0,0,0,0,0,0,0,0,0,0,0,0,0
울산경남지부,2020,성인교육,31,317,개소,0,0,0,0,0,0,0,0,0,0,0,0,0
울산경남지부,2020,성인교육,31,317,회차,0,0,0,0,0,0,0,0,0,0,0,0,0
울산경남지부,2020,성인교육,31,317,인원,0,0,0,0,0,0,0,0,0,0,0,0,0
울산경남지부,2020,성인교육,31,318,개소,0,0,0,0,0,0,0,0,0,0,0,0,0
울산경남지부,2020,성인교육,31,318,회차,0,0,0,0,0,0,0,0,0,0,0,0,0
울산경남지부,2020,성인교육,31,318,인원,0,0,0,0,0,0,0,0,0,0,0,0,0
울산경남지부,2020,성인교육,31,319,개소,0,0,0,0,0,0,0,0,0,0,0,0,0
울산경남지부,2020,성인교육,31,319,회차,0,0,0,0,0,0,0,0,0,0,0,0,0
울산경남지부,2020,성인교육,31,319,인원,0,0,0,0,0,0,0,0,0,0,0,0,0
울산경남지부,2020,성인교육,32,322,개소,0,0,0,0,0,0,0,0,0,0,0,0,0
울산경남지부,2020,성인교육,32,322,회차,0,0,0,0,0,0,0,0,0,0,0,0,0
울산경남지부,2020,성인교육,32,322,인원,0,0,0,0,0,0,0,0,0,0,0,0,0
울산경남지부,2020,성인교육,32,323,개소,0,0,0,0,0,0,0,0,0,0,0,0,0
울산경남지부,2020,성인교육,32,323,회차,0,0,0,0,0,0,0,0,0,0,0,0,0
울산경남지부,2020,성인교육,32,323,인원,0,0,0,0,0,0,0,0,0,0,0,0,0
울산경남지부,2020,성인교육,32,326,개소,0,0,0,0,0,0,0,0,0,0,0,0,0
울산경남지부,2020,성인교육,32,326,회차,0,0,0,0,0,0,0,0,0,0,0,0,0
울산경남지부,2020,성인교육,32,326,인원,0,0,0,0,0,0,0,0,0,0,0,0,0
울산경남지부,2020,성인교육,32,328,개소,0,0,0,0,0,0,0,0,0,0,0,0,0
울산경남지부,2020,성인교육,32,328,회차,0,0,0,0,0,0,0,0,0,0,0,0,0
울산경남지부,2020,성인교육,32,328,인원,0,0,0,0,0,0,0,0,0,0,0,0,0
울산경남지부,2020,성인교육,32,329,개소,0,0,0,0,0,0,0,0,0,0,0,0,0
울산경남지부,2020,성인교육,32,329,회차,0,0,0,0,0,0,0,0,0,0,0,0,0
울산경남지부,2020,성인교육,32,329,인원,0,0,0,0,0,0,0,0,0,0,0,0,0
울산경남지부,2020,성인교육,33,332,개소,0,0,0,0,0,0,0,0,0,0,0,0,0
울산경남지부,2020,성인교육,33,332,회차,0,0,0,0,0,0,0,0,0,0,0,0,0
울산경남지부,2020,성인교육,33,332,인원,0,0,0,0,0,0,0,0,0,0,0,0,0
울산경남지부,2020,성인교육,33,333,개소,0,0,0,0,0,0,0,0,0,0,0,0,0
울산경남지부,2020,성인교육,33,333,회차,0,0,0,0,0,0,0,0,0,0,0,0,0
울산경남지부,2020,성인교육,33,333,인원,0,0,0,0,0,0,0,0,0,0,0,0,0
울산경남지부,2020,성인교육,33,336,개소,0,0,0,0,0,0,0,0,0,0,0,0,0
울산경남지부,2020,성인교육,33,336,회차,0,0,0,0,0,0,0,0,0,0,0,0,0
울산경남지부,2020,성인교육,33,336,인원,0,0,0,0,0,0,0,0,0,0,0,0,0
울산경남지부,2020,성인교육,33,338,개소,0,0,0,0,0,0,0,0,0,0,0,0,0
울산경남지부,2020,성인교육,33,338,회차,0,0,0,0,0,0,0,0,0,0,0,0,0
울산경남지부,2020,성인교육,33,338,인원,0,0,0,0,0,0,0,0,0,0,0,0,0
울산경남지부,2020,성인교육,33,339,개소,0,0,0,0,0,0,0,0,0,0,0,0,0
울산경남지부,2020,성인교육,33,339,회차,0,0,0,0,0,0,0,0,0,0,0,0,0
울산경남지부,2020,성인교육,33,339,인원,0,0,0,0,0,0,0,0,0,0,0,0,0
울산경남지부,2020,성인교육,34,342,개소,0,0,0,0,0,0,0,0,0,0,0,0,0
울산경남지부,2020,성인교육,34,342,회차,0,0,0,0,0,0,0,0,0,0,0,0,0
울산경남지부,2020,성인교육,34,342,인원,0,0,0,0,0,0,0,0,0,0,0,0,0
울산경남지부,2020,성인교육,34,343,개소,0,0,0,0,0,0,0,0,0,0,0,0,0
울산경남지부,2020,성인교육,34,343,회차,0,0,0,0,0,0,0,0,0,0,0,0,0
울산경남지부,2020,성인교육,34,343,인원,0,0,0,0,0,0,0,0,0,0,0,0,0
울산경남지부,2020,성인교육,34,346,개소,0,0,0,0,0,0,0,0,0,0,0,0,0
울산경남지부,2020,성인교육,34,346,회차,0,0,0,0,0,0,0,0,0,0,0,0,0
울산경남지부,2020,성인교육,34,346,인원,0,0,0,0,0,0,0,0,0,0,0,0,0
울산경남지부,2020,성인교육,34,348,개소,0,0,0,0,0,0,0,0,0,0,0,0,0
울산경남지부,2020,성인교육,34,348,회차,0,0,0,0,0,0,0,0,0,0,0,0,0
울산경남지부,2020,성인교육,34,348,인원,0,0,0,0,0,0,0,0,0,0,0,0,0
울산경남지부,2020,성인교육,34,349,개소,0,0,0,0,0,0,0,0,0,0,0,0,0
울산경남지부,2020,성인교육,34,349,회차,0,0,0,0,0,0,0,0,0,0,0,0,0
울산경남지부,2020,성인교육,34,349,인원,0,0,0,0,0,0,0,0,0,0,0,0,0
울산경남지부,2020,성인교육,35,352,개소,0,0,0,0,0,0,0,0,0,0,0,0,0
울산경남지부,2020,성인교육,35,352,회차,0,0,0,0,0,0,0,0,0,0,0,0,0
울산경남지부,2020,성인교육,35,352,인원,0,0,0,0,0,0,0,0,0,0,0,0,0
울산경남지부,2020,성인교육,35,353,개소,0,0,0,0,0,0,0,0,0,0,0,0,0
울산경남지부,2020,성인교육,35,353,회차,0,0,0,0,0,0,0,0,0,0,0,0,0
울산경남지부,2020,성인교육,35,353,인원,0,0,0,0,0,0,0,0,0,0,0,0,0
울산경남지부,2020,성인교육,35,356,개소,0,0,0,0,0,0,0,0,0,0,0,0,0
울산경남지부,2020,성인교육,35,356,회차,0,0,0,0,0,0,0,0,0,0,0,0,0
울산경남지부,2020,성인교육,35,356,인원,0,0,0,0,0,0,0,0,0,0,0,0,0
울산경남지부,2020,성인교육,35,358,개소,0,0,0,0,0,0,0,0,0,0,0,0,0
울산경남지부,2020,성인교육,35,358,회차,0,0,0,0,0,0,0,0,0,0,0,0,0
울산경남지부,2020,성인교육,35,358,인원,0,0,0,0,0,0,0,0,0,0,0,0,0
울산경남지부,2020,성인교육,35,359,개소,0,0,0,0,0,0,0,0,0,0,0,0,0
울산경남지부,2020,성인교육,35,359,회차,0,0,0,0,0,0,0,0,0,0,0,0,0
울산경남지부,2020,성인교육,35,359,인원,0,0,0,0,0,0,0,0,0,0,0,0,0
울산경남지부,2020,성인교육,36,362,개소,0,0,0,0,0,0,0,0,0,0,0,0,0
울산경남지부,2020,성인교육,36,362,회차,0,0,0,0,0,0,0,0,0,0,0,0,0
울산경남지부,2020,성인교육,36,362,인원,0,0,0,0,0,0,0,0,0,0,0,0,0
울산경남지부,2020,성인교육,36,363,개소,0,0,0,0,0,0,0,0,0,0,0,0,0
울산경남지부,2020,성인교육,36,363,회차,0,0,0,0,0,0,0,0,0,0,0,0,0
울산경남지부,2020,성인교육,36,363,인원,0,0,0,0,0,0,0,0,0,0,0,0,0
울산경남지부,2020,성인교육,36,365,개소,0,0,0,0,0,0,0,0,0,0,0,0,0
울산경남지부,2020,성인교육,36,365,회차,0,0,0,0,0,0,0,0,0,0,0,0,0
울산경남지부,2020,성인교육,36,365,인원,0,0,0,0,0,0,0,0,0,0,0,0,0
울산경남지부,2020,성인교육,36,366,개소,0,0,0,0,0,0,0,0,0,0,0,0,0
울산경남지부,2020,성인교육,36,366,회차,0,0,0,0,0,0,0,0,0,0,0,0,0
울산경남지부,2020,성인교육,36,366,인원,0,0,0,0,0,0,0,0,0,0,0,0,0
울산경남지부,2020,성인교육,36,368,개소,0,0,0,0,0,0,0,0,0,0,0,0,0
울산경남지부,2020,성인교육,36,368,회차,0,0,0,0,0,0,0,0,0,0,0,0,0
울산경남지부,2020,성인교육,36,368,인원,0,0,0,0,0,0,0,0,0,0,0,0,0
울산경남지부,2020,성인교육,36,369,개소,0,0,0,0,0,0,0,0,0,0,0,0,0
울산경남지부,2020,성인교육,36,369,회차,0,0,0,0,0,0,0,0,0,0,0,0,0
울산경남지부,2020,성인교육,36,369,인원,0,0,0,0,0,0,0,0,0,0,0,0,0
울산경남지부,2020,성인교육,37,372,개소,0,0,0,0,0,0,0,0,0,0,0,0,0
울산경남지부,2020,성인교육,37,372,회차,0,0,0,0,0,0,0,0,0,0,0,0,0
울산경남지부,2020,성인교육,37,372,인원,0,0,0,0,0,0,0,0,0,0,0,0,0
울산경남지부,2020,성인교육,37,373,개소,0,0,0,0,0,0,0,0,0,0,0,0,0
울산경남지부,2020,성인교육,37,373,회차,0,0,0,0,0,0,0,0,0,0,0,0,0
울산경남지부,2020,성인교육,37,373,인원,0,0,0,0,0,0,0,0,0,0,0,0,0
울산경남지부,2020,성인교육,37,376,개소,0,0,0,0,0,0,0,0,0,0,0,0,0
울산경남지부,2020,성인교육,37,376,회차,0,0,0,0,0,0,0,0,0,0,0,0,0
울산경남지부,2020,성인교육,37,376,인원,0,0,0,0,0,0,0,0,0,0,0,0,0
울산경남지부,2020,성인교육,37,378,개소,0,0,0,0,0,0,0,0,0,0,0,0,0
울산경남지부,2020,성인교육,37,378,회차,0,0,0,0,0,0,0,0,0,0,0,0,0
울산경남지부,2020,성인교육,37,378,인원,0,0,0,0,0,0,0,0,0,0,0,0,0
울산경남지부,2020,성인교육,37,379,개소,0,0,0,0,0,0,0,0,0,0,0,0,0
울산경남지부,2020,성인교육,37,379,회차,0,0,0,0,0,0,0,0,0,0,0,0,0
울산경남지부,2020,성인교육,37,379,인원,0,0,0,0,0,0,0,0,0,0,0,0,0
울산경남지부,2020,성인교육,38,381,개소,0,0,0,0,0,0,0,0,0,0,0,0,0
울산경남지부,2020,성인교육,38,381,회차,0,0,0,0,0,0,0,0,0,0,0,0,0
울산경남지부,2020,성인교육,38,381,인원,0,0,0,0,0,0,0,0,0,0,0,0,0
울산경남지부,2020,성인교육,38,382,개소,0,0,0,0,0,0,0,0,0,0,0,0,0
울산경남지부,2020,성인교육,38,382,회차,0,0,0,0,0,0,0,0,0,0,0,0,0
울산경남지부,2020,성인교육,38,382,인원,0,0,0,0,0,0,0,0,0,0,0,0,0
울산경남지부,2020,성인교육,38,386,개소,0,0,0,0,0,0,0,0,0,0,0,0,0
울산경남지부,2020,성인교육,38,386,회차,0,0,0,0,0,0,0,0,0,0,0,0,0
울산경남지부,2020,성인교육,38,386,인원,0,0,0,0,0,0,0,0,0,0,0,0,0
울산경남지부,2020,성인교육,38,388,개소,0,0,0,0,0,0,0,0,0,0,0,0,0
울산경남지부,2020,성인교육,38,388,회차,0,0,0,0,0,0,0,0,0,0,0,0,0
울산경남지부,2020,성인교육,38,388,인원,0,0,0,0,0,0,0,0,0,0,0,0,0
울산경남지부,2020,성인교육,39,392,개소,0,0,0,0,0,0,0,0,0,0,0,0,0
울산경남지부,2020,성인교육,39,392,회차,0,0,0,0,0,0,0,0,0,0,0,0,0
울산경남지부,2020,성인교육,39,392,인원,0,0,0,0,0,0,0,0,0,0,0,0,0
울산경남지부,2020,성인교육,39,393,개소,0,0,0,0,0,0,0,0,0,0,0,0,0
울산경남지부,2020,성인교육,39,393,회차,0,0,0,0,0,0,0,0,0,0,0,0,0
울산경남지부,2020,성인교육,39,393,인원,0,0,0,0,0,0,0,0,0,0,0,0,0
울산경남지부,2020,성인교육,39,396,개소,0,0,0,0,0,0,0,0,0,0,0,0,0
울산경남지부,2020,성인교육,39,396,회차,0,0,0,0,0,0,0,0,0,0,0,0,0
울산경남지부,2020,성인교육,39,396,인원,0,0,0,0,0,0,0,0,0,0,0,0,0
울산경남지부,2020,성인교육,39,398,개소,0,0,0,0,0,0,0,0,0,0,0,0,0
울산경남지부,2020,성인교육,39,398,회차,0,0,0,0,0,0,0,0,0,0,0,0,0
울산경남지부,2020,성인교육,39,398,인원,0,0,0,0,0,0,0,0,0,0,0,0,0
울산경남지부,2020,고령자교육,41,411,개소,0,0,0,0,0,0,0,0,0,0,0,0,0
울산경남지부,2020,고령자교육,41,411,회차,0,0,0,0,0,0,0,0,0,0,0,0,0
울산경남지부,2020,고령자교육,41,411,인원,0,0,0,0,0,0,0,0,0,0,0,0,0
울산경남지부,2020,고령자교육,41,412,개소,0,0,0,0,0,0,0,0,0,0,0,0,0
울산경남지부,2020,고령자교육,41,412,회차,0,0,0,0,0,0,0,0,0,0,0,0,0
울산경남지부,2020,고령자교육,41,412,인원,0,0,0,0,0,0,0,0,0,0,0,0,0
울산경남지부,2020,고령자교육,41,413,개소,0,0,0,0,0,0,0,0,0,0,0,0,0
울산경남지부,2020,고령자교육,41,413,회차,0,0,0,0,0,0,0,0,0,0,0,0,0
울산경남지부,2020,고령자교육,41,413,인원,0,0,0,0,0,0,0,0,0,0,0,0,0
울산경남지부,2020,고령자교육,41,417,개소,0,0,0,0,0,0,0,0,0,0,0,0,0
울산경남지부,2020,고령자교육,41,417,회차,0,0,0,0,0,0,0,0,0,0,0,0,0
울산경남지부,2020,고령자교육,41,417,인원,0,0,0,0,0,0,0,0,0,0,0,0,0
울산경남지부,2020,고령자교육,42,422,개소,0,0,0,0,0,0,0,0,0,0,0,0,0
울산경남지부,2020,고령자교육,42,422,회차,0,0,0,0,0,0,0,0,0,0,0,0,0
울산경남지부,2020,고령자교육,42,422,인원,0,0,0,0,0,0,0,0,0,0,0,0,0
울산경남지부,2020,고령자교육,42,423,개소,0,0,0,0,0,0,0,0,0,0,0,0,0
울산경남지부,2020,고령자교육,42,423,회차,0,0,0,0,0,0,0,0,0,0,0,0,0
울산경남지부,2020,고령자교육,42,423,인원,0,0,0,0,0,0,0,0,0,0,0,0,0
울산경남지부,2020,고령자교육,42,426,개소,0,0,0,0,0,0,0,0,0,0,0,0,0
울산경남지부,2020,고령자교육,42,426,회차,0,0,0,0,0,0,0,0,0,0,0,0,0
울산경남지부,2020,고령자교육,42,426,인원,0,0,0,0,0,0,0,0,0,0,0,0,0
울산경남지부,2020,교사교육,51,511,개소,0,0,0,0,0,0,0,0,0,0,0,0,0
울산경남지부,2020,교사교육,51,511,회차,0,0,0,0,0,0,0,0,0,0,0,0,0
울산경남지부,2020,교사교육,51,511,인원,0,0,0,0,0,0,0,0,0,0,0,0,0
울산경남지부,2020,교사교육,51,512,개소,0,0,0,0,0,0,0,0,0,0,0,0,0
울산경남지부,2020,교사교육,51,512,회차,0,0,0,0,0,0,0,0,0,0,0,0,0
울산경남지부,2020,교사교육,51,512,인원,0,0,0,0,0,0,0,0,0,0,0,0,0
울산경남지부,2020,교사교육,51,516,개소,0,0,0,0,0,0,0,0,0,0,0,0,0
울산경남지부,2020,교사교육,51,516,회차,0,0,0,0,0,0,0,0,0,0,0,0,0
울산경남지부,2020,교사교육,51,516,인원,0,0,0,0,0,0,0,0,0,0,0,0,0
울산경남지부,2020,교사교육,52,521,개소,0,0,0,0,0,0,0,0,0,0,0,0,0
울산경남지부,2020,교사교육,52,521,회차,0,0,0,0,0,0,0,0,0,0,0,0,0
울산경남지부,2020,교사교육,52,521,인원,0,0,0,0,0,0,0,0,0,0,0,0,0
울산경남지부,2020,교사교육,52,522,개소,0,0,0,0,0,0,0,0,0,0,0,0,0
울산경남지부,2020,교사교육,52,522,회차,0,0,0,0,0,0,0,0,0,0,0,0,0
울산경남지부,2020,교사교육,52,522,인원,0,0,0,0,0,0,0,0,0,0,0,0,0
울산경남지부,2020,교사교육,52,526,개소,0,0,0,0,0,0,0,0,0,0,0,0,0
울산경남지부,2020,교사교육,52,526,회차,0,0,0,0,0,0,0,0,0,0,0,0,0
울산경남지부,2020,교사교육,52,526,인원,0,0,0,0,0,0,0,0,0,0,0,0,0
울산경남지부,2020,교사교육,53,531,개소,0,0,0,0,0,0,0,0,0,0,0,0,0
울산경남지부,2020,교사교육,53,531,회차,0,0,0,0,0,0,0,0,0,0,0,0,0
울산경남지부,2020,교사교육,53,531,인원,0,0,0,0,0,0,0,0,0,0,0,0,0
울산경남지부,2020,교사교육,53,532,개소,0,0,0,0,0,0,0,0,0,0,0,0,0
울산경남지부,2020,교사교육,53,532,회차,0,0,0,0,0,0,0,0,0,0,0,0,0
울산경남지부,2020,교사교육,53,532,인원,0,0,0,0,0,0,0,0,0,0,0,0,0
울산경남지부,2020,교사교육,53,536,개소,0,0,0,0,0,0,0,0,0,0,0,0,0
울산경남지부,2020,교사교육,53,536,회차,0,0,0,0,0,0,0,0,0,0,0,0,0
울산경남지부,2020,교사교육,53,536,인원,0,0,0,0,0,0,0,0,0,0,0,0,0
울산경남지부,2020,교사교육,54,541,개소,0,0,0,0,0,0,0,0,0,0,0,0,0
울산경남지부,2020,교사교육,54,541,회차,0,0,0,0,0,0,0,0,0,0,0,0,0
울산경남지부,2020,교사교육,54,541,인원,0,0,0,0,0,0,0,0,0,0,0,0,0
울산경남지부,2020,교사교육,54,542,개소,0,0,0,0,0,0,0,0,0,0,0,0,0
울산경남지부,2020,교사교육,54,542,회차,0,0,0,0,0,0,0,0,0,0,0,0,0
울산경남지부,2020,교사교육,54,542,인원,0,0,0,0,0,0,0,0,0,0,0,0,0
울산경남지부,2020,교사교육,54,543,개소,0,0,0,0,0,0,0,0,0,0,0,0,0
울산경남지부,2020,교사교육,54,543,회차,0,0,0,0,0,0,0,0,0,0,0,0,0
울산경남지부,2020,교사교육,54,543,인원,0,0,0,0,0,0,0,0,0,0,0,0,0
울산경남지부,2020,교사교육,54,546,개소,0,0,0,0,0,0,0,0,0,0,0,0,0
울산경남지부,2020,교사교육,54,546,회차,0,0,0,0,0,0,0,0,0,0,0,0,0
울산경남지부,2020,교사교육,54,546,인원,0,0,0,0,0,0,0,0,0,0,0,0,0
울산경남지부,2021,어린이교육,11,111,개소,0,0,0,0,0,0,0,0,0,0,0,0,0
울산경남지부,2021,어린이교육,11,111,회차,0,0,0,0,0,0,0,0,0,0,0,0,0
울산경남지부,2021,어린이교육,11,111,인원,0,0,0,0,0,0,0,0,0,0,0,0,0
울산경남지부,2021,어린이교육,11,112,개소,0,0,0,0,0,0,0,0,0,0,0,0,0
울산경남지부,2021,어린이교육,11,112,회차,0,0,0,0,0,0,0,0,0,0,0,0,0
울산경남지부,2021,어린이교육,11,112,인원,0,0,0,0,0,0,0,0,0,0,0,0,0
울산경남지부,2021,어린이교육,11,113,개소,0,0,0,0,0,0,0,0,0,0,0,0,0
울산경남지부,2021,어린이교육,11,113,회차,0,0,0,0,0,0,0,0,0,0,0,0,0
울산경남지부,2021,어린이교육,11,113,인원,0,0,0,0,0,0,0,0,0,0,0,0,0
울산경남지부,2021,어린이교육,11,114,개소,0,0,0,0,0,0,0,0,0,0,0,0,0
울산경남지부,2021,어린이교육,11,114,회차,0,0,0,0,0,0,0,0,0,0,0,0,0
울산경남지부,2021,어린이교육,11,114,인원,0,0,0,0,0,0,0,0,0,0,0,0,0
울산경남지부,2021,어린이교육,12,121,개소,0,0,0,0,0,0,0,0,0,0,0,0,0
울산경남지부,2021,어린이교육,12,121,회차,0,0,0,0,0,0,0,0,0,0,0,0,0
울산경남지부,2021,어린이교육,12,121,인원,0,0,0,0,0,0,0,0,0,0,0,0,0
울산경남지부,2021,어린이교육,12,122,개소,0,0,0,0,0,0,0,0,0,0,0,0,0
울산경남지부,2021,어린이교육,12,122,회차,0,0,0,0,0,0,0,0,0,0,0,0,0
울산경남지부,2021,어린이교육,12,122,인원,0,0,0,0,0,0,0,0,0,0,0,0,0
울산경남지부,2021,어린이교육,12,124,개소,0,0,0,0,0,0,0,0,0,0,0,0,0
울산경남지부,2021,어린이교육,12,124,회차,0,0,0,0,0,0,0,0,0,0,0,0,0
울산경남지부,2021,어린이교육,12,124,인원,0,0,0,0,0,0,0,0,0,0,0,0,0
울산경남지부,2021,어린이교육,12,127,개소,0,0,0,0,0,0,0,0,0,0,0,0,0
울산경남지부,2021,어린이교육,12,127,회차,0,0,0,0,0,0,0,0,0,0,0,0,0
울산경남지부,2021,어린이교육,12,127,인원,0,0,0,0,0,0,0,0,0,0,0,0,0
울산경남지부,2021,어린이교육,13,131,개소,0,0,0,0,0,0,0,0,0,0,0,0,0
울산경남지부,2021,어린이교육,13,131,회차,0,0,0,0,0,0,0,0,0,0,0,0,0
울산경남지부,2021,어린이교육,13,131,인원,0,0,0,0,0,0,0,0,0,0,0,0,0
울산경남지부,2021,어린이교육,13,132,개소,0,0,0,0,0,0,0,0,0,0,0,0,0
울산경남지부,2021,어린이교육,13,132,회차,0,0,0,0,0,0,0,0,0,0,0,0,0
울산경남지부,2021,어린이교육,13,132,인원,0,0,0,0,0,0,0,0,0,0,0,0,0
울산경남지부,2021,어린이교육,13,134,개소,0,0,0,0,0,0,0,0,0,0,0,0,0
울산경남지부,2021,어린이교육,13,134,회차,0,0,0,0,0,0,0,0,0,0,0,0,0
울산경남지부,2021,어린이교육,13,134,인원,0,0,0,0,0,0,0,0,0,0,0,0,0
울산경남지부,2021,어린이교육,13,137,개소,0,0,0,0,0,0,0,0,0,0,0,0,0
울산경남지부,2021,어린이교육,13,137,회차,0,0,0,0,0,0,0,0,0,0,0,0,0
울산경남지부,2021,어린이교육,13,137,인원,0,0,0,0,0,0,0,0,0,0,0,0,0
울산경남지부,2021,어린이교육,14,141,개소,0,0,0,0,0,0,0,0,0,0,0,0,0
울산경남지부,2021,어린이교육,14,141,회차,0,0,0,0,0,0,0,0,0,0,0,0,0
울산경남지부,2021,어린이교육,14,141,인원,0,0,0,0,0,0,0,0,0,0,0,0,0
울산경남지부,2021,어린이교육,14,142,개소,0,0,0,0,0,0,0,0,0,0,0,0,0
울산경남지부,2021,어린이교육,14,142,회차,0,0,0,0,0,0,0,0,0,0,0,0,0
울산경남지부,2021,어린이교육,14,142,인원,0,0,0,0,0,0,0,0,0,0,0,0,0
울산경남지부,2021,어린이교육,14,144,개소,0,0,0,0,0,0,0,0,0,0,0,0,0
울산경남지부,2021,어린이교육,14,144,회차,0,0,0,0,0,0,0,0,0,0,0,0,0
울산경남지부,2021,어린이교육,14,144,인원,0,0,0,0,0,0,0,0,0,0,0,0,0
울산경남지부,2021,어린이교육,14,147,개소,0,0,0,0,0,0,0,0,0,0,0,0,0
울산경남지부,2021,어린이교육,14,147,회차,0,0,0,0,0,0,0,0,0,0,0,0,0
울산경남지부,2021,어린이교육,14,147,인원,0,0,0,0,0,0,0,0,0,0,0,0,0
울산경남지부,2021,청소년교육,21,211,개소,0,0,0,0,0,0,0,0,0,0,0,0,0
울산경남지부,2021,청소년교육,21,211,회차,0,0,0,0,0,0,0,0,0,0,0,0,0
울산경남지부,2021,청소년교육,21,211,인원,0,0,0,0,0,0,0,0,0,0,0,0,0
울산경남지부,2021,청소년교육,21,212,개소,0,0,0,0,0,0,0,0,0,0,0,0,0
울산경남지부,2021,청소년교육,21,212,회차,0,0,0,0,0,0,0,0,0,0,0,0,0
울산경남지부,2021,청소년교육,21,212,인원,0,0,0,0,0,0,0,0,0,0,0,0,0
울산경남지부,2021,청소년교육,21,214,개소,0,0,0,0,0,0,0,0,0,0,0,0,0
울산경남지부,2021,청소년교육,21,214,회차,0,0,0,0,0,0,0,0,0,0,0,0,0
울산경남지부,2021,청소년교육,21,214,인원,0,0,0,0,0,0,0,0,0,0,0,0,0
울산경남지부,2021,청소년교육,21,217,개소,0,0,0,0,0,0,0,0,0,0,0,0,0
울산경남지부,2021,청소년교육,21,217,회차,0,0,0,0,0,0,0,0,0,0,0,0,0
울산경남지부,2021,청소년교육,21,217,인원,0,0,0,0,0,0,0,0,0,0,0,0,0
울산경남지부,2021,청소년교육,21,218,개소,0,0,0,0,0,0,0,0,0,0,0,0,0
울산경남지부,2021,청소년교육,21,218,회차,0,0,0,0,0,0,0,0,0,0,0,0,0
울산경남지부,2021,청소년교육,21,218,인원,0,0,0,0,0,0,0,0,0,0,0,0,0
울산경남지부,2021,청소년교육,22,221,개소,0,0,0,0,0,0,0,0,0,0,0,0,0
울산경남지부,2021,청소년교육,22,221,회차,0,0,0,0,0,0,0,0,0,0,0,0,0
울산경남지부,2021,청소년교육,22,221,인원,0,0,0,0,0,0,0,0,0,0,0,0,0
울산경남지부,2021,청소년교육,22,222,개소,0,0,0,0,0,0,0,0,0,0,0,0,0
울산경남지부,2021,청소년교육,22,222,회차,0,0,0,0,0,0,0,0,0,0,0,0,0
울산경남지부,2021,청소년교육,22,222,인원,0,0,0,0,0,0,0,0,0,0,0,0,0
울산경남지부,2021,청소년교육,22,223,개소,0,0,0,0,0,0,0,0,0,0,0,0,0
울산경남지부,2021,청소년교육,22,223,회차,0,0,0,0,0,0,0,0,0,0,0,0,0
울산경남지부,2021,청소년교육,22,223,인원,0,0,0,0,0,0,0,0,0,0,0,0,0
울산경남지부,2021,청소년교육,22,224,개소,0,0,0,0,0,0,0,0,0,0,0,0,0
울산경남지부,2021,청소년교육,22,224,회차,0,0,0,0,0,0,0,0,0,0,0,0,0
울산경남지부,2021,청소년교육,22,224,인원,0,0,0,0,0,0,0,0,0,0,0,0,0
울산경남지부,2021,청소년교육,22,226,개소,0,0,0,0,0,0,0,0,0,0,0,0,0
울산경남지부,2021,청소년교육,22,226,회차,0,0,0,0,0,0,0,0,0,0,0,0,0
울산경남지부,2021,청소년교육,22,226,인원,0,0,0,0,0,0,0,0,0,0,0,0,0
울산경남지부,2021,청소년교육,22,227,개소,0,0,0,0,0,0,0,0,0,0,0,0,0
울산경남지부,2021,청소년교육,22,227,회차,0,0,0,0,0,0,0,0,0,0,0,0,0
울산경남지부,2021,청소년교육,22,227,인원,0,0,0,0,0,0,0,0,0,0,0,0,0
울산경남지부,2021,청소년교육,22,228,개소,0,0,0,0,0,0,0,0,0,0,0,0,0
울산경남지부,2021,청소년교육,22,228,회차,0,0,0,0,0,0,0,0,0,0,0,0,0
울산경남지부,2021,청소년교육,22,228,인원,0,0,0,0,0,0,0,0,0,0,0,0,0
울산경남지부,2021,성인교육,31,312,개소,0,0,0,0,0,0,0,0,0,0,0,0,0
울산경남지부,2021,성인교육,31,312,회차,0,0,0,0,0,0,0,0,0,0,0,0,0
울산경남지부,2021,성인교육,31,312,인원,0,0,0,0,0,0,0,0,0,0,0,0,0
울산경남지부,2021,성인교육,31,313,개소,0,0,0,0,0,0,0,0,0,0,0,0,0
울산경남지부,2021,성인교육,31,313,회차,0,0,0,0,0,0,0,0,0,0,0,0,0
울산경남지부,2021,성인교육,31,313,인원,0,0,0,0,0,0,0,0,0,0,0,0,0
울산경남지부,2021,성인교육,31,314,개소,0,0,0,0,0,0,0,0,0,0,0,0,0
울산경남지부,2021,성인교육,31,314,회차,0,0,0,0,0,0,0,0,0,0,0,0,0
울산경남지부,2021,성인교육,31,314,인원,0,0,0,0,0,0,0,0,0,0,0,0,0
울산경남지부,2021,성인교육,31,316,개소,0,0,0,0,0,0,0,0,0,0,0,0,0
울산경남지부,2021,성인교육,31,316,회차,0,0,0,0,0,0,0,0,0,0,0,0,0
울산경남지부,2021,성인교육,31,316,인원,0,0,0,0,0,0,0,0,0,0,0,0,0
울산경남지부,2021,성인교육,31,317,개소,0,0,0,0,0,0,0,0,0,0,0,0,0
울산경남지부,2021,성인교육,31,317,회차,0,0,0,0,0,0,0,0,0,0,0,0,0
울산경남지부,2021,성인교육,31,317,인원,0,0,0,0,0,0,0,0,0,0,0,0,0
울산경남지부,2021,성인교육,31,318,개소,0,0,0,0,0,0,0,0,0,0,0,0,0
울산경남지부,2021,성인교육,31,318,회차,0,0,0,0,0,0,0,0,0,0,0,0,0
울산경남지부,2021,성인교육,31,318,인원,0,0,0,0,0,0,0,0,0,0,0,0,0
울산경남지부,2021,성인교육,31,319,개소,0,0,0,0,0,0,0,0,0,0,0,0,0
울산경남지부,2021,성인교육,31,319,회차,0,0,0,0,0,0,0,0,0,0,0,0,0
울산경남지부,2021,성인교육,31,319,인원,0,0,0,0,0,0,0,0,0,0,0,0,0
울산경남지부,2021,성인교육,32,322,개소,0,0,0,0,0,0,0,0,0,0,0,0,0
울산경남지부,2021,성인교육,32,322,회차,0,0,0,0,0,0,0,0,0,0,0,0,0
울산경남지부,2021,성인교육,32,322,인원,0,0,0,0,0,0,0,0,0,0,0,0,0
울산경남지부,2021,성인교육,32,323,개소,0,0,0,0,0,0,0,0,0,0,0,0,0
울산경남지부,2021,성인교육,32,323,회차,0,0,0,0,0,0,0,0,0,0,0,0,0
울산경남지부,2021,성인교육,32,323,인원,0,0,0,0,0,0,0,0,0,0,0,0,0
울산경남지부,2021,성인교육,32,326,개소,0,0,0,0,0,0,0,0,0,0,0,0,0
울산경남지부,2021,성인교육,32,326,회차,0,0,0,0,0,0,0,0,0,0,0,0,0
울산경남지부,2021,성인교육,32,326,인원,0,0,0,0,0,0,0,0,0,0,0,0,0
울산경남지부,2021,성인교육,32,328,개소,0,0,0,0,0,0,0,0,0,0,0,0,0
울산경남지부,2021,성인교육,32,328,회차,0,0,0,0,0,0,0,0,0,0,0,0,0
울산경남지부,2021,성인교육,32,328,인원,0,0,0,0,0,0,0,0,0,0,0,0,0
울산경남지부,2021,성인교육,32,329,개소,0,0,0,0,0,0,0,0,0,0,0,0,0
울산경남지부,2021,성인교육,32,329,회차,0,0,0,0,0,0,0,0,0,0,0,0,0
울산경남지부,2021,성인교육,32,329,인원,0,0,0,0,0,0,0,0,0,0,0,0,0
울산경남지부,2021,성인교육,33,332,개소,0,0,0,0,0,0,0,0,0,0,0,0,0
울산경남지부,2021,성인교육,33,332,회차,0,0,0,0,0,0,0,0,0,0,0,0,0
울산경남지부,2021,성인교육,33,332,인원,0,0,0,0,0,0,0,0,0,0,0,0,0
울산경남지부,2021,성인교육,33,333,개소,0,0,0,0,0,0,0,0,0,0,0,0,0
울산경남지부,2021,성인교육,33,333,회차,0,0,0,0,0,0,0,0,0,0,0,0,0
울산경남지부,2021,성인교육,33,333,인원,0,0,0,0,0,0,0,0,0,0,0,0,0
울산경남지부,2021,성인교육,33,336,개소,0,0,0,0,0,0,0,0,0,0,0,0,0
울산경남지부,2021,성인교육,33,336,회차,0,0,0,0,0,0,0,0,0,0,0,0,0
울산경남지부,2021,성인교육,33,336,인원,0,0,0,0,0,0,0,0,0,0,0,0,0
울산경남지부,2021,성인교육,33,338,개소,0,0,0,0,0,0,0,0,0,0,0,0,0
울산경남지부,2021,성인교육,33,338,회차,0,0,0,0,0,0,0,0,0,0,0,0,0
울산경남지부,2021,성인교육,33,338,인원,0,0,0,0,0,0,0,0,0,0,0,0,0
울산경남지부,2021,성인교육,33,339,개소,0,0,0,0,0,0,0,0,0,0,0,0,0
울산경남지부,2021,성인교육,33,339,회차,0,0,0,0,0,0,0,0,0,0,0,0,0
울산경남지부,2021,성인교육,33,339,인원,0,0,0,0,0,0,0,0,0,0,0,0,0
울산경남지부,2021,성인교육,34,342,개소,0,0,0,0,0,0,0,0,0,0,0,0,0
울산경남지부,2021,성인교육,34,342,회차,0,0,0,0,0,0,0,0,0,0,0,0,0
울산경남지부,2021,성인교육,34,342,인원,0,0,0,0,0,0,0,0,0,0,0,0,0
울산경남지부,2021,성인교육,34,343,개소,0,0,0,0,0,0,0,0,0,0,0,0,0
울산경남지부,2021,성인교육,34,343,회차,0,0,0,0,0,0,0,0,0,0,0,0,0
울산경남지부,2021,성인교육,34,343,인원,0,0,0,0,0,0,0,0,0,0,0,0,0
울산경남지부,2021,성인교육,34,346,개소,0,0,0,0,0,0,0,0,0,0,0,0,0
울산경남지부,2021,성인교육,34,346,회차,0,0,0,0,0,0,0,0,0,0,0,0,0
울산경남지부,2021,성인교육,34,346,인원,0,0,0,0,0,0,0,0,0,0,0,0,0
울산경남지부,2021,성인교육,34,348,개소,0,0,0,0,0,0,0,0,0,0,0,0,0
울산경남지부,2021,성인교육,34,348,회차,0,0,0,0,0,0,0,0,0,0,0,0,0
울산경남지부,2021,성인교육,34,348,인원,0,0,0,0,0,0,0,0,0,0,0,0,0
울산경남지부,2021,성인교육,34,349,개소,0,0,0,0,0,0,0,0,0,0,0,0,0
울산경남지부,2021,성인교육,34,349,회차,0,0,0,0,0,0,0,0,0,0,0,0,0
울산경남지부,2021,성인교육,34,349,인원,0,0,0,0,0,0,0,0,0,0,0,0,0
울산경남지부,2021,성인교육,35,352,개소,0,0,0,0,0,0,0,0,0,0,0,0,0
울산경남지부,2021,성인교육,35,352,회차,0,0,0,0,0,0,0,0,0,0,0,0,0
울산경남지부,2021,성인교육,35,352,인원,0,0,0,0,0,0,0,0,0,0,0,0,0
울산경남지부,2021,성인교육,35,353,개소,0,0,0,0,0,0,0,0,0,0,0,0,0
울산경남지부,2021,성인교육,35,353,회차,0,0,0,0,0,0,0,0,0,0,0,0,0
울산경남지부,2021,성인교육,35,353,인원,0,0,0,0,0,0,0,0,0,0,0,0,0
울산경남지부,2021,성인교육,35,356,개소,0,0,0,0,0,0,0,0,0,0,0,0,0
울산경남지부,2021,성인교육,35,356,회차,0,0,0,0,0,0,0,0,0,0,0,0,0
울산경남지부,2021,성인교육,35,356,인원,0,0,0,0,0,0,0,0,0,0,0,0,0
울산경남지부,2021,성인교육,35,358,개소,0,0,0,0,0,0,0,0,0,0,0,0,0
울산경남지부,2021,성인교육,35,358,회차,0,0,0,0,0,0,0,0,0,0,0,0,0
울산경남지부,2021,성인교육,35,358,인원,0,0,0,0,0,0,0,0,0,0,0,0,0
울산경남지부,2021,성인교육,35,359,개소,0,0,0,0,0,0,0,0,0,0,0,0,0
울산경남지부,2021,성인교육,35,359,회차,0,0,0,0,0,0,0,0,0,0,0,0,0
울산경남지부,2021,성인교육,35,359,인원,0,0,0,0,0,0,0,0,0,0,0,0,0
울산경남지부,2021,성인교육,36,362,개소,0,0,0,0,0,0,0,0,0,0,0,0,0
울산경남지부,2021,성인교육,36,362,회차,0,0,0,0,0,0,0,0,0,0,0,0,0
울산경남지부,2021,성인교육,36,362,인원,0,0,0,0,0,0,0,0,0,0,0,0,0
울산경남지부,2021,성인교육,36,363,개소,0,0,0,0,0,0,0,0,0,0,0,0,0
울산경남지부,2021,성인교육,36,363,회차,0,0,0,0,0,0,0,0,0,0,0,0,0
울산경남지부,2021,성인교육,36,363,인원,0,0,0,0,0,0,0,0,0,0,0,0,0
울산경남지부,2021,성인교육,36,365,개소,0,0,0,0,0,0,0,0,0,0,0,0,0
울산경남지부,2021,성인교육,36,365,회차,0,0,0,0,0,0,0,0,0,0,0,0,0
울산경남지부,2021,성인교육,36,365,인원,0,0,0,0,0,0,0,0,0,0,0,0,0
울산경남지부,2021,성인교육,36,366,개소,0,0,0,0,0,0,0,0,0,0,0,0,0
울산경남지부,2021,성인교육,36,366,회차,0,0,0,0,0,0,0,0,0,0,0,0,0
울산경남지부,2021,성인교육,36,366,인원,0,0,0,0,0,0,0,0,0,0,0,0,0
울산경남지부,2021,성인교육,36,368,개소,0,0,0,0,0,0,0,0,0,0,0,0,0
울산경남지부,2021,성인교육,36,368,회차,0,0,0,0,0,0,0,0,0,0,0,0,0
울산경남지부,2021,성인교육,36,368,인원,0,0,0,0,0,0,0,0,0,0,0,0,0
울산경남지부,2021,성인교육,36,369,개소,0,0,0,0,0,0,0,0,0,0,0,0,0
울산경남지부,2021,성인교육,36,369,회차,0,0,0,0,0,0,0,0,0,0,0,0,0
울산경남지부,2021,성인교육,36,369,인원,0,0,0,0,0,0,0,0,0,0,0,0,0
울산경남지부,2021,성인교육,37,372,개소,0,0,0,0,0,0,0,0,0,0,0,0,0
울산경남지부,2021,성인교육,37,372,회차,0,0,0,0,0,0,0,0,0,0,0,0,0
울산경남지부,2021,성인교육,37,372,인원,0,0,0,0,0,0,0,0,0,0,0,0,0
울산경남지부,2021,성인교육,37,373,개소,0,0,0,0,0,0,0,0,0,0,0,0,0
울산경남지부,2021,성인교육,37,373,회차,0,0,0,0,0,0,0,0,0,0,0,0,0
울산경남지부,2021,성인교육,37,373,인원,0,0,0,0,0,0,0,0,0,0,0,0,0
울산경남지부,2021,성인교육,37,376,회차,0,0,0,0,0,0,0,0,0,0,0,0,0
울산경남지부,2021,성인교육,37,376,인원,0,0,0,0,0,0,0,0,0,0,0,0,0
울산경남지부,2021,성인교육,37,376,개소,0,0,0,0,0,0,0,0,0,0,0,0,0
울산경남지부,2021,성인교육,37,378,개소,0,0,0,0,0,0,0,0,0,0,0,0,0
울산경남지부,2021,성인교육,37,378,회차,0,0,0,0,0,0,0,0,0,0,0,0,0
울산경남지부,2021,성인교육,37,378,인원,0,0,0,0,0,0,0,0,0,0,0,0,0
울산경남지부,2021,성인교육,37,379,개소,0,0,0,0,0,0,0,0,0,0,0,0,0
울산경남지부,2021,성인교육,37,379,회차,0,0,0,0,0,0,0,0,0,0,0,0,0
울산경남지부,2021,성인교육,37,379,인원,0,0,0,0,0,0,0,0,0,0,0,0,0
울산경남지부,2021,성인교육,38,381,개소,0,0,0,0,0,0,0,0,0,0,0,0,0
울산경남지부,2021,성인교육,38,381,회차,0,0,0,0,0,0,0,0,0,0,0,0,0
울산경남지부,2021,성인교육,38,381,인원,0,0,0,0,0,0,0,0,0,0,0,0,0
울산경남지부,2021,성인교육,38,382,개소,0,0,0,0,0,0,0,0,0,0,0,0,0
울산경남지부,2021,성인교육,38,382,회차,0,0,0,0,0,0,0,0,0,0,0,0,0
울산경남지부,2021,성인교육,38,382,인원,0,0,0,0,0,0,0,0,0,0,0,0,0
울산경남지부,2021,성인교육,38,386,개소,0,0,0,0,0,0,0,0,0,0,0,0,0
울산경남지부,2021,성인교육,38,386,회차,0,0,0,0,0,0,0,0,0,0,0,0,0
울산경남지부,2021,성인교육,38,386,인원,0,0,0,0,0,0,0,0,0,0,0,0,0
울산경남지부,2021,성인교육,38,388,개소,0,0,0,0,0,0,0,0,0,0,0,0,0
울산경남지부,2021,성인교육,38,388,회차,0,0,0,0,0,0,0,0,0,0,0,0,0
울산경남지부,2021,성인교육,38,388,인원,0,0,0,0,0,0,0,0,0,0,0,0,0
울산경남지부,2021,성인교육,39,392,개소,0,0,0,0,0,0,0,0,0,0,0,0,0
울산경남지부,2021,성인교육,39,392,회차,0,0,0,0,0,0,0,0,0,0,0,0,0
울산경남지부,2021,성인교육,39,392,인원,0,0,0,0,0,0,0,0,0,0,0,0,0
울산경남지부,2021,성인교육,39,393,개소,0,0,0,0,0,0,0,0,0,0,0,0,0
울산경남지부,2021,성인교육,39,393,회차,0,0,0,0,0,0,0,0,0,0,0,0,0
울산경남지부,2021,성인교육,39,393,인원,0,0,0,0,0,0,0,0,0,0,0,0,0
울산경남지부,2021,성인교육,39,396,개소,0,0,0,0,0,0,0,0,0,0,0,0,0
울산경남지부,2021,성인교육,39,396,회차,0,0,0,0,0,0,0,0,0,0,0,0,0
울산경남지부,2021,성인교육,39,396,인원,0,0,0,0,0,0,0,0,0,0,0,0,0
울산경남지부,2021,성인교육,39,398,개소,0,0,0,0,0,0,0,0,0,0,0,0,0
울산경남지부,2021,성인교육,39,398,회차,0,0,0,0,0,0,0,0,0,0,0,0,0
울산경남지부,2021,성인교육,39,398,인원,0,0,0,0,0,0,0,0,0,0,0,0,0
울산경남지부,2021,고령자교육,41,411,개소,0,0,0,0,0,0,0,0,0,0,0,0,0
울산경남지부,2021,고령자교육,41,411,회차,0,0,0,0,0,0,0,0,0,0,0,0,0
울산경남지부,2021,고령자교육,41,411,인원,0,0,0,0,0,0,0,0,0,0,0,0,0
울산경남지부,2021,고령자교육,41,412,개소,0,0,0,0,0,0,0,0,0,0,0,0,0
울산경남지부,2021,고령자교육,41,412,회차,0,0,0,0,0,0,0,0,0,0,0,0,0
울산경남지부,2021,고령자교육,41,412,인원,0,0,0,0,0,0,0,0,0,0,0,0,0
울산경남지부,2021,고령자교육,41,413,개소,0,0,0,0,0,0,0,0,0,0,0,0,0
울산경남지부,2021,고령자교육,41,413,회차,0,0,0,0,0,0,0,0,0,0,0,0,0
울산경남지부,2021,고령자교육,41,413,인원,0,0,0,0,0,0,0,0,0,0,0,0,0
울산경남지부,2021,고령자교육,41,417,개소,0,0,0,0,0,0,0,0,0,0,0,0,0
울산경남지부,2021,고령자교육,41,417,회차,0,0,0,0,0,0,0,0,0,0,0,0,0
울산경남지부,2021,고령자교육,41,417,인원,0,0,0,0,0,0,0,0,0,0,0,0,0
울산경남지부,2021,고령자교육,42,422,개소,0,0,0,0,0,0,0,0,0,0,0,0,0
울산경남지부,2021,고령자교육,42,422,회차,0,0,0,0,0,0,0,0,0,0,0,0,0
울산경남지부,2021,고령자교육,42,422,인원,0,0,0,0,0,0,0,0,0,0,0,0,0
울산경남지부,2021,고령자교육,42,423,개소,0,0,0,0,0,0,0,0,0,0,0,0,0
울산경남지부,2021,고령자교육,42,423,회차,0,0,0,0,0,0,0,0,0,0,0,0,0
울산경남지부,2021,고령자교육,42,423,인원,0,0,0,0,0,0,0,0,0,0,0,0,0
울산경남지부,2021,고령자교육,42,426,개소,0,0,0,0,0,0,0,0,0,0,0,0,0
울산경남지부,2021,고령자교육,42,426,회차,0,0,0,0,0,0,0,0,0,0,0,0,0
울산경남지부,2021,고령자교육,42,426,인원,0,0,0,0,0,0,0,0,0,0,0,0,0
제주지부,2018,어린이교육,11,111,인원,2197,2197,2197,2197,2197,2197,2197,2197,2197,2197,2197,2205,26372
제주지부,2018,어린이교육,11,111,개소,0,0,0,0,0,0,0,0,0,0,0,0,0
제주지부,2018,어린이교육,11,111,회차,0,0,0,0,0,0,0,0,0,0,0,0,0
제주지부,2018,어린이교육,11,112,개소,0,0,0,0,0,0,0,0,0,0,0,0,0
제주지부,2018,어린이교육,11,112,회차,0,0,0,0,0,0,0,0,0,0,0,0,0
제주지부,2018,어린이교육,11,112,인원,0,0,0,0,0,0,0,0,0,0,0,0,0
제주지부,2018,어린이교육,11,113,개소,0,0,0,0,0,0,0,0,0,0,0,0,0
제주지부,2018,어린이교육,11,113,회차,0,0,0,0,0,0,0,0,0,0,0,0,0
제주지부,2018,어린이교육,11,113,인원,0,0,0,0,0,0,0,0,0,0,0,0,0
제주지부,2018,어린이교육,11,114,개소,0,0,0,0,0,0,0,0,0,0,0,0,0
제주지부,2018,어린이교육,11,114,회차,0,0,0,0,0,0,0,0,0,0,0,0,0
제주지부,2018,어린이교육,11,114,인원,0,0,0,0,0,0,0,0,0,0,0,0,0
제주지부,2018,어린이교육,12,121,인원,1517,1517,1517,1517,1517,1517,1517,1517,1517,1517,1517,1522,18209
제주지부,2018,어린이교육,12,121,개소,0,0,0,0,0,0,0,0,0,0,0,0,0
제주지부,2018,어린이교육,12,121,회차,0,0,0,0,0,0,0,0,0,0,0,0,0
제주지부,2018,어린이교육,12,122,인원,627,627,627,627,627,627,627,627,627,627,627,638,7535
제주지부,2018,어린이교육,12,122,개소,0,0,0,0,0,0,0,0,0,0,0,0,0
제주지부,2018,어린이교육,12,122,회차,0,0,0,0,0,0,0,0,0,0,0,0,0
제주지부,2018,어린이교육,12,124,인원,52,52,52,52,52,52,52,52,52,52,52,56,628
제주지부,2018,어린이교육,12,124,개소,0,0,0,0,0,0,0,0,0,0,0,0,0
제주지부,2018,어린이교육,12,124,회차,0,0,0,0,0,0,0,0,0,0,0,0,0
제주지부,2018,어린이교육,12,127,인원,104,104,104,104,104,104,104,104,104,104,104,112,1256
제주지부,2018,어린이교육,12,127,개소,0,0,0,0,0,0,0,0,0,0,0,0,0
제주지부,2018,어린이교육,12,127,회차,0,0,0,0,0,0,0,0,0,0,0,0,0
제주지부,2018,어린이교육,13,131,인원,261,261,261,261,261,261,261,261,261,261,261,269,3140
제주지부,2018,어린이교육,13,131,개소,0,0,0,0,0,0,0,0,0,0,0,0,0
제주지부,2018,어린이교육,13,131,회차,0,0,0,0,0,0,0,0,0,0,0,0,0
제주지부,2018,어린이교육,13,132,인원,26,26,26,26,26,26,26,26,26,26,26,28,314
제주지부,2018,어린이교육,13,132,개소,0,0,0,0,0,0,0,0,0,0,0,0,0
제주지부,2018,어린이교육,13,132,회차,0,0,0,0,0,0,0,0,0,0,0,0,0
제주지부,2018,어린이교육,13,134,개소,0,0,0,0,0,0,0,0,0,0,0,0,0
제주지부,2018,어린이교육,13,134,회차,0,0,0,0,0,0,0,0,0,0,0,0,0
제주지부,2018,어린이교육,13,134,인원,0,0,0,0,0,0,0,0,0,0,0,0,0
제주지부,2018,어린이교육,13,137,인원,26,26,26,26,26,26,26,26,26,26,26,28,314
제주지부,2018,어린이교육,13,137,개소,0,0,0,0,0,0,0,0,0,0,0,0,0
제주지부,2018,어린이교육,13,137,회차,0,0,0,0,0,0,0,0,0,0,0,0,0
제주지부,2018,어린이교육,14,141,인원,418,418,418,418,418,418,418,418,418,418,418,425,5023
제주지부,2018,어린이교육,14,141,개소,0,0,0,0,0,0,0,0,0,0,0,0,0
제주지부,2018,어린이교육,14,141,회차,0,0,0,0,0,0,0,0,0,0,0,0,0
제주지부,2018,어린이교육,14,142,개소,0,0,0,0,0,0,0,0,0,0,0,0,0
제주지부,2018,어린이교육,14,142,회차,0,0,0,0,0,0,0,0,0,0,0,0,0
제주지부,2018,어린이교육,14,142,인원,0,0,0,0,0,0,0,0,0,0,0,0,0
제주지부,2018,어린이교육,14,144,개소,0,0,0,0,0,0,0,0,0,0,0,0,0
제주지부,2018,어린이교육,14,144,회차,0,0,0,0,0,0,0,0,0,0,0,0,0
제주지부,2018,어린이교육,14,144,인원,0,0,0,0,0,0,0,0,0,0,0,0,0
제주지부,2018,어린이교육,14,147,개소,0,0,0,0,0,0,0,0,0,0,0,0,0
제주지부,2018,어린이교육,14,147,회차,0,0,0,0,0,0,0,0,0,0,0,0,0
제주지부,2018,어린이교육,14,147,인원,0,0,0,0,0,0,0,0,0,0,0,0,0
제주지부,2018,청소년교육,21,211,인원,139,139,139,139,139,139,139,139,139,139,139,143,1672
제주지부,2018,청소년교육,21,211,개소,0,0,0,0,0,0,0,0,0,0,0,0,0
제주지부,2018,청소년교육,21,211,회차,0,0,0,0,0,0,0,0,0,0,0,0,0
제주지부,2018,청소년교육,21,212,인원,18,18,18,18,18,18,18,18,18,18,18,25,223
제주지부,2018,청소년교육,21,212,개소,0,0,0,0,0,0,0,0,0,0,0,0,0
제주지부,2018,청소년교육,21,212,회차,0,0,0,0,0,0,0,0,0,0,0,0,0
제주지부,2018,청소년교육,21,214,인원,18,18,18,18,18,18,18,18,18,18,18,25,223
제주지부,2018,청소년교육,21,214,개소,0,0,0,0,0,0,0,0,0,0,0,0,0
제주지부,2018,청소년교육,21,214,회차,0,0,0,0,0,0,0,0,0,0,0,0,0
제주지부,2018,청소년교육,21,217,개소,0,0,0,0,0,0,0,0,0,0,0,0,0
제주지부,2018,청소년교육,21,217,회차,0,0,0,0,0,0,0,0,0,0,0,0,0
제주지부,2018,청소년교육,21,217,인원,0,0,0,0,0,0,0,0,0,0,0,0,0
제주지부,2018,청소년교육,21,218,인원,9,9,9,9,9,9,9,9,9,9,9,12,111
제주지부,2018,청소년교육,21,218,개소,0,0,0,0,0,0,0,0,0,0,0,0,0
제주지부,2018,청소년교육,21,218,회차,0,0,0,0,0,0,0,0,0,0,0,0,0
제주지부,2018,청소년교육,22,221,인원,418,418,418,418,418,418,418,418,418,418,418,418,5016
제주지부,2018,청소년교육,22,221,개소,0,0,0,0,0,0,0,0,0,0,0,0,0
제주지부,2018,청소년교육,22,221,회차,0,0,0,0,0,0,0,0,0,0,0,0,0
제주지부,2018,청소년교육,22,222,인원,74,74,74,74,74,74,74,74,74,74,74,78,892
제주지부,2018,청소년교육,22,222,개소,0,0,0,0,0,0,0,0,0,0,0,0,0
제주지부,2018,청소년교육,22,222,회차,0,0,0,0,0,0,0,0,0,0,0,0,0
제주지부,2018,청소년교육,22,223,개소,0,0,0,0,0,0,0,0,0,0,0,0,0
제주지부,2018,청소년교육,22,223,회차,0,0,0,0,0,0,0,0,0,0,0,0,0
제주지부,2018,청소년교육,22,223,인원,0,0,0,0,0,0,0,0,0,0,0,0,0
제주지부,2018,청소년교육,22,224,인원,18,18,18,18,18,18,18,18,18,18,18,25,223
제주지부,2018,청소년교육,22,224,개소,0,0,0,0,0,0,0,0,0,0,0,0,0
제주지부,2018,청소년교육,22,224,회차,0,0,0,0,0,0,0,0,0,0,0,0,0
제주지부,2018,청소년교육,22,226,인원,232,232,232,232,232,232,232,232,232,232,232,235,2787
제주지부,2018,청소년교육,22,226,개소,0,0,0,0,0,0,0,0,0,0,0,0,0
제주지부,2018,청소년교육,22,226,회차,0,0,0,0,0,0,0,0,0,0,0,0,0
제주지부,2018,청소년교육,22,227,개소,0,0,0,0,0,0,0,0,0,0,0,0,0
제주지부,2018,청소년교육,22,227,회차,0,0,0,0,0,0,0,0,0,0,0,0,0
제주지부,2018,청소년교육,22,227,인원,0,0,0,0,0,0,0,0,0,0,0,0,0
제주지부,2018,청소년교육,22,228,개소,0,0,0,0,0,0,0,0,0,0,0,0,0
제주지부,2018,청소년교육,22,228,회차,0,0,0,0,0,0,0,0,0,0,0,0,0
제주지부,2018,청소년교육,22,228,인원,0,0,0,0,0,0,0,0,0,0,0,0,0
제주지부,2018,성인교육,31,312,인원,22,22,22,22,22,22,22,22,22,22,22,28,270
제주지부,2018,성인교육,31,312,개소,0,0,0,0,0,0,0,0,0,0,0,0,0
제주지부,2018,성인교육,31,312,회차,0,0,0,0,0,0,0,0,0,0,0,0,0
제주지부,2018,성인교육,31,313,개소,0,0,0,0,0,0,0,0,0,0,0,0,0
제주지부,2018,성인교육,31,313,회차,0,0,0,0,0,0,0,0,0,0,0,0,0
제주지부,2018,성인교육,31,313,인원,0,0,0,0,0,0,0,0,0,0,0,0,0
제주지부,2018,성인교육,31,314,개소,0,0,0,0,0,0,0,0,0,0,0,0,0
제주지부,2018,성인교육,31,314,회차,0,0,0,0,0,0,0,0,0,0,0,0,0
제주지부,2018,성인교육,31,314,인원,0,0,0,0,0,0,0,0,0,0,0,0,0
제주지부,2018,성인교육,31,316,인원,450,450,450,450,450,450,450,450,450,450,450,451,5401
제주지부,2018,성인교육,31,316,개소,0,0,0,0,0,0,0,0,0,0,0,0,0
제주지부,2018,성인교육,31,316,회차,0,0,0,0,0,0,0,0,0,0,0,0,0
제주지부,2018,성인교육,31,317,개소,0,0,0,0,0,0,0,0,0,0,0,0,0
제주지부,2018,성인교육,31,317,회차,0,0,0,0,0,0,0,0,0,0,0,0,0
제주지부,2018,성인교육,31,317,인원,0,0,0,0,0,0,0,0,0,0,0,0,0
제주지부,2018,성인교육,31,318,개소,0,0,0,0,0,0,0,0,0,0,0,0,0
제주지부,2018,성인교육,31,318,회차,0,0,0,0,0,0,0,0,0,0,0,0,0
제주지부,2018,성인교육,31,318,인원,0,0,0,0,0,0,0,0,0,0,0,0,0
제주지부,2018,성인교육,31,319,개소,0,0,0,0,0,0,0,0,0,0,0,0,0
제주지부,2018,성인교육,31,319,회차,0,0,0,0,0,0,0,0,0,0,0,0,0
제주지부,2018,성인교육,31,319,인원,0,0,0,0,0,0,0,0,0,0,0,0,0
제주지부,2018,성인교육,32,322,개소,0,0,0,0,0,0,0,0,0,0,0,0,0
제주지부,2018,성인교육,32,322,회차,0,0,0,0,0,0,0,0,0,0,0,0,0
제주지부,2018,성인교육,32,322,인원,0,0,0,0,0,0,0,0,0,0,0,0,0
제주지부,2018,성인교육,32,323,개소,0,0,0,0,0,0,0,0,0,0,0,0,0
제주지부,2018,성인교육,32,323,회차,0,0,0,0,0,0,0,0,0,0,0,0,0
제주지부,2018,성인교육,32,323,인원,0,0,0,0,0,0,0,0,0,0,0,0,0
제주지부,2018,성인교육,32,326,인원,90,90,90,90,90,90,90,90,90,90,90,90,1080
제주지부,2018,성인교육,32,326,개소,0,0,0,0,0,0,0,0,0,0,0,0,0
제주지부,2018,성인교육,32,326,회차,0,0,0,0,0,0,0,0,0,0,0,0,0
제주지부,2018,성인교육,32,328,개소,0,0,0,0,0,0,0,0,0,0,0,0,0
제주지부,2018,성인교육,32,328,회차,0,0,0,0,0,0,0,0,0,0,0,0,0
제주지부,2018,성인교육,32,328,인원,0,0,0,0,0,0,0,0,0,0,0,0,0
제주지부,2018,성인교육,32,329,개소,0,0,0,0,0,0,0,0,0,0,0,0,0
제주지부,2018,성인교육,32,329,회차,0,0,0,0,0,0,0,0,0,0,0,0,0
제주지부,2018,성인교육,32,329,인원,0,0,0,0,0,0,0,0,0,0,0,0,0
제주지부,2018,성인교육,33,332,개소,0,0,0,0,0,0,0,0,0,0,0,0,0
제주지부,2018,성인교육,33,332,회차,0,0,0,0,0,0,0,0,0,0,0,0,0
제주지부,2018,성인교육,33,332,인원,0,0,0,0,0,0,0,0,0,0,0,0,0
제주지부,2018,성인교육,33,333,개소,0,0,0,0,0,0,0,0,0,0,0,0,0
제주지부,2018,성인교육,33,333,회차,0,0,0,0,0,0,0,0,0,0,0,0,0
제주지부,2018,성인교육,33,333,인원,0,0,0,0,0,0,0,0,0,0,0,0,0
제주지부,2018,성인교육,33,336,인원,180,180,180,180,180,180,180,180,180,180,180,180,2160
제주지부,2018,성인교육,33,336,개소,0,0,0,0,0,0,0,0,0,0,0,0,0
제주지부,2018,성인교육,33,336,회차,0,0,0,0,0,0,0,0,0,0,0,0,0
제주지부,2018,성인교육,33,338,개소,0,0,0,0,0,0,0,0,0,0,0,0,0
제주지부,2018,성인교육,33,338,회차,0,0,0,0,0,0,0,0,0,0,0,0,0
제주지부,2018,성인교육,33,338,인원,0,0,0,0,0,0,0,0,0,0,0,0,0
제주지부,2018,성인교육,33,339,개소,0,0,0,0,0,0,0,0,0,0,0,0,0
제주지부,2018,성인교육,33,339,회차,0,0,0,0,0,0,0,0,0,0,0,0,0
제주지부,2018,성인교육,33,339,인원,0,0,0,0,0,0,0,0,0,0,0,0,0
제주지부,2018,성인교육,34,342,인원,22,22,22,22,22,22,22,22,22,22,22,28,270
제주지부,2018,성인교육,34,342,개소,0,0,0,0,0,0,0,0,0,0,0,0,0
제주지부,2018,성인교육,34,342,회차,0,0,0,0,0,0,0,0,0,0,0,0,0
제주지부,2018,성인교육,34,343,개소,0,0,0,0,0,0,0,0,0,0,0,0,0
제주지부,2018,성인교육,34,343,회차,0,0,0,0,0,0,0,0,0,0,0,0,0
제주지부,2018,성인교육,34,343,인원,0,0,0,0,0,0,0,0,0,0,0,0,0
제주지부,2018,성인교육,34,346,인원,1260,1260,1260,1260,1260,1260,1260,1260,1260,1260,1260,1261,15121
제주지부,2018,성인교육,34,346,개소,0,0,0,0,0,0,0,0,0,0,0,0,0
제주지부,2018,성인교육,34,346,회차,0,0,0,0,0,0,0,0,0,0,0,0,0
제주지부,2018,성인교육,34,348,개소,0,0,0,0,0,0,0,0,0,0,0,0,0
제주지부,2018,성인교육,34,348,회차,0,0,0,0,0,0,0,0,0,0,0,0,0
제주지부,2018,성인교육,34,348,인원,0,0,0,0,0,0,0,0,0,0,0,0,0
제주지부,2018,성인교육,34,349,개소,0,0,0,0,0,0,0,0,0,0,0,0,0
제주지부,2018,성인교육,34,349,회차,0,0,0,0,0,0,0,0,0,0,0,0,0
제주지부,2018,성인교육,34,349,인원,0,0,0,0,0,0,0,0,0,0,0,0,0
제주지부,2018,성인교육,35,352,개소,0,0,0,0,0,0,0,0,0,0,0,0,0
제주지부,2018,성인교육,35,352,회차,0,0,0,0,0,0,0,0,0,0,0,0,0
제주지부,2018,성인교육,35,352,인원,0,0,0,0,0,0,0,0,0,0,0,0,0
제주지부,2018,성인교육,35,353,개소,0,0,0,0,0,0,0,0,0,0,0,0,0
제주지부,2018,성인교육,35,353,회차,0,0,0,0,0,0,0,0,0,0,0,0,0
제주지부,2018,성인교육,35,353,인원,0,0,0,0,0,0,0,0,0,0,0,0,0
제주지부,2018,성인교육,35,356,인원,135,135,135,135,135,135,135,135,135,135,135,135,1620
제주지부,2018,성인교육,35,356,개소,0,0,0,0,0,0,0,0,0,0,0,0,0
제주지부,2018,성인교육,35,356,회차,0,0,0,0,0,0,0,0,0,0,0,0,0
제주지부,2018,성인교육,35,358,개소,0,0,0,0,0,0,0,0,0,0,0,0,0
제주지부,2018,성인교육,35,358,회차,0,0,0,0,0,0,0,0,0,0,0,0,0
제주지부,2018,성인교육,35,358,인원,0,0,0,0,0,0,0,0,0,0,0,0,0
제주지부,2018,성인교육,35,359,개소,0,0,0,0,0,0,0,0,0,0,0,0,0
제주지부,2018,성인교육,35,359,회차,0,0,0,0,0,0,0,0,0,0,0,0,0
제주지부,2018,성인교육,35,359,인원,0,0,0,0,0,0,0,0,0,0,0,0,0
제주지부,2018,성인교육,36,362,인원,22,22,22,22,22,22,22,22,22,22,22,28,270
제주지부,2018,성인교육,36,362,개소,0,0,0,0,0,0,0,0,0,0,0,0,0
제주지부,2018,성인교육,36,362,회차,0,0,0,0,0,0,0,0,0,0,0,0,0
제주지부,2018,성인교육,36,363,개소,0,0,0,0,0,0,0,0,0,0,0,0,0
제주지부,2018,성인교육,36,363,회차,0,0,0,0,0,0,0,0,0,0,0,0,0
제주지부,2018,성인교육,36,363,인원,0,0,0,0,0,0,0,0,0,0,0,0,0
제주지부,2018,성인교육,36,365,개소,0,0,0,0,0,0,0,0,0,0,0,0,0
제주지부,2018,성인교육,36,365,회차,0,0,0,0,0,0,0,0,0,0,0,0,0
제주지부,2018,성인교육,36,365,인원,0,0,0,0,0,0,0,0,0,0,0,0,0
제주지부,2018,성인교육,36,366,인원,945,945,945,945,945,945,945,945,945,945,945,946,11341
제주지부,2018,성인교육,36,366,개소,0,0,0,0,0,0,0,0,0,0,0,0,0
제주지부,2018,성인교육,36,366,회차,0,0,0,0,0,0,0,0,0,0,0,0,0
제주지부,2018,성인교육,36,368,개소,0,0,0,0,0,0,0,0,0,0,0,0,0
제주지부,2018,성인교육,36,368,회차,0,0,0,0,0,0,0,0,0,0,0,0,0
제주지부,2018,성인교육,36,368,인원,0,0,0,0,0,0,0,0,0,0,0,0,0
제주지부,2018,성인교육,36,369,개소,0,0,0,0,0,0,0,0,0,0,0,0,0
제주지부,2018,성인교육,36,369,회차,0,0,0,0,0,0,0,0,0,0,0,0,0
제주지부,2018,성인교육,36,369,인원,0,0,0,0,0,0,0,0,0,0,0,0,0
제주지부,2018,성인교육,37,372,개소,0,0,0,0,0,0,0,0,0,0,0,0,0
제주지부,2018,성인교육,37,372,회차,0,0,0,0,0,0,0,0,0,0,0,0,0
제주지부,2018,성인교육,37,372,인원,0,0,0,0,0,0,0,0,0,0,0,0,0
제주지부,2018,성인교육,37,373,개소,0,0,0,0,0,0,0,0,0,0,0,0,0
제주지부,2018,성인교육,37,373,회차,0,0,0,0,0,0,0,0,0,0,0,0,0
제주지부,2018,성인교육,37,373,인원,0,0,0,0,0,0,0,0,0,0,0,0,0
제주지부,2018,성인교육,37,376,인원,1260,1260,1260,1260,1260,1260,1260,1260,1260,1260,1260,1261,15121
제주지부,2018,성인교육,37,376,개소,0,0,0,0,0,0,0,0,0,0,0,0,0
제주지부,2018,성인교육,37,376,회차,0,0,0,0,0,0,0,0,0,0,0,0,0
제주지부,2018,성인교육,37,378,개소,0,0,0,0,0,0,0,0,0,0,0,0,0
제주지부,2018,성인교육,37,378,회차,0,0,0,0,0,0,0,0,0,0,0,0,0
제주지부,2018,성인교육,37,378,인원,0,0,0,0,0,0,0,0,0,0,0,0,0
제주지부,2018,성인교육,37,379,개소,0,0,0,0,0,0,0,0,0,0,0,0,0
제주지부,2018,성인교육,37,379,회차,0,0,0,0,0,0,0,0,0,0,0,0,0
제주지부,2018,성인교육,37,379,인원,0,0,0,0,0,0,0,0,0,0,0,0,0
제주지부,2018,성인교육,38,381,인원,22,22,22,22,22,22,22,22,22,22,22,28,270
제주지부,2018,성인교육,38,381,개소,0,0,0,0,0,0,0,0,0,0,0,0,0
제주지부,2018,성인교육,38,381,회차,0,0,0,0,0,0,0,0,0,0,0,0,0
제주지부,2018,성인교육,38,382,개소,0,0,0,0,0,0,0,0,0,0,0,0,0
제주지부,2018,성인교육,38,382,회차,0,0,0,0,0,0,0,0,0,0,0,0,0
제주지부,2018,성인교육,38,382,인원,0,0,0,0,0,0,0,0,0,0,0,0,0
제주지부,2018,성인교육,38,386,개소,0,0,0,0,0,0,0,0,0,0,0,0,0
제주지부,2018,성인교육,38,386,회차,0,0,0,0,0,0,0,0,0,0,0,0,0
제주지부,2018,성인교육,38,386,인원,0,0,0,0,0,0,0,0,0,0,0,0,0
제주지부,2018,성인교육,38,388,개소,0,0,0,0,0,0,0,0,0,0,0,0,0
제주지부,2018,성인교육,38,388,회차,0,0,0,0,0,0,0,0,0,0,0,0,0
제주지부,2018,성인교육,38,388,인원,0,0,0,0,0,0,0,0,0,0,0,0,0
제주지부,2018,성인교육,39,392,개소,0,0,0,0,0,0,0,0,0,0,0,0,0
제주지부,2018,성인교육,39,392,회차,0,0,0,0,0,0,0,0,0,0,0,0,0
제주지부,2018,성인교육,39,392,인원,0,0,0,0,0,0,0,0,0,0,0,0,0
제주지부,2018,성인교육,39,393,개소,0,0,0,0,0,0,0,0,0,0,0,0,0
제주지부,2018,성인교육,39,393,회차,0,0,0,0,0,0,0,0,0,0,0,0,0
제주지부,2018,성인교육,39,393,인원,0,0,0,0,0,0,0,0,0,0,0,0,0
제주지부,2018,성인교육,39,396,인원,90,90,90,90,90,90,90,90,90,90,90,90,1080
제주지부,2018,성인교육,39,396,개소,0,0,0,0,0,0,0,0,0,0,0,0,0
제주지부,2018,성인교육,39,396,회차,0,0,0,0,0,0,0,0,0,0,0,0,0
제주지부,2018,성인교육,39,398,개소,0,0,0,0,0,0,0,0,0,0,0,0,0
제주지부,2018,성인교육,39,398,회차,0,0,0,0,0,0,0,0,0,0,0,0,0
제주지부,2018,성인교육,39,398,인원,0,0,0,0,0,0,0,0,0,0,0,0,0
제주지부,2018,고령자교육,41,411,인원,253,253,253,253,253,253,253,253,253,253,253,261,3044
제주지부,2018,고령자교육,41,411,개소,0,0,0,0,0,0,0,0,0,0,0,0,0
제주지부,2018,고령자교육,41,411,회차,0,0,0,0,0,0,0,0,0,0,0,0,0
제주지부,2018,고령자교육,41,412,인원,2,2,2,2,2,2,2,2,2,2,2,10,32
제주지부,2018,고령자교육,41,412,개소,0,0,0,0,0,0,0,0,0,0,0,0,0
제주지부,2018,고령자교육,41,412,회차,0,0,0,0,0,0,0,0,0,0,0,0,0
제주지부,2018,고령자교육,41,413,개소,0,0,0,0,0,0,0,0,0,0,0,0,0
제주지부,2018,고령자교육,41,413,회차,0,0,0,0,0,0,0,0,0,0,0,0,0
제주지부,2018,고령자교육,41,413,인원,0,0,0,0,0,0,0,0,0,0,0,0,0
제주지부,2018,고령자교육,41,417,인원,2,2,2,2,3,3,3,3,3,3,3,3,32
제주지부,2018,고령자교육,41,417,개소,0,0,0,0,0,0,0,0,0,0,0,0,0
제주지부,2018,고령자교육,41,417,회차,0,0,0,0,0,0,0,0,0,0,0,0,0
제주지부,2018,고령자교육,42,422,개소,0,0,0,0,0,0,0,0,0,0,0,0,0
제주지부,2018,고령자교육,42,422,회차,0,0,0,0,0,0,0,0,0,0,0,0,0
제주지부,2018,고령자교육,42,422,인원,0,0,0,0,0,0,0,0,0,0,0,0,0
제주지부,2018,고령자교육,42,423,개소,0,0,0,0,0,0,0,0,0,0,0,0,0
제주지부,2018,고령자교육,42,423,회차,0,0,0,0,0,0,0,0,0,0,0,0,0
제주지부,2018,고령자교육,42,423,인원,0,0,0,0,0,0,0,0,0,0,0,0,0
제주지부,2018,고령자교육,42,426,인원,8,8,8,8,8,8,8,8,8,8,8,14,102
제주지부,2018,고령자교육,42,426,개소,0,0,0,0,0,0,0,0,0,0,0,0,0
제주지부,2018,고령자교육,42,426,회차,0,0,0,0,0,0,0,0,0,0,0,0,0
제주지부,2018,교사교육,51,511,개소,0,0,0,0,0,0,0,0,0,0,0,0,0
제주지부,2018,교사교육,51,511,회차,0,0,0,0,0,0,0,0,0,0,0,0,0
제주지부,2018,교사교육,51,511,인원,0,0,0,0,0,0,0,0,0,0,0,0,0
제주지부,2018,교사교육,51,512,개소,0,0,0,0,0,0,0,0,0,0,0,0,0
제주지부,2018,교사교육,51,512,회차,0,0,0,0,0,0,0,0,0,0,0,0,0
제주지부,2018,교사교육,51,512,인원,0,0,0,0,0,0,0,0,0,0,0,0,0
제주지부,2018,교사교육,51,516,개소,0,0,0,0,0,0,0,0,0,0,0,0,0
제주지부,2018,교사교육,51,516,회차,0,0,0,0,0,0,0,0,0,0,0,0,0
제주지부,2018,교사교육,51,516,인원,0,0,0,0,0,0,0,0,0,0,0,0,0
제주지부,2018,교사교육,52,521,개소,0,0,0,0,0,0,0,0,0,0,0,0,0
제주지부,2018,교사교육,52,521,회차,0,0,0,0,0,0,0,0,0,0,0,0,0
제주지부,2018,교사교육,52,521,인원,0,0,0,0,0,0,0,0,0,0,0,0,0
제주지부,2018,교사교육,52,522,개소,0,0,0,0,0,0,0,0,0,0,0,0,0
제주지부,2018,교사교육,52,522,회차,0,0,0,0,0,0,0,0,0,0,0,0,0
제주지부,2018,교사교육,52,522,인원,0,0,0,0,0,0,0,0,0,0,0,0,0
제주지부,2018,교사교육,52,526,개소,0,0,0,0,0,0,0,0,0,0,0,0,0
제주지부,2018,교사교육,52,526,회차,0,0,0,0,0,0,0,0,0,0,0,0,0
제주지부,2018,교사교육,52,526,인원,4,4,4,4,4,4,4,4,4,5,5,5,51
제주지부,2018,교사교육,53,531,개소,0,0,0,0,0,0,0,0,0,0,0,0,0
제주지부,2018,교사교육,53,531,회차,0,0,0,0,0,0,0,0,0,0,0,0,0
제주지부,2018,교사교육,53,531,인원,0,0,0,0,0,0,0,0,0,0,0,0,0
제주지부,2018,교사교육,53,532,개소,0,0,0,0,0,0,0,0,0,0,0,0,0
제주지부,2018,교사교육,53,532,회차,0,0,0,0,0,0,0,0,0,0,0,0,0
제주지부,2018,교사교육,53,532,인원,0,0,0,0,0,0,0,0,0,0,0,0,0
제주지부,2018,교사교육,53,536,개소,0,0,0,0,0,0,0,0,0,0,0,0,0
제주지부,2018,교사교육,53,536,회차,0,0,0,0,0,0,0,0,0,0,0,0,0
제주지부,2018,교사교육,53,536,인원,2,2,2,2,2,2,2,2,2,2,2,3,25
제주지부,2018,교사교육,54,541,개소,0,0,0,0,0,0,0,0,0,0,0,0,0
제주지부,2018,교사교육,54,541,회차,0,0,0,0,0,0,0,0,0,0,0,0,0
제주지부,2018,교사교육,54,541,인원,0,0,0,0,0,0,0,0,0,0,0,0,0
제주지부,2018,교사교육,54,542,개소,0,0,0,0,0,0,0,0,0,0,0,0,0
제주지부,2018,교사교육,54,542,회차,0,0,0,0,0,0,0,0,0,0,0,0,0
제주지부,2018,교사교육,54,542,인원,0,0,0,0,0,0,0,0,0,0,0,0,0
제주지부,2018,교사교육,54,543,개소,0,0,0,0,0,0,0,0,0,0,0,0,0
제주지부,2018,교사교육,54,543,회차,0,0,0,0,0,0,0,0,0,0,0,0,0
제주지부,2018,교사교육,54,543,인원,0,0,0,0,0,0,0,0,0,0,0,0,0
제주지부,2018,교사교육,54,546,개소,0,0,0,0,0,0,0,0,0,0,0,0,0
제주지부,2018,교사교육,54,546,회차,0,0,0,0,0,0,0,0,0,0,0,0,0
제주지부,2018,교사교육,54,546,인원,2,2,2,2,2,2,2,2,2,2,2,3,25
제주지부,2019,어린이교육,11,111,개소,0,0,0,0,0,0,0,0,0,0,0,0,0
제주지부,2019,어린이교육,11,111,회차,0,0,0,0,0,0,0,0,0,0,0,0,0
제주지부,2019,어린이교육,11,111,인원,0,0,0,0,0,0,0,0,0,0,0,0,0
제주지부,2019,어린이교육,11,112,개소,0,0,0,0,0,0,0,0,0,0,0,0,0
제주지부,2019,어린이교육,11,112,회차,0,0,0,0,0,0,0,0,0,0,0,0,0
제주지부,2019,어린이교육,11,112,인원,0,0,0,0,0,0,0,0,0,0,0,0,0
제주지부,2019,어린이교육,11,113,개소,0,0,0,0,0,0,0,0,0,0,0,0,0
제주지부,2019,어린이교육,11,113,회차,0,0,0,0,0,0,0,0,0,0,0,0,0
제주지부,2019,어린이교육,11,113,인원,0,0,0,0,0,0,0,0,0,0,0,0,0
제주지부,2019,어린이교육,11,114,개소,0,0,0,0,0,0,0,0,0,0,0,0,0
제주지부,2019,어린이교육,11,114,회차,0,0,0,0,0,0,0,0,0,0,0,0,0
제주지부,2019,어린이교육,11,114,인원,0,0,0,0,0,0,0,0,0,0,0,0,0
제주지부,2019,어린이교육,12,121,개소,0,0,0,0,0,0,0,0,0,0,0,0,0
제주지부,2019,어린이교육,12,121,회차,0,0,0,0,0,0,0,0,0,0,0,0,0
제주지부,2019,어린이교육,12,121,인원,0,0,0,0,0,0,0,0,0,0,0,0,0
제주지부,2019,어린이교육,12,122,개소,0,0,0,0,0,0,0,0,0,0,0,0,0
제주지부,2019,어린이교육,12,122,회차,0,0,0,0,0,0,0,0,0,0,0,0,0
제주지부,2019,어린이교육,12,122,인원,0,0,0,0,0,0,0,0,0,0,0,0,0
제주지부,2019,어린이교육,12,124,개소,0,0,0,0,0,0,0,0,0,0,0,0,0
제주지부,2019,어린이교육,12,124,회차,0,0,0,0,0,0,0,0,0,0,0,0,0
제주지부,2019,어린이교육,12,124,인원,0,0,0,0,0,0,0,0,0,0,0,0,0
제주지부,2019,어린이교육,12,127,개소,0,0,0,0,0,0,0,0,0,0,0,0,0
제주지부,2019,어린이교육,12,127,회차,0,0,0,0,0,0,0,0,0,0,0,0,0
제주지부,2019,어린이교육,12,127,인원,0,0,0,0,0,0,0,0,0,0,0,0,0
제주지부,2019,어린이교육,13,131,개소,0,0,0,0,0,0,0,0,0,0,0,0,0
제주지부,2019,어린이교육,13,131,회차,0,0,0,0,0,0,0,0,0,0,0,0,0
제주지부,2019,어린이교육,13,131,인원,0,0,0,0,0,0,0,0,0,0,0,0,0
제주지부,2019,어린이교육,13,132,개소,0,0,0,0,0,0,0,0,0,0,0,0,0
제주지부,2019,어린이교육,13,132,회차,0,0,0,0,0,0,0,0,0,0,0,0,0
제주지부,2019,어린이교육,13,132,인원,0,0,0,0,0,0,0,0,0,0,0,0,0
제주지부,2019,어린이교육,13,134,개소,0,0,0,0,0,0,0,0,0,0,0,0,0
제주지부,2019,어린이교육,13,134,회차,0,0,0,0,0,0,0,0,0,0,0,0,0
제주지부,2019,어린이교육,13,134,인원,0,0,0,0,0,0,0,0,0,0,0,0,0
제주지부,2019,어린이교육,13,137,개소,0,0,0,0,0,0,0,0,0,0,0,0,0
제주지부,2019,어린이교육,13,137,회차,0,0,0,0,0,0,0,0,0,0,0,0,0
제주지부,2019,어린이교육,13,137,인원,0,0,0,0,0,0,0,0,0,0,0,0,0
제주지부,2019,어린이교육,14,141,개소,0,0,0,0,0,0,0,0,0,0,0,0,0
제주지부,2019,어린이교육,14,141,회차,0,0,0,0,0,0,0,0,0,0,0,0,0
제주지부,2019,어린이교육,14,141,인원,0,0,0,0,0,0,0,0,0,0,0,0,0
제주지부,2019,어린이교육,14,142,개소,0,0,0,0,0,0,0,0,0,0,0,0,0
제주지부,2019,어린이교육,14,142,회차,0,0,0,0,0,0,0,0,0,0,0,0,0
제주지부,2019,어린이교육,14,142,인원,0,0,0,0,0,0,0,0,0,0,0,0,0
제주지부,2019,어린이교육,14,144,개소,0,0,0,0,0,0,0,0,0,0,0,0,0
제주지부,2019,어린이교육,14,144,회차,0,0,0,0,0,0,0,0,0,0,0,0,0
제주지부,2019,어린이교육,14,144,인원,0,0,0,0,0,0,0,0,0,0,0,0,0
제주지부,2019,어린이교육,14,147,개소,0,0,0,0,0,0,0,0,0,0,0,0,0
제주지부,2019,어린이교육,14,147,회차,0,0,0,0,0,0,0,0,0,0,0,0,0
제주지부,2019,어린이교육,14,147,인원,0,0,0,0,0,0,0,0,0,0,0,0,0
제주지부,2019,성인교육,31,312,개소,0,0,0,0,0,0,0,0,0,0,0,0,0
제주지부,2019,성인교육,31,312,회차,0,0,0,0,0,0,0,0,0,0,0,0,0
제주지부,2019,성인교육,31,312,인원,0,0,0,0,0,0,0,0,0,0,0,0,0
제주지부,2019,성인교육,31,313,개소,0,0,0,0,0,0,0,0,0,0,0,0,0
제주지부,2019,성인교육,31,313,회차,0,0,0,0,0,0,0,0,0,0,0,0,0
제주지부,2019,성인교육,31,313,인원,0,0,0,0,0,0,0,0,0,0,0,0,0
제주지부,2019,성인교육,31,314,개소,0,0,0,0,0,0,0,0,0,0,0,0,0
제주지부,2019,성인교육,31,314,회차,0,0,0,0,0,0,0,0,0,0,0,0,0
제주지부,2019,성인교육,31,314,인원,0,0,0,0,0,0,0,0,0,0,0,0,0
제주지부,2019,성인교육,31,316,개소,0,0,0,0,0,0,0,0,0,0,0,0,0
제주지부,2019,성인교육,31,316,회차,0,0,0,0,0,0,0,0,0,0,0,0,0
제주지부,2019,성인교육,31,316,인원,0,0,0,0,0,0,0,0,0,0,0,0,0
제주지부,2019,성인교육,31,317,개소,0,0,0,0,0,0,0,0,0,0,0,0,0
제주지부,2019,성인교육,31,317,회차,0,0,0,0,0,0,0,0,0,0,0,0,0
제주지부,2019,성인교육,31,317,인원,0,0,0,0,0,0,0,0,0,0,0,0,0
제주지부,2019,성인교육,31,318,개소,0,0,0,0,0,0,0,0,0,0,0,0,0
제주지부,2019,성인교육,31,318,회차,0,0,0,0,0,0,0,0,0,0,0,0,0
제주지부,2019,성인교육,31,318,인원,0,0,0,0,0,0,0,0,0,0,0,0,0
제주지부,2019,성인교육,31,319,개소,0,0,0,0,0,0,0,0,0,0,0,0,0
제주지부,2019,성인교육,31,319,회차,0,0,0,0,0,0,0,0,0,0,0,0,0
제주지부,2019,성인교육,31,319,인원,0,0,0,0,0,0,0,0,0,0,0,0,0
제주지부,2019,성인교육,32,322,개소,0,0,0,0,0,0,0,0,0,0,0,0,0
제주지부,2019,성인교육,32,322,회차,0,0,0,0,0,0,0,0,0,0,0,0,0
제주지부,2019,성인교육,32,322,인원,0,0,0,0,0,0,0,0,0,0,0,0,0
제주지부,2019,성인교육,32,323,개소,0,0,0,0,0,0,0,0,0,0,0,0,0
제주지부,2019,성인교육,32,323,회차,0,0,0,0,0,0,0,0,0,0,0,0,0
제주지부,2019,성인교육,32,323,인원,0,0,0,0,0,0,0,0,0,0,0,0,0
제주지부,2019,성인교육,32,326,개소,0,0,0,0,0,0,0,0,0,0,0,0,0
제주지부,2019,성인교육,32,326,회차,0,0,0,0,0,0,0,0,0,0,0,0,0
제주지부,2019,성인교육,32,326,인원,0,0,0,0,0,0,0,0,0,0,0,0,0
제주지부,2019,성인교육,32,328,개소,0,0,0,0,0,0,0,0,0,0,0,0,0
제주지부,2019,성인교육,32,328,회차,0,0,0,0,0,0,0,0,0,0,0,0,0
제주지부,2019,성인교육,32,328,인원,0,0,0,0,0,0,0,0,0,0,0,0,0
제주지부,2019,성인교육,32,329,개소,0,0,0,0,0,0,0,0,0,0,0,0,0
제주지부,2019,성인교육,32,329,회차,0,0,0,0,0,0,0,0,0,0,0,0,0
제주지부,2019,성인교육,32,329,인원,0,0,0,0,0,0,0,0,0,0,0,0,0
제주지부,2019,성인교육,33,332,개소,0,0,0,0,0,0,0,0,0,0,0,0,0
제주지부,2019,성인교육,33,332,회차,0,0,0,0,0,0,0,0,0,0,0,0,0
제주지부,2019,성인교육,33,332,인원,0,0,0,0,0,0,0,0,0,0,0,0,0
제주지부,2019,성인교육,33,333,개소,0,0,0,0,0,0,0,0,0,0,0,0,0
제주지부,2019,성인교육,33,333,회차,0,0,0,0,0,0,0,0,0,0,0,0,0
제주지부,2019,성인교육,33,333,인원,0,0,0,0,0,0,0,0,0,0,0,0,0
제주지부,2019,성인교육,33,336,개소,0,0,0,0,0,0,0,0,0,0,0,0,0
제주지부,2019,성인교육,33,336,회차,0,0,0,0,0,0,0,0,0,0,0,0,0
제주지부,2019,성인교육,33,336,인원,0,0,0,0,0,0,0,0,0,0,0,0,0
제주지부,2019,성인교육,33,338,개소,0,0,0,0,0,0,0,0,0,0,0,0,0
제주지부,2019,성인교육,33,338,회차,0,0,0,0,0,0,0,0,0,0,0,0,0
제주지부,2019,성인교육,33,338,인원,0,0,0,0,0,0,0,0,0,0,0,0,0
제주지부,2019,성인교육,33,339,개소,0,0,0,0,0,0,0,0,0,0,0,0,0
제주지부,2019,성인교육,33,339,회차,0,0,0,0,0,0,0,0,0,0,0,0,0
제주지부,2019,성인교육,33,339,인원,0,0,0,0,0,0,0,0,0,0,0,0,0
제주지부,2019,성인교육,34,342,개소,0,0,0,0,0,0,0,0,0,0,0,0,0
제주지부,2019,성인교육,34,342,회차,0,0,0,0,0,0,0,0,0,0,0,0,0
제주지부,2019,성인교육,34,342,인원,0,0,0,0,0,0,0,0,0,0,0,0,0
제주지부,2019,성인교육,34,343,개소,0,0,0,0,0,0,0,0,0,0,0,0,0
제주지부,2019,성인교육,34,343,회차,0,0,0,0,0,0,0,0,0,0,0,0,0
제주지부,2019,성인교육,34,343,인원,0,0,0,0,0,0,0,0,0,0,0,0,0
제주지부,2019,성인교육,34,346,개소,0,0,0,0,0,0,0,0,0,0,0,0,0
제주지부,2019,성인교육,34,346,회차,0,0,0,0,0,0,0,0,0,0,0,0,0
제주지부,2019,성인교육,34,346,인원,0,0,0,0,0,0,0,0,0,0,0,0,0
제주지부,2019,성인교육,34,348,개소,0,0,0,0,0,0,0,0,0,0,0,0,0
제주지부,2019,성인교육,34,348,회차,0,0,0,0,0,0,0,0,0,0,0,0,0
제주지부,2019,성인교육,34,348,인원,0,0,0,0,0,0,0,0,0,0,0,0,0
제주지부,2019,성인교육,34,349,개소,0,0,0,0,0,0,0,0,0,0,0,0,0
제주지부,2019,성인교육,34,349,회차,0,0,0,0,0,0,0,0,0,0,0,0,0
제주지부,2019,성인교육,34,349,인원,0,0,0,0,0,0,0,0,0,0,0,0,0
제주지부,2019,성인교육,35,352,개소,0,0,0,0,0,0,0,0,0,0,0,0,0
제주지부,2019,성인교육,35,352,회차,0,0,0,0,0,0,0,0,0,0,0,0,0
제주지부,2019,성인교육,35,352,인원,0,0,0,0,0,0,0,0,0,0,0,0,0
제주지부,2019,성인교육,35,353,개소,0,0,0,0,0,0,0,0,0,0,0,0,0
제주지부,2019,성인교육,35,353,회차,0,0,0,0,0,0,0,0,0,0,0,0,0
제주지부,2019,성인교육,35,353,인원,0,0,0,0,0,0,0,0,0,0,0,0,0
제주지부,2019,성인교육,35,356,개소,0,0,0,0,0,0,0,0,0,0,0,0,0
제주지부,2019,성인교육,35,356,회차,0,0,0,0,0,0,0,0,0,0,0,0,0
제주지부,2019,성인교육,35,356,인원,0,0,0,0,0,0,0,0,0,0,0,0,0
제주지부,2019,성인교육,35,358,개소,0,0,0,0,0,0,0,0,0,0,0,0,0
제주지부,2019,성인교육,35,358,회차,0,0,0,0,0,0,0,0,0,0,0,0,0
제주지부,2019,성인교육,35,358,인원,0,0,0,0,0,0,0,0,0,0,0,0,0
제주지부,2019,성인교육,35,359,개소,0,0,0,0,0,0,0,0,0,0,0,0,0
제주지부,2019,성인교육,35,359,회차,0,0,0,0,0,0,0,0,0,0,0,0,0
제주지부,2019,성인교육,35,359,인원,0,0,0,0,0,0,0,0,0,0,0,0,0
제주지부,2019,성인교육,36,362,개소,0,0,0,0,0,0,0,0,0,0,0,0,0
제주지부,2019,성인교육,36,362,회차,0,0,0,0,0,0,0,0,0,0,0,0,0
제주지부,2019,성인교육,36,362,인원,0,0,0,0,0,0,0,0,0,0,0,0,0
제주지부,2019,성인교육,36,363,개소,0,0,0,0,0,0,0,0,0,0,0,0,0
제주지부,2019,성인교육,36,363,회차,0,0,0,0,0,0,0,0,0,0,0,0,0
제주지부,2019,성인교육,36,363,인원,0,0,0,0,0,0,0,0,0,0,0,0,0
제주지부,2019,성인교육,36,365,개소,0,0,0,0,0,0,0,0,0,0,0,0,0
제주지부,2019,성인교육,36,365,회차,0,0,0,0,0,0,0,0,0,0,0,0,0
제주지부,2019,성인교육,36,365,인원,0,0,0,0,0,0,0,0,0,0,0,0,0
제주지부,2019,성인교육,36,366,개소,0,0,0,0,0,0,0,0,0,0,0,0,0
제주지부,2019,성인교육,36,366,회차,0,0,0,0,0,0,0,0,0,0,0,0,0
제주지부,2019,성인교육,36,366,인원,0,0,0,0,0,0,0,0,0,0,0,0,0
제주지부,2019,성인교육,36,368,개소,0,0,0,0,0,0,0,0,0,0,0,0,0
제주지부,2019,성인교육,36,368,회차,0,0,0,0,0,0,0,0,0,0,0,0,0
제주지부,2019,성인교육,36,368,인원,0,0,0,0,0,0,0,0,0,0,0,0,0
제주지부,2019,성인교육,36,369,개소,0,0,0,0,0,0,0,0,0,0,0,0,0
제주지부,2019,성인교육,36,369,회차,0,0,0,0,0,0,0,0,0,0,0,0,0
제주지부,2019,성인교육,36,369,인원,0,0,0,0,0,0,0,0,0,0,0,0,0
제주지부,2019,성인교육,37,372,개소,0,0,0,0,0,0,0,0,0,0,0,0,0
제주지부,2019,성인교육,37,372,회차,0,0,0,0,0,0,0,0,0,0,0,0,0
제주지부,2019,성인교육,37,372,인원,0,0,0,0,0,0,0,0,0,0,0,0,0
제주지부,2019,성인교육,37,373,개소,0,0,0,0,0,0,0,0,0,0,0,0,0
제주지부,2019,성인교육,37,373,회차,0,0,0,0,0,0,0,0,0,0,0,0,0
제주지부,2019,성인교육,37,373,인원,0,0,0,0,0,0,0,0,0,0,0,0,0
제주지부,2019,성인교육,37,376,개소,0,0,0,0,0,0,0,0,0,0,0,0,0
제주지부,2019,성인교육,37,376,회차,0,0,0,0,0,0,0,0,0,0,0,0,0
제주지부,2019,성인교육,37,376,인원,0,0,0,0,0,0,0,0,0,0,0,0,0
제주지부,2019,성인교육,37,378,개소,0,0,0,0,0,0,0,0,0,0,0,0,0
제주지부,2019,성인교육,37,378,회차,0,0,0,0,0,0,0,0,0,0,0,0,0
제주지부,2019,성인교육,37,378,인원,0,0,0,0,0,0,0,0,0,0,0,0,0
제주지부,2019,성인교육,37,379,개소,0,0,0,0,0,0,0,0,0,0,0,0,0
제주지부,2019,성인교육,37,379,회차,0,0,0,0,0,0,0,0,0,0,0,0,0
제주지부,2019,성인교육,37,379,인원,0,0,0,0,0,0,0,0,0,0,0,0,0
제주지부,2019,성인교육,38,381,개소,0,0,0,0,0,0,0,0,0,0,0,0,0
제주지부,2019,성인교육,38,381,회차,0,0,0,0,0,0,0,0,0,0,0,0,0
제주지부,2019,성인교육,38,381,인원,0,0,0,0,0,0,0,0,0,0,0,0,0
제주지부,2019,성인교육,38,382,개소,0,0,0,0,0,0,0,0,0,0,0,0,0
제주지부,2019,성인교육,38,382,회차,0,0,0,0,0,0,0,0,0,0,0,0,0
제주지부,2019,성인교육,38,382,인원,0,0,0,0,0,0,0,0,0,0,0,0,0
제주지부,2019,성인교육,38,386,개소,0,0,0,0,0,0,0,0,0,0,0,0,0
제주지부,2019,성인교육,38,386,회차,0,0,0,0,0,0,0,0,0,0,0,0,0
제주지부,2019,성인교육,38,386,인원,0,0,0,0,0,0,0,0,0,0,0,0,0
제주지부,2019,성인교육,38,388,개소,0,0,0,0,0,0,0,0,0,0,0,0,0
제주지부,2019,성인교육,38,388,회차,0,0,0,0,0,0,0,0,0,0,0,0,0
제주지부,2019,성인교육,38,388,인원,0,0,0,0,0,0,0,0,0,0,0,0,0
제주지부,2019,성인교육,39,392,개소,0,0,0,0,0,0,0,0,0,0,0,0,0
제주지부,2019,성인교육,39,392,회차,0,0,0,0,0,0,0,0,0,0,0,0,0
제주지부,2019,성인교육,39,392,인원,0,0,0,0,0,0,0,0,0,0,0,0,0
제주지부,2019,성인교육,39,393,개소,0,0,0,0,0,0,0,0,0,0,0,0,0
제주지부,2019,성인교육,39,393,회차,0,0,0,0,0,0,0,0,0,0,0,0,0
제주지부,2019,성인교육,39,393,인원,0,0,0,0,0,0,0,0,0,0,0,0,0
제주지부,2019,성인교육,39,396,개소,0,0,0,0,0,0,0,0,0,0,0,0,0
제주지부,2019,성인교육,39,396,회차,0,0,0,0,0,0,0,0,0,0,0,0,0
제주지부,2019,성인교육,39,396,인원,0,0,0,0,0,0,0,0,0,0,0,0,0
제주지부,2019,성인교육,39,398,개소,0,0,0,0,0,0,0,0,0,0,0,0,0
제주지부,2019,성인교육,39,398,회차,0,0,0,0,0,0,0,0,0,0,0,0,0
제주지부,2019,성인교육,39,398,인원,0,0,0,0,0,0,0,0,0,0,0,0,0
제주지부,2019,고령자교육,41,411,개소,0,0,0,0,0,0,0,0,0,0,0,0,0
제주지부,2019,고령자교육,41,411,회차,0,0,0,0,0,0,0,0,0,0,0,0,0
제주지부,2019,고령자교육,41,411,인원,0,0,0,0,0,0,0,0,0,0,0,0,0
제주지부,2019,고령자교육,41,412,개소,0,0,0,0,0,0,0,0,0,0,0,0,0
제주지부,2019,고령자교육,41,412,회차,0,0,0,0,0,0,0,0,0,0,0,0,0
제주지부,2019,고령자교육,41,412,인원,0,0,0,0,0,0,0,0,0,0,0,0,0
제주지부,2019,고령자교육,41,413,개소,0,0,0,0,0,0,0,0,0,0,0,0,0
제주지부,2019,고령자교육,41,413,회차,0,0,0,0,0,0,0,0,0,0,0,0,0
제주지부,2019,고령자교육,41,413,인원,0,0,0,0,0,0,0,0,0,0,0,0,0
제주지부,2019,고령자교육,41,417,개소,0,0,0,0,0,0,0,0,0,0,0,0,0
제주지부,2019,고령자교육,41,417,회차,0,0,0,0,0,0,0,0,0,0,0,0,0
제주지부,2019,고령자교육,41,417,인원,0,0,0,0,0,0,0,0,0,0,0,0,0
제주지부,2019,고령자교육,42,422,개소,0,0,0,0,0,0,0,0,0,0,0,0,0
제주지부,2019,고령자교육,42,422,회차,0,0,0,0,0,0,0,0,0,0,0,0,0
제주지부,2019,고령자교육,42,422,인원,0,0,0,0,0,0,0,0,0,0,0,0,0
제주지부,2019,고령자교육,42,423,개소,0,0,0,0,0,0,0,0,0,0,0,0,0
제주지부,2019,고령자교육,42,423,회차,0,0,0,0,0,0,0,0,0,0,0,0,0
제주지부,2019,고령자교육,42,423,인원,0,0,0,0,0,0,0,0,0,0,0,0,0
제주지부,2019,고령자교육,42,426,개소,0,0,0,0,0,0,0,0,0,0,0,0,0
제주지부,2019,고령자교육,42,426,회차,0,0,0,0,0,0,0,0,0,0,0,0,0
제주지부,2019,고령자교육,42,426,인원,0,0,0,0,0,0,0,0,0,0,0,0,0
제주지부,2019,교사교육,51,511,개소,0,0,0,0,0,0,0,0,0,0,0,0,0
제주지부,2019,교사교육,51,511,회차,0,0,0,0,0,0,0,0,0,0,0,0,0
제주지부,2019,교사교육,51,511,인원,0,0,0,0,0,0,0,0,0,0,0,0,0
제주지부,2019,교사교육,51,512,개소,0,0,0,0,0,0,0,0,0,0,0,0,0
제주지부,2019,교사교육,51,512,회차,0,0,0,0,0,0,0,0,0,0,0,0,0
제주지부,2019,교사교육,51,512,인원,0,0,0,0,0,0,0,0,0,0,0,0,0
제주지부,2019,교사교육,51,516,개소,0,0,0,0,0,0,0,0,0,0,0,0,0
제주지부,2019,교사교육,51,516,회차,0,0,0,0,0,0,0,0,0,0,0,0,0
제주지부,2019,교사교육,51,516,인원,0,0,0,0,0,0,0,0,0,0,0,0,0
제주지부,2019,교사교육,52,521,개소,0,0,0,0,0,0,0,0,0,0,0,0,0
제주지부,2019,교사교육,52,521,회차,0,0,0,0,0,0,0,0,0,0,0,0,0
제주지부,2019,교사교육,52,521,인원,0,0,0,0,0,0,0,0,0,0,0,0,0
제주지부,2019,교사교육,52,522,개소,0,0,0,0,0,0,0,0,0,0,0,0,0
제주지부,2019,교사교육,52,522,회차,0,0,0,0,0,0,0,0,0,0,0,0,0
제주지부,2019,교사교육,52,522,인원,0,0,0,0,0,0,0,0,0,0,0,0,0
제주지부,2019,교사교육,52,526,개소,0,0,0,0,0,0,0,0,0,0,0,0,0
제주지부,2019,교사교육,52,526,회차,0,0,0,0,0,0,0,0,0,0,0,0,0
제주지부,2019,교사교육,52,526,인원,0,0,0,0,0,0,0,0,0,0,0,0,0
제주지부,2019,교사교육,53,531,개소,0,0,0,0,0,0,0,0,0,0,0,0,0
제주지부,2019,교사교육,53,531,회차,0,0,0,0,0,0,0,0,0,0,0,0,0
제주지부,2019,교사교육,53,531,인원,0,0,0,0,0,0,0,0,0,0,0,0,0
제주지부,2019,교사교육,53,532,개소,0,0,0,0,0,0,0,0,0,0,0,0,0
제주지부,2019,교사교육,53,532,회차,0,0,0,0,0,0,0,0,0,0,0,0,0
제주지부,2019,교사교육,53,532,인원,0,0,0,0,0,0,0,0,0,0,0,0,0
제주지부,2019,교사교육,53,536,개소,0,0,0,0,0,0,0,0,0,0,0,0,0
제주지부,2019,교사교육,53,536,회차,0,0,0,0,0,0,0,0,0,0,0,0,0
제주지부,2019,교사교육,53,536,인원,0,0,0,0,0,0,0,0,0,0,0,0,0
제주지부,2019,교사교육,54,541,개소,0,0,0,0,0,0,0,0,0,0,0,0,0
제주지부,2019,교사교육,54,541,회차,0,0,0,0,0,0,0,0,0,0,0,0,0
제주지부,2019,교사교육,54,541,인원,0,0,0,0,0,0,0,0,0,0,0,0,0
제주지부,2019,교사교육,54,542,개소,0,0,0,0,0,0,0,0,0,0,0,0,0
제주지부,2019,교사교육,54,542,회차,0,0,0,0,0,0,0,0,0,0,0,0,0
제주지부,2019,교사교육,54,542,인원,0,0,0,0,0,0,0,0,0,0,0,0,0
제주지부,2019,교사교육,54,543,개소,0,0,0,0,0,0,0,0,0,0,0,0,0
제주지부,2019,교사교육,54,543,회차,0,0,0,0,0,0,0,0,0,0,0,0,0
제주지부,2019,교사교육,54,543,인원,0,0,0,0,0,0,0,0,0,0,0,0,0
제주지부,2019,교사교육,54,546,개소,0,0,0,0,0,0,0,0,0,0,0,0,0
제주지부,2019,교사교육,54,546,회차,0,0,0,0,0,0,0,0,0,0,0,0,0
제주지부,2019,교사교육,54,546,인원,0,0,0,0,0,0,0,0,0,0,0,0,0
제주지부,2020,어린이교육,11,111,개소,0,0,0,0,0,0,0,0,0,0,0,0,0
제주지부,2020,어린이교육,11,111,회차,0,0,0,0,0,0,0,0,0,0,0,0,0
제주지부,2020,어린이교육,11,111,인원,0,0,0,0,0,0,0,0,0,0,0,0,0
제주지부,2020,어린이교육,11,112,개소,0,0,0,0,0,0,0,0,0,0,0,0,0
제주지부,2020,어린이교육,11,112,회차,0,0,0,0,0,0,0,0,0,0,0,0,0
제주지부,2020,어린이교육,11,112,인원,0,0,0,0,0,0,0,0,0,0,0,0,0
제주지부,2020,어린이교육,11,113,개소,0,0,0,0,0,0,0,0,0,0,0,0,0
제주지부,2020,어린이교육,11,113,회차,0,0,0,0,0,0,0,0,0,0,0,0,0
제주지부,2020,어린이교육,11,113,인원,0,0,0,0,0,0,0,0,0,0,0,0,0
제주지부,2020,어린이교육,11,114,개소,0,0,0,0,0,0,0,0,0,0,0,0,0
제주지부,2020,어린이교육,11,114,회차,0,0,0,0,0,0,0,0,0,0,0,0,0
제주지부,2020,어린이교육,11,114,인원,0,0,0,0,0,0,0,0,0,0,0,0,0
제주지부,2020,어린이교육,12,121,개소,0,0,0,0,0,0,0,0,0,0,0,0,0
제주지부,2020,어린이교육,12,121,회차,0,0,0,0,0,0,0,0,0,0,0,0,0
제주지부,2020,어린이교육,12,121,인원,0,0,0,0,0,0,0,0,0,0,0,0,0
제주지부,2020,어린이교육,12,122,개소,0,0,0,0,0,0,0,0,0,0,0,0,0
제주지부,2020,어린이교육,12,122,회차,0,0,0,0,0,0,0,0,0,0,0,0,0
제주지부,2020,어린이교육,12,122,인원,0,0,0,0,0,0,0,0,0,0,0,0,0
제주지부,2020,어린이교육,12,124,개소,0,0,0,0,0,0,0,0,0,0,0,0,0
제주지부,2020,어린이교육,12,124,회차,0,0,0,0,0,0,0,0,0,0,0,0,0
제주지부,2020,어린이교육,12,124,인원,0,0,0,0,0,0,0,0,0,0,0,0,0
제주지부,2020,어린이교육,12,127,개소,0,0,0,0,0,0,0,0,0,0,0,0,0
제주지부,2020,어린이교육,12,127,회차,0,0,0,0,0,0,0,0,0,0,0,0,0
제주지부,2020,어린이교육,12,127,인원,0,0,0,0,0,0,0,0,0,0,0,0,0
제주지부,2020,어린이교육,13,131,개소,0,0,0,0,0,0,0,0,0,0,0,0,0
제주지부,2020,어린이교육,13,131,회차,0,0,0,0,0,0,0,0,0,0,0,0,0
제주지부,2020,어린이교육,13,131,인원,0,0,0,0,0,0,0,0,0,0,0,0,0
제주지부,2020,어린이교육,13,132,개소,0,0,0,0,0,0,0,0,0,0,0,0,0
제주지부,2020,어린이교육,13,132,회차,0,0,0,0,0,0,0,0,0,0,0,0,0
제주지부,2020,어린이교육,13,132,인원,0,0,0,0,0,0,0,0,0,0,0,0,0
제주지부,2020,어린이교육,13,134,개소,0,0,0,0,0,0,0,0,0,0,0,0,0
제주지부,2020,어린이교육,13,134,회차,0,0,0,0,0,0,0,0,0,0,0,0,0
제주지부,2020,어린이교육,13,134,인원,0,0,0,0,0,0,0,0,0,0,0,0,0
제주지부,2020,어린이교육,13,137,개소,0,0,0,0,0,0,0,0,0,0,0,0,0
제주지부,2020,어린이교육,13,137,회차,0,0,0,0,0,0,0,0,0,0,0,0,0
제주지부,2020,어린이교육,13,137,인원,0,0,0,0,0,0,0,0,0,0,0,0,0
제주지부,2020,어린이교육,14,141,개소,0,0,0,0,0,0,0,0,0,0,0,0,0
제주지부,2020,어린이교육,14,141,회차,0,0,0,0,0,0,0,0,0,0,0,0,0
제주지부,2020,어린이교육,14,141,인원,0,0,0,0,0,0,0,0,0,0,0,0,0
제주지부,2020,어린이교육,14,142,개소,0,0,0,0,0,0,0,0,0,0,0,0,0
제주지부,2020,어린이교육,14,142,회차,0,0,0,0,0,0,0,0,0,0,0,0,0
제주지부,2020,어린이교육,14,142,인원,0,0,0,0,0,0,0,0,0,0,0,0,0
제주지부,2020,어린이교육,14,144,개소,0,0,0,0,0,0,0,0,0,0,0,0,0
제주지부,2020,어린이교육,14,144,회차,0,0,0,0,0,0,0,0,0,0,0,0,0
제주지부,2020,어린이교육,14,144,인원,0,0,0,0,0,0,0,0,0,0,0,0,0
제주지부,2020,어린이교육,14,147,개소,0,0,0,0,0,0,0,0,0,0,0,0,0
제주지부,2020,어린이교육,14,147,회차,0,0,0,0,0,0,0,0,0,0,0,0,0
제주지부,2020,어린이교육,14,147,인원,0,0,0,0,0,0,0,0,0,0,0,0,0
제주지부,2020,청소년교육,21,211,개소,0,0,0,0,0,0,0,0,0,0,0,0,0
제주지부,2020,청소년교육,21,211,회차,0,0,0,0,0,0,0,0,0,0,0,0,0
제주지부,2020,청소년교육,21,211,인원,0,0,0,0,0,0,0,0,0,0,0,0,0
제주지부,2020,청소년교육,21,212,개소,0,0,0,0,0,0,0,0,0,0,0,0,0
제주지부,2020,청소년교육,21,212,회차,0,0,0,0,0,0,0,0,0,0,0,0,0
제주지부,2020,청소년교육,21,212,인원,0,0,0,0,0,0,0,0,0,0,0,0,0
제주지부,2020,청소년교육,21,214,개소,0,0,0,0,0,0,0,0,0,0,0,0,0
제주지부,2020,청소년교육,21,214,회차,0,0,0,0,0,0,0,0,0,0,0,0,0
제주지부,2020,청소년교육,21,214,인원,0,0,0,0,0,0,0,0,0,0,0,0,0
제주지부,2020,청소년교육,21,217,개소,0,0,0,0,0,0,0,0,0,0,0,0,0
제주지부,2020,청소년교육,21,217,회차,0,0,0,0,0,0,0,0,0,0,0,0,0
제주지부,2020,청소년교육,21,217,인원,0,0,0,0,0,0,0,0,0,0,0,0,0
제주지부,2020,청소년교육,21,218,개소,0,0,0,0,0,0,0,0,0,0,0,0,0
제주지부,2020,청소년교육,21,218,회차,0,0,0,0,0,0,0,0,0,0,0,0,0
제주지부,2020,청소년교육,21,218,인원,0,0,0,0,0,0,0,0,0,0,0,0,0
제주지부,2020,청소년교육,22,221,개소,0,0,0,0,0,0,0,0,0,0,0,0,0
제주지부,2020,청소년교육,22,221,회차,0,0,0,0,0,0,0,0,0,0,0,0,0
제주지부,2020,청소년교육,22,221,인원,0,0,0,0,0,0,0,0,0,0,0,0,0
제주지부,2020,청소년교육,22,222,개소,0,0,0,0,0,0,0,0,0,0,0,0,0
제주지부,2020,청소년교육,22,222,회차,0,0,0,0,0,0,0,0,0,0,0,0,0
제주지부,2020,청소년교육,22,222,인원,0,0,0,0,0,0,0,0,0,0,0,0,0
제주지부,2020,청소년교육,22,223,개소,0,0,0,0,0,0,0,0,0,0,0,0,0
제주지부,2020,청소년교육,22,223,회차,0,0,0,0,0,0,0,0,0,0,0,0,0
제주지부,2020,청소년교육,22,223,인원,0,0,0,0,0,0,0,0,0,0,0,0,0
제주지부,2020,청소년교육,22,224,개소,0,0,0,0,0,0,0,0,0,0,0,0,0
제주지부,2020,청소년교육,22,224,회차,0,0,0,0,0,0,0,0,0,0,0,0,0
제주지부,2020,청소년교육,22,224,인원,0,0,0,0,0,0,0,0,0,0,0,0,0
제주지부,2020,청소년교육,22,226,개소,0,0,0,0,0,0,0,0,0,0,0,0,0
제주지부,2020,청소년교육,22,226,회차,0,0,0,0,0,0,0,0,0,0,0,0,0
제주지부,2020,청소년교육,22,226,인원,0,0,0,0,0,0,0,0,0,0,0,0,0
제주지부,2020,청소년교육,22,227,개소,0,0,0,0,0,0,0,0,0,0,0,0,0
제주지부,2020,청소년교육,22,227,회차,0,0,0,0,0,0,0,0,0,0,0,0,0
제주지부,2020,청소년교육,22,227,인원,0,0,0,0,0,0,0,0,0,0,0,0,0
제주지부,2020,청소년교육,22,228,개소,0,0,0,0,0,0,0,0,0,0,0,0,0
제주지부,2020,청소년교육,22,228,회차,0,0,0,0,0,0,0,0,0,0,0,0,0
제주지부,2020,청소년교육,22,228,인원,0,0,0,0,0,0,0,0,0,0,0,0,0
제주지부,2020,성인교육,31,312,개소,0,0,0,0,0,0,0,0,0,0,0,0,0
제주지부,2020,성인교육,31,312,회차,0,0,0,0,0,0,0,0,0,0,0,0,0
제주지부,2020,성인교육,31,312,인원,0,0,0,0,0,0,0,0,0,0,0,0,0
제주지부,2020,성인교육,31,313,개소,0,0,0,0,0,0,0,0,0,0,0,0,0
제주지부,2020,성인교육,31,313,회차,0,0,0,0,0,0,0,0,0,0,0,0,0
제주지부,2020,성인교육,31,313,인원,0,0,0,0,0,0,0,0,0,0,0,0,0
제주지부,2020,성인교육,31,314,개소,0,0,0,0,0,0,0,0,0,0,0,0,0
제주지부,2020,성인교육,31,314,회차,0,0,0,0,0,0,0,0,0,0,0,0,0
제주지부,2020,성인교육,31,314,인원,0,0,0,0,0,0,0,0,0,0,0,0,0
제주지부,2020,성인교육,31,316,개소,0,0,0,0,0,0,0,0,0,0,0,0,0
제주지부,2020,성인교육,31,316,회차,0,0,0,0,0,0,0,0,0,0,0,0,0
제주지부,2020,성인교육,31,316,인원,0,0,0,0,0,0,0,0,0,0,0,0,0
제주지부,2020,성인교육,31,317,개소,0,0,0,0,0,0,0,0,0,0,0,0,0
제주지부,2020,성인교육,31,317,회차,0,0,0,0,0,0,0,0,0,0,0,0,0
제주지부,2020,성인교육,31,317,인원,0,0,0,0,0,0,0,0,0,0,0,0,0
제주지부,2020,성인교육,31,318,개소,0,0,0,0,0,0,0,0,0,0,0,0,0
제주지부,2020,성인교육,31,318,회차,0,0,0,0,0,0,0,0,0,0,0,0,0
제주지부,2020,성인교육,31,318,인원,0,0,0,0,0,0,0,0,0,0,0,0,0
제주지부,2020,성인교육,31,319,개소,0,0,0,0,0,0,0,0,0,0,0,0,0
제주지부,2020,성인교육,31,319,회차,0,0,0,0,0,0,0,0,0,0,0,0,0
제주지부,2020,성인교육,31,319,인원,0,0,0,0,0,0,0,0,0,0,0,0,0
제주지부,2020,성인교육,32,322,개소,0,0,0,0,0,0,0,0,0,0,0,0,0
제주지부,2020,성인교육,32,322,회차,0,0,0,0,0,0,0,0,0,0,0,0,0
제주지부,2020,성인교육,32,322,인원,0,0,0,0,0,0,0,0,0,0,0,0,0
제주지부,2020,성인교육,32,323,개소,0,0,0,0,0,0,0,0,0,0,0,0,0
제주지부,2020,성인교육,32,323,회차,0,0,0,0,0,0,0,0,0,0,0,0,0
제주지부,2020,성인교육,32,323,인원,0,0,0,0,0,0,0,0,0,0,0,0,0
제주지부,2020,성인교육,32,326,개소,0,0,0,0,0,0,0,0,0,0,0,0,0
제주지부,2020,성인교육,32,326,회차,0,0,0,0,0,0,0,0,0,0,0,0,0
제주지부,2020,성인교육,32,326,인원,0,0,0,0,0,0,0,0,0,0,0,0,0
제주지부,2020,성인교육,32,328,개소,0,0,0,0,0,0,0,0,0,0,0,0,0
제주지부,2020,성인교육,32,328,회차,0,0,0,0,0,0,0,0,0,0,0,0,0
제주지부,2020,성인교육,32,328,인원,0,0,0,0,0,0,0,0,0,0,0,0,0
제주지부,2020,성인교육,32,329,개소,0,0,0,0,0,0,0,0,0,0,0,0,0
제주지부,2020,성인교육,32,329,회차,0,0,0,0,0,0,0,0,0,0,0,0,0
제주지부,2020,성인교육,32,329,인원,0,0,0,0,0,0,0,0,0,0,0,0,0
제주지부,2020,성인교육,33,332,개소,0,0,0,0,0,0,0,0,0,0,0,0,0
제주지부,2020,성인교육,33,332,회차,0,0,0,0,0,0,0,0,0,0,0,0,0
제주지부,2020,성인교육,33,332,인원,0,0,0,0,0,0,0,0,0,0,0,0,0
제주지부,2020,성인교육,33,333,개소,0,0,0,0,0,0,0,0,0,0,0,0,0
제주지부,2020,성인교육,33,333,회차,0,0,0,0,0,0,0,0,0,0,0,0,0
제주지부,2020,성인교육,33,333,인원,0,0,0,0,0,0,0,0,0,0,0,0,0
제주지부,2020,성인교육,33,336,개소,0,0,0,0,0,0,0,0,0,0,0,0,0
제주지부,2020,성인교육,33,336,회차,0,0,0,0,0,0,0,0,0,0,0,0,0
제주지부,2020,성인교육,33,336,인원,0,0,0,0,0,0,0,0,0,0,0,0,0
제주지부,2020,성인교육,33,338,개소,0,0,0,0,0,0,0,0,0,0,0,0,0
제주지부,2020,성인교육,33,338,회차,0,0,0,0,0,0,0,0,0,0,0,0,0
제주지부,2020,성인교육,33,338,인원,0,0,0,0,0,0,0,0,0,0,0,0,0
제주지부,2020,성인교육,33,339,개소,0,0,0,0,0,0,0,0,0,0,0,0,0
제주지부,2020,성인교육,33,339,회차,0,0,0,0,0,0,0,0,0,0,0,0,0
제주지부,2020,성인교육,33,339,인원,0,0,0,0,0,0,0,0,0,0,0,0,0
제주지부,2020,성인교육,34,342,개소,0,0,0,0,0,0,0,0,0,0,0,0,0
제주지부,2020,성인교육,34,342,회차,0,0,0,0,0,0,0,0,0,0,0,0,0
제주지부,2020,성인교육,34,342,인원,0,0,0,0,0,0,0,0,0,0,0,0,0
제주지부,2020,성인교육,34,343,개소,0,0,0,0,0,0,0,0,0,0,0,0,0
제주지부,2020,성인교육,34,343,회차,0,0,0,0,0,0,0,0,0,0,0,0,0
제주지부,2020,성인교육,34,343,인원,0,0,0,0,0,0,0,0,0,0,0,0,0
제주지부,2020,성인교육,34,346,개소,0,0,0,0,0,0,0,0,0,0,0,0,0
제주지부,2020,성인교육,34,346,회차,0,0,0,0,0,0,0,0,0,0,0,0,0
제주지부,2020,성인교육,34,346,인원,0,0,0,0,0,0,0,0,0,0,0,0,0
제주지부,2020,성인교육,34,348,개소,0,0,0,0,0,0,0,0,0,0,0,0,0
제주지부,2020,성인교육,34,348,회차,0,0,0,0,0,0,0,0,0,0,0,0,0
제주지부,2020,성인교육,34,348,인원,0,0,0,0,0,0,0,0,0,0,0,0,0
제주지부,2020,성인교육,34,349,개소,0,0,0,0,0,0,0,0,0,0,0,0,0
제주지부,2020,성인교육,34,349,회차,0,0,0,0,0,0,0,0,0,0,0,0,0
제주지부,2020,성인교육,34,349,인원,0,0,0,0,0,0,0,0,0,0,0,0,0
제주지부,2020,성인교육,35,352,개소,0,0,0,0,0,0,0,0,0,0,0,0,0
제주지부,2020,성인교육,35,352,회차,0,0,0,0,0,0,0,0,0,0,0,0,0
제주지부,2020,성인교육,35,352,인원,0,0,0,0,0,0,0,0,0,0,0,0,0
제주지부,2020,성인교육,35,353,개소,0,0,0,0,0,0,0,0,0,0,0,0,0
제주지부,2020,성인교육,35,353,회차,0,0,0,0,0,0,0,0,0,0,0,0,0
제주지부,2020,성인교육,35,353,인원,0,0,0,0,0,0,0,0,0,0,0,0,0
제주지부,2020,성인교육,35,356,개소,0,0,0,0,0,0,0,0,0,0,0,0,0
제주지부,2020,성인교육,35,356,회차,0,0,0,0,0,0,0,0,0,0,0,0,0
제주지부,2020,성인교육,35,356,인원,0,0,0,0,0,0,0,0,0,0,0,0,0
제주지부,2020,성인교육,35,358,개소,0,0,0,0,0,0,0,0,0,0,0,0,0
제주지부,2020,성인교육,35,358,회차,0,0,0,0,0,0,0,0,0,0,0,0,0
제주지부,2020,성인교육,35,358,인원,0,0,0,0,0,0,0,0,0,0,0,0,0
제주지부,2020,성인교육,35,359,개소,0,0,0,0,0,0,0,0,0,0,0,0,0
제주지부,2020,성인교육,35,359,회차,0,0,0,0,0,0,0,0,0,0,0,0,0
제주지부,2020,성인교육,35,359,인원,0,0,0,0,0,0,0,0,0,0,0,0,0
제주지부,2020,성인교육,36,362,개소,0,0,0,0,0,0,0,0,0,0,0,0,0
제주지부,2020,성인교육,36,362,회차,0,0,0,0,0,0,0,0,0,0,0,0,0
제주지부,2020,성인교육,36,362,인원,0,0,0,0,0,0,0,0,0,0,0,0,0
제주지부,2020,성인교육,36,363,개소,0,0,0,0,0,0,0,0,0,0,0,0,0
제주지부,2020,성인교육,36,363,회차,0,0,0,0,0,0,0,0,0,0,0,0,0
제주지부,2020,성인교육,36,363,인원,0,0,0,0,0,0,0,0,0,0,0,0,0
제주지부,2020,성인교육,36,365,개소,0,0,0,0,0,0,0,0,0,0,0,0,0
제주지부,2020,성인교육,36,365,회차,0,0,0,0,0,0,0,0,0,0,0,0,0
제주지부,2020,성인교육,36,365,인원,0,0,0,0,0,0,0,0,0,0,0,0,0
제주지부,2020,성인교육,36,366,개소,0,0,0,0,0,0,0,0,0,0,0,0,0
제주지부,2020,성인교육,36,366,회차,0,0,0,0,0,0,0,0,0,0,0,0,0
제주지부,2020,성인교육,36,366,인원,0,0,0,0,0,0,0,0,0,0,0,0,0
제주지부,2020,성인교육,36,368,개소,0,0,0,0,0,0,0,0,0,0,0,0,0
제주지부,2020,성인교육,36,368,회차,0,0,0,0,0,0,0,0,0,0,0,0,0
제주지부,2020,성인교육,36,368,인원,0,0,0,0,0,0,0,0,0,0,0,0,0
제주지부,2020,성인교육,36,369,개소,0,0,0,0,0,0,0,0,0,0,0,0,0
제주지부,2020,성인교육,36,369,회차,0,0,0,0,0,0,0,0,0,0,0,0,0
제주지부,2020,성인교육,36,369,인원,0,0,0,0,0,0,0,0,0,0,0,0,0
제주지부,2020,성인교육,37,372,개소,0,0,0,0,0,0,0,0,0,0,0,0,0
제주지부,2020,성인교육,37,372,회차,0,0,0,0,0,0,0,0,0,0,0,0,0
제주지부,2020,성인교육,37,372,인원,0,0,0,0,0,0,0,0,0,0,0,0,0
제주지부,2020,성인교육,37,373,개소,0,0,0,0,0,0,0,0,0,0,0,0,0
제주지부,2020,성인교육,37,373,회차,0,0,0,0,0,0,0,0,0,0,0,0,0
제주지부,2020,성인교육,37,373,인원,0,0,0,0,0,0,0,0,0,0,0,0,0
제주지부,2020,성인교육,37,376,개소,0,0,0,0,0,0,0,0,0,0,0,0,0
제주지부,2020,성인교육,37,376,회차,0,0,0,0,0,0,0,0,0,0,0,0,0
제주지부,2020,성인교육,37,376,인원,0,0,0,0,0,0,0,0,0,0,0,0,0
제주지부,2020,성인교육,37,378,개소,0,0,0,0,0,0,0,0,0,0,0,0,0
제주지부,2020,성인교육,37,378,회차,0,0,0,0,0,0,0,0,0,0,0,0,0
제주지부,2020,성인교육,37,378,인원,0,0,0,0,0,0,0,0,0,0,0,0,0
제주지부,2020,성인교육,37,379,개소,0,0,0,0,0,0,0,0,0,0,0,0,0
제주지부,2020,성인교육,37,379,회차,0,0,0,0,0,0,0,0,0,0,0,0,0
제주지부,2020,성인교육,37,379,인원,0,0,0,0,0,0,0,0,0,0,0,0,0
제주지부,2020,성인교육,38,381,개소,0,0,0,0,0,0,0,0,0,0,0,0,0
제주지부,2020,성인교육,38,381,회차,0,0,0,0,0,0,0,0,0,0,0,0,0
제주지부,2020,성인교육,38,381,인원,0,0,0,0,0,0,0,0,0,0,0,0,0
제주지부,2020,성인교육,38,382,개소,0,0,0,0,0,0,0,0,0,0,0,0,0
제주지부,2020,성인교육,38,382,회차,0,0,0,0,0,0,0,0,0,0,0,0,0
제주지부,2020,성인교육,38,382,인원,0,0,0,0,0,0,0,0,0,0,0,0,0
제주지부,2020,성인교육,38,386,개소,0,0,0,0,0,0,0,0,0,0,0,0,0
제주지부,2020,성인교육,38,386,회차,0,0,0,0,0,0,0,0,0,0,0,0,0
제주지부,2020,성인교육,38,386,인원,0,0,0,0,0,0,0,0,0,0,0,0,0
제주지부,2020,성인교육,38,388,개소,0,0,0,0,0,0,0,0,0,0,0,0,0
제주지부,2020,성인교육,38,388,회차,0,0,0,0,0,0,0,0,0,0,0,0,0
제주지부,2020,성인교육,38,388,인원,0,0,0,0,0,0,0,0,0,0,0,0,0
제주지부,2020,성인교육,39,392,개소,0,0,0,0,0,0,0,0,0,0,0,0,0
제주지부,2020,성인교육,39,392,회차,0,0,0,0,0,0,0,0,0,0,0,0,0
제주지부,2020,성인교육,39,392,인원,0,0,0,0,0,0,0,0,0,0,0,0,0
제주지부,2020,성인교육,39,393,개소,0,0,0,0,0,0,0,0,0,0,0,0,0
제주지부,2020,성인교육,39,393,회차,0,0,0,0,0,0,0,0,0,0,0,0,0
제주지부,2020,성인교육,39,393,인원,0,0,0,0,0,0,0,0,0,0,0,0,0
제주지부,2020,성인교육,39,396,개소,0,0,0,0,0,0,0,0,0,0,0,0,0
제주지부,2020,성인교육,39,396,회차,0,0,0,0,0,0,0,0,0,0,0,0,0
제주지부,2020,성인교육,39,396,인원,0,0,0,0,0,0,0,0,0,0,0,0,0
제주지부,2020,성인교육,39,398,개소,0,0,0,0,0,0,0,0,0,0,0,0,0
제주지부,2020,성인교육,39,398,회차,0,0,0,0,0,0,0,0,0,0,0,0,0
제주지부,2020,성인교육,39,398,인원,0,0,0,0,0,0,0,0,0,0,0,0,0
제주지부,2020,고령자교육,41,411,개소,0,0,0,0,0,0,0,0,0,0,0,0,0
제주지부,2020,고령자교육,41,411,회차,0,0,0,0,0,0,0,0,0,0,0,0,0
제주지부,2020,고령자교육,41,411,인원,0,0,0,0,0,0,0,0,0,0,0,0,0
제주지부,2020,고령자교육,41,412,개소,0,0,0,0,0,0,0,0,0,0,0,0,0
제주지부,2020,고령자교육,41,412,회차,0,0,0,0,0,0,0,0,0,0,0,0,0
제주지부,2020,고령자교육,41,412,인원,0,0,0,0,0,0,0,0,0,0,0,0,0
제주지부,2020,고령자교육,41,413,개소,0,0,0,0,0,0,0,0,0,0,0,0,0
제주지부,2020,고령자교육,41,413,회차,0,0,0,0,0,0,0,0,0,0,0,0,0
제주지부,2020,고령자교육,41,413,인원,0,0,0,0,0,0,0,0,0,0,0,0,0
제주지부,2020,고령자교육,41,417,개소,0,0,0,0,0,0,0,0,0,0,0,0,0
제주지부,2020,고령자교육,41,417,회차,0,0,0,0,0,0,0,0,0,0,0,0,0
제주지부,2020,고령자교육,41,417,인원,0,0,0,0,0,0,0,0,0,0,0,0,0
제주지부,2020,고령자교육,42,422,개소,0,0,0,0,0,0,0,0,0,0,0,0,0
제주지부,2020,고령자교육,42,422,회차,0,0,0,0,0,0,0,0,0,0,0,0,0
제주지부,2020,고령자교육,42,422,인원,0,0,0,0,0,0,0,0,0,0,0,0,0
제주지부,2020,고령자교육,42,423,개소,0,0,0,0,0,0,0,0,0,0,0,0,0
제주지부,2020,고령자교육,42,423,회차,0,0,0,0,0,0,0,0,0,0,0,0,0
제주지부,2020,고령자교육,42,423,인원,0,0,0,0,0,0,0,0,0,0,0,0,0
제주지부,2020,고령자교육,42,426,개소,0,0,0,0,0,0,0,0,0,0,0,0,0
제주지부,2020,고령자교육,42,426,회차,0,0,0,0,0,0,0,0,0,0,0,0,0
제주지부,2020,고령자교육,42,426,인원,0,0,0,0,0,0,0,0,0,0,0,0,0
제주지부,2020,교사교육,51,511,개소,0,0,0,0,0,0,0,0,0,0,0,0,0
제주지부,2020,교사교육,51,511,회차,0,0,0,0,0,0,0,0,0,0,0,0,0
제주지부,2020,교사교육,51,511,인원,0,0,0,0,0,0,0,0,0,0,0,0,0
제주지부,2020,교사교육,51,512,개소,0,0,0,0,0,0,0,0,0,0,0,0,0
제주지부,2020,교사교육,51,512,회차,0,0,0,0,0,0,0,0,0,0,0,0,0
제주지부,2020,교사교육,51,512,인원,0,0,0,0,0,0,0,0,0,0,0,0,0
제주지부,2020,교사교육,51,516,개소,0,0,0,0,0,0,0,0,0,0,0,0,0
제주지부,2020,교사교육,51,516,회차,0,0,0,0,0,0,0,0,0,0,0,0,0
제주지부,2020,교사교육,51,516,인원,0,0,0,0,0,0,0,0,0,0,0,0,0
제주지부,2020,교사교육,52,521,개소,0,0,0,0,0,0,0,0,0,0,0,0,0
제주지부,2020,교사교육,52,521,회차,0,0,0,0,0,0,0,0,0,0,0,0,0
제주지부,2020,교사교육,52,521,인원,0,0,0,0,0,0,0,0,0,0,0,0,0
제주지부,2020,교사교육,52,522,개소,0,0,0,0,0,0,0,0,0,0,0,0,0
제주지부,2020,교사교육,52,522,회차,0,0,0,0,0,0,0,0,0,0,0,0,0
제주지부,2020,교사교육,52,522,인원,0,0,0,0,0,0,0,0,0,0,0,0,0
제주지부,2020,교사교육,52,526,개소,0,0,0,0,0,0,0,0,0,0,0,0,0
제주지부,2020,교사교육,52,526,회차,0,0,0,0,0,0,0,0,0,0,0,0,0
제주지부,2020,교사교육,52,526,인원,0,0,0,0,0,0,0,0,0,0,0,0,0
제주지부,2020,교사교육,53,531,개소,0,0,0,0,0,0,0,0,0,0,0,0,0
제주지부,2020,교사교육,53,531,회차,0,0,0,0,0,0,0,0,0,0,0,0,0
제주지부,2020,교사교육,53,531,인원,0,0,0,0,0,0,0,0,0,0,0,0,0
제주지부,2020,교사교육,53,532,개소,0,0,0,0,0,0,0,0,0,0,0,0,0
제주지부,2020,교사교육,53,532,회차,0,0,0,0,0,0,0,0,0,0,0,0,0
제주지부,2020,교사교육,53,532,인원,0,0,0,0,0,0,0,0,0,0,0,0,0
제주지부,2020,교사교육,53,536,개소,0,0,0,0,0,0,0,0,0,0,0,0,0
제주지부,2020,교사교육,53,536,회차,0,0,0,0,0,0,0,0,0,0,0,0,0
제주지부,2020,교사교육,53,536,인원,0,0,0,0,0,0,0,0,0,0,0,0,0
제주지부,2020,교사교육,54,541,개소,0,0,0,0,0,0,0,0,0,0,0,0,0
제주지부,2020,교사교육,54,541,회차,0,0,0,0,0,0,0,0,0,0,0,0,0
제주지부,2020,교사교육,54,541,인원,0,0,0,0,0,0,0,0,0,0,0,0,0
제주지부,2020,교사교육,54,542,개소,0,0,0,0,0,0,0,0,0,0,0,0,0
제주지부,2020,교사교육,54,542,회차,0,0,0,0,0,0,0,0,0,0,0,0,0
제주지부,2020,교사교육,54,542,인원,0,0,0,0,0,0,0,0,0,0,0,0,0
제주지부,2020,교사교육,54,543,개소,0,0,0,0,0,0,0,0,0,0,0,0,0
제주지부,2020,교사교육,54,543,회차,0,0,0,0,0,0,0,0,0,0,0,0,0
제주지부,2020,교사교육,54,543,인원,0,0,0,0,0,0,0,0,0,0,0,0,0
제주지부,2020,교사교육,54,546,개소,0,0,0,0,0,0,0,0,0,0,0,0,0
제주지부,2020,교사교육,54,546,회차,0,0,0,0,0,0,0,0,0,0,0,0,0
제주지부,2020,교사교육,54,546,인원,0,0,0,0,0,0,0,0,0,0,0,0,0
제주지부,2021,성인교육,31,312,개소,0,0,0,0,0,0,0,0,0,0,0,0,0
제주지부,2021,성인교육,31,312,회차,0,0,0,0,0,0,0,0,0,0,0,0,0
제주지부,2021,성인교육,31,312,인원,0,0,0,0,0,0,0,0,0,0,0,0,0
제주지부,2021,성인교육,31,313,개소,0,0,0,0,0,0,0,0,0,0,0,0,0
제주지부,2021,성인교육,31,313,회차,0,0,0,0,0,0,0,0,0,0,0,0,0
제주지부,2021,성인교육,31,313,인원,0,0,0,0,0,0,0,0,0,0,0,0,0
제주지부,2021,성인교육,31,314,개소,0,0,0,0,0,0,0,0,0,0,0,0,0
제주지부,2021,성인교육,31,314,회차,0,0,0,0,0,0,0,0,0,0,0,0,0
제주지부,2021,성인교육,31,314,인원,0,0,0,0,0,0,0,0,0,0,0,0,0
제주지부,2021,성인교육,31,316,개소,0,0,0,0,0,0,0,0,0,0,0,0,0
제주지부,2021,성인교육,31,316,회차,0,0,0,0,0,0,0,0,0,0,0,0,0
제주지부,2021,성인교육,31,316,인원,0,0,0,0,0,0,0,0,0,0,0,0,0
제주지부,2021,성인교육,31,317,개소,0,0,0,0,0,0,0,0,0,0,0,0,0
제주지부,2021,성인교육,31,317,회차,0,0,0,0,0,0,0,0,0,0,0,0,0
제주지부,2021,성인교육,31,317,인원,0,0,0,0,0,0,0,0,0,0,0,0,0
제주지부,2021,성인교육,31,318,개소,0,0,0,0,0,0,0,0,0,0,0,0,0
제주지부,2021,성인교육,31,318,회차,0,0,0,0,0,0,0,0,0,0,0,0,0
제주지부,2021,성인교육,31,318,인원,0,0,0,0,0,0,0,0,0,0,0,0,0
제주지부,2021,성인교육,31,319,개소,0,0,0,0,0,0,0,0,0,0,0,0,0
제주지부,2021,성인교육,31,319,회차,0,0,0,0,0,0,0,0,0,0,0,0,0
제주지부,2021,성인교육,31,319,인원,0,0,0,0,0,0,0,0,0,0,0,0,0
제주지부,2021,성인교육,32,322,개소,0,0,0,0,0,0,0,0,0,0,0,0,0
제주지부,2021,성인교육,32,322,회차,0,0,0,0,0,0,0,0,0,0,0,0,0
제주지부,2021,성인교육,32,322,인원,0,0,0,0,0,0,0,0,0,0,0,0,0
제주지부,2021,성인교육,32,323,개소,0,0,0,0,0,0,0,0,0,0,0,0,0
제주지부,2021,성인교육,32,323,회차,0,0,0,0,0,0,0,0,0,0,0,0,0
제주지부,2021,성인교육,32,323,인원,0,0,0,0,0,0,0,0,0,0,0,0,0
제주지부,2021,성인교육,32,326,개소,0,0,0,0,0,0,0,0,0,0,0,0,0
제주지부,2021,성인교육,32,326,회차,0,0,0,0,0,0,0,0,0,0,0,0,0
제주지부,2021,성인교육,32,326,인원,0,0,0,0,0,0,0,0,0,0,0,0,0
제주지부,2021,성인교육,32,328,개소,0,0,0,0,0,0,0,0,0,0,0,0,0
제주지부,2021,성인교육,32,328,회차,0,0,0,0,0,0,0,0,0,0,0,0,0
제주지부,2021,성인교육,32,328,인원,0,0,0,0,0,0,0,0,0,0,0,0,0
제주지부,2021,성인교육,32,329,개소,0,0,0,0,0,0,0,0,0,0,0,0,0
제주지부,2021,성인교육,32,329,회차,0,0,0,0,0,0,0,0,0,0,0,0,0
제주지부,2021,성인교육,32,329,인원,0,0,0,0,0,0,0,0,0,0,0,0,0
제주지부,2021,성인교육,33,332,개소,0,0,0,0,0,0,0,0,0,0,0,0,0
제주지부,2021,성인교육,33,332,회차,0,0,0,0,0,0,0,0,0,0,0,0,0
제주지부,2021,성인교육,33,332,인원,0,0,0,0,0,0,0,0,0,0,0,0,0
제주지부,2021,성인교육,33,333,개소,0,0,0,0,0,0,0,0,0,0,0,0,0
제주지부,2021,성인교육,33,333,회차,0,0,0,0,0,0,0,0,0,0,0,0,0
제주지부,2021,성인교육,33,333,인원,0,0,0,0,0,0,0,0,0,0,0,0,0
제주지부,2021,성인교육,33,336,개소,0,0,0,0,0,0,0,0,0,0,0,0,0
제주지부,2021,성인교육,33,336,회차,0,0,0,0,0,0,0,0,0,0,0,0,0
제주지부,2021,성인교육,33,336,인원,0,0,0,0,0,0,0,0,0,0,0,0,0
제주지부,2021,성인교육,33,338,개소,0,0,0,0,0,0,0,0,0,0,0,0,0
제주지부,2021,성인교육,33,338,회차,0,0,0,0,0,0,0,0,0,0,0,0,0
제주지부,2021,성인교육,33,338,인원,0,0,0,0,0,0,0,0,0,0,0,0,0
제주지부,2021,성인교육,33,339,개소,0,0,0,0,0,0,0,0,0,0,0,0,0
제주지부,2021,성인교육,33,339,회차,0,0,0,0,0,0,0,0,0,0,0,0,0
제주지부,2021,성인교육,33,339,인원,0,0,0,0,0,0,0,0,0,0,0,0,0
제주지부,2021,성인교육,34,342,개소,0,0,0,0,0,0,0,0,0,0,0,0,0
제주지부,2021,성인교육,34,342,회차,0,0,0,0,0,0,0,0,0,0,0,0,0
제주지부,2021,성인교육,34,342,인원,0,0,0,0,0,0,0,0,0,0,0,0,0
제주지부,2021,성인교육,34,343,개소,0,0,0,0,0,0,0,0,0,0,0,0,0
제주지부,2021,성인교육,34,343,회차,0,0,0,0,0,0,0,0,0,0,0,0,0
제주지부,2021,성인교육,34,343,인원,0,0,0,0,0,0,0,0,0,0,0,0,0
제주지부,2021,성인교육,34,346,개소,0,0,0,0,0,0,0,0,0,0,0,0,0
제주지부,2021,성인교육,34,346,회차,0,0,0,0,0,0,0,0,0,0,0,0,0
제주지부,2021,성인교육,34,346,인원,0,0,0,0,0,0,0,0,0,0,0,0,0
제주지부,2021,성인교육,34,348,개소,0,0,0,0,0,0,0,0,0,0,0,0,0
제주지부,2021,성인교육,34,348,회차,0,0,0,0,0,0,0,0,0,0,0,0,0
제주지부,2021,성인교육,34,348,인원,0,0,0,0,0,0,0,0,0,0,0,0,0
제주지부,2021,성인교육,34,349,개소,0,0,0,0,0,0,0,0,0,0,0,0,0
제주지부,2021,성인교육,34,349,회차,0,0,0,0,0,0,0,0,0,0,0,0,0
제주지부,2021,성인교육,34,349,인원,0,0,0,0,0,0,0,0,0,0,0,0,0
제주지부,2021,성인교육,35,352,개소,0,0,0,0,0,0,0,0,0,0,0,0,0
제주지부,2021,성인교육,35,352,회차,0,0,0,0,0,0,0,0,0,0,0,0,0
제주지부,2021,성인교육,35,352,인원,0,0,0,0,0,0,0,0,0,0,0,0,0
제주지부,2021,성인교육,35,353,개소,0,0,0,0,0,0,0,0,0,0,0,0,0
제주지부,2021,성인교육,35,353,회차,0,0,0,0,0,0,0,0,0,0,0,0,0
제주지부,2021,성인교육,35,353,인원,0,0,0,0,0,0,0,0,0,0,0,0,0
제주지부,2021,성인교육,35,356,개소,0,0,0,0,0,0,0,0,0,0,0,0,0
제주지부,2021,성인교육,35,356,회차,0,0,0,0,0,0,0,0,0,0,0,0,0
제주지부,2021,성인교육,35,356,인원,0,0,0,0,0,0,0,0,0,0,0,0,0
제주지부,2021,성인교육,35,358,개소,0,0,0,0,0,0,0,0,0,0,0,0,0
제주지부,2021,성인교육,35,358,회차,0,0,0,0,0,0,0,0,0,0,0,0,0
제주지부,2021,성인교육,35,358,인원,0,0,0,0,0,0,0,0,0,0,0,0,0
제주지부,2021,성인교육,35,359,개소,0,0,0,0,0,0,0,0,0,0,0,0,0
제주지부,2021,성인교육,35,359,회차,0,0,0,0,0,0,0,0,0,0,0,0,0
제주지부,2021,성인교육,35,359,인원,0,0,0,0,0,0,0,0,0,0,0,0,0
제주지부,2021,성인교육,36,362,개소,0,0,0,0,0,0,0,0,0,0,0,0,0
제주지부,2021,성인교육,36,362,회차,0,0,0,0,0,0,0,0,0,0,0,0,0
제주지부,2021,성인교육,36,362,인원,0,0,0,0,0,0,0,0,0,0,0,0,0
제주지부,2021,성인교육,36,363,개소,0,0,0,0,0,0,0,0,0,0,0,0,0
제주지부,2021,성인교육,36,363,회차,0,0,0,0,0,0,0,0,0,0,0,0,0
제주지부,2021,성인교육,36,363,인원,0,0,0,0,0,0,0,0,0,0,0,0,0
제주지부,2021,성인교육,36,365,개소,0,0,0,0,0,0,0,0,0,0,0,0,0
제주지부,2021,성인교육,36,365,회차,0,0,0,0,0,0,0,0,0,0,0,0,0
제주지부,2021,성인교육,36,365,인원,0,0,0,0,0,0,0,0,0,0,0,0,0
제주지부,2021,성인교육,36,366,개소,0,0,0,0,0,0,0,0,0,0,0,0,0
제주지부,2021,성인교육,36,366,회차,0,0,0,0,0,0,0,0,0,0,0,0,0
제주지부,2021,성인교육,36,366,인원,0,0,0,0,0,0,0,0,0,0,0,0,0
제주지부,2021,성인교육,36,368,개소,0,0,0,0,0,0,0,0,0,0,0,0,0
제주지부,2021,성인교육,36,368,회차,0,0,0,0,0,0,0,0,0,0,0,0,0
제주지부,2021,성인교육,36,368,인원,0,0,0,0,0,0,0,0,0,0,0,0,0
제주지부,2021,성인교육,36,369,개소,0,0,0,0,0,0,0,0,0,0,0,0,0
제주지부,2021,성인교육,36,369,회차,0,0,0,0,0,0,0,0,0,0,0,0,0
제주지부,2021,성인교육,36,369,인원,0,0,0,0,0,0,0,0,0,0,0,0,0
제주지부,2021,성인교육,37,372,개소,0,0,0,0,0,0,0,0,0,0,0,0,0
제주지부,2021,성인교육,37,372,회차,0,0,0,0,0,0,0,0,0,0,0,0,0
제주지부,2021,성인교육,37,372,인원,0,0,0,0,0,0,0,0,0,0,0,0,0
제주지부,2021,성인교육,37,373,개소,0,0,0,0,0,0,0,0,0,0,0,0,0
제주지부,2021,성인교육,37,373,회차,0,0,0,0,0,0,0,0,0,0,0,0,0
제주지부,2021,성인교육,37,373,인원,0,0,0,0,0,0,0,0,0,0,0,0,0
제주지부,2021,성인교육,37,376,개소,0,0,0,0,0,0,0,0,0,0,0,0,0
제주지부,2021,성인교육,37,376,회차,0,0,0,0,0,0,0,0,0,0,0,0,0
제주지부,2021,성인교육,37,376,인원,0,0,0,0,0,0,0,0,0,0,0,0,0
제주지부,2021,성인교육,37,378,개소,0,0,0,0,0,0,0,0,0,0,0,0,0
제주지부,2021,성인교육,37,378,회차,0,0,0,0,0,0,0,0,0,0,0,0,0
제주지부,2021,성인교육,37,378,인원,0,0,0,0,0,0,0,0,0,0,0,0,0
제주지부,2021,성인교육,37,379,개소,0,0,0,0,0,0,0,0,0,0,0,0,0
제주지부,2021,성인교육,37,379,회차,0,0,0,0,0,0,0,0,0,0,0,0,0
제주지부,2021,성인교육,37,379,인원,0,0,0,0,0,0,0,0,0,0,0,0,0
제주지부,2021,성인교육,38,381,개소,0,0,0,0,0,0,0,0,0,0,0,0,0
제주지부,2021,성인교육,38,381,회차,0,0,0,0,0,0,0,0,0,0,0,0,0
제주지부,2021,성인교육,38,381,인원,0,0,0,0,0,0,0,0,0,0,0,0,0
제주지부,2021,성인교육,38,382,개소,0,0,0,0,0,0,0,0,0,0,0,0,0
제주지부,2021,성인교육,38,382,회차,0,0,0,0,0,0,0,0,0,0,0,0,0
제주지부,2021,성인교육,38,382,인원,0,0,0,0,0,0,0,0,0,0,0,0,0
제주지부,2021,성인교육,38,386,개소,0,0,0,0,0,0,0,0,0,0,0,0,0
제주지부,2021,성인교육,38,386,회차,0,0,0,0,0,0,0,0,0,0,0,0,0
제주지부,2021,성인교육,38,386,인원,0,0,0,0,0,0,0,0,0,0,0,0,0
제주지부,2021,성인교육,38,388,개소,0,0,0,0,0,0,0,0,0,0,0,0,0
제주지부,2021,성인교육,38,388,회차,0,0,0,0,0,0,0,0,0,0,0,0,0
제주지부,2021,성인교육,38,388,인원,0,0,0,0,0,0,0,0,0,0,0,0,0
제주지부,2021,성인교육,39,392,개소,0,0,0,0,0,0,0,0,0,0,0,0,0
제주지부,2021,성인교육,39,392,회차,0,0,0,0,0,0,0,0,0,0,0,0,0
제주지부,2021,성인교육,39,392,인원,0,0,0,0,0,0,0,0,0,0,0,0,0
제주지부,2021,성인교육,39,393,개소,0,0,0,0,0,0,0,0,0,0,0,0,0
제주지부,2021,성인교육,39,393,회차,0,0,0,0,0,0,0,0,0,0,0,0,0
제주지부,2021,성인교육,39,393,인원,0,0,0,0,0,0,0,0,0,0,0,0,0
제주지부,2021,성인교육,39,396,개소,0,0,0,0,0,0,0,0,0,0,0,0,0
제주지부,2021,성인교육,39,396,회차,0,0,0,0,0,0,0,0,0,0,0,0,0
제주지부,2021,성인교육,39,396,인원,0,0,0,0,0,0,0,0,0,0,0,0,0
제주지부,2021,성인교육,39,398,개소,0,0,0,0,0,0,0,0,0,0,0,0,0
제주지부,2021,성인교육,39,398,회차,0,0,0,0,0,0,0,0,0,0,0,0,0
제주지부,2021,성인교육,39,398,인원,0,0,0,0,0,0,0,0,0,0,0,0,0
