아이디,지점명,관할명,경도,위도,사용여부
L933092,가거도,KBS 재난포털,125.12927,34.05293,Y
L933065,가평 가평2교(북한강),KBS 재난포털,127.52289,37.83101,Y
L933061,강릉 강릉방송총국,KBS 재난포털,128.89116,37.752075,Y
L933102,공주 금강교 (금강),KBS 재난포털,127.12639,36.47092,Y
L933101,공주시(금강교),KBS 재난포털,127.1275,36.47,Y
L933066,구리 왕숙천,KBS 재난포털,127.15023,37.59938,Y
L933096,군산 비응항,KBS 재난포털,126.52654,35.93531,Y
L933090,나주 나주대교(영산강),KBS 재난포털,126.73217,35.03719,Y
L933097,남원 뱀사골(지리산),KBS 재난포털,127.57957,35.37289,Y
L933104,단양 도담삼봉,KBS 재난포털,128.34193,37.00052,Y
L933072,대구 동구 신천,KBS 재난포털,128.60973,35.87561,Y
L933073,대전 유성구 갑천,KBS 재난포털,127.37385,36.37241,Y
L933074,독도,KBS 재난포털,131.8686,37.23936,Y
L933100,마라도,KBS 재난포털,126.26838,33.113922,Y
L933091,목포 북항,KBS 재난포털,126.3652,34.8042,Y
L933068,밀양 삼랑진(낙동강),KBS 재난포털,128.8252,35.38455,Y
L933075,부산 동래구 세병교(온천천),KBS 재난포털,129.0825,35.19768,Y
L933076,부산 수영만,KBS 재난포털,129.13121,35.15376,Y
L933077,서울 강남구 강남대로,KBS 재난포털,127.0262,37.50135,Y
L933078,서울 강남구 대치역사거리,KBS 재난포털,127.06284,37.49451,Y
L933079,서울 노원구 중랑천,KBS 재난포털,127.0627,37.63238,Y
L933080,서울 마포구 성산교,KBS 재난포털,126.899925,37.56269,Y
L933081,서울 반포한강시민공원,KBS 재난포털,126.997116,37.51172,Y
L933082,서울 서초구 서초대로,KBS 재난포털,127.024345,37.49714,Y
L933083,서울 서초구 양재천,KBS 재난포털,127.03796,37.47327,Y
L933086,서울광장,KBS 재난포털,126.978,37.56557,Y
L933063,속초 등대전망대,KBS 재난포털,128.6001,38.21339,Y
L933093,여수 거문도,KBS 재난포털,127.30738,34.02316,Y
L933094,여수 오동도,KBS 재난포털,127.7557,34.74098,Y
L933084,여의도,KBS 재난포털,126.91993,37.52219,Y
L933088,연평도,KBS 재난포털,125.6945,37.662,Y
L933095,완도 완도항,KBS 재난포털,126.748856,34.32091,Y
L933070,울릉 저동항,KBS 재난포털,130.91219,37.49132,Y
L933087,울산 총국,KBS 재난포털,129.32654,35.544197,Y
L933089,인천 연안부두,KBS 재난포털,126.59862,37.45414,Y
L933098,전주 KBS전주방송총국,KBS 재난포털,127.10504,35.822895,Y
L933099,제주 제주방송총국,KBS 재난포털,126.5195,33.48906,Y
L933069,창원 마산연안여객선터미널,KBS 재난포털,128.576,35.19785,Y
L933105,청주 무심천,KBS 재난포털,127.48227,36.63583,Y
L933103,태안 신진항,KBS 재난포털,126.13653,36.67788,Y
L933067,파주 감악산,KBS 재난포털,126.9702,37.941704,Y
L933064,평창 대관령,KBS 재난포털,128.75528,37.69804,Y
L933071,포항 두호동,KBS 재난포털,129.38959,36.06269,Y
L933085,한강,KBS 재난포털,127.00512,37.52775,Y
L904037,1호회전교차로,강릉시교통정보센터,128.9235083,37.7870639,Y
L904008,강릉경찰서사거리,강릉시교통정보센터,128.9079917,37.7687667,Y
L904039,강릉교사거리,강릉시교통정보센터,128.9038611,37.7532861,Y
L904028,강릉역육거리회전교차로,강릉시교통정보센터,128.9009139,37.763325,Y
L904029,강릉육교,강릉시교통정보센터,128.8786222,37.7523667,Y
L904030,강릉통일공원,강릉시교통정보센터,128.9968222,37.7243778,Y
L904014,강일여고삼거리,강릉시교통정보센터,128.8854083,37.7625028,Y
L904019,객사문사거리,강릉시교통정보센터,128.892775,37.7526806,Y
L904010,경포사거리,강릉시교통정보센터,128.8855611,37.7780333,Y
L904024,경포해변입구삼거리,강릉시교통정보센터,128.9059278,37.8047028,Y
L904041,관동대사거리,강릉시교통정보센터,128.8806944,37.7392722,Y
L904021,교동2공원삼거리,강릉시교통정보센터,128.9007083,37.7709389,Y
L904020,교동광장로회전교차로,강릉시교통정보센터,128.8649,37.7635361,Y
L904035,남문사거리,강릉시교통정보센터,128.887550613481,37.7482394531372,Y
L904045,내곡육교교차로,강릉시교통정보센터,128.8912917,37.7407083,Y
L904023,녹색도시체험센터입구삼거리,강릉시교통정보센터,128.9071444,37.786925,Y
L904032,백학노인회관,강릉시교통정보센터,128.9333833,37.7604139,Y
L904017,부영5차사거리,강릉시교통정보센터,128.8816472,37.7640944,Y
L904031,사천진항입구사거리,강릉시교통정보센터,128.8720111,37.8350944,Y
L904026,샌드파인GC서편,강릉시교통정보센터,128.8728583,37.8024,Y
L904012,솔올교차로,강릉시교통정보센터,128.8734333,37.7653583,Y
L904009,송정주공아파트삼거리,강릉시교통정보센터,128.9179389,37.7695028,Y
L904018,안목사거리,강릉시교통정보센터,128.9434444,37.7735694,Y
L904006,옥천오거리,강릉시교통정보센터,128.8986889,37.7566583,Y
L904022,올림픽파크회전교차로,강릉시교통정보센터,128.8948583,37.7813222,Y
L904036,용지기념각사거리,강릉시교통정보센터,128.9039972,37.7603278,Y
L904033,운정삼거리,강릉시교통정보센터,128.8934944,37.7868167,Y
L904048,원예농협하나로마트사거리,강릉시교통정보센터,128.8960333,37.7423972,Y
L904049,월드컵교사거리,강릉시교통정보센터,128.9089611,37.7569639,Y
L904004,유산교,강릉시교통정보센터,128.91345,37.7341139,Y
L904016,율곡교차로,강릉시교통정보센터,128.8914472,37.7705,Y
L904015,이명사거리,강릉시교통정보센터,128.8913861,37.7650889,Y
L904007,임당사거리,강릉시교통정보센터,128.8961111,37.7590861,Y
L904002,입암현대아파트삼거리,강릉시교통정보센터,128.9131667,37.7522333,Y
L904005,장안교차로,강릉시교통정보센터,128.8626417,37.7460944,Y
L904027,정동진역,강릉시교통정보센터,129.0310889,37.6922944,Y
L904051,주문진터미널오거리,강릉시교통정보센터,128.8249694,37.8837583,Y
L904052,죽헌교북단,강릉시교통정보센터,128.850975,37.7791972,Y
L904011,죽헌교차로,강릉시교통정보센터,128.87485,37.7839389,Y
L904025,즈므고가교,강릉시교통정보센터,128.8611944,37.7984028,Y
L904003,청량교차로,강릉시교통정보센터,128.9202167,37.7409083,Y
L904053,청량회전교차로,강릉시교통정보센터,128.9104,37.7471833,Y
L904001,포남교사거리,강릉시교통정보센터,128.9137972,37.7642028,Y
L904056,포남오거리,강릉시교통정보센터,128.9101667,37.7712889,Y
L904034,홍제회전교차로,강릉시교통정보센터,128.8773639,37.7471028,Y
L280068,6번교차로01,거제교통정보센터,128.6218785,34.8915019,Y
L280069,6번교차로02,거제교통정보센터,128.6213611,34.891383,Y
L280070,6번교차로03,거제교통정보센터,128.6217582,34.8912017,Y
L280071,6번교차로04,거제교통정보센터,128.6215459,34.8916603,Y
L280056,가덕영업소,거제교통정보센터,128.8173442,35.0256198,Y
L280051,거가1교,거제교통정보센터,128.7319259,35.0177349,Y
L280050,거가1교(저도방향),거제교통정보센터,128.7319259,35.0177349,Y
L280052,거가2교,거제교통정보센터,128.758293,35.0146692,Y
L280001,거제면 귀목정,거제교통정보센터,128.5819564,34.86278339,Y
L280002,거제면 서정사거리,거제교통정보센터,128.5850852,34.8552036,Y
L280049,거제영업소,거제교통정보센터,128.7063061,35.013611,Y
L280003,고현동 고현버스터미널사거리,거제교통정보센터,128.6241776,34.8919761,Y
L280004,고현동 고현사거리,거제교통정보센터,128.6239052,34.88719857,Y
L280005,고현동 공설운동장교차로,거제교통정보센터,128.6205228,34.88311517,Y
L280006,고현동 보건소밑,거제교통정보센터,128.6361869,34.89212535,Y
L280007,남부면 도장포마을교차로,거제교통정보센터,128.6607614,34.7402533,Y
L280008,남부면 저구삼거리,거제교통정보센터,128.6136415,34.7300588,Y
L280009,남부면 함목삼거리,거제교통정보센터,128.6507193,34.7416547,Y
L280010,덕포동 덕포교차로,거제교통정보센터,128.7072378,34.9146874,Y
L280011,덕포동 하덕마을교차로,거제교통정보센터,128.7040128,34.91079013,Y
L280012,동부면 연담삼거리,거제교통정보센터,128.6296646,34.8102623,Y
L280013,동부면 학동삼거리,거제교통정보센터,128.6409485,34.7746521,Y
L280014,동부면 학동삼거리1,거제교통정보센터,128.640994,34.774894,Y
L280015,동부면 학동삼거리2,거제교통정보센터,128.641214,34.77509,Y
L280016,문동동 상동교차로,거제교통정보센터,128.6405141,34.8660624,Y
L280017,사등면 구거제대교,거제교통정보센터,128.476879,34.88339791,Y
L280018,사등면 두동마을,거제교통정보센터,128.5761112,34.89227763,Y
L280019,사등면 두동터널후방,거제교통정보센터,128.5783699,34.87772852,Y
L280020,사등면 사곡램프,거제교통정보센터,128.5704947,34.8979657,Y
L280021,사등면 신거제대교입구,거제교통정보센터,128.4844096,34.8868764,Y
L280022,삼거동 삼거마을,거제교통정보센터,128.650406,34.836064,Y
L280100,상동교차로01,거제교통정보센터,128.6402506,34.8660305,Y
L280101,상동교차로02,거제교통정보센터,128.6411408,34.8656271,Y
L280102,상동교차로03,거제교통정보센터,128.6408502,34.8656829,Y
L280103,상동교차로04,거제교통정보센터,128.6406155,34.8659642,Y
L280023,상동동 독봉산웰빙공원,거제교통정보센터,128.6327801,34.8778483,Y
L280024,상동동 상동사거리,거제교통정보센터,128.6317309,34.8741741,Y
L280096,상동사거리01,거제교통정보센터,128.6317261,34.8742865,Y
L280097,상동사거리02,거제교통정보센터,128.6320759,34.8743266,Y
L280098,상동사거리03,거제교통정보센터,128.6317037,34.874459,Y
L280099,상동사거리04,거제교통정보센터,128.6320775,34.8741168,Y
L280025,수월동 수월삼거리,거제교통정보센터,128.6422001,34.8962048,Y
L280080,수월사거리(9번교차로)01,거제교통정보센터,128.6420211,34.8965552,Y
L280081,수월사거리(9번교차로)02,거제교통정보센터,128.6422899,34.8962592,Y
L280082,수월사거리(9번교차로)03,거제교통정보센터,128.6422849,34.896583,Y
L280083,수월사거리(9번교차로)04,거제교통정보센터,128.6421293,34.8962425,Y
L280061,신촌삼거리01,거제교통정보센터,128.6140752,34.8886591,Y
L280062,신촌삼거리02,거제교통정보센터,128.6141203,34.8887528,Y
L280063,신촌삼거리03,거제교통정보센터,128.6142573,34.8887321,Y
L280104,신현중교차로(4번교차로)01,거제교통정보센터,128.6163617,34.8898927,Y
L280105,신현중교차로(4번교차로)02,거제교통정보센터,128.6168086,34.8901379,Y
L280106,신현중교차로(4번교차로)03,거제교통정보센터,128.6163983,34.8902247,Y
L280107,신현중교차로(4번교차로)04,거제교통정보센터,128.6167995,34.8898904,Y
L280026,아주동 아주대동다숲,거제교통정보센터,128.6853564,34.86783996,Y
L280027,아주동 아주운동장앞사거리,거제교통정보센터,128.6904029,34.8648929,Y
L280028,아주동 아주터널사거리,거제교통정보센터,128.6893953,34.8695344,Y
L280092,아주터널사거리01,거제교통정보센터,128.689584,34.869632,Y
L280093,아주터널사거리02,거제교통정보센터,128.689296,34.868966,Y
L280094,아주터널사거리03,거제교통정보센터,128.689237,34.869476,Y
L280095,아주터널사거리04,거제교통정보센터,128.689833,34.86894,Y
L280084,연사삼거리01,거제교통정보센터,128.6457407,34.9091486,Y
L280085,연사삼거리02,거제교통정보센터,128.6456406,34.9089142,Y
L280086,연사삼거리03,거제교통정보센터,128.6457875,34.9090065,Y
L280029,연초면 송정IC,거제교통정보센터,128.6794582,34.9125789,Y
L280030,연초면 야부삼거리,거제교통정보센터,128.666056,34.911636,Y
L280031,연초면 양지휴게소후방,거제교통정보센터,128.6813392,34.90120639,Y
L280032,연초면 연사삼거리,거제교통정보센터,128.6459173,34.90567356,Y
L280034,연초면 연초치안센터,거제교통정보센터,128.6532241,34.9120913,Y
L280033,연초면 죽토교,거제교통정보센터,128.6569197,34.91168739,Y
L280090,연초삼거리01,거제교통정보센터,128.653392,34.9119982,Y
L280091,연초삼거리02,거제교통정보센터,128.6527194,34.9118565,Y
L280036,옥포동 옥포삼거리,거제교통정보센터,128.6878577,34.8930792,Y
L280087,옥포삼거리01,거제교통정보센터,128.687482,34.893304,Y
L280088,옥포삼거리02,거제교통정보센터,128.687841,34.892941,Y
L280089,옥포삼거리03,거제교통정보센터,128.687558,34.893096,Y
L280037,일운면 구조라해수욕장,거제교통정보센터,128.691046,34.809313,Y
L280038,일운면 망치삼거리,거제교통정보센터,128.6786684,34.8147073,Y
L280039,일운면 신촌사거리,거제교통정보센터,128.6993404,34.8352579,Y
L280040,일운면 와현해수욕장,거제교통정보센터,128.709425,34.8263,Y
L280041,장목면 관포교차로,거제교통정보센터,128.689365,34.9910847,Y
L280042,장목면 대금교차로,거제교통정보센터,128.6984487,34.9684732,Y
L280043,장목면 외포교차로,거제교통정보센터,128.7102305,34.9399581,Y
L280044,장승포동 두모로터리,거제교통정보센터,128.7222678,34.8703941,Y
L280035,장승포동 옥림아파트사거리,거제교통정보센터,128.7199567,34.855396,Y
L280045,장승포동 장승포소방서앞,거제교통정보센터,128.7297334,34.8711827,Y
L280057,장평교차로01,거제교통정보센터,128.6090561,34.8888116,Y
L280058,장평교차로02,거제교통정보센터,128.6089301,34.888742,Y
L280059,장평교차로03,거제교통정보센터,128.6091999,34.888751,Y
L280060,장평교차로04,거제교통정보센터,128.6090628,34.8887004,Y
L280046,장평동 새거제관광휴게소전방,거제교통정보센터,128.5936949,34.8912037,Y
L280047,장평동 신촌삼거리,거제교통정보센터,128.6142103,34.8885017,Y
L280048,장평동 장평오거리,거제교통정보센터,128.6089338,34.8932442,Y
L280076,중곡육교차로(8번교차로)01,거제교통정보센터,128.6305849,34.8929352,Y
L280077,중곡육교차로(8번교차로)02,거제교통정보센터,128.6303945,34.8927648,Y
L280078,중곡육교차로(8번교차로)03,거제교통정보센터,128.6308454,34.8927965,Y
L280079,중곡육교차로(8번교차로)04,거제교통정보센터,128.6305907,34.8926522,Y
L280054,침매터널(거제방향),거제교통정보센터,128.7977039,35.0202051,Y
L280053,침매터널(부산방향),거제교통정보센터,128.7894504,35.018093,Y
L280055,침매터널입구,거제교통정보센터,128.8090955,35.0224992,Y
L280072,터미널사거리(7번교차로)01,거제교통정보센터,128.6240553,34.8917997,Y
L280073,터미널사거리(7번교차로)02,거제교통정보센터,128.6245292,34.8918406,Y
L280074,터미널사거리(7번교차로)03,거제교통정보센터,128.6241889,34.891996,Y
L280075,터미널사거리(7번교차로)04,거제교통정보센터,128.6243878,34.891635,Y
L280064,한전교차로(5번교차로)01,거제교통정보센터,128.6180151,34.890932,Y
L280065,한전교차로(5번교차로)02,거제교통정보센터,128.6179794,34.8908612,Y
L280066,한전교차로(5번교차로)03,거제교통정보센터,128.6181215,34.8909106,Y
L280067,한전교차로(5번교차로)04,거제교통정보센터,128.6180807,34.8908389,Y
E440001,경산네거리,경산교통정보센터,128.734845,35.834296,Y
E440002,경산오거리,경산교통정보센터,128.737192,35.823757,Y
E440009,계양네거리,경산교통정보센터,128.749202,35.823017,Y
E440013,대구카톨릭대입구,경산교통정보센터,128.812032,35.907678,Y
E440010,대구한의대입구 삼거리,경산교통정보센터,128.777384,35.812054,Y
E440014,동강네거리,경산교통정보센터,128.833411,35.956113,Y
E440003,백천교차로,경산교통정보센터,128.741001,35.807648,Y
E440012,사동삼거리,경산교통정보센터,128.760183,35.818162,Y
E440006,압량네거리,경산교통정보센터,128.761466,35.841519,Y
E440008,역전네거리,경산교통정보센터,128.728719,35.820048,Y
E440005,영대오거리,경산교통정보센터,128.747056,35.834032,Y
E440011,자인교차로,경산교통정보센터,128.811569,35.815966,Y
E440004,중산삼거리,경산교통정보센터,128.722551,35.835087,Y
E440007,중산지구입구 삼거리,경산교통정보센터,128.716303,35.82456,Y
E440015,진량읍사무소,경산교통정보센터,128.818718,35.875016,Y
E350002,건천농협네거리,경주교통정보센터,129.103265,35.849555,Y
E350003,경북문화관광공사,경주교통정보센터,129.288241,35.843308,Y
E350004,경주교남단,경주교통정보센터,129.217646,35.851753,Y
E350005,경주여고삼거리,경주교통정보센터,129.207758,35.857316,Y
E350007,계림중네거리,경주교통정보센터,129.212894,35.863477,Y
E350009,광명삼거리,경주교통정보센터,129.147366,35.818996,Y
E350010,괘릉신호대,경주교통정보센터,129.314139,35.757478,Y
E350011,교촌교 남단 삼거리,경주교통정보센터,129.214799,35.828513,Y
E350012,구어2산업단입구교차로,경주교통정보센터,129.294693,35.709996,Y
E350013,구어사거리,경주교통정보센터,129.326516,35.707485,Y
E350014,구정로터리,경주교통정보센터,129.294861,35.778132,Y
E350015,구황교네거리,경주교통정보센터,129.236485,35.841586,Y
E350017,군부대입구신호대(동천1대대),경주교통정보센터,129.234147,35.848392,Y
E350018,근화여고,경주교통정보센터,129.225681,35.872438,Y
E350019,금성삼거리,경주교통정보센터,129.206144,35.817891,Y
E350021,금장교네거리,경주교통정보센터,129.207121,35.865874,Y
E350022,금장교차로,경주교통정보센터,129.193903,35.873003,Y
E350023,나산천교,경주교통정보센터,129.46192,35.708085,Y
E350024,나산초등삼거리신호대,경주교통정보센터,129.471242,35.698658,Y
E350025,나정교사거리,경주교통정보센터,129.2024,35.815577,Y
E350026,달성네거리,경주교통정보센터,129.243645,36.058059,Y
E350028,대종천삼거리(대본삼거리),경주교통정보센터,129.480226,35.744926,Y
E350029,도당터널 인근,경주교통정보센터,129.221924,35.824426,Y
E350030,동궁원,경주교통정보센터,129.263407,35.851474,Y
E350031,동대교네거리,경주교통정보센터,129.202217,35.856301,Y
E350032,동천구획지구진입로,경주교통정보센터,129.235927,35.846691,Y
E350033,동천동,경주교통정보센터,129.24804,35.8433,Y
E350034,두산위브네거리,경주교통정보센터,129.325063,35.781257,Y
E350035,라한셀렉트삼거리,경주교통정보센터,129.278404,35.850715,Y
E350036,문산2산단진입로네거리,경주교통정보센터,129.314749,35.672029,Y
E350037,박물관네거리,경주교통정보센터,129.229265,35.831332,Y
E350039,배반네거리,경주교통정보센터,129.23493,35.827678,Y
E350040,보문 라원,경주교통정보센터,129.264075,35.846935,Y
E350042,보문교삼거리,경주교통정보센터,129.258372,35.846613,Y
E350043,보불로삼거리,경주교통정보센터,129.30073,35.831627,Y
E350044,보불로전원식당,경주교통정보센터,129.306609,35.814986,Y
E350045,보불로하동지,경주교통정보센터,129.313411,35.801099,Y
E350046,불국사농협주유소삼거리,경주교통정보센터,129.308948,35.768722,Y
E350047,블루원리조트진입로삼거리,경주교통정보센터,129.306042,35.817746,Y
E350048,사천왕사지삼거리,경주교통정보센터,129.241705,35.819085,Y
E350050,서라벌네거리,경주교통정보센터,129.207121,35.839281,Y
E350051,서라벌대 신호대,경주교통정보센터,129.186234,35.841453,Y
E350052,서라벌초입구삼거리,경주교통정보센터,129.278338,35.833722,Y
E350054,서악동,경주교통정보센터,129.194356,35.830957,Y
E350055,서천교 서편,경주교통정보센터,129.198999,35.837368,Y
E350056,석계교,경주교통정보센터,129.313889,35.679524,Y
E350057,석장동 입구 삼거리(동대병원),경주교통정보센터,129.196248,35.859154,Y
E350058,석탈해왕릉,경주교통정보센터,129.230843,35.851562,Y
E350059,선덕네거리,경주교통정보센터,129.221326,35.836194,Y
E350061,소노캄삼거리,경주교통정보센터,129.284036,35.84637,Y
E350062,소방서 삼거리,경주교통정보센터,129.229003,35.843942,Y
E350063,승삼네거리,경주교통정보센터,129.227452,35.877167,Y
E350064,시청네거리,경주교통정보센터,129.224215,35.856643,Y
E350065,신당교차로,경주교통정보센터,129.235691,35.889041,Y
E350066,신한은행네거리,경주교통정보센터,129.211644,35.84459,Y
E350067,안강네거리,경주교통정보센터,129.228282,35.991522,Y
E350068,양남하서네거리,경주교통정보센터,129.46152,35.677654,Y
E350069,양정로삼거리,경주교통정보센터,129.223348,35.849404,Y
E350070,역전삼거리,경주교통정보센터,129.217238,35.844778,Y
E350071,영마을삼거리,경주교통정보센터,129.200891,35.845162,Y
E350072,오릉네거리,경주교통정보센터,129.210532,35.81991,Y
E350073,외동교차로,경주교통정보센터,129.331513,35.691071,Y
E350074,외동농공단지입구삼거리(다스앞),경주교통정보센터,129.331217,35.695753,Y
E350075,용강네거리,경주교통정보센터,129.223793,35.867804,Y
E350076,용강현진에버빌 삼거리,경주교통정보센터,129.22331,35.886069,Y
E350077,용황지구,경주교통정보센터,129.230477,35.882287,Y
E350078,용황휴포레입구삼거리,경주교통정보센터,129.227731,35.883391,Y
E350079,율동 1979,경주교통정보센터,129.170347,35.815899,Y
E350082,율동삼거리,경주교통정보센터,129.176248,35.814351,Y
E350083,읍천항 입구 삼거리,경주교통정보센터,129.473943,35.689558,Y
E350084,이안아파트삼거리,경주교통정보센터,129.171775,35.844856,Y
E350085,입천교신호대,경주교통정보센터,129.440386,35.791328,Y
E350086,전촌네거리(감포119안전센터),경주교통정보센터,129.494027,35.79843,Y
E350088,중앙시장네거리,경주교통정보센터,129.206949,35.844856,Y
E350089,진리마을삼거리,경주교통정보센터,129.466335,35.681173,Y
E350090,천군네거리,경주교통정보센터,129.284486,35.834463,Y
E350091,천마총삼거리,경주교통정보센터,129.211728,35.839966,Y
E350093,축구공원 앞,경주교통정보센터,129.208408,35.858535,Y
E350094,충효교차로,경주교통정보센터,129.162129,35.834167,Y
E350095,친환경에너지타운입구,경주교통정보센터,129.27519,35.836585,Y
E350096,코아루진입로(국도변),경주교통정보센터,129.258917,35.808468,Y
E350097,코오롱삼거리,경주교통정보센터,129.318389,35.785905,Y
E350098,콜로세움 3거리,경주교통정보센터,129.268286,35.853727,Y
E350099,터미널네거리,경주교통정보센터,129.202507,35.838464,Y
E350100,통일전삼거리,경주교통정보센터,129.264563,35.8019,Y
E350101,팔우정삼거리,경주교통정보센터,129.217088,35.841134,Y
E350102,하동점마을,경주교통정보센터,129.306397,35.813089,Y
E350103,한화콘도,경주교통정보센터,129.270563,35.857801,Y
E350104,현곡초등학교입구삼거리,경주교통정보센터,129.178629,35.885094,Y
E350105,현곡푸르지오 입구 신호대,경주교통정보센터,129.173313,35.889533,Y
E350106,화천네거리,경주교통정보센터,129.142893,35.799677,Y
E350107,황금대교,경주교통정보센터,129.217962,35.882044,Y
E350108,황남동주민센터,경주교통정보센터,129.20734705211433,35.83283750506682,Y
E350109,황룡사지입구신호대(88카센터),경주교통정보센터,129.229052,35.840044,Y
E350110,황성제일타운,경주교통정보센터,129.212614,35.873194,Y
E350111,황성지하도네거리,경주교통정보센터,129.220338,35.8601,Y
E350112,힐튼호텔,경주교통정보센터,129.28804,35.840164,Y
E53001,2청사 로터리1,광양교통정보센터,127.5826599,34.9787772,Y
E53002,2청사 로터리2,광양교통정보센터,127.5830538,34.9787347,Y
E53003,2청사 앞 회전교차로,광양교통정보센터,127.582913,34.978924,Y
E53004,LF 앞 사거리,광양교통정보센터,127.5655058,34.9642297,Y
E53005,골약교차로,광양교통정보센터,127.6797273,34.9435305,Y
E53006,광양경찰서 앞 사거리,광양교통정보센터,127.6027599,34.9642412,Y
E53007,광양병원 앞 사거리,광양교통정보센터,127.5817062,34.9708707,Y
E53008,광양읍사무소 앞 사거리,광양교통정보센터,127.5817682,34.9737298,Y
E53009,광영동 부영1차 앞 삼거리,광양교통정보센터,127.7289829,34.9620324,Y
E53010,광영동 부영2차 앞 삼거리,광양교통정보센터,127.7296346,34.9597632,Y
E53011,광영파출소 앞 사거리,광양교통정보센터,127.7197081,34.962142,Y
E53012,금정불고기 앞 사거리,광양교통정보센터,127.6951213,34.9396207,Y
E53013,금호교차로,광양교통정보센터,127.7223475,34.9487549,Y
E53014,길호 먹거리 타운 앞 사거리,광양교통정보센터,127.6984488,34.9285956,Y
E53015,노르웨이 앞 사거리,광양교통정보센터,127.6955373,34.9501955,Y
E53016,덕례 사거리,광양교통정보센터,127.5791521,34.9632621,Y
E53018,도이마을 앞 삼거리,광양교통정보센터,127.6717944,34.9327362,Y
E53017,도이마을 앞 삼거리,광양교통정보센터,127.6718367,34.9327588,Y
E53019,마동생태공원앞 사거리,광양교통정보센터,127.6979896,34.9441559,Y
E53020,목성중앙로 사거리,광양교통정보센터,127.58915,34.9747774,Y
E53021,물관리센터 앞 사거리,광양교통정보센터,127.7013867,34.9390166,Y
E53022,서산교 사거리,광양교통정보센터,127.5806328,34.9677586,Y
E53023,석곡교 앞 삼거리,광양교통정보센터,127.6197697,35.0137334,Y
E53024,석정삼거리,광양교통정보센터,127.6074308,34.965311,Y
E53025,석평마을 앞 회전교차로,광양교통정보센터,127.5848405,35.0133687,Y
E53026,섬거 사거리,광양교통정보센터,127.7201537,35.01842,Y
E53027,성호2차 앞 사거리,광양교통정보센터,127.6891037,34.9310362,Y
E53028,수월정,광양교통정보센터,127.7214819,35.0789969,Y
E53029,순광로~덕용로 삼거리,광양교통정보센터,127.5542251,34.9649976,Y
E53030,신원회전교차로,광양교통정보센터,127.7366691,35.0627815,Y
E53031,옥곡육교 삼거리,광양교통정보센터,127.7065717,34.9849389,Y
E53032,용강입구 사거리,광양교통정보센터,127.5931555,34.9749673,Y
E53033,우시장 사거리,광양교통정보센터,127.5931841,34.9711614,Y
E53034,월평교 앞 사거리,광양교통정보센터,127.5809492,34.9562582,Y
E53036,의암 사거리,광양교통정보센터,127.7162588,34.9748059,Y
E53035,의암 사거리,광양교통정보센터,127.7162974,34.9747623,Y
E53037,의암교차로,광양교통정보센터,127.7185797,34.9779632,Y
E53038,인동 교차로1,광양교통정보센터,127.5892822,34.9706915,Y
E53039,인동 교차로2,광양교통정보센터,127.5895147,34.9706633,Y
E53040,인동 교차로3,광양교통정보센터,127.5897212,34.970829,Y
E53041,인동교차로,광양교통정보센터,127.5894842,34.9708816,Y
E53042,정산교차로,광양교통정보센터,127.676011,34.9496149,Y
E53044,제철 삼거리,광양교통정보센터,127.7374589,34.9314658,Y
E53043,제철 삼거리,광양교통정보센터,127.7380613,34.9317245,Y
E53045,제철소 1문 앞 사거리,광양교통정보센터,127.7261711,34.9317882,Y
E53046,중마교 앞 사거리,광양교통정보센터,127.6893484,34.9240146,Y
E53047,중마교 앞 사거리,광양교통정보센터,127.6894367,34.9241042,Y
E53048,중마동터미널 앞 사거리,광양교통정보센터,127.6981635,34.9359261,Y
E53050,진월톨게이트 앞 삼거리,광양교통정보센터,127.7465131,34.9736985,Y
E53049,진월톨게이트 앞 삼거리,광양교통정보센터,127.7464328,34.9736212,Y
E53051,초남삼거리,광양교통정보센터,127.6226121,34.9211119,Y
E53052,칠성초등학교 앞 사거리,광양교통정보센터,127.5776424,34.978471,Y
E53053,컨테이너부두 사거리,광양교통정보센터,127.6891541,34.9394323,Y
E53054,태인동 1664-1번지 앞 사거리,광양교통정보센터,127.7470549,34.9347964,Y
E53055,해돋이식당,광양교통정보센터,127.7131949,35.0823944,Y
L410045,4공단양포교네거리,구미교통정보센터,128.43018277,36.13746366,Y
L410022,KBS네거리,구미교통정보센터,128.35712,36.119745,Y
L410079,LG P6E공장앞(LG디스플레이),구미교통정보센터,128.4059629,36.09812091,Y
L410007,LG전자공장사거리,구미교통정보센터,128.385591,36.092854,Y
L410019,강변도로삼거리,구미교통정보센터,128.393614,36.092827,Y
L410043,공단본부앞(시내),구미교통정보센터,128.376951,36.111055,Y
L410044,공단본부앞(인동),구미교통정보센터,128.37719679,36.11104844,Y
L410069,광평삼거리,구미교통정보센터,128.366393,36.10211,Y
L410040,광평오거리,구미교통정보센터,128.362965,36.10351,Y
L410003,괴곡교차로,구미교통정보센터,128.415133,36.165122,Y
L410039,구금오공대네거리,구미교통정보센터,128.362939,36.117974,Y
L410062,구미IC,구미교통정보센터,128.360397,36.119563,Y
L410028,구미고네거리,구미교통정보센터,128.333568,36.135403,Y
L410026,구미대학교앞,구미교통정보센터,128.286701,36.149548,Y
L410078,구미소망 장로교회 앞,구미교통정보센터,128.3435459,36.1100113,Y
L410077,구평영무예다음네거리,구미교통정보센터,128.444737,36.092702,Y
L410051,금오공대입구삼거리(금오교),구미교통정보센터,128.398711,36.136412,Y
L410018,길수교차로,구미교통정보센터,128.369873,36.19683,Y
L410002,남구미대교네거리,구미교통정보센터,128.384447,36.082876,Y
L410052,대백마트 앞,구미교통정보센터,128.428654,36.13340881,Y
L410080,돌고개,구미교통정보센터,128.412987,36.117445,Y
L410001,박정희대통령생가,구미교통정보센터,128.350209,36.088537,Y
L410013,봉곡네거리,구미교통정보센터,128.309582,36.140603,Y
L410027,봉곡파워마트네거리,구미교통정보센터,128.310198,36.148932,Y
L410067,북구미IC주유소삼거리,구미교통정보센터,128.3088188,36.13892819,Y
L410074,비산교차로,구미교통정보센터,128.3525743,36.1274706,Y
L410084,비산네거리,구미교통정보센터,128.385544,36.122626,Y
L410005,사곡 오거리,구미교통정보센터,128.356638,36.104035,Y
L410073,삼성SDS 삼거리,구미교통정보센터,128.41028,36.110937,Y
L410068,상공회의소네거리,구미교통정보센터,128.352145,36.117869,Y
L410055,선산생곡리고개,구미교통정보센터,128.313599,36.26111,Y
L410053,선산시외버스터미널사거리,구미교통정보센터,128.304792,36.241733,Y
L410025,선산읍무을방면 선산IC,구미교통정보센터,128.282492,36.240478,Y
L410054,세무서네거리,구미교통정보센터,128.386154,36.111044,Y
L410059,소로골네거리,구미교통정보센터,128.326632,36.137378,Y
L410020,송정동 삼거리,구미교통정보센터,128.338924,36.122421,Y
L410072,수출탑삼거리,구미교통정보센터,128.36398,36.111034,Y
L410023,순천향네거리,구미교통정보센터,128.385906,36.102127,Y
L410048,시민운동장 입구,구미교통정보센터,128.3555367,36.11193081,Y
L410075,신평네거리,구미교통정보센터,128.362773,36.123406,Y
L410086,신평주유소네거리(신평시장방면),구미교통정보센터,128.35990664,36.12464139,Y
L410036,신평주유소네거리(주유소방면),구미교통정보센터,128.359733,36.124693,Y
L410035,실트론3공장사거리,구미교통정보센터,128.410559,36.092167,Y
L410012,아사히글라스삼거리,구미교통정보센터,128.448081,36.147792,Y
L410016,양포파출소앞삼거리,구미교통정보센터,128.418488,36.147166,Y
L410010,오태 삼거리,구미교통정보센터,128.373793,36.072599,Y
L410008,오태교삼거리,구미교통정보센터,128.375656,36.083624,Y
L410042,오태동자동차매매상사앞,구미교통정보센터,128.350731,36.07431,Y
L410070,오태아울렛앞(박정희로입구)삼거리,구미교통정보센터,128.353642,36.079101,Y
L410056,옥계교 삼거리,구미교통정보센터,128.416842,36.134187,Y
L410066,옥계지하차도네거리,구미교통정보센터,128.418585,36.136381,Y
L410060,우림필유삼거리,구미교통정보센터,128.375546,36.124055,Y
L410057,우미린 사거리,구미교통정보센터,128.4348243,36.16113249,Y
L410082,우체국 삼거리,구미교통정보센터,128.3429612,36.11757392,Y
L410076,원지교(지산고가)네거리,구미교통정보센터,128.343347,36.128849,Y
L410034,원평동각산네거리,구미교통정보센터,128.334182,36.124867,Y
L410032,원평동금오산네거리,구미교통정보센터,128.3376,36.126352,Y
L410021,원평동원평네거리(금오웨딩),구미교통정보센터,128.340234,36.129275,Y
L410030,원평동원평네거리(터미널),구미교통정보센터,128.34038529,36.12921846,Y
L410031,원평동제2구미교네거리,구미교통정보센터,128.323025,36.13237,Y
L410029,원호대우아파트북측,구미교통정보센터,128.32873,36.153873,Y
L410004,인동광장교차로,구미교통정보센터,128.416027,36.111003,Y
L410024,인동네거리,구미교통정보센터,128.420377,36.105232,Y
L410061,인의동도로교통공단앞(구평방면),구미교통정보센터,128.43090351,36.09485189,Y
L410049,인의동도로교통공단앞(인동광장방면),구미교통정보센터,128.43073241,36.09490687,Y
L410050,임수교네거리,구미교통정보센터,128.406107,36.105533,Y
L410011,임수동전자공고앞삼거리,구미교통정보센터,128.401058,36.110928,Y
L410047,임오삼거리,구미교통정보센터,128.380499,36.077058,Y
L410009,임은삼거리,구미교통정보센터,128.361452,36.087427,Y
L410041,적림사거리,구미교통정보센터,128.435779,36.169041,Y
L410087,전원리빙필네거리,구미교통정보센터,128.3361384,36.1106551,Y
L410085,정도관 삼거리,구미교통정보센터,128.32315448,36.15191938,Y
L410071,중앙시장 네거리,구미교통정보센터,128.33206006,36.13351065,Y
L410063,지산교차로,구미교통정보센터,128.3544753,36.1374225,Y
L410083,지산동지산사거리,구미교통정보센터,128.341628,36.13086,Y
L410033,지상뉴매틱앞사거리,구미교통정보센터,128.43484567,36.15407419,Y
L410006,참테크사거리,구미교통정보센터,128.446912,36.137746,Y
L410046,코오롱네거리,구미교통정보센터,128.366492,36.111009,Y
L410058,터미널앞 네거리,구미교통정보센터,128.351776,36.123603,Y
L410065,하장2교,구미교통정보센터,128.485949,36.134846,Y
L410015,한화시스템 구미사업장 앞,구미교통정보센터,128.3934401,36.102328,Y
L410014,항곡삼거리,구미교통정보센터,128.34922,36.185755,Y
L410017,해마루공원네거리,구미교통정보센터,128.428724,36.143317,Y
L410038,형곡4주공네거리,구미교통정보센터,128.338392,36.111632,Y
L410037,형곡네거리,구미교통정보센터,128.338945,36.115472,Y
L410081,호반베르디움118동앞,구미교통정보센터,128.4301541,36.14766475,Y
L410064,황상동입구 삼거리,구미교통정보센터,128.424607,36.11085,Y
E910000,(경부선)(부산)경부동탄터널(부산1),국가교통정보센터(고속도로),127.095211,37.204393,Y
E910001,(경부선)(부산)경부동탄터널(부산2),국가교통정보센터(고속도로),127.095185,37.2024,Y
E910002,(경부선)(부산)경부동탄터널(부산3),국가교통정보센터(고속도로),127.09522,37.200144,Y
E910003,(경부선)(부산)경부동탄터널(부산4),국가교통정보센터(고속도로),127.095198,37.19787,Y
E910004,(경부선)(부산)경부동탄터널(부산5),국가교통정보센터(고속도로),127.095162,37.195621,Y
E910005,(경부선)(부산)경부동탄터널(입구방음터널),국가교통정보센터(고속도로),127.095186,37.207042,Y
E910006,(경부선)(부산)경부동탄터널(출구),국가교통정보센터(고속도로),127.095229,37.188535,Y
E910008,(경부선)(부산)대전터널(부산외부1),국가교통정보센터(고속도로),127.459505,36.35468,Y
E910007,(경부선)(부산)대전터널(부산외부2),국가교통정보센터(고속도로),127.471433,36.346345,Y
E910009,(경부선)(부산)옥천1터널(부산3),국가교통정보센터(고속도로),127.648687,36.282403,Y
E910010,(경부선)(부산)황간터널(부산2),국가교통정보센터(고속도로),127.941261,36.211642,Y
E910011,(경부선)(서울)경부동탄터널(서울1),국가교통정보센터(고속도로),127.095739,37.192276,Y
E910012,(경부선)(서울)경부동탄터널(서울2),국가교통정보센터(고속도로),127.095739,37.19497299,Y
E910013,(경부선)(서울)경부동탄터널(서울3),국가교통정보센터(고속도로),127.095739,37.19676971,Y
E910014,(경부선)(서울)경부동탄터널(서울4),국가교통정보센터(고속도로),127.095739,37.19945908,Y
E910015,(경부선)(서울)경부동탄터널(서울5),국가교통정보센터(고속도로),127.095739,37.20215225,Y
E910016,(경부선)(서울)경부동탄터널(입구),국가교통정보센터(고속도로),127.095837785,37.1824817636,Y
E910017,(경부선)(서울)경부동탄터널(입구방음터널),국가교통정보센터(고속도로),127.095698,37.192195,Y
E910018,(경부선)(서울)경부동탄터널(출구),국가교통정보센터(고속도로),127.09575,37.207194,Y
E910019,(경부선)(서울)경부동탄터널(출구방음터널),국가교통정보센터(고속도로),127.095739,37.206036,Y
E910020,(경부선)(서울)경주터널(서울2),국가교통정보센터(고속도로),129.063064,35.87073,Y
E910021,(경부선)(서울)옥천1터널(서울2),국가교통정보센터(고속도로),127.655006,36.281141,Y
E910022,(경부선)(서울)황간터널(서울2),국가교통정보센터(고속도로),127.94126,36.211642,Y
E910023,(경부선)가락,국가교통정보센터(고속도로),127.374618530273,36.6736335754394,Y
E910024,(경부선)가마육교,국가교통정보센터(고속도로),127.387145,36.618703,Y
E910025,(경부선)가양대교,국가교통정보센터(고속도로),127.458114624023,36.355785369873,Y
E910026,(경부선)감절교,국가교통정보센터(고속도로),127.277427673339,36.7330360412597,Y
E910027,(경부선)감천교,국가교통정보센터(고속도로),128.1273712,36.12644462,Y
E910028,(경부선)감천교2,국가교통정보센터(고속도로),128.135513305664,36.1243858337402,Y
E910029,(경부선)강서,국가교통정보센터(고속도로),127.393901,36.614992,Y
E910030,(경부선)강정,국가교통정보센터(고속도로),127.3237076,36.72351456,Y
E910031,(경부선)강회육교,국가교통정보센터(고속도로),128.8785447,35.88971039,Y
E910032,(경부선)건천휴게소,국가교통정보센터(고속도로),129.0997048,35.83252586,Y
E910033,(경부선)건천휴게소(부산),국가교통정보센터(고속도로),129.109664916992,35.8310317993164,Y
E910036,(경부선)검단,국가교통정보센터(고속도로),128.613122,35.915494,Y
E910034,(경부선)검단졸음쉼터(부산),국가교통정보센터(고속도로),128.617630004882,35.9161262512207,Y
E910035,(경부선)검단졸음쉼터(서울),국가교통정보센터(고속도로),128.613311767578,35.915355682373,Y
E910037,(경부선)격납고,국가교통정보센터(고속도로),129.1059418,35.52709961,Y
E910038,(경부선)경산,국가교통정보센터(고속도로),128.7841387,35.87721159,Y
E910039,(경부선)경산1교,국가교통정보센터(고속도로),128.8389549,35.87977221,Y
E910040,(경부선)경산휴게소,국가교통정보센터(고속도로),128.8115805,35.87809076,Y
E910041,(경부선)경주IC,국가교통정보센터(고속도로),129.185451,35.807621,Y
E910042,(경부선)경주남산,국가교통정보센터(고속도로),129.1915131,35.78187561,Y
E910043,(경부선)경주터널,국가교통정보센터(고속도로),129.072144,35.864423,Y
E910044,(경부선)경주터널2,국가교통정보센터(고속도로),129.057345,35.876508,Y
E910045,(경부선)경주휴게소,국가교통정보센터(고속도로),129.1940688,35.7229378,Y
E910046,(경부선)계룡2교,국가교통정보센터(고속도로),127.97028,36.21306,Y
E910047,(경부선)계족,국가교통정보센터(고속도로),127.428719,36.376153,Y
E910048,(경부선)공도,국가교통정보센터(고속도로),127.1511613,37.002476,Y
E910049,(경부선)공세육교,국가교통정보센터(고속도로),127.1042636,37.24348052,Y
E910050,(경부선)광명,국가교통정보센터(고속도로),129.171333,35.813176,Y
E910051,(경부선)광명교,국가교통정보센터(고속도로),129.15528,35.81833,Y
E910052,(경부선)광천,국가교통정보센터(고속도로),128.015162,36.174586,Y
E910053,(경부선)광평교,국가교통정보센터(고속도로),128.3622475,36.10278046,Y
E910054,(경부선)구미,국가교통정보센터(고속도로),128.359908,36.11184072,Y
E910060,(경부선)구미1교,국가교통정보센터(고속도로),128.3280792,36.13458633,Y
E910055,(경부선)구서,국가교통정보센터(고속도로),129.1016331,35.2568233,Y
E910061,(경부선)구서신현마을,국가교통정보센터(고속도로),129.101944,35.2578392,Y
E910056,(경부선)구성2교,국가교통정보센터(고속도로),127.16847,36.794627,Y
E910057,(경부선)구성육교,국가교통정보센터(고속도로),127.1661613,36.80091533,Y
E910058,(경부선)구암,국가교통정보센터(고속도로),128.935409545898,35.9119606018066,Y
E910062,(경부선)구촌교,국가교통정보센터(고속도로),127.831604003906,36.2704124450683,Y
E910059,(경부선)국사교,국가교통정보센터(고속도로),127.364799499511,36.6850776672363,Y
E910063,(경부선)금강,국가교통정보센터(고속도로),127.66806,36.27944,Y
E910064,(경부선)금강1교,국가교통정보센터(고속도로),127.415691,36.461522,Y
E910065,(경부선)금강휴게소(광장),국가교통정보센터(고속도로),127.668268,36.279156,Y
E910066,(경부선)금계,국가교통정보센터(고속도로),127.349394,36.712319,Y
E910067,(경부선)금계2교,국가교통정보센터(고속도로),127.852836608886,36.2548904418945,Y
E910068,(경부선)금곡교,국가교통정보센터(고속도로),127.103224,37.34675865,Y
E910069,(경부선)금곡정류장,국가교통정보센터(고속도로),127.788421,36.281705,Y
E910070,(경부선)금척교,국가교통정보센터(고속도로),129.1171744,35.82987706,Y
E910071,(경부선)금현동,국가교통정보센터(고속도로),127.084731,37.415971,Y
E910072,(경부선)금호2교,국가교통정보센터(고속도로),128.635192871093,35.9169883728027,Y
E910073,(경부선)금호3교,국가교통정보센터(고속도로),128.773,35.8803,Y
E910074,(경부선)금호분기점,국가교통정보센터(고속도로),128.522714,35.89321,Y
E910075,(경부선)금호분기점2,국가교통정보센터(고속도로),128.5242004,35.89289856,Y
E910077,(경부선)금호분기점3,국가교통정보센터(고속도로),128.5209503,35.89345932,Y
E910076,(경부선)금호분기점4,국가교통정보센터(고속도로),129.01595,35.895544,Y
E910078,(경부선)기흥,국가교통정보센터(고속도로),127.104398,37.226449,Y
E910079,(경부선)기흥동탄,국가교통정보센터(고속도로),127.101335,37.222297,Y
E910080,(경부선)기흥휴게소(부산),국가교통정보센터(고속도로),127.10611,37.23583,Y
E910081,(경부선)김천,국가교통정보센터(고속도로),128.0945745,36.13384808,Y
E910082,(경부선)김천2,국가교통정보센터(고속도로),128.102416992187,36.1333923339843,Y
E910083,(경부선)김천분기점,국가교통정보센터(고속도로),128.2656298,36.1644747,Y
E910084,(경부선)김천분기점2,국가교통정보센터(고속도로),128.2667,36.1573,Y
E910085,(경부선)낙동강교,국가교통정보센터(고속도로),128.394973754882,36.0697212219238,Y
E910086,(경부선)낙동대교,국가교통정보센터(고속도로),128.393092,36.070261,Y
E910087,(경부선)남구미,국가교통정보센터(고속도로),128.370386,36.07024932,Y
E910088,(경부선)남사육교,국가교통정보센터(고속도로),127.09806,37.12583,Y
E910089,(경부선)남사정류장,국가교통정보센터(고속도로),127.125675,37.085919,Y
E910090,(경부선)남사졸음쉼터,국가교통정보센터(고속도로),127.122673034667,37.0919647216796,Y
E910091,(경부선)남이,국가교통정보센터(고속도로),127.4253944,36.59226396,Y
E910092,(경부선)남이고개,국가교통정보센터(고속도로),127.427421,36.576314,Y
E910093,(경부선)남이분기점,국가교통정보센터(고속도로),127.42167,36.59556,Y
E910094,(경부선)남이분기점2,국가교통정보센터(고속도로),127.415748596191,36.6013946533203,Y
E910095,(경부선)남이육교,국가교통정보센터(고속도로),127.432051,36.549726,Y
E910096,(경부선)남청주,국가교통정보센터(고속도로),127.430364,36.538302,Y
E910097,(경부선)남청주육교,국가교통정보센터(고속도로),127.430225,36.534643,Y
E910098,(경부선)내남정류장,국가교통정보센터(고속도로),129.196873,35.76089984,Y
E910099,(경부선)내남졸음쉼터,국가교통정보센터(고속도로),129.1946018,35.75106999,Y
E910100,(경부선)내원교,국가교통정보센터(고속도로),129.076292,35.442735,Y
E910101,(경부선)내원휴게소,국가교통정보센터(고속도로),129.07164,35.43723679,Y
E910103,(경부선)노근2교,국가교통정보센터(고속도로),127.87937,36.220352,Y
E910104,(경부선)노근육교,국가교통정보센터(고속도로),127.894272,36.216937,Y
E910105,(경부선)노근철교,국가교통정보센터(고속도로),127.883999,36.218832,Y
E910106,(경부선)노포교,국가교통정보센터(고속도로),129.1019219,35.28603899,Y
E910102,(경부선)녹동육교,국가교통정보센터(고속도로),129.0834108,35.29905871,Y
E910107,(경부선)농소,국가교통정보센터(고속도로),128.160064697265,36.1304512023925,Y
E910108,(경부선)달래내1,국가교통정보센터(고속도로),127.07639,37.42444,Y
E910109,(경부선)달래내2,국가교통정보센터(고속도로),127.069449,37.430381,Y
E910110,(경부선)대룡,국가교통정보센터(고속도로),129.092834472656,35.2910537719726,Y
E910111,(경부선)대림육교,국가교통정보센터(고속도로),128.7421875,35.8721122741699,Y
E910112,(경부선)대신,국가교통정보센터(고속도로),128.183219,36.14141,Y
E910113,(경부선)대신2교,국가교통정보센터(고속도로),128.1937105,36.15539621,Y
E910114,(경부선)대전,국가교통정보센터(고속도로),127.4530556,36.36027778,Y
E910115,(경부선)대창정류장,국가교통정보센터(고속도로),128.9050091,35.90314228,Y
E910116,(경부선)대평교,국가교통정보센터(고속도로),128.462432861328,35.9394149780273,Y
E910117,(경부선)대화,국가교통정보센터(고속도로),127.2529,36.7365,Y
E910118,(경부선)덕곡,국가교통정보센터(고속도로),127.9507125,36.21045649,Y
E910119,(경부선)덕암,국가교통정보센터(고속도로),127.41759,36.43124,Y
E910120,(경부선)덕운육교,국가교통정보센터(고속도로),129.055907,35.390405,Y
E910121,(경부선)덕천교,국가교통정보센터(고속도로),128.04524,36.14305,Y
E910122,(경부선)도동분기점,국가교통정보센터(고속도로),128.66534,35.912414,Y
E910123,(경부선)도동분기점2,국가교통정보센터(고속도로),128.668685913085,35.90966796875,Y
E910124,(경부선)도량2교,국가교통정보센터(고속도로),128.3208257,36.13587651,Y
E910125,(경부선)도천,국가교통정보센터(고속도로),129.015641,35.895888,Y
E910126,(경부선)동김천,국가교통정보센터(고속도로),128.176374,36.136003,Y
E910127,(경부선)동내교,국가교통정보센터(고속도로),128.738464355468,35.8740768432617,Y
E910128,(경부선)동대구,국가교통정보센터(고속도로),128.697937,35.883294,Y
E910129,(경부선)동대구2,국가교통정보센터(고속도로),128.6830597,35.89292908,Y
E910130,(경부선)동이,국가교통정보센터(고속도로),127.62596130371,36.2928810119628,Y
E910131,(경부선)동이정류장,국가교통정보센터(고속도로),127.6383549,36.29054125,Y
E910132,(경부선)동탄1교,국가교통정보센터(고속도로),127.089761,37.161937,Y
E910133,(경부선)동탄분기점,국가교통정보센터(고속도로),127.0958333,37.18194444,Y
E910134,(경부선)동탄분기점2,국가교통정보센터(고속도로),127.096296,37.179045,Y
E910135,(경부선)두서,국가교통정보센터(고속도로),129.16091,35.634644,Y
E910136,(경부선)망향휴게소,국가교통정보센터(고속도로),127.185748,36.86200465,Y
E910137,(경부선)매봉1육교,국가교통정보센터(고속도로),127.427947998046,36.4719085693359,Y
E910138,(경부선)매원,국가교통정보센터(고속도로),128.427026,35.996099,Y
E910139,(경부선)매화리,국가교통정보센터(고속도로),127.5897,36.3012,Y
E910141,(경부선)모량교,국가교통정보센터(고속도로),129.13623046875,35.8191223144531,Y
E910140,(경부선)목천,국가교통정보센터(고속도로),127.218248,36.76017399,Y
E910142,(경부선)목천(고정),국가교통정보센터(고속도로),127.218767,36.760002,Y
E910143,(경부선)몽단이고개,국가교통정보센터(고속도로),127.37167,36.67889,Y
E910144,(경부선)문덕,국가교통정보센터(고속도로),127.1868,36.869,Y
E910145,(경부선)문덕육교,국가교통정보센터(고속도로),127.189638,36.88200465,Y
E910146,(경부선)미호교,국가교통정보센터(고속도로),129.1806024,35.6807634,Y
E910147,(경부선)미호천교,국가교통정보센터(고속도로),127.376944,36.644722,Y
E910148,(경부선)반정1교,국가교통정보센터(고속도로),128.996841430664,35.9261207580566,Y
E910149,(경부선)방촌,국가교통정보센터(고속도로),128.6779655,35.89673699,Y
E910150,(경부선)백록1교,국가교통정보센터(고속도로),129.081390380859,35.4580268859863,Y
E910151,(경부선)백현,국가교통정보센터(고속도로),127.103568,37.376041,Y
E910152,(경부선)법동,국가교통정보센터(고속도로),127.435306,36.370998,Y
E910153,(경부선)병천2교,국가교통정보센터(고속도로),127.3100273,36.72617465,Y
E910154,(경부선)보정교,국가교통정보센터(고속도로),127.104102,37.252236,Y
E910155,(경부선)봉산정류장,국가교통정보센터(고속도로),128.032784,36.151182,Y
E910157,(경부선)부산동,국가교통정보센터(고속도로),127.0844772,37.15164304,Y
E910158,(경부선)부산영업소,국가교통정보센터(고속도로),129.1073715,35.2776357,Y
E910159,(경부선)부지,국가교통정보센터(고속도로),129.194091,35.756868,Y
E910160,(경부선)북구미IC,국가교통정보센터(고속도로),128.306564331054,36.1410484313964,Y
E910156,(경부선)북대구,국가교통정보센터(고속도로),128.5812215,35.90886802,Y
E910161,(경부선)북천안,국가교통정보센터(고속도로),127.18901,36.89703,Y
E910162,(경부선)비래교,국가교통정보센터(고속도로),127.447563171386,36.3674201965332,Y
E910163,(경부선)비룡분기점,국가교통정보센터(고속도로),127.48306,36.3425,Y
E910164,(경부선)비상활주로,국가교통정보센터(고속도로),129.105748,35.525502,Y
E910165,(경부선)사곡,국가교통정보센터(고속도로),128.361770629882,36.105785369873,Y
E910166,(경부선)사복육교,국가교통정보센터(고속도로),128.74938,35.870332,Y
E910167,(경부선)사송,국가교통정보센터(고속도로),129.05931,35.320083,Y
E910168,(경부선)사정,국가교통정보센터(고속도로),127.3306350708,36.7205848693847,Y
E910169,(경부선)산하,국가교통정보센터(고속도로),127.128044128417,37.0801200866699,Y
E910170,(경부선)삼양터널,국가교통정보센터(고속도로),127.57528,36.30806,Y
E910171,(경부선)삼평터널(서울),국가교통정보센터(고속도로),127.097582,37.403541,Y
E910172,(경부선)상갈,국가교통정보센터(고속도로),127.104048,37.266929,Y
E910173,(경부선)상북대석,국가교통정보센터(고속도로),129.0568237,35.39230347,Y
E910174,(경부선)상서,국가교통정보센터(고속도로),127.4182,36.4494,Y
E910175,(경부선)상적교,국가교통정보센터(고속도로),127.060888,37.439058,Y
E910176,(경부선)상천교,국가교통정보센터(고속도로),129.100494384765,35.5115242004394,Y
E910177,(경부선)새말교,국가교통정보센터(고속도로),129.1932702,35.79191901,Y
E910182,(경부선)서경주,국가교통정보센터(고속도로),129.085483,35.84346607,Y
E910178,(경부선)서당천교,국가교통정보센터(고속도로),129.011045,35.901312,Y
E910183,(경부선)서울산,국가교통정보센터(고속도로),129.1235921,35.55280685,Y
E910179,(경부선)서울영업소,국가교통정보센터(고속도로),127.1025,37.36556,Y
E910184,(경부선)서울영업소광장,국가교통정보센터(고속도로),127.103317260742,37.3587951660156,Y
E910185,(경부선)서울주JC2,국가교통정보센터(고속도로),129.103242,35.517768,Y
E910186,(경부선)서초,국가교통정보센터(고속도로),127.02583,37.48306,Y
E910180,(경부선)석계정류장,국가교통정보센터(고속도로),129.061998,35.411311,Y
E910187,(경부선)석문암(활천),국가교통정보센터(고속도로),129.1901855,35.70988846,Y
E910188,(경부선)석산,국가교통정보센터(고속도로),129.046112060546,35.3271331787109,Y
E910189,(경부선)석실육교,국가교통정보센터(고속도로),127.42650604248,36.5838470458984,Y
E910181,(경부선)석적교,국가교통정보센터(고속도로),128.408615,36.049821,Y
E910190,(경부선)선동,국가교통정보센터(고속도로),127.43111,36.48056,Y
E910191,(경부선)선동교,국가교통정보센터(고속도로),129.104049682617,35.261978149414,Y
E910192,(경부선)선산육교,국가교통정보센터(고속도로),128.338150024414,36.1311798095703,Y
E910194,(경부선)성남1,국가교통정보센터(고속도로),127.243467,36.741756,Y
E910193,(경부선)성남2,국가교통정보센터(고속도로),127.227661132812,36.7454185485839,Y
E910195,(경부선)성천교,국가교통정보센터(고속도로),129.0846404,35.46612216,Y
E910197,(경부선)소계2교,국가교통정보센터(고속도로),127.922859191894,36.2216682434082,Y
E910198,(경부선)소도교,국가교통정보센터(고속도로),127.615966,36.291881,Y
E910199,(경부선)소토,국가교통정보센터(고속도로),129.053756713867,35.3845977783203,Y
E910196,(경부선)속창육교,국가교통정보센터(고속도로),127.284674,36.734244,Y
E910200,(경부선)송선2교,국가교통정보센터(고속도로),128.294708251953,36.1459236145019,Y
E910201,(경부선)송천,국가교통정보센터(고속도로),128.268754,36.158757,Y
E910202,(경부선)송촌,국가교통정보센터(고속도로),127.44181,36.37008,Y
E910203,(경부선)송포,국가교통정보센터(고속도로),128.98389,35.93333,Y
E910204,(경부선)수락,국가교통정보센터(고속도로),127.3519555,36.69816221,Y
E910205,(경부선)수원,국가교통정보센터(고속도로),127.103583,37.26395,Y
E910206,(경부선)수의,국가교통정보센터(고속도로),127.40861,36.60583,Y
E910207,(경부선)승두교,국가교통정보센터(고속도로),127.158873308731,36.9835754695208,Y
E910208,(경부선)신갈BS,국가교통정보센터(고속도로),127.104068,37.273917,Y
E910209,(경부선)신갈분기점,국가교통정보센터(고속도로),127.10389,37.29111,Y
E910210,(경부선)신갈분기점2,국가교통정보센터(고속도로),127.1058333,37.28,Y
E910211,(경부선)신계,국가교통정보센터(고속도로),127.204247,36.766359,Y
E910212,(경부선)신대철교,국가교통정보센터(고속도로),127.418274,36.397516,Y
E910213,(경부선)신동재,국가교통정보센터(고속도로),128.48194,35.92667,Y
E910214,(경부선)신부,국가교통정보센터(고속도로),127.166282653808,36.82027053833,Y
E910215,(경부선)신사,국가교통정보센터(고속도로),127.222518920898,36.7470245361328,Y
E910217,(경부선)신상1교,국가교통정보센터(고속도로),127.487174987792,36.3455657958984,Y
E910216,(경부선)신상2교,국가교통정보센터(고속도로),127.49583,36.35056,Y
E910218,(경부선)신전1교,국가교통정보센터(고속도로),129.068087,35.431579,Y
E910219,(경부선)신촌,국가교통정보센터(고속도로),128.145097,36.127237,Y
E910220,(경부선)신탄진,국가교통정보센터(고속도로),127.4200026,36.43966887,Y
E910221,(경부선)신탄진쉼터(부산),국가교통정보센터(고속도로),127.41706085205,36.4251899719238,Y
E910222,(경부선)신탄진휴게소,국가교통정보센터(고속도로),127.416833,36.425763,Y
E910223,(경부선)신평,국가교통정보센터(고속도로),129.079238891601,35.8568572998046,Y
E910224,(경부선)아포교,국가교통정보센터(고속도로),128.278965,36.15294701,Y
E910225,(경부선)아화,국가교통정보센터(고속도로),129.030899047851,35.8923225402832,Y
E910226,(경부선)아화교,국가교통정보센터(고속도로),129.0536065,35.8821552,Y
E910227,(경부선)안서철육교,국가교통정보센터(고속도로),127.1765027,36.84422465,Y
E910228,(경부선)안서철육교(고정),국가교통정보센터(고속도로),127.17592,36.843882,Y
E910229,(경부선)안성,국가교통정보센터(고속도로),127.1539126,36.99453918,Y
E910230,(경부선)안성분기점1,국가교통정보센터(고속도로),127.13806,37.04028,Y
E910231,(경부선)안성분기점2,국가교통정보센터(고속도로),127.1380556,37.04027778,Y
E910232,(경부선)안성분기점3,국가교통정보센터(고속도로),127.139353,37.035106,Y
E910233,(경부선)안성천교,국가교통정보센터(고속도로),127.16667,36.97361,Y
E910234,(경부선)안성휴게소(부산),국가교통정보센터(고속도로),127.14417,37.01667,Y
E910235,(경부선)안성휴게소(서울),국가교통정보센터(고속도로),127.135,37.06972,Y
E910236,(경부선)안성휴게소2,국가교통정보센터(고속도로),127.130950927734,37.0752563476562,Y
E910237,(경부선)안심,국가교통정보센터(고속도로),128.744995117187,35.870677947998,Y
E910238,(경부선)양산,국가교통정보센터(고속도로),129.051197,35.375832,Y
E910239,(경부선)양산북정,국가교통정보센터(고속도로),129.0454102,35.35681915,Y
E910240,(경부선)양산분기점,국가교통정보센터(고속도로),129.041624,35.332121,Y
E910241,(경부선)양산분기점2,국가교통정보센터(고속도로),129.03962,35.337767,Y
E910242,(경부선)양산정류장,국가교통정보센터(고속도로),129.045631,35.346841,Y
E910243,(경부선)양산졸음쉼터,국가교통정보센터(고속도로),129.041061401367,35.3408050537109,Y
E910244,(경부선)양산휴게소,국가교통정보센터(고속도로),129.054335,35.323948,Y
E910245,(경부선)양재,국가교통정보센터(고속도로),127.042004,37.461626,Y
E910246,(경부선)양지,국가교통정보센터(고속도로),127.418209,36.466091,Y
E910247,(경부선)언양분기점,국가교통정보센터(고속도로),129.13174,35.573007,Y
E910248,(경부선)언양분기점2,국가교통정보센터(고속도로),129.130926,35.569479,Y
E910249,(경부선)언양휴게소,국가교통정보센터(고속도로),129.1358333,35.59055556,Y
E910250,(경부선)언양휴게소2,국가교통정보센터(고속도로),129.14117,35.600025,Y
E910251,(경부선)연곡,국가교통정보센터(고속도로),127.18194,36.95556,Y
E910252,(경부선)연봉,국가교통정보센터(고속도로),127.188018798828,36.9479675292968,Y
E910253,(경부선)연축육교,국가교통정보센터(고속도로),127.4249851,36.38667,Y
E910254,(경부선)연화재,국가교통정보센터(고속도로),128.4511764,35.96619995,Y
E910255,(경부선)영동,국가교통정보센터(고속도로),127.8267176,36.27234884,Y
E910259,(경부선)영동1터널(서울)외부,국가교통정보센터(고속도로),127.729748,36.273964,Y
E910257,(경부선)영동2(서울1),국가교통정보센터(고속도로),127.772115,36.270949,Y
E910258,(경부선)영동2터널(부산외부1),국가교통정보센터(고속도로),127.757882,36.267773,Y
E910256,(경부선)영동3터널(서울외부1),국가교통정보센터(고속도로),127.784055,36.278921,Y
E910260,(경부선)영천,국가교통정보센터(고속도로),128.9514782,35.92225757,Y
E910261,(경부선)영천분기점,국가교통정보센터(고속도로),129.0056239,35.91917546,Y
E910262,(경부선)영천정류장,국가교통정보센터(고속도로),128.971384,35.931011,Y
E910263,(경부선)오산,국가교통정보센터(고속도로),127.08417,37.14222,Y
E910272,(경부선)오산졸음쉼터,국가교통정보센터(고속도로),127.087432861328,37.1575622558593,Y
E910280,(경부선)오태교,국가교통정보센터(고속도로),128.3630829,36.07082367,Y
E910264,(경부선)옥산,국가교통정보센터(고속도로),127.371177673339,36.6580429077148,Y
E910265,(경부선)옥산분기점,국가교통정보센터(고속도로),127.34694,36.704169,Y
E910266,(경부선)옥산휴게소,국가교통정보센터(고속도로),127.370775,36.658894,Y
E910267,(경부선)옥천,국가교통정보센터(고속도로),127.55111,36.32083,Y
E910268,(경부선)옥천1,국가교통정보센터(고속도로),127.561237,36.314564,Y
E910278,(경부선)옥천1터널(부산)1,국가교통정보센터(고속도로),127.649839,36.282267,Y
E910279,(경부선)옥천1터널(서울)1,국가교통정보센터(고속도로),127.653401,36.281264,Y
E910277,(경부선)옥천2터널(부산)외부,국가교통정보센터(고속도로),127.686198,36.281001,Y
E910275,(경부선)옥천3터널(부산)외부,국가교통정보센터(고속도로),127.692597,36.280034,Y
E910276,(경부선)옥천3터널(서울)외부,국가교통정보센터(고속도로),127.708498,36.27604,Y
E910273,(경부선)옥천4터널(부산)2,국가교통정보센터(고속도로),127.720644,36.274942,Y
E910274,(경부선)옥천4터널(서울)2,국가교통정보센터(고속도로),127.724152,36.274561,Y
E910269,(경부선)옥천쉼터(부산),국가교통정보센터(고속도로),127.540100097656,36.3286476135253,Y
E910270,(경부선)옥천쉼터(서울),국가교통정보센터(고속도로),127.529602050781,36.3353385925292,Y
E910271,(경부선)옥천휴게소(부산),국가교통정보센터(고속도로),127.60139,36.295,Y
E910281,(경부선)왜관,국가교통정보센터(고속도로),128.432585,35.976341,Y
E910282,(경부선)외동천교,국가교통정보센터(고속도로),127.109972,37.118007,Y
E910283,(경부선)외송1교,국가교통정보센터(고속도로),129.068333,35.312778,Y
E910284,(경부선)외천,국가교통정보센터(고속도로),127.4318623,36.54463224,Y
E910285,(경부선)외천교,국가교통정보센터(고속도로),128.552184,35.89835053,Y
E910286,(경부선)용산,국가교통정보센터(고속도로),127.8380709,36.26545386,Y
E910287,(경부선)용원,국가교통정보센터(고속도로),127.2173,36.7601,Y
E910288,(경부선)용장초교,국가교통정보센터(고속도로),129.192342,35.779713,Y
E910289,(경부선)용정교경부선,국가교통정보센터(고속도로),127.189358,36.91283465,Y
E910290,(경부선)우록,국가교통정보센터(고속도로),127.4287519,36.50867074,Y
E910291,(경부선)우천2교,국가교통정보센터(고속도로),127.870559692382,36.2299156188964,Y
E910292,(경부선)원곡,국가교통정보센터(고속도로),127.135994,37.05147533,Y
E910293,(경부선)원곡졸음쉼터,국가교통정보센터(고속도로),127.152229309082,36.99951171875,Y
E910294,(경부선)원동,국가교통정보센터(고속도로),127.090648,37.131212,Y
E910295,(경부선)원지동,국가교통정보센터(고속도로),127.060749,37.440057,Y
E910296,(경부선)원평1교,국가교통정보센터(고속도로),128.3504028,36.12504959,Y
E910297,(경부선)율동1교,국가교통정보센터(고속도로),129.1784014,35.81213146,Y
E910298,(경부선)율암2교,국가교통정보센터(고속도로),128.7105345,35.87710102,Y
E910299,(경부선)읍내,국가교통정보센터(고속도로),127.426769,36.382683,Y
E910300,(경부선)응원,국가교통정보센터(고속도로),127.18276977539,36.7685508728027,Y
E910301,(경부선)응원고개,국가교통정보센터(고속도로),127.201448,36.76633532,Y
E910302,(경부선)이상육교,국가교통정보센터(고속도로),129.0773926,35.44678497,Y
E910303,(경부선)이조천교,국가교통정보센터(고속도로),129.195203,35.74179644,Y
E910304,(경부선)이조천교2,국가교통정보센터(고속도로),129.195325,35.739841,Y
E910305,(경부선)인보2교,국가교통정보센터(고속도로),129.16822,35.651962,Y
E910306,(경부선)인보교,국가교통정보센터(고속도로),129.1630952,35.64170848,Y
E910307,(경부선)인보정류장,국가교통정보센터(고속도로),129.176064,35.669535,Y
E910308,(경부선)인의교,국가교통정보센터(고속도로),128.0650616,36.13820852,Y
E910312,(경부선)임오교,국가교통정보센터(고속도로),128.384977,36.070085,Y
E910309,(경부선)입장,국가교통정보센터(고속도로),127.189358,36.92672465,Y
E910310,(경부선)입장거봉포도휴게소,국가교통정보센터(고속도로),127.189918,36.94283465,Y
E910311,(경부선)입장쉼터(부산),국가교통정보센터(고속도로),127.189010620117,36.9131050109863,Y
E910313,(경부선)작동교,국가교통정보센터(고속도로),128.235012,36.16040402,Y
E910314,(경부선)작천교,국가교통정보센터(고속도로),129.1172638,35.54358292,Y
E910315,(경부선)전읍교,국가교통정보센터(고속도로),129.171340942382,35.6575088500976,Y
E910316,(경부선)죽암교,국가교통정보센터(고속도로),127.43278,36.52222,Y
E910317,(경부선)죽암휴게소,국가교통정보센터(고속도로),127.429948,36.494798,Y
E910318,(경부선)죽전,국가교통정보센터(고속도로),127.103746,37.314971,Y
E910319,(경부선)죽전교,국가교통정보센터(고속도로),127.429237365722,36.513988494873,Y
E910320,(경부선)죽전휴게소(서울),국가교통정보센터(고속도로),127.10361,37.33278,Y
E910321,(경부선)증약,국가교통정보센터(고속도로),127.52667,36.33694,Y
E910322,(경부선)증약터널,국가교통정보센터(고속도로),127.522275,36.34413359,Y
E910323,(경부선)증약터널(부산)3,국가교통정보센터(고속도로),127.5142365,36.3496933,Y
E910324,(경부선)증약터널(부산)외부,국가교통정보센터(고속도로),127.509458,36.350408,Y
E910325,(경부선)증약터널(서울)2,국가교통정보센터(고속도로),127.516372,36.348764,Y
E910326,(경부선)증약터널(서울)외부,국가교통정보센터(고속도로),127.524605,36.340651,Y
E910328,(경부선)지천,국가교통정보센터(고속도로),128.4921875,35.9060668945312,Y
E910329,(경부선)지천철육교,국가교통정보센터(고속도로),128.502555,35.894291,Y
E910327,(경부선)직지사,국가교통정보센터(고속도로),128.018600463867,36.1634483337402,Y
E910330,(경부선)진위천교,국가교통정보센터(고속도로),127.11528,37.10806,Y
E910331,(경부선)천삼휴게소,국가교통정보센터(고속도로),127.173233,36.786573,Y
E910332,(경부선)천수천교,국가교통정보센터(고속도로),127.35778,36.6875,Y
E910333,(경부선)천안,국가교통정보센터(고속도로),127.168774,36.82569999,Y
E910334,(경부선)천안분기점,국가교통정보센터(고속도로),127.17944,36.77139,Y
E910335,(경부선)천안호두휴게소,국가교통정보센터(고속도로),127.263774,36.73156399,Y
E910336,(경부선)천전1교,국가교통정보센터(고속도로),129.1520166,35.61756231,Y
E910337,(경부선)천전육교,국가교통정보센터(고속도로),129.1468346,35.61101204,Y
E910338,(경부선)청성,국가교통정보센터(고속도로),127.749227,36.270014,Y
E910339,(경부선)청성쉼터(서울),국가교통정보센터(고속도로),127.738014221191,36.2722473144531,Y
E910340,(경부선)청주,국가교통정보센터(고속도로),127.385,36.62306,Y
E910341,(경부선)청주분기점,국가교통정보센터(고속도로),127.431884765625,36.5607795715332,Y
E910342,(경부선)청주분기점(고정),국가교통정보센터(고속도로),127.434722,36.563722,Y
E910343,(경부선)청주분기점2,국가교통정보센터(고속도로),127.4284438,36.57079428,Y
E910344,(경부선)청주휴게소,국가교통정보센터(고속도로),127.34889,36.71306,Y
E910345,(경부선)청천2교,국가교통정보센터(고속도로),128.765924,35.87699152,Y
E910346,(경부선)초곡교,국가교통정보센터(고속도로),128.167761,36.130283,Y
E910347,(경부선)추풍령,국가교통정보센터(고속도로),128.001052856445,36.2048454284667,Y
E910348,(경부선)추풍령대교,국가교통정보센터(고속도로),128.0067705,36.19336961,Y
E910349,(경부선)추풍령쉼터(부산),국가교통정보센터(고속도로),127.990379333496,36.2108001708984,Y
E910350,(경부선)추풍령쉼터(서울),국가교통정보센터(고속도로),127.988159179687,36.2108650207519,Y
E910351,(경부선)추풍령정류장,국가교통정보센터(고속도로),127.996947,36.210554,Y
E910352,(경부선)추풍령휴게소,국가교통정보센터(고속도로),128.00214,36.197067,Y
E910353,(경부선)추풍령휴게소(서울),국가교통정보센터(고속도로),128.0019938,36.2005207,Y
E910354,(경부선)칠곡휴게소,국가교통정보센터(고속도로),128.4305438,36.0192011,Y
E910355,(경부선)통도사,국가교통정보센터(고속도로),129.094185,35.497566,Y
E910356,(경부선)통도사2,국가교통정보센터(고속도로),129.0964156,35.501544,Y
E910357,(경부선)판교1,국가교통정보센터(고속도로),127.100437,37.399693,Y
E910358,(경부선)판교3,국가교통정보센터(고속도로),127.096383,37.40385976,Y
E910359,(경부선)판교분기점,국가교통정보센터(고속도로),127.094315,37.406538,Y
E910360,(경부선)평사휴게소,국가교통정보센터(고속도로),128.850984,35.882381,Y
E910361,(경부선)평사휴게소(부산),국가교통정보센터(고속도로),128.8695326,35.8866145,Y
E910362,(경부선)포남교,국가교통정보센터(고속도로),128.41068,36.04470264,Y
E910363,(경부선)포남리,국가교통정보센터(고속도로),128.416854858398,36.026798248291,Y
E910364,(경부선)하북정교,국가교통정보센터(고속도로),129.045272827148,35.3586158752441,Y
E910365,(경부선)하암육교,국가교통정보센터(고속도로),127.174494,36.833965,Y
E910367,(경부선)하정교,국가교통정보센터(고속도로),129.1071,35.26759,Y
E910366,(경부선)학천철육교,국가교통정보센터(고속도로),127.3809914,36.63304032,Y
E910368,(경부선)한곡1교,국가교통정보센터(고속도로),127.805,36.27944,Y
E910369,(경부선)한곡3교,국가교통정보센터(고속도로),127.820159912109,36.2736930847167,Y
E910370,(경부선)현도,국가교통정보센터(고속도로),127.43098449707,36.5285835266113,Y
E910371,(경부선)호남육교,국가교통정보센터(고속도로),128.9266148,35.90377717,Y
E910372,(경부선)활천1교,국가교통정보센터(고속도로),129.188182,35.705656,Y
E910373,(경부선)활천IC,국가교통정보센터(고속도로),129.191284179687,35.71337890625,Y
E910374,(경부선)활천교,국가교통정보센터(고속도로),129.186296,35.699749,Y
E910375,(경부선)황간,국가교통정보센터(고속도로),127.9156368,36.22247401,Y
E910376,(경부선)황간터널,국가교통정보센터(고속도로),127.9289145,36.21810348,Y
E910377,(경부선)황간터널(서울)1,국가교통정보센터(고속도로),127.942433,36.211516,Y
E910378,(경부선)황간터널(서울)3,국가교통정보센터(고속도로),127.9293,36.21789,Y
E910379,(경부선)황간휴게소,국가교통정보센터(고속도로),127.85361,36.24861,Y
E910380,(경부선)회덕,국가교통정보센터(고속도로),127.419464111328,36.4049758911132,Y
E910381,(경부선)회덕분기점,국가교통정보센터(고속도로),127.4195286,36.40459813,Y
E910382,(경부선)회덕분기점(고정),국가교통정보센터(고속도로),127.421181,36.408839,Y
E910383,(경부선)회덕분기점2,국가교통정보센터(고속도로),127.421928405761,36.4171867370605,Y
E910384,(경부선)회포,국가교통정보센터(고속도로),127.863387,36.232538,Y
E910385,(경부선)회포2,국가교통정보센터(고속도로),127.855257,36.23752133,Y
E910386,(경인선)가정동,국가교통정보센터(고속도로),126.685272216796,37.5231742858886,Y
E910387,(경인선)도당,국가교통정보센터(고속도로),126.793976,37.522464,Y
E910388,(경인선)도당2,국가교통정보센터(고속도로),126.8042,37.52122,Y
E910389,(경인선)도당육교,국가교통정보센터(고속도로),126.791435241699,37.5226325988769,Y
E910390,(경인선)부천,국가교통정보센터(고속도로),126.7771814,37.52427166,Y
E910391,(경인선)부평,국가교통정보센터(고속도로),126.72167,37.52361,Y
E910392,(경인선)서운분기점2,국가교통정보센터(고속도로),126.756515502929,37.524070739746,Y
E910393,(경인선)신월,국가교통정보센터(고속도로),126.8158529,37.52247501,Y
E910394,(경인선)신월1,국가교통정보센터(고속도로),126.819481,37.523105,Y
E910395,(경인선)신월2,국가교통정보센터(고속도로),126.82817,37.524419,Y
E910396,(경인선)인천영업소,국가교통정보센터(고속도로),126.7479838,37.52410863,Y
E910397,(경인선)청천교,국가교통정보센터(고속도로),126.689968,37.523303,Y
E910398,(경인선)효성,국가교통정보센터(고속도로),126.704767,37.523644,Y
E910399,(고창담양선)(고창)문수산터널(고창외부),국가교통정보센터(고속도로),126.750901,35.352601,Y
E910400,(고창담양선)(고창)장성2터널(고창외부),국가교통정보센터(고속도로),126.824926,35.311989,Y
E910401,(고창담양선)(고창)장성3터널(고창외부),국가교통정보센터(고속도로),126.847264,35.279273,Y
E910402,(고창담양선)(담양)문수산터널(담양외부),국가교통정보센터(고속도로),126.709002,35.375375,Y
E910403,(고창담양선)(담양)문수산터널(담양외부2),국가교통정보센터(고속도로),126.746888,35.354452,Y
E910404,(고창담양선)(담양)장성2터널(담양외부),국가교통정보센터(고속도로),126.811225,35.324721,Y
E910405,(고창담양선)(담양)장성3터널(담양외부),국가교통정보센터(고속도로),126.823923,35.313153,Y
E910406,(고창담양선)고수(절토부),국가교통정보센터(고속도로),126.683462,35.397772,Y
E910407,(고창담양선)남고창,국가교통정보센터(고속도로),126.673056,35.403333,Y
E910408,(고창담양선)대덕분기점,국가교통정보센터(고속도로),127.01165,35.24208,Y
E910409,(고창담양선)문수산터널(22)담양,국가교통정보센터(고속도로),126.7110367,35.37413025,Y
E910410,(고창담양선)문수산터널(고창23),국가교통정보센터(고속도로),126.74617,35.35509872,Y
E910411,(고창담양선)문수산터널고창9,국가교통정보센터(고속도로),126.717153,35.371205,Y
E910412,(고창담양선)문수산터널담양6,국가교통정보센터(고속도로),126.731144,35.363296,Y
E910414,(고창담양선)부흥교,국가교통정보센터(고속도로),126.79444,35.33944,Y
E910413,(고창담양선)북광주,국가교통정보센터(고속도로),126.8926185,35.26179395,Y
E910415,(고창담양선)상림육교,국가교통정보센터(고속도로),126.86472,35.26722,Y
E910416,(고창담양선)와우,국가교통정보센터(고속도로),126.9375,35.2475,Y
E910417,(고창담양선)용강2교,국가교통정보센터(고속도로),126.9147578,35.2521165,Y
E910418,(고창담양선)은사교,국가교통정보센터(고속도로),126.698215,35.382637,Y
E910419,(고창담양선)장산2교,국가교통정보센터(고속도로),127.018072,35.253312,Y
E910420,(고창담양선)장성3터널(고창15),국가교통정보센터(고속도로),126.8442383,35.28334045,Y
E910421,(고창담양선)장성3터널(담양15),국가교통정보센터(고속도로),126.8246689,35.3118515,Y
E910422,(고창담양선)장성3터널고창9,국가교통정보센터(고속도로),126.833637,35.298612,Y
E910423,(고창담양선)장성3터널담양2,국가교통정보센터(고속도로),126.834818,35.296835,Y
E910424,(고창담양선)장성물류,국가교통정보센터(고속도로),126.76167,35.35,Y
E910425,(고창담양선)장성분기점,국가교통정보센터(고속도로),126.80167,35.33167,Y
E910426,(고창담양선)장화교,국가교통정보센터(고속도로),127.0005279,35.2466991,Y
E910427,(고창담양선)진원,국가교통정보센터(고속도로),126.847564,35.278005,Y
E910428,(고창담양선)해곡,국가교통정보센터(고속도로),126.979377746582,35.2522888183593,Y
E910429,(광주대구선)(광주)담양2터널(광주4),국가교통정보센터(고속도로),127.005392,35.31415,Y
E910430,(광주대구선)가남2교,국가교통정보센터(고속도로),127.14569,35.36257,Y
E910431,(광주대구선)가야1터널(외부광주),국가교통정보센터(고속도로),128.104520567963,35.709775200463,Y
E910432,(광주대구선)가야1터널(외부대구),국가교통정보센터(고속도로),128.086735,35.707942,Y
E910433,(광주대구선)가야2터널(외부대구),국가교통정보센터(고속도로),128.117442,35.708192,Y
E910434,(광주대구선)가야3터널(외부대구),국가교통정보센터(고속도로),128.139994,35.699881,Y
E910435,(광주대구선)가조,국가교통정보센터(고속도로),128.019299,35.702414,Y
E910436,(광주대구선)가조터널(외부대구),국가교통정보센터(고속도로),128.062133,35.706575,Y
E910437,(광주대구선)갈계,국가교통정보센터(고속도로),127.59882,35.49272,Y
E910438,(광주대구선)강천산휴게소(광주),국가교통정보센터(고속도로),127.09554,35.36262,Y
E910439,(광주대구선)강천산휴게소(대구),국가교통정보센터(고속도로),127.105323,35.364859,Y
E910440,(광주대구선)거창,국가교통정보센터(고속도로),127.934595,35.67887,Y
E910441,(광주대구선)거창휴게소,국가교통정보센터(고속도로),128.056464,35.707293,Y
E910442,(광주대구선)건곡교,국가교통정보센터(고속도로),127.16503,35.36857,Y
E910443,(광주대구선)고령,국가교통정보센터(고속도로),128.242459,35.700729,Y
E910444,(광주대구선)고령분기점,국가교통정보센터(고속도로),128.3786111,35.75888889,Y
E910445,(광주대구선)고례1교,국가교통정보센터(고속도로),127.08394,35.35195,Y
E910446,(광주대구선)고죽1교,국가교통정보센터(고속도로),127.40848,35.43608,Y
E910447,(광주대구선)광치천교,국가교통정보센터(고속도로),127.38179,35.43146,Y
E910448,(광주대구선)광평천교,국가교통정보센터(고속도로),127.696779,35.543438,Y
E910449,(광주대구선)교룡육교,국가교통정보센터(고속도로),127.36684,35.42846,Y
E910450,(광주대구선)교산,국가교통정보센터(고속도로),127.73271,35.53489,Y
E910451,(광주대구선)금성교,국가교통정보센터(고속도로),127.0349659,35.3276133,Y
E910452,(광주대구선)금포2교,국가교통정보센터(고속도로),128.4195486,35.7693403,Y
E910453,(광주대구선)금포리,국가교통정보센터(고속도로),128.4372121,35.7743647,Y
E910454,(광주대구선)금포리2,국가교통정보센터(고속도로),128.444659,35.778115,Y
E910455,(광주대구선)기곡,국가교통정보센터(고속도로),126.9730546,35.2654039,Y
E910456,(광주대구선)기산2교,국가교통정보센터(고속도로),128.333568,35.745129,Y
E910457,(광주대구선)기산리,국가교통정보센터(고속도로),128.296833,35.723391,Y
E910458,(광주대구선)기족교,국가교통정보센터(고속도로),128.350391,35.750144,Y
E910459,(광주대구선)남계교,국가교통정보센터(고속도로),127.45267,35.46083,Y
E910460,(광주대구선)남상,국가교통정보센터(고속도로),127.874137878417,35.59419631958,Y
E910461,(광주대구선)남원,국가교통정보센터(고속도로),127.39515,35.42975,Y
E910462,(광주대구선)남원분기점,국가교통정보센터(고속도로),127.30717,35.40491,Y
E910463,(광주대구선)남원휴게소,국가교통정보센터(고속도로),127.34564,35.41695,Y
E910464,(광주대구선)내동1교,국가교통정보센터(고속도로),127.2860909,35.3907194,Y
E910465,(광주대구선)내동교,국가교통정보센터(고속도로),127.44443,35.45413,Y
E910466,(광주대구선)논공교,국가교통정보센터(고속도로),128.4313889,35.77,Y
E910467,(광주대구선)논공교2,국가교통정보센터(고속도로),128.427292,35.768286,Y
E910469,(광주대구선)논공교3,국가교통정보센터(고속도로),128.4285584,35.76866913,Y
E910468,(광주대구선)논공교4,국가교통정보센터(고속도로),128.430269,35.769574,Y
E910470,(광주대구선)논공휴게소,국가교통정보센터(고속도로),128.4025731,35.76619805,Y
E910471,(광주대구선)논공휴게소2,국가교통정보센터(고속도로),128.408724,35.767818,Y
E910472,(광주대구선)담양,국가교통정보센터(고속도로),126.9778458,35.27782982,Y
E910475,(광주대구선)담양1터널,국가교통정보센터(고속도로),127.0211163,35.323416,Y
E910473,(광주대구선)담양2터널,국가교통정보센터(고속도로),127.0092989,35.3179174,Y
E910474,(광주대구선)담양2터널(외부),국가교통정보센터(고속도로),126.9973771,35.3048932,Y
E910476,(광주대구선)담양분기점,국가교통정보센터(고속도로),126.96916667,35.25194444,Y
E910477,(광주대구선)당동,국가교통정보센터(고속도로),127.574684143066,35.4830665588378,Y
E910478,(광주대구선)대곡,국가교통정보센터(고속도로),127.02778484,35.32507684,Y
E910479,(광주대구선)대곡리,국가교통정보센터(고속도로),127.0628,35.33562,Y
E910480,(광주대구선)대기,국가교통정보센터(고속도로),127.49298,35.487224,Y
E910481,(광주대구선)대덕,국가교통정보센터(고속도로),127.7154,35.54169,Y
E910482,(광주대구선)대산육교,국가교통정보센터(고속도로),127.926552,35.659381,Y
E910483,(광주대구선)동고령,국가교통정보센터(고속도로),128.3625,35.75083333,Y
E910484,(광주대구선)동남원,국가교통정보센터(고속도로),127.47828,35.47605,Y
E910485,(광주대구선)동례교,국가교통정보센터(고속도로),128.008742,35.701927,Y
E910486,(광주대구선)두산,국가교통정보센터(고속도로),127.721305847167,35.5398979187011,Y
E910487,(광주대구선)둔동리,국가교통정보센터(고속도로),127.881912,35.606225,Y
E910488,(광주대구선)둔마1교,국가교통정보센터(고속도로),127.957158,35.703922,Y
E910489,(광주대구선)둔마2교,국가교통정보센터(고속도로),127.962651,35.706849,Y
E910490,(광주대구선)무촌1교,국가교통정보센터(고속도로),127.910545,35.639608,Y
E910491,(광주대구선)무촌2교,국가교통정보센터(고속도로),127.91518,35.641701,Y
E910492,(광주대구선)방축1교,국가교통정보센터(고속도로),127.071,35.34378,Y
E910493,(광주대구선)백전2터널,국가교통정보센터(고속도로),127.6359737,35.53147359,Y
E910494,(광주대구선)백전교,국가교통정보센터(고속도로),127.64073,35.53373,Y
E910495,(광주대구선)번암1터널,국가교통정보센터(고속도로),127.53068,35.48508,Y
E910496,(광주대구선)번암교,국가교통정보센터(고속도로),127.54473,35.47478,Y
E910497,(광주대구선)병곡1터널,국가교통정보센터(고속도로),127.677,35.54053,Y
E910498,(광주대구선)봉서교,국가교통정보센터(고속도로),127.0475,35.33333333,Y
E910499,(광주대구선)부절교,국가교통정보센터(고속도로),127.4672,35.47119,Y
E910500,(광주대구선)사부1교,국가교통정보센터(고속도로),128.307197,35.736438,Y
E910501,(광주대구선)사치터널,국가교통정보센터(고속도로),127.557945,35.476656,Y
E910502,(광주대구선)산곡,국가교통정보센터(고속도로),127.364135742187,35.4263572692871,Y
E910503,(광주대구선)산동1터널,국가교통정보센터(고속도로),127.49019,35.48642,Y
E910504,(광주대구선)산동2터널,국가교통정보센터(고속도로),127.49831,35.489,Y
E910505,(광주대구선)산동3터널(광주),국가교통정보센터(고속도로),127.50047,35.49019,Y
E910506,(광주대구선)산동3터널(대구),국가교통정보센터(고속도로),127.49916,35.48988,Y
E910507,(광주대구선)산동4터널,국가교통정보센터(고속도로),127.50383,35.49104,Y
E910508,(광주대구선)산동5터널,국가교통정보센터(고속도로),127.50953,35.49068,Y
E910509,(광주대구선)산동5터널(대구),국가교통정보센터(고속도로),127.5081024,35.4908459,Y
E910510,(광주대구선)산동6터널,국가교통정보센터(고속도로),127.517671,35.489783,Y
E910511,(광주대구선)산동6터널(대구),국가교통정보센터(고속도로),127.5158527,35.4898172,Y
E910512,(광주대구선)산동7터널,국가교통정보센터(고속도로),127.52297,35.48881,Y
E910513,(광주대구선)산동7터널(대구),국가교통정보센터(고속도로),127.5215854,35.4889913,Y
E910514,(광주대구선)살피재터널(외부광주),국가교통정보센터(고속도로),127.97405,35.70933,Y
E910515,(광주대구선)살피재터널(외부대구),국가교통정보센터(고속도로),127.98897,35.70468,Y
E910516,(광주대구선)생태터널,국가교통정보센터(고속도로),127.36093,35.42178,Y
E910517,(광주대구선)송변교,국가교통정보센터(고속도로),127.924449,35.648955,Y
E910518,(광주대구선)순창,국가교통정보센터(고속도로),127.13339,35.36401,Y
E910519,(광주대구선)식정1교,국가교통정보센터(고속도로),127.417434692382,35.4382858276367,Y
E910520,(광주대구선)쌍림터널(외부광주),국가교통정보센터(고속도로),128.217044,35.705649,Y
E910521,(광주대구선)안림천교,국가교통정보센터(고속도로),128.25748,35.703059,Y
E910523,(광주대구선)야로2터널(외부광주),국가교통정보센터(고속도로),128.149373,35.694549,Y
E910522,(광주대구선)야로3터널(외부대구),국가교통정보센터(고속도로),128.20211,35.70053,Y
E910524,(광주대구선)야로대교1,국가교통정보센터(고속도로),128.163263,35.692244,Y
E910525,(광주대구선)야로대교2,국가교통정보센터(고속도로),128.18014,35.696309,Y
E910526,(광주대구선)양전교,국가교통정보센터(고속도로),128.297929,35.724838,Y
E910527,(광주대구선)양전리1,국가교통정보센터(고속도로),128.292246,35.713681,Y
E910528,(광주대구선)양전리2,국가교통정보센터(고속도로),128.296275,35.721422,Y
E910531,(광주대구선)오계교,국가교통정보센터(고속도로),127.897155,35.627331,Y
E910532,(광주대구선)오례천교,국가교통정보센터(고속도로),126.9827494,35.2908058,Y
E910529,(광주대구선)옥계1교,국가교통정보센터(고속도로),127.65573,35.53836,Y
E910533,(광주대구선)옥율천교,국가교통정보센터(고속도로),127.32609,35.4129,Y
E910534,(광주대구선)옥택천1교,국가교통정보센터(고속도로),127.20457,35.37249,Y
E910530,(광주대구선)옥포분기점,국가교통정보센터(고속도로),128.4513889,35.78138889,Y
E910535,(광주대구선)외이2교,국가교통정보센터(고속도로),127.18478,35.36604,Y
E910536,(광주대구선)요천,국가교통정보센터(고속도로),127.454036,35.468184,Y
E910537,(광주대구선)요천교,국가교통정보센터(고속도로),127.42909,35.44243,Y
E910538,(광주대구선)용동천1교,국가교통정보센터(고속도로),128.201818,35.695096,Y
E910539,(광주대구선)우명교,국가교통정보센터(고속도로),127.794387,35.548702,Y
E910540,(광주대구선)원평교,국가교통정보센터(고속도로),127.779023,35.539693,Y
E910541,(광주대구선)월막리,국가교통정보센터(고속도로),128.194694,35.696141,Y
E910542,(광주대구선)의지,국가교통정보센터(고속도로),127.61871,35.52331,Y
E910543,(광주대구선)일부육교,국가교통정보센터(고속도로),128.03492,35.706666,Y
E910544,(광주대구선)입암,국가교통정보센터(고속도로),127.22246,35.38124,Y
E910545,(광주대구선)정장교,국가교통정보센터(고속도로),127.931841,35.676064,Y
E910546,(광주대구선)주산1교,국가교통정보센터(고속도로),126.9625848,35.2405117,Y
E910547,(광주대구선)죽산교,국가교통정보센터(고속도로),127.843203,35.566927,Y
E910548,(광주대구선)죽산천교,국가교통정보센터(고속도로),127.838182,35.560294,Y
E910549,(광주대구선)지곡,국가교통정보센터(고속도로),127.760938,35.532314,Y
E910550,(광주대구선)지리산,국가교통정보센터(고속도로),127.58885,35.48363,Y
E910551,(광주대구선)지리산휴게소,국가교통정보센터(고속도로),127.56355,35.4801,Y
E910552,(광주대구선)청계,국가교통정보센터(고속도로),127.6046,35.50873,Y
E910553,(광주대구선)춘전1육교,국가교통정보센터(고속도로),127.854962,35.582356,Y
E910554,(광주대구선)춘전2육교,국가교통정보센터(고속도로),127.856561,35.583979,Y
E910555,(광주대구선)춘전리,국가교통정보센터(고속도로),127.852816,35.580052,Y
E910556,(광주대구선)춘전재토석류,국가교통정보센터(고속도로),127.8593908,35.5863511,Y
E910557,(광주대구선)풍촌교,국가교통정보센터(고속도로),127.29502,35.40067,Y
E910558,(광주대구선)학동,국가교통정보센터(고속도로),126.973817,35.271403,Y
E910559,(광주대구선)함양,국가교통정보센터(고속도로),127.749608,35.532803,Y
E910560,(광주대구선)함양분기점,국가교통정보센터(고속도로),127.769735,35.535003,Y
E910561,(광주대구선)함양산삼골휴게소,국가교통정보센터(고속도로),127.808463,35.551076,Y
E910562,(광주대구선)해인사,국가교통정보센터(고속도로),128.183622,35.697466,Y
E910563,(광주대구선)황강천교,국가교통정보센터(고속도로),127.942824,35.694233,Y
E910564,(광주대구선)회천대교,국가교통정보센터(고속도로),128.285632,35.711701,Y
E910565,(광주외곽순환선)고룡,국가교통정보센터(고속도로),126.773918,35.213531,Y
E910566,(광주외곽순환선)고룡1교,국가교통정보센터(고속도로),126.765777,35.203591,Y
E910567,(광주외곽순환선)고룡2교,국가교통정보센터(고속도로),126.767818,35.207616,Y
E910568,(광주외곽순환선)남광산,국가교통정보센터(고속도로),126.752916,35.189053,Y
E910569,(광주외곽순환선)남광산영업소,국가교통정보센터(고속도로),126.756016,35.191701,Y
E910570,(광주외곽순환선)남장성,국가교통정보센터(고속도로),126.790169,35.223977,Y
E910571,(광주외곽순환선)남장성분기점,국가교통정보센터(고속도로),126.797527,35.256277,Y
E910572,(광주외곽순환선)남장성영업소,국가교통정보센터(고속도로),126.793422,35.222708,Y
E910573,(광주외곽순환선)녹진,국가교통정보센터(고속도로),126.794688,35.245197,Y
E910574,(광주외곽순환선)산막교,국가교통정보센터(고속도로),126.762494,35.197036,Y
E910575,(광주외곽순환선)진무2교,국가교통정보센터(고속도로),126.782149,35.217406,Y
E910576,(광주외곽순환선)평산1교,국가교통정보센터(고속도로),126.793657,35.236315,Y
E910577,(광주외곽순환선)행정,국가교통정보센터(고속도로),126.792847,35.230128,Y
E910578,(구리포천선)(소흘)석문령터널(소흘외부),국가교통정보센터(고속도로),127.109755,37.833544,Y
E910579,(구리포천선)(양주)석문령터널(양주외부),국가교통정보센터(고속도로),127.131704,37.825673,Y
E910580,(구리포천선)갈매2육교,국가교통정보센터(고속도로),127.122101,37.628211,Y
E910581,(구리포천선)감암1교(포천),국가교통정보센터(고속도로),127.186052,37.854348,Y
E910582,(구리포천선)구리터널구리터널관리사무소,국가교통정보센터(고속도로),127.114753,37.605437,Y
E910583,(구리포천선)남구리IC,국가교통정보센터(고속도로),127.1321045,37.5787122,Y
E910584,(구리포천선)남별내IC,국가교통정보센터(고속도로),127.1380926,37.67359068,Y
E910585,(구리포천선)동의정부IC북측,국가교통정보센터(고속도로),127.112858,37.722391,Y
E910586,(구리포천선)민락IC,국가교통정보센터(고속도로),127.121812,37.748925,Y
E910587,(구리포천선)방축1교(구리),국가교통정보센터(고속도로),127.160027,37.834359,Y
E910588,(구리포천선)별내2교,국가교통정보센터(고속도로),127.133719,37.655671,Y
E910589,(구리포천선)별내휴게소,국가교통정보센터(고속도로),127.1270427,37.69271861,Y
E910590,(구리포천선)선단IC교(구리),국가교통정보센터(고속도로),127.168671,37.845656,Y
E910591,(구리포천선)소흘IC,국가교통정보센터(고속도로),127.131448,37.796055,Y
E910592,(구리포천선)소흘JC,국가교통정보센터(고속도로),127.141844,37.815119,Y
E910593,(구리포천선)신북IC,국가교통정보센터(고속도로),127.217947,37.911863,Y
E910594,(구리포천선)신북TG,국가교통정보센터(고속도로),127.2259354,37.8987764,Y
E910595,(구리포천선)양주IC,국가교통정보센터(고속도로),127.088967,37.841291,Y
E910596,(구리포천선)옥정IC,국가교통정보센터(고속도로),127.101883,37.839389,Y
E910597,(구리포천선)용연천1교,국가교통정보센터(고속도로),127.128938,37.638727,Y
E910598,(구리포천선)유교교(구리),국가교통정보센터(고속도로),127.198988,37.868699,Y
E910599,(구리포천선)의정부휴게소(구리),국가교통정보센터(고속도로),127.1192443,37.74044607,Y
E910600,(구리포천선)이동교1교,국가교통정보센터(고속도로),127.1226351,37.78123278,Y
E910601,(구리포천선)중랑IC교,국가교통정보센터(고속도로),127.1142728,37.61344992,Y
E910602,(구리포천선)포천IC남측,국가교통정보센터(고속도로),127.213113,37.876723,Y
E910603,(구리포천선)포천IC북측,국가교통정보센터(고속도로),127.222655,37.886845,Y
E910605,(남해1지선)내서분기점,국가교통정보센터(고속도로),128.5148788,35.2587783,Y
E910606,(남해1지선)동마산,국가교통정보센터(고속도로),128.5958575,35.25234172,Y
E910626,(남해1지선)두곡교,국가교통정보센터(고속도로),128.545684814453,35.2384719848632,Y
E910607,(남해1지선)두척천교,국가교통정보센터(고속도로),128.53805,35.24079,Y
E910627,(남해1지선)마산영업소,국가교통정보센터(고속도로),128.608215332031,35.2609252929687,Y
E910628,(남해1지선)산인,국가교통정보센터(고속도로),128.485046386718,35.2703208923339,Y
E910608,(남해1지선)산인고개,국가교통정보센터(고속도로),128.4889271,35.26525245,Y
E910609,(남해1지선)서마산,국가교통정보센터(고속도로),128.5616695,35.23510319,Y
E910629,(남해1지선)용강,국가교통정보센터(고속도로),128.63638305664,35.2732353210449,Y
E910610,(남해1지선)용담1,국가교통정보센터(고속도로),128.49171,35.26341,Y
E910611,(남해1지선)용담2,국가교통정보센터(고속도로),128.50597,35.26411,Y
E910617,(남해1지선)용담육교,국가교통정보센터(고속도로),128.498188,35.263167,Y
E910618,(남해1지선)중리육교,국가교통정보센터(고속도로),128.520833,35.248889,Y
E910619,(남해1지선)창원고개,국가교통정보센터(고속도로),128.6306331,35.27044731,Y
E910620,(남해1지선)합성교,국가교통정보센터(고속도로),128.5741039,35.24435684,Y
E910612,(남해2지선)가락,국가교통정보센터(고속도로),128.8964925,35.1650027,Y
E910630,(남해2지선)서낙동강교,국가교통정보센터(고속도로),128.905054,35.163921,Y
E910621,(남해2지선)서부산,국가교통정보센터(고속도로),128.94535,35.15716,Y
E910604,(남해2지선)서부산낙동강교(종점),국가교통정보센터(고속도로),128.972074,35.152833,Y
E910622,(남해2지선)서부산영업소,국가교통정보센터(고속도로),128.8716714,35.17214326,Y
E910613,(남해2지선)서부산종점,국가교통정보센터(고속도로),128.954121,35.155353,Y
E910631,(남해2지선)수가육교,국가교통정보센터(고속도로),128.880319,35.16839,Y
E910623,(남해2지선)순아교,국가교통정보센터(고속도로),128.92316,35.16065,Y
E910632,(남해2지선)용산교,국가교통정보센터(고속도로),128.819353,35.188601,Y
E910624,(남해2지선)용산육교,국가교통정보센터(고속도로),128.8229226,35.17827686,Y
E910633,(남해2지선)응달육교,국가교통정보센터(고속도로),128.835428,35.176586,Y
E910614,(남해2지선)장유,국가교통정보센터(고속도로),128.8082262,35.19730292,Y
E910615,(남해2지선)장유휴게소,국가교통정보센터(고속도로),128.794952,35.208638,Y
E910616,(남해2지선)제1농로육교,국가교통정보센터(고속도로),128.93967,35.15832,Y
E910625,(남해2지선)태정육교,국가교통정보센터(고속도로),128.8542882,35.17822236,Y
E910634,(남해선(영암순천))도안1교,국가교통정보센터(고속도로),127.13333,34.811928,Y
E910635,(남해선)(부산)창원1터널(부산외부1),국가교통정보센터(고속도로),128.556108,35.290901,Y
E910636,(남해선)(부산)하동터널(부산11),국가교통정보센터(고속도로),127.794733,34.989059,Y
E910637,(남해선)(부산)함안2터널(부산외부),국가교통정보센터(고속도로),128.528839111328,35.2841300964355,Y
E910638,(남해선)(순천)고흥터널(순천외부),국가교통정보센터(고속도로),127.363197,34.824603,Y
E910639,(남해선)(순천)장동1터널(순천외부),국가교통정보센터(고속도로),126.969653,34.738651,Y
E910640,(남해선)(순천)조성2터널(순천외부),국가교통정보센터(고속도로),127.242574,34.828752,Y
E910641,(남해선)(순천)초암산터널(순천외부),국가교통정보센터(고속도로),127.196723,34.820346,Y
E910642,(남해선)(순천)하동터널(순천11),국가교통정보센터(고속도로),127.796461,34.989252,Y
E910644,(남해선)(영암)강진2터널(영암외부),국가교통정보센터(고속도로),126.791568,34.685911,Y
E910643,(남해선)(영암)강진3터널(영암외부),국가교통정보센터(고속도로),126.810326,34.684053,Y
E910645,(남해선)(영암)벌교3터널(영암외부),국가교통정보센터(고속도로),127.340965,34.823939,Y
E910646,(남해선)(영암)별량3터널(영암외부),국가교통정보센터(고속도로),127.435011,34.875101,Y
E910647,(남해선)(영암)장동1터널(영암외부),국가교통정보센터(고속도로),126.989481,34.754964,Y
E910648,(남해선)가덕천,국가교통정보센터(고속도로),128.282186,35.269937,Y
E910649,(남해선)가야천교,국가교통정보센터(고속도로),128.411375,35.284969,Y
E910650,(남해선)가좌육교1,국가교통정보센터(고속도로),128.11436,35.15917,Y
E910651,(남해선)가화천교,국가교통정보센터(고속도로),128.034337,35.080161,Y
E910653,(남해선)강진1터널,국가교통정보센터(고속도로),126.746474,34.697216,Y
E910652,(남해선)강진1터널,국가교통정보센터(고속도로),126.7346089,34.697629,Y
E910654,(남해선)강진2터널순천외부,국가교통정보센터(고속도로),126.777571,34.685884,Y
E910655,(남해선)강진4터널순천외부,국가교통정보센터(고속도로),126.836323,34.681141,Y
E910656,(남해선)강진4터널영암외부,국가교통정보센터(고속도로),126.857095,34.688333,Y
E910657,(남해선)강진무위사,국가교통정보센터(고속도로),126.7130526,34.69781727,Y
E910658,(남해선)개양육교,국가교통정보센터(고속도로),128.104971,35.149031,Y
E910659,(남해선)검정교,국가교통정보센터(고속도로),128.025001,35.076998,Y
E910660,(남해선)곤양,국가교통정보센터(고속도로),127.9651789,35.05606994,Y
E910661,(남해선)광곡천교,국가교통정보센터(고속도로),127.0641367,34.8076548,Y
E910662,(남해선)광양,국가교통정보센터(고속도로),127.60417,34.9725,Y
E910663,(남해선)광양졸음쉼터,국가교통정보센터(고속도로),127.584266662597,34.9867973327636,Y
E910664,(남해선)광양터널,국가교통정보센터(고속도로),127.6611,34.96918,Y
E910665,(남해선)구룡교,국가교통정보센터(고속도로),128.6401672,35.27521515,Y
E910666,(남해선)구상,국가교통정보센터(고속도로),127.550102233886,34.991283416748,Y
E910667,(남해선)군북,국가교통정보센터(고속도로),128.32499,35.28146,Y
E910668,(남해선)군북교,국가교통정보센터(고속도로),128.315708,35.2796,Y
E910669,(남해선)금곡,국가교통정보센터(고속도로),128.2667,35.21713,Y
E910670,(남해선)금당교,국가교통정보센터(고속도로),127.85202,35.0216,Y
E910671,(남해선)김해육교,국가교통정보센터(고속도로),128.885902,35.224079,Y
E910672,(남해선)김해졸음쉼터,국가교통정보센터(고속도로),128.87423,35.22148,Y
E910673,(남해선)김해터널,국가교통정보센터(고속도로),128.748812,35.268612,Y
E910674,(남해선)김해터널(부산)외부,국가교통정보센터(고속도로),128.732625,35.277074,Y
E910675,(남해선)남산철교,국가교통정보센터(고속도로),128.6630005,35.27056547,Y
E910676,(남해선)남순천영업소,국가교통정보센터(고속도로),127.44831,34.88259,Y
E910677,(남해선)남양2교,국가교통정보센터(고속도로),127.148794,34.808275,Y
E910678,(남해선)남해금계1교,국가교통정보센터(고속도로),126.59207,34.7303436,Y
E910679,(남해선)남해금계2교,국가교통정보센터(고속도로),126.6020219,34.7279723,Y
E910680,(남해선)남해수암교,국가교통정보센터(고속도로),126.7263345,34.6955435,Y
E910681,(남해선)남해청룡1교,국가교통정보센터(고속도로),126.563631,34.737234,Y
E910682,(남해선)내안교,국가교통정보센터(고속도로),126.89325,34.701658,Y
E910683,(남해선)냉정분기점,국가교통정보센터(고속도로),128.795401,35.219931,Y
E910684,(남해선)냉정분기점1,국가교통정보센터(고속도로),128.789966,35.222132,Y
E910685,(남해선)대련교,국가교통정보센터(고속도로),127.039453,34.7803825,Y
E910686,(남해선)대저,국가교통정보센터(고속도로),128.96634,35.21973,Y
E910687,(남해선)대저2,국가교통정보센터(고속도로),128.951571,35.222929,Y
E910688,(남해선)덕산,국가교통정보센터(고속도로),128.66893005371,35.2718200683593,Y
E910689,(남해선)덕산육교,국가교통정보센터(고속도로),128.6793685,35.27534372,Y
E910690,(남해선)덕정,국가교통정보센터(고속도로),127.472646,34.893823,Y
E910691,(남해선)덕정3교,국가교통정보센터(고속도로),127.466078,34.890866,Y
E910692,(남해선)덕천,국가교통정보센터(고속도로),127.8263,35.00498,Y
E910693,(남해선)덕천종점,국가교통정보센터(고속도로),128.977165,35.219089,Y
E910695,(남해선)도롱교차로,국가교통정보센터(고속도로),127.529387,34.904569,Y
E910694,(남해선)독천교,국가교통정보센터(고속도로),126.55212,34.73782,Y
E910696,(남해선)동광양,국가교통정보센터(고속도로),127.6471,34.96491,Y
E910697,(남해선)동김해,국가교통정보센터(고속도로),128.900466,35.225335,Y
E910698,(남해선)동석교,국가교통정보센터(고속도로),127.56278,34.98780875,Y
E910699,(남해선)동창원,국가교통정보센터(고속도로),128.6946006,35.27795479,Y
E910700,(남해선)마동교,국가교통정보센터(고속도로),127.308319091796,34.8342018127441,Y
E910701,(남해선)망덕,국가교통정보센터(고속도로),127.736645,34.980587,Y
E910702,(남해선)망덕교,국가교통정보센터(고속도로),128.8350527,35.223038,Y
E910703,(남해선)명교,국가교통정보센터(고속도로),127.85486,35.022478,Y
E910706,(남해선)무기,국가교통정보센터(고속도로),128.5341339,35.28530502,Y
E910704,(남해선)묵곡,국가교통정보센터(고속도로),128.017639160156,35.074836730957,Y
E910705,(남해선)묵동1교,국가교통정보센터(고속도로),126.65975,34.703806,Y
E910707,(남해선)문산,국가교통정보센터(고속도로),128.1604,35.17233,Y
E910708,(남해선)미력1터널,국가교통정보센터(고속도로),127.073399,34.812849,Y
E910709,(남해선)박곡,국가교통정보센터(고속도로),128.27693,35.26023,Y
E910710,(남해선)박곡2,국가교통정보센터(고속도로),128.299136,35.276779,Y
E910711,(남해선)박곡교,국가교통정보센터(고속도로),128.27543,35.25624,Y
E910712,(남해선)방촌육교,국가교통정보센터(고속도로),128.240487,35.198711,Y
E910713,(남해선)백련,국가교통정보센터(고속도로),127.88109,35.03832,Y
E910714,(남해선)벌교,국가교통정보센터(고속도로),127.301058,34.835019,Y
E910715,"(남해선)벌교1,2터널",국가교통정보센터(고속도로),127.2729694,34.832725,Y
E910716,(남해선)벌교2터널,국가교통정보센터(고속도로),127.285983,34.835108,Y
E910717,(남해선)벌교3터널순천외부,국가교통정보센터(고속도로),127.316906,34.829826,Y
E910718,(남해선)벌교대교,국가교통정보센터(고속도로),127.377375,34.823203,Y
E910719,(남해선)벌교대교,국가교통정보센터(고속도로),127.39227,34.82968,Y
E910720,(남해선)별량1터널순천외부,국가교통정보센터(고속도로),127.401425,34.843648,Y
E910721,(남해선)별량2터널순천외부1,국가교통정보센터(고속도로),127.41154,34.85805,Y
E910722,(남해선)별량2터널순천외부2,국가교통정보센터(고속도로),127.425493,34.867445,Y
E910723,(남해선)보성,국가교통정보센터(고속도로),127.104394,34.813881,Y
E910724,(남해선)보성터널순천외부,국가교통정보센터(고속도로),127.01466,34.76743,Y
E910725,(남해선)보성터널영암외부,국가교통정보센터(고속도로),127.03274,34.77647,Y
E910726,(남해선)보성휴게소,국가교통정보센터(고속도로),127.12745,34.813031,Y
E910727,(남해선)보성휴게소,국가교통정보센터(고속도로),127.183403,34.80955,Y
E910728,(남해선)봉강교,국가교통정보센터(고속도로),127.582092285156,34.9869308471679,Y
E910731,(남해선)부산천교,국가교통정보센터(고속도로),126.95925,34.735239,Y
E910729,(남해선)북부산영업소,국가교통정보센터(고속도로),128.942391,35.222052,Y
E910730,(남해선)북창원,국가교통정보센터(고속도로),128.6048319,35.28652609,Y
E910732,(남해선)불암교,국가교통정보센터(고속도로),128.93288,35.222213,Y
E910733,(남해선)사다,국가교통정보센터(고속도로),128.08560180664,35.1130561828613,Y
E910734,(남해선)사도,국가교통정보센터(고속도로),128.317411,35.279508,Y
E910735,(남해선)사천,국가교통정보센터(고속도로),128.093782,35.119382,Y
E910736,(남해선)사천휴게소,국가교통정보센터(고속도로),128.0007959,35.07328456,Y
E910737,(남해선)산인분기점,국가교통정보센터(고속도로),128.4809753,35.27256372,Y
E910738,(남해선)산인터널(부산1),국가교통정보센터(고속도로),128.441407,35.272565,Y
E910739,(남해선)산인터널(순천1),국가교통정보센터(고속도로),128.459183,35.271476,Y
E910740,(남해선)삼당,국가교통정보센터(고속도로),126.792028,34.685518,Y
E910741,(남해선)상월2교,국가교통정보센터(고속도로),126.624861,34.720833,Y
E910742,(남해선)상월천교,국가교통정보센터(고속도로),126.6304816,34.7112827,Y
E910743,(남해선)서김해,국가교통정보센터(고속도로),128.8500414,35.22047161,Y
E910744,(남해선)서순천,국가교통정보센터(고속도로),127.4828424,35.00323479,Y
E910745,(남해선)서영암,국가교통정보센터(고속도로),126.52936,34.75316,Y
E910746,(남해선)서영암영업소,국가교통정보센터(고속도로),126.571583,34.737917,Y
E910747,(남해선)서정,국가교통정보센터(고속도로),127.956993103027,35.0532188415527,Y
E910748,(남해선)선소,국가교통정보센터(고속도로),127.761039733886,34.9798507690429,Y
E910749,(남해선)선유,국가교통정보센터(고속도로),127.66421508789,34.9745254516601,Y
E910750,(남해선)선평교,국가교통정보센터(고속도로),127.497864,34.992033,Y
E910751,(남해선)섬진강휴게소,국가교통정보센터(고속도로),127.77112,34.986133,Y
E910752,(남해선)성불,국가교통정보센터(고속도로),126.856319,34.687826,Y
E910753,(남해선)성전교,국가교통정보센터(고속도로),126.69898,34.69657,Y
E910754,(남해선)성평교,국가교통정보센터(고속도로),127.843368530273,35.014720916748,Y
E910755,(남해선)소문,국가교통정보센터(고속도로),128.140274047851,35.1667366027832,Y
E910756,(남해선)수남,국가교통정보센터(고속도로),127.173736572265,34.8058204650878,Y
E910757,(남해선)수남1교,국가교통정보센터(고속도로),127.166011,34.805581,Y
E910758,(남해선)수어천교,국가교통정보센터(고속도로),127.721529,34.988536,Y
E910759,(남해선)순천,국가교통정보센터(고속도로),127.5164295,34.98736526,Y
E910760,(남해선)순천만,국가교통정보센터(고속도로),127.482269,34.897767,Y
E910761,(남해선)순천만1교,국가교통정보센터(고속도로),127.497981,34.896883,Y
E910762,(남해선)순천분기점,국가교통정보센터(고속도로),127.5375,34.99111111,Y
E910763,(남해선)승산,국가교통정보센터(고속도로),128.27195739746,35.2226486206054,Y
E910764,(남해선)신금,국가교통정보센터(고속도로),127.709327697753,34.9860725402832,Y
E910765,(남해선)신덕2교,국가교통정보센터(고속도로),126.53657,34.74642,Y
E910766,(남해선)안심교,국가교통정보센터(고속도로),127.865987,35.026993,Y
E910767,(남해선)압곡,국가교통정보센터(고속도로),127.525161743164,34.989818572998,Y
E910768,(남해선)양동,국가교통정보센터(고속도로),128.81309,35.22126,Y
E910769,(남해선)양동육교,국가교통정보센터(고속도로),128.805942,35.219716,Y
E910770,(남해선)억만교,국가교통정보센터(고속도로),127.6265414,34.9630613,Y
E910771,(남해선)영암휴게소,국가교통정보센터(고속도로),126.6402985,34.70727857,Y
E910772,(남해선)영암휴게소,국가교통정보센터(고속도로),126.6352453,34.7081341,Y
E910773,(남해선)옥곡,국가교통정보센터(고속도로),127.704631,34.987096,Y
E910775,(남해선)용강1육교,국가교통정보센터(고속도로),127.606903076171,34.9697456359863,Y
E910774,(남해선)용강2육교,국가교통정보센터(고속도로),127.614143371582,34.9630470275878,Y
E910776,(남해선)용잠,국가교통정보센터(고속도로),128.687799,35.276061,Y
E910777,(남해선)용정,국가교통정보센터(고속도로),128.52417,35.28336,Y
E910778,(남해선)용호,국가교통정보센터(고속도로),127.054578,34.799165,Y
E910779,(남해선)용호교,국가교통정보센터(고속도로),127.0484653,34.7939873,Y
E910780,(남해선)원계교,국가교통정보센터(고속도로),128.07441,35.10709,Y
E910781,(남해선)원월교,국가교통정보센터(고속도로),127.687522888183,34.990493774414,Y
E910782,(남해선)원월철육교,국가교통정보센터(고속도로),127.67867,34.98881,Y
E910783,(남해선)월평1교,국가교통정보센터(고속도로),126.6809455,34.6984671,Y
E910784,(남해선)장동1터널외부(순천),국가교통정보센터(고속도로),126.988319,34.75349,Y
E910785,(남해선)장동1터널외부(영암),국가교통정보센터(고속도로),126.970943,34.739718,Y
E910786,"(남해선)장동2,3터널",국가교통정보센터(고속도로),126.9995,34.763167,Y
E910787,(남해선)장지,국가교통정보센터(고속도로),128.34072,35.29257,Y
E910788,(남해선)장지1교,국가교통정보센터(고속도로),128.349427,35.291751,Y
E910789,(남해선)장흥,국가교통정보센터(고속도로),126.907028,34.708694,Y
E910790,"(남해선)장흥1,2터널",국가교통정보센터(고속도로),126.869284,34.693088,Y
E910791,"(남해선)장흥2,3터널",국가교통정보센터(고속도로),126.88275,34.6963333,Y
E910792,"(남해선)제암산1,2터널",국가교통정보센터(고속도로),126.9413889,34.72972222,Y
E910793,(남해선)조성2터널영암외부,국가교통정보센터(고속도로),127.26469,34.83055,Y
E910794,(남해선)주촌교,국가교통정보센터(고속도로),128.841651,35.221417,Y
E910795,(남해선)죽림,국가교통정보센터(고속도로),127.650485,34.963449,Y
E910796,(남해선)죽평,국가교통정보센터(고속도로),127.492691040039,34.9977531433105,Y
E910797,(남해선)지곡,국가교통정보센터(고속도로),127.57554,34.986498,Y
E910798,(남해선)지본교,국가교통정보센터(고속도로),127.505096435546,34.9904441833496,Y
E910799,(남해선)지수,국가교통정보센터(고속도로),128.2715734,35.22796237,Y
E910800,(남해선)지수금곡,국가교통정보센터(고속도로),128.256791,35.207307,Y
E910801,(남해선)지수청담,국가교통정보센터(고속도로),128.274543,35.23729048,Y
E910802,(남해선)진교,국가교통정보센터(고속도로),127.9048822,35.04152473,Y
E910803,(남해선)진교교,국가교통정보센터(고속도로),127.8902292,35.04027408,Y
E910804,(남해선)진교터널,국가교통정보센터(고속도로),127.936918,35.054778,Y
E910805,(남해선)진례,국가교통정보센터(고속도로),128.7550549,35.26118207,Y
E910806,(남해선)진례분기점,국가교통정보센터(고속도로),128.77293395996,35.2297744750976,Y
E910807,(남해선)진례분기점2,국가교통정보센터(고속도로),128.784427,35.225994,Y
E910808,(남해선)진례천교,국가교통정보센터(고속도로),128.7725167,35.22973751,Y
E910809,(남해선)진성,국가교통정보센터(고속도로),128.22847,35.194607,Y
E910810,(남해선)진영분기점,국가교통정보센터(고속도로),128.705801,35.279242,Y
E910811,(남해선)진영휴게소,국가교통정보센터(고속도로),128.7316205,35.27783621,Y
E910812,(남해선)진월,국가교통정보센터(고속도로),127.7482084,34.98016219,Y
E910813,(남해선)진정천교,국가교통정보센터(고속도로),127.802261352539,34.9909515380859,Y
E910814,(남해선)진주,국가교통정보센터(고속도로),128.129245,35.164611,Y
E910815,(남해선)진주1터널(부산1),국가교통정보센터(고속도로),128.180279,35.174191,Y
E910816,(남해선)진주1터널(순천),국가교통정보센터(고속도로),128.191877,35.180163,Y
E910817,(남해선)진주1터널(순천1),국가교통정보센터(고속도로),128.183198,35.175699,Y
E910818,(남해선)진주1터널외부2,국가교통정보센터(고속도로),128.174359,35.172385,Y
E910819,(남해선)진주2터널,국가교통정보센터(고속도로),128.220072,35.182883,Y
E910820,(남해선)진주2터널(외부2),국가교통정보센터(고속도로),128.197467,35.180882,Y
E910821,(남해선)진주2터널외부1,국가교통정보센터(고속도로),128.211141,35.182102,Y
E910822,(남해선)진주분기점1,국가교통정보센터(고속도로),128.097832,35.138265,Y
E910823,(남해선)진주분기점2,국가교통정보센터(고속도로),128.099285,35.143003,Y
E910824,(남해선)창원1터널,국가교통정보센터(고속도로),128.552432,35.291759,Y
E910825,(남해선)창원1터널(부산)7,국가교통정보센터(고속도로),128.580356,35.289234,Y
E910826,(남해선)창원1터널(부산)외부2,국가교통정보센터(고속도로),128.59586,35.28761,Y
E910827,(남해선)창원1터널(순천)7,국가교통정보센터(고속도로),128.574434,35.289742,Y
E910828,(남해선)창원2터널(부산)외부,국가교통정보센터(고속도로),128.618558,35.282341,Y
E910829,(남해선)창원2터널(순천)외부,국가교통정보센터(고속도로),128.63655,35.27581,Y
E910830,(남해선)창원분기점,국가교통정보센터(고속도로),128.647722,35.27514,Y
E910831,(남해선)청담,국가교통정보센터(고속도로),128.275021,35.24761,Y
E910832,(남해선)청룡교,국가교통정보센터(고속도로),127.674949645996,34.9805831909179,Y
E910833,(남해선)초암산,국가교통정보센터(고속도로),127.196708679199,34.8204383850097,Y
E910834,(남해선)초암산터널순천4,국가교통정보센터(고속도로),127.205065,34.825324,Y
E910835,(남해선)초암산터널영암7,국가교통정보센터(고속도로),127.21236,34.82779,Y
E910836,(남해선)초암산터널영암외부,국가교통정보센터(고속도로),127.220772,34.82853,Y
E910837,(남해선)초전2교,국가교통정보센터(고속도로),128.760613,35.243908,Y
E910838,(남해선)축내,국가교통정보센터(고속도로),127.24285,34.828918,Y
E910839,(남해선)축동2,국가교통정보센터(고속도로),128.04638671875,35.0872955322265,Y
E910840,(남해선)축동정류장,국가교통정보센터(고속도로),128.055918,35.088476,Y
E910841,(남해선)칠원분기점,국가교통정보센터(고속도로),128.5068257,35.286789,Y
E910842,(남해선)탑리,국가교통정보센터(고속도로),128.068298339843,35.0989189147949,Y
E910843,(남해선)탑리교,국가교통정보센터(고속도로),128.065891,35.095225,Y
E910844,(남해선)토마육교,국가교통정보센터(고속도로),126.8169993,34.6821334,Y
E910845,(남해선)평기1교,국가교통정보센터(고속도로),126.7581672,34.69241717,Y
E910846,(남해선)하동,국가교통정보센터(고속도로),127.8140637,35.00265681,Y
E910847,(남해선)하동금성,국가교통정보센터(고속도로),127.7801796,34.98891823,Y
E910848,(남해선)하산,국가교통정보센터(고속도로),126.972191,34.740206,Y
E910849,(남해선)하삼교,국가교통정보센터(고속도로),127.83707,35.005276,Y
E910850,(남해선)하선교,국가교통정보센터(고속도로),127.66892,34.976691,Y
E910851,(남해선)함안,국가교통정보센터(고속도로),128.4001259,35.28771462,Y
E910853,(남해선)함안1터널(부산)외부,국가교통정보센터(고속도로),128.487874,35.276508,Y
E910854,(남해선)함안1터널(순천)외부,국가교통정보센터(고속도로),128.494705,35.280789,Y
E910852,(남해선)함안2터널,국가교통정보센터(고속도로),128.536501,35.285675,Y
E910855,(남해선)함안고개,국가교통정보센터(고속도로),128.367789,35.293031,Y
E910856,(남해선)함안천교,국가교통정보센터(고속도로),128.423642,35.28148574,Y
E910857,(남해선)해룡교,국가교통정보센터(고속도로),127.519024,34.9014849,Y
E910858,(남해선)해룡터널순천외부1,국가교통정보센터(고속도로),127.52931,34.90449,Y
E910859,(남해선)해룡터널영암외부,국가교통정보센터(고속도로),127.54434,34.91293,Y
E910860,(남해선)해반천교,국가교통정보센터(고속도로),128.876174926757,35.2220497131347,Y
E910861,(남해선)호계1교,국가교통정보센터(고속도로),126.9286111,34.71527778,Y
E910862,(남해선)환덕2,국가교통정보센터(고속도로),127.99510192871,35.0691146850585,Y
E910863,(남해선)환덕교,국가교통정보센터(고속도로),127.9899428,35.0656314,Y
E910864,(남해선제1지선)광려천교,국가교통정보센터(고속도로),128.518264770507,35.2534408569335,Y
E910865,(남해선제1지선)구암1교,국가교통정보센터(고속도로),128.58250427246,35.2456321716308,Y
E910866,(남해선제1지선)산인영업소,국가교통정보센터(고속도로),128.4809875,35.27142715,Y
E910867,(남해선제1지선)솔티고개,국가교통정보센터(고속도로),128.568878173828,35.2396659851074,Y
E910868,(남해선제1지선)의창교,국가교통정보센터(고속도로),128.612667,35.264969,Y
E910869,(남해선제1지선)초계교,국가교통정보센터(고속도로),128.601521,35.256193,Y
E910870,(남해선제2지선)능동교,국가교통정보센터(고속도로),128.803969,35.199227,Y
E910871,(남해선제2지선)용곡육교,국가교통정보센터(고속도로),128.855804443359,35.1784896850585,Y
E910872,(남해선제2지선)율하천교,국가교통정보센터(고속도로),128.830123901367,35.1755409240722,Y
E910873,(남해선제2지선)조만강교,국가교통정보센터(고속도로),128.888534545898,35.1651763916015,Y
E910874,(당진대전선)고덕,국가교통정보센터(고속도로),126.7051924,36.76184204,Y
E910875,(당진대전선)공주,국가교통정보센터(고속도로),127.12026,36.49077,Y
E910876,(당진대전선)공주분기점,국가교통정보센터(고속도로),127.0916699,36.48552369,Y
E910877,(당진대전선)공주휴게소,국가교통정보센터(고속도로),127.16417,36.49749,Y
E910878,(당진대전선)금남쉼터(대전),국가교통정보센터(고속도로),127.255402,36.448985,Y
E910879,(당진대전선)남세종,국가교통정보센터(고속도로),127.2909882,36.42473978,Y
E910880,(당진대전선)녹문교,국가교통정보센터(고속도로),126.8559223,36.60880764,Y
E910881,(당진대전선)녹천1교,국가교통정보센터(고속도로),126.9395157,36.57900202,Y
E910882,(당진대전선)당진분기점,국가교통정보센터(고속도로),126.6222222,36.84555556,Y
E910883,(당진대전선)대덕,국가교통정보센터(고속도로),126.8845718,36.59080369,Y
E910884,(당진대전선)대덕2,국가교통정보센터(고속도로),126.87228,36.592809,Y
E910885,(당진대전선)대천리,국가교통정보센터(고속도로),126.69472,36.77778,Y
E910886,(당진대전선)도계,국가교통정보센터(고속도로),128.174453735351,36.3741264343261,Y
E910887,(당진대전선)동대,국가교통정보센터(고속도로),127.053458,36.483814,Y
E910888,(당진대전선)마곡사,국가교통정보센터(고속도로),127.0252208,36.49409742,Y
E910889,(당진대전선)면천,국가교통정보센터(고속도로),126.647778,36.82305,Y
E910890,(당진대전선)면천휴게소,국가교통정보센터(고속도로),126.677779,36.791615,Y
E910891,(당진대전선)목천,국가교통정보센터(고속도로),127.130047,36.495367,Y
E910892,(당진대전선)사기소교,국가교통정보센터(고속도로),126.6299405,36.83689047,Y
E910893,(당진대전선)산학,국가교통정보센터(고속도로),127.23884,36.48191,Y
E910894,(당진대전선)삽교천교,국가교통정보센터(고속도로),126.7431621,36.72306975,Y
E910895,(당진대전선)상장,국가교통정보센터(고속도로),126.7174242,36.7473517,Y
E910896,(당진대전선)서공주분기점,국가교통정보센터(고속도로),127.0625528,36.48545782,Y
E910897,(당진대전선)서세종,국가교통정보센터(고속도로),127.19435,36.49527,Y
E910898,(당진대전선)성하,국가교통정보센터(고속도로),126.654813,36.814101,Y
E910899,(당진대전선)손지,국가교통정보센터(고속도로),126.8207839,36.65062584,Y
E910900,(당진대전선)송원,국가교통정보센터(고속도로),127.2495982,36.46588602,Y
E910901,(당진대전선)승지교,국가교통정보센터(고속도로),126.955159,36.57328,Y
E910902,(당진대전선)승지교(고정),국가교통정보센터(고속도로),126.956361,36.572645,Y
E910903,(당진대전선)신양,국가교통정보센터(고속도로),126.8675923,36.59546764,Y
E910904,(당진대전선)신웅,국가교통정보센터(고속도로),127.1088241,36.48552363,Y
E910905,(당진대전선)신장,국가교통정보센터(고속도로),126.7946625,36.66477203,Y
E910906,(당진대전선)신풍휴게소,국가교통정보센터(고속도로),127.0016667,36.51444444,Y
E910907,(당진대전선)안산,국가교통정보센터(고속도로),127.300362,36.404651,Y
E910908,(당진대전선)양막,국가교통정보센터(고속도로),126.763321,36.709331,Y
E910909,(당진대전선)영곡,국가교통정보센터(고속도로),127.25847,36.44696,Y
E910910,(당진대전선)영곡2,국가교통정보센터(고속도로),127.252704,36.451899,Y
E910911,(당진대전선)예산,국가교통정보센터(고속도로),126.7753821,36.67722987,Y
E910912,(당진대전선)예산(고정),국가교통정보센터(고속도로),126.773925,36.679071,Y
E910913,(당진대전선)예산휴게소,국가교통정보센터(고속도로),126.8421793,36.62269212,Y
E910914,(당진대전선)용담,국가교통정보센터(고속도로),127.282226,36.431136,Y
E910915,(당진대전선)용리,국가교통정보센터(고속도로),126.7313,36.73041,Y
E910916,(당진대전선)용수천교,국가교통정보센터(고속도로),127.2760079,36.43406786,Y
E910917,(당진대전선)원동1교,국가교통정보센터(고속도로),126.661708,36.804488,Y
E910918,(당진대전선)월미,국가교통정보센터(고속도로),127.115159,36.487535,Y
E910919,(당진대전선)유구,국가교통정보센터(고속도로),126.971769,36.56761521,Y
E910920,(당진대전선)유구2,국가교통정보센터(고속도로),126.978381,36.563088,Y
E910921,(당진대전선)유성분기점,국가교통정보센터(고속도로),127.335673,36.391031,Y
E910922,(당진대전선)유성터널,국가교통정보센터(고속도로),127.316765,36.395555,Y
E910923,(당진대전선)은용,국가교통정보센터(고속도로),127.2158103,36.48824764,Y
E910924,(당진대전선)좌방리,국가교통정보센터(고속도로),126.7698782,36.69067189,Y
E910925,(당진대전선)차동2교,국가교통정보센터(고속도로),126.9159518,36.58934773,Y
E910926,(당진대전선)청룡,국가교통정보센터(고속도로),127.1422562,36.49541167,Y
E910927,(당진대전선)탄방교,국가교통정보센터(고속도로),126.835336,36.63327401,Y
E910928,(당진대전선)통천교,국가교통정보센터(고속도로),127.0388308,36.48687742,Y
E910929,(당진대전선)평소,국가교통정보센터(고속도로),126.997356,36.526129,Y
E910930,(당진대전선)하봉,국가교통정보센터(고속도로),127.1815382,36.50069167,Y
E910931,(당진대전선)해월1교,국가교통정보센터(고속도로),127.0108301,36.50611981,Y
E910932,(당진대전선)화흥2교,국가교통정보센터(고속도로),126.99083,36.54288205,Y
E910933,(당진대전선)화흥3교,국가교통정보센터(고속도로),126.9966041,36.53021413,Y
E910935,(당진청주선)(아산)풍세1터널(당진)1,국가교통정보센터(고속도로),127.1252,36.7636,Y
E910934,(당진청주선)(아산)풍세1터널(당진)2,국가교통정보센터(고속도로),127.12346,36.763724,Y
E910936,(당진청주선)(천안)풍세1터널(청주)1,국가교통정보센터(고속도로),127.122425,36.763516,Y
E910937,(당진청주선)(천안)풍세1터널(청주)2,국가교통정보센터(고속도로),127.1237,36.7634,Y
E910938,(당진청주선)구룡생태육교,국가교통정보센터(고속도로),127.155468,36.760645,Y
E910939,(당진청주선)동남터널(당진)1,국가교통정보센터(고속도로),127.1631665,36.76395792,Y
E910940,(당진청주선)동남터널(청주)1,국가교통정보센터(고속도로),127.1632727,36.76387442,Y
E910941,(당진청주선)배방터널(당진)1,국가교통정보센터(고속도로),127.1027275,36.76927897,Y
E910942,(당진청주선)배방터널(청주)1,국가교통정보센터(고속도로),127.1028057,36.76913473,Y
E910943,(당진청주선)삼성교,국가교통정보센터(고속도로),127.168465,36.767723,Y
E910944,(당진청주선)삼성육교,국가교통정보센터(고속도로),127.173818,36.76909,Y
E910947,(당진청주선)서천안,국가교통정보센터(고속도로),127.147116,36.760132,Y
E910945,(당진청주선)석두2교,국가교통정보센터(고속도로),126.989782,36.815327,Y
E910946,(당진청주선)석정3교,국가교통정보센터(고속도로),127.008883,36.804437,Y
E910948,(당진청주선)아산,국가교통정보센터(고속도로),126.971854,36.82312,Y
E910949,(당진청주선)아산현충사,국가교통정보센터(고속도로),127.050676,36.787821,Y
E910950,(당진청주선)염치2터널,국가교통정보센터(고속도로),126.979538,36.820391,Y
E910951,(당진청주선)염치2터널(당진)1,국가교통정보센터(고속도로),126.9850599,36.8183227,Y
E910952,(당진청주선)염치2터널(청주)1,국가교통정보센터(고속도로),126.9848694,36.81804783,Y
E910953,(당진청주선)응원교,국가교통정보센터(고속도로),127.178723,36.768179,Y
E910954,(당진청주선)풍세1터널(청주)외부,국가교통정보센터(고속도로),127.116442,36.764933,Y
E910955,(당진청주선)풍세2터널(당진)1,국가교통정보센터(고속도로),127.1316112,36.76265885,Y
E910956,(당진청주선)풍세2터널(당진)외부,국가교통정보센터(고속도로),127.136885,36.761778,Y
E910957,(당진청주선)풍세2터널(청주)1,국가교통정보센터(고속도로),127.13151,36.76237962,Y
E910960,(당진청주선)현충사대교,국가교통정보센터(고속도로),127.073796,36.782124,Y
E910958,(당진청주선)현충사대교시점,국가교통정보센터(고속도로),127.063434,36.786258,Y
E910959,(당진청주선)현충사대교주탑,국가교통정보센터(고속도로),127.08259,36.777649,Y
E910961,(당진청주선)현충사지하차도,국가교통정보센터(고속도로),127.031317,36.797126,Y
E910962,(당진청주선)현충지하차도(당진)1,국가교통정보센터(고속도로),127.0267,36.8005,Y
E910963,(당진청주선)현충지하차도(청주)1,국가교통정보센터(고속도로),127.027,36.8001,Y
E910973,(대구부산선)가곡터널,국가교통정보센터(고속도로),128.774444,35.475556,Y
E910964,(대구부산선)가천쉼터,국가교통정보센터(고속도로),128.689167,35.848333,Y
E910974,(대구부산선)고정1터널,국가교통정보센터(고속도로),128.795556,35.521111,Y
E910965,(대구부산선)고정2터널(대구),국가교통정보센터(고속도로),128.7925,35.542778,Y
E910966,(대구부산선)고정2터널(부산),국가교통정보센터(고속도로),128.791944,35.5425,Y
E910975,(대구부산선)고정3터널,국가교통정보센터(고속도로),128.784444,35.561389,Y
E910976,(대구부산선)고정대교,국가교통정보센터(고속도로),128.775556,35.571944,Y
E910977,(대구부산선)금시교,국가교통정보센터(고속도로),128.784722,35.496389,Y
E910978,(대구부산선)낙동대교,국가교통정보센터(고속도로),128.833056,35.393611,Y
E910979,(대구부산선)남밀양IC,국가교통정보센터(고속도로),128.773333,35.450556,Y
E910981,(대구부산선)남천대교,국가교통정보센터(고속도로),128.732222,35.800278,Y
E910980,(대구부산선)남천원리,국가교통정보센터(고속도로),128.7375,35.741667,Y
E910982,(대구부산선)남천터널,국가교통정보센터(고속도로),128.735278,35.789444,Y
E910967,(대구부산선)남천하도,국가교통정보센터(고속도로),128.742222,35.716944,Y
E910968,(대구부산선)대동분기점,국가교통정보센터(고속도로),128.984722,35.284444,Y
E910983,(대구부산선)대포천교,국가교통정보센터(고속도로),128.953611,35.316389,Y
E910969,(대구부산선)덕산쉼터,국가교통정보센터(고속도로),128.973333,35.301944,Y
E910984,(대구부산선)동대구IC,국가교통정보센터(고속도로),128.686111,35.866667,Y
E910970,(대구부산선)동대구분기점,국가교통정보센터(고속도로),128.6925,35.885833,Y
E910985,(대구부산선)무척산터널(대구),국가교통정보센터(고속도로),128.879722,35.356389,Y
E910986,(대구부산선)무척산터널(부산),국가교통정보센터(고속도로),128.8796415,35.35671726,Y
E910987,(대구부산선)밀양IC,국가교통정보센터(고속도로),128.791667,35.502222,Y
E910988,(대구부산선)밀양강교,국가교통정보센터(고속도로),128.797778,35.411111,Y
E910989,(대구부산선)밀양대교,국가교통정보센터(고속도로),128.773056,35.462778,Y
E910990,(대구부산선)삼랑진IC,국가교통정보센터(고속도로),128.821111,35.4,Y
E910991,(대구부산선)삼성2교,국가교통정보센터(고속도로),128.729722,35.764722,Y
E910993,(대구부산선)상동2터널,국가교통정보센터(고속도로),128.935833,35.332778,Y
E910994,(대구부산선)상동IC,국가교통정보센터(고속도로),128.942778,35.318889,Y
E910992,(대구부산선)상동감로,국가교통정보센터(고속도로),128.924444,35.348056,Y
E910995,(대구부산선)생림1터널,국가교통정보센터(고속도로),128.854722,35.365833,Y
E910971,(대구부산선)생림2터널(대구),국가교통정보센터(고속도로),128.840833,35.385,Y
E910996,(대구부산선)송읍교,국가교통정보센터(고속도로),128.745278,35.671944,Y
E910997,(대구부산선)수성IC,국가교통정보센터(고속도로),128.6925,35.835278,Y
E910972,(대구부산선)수성욱수,국가교통정보센터(고속도로),128.709685,35.825591,Y
E910998,(대구부산선)옥곡1교,국가교통정보센터(고속도로),128.730278,35.8075,Y
E910999,(대구부산선)용산터널,국가교통정보센터(고속도로),128.901111,35.359444,Y
E911001,(대구부산선)청도1터널,국가교통정보센터(고속도로),128.770278,35.58,Y
E911002,(대구부산선)청도2터널,국가교통정보센터(고속도로),128.739444,35.695833,Y
E911003,(대구부산선)청도IC,국가교통정보센터(고속도로),128.747222,35.653333,Y
E911000,(대구부산선)청도원정,국가교통정보센터(고속도로),128.766111,35.616111,Y
E911004,(대구부산선)청도천5교,국가교통정보센터(고속도로),128.754167,35.636389,Y
E911005,(대구부산선)청도휴게소,국가교통정보센터(고속도로),128.768889,35.598056,Y
E911006,(대구부산선)평촌교,국가교통정보센터(고속도로),128.785278,35.425278,Y
E911008,(대구외곽순환선)(달서)다사터널(달서)1,국가교통정보센터(고속도로),128.472969,35.89933961,Y
E911007,(대구외곽순환선)(달서)다사터널(달서)2,국가교통정보센터(고속도로),128.4716667,35.89666667,Y
E911009,(대구외곽순환선)(달서)도동1터널(달서)1,국가교통정보센터(고속도로),128.664969,35.925777,Y
E911010,(대구외곽순환선)(달서)도동2터널(달서)1,국가교통정보센터(고속도로),128.67125,35.922514,Y
E911011,(대구외곽순환선)(달서)도동2터널(달서)2,국가교통정보센터(고속도로),128.6712503,35.9225141,Y
E911013,(대구외곽순환선)(달서)도동3터널(달서)1,국가교통정보센터(고속도로),128.6760559,35.91482735,Y
E911012,(대구외곽순환선)(달서)도동3터널(달서)2,국가교통정보센터(고속도로),128.675097,35.916734,Y
E911015,(대구외곽순환선)(달서)둔산2터널(달서)1,국가교통정보센터(고속도로),128.699242,35.897671,Y
E911014,(대구외곽순환선)(달서)둔산2터널(달서)2,국가교통정보센터(고속도로),128.6990046,35.89806825,Y
E911017,(대구외곽순환선)(달서)연경터널(달서)3,국가교통정보센터(고속도로),128.6254884,35.93838556,Y
E911016,(대구외곽순환선)(달서)연경터널(달서)4,국가교통정보센터(고속도로),128.6226315,35.9390079,Y
E911018,(대구외곽순환선)(달서)연경터널(달서)외부2,국가교통정보센터(고속도로),128.6208998,35.9395312,Y
E911019,(대구외곽순환선)(달서)연호2교(달서)1,국가교통정보센터(고속도로),128.5229401,35.9222828,Y
E911021,(대구외곽순환선)(달서)지천터널(달서)1,국가교통정보센터(고속도로),128.5243955,35.92370003,Y
E911020,(대구외곽순환선)(달서)지천터널(달서)2,국가교통정보센터(고속도로),128.5237652,35.92318311,Y
E911022,(대구외곽순환선)(상매)다사터널(상매)1,국가교통정보센터(고속도로),128.4708333,35.89361111,Y
E911023,(대구외곽순환선)(상매)다사터널(상매)2,국가교통정보센터(고속도로),128.47189,35.89609967,Y
E911024,(대구외곽순환선)(상매)다사터널(상매)3,국가교통정보센터(고속도로),128.4727499,35.89797705,Y
E911025,(대구외곽순환선)(상매)도동1터널(상매)1,국가교통정보센터(고속도로),128.6649685,35.9257771,Y
E911026,(대구외곽순환선)(상매)도동1터널(상매)외부1,국가교통정보센터(고속도로),128.66905,35.9239,Y
E911027,(대구외곽순환선)(상매)도동2터널(상매)4,국가교통정보센터(고속도로),128.6704095,35.92221869,Y
E911028,(대구외곽순환선)(상매)도동3터널(상매)3,국가교통정보센터(고속도로),128.6750972,35.9167335,Y
E911029,(대구외곽순환선)(상매)둔산2터널(상매)1,국가교통정보센터(고속도로),128.6992065,35.89766665,Y
E911030,(대구외곽순환선)(상매)둔산2터널(상매)2,국가교통정보센터(고속도로),128.6992418,35.8976705,Y
E911031,(대구외곽순환선)(상매)매곡2교(상매)1,국가교통정보센터(고속도로),128.4625,35.868333,Y
E911032,(대구외곽순환선)(상매)봉무2교(상매)1,국가교통정보센터(고속도로),128.6579118,35.928471,Y
E911033,(대구외곽순환선)(상매)연경터널(상매)4,국가교통정보센터(고속도로),128.6230726,35.93925969,Y
E911034,(대구외곽순환선)(상매)연호2교(상매)1,국가교통정보센터(고속도로),128.5235323,35.92266791,Y
E911035,(대구외곽순환선)(상매)지천터널(상매)1,국가교통정보센터(고속도로),128.5241849,35.92311471,Y
E911036,(대구외곽순환선)관음교1,국가교통정보센터(고속도로),128.538405,35.942601,Y
E911037,(대구외곽순환선)관음교2,국가교통정보센터(고속도로),128.5461496,35.9483792,Y
E911038,(대구외곽순환선)금호강교(남단),국가교통정보센터(고속도로),128.4736111,35.84027778,Y
E911039,(대구외곽순환선)금호강교(북단),국가교통정보센터(고속도로),128.4683333,35.84638889,Y
E911040,(대구외곽순환선)낙산교,국가교통정보센터(고속도로),128.526665,35.925907,Y
E911041,(대구외곽순환선)남칠곡영업소,국가교통정보센터(고속도로),128.5072222,35.91194444,Y
E911042,(대구외곽순환선)다사나들목,국가교통정보센터(고속도로),128.4711111,35.85916667,Y
E911043,(대구외곽순환선)다사터널,국가교통정보센터(고속도로),128.4697222,35.89194444,Y
E911044,(대구외곽순환선)동명동호나들목,국가교통정보센터(고속도로),128.5560895,35.9601848,Y
E911045,(대구외곽순환선)둔산나들목,국가교통정보센터(고속도로),128.6905576,35.9013632,Y
E911046,(대구외곽순환선)매곡1교,국가교통정보센터(고속도로),128.467203,35.86506707,Y
E911047,(대구외곽순환선)봉무졸음쉼터,국가교통정보센터(고속도로),128.653018,35.931706,Y
E911048,(대구외곽순환선)북다사나들목,국가교통정보센터(고속도로),128.4655556,35.88611111,Y
E911049,(대구외곽순환선)북달성영업소,국가교통정보센터(고속도로),128.4583333,35.87138889,Y
E911050,(대구외곽순환선)상매분기점,국가교통정보센터(고속도로),128.701474,35.894408,Y
E911051,(대구외곽순환선)서변나들목,국가교통정보센터(고속도로),128.5984538,35.93268,Y
E911052,(대구외곽순환선)성서산업단지,국가교통정보센터(고속도로),128.4811111,35.83527778,Y
E911053,(대구외곽순환선)연경영업소,국가교통정보센터(고속도로),128.61488,35.938838,Y
E911054,(대구외곽순환선)연호1교,국가교통정보센터(고속도로),128.5127778,35.91555556,Y
E911055,(대구외곽순환선)오산교,국가교통정보센터(고속도로),128.4797222,35.905,Y
E911056,(대구외곽순환선)오산리,국가교통정보센터(고속도로),128.5025,35.90972222,Y
E911057,(대구외곽순환선)읍내교,국가교통정보센터(고속도로),128.5489442,35.9530267,Y
E911058,(대구외곽순환선)이천2교,국가교통정보센터(고속도로),128.4588889,35.87944444,Y
E911059,(대구외곽순환선)지천나들목,국가교통정보센터(고속도로),128.529352,35.929876,Y
E911060,(대구외곽순환선)칠곡분기점,국가교통정보센터(고속도로),128.4886111,35.90666667,Y
E911061,(대구외곽순환선)파군재나들목,국가교통정보센터(고속도로),128.6411773,35.936568,Y
E911062,(대구포항선)다산1교,국가교통정보센터(고속도로),129.2521667,36.05080414,Y
E911063,(대구포항선)석촌리,국가교통정보센터(고속도로),128.870132446289,36.0050239562988,Y
E911064,(대구포항선)수성리,국가교통정보센터(고속도로),129.102706909179,36.055736541748,Y
E911065,(대구포항선)암기2교,국가교통정보센터(고속도로),128.8867645,36.01820755,Y
E911066,(대구포항선)포항1,국가교통정보센터(고속도로),129.3177,36.0422,Y
E911067,(대구포항선)화남육교,국가교통정보센터(고속도로),128.9429,36.03923,Y
E911068,(대전남부선)(산내)안영1터널(산내외부),국가교통정보센터(고속도로),127.362116,36.288203,Y
E911069,(대전남부선)(서대전)구봉터널(서대전외부),국가교통정보센터(고속도로),127.359046,36.28926,Y
E911070,(대전남부선)관저(서대전),국가교통정보센터(고속도로),127.3420858,36.29130927,Y
E911071,(대전남부선)구봉,국가교통정보센터(고속도로),127.334342956542,36.291690826416,Y
E911072,(대전남부선)구완터널,국가교통정보센터(고속도로),127.4248498,36.27839151,Y
E911073,(대전남부선)무수교,국가교통정보센터(고속도로),127.39695739746,36.2772369384765,Y
E911074,(대전남부선)안영,국가교통정보센터(고속도로),127.3794038,36.28320716,Y
E911075,(대전남부선)이사1교,국가교통정보센터(고속도로),127.445095,36.279473,Y
E911076,(대전남부순환선)무수2교,국가교통정보센터(고속도로),127.402107238769,36.2756805419921,Y
E911077,(대전당진선)고덕2,국가교통정보센터(고속도로),126.7059,36.7617,Y
E911078,(대전당진선)당진분기점2,국가교통정보센터(고속도로),126.6184472,36.85076825,Y
E911079,(대전당진선)반석,국가교통정보센터(고속도로),127.29685974121,36.4086761474609,Y
E911080,(대전당진선)분천,국가교통정보센터(고속도로),126.758338928222,36.7146835327148,Y
E911081,(대전당진선)서세종2,국가교통정보센터(고속도로),127.188232421875,36.4993286132812,Y
E911082,(대전당진선)송정,국가교통정보센터(고속도로),127.151451110839,36.4946212768554,Y
E911083,(대전당진선)월곡,국가교통정보센터(고속도로),126.7782745,36.67416382,Y
E911084,(대전당진선)차동,국가교통정보센터(고속도로),126.9208014,36.5884699,Y
E911085,(대전당진선)차동2교시점,국가교통정보센터(고속도로),126.91836,36.589284,Y
E911086,(대전당진선)해월교종점,국가교통정보센터(고속도로),127.00318,36.51376,Y
E911087,(대전당진선)호계,국가교통정보센터(고속도로),127.01897,36.499041,Y
E911088,(대전당진선)호계교,국가교통정보센터(고속도로),127.018284,36.499352,Y
E911089,(대전당진선)화흥,국가교통정보센터(고속도로),126.991104125976,36.5416374206542,Y
E911090,(동해선(영덕포항))남정1터널(영덕1),국가교통정보센터(고속도로),129.369332414737,36.2701822878889,Y
E911091,(동해선(영덕포항))남정1터널(포항2),국가교통정보센터(고속도로),129.369332414737,36.2701822878889,Y
E911092,(동해선(영덕포항))남정2터널(영덕1),국가교통정보센터(고속도로),129.367173832828,36.2739010227815,Y
E911093,(동해선(영덕포항))남정2터널(포항1),국가교통정보센터(고속도로),129.366094541873,36.2757603902278,Y
E911094,(동해선(영덕포항))남정3터널(영덕외부),국가교통정보센터(고속도로),129.363469273725,36.2796311398075,Y
E911095,(동해선(영덕포항))남정5터널(영덕외부),국가교통정보센터(고속도로),129.366829,36.292201,Y
E911096,(동해선(영덕포항))남정5터널(포항2),국가교통정보센터(고속도로),129.368731,36.304804,Y
E911097,(동해선(영덕포항))남정5터널(포항4),국가교통정보센터(고속도로),129.368955,36.301373,Y
E911098,(동해선(영덕포항))남정5터널(포항6),국가교통정보센터(고속도로),129.368753,36.297791,Y
E911099,(동해선(영덕포항))남정5터널(포항7),국가교통정보센터(고속도로),129.369568,36.306117,Y
E911100,(동해선(영덕포항))남정8터널(영덕외부),국가교통정보센터(고속도로),129.362938,36.332406,Y
E911101,(동해선(울산포항))대종천교남단,국가교통정보센터(고속도로),129.42703,35.797996,Y
E911102,(동해선(울산포항))문무대왕1(2)포항,국가교통정보센터(고속도로),129.3343335,35.7405786,Y
E911103,(동해선(울산포항))문무대왕1(29)부산,국가교통정보센터(고속도로),129.4081976,35.76965744,Y
E911104,(동해선(울산포항))문무대왕1(3)부산,국가교통정보센터(고속도로),129.40802,35.76993179,Y
E911105,(동해선(울산포항))문무대왕1(31)포항,국가교통정보센터(고속도로),129.3342557,35.74075131,Y
E911106,(동해선(울산포항))외동2터널(1)포항,국가교통정보센터(고속도로),129.2889961,35.68421573,Y
E911107,(동해선(울산포항))외동2터널(10)포항,국가교통정보센터(고속도로),129.288601,35.68429984,Y
E911108,(동해선(울산포항))외동2터널(3)부산,국가교통정보센터(고속도로),129.2864451,35.71119882,Y
E911109,(동해선(울산포항))외동2터널(9)부산,국가교통정보센터(고속도로),129.2868536,35.71118655,Y
E911110,(동해선)(근덕)양양1터널(근덕외부),국가교통정보센터(고속도로),128.5819,38.0889,Y
E911111,(동해선)(근덕)청대터널(근덕외부),국가교통정보센터(고속도로),128.5597,38.18,Y
E911112,(동해선)(속초)양양2터널(속초외부),국가교통정보센터(고속도로),128.583,38.1112,Y
E911113,(동해선)(속초)청대터널(속초외부),국가교통정보센터(고속도로),128.5841,38.1722,Y
E911114,(동해선)(영덕)강구1터널(영덕2),국가교통정보센터(고속도로),129.354273709446,36.3590385204517,Y
E911115,(동해선)(영덕)강구2터널(영덕2),국가교통정보센터(고속도로),129.353344,36.364886,Y
E911116,(동해선)(영덕)강구3터널(영덕1),국가교통정보센터(고속도로),129.353769307982,36.3619839439397,Y
E911117,(동해선)(영덕)남정4터널(영덕1),국가교통정보센터(고속도로),129.363328821452,36.2871778307531,Y
E911118,(동해선)(영덕)남정5터널(영덕1),국가교통정보센터(고속도로),129.370291,36.308159,Y
E911119,(동해선)(영덕)남정5터널(영덕3),국가교통정보센터(고속도로),129.369221,36.297135,Y
E911120,(동해선)(영덕)남정5터널(영덕5),국가교통정보센터(고속도로),129.369437,36.301676,Y
E911121,(동해선)(영덕)남정5터널(영덕7),국가교통정보센터(고속도로),129.368831,36.304849,Y
E911122,(동해선)(영덕)남정6-7터널,국가교통정보센터(고속도로),129.367878,36.319588,Y
E911123,(동해선)(영덕)남정6터널(영덕1),국가교통정보센터(고속도로),129.369577776356,36.3079408783035,Y
E911124,(동해선)(영덕)남정6터널(영덕5),국가교통정보센터(고속도로),129.368962243679,36.3148461801463,Y
E911125,(동해선)(영덕)남정6터널(영덕6),국가교통정보센터(고속도로),129.36880836051,36.316572505607,Y
E911126,(동해선)(영덕)남정7터널(영덕2),국가교통정보센터(고속도로),129.3655906628,36.3241763425846,Y
E911127,(동해선)(영덕)남정7터널(영덕4),국가교통정보센터(고속도로),129.364392682818,36.3274314200527,Y
E911128,(동해선)(영덕)남정8터널(영덕1),국가교통정보센터(고속도로),129.362824190081,36.3335546168986,Y
E911129,(동해선)(영덕)남정9터널(영덕1),국가교통정보센터(고속도로),129.36159520611,36.3389746389774,Y
E911130,(동해선)(영덕)청하터널(영덕1),국가교통정보센터(고속도로),129.362897957617,36.1672213893237,Y
E911131,(동해선)(영덕)청하터널(영덕10),국가교통정보센터(고속도로),129.361997855841,36.1857454989421,Y
E911132,(동해선)(영덕)청하터널(영덕13),국가교통정보센터(고속도로),129.361697821916,36.1919202021483,Y
E911133,(동해선)(영덕)청하터널(영덕3),국가교통정보센터(고속도로),129.362697935,36.1713378581278,Y
E911134,(동해선)(영덕)청하터널(영덕5),국가교통정보센터(고속도로),129.362497912383,36.1754543269319,Y
E911135,(동해선)(영덕)청하터널(영덕8),국가교통정보센터(고속도로),129.362197878458,36.181629030138,Y
E911137,(동해선)(영덕)흥해터널(영덕3),국가교통정보센터(고속도로),129.376420373036,36.1452895452913,Y
E911138,(동해선)(영덕)흥해터널(영덕6),국가교통정보센터(고속도로),129.372040433803,36.1534869087045,Y
E911136,(동해선)(영덕)흥해터널(영덕입구),국가교통정보센터(고속도로),129.379064,36.139053,Y
E911139,(동해선)(울산)다운1터널(울산외부1),국가교통정보센터(고속도로),129.26357,35.56993,Y
E911140,(동해선)(울산)범서4터널(울산외부1),국가교통정보센터(고속도로),129.29506,35.651035,Y
E911141,(동해선)(울산)오천5터널(울산외부2),국가교통정보센터(고속도로),129.39322,35.905327,Y
E911142,(동해선)(울산)오천7터널(울산외부1),국가교통정보센터(고속도로),129.39493,35.911625,Y
E911144,(동해선)(울산)외동2터널(울산외부1),국가교통정보센터(고속도로),129.28636,35.711403,Y
E911143,(동해선)(울산)외동3터널(울산외부1),국가교통정보센터(고속도로),129.28668,35.711952,Y
E911145,(동해선)(포항)강구1터널(포항2),국가교통정보센터(고속도로),129.355248387007,36.3557989394645,Y
E911146,(동해선)(포항)강구2터널(포항1),국가교통정보센터(고속도로),129.353096,36.364664,Y
E911147,(동해선)(포항)강구3터널(포항1),국가교통정보센터(고속도로),129.351684364586,36.3730718538176,Y
E911148,(동해선)(포항)남정2-3터널,국가교통정보센터(고속도로),129.364999,36.276284,Y
E911149,(동해선)(포항)남정3터널(포항1),국가교통정보센터(고속도로),129.363782641965,36.2788497568331,Y
E911150,(동해선)(포항)남정4터널(포항2),국가교통정보센터(고속도로),129.363328821452,36.2871778307531,Y
E911151,(동해선)(포항)남정6터널(포항1),국가교통정보센터(고속도로),129.36880836051,36.316572505607,Y
E911152,(동해선)(포항)남정6터널(포항3),국가교통정보센터(고속도로),129.369193068433,36.3122566919553,Y
E911153,(동해선)(포항)남정6터널(포항5),국가교통정보센터(고속도로),129.369577776356,36.3079408783035,Y
E911154,(동해선)(포항)남정7터널(포항2),국가교통정보센터(고속도로),129.364592346148,36.3268889071413,Y
E911155,(동해선)(포항)남정7터널(포항4),국가교통정보센터(고속도로),129.366189652791,36.3225488038506,Y
E911156,(동해선)(포항)남정8터널(포항2),국가교통정보센터(고속도로),129.362824190081,36.3335546168986,Y
E911157,(동해선)(포항)남정9터널(포항1),국가교통정보센터(고속도로),129.361390337294,36.340841319052,Y
E911158,(동해선)(포항)다운4터널(포항외부1),국가교통정보센터(고속도로),129.27686,35.578503,Y
E911159,(동해선)(포항)범서1터널(포항외부1),국가교통정보센터(고속도로),129.28317,35.58766,Y
E911160,(동해선)(포항)범서2터널(포항외부1),국가교통정보센터(고속도로),129.2835,35.597477,Y
E911161,(동해선)(포항)범서3터널(포항외부1),국가교통정보센터(고속도로),129.2859221,35.62115532,Y
E911163,(동해선)(포항)범서3터널(포항외부2),국가교통정보센터(고속도로),129.2905781,35.62653401,Y
E911162,(동해선)(포항)범서3터널(포항외부3),국가교통정보센터(고속도로),129.2909209,35.6263653,Y
E911165,(동해선)(포항)오천1터널(포항외부1),국가교통정보센터(고속도로),129.400413,35.868312,Y
E911164,(동해선)(포항)오천2터널(포항외부1),국가교통정보센터(고속도로),129.39987,35.86994,Y
E911167,(동해선)(포항)오천3터널(포항외부1),국가교통정보센터(고속도로),129.3969058,35.87306007,Y
E911166,(동해선)(포항)오천3터널(포항외부2),국가교통정보센터(고속도로),129.3971823,35.87323475,Y
E911168,(동해선)(포항)오천4터널(포항외부1),국가교통정보센터(고속도로),129.391633,35.880757,Y
E911169,(동해선)(포항)오천6터널(포항외부1),국가교통정보센터(고속도로),129.393979,35.905386,Y
E911170,(동해선)(포항)오천6터널(포항외부2),국가교통정보센터(고속도로),129.3944562,35.90943735,Y
E911171,(동해선)(포항)오천6터널(포항외부3),국가교통정보센터(고속도로),129.3948209,35.90941206,Y
E911172,(동해선)(포항)외동2터널(포항외부1),국가교통정보센터(고속도로),129.28908,35.684048,Y
E911173,(동해선)(포항)청하터널(포항11),국가교통정보센터(고속도로),129.362697935,36.1713378581278,Y
E911174,(동해선)(포항)청하터널(포항13),국가교통정보센터(고속도로),129.362897957617,36.1672213893237,Y
E911175,(동해선)(포항)청하터널(포항2),국가교통정보센터(고속도로),129.361797833225,36.1898619677462,Y
E911176,(동해선)(포항)청하터널(포항4),국가교통정보센터(고속도로),129.361997855841,36.1857454989421,Y
E911178,(동해선)(포항)청하터널(포항7),국가교통정보센터(고속도로),129.362297889767,36.179570795736,Y
E911177,(동해선)(포항)청하터널(포항8),국가교통정보센터(고속도로),129.362397901075,36.1775125613339,Y
E911179,(동해선)(포항)흥해터널(포항2),국가교통정보센터(고속도로),129.373013753632,36.1516652723904,Y
E911180,(동해선)(포항)흥해터널(포항5),국가교통정보센터(고속도로),129.375933713121,36.1462003634483,Y
E911181,(동해선)(포항)흥해터널(포항7),국가교통정보센터(고속도로),129.37788035278,36.1425570908202,Y
E911182,(동해선)강구1터널,국가교통정보센터(고속도로),129.354032,36.361787,Y
E911183,(동해선)강동1교,국가교통정보센터(고속도로),129.0126841,37.66041191,Y
E911184,(동해선)강동2교,국가교통정보센터(고속도로),128.91908,37.68747,Y
E911185,(동해선)강릉,국가교통정보센터(고속도로),128.8392672,37.74932457,Y
E911186,(동해선)강릉1터널,국가교통정보센터(고속도로),129.01714,37.63671,Y
E911187,(동해선)강릉4터널(근덕외부),국가교통정보센터(고속도로),128.976003,37.68393782,Y
E911188,(동해선)강릉4터널(속초)외부,국가교통정보센터(고속도로),128.99351,37.681,Y
E911189,(동해선)강릉5터널(근덕7),국가교통정보센터(고속도로),128.959083,37.688966,Y
E911190,(동해선)강릉5터널(근덕외부),국가교통정보센터(고속도로),128.93937,37.68902,Y
E911191,(동해선)강릉5터널(속초)외부,국가교통정보센터(고속도로),128.9732339,37.68499089,Y
E911192,(동해선)강릉5터널(속초4),국가교통정보센터(고속도로),128.949148,37.68995,Y
E911193,(동해선)강릉분기점,국가교통정보센터(고속도로),128.834702,37.77278,Y
E911194,(동해선)거마천교,국가교통정보센터(고속도로),128.580809,38.096291,Y
E911195,(동해선)견불,국가교통정보센터(고속도로),128.76028,37.93889,Y
E911196,(동해선)견불교,국가교통정보센터(고속도로),128.764083862304,37.9370155334472,Y
E911197,(동해선)곡강천교,국가교통정보센터(고속도로),129.385373,36.121503,Y
E911198,(동해선)광천교,국가교통정보센터(고속도로),129.367383,36.223272,Y
E911199,(동해선)광천교2,국가교통정보센터(고속도로),129.365341,36.229331,Y
E911200,(동해선)구름천교,국가교통정보센터(고속도로),128.5806,38.1345,Y
E911201,(동해선)구정1교,국가교통정보센터(고속도로),128.873397827148,37.7009201049804,Y
E911202,(동해선)구정2교,국가교통정보센터(고속도로),128.863937377929,37.7056198120117,Y
E911203,(동해선)구정휴게소,국가교통정보센터(고속도로),128.85814,37.71738,Y
E911204,(동해선)귀운1교,국가교통정보센터(고속도로),129.095866,37.473366,Y
E911205,(동해선)근덕,국가교통정보센터(고속도로),129.210784,37.394494,Y
E911206,(동해선)근덕터널(근덕7),국가교통정보센터(고속도로),129.1912604,37.40854689,Y
E911207,(동해선)근덕터널(근덕외부),국가교통정보센터(고속도로),129.199936,37.399496,Y
E911208,(동해선)근덕터널(속초6),국가교통정보센터(고속도로),129.1914284,37.40869242,Y
E911209,(동해선)낙풍3교,국가교통정보센터(고속도로),129.022262573242,37.6308288574218,Y
E911210,(동해선)남강릉,국가교통정보센터(고속도로),128.8904393,37.69458313,Y
E911211,(동해선)남경주,국가교통정보센터(고속도로),129.3147,35.732366,Y
E911212,(동해선)남대천대교,국가교통정보센터(고속도로),128.84844,37.7265,Y
E911213,(동해선)남양교,국가교통정보센터(고속도로),129.161963,37.424724,Y
E911214,(동해선)남양양,국가교통정보센터(고속도로),128.792188,37.909796,Y
E911215,(동해선)남양터널(근덕외부),국가교통정보센터(고속도로),129.153838,37.432465,Y
E911216,(동해선)남영덕,국가교통정보센터(고속도로),129.365224,36.281475,Y
E911217,(동해선)남정9터널,국가교통정보센터(고속도로),129.359602,36.344761,Y
E911218,(동해선)남포항,국가교통정보센터(고속도로),129.389374,35.945201,Y
E911219,(동해선)냉천3교,국가교통정보센터(고속도로),129.2886963,35.71534734,Y
E911220,(동해선)노동,국가교통정보센터(고속도로),128.817321777343,37.8201522827148,Y
E911221,(동해선)노동1교,국가교통정보센터(고속도로),128.833312988281,37.7875900268554,Y
E911222,(동해선)노동3교,국가교통정보센터(고속도로),128.82639,37.79889,Y
E911223,(동해선)노학1교,국가교통정보센터(고속도로),128.5488,38.1802,Y
E911224,(동해선)노학2교,국가교통정보센터(고속도로),128.5378,38.1884,Y
E911225,(동해선)다운2교,국가교통정보센터(고속도로),129.2663589,35.57242822,Y
E911226,(동해선)대종천교,국가교통정보센터(고속도로),129.4240103,35.80524255,Y
E911227,(동해선)도문1교,국가교통정보센터(고속도로),128.587,38.1675,Y
E911228,(동해선)동경주,국가교통정보센터(고속도로),129.424752,35.782912,Y
E911229,(동해선)동해,국가교통정보센터(고속도로),129.09611,37.51868,Y
E911230,(동해선)동해1,국가교통정보센터(고속도로),129.09571,37.51303,Y
E911231,(동해선)동해터널,국가교통정보센터(고속도로),129.0951168,37.53464341,Y
E911232,(동해선)동해휴게소,국가교통정보센터(고속도로),129.0750948,37.60178304,Y
E911233,(동해선)두산교,국가교통정보센터(고속도로),129.2818728,35.60776327,Y
E911234,(동해선)등봉2교,국가교통정보센터(고속도로),129.114982,37.454478,Y
E911235,(동해선)말곡교,국가교통정보센터(고속도로),128.67947,38.03205,Y
E911236,(동해선)망상,국가교통정보센터(고속도로),129.09217,37.58612,Y
E911238,(동해선)망상1,국가교통정보센터(고속도로),129.09353,37.58237,Y
E911237,(동해선)망상2교,국가교통정보센터(고속도로),129.086029052734,37.591983795166,Y
E911239,(동해선)문덕,국가교통정보센터(고속도로),129.392464,35.950621,Y
E911241,(동해선)문무대왕1(16)부산,국가교통정보센터(고속도로),129.368602,35.753873,Y
E911240,(동해선)문무대왕1(17)포항,국가교통정보센터(고속도로),129.370198,35.759561,Y
E911242,(동해선)문무대왕1(외부)부산,국가교통정보센터(고속도로),129.413502,35.771517,Y
E911243,(동해선)문무대왕1(외부)포항,국가교통정보센터(고속도로),129.330491,35.738957,Y
E911244,(동해선)문무대왕3(외부2)포항,국가교통정보센터(고속도로),129.4121849,35.7713615,Y
E911245,(동해선)문무대왕3(외부3)포항,국가교통정보센터(고속도로),129.40955,35.832996,Y
E911246,(동해선)문무대왕3(포항외부1),국가교통정보센터(고속도로),129.409862,35.829288,Y
E911248,(동해선)문무대왕5(외부1),국가교통정보센터(고속도로),129.408326,35.842211,Y
E911247,(동해선)문무대왕5(외부2)포항,국가교통정보센터(고속도로),129.40852,35.84353,Y
E911249,(동해선)물치천교,국가교통정보센터(고속도로),128.5793,38.1205,Y
E911250,(동해선)발한1교,국가교통정보센터(고속도로),129.093032836914,37.5439643859863,Y
E911251,(동해선)발한4교,국가교통정보센터(고속도로),129.0979717,37.55734116,Y
E911252,(동해선)방석2교,국가교통정보센터(고속도로),129.366325,36.238337,Y
E911253,(동해선)범서대교,국가교통정보센터(고속도로),129.2567,35.562314,Y
E911254,(동해선)북강릉,국가교통정보센터(고속도로),128.81416,37.834868,Y
E911255,(동해선)북강릉1,국가교통정보센터(고속도로),128.81464,37.83477,Y
E911256,(동해선)북강릉영업소,국가교통정보센터(고속도로),128.82569,37.83646,Y
E911257,(동해선)북양양IC,국가교통정보센터(고속도로),128.586781,38.155313,Y
E911258,(동해선)북포항,국가교통정보센터(고속도로),129.364148,36.203927,Y
E911259,(동해선)사직터널,국가교통정보센터(고속도로),129.165404,37.419848,Y
E911260,(동해선)사천교,국가교통정보센터(고속도로),128.8308,37.7931,Y
E911261,(동해선)산성우1교,국가교통정보센터(고속도로),129.01480102539,37.6473731994628,Y
E911262,(동해선)산성우6교,국가교통정보센터(고속도로),129.008483886718,37.6728057861328,Y
E911263,(동해선)삼척IC,국가교통정보센터(고속도로),129.128872,37.451312,Y
E911264,(동해선)상광정,국가교통정보센터(고속도로),128.708484,38.014136,Y
E911265,(동해선)상양혈교,국가교통정보센터(고속도로),128.660578,38.040045,Y
E911266,(동해선)상양혈육교,국가교통정보센터(고속도로),128.670641,38.033684,Y
E911267,(동해선)상왕도1교,국가교통정보센터(고속도로),128.640182,38.050123,Y
E911268,(동해선)석교1교,국가교통정보센터(고속도로),128.814193725585,37.8306541442871,Y
E911269,(동해선)속초IC,국가교통정보센터(고속도로),128.5246,38.2001,Y
E911270,(동해선)송림2교,국가교통정보센터(고속도로),128.8139648,37.85836029,Y
E911271,(동해선)쇄운교,국가교통정보센터(고속도로),129.090535,37.489111,Y
E911272,(동해선)쇄운교2,국가교통정보센터(고속도로),129.089614868164,37.4918365478515,Y
E911273,(동해선)시무내천교,국가교통정보센터(고속도로),129.426888,35.789518,Y
E911274,(동해선)신광천교,국가교통정보센터(고속도로),129.390919,35.948119,Y
E911275,(동해선)양양IC,국가교통정보센터(고속도로),128.594295,38.072656,Y
E911276,(동해선)양양교,국가교통정보센터(고속도로),128.62076,38.05994,Y
E911278,(동해선)어단1교1,국가교통정보센터(고속도로),128.895743,37.691628,Y
E911277,(동해선)어단2교,국가교통정보센터(고속도로),128.904388427734,37.6883316040039,Y
E911279,(동해선)영덕분기점,국가교통정보센터(고속도로),129.350657,36.377115,Y
E911280,(동해선)영일만,국가교통정보센터(고속도로),129.386676,36.107885,Y
E911284,(동해선)오십천대교,국가교통정보센터(고속도로),129.145145,37.442663,Y
E911281,(동해선)옥계,국가교통정보센터(고속도로),129.0352641,37.62228,Y
E911282,(동해선)옥계1,국가교통정보센터(고속도로),129.03305,37.62478,Y
E911283,(동해선)옥계휴게소,국가교통정보센터(고속도로),129.0636735,37.61198231,Y
E911285,(동해선)외동1교,국가교통정보센터(고속도로),129.2874732,35.67420323,Y
E911286,(동해선)위촌2교,국가교통정보센터(고속도로),128.837509155273,37.7626457214355,Y
E911287,(동해선)인구,국가교통정보센터(고속도로),128.745694,37.965361,Y
E911288,(동해선)임호정,국가교통정보센터(고속도로),128.778511,37.929729,Y
E911289,(동해선)입천,국가교통정보센터(고속도로),129.409503,35.83078929,Y
E911290,(동해선)잔교,국가교통정보센터(고속도로),128.715415,38.00136,Y
E911291,(동해선)잔교교,국가교통정보센터(고속도로),128.715835571289,37.9992408752441,Y
E911292,(동해선)장덕교,국가교통정보센터(고속도로),128.80806,37.87056,Y
E911293,(동해선)적노교,국가교통정보센터(고속도로),129.176208,37.415031,Y
E911294,(동해선)주수천교,국가교통정보센터(고속도로),129.048309326171,37.615436553955,Y
E911295,(동해선)중화교,국가교통정보센터(고속도로),129.3558,36.352599,Y
E911296,(동해선)지가터널,국가교통정보센터(고속도로),129.105426,37.462249,Y
E911297,(동해선)지경리,국가교통정보센터(고속도로),129.372838,36.255584,Y
E911298,(동해선)지흥1교,국가교통정보센터(고속도로),129.094033,37.505504,Y
E911299,(동해선)척과구룡,국가교통정보센터(고속도로),129.2816367,35.61053707,Y
E911300,(동해선)청하천교,국가교통정보센터(고속도로),129.365753,36.210643,Y
E911301,(동해선)초구교,국가교통정보센터(고속도로),129.098388671875,37.5684089660644,Y
E911302,(동해선)포항휴게소,국가교통정보센터(고속도로),129.372971,36.26265,Y
E911303,(동해선)하조대,국가교통정보센터(고속도로),128.696808,38.023869,Y
E911304,(동해선)항곡교,국가교통정보센터(고속도로),129.095001220703,37.5271873474121,Y
E911305,(동해선)향호1교,국가교통정보센터(고속도로),128.796066284179,37.8933410644531,Y
E911306,(동해선)향호2교,국가교통정보센터(고속도로),128.793899536132,37.9003372192382,Y
E911307,(동해선)향호리,국가교통정보센터(고속도로),128.79972,37.883889,Y
E911308,(동해선)현남터널(외부),국가교통정보센터(고속도로),128.73339,37.97286,Y
E911309,(동해선)현북터널외부,국가교통정보센터(고속도로),128.72087,37.98975,Y
E911310,(동해선)홍안2교,국가교통정보센터(고속도로),129.382034,36.130264,Y
E911311,(동해선)화진철교,국가교통정보센터(고속도로),129.368939,36.248811,Y
E911312,(동해선)후천교,국가교통정보센터(고속도로),128.5893,38.0759,Y
E911313,(무안광주선)(광주)노안터널(광주외부),국가교통정보센터(고속도로),126.660948,35.084062,Y
E911314,(무안광주선)(광주)보평터널(광주외부),국가교통정보센터(고속도로),126.460352,35.017836,Y
E911315,(무안광주선)(광주)어등산호남대터널(광주외부),국가교통정보센터(고속도로),126.758691,35.146748,Y
E911316,(무안광주선)(광주)함평나비터널(광주외부),국가교통정보센터(고속도로),126.567081,35.061442,Y
E911317,(무안광주선)(무안)노안터널(무안외부),국가교통정보센터(고속도로),126.682275,35.096976,Y
E911318,(무안광주선)(무안)보평터널(무안외부),국가교통정보센터(고속도로),126.478394,35.027922,Y
E911319,(무안광주선)(무안)어등산호남대터널(무안외부),국가교통정보센터(고속도로),126.778587,35.159386,Y
E911320,(무안광주선)(무안)함평나비터널(무안외부),국가교통정보센터(고속도로),126.585763,35.066855,Y
E911321,(무안광주선)계림육교,국가교통정보센터(고속도로),126.713881,35.109768,Y
E911322,(무안광주선)광산교,국가교통정보센터(고속도로),126.74307,35.13111,Y
E911323,(무안광주선)나주,국가교통정보센터(고속도로),126.69849,35.10273,Y
E911324,(무안광주선)대도2교,국가교통정보센터(고속도로),126.639473,35.076954,Y
E911325,(무안광주선)동광산,국가교통정보센터(고속도로),126.7531909,35.1434294,Y
E911326,(무안광주선)동산,국가교통정보센터(고속도로),126.721599,35.110358,Y
E911327,(무안광주선)동산육교,국가교통정보센터(고속도로),126.42528,35.01111,Y
E911328,(무안광주선)동함평,국가교통정보센터(고속도로),126.54611,35.05139,Y
E911329,(무안광주선)마산,국가교통정보센터(고속도로),126.558677673339,35.0592536926269,Y
E911330,(무안광주선)무안공항,국가교통정보센터(고속도로),126.39194,35.00278,Y
E911331,(무안광주선)문평,국가교통정보센터(고속도로),126.60139,35.06778,Y
E911332,(무안광주선)북무안,국가교통정보센터(고속도로),126.44316,35.016389,Y
E911333,(무안광주선)서광산,국가교통정보센터(고속도로),126.732431,35.118964,Y
E911334,(무안광주선)용곡,국가교통정보센터(고속도로),126.738041,35.123266,Y
E911335,(무안광주선)월산,국가교통정보센터(고속도로),126.536521911621,35.0445899963378,Y
E911336,(무안광주선)자풍,국가교통정보센터(고속도로),126.483523,35.027341,Y
E911337,(무안광주선)함평JCT1교,국가교통정보센터(고속도로),126.48368,35.029114,Y
E911338,(무안광주선)함평나비휴게소,국가교통정보센터(고속도로),126.51056,35.03806,Y
E911339,(무안광주선)현경,국가교통정보센터(고속도로),126.410804,35.006185,Y
E911340,(부산외곽선)(기장)금정산터널(기장22고정),국가교통정보센터(고속도로),129.0205091,35.27451614,Y
E911341,(부산외곽선)(기장)신어산터널(기장1),국가교통정보센터(고속도로),128.9286804,35.29189301,Y
E911342,(부산외곽선)(기장)신어산터널(기장15),국가교통정보센터(고속도로),128.9451141,35.28464508,Y
E911343,(부산외곽선)(기장)신어산터널(기장18),국가교통정보센터(고속도로),128.959137,35.27597046,Y
E911344,(부산외곽선)(기장)신어산터널(기장8),국가교통정보센터(고속도로),128.9414063,35.28657532,Y
E911345,(부산외곽선)(창원)금정산터널(창원15고정),국가교통정보센터(고속도로),129.0867803,35.29455178,Y
E911346,(부산외곽선)(창원)신어산터널(창원1),국가교통정보센터(고속도로),128.9679108,35.27223587,Y
E911347,(부산외곽선)(창원)신어산터널(창원15),국가교통정보센터(고속도로),128.9432831,35.2856369,Y
E911348,(부산외곽선)(창원)신어산터널(창원18),국가교통정보센터(고속도로),128.9375458,35.28829575,Y
E911349,(부산외곽선)(창원)신어산터널(창원8),국가교통정보센터(고속도로),128.9554901,35.2779808,Y
E911350,(부산외곽선)광재IC,국가교통정보센터(고속도로),128.897171020507,35.3053169250488,Y
E911351,(부산외곽선)광재IC(램프),국가교통정보센터(고속도로),128.892522,35.304158,Y
E911352,(부산외곽선)금정IC,국가교통정보센터(고속도로),129.118718,35.283396,Y
E911353,(부산외곽선)금정IC(램프),국가교통정보센터(고속도로),129.112786,35.280956,Y
E911354,(부산외곽선)금정산터널(기장30),국가교통정보센터(고속도로),129.0199708,35.2742976,Y
E911355,(부산외곽선)금정산터널(기장9),국가교통정보센터(고속도로),129.0887716,35.29355543,Y
E911356,(부산외곽선)금정산터널(창원30),국가교통정보센터(고속도로),129.0198116,35.27452554,Y
E911357,(부산외곽선)금정산터널(창원8),국가교통정보센터(고속도로),129.0891453,35.29376975,Y
E911358,(부산외곽선)기장일광영업소,국가교통정보센터(고속도로),129.228199,35.278264,Y
E911359,(부산외곽선)김해휴게소,국가교통정보센터(고속도로),129.003616333007,35.2710456848144,Y
E911360,(부산외곽선)나전2교,국가교통정보센터(고속도로),128.875869750976,35.2962684631347,Y
E911361,(부산외곽선)노포JC,국가교통정보센터(고속도로),129.100561,35.287817,Y
E911362,(부산외곽선)대감JCT,국가교통정보센터(고속도로),128.986099243164,35.2699394226074,Y
E911363,(부산외곽선)대포천교,국가교통정보센터(고속도로),128.909408569335,35.3021774291992,Y
E911364,(부산외곽선)백길교,국가교통정보센터(고속도로),129.153741,35.282751,Y
E911365,(부산외곽선)와여1교,국가교통정보센터(고속도로),129.1506,35.28353,Y
E911366,(부산외곽선)용천교,국가교통정보센터(고속도로),129.213151,35.282888,Y
E911369,(부산외곽선)진영IC,국가교통정보센터(고속도로),128.768417358398,35.2998352050781,Y
E911367,(부산외곽선)진영JC(램프),국가교통정보센터(고속도로),128.719886,35.281006,Y
E911368,(부산외곽선)진영JCT,국가교통정보센터(고속도로),128.72085571289,35.2804298400878,Y
E911371,(부산외곽선)철마2터널,국가교통정보센터(고속도로),129.134877,35.287095,Y
E911370,(부산외곽선)철마3터널,국가교통정보센터(고속도로),129.178597,35.278306,Y
E911372,(부산외곽선)철마IC,국가교통정보센터(고속도로),129.143478393554,35.2855987548828,Y
E911373,(부산외곽선)철마천교,국가교통정보센터(고속도로),129.169364,35.279212,Y
E911374,(부산외곽선)하계교,국가교통정보센터(고속도로),128.724990844726,35.2867164611816,Y
E911375,(부산외곽선)한림IC,국가교통정보센터(고속도로),128.815734863281,35.2947044372558,Y
E911377,(부산울산선)고래진1교,국가교통정보센터(고속도로),129.1968513,35.18101854,Y
E911376,(부산울산선)고래진2교,국가교통정보센터(고속도로),129.20389,35.19333,Y
E911378,(부산울산선)고산육교,국가교통정보센터(고속도로),129.27778,35.43556,Y
E911379,(부산울산선)남창천교,국가교통정보센터(고속도로),129.27194,35.42306,Y
E911380,(부산울산선)내리교,국가교통정보센터(고속도로),129.20194,35.20417,Y
E911381,(부산울산선)대운천교,국가교통정보센터(고속도로),129.25194,35.39722,Y
E911382,(부산울산선)만화교,국가교통정보센터(고속도로),129.20639,35.25639,Y
E911383,(부산울산선)망양,국가교통정보센터(고속도로),129.2816667,35.44555556,Y
E911384,(부산울산선)문수,국가교통정보센터(고속도로),129.2493063,35.51841092,Y
E911385,(부산울산선)삼정리,국가교통정보센터(고속도로),129.25472,35.50583,Y
E911386,(부산울산선)삼정천교,국가교통정보센터(고속도로),129.27306,35.49194,Y
E911387,(부산울산선)온양,국가교통정보센터(고속도로),129.2603207,35.41346266,Y
E911388,(부산울산선)용소교,국가교통정보센터(고속도로),129.202138,35.24556,Y
E911389,(부산울산선)울산분기점1,국가교통정보센터(고속도로),129.24944,35.55361,Y
E911390,(부산울산선)울산분기점2,국가교통정보센터(고속도로),129.24583,35.55667,Y
E911391,(부산울산선)원리1교,국가교통정보센터(고속도로),129.2275258,35.29973313,Y
E911392,(부산울산선)일광,국가교통정보센터(고속도로),129.22833,35.28528,Y
E911393,(부산울산선)장안,국가교통정보센터(고속도로),129.23778,35.32889,Y
E911394,(부산울산선)장안리,국가교통정보센터(고속도로),129.2525,35.36361,Y
E911395,(부산울산선)장안천교,국가교통정보센터(고속도로),129.25083,35.34611,Y
E911396,(부산울산선)장안휴게소,국가교통정보센터(고속도로),129.2473412,35.38076314,Y
E911397,(부산울산선)좌광천교,국가교통정보센터(고속도로),129.23194,35.31778,Y
E911398,(부산울산선)청강2교,국가교통정보센터(고속도로),129.20889,35.22417,Y
E911399,(부산울산선)청강3교,국가교통정보센터(고속도로),129.20694,35.2325,Y
E911400,(부산울산선)청량,국가교통정보센터(고속도로),129.2819249,35.47858338,Y
E911401,(부산울산선)해운대,국가교통정보센터(고속도로),129.18417,35.17806,Y
E911402,(부산울산선)회야대교,국가교통정보센터(고속도로),129.283096,35.466328,Y
E911403,(부산울산선)횡계리,국가교통정보센터(고속도로),129.21861,35.26972,Y
E911404,(부산항신항선)남문대교,국가교통정보센터(고속도로),128.76629,35.104,Y
E911405,(부산항신항선)대청IC,국가교통정보센터(고속도로),128.78503,35.176,Y
E911406,(부산항신항선)소사천1교,국가교통정보센터(고속도로),128.7722,35.125,Y
E911407,(부산항신항선)장유1교,국가교통정보센터(고속도로),128.7855,35.18,Y
E911408,(부산항신항선)장유1터널진입부,국가교통정보센터(고속도로),128.78629,35.186,Y
E911409,(부산항신항선)장유2터널(김해),국가교통정보센터(고속도로),128.78355,35.203,Y
E911410,(부산항신항선)장유2터널(신항),국가교통정보센터(고속도로),128.77508,35.219,Y
E911411,(부산항신항선)제2배후도로시점,국가교통정보센터(고속도로),128.76526,35.094,Y
E911412,(부산항신항선)진례분기점,국가교통정보센터(고속도로),128.77335,35.228,Y
E911413,(부산항신항선)진해영업소,국가교통정보센터(고속도로),128.77555,35.14,Y
E911414,(상주영천선)가천교,국가교통정보센터(고속도로),128.7958263,36.0497656,Y
E911415,(상주영천선)고현천교,국가교통정보센터(고속도로),128.929255,36.013973,Y
E911416,(상주영천선)군위JCT,국가교통정보센터(고속도로),128.565445,36.16131,Y
E911417,(상주영천선)군위무정차영업소,국가교통정보센터(고속도로),128.559353,36.155013,Y
E911418,(상주영천선)군위애플졸음쉼터,국가교통정보센터(고속도로),128.497527,36.234194,Y
E911419,(상주영천선)군위영천(휴),국가교통정보센터(고속도로),128.706625,36.072776,Y
E911420,(상주영천선)군위왜가리,국가교통정보센터(고속도로),128.5102185,36.2214247,Y
E911422,(상주영천선)군위터널(상주),국가교통정보센터(고속도로),128.4310028,36.2648411,Y
E911423,(상주영천선)군위터널(영천),국가교통정보센터(고속도로),128.4139166,36.2718162,Y
E911421,"(상주영천선)군위터널20(상주,입구)",국가교통정보센터(고속도로),128.4271344,36.2673295,Y
E911424,(상주영천선)금매교,국가교통정보센터(고속도로),128.6159411,36.1257928,Y
E911425,(상주영천선)낙동JCT,국가교통정보센터(고속도로),128.238613,36.36639,Y
E911426,(상주영천선)낙동의성휴게소,국가교통정보센터(고속도로),128.2984636,36.344854,Y
E911427,(상주영천선)다곡1교,국가교통정보센터(고속도로),128.390817,36.281296,Y
E911429,(상주영천선)달산1교,국가교통정보센터(고속도로),128.462286,36.255211,Y
E911428,(상주영천선)달산2교,국가교통정보센터(고속도로),128.44081,36.258798,Y
E911430,(상주영천선)대곡교,국가교통정보센터(고속도로),129.019835,35.9470957,Y
E911431,(상주영천선)대성교,국가교통정보센터(고속도로),129.010921,35.962819,Y
E911432,(상주영천선)도개IC,국가교통정보센터(고속도로),128.320815,36.31554,Y
E911433,(상주영천선)도개교(1),국가교통정보센터(고속도로),128.35236,36.295112,Y
E911434,(상주영천선)도개교(2),국가교통정보센터(고속도로),128.370219,36.287903,Y
E911435,(상주영천선)동군위IC,국가교통정보센터(고속도로),128.66653,36.092992,Y
E911436,(상주영천선)목골교,국가교통정보센터(고속도로),128.991075,35.970851,Y
E911437,(상주영천선)부산교,국가교통정보센터(고속도로),128.741776,36.0616717,Y
E911438,(상주영천선)북안IC,국가교통정보센터(고속도로),129.0131821,35.9305512,Y
E911439,"(상주영천선)불로터널7(상주,입구)",국가교통정보센터(고속도로),128.5565737,36.1690932,Y
E911440,(상주영천선)산법터널(상주),국가교통정보센터(고속도로),128.5139583,36.2113575,Y
E911441,(상주영천선)산법터널(상주),국가교통정보센터(고속도로),128.51324,36.213585,Y
E911442,(상주영천선)산하교,국가교통정보센터(고속도로),128.9720493,35.9787201,Y
E911443,(상주영천선)삼국유사군위(휴),국가교통정보센터(고속도로),128.7024166,36.0746843,Y
E911444,(상주영천선)삼부천교,국가교통정보센터(고속도로),128.8915656,36.0263449,Y
E911445,(상주영천선)상원교,국가교통정보센터(고속도로),128.257428,36.37203,Y
E911446,(상주영천선)상주JCT,국가교통정보센터(고속도로),128.2808267,36.3719266,Y
E911447,(상주영천선)서군위IC,국가교통정보센터(고속도로),128.481188,36.245651,Y
E911448,(상주영천선)신개교,국가교통정보센터(고속도로),128.310669,36.330555,Y
E911449,(상주영천선)신녕IC,국가교통정보센터(고속도로),128.814023,36.042011,Y
E911450,(상주영천선)영천분기점,국가교통정보센터(고속도로),129.004536,35.921833,Y
E911451,(상주영천선)영천졸음쉼터,국가교통정보센터(고속도로),128.909206,36.017365,Y
E911452,(상주영천선)오로교,국가교통정보센터(고속도로),128.53448,36.190841,Y
E911453,(상주영천선)오미교,국가교통정보센터(고속도로),128.9456535,36.003823,Y
E911454,(상주영천선)오실교,국가교통정보센터(고속도로),128.538525,36.181366,Y
E911455,(상주영천선)원당교(1),국가교통정보센터(고속도로),128.3367632,36.3051448,Y
E911456,(상주영천선)원당교(2),국가교통정보센터(고속도로),128.348812,36.298252,Y
E911457,(상주영천선)장곡교,국가교통정보센터(고속도로),128.2887788,36.3605022,Y
E911459,(상주영천선)중구터널(영천),국가교통정보센터(고속도로),128.571473,36.155558,Y
E911458,"(상주영천선)중구터널1(영천,입구)",국가교통정보센터(고속도로),128.5758322,36.1529016,Y
E911460,(상주영천선)중들교,국가교통정보센터(고속도로),128.84813,36.046389,Y
E911461,(상주영천선)창정교,국가교통정보센터(고속도로),128.834291,36.043959,Y
E911462,(상주영천선)창평교,국가교통정보센터(고속도로),128.650814,36.10569,Y
E911463,"(상주영천선)평호터널2(영천,입구)",국가교통정보센터(고속도로),128.5186545,36.2062676,Y
E911464,"(상주영천선)평호터널38(상주,입구)",국가교통정보센터(고속도로),128.5323502,36.1937273,Y
E911465,(상주영천선)화계교,국가교통정보센터(고속도로),128.6331105,36.1156824,Y
E911466,(상주영천선)화산JCT,국가교통정보센터(고속도로),128.8774312,36.0361594,Y
E911467,(상주영천선)화산무정차영업소,국가교통정보센터(고속도로),128.886315,36.025139,Y
E911468,(상주영천선)효령교,국가교통정보센터(고속도로),128.57869,36.15105,Y
E911469,(상주영천선)효령터널(상주),국가교통정보센터(고속도로),128.5918415,36.142588,Y
E911470,(상주영천선)효지교,국가교통정보센터(고속도로),128.8578606,36.0456617,Y
E911471,(새만금포항선(새만금전주))고사6교,국가교통정보센터(고속도로),126.769434,35.854733,Y
E911472,(새만금포항선(새만금전주))묘라2교,국가교통정보센터(고속도로),126.821323,35.835874,Y
E911473,(새만금포항선(새만금전주))상궐3교,국가교통정보센터(고속도로),126.788559,35.849155,Y
E911474,(새만금포항선(새만금전주))심포6교,국가교통정보센터(고속도로),126.726781,35.852625,Y
E911475,(새만금포항선)(새만금)구이1터널(새만금1),국가교통정보센터(고속도로),127.176744,35.781523,Y
E911476,(새만금포항선)(새만금)구이1터널(새만금3),국가교통정보센터(고속도로),127.172393,35.779866,Y
E911477,(새만금포항선)(새만금)구이1터널(새만금5),국가교통정보센터(고속도로),127.167617,35.778619,Y
E911478,(새만금포항선)(새만금)구이1터널(새만금7),국가교통정보센터(고속도로),127.162958,35.777425,Y
E911479,(새만금포항선)(새만금)구이2터널(새만금2),국가교통정보센터(고속도로),127.186756,35.790768,Y
E911480,(새만금포항선)(새만금)구이2터널(새만금4),국가교통정보센터(고속도로),127.185175,35.788637,Y
E911481,(새만금포항선)(새만금)구이2터널(새만금6),국가교통정보센터(고속도로),127.182029,35.785059,Y
E911482,(새만금포항선)(새만금)구이2터널(새만금외부1),국가교통정보센터(고속도로),127.190651,35.794929,Y
E911486,(새만금포항선)(새만금)색장터널(새만금1),국가교통정보센터(고속도로),127.239712,35.809922,Y
E911487,(새만금포항선)(새만금)색장터널(새만금11),국가교통정보센터(고속도로),127.224008,35.807946,Y
E911488,(새만금포항선)(새만금)색장터널(새만금14),국가교통정보센터(고속도로),127.218391,35.807243,Y
E911489,(새만금포항선)(새만금)색장터널(새만금17),국가교통정보센터(고속도로),127.213744,35.806468,Y
E911483,(새만금포항선)(새만금)색장터널(새만금20),국가교통정보센터(고속도로),127.209182,35.805292,Y
E911484,(새만금포항선)(새만금)색장터널(새만금23),국가교통정보센터(고속도로),127.203766,35.803282,Y
E911485,(새만금포항선)(새만금)색장터널(새만금25),국가교통정보센터(고속도로),127.200755,35.801846,Y
E911490,(새만금포항선)(새만금)색장터널(새만금3),국가교통정보센터(고속도로),127.237471,35.809637,Y
E911491,(새만금포항선)(새만금)색장터널(새만금5),국가교통정보센터(고속도로),127.232983,35.808774,Y
E911492,(새만금포항선)(새만금)색장터널(새만금8),국가교통정보센터(고속도로),127.228496,35.80851,Y
E911493,(새만금포항선)(새만금)색장터널(새만금외부),국가교통정보센터(고속도로),127.246507,35.810289,Y
E911497,(새만금포항선)(새만금)석구터널(새만금1),국가교통정보센터(고속도로),127.158308,35.776171,Y
E911498,(새만금포항선)(새만금)석구터널(새만금11),국가교통정보센터(고속도로),127.148424,35.769891,Y
E911499,(새만금포항선)(새만금)석구터널(새만금14),국가교통정보센터(고속도로),127.14656,35.767485,Y
E911500,(새만금포항선)(새만금)석구터널(새만금18),국가교통정보센터(고속도로),127.141481,35.762398,Y
E911494,(새만금포항선)(새만금)석구터널(새만금21),국가교통정보센터(고속도로),127.134038,35.759065,Y
E911495,(새만금포항선)(새만금)석구터널(새만금24),국가교통정보센터(고속도로),127.128827,35.758175,Y
E911496,(새만금포항선)(새만금)석구터널(새만금26),국가교통정보센터(고속도로),127.126911,35.757958,Y
E911501,(새만금포항선)(새만금)석구터널(새만금4),국가교통정보센터(고속도로),127.153992,35.774306,Y
E911502,(새만금포항선)(새만금)석구터널(새만금7),국가교통정보센터(고속도로),127.151117,35.772412,Y
E911503,(새만금포항선)(새만금)이서1터널(새만금1),국가교통정보센터(고속도로),127.043863,35.803373,Y
E911504,(새만금포항선)(새만금)이서1터널(새만금외부1),국가교통정보센터(고속도로),127.036576,35.805742,Y
E911505,(새만금포항선)(새만금)이서1터널(새만금외부2),국가교통정보센터(고속도로),127.0485,35.801185,Y
E911506,(새만금포항선)(새만금)이서3터널(새만금1),국가교통정보센터(고속도로),127.065812,35.786396,Y
E911507,(새만금포항선)(포항)구이1터널(포항2),국가교통정보센터(고속도로),127.162958,35.77715,Y
E911508,(새만금포항선)(포항)구이1터널(포항4),국가교통정보센터(고속도로),127.167617,35.778344,Y
E911509,(새만금포항선)(포항)구이1터널(포항6),국가교통정보센터(고속도로),127.172393,35.779591,Y
E911510,(새만금포항선)(포항)구이1터널(포항외부1),국가교통정보센터(고속도로),127.177861,35.782098,Y
E911511,(새만금포항선)(포항)구이2터널(포항2),국가교통정보센터(고속도로),127.182029,35.784784,Y
E911512,(새만금포항선)(포항)구이2터널(포항4),국가교통정보센터(고속도로),127.185175,35.788362,Y
E911513,(새만금포항선)(포항)구이2터널(포항6),국가교통정보센터(고속도로),127.187341,35.791464,Y
E911514,(새만금포항선)(포항)색장터널(포항11),국가교통정보센터(고속도로),127.213744,35.806193,Y
E911515,(새만금포항선)(포항)색장터널(포항14),국가교통정보센터(고속도로),127.218391,35.806968,Y
E911516,(새만금포항선)(포항)색장터널(포항17),국가교통정보센터(고속도로),127.224008,35.807671,Y
E911518,(새만금포항선)(포항)색장터널(포항20),국가교통정보센터(고속도로),127.228496,35.808235,Y
E911519,(새만금포항선)(포항)색장터널(포항22),국가교통정보센터(고속도로),127.231861,35.808633,Y
E911520,(새만금포항선)(포항)색장터널(포항25),국가교통정보센터(고속도로),127.237471,35.809362,Y
E911521,(새만금포항선)(포항)색장터널(포항27),국가교통정보센터(고속도로),127.239712,35.809647,Y
E911517,(새만금포항선)(포항)색장터널(포항3),국가교통정보센터(고속도로),127.200755,35.801571,Y
E911522,(새만금포항선)(포항)색장터널(포항5),국가교통정보센터(고속도로),127.203766,35.803007,Y
E911523,(새만금포항선)(포항)색장터널(포항8),국가교통정보센터(고속도로),127.209182,35.805017,Y
E911524,(새만금포항선)(포항)석구터널(포항13),국가교통정보센터(고속도로),127.14656,35.76721,Y
E911525,(새만금포항선)(포항)석구터널(포항16),국가교통정보센터(고속도로),127.148424,35.769616,Y
E911527,(새만금포항선)(포항)석구터널(포항20),국가교통정보센터(고속도로),127.151117,35.772137,Y
E911528,(새만금포항선)(포항)석구터널(포항23),국가교통정보센터(고속도로),127.153992,35.774031,Y
E911529,(새만금포항선)(포항)석구터널(포항26),국가교통정보센터(고속도로),127.158308,35.775896,Y
E911526,(새만금포항선)(포항)석구터널(포항3),국가교통정보센터(고속도로),127.128827,35.7579,Y
E911530,(새만금포항선)(포항)석구터널(포항6),국가교통정보센터(고속도로),127.135494,35.759491,Y
E911531,(새만금포항선)(포항)석구터널(포항9),국가교통정보센터(고속도로),127.141481,35.762123,Y
E911532,(새만금포항선)(포항)석구터널(포항외부1),국가교통정보센터(고속도로),127.119194,35.757016,Y
E911533,(새만금포항선)(포항)석구터널(포항외부2),국가교통정보센터(고속도로),127.16017,35.776348,Y
E911534,(새만금포항선)(포항)이서2터널(포항1),국가교통정보센터(고속도로),127.05285,35.797599,Y
E911535,(새만금포항선)(포항)이서3터널(포항1),국가교통정보센터(고속도로),127.065812,35.786121,Y
E911536,(새만금포항선)고사리,국가교통정보센터(고속도로),126.749875,35.854847,Y
E911537,(새만금포항선)김제분기점1,국가교통정보센터(고속도로),126.844244,35.839203,Y
E911538,(새만금포항선)김제휴게소,국가교통정보센터(고속도로),126.897582,35.840549,Y
E911539,(새만금포항선)대동리,국가교통정보센터(고속도로),126.85428,35.842692,Y
E911540,(새만금포항선)대야천교,국가교통정보센터(고속도로),127.057025,35.793053,Y
E911541,(새만금포항선)동완주분기점,국가교통정보센터(고속도로),127.250001,35.808349,Y
E911542,(새만금포항선)부거교,국가교통정보센터(고속도로),126.869407,35.840131,Y
E911544,(새만금포항선)부교2육교,국가교통정보센터(고속도로),126.988932,35.823626,Y
E911545,(새만금포항선)부교리,국가교통정보센터(고속도로),126.984657,35.825389,Y
E911543,(새만금포항선)북김제IC,국가교통정보센터(고속도로),126.922078,35.839841,Y
E911546,(새만금포항선)상정1육교,국가교통정보센터(고속도로),126.908619,35.840581,Y
E911547,(새만금포항선)상정3교,국가교통정보센터(고속도로),126.938183,35.837888,Y
E911548,(새만금포항선)새만금IC,국가교통정보센터(고속도로),126.703723,35.853918,Y
E911549,(새만금포항선)서완주분기점,국가교통정보센터(고속도로),127.027661,35.808026,Y
E911550,(새만금포항선)신정리,국가교통정보센터(고속도로),126.96659,35.837403,Y
E911551,(새만금포항선)신평천교,국가교통정보센터(고속도로),126.881121,35.836834,Y
E911552,(새만금포항선)용복교,국가교통정보센터(고속도로),127.08511,35.775748,Y
E911553,(새만금포항선)용봉목련교,국가교통정보센터(고속도로),127.069526,35.78379,Y
E911554,(새만금포항선)용암리,국가교통정보센터(고속도로),126.978907,35.829726,Y
E911555,(새만금포항선)용암육교,국가교통정보센터(고속도로),126.974671,35.833253,Y
E911556,(새만금포항선)용암천교,국가교통정보센터(고속도로),126.953779,35.839299,Y
E911557,(새만금포항선)원당1육교,국가교통정보센터(고속도로),127.10428,35.761929,Y
E911558,(새만금포항선)원은교,국가교통정보센터(고속도로),127.007036,35.821053,Y
E911559,(새만금포항선)원은육교1,국가교통정보센터(고속도로),126.996512,35.823125,Y
E911560,(새만금포항선)원은육교2,국가교통정보센터(고속도로),126.998595,35.82313,Y
E911561,(새만금포항선)은교리,국가교통정보센터(고속도로),127.015839,35.813851,Y
E911562,(새만금포항선)이서3터널,국가교통정보센터(고속도로),127.06227,35.788872,Y
E911563,(새만금포항선)장산리,국가교통정보센터(고속도로),126.834556,35.835978,Y
E911564,(새만금포항선)전주분기점,국가교통정보센터(고속도로),127.19868,35.800834,Y
E911565,(새만금포항선)정당2교,국가교통정보센터(고속도로),126.803693,35.841699,Y
E911566,(새만금포항선)중인천교,국가교통정보센터(고속도로),127.099123,35.76658,Y
E911567,(서부내륙선(평택부여))곡교천1교,국가교통정보센터(고속도로),126.895614,36.823963,Y
E911568,(서부내륙선(평택부여))공세교,국가교통정보센터(고속도로),126.915437,36.890007,Y
E911569,(서부내륙선(평택부여))광시1교,국가교통정보센터(고속도로),126.767214,36.550206,Y
E911570,(서부내륙선(평택부여))광시2생태터널,국가교통정보센터(고속도로),126.775453,36.572372,Y
E911571,(서부내륙선(평택부여))구룡천교,국가교통정보센터(고속도로),126.791782,36.402859,Y
E911572,(서부내륙선(평택부여))권관2교,국가교통정보센터(고속도로),126.914981,36.924535,Y
E911573,(서부내륙선(평택부여))남양1터널,국가교통정보센터(고속도로),126.792561,36.388286,Y
E911574,(서부내륙선(평택부여))남양1터널(부여방면),국가교통정보센터(고속도로),126.793438,36.382472,Y
E911575,(서부내륙선(평택부여))남양1터널(평택방면),국가교통정보센터(고속도로),126.794068,36.380924,Y
E911576,(서부내륙선(평택부여))남양2터널,국가교통정보센터(고속도로),126.790119,36.416183,Y
E911577,(서부내륙선(평택부여))남양2터널(부여방면),국가교통정보센터(고속도로),126.791323,36.408415,Y
E911578,(서부내륙선(평택부여))남양2터널(평택방면),국가교통정보센터(고속도로),126.791658,36.405903,Y
E911579,(서부내륙선(평택부여))노전천교,국가교통정보센터(고속도로),126.76781,36.533083,Y
E911580,(서부내륙선(평택부여))대양1교,국가교통정보센터(고속도로),126.814499,36.334835,Y
E911581,(서부내륙선(평택부여))대흥2터널,국가교통정보센터(고속도로),126.778468,36.613098,Y
E911582,(서부내륙선(평택부여))대흥터널(부여방면),국가교통정보센터(고속도로),126.778595,36.617245,Y
E911583,(서부내륙선(평택부여))대흥터널(평택방면),국가교통정보센터(고속도로),126.778486,36.613368,Y
E911584,(서부내륙선(평택부여))도고천교,국가교통정보센터(고속도로),126.859903,36.767718,Y
E911585,(서부내륙선(평택부여))도흥생태터널,국가교통정보센터(고속도로),126.906118,36.84222,Y
E911586,(서부내륙선(평택부여))무한천2교,국가교통정보센터(고속도로),126.842122,36.757109,Y
E911587,(서부내륙선(평택부여))본선도대천교,국가교통정보센터(고속도로),126.938677,36.945734,Y
E911588,(서부내륙선(평택부여))본선안중IC,국가교통정보센터(고속도로),126.953163,36.959078,Y
E911589,(서부내륙선(평택부여))본선안중TG,국가교통정보센터(고속도로),126.925678,36.934037,Y
E911590,(서부내륙선(평택부여))봉수산터널(부여방면)80,국가교통정보센터(고속도로),126.776349,36.577808,Y
E911591,(서부내륙선(평택부여))봉수산터널(부여방면)81,국가교통정보센터(고속도로),126.777184,36.583231,Y
E911592,(서부내륙선(평택부여))봉수산터널(부여방면)82,국가교통정보센터(고속도로),126.777961,36.593183,Y
E911593,(서부내륙선(평택부여))봉수산터널(부여방면)83,국가교통정보센터(고속도로),126.777905,36.599532,Y
E911594,(서부내륙선(평택부여))봉수산터널(부여방면)84,국가교통정보센터(고속도로),126.77791,36.605886,Y
E911595,(서부내륙선(평택부여))봉수산터널(평택방면)80,국가교통정보센터(고속도로),126.77627,36.576359,Y
E911596,(서부내륙선(평택부여))봉수산터널(평택방면)81,국가교통정보센터(고속도로),126.7816913,36.57742619,Y
E911597,(서부내륙선(평택부여))봉수산터널(평택방면)82,국가교통정보센터(고속도로),126.778149,36.593635,Y
E911598,(서부내륙선(평택부여))봉수산터널(평택방면)83,국가교통정보센터(고속도로),126.778061,36.601802,Y
E911599,(서부내륙선(평택부여))봉수산터널(평택방면)84,국가교통정보센터(고속도로),126.7818461,36.59889911,Y
E911600,(서부내륙선(평택부여))부여(원톨링),국가교통정보센터(고속도로),126.819959,36.318968,Y
E911601,(서부내륙선(평택부여))부여구룡IC,국가교통정보센터(고속도로),126.834134,36.260948,Y
E911602,(서부내륙선(평택부여))부여분기점,국가교통정보센터(고속도로),126.834127,36.281084,Y
E911603,(서부내륙선(평택부여))비봉터널(부여방면),국가교통정보센터(고속도로),126.770541,36.475903,Y
E911604,(서부내륙선(평택부여))비봉터널(평택방면),국가교통정보센터(고속도로),126.772296,36.47298,Y
E911605,(서부내륙선(평택부여))삼원들천교,국가교통정보센터(고속도로),126.908222,36.852747,Y
E911606,(서부내륙선(평택부여))선장졸음쉼터,국가교통정보센터(고속도로),126.8757,36.77776,Y
E911608,(서부내륙선(평택부여))선창터널,국가교통정보센터(고속도로),126.891986,36.809167,Y
E911607,(서부내륙선(평택부여))선창터널,국가교통정보센터(고속도로),126.891153,36.791552,Y
E911609,(서부내륙선(평택부여))신석2교,국가교통정보센터(고속도로),126.783304,36.686511,Y
E911610,(서부내륙선(평택부여))아산분기점,국가교통정보센터(고속도로),126.920812,36.866518,Y
E911611,(서부내륙선(평택부여))양사2교,국가교통정보센터(고속도로),126.765941,36.50113,Y
E911612,(서부내륙선(평택부여))영인나들목,국가교통정보센터(고속도로),126.921869,36.874901,Y
E911613,(서부내륙선(평택부여))예산분기점,국가교통정보센터(고속도로),126.78681,36.65987,Y
E911614,(서부내륙선(평택부여))예산예당호,국가교통정보센터(고속도로),126.780016,36.624165,Y
E911615,(서부내륙선(평택부여))예산추사고택IC,국가교통정보센터(고속도로),126.821564,36.752693,Y
E911616,(서부내륙선(평택부여))오리울터널(부여방면),국가교통정보센터(고속도로),126.812162,36.339513,Y
E911617,(서부내륙선(평택부여))오리울터널(평택방면),국가교통정보센터(고속도로),126.812402,36.339386,Y
E911618,(서부내륙선(평택부여))오촌터널,국가교통정보센터(고속도로),126.798136,36.71998,Y
E911619,(서부내륙선(평택부여))온직천교,국가교통정보센터(고속도로),126.795542,36.372101,Y
E911620,(서부내륙선(평택부여))용궁교,국가교통정보센터(고속도로),126.807124,36.73646,Y
E911621,(서부내륙선(평택부여))용궁육교,국가교통정보센터(고속도로),126.810723,36.744971,Y
E911622,(서부내륙선(평택부여))용천교,국가교통정보센터(고속도로),126.766714,36.483886,Y
E911623,(서부내륙선(평택부여))원천1터널,국가교통정보센터(고속도로),126.787831,36.703984,Y
E911624,(서부내륙선(평택부여))월곡2교,국가교통정보센터(고속도로),126.787095,36.668962,Y
E911625,(서부내륙선(평택부여))은산1터널,국가교통정보센터(고속도로),126.827104,36.305275,Y
E911626,(서부내륙선(평택부여))은산1터널(부여방면),국가교통정보센터(고속도로),126.823352,36.312905,Y
E911627,(서부내륙선(평택부여))은산1터널(평택방면),국가교통정보센터(고속도로),126.824088,36.312212,Y
E911628,(서부내륙선(평택부여))은산2터널,국가교통정보센터(고속도로),126.810758,36.342344,Y
E911629,(서부내륙선(평택부여))은산2터널(부여방면),국가교통정보센터(고속도로),126.806503,36.34944,Y
E911630,(서부내륙선(평택부여))은산2터널(평택방면),국가교통정보센터(고속도로),126.807851,36.346979,Y
E911631,(서부내륙선(평택부여))은산3터널(평택방면),국가교통정보센터(고속도로),126.801104,36.359473,Y
E911632,(서부내륙선(평택부여))은산졸음쉼터,국가교통정보센터(고속도로),126.829944,36.29846,Y
E911633,(서부내륙선(평택부여))장벌교,국가교통정보센터(고속도로),126.803326,36.354374,Y
E911634,(서부내륙선(평택부여))장승1교,국가교통정보센터(고속도로),126.776848,36.454021,Y
E911635,(서부내륙선(평택부여))장승개1터널(부여방면),국가교통정보센터(고속도로),126.779869,36.44702,Y
E911636,(서부내륙선(평택부여))장승개1터널(평택방면),국가교통정보센터(고속도로),126.781019,36.446028,Y
E911637,(서부내륙선(평택부여))장승개2터널(부여방면),국가교통정보센터(고속도로),126.778589,36.448724,Y
E911638,(서부내륙선(평택부여))장승개2터널(평택방면),국가교통정보센터(고속도로),126.778948,36.448464,Y
E911639,(서부내륙선(평택부여))지선장수육교,국가교통정보센터(고속도로),126.899417,36.947623,Y
E911640,(서부내륙선(평택부여))지선포승IC,국가교통정보센터(고속도로),126.89246,36.950463,Y
E911641,(서부내륙선(평택부여))지선포승분기점,국가교통정보센터(고속도로),126.876244,36.965106,Y
E911642,(서부내륙선(평택부여))지선현덕분기점,국가교통정보센터(고속도로),126.915808,36.934052,Y
E911643,(서부내륙선(평택부여))천태교,국가교통정보센터(고속도로),126.764398,36.518042,Y
E911644,(서부내륙선(평택부여))청양IC,국가교통정보센터(고속도로),126.785659,36.438021,Y
E911645,(서부내륙선(평택부여))청양졸음쉼터,국가교통정보센터(고속도로),126.776432,36.460791,Y
E911646,(서부내륙선(평택부여))팔봉산터널(입구),국가교통정보센터(고속도로),126.783278,36.641991,Y
E911647,(서부내륙선(평택부여))팔봉산터널(출구),국가교통정보센터(고속도로),126.785307,36.650945,Y
E911648,(서부내륙선(평택부여))평택호SA,국가교통정보센터(고속도로),126.910913,36.907387,Y
E911650,(서울문산선)고양JCT북,국가교통정보센터(고속도로),126.853876,37.669976,Y
E911651,(서울문산선)금촌3교,국가교통정보센터(고속도로),126.78513,37.77289,Y
E911652,(서울문산선)금촌IC,국가교통정보센터(고속도로),126.791701,37.748819,Y
E911653,(서울문산선)남고양IC지선1,국가교통정보센터(고속도로),126.854297,37.586894,Y
E911649,(서울문산선)내포IC,국가교통정보센터(고속도로),126.767129,37.845579,Y
E911654,(서울문산선)능산교,국가교통정보센터(고속도로),126.782409,37.820986,Y
E911655,(서울문산선)문봉교,국가교통정보센터(고속도로),126.816655,37.696147,Y
E911656,(서울문산선)봉대산JCT,국가교통정보센터(고속도로),126.850107,37.606336,Y
E911657,(서울문산선)사리현IC,국가교통정보센터(고속도로),126.836067,37.690392,Y
E911658,(서울문산선)산단IC,국가교통정보센터(고속도로),126.771985,37.830792,Y
E911659,(서울문산선)설문졸음쉼터,국가교통정보센터(고속도로),126.797269,37.73612,Y
E911660,(서울문산선)성라산생태교,국가교통정보센터(고속도로),126.846613,37.639039,Y
E911661,(서울문산선)성사교,국가교통정보센터(고속도로),126.849486,37.65529,Y
E911662,(서울문산선)성석육교,국가교통정보센터(고속도로),126.803023,37.706458,Y
E911663,(서울문산선)아동육교,국가교통정보센터(고속도로),126.791319,37.757804,Y
E911664,(서울문산선)원당교,국가교통정보센터(고속도로),126.852737,37.679725,Y
E911665,(서울문산선)월롱IC,국가교통정보센터(고속도로),126.786873,37.803198,Y
E911666,(서울문산선)월롱육교,국가교통정보센터(고속도로),126.781353,37.787727,Y
E911667,(서울문산선)흥도IC,국가교통정보센터(고속도로),126.858284,37.622116,Y
E911668,(서울양양선)(서울)기린1터널(서울외부1),국가교통정보센터(고속도로),128.3192417,37.93756759,Y
E911669,(서울양양선)(서울)기린5터널(서울외부1),국가교통정보센터(고속도로),128.3651531,37.94940202,Y
E911670,(서울양양선)(서울)기린6터널(서울7),국가교통정보센터(고속도로),128.3788525,37.9551281,Y
E911671,(서울양양선)(서울)내촌1터널(서울3),국가교통정보센터(고속도로),128.1107172,37.78586877,Y
E911673,(서울양양선)(서울)내촌1터널(서울외부1),국가교통정보센터(고속도로),128.1227727,37.78810641,Y
E911672,(서울양양선)(서울)내촌1터널(서울외부2),국가교통정보센터(고속도로),128.1022821,37.78096514,Y
E911674,(서울양양선)(서울)내촌3터널(서울외부1),국가교통정보센터(고속도로),128.1540865,37.79481371,Y
E911675,(서울양양선)(서울)내촌4터널(외부),국가교통정보센터(고속도로),128.1654298,37.79717314,Y
E911676,(서울양양선)(서울)북방3터널(외부),국가교통정보센터(고속도로),127.8940318,37.75239169,Y
E911677,(서울양양선)(서울)상남3터널(서울5),국가교통정보센터(고속도로),128.2411813,37.8571207,Y
E911679,(서울양양선)(서울)상남4터널(서울3),국가교통정보센터(고속도로),128.2457573,37.87187418,Y
E911678,(서울양양선)(서울)상남4터널(서울4),국가교통정보센터(고속도로),128.2447991,37.86900507,Y
E911680,(서울양양선)(서울)상남5터널(서울외부1),국가교통정보센터(고속도로),128.2533195,37.88258163,Y
E911681,(서울양양선)(서울)상남6터널(서울외부1),국가교통정보센터(고속도로),128.2837574,37.91183484,Y
E911682,(서울양양선)(서울)상남7터널(서울7),국가교통정보센터(고속도로),128.2953929,37.91653799,Y
E911683,(서울양양선)(서울)상남7터널(서울외부1),국가교통정보센터(고속도로),128.313768,37.93350307,Y
E911684,(서울양양선)(서울)서면1터널(서울외부1),국가교통정보센터(고속도로),128.5243583,37.98368572,Y
E911686,(서울양양선)(서울)서면2터널(서울외부1),국가교통정보센터(고속도로),128.5263367,37.98596855,Y
E911685,(서울양양선)(서울)서면2터널(서울외부2),국가교통정보센터(고속도로),128.5260877,37.98564285,Y
E911687,(서울양양선)(서울)서면5터널(서울1),국가교통정보센터(고속도로),128.5552235,38.02781108,Y
E911688,(서울양양선)(서울)서면6터널(서울8),국가교통정보센터(고속도로),128.5708028,38.03363543,Y
E911689,(서울양양선)(서울)서면6터널(서울외부2),국가교통정보센터(고속도로),128.5609814,38.02984965,Y
E911690,(서울양양선)(서울)서면7터널(서울외부1),국가교통정보센터(고속도로),128.5854844,38.04876339,Y
E911691,(서울양양선)(서울)서면7터널(외부1),국가교통정보센터(고속도로),128.5906295,38.05727648,Y
E911692,(서울양양선)(서울)서석터널(서울3),국가교통정보센터(고속도로),128.19778193283864,37.8043156670614,Y
E911693,(서울양양선)(서울)서석터널(서울외부1),국가교통정보센터(고속도로),128.1760559,37.79713992,Y
E911694,(서울양양선)(서울)인제양양터널(116),국가교통정보센터(고속도로),128.4015927,37.97154489,Y
E911695,(서울양양선)(서울)인제양양터널(13),국가교통정보센터(고속도로),128.514983,37.97846013,Y
E911697,(서울양양선)(서울)인제양양터널(44),국가교통정보센터(고속도로),128.4793475,37.97525635,Y
E911696,(서울양양선)(서울)인제양양터널(56),국가교통정보센터(고속도로),128.466705,37.97438314,Y
E911698,(서울양양선)(서울)인제양양터널(75),국가교통정보센터(고속도로),128.4567448,37.97509088,Y
E911700,(서울양양선)(서울)인제양양터널(86),국가교통정보센터(고속도로),128.43044,37.97838423,Y
E911699,(서울양양선)(서울)인제양양터널(97),국가교통정보센터(고속도로),128.4177696,37.97740955,Y
E911701,(서울양양선)(서울)행치령터널(서울6),국가교통정보센터(고속도로),128.2115506,37.81056892,Y
E911702,(서울양양선)(서울)행치령터널(서울외부1),국가교통정보센터(고속도로),128.2200705,37.82393811,Y
E911703,(서울양양선)(서울)화촌3터널(서울2),국가교통정보센터(고속도로),127.9846189,37.76047664,Y
E911704,(서울양양선)(서울)화촌6터널(서울3),국가교통정보센터(고속도로),128.0299673,37.75698735,Y
E911705,(서울양양선)(서울)화촌8터널(서울3),국가교통정보센터(고속도로),128.0624026,37.75570136,Y
E911706,(서울양양선)(서울)화촌9터널(서울12),국가교통정보센터(고속도로),128.0786361,37.76494115,Y
E911707,(서울양양선)(서울)화촌9터널(서울5),국가교통정보센터(고속도로),128.0931387,37.77490189,Y
E911708,(서울양양선)(서울)화촌9터널(서울8),국가교통정보센터(고속도로),128.0855007,37.76964938,Y
E911709,(서울양양선)(서울)화촌9터널(서울외부1),국가교통정보센터(고속도로),128.0693005,37.75854735,Y
E911710,(서울양양선)(양양)기린1터널(양양외부1),국가교통정보센터(고속도로),128.3161382,37.935629,Y
E911711,(서울양양선)(양양)기린1터널(양양외부1),국가교통정보센터(고속도로),128.3179762,37.9368835,Y
E911712,(서울양양선)(양양)기린3터널(양양외부1),국가교통정보센터(고속도로),128.3286004,37.93976011,Y
E911713,(서울양양선)(양양)기린3터널(양양외부2),국가교통정보센터(고속도로),128.3355288,37.94061918,Y
E911714,(서울양양선)(양양)기린6터널(양양6),국가교통정보센터(고속도로),128.3802658,37.95552996,Y
E911715,(서울양양선)(양양)기린6터널(양양외부1),국가교통정보센터(고속도로),128.3698736,37.95105834,Y
E911716,(서울양양선)(양양)내촌1터널(양양4),국가교통정보센터(고속도로),128.1082969,37.78449568,Y
E911717,(서울양양선)(양양)내촌3터널(양양외부1),국가교통정보센터(고속도로),128.1529401,37.79410819,Y
E911718,(서울양양선)(양양)내촌4터널(외부),국가교통정보센터(고속도로),128.1636608,37.79721536,Y
E911719,(서울양양선)(양양)동산2터널외부,국가교통정보센터(고속도로),127.8293177,37.75801625,Y
E911720,(서울양양선)(양양)북방3터널(외부1),국가교통정보센터(고속도로),127.9159107,37.74906826,Y
E911721,(서울양양선)(양양)상남3터널(양양3),국가교통정보센터(고속도로),128.2403914,37.85343712,Y
E911722,(서울양양선)(양양)상남3터널(양양외부1),국가교통정보센터(고속도로),128.2377183,37.84730913,Y
E911723,(서울양양선)(양양)상남5터널(양양외부1),국가교통정보센터(고속도로),128.2522728,37.88155616,Y
E911724,(서울양양선)(양양)상남7터널(양양6),국가교통정보센터(고속도로),128.2966592,37.91691653,Y
E911725,(서울양양선)(양양)상남7터널(양양외부1),국가교통정보센터(고속도로),128.2896627,37.91448792,Y
E911727,(서울양양선)(양양)서면4터널(양양외부1),국가교통정보센터(고속도로),128.5453034,38.01761391,Y
E911728,(서울양양선)(양양)서면4터널(외부2),국가교통정보센터(고속도로),128.5435499,38.01419536,Y
E911726,(서울양양선)(양양)서면5터널(양양1),국가교통정보센터(고속도로),128.5465139,38.01966391,Y
E911729,(서울양양선)(양양)서면6터널(양양6),국가교통정보센터(고속도로),128.571945,38.0338233,Y
E911730,(서울양양선)(양양)서면6터널(양양외부1),국가교통정보센터(고속도로),128.5846789,38.04726945,Y
E911731,(서울양양선)(양양)서석터널(양양11),국가교통정보센터(고속도로),128.197537707062,37.8039577862121,Y
E911732,(서울양양선)(양양)서석터널(양양외부1),국가교통정보센터(고속도로),128.1725757,37.79712511,Y
E911735,(서울양양선)(양양)인제양양터널(106),국가교통정보센터(고속도로),128.5059104,37.97694284,Y
E911733,(서울양양선)(양양)인제양양터널(115),국가교통정보센터(고속도로),128.5209808,37.98087692,Y
E911734,(서울양양선)(양양)인제양양터널(23),국가교통정보센터(고속도로),128.4210752,37.97755882,Y
E911736,(서울양양선)(양양)인제양양터널(32),국가교통정보센터(고속도로),128.4294329,37.9779776,Y
E911737,(서울양양선)(양양)인제양양터널(44),국가교통정보센터(고속도로),128.4554664,37.9748399,Y
E911738,(서울양양선)(양양)인제양양터널(63),국가교통정보센터(고속도로),128.468104,37.97394345,Y
E911739,(서울양양선)(양양)인제양양터널(75),국가교통정보센터(고속도로),128.4806891,37.97511899,Y
E911740,(서울양양선)(양양)인제양양터널(95),국가교통정보센터(고속도로),128.4971932,37.97726942,Y
E911741,(서울양양선)(양양)행치령터널(양양3),국가교통정보센터(고속도로),128.2123022,37.81075365,Y
E911742,(서울양양선)(양양)화촌3터널(양양2),국가교통정보센터(고속도로),127.9868881,37.76093169,Y
E911743,(서울양양선)(양양)화촌6터널(양양3),국가교통정보센터(고속도로),128.0342989,37.75590512,Y
E911744,(서울양양선)(양양)화촌8터널(양양3),국가교통정보센터(고속도로),128.0610691,37.75499569,Y
E911745,(서울양양선)(양양)화촌8터널(양양외부1),국가교통정보센터(고속도로),128.05047,37.75383562,Y
E911746,(서울양양선)(양양)화촌9터널(양양11),국가교통정보센터(고속도로),128.0903841,37.77263541,Y
E911747,(서울양양선)(양양)화촌9터널(양양5),국가교통정보센터(고속도로),128.0704328,37.75906976,Y
E911748,(서울양양선)(양양)화촌9터널(양양8),국가교통정보센터(고속도로),128.0819364,37.76687297,Y
E911749,(서울양양선)(양양)화촌9터널(양양외부1),국가교통정보센터(고속도로),128.1016832,37.78051959,Y
E911750,(서울양양선)강일,국가교통정보센터(고속도로),127.17158,37.57663,Y
E911751,(서울양양선)강촌,국가교통정보센터(고속도로),127.6194868,37.73260838,Y
E911752,(서울양양선)강촌영업소,국가교통정보센터(고속도로),127.6271184,37.73806333,Y
E911753,(서울양양선)광판교,국가교통정보센터(고속도로),127.7061045,37.74875108,Y
E911754,(서울양양선)구성포,국가교통정보센터(고속도로),127.9491389,37.75523429,Y
E911755,(서울양양선)군업1교,국가교통정보센터(고속도로),127.9792608,37.75862774,Y
E911756,(서울양양선)군자1교,국가교통정보센터(고속도로),127.7179146,37.75037927,Y
E911757,(서울양양선)군자2교,국가교통정보센터(고속도로),127.7414576,37.75737274,Y
E911758,(서울양양선)금남리,국가교통정보센터(고속도로),127.340776,37.63466102,Y
E911760,(서울양양선)남양주영업소1,국가교통정보센터(고속도로),127.2390908,37.59679412,Y
E911759,(서울양양선)남양주영업소2,국가교통정보센터(고속도로),127.2415085,37.59755776,Y
E911761,(서울양양선)남양주영업소3,국가교통정보센터(고속도로),127.2482742,37.59996549,Y
E911762,(서울양양선)남춘천,국가교통정보센터(고속도로),127.7277314,37.7533441,Y
E911763,(서울양양선)남춘천영업소,국가교통정보센터(고속도로),127.72565,37.7504,Y
E911764,(서울양양선)내촌IC,국가교통정보센터(고속도로),128.1459306,37.79016866,Y
E911765,(서울양양선)내촌IC교,국가교통정보센터(고속도로),128.1345758,37.78846705,Y
E911768,(서울양양선)노문1교,국가교통정보센터(고속도로),127.4037528,37.63775139,Y
E911767,(서울양양선)노문2교,국가교통정보센터(고속도로),127.4126428,37.64247139,Y
E911766,(서울양양선)노문3교,국가교통정보센터(고속도로),127.4224903,37.64686005,Y
E911769,(서울양양선)덕소1교,국가교통정보센터(고속도로),127.2236258,37.59687017,Y
E911770,(서울양양선)덕소삼패영업소,국가교통정보센터(고속도로),127.2110178,37.59127217,Y
E911771,(서울양양선)동산1터널외부1,국가교통정보센터(고속도로),127.8152809,37.75685587,Y
E911772,(서울양양선)동산영업소1,국가교통정보센터(고속도로),127.7333286,37.75522157,Y
E911773,(서울양양선)동홍천,국가교통정보센터(고속도로),127.959591,37.75858306,Y
E911774,(서울양양선)마곡터널서울외부1,국가교통정보센터(고속도로),127.5727246,37.71976537,Y
E911775,(서울양양선)마곡터널외부(서울),국가교통정보센터(고속도로),127.5724607,37.71966985,Y
E911776,(서울양양선)미사,국가교통정보센터(고속도로),127.1865971,37.58044211,Y
E911777,(서울양양선)미사대교,국가교통정보센터(고속도로),127.1932005,37.58304865,Y
E911778,(서울양양선)미사대교종점,국가교통정보센터(고속도로),127.2036481,37.589897,Y
E911780,(서울양양선)미사터널외부(양양),국가교통정보센터(고속도로),127.5714672,37.71929073,Y
E911779,(서울양양선)미사터널춘천외부2,국가교통정보센터(고속도로),127.5467659,37.70599973,Y
E911781,(서울양양선)발산1교,국가교통정보센터(고속도로),127.592451,37.72650599,Y
E911782,(서울양양선)발산4터널시점,국가교통정보센터(고속도로),127.6384795,37.73957526,Y
E911783,(서울양양선)발산4터널종점,국가교통정보센터(고속도로),127.6481398,37.74040176,Y
E911784,(서울양양선)발산리,국가교통정보센터(고속도로),127.6177496,37.73193319,Y
E911785,(서울양양선)봉명,국가교통정보센터(고속도로),127.7866709,37.75638814,Y
E911786,(서울양양선)북방1터널8(서울),국가교통정보센터(고속도로),127.87216,37.75979054,Y
E911787,(서울양양선)북방1터널8(양양),국가교통정보센터(고속도로),127.8697322,37.75975531,Y
E911788,(서울양양선)북방1터널외부1,국가교통정보센터(고속도로),127.8782139,37.75840673,Y
E911791,(서울양양선)북방2터널외부,국가교통정보센터(고속도로),127.8826073,37.7570276,Y
E911789,(서울양양선)북방3터널2(서울),국가교통정보센터(고속도로),127.8974221,37.75167728,Y
E911790,(서울양양선)북방3터널3(양양),국가교통정보센터(고속도로),127.9103359,37.74986166,Y
E911792,(서울양양선)삼패교,국가교통정보센터(고속도로),127.2138437,37.59596946,Y
E911793,(서울양양선)서면1교,국가교통정보센터(고속도로),128.5362487,37.99950281,Y
E911794,(서울양양선)서면2교,국가교통정보센터(고속도로),128.5407214,38.01029793,Y
E911795,(서울양양선)서면6터널(양양외부1),국가교통정보센터(고속도로),128.5613002,38.02994765,Y
E911796,(서울양양선)서석터널(서울8),국가교통정보센터(고속도로),128.1877108647079,37.800444627841834,Y
E911797,(서울양양선)서석터널(양양2),국가교통정보센터(고속도로),128.1763932,37.79700635,Y
E911798,(서울양양선)서양양IC,국가교통정보센터(고속도로),128.5301475,37.99243157,Y
E911799,(서울양양선)서종,국가교통정보센터(고속도로),127.3739226,37.63434902,Y
E911800,(서울양양선)서종대교종점,국가교통정보센터(고속도로),127.3627848,37.63400634,Y
E911801,(서울양양선)서종영업소,국가교통정보센터(고속도로),127.3657265,37.63446242,Y
E911802,(서울양양선)설악,국가교통정보센터(고속도로),127.4976981,37.67159676,Y
E911803,(서울양양선)설악영업소,국가교통정보센터(고속도로),127.49209,37.66922,Y
E911804,(서울양양선)송산터널외부(서울),국가교통정보센터(고속도로),127.5432856,37.695934,Y
E911805,(서울양양선)송산터널외부(양양),국가교통정보센터(고속도로),127.5309716,37.68305118,Y
E911806,(서울양양선)수입리,국가교통정보센터(고속도로),127.3944667,37.63406182,Y
E911807,(서울양양선)신천리,국가교통정보센터(고속도로),127.4934918,37.66445799,Y
E911808,(서울양양선)양양JC,국가교통정보센터(고속도로),128.599999,38.06660368,Y
E911809,(서울양양선)엄소교,국가교통정보센터(고속도로),127.48999,37.65693,Y
E911810,(서울양양선)월문1교,국가교통정보센터(고속도로),127.2339858,37.59567407,Y
E911811,(서울양양선)월문1터널외부(양양),국가교통정보센터(고속도로),127.2565779,37.60499778,Y
E911812,(서울양양선)월문3터널외부(서울),국가교통정보센터(고속도로),127.2899836,37.62959473,Y
E911813,(서울양양선)이천1교,국가교통정보센터(고속도로),127.4473494,37.64863606,Y
E911814,(서울양양선)이천2교,국가교통정보센터(고속도로),127.45306,37.6489,Y
E911815,(서울양양선)이천터널,국가교통정보센터(고속도로),127.43024,37.649725,Y
E911816,(서울양양선)인제IC,국가교통정보센터(고속도로),128.2903974,37.91475219,Y
E911817,(서울양양선)인제IC램프,국가교통정보센터(고속도로),128.287242,37.91357786,Y
E911818,(서울양양선)인제IC톨게이트,국가교통정보센터(고속도로),128.289121,37.92101467,Y
E911819,(서울양양선)인제양양터널(서울1),국가교통정보센터(고속도로),128.5213819,37.98143185,Y
E911820,(서울양양선)인제양양터널(서울58),국가교통정보센터(고속도로),128.4639106,37.97467967,Y
E911821,(서울양양선)인제양양터널(양양1),국가교통정보센터(고속도로),128.4021759,37.97154236,Y
E911822,(서울양양선)인제양양터널(양양43),국가교통정보센터(고속도로),128.4492895,37.975113,Y
E911823,(서울양양선)인제졸음쉼터,국가교통정보센터(고속도로),128.2309158,37.83765626,Y
E911824,(서울양양선)조양,국가교통정보센터(고속도로),127.80476,37.7569,Y
E911825,(서울양양선)조양교,국가교통정보센터(고속도로),127.7699714,37.76000413,Y
E911826,(서울양양선)조양영업소(서울),국가교통정보센터(고속도로),127.7813494,37.75812817,Y
E911827,(서울양양선)조양영업소(춘천),국가교통정보센터(고속도로),127.7808633,37.75764595,Y
E911828,(서울양양선)진동1교,국가교통정보센터(고속도로),128.400977,37.97118423,Y
E911829,(서울양양선)차산리,국가교통정보센터(고속도로),127.2977099,37.63169216,Y
E911830,(서울양양선)창의터널외부(서울),국가교통정보센터(고속도로),127.5313462,37.68322159,Y
E911831,(서울양양선)창의터널외부(양양),국가교통정보센터(고속도로),127.5095485,37.67673404,Y
E911832,(서울양양선)창현교,국가교통정보센터(고속도로),127.3284877,37.6339131,Y
E911833,(서울양양선)천안터널외부(서울),국가교통정보센터(고속도로),127.4806661,37.65161678,Y
E911834,(서울양양선)천안터널외부(양양),국가교통정보센터(고속도로),127.4562425,37.64965902,Y
E911835,(서울양양선)추곡교,국가교통정보센터(고속도로),127.6565049,37.74044695,Y
E911836,(서울양양선)춘천분기점,국가교통정보센터(고속도로),127.778165,37.75847276,Y
E911838,(서울양양선)행촌1교,국가교통정보센터(고속도로),127.6798213,37.74254318,Y
E911837,(서울양양선)행촌2교,국가교통정보센터(고속도로),127.694165,37.74514802,Y
E911839,(서울양양선)행촌리,국가교통정보센터(고속도로),127.6687982,37.74102294,Y
E911840,(서울양양선)홍천휴게소,국가교통정보센터(고속도로),128.0014133,37.75876816,Y
E911841,(서울양양선)화도IC진입로,국가교통정보센터(고속도로),127.3099053,37.63822713,Y
E911842,(서울양양선)화도영업소,국가교통정보센터(고속도로),127.3109298,37.63683992,Y
E911843,(서울양양선)화촌1터널(외부),국가교통정보센터(고속도로),127.9230404,37.74721037,Y
E911844,(서울양양선)화촌3터널,국가교통정보센터(고속도로),127.993234,37.761443,Y
E911845,(서울양양선)화촌4터널,국가교통정보센터(고속도로),128.0156729,37.75763455,Y
E911846,(서울양양선)화촌6터널,국가교통정보센터(고속도로),128.025284,37.7573248,Y
E911847,(서울양양선)화촌7터널,국가교통정보센터(고속도로),128.0409764,37.75487849,Y
E911848,(서울양양선)화촌9터널(서울4),국가교통정보센터(고속도로),128.0953552,37.77648323,Y
E911850,(서울양양선)화촌9터널(양양12),국가교통정보센터(고속도로),128.094064,37.77512582,Y
E911849,(서울양양선)화촌9터널(양양13),국가교통정보센터(고속도로),128.0956914,37.77619181,Y
E911851,(서천공주선)가공교,국가교통정보센터(고속도로),126.7751921,36.0977887,Y
E911852,(서천공주선)가중,국가교통정보센터(고속도로),126.85222,36.29806,Y
E911853,(서천공주선)경둔리,국가교통정보센터(고속도로),126.831733703613,36.2813072204589,Y
E911854,(서천공주선)교원천교,국가교통정보센터(고속도로),126.77806,36.22222,Y
E911855,(서천공주선)금사교,국가교통정보센터(고속도로),126.795089721679,36.2540664672851,Y
E911856,(서천공주선)금천1교,국가교통정보센터(고속도로),126.77583,36.2025,Y
E911857,(서천공주선)내지,국가교통정보센터(고속도로),126.81473,36.274806,Y
E911858,(서천공주선)대흥교,국가교통정보센터(고속도로),126.9025,36.34472,Y
E911859,(서천공주선)동서천IC,국가교통정보센터(고속도로),126.778358459472,36.0477752685546,Y
E911860,(서천공주선)동서천분기점,국가교통정보센터(고속도로),126.77306,36.05639,Y
E911861,(서천공주선)마산1교,국가교통정보센터(고속도로),126.7731019,36.1067437,Y
E911862,(서천공주선)보흥,국가교통정보센터(고속도로),127.030654907226,36.4445343017578,Y
E911863,(서천공주선)보흥1교,국가교통정보센터(고속도로),127.03972,36.44694,Y
E911864,(서천공주선)부여,국가교통정보센터(고속도로),126.86,36.30333,Y
E911865,(서천공주선)부여2터널,국가교통정보센터(고속도로),126.774167,36.189167,Y
E911866,(서천공주선)부여백제휴게소,국가교통정보센터(고속도로),126.7997222,36.25972222,Y
E911867,(서천공주선)부여졸음쉼터(공주),국가교통정보센터(고속도로),126.874130249023,36.3189888000488,Y
E911868,(서천공주선)상장,국가교통정보센터(고속도로),126.924387,36.360339,Y
E911869,(서천공주선)상장교,국가교통정보센터(고속도로),126.93333,36.365,Y
E911870,(서천공주선)서공주,국가교통정보센터(고속도로),127.057778,36.454722,Y
E911871,(서천공주선)서공주분기점,국가교통정보센터(고속도로),127.0638889,36.47888889,Y
E911872,(서천공주선)서부여,국가교통정보센터(고속도로),126.788889,36.237778,Y
E911873,(서천공주선)수목교,국가교통정보센터(고속도로),126.8380556,36.28694444,Y
E911874,(서천공주선)수목천교,국가교통정보센터(고속도로),126.82333,36.27806,Y
E911875,(서천공주선)시초졸음쉼터(공주),국가교통정보센터(고속도로),126.767776489257,36.1346626281738,Y
E911876,(서천공주선)신성1교,국가교통정보센터(고속도로),126.87361,36.31833,Y
E911877,(서천공주선)신흥1교,국가교통정보센터(고속도로),127.00472,36.41056,Y
E911878,(서천공주선)안상교,국가교통정보센터(고속도로),126.771925,36.151602,Y
E911879,(서천공주선)안심교,국가교통정보센터(고속도로),127.019887,36.424343,Y
E911880,(서천공주선)앵봉터널,국가교통정보센터(고속도로),126.981257,36.389876,Y
E911881,(서천공주선)용봉,국가교통정보센터(고속도로),127.022949,36.43241,Y
E911882,(서천공주선)용봉2교,국가교통정보센터(고속도로),128.268257,36.025737,Y
E911883,(서천공주선)유구천교,국가교통정보센터(고속도로),127.06528,36.46778,Y
E911884,(서천공주선)은곡,국가교통정보센터(고속도로),126.91667,36.35556,Y
E911885,(서천공주선)은산,국가교통정보센터(고속도로),126.843276977539,36.2922096252441,Y
E911886,(서천공주선)이사,국가교통정보센터(고속도로),126.7677778,36.11916667,Y
E911887,(서천공주선)장평2교,국가교통정보센터(고속도로),126.88778,36.33278,Y
E911888,(서천공주선)정동교,국가교통정보센터(고속도로),126.780891418457,36.2279930114746,Y
E911889,(서천공주선)지산,국가교통정보센터(고속도로),126.7720413208,36.1567001342773,Y
E911890,(서천공주선)청남대교,국가교통정보센터(고속도로),126.95,36.37389,Y
E911891,(서천공주선)청남대교(고정),국가교통정보센터(고속도로),126.95032,36.374203,Y
E911892,(서천공주선)청양,국가교통정보센터(고속도로),126.9625,36.37889,Y
E911893,(서천공주선)청양휴게소,국가교통정보센터(고속도로),126.99,36.3975,Y
E911894,(서천공주선)추동,국가교통정보센터(고속도로),126.771886,36.062335,Y
E911895,(서천공주선)팔지교,국가교통정보센터(고속도로),126.7744444,36.16916667,Y
E911896,(서천공주선)풍정교,국가교통정보센터(고속도로),126.7683229,36.1368837,Y
E911897,(서천공주선)현암,국가교통정보센터(고속도로),126.81056,36.27111,Y
E911898,(서천공주선)황사교,국가교통정보센터(고속도로),126.77389,36.07361,Y
E911899,(서해안선)(목포)영광1터널(목포외부),국가교통정보센터(고속도로),126.538815,35.267317,Y
E911900,(서해안선)(목포)용담터널(목포외부),국가교통정보센터(고속도로),126.899301,37.301009,Y
E911901,(서해안선)(서울)영광1터널(서울외부),국가교통정보센터(고속도로),126.525531,35.256508,Y
E911902,(서해안선)가교2교,국가교통정보센터(고속도로),126.6861654,36.8752489,Y
E911903,(서해안선)갈산,국가교통정보센터(고속도로),126.695655822753,36.8850746154785,Y
E911904,(서해안선)갈산천교,국가교통정보센터(고속도로),126.55278,36.62472,Y
E911905,(서해안선)고인돌휴게소,국가교통정보센터(고속도로),126.6721316,35.46262364,Y
E911906,(서해안선)고잔1교,국가교통정보센터(고속도로),126.8894307,37.06367472,Y
E911907,(서해안선)고잔6교,국가교통정보센터(고속도로),126.8796367,37.03561219,Y
E911908,(서해안선)고창,국가교통정보센터(고속도로),126.6637916,35.43957364,Y
E911909,(서해안선)고창분기점,국가교통정보센터(고속도로),126.6531811,35.41723766,Y
E911910,(서해안선)고창졸음쉼터,국가교통정보센터(고속도로),126.604049682617,35.3777618408203,Y
E911911,(서해안선)관상,국가교통정보센터(고속도로),126.8429062,35.86491927,Y
E911912,(서해안선)광명역,국가교통정보센터(고속도로),126.87889,37.40389,Y
E911913,(서해안선)광명역2,국가교통정보센터(고속도로),126.87141,37.39723,Y
E911914,(서해안선)광암교,국가교통정보센터(고속도로),126.499953,34.895583,Y
E911915,(서해안선)광천,국가교통정보센터(고속도로),126.585,36.49861,Y
E911916,(서해안선)구룡1교,국가교통정보센터(고속도로),126.571792602539,36.2244758605957,Y
E911917,(서해안선)구포2교,국가교통정보센터(고속도로),126.879516601562,37.2344093322753,Y
E911918,(서해안선)군산,국가교통정보센터(고속도로),126.797248,36.013796,Y
E911919,(서해안선)군산휴게소,국가교통정보센터(고속도로),126.83278,35.97806,Y
E911920,(서해안선)금강대교,국가교통정보센터(고속도로),126.79,36.039167,Y
E911921,(서해안선)금국2교,국가교통정보센터(고속도로),126.572222,36.570833,Y
E911922,(서해안선)금당육교,국가교통정보센터(고속도로),126.759306,36.064726,Y
E911923,(서해안선)금천,국가교통정보센터(고속도로),126.89139,37.45889,Y
E911924,(서해안선)금천고가교,국가교통정보센터(고속도로),126.89833,37.43444,Y
E911925,(서해안선)기린,국가교통정보센터(고속도로),126.8055247,36.00175326,Y
E911926,(서해안선)김제분기점2,국가교통정보센터(고속도로),126.841596,35.847249,Y
E911927,(서해안선)남포교,국가교통정보센터(고속도로),126.5893289,36.28826946,Y
E911928,(서해안선)내송교,국가교통정보센터(고속도로),126.589721679687,36.3111038208007,Y
E911930,(서해안선)노하1교,국가교통정보센터(고속도로),126.873992919921,37.1655578613281,Y
E911929,(서해안선)노하2교,국가교통정보센터(고속도로),126.87971496582,37.148136138916,Y
E911931,(서해안선)당진,국가교통정보센터(고속도로),126.71,36.895,Y
E911932,(서해안선)당진1교,국가교통정보센터(고속도로),126.622161,36.85357,Y
E911933,(서해안선)당진3교,국가교통정보센터(고속도로),126.606346130371,36.8431358337402,Y
E911934,(서해안선)당진교,국가교통정보센터(고속도로),126.6335817,36.85897077,Y
E911935,(서해안선)당진분기점,국가교통정보센터(고속도로),126.614,36.848,Y
E911936,(서해안선)당진분기점2,국가교통정보센터(고속도로),126.6204,36.8507,Y
E911937,(서해안선)당진쉼터(목포),국가교통정보센터(고속도로),126.720657348632,36.9017868041992,Y
E911938,(서해안선)당진쉼터(서울),국가교통정보센터(고속도로),126.7207155,36.90173946,Y
E911939,(서해안선)대동,국가교통정보센터(고속도로),126.843170166015,35.8565673828125,Y
E911940,(서해안선)대목,국가교통정보센터(고속도로),126.836929321289,35.8199653625488,Y
E911941,(서해안선)대산,국가교통정보센터(고속도로),126.573457,35.332854,Y
E911942,(서해안선)대산휴게소(하),국가교통정보센터(고속도로),126.5759838,35.3388673,Y
E911943,(서해안선)대야,국가교통정보센터(고속도로),126.831893920898,35.9327316284179,Y
E911944,(서해안선)대천,국가교통정보센터(고속도로),126.57,36.337,Y
E911945,(서해안선)대천2교,국가교통정보센터(고속도로),126.5634169,36.3441152,Y
E911946,(서해안선)대천휴게소,국가교통정보센터(고속도로),126.5561225,36.37811057,Y
E911947,(서해안선)덕림,국가교통정보센터(고속도로),126.5986453,35.37361256,Y
E911948,(서해안선)덕림천교,국가교통정보센터(고속도로),126.6194753,35.3891726,Y
E911949,(서해안선)덕천교,국가교통정보센터(고속도로),126.880393981933,37.1292724609375,Y
E911950,(서해안선)덕흥교,국가교통정보센터(고속도로),126.54528,35.2775,Y
E911951,(서해안선)도원,국가교통정보센터(고속도로),126.757565,36.917547,Y
E911952,(서해안선)도원2,국가교통정보센터(고속도로),126.7602,36.919733,Y
E911953,(서해안선)동군산,국가교통정보센터(고속도로),126.8339707,35.94497471,Y
E911954,(서해안선)동지산,국가교통정보센터(고속도로),126.844955444335,35.9004936218261,Y
E911955,(서해안선)동진강교,국가교통정보센터(고속도로),126.7970333,35.7539784,Y
E911956,(서해안선)두북교,국가교통정보센터(고속도로),126.7454466,36.0695182,Y
E911957,(서해안선)마강교,국가교통정보센터(고속도로),126.576354,36.425666,Y
E911958,(서해안선)만경강교,국가교통정보센터(고속도로),126.841361,35.909923,Y
E911959,(서해안선)만흥,국가교통정보센터(고속도로),126.48167,35.04972,Y
E911960,(서해안선)매송휴게소,국가교통정보센터(고속도로),126.893455505371,37.2691040039062,Y
E911961,(서해안선)목감IC,국가교통정보센터(고속도로),126.8714005,37.39669816,Y
E911962,(서해안선)목감휴게소,국가교통정보센터(고속도로),126.869338989257,37.3899879455566,Y
E911963,(서해안선)목감휴게소목포,국가교통정보센터(고속도로),126.866975,37.38165833,Y
E911964,(서해안선)목감휴게소서울,국가교통정보센터(고속도로),126.8683806,37.37744722,Y
E911965,(서해안선)목포영업소,국가교통정보센터(고속도로),126.4927107,34.87246168,Y
E911966,(서해안선)목포영업소1,국가교통정보센터(고속도로),126.488906860351,34.8649368286132,Y
E911967,(서해안선)몽탄2교,국가교통정보센터(고속도로),126.504768371582,34.9456481933593,Y
E911968,(서해안선)몽탄2터널,국가교통정보센터(고속도로),126.497778,34.924722,Y
E911969,(서해안선)무안,국가교통정보센터(고속도로),126.4918884,35.00916176,Y
E911970,(서해안선)무안1터널,국가교통정보센터(고속도로),126.493333,34.988056,Y
E911971,(서해안선)무안4터널,국가교통정보센터(고속도로),126.501389,34.957778,Y
E911972,(서해안선)무창포,국가교통정보센터(고속도로),126.561004,36.23858984,Y
E911973,(서해안선)무창포쉼터,국가교통정보센터(고속도로),126.576263427734,36.2726898193359,Y
E911974,(서해안선)미원,국가교통정보센터(고속도로),126.836189270019,35.9685859680175,Y
E911975,(서해안선)반촌,국가교통정보센터(고속도로),126.7045,36.8911,Y
E911976,(서해안선)발안,국가교통정보센터(고속도로),126.8826051,37.12341907,Y
E911977,(서해안선)발안천교,국가교통정보센터(고속도로),126.88583,37.11389,Y
E911978,(서해안선)백운,국가교통정보센터(고속도로),126.48333,35.16917,Y
E911979,(서해안선)복운교,국가교통정보센터(고속도로),126.766365051269,36.9247550964355,Y
E911980,(서해안선)복운교2,국가교통정보센터(고속도로),126.76183,36.921004,Y
E911981,(서해안선)복죽,국가교통정보센터(고속도로),126.832,35.801,Y
E911982,(서해안선)봉덕교,국가교통정보센터(고속도로),126.588752,36.320452,Y
E911983,(서해안선)부곡1교,국가교통정보센터(고속도로),126.860458374023,37.3440437316894,Y
E911984,(서해안선)부곡교,국가교통정보센터(고속도로),126.7141725,35.64334766,Y
E911985,(서해안선)부곡교2,국가교통정보센터(고속도로),126.705009460449,35.635456085205,Y
E911986,(서해안선)부안,국가교통정보센터(고속도로),126.767,35.724,Y
E911987,(서해안선)부안휴게소,국가교통정보센터(고속도로),126.7349167,35.6736882,Y
E911988,(서해안선)부춘,국가교통정보센터(고속도로),126.49083,35.21889,Y
E911989,(서해안선)불갑산,국가교통정보센터(고속도로),126.5056186,35.2386528,Y
E911990,(서해안선)비봉,국가교통정보센터(고속도로),126.8823091,37.24346873,Y
E911991,(서해안선)비인,국가교통정보센터(고속도로),126.605,36.162,Y
E911992,(서해안선)비인터널토석류,국가교통정보센터(고속도로),126.621269226074,36.1470222473144,Y
E911993,(서해안선)사포2교,국가교통정보센터(고속도로),126.688972473144,35.5322494506835,Y
E911994,(서해안선)산수,국가교통정보센터(고속도로),126.55475616455,36.6883811950683,Y
E911995,(서해안선)삼송,국가교통정보센터(고속도로),126.5601,36.7117,Y
E911996,(서해안선)상신,국가교통정보센터(고속도로),126.8877389,37.10947778,Y
E911997,(서해안선)상신2교,국가교통정보센터(고속도로),126.8866607,37.08395472,Y
E911998,(서해안선)생봉1교,국가교통정보센터(고속도로),126.4892578125,35.1963424682617,Y
E911999,(서해안선)서김제,국가교통정보센터(고속도로),126.8394903,35.83441475,Y
E912000,(서해안선)서산,국가교통정보센터(고속도로),126.5705507,36.80479093,Y
E912001,(서해안선)서산휴게소,국가교통정보센터(고속도로),126.565297,36.738487,Y
E912002,(서해안선)서서울영업소,국가교통정보센터(고속도로),126.8597351,37.3480289,Y
E912003,(서해안선)서서울영업소(광장),국가교통정보센터(고속도로),126.862894,37.356042,Y
E912004,(서해안선)서서울영업소1,국가교통정보센터(고속도로),126.865608215332,37.3601646423339,Y
E912005,(서해안선)서천,국가교통정보센터(고속도로),126.693,36.099,Y
E912006,(서해안선)서천휴게소,국가교통정보센터(고속도로),126.62778,36.12861,Y
E912007,(서해안선)서평택,국가교통정보센터(고속도로),126.8689758,36.99797346,Y
E912008,(서해안선)서평택분기점,국가교통정보센터(고속도로),126.8885345,37.05442286,Y
E912011,(서해안선)서평택분기점2,국가교통정보센터(고속도로),126.8893333,37.05656667,Y
E912012,(서해안선)서해1,국가교통정보센터(고속도로),126.850724,36.956262,Y
E912013,(서해안선)서해P15갓길,국가교통정보센터(고속도로),126.861053466796,36.9607849121093,Y
E912014,(서해안선)서해P80,국가교통정보센터(고속도로),126.8081284,36.94291306,Y
E912016,(서해안선)서해PF2갓길,국가교통정보센터(고속도로),126.826751708984,36.9453773498535,Y
E912015,(서해안선)서해PF2갓길2,국가교통정보센터(고속도로),126.8267517,36.94537735,Y
E912017,(서해안선)서해시점,국가교통정보센터(고속도로),126.791824,36.943055,Y
E912018,(서해안선)서해시점2,국가교통정보센터(고속도로),126.793541,36.94298553,Y
E912019,(서해안선)서해종점,국가교통정보센터(고속도로),126.867751,36.964753,Y
E912020,(서해안선)서해종점2,국가교통정보센터(고속도로),126.8679352,36.96531296,Y
E912009,(서해안선)서해주탑,국가교통정보센터(고속도로),126.83833,36.95056,Y
E912021,(서해안선)서해주탑1,국가교통정보센터(고속도로),126.8463593,36.95416641,Y
E912022,(서해안선)서해진입제한(서울),국가교통정보센터(고속도로),126.777572631835,36.9335975646972,Y
E912023,(서해안선)석교,국가교통정보센터(고속도로),126.683,35.511,Y
E912010,(서해안선)석정,국가교통정보센터(고속도로),126.870808,36.982585,Y
E912024,(서해안선)석정4교,국가교통정보센터(고속도로),126.8690948,36.9989624,Y
E912025,(서해안선)선왕교,국가교통정보센터(고속도로),126.7193162,36.08802917,Y
E912026,(서해안선)선운산,국가교통정보센터(고속도로),126.6832618,35.50869586,Y
E912027,(서해안선)성북교,국가교통정보센터(고속도로),126.610946655273,36.1574745178222,Y
E912028,(서해안선)성암교,국가교통정보센터(고속도로),126.49583,34.97444,Y
E912029,(서해안선)소주2교,국가교통정보센터(고속도로),126.725646972656,35.6595993041992,Y
E912030,(서해안선)소중,국가교통정보센터(고속도로),126.565499,36.786732,Y
E912031,(서해안선)소중2교,국가교통정보센터(고속도로),126.565994262695,36.7771415710449,Y
E912032,(서해안선)송악,국가교통정보센터(고속도로),126.781,36.936,Y
E912033,(서해안선)순산터널2,국가교통정보센터(고속도로),126.8742028,37.33668056,Y
E912034,(서해안선)순성교,국가교통정보센터(고속도로),126.676032,36.868459,Y
E912035,(서해안선)순용,국가교통정보센터(고속도로),126.496551513671,35.228401184082,Y
E912036,(서해안선)신계,국가교통정보센터(고속도로),126.490463256835,35.0172843933105,Y
E912037,(서해안선)신리1교,국가교통정보센터(고속도로),126.697639465332,35.5866432189941,Y
E912038,(서해안선)신리3교,국가교통정보센터(고속도로),126.6962311,35.5744426,Y
E912039,(서해안선)신송1교,국가교통정보센터(고속도로),126.591,36.459,Y
E912040,(서해안선)신송교,국가교통정보센터(고속도로),126.55621,36.644733,Y
E912041,(서해안선)신월교,국가교통정보센터(고속도로),126.6689453125,35.4531631469726,Y
E912042,(서해안선)신창교,국가교통정보센터(고속도로),126.569,36.75,Y
E912043,(서해안선)안호1교,국가교통정보센터(고속도로),126.58667,36.82639,Y
E912044,(서해안선)야목2교,국가교통정보센터(고속도로),126.887918,37.262359,Y
E912045,(서해안선)양노1교,국가교통정보센터(고속도로),126.876161,37.22895823,Y
E912046,(서해안선)양노4교,국가교통정보센터(고속도로),126.8697325,37.20950219,Y
E912047,(서해안선)양장,국가교통정보센터(고속도로),126.496376037597,34.882755279541,Y
E912048,(서해안선)여미,국가교통정보센터(고속도로),126.575462341308,36.812644958496,Y
E912049,(서해안선)연지,국가교통정보센터(고속도로),126.559,36.407,Y
E912050,(서해안선)영광,국가교통정보센터(고속도로),126.5575782,35.29893038,Y
E912051,(서해안선)영광휴게소,국가교통정보센터(고속도로),126.509872,35.242044,Y
E912052,(서해안선)영광휴게소(목포),국가교통정보센터(고속도로),126.511917,35.24405,Y
E912053,(서해안선)영천교,국가교통정보센터(고속도로),126.728247,36.904855,Y
E912054,(서해안선)영천교(고정),국가교통정보센터(고속도로),126.732198,36.905919,Y
E912055,(서해안선)예지,국가교통정보센터(고속도로),126.646362304687,35.4106521606445,Y
E912056,(서해안선)옹중3교,국가교통정보센터(고속도로),126.750509,35.695121,Y
E912057,(서해안선)와탄천교,국가교통정보센터(고속도로),126.5639443,35.30927835,Y
E912058,(서해안선)용연쉼터(서울),국가교통정보센터(고속도로),126.647705078125,36.8616409301757,Y
E912059,(서해안선)우곡3교,국가교통정보센터(고속도로),126.826581,35.984089,Y
E912060,(서해안선)운곡,국가교통정보센터(고속도로),126.553997,36.61543,Y
E912061,(서해안선)운산터널,국가교통정보센터(고속도로),126.57,36.76694,Y
E912062,(서해안선)운성,국가교통정보센터(고속도로),126.679,36.87,Y
E912063,(서해안선)운양교,국가교통정보센터(고속도로),126.678924560546,35.4807357788085,Y
E912064,(서해안선)웅천터널,국가교통정보센터(고속도로),126.588159,36.199903,Y
E912065,(서해안선)월전교,국가교통정보센터(고속도로),126.5616136,36.25975658,Y
E912066,(서해안선)율암교,국가교통정보센터(고속도로),126.8740002,37.17056,Y
E912067,(서해안선)율촌,국가교통정보센터(고속도로),126.573097229003,35.3324089050292,Y
E912068,(서해안선)응봉,국가교통정보센터(고속도로),126.490463256835,35.2052421569824,Y
E912069,(서해안선)인성,국가교통정보센터(고속도로),126.6387311,35.40445766,Y
E912070,(서해안선)일로,국가교통정보센터(고속도로),126.48222,34.85889,Y
E912071,(서해안선)일직분기점,국가교통정보센터(고속도로),126.89556,37.42361,Y
E912072,(서해안선)일직분기점2,국가교통정보센터(고속도로),126.8950222,37.42354444,Y
E912073,(서해안선)임피,국가교통정보센터(고속도로),126.83464,35.951852,Y
E912074,(서해안선)장년,국가교통정보센터(고속도로),126.481369018554,35.092845916748,Y
E912075,(서해안선)장산,국가교통정보센터(고속도로),126.842,35.876,Y
E912076,(서해안선)장요육교,국가교통정보센터(고속도로),126.5563445,36.66359403,Y
E912077,(서해안선)조남1교,국가교통정보센터(고속도로),126.867805480957,37.3785057067871,Y
E912078,(서해안선)조남1교2,국가교통정보센터(고속도로),126.86884,37.375656,Y
E912079,(서해안선)조남분기점1,국가교통정보센터(고속도로),126.8693125,37.36904846,Y
E912080,(서해안선)종신,국가교통정보센터(고속도로),126.8278633,35.79425839,Y
E912081,(서해안선)종천,국가교통정보센터(고속도로),126.643,36.112,Y
E912082,(서해안선)종천1교,국가교통정보센터(고속도로),126.637,36.119,Y
E912083,(서해안선)종천교,국가교통정보센터(고속도로),126.6334245,36.12327047,Y
E912084,(서해안선)종천터널토석류,국가교통정보센터(고속도로),126.668235778808,36.1021995544433,Y
E912088,(서해안선)주교,국가교통정보센터(고속도로),126.555323,36.400708,Y
E912089,(서해안선)주탑케이블6,국가교통정보센터(고속도로),126.841476440429,36.9519462585449,Y
E912085,(서해안선)주포,국가교통정보센터(고속도로),126.563158,36.410793,Y
E912086,(서해안선)죽동,국가교통정보센터(고속도로),126.653638,36.862645,Y
E912090,(서해안선)죽림분기점,국가교통정보센터(고속도로),126.465906,34.844354,Y
E912087,(서해안선)죽산3교,국가교통정보센터(고속도로),126.812515258789,35.7766685485839,Y
E912091,(서해안선)줄포,국가교통정보센터(고속도로),126.69611,35.59667,Y
E912092,(서해안선)줄포졸음쉼터,국가교통정보센터(고속도로),126.694717407226,35.5697898864746,Y
E912093,(서해안선)중산,국가교통정보센터(고속도로),126.587104797363,35.3636817932128,Y
E912094,(서해안선)진죽1교,국가교통정보센터(고속도로),126.5875984,36.45194,Y
E912095,(서해안선)천북,국가교통정보센터(고속도로),126.587,36.507,Y
E912096,(서해안선)천수만교,국가교통정보센터(고속도로),126.591400146484,36.4645080566406,Y
E912097,(서해안선)청하,국가교통정보센터(고속도로),126.845128,35.89115043,Y
E912098,(서해안선)초대,국가교통정보센터(고속도로),126.747512817382,36.9106483459472,Y
E912099,(서해안선)초록교,국가교통정보센터(고속도로),126.5548789,36.66953582,Y
E912100,(서해안선)추동1교,국가교통정보센터(고속도로),126.775,36.057,Y
E912101,(서해안선)추동교,국가교통정보센터(고속도로),126.785891,36.048801,Y
E912102,(서해안선)춘장대,국가교통정보센터(고속도로),126.6013874,36.1676413,Y
E912103,(서해안선)춘장대쉼터,국가교통정보센터(고속도로),126.588966369628,36.1982345581054,Y
E912104,(서해안선)춘장대졸음쉼터,국가교통정보센터(고속도로),126.593193054199,36.1879959106445,Y
E912105,(서해안선)충훈대교,국가교통정보센터(고속도로),126.888206481933,37.4094161987304,Y
E912106,(서해안선)태월교,국가교통정보센터(고속도로),126.710616,36.094309,Y
E912107,(서해안선)팔곡분기점2,국가교통정보센터(고속도로),126.9012528,37.31815556,Y
E912108,(서해안선)팔탄분기점,국가교통정보센터(고속도로),126.871498566,37.1961160826,Y
E912109,(서해안선)하입석1교,국가교통정보센터(고속도로),126.695106506347,35.6117973327636,Y
E912110,(서해안선)하입석육교,국가교통정보센터(고속도로),126.700976,35.628161,Y
E912112,(서해안선)하장,국가교통정보센터(고속도로),126.779,35.736,Y
E912113,(서해안선)하저1교,국가교통정보센터(고속도로),126.8731702,37.18306,Y
E912111,(서해안선)학산,국가교통정보센터(고속도로),126.505146,34.948722,Y
E912114,(서해안선)함정,국가교통정보센터(고속도로),126.48314666748,35.181957244873,Y
E912115,(서해안선)함평,국가교통정보센터(고속도로),126.48167,35.09917,Y
E912116,(서해안선)함평분기점,국가교통정보센터(고속도로),126.485,35.03,Y
E912117,(서해안선)함평천1교,국가교통정보센터(고속도로),126.482467651367,35.1513557434082,Y
E912118,(서해안선)함평천지휴게소,국가교통정보센터(고속도로),126.47972,35.07361,Y
E912119,(서해안선)함평천지휴게소(서울),국가교통정보센터(고속도로),126.4811327,35.1307897,Y
E912120,(서해안선)해미,국가교통정보센터(고속도로),126.563,36.715,Y
E912121,(서해안선)해미쉼터(서울),국가교통정보센터(고속도로),126.553298950195,36.6365394592285,Y
E912122,(서해안선)해미천교,국가교통정보센터(고속도로),126.559374,36.696459,Y
E912123,(서해안선)행담도전방,국가교통정보센터(고속도로),126.81639,36.94306,Y
E912124,(서해안선)행담도후방,국가교통정보센터(고속도로),126.80278,36.94306,Y
E912125,(서해안선)홍성,국가교통정보센터(고속도로),126.5591131,36.59520469,Y
E912126,(서해안선)홍성휴게소,국가교통정보센터(고속도로),126.58083,36.55139,Y
E912127,(서해안선)홍원육교,국가교통정보센터(고속도로),126.8717373,37.01796165,Y
E912128,(서해안선)화봉교,국가교통정보센터(고속도로),126.586524963378,36.5186614990234,Y
E912129,(서해안선)화성휴게소,국가교통정보센터(고속도로),126.879658,37.14762,Y
E912130,(서해안선)화성휴게소2,국가교통정보센터(고속도로),126.880519,37.140265,Y
E912131,(서해안선)화양,국가교통정보센터(고속도로),126.766,36.06,Y
E912132,(서해안선)화평,국가교통정보센터(고속도로),126.550430297851,35.2875785827636,Y
E912133,(서해안선)후포,국가교통정보센터(고속도로),126.6906811,35.54194256,Y
E912134,(서해안선)휴암,국가교통정보센터(고속도로),126.552551269531,36.6796035766601,Y
E912135,(서해안선)희곡육교,국가교통정보센터(고속도로),126.8713338,36.97170145,Y
E912136,(세종포천선)(세종)갈현터널(세종1),국가교통정보센터(고속도로),127.1908985,37.42793952,Y
E912137,(세종포천선)(세종)갈현터널(세종3),국가교통정보센터(고속도로),127.1914556,37.42488417,Y
E912138,(세종포천선)(세종)갈현터널(세종5),국가교통정보센터(고속도로),127.1920662,37.4217589,Y
E912141,(세종포천선)(세종)고덕터널(세종10),국가교통정보센터(고속도로),127.156429,37.55041447,Y
E912142,(세종포천선)(세종)고덕터널(세종12),국가교통정보센터(고속도로),127.1561989,37.54725002,Y
E912143,(세종포천선)(세종)고덕터널(세종14),국가교통정보센터(고속도로),127.156091,37.54435345,Y
E912144,(세종포천선)(세종)고덕터널(세종16),국가교통정보센터(고속도로),127.1563624,37.54155324,Y
E912145,(세종포천선)(세종)고덕터널(세종18),국가교통정보센터(고속도로),127.1571152,37.53905422,Y
E912146,(세종포천선)(세종)고덕터널(세종2),국가교통정보센터(고속도로),127.156673,37.56290871,Y
E912139,(세종포천선)(세종)고덕터널(세종20),국가교통정보센터(고속도로),127.1584132,37.53617604,Y
E912140,(세종포천선)(세종)고덕터널(세종22),국가교통정보센터(고속도로),127.1595788,37.53363816,Y
E912147,(세종포천선)(세종)고덕터널(세종4),국가교통정보센터(고속도로),127.1569537,37.55914668,Y
E912148,(세종포천선)(세종)고덕터널(세종6),국가교통정보센터(고속도로),127.1568582,37.55680647,Y
E912149,(세종포천선)(세종)고덕터널(세종8),국가교통정보센터(고속도로),127.1566805,37.55436951,Y
E912150,(세종포천선)(세종)고삼터널(세종)1,국가교통정보센터(고속도로),127.2880346,37.12334079,Y
E912151,(세종포천선)(세종)고삼터널(세종)11,국가교통정보센터(고속도로),127.2989948,37.10619349,Y
E912152,(세종포천선)(세종)고삼터널(세종)3,국가교통정보센터(고속도로),127.2916308,37.11883796,Y
E912153,(세종포천선)(세종)고삼터널(세종)5,국가교통정보센터(고속도로),127.2939025,37.11597373,Y
E912154,(세종포천선)(세종)고삼터널(세종)7,국가교통정보센터(고속도로),127.2950205,37.11413279,Y
E912155,(세종포천선)(세종)고삼터널(세종)9,국가교통정보센터(고속도로),127.2972568,37.110559,Y
E912156,(세종포천선)(세종)금광터널(세종)1,국가교통정보센터(고속도로),127.3213128,36.99367245,Y
E912157,(세종포천선)(세종)금광터널(세종)3,국가교통정보센터(고속도로),127.3219666,36.98887694,Y
E912158,(세종포천선)(세종)금광터널(세종)5,국가교통정보센터(고속도로),127.3221292,36.98482163,Y
E912159,(세종포천선)(세종)금광터널(세종)7,국가교통정보센터(고속도로),127.3218086,36.98069555,Y
E912160,(세종포천선)(세종)금광터널(세종)외부1,국가교통정보센터(고속도로),127.3204516,36.99726108,Y
E912164,(세종포천선)(세종)남한산성터널(세종1),국가교통정보센터(고속도로),127.171671,37.50166265,Y
E912165,(세종포천선)(세종)남한산성터널(세종11),국가교통정보센터(고속도로),127.1688318,37.48635865,Y
E912166,(세종포천선)(세종)남한산성터널(세종13),국가교통정보센터(고속도로),127.1685539,37.48342176,Y
E912167,(세종포천선)(세종)남한산성터널(세종15),국가교통정보센터(고속도로),127.1686148,37.48035824,Y
E912168,(세종포천선)(세종)남한산성터널(세종17),국가교통정보센터(고속도로),127.1690376,37.47730773,Y
E912169,(세종포천선)(세종)남한산성터널(세종19),국가교통정보센터(고속도로),127.1697944,37.47452252,Y
E912161,(세종포천선)(세종)남한산성터널(세종21),국가교통정보센터(고속도로),127.1715,37.4718,Y
E912162,(세종포천선)(세종)남한산성터널(세종23),국가교통정보센터(고속도로),127.1724263,37.46866215,Y
E912163,(세종포천선)(세종)남한산성터널(세종25),국가교통정보센터(고속도로),127.1740284,37.46609868,Y
E912180,(세종포천선)(세종)남한산성터널(세종27),국가교통정보센터(고속도로),127.1755012,37.46387326,Y
E912181,(세종포천선)(세종)남한산성터널(세종29),국가교통정보센터(고속도로),127.177416,37.4610142,Y
E912170,(세종포천선)(세종)남한산성터널(세종3),국가교통정보센터(고속도로),127.1712923,37.49929355,Y
E912175,(세종포천선)(세종)남한산성터널(세종31),국가교통정보센터(고속도로),127.179269,37.45835792,Y
E912176,(세종포천선)(세종)남한산성터널(세종33),국가교통정보센터(고속도로),127.1812007,37.45555283,Y
E912177,(세종포천선)(세종)남한산성터널(세종35),국가교통정보센터(고속도로),127.1832848,37.45276549,Y
E912178,(세종포천선)(세종)남한산성터널(세종37),국가교통정보센터(고속도로),127.1853114,37.44965384,Y
E912179,(세종포천선)(세종)남한산성터널(세종39),국가교통정보센터(고속도로),127.1866103,37.44704787,Y
E912171,(세종포천선)(세종)남한산성터널(세종41),국가교통정보센터(고속도로),127.1875459,37.44384329,Y
E912172,(세종포천선)(세종)남한산성터널(세종43),국가교통정보센터(고속도로),127.1882163,37.44079679,Y
E912173,(세종포천선)(세종)남한산성터널(세종45),국가교통정보센터(고속도로),127.1888863,37.43759712,Y
E912174,(세종포천선)(세종)남한산성터널(세종47),국가교통정보센터(고속도로),127.1895397,37.43458669,Y
E912182,(세종포천선)(세종)남한산성터널(세종5),국가교통정보센터(고속도로),127.17056,37.49551039,Y
E912183,(세종포천선)(세종)남한산성터널(세종7),국가교통정보센터(고속도로),127.1699165,37.49224742,Y
E912184,(세종포천선)(세종)남한산성터널(세종9),국가교통정보센터(고속도로),127.1693587,37.48936725,Y
E912185,(세종포천선)(세종)능안산터널(세종1),국가교통정보센터(고속도로),127.1920954,37.40888331,Y
E912186,(세종포천선)(세종)능안산터널(세종3),국가교통정보센터(고속도로),127.1917639,37.40621008,Y
E912187,(세종포천선)(세종)모현터널(세종1),국가교통정보센터(고속도로),127.2419672,37.3035632,Y
E912188,(세종포천선)(세종)문수1터널(세종)2,국가교통정보센터(고속도로),127.2680503,37.17288723,Y
E912189,(세종포천선)(세종)문수1터널(세종)4,국가교통정보센터(고속도로),127.2708056,37.16561847,Y
E912190,(세종포천선)(세종)문수1터널(세종)6,국가교통정보센터(고속도로),127.2728685,37.16006325,Y
E912191,(세종포천선)(세종)문수3터널(세종)1,국가교통정보센터(고속도로),127.2650826,37.18558073,Y
E912193,(세종포천선)(세종)문수3터널(세종)3,국가교통정보센터(고속도로),127.2651173,37.18220846,Y
E912192,(세종포천선)(세종)문수3터널(세종)4,국가교통정보센터(고속도로),127.2657302,37.17915928,Y
E912194,(세종포천선)(세종)쌍령터널(세종)2,국가교통정보센터(고속도로),127.2834343,37.13293916,Y
E912195,(세종포천선)(세종)오포1터널(세종1),국가교통정보센터(고속도로),127.2158611,37.36868604,Y
E912196,(세종포천선)(세종)오포3터널(세종1),국가교통정보센터(고속도로),127.2071575,37.37651123,Y
E912197,(세종포천선)(세종)운학터널(세종)1,국가교통정보센터(고속도로),127.2682508,37.21685352,Y
E912198,(세종포천선)(세종)운학터널(세종)11,국가교통정보센터(고속도로),127.2687738,37.19911971,Y
E912199,(세종포천선)(세종)운학터널(세종)13,국가교통정보센터(고속도로),127.2676642,37.19588745,Y
E912200,(세종포천선)(세종)운학터널(세종)3,국가교통정보센터(고속도로),127.2696763,37.21216484,Y
E912201,(세종포천선)(세종)운학터널(세종)5,국가교통정보센터(고속도로),127.2701581,37.20827121,Y
E912202,(세종포천선)(세종)운학터널(세종)7,국가교통정보센터(고속도로),127.2700081,37.20412673,Y
E912203,(세종포천선)(세종)운학터널(세종)9,국가교통정보센터(고속도로),127.2693219,37.2012089,Y
E912204,(세종포천선)(세종)포곡1터널(세종1),국가교통정보센터(고속도로),127.2503362,37.27536814,Y
E912205,(세종포천선)(세종)포곡1터널(세종3),국가교통정보센터(고속도로),127.2504854,37.26936691,Y
E912206,(세종포천선)(세종)포곡1터널(세종5),국가교통정보센터(고속도로),127.2506511,37.26493345,Y
E912208,(세종포천선)(세종)포곡2터널(세종2),국가교통정보센터(고속도로),127.2472845,37.29810095,Y
E912207,(세종포천선)(세종)포곡2터널(세종3),국가교통정보센터(고속도로),127.2497144,37.29192601,Y
E912209,(세종포천선)(세종)포곡2터널(세종7),국가교통정보센터(고속도로),127.2501538,37.28159019,Y
E912210,(세종포천선)(세종)해곡터널(세종)1,국가교통정보센터(고속도로),127.2665671,37.19299305,Y
E912211,(세종포천선)(포천)갈현터널(포천2),국가교통정보센터(고속도로),127.1924278,37.42180787,Y
E912212,(세종포천선)(포천)갈현터널(포천4),국가교통정보센터(고속도로),127.1918229,37.42494439,Y
E912213,(세종포천선)(포천)갈현터널(포천6),국가교통정보센터(고속도로),127.1912685,37.42793666,Y
E912215,(세종포천선)(포천)고덕터널(포천10),국가교통정보센터(고속도로),127.1563455,37.54433734,Y
E912216,(세종포천선)(포천)고덕터널(포천12),국가교통정보센터(고속도로),127.1564167,37.54725198,Y
E912217,(세종포천선)(포천)고덕터널(포천14),국가교통정보센터(고속도로),127.1566328,37.55046375,Y
E912218,(세종포천선)(포천)고덕터널(포천16),국가교통정보센터(고속도로),127.1569295,37.55436467,Y
E912219,(세종포천선)(포천)고덕터널(포천18),국가교통정보센터(고속도로),127.1570818,37.5568287,Y
E912214,(세종포천선)(포천)고덕터널(포천2),국가교통정보센터(고속도로),127.159941,37.53369173,Y
E912220,(세종포천선)(포천)고덕터널(포천20),국가교통정보센터(고속도로),127.1572368,37.55920937,Y
E912221,(세종포천선)(포천)고덕터널(포천22),국가교통정보센터(고속도로),127.1567926,37.56327796,Y
E912222,(세종포천선)(포천)고덕터널(포천4),국가교통정보센터(고속도로),127.1587077,37.5363153,Y
E912223,(세종포천선)(포천)고덕터널(포천6),국가교통정보센터(고속도로),127.1573925,37.53906286,Y
E912224,(세종포천선)(포천)고덕터널(포천8),국가교통정보센터(고속도로),127.1566171,37.54162948,Y
E912225,(세종포천선)(포천)고삼터널(포천)1,국가교통정보센터(고속도로),127.2997151,37.10626375,Y
E912226,(세종포천선)(포천)고삼터널(포천)11,국가교통정보센터(고속도로),127.2884401,37.12344793,Y
E912227,(세종포천선)(포천)고삼터널(포천)3,국가교통정보센터(고속도로),127.2978876,37.11073763,Y
E912228,(세종포천선)(포천)고삼터널(포천)5,국가교통정보센터(고속도로),127.2961009,37.11420218,Y
E912229,(세종포천선)(포천)고삼터널(포천)7,국가교통정보센터(고속도로),127.2945782,37.11611623,Y
E912230,(세종포천선)(포천)고삼터널(포천)9,국가교통정보센터(고속도로),127.2922938,37.11896923,Y
E912231,(세종포천선)(포천)고삼터널(포천)외부1,국가교통정보센터(고속도로),127.3005639,37.10186892,Y
E912232,(세종포천선)(포천)금광터널(포천)1,국가교통정보센터(고속도로),127.3222798,36.98058614,Y
E912233,(세종포천선)(포천)금광터널(포천)3,국가교통정보센터(고속도로),127.3228931,36.9848556,Y
E912234,(세종포천선)(포천)금광터널(포천)5,국가교통정보센터(고속도로),127.322821,36.98905483,Y
E912235,(세종포천선)(포천)금광터널(포천)7,국가교통정보센터(고속도로),127.3218072,36.99370716,Y
E912237,(세종포천선)(포천)남한산성터널(포천10),국가교통정보센터(고속도로),127.1872379,37.44722257,Y
E912238,(세종포천선)(포천)남한산성터널(포천12),국가교통정보센터(고속도로),127.1859449,37.44988711,Y
E912239,(세종포천선)(포천)남한산성터널(포천14),국가교통정보센터(고속도로),127.1839295,37.4529537,Y
E912240,(세종포천선)(포천)남한산성터널(포천16),국가교통정보센터(고속도로),127.1818906,37.45576802,Y
E912241,(세종포천선)(포천)남한산성터널(포천18),국가교통정보센터(고속도로),127.1798969,37.45860475,Y
E912236,(세종포천선)(포천)남한산성터널(포천2),국가교통정보센터(고속도로),127.1899749,37.43465807,Y
E912242,(세종포천선)(포천)남한산성터널(포천20),국가교통정보센터(고속도로),127.1780606,37.46114838,Y
E912243,(세종포천선)(포천)남한산성터널(포천22),국가교통정보센터(고속도로),127.175999,37.46405272,Y
E912244,(세종포천선)(포천)남한산성터널(포천24),국가교통정보센터(고속도로),127.1743906,37.46630538,Y
E912245,(세종포천선)(포천)남한산성터널(포천26),국가교통정보센터(고속도로),127.1726869,37.46891856,Y
E912246,(세종포천선)(포천)남한산성터널(포천28),국가교통정보센터(고속도로),127.1711957,37.47181748,Y
E912248,(세종포천선)(포천)남한산성터널(포천30),국가교통정보센터(고속도로),127.1702014,37.47454897,Y
E912249,(세종포천선)(포천)남한산성터널(포천32),국가교통정보센터(고속도로),127.1694221,37.47736574,Y
E912250,(세종포천선)(포천)남한산성터널(포천34),국가교통정보센터(고속도로),127.1689881,37.48044781,Y
E912251,(세종포천선)(포천)남한산성터널(포천36),국가교통정보센터(고속도로),127.168893,37.48337622,Y
E912252,(세종포천선)(포천)남한산성터널(포천38),국가교통정보센터(고속도로),127.1691596,37.48630412,Y
E912247,(세종포천선)(포천)남한산성터널(포천4),국가교통정보센터(고속도로),127.1894061,37.43761431,Y
E912253,(세종포천선)(포천)남한산성터널(포천40),국가교통정보센터(고속도로),127.1697657,37.48931261,Y
E912254,(세종포천선)(포천)남한산성터널(포천42),국가교통정보센터(고속도로),127.1702954,37.49230544,Y
E912255,(세종포천선)(포천)남한산성터널(포천44),국가교통정보센터(고속도로),127.1708876,37.49538828,Y
E912256,(세종포천선)(포천)남한산성터널(포천46),국가교통정보센터(고속도로),127.1714769,37.49839228,Y
E912257,(세종포천선)(포천)남한산성터널(포천48),국가교통정보센터(고속도로),127.1720207,37.50130173,Y
E912258,(세종포천선)(포천)남한산성터널(포천6),국가교통정보센터(고속도로),127.1887929,37.44089499,Y
E912259,(세종포천선)(포천)남한산성터널(포천8),국가교통정보센터(고속도로),127.1882128,37.44392332,Y
E912260,(세종포천선)(포천)능안산터널(포천4),국가교통정보센터(고속도로),127.1924287,37.40892782,Y
E912261,(세종포천선)(포천)모현터널(포천1),국가교통정보센터(고속도로),127.2423174,37.30373368,Y
E912262,(세종포천선)(포천)문수1터널(포천)2,국가교통정보센터(고속도로),127.2734202,37.16008901,Y
E912263,(세종포천선)(포천)문수1터널(포천)4,국가교통정보센터(고속도로),127.2714137,37.16565313,Y
E912264,(세종포천선)(포천)문수1터널(포천)6,국가교통정보센터(고속도로),127.2687598,37.17293068,Y
E912265,(세종포천선)(포천)문수1터널(포천)외부1,국가교통정보센터(고속도로),127.2766274,37.15274697,Y
E912266,(세종포천선)(포천)문수3터널(포천)2,국가교통정보센터(고속도로),127.266144,37.17995579,Y
E912267,(세종포천선)(포천)쌍령터널(포천)2,국가교통정보센터(고속도로),127.28411,37.13304567,Y
E912268,(세종포천선)(포천)오포1터널(포천2),국가교통정보센터(고속도로),127.2162568,37.36889255,Y
E912269,(세종포천선)(포천)오포3터널(포천1),국가교통정보센터(고속도로),127.207378,37.376633,Y
E912271,(세종포천선)(포천)운학터널(포천)10,국가교통정보센터(고속도로),127.2704429,37.21230725,Y
E912272,(세종포천선)(포천)운학터널(포천)12,국가교통정보센터(고속도로),127.2688828,37.21714042,Y
E912270,(세종포천선)(포천)운학터널(포천)2,국가교통정보센터(고속도로),127.2683899,37.19567406,Y
E912273,(세종포천선)(포천)운학터널(포천)4,국가교통정보센터(고속도로),127.2696738,37.19879328,Y
E912274,(세종포천선)(포천)운학터널(포천)6,국가교통정보센터(고속도로),127.2709541,37.20405249,Y
E912275,(세종포천선)(포천)운학터널(포천)8,국가교통정보센터(고속도로),127.2710593,37.20826915,Y
E912278,(세종포천선)(포천)포곡1터널(포천)외부1,국가교통정보센터(고속도로),127.2510473,37.25861632,Y
E912276,(세종포천선)(포천)포곡1터널(포천2),국가교통정보센터(고속도로),127.2512146,37.26487819,Y
E912277,(세종포천선)(포천)포곡1터널(포천6),국가교통정보센터(고속도로),127.2507983,37.2753131,Y
E912279,(세종포천선)(포천)포곡2터널(포천2),국가교통정보센터(고속도로),127.2506501,37.2816342,Y
E912280,(세종포천선)(포천)포곡2터널(포천6),국가교통정보센터(고속도로),127.2503008,37.29192477,Y
E912281,(세종포천선)(포천)해곡터널(포천)외부1,국가교통정보센터(고속도로),127.2654934,37.18710259,Y
E912282,(세종포천선)가율,국가교통정보센터(고속도로),127.296714898817,37.0642726083246,Y
E912283,(세종포천선)가율천교,국가교통정보센터(고속도로),127.2985741,37.05919042,Y
E912284,(세종포천선)강동나들목,국가교통정보센터(고속도로),127.1493215,37.5661414,Y
E912285,(세종포천선)경인천교(포천),국가교통정보센터(고속도로),127.2311312,37.3090475,Y
E912287,(세종포천선)고삼교,국가교통정보센터(고속도로),127.3011484,37.0875315,Y
E912288,(세종포천선)고삼호수휴게소,국가교통정보센터(고속도로),127.2962098,37.06992808,Y
E912286,(세종포천선)곡천교,국가교통정보센터(고속도로),127.3027428,37.03591869,Y
E912289,(세종포천선)구만사(포천),국가교통정보센터(고속도로),127.2234789,37.3160662,Y
E912290,(세종포천선)구사,국가교통정보센터(고속도로),127.3057519,37.02672001,Y
E912291,(세종포천선)남안성분기점,국가교통정보센터(고속도로),127.31973668616,36.97272657456,Y
E912292,(세종포천선)남용인,국가교통정보센터(고속도로),127.2794664,37.14724837,Y
E912293,(세종포천선)목동,국가교통정보센터(고속도로),127.202443,37.380685,Y
E912294,(세종포천선)목동교,국가교통정보센터(고속도로),127.195734,37.387115,Y
E912295,(세종포천선)문수2터널,국가교통정보센터(고속도로),127.2671465,37.17523201,Y
E912296,(세종포천선)복용인나들목(용인시상수도사업소),국가교통정보센터(고속도로),127.220009,37.363271,Y
E912298,(세종포천선)북용인JC,국가교통정보센터(고속도로),127.250422,37.2767463,Y
E912297,(세종포천선)북용인나들목(매산리),국가교통정보센터(고속도로),127.2204241,37.3289581,Y
E912299,(세종포천선)삼동교,국가교통정보센터(고속도로),127.192601,37.412711,Y
E912300,(세종포천선)서하남분기점1,국가교통정보센터(고속도로),127.1721,37.50655,Y
E912301,(세종포천선)서하남분기점2,국가교통정보센터(고속도로),127.1684,37.51694,Y
E912302,(세종포천선)쌍령터널,국가교통정보센터(고속도로),127.2827247,37.13883377,Y
E912303,(세종포천선)안성맞춤,국가교통정보센터(고속도로),127.3107399,37.01797564,Y
E912304,(세종포천선)양복,국가교통정보센터(고속도로),127.3153367,37.01003404,Y
E912305,(세종포천선)양지졸음쉼터,국가교통정보센터(고속도로),127.254155,37.23741267,Y
E912306,(세종포천선)오포IC(진입로),국가교통정보센터(고속도로),127.2231033,37.3615973,Y
E912307,(세종포천선)용인분기점,국가교통정보센터(고속도로),127.2508342,37.25043982,Y
E912308,(세종포천선)운학터널,국가교통정보센터(고속도로),127.2658478,37.22232829,Y
E912309,(세종포천선)적가,국가교통정보센터(고속도로),127.300743384352,37.0540364456149,Y
E912310,(세종포천선)적가1교,국가교통정보센터(고속도로),127.302439050099,37.0471738565872,Y
E912311,(세종포천선)조령천교,국가교통정보센터(고속도로),127.3184978,37.00287104,Y
E912312,(세종포천선)처인휴게소,국가교통정보센터(고속도로),127.2207138,37.3564152,Y
E912313,(세종포천선)초이IC,국가교통정보센터(고속도로),127.1619,37.52885,Y
E912315,(세종포천선)추자1교,국가교통정보센터(고속도로),127.2209521,37.35777,Y
E912314,(세종포천선)추자2교,국가교통정보센터(고속도로),127.2202376,37.3360037,Y
E912316,(수도권제1순환선)(일산)수리터널(일산외부1),국가교통정보센터(고속도로),126.927207,37.375547,Y
E912317,(수도권제1순환선)(일산)수리터널(일산외부2),국가교통정보센터(고속도로),126.905581,37.372735,Y
E912318,(수도권제1순환선)(일산)수암터널(일산외부1),국가교통정보센터(고속도로),126.90079,37.37204,Y
E912319,(수도권제1순환선)(일산)수암터널(일산외부2),국가교통정보센터(고속도로),126.886426,37.370151,Y
E912320,(수도권제1순환선)(퇴계원)광암터널(퇴계원2),국가교통정보센터(고속도로),127.181299,37.517753,Y
E912321,(수도권제1순환선)(판교1)광암터널(판교12),국가교통정보센터(고속도로),127.176728,37.516783,Y
E912322,(수도권제1순환선)(판교)삼평터널(판교3),국가교통정보센터(고속도로),127.10207,37.407545,Y
E912324,(수도권제1순환선)(판교)수리터널(판교외부1),국가교통정보센터(고속도로),126.905572,37.372359,Y
E912323,(수도권제1순환선)(판교)수리터널(판교외부2),국가교통정보센터(고속도로),126.926891,37.375251,Y
E912326,(수도권제1순환선)(판교)수암터널(판교외부1),국가교통정보센터(고속도로),126.886057,37.369784,Y
E912325,(수도권제1순환선)(판교)수암터널(판교외부2),국가교통정보센터(고속도로),126.9005944,37.3716975,Y
E912441,(수도권제1순환선)가천대역BS,국가교통정보센터(고속도로),127.1260556,37.44883333,Y
E912327,(수도권제1순환선)강일,국가교통정보센터(고속도로),127.1655556,37.57333333,Y
E912328,(수도권제1순환선)강일육교,국가교통정보센터(고속도로),127.17495727539,37.5596084594726,Y
E912329,(수도권제1순환선)거여고가교,국가교통정보센터(고속도로),127.1389115,37.49291779,Y
E912442,(수도권제1순환선)계수1교,국가교통정보센터(고속도로),126.81309,37.44125,Y
E912444,(수도권제1순환선)계수4교,국가교통정보센터(고속도로),126.8073028,37.44729444,Y
E912330,(수도권제1순환선)계양,국가교통정보센터(고속도로),126.74789,37.54679,Y
E912331,(수도권제1순환선)고양IC,국가교통정보센터(고속도로),126.8183287,37.65694527,Y
E912332,(수도권제1순환선)공릉천교,국가교통정보센터(고속도로),126.9053421,37.67345428,Y
E912333,(수도권제1순환선)광암터널2,국가교통정보센터(고속도로),127.173364,37.516332,Y
E912334,(수도권제1순환선)광암터널3,국가교통정보센터(고속도로),127.1866667,37.51916667,Y
E912335,(수도권제1순환선)구리,국가교통정보센터(고속도로),127.1412691,37.61559764,Y
E912336,(수도권제1순환선)구리2,국가교통정보센터(고속도로),127.1416711,37.61408599,Y
E912337,(수도권제1순환선)구리영업소,국가교통정보센터(고속도로),127.156692504882,37.5906066894531,Y
E912338,(수도권제1순환선)구리휴게소,국가교통정보센터(고속도로),127.1384383,37.62754006,Y
E912340,(수도권제1순환선)금이2교,국가교통정보센터(고속도로),126.8525438,37.39227378,Y
E912339,(수도권제1순환선)금이3교,국가교통정보센터(고속도로),126.8350219,37.40812567,Y
E912344,(수도권제1순환선)금토,국가교통정보센터(고속도로),127.082311,37.400169,Y
E912345,(수도권제1순환선)김포,국가교통정보센터(고속도로),126.77417,37.59694,Y
E912346,(수도권제1순환선)김포대교(남단),국가교통정보센터(고속도로),126.783454895019,37.6017189025878,Y
E912347,(수도권제1순환선)김포대교(북단),국가교통정보센터(고속도로),126.797859191894,37.6166954040527,Y
E912348,(수도권제1순환선)김포영업소,국가교통정보센터(고속도로),126.7613,37.58696,Y
E912349,(수도권제1순환선)남양주,국가교통정보센터(고속도로),127.1536111,37.60222222,Y
E912350,(수도권제1순환선)내곡교,국가교통정보센터(고속도로),126.8076196,37.64592501,Y
E912351,(수도권제1순환선)노고1터널(일산방향),국가교통정보센터(고속도로),126.9475453,37.69712327,Y
E912352,(수도권제1순환선)노고1터널(퇴계원방향),국가교통정보센터(고속도로),126.9673322,37.70743414,Y
E912353,(수도권제1순환선)노고2터널(퇴계원방향),국가교통정보센터(고속도로),126.9411583,37.69229904,Y
E912354,(수도권제1순환선)노오지분기점,국가교통정보센터(고속도로),126.752503,37.568518,Y
E912445,(수도권제1순환선)논곡,국가교통정보센터(고속도로),126.8515361,37.39284167,Y
E912446,(수도권제1순환선)대장교,국가교통정보센터(고속도로),126.80445,37.626168,Y
E912355,(수도권제1순환선)동양1,국가교통정보센터(고속도로),126.752662658691,37.5623130798339,Y
E912356,(수도권제1순환선)동양동,국가교통정보센터(고속도로),126.75089263916,37.5562438964843,Y
E912357,(수도권제1순환선)별내IC,국가교통정보센터(고속도로),127.1166035,37.66014861,Y
E912358,(수도권제1순환선)복정교,국가교통정보센터(고속도로),127.12556,37.45389,Y
E912359,(수도권제1순환선)불암산TG,국가교통정보센터(고속도로),127.1241971,37.64942008,Y
E912360,(수도권제1순환선)불암터널(일산방향),국가교통정보센터(고속도로),127.0921851,37.67461487,Y
E912361,(수도권제1순환선)불암터널(퇴계원방향),국가교통정보센터(고속도로),127.1063645,37.67005659,Y
E912362,(수도권제1순환선)사패터널(일산방향),국가교통정보센터(고속도로),126.992646,37.72274715,Y
E912363,(수도권제1순환선)사패터널(퇴계원방향),국가교통정보센터(고속도로),127.0348383,37.71297237,Y
E912364,(수도권제1순환선)산본,국가교통정보센터(고속도로),126.93472,37.37611,Y
E912365,(수도권제1순환선)삼산1,국가교통정보센터(고속도로),126.75085,37.51879,Y
E912366,(수도권제1순환선)삼산2,국가교통정보센터(고속도로),126.75042,37.51797,Y
E912341,(수도권제1순환선)삼평1교,국가교통정보센터(고속도로),127.100675,37.407443,Y
E912367,(수도권제1순환선)상일,국가교통정보센터(고속도로),127.181422,37.5457231,Y
E912368,(수도권제1순환선)서운분기점,국가교통정보센터(고속도로),126.75197,37.53357,Y
E912369,(수도권제1순환선)서운분기점1,국가교통정보센터(고속도로),126.751838684082,37.525650024414,Y
E912370,(수도권제1순환선)서하남,국가교통정보센터(고속도로),127.145568847656,37.5064468383789,Y
E912371,(수도권제1순환선)서하남2,국가교통정보센터(고속도로),127.14972,37.51167,Y
E912372,(수도권제1순환선)서하남휴게소,국가교통정보센터(고속도로),127.191360473632,37.5219421386718,Y
E912373,(수도권제1순환선)성남,국가교통정보센터(고속도로),127.12361,37.42889,Y
E912374,(수도권제1순환선)성남삼평교,국가교통정보센터(고속도로),127.119011,37.411874,Y
E912375,(수도권제1순환선)성남삼평교2,국가교통정보센터(고속도로),127.12311553955,37.4186477661132,Y
E912376,(수도권제1순환선)성남영업소,국가교통정보센터(고속도로),127.122947692871,37.4366302490234,Y
E912377,(수도권제1순환선)성남요금소,국가교통정보센터(고속도로),127.12262,37.43909,Y
E912378,(수도권제1순환선)소래터널(일산),국가교통정보센터(고속도로),126.77393,37.45864,Y
E912379,(수도권제1순환선)소래터널시흥,국가교통정보센터(고속도로),126.784339904785,37.4581565856933,Y
E912380,(수도권제1순환선)송내,국가교통정보센터(고속도로),126.74916,37.48181,Y
E912381,(수도권제1순환선)송내진입,국가교통정보센터(고속도로),126.746894836425,37.4882354736328,Y
E912382,(수도권제1순환선)송추IC,국가교통정보센터(고속도로),126.9720045,37.71114598,Y
E912383,(수도권제1순환선)송파,국가교통정보센터(고속도로),127.12944,37.475,Y
E912447,(수도권제1순환선)송파진입로,국가교통정보센터(고속도로),127.130875,37.47314722,Y
E912384,(수도권제1순환선)수락터널(일산방향),국가교통정보센터(고속도로),127.0585162,37.6916427,Y
E912385,(수도권제1순환선)수락터널(퇴계원방향),국가교통정보센터(고속도로),127.0842667,37.67752836,Y
E912386,(수도권제1순환선)시흥,국가교통정보센터(고속도로),126.7973394,37.45603126,Y
E912448,(수도권제1순환선)시흥TG일산,국가교통정보센터(고속도로),126.8058694,37.44878056,Y
E912387,(수도권제1순환선)시흥영업소,국가교통정보센터(고속도로),126.803848266601,37.4507255554199,Y
E912388,(수도권제1순환선)시흥하늘휴게소1,국가교통정보센터(고속도로),126.855499267578,37.3836669921875,Y
E912389,(수도권제1순환선)시흥하늘휴게소2,국가교통정보센터(고속도로),126.857559204101,37.3757972717285,Y
E912390,(수도권제1순환선)안양터널,국가교통정보센터(고속도로),126.9470391,37.37926614,Y
E912391,(수도권제1순환선)안현분기점,국가교통정보센터(고속도로),126.817284,37.436757,Y
E912392,(수도권제1순환선)양주TG,국가교통정보센터(고속도로),126.9212777,37.68070451,Y
E912393,(수도권제1순환선)원당천교,국가교통정보센터(고속도로),126.8590509,37.66714779,Y
E912394,(수도권제1순환선)위례,국가교통정보센터(고속도로),127.135360717773,37.4817733764648,Y
E912449,(수도권제1순환선)위례2,국가교통정보센터(고속도로),127.1308972,37.47602778,Y
E912395,(수도권제1순환선)의정부IC,국가교통정보센터(고속도로),127.0520544,37.69473061,Y
E912396,(수도권제1순환선)인천대공원,국가교통정보센터(고속도로),126.76350402832,37.4615097045898,Y
E912397,(수도권제1순환선)일산,국가교통정보센터(고속도로),126.8046413,37.63591795,Y
E912398,(수도권제1순환선)일신,국가교통정보센터(고속도로),126.750871,37.478065,Y
E912399,(수도권제1순환선)자유로분기점,국가교통정보센터(고속도로),126.79972,37.61833,Y
E912400,(수도권제1순환선)장수,국가교통정보센터(고속도로),126.75594,37.46442,Y
E912401,(수도권제1순환선)장수2,국가교통정보센터(고속도로),126.75513,37.47267,Y
E912402,(수도권제1순환선)재너머골,국가교통정보센터(고속도로),126.8289369,37.41949685,Y
E912403,(수도권제1순환선)조남2교,국가교통정보센터(고속도로),126.85993,37.373,Y
E912404,(수도권제1순환선)조남3교,국가교통정보센터(고속도로),126.855087280273,37.3872528076171,Y
E912405,(수도권제1순환선)조남분기점,국가교통정보센터(고속도로),126.8719522,37.36860128,Y
E912406,(수도권제1순환선)조남분기점2,국가교통정보센터(고속도로),126.865531921386,37.3696823120117,Y
E912407,(수도권제1순환선)중동,국가교통정보센터(고속도로),126.74727,37.5018,Y
E912408,(수도권제1순환선)중동진입,국가교통정보센터(고속도로),126.74925994873,37.5123062133789,Y
E912409,(수도권제1순환선)중동진출,국가교통정보센터(고속도로),126.748916625976,37.5105285644531,Y
E912410,(수도권제1순환선)청계요금소,국가교통정보센터(고속도로),127.02722,37.39333,Y
E912411,(수도권제1순환선)청계운중교,국가교통정보센터(고속도로),127.062568,37.395054,Y
E912412,(수도권제1순환선)청계운중교2,국가교통정보센터(고속도로),127.076919555664,37.3961105346679,Y
E912413,(수도권제1순환선)청계터널2,국가교통정보센터(고속도로),127.030311584472,37.3933525085449,Y
E912450,(수도권제1순환선)청계터널3(보행자),국가교통정보센터(고속도로),127.0325089,37.3937645,Y
E912414,(수도권제1순환선)청계터널4,국가교통정보센터(고속도로),127.0516667,37.39638889,Y
E912415,(수도권제1순환선)청계휴게소,국가교통정보센터(고속도로),127.022324,37.392828,Y
E912451,(수도권제1순환선)청계휴게소2(보행자),국가교통정보센터(고속도로),127.0157318,37.39256668,Y
E912452,(수도권제1순환선)초일,국가교통정보센터(고속도로),127.187361,37.535144,Y
E912453,(수도권제1순환선)태평,국가교통정보센터(고속도로),127.1228889,37.4405,Y
E912416,(수도권제1순환선)토평,국가교통정보센터(고속도로),127.156631,37.58428,Y
E912417,(수도권제1순환선)통일로IC,국가교통정보센터(고속도로),126.8867559,37.67389629,Y
E912418,(수도권제1순환선)퇴계원,국가교통정보센터(고속도로),127.13361,37.63944,Y
E912419,(수도권제1순환선)판교램프,국가교통정보센터(고속도로),127.0946503,37.40575027,Y
E912420,(수도권제1순환선)판교분기점,국가교통정보센터(고속도로),127.09706,37.40665,Y
E912421,(수도권제1순환선)평촌,국가교통정보센터(고속도로),126.97054,37.38049,Y
E912422,(수도권제1순환선)평촌2,국가교통정보센터(고속도로),126.9814772,37.3807348,Y
E912423,(수도권제1순환선)평촌고가교,국가교통정보센터(고속도로),126.96423,37.38198,Y
E912424,(수도권제1순환선)하남분기점,국가교통정보센터(고속도로),127.19361,37.5325,Y
E912425,(수도권제1순환선)학의분기점,국가교통정보센터(고속도로),126.99123,37.38482,Y
E912342,(수도권제2순환선(봉담동탄))동탄JC(동탄),국가교통정보센터(고속도로),127.094965,37.177608,Y
E912343,(수도권제2순환선(봉담동탄))필봉산터널(동탄),국가교통정보센터(고속도로),127.0738395,37.1806966,Y
E912426,(수도권제2순환선(봉담동탄))필봉산터널(봉담),국가교통정보센터(고속도로),127.0703261,37.182124,Y
E912427,(수도권제2순환선(봉담송산))남봉담IC,국가교통정보센터(고속도로),126.9399729,37.20227977,Y
E912428,(수도권제2순환선(봉담송산))남비봉IC,국가교통정보센터(고속도로),126.8823581,37.1992413,Y
E912429,(수도권제2순환선(봉담송산))남비봉팔탄,국가교통정보센터(고속도로),126.8915819,37.2001884,Y
E912430,(수도권제2순환선(봉담송산))남양졸음쉼터,국가교통정보센터(고속도로),126.8477899,37.18891609,Y
E912432,(수도권제2순환선(봉담송산))마도IC,국가교통정보센터(고속도로),126.7835046,37.18784227,Y
E912431,(수도권제2순환선(봉담송산))마도JCT,국가교통정보센터(고속도로),126.7738175,37.19162333,Y
E912433,(수도권제2순환선(봉담송산))봉담터널,국가교통정보센터(고속도로),126.9051303,37.20661443,Y
E912434,(수도권제2순환선(봉담송산))봉담터널입구(송산),국가교통정보센터(고속도로),126.9211845,37.20902611,Y
E912435,(수도권제2순환선(봉담송산))봉담터널출구(봉담),국가교통정보센터(고속도로),126.9211617,37.20920491,Y
E912436,(수도권제2순환선(봉담송산))신남교,국가교통정보센터(고속도로),126.82933,37.18722346,Y
E912437,(수도권제2순환선(봉담송산))팔탄분기A,국가교통정보센터(고속도로),126.8711871,37.19078251,Y
E912438,(수도권제2순환선(봉담송산))팔탄분기B,국가교통정보센터(고속도로),126.8711871,37.19078251,Y
E912439,(수도권제2순환선(봉담송산))화성IC,국가교통정보센터(고속도로),126.8144192,37.18882815,Y
E912440,(수도권제2순환선(봉담송산))화성JCT,국가교통정보센터(고속도로),126.9629339,37.19684103,Y
E912443,(수도권제2순환선(봉담송산))화성분기,국가교통정보센터(고속도로),126.9560406,37.19779201,Y
E912454,(수도권제2순환선(봉담송산))화성호교,국가교통정보센터(고속도로),126.7948306,37.18868414,Y
E912457,(수도권제2순환선(파주양주))(양주)광적1터널(양주)10,국가교통정보센터(고속도로),126.9120499,37.8351175,Y
E912458,(수도권제2순환선(파주양주))(양주)광적1터널(양주)12,국가교통정보센터(고속도로),126.9155934,37.83514417,Y
E912459,(수도권제2순환선(파주양주))(양주)광적1터널(양주)13,국가교통정보센터(고속도로),126.9191369,37.83511644,Y
E912460,(수도권제2순환선(파주양주))(양주)광적1터널(양주)16,국가교통정보센터(고속도로),126.9226805,37.8354331,Y
E912461,(수도권제2순환선(파주양주))(양주)광적1터널(양주)18,국가교통정보센터(고속도로),126.926224,37.83583057,Y
E912456,(수도권제2순환선(파주양주))(양주)광적1터널(양주)2,국가교통정보센터(고속도로),126.8996475,37.83795958,Y
E912462,(수도권제2순환선(파주양주))(양주)광적1터널(양주)20,국가교통정보센터(고속도로),126.9315393,37.83657933,Y
E912463,(수도권제2순환선(파주양주))(양주)광적1터널(양주)22,국가교통정보센터(고속도로),126.9350828,37.83718785,Y
E912464,(수도권제2순환선(파주양주))(양주)광적1터널(양주)24,국가교통정보센터(고속도로),126.9368546,37.83752895,Y
E912465,(수도권제2순환선(파주양주))(양주)광적1터널(양주)25,국가교통정보센터(고속도로),126.9421699,37.83873235,Y
E912466,(수도권제2순환선(파주양주))(양주)광적1터널(양주)26,국가교통정보센터(고속도로),126.9403981,37.83829721,Y
E912467,(수도권제2순환선(파주양주))(양주)광적1터널(양주)28,국가교통정보센터(고속도로),126.9457134,37.83974005,Y
E912469,(수도권제2순환선(파주양주))(양주)광적1터널(양주)30,국가교통정보센터(고속도로),126.9492569,37.84104536,Y
E912470,(수도권제2순환선(파주양주))(양주)광적1터널(양주)32,국가교통정보센터(고속도로),126.9528005,37.84392154,Y
E912468,(수도권제2순환선(파주양주))(양주)광적1터널(양주)4,국가교통정보센터(고속도로),126.903191,37.83587833,Y
E912471,(수도권제2순환선(파주양주))(양주)광적1터널(양주)6,국가교통정보센터(고속도로),126.9049628,37.83557101,Y
E912472,(수도권제2순환선(파주양주))(양주)광적1터널(양주)8,국가교통정보센터(고속도로),126.9085063,37.83523518,Y
E912455,(수도권제2순환선(파주양주))(양주)광적1터널(양주입구부),국가교통정보센터(고속도로),126.897734,37.837737,Y
E912473,(수도권제2순환선(파주양주))(양주)광적2터널(양주)1,국가교통정보센터(고속도로),126.956344,37.844319,Y
E912474,(수도권제2순환선(파주양주))(양주)법원터널(양주)2,국가교통정보센터(고속도로),126.88935,37.835908,Y
E912477,(수도권제2순환선(파주양주))(양주)은현1터널(양주),국가교통정보센터(고속도로),127.0071916,37.85231029,Y
E912475,(수도권제2순환선(파주양주))(양주)은현1터널(양주입구부),국가교통정보센터(고속도로),126.999686,37.849405,Y
E912476,(수도권제2순환선(파주양주))(양주)은현1터널(양주출구부),국가교통정보센터(고속도로),127.013584,37.853556,Y
E912478,(수도권제2순환선(파주양주))(양주)은현2터널(양주)1,국가교통정보센터(고속도로),127.017617,37.853962,Y
E912479,(수도권제2순환선(파주양주))(양주)은현3터널(양주),국가교통정보센터(고속도로),127.0403358,37.85514662,Y
E912488,(수도권제2순환선(파주양주))(파주)광적1터널(파주)1,국가교통정보센터(고속도로),126.9510287,37.84194112,Y
E912487,(수도권제2순환선(파주양주))(파주)광적1터널(파주)10,국가교통정보센터(고속도로),126.9297675,37.83630883,Y
E912489,(수도권제2순환선(파주양주))(파주)광적1터널(파주)12,국가교통정보센터(고속도로),126.933311,37.83687191,Y
E912490,(수도권제2순환선(파주양주))(파주)광적1터널(파주)15,국가교통정보센터(고속도로),126.9279958,37.83605945,Y
E912491,(수도권제2순환선(파주양주))(파주)광적1터널(파주)17,국가교통정보센터(고속도로),126.9244522,37.83562183,Y
E912492,(수도권제2순환선(파주양주))(파주)광적1터널(파주)19,국가교통정보센터(고속도로),126.9209087,37.83526452,Y
E912483,(수도권제2순환선(파주양주))(파주)광적1터널(파주)21,국가교통정보센터(고속도로),126.9173652,37.83520053,Y
E912482,(수도권제2순환선(파주양주))(파주)광적1터널(파주)22,국가교통정보센터(고속도로),126.9138216,37.83511538,Y
E912484,(수도권제2순환선(파주양주))(파주)광적1터널(파주)24,국가교통정보센터(고속도로),126.9102781,37.83515517,Y
E912485,(수도권제2순환선(파주양주))(파주)광적1터널(파주)27,국가교통정보센터(고속도로),126.9067346,37.83536795,Y
E912486,(수도권제2순환선(파주양주))(파주)광적1터널(파주)29,국가교통정보센터(고속도로),126.9014193,37.83637663,Y
E912493,(수도권제2순환선(파주양주))(파주)광적1터널(파주)3,국가교통정보센터(고속도로),126.9474852,37.84034058,Y
E912481,(수도권제2순환선(파주양주))(파주)광적1터널(파주)31,국가교통정보센터(고속도로),126.8978757,37.83776085,Y
E912494,(수도권제2순환선(파주양주))(파주)광적1터널(파주)5,국가교통정보센터(고속도로),126.9439416,37.83920981,Y
E912495,(수도권제2순환선(파주양주))(파주)광적1터널(파주)9,국가교통정보센터(고속도로),126.9386263,37.83789763,Y
E912480,(수도권제2순환선(파주양주))(파주)광적1터널(파주출구부),국가교통정보센터(고속도로),126.892473,37.837136,Y
E912497,(수도권제2순환선(파주양주))(파주)광적2터널(파주)1,국가교통정보센터(고속도로),126.957356,37.84473,Y
E912496,(수도권제2순환선(파주양주))(파주)광적2터널(파주입구부),국가교통정보센터(고속도로),126.967615,37.847899,Y
E912498,(수도권제2순환선(파주양주))(파주)은현1터널(파주),국가교통정보센터(고속도로),127.0091257,37.85289708,Y
E912500,(수도권제2순환선(파주양주))(파주)은현2터널(파주)2,국가교통정보센터(고속도로),127.016484,37.853897,Y
E912499,(수도권제2순환선(파주양주))(파주)은현2터널(파주입구부),국가교통정보센터(고속도로),127.02807,37.853811,Y
E912501,(수도권제2순환선(파주양주))(파주)은현3터널(파주),국가교통정보센터(고속도로),127.0400633,37.85544853,Y
E912502,(수도권제2순환선(파주양주))덕도2교전방(파주방향),국가교통정보센터(고속도로),126.976221,37.848323,Y
E912503,(수도권제2순환선(파주양주))북양주IC(파주방향),국가교통정보센터(고속도로),127.051204,37.857305,Y
E912504,(수도권제2순환선(파주양주))삼방3교전방,국가교통정보센터(고속도로),126.881231,37.832469,Y
E912505,(수도권제2순환선(파주양주))신천교후방(양주방향),국가교통정보센터(고속도로),126.992998,37.847765,Y
E912507,(수도권제2순환선(파주양주))양주졸음쉼터1(파주방향),국가교통정보센터(고속도로),126.9976871,37.84900588,Y
E912508,(수도권제2순환선(파주양주))양주졸음쉼터2(양주방향),국가교통정보센터(고속도로),126.997645,37.84859102,Y
E912506,(수도권제2순환선(파주양주))양주졸음쉼터2(파주방향),국가교통정보센터(고속도로),126.9979771,37.84874533,Y
E912509,(수도권제2순환선(파주양주))용암2교전방(양주방향),국가교통정보센터(고속도로),127.037167,37.8544,Y
E912510,(수도권제2순환선(파주양주))회암1교전방(파주방향),국가교통정보센터(고속도로),127.080774,37.847639,Y
E912511,(수도권제2순환선(파주양주))회암천교후방(양주방향),국가교통정보센터(고속도로),127.0679,37.85426,Y
E912512,(수도권제2순환선(화성광주))노곡터널,국가교통정보센터(고속도로),127.3550038,37.30649045,Y
E912513,(수도권제2순환선(화성광주))대대교,국가교통정보센터(고속도로),127.2644632,37.26759249,Y
E912514,(수도권제2순환선(화성광주))도척IC,국가교통정보센터(고속도로),127.3366017,37.29246358,Y
E912515,(수도권제2순환선(화성광주))도척면방도리,국가교통정보센터(고속도로),127.3288949,37.28798868,Y
E912516,(수도권제2순환선(화성광주))도척면유정리,국가교통정보센터(고속도로),127.3477546,37.30065886,Y
E912518,(수도권제2순환선(화성광주))동탄IC,국가교통정보센터(고속도로),127.1358312,37.20612617,Y
E912517,(수도권제2순환선(화성광주))동탄JC,국가교통정보센터(고속도로),127.0997279,37.17765147,Y
E912519,(수도권제2순환선(화성광주))동탄터널,국가교통정보센터(고속도로),127.1234345,37.19373111,Y
E912520,(수도권제2순환선(화성광주))무봉산터널,국가교통정보센터(고속도로),127.1392732,37.20889652,Y
E912521,(수도권제2순환선(화성광주))삼가교,국가교통정보센터(고속도로),127.1718979,37.25398474,Y
E912522,(수도권제2순환선(화성광주))삼가터널,국가교통정보센터(고속도로),127.1846981,37.2680762,Y
E912523,(수도권제2순환선(화성광주))서용인IC,국가교통정보센터(고속도로),127.1562492,37.2431886,Y
E912524,(수도권제2순환선(화성광주))서용인JCT,국가교통정보센터(고속도로),127.1912454,37.27095793,Y
E912525,(수도권제2순환선(화성광주))신리3교,국가교통정보센터(고속도로),127.1123974,37.18047609,Y
E912526,(수도권제2순환선(화성광주))양지면정수리,국가교통정보센터(고속도로),127.2970657,37.27336856,Y
E912527,(수도권제2순환선(화성광주))옥골교,국가교통정보센터(고속도로),127.3482738,37.30181045,Y
E912528,(수도권제2순환선(화성광주))정수터널,국가교통정보센터(고속도로),127.2911118,37.26844459,Y
E912529,(수도권제2순환선(화성광주))지곡터널,국가교통정보센터(고속도로),127.1505551,37.23166034,Y
E912530,(수도권제2순환선(화성광주))포곡2교,국가교통정보센터(고속도로),127.2367161,37.27440295,Y
E912531,(수도권제2순환선(화성광주))포곡IC,국가교통정보센터(고속도로),127.213168,37.2794037,Y
E912532,(수도권제2순환선(화성광주))포곡영업소,국가교통정보센터(고속도로),127.2193633,37.2773475,Y
E912533,(수도권제2순환선(화성광주))포곡읍영문리,국가교통정보센터(고속도로),127.2020606,37.2745223,Y
E912534,(수도권제2순환선)(창원)문안산터널(창원18),국가교통정보센터(고속도로),127.3215314,37.61080364,Y
E912535,(수도권제2순환선)(창원)문안산터널(창원8),국가교통정보센터(고속도로),127.3195014,37.6211378,Y
E912536,(수도권제2순환선)(창원)문안산터널(창원외부),국가교통정보센터(고속도로),127.3180456,37.63017381,Y
E912538,(수도권제2순환선)(창원)양서1터널(창원2),국가교통정보센터(고속도로),127.424265,37.529564,Y
E912542,(수도권제2순환선)(창원)양서2터널(창원14),국가교통정보센터(고속도로),127.403855,37.543771,Y
E912543,(수도권제2순환선)(창원)양서2터널(창원3),국가교통정보센터(고속도로),127.389862,37.558182,Y
E912537,(수도권제2순환선)(창원)양서2터널(창원외부2),국가교통정보센터(고속도로),127.4147488,37.53486021,Y
E912540,(수도권제2순환선)(창원)양서3터널(중분대외부),국가교통정보센터(고속도로),127.3821217,37.56313085,Y
E912541,(수도권제2순환선)(창원)양서3터널(창원8),국가교통정보센터(고속도로),127.37354,37.5671,Y
E912539,(수도권제2순환선)(창원)양서4터널(창원3),국가교통정보센터(고속도로),127.348006,37.579627,Y
E912544,(수도권제2순환선)(창원)옥천터널(창원3),국가교통정보센터(고속도로),127.434271,37.526509,Y
E912545,(수도권제2순환선)(화도)문안산터널(화도12),국가교통정보센터(고속도로),127.3215876,37.61229617,Y
E912546,(수도권제2순환선)(화도)문안산터널(화도20),국가교통정보센터(고속도로),127.3223203,37.60897367,Y
E912547,(수도권제2순환선)(화도)문안산터널(화도4),국가교통정보센터(고속도로),127.3196252,37.62237046,Y
E912548,(수도권제2순환선)(화도)양서1터널(화도2),국가교통정보센터(고속도로),127.422569,37.530576,Y
E912553,(수도권제2순환선)(화도)양서2터널(화도14),국가교통정보센터(고속도로),127.395555,37.552918,Y
E912554,(수도권제2순환선)(화도)양서2터널(화도6),국가교통정보센터(고속도로),127.405039,37.543184,Y
E912555,(수도권제2순환선)(화도)양서2터널(화도외부1),국가교통정보센터(고속도로),127.4149,37.5351,Y
E912551,(수도권제2순환선)(화도)양서3터널(화도7),국가교통정보센터(고속도로),127.372119,37.568041,Y
E912552,(수도권제2순환선)(화도)양서3터널(화도외부),국가교통정보센터(고속도로),127.3801243,37.56431309,Y
E912549,(수도권제2순환선)(화도)양서4터널(중분대외부),국가교통정보센터(고속도로),127.3523,37.5773,Y
E912550,(수도권제2순환선)(화도)양서4터널(화도3),국가교통정보센터(고속도로),127.346501,37.580905,Y
E912557,(수도권제2순환선)(화도)옥천터널(중분대외부1),국가교통정보센터(고속도로),127.441113,37.524717,Y
E912556,(수도권제2순환선)(화도)옥천터널(중분대외부2),국가교통정보센터(고속도로),127.4285,37.5282,Y
E912558,(수도권제2순환선)(화도)옥천터널(화도3),국가교통정보센터(고속도로),127.43256,37.527219,Y
E912559,(수도권제2순환선)고모IC(포천)1.9,국가교통정보센터(고속도로),127.161691,37.80736,Y
E912560,(수도권제2순환선)고모IC(포천)2.91,국가교통정보센터(고속도로),127.169377,37.801963,Y
E912561,(수도권제2순환선)고모IC(화도)1.9,국가교통정보센터(고속도로),127.161949,37.807101,Y
E912562,(수도권제2순환선)고모IC(화도)2.91,국가교통정보센터(고속도로),127.169243,37.801951,Y
E912563,(수도권제2순환선)내촌IC(포천)7.1,국가교통정보센터(고속도로),127.213187,37.785687,Y
E912564,(수도권제2순환선)내촌IC(포천)8.06,국가교통정보센터(고속도로),127.221056,37.780257,Y
E912565,(수도권제2순환선)내촌IC(포천)8.8,국가교통정보센터(고속도로),127.226512,37.775966,Y
E912566,(수도권제2순환선)내촌IC(포천)9.9,국가교통정보센터(고속도로),127.237141,37.770682,Y
E912567,(수도권제2순환선)내촌IC(화도)7.1,국가교통정보센터(고속도로),127.212758,37.785742,Y
E912568,(수도권제2순환선)내촌IC(화도)8.06,국가교통정보센터(고속도로),127.221091,37.780511,Y
E912569,(수도권제2순환선)내촌IC(화도)8.8,국가교통정보센터(고속도로),127.226493,37.775724,Y
E912570,(수도권제2순환선)내촌IC(화도)9.9,국가교통정보센터(고속도로),127.236701,37.770445,Y
E912571,(수도권제2순환선)달뫼IC(포천)25.5,국가교통정보센터(고속도로),127.329624,37.661152,Y
E912572,(수도권제2순환선)달뫼IC(포천)26.38,국가교통정보센터(고속도로),127.326452,37.653434,Y
E912573,(수도권제2순환선)달뫼IC(화도)25.5,국가교통정보센터(고속도로),127.329884,37.662063,Y
E912574,(수도권제2순환선)달뫼IC(화도)26.38,국가교통정보센터(고속도로),127.325876,37.653461,Y
E912575,(수도권제2순환선)달뫼터널(포천)23.67,국가교통정보센터(고속도로),127.332006,37.67661,Y
E912576,(수도권제2순환선)달뫼터널(포천)23.9,국가교통정보센터(고속도로),127.332221,37.675804,Y
E912577,(수도권제2순환선)달뫼터널(포천)24.37,국가교통정보센터(고속도로),127.33297,37.671286,Y
E912578,(수도권제2순환선)달뫼터널(화도)23.9,국가교통정보센터(고속도로),127.332152,37.674757,Y
E912579,(수도권제2순환선)달뫼터널(화도)24.36,국가교통정보센터(고속도로),127.332683,37.671724,Y
E912580,(수도권제2순환선)달뫼터널(화도)24.82,국가교통정보센터(고속도로),127.332158,37.667119,Y
E912581,(수도권제2순환선)소흘JC(포천)0.45,국가교통정보센터(고속도로),127.145333,37.812937,Y
E912582,(수도권제2순환선)소흘JC(화도)0.45,국가교통정보센터(고속도로),127.145454,37.813004,Y
E912583,(수도권제2순환선)수동IC(포천)20.58,국가교통정보센터(고속도로),127.321208,37.701237,Y
E912584,(수도권제2순환선)수동IC(포천)22.2,국가교통정보센터(고속도로),127.328908,37.689491,Y
E912585,(수도권제2순환선)수동IC(포천)23.02,국가교통정보센터(고속도로),127.329964,37.682211,Y
E912586,(수도권제2순환선)수동IC(화도)20.58,국가교통정보센터(고속도로),127.320678,37.701654,Y
E912587,(수도권제2순환선)수동IC(화도)22.2,국가교통정보센터(고속도로),127.32897,37.69097,Y
E912588,(수도권제2순환선)수동IC(화도)23.02,국가교통정보센터(고속도로),127.329901,37.682742,Y
E912589,(수도권제2순환선)수동터널(포천)10.63,국가교통정보센터(고속도로),127.244601,37.765618,Y
E912590,(수도권제2순환선)수동터널(포천)11.75,국가교통정보센터(고속도로),127.254171,37.759551,Y
E912591,(수도권제2순환선)수동터널(포천)12.88,국가교통정보센터(고속도로),127.264404,37.753061,Y
E912592,(수도권제2순환선)수동터널(포천)13.56,국가교통정보센터(고속도로),127.270052,37.749396,Y
E912593,(수도권제2순환선)수동터널(화도)11.08,국가교통정보센터(고속도로),127.245251,37.764827,Y
E912594,(수도권제2순환선)수동터널(화도)12.43,국가교통정보센터(고속도로),127.257441,37.757108,Y
E912595,(수도권제2순환선)수동터널(화도)13.11,국가교통정보센터(고속도로),127.263405,37.753329,Y
E912596,(수도권제2순환선)수동휴게소IC(포천)14.19,국가교통정보센터(고속도로),127.274581,37.745246,Y
E912597,(수도권제2순환선)수동휴게소IC(포천)17.2,국가교통정보센터(고속도로),127.295976,37.725136,Y
E912598,(수도권제2순환선)수동휴게소IC(화도)16,국가교통정보센터(고속도로),127.287325,37.735257,Y
E912599,(수도권제2순환선)수동휴게소IC(화도)18.59,국가교통정보센터(고속도로),127.307467,37.715459,Y
E912600,(수도권제2순환선)운수터널(포천)19.19,국가교통정보센터(고속도로),127.309866,37.713048,Y
E912601,(수도권제2순환선)운수터널(포천)19.8,국가교통정보센터(고속도로),127.313843,37.708642,Y
E912602,(수도권제2순환선)운수터널(화도)19.4,국가교통정보센터(고속도로),127.313048,37.709814,Y
E912603,(수도권제2순환선)운수터널(화도)19.98,국가교통정보센터(고속도로),127.316884,37.705708,Y
E912604,(수도권제2순환선)조안IC,국가교통정보센터(고속도로),127.3334,37.5918,Y
E912605,(수도권제2순환선)조안IC(램프2),국가교통정보센터(고속도로),127.3309,37.5923,Y
E912606,(수도권제2순환선)조안IC(램프3),국가교통정보센터(고속도로),127.3332,37.5891,Y
E912607,(수도권제2순환선)진목터널(포천)3.54,국가교통정보센터(고속도로),127.180189,37.801158,Y
E912608,(수도권제2순환선)진목터널(포천)3.99,국가교통정보센터(고속도로),127.185696,37.801037,Y
E912609,(수도권제2순환선)진목터널(포천)4.45,국가교통정보센터(고속도로),127.189979,37.800323,Y
E912610,(수도권제2순환선)진목터널(포천)5.36,국가교통정보센터(고속도로),127.198431,37.796509,Y
E912611,(수도권제2순환선)진목터널(포천)6.26,국가교통정보센터(고속도로),127.204706,37.790571,Y
E912612,(수도권제2순환선)진목터널(화도)3.77,국가교통정보센터(고속도로),127.177791,37.800913,Y
E912613,(수도권제2순환선)진목터널(화도)4.22,국가교통정보센터(고속도로),127.183247,37.800934,Y
E912614,(수도권제2순환선)진목터널(화도)4.67,국가교통정보센터(고속도로),127.188598,37.800404,Y
E912615,(수도권제2순환선)진목터널(화도)5.12,국가교통정보센터(고속도로),127.193954,37.798769,Y
E912616,(수도권제2순환선)진목터널(화도)5.8,국가교통정보센터(고속도로),127.200388,37.794569,Y
E912617,(수도권제2순환선)창현터널(포천)27.13,국가교통정보센터(고속도로),127.325529,37.647131,Y
E912618,(수도권제2순환선)창현터널(포천)27.83,국가교통정보센터(고속도로),127.322048,37.640563,Y
E912619,(수도권제2순환선)창현터널(화도)27.59,국가교통정보센터(고속도로),127.323509,37.643305,Y
E912620,(수도권제2순환선)화도JC(포천)28.22,국가교통정보센터(고속도로),127.320045,37.637741,Y
E912621,(수도권제2순환선)화도JC(포천)28.61,국가교통정보센터(고속도로),127.319068,37.635674,Y
E912622,(수도권제2순환선)화도JC(화도)28.22,국가교통정보센터(고속도로),127.319714,37.637675,Y
E912623,(수도권제2순환선)화도JC(화도)28.61,국가교통정보센터(고속도로),127.318839,37.635724,Y
E912624,(수원광명선)광명구봉산터널,국가교통정보센터(고속도로),126.930438,37.314248,Y
E912625,(수원광명선)광명금곡지하차도,국가교통정보센터(고속도로),126.948743,37.256418,Y
E912626,(수원광명선)광명수리산1터널,국가교통정보센터(고속도로),126.913532,37.343,Y
E912627,(수원광명선)광명수리산2터널,국가교통정보센터(고속도로),126.893701,37.359852,Y
E912628,(수원광명선)광명수리산3터널,국가교통정보센터(고속도로),126.880264,37.373529,Y
E912629,(수원광명선)구봉산터널입구광명방향,국가교통정보센터(고속도로),126.931884,37.308318,Y
E912630,(수원광명선)구봉산터널입구수원방향,국가교통정보센터(고속도로),126.927776,37.318354,Y
E912631,(수원광명선)금곡IC,국가교통정보센터(고속도로),126.94956,37.284557,Y
E912632,(수원광명선)금곡지하차도입구,국가교통정보센터(고속도로),126.949013,37.254008,Y
E912633,(수원광명선)남광명JC,국가교통정보센터(고속도로),126.857253,37.412084,Y
E912634,(수원광명선)남군포IC,국가교통정보센터(고속도로),126.925655786746,37.3262229503153,Y
E912635,(수원광명선)동시흥JC,국가교통정보센터(고속도로),126.863,37.396916,Y
E912636,(수원광명선)동안산당수IC,국가교통정보센터(고속도로),126.938067,37.299544,Y
E912637,(수원광명선)성채터널,국가교통정보센터(고속도로),126.867815,37.415227,Y
E912638,(수원광명선)성채터널(광명),국가교통정보센터(고속도로),126.878799,37.423149,Y
E912639,(수원광명선)성채터널(수원),국가교통정보센터(고속도로),126.884954,37.427794,Y
E912640,(수원광명선)성채터널앞,국가교통정보센터(고속도로),126.864155,37.414708,Y
E912641,(수원광명선)소하IC,국가교통정보센터(고속도로),126.894282,37.436102,Y
E912642,(수원광명선)수리산1터널입구,국가교통정보센터(고속도로),126.919174,37.336738,Y
E912643,(수원광명선)수리산2터널앞,국가교통정보센터(고속도로),126.905594,37.349623,Y
E912644,(수원광명선)수리산3터널,국가교통정보센터(고속도로),126.8764,37.379488,Y
E912645,(수원광명선)수리산3터널앞,국가교통정보센터(고속도로),126.882289,37.370854,Y
E912646,(수원광명선)수원구봉산터널,국가교통정보센터(고속도로),126.930667,37.314227,Y
E912647,(수원광명선)수원금곡지하차도,국가교통정보센터(고속도로),126.949553,37.268952,Y
E912648,(수원광명선)수원수리산1터널,국가교통정보센터(고속도로),126.910426,37.345,Y
E912649,(수원광명선)수원수리산2터널,국가교통정보센터(고속도로),126.897898,37.356393,Y
E912650,(수원광명선)수원수리산3터널,국가교통정보센터(고속도로),126.879637,37.374084,Y
E912651,(수원광명선)시점,국가교통정보센터(고속도로),126.95378,37.23354,Y
E912652,(수원광명선)양달2교,국가교통정보센터(고속도로),126.869926,37.385633,Y
E912653,(순천완주선)(순천)구례1터널(순천외부1),국가교통정보센터(고속도로),127.452141,35.190911,Y
E912654,(순천완주선)(순천)구례2터널(순천외부1),국가교통정보센터(고속도로),127.439231,35.230717,Y
E912655,(순천완주선)(순천)서면2터널(순천외부1),국가교통정보센터(고속도로),127.503201,35.045482,Y
E912656,(순천완주선)(순천)서면4터널(순천외부1),국가교통정보센터(고속도로),127.500113,35.055637,Y
E912657,(순천완주선)(순천)서면5터널(순천외부1),국가교통정보센터(고속도로),127.479727,35.078818,Y
E912658,(순천완주선)(순천)슬치터널(순천3),국가교통정보센터(고속도로),127.258152,35.700716,Y
E912660,(순천완주선)(순천)오수2터널(외부순천1),국가교통정보센터(고속도로),127.326371,35.593085,Y
E912659,(순천완주선)(순천)오수2터널(외부순천2),국가교통정보센터(고속도로),127.321674,35.580561,Y
E912662,(순천완주선)(순천)용방2터널(순천외부1),국가교통정보센터(고속도로),127.40379,35.284102,Y
E912661,(순천완주선)(순천)용방2터널(순천외부2),국가교통정보센터(고속도로),127.403611,35.284707,Y
E912663,(순천완주선)(순천)천마터널(순천외부1),국가교통정보센터(고속도로),127.374501,35.318622,Y
E912664,(순천완주선)(순천)황전3터널(순천외부1),국가교통정보센터(고속도로),127.444993,35.166373,Y
E912665,(순천완주선)(완주)구례1터널(완주외부1),국가교통정보센터(고속도로),127.446106,35.173069,Y
E912666,(순천완주선)(완주)사매4터널(외부완주1),국가교통정보센터(고속도로),127.313133,35.492002,Y
E912667,(순천완주선)(완주)사매4터널(외부완주2),국가교통정보센터(고속도로),127.313062,35.492978,Y
E912668,(순천완주선)(완주)서면2터널(완주외부1),국가교통정보센터(고속도로),127.507041,35.029083,Y
E912669,(순천완주선)(완주)서면3터널(완주외부1),국가교통정보센터(고속도로),127.501849,35.048419,Y
E912670,(순천완주선)(완주)서면5터널(완주외부1),국가교통정보센터(고속도로),127.498562,35.059892,Y
E912671,(순천완주선)(완주)신리3터널(완주외부),국가교통정보센터(고속도로),127.200164,35.795117,Y
E912672,(순천완주선)(완주)천마터널(완주외부1),국가교통정보센터(고속도로),127.403639,35.284712,Y
E912673,(순천완주선)(완주)황전1터널(완주외부1),국가교통정보센터(고속도로),127.477955,35.084508,Y
E912675,(순천완주선)관촌SA용1,국가교통정보센터(고속도로),127.265735,35.690515,Y
E912674,(순천완주선)관촌SA용2,국가교통정보센터(고속도로),127.270006,35.688431,Y
E912676,(순천완주선)관촌휴게소,국가교통정보센터(고속도로),127.271425,35.687383,Y
E912677,(순천완주선)구례,국가교통정보센터(고속도로),127.418089,35.251389,Y
E912678,(순천완주선)구례2터널완주외부1,국가교통정보센터(고속도로),127.447065,35.211234,Y
E912679,(순천완주선)구억교,국가교통정보센터(고속도로),127.179763793945,35.8706665039062,Y
E912680,(순천완주선)군평,국가교통정보센터(고속도로),127.32158,35.578818,Y
E912681,(순천완주선)남원분기점,국가교통정보센터(고속도로),127.307357,35.405321,Y
E912682,(순천완주선)내구,국가교통정보센터(고속도로),127.462997436523,35.1222229003906,Y
E912683,(순천완주선)대명,국가교통정보센터(고속도로),127.322799682617,35.5623512268066,Y
E912684,(순천완주선)대치교,국가교통정보센터(고속도로),127.463519,35.128611,Y
E912686,(순천완주선)덕진1터널외부순천1,국가교통정보센터(고속도로),127.189911,35.830919,Y
E912685,(순천완주선)덕진1터널외부순천2,국가교통정보센터(고속도로),127.191112,35.816424,Y
E912687,(순천완주선)덕진3터널,국가교통정보센터(고속도로),127.188492,35.837601,Y
E912688,(순천완주선)덕천1교,국가교통정보센터(고속도로),127.294129,35.669556,Y
E912689,(순천완주선)도봉교,국가교통정보센터(고속도로),127.302939,35.659042,Y
E912690,(순천완주선)동순천,국가교통정보센터(고속도로),127.552338,34.949028,Y
E912691,(순천완주선)동전주,국가교통정보센터(고속도로),127.1895234,35.84586272,Y
E912692,(순천완주선)모전2교,국가교통정보센터(고속도로),127.463047,35.110833,Y
E912693,(순천완주선)봉강,국가교통정보센터(고속도로),127.334927,35.604722,Y
E912694,(순천완주선)북남원,국가교통정보센터(고속도로),127.311889,35.436389,Y
E912695,(순천완주선)산수교,국가교통정보센터(고속도로),127.449211120605,35.2004203796386,Y
E912696,(순천완주선)산정,국가교통정보센터(고속도로),127.36748,35.322557,Y
E912697,(순천완주선)삼청,국가교통정보센터(고속도로),127.334838867187,35.6155776977539,Y
E912698,(순천완주선)삼청2교,국가교통정보센터(고속도로),127.331047058105,35.5994644165039,Y
E912699,(순천완주선)상관,국가교통정보센터(고속도로),127.219863,35.754747,Y
E912700,(순천완주선)상용교,국가교통정보센터(고속도로),127.423179626464,35.2456512451171,Y
E912701,(순천완주선)서남원,국가교통정보센터(고속도로),127.3378387,35.36109363,Y
E912702,(순천완주선)서면1터널순천5,국가교통정보센터(고속도로),127.516185,35.016018,Y
E912703,(순천완주선)서면1터널순천외부1,국가교통정보센터(고속도로),127.5103,35.02361,Y
E912704,(순천완주선)서면1터널완주5,국가교통정보센터(고속도로),127.518041,35.013742,Y
E912705,(순천완주선)서면1터널완주외부1,국가교통정보센터(고속도로),127.52262,35.00612,Y
E912706,(순천완주선)서면5터널순천5,국가교통정보센터(고속도로),127.4905,35.06629,Y
E912707,(순천완주선)서면5터널완주5,국가교통정보센터(고속도로),127.48991,35.06656,Y
E912708,(순천완주선)서면교,국가교통정보센터(고속도로),127.527015686035,35.000072479248,Y
E912709,(순천완주선)송내,국가교통정보센터(고속도로),127.347682,35.347521,Y
E912710,(순천완주선)수지교,국가교통정보센터(고속도로),127.356298453848,35.3312624557189,Y
E912711,(순천완주선)순천분기점,국가교통정보센터(고속도로),127.537711,34.990836,Y
E912712,(순천완주선)슬치터널외부순천1,국가교통정보센터(고속도로),127.24983,35.708263,Y
E912713,(순천완주선)슬치터널외부완주1,국가교통정보센터(고속도로),127.26066,35.696873,Y
E912714,(순천완주선)신계교,국가교통정보센터(고속도로),127.305822,35.420836,Y
E912715,(순천완주선)신리1터널외부완주1,국가교통정보센터(고속도로),127.220039,35.752924,Y
E912716,(순천완주선)신리2터널외부순천1,국가교통정보센터(고속도로),127.204206,35.784014,Y
E912717,(순천완주선)신리2터널외부완주1,국가교통정보센터(고속도로),127.21642,35.77144,Y
E912718,(순천완주선)양지(절토부),국가교통정보센터(고속도로),127.317859,35.629339,Y
E912719,(순천완주선)어은천교,국가교통정보센터(고속도로),127.305909,35.522787,Y
E912720,(순천완주선)오수,국가교통정보센터(고속도로),127.31856,35.550278,Y
E912721,(순천완주선)오수1터널외부순천1,국가교통정보센터(고속도로),127.310959,35.496773,Y
E912722,(순천완주선)오수1터널외부완주1,국가교통정보센터(고속도로),127.309691,35.515249,Y
E912723,(순천완주선)오수2터널,국가교통정보센터(고속도로),127.32659,35.592523,Y
E912724,(순천완주선)오수휴게소,국가교통정보센터(고속도로),127.315921,35.548179,Y
E912725,(순천완주선)오원천교,국가교통정보센터(고속도로),127.288095,35.673296,Y
E912726,(순천완주선)완주분기점,국가교통정보센터(고속도로),127.17419,35.87927,Y
E912727,(순천완주선)용강교,국가교통정보센터(고속도로),127.43125,35.241667,Y
E912728,(순천완주선)용암1터널외부완주1,국가교통정보센터(고속도로),127.248344,35.709346,Y
E912729,(순천완주선)용암4터널외부순천1,국가교통정보센터(고속도로),127.239188,35.722142,Y
E912730,(순천완주선)월평교,국가교통정보센터(고속도로),127.329775,35.622367,Y
E912731,(순천완주선)임실,국가교통정보센터(고속도로),127.31771,35.629362,Y
E912732,(순천완주선)정송교,국가교통정보센터(고속도로),127.313972,35.389167,Y
E912733,(순천완주선)죽림1터널외부완주1,국가교통정보센터(고속도로),127.234263,35.736261,Y
E912734,(순천완주선)죽림3터널외부순천1,국가교통정보센터(고속도로),127.220696,35.749957,Y
E912735,(순천완주선)중금교,국가교통정보센터(고속도로),127.305241,35.642828,Y
E912736,(순천완주선)중금교2,국가교통정보센터(고속도로),127.307,35.637,Y
E912737,(순천완주선)지당교,국가교통정보센터(고속도로),127.321708,35.381944,Y
E912739,(순천완주선)천마터널(10)순천,국가교통정보센터(고속도로),127.3774716,35.31575768,Y
E912740,(순천완주선)천마터널(10)완주,국가교통정보센터(고속도로),127.4021432,35.28755211,Y
E912741,(순천완주선)천마터널(2)순천,국가교통정보센터(고속도로),127.3774309,35.31647887,Y
E912738,(순천완주선)천마터널(2)완주,국가교통정보센터(고속도로),127.401447,35.28793298,Y
E912742,(순천완주선)천마터널순천13,국가교통정보센터(고속도로),127.390046,35.301187,Y
E912743,(순천완주선)천마터널완주5,국가교통정보센터(고속도로),127.386848,35.30496,Y
E912744,(순천완주선)춘향SA용1,국가교통정보센터(고속도로),127.352416,35.33864593,Y
E912745,(순천완주선)춘향SA용2,국가교통정보센터(고속도로),127.352803,35.337125,Y
E912746,(순천완주선)춘향휴게소,국가교통정보센터(고속도로),127.3542025,35.33463882,Y
E912747,(순천완주선)태방터널순천외부1,국가교통정보센터(고속도로),127.546521,34.982088,Y
E912748,(순천완주선)학선천교,국가교통정보센터(고속도로),127.1845276,35.86623626,Y
E912749,(순천완주선)황전,국가교통정보센터(고속도로),127.456594,35.147401,Y
E912750,(순천완주선)황전1터널순천외부1,국가교통정보센터(고속도로),127.466523,35.102806,Y
E912751,(순천완주선)황전3터널완주외부1,국가교통정보센터(고속도로),127.452264,35.153977,Y
E912752,(안양성남선)금토대교전방400M,국가교통정보센터(고속도로),127.0882962,37.40396715,Y
E912753,(안양성남선)금토대교종점,국가교통정보센터(고속도로),127.103280679148,37.4098299640323,Y
E912754,(안양성남선)동판교IC(본선),국가교통정보센터(고속도로),127.106754073835,37.4144628890273,Y
E912755,(안양성남선)북판교영업소전방400M,국가교통정보센터(고속도로),127.0736955,37.40009556,Y
E912756,(안양성남선)삼막IC(성남),국가교통정보센터(고속도로),126.91758837128,37.4294177714673,Y
E912758,(안양성남선)삼성산터널(성남),국가교통정보센터(고속도로),126.969141705011,37.4163248380951,Y
E912757,(안양성남선)삼성산터널(성남),국가교통정보센터(고속도로),126.920232291902,37.4301982950657,Y
E912759,(안양성남선)삼성산터널(안양),국가교통정보센터(고속도로),126.968584321207,37.4166915086849,Y
E912760,(안양성남선)안양과천영업소(안양),국가교통정보센터(고속도로),126.9736009,37.41493134,Y
E912761,(안양성남선)여수대로,국가교통정보센터(고속도로),127.121041,37.42208,Y
E912762,(안양성남선)청계IC,국가교통정보센터(고속도로),127.001872701916,37.3997636530403,Y
E912763,(안양성남선)청계산2-3터널,국가교통정보센터(고속도로),127.015611148647,37.3985437146824,Y
E912764,(안양성남선)청계산3-4터널,국가교통정보센터(고속도로),127.056210517967,37.3964360650417,Y
E912766,(안양성남선)청계산3터널(성남),국가교통정보센터(고속도로),127.048535885677,37.3971016143704,Y
E912765,(안양성남선)청계산3터널(성남),국가교통정보센터(고속도로),127.018495179889,37.3988098173334,Y
E912768,(안양성남선)청계산3터널(안양),국가교통정보센터(고속도로),127.04775137643,37.3972713366844,Y
E912767,(안양성남선)청계산3터널(안양),국가교통정보센터(고속도로),127.018064880572,37.3988523922518,Y
E912769,(안양성남선)청계산4터널(성남),국가교통정보센터(고속도로),127.06327,37.39626,Y
E912770,(영동선)(강릉2)마성터널(강릉24),국가교통정보센터(고속도로),127.0288537,37.31291758,Y
E912771,(영동선)(강릉)강천터널(강릉),국가교통정보센터(고속도로),127.740512,37.243706,Y
E912772,(영동선)(강릉)광교터널(강릉1외부1),국가교통정보센터(고속도로),127.1818004,37.27205111,Y
E912774,(영동선)(인천1)광교터널(인천11고정),국가교통정보센터(고속도로),127.0332854,37.31066109,Y
E912776,(영동선)(인천1)마성터널(인천14),국가교통정보센터(고속도로),127.175831,37.27793006,Y
E912775,(영동선)(인천2)광교방음터널(인천2외부1),국가교통정보센터(고속도로),127.0518787,37.29889769,Y
E912773,(영동선)(인천2)광교방음터널(인천2외부2),국가교통정보센터(고속도로),127.0493681,37.30030072,Y
E912777,(영동선)가남,국가교통정보센터(고속도로),127.6056266,37.23567309,Y
E912778,(영동선)가산리,국가교통정보센터(고속도로),127.5264993,37.24097033,Y
E912779,(영동선)가산육교,국가교통정보센터(고속도로),127.5212745,37.24314826,Y
E912780,(영동선)강릉분기점,국가교통정보센터(고속도로),128.82279,37.77212,Y
E912781,(영동선)강릉분기점1,국가교통정보센터(고속도로),128.8315043,37.77265725,Y
E912782,(영동선)강릉분기점2,국가교통정보센터(고속도로),128.8317986,37.77437945,Y
E912783,(영동선)강릉분기점3,국가교통정보센터(고속도로),128.8367202,37.7692669,Y
E912784,(영동선)강릉휴게소(강릉),국가교통정보센터(고속도로),128.8057515,37.75846177,Y
E912785,(영동선)강릉휴게소(인천),국가교통정보센터(고속도로),128.8019209,37.75727937,Y
E912786,(영동선)강천리,국가교통정보센터(고속도로),127.724171,37.24585617,Y
E912787,(영동선)강천터널,국가교통정보센터(고속도로),127.7466697,37.24297104,Y
E912788,(영동선)강천터널1,국가교통정보센터(고속도로),127.7344206,37.2444833,Y
E912789,(영동선)거모2교,국가교통정보센터(고속도로),126.7677078,37.3641777,Y
E912790,(영동선)고담교,국가교통정보센터(고속도로),127.4591202,37.24028602,Y
E912791,(영동선)광교반방음터널(인천1),국가교통정보센터(고속도로),127.0838838,37.29231291,Y
E912792,(영동선)광교반방음터널(인천외부1),국가교통정보센터(고속도로),127.0892944,37.29074097,Y
E912793,(영동선)광교방음터널(강릉5),국가교통정보센터(고속도로),127.0717671,37.29447249,Y
E912794,(영동선)광교방음터널(강릉외부1),국가교통정보센터(고속도로),127.0586014,37.29693604,Y
E912796,(영동선)광교방음터널(인천2),국가교통정보센터(고속도로),127.0751688,37.29419088,Y
E912795,(영동선)광교방음터널(인천25),국가교통정보센터(고속도로),127.041343688964,37.3049507141113,Y
E912797,(영동선)광교산로,국가교통정보센터(고속도로),127.0274753,37.31332271,Y
E912798,(영동선)광교터널,국가교통정보센터(고속도로),127.0376214,37.30693292,Y
E912799,(영동선)광교터널2,국가교통정보센터(고속도로),127.0313543,37.31150822,Y
E912800,(영동선)교항1교,국가교통정보센터(고속도로),128.0243587,37.43941279,Y
E912801,(영동선)교항리,국가교통정보센터(고속도로),128.0093124,37.43217892,Y
E912802,(영동선)교항리1,국가교통정보센터(고속도로),128.012193,37.43662357,Y
E912803,(영동선)구성(강릉),국가교통정보센터(고속도로),127.1227873,37.29066236,Y
E912804,(영동선)구성(인천),국가교통정보센터(고속도로),127.1228037,37.29090408,Y
E912805,(영동선)구성교,국가교통정보센터(고속도로),127.1270594,37.29013716,Y
E912806,(영동선)군자교,국가교통정보센터(고속도로),126.7859328,37.35587483,Y
E912807,(영동선)군자분기점,국가교통정보센터(고속도로),126.7651203,37.38037551,Y
E912808,(영동선)군자영업소,국가교통정보센터(고속도로),126.774397,37.35986212,Y
E912809,(영동선)군자영업소2,국가교통정보센터(고속도로),126.7795536,37.35787071,Y
E912810,(영동선)군포,국가교통정보센터(고속도로),126.9227219,37.32607378,Y
E912811,(영동선)기흥교,국가교통정보센터(고속도로),127.0980399,37.28958266,Y
E912812,(영동선)남한강,국가교통정보센터(고속도로),127.674229,37.2546574,Y
E912813,(영동선)노림리,국가교통정보센터(고속도로),127.7871541,37.26524309,Y
E912814,(영동선)노림리1,국가교통정보센터(고속도로),127.7660977,37.2544339,Y
E912815,(영동선)논현교,국가교통정보센터(고속도로),126.7403975,37.40478762,Y
E912816,(영동선)논현교2,국가교통정보센터(고속도로),126.7405167,37.40390396,Y
E912817,(영동선)논현육교,국가교통정보센터(고속도로),126.73823947438916,37.41791744947061,Y
E912818,(영동선)대관령,국가교통정보센터(고속도로),128.693424,37.6786758,Y
E912820,(영동선)대관령1터널(강릉)외부,국가교통정보센터(고속도로),128.7285801,37.66982146,Y
E912821,(영동선)대관령1터널(인천)외부,국가교통정보센터(고속도로),128.75101,37.66375,Y
E912819,(영동선)대관령2터널,국가교통정보센터(고속도로),128.7630741,37.66413089,Y
E912822,(영동선)대관령4터널(강릉)외부,국가교통정보센터(고속도로),128.7746943,37.67077812,Y
E912823,(영동선)대관령4터널(인천)외부,국가교통정보센터(고속도로),128.774455,37.67859183,Y
E912824,(영동선)대관령5터널(인천)외부,국가교통정보센터(고속도로),128.7712441,37.69356871,Y
E912825,(영동선)대관령7터널,국가교통정보센터(고속도로),128.7715586,37.70422944,Y
E912826,(영동선)대미원천교,국가교통정보센터(고속도로),128.0957228,37.43850379,Y
E912827,(영동선)대흥리,국가교통정보센터(고속도로),127.4744759,37.2451163,Y
E912828,(영동선)덕평,국가교통정보센터(고속도로),127.36644,37.24123289,Y
E912829,(영동선)덕평휴게소,국가교통정보센터(고속도로),127.3962959,37.23981809,Y
E912830,(영동선)동군포,국가교통정보센터(고속도로),126.941508,37.32856026,Y
E912831,(영동선)동백교,국가교통정보센터(고속도로),127.1421797,37.28884758,Y
E912833,(영동선)동백교2,국가교통정보센터(고속도로),127.1433028,37.28893831,Y
E912832,(영동선)동백교3,국가교통정보센터(고속도로),127.1522658,37.28916471,Y
E912834,(영동선)동수원,국가교통정보센터(고속도로),127.0512629,37.29917482,Y
E912835,(영동선)동화리,국가교통정보센터(고속도로),127.8487975,37.32611561,Y
E912836,(영동선)두원교,국가교통정보센터(고속도로),128.2377411,37.50512957,Y
E912837,(영동선)둔내,국가교통정보센터(고속도로),128.2068194,37.49316375,Y
E912838,(영동선)둔내터널,국가교통정보센터(고속도로),128.3290903,37.5566549,Y
E912839,(영동선)둔내터널(강릉)7,국가교통정보센터(고속도로),128.307869,37.54431167,Y
E912840,(영동선)둔내터널(강릉)외부,국가교통정보센터(고속도로),128.2852314,37.52797438,Y
E912842,(영동선)둔내터널(강릉13),국가교통정보센터(고속도로),128.3150011,37.54938548,Y
E912841,(영동선)둔내터널(강릉2),국가교통정보센터(고속도로),128.2909261,37.5319504,Y
E912843,(영동선)둔내터널(인천)13,국가교통정보센터(고속도로),128.3145594,37.54953852,Y
E912844,(영동선)둔내터널(인천)외부,국가교통정보센터(고속도로),128.320996,37.55399065,Y
E912845,(영동선)둔내터널(인천2),국가교통정보센터(고속도로),128.2879675,37.53017512,Y
E912846,(영동선)둔대교,국가교통정보센터(고속도로),126.8938904,37.32369614,Y
E912847,(영동선)둔대분기점,국가교통정보센터(고속도로),126.9043877,37.32226021,Y
E912848,(영동선)둔대철육교,국가교통정보센터(고속도로),126.9137421,37.32345581,Y
E912849,(영동선)마성,국가교통정보센터(고속도로),127.1767221,37.28346043,Y
E912850,(영동선)마성1,국가교통정보센터(고속도로),127.1673292,37.28602173,Y
E912851,(영동선)마성2,국가교통정보센터(고속도로),127.1789055,37.27865062,Y
E912853,(영동선)마성4,국가교통정보센터(고속도로),127.1860864,37.26902211,Y
E912852,(영동선)마성5,국가교통정보센터(고속도로),127.1859167,37.26906667,Y
E912854,(영동선)마성터널(강릉),국가교통정보센터(고속도로),127.1834924,37.27072596,Y
E912855,(영동선)마성터널(강릉1외부2),국가교통정보센터(고속도로),127.170981,37.281599,Y
E912856,(영동선)마성터널(강릉2외부),국가교통정보센터(고속도로),127.190643,37.265935,Y
E912857,(영동선)마성터널(인천),국가교통정보센터(고속도로),127.1650967,37.28563335,Y
E912858,(영동선)만종교,국가교통정보센터(고속도로),127.9166913,37.36856345,Y
E912859,(영동선)만종리,국가교통정보센터(고속도로),127.8945309,37.35717389,Y
E912860,(영동선)만종분기점,국가교통정보센터(고속도로),127.9019567,37.36484669,Y
E912861,(영동선)말미골,국가교통정보센터(고속도로),127.9240669,37.3719486,Y
E912862,(영동선)멱곡리,국가교통정보센터(고속도로),127.6604092,37.25384007,Y
E912863,(영동선)면온,국가교통정보센터(고속도로),128.3674357,37.56105045,Y
E912864,(영동선)면온1교,국가교통정보센터(고속도로),128.3514567,37.56237307,Y
E912865,(영동선)면온정류장,국가교통정보센터(고속도로),128.3422388,37.55963754,Y
E912866,(영동선)문막(비상주차대),국가교통정보센터(고속도로),127.82346,37.30913,Y
E912867,(영동선)문막1,국가교통정보센터(고속도로),127.8353325,37.31931313,Y
E912868,(영동선)문막휴게소(강릉),국가교통정보센터(고속도로),127.8597632,37.33829256,Y
E912869,(영동선)문막휴게소(인천),국가교통정보센터(고속도로),127.8170998,37.29487741,Y
E912870,(영동선)반월육교,국가교통정보센터(고속도로),126.9283447,37.32816315,Y
E912871,(영동선)방무벽,국가교통정보센터(고속도로),128.7536461,37.66354609,Y
E912872,(영동선)법주리,국가교통정보센터(고속도로),128.0490356,37.44913153,Y
E912873,(영동선)보광1교,국가교통정보센터(고속도로),128.7931011,37.75137045,Y
E912874,(영동선)보광2리,국가교통정보센터(고속도로),128.8013999,37.75713829,Y
E912875,(영동선)보광리,국가교통정보센터(고속도로),128.7890878,37.7447837,Y
E912876,(영동선)보통리,국가교통정보센터(고속도로),127.8804196,37.34878243,Y
E912877,(영동선)봉평터널(강릉)외부,국가교통정보센터(고속도로),128.3790024,37.56160484,Y
E912878,(영동선)봉평터널(인천)외부,국가교통정보센터(고속도로),128.3948272,37.57452817,Y
E912879,(영동선)부곡,국가교통정보센터(고속도로),126.9601535,37.32405111,Y
E912880,(영동선)북수원,국가교통정보센터(고속도로),126.9901103,37.3188478,Y
E912881,(영동선)사동리,국가교통정보센터(고속도로),127.506734,37.24458242,Y
E912882,(영동선)사동육교,국가교통정보센터(고속도로),127.4838762,37.24602146,Y
E912884,(영동선)삽교리,국가교통정보센터(고속도로),128.2550306,37.51877484,Y
E912885,(영동선)삽교리1,국가교통정보센터(고속도로),128.2611487,37.52075547,Y
E912886,(영동선)삽교정류장,국가교통정보센터(고속도로),128.2728191,37.5220308,Y
E912883,(영동선)삽교졸음쉼터,국가교통정보센터(고속도로),128.2759642,37.52294628,Y
E912887,(영동선)상거리,국가교통정보센터(고속도로),127.6223613,37.24369196,Y
E912888,(영동선)상거리1,국가교통정보센터(고속도로),127.6344476,37.24953097,Y
E912889,"(영동선)상대1,2교",국가교통정보센터(고속도로),128.10287476,37.45272827,Y
E912890,(영동선)상대3교,국가교통정보센터(고속도로),128.1146368,37.47298562,Y
E912891,(영동선)상대리,국가교통정보센터(고속도로),128.1206667,37.47066416,Y
E912892,(영동선)상리교,국가교통정보센터(고속도로),126.9665427,37.32104413,Y
E912893,(영동선)상만종,국가교통정보센터(고속도로),127.9085528,37.36709557,Y
E912894,(영동선)상진부리,국가교통정보센터(고속도로),128.5621508,37.65199987,Y
E912895,(영동선)상활육교,국가교통정보센터(고속도로),127.5327009,37.23905159,Y
E912896,(영동선)새말,국가교통정보센터(고속도로),128.0659226,37.44684048,Y
E912897,(영동선)새말1,국가교통정보센터(고속도로),128.0429833,37.44910991,Y
E912898,(영동선)서안산,국가교통정보센터(고속도로),126.804124,37.35093557,Y
E912899,(영동선)서안산2,국가교통정보센터(고속도로),126.808046,37.35058706,Y
E912900,(영동선)서용인분기점,국가교통정보센터(고속도로),127.1880524,37.26828377,Y
E912901,(영동선)서창,국가교통정보센터(고속도로),126.73781124794398,37.430578016834986,Y
E912902,(영동선)서창JC,국가교통정보센터(고속도로),126.7388254,37.43437884,Y
E912903,(영동선)섬강교,국가교통정보센터(고속도로),127.7567403,37.24228222,Y
E912905,(영동선)성산1교,국가교통정보센터(고속도로),128.7736111,37.71805556,Y
E912904,(영동선)성산2교,국가교통정보센터(고속도로),128.7792374,37.72507203,Y
E912906,(영동선)성산3교(인천),국가교통정보센터(고속도로),128.7806104,37.73693591,Y
E912908,(영동선)소사리,국가교통정보센터(고속도로),128.1499875,37.46868276,Y
E912909,(영동선)소사리1,국가교통정보센터(고속도로),128.1414782,37.46456431,Y
E912910,(영동선)소초졸음쉼터,국가교통정보센터(고속도로),128.0021819,37.42061021,Y
E912907,(영동선)속사,국가교통정보센터(고속도로),128.4860076,37.62907676,Y
E912911,(영동선)속사리,국가교통정보센터(고속도로),128.4899048,37.63067677,Y
E912912,(영동선)속사천2교,국가교통정보센터(고속도로),128.4302482,37.60746458,Y
E912913,(영동선)속사천3교,국가교통정보센터(고속도로),128.4380763,37.60813233,Y
E912914,(영동선)속사천교,국가교통정보센터(고속도로),128.4735421,37.624113,Y
E912915,(영동선)송암리,국가교통정보센터(고속도로),128.8199382,37.77168751,Y
E912916,(영동선)송암리2,국가교통정보센터(고속도로),128.8148651,37.76844406,Y
E912917,(영동선)수암리,국가교통정보센터(고속도로),127.9782912,37.40469191,Y
E912918,(영동선)수암리1,국가교통정보센터(고속도로),127.9899984,37.40889297,Y
E912919,(영동선)신갈분기점,국가교통정보센터(고속도로),127.102307,37.28998,Y
E912921,(영동선)신갈분기점1-1,국가교통정보센터(고속도로),127.1091043,37.29075087,Y
E912920,(영동선)신갈분기점2,국가교통정보센터(고속도로),127.1152778,37.29166667,Y
E912922,(영동선)신평교,국가교통정보센터(고속도로),127.8981978,37.3608343,Y
E912923,(영동선)싸리재,국가교통정보센터(고속도로),128.6572455,37.6827285,Y
E912924,(영동선)싸리재1,국가교통정보센터(고속도로),128.6626806,37.6854126,Y
E912925,(영동선)안산,국가교통정보센터(고속도로),126.83209,37.34728,Y
E912926,(영동선)안산2,국가교통정보센터(고속도로),126.8350265,37.34734793,Y
E912927,(영동선)안산천3교,국가교통정보센터(고속도로),126.850296020507,37.3474540710449,Y
E912928,(영동선)안평1교,국가교통정보센터(고속도로),127.4160792,37.24066491,Y
E912929,(영동선)양상교,국가교통정보센터(고속도로),126.8446085,37.34886236,Y
E912930,(영동선)양지,국가교통정보센터(고속도로),127.2954145,37.23971215,Y
E912931,(영동선)양지제일리,국가교통정보센터(고속도로),127.3116922,37.24492636,Y
E912932,(영동선)양지터널(강릉),국가교통정보센터(고속도로),127.2708173,37.24590791,Y
E912933,(영동선)양지터널(인천),국가교통정보센터(고속도로),127.2733183,37.24567144,Y
E912934,(영동선)양지터널외부(인천),국가교통정보센터(고속도로),127.2854776,37.2400599,Y
E912935,(영동선)양화천교,국가교통정보센터(고속도로),127.540947,37.23941803,Y
E912936,(영동선)어흘리,국가교통정보센터(고속도로),128.7814227,37.73160735,Y
E912937,(영동선)여주,국가교통정보센터(고속도로),127.6483621,37.25194198,Y
E912938,(영동선)여주분기점1,국가교통정보센터(고속도로),127.585493,37.232886,Y
E912939,(영동선)여주분기점2,국가교통정보센터(고속도로),127.5978307,37.23261429,Y
E912940,(영동선)여주휴게소,국가교통정보센터(고속도로),127.5638202,37.23996967,Y
E912941,(영동선)여주휴게소(강릉)출구,국가교통정보센터(고속도로),127.572257995605,37.2387580871582,Y
E912942,(영동선)여주휴게소2,국가교통정보센터(고속도로),127.5723361,37.23875316,Y
E912943,(영동선)여주휴게소RMS1(강릉),국가교통정보센터(고속도로),127.5621904,37.24019216,Y
E912944,(영동선)오대천교,국가교통정보센터(고속도로),128.5710001,37.65529151,Y
E912945,(영동선)오원1교,국가교통정보센터(고속도로),128.0821611,37.44272901,Y
E912946,(영동선)오원4교,국가교통정보센터(고속도로),128.0997268,37.44098911,Y
E912947,(영동선)오원리,국가교통정보센터(고속도로),128.09490967,37.43839264,Y
E912948,(영동선)오천교,국가교통정보센터(고속도로),127.3461802,37.25194404,Y
E912949,(영동선)왕산1교,국가교통정보센터(고속도로),128.7589599,37.6643631,Y
E912950,(영동선)왕산4교(강릉),국가교통정보센터(고속도로),128.7713112,37.6656102,Y
E912951,(영동선)왕산리,국가교통정보센터(고속도로),128.7751614,37.71015565,Y
E912952,(영동선)용인,국가교통정보센터(고속도로),127.2101116,37.25657472,Y
E912953,(영동선)용인휴게소(인천),국가교통정보센터(고속도로),127.2419378,37.24666079,Y
E912954,(영동선)용전리,국가교통정보센터(고속도로),128.4265531,37.60518074,Y
E912956,(영동선)우용리,국가교통정보센터(고속도로),128.2232772,37.49635112,Y
E912955,(영동선)우용리1,국가교통정보센터(고속도로),128.132226,37.294719,Y
E912957,(영동선)원주,국가교통정보센터(고속도로),127.9526359,37.40100637,Y
E912958,(영동선)원주(상),국가교통정보센터(고속도로),127.9415419,37.4014614,Y
E912959,(영동선)원주분기점,국가교통정보센터(고속도로),127.9360128,37.39799471,Y
E912960,(영동선)원주천교,국가교통정보센터(고속도로),127.9347361,37.39538662,Y
E912961,(영동선)월곶,국가교통정보센터(고속도로),126.7578452,37.38508648,Y
E912963,(영동선)월곶1교,국가교통정보센터(고속도로),126.7456236,37.39292312,Y
E912962,(영동선)월곶2,국가교통정보센터(고속도로),126.7509206,37.38870619,Y
E912964,(영동선)월곶4교,국가교통정보센터(고속도로),126.7672409,37.37506708,Y
E912965,(영동선)월정리,국가교통정보센터(고속도로),128.595043,37.66504422,Y
E912966,(영동선)유산2교,국가교통정보센터(고속도로),127.4354935,37.23452759,Y
E912967,(영동선)유천리,국가교통정보센터(고속도로),128.62889,37.67167,Y
E912968,(영동선)유천리1,국가교통정보센터(고속도로),128.6424957,37.67594586,Y
E912969,(영동선)이목동,국가교통정보센터(고속도로),126.977122,37.32017925,Y
E912970,(영동선)이목정,국가교통정보센터(고속도로),128.4592028,37.60660206,Y
E912971,(영동선)이천,국가교통정보센터(고속도로),127.4962627,37.24524378,Y
E912972,(영동선)이천졸음쉼터,국가교통정보센터(고속도로),127.4697788,37.24354363,Y
E912973,(영동선)이천졸음쉼터(인천)2,국가교통정보센터(고속도로),127.4716717,37.24422721,Y
E912974,(영동선)자포곡교,국가교통정보센터(고속도로),128.2433929,37.50912857,Y
E912975,(영동선)장양리,국가교통정보센터(고속도로),127.9602715,37.40365661,Y
E912976,(영동선)적금리,국가교통정보센터(고속도로),127.7137586,37.24953303,Y
E912977,(영동선)적금졸음쉼터,국가교통정보센터(고속도로),127.7035733,37.2528695,Y
E912978,(영동선)조원교,국가교통정보센터(고속도로),127.0148102,37.3109203,Y
E912979,(영동선)주천강교,국가교통정보센터(고속도로),128.2004186,37.49139844,Y
E912980,(영동선)지정교,국가교통정보센터(고속도로),127.8724301,37.34653537,Y
E912981,(영동선)진부,국가교통정보센터(고속도로),128.5636424,37.65272236,Y
E912982,(영동선)진부12터널(강릉)7,국가교통정보센터(고속도로),128.522245,37.64398273,Y
E912983,(영동선)진부12터널(강릉)외부,국가교통정보센터(고속도로),128.501349,37.64094901,Y
E912984,(영동선)진부12터널(인천)외부,국가교통정보센터(고속도로),128.5395864,37.64638368,Y
E912985,(영동선)진부1터널(인천4),국가교통정보센터(고속도로),128.5220017,37.64422164,Y
E912986,(영동선)진부3터널(강릉)외부,국가교통정보센터(고속도로),128.5512745,37.64788507,Y
E912987,(영동선)진부리,국가교통정보센터(고속도로),128.6111269,37.66929212,Y
E912988,(영동선)차항리,국가교통정보센터(고속도로),128.6791387,37.68001623,Y
E912989,(영동선)차항육교,국가교통정보센터(고속도로),128.6715474,37.68498471,Y
E912990,(영동선)총신교,국가교통정보센터(고속도로),127.3034298,37.24371126,Y
E912991,(영동선)추계리,국가교통정보센터(고속도로),127.3217183,37.24831056,Y
E912992,(영동선)추계육교,국가교통정보센터(고속도로),127.3241865,37.24884376,Y
E912993,(영동선)파장동,국가교통정보센터(고속도로),126.9989189,37.31489231,Y
E912994,(영동선)파장육교,국가교통정보센터(고속도로),127.0034566,37.31261583,Y
E912995,(영동선)평창,국가교통정보센터(고속도로),128.4144129,37.59095619,Y
E912996,(영동선)평창IC교,국가교통정보센터(고속도로),128.410844,37.58601314,Y
E912997,(영동선)평창휴게소(강릉),국가교통정보센터(고속도로),128.4480753,37.60674033,Y
E912998,(영동선)평창휴게소(인천),국가교통정보센터(고속도로),128.4656027,37.61207822,Y
E912999,(영동선)포진리,국가교통정보센터(고속도로),127.8146903,37.28362087,Y
E913000,(영동선)하강교,국가교통정보센터(고속도로),127.0085144,37.3107338,Y
E913001,(영동선)하대리,국가교통정보센터(고속도로),128.11631775,37.4724884,Y
E913002,(영동선)현천1교,국가교통정보센터(고속도로),128.160507202148,37.4793281555175,Y
E913003,(영동선)현천리,국가교통정보센터(고속도로),128.1725019,37.48371183,Y
E913004,(영동선)현천리1,국가교통정보센터(고속도로),128.1844293,37.49024473,Y
E913005,(영동선)호법분기점,국가교통정보센터(고속도로),127.42877,37.23438,Y
E913006,(영동선)화정1교,국가교통정보센터(고속도로),126.8214297,37.35003559,Y
E913007,(영동선)횡계2교,국가교통정보센터(고속도로),128.7071755,37.67933159,Y
E913008,(영동선)횡계리,국가교통정보센터(고속도로),128.71333,37.67806,Y
E913009,(영동선)횡성대교,국가교통정보센터(고속도로),128.10569763,37.45606995,Y
E913010,(영동선)횡성휴게소,국가교통정보센터(고속도로),128.1295603,37.46518572,Y
E913011,(영동선)후용리,국가교통정보센터(고속도로),127.8012015,37.27480879,Y
E913012,(영동선)흥호(비상주차대),국가교통정보센터(고속도로),127.761272,37.244836,Y
E913013,(옥산오창선)경부선(상)옥산JC진출부,국가교통정보센터(고속도로),127.3472,36.7103,Y
E913014,(옥산오창선)경부선(하)옥산JC진출부,국가교통정보센터(고속도로),127.3456,36.7168,Y
E913015,(옥산오창선)병천천교,국가교통정보센터(고속도로),127.3514,36.7143,Y
E913016,(옥산오창선)복현1교,국가교통정보센터(고속도로),127.4497,36.7466,Y
E913017,(옥산오창선)산수교,국가교통정보센터(고속도로),127.44,36.742,Y
E913018,(옥산오창선)서오창영업소6.6K,국가교통정보센터(고속도로),127.4149,36.729,Y
E913019,(옥산오창선)서오창영업소6K,국가교통정보센터(고속도로),127.414,36.7253,Y
E913020,(옥산오창선)성산교,국가교통정보센터(고속도로),127.4001,36.722,Y
E913021,(옥산오창선)양지교,국가교통정보센터(고속도로),127.4277,36.7391,Y
E913022,(옥산오창선)오창JC,국가교통정보센터(고속도로),127.4607,36.7439,Y
E913024,(옥산오창선)호죽1교,국가교통정보센터(고속도로),127.3688,36.712,Y
E913023,(옥산오창선)호죽2교,국가교통정보센터(고속도로),127.3885,36.7142,Y
E913036,(용인서울선)고기터널서울,국가교통정보센터(고속도로),127.0630528,37.35096389,Y
E913037,(용인서울선)고기터널용인,국가교통정보센터(고속도로),127.06255,37.35148611,Y
E913038,(용인서울선)고등IC램프,국가교통정보센터(고속도로),127.0913556,37.42725556,Y
E913025,(용인서울선)고등IC서울,국가교통정보센터(고속도로),127.0903139,37.42442846,Y
E913039,(용인서울선)고등IC용인,국가교통정보센터(고속도로),127.0896472,37.42542778,Y
E913026,(용인서울선)고등교,국가교통정보센터(고속도로),127.089318,37.437046,Y
E913040,(용인서울선)고등터널서울,국가교통정보센터(고속도로),127.0909972,37.43028056,Y
E913041,(용인서울선)고등터널용인,국가교통정보센터(고속도로),127.089275,37.43456944,Y
E913042,(용인서울선)고산터널서울,국가교통정보센터(고속도로),127.0864778,37.41699722,Y
E913043,(용인서울선)고산터널용인,국가교통정보센터(고속도로),127.0884583,37.42100278,Y
E913044,(용인서울선)광교상현IC,국가교통정보센터(고속도로),127.0605214,37.29856176,Y
E913045,(용인서울선)금광지하차도서울,국가교통정보센터(고속도로),127.0742667,37.28081389,Y
E913046,(용인서울선)금광지하차도용인,국가교통정보센터(고속도로),127.0703972,37.28322778,Y
E913027,(용인서울선)금토2교,국가교통정보센터(고속도로),127.0774974,37.40544215,Y
E913047,(용인서울선)금토TG,국가교통정보센터(고속도로),127.0827093,37.41254705,Y
E913048,(용인서울선)길마재교,국가교통정보센터(고속도로),127.053193,37.31204446,Y
E913049,(용인서울선)길마재터널서울,국가교통정보센터(고속도로),127.0564111,37.30585,Y
E913050,(용인서울선)길마재터널용인,국가교통정보센터(고속도로),127.0558083,37.30545278,Y
E913051,(용인서울선)대장1교,국가교통정보센터(고속도로),127.0669028,37.36160556,Y
E913052,(용인서울선)대장2교,국가교통정보센터(고속도로),127.0629611,37.36616111,Y
E913053,(용인서울선)동역지하차도서울,국가교통정보센터(고속도로),127.0648833,37.29213333,Y
E913054,(용인서울선)동역지하차도용인,국가교통정보센터(고속도로),127.0634472,37.29371389,Y
E913055,(용인서울선)동천육교,국가교통정보센터(고속도로),127.0595548,37.34409624,Y
E913056,(용인서울선)동천터널서울,국가교통정보센터(고속도로),127.0589083,37.34049444,Y
E913057,(용인서울선)동천터널용인,국가교통정보센터(고속도로),127.0583806,37.3404,Y
E913028,(용인서울선)서분당IC램프,국가교통정보센터(고속도로),127.0630527,37.35230631,Y
E913058,(용인서울선)서수지IC,국가교통정보센터(고속도로),127.0566626,37.32409675,Y
E913059,(용인서울선)서수지TG,국가교통정보센터(고속도로),127.0593611,37.33075278,Y
E913029,(용인서울선)서판교IC,국가교통정보센터(고속도로),127.0689944,37.38534167,Y
E913060,(용인서울선)서판교IC진입서울,국가교통정보센터(고속도로),127.070625,37.39148889,Y
E913030,(용인서울선)서판교IC진출용인,국가교통정보센터(고속도로),127.0693009,37.38525924,Y
E913061,(용인서울선)성복터널서울,국가교통정보센터(고속도로),127.0532528,37.31630556,Y
E913062,(용인서울선)성복터널용인,국가교통정보센터(고속도로),127.0526889,37.31620556,Y
E913063,(용인서울선)세곡교,국가교통정보센터(고속도로),127.0903194,37.46562778,Y
E913064,(용인서울선)세곡터널입구서울,국가교통정보센터(고속도로),127.0961778,37.45657778,Y
E913065,(용인서울선)세곡터널입구용인,국가교통정보센터(고속도로),127.0949139,37.45778889,Y
E913066,(용인서울선)세곡터널출구용인,국가교통정보센터(고속도로),127.0956722,37.45470278,Y
E913067,(용인서울선)신대지하차도(서울),국가교통정보센터(고속도로),127.0686233,37.28605153,Y
E913031,(용인서울선)신대지하차도용인,국가교통정보센터(고속도로),127.0667327,37.28872319,Y
E913070,(용인서울선)심곡터널입구서울,국가교통정보센터(고속도로),127.0917639,37.44176389,Y
E913068,(용인서울선)심곡터널입구용인,국가교통정보센터(고속도로),127.0927444,37.44550278,Y
E913069,(용인서울선)심곡터널출구용인,국가교통정보센터(고속도로),127.0904833,37.44261944,Y
E913071,(용인서울선)심세곡관리동서울,국가교통정보센터(고속도로),127.0959417,37.45022222,Y
E913032,(용인서울선)심세곡관리동용인,국가교통정보센터(고속도로),127.095914,37.450321,Y
E913072,(용인서울선)여수내지하차도서울,국가교통정보센터(고속도로),127.0697861,37.28442778,Y
E913073,(용인서울선)여수내지하차도용인,국가교통정보센터(고속도로),127.0650167,37.2911,Y
E913074,(용인서울선)운중터널서울,국가교통정보센터(고속도로),127.0731167,37.399,Y
E913075,(용인서울선)운중터널용인,국가교통정보센터(고속도로),127.07225,37.39883611,Y
E913033,(용인서울선)하산운터널서울중앙,국가교통정보센터(고속도로),127.067025,37.3773,Y
E913034,(용인서울선)하산운터널서울출구,국가교통정보센터(고속도로),127.068944,37.383381,Y
E913076,(용인서울선)하산운터널입구서울,국가교통정보센터(고속도로),127.0654167,37.37299722,Y
E913077,(용인서울선)하산운터널입구용인,국가교통정보센터(고속도로),127.0658361,37.38028333,Y
E913078,(용인서울선)하산운터널중앙용인,국가교통정보센터(고속도로),127.064425,37.37683056,Y
E913079,(용인서울선)하산운터널출구용인,국가교통정보센터(고속도로),127.0634361,37.3729,Y
E913080,(용인서울선)헌릉IC,국가교통정보센터(고속도로),127.0897718,37.46236154,Y
E913081,(용인서울선)흥덕IC(서울),국가교통정보센터(고속도로),127.0765846,37.27961806,Y
E913035,(용인서울선)흥덕IC용인,국가교통정보센터(고속도로),127.0785635,37.27900286,Y
E913082,(울산선)반송교,국가교통정보센터(고속도로),129.1584601,35.54825484,Y
E913083,(울산선)반연육교,국가교통정보센터(고속도로),129.1773593,35.55458343,Y
E913084,(울산선)범서정류장,국가교통정보센터(고속도로),129.234848,35.564888,Y
E913085,(울산선)사연교,국가교통정보센터(고속도로),129.1926049,35.56609626,Y
E913086,(울산선)언양아치교,국가교통정보센터(고속도로),129.1356354,35.56335449,Y
E913087,(울산선)언양정류장,국가교통정보센터(고속도로),129.134374,35.564631,Y
E913088,(울산선)울산시점,국가교통정보센터(고속도로),129.141977637412,35.5554292709673,Y
E913089,(울산선)울산졸음쉼터,국가교통정보센터(고속도로),129.167831420898,35.5504112243652,Y
E913090,(울산선)울산종점,국가교통정보센터(고속도로),129.2592928,35.55310954,Y
E913091,(울산선)입암,국가교통정보센터(고속도로),129.219619,35.573759,Y
E913092,(울산선)장촌,국가교통정보센터(고속도로),129.1506805,35.5490799,Y
E913093,(울산선)천상천교,국가교통정보센터(고속도로),129.238727,35.562088,Y
E913094,(익산장수선)노평,국가교통정보센터(고속도로),127.598304748535,35.7202224731445,Y
E913095,(익산장수선)완주휴게소2,국가교통정보센터(고속도로),127.199,35.874,Y
E913096,(익산장수선)진안3터널,국가교통정보센터(고속도로),127.493,35.772,Y
E913097,(익산장수선)천천교,국가교통정보센터(고속도로),127.531,35.742,Y
E913098,(익산포항선)(대구)와촌터널(대구외부),국가교통정보센터(고속도로),128.760093,35.953769,Y
E913099,(익산포항선)(대구)임고1터널(대구외부),국가교통정보센터(고속도로),129.035852,36.054117,Y
E913100,(익산포항선)(대구)임고4터널(대구외부),국가교통정보센터(고속도로),129.146681,36.064834,Y
E913101,(익산포항선)(익산)곰티터널(익산외부),국가교통정보센터(고속도로),127.311821,35.791944,Y
E913102,(익산포항선)(익산)부귀2터널(익산외부),국가교통정보센터(고속도로),127.337598,35.778483,Y
E913103,(익산포항선)(익산)상관2터널(익산외부),국가교통정보센터(고속도로),127.26305,35.802959,Y
E913104,(익산포항선)(익산)장수터널(익산외부),국가교통정보센터(고속도로),127.573354,35.718548,Y
E913105,(익산포항선)(장수)곰티터널(장수외부),국가교통정보센터(고속도로),127.282698,35.797574,Y
E913106,(익산포항선)(장수)방곡터널(장수외부),국가교통정보센터(고속도로),127.512123,35.755298,Y
E913107,(익산포항선)(장수)부귀1터널(장수외부),국가교통정보센터(고속도로),127.316082,35.790766,Y
E913108,(익산포항선)(장수)장수터널(장수외부),국가교통정보센터(고속도로),127.543229,35.737601,Y
E913109,(익산포항선)(포항)달전터널(포항외부),국가교통정보센터(고속도로),129.268746,36.049002,Y
E913110,(익산포항선)(포항)와촌터널(포항외부),국가교통정보센터(고속도로),128.716993,35.952439,Y
E913111,(익산포항선)(포항)임고1터널(포항외부),국가교통정보센터(고속도로),129.005511,36.054641,Y
E913112,(익산포항선)(포항)임고4터널(포항외부),국가교통정보센터(고속도로),129.122027,36.055161,Y
E913113,(익산포항선)고산천교,국가교통정보센터(고속도로),127.1355505,35.9049701,Y
E913114,(익산포항선)곰티터널익산10(고정),국가교통정보센터(고속도로),127.289307,35.796061,Y
E913115,(익산포항선)곰티터널장수3(고정),국가교통정보센터(고속도로),127.302354,35.793311,Y
E913116,(익산포항선)구룡2교,국가교통정보센터(고속도로),127.4527778,35.77138889,Y
E913117,(익산포항선)기계4교,국가교통정보센터(고속도로),129.1821325,36.08675472,Y
E913118,(익산포항선)단양1교,국가교통정보센터(고속도로),127.41777,35.77783,Y
E913119,(익산포항선)달전터널(외부),국가교통정보센터(고속도로),129.292603,36.048401,Y
E913120,(익산포항선)덕연1교,국가교통정보센터(고속도로),128.9879785,36.05460964,Y
E913121,(익산포항선)도동대교,국가교통정보센터(고속도로),128.6755893,35.93159445,Y
E913122,(익산포항선)도동분기점,국가교통정보센터(고속도로),128.66753,35.91903,Y
E913123,(익산포항선)도동분기점2,국가교통정보센터(고속도로),128.6649527,35.9140797,Y
E913124,(익산포항선)도평터널,국가교통정보센터(고속도로),128.691091,35.938214,Y
E913125,(익산포항선)마이산졸음쉼터(익산),국가교통정보센터(고속도로),127.3625269,35.7682125,Y
E913126,(익산포항선)마이산졸음쉼터(장수),국가교통정보센터(고속도로),127.3636458,35.7672761,Y
E913127,(익산포항선)매산육교,국가교통정보센터(고속도로),128.9018669,36.028131,Y
E913128,(익산포항선)명덕1교,국가교통정보센터(고속도로),127.20311,35.8717,Y
E913129,(익산포항선)명덕2교,국가교통정보센터(고속도로),127.2043725,35.8703932,Y
E913130,(익산포항선)물곡교,국가교통정보센터(고속도로),127.4763246,35.77439197,Y
E913131,(익산포항선)박사천교,국가교통정보센터(고속도로),128.813134,35.957029,Y
E913132,(익산포항선)방곡터널익산외부(고정),국가교통정보센터(고속도로),127.525753,35.744061,Y
E913133,(익산포항선)백안터널,국가교통정보센터(고속도로),128.706449,35.949569,Y
E913134,(익산포항선)벽계천교,국가교통정보센터(고속도로),129.2502334,36.05174313,Y
E913135,(익산포항선)보성교,국가교통정보센터(고속도로),128.847748,35.980446,Y
E913136,(익산포항선)북영천,국가교통정보센터(고속도로),128.9163205,36.03235922,Y
E913137,(익산포항선)사동2교,국가교통정보센터(고속도로),129.0922222,36.05361111,Y
E913138,(익산포항선)삼례천교,국가교통정보센터(고속도로),127.1023701,35.92674032,Y
E913139,(익산포항선)서포항,국가교통정보센터(고속도로),129.21498,36.07303,Y
E913140,(익산포항선)석전,국가교통정보센터(고속도로),127.110785,35.920722,Y
E913141,(익산포항선)소양,국가교통정보센터(고속도로),127.234903,35.864431,Y
E913142,(익산포항선)소양천교,국가교통정보센터(고속도로),127.2508102,35.85979032,Y
E913143,(익산포항선)신덕육교,국가교통정보센터(고속도로),128.842195,35.977671,Y
E913144,(익산포항선)신탁2교,국가교통정보센터(고속도로),127.1179802,35.9161803,Y
E913146,(익산포항선)연장1교,국가교통정보센터(고속도로),127.37611,35.76389,Y
E913145,(익산포항선)연장2교,국가교통정보센터(고속도로),127.40444,35.77472,Y
E913148,(익산포항선)오천1교,국가교통정보센터(고속도로),127.5042249,35.7668127,Y
E913147,(익산포항선)오천2교,국가교통정보센터(고속도로),127.5049889,35.7661564,Y
E913149,(익산포항선)와촌교,국가교통정보센터(고속도로),128.8086111,35.95611111,Y
E913150,(익산포항선)와촌터널(대구5),국가교통정보센터(고속도로),128.731976,35.955377,Y
E913151,(익산포항선)와촌터널(포항6),국가교통정보센터(고속도로),128.751072,35.955342,Y
E913152,(익산포항선)와촌휴게소,국가교통정보센터(고속도로),128.7646618,35.95264442,Y
E913153,(익산포항선)완주,국가교통정보센터(고속도로),127.155159,35.89703369,Y
E913154,(익산포항선)완주분기점,국가교통정보센터(고속도로),127.1702384,35.88504105,Y
E913155,(익산포항선)완주분기점2,국가교통정보센터(고속도로),127.171959,35.8841522,Y
E913156,(익산포항선)완주졸음쉼터(익산),국가교통정보센터(고속도로),127.1007511,35.9287507,Y
E913157,(익산포항선)완주졸음쉼터(장수),국가교통정보센터(고속도로),127.1015001,35.9275,Y
E913158,(익산포항선)완주휴게소,국가교통정보센터(고속도로),127.1933277,35.87789137,Y
E913159,(익산포항선)의암교,국가교통정보센터(고속도로),127.2491667,35.81222222,Y
E913160,(익산포항선)익산분기점2,국가교통정보센터(고속도로),127.09397,35.93849,Y
E913163,(익산포항선)임고2터널,국가교통정보센터(고속도로),129.057021,36.045176,Y
E913162,(익산포항선)임고3터널,국가교통정보센터(고속도로),129.07182,36.04135,Y
E913161,(익산포항선)임고4터널,국가교통정보센터(고속도로),129.144655,36.062354,Y
E913164,(익산포항선)임고4터널(대구6),국가교통정보센터(고속도로),129.133273,36.057426,Y
E913165,(익산포항선)임고4터널(포항4),국가교통정보센터(고속도로),129.142886,36.062283,Y
E913166,(익산포항선)장수,국가교통정보센터(고속도로),127.58694,35.71528,Y
E913167,(익산포항선)장수터널익산3(고정),국가교통정보센터(고속도로),127.551348,35.732683,Y
E913168,(익산포항선)장수터널장수7(고정),국가교통정보센터(고속도로),127.567184,35.722336,Y
E913169,(익산포항선)죽곡2교,국가교통정보센터(고속도로),128.9590415,36.05235345,Y
E913170,(익산포항선)죽절교,국가교통정보센터(고속도로),127.226387,35.86545944,Y
E913171,(익산포항선)진안,국가교통정보센터(고속도로),127.4460619,35.7716736,Y
E913172,(익산포항선)진안1터널,국가교통정보센터(고속도로),127.3907261,35.7686111,Y
E913173,(익산포항선)진안교,국가교통정보센터(고속도로),127.39056,35.76806,Y
E913174,(익산포항선)진안휴게소,국가교통정보센터(고속도로),127.42944,35.77528,Y
E913175,(익산포항선)청통와촌,국가교통정보센터(고속도로),128.8291559,35.97059105,Y
E913176,(익산포항선)청통휴게소,국가교통정보센터(고속도로),128.8624756,35.99580073,Y
E913177,(익산포항선)팔공산,국가교통정보센터(고속도로),128.661593,35.912079,Y
E913178,(익산포항선)포항,국가교통정보센터(고속도로),129.3116527,36.0443321,Y
E913179,(익산포항선)현내교,국가교통정보센터(고속도로),129.2030469,36.07882146,Y
E913180,(익산포항선)화산교,국가교통정보센터(고속도로),128.8870947,36.01838545,Y
E913181,(익산포항선)화심1교,국가교통정보센터(고속도로),127.2568201,35.8264198,Y
E913182,(인천국제공항)공항25.2,국가교통정보센터(고속도로),126.72018,37.57161,Y
E913183,(인천국제공항)서울20.2,국가교통정보센터(고속도로),126.66358,37.56933,Y
E913184,(인천국제공항선)개화터널입구(서울32.2),국가교통정보센터(고속도로),126.7936783,37.58439255,Y
E913185,(인천국제공항선)공항1.6K,국가교통정보센터(고속도로),126.48888,37.48562,Y
E913186,(인천국제공항선)공항15.7K,국가교통정보센터(고속도로),126.6169,37.55536,Y
E913187,(인천국제공항선)공항30.1K,국가교통정보센터(고속도로),126.77082,37.57955,Y
E913188,(인천국제공항선)공항32.8K,국가교통정보센터(고속도로),126.801,37.58593,Y
E913189,(인천국제공항선)공항5.0K,국가교통정보센터(고속도로),126.51281,37.50751,Y
E913190,(인천국제공항선)공항신도시나들목(공항1.8),국가교통정보센터(고속도로),126.48979,37.48707,Y
E913191,(인천국제공항선)공항입구나들목(공항3.6),국가교통정보센터(고속도로),126.5003204,37.5009079,Y
E913192,(인천국제공항선)금산나들목(서울6.5),국가교통정보센터(고속도로),126.5287552,37.51328278,Y
E913193,(인천국제공항선)김포나들목(서울30.9),국가교통정보센터(고속도로),126.7794647,37.58135605,Y
E913194,(인천국제공항선)노오지분기점(공항27.1),국가교통정보센터(고속도로),126.7412109,37.57202911,Y
E913195,(인천국제공항선)방화대교남단(올림픽대로)(서울34.8),국가교통정보센터(고속도로),126.82206,37.58458,Y
E913196,(인천국제공항선)방화대교북단(강변북로)(공항36.0),국가교통정보센터(고속도로),126.83179,37.59278,Y
E913197,(인천국제공항선)북인천영업소(공항16.0),국가교통정보센터(고속도로),126.6197968,37.55575562,Y
E913198,(인천국제공항선)서울36.0K,국가교통정보센터(고속도로),126.83191,37.59295,Y
E913199,(인천국제공항선)서울9.1K,국가교통정보센터(고속도로),126.55117,37.52846,Y
E913200,(인천국제공항선)시점(공항0.03),국가교통정보센터(고속도로),126.48542,37.47172,Y
E913201,(인천국제공항선)신공항영업소(공항20.4),국가교통정보센터(고속도로),126.6666183,37.56970978,Y
E913202,(인천국제공항선)영종대교(공항12.5),국가교통정보센터(고속도로),126.58236,37.54514,Y
E913203,(인천국제공항선)영종대교동탑상부12.6K,국가교통정보센터(고속도로),126.58431,37.54559,Y
E913204,(인천국제공항선)영종대교서탑상부12.3K,국가교통정보센터(고속도로),126.58118,37.54445,Y
E913207,(인천국제공항선)영종대교시점,국가교통정보센터(고속도로),126.606777,37.552978,Y
E913206,(인천국제공항선)영종대교시점(공항10.1),국가교통정보센터(고속도로),126.55918,37.53494,Y
E913205,(인천국제공항선)영종대교하부12.3K,국가교통정보센터(고속도로),126.58135,37.54432,Y
E913208,(인천대교고속도로)공항신도시JCT,국가교통정보센터(고속도로),126.492715,37.484596,Y
E913209,(인천대교고속도로)공항신도시진입부,국가교통정보센터(고속도로),126.483295,37.485169,Y
E913210,(인천대교고속도로)동측고가교,국가교통정보센터(고속도로),126.604533,37.406515,Y
E913211,(인천대교고속도로)사장교동측,국가교통정보센터(고속도로),126.583086,37.407847,Y
E913212,(인천대교고속도로)사장교서측,국가교통정보센터(고속도로),126.560971,37.417777,Y
E913213,(인천대교고속도로)사장교중앙,국가교통정보센터(고속도로),126.573761,37.411562,Y
E913214,(인천대교고속도로)서측고가교2,국가교통정보센터(고속도로),126.53995,37.437421,Y
E913215,(인천대교고속도로)송도IC,국가교통정보센터(고속도로),126.649988,37.406492,Y
E913216,(인천대교고속도로)연수JCT,국가교통정보센터(고속도로),126.633097,37.408516,Y
E913217,(인천대교고속도로)영종IC,국가교통정보센터(고속도로),126.51075,37.474146,Y
E913218,(인천대교고속도로)옥련IC,국가교통정보센터(고속도로),126.638225,37.425144,Y
E913219,(인천대교고속도로)학익JCT,국가교통정보센터(고속도로),126.649784,37.436007,Y
E913220,(제2경인선)(안양)광명터널(안양2),국가교통정보센터(고속도로),126.860706,37.436474,Y
E913221,(제2경인선)(안양)광명터널(안양3고정),국가교통정보센터(고속도로),126.871409,37.431577,Y
E913222,(제2경인선)(인천)광명터널(인천3),국가교통정보센터(고속도로),126.864808,37.434459,Y
E913223,(제2경인선)광명,국가교통정보센터(고속도로),126.8499862,37.43977273,Y
E913224,(제2경인선)광명터널,국가교통정보센터(고속도로),126.858115,37.43755927,Y
E913225,(제2경인선)남동,국가교통정보센터(고속도로),126.7127436,37.43383602,Y
E913226,(제2경인선)남인천,국가교통정보센터(고속도로),126.75611,37.43222,Y
E913227,(제2경인선)남인천2,국가교통정보센터(고속도로),126.75177,37.43264,Y
E913228,(제2경인선)남인천영업소1,국가교통정보센터(고속도로),126.764183044433,37.4319915771484,Y
E913229,(제2경인선)문학,국가교통정보센터(고속도로),126.6767428,37.43586138,Y
E913230,(제2경인선)문학경기장,국가교통정보센터(고속도로),126.688923,37.433053,Y
E913231,(제2경인선)서창분기점,국가교통정보센터(고속도로),126.7385736,37.43272602,Y
E913233,(제2경인선)서창분기점2,국가교통정보센터(고속도로),126.7430083,37.432925,Y
E913232,(제2경인선)석수,국가교통정보센터(고속도로),126.9061083,37.4242095,Y
E913234,(제2경인선)신천,국가교통정보센터(고속도로),126.78361,37.43028,Y
E913235,(제2경인선)안현분기점1,국가교통정보센터(고속도로),126.807868957519,37.4324531555175,Y
E913236,(제2경인선)안현분기점2,국가교통정보센터(고속도로),126.825538635253,37.4400291442871,Y
E913237,(제2경인선)은행3교,국가교통정보센터(고속도로),126.7967597,37.42862553,Y
E913238,(제2경인선)일직,국가교통정보센터(고속도로),126.886042,37.425469,Y
E913239,(제2경인선)장수천1교,국가교통정보센터(고속도로),126.72286,37.43355,Y
E913241,(제2경인선)제2경인시점,국가교통정보센터(고속도로),126.63242,37.446114,Y
E913240,(제2경인선)제2경인시점1,국가교통정보센터(고속도로),126.63309094,37.4458227281,Y
E913242,(제2경인선)학익대교,국가교통정보센터(고속도로),126.652726,37.436506,Y
E913243,(제2경인선)학익대교1,국가교통정보센터(고속도로),126.661231994628,37.4381675720214,Y
E913244,(제2순환선)동탄금곡교,국가교통정보센터(고속도로),127.0772222,37.17916667,Y
E913246,(제2순환선)봉담방음터널(봉담),국가교통정보센터(고속도로),126.9636111,37.21722222,Y
E913245,(제2순환선)봉담분천2교,국가교통정보센터(고속도로),126.9630556,37.19916667,Y
E913247,(제2순환선)북오산IC,국가교통정보센터(고속도로),127.06,37.18389,Y
E913248,(제2순환선)북평택영업소,국가교통정보센터(고속도로),126.9927778,37.07055556,Y
E913249,(제2순환선)세교방음터널2(봉담),국가교통정보센터(고속도로),127.045048,37.180257,Y
E913250,(제2순환선)세교터널(동탄),국가교통정보센터(고속도로),127.048268,37.181135,Y
E913251,(제2순환선)세교터널(서오산)2,국가교통정보센터(고속도로),127.045349,37.179999,Y
E913252,(제2순환선)양감송산교,국가교통정보센터(고속도로),126.9955556,37.10583333,Y
E913253,(제2순환선)어연IC,국가교통정보센터(고속도로),126.98865,37.0585,Y
E913254,(제2순환선)오산서랑동,국가교통정보센터(고속도로),127.0127778,37.17055556,Y
E913255,(제2순환선)오산지곶교,국가교통정보센터(고속도로),127.0280556,37.17388889,Y
E913256,(제2순환선)오성,국가교통정보센터(고속도로),126.9852778,37.01777778,Y
E913257,(제2순환선)정남,국가교통정보센터(고속도로),126.97194,37.18333,Y
E913258,(제2순환선)정남고지리,국가교통정보센터(고속도로),126.99749,37.15863,Y
E913259,(제2순환선)정남괘랑2교,국가교통정보센터(고속도로),126.9827778,37.17888889,Y
E913260,(제2순환선)정남망월리,국가교통정보센터(고속도로),127.0019444,37.145,Y
E913261,(제2순환선)평택분기점,국가교통정보센터(고속도로),126.9847222,37.03333333,Y
E913262,(제2순환선)향남,국가교통정보센터(고속도로),127.0011111,37.13194444,Y
E913263,(제2순환선)향남교,국가교통정보센터(고속도로),126.9972222,37.12194444,Y
E913264,(제2영동선)Chowol(KJ)02,국가교통정보센터(고속도로),127.348837,37.37460913,Y
E913265,(제2영동선)Chowol(WJ)03,국가교통정보센터(고속도로),127.350532,37.37459326,Y
E913266,(제2영동선)Daesin(KJ)02,국가교통정보센터(고속도로),127.626826,37.391011884,Y
E913267,(제2영동선)Daesin(WJ)02,국가교통정보센터(고속도로),127.628318,37.39178045,Y
E913268,(제2영동선)Gonjiam1(KJ)01,국가교통정보센터(고속도로),127.36501,37.37553008,Y
E913269,(제2영동선)Gonjiam1(WJ)02,국가교통정보센터(고속도로),127.366094,37.37563948,Y
E913270,(제2영동선)Gonjiam2(KJ)02,국가교통정보센터(고속도로),127.379192,37.3779431,Y
E913271,(제2영동선)Gonjiam2(WJ)03,국가교통정보센터(고속도로),127.380457,37.37830494,Y
E913272,(제2영동선)Gonjiam3(KJ)01,국가교통정보센터(고속도로),127.413595,37.37975798,Y
E913275,(제2영동선)Jijung1(KJ)01,국가교통정보센터(고속도로),127.788012,37.40295868,Y
E913276,(제2영동선)Jijung1(WJ)02,국가교통정보센터(고속도로),127.790069,37.4027976,Y
E913277,(제2영동선)Jijung2(KJ)04,국가교통정보센터(고속도로),127.813136,37.39697278,Y
E913278,(제2영동선)Jijung2(WJ)04,국가교통정보센터(고속도로),127.815122,37.3965847,Y
E913279,(제2영동선)Jijung3(KJ)01,국가교통정보센터(고속도로),127.842168,37.39040576,Y
E913280,(제2영동선)Jijung3(WJ)02,국가교통정보센터(고속도로),127.843412,37.39061454,Y
E913273,(제2영동선)Kumsa(KJ)01,국가교통정보센터(고속도로),127.471496,37.37841123,Y
E913274,(제2영동선)Kumsa(WJ)01,국가교통정보센터(고속도로),127.472377,37.3780213,Y
E913281,(제2영동선)Maebong(KJ)01,국가교통정보센터(고속도로),127.909896,37.38788185,Y
E913282,(제2영동선)Maebong(WJ)01,국가교통정보센터(고속도로),127.910694,37.38798493,Y
E913283,(제2영동선)Yangdong(KJ)01,국가교통정보센터(고속도로),127.743187,37.39881445,Y
E913284,(제2영동선)Yangdong(WJ)01,국가교통정보센터(고속도로),127.74504,37.39931879,Y
E913285,(제2영동선)경기광주휴게소,국가교통정보센터(고속도로),127.424326,37.37916662,Y
E913287,(제2영동선)광주JCT1,국가교통정보센터(고속도로),127.323497,37.3726631,Y
E913286,(제2영동선)광주JCT2,국가교통정보센터(고속도로),127.322062,37.372646,Y
E913288,(제2영동선)남한강대교1,국가교통정보센터(고속도로),127.540731,37.379101,Y
E913289,(제2영동선)남한강대교2,국가교통정보센터(고속도로),127.564302,37.384543,Y
E913290,(제2영동선)대신IC,국가교통정보센터(고속도로),127.583031,37.38428535,Y
E913291,(제2영동선)대신터널1,국가교통정보센터(고속도로),127.634449,37.394965,Y
E913292,(제2영동선)대신터널2,국가교통정보센터(고속도로),127.658332,37.402165,Y
E913293,(제2영동선)도곡1교,국가교통정보센터(고속도로),127.492811,37.376429,Y
E913294,(제2영동선)동곤지암IC,국가교통정보센터(고속도로),127.394504,37.38122282,Y
E913295,(제2영동선)동양평IC,국가교통정보센터(고속도로),127.751415,37.3995544,Y
E913296,(제2영동선)동여주IC,국가교통정보센터(고속도로),127.672013,37.40025203,Y
E913297,(제2영동선)무장리,국가교통정보센터(고속도로),127.879001,37.391888,Y
E913298,(제2영동선)삼산교,국가교통정보센터(고속도로),127.778411,37.40170251,Y
E913299,(제2영동선)서원주IC,국가교통정보센터(고속도로),127.858362,37.3940833,Y
E913300,(제2영동선)성지지맥,국가교통정보센터(고속도로),127.701347,37.40153976,Y
E913301,(제2영동선)송현1교,국가교통정보센터(고속도로),127.446893,37.379864,Y
E913302,(제2영동선)신평JCT,국가교통정보센터(고속도로),127.892866,37.38600694,Y
E913303,(제2영동선)양평휴게소,국가교통정보센터(고속도로),127.727072,37.3968485,Y
E913304,(제2영동선)원주JCT,국가교통정보센터(고속도로),127.929761,37.38591325,Y
E913305,(제2영동선)원주영업소,국가교통정보센터(고속도로),127.923866,37.38625086,Y
E913306,(제2영동선)장풍리,국가교통정보센터(고속도로),127.614029,37.38557555,Y
E913307,(제2영동선)초현1교,국가교통정보센터(고속도로),127.599229,37.38400456,Y
E913308,(제2영동선)판대2교,국가교통정보센터(고속도로),127.801855,37.40042451,Y
E913309,(제2영동선)하오개,국가교통정보센터(고속도로),127.326659,37.374807,Y
E913310,(제2영동선)흥천이포IC,국가교통정보센터(고속도로),127.516839,37.378367,Y
E913311,(제2외곽순환선)검단양촌IC,국가교통정보센터(고속도로),126.620665886,37.59751174,Y
E913312,(제2외곽순환선)대곶IC,국가교통정보센터(고속도로),126.6032044,37.6477257,Y
E913313,(제2외곽순환선)대능2교,국가교통정보센터(고속도로),126.6025720115,37.631971647,Y
E913314,(제2외곽순환선)북청라IC,국가교통정보센터(고속도로),126.623175509,37.559241995,Y
E913315,(제2외곽순환선)북청라대교,국가교통정보센터(고속도로),126.622043716,37.578949895,Y
E913316,(제2외곽순환선)북청라대교,국가교통정보센터(고속도로),126.621015569,37.544503388,Y
E913317,(제2외곽순환선)서김포통진IC,국가교통정보센터(고속도로),126.6348376,37.6748736,Y
E913318,(제2외곽순환선)인천북항터널남측,국가교통정보센터(고속도로),126.63263048,37.462295096,Y
E913319,(제2외곽순환선)인천항고가교남측,국가교통정보센터(고속도로),126.620843632,37.443330794,Y
E913320,(제2외곽순환선)청라원창영업소,국가교통정보센터(고속도로),126.625492678,37.514560258,Y
E913321,(제2외곽순환선)학운1교,국가교통정보센터(고속도로),126.6087367,37.611543862,Y
E913322,(제2중부선)경기광주분기점2,국가교통정보센터(고속도로),127.316566467285,37.3772544860839,Y
E913323,(제2중부선)경안천교,국가교통정보센터(고속도로),127.296577453613,37.4304046630859,Y
E913324,(제2중부선)곤지암2,국가교통정보센터(고속도로),127.321324,37.353426,Y
E913325,(제2중부선)광지원터널,국가교통정보센터(고속도로),127.25556,37.4575,Y
E913326,(제2중부선)궁평1교,국가교통정보센터(고속도로),127.3270958,37.33789832,Y
E913327,(제2중부선)마장,국가교통정보센터(고속도로),127.39477,37.274774,Y
E913328,(제2중부선)마장휴게소,국가교통정보센터(고속도로),127.4058,37.26625,Y
E913329,(제2중부선)목동1교,국가교통정보센터(고속도로),127.410354614257,37.2600212097167,Y
E913330,(제2중부선)상번천졸음쉼터,국가교통정보센터(고속도로),127.27574170313,37.4476326321591,Y
E913331,(제2중부선)선동,국가교통정보센터(고속도로),127.311974,37.395801,Y
E913332,(제2중부선)신둔,국가교통정보센터(고속도로),127.365081787109,37.29931640625,Y
E913333,(제2중부선)신월1교,국가교통정보센터(고속도로),127.30362701416,37.4133682250976,Y
E913334,(제2중부선)엄미교,국가교통정보센터(고속도로),127.249163,37.473834,Y
E913335,(제2중부선)용면2,국가교통정보센터(고속도로),127.3579528,37.30695833,Y
E913336,(제2중부선)진우1육교,국가교통정보센터(고속도로),127.3380983,37.32509094,Y
E913337,(제2중부선)진우리,국가교통정보센터(고속도로),127.3410333,37.32007222,Y
E913338,(제2중부선)천진암교,국가교통정보센터(고속도로),127.266212682321,37.4517833637824,Y
E913339,(제2중부선)초월,국가교통정보센터(고속도로),127.313575,37.392744,Y
E913340,(제2중부선)하번천,국가교통정보센터(고속도로),127.260553,37.452622,Y
E913341,(중부내륙선)(마산)금사3터널(마산외부),국가교통정보센터(고속도로),127.5167383,37.40221817,Y
E913342,(중부내륙선)(양평)금사4터널(양평외부2),국가교통정보센터(고속도로),127.503505,37.416329,Y
E913343,(중부내륙선)(양평)금사4터널(양평외부1),국가교통정보센터(고속도로),127.507559,37.40994472,Y
E913344,(중부내륙선)(여주)진남터널(여주외부),국가교통정보센터(고속도로),128.139748,36.65534772,Y
E913345,(중부내륙선)(창원)강상2터널,국가교통정보센터(고속도로),127.4744919,37.46222507,Y
E913346,(중부내륙선)(창원)금사5터널,국가교통정보센터(고속도로),127.489944,37.431359,Y
E913347,(중부내륙선)가남졸음쉼터,국가교통정보센터(고속도로),127.6265958,37.1691637,Y
E913348,(중부내륙선)가신2교,국가교통정보센터(고속도로),127.7289704,37.05206836,Y
E913349,(중부내륙선)가암1교,국가교통정보센터(고속도로),128.2425389,35.94060116,Y
E913350,(중부내륙선)가암2교,국가교통정보센터(고속도로),128.2421651,35.95293146,Y
E913351,(중부내륙선)가암2교2,국가교통정보센터(고속도로),128.2423752,35.95185344,Y
E913352,(중부내륙선)가장교,국가교통정보센터(고속도로),128.1527241,36.53889856,Y
E913353,(중부내륙선)감곡,국가교통정보센터(고속도로),127.6670649,37.12541057,Y
E913354,(중부내륙선)감천교,국가교통정보센터(고속도로),128.2594209,36.20038877,Y
E913355,(중부내륙선)계내,국가교통정보센터(고속도로),128.4980697,35.37888579,Y
E913356,(중부내륙선)계성고개,국가교통정보센터(고속도로),128.5081522,35.49891271,Y
E913358,(중부내륙선)고령1터널,국가교통정보센터(고속도로),128.4083022,35.71488793,Y
E913357,(중부내륙선)고령2터널,국가교통정보센터(고속도로),128.3965951,35.72615488,Y
E913360,(중부내륙선)고령3터널,국가교통정보센터(고속도로),128.3904995,35.73716833,Y
E913359,(중부내륙선)고령4터널,국가교통정보센터(고속도로),128.3409146,35.80611843,Y
E913361,(중부내륙선)고령분기점,국가교통정보센터(고속도로),128.3750724,35.75338674,Y
E913362,(중부내륙선)공검터널,국가교통정보센터(고속도로),128.1890462,36.49954171,Y
E913363,(중부내륙선)공평,국가교통정보센터(고속도로),128.1625842,36.59986609,Y
E913364,(중부내륙선)광대2교,국가교통정보센터(고속도로),127.5823585,37.26946646,Y
E913365,(중부내륙선)광대리,국가교통정보센터(고속도로),127.5864083,37.26036516,Y
E913366,(중부내륙선)괴산,국가교통정보센터(고속도로),127.9260322,36.86636813,Y
E913367,(중부내륙선)구양리,국가교통정보센터(고속도로),127.5769526,37.31595525,Y
E913368,(중부내륙선)궁1교,국가교통정보센터(고속도로),127.5235302,37.38577247,Y
E913369,(중부내륙선)귀백리,국가교통정보센터(고속도로),127.5437974,37.34527361,Y
E913370,(중부내륙선)금계,국가교통정보센터(고속도로),128.2725372,36.14798355,Y
E913371,(중부내륙선)금당교,국가교통정보센터(고속도로),127.6121656,37.19724327,Y
E913372,(중부내륙선)금당리,국가교통정보센터(고속도로),127.6069567,37.21280245,Y
E913373,(중부내륙선)김천1터널,국가교통정보센터(고속도로),128.2599164,36.07310167,Y
E913379,(중부내륙선)김천2터널,국가교통정보센터(고속도로),128.2619042,36.09563398,Y
E913374,(중부내륙선)김천2터널(양평외부),국가교통정보센터(고속도로),128.2613128,36.09234394,Y
E913375,(중부내륙선)김천2터널(창원외부),국가교통정보센터(고속도로),128.271706,36.10777249,Y
E913376,(중부내륙선)김천3터널(양평외부1),국가교통정보센터(고속도로),128.2780351,36.11824305,Y
E913377,(중부내륙선)김천3터널(양평외부2),국가교통정보센터(고속도로),128.2775606,36.14352513,Y
E913378,(중부내륙선)김천3터널(창원외부),국가교통정보센터(고속도로),128.278473,36.141529,Y
E913380,(중부내륙선)김천분기점,국가교통정보센터(고속도로),128.2659303,36.16387918,Y
E913381,(중부내륙선)김천분기점4교,국가교통정보센터(고속도로),128.2669175,36.15491942,Y
E913387,(중부내륙선)나한교,국가교통정보센터(고속도로),128.16145324707,36.5935096740722,Y
E913382,(중부내륙선)낙동대교,국가교통정보센터(고속도로),128.418939,35.69964481,Y
E913384,(중부내륙선)낙동분기점1,국가교통정보센터(고속도로),128.2368011,36.35926437,Y
E913383,(중부내륙선)낙동분기점2,국가교통정보센터(고속도로),128.2394013,36.37276844,Y
E913385,(중부내륙선)낙동터널,국가교통정보센터(고속도로),128.2360693,36.39978352,Y
E913386,(중부내륙선)낙상졸음쉼터2,국가교통정보센터(고속도로),128.2070861,36.44538204,Y
E913388,(중부내륙선)남김천,국가교통정보센터(고속도로),128.2671224,36.06016594,Y
E913389,(중부내륙선)남성주,국가교통정보센터(고속도로),128.3277484,35.83584885,Y
E913390,(중부내륙선)남성주휴게소,국가교통정보센터(고속도로),128.3193812,35.85567719,Y
E913391,(중부내륙선)남성주휴게소(양평),국가교통정보센터(고속도로),128.3189697,35.85757065,Y
E913392,(중부내륙선)남성주휴게소(창원),국가교통정보센터(고속도로),128.3175659,35.86920547,Y
E913393,(중부내륙선)남여주,국가교통정보센터(고속도로),127.5878536,37.25549764,Y
E913394,(중부내륙선)남지,국가교통정보센터(고속도로),128.4827906,35.39817345,Y
E913395,(중부내륙선)내고교,국가교통정보센터(고속도로),128.2645026,36.22519306,Y
E913396,(중부내륙선)내서,국가교통정보센터(고속도로),128.516031,35.26873011,Y
E913397,(중부내륙선)노은분기점,국가교통정보센터(고속도로),127.8056129,37.03443493,Y
E913398,(중부내륙선)단평1교,국가교통정보센터(고속도로),127.6474892,37.14812754,Y
E913399,(중부내륙선)단평리,국가교통정보센터(고속도로),127.6567388,37.13446477,Y
E913400,(중부내륙선)달성2터널(현풍),국가교통정보센터(고속도로),128.477447509765,35.7306900024414,Y
E913401,(중부내륙선)대동,국가교통정보센터(고속도로),128.4423775,35.65548854,Y
E913402,(중부내륙선)대성1교,국가교통정보센터(고속도로),128.2753151,36.11156289,Y
E913403,(중부내륙선)대성1교(양평),국가교통정보센터(고속도로),128.2747317,36.11079869,Y
E913404,(중부내륙선)대소원졸음쉼터(창원),국가교통정보센터(고속도로),127.8889649,36.91085577,Y
E913405,(중부내륙선)대원,국가교통정보센터(고속도로),128.241806,36.2831459,Y
E913406,(중부내륙선)대원1교,국가교통정보센터(고속도로),128.2370104,36.28584942,Y
E913407,(중부내륙선)대치,국가교통정보센터(고속도로),128.4958245,35.36075555,Y
E913408,(중부내륙선)대합,국가교통정보센터(고속도로),128.4588888,35.60589889,Y
E913409,(중부내륙선)대합농공단지,국가교통정보센터(고속도로),128.4689873,35.5920368,Y
E913410,(중부내륙선)대황2교,국가교통정보센터(고속도로),128.2696061,35.90814372,Y
E913411,(중부내륙선)덕촌교,국가교통정보센터(고속도로),128.2576106,36.2669767,Y
E913412,(중부내륙선)동포교,국가교통정보센터(고속도로),128.2471596,35.9927173,Y
E913413,(중부내륙선)두정터널,국가교통정보센터(고속도로),127.850477,36.941248,Y
E913414,(중부내륙선)마원육교,국가교통정보센터(고속도로),128.1058197,36.71603394,Y
E913415,(중부내륙선)만정터널,국가교통정보센터(고속도로),127.8479714,36.96024059,Y
E913416,(중부내륙선)매현터널양평외부,국가교통정보센터(고속도로),127.8781916,36.9216586,Y
E913417,(중부내륙선)매현터널창원외부,국가교통정보센터(고속도로),127.8738794,36.92449257,Y
E913418,(중부내륙선)명리1육교,국가교통정보센터(고속도로),128.510265,35.47744,Y
E913419,(중부내륙선)명리교,국가교통정보센터(고속도로),128.5101937,35.47731447,Y
E913420,(중부내륙선)모곡1교,국가교통정보센터(고속도로),128.1115411,36.69412742,Y
E913421,(중부내륙선)모곡2교,국가교통정보센터(고속도로),128.1150513,36.68924332,Y
E913422,(중부내륙선)모전,국가교통정보센터(고속도로),128.4721637,35.56941479,Y
E913423,(중부내륙선)모전육교,국가교통정보센터(고속도로),128.4664402,35.57524276,Y
E913425,(중부내륙선)문경1터널(창원)외부,국가교통정보센터(고속도로),128.0784732,36.74114994,Y
E913424,(중부내륙선)문경2터널(양평)외부,국가교통정보센터(고속도로),128.0957215,36.7231989,Y
E913426,(중부내륙선)문경SA(창원),국가교통정보센터(고속도로),128.1490021,36.62417984,Y
E913427,(중부내륙선)문경새재,국가교통정보센터(고속도로),128.1103433,36.70970201,Y
E913428,(중부내륙선)문경새재터널(양평)외부,국가교통정보센터(고속도로),128.0588741,36.74728372,Y
E913429,(중부내륙선)문경새재터널(창원)외부,국가교통정보센터(고속도로),128.0143294,36.74580397,Y
E913430,(중부내륙선)문경휴게소,국가교통정보센터(고속도로),128.1567311,36.61189162,Y
E913431,(중부내륙선)문촌3교,국가교통정보센터(고속도로),127.7076276,37.11105207,Y
E913432,(중부내륙선)문촌리,국가교통정보센터(고속도로),127.6939587,37.11792604,Y
E913433,(중부내륙선)별티,국가교통정보센터(고속도로),128.299429,35.89612814,Y
E913434,(중부내륙선)병산교,국가교통정보센터(고속도로),127.4588242,37.49030022,Y
E913435,(중부내륙선)병성천교,국가교통정보센터(고속도로),128.2119326,36.43888567,Y
E913436,(중부내륙선)복대리,국가교통정보센터(고속도로),127.5305675,37.35763628,Y
E913437,(중부내륙선)봉곡1교,국가교통정보센터(고속도로),128.2557831,36.25760651,Y
E913438,(중부내륙선)봉명교,국가교통정보센터(고속도로),128.2641296,36.17580032,Y
E913439,(중부내륙선)봉산1교,국가교통정보센터(고속도로),128.5051091,35.45291182,Y
E913440,(중부내륙선)봉암천교,국가교통정보센터(고속도로),128.3150815,35.88000524,Y
E913441,(중부내륙선)봉정교,국가교통정보센터(고속도로),128.2567173,36.00312634,Y
E913442,(중부내륙선)북상주,국가교통정보센터(고속도로),128.170565,36.52986266,Y
E913443,(중부내륙선)북여주,국가교통정보센터(고속도로),127.5264942,37.37325969,Y
E913444,(중부내륙선)북충주,국가교통정보센터(고속도로),127.7998459,37.0347381,Y
E913445,(중부내륙선)불정1교,국가교통정보센터(고속도로),128.1409906,36.65338805,Y
E913446,(중부내륙선)불정터널,국가교통정보센터(고속도로),128.1462999,36.63843275,Y
E913447,(중부내륙선)삼대2교,국가교통정보센터(고속도로),128.3795395,35.74682955,Y
E913448,(중부내륙선)삼풍교,국가교통정보센터(고속도로),127.9996633,36.754716,Y
E913449,(중부내륙선)상용1교,국가교통정보센터(고속도로),128.3511013,35.79362569,Y
E913450,(중부내륙선)상우1교,국가교통정보센터(고속도로),127.6590565,37.13108706,Y
E913451,(중부내륙선)상우리,국가교통정보센터(고속도로),127.6804428,37.12179184,Y
E913452,(중부내륙선)상주1,국가교통정보센터(고속도로),128.2151267,36.41821359,Y
E913453,(중부내륙선)상주2,국가교통정보센터(고속도로),128.2133816,36.42788096,Y
E913454,(중부내륙선)새못저수지,국가교통정보센터(고속도로),128.5043894,35.44347915,Y
E913455,(중부내륙선)서여주,국가교통정보센터(고속도로),127.5824347,37.30415843,Y
E913456,(중부내륙선)서여주휴게소,국가교통정보센터(고속도로),127.5792928,37.27933293,Y
E913457,(중부내륙선)선무천교,국가교통정보센터(고속도로),128.3171477,35.87266473,Y
E913458,(중부내륙선)선산,국가교통정보센터(고속도로),128.2596268,36.24397604,Y
E913459,(중부내륙선)선산휴게소,국가교통정보센터(고속도로),128.2505439,36.27547025,Y
E913460,(중부내륙선)성산,국가교통정보센터(고속도로),128.299868,35.89542051,Y
E913462,(중부내륙선)성산1교,국가교통정보센터(고속도로),128.2892392,35.8996149,Y
E913461,(중부내륙선)성산2교,국가교통정보센터(고속도로),128.2813447,35.90059273,Y
E913463,(중부내륙선)성주,국가교통정보센터(고속도로),128.2494455,35.91909365,Y
E913464,(중부내륙선)성주터널,국가교통정보센터(고속도로),128.3090953,35.88797874,Y
E913465,(중부내륙선)성주휴게소,국가교통정보센터(고속도로),128.2594224,36.00745975,Y
E913466,(중부내륙선)성주휴게소(양평),국가교통정보센터(고속도로),128.2597351,36.00798798,Y
E913467,(중부내륙선)성주휴게소(창원),국가교통정보센터(고속도로),128.2612305,36.01039886,Y
E913468,(중부내륙선)소류지,국가교통정보센터(고속도로),128.264679,36.22980499,Y
E913469,(중부내륙선)송학교,국가교통정보센터(고속도로),127.4683308,37.47963095,Y
E913470,(중부내륙선)신당,국가교통정보센터(고속도로),128.5126351,35.48240629,Y
E913471,(중부내륙선)신당육교,국가교통정보센터(고속도로),128.5108428,35.48966658,Y
E913472,(중부내륙선)신상,국가교통정보센터(고속도로),128.2285826,36.40446002,Y
E913473,(중부내륙선)신오,국가교통정보센터(고속도로),128.2231142,36.3397136,Y
E913474,(중부내륙선)신제,국가교통정보센터(고속도로),128.5042419,35.43817902,Y
E913475,(중부내륙선)신제육교,국가교통정보센터(고속도로),128.4979303,35.4310301,Y
E913476,(중부내륙선)신지리,국가교통정보센터(고속도로),127.580577,37.2911103,Y
E913477,(중부내륙선)신화2교,국가교통정보센터(고속도로),127.471456,37.47037467,Y
E913478,(중부내륙선)신효리,국가교통정보센터(고속도로),127.7875186,37.03671571,Y
E913479,(중부내륙선)안금리,국가교통정보센터(고속도로),127.5980727,37.21834597,Y
E913480,(중부내륙선)앙성졸음쉼터,국가교통정보센터(고속도로),127.7152265,37.10140162,Y
E913481,(중부내륙선)양평,국가교통정보센터(고속도로),127.4464604,37.52166279,Y
E913482,(중부내륙선)양평대교,국가교통정보센터(고속도로),127.4532881,37.49760826,Y
E913483,(중부내륙선)여주분기점,국가교통정보센터(고속도로),127.5926928,37.2249835,Y
E913484,(중부내륙선)여주분기점3,국가교통정보센터(고속도로),127.5920246,37.22663569,Y
E913485,(중부내륙선)여초,국가교통정보센터(고속도로),128.5056739,35.50566325,Y
E913486,(중부내륙선)역곡,국가교통정보센터(고속도로),128.1675568,36.53252029,Y
E913487,(중부내륙선)역곡2교,국가교통정보센터(고속도로),128.1757801,36.52139073,Y
E913488,(중부내륙선)연대리,국가교통정보센터(고속도로),127.6139754,37.18093999,Y
E913489,(중부내륙선)연대육교,국가교통정보센터(고속도로),127.6125183,37.19125366,Y
E913490,(중부내륙선)연풍,국가교통정보센터(고속도로),127.9922932,36.75911135,Y
E913491,(중부내륙선)연풍터널(양평)외부,국가교통정보센터(고속도로),127.9844286,36.7656889,Y
E913492,(중부내륙선)연풍터널(창원),국가교통정보센터(고속도로),127.983708,36.7892593,Y
E913493,(중부내륙선)영산,국가교통정보센터(고속도로),128.5069668,35.46061415,Y
E913494,(중부내륙선)영산나들목,국가교통정보센터(고속도로),128.5063931,35.44823718,Y
E913495,(중부내륙선)예동2교(창원),국가교통정보센터(고속도로),128.2620963,36.18243036,Y
E913496,(중부내륙선)예리,국가교통정보센터(고속도로),128.2594404,36.1915361,Y
E913497,(중부내륙선)오가1교,국가교통정보센터(고속도로),127.9560342,36.8402137,Y
E913498,(중부내륙선)오곡,국가교통정보센터(고속도로),128.5173231,35.27531371,Y
E913499,(중부내륙선)옥천대교,국가교통정보센터(고속도로),127.4521126,37.50937288,Y
E913500,(중부내륙선)옥포분기점3,국가교통정보센터(고속도로),128.467880249023,35.7984466552734,Y
E913501,(중부내륙선)완오리,국가교통정보센터(고속도로),127.8455429,36.98814011,Y
E913502,(중부내륙선)외평교,국가교통정보센터(고속도로),127.5199523,37.39734689,Y
E913503,(중부내륙선)용담,국가교통정보센터(고속도로),128.201255,36.47570751,Y
E913504,(중부내륙선)용봉2교,국가교통정보센터(고속도로),128.2676112,36.02431367,Y
E913505,(중부내륙선)용봉3교,국가교통정보센터(고속도로),128.2708296,36.04408535,Y
E913506,(중부내륙선)용소천교,국가교통정보센터(고속도로),128.3682939,35.77071342,Y
E913507,(중부내륙선)용전리,국가교통정보센터(고속도로),127.8434448,37.0172348,Y
E913509,(중부내륙선)용전터널,국가교통정보센터(고속도로),127.847976,37.009681,Y
E913508,(중부내륙선)용전터널,국가교통정보센터(고속도로),127.8478545,36.99504026,Y
E913510,(중부내륙선)용정교,국가교통정보센터(고속도로),128.3392433,35.8224969,Y
E913511,(중부내륙선)원부리,국가교통정보센터(고속도로),127.6369806,37.16114815,Y
E913512,(중부내륙선)월령육교,국가교통정보센터(고속도로),128.4855244,35.40986303,Y
E913513,(중부내륙선)월명,국가교통정보센터(고속도로),128.2704773,36.05044937,Y
E913514,(중부내륙선)월포1육교,국가교통정보센터(고속도로),128.4430215,35.64210238,Y
E913515,(중부내륙선)월포2교,국가교통정보센터(고속도로),128.4439512,35.62959621,Y
E913517,(중부내륙선)유곡1,국가교통정보센터(고속도로),128.2213986,36.32667703,Y
E913516,(중부내륙선)유곡2,국가교통정보센터(고속도로),128.2215846,36.33505864,Y
E913518,(중부내륙선)유곡3교,국가교통정보센터(고속도로),128.2288616,36.34771638,Y
E913519,(중부내륙선)유원육교,국가교통정보센터(고속도로),128.5003815,35.30158615,Y
E913520,(중부내륙선)율극리,국가교통정보센터(고속도로),127.5586524,37.3302708,Y
E913521,(중부내륙선)이방,국가교통정보센터(고속도로),128.4463628,35.61715438,Y
E913522,(중부내륙선)이안,국가교통정보센터(고속도로),128.1495647,36.58007791,Y
E913523,(중부내륙선)자양,국가교통정보센터(고속도로),128.2349634,35.97054786,Y
E913524,(중부내륙선)자양교,국가교통정보센터(고속도로),128.2347538,35.97193269,Y
E913525,(중부내륙선)장연,국가교통정보센터(고속도로),127.9814379,36.79378041,Y
E913526,(중부내륙선)장연터널(양평),국가교통정보센터(고속도로),127.9598497,36.82592001,Y
E913527,(중부내륙선)장연터널(양평)외부,국가교통정보센터(고속도로),127.9824637,36.79201051,Y
E913528,(중부내륙선)장연터널(양평12고정),국가교통정보센터(고속도로),127.9635251,36.81899069,Y
E913529,(중부내륙선)장연터널(양평5고정),국가교통정보센터(고속도로),127.9769796,36.80046295,Y
E913530,(중부내륙선)장연터널(창원12고정),국가교통정보센터(고속도로),127.9631536,36.81886305,Y
E913531,(중부내륙선)장연터널(창원5고정),국가교통정보센터(고속도로),127.9765583,36.80038081,Y
E913532,(중부내륙선)점촌함창,국가교통정보센터(고속도로),128.1544489,36.58578473,Y
E913533,(중부내륙선)조곡리,국가교통정보센터(고속도로),127.9073051,36.87232088,Y
E913534,(중부내륙선)조곡터널,국가교통정보센터(고속도로),127.8976058,36.87783399,Y
E913535,(중부내륙선)조곡터널(양평)외부,국가교통정보센터(고속도로),127.8916419,36.8940294,Y
E913536,(중부내륙선)주진,국가교통정보센터(고속도로),128.0126463,36.74596818,Y
E913537,(중부내륙선)중원터널,국가교통정보센터(고속도로),127.7204201,37.08605947,Y
E913538,(중부내륙선)중원터널(양평)외부,국가교통정보센터(고속도로),127.723375,37.07067542,Y
E913539,(중부내륙선)지산리,국가교통정보센터(고속도로),128.1487732,36.56714249,Y
E913540,(중부내륙선)직교,국가교통정보센터(고속도로),128.4770203,35.53956223,Y
E913541,(중부내륙선)진남터널(창원외부),국가교통정보센터(고속도로),128.1245399,36.67468158,Y
E913542,(중부내륙선)창녕,국가교통정보센터(고속도로),128.4763509,35.54383883,Y
E913543,(중부내륙선)창녕낙동강교,국가교통정보센터(고속도로),128.4906331,35.39035693,Y
E913544,(중부내륙선)창녕분기점,국가교통정보센터(고속도로),128.507812,35.46602073,Y
E913545,(중부내륙선)창락육교,국가교통정보센터(고속도로),128.499254,35.52487233,Y
E913546,(중부내륙선)청계,국가교통정보센터(고속도로),128.4975885,35.33543743,Y
E913547,(중부내륙선)초막골,국가교통정보센터(고속도로),128.5068359,35.51384354,Y
E913548,(중부내륙선)추점리,국가교통정보센터(고속도로),127.9405494,36.85880405,Y
E913549,(중부내륙선)추점터널양평외부,국가교통정보센터(고속도로),127.9504026,36.84821177,Y
E913550,(중부내륙선)추점터널창원외부,국가교통정보센터(고속도로),127.9454328,36.85327567,Y
E913551,(중부내륙선)충주,국가교통정보센터(고속도로),127.8468103,36.97740491,Y
E913552,(중부내륙선)충주분기점1,국가교통정보센터(고속도로),127.7390201,37.04338576,Y
E913553,(중부내륙선)충주휴게소,국가교통정보센터(고속도로),127.836779,37.02373167,Y
E913554,(중부내륙선)칠서,국가교통정보센터(고속도로),128.5052027,35.32484029,Y
E913555,(중부내륙선)칠서휴게소,국가교통정보센터(고속도로),128.4961328,35.36935893,Y
E913556,(중부내륙선)칠원분기점,국가교통정보센터(고속도로),128.5010439,35.29243785,Y
E913557,(중부내륙선)칠원영업소,국가교통정보센터(고속도로),128.5153202,35.27872642,Y
E913558,(중부내륙선)탄용터널,국가교통정보센터(고속도로),127.861105,36.93283092,Y
E913559,(중부내륙선)탐하,국가교통정보센터(고속도로),128.4817033,35.532695,Y
E913560,(중부내륙선)태곡육교,국가교통정보센터(고속도로),128.4916484,35.35184841,Y
E913561,(중부내륙선)토평천교,국가교통정보센터(고속도로),128.4711726,35.55861497,Y
E913562,(중부내륙선)퇴천교,국가교통정보센터(고속도로),128.5015015,35.52016477,Y
E913563,(중부내륙선)평지,국가교통정보센터(고속도로),128.468977,35.59831744,Y
E913564,(중부내륙선)하구암1교,국가교통정보센터(고속도로),127.824379,37.03084946,Y
E913565,(중부내륙선)하구암리,국가교통정보센터(고속도로),127.81809,37.03353676,Y
E913566,(중부내륙선)한포천,국가교통정보센터(고속도로),127.7639974,37.04052034,Y
E913567,(중부내륙선)헌신2교,국가교통정보센터(고속도로),128.2223663,36.41151047,Y
E913568,(중부내륙선)현풍,국가교통정보센터(고속도로),128.4347167,35.67408025,Y
E913569,(중부내륙선)현풍분기점,국가교통정보센터(고속도로),128.4320007,35.6802001,Y
E913570,(중부내륙선)현풍졸음쉼터,국가교통정보센터(고속도로),128.4378659,35.66238194,Y
E913571,(중부내륙선)호계,국가교통정보센터(고속도로),128.5184174,35.26347733,Y
E913572,(중부내륙선)회산육교,국가교통정보센터(고속도로),128.5008792,35.31950233,Y
E913573,(중부내륙선)효정,국가교통정보센터(고속도로),128.4738623,35.55119744,Y
E913574,(중부내륙선)흑암1교,국가교통정보센터(고속도로),128.1465897,36.5561956,Y
E913575,(중부내륙지선)(구)달성터널,국가교통정보센터(고속도로),128.475833,35.754283,Y
E913576,(중부내륙지선)(현풍)달성1터널(현풍5),국가교통정보센터(고속도로),128.479645,35.748938,Y
E913577,(중부내륙지선)구달성터널공단로,국가교통정보센터(고속도로),128.435928344726,35.6974029541015,Y
E913578,(중부내륙지선)남대구,국가교통정보센터(고속도로),128.5290527,35.83972,Y
E913579,(중부내륙지선)논공남리,국가교통정보센터(고속도로),128.453369140625,35.7186012268066,Y
E913580,(중부내륙지선)논공단지,국가교통정보센터(고속도로),128.4616069,35.72649721,Y
E913581,(중부내륙지선)달성,국가교통정보센터(고속도로),128.4746517,35.76829813,Y
E913582,(중부내륙지선)달성2터널,국가교통정보센터(고속도로),128.478154,35.730793,Y
E913583,(중부내륙지선)본리,국가교통정보센터(고속도로),128.469375610351,35.728229522705,Y
E913584,(중부내륙지선)서대구,국가교통정보센터(고속도로),128.531192,35.875374,Y
E913585,(중부내륙지선)서대구2,국가교통정보센터(고속도로),128.528060913085,35.8823127746582,Y
E913586,(중부내륙지선)성서,국가교통정보센터(고속도로),128.52141,35.8508,Y
E913588,(중부내륙지선)성서2,국가교통정보센터(고속도로),128.5224609375,35.8482780456542,Y
E913587,(중부내륙지선)성서3,국가교통정보센터(고속도로),128.523544311523,35.8467063903808,Y
E913589,(중부내륙지선)송촌,국가교통정보센터(고속도로),128.4715313,35.77735211,Y
E913590,(중부내륙지선)옥포분기점,국가교통정보센터(고속도로),128.46868,35.78447,Y
E913591,(중부내륙지선)옥포분기점2,국가교통정보센터(고속도로),128.463862116967,35.7946490383115,Y
E913592,(중부내륙지선)용산2,국가교통정보센터(고속도로),128.530518,35.869046,Y
E913593,(중부내륙지선)용산동,국가교통정보센터(고속도로),128.5310054,35.86941392,Y
E913594,(중부내륙지선)월암,국가교통정보센터(고속도로),128.517551,35.826892,Y
E913596,(중부내륙지선)유천,국가교통정보센터(고속도로),128.501007,35.810781,Y
E913595,(중부내륙지선)유천하이패스IC,국가교통정보센터(고속도로),128.511663,35.820476,Y
E913597,(중부내륙지선)현풍1육교,국가교통정보센터(고속도로),128.4461532,35.715092,Y
E913598,(중부내륙지선)현풍휴게소,국가교통정보센터(고속도로),128.4375332,35.705092,Y
E913599,(중부내륙지선)화원,국가교통정보센터(고속도로),128.483995,35.801141,Y
E913600,(중부선(통영대전))갈전,국가교통정보센터(고속도로),127.850357055664,35.4623908996582,Y
E913601,(중부선(통영대전))경호강2교,국가교통정보센터(고속도로),127.87147,35.406912,Y
E913602,(중부선(통영대전))굴암,국가교통정보센터(고속도로),127.589,36.001,Y
E913603,(중부선(통영대전))내동,국가교통정보센터(고속도로),128.070129394531,35.1561737060546,Y
E913604,(중부선(통영대전))대곡,국가교통정보센터(고속도로),127.627204895019,35.7050170898437,Y
E913605,(중부선(통영대전))대암2교,국가교통정보센터(고속도로),127.485,36.166,Y
E913606,(중부선(통영대전))독산(방음),국가교통정보센터(고속도로),128.065909,35.161082,Y
E913607,(중부선(통영대전))매계,국가교통정보센터(고속도로),127.612754821777,35.7805519104003,Y
E913608,(중부선(통영대전))범학,국가교통정보센터(고속도로),127.91143,35.381861,Y
E913609,(중부선(통영대전))서창교,국가교통정보센터(고속도로),127.663,35.947,Y
E913610,(중부선(통영대전))세천교,국가교통정보센터(고속도로),127.477027893066,36.3272628784179,Y
E913611,(중부선(통영대전))송산,국가교통정보센터(고속도로),128.379562377929,34.9774742126464,Y
E913612,(중부선(통영대전))어전2교,국가교통정보센터(고속도로),127.61,35.783,Y
E913613,(중부선(통영대전))오동2교,국가교통정보센터(고속도로),127.623,35.707,Y
E913614,(중부선(통영대전))육십령터널(13)대전,국가교통정보센터(고속도로),127.6591187,35.68611526,Y
E913615,(중부선(통영대전))육십령터널(15)통영,국가교통정보센터(고속도로),127.6300812,35.70310974,Y
E913616,(중부선(통영대전))특리,국가교통정보센터(고속도로),127.858406066894,35.4326515197753,Y
E913617,(중부선(통영대전))평촌,국가교통정보센터(고속도로),127.840362548828,35.4739761352539,Y
E913618,(중부선(통영대전))현내2교,국가교통정보센터(고속도로),127.56,36.045,Y
E913619,(중부선(통영대전))황리,국가교통정보센터(고속도로),128.401580810546,34.9575614929199,Y
E913620,(중부선)가림교,국가교통정보센터(고속도로),127.659,35.964,Y
E913621,(중부선)가산교,국가교통정보센터(고속도로),127.476895,36.920598,Y
E913622,(중부선)경기광주분기점1,국가교통정보센터(고속도로),127.315711975097,37.3812294006347,Y
E913623,(중부선)곤지암,국가교통정보센터(고속도로),127.3210716,37.35232946,Y
E913624,(중부선)곤지암JCT,국가교통정보센터(고속도로),127.3407598,37.31984939,Y
E913625,(중부선)광주,국가교통정보센터(고속도로),127.2692883,37.44809903,Y
E913626,(중부선)광지원2교,국가교통정보센터(고속도로),127.25556,37.45323054,Y
E913628,(중부선)낙타고개1,국가교통정보센터(고속도로),127.4450252,37.11929898,Y
E913627,(중부선)낙타고개2,국가교통정보센터(고속도로),127.4386452,37.14540898,Y
E913629,(중부선)남이육교,국가교통정보센터(고속도로),127.420143127441,36.6016044616699,Y
E913630,(중부선)남이천,국가교통정보센터(고속도로),127.44123459,37.18186031,Y
E913631,(중부선)남촌교1,국가교통정보센터(고속도로),127.4247436,36.68428875,Y
E913632,(중부선)농다리,국가교통정보센터(고속도로),127.49169921875,36.826358795166,Y
E913633,(중부선)농다리쉼터(남이),국가교통정보센터(고속도로),127.494361877441,36.8350868225097,Y
E913634,(중부선)늑현육교,국가교통정보센터(고속도로),127.317286,37.369572,Y
E913635,(중부선)대소,국가교통정보센터(고속도로),127.472549,36.942621,Y
E913636,(중부선)대소분기점1,국가교통정보센터(고속도로),127.474075317382,36.9360923767089,Y
E913637,(중부선)대소분기점2,국가교통정보센터(고속도로),127.470223,36.95332728,Y
E913638,(중부선)대소쉼터(하남),국가교통정보센터(고속도로),127.469139099121,36.9776306152343,Y
E913639,(중부선)동서울영업소,국가교통정보센터(고속도로),127.221494,37.51773,Y
E913640,(중부선)마장분기점,국가교통정보센터(고속도로),127.413327,37.255659,Y
E913641,(중부선)매계2교,국가교통정보센터(고속도로),127.59,35.76,Y
E913642,(중부선)매촌1교,국가교통정보센터(고속도로),127.8606873,35.41931534,Y
E913644,(중부선)모가,국가교통정보센터(고속도로),127.4404726,37.16832113,Y
E913643,(중부선)모가졸음쉼터,국가교통정보센터(고속도로),127.4436188,37.19897461,Y
E913645,(중부선)목리교,국가교통정보센터(고속도로),127.4027,37.2675,Y
E913646,(중부선)무금,국가교통정보센터(고속도로),127.5743492,36.02994774,Y
E913647,(중부선)미잠육교,국가교통정보센터(고속도로),127.4773882,36.92178982,Y
E913648,(중부선)미호천,국가교통정보센터(고속도로),127.428452,36.698582,Y
E913649,(중부선)백곡천교,국가교통정보센터(고속도로),127.4940843,36.83801098,Y
E913650,(중부선)백천2교,국가교통정보센터(고속도로),127.7827835,35.52039337,Y
E913651,(중부선)번천졸음쉼터,국가교통정보센터(고속도로),127.2616895,37.45046688,Y
E913652,(중부선)비하1,국가교통정보센터(고속도로),127.4189301,36.63386154,Y
E913653,(중부선)비하2,국가교통정보센터(고속도로),127.4177933,36.64008713,Y
E913654,(중부선)산곡분기점,국가교통정보센터(고속도로),127.246548,37.475601,Y
E913655,(중부선)산서,국가교통정보센터(고속도로),127.453,36.278,Y
E913656,(중부선)삼성,국가교통정보센터(고속도로),127.4818344,37.01679611,Y
E913657,(중부선)삼호교,국가교통정보센터(고속도로),127.466603,36.968321,Y
E913658,(중부선)상산곡,국가교통정보센터(고속도로),127.2403052,37.48569532,Y
E913659,(중부선)상산곡교,국가교통정보센터(고속도로),127.2372552,37.49375532,Y
E913660,(중부선)서이천,국가교통정보센터(고속도로),127.3913327,37.27722252,Y
E913661,(중부선)서청주,국가교통정보센터(고속도로),127.4205121,36.64988245,Y
E913662,(중부선)석곡교,국가교통정보센터(고속도로),127.4193773,36.61530722,Y
E913663,(중부선)송갈교,국가교통정보센터(고속도로),127.43944,37.21083,Y
E913664,(중부선)신월천교,국가교통정보센터(고속도로),127.30472,37.41083,Y
E913665,(중부선)신월천교2,국가교통정보센터(고속도로),127.30036,37.417358,Y
E913666,(중부선)안평,국가교통정보센터(고속도로),127.419052124023,37.2509231567382,Y
E913667,(중부선)오창,국가교통정보센터(고속도로),127.4428036,36.71455875,Y
E913668,(중부선)오창분기점,국가교통정보센터(고속도로),127.4611588,36.73928833,Y
E913669,(중부선)오창쉼터(남이),국가교통정보센터(고속도로),127.454948425292,36.7329292297363,Y
E913670,(중부선)오창쉼터(하남),국가교통정보센터(고속도로),127.458137512207,36.7366294860839,Y
E913671,(중부선)오창졸음쉼터(남이),국가교통정보센터(고속도로),127.4566035,36.73507142,Y
E913672,(중부선)오창휴게소,국가교통정보센터(고속도로),127.4764136,36.7519577,Y
E913673,(중부선)요광교,국가교통정보센터(고속도로),127.48,36.2,Y
E913674,(중부선)용면,국가교통정보센터(고속도로),127.3575,37.30694,Y
E913675,(중부선)용면교,국가교통정보센터(고속도로),127.36611,37.29639,Y
E913676,(중부선)월광2교,국가교통정보센터(고속도로),127.6,35.73,Y
E913677,(중부선)월정교,국가교통정보센터(고속도로),127.445907592773,37.0987091064453,Y
E913678,(중부선)은암,국가교통정보센터(고속도로),127.5075236,36.79158552,Y
E913679,(중부선)음성휴게소,국가교통정보센터(고속도로),127.4830273,37.02471113,Y
E913680,(중부선)이천휴게소,국가교통정보센터(고속도로),127.404499,37.2649,Y
E913681,(중부선)일죽,국가교통정보센터(고속도로),127.4511868,37.09061221,Y
E913682,(중부선)일죽쉼터(남이),국가교통정보센터(고속도로),127.459327697753,37.0811538696289,Y
E913683,(중부선)일죽쉼터(하남),국가교통정보센터(고속도로),127.458686828613,37.0818977355957,Y
E913685,(중부선)장암1,국가교통정보센터(고속도로),127.466384887695,37.073013305664,Y
E913684,(중부선)장암2,국가교통정보센터(고속도로),127.4642368,37.07588221,Y
E913688,(중부선)중부1터널,국가교통정보센터(고속도로),127.2515958,37.45990371,Y
E913687,(중부선)중부2터널,국가교통정보센터(고속도로),127.28722,37.44028,Y
E913686,(중부선)중부3터널,국가교통정보센터(고속도로),127.2969444,37.4275,Y
E913689,(중부선)중석육교,국가교통정보센터(고속도로),127.490593,36.84820557,Y
E913691,(중부선)증평1,국가교통정보센터(고속도로),127.4941387,36.76628116,Y
E913690,(중부선)증평2,국가교통정보센터(고속도로),127.5022436,36.7713977,Y
E913692,(중부선)진우,국가교통정보센터(고속도로),127.3445526,37.31759059,Y
E913693,(중부선)진주분기점2,국가교통정보센터(고속도로),128.10225,35.137195,Y
E913694,(중부선)진천(구)졸음쉼터,국가교통정보센터(고속도로),127.485389709472,36.8550987243652,Y
E913696,(중부선)진천1,국가교통정보센터(고속도로),127.4780556,36.86194444,Y
E913695,(중부선)진천2,국가교통정보센터(고속도로),127.475435,36.866204,Y
E913697,(중부선)진천3,국가교통정보센터(고속도로),127.4757182,36.86873982,Y
E913698,(중부선)진천터널(남이1),국가교통정보센터(고속도로),127.5034027,36.80607986,Y
E913699,(중부선)진천터널2,국가교통정보센터(고속도로),127.493133544921,36.811466217041,Y
E913700,(중부선)진천터널외부(남이),국가교통정보센터(고속도로),127.494514,36.810586,Y
E913701,(중부선)진천터널외부(하남),국가교통정보센터(고속도로),127.507255554199,36.7988853454589,Y
E913702,(중부선)천현,국가교통정보센터(고속도로),127.220895,37.51912097,Y
E913703,(중부선)천현2,국가교통정보센터(고속도로),127.2059806,37.53168889,Y
E913704,(중부선)청용,국가교통정보센터(고속도로),127.4794205,37.0046564,Y
E913705,(중부선)초월1,국가교통정보센터(고속도로),127.312278747558,37.3943634033203,Y
E913706,(중부선)초평교,국가교통정보센터(고속도로),127.4908333,36.81638889,Y
E913707,(중부선)평동육교,국가교통정보센터(고속도로),127.423713684082,36.661148071289,Y
E913708,(중부선)하가,국가교통정보센터(고속도로),127.66,35.925,Y
E913709,(중부선)하남,국가교통정보센터(고속도로),127.21623,37.530307,Y
E913710,(중부선)하산곡,국가교통정보센터(고속도로),127.22583,37.50972,Y
E913711,(중부선)호법분기점,국가교통정보센터(고속도로),127.428684,37.230641,Y
E913712,(중부선)호법분기점1,국가교통정보센터(고속도로),127.4287796,37.22925568,Y
E913713,(중부선)호티2교,국가교통정보센터(고속도로),127.5,36.11,Y
E913714,(중부선)화봉육교1,국가교통정보센터(고속도로),127.477104187011,37.0459403991699,Y
E913715,(중부선)화봉육교2,국가교통정보센터(고속도로),127.4763158,37.0502221,Y
E913716,(중부선)화산,국가교통정보센터(고속도로),127.489151000976,36.7637748718261,Y
E913717,(중부선)후안2교,국가교통정보센터(고속도로),127.43167,37.22028,Y
E913718,(중앙선)(부산)죽령터널(부산외부1),국가교통정보센터(고속도로),128.409105,36.910006,Y
E913719,(중앙선)(부산)죽령터널(부산외부2),국가교통정보센터(고속도로),128.457912,36.895317,Y
E913720,(중앙선)(춘천)죽령터널(춘천외부1),국가교통정보센터(고속도로),128.457814,36.89555,Y
E913721,(중앙선)(춘천)죽령터널(춘천외부2),국가교통정보센터(고속도로),128.408938,36.910362,Y
E913722,(중앙선)가산,국가교통정보센터(고속도로),128.5333536,36.09599231,Y
E913724,(중앙선)가산터널1,국가교통정보센터(고속도로),128.53727,36.114391,Y
E913723,(중앙선)각기2교,국가교통정보센터(고속도로),128.2822266,37.02081299,Y
E913725,(중앙선)갈풍1교,국가교통정보센터(고속도로),127.947006225585,37.4763641357421,Y
E913726,(중앙선)갈풍리,국가교통정보센터(고속도로),127.95059,37.48976,Y
E913727,(중앙선)강서낙동강교,국가교통정보센터(고속도로),128.974559,35.203675,Y
E913728,(중앙선)고상,국가교통정보센터(고속도로),128.614556,36.509625,Y
E913729,(중앙선)고상1,국가교통정보센터(고속도로),128.60924,36.505757,Y
E913730,(중앙선)고하,국가교통정보센터(고속도로),128.633085,36.528862,Y
E913731,(중앙선)고하1,국가교통정보센터(고속도로),128.62543,36.520809,Y
E913732,(중앙선)공근교,국가교통정보센터(고속도로),127.974243164062,37.5791358947753,Y
E913733,(중앙선)공근리,국가교통정보센터(고속도로),127.97365,37.570149,Y
E913734,(중앙선)관설1교,국가교통정보센터(고속도로),127.978699,37.300139,Y
E913735,(중앙선)관설3교,국가교통정보센터(고속도로),127.964164733886,37.3122863769531,Y
E913736,(중앙선)관음,국가교통정보센터(고속도로),128.5502729,35.95223641,Y
E913737,(중앙선)광격1교,국가교통정보센터(고속도로),127.931106567382,37.4488906860351,Y
E913738,(중앙선)광격2교,국가교통정보센터(고속도로),127.941627,37.463183,Y
E913739,(중앙선)괴정교,국가교통정보센터(고속도로),128.984161376953,35.2491950988769,Y
E913740,(중앙선)국곡,국가교통정보센터(고속도로),128.6053262,36.50167508,Y
E913741,(중앙선)군위,국가교통정보센터(고속도로),128.5593802,36.19918816,Y
E913742,(중앙선)군위2,국가교통정보센터(고속도로),128.560180664062,36.2107429504394,Y
E913743,(중앙선)군위BS,국가교통정보센터(고속도로),128.569213867187,36.2574348449707,Y
E913744,(중앙선)군위분기점,국가교통정보센터(고속도로),128.5505556,36.16027778,Y
E913745,(중앙선)군위터널,국가교통정보센터(고속도로),128.541175,36.146605,Y
E913746,(중앙선)군위터널2,국가교통정보센터(고속도로),128.5475159,36.15604401,Y
E913747,(중앙선)군위휴게소,국가교통정보센터(고속도로),128.574995,36.264124,Y
E913748,(중앙선)굴지터널,국가교통정보센터(고속도로),127.79778,37.72389,Y
E913749,(중앙선)금계천1교,국가교통정보센터(고속도로),127.98417,37.52333,Y
E913750,(중앙선)금계천2교,국가교통정보센터(고속도로),127.9798029,37.55850013,Y
E913752,(중앙선)금대3교,국가교통정보센터(고속도로),127.9925842,37.28879929,Y
E913751,(중앙선)금대4교,국가교통정보센터(고속도로),127.99333,37.28833,Y
E913753,(중앙선)금성교,국가교통정보센터(고속도로),128.190682,37.061045,Y
E913754,(중앙선)금창리,국가교통정보센터(고속도로),128.05923461914,37.2475547790527,Y
E913755,(중앙선)금호분기점,국가교통정보센터(고속도로),128.524365,35.899248,Y
E913756,(중앙선)금호분기점2,국가교통정보센터(고속도로),128.5250397,35.89380646,Y
E913757,(중앙선)금호분기점3,국가교통정보센터(고속도로),128.5237024,35.89384706,Y
E913758,(중앙선)금호터널,국가교통정보센터(고속도로),128.525994,35.907791,Y
E913759,(중앙선)금호터널1,국가교통정보센터(고속도로),128.527740478515,35.9179229736328,Y
E913760,(중앙선)기도4교,국가교통정보센터(고속도로),128.577886,36.382015,Y
E913761,(중앙선)기동리,국가교통정보센터(고속도로),128.293701171875,37.002758026123,Y
E913762,(중앙선)남산터널(부산)외부,국가교통정보센터(고속도로),127.888721,37.659947,Y
E913763,(중앙선)남산터널(춘천)외부,국가교통정보센터(고속도로),127.903637,37.657485,Y
E913764,(중앙선)남안동,국가교통정보센터(고속도로),128.6214475,36.47497024,Y
E913765,(중앙선)남원주,국가교통정보센터(고속도로),127.9328461,37.3216362,Y
E913766,(중앙선)남제천,국가교통정보센터(고속도로),128.1818423,37.07622078,Y
E913767,(중앙선)남조천교,국가교통정보센터(고속도로),128.3590698,36.91864395,Y
E913768,(중앙선)내성천교,국가교통정보센터(고속도로),128.557272,36.698821,Y
E913769,(중앙선)노동교,국가교통정보센터(고속도로),128.622756958007,36.5896949768066,Y
E913770,(중앙선)다부,국가교통정보센터(고속도로),128.5171191,36.04760827,Y
E913771,(중앙선)다부1교,국가교통정보센터(고속도로),128.520279,36.039589,Y
E913772,(중앙선)다부2교,국가교통정보센터(고속도로),128.5357787,36.06825675,Y
E913773,(중앙선)다부리,국가교통정보센터(고속도로),128.534645,36.057014,Y
E913774,(중앙선)다부리1,국가교통정보센터(고속도로),128.5302734375,36.0545501708984,Y
E913775,(중앙선)다부터널,국가교통정보센터(고속도로),128.536318,36.022622,Y
E913776,(중앙선)다부터널(부산외부),국가교통정보센터(고속도로),128.5306549,36.02755356,Y
E913777,(중앙선)단양,국가교통정보센터(고속도로),128.3651758,36.91794944,Y
E913778,(중앙선)단양터널(부산)입구,국가교통정보센터(고속도로),128.303239,36.957434,Y
E913779,(중앙선)단양휴게소,국가교통정보센터(고속도로),128.322579,36.940416,Y
E913780,(중앙선)단양휴게소2,국가교통정보센터(고속도로),128.290195,36.992856,Y
E913781,(중앙선)대가2교,국가교통정보센터(고속도로),128.26278,37.03139,Y
E913782,(중앙선)대감분기점,국가교통정보센터(고속도로),128.982013,35.267278,Y
E913783,(중앙선)대동대감분기점,국가교통정보센터(고속도로),128.984252929687,35.2742004394531,Y
E913784,(중앙선)대동분기점,국가교통정보센터(고속도로),128.984949,35.279399,Y
E913785,(중앙선)대사1교,국가교통정보센터(고속도로),128.5862723,36.34412442,Y
E913787,(중앙선)대사2,국가교통정보센터(고속도로),128.58511352539,36.3407096862792,Y
E913786,(중앙선)대사3교,국가교통정보센터(고속도로),128.578311,36.355849,Y
E913789,(중앙선)도리원교,국가교통정보센터(고속도로),128.581817626953,36.2955856323242,Y
E913788,(중앙선)독양교,국가교통정보센터(고속도로),128.5726042,36.72154303,Y
E913790,(중앙선)동명교,국가교통정보센터(고속도로),128.5506445,35.99574481,Y
E913791,(중앙선)동명휴게소,국가교통정보센터(고속도로),128.5497679,36.00296546,Y
E913792,(중앙선)만운2교,국가교통정보센터(고속도로),128.5686058,36.61119916,Y
E913793,(중앙선)만종육교,국가교통정보센터(고속도로),127.902448,37.365542,Y
E913794,(중앙선)만종졸음쉼터,국가교통정보센터(고속도로),127.9086,37.35171,Y
E913795,(중앙선)만종터널(부산),국가교통정보센터(고속도로),127.91487,37.33837,Y
E913796,(중앙선)만종터널(춘천),국가교통정보센터(고속도로),127.9147,37.33888,Y
E913797,(중앙선)매곡2교,국가교통정보센터(고속도로),127.980125427246,37.5388488769531,Y
E913798,(중앙선)매곡리,국가교통정보센터(고속도로),127.981483459472,37.5260925292968,Y
E913799,(중앙선)명도2교,국가교통정보센터(고속도로),128.1273499,37.16116714,Y
E913801,(중앙선)명암2교,국가교통정보센터(고속도로),128.1299119,37.18528,Y
E913800,(중앙선)명암3교,국가교통정보센터(고속도로),128.1257172,37.19816971,Y
E913802,(중앙선)무장2교,국가교통정보센터(고속도로),127.908638000488,37.415542602539,Y
E913803,(중앙선)무장리,국가교통정보센터(고속도로),127.898868,37.409227,Y
E913804,(중앙선)미석,국가교통정보센터(고속도로),128.57722,36.733944,Y
E913805,(중앙선)반곡리,국가교통정보센터(고속도로),127.945,37.468056,Y
E913806,(중앙선)방량2교,국가교통정보센터(고속도로),127.915412902832,37.6499633789062,Y
E913807,(중앙선)백운2교,국가교통정보센터(고속도로),128.010818481445,37.2696113586425,Y
E913808,(중앙선)보문터널(부산외부1),국가교통정보센터(고속도로),128.5482941,36.6402626,Y
E913809,(중앙선)보문터널(춘천외부1),국가교통정보센터(고속도로),128.5527344,36.6301651,Y
E913810,(중앙선)봉명2교,국가교통정보센터(고속도로),127.794204711914,37.763916015625,Y
E913811,(중앙선)봉암교,국가교통정보센터(고속도로),128.54023,36.832537,Y
E913812,(중앙선)봉양BS,국가교통정보센터(고속도로),128.1367798,37.14556885,Y
E913813,(중앙선)봉양교,국가교통정보센터(고속도로),128.589337,36.305,Y
E913814,(중앙선)봉양리,국가교통정보센터(고속도로),128.137222290039,37.1428909301757,Y
E913815,(중앙선)봉현터널,국가교통정보센터(고속도로),128.496865,36.870836,Y
E913816,(중앙선)북단양,국가교통정보센터(고속도로),128.2890167,37.01367569,Y
E913817,(중앙선)북상1교,국가교통정보센터(고속도로),128.33901977539,36.9241867065429,Y
E913818,(중앙선)북원주,국가교통정보센터(고속도로),127.922637,37.420446,Y
E913819,(중앙선)비끼재,국가교통정보센터(고속도로),128.1242808,37.19937844,Y
E913820,(중앙선)사부교,국가교통정보센터(고속도로),128.586938,36.319915,Y
E913821,(중앙선)사암2교,국가교통정보센터(고속도로),127.779096,37.821942,Y
E913822,(중앙선)사직,국가교통정보센터(고속도로),128.555098,36.217359,Y
E913823,(중앙선)삼마치터널(부산)외부,국가교통정보센터(고속도로),127.942269,37.621521,Y
E913824,(중앙선)삼마치터널(춘천)외부,국가교통정보센터(고속도로),127.962186,37.609462,Y
E913825,(중앙선)상리교,국가교통정보센터(고속도로),128.290344238281,36.972858428955,Y
E913826,(중앙선)상리천교,국가교통정보센터(고속도로),128.595802,36.596888,Y
E913827,(중앙선)상방교,국가교통정보센터(고속도로),128.325943,36.93649292,Y
E913828,(중앙선)서곡리,국가교통정보센터(고속도로),127.948928833007,37.3151473999023,Y
E913829,(중앙선)서안동,국가교통정보센터(고속도로),128.6260884,36.58912129,Y
E913830,(중앙선)서안동1,국가교통정보센터(고속도로),128.60969543457,36.5920715332031,Y
E913831,(중앙선)섬강교,국가교통정보센터(고속도로),127.930549621582,37.4309730529785,Y
E913832,(중앙선)소야교,국가교통정보센터(고속도로),128.2737344,37.02755682,Y
E913833,(중앙선)소야리,국가교통정보센터(고속도로),128.2657401,37.02974301,Y
E913834,(중앙선)수계1교,국가교통정보센터(고속도로),128.54854,36.675227,Y
E913835,(중앙선)수계3교,국가교통정보센터(고속도로),128.5548242,36.69182303,Y
E913837,(중앙선)수곡1교,국가교통정보센터(고속도로),128.641099,36.575646,Y
E913836,(중앙선)수곡2교,국가교통정보센터(고속도로),128.633087158203,36.5848159790039,Y
E913839,(중앙선)수서1교,국가교통정보센터(고속도로),128.5552862,36.18997636,Y
E913838,(중앙선)수서2,국가교통정보센터(고속도로),128.550201416015,36.185131072998,Y
E913840,(중앙선)신림,국가교통정보센터(고속도로),128.0875844,37.2258204,Y
E913841,(중앙선)신림교,국가교통정보센터(고속도로),128.0631145,37.24249723,Y
E913842,(중앙선)신양,국가교통정보센터(고속도로),128.55851,36.6168,Y
E913843,(중앙선)신양1교,국가교통정보센터(고속도로),128.5541928,36.62407503,Y
E913844,(중앙선)신평분기점,국가교통정보센터(고속도로),127.895213,37.374679,Y
E913845,(중앙선)신평저수지,국가교통정보센터(고속도로),127.892807006835,37.391918182373,Y
E913846,(중앙선)안동휴게소,국가교통정보센터(고속도로),128.6457183,36.56203292,Y
E913847,(중앙선)안평,국가교통정보센터(고속도로),128.572611,36.368431,Y
E913848,(중앙선)어둔교,국가교통정보센터(고속도로),127.9722183,37.59387701,Y
E913849,(중앙선)역전평교,국가교통정보센터(고속도로),127.792724609375,37.7276878356933,Y
E913850,(중앙선)연봉교,국가교통정보센터(고속도로),127.873847961425,37.6709785461425,Y
E913851,(중앙선)영주,국가교통정보센터(고속도로),128.5717023,36.76922176,Y
E913852,(중앙선)영주휴게소,국가교통정보센터(고속도로),128.5473171,36.80696588,Y
E913853,(중앙선)예천,국가교통정보센터(고속도로),128.5416186,36.66816881,Y
E913854,(중앙선)오산교,국가교통정보센터(고속도로),127.986122131347,37.515769958496,Y
E913855,(중앙선)오암,국가교통정보센터(고속도로),128.536148071289,36.6585578918457,Y
E913856,(중앙선)오암2교,국가교통정보센터(고속도로),128.5406096,36.65108214,Y
E913857,(중앙선)용각리,국가교통정보센터(고속도로),128.61961364746,36.4489631652832,Y
E913858,(중앙선)용부원2교,국가교통정보센터(고속도로),128.3803804,36.9183621,Y
E913859,(중앙선)용산,국가교통정보센터(고속도로),128.541764,36.812553,Y
E913860,(중앙선)용산2교,국가교통정보센터(고속도로),128.54280090332,36.8114852905273,Y
E913861,(중앙선)원무2터널(부산)외부,국가교통정보센터(고속도로),127.7698877,37.77798728,Y
E913862,(중앙선)원무2터널(춘천)외부,국가교통정보센터(고속도로),127.778007,37.772207,Y
E913863,(중앙선)원주휴게소,국가교통정보센터(고속도로),127.9304995,37.43982271,Y
E913865,(중앙선)원창3교,국가교통정보센터(고속도로),127.768892,37.78444,Y
E913864,(중앙선)원창4교,국가교통정보센터(고속도로),127.769142150878,37.7852058410644,Y
E913866,(중앙선)원창5교,국가교통정보센터(고속도로),127.770897,37.805512,Y
E913867,(중앙선)원창고개,국가교통정보센터(고속도로),127.776208,37.81991095,Y
E913868,(중앙선)월림1교,국가교통정보센터(고속도로),128.184585571289,37.0728454589843,Y
E913869,(중앙선)월림4교,국가교통정보센터(고속도로),128.161010742187,37.0892372131347,Y
E913870,(중앙선)월운2교,국가교통정보센터(고속도로),127.9325,37.6325,Y
E913871,(중앙선)위천교,국가교통정보센터(고속도로),128.5586788,36.23971766,Y
E913873,(중앙선)읍내2,국가교통정보센터(고속도로),128.551297,35.973634,Y
E913872,(중앙선)읍내졸음쉼터(춘천),국가교통정보센터(고속도로),128.547180175781,35.9484176635742,Y
E913874,(중앙선)읍내터널,국가교통정보센터(고속도로),128.5509033,35.9799881,Y
E913875,(중앙선)의성,국가교통정보센터(고속도로),128.5807752,36.29199961,Y
E913876,(중앙선)일직터널,국가교통정보센터(고속도로),128.602451,36.411341,Y
E913877,(중앙선)장수교,국가교통정보센터(고속도로),128.569595336914,36.7747230529785,Y
E913878,(중앙선)장전평2교,국가교통정보센터(고속도로),127.87861,37.66422,Y
E913879,(중앙선)장천,국가교통정보센터(고속도로),128.541288,36.12489013,Y
E913880,(중앙선)장평리,국가교통정보센터(고속도로),128.149169921875,37.123794555664,Y
E913881,(중앙선)장평리교,국가교통정보센터(고속도로),128.149613,37.122081,Y
E913882,(중앙선)적성터널(춘천)입구,국가교통정보센터(고속도로),128.2903442,36.97285843,Y
E913883,(중앙선)적성터널(춘천)출구,국가교통정보센터(고속도로),128.2885742,36.98539352,Y
E913884,(중앙선)전구,국가교통정보센터(고속도로),128.477442,36.87935,Y
E913885,(중앙선)전구1교,국가교통정보센터(고속도로),128.49351,36.872538,Y
E913886,(중앙선)전구2교,국가교통정보센터(고속도로),128.46841,36.886876,Y
E913887,(중앙선)제천,국가교통정보센터(고속도로),128.1424119,37.13320001,Y
E913888,(중앙선)제천터널(부산)외부,국가교통정보센터(고속도로),128.205441,37.051024,Y
E913889,(중앙선)제천터널(춘천)외부,국가교통정보센터(고속도로),128.230577,37.048193,Y
E913890,(중앙선)제천휴게소,국가교통정보센터(고속도로),128.158068,37.091543,Y
E913891,(중앙선)조양2교,국가교통정보센터(고속도로),127.793988,37.750735,Y
E913892,(중앙선)조탑교,국가교통정보센터(고속도로),128.618167,36.462289,Y
E913893,(중앙선)주산리,국가교통정보센터(고속도로),127.927474975585,37.4234237670898,Y
E913899,(중앙선)주포천교,국가교통정보센터(고속도로),128.082155,37.23195,Y
E913894,(중앙선)죽령교,국가교통정보센터(고속도로),128.464261,36.891661,Y
E913900,(중앙선)죽령터널(11)부산,국가교통정보센터(고속도로),128.4328156,36.90332413,Y
E913902,(중앙선)죽령터널(16)춘천,국가교통정보센터(고속도로),128.4254303,36.90548706,Y
E913901,(중앙선)죽령터널(17)부산,국가교통정보센터(고속도로),128.4454651,36.89962006,Y
E913903,(중앙선)죽령터널(9)춘천,국가교통정보센터(고속도로),128.439148,36.90149307,Y
E913897,(중앙선)죽령터널(부산13),국가교통정보센터(고속도로),128.441931,36.900335,Y
E913898,(중앙선)죽령터널(춘천7),국가교통정보센터(고속도로),128.430065,36.904041,Y
E913895,(중앙선)죽령터널졸음쉼터(부산),국가교통정보센터(고속도로),128.39891,36.913229,Y
E913896,(중앙선)죽령터널졸음쉼터(춘천),국가교통정보센터(고속도로),128.396213,36.914109,Y
E913905,(중앙선)창길1교,국가교통정보센터(고속도로),128.583190917968,36.3913612365722,Y
E913904,(중앙선)창길2교,국가교통정보센터(고속도로),128.5933164,36.39961013,Y
E913906,(중앙선)창길3교,국가교통정보센터(고속도로),128.596405029296,36.4069862365722,Y
E913907,(중앙선)천평교,국가교통정보센터(고속도로),128.5348152,36.08607273,Y
E913908,(중앙선)초정,국가교통정보센터(고속도로),128.979432,35.231836,Y
E913909,(중앙선)초정교,국가교통정보센터(고속도로),128.983902,35.24293518,Y
E913910,(중앙선)춘천,국가교통정보센터(고속도로),127.765239,37.843057,Y
E913911,(중앙선)춘천분기점,국가교통정보센터(고속도로),127.792102,37.739515,Y
E913912,(중앙선)춘천영업소,국가교통정보센터(고속도로),127.77812,37.838818,Y
E913913,(중앙선)춘천휴게소,국가교통정보센터(고속도로),127.767761230468,37.8140525817871,Y
E913914,(중앙선)치악1터널,국가교통정보센터(고속도로),128.035552,37.262122,Y
E913916,(중앙선)치악휴게소(부산),국가교통정보센터(고속도로),128.0498694,37.25440916,Y
E913917,(중앙선)치악휴게소(춘천),국가교통정보센터(고속도로),128.0464935,37.2563324,Y
E913915,(중앙선)치악휴게소2,국가교통정보센터(고속도로),128.053112,37.25193444,Y
E913918,(중앙선)칠곡,국가교통정보센터(고속도로),128.5347695,35.93572037,Y
E913919,(중앙선)칠곡2,국가교통정보센터(고속도로),128.541137695312,35.9444541931152,Y
E913920,(중앙선)파지1교,국가교통정보센터(고속도로),128.559775,36.794588,Y
E913921,(중앙선)평팔,국가교통정보센터(고속도로),128.614382,36.424735,Y
E913922,(중앙선)평팔4교,국가교통정보센터(고속도로),128.621661,36.43234117,Y
E913923,(중앙선)평팔리,국가교통정보센터(고속도로),128.617584228515,36.4429092407226,Y
E913924,(중앙선)풍기,국가교통정보센터(고속도로),128.5303083,36.85260749,Y
E913925,(중앙선)풍산,국가교통정보센터(고속도로),128.640808105468,36.5759811401367,Y
E913928,(중앙선)하원곡3교,국가교통정보센터(고속도로),128.243865966796,37.0415382385253,Y
E913929,(중앙선)하화계리,국가교통정보센터(고속도로),127.851745605468,37.6913452148437,Y
E913930,(중앙선)학곡1교,국가교통정보센터(고속도로),127.951477050781,37.490234375,Y
E913926,(중앙선)학산교,국가교통정보센터(고속도로),128.1029039,37.20721053,Y
E913927,(중앙선)학산리,국가교통정보센터(고속도로),128.09861755371,37.2103042602539,Y
E913931,(중앙선)현곡교,국가교통정보센터(고속도로),128.2993927,36.96162796,Y
E913932,(중앙선)현곡리,국가교통정보센터(고속도로),128.30906677246,36.9505882263183,Y
E913933,(중앙선)호문철교,국가교통정보센터(고속도로),128.575852,36.755136,Y
E913934,(중앙선)홍천,국가교통정보센터(고속도로),127.8558486,37.67802845,Y
E913935,(중앙선)홍천강3교,국가교통정보센터(고속도로),127.813980102539,37.7136344909667,Y
E913936,(중앙선)홍천강휴게소,국가교통정보센터(고속도로),127.831213,37.710808,Y
E913937,(중앙선)횡성,국가교통정보센터(고속도로),127.9682021,37.50368494,Y
E913938,(중앙선지선)덕산,국가교통정보센터(고속도로),128.9834137,35.28032303,Y
E913939,(중앙선지선)석산교,국가교통정보센터(고속도로),129.0300293,35.32834625,Y
E913940,(중앙지선)남양산,국가교통정보센터(고속도로),129.025271,35.32558365,Y
E913941,(중앙지선)대동1(김해),국가교통정보센터(고속도로),128.943911,35.242325,Y
E913942,(중앙지선)대동2(김해),국가교통정보센터(고속도로),128.959091186523,35.2564888000488,Y
E913943,(중앙지선)대동3(김해),국가교통정보센터(고속도로),128.975891113281,35.2750549316406,Y
E913944,(중앙지선)물금,국가교통정보센터(고속도로),129.0120154,35.3085422,Y
E913945,(중앙지선)양산낙동강교,국가교통정보센터(고속도로),128.996658,35.286134,Y
E913946,(중앙지선)양산천교,국가교통정보센터(고속도로),129.015869140625,35.318374633789,Y
E913947,(중앙지선)증산교,국가교통정보센터(고속도로),129.009826660156,35.2983894348144,Y
E913948,(천안논산선)233km,국가교통정보센터(고속도로),127.0834833,36.41616111,Y
E913950,(천안논산선)248.9km,국가교통정보센터(고속도로),127.1153917,36.54975,Y
E913949,(천안논산선)255.4km,국가교통정보센터(고속도로),127.116444,36.60725,Y
E913951,(천안논산선)검상교,국가교통정보센터(고속도로),127.079639,36.435278,Y
E913952,(천안논산선)공주JCT,국가교통정보센터(고속도로),127.091861,36.485639,Y
E913953,(천안논산선)공주JCT남,국가교통정보센터(고속도로),127.089167,36.479778,Y
E913954,(천안논산선)광명교,국가교통정보센터(고속도로),127.072333,36.3285,Y
E913955,(천안논산선)광정교,국가교통정보센터(고속도로),127.1184861,36.61185278,Y
E913956,(천안논산선)남공주IC,국가교통정보센터(고속도로),127.080611,36.427417,Y
E913957,(천안논산선)남공주IC북,국가교통정보센터(고속도로),127.0787667,36.43192222,Y
E913958,(천안논산선)남논산TG북,국가교통정보센터(고속도로),127.0848312,36.0979538,Y
E913959,(천안논산선)남논산TG졸음,국가교통정보센터(고속도로),127.0800611,36.10336389,Y
E913960,(천안논산선)남천안IC,국가교통정보센터(고속도로),127.16525,36.756222,Y
E913962,(천안논산선)남풍세IC상VMS,국가교통정보센터(고속도로),127.1224722,36.71180278,Y
E913961,(천안논산선)남풍세,국가교통정보센터(고속도로),127.141425,36.72301944,Y
E913963,(천안논산선)내촌2교,국가교통정보센터(고속도로),127.1151611,36.60221389,Y
E913964,(천안논산선)논산JCT북,국가교통정보센터(고속도로),127.101539,36.083703,Y
E913965,(천안논산선)논산천교,국가교통정보센터(고속도로),127.051722,36.180583,Y
E913966,(천안논산선)마전교,국가교통정보센터(고속도로),127.085586,36.097489,Y
E913967,(천안논산선)무학천교,국가교통정보센터(고속도로),127.11875,36.695111,Y
E913968,(천안논산선)반촌교,국가교통정보센터(고속도로),127.111,36.513,Y
E913969,(천안논산선)북공주JCT,국가교통정보센터(고속도로),127.100944,36.499806,Y
E913970,(천안논산선)삼성3교,국가교통정보센터(고속도로),127.172056,36.762111,Y
E913971,(천안논산선)서논산IC남,국가교통정보센터(고속도로),127.051553,36.219531,Y
E913972,(천안논산선)서논산IC북,국가교통정보센터(고속도로),127.054389,36.227806,Y
E913973,(천안논산선)소사교,국가교통정보센터(고속도로),127.0651167,36.26795,Y
E913974,(천안논산선)송정천교,국가교통정보센터(고속도로),127.062909,36.283327,Y
E913975,(천안논산선)신당교,국가교통정보센터(고속도로),127.064167,36.251167,Y
E913976,(천안논산선)신화2교,국가교통정보센터(고속도로),127.070092,36.129844,Y
E913977,(천안논산선)신흥교,국가교통정보센터(고속도로),127.120556,36.707889,Y
E913978,(천안논산선)연무IC,국가교통정보센터(고속도로),127.06035,36.147275,Y
E913979,(천안논산선)오룡교,국가교통정보센터(고속도로),127.0775528,36.40393611,Y
E913981,(천안논산선)용성천1교,국가교통정보센터(고속도로),127.074139,36.378444,Y
E913980,(천안논산선)용성천2교,국가교통정보센터(고속도로),127.074667,36.397889,Y
E913982,(천안논산선)우성교,국가교통정보센터(고속도로),127.088917,36.46925,Y
E913983,(천안논산선)운궁교,국가교통정보센터(고속도로),127.115028,36.59125,Y
E913984,(천안논산선)웅진대교남,국가교통정보센터(고속도로),127.088528,36.44825,Y
E913985,(천안논산선)웅진대교북,국가교통정보센터(고속도로),127.091561,36.459639,Y
E913986,(천안논산선)원남교,국가교통정보센터(고속도로),127.0513306,36.21065521,Y
E913987,(천안논산선)이인SA남,국가교통정보센터(고속도로),127.067556,36.346972,Y
E913988,(천안논산선)이인SA북,국가교통정보센터(고속도로),127.069611,36.358972,Y
E913989,(천안논산선)인풍교,국가교통정보센터(고속도로),127.111583,36.642,Y
E914011,(천안논산선)전평교,국가교통정보센터(고속도로),127.111806,36.558111,Y
E913990,(천안논산선)전평교북,국가교통정보센터(고속도로),127.1118278,36.56524167,Y
E913991,(천안논산선)정안IC,국가교통정보센터(고속도로),127.120528,36.626944,Y
E913992,(천안논산선)정안IC북,국가교통정보센터(고속도로),127.1185,36.635278,Y
E913993,(천안논산선)정안SA,국가교통정보센터(고속도로),127.113833,36.570389,Y
E913994,(천안논산선)정안교,국가교통정보센터(고속도로),127.115083,36.545306,Y
E913995,(천안논산선)정우TN남,국가교통정보센터(고속도로),127.110389,36.52125,Y
E913996,(천안논산선)정우TN북,국가교통정보센터(고속도로),127.110639,36.534444,Y
E913998,(천안논산선)차령TN남,국가교통정보센터(고속도로),127.110333,36.65125,Y
E913997,(천안논산선)차령TN남,국가교통정보센터(고속도로),127.1100722,36.65082778,Y
E914000,(천안논산선)차령TN북,국가교통정보센터(고속도로),127.1175472,36.68280556,Y
E913999,(천안논산선)차령TN북,국가교통정보센터(고속도로),127.11775,36.682889,Y
E914001,(천안논산선)채운철교,국가교통정보센터(고속도로),127.053444,36.162639,Y
E914002,(천안논산선)천안JCT,국가교통정보센터(고속도로),127.182333,36.767361,Y
E914003,(천안논산선)탄천IC,국가교통정보센터(고속도로),127.068278,36.301111,Y
E914004,(천안논산선)탄천SA,국가교통정보센터(고속도로),127.071222,36.313806,Y
E914005,(천안논산선)풍세TG남,국가교통정보센터(고속도로),127.1534778,36.73353889,Y
E914006,(천안논산선)풍세TG북,국가교통정보센터(고속도로),127.160444,36.741222,Y
E914007,(천안논산선)풍세TG졸음,국가교통정보센터(고속도로),127.1570639,36.73725556,Y
E914008,(천안논산선)풍세교,국가교통정보센터(고속도로),127.147028,36.727028,Y
E914009,(천안논산선)호정1교,국가교통정보센터(고속도로),127.126222,36.717528,Y
E914010,(천안논산선)화정2교,국가교통정보센터(고속도로),127.0516815,36.19804001,Y
E914012,(청주상주선)문의청남대,국가교통정보센터(고속도로),127.5076384,36.52991757,Y
E914013,(청주영덕선)(청원)내서1터널(청원),국가교통정보센터(고속도로),128.04034,36.42767,Y
E914014,(청주영덕선)가덕,국가교통정보센터(고속도로),127.518622,36.526631,Y
E914015,(청주영덕선)갈평교,국가교통정보센터(고속도로),127.8330241,36.45558588,Y
E914016,(청주영덕선)갈평육교,국가교통정보센터(고속도로),127.844833374023,36.455467224121,Y
E914017,(청주영덕선)구병산교,국가교통정보센터(고속도로),127.8544141,36.45197588,Y
E914018,(청주영덕선)금굴교,국가교통정보센터(고속도로),127.728141784667,36.4565315246582,Y
E914019,(청주영덕선)금산리,국가교통정보센터(고속도로),127.92943572998,36.4443664550781,Y
E914020,(청주영덕선)길안1터널,국가교통정보센터(고속도로),128.865728,36.436834,Y
E914021,(청주영덕선)길안1터널(청주외부),국가교통정보센터(고속도로),128.865728,36.436817,Y
E914023,(청주영덕선)길안3터널(영덕외부1),국가교통정보센터(고속도로),128.9481474,36.43941342,Y
E914022,(청주영덕선)길안3터널(영덕외부2),국가교통정보센터(고속도로),128.9581444,36.4395744,Y
E914024,(청주영덕선)길안4터널(청주외부),국가교통정보센터(고속도로),128.959281,36.440165,Y
E914025,(청주영덕선)길안천교,국가교통정보센터(고속도로),128.8952261,36.43775574,Y
E914027,(청주영덕선)나각산터널(영덕외부),국가교통정보센터(고속도로),128.308794,36.375363,Y
E914026,(청주영덕선)낙동분기점청주영덕,국가교통정보센터(고속도로),128.227954,36.367013,Y
E914028,(청주영덕선)남상주,국가교통정보센터(고속도로),128.1401146,36.36780588,Y
E914029,(청주영덕선)내서1교,국가교통정보센터(고속도로),128.05889,36.41088089,Y
E914030,(청주영덕선)내서1터널,국가교통정보센터(고속도로),128.040417,36.427541,Y
E914031,(청주영덕선)내서1터널(영덕),국가교통정보센터(고속도로),128.04079,36.42735,Y
E914032,(청주영덕선)내서3터널(영덕외부),국가교통정보센터(고속도로),128.096761,36.393028,Y
E914033,(청주영덕선)내서3터널(청주)외부,국가교통정보센터(고속도로),128.084626,36.402045,Y
E914035,(청주영덕선)내서4터널(청주)외부1,국가교통정보센터(고속도로),128.115991,36.380021,Y
E914034,(청주영덕선)내서4터널(청주)외부2,국가교통정보센터(고속도로),128.098913,36.392321,Y
E914036,(청주영덕선)단밀1터널,국가교통정보센터(고속도로),128.3198205,36.37535734,Y
E914037,(청주영덕선)단밀2터널,국가교통정보센터(고속도로),128.331481,36.374797,Y
E914038,(청주영덕선)단밀4터널(청주외부),국가교통정보센터(고속도로),128.351522,36.380881,Y
E914039,(청주영덕선)단촌1터널,국가교통정보센터(고속도로),128.6537929,36.42267599,Y
E914041,(청주영덕선)단촌2터널,국가교통정보센터(고속도로),128.7067177,36.41921624,Y
E914040,(청주영덕선)단촌3터널(영덕외부),국가교통정보센터(고속도로),128.712869,36.420664,Y
E914042,(청주영덕선)단촌4터널(청주외부1),국가교통정보센터(고속도로),128.726171,36.422027,Y
E914043,(청주영덕선)단촌4터널(청주외부2),국가교통정보센터(고속도로),128.752453,36.416183,Y
E914044,(청주영덕선)단촌철교,국가교통정보센터(고속도로),128.6763117,36.41957603,Y
E914045,(청주영덕선)달산2터널(영덕외부),국가교통정보센터(고속도로),129.2734693,36.41886439,Y
E914046,(청주영덕선)달산2터널(영덕외부1),국가교통정보센터(고속도로),129.291505,36.400568,Y
E914047,(청주영덕선)달천1교,국가교통정보센터(고속도로),127.9408264,36.43927679,Y
E914048,(청주영덕선)동상주,국가교통정보센터(고속도로),128.2949658,36.37591072,Y
E914049,(청주영덕선)동안동,국가교통정보센터(고속도로),128.8877754,36.4365986,Y
E914050,(청주영덕선)동청송영양,국가교통정보센터(고속도로),129.1214635,36.49403655,Y
E914051,(청주영덕선)묵계1교,국가교통정보센터(고속도로),128.923861,36.437472,Y
E914052,(청주영덕선)문동1,국가교통정보센터(고속도로),127.470901489257,36.5517807006835,Y
E914053,(청주영덕선)문동2,국가교통정보센터(고속도로),127.4734192,36.54999161,Y
E914054,(청주영덕선)문의1터널(영덕2),국가교통정보센터(고속도로),127.55361,36.51206,Y
E914055,(청주영덕선)문의1터널(영덕외부),국가교통정보센터(고속도로),127.545131,36.512911,Y
E914058,(청주영덕선)문의1터널(청주2),국가교통정보센터(고속도로),127.5525,36.5123,Y
E914056,(청주영덕선)문의2터널(영덕외부),국가교통정보센터(고속도로),127.557925,36.511775,Y
E914057,(청주영덕선)문의2터널(청주)외부,국가교통정보센터(고속도로),127.561201,36.511964,Y
E914059,(청주영덕선)문의교,국가교통정보센터(고속도로),127.53222,36.52167,Y
E914061,(청주영덕선)문의청남대휴게소1,국가교통정보센터(고속도로),127.481124877929,36.5447998046875,Y
E914060,(청주영덕선)문의청남대휴게소2,국가교통정보센터(고속도로),127.4919662,36.54014969,Y
E914062,(청주영덕선)미천교,국가교통정보센터(고속도로),128.8010603,36.41269495,Y
E914063,(청주영덕선)보은,국가교통정보센터(고속도로),127.71861,36.45667,Y
E914065,(청주영덕선)보청교,국가교통정보센터(고속도로),127.667381286621,36.4725685119628,Y
E914064,(청주영덕선)복곡2교,국가교통정보센터(고속도로),129.2008055,36.46616667,Y
E914066,(청주영덕선)북의성,국가교통정보센터(고속도로),128.691970825195,36.4187507629394,Y
E914067,(청주영덕선)사일산터널(영덕외부),국가교통정보센터(고속도로),128.970928,36.442591,Y
E914069,(청주영덕선)사일산터널(청주외부1),국가교통정보센터(고속도로),129.001321,36.455338,Y
E914068,(청주영덕선)사일산터널(청주외부2),국가교통정보센터(고속도로),128.9978234,36.45487748,Y
E914070,(청주영덕선)삼가천교,국가교통정보센터(고속도로),127.8116341,36.45530588,Y
E914071,(청주영덕선)상곡교,국가교통정보센터(고속도로),127.9845209,36.44225588,Y
E914072,(청주영덕선)상주분기점,국가교통정보센터(고속도로),128.277801513671,36.3747253417968,Y
E914073,(청주영덕선)상주쉼터(영덕),국가교통정보센터(고속도로),128.067581176757,36.4080276489257,Y
E914074,(청주영덕선)상주쉼터(청주),국가교통정보센터(고속도로),128.044128417968,36.4258651733398,Y
E914075,(청주영덕선)상주휴게소,국가교통정보센터(고속도로),128.1884718,36.37397856,Y
E914076,(청주영덕선)서변1교,국가교통정보센터(고속도로),128.767349243164,36.4160690307617,Y
E914077,(청주영덕선)서원1교,국가교통정보센터(고속도로),128.0060172,36.43912401,Y
E914079,(청주영덕선)서원3교,국가교통정보센터(고속도로),128.00813,36.438018,Y
E914078,(청주영덕선)서원4교,국가교통정보센터(고속도로),128.0227105,36.42921451,Y
E914080,(청주영덕선)서의성,국가교통정보센터(고속도로),128.4098,36.4007554,Y
E914081,(청주영덕선)서제교,국가교통정보센터(고속도로),128.3663805,36.38730263,Y
E914082,(청주영덕선)성리교,국가교통정보센터(고속도로),127.6987978,36.46246592,Y
E914083,(청주영덕선)성암교,국가교통정보센터(고속도로),128.387576,36.39573703,Y
E914084,(청주영덕선)속리산,국가교통정보센터(고속도로),127.7867451,36.45558588,Y
E914085,(청주영덕선)수리티교,국가교통정보센터(고속도로),127.635124206542,36.4746971130371,Y
E914086,(청주영덕선)수리티터널(청주)외부,국가교통정보센터(고속도로),127.651988,36.473783,Y
E914087,(청주영덕선)수한터널,국가교통정보센터(고속도로),127.679444,36.470278,Y
E914088,(청주영덕선)신촌,국가교통정보센터(고속도로),128.072982788085,36.4069023132324,Y
E914089,(청주영덕선)안동분기점,국가교통정보센터(고속도로),128.6216905,36.43278098,Y
E914090,(청주영덕선)안사1터널(영덕외부),국가교통정보센터(고속도로),128.4794921875,36.4044380187988,Y
E914091,(청주영덕선)안사2터널(청주외부),국가교통정보센터(고속도로),128.499774,36.413224,Y
E914093,(청주영덕선)안평1터널(청주외부1),국가교통정보센터(고속도로),128.559539794921,36.4183845520019,Y
E914092,(청주영덕선)안평1터널(청주외부2),국가교통정보센터(고속도로),128.526944,36.417316,Y
E914094,(청주영덕선)안평2터널(영덕외부),국가교통정보센터(고속도로),128.580032348632,36.4225463867187,Y
E914095,(청주영덕선)안평2터널(영덕외부2),국가교통정보센터(고속도로),128.589306,36.427913,Y
E914096,(청주영덕선)안평2터널(청주외부),국가교통정보센터(고속도로),128.5886711,36.4274298,Y
E914097,(청주영덕선)안평3터널(청주외부),국가교통정보센터(고속도로),128.608658,36.433583,Y
E914098,(청주영덕선)양곡교,국가교통정보센터(고속도로),128.433176,36.41036348,Y
E914099,(청주영덕선)영덕,국가교통정보센터(고속도로),129.3710951,36.38484795,Y
E914100,(청주영덕선)영덕터널(청주외부),국가교통정보센터(고속도로),129.309032,36.391196,Y
E914101,(청주영덕선)영덕터널(청주외부2),국가교통정보센터(고속도로),129.341359,36.381251,Y
E914102,(청주영덕선)옥산터널,국가교통정보센터(고속도로),128.827728,36.427498,Y
E914103,(청주영덕선)운평1교,국가교통정보센터(고속도로),128.208174,36.369206,Y
E914104,(청주영덕선)의성SA,국가교통정보센터(고속도로),128.4470661,36.41025819,Y
E914105,(청주영덕선)장림천교,국가교통정보센터(고속도로),128.6456401,36.42579473,Y
E914106,(청주영덕선)점곡SA(영덕),국가교통정보센터(고속도로),128.784957885742,36.4156608581542,Y
E914107,(청주영덕선)점곡SA(청주),국가교통정보센터(고속도로),128.8181505,36.41920084,Y
E914108,(청주영덕선)지사교,국가교통정보센터(고속도로),128.121139526367,36.3742179870605,Y
E914109,(청주영덕선)지천4교,국가교통정보센터(고속도로),128.1639161,36.37382468,Y
E914111,(청주영덕선)지품10터널(영덕외부),국가교통정보센터(고속도로),129.268056,36.423468,Y
E914115,(청주영덕선)지품10터널(청주외부),국가교통정보센터(고속도로),129.268186,36.423031,Y
E914113,(청주영덕선)지품1터널(청주외부),국가교통정보센터(고속도로),129.141447,36.493038,Y
E914112,(청주영덕선)지품2교,국가교통정보센터(고속도로),129.1802048,36.47989855,Y
E914114,(청주영덕선)지품2터널(영덕외부),국가교통정보센터(고속도로),129.167777,36.481095,Y
E914110,(청주영덕선)지품2터널(청주외부),국가교통정보센터(고속도로),129.1563,36.48568,Y
E914116,(청주영덕선)지품3터널(영덕외부),국가교통정보센터(고속도로),129.2006797,36.4664932,Y
E914117,(청주영덕선)지품3터널(청주외부),국가교통정보센터(고속도로),129.190780639648,36.4748802185058,Y
E914120,(청주영덕선)지품6터널(영덕외부),국가교통정보센터(고속도로),129.219892,36.456751,Y
E914118,(청주영덕선)지품6터널(청주외부),국가교통정보센터(고속도로),129.21953,36.45738,Y
E914119,(청주영덕선)지품7터널(영덕외부),국가교통정보센터(고속도로),129.23547,36.44,Y
E914121,(청주영덕선)지품7터널(청주외부),국가교통정보센터(고속도로),129.245636,36.435462,Y
E914122,(청주영덕선)지품8터널(영덕외부),국가교통정보센터(고속도로),129.251754760742,36.4333724975585,Y
E914123,(청주영덕선)지품8터널(청주외부),국가교통정보센터(고속도로),129.2512563,36.4336663,Y
E914124,(청주영덕선)지품9터널(청주외부),국가교통정보센터(고속도로),129.256393,36.431066,Y
E914125,(청주영덕선)진보터널(청주외부),국가교통정보센터(고속도로),129.113971,36.493793,Y
E914127,(청주영덕선)척산1,국가교통정보센터(고속도로),127.442779541015,36.5640068054199,Y
E914126,(청주영덕선)척산2,국가교통정보센터(고속도로),127.4551926,36.56021118,Y
E914128,(청주영덕선)청송,국가교통정보센터(고속도로),129.0270767,36.4551146,Y
E914129,(청주영덕선)청주분기점,국가교통정보센터(고속도로),127.436078,36.563596,Y
E914130,(청주영덕선)청주분기점(램프),국가교통정보센터(고속도로),127.4302,36.5675,Y
E914131,(청주영덕선)탄부2,국가교통정보센터(고속도로),127.7657166,36.4544754,Y
E914132,(청주영덕선)탄부쉼터(영덕),국가교통정보센터(고속도로),127.77017211914,36.4546813964843,Y
E914133,(청주영덕선)탄부쉼터(청주),국가교통정보센터(고속도로),127.7708631,36.45475314,Y
E914134,(청주영덕선)탄부터널,국가교통정보센터(고속도로),127.745561,36.456359,Y
E914135,(청주영덕선)파천1터널(청주외부1),국가교통정보센터(고속도로),129.052761,36.469781,Y
E914136,(청주영덕선)파천1터널(청주외부2),국가교통정보센터(고속도로),129.041109,36.462192,Y
E914137,(청주영덕선)파천2터널(청주외부),국가교통정보센터(고속도로),129.068196,36.475085,Y
E914138,(청주영덕선)파천3터널(영덕외부1),국가교통정보센터(고속도로),129.077898,36.475063,Y
E914139,(청주영덕선)파천3터널(영덕외부2),국가교통정보센터(고속도로),129.091242,36.480933,Y
E914140,(청주영덕선)파천3터널(청주외부),국가교통정보센터(고속도로),129.092062,36.481997,Y
E914141,(청주영덕선)평각3교,국가교통정보센터(고속도로),127.776847839355,36.455093383789,Y
E914142,(청주영덕선)평온교,국가교통정보센터(고속도로),127.89587,36.44661497,Y
E914143,(청주영덕선)피반령,국가교통정보센터(고속도로),127.5898819,36.50297928,Y
E914144,(청주영덕선)피반령터널(영덕)5,국가교통정보센터(고속도로),127.580556,36.508118,Y
E914145,(청주영덕선)피반령터널(청주)7,국가교통정보센터(고속도로),127.569441,36.511309,Y
E914146,(청주영덕선)피반령터널(청주)외부,국가교통정보센터(고속도로),127.591358,36.502252,Y
E914147,(청주영덕선)현하천1교,국가교통정보센터(고속도로),128.842201,36.43491796,Y
E914148,(청주영덕선)화서,국가교통정보센터(고속도로),127.9623009,36.44252588,Y
E914149,(청주영덕선)화서휴게소,국가교통정보센터(고속도로),127.9183264,36.44538679,Y
E914150,(청주영덕선)회인,국가교통정보센터(고속도로),127.6084058,36.48709814,Y
E914151,(청주영덕선)회인대교,국가교통정보센터(고속도로),127.616539,36.47997284,Y
E914152,(청주영덕선)회인쉼터(청주),국가교통정보센터(고속도로),127.590744018554,36.5024032592773,Y
E914153,(청주영덕선)회인터널(영덕외부),국가교통정보센터(고속도로),127.627464,36.475301,Y
E914155,(통영대전선)(대전)고성2터널(대전외부1),국가교통정보센터(고속도로),128.249214,35.057539,Y
E914154,(통영대전선)(대전)고성2터널(대전외부2),국가교통정보센터(고속도로),128.229838,35.070714,Y
E914156,(통영대전선)(대전)산청1터널(대전),국가교통정보센터(고속도로),127.919538,35.358153,Y
E914157,(통영대전선)(대전)오도재터널(대전외부1)(153.1),국가교통정보센터(고속도로),127.651254,35.873723,Y
E914158,(통영대전선)(대전)통영1터널(대전2),국가교통정보센터(고속도로),128.405464,34.952299,Y
E914159,(통영대전선)(대전)함양터널(대전외부1),국가교통정보센터(고속도로),127.772183,35.600962,Y
E914160,(통영대전선)(대전)함양터널(대전외부2),국가교통정보센터(고속도로),127.757006,35.617851,Y
E914161,(통영대전선)(통영)산청1터널(통영),국가교통정보센터(고속도로),127.918948,35.359833,Y
E914162,(통영대전선)(통영)오도재터널(통영5고정),국가교통정보센터(고속도로),127.65923,35.884235,Y
E914163,(통영대전선)(통영)오도재터널(통영외부1)(154.9),국가교통정보센터(고속도로),127.657074,35.881123,Y
E914164,(통영대전선)(통영)육십령터널(통영외부1),국가교통정보센터(고속도로),127.629046,35.70362,Y
E914165,(통영대전선)(통영)육십령터널(통영외부2),국가교통정보센터(고속도로),127.658766,35.686278,Y
E914166,(통영대전선)(통영)통영1터널(통영2),국가교통정보센터(고속도로),128.402686,34.956467,Y
E914167,(통영대전선)(하남)오도재터널(하남3고정),국가교통정보센터(고속도로),127.6601,35.885443,Y
E914169,(통영대전선)(하남)육십령터널(하남외부1),국가교통정보센터(고속도로),127.658282,35.68663,Y
E914168,(통영대전선)(하남)육십령터널(하남외부2),국가교통정보센터(고속도로),127.629419,35.703401,Y
E914170,(통영대전선)가당1교,국가교통정보센터(고속도로),127.57836151123,36.0223426818847,Y
E914171,(통영대전선)가당2교,국가교통정보센터(고속도로),127.584576,36.010841,Y
E914172,(통영대전선)가오,국가교통정보센터(고속도로),127.463691711425,36.2960891723632,Y
E914173,(통영대전선)가오교,국가교통정보센터(고속도로),127.460662,36.302816,Y
E914174,(통영대전선)가화1교,국가교통정보센터(고속도로),128.01220703125,35.2066497802734,Y
E914175,(통영대전선)경호강,국가교통정보센터(고속도로),127.873784,35.404372,Y
E914178,(통영대전선)경호강4교,국가교통정보센터(고속도로),127.8949151,35.39209037,Y
E914176,(통영대전선)경호강4교2,국가교통정보센터(고속도로),127.882034301757,35.3979797363281,Y
E914177,(통영대전선)경호강5교,국가교통정보센터(고속도로),127.920294,35.355669,Y
E914179,(통영대전선)고성,국가교통정보센터(고속도로),128.346571,35.010404,Y
E914181,(통영대전선)고성1터널(통영)외부1,국가교통정보센터(고속도로),128.213071,35.074635,Y
E914180,(통영대전선)고성1터널(통영)외부2,국가교통정보센터(고속도로),128.229687,35.070747,Y
E914182,(통영대전선)고성휴게소,국가교통정보센터(고속도로),128.256877,35.053993,Y
E914183,(통영대전선)고성휴게소28,국가교통정보센터(고속도로),128.2699054,35.0494565,Y
E914184,(통영대전선)공주교,국가교통정보센터(고속도로),127.474647521972,36.2534561157226,Y
E914185,(통영대전선)관봉교,국가교통정보센터(고속도로),128.1342084,35.1234036,Y
E914186,(통영대전선)광도대교,국가교통정보센터(고속도로),128.413591,34.876826,Y
E914187,(통영대전선)굴암교,국가교통정보센터(고속도로),127.594100952148,35.9969482421875,Y
E914188,(통영대전선)금곡졸음쉼터,국가교통정보센터(고속도로),128.164428710937,35.0948677062988,Y
E914189,(통영대전선)금당2교,국가교통정보센터(고속도로),127.6648999,35.67628986,Y
E914190,(통영대전선)금산,국가교통정보센터(고속도로),128.318583,35.021467,Y
E914191,(통영대전선)금산185,국가교통정보센터(고속도로),127.5192929,36.10458442,Y
E914192,(통영대전선)금산육교,국가교통정보센터(고속도로),128.333291,35.01728612,Y
E914193,(통영대전선)금서,국가교통정보센터(고속도로),127.8500881,35.45658559,Y
E914194,(통영대전선)금서졸음쉼터,국가교통정보센터(고속도로),127.854774475097,35.4382019042968,Y
E914195,(통영대전선)남강천3교,국가교통정보센터(고속도로),127.813468933105,35.4916725158691,Y
E914196,(통영대전선)남대전,국가교통정보센터(고속도로),127.4742295,36.26513442,Y
E914197,(통영대전선)다곡,국가교통정보센터(고속도로),127.74056,35.62167,Y
E914198,(통영대전선)다곡1교,국가교통정보센터(고속도로),127.724143981933,35.6283798217773,Y
E914199,(통영대전선)다곡4교,국가교통정보센터(고속도로),127.747779846191,35.6185607910156,Y
E914200,(통영대전선)단성,국가교통정보센터(고속도로),127.9519563,35.29031091,Y
E914201,(통영대전선)대가교,국가교통정보센터(고속도로),128.2950913,35.03236785,Y
E914202,(통영대전선)대궁,국가교통정보센터(고속도로),127.808002,35.500872,Y
E914204,(통영대전선)대별3교,국가교통정보센터(고속도로),127.462783813476,36.2935142517089,Y
E914205,(통영대전선)대별3교(고정),국가교통정보센터(고속도로),127.461596,36.292158,Y
E914203,(통영대전선)대별4교,국가교통정보센터(고속도로),127.453222,36.278605,Y
E914206,(통영대전선)대암1교,국가교통정보센터(고속도로),127.4854828,36.1729714,Y
E914207,(통영대전선)대포,국가교통정보센터(고속도로),127.8478713,35.46760946,Y
E914208,(통영대전선)덕암1교,국가교통정보센터(고속도로),127.765403747558,35.5837440490722,Y
E914209,(통영대전선)덕유산,국가교통정보센터(고속도로),127.6469995,35.84282198,Y
E914210,(통영대전선)덕유산휴게소,국가교통정보센터(고속도로),127.6450595,35.81726198,Y
E914211,(통영대전선)동고성,국가교통정보센터(고속도로),128.374578,34.981393,Y
E914212,(통영대전선)동달,국가교통정보센터(고속도로),128.4326171875,34.8692474365234,Y
E914213,(통영대전선)두문,국가교통정보센터(고속도로),128.172179,35.091569,Y
E914214,(통영대전선)마달터널,국가교통정보센터(고속도로),127.49,36.21472,Y
E914215,(통영대전선)명석,국가교통정보센터(고속도로),127.997297,35.215621,Y
E914216,(통영대전선)무주,국가교통정보센터(고속도로),127.646053,35.97743413,Y
E914217,(통영대전선)무주졸음쉼터,국가교통정보센터(고속도로),127.605445861816,35.9942054748535,Y
E914218,(통영대전선)백천1교,국가교통정보센터(고속도로),127.773643493652,35.5292167663574,Y
E914219,(통영대전선)북통영,국가교통정보센터(고속도로),128.412372,34.893421,Y
E914220,(통영대전선)사내교,국가교통정보센터(고속도로),127.6607894,35.93689435,Y
E914221,(통영대전선)사천1터널,국가교통정보센터(고속도로),128.143498,35.108635,Y
E914222,(통영대전선)사천3터널,국가교통정보센터(고속도로),128.153889,35.098822,Y
E914223,(통영대전선)산내분기점,국가교통정보센터(고속도로),127.4525199,36.28225303,Y
E914224,(통영대전선)산청,국가교통정보센터(고속도로),127.8599119,35.42690984,Y
E914226,(통영대전선)산청1터널,국가교통정보센터(고속도로),127.9162724,35.3671621,Y
E914225,(통영대전선)산청2터널,국가교통정보센터(고속도로),127.942001342773,35.3043098449707,Y
E914227,(통영대전선)산청3터널,국가교통정보센터(고속도로),127.97564,35.254103,Y
E914228,(통영대전선)산청휴게소,국가교통정보센터(고속도로),127.9359483,35.34336839,Y
E914229,(통영대전선)삼가2교,국가교통정보센터(고속도로),127.6647574,35.89666554,Y
E914230,(통영대전선)생초,국가교통정보센터(고속도로),127.8249346,35.4816487,Y
E914231,(통영대전선)서상IC,국가교통정보센터(고속도로),127.6736145,35.66589737,Y
E914233,(통영대전선)서상125,국가교통정보센터(고속도로),127.679191,35.660407,Y
E914232,(통영대전선)서상126,국가교통정보센터(고속도로),127.676829,35.663442,Y
E914234,(통영대전선)서재1교,국가교통정보센터(고속도로),127.995277404785,35.2277450561523,Y
E914235,(통영대전선)서진주,국가교통정보센터(고속도로),128.038655,35.189335,Y
E914236,(통영대전선)서하,국가교통정보센터(고속도로),127.7179537,35.63217919,Y
E914237,(통영대전선)서하교,국가교통정보센터(고속도로),127.704231262207,35.6430397033691,Y
E914238,(통영대전선)서현교,국가교통정보센터(고속도로),127.988525390625,35.2428245544433,Y
E914239,(통영대전선)선원2교,국가교통정보센터(고속도로),127.5448201,36.07113021,Y
E914240,(통영대전선)세천,국가교통정보센터(고속도로),127.481521606445,36.3381919860839,Y
E914241,(통영대전선)세천2교,국가교통정보센터(고속도로),127.4805625,36.33282449,Y
E914242,(통영대전선)소곡교,국가교통정보센터(고속도로),128.1272282,35.12685763,Y
E914243,(통영대전선)송계,국가교통정보센터(고속도로),127.687423706054,35.6576271057128,Y
E914244,(통영대전선)송계3교,국가교통정보센터(고속도로),127.69556,35.65139,Y
E914245,(통영대전선)송산교,국가교통정보센터(고속도로),128.3685326,34.98300284,Y
E914246,(통영대전선)수동,국가교통정보센터(고속도로),127.776442,35.525228,Y
E914247,(통영대전선)수동졸음쉼터,국가교통정보센터(고속도로),127.8017393,35.51558839,Y
E914248,(통영대전선)수직교,국가교통정보센터(고속도로),128.4133741,34.91356097,Y
E914249,(통영대전선)신율,국가교통정보센터(고속도로),128.081771850585,35.1433143615722,Y
E914250,(통영대전선)양악교,국가교통정보센터(고속도로),127.640811,35.805525,Y
E914251,(통영대전선)어전1교,국가교통정보센터(고속도로),127.6191357,35.7870642,Y
E914252,(통영대전선)연화산,국가교통정보센터(고속도로),128.1931506,35.07974457,Y
E914253,(통영대전선)영천강1교,국가교통정보센터(고속도로),128.201415,35.075688,Y
E914254,(통영대전선)오동터널,국가교통정보센터(고속도로),127.615238,35.716485,Y
E914255,(통영대전선)오미,국가교통정보센터(고속도로),127.976726,35.249687,Y
E914256,(통영대전선)외부교,국가교통정보센터(고속도로),127.510292053222,36.1436805725097,Y
E914257,(통영대전선)외송,국가교통정보센터(고속도로),127.927749633789,35.3496284484863,Y
E914258,(통영대전선)용포1교,국가교통정보센터(고속도로),127.623992919921,35.9918022155761,Y
E914259,(통영대전선)은어송,국가교통정보센터(고속도로),127.46289,36.30973,Y
E914260,(통영대전선)인삼랜드휴게소,국가교통정보센터(고속도로),127.4972872,36.15370378,Y
E914261,(통영대전선)잠두교,국가교통정보센터(고속도로),127.6127471,35.99383435,Y
E914262,(통영대전선)장계,국가교통정보센터(고속도로),127.597586,35.738958,Y
E914263,(통영대전선)장기2교,국가교통정보센터(고속도로),127.6472693,35.8556413,Y
E914264,(통영대전선)장문,국가교통정보센터(고속도로),128.421145,34.871364,Y
E914265,(통영대전선)장수분기점,국가교통정보센터(고속도로),127.610155,35.727878,Y
E914266,(통영대전선)적문교,국가교통정보센터(고속도로),127.4778395,36.23819442,Y
E914267,(통영대전선)적상천2교,국가교통정보센터(고속도로),127.6626373,35.9578148,Y
E914268,(통영대전선)적상터널,국가교통정보센터(고속도로),127.6660326,35.9091066,Y
E914269,(통영대전선)죽림,국가교통정보센터(고속도로),128.412872314453,34.8855743408203,Y
E914270,(통영대전선)지곡,국가교통정보센터(고속도로),127.769703,35.58705768,Y
E914271,(통영대전선)진주대교,국가교통정보센터(고속도로),128.063046,35.164158,Y
E914272,(통영대전선)진주분기점,국가교통정보센터(고속도로),128.0977914,35.13829414,Y
E914273,(통영대전선)집재터널,국가교통정보센터(고속도로),127.594772,35.753677,Y
E914274,(통영대전선)창평교,국가교통정보센터(고속도로),127.527191162109,36.0932846069335,Y
E914275,(통영대전선)척정교,국가교통정보센터(고속도로),128.309295,35.022933,Y
E914276,(통영대전선)추부,국가교통정보센터(고속도로),127.4852128,36.19102141,Y
E914277,(통영대전선)통영1터널,국가교통정보센터(고속도로),128.395887,34.962164,Y
E914279,(통영대전선)통영2터널(대전)외부,국가교통정보센터(고속도로),128.406445,34.924097,Y
E914280,(통영대전선)통영2터널(통영)외부,국가교통정보센터(고속도로),128.406139,34.949686,Y
E914278,(통영대전선)통영3터널,국가교통정보센터(고속도로),128.413189,34.914634,Y
E914281,(통영대전선)통영시점,국가교통정보센터(고속도로),128.438069,34.867094,Y
E914282,(통영대전선)퇴옹교,국가교통정보센터(고속도로),127.968040466308,35.2803421020507,Y
E914283,(통영대전선)판문,국가교통정보센터(고속도로),128.02425,35.20004156,Y
E914284,(통영대전선)판문2,국가교통정보센터(고속도로),128.043090820312,35.1792564392089,Y
E914285,(통영대전선)판암,국가교통정보센터(고속도로),127.4722225,36.31671449,Y
E914286,(통영대전선)평거,국가교통정보센터(고속도로),128.0542311,35.17279457,Y
E914288,(통영대전선)평촌1교,국가교통정보센터(고속도로),127.7565247,35.56853005,Y
E914287,(통영대전선)평촌2교,국가교통정보센터(고속도로),127.757339477539,35.5594978332519,Y
E914289,(통영대전선)함양분기점,국가교통정보센터(고속도로),127.7696301,35.5353346,Y
E914290,(통영대전선)함양휴게소,국가교통정보센터(고속도로),127.7599862,35.55045306,Y
E914291,(통영대전선)현내1교,국가교통정보센터(고속도로),127.552955627441,36.0590476989746,Y
E914292,(통영대전선)현내3교,국가교통정보센터(고속도로),127.5693335,36.0364636,Y
E914293,(통영대전선)호티1교,국가교통정보센터(고속도로),127.5090215,36.1244016,Y
E914294,(통영대전선)화개교,국가교통정보센터(고속도로),128.1100604,35.13374468,Y
E914295,(평택시흥선)고정2교,국가교통정보센터(고속도로),126.75254,37.25191,Y
E914296,(평택시흥선)공룡알화석지,국가교통정보센터(고속도로),126.74591,37.26559,Y
E914297,(평택시흥선)군자RA,국가교통정보센터(고속도로),126.76824,37.35689,Y
E914298,(평택시흥선)군자RB,국가교통정보센터(고속도로),126.76648,37.36808,Y
E914299,(평택시흥선)금의1육교,국가교통정보센터(고속도로),126.8315,37.10902,Y
E914300,(평택시흥선)남안산,국가교통정보센터(고속도로),126.74955,37.32962,Y
E914301,(평택시흥선)남양교,국가교통정보센터(고속도로),126.80288,37.15136,Y
E914302,(평택시흥선)독정2육교,국가교통정보센터(고속도로),126.85366,37.07833,Y
E914303,(평택시흥선)서평택JCT,국가교통정보센터(고속도로),126.884,37.056,Y
E914304,(평택시흥선)석교교,국가교통정보센터(고속도로),126.77009,37.19565,Y
E914305,(평택시흥선)송산마도,국가교통정보센터(고속도로),126.76002,37.20911,Y
E914306,(평택시흥선)송산포도휴게소,국가교통정보센터(고속도로),126.75863,37.23941,Y
E914307,(평택시흥선)수촌1교,국가교통정보센터(고속도로),126.841,37.101,Y
E914308,(평택시흥선)시화대교,국가교통정보센터(고속도로),126.74616,37.29868,Y
E914309,(평택시흥선)신길교,국가교통정보센터(고속도로),126.7633717,37.34423026,Y
E914310,(평택시흥선)신길천교,국가교통정보센터(고속도로),126.75141,37.31336,Y
E914311,(평택시흥선)용포1교,국가교통정보센터(고속도로),126.76085,37.22518,Y
E914312,(평택시흥선)음섬2교,국가교통정보센터(고속도로),126.74568,37.28407,Y
E914313,(평택시흥선)장덕교,국가교통정보센터(고속도로),126.79481,37.16706,Y
E914314,(평택시흥선)장안영업소,국가교통정보센터(고속도로),126.8474,37.08985,Y
E914315,(평택시흥선)정든교,국가교통정보센터(고속도로),126.8648,37.06289,Y
E914316,(평택시흥선)조암IC,국가교통정보센터(고속도로),126.817,37.12,Y
E914317,(평택시흥선)주곡1교,국가교통정보센터(고속도로),126.809808,37.133153,Y
E914318,(평택시흥선)청원교,국가교통정보센터(고속도로),126.7806,37.17963,Y
E914319,(평택제천선)(평택)안진터널(평택외부),국가교통정보센터(고속도로),127.38473,36.97378,Y
E914321,(평택제천선)가흥2교,국가교통정보센터(고속도로),127.856963,37.065889,Y
E914320,(평택제천선)가흥3교,국가교통정보센터(고속도로),127.860366821289,37.0676078796386,Y
E914322,(평택제천선)강문교,국가교통정보센터(고속도로),127.150901794433,37.0369720458984,Y
E914323,(평택제천선)고념1교,국가교통정보센터(고속도로),126.894359,37.052888,Y
E914324,(평택제천선)고덕,국가교통정보센터(고속도로),127.033111572265,37.02587890625,Y
E914325,(평택제천선)고잔,국가교통정보센터(고속도로),126.90437,37.050459,Y
E914326,(평택제천선)공도교,국가교통정보센터(고속도로),127.1922176,37.006277,Y
E914327,(평택제천선)광혜원졸음쉼터,국가교통정보센터(고속도로),127.425575256347,36.9518852233886,Y
E914328,(평택제천선)궁리2교,국가교통정보센터(고속도로),127.0443567,37.02470982,Y
E914329,(평택제천선)금광1터널(제천)외부,국가교통정보센터(고속도로),127.306528,36.975419,Y
E914330,(평택제천선)금광1터널(평택)외부,국가교통정보센터(고속도로),127.290346,36.973131,Y
E914331,(평택제천선)금성터널(제천1),국가교통정보센터(고속도로),128.0907288,37.06472397,Y
E914332,(평택제천선)금성터널(제천7),국가교통정보센터(고속도로),128.1130371,37.06643171,Y
E914333,(평택제천선)금성터널(평택13),국가교통정보센터(고속도로),128.1223614,37.06875408,Y
E914334,(평택제천선)금성터널(평택17),국가교통정보센터(고속도로),128.137761,37.07295479,Y
E914335,(평택제천선)금성터널(평택외부),국가교통정보센터(고속도로),128.1360837,37.07253984,Y
E914336,(평택제천선)금왕꽃동네,국가교통정보센터(고속도로),127.5506592,36.9547348,Y
E914337,(평택제천선)금왕휴게소,국가교통정보센터(고속도로),127.592358,36.972935,Y
E914338,(평택제천선)남안성,국가교통정보센터(고속도로),127.2458309,36.9752173,Y
E914339,(평택제천선)남안성2,국가교통정보센터(고속도로),127.2568588,36.97200012,Y
E914340,(평택제천선)남한강대교,국가교통정보센터(고속도로),127.896835,37.068163,Y
E914342,(평택제천선)노은1터널(평택외부1),국가교통정보센터(고속도로),127.750384,37.039631,Y
E914343,(평택제천선)노은1터널(평택외부2),국가교통정보센터(고속도로),127.772249,37.037331,Y
E914341,(평택제천선)노은2터널,국가교통정보센터(고속도로),127.778381,37.036341,Y
E914344,(평택제천선)노은4터널,국가교통정보센터(고속도로),127.793973,37.036816,Y
E914345,(평택제천선)대소분기점,국가교통정보센터(고속도로),127.4731575,36.93951446,Y
E914346,(평택제천선)동락천교,국가교통정보센터(고속도로),127.687802,37.009681,Y
E914347,(평택제천선)동충주,국가교통정보센터(고속도로),127.92035,37.064487,Y
E914348,(평택제천선)만정교,국가교통정보센터(고속도로),127.178871154785,37.0123748779296,Y
E914349,(평택제천선)명서1교,국가교통정보센터(고속도로),128.015948,37.066629,Y
E914350,(평택제천선)문숭리,국가교통정보센터(고속도로),127.716286,37.015109,Y
E914351,(평택제천선)반제터널,국가교통정보센터(고속도로),127.172045,37.016264,Y
E914352,(평택제천선)봉곡교,국가교통정보센터(고속도로),127.581372,36.964706,Y
E914353,(평택제천선)봉현2교,국가교통정보센터(고속도로),127.538200378417,36.9508514404296,Y
E914355,(평택제천선)부윤리1,국가교통정보센터(고속도로),127.517189,36.944931,Y
E914356,(평택제천선)부윤리2,국가교통정보센터(고속도로),127.529874,36.948246,Y
E914354,(평택제천선)북진천,국가교통정보센터(고속도로),127.4523621,36.94519806,Y
E914357,(평택제천선)사우정,국가교통정보센터(고속도로),127.837974548339,37.0424995422363,Y
E914358,(평택제천선)산척1교,국가교통정보센터(고속도로),127.962974,37.068816,Y
E914359,(평택제천선)산척1터널(제천외부),국가교통정보센터(고속도로),127.9411623,37.06214699,Y
E914360,(평택제천선)산척1터널(평택외부),국가교통정보센터(고속도로),127.951301,37.063474,Y
E914361,(평택제천선)산척3터널(평택외부),국가교통정보센터(고속도로),128.0716973,37.06687327,Y
E914362,(평택제천선)산척4터널(평택외부),국가교통정보센터(고속도로),128.093608,37.066077,Y
E914363,(평택제천선)서안성,국가교통정보센터(고속도로),127.1598638,37.03398629,Y
E914364,(평택제천선)서충주IC,국가교통정보센터(고속도로),127.668576,37.010229,Y
E914365,(평택제천선)송탄,국가교통정보센터(고속도로),127.1078518,37.03483191,Y
E914366,(평택제천선)송탄2,국가교통정보센터(고속도로),127.115443,37.03315307,Y
E914367,(평택제천선)송탄교,국가교통정보센터(고속도로),127.09242,37.037058,Y
E914368,(평택제천선)수태1교,국가교통정보센터(고속도로),127.497858,36.943907,Y
E914369,(평택제천선)신니교,국가교통정보센터(고속도로),127.701404,37.008665,Y
E914370,(평택제천선)안성맞춤휴게소,국가교통정보센터(고속도로),127.2777786,36.9690361,Y
E914371,(평택제천선)안성분기점,국가교통정보센터(고속도로),127.1333129,37.03479027,Y
E914372,(평택제천선)안성천교,국가교통정보센터(고속도로),127.2286111,36.98555556,Y
E914373,(평택제천선)안진터널(제천)5,국가교통정보센터(고속도로),127.402049,36.963643,Y
E914374,(평택제천선)안진터널(제천)외부,국가교통정보센터(고속도로),127.412148,36.956685,Y
E914375,(평택제천선)안진터널(평택)7,국가교통정보센터(고속도로),127.396041,36.967467,Y
E914376,(평택제천선)안화2교,국가교통정보센터(고속도로),126.991798400878,37.0237998962402,Y
E914377,(평택제천선)양기3교,국가교통정보센터(고속도로),127.206863,36.996422,Y
E914379,(평택제천선)오생1교,국가교통정보센터(고속도로),127.645917,37.002553,Y
E914380,(평택제천선)오생리,국가교통정보센터(고속도로),127.650037,37.005843,Y
E914378,(평택제천선)옥정교,국가교통정보센터(고속도로),127.3672943,36.97433853,Y
E914381,(평택제천선)용계2교,국가교통정보센터(고속도로),127.603345,36.982809,Y
E914382,(평택제천선)유촌리,국가교통정보센터(고속도로),127.566266,36.958122,Y
E914383,(평택제천선)육령2교,국가교통정보센터(고속도로),127.614331,36.9861,Y
E914384,(평택제천선)육령5교,국가교통정보센터(고속도로),127.628751,36.997617,Y
E914385,(평택제천선)육령7교,국가교통정보센터(고속도로),127.640380859375,36.9988288879394,Y
E914386,(평택제천선)음성IC,국가교통정보센터(고속도로),127.619068,36.989029,Y
E914387,(평택제천선)장천1교,국가교통정보센터(고속도로),127.871691,37.069675,Y
E914388,(평택제천선)제천분기점,국가교통정보센터(고속도로),128.172916,37.08169,Y
E914389,(평택제천선)죽현,국가교통정보센터(고속도로),127.41922,36.95366287,Y
E914390,(평택제천선)중앙탑졸음쉼터,국가교통정보센터(고속도로),127.833740234375,37.041332244873,Y
E914391,(평택제천선)진교,국가교통정보센터(고속도로),128.160286,37.07757953,Y
E914392,(평택제천선)천등산3터널(제천외부),국가교통정보센터(고속도로),128.042555,37.063204,Y
E914393,(평택제천선)천등산3터널(평택외부),국가교통정보센터(고속도로),128.0529327,37.06452746,Y
E914394,(평택제천선)천등산휴계소(평택),국가교통정보센터(고속도로),127.9887983,37.07685409,Y
E914395,(평택제천선)청룡교,국가교통정보센터(고속도로),127.120109558105,37.0326652526855,Y
E914396,(평택제천선)청북,국가교통정보센터(고속도로),126.9177645,37.04871012,Y
E914397,(평택제천선)충주분기점,국가교통정보센터(고속도로),127.7459,37.03894,Y
E914398,(평택제천선)토진,국가교통정보센터(고속도로),126.972075,37.031325,Y
E914399,(평택제천선)토진2교,국가교통정보센터(고속도로),126.9510295,37.04433222,Y
E914400,(평택제천선)평택분기점,국가교통정보센터(고속도로),126.9708333,37.03111111,Y
E914401,(평택제천선)평택터널,국가교통정보센터(고속도로),127.0768079,37.02886982,Y
E914402,(평택제천선)하구암3교,국가교통정보센터(고속도로),127.811496,37.037663,Y
E914403,(평택제천선)하구암7교,국가교통정보센터(고속도로),127.843487,37.04671,Y
E914404,(평택제천선)한운,국가교통정보센터(고속도로),127.3344491,36.98116922,Y
E914405,(평택제천선)해창교,국가교통정보센터(고속도로),127.0183903,37.02588444,Y
E914406,(평택제천선)현곡1,국가교통정보센터(고속도로),127.3468094,36.98116684,Y
E914407,(평택제천선)현곡1교,국가교통정보센터(고속도로),126.934814453125,37.048542022705,Y
E914408,(평택제천선)화석리1,국가교통정보센터(고속도로),127.724446,37.027136,Y
E914409,(평택제천선)화석리2,국가교통정보센터(고속도로),127.732847,37.033894,Y
E914410,(평택화성선)동탄오산천교,국가교통정보센터(고속도로),127.0875,37.17806,Y
E914411,(평택화성선)봉담,국가교통정보센터(고속도로),126.9565887,37.22908865,Y
E914412,(평택화성선)봉담터널(평택),국가교통정보센터(고속도로),126.9636547,37.2174521,Y
E914413,(평택화성선)봉담터널(화성),국가교통정보센터(고속도로),126.964088,37.216411,Y
E914414,(평택화성선)서오산분기점,국가교통정보센터(고속도로),126.99778,37.17639,Y
E914415,(평택화성선)서오산영업소,국가교통정보센터(고속도로),127.0063889,37.18388889,Y
E914416,(평택화성선)안녕IC,국가교통정보센터(고속도로),127.0119444,37.19222222,Y
E914417,(평택화성선)양감정문리,국가교통정보센터(고속도로),126.9905556,37.08833333,Y
E914418,(평택화성선)정남용수교,국가교통정보센터(고속도로),126.9975,37.16916667,Y
E914419,(평택화성선)청북,국가교통정보센터(고속도로),126.9847222,37.045,Y
E914420,(함양울산선(창녕밀양))광계3교,국가교통정보센터(고속도로),128.496284,35.464568,Y
E914421,(함양울산선(창녕밀양))무안1터널(울산)4,국가교통정보센터(고속도로),128.610042,35.480668,Y
E914422,(함양울산선(창녕밀양))무안1터널(울산)5,국가교통정보센터(고속도로),128.612118,35.481272,Y
E914423,(함양울산선(창녕밀양))무안1터널(울산)6,국가교통정보센터(고속도로),128.614195,35.481874,Y
E914424,(함양울산선(창녕밀양))무안1터널(울산)8,국가교통정보센터(고속도로),128.61837,35.483023,Y
E914425,(함양울산선(창녕밀양))무안1터널(울산)외부1,국가교통정보센터(고속도로),128.589621,35.474614,Y
E914426,(함양울산선(창녕밀양))무안1터널(함양)2,국가교통정보센터(고속도로),128.62049,35.483512,Y
E914427,(함양울산선(창녕밀양))무안1터널(함양)4,국가교통정보센터(고속도로),128.616272,35.482476,Y
E914428,(함양울산선(창녕밀양))무안1터널(함양)8,국가교통정보센터(고속도로),128.606929,35.479762,Y
E914429,(함양울산선(창녕밀양))무안1터널(함양)9,국가교통정보센터(고속도로),128.605891,35.47946,Y
E914430,(함양울산선(창녕밀양))무안1터널(함양)외부1,국가교통정보센터(고속도로),128.619795,35.483717,Y
E914431,(함양울산선(창녕밀양))무안2터널(울산)10,국가교통정보센터(고속도로),128.655163,35.486917,Y
E914432,(함양울산선(창녕밀양))무안2터널(울산)12,국가교통정보센터(고속도로),128.652378,35.48598466,Y
E914433,(함양울산선(창녕밀양))무안2터널(울산)4,국가교통정보센터(고속도로),128.6410011,35.48433757,Y
E914434,(함양울산선(창녕밀양))무안2터널(울산)6,국가교통정보센터(고속도로),128.644628,35.484588,Y
E914435,(함양울산선(창녕밀양))무안2터널(울산)외부1,국가교통정보센터(고속도로),128.620406,35.483413,Y
E914437,(함양울산선(창녕밀양))무안2터널(함양)10,국가교통정보센터(고속도로),128.6422366,35.48474994,Y
E914438,(함양울산선(창녕밀양))무안2터널(함양)12,국가교통정보센터(고속도로),128.6253762,35.48441616,Y
E914436,(함양울산선(창녕밀양))무안2터널(함양)2,국가교통정보센터(고속도로),128.6525454,35.48575143,Y
E914439,(함양울산선(창녕밀양))무안2터널(함양)6,국가교통정보센터(고속도로),128.6487637,35.48495831,Y
E914440,(함양울산선(창녕밀양))무안2터널(함양)8,국가교통정보센터(고속도로),128.645728,35.484621,Y
E914441,(함양울산선(창녕밀양))무안2터널(함양)외부1,국가교통정보센터(고속도로),128.658844,35.488596,Y
E914442,(함양울산선(창녕밀양))밀양휴게소,국가교통정보센터(고속도로),128.664026,35.490608,Y
E914443,(함양울산선(창녕밀양))부북1터널(울산)2,국가교통정보센터(고속도로),128.707507,35.502048,Y
E914444,(함양울산선(창녕밀양))부북1터널(울산)4,국가교통정보센터(고속도로),128.71103,35.504205,Y
E914445,(함양울산선(창녕밀양))부북1터널(울산)6,국가교통정보센터(고속도로),128.7105197,35.50375771,Y
E914446,(함양울산선(창녕밀양))부북1터널(울산)8,국가교통정보센터(고속도로),128.7126778,35.50522304,Y
E914447,(함양울산선(창녕밀양))부북1터널(울산)외부1,국가교통정보센터(고속도로),128.694817,35.498239,Y
E914448,(함양울산선(창녕밀양))부북1터널(울산)외부2,국가교통정보센터(고속도로),128.714059,35.506472,Y
E914449,(함양울산선(창녕밀양))부북1터널(함양)3,국가교통정보센터(고속도로),128.7124294,35.50546087,Y
E914450,(함양울산선(창녕밀양))부북1터널(함양)5,국가교통정보센터(고속도로),128.7101941,35.50386371,Y
E914451,(함양울산선(창녕밀양))부북1터널(함양)7,국가교통정보센터(고속도로),128.7108384,35.50436374,Y
E914452,(함양울산선(창녕밀양))부북1터널(함양)9,국가교통정보센터(고속도로),128.706575,35.501567,Y
E914453,(함양울산선(창녕밀양))부북1터널(함양)외부1,국가교통정보센터(고속도로),128.716841,35.508899,Y
E914454,(함양울산선(창녕밀양))부북1터널(함양)외부2,국가교통정보센터(고속도로),128.6948057,35.49793037,Y
E914456,(함양울산선(창녕밀양))부북2터널(울산)10,국가교통정보센터(고속도로),128.7523634,35.52168056,Y
E914457,(함양울산선(창녕밀양))부북2터널(울산)12,국가교통정보센터(고속도로),128.7553428,35.52182647,Y
E914458,(함양울산선(창녕밀양))부북2터널(울산)14,국가교통정보센터(고속도로),128.767534,35.522252,Y
E914459,(함양울산선(창녕밀양))부북2터널(울산)16,국가교통정보센터(고속도로),128.7611241,35.52206659,Y
E914455,(함양울산선(창녕밀양))부북2터널(울산)2,국가교통정보센터(고속도로),128.7393394,35.52090487,Y
E914460,(함양울산선(창녕밀양))부북2터널(울산)4,국가교통정보센터(고속도로),128.7423869,35.52114474,Y
E914461,(함양울산선(창녕밀양))부북2터널(울산)6,국가교통정보센터(고속도로),128.745797,35.52132972,Y
E914462,(함양울산선(창녕밀양))부북2터널(울산)8,국가교통정보센터(고속도로),128.750122,35.52151035,Y
E914463,(함양울산선(창녕밀양))부북2터널(울산)외부1,국가교통정보센터(고속도로),128.735038,35.519915,Y
E914465,(함양울산선(창녕밀양))부북2터널(함양)10,국가교통정보센터(고속도로),128.7502424,35.52197721,Y
E914466,(함양울산선(창녕밀양))부북2터널(함양)12,국가교통정보센터(고속도로),128.7459058,35.52176972,Y
E914467,(함양울산선(창녕밀양))부북2터널(함양)14,국가교통정보센터(고속도로),128.7424079,35.52160403,Y
E914468,(함양울산선(창녕밀양))부북2터널(함양)16,국가교통정보센터(고속도로),128.7393946,35.52116541,Y
E914464,(함양울산선(창녕밀양))부북2터널(함양)2,국가교통정보센터(고속도로),128.7612784,35.52256899,Y
E914469,(함양울산선(창녕밀양))부북2터널(함양)4,국가교통정보센터(고속도로),128.768629,35.52215,Y
E914470,(함양울산선(창녕밀양))부북2터널(함양)6,국가교통정보센터(고속도로),128.7554411,35.52229364,Y
E914471,(함양울산선(창녕밀양))부북2터널(함양)8,국가교통정보센터(고속도로),128.7523839,35.52211733,Y
E914472,(함양울산선(창녕밀양))부북2터널(함양)외부1,국가교통정보센터(고속도로),128.763792,35.522672,Y
E914473,(함양울산선(창녕밀양))부북2터널(함양)외부2,국가교통정보센터(고속도로),128.737444,35.52084,Y
E914474,(함양울산선(창녕밀양))부북교,국가교통정보센터(고속도로),128.72312,35.513814,Y
E914475,(함양울산선(창녕밀양))산외1터널(울산)1,국가교통정보센터(고속도로),128.787774,35.518198,Y
E914476,(함양울산선(창녕밀양))산외1터널(울산)3,국가교통정보센터(고속도로),128.779096,35.52051411,Y
E914477,(함양울산선(창녕밀양))산외1터널(울산)5,국가교통정보센터(고속도로),128.7832176,35.51947097,Y
E914478,(함양울산선(창녕밀양))산외1터널(울산)7,국가교통정보센터(고속도로),128.7946,35.515273,Y
E914479,(함양울산선(창녕밀양))산외1터널(울산)9,국가교통정보센터(고속도로),128.7892232,35.51740846,Y
E914480,(함양울산선(창녕밀양))산외1터널(함양)1,국가교통정보센터(고속도로),128.7889255,35.51789951,Y
E914481,(함양울산선(창녕밀양))산외1터널(함양)3,국가교통정보센터(고속도로),128.7866401,35.51872641,Y
E914482,(함양울산선(창녕밀양))산외1터널(함양)5,국가교통정보센터(고속도로),128.783587,35.51972684,Y
E914483,(함양울산선(창녕밀양))산외1터널(함양)7,국가교통정보센터(고속도로),128.7793671,35.5208075,Y
E914484,(함양울산선(창녕밀양))산외1터널(함양)외부1,국가교통정보센터(고속도로),128.790207,35.517053,Y
E914486,(함양울산선(창녕밀양))영산터널(울산)10,국가교통정보센터(고속도로),128.559987,35.47048,Y
E914487,(함양울산선(창녕밀양))영산터널(울산)12,국가교통정보센터(고속도로),128.5655282,35.47094609,Y
E914488,(함양울산선(창녕밀양))영산터널(울산)14,국가교통정보센터(고속도로),128.570439,35.471607,Y
E914489,(함양울산선(창녕밀양))영산터널(울산)16,국가교통정보센터(고속도로),128.575085,35.47207439,Y
E914490,(함양울산선(창녕밀양))영산터널(울산)18,국가교통정보센터(고속도로),128.5777403,35.47237315,Y
E914485,(함양울산선(창녕밀양))영산터널(울산)2,국가교통정보센터(고속도로),128.5308939,35.46695877,Y
E914491,(함양울산선(창녕밀양))영산터널(울산)20,국가교통정보센터(고속도로),128.5799555,35.47270013,Y
E914492,(함양울산선(창녕밀양))영산터널(울산)22,국가교통정보센터(고속도로),128.591334,35.475296,Y
E914493,(함양울산선(창녕밀양))영산터널(울산)4,국가교통정보센터(고속도로),128.544718,35.468713,Y
E914494,(함양울산선(창녕밀양))영산터널(울산)6,국가교통정보센터(고속도로),128.5452271,35.46861905,Y
E914495,(함양울산선(창녕밀양))영산터널(울산)8,국가교통정보센터(고속도로),128.556716,35.470095,Y
E914496,(함양울산선(창녕밀양))영산터널(울산)외부1,국가교통정보센터(고속도로),128.526523,35.466721,Y
E914497,(함양울산선(창녕밀양))영산터널(함양)1,국가교통정보센터(고속도로),128.590286,35.47502,Y
E914498,(함양울산선(창녕밀양))영산터널(함양)11,국가교통정보센터(고속도로),128.5656255,35.47134699,Y
E914499,(함양울산선(창녕밀양))영산터널(함양)13,국가교통정보센터(고속도로),128.561077,35.470607,Y
E914500,(함양울산선(창녕밀양))영산터널(함양)15,국가교통정보센터(고속도로),128.555626,35.469967,Y
E914501,(함양울산선(창녕밀양))영산터널(함양)17,국가교통정보센터(고속도로),128.549904,35.46957631,Y
E914502,(함양울산선(창녕밀양))영산터널(함양)19,국가교통정보센터(고속도로),128.545808,35.468839,Y
E914503,(함양울산선(창녕밀양))영산터널(함양)21,국가교통정보센터(고속도로),128.5386688,35.46820832,Y
E914504,(함양울산선(창녕밀양))영산터널(함양)3,국가교통정보센터(고속도로),128.5854204,35.47420217,Y
E914505,(함양울산선(창녕밀양))영산터널(함양)5,국가교통정보센터(고속도로),128.5801664,35.47327076,Y
E914506,(함양울산선(창녕밀양))영산터널(함양)7,국가교통정보센터(고속도로),128.5750835,35.4724946,Y
E914507,(함양울산선(창녕밀양))영산터널(함양)9,국가교통정보센터(고속도로),128.570894,35.471738,Y
E914508,(함양울산선(창녕밀양))영산터널(함양)외부1,국가교통정보센터(고속도로),128.586288,35.474407,Y
E914509,(함양울산선(창녕밀양))영산터널(함양)외부2,국가교통정보센터(고속도로),128.522506,35.465856,Y
E914510,(함양울산선(창녕밀양))운정천1교,국가교통정보센터(고속도로),128.671399,35.493514,Y
E914511,(함양울산선(창녕밀양))창녕분기점,국가교통정보센터(고속도로),128.511382,35.465142,Y
E914512,(함양울산선)(울산)단장1터널(울산3),국가교통정보센터(고속도로),128.843626,35.50472306,Y
E914513,(함양울산선)(울산)단장2터널(울산1),국가교통정보센터(고속도로),128.8605004,35.49895563,Y
E914514,(함양울산선)(울산)단장2터널(울산12),국가교통정보센터(고속도로),128.8800088,35.49225046,Y
E914515,(함양울산선)(울산)단장2터널(울산7),국가교통정보센터(고속도로),128.8659606,35.49704645,Y
E914516,(함양울산선)(울산)단장4터널(울산2),국가교통정보센터(고속도로),128.8943848,35.49233644,Y
E914517,(함양울산선)(울산)단장4터널(울산9),국가교통정보센터(고속도로),128.9168258,35.50004265,Y
E914518,(함양울산선)(울산)산외3터널(울산4),국가교통정보센터(고속도로),128.8066678,35.51207034,Y
E914519,(함양울산선)(울산)산외3터널(울산8),국가교통정보센터(고속도로),128.8224689,35.5105597,Y
E914520,(함양울산선)(울산)삼동1터널(울산3),국가교통정보센터(고속도로),129.1566108,35.5080996,Y
E914521,(함양울산선)(울산)신불산터널(울산11),국가교통정보센터(고속도로),129.0310346,35.53360553,Y
E914522,(함양울산선)(울산)신불산터널(울산17),국가교통정보센터(고속도로),129.0418014,35.5334597,Y
E914524,(함양울산선)(울산)신불산터널(울산27),국가교통정보센터(고속도로),129.0604881,35.53004644,Y
E914523,(함양울산선)(울산)신불산터널(울산3),국가교통정보센터(고속도로),129.0205169,35.53204085,Y
E914525,(함양울산선)(울산)신불산터널(울산32),국가교통정보센터(고속도로),129.0630225,35.52914704,Y
E914526,(함양울산선)(울산)신불산터널(울산외부1),국가교통정보센터(고속도로),129.008259,35.527382,Y
E914527,(함양울산선)(울산)재약산터널(울산10),국가교통정보센터(고속도로),128.9380503,35.50694186,Y
E914528,(함양울산선)(울산)재약산터널(울산22),국가교통정보센터(고속도로),128.9733233,35.51003972,Y
E914529,(함양울산선)(울산)재약산터널(울산외부1),국가교통정보센터(고속도로),129.008259,35.527382,Y
E914530,(함양울산선)(함양)단장1터널(함양5),국가교통정보센터(고속도로),128.8525609,35.50220259,Y
E914531,(함양울산선)(함양)단장2터널(함양2),국가교통정보센터(고속도로),128.8818298,35.49225361,Y
E914532,(함양울산선)(함양)단장2터널(함양7),국가교통정보센터(고속도로),128.8700815,35.49607698,Y
E914533,(함양울산선)(함양)단장4터널(함양12),국가교통정보센터(고속도로),128.9007324,35.49494003,Y
E914534,(함양울산선)(함양)단장4터널(함양5),국가교통정보센터(고속도로),128.9190084,35.50122899,Y
E914535,(함양울산선)(함양)단장4터널(함양외부1),국가교통정보센터(고속도로),128.9213312,35.50182281,Y
E914536,(함양울산선)(함양)산외3터널(함양2),국가교통정보센터(고속도로),128.8266824,35.50985613,Y
E914537,(함양울산선)(함양)산외3터널(함양6),국가교통정보센터(고속도로),128.8153939,35.51193704,Y
E914538,(함양울산선)(함양)삼동1터널(함양3),국가교통정보센터(고속도로),129.1556617,35.50887349,Y
E914539,(함양울산선)(함양)신불산터널(함양18),국가교통정보센터(고속도로),129.0507521,35.53228951,Y
E914541,(함양울산선)(함양)신불산터널(함양24),국가교통정보센터(고속도로),129.0399117,35.53392873,Y
E914542,(함양울산선)(함양)신불산터널(함양3),국가교통정보센터(고속도로),129.0764931,35.52593761,Y
E914540,(함양울산선)(함양)신불산터널(함양32),국가교통정보센터(고속도로),129.0277056,35.53361651,Y
E914543,(함양울산선)(함양)신불산터널(함양9),국가교통정보센터(고속도로),129.0534875,35.53131931,Y
E914545,(함양울산선)(함양)재약산터널(함양15),국가교통정보센터(고속도로),128.9640022,35.50879513,Y
E914544,(함양울산선)(함양)재약산터널(함양27),국가교통정보센터(고속도로),128.9462605,35.50841817,Y
E914546,(함양울산선)(함양)재약산터널(함양외부1),국가교통정보센터(고속도로),129.0082283,35.5280199,Y
E914547,(함양울산선)대복1교,국가교통정보센터(고속도로),129.206853,35.497966,Y
E914548,(함양울산선)대복2교,국가교통정보센터(고속도로),129.217216,35.499213,Y
E914549,(함양울산선)밀양JCT,국가교통정보센터(고속도로),128.799975,35.513456,Y
E914551,(함양울산선)밀양원톨링1,국가교통정보센터(고속도로),128.798178,35.516883,Y
E914550,(함양울산선)밀양원톨링2,국가교통정보센터(고속도로),128.796393,35.516367,Y
E914552,(함양울산선)밀양원톨링3(신대구부산선합류부),국가교통정보센터(고속도로),128.796524,35.521387,Y
E914553,(함양울산선)배내골진입로,국가교통정보센터(고속도로),129.0084447,35.52483757,Y
E914554,(함양울산선)보은1교,국가교통정보센터(고속도로),129.112198,35.51456,Y
E914555,(함양울산선)보은철교,국가교통정보센터(고속도로),129.132064,35.51191,Y
E914556,(함양울산선)삼동교,국가교통정보센터(고속도로),129.142402,35.512564,Y
E914557,(함양울산선)서울주JC,국가교통정보센터(고속도로),129.110516,35.511317,Y
E914558,(함양울산선)신불산터널(22)함양,국가교통정보센터(고속도로),129.0742035,35.52561188,Y
E914559,(함양울산선)울주JC1,국가교통정보센터(고속도로),129.253098,35.502192,Y
E914560,(함양울산선)울주JC2,국가교통정보센터(고속도로),129.255098,35.501758,Y
E914561,(함양울산선)율리교,국가교통정보센터(고속도로),129.235613,35.50185,Y
E914562,(함양울산선)작동2교,국가교통정보센터(고속도로),129.188506,35.497689,Y
E914563,(함양울산선)작동3교,국가교통정보센터(고속도로),129.193451,35.496636,Y
E914564,(함양울산선)출강2교,국가교통정보센터(고속도로),129.165929,35.503723,Y
E914565,(호남선)(순천)못재터널(순천외부1),국가교통정보센터(고속도로),126.791613,35.279121,Y
E914566,(호남선)(천안)못재터널(천안외부1),국가교통정보센터(고속도로),126.79374,35.26644,Y
E914567,(호남선)가정,국가교통정보센터(고속도로),127.157203674316,35.2573928833007,Y
E914568,(호남선)갈동육교,국가교통정보센터(고속도로),127.049311,35.850026,Y
E914569,(호남선)감곡,국가교통정보센터(고속도로),126.94758605957,35.6940193176269,Y
E914570,(호남선)경악교,국가교통정보센터(고속도로),127.23526763916,35.1991958618164,Y
E914573,(호남선)고서분기점,국가교통정보센터(고속도로),126.9595883,35.22372304,Y
E914571,(호남선)곡성,국가교통정보센터(고속도로),127.22333,35.22611,Y
E914572,(호남선)곡성휴게소,국가교통정보센터(고속도로),127.14889,35.25944,Y
E914574,(호남선)광산,국가교통정보센터(고속도로),126.8280403,35.21641962,Y
E914575,(호남선)광산정류장,국가교통정보센터(고속도로),126.8268182,35.2236396,Y
E914576,(호남선)광주영업소,국가교통정보센터(고속도로),126.8102986,35.24984192,Y
E914577,(호남선)구덕,국가교통정보센터(고속도로),127.082824707031,35.9379348754882,Y
E914578,(호남선)금산사,국가교통정보센터(고속도로),126.9892908,35.7368104,Y
E914579,(호남선)김제,국가교통정보센터(고속도로),127.0023408,35.77581347,Y
E914580,(호남선)내장산,국가교통정보센터(고속도로),126.8018556,35.50950702,Y
E914581,(호남선)논산분기점,국가교통정보센터(고속도로),127.10194,36.07889,Y
E914582,(호남선)농소리,국가교통정보센터(고속도로),127.232049,35.217409,Y
E914583,(호남선)당월교,국가교통정보센터(고속도로),127.25657,35.15857,Y
E914584,(호남선)대덕,국가교통정보센터(고속도로),127.052786,35.251739,Y
E914585,(호남선)대덕분기점,국가교통정보센터(고속도로),127.044308,35.246587,Y
E914586,(호남선)대덕육교,국가교통정보센터(고속도로),127.020545959472,35.2423553466796,Y
E914587,(호남선)대덕터널,국가교통정보센터(고속도로),127.063889,35.260556,Y
E914588,(호남선)대율교,국가교통정보센터(고속도로),127.0231708,35.7969235,Y
E914589,(호남선)덕흥교,국가교통정보센터(고속도로),127.259211,35.148842,Y
E914590,(호남선)도천,국가교통정보센터(고속도로),126.829193115234,35.2135200500488,Y
E914591,(호남선)동광주,국가교통정보센터(고속도로),126.9476482,35.21488031,Y
E914592,(호남선)동광주영업소,국가교통정보센터(고속도로),126.944783,35.210617,Y
E914593,(호남선)동림,국가교통정보센터(고속도로),126.8645566,35.19265031,Y
E914594,(호남선)두월육교,국가교통정보센터(고속도로),127.3222386,35.0282477,Y
E914595,(호남선)등천,국가교통정보센터(고속도로),126.792457580566,35.4842834472656,Y
E914596,(호남선)만경강교,국가교통정보센터(고속도로),127.0597222,35.88833333,Y
E914597,(호남선)매곡,국가교통정보센터(고속도로),126.87548828125,35.189281463623,Y
E914598,(호남선)명강교,국가교통정보센터(고속도로),127.251014709472,35.1658401489257,Y
E914599,(호남선)묘현,국가교통정보센터(고속도로),126.802401,35.407989,Y
E914600,(호남선)문학,국가교통정보센터(고속도로),127.085289001464,35.2644462585449,Y
E914601,(호남선)문화,국가교통정보센터(고속도로),126.922735,35.181443,Y
E914602,(호남선)문흥,국가교통정보센터(고속도로),126.929359436035,35.1930427551269,Y
E914603,(호남선)박산교,국가교통정보센터(고속도로),126.808204650878,35.3768196105957,Y
E914604,(호남선)반월,국가교통정보센터(고속도로),126.846549987792,35.1973152160644,Y
E914605,(호남선)백계,국가교통정보센터(고속도로),126.816501,35.354011,Y
E914606,(호남선)백양사,국가교통정보센터(고속도로),126.8047563,35.43045993,Y
E914607,(호남선)백양사휴게소,국가교통정보센터(고속도로),126.8058203,35.38981441,Y
E914608,(호남선)보성강교,국가교통정보센터(고속도로),127.258793,35.090672,Y
E914609,(호남선)보촌,국가교통정보센터(고속도로),126.951217651367,35.2204246520996,Y
E914610,(호남선)복다,국가교통정보센터(고속도로),127.279812,35.053879,Y
E914611,(호남선)봉덕,국가교통정보센터(고속도로),127.35079,35.022074,Y
E914612,(호남선)봉동,국가교통정보센터(고속도로),127.11264,35.999443,Y
E914613,(호남선)봉암교,국가교통정보센터(고속도로),127.245384,35.108733,Y
E914614,(호남선)북광산,국가교통정보센터(고속도로),126.819747924804,35.2397537231445,Y
E914616,(호남선)비상활주로,국가교통정보센터(고속도로),126.900958,35.635024,Y
E914615,(호남선)비상활주로시점,국가교통정보센터(고속도로),126.879371643066,35.617317199707,Y
E914617,(호남선)비월,국가교통정보센터(고속도로),127.435974,35.011734,Y
E914618,(호남선)산덕,국가교통정보센터(고속도로),126.986053466796,35.2256813049316,Y
E914619,(호남선)산월,국가교통정보센터(고속도로),126.8388703,35.20335962,Y
E914620,(호남선)삼기정류장,국가교통정보센터(고속도로),127.2083866,35.2315993,Y
E914621,(호남선)삼례,국가교통정보센터(고속도로),127.0789921,35.92508552,Y
E914622,(호남선)삼례BS(졸음쉼터),국가교통정보센터(고속도로),127.066734313964,35.9159660339355,Y
E914623,(호남선)상평육교,국가교통정보센터(고속도로),126.824272155761,35.5606002807617,Y
E914624,(호남선)서광주,국가교통정보센터(고속도로),126.8835815,35.18466621,Y
E914625,(호남선)서전주,국가교통정보센터(고속도로),127.0339263,35.82688509,Y
E914628,(호남선)서전주쉼터(천안),국가교통정보센터(고속도로),127.029594421386,35.8195190429687,Y
E914626,(호남선)석곡,국가교통정보센터(고속도로),127.2471542,35.12774372,Y
E914627,(호남선)석곡1교,국가교통정보센터(고속도로),127.252792358398,35.1370887756347,Y
E914629,(호남선)석곡터널,국가교통정보센터(고속도로),127.257423400878,35.1432189941406,Y
E914630,(호남선)성곡,국가교통정보센터(고속도로),127.07917,35.26389,Y
E914631,(호남선)성산교,국가교통정보센터(고속도로),126.801082,35.32675,Y
E914632,(호남선)송강교,국가교통정보센터(고속도로),127.1874507,35.2421854,Y
E914633,(호남선)순천1터널,국가교통정보센터(고속도로),127.309035,35.031282,Y
E914634,(호남선)순천휴게소,국가교통정보센터(고속도로),127.4407456,35.01071031,Y
E914635,(호남선)승주,국가교통정보센터(고속도로),127.3748123,35.01461894,Y
E914636,(호남선)신기,국가교통정보센터(고속도로),127.26279,35.084213,Y
E914637,(호남선)신성,국가교통정보센터(고속도로),127.391700744628,35.0112686157226,Y
E914638,(호남선)신전2교,국가교통정보센터(고속도로),127.344052,35.023415,Y
E914639,(호남선)신흥,국가교통정보센터(고속도로),126.810258,35.368364,Y
E914640,(호남선)쌍암천교,국가교통정보센터(고속도로),127.4114823,35.0120817,Y
E914641,(호남선)여산,국가교통정보센터(고속도로),127.106944,36.061111,Y
E914642,(호남선)여산휴게소,국가교통정보센터(고속도로),127.103564,36.047616,Y
E914643,(호남선)연동육교,국가교통정보센터(고속도로),127.010955810546,35.7840003967285,Y
E914644,(호남선)연반1교,국가교통정보센터(고속도로),127.2419675,35.1798517,Y
E914645,(호남선)연화,국가교통정보센터(고속도로),127.097770690917,35.2612228393554,Y
E914646,(호남선)영천,국가교통정보센터(고속도로),126.7886111,35.2991667,Y
E914647,(호남선)오례,국가교통정보센터(고속도로),127.0936199,35.26263068,Y
E914648,(호남선)옥과,국가교통정보센터(고속도로),127.1138999,35.25874068,Y
E914649,(호남선)왕궁,국가교통정보센터(고속도로),127.10306,36.01389,Y
E914650,(호남선)용강,국가교통정보센터(고속도로),126.811775207519,35.3618736267089,Y
E914651,(호남선)용봉,국가교통정보센터(고속도로),126.9072848,35.18391962,Y
E914652,(호남선)용산육교,국가교통정보센터(고속도로),126.998767,35.75064,Y
E914653,(호남선)용정육교,국가교통정보센터(고속도로),127.0506624,35.8563481,Y
E914654,(호남선)용천교,국가교통정보센터(고속도로),127.274200439453,35.0582122802734,Y
E914655,(호남선)원덕2교,국가교통정보센터(고속도로),126.8076562,35.4438245,Y
E914656,(호남선)원덕교,국가교통정보센터(고속도로),126.7977229,35.46172702,Y
E914657,(호남선)원수육교,국가교통정보센터(고속도로),127.10331,36.02667,Y
E914658,(호남선)월곡,국가교통정보센터(고속도로),126.81282043457,35.2467079162597,Y
E914659,(호남선)월산교,국가교통정보센터(고속도로),127.4615595,35.0052997,Y
E914660,(호남선)월성,국가교통정보센터(고속도로),126.972037,35.222394,Y
E914661,(호남선)의암,국가교통정보센터(고속도로),127.213708,35.231072,Y
E914665,(호남선)이서육교,국가교통정보센터(고속도로),127.030178,35.821658,Y
E914662,(호남선)익산,국가교통정보센터(고속도로),127.1141415,35.98951577,Y
E914663,(호남선)익산JC(비상주차대),국가교통정보센터(고속도로),127.089332580566,35.9427223205566,Y
E914664,(호남선)익산분기점,국가교통정보센터(고속도로),127.09291,35.94479,Y
E914666,(호남선)입암육교,국가교통정보센터(고속도로),126.807029724121,35.5280799865722,Y
E914667,(호남선)장구,국가교통정보센터(고속도로),127.106941,35.978441,Y
E914668,(호남선)장등,국가교통정보센터(고속도로),126.929147,35.196992,Y
E914669,(호남선)장성,국가교통정보센터(고속도로),126.7867996,35.28572894,Y
E914670,(호남선)장성교,국가교통정보센터(고속도로),126.787605285644,35.2972564697265,Y
E914671,(호남선)장성분기점,국가교통정보센터(고속도로),126.808452,35.333319,Y
E914672,(호남선)장성정류장,국가교통정보센터(고속도로),126.7937697,35.31632196,Y
E914673,(호남선)장운,국가교통정보센터(고속도로),126.932795,35.204374,Y
E914674,(호남선)전주,국가교통정보센터(고속도로),127.054069519042,35.8754920959472,Y
E914675,(호남선)접치,국가교통정보센터(고속도로),127.29702758789,35.0363845825195,Y
E914676,(호남선)정읍,국가교통정보센터(고속도로),126.8329744,35.5806159,Y
E914677,(호남선)정읍휴게소,국가교통정보센터(고속도로),126.8606324,35.59899317,Y
E914678,(호남선)주암,국가교통정보센터(고속도로),127.2706522,35.06700702,Y
E914679,(호남선)주암휴게소,국가교통정보센터(고속도로),127.26293182373,35.0833587646484,Y
E914680,(호남선)죽항,국가교통정보센터(고속도로),127.006256103515,35.2354469299316,Y
E914681,(호남선)증산천교,국가교통정보센터(고속도로),126.9449242,35.6777996,Y
E914682,(호남선)증암천교,국가교통정보센터(고속도로),126.9812583,35.225393,Y
E914683,(호남선)창평,국가교통정보센터(고속도로),127.0015855,35.23249223,Y
E914684,(호남선)창평육교,국가교통정보센터(고속도로),127.011081,35.240197,Y
E914685,(호남선)천원천교,국가교통정보센터(고속도로),126.8170883,35.5434804,Y
E914686,(호남선)청운육교,국가교통정보센터(고속도로),126.791465759277,35.3109741210937,Y
E914687,(호남선)칠봉교,국가교통정보센터(고속도로),127.180194,35.248369,Y
E914688,(호남선)태인,국가교통정보센터(고속도로),126.9281248,35.66166223,Y
E914689,(호남선)태인남산,국가교통정보센터(고속도로),126.9682642,35.70724962,Y
E914690,(호남선)태인졸음쉼터(천안),국가교통정보센터(고속도로),126.931739807128,35.6632270812988,Y
E914692,(호남선)하북육교,국가교통정보센터(고속도로),126.8491897583,35.5939216613769,Y
E914691,(호남선)학구교,국가교통정보센터(고속도로),127.359748840332,35.0179481506347,Y
E914693,(호남선)한교천교,국가교통정보센터(고속도로),126.8760716,35.6104491,Y
E914694,(호남선)해전,국가교통정보센터(고속도로),127.057563781738,35.9002685546875,Y
E914695,(호남선)행정교,국가교통정보센터(고속도로),127.2892622,35.043117,Y
E914696,(호남선)현정교,국가교통정보센터(고속도로),127.16778,35.25333,Y
E914697,(호남선)호남터널,국가교통정보센터(고속도로),126.7971729,35.47255702,Y
E914698,(호남선)화천1교,국가교통정보센터(고속도로),126.909118652343,35.6465492248535,Y
E914699,(호남선)황산,국가교통정보센터(고속도로),127.122741699218,35.2579803466796,Y
E914700,(호남선)황산교,국가교통정보센터(고속도로),127.13513,35.26299,Y
E914701,(호남선)후정2교,국가교통정보센터(고속도로),127.0603197,35.9118888,Y
E914702,(호남선)흥암,국가교통정보센터(고속도로),127.105148315429,35.9705200195312,Y
E914703,(호남선)흥암육교,국가교통정보센터(고속도로),127.100273,35.955219,Y
E914704,(호남선지선)논산천교,국가교통정보센터(고속도로),127.187263488769,36.1644096374511,Y
E914705,(호남선지선)논산천교,국가교통정보센터(고속도로),127.197,36.162,Y
E914706,(호남선지선)두월,국가교통정보센터(고속도로),127.154864,36.146758,Y
E914707,(호남지선)강청육교,국가교통정보센터(고속도로),127.16139,36.15167,Y
E914708,(호남지선)계룡,국가교통정보센터(고속도로),127.2799814,36.25351408,Y
E914709,(호남지선)고내육교,국가교통정보센터(고속도로),127.105676,36.087145,Y
E914710,(호남지선)금곡천교,국가교통정보센터(고속도로),127.3069615,36.27483788,Y
E914711,(호남지선)금곡천교1,국가교통정보센터(고속도로),127.3076,36.275367,Y
E914712,(호남지선)금곡천교2,국가교통정보센터(고속도로),127.31485748291,36.2818717956542,Y
E914713,(호남지선)녹산,국가교통정보센터(고속도로),127.23281,36.16594679,Y
E914714,(호남지선)논산,국가교통정보센터(고속도로),127.13472,36.12222,Y
E914715,(호남지선)대정육교,국가교통정보센터(고속도로),127.308959960937,36.3226127624511,Y
E914716,(호남지선)두계천교,국가교통정보센터(고속도로),127.2921505,36.2668577,Y
E914717,(호남지선)벌곡정류장,국가교통정보센터(고속도로),127.2625,36.19667,Y
E914718,(호남지선)벌곡휴게소,국가교통정보센터(고속도로),127.27707,36.22281594,Y
E914719,(호남지선)복용육교,국가교통정보센터(고속도로),127.32167,36.345,Y
E914720,(호남지선)북대전,국가교통정보센터(고속도로),127.38111,36.41139,Y
E914721,(호남지선)북대전쉼터(논산),국가교통정보센터(고속도로),127.36897277832,36.4067916870117,Y
E914722,(호남지선)북대전쉼터(회덕),국가교통정보센터(고속도로),127.367057800292,36.4058799743652,Y
E914723,(호남지선)서대전분기점,국가교통정보센터(고속도로),127.317457,36.291514,Y
E914724,(호남지선)서대전분기점2,국가교통정보센터(고속도로),127.309585571289,36.3042259216308,Y
E914725,(호남지선)서대전쉼터1,국가교통정보센터(고속도로),127.306603,36.314963,Y
E914726,(호남지선)서대전졸음쉼터2(논산),국가교통정보센터(고속도로),127.307075500488,36.3174324035644,Y
E914727,(호남지선)설목육교,국가교통정보센터(고속도로),127.37318,36.407773,Y
E914728,(호남지선)소룡,국가교통정보센터(고속도로),127.120475769042,36.1105575561523,Y
E914729,(호남지선)야촌,국가교통정보센터(고속도로),127.148559,36.136431,Y
E914730,(호남지선)양촌,국가교통정보센터(고속도로),127.209465,36.158927,Y
E914731,(호남지선)양촌고개,국가교통정보센터(고속도로),127.2460929,36.1824134,Y
E914732,(호남지선)유성,국가교통정보센터(고속도로),127.33167,36.36389,Y
E914733,(호남지선)유성분기점,국가교통정보센터(고속도로),127.33758,36.38515,Y
E914734,(호남지선)유성쉼터(회덕),국가교통정보센터(고속도로),127.335243225097,36.3803787231445,Y
E914735,(호남지선)자운대,국가교통정보센터(고속도로),127.368474,36.406811,Y
E914736,(호남지선)자운육교,국가교통정보센터(고속도로),127.34390258789,36.3938293457031,Y
E914737,(호남지선)전민,국가교통정보센터(고속도로),127.405639648437,36.4059524536132,Y
E914738,(호남지선)조령,국가교통정보센터(고속도로),127.27391052246,36.2329177856445,Y
E914739,(호남지선)죽동,국가교통정보센터(고속도로),127.331382751464,36.370994567871,Y
E914740,(호남지선)죽평육교,국가교통정보센터(고속도로),127.1121319,36.1009804,Y
E914741,(호남지선)탄동교,국가교통정보센터(고속도로),127.35611,36.39861,Y
E914742,(호남지선)탑립육교,국가교통정보센터(고속도로),127.394132,36.410548,Y
E900648,(국도02호선)보성조리교차로,국가교통정보센터(국도),127.05427,34.74846,Y
E900649,(국도02호선)영암채지삼거리,국가교통정보센터(국도),126.56734,34.71916,Y
E900650,(국도02호선)영암초안삼거리,국가교통정보센터(국도),126.60014,34.7183,Y
E900651,(국도02호선)장흥순지교차로,국가교통정보센터(국도),126.88574,34.65766,Y
E900652,(국도03호선)연천와초IC교,국가교통정보센터(국도),127.09039,38.13158,Y
E900653,(국도03호선)연천전곡입구오거리,국가교통정보센터(국도),127.06995,38.01594,Y
E900654,(국도04호선)동백대교1(장항),국가교통정보센터(국도),126.70769,36.003292,Y
E900655,(국도05)제천구학리,국가교통정보센터(국도),128.111325,37.166971,Y
E900656,(국도05)제천구학역,국가교통정보센터(국도),128.119874,37.154385,Y
E900657,(국도05)제천옥전1리,국가교통정보센터(국도),128.106262,37.173837,Y
E900658,(국도05)제천옥전과선교,국가교통정보센터(국도),128.112399,37.170023,Y
E900659,(국도05)제천탁사정,국가교통정보센터(국도),128.108405,37.166876,Y
E900660,(국도05)제천탁사정삼거리,국가교통정보센터(국도),128.107246,37.164284,Y
E900661,(국도05)제천학산건강마을,국가교통정보센터(국도),128.109538,37.184426,Y
E900662,(국도05)제천학산교,국가교통정보센터(국도),128.102057,37.185377,Y
E900663,(국도05)제천학산리,국가교통정보센터(국도),128.097389,37.194209,Y
E900664,(국도13)금산상하옥사거리,국가교통정보센터(국도),127.4875081,36.0993922,Y
E900665,(국도13)금산종합운동장,국가교통정보센터(국도),127.4926,36.0826,Y
E900666,(국도13)금산하옥리,국가교통정보센터(국도),127.4905704,36.0877945,Y
E900667,(국도13)금산하옥사거리,국가교통정보센터(국도),127.4892049,36.0948897,Y
E900668,(국도13호선)㈜세원티아이씨,국가교통정보센터(국도),127.047895,35.284668,Y
E900669,(국도13호선)㈜자연식품,국가교통정보센터(국도),127.015888,35.294219,Y
E900670,(국도13호선)강절육교,국가교통정보센터(국도),126.67712,34.66098,Y
E900671,(국도13호선)강진월남리,국가교통정보센터(국도),126.73134,34.74698,Y
E900672,(국도13호선)강진월하리,국가교통정보센터(국도),126.709526,34.730145,Y
E900673,(국도13호선)곡성연화리,국가교통정보센터(국도),127.112678,35.263097,Y
E900674,(국도13호선)구산1교옆,국가교통정보센터(국도),126.59342,34.422188,Y
E900675,(국도13호선)나주신원제옆,국가교통정보센터(국도),126.711334,34.944874,Y
E900676,(국도13호선)남창IC교,국가교통정보센터(국도),126.62264,34.407192,Y
E900677,(국도13호선)노동면학동리,국가교통정보센터(국도),127.43088,35.591015,Y
E900678,(국도13호선)달도IC교,국가교통정보센터(국도),126.63419,34.39944,Y
E900679,(국도13호선)담양고성사거리,국가교통정보센터(국도),126.92335,35.294395,Y
E900680,(국도13호선)담양리얼펍,국가교통정보센터(국도),126.986511,35.305804,Y
E900681,(국도13호선)담양오례리1,국가교통정보센터(국도),127.095991,35.264364,Y
E900682,(국도13호선)담양오룡리,국가교통정보센터(국도),127.004701,35.296513,Y
E900683,(국도13호선)담양중옥교차로,국가교통정보센터(국도),126.88763,35.25836,Y
E900684,(국도13호선)대야2교옆,국가교통정보센터(국도),126.721405,34.36827,Y
E900685,(국도13호선)덕정교차로,국가교통정보센터(국도),126.64427,34.636326,Y
E900686,(국도13호선)불목IC교,국가교통정보센터(국도),126.701,34.388874,Y
E900000,(국도13호선)석현교,국가교통정보센터(국도),126.746039,35.05782,Y
E900687,(국도13호선)성하교,국가교통정보센터(국도),126.648926,34.63798,Y
E900688,(국도13호선)송운교,국가교통정보센터(국도),126.648315,34.57504,Y
E900689,(국도13호선)신금마을옆,국가교통정보센터(국도),126.562965,34.540596,Y
E900690,(국도13호선)신학교옆,국가교통정보센터(국도),126.66904,34.38367,Y
E900691,(국도13호선)신흥육교,국가교통정보센터(국도),126.6404,34.60369,Y
E900692,(국도13호선)영안2교,국가교통정보센터(국도),126.65168,34.58512,Y
E900693,(국도13호선)영암원금수입구삼거리,국가교통정보센터(국도),126.69825,34.90603,Y
E900694,(국도13호선)영암천황사교차로,국가교통정보센터(국도),126.72911,34.788845,Y
E900695,(국도13호선)영암청림삼거리,국가교통정보센터(국도),126.69253,34.833847,Y
E900696,(국도13호선)오례삼거리,국가교통정보센터(국도),127.082051,35.269754,Y
E900697,(국도13호선)오시교옆,국가교통정보센터(국도),126.544975,34.49184,Y
E900001,(국도13호선)완도교차로,국가교통정보센터(국도),126.733669,34.330779,Y
E900698,(국도13호선)완도대교,국가교통정보센터(국도),126.650276,34.393364,Y
E900699,(국도13호선)완도터널옆,국가교통정보센터(국도),126.71748,34.38014,Y
E900700,(국도13호선)월평1교옆,국가교통정보센터(국도),126.69093,34.68383,Y
E900701,(국도13호선)장보고공원옆,국가교통정보센터(국도),126.734245,34.345238,Y
E900702,(국도13호선)장수대성리,국가교통정보센터(국도),127.4539369,35.59843277,Y
E900703,(국도13호선)장수오성리,국가교통정보센터(국도),127.4424029,35.58650207,Y
E900704,(국도13호선)장수용계리,국가교통정보센터(국도),127.4807063,35.61427491,Y
E900002,(국도13호선)주암삼거리,국가교통정보센터(국도),126.689477,34.863613,Y
E900003,(국도13호선)주평사거리,국가교통정보센터(국도),126.948104,35.309301,Y
E900705,(국도13호선)평동육교,국가교통정보센터(국도),126.60345,34.560955,Y
E900706,(국도14)거제22번교차로,국가교통정보센터(국도),128.69262,34.867828,Y
E900707,(국도14)거제거붕백병원,국가교통정보센터(국도),128.625199,34.872342,Y
E900708,(국도14)거제계룡산교차로,국가교통정보센터(국도),128.607155,34.88234,Y
E900709,(국도14)거제고현3교,국가교통정보센터(국도),128.617166,34.877819,Y
E900710,(국도14)거제금포마을회관부근,국가교통정보센터(국도),128.543051,34.911503,Y
E900711,(국도14)거제문동3교,국가교통정보센터(국도),128.62864,34.865699,Y
E900712,(국도14)거제사곡교차로부근,국가교통정보센터(국도),128.554419,34.902967,Y
E900713,(국도14)거제사곡삼거리,국가교통정보센터(국도),128.565244,34.898858,Y
E900714,(국도14)거제사등면축구장,국가교통정보센터(국도),128.515308,34.906689,Y
E900715,(국도14)거제사등보건지소입구,국가교통정보센터(국도),128.524276,34.918472,Y
E900716,(국도14)거제사등초등학교,국가교통정보센터(국도),128.517374,34.912164,Y
E900717,(국도14)거제상동교차로,국가교통정보센터(국도),128.63876,34.86507,Y
E900718,(국도14)거제새거제주유소,국가교통정보센터(국도),128.584626,34.895125,Y
E900719,(국도14)거제성내마을삼거리부근,국가교통정보센터(국도),128.54866,34.90592,Y
E900720,(국도14)거제성포중학교부근,국가교통정보센터(국도),128.533857,34.915507,Y
E900722,(국도14)거제양정터널관리사무소,국가교통정보센터(국도),128.676229,34.871497,Y
E900721,(국도14)거제양정터널하행입구,국가교통정보센터(국도),128.650686,34.867739,Y
E900723,(국도14)거제에스오일충전소전,국가교통정보센터(국도),128.502939,34.897301,Y
E900724,(국도14)거제오량교차로,국가교통정보센터(국도),128.490401,34.887134,Y
E900725,(국도14)거제오성골,국가교통정보센터(국도),128.499443,34.891494,Y
E900726,(국도14)거제옥림교차로,국가교통정보센터(국도),128.709071,34.848031,Y
E900727,(국도14)거제일운터널서측,국가교통정보센터(국도),128.70541,34.86215,Y
E900728,(국도14)거제장평2교,국가교통정보센터(국도),128.595337,34.887309,Y
E900729,(국도14)거제지석교,국가교통정보센터(국도),128.511852,34.901946,Y
E900730,(국도14)고성고성터널서측,국가교통정보센터(국도),128.384722,35.097778,Y
E900731,(국도14)고성두호마을입구,국가교통정보센터(국도),128.343333,35.016111,Y
E900732,(국도14)고성배둔교남측,국가교통정보센터(국도),128.361389,35.059167,Y
E900733,(국도14)고성송학삼거리,국가교통정보센터(국도),128.327389,34.986191,Y
E900735,(국도14)고성신월IC교차로,국가교통정보센터(국도),128.336389,34.960556,Y
E900734,(국도14)고성신월IC교차로북측,국가교통정보센터(국도),128.33471,34.962776,Y
E900736,(국도14)고성외우산마을입구,국가교통정보센터(국도),128.33311,34.99851,Y
E900737,(국도14)고성율대사거리,국가교통정보센터(국도),128.334722,34.967778,Y
E900738,(국도14)기장경전철홍보관,국가교통정보센터(국도),129.1759,35.2417,Y
E900739,(국도14)기장군민체육공원,국가교통정보센터(국도),129.2402,35.3052,Y
E900740,(국도14)기장기룡2일반산업단지,국가교통정보센터(국도),129.2601833,35.36301389,Y
E900741,(국도14)기장기장동원로,국가교통정보센터(국도),129.1913,35.2527,Y
E900742,(국도14)기장만화리고개2번,국가교통정보센터(국도),129.2002556,35.25423889,Y
E900743,(국도14)기장삼성1지하차도,국가교통정보센터(국도),129.228633,35.268677,Y
E900744,(국도14)기장안평저수지,국가교통정보센터(국도),129.1863,35.248,Y
E900745,(국도14)기장용소삼거리2,국가교통정보센터(국도),129.25162,35.34349,Y
E900746,(국도14)기장장안IC교차로(장안IC),국가교통정보센터(국도),129.2482,35.3327,Y
E900747,(국도14)기장장안오리보건진료소,국가교통정보센터(국도),129.2623,35.3763,Y
E900748,(국도14)기장좌천교,국가교통정보센터(국도),129.2383,35.3141,Y
E900749,(국도14)기장좌천사거리,국가교통정보센터(국도),129.2405084,35.31820095,Y
E900750,(국도14)기장철마삼거리,국가교통정보센터(국도),129.1795013,35.24621883,Y
E900751,(국도14)기장청광고가교,국가교통정보센터(국도),129.2348,35.2891,Y
E900752,(국도14)기장현대요양병원,국가교통정보센터(국도),129.2097,35.248,Y
E900753,(국도14)기장화전교차로,국가교통정보센터(국도),129.2336583,35.28482222,Y
E900754,(국도14)김해김해2터널북측,국가교통정보센터(국도),128.81432,35.25698,Y
E900755,(국도14)김해농소1교,국가교통정보센터(국도),128.83765,35.21724,Y
E900756,(국도14)김해병동교차로(김해1터널),국가교통정보센터(국도),128.8003556,35.28188889,Y
E900757,(국도14)김해본산1교(금봉양지터널서측),국가교통정보센터(국도),128.761643,35.314697,Y
E900758,(국도14)김해본산교차로,국가교통정보센터(국도),128.744008,35.32113,Y
E900759,(국도14)김해본산터널서측,국가교통정보센터(국도),128.755567,35.320233,Y
E900760,(국도14)김해봉곡천교,국가교통정보센터(국도),128.864099,35.211297,Y
E900761,(국도14)김해설창천교(금봉양지터널동측),국가교통정보센터(국도),128.77805,35.301547,Y
E900762,(국도14)김해주천1교,국가교통정보센터(국도),128.7067361,35.305925,Y
E900763,(국도14)김해진영교차로,국가교통정보센터(국도),128.728044,35.315704,Y
E900764,(국도14)김해퇴래교,국가교통정보센터(국도),128.784408,35.297195,Y
E900765,(국도14)김해한림교차로(구소업삼거리),국가교통정보센터(국도),128.78893,35.28958,Y
E900766,(국도14)부산부원교차로,국가교통정보센터(국도),128.889692,35.213681,Y
E900767,(국도14)부산식만3교,국가교통정보센터(국도),128.910455,35.215698,Y
E900790,(국도14)울주(기장)명례주유소,국가교통정보센터(국도),129.25566,35.3855,Y
E900768,(국도14)울주구룡교,국가교통정보센터(국도),129.279797,35.613303,Y
E900769,(국도14)울주구룡마을입구,국가교통정보센터(국도),129.285567,35.621405,Y
E900770,(국도14)울주구룡삼거리,국가교통정보센터(국도),129.279508,35.609335,Y
E900771,(국도14)울주남창2교,국가교통정보센터(국도),129.282444,35.42642,Y
E900772,(국도14)울주대신마을입구,국가교통정보센터(국도),129.288139,35.630693,Y
E900773,(국도14)울주두현1교,국가교통정보센터(국도),129.2605,35.52,Y
E900774,(국도14)울주두현2교,국가교통정보센터(국도),129.25345,35.52812,Y
E900775,(국도14)울주망양삼거리,국가교통정보센터(국도),129.2891499,35.45462454,Y
E900776,(국도14)울주명례휴게소북측,국가교통정보센터(국도),129.2546,35.3901,Y
E900777,(국도14)울주방아다리경로당,국가교통정보센터(국도),129.286259,35.624569,Y
E900778,(국도14)울주서사교,국가교통정보센터(국도),129.267334,35.587811,Y
E900779,(국도14)울주신척과교동측,국가교통정보센터(국도),129.278371,35.601403,Y
E900780,(국도14)울주연동버스정류장,국가교통정보센터(국도),129.280404,35.604856,Y
E900781,(국도14)울주오르비스교차로,국가교통정보센터(국도),129.2841,35.4451,Y
E900782,(국도14)울주온산삼거리,국가교통정보센터(국도),129.2846384,35.43852318,Y
E900783,(국도14)울주온양검문소(온양IC),국가교통정보센터(국도),129.2664,35.4094,Y
E900784,(국도14)울주온양사거리(온양IC),국가교통정보센터(국도),129.2742288,35.41616618,Y
E900785,(국도14)울주제네삼거리,국가교통정보센터(국도),129.2927,35.4708,Y
E900786,(국도14)울주진곡교,국가교통정보센터(국도),129.284887685,35.5069103429,Y
E900787,(국도14)울주천룡사,국가교통정보센터(국도),129.28717,35.646286,Y
E900788,(국도14)울주청량IC교차로(청량IC울산방향),국가교통정보센터(국도),129.2940639,35.47695556,Y
E900789,(국도14)울주큰마을입구,국가교통정보센터(국도),129.288007,35.638375,Y
E900791,(국도14)창원덕산교차로,국가교통정보센터(국도),128.68064,35.27968,Y
E900792,(국도14)창원용암삼거리,국가교통정보센터(국도),128.64738,35.26947,Y
E900793,(국도14)통영SKLPG충전소,국가교통정보센터(국도),128.436333,34.857981,Y
E900794,(국도14)통영관덕삼거리,국가교통정보센터(국도),128.371286,34.901594,Y
E900795,(국도14)통영도산교차로,국가교통정보센터(국도),128.36081,34.90538,Y
E900796,(국도14)통영바다휴게소북측,국가교통정보센터(국도),128.3475,34.940278,Y
E900797,(국도14)통영북통영IC입구,국가교통정보센터(국도),128.404546,34.89723,Y
E900798,(국도14)통영삼화삼거리,국가교통정보센터(국도),128.45175,34.882042,Y
E900799,(국도14)통영상노산교차로서측,국가교통정보센터(국도),128.386893,34.903309,Y
E900800,(국도14)통영신거제대교서측,국가교통정보센터(국도),128.472698,34.890812,Y
E900801,(국도14)통영오촌마을(통영IC),국가교통정보센터(국도),128.448214,34.876086,Y
E900803,(국도14)통영원산휴게소,국가교통정보센터(국도),128.35861,34.92972,Y
E900802,(국도14)통영원산휴게소남측,국가교통정보센터(국도),128.359338,34.92842,Y
E900804,(국도14)통영장평교차로,국가교통정보센터(국도),128.46472,34.890938,Y
E900805,(국도14)통영충원탑입구,국가교통정보센터(국도),128.419422,34.86686,Y
E900806,(국도14)통영통영IC입구,국가교통정보센터(국도),128.442928,34.866645,Y
E900807,(국도14)통영통영경찰서입구,국가교통정보센터(국도),128.4134,34.882156,Y
E900808,(국도14)통영통영노인전문병원앞,국가교통정보센터(국도),128.357201,34.911261,Y
E900809,(국도14)통영통영농업기술센터입구,국가교통정보센터(국도),128.413434,34.876442,Y
E900810,(국도14)통영통영터미널입구,국가교통정보센터(국도),128.418211,34.889059,Y
E900811,(국도14)통영한려운전학원(북통영IC),국가교통정보센터(국도),128.417975,34.891865,Y
E900812,(국도14)통영호국참전유공자탑,국가교통정보센터(국도),128.427371,34.86259,Y
E900813,(국도14호선)고성고성IC입구,국가교통정보센터(국도),128.34111,35.00861,Y
E900814,(국도14호선)고성공룡교차로,국가교통정보센터(국도),128.37277,35.078335,Y
E900815,(국도14호선)고성동정교차로,국가교통정보센터(국도),128.35556,35.044445,Y
E900816,(국도14호선)고성월평삼거리남측,국가교통정보센터(국도),128.34334,34.953335,Y
E900817,(국도14호선)고성율천초등학교,국가교통정보센터(국도),128.32695,34.9925,Y
E900818,(국도14호선)기장기룡교차로,국가교통정보센터(국도),129.2567,35.3558,Y
E900819,(국도14호선)기장만화리고개1번,국가교통정보센터(국도),129.2053,35.2527,Y
E900820,(국도14호선)기장용소삼거리,국가교통정보센터(국도),129.2472,35.3378,Y
E900821,(국도14호선)기장일광교차로,국가교통정보센터(국도),129.2266,35.26,Y
E900822,(국도14호선)기장장안IC,국가교통정보센터(국도),129.2436,35.325,Y
E900823,(국도14호선)기장중앙사거리,국가교통정보센터(국도),129.2164,35.2509,Y
E900824,(국도14호선)기장청광마을,국가교통정보센터(국도),129.2378,35.2979,Y
E900825,(국도14호선)김해김해2터널남측,국가교통정보센터(국도),128.82645,35.24794,Y
E900826,(국도14호선)김해주촌교차로,국가교통정보센터(국도),128.83192,35.24003,Y
E900827,(국도14호선)울주개곡사거리,국가교통정보센터(국도),129.2744,35.513,Y
E900828,(국도14호선)울주구당교,국가교통정보센터(국도),129.28773,35.504533,Y
E900829,(국도14호선)울주덕정교차로,국가교통정보센터(국도),129.2922,35.4863,Y
E900830,(국도14호선)울주상대마을입구,국가교통정보센터(국도),129.262815,35.406389,Y
E900831,(국도14호선)원산교,국가교통정보센터(국도),128.34917,34.934723,Y
E900832,(국도14호선)창원고성터널동측,국가교통정보센터(국도),128.39223,35.1025,Y
E900833,(국도14호선)창원남산교차로부근,국가교통정보센터(국도),128.67228,35.276207,Y
E900834,(국도14호선)창원무점터널서측,국가교통정보센터(국도),128.69483,35.28889,Y
E900835,(국도14호선)창원호산3교동측,국가교통정보센터(국도),128.43445,35.099724,Y
E900836,(국도14호선)통영상노산교차로동측,국가교통정보센터(국도),128.3964,34.90111,Y
E900838,(국도14호선)통영학섬휴게소,국가교통정보센터(국도),128.35861,34.91722,Y
E900837,(국도14호선)통영학섬휴게소북측,국가교통정보센터(국도),128.35973,34.92139,Y
E900839,(국도15호선)고흥고흥IC입구,국가교통정보센터(국도),127.333885,34.828445,Y
E900840,(국도15호선)고흥남계교차로,국가교통정보센터(국도),127.294389,34.6195,Y
E900841,(국도15호선)고흥대곡교,국가교통정보센터(국도),127.346054,34.71411,Y
E900842,(국도15호선)고흥봉북마을입구,국가교통정보센터(국도),127.34955,34.658905,Y
E900843,(국도15호선)고흥석봉교차로,국가교통정보센터(국도),127.37044,34.682102,Y
E900844,(국도15호선)고흥장덕교차로,국가교통정보센터(국도),127.342415,34.804695,Y
E900845,(국도15호선)고흥중산교,국가교통정보센터(국도),127.332,34.74147,Y
E900846,(국도15호선)고흥지동교차로,국가교통정보센터(국도),127.29968,34.63892,Y
E900847,(국도15호선)고흥탄포삼거리,국가교통정보센터(국도),127.33408,34.75661,Y
E900849,(국도15호선)구암삼거리,국가교통정보센터(국도),127.073331,35.033436,Y
E900848,(국도15호선)구암삼거리인근,국가교통정보센터(국도),127.0748137,35.03765374,Y
E900850,(국도15호선)순천곡천삼거리,국가교통정보센터(국도),127.2458489,34.9853802,Y
E900851,(국도15호선)옥강교차로,국가교통정보센터(국도),127.390549,34.554201,Y
E900852,(국도15호선)용동교인근,국가교통정보센터(국도),127.3124771,34.88107547,Y
E900853,(국도15호선)추동2교인근,국가교통정보센터(국도),127.2926508,34.88959538,Y
E900854,(국도15호선)화순경치리삼거리,국가교통정보센터(국도),127.09062,35.07004,Y
E900855,(국도15호선)화순읍애리,국가교통정보센터(국도),127.0978031,35.07145894,Y
E900856,(국도17)금산곡남삼거리,국가교통정보센터(국도),127.3973355,36.1600664,Y
E900857,(국도17)금산광장휴게소,국가교통정보센터(국도),127.351647,36.130624,Y
E900858,(국도17)금산교촌2교,국가교통정보센터(국도),127.3858728,36.1534623,Y
E900859,(국도17)금산금산도로창고,국가교통정보센터(국도),127.4442947,36.1826572,Y
E900860,(국도17)금산금산제설창고,국가교통정보센터(국도),127.4192777,36.1611978,Y
E900861,(국도17)금산다복리,국가교통정보센터(국도),127.4141454,36.1624125,Y
E900862,(국도17)금산대둔산휴게소,국가교통정보센터(국도),127.34295,36.125913,Y
E900863,(국도17)금산마음교차로,국가교통정보센터(국도),127.4845764,36.2058461,Y
E900864,(국도17)금산마전리,국가교통정보센터(국도),127.4564584,36.188329,Y
E900865,(국도17)금산마전사거리,국가교통정보센터(국도),127.465955,36.1902576,Y
E900866,(국도17)금산배티재,국가교통정보센터(국도),127.3408,36.12621,Y
E900867,(국도17)금산베티재고개,국가교통정보센터(국도),127.344915,36.127106,Y
E900868,(국도17)금산양청사거리,국가교통정보센터(국도),127.4724,36.1862,Y
E900869,(국도17)금산요광교차로,국가교통정보센터(국도),127.4885,36.2184,Y
E900870,(국도17)금산원묵산,국가교통정보센터(국도),127.357968,36.135029,Y
E900871,(국도17)금산원용진사거리,국가교통정보센터(국도),127.4304684,36.1711842,Y
E900872,(국도17)금산읍내리교차로,국가교통정보센터(국도),127.3729225,36.1462039,Y
E900873,(국도17)금산읍내사거리,국가교통정보센터(국도),127.36045,36.136173,Y
E900874,(국도17)금산읍내삼거리,국가교통정보센터(국도),127.3657623,36.1407484,Y
E900875,(국도17)매봉지하차도상행(청주방향),국가교통정보센터(국도),127.4237037,36.4692833,Y
E900876,(국도17)매봉지하차도하행(신탄진방향),국가교통정보센터(국도),127.422781,36.4684028,Y
E900877,(국도17)안성당목교차로,국가교통정보센터(국도),127.4402,37.0367,Y
E900878,(국도17)오창지하차도상행1,국가교통정보센터(국도),127.451726,36.742944,Y
E900879,(국도17)오창지하차도상행2,국가교통정보센터(국도),127.452587,36.74081,Y
E900880,(국도17)오창지하차도상행3,국가교통정보센터(국도),127.45394,36.739337,Y
E900881,(국도17)오창지하차도상행4,국가교통정보센터(국도),127.455157,36.738708,Y
E900882,(국도17)오창지하차도하행1,국가교통정보센터(국도),127.455025,36.738532,Y
E900883,(국도17)오창지하차도하행2,국가교통정보센터(국도),127.453716,36.739177,Y
E900884,(국도17)오창지하차도하행3,국가교통정보센터(국도),127.452818,36.740001,Y
E900885,(국도17)오창지하차도하행4,국가교통정보센터(국도),127.4519,36.741537,Y
E900886,(국도17)진천금곡리,국가교통정보센터(국도),127.4422015,36.95823775,Y
E900887,(국도17)진천사당교,국가교통정보센터(국도),127.4494571,36.93181769,Y
E900888,(국도17)진천옥성교차로,국가교통정보센터(국도),127.4399705,36.77486519,Y
E900889,(국도17)진천진천터널북측,국가교통정보센터(국도),127.431162,36.83111434,Y
E900890,(국도17)진천화랑교,국가교통정보센터(국도),127.43458,36.98999,Y
E900891,(국도17)청주가곡삼거리,국가교통정보센터(국도),127.471112,36.720557,Y
E900892,(국도17)청주강상촌분기점,국가교통정보센터(국도),127.3979,36.619186,Y
E900893,(국도17)청주금의육교,국가교통정보센터(국도),127.389908,36.634045,Y
E900894,(국도17)청주남이우체국,국가교통정보센터(국도),127.43332,36.55895,Y
E900895,(국도17)청주매봉지하차도,국가교통정보센터(국도),127.4225309,36.4659828,Y
E900896,(국도17)청주부용외천리(1),국가교통정보센터(국도),127.42711,36.53568,Y
E900897,(국도17)청주부용외천리(2),국가교통정보센터(국도),127.4296245,36.53973115,Y
E900898,(국도17)청주서촌교,국가교통정보센터(국도),127.39571,36.65685,Y
E900899,(국도17)청주석곡동,국가교통정보센터(국도),127.42758,36.6051,Y
E900900,(국도17)청주석곡분기점,국가교통정보센터(국도),127.4125,36.6101,Y
E900901,(국도17)청주석판분기점,국가교통정보센터(국도),127.439751,36.603154,Y
E900902,(국도17)청주양촌분기점,국가교통정보센터(국도),127.467806,36.5886402,Y
E900903,(국도17)청주오동분기점,국가교통정보센터(국도),127.475017,36.695173,Y
E900904,(국도17)청주오창교,국가교통정보센터(국도),127.46409,36.73541,Y
E900905,(국도17)청주외천리,국가교통정보센터(국도),127.4307454,36.5515278,Y
E900906,(국도17)청주우록2리입구교차로,국가교통정보센터(국도),127.429794,36.51905,Y
E900907,(국도17)청주우록교,국가교통정보센터(국도),127.4285359,36.50332993,Y
E900908,(국도17)청주원평분기점,국가교통정보센터(국도),127.433067,36.673031,Y
E900909,(국도17)청주이동검문소,국가교통정보센터(국도),127.4307008,36.52802718,Y
E900910,(국도17)청주정북교,국가교통정보센터(국도),127.463029,36.684297,Y
E900911,(국도17)청주죽전리,국가교통정보센터(국도),127.42824,36.51156,Y
E900912,(국도17)청주척산삼거리,국가교통정보센터(국도),127.451039,36.564103,Y
E900913,(국도17)청주평동,국가교통정보센터(국도),127.412167,36.662099,Y
E900914,(국도17)청주학천과선교,국가교통정보센터(국도),127.38624,36.64219,Y
E900915,(국도17호선)고산미소나들목,국가교통정보센터(국도),127.192765,35.960962,Y
E900004,(국도17호선)남수제,국가교통정보센터(국도),127.68041,34.806227,Y
E900916,(국도17호선)남원사매교차로,국가교통정보센터(국도),127.35486,35.49486,Y
E900917,(국도17호선)남원성일병원앞,국가교통정보센터(국도),127.36585,35.47574,Y
E900005,(국도17호선)덕양교차로,국가교통정보센터(국도),127.626547,34.809017,Y
E900006,(국도17호선)둔덕1터널,국가교통정보센터(국도),127.71586,34.775357,Y
E900007,(국도17호선)만흥IC교차로,국가교통정보센터(국도),127.716683,34.771679,Y
E900918,(국도17호선)봉동삼거리,국가교통정보센터(국도),127.168678,35.922091,Y
E900919,(국도17호선)삼기교차로,국가교통정보센터(국도),127.2132001,35.98452369,Y
E900920,(국도17호선)순천계월리,국가교통정보센터(국도),127.4163903,35.06885921,Y
E900921,(국도17호선)순천괴목삼거리,국가교통정보센터(국도),127.4358,35.106575,Y
E900922,(국도17호선)순천구만리,국가교통정보센터(국도),127.456955,35.021282,Y
E900923,(국도17호선)순천망룡,국가교통정보센터(국도),127.419097,35.081609,Y
E900008,(국도17호선)순천상비교차로,국가교통정보센터(국도),127.5407,34.9629,Y
E900009,(국도17호선)순천선평삼거리,국가교통정보센터(국도),127.4944,34.9922,Y
E900924,(국도17호선)순천선평주공앞,국가교통정보센터(국도),127.499735,34.991533,Y
E900010,(국도17호선)순천송치터널A,국가교통정보센터(국도),127.425,35.0491,Y
E900011,(국도17호선)순천송치터널B,국가교통정보센터(국도),127.423,35.0609,Y
E900925,(국도17호선)순천신대I.C,국가교통정보센터(국도),127.567084,34.924844,Y
E900012,(국도17호선)순천신대교차로,국가교통정보센터(국도),127.5624,34.934,Y
E900013,(국도17호선)순천용두삼거리,국가교통정보센터(국도),127.4604,35.1508,Y
E900926,(국도17호선)순천죽내리,국가교통정보센터(국도),127.448619,35.12778,Y
E900927,(국도17호선)슬치교차로,국가교통정보센터(국도),127.25687,35.687035,Y
E900014,(국도17호선)안성두교교차로,국가교통정보센터(국도),127.4368133,37.01434706,Y
E900928,(국도17호선)안성미륵당마을,국가교통정보센터(국도),127.4363194,37.08610556,Y
E900015,(국도17호선)안성오방교차로,국가교통정보센터(국도),127.4303581,37.11075987,Y
E900929,(국도17호선)안성용설저수지,국가교통정보센터(국도),127.4419381,37.0629626,Y
E900016,(국도17호선)안성죽산교차로,국가교통정보센터(국도),127.4338839,37.0805242,Y
E900930,(국도17호선)양화교차로,국가교통정보센터(국도),127.187926,35.951775,Y
E900017,(국도17호선)엑스포터널,국가교통정보센터(국도),127.682301,34.805188,Y
E900018,(국도17호선)여수산곡터널,국가교통정보센터(국도),127.5887,34.8582,Y
E900019,(국도17호선)여수율촌교차로,국가교통정보센터(국도),127.5625218,34.87804199,Y
E900020,(국도17호선)여수제2산단교차로,국가교통정보센터(국도),127.6131,34.8214,Y
E900021,(국도17호선)여수주삼IC,국가교통정보센터(국도),127.6632,34.7996,Y
E900022,(국도17호선)여수해룡교차로,국가교통정보센터(국도),127.5446,34.912,Y
E900023,(국도17호선)여천화물터미널,국가교통정보센터(국도),127.6717505,34.8061645,Y
E900931,(국도17호선)오수IC(임실),국가교통정보센터(국도),127.3259,35.555,Y
E900932,(국도17호선)완주구만리1,국가교통정보센터(국도),127.156666,35.901006,Y
E900933,(국도17호선)완주대둔산삼거리,국가교통정보센터(국도),127.335038,36.12060291,Y
E900934,(국도17호선)완주배티재,국가교통정보센터(국도),127.3392643,36.12637453,Y
E900935,(국도17호선)완주산북리,국가교통정보센터(국도),127.3354065,36.11780362,Y
E900936,(국도17호선)완주산정리앞,국가교통정보센터(국도),127.251979,35.694397,Y
E900937,(국도17호선)완주소모쟁이골,국가교통정보센터(국도),127.336334,36.113647,Y
E900938,(국도17호선)완주용암리,국가교통정보센터(국도),127.2469363,35.69634408,Y
E900939,(국도17호선)왕지IC,국가교통정보센터(국도),127.53075,34.97593,Y
E900024,(국도17호선)용인가재월리,국가교통정보센터(국도),127.3419805,37.17497681,Y
E900025,(국도17호선)용인고안교차로,국가교통정보센터(국도),127.4085056,37.12988357,Y
E900026,(국도17호선)용인백봉교차로,국가교통정보센터(국도),127.387999,37.143838,Y
E900027,(국도17호선)용인백암사거리,국가교통정보센터(국도),127.379794444444,37.1660277777778,Y
E900028,(국도17호선)용인원삼사거리,국가교통정보센터(국도),127.3260707,37.19077584,Y
E900940,(국도17호선)용인좌항제2저수지,국가교통정보센터(국도),127.3223541,37.20951567,Y
E900029,(국도17호선)용인평창리,국가교통정보센터(국도),127.3113723,37.22295023,Y
E900941,(국도17호선)용진교차로,국가교통정보센터(국도),127.156483,35.885192,Y
E900942,(국도17호선)운주교차로,국가교통정보센터(국도),127.238981,36.002635,Y
E900030,(국도17호선)율촌터널,국가교통정보센터(국도),127.552415,34.894638,Y
E900031,(국도17호선)임실관촌역사거리,국가교통정보센터(국도),127.2728,35.6664,Y
E900943,(국도17호선)임실군평리(임실),국가교통정보센터(국도),127.31127,35.57101,Y
E900944,(국도17호선)임실금암교차로,국가교통정보센터(국도),127.3396,35.53763,Y
E900945,(국도17호선)임실남악교차로,국가교통정보센터(국도),127.33155,35.54741,Y
E900946,(국도17호선)임실대정리,국가교통정보센터(국도),127.34276,35.50901,Y
E900032,(국도17호선)임실두곡삼거리,국가교통정보센터(국도),127.2911,35.6317,Y
E900947,(국도17호선)임실봉천리(남원),국가교통정보센터(국도),127.31443,35.58195,Y
E900948,(국도17호선)임실용정리,국가교통정보센터(국도),127.33772,35.52469,Y
E900949,(국도17호선)임실월평교차로,국가교통정보센터(국도),127.31448,35.62235,Y
E900950,(국도17호선)임실월평리(임실),국가교통정보센터(국도),127.32357,35.60712,Y
E900951,(국도17호선)임실임실교차로,국가교통정보센터(국도),127.29848,35.62811,Y
E900033,(국도17호선)진천도하교차로,국가교통정보센터(국도),127.4489,36.76056,Y
E900034,(국도17호선)진천반지교차로,국가교통정보센터(국도),127.439199,36.887225,Y
E900035,(국도17호선)진천봉죽육교,국가교통정보센터(국도),127.435343385859,36.7907017382478,Y
E900036,(국도17호선)진천사곡교차로,국가교통정보센터(국도),127.445678680482,36.8954677776614,Y
E900037,(국도17호선)진천사곡리,국가교통정보센터(국도),127.4356465,36.8769848,Y
E900038,(국도17호선)진천사석리,국가교통정보센터(국도),127.412057,36.831529,Y
E900039,(국도17호선)진천소물교차로,국가교통정보센터(국도),127.43868,36.97351,Y
E900040,(국도17호선)진천신월교차로,국가교통정보센터(국도),127.448769,36.916947,Y
E900041,(국도17호선)진천실원교차로,국가교통정보센터(국도),127.4356121,36.9977556,Y
E900042,(국도17호선)진천원덕교차로,국가교통정보센터(국도),127.43032,36.84197,Y
E900043,(국도17호선)진천장양교차로,국가교통정보센터(국도),127.448223712959,36.9415014460928,Y
E900044,(국도17호선)진천태락교차로,국가교통정보센터(국도),127.43423,36.80847,Y
E900045,(국도17호선)진천행정교차로,국가교통정보센터(국도),127.42862,36.85903,Y
E900046,(국도17호선)청주대련삼거리,국가교통정보센터(국도),127.45449,36.57567,Y
E900047,(국도17호선)청주매봉삼거리,국가교통정보센터(국도),127.4262361,36.4738241,Y
E900048,(국도17호선)청주선동삼거리,국가교통정보센터(국도),127.42347,36.4863,Y
E900049,(국도17호선)청주양지리,국가교통정보센터(국도),127.4259,36.45979,Y
E900050,(국도17호선)청주외천삼거리,국가교통정보센터(국도),127.42618,36.5325,Y
E900051,(국도17호선)청주척산삼거리,국가교통정보센터(국도),127.45104,36.5641,Y
E900052,(국도17호선)취적터널,국가교통정보센터(국도),127.574083,34.867533,Y
E900053,(국도17호선)학구삼거리,국가교통정보센터(국도),127.444784,35.032957,Y
E900054,(국도17호선)해룡터널,국가교통정보센터(국도),127.546349,34.898612,Y
E900055,(국도17호선)해산교차로,국가교통정보센터(국도),127.64069,34.801564,Y
E900952,(국도18호선)관춘교차로,국가교통정보센터(국도),126.40203,34.574531,Y
E900953,(국도18호선)구례GSLPG충전소,국가교통정보센터(국도),127.462093,35.183231,Y
E900954,(국도18호선)구례봉서리,국가교통정보센터(국도),127.464074,35.192681,Y
E900955,(국도18호선)군내교차로인근,국가교통정보센터(국도),126.290603,34.514198,Y
E900956,(국도18호선)금성마을인근,국가교통정보센터(국도),126.294075,34.549106,Y
E900957,(국도18호선)납조저수지인근,국가교통정보센터(국도),126.47406,34.577014,Y
E900958,(국도18호선)덕촌마을인근,국가교통정보센터(국도),126.728706,34.588382,Y
E900959,(국도18호선)동령교차로인근,국가교통정보센터(국도),126.688758,34.573554,Y
E900960,(국도18호선)마산교차로,국가교통정보센터(국도),126.553665,34.585521,Y
E900961,(국도18호선)보성봇재교차로,국가교통정보센터(국도),127.086312,34.714724,Y
E900962,(국도18호선)보성봉산리,국가교통정보센터(국도),127.089547,34.742313,Y
E900963,(국도18호선)사교교차로,국가교통정보센터(국도),126.357192,34.592842,Y
E900964,(국도18호선)상등마을인근,국가교통정보센터(국도),126.535011,34.586532,Y
E900965,(국도18호선)선두육교인근,국가교통정보센터(국도),126.328056,34.591682,Y
E900966,(국도18호선)신동교차로인근,국가교통정보센터(국도),126.29631,34.557544,Y
E900967,(국도18호선)신천교차로,국가교통정보센터(국도),126.734764,34.599266,Y
E900968,(국도18호선)안농마을인근,국가교통정보센터(국도),126.301055,34.542926,Y
E900056,(국도18호선)용암삼거리,국가교통정보센터(국도),127.194668,34.959211,Y
E900969,(국도18호선)우수영관광단지인근,국가교통정보센터(국도),126.311553,34.579429,Y
E900970,(국도18호선)월가리마을회관인근,국가교통정보센터(국도),126.285644,34.498313,Y
E900971,(국도18호선)정거럼재삼거리인근,국가교통정보센터(국도),126.285453,34.489688,Y
E900972,(국도18호선)진도고교앞교차로,국가교통정보센터(국도),126.277381,34.484687,Y
E900973,(국도18호선)진도대교,국가교통정보센터(국도),126.301765,34.569091,Y
E900974,(국도18호선)진도터널입구,국가교통정보센터(국도),126.291259,34.526782,Y
E900975,(국도18호선)진도터미널인근,국가교통정보센터(국도),126.261947,34.478622,Y
E900976,(국도18호선)진도향토문화회관,국가교통정보센터(국도),126.27082,34.479537,Y
E900977,(국도18호선)포산삼거리,국가교통정보센터(국도),126.256019,34.47961,Y
E900978,(국도18호선)해남교차로,국가교통정보센터(국도),126.585933,34.560791,Y
E900979,(국도19)괴산검승리(1),국가교통정보센터(국도),127.8353,36.8114,Y
E900980,(국도19)괴산검승리(2),국가교통정보센터(국도),127.8419,36.818,Y
E900981,(국도19)괴산검승리(3),국가교통정보센터(국도),127.8413,36.8246,Y
E900982,(국도19)괴산광전사거리,국가교통정보센터(국도),127.8744,36.8354,Y
E900983,(국도19)괴산광진리,국가교통정보센터(국도),127.937034,36.87538,Y
E900984,(국도19)괴산괴산교차로(괴산IC),국가교통정보센터(국도),127.9221,36.8578,Y
E900985,(국도19)괴산괴산소방서,국가교통정보센터(국도),127.7998,36.809,Y
E900986,(국도19)괴산금산삼거리,국가교통정보센터(국도),127.7913,36.8037,Y
E900987,(국도19)괴산대사삼거리,국가교통정보센터(국도),127.7848,36.7982,Y
E900988,(국도19)괴산문강교차로,국가교통정보센터(국도),127.9508,36.8849,Y
E900989,(국도19)괴산문광터널남측,국가교통정보센터(국도),127.727968,36.753225,Y
E900990,(국도19)괴산문광터널북측,국가교통정보센터(국도),127.734971,36.758902,Y
E900991,(국도19)괴산방곡교,국가교통정보센터(국도),127.9134,36.8468,Y
E900992,(국도19)괴산방곡교차로,국가교통정보센터(국도),127.92977,36.863369,Y
E900993,(국도19)괴산백양교차로,국가교통정보센터(국도),127.8875,36.8371,Y
E900994,(국도19)괴산부성교,국가교통정보센터(국도),127.730913,36.739507,Y
E900995,(국도19)괴산부성리,국가교통정보센터(국도),127.734211,36.730969,Y
E900996,(국도19)괴산부흥리,국가교통정보센터(국도),127.718116,36.693761,Y
E900997,(국도19)괴산부흥사거리,국가교통정보센터(국도),127.727402,36.70408,Y
E900998,(국도19)괴산삼락리(1),국가교통정보센터(국도),127.734857,36.714171,Y
E900999,(국도19)괴산삼락리(2),국가교통정보센터(국도),127.735159,36.720626,Y
E901000,(국도19)괴산성골교차로,국가교통정보센터(국도),127.8583,36.8337,Y
E901001,(국도19)괴산소금랜드,국가교통정보센터(국도),127.7463,36.7646,Y
E901002,(국도19)괴산송평리,국가교통정보센터(국도),127.7764,36.7882,Y
E901003,(국도19)괴산신기1리마을입구,국가교통정보센터(국도),127.7567,36.7704,Y
E901004,(국도19)괴산신기리,국가교통정보센터(국도),127.7655,36.7796,Y
E901005,(국도19)괴산오릉교차로,국가교통정보센터(국도),127.8287,36.8071,Y
E901006,(국도19)괴산오성리(4),국가교통정보센터(국도),127.848,36.8321,Y
E901007,(국도19)괴산지경2삼거리,국가교통정보센터(국도),127.725542,36.746107,Y
E901008,(국도19)괴산지경회전교차로,국가교통정보센터(국도),127.727582,36.743292,Y
E901009,(국도19)남해갱문동산해안도로,국가교통정보센터(국도),128.033621,34.723101,Y
E901011,(국도19)남해고현교차로,국가교통정보센터(국도),127.871735,34.900849,Y
E901010,(국도19)남해고현교차로북측,국가교통정보센터(국도),127.867169,34.904423,Y
E901012,(국도19)남해금산주차장서측,국가교통정보센터(국도),127.975979,34.740096,Y
E901013,(국도19)남해남해로컬푸드직매장남측,국가교통정보센터(국도),127.879361,34.891335,Y
E901014,(국도19)남해남해지하차도남측,국가교통정보센터(국도),127.899331,34.836028,Y
E901015,(국도19)남해대입현교차로,국가교통정보센터(국도),127.914673,34.823884,Y
E901016,(국도19)남해도마교차로,국가교통정보센터(국도),127.894177,34.868803,Y
E901017,(국도19)남해도으모리들,국가교통정보센터(국도),127.946142,34.752757,Y
E901018,(국도19)남해두모마을입구,국가교통정보센터(국도),127.957988,34.741082,Y
E901019,(국도19)남해미조공설운동장,국가교통정보센터(국도),128.028804,34.728818,Y
E901020,(국도19)남해미조초등학교,국가교통정보센터(국도),128.041198,34.716808,Y
E901021,(국도19)남해벽련마을입구,국가교통정보센터(국도),127.9509,34.742244,Y
E901022,(국도19)남해상주공원묘지,국가교통정보센터(국도),128.000483,34.720189,Y
E901023,(국도19)남해상주우체국,국가교통정보센터(국도),127.989331,34.722894,Y
E901024,(국도19)남해상주해수욕장,국가교통정보센터(국도),127.994881,34.719349,Y
E901025,(국도19)남해성산교차로,국가교통정보센터(국도),127.889882,34.878563,Y
E901026,(국도19)남해성현교,국가교통정보센터(국도),127.959183,34.793681,Y
E901027,(국도19)남해소입현교차로,국가교통정보센터(국도),127.903491,34.831578,Y
E901028,(국도19)남해심천교차로,국가교통정보센터(국도),127.892952,34.854186,Y
E901030,(국도19)남해앵강휴게소,국가교통정보센터(국도),127.961304,34.78468,Y
E901029,(국도19)남해앵강휴게소남측,국가교통정보센터(국도),127.961636,34.780779,Y
E901031,(국도19)남해용두교차로,국가교통정보센터(국도),127.941266,34.811104,Y
E901032,(국도19)남해원앙골소류지,국가교통정보센터(국도),127.981069,34.73213,Y
E901033,(국도19)남해원천항입구,국가교통정보센터(국도),127.948564,34.762798,Y
E901034,(국도19)남해월곡교차로,국가교통정보센터(국도),127.865971,34.930067,Y
E901035,(국도19)남해이동교차로,국가교통정보센터(국도),127.95426,34.803441,Y
E901036,(국도19)남해이어교차로,국가교통정보센터(국도),127.894755,34.863587,Y
E901037,(국도19)남해입현교차로,국가교통정보센터(국도),127.910156,34.829728,Y
E901038,(국도19)남해차면교차로,국가교통정보센터(국도),127.860484,34.916527,Y
E901039,(국도19)남해천하몽돌해변,국가교통정보센터(국도),128.010444,34.723978,Y
E901040,(국도19)무주압치터널(무주),국가교통정보센터(국도),127.67096,36.032999,Y
E901041,(국도19)보은금굴교차로,국가교통정보센터(국도),127.735193,36.457921,Y
E901042,(국도19)보은보은IC교차로,국가교통정보센터(국도),127.733652,36.449261,Y
E901043,(국도19)보은보은교차로,국가교통정보센터(국도),127.73102,36.491318,Y
E901044,(국도19)보은보은산업단지,국가교통정보센터(국도),127.7328634,36.42403832,Y
E901045,(국도19)보은봉계1교차로,국가교통정보센터(국도),127.720889,36.53355,Y
E901046,(국도19)보은봉황교차로,국가교통정보센터(국도),127.687058,36.58739,Y
E901047,(국도19)보은서원1리,국가교통정보센터(국도),127.7301998,36.41612801,Y
E901048,(국도19)보은서원2리,국가교통정보센터(국도),127.7278622,36.4092663,Y
E901049,(국도19)보은서원리삼거리,국가교통정보센터(국도),127.7301986,36.4038764,Y
E901050,(국도19)보은송죽사거리,국가교통정보센터(국도),127.7363839,36.438386,Y
E901051,(국도19)보은신함IC교,국가교통정보센터(국도),127.727429,36.513883,Y
E901052,(국도19)보은원남교차로,국가교통정보센터(국도),127.7352124,36.3965335,Y
E901053,(국도19)보은월송IC교,국가교통정보센터(국도),127.738027,36.471682,Y
E901054,(국도19)보은이식교,국가교통정보센터(국도),127.689999,36.577427,Y
E901055,(국도19)보은중티리,국가교통정보센터(국도),127.697591,36.56206,Y
E901056,(국도19)영동괴목교차로,국가교통정보센터(국도),127.756105,36.152685,Y
E901057,(국도19)영동덕천교,국가교통정보센터(국도),127.681728,36.088274,Y
E901058,(국도19)영동마포교차로,국가교통정보센터(국도),127.699398,36.113465,Y
E901059,(국도19)영동매금리,국가교통정보센터(국도),127.8230788,36.28714204,Y
E901060,(국도19)영동매남사거리,국가교통정보센터(국도),127.8233343,36.2899092,Y
E901061,(국도19)영동묘동리,국가교통정보센터(국도),127.745316,36.141113,Y
E901062,(국도19)영동묵정교차로,국가교통정보센터(국도),127.716814,36.127965,Y
E901063,(국도19)영동법화리(1),국가교통정보센터(국도),127.8183388,36.3007183,Y
E901064,(국도19)영동법화리(2),국가교통정보센터(국도),127.817697,36.30575765,Y
E901065,(국도19)영동봉소교차로,국가교통정보센터(국도),127.658496,36.061213,Y
E901066,(국도19)영동봉소리,국가교통정보센터(국도),127.665193,36.076219,Y
E901067,(국도19)영동부용교차로,국가교통정보센터(국도),127.7678741,36.1792918,Y
E901068,(국도19)영동상용사거리,국가교통정보센터(국도),127.8242343,36.2701283,Y
E901069,(국도19)영동상용삼거리,국가교통정보센터(국도),127.8204311,36.27520517,Y
E901070,(국도19)영동신항1리,국가교통정보센터(국도),127.8184256,36.26276057,Y
E901071,(국도19)영동신항2리,국가교통정보센터(국도),127.8167186,36.25591146,Y
E901072,(국도19)영동압치터널(영동),국가교통정보센터(국도),127.664543,36.045721,Y
E901073,(국도19)영동영동교,국가교통정보센터(국도),127.762843,36.163469,Y
E901074,(국도19)영동영산교차로,국가교통정보센터(국도),127.7727428,36.1830524,Y
E901075,(국도19)영동율리교차로,국가교통정보센터(국도),127.8125205,36.24511981,Y
E901076,(국도19)영동학산삼거리,국가교통정보센터(국도),127.689137,36.102397,Y
E901077,(국도19)옥천능월리,국가교통정보센터(국도),127.7342217,36.3848086,Y
E901078,(국도19)옥천도곡보건진료소,국가교통정보센터(국도),127.7324533,36.3740906,Y
E901079,(국도19)옥천도장리,국가교통정보센터(국도),127.7344651,36.3671741,Y
E901080,(국도19)옥천목동삼거리,국가교통정보센터(국도),127.8127578,36.32801446,Y
E901081,(국도19)옥천산계교차로,국가교통정보센터(국도),127.7635141,36.3341746,Y
E901082,(국도19)옥천산계리,국가교통정보센터(국도),127.7577044,36.3349626,Y
E901083,(국도19)옥천장연1교차로,국가교통정보센터(국도),127.747667,36.3456756,Y
E901084,(국도19)옥천장연2교차로,국가교통정보센터(국도),127.734656,36.35556346,Y
E901085,(국도19)옥천청산119안전센터,국가교통정보센터(국도),127.7809049,36.3445636,Y
E901086,(국도19)옥천청산교남측,국가교통정보센터(국도),127.7980164,36.3393507,Y
E901087,(국도19)옥천판수리,국가교통정보센터(국도),127.8049745,36.33397584,Y
E901088,(국도19)옥천효목리(1),국가교통정보센터(국도),127.8154947,36.3128675,Y
E901089,(국도19)옥천효목리(2),국가교통정보센터(국도),127.8144932,36.3198885,Y
E901090,(국도19)원주매지터널(남),국가교통정보센터(국도),127.89684,37.2335,Y
E901091,(국도19)원주운계터널,국가교통정보센터(국도),127.8907394,37.20025253,Y
E901092,(국도19)청주구방1리(1),국가교통정보센터(국도),127.68922,36.662107,Y
E901093,(국도19)청주구방1리(2),국가교통정보센터(국도),127.691458,36.664315,Y
E901094,(국도19)청주구방리(1),국가교통정보센터(국도),127.694646,36.666193,Y
E901095,(국도19)청주구방리(2),국가교통정보센터(국도),127.697792,36.669462,Y
E901096,(국도19)청주구방리(3),국가교통정보센터(국도),127.704698,36.672533,Y
E901097,(국도19)청주구방삼거리,국가교통정보센터(국도),127.708257,36.676685,Y
E901098,(국도19)청주기암리(1),국가교통정보센터(국도),127.707975,36.683306,Y
E901099,(국도19)청주기암리(2),국가교통정보센터(국도),127.714663,36.687371,Y
E901100,(국도19)청주쌍이리(1),국가교통정보센터(국도),127.669009,36.643313,Y
E901101,(국도19)청주쌍이리(2),국가교통정보센터(국도),127.678126,36.650926,Y
E901102,(국도19)청주운암교,국가교통정보센터(국도),127.68357,36.596373,Y
E901103,(국도19)청주운암교차로,국가교통정보센터(국도),127.683103,36.601907,Y
E901104,(국도19)청주점말교차로,국가교통정보센터(국도),127.67423,36.614385,Y
E901105,(국도19)청주충북경찰청항공대,국가교통정보센터(국도),127.688084,36.654867,Y
E901106,(국도19)충주구룡1교,국가교통정보센터(국도),127.883362,37.129333,Y
E901107,(국도19)충주구룡교차로,국가교통정보센터(국도),127.8831,37.1354,Y
E901108,(국도19)충주동막교차로,국가교통정보센터(국도),127.896,37.1061,Y
E901109,(국도19)충주문산졸음쉼터,국가교통정보센터(국도),127.9077794,37.0185158,Y
E901110,(국도19)충주살미터널,국가교통정보센터(국도),127.9553,36.8902,Y
E901111,(국도19)충주소태육교,국가교통정보센터(국도),127.882133,37.155949,Y
E901112,(국도19)충주엄정교,국가교통정보센터(국도),127.9327,37.0866,Y
E901113,(국도19)충주엄정교차로,국가교통정보센터(국도),127.9242,37.093,Y
E901114,(국도19)하동검두교차로,국가교통정보센터(국도),127.661347,35.158291,Y
E901115,(국도19)하동계천교서측,국가교통정보센터(국도),127.821466,34.995673,Y
E901116,(국도19)하동계천사거리,국가교통정보센터(국도),127.812555,34.995596,Y
E901117,(국도19)하동금남교차로,국가교통정보센터(국도),127.856718,34.955301,Y
E901118,(국도19)하동금남원예영농조합법인,국가교통정보센터(국도),127.849707,34.962373,Y
E901119,(국도19)하동남도사거리,국가교통정보센터(국도),127.629727,35.182267,Y
E901120,(국도19)하동덕포교차로,국가교통정보센터(국도),127.834934,34.986578,Y
E901121,(국도19)하동상덕교차로,국가교통정보센터(국도),127.633658,35.176614,Y
E901122,(국도19)하동섬진강습지공원,국가교통정보센터(국도),127.783083,35.025795,Y
E901123,(국도19)하동신기마을회관,국가교통정보센터(국도),127.8519,34.968878,Y
E901124,(국도19)하동신지교차로,국가교통정보센터(국도),127.713121,35.09071,Y
E901125,(국도19)하동예인촌버스정류장,국가교통정보센터(국도),127.697201,35.122021,Y
E901126,(국도19)하동평사리공원,국가교통정보센터(국도),127.691267,35.136649,Y
E901127,(국도19)하동하동송림공원,국가교통정보센터(국도),127.749375,35.060267,Y
E901128,(국도19)하동하동포구주유소,국가교통정보센터(국도),127.770478,35.055624,Y
E901129,(국도19)하동하동포구터널남측,국가교통정보센터(국도),127.791252,34.999644,Y
E901130,(국도19)하동호암교차로,국가교통정보센터(국도),127.701251,35.102338,Y
E901131,(국도19)하동화개교,국가교통정보센터(국도),127.62443,35.18713,Y
E901132,(국도19)하동흥룡교차로,국가교통정보센터(국도),127.696978,35.116108,Y
E901133,(국도19호선)SK주유소,국가교통정보센터(국도),127.528045,35.505071,Y
E901134,(국도19호선)고죽교차로,국가교통정보센터(국도),127.41695,35.43206,Y
E901135,(국도19호선)광평삼거리,국가교통정보센터(국도),127.485173,35.208488,Y
E901136,(국도19호선)구례계천리,국가교통정보센터(국도),127.442228,35.338504,Y
E901137,(국도19호선)구례계천리2,국가교통정보센터(국도),127.4414245,35.33205568,Y
E900057,(국도19호선)구례광의교차로,국가교통정보센터(국도),127.4548,35.2296,Y
E901138,(국도19호선)구례금내리,국가교통정보센터(국도),127.51833,35.200728,Y
E900058,(국도19호선)구례냉천교차로,국가교통정보센터(국도),127.4774,35.2123,Y
E900059,(국도19호선)구례밤재터널,국가교통정보센터(국도),127.4394,35.3504,Y
E900060,(국도19호선)구례산동교차로,국가교통정보센터(국도),127.4305,35.3098,Y
E901139,(국도19호선)구례송정리1,국가교통정보센터(국도),127.570664,35.199178,Y
E901140,(국도19호선)구례원촌교차로,국가교통정보센터(국도),127.44039,35.32289,Y
E901141,(국도19호선)구례죽정리,국가교통정보센터(국도),127.416003,35.275874,Y
E901142,(국도19호선)구례파도리,국가교통정보센터(국도),127.532523,35.194073,Y
E901143,(국도19호선)길왕교차로,국가교통정보센터(국도),127.659467,35.962444,Y
E901144,(국도19호선)남원목동리1,국가교통정보센터(국도),127.442231,35.468619,Y
E900061,(국도19호선)남원밤재터널(하),국가교통정보센터(국도),127.439,35.372,Y
E901145,(국도19호선)남원식련리1,국가교통정보센터(국도),127.455746,35.480871,Y
E901146,(국도19호선)남원식련리3,국가교통정보센터(국도),127.462856,35.489656,Y
E901147,(국도19호선)남원식정동2,국가교통정보센터(국도),127.425387,35.444571,Y
E900062,(국도19호선)남원용담교,국가교통정보센터(국도),127.416,35.413,Y
E901148,(국도19호선)남원월석리,국가교통정보센터(국도),127.507418,35.500152,Y
E900063,(국도19호선)남원육모정교차로,국가교통정보센터(국도),127.435,35.392,Y
E901149,(국도19호선)남해남해교차로남측,국가교통정보센터(국도),127.898206,34.844842,Y
E901150,(국도19호선)남해다천교차로,국가교통정보센터(국도),127.931316,34.816043,Y
E901151,(국도19호선)남해방월교남측,국가교통정보센터(국도),127.860773,34.908637,Y
E901152,(국도19호선)남해월곡교차로,국가교통정보센터(국도),127.861863,34.925446,Y
E901153,(국도19호선)당산육교,국가교통정보센터(국도),127.670639,36.000487,Y
E900064,(국도19호선)동방천삼거리,국가교통정보센터(국도),127.544872,35.1918,Y
E900065,(국도19호선)무주TG,국가교통정보센터(국도),127.65229,35.974276,Y
E900066,(국도19호선)수분재,국가교통정보센터(국도),127.49843,35.568886,Y
E900067,(국도19호선)싸리재,국가교통정보센터(국도),127.532887,35.661368,Y
E901154,(국도19호선)싸리재터널,국가교통정보센터(국도),127.644367,35.987014,Y
E901155,(국도19호선)압치터널,국가교통정보센터(국도),127.671687,36.032424,Y
E901156,(국도19호선)외곡삼거리,국가교통정보센터(국도),127.602124,35.200199,Y
E900068,(국도19호선)원주귀래교차로,국가교통정보센터(국도),127.889694,37.167001,Y
E900069,(국도19호선)원주매지터널앞,국가교통정보센터(국도),127.899049,37.251963,Y
E900070,(국도19호선)원주백운교차로,국가교통정보센터(국도),127.892538,37.224016,Y
E900071,(국도19호선)원주연대삼거리,국가교통정보센터(국도),127.906022,37.273695,Y
E900072,(국도19호선)원주운계리,국가교통정보센터(국도),127.889919,37.185305,Y
E901157,(국도19호선)장수가말들,국가교통정보센터(국도),127.49877,35.546696,Y
E901158,(국도19호선)장수교동리2,국가교통정보센터(국도),127.497955,35.574836,Y
E901159,(국도19호선)장수금덕리,국가교통정보센터(국도),127.596016,35.755726,Y
E901160,(국도19호선)장수노단리,국가교통정보센터(국도),127.5327203,35.53689717,Y
E901161,(국도19호선)장수매계리,국가교통정보센터(국도),127.6015185,35.76338057,Y
E901162,(국도19호선)장수수분리3,국가교통정보센터(국도),127.509641,35.607132,Y
E901163,(국도19호선)장수장수IC교차로,국가교통정보센터(국도),127.582706,35.710988,Y
E901164,(국도19호선)장안산농원,국가교통정보센터(국도),127.534029,35.518661,Y
E900073,(국도19호선)충주문산교차로,국가교통정보센터(국도),127.9119469,37.0301841,Y
E900074,(국도19호선)충주유송교차로,국가교통정보센터(국도),127.9028935,37.0027863,Y
E900075,(국도19호선)충주창동교차로,국가교통정보센터(국도),127.8820728,36.9877416,Y
E901165,(국도19호선)하동고소성교차로,국가교통정보센터(국도),127.675734,35.149477,Y
E901166,(국도19호선)하동노량대교북측,국가교통정보센터(국도),127.865698,34.948466,Y
E901167,(국도19호선)하동대송사거리,국가교통정보센터(국도),127.842935,34.975712,Y
E901168,(국도19호선)하동만지교차로,국가교통정보센터(국도),127.733805,35.081577,Y
E901169,(국도19호선)하동부춘교차로북측,국가교통정보센터(국도),127.644842,35.16801,Y
E901170,(국도19호선)하동신기교차로,국가교통정보센터(국도),127.763875,35.059919,Y
E901171,(국도19호선)하동하동교차로,국가교통정보센터(국도),127.772586,35.039855,Y
E901172,(국도19호선)하동하동포구터널북측,국가교통정보센터(국도),127.788781,35.011181,Y
E901173,(국도1)논산고내리,국가교통정보센터(국도),127.097215,36.09311,Y
E901174,(국도1)논산교촌리(사각),국가교통정보센터(국도),127.10279,36.171955,Y
E901175,(국도1)논산마구평리,국가교통정보센터(국도),127.13219,36.21438,Y
E901176,(국도1)논산마산사거리,국가교통정보센터(국도),127.101394,36.126499,Y
E901177,(국도1)논산앞골육교,국가교통정보센터(국도),127.225059,36.212084,Y
E901178,(국도1)논산연무고입구교차로,국가교통정보센터(국도),127.10883,36.13975,Y
E901179,(국도1)논산연산삼거리,국가교통정보센터(국도),127.22573,36.21437,Y
E901180,(국도1)논산연산중학교입구(사각),국가교통정보센터(국도),127.2120433,36.21092556,Y
E901181,(국도1)논산청동리,국가교통정보센터(국도),127.20331,36.208733,Y
E901182,(국도1)논산토양사거리,국가교통정보센터(국도),127.1015519,36.15447866,Y
E901183,(국도1)논산황산벌휴게소,국가교통정보센터(국도),127.1536965,36.21137497,Y
E901184,(국도1)세종미곡리,국가교통정보센터(국도),127.22285,36.672,Y
E901185,(국도1)세종발산교차로,국가교통정보센터(국도),127.28499,36.45291,Y
E901186,(국도1)세종석곡교,국가교통정보센터(국도),127.2563303,36.65941026,Y
E901187,(국도1)세종세종여고교차로,국가교통정보센터(국도),127.28942,36.60528,Y
E901188,(국도1)세종소정육교삼거리,국가교통정보센터(국도),127.16253,36.72722,Y
E901189,(국도1)세종연기사거리,국가교통정보센터(국도),127.2796,36.55564,Y
E901190,(국도1)세종용수2교,국가교통정보센터(국도),127.27486,36.4152,Y
E901191,(국도1)세종용수3교,국가교통정보센터(국도),127.27852,36.41998,Y
E901192,(국도1)세종욱일교차로,국가교통정보센터(국도),127.290238,36.599882,Y
E901193,(국도1)세종월암교,국가교통정보센터(국도),127.2901355,36.57087582,Y
E901194,(국도1)세종유정2교,국가교통정보센터(국도),127.16312,36.68657,Y
E901195,(국도1)세종이동검문소,국가교통정보센터(국도),127.2292155,36.67021041,Y
E901196,(국도1)세종조천1교,국가교통정보센터(국도),127.2873782,36.63390851,Y
E901197,(국도1)세종조천3교,국가교통정보센터(국도),127.23483,36.66501,Y
E901198,(국도1)세종조천4교,국가교통정보센터(국도),127.207375,36.6729259,Y
E901199,(국도1)세종청람교차로,국가교통정보센터(국도),127.24312,36.66328,Y
E901200,(국도1)세종행정삼거리,국가교통정보센터(국도),127.155018,36.695054,Y
E901203,(국도1)양안지하차도천변,국가교통정보센터(국도),127.1790829,36.6808534,Y
E901201,(국도1)양안지하차도상행,국가교통정보센터(국도),127.1781976,36.6812045,Y
E901202,(국도1)양안지하차도하행,국가교통정보센터(국도),127.178768,36.6810187,Y
E901204,(국도1)오산세교동,국가교통정보센터(국도),127.0418556,37.19641389,Y
E901205,(국도1)오산오산운동장사거리,국가교통정보센터(국도),127.0728944,37.15605,Y
E901206,(국도1)직산지하차도성환방향,국가교통정보센터(국도),127.146174,36.879621,Y
E901207,(국도1)직산지하차도차단막성환방향,국가교통정보센터(국도),127.145434,36.878515,Y
E901208,(국도1)직산지하차도차단막천안방향,국가교통정보센터(국도),127.146955,36.874234,Y
E901209,(국도1)직산지하차도천안방향,국가교통정보센터(국도),127.146683,36.875438,Y
E901210,(국도1)천안남천안IC교차로,국가교통정보센터(국도),127.1706806,36.7496713,Y
E901211,(국도1)천안대홍삼거리,국가교통정보센터(국도),127.132517,36.948565,Y
E901212,(국도1)천안삼은리,국가교통정보센터(국도),127.14464,36.88308,Y
E901213,(국도1)천안소우교차로,국가교통정보센터(국도),127.1750917,36.87240099,Y
E901214,(국도1)천안송남교,국가교통정보센터(국도),127.1900263,36.86898154,Y
E901215,(국도1)천안신당교차로,국가교통정보센터(국도),127.1607047,36.86602117,Y
E901216,(국도1)천안신월리,국가교통정보센터(국도),127.1492456,36.86772655,Y
E901217,(국도1)천안안궁리(사각),국가교통정보센터(국도),127.126883,36.959765,Y
E901218,(국도1)천안직산지하차도,국가교통정보센터(국도),127.1471005,36.87378051,Y
E901219,(국도1)파주운천역,국가교통정보센터(국도),126.771898,37.8792,Y
E901220,(국도1)평택롯데제과삼거리,국가교통정보센터(국도),127.064418,37.117785,Y
E901221,(국도1)평택비행장사거리,국가교통정보센터(국도),127.0635944,37.09500444,Y
E901222,(국도1)평택진위역,국가교통정보센터(국도),127.06382751,37.10647964,Y
E900076,(국도1호선)계룡광석교차로,국가교통정보센터(국도),127.22855,36.26242,Y
E900077,(국도1호선)계룡유동삼거리,국가교통정보센터(국도),127.237195,36.278134,Y
E900078,(국도1호선)공주삽재교차로,국가교통정보센터(국도),127.26796,36.36278,Y
E900079,(국도1호선)공주송곡교차로,국가교통정보센터(국도),127.2638068,36.41127752,Y
E900080,(국도1호선)금구사거리,국가교통정보센터(국도),127.005972,35.776748,Y
E901223,(국도1호선)김제용복리,국가교통정보센터(국도),126.99983,35.764477,Y
E900081,(국도1호선)나주금천교차로,국가교통정보센터(국도),126.7785,35.036,Y
E900082,(국도1호선)나주대학3,국가교통정보센터(국도),126.6447,35.0178,Y
E900083,(국도1호선)나주동수교차로,국가교통정보센터(국도),126.683494,34.975398,Y
E900084,(국도1호선)나주복암교차로,국가교통정보센터(국도),126.644298,35.006818,Y
E900085,(국도1호선)나주부덕교차로,국가교통정보센터(국도),126.72765,34.975331,Y
E900086,(국도1호선)나주산포,국가교통정보센터(국도),126.8102,35.0411,Y
E900087,(국도1호선)나주신천교차로,국가교통정보센터(국도),126.766232,35.008096,Y
E900088,(국도1호선)나주영산강교,국가교통정보센터(국도),126.66564,34.98561,Y
E900089,(국도1호선)나주우산제앞,국가교통정보센터(국도),126.751495,34.984867,Y
E900090,(국도1호선)나주칠석교차로,국가교통정보센터(국도),126.842247,35.065308,Y
E900091,(국도1호선)낙수교차로,국가교통정보센터(국도),126.9958,35.73172,Y
E900092,(국도1호선)논산개태사역,국가교통정보센터(국도),127.227537,36.24149,Y
E900093,(국도1호선)논산계백사거리,국가교통정보센터(국도),127.11083,36.21124,Y
E900094,(국도1호선)논산고정삼거리,국가교통정보센터(국도),127.18827,36.20867,Y
E900095,(국도1호선)논산공운교,국가교통정보센터(국도),127.10764,36.19931,Y
E900096,(국도1호선)논산동산사거리,국가교통정보센터(국도),127.10609,36.13107,Y
E900097,(국도1호선)논산송정교차로,국가교통정보센터(국도),127.2271,36.22403,Y
E900098,(국도1호선)논산연무삼거리,국가교통정보센터(국도),127.09872,36.12206,Y
E900099,(국도1호선)논산연산사거리,국가교통정보센터(국도),127.222718,36.210655,Y
E900100,(국도1호선)논산외성삼거리,국가교통정보센터(국도),127.1615,36.21385,Y
E900101,(국도1호선)논산은진사거리,국가교통정보센터(국도),127.1038,36.16929,Y
E900102,(국도1호선)논산임리삼거리,국가교통정보센터(국도),127.17412,36.21249,Y
E900103,(국도1호선)논산입소대대,국가교통정보센터(국도),127.09914,36.10863,Y
E900104,(국도1호선)대야삼거리,국가교통정보센터(국도),127.048134,35.794431,Y
E900105,(국도1호선)대전두마교차로,국가교통정보센터(국도),127.27147,36.27181,Y
E900106,(국도1호선)대전중세교차로,국가교통정보센터(국도),127.27065,36.29376,Y
E900107,(국도1호선)대흥교차로,국가교통정보센터(국도),127.045705,35.875718,Y
E901224,(국도1호선)목포내화교차로,국가교통정보센터(국도),126.4001134,34.8395493,Y
E900108,(국도1호선)무안교촌IC,국가교통정보센터(국도),126.4632,34.9969,Y
E900109,(국도1호선)무안목포대4,국가교통정보센터(국도),126.4302,34.9079,Y
E900110,(국도1호선)무안삼향농공단지,국가교통정보센터(국도),126.4246,34.8751,Y
E900111,(국도1호선)무안청계3,국가교통정보센터(국도),126.426,34.921,Y
E900112,(국도1호선)무안태봉IC,국가교통정보센터(국도),126.445,34.9548,Y
E900113,(국도1호선)삼향농공단지입구,국가교통정보센터(국도),126.421679,34.870012,Y
E900114,(국도1호선)세종곡교천삼거리,국가교통정보센터(국도),127.153911,36.722064,Y
E900115,(국도1호선)세종대평교차로,국가교통정보센터(국도),127.2759888,36.46292277,Y
E900116,(국도1호선)세종두만교차로,국가교통정보센터(국도),127.2857896,36.43634537,Y
E900117,(국도1호선)세종번암사거리,국가교통정보센터(국도),127.293057,36.582677,Y
E900118,(국도1호선)세종상리사거리,국가교통정보센터(국도),127.30517,36.60281,Y
E901225,(국도1호선)세종서창사거리,국가교통정보센터(국도),127.29346,36.60928,Y
E900119,(국도1호선)세종용수4교,국가교통정보센터(국도),127.2774549,36.4282043,Y
E900120,(국도1호선)세종유천교차로,국가교통정보센터(국도),127.17272,36.6833,Y
E900121,(국도1호선)세종전동교차로,국가교통정보센터(국도),127.27039,36.64742,Y
E900122,(국도1호선)세종전의교차로,국가교통정보센터(국도),127.19425,36.67942,Y
E900123,(국도1호선)세종홍대입구삼거리,국가교통정보센터(국도),127.29062,36.62081,Y
E900124,(국도1호선)쑥고개교차로,국가교통정보센터(국도),127.068564,35.790502,Y
E900125,(국도1호선)쑥고개인근,국가교통정보센터(국도),127.0582,35.79989,Y
E901226,(국도1호선)연명교차로,국가교통정보센터(국도),127.08804,36.016857,Y
E900126,(국도1호선)오산경원산업입구,국가교통정보센터(국도),127.072536111111,37.1326138888889,Y
E901227,(국도1호선)완주상개리,국가교통정보센터(국도),127.049866,35.81409,Y
E900127,(국도1호선)용복교차로,국가교통정보센터(국도),127.001121,35.753222,Y
E900128,(국도1호선)원평교차로,국가교통정보센터(국도),126.9849,35.7143,Y
E900129,(국도1호선)월전삼거리,국가교통정보센터(국도),127.021865,35.785021,Y
E900130,(국도1호선)이서교차로,국가교통정보센터(국도),127.050006,35.827316,Y
E900131,(국도1호선)익산금마육교,국가교통정보센터(국도),127.059,35.98739,Y
E900132,(국도1호선)익산여산IC,국가교통정보센터(국도),127.0826,36.0646,Y
E901228,(국도1호선)장성곰재터널,국가교통정보센터(국도),126.82627,35.419461,Y
E901229,(국도1호선)장성구산교차로,국가교통정보센터(국도),126.85193,35.355362,Y
E901230,(국도1호선)장성단전교차로,국가교통정보센터(국도),126.868611,35.382645,Y
E901231,(국도1호선)장성대악교차로,국가교통정보센터(국도),126.858004,35.371713,Y
E900133,(국도1호선)장성덕산마을부근,국가교통정보센터(국도),126.8347,35.3458,Y
E901232,(국도1호선)장성서태교차로,국가교통정보센터(국도),126.82316,35.23575,Y
E901233,(국도1호선)장성시목교차로,국가교통정보센터(국도),126.80742,35.25994,Y
E901234,(국도1호선)장성신성교차로,국가교통정보센터(국도),126.849284,35.422811,Y
E901235,(국도1호선)장성쌍웅터널,국가교통정보센터(국도),126.86103,35.410342,Y
E901236,(국도1호선)장성약수교차로,국가교통정보센터(국도),126.88113,35.399418,Y
E900134,(국도1호선)장성장성교차로,국가교통정보센터(국도),126.7854,35.2949,Y
E901237,(국도1호선)장성조산교차로,국가교통정보센터(국도),126.82106,35.437115,Y
E901238,(국도1호선)장성호남제2터널,국가교통정보센터(국도),126.812561,35.451275,Y
E901239,(국도1호선)전주만경강교,국가교통정보센터(국도),127.047156,35.891116,Y
E901240,(국도1호선)전주청보육교,국가교통정보센터(국도),127.045166,35.868507,Y
E901241,(국도1호선)정읍박동교차로,국가교통정보센터(국도),126.878397,35.596731,Y
E901242,(국도1호선)정읍송산교차로,국가교통정보센터(국도),126.88037,35.554113,Y
E901243,(국도1호선)정읍신월교차로,국가교통정보센터(국도),126.85562,35.53579,Y
E901244,(국도1호선)정읍신월터널,국가교통정보센터(국도),126.875645,35.540299,Y
E901245,(국도1호선)정읍오성교,국가교통정보센터(국도),126.9585843,35.66337575,Y
E901246,(국도1호선)정읍왕림교차로,국가교통정보센터(국도),126.94074,35.660038,Y
E901247,(국도1호선)정읍용호교차로,국가교통정보센터(국도),126.86997,35.5775,Y
E901248,(국도1호선)정읍용호터널,국가교통정보센터(국도),126.875795,35.561764,Y
E901249,(국도1호선)정읍우산교차로,국가교통정보센터(국도),126.9078222,35.63234334,Y
E901250,(국도1호선)정읍입암교차로,국가교통정보센터(국도),126.81431,35.504883,Y
E901251,(국도1호선)정읍입암터널,국가교통정보센터(국도),126.801222,35.487925,Y
E901252,(국도1호선)정읍통석교차로,국가교통정보센터(국도),126.98157,35.70029,Y
E901253,(국도1호선)정읍화해교차로,국가교통정보센터(국도),126.884,35.61588,Y
E900135,(국도1호선)천안대홍교차로,국가교통정보센터(국도),127.1339808,36.9354648,Y
E900136,(국도1호선)천안도리티삼거리,국가교통정보센터(국도),127.16992,36.76272,Y
E900137,(국도1호선)천안매주교차로,국가교통정보센터(국도),127.1240364,36.9038706,Y
E900138,(국도1호선)천안성환철도육교,국가교통정보센터(국도),127.127985,36.93008,Y
E900139,(국도1호선)천안안궁삼거리,국가교통정보센터(국도),127.118797,36.9646612,Y
E900140,(국도1호선)천안우신2교차로,국가교통정보센터(국도),127.119411,36.923973,Y
E900141,(국도1호선)천안홍경교,국가교통정보센터(국도),127.1338,36.94494,Y
E900142,(국도1호선)태인교차로,국가교통정보센터(국도),126.9336,35.65538,Y
E901254,(국도1호선)파주금촌신사거리,국가교통정보센터(국도),126.79191,37.769077,Y
E900143,(국도1호선)파주등원교차로,국가교통정보센터(국도),126.8020416,37.7556472,Y
E901255,(국도1호선)파주문산사거리,국가교통정보센터(국도),126.78869,37.854095,Y
E901256,(국도1호선)파주봉암4리입구,국가교통정보센터(국도),126.791696,37.832964,Y
E901257,(국도1호선)파주봉일천4리,국가교통정보센터(국도),126.8197166,37.7388,Y
E901264,(국도1호선)파주봉일천사거리,국가교통정보센터(국도),126.804886,37.747223,Y
E901258,(국도1호선)파주여우고개사거리,국가교통정보센터(국도),126.7875222,37.8732194,Y
E901259,(국도1호선)파주월롱교,국가교통정보센터(국도),126.7925806,37.80049444,Y
E900144,(국도1호선)파주자유IC,국가교통정보센터(국도),126.7516,37.8943638,Y
E901260,(국도1호선)파주자유초등학교,국가교통정보센터(국도),126.788757,37.865349,Y
E901261,(국도1호선)파주주라위삼거리,국가교통정보센터(국도),126.7922722,37.8174055,Y
E901262,(국도1호선)파주통일공원앞,국가교통정보센터(국도),126.7884694,37.8483361,Y
E901263,(국도1호선)파주파주여고앞,국가교통정보센터(국도),126.789898,37.773025,Y
E901265,(국도1호선)평택갈곶리삼거리,국가교통정보센터(국도),127.06629,37.124855,Y
E900145,(국도1호선)함평학교4,국가교통정보센터(국도),126.5336,35.0209,Y
E901266,(국도1호선)함평해정사거리,국가교통정보센터(국도),126.525685,35.019197,Y
E900146,(국도1호선)해전교차로,국가교통정보센터(국도),127.0496213,35.8975322,Y
E900147,(국도1호선)혁신도시외부,국가교통정보센터(국도),127.047381,35.850985,Y
E901267,(국도20)경주감산복지회관,국가교통정보센터(국도),129.054758,35.785678,Y
E901268,(국도20)경주강동산업단지,국가교통정보센터(국도),129.317856,35.956467,Y
E901269,(국도20)경주검단산업단지(말구불터널동측),국가교통정보센터(국도),129.200508,35.921826,Y
E901270,(국도20)경주내원사입구(건천IC),국가교통정보센터(국도),129.078593,35.834926,Y
E901271,(국도20)경주내일1리,국가교통정보센터(국도),129.0568709,35.7765727,Y
E901272,(국도20)경주단석로샛길,국가교통정보센터(국도),129.049065,35.781708,Y
E901273,(국도20)경주당고개,국가교통정보센터(국도),129.063816,35.796218,Y
E901274,(국도20)경주당채골,국가교통정보센터(국도),129.062259,35.795132,Y
E901275,(국도20)경주대곡교차로,국가교통정보센터(국도),129.117596,35.858702,Y
E901276,(국도20)경주말구불터널서측,국가교통정보센터(국도),129.184662,35.90695,Y
E901277,(국도20)경주매곡교,국가교통정보센터(국도),128.986688,35.761376,Y
E901278,(국도20)경주방동길삼거리,국가교통정보센터(국도),129.02357,35.759348,Y
E901279,(국도20)경주북경주IC(하행),국가교통정보센터(국도),129.2471,35.93833,Y
E901280,(국도20)경주사방교차로,국가교통정보센터(국도),129.22647,35.934418,Y
E901294,(국도20)경주시립노인전문병원,국가교통정보센터(국도),129.163426,35.873018,Y
E901281,(국도20)경주신경주요양병원입구,국가교통정보센터(국도),129.073775,35.82295,Y
E901282,(국도20)경주신원2교,국가교통정보센터(국도),129.00645,35.75995,Y
E901283,(국도20)경주어머리정류장,국가교통정보센터(국도),129.066142,35.802526,Y
E901284,(국도20)경주영각사입구,국가교통정보센터(국도),129.071185,35.813661,Y
E901285,(국도20)경주오즈의작은동물원,국가교통정보센터(국도),129.072897,35.827287,Y
E901286,(국도20)경주왕신교차로,국가교통정보센터(국도),129.29959,35.95008,Y
E901287,(국도20)경주제2의곡교,국가교통정보센터(국도),129.041869,35.757742,Y
E901288,(국도20)경주천북산업단지2,국가교통정보센터(국도),129.261509,35.941106,Y
E901289,(국도20)경주천포3교,국가교통정보센터(국도),129.089556,35.857158,Y
E901290,(국도20)경주천포삼거리(건천IC),국가교통정보센터(국도),129.089185,35.84152,Y
E901291,(국도20)경주현곡교차로,국가교통정보센터(국도),129.17061,35.89141,Y
E901292,(국도20)경주형산강교,국가교통정보센터(국도),129.242681,35.937384,Y
E901293,(국도20)경주호반휴게소,국가교통정보센터(국도),128.97817,35.767843,Y
E901295,(국도20)산청남사교,국가교통정보센터(국도),127.942732,35.272359,Y
E901296,(국도20)산청덕문교,국가교통정보센터(국도),127.889481,35.271616,Y
E901297,(국도20)산청덕산1교,국가교통정보센터(국도),127.847625,35.270015,Y
E901298,(국도20)산청덕양교,국가교통정보센터(국도),127.783372,35.253139,Y
E901299,(국도20)산청덕천강휴게소,국가교통정보센터(국도),127.880861,35.269169,Y
E901300,(국도20)산청도리1교,국가교통정보센터(국도),128.052752,35.35402,Y
E901301,(국도20)산청도전교,국가교통정보센터(국도),128.012476,35.337437,Y
E901302,(국도20)산청문대삼거리,국가교통정보센터(국도),128.001237,35.33519,Y
E901303,(국도20)산청반천1교,국가교통정보센터(국도),127.805305,35.242321,Y
E901304,(국도20)산청배양교,국가교통정보센터(국도),127.95571,35.27941,Y
E901305,(국도20)산청법평교,국가교통정보센터(국도),128.064658,35.360443,Y
E901306,(국도20)산청삼당교,국가교통정보센터(국도),127.777158,35.270093,Y
E901307,(국도20)산청삼당마을회관,국가교통정보센터(국도),127.778369,35.263075,Y
E901308,(국도20)산청상정저수지,국가교통정보센터(국도),127.988769,35.3156,Y
E901309,(국도20)산청성내육교,국가교통정보센터(국도),127.961379,35.299431,Y
E901310,(국도20)산청외공마을회관,국가교통정보센터(국도),127.814792,35.242651,Y
E901311,(국도20)산청원리1교,국가교통정보센터(국도),127.830202,35.266484,Y
E901312,(국도20)산청자양유원지,국가교통정보센터(국도),127.861407,35.266791,Y
E901313,(국도20)산청장란교,국가교통정보센터(국도),128.036189,35.341993,Y
E901314,(국도20)산청점동마을회관,국가교통정보센터(국도),127.823621,35.255504,Y
E901315,(국도20)산청중산교,국가교통정보센터(국도),127.767282,35.284547,Y
E901316,(국도20)산청중산보건소,국가교통정보센터(국도),127.754747,35.291138,Y
E901317,(국도20)산청창촌삼거리,국가교통정보센터(국도),127.899266,35.262839,Y
E901318,(국도20)산청청현교,국가교통정보센터(국도),127.997007,35.321564,Y
E901319,(국도20)산청하신교,국가교통정보센터(국도),127.789623,35.245288,Y
E901320,(국도20)산청하정육교,국가교통정보센터(국도),127.976643,35.309004,Y
E901321,(국도20)산청호암교,국가교통정보센터(국도),127.928535,35.269953,Y
E901322,(국도20)의령가례교,국가교통정보센터(국도),128.246767,35.317594,Y
E901323,(국도20)의령다사교차로,국가교통정보센터(국도),128.142876,35.362201,Y
E901324,(국도20)의령동부주유소,국가교통정보센터(국도),128.32874,35.461951,Y
E901325,(국도20)의령마쌍교차로,국가교통정보센터(국도),128.112399,35.37004,Y
E901326,(국도20)의령백야오거리,국가교통정보센터(국도),128.28161,35.317483,Y
E901327,(국도20)의령봉두교차로,국가교통정보센터(국도),128.219423,35.334713,Y
E901328,(국도20)의령부림교동측,국가교통정보센터(국도),128.329393,35.473146,Y
E901329,(국도20)의령불양암,국가교통정보센터(국도),128.323085,35.368475,Y
E901330,(국도20)의령산남저수지,국가교통정보센터(국도),128.181881,35.348786,Y
E901331,(국도20)의령세간교앞삼거리,국가교통정보센터(국도),128.350857,35.44268,Y
E901332,(국도20)의령야산삼거리,국가교통정보센터(국도),128.34042,35.429569,Y
E901333,(국도20)의령양촌교차로,국가교통정보센터(국도),128.165457,35.354818,Y
E901334,(국도20)의령여배교차로,국가교통정보센터(국도),128.349049,35.496948,Y
E901335,(국도20)의령옥동마을복지회관동측,국가교통정보센터(국도),128.341189,35.482593,Y
E901336,(국도20)의령용소교,국가교통정보센터(국도),128.295537,35.346475,Y
E901337,(국도20)의령월현저수지,국가교통정보센터(국도),128.335066,35.412601,Y
E901338,(국도20)의령의령농협건조저장시설,국가교통정보센터(국도),128.331475,35.391078,Y
E901339,(국도20)의령의병사거리,국가교통정보센터(국도),128.262719,35.316923,Y
E901340,(국도20)의령정곡삼거리,국가교통정보센터(국도),128.325811,35.376009,Y
E901341,(국도20)의령죽전교차로,국가교통정보센터(국도),128.1258,35.3667,Y
E901342,(국도20)의령죽전교차로,국가교통정보센터(국도),128.314075,35.36941,Y
E901343,(국도20)의령진등재터널남측,국가교통정보센터(국도),128.302299,35.356072,Y
E901344,(국도20)의령진등재터널북측,국가교통정보센터(국도),128.306696,35.36852,Y
E901345,(국도20)의령하막곡회관,국가교통정보센터(국도),128.336143,35.450969,Y
E901346,(국도20)창녕갈동소류지,국가교통정보센터(국도),128.542209,35.613647,Y
E901347,(국도20)창녕계상리,국가교통정보센터(국도),128.52231,35.592411,Y
E901348,(국도20)창녕고암면사무소,국가교통정보센터(국도),128.511771,35.582282,Y
E901349,(국도20)창녕곰터고개,국가교통정보센터(국도),128.507106,35.561327,Y
E901350,(국도20)창녕대지농공단지입구,국가교통정보센터(국도),128.46161,35.534224,Y
E901351,(국도20)창녕미구마을,국가교통정보센터(국도),128.395851,35.51172,Y
E901352,(국도20)창녕방리삼거리,국가교통정보센터(국도),128.531386,35.599121,Y
E901353,(국도20)창녕본초삼거리,국가교통정보센터(국도),128.443201,35.538704,Y
E901354,(국도20)창녕불당골인근,국가교통정보센터(국도),128.41918,35.52391,Y
E901355,(국도20)창녕비티재삼거리,국가교통정보센터(국도),128.545589,35.617293,Y
E901356,(국도20)창녕비티재쉼터,국가교통정보센터(국도),128.542922,35.617058,Y
E901357,(국도20)창녕우천교,국가교통정보센터(국도),128.505844,35.566988,Y
E901358,(국도20)창녕유어교,국가교통정보센터(국도),128.378933,35.518197,Y
E901359,(국도20)창녕유어파출소,국가교통정보센터(국도),128.410327,35.50672,Y
E901360,(국도20)창녕이남삼거리,국가교통정보센터(국도),128.364537,35.5303,Y
E901361,(국도20)창녕이문재저수지,국가교통정보센터(국도),128.506281,35.551373,Y
E901362,(국도20)창녕제설자재보관창고인접,국가교통정보센터(국도),128.524167,35.599167,Y
E901363,(국도20)창녕조산삼거리,국가교통정보센터(국도),128.487448,35.541357,Y
E901364,(국도20)창녕중대교,국가교통정보센터(국도),128.508979,35.576636,Y
E901365,(국도20)창녕창녕박물관,국가교통정보센터(국도),128.50403,35.544968,Y
E901366,(국도20)창녕창녕육교,국가교통정보센터(국도),128.473917,35.537995,Y
E901367,(국도20)창녕학성마을회관,국가교통정보센터(국도),128.452412,35.534251,Y
E901368,(국도20)창녕한우단지앞,국가교통정보센터(국도),128.424867,35.524791,Y
E901369,(국도20)청도각남교,국가교통정보센터(국도),128.683482,35.652066,Y
E901370,(국도20)청도개산,국가교통정보센터(국도),128.933017,35.742135,Y
E901371,(국도20)청도건천육교,국가교통정보센터(국도),128.618805,35.632712,Y
E901372,(국도20)청도곰티재터널동측,국가교통정보센터(국도),128.797025,35.691195,Y
E901413,(국도20)청도공설운동장,국가교통정보센터(국도),128.720392,35.651552,Y
E901373,(국도20)청도공암리법륜사,국가교통정보센터(국도),128.958874,35.757455,Y
E901374,(국도20)청도공암리법륜사1,국가교통정보센터(국도),128.95953,35.761951,Y
E901375,(국도20)청도관하교,국가교통정보센터(국도),128.816563,35.70583,Y
E901376,(국도20)청도구곡교,국가교통정보센터(국도),128.667415,35.641263,Y
E901377,(국도20)청도금곡교,국가교통정보센터(국도),128.562638,35.631003,Y
E901378,(국도20)청도금곡리경로회관,국가교통정보센터(국도),128.866251,35.680901,Y
E901379,(국도20)청도금천네거리,국가교통정보센터(국도),128.895201,35.686018,Y
E901380,(국도20)청도대천삼거리,국가교통정보센터(국도),128.915488,35.717042,Y
E901381,(국도20)청도덕산2길,국가교통정보센터(국도),128.802398,35.699155,Y
E901382,(국도20)청도동곡네거리,국가교통정보센터(국도),128.888013,35.692899,Y
E901383,(국도20)청도동곡삼거리,국가교통정보센터(국도),128.895073,35.691631,Y
E901384,(국도20)청도동곡재휴게소,국가교통정보센터(국도),128.87471,35.692848,Y
E901385,(국도20)청도동산초등학교동측,국가교통정보센터(국도),128.854322,35.666294,Y
E901386,(국도20)청도매전교삼거리,국가교통정보센터(국도),128.865861,35.675065,Y
E901387,(국도20)청도매전면처진소나무,국가교통정보센터(국도),128.859281,35.669764,Y
E901388,(국도20)청도모강교차로,국가교통정보센터(국도),128.750632,35.650485,Y
E901389,(국도20)청도모른골지,국가교통정보센터(국도),128.896729,35.696529,Y
E901390,(국도20)청도바우골,국가교통정보센터(국도),128.946543,35.753943,Y
E901391,(국도20)청도바우골1,국가교통정보센터(국도),128.948326,35.756639,Y
E901392,(국도20)청도방지2리입구,국가교통정보센터(국도),128.907583,35.711185,Y
E901393,(국도20)청도부야교차로,국가교통정보센터(국도),128.779051,35.669866,Y
E901394,(국도20)청도비티재공원,국가교통정보센터(국도),128.54846,35.619947,Y
E901395,(국도20)청도삼화사,국가교통정보센터(국도),128.771971,35.659404,Y
E901396,(국도20)청도상령지,국가교통정보센터(국도),128.869435,35.689853,Y
E901397,(국도20)청도상평신리교,국가교통정보센터(국도),128.823215,35.702922,Y
E901398,(국도20)청도서상교차로,국가교통정보센터(국도),128.69471,35.65732,Y
E901399,(국도20)청도신당교차로,국가교통정보센터(국도),128.645817,35.639579,Y
E901400,(국도20)청도운문댐삼거리,국가교통정보센터(국도),128.918295,35.734914,Y
E901401,(국도20)청도원당교차로,국가교통정보센터(국도),128.762494,35.651328,Y
E901402,(국도20)청도월촌정류장,국가교통정보센터(국도),128.835488,35.683959,Y
E901403,(국도20)청도재풀골,국가교통정보센터(국도),128.946657,35.760765,Y
E901404,(국도20)청도절매골,국가교통정보센터(국도),128.93438,35.752074,Y
E901405,(국도20)청도지촌2교,국가교통정보센터(국도),128.970051,35.769278,Y
E901406,(국도20)청도청강연수원,국가교통정보센터(국도),128.882545,35.695374,Y
E901407,(국도20)청도청려로,국가교통정보센터(국도),128.579746,35.625241,Y
E901408,(국도20)청도하평리정류장,국가교통정보센터(국도),128.829976,35.695233,Y
E901409,(국도20)청도한농농산근처,국가교통정보센터(국도),128.546944,35.625278,Y
E901410,(국도20)청도합천교,국가교통정보센터(국도),128.708344,35.653212,Y
E901411,(국도20)청도홀빈휴게소,국가교통정보센터(국도),128.900514,35.703294,Y
E901412,(국도20)청도흑서1리입구,국가교통정보센터(국도),128.595047,35.628317,Y
E901414,(국도20)포항우복교차로,국가교통정보센터(국도),129.3474,35.96888,Y
E901415,(국도20)합천양진못,국가교통정보센터(국도),128.356046,35.51593,Y
E901416,(국도20)합천청덕면낙진보건진료소,국가교통정보센터(국도),128.358499,35.52436,Y
E901417,(국도20호선)경주경주터널동측,국가교통정보센터(국도),129.15869,35.86562,Y
E901418,(국도20호선)경주앵기목골,국가교통정보센터(국도),129.0596,35.7933958,Y
E901419,(국도20호선)경주천북산업단지1,국가교통정보센터(국도),129.2708,35.94363,Y
E901420,(국도20호선)의령가례교차로,국가교통정보센터(국도),128.233546,35.327802,Y
E901421,(국도20호선)의령문산사입구,국가교통정보센터(국도),128.326819,35.371175,Y
E901422,(국도20호선)의령입암교차로,국가교통정보센터(국도),128.199677,35.338108,Y
E901423,(국도20호선)창녕대대리,국가교통정보센터(국도),128.427534,35.528144,Y
E901424,"(국도20호선)창녕딱박골,창녕나무골사이길",국가교통정보센터(국도),128.5125,35.589443,Y
E901425,(국도20호선)창녕본초리,국가교통정보센터(국도),128.449415,35.536237,Y
E901426,(국도20호선)창녕선소리,국가교통정보센터(국도),128.41576,35.516995,Y
E901427,(국도20호선)창녕성산리,국가교통정보센터(국도),128.36948,35.523031,Y
E901428,(국도20호선)창녕우포생태본원,국가교통정보센터(국도),128.430184,35.53461,Y
E901429,(국도20호선)청도곰티재터널서측,국가교통정보센터(국도),128.782926,35.683729,Y
E901430,(국도20호선)포항우복지부근,국가교통정보센터(국도),129.33502,35.963802,Y
E901432,(국도21)보령개화교,국가교통정보센터(국도),126.657978,36.296135,Y
E901433,(국도21)보령금암삼거리,국가교통정보센터(국도),126.633773,36.200137,Y
E901434,(국도21)보령남포교차로,국가교통정보센터(국도),126.615582,36.309397,Y
E901435,(국도21)보령대창사거리,국가교통정보센터(국도),126.59804,36.2335,Y
E901436,(국도21)보령두룡1교차로,국가교통정보센터(국도),126.589668,36.267245,Y
E901437,(국도21)보령명천교차로,국가교통정보센터(국도),126.620033,36.335438,Y
E901438,(국도21)보령벽동교,국가교통정보센터(국도),126.604225,36.22599,Y
E901439,(국도21)보령보령휴게소,국가교통정보센터(국도),126.6015803,36.46532788,Y
E901440,(국도21)보령사현교,국가교통정보센터(국도),126.599294,36.292967,Y
E901441,(국도21)보령사현교차로,국가교통정보센터(국도),126.596306,36.281246,Y
E901442,(국도21)보령신구리,국가교통정보센터(국도),126.62172,36.17989,Y
E901443,(국도21)보령야룡삼거리,국가교통정보센터(국도),126.62903,36.197575,Y
E901444,(국도21)보령웅천장례식장,국가교통정보센터(국도),126.58716,36.245914,Y
E901445,(국도21)보령읍내교차로,국가교통정보센터(국도),126.61148,36.302593,Y
E901446,(국도21)보령주교사거리,국가교통정보센터(국도),126.56926,36.39707,Y
E901447,(국도21)보령주산산업단지교차로,국가교통정보센터(국도),126.62864,36.20533,Y
E901448,(국도21)보령주포제2농공단지(사각),국가교통정보센터(국도),126.5728291,36.39108062,Y
E901449,(국도21)보령창암리,국가교통정보센터(국도),126.610667,36.22113,Y
E901450,(국도21)보령통남삼거리,국가교통정보센터(국도),126.5891712,36.42555616,Y
E901451,(국도21)보령판미교차로,국가교통정보센터(국도),126.675395,36.291322,Y
E901452,(국도21)보령흥덕교,국가교통정보센터(국도),126.61753,36.32113,Y
E901453,(국도21)서천관리교차로,국가교통정보센터(국도),126.61785,36.122128,Y
E901454,(국도21)서천다사교차로,국가교통정보센터(국도),126.63286,36.11261,Y
E901455,(국도21)서천당정교차로,국가교통정보센터(국도),126.65932,36.097645,Y
E901456,(국도21)서천부내교차로,국가교통정보센터(국도),126.648447,36.104396,Y
E901457,(국도21)서천선도리,국가교통정보센터(국도),126.59658,36.138367,Y
E901458,(국도21)서천성북교,국가교통정보센터(국도),126.60937,36.157151,Y
E901459,(국도21)서천장포교차로,국가교통정보센터(국도),126.606084,36.128147,Y
E901460,(국도21)서천효실교차로,국가교통정보센터(국도),126.723815,36.025873,Y
E901461,(국도21)세교지하차도세교1,국가교통정보센터(국도),127.0877001,36.7800207,Y
E901462,(국도21)세교지하차도세교2,국가교통정보센터(국도),127.091289,36.7813788,Y
E901463,(국도21)세교지하차도세교3,국가교통정보센터(국도),127.0939251,36.7822116,Y
E901464,(국도21)세교지하차도세교4,국가교통정보센터(국도),127.0969419,36.7834548,Y
E901465,(국도21)아산경찰인재개발원,국가교통정보센터(국도),126.9944,36.74517,Y
E901466,(국도21)아산공수교차로,국가교통정보센터(국도),127.06552,36.77941,Y
E901467,(국도21)아산금산리교차로,국가교통정보센터(국도),126.8675985,36.74708575,Y
E901468,(국도21)아산금산삼거리,국가교통정보센터(국도),126.88243,36.74882,Y
E901469,(국도21)아산순천향대삼거리,국가교통정보센터(국도),126.930613,36.772996,Y
E901470,(국도21)아산와산삼거리,국가교통정보센터(국도),126.915047,36.76128231,Y
E901471,(국도21)아산은수교차로,국가교통정보센터(국도),127.07905,36.77721,Y
E901472,(국도21)아산읍내리,국가교통정보센터(국도),126.942101,36.776011,Y
E901473,(국도21)아산좌부교차로,국가교통정보센터(국도),127.0320787,36.7568056,Y
E901474,(국도21)아산평촌리,국가교통정보센터(국도),127.004646,36.742249,Y
E901475,(국도21)아산행목교차로,국가교통정보센터(국도),126.94548,36.770216,Y
E901476,(국도21)아산향산사거리,국가교통정보센터(국도),126.91179,36.75875,Y
E901477,(국도21)아산황산육교,국가교통정보센터(국도),126.95754,36.75848,Y
E901478,(국도21)예산관작삼거리,국가교통정보센터(국도),126.832048,36.714403,Y
E901479,(국도21)예산예산과선교,국가교통정보센터(국도),126.801116,36.68248057,Y
E901480,(국도21)예산예산수덕사IC,국가교통정보센터(국도),126.783001,36.672735,Y
E901481,(국도21)예산점촌삼거리,국가교통정보센터(국도),126.8541226,36.73430768,Y
E901482,(국도21)예산지석리,국가교통정보센터(국도),126.75986,36.6522,Y
E901483,(국도21)예산창소유수지공원,국가교통정보센터(국도),126.8317307,36.72284282,Y
E901484,(국도21)음성금왕꽃동네IC,국가교통정보센터(국도),127.55587,36.949226,Y
E901485,(국도21)음성내송교차로,국가교통정보센터(국도),127.56517,36.99463,Y
E901486,(국도21)음성덕동교,국가교통정보센터(국도),127.577895,37.00185,Y
E901487,(국도21)음성도신교차로,국가교통정보센터(국도),127.603075,37.023384,Y
E901488,(국도21)음성마산교차로,국가교통정보센터(국도),127.545676,36.936883,Y
E901489,(국도21)음성병암교차로,국가교통정보센터(국도),127.607445,37.030983,Y
E901490,(국도21)음성본성교차로,국가교통정보센터(국도),127.538246,36.9278,Y
E901491,(국도21)음성새터교,국가교통정보센터(국도),127.564752,36.96883,Y
E901492,(국도21)음성생극교차로,국가교통정보센터(국도),127.61159,37.037285,Y
E901493,(국도21)음성신돈교차로,국가교통정보센터(국도),127.53709,36.916534,Y
E901494,(국도21)음성오선교차로,국가교통정보센터(국도),127.563696,36.986398,Y
E901495,(국도21)음성오선산업단지교차로,국가교통정보센터(국도),127.56568,36.976135,Y
E901496,(국도21)음성유촌교차로,국가교통정보센터(국도),127.561775,36.95908,Y
E901497,(국도21)음성정생교차로,국가교통정보센터(국도),127.59746,37.007423,Y
E901498,(국도21)장재지하차도장재1,국가교통정보센터(국도),127.111494,36.784588,Y
E901499,(국도21)장재지하차도장재2,국가교통정보센터(국도),127.108665,36.784556,Y
E901500,(국도21)진천금암리(1),국가교통정보센터(국도),127.38448,36.82605,Y
E901501,(국도21)진천금암리(2),국가교통정보센터(국도),127.3895411,36.82758155,Y
E901502,(국도21)진천금암리입구교차로,국가교통정보센터(국도),127.38116,36.82402,Y
E901503,(국도21)진천벽암리,국가교통정보센터(국도),127.43565,36.8584,Y
E901504,(국도21)진천보탑사삼거리,국가교통정보센터(국도),127.394675,36.828373,Y
E901505,(국도21)진천산수교차로,국가교통정보센터(국도),127.488523,36.888039,Y
E901506,(국도21)진천성석리(사각),국가교통정보센터(국도),127.4535554,36.86476505,Y
E901507,(국도21)진천성석사거리,국가교통정보센터(국도),127.4425,36.86466,Y
E901508,(국도21)진천성암교,국가교통정보센터(국도),127.4012698,36.82710725,Y
E901509,(국도21)진천성암초등학교,국가교통정보센터(국도),127.40736,36.82525,Y
E901510,(국도21)진천송두산업단지교차로,국가교통정보센터(국도),127.46152,36.8695,Y
E901511,(국도21)진천옥동교차로,국가교통정보센터(국도),127.51524,36.895016,Y
E901512,(국도21)진천용몽교차로,국가교통정보센터(국도),127.525293,36.908431,Y
E901431,(국도21)진천잣고개(취약),국가교통정보센터(국도),127.414192,36.837311,Y
E901513,(국도21)진천진천여자중학교,국가교통정보센터(국도),127.45824,36.8672,Y
E901514,(국도21)진천천안시경계,국가교통정보센터(국도),127.37883,36.81611,Y
E901515,(국도21)진천한천교,국가교통정보센터(국도),127.50172,36.894978,Y
E901516,(국도21)진천행정리(취약),국가교통정보센터(국도),127.417237,36.844841,Y
E901517,(국도21)진천향토민속전시관,국가교통정보센터(국도),127.421906,36.847366,Y
E901518,(국도21)천안구도리,국가교통정보센터(국도),127.326025,36.761293,Y
E901519,(국도21)천안덕성리,국가교통정보센터(국도),127.37578,36.80997,Y
E901520,(국도21)천안동산리,국가교통정보센터(국도),127.3655284,36.7886008,Y
E901521,(국도21)천안목천IC앞,국가교통정보센터(국도),127.23262,36.76975,Y
E901522,(국도21)천안장산2생태통로,국가교통정보센터(국도),127.2875,36.75636,Y
E901523,(국도21)천안창들2교차로,국가교통정보센터(국도),127.3018,36.7548,Y
E901524,(국도21)천안화성생태통로,국가교통정보센터(국도),127.275551,36.754124,Y
E901525,(국도21)홍성광천농공단지,국가교통정보센터(국도),126.626102,36.528788,Y
E901526,(국도21)홍성부평사거리,국가교통정보센터(국도),126.729314,36.62387017,Y
E901527,(국도21)홍성신곡사거리,국가교통정보센터(국도),126.70365,36.61157,Y
E901528,(국도21)홍성신진교,국가교통정보센터(국도),126.6230315,36.51910272,Y
E901529,(국도21)홍성은하2교,국가교통정보센터(국도),126.616456,36.49381,Y
E901530,(국도21)홍성청광리,국가교통정보센터(국도),126.6433149,36.55130363,Y
E901531,(국도21)홍성학계교차로,국가교통정보센터(국도),126.661551,36.57300958,Y
E901532,(국도21)홍성화양삼거리,국가교통정보센터(국도),126.71873,36.62202,Y
E900148,(국도21호선)구이교차로,국가교통정보센터(국도),127.1117,35.75203,Y
E900149,(국도21호선)구이대교,국가교통정보센터(국도),127.1263,35.74709,Y
E900150,(국도21호선)군산대야교차로,국가교통정보센터(국도),126.815,35.9362,Y
E901533,(국도21호선)군산소룡동1,국가교통정보센터(국도),126.601533,35.959922,Y
E900151,(국도21호선)김제공덕IC,국가교통정보센터(국도),126.9037,35.8866,Y
E901534,(국도21호선)김제목과철교육교부근,국가교통정보센터(국도),127.074014,35.886676,Y
E900152,(국도21호선)김제학동IC,국가교통정보센터(국도),126.9757,35.8846,Y
E900153,(국도21호선)도도교차로,국가교통정보센터(국도),127.023884,35.885682,Y
E900154,(국도21호선)마산2교,국가교통정보센터(국도),126.999051,35.885399,Y
E900155,(국도21호선)밤재1,국가교통정보센터(국도),127.034012,35.469932,Y
E900156,(국도21호선)보령관창교차로,국가교통정보센터(국도),126.58279,36.38399,Y
E901535,(국도21호선)보령두룡2교차로,국가교통정보센터(국도),126.587265,36.25372,Y
E900157,(국도21호선)보령봉당삼거리,국가교통정보센터(국도),126.58117,36.41266,Y
E900158,(국도21호선)보령봉황터널시점,국가교통정보센터(국도),126.61283,36.36643,Y
E900159,(국도21호선)보령봉황터널종점,국가교통정보센터(국도),126.59544,36.37853,Y
E901536,(국도21호선)보령상야마을입구,국가교통정보센터(국도),126.62073,36.191307,Y
E901537,(국도21호선)보령신구교,국가교통정보센터(국도),126.61373,36.17434,Y
E901538,(국도21호선)보령연암마을입구삼거리,국가교통정보센터(국도),126.617615,36.20945,Y
E901539,(국도21호선)보령웅천교삼거리,국가교통정보센터(국도),126.5956,36.23915,Y
E900160,(국도21호선)보령죽림삼거리,국가교통정보센터(국도),126.61389,36.47736,Y
E900161,(국도21호선)보령진죽사거리,국가교통정보센터(국도),126.5938,36.45435,Y
E900162,(국도21호선)보령청소교차로,국가교통정보센터(국도),126.5854583,36.4393333,Y
E900163,(국도21호선)복2교,국가교통정보센터(국도),126.836448,35.934151,Y
E901540,(국도21호선)서천성북1교차로,국가교통정보센터(국도),126.6026,36.151527,Y
E901541,(국도21호선)서천화산교차로,국가교통정보센터(국도),126.668495,36.09517,Y
E901542,(국도21호선)순창양신리1,국가교통정보센터(국도),127.0247509,35.4777557,Y
E901543,(국도21호선)순창양신리2,국가교통정보센터(국도),127.0320754,35.47043757,Y
E901544,(국도21호선)순창운북리1,국가교통정보센터(국도),127.0368104,35.47060296,Y
E901545,(국도21호선)순창운북리2,국가교통정보센터(국도),127.04344,35.466568,Y
E900164,(국도21호선)아산남동교차로,국가교통정보센터(국도),127.04341,36.77326,Y
E900165,(국도21호선)아산시전사거리,국가교통정보센터(국도),126.887502,36.749568,Y
E900166,(국도21호선)아산와산리,국가교통정보센터(국도),126.922575,36.763591,Y
E900167,(국도21호선)아산장존교차로,국가교통정보센터(국도),127.018195,36.745798,Y
E900168,(국도21호선)아산휴대리,국가교통정보센터(국도),127.1127847,36.7846783,Y
E900169,(국도21호선)어두저수지,국가교통정보센터(국도),127.1927,35.7649,Y
E900170,(국도21호선)예산간양교차로,국가교통정보센터(국도),126.8589168,36.738909,Y
E900171,(국도21호선)예산무한교차로,국가교통정보센터(국도),126.826311,36.6832,Y
E900172,(국도21호선)예산석양교차로,국가교통정보센터(국도),126.830224,36.704188,Y
E900173,(국도21호선)예산신원교차로,국가교통정보센터(국도),126.815613,36.684806,Y
E900174,(국도21호선)예산응봉사거리,국가교통정보센터(국도),126.7665806,36.6582515,Y
E900175,(국도21호선)예산창소사거리,국가교통정보센터(국도),126.836318,36.730215,Y
E901546,(국도21호선)옥산2교,국가교통정보센터(국도),126.728067,35.943326,Y
E900176,(국도21호선)옥석검문소,국가교통정보센터(국도),126.793689,35.939101,Y
E901547,(국도21호선)완주고덕터널,국가교통정보센터(국도),127.1717,35.75261,Y
E900177,(국도21호선)용정분기점,국가교통정보센터(국도),127.037458,35.885689,Y
E901548,(국도21호선)익산공덕대교지점,국가교통정보센터(국도),126.868247,35.91111,Y
E900178,(국도21호선)전주반월교차로,국가교통정보센터(국도),127.067052,35.885239,Y
E900179,(국도21호선)전주전미교차로,국가교통정보센터(국도),127.125126,35.899919,Y
E900180,(국도21호선)제흥1육교,국가교통정보센터(국도),126.892338,35.896359,Y
E900181,(국도21호선)중인교차로,국가교통정보센터(국도),127.084653,35.777482,Y
E900182,(국도21호선)진천군청사거리,국가교통정보센터(국도),127.434034,36.855014,Y
E900183,(국도21호선)진천안골삼거리,국가교통정보센터(국도),127.46922,36.87115,Y
E900184,(국도21호선)진천잣고개,국가교통정보센터(국도),127.416844,36.842051,Y
E900185,(국도21호선)천안교천교차로,국가교통정보센터(국도),127.20268,36.78236,Y
E900186,(국도21호선)천안덕성1리,국가교통정보센터(국도),127.377146,36.812661,Y
E900187,(국도21호선)천안동산삼거리,국가교통정보센터(국도),127.359254,36.78185,Y
E900188,(국도21호선)천안목주교,국가교통정보센터(국도),127.23605,36.766937,Y
E900189,(국도21호선)천안신계교차로,국가교통정보센터(국도),127.215782,36.77702,Y
E900190,(국도21호선)천안용두교차로,국가교통정보센터(국도),127.318796,36.754576,Y
E900191,(국도21호선)천안운전교차로,국가교통정보센터(국도),127.251873,36.760816,Y
E900192,(국도21호선)천안장산교차로,국가교통정보센터(국도),127.293808,36.756957,Y
E900193,(국도21호선)천안화성교차로,국가교통정보센터(국도),127.26604,36.756106,Y
E900194,(국도21호선)탑천교,국가교통정보센터(국도),126.852511,35.922729,Y
E900195,(국도21호선)홍성고암교차로,국가교통정보센터(국도),126.6842324,36.5895591,Y
E900196,(국도21호선)홍성군경계교차로,국가교통정보센터(국도),126.7495627,36.64544942,Y
E900197,(국도21호선)홍성내기사거리,국가교통정보센터(국도),126.710484,36.619028,Y
E900198,(국도21호선)홍성단아래사거리,국가교통정보센터(국도),126.617068,36.506767,Y
E900199,(국도21호선)홍성대교교차로,국가교통정보센터(국도),126.7362222,36.6275324,Y
E900200,(국도21호선)홍성마온교차로,국가교통정보센터(국도),126.653838546395,36.5733854332201,Y
E900201,(국도21호선)홍성영암교차로,국가교통정보센터(국도),126.67394,36.578705,Y
E900202,(국도21호선)홍성장성교차로,국가교통정보센터(국도),126.689899,36.605421,Y
E900203,(국도21호선)홍성지정삼거리,국가교통정보센터(국도),126.63449,36.54232,Y
E900204,(국도21호선)홍성천수만교,국가교통정보센터(국도),126.614,36.48913,Y
E900205,(국도22호선)광주너릿재T,국가교통정보센터(국도),126.9516,35.0811,Y
E900206,(국도22호선)교리교차로,국가교통정보센터(국도),126.9766397,35.06806908,Y
E900207,(국도22호선)녹사교차로,국가교통정보센터(국도),126.509039,35.262274,Y
E901549,(국도22호선)동암교차로,국가교통정보센터(국도),127.0566183,35.02704544,Y
E901550,(국도22호선)밀재터널인근,국가교통정보센터(국도),126.5738919,35.20410542,Y
E901551,(국도22호선)백야육교,국가교통정보센터(국도),126.6492864,35.17719675,Y
E901552,(국도22호선)복용삼거리인근,국가교통정보센터(국도),126.465864,35.34227239,Y
E901553,(국도22호선)봉곡교차로,국가교통정보센터(국도),127.359505,35.020834,Y
E901554,(국도22호선)서성교차로,국가교통정보센터(국도),127.392886,35.014124,Y
E901555,(국도22호선)수릿재터널,국가교통정보센터(국도),127.410106,35.027107,Y
E901556,(국도22호선)순천문길삼거리,국가교통정보센터(국도),127.268402,35.063361,Y
E901557,(국도22호선)순천행정리1,국가교통정보센터(국도),127.31117,35.030327,Y
E901558,(국도22호선)영광신평교차로,국가교통정보센터(국도),126.4880656,35.28313384,Y
E901559,(국도22호선)영광용정육교,국가교통정보센터(국도),126.5410952,35.22821818,Y
E901560,(국도22호선)영광학정리,국가교통정보센터(국도),126.5277145,35.24280875,Y
E900208,(국도22호선)와탄교,국가교통정보센터(국도),126.475035,35.322078,Y
E900209,(국도22호선)용산교차로,국가교통정보센터(국도),126.614608,35.172114,Y
E901561,(국도22호선)운농터널앞,국가교통정보센터(국도),127.0156884,35.02945594,Y
E901562,(국도22호선)장동교차로,국가교통정보센터(국도),126.4877733,35.29880533,Y
E901563,(국도22호선)지안일삼거리,국가교통정보센터(국도),126.4717677,35.33386836,Y
E901564,(국도22호선)학정교,국가교통정보센터(국도),126.5172826,35.24777313,Y
E901565,(국도22호선)해보교차로,국가교통정보센터(국도),126.6018284,35.17142612,Y
E901566,(국도23)공주광정교,국가교통정보센터(국도),127.1248995,36.60767538,Y
E901567,(국도23)공주다래울교차로,국가교통정보센터(국도),127.157279,36.46883065,Y
E901568,(국도23)공주버드래고개,국가교통정보센터(국도),127.1629589,36.49200876,Y
E901569,(국도23)공주북계교,국가교통정보센터(국도),127.11848,36.54665,Y
E901570,(국도23)공주상성교차로,국가교통정보센터(국도),127.1297627,36.33852078,Y
E901571,(국도23)공주오인교차로,국가교통정보센터(국도),127.123926,36.533227,Y
E901572,(국도23)공주운궁교차로,국가교통정보센터(국도),127.1181129,36.58674379,Y
E901573,(국도23)공주인풍휴게소,국가교통정보센터(국도),127.122627,36.638729,Y
E901574,(국도23)공주장기교,국가교통정보센터(국도),127.1655393,36.47706668,Y
E901575,(국도23)공주정안IC교차로,국가교통정보센터(국도),127.12385,36.61827,Y
E901576,(국도23)논산강경중학교앞,국가교통정보센터(국도),127.0091,36.1508,Y
E901577,(국도23)논산부창교,국가교통정보센터(국도),127.0741291,36.20068314,Y
E901578,(국도23)논산산양사거리,국가교통정보센터(국도),127.0208,36.1565,Y
E901579,(국도23)논산삼거삼거리(1),국가교통정보센터(국도),127.03055,36.16432,Y
E901580,(국도23)논산삼거삼거리(2),국가교통정보센터(국도),127.03,36.1644,Y
E901581,(국도23)논산신충교차로(사각CT97),국가교통정보센터(국도),127.1400715,36.30088307,Y
E901582,(국도23)논산왕전교차로,국가교통정보센터(국도),127.1039791,36.23970317,Y
E901583,(국도23)논산월오교차로,국가교통정보센터(국도),127.1287109,36.31977871,Y
E901584,(국도23)논산채운삼거리,국가교통정보센터(국도),127.0563909,36.1739724,Y
E901585,(국도23)논산천동교차로,국가교통정보센터(국도),127.0961724,36.22926104,Y
E901586,(국도23)논산하도교차로,국가교통정보센터(국도),127.1231837,36.25905327,Y
E901587,(국도23)논산호남휴게소,국가교통정보센터(국도),127.11398,36.250572,Y
E901588,(국도23)세종천안시경계,국가교통정보센터(국도),127.16593,36.67865,Y
E901589,(국도23)천안대평교(1),국가교통정보센터(국도),127.1516898,36.6754259,Y
E901590,(국도23)천안대평리,국가교통정보센터(국도),127.1596999,36.67759751,Y
E901591,(국도23)천안원덕교,국가교통정보센터(국도),127.134074,36.6646785,Y
E901592,(국도23)천안차령교,국가교통정보센터(국도),127.129745,36.660391,Y
E901593,(국도23호선)감교,국가교통정보센터(국도),126.674792,35.675448,Y
E901594,(국도23호선)고령2교차로,국가교통정보센터(국도),126.56241,35.312496,Y
E901595,(국도23호선)고잔교,국가교통정보센터(국도),126.692295,35.696168,Y
E901596,(국도23호선)공산초등학교인근,국가교통정보센터(국도),126.613365,34.939807,Y
E900210,(국도23호선)공주계룡관광(휴),국가교통정보센터(국도),127.14514,36.389477,Y
E900211,(국도23호선)공주내촌교차로,국가교통정보센터(국도),127.118091,36.597574,Y
E900212,(국도23호선)공주목천교차로,국가교통정보센터(국도),127.12779,36.50157,Y
E900213,(국도23호선)공주목천사거리,국가교통정보센터(국도),127.122959,36.511911,Y
E900214,(국도23호선)공주봉명리,국가교통정보센터(국도),127.146094,36.367807,Y
E900215,(국도23호선)공주송선교차로,국가교통정보센터(국도),127.1651,36.4899,Y
E900216,(국도23호선)공주월송교차로,국가교통정보센터(국도),127.15447,36.45775,Y
E900217,(국도23호선)공주장원리,국가교통정보센터(국도),127.11924,36.57175,Y
E900218,(국도23호선)공주차령터널남단,국가교통정보센터(국도),127.12492,36.64769,Y
E900219,(국도23호선)공주차령터널북단,국가교통정보센터(국도),127.12711,36.65716,Y
E900220,(국도23호선)공주청룡교차로,국가교통정보센터(국도),127.1508,36.50014,Y
E900221,(국도23호선)공주하정안교,국가교통정보센터(국도),127.120159,36.538953,Y
E900222,(국도23호선)공주화은리,국가교통정보센터(국도),127.147272,36.420091,Y
E901597,(국도23호선)금산교차로,국가교통정보센터(국도),126.490585,35.10803,Y
E901598,(국도23호선)김제공덕교차로진입,국가교통정보센터(국도),126.904512,35.88257,Y
E901599,(국도23호선)김제동진대교,국가교통정보센터(국도),126.781002,35.75804,Y
E901600,(국도23호선)김제백산교차로,국가교통정보센터(국도),126.913916,35.853148,Y
E901601,(국도23호선)김제산업도로교차로,국가교통정보센터(국도),126.909277,35.840997,Y
E901602,(국도23호선)김제신흥교차로,국가교통정보센터(국도),126.83937,35.786324,Y
E901603,(국도23호선)김제오봉교차로,국가교통정보센터(국도),126.826496,35.775556,Y
E901604,(국도23호선)김제존걸교차로,국가교통정보센터(국도),126.915488,35.861158,Y
E901605,(국도23호선)남고창교차로,국가교통정보센터(국도),126.67553,35.404305,Y
E901606,(국도23호선)남송삼거리인근,국가교통정보센터(국도),126.7690686,34.8525635,Y
E901607,(국도23호선)내기제,국가교통정보센터(국도),126.50222,35.23842,Y
E901608,(국도23호선)녹산사거리,국가교통정보센터(국도),126.499,35.223167,Y
E900223,(국도23호선)논산광석교차로,국가교통정보센터(국도),127.090027,36.219748,Y
E900224,(국도23호선)논산노성교차로,국가교통정보센터(국도),127.141334,36.280938,Y
E900225,(국도23호선)논산화산사거리,국가교통정보센터(국도),127.06799,36.18071,Y
E901609,(국도23호선)늑룡교인근,국가교통정보센터(국도),126.8698405,34.78584842,Y
E901610,(국도23호선)늑룡삼거리,국가교통정보센터(국도),126.8880234,34.76799552,Y
E901611,(국도23호선)대식제인근,국가교통정보센터(국도),126.630287,34.941345,Y
E901612,(국도23호선)마정삼거리,국가교통정보센터(국도),126.8467661,34.7984129,Y
E900226,(국도23호선)목천대교,국가교통정보센터(국도),126.910392,35.912753,Y
E901613,(국도23호선)백곡육교,국가교통정보센터(국도),126.508415,35.075806,Y
E901614,(국도23호선)백산교차로,국가교통정보센터(국도),126.889211,35.835958,Y
E901615,(국도23호선)보덕사,국가교통정보센터(국도),126.669218,35.640942,Y
E901616,(국도23호선)복죽2교,국가교통정보센터(국도),126.840983,35.805074,Y
E901617,(국도23호선)부덕교차로인근,국가교통정보센터(국도),126.7345395,34.95864396,Y
E901618,(국도23호선)부안남포1교,국가교통정보센터(국도),126.668593,35.619967,Y
E901619,(국도23호선)부안대포교,국가교통정보센터(국도),126.682359,35.58787,Y
E901620,(국도23호선)부안서림교차로,국가교통정보센터(국도),126.731979,35.73983,Y
E901621,(국도23호선)부안송정교차로,국가교통정보센터(국도),126.7212837,35.72922751,Y
E901622,(국도23호선)부안신기교차로,국가교통정보센터(국도),126.72195,35.722713,Y
E901623,(국도23호선)부안신덕삼거리,국가교통정보센터(국도),126.698494,35.569122,Y
E901624,(국도23호선)부안장등교차로,국가교통정보센터(국도),126.76048,35.75578,Y
E901625,(국도23호선)사천삼거리,국가교통정보센터(국도),126.69989,35.511333,Y
E901626,(국도23호선)삼천삼거리,국가교통정보센터(국도),126.9051542,34.72963915,Y
E901627,(국도23호선)세곡삼거리,국가교통정보센터(국도),126.69612,35.45253,Y
E901628,(국도23호선)세지교차로,국가교통정보센터(국도),126.752336,34.92473935,Y
E901629,(국도23호선)신곡교차로,국가교통정보센터(국도),126.861693,35.813584,Y
E901630,(국도23호선)연화제,국가교통정보센터(국도),126.49023,35.181732,Y
E901631,(국도23호선)영광깃봉재삼거리,국가교통정보센터(국도),126.533812,35.292574,Y
E901632,(국도23호선)영암남송리,국가교통정보센터(국도),126.780464,34.836777,Y
E901633,(국도23호선)영암남송삼거리인근2,국가교통정보센터(국도),126.7763003,34.8416903,Y
E901634,(국도23호선)오성교차로,국가교통정보센터(국도),126.57554,35.31945,Y
E901635,(국도23호선)외원IC교,국가교통정보센터(국도),126.624084,35.342724,Y
E901636,(국도23호선)용흥삼거리인근,국가교통정보센터(국도),126.7480362,34.8696027,Y
E901637,(국도23호선)이동교차로,국가교통정보센터(국도),126.586181,34.939086,Y
E901638,(국도23호선)익산남당사거리,국가교통정보센터(국도),126.96733,36.07775,Y
E901639,(국도23호선)익산다송교차로,국가교통정보센터(국도),126.95344,36.03869,Y
E901640,(국도23호선)익산동련교차로,국가교통정보센터(국도),126.91919,36.00156,Y
E901641,(국도23호선)익산목천교차로,국가교통정보센터(국도),126.91393,35.923605,Y
E901642,(국도23호선)익산용안입구교차로,국가교통정보센터(국도),126.95764,36.11341,Y
E901643,(국도23호선)익산죽촌교차로,국가교통정보센터(국도),126.9272,36.0241,Y
E901644,(국도23호선)익산화산교차로,국가교통정보센터(국도),126.9942,36.13291,Y
E901645,(국도23호선)잣두삼거리,국가교통정보센터(국도),126.9021101,34.6889006,Y
E901646,(국도23호선)장두교차로,국가교통정보센터(국도),126.66069,35.38833,Y
E901647,(국도23호선)장산2교,국가교통정보센터(국도),126.495804,35.146805,Y
E901648,(국도23호선)제내마을입구,국가교통정보센터(국도),126.716163,35.71493,Y
E901649,(국도23호선)지천터널인근,국가교통정보센터(국도),126.8998749,34.7566997,Y
E901650,(국도23호선)학교면입구,국가교통정보센터(국도),126.53333,35.01239,Y
E901651,(국도23호선)학송입구,국가교통정보센터(국도),126.8048207,34.80432844,Y
E901652,(국도23호선)함평나들목교,국가교통정보센터(국도),126.529526,35.059612,Y
E901653,(국도23호선)홍교교차로,국가교통정보센터(국도),126.60351,35.325607,Y
E901654,(국도23호선)화동교차로,국가교통정보센터(국도),126.7490343,34.89866225,Y
E901655,(국도23호선)화정교차로,국가교통정보센터(국도),126.664634,34.958851,Y
E901656,(국도24)밀양가인교차로,국가교통정보센터(국도),128.89146,35.59669,Y
E901657,(국도24)밀양괴곡교차로,국가교통정보센터(국도),128.85716,35.54596,Y
E901658,(국도24)밀양금곡교차로,국가교통정보센터(국도),128.8388,35.51201,Y
E901659,(국도24)밀양금천육교,국가교통정보센터(국도),128.80471,35.50263,Y
E901660,(국도24)밀양긴늪사거리,국가교통정보센터(국도),128.77567,35.51415,Y
E901661,(국도24)밀양밀양IC교차로(밀양IC),국가교통정보센터(국도),128.78178,35.51027,Y
E901662,(국도24)밀양박산교차로,국가교통정보센터(국도),128.85098,35.52618,Y
E901663,(국도24)밀양백동교,국가교통정보센터(국도),128.93772,35.59658,Y
E901664,(국도24)밀양봉합2교,국가교통정보센터(국도),128.766727,35.513471,Y
E901665,(국도24)밀양산외초등학교,국가교통정보센터(국도),128.79294,35.503925,Y
E901666,(국도24)밀양새한솔병원,국가교통정보센터(국도),128.736015,35.505913,Y
E901667,(국도24)밀양아리랑아트센터,국가교통정보센터(국도),128.757171,35.504574,Y
E901668,(국도24)밀양얼음골교차로,국가교통정보센터(국도),128.95026,35.58865,Y
E901669,(국도24)밀양얼음골대교,국가교통정보센터(국도),128.969444,35.580556,Y
E901670,(국도24)밀양용전교차로,국가교통정보센터(국도),128.86115,35.56369,Y
E901671,(국도24)밀양원서교차로,국가교통정보센터(국도),128.91836,35.60482,Y
E901672,(국도24)밀양임고교차로,국가교통정보센터(국도),128.87575,35.57497,Y
E901673,(국도24)밀양학산교,국가교통정보센터(국도),128.85268,35.53881,Y
E901674,(국도24)밀양한마음타운,국가교통정보센터(국도),128.757954,35.510972,Y
E901675,(국도24)울주가지산터널동측,국가교통정보센터(국도),129.041985,35.609287,Y
E901676,(국도24)울주궁근교,국가교통정보센터(국도),129.061973,35.617276,Y
E901677,(국도24)울주농공교,국가교통정보센터(국도),129.075961,35.609688,Y
E901678,(국도24)울주대천교,국가교통정보센터(국도),129.16244,35.5445,Y
E901679,(국도24)울주덕현IC교,국가교통정보센터(국도),129.056535,35.618347,Y
E901680,(국도24)울주도동육교,국가교통정보센터(국도),129.09006,35.596327,Y
E901681,(국도24)울주무동교,국가교통정보센터(국도),129.19461,35.5681,Y
E901682,(국도24)울주반송교차로,국가교통정보센터(국도),129.18259,35.55095,Y
E901683,(국도24)울주어음교차로,국가교통정보센터(국도),129.14374,35.55327,Y
E901684,(국도24)울주입암교차로,국가교통정보센터(국도),129.22699,35.57254,Y
E901685,(국도24)울주작동육교,국가교통정보센터(국도),129.121126,35.585644,Y
E901686,(국도24)울주장검마을교차로,국가교통정보센터(국도),129.2524,35.55946,Y
E901687,(국도24)울주지내육교,국가교통정보센터(국도),129.103201,35.590786,Y
E901688,(국도24)울주진목마을교차로,국가교통정보센터(국도),129.21167,35.57271,Y
E901689,(국도24)합천가현새마을회관,국가교통정보센터(국도),128.33456,35.56163,Y
E901690,(국도24)합천관기1교,국가교통정보센터(국도),128.125051,35.648107,Y
E901691,(국도24)합천금양삼거리,국가교통정보센터(국도),128.173866,35.590873,Y
E901692,(국도24)합천낙민리,국가교통정보센터(국도),128.2477,35.5731,Y
E901693,(국도24)합천낙민삼거리,국가교통정보센터(국도),128.223839,35.579877,Y
E901694,(국도24)합천내곡마을서측,국가교통정보센터(국도),128.145695,35.636798,Y
E901695,(국도24)합천논공교차로,국가교통정보센터(국도),128.176168,35.568,Y
E901696,(국도24)합천덕골,국가교통정보센터(국도),128.305046,35.550184,Y
E901697,(국도24)합천도솔사입구,국가교통정보센터(국도),128.140507,35.637778,Y
E901698,(국도24)합천마령재1,국가교통정보센터(국도),128.127214,35.634163,Y
E901699,(국도24)합천마령재2,국가교통정보센터(국도),128.134194,35.632453,Y
E901700,(국도24)합천묘산교차로동측,국가교통정보센터(국도),128.12085,35.654532,Y
E901701,(국도24)합천문림1교차로,국가교통정보센터(국도),128.191831,35.567504,Y
E901702,(국도24)합천방동교차로,국가교통정보센터(국도),128.239972,35.577628,Y
E901703,(국도24)합천부곡마을회관동측,국가교통정보센터(국도),128.350999,35.535692,Y
E901705,(국도24)합천사동회관,국가교통정보센터(국도),128.165403,35.612395,Y
E901704,(국도24)합천사동회관동측,국가교통정보센터(국도),128.170235,35.597705,Y
E901706,(국도24)합천소사마을입구,국가교통정보센터(국도),128.150882,35.63336,Y
E901707,(국도24)합천아막회전교차로,국가교통정보센터(국도),128.271322,35.556965,Y
E901708,(국도24)합천율곡체육공원,국가교통정보센터(국도),128.21314,35.57395,Y
E901709,(국도24)합천적중교,국가교통정보센터(국도),128.2854,35.553313,Y
E901710,(국도24)합천적포삼거리,국가교통정보센터(국도),128.35668,35.529404,Y
E901711,(국도24)합천중리마을회관,국가교통정보센터(국도),128.253134,35.561955,Y
E901713,(국도24)합천중적포마을회관,국가교통정보센터(국도),128.348605,35.563211,Y
E901712,(국도24)합천중적포마을회관동측,국가교통정보센터(국도),128.347302,35.549104,Y
E901714,(국도24)합천참좋은마을,국가교통정보센터(국도),128.128634,35.641137,Y
E901715,(국도24)합천청덕수변생태공원,국가교통정보센터(국도),128.341591,35.565892,Y
E901716,(국도24)합천청덕체육공원,국가교통정보센터(국도),128.319128,35.557927,Y
E901717,(국도24)합천초계회전교차로,국가교통정보센터(국도),128.260389,35.559153,Y
E901718,(국도24호선)거창가천교,국가교통정보센터(국도),127.99033,35.633312,Y
E901724,(국도24호선)남원IC교차로,국가교통정보센터(국도),127.399997,35.426229,Y
E901719,(국도24호선)남원내동리,국가교통정보센터(국도),127.2755126,35.398599,Y
E901720,(국도24호선)남원양가리1,국가교통정보센터(국도),127.4889509,35.44656959,Y
E901721,(국도24호선)남원양가리2,국가교통정보센터(국도),127.4777563,35.4491606,Y
E901722,(국도24호선)남원양가리3,국가교통정보센터(국도),127.483623,35.44985377,Y
E901723,(국도24호선)남원팔령재,국가교통정보센터(국도),127.634431,35.467384,Y
E901725,(국도24호선)담양대곡터널입구,국가교통정보센터(국도),127.0325,35.333572,Y
E901726,(국도24호선)담양봉서교차로,국가교통정보센터(국도),127.04076,35.33974,Y
E900227,(국도24호선)동화IC교차로,국가교통정보센터(국도),126.731803,35.278557,Y
E900228,(국도24호선)동화사거리,국가교통정보센터(국도),126.7411,35.283655,Y
E901727,(국도24호선)마산교차로인근,국가교통정보센터(국도),126.3525947,35.06458031,Y
E901728,(국도24호선)마산육교인근,국가교통정보센터(국도),126.3597198,35.06243714,Y
E901729,(국도24호선)무안도산삼거리.,국가교통정보센터(국도),126.4564259,35.02480964,Y
E901730,(국도24호선)무안마실교,국가교통정보센터(국도),126.3081643,35.0807925,Y
E901731,(국도24호선)무안수암교차로,국가교통정보센터(국도),126.326993,35.093741,Y
E901732,(국도24호선)무안양월리,국가교통정보센터(국도),126.27238,35.0614,Y
E901733,(국도24호선)무안홈통교차로,국가교통정보센터(국도),126.3453773,35.07190954,Y
E901734,(국도24호선)발산육교,국가교통정보센터(국도),126.677086,35.26636,Y
E901735,(국도24호선)백련교회앞,국가교통정보센터(국도),126.198496,35.08467,Y
E900229,(국도24호선)비홍재,국가교통정보센터(국도),127.266893,35.41188,Y
E901736,(국도24호선)소동마을회관인근,국가교통정보센터(국도),126.4914186,35.04029054,Y
E901737,(국도24호선)송풍제저수지인근,국가교통정보센터(국도),126.4669827,35.03382202,Y
E901738,(국도24호선)수호삼거리인근,국가교통정보센터(국도),126.5100588,35.05061719,Y
E901739,(국도24호선)순창덕천리,국가교통정보센터(국도),127.098,35.36456,Y
E901740,(국도24호선)순창백산리,국가교통정보센터(국도),127.1101488,35.37051403,Y
E901741,(국도24호선)순창송정교차로,국가교통정보센터(국도),127.088264,35.358337,Y
E901742,(국도24호선)순창원촌삼거리,국가교통정보센터(국도),127.218475,35.40136,Y
E901743,(국도24호선)순창지북사거리,국가교통정보센터(국도),127.1946,35.393642,Y
E900230,(국도24호선)신촌사거리,국가교통정보센터(국도),126.755818,35.293368,Y
E901744,(국도24호선)옥천사거리,국가교통정보센터(국도),126.708,35.27578,Y
E901745,(국도24호선)용산2육교옆,국가교통정보센터(국도),126.61083,35.165306,Y
E901746,(국도24호선)용정교차로,국가교통정보센터(국도),126.3822097,35.05407908,Y
E901747,(국도24호선)울주천상하부램프교차로,국가교통정보센터(국도),129.236,35.56609,Y
E901748,(국도24호선)자동교차로인근,국가교통정보센터(국도),126.2575294,35.05615042,Y
E900231,(국도24호선)장산사거리,국가교통정보센터(국도),126.763063,35.294608,Y
E901749,(국도24호선)장산육교,국가교통정보센터(국도),126.61897,35.18575,Y
E900232,(국도24호선)장승백이사거리,국가교통정보센터(국도),126.748898,35.291285,Y
E901750,(국도24호선)지도전통시장입구,국가교통정보센터(국도),126.2069441,35.05833607,Y
E901752,(국도24호선)함평운동장옆,국가교통정보센터(국도),126.54797,35.067055,Y
E901751,(국도24호선)함평함평교회,국가교통정보센터(국도),126.53539,35.05775,Y
E901753,(국도24호선)현경교차로,국가교통정보센터(국도),126.4203079,35.02020251,Y
E900233,(국도24호선)황룡교차로,국가교통정보센터(국도),126.769781,35.294348,Y
E901754,(국도25)경산금곡1교,국가교통정보센터(국도),128.739377,35.757238,Y
E901755,(국도25)경산남성현터널북측,국가교통정보센터(국도),128.724647,35.727789,Y
E901756,(국도25)경산남천과선교,국가교통정보센터(국도),128.733423,35.740858,Y
E901757,(국도25)경산대명1교,국가교통정보센터(국도),128.716721,35.779286,Y
E901758,(국도25)경산백농교,국가교통정보센터(국도),128.735839,35.79838,Y
E901759,(국도25)경산삼성교차로동측,국가교통정보센터(국도),128.726713,35.761815,Y
E901760,(국도25)경산협석교,국가교통정보센터(국도),128.731178,35.789061,Y
E901761,(국도25)구미가산교차로,국가교통정보센터(국도),128.31077,36.3263,Y
E901762,(국도25)구미괴곡1교,국가교통정보센터(국도),128.402408,36.171997,Y
E901763,(국도25)구미궁기IC교,국가교통정보센터(국도),128.34883,36.278927,Y
E901764,(국도25)구미길수교차로,국가교통정보센터(국도),128.37349,36.193047,Y
E901765,(국도25)구미도개IC교,국가교통정보센터(국도),128.34856,36.27812,Y
E901766,(국도25)구미도개IC교차로,국가교통정보센터(국도),128.33368,36.295578,Y
E901767,(국도25)구미도리사교차로,국가교통정보센터(국도),128.36755,36.212536,Y
E901768,(국도25)구미동산교(도개IC),국가교통정보센터(국도),128.31588,36.30773,Y
E901769,(국도25)구미문량교차로,국가교통정보센터(국도),128.39658,36.180058,Y
E901770,(국도25)구미심곡삼거리,국가교통정보센터(국도),128.123699,36.677522,Y
E901771,(국도25)구미월곡교차로,국가교통정보센터(국도),128.36005,36.227905,Y
E901772,(국도25)구미월림교,국가교통정보센터(국도),128.3174,36.30505,Y
E901773,(국도25)구미일선교차로,국가교통정보센터(국도),128.347469,36.269796,Y
E901774,(국도25)구미중앙승마아카데미,국가교통정보센터(국도),128.366358,36.201647,Y
E901775,(국도25)구미하장1교,국가교통정보센터(국도),128.48767,36.130579,Y
E901776,(국도25)김해풍년교,국가교통정보센터(국도),128.7171,35.32495,Y
E901777,(국도25)내거지하차도상행,국가교통정보센터(국도),127.3911899,36.6317929,Y
E901778,(국도25)내거지하차도하행,국가교통정보센터(국도),127.3913029,36.6314033,Y
E901779,(국도25)밀양가곡리회관입구,국가교통정보센터(국도),128.780171,35.529408,Y
E901780,(국도25)밀양국립식량과학원사거리,국가교통정보센터(국도),128.744509,35.491991,Y
E901781,(국도25)밀양남밀양IC,국가교통정보센터(국도),128.754519,35.452778,Y
E901782,(국도25)밀양남천교북측,국가교통정보센터(국도),128.75038,35.485515,Y
E901783,(국도25)밀양마산교차로,국가교통정보센터(국도),128.76525,35.41316,Y
E901784,(국도25)밀양상동교삼거리,국가교통정보센터(국도),128.76256,35.562282,Y
E901785,(국도25)밀양상동역정류장,국가교통정보센터(국도),128.761346,35.555674,Y
E901786,(국도25)밀양수산교차로,국가교통정보센터(국도),128.7258,35.38021,Y
E901787,(국도25)밀양수산대교,국가교통정보센터(국도),128.717855,35.372962,Y
E901788,(국도25)밀양신촌오거리,국가교통정보센터(국도),128.741073,35.501444,Y
E901789,(국도25)밀양양동육교,국가교통정보센터(국도),128.737296,35.384229,Y
E901791,(국도25)밀양연금천교,국가교통정보센터(국도),128.76754,35.429644,Y
E901790,(국도25)밀양연금천교북측,국가교통정보센터(국도),128.759232,35.438211,Y
E901792,(국도25)밀양예림대동아파트,국가교통정보센터(국도),128.753737,35.461205,Y
E901793,(국도25)밀양우암교,국가교통정보센터(국도),128.75061,35.398226,Y
E901794,(국도25)밀양유산마을입구,국가교통정보센터(국도),128.771735,35.549326,Y
E901795,(국도25)밀양조이디골프입구,국가교통정보센터(국도),128.778257,35.522078,Y
E901796,(국도25)밀양중섬교,국가교통정보센터(국도),128.774618,35.538936,Y
E901797,(국도25)밀양파서교,국가교통정보센터(국도),128.75431,35.40383,Y
E901798,(국도25)밀양파서육교남측,국가교통정보센터(국도),128.74929,35.39,Y
E901799,(국도25)보은가래재교차로,국가교통정보센터(국도),127.6242092,36.47805988,Y
E901800,(국도25)보은관기교차로,국가교통정보센터(국도),127.82561,36.432163,Y
E901801,(국도25)보은구병산IC입구,국가교통정보센터(국도),127.869719,36.444831,Y
E901802,(국도25)보은구인교,국가교통정보센터(국도),127.773696,36.472837,Y
E901826,(국도25)보은군청주시경계,국가교통정보센터(국도),127.572258,36.535717,Y
E901803,(국도25)보은군청사거리,국가교통정보센터(국도),127.730408,36.491941,Y
E901804,(국도25)보은길상리,국가교통정보센터(국도),127.765128,36.47549,Y
E901805,(국도25)보은누청삼거리,국가교통정보센터(국도),127.742766,36.497455,Y
E901806,(국도25)보은동정교차로,국가교통정보센터(국도),127.6604089,36.47696864,Y
E901807,(국도25)보은말티삼거리,국가교통정보센터(국도),127.753702,36.490997,Y
E901808,(국도25)보은병원교,국가교통정보센터(국도),127.676784,36.47796595,Y
E901809,(국도25)보은병원교차로,국가교통정보센터(국도),127.68859,36.47941054,Y
E901810,(국도25)보은보은장례식장,국가교통정보센터(국도),127.756118,36.485067,Y
E901811,(국도25)보은보청교,국가교통정보센터(국도),127.6710645,36.4773501,Y
E901812,(국도25)보은상장교차로,국가교통정보센터(국도),127.793226,36.461757,Y
E901813,(국도25)보은송평교차로,국가교통정보센터(국도),127.6090468,36.47755427,Y
E901814,(국도25)보은송평리,국가교통정보센터(국도),127.6171859,36.4765953,Y
E901815,(국도25)보은수리티터널서측,국가교통정보센터(국도),127.6369973,36.47666335,Y
E901816,(국도25)보은수한교차로,국가교통정보센터(국도),127.6983874,36.48088856,Y
E901817,(국도25)보은오동저수지,국가교통정보센터(국도),127.58269,36.523136,Y
E901818,(국도25)보은임곡리,국가교통정보센터(국도),127.849379,36.442112,Y
E901819,(국도25)보은장안삼거리,국가교통정보센터(국도),127.785503,36.467668,Y
E901820,(국도25)보은적암리(1),국가교통정보센터(국도),127.857503,36.4478,Y
E901821,(국도25)보은적암리(2),국가교통정보센터(국도),127.863371,36.446854,Y
E901822,(국도25)보은탄부교차로,국가교통정보센터(국도),127.80733,36.443064,Y
E901823,(국도25)보은피반령(1),국가교통정보센터(국도),127.577454,36.527,Y
E901824,(국도25)보은피반령(2),국가교통정보센터(국도),127.573181,36.53273,Y
E901825,(국도25)보은후평사거리,국가교통정보센터(국도),127.707463,36.481975,Y
E901827,(국도25)상주구잠교차로남측,국가교통정보센터(국도),128.288994,36.372567,Y
E901828,(국도25)상주낙단교차로,국가교통정보센터(국도),128.29173,36.35857,Y
E901829,(국도25)상주남장교,국가교통정보센터(국도),128.119644,36.410776,Y
E901830,(국도25)상주분황1교,국가교통정보센터(국도),128.2564,36.397076,Y
E901831,(국도25)상주상주장례식장,국가교통정보센터(국도),128.131728,36.414754,Y
E901832,(국도25)상주신상교차로,국가교통정보센터(국도),128.24341,36.405853,Y
E901833,(국도25)상주외답육교,국가교통정보센터(국도),128.20483,36.426905,Y
E901834,(국도25)상주죽전교,국가교통정보센터(국도),128.170688,36.446352,Y
E901835,(국도25)상주퇴동교,국가교통정보센터(국도),128.103635,36.406619,Y
E901836,(국도25)상주헌신1교하부,국가교통정보센터(국도),128.213237,36.418793,Y
E901837,(국도25)상주헌신교,국가교통정보센터(국도),128.220752,36.414997,Y
E901838,(국도25)상주화천육교,국가교통정보센터(국도),128.189703,36.435184,Y
E901839,(국도25)오동지하차도상행,국가교통정보센터(국도),127.4776234,36.6962233,Y
E901840,(국도25)오동지하차도하행,국가교통정보센터(국도),127.4738593,36.6943396,Y
E901841,(국도25)의성낙정교,국가교통정보센터(국도),128.3014,36.346493,Y
E901842,(국도25)의성단밀농공단지부근,국가교통정보센터(국도),128.304798,36.341273,Y
E901843,(국도25)중부지하차도상행,국가교통정보센터(국도),127.425627,36.666147,Y
E901844,(국도25)중부지하차도하행,국가교통정보센터(국도),127.422845,36.664615,Y
E901845,(국도25)창원가술삼거리,국가교통정보센터(국도),128.709042,35.331456,Y
E901846,(국도25)창원고산교남측,국가교통정보센터(국도),128.708079,35.224975,Y
E901847,(국도25)창원대암교,국가교통정보센터(국도),128.718162,35.208618,Y
E901848,(국도25)창원덕산교,국가교통정보센터(국도),128.672258,35.267067,Y
E901849,(국도25)창원모산사거리,국가교통정보센터(국도),128.711194444444,35.3610472222222,Y
E901850,(국도25)창원모산삼거리,국가교통정보센터(국도),128.70971,35.3476,Y
E901851,(국도25)창원삼정1교하부,국가교통정보센터(국도),128.713518,35.197914,Y
E901852,(국도25)창원용추교남측,국가교통정보센터(국도),128.704457,35.234407,Y
E901853,(국도25)창원창원대교차로,국가교통정보센터(국도),128.702332,35.243892,Y
E901854,(국도25)청도귀뚜라미홀딩스,국가교통정보센터(국도),128.75894,35.631042,Y
E901855,(국도25)청도남성현터널남측,국가교통정보센터(국도),128.712345,35.706418,Y
E901856,(국도25)청도송읍교차로,국가교통정보센터(국도),128.747754,35.663309,Y
E901857,(국도25)청도신거교,국가교통정보센터(국도),128.768203,35.602486,Y
E901858,(국도25)청도신도2교인근,국가교통정보센터(국도),128.764329,35.596045,Y
E901859,(국도25)청도아랫구미입구,국가교통정보센터(국도),128.753536,35.638648,Y
E901860,(국도25)청도용암교차로남측,국가교통정보센터(국도),128.729399,35.67536,Y
E901861,(국도25)청도원동삼거리,국가교통정보센터(국도),128.767797,35.611879,Y
E901862,(국도25)청도지당마을회관북측,국가교통정보센터(국도),128.762562,35.616285,Y
E901863,(국도25)청도초현교차로,국가교통정보센터(국도),128.76429,35.57206,Y
E901864,(국도25)청주계산리,국가교통정보센터(국도),127.56543,36.538845,Y
E901865,(국도25)청주구성교차로,국가교통정보센터(국도),127.513898,36.692638,Y
E901866,(국도25)청주국동리,국가교통정보센터(국도),127.518877,36.68402,Y
E901867,(국도25)청주외남교차로,국가교통정보센터(국도),127.487183,36.698158,Y
E901868,(국도25)청주장암2교,국가교통정보센터(국도),127.48209,36.58349,Y
E901869,(국도25)청주효촌분기점,국가교통정보센터(국도),127.50807,36.58343,Y
E901870,(국도25)칠곡가현주유소,국가교통정보센터(국도),128.525107,36.100822,Y
E901871,(국도25)칠곡송학교차로,국가교통정보센터(국도),128.51604,36.102287,Y
E901872,(국도25)칠곡신장교차로,국가교통정보센터(국도),128.49242,36.12286,Y
E901873,(국도25)칠곡하판1교,국가교통정보센터(국도),128.52928,36.098328,Y
E901874,(국도25호선)구미5공단휴게식당남측,국가교통정보센터(국도),128.47887,36.154957,Y
E901875,(국도25호선)구미구미보전망대남측,국가교통정보센터(국도),128.3519,36.233746,Y
E901876,(국도25호선)구미구미보전망대북측,국가교통정보센터(국도),128.347443,36.241379,Y
E901877,(국도25호선)구미산동교차로인근,국가교통정보센터(국도),128.42969,36.165123,Y
E901878,(국도25호선)구미선산낙산리고분군,국가교통정보센터(국도),128.34074,36.254795,Y
E901879,(국도25호선)구미어령동산서측,국가교통정보센터(국도),128.34328,36.258896,Y
E901880,(국도25호선)구미용문육교,국가교통정보센터(국도),128.46794,36.16113,Y
E901881,(국도25호선)구미하장2교북측,국가교통정보센터(국도),128.4840897,36.14585721,Y
E901882,(국도25호선)구미해평교차로,국가교통정보센터(국도),128.383252,36.186782,Y
E901883,(국도25호선)밀양마산교차로남측,국가교통정보센터(국도),128.76198,35.4064,Y
E901884,(국도25호선)상주구산교,국가교통정보센터(국도),128.271026,36.388402,Y
E901885,(국도25호선)청도남성현교차로,국가교통정보센터(국도),128.718628,35.696476,Y
E901886,(국도25호선)칠곡가산TG,국가교통정보센터(국도),128.535435,36.090093,Y
E901887,(국도26)거창거창IC교차로,국가교통정보센터(국도),127.9302669,35.6749292,Y
E901888,(국도26)거창거창골동품경매장,국가교통정보센터(국도),127.9848473,35.6347028,Y
E901889,(국도26)거창남하교동측(거창IC),국가교통정보센터(국도),127.942193,35.671086,Y
E901890,(국도26)거창남하초등학교,국가교통정보센터(국도),127.9466205,35.655687,Y
E901891,(국도26)거창대야리,국가교통정보센터(국도),127.95842,35.6388251,Y
E901892,(국도26)거창대야리1,국가교통정보센터(국도),127.9904351,35.6331805,Y
E901893,(국도26)거창대야마을,국가교통정보센터(국도),127.964288,35.6348411,Y
E901894,(국도26)거창대평사거리(거창IC),국가교통정보센터(국도),127.9225716,35.6828371,Y
E901895,(국도26)거창돌모리산장입구,국가교통정보센터(국도),127.9728093,35.6388297,Y
E901896,(국도26)거창일원교,국가교통정보센터(국도),127.9561075,35.6453386,Y
E901897,(국도26)거창절부사거리,국가교통정보센터(국도),127.8988486,35.6800126,Y
E901898,(국도26)고령귀원삼거리,국가교통정보센터(국도),128.239061,35.677055,Y
E901899,(국도26)고령기산교차로,국가교통정보센터(국도),128.32858,35.7388186797394,Y
E901900,(국도26)고령도룡곡교,국가교통정보센터(국도),128.30962,35.7354,Y
E901901,(국도26)고령득성터널동측,국가교통정보센터(국도),128.37685,35.74992,Y
E901902,(국도26)고령득성터널서측,국가교통정보센터(국도),128.36285,35.74812,Y
E901903,(국도26)고령명덕교,국가교통정보센터(국도),128.2134801,35.6768293,Y
E901904,(국도26)고령벽송정,국가교통정보센터(국도),128.1961514,35.6721528,Y
E901905,(국도26)고령석사교,국가교통정보센터(국도),128.1868629,35.6764492,Y
E901906,(국도26)함양다곡교,국가교통정보센터(국도),127.7467195,35.6202735,Y
E901907,(국도26)함양다볕자연연수원앞,국가교통정보센터(국도),127.7342,35.6290958,Y
E901908,(국도26)함양도천교,국가교통정보센터(국도),127.6899856,35.6755591,Y
E901909,(국도26)함양봉정마을인근,국가교통정보센터(국도),127.6842787,35.6601228,Y
E901910,(국도26)함양상남리,국가교통정보센터(국도),127.670965,35.715042,Y
E901911,(국도26)함양서하교,국가교통정보센터(국도),127.7750849,35.6241104,Y
E901912,(국도26)함양서하초등학교동측,국가교통정보센터(국도),127.7008775,35.6483227,Y
E901913,(국도26)함양성북마을,국가교통정보센터(국도),127.7922137,35.6328663,Y
E901914,(국도26)함양송계삼거리,국가교통정보센터(국도),127.6904822,35.6521651,Y
E901915,(국도26)함양안의대교,국가교통정보센터(국도),127.8085426,35.6330302,Y
E901916,(국도26)함양오리밭골,국가교통정보센터(국도),127.6769374,35.7040358,Y
E901917,(국도26)함양오현마을,국가교통정보센터(국도),127.7075697,35.6404077,Y
E901918,(국도26)함양월평교,국가교통정보센터(국도),127.716478,35.6361389,Y
E901919,(국도26)함양육십령,국가교통정보센터(국도),127.673379,35.706459,Y
E901920,(국도26)함양중남리1,국가교통정보센터(국도),127.673781,35.710177,Y
E901921,(국도26)함양중남리2,국가교통정보센터(국도),127.686484,35.698591,Y
E901922,(국도26)함양중남사거리,국가교통정보센터(국도),127.687962,35.6955895,Y
E901923,(국도26)함양호성교,국가교통정보센터(국도),127.765729,35.6164607,Y
E901924,(국도26)합천가리들,국가교통정보센터(국도),128.1727578,35.6777943,Y
E901925,(국도26)합천계동교,국가교통정보센터(국도),128.1498224,35.6803246,Y
E901926,(국도26)합천권빈마을회관인근,국가교통정보센터(국도),128.0675612,35.636755,Y
E901927,(국도26)합천권빈삼거리,국가교통정보센터(국도),128.0610374,35.6352264,Y
E901928,(국도26)합천묘산교차로,국가교통정보센터(국도),128.1168489,35.6574201,Y
E901929,(국도26)합천반포교,국가교통정보센터(국도),128.1004564,35.6497169,Y
E901930,(국도26)합천봉산삼거리,국가교통정보센터(국도),128.0416469,35.6324973,Y
E901931,(국도26)합천분기삼거리동측,국가교통정보센터(국도),128.170783,35.6830745,Y
E901932,(국도26)합천상현리,국가교통정보센터(국도),128.0334427,35.6335282,Y
E901933,(국도26)합천상현휴게소,국가교통정보센터(국도),128.0150493,35.6350258,Y
E901934,(국도26)합천싸리터재,국가교통정보센터(국도),128.0750945,35.6425267,Y
E901935,(국도26)합천안성교,국가교통정보센터(국도),128.1265676,35.6686564,Y
E901936,(국도26)합천압곡교,국가교통정보센터(국도),128.0507298,35.6342953,Y
E901937,(국도26)합천팔심교,국가교통정보센터(국도),128.0879396,35.6447892,Y
E901938,(국도26)합천평촌교,국가교통정보센터(국도),128.1353592,35.6762728,Y
E901939,(국도26)합천향정교,국가교통정보센터(국도),128.0229803,35.6353364,Y
E901940,(국도26호선)고령송림교,국가교통정보센터(국도),128.2312143,35.6837475,Y
E901941,(국도26호선)목천삼거리,국가교통정보센터(국도),126.5626693,35.54299412,Y
E900234,(국도26호선)방곡재,국가교통정보센터(국도),127.511456,35.747151,Y
E901942,(국도26호선)백구소공원월남참전기념비,국가교통정보센터(국도),126.5659543,35.54284972,Y
E901943,(국도26호선)삼봉삼거리,국가교통정보센터(국도),127.6179849,35.7186265,Y
E901944,(국도26호선)신동사거리,국가교통정보센터(국도),127.5904724,35.732041,Y
E900235,(국도26호선)연장교차로,국가교통정보센터(국도),127.371987,35.774018,Y
E901945,(국도26호선)완주명덕교차로,국가교통정보센터(국도),127.20936,35.85463,Y
E900236,(국도26호선)완주보룡재A,국가교통정보센터(국도),127.3156,35.8558,Y
E900237,(국도26호선)완주보룡재B,국가교통정보센터(국도),127.3102,35.8517,Y
E901946,(국도26호선)완주소양교차로,국가교통정보센터(국도),127.24118,35.85701,Y
E901947,(국도26호선)완주소태정고개,국가교통정보센터(국도),127.2943045,35.85006535,Y
E901948,(국도26호선)완주해월1교차로,국가교통정보센터(국도),127.25093,35.85891,Y
E901949,(국도26호선)장수명덕리1,국가교통정보센터(국도),127.65862,35.724503,Y
E901950,(국도26호선)장수명덕리2,국가교통정보센터(국도),127.654985,35.72652168,Y
E901951,(국도26호선)장수명덕리3,국가교통정보센터(국도),127.6595996,35.7191625,Y
E901952,(국도26호선)장수육십령휴게소,국가교통정보센터(국도),127.6505678,35.72597334,Y
E901953,(국도26호선)진안구룡리,국가교통정보센터(국도),127.4464501,35.78538665,Y
E901954,(국도26호선)진안봉암교차로,국가교통정보센터(국도),127.33987,35.84863,Y
E901955,(국도26호선)진안부귀농협옆,국가교통정보센터(국도),127.34425,35.80099,Y
E901956,(국도26호선)진안서판사거리,국가교통정보센터(국도),127.34627,35.79436,Y
E901957,(국도26호선)진안소태정휴게소,국가교통정보센터(국도),127.3263273,35.85754866,Y
E901958,(국도26호선)진안오룡리,국가교통정보센터(국도),127.35114,35.82498,Y
E901959,(국도26호선)진안진안교차로,국가교통정보센터(국도),127.41967,35.78369,Y
E901960,(국도26호선)진안활인동마을입구,국가교통정보센터(국도),127.40826,35.78204,Y
E901961,(국도27호선)고흥도촌교차로,국가교통정보센터(국도),127.16105,34.55903,Y
E901962,(국도27호선)고흥상림교차로,국가교통정보센터(국도),127.26231,34.587795,Y
E901963,(국도27호선)고흥소록대교입구,국가교통정보센터(국도),127.12251,34.53038,Y
E901964,(국도27호선)고흥신앙교,국가교통정보센터(국도),127.19606,34.57918,Y
E901965,(국도27호선)고흥유전1교,국가교통정보센터(국도),127.14894,34.55379,Y
E901966,(국도27호선)고흥하림교,국가교통정보센터(국도),127.25106,34.58067,Y
E901967,(국도27호선)고흥호형교차로,국가교통정보센터(국도),127.295494,34.606606,Y
E901968,(국도27호선)곡성옥과천교2,국가교통정보센터(국도),127.14193,35.29099,Y
E901969,(국도27호선)곡성평장삼거리,국가교통정보센터(국도),127.14547,35.2757,Y
E901970,(국도27호선)군산계남교차로1,국가교통정보센터(국도),126.859245,35.993412,Y
E901971,(국도27호선)군산고봉교차로,국가교통정보센터(국도),126.78005,35.98886,Y
E901972,(국도27호선)군산와동교차로2,국가교통정보센터(국도),126.79019,35.981907,Y
E901973,(국도27호선)군산임피교차로,국가교통정보센터(국도),126.85131,35.9966,Y
E901974,(국도27호선)군산창오교차로,국가교통정보센터(국도),126.81121,35.982273,Y
E901975,(국도27호선)군산축산저수지,국가교통정보센터(국도),126.84556,35.99553,Y
E900238,(국도27호선)새터교차로,국가교통정보센터(국도),127.105664,35.622691,Y
E901976,(국도27호선)순창유등사거리,국가교통정보센터(국도),127.14927,35.37154,Y
E901977,(국도27호선)순창인계교차로,국가교통정보센터(국도),127.14282,35.41243,Y
E901978,(국도27호선)순창풍산교차로,국가교통정보센터(국도),127.14086,35.3373,Y
E900239,(국도27호선)영창교,국가교통정보센터(국도),126.889004,35.978065,Y
E901979,(국도27호선)완주교통교차로,국가교통정보센터(국도),127.1164,35.68957,Y
E901980,(국도27호선)완주대덕교차로,국가교통정보센터(국도),127.10614,35.66612,Y
E901981,(국도27호선)완주모악터널출구,국가교통정보센터(국도),127.1161,35.74244,Y
E901982,(국도27호선)완주백여2교,국가교통정보센터(국도),127.10685,35.65184,Y
E901983,(국도27호선)완주중해전교차로,국가교통정보센터(국도),127.03632,35.90337,Y
E901984,(국도27호선)완주항가교차로,국가교통정보센터(국도),127.11905,35.70843,Y
E901985,(국도27호선)익산덕실교차로,국가교통정보센터(국도),126.99852,35.90534,Y
E901986,(국도27호선)익산신평교차로,국가교통정보센터(국도),126.98677,35.911816,Y
E901987,(국도27호선)익산영만교차로,국가교통정보센터(국도),126.898529,35.96969,Y
E901988,(국도27호선)익산장신교차로,국가교통정보센터(국도),126.91634,35.95395,Y
E901989,(국도27호선)임실두무터널입구,국가교통정보센터(국도),127.15045,35.50039,Y
E901990,(국도27호선)임실운종교차로,국가교통정보센터(국도),127.11745,35.61225,Y
E901991,(국도27호선)임실학석교차로,국가교통정보센터(국도),127.14373,35.55134,Y
E900240,(국도27호선)춘포철도육교,국가교통정보센터(국도),127.019329,35.904922,Y
E901992,(국도28)경주가온누리캠핑체험장인접,국가교통정보센터(국도),129.132778,35.98,Y
E901993,(국도28)경주두류공단입구,국가교통정보센터(국도),129.161436,35.988639,Y
E901994,(국도28)경주안강IC,국가교통정보센터(국도),129.228436,35.998511,Y
E901995,(국도28)경주안강대교인접,국가교통정보센터(국도),129.11947,35.98753,Y
E901996,(국도28)경주옥산삼거리,국가교통정보센터(국도),129.17566,35.993206,Y
E901997,(국도28)경주위덕대학교앞삼거리,국가교통정보센터(국도),129.284657,36.016126,Y
E901998,(국도28)경주유금IC,국가교통정보센터(국도),129.282161,35.993201,Y
E901999,(국도28)경주유금철도교,국가교통정보센터(국도),129.284609,36.006243,Y
E902000,(국도28)경주인동삼거리,국가교통정보센터(국도),129.255853,35.988625,Y
E902001,(국도28)경주하곡교,국가교통정보센터(국도),129.1448694,35.98092909,Y
E902002,(국도28)영주가흥교,국가교통정보센터(국도),128.61413,36.814436,Y
E902003,(국도28)영주갈산교,국가교통정보센터(국도),128.55774,36.767216,Y
E902004,(국도28)영주구성오거리,국가교통정보센터(국도),128.6243,36.82213,Y
E902005,(국도28)영주두전교차로동측,국가교통정보센터(국도),128.598195,36.798656,Y
E902006,(국도28)영주문정교,국가교통정보센터(국도),128.587662,36.78894,Y
E902007,(국도28)영주문정교차로동측,국가교통정보센터(국도),128.609244,36.805985,Y
E902008,(국도28)영주세무서사거리남측,국가교통정보센터(국도),128.621166,36.818237,Y
E902009,(국도28)영주영주수도사업소,국가교통정보센터(국도),128.626345,36.827823,Y
E902010,(국도28)영주장수교,국가교통정보센터(국도),128.5749,36.777046,Y
E902011,(국도28)영천가수1교,국가교통정보센터(국도),129.080767,36.000805,Y
E902012,(국도28)영천고경초등학교,국가교통정보센터(국도),129.07025,36.00327,Y
E902013,(국도28)영천고나곡지부근,국가교통정보센터(국도),128.9969041,36.0168645,Y
E902014,(국도28)영천녹전교,국가교통정보센터(국도),128.916654,35.992113,Y
E902016,(국도28)영천대전교차로,국가교통정보센터(국도),128.9096,35.9803,Y
E902015,(국도28)영천대전교차로동측,국가교통정보센터(국도),128.908988,35.984099,Y
E902017,(국도28)영천매호1교,국가교통정보센터(국도),128.96229,36.003074,Y
E902027,(국도28)영천별빛중학교,국가교통정보센터(국도),129.0414037,36.00341853,Y
E902018,(국도28)영천신기교,국가교통정보센터(국도),128.952168,36.002447,Y
E902019,(국도28)영천영천터널동측,국가교통정보센터(국도),129.027017,36.013733,Y
E902020,(국도28)영천영천터널서측,국가교통정보센터(국도),129.008682,36.016275,Y
E902021,(국도28)영천오미교차로동측,국가교통정보센터(국도),128.933994,35.999034,Y
E902022,(국도28)영천임고교차로,국가교통정보센터(국도),128.97015,36.00427,Y
E902023,(국도28)영천임고천교,국가교통정보센터(국도),128.980756,36.00774,Y
E902024,(국도28)영천청정1리마을입구,국가교통정보센터(국도),129.0954424,35.98668916,Y
E902025,(국도28)영천청정교차로동측,국가교통정보센터(국도),129.108611,35.984444,Y
E902026,(국도28)영천호국원후문,국가교통정보센터(국도),129.08668,35.99486,Y
E902028,(국도28)예천갈구교차로,국가교통정보센터(국도),128.48895,36.691666,Y
E902029,(국도28)예천감천교차로,국가교통정보센터(국도),128.5297,36.72648,Y
E902030,(국도28)예천감천초등학교부근,국가교통정보센터(국도),128.529341,36.719253,Y
E902031,(국도28)예천남산1교,국가교통정보센터(국도),128.552508,36.759071,Y
E902032,(국도28)예천대맥교,국가교통정보센터(국도),128.5393,36.737898,Y
E902033,(국도28)예천동예천교차로,국가교통정보센터(국도),128.471944,36.639722,Y
E902034,(국도28)예천서정자교,국가교통정보센터(국도),128.43625,36.639164,Y
E902035,(국도28)예천왕신교차로,국가교통정보센터(국도),128.45412,36.639183,Y
E900241,(국도28)예천우계교,국가교통정보센터(국도),128.473941,36.674415,Y
E902036,(국도28)예천지내육교,국가교통정보센터(국도),128.425308,36.641951,Y
E902037,(국도28)예천지인교,국가교통정보센터(국도),128.370449,36.53068,Y
E902038,(국도28)예천통명IC교,국가교통정보센터(국도),128.47432,36.664178,Y
E902039,(국도28)예천포리교차로,국가교통정보센터(국도),128.51765,36.713367,Y
E902040,(국도28)의성가원교차로,국가교통정보센터(국도),128.37763,36.436318,Y
E902041,(국도28)의성광산지,국가교통정보센터(국도),128.343759,36.490697,Y
E902042,(국도28)의성교락교,국가교통정보센터(국도),128.380027,36.430248,Y
E902043,(국도28)의성교촌교차로,국가교통정보센터(국도),128.464632,36.369616,Y
E902044,(국도28)의성덕미교차로,국가교통정보센터(국도),128.340846,36.484887,Y
E902045,(국도28)의성덕지교,국가교통정보센터(국도),128.339328,36.463476,Y
E902046,(국도28)의성도암교차로,국가교통정보센터(국도),128.35861,36.453846,Y
E902047,(국도28)의성반정버스정류장,국가교통정보센터(국도),128.349942,36.501469,Y
E902048,(국도28)의성봉양1교서측,국가교통정보센터(국도),128.565283,36.30502,Y
E902049,(국도28)의성삼분교차로,국가교통정보센터(국도),128.403815,36.413751,Y
E902050,(국도28)의성서부교,국가교통정보센터(국도),128.49475,36.330351,Y
E902051,(국도28)의성송호졸음쉼터,국가교통정보센터(국도),128.368543,36.451286,Y
E902052,(국도28)의성시안교,국가교통정보센터(국도),128.340866,36.484917,Y
E902053,(국도28)의성쌍계리,국가교통정보센터(국도),128.541803,36.310624,Y
E902054,(국도28)의성양서2리버스정류장,국가교통정보센터(국도),128.358476,36.51253,Y
E902055,(국도28)의성용곡삼거리,국가교통정보센터(국도),128.358607,36.52186,Y
E902056,(국도28)의성용기교차로,국가교통정보센터(국도),128.441929,36.396986,Y
E902057,(국도28)의성용남교차로,국가교통정보센터(국도),128.46683,36.352127,Y
E902058,(국도28)의성위양리,국가교통정보센터(국도),128.458923,36.375047,Y
E902059,(국도28)의성장춘2리,국가교통정보센터(국도),128.518759,36.322813,Y
E902060,(국도28)의성토매리,국가교통정보센터(국도),128.450543,36.385791,Y
E902061,(국도28)의성토매천교,국가교통정보센터(국도),128.43848,36.398246,Y
E902062,(국도28)포항대련교차로,국가교통정보센터(국도),129.30915,36.0357,Y
E902063,(국도28)포항동해안휴게소근처,국가교통정보센터(국도),129.318957,36.05615,Y
E902064,(국도28)포항성곡IC,국가교통정보센터(국도),129.340909,36.087118,Y
E902070,(국도28)포항축산물종합처리장동측,국가교통정보센터(국도),129.328672,36.0708,Y
E902065,(국도28)포항칠전교(칠전교차로),국가교통정보센터(국도),129.306733623173,36.0327614076634,Y
E902066,(국도28)포항포항테크노파크,국가교통정보센터(국도),129.322681,36.063165,Y
E902067,(국도28)포항학림교부근,국가교통정보센터(국도),129.33559,36.082836,Y
E902068,(국도28)포항학전1교(대련Ic남측),국가교통정보센터(국도),129.313769,36.043277,Y
E902069,(국도28)포항학전2교(대련Ic북측),국가교통정보센터(국도),129.316254,36.047291,Y
E902071,(국도28호선)영천곡골교,국가교통정보센터(국도),128.75,36.100555,Y
E902072,(국도28호선)예천신라식물원부근,국가교통정보센터(국도),128.54532,36.74782,Y
E902073,(국도28호선)의성삼광덕교차로,국가교통정보센터(국도),128.338744,36.476224,Y
E902074,(국도28호선)의성쌍용휴게소,국가교통정보센터(국도),128.47623,36.34288,Y
E902075,(국도29)부여가중2교,국가교통정보센터(국도),126.8535442,36.2984994,Y
E902076,(국도29)부여군사삼거리,국가교통정보센터(국도),126.8898,36.2016,Y
E902077,(국도29)부여나령고개,국가교통정보센터(국도),126.785286,36.341671,Y
E902078,(국도29)부여나령교,국가교통정보센터(국도),126.7895735,36.3369456,Y
E902079,(국도29)부여나령리,국가교통정보센터(국도),126.785066,36.346129,Y
E902080,(국도29)부여나령리(1),국가교통정보센터(국도),126.794673,36.3314611,Y
E902081,(국도29)부여나령리(2),국가교통정보센터(국도),126.7934255,36.3337672,Y
E902082,(국도29)부여두루마리고개(1),국가교통정보센터(국도),126.8133157,36.3279154,Y
E902083,(국도29)부여두루마리고개(2),국가교통정보센터(국도),126.8079479,36.3256678,Y
E902084,(국도29)부여라복교차로,국가교통정보센터(국도),126.86058,36.28119,Y
E902085,(국도29)부여만사교,국가교통정보센터(국도),126.8948,36.1769,Y
E902086,(국도29)부여만사삼거리,국가교통정보센터(국도),126.8941572,36.1678602,Y
E902087,(국도29)부여벽룡교,국가교통정보센터(국도),126.83695,36.119031,Y
E902088,(국도29)부여벽용리,국가교통정보센터(국도),126.8508743,36.1234081,Y
E902089,(국도29)부여비정리,국가교통정보센터(국도),126.9001381,36.1564697,Y
E902090,(국도29)부여송정마을,국가교통정보센터(국도),126.8908644,36.1491054,Y
E902091,(국도29)부여아빠학교엄마교실박물관,국가교통정보센터(국도),126.8191076,36.3277898,Y
E902092,(국도29)부여양화초등학교,국가교통정보센터(국도),126.8574129,36.1275824,Y
E902093,(국도29)부여오번리입구,국가교통정보센터(국도),126.8236881,36.3266808,Y
E902094,(국도29)부여은산교차로,국가교통정보센터(국도),126.843216,36.306675,Y
E902095,(국도29)부여은산패션전문농공단지,국가교통정보센터(국도),126.8419433,36.3111416,Y
E902096,(국도29)부여임천삼거리,국가교통정보센터(국도),126.8885,36.1903,Y
E902097,(국도29)부여입포삼거리,국가교통정보센터(국도),126.8715803,36.1374204,Y
E902098,(국도29)부여장암교차로,국가교통정보센터(국도),126.88308,36.24298,Y
E902099,(국도29)부여제2점리교,국가교통정보센터(국도),126.8859,36.2114,Y
E902100,(국도29)부여청양군경계(취약),국가교통정보센터(국도),126.78656,36.353043,Y
E902101,(국도29)부여탑산3리,국가교통정보센터(국도),126.8798006,36.146985,Y
E902102,(국도29)부여합곡리,국가교통정보센터(국도),126.8786,36.2235,Y
E902103,(국도29)부여합곡삼거리,국가교통정보센터(국도),126.8698,36.2302,Y
E902104,(국도29)부여홍산교,국가교통정보센터(국도),126.8361,36.32418,Y
E902105,(국도29)부여홍산교차로(은산면),국가교통정보센터(국도),126.8412613,36.3198017,Y
E902106,(국도29)부여홍산리,국가교통정보센터(국도),126.8294924,36.3225441,Y
E902107,(국도29)서산대로1리교차로,국가교통정보센터(국도),126.422113,36.955177,Y
E902108,(국도29)서산대산리,국가교통정보센터(국도),126.42777,36.947063,Y
E902109,(국도29)서산대산버스터미널,국가교통정보센터(국도),126.43242,36.938627,Y
E902110,(국도29)서산독곶1교차로,국가교통정보센터(국도),126.37712,36.98837,Y
E902111,(국도29)서산명지교차로,국가교통정보센터(국도),126.412895,36.96645,Y
E902112,(국도29)서산무안교,국가교통정보센터(국도),126.440287,36.842263,Y
E902113,(국도29)서산수석동(사각),국가교통정보센터(국도),126.48889,36.759064,Y
E902114,(국도29)서산신장삼거리,국가교통정보센터(국도),126.5020286,36.75164197,Y
E902115,(국도29)서산양천교,국가교통정보센터(국도),126.53104,36.65086,Y
E902116,(국도29)서산오토밸리,국가교통정보센터(국도),126.4384,36.849777,Y
E902117,(국도29)서산웅소성리,국가교통정보센터(국도),126.5167,36.73802,Y
E902118,(국도29)서산유계교,국가교통정보센터(국도),126.5094687,36.74626325,Y
E902119,(국도29)서산일람삼거리,국가교통정보센터(국도),126.4407276,36.823292,Y
E902120,(국도29)서산정자교차로,국가교통정보센터(국도),126.52477,36.657,Y
E902121,(국도29)서산지곡교차로,국가교통정보센터(국도),126.436498,36.871237,Y
E902122,(국도29)서산화곡리,국가교통정보센터(국도),126.414889,36.97873,Y
E902123,(국도29)서산화천2교,국가교통정보센터(국도),126.4344,36.860217,Y
E902124,(국도29)서산환성2리교차로,국가교통정보센터(국도),126.442212,36.911377,Y
E902125,(국도29)서산휴암교차로,국가교통정보센터(국도),126.5404837,36.69393532,Y
E902126,(국도29)서천광암삼거리,국가교통정보센터(국도),126.7907302,36.0763224,Y
E902127,(국도29)서천단상리,국가교통정보센터(국도),126.8212604,36.0925536,Y
E902128,(국도29)서천대하교,국가교통정보센터(국도),126.7870522,36.0662177,Y
E902129,(국도29)서천동서천IC교차로,국가교통정보센터(국도),126.7875323,36.0454647,Y
E902130,(국도29)서천동지리,국가교통정보센터(국도),126.82597,36.10015,Y
E902131,(국도29)서천땅고개,국가교통정보센터(국도),126.82375,36.096403,Y
E902132,(국도29)서천망월1교차로,국가교통정보센터(국도),126.747393,36.0284642,Y
E902133,(국도29)서천물러고개,국가교통정보센터(국도),126.7873211,36.0620734,Y
E902134,(국도29)서천봉장교차로,국가교통정보센터(국도),126.7591857,36.0327886,Y
E902135,(국도29)서천여사리,국가교통정보센터(국도),126.8336807,36.1099933,Y
E902136,(국도29)서천옥포사거리,국가교통정보센터(국도),126.7802632,36.0379949,Y
E902137,(국도29)서천추동리(1),국가교통정보센터(국도),126.7865,36.05138,Y
E902138,(국도29)서천추동리(2),국가교통정보센터(국도),126.78291,36.05709,Y
E902139,(국도29)서천충남교육청유아교육원입구,국가교통정보센터(국도),126.8332634,36.10638047,Y
E902140,(국도29)서천하구둑사거리,국가교통정보센터(국도),126.7389582,36.0201347,Y
E902141,(국도29)서천한산119안전센터,국가교통정보센터(국도),126.8068724,36.0841236,Y
E902142,(국도29)서천한산모시관,국가교통정보센터(국도),126.7980214,36.0783821,Y
E902143,(국도29)예산가덕교차로,국가교통정보센터(국도),126.779015,36.533237,Y
E902144,(국도29)예산광시교차로,국가교통정보센터(국도),126.770633,36.537362,Y
E902145,(국도29)예산노전2교차로,국가교통정보센터(국도),126.750792,36.539105,Y
E902146,(국도29)예산노전교차로,국가교통정보센터(국도),126.762115,36.540157,Y
E902147,(국도29)청양관산교,국가교통정보센터(국도),126.795793,36.52248,Y
E902148,(국도29)청양나발티고개,국가교통정보센터(국도),126.7889723,36.3562796,Y
E902149,(국도29)청양농공단지교차로,국가교통정보센터(국도),126.792194,36.455569,Y
E902150,(국도29)청양마리들,국가교통정보센터(국도),126.802822,36.412532,Y
E902151,(국도29)청양부엉골,국가교통정보센터(국도),126.804776,36.404889,Y
E902152,(국도29)청양사양티고개,국가교통정보센터(국도),126.811016,36.391413,Y
E902153,(국도29)청양사점교차로,국가교통정보센터(국도),126.792671,36.508234,Y
E902154,(국도29)청양송방교차로,국가교통정보센터(국도),126.78823,36.44641,Y
E902155,(국도29)청양쇠죽골,국가교통정보센터(국도),126.8086634,36.3985703,Y
E902156,(국도29)청양신원교차로,국가교통정보센터(국도),126.791405,36.483345,Y
E902157,(국도29)청양온직리(1),국가교통정보센터(국도),126.7937644,36.3647227,Y
E902158,(국도29)청양온직리(2),국가교통정보센터(국도),126.796053,36.3721464,Y
E902159,(국도29)청양온직리(3),국가교통정보센터(국도),126.7986011,36.3786424,Y
E902160,(국도29)청양온직리(4),국가교통정보센터(국도),126.806353,36.386857,Y
E902161,(국도29)청양장승거리들,국가교통정보센터(국도),126.796697,36.419669,Y
E902162,(국도29)청양장재리,국가교통정보센터(국도),126.78894,36.53305,Y
E902163,(국도29)청양저티교차로,국가교통정보센터(국도),126.79008,36.4976,Y
E902164,(국도29)청양충남도립대학교입구,국가교통정보센터(국도),126.794488,36.435798,Y
E902165,(국도29)청양학당2교차로,국가교통정보센터(국도),126.798896,36.46759,Y
E902166,(국도29)홍성공리교,국가교통정보센터(국도),126.59175,36.58987,Y
E902167,(국도29)홍성구룡교,국가교통정보센터(국도),126.69305,36.583153,Y
E902168,(국도29)홍성금당2교,국가교통정보센터(국도),126.719659,36.565546,Y
E902169,(국도29)홍성금당교차로,국가교통정보센터(국도),126.729416,36.557377,Y
E902170,(국도29)홍성남산교,국가교통정보센터(국도),126.60006,36.58664,Y
E902171,(국도29)홍성마온터널예산방향입구,국가교통정보센터(국도),126.64225,36.57647,Y
E902172,(국도29)홍성마온터널홍성IC방향입구,국가교통정보센터(국도),126.6484104,36.57477475,Y
E902173,(국도29)홍성마온터널홍성IC방향출구,국가교통정보센터(국도),126.6419714,36.57695609,Y
E902174,(국도29)홍성삼거리교차로,국가교통정보센터(국도),126.53414,36.63613,Y
E902175,(국도29)홍성상촌교차로,국가교통정보센터(국도),126.54858,36.60193,Y
E902176,(국도29)홍성신기교,국가교통정보센터(국도),126.71592,36.57086,Y
E902177,(국도29)홍성신기교차로,국가교통정보센터(국도),126.711136,36.576485,Y
E902178,(국도29)홍성신송교차로,국가교통정보센터(국도),126.53552,36.645,Y
E902179,(국도29)홍성쌍천교,국가교통정보센터(국도),126.577451,36.59987973,Y
E902180,(국도29)홍성암소고개교차로,국가교통정보센터(국도),126.70153,36.581669,Y
E902181,(국도29)홍성원두막휴게소,국가교통정보센터(국도),126.5866795,36.59374088,Y
E902182,(국도29)홍성월계교차로,국가교통정보센터(국도),126.73758,36.538864,Y
E902183,(국도29)홍성월계생태통로,국가교통정보센터(국도),126.733675,36.544401,Y
E902184,(국도29)홍성입암교,국가교통정보센터(국도),126.685407,36.589301,Y
E902185,(국도29)홍성취생교차로,국가교통정보센터(국도),126.54366,36.63431,Y
E902186,(국도29)홍성황곡교차로,국가교통정보센터(국도),126.62484,36.58423,Y
E902187,(국도29호선)군산상리교차로,국가교통정보센터(국도),126.82869,35.917458,Y
E902188,(국도29호선)기곡교차로인근,국가교통정보센터(국도),126.976618,35.27599411,Y
E902189,(국도29호선)김제내죽교차로,국가교통정보센터(국도),126.84553,35.85976,Y
E902190,(국도29호선)김제대동2육교,국가교통정보센터(국도),126.84923,35.84651,Y
E902191,(국도29호선)김제장산리,국가교통정보센터(국도),126.8323,35.88345,Y
E902192,(국도29호선)김제후석교차로,국가교통정보센터(국도),126.85774,35.82649,Y
E902193,(국도29호선)담양공고교차로,국가교통정보센터(국도),126.9798063,35.29977807,Y
E902194,(국도29호선)보성미력리,국가교통정보센터(국도),127.0899191,34.82744509,Y
E902195,(국도29호선)보성신기교차로,국가교통정보센터(국도),127.06823,34.833767,Y
E902196,(국도29호선)보성초당3교,국가교통정보센터(국도),127.10959,34.77925,Y
E902197,(국도29호선)보성초당교차로,국가교통정보센터(국도),127.11167,34.77137,Y
E902198,(국도29호선)부안평교교차로,국가교통정보센터(국도),126.79524,35.69556,Y
E900242,(국도29호선)서산고북교차로,국가교통정보센터(국도),126.523707,36.665353,Y
E900243,(국도29호선)서산기포교차로,국가교통정보센터(국도),126.53285,36.67939,Y
E902199,(국도29호선)서산대요교차로,국가교통정보센터(국도),126.440249,36.894448,Y
E902200,(국도29호선)서산대요삼거리,국가교통정보센터(국도),126.43947,36.88671,Y
E902201,(국도29호선)서산대죽교차로,국가교통정보센터(국도),126.41139,36.992535,Y
E900244,(국도29호선)서산석림사거리,국가교통정보센터(국도),126.46391,36.77537,Y
E902202,(국도29호선)서산영탑1리교차로,국가교통정보센터(국도),126.441444,36.92362,Y
E900245,(국도29호선)서산옥거리교차로,국가교통정보센터(국도),126.532229,36.722628,Y
E902203,(국도29호선)서산일람교차로,국가교통정보센터(국도),126.44084,36.80482,Y
E902204,(국도29호선)서산중왕교차로,국가교통정보센터(국도),126.43328,36.865593,Y
E900246,(국도29호선)서산해미교차로,국가교통정보센터(국도),126.54518,36.70661,Y
E902205,(국도29호선)서산황금산1교차로,국가교통정보센터(국도),126.33996,36.985714,Y
E902206,(국도29호선)서산황금산2교차로,국가교통정보센터(국도),126.35564,36.987507,Y
E900247,(국도29호선)쌍봉교차로,국가교통정보센터(국도),127.028173,34.864941,Y
E902207,(국도29호선)영암연소리1,국가교통정보센터(국도),126.7918033,34.81428835,Y
E902208,(국도29호선)영암연소리2,국가교통정보센터(국도),126.7887639,34.82536367,Y
E902209,(국도29호선)유산교차로,국가교통정보센터(국도),126.9554196,35.25228524,Y
E902210,(국도29호선)정읍고부교차로,국가교통정보센터(국도),126.76034,35.61625,Y
E902211,(국도29호선)정읍성지교차로,국가교통정보센터(국도),126.769165,35.632214,Y
E902212,(국도29호선)정읍연수교차로,국가교통정보센터(국도),126.79302,35.59443,Y
E902213,(국도29호선)정읍청량마을입구,국가교통정보센터(국도),126.78659,35.66811,Y
E902214,(국도29호선)정읍향토현입구,국가교통정보센터(국도),126.77893,35.60581,Y
E902215,(국도29호선)중파사거리,국가교통정보센터(국도),126.9894904,35.33315829,Y
E900248,(국도29호선)홍성구항교차로,국가교통정보센터(국도),126.61469,36.58624,Y
E900249,(국도29호선)홍성대사리,국가교통정보센터(국도),126.54459,36.62694,Y
E900250,(국도29호선)홍성부기사거리,국가교통정보센터(국도),126.54461,36.60997,Y
E900251,(국도29호선)홍성옥암교차로,국가교통정보센터(국도),126.635775,36.58316,Y
E902216,(국도29호선)화순모산교차로,국가교통정보센터(국도),126.96928,34.980682,Y
E902217,(국도29호선)화순백암2교,국가교통정보센터(국도),126.95724,35.032974,Y
E902218,(국도29호선)화순송정교차로,국가교통정보센터(국도),127.00225,34.87123,Y
E900252,(국도29호선)화순신너릿재터널,국가교통정보센터(국도),126.970312,35.076819,Y
E902219,(국도29호선)화순신너릿재터널입구1,국가교통정보센터(국도),126.9654706,35.0814401,Y
E902220,(국도29호선)화순신너릿재터널입구2,국가교통정보센터(국도),126.9670446,35.08008623,Y
E902221,(국도29호선)화순신너릿재터널입구3,국가교통정보센터(국도),126.9684268,35.07864665,Y
E902222,(국도29호선)화순신너릿재터널입구4,국가교통정보센터(국도),126.9697815,35.0772386,Y
E902224,(국도29호선)화순오류리,국가교통정보센터(국도),126.9975136,34.90123339,Y
E902223,(국도29호선)화순오류리인근,국가교통정보센터(국도),126.994482,34.895693,Y
E902225,(국도29호선)화순이양교차로,국가교통정보센터(국도),126.98896,34.910915,Y
E902226,(국도29호선)화순이양터널인근,국가교통정보센터(국도),126.997535,34.881716,Y
E902227,(국도29호선)화순춘양교차로,국가교통정보센터(국도),126.96143,34.960842,Y
E902228,(국도2)사천매화교차로,국가교통정보센터(국도),127.975792,35.124911,Y
E902229,(국도2)사천와인갤러리앞,국가교통정보센터(국도),127.985575,35.138544,Y
E902230,(국도2)사천원전교차로,국가교통정보센터(국도),127.937384,35.11206,Y
E902231,(국도2)사천초량터널서측,국가교통정보센터(국도),127.916632,35.108538,Y
E902232,(국도2)진주공영차고지,국가교통정보센터(국도),128.083558,35.152571,Y
E902233,(국도2)진주길성교차로서측,국가교통정보센터(국도),128.320043,35.152107,Y
E902234,(국도2)진주내동교차로동측,국가교통정보센터(국도),128.073219,35.154584,Y
E902235,(국도2)진주무촌교,국가교통정보센터(국도),128.267218,35.183943,Y
E902236,(국도2)진주배양교서측,국가교통정보센터(국도),128.026207,35.140194,Y
E902237,(국도2)진주법윤소류지,국가교통정보센터(국도),128.21205,35.169297,Y
E902238,(국도2)진주사봉고가교,국가교통정보센터(국도),128.27335,35.17459,Y
E902239,(국도2)진주산기교차로,국가교통정보센터(국도),128.051794,35.153603,Y
E902240,(국도2)진주삼계교,국가교통정보센터(국도),128.031682,35.150781,Y
E902241,(국도2)진주삼곡2교,국가교통정보센터(국도),128.173922,35.167605,Y
E902243,(국도2)진주수목원교차로,국가교통정보센터(국도),128.287,35.165344,Y
E902242,(국도2)진주수목원교차로,국가교통정보센터(국도),128.304948,35.158608,Y
E902244,(국도2)진주옥산1육교,국가교통정보센터(국도),128.128451,35.149892,Y
E902245,(국도2)진주옥산교차로동측,국가교통정보센터(국도),128.135119,35.150791,Y
E902246,(국도2)진주원촌교차로,국가교통정보센터(국도),128.142356,35.157752,Y
E902247,(국도2)진주정동교차로,국가교통정보센터(국도),128.019668,35.134071,Y
E902248,(국도2)진주정촌졸음쉼터,국가교통정보센터(국도),128.116514,35.141812,Y
E902249,(국도2)진주진성초등학교,국가교통정보센터(국도),128.220735,35.171384,Y
E902250,(국도2)진주진주중장비학원,국가교통정보센터(국도),128.200255,35.170288,Y
E902251,(국도2)진주천곡2교,국가교통정보센터(국도),128.2363,35.192238,Y
E902252,(국도2)진주택동교,국가교통정보센터(국도),128.220272,35.17869,Y
E902253,(국도2)진주화개교차로,국가교통정보센터(국도),128.097687,35.143565,Y
E902254,(국도2)창원동산교차로,국가교통정보센터(국도),128.396,35.113968,Y
E902255,(국도2)창원봉곡2교,국가교통정보센터(국도),128.41568,35.106766,Y
E902256,(국도2)창원봉암육교,국가교통정보센터(국도),128.362422,35.133436,Y
E902257,(국도2)창원석동1교,국가교통정보센터(국도),128.700929,35.164138,Y
E902258,(국도2)창원세월2교,국가교통정보센터(국도),128.404125,35.10932,Y
E902259,(국도2)창원임곡교차로,국가교통정보센터(국도),128.428558,35.103698,Y
E902260,(국도2)창원장복2터널동측,국가교통정보센터(국도),128.682381,35.165555,Y
E902261,(국도2)창원진동교차로,국가교통정보센터(국도),128.485754467,35.1266310116,Y
E902262,(국도2)창원진북교차로,국가교통정보센터(국도),128.472859,35.124691,Y
E902263,(국도2)창원태봉교차로동측,국가교통정보센터(국도),128.518336,35.153336,Y
E902264,(국도2)창원태봉요양병원,국가교통정보센터(국도),128.509223,35.144573,Y
E902265,(국도2)하동고전교남측,국가교통정보센터(국도),127.78066,35.047708,Y
E902266,(국도2)하동고절터널남측,국가교통정보센터(국도),127.786909,35.05846,Y
E902267,(국도2)하동방화교,국가교통정보센터(국도),127.850922,35.112497,Y
E902268,(국도2)하동북천코스모스교차로동측,국가교통정보센터(국도),127.903762,35.113857,Y
E902269,(국도2)하동적량교북단,국가교통정보센터(국도),127.793123,35.075737,Y
E902270,(국도2)하동직전터널동측,국가교통정보센터(국도),127.873631,35.111827,Y
E902271,(국도2)하동황치산터널서측,국가교통정보센터(국도),127.826643,35.108906,Y
E902272,(국도2)하동횡천교차로,국가교통정보센터(국도),127.810488,35.10021,Y
E902273,(국도2호선)강진강진교차로,국가교통정보센터(국도),126.72115,34.67984,Y
E902274,(국도2호선)강진군동교차로,국가교통정보센터(국도),126.8132,34.63979,Y
E902275,(국도2호선)강진금당교차로,국가교통정보센터(국도),126.72739,34.65576,Y
E902276,(국도2호선)강진목리교차로,국가교통정보센터(국도),126.78512,34.62713,Y
E902277,(국도2호선)강진방재삼거리,국가교통정보센터(국도),126.6789,34.6976,Y
E902278,(국도2호선)강진사송정교차로,국가교통정보센터(국도),126.84199,34.64159,Y
E902279,(국도2호선)강진월산교차로,국가교통정보센터(국도),126.69929,34.69875,Y
E902280,(국도2호선)강진탐진교,국가교통정보센터(국도),126.80243,34.63748,Y
E902281,(국도2호선)강진평동교차로,국가교통정보센터(국도),126.76124,34.63069,Y
E902282,(국도2호선)강진평장교,국가교통정보센터(국도),126.86799,34.6462,Y
E902283,(국도2호선)강진화전교차로,국가교통정보센터(국도),126.74119,34.64687,Y
E902284,(국도2호선)광양성황동2,국가교통정보센터(국도),127.674268,34.949361,Y
E900253,(국도2호선)금치삼거리,국가교통정보센터(국도),127.394218,34.843679,Y
E902285,(국도2호선)마룡교차로,국가교통정보센터(국도),127.744034,34.989297,Y
E900254,(국도2호선)목포목포IC,국가교통정보센터(국도),126.4252,34.8407,Y
E900255,(국도2호선)무안삼향,국가교통정보센터(국도),126.449,34.841,Y
E902286,(국도2호선)보성군두사거리,국가교통정보센터(국도),127.15568,34.77586,Y
E902287,(국도2호선)보성대야교차로,국가교통정보센터(국도),127.03188,34.74994,Y
E902288,(국도2호선)보성벌교IC교차로,국가교통정보센터(국도),127.30319,34.83946,Y
E902289,(국도2호선)보성벌교교차로,국가교통정보센터(국도),127.32135,34.83812,Y
E902290,(국도2호선)보성벌교대교,국가교통정보센터(국도),127.35624,34.84047,Y
E902291,(국도2호선)보성삼정리,국가교통정보센터(국도),127.127732,34.775096,Y
E902292,(국도2호선)보성신기교차로,국가교통정보센터(국도),127.23397,34.79888,Y
E902293,(국도2호선)보성신월리,국가교통정보센터(국도),127.263292,34.82598779,Y
E902294,(국도2호선)보성신월삼거리,국가교통정보센터(국도),127.25832,34.81445,Y
E902295,(국도2호선)보성신전마을입구,국가교통정보센터(국도),127.136374,34.778546,Y
E902296,(국도2호선)보성신촌삼거리,국가교통정보센터(국도),127.20562,34.78282,Y
E902297,(국도2호선)보성예당사거리,국가교통정보센터(국도),127.1861,34.77858,Y
E902298,(국도2호선)보성장수교차로,국가교통정보센터(국도),127.0867961,34.74715609,Y
E902299,(국도2호선)보성장좌교차로,국가교통정보센터(국도),127.34442,34.83551,Y
E902300,(국도2호선)보성초당교차로,국가교통정보센터(국도),127.111,34.77177,Y
E902301,(국도2호선)사계절삼거리,국가교통정보센터(국도),127.42394,34.841213,Y
E902302,(국도2호선)사천오랑교차로,국가교통정보센터(국도),127.94979,35.114728,Y
E902303,(국도2호선)상림사거리,국가교통정보센터(국도),127.460014,34.881794,Y
E902304,(국도2호선)서영암IC,국가교통정보센터(국도),126.52691,34.76204,Y
E900256,(국도2호선)세풍교차로,국가교통정보센터(국도),127.595655,34.939887,Y
E902305,(국도2호선)순천금치리,국가교통정보센터(국도),127.38561,34.84388,Y
E902306,(국도2호선)순천동막2교,국가교통정보센터(국도),127.412304,34.837923,Y
E902307,(국도2호선)순천신석사거리,국가교통정보센터(국도),127.44125,34.863024,Y
E902308,(국도2호선)영암광암삼거리,국가교통정보센터(국도),126.61508,34.71046,Y
E900257,(국도2호선)영암남악분기점,국가교통정보센터(국도),126.488289,34.820713,Y
E902309,(국도2호선)영암매자사거리,국가교통정보센터(국도),126.51015,34.73578,Y
E900258,(국도2호선)영암무영대교,국가교통정보센터(국도),126.521659,34.780083,Y
E902310,(국도2호선)영암묵동리,국가교통정보센터(국도),126.65939,34.70128,Y
E902311,(국도2호선)영암백야교차로,국가교통정보센터(국도),126.51574,34.74702,Y
E902312,(국도2호선)영암사동삼거리,국가교통정보센터(국도),126.55082,34.72785,Y
E902313,(국도2호선)영암서창저수지,국가교통정보센터(국도),126.52864,34.73386,Y
E902314,(국도2호선)영암율치제,국가교통정보센터(국도),126.63248,34.6993,Y
E900259,(국도2호선)영암청호교차로,국가교통정보센터(국도),126.512945,34.800318,Y
E902315,(국도2호선)영암학산교차로,국가교통정보센터(국도),126.57731,34.71973,Y
E900260,(국도2호선)옥전교,국가교통정보센터(국도),127.2757625,34.8386363,Y
E902316,(국도2호선)장흥배산진입로,국가교통정보센터(국도),127.00624,34.74998,Y
E902317,(국도2호선)장흥부산진입로,국가교통정보센터(국도),126.92373,34.70906,Y
E902318,(국도2호선)장흥용곡진입로,국가교통정보센터(국도),126.95524,34.72887,Y
E902319,(국도2호선)장흥장동교차로,국가교통정보센터(국도),126.99377,34.74355,Y
E902320,(국도2호선)장흥제암터널,국가교통정보센터(국도),126.97829,34.73447,Y
E902321,(국도2호선)장흥평화교,국가교통정보센터(국도),126.90496,34.66511,Y
E902322,(국도2호선)장흥항양교차로,국가교통정보센터(국도),126.92712,34.67895,Y
E902323,(국도2호선)진주길성교차로동측,국가교통정보센터(국도),128.331194,35.145425,Y
E902324,(국도2호선)진주모산교차로,국가교통정보센터(국도),128.061997,35.154014,Y
E902325,(국도2호선)진주무촌고가교,국가교통정보센터(국도),128.251145,35.190507,Y
E902326,(국도2호선)진주상문교차로서측,국가교통정보센터(국도),128.19089,35.168373,Y
E902327,(국도2호선)창원진목교차로,국가교통정보센터(국도),128.448326811,35.1093720828,Y
E902328,(국도2호선)하동북천터널동측,국가교통정보센터(국도),127.886432,35.115409,Y
E902329,(국도2호선)하동직전터널서측,국가교통정보센터(국도),127.865789,35.109764,Y
E902330,(국도2호선)하동학리1터널남측,국가교통정보센터(국도),127.798783,35.086777,Y
E902331,(국도30)김천관터교,국가교통정보센터(국도),127.958396,35.916796,Y
E902332,(국도30)김천귀음듬골,국가교통정보센터(국도),128.047155,35.899016,Y
E902333,(국도30)김천김천덕산재근린공원근처2,국가교통정보센터(국도),127.905556,35.935,Y
E902334,(국도30)김천대가천,국가교통정보센터(국도),128.054347,35.902023,Y
E902335,(국도30)김천대덕삼거리,국가교통정보센터(국도),127.971106,35.919501,Y
E902336,(국도30)김천덕산1리동측,국가교통정보센터(국도),127.91099,35.9311,Y
E902337,(국도30)김천덕산장로교회,국가교통정보센터(국도),127.915699,35.928165,Y
E902338,(국도30)김천소도골인근,국가교통정보센터(국도),128.0089,35.9,Y
E902339,(국도30)김천연화2리마을회관,국가교통정보센터(국도),127.932192,35.92581,Y
E902340,(국도30)김천연화교,국가교통정보센터(국도),127.942203,35.923201,Y
E902341,(국도30)김천옥동교,국가교통정보센터(국도),128.037655,35.899972,Y
E902342,(국도30)김천이승골,국가교통정보센터(국도),128.013844,35.898238,Y
E902343,(국도30)김천중리교,국가교통정보센터(국도),128.087956,35.921023,Y
E902344,(국도30)김천증산수도계곡캠핑장,국가교통정보센터(국도),128.021805,35.899977,Y
E902345,(국도30)김천추량2리경로당,국가교통정보센터(국도),127.984016,35.910305,Y
E902346,(국도30)김천추량교인접,국가교통정보센터(국도),127.986944,35.901667,Y
E902347,(국도30)김천추포제,국가교통정보센터(국도),127.979365,35.916751,Y
E902348,(국도30)달성덕수기억학교,국가교통정보센터(국도),128.445376,35.850066,Y
E902349,(국도30)달성동곡교,국가교통정보센터(국도),128.40425,35.878676,Y
E902350,(국도30)달성동곡사거리,국가교통정보센터(국도),128.417971,35.877524,Y
E902351,(국도30)달성동곡초등학교,국가교통정보센터(국도),128.423913,35.867356,Y
E902352,(국도30)달성문양역,국가교통정보센터(국도),128.434074,35.860015,Y
E902353,(국도30)달성성주대교,국가교통정보센터(국도),128.397566,35.879038,Y
E902354,(국도30)성주가암1교,국가교통정보센터(국도),128.245861,35.937908,Y
E902355,(국도30)성주가암1리마을회관,국가교통정보센터(국도),128.240306,35.941762,Y
E902356,(국도30)성주가인2교,국가교통정보센터(국도),128.068193,35.907802,Y
E902357,(국도30)성주고름장골,국가교통정보센터(국도),128.186402,35.926484,Y
E902358,(국도30)성주고름재,국가교통정보센터(국도),128.180699,35.922771,Y
E902359,(국도30)성주광산삼거리,국가교통정보센터(국도),128.17823,35.918033,Y
E902360,(국도30)성주구강재,국가교통정보센터(국도),128.129784,35.92111,Y
E902361,(국도30)성주금수문화예술마을서측,국가교통정보센터(국도),128.173879,35.922043,Y
E902362,(국도30)성주농산물품질관리원,국가교통정보센터(국도),128.344026,35.906181,Y
E902363,(국도30)성주대광주유소,국가교통정보센터(국도),128.25416,35.93469,Y
E902364,(국도30)성주도성교차로,국가교통정보센터(국도),128.366508,35.881266,Y
E902365,(국도30)성주동산수양관,국가교통정보센터(국도),128.080564,35.918834,Y
E902366,(국도30)성주동암교,국가교통정보센터(국도),128.354415,35.897502,Y
E902367,(국도30)성주매수2리회관,국가교통정보센터(국도),128.196713,35.935736,Y
E902368,(국도30)성주무지개캠핑장,국가교통정보센터(국도),128.121553,35.925283,Y
E902369,(국도30)성주무학교,국가교통정보센터(국도),128.103256,35.927176,Y
E902370,(국도30)성주무흘구곡,국가교통정보센터(국도),128.066413,35.912405,Y
E902371,(국도30)성주배바위교,국가교통정보센터(국도),128.113043,35.92663,Y
E902372,(국도30)성주백전마을,국가교통정보센터(국도),128.273847,35.927861,Y
E902373,(국도30)성주백전삼거리,국가교통정보센터(국도),128.27744,35.92397,Y
E902374,(국도30)성주상후마을회관,국가교통정보센터(국도),128.160502,35.941598,Y
E902375,(국도30)성주새들교,국가교통정보센터(국도),128.095194,35.923679,Y
E902376,(국도30)성주선바위,국가교통정보센터(국도),128.084399,35.919541,Y
E902377,(국도30)성주성원지,국가교통정보센터(국도),128.310524,35.916877,Y
E902378,(국도30)성주성주대교,국가교통정보센터(국도),128.382729,35.88294,Y
E902379,(국도30)성주신부교,국가교통정보센터(국도),128.334418,35.908856,Y
E902380,(국도30)성주신성삼거리,국가교통정보센터(국도),128.146648,35.924095,Y
E902381,(국도30)성주야동지,국가교통정보센터(국도),128.192667,35.930335,Y
E902382,(국도30)성주어은리마을회관,국가교통정보센터(국도),128.16877,35.93039,Y
E902383,(국도30)성주어은지,국가교통정보센터(국도),128.164628,35.935982,Y
E902384,(국도30)성주언골,국가교통정보센터(국도),128.32441,35.911533,Y
E902385,(국도30)성주에덴농장,국가교통정보센터(국도),128.265379,35.933946,Y
E902386,(국도30)성주영천교,국가교통정보센터(국도),128.071858,35.918167,Y
E902387,(국도30)성주운정교,국가교통정보센터(국도),128.224774,35.946929,Y
E902388,(국도30)성주은적2교,국가교통정보센터(국도),128.062928,35.906118,Y
E902389,(국도30)성주이천교,국가교통정보센터(국도),128.214741,35.944727,Y
E902390,(국도30)성주청락정,국가교통정보센터(국도),128.135426,35.924747,Y
E902391,(국도30)성주태자바위,국가교통정보센터(국도),128.203639,35.939956,Y
E902392,(국도30)성주행복한식물원,국가교통정보센터(국도),128.15097,35.939065,Y
E902393,(국도30호선)강진사거리,국가교통정보센터(국도),127.159737,35.529193,Y
E900261,(국도30호선)격포교차로,국가교통정보센터(국도),126.48206,35.618611,Y
E902394,(국도30호선)달성다사읍사무소교차로,국가교통정보센터(국도),128.453784,35.860593,Y
E902395,(국도30호선)달성대구강서소방서,국가교통정보센터(국도),128.467395,35.85564,Y
E902396,(국도30호선)들꽃마을입구,국가교통정보센터(국도),127.015913,35.579024,Y
E902397,(국도30호선)마령사거리,국가교통정보센터(국도),127.368057,35.73545,Y
E902398,(국도30호선)무주금평리1,국가교통정보센터(국도),127.9006148,35.94294889,Y
E902399,(국도30호선)부안궁안교차로,국가교통정보센터(국도),126.696495,35.737595,Y
E902400,(국도30호선)부안도청리,국가교통정보센터(국도),126.5222024,35.58310881,Y
E902401,(국도30호선)부안백련교차로,국가교통정보센터(국도),126.58455,35.707092,Y
E902402,(국도30호선)부안부안IC입구,국가교통정보센터(국도),126.77616,35.72965,Y
E902403,(국도30호선)부안새만금교차로,국가교통정보센터(국도),126.5586,35.695652,Y
E902404,(국도30호선)부안신운교차로,국가교통정보센터(국도),126.75147,35.73632,Y
E902405,(국도30호선)부안운산교차로,국가교통정보센터(국도),126.51253,35.663006,Y
E902406,(국도30호선)부안장신교차로1,국가교통정보센터(국도),126.61981,35.7154,Y
E902407,(국도30호선)부안장신교차로2,국가교통정보센터(국도),126.63585,35.71761,Y
E902408,(국도30호선)부안종암교차로,국가교통정보센터(국도),126.48318,35.63273,Y
E902409,(국도30호선)불로치터널시점,국가교통정보센터(국도),127.524178,35.881126,Y
E902410,(국도30호선)언건교차로,국가교통정보센터(국도),127.464232,35.817935,Y
E902411,(국도30호선)오정삼거리,국가교통정보센터(국도),127.269035,35.60428,Y
E902412,(국도30호선)월포대교시점,국가교통정보센터(국도),127.485593,35.872956,Y
E902413,(국도30호선)이양면오류리,국가교통정보센터(국도),127.895035,35.94892,Y
E902414,(국도30호선)임실석현마을입구,국가교통정보센터(국도),127.3197243,35.62422829,Y
E902415,(국도30호선)임실용수리,국가교통정보센터(국도),127.113766,35.525386,Y
E902416,(국도30호선)임실태평리1,국가교통정보센터(국도),127.3680429,35.64684527,Y
E902417,(국도30호선)장재삼거리,국가교통정보센터(국도),127.237284,35.586729,Y
E902418,(국도30호선)정읍구석교,국가교통정보센터(국도),126.90638,35.686035,Y
E902419,(국도30호선)정읍궁사교차로,국가교통정보센터(국도),126.922,35.678352,Y
E902420,(국도30호선)정읍산성리1,국가교통정보센터(국도),126.959384,35.624133,Y
E902421,(국도30호선)정읍양덕교차로,국가교통정보센터(국도),126.87328,35.70226,Y
E902422,(국도30호선)정읍왕림IC교,국가교통정보센터(국도),126.94778,35.66152,Y
E902423,(국도30호선)정읍천신1교,국가교통정보센터(국도),126.93862,35.67144,Y
E902424,(국도30호선)정읍화호교차로,국가교통정보센터(국도),126.8368,35.7155,Y
E902425,(국도30호선)중계교차로,국가교통정보센터(국도),127.436562,35.798671,Y
E900262,(국도30호선)진안대운재,국가교통정보센터(국도),127.365625,35.657723,Y
E902426,(국도30호선)진안백운2교차로,국가교통정보센터(국도),127.400209,35.690964,Y
E902427,(국도30호선)진안정송교차로,국가교통정보센터(국도),127.40595,35.72093,Y
E902428,(국도30호선)칠보삼거리,국가교통정보센터(국도),126.990455,35.60846,Y
E902429,(국도31)경주관성해수욕장,국가교통정보센터(국도),129.450556,35.65631,Y
E902430,(국도31)경주나산천,국가교통정보센터(국도),129.459229,35.716495,Y
E902431,(국도31)경주나산천교,국가교통정보센터(국도),129.462557,35.704702,Y
E902432,(국도31)경주나산초등학교,국가교통정보센터(국도),129.471162,35.698555,Y
E902433,(국도31)경주나정1교북측,국가교통정보센터(국도),129.489942,35.788982,Y
E902434,(국도31)경주나정항,국가교통정보센터(국도),129.494083,35.775127,Y
E902435,(국도31)경주다산교차로,국가교통정보센터(국도),129.276217,36.038831,Y
E902436,(국도31)경주대본2리마을회관입구,국가교통정보센터(국도),129.491435,35.753852,Y
E902437,(국도31)경주대본항,국가교통정보센터(국도),129.48455,35.74552,Y
E902438,(국도31)경주대종교,국가교통정보센터(국도),129.479012,35.742291,Y
E902439,(국도31)경주덕곡교북측,국가교통정보센터(국도),129.493976,35.806502,Y
E902441,(국도31)경주모곡마을,국가교통정보센터(국도),129.511561,35.828398,Y
E902440,(국도31)경주모곡마을북측,국가교통정보센터(국도),129.5136993,35.832374,Y
E902442,(국도31)경주벽계천교,국가교통정보센터(국도),129.252114,36.059989,Y
E902443,(국도31)경주봉길리교차로,국가교통정보센터(국도),129.483787,35.736494,Y
E902444,(국도31)경주삼괴정저수지인근,국가교통정보센터(국도),129.261947,36.04963,Y
E902445,(국도31)경주수평선회타운,국가교통정보센터(국도),129.489942,35.749293,Y
E902446,(국도31)경주양남사거리남측,국가교통정보센터(국도),129.455571,35.673456,Y
E902447,(국도31)경주연동방파제,국가교통정보센터(국도),129.517809,35.837405,Y
E902448,(국도31)경주오류삼거리,국가교통정보센터(국도),129.506391,35.820653,Y
E902449,(국도31)경주원전현장인력양성원,국가교통정보센터(국도),129.495335,35.771494,Y
E902450,(국도31)경주읍천항입구,국가교통정보센터(국도),129.472867,35.691223,Y
E902451,(국도31)경주주상절리,국가교통정보센터(국도),129.473199,35.6861,Y
E902452,(국도31)경주진리해변,국가교통정보센터(국도),129.466324,35.68124,Y
E902453,(국도31)경주혁신원자력연구단지,국가교통정보센터(국도),129.493415,35.762631,Y
E902454,(국도31)기장기장일광IC교차로,국가교통정보센터(국도),129.23204,35.2742,Y
E902455,(국도31)기장동백IC교남측,국가교통정보센터(국도),129.2519,35.2893,Y
E902456,(국도31)기장동백교차로부근,국가교통정보센터(국도),129.2523,35.2818,Y
E902457,(국도31)기장이천IC교,국가교통정보센터(국도),129.2492,35.2769,Y
E902458,(국도31)기장임랑교차로,국가교통정보센터(국도),129.252186,35.312075,Y
E902459,(국도31)기장장안천교,국가교통정보센터(국도),129.276,35.3373,Y
E902460,(국도31)기장효암천교,국가교통정보센터(국도),129.2792,35.3437,Y
E902461,(국도31)봉화고선1교,국가교통정보센터(국도),128.987058,36.986499,Y
E902462,(국도31)봉화고선교차로,국가교통정보센터(국도),129.002507,36.959656,Y
E902463,(국도31)봉화고선터널남측,국가교통정보센터(국도),128.980042,36.994741,Y
E902464,(국도31)봉화고선터널북측,국가교통정보센터(국도),128.973152,37.006288,Y
E902465,(국도31)봉화범불사입구,국가교통정보센터(국도),129.05559,36.839044,Y
E902466,(국도31)봉화범불사입구동측,국가교통정보센터(국도),129.059829,36.836779,Y
E902467,(국도31)봉화봉화터널동측,국가교통정보센터(국도),129.095305,36.837994,Y
E902468,(국도31)봉화봉화터널인접1,국가교통정보센터(국도),129.077651,36.838592,Y
E902469,(국도31)봉화일월산터널산장,국가교통정보센터(국도),129.098206,36.837347,Y
E902470,(국도31)봉화현동교차로,국가교통정보센터(국도),128.99778,36.940731,Y
E902471,(국도31)봉화황씨부인당입구,국가교통정보센터(국도),129.10142,36.834912,Y
E902472,(국도31)봉화황평터널남측,국가교통정보센터(국도),129.004646,36.967152,Y
E902473,(국도31)봉화황평터널북측,국가교통정보센터(국도),128.994719,36.977438,Y
E902474,(국도31)양구가오작교서측,국가교통정보센터(국도),128.06097,38.1326,Y
E902475,(국도31)양구광치령,국가교통정보센터(국도),128.071471,38.137319,Y
E902476,(국도31)양구광치터널(서),국가교통정보센터(국도),128.079373,38.141394,Y
E902477,(국도31)양구송청사거리,국가교통정보센터(국도),127.997406,38.08568573,Y
E902478,(국도31)양구야촌교차로,국가교통정보센터(국도),128.04379,38.12454,Y
E902479,(국도31)양구용하1교차로,국가교통정보센터(국도),128.02506,38.10665,Y
E902480,(국도31)양구용하리,국가교통정보센터(국도),128.03371,38.11683,Y
E902481,(국도31)양구황강터널서측,국가교통정보센터(국도),128.01305,38.08989,Y
E902482,(국도31)영월가삼골,국가교통정보센터(국도),128.7529,37.121,Y
E902483,(국도31)영월강구삼거리,국가교통정보센터(국도),128.4222,37.22361,Y
E902484,(국도31)영월군청사거리,국가교통정보센터(국도),128.46361,37.18084,Y
E902485,(국도31)영월내덕삼거리,국가교통정보센터(국도),128.7743,37.1167,Y
E902486,(국도31)영월녹전리1,국가교통정보센터(국도),128.69817,37.14296,Y
E902487,(국도31)영월녹전리2,국가교통정보센터(국도),128.72697,37.13379,Y
E902488,(국도31)영월덕포사거리,국가교통정보센터(국도),128.478,37.18057,Y
E902489,(국도31)영월동강교차로,국가교통정보센터(국도),128.49921,37.1831,Y
E902490,(국도31)영월동영월교차로,국가교통정보센터(국도),128.51111,37.18492,Y
E902491,(국도31)영월문곡마을회관,국가교통정보센터(국도),128.42961,37.241486,Y
E902492,(국도31)영월문곡삼거리,국가교통정보센터(국도),128.43112,37.25243,Y
E902493,(국도31)영월방절리,국가교통정보센터(국도),128.43861,37.198193,Y
E902494,(국도31)영월봉우재삼거리,국가교통정보센터(국도),128.81018,37.12937,Y
E902495,(국도31)영월산솔교차로,국가교통정보센터(국도),128.6802216,37.14129257,Y
E902496,(국도31)영월산지당골,국가교통정보센터(국도),128.7912,37.1258,Y
E902497,(국도31)영월상동삼거리,국가교통정보센터(국도),128.83072,37.125763,Y
E902498,(국도31)영월소나기재,국가교통정보센터(국도),128.4362335,37.2068634,Y
E902499,(국도31)영월어라연입구교차로,국가교통정보센터(국도),128.48644,37.18559,Y
E902500,(국도31)영월어평재(태백),국가교통정보센터(국도),128.858104,37.110798,Y
E902501,(국도31)영월연덕1리입구,국가교통정보센터(국도),128.42667,37.265114,Y
E902502,(국도31)영월연덕교,국가교통정보센터(국도),128.41185,37.285156,Y
E902503,(국도31)영월연덕교차로,국가교통정보센터(국도),128.4197,37.270138,Y
E902504,(국도31)영월연덕리,국가교통정보센터(국도),128.42928,37.25775,Y
E902505,(국도31)영월영월삼거리,국가교통정보센터(국도),128.41702,37.211834,Y
E902506,(국도31)영월원동재교차로,국가교통정보센터(국도),128.4022522,37.28907776,Y
E902507,(국도31)영월이목교차로,국가교통정보센터(국도),128.6682,37.1593,Y
E902508,(국도31)영월장릉삼거리,국가교통정보센터(국도),128.45348,37.19494,Y
E902509,(국도31)영월직동삼거리,국가교통정보센터(국도),128.71121,37.147,Y
E902510,(국도31)영월천평리,국가교통정보센터(국도),128.8404,37.122063,Y
E902511,(국도31)영월청령포입구회전교차로,국가교통정보센터(국도),128.45829,37.18485,Y
E902512,(국도31)영월한국환경공단,국가교통정보센터(국도),128.43005,37.214684,Y
E902513,(국도31)영월화원교차로,국가교통정보센터(국도),128.6282,37.1804,Y
E902514,(국도31)울주방도로입구교차로,국가교통정보센터(국도),129.346896,35.446776,Y
E902515,(국도31)울주상남교차로,국가교통정보센터(국도),129.313009,35.489153,Y
E902516,(국도31)울주서생육교남측(구관음사입구),국가교통정보센터(국도),129.28634,35.34858,Y
E902517,(국도31)울주에쓰오일후문교차로,국가교통정보센터(국도),129.350091,35.443903,Y
E902518,(국도31)울주온산교차로,국가교통정보센터(국도),129.343843,35.465152,Y
E902519,(국도31)울주온산하수처리장교차로,국가교통정보센터(국도),129.351381,35.414326,Y
E902520,(국도31)울주온산항사거리,국가교통정보센터(국도),129.351488,35.437507,Y
E902521,(국도31)울주위양천교,국가교통정보센터(국도),129.3136,35.3565,Y
E902522,(국도31)울주처용사거리(처용지하차도),국가교통정보센터(국도),129.337799,35.471266,Y
E902523,(국도31)울주청량천삼거리,국가교통정보센터(국도),129.328708,35.482061,Y
E902524,(국도31)울주하회1교(화정터널북측),국가교통정보센터(국도),129.3331,35.3954,Y
E902525,(국도31)인제고사리재입구,국가교통정보센터(국도),128.250317,37.854553,Y
E902526,(국도31)인제광치터널(동),국가교통정보센터(국도),128.09862,38.146645,Y
E902527,(국도31)인제내린교,국가교통정보센터(국도),128.3128204,37.96783447,Y
E902528,(국도31)인제상남교,국가교통정보센터(국도),128.26018,37.87095,Y
E902529,(국도31)인제상남교차로,국가교통정보센터(국도),128.2568,37.87465,Y
E902530,(국도31)인제상남리,국가교통정보센터(국도),128.25539,37.847572,Y
E902531,(국도31)인제오미재2교차로,국가교통정보센터(국도),128.26789,37.88805,Y
E902532,(국도31)인제인제IC교차로,국가교통정보센터(국도),128.291266,37.923777,Y
E902533,(국도31)인제하남초등학교,국가교통정보센터(국도),128.28421,37.91001,Y
E902534,(국도31)인제후평교,국가교통정보센터(국도),128.27303,37.89787,Y
E902535,(국도31)청송갓바위못앞,국가교통정보센터(국도),129.033903,36.512341,Y
E902536,(국도31)청송거성교,국가교통정보센터(국도),129.033233,36.271825,Y
E902537,(국도31)청송경동택배앞,국가교통정보센터(국도),129.037047,36.519265,Y
E902538,(국도31)청송구리곡재,국가교통정보센터(국도),129.035212,36.504328,Y
E902539,(국도31)청송대전교차로남측,국가교통정보센터(국도),129.050719,36.333727,Y
E902540,(국도31)청송대전교차로북측,국가교통정보센터(국도),129.0565,36.34439,Y
E902541,(국도31)청송마뜰못,국가교통정보센터(국도),129.07124,36.371688,Y
E902542,(국도31)청송사과유통공사앞,국가교통정보센터(국도),129.018952,36.28292,Y
E902543,(국도31)청송새벌정류장인근,국가교통정보센터(국도),129.071847,36.361043,Y
E902544,(국도31)청송서넘골삼거리,국가교통정보센터(국도),129.023754,36.290241,Y
E902545,(국도31)청송서넘골저수지부근,국가교통정보센터(국도),129.039706,36.304114,Y
E902547,(국도31)청송송강교,국가교통정보센터(국도),129.026839,36.484788,Y
E902546,(국도31)청송송강교북측,국가교통정보센터(국도),129.023728,36.492133,Y
E902548,(국도31)청송송강리SK주유소앞,국가교통정보센터(국도),129.027337,36.498453,Y
E902549,(국도31)청송송생교차로,국가교통정보센터(국도),129.080124,36.389965,Y
E902550,(국도31)청송오누이못앞,국가교통정보센터(국도),129.042042,36.523805,Y
E902551,(국도31)청송일두교차로,국가교통정보센터(국도),129.078408,36.38577,Y
E902552,(국도31)청송주왕산자색식물원,국가교통정보센터(국도),129.061701,36.359164,Y
E902553,(국도31)청송주왕산휴게소,국가교통정보센터(국도),129.074426,36.366972,Y
E902554,(국도31)청송청송1교,국가교통정보센터(국도),129.037378,36.438539,Y
E902555,(국도31)청송청송IC교차로,국가교통정보센터(국도),129.032311,36.447164,Y
E902556,(국도31)청송청송IC교차로(북측),국가교통정보센터(국도),129.035583,36.45584,Y
E902557,(국도31)청송청송공원,국가교통정보센터(국도),129.023193,36.477176,Y
E902558,(국도31)청송청송교차로,국가교통정보센터(국도),129.050058,36.433552,Y
E902559,(국도31)청송청송터널남측,국가교통정보센터(국도),129.056486,36.415484,Y
E902560,(국도31)청송청송터널북측,국가교통정보센터(국도),129.048636,36.423436,Y
E902561,(국도31)청송청운1교차로,국가교통정보센터(국도),129.065975,36.412149,Y
E902562,(국도31)청송청운2교차로,국가교통정보센터(국도),129.070531,36.401944,Y
E902563,(국도31)청송청운리1,국가교통정보센터(국도),129.075518,36.37345,Y
E902564,(국도31)청송청운리2,국가교통정보센터(국도),129.078091,36.378524,Y
E902565,(국도31)청송파천면사무소부근,국가교통정보센터(국도),129.035866,36.469898,Y
E902566,(국도31)청송황목교,국가교통정보센터(국도),129.025027,36.472563,Y
E902567,(국도31)청송휴양림교차로,국가교통정보센터(국도),129.05259,36.322791,Y
E902568,(국도31)평창계방산입구,국가교통정보센터(국도),128.4689,37.6903,Y
E902569,(국도31)평창고덕교차로,국가교통정보센터(국도),128.39008,37.303497,Y
E902570,(국도31)평창광천선굴,국가교통정보센터(국도),128.45352,37.51832,Y
E902571,(국도31)평창구포교,국가교통정보센터(국도),128.43544,37.44352,Y
E902572,(국도31)평창노동리,국가교통정보센터(국도),128.45887,37.70178,Y
E902573,(국도31)평창대화교,국가교통정보센터(국도),128.45673,37.492496,Y
E902574,(국도31)평창대화사거리,국가교통정보센터(국도),128.45613,37.506866,Y
E902575,(국도31)평창마지교차로,국가교통정보센터(국도),128.3788303,37.319392,Y
E902576,(국도31)평창방림교차로,국가교통정보센터(국도),128.42114,37.436695,Y
E902577,(국도31)평창뱃재터널남측,국가교통정보센터(국도),128.41725,37.410446,Y
E902578,(국도31)평창속사2교,국가교통정보센터(국도),128.47344,37.66239,Y
E902579,(국도31)평창속사2리마을회관,국가교통정보센터(국도),128.48629,37.65215,Y
E902580,(국도31)평창신리교차로,국가교통정보센터(국도),128.44551,37.549297,Y
E902581,(국도31)평창신리삼거리,국가교통정보센터(국도),128.455408,37.534627,Y
E902582,(국도31)평창원동재,국가교통정보센터(국도),128.395472,37.298483,Y
E902583,(국도31)평창유동교차로,국가교통정보센터(국도),128.38199,37.345,Y
E902584,(국도31)평창이승복기념관,국가교통정보센터(국도),128.4673,37.67012,Y
E902585,(국도31)평창장평리,국가교통정보센터(국도),128.41992,37.591812,Y
E902586,(국도31)평창재산재,국가교통정보센터(국도),128.439253,37.555449,Y
E902587,(국도31)평창주진교차로,국가교통정보센터(국도),128.40686,37.39626,Y
E902588,(국도31)평창천동교차로,국가교통정보센터(국도),128.37387,37.33493,Y
E902589,(국도31)평창평창IC,국가교통정보센터(국도),128.414022,37.583402,Y
E902590,(국도31)평창평창교차로,국가교통정보센터(국도),128.39082,37.377613,Y
E902591,(국도31)평창평창역삼거리,국가교통정보센터(국도),128.43436,37.562733,Y
E902592,(국도31)평창하리교차로,국가교통정보센터(국도),128.38704,37.365715,Y
E902593,(국도31)평창하안미교,국가교통정보센터(국도),128.44342,37.467155,Y
E902594,(국도31)평창하안미리,국가교통정보센터(국도),128.45023,37.481037,Y
E902595,(국도31)평창하안미사거리,국가교통정보센터(국도),128.439578,37.454841,Y
E902596,(국도31)포항계원1리방파제북측,국가교통정보센터(국도),129.521532,35.871761,Y
E902597,(국도31)포항계원2리마을회관남측,국가교통정보센터(국도),129.524042,35.857223,Y
E902598,(국도31)포항계원2리방파제북측,국가교통정보센터(국도),129.529074,35.865336,Y
E902599,(국도31)포항고지교차로,국가교통정보센터(국도),129.195508,36.072605,Y
E902600,(국도31)포항구룡포축구장,국가교통정보센터(국도),129.542718,35.976284,Y
E902601,(국도31)포항구룡휴게소북측,국가교통정보센터(국도),129.527404,35.940089,Y
E902602,(국도31)포항금광IC북측,국가교통정보센터(국도),129.453069,35.969705,Y
E902603,(국도31)포항기계119안전센터,국가교통정보센터(국도),129.184718,36.081807,Y
E902604,(국도31)포항나곡서원,국가교통정보센터(국도),129.534465,35.981112,Y
E902605,(국도31)포항낮곡골,국가교통정보센터(국도),129.526175,35.903916,Y
E902606,(국도31)포항내단교차로,국가교통정보센터(국도),129.234659,36.060046,Y
E902607,(국도31)포항달전교,국가교통정보센터(국도),129.288352,36.037349,Y
E902608,(국도31)포항대련IC,국가교통정보센터(국도),129.308605,36.043648,Y
E902609,(국도31)포항대진리마을,국가교통정보센터(국도),129.51524,35.926864,Y
E902610,(국도31)포항대진해수욕장남측,국가교통정보센터(국도),129.518288,35.919291,Y
E902611,(국도31)포항동산공원묘지인근,국가교통정보센터(국도),129.4775854,35.9866847,Y
E902612,(국도31)포항두원리마을회관,국가교통정보센터(국도),129.515912,35.844014,Y
E902613,(국도31)포항두원주유소,국가교통정보센터(국도),129.518641,35.850096,Y
E902614,(국도31)포항묘법연화사,국가교통정보센터(국도),129.541595,35.950755,Y
E902615,(국도31)포항벽종사,국가교통정보센터(국도),129.519751,35.915432,Y
E902616,(국도31)포항보광암입구삼거리,국가교통정보센터(국도),129.535908,35.945918,Y
E902617,(국도31)포항상정교차로동측,국가교통정보센터(국도),129.49921,35.980082,Y
E902618,(국도31)포항상정교차로서측,국가교통정보센터(국도),129.486208,35.982235,Y
E902619,(국도31)포항서포항IC교차로,국가교통정보센터(국도),129.224226,36.065502,Y
E902620,(국도31)포항서포항실버타운,국가교통정보센터(국도),129.160656,36.088298,Y
E902621,(국도31)포항세계교차로동측,국가교통정보센터(국도),129.444726,35.957432,Y
E902622,(국도31)포항세계교차로서측,국가교통정보센터(국도),129.433044,35.949228,Y
E902623,(국도31)포항송진골,국가교통정보센터(국도),129.520076,35.906618,Y
E902624,(국도31)포항송학정류장인근,국가교통정보센터(국도),129.29989,36.043591,Y
E902625,(국도31)포항신창1리방파제,국가교통정보센터(국도),129.525308,35.897893,Y
E902626,(국도31)포항신창2리방파제,국가교통정보센터(국도),129.525078,35.886871,Y
E902628,(국도31)포항약전교차로,국가교통정보센터(국도),129.444265,35.991305,Y
E902627,(국도31)포항약전교차로동측,국가교통정보센터(국도),129.458913,35.988858,Y
E902629,(국도31)포항양포교남측,국가교통정보센터(국도),129.51727,35.875026,Y
E902630,(국도31)포항양포방파제,국가교통정보센터(국도),129.523594,35.882324,Y
E902631,(국도31)포항연화교,국가교통정보센터(국도),129.328655,36.048869,Y
E902632,(국도31)포항연화교차로,국가교통정보센터(국도),129.335472,36.049539,Y
E902633,(국도31)포항용산교,국가교통정보센터(국도),129.40422,35.943286,Y
E902634,(국도31)포항우편집중국,국가교통정보센터(국도),129.323936,36.044297,Y
E902635,(국도31)포항원재교,국가교통정보센터(국도),129.308815,36.027512,Y
E902636,(국도31)포항인주교차로북측,국가교통정보센터(국도),129.324165,35.985174,Y
E902637,(국도31)포항자명교차로,국가교통정보센터(국도),129.30472,36.016391,Y
E902638,(국도31)포항장기초교모포분교장,국가교통정보센터(국도),129.524237,35.934985,Y
E902639,(국도31)포항장길리버스정류소남측,국가교통정보센터(국도),129.546798,35.957693,Y
E902640,(국도31)포항하정1동마을회관남측,국가교통정보센터(국도),129.548157,35.962416,Y
E902641,(국도31)포항한량스테이인계원,국가교통정보센터(국도),129.527801,35.869244,Y
E902642,(국도31)포항현내1교차로,국가교통정보센터(국도),129.207197,36.06747,Y
E902643,(국도31)홍천고사리재,국가교통정보센터(국도),128.2531738,37.83791733,Y
E902644,(국도31)홍천내면농협,국가교통정보센터(국도),128.26865,37.81826,Y
E902645,(국도31)홍천방내리1,국가교통정보센터(국도),128.26743,37.79171,Y
E902646,(국도31)홍천방내리2,국가교통정보센터(국도),128.28036,37.78065,Y
E902647,(국도31)홍천방내리3,국가교통정보센터(국도),128.2888,37.77514,Y
E902648,(국도31)홍천상뱃재고개,국가교통정보센터(국도),128.344765,37.743201,Y
E902649,(국도31)홍천약수교,국가교통정보센터(국도),128.3735,37.7522,Y
E902650,(국도31)홍천양지교북측,국가교통정보센터(국도),128.2621,37.8282,Y
E902651,(국도31)홍천엄수교,국가교통정보센터(국도),128.26224,37.80668,Y
E902652,(국도31)홍천운두령자운리,국가교통정보센터(국도),128.4334564,37.71768188,Y
E902653,(국도31)홍천운두종점,국가교통정보센터(국도),128.41929,37.71829,Y
E902654,(국도31)홍천운무골입구,국가교통정보센터(국도),128.29391,37.76605,Y
E902655,(국도31)홍천원자운길입구,국가교통정보센터(국도),128.3623,37.7353,Y
E902656,(국도31)홍천율전리,국가교통정보센터(국도),128.30113,37.75593,Y
E902657,(국도31)홍천율전삼거리,국가교통정보센터(국도),128.3072,37.7492,Y
E902658,(국도31)홍천이현교,국가교통정보센터(국도),128.3266,37.7413,Y
E902659,(국도31)홍천자운교차로,국가교통정보센터(국도),128.40817,37.72748,Y
E902660,(국도31)홍천자운리1,국가교통정보센터(국도),128.39736,37.75079,Y
E902661,(국도31)홍천자운리2,국가교통정보센터(국도),128.40271,37.73776,Y
E902662,(국도31)홍천자운리3,국가교통정보센터(국도),128.44139,37.71337,Y
E902663,(국도31)홍천창촌삼거리,국가교통정보센터(국도),128.3857,37.757,Y
E902664,(국도31호선)기장장안졸음쉼터,국가교통정보센터(국도),129.267,35.3267,Y
E902665,(국도31호선)봉화넛재교차로인접,국가교통정보센터(국도),128.97888,37.015,Y
E902666,(국도31호선)봉화넛재터널북측,국가교통정보센터(국도),128.9975,37.037222,Y
E902667,(국도31호선)봉화대현1교인접,국가교통정보센터(국도),129.00166,37.046665,Y
E902668,(국도31호선)봉화임기교인접,국가교통정보센터(국도),129.00166,36.87528,Y
E902669,(국도31호선)울주당월교차로,국가교통정보센터(국도),129.3458,35.4041,Y
E902670,(국도31호선)울주서생교차로,국가교통정보센터(국도),129.2954,35.3532,Y
E902671,(국도31호선)울주신암교차로,국가교통정보센터(국도),129.32054,35.36137,Y
E902672,(국도31호선)포항남포항IC,국가교통정보센터(국도),129.387419,35.946393,Y
E902673,(국도31호선)포항대송교차로,국가교통정보센터(국도),129.370502,35.949903,Y
E902674,(국도31호선)포항동해교차로(남측),국가교통정보센터(국도),129.459863,35.983612,Y
E902675,(국도31호선)포항오천IC(동측),국가교통정보센터(국도),129.419579,35.945896,Y
E902676,(국도31호선)포항우복교차로,국가교통정보센터(국도),129.357901,35.960943,Y
E902677,(국도31호선)포항유강교차로,국가교통정보센터(국도),129.30898,36.000585,Y
E902678,(국도31호선)포항인주교차로(남측),국가교통정보센터(국도),129.339717,35.976871,Y
E902679,(국도31호선)포항포항IC,국가교통정보센터(국도),129.316454,36.041799,Y
E902680,(국도31호선)포항하정삼거리(북측),국가교통정보센터(국도),129.547959,35.968893,Y
E902681,(국도31호선)포항호미곶온천랜드(동측),국가교통정보센터(국도),129.522895,35.984038,Y
E902682,(국도31호선)포항호미곶온천랜드(서측),국가교통정보센터(국도),129.509864,35.977688,Y
E902683,(국도32)공주녹천1교차로,국가교통정보센터(국도),126.938644,36.575176,Y
E902684,(국도32)공주녹천2교차로,국가교통정보센터(국도),126.936984,36.56677,Y
E902685,(국도32)공주대전시경계,국가교통정보센터(국도),127.27295,36.36115,Y
E902686,(국도32)공주마이스터고등학교,국가교통정보센터(국도),126.9413,36.550938,Y
E902687,(국도32)공주마티도로,국가교통정보센터(국도),127.2202777,36.4183333,Y
E902688,(국도32)공주마티터널(1)(대전),국가교통정보센터(국도),127.2210843,36.40960156,Y
E902689,(국도32)공주마티터널(2)(공주),국가교통정보센터(국도),127.223054,36.4052416,Y
E902690,(국도32)공주마티터널(2)(대전),국가교통정보센터(국도),127.221313,36.4085882,Y
E902691,(국도32)공주마티터널(3)(대전),국가교통정보센터(국도),127.2217674,36.40673908,Y
E902692,(국도32)공주마티터널(4)(대전),국가교통정보센터(국도),127.222663,36.4051072,Y
E902693,(국도32)공주마티터널돌발(1)(공주),국가교통정보센터(국도),127.2213331,36.41083571,Y
E902694,(국도32)공주마티터널돌발(1)(대전),국가교통정보센터(국도),127.2209987,36.41086787,Y
E902695,(국도32)공주만천교차로(1),국가교통정보센터(국도),126.947136,36.53914,Y
E902696,(국도32)공주사곡2교차로,국가교통정보센터(국도),127.029931,36.496603,Y
E902697,(국도32)공주사곡교차로,국가교통정보센터(국도),127.023964,36.50041,Y
E902698,(국도32)공주신영교차로,국가교통정보센터(국도),127.0318,36.483707,Y
E902699,(국도32)공주신풍삼거리,국가교통정보센터(국도),126.95712,36.519226,Y
E902700,(국도32)공주신풍장례식장,국가교통정보센터(국도),126.974547,36.508501,Y
E902701,(국도32)공주영정1교,국가교통정보센터(국도),126.98624,36.513348,Y
E902702,(국도32)공주온천교,국가교통정보센터(국도),127.258804,36.381962,Y
E902703,(국도32)공주우성교,국가교통정보센터(국도),127.045269,36.472633,Y
E902704,(국도32)공주우성교차로,국가교통정보센터(국도),127.05068,36.46996,Y
E902705,(국도32)공주월송동(사각),국가교통정보센터(국도),127.1590667,36.45473837,Y
E902706,(국도32)공주차동터널,국가교통정보센터(국도),126.931063,36.585493,Y
E902707,(국도32)공주청벽삼거리,국가교통정보센터(국도),127.215602,36.427619,Y
E902708,(국도32)공주충남과학고등학교,국가교통정보센터(국도),127.218825,36.423386,Y
E902709,(국도32)공주평소교,국가교통정보센터(국도),127.003324,36.509076,Y
E902710,(국도32)공주해월교,국가교통정보센터(국도),127.01367,36.50935,Y
E902711,(국도32)당진거산2교차로,국가교통정보센터(국도),126.748548,36.880629,Y
E902712,(국도32)당진반촌교차로,국가교통정보센터(국도),126.7088176,36.89696527,Y
E902713,(국도32)당진봉생교,국가교통정보센터(국도),126.59673,36.87702,Y
E902714,(국도32)당진봉생교차로,국가교통정보센터(국도),126.59793,36.884238,Y
E902715,(국도32)당진사관리(사각),국가교통정보센터(국도),126.585421,36.850652,Y
E902716,(국도32)당진성동교차로,국가교통정보센터(국도),126.768553,36.793864,Y
E902717,(국도32)당진수당교,국가교통정보센터(국도),126.5805676,36.83066386,Y
E902718,(국도32)당진신석교차로,국가교통정보센터(국도),126.78871,36.772978,Y
E902719,(국도32)당진신시1교,국가교통정보센터(국도),126.5914308,36.86930476,Y
E902720,(국도32)당진신시교차로,국가교통정보센터(국도),126.58761,36.860947,Y
E902721,(국도32)당진신평산업단지교차로,국가교통정보센터(국도),126.7187346,36.89475484,Y
E900263,(국도32)당진아찬교차로,국가교통정보센터(국도),126.7539694,36.853013,Y
E902722,(국도32)당진연호교차로,국가교통정보센터(국도),126.77768,36.78372,Y
E900264,(국도32)당진운산1교,국가교통정보센터(국도),126.757923,36.804271,Y
E900265,(국도32)당진중방교차로,국가교통정보센터(국도),126.7562386,36.837761,Y
E900266,(국도32)당진합덕교차로,국가교통정보센터(국도),126.7511537,36.811829,Y
E900267,(국도32)당진합덕휴게소,국가교통정보센터(국도),126.751044,36.8271259,Y
E902723,(국도32)서산부장교차로,국가교통정보센터(국도),126.515246,36.785986,Y
E902724,(국도32)서산상홍2교차로,국가교통정보센터(국도),126.494712,36.797758,Y
E902725,(국도32)서산상홍교차로,국가교통정보센터(국도),126.50357,36.796764,Y
E902726,(국도32)서산서산나들목,국가교통정보센터(국도),126.5713648,36.81702944,Y
E902727,(국도32)서산수량재,국가교통정보센터(국도),126.389159,36.783568,Y
E902728,(국도32)서산애향삼거리,국가교통정보센터(국도),126.474258,36.784503,Y
E902729,(국도32)서산어송IC교,국가교통정보센터(국도),126.362357,36.780263,Y
E902730,(국도32)서산어송교차로,국가교통정보센터(국도),126.36766,36.78503,Y
E902731,(국도32)서산여미교차로,국가교통정보센터(국도),126.5776377,36.82225071,Y
E902732,(국도32)서산온석교차로,국가교통정보센터(국도),126.473434,36.80073,Y
E902733,(국도32)서산온석터널,국가교통정보센터(국도),126.45992,36.807334,Y
E902734,(국도32)서산인평교,국가교통정보센터(국도),126.3496,36.77066,Y
E902735,(국도32)서산일람교,국가교통정보센터(국도),126.44852,36.810463,Y
E902736,(국도32)서산탑곡교차로,국가교통정보센터(국도),126.54962,36.803738,Y
E902737,(국도32)서산탑곡리,국가교통정보센터(국도),126.5575496,36.80909816,Y
E902738,(국도32)서산화수교차로,국가교통정보센터(국도),126.409649,36.772097,Y
E902739,(국도32)세종장암교차로,국가교통정보센터(국도),127.203437,36.4411747,Y
E902740,(국도32)에산산정2교,국가교통정보센터(국도),126.880507,36.6382437,Y
E902741,(국도32)예산계촌교,국가교통정보센터(국도),126.84219,36.746964,Y
E902742,(국도32)예산대덕교차로,국가교통정보센터(국도),126.88501,36.595184,Y
E902743,(국도32)예산대술교차로,국가교통정보센터(국도),126.88272,36.65272,Y
E902744,(국도32)예산대회교차로,국가교통정보센터(국도),126.850624,36.673836,Y
E902745,(국도32)예산마상교,국가교통정보센터(국도),126.838429,36.673941,Y
E902746,(국도32)예산백석1교,국가교통정보센터(국도),126.880475,36.607157,Y
E902747,(국도32)예산베룩불교,국가교통정보센터(국도),126.826735,36.679391,Y
E902748,(국도32)예산불원교차로,국가교통정보센터(국도),126.87788,36.625793,Y
E902749,(국도32)예산삽티교차로,국가교통정보센터(국도),126.866325,36.675735,Y
E902750,(국도32)예산시산교차로,국가교통정보센터(국도),126.879624,36.666958,Y
E902751,(국도32)예산신양교차로,국가교통정보센터(국도),126.873101,36.614104,Y
E902752,(국도32)예산신종교차로,국가교통정보센터(국도),126.829002,36.757808,Y
E902753,(국도32)예산신택교차로,국가교통정보센터(국도),126.815727,36.758562,Y
E902754,(국도32)예산예당대교,국가교통정보센터(국도),126.798744,36.7661,Y
E902755,(국도32)예산차동1교차로,국가교통정보센터(국도),126.905655,36.591793,Y
E902756,(국도32)예산차동터널,국가교통정보센터(국도),126.917451,36.591055,Y
E902757,(국도32)예산향천터널,국가교통정보센터(국도),126.876023,36.674293,Y
E902758,(국도32)태안남문IC지하차도,국가교통정보센터(국도),126.294945,36.74558,Y
E902759,(국도32)태안대소교차로,국가교통정보센터(국도),126.1629071,36.775156,Y
E902760,(국도32)태안독점교차로,국가교통정보센터(국도),126.1765942,36.7682235,Y
E902761,(국도32)태안두야교차로,국가교통정보센터(국도),126.2653891,36.7598787,Y
E902762,(국도32)태안만리포,국가교통정보센터(국도),126.1436,36.7819,Y
E902763,(국도32)태안법산교차로,국가교통정보센터(국도),126.2009462,36.7575705,Y
E902764,(국도32)태안법현교차로,국가교통정보센터(국도),126.208507,36.7604891,Y
E902765,(국도32)태안송원교차로,국가교통정보센터(국도),126.1485222,36.7759264,Y
E902766,(국도32)태안송현2교차로,국가교통정보센터(국도),126.1845695,36.7585477,Y
E902767,(국도32)태안시목교차로,국가교통정보센터(국도),126.2478847,36.7661356,Y
E902768,(국도32)태안시목리,국가교통정보센터(국도),126.2232654,36.7656232,Y
E902769,(국도32)태안인평IC교,국가교통정보센터(국도),126.34581,36.763218,Y
E902770,(국도32)태안인평교차로,국가교통정보센터(국도),126.34759,36.766777,Y
E902771,(국도32)태안장산교차로,국가교통정보센터(국도),126.2754791,36.7572545,Y
E902772,(국도32)태안종대교차로,국가교통정보센터(국도),126.2339284,36.7671735,Y
E902773,(국도32)태안평천교(3),국가교통정보센터(국도),126.337258,36.758126,Y
E902774,(국도32)태안평천교차로(1),국가교통정보센터(국도),126.311455,36.74427,Y
E902775,(국도32)태안평천교차로(2),국가교통정보센터(국도),126.31538,36.74676,Y
E902776,(국도32)태안평천교차로(3),국가교통정보센터(국도),126.31706,36.74843,Y
E900268,(국도32호선)공주공암교차로,국가교통정보센터(국도),127.252472,36.394487,Y
E900269,(국도32호선)공주금강홍수통제소,국가교통정보센터(국도),127.14629,36.45979,Y
E900270,(국도32호선)공주마티터널(공주),국가교통정보센터(국도),127.22163,36.41465,Y
E900271,(국도32호선)공주마티터널(대전),국가교통정보센터(국도),127.22529,36.40214,Y
E900272,(국도32호선)공주박정자삼거리,국가교통정보센터(국도),127.26035,36.37133,Y
E900273,(국도32호선)공주반포교차로,국가교통정보센터(국도),127.24244,36.40069,Y
E900274,(국도32호선)공주석장리,국가교통정보센터(국도),127.181998,36.448392,Y
E900275,(국도32호선)공주청벽대교,국가교통정보센터(국도),127.21212,36.43356,Y
E900276,(국도32호선)당진가마못교차로,국가교통정보센터(국도),126.7031,36.9001,Y
E900277,(국도32호선)당진감골교차로,국가교통정보센터(국도),126.668438,36.902131,Y
E900278,(국도32호선)당진거산1교차로,국가교통정보센터(국도),126.73771,36.88704,Y
E900279,(국도32호선)당진사관교차로,국가교통정보센터(국도),126.58363,36.84191,Y
E900280,(국도32호선)당진채운교차로,국가교통정보센터(국도),126.616081,36.891938,Y
E902777,(국도32호선)서산고성IC교차로,국가교통정보센터(국도),126.35966,36.776768,Y
E900281,(국도32호선)서산성암대교,국가교통정보센터(국도),126.52941,36.791217,Y
E902778,(국도32호선)서산수량재교차로,국가교통정보센터(국도),126.39709,36.77676,Y
E900282,(국도32호선)서산수석교차로,국가교통정보센터(국도),126.50508,36.78234,Y
E902779,(국도32호선)서산어송리,국가교통정보센터(국도),126.38161,36.78376,Y
E900283,(국도32호선)서산운산교차로,국가교통정보센터(국도),126.56319,36.81245,Y
E900284,(국도32호선)서산음암교차로,국가교통정보센터(국도),126.5253194,36.7897315,Y
E902780,(국도32호선)태안평천교(2),국가교통정보센터(국도),126.3355,36.75749,Y
E902781,(국도32호선)태안화동교차로,국가교통정보센터(국도),126.32231,36.75361,Y
E902782,(국도33)고령고령교차로,국가교통정보센터(국도),128.27615,35.735226,Y
E902783,(국도33)고령골안교차로,국가교통정보센터(국도),128.272938,35.712293,Y
E902784,(국도33)고령도방육교,국가교통정보센터(국도),128.227437,35.663875,Y
E902785,(국도33)고령매촌교차로,국가교통정보센터(국도),128.23994,35.670074,Y
E902786,(국도33)고령본관교차로,국가교통정보센터(국도),128.280137,35.757182,Y
E902787,(국도33)고령신곡교차로,국가교통정보센터(국도),127.889444,35.686111,Y
E902788,(국도33)고령안림교차로,국가교통정보센터(국도),128.25182,35.698547,Y
E902789,(국도33)고령월산교차로,국가교통정보센터(국도),128.28178,35.771935,Y
E902790,(국도33)고령합가교차로,국가교통정보센터(국도),128.2191,35.65416,Y
E902791,(국도33)고령헌문교차로,국가교통정보센터(국도),128.27617,35.725555,Y
E902792,(국도33)고령화암사거리,국가교통정보센터(국도),128.27078,35.788437,Y
E902793,(국도33)고성가동마을,국가교통정보센터(국도),128.2033,34.99357,Y
E902794,(국도33)고성교사리삼거리,국가교통정보센터(국도),128.29517,34.9793,Y
E902795,(국도33)고성남산공원(신월IC서측),국가교통정보센터(국도),128.323795,34.960922,Y
E902796,(국도33)고성면전마을,국가교통정보센터(국도),128.28418,34.97918,Y
E902797,(국도33)고성부포마을입구,국가교통정보센터(국도),128.24356,34.98735,Y
E902798,(국도33)고성비곡마을,국가교통정보센터(국도),128.172766,35.023989,Y
E902799,(국도33)고성상동교,국가교통정보센터(국도),128.218454,34.993562,Y
E902800,(국도33)고성상리교차로,국가교통정보센터(국도),128.18372,35.004135,Y
E902801,(국도33)고성우실마을,국가교통정보센터(국도),128.272476,34.979695,Y
E902802,(국도33)고성이리교북측,국가교통정보센터(국도),128.25716,34.984352,Y
E902803,(국도33)고성척정교차로,국가교통정보센터(국도),128.19175,34.996777,Y
E902804,(국도33)고성터골마을,국가교통정보센터(국도),128.179148,35.012877,Y
E902805,(국도33)구미1호광장,국가교통정보센터(국도),128.302656,36.237839,Y
E902806,(국도33)구미감천교,국가교통정보센터(국도),128.345374,36.222501,Y
E902807,(국도33)구미구포터널북측,국가교통정보센터(국도),128.425526,36.132001,Y
E902808,(국도33)구미단계천교,국가교통정보센터(국도),128.324322,36.231811,Y
E902809,(국도33)구미도개교,국가교통정보센터(국도),128.34846,36.279206,Y
E902810,(국도33)구미선산대교,국가교통정보센터(국도),128.337262,36.273321,Y
E902811,(국도33)구미선산향교,국가교통정보센터(국도),128.30616,36.24948,Y
E902812,(국도33)구미선주교남측,국가교통정보센터(국도),128.452998,36.095723,Y
E902813,(국도33)구미송림교차로남측,국가교통정보센터(국도),128.36456,36.15837,Y
E902814,(국도33)구미송림교차로북측,국가교통정보센터(국도),128.35466,36.17476,Y
E902815,(국도33)구미예강교,국가교통정보센터(국도),128.35098,36.209168,Y
E902816,(국도33)구미한천1교,국가교통정보센터(국도),128.41033,36.133132,Y
E902817,(국도33)구미항곡교차로,국가교통정보센터(국도),128.354915,36.187278,Y
E902818,(국도33)사천구암교차로,국가교통정보센터(국도),128.0957,35.094707,Y
E902819,(국도33)사천복상마을입구,국가교통정보센터(국도),128.14168,35.04853,Y
E902820,(국도33)사천소곡교차로,국가교통정보센터(국도),128.16736,35.032505,Y
E902821,(국도33)사천정동교차로,국가교통정보센터(국도),128.12718,35.054264,Y
E902822,(국도33)사천풍정사거리,국가교통정보센터(국도),128.10905,35.068275,Y
E902823,(국도33)산청방화교차로,국가교통정보센터(국도),128.08145,35.343548,Y
E902824,(국도33)산청생비량교차로,국가교통정보센터(국도),128.07887,35.354767,Y
E902825,(국도33)성주갈막교차로,국가교통정보센터(국도),128.306759,35.934204,Y
E902826,(국도33)성주경산교차로,국가교통정보센터(국도),128.285677,35.911902,Y
E902827,(국도33)성주굴목교차로,국가교통정보센터(국도),128.18167,35.88111,Y
E902828,(국도33)성주대가교차로,국가교통정보센터(국도),128.229743,35.906738,Y
E902829,(국도33)성주대흥교차로,국가교통정보센터(국도),128.2671,35.91457,Y
E902830,(국도33)성주법산IC교,국가교통정보센터(국도),128.259494,35.794962,Y
E902831,(국도33)성주성동교차로,국가교통정보센터(국도),128.194547,35.82422,Y
E902832,(국도33)성주성주IC교차로,국가교통정보센터(국도),128.251012,35.913809,Y
E902833,(국도33)성주성주교차로,국가교통정보센터(국도),128.2994,35.919548,Y
E902834,(국도33)성주수륜2터널남측,국가교통정보센터(국도),128.213611,35.815278,Y
E902835,(국도33)성주수륜교차로,국가교통정보센터(국도),128.18872,35.83255,Y
E902836,(국도33)성주수성2교차로,국가교통정보센터(국도),128.182759,35.870622,Y
E902837,(국도33)성주수성교차로,국가교통정보센터(국도),128.18446,35.859524,Y
E902838,(국도33)성주신정교차로,국가교통정보센터(국도),128.191953,35.852399,Y
E902839,(국도33)성주안포졸음쉼터,국가교통정보센터(국도),128.31721,35.95,Y
E902840,(국도33)성주옥성교차로,국가교통정보센터(국도),128.24063,35.911064,Y
E902841,(국도33)성주옥화교차로,국가교통정보센터(국도),128.20642,35.89854,Y
E902842,(국도33)성주조평교차로,국가교통정보센터(국도),128.23547,35.805874,Y
E902843,(국도33)성주중포2교,국가교통정보센터(국도),128.327882,35.956213,Y
E902844,(국도33)성주행화교차로,국가교통정보센터(국도),128.194203,35.893138,Y
E902845,(국도33)의령대의3교,국가교통정보센터(국도),128.108887,35.378716,Y
E902846,(국도33)의령대의교차로,국가교통정보센터(국도),128.10332,35.371647,Y
E902847,(국도33)의령추산교,국가교통정보센터(국도),128.1012,35.362656,Y
E902848,(국도33)진주내동교차로,국가교통정보센터(국도),128.08417,35.28278,Y
E902849,(국도33)진주내리곡교차로북측,국가교통정보센터(국도),128.086111,35.308611,Y
E902850,(국도33)진주대암IC교,국가교통정보센터(국도),128.085556,35.270556,Y
E902851,(국도33)진주동강교,국가교통정보센터(국도),128.096812,35.241678,Y
E902852,(국도33)진주봉강1교,국가교통정보센터(국도),128.093611,35.235833,Y
E902853,(국도33)진주사촌교차로,국가교통정보센터(국도),128.05861,35.220833,Y
E902854,(국도33)진주신안간교북측,국가교통정보센터(국도),128.086808,35.318505,Y
E902855,(국도33)진주유곡교차로,국가교통정보센터(국도),128.055,35.2,Y
E902856,(국도33)진주집현교차로,국가교통정보센터(국도),128.07777,35.231945,Y
E902857,(국도33)진주집현터널남측,국가교통정보센터(국도),128.095278,35.261389,Y
E902858,(국도33)칠곡경호천교,국가교통정보센터(국도),128.398288,36.03034,Y
E902859,(국도33)칠곡관호대교,국가교통정보센터(국도),128.38489,36.021652,Y
E902860,(국도33)칠곡영리교차로,국가교통정보센터(국도),128.37318,35.97267,Y
E902861,(국도33)칠곡행정교차로,국가교통정보센터(국도),128.352688,35.96209,Y
E902862,(국도33)합천금양교차로,국가교통정보센터(국도),128.173611,35.586111,Y
E902863,(국도33)합천대양교,국가교통정보센터(국도),128.17157,35.51582,Y
E902864,(국도33)합천대양교차로,국가교통정보센터(국도),128.17125,35.526146,Y
E902865,(국도33)합천덕곡교차로,국가교통정보센터(국도),128.15674,35.47815,Y
E902866,(국도33)합천도리,국가교통정보센터(국도),128.15439,35.49582,Y
E902867,(국도33)합천배미동교차로,국가교통정보센터(국도),128.174152,35.506641,Y
E902868,(국도33)합천삼가교차로,국가교통정보센터(국도),128.1328,35.414963,Y
E902869,(국도33)합천신소양교,국가교통정보센터(국도),128.16837,35.578938,Y
E902870,(국도33)합천쌍백터널북측,국가교통정보센터(국도),128.14403,35.445007,Y
E902871,(국도33)합천양전교차로,국가교통정보센터(국도),128.14247,35.427662,Y
E902872,(국도33)합천와리육교,국가교통정보센터(국도),128.194854,35.609395,Y
E902873,(국도33)합천용흥교차로,국가교통정보센터(국도),128.12418,35.40008,Y
E902874,(국도33)합천운곡교차로,국가교통정보센터(국도),128.143545,35.452643,Y
E902875,(국도33)합천장전교,국가교통정보센터(국도),128.14923,35.46637,Y
E902876,(국도33)합천지릿재터널남측,국가교통정보센터(국도),128.208174,35.636164,Y
E902877,(국도33)합천하니교차로,국가교통정보센터(국도),128.171256,35.54517,Y
E902878,(국도33)합천함지교차로1,국가교통정보센터(국도),128.158611,35.498889,Y
E902879,(국도33)합천함지교차로2,국가교통정보센터(국도),128.156667,35.498056,Y
E902880,(국도33)합천함지교차로3,국가교통정보센터(국도),128.155278,35.496944,Y
E902881,(국도33)합천함지교차로4,국가교통정보센터(국도),128.153889,35.495556,Y
E902882,(국도33)합천함지교차로5,국가교통정보센터(국도),128.152778,35.493889,Y
E902883,(국도33)합천함지교차로6,국가교통정보센터(국도),128.152222,35.491944,Y
E902884,(국도33)합천함지교차로7,국가교통정보센터(국도),128.1525,35.490278,Y
E902885,(국도33)합천합천교차로,국가교통정보센터(국도),128.17001,35.555714,Y
E902886,(국도33호선)고령지릿재터널북측,국가교통정보센터(국도),128.20973,35.65172,Y
E900285,(국도33호선)구미구평성당,국가교통정보센터(국도),128.448268,36.090122,Y
E902887,(국도33호선)구미생곡교차로,국가교통정보센터(국도),128.32347,36.26981,Y
E902888,(국도33호선)구미양호대교,국가교통정보센터(국도),128.367304,36.144253,Y
E902889,(국도33호선)구미양호지하차도북측,국가교통정보센터(국도),128.386951,36.129393,Y
E902890,(국도33호선)방곡교차로,국가교통정보센터(국도),128.10529,35.089687,Y
E902891,(국도33호선)성주수륜1터널서측,국가교통정보센터(국도),128.243889,35.792222,Y
E902892,(국도33호선)성주안포IC육교,국가교통정보센터(국도),128.31142,35.945408,Y
E902893,(국도33호선)신기교차로,국가교통정보센터(국도),128.11653,35.060265,Y
E902894,(국도33호선)진주내리곡교차로남측,국가교통정보센터(국도),128.07916,35.30111,Y
E902895,(국도33호선)진주동강교북측,국가교통정보센터(국도),128.09666,35.25222,Y
E902896,(국도33호선)진주정촌터널남측,국가교통정보센터(국도),128.08455,35.330376,Y
E902897,(국도33호선)진주집현터널북측,국가교통정보센터(국도),128.09027,35.265556,Y
E900286,(국도33호선)칠곡포남1리마을회관정류장,국가교통정보센터(국도),128.419601,36.04985,Y
E902898,(국도33호선)학촌교차로,국가교통정보센터(국도),128.14903,35.038593,Y
E902899,(국도33호선)합천원촌육교북측,국가교통정보센터(국도),128.2022,35.625473,Y
E902900,(국도34)괴산강천1교,국가교통정보센터(국도),127.71246,36.796463,Y
E902901,(국도34)괴산검승교차로,국가교통정보센터(국도),127.826096,36.803234,Y
E902902,(국도34)괴산괴산교차로,국가교통정보센터(국도),127.782509,36.821694,Y
E902903,(국도34)괴산대명교차로,국가교통정보센터(국도),127.768845,36.800727,Y
E902904,(국도34)괴산동부교차로(1),국가교통정보센터(국도),127.79761,36.81708,Y
E902905,(국도34)괴산동부교차로(2),국가교통정보센터(국도),127.803406,36.810795,Y
E902906,(국도34)괴산동진교차로,국가교통정보센터(국도),127.809933,36.809473,Y
E902907,(국도34)괴산동진천교,국가교통정보센터(국도),127.772385,36.81304,Y
E902908,(국도34)괴산방축교,국가교통정보센터(국도),127.649143,36.806382,Y
E902909,(국도34)괴산사담교,국가교통정보센터(국도),127.67281,36.81064,Y
E902910,(국도34)괴산사리교차로,국가교통정보센터(국도),127.65735,36.8114,Y
E902911,(국도34)괴산사평교,국가교통정보센터(국도),127.865721,36.790048,Y
E902912,(국도34)괴산삼풍교,국가교통정보센터(국도),127.99458,36.75451,Y
E902913,(국도34)괴산수암교차로,국가교통정보센터(국도),127.69505,36.804768,Y
E902914,(국도34)괴산수암제,국가교통정보센터(국도),127.683485,36.807912,Y
E902915,(국도34)괴산쌍곡1교차로,국가교통정보센터(국도),127.883509,36.781606,Y
E902916,(국도34)괴산쌍천2교,국가교통정보센터(국도),127.898994,36.781803,Y
E902917,(국도34)괴산연풍IC교차로,국가교통정보센터(국도),128.00095,36.75855,Y
E902918,(국도34)괴산유평1터널,국가교통정보센터(국도),127.73236,36.80073,Y
E902919,(국도34)괴산유평2터널,국가교통정보센터(국도),127.758385,36.798023,Y
E902920,(국도34)괴산입석삼거리,국가교통정보센터(국도),127.95465,36.763924,Y
E902921,(국도34)괴산적석1터널,국가교통정보센터(국도),127.92726,36.76819,Y
E902922,(국도34)괴산적석2터널,국가교통정보센터(국도),127.97326,36.758777,Y
E902923,(국도34)괴산적석교차로,국가교통정보센터(국도),127.98406,36.758807,Y
E902924,(국도34)괴산증전교차로(2),국가교통정보센터(국도),127.87511,36.784866,Y
E902925,(국도34)괴산증전교차로(3),국가교통정보센터(국도),127.877077,36.783495,Y
E902926,(국도34)괴산증전교차로(4),국가교통정보센터(국도),127.878815,36.782635,Y
E902927,(국도34)괴산증전육교,국가교통정보센터(국도),127.873361,36.786225,Y
E902928,(국도34)괴산청룡교차로,국가교통정보센터(국도),127.63947,36.79589,Y
E902929,(국도34)괴산칠성교차로,국가교통정보센터(국도),127.84202,36.7953,Y
E902930,(국도34)괴산태성교차로,국가교통정보센터(국도),127.904506,36.779682,Y
E902931,(국도34)괴산태성리,국가교통정보센터(국도),127.91854,36.7714,Y
E902932,(국도34)당진거산육교,국가교통정보센터(국도),126.75783,36.88522,Y
E902933,(국도34)당진신평교차로,국가교통정보센터(국도),126.7752794,36.88062758,Y
E902934,(국도34)문경반곡교,국가교통정보센터(국도),128.210163,36.617772,Y
E902935,(국도34)문경별암1교,국가교통정보센터(국도),128.185343,36.647784,Y
E902936,(국도34)문경별암IC1교,국가교통정보센터(국도),128.17451,36.6461,Y
E902937,(국도34)문경별암IC2교,국가교통정보센터(국도),128.16735,36.64466,Y
E902938,(국도34)문경산양2가도교,국가교통정보센터(국도),128.25818,36.610085,Y
E902939,(국도34)문경영강대교,국가교통정보센터(국도),128.25511,36.611414,Y
E902940,(국도34)문경우로2교,국가교통정보센터(국도),128.19987,36.6435,Y
E902941,(국도34)문경우로IC교,국가교통정보센터(국도),128.202766,36.63813,Y
E902942,(국도34)문경존도1교,국가교통정보센터(국도),128.247574,36.610727,Y
E902943,(국도34)문경진정사거리,국가교통정보센터(국도),128.22916,36.61247,Y
E902944,(국도34)아산공세교차로,국가교통정보센터(국도),126.90773,36.880095,Y
E902945,(국도34)아산능안1교,국가교통정보센터(국도),127.057627,36.937028,Y
E902946,(국도34)아산능안교차로,국가교통정보센터(국도),127.06724,36.93686,Y
E902947,(국도34)아산둔포육교(1),국가교통정보센터(국도),127.048515,36.92529,Y
E902948,(국도34)아산둔포육교(2),국가교통정보센터(국도),127.047725,36.92321,Y
E902949,(국도34)아산석근교,국가교통정보센터(국도),127.047941,36.931833,Y
E902950,(국도34)아산석근교차로,국가교통정보센터(국도),127.04668,36.928684,Y
E902951,(국도34)아산운교교,국가교통정보센터(국도),127.043331,36.920659,Y
E902952,(국도34)아산운용교차로,국가교통정보센터(국도),127.07793,36.932903,Y
E902953,(국도34)아산인주초등학교,국가교통정보센터(국도),126.8952778,36.8768287,Y
E902954,(국도34)안동교리교차로,국가교통정보센터(국도),128.6552,36.577225,Y
E902955,(국도34)안동금당교,국가교통정보센터(국도),128.653779,36.586004,Y
E902956,(국도34)안동금당교,국가교통정보센터(국도),128.65545,36.58532,Y
E902957,(국도34)안동남후교차로,국가교통정보센터(국도),128.671525,36.537923,Y
E902958,(국도34)안동노동교(서안동IC),국가교통정보센터(국도),128.619146,36.589216,Y
E902959,(국도34)안동도청신도시IC교차로,국가교통정보센터(국도),128.53706,36.595146,Y
E902960,(국도34)안동매곡2교,국가교통정보센터(국도),128.562072,36.584627,Y
E902961,(국도34)안동매곡3교,국가교통정보센터(국도),128.57224,36.58568,Y
E902962,(국도34)안동상리1교,국가교통정보센터(국도),128.586435,36.587317,Y
E902963,(국도34)안동상리2교,국가교통정보센터(국도),128.59996,36.593193,Y
E902964,(국도34)안동소산1교,국가교통정보센터(국도),128.547863,36.587728,Y
E902965,(국도34)안동정하1교,국가교통정보센터(국도),128.7225,36.540833,Y
E902966,(국도34)안동학가산온천,국가교통정보센터(국도),128.644971,36.588778,Y
E902967,(국도34)안동한티IC교,국가교통정보센터(국도),128.70085,36.534355,Y
E902968,(국도34)안동화곡2교,국가교통정보센터(국도),128.651174,36.564148,Y
E902969,(국도34)예천가곡가도교동측,국가교통정보센터(국도),128.355066,36.611571,Y
E902970,(국도34)예천고평대교,국가교통정보센터(국도),128.485535017995,36.6245970659301,Y
E902971,(국도34)예천농공단지사거리,국가교통정보센터(국도),128.41785,36.63689,Y
E902972,(국도34)예천동예천교차로,국가교통정보센터(국도),128.47835,36.63249,Y
E902973,(국도34)예천비행장교차로,국가교통정보센터(국도),128.378102,36.622886,Y
E902974,(국도34)예천산택교차로부근,국가교통정보센터(국도),128.300722,36.607464,Y
E902975,(국도34)예천예천한우유통센터,국가교통정보센터(국도),128.515536,36.614755,Y
E902976,(국도34)예천용궁1교,국가교통정보센터(국도),128.272449,36.61113,Y
E902977,(국도34)예천용궁육교,국가교통정보센터(국도),128.29044,36.60879,Y
E902978,(국도34)예천장송마을삼거리,국가교통정보센터(국도),128.317336,36.617716,Y
E902979,(국도34)예천직산교,국가교통정보센터(국도),128.50456,36.615765,Y
E902980,(국도34)예천큰가락골,국가교통정보센터(국도),128.390809,36.628955,Y
E902981,(국도34)예천풍년휴게소,국가교통정보센터(국도),128.323913,36.621896,Y
E902982,(국도34)예천풍북육교,국가교통정보센터(국도),128.52895,36.604908,Y
E902983,(국도34)예천황산가도교,국가교통정보센터(국도),128.33478,36.615547,Y
E902984,(국도34)중리지하차도상행,국가교통정보센터(국도),127.493304,36.845358,Y
E902985,(국도34)중리지하차도하행,국가교통정보센터(국도),127.489912,36.845654,Y
E902986,(국도34)증평초중사거리,국가교통정보센터(국도),127.573166,36.78353,Y
E902987,(국도34)증평화성교차로,국가교통정보센터(국도),127.609,36.794,Y
E902988,(국도34)진천갈월리,국가교통정보센터(국도),127.3276,36.89268,Y
E902989,(국도34)진천건송교,국가교통정보센터(국도),127.40146,36.880825,Y
E902990,(국도34)진천건송리(1),국가교통정보센터(국도),127.40903,36.87173,Y
E902991,(국도34)진천건송리(2),국가교통정보센터(국도),127.404913,36.872581,Y
E902992,(국도34)진천건송리(3),국가교통정보센터(국도),127.399504,36.876008,Y
E902993,(국도34)진천구수리,국가교통정보센터(국도),127.337975,36.885921,Y
E902994,(국도34)진천구수삼거리,국가교통정보센터(국도),127.36641,36.885998,Y
E902995,(국도34)진천동잠교,국가교통정보센터(국도),127.532165,36.834969,Y
E902996,(국도34)진천백곡낚시터,국가교통정보센터(국도),127.397835,36.872192,Y
E902997,(국도34)진천백곡삼거리,국가교통정보센터(국도),127.382095,36.88037,Y
E902998,(국도34)진천백곡저수지삼거리,국가교통정보센터(국도),127.41595,36.86654,Y
E902999,(국도34)진천백곡전자통신단지,국가교통정보센터(국도),127.3474504,36.8831833,Y
E903000,(국도34)진천백곡초등학교,국가교통정보센터(국도),127.357467,36.882307,Y
E903001,(국도34)진천벽암사거리,국가교통정보센터(국도),127.43715,36.85947,Y
E903002,(국도34)진천사정마을입구,국가교통정보센터(국도),127.390428,36.873176,Y
E903003,(국도34)진천삼덕리,국가교통정보센터(국도),127.472767,36.850581,Y
E903004,(국도34)진천석탄교차로,국가교통정보센터(국도),127.50248,36.845218,Y
E903005,(국도34)진천수의삼거리,국가교통정보센터(국도),127.5565,36.783887,Y
E903006,(국도34)진천신성사거리,국가교통정보센터(국도),127.451852,36.862442,Y
E903007,(국도34)진천용전교차로,국가교통정보센터(국도),127.54877,36.780952,Y
E903008,(국도34)진천용정교차로,국가교통정보센터(국도),127.516495,36.84358,Y
E903009,(국도34)진천중리지하차도,국가교통정보센터(국도),127.489485,36.845927,Y
E903010,(국도34)진천진천역사테마공원,국가교통정보센터(국도),127.414505,36.872135,Y
E903011,(국도34)진천초평2터널,국가교통정보센터(국도),127.545093,36.790723,Y
E903012,(국도34)진천초평저수지(1),국가교통정보센터(국도),127.521957,36.813509,Y
E903013,(국도34)진천초평저수지(2),국가교통정보센터(국도),127.52778,36.82153,Y
E903014,(국도34)진천행정리,국가교통정보센터(국도),127.426675,36.862,Y
E903015,(국도34)진천화산교차로,국가교통정보센터(국도),127.52317,36.805676,Y
E903016,(국도34)천안군동교차로,국가교통정보센터(국도),127.1616051,36.8971648,Y
E903017,(국도34)천안북천안IC교차로,국가교통정보센터(국도),127.1751862,36.90205432,Y
E903018,(국도34)천안왕림교차로,국가교통정보센터(국도),127.09997,36.927125,Y
E903019,(국도34)천안왕림육교,국가교통정보센터(국도),127.10487,36.9263,Y
E903020,(국도34)천안용정1교,국가교통정보센터(국도),127.187441,36.918901,Y
E903021,(국도34)천안우신1교차로,국가교통정보센터(국도),127.1155769,36.9254803,Y
E903022,(국도34)천안유리교차로,국가교통정보센터(국도),127.20908,36.925278,Y
E903023,(국도34)천안입장교차로,국가교통정보센터(국도),127.23635,36.922165,Y
E903024,(국도34호선)괴산청룡교,국가교통정보센터(국도),127.63083,36.79246,Y
E900287,(국도34호선)당진삽교교차로,국가교통정보센터(국도),126.8337419,36.8866906,Y
E900288,(국도34호선)당진신흥교차로,국가교통정보센터(국도),126.7881,36.87974,Y
E900289,(국도34호선)당진운정교차로,국가교통정보센터(국도),126.81398,36.88138,Y
E900290,(국도34호선)아산검문소,국가교통정보센터(국도),126.86466,36.87883,Y
E900291,(국도34호선)아산신봉교차로,국가교통정보센터(국도),126.997552,36.902244,Y
E900292,(국도34호선)아산와우교차로,국가교통정보센터(국도),126.9511435,36.8892639,Y
E900293,(국도34호선)아산인주공단교차로,국가교통정보센터(국도),126.88307,36.87125,Y
E900294,(국도34호선)아산철봉교차로,국가교통정보센터(국도),126.972439,36.894838,Y
E903025,(국도34호선)안동강남터널서측,국가교통정보센터(국도),128.68172,36.533627,Y
E903026,(국도34호선)안동검암터널서측,국가교통정보센터(국도),128.65756,36.553635,Y
E903027,(국도34호선)안동노리교차로,국가교통정보센터(국도),128.62805,36.59032,Y
E903028,(국도34호선)예천가동교서측,국가교통정보센터(국도),128.40186,36.634575,Y
E903029,(국도34호선)예천가오실공원인근,국가교통정보센터(국도),128.34802,36.609947,Y
E903030,(국도34호선)예천새동산휴게소,국가교통정보센터(국도),128.30801,36.61151,Y
E903031,(국도34호선)예천예천만남의광장,국가교통정보센터(국도),128.36934,36.61957,Y
E903032,(국도34호선)예천용암리마을회관입구,국가교통정보센터(국도),128.35938,36.61638,Y
E903033,(국도34호선)증평사곡교차로,국가교통정보센터(국도),127.621583,36.789407,Y
E900295,(국도34호선)천안수헐교차로,국가교통정보센터(국도),127.1413043,36.89139441,Y
E903034,(국도35)강릉강릉IC,국가교통정보센터(국도),128.854423,37.737599,Y
E903035,(국도35)강릉도마1리마을회관,국가교통정보센터(국도),128.834033,37.677059,Y
E903036,(국도35)강릉도마2리마을회관,국가교통정보센터(국도),128.845877,37.660284,Y
E903037,(국도35)강릉목계교,국가교통정보센터(국도),128.859001,37.63768,Y
E903038,(국도35)강릉목계리,국가교통정보센터(국도),128.85869,37.583748,Y
E903039,(국도35)강릉방터골입구,국가교통정보센터(국도),128.854308,37.644219,Y
E903040,(국도35)강릉사반교,국가교통정보센터(국도),128.847487,37.530891,Y
E903041,(국도35)강릉사이소재교,국가교통정보센터(국도),128.848311,37.557373,Y
E903042,(국도35)강릉삽당령왕산사,국가교통정보센터(국도),128.859597,37.615163,Y
E903043,(국도35)강릉삽당령정상,국가교통정보센터(국도),128.853826,37.578039,Y
E903044,(국도35)강릉성산교차로,국가교통정보센터(국도),128.8329,37.720474,Y
E903045,(국도35)강릉영골,국가교통정보센터(국도),128.859866,37.597263,Y
E903046,(국도35)강릉왕산터널(북),국가교통정보센터(국도),128.83006,37.6982,Y
E903047,(국도35)경주내남교차로,국가교통정보센터(국도),129.2037722,35.74081111,Y
E903048,(국도35)경주노곡교,국가교통정보센터(국도),129.203235,35.725205,Y
E903049,(국도35)경주망성교남측,국가교통정보센터(국도),129.202002,35.783977,Y
E903050,(국도35)경주용장교,국가교통정보센터(국도),129.2009306,35.772125,Y
E903051,(국도35)봉화골마골인근,국가교통정보센터(국도),128.941884,36.903472,Y
E903052,(국도35)봉화머름골농장인근,국가교통정보센터(국도),128.944429,36.893673,Y
E903053,(국도35)봉화착골버스정류소남측,국가교통정보센터(국도),128.935526,36.884494,Y
E903054,(국도35)봉화청량골고랭지사과,국가교통정보센터(국도),128.939574,36.889302,Y
E903055,(국도35)삼척갈전리,국가교통정보센터(국도),128.904755,37.378543,Y
E903056,(국도35)삼척갈전피암터널동측,국가교통정보센터(국도),128.890635,37.393842,Y
E903057,(국도35)삼척광동리,국가교통정보센터(국도),128.94627,37.34721,Y
E903058,(국도35)삼척숙암리,국가교통정보센터(국도),128.95233,37.342014,Y
E903059,(국도35)삼척숙암삼거리,국가교통정보센터(국도),128.9693604,37.34241486,Y
E903060,(국도35)삼척장전교북측,국가교통정보센터(국도),128.914619,37.369582,Y
E903061,(국도35)삼척장전리,국가교통정보센터(국도),128.92613,37.356342,Y
E903062,(국도35)삼척토산교,국가교통정보센터(국도),128.872869,37.387657,Y
E903063,(국도35)삼척토산리마을회관,국가교통정보센터(국도),128.872494,37.399382,Y
E903064,(국도35)안동KM국제기계,국가교통정보센터(국도),128.755363,36.606235,Y
E903065,(국도35)안동건지산입구,국가교통정보센터(국도),128.860829,36.775309,Y
E903066,(국도35)안동경북산림과학박물관,국가교통정보센터(국도),128.825291,36.712586,Y
E903067,(국도35)안동고산제사입구,국가교통정보센터(국도),128.835521,36.767486,Y
E903068,(국도35)안동골삽실교차로,국가교통정보센터(국도),128.886298,36.465045,Y
E903069,(국도35)안동금소교,국가교통정보센터(국도),128.850348,36.504737,Y
E903070,(국도35)안동길안마을1교차로,국가교통정보센터(국도),128.887869,36.457238,Y
E903071,(국도35)안동꽃피는마당,국가교통정보센터(국도),128.747764,36.598682,Y
E903072,(국도35)안동나불고개,국가교통정보센터(국도),128.851513,36.77632,Y
E903073,(국도35)안동도독골남측,국가교통정보센터(국도),128.83072,36.724208,Y
E903074,(국도35)안동도산면행정복지센터,국가교통정보센터(국도),128.834702,36.746758,Y
E903075,(국도35)안동동안동1교차로,국가교통정보센터(국도),128.894176,36.447115,Y
E903076,(국도35)안동무루실골,국가교통정보센터(국도),128.770674,36.651212,Y
E903077,(국도35)안동새터교,국가교통정보센터(국도),128.820642,36.706068,Y
E903078,(국도35)안동샤인농원,국가교통정보센터(국도),128.802243,36.679598,Y
E903079,(국도35)안동소두들버스정류소남측,국가교통정보센터(국도),128.882542,36.774191,Y
E903080,(국도35)안동송제천,국가교통정보센터(국도),128.904475,36.300343,Y
E903081,(국도35)안동신기육교,국가교통정보센터(국도),128.860999,36.499822,Y
E903082,(국도35)안동신덕교,국가교통정보센터(국도),128.83669,36.520448,Y
E903083,(국도35)안동신석1교,국가교통정보센터(국도),128.777905,36.535401,Y
E903084,(국도35)안동안동레저낚시터,국가교통정보센터(국도),128.873327,36.489002,Y
E903085,(국도35)안동안동예절학교,국가교통정보센터(국도),128.771676,36.657511,Y
E903086,(국도35)안동야무골,국가교통정보센터(국도),128.832146,36.732403,Y
E903087,(국도35)안동양삼교,국가교통정보센터(국도),128.884837,36.778269,Y
E903088,(국도35)안동예안교남측,국가교통정보센터(국도),128.805834,36.685796,Y
E903089,(국도35)안동예안교북측,국가교통정보센터(국도),128.80881,36.693923,Y
E903090,(국도35)안동오대교차로,국가교통정보센터(국도),128.883749,36.477208,Y
E903091,(국도35)안동오리원재저수지,국가교통정보센터(국도),128.769804,36.642999,Y
E903092,(국도35)안동오천1리버스정거장,국가교통정보센터(국도),128.798538,36.672284,Y
E903093,(국도35)안동온혜1리경로당,국가교통정보센터(국도),128.834598,36.760764,Y
E903094,(국도35)안동와룡초등학교,국가교통정보센터(국도),128.767244,36.617118,Y
E903095,(국도35)안동용암정,국가교통정보센터(국도),128.812482,36.700724,Y
E903096,(국도35)안동이천육교,국가교통정보센터(국도),128.792823,36.531869,Y
E903097,(국도35)안동인덕터널남측,국가교통정보센터(국도),128.834786,36.527805,Y
E903098,(국도35)안동인덕터널북측,국가교통정보센터(국도),128.828164,36.534722,Y
E903099,(국도35)안동자웅암테마공원,국가교통정보센터(국도),128.763799,36.609221,Y
E903100,(국도35)안동정상IC교,국가교통정보센터(국도),128.744092,36.542914,Y
E903101,(국도35)안동정상교차로,국가교통정보센터(국도),128.757029,36.541446,Y
E903102,(국도35)안동조마교차로,국가교통정보센터(국도),128.790782,36.667247,Y
E903104,(국도35)안동참살이마을,국가교통정보센터(국도),128.870582,36.771534,Y
E903103,(국도35)안동참살이마을북측,국가교통정보센터(국도),128.878377,36.771992,Y
E903105,(국도35)안동천하제일사료,국가교통정보센터(국도),128.767548,36.630869,Y
E903106,(국도35)안동카페서원,국가교통정보센터(국도),128.827463,36.718614,Y
E903107,(국도35)안동태자리삼거리,국가교통정보센터(국도),128.844001,36.776931,Y
E903108,(국도35)안동포진강변길,국가교통정보센터(국도),128.816018,36.5359895,Y
E903109,(국도35)양산공암삼거리,국가교통정보센터(국도),129.051333,35.394213,Y
E903110,(국도35)양산남양산IC,국가교통정보센터(국도),129.0327056,35.32662778,Y
E903111,(국도35)양산내원사입구교차로,국가교통정보센터(국도),129.07198,35.441067,Y
E903112,(국도35)양산내원사입구삼거리,국가교통정보센터(국도),129.073985,35.449553,Y
E903113,(국도35)양산대석교,국가교통정보센터(국도),129.0561,35.39861,Y
E903114,(국도35)양산반회사거리,국가교통정보센터(국도),129.055957,35.409265,Y
E903115,(국도35)양산삼계교입구사거리,국가교통정보센터(국도),129.06369,35.42142,Y
E903116,(국도35)양산삼수삼거리,국가교통정보센터(국도),129.080556,35.461667,Y
E903117,"(국도35)양산석산교차로(남양산IC,석산지하차도북측)",국가교통정보센터(국도),129.029125,35.317872,Y
E903118,(국도35)양산소토삼거리,국가교통정보센터(국도),129.051222,35.38622949,Y
E903119,(국도35)양산신전마을입구삼거리,국가교통정보센터(국도),129.068957,35.434333,Y
E903120,(국도35)양산지경고개삼거리(통도사IC),국가교통정보센터(국도),129.090995,35.496444,Y
E903121,(국도35)양산초산마을교차로,국가교통정보센터(국도),129.087541,35.481424,Y
E903122,(국도35)양산통도사사거리,국가교통정보센터(국도),129.088053,35.48847,Y
E903123,(국도35)영천금호교차로인접,국가교통정보센터(국도),128.876453,35.936428,Y
E903124,(국도35)영천농협산지유통센터,국가교통정보센터(국도),128.921561,36.03663,Y
E903125,(국도35)영천대전교남측,국가교통정보센터(국도),128.90724,35.96795,Y
E903126,(국도35)영천대천2리마을회관(서측),국가교통정보센터(국도),128.905788,36.040825,Y
E903127,(국도35)영천문화재연구원부근,국가교통정보센터(국도),128.8908173,35.94524194,Y
E903128,(국도35)영천보현산댐전망대,국가교통정보센터(국도),128.951881,36.126578,Y
E903129,(국도35)영천상송교차로,국가교통정보센터(국도),128.915002,36.156193,Y
E903130,(국도35)영천신호교차로(남측)(북영천IC),국가교통정보센터(국도),128.93299,36.024692,Y
E903131,(국도35)영천오동마을,국가교통정보센터(국도),128.91076,36.087007,Y
E903132,(국도35)영천용소교차로,국가교통정보센터(국도),128.936612,36.147377,Y
E903133,(국도35)영천원제교차로인접,국가교통정보센터(국도),128.90319,35.95338,Y
E903134,(국도35)영천자천삼거리,국가교통정보센터(국도),128.927538,36.115422,Y
E903135,(국도35)영천정다운휴게소,국가교통정보센터(국도),128.907635,36.079235,Y
E903136,(국도35)영천화북주유소,국가교통정보센터(국도),128.92372,36.1092972,Y
E903137,(국도35)울주가정마을교차로,국가교통정보센터(국도),129.19398,35.69358,Y
E903138,(국도35)울주고등골사거리,국가교통정보센터(국도),129.1331778,35.5845,Y
E903139,(국도35)울주고하마을입구교차로,국가교통정보센터(국도),129.14403,35.606372,Y
E903140,(국도35)울주교동삼거리,국가교통정보센터(국도),129.111944,35.539444,Y
E903141,(국도35)울주두동사거리,국가교통정보센터(국도),129.1654778,35.65204722,Y
E903142,(국도35)울주미호육교북측,국가교통정보센터(국도),129.184116,35.68493,Y
E903143,(국도35)울주방말입구교차로,국가교통정보센터(국도),129.156088,35.627366,Y
E903144,(국도35)울주삼남삼거리,국가교통정보센터(국도),129.1046041,35.53192773,Y
E903145,(국도35)울주서울산IC교차로,국가교통정보센터(국도),129.12551,35.55964,Y
E903146,(국도35)울주언양교차로,국가교통정보센터(국도),129.131718,35.576368,Y
E903147,(국도35)울주열박재교차로,국가교통정보센터(국도),129.1894,35.69078,Y
E903148,(국도35)울주인보교,국가교통정보센터(국도),129.16037,35.64006,Y
E903149,(국도35)울주작천정삼거리(서울산IC),국가교통정보센터(국도),129.116104,35.549056,Y
E903150,(국도35)울주전읍교,국가교통정보센터(국도),129.175386,35.670817,Y
E903151,(국도35)울주전읍마을교차로,국가교통정보센터(국도),129.1734389,35.66413056,Y
E903152,(국도35)울주천전삼거리,국가교통정보센터(국도),129.149375,35.617278,Y
E903153,(국도35)울주통도사교차로(통도사IC),국가교통정보센터(국도),129.093611,35.505,Y
E903154,(국도35)울주평리입구교차로,국가교통정보센터(국도),129.137976,35.600275,Y
E903155,(국도35)정선고단삼거리,국가교통정보센터(국도),128.84977,37.52073,Y
E903156,(국도35)정선문래2리,국가교통정보센터(국도),128.859529,37.42503,Y
E903157,(국도35)정선버들고개,국가교통정보센터(국도),128.8504334,37.5112915,Y
E903158,(국도35)정선월탄교,국가교통정보센터(국도),128.852278,37.457844,Y
E903159,(국도35)정선은고개,국가교통정보센터(국도),128.868113,37.403075,Y
E903160,(국도35)정선임계봉산,국가교통정보센터(국도),128.848654,37.473176,Y
E903161,(국도35)정선임계성당,국가교통정보센터(국도),128.850573,37.500017,Y
E903162,(국도35)청송고목교,국가교통정보센터(국도),128.9069931,36.2113655,Y
E903163,(국도35)청송구산교삼거리,국가교통정보센터(국도),128.895197,36.278166,Y
E903164,(국도35)청송덕계리,국가교통정보센터(국도),128.89544,36.285161,Y
E903165,(국도35)청송덕계삼거리,국가교통정보센터(국도),128.905832,36.290653,Y
E903166,(국도35)청송마사터널남측,국가교통정보센터(국도),128.903059,36.293526,Y
E903167,(국도35)청송수서당골,국가교통정보센터(국도),128.900921,36.221814,Y
E903168,(국도35)청송월정교차로,국가교통정보센터(국도),128.907675,36.196104,Y
E903169,(국도35)청송월정삼거리,국가교통정보센터(국도),128.90715,36.203898,Y
E903170,(국도35)청송천천1교,국가교통정보센터(국도),128.901984,36.246978,Y
E903171,(국도35)청송천천교,국가교통정보센터(국도),128.901893,36.257048,Y
E903172,(국도35)청송현서삼거리,국가교통정보센터(국도),128.899694,36.265833,Y
E903173,(국도35)청송화목복합타운,국가교통정보센터(국도),128.894092,36.27297,Y
E903174,(국도35호선)경주이조교,국가교통정보센터(국도),129.202794,35.755212,Y
E903175,(국도35호선)양산석산지하차도남측,국가교통정보센터(국도),129.02838,35.311726,Y
E903176,(국도35호선)영천고현천,국가교통정보센터(국도),128.8932698,36.05455162,Y
E903177,(국도35호선)영천금호IC육교,국가교통정보센터(국도),128.8843,35.94188,Y
E903178,(국도35호선)영천노귀재터널(남측),국가교통정보센터(국도),128.9104385,36.1722549,Y
E903179,(국도35호선)영천보현산댐공원,국가교통정보센터(국도),128.9387775,36.1204612,Y
E903180,(국도35호선)영천오동리,국가교통정보센터(국도),128.90966,36.09766,Y
E903181,(국도35호선)영천입석2교,국가교통정보센터(국도),128.94695,36.140556,Y
E903182,(국도35호선)영천하송교차로,국가교통정보센터(국도),128.924942,36.150789,Y
E903183,(국도35호선)영천화남119지역대,국가교통정보센터(국도),128.910713,36.08695,Y
E903184,(국도35호선)영천화북삼거리,국가교통정보센터(국도),128.91934,36.1071341,Y
E903185,(국도35호선)울주가천교삼거리,국가교통정보센터(국도),129.09769,35.51881,Y
E903186,(국도35호선)울주미호육교남측,국가교통정보센터(국도),129.18,35.68111,Y
E900296,(국도35호선)정선용산리,국가교통정보센터(국도),128.856987,37.441844,Y
E903187,(국도35호선)청송모계리,국가교통정보센터(국도),128.899402,36.237959,Y
E903188,(국도35호선)청송수원당입구,국가교통정보센터(국도),128.8972638,36.2290015,Y
E903191,(국도36)공주동대교차로,국가교통정보센터(국도),127.060391,36.47217,Y
E903189,(국도36)공주방문리(사각),국가교통정보센터(국도),127.0701637,36.47512875,Y
E903192,(국도36)공주상서교,국가교통정보센터(국도),127.0837228,36.47583283,Y
E903193,(국도36)공주양촌교차로,국가교통정보센터(국도),127.0367,36.453148,Y
E903194,(국도36)공주용봉교차로,국가교통정보센터(국도),127.020294,36.439884,Y
E903195,(국도36)공주월미교,국가교통정보센터(국도),127.1117665,36.49423768,Y
E903196,(국도36)공주월미농공단지입구,국가교통정보센터(국도),127.1030082,36.48582063,Y
E903197,(국도36)단양단성삼거리,국가교통정보센터(국도),128.3267,36.9353,Y
E903198,(국도36)단양북하삼거리(단양1교),국가교통정보센터(국도),128.3347,36.9306,Y
E903199,(국도36)단양쑥고개,국가교통정보센터(국도),128.3113,36.9354,Y
E903200,(국도36)단양외중방리,국가교통정보센터(국도),128.2991,36.9319,Y
E903201,(국도36)단양우화삼거리,국가교통정보센터(국도),128.3177,36.933,Y
E903202,(국도36)단양장회나루,국가교통정보센터(국도),128.25874,36.930405,Y
E903203,(국도36)단양장회리,국가교통정보센터(국도),128.242,36.9305,Y
E903204,(국도36)단양장회재구간(1),국가교통정보센터(국도),128.281952,36.926098,Y
E903205,(국도36)단양장회재구간(2),국가교통정보센터(국도),128.28158,36.927551,Y
E903206,(국도36)단양장회재구간(3),국가교통정보센터(국도),128.276856,36.929463,Y
E903207,(국도36)단양장회재구간(4),국가교통정보센터(국도),128.274597,36.929478,Y
E903208,(국도36)단양장회재구간(5),국가교통정보센터(국도),128.272644,36.929535,Y
E903209,(국도36)단양장회재구간(6),국가교통정보센터(국도),128.269531,36.930161,Y
E903210,(국도36)단양장회재구간(7),국가교통정보센터(국도),128.266434,36.930061,Y
E903211,(국도36)단양장회재구간(8),국가교통정보센터(국도),128.263724,36.930403,Y
E903212,(국도36)단양투구봉휴게소,국가교통정보센터(국도),128.29085,36.923656,Y
E903213,(국도36)보령고잠교차로,국가교통정보센터(국도),126.51522,36.31608,Y
E903214,(국도36)보령굿고개교차로,국가교통정보센터(국도),126.63041,36.377064,Y
E903215,(국도36)보령보령스포츠파크입구,국가교통정보센터(국도),126.52545,36.31648,Y
E903216,(국도36)보령소양삼거리,국가교통정보센터(국도),126.688545,36.395546,Y
E903217,(국도36)보령청라교차로,국가교통정보센터(국도),126.671196,36.39283,Y
E903218,(국도36)보령청천저수지,국가교통정보센터(국도),126.639369,36.379527,Y
E903219,(국도36)보령평정교차로,국가교통정보센터(국도),126.651665,36.386528,Y
E903220,(국도36)보령흑포삼거리,국가교통정보센터(국도),126.5357,36.31606,Y
E903221,(국도36)봉화거촌2교,국가교통정보센터(국도),128.769421,36.896704,Y
E903222,(국도36)봉화노루재터널서측,국가교통정보센터(국도),128.9775,36.919444,Y
E903223,(국도36)봉화다덕육교,국가교통정보센터(국도),128.83989,36.914703,Y
E903224,(국도36)봉화매현교차로,국가교통정보센터(국도),129.031707,36.928752,Y
E903225,(국도36)봉화법전1교차로,국가교통정보센터(국도),128.96863,36.91616,Y
E903226,(국도36)봉화법전교동측,국가교통정보센터(국도),128.87968,36.915918,Y
E903227,(국도36)봉화법전제1육교,국가교통정보센터(국도),128.866582,36.912097,Y
E903228,(국도36)봉화봉화교차로,국가교통정보센터(국도),128.73691,36.875723,Y
E903229,(국도36)봉화봉화매립장,국가교통정보센터(국도),128.75592,36.890644,Y
E903230,(국도36)봉화분천1교차로,국가교통정보센터(국도),129.057892,36.929288,Y
E903232,(국도36)봉화소지교차로,국가교통정보센터(국도),128.88844,36.9213,Y
E903231,(국도36)봉화소지교차로동측,국가교통정보센터(국도),128.896453,36.923235,Y
E903233,(국도36)봉화소천초등학교,국가교통정보센터(국도),129.001021,36.936833,Y
E903234,(국도36)봉화수청교차로서측,국가교통정보센터(국도),128.9065,36.92255,Y
E903235,(국도36)봉화어르말교차로,국가교통정보센터(국도),128.94544,36.918584,Y
E903236,(국도36)봉화옹돌2교,국가교통정보센터(국도),128.85838,36.913315,Y
E903237,(국도36)봉화용동교차로,국가교통정보센터(국도),128.847669,36.915733,Y
E903238,(국도36)봉화우곡교차로,국가교통정보센터(국도),128.830302,36.909711,Y
E903239,(국도36)봉화운곡천교,국가교통정보센터(국도),128.92482,36.91926,Y
E903240,(국도36)봉화음지교차로,국가교통정보센터(국도),128.81406,36.915165,Y
E903241,(국도36)봉화창평터널동측,국가교통정보센터(국도),128.794088,36.906635,Y
E903242,(국도36)봉화춘양교차로,국가교통정보센터(국도),128.91655,36.920488,Y
E903243,(국도36)봉화포저교동측,국가교통정보센터(국도),128.746223,36.879127,Y
E903244,(국도36)봉화현동3교차로,국가교통정보센터(국도),129.020561,36.93001,Y
E903245,(국도36)봉화현동제2대교,국가교통정보센터(국도),129.009794,36.935499,Y
E903246,(국도36)세종봉안교차로,국가교통정보센터(국도),127.2206,36.49865,Y
E903247,(국도36)세종은용교차로,국가교통정보센터(국도),127.2122,36.491367,Y
E903248,(국도36)세종하봉교차로,국가교통정보센터(국도),127.200931,36.489143,Y
E903249,(국도36)영주귀내2교,국가교통정보센터(국도),128.614427,36.842695,Y
E903250,(국도36)영주단운1교,국가교통정보센터(국도),128.652467,36.845099,Y
E903251,(국도36)영주봉산교차로,국가교통정보센터(국도),128.638995,36.846957,Y
E903252,(국도36)영주서천대교서측,국가교통정보센터(국도),128.600428,36.83594,Y
E903253,(국도36)영주신암교차로,국가교통정보센터(국도),128.684869,36.852565,Y
E903254,(국도36)영주큰골교차로,국가교통정보센터(국도),128.696158,36.854695,Y
E903255,(국도36)음성백마령터널시점,국가교통정보센터(국도),127.633937,36.861896,Y
E903256,(국도36)음성백마령터널종점,국가교통정보센터(국도),127.640407,36.870267,Y
E903257,(국도36)음성비산삼거리,국가교통정보센터(국도),127.73013,36.94242,Y
E903258,(국도36)음성신천삼거리,국가교통정보센터(국도),127.690834,36.916054,Y
E903259,(국도36)음성음성교,국가교통정보센터(국도),127.6952083,36.9225037,Y
E903260,(국도36)음성충주시경계(사각),국가교통정보센터(국도),127.7539074,36.95109906,Y
E903261,(국도36)음성평곡사거리,국가교통정보센터(국도),127.6974476,36.93282748,Y
E903190,(국도36)음성한벌리(1),국가교통정보센터(국도),127.699895,36.943271,Y
E903262,(국도36)음성한벌리(2)(사각),국가교통정보센터(국도),127.7137997,36.94481866,Y
E903263,(국도36)제천계란리(1),국가교통정보센터(국도),128.2265,36.9298,Y
E903264,(국도36)제천계란리(2),국가교통정보센터(국도),128.2294,36.9298,Y
E903265,(국도36)제천내리,국가교통정보센터(국도),128.1916,36.9201,Y
E903266,(국도36)제천내리정류장,국가교통정보센터(국도),128.180771,36.926735,Y
E903267,(국도36)제천수산리,국가교통정보센터(국도),128.1936,36.9355,Y
E903268,(국도36)제천수산사거리,국가교통정보센터(국도),128.178,36.9351,Y
E903269,(국도36)제천원대삼거리,국가교통정보센터(국도),128.2156,36.9317,Y
E903270,(국도36)증평옥수교,국가교통정보센터(국도),127.5683187,36.78034483,Y
E903271,(국도36)증평울어바위앞삼거리,국가교통정보센터(국도),127.61404,36.80289,Y
E903272,(국도36)청양가래울골,국가교통정보센터(국도),126.859155,36.464475,Y
E903273,(국도36)청양가야미교차로,국가교통정보센터(국도),126.986694,36.408764,Y
E903274,(국도36)청양고산저수지,국가교통정보센터(국도),126.71995,36.428038,Y
E903275,(국도36)청양구재교차로,국가교통정보센터(국도),126.72551,36.433792,Y
E903276,(국도36)청양국원교차로,국가교통정보센터(국도),126.70761,36.41747,Y
E903277,(국도36)청양대박1교,국가교통정보센터(국도),126.933447,36.435681,Y
E903278,(국도36)청양대치천교,국가교통정보센터(국도),126.82832,36.453922,Y
E903279,(국도36)청양대평리,국가교통정보센터(국도),126.994493,36.410119,Y
E903280,(국도36)청양마치교차로,국가교통정보센터(국도),126.91136,36.440742,Y
E903281,(국도36)청양목면교차로,국가교통정보센터(국도),127.009674,36.42948,Y
E903282,(국도36)청양백곡교차로,국가교통정보센터(국도),126.96914,36.408913,Y
E903283,(국도36)청양벽천교차로,국가교통정보센터(국도),126.799743,36.44284,Y
E903284,(국도36)청양수자골,국가교통정보센터(국도),126.885704,36.462677,Y
E903285,(국도36)청양시전1교,국가교통정보센터(국도),126.850624,36.465614,Y
E903286,(국도36)청양신정교차로,국가교통정보센터(국도),126.744914,36.451252,Y
E903287,(국도36)청양심곡교차로,국가교통정보센터(국도),126.769841,36.452829,Y
E903288,(국도36)청양안심교차로,국가교통정보센터(국도),127.000521,36.41662,Y
E903289,(국도36)청양역촌리,국가교통정보센터(국도),126.95782,36.42097,Y
E903290,(국도36)청양이화교차로,국가교통정보센터(국도),126.87329,36.465897,Y
E903291,(국도36)청양장승교차로,국가교통정보센터(국도),126.78371,36.448322,Y
E903292,(국도36)청양정산교차로,국가교통정보센터(국도),126.95249,36.428467,Y
E903293,(국도36)청양주정교차로,국가교통정보센터(국도),126.841511,36.460317,Y
E903294,(국도36)청양지곡교,국가교통정보센터(국도),126.974303,36.407044,Y
E903295,(국도36)청양진골교차로,국가교통정보센터(국도),126.697741,36.407656,Y
E903296,(국도36)청양청대골교차로,국가교통정보센터(국도),126.735146,36.443703,Y
E903297,(국도36)청양형산교차로,국가교통정보센터(국도),126.890027,36.457773,Y
E903298,(국도36)청양화물공영차고지,국가교통정보센터(국도),126.81288,36.447983,Y
E903299,(국도36)청주국동교차로,국가교통정보센터(국도),127.52139,36.68139,Y
E903300,(국도36)청주금암교차로,국가교통정보센터(국도),127.5618598,36.75585203,Y
E903301,(국도36)청주내추교차로,국가교통정보센터(국도),127.56139,36.76478,Y
E903302,(국도36)청주미호강교동측,국가교통정보센터(국도),127.354558,36.62347,Y
E903303,(국도36)청주신기교차로,국가교통정보센터(국도),127.5523,36.72999,Y
E903304,(국도36)청주은곡리,국가교통정보센터(국도),127.5325338,36.69827825,Y
E903305,(국도36)청주장재교차로,국가교통정보센터(국도),127.55339,36.73967,Y
E903306,(국도36)청주학평지하차도,국가교통정보센터(국도),127.5540733,36.71688363,Y
E903307,(국도36)충주내사리(1),국가교통정보센터(국도),127.9996,36.8953,Y
E903308,(국도36)충주내사리(2),국가교통정보센터(국도),128.0035,36.9013,Y
E903309,(국도36)충주대곡리(사각),국가교통정보센터(국도),127.7681985,36.95928242,Y
E903310,(국도36)충주보사골입구,국가교통정보센터(국도),128.0172,36.9087,Y
E903311,(국도36)충주신당1교,국가교통정보센터(국도),128.0339,36.9184,Y
E903312,(국도36)충주신당2교,국가교통정보센터(국도),128.0461,36.9245,Y
E903313,(국도36)충주신당교,국가교통정보센터(국도),128.0605,36.9196,Y
E903314,(국도36)충주신매리,국가교통정보센터(국도),128.0279,36.9119,Y
E903315,(국도36)충주용천1리,국가교통정보센터(국도),127.9879,36.8961,Y
E903316,(국도36)충주월악교,국가교통정보센터(국도),128.0687,36.913,Y
E903317,(국도36)충주주덕오거리,국가교통정보센터(국도),127.790421,36.97363288,Y
E903318,(국도36)학평지하차도상행,국가교통정보센터(국도),127.553967,36.716009,Y
E903319,(국도36)학평지하차도하행,국가교통정보센터(국도),127.553598,36.715021,Y
E900297,(국도36호선)공주질마교차로,국가교통정보센터(국도),127.09402,36.47847,Y
E903320,(국도36호선)봉화금호주유소,국가교통정보센터(국도),128.80643,36.91086,Y
E903321,(국도36호선)봉화꼬치비교(꼬치비재터널서측),국가교통정보센터(국도),129.071459,36.944542,Y
E903322,(국도36호선)봉화노루재터널동측,국가교통정보센터(국도),128.99194,36.9375,Y
E903323,(국도36호선)봉화문단교,국가교통정보센터(국도),128.66757,36.846737,Y
E903324,(국도36호선)봉화법전교서측,국가교통정보센터(국도),128.8719,36.915863,Y
E903325,(국도36호선)봉화봉화매립장남측,국가교통정보센터(국도),128.7517,36.882324,Y
E903326,(국도36호선)봉화분천2교차로(자마터널남측),국가교통정보센터(국도),129.063733,36.932393,Y
E903327,(국도36호선)봉화분천낙동강비경전망공원(자마터널북측),국가교통정보센터(국도),129.06417,36.939922,Y
E903328,(국도36호선)봉화유산교남측,국가교통정보센터(국도),128.7263,36.8679,Y
E903329,(국도36호선)영주꽁밭골지부근,국가교통정보센터(국도),128.70642,36.85934,Y
E903330,(국도36호선)울진고성1교(고성졸음쉼터서측),국가교통정보센터(국도),129.369239,37.004408,Y
E903331,(국도36호선)울진고성2교(고성졸음쉼터동측),국가교통정보센터(국도),129.381211,37.00597,Y
E903332,(국도36호선)울진광비천교(꼬치비재터널동측)(낙석주의),국가교통정보센터(국도),129.089441,36.947521,Y
E903333,(국도36호선)울진금강송1터널서측,국가교통정보센터(국도),129.186268,36.934687,Y
E903334,(국도36호선)울진금강송2터널동측,국가교통정보센터(국도),129.211519,36.937366,Y
E903335,(국도36호선)울진금산터널지나370M,국가교통정보센터(국도),129.347742,36.987323,Y
E903336,(국도36호선)울진답운교차로동측,국가교통정보센터(국도),129.16821,36.932429,Y
E903337,(국도36호선)울진답운재터널동측,국가교통정보센터(국도),129.157261,36.928257,Y
E903338,(국도36호선)울진대흥1교(불영계곡3터널동측),국가교통정보센터(국도),129.294088,36.966651,Y
E903339,(국도36호선)울진대흥2교(대흥터널서측),국가교통정보센터(국도),129.302894,36.971936,Y
E903340,(국도36호선)울진대흥4교(대흥터널동측),국가교통정보센터(국도),129.316694,36.9801,Y
E903341,(국도36호선)울진대흥5교(금산터널서측),국가교통정보센터(국도),129.329686,36.985283,Y
E903342,(국도36호선)울진덕거리교~광덕천교,국가교통정보센터(국도),129.178003,36.932772,Y
E903343,(국도36호선)울진명도교(교량),국가교통정보센터(국도),129.392197,37.010754,Y
E903344,(국도36호선)울진삼근1터널서측,국가교통정보센터(국도),129.226808,36.939742,Y
E903345,(국도36호선)울진수평교(삼근1터널동측),국가교통정보센터(국도),129.240116,36.94007,Y
E903346,(국도36호선)울진신림1교(교량),국가교통정보센터(국도),129.359779,36.993971,Y
E903347,(국도36호선)울진옥방교인접,국가교통정보센터(국도),129.13167,36.929443,Y
E903348,(국도36호선)울진온양교차로,국가교통정보센터(국도),129.404232,37.014163,Y
E903349,(국도36호선)울진하원1교(불영계곡1터널동측),국가교통정보센터(국도),129.252758,36.94727,Y
E903350,(국도36호선)울진하원2교(불영계곡1터널동측),국가교통정보센터(국도),129.25894,36.953445,Y
E903351,(국도36호선)울징금강송2터널서측,국가교통정보센터(국도),129.193456,36.93444,Y
E900298,(국도36호선)음성소이삼거리,국가교통정보센터(국도),127.75,36.946,Y
E900299,(국도36호선)음성음성교차로,국가교통정보센터(국도),127.689,36.914,Y
E900300,(국도36호선)청주강내면,국가교통정보센터(국도),127.36456,36.62497,Y
E900301,(국도36호선)청주묵방1교,국가교통정보센터(국도),127.527102590041,36.6873942120817,Y
E900302,(국도36호선)청주오송삼거리,국가교통정보센터(국도),127.32742,36.61071,Y
E900303,(국도36호선)청주월곡리,국가교통정보센터(국도),127.3751228,36.6231893,Y
E900304,(국도36호선)청주학평교차로,국가교통정보센터(국도),127.5480749,36.70993493,Y
E900305,(국도36호선)충주양지삼거리,국가교통정보센터(국도),127.785,36.964,Y
E903352,(국도37)가평범말2교,국가교통정보센터(국도),127.320823,37.824881,Y
E903353,(국도37)가평신청평대교삼거리,국가교통정보센터(국도),127.410933,37.718656,Y
E903354,(국도37)가평연하교차로,국가교통정보센터(국도),127.35004,37.800551,Y
E903355,(국도37)괴산가는골,국가교통정보센터(국도),127.754195,36.684415,Y
E903356,(국도37)괴산강평교,국가교통정보센터(국도),127.747561,36.632576,Y
E903357,(국도37)괴산강평들,국가교통정보센터(국도),127.747269,36.65201,Y
E903358,(국도37)괴산구만동천농촌체험관,국가교통정보센터(국도),127.752685,36.628338,Y
E903359,(국도37)괴산금평리,국가교통정보센터(국도),127.755136,36.681333,Y
E903360,(국도37)괴산금평삼거리,국가교통정보센터(국도),127.757493,36.674542,Y
E903361,(국도37)괴산길선1교차로,국가교통정보센터(국도),127.7274,36.8693,Y
E903362,(국도37)괴산길선2교차로,국가교통정보센터(국도),127.7152,36.8738,Y
E903363,(국도37)괴산너럭바위,국가교통정보센터(국도),127.799294,36.62411,Y
E903364,(국도37)괴산망개나무자생지입구,국가교통정보센터(국도),127.807636,36.619209,Y
E903365,(국도37)괴산무릉교,국가교통정보센터(국도),127.749142,36.691961,Y
E903366,(국도37)괴산부엉디미산,국가교통정보센터(국도),127.7767,36.825,Y
E903367,(국도37)괴산부흥2리,국가교통정보센터(국도),127.731591,36.703248,Y
E903368,(국도37)괴산부흥3리,국가교통정보센터(국도),127.737258,36.696747,Y
E903369,(국도37)괴산사담계곡(1),국가교통정보센터(국도),127.808372,36.62573,Y
E903370,(국도37)괴산사담계곡(2),국가교통정보센터(국도),127.804645,36.625781,Y
E903371,(국도37)괴산사담골,국가교통정보센터(국도),127.808264,36.622393,Y
E903372,(국도37)괴산사담모랭이들,국가교통정보센터(국도),127.796772,36.6272,Y
E903373,(국도37)괴산상신리,국가교통정보센터(국도),127.793434,36.632186,Y
E903374,(국도37)괴산샘고개,국가교통정보센터(국도),127.749744,36.668498,Y
E903375,(국도37)괴산소수1교,국가교통정보센터(국도),127.7413,36.8575,Y
E903376,(국도37)괴산쇠삐리골(1),국가교통정보센터(국도),127.815277,36.61201,Y
E903377,(국도37)괴산쇠삐리골(2),국가교통정보센터(국도),127.809867,36.615968,Y
E903378,(국도37)괴산신월교,국가교통정보센터(국도),127.77883,36.635549,Y
E903379,(국도37)괴산신월리(1),국가교통정보센터(국도),127.782142,36.635568,Y
E903380,(국도37)괴산신월리(2),국가교통정보센터(국도),127.772922,36.63175,Y
E903381,(국도37)괴산아성1교차로,국가교통정보센터(국도),127.7613,36.8359,Y
E903382,(국도37)괴산아성2교,국가교통정보센터(국도),127.7727,36.8301,Y
E903383,(국도37)괴산입암교차로,국가교통정보센터(국도),127.7478,36.8475,Y
E903384,(국도37)괴산작은도둑골,국가교통정보센터(국도),127.752863,36.689029,Y
E903385,(국도37)괴산청천리,국가교통정보센터(국도),127.742975,36.663931,Y
E903386,(국도37)괴산청천사거리,국가교통정보센터(국도),127.7391,36.659483,Y
E903387,(국도37)괴산평단리(1),국가교통정보센터(국도),127.768377,36.630061,Y
E903388,(국도37)괴산평단리(2),국가교통정보센터(국도),127.76166,36.622881,Y
E903389,(국도37)괴산평단저수지남측,국가교통정보센터(국도),127.75847,36.622134,Y
E903390,(국도37)괴산평단저수지북측,국가교통정보센터(국도),127.753559,36.624722,Y
E903391,(국도37)금산관천마을입구,국가교통정보센터(국도),127.5299,36.0683,Y
E903392,(국도37)금산마수리,국가교통정보센터(국도),127.4773,36.1485,Y
E903393,(국도37)금산마장리,국가교통정보센터(국도),127.5193,36.078,Y
E903394,(국도37)금산마전교차로,국가교통정보센터(국도),127.4737,36.1869,Y
E903395,(국도37)금산백일사입구,국가교통정보센터(국도),127.5744924,36.0317713,Y
E903396,(국도37)금산부리파출소앞,국가교통정보센터(국도),127.5533,36.0639,Y
E903397,(국도37)금산불이리(1),국가교통정보센터(국도),127.5388,36.0644,Y
E903398,(국도37)금산불이리(2),국가교통정보센터(국도),127.5428,36.0636,Y
E903399,(국도37)금산삼풍삼거리,국가교통정보센터(국도),127.505,36.0927,Y
E903400,(국도37)금산신대리,국가교통정보센터(국도),127.5048,36.0881,Y
E903401,(국도37)금산신평교차로,국가교통정보센터(국도),127.501592,36.224785,Y
E903402,(국도37)금산양전교차로,국가교통정보센터(국도),127.4938,36.1152,Y
E903403,(국도37)금산엑스포교차로,국가교통정보센터(국도),127.5033,36.0984,Y
E903404,(국도37)금산인삼탑교차로,국가교통정보센터(국도),127.4969,36.1372,Y
E903405,(국도37)금산중도오거리,국가교통정보센터(국도),127.4995,36.1038,Y
E903406,(국도37)금산지사천교,국가교통정보센터(국도),127.4966,36.1206,Y
E903407,(국도37)금산추정삼거리,국가교통정보센터(국도),127.4738,36.1758,Y
E903408,(국도37)금산하신리교차로,국가교통정보센터(국도),127.4750258,36.1608187,Y
E903409,(국도37)금산현내리(1),국가교통정보센터(국도),127.5685765,36.0384461,Y
E903410,(국도37)금산현내리(2),국가교통정보센터(국도),127.5630428,36.0435745,Y
E903411,(국도37)금산현내삼거리,국가교통정보센터(국도),127.5575,36.0553,Y
E903412,(국도37)금산황풍교교차로,국가교통정보센터(국도),127.506,36.0821,Y
E903413,(국도37)보은금굴3교,국가교통정보센터(국도),127.732569,36.447317,Y
E903414,(국도37)보은누청리,국가교통정보센터(국도),127.753485,36.503099,Y
E903415,(국도37)보은대원리(1),국가교통정보센터(국도),127.785354,36.587031,Y
E903416,(국도37)보은대원리(2),국가교통정보센터(국도),127.787917,36.591714,Y
E903417,(국도37)보은동학터널,국가교통정보센터(국도),127.764497,36.518429,Y
E903418,(국도37)보은백석리,국가교통정보센터(국도),127.773352,36.561833,Y
E903419,(국도37)보은백현교,국가교통정보센터(국도),127.780305,36.554356,Y
E903420,(국도37)보은백현리(1),국가교통정보센터(국도),127.782982,36.558239,Y
E903421,(국도37)보은백현리(2),국가교통정보센터(국도),127.782062,36.561667,Y
E903422,(국도37)보은북암리(1),국가교통정보센터(국도),127.787528,36.543518,Y
E903423,(국도37)보은북암리(2),국가교통정보센터(국도),127.785317,36.550031,Y
E903424,(국도37)보은삼승터널서측,국가교통정보센터(국도),127.698566,36.443181,Y
E903425,(국도37)보은성족리,국가교통정보센터(국도),127.755816,36.51123,Y
E903426,(국도37)보은성족삼거리,국가교통정보센터(국도),127.759653,36.518844,Y
E903427,(국도37)보은속리터널,국가교통정보센터(국도),127.78467,36.510286,Y
E903428,(국도37)보은신정리,국가교통정보센터(국도),127.784682,36.579748,Y
E903429,(국도37)보은장갑리,국가교통정보센터(국도),127.776075,36.57415,Y
E903430,(국도37)보은중판문화마을,국가교통정보센터(국도),127.784111,36.528403,Y
E903431,(국도37)보은중판삼거리,국가교통정보센터(국도),127.794188,36.519726,Y
E903432,(국도37)보은충북알프스자연휴양림,국가교통정보센터(국도),127.781888,36.576967,Y
E903433,(국도37)보은하판리,국가교통정보센터(국도),127.783124,36.532868,Y
E903434,(국도37)상주용화삼거리,국가교통정보센터(국도),127.825407,36.600517,Y
E903435,(국도37)상주용화휴게소,국가교통정보센터(국도),127.822154,36.599676,Y
E903436,(국도37)상주운흥2리입구,국가교통정보센터(국도),127.820517,36.60523,Y
E903437,(국도37)상주운흥리,국가교통정보센터(국도),127.817449,36.5964,Y
E903438,(국도37)상주활목재생태통로,국가교통정보센터(국도),127.799401,36.59466,Y
E903439,(국도37)양평불곡리,국가교통정보센터(국도),127.538322,37.451437,Y
E903440,(국도37)연천궁평초등학교,국가교통정보센터(국도),127.1054736,38.02867785,Y
E903441,(국도37)옥천국원교차로,국가교통정보센터(국도),127.593472,36.349824,Y
E903442,(국도37)옥천국원리,국가교통정보센터(국도),127.58672,36.34348,Y
E903443,(국도37)옥천동평사거리,국가교통정보센터(국도),127.525111,36.271034,Y
E903444,(국도37)옥천상복교차로,국가교통정보센터(국도),127.50939,36.25081,Y
E903445,(국도37)옥천서대리,국가교통정보센터(국도),127.66465,36.39957,Y
E903446,(국도37)옥천서정1교차로,국가교통정보센터(국도),127.5566012,36.3117883,Y
E903447,(국도37)옥천소정리(1),국가교통정보센터(국도),127.601585,36.356786,Y
E903448,(국도37)옥천소정리(2),국가교통정보센터(국도),127.610853,36.367126,Y
E903449,(국도37)옥천안내교차로,국가교통정보센터(국도),127.652434,36.387172,Y
E903450,(국도37)옥천오동교차로,국가교통정보센터(국도),127.531889,36.29952,Y
E903451,(국도37)옥천옥각교차로,국가교통정보센터(국도),127.56942,36.32053,Y
E903452,(국도37)옥천옥천중앙비축창고,국가교통정보센터(국도),127.573238517087,36.3248541051212,Y
E903453,(국도37)옥천인포교차로,국가교통정보센터(국도),127.65091,36.37885,Y
E903454,(국도37)옥천장계2교차로,국가교통정보센터(국도),127.645091,36.371178,Y
E903455,(국도37)옥천장계대교,국가교통정보센터(국도),127.630045,36.371113,Y
E903456,(국도37)옥천지오리,국가교통정보센터(국도),127.57957,36.33295,Y
E903457,(국도37)옥천하동리,국가교통정보센터(국도),127.52881,36.288767,Y
E903458,(국도37)옥천현리교차로,국가교통정보센터(국도),127.661462,36.392654,Y
E903459,(국도37)음성구안1교차로,국가교통정보센터(국도),127.7106,36.8807,Y
E903460,(국도37)음성구안2교차로,국가교통정보센터(국도),127.7028,36.8914,Y
E903461,(국도37)음성무극교차로,국가교통정보센터(국도),127.609263,36.992156,Y
E903462,(국도37)음성소여교차로,국가교통정보센터(국도),127.64627,36.95002,Y
E903463,(국도37)음성음성IC교,국가교통정보센터(국도),127.6893,36.9158,Y
E903464,(국도37)음성주주골,국가교통정보센터(국도),127.680598,36.920364,Y
E903465,(국도37)음성하노교차로,국가교통정보센터(국도),127.6984,36.9045,Y
E903466,(국도37)포천거사1리입구사거리,국가교통정보센터(국도),127.247829,37.976531,Y
E903467,(국도37)포천유동리,국가교통정보센터(국도),127.298525,37.926444,Y
E903480,(국도37호선)가평군설악면가일리(4),국가교통정보센터(국도),127.48695,37.59623,Y
E903481,(국도37호선)가평군설악면방일리(1),국가교통정보센터(국도),127.48868,37.612698,Y
E903482,(국도37호선)가평군설악면방일리(2),국가교통정보센터(국도),127.49306,37.627872,Y
E903483,(국도37호선)가평군설악면신천리,국가교통정보센터(국도),127.479574,37.657744,Y
E903484,(국도37호선)가평군설악면천안리(1),국가교통정보센터(국도),127.480818,37.637709,Y
E903485,(국도37호선)가평군설악면천안리(2),국가교통정보센터(국도),127.47266,37.64531,Y
E903486,(국도37호선)가평군설악면회곡리(1),국가교통정보센터(국도),127.4587541,37.69937162,Y
E903487,(국도37호선)가평군설악면회곡리(2),국가교통정보센터(국도),127.4535,37.702438,Y
E903488,(국도37호선)가평군설악면회곡리(3),국가교통정보센터(국도),127.44876,37.704605,Y
E903489,(국도37호선)가평군설악면회곡리(4),국가교통정보센터(국도),127.43977,37.715683,Y
E903490,(국도37호선)가평군설악면회곡리(5),국가교통정보센터(국도),127.428849,37.721224,Y
E903491,(국도37호선)가평군설악면회곡리(6),국가교통정보센터(국도),127.42721,37.72189,Y
E903468,(국도37호선)가평다원교차로,국가교통정보센터(국도),127.406456,37.755799,Y
E903469,(국도37호선)가평명장삼거리,국가교통정보센터(국도),127.483826,37.668056,Y
E900306,(국도37호선)가평봉수교차로,국가교통정보센터(국도),127.2918194,37.86478611,Y
E903470,(국도37호선)가평상면교,국가교통정보센터(국도),127.3819903,37.7720955,Y
E903471,(국도37호선)가평상면터널(북),국가교통정보센터(국도),127.37193,37.77703,Y
E903472,(국도37호선)가평서파교차로북측,국가교통정보센터(국도),127.283436,37.85183,Y
E903473,(국도37호선)가평설악IC교차로,국가교통정보센터(국도),127.48661,37.67392,Y
E903474,(국도37호선)가평성적교,국가교통정보센터(국도),127.33715,37.81923,Y
E900307,(국도37호선)가평솔고개,국가교통정보센터(국도),127.471138,37.676641,Y
E903475,(국도37호선)가평신천교차로,국가교통정보센터(국도),127.485388,37.678092,Y
E903476,(국도37호선)가평자작4교전,국가교통정보센터(국도),127.2973751,37.8285017,Y
E903477,(국도37호선)가평하천교차로,국가교통정보센터(국도),127.43086,37.749844,Y
E903478,(국도37호선)가평항사1교,국가교통정보센터(국도),127.36792,37.79152,Y
E903479,(국도37호선)가평회곡2리,국가교통정보센터(국도),127.470112,37.684226,Y
E903492,(국도37호선)거창덕유산유스호스텔,국가교통정보센터(국도),127.836945,35.85361,Y
E903493,(국도37호선)거창빼재터널남측,국가교통정보센터(국도),127.835,35.856667,Y
E903494,(국도37호선)무주가당리1,국가교통정보센터(국도),127.578285,36.02405,Y
E903495,(국도37호선)무주가당리2,국가교통정보센터(국도),127.5808488,36.0181398,Y
E903496,(국도37호선)양평개군면입구,국가교통정보센터(국도),127.537334,37.42931788,Y
E900308,(국도37호선)양평공세교차로,국가교통정보센터(국도),127.528398,37.462805,Y
E903499,(국도37호선)양평군옥천면신복리(5),국가교통정보센터(국도),127.46199,37.58459,Y
E903500,(국도37호선)양평군옥천면신복리(7),국가교통정보센터(국도),127.47086,37.530062,Y
E903501,(국도37호선)양평군옥천면신복리(8),국가교통정보센터(국도),127.46427,37.535793,Y
E903502,(국도37호선)양평군옥천면신복리(9),국가교통정보센터(국도),127.463565,37.54435,Y
E900309,(국도37호선)양평백안교차로,국가교통정보센터(국도),127.517681,37.487125,Y
E903497,(국도37호선)양평신애삼거리,국가교통정보센터(국도),127.486816,37.517047,Y
E900310,(국도37호선)양평양평교차로,국가교통정보센터(국도),127.512697,37.497094,Y
E903498,(국도37호선)양평옥천저수지,국가교통정보센터(국도),127.47759,37.52564,Y
E900311,(국도37호선)양평중미산삼거리,국가교통정보센터(국도),127.45695,37.57775,Y
E900312,(국도37호선)양평회현교차로,국가교통정보센터(국도),127.518427,37.475449,Y
E900313,(국도37호선)여주가산교차로,국가교통정보센터(국도),127.6196694,37.3441278,Y
E900314,(국도37호선)여주농어촌지반공사,국가교통정보센터(국도),127.53955,37.41181,Y
E903503,(국도37호선)여주덕평삼거리,국가교통정보센터(국도),127.662249,37.187012,Y
E900315,(국도37호선)여주보통교차로,국가교통정보센터(국도),127.581238,37.372154,Y
E900316,(국도37호선)여주세종대교,국가교통정보센터(국도),127.61748,37.30175,Y
E903506,(국도37호선)여주시당남리,국가교통정보센터(국도),127.554202,37.391397,Y
E903507,(국도37호선)여주시당산리,국가교통정보센터(국도),127.590656,37.356905,Y
E900318,(국도37호선)여주시대신IC,국가교통정보센터(국도),127.569057,37.380828,Y
E903508,(국도37호선)여주시점동면덕평리(1),국가교통정보센터(국도),127.64173,37.16389,Y
E903509,(국도37호선)여주시점동면덕평리(2),국가교통정보센터(국도),127.661125,37.17468,Y
E900319,(국도37호선)여주시현암IC,국가교통정보센터(국도),127.628223,37.318813,Y
E903504,(국도37호선)여주처리교차로,국가교통정보센터(국도),127.6657,37.222332,Y
E900317,(국도37호선)여주천서사거리,국가교통정보센터(국도),127.545527777778,37.4037277777778,Y
E903505,(국도37호선)여주청안교차로,국가교통정보센터(국도),127.667885,37.20564,Y
E900320,(국도37호선)연천남계교차로,국가교통정보센터(국도),127.024756,38.019369,Y
E903510,(국도37호선)연천동이교차로,국가교통정보센터(국도),127.00398,38.01088,Y
E903511,(국도37호선)연천박석고개사거리,국가교통정보센터(국도),127.127087,38.022307,Y
E900321,(국도37호선)연천은대교차로,국가교통정보센터(국도),127.066025,38.044781,Y
E903512,(국도37호선)연천장탄교차로,국가교통정보센터(국도),127.088807,38.034119,Y
E903513,(국도37호선)연천전곡대교후,국가교통정보센터(국도),127.086362,38.038836,Y
E903514,(국도37호선)연천황지교차로,국가교통정보센터(국도),127.049286,38.033257,Y
E903518,(국도37호선)이천시장호원읍노탑리(1),국가교통정보센터(국도),127.628473,37.13555,Y
E903519,(국도37호선)이천시장호원읍노탑리(2),국가교통정보센터(국도),127.629166,37.128315,Y
E903515,(국도37호선)이천장호원삼거리,국가교통정보센터(국도),127.628949,37.116762,Y
E903516,(국도37호선)이천청미교사거리,국가교통정보센터(국도),127.6332,37.11788,Y
E903517,(국도37호선)이천풍계리,국가교통정보센터(국도),127.63,37.160554,Y
E903520,(국도37호선)임실태평리2,국가교통정보센터(국도),127.3740385,35.66279751,Y
E900322,(국도37호선)파주가월교차로,국가교통정보센터(국도),126.9174282,37.9810145,Y
E903521,(국도37호선)파주객현2교,국가교통정보센터(국도),126.945759,37.977062,Y
E900323,(국도37호선)파주답곡교차로,국가교통정보센터(국도),126.848927,37.952659,Y
E900324,(국도37호선)파주당동삼거리후,국가교통정보센터(국도),126.769083333333,37.8669638888889,Y
E903522,(국도37호선)파주두지교차로,국가교통정보센터(국도),126.88791,37.963063,Y
E900325,(국도37호선)파주두포삼거리,국가교통정보센터(국도),126.8267118,37.9094112,Y
E900326,(국도37호선)파주리비사거리,국가교통정보센터(국도),126.833857,37.941975,Y
E903523,(국도37호선)파주아포삼거리,국가교통정보센터(국도),126.83184,37.925606,Y
E900327,(국도37호선)파주어유교차로,국가교통정보센터(국도),126.9828523,37.9956397,Y
E900328,(국도37호선)파주율곡1교,국가교통정보센터(국도),126.8006256,37.8879553,Y
E900329,(국도37호선)파주율곡교차로,국가교통정보센터(국도),126.8148634,37.8889474,Y
E903524,(국도37호선)파주율곡수목원앞,국가교통정보센터(국도),126.820187,37.898452,Y
E903525,(국도37호선)파주임진1교,국가교통정보센터(국도),126.7927445,37.87754665,Y
E903526,(국도37호선)파주자장사거리,국가교통정보센터(국도),126.867209,37.963243,Y
E903527,(국도37호선)파주장현교차로,국가교통정보센터(국도),126.96706,37.9816,Y
E900330,(국도37호선)파주적성산단교차로,국가교통정보센터(국도),126.902334,37.970556,Y
E903528,(국도37호선)포천sk셀프주유소부근,국가교통정보센터(국도),127.30064,37.907887,Y
E903529,(국도37호선)포천거사교차로,국가교통정보센터(국도),127.23436,38.0023,Y
E903530,(국도37호선)포천금주1교,국가교통정보센터(국도),127.257372,37.961981,Y
E900331,(국도37호선)포천만세교삼거리,국가교통정보센터(국도),127.2510944,37.9691667,Y
E903531,(국도37호선)포천서파교차로,국가교통정보센터(국도),127.28054,37.847633,Y
E903532,(국도37호선)포천양문교차로,국가교통정보센터(국도),127.242768,37.991894,Y
E903533,(국도37호선)포천영송교차로,국가교통정보센터(국도),127.227021,38.011057,Y
E903534,(국도37호선)포천영평교차로,국가교통정보센터(국도),127.209822,38.019552,Y
E903535,(국도37호선)포천운악교차로,국가교통정보센터(국도),127.3023346,37.8840048,Y
E903536,(국도37호선)포천진군교사거리,국가교통정보센터(국도),127.15678,38.016926,Y
E903537,(국도37호선)포천화현교차로,국가교통정보센터(국도),127.3036769,37.8954986,Y
E903538,(국도37호선)포천화현교차로(2),국가교통정보센터(국도),127.3021937,37.89919,Y
E903540,(국도38)(국도38)가곡지하차도(송악방향),국가교통정보센터(국도),126.68212,36.97831,Y
E903541,(국도38)가곡지하차도(대산방향),국가교통정보센터(국도),126.683466,36.978533,Y
E903542,(국도38)고대지하차도(대산방향),국가교통정보센터(국도),126.72215,36.98107,Y
E903543,(국도38)고대지하차도(송악방향),국가교통정보센터(국도),126.72653,36.98102,Y
E903545,(국도38)고명지하차도영월방향1,국가교통정보센터(국도),128.2311971,37.1204391,Y
E903546,(국도38)고명지하차도영월방향2,국가교통정보센터(국도),128.2308514,37.1200338,Y
E903544,(국도38)고명지하차도영월방향외곽,국가교통정보센터(국도),128.2315129,37.1208267,Y
E903548,(국도38)고명지하차도제천방향1,국가교통정보센터(국도),128.2271356,37.1155776,Y
E903549,(국도38)고명지하차도제천방향2,국가교통정보센터(국도),128.227293,37.1159051,Y
E903547,(국도38)고명지하차도제천방향외곽,국가교통정보센터(국도),128.2267557,37.1152036,Y
E903550,(국도38)당진가곡리,국가교통정보센터(국도),126.671334,36.9794107,Y
E903551,(국도38)당진가곡삼거리,국가교통정보센터(국도),126.6777,36.978622,Y
E903552,(국도38)당진고대2교차로,국가교통정보센터(국도),126.74506,36.977894,Y
E903553,(국도38)당진고대교차로,국가교통정보센터(국도),126.73924,36.98079,Y
E903554,(국도38)당진고대지하차도,국가교통정보센터(국도),126.72863,36.980724,Y
E903555,(국도38)당진무수교차로,국가교통정보센터(국도),126.654251,36.970745,Y
E903556,(국도38)당진부곡교차로,국가교통정보센터(국도),126.780254,36.948603,Y
E903557,(국도38)당진삼봉교차로,국가교통정보센터(국도),126.532878,37.004758,Y
E903558,(국도38)당진삼봉육교,국가교통정보센터(국도),126.524064,37.004009,Y
E903559,(국도38)당진석문교차로,국가교통정보센터(국도),126.56699,36.994816,Y
E903560,(국도38)당진통정1교차로,국가교통정보센터(국도),126.588396,36.991012,Y
E903561,(국도38)당진한진리,국가교통정보센터(국도),126.76387,36.966717,Y
E903562,(국도38)동곡지하차도(대산방향),국가교통정보센터(국도),126.6993266,36.9785578,Y
E903563,(국도38)동곡지하차도(송악방향),국가교통정보센터(국도),126.7076583,36.9791252,Y
E903564,(국도38)삼척나한정역,국가교통정보센터(국도),129.03532,37.20083,Y
E903565,(국도38)삼척대평교차로,국가교통정보센터(국도),129.083759,37.334774,Y
E903566,(국도38)삼척도계교차로,국가교통정보센터(국도),129.055743,37.253335,Y
E903567,(국도38)삼척도계농공단지,국가교통정보센터(국도),129.06468,37.269524,Y
E903568,(국도38)삼척발이터널(북),국가교통정보센터(국도),129.06609,37.29147,Y
E903569,(국도38)삼척심포리,국가교통정보센터(국도),129.03438,37.194675,Y
E903570,(국도38)삼척심포리마을회관,국가교통정보센터(국도),129.033053,37.191351,Y
E903571,(국도38)삼척심포리역,국가교통정보센터(국도),129.030575,37.185391,Y
E903572,(국도38)삼척통리재(도계),국가교통정보센터(국도),129.0405731,37.17510986,Y
E903573,(국도38)삼척하정교차로,국가교통정보센터(국도),129.10254,37.38574,Y
E903574,(국도38)서산반곡교차로,국가교통정보센터(국도),126.43452,36.99092,Y
E903575,(국도38)서산삼길포교차로,국가교통정보센터(국도),126.45187,36.996418,Y
E903576,(국도38)안성미장리,국가교통정보센터(국도),127.3613,37.0429,Y
E903577,(국도38)영월느릅재,국가교통정보센터(국도),128.301998,37.179524,Y
E903578,(국도38)영월덕포리,국가교통정보센터(국도),128.50075,37.180958,Y
E903579,(국도38)영월동강휴게소,국가교통정보센터(국도),128.356731,37.177771,Y
E903580,(국도38)영월두평교,국가교통정보센터(국도),128.5244141,37.18686676,Y
E903581,(국도38)영월반송터널(동),국가교통정보센터(국도),128.54855,37.187923,Y
E903582,(국도38)영월서영월교차로,국가교통정보센터(국도),128.442499,37.187509,Y
E903583,(국도38)영월석항교차로,국가교통정보센터(국도),128.61375,37.199493,Y
E903584,(국도38)영월쌍용1교,국가교통정보센터(국도),128.318414,37.177392,Y
E903585,(국도38)영월쌍용2교차로,국가교통정보센터(국도),128.324311,37.169962,Y
E903586,(국도38)영월연당2교,국가교통정보센터(국도),128.384921,37.188452,Y
E903587,(국도38)영월연당교차로,국가교통정보센터(국도),128.40039,37.185055,Y
E903588,(국도38)영월연상교,국가교통정보센터(국도),128.58916,37.195038,Y
E903589,(국도38)영월연정교차로,국가교통정보센터(국도),128.36967,37.1868,Y
E903590,(국도38)영월연하교차로,국가교통정보센터(국도),128.559698,37.192952,Y
E903591,(국도38)영월창원교차로,국가교통정보센터(국도),128.344366,37.168701,Y
E903592,(국도38)음성궁장교차로,국가교통정보센터(국도),127.655102,37.119659,Y
E903593,(국도38)음성궁장천교,국가교통정보센터(국도),127.67754,37.117516,Y
E903594,(국도38)음성문촌교차로,국가교통정보센터(국도),127.70046,37.110542,Y
E903595,(국도38)음성문촌리,국가교통정보센터(국도),127.71084,37.112812,Y
E903596,(국도38)음성양성교차로,국가교통정보센터(국도),127.717991,37.112342,Y
E903597,(국도38)이천제요1교,국가교통정보센터(국도),127.5571,37.1109,Y
E903598,(국도38)정선가사육교,국가교통정보센터(국도),128.658302,37.236707,Y
E903599,(국도38)정선고한2교,국가교통정보센터(국도),128.846101,37.207484,Y
E903600,(국도38)정선고한리1,국가교통정보센터(국도),128.88806,37.201153,Y
E903601,(국도38)정선고한리2,국가교통정보센터(국도),128.87482,37.200684,Y
E903602,(국도38)정선고한리3,국가교통정보센터(국도),128.871918,37.198218,Y
E903603,(국도38)정선고한터널북측,국가교통정보센터(국도),128.856411,37.201493,Y
E903604,(국도38)정선곰골,국가교통정보센터(국도),128.69978,37.26607,Y
E903605,(국도38)정선두문동재(고한),국가교통정보센터(국도),128.897544,37.206299,Y
E903606,(국도38)정선마차재,국가교통정보센터(국도),128.6696472,37.26977921,Y
E903607,(국도38)정선마차휴게소,국가교통정보센터(국도),128.666031,37.264323,Y
E903608,(국도38)정선메이힐스,국가교통정보센터(국도),128.83423,37.212936,Y
E903609,(국도38)정선문곡1교,국가교통정보센터(국도),128.718103,37.267515,Y
E903610,(국도38)정선문곡3교,국가교통정보센터(국도),128.725911,37.264127,Y
E903611,(국도38)정선문곡5교,국가교통정보센터(국도),128.733314,37.260552,Y
E903612,(국도38)정선문곡7교,국가교통정보센터(국도),128.74864,37.264317,Y
E903613,(국도38)정선문곡교차로,국가교통정보센터(국도),128.741099,37.265061,Y
E903614,(국도38)정선문곡리,국가교통정보센터(국도),128.68451,37.270855,Y
E903615,(국도38)정선민둥산교차로,국가교통정보센터(국도),128.77835,37.254833,Y
E903616,(국도38)정선민둥산쉼터,국가교통정보센터(국도),128.763922,37.260213,Y
E903617,(국도38)정선사북1교,국가교통정보센터(국도),128.819214,37.229264,Y
E903618,(국도38)정선사북교차로,국가교통정보센터(국도),128.807327,37.227195,Y
E903619,(국도38)정선상갈래교차로,국가교통정보센터(국도),128.86898,37.194305,Y
E903620,(국도38)정선소두골입구,국가교통정보센터(국도),128.882879,37.201174,Y
E903621,(국도38)정선신동교차로남측,국가교통정보센터(국도),128.628617,37.203714,Y
E903622,(국도38)정선예미1교,국가교통정보센터(국도),128.648213,37.222183,Y
E903623,(국도38)정선예미2교,국가교통정보센터(국도),128.6557,37.230503,Y
E903624,(국도38)정선예미교차로,국가교통정보센터(국도),128.642566,37.216141,Y
E903625,(국도38)정선원가사리,국가교통정보센터(국도),128.66489,37.255337,Y
E903626,(국도38)정선원평휴게소,국가교통정보센터(국도),128.662712,37.246931,Y
E903627,(국도38)정선증산교차로,국가교통정보센터(국도),128.7770081,37.24250031,Y
E903628,(국도38)정선증산터널남측,국가교통정보센터(국도),128.793902,37.227991,Y
E903629,(국도38)정선지장천4교,국가교통정보센터(국도),128.833021,37.214808,Y
E903630,(국도38)제천고명육교,국가교통정보센터(국도),128.2322,37.1218,Y
E903631,(국도38)제천고산교차로,국가교통정보센터(국도),128.134554,37.130155,Y
E903632,(국도38)제천공전입구삼거리,국가교통정보센터(국도),128.094959,37.133205,Y
E903633,(국도38)제천두학2교,국가교통정보센터(국도),128.243,37.13,Y
E903634,(국도38)제천두학교차로,국가교통정보센터(국도),128.25,37.141,Y
E903635,(국도38)제천무도교차로,국가교통정보센터(국도),128.2908,37.1843,Y
E903636,(국도38)제천무도리,국가교통정보센터(국도),128.2554,37.1522,Y
E903637,(국도38)제천박달재교차로,국가교통정보센터(국도),128.03697,37.143227,Y
E903638,(국도38)제천소월교차로,국가교통정보센터(국도),128.00473,37.123825,Y
E903639,(국도38)제천송학IC,국가교통정보센터(국도),128.2577,37.1715,Y
E903640,(국도38)제천송학IC(송학교),국가교통정보센터(국도),128.2565,37.1779,Y
E903641,(국도38)제천송학교차로,국가교통정보센터(국도),128.2702,37.1836,Y
E903642,(국도38)제천원박교,국가교통정보센터(국도),128.076135,37.137623,Y
E903643,(국도38)제천원박사거리,국가교통정보센터(국도),128.088821,37.132738,Y
E903644,(국도38)제천이동검문소,국가교통정보센터(국도),128.2571,37.1607,Y
E903645,(국도38)제천장평삼거리,국가교통정보센터(국도),128.127703,37.131154,Y
E903646,(국도38)제천주포2교,국가교통정보센터(국도),128.11902,37.131104,Y
E903647,(국도38)제천평동교차로,국가교통정보센터(국도),128.025192,37.134796,Y
E903648,(국도38)충주가흥교차로,국가교통정보센터(국도),127.85608,37.070774,Y
E903649,(국도38)충주능암교차로,국가교통정보센터(국도),127.809043,37.088208,Y
E903650,(국도38)충주다릿재터널,국가교통정보센터(국도),127.973569,37.113796,Y
E903651,(국도38)충주대평촌교차로,국가교통정보센터(국도),127.829895,37.07855,Y
E903652,(국도38)충주돈산육교,국가교통정보센터(국도),127.790016,37.097736,Y
E903653,(국도38)충주마련교차로,국가교통정보센터(국도),127.7706,37.099457,Y
E903654,(국도38)충주목계대교,국가교통정보센터(국도),127.87863,37.069866,Y
E903655,(국도38)충주산척사거리,국가교통정보센터(국도),127.954521,37.081451,Y
E903656,(국도38)충주송강교차로,국가교통정보센터(국도),127.965625,37.09094,Y
E903657,(국도38)충주신대교차로,국가교통정보센터(국도),127.845187,37.07525,Y
E903658,(국도38)충주용대교,국가교통정보센터(국도),127.758618,37.100378,Y
E903659,(국도38)충주유량교차로,국가교통정보센터(국도),127.74428,37.10334,Y
E903660,(국도38)충주율능교차로,국가교통정보센터(국도),127.906052,37.068326,Y
E903539,(국도38)충주이동식과적검문소,국가교통정보센터(국도),127.782234,37.101754,Y
E903661,(국도38)충주지당졸음쉼터,국가교통정보센터(국도),127.727483,37.10884,Y
E903662,(국도38)충주풀무교,국가교통정보센터(국도),127.9731,37.1021,Y
E903663,(국도38)충주하영교차로,국가교통정보센터(국도),127.93013,37.07319,Y
E903664,(국도38)평택안성천2교,국가교통정보센터(국도),127.0905,36.9762,Y
E903665,(국도38)평택포승JC,국가교통정보센터(국도),126.8721,36.972,Y
E903674,(국도38호선)당진금배교,국가교통정보센터(국도),126.55139,36.99915,Y
E903666,(국도38호선)당진도비도교차로,국가교통정보센터(국도),126.47098,37.00672,Y
E903667,(국도38호선)당진동곡리,국가교통정보센터(국도),126.69652,36.978603,Y
E903668,(국도38호선)당진동곡지하차도,국가교통정보센터(국도),126.706886,36.978812,Y
E900332,(국도38호선)당진법석이교차로,국가교통정보센터(국도),126.8067331,36.9123242,Y
E903675,(국도38호선)당진새터교차로,국가교통정보센터(국도),126.615364,36.97703,Y
E903669,(국도38호선)당진석문대교,국가교통정보센터(국도),126.63519,36.970867,Y
E903670,(국도38호선)당진송악IC,국가교통정보센터(국도),126.78956,36.938557,Y
E900333,(국도38호선)당진송악읍,국가교통정보센터(국도),126.79376,36.93342,Y
E903671,(국도38호선)당진주유소앞,국가교통정보센터(국도),126.57879,36.993504,Y
E903676,(국도38호선)당진천보사교,국가교통정보센터(국도),126.54114,37.001385,Y
E903677,(국도38호선)당진초락교,국가교통정보센터(국도),126.510735,37.00187,Y
E903672,(국도38호선)당진초락교차로,국가교통정보센터(국도),126.491455,37.00829,Y
E903673,(국도38호선)당진평장교차로,국가교통정보센터(국도),126.59732,36.983807,Y
E900334,(국도38호선)삼척마차교차로,국가교통정보센터(국도),129.071818,37.310408,Y
E900335,(국도38호선)삼척미로교차로,국가교통정보센터(국도),129.12132,37.410718,Y
E900336,(국도38호선)삼척유리테마파크,국가교통정보센터(국도),129.030147,37.193722,Y
E900337,(국도38호선)삼척하이원추추파크,국가교통정보센터(국도),129.032199,37.18341,Y
E903679,(국도38호선)서산대호방조제,국가교통정보센터(국도),126.460045,37.001507,Y
E903678,(국도38호선)서산화곡교차로,국가교통정보센터(국도),126.42699,36.989803,Y
E900338,(국도38호선)안성공도삼거리,국가교통정보센터(국도),127.1622554,36.99827559,Y
E903680,(국도38호선)안성내리고가교,국가교통정보센터(국도),127.2340639,37.01575833,Y
E900339,(국도38호선)안성내리사거리,국가교통정보센터(국도),127.2198019,37.01033952,Y
E900340,(국도38호선)안성능국삼거리,국가교통정보센터(국도),127.4837365,37.10249079,Y
E900341,(국도38호선)안성대덕터널,국가교통정보센터(국도),127.2447177,37.0223152,Y
E903681,(국도38호선)안성동아방송예대,국가교통정보센터(국도),127.3653163,37.05669624,Y
E900342,(국도38호선)안성동일죽휴게소,국가교통정보센터(국도),127.5163336,37.10182536,Y
E903682,(국도38호선)안성두현교차로,국가교통정보센터(국도),127.4132399,37.07041298,Y
E900343,(국도38호선)안성마전1교,국가교통정보센터(국도),127.3515696,37.03162346,Y
E900344,(국도38호선)안성마정1육교앞,국가교통정보센터(국도),127.1944024,37.0081765,Y
E903683,(국도38호선)안성만정사거리,국가교통정보센터(국도),127.16897,37.004344,Y
E900345,(국도38호선)안성삼죽삼거리,국가교통정보센터(국도),127.3712242,37.06397924,Y
E900346,(국도38호선)안성안성IC입구,국가교통정보센터(국도),127.1500801,36.99773675,Y
E903684,(국도38호선)안성안양교,국가교통정보센터(국도),127.2081639,37.00963611,Y
E903685,(국도38호선)안성월정교차로,국가교통정보센터(국도),127.46325,37.08752,Y
E900347,(국도38호선)안성일죽IC삼거리,국가교통정보센터(국도),127.4515732,37.08669496,Y
E903686,(국도38호선)안성일죽면당촌리,국가교통정보센터(국도),127.5008972,37.10317691,Y
E900348,(국도38호선)안성일죽종합고앞,국가교통정보센터(국도),127.470555349,37.0918418403,Y
E903687,(국도38호선)안성종합운동장삼거리,국가교통정보센터(국도),127.3269985,37.02125525,Y
E903688,(국도38호선)안성죽산만남의광장,국가교통정보센터(국도),127.3858444,37.07031111,Y
E900349,(국도38호선)안성터미널교차로,국가교통정보센터(국도),127.2952528,37.01206593,Y
E900350,(국도38호선)이천송산리,국가교통정보센터(국도),127.5819069,37.11474192,Y
E900351,(국도38호선)이천제요2리,국가교통정보센터(국도),127.5489469,37.11075752,Y
E903689,(국도38호선)이천제요교차로,국가교통정보센터(국도),127.574215,37.109573,Y
E900352,(국도38호선)이천진암IC,국가교통정보센터(국도),127.6054938,37.11518351,Y
E903690,(국도38호선)이천진암사거리,국가교통정보센터(국도),127.6226121,37.1146975,Y
E903691,(국도38호선)평택경기도종자관리소,국가교통정보센터(국도),126.9753056,37.00736944,Y
E903699,(국도38호선)평택고덕교차로,국가교통정보센터(국도),127.04438,37.008884,Y
E900353,(국도38호선)평택궁안교,국가교통정보센터(국도),127.018558333333,37.0174722222222,Y
E903692,(국도38호선)평택금곡1리,국가교통정보센터(국도),126.9550306,36.99778333,Y
E900354,(국도38호선)평택내기삼거리,국가교통정보센터(국도),126.8807961,36.98232068,Y
E903693,(국도38호선)평택만호사거리,국가교통정보센터(국도),126.85475,36.96164,Y
E903694,(국도38호선)평택매상교후,국가교통정보센터(국도),126.904045,36.928701,Y
E900355,(국도38호선)평택서부두입구삼거리,국가교통정보센터(국도),126.8843861,36.94049722,Y
E903695,(국도38호선)평택신대육교,국가교통정보센터(국도),127.0551861,37.00366389,Y
E900356,(국도38호선)평택안중사거리,국가교통정보센터(국도),126.938666,36.990555,Y
E900357,(국도38호선)평택안중오거리,국가교통정보센터(국도),126.9328519,36.9894698,Y
E900358,(국도38호선)평택오성IC입구,국가교통정보센터(국도),126.994644444444,37.0116527777778,Y
E903696,(국도38호선)평택용이1교차로,국가교통정보센터(국도),127.1348852,36.9929088,Y
E903697,(국도38호선)평택용이2교차로,국가교통정보센터(국도),127.1447173,36.99724678,Y
E903698,(국도38호선)평택우경삼거리,국가교통정보센터(국도),126.9064139,36.91959722,Y
E900359,(국도38호선)평택현화교차로,국가교통정보센터(국도),126.9124283,36.99097298,Y
E903701,(국도39)공주공주마이스터고,국가교통정보센터(국도),126.95088,36.54781,Y
E903702,(국도39)공주대룡리,국가교통정보센터(국도),126.9395569,36.4931449,Y
E903703,(국도39)공주만천교차로(2),국가교통정보센터(국도),126.9474,36.5414,Y
E903704,(국도39)공주문금리,국가교통정보센터(국도),126.9791,36.6455,Y
E903705,(국도39)공주백룡리,국가교통정보센터(국도),126.9537877,36.5075501,Y
E903706,(국도39)공주산정교차로,국가교통정보센터(국도),126.9633897,36.5133258,Y
E903707,(국도39)공주솔티터널북측,국가교통정보센터(국도),126.9463154,36.468038,Y
E903708,(국도39)공주신달교,국가교통정보센터(국도),126.9716,36.5948,Y
E903709,(국도39)공주신달리,국가교통정보센터(국도),126.9697,36.6034,Y
E903710,(국도39)공주신영리(1),국가교통정보센터(국도),126.9716,36.5804,Y
E903711,(국도39)공주유구IC교차로(1),국가교통정보센터(국도),126.9646379,36.5622854,Y
E903700,(국도39)공주유구IC교차로(2),국가교통정보센터(국도),126.9699,36.5718,Y
E903712,(국도39)공주유구교,국가교통정보센터(국도),126.9545,36.5558,Y
E903713,(국도39)공주유구리,국가교통정보센터(국도),126.95566,36.55847,Y
E903714,(국도39)공주청흥3교차로,국가교통정보센터(국도),126.938027,36.486222,Y
E903715,(국도39)공주청흥리,국가교통정보센터(국도),126.9432322,36.4743701,Y
E903716,(국도39)공주추계1구마을회관,국가교통정보센터(국도),126.9724,36.6165,Y
E903717,(국도39)공주추계교,국가교통정보센터(국도),126.9704502,36.6279087,Y
E903718,(국도39)공주추계교차로,국가교통정보센터(국도),126.9718,36.6342,Y
E903719,(국도39)공주탑곡삼거리,국가교통정보센터(국도),126.9769,36.6418,Y
E903720,(국도39)남동지하차도남동1,국가교통정보센터(국도),127.0385837,36.7717012,Y
E903721,(국도39)남동지하차도남동2,국가교통정보센터(국도),127.0384215,36.7750867,Y
E903722,(국도39)부여구룡삼거리,국가교통정보센터(국도),126.8599117,36.3230171,Y
E903723,(국도39)부여은산중학교삼거리,국가교통정보센터(국도),126.8549077,36.3123544,Y
E903724,(국도39)아산각흘고개,국가교통정보센터(국도),126.9827,36.6523,Y
E903725,(국도39)아산거산1리,국가교통정보센터(국도),126.9892,36.6708,Y
E903726,(국도39)아산거산2리,국가교통정보센터(국도),126.987,36.6614,Y
E903727,(국도39)아산거산리,국가교통정보센터(국도),126.9909,36.6791,Y
E903728,(국도39)아산거산초등학교,국가교통정보센터(국도),126.9886,36.6967,Y
E903729,(국도39)아산곡교IC교,국가교통정보센터(국도),126.983,36.81135,Y
E903730,(국도39)아산궁평휴게소,국가교통정보센터(국도),126.99131,36.70529,Y
E903731,(국도39)아산남동지하차도,국가교통정보센터(국도),127.0384,36.77322,Y
E903732,(국도39)아산방미교,국가교통정보센터(국도),126.9983,36.7046,Y
E903733,(국도39)아산백암교차로,국가교통정보센터(국도),127.0331,36.7953,Y
E903734,(국도39)아산서원교차로,국가교통정보센터(국도),126.9666759,36.8406296,Y
E903735,(국도39)아산석정교,국가교통정보센터(국도),127.0042,36.8053,Y
E903736,(국도39)아산석정리,국가교통정보센터(국도),126.9956,36.8108,Y
E903737,(국도39)아산송곡2리교차로,국가교통정보센터(국도),127.0207,36.8018,Y
E903738,(국도39)아산송학리,국가교통정보센터(국도),126.99099,36.68721,Y
E903740,(국도39)아산실버요양원,국가교통정보센터(국도),127.005,36.7094,Y
E903739,(국도39)아산실버요양원(취약),국가교통정보센터(국도),127.005733,36.706846,Y
E903741,(국도39)아산아산공원묘원입구,국가교통정보센터(국도),126.98595,36.65933,Y
E903742,(국도39)아산아산휴게소,국가교통정보센터(국도),126.9640825,36.84544791,Y
E903743,(국도39)아산역촌리,국가교통정보센터(국도),127.00814,36.72327,Y
E903744,(국도39)아산역촌삼거리,국가교통정보센터(국도),127.00558,36.71764,Y
E903745,(국도39)아산염치IC교차로,국가교통정보센터(국도),126.9700123,36.8221652,Y
E903746,(국도39)아산오미니고개(1),국가교통정보센터(국도),127.005882,36.713512,Y
E903747,(국도39)아산오미니고개(2),국가교통정보센터(국도),127.006096,36.711548,Y
E903748,(국도39)아산외암민속마을입구,국가교통정보센터(국도),127.01145,36.72825,Y
E903749,(국도39)아산외암삼거리,국가교통정보센터(국도),127.0117,36.7359,Y
E903750,(국도39)아산월선교차로,국가교통정보센터(국도),126.9307587,36.87918701,Y
E903751,(국도39)아산유곡1리입구,국가교통정보센터(국도),126.9895,36.7041,Y
E903752,(국도39)아산이순신휴게소,국가교통정보센터(국도),126.9671002,36.83143643,Y
E903753,(국도39)아산제1거산교,국가교통정보센터(국도),126.989283,36.666786,Y
E903754,(국도39)아산탕정교차로,국가교통정보센터(국도),127.0376,36.7955,Y
E903755,(국도39)양주용못골정류장,국가교통정보센터(국도),127.00460052,37.73633575,Y
E903756,(국도39)양주장흥1교,국가교통정보센터(국도),126.949078,37.727672,Y
E903757,(국도39)청양문드레미고개,국가교통정보센터(국도),126.9243344,36.3617896,Y
E903758,(국도39)청양미당사거리,국가교통정보센터(국도),126.9323049,36.3675421,Y
E903759,(국도39)청양서정리사거리,국가교통정보센터(국도),126.949819,36.409012,Y
E903760,(국도39)청양솔티터널남측,국가교통정보센터(국도),126.9503954,36.4621621,Y
E903761,(국도39)청양송학리,국가교통정보센터(국도),126.9495216,36.4556016,Y
E903762,(국도39)청양신덕삼거리,국가교통정보센터(국도),126.9376532,36.3917971,Y
E903763,(국도39)청양신성리입구,국가교통정보센터(국도),126.8846806,36.3338002,Y
E903764,(국도39)청양애경아파트,국가교통정보센터(국도),126.9412465,36.3980613,Y
E903765,(국도39)청양은곡리고개,국가교통정보센터(국도),126.9055435,36.3500885,Y
E903766,(국도39)청양장평사거리,국가교통정보센터(국도),126.8914015,36.3400982,Y
E903767,(국도39)청양장평초등학교,국가교통정보센터(국도),126.8992071,36.3453276,Y
E903768,(국도39)청양정구재골,국가교통정보센터(국도),126.870253,36.3338787,Y
E903769,(국도39)청양정산삼거리,국가교통정보센터(국도),126.9415236,36.4030432,Y
E903770,(국도39)청양학암교,국가교통정보센터(국도),126.9353891,36.3760248,Y
E903771,(국도39)청양학암리,국가교통정보센터(국도),126.9369246,36.3862739,Y
E903772,(국도39)청양해남보건진료소,국가교통정보센터(국도),126.9557742,36.4425396,Y
E903773,(국도39호선)고양고봉교,국가교통정보센터(국도),126.852585,37.69528,Y
E903774,(국도39호선)고양왕릉IC,국가교통정보센터(국도),126.841748,37.674362,Y
E903775,(국도39호선)고양원당야구장,국가교통정보센터(국도),126.83318,37.67072,Y
E903776,(국도39호선)고양주교IC,국가교통정보센터(국도),126.82652,37.648956,Y
E903777,(국도39호선)고양주교교,국가교통정보센터(국도),126.828731,37.658448,Y
E903778,(국도39호선)고양주교지하차도,국가교통정보센터(국도),126.8298646,37.66478078,Y
E903779,(국도39호선)고양토당IC,국가교통정보센터(국도),126.817123,37.628157,Y
E900360,(국도39호선)아산곡교교차로,국가교통정보센터(국도),126.976723,36.811052,Y
E900361,(국도39호선)아산신운교차로,국가교통정보센터(국도),126.9427407,36.8722546,Y
E900362,(국도39호선)아산아산1교차로,국가교통정보센터(국도),126.951557,36.863104,Y
E900363,(국도39호선)아산아산교차로,국가교통정보센터(국도),126.958751,36.854998,Y
E900364,(국도39호선)아산옥정교차로,국가교통정보센터(국도),126.989589,36.80039,Y
E900365,(국도39호선)아산인주육교,국가교통정보센터(국도),126.91566,36.8862,Y
E900366,(국도39호선)양주울대고개교차로,국가교통정보센터(국도),126.996970137,37.73089018,Y
E900367,(국도39호선)양주일영리,국가교통정보센터(국도),126.924161914,37.7183369807,Y
E903780,(국도39호선)평택가사초교,국가교통정보센터(국도),126.9153999,36.9337837,Y
E900368,(국도39호선)평택금곡삼거리,국가교통정보센터(국도),126.9387053,36.99656097,Y
E900369,(국도39호선)평택기산교차로,국가교통정보센터(국도),126.9124794,36.95030894,Y
E900370,(국도39호선)평택용성3리,국가교통정보센터(국도),126.9461948,37.01442294,Y
E900371,(국도39호선)평택인광육교,국가교통정보센터(국도),126.9249815,36.9606678,Y
E900372,(국도39호선)평택청북교차로,국가교통정보센터(국도),126.9310671,37.04909753,Y
E903781,(국도39호선)평택평택서부공설운동장,국가교통정보센터(국도),126.9426485,37.0277023,Y
E900373,(국도39호선)평택현덕교차로,국가교통정보센터(국도),126.9108423,36.91790302,Y
E903782,(국도39호선)화성구포리,국가교통정보센터(국도),126.8840444,37.23819444,Y
E903783,(국도39호선)화성금탑휴게소,국가교통정보센터(국도),126.8750944,37.21145278,Y
E903784,(국도39호선)화성남비봉ICRA1교,국가교통정보센터(국도),126.8784623,37.20384758,Y
E903785,(국도39호선)화성발안교,국가교통정보센터(국도),126.898268,37.125997,Y
E903786,(국도39호선)화성발안교차로,국가교통정보센터(국도),126.8963384,37.1326979,Y
E900374,(국도39호선)화성상신지하차도교차로,국가교통정보센터(국도),126.9019836,37.09961835,Y
E903787,(국도39호선)화성송라저수지,국가교통정보센터(국도),126.9086813,37.28304572,Y
E900375,(국도39호선)화성숙곡교차로,국가교통정보센터(국도),126.8964504,37.25223203,Y
E900376,(국도39호선)화성쌍학교차로,국가교통정보센터(국도),126.8910689,37.24504833,Y
E903788,(국도39호선)화성야목육교,국가교통정보센터(국도),126.9022361,37.25961944,Y
E900377,(국도39호선)화성양노교차로,국가교통정보센터(국도),126.8752729,37.22220092,Y
E903789,(국도39호선)화성요당2리,국가교통정보센터(국도),126.91384,37.071883,Y
E903790,(국도39호선)화성율암교차로(2),국가교통정보센터(국도),126.891531,37.1567303,Y
E900378,(국도39호선)화성자안교차로,국가교통정보센터(국도),126.8795083,37.19392277,Y
E903791,(국도39호선)화성제암육교,국가교통정보센터(국도),126.9003591,37.11802091,Y
E900379,(국도39호선)화성지월교차로,국가교통정보센터(국도),126.8927875,37.14302588,Y
E903792,(국도39호선)화성태행산훈련장앞,국가교통정보센터(국도),126.872876,37.215802,Y
E903793,(국도39호선)화성팔탄1공단,국가교통정보센터(국도),126.8838444,37.17935833,Y
E900380,(국도39호선)화성팔탄교차로,국가교통정보센터(국도),126.891681,37.1660778,Y
E903794,(국도39호선)화성하길4리입구,국가교통정보센터(국도),126.9134639,37.08294722,Y
E903795,(국도39호선)화성함백교차로,국가교통정보센터(국도),126.9087472,37.27675833,Y
E903796,(국도39호선)화성향남제약일반산업단지,국가교통정보센터(국도),126.9106722,37.09229635,Y
E903797,(국도3)거창가지교차로,국가교통정보센터(국도),127.89389,35.70667,Y
E903798,(국도3)거창도평교차로,국가교통정보센터(국도),127.916667,35.748056,Y
E903799,(국도3)거창말흘교차로,국가교통정보센터(국도),127.861946,35.696945,Y
E903800,(국도3)거창명박골,국가교통정보센터(국도),127.93473,35.8286,Y
E903801,(국도3)거창산포교차로,국가교통정보센터(국도),127.92538,35.8158,Y
E903802,(국도3)거창삼거리교,국가교통정보센터(국도),127.836389,35.684722,Y
E903803,(국도3)거창성기교차로,국가교통정보센터(국도),127.919836,35.777364,Y
E903804,(국도3)거창성북교차로,국가교통정보센터(국도),127.91924,35.78971,Y
E903805,(국도3)거창송정교차로,국가교통정보센터(국도),128.033889,35.998333,Y
E903806,(국도3)거창송천휴게소,국가교통정보센터(국도),127.9166,35.780743,Y
E903807,(국도3)거창우두령교차로,국가교통정보센터(국도),127.93692,35.84372,Y
E903808,(국도3)거창웅양3교,국가교통정보센터(국도),127.935926,35.8385,Y
E903809,(국도3)거창웅양교차로,국가교통정보센터(국도),127.9168,35.802174,Y
E903810,(국도3)거창주상교차로,국가교통정보센터(국도),127.91805,35.75833,Y
E903811,(국도3)거창죽동교차로,국가교통정보센터(국도),127.89917,35.725,Y
E903812,(국도3)거창지동교차로,국가교통정보센터(국도),127.845276,35.696667,Y
E903813,(국도3)광주곤지암IC,국가교통정보센터(국도),127.3216728,37.35757097,Y
E903814,(국도3)광주쌍동분기점,국가교통정보센터(국도),127.29595,37.37976,Y
E903815,(국도3)괴산수옥교차로,국가교통정보센터(국도),128.02315,36.79886,Y
E903816,(국도3)괴산연풍휴게소,국가교통정보센터(국도),128.009086,36.75463,Y
E903817,(국도3)괴산조령교,국가교통정보센터(국도),128.0205,36.7844,Y
E903818,(국도3)괴산행촌교차로,국가교통정보센터(국도),128.0038,36.767136,Y
E903819,(국도3)김천가좌교남측,국가교통정보센터(국도),128.01375,35.965237,Y
E903820,(국도3)김천감천교차로,국가교통정보센터(국도),128.1325,36.095556,Y
E903821,(국도3)김천감천터널북측,국가교통정보센터(국도),128.15222,36.105,Y
E903822,(국도3)김천과곡교차로,국가교통정보센터(국도),128.083611,36.062,Y
E903823,(국도3)김천관기교차로,국가교통정보센터(국도),127.96777,35.91722,Y
E903824,(국도3)김천광평교,국가교통정보센터(국도),128.065556,36.039167,Y
E903825,(국도3)김천교리교차로,국가교통정보센터(국도),128.502993,36.112753,Y
E903826,(국도3)김천구례교북측,국가교통정보센터(국도),128.099152,36.222755,Y
E903827,(국도3)김천구성교,국가교통정보센터(국도),128.048889,36.030278,Y
E903828,(국도3)김천대덕1교,국가교통정보센터(국도),127.94211,35.8845,Y
E903829,(국도3)김천대동교차로남측,국가교통정보센터(국도),127.9422206,35.8677308,Y
E903831,(국도3)김천덕촌교차로,국가교통정보센터(국도),128.153934,36.17459,Y
E903830,(국도3)김천덕촌교차로서측,국가교통정보센터(국도),128.142304,36.176784,Y
E903832,(국도3)김천동김천IC교차로,국가교통정보센터(국도),128.177804,36.146855,Y
E903833,(국도3)김천동좌교남측,국가교통정보센터(국도),128.107775,36.193821,Y
E903834,(국도3)김천미평1교차로,국가교통정보센터(국도),128.03833,36.025,Y
E903835,(국도3)김천방산교,국가교통정보센터(국도),128.03166,36.011665,Y
E903836,(국도3)김천상부교차로,국가교통정보센터(국도),128.02888,35.98111,Y
E903837,(국도3)김천서부교,국가교통정보센터(국도),128.1696,36.160072,Y
E903838,(국도3)김천송죽교차로,국가교통정보센터(국도),128.07222,36.05722,Y
E903839,(국도3)김천신평1교,국가교통정보센터(국도),128.022778,35.970278,Y
E903840,(국도3)김천양강교,국가교통정보센터(국도),128.12167,36.094166,Y
E903841,(국도3)김천양하교차로,국가교통정보센터(국도),128.099444,36.083056,Y
E903842,(국도3)김천어모교차로,국가교통정보센터(국도),128.113217,36.172599,Y
E903843,(국도3)김천여남재인근,국가교통정보센터(국도),128.09146,36.25095,Y
E903844,(국도3)김천옥율교차로,국가교통정보센터(국도),128.1117,36.181396,Y
E903845,(국도3)김천외산교차로,국가교통정보센터(국도),127.948256,35.8984785,Y
E903846,(국도3)김천우두령학습체험마을입구,국가교통정보센터(국도),127.9388286,35.8585379,Y
E903847,(국도3)김천유점교차로북측,국가교통정보센터(국도),128.093031,36.244042,Y
E903848,(국도3)김천율곡천1교,국가교통정보센터(국도),128.17918,36.11677,Y
E903849,(국도3)김천하강교차로,국가교통정보센터(국도),128.0875,36.07611,Y
E903850,(국도3)김천혁신2지하차도북측,국가교통정보센터(국도),128.18565,36.132538,Y
E903851,(국도3)김천호미교북측,국가교통정보센터(국도),127.973945,35.92991,Y
E903852,(국도3)김천화전2리마을입구,국가교통정보센터(국도),127.960655,35.909352,Y
E903853,(국도3)남해가인포보건소,국가교통정보센터(국도),128.05049,34.75238,Y
E903854,(국도3)남해곤유마을회관,국가교통정보센터(국도),128.01105,34.88208,Y
E903855,(국도3)남해냉천교회,국가교통정보센터(국도),128.02602,34.90584,Y
E903856,(국도3)남해단풍마루소공원,국가교통정보센터(국도),128.05283,34.76356,Y
E903857,(국도3)남해당저2리마을입구,국가교통정보센터(국도),128.01295,34.8423,Y
E903858,(국도3)남해당항회관남측,국가교통정보센터(국도),128.01228,34.89223,Y
E903859,(국도3)남해동천주유소,국가교통정보센터(국도),128.03926,34.80603,Y
E903860,(국도3)남해물건마을버스정류장,국가교통정보센터(국도),128.04773,34.79317,Y
E903861,(국도3)남해보물섬전망대,국가교통정보센터(국도),128.05233,34.77052,Y
E903862,(국도3)남해산마루휴게소,국가교통정보센터(국도),128.04576,34.802572,Y
E903863,(국도3)남해수산안전기술원,국가교통정보센터(국도),128.0098,34.82852,Y
E903864,(국도3)남해은점방파제,국가교통정보센터(국도),128.04868,34.781903,Y
E903865,(국도3)남해전도마을입구,국가교통정보센터(국도),128.01972,34.82983,Y
E903866,(국도3)남해지족방파제,국가교통정보센터(국도),128.00439,34.83714,Y
E903867,(국도3)남해창선천교,국가교통정보센터(국도),128.01608,34.85779,Y
E903868,(국도3)남해청소년수련원,국가교통정보센터(국도),128.03163,34.82928,Y
E903869,(국도3)남해초전몽돌해수욕장,국가교통정보센터(국도),128.03486,34.73212,Y
E903870,(국도3)남해항도항,국가교통정보센터(국도),128.04581,34.74032,Y
E903871,(국도3)문경견탄사거리,국가교통정보센터(국도),128.1496,36.645927,Y
E903872,(국도3)문경공평교차로남측,국가교통정보센터(국도),128.164092,36.597839,Y
E903873,(국도3)문경공평교차로북측,국가교통정보센터(국도),128.15974,36.61067,Y
E903874,(국도3)문경남호교차로,국가교통정보센터(국도),128.11815,36.694733,Y
E903875,(국도3)문경문경졸음쉼터인접,국가교통정보센터(국도),128.058333,36.746389,Y
E903876,(국도3)문경불정1교,국가교통정보센터(국도),128.15269,36.643428,Y
E903877,(국도3)문경불정2교,국가교통정보센터(국도),128.139325,36.657649,Y
E903878,(국도3)문경불정3교인접,국가교통정보센터(국도),128.134167,36.656111,Y
E903879,(국도3)문경불정육교,국가교통정보센터(국도),128.14502,36.63096,Y
E903880,(국도3)문경새터교,국가교통정보센터(국도),128.08925,36.736053,Y
E903881,(국도3)문경소야교,국가교통정보센터(국도),128.12369,36.67756,Y
E903882,(국도3)문경신현교,국가교통정보센터(국도),128.245894,35.683246,Y
E903883,(국도3)문경유곡교차로,국가교통정보센터(국도),128.150603,36.624931,Y
E903884,(국도3)문경진남2교,국가교통정보센터(국도),128.125833,36.66,Y
E903885,(국도3)문경진남4교,국가교통정보센터(국도),128.12566,36.666897,Y
E903886,(국도3)문경진안교차로,국가교통정보센터(국도),128.089242,36.736052,Y
E903887,(국도3)문경초곡1교,국가교통정보센터(국도),128.100374,36.726966,Y
E903888,(국도3)사천광포항,국가교통정보센터(국도),128.040965,34.960852,Y
E903889,(국도3)사천남양만남의광장,국가교통정보센터(국도),128.058151,34.98038,Y
E903890,(국도3)사천노례교차로,국가교통정보센터(국도),128.055548,34.988493,Y
E903891,(국도3)사천늑도대교남측,국가교통정보센터(국도),128.03778,34.922561,Y
E903892,(국도3)사천늑도대교북측,국가교통정보센터(국도),128.044048,34.925386,Y
E903893,(국도3)사천선진2교차로,국가교통정보센터(국도),128.06389,35.038055,Y
E903894,(국도3)사천송포교차로남측,국가교통정보센터(국도),128.05776,34.97313,Y
E903895,(국도3)사천수석사거리,국가교통정보센터(국도),128.0857,35.089638,Y
E903896,(국도3)사천실안교차로북측,국가교통정보센터(국도),128.04314,34.942279,Y
E903897,(국도3)사천월성교차로,국가교통정보센터(국도),128.07277,35.061897,Y
E903898,(국도3)사천유남교,국가교통정보센터(국도),128.05945,35.024723,Y
E903899,(국도3)사천유천육교,국가교통정보센터(국도),128.07639,35.07028,Y
E903900,(국도3)사천주문교차로,국가교통정보센터(국도),128.05278,34.996113,Y
E903901,(국도3)산청고읍교,국가교통정보센터(국도),127.831944,35.487778,Y
E903902,(국도3)산청반월교,국가교통정보센터(국도),127.941944,35.335,Y
E903903,(국도3)산청산청농공단지,국가교통정보센터(국도),127.8725,35.433889,Y
E903904,(국도3)산청산청참전기념공원,국가교통정보센터(국도),127.921667,35.356944,Y
E903905,(국도3)산청삼거교차로,국가교통정보센터(국도),127.91639,35.36889,Y
E903906,(국도3)산청생림교,국가교통정보센터(국도),127.855,35.480278,Y
E903907,(국도3)산청신기마을입구,국가교통정보센터(국도),127.911667,35.373889,Y
E903908,(국도3)산청쌀고개쉼터,국가교통정보센터(국도),127.893056,35.412778,Y
E903909,(국도3)산청양촌교차로,국가교통정보센터(국도),127.8675,35.45861,Y
E903910,(국도3)산청오부교차로,국가교통정보센터(국도),127.86,35.467777,Y
E903911,(국도3)산청외송교,국가교통정보센터(국도),127.93667,35.34667,Y
E903912,(국도3)산청외정교차로,국가교통정보센터(국도),127.900276,35.398888,Y
E903913,(국도3)산청토현교북측,국가교통정보센터(국도),127.991667,35.296389,Y
E903915,(국도3)산청하정교차로,국가교통정보센터(국도),127.98472,35.31028,Y
E903914,(국도3)산청하정교차로남측,국가교통정보센터(국도),127.988889,35.308333,Y
E903916,(국도3)상주개운교차로,국가교통정보센터(국도),128.149093,36.400948,Y
E903918,(국도3)상주경북대상주캠퍼스,국가교통정보센터(국도),128.14744,36.377199,Y
E903917,(국도3)상주경북대상주캠퍼스북측,국가교통정보센터(국도),128.152079,36.383719,Y
E903919,(국도3)상주공검교인접,국가교통정보센터(국도),128.163611,36.515833,Y
E903920,(국도3)상주공검교차로,국가교통정보센터(국도),128.16766,36.506668,Y
E903921,(국도3)상주공성IC교,국가교통정보센터(국도),128.08483,36.28092,Y
E903922,(국도3)상주낙양사거리,국가교통정보센터(국도),128.151057,36.416094,Y
E903923,(국도3)상주남상주IC,국가교통정보센터(국도),128.148085,36.370614,Y
E903924,(국도3)상주만산사거리,국가교통정보센터(국도),128.155963,36.440338,Y
E903925,(국도3)상주명지3차아파트,국가교통정보센터(국도),128.152721,36.393255,Y
E903926,(국도3)상주백원교차로,국가교통정보센터(국도),128.175936,36.490114,Y
E903927,(국도3)상주부원교차로북측,국가교통정보센터(국도),128.167706,36.464069,Y
E903928,(국도3)상주북천교사거리,국가교통정보센터(국도),128.150966,36.42342,Y
E903929,(국도3)상주상주농협,국가교통정보센터(국도),128.151437,36.409809,Y
E903930,(국도3)상주상주소방서,국가교통정보센터(국도),128.152391,36.430979,Y
E903931,(국도3)상주성심원정류장인접,국가교통정보센터(국도),128.161111,36.530833,Y
E903932,(국도3)상주양촌교차로,국가교통정보센터(국도),128.148715,36.361566,Y
E903933,(국도3)상주연봉교차로,국가교통정보센터(국도),128.175651,36.501516,Y
E903934,(국도3)상주원흥교차로,국가교통정보센터(국도),128.17123,36.479008,Y
E903935,(국도3)상주월로교,국가교통정보센터(국도),128.13602,36.346962,Y
E903936,(국도3)상주윤직IC2교,국가교통정보센터(국도),128.19363,36.57574,Y
E903937,(국도3)상주이안교,국가교통정보센터(국도),128.179623,36.548451,Y
E903938,(국도3)상주이안교차로,국가교통정보센터(국도),128.16188,36.544163,Y
E903939,(국도3)상주점촌함창IC1교,국가교통정보센터(국도),128.17041,36.589695,Y
E903940,(국도3)상주청리과선교,국가교통정보센터(국도),128.12097,36.326412,Y
E903941,(국도3)상주초산육교,국가교통정보센터(국도),128.163659,36.454637,Y
E903942,(국도3)상주초오교차로,국가교통정보센터(국도),128.10223,36.303325,Y
E903943,(국도3)상주태봉교,국가교통정보센터(국도),128.191439,36.5623,Y
E903944,(국도3)상주평천교,국가교통정보센터(국도),128.09706,36.293182,Y
E903945,(국도3)여주방재시험연구원,국가교통정보센터(국도),127.5611,37.1883,Y
E903946,(국도3)여주신해1리삼거리,국가교통정보센터(국도),127.5417,37.2109,Y
E903947,(국도3)연천곰기천교~차탄천교,국가교통정보센터(국도),127.12501,38.20436,Y
E903948,(국도3)연천대광1교,국가교통정보센터(국도),127.10689,38.1912,Y
E903949,(국도3)연천대광2교,국가교통정보센터(국도),127.123245,38.201435,Y
E903950,(국도3)연천대광교차로,국가교통정보센터(국도),127.1043,38.17404,Y
E903951,(국도3)연천도신대교북측,국가교통정보센터(국도),127.095634,38.166562,Y
E903952,(국도3)연천신서교차로,국가교통정보센터(국도),127.101387,38.15771,Y
E903953,(국도3)연천신서터널,국가교통정보센터(국도),127.109953,38.190564,Y
E903954,(국도3)연천자향교차로,국가교통정보센터(국도),127.10171,38.158226,Y
E903955,(국도3)음성금단1교,국가교통정보센터(국도),127.63196,37.019176,Y
E903956,(국도3)음성신양리,국가교통정보센터(국도),127.623207,37.030526,Y
E903957,(국도3)음성오생1교차로,국가교통정보센터(국도),127.657541,37.002995,Y
E903958,(국도3)음성원당교,국가교통정보센터(국도),127.605512,37.068582,Y
E903959,(국도3)음성원당교차로,국가교통정보센터(국도),127.61396,37.079174,Y
E903960,(국도3)음성차평교차로,국가교통정보센터(국도),127.60136,37.0503,Y
E903961,(국도3)이천복하교,국가교통정보센터(국도),127.4622417,37.26592222,Y
E903962,(국도3)이천은봉삼거리,국가교통정보센터(국도),127.5692,37.1736,Y
E903963,(국도3)진주10호광장교차로,국가교통정보센터(국도),128.05861,35.174442,Y
E903964,(국도3)진주나불2교,국가교통정보센터(국도),128.051463,35.202165,Y
E903965,(국도3)진주내동교차로,국가교통정보센터(국도),128.07028,35.156666,Y
E903966,(국도3)진주내동초등학교앞교차로,국가교통정보센터(국도),128.0675,35.16139,Y
E903967,(국도3)진주대사교차로남측,국가교통정보센터(국도),128.057191,35.181545,Y
E903968,(국도3)진주명석터널남측,국가교통정보센터(국도),128.043842,35.207864,Y
E903969,(국도3)진주서진주IC육교북측,국가교통정보센터(국도),128.054722,35.190556,Y
E903970,(국도3)진주예하1육교,국가교통정보센터(국도),128.097222,35.124722,Y
E903971,(국도3)진주외율교차로,국가교통정보센터(국도),127.99,35.28417,Y
E903972,(국도3)진주외율육교,국가교통정보센터(국도),127.993889,35.2725,Y
E903973,(국도3)진주용산마을,국가교통정보센터(국도),128.01445,35.229168,Y
E903974,(국도3)진주우수교차로,국가교통정보센터(국도),128.03389,35.216667,Y
E903975,(국도3)진주우수리마을,국가교통정보센터(국도),128.022778,35.225833,Y
E903976,(국도3)진주팔미교,국가교통정보센터(국도),127.995,35.25528,Y
E903977,(국도3)충주교통대사거리,국가교통정보센터(국도),127.87,36.963,Y
E903978,(국도3)충주노루목교,국가교통정보센터(국도),127.930824,36.92719,Y
E903979,(국도3)충주대소리,국가교통정보센터(국도),127.8160914,36.97392076,Y
E903980,(국도3)충주대향산교,국가교통정보센터(국도),127.937738,36.923262,Y
E903981,(국도3)충주대화교차로,국가교통정보센터(국도),127.68204,37.00223,Y
E903982,(국도3)충주도포1교,국가교통정보센터(국도),127.76073,36.988853,Y
E903983,(국도3)충주만정리,국가교통정보센터(국도),127.8529038,36.96490754,Y
E903984,(국도3)충주문산삼거리,국가교통정보센터(국도),127.955814,36.905899,Y
E903985,(국도3)충주선당소류지,국가교통정보센터(국도),127.71032,36.998055,Y
E903986,(국도3)충주세성교차로,국가교통정보센터(국도),127.9662537,36.9007939,Y
E903987,(국도3)충주세성리,국가교통정보센터(국도),127.946236,36.918256,Y
E903988,(국도3)충주소조령터널,국가교통정보센터(국도),128.015152,36.819405,Y
E903989,(국도3)충주송암교차로,국가교통정보센터(국도),127.69735,36.999153,Y
E903990,(국도3)충주수안보교차로,국가교통정보센터(국도),127.985192,36.842399,Y
E903991,(국도3)충주수안보북측교차로,국가교통정보센터(국도),127.97734,36.859226,Y
E903992,(국도3)충주수회리교차로,국가교통정보센터(국도),127.973886,36.881422,Y
E903993,(국도3)충주신양교차로,국가교통정보센터(국도),127.80661,36.97487,Y
E903994,(국도3)충주신중교차로,국가교통정보센터(국도),127.779998,36.981053,Y
E903995,(국도3)충주양봉교,국가교통정보센터(국도),127.97323,36.864127,Y
E903996,(국도3)충주용원교차로,국가교통정보센터(국도),127.743289,36.993154,Y
E903997,(국도3)충주용원리,국가교통정보센터(국도),127.727585,36.997635,Y
E903998,(국도3)충주용천리,국가교통정보센터(국도),127.98434,36.890827,Y
E903999,(국도3)충주원통교,국가교통정보센터(국도),127.96814,36.87273,Y
E904000,(국도3)충주월악교차로,국가교통정보센터(국도),127.9996,36.837635,Y
E904001,(국도3)충주은행정교차로,국가교통정보센터(국도),128.005706,36.824877,Y
E904002,(국도3)충주중앙경찰학교,국가교통정보센터(국도),127.983604,36.88265,Y
E904003,(국도3)충주첨단삼거리,국가교통정보센터(국도),127.8302315,36.97138333,Y
E904004,(국도3)충주충주교차로,국가교통정보센터(국도),127.8388634,36.96616386,Y
E904005,(국도3)충주호음실삼거리,국가교통정보센터(국도),127.95162,36.90849,Y
E904006,(국도3)함양구라사거리,국가교통정보센터(국도),127.78445,35.567223,Y
E904007,(국도3)함양남효삼거리,국가교통정보센터(국도),127.7975,35.5925,Y
E904008,(국도3)함양동구삼거리,국가교통정보센터(국도),127.788889,35.5775,Y
E904009,(국도3)함양석천교,국가교통정보센터(국도),127.81167,35.614445,Y
E904010,(국도3)함양수동교,국가교통정보센터(국도),127.791389,35.525,Y
E904011,(국도3)함양안의교차로,국가교통정보센터(국도),127.81472,35.620277,Y
E904012,(국도3)함양용추교차로,국가교통정보센터(국도),127.80804,35.645416,Y
E904013,(국도3)함양원평사거리,국가교통정보센터(국도),127.78333,35.536667,Y
E904014,(국도3)함양제실교인접,국가교통정보센터(국도),127.81331,35.65441,Y
E904015,(국도3)함양화산1교,국가교통정보센터(국도),127.799164,35.518333,Y
E900381,(국도3호선)(국도3호선)광주봉현IC,국가교통정보센터(국도),127.393172,37.345659,Y
E900382,(국도3호선)(국도3호선)연천초성교차로,국가교통정보센터(국도),127.069774,37.986246,Y
E900383,(국도3호선)(국도3호선)이천도봉1교,국가교통정보센터(국도),127.447101,37.313019,Y
E900384,(국도3호선)(국도3호선)이천도암IC,국가교통정보센터(국도),127.436058,37.313171,Y
E900385,(국도3호선)(국도3호선)이천백사IC,국가교통정보센터(국도),127.469463,37.309079,Y
E900386,(국도3호선)(국도3호선)이천송온육교,국가교통정보센터(국도),127.525197,37.247411,Y
E900387,(국도3호선)(국도3호선)이천수광삼거리,국가교통정보센터(국도),127.399132,37.312737,Y
E904016,(국도3호선)광주쌍동IC상행,국가교통정보센터(국도),127.2865361,37.38274167,Y
E904017,(국도3호선)광주쌍동IC하행,국가교통정보센터(국도),127.2965222,37.37988333,Y
E900388,(국도3호선)광주열미2교,국가교통정보센터(국도),127.373016,37.357417,Y
E904018,(국도3호선)광주용수교,국가교통정보센터(국도),127.302,37.377735,Y
E904019,(국도3호선)광주용수교(2),국가교통정보센터(국도),127.3002272,37.3784373,Y
E900389,(국도3호선)광주초월IC,국가교통정보센터(국도),127.319438,37.371827,Y
E904020,(국도3호선)김천구례3리마을회관북측,국가교통정보센터(국도),128.09537,36.232677,Y
E904021,(국도3호선)김천덕곡2교,국가교통정보센터(국도),128.164444,36.106667,Y
E904022,(국도3호선)김천도암교차로,국가교통정보센터(국도),128.1051,36.206734,Y
E904023,(국도3호선)김천송죽IC교남측,국가교통정보센터(국도),128.06396,36.047108,Y
E904024,(국도3호선)남해창선대교남측,국가교통정보센터(국도),128.030708,34.918723,Y
E904025,(국도3호선)동두천동두천IC,국가교통정보센터(국도),127.0298245,37.91015935,Y
E904026,(국도3호선)동두천동안터널,국가교통정보센터(국도),127.049034,37.942802,Y
E904027,(국도3호선)동두천봉동터널,국가교통정보센터(국도),127.051292,37.948811,Y
E904028,(국도3호선)동두천봉암터널,국가교통정보센터(국도),127.0565889,37.9607422,Y
E904029,(국도3호선)동두천상패천1교,국가교통정보센터(국도),127.0275333,37.89953333,Y
E904030,(국도3호선)동두천소요산IC,국가교통정보센터(국도),127.04583,37.93222,Y
E904031,(국도3호선)문경이화령터널인접,국가교통정보센터(국도),128.04472,36.75111,Y
E904032,(국도3호선)문경진남3교,국가교통정보센터(국도),128.123211,36.663249,Y
E904033,(국도3호선)배춘삼거리,국가교통정보센터(국도),128.09138,35.095554,Y
E904034,(국도3호선)사천금문교차로,국가교통정보센터(국도),128.054626,35.004557,Y
E904035,(국도3호선)산청목화밭휴게소,국가교통정보센터(국도),127.9525,35.321945,Y
E904036,(국도3호선)산청범학마을입구,국가교통정보센터(국도),127.90833,35.386112,Y
E904037,(국도3호선)산청산청교차로,국가교통정보센터(국도),127.87624,35.42415,Y
E904038,(국도3호선)산청양촌주유소,국가교통정보센터(국도),127.87444,35.448612,Y
E904039,(국도3호선)산청하정교차로북측,국가교통정보센터(국도),127.96472,35.315834,Y
E904040,(국도3호선)산청하정마을입구,국가교통정보센터(국도),127.990555,35.305,Y
E904041,(국도3호선)상주거창교차로,국가교통정보센터(국도),128.084488,36.260188,Y
E900390,(국도3호선)성남대원IC,국가교통정보센터(국도),127.15495,37.4207916,Y
E900391,(국도3호선)양주고암IC,국가교통정보센터(국도),127.0732,37.8146167,Y
E904042,(국도3호선)양주고읍교차로,국가교통정보센터(국도),127.0748452,37.80504067,Y
E900392,(국도3호선)양주광사IC,국가교통정보센터(국도),127.0766,37.7821833,Y
E904043,(국도3호선)양주노촌말교,국가교통정보센터(국도),127.0795333,37.84765,Y
E900393,(국도3호선)양주봉양교차로,국가교통정보센터(국도),127.0583333,37.8603,Y
E900394,(국도3호선)양주은현교,국가교통정보센터(국도),127.0375667,37.8817833,Y
E904044,(국도3호선)양주회암교차로,국가교통정보센터(국도),127.0778,37.83213333,Y
E904045,(국도3호선)여주건장삼거리,국가교통정보센터(국도),127.5493505,37.19798651,Y
E900395,(국도3호선)여주방재시험연구원,국가교통정보센터(국도),127.563168,37.180727,Y
E904046,(국도3호선)여주신해2리사거리,국가교통정보센터(국도),127.531807,37.217642,Y
E904047,(국도3호선)연천경기도학생연천야영장,국가교통정보센터(국도),127.134903,38.210357,Y
E904048,(국도3호선)연천고대산입구,국가교통정보센터(국도),127.142296,38.219116,Y
E904049,(국도3호선)연천대전삼거리,국가교통정보센터(국도),127.070019,38.000155,Y
E904050,(국도3호선)연천신초성교,국가교통정보센터(국도),127.064386,37.980327,Y
E904051,(국도3호선)연천신탄2교,국가교통정보센터(국도),127.151054,38.230343,Y
E904052,(국도3호선)연천어수물입구삼거리,국가교통정보센터(국도),127.06771,38.04912,Y
E904053,(국도3호선)연천연천교차로,국가교통정보센터(국도),127.08048,38.094707,Y
E904054,(국도3호선)연천연천진입삼거리,국가교통정보센터(국도),127.079319,38.079619,Y
E904055,(국도3호선)연천옥산리,국가교통정보센터(국도),127.087852,38.108964,Y
E904056,(국도3호선)연천와초교차로,국가교통정보센터(국도),127.09617,38.13875,Y
E904057,(국도3호선)연천은대육교,국가교통정보센터(국도),127.063971,38.038773,Y
E904058,(국도3호선)연천전곡교,국가교통정보센터(국도),127.065384,38.02848,Y
E904059,(국도3호선)연천전곡농협,국가교통정보센터(국도),127.068529,38.019899,Y
E904060,(국도3호선)연천한탄대교,국가교통정보센터(국도),127.06543,38.00412,Y
E904061,(국도3호선)용현2교,국가교통정보센터(국도),128.05583,35.010555,Y
E900396,(국도3호선)의정부민락교차로,국가교통정보센터(국도),127.102981,37.742065,Y
E900397,(국도3호선)의정부자금IC,국가교통정보센터(국도),127.09084,37.758862,Y
E900398,(국도3호선)의정부장암IC,국가교통정보센터(국도),127.0750983,37.7269505,Y
E904062,(국도3호선)의정부장암고가교,국가교통정보센터(국도),127.0636679,37.72380867,Y
E900399,(국도3호선)이천가산삼거리,국가교통정보센터(국도),127.511291666667,37.2404805555556,Y
E904063,(국도3호선)이천도지IC,국가교통정보센터(국도),127.489299,37.307098,Y
E900400,(국도3호선)이천동원대학앞,국가교통정보센터(국도),127.3981361,37.32113333,Y
E900401,(국도3호선)이천부발IC,국가교통정보센터(국도),127.523337,37.28966,Y
E900402,(국도3호선)이천상승대삼거리,국가교통정보센터(국도),127.5755027,37.16065566,Y
E900403,(국도3호선)이천수정IC,국가교통정보센터(국도),127.523945,37.261594,Y
E904064,(국도3호선)이천수정리,국가교통정보센터(국도),127.524983,37.2715,Y
E904065,(국도3호선)이천수하1교,국가교통정보센터(국도),127.427707,37.317966,Y
E904066,(국도3호선)이천우곡교,국가교통정보센터(국도),127.500251,37.305987,Y
E904067,(국도3호선)이천이천IC입구,국가교통정보센터(국도),127.486591,37.25612568,Y
E900404,(국도3호선)이천이황초교삼거리,국가교통정보센터(국도),127.5901782,37.14457603,Y
E904068,(국도3호선)이천진암교,국가교통정보센터(국도),127.609785,37.109149,Y
E900405,(국도3호선)이천진암삼거리,국가교통정보센터(국도),127.6077061,37.13018502,Y
E904069,(국도3호선)이천청미천교,국가교통정보센터(국도),127.617065,37.095085,Y
E904070,(국도3호선)진주오미마을남측,국가교통정보센터(국도),128.00111,35.238888,Y
E904071,(국도3호선)진주오미마을북측,국가교통정보센터(국도),127.993611,35.244722,Y
E904072,(국도3호선)진주정촌교차로남측,국가교통정보센터(국도),128.0975,35.13333,Y
E904073,(국도3호선)진주정촌교차로북측,국가교통정보센터(국도),128.09807,35.137478,Y
E904074,(국도3호선)진주창바지마을,국가교통정보센터(국도),127.99333,35.263332,Y
E904075,(국도3호선)초전교차로,국가교통정보센터(국도),128.06972,35.05417,Y
E900406,(국도3호선)충주대소원사거리,국가교통정보센터(국도),127.821134,36.974529,Y
E900407,(국도3호선)충주주덕교차로,국가교통정보센터(국도),127.795773,36.976682,Y
E904076,(국도3호선)함양강정교차로,국가교통정보센터(국도),127.814445,35.50639,Y
E904077,(국도3호선)함양석천교차로,국가교통정보센터(국도),128.05615,35.184875,Y
E904078,(국도3호선)함양화물차휴게소,국가교통정보센터(국도),127.79056,35.585556,Y
E904079,(국도40)공주달산교차로,국가교통정보센터(국도),127.0559,36.3545,Y
E904080,(국도40)공주분강교차로,국가교통정보센터(국도),127.0058488,36.3318217,Y
E904081,(국도40)공주신기령고개,국가교통정보센터(국도),127.0503,36.3428,Y
E904082,(국도40)공주용성리,국가교통정보센터(국도),127.0750852,36.3737865,Y
E904083,(국도40)공주이인교차로,국가교통정보센터(국도),127.066042,36.3592902,Y
E904084,(국도40)공주주봉교차로,국가교통정보센터(국도),127.0777,36.38389,Y
E904085,(국도40)공주주봉육교,국가교통정보센터(국도),127.0804801,36.3930625,Y
E904086,(국도40)공주태봉교차로,국가교통정보센터(국도),127.0931212,36.4059549,Y
E904087,(국도40)당진합덕인더스파크산업단지,국가교통정보센터(국도),126.743184,36.789977,Y
E904088,(국도40)보령개화1리,국가교통정보센터(국도),126.655937,36.315643,Y
E904089,(국도40)보령개화교차로,국가교통정보센터(국도),126.63988,36.29122,Y
E904090,(국도40)보령개화교차로,국가교통정보센터(국도),126.65127,36.29678,Y
E904091,(국도40)보령개화리,국가교통정보센터(국도),126.64571,36.292,Y
E904092,(국도40)보령교성3리,국가교통정보센터(국도),126.55467,36.441315,Y
E904093,(국도40)보령도미부인사당입구,국가교통정보센터(국도),126.546581,36.442198,Y
E904094,(국도40)보령두만소류지,국가교통정보센터(국도),126.524019,36.462873,Y
E904095,(국도40)보령마강교차로,국가교통정보센터(국도),126.566622,36.425467,Y
E904096,(국도40)보령무궁화수목원,국가교통정보센터(국도),126.641113,36.335342,Y
E904097,(국도40)보령미산교차로,국가교통정보센터(국도),126.667308,36.297554,Y
E904098,(국도40)보령보령방조제북측,국가교통정보센터(국도),126.524141,36.451174,Y
E904099,(국도40)보령성주산휴양림입구,국가교통정보센터(국도),126.64943,36.33024,Y
E904100,(국도40)보령성주삼거리,국가교통정보센터(국도),126.64615,36.33682,Y
E904101,(국도40)보령성주터널서측,국가교통정보센터(국도),126.6266994,36.3376799,Y
E904102,(국도40)보령소성삼거리,국가교통정보센터(국도),126.533563,36.440357,Y
E904103,(국도40)보령수리교차로,국가교통정보센터(국도),126.687644,36.292049,Y
E904104,(국도40)보령수양관교차로,국가교통정보센터(국도),126.6346668,36.2936196,Y
E904105,(국도40)보령신촌삼거리,국가교통정보센터(국도),126.540728,36.444473,Y
E904106,(국도40)보령오천과선교,국가교통정보센터(국도),126.577352,36.422975,Y
E904107,(국도40)보령우유창고,국가교통정보센터(국도),126.5267565,36.4899069,Y
E904108,(국도40)보령웅포마을,국가교통정보센터(국도),126.557801,36.435017,Y
E904109,(국도40)보령장곡리,국가교통정보센터(국도),126.563754,36.430142,Y
E904110,(국도40)보령장은1리,국가교통정보센터(국도),126.5140945,36.5061811,Y
E904111,(국도40)보령장은3리,국가교통정보센터(국도),126.4997856,36.5074841,Y
E904112,(국도40)보령장은4리,국가교통정보센터(국도),126.5233508,36.4954831,Y
E904113,(국도40)보령장은보건진료소,국가교통정보센터(국도),126.5203762,36.5016333,Y
E904114,(국도40)보령천북삼거리,국가교통정보센터(국도),126.5269671,36.4814795,Y
E904115,(국도40)보령하만3리,국가교통정보센터(국도),126.5248344,36.4677241,Y
E904116,(국도40)보령하만교차로,국가교통정보센터(국도),126.524472,36.472776,Y
E904117,(국도40)보령하만리,국가교통정보센터(국도),126.523785,36.4572503,Y
E904118,(국도40)보령홍성방조제,국가교통정보센터(국도),126.485715,36.50862,Y
E904119,(국도40)보령화산1교,국가교통정보센터(국도),126.623292,36.35662181,Y
E904120,(국도40)부여구룡IC1교,국가교통정보센터(국도),126.817136,36.251557,Y
E904121,(국도40)부여금사교차로,국가교통정보센터(국도),126.801745,36.251459,Y
E904122,(국도40)부여대향로로터리,국가교통정보센터(국도),126.9294362,36.2844985,Y
E904123,(국도40)부여동문삼거리,국가교통정보센터(국도),126.9366228,36.2767731,Y
E904124,(국도40)부여만수교차로,국가교통정보센터(국도),126.704716,36.297097,Y
E904125,(국도40)부여반교천교,국가교통정보센터(국도),126.713975,36.289905,Y
E904126,(국도40)부여반교터널동측,국가교통정보센터(국도),126.721338,36.285458,Y
E904127,(국도40)부여신정교차로,국가교통정보센터(국도),126.96098,36.32464,Y
E904128,(국도40)부여오촌교차로,국가교통정보센터(국도),126.9888632,36.3310619,Y
E904129,(국도40)부여온해교차로,국가교통정보센터(국도),126.751945,36.29525,Y
E904130,(국도40)부여용정교차로,국가교통정보센터(국도),126.9378344,36.2913342,Y
E904131,(국도40)부여운치교차로,국가교통정보센터(국도),126.790492,36.273824,Y
E904132,(국도40)부여율암교차로,국가교통정보센터(국도),126.79379,36.262449,Y
E904133,(국도40)부여자왕교차로,국가교통정보센터(국도),126.9514254,36.3092475,Y
E904134,(국도40)부여저동교차로,국가교통정보센터(국도),126.764063,36.295607,Y
E904135,(국도40)부여저석교차로,국가교통정보센터(국도),126.9778,36.3328,Y
E904136,(국도40)부여정동리,국가교통정보센터(국도),126.9377645,36.3022697,Y
E904137,(국도40)부여주암교차로,국가교통정보센터(국도),126.774603,36.283882,Y
E904138,(국도40)부여지티교차로,국가교통정보센터(국도),126.73377,36.290104,Y
E904139,(국도40)부여지티리,국가교통정보센터(국도),126.728108,36.287194,Y
E904140,(국도40)예산고덕회전교차로,국가교통정보센터(국도),126.698924,36.747044,Y
E904141,(국도40)예산내라리,국가교통정보센터(국도),126.600501,36.637127,Y
E904142,(국도40)예산덕산회전교차로,국가교통정보센터(국도),126.673199,36.709578,Y
E904143,(국도40)예산덕숭산탑림공원,국가교통정보센터(국도),126.63693,36.66704,Y
E904144,(국도40)예산도랑골삼거리,국가교통정보센터(국도),126.70952,36.761319,Y
E904145,(국도40)예산둔리1리,국가교통정보센터(국도),126.642485,36.675438,Y
E904146,(국도40)예산별암미사거리,국가교통정보센터(국도),126.7044026,36.7571036,Y
E904147,(국도40)예산복당1리,국가교통정보센터(국도),126.595991,36.631138,Y
E904148,(국도40)예산복당2리,국가교통정보센터(국도),126.590652,36.62767,Y
E904149,(국도40)예산복당리(1),국가교통정보센터(국도),126.586669,36.621234,Y
E904150,(국도40)예산복당리(2),국가교통정보센터(국도),126.5881708,36.6249481,Y
E904151,(국도40)예산사리1교차로,국가교통정보센터(국도),126.6946457,36.7312067,Y
E904152,(국도40)예산사천리(1),국가교통정보센터(국도),126.6117517,36.6476197,Y
E904153,(국도40)예산사천리(2),국가교통정보센터(국도),126.6159638,36.6498185,Y
E904154,(국도40)예산수덕고개,국가교통정보센터(국도),126.63995,36.66992,Y
E904155,(국도40)예산수덕고개(1),국가교통정보센터(국도),126.6293782,36.6605126,Y
E904156,(국도40)예산수덕고개(2),국가교통정보센터(국도),126.6320406,36.6622775,Y
E904157,(국도40)예산수덕고개(3),국가교통정보센터(국도),126.634529,36.6645229,Y
E904158,(국도40)예산수덕사1교차로,국가교통정보센터(국도),126.6264838,36.6577084,Y
E904159,(국도40)예산수덕사2교차로,국가교통정보센터(국도),126.6201534,36.6536981,Y
E904160,(국도40)예산오추육교,국가교통정보센터(국도),126.715853,36.7705853,Y
E904161,(국도40)예산외나사거리,국가교통정보센터(국도),126.615974,36.649754,Y
E904162,(국도40)예산읍내교차로,국가교통정보센터(국도),126.6726,36.7041,Y
E904163,(국도40)예산호음2리,국가교통정보센터(국도),126.733589,36.783619,Y
E904164,(국도40)홍성갈산터널동측,국가교통정보센터(국도),126.540012,36.598767,Y
E904165,(국도40)홍성광리,국가교통정보센터(국도),126.511,36.5943,Y
E904166,(국도40)홍성광리교차로,국가교통정보센터(국도),126.50714,36.59704,Y
E904167,(국도40)홍성남당교차로,국가교통정보센터(국도),126.472334,36.541583,Y
E904168,(국도40)홍성남당리,국가교통정보센터(국도),126.470968,36.546152,Y
E904169,(국도40)홍성내동교차로,국가교통정보센터(국도),126.479497,36.537235,Y
E904170,(국도40)홍성서부초등학교,국가교통정보센터(국도),126.51167,36.577496,Y
E904171,(국도40)홍성송촌마을,국가교통정보센터(국도),126.4951269,36.5666717,Y
E904172,(국도40)홍성송촌삼거리,국가교통정보센터(국도),126.487676,36.562739,Y
E904173,(국도40)홍성신리교차로,국가교통정보센터(국도),126.488238,36.526572,Y
E904174,(국도40)홍성신안리,국가교통정보센터(국도),126.578754,36.606825,Y
E904175,(국도40)홍성안악마을,국가교통정보센터(국도),126.5830508,36.6140171,Y
E904176,(국도40)홍성어사2교차로,국가교통정보센터(국도),126.4702528,36.5548283,Y
E904177,(국도40)홍성어사교차로,국가교통정보센터(국도),126.473938,36.557909,Y
E904178,(국도40)홍성어사소류지,국가교통정보센터(국도),126.5000153,36.5686662,Y
E904179,(국도40)홍성어사항,국가교통정보센터(국도),126.4674586,36.5508888,Y
E904180,(국도40)홍성오두교차로,국가교통정보센터(국도),126.5288007,36.5988996,Y
E904181,(국도40)홍성은행골,국가교통정보센터(국도),126.504104,36.5659266,Y
E904182,(국도40)홍성이호교차로,국가교통정보센터(국도),126.515006,36.582865,Y
E904183,(국도40)홍성이호저수지,국가교통정보센터(국도),126.50915,36.568531,Y
E904184,(국도40)홍성하촌들,국가교통정보센터(국도),126.515553,36.587889,Y
E904185,(국도42)동해동해항교차로,국가교통정보센터(국도),129.121785,37.489366,Y
E904186,(국도42)동해비천교남측,국가교통정보센터(국도),129.046145,37.500745,Y
E904187,(국도42)동해소비교,국가교통정보센터(국도),129.052737,37.4983,Y
E904188,(국도42)동해원평교차로,국가교통정보센터(국도),129.06873,37.491933,Y
E904189,(국도42)동해전천과선교,국가교통정보센터(국도),129.078884,37.482114,Y
E904190,(국도42)동해청운교차로,국가교통정보센터(국도),129.102736,37.48391,Y
E904191,(국도42)여주구능교차로,국가교통정보센터(국도),127.5992,37.2979,Y
E904192,(국도42)여주연양교차로,국가교통정보센터(국도),127.66345,37.27967,Y
E904193,(국도42)원주광터교차로,국가교통정보센터(국도),127.880926,37.340515,Y
E904194,(국도42)원주교항1리,국가교통정보센터(국도),128.01077,37.432384,Y
E904195,(국도42)원주대둔IC,국가교통정보센터(국도),127.778327,37.2807,Y
E904196,(국도42)원주동화리,국가교통정보센터(국도),127.839188,37.323719,Y
E904197,(국도42)원주문막사거리,국가교통정보센터(국도),127.8222718,37.316579,Y
E904198,(국도42)원주반계IC,국가교통정보센터(국도),127.788583,37.29549,Y
E904199,(국도42)원주세고개삼거리,국가교통정보센터(국도),127.85447,37.333303,Y
E904200,(국도42)원주소초사거리,국가교통정보센터(국도),128.001496,37.41801,Y
E904201,(국도42)원주수암리,국가교통정보센터(국도),127.994225,37.403664,Y
E904202,(국도42)원주이리실삼거리,국가교통정보센터(국도),128.03821,37.440716,Y
E904203,(국도42)원주지천이고개,국가교통정보센터(국도),128.02144,37.43508,Y
E904204,(국도42)원주진양삼거리,국가교통정보센터(국도),127.98154,37.390488,Y
E904205,(국도42)원주학곡회전교차로,국가교통정보센터(국도),128.0556,37.43753,Y
E904206,(국도42)이천도드람교차로,국가교통정보센터(국도),127.3882,37.2541,Y
E904207,(국도42)이천복하2교사거리,국가교통정보센터(국도),127.473,37.2794,Y
E904208,(국도42)정선광석교차로,국가교통정보센터(국도),128.6190584,37.36392108,Y
E904209,(국도42)정선광하교차로,국가교통정보센터(국도),128.59653,37.36205,Y
E904210,(국도42)정선나전1교차로,국가교통정보센터(국도),128.6524,37.4398,Y
E904211,(국도42)정선덕송교차로,국가교통정보센터(국도),128.66736,37.393963,Y
E904212,(국도42)정선덕송삼거리,국가교통정보센터(국도),128.663392,37.419499,Y
E904213,(국도42)정선반점재,국가교통정보센터(국도),128.672226,37.40883636,Y
E904214,(국도42)정선백복령정상,국가교통정보센터(국도),128.964583,37.541916,Y
E904215,(국도42)정선북평삼거리,국가교통정보센터(국도),128.66547,37.45102,Y
E904216,(국도42)정선소탄교차로,국가교통정보센터(국도),128.58025,37.354973,Y
E904217,(국도42)정선솔치재,국가교통정보센터(국도),128.63046,37.382874,Y
E904218,(국도42)정선송계리1,국가교통정보센터(국도),128.80722,37.499626,Y
E904219,(국도42)정선송계리2,국가교통정보센터(국도),128.82991,37.497986,Y
E904220,(국도42)정선아우라지교차로,국가교통정보센터(국도),128.71819,37.46933,Y
E904221,(국도42)정선여량교차로,국가교통정보센터(국도),128.72727,37.46777,Y
E904222,(국도42)정선여량우회도로,국가교통정보센터(국도),128.74338,37.46974,Y
E904223,(국도42)정선여량터널,국가교통정보센터(국도),128.70706,37.46712,Y
E904224,(국도42)정선왕치산,국가교통정보센터(국도),128.78108,37.48732,Y
E904225,(국도42)정선임계대교,국가교통정보센터(국도),128.86378,37.49749,Y
E904226,(국도42)정선임계리,국가교통정보센터(국도),128.87878,37.50741,Y
E904227,(국도42)정선작은너그니재2,국가교통정보센터(국도),128.84349,37.4929,Y
E904228,(국도42)정선장열리1,국가교통정보센터(국도),128.68284,37.4663,Y
E904229,(국도42)정선장열리2,국가교통정보센터(국도),128.69527,37.46099,Y
E904230,(국도42)정선지경교,국가교통정보센터(국도),128.76005,37.47373,Y
E904231,(국도42)정선직원리,국가교통정보센터(국도),128.95273,37.535973,Y
E904232,(국도42)정선큰너그니재(임계),국가교통정보센터(국도),128.7916565,37.49805069,Y
E904233,(국도42)정선화천동삼거리,국가교통정보센터(국도),128.88744,37.5197,Y
E904234,(국도42)평창노론삼거리,국가교통정보센터(국도),128.4329287,37.3619008,Y
E904235,(국도42)평창맷대교차로,국가교통정보센터(국도),128.54561,37.335453,Y
E904236,(국도42)평창멧둔재교차로,국가교통정보센터(국도),128.44801,37.346817,Y
E904237,(국도42)평창문재(방림),국가교통정보센터(국도),128.263341,37.426735,Y
E904238,(국도42)평창백운교차로,국가교통정보센터(국도),128.5436,37.332756,Y
E904239,(국도42)평창비행기재,국가교통정보센터(국도),128.560883,37.344624,Y
E904240,(국도42)평창상리,국가교통정보센터(국도),128.41287,37.36469,Y
E904241,(국도42)평창샘내1교,국가교통정보센터(국도),128.48917,37.339123,Y
E904242,(국도42)평창여우재대기소,국가교통정보센터(국도),128.36525,37.432575,Y
E904243,(국도42)평창창리1교,국가교통정보센터(국도),128.50562,37.337013,Y
E904244,(국도42)평창창리2교,국가교통정보센터(국도),128.51205,37.330257,Y
E904245,(국도42)평창창리교차로,국가교통정보센터(국도),128.4738922,37.34128189,Y
E904246,(국도42)평창평창교,국가교통정보센터(국도),128.40462,37.36823,Y
E904247,(국도42)횡성모란교차로동측,국가교통정보센터(국도),128.0912,37.44513,Y
E904248,(국도42)횡성문재(안흥),국가교통정보센터(국도),128.252057,37.414159,Y
E904249,(국도42)횡성새말교차로,국가교통정보센터(국도),128.0767517,37.44804764,Y
E904250,(국도42)횡성신지교차로,국가교통정보센터(국도),128.13377,37.41144,Y
E904251,(국도42)횡성신흥교차로,국가교통정보센터(국도),128.14648,37.40763,Y
E904252,(국도42)횡성안흥삼거리,국가교통정보센터(국도),128.15594,37.41294,Y
E904253,(국도42)횡성역골교차로,국가교통정보센터(국도),128.06966,37.444035,Y
E904254,(국도42)횡성오원교차로,국가교통정보센터(국도),128.09799,37.43801,Y
E904255,(국도42)횡성전재교차로,국가교통정보센터(국도),128.10901,37.42634,Y
E900408,(국도42호선)(국도42호선)이천이천종합운동장,국가교통정보센터(국도),127.496208,37.289436,Y
E900409,(국도42호선)여주간매교차로,국가교통정보센터(국도),127.7094141,37.27452702,Y
E904256,(국도42호선)여주강천체육공원,국가교통정보센터(국도),127.70293,37.27901,Y
E900410,(국도42호선)여주고백리삼거리,국가교통정보센터(국도),127.5426343,37.29520507,Y
E900411,(국도42호선)여주교동교차로,국가교통정보센터(국도),127.6359583,37.282535,Y
E900412,(국도42호선)여주능서육교,국가교통정보센터(국도),127.5728627,37.30126488,Y
E900413,(국도42호선)여주부평교차로,국가교통정보센터(국도),127.7411663,37.27351063,Y
E904257,(국도42호선)여주서여주IC,국가교통정보센터(국도),127.59119,37.298637,Y
E904258,(국도42호선)여주신근리삼거리,국가교통정보센터(국도),127.55027,37.29752,Y
E900414,(국도42호선)여주여주IC삼거리,국가교통정보센터(국도),127.6483082,37.25446758,Y
E904259,(국도42호선)여주여주터널입구,국가교통정보센터(국도),127.7342,37.27244,Y
E900415,(국도42호선)여주영릉교차로,국가교통정보센터(국도),127.61491,37.29802,Y
E900416,(국도42호선)여주이호대교,국가교통정보센터(국도),127.67285,37.28369,Y
E904260,(국도42호선)용인궁촌교,국가교통정보센터(국도),127.164199,37.237617,Y
E900417,(국도42호선)용인대촌교차로,국가교통정보센터(국도),127.205733,37.213817,Y
E900418,(국도42호선)용인명지교차로,국가교통정보센터(국도),127.184163,37.228827,Y
E900419,(국도42호선)용인상하교차로,국가교통정보센터(국도),127.1387,37.25325,Y
E904261,(국도42호선)용인송문리입구삼거리,국가교통정보센터(국도),127.24853,37.22612,Y
E900420,(국도42호선)용인양지1교,국가교통정보센터(국도),127.27432,37.22948,Y
E900421,(국도42호선)용인양지IC사거리,국가교통정보센터(국도),127.2972927,37.23494432,Y
E900422,(국도42호선)용인양지사거리,국가교통정보센터(국도),127.2789854,37.23215692,Y
E904262,(국도42호선)용인제일초등학교사거리,국가교통정보센터(국도),127.3171735,37.23849667,Y
E900423,(국도42호선)용인추계1교,국가교통정보센터(국도),127.3292321,37.25526152,Y
E904263,(국도42호선)용인추계2리,국가교통정보센터(국도),127.3215855,37.24538767,Y
E904264,(국도42호선)이천달개실사거리,국가교통정보센터(국도),127.435265,37.24428,Y
E900424,(국도42호선)이천무촌교차로,국가교통정보센터(국도),127.4811946,37.28668872,Y
E900425,(국도42호선)이천복하교차로,국가교통정보센터(국도),127.4615741,37.26503732,Y
E904265,(국도42호선)이천부발IC,국가교통정보센터(국도),127.5234744,37.2896862,Y
E900426,(국도42호선)이천설서교차로,국가교통정보센터(국도),127.4028334,37.25564307,Y
E900427,(국도42호선)이천신원교,국가교통정보센터(국도),127.5094301,37.2912712,Y
E900428,(국도42호선)이천오천교차로,국가교통정보센터(국도),127.3615657,37.25461995,Y
E904266,(국도42호선)이천오천삼거리,국가교통정보센터(국도),127.34777,37.256058,Y
E904267,(국도42호선)이천오천터널입구,국가교통정보센터(국도),127.373524,37.25451383,Y
E904268,(국도42호선)이천윗들사거리,국가교통정보센터(국도),127.420011,37.2442965,Y
E904269,(국도42호선)이천추계2교,국가교통정보센터(국도),127.34411,37.25686,Y
E900429,(국도42호선)정선백복령대기소,국가교통정보센터(국도),128.929711,37.531284,Y
E900430,(국도42호선)정선작은너그니재,국가교통정보센터(국도),128.842827,37.493105,Y
E900431,(국도42호선)평창서천교차로,국가교통정보센터(국도),128.524479,37.32559,Y
E900432,(국도42호선)평창여우재,국가교통정보센터(국도),128.314339,37.431804,Y
E904270,(국도43)공주덕학교차로,국가교통정보센터(국도),127.17081,36.58814,Y
E904271,(국도43)공주도신2교,국가교통정보센터(국도),127.175334,36.58394785,Y
E904272,(국도43)공주어물터널,국가교통정보센터(국도),127.1636985,36.59285688,Y
E904273,(국도43)공주월계교,국가교통정보센터(국도),127.17735,36.56761,Y
E904274,(국도43)공주중흥쉼터,국가교통정보센터(국도),127.17553,36.57461,Y
E904275,(국도43)공주창말교차로,국가교통정보센터(국도),127.123507181454,36.6151315293935,Y
E904276,(국도43)세종수산터널(공주)내부,국가교통정보센터(국도),127.210542,36.54422,Y
E904277,(국도43)세종수산터널(공주)입구,국가교통정보센터(국도),127.21415,36.54404,Y
E904278,(국도43)세종수산터널(세종)내부,국가교통정보센터(국도),127.21137,36.54369,Y
E904279,(국도43)세종수산터널(세종)입구,국가교통정보센터(국도),127.20878,36.54403,Y
E904280,(국도43)세종수산터널(세종)출구,국가교통정보센터(국도),127.21485,36.5439,Y
E904281,(국도43)세종용암교차로,국가교통정보센터(국도),127.20292,36.54552,Y
E904282,(국도43)아산산전리,국가교통정보센터(국도),127.043093,36.886981,Y
E904283,(국도43)아산용두교차로,국가교통정보센터(국도),127.0428,36.80556,Y
E904284,(국도43)천안남풍세IC교차로,국가교통정보센터(국도),127.1393,36.71696,Y
E904285,(국도43)천안용정리,국가교통정보센터(국도),127.10297,36.74948,Y
E904286,(국도43)천안풍세교차로,국가교통정보센터(국도),127.13686,36.72445,Y
E904287,(국도43)철원강포리,국가교통정보센터(국도),127.294136,38.11984,Y
E904288,(국도43)철원군탄사거리,국가교통정보센터(국도),127.3100586,38.15758896,Y
E904289,(국도43)철원김화교차로,국가교통정보센터(국도),127.424562,38.253498,Y
E904290,(국도43)철원드르니교차로,국가교통정보센터(국도),127.300711,38.149769,Y
E904291,(국도43)철원문혜1교,국가교통정보센터(국도),127.33935,38.19595,Y
E904292,(국도43)철원문혜교차로,국가교통정보센터(국도),127.333318,38.186947,Y
E904293,(국도43)철원문혜리,국가교통정보센터(국도),127.33585,38.188484,Y
E904294,(국도43)철원문혜지하차도,국가교통정보센터(국도),127.3394,38.202457,Y
E904295,(국도43)철원생태평화공원북측,국가교통정보센터(국도),127.453186,38.2844,Y
E904296,(국도43)철원연봉제삼거리,국가교통정보센터(국도),127.30119,38.133915,Y
E904297,(국도43)철원운장리,국가교통정보센터(국도),127.444916,38.26823,Y
E904298,(국도43)철원읍내리,국가교통정보센터(국도),127.42845,38.26092,Y
E904299,(국도43)철원지경교차로,국가교통정보센터(국도),127.352145,38.232275,Y
E904300,(국도43)철원지경리,국가교통정보센터(국도),127.34308,38.22085,Y
E904301,(국도43)철원청양교차로,국가교통정보센터(국도),127.374466,38.242847,Y
E904302,(국도43)철원청하육교,국가교통정보센터(국도),127.39415,38.241356,Y
E900433,(국도43호선)(국도43호선)포천신북IC,국가교통정보센터(국도),127.216134,37.912469,Y
E900434,(국도43호선)공주중흥교차로,국가교통정보센터(국도),127.18649,36.56013,Y
E900435,(국도43호선)광주고산IC,국가교통정보센터(국도),127.2421181,37.37747019,Y
E904303,(국도43호선)광주광지원초교,국가교통정보센터(국도),127.25388,37.459488,Y
E904304,(국도43호선)광주문형2교,국가교통정보센터(국도),127.207803,37.346316,Y
E900436,(국도43호선)광주상번천리,국가교통정보센터(국도),127.2592528,37.44893499,Y
E904305,(국도43호선)광주엄미1리정류장근처,국가교통정보센터(국도),127.24987,37.47089,Y
E904306,(국도43호선)광주엄미리계곡삼거리,국가교통정보센터(국도),127.24138,37.475582,Y
E904307,(국도43호선)광주오포읍사무소,국가교통정보센터(국도),127.23193,37.366351,Y
E900437,(국도43호선)광주은고개,국가교통정보센터(국도),127.240330555556,37.4794138888889,Y
E900438,(국도43호선)남양주광전IC,국가교통정보센터(국도),127.129632,37.693875,Y
E904308,(국도43호선)남양주청학터널남측,국가교통정보센터(국도),127.119704,37.703712,Y
E904309,(국도43호선)남양주청학터널북측,국가교통정보센터(국도),127.113703,37.70673,Y
E900439,(국도43호선)세종수산터널,국가교통정보센터(국도),127.21665,36.54397,Y
E900440,(국도43호선)세종운당교차로,국가교통정보센터(국도),127.1488,36.70799,Y
E900441,(국도43호선)아산갈매리,국가교통정보센터(국도),127.0879352,36.7660833,Y
E900442,(국도43호선)아산봉재교차로,국가교통정보센터(국도),127.0428,36.87848,Y
E900443,(국도43호선)아산북수교차로,국가교통정보센터(국도),127.0773386,36.7811802,Y
E900444,(국도43호선)아산송용2교,국가교통정보센터(국도),127.02611,36.90604,Y
E900445,(국도43호선)아산송촌교차로,국가교통정보센터(국도),127.04035,36.8451,Y
E900446,(국도43호선)아산신남교차로,국가교통정보센터(국도),127.01308,36.91298,Y
E900447,(국도43호선)아산신법2교,국가교통정보센터(국도),126.9986,36.92797,Y
E900448,(국도43호선)아산신항교차로,국가교통정보센터(국도),127.0345,36.894,Y
E900449,(국도43호선)아산용두터널,국가교통정보센터(국도),127.0526,36.82736,Y
E900450,(국도43호선)아산음봉산단교차로,국가교통정보센터(국도),127.0374,36.8624,Y
E900451,(국도43호선)아산현충교차로,국가교통정보센터(국도),127.0472893,36.79411,Y
E904310,(국도43호선)용인능원1교,국가교통정보센터(국도),127.1678067,37.33755492,Y
E900452,(국도43호선)용인동림리,국가교통정보센터(국도),127.18523,37.3398225,Y
E900453,(국도43호선)용인매산리,국가교통정보센터(국도),127.218763,37.351993,Y
E904311,(국도43호선)용인양촌교,국가교통정보센터(국도),127.1592361,37.33138333,Y
E904312,(국도43호선)용인오산육교,국가교통정보센터(국도),127.147606,37.330918,Y
E900454,(국도43호선)용인죽전동,국가교통정보센터(국도),127.1401616,37.32866611,Y
E900455,(국도43호선)천안삼태교차로,국가교통정보센터(국도),127.097524,36.755452,Y
E900456,(국도43호선)천안용정교차로,국가교통정보센터(국도),127.1174,36.73778,Y
E900457,(국도43호선)평택길음IC,국가교통정보센터(국도),126.9647,36.9845333,Y
E900458,(국도43호선)평택신대IC,국가교통정보센터(국도),126.9918,36.9446833,Y
E900459,(국도43호선)평택오성IC,국가교통정보센터(국도),126.9889,37.0089333,Y
E900460,(국도43호선)평택팽성IC,국가교통정보센터(국도),126.9864833,36.9572,Y
E900461,(국도43호선)평택평택대교,국가교통정보센터(국도),126.9737833,36.9629,Y
E904313,(국도43호선)포천둑곡마을입구삼거리,국가교통정보센터(국도),127.22514,37.930836,Y
E904314,(국도43호선)포천만세교리교차로,국가교통정보센터(국도),127.245591,37.96234,Y
E904315,(국도43호선)포천부인터사거리,국가교통정보센터(국도),127.1313617,37.8040205,Y
E904316,(국도43호선)포천성동2리사거리,국가교통정보센터(국도),127.2613,38.03354,Y
E904317,(국도43호선)포천성동삼거리,국가교통정보센터(국도),127.259135,38.024837,Y
E904318,(국도43호선)포천수내동입구교차로,국가교통정보센터(국도),127.1263241,37.7899231,Y
E904319,(국도43호선)포천신장삼거리,국가교통정보센터(국도),127.2472501,38.0144908,Y
E904320,(국도43호선)포천신포천아파트앞삼거리,국가교통정보센터(국도),127.2292,37.93848,Y
E904321,(국도43호선)포천야미사거리,국가교통정보센터(국도),127.270555,38.053888,Y
E904322,(국도43호선)포천양문교,국가교통정보센터(국도),127.2464598,37.9977352,Y
E904323,(국도43호선)포천요꼴사거리,국가교통정보센터(국도),127.23863,37.95059,Y
E904324,(국도43호선)포천용상골입구사거리,국가교통정보센터(국도),127.13578,37.81634,Y
E904325,(국도43호선)포천운천1교차로,국가교통정보센터(국도),127.27429,38.074883,Y
E904326,(국도43호선)포천운천2교차로,국가교통정보센터(국도),127.265759,38.080949,Y
E904327,(국도43호선)포천운천3교차로,국가교통정보센터(국도),127.268394,38.094418,Y
E904328,(국도43호선)포천자일1리삼거리,국가교통정보센터(국도),127.290276,38.111668,Y
E904329,(국도43호선)포천초가팔리입구사거리,국가교통정보센터(국도),127.1476489,37.8258997,Y
E904330,(국도43호선)포천틀못이마을입구교차로,국가교통정보센터(국도),127.222501,37.923415,Y
E904331,(국도43호선)포천포천방어벙커,국가교통정보센터(국도),127.234018,37.944993,Y
E904332,(국도43호선)포천하송우사거리,국가교통정보센터(국도),127.1545765,37.8371011,Y
E904333,(국도43호선)포천한내사거리,국가교통정보센터(국도),127.20599,37.8975,Y
E900462,(국도43호선)화성덕리사거리,국가교통정보센터(국도),126.9359732,37.17685286,Y
E900463,(국도43호선)화성만년제교차로,국가교통정보센터(국도),126.998516666667,37.2003833333333,Y
E900464,(국도43호선)화성반정1육교,국가교통정보센터(국도),127.05075,37.2300833,Y
E900465,(국도43호선)화성보통교차로,국가교통정보센터(국도),126.968316666667,37.1976666666667,Y
E904334,(국도43호선)화성보통리,국가교통정보센터(국도),126.9550833,37.19628333,Y
E904335,(국도43호선)화성상두리입구삼거리,국가교통정보센터(국도),126.93326,37.10805,Y
E904336,(국도43호선)화성상두리입구정류장,국가교통정보센터(국도),126.939514,37.097496,Y
E904337,(국도43호선)화성상산리입구삼거리,국가교통정보센터(국도),126.942414,37.088283,Y
E900466,(국도43호선)화성수기지하차도,국가교통정보센터(국도),126.9842333,37.1993833,Y
E904338,(국도43호선)화성신왕삼거리,국가교통정보센터(국도),126.945274,37.081387,Y
E900467,(국도43호선)화성안녕IC,국가교통정보센터(국도),127.01375,37.19555,Y
E900468,(국도43호선)화성왕림교차로,국가교통정보센터(국도),126.9468833,37.1920667,Y
E900469,(국도43호선)화성장짐교차로,국가교통정보센터(국도),126.91163,37.135653,Y
E900470,(국도43호선)화성진안교차로,국가교통정보센터(국도),127.026766666667,37.2058,Y
E904339,(국도43호선)화성진안지하차도,국가교통정보센터(국도),127.03285,37.21768333,Y
E904340,(국도43호선)화성태안지하차도,국가교통정보센터(국도),127.0452333,37.21921667,Y
E900471,(국도43호선)화성팔탄입구3,국가교통정보센터(국도),126.9318288,37.1636191,Y
E900472,(국도43호선)화성향남교차로,국가교통정보센터(국도),126.925385,37.111568,Y
E900473,(국도43호선)화성향남주공2단지앞,국가교통정보센터(국도),126.918084,37.118459,Y
E904341,(국도44)양양남설악터널(동),국가교통정보센터(국도),128.55896,38.059723,Y
E904342,(국도44)양양양양IC교차로,국가교통정보센터(국도),128.5950012,38.07563782,Y
E904343,(국도44)인제과훈단교차로,국가교통정보센터(국도),128.0601654,37.92639923,Y
E904344,(국도44)인제관벌교차로,국가교통정보센터(국도),128.241315,38.139469,Y
E904345,(국도44)인제남전1교,국가교통정보센터(국도),128.120441,38.005617,Y
E904346,(국도44)인제남전리,국가교통정보센터(국도),128.13551,38.034424,Y
E904347,(국도44)인제다물교차로,국가교통정보센터(국도),128.064498,37.94369,Y
E904348,(국도44)인제덕산교차로,국가교통정보센터(국도),128.181295,38.08762,Y
E904349,(국도44)인제덕산작업대기소,국가교통정보센터(국도),128.18367,38.098763,Y
E904350,(국도44)인제부평교차로,국가교통정보센터(국도),128.10504,37.990494,Y
E904351,(국도44)인제북면교차로,국가교통정보센터(국도),128.2002,38.112698,Y
E904352,(국도44)인제새마을교차로,국가교통정보센터(국도),128.096885,37.98324,Y
E904353,(국도44)인제신남교차로,국가교통정보센터(국도),128.075748,37.965246,Y
E904354,(국도44)인제신남대교,국가교통정보센터(국도),128.0808716,37.97366333,Y
E904355,(국도44)인제신풍교차로,국가교통정보센터(국도),128.07341,37.9601,Y
E904356,(국도44)인제약수휴게소,국가교통정보센터(국도),128.12976,38.025333,Y
E904357,(국도44)인제원통교차로,국가교통정보센터(국도),128.222173,38.129369,Y
E904358,(국도44)인제인제교차로,국가교통정보센터(국도),128.175172,38.064697,Y
E904359,(국도44)인제인제대교,국가교통정보센터(국도),128.15715,38.0426,Y
E904360,(국도44)인제청구교차로,국가교통정보센터(국도),128.115748,38.000462,Y
E904361,(국도44)인제한계교차로,국가교통정보센터(국도),128.2536621,38.13917542,Y
E904362,(국도44)인제한계리,국가교통정보센터(국도),128.32901,38.12004,Y
E904363,(국도44)인제합강정,국가교통정보센터(국도),128.186017,38.076399,Y
E904364,(국도44)홍천갈마곡교차로,국가교통정보센터(국도),127.895174,37.689553,Y
E904365,(국도44)홍천검율교북측,국가교통정보센터(국도),127.917263,37.704194,Y
E904366,(국도44)홍천검율교차로,국가교통정보센터(국도),127.910629,37.696447,Y
E904367,(국도44)홍천구성포교차로,국가교통정보센터(국도),127.949988,37.747941,Y
E904368,(국도44)홍천굴운교차로,국가교통정보센터(국도),127.941168,37.732046,Y
E904369,(국도44)홍천두촌면역내리,국가교통정보센터(국도),128.01915,37.84799,Y
E904370,(국도44)홍천둔지교삼거리,국가교통정보센터(국도),127.858728,37.678838,Y
E904371,(국도44)홍천말고개교차로,국가교통정보센터(국도),127.981545,37.786342,Y
E904372,(국도44)홍천며느리고개,국가교통정보센터(국도),127.787203,37.633529,Y
E904373,(국도44)홍천며느리재휴게소,국가교통정보센터(국도),127.7774658,37.62791824,Y
E904374,(국도44)홍천상오안교,국가교통정보센터(국도),127.81396,37.648724,Y
E904375,(국도44)홍천상오안농공단지,국가교통정보센터(국도),127.819455,37.653085,Y
E904376,(국도44)홍천성산2교,국가교통정보센터(국도),127.962418,37.771308,Y
E904377,(국도44)홍천성산교차로,국가교통정보센터(국도),127.954841,37.763123,Y
E904378,(국도44)홍천양덕원교차로,국가교통정보센터(국도),127.768844,37.61035,Y
E904379,(국도44)홍천연봉교,국가교통정보센터(국도),127.872707,37.679708,Y
E904380,(국도44)홍천연봉리,국가교통정보센터(국도),127.884249,37.682658,Y
E904381,(국도44)홍천오안초등학교,국가교통정보센터(국도),127.83052,37.660137,Y
E904382,(국도44)홍천와동교차로,국가교통정보센터(국도),127.924075,37.715631,Y
E904383,(국도44)홍천용소교차로,국가교통정보센터(국도),128.020082,37.863886,Y
E904384,(국도44)홍천원거교차로,국가교통정보센터(국도),128.045002,37.908921,Y
E904385,(국도44)홍천원동교차로,국가교통정보센터(국도),128.02322,37.884922,Y
E904386,(국도44)홍천원평교차로,국가교통정보센터(국도),127.972321,37.778403,Y
E904387,(국도44)홍천월천리삼거리,국가교통정보센터(국도),127.776294,37.620468,Y
E904388,(국도44)홍천자은교차로,국가교통정보센터(국도),128.023115,37.8716,Y
E904389,(국도44)홍천장남교차로,국가교통정보센터(국도),128.03717,37.897533,Y
E904390,(국도44)홍천철정교차로,국가교통정보센터(국도),127.992564,37.80617,Y
E904391,(국도44)홍천추평교차로,국가교통정보센터(국도),128.00905,37.82815,Y
E904392,(국도44)홍천하오안교,국가교통정보센터(국도),127.839464,37.665443,Y
E904393,(국도44)홍천향교골교차로,국가교통정보센터(국도),128.001145,37.81978,Y
E904394,(국도44)홍천홍천IC,국가교통정보센터(국도),127.853108,37.671467,Y
E900474,(국도44호선)양양구교교차로,국가교통정보센터(국도),128.616218,38.078321,Y
E900475,(국도44호선)양양논화교차로,국가교통정보센터(국도),128.570546,38.059591,Y
E900476,(국도44호선)양평다대교,국가교통정보센터(국도),127.727313888889,37.5669111111111,Y
E904395,(국도45)남양주금신마을,국가교통정보센터(국도),127.3545214,37.63556706,Y
E900477,(국도45)서산대곡2교,국가교통정보센터(국도),126.586346,36.668258,Y
E900478,(국도45)서산대곡교차로,국가교통정보센터(국도),126.578949,36.672474,Y
E900479,(국도45)서산잠양교차로,국가교통정보센터(국도),126.551161,36.708385,Y
E900480,(국도45)서산한서대입구,국가교통정보센터(국도),126.57935,36.685934,Y
E900481,(국도45)서산해미천교,국가교통정보센터(국도),126.560794,36.702772,Y
E904396,(국도45)아산방현리,국가교통정보센터(국도),127.00935,36.82125,Y
E904397,(국도45)아산방현사거리,국가교통정보센터(국도),127.0063943,36.81547959,Y
E904398,(국도45)아산봉재리,국가교통정보센터(국도),127.0311765,36.88344202,Y
E904399,(국도45)아산석정교차로,국가교통정보센터(국도),127.005689,36.807489,Y
E904400,(국도45)아산어르목터널(01)(평택),국가교통정보센터(국도),127.026643,36.856768,Y
E904401,(국도45)아산어르목터널(02)(아산),국가교통정보센터(국도),127.01961,36.85085,Y
E904402,(국도45)아산음봉교차로,국가교통정보센터(국도),127.012195,36.846755,Y
E900482,(국도45)예산광천1교,국가교통정보센터(국도),126.596558,36.664279,Y
E900483,(국도45)예산광천2교,국가교통정보센터(국도),126.605328,36.665387,Y
E900484,(국도45)예산광천교차로,국가교통정보센터(국도),126.610454,36.678954,Y
E900485,(국도45)예산대치1교차로,국가교통정보센터(국도),126.636253,36.68423,Y
E900486,(국도45)예산대치교차로,국가교통정보센터(국도),126.620714,36.684302,Y
E900487,(국도45)예산덕산온천교차로,국가교통정보센터(국도),126.662787,36.686668,Y
E900488,(국도45)예산두리교차로,국가교통정보센터(국도),126.7427916,36.690522,Y
E900489,(국도45)예산방아교차로,국가교통정보센터(국도),126.758869,36.6874194,Y
E900490,(국도45)예산삽교교차로,국가교통정보센터(국도),126.717075,36.688354,Y
E900491,(국도45)예산송산교차로,국가교통정보센터(국도),126.68068,36.688745,Y
E900492,(국도45)예산수덕사교차로,국가교통정보센터(국도),126.656647,36.681958,Y
E904403,(국도45)예산신원2교,국가교통정보센터(국도),126.816679,36.696822,Y
E900493,(국도45)예산안치교차로,국가교통정보센터(국도),126.69724,36.691139,Y
E900494,(국도45)예산원천교차로,국가교통정보센터(국도),126.795686,36.695769,Y
E900495,(국도45)예산임성교차로,국가교통정보센터(국도),126.783625,36.686869,Y
E904404,(국도45)용인동경주유소사거리,국가교통정보센터(국도),127.2353,37.2922,Y
E904405,(국도45)용인모산마을입구삼거리,국가교통정보센터(국도),127.2507,37.348,Y
E904406,(국도45)용인묘봉교,국가교통정보센터(국도),127.213,37.1198,Y
E904407,(국도45)용인초부리휴게소사거리,국가교통정보센터(국도),127.2406,37.3127,Y
E900496,(국도45호선)광주도마삼거리,국가교통정보센터(국도),127.2728528,37.46811389,Y
E904408,(국도45호선)남양주금남교차로,국가교통정보센터(국도),127.3658972,37.64824444,Y
E904409,(국도45호선)남양주부엉배마을입구,국가교통정보센터(국도),127.329674,37.582267,Y
E900497,(국도45호선)남양주삼봉리연수원앞,국가교통정보센터(국도),127.341427777778,37.6055055555556,Y
E904410,(국도45호선)남양주송촌교,국가교통정보센터(국도),127.3244333,37.57231944,Y
E900498,(국도45호선)남양주영화촬영소입구교차로,국가교통정보센터(국도),127.338791666667,37.5948611111111,Y
E904411,(국도45호선)남양주운길산역,국가교통정보센터(국도),127.3114167,37.5552,Y
E904412,(국도45호선)남양주조안1리마을회관,국가교통정보센터(국도),127.3015941,37.53884344,Y
E900499,(국도45호선)남양주진중삼거리,국가교통정보센터(국도),127.307452,37.54934919,Y
E904413,(국도45호선)남양주화도읍금남리,국가교통정보센터(국도),127.3449583,37.61910556,Y
E900500,(국도45호선)서안성교차로,국가교통정보센터(국도),127.150373,37.037362,Y
E900501,(국도45호선)아산관대삼거리,국가교통정보센터(국도),127.034087,36.899664,Y
E900502,(국도45호선)아산관터사거리,국가교통정보센터(국도),127.031949,36.906411,Y
E904414,(국도45호선)아산남성과선교,국가교통정보센터(국도),126.94694,36.801671,Y
E900503,(국도45호선)아산동정삼거리,국가교통정보센터(국도),127.009595,36.831031,Y
E900504,(국도45호선)아산둔포교차로,국가교통정보센터(국도),127.034892,36.918445,Y
E900505,(국도45호선)아산송곡사거리,국가교통정보센터(국도),127.008172,36.798385,Y
E904415,(국도45호선)아산수장교차로,국가교통정보센터(국도),126.96133,36.80765,Y
E904416,(국도45호선)아산신달교차로,국가교통정보센터(국도),126.938854,36.792049,Y
E900508,(국도45호선)아산어르목터널(01)(아산),국가교통정보센터(국도),127.0248667,36.85565434,Y
E900509,(국도45호선)아산어르목터널(01)(평택),국가교통정보센터(국도),127.02147,36.85196,Y
E900510,(국도45호선)아산어르목터널(02)(아산),국가교통정보센터(국도),127.024119863,36.8549440827,Y
E900511,(국도45호선)아산어르목터널(03)(아산),국가교통정보센터(국도),127.0230317,36.8539372,Y
E900512,(국도45호선)아산어르목터널(04)(아산),국가교통정보센터(국도),127.021746177,36.8528840528,Y
E900513,(국도45호선)아산어르목터널(04)(평택),국가교통정보센터(국도),127.024692630999,36.8547905244999,Y
E900506,(국도45호선)아산어르목터널남단,국가교통정보센터(국도),127.0181783,36.8497251,Y
E900507,(국도45호선)아산어르목터널북단,국가교통정보센터(국도),127.027755,36.858916,Y
E900514,(국도45호선)아산운용교차로,국가교통정보센터(국도),127.045809,36.933112,Y
E900515,(국도45호선)아산원남교차로,국가교통정보센터(국도),127.027135,36.869708,Y
E904417,(국도45호선)안성도곡1교,국가교통정보센터(국도),127.210818,37.0770955,Y
E904418,(국도45호선)안성서안성교차로(2),국가교통정보센터(국도),127.1532173,37.0403289,Y
E904419,(국도45호선)안성안성JC,국가교통정보센터(국도),127.1426153,37.0344765,Y
E900516,(국도45호선)안성양성교,국가교통정보센터(국도),127.200525,37.071325,Y
E900517,(국도45호선)안성양성교차로,국가교통정보센터(국도),127.2078,37.0718944444444,Y
E904420,(국도45호선)안성이현교차로앞,국가교통정보센터(국도),127.213538888889,37.0941527777778,Y
E900518,(국도45호선)안성칠곡교차로,국가교통정보센터(국도),127.160521666667,37.0481477777778,Y
E904421,(국도45호선)안성칠곡교차로(2),국가교통정보센터(국도),127.1610119,37.0491071,Y
E900519,(국도45호선)용인남리교차로,국가교통정보센터(국도),127.2093792,37.21859153,Y
E900520,(국도45호선)용인덕성교차로,국가교통정보센터(국도),127.2029,37.1791916666667,Y
E904422,(국도45호선)용인둔전제일초교입구,국가교통정보센터(국도),127.2186861,37.27644167,Y
E900521,(국도45호선)용인묘봉교차로,국가교통정보센터(국도),127.212666666667,37.1326138888889,Y
E900522,(국도45호선)용인송전1교,국가교통정보센터(국도),127.202713333333,37.1416800444444,Y
E900523,(국도45호선)용인시미교차로,국가교통정보센터(국도),127.204172222222,37.1512777777778,Y
E900524,(국도45호선)용인외국어대사거리,국가교통정보센터(국도),127.2495861,37.33776944,Y
E904423,(국도45호선)용인용천중학교앞,국가교통정보센터(국도),127.199528,37.191688,Y
E904424,(국도45호선)용인원덕성교,국가교통정보센터(국도),127.2057306,37.16470833,Y
E900525,(국도45호선)용인원천교차로,국가교통정보센터(국도),127.201794444444,37.2013083333333,Y
E904425,(국도45호선)용인유운리입구삼거리,국가교통정보센터(국도),127.234741,37.301411,Y
E900526,(국도45호선)용인장서교차로,국가교통정보센터(국도),127.214672222222,37.1124,Y
E904426,(국도45호선)용인청광레미콘삼거리,국가교통정보센터(국도),127.2434944,37.32116389,Y
E904427,(국도45호선)용인포곡삼거리,국가교통정보센터(국도),127.23138,37.28241,Y
E904428,(국도45호선)평택CPX오거리,국가교통정보센터(국도),127.0503852,36.94237873,Y
E900527,(국도45호선)평택남산삼거리,국가교통정보센터(국도),127.0556,36.950783,Y
E900528,(국도45호선)평택신궁교차로,국가교통정보센터(국도),127.077479,36.97842,Y
E900529,(국도45호선)평택지제교차로,국가교통정보센터(국도),127.050762777778,37.017524,Y
E900530,(국도45호선)평택추팔공업단지사거리,국가교통정보센터(국도),127.06865,36.963583,Y
E904429,(국도46)고성광산초등학교,국가교통정보센터(국도),128.40845,38.372086,Y
E904430,(국도46)고성교동리,국가교통정보센터(국도),128.4306,38.377163,Y
E904431,(국도46)고성대대삼거리,국가교통정보센터(국도),128.4556,38.38522,Y
E904432,(국도46)고성부동교북측,국가교통정보센터(국도),128.39008,38.371124,Y
E904433,(국도46)고성신평교,국가교통정보센터(국도),128.37743,38.328423,Y
E904434,(국도46)고성장신1리회관,국가교통정보센터(국도),128.38228,38.35488,Y
E904435,(국도46)고성장신2리입구,국가교통정보센터(국도),128.37776,38.333817,Y
E904436,(국도46)고성장신리1,국가교통정보센터(국도),128.36389,38.317608,Y
E904437,(국도46)고성장신리2,국가교통정보센터(국도),128.36563,38.324123,Y
E904438,(국도46)고성제추교,국가교통정보센터(국도),128.36061,38.30794,Y
E904439,(국도46)고성진부교,국가교통정보센터(국도),128.3629073,38.2944398,Y
E904440,(국도46)고성진부령정상,국가교통정보센터(국도),128.358419,38.266085,Y
E904441,(국도46)고성진부령진부2교,국가교통정보센터(국도),128.356553,38.277677,Y
E904442,(국도46)고성진부령흘리,국가교통정보센터(국도),128.36398,38.2537,Y
E904443,(국도46)양구공리교차로,국가교통정보센터(국도),127.981216,38.059467,Y
E904444,(국도46)양구도촌교,국가교통정보센터(국도),128.019166,38.078888,Y
E904445,(국도46)양구웅진1교,국가교통정보센터(국도),127.945,38.047752,Y
E904446,(국도46)양구웅진2터널남측,국가교통정보센터(국도),127.94742,38.051327,Y
E904447,(국도46)양구황강교,국가교통정보센터(국도),128.02333,38.0925,Y
E904448,(국도46)인제고원통교차로,국가교통정보센터(국도),128.25839,38.146755,Y
E904449,(국도46)인제다리골삼거리,국가교통정보센터(국도),128.35446,38.208214,Y
E904450,(국도46)인제용대교차로,국가교통정보센터(국도),128.3639221,38.21726608,Y
E904451,(국도46)인제용대리,국가교통정보센터(국도),128.36871,38.223213,Y
E904452,(국도46)인제윗남교차로,국가교통정보센터(국도),128.3004753,38.1853436,Y
E904453,(국도46)인제정자문교,국가교통정보센터(국도),128.27563,38.174725,Y
E904454,(국도46)인제화수교,국가교통정보센터(국도),128.36108,38.236866,Y
E904455,(국도46)춘천강촌삼거리,국가교통정보센터(국도),127.635497,37.818359,Y
E904456,(국도46)춘천경강교,국가교통정보센터(국도),127.529708,37.830968,Y
E904457,(국도46)춘천김유정역앞,국가교통정보센터(국도),127.718216,37.820829,Y
E904458,(국도46)춘천만천교,국가교통정보센터(국도),127.776535,37.88308,Y
E904459,(국도46)춘천배후령터널남측,국가교통정보센터(국도),127.78023,37.967693,Y
E904460,(국도46)춘천소양휴게소,국가교통정보센터(국도),127.598169,37.8334489,Y
E904461,(국도46)춘천신북교차로,국가교통정보센터(국도),127.7782593,37.95678711,Y
E904462,(국도46)춘천의암교,국가교통정보센터(국도),127.68016,37.82848,Y
E904463,(국도46)춘천의암교차로,국가교통정보센터(국도),127.669308,37.826916,Y
E904464,(국도46)춘천지내리,국가교통정보센터(국도),127.77063,37.908413,Y
E904465,(국도46)춘천창업보육센터,국가교통정보센터(국도),127.783325,37.94545,Y
E904466,(국도46)춘천추곡약수삼거리,국가교통정보센터(국도),127.885958,38.025662,Y
E904467,(국도46)춘천추곡터널북측,국가교통정보센터(국도),127.861725,38.035072,Y
E904468,(국도46)춘천춘성대교,국가교통정보센터(국도),127.556009,37.847012,Y
E904469,(국도46)춘천춘천IC북측,국가교통정보센터(국도),127.76981,37.845783,Y
E904470,(국도46)춘천팔미사거리,국가교통정보센터(국도),127.7011108,37.82055664,Y
E904471,(국도46)춘천학곡사거리,국가교통정보센터(국도),127.758959,37.838603,Y
E904472,(국도46)화천간동2교,국가교통정보센터(국도),127.809875,38.0253,Y
E904473,(국도46)화천간척대교,국가교통정보센터(국도),127.8381,38.028915,Y
E904474,(국도46)화천간척사거리,국가교통정보센터(국도),127.8166351,38.028862,Y
E904475,(국도46)화천서옥교차로북측,국가교통정보센터(국도),127.805735,38.021064,Y
E904476,(국도46호선)가평가평군자원순환센터,국가교통정보센터(국도),127.464031,37.791391,Y
E900531,(국도46호선)가평가평역입구교차로,국가교통정보센터(국도),127.5102777,37.8169444,Y
E900532,(국도46호선)가평가평오거리,국가교통정보센터(국도),127.5138,37.8207055,Y
E904477,(국도46호선)가평대성1교남단,국가교통정보센터(국도),127.3944444,37.7094444,Y
E900533,(국도46호선)가평대성리역,국가교통정보센터(국도),127.378801,37.684163,Y
E904478,(국도46호선)가평빗고개,국가교통정보센터(국도),127.4696056,37.79288889,Y
E900534,(국도46호선)가평삼봉터,국가교통정보센터(국도),127.4580555,37.7741666,Y
E904479,(국도46호선)가평상천리,국가교통정보센터(국도),127.4448417,37.76495833,Y
E904480,(국도46호선)가평상천리~상색리,국가교통정보센터(국도),127.4652772,37.78221349,Y
E904481,(국도46호선)가평수리재마을입구교차로,국가교통정보센터(국도),127.4489722,37.77083333,Y
E904482,(국도46호선)가평신청평대교앞,국가교통정보센터(국도),127.4052777,37.7216666,Y
E900535,(국도46호선)가평운전학원앞교차로,국가교통정보센터(국도),127.482794444444,37.7990583333333,Y
E904483,(국도46호선)가평진동부락입구,국가교통정보센터(국도),127.4980676,37.81123726,Y
E904484,(국도46호선)가평청평검문소앞교차로,국가교통정보센터(국도),127.4285055,37.7469472,Y
E904485,(국도46호선)가평청평아랫삼거리,국가교통정보센터(국도),127.4119444,37.7341666,Y
E904486,(국도46호선)가평청평윗삼거리,국가교통정보센터(국도),127.4219444,37.7402777,Y
E904487,(국도46호선)가평팔각정삼거리,국가교통정보센터(국도),127.4078052,37.72739143,Y
E900536,(국도46호선)가평하색교,국가교통정보센터(국도),127.4931,37.8043333333333,Y
E904488,(국도46호선)남양주구운교,국가교통정보센터(국도),127.3744444,37.6761111,Y
E900537,(국도46호선)남양주금남IC,국가교통정보센터(국도),127.3660367,37.65745275,Y
E904489,(국도46호선)남양주녹촌1~2교,국가교통정보센터(국도),127.2866158,37.6463954,Y
E900538,(국도46호선)남양주마석터널관리소앞,국가교통정보센터(국도),127.279066666667,37.6484083333333,Y
E904490,(국도46호선)남양주마치~호평교,국가교통정보센터(국도),127.2575137,37.6596023,Y
E904491,(국도46호선)남양주먹골IC사거리,국가교통정보센터(국도),127.1720774,37.6486033,Y
E904492,(국도46호선)남양주모란터널입구,국가교통정보센터(국도),127.3331278,37.64823056,Y
E904493,(국도46호선)남양주사능1교,국가교통정보센터(국도),127.1866073,37.64610669,Y
E904494,(국도46호선)남양주사릉IC,국가교통정보센터(국도),127.1925,37.6484444,Y
E904495,(국도46호선)남양주야미기고개,국가교통정보센터(국도),127.371056,37.664216,Y
E904496,(국도46호선)남양주월산간이IC,국가교통정보센터(국도),127.3442071,37.65418135,Y
E904497,(국도46호선)남양주적성교,국가교통정보센터(국도),127.1984583,37.65061667,Y
E900539,(국도46호선)남양주진관IC,국가교통정보센터(국도),127.160797111111,37.6467285,Y
E900540,(국도46호선)남양주창현교,국가교통정보센터(국도),127.302175,37.640647,Y
E900541,(국도46호선)남양주호평IC,국가교통정보센터(국도),127.2380861,37.6625917,Y
E904498,(국도46호선)남양주호평IC서쪽,국가교통정보센터(국도),127.2220222,37.6497889,Y
E900542,(국도46호선)양구학조리,국가교통정보센터(국도),127.988885,38.065605,Y
E900543,(국도46호선)인제백담교차로,국가교통정보센터(국도),128.344777,38.198452,Y
E900544,(국도46호선)인제용대주유소,국가교통정보센터(국도),128.321124,38.194038,Y
E900545,(국도46호선)춘천거두리,국가교통정보센터(국도),127.776796,37.869149,Y
E900546,(국도46호선)춘천동면IC,국가교통정보센터(국도),127.774462,37.898372,Y
E900547,(국도46호선)춘천신촌리,국가교통정보센터(국도),127.776176,37.85639,Y
E900548,(국도46호선)춘천천전IC,국가교통정보센터(국도),127.778888,37.931739,Y
E900549,(국도46호선)춘천추곡리,국가교통정보센터(국도),127.874724,38.034741,Y
E904499,(국도47)포천소학2리,국가교통정보센터(국도),127.257296,37.813674,Y
E904500,(국도47)포천청담마을입구교차로,국가교통정보센터(국도),127.27014,37.837942,Y
E900550,(국도47호선)(국도47호선)남양주신월IC,국가교통정보센터(국도),127.153638,37.663868,Y
E900551,(국도47호선)(국도47호선)남양주연평IC,국가교통정보센터(국도),127.1657562,37.69160842,Y
E900552,(국도47호선)(국도47호선)남양주임송IC,국가교통정보센터(국도),127.154294,37.670137,Y
E900553,(국도47호선)(국도47호선)남양주장현IC,국가교통정보센터(국도),127.180529,37.71186,Y
E904501,(국도47호선)금곡리교차로,국가교통정보센터(국도),127.193308,37.72202,Y
E904502,(국도47호선)남양주부평교차로,국가교통정보센터(국도),127.201059,37.734269,Y
E904503,(국도47호선)남양주신팔야교,국가교통정보센터(국도),127.2168822,37.7539923,Y
E900554,(국도47호선)남양주연평교,국가교통정보센터(국도),127.171481,37.704393,Y
E904504,(국도47호선)남양주용정교,국가교통정보센터(국도),127.1686325,37.68046569,Y
E904505,(국도47호선)남양주진벌교차로,국가교통정보센터(국도),127.20514,37.74151,Y
E904506,(국도47호선)포천기산1교,국가교통정보센터(국도),127.3014,37.94883,Y
E904507,(국도47호선)포천기장대삼거리,국가교통정보센터(국도),127.2327805,37.7950076,Y
E904508,(국도47호선)포천내촌육교,국가교통정보센터(국도),127.22419,37.78598,Y
E904509,(국도47호선)포천도평1교,국가교통정보센터(국도),127.374825,38.053463,Y
E900555,(국도47호선)포천도평교차로,국가교통정보센터(국도),127.3875,38.06991667,Y
E904510,(국도47호선)포천베어스타운앞,국가교통정보센터(국도),127.241772,37.797542,Y
E904511,(국도47호선)포천사직4교,국가교통정보센터(국도),127.34281,38.003006,Y
E904512,(국도47호선)포천사직리,국가교통정보센터(국도),127.339936,37.988636,Y
E904513,(국도47호선)포천산마루캠핑장,국가교통정보센터(국도),127.39741,38.110878,Y
E904514,(국도47호선)포천소학1리삼거리,국가교통정보센터(국도),127.25234,37.80635,Y
E904515,(국도47호선)포천소학3리삼거리,국가교통정보센터(국도),127.2640144,37.823115,Y
E904516,(국도47호선)포천수입교,국가교통정보센터(국도),127.32868,37.978477,Y
E904517,(국도47호선)포천수입리,국가교통정보센터(국도),127.31178,37.96311,Y
E904518,(국도47호선)포천약사계곡유원지,국가교통정보센터(국도),127.389449,38.074985,Y
E904519,(국도47호선)포천연곡1~2교,국가교통정보센터(국도),127.360435,38.01196,Y
E904520,(국도47호선)포천음현2리~4리,국가교통정보센터(국도),127.2285344,37.7720564,Y
E904521,(국도47호선)포천일동교차로,국가교통정보센터(국도),127.300735,37.941765,Y
E904522,(국도47호선)포천장암2교,국가교통정보센터(국도),127.360184,38.029275,Y
E904523,(국도48)강화하도교,국가교통정보센터(국도),126.452707,37.766862,Y
E904524,(국도48호선)강화강화대교,국가교통정보센터(국도),126.520464,37.73535,Y
E900556,(국도48호선)강화대산교차로,국가교통정보센터(국도),126.494766,37.7610649,Y
E904525,(국도48호선)강화부근교차로,국가교통정보센터(국도),126.4421481,37.7711012,Y
E904526,(국도48호선)강화소방심신휴센터,국가교통정보센터(국도),126.385791666667,37.7844027777778,Y
E904527,(국도48호선)강화송산삼거리,국가교통정보센터(국도),126.372501,37.789411,Y
E900557,(국도48호선)강화신당교차로,국가교통정보센터(국도),126.469333,37.763317,Y
E904528,(국도48호선)강화옥림교차로,국가교통정보센터(국도),126.5069303,37.7501972,Y
E900558,(국도48호선)강화용정리,국가교통정보센터(국도),126.510067,37.73985,Y
E900559,(국도48호선)강화이강교차로,국가교통정보센터(국도),126.400083,37.781617,Y
E904529,(국도48호선)강화인화삼거리,국가교통정보센터(국도),126.35553,37.786705,Y
E900560,(국도48호선)강화하점교차로,국가교통정보센터(국도),126.424291,37.77137,Y
E900561,(국도48호선)김포갈산사거리,국가교통정보센터(국도),126.559143,37.707319,Y
E900562,(국도48호선)김포고촌IC,국가교통정보센터(국도),126.791632,37.587885,Y
E900563,(국도48호선)김포김포CC삼거리,국가교통정보센터(국도),126.543548,37.714968,Y
E900564,(국도48호선)김포김포IC입구,국가교통정보센터(국도),126.773664,37.598294,Y
E904530,(국도48호선)김포김포대학입구,국가교통정보센터(국도),126.53728,37.723815,Y
E904531,(국도48호선)김포누산교차로,국가교통정보센터(국도),126.64816,37.667832,Y
E900565,(국도48호선)김포마송우회도로사거리,국가교통정보센터(국도),126.597665,37.689835,Y
E904532,(국도48호선)김포마송지하차도,국가교통정보센터(국도),126.6044881,37.6864824,Y
E900566,(국도48호선)김포마송초교앞,국가교통정보센터(국도),126.607155,37.684498,Y
E904533,(국도48호선)김포옹정교차로,국가교통정보센터(국도),126.578515,37.696911,Y
E900567,(국도48호선)김포천등교차로,국가교통정보센터(국도),126.752447,37.605207,Y
E900568,(국도48호선)김포태리교차로,국가교통정보센터(국도),126.7407871,37.6093916,Y
E904534,(국도48호선)김포통진두레문화센터,국가교통정보센터(국도),126.587796,37.695801,Y
E904535,(국도48호선)김포하성삼거리,국가교통정보센터(국도),126.631797,37.676174,Y
E900569,(국도48호선)김포향산교차로,국가교통정보센터(국도),126.738228,37.621793,Y
E904537,(국도4)경산계당초등학교,국가교통정보센터(국도),128.855706,35.929439,Y
E904538,(국도4)경산금락네거리,국가교통정보센터(국도),128.825722,35.91438,Y
E904539,(국도4)경산남하2교,국가교통정보센터(국도),128.78015,35.890686,Y
E904540,(국도4)경산남하교,국가교통정보센터(국도),128.775497,35.884698,Y
E904541,(국도4)경산동서교차로,국가교통정보센터(국도),128.8361022,35.9204548,Y
E904542,(국도4)경산청천역(폐역),국가교통정보센터(국도),128.7642028,35.87937222,Y
E904543,(국도4)경산판나풋살파크,국가교통정보센터(국도),128.790519,35.897266,Y
E904544,(국도4)경산하교,국가교통정보센터(국도),128.844012,35.924899,Y
E904546,(국도4)경주건천3교,국가교통정보센터(국도),129.11605,35.84409722,Y
E904545,(국도4)경주건천3교서측,국가교통정보센터(국도),129.107243,35.85221,Y
E904547,(국도4)경주나정교차로,국가교통정보센터(국도),129.489921,35.783734,Y
E904548,(국도4)경주노동교차로,국가교통정보센터(국도),129.444812,35.793344,Y
E904549,(국도4)경주뚝들지근처,국가교통정보센터(국도),129.02718,35.905857,Y
E904550,(국도4)경주모량교차로,국가교통정보센터(국도),129.1361129,35.823913,Y
E904551,(국도4)경주모량육교,국가교통정보센터(국도),129.1366333,35.82261111,Y
E904552,(국도4)경주북건천IC,국가교통정보센터(국도),129.098534,35.861888,Y
E904553,(국도4)경주사라교,국가교통정보센터(국도),129.0717583,35.88610833,Y
E904554,(국도4)경주새들교,국가교통정보센터(국도),129.121605,35.838797,Y
E904555,(국도4)경주신계교차로,국가교통정보센터(국도),129.332417,35.772802,Y
E904556,(국도4)경주심곡교,국가교통정보센터(국도),129.056352,35.900409,Y
E904557,(국도4)경주아화만남휴게소,국가교통정보센터(국도),129.043675,35.90197,Y
E904558,(국도4)경주안동교차로,국가교통정보센터(국도),129.421017,35.797441,Y
E904559,(국도4)경주와읍교차로,국가교통정보센터(국도),129.439685,35.794532,Y
E904560,(국도4)경주용명교,국가교통정보센터(국도),129.090799,35.869701,Y
E904561,(국도4)경주진골교,국가교통정보센터(국도),129.0625,35.89324444,Y
E904562,(국도4)경주축암교,국가교통정보센터(국도),129.404602,35.793302,Y
E904563,(국도4)경주팔조교차로,국가교통정보센터(국도),129.469669,35.783188,Y
E904564,(국도4)경주하추교차로,국가교통정보센터(국도),129.032,35.903375,Y
E904566,(국도4)김천광천교,국가교통정보센터(국도),128.00848,36.191708,Y
E904565,(국도4)김천광천교남측1300m지점,국가교통정보센터(국도),128.0131749,36.18325374,Y
E904567,(국도4)김천광천주유소,국가교통정보센터(국도),128.00711,36.201422,Y
E904568,(국도4)김천근현대사박물관,국가교통정보센터(국도),128.26028,36.07611,Y
E904569,(국도4)김천남김천휴게소,국가교통정보센터(국도),128.2913148,36.06169383,Y
E904570,(국도4)김천남면우체국,국가교통정보센터(국도),128.22905,36.09437,Y
E904571,(국도4)김천대신교,국가교통정보센터(국도),128.084037,36.157807,Y
E904572,(국도4)김천덕천사거리,국가교통정보센터(국도),128.035812113,36.1345332703,Y
E904573,(국도4)김천부상교차로,국가교통정보센터(국도),128.272881,36.06591,Y
E904574,(국도4)김천삼락교차로,국가교통정보센터(국도),128.076529,36.145073,Y
E904575,(국도4)김천송곡교,국가교통정보센터(국도),128.246,36.087234,Y
E904576,(국도4)김천송곡주유소,국가교통정보센터(국도),128.241111,36.090833,Y
E904583,(국도4)김천시립추모공원부근,국가교통정보센터(국도),128.01575,36.17308,Y
E904577,(국도4)김천운곡교,국가교통정보센터(국도),128.218611,36.0975,Y
E904578,(국도4)김천운암교,국가교통정보센터(국도),128.20444,36.09667,Y
E904579,(국도4)김천월곡교차로,국가교통정보센터(국도),128.171641,36.10915,Y
E904580,(국도4)김천직지주유소,국가교통정보센터(국도),128.0298,36.13752,Y
E904581,(국도4)김천포도홍보관,국가교통정보센터(국도),128.0621226,36.12930591,Y
E904582,(국도4)김천황악예술체험촌부근,국가교통정보센터(국도),128.01975,36.16359,Y
E904584,(국도4)논산대미교,국가교통정보센터(국도),127.069992,36.217005,Y
E904585,(국도4)논산득윤리,국가교통정보센터(국도),127.049347,36.230217,Y
E904586,(국도4)논산서논산IC,국가교통정보센터(국도),127.063463,36.218655,Y
E904587,(국도4)논산서논산IC입구,국가교통정보센터(국도),127.056984,36.22391,Y
E904588,(국도4)논산원북교차로,국가교통정보센터(국도),127.04054,36.232513,Y
E904589,(국도4)대전두계삼거리,국가교통정보센터(국도),127.279272,36.267131,Y
E904590,(국도4)부여가탑교차로,국가교통정보센터(국도),126.935974,36.274067,Y
E904591,(국도4)부여교원교차로,국가교통정보센터(국도),126.77266,36.22039,Y
E904592,(국도4)부여구룡교차로,국가교통정보센터(국도),126.81608,36.249992,Y
E904593,(국도4)부여구봉교차로,국가교통정보센터(국도),126.837681,36.254787,Y
E904594,(국도4)부여규암교차로,국가교통정보센터(국도),126.885506,36.265327,Y
E904595,(국도4)부여남촌사거리,국가교통정보센터(국도),126.76006,36.2098,Y
E904596,(국도4)부여내리교차로,국가교통정보센터(국도),126.86745,36.261475,Y
E904597,(국도4)부여논티교차로,국가교통정보센터(국도),126.81217,36.241915,Y
E904598,(국도4)부여능산교차로,국가교통정보센터(국도),126.951471,36.276616,Y
E904599,(국도4)부여대덕육교,국가교통정보센터(국도),126.70018,36.186476,Y
E904600,(국도4)부여대왕교차로,국가교통정보센터(국도),126.929349,36.267943,Y
E904601,(국도4)부여동부여석성휴게소,국가교통정보센터(국도),126.982564,36.251908,Y
E904602,(국도4)부여부여교차로,국가교통정보센터(국도),126.906012,36.266755,Y
E904603,(국도4)부여사비터널(논산),국가교통정보센터(국도),126.9725,36.25772,Y
E904604,(국도4)부여서부여IC교차로,국가교통정보센터(국도),126.802376,36.23608,Y
E904605,(국도4)부여석성교차로,국가교통정보센터(국도),126.99563,36.247395,Y
E904606,(국도4)부여송정교차로,국가교통정보센터(국도),126.79198,36.22741,Y
E904607,(국도4)부여수암1교차로,국가교통정보센터(국도),126.737825,36.194272,Y
E904608,(국도4)부여수암2교차로,국가교통정보센터(국도),126.749405,36.199455,Y
E904609,(국도4)부여신안교차로,국가교통정보센터(국도),126.71266,36.188828,Y
E904610,(국도4)부여연화교차로,국가교통정보센터(국도),127.01782,36.24083,Y
E904611,(국도4)부여염창교차로,국가교통정보센터(국도),126.9655,36.270447,Y
E904612,(국도4)부여옥산1교차로,국가교통정보센터(국도),126.724434,36.191933,Y
E904613,(국도4)부여왕포천교,국가교통정보센터(국도),126.91735,36.267876,Y
E904614,(국도4)부여정각천교,국가교통정보센터(국도),127.003822,36.243753,Y
E904615,(국도4)부여정동교차로,국가교통정보센터(국도),126.783046,36.222775,Y
E904616,(국도4)부여좌홍교차로,국가교통정보센터(국도),126.76712,36.21915,Y
E904617,(국도4)부여합송교차로,국가교통정보센터(국도),126.853094,36.256961,Y
E904618,(국도4)부여홍산2교차로,국가교통정보센터(국도),126.755943,36.20715,Y
E904619,(국도4)부여홍산교차로(홍산면),국가교통정보센터(국도),126.76314,36.214195,Y
E904620,(국도4)서천구암교,국가교통정보센터(국도),126.6823396,36.0858605,Y
E904621,(국도4)서천군사2교차로,국가교통정보센터(국도),126.70515,36.07003,Y
E904622,(국도4)서천군사교차로,국가교통정보센터(국도),126.6831845,36.0769286,Y
E904623,(국도4)서천덕암교차로,국가교통정보센터(국도),126.7086321,36.0453255,Y
E904624,(국도4)서천문곡교차로,국가교통정보센터(국도),126.680643,36.136951,Y
E904625,(국도4)서천복대1교차로,국가교통정보센터(국도),126.694606,36.181344,Y
E904626,(국도4)서천삼산교차로,국가교통정보센터(국도),126.70945,36.06104,Y
E904627,(국도4)서천서부저수지,국가교통정보센터(국도),126.686066,36.128475,Y
E904628,(국도4)서천서천IC삼거리,국가교통정보센터(국도),126.68548,36.09737,Y
E904629,(국도4)서천서천교차로,국가교통정보센터(국도),126.68279,36.089726,Y
E904630,(국도4)서천서천제설창고,국가교통정보센터(국도),126.69686,36.18475,Y
E904631,(국도4)서천성주리,국가교통정보센터(국도),126.71076,36.02068,Y
E904632,(국도4)서천송내교차로,국가교통정보센터(국도),126.711797,36.0291151,Y
E904633,(국도4)서천수성교차로,국가교통정보센터(국도),126.67795,36.15405,Y
E904634,(국도4)서천원수교차로,국가교통정보센터(국도),126.7083059,36.0097575,Y
E904635,(국도4)서천장항역사거리,국가교통정보센터(국도),126.7089725,36.0381289,Y
E904636,(국도4)서천저산과선교,국가교통정보센터(국도),126.678358,36.160654,Y
E904637,(국도4)서천저산생태터널,국가교통정보센터(국도),126.682205,36.164074,Y
E904638,(국도4)서천지석교차로,국가교통정보센터(국도),126.686745,36.11233,Y
E904639,(국도4)서천판교교차로,국가교통정보센터(국도),126.686325,36.16699,Y
E904640,(국도4)서천홍림육교,국가교통정보센터(국도),126.685363,36.122458,Y
E904641,(국도4)서천화성교차로,국가교통정보센터(국도),126.687871,36.10347,Y
E904642,(국도4)영동가리,국가교통정보센터(국도),127.844553,36.180248,Y
E904643,(국도4)영동가리교차로,국가교통정보센터(국도),127.854393,36.188527,Y
E904644,(국도4)영동계룡교차로,국가교통정보센터(국도),127.9571077,36.21242642,Y
E904645,(국도4)영동고당리,국가교통정보센터(국도),127.6961218,36.21175997,Y
E904646,(국도4)영동광평리,국가교통정보센터(국도),127.94211,36.21587,Y
E904647,(국도4)영동노근리,국가교통정보센터(국도),127.883748,36.210008,Y
E904648,(국도4)영동마산교차로,국가교통정보센터(국도),127.896737,36.214527,Y
E904649,(국도4)영동마산터널,국가교통정보센터(국도),127.908007,36.220451,Y
E904650,(국도4)영동부용리,국가교통정보센터(국도),127.7665,36.18084,Y
E904651,(국도4)영동삼봉천교,국가교통정보센터(국도),127.80968,36.16637,Y
E904652,(국도4)영동새동네교차로,국가교통정보센터(국도),127.932697,36.222577,Y
E904653,(국도4)영동서송원교차로,국가교통정보센터(국도),127.878388,36.204194,Y
E904654,(국도4)영동서송원리,국가교통정보센터(국도),127.86381,36.19506,Y
E904655,(국도4)영동소계교차로,국가교통정보센터(국도),127.920616,36.219955,Y
E904656,(국도4)영동영동교차로,국가교통정보센터(국도),127.770856,36.166155,Y
E904657,(국도4)영동영동장례식장,국가교통정보센터(국도),127.750002,36.19711603,Y
E904658,(국도4)영동옥천군경계(사각),국가교통정보센터(국도),127.67338,36.22154,Y
E904659,(국도4)영동이동검문소,국가교통정보센터(국도),127.71186,36.20874,Y
E904660,(국도4)영동주곡교차로,국가교통정보센터(국도),127.816185,36.167206,Y
E904661,(국도4)영동주곡리,국가교통정보센터(국도),127.82161,36.171487,Y
E904662,(국도4)영동회동리,국가교통정보센터(국도),127.800519,36.164275,Y
E904663,(국도4)영동힐링교차로,국가교통정보센터(국도),127.788217,36.163688,Y
E904664,(국도4)영천교대사거리,국가교통정보센터(국도),128.869909,35.934813,Y
E904665,(국도4)영천금호교차로,국가교통정보센터(국도),128.881902,35.937594,Y
E904666,(국도4)영천냉천교차로,국가교통정보센터(국도),128.89056,35.936943,Y
E904667,(국도4)영천만불교차로(북안터널동측),국가교통정보센터(국도),129.023483,35.910092,Y
E904668,(국도4)영천유천대교,국가교통정보센터(국도),128.979581,35.937601,Y
E904669,(국도4)영천임포육교(북안터널),국가교통정보센터(국도),129.0129861,35.92448333,Y
E904670,(국도4)영천작산교,국가교통정보센터(국도),128.9642806,35.94004444,Y
E904671,(국도4)옥천과선교,국가교통정보센터(국도),127.65352,36.24953,Y
E904672,(국도4)옥천대천리,국가교통정보센터(국도),127.5722,36.28625616,Y
E904673,(국도4)옥천동이농공단지입구,국가교통정보센터(국도),127.623607,36.268407,Y
E904674,(국도4)옥천백석교,국가교통정보센터(국도),127.539314,36.327595,Y
E904675,(국도4)옥천삼양삼거리,국가교통정보센터(국도),127.563574,36.30525764,Y
E904676,(국도4)옥천서정리,국가교통정보센터(국도),127.5564537,36.3133472,Y
E904677,(국도4)옥천세산리,국가교통정보센터(국도),127.6095675,36.27279876,Y
E904678,(국도4)옥천옥각교,국가교통정보센터(국도),127.55418,36.31751,Y
E904679,(국도4)옥천용방리,국가교통정보센터(국도),127.6477657,36.25049773,Y
E904536,(국도4)옥천원동리(1)(사각),국가교통정보센터(국도),127.6677103,36.23773192,Y
E904680,(국도4)옥천원동리(2),국가교통정보센터(국도),127.66868,36.23094,Y
E904681,(국도4)옥천원동삼거리,국가교통정보센터(국도),127.66267,36.24072,Y
E904682,(국도4)옥천이백리,국가교통정보센터(국도),127.52962,36.33369,Y
E904683,(국도4)옥천이원삼거리,국가교통정보센터(국도),127.633747,36.249778,Y
E904684,(국도4)옥천적하삼거리,국가교통정보센터(국도),127.62016,36.27065,Y
E904685,(국도4)옥천증약교,국가교통정보센터(국도),127.52029,36.33625,Y
E904686,(국도4)옥천증약리,국가교통정보센터(국도),127.5148,36.33689,Y
E904687,(국도4)옥천회남삼거리,국가교통정보센터(국도),127.50134,36.343924,Y
E904688,(국도4)칠곡관호오거리,국가교통정보센터(국도),128.390879,36.002649,Y
E904689,(국도4)칠곡관호초등학교,국가교통정보센터(국도),128.3829973,36.02216501,Y
E904690,(국도4)칠곡낙산교,국가교통정보센터(국도),128.5274075,35.93139806,Y
E904691,(국도4)칠곡낙산삼거리,국가교통정보센터(국도),128.521712,35.927995,Y
E904692,(국도4)칠곡덕산교,국가교통정보센터(국도),128.4899772,35.94370963,Y
E904693,(국도4)칠곡매원사거리,국가교통정보센터(국도),128.419812,35.985824,Y
E904694,(국도4)칠곡복성네거리,국가교통정보센터(국도),128.34537,36.045814,Y
E904695,(국도4)칠곡삼청교,국가교통정보센터(국도),128.43037,35.975143,Y
E904696,(국도4)칠곡상재원교부근,국가교통정보센터(국도),128.3314931,36.04989973,Y
E904697,(국도4)칠곡솔치재제설자재보관창고,국가교통정보센터(국도),128.4681714,35.96545274,Y
E904698,(국도4)칠곡숭오교차로,국가교통정보센터(국도),128.307929,36.055567,Y
E904699,(국도4)칠곡신동교차로,국가교통정보센터(국도),128.47635,35.9557,Y
E904700,(국도4)칠곡약목교,국가교통정보센터(국도),128.36949,36.033035,Y
E904701,(국도4)칠곡약목역,국가교통정보센터(국도),128.361682,36.03860263,Y
E904702,(국도4)칠곡연호교차로,국가교통정보센터(국도),128.4981481,35.91072051,Y
E904703,(국도4)칠곡연화리피정의집입구,국가교통정보센터(국도),128.4579222,35.96508659,Y
E904704,(국도4)칠곡영청마을입구,국가교통정보센터(국도),128.4906106,35.91724405,Y
E904705,(국도4)칠곡옥포마을회관입구,국가교통정보센터(국도),128.50937,35.917126,Y
E904706,(국도4)칠곡왜관교,국가교통정보센터(국도),128.38559,35.98151,Y
E904707,(국도4)칠곡장평교,국가교통정보센터(국도),128.38892,36.01261,Y
E904708,(국도4)칠곡제1연화교,국가교통정보센터(국도),128.445075,35.96814372,Y
E904709,(국도4)칠곡죽전교차로,국가교통정보센터(국도),128.38701,35.986176,Y
E904710,(국도4)칠곡칠곡군법원앞,국가교통정보센터(국도),128.4014,35.98125,Y
E904711,(국도4)칠곡칠곡승마장,국가교통정보센터(국도),128.49243,35.93538,Y
E904712,(국도4호선)경주건천용명일반산업단지북측,국가교통정보센터(국도),129.08115,35.87715,Y
E904713,(국도4호선)경주토함산터널동측,국가교통정보센터(국도),129.386671,35.786514,Y
E904714,(국도4호선)군산동백대교2(군산),국가교통정보센터(국도),126.707384,36.000099,Y
E900570,(국도4호선)논산논산교차로,국가교통정보센터(국도),127.07828,36.21301,Y
E900571,(국도4호선)대전비룡삼거리,국가교통정보센터(국도),127.47449,36.33013,Y
E900572,(국도4호선)대전세천동,국가교통정보센터(국도),127.48492,36.33563,Y
E900573,(국도4호선)영동고당교,국가교통정보센터(국도),127.70952,36.21031,Y
E900574,(국도4호선)영동과적검문소,국가교통정보센터(국도),127.72999,36.20371,Y
E900575,(국도4호선)영동부용사거리,국가교통정보센터(국도),127.77429,36.17327,Y
E900576,(국도4호선)영동사부리교차로,국가교통정보센터(국도),127.97894,36.21436,Y
E900577,(국도4호선)영동심천면,국가교통정보센터(국도),127.68145,36.21822,Y
E900578,(국도4호선)영동오정삼거리,국가교통정보센터(국도),127.75842,36.19457,Y
E900579,(국도4호선)영동오탄리,국가교통정보센터(국도),127.7622,36.19061,Y
E900580,(국도4호선)영동은편교차로,국가교통정보센터(국도),127.99505,36.21122,Y
E900581,(국도4호선)영동추풍령3교,국가교통정보센터(국도),127.9676,36.21366,Y
E904715,(국도4호선)영천거여초등학교,국가교통정보센터(국도),128.91077,35.933426,Y
E904716,(국도4호선)영천신월리삼층석탑부근,국가교통정보센터(국도),128.89735,35.934244,Y
E900582,(국도4호선)옥천구짐티삼거리,국가교통정보센터(국도),127.62493,36.25986,Y
E900583,(국도4호선)옥천군북면,국가교통정보센터(국도),127.51161,36.33788,Y
E900584,(국도4호선)옥천마달령,국가교통정보센터(국도),127.508445,36.338245,Y
E900585,(국도4호선)옥천서정2교차로,국가교통정보센터(국도),127.54542,36.31888,Y
E900586,(국도4호선)옥천옥천역사거리,국가교통정보센터(국도),127.56594,36.29819,Y
E900587,(국도4호선)옥천원각사거리,국가교통정보센터(국도),127.5892,36.26977,Y
E904717,(국도4호선)칠곡공단삼거리,국가교통정보센터(국도),128.427484,35.979028,Y
E904718,(국도4호선)칠곡칠곡소방서,국가교통정보센터(국도),128.387222,35.993889,Y
E904719,(국도58)김해마산2교,국가교통정보센터(국도),128.830359,35.378097,Y
E904720,(국도58)김해무척산주유소,국가교통정보센터(국도),128.851282,35.348935,Y
E904721,(국도58)김해봉림삼거리,국가교통정보센터(국도),128.84645,35.340155,Y
E904722,(국도58)김해상나전교차로(광재IC),국가교통정보센터(국도),128.873668,35.299146,Y
E904723,(국도58)김해생철교차로,국가교통정보센터(국도),128.845709,35.356968,Y
E904724,(국도58)김해응달교,국가교통정보센터(국도),128.830437,35.17716,Y
E904725,(국도58)김해장유교차로,국가교통정보센터(국도),128.832959,35.168488,Y
E904726,(국도58)김해지사터널동측,국가교통정보센터(국도),128.832081,35.162105,Y
E904727,(국도58)김해하라전교차로,국가교통정보센터(국도),128.873658,35.311028,Y
E904728,(국도58)밀양가곡지하차도,국가교통정보센터(국도),128.774711,35.47264,Y
E904729,(국도58)밀양낙동강역부근,국가교통정보센터(국도),128.834916,35.391695,Y
E904730,(국도58)밀양남포1교(남포터널서측),국가교통정보센터(국도),128.786944,35.466762,Y
E904731,(국도58)밀양미전농공단지입구,국가교통정보센터(국도),128.81108,35.406751,Y
E904732,(국도58)밀양삼랑진IC부근,국가교통정보센터(국도),128.817426,35.399101,Y
E904735,(국도58)밀양새나루고개,국가교통정보센터(국도),128.811616,35.421913,Y
E904733,(국도58)밀양새나루고개남측,국가교통정보센터(국도),128.814033,35.419696,Y
E904734,(국도58)밀양새나루고개북측,국가교통정보센터(국도),128.806406,35.424236,Y
E904736,(국도58)밀양신천동회관앞(삼랑진IC),국가교통정보센터(국도),128.832513,35.396497,Y
E904737,(국도58)밀양예림교,국가교통정보센터(국도),128.765843,35.473375,Y
E904738,(국도58)밀양옥산교차로동측,국가교통정보센터(국도),128.767787,35.56841,Y
E904739,(국도58)밀양음달산중턱,국가교통정보센터(국도),128.8049,35.426436,Y
E904740,(국도58)밀양임천교차로(금곡터널남측),국가교통정보센터(국도),128.793913,35.453127,Y
E904741,(국도58)밀양정토사극락전,국가교통정보센터(국도),128.813071,35.411746,Y
E904742,(국도58)밀양종합관광안내소,국가교통정보센터(국도),128.77117,35.473487,Y
E904743,(국도58)밀양천수농원입구,국가교통정보센터(국도),128.804346,35.434947,Y
E904744,(국도58)밀양청룡소류지,국가교통정보센터(국도),128.808574,35.441758,Y
E904745,(국도58)부산웅동터널동측,국가교통정보센터(국도),128.812287,35.153628,Y
E904746,(국도58)창원웅동터널서측,국가교통정보센터(국도),128.782784,35.13416,Y
E904747,(국도58)청도가례교,국가교통정보센터(국도),128.819561,35.622736,Y
E904748,(국도58)청도구촌리마을입구,국가교통정보센터(국도),128.808599,35.591847,Y
E904749,(국도58)청도동화교남측,국가교통정보센터(국도),128.845409,35.6508,Y
E904750,(국도58)청도매화교인근,국가교통정보센터(국도),128.799824,35.58759,Y
E904751,(국도58)청도명대지북측,국가교통정보센터(국도),128.838877,35.646865,Y
E904752,(국도58)청도무심교북측,국가교통정보센터(국도),128.851041,35.658378,Y
E904753,(국도58)청도사촌리마을,국가교통정보센터(국도),128.793614,35.575147,Y
E904754,(국도58)청도중남교,국가교통정보센터(국도),128.824356,35.613206,Y
E904755,(국도58)청도지전2리마을입구,국가교통정보센터(국도),128.810702,35.603756,Y
E904756,(국도58호선)김해봉림교차로,국가교통정보센터(국도),128.853118,35.323629,Y
E904757,(국도58호선)밀양예림사거리,국가교통정보센터(국도),128.762762,35.469499,Y
E904758,(국도59)구미SK엔크린서부선산주유소,국가교통정보센터(국도),128.292787,36.234988,Y
E904759,(국도59)구미내고소류지,국가교통정보센터(국도),128.274771,36.223869,Y
E904760,(국도59)구미매실교,국가교통정보센터(국도),128.285242,36.226233,Y
E904761,(국도59)구미발명교육센터,국가교통정보센터(국도),128.267867,36.215369,Y
E904762,(국도59)구미습례교남측,국가교통정보센터(국도),128.240049,36.199549,Y
E904763,(국도59)구미습례교북측,국가교통정보센터(국도),128.250187,36.207453,Y
E904764,(국도59)김천감문국이야기나라,국가교통정보센터(국도),128.197128,36.166396,Y
E904766,(국도59)김천감천삼거리,국가교통정보센터(국도),128.13403,36.11749,Y
E904765,(국도59)김천감천삼거리남측,국가교통정보센터(국도),128.134,36.11334,Y
E904767,(국도59)김천개령삼미정미소,국가교통정보센터(국도),128.157648,36.143003,Y
E904768,(국도59)김천광한입구,국가교통정보센터(국도),128.209926,36.172609,Y
E904769,(국도59)김천금송2교북측,국가교통정보센터(국도),128.12642,36.10114,Y
E904770,(국도59)김천김천요양병원,국가교통정보센터(국도),128.12791,36.12164,Y
E904771,(국도59)김천농산물도매시장앞,국가교통정보센터(국도),128.139732,36.132298,Y
E904772,(국도59)김천배시내삼거리,국가교통정보센터(국도),128.230796,36.191929,Y
E904773,(국도59)김천빗내입구,국가교통정보센터(국도),128.218521,36.183611,Y
E904774,(국도59)김천새김천농협주유소,국가교통정보센터(국도),128.190407,36.165091,Y
E904775,(국도59)김천신음교,국가교통정보센터(국도),128.131411,36.12747,Y
E904776,(국도59)단양가곡교차로,국가교통정보센터(국도),128.384267,37.014241,Y
E904777,(국도59)단양가곡보건지소입구,국가교통정보센터(국도),128.3838465,37.025167,Y
E904778,(국도59)단양가대교삼거리,국가교통정보센터(국도),128.4106165,37.03986862,Y
E904779,(국도59)단양가대리,국가교통정보센터(국도),128.4160891,37.0469424,Y
E904780,(국도59)단양가산리(1),국가교통정보센터(국도),128.29564,36.881946,Y
E904781,(국도59)단양가산리(2),국가교통정보센터(국도),128.296338,36.884563,Y
E904782,(국도59)단양가산삼거리,국가교통정보센터(국도),128.300882,36.887861,Y
E904783,(국도59)단양군간교,국가교통정보센터(국도),128.4396042,37.0666285,Y
E904784,(국도59)단양농기계임대사업소,국가교통정보센터(국도),128.4205076,37.060389,Y
E904785,(국도59)단양단양군보건소,국가교통정보센터(국도),128.3504,36.9811,Y
E904786,(국도59)단양단양소백산중학교,국가교통정보센터(국도),128.4261133,37.08812891,Y
E904787,(국도59)단양단양중학교,국가교통정보센터(국도),128.366,36.9762,Y
E904788,(국도59)단양단천초등학교가산분교장,국가교통정보센터(국도),128.304922,36.89391,Y
E904789,(국도59)단양대잠리,국가교통정보센터(국도),128.306874,36.915101,Y
E904790,(국도59)단양덕천터널남측,국가교통정보센터(국도),128.368941,37.010441,Y
E904791,(국도59)단양도담터널북측,국가교통정보센터(국도),128.358237,36.999948,Y
E904792,(국도59)단양명전,국가교통정보센터(국도),128.3839809,37.15784965,Y
E904793,(국도59)단양방곡도자공예교육원,국가교통정보센터(국도),128.310806,36.828687,Y
E904794,(국도59)단양방곡마을,국가교통정보센터(국도),128.316165,36.819673,Y
E904795,(국도59)단양방곡사입구,국가교통정보센터(국도),128.314349,36.823743,Y
E904796,(국도59)단양방곡삼거리,국가교통정보센터(국도),128.305328,36.829525,Y
E904797,(국도59)단양배쟁이골(1),국가교통정보센터(국도),128.305847,36.896757,Y
E904798,(국도59)단양배쟁이골(2),국가교통정보센터(국도),128.305048,36.90051,Y
E904799,(국도59)단양백두대간목재문화체험관,국가교통정보센터(국도),128.307195,36.92335,Y
E904800,(국도59)단양벌천교,국가교통정보센터(국도),128.283272,36.855391,Y
E904801,(국도59)단양벌천리(1),국가교통정보센터(국도),128.300976,36.833509,Y
E904802,(국도59)단양벌천리(2),국가교통정보센터(국도),128.297348,36.834956,Y
E904803,(국도59)단양벌천리(3),국가교통정보센터(국도),128.294801,36.836693,Y
E904804,(국도59)단양벌천리(4),국가교통정보센터(국도),128.291061,36.841304,Y
E904805,(국도59)단양벌천리(5),국가교통정보센터(국도),128.288195,36.844804,Y
E904806,(국도59)단양벌천리(6),국가교통정보센터(국도),128.286088,36.849698,Y
E904807,(국도59)단양벌천리산안,국가교통정보센터(국도),128.288968,36.869905,Y
E904808,(국도59)단양벌천삼거리,국가교통정보센터(국도),128.284269,36.859058,Y
E904809,(국도59)단양별곡1교차로,국가교통정보센터(국도),128.3613,36.9908,Y
E904810,(국도59)단양별곡3교차로,국가교통정보센터(국도),128.3546,36.9932,Y
E904811,(국도59)단양별곡사거리,국가교통정보센터(국도),128.3697,36.987,Y
E904812,(국도59)단양별방리(1),국가교통정보센터(국도),128.4126798,37.10159993,Y
E904813,(국도59)단양별방리(2),국가교통정보센터(국도),128.413963,37.10665417,Y
E904814,(국도59)단양별방리(3),국가교통정보센터(국도),128.4104805,37.11122548,Y
E904815,(국도59)단양별방민원센터,국가교통정보센터(국도),128.4157186,37.09426436,Y
E904816,(국도59)단양사이곡리(1),국가교통정보센터(국도),128.403917,37.11627566,Y
E904817,(국도59)단양사이곡리(2),국가교통정보센터(국도),128.3928155,37.12296405,Y
E904818,(국도59)단양사이곡리(3),국가교통정보센터(국도),128.3899007,37.12913363,Y
E904819,(국도59)단양사지원리(1),국가교통정보센터(국도),128.436074,37.07212811,Y
E904820,(국도59)단양사지원리(2),국가교통정보센터(국도),128.4329031,37.0708135,Y
E904821,(국도59)단양사지원리교차로,국가교통정보센터(국도),128.4272684,37.07922488,Y
E904822,(국도59)단양상선암(1),국가교통정보센터(국도),128.289087,36.870219,Y
E904823,(국도59)단양상선암(2),국가교통정보센터(국도),128.292541,36.874389,Y
E904824,(국도59)단양상유암,국가교통정보센터(국도),128.3929976,37.13667896,Y
E904825,(국도59)단양상진리,국가교통정보센터(국도),128.3568,36.9774,Y
E904826,(국도59)단양선암계곡,국가교통정보센터(국도),128.286733,36.865087,Y
E904827,(국도59)단양소선암오토캠핑장,국가교통정보센터(국도),128.312228,36.927545,Y
E904828,(국도59)단양소선암자연휴양림,국가교통정보센터(국도),128.308132,36.918156,Y
E904829,(국도59)단양여울목전망대,국가교통정보센터(국도),128.3890925,37.0327135,Y
E904830,(국도59)단양유암리,국가교통정보센터(국도),128.390979,37.14436351,Y
E904831,(국도59)단양중방리,국가교통정보센터(국도),128.319656,36.928475,Y
E904832,(국도59)단양중선암입구,국가교통정보센터(국도),128.297188,36.878958,Y
E904833,(국도59)단양특선암교,국가교통정보센터(국도),128.285238,36.865118,Y
E904834,(국도59)단양하선암,국가교통정보센터(국도),128.309695,36.907765,Y
E904835,(국도59)단양하선암주차장,국가교통정보센터(국도),128.30886,36.911448,Y
E904836,(국도59)단양하유암,국가교통정보센터(국도),128.3908902,37.152556,Y
E904837,(국도59)단양향산리,국가교통정보센터(국도),128.4156471,37.05711247,Y
E904838,(국도59)단양향산삼거리,국가교통정보센터(국도),128.4167429,37.05038599,Y
E904839,(국도59호선)성주백운교인접,국가교통정보센터(국도),128.15862,35.808887,Y
E904840,(국도59호선)하동섬진대교북측,국가교통정보센터(국도),127.774743,34.957321,Y
E904841,(국도5)거제군항포버스정류장,국가교통정보센터(국도),128.669685,34.984645,Y
E904842,(국도5)거제다공교회,국가교통정보센터(국도),128.655484,34.931747,Y
E904843,(국도5)거제다공중리마을회관,국가교통정보센터(국도),128.656719,34.938533,Y
E904844,(국도5)거제덕치리회관,국가교통정보센터(국도),128.655879,34.941512,Y
E904845,(국도5)거제동부중학교,국가교통정보센터(국도),128.60745,34.82293,Y
E904846,(국도5)거제동호마을회관,국가교통정보센터(국도),128.58676,34.8093,Y
E904847,(국도5)거제드비치골프클럽,국가교통정보센터(국도),128.680201,35.016523,Y
E904848,(국도5)거제매동회관,국가교통정보센터(국도),128.66574,34.982608,Y
E904849,(국도5)거제맹종죽테마파크,국가교통정보센터(국도),128.65034,34.966602,Y
E904850,(국도5)거제명진삼거리(명진터널남측),국가교통정보센터(국도),128.61352,34.84212,Y
E904851,(국도5)거제산양마을입구,국가교통정보센터(국도),128.60551,34.82787,Y
E904852,(국도5)거제성동버스정류장,국가교통정보센터(국도),128.655644,34.961723,Y
E904853,(국도5)거제송진교회,국가교통정보센터(국도),128.679665,35.010913,Y
E904854,(국도5)거제송진마을회관,국가교통정보센터(국도),128.681446,35.004952,Y
E904855,(국도5)거제송진포왜성입구,국가교통정보센터(국도),128.680616,34.998535,Y
E904856,(국도5)거제신우훼가로아파트,국가교통정보센터(국도),128.654781,34.913771,Y
E904857,(국도5)거제실전마을회관,국가교통정보센터(국도),128.656721,34.974342,Y
E904858,(국도5)거제실전삼거리,국가교통정보센터(국도),128.649735,34.973687,Y
E904859,(국도5)거제실전카훼리부두,국가교통정보센터(국도),128.658427,34.978213,Y
E904860,(국도5)거제양지마을회관,국가교통정보센터(국도),128.58602,34.8035,Y
E904861,(국도5)거제양지버스정류장,국가교통정보센터(국도),128.680618,35.030745,Y
E904862,(국도5)거제연사삼거리,국가교통정보센터(국도),128.64786,34.910491,Y
E904863,(국도5)거제영월경로당,국가교통정보센터(국도),128.5825,34.79625,Y
E904864,(국도5)거제오망천삼거리,국가교통정보센터(국도),128.60425,34.82154,Y
E904866,(국도5)거제오송마을회관,국가교통정보센터(국도),128.59603,34.82323,Y
E904865,(국도5)거제오송마을회관남측,국가교통정보센터(국도),128.58952,34.82093,Y
E904868,(국도5)거제오송소류지,국가교통정보센터(국도),128.600769,34.823874,Y
E904867,(국도5)거제오송소류지북측,국가교통정보센터(국도),128.60373,34.82332,Y
E904869,(국도5)거제오송웨이브,국가교통정보센터(국도),128.58693,34.81646,Y
E904870,(국도5)거제오수삼거리,국가교통정보센터(국도),128.60207,34.83314,Y
E904871,(국도5)거제임전마을회관,국가교통정보센터(국도),128.644934,34.900678,Y
E904872,(국도5)거제장목초등학교,국가교통정보센터(국도),128.683309,34.991783,Y
E904873,(국도5)거제죽전1교,국가교통정보센터(국도),128.656153,34.922201,Y
E904874,(국도5)거제죽전교,국가교통정보센터(국도),128.654722,34.915763,Y
E904875,(국도5)거제하청LH아파트,국가교통정보센터(국도),128.656725,34.956878,Y
E904876,(국도5)거제하청면,국가교통정보센터(국도),128.65467834,34.94993973,Y
E904877,(국도5)거제황포방파제,국가교통정보센터(국도),128.677089,35.022809,Y
E904878,(국도5)군위간동삼거리,국가교통정보센터(국도),128.581542,36.180705,Y
E904879,(국도5)군위고곡삼거리1,국가교통정보센터(국도),128.574938,36.112514,Y
E904880,(국도5)군위군위IC,국가교통정보센터(국도),128.564143,36.203203,Y
E904881,(국도5)군위군위읍입구,국가교통정보센터(국도),128.56761,36.224125,Y
E904882,(국도5)군위군위체육공원입구,국가교통정보센터(국도),128.5625628,36.24033065,Y
E904883,(국도5)군위민속엘피시,국가교통정보센터(국도),128.572241,36.266255,Y
E904884,(국도5)군위서군교인근,국가교통정보센터(국도),128.565162,36.214788,Y
E904885,(국도5)군위장기2리입구,국가교통정보센터(국도),128.5778201,36.13041676,Y
E904886,(국도5)군위장기삼거리,국가교통정보센터(국도),128.584427,36.139796,Y
E904887,(국도5)군위정3리삼거리,국가교통정보센터(국도),128.567936,36.252143,Y
E904888,(국도5)군위효령삼거리,국가교통정보센터(국도),128.5824,36.157454,Y
E904889,(국도5)단양기동교,국가교통정보센터(국도),128.388336,36.916985,Y
E904890,(국도5)단양단성역삼거리,국가교통정보센터(국도),128.3329,36.9357,Y
E904891,(국도5)단양단양삼거리,국가교통정보센터(국도),128.34454,36.98302,Y
E904892,(국도5)단양단양역삼거리,국가교통정보센터(국도),128.3435,36.970504,Y
E904893,(국도5)단양대강교차로,국가교통정보센터(국도),128.3717,36.9187,Y
E904894,(국도5)단양북상삼거리,국가교통정보센터(국도),128.3426,36.9252,Y
E904895,(국도5)단양삼곡교,국가교통정보센터(국도),128.277307,37.074611,Y
E904896,(국도5)단양상시리,국가교통정보센터(국도),128.300444,37.056002,Y
E904897,(국도5)단양소백산국립공원(1),국가교통정보센터(국도),128.433394,36.900726,Y
E904898,(국도5)단양소백산국립공원(2),국가교통정보센터(국도),128.43162,36.907218,Y
E904899,(국도5)단양소백산국립공원(3),국가교통정보센터(국도),128.423917,36.907376,Y
E904900,(국도5)단양소백산국립공원(4),국가교통정보센터(국도),128.4232,36.9099,Y
E904901,(국도5)단양소백산국립공원(5),국가교통정보센터(국도),128.4179,36.9075,Y
E904902,(국도5)단양소백산국립공원(6),국가교통정보센터(국도),128.415522,36.908501,Y
E904903,(국도5)단양소백산국립공원(7),국가교통정보센터(국도),128.4085,36.9117,Y
E904904,(국도5)단양신평사거리,국가교통정보센터(국도),128.309821,37.028964,Y
E904905,(국도5)단양심곡삼거리,국가교통정보센터(국도),128.3341,36.9561,Y
E904906,(국도5)단양어의곡교차로,국가교통정보센터(국도),128.323143,37.005552,Y
E904907,(국도5)단양영천리(상시3교),국가교통정보센터(국도),128.2932,37.066,Y
E904908,(국도5)단양영통사입구,국가교통정보센터(국도),128.3918,36.917389,Y
E904909,(국도5)단양용부원1리,국가교통정보센터(국도),128.37833,36.91666,Y
E904910,(국도5)단양용부원3리,국가교통정보센터(국도),128.396912,36.914433,Y
E904911,(국도5)단양용부원4리,국가교통정보센터(국도),128.38171,36.917625,Y
E904913,(국도5)단양용부원리,국가교통정보센터(국도),128.4019,36.913,Y
E904912,(국도5)단양용부원리,국가교통정보센터(국도),128.394397,36.915812,Y
E904914,(국도5)단양우덕리,국가교통정보센터(국도),128.331298,37.017548,Y
E904915,(국도5)단양우덕삼거리,국가교통정보센터(국도),128.311831,37.019294,Y
E904916,(국도5)단양장림사거리,국가교통정보센터(국도),128.3553,36.921,Y
E904917,(국도5)단양죽령역,국가교통정보센터(국도),128.386363,36.915265,Y
E904921,(국도5)단양지하차도단양방향1,국가교통정보센터(국도),128.269945,37.084394,Y
E904922,(국도5)단양지하차도단양방향2,국가교통정보센터(국도),128.2699111,37.0847524,Y
E904920,(국도5)단양지하차도단양방향외곽,국가교통정보센터(국도),128.2701844,37.0840391,Y
E904924,(국도5)단양지하차도제천방향1,국가교통정보센터(국도),128.2694437,37.0857958,Y
E904925,(국도5)단양지하차도제천방향2,국가교통정보센터(국도),128.2695861,37.0855755,Y
E904923,(국도5)단양지하차도제천방향외곽,국가교통정보센터(국도),128.2693673,37.086033,Y
E904918,(국도5)단양평동리,국가교통정보센터(국도),128.301913,37.03863,Y
E904919,(국도5)단양하시삼거리,국가교통정보센터(국도),128.311156,37.046724,Y
E904926,(국도5)달성강림3교차로,국가교통정보센터(국도),128.438,35.78233,Y
E904927,(국도5)달성교항교차로,국가교통정보센터(국도),128.45077,35.78419,Y
E904928,(국도5)달성달성보남측,국가교통정보센터(국도),128.42673,35.73204,Y
E904929,(국도5)달성달성산업단지삼거리,국가교통정보센터(국도),128.43565,35.72362,Y
E904930,(국도5)달성대원고등학교부근,국가교통정보센터(국도),128.506706,35.807033,Y
E904931,(국도5)달성본리1교서측,국가교통정보센터(국도),128.46242,35.78859,Y
E904932,(국도5)달성북현풍IC입구,국가교통정보센터(국도),128.43813,35.70183,Y
E904933,(국도5)달성삼리1교차로,국가교통정보센터(국도),128.40332,35.76491,Y
E904934,(국도5)달성상리공단입구삼거리,국가교통정보센터(국도),128.41412,35.74205,Y
E904935,(국도5)달성승호교차로,국가교통정보센터(국도),128.41286,35.77044,Y
E904936,(국도5)달성위천교차로,국가교통정보센터(국도),128.4005,35.75371,Y
E904937,(국도5)달성평촌교차로,국가교통정보센터(국도),128.45111,35.644447,Y
E904938,(국도5)달성현풍3교,국가교통정보센터(국도),128.43943,35.69753,Y
E904939,(국도5)달성현풍IC입구교차로,국가교통정보센터(국도),128.447129,35.6728935,Y
E904940,(국도5)달성화원삼거리,국가교통정보센터(국도),128.4945434,35.802731,Y
E904941,(국도5)안동광음3교,국가교통정보센터(국도),128.68065,36.510117,Y
E904942,(국도5)안동광음교차로,국가교통정보센터(국도),128.67204,36.506435,Y
E904943,(국도5)안동도촌교차로,국가교통정보센터(국도),128.70111,36.6580566,Y
E904944,(국도5)안동무릉교차로,국가교통정보센터(국도),128.6825,36.521111,Y
E904945,(국도5)안동운산교차로,국가교통정보센터(국도),128.660278,36.476944,Y
E904946,(국도5)안동원호교,국가교통정보센터(국도),128.658132,36.491114,Y
E904947,(국도5)안동이송천교,국가교통정보센터(국도),128.705303,36.616932,Y
E904948,(국도5)안동저전교,국가교통정보센터(국도),128.69762,36.62855,Y
E904949,(국도5)안동지곡교,국가교통정보센터(국도),128.7082,36.691372,Y
E904951,(국도5)영주가흥교차로,국가교통정보센터(국도),128.6003,36.822456,Y
E904950,(국도5)영주가흥교차로남측,국가교통정보센터(국도),128.601085,36.816855,Y
E904952,(국도5)영주가흥육교,국가교통정보센터(국도),128.584644,36.821565,Y
E904953,(국도5)영주고사동교차로,국가교통정보센터(국도),128.7144,36.71046,Y
E904954,(국도5)영주내성천교,국가교통정보센터(국도),128.680764,36.765448,Y
E904955,(국도5)영주내줄교,국가교통정보센터(국도),128.56245,36.834293,Y
E904956,(국도5)영주만방육교,국가교통정보센터(국도),128.65717,36.77506,Y
E904957,(국도5)영주문정교차로,국가교통정보센터(국도),128.60669,36.804131,Y
E904958,(국도5)영주백동교차로,국가교통정보센터(국도),128.504266,36.878019,Y
E904959,(국도5)영주백수교차로,국가교통정보센터(국도),128.48846,36.883587,Y
E904960,(국도5)영주봉현1육교,국가교통정보센터(국도),128.52643,36.85792,Y
E904961,(국도5)영주새터육교,국가교통정보센터(국도),128.711558798524,36.740952927177,Y
E904962,(국도5)영주수철리4,국가교통정보센터(국도),128.4617,36.899,Y
E904963,(국도5)영주수철리6,국가교통정보센터(국도),128.4522,36.9017,Y
E904964,(국도5)영주수철리정류장인접,국가교통정보센터(국도),128.464167,36.9025,Y
E904965,(국도5)영주시주원골인접,국가교통정보센터(국도),128.451389,36.9,Y
E904966,(국도5)영주신전IC육교,국가교통정보센터(국도),128.557266,36.842339,Y
E904967,(국도5)영주적동과선교,국가교통정보센터(국도),128.640002,36.783434,Y
E904968,(국도5)영주적서육교,국가교통정보센터(국도),128.63284,36.793453,Y
E904969,(국도5)영주지곡교차로,국가교통정보센터(국도),128.71346,36.70258,Y
E904970,(국도5)영주창락교차로,국가교통정보센터(국도),128.476071452371,36.8902718337834,Y
E904971,(국도5)영주평은육교,국가교통정보센터(국도),128.68951,36.76074,Y
E904972,(국도5)영주희방교차로인근,국가교통정보센터(국도),128.4685,36.8953,Y
E904973,(국도5)영주희방삼거리,국가교통정보센터(국도),128.4591,36.903,Y
E904974,(국도5)원주공군비행장,국가교통정보센터(국도),127.9784775,37.44001007,Y
E904975,(국도5)원주관설교차로,국가교통정보센터(국도),127.9682083,37.31391907,Y
E904976,(국도5)원주금대리,국가교통정보센터(국도),128.016731,37.272015,Y
E904977,(국도5)원주내남송2교,국가교통정보센터(국도),127.953274,37.306913,Y
E904978,(국도5)원주대안교차로,국가교통정보센터(국도),127.89991,37.30144882,Y
E904979,(국도5)원주대안천교북측,국가교통정보센터(국도),127.8851166,37.32445526,Y
E904980,(국도5)원주반곡교차로,국가교통정보센터(국도),127.988272,37.319528,Y
E904981,(국도5)원주버덩마을길,국가교통정보센터(국도),127.977974,37.446274,Y
E904982,(국도5)원주사제육교,국가교통정보센터(국도),127.883817,37.335118,Y
E904983,(국도5)원주삼성교차로,국가교통정보센터(국도),127.890581,37.310545,Y
E904984,(국도5)원주서곡교차로,국가교통정보센터(국도),127.9366303,37.30193329,Y
E904985,(국도5)원주섬배고개,국가교통정보센터(국도),127.973521,37.430983,Y
E904986,(국도5)원주신양대교남측,국가교통정보센터(국도),127.9880447,37.401474,Y
E904987,(국도5)원주신양대교북측,국가교통정보센터(국도),127.980551,37.411731,Y
E904988,(국도5)원주원주공항,국가교통정보센터(국도),127.977554,37.45789,Y
E904989,(국도5)원주장양리,국가교통정보센터(국도),127.96251,37.41674,Y
E904990,(국도5)원주치악재(신림),국가교통정보센터(국도),128.048523,37.2530098,Y
E904991,(국도5)원주치악재(원주),국가교통정보센터(국도),128.0414429,37.25775146,Y
E904992,(국도5)원주행구1교,국가교통정보센터(국도),128.000117,37.334725,Y
E904993,(국도5)원주행구1교남측,국가교통정보센터(국도),127.9975815,37.32478714,Y
E904994,(국도5)원주행구교차로,국가교통정보센터(국도),127.9954834,37.34747696,Y
E904995,(국도5)원주흥양교차로,국가교통정보센터(국도),127.9922867,37.38184357,Y
E904996,(국도5)원주흥업교차로,국가교통정보센터(국도),127.9091873,37.29239273,Y
E904997,(국도5)원주흥업쉼터동측,국가교통정보센터(국도),127.928972,37.297881,Y
E904998,(국도5)의성길천교,국가교통정보센터(국도),128.63977,36.322296,Y
E904999,(국도5)의성도리원2교,국가교통정보센터(국도),128.5734076,36.2946459,Y
E905000,(국도5)의성봉양교차로,국가교통정보센터(국도),128.5765,36.302763,Y
E905001,(국도5)의성북의성IC교차로,국가교통정보센터(국도),128.67444,36.410833,Y
E905002,(국도5)의성분토교,국가교통정보센터(국도),128.65744,36.32719,Y
E905003,(국도5)의성세촌교차로,국가교통정보센터(국도),128.666389,36.431389,Y
E905004,(국도5)의성세촌새동평주유소,국가교통정보센터(국도),128.67601,36.436938,Y
E905005,(국도5)의성쌍용주유소,국가교통정보센터(국도),128.612,36.309811,Y
E905006,(국도5)의성안세교,국가교통정보센터(국도),128.67232,36.422405,Y
E905007,(국도5)의성여울문화체험마을,국가교통정보센터(국도),128.6798423,36.3975421,Y
E905008,(국도5)의성우두교,국가교통정보센터(국도),128.680394,36.381721,Y
E905009,(국도5)의성의성IC,국가교통정보센터(국도),128.578789,36.285462,Y
E905010,(국도5)의성의성소방서,국가교통정보센터(국도),128.595451,36.309345,Y
E905011,(국도5)의성재랫재,국가교통정보센터(국도),128.6746,36.388294,Y
E905012,(국도5)제천강제동,국가교통정보센터(국도),128.217733,37.109326,Y
E905013,(국도5)제천고명교차로,국가교통정보센터(국도),128.229229,37.117801,Y
E905014,(국도5)제천고명동,국가교통정보센터(국도),128.233922,37.114304,Y
E905015,(국도5)제천고모교차로,국가교통정보센터(국도),128.152942,37.131838,Y
E905016,(국도5)제천단양제천시경계,국가교통정보센터(국도),128.268526,37.087565,Y
E905017,(국도5)제천대랑동(1),국가교통정보센터(국도),128.256565,37.092945,Y
E905018,(국도5)제천대랑동(2),국가교통정보센터(국도),128.241592,37.105426,Y
E905019,(국도5)제천명지교차로,국가교통정보센터(국도),128.201,37.1136,Y
E905020,(국도5)제천신동교차로,국가교통정보센터(국도),128.161333,37.12836,Y
E905021,(국도5)제천제천축구센터,국가교통정보센터(국도),128.170876,37.125464,Y
E905022,(국도5)제천화물공영차고지,국가교통정보센터(국도),128.179571,37.117427,Y
E905023,(국도5)창녕계성교차로,국가교통정보센터(국도),128.51302,35.48414,Y
E905024,(국도5)창녕공설운동장삼거리,국가교통정보센터(국도),128.50462,35.51764,Y
E905025,(국도5)창녕낙동대교,국가교통정보센터(국도),128.521756,35.397864,Y
E905026,(국도5)창녕논공단지삼거리,국가교통정보센터(국도),128.46996,35.59738,Y
E905027,(국도5)창녕대견교남측,국가교통정보센터(국도),128.46219,35.629,Y
E905028,(국도5)창녕대견교차로,국가교통정보센터(국도),128.45592,35.635,Y
E905029,(국도5)창녕대지교차로,국가교통정보센터(국도),128.48234,35.55289,Y
E905030,(국도5)창녕대합교차로,국가교통정보센터(국도),128.46825,35.60537,Y
E905031,(국도5)창녕도천교,국가교통정보센터(국도),128.52225,35.43525,Y
E905032,(국도5)창녕명리교차로,국가교통정보센터(국도),128.51053,35.47534,Y
E905033,(국도5)창녕모전사거리,국가교통정보센터(국도),128.47124,35.57483,Y
E905034,(국도5)창녕봉산교차로,국가교통정보센터(국도),128.5137,35.45991,Y
E905035,(국도5)창녕송곳교,국가교통정보센터(국도),128.48009,35.543053,Y
E905036,(국도5)창녕여초교차로,국가교통정보센터(국도),128.50845,35.50534,Y
E905037,(국도5)창녕옷들교,국가교통정보센터(국도),128.4949,35.52947,Y
E905038,(국도5)창녕우강교,국가교통정보센터(국도),128.52469,35.41147,Y
E905039,(국도5)창녕우강교차로,국가교통정보센터(국도),128.52276,35.39964,Y
E905040,(국도5)창녕장기사거리,국가교통정보센터(국도),128.46956,35.58718,Y
E905041,(국도5)창녕죽사교차로,국가교통정보센터(국도),128.51891,35.44291,Y
E905042,(국도5)창녕창곡교,국가교통정보센터(국도),128.46593,35.62072,Y
E905043,(국도5)창녕초막골교차로(상행),국가교통정보센터(국도),128.507518,35.51369,Y
E905044,(국도5)창원감천교차로,국가교통정보센터(국도),128.51223,35.20831,Y
E905045,(국도5)창원내포교차로,국가교통정보센터(국도),128.585647,35.089986,Y
E905046,(국도5)창원삼계교,국가교통정보센터(국도),128.50406,35.21936,Y
E905047,(국도5)창원상곡사거리,국가교통정보센터(국도),128.50468,35.24079,Y
E905048,(국도5)창원석곡교차로,국가교통정보센터(국도),128.551932,35.115549,Y
E905049,(국도5)창원쌀재터널남측,국가교통정보센터(국도),128.536111,35.176944,Y
E905050,(국도5)창원쌀재터널북측,국가교통정보센터(국도),128.526389,35.196389,Y
E905051,(국도5)창원용호마을부근,국가교통정보센터(국도),128.599417,35.06913,Y
E905052,(국도5)창원유산터널북측,국가교통정보센터(국도),128.551071,35.127989,Y
E905053,(국도5)창원호계사거리,국가교통정보센터(국도),128.51906,35.26259,Y
E905054,(국도5)춘천갈월교,국가교통정보센터(국도),127.665371,37.978311,Y
E905055,(국도5)춘천모형항공박물관앞,국가교통정보센터(국도),127.82092,37.755394,Y
E905056,(국도5)춘천상리교,국가교통정보센터(국도),127.71844,37.959927,Y
E905057,(국도5)춘천서돌교,국가교통정보센터(국도),127.754238,37.967258,Y
E905058,(국도5)춘천용산2리,국가교통정보센터(국도),127.692972,37.956823,Y
E905059,(국도5)춘천용산교차로,국가교통정보센터(국도),127.7062225,37.94630051,Y
E905060,(국도5)춘천원창3리,국가교통정보센터(국도),127.76862,37.794308,Y
E905061,(국도5)춘천원창5리입구,국가교통정보센터(국도),127.76434,37.7813,Y
E905062,(국도5)춘천원평2교,국가교통정보센터(국도),127.6440582,37.99310684,Y
E905063,(국도5)춘천조양IC교차로,국가교통정보센터(국도),127.7859639,37.75541944,Y
E905064,(국도5)춘천조양삼거리,국가교통정보센터(국도),127.76559,37.767918,Y
E905065,(국도5)춘천지내교차로,국가교통정보센터(국도),127.735097,37.96749,Y
E905066,(국도5)춘천춘성교동측,국가교통정보센터(국도),127.674059,37.966283,Y
E905067,(국도5)춘천춘천댐삼거리,국가교통정보센터(국도),127.666226,37.969058,Y
E905068,(국도5)춘천화물차차고지,국가교통정보센터(국도),127.75869,37.82293,Y
E905069,(국도5)칠곡가산초등학교남측,국가교통정보센터(국도),128.53955,36.074165,Y
E905070,(국도5)칠곡금화교,국가교통정보센터(국도),128.5378452,36.06703394,Y
E905071,(국도5)칠곡다부원교차로2,국가교통정보센터(국도),128.52223,36.05016,Y
E905072,(국도5)칠곡대구공동묘지입구,국가교통정보센터(국도),128.5510054,36.01058004,Y
E905073,(국도5)칠곡대양테크,국가교통정보센터(국도),128.5462729,36.02665422,Y
E905074,(국도5)칠곡동명사거리,국가교통정보센터(국도),128.555533,35.981589,Y
E905075,(국도5)칠곡동명초교,국가교통정보센터(국도),128.553018,35.995147,Y
E905076,(국도5)칠곡동호교,국가교통정보센터(국도),128.551397,35.963894,Y
E905077,(국도5)칠곡두무지삼거리,국가교통정보센터(국도),128.547281,36.021001,Y
E905078,(국도5)칠곡만남의휴게소,국가교통정보센터(국도),128.55364,36.108245,Y
E905079,(국도5)칠곡학명공원묘원서측,국가교통정보센터(국도),128.542778,36.031111,Y
E905080,(국도5)칠곡한우유전자원센터,국가교통정보센터(국도),128.5359,36.097705,Y
E905081,(국도5)함안구성사거리,국가교통정보센터(국도),128.5283,35.30221,Y
E905082,(국도5)함안덕남교차로,국가교통정보센터(국도),128.51311,35.36742,Y
E905083,(국도5)함안석전사거리,국가교통정보센터(국도),128.53294,35.29235,Y
E905084,(국도5)함안석전삼거리,국가교통정보센터(국도),128.53102,35.288386,Y
E905085,(국도5)함안예곡삼거리,국가교통정보센터(국도),128.53159,35.27267,Y
E905086,(국도5)함안용정2교,국가교통정보센터(국도),128.52892,35.28255,Y
E905087,(국도5)함안운서교차로,국가교통정보센터(국도),128.52715,35.30998,Y
E905088,(국도5)함안이룡교차로,국가교통정보센터(국도),128.51321,35.38377,Y
E905089,(국도5)함안칠북공설운동장,국가교통정보센터(국도),128.51516,35.35617,Y
E905090,(국도5)함안칠북교차로,국가교통정보센터(국도),128.52074,35.3446,Y
E905091,(국도5)홍천돌산교앞,국가교통정보센터(국도),127.83707,37.721565,Y
E905092,(국도5)홍천둔지교차로,국가교통정보센터(국도),127.85833,37.686504,Y
E905093,(국도5)홍천부사원리,국가교통정보센터(국도),127.83149,37.740337,Y
E905094,(국도5)홍천북방삼거리,국가교통정보센터(국도),127.853004,37.704453,Y
E905095,(국도5)홍천삼마치교,국가교통정보센터(국도),127.894135,37.629738,Y
E905096,(국도5)홍천삼마치터널,국가교통정보센터(국도),127.8977203,37.60774231,Y
E905097,(국도5)홍천신촌2교,국가교통정보센터(국도),127.89085,37.651337,Y
E905098,(국도5)홍천여산곡교,국가교통정보센터(국도),127.871765,37.676857,Y
E905099,(국도5)홍천장전터널남측,국가교통정보센터(국도),127.88118,37.66303,Y
E905100,(국도5)횡성도곡리,국가교통정보센터(국도),127.95907,37.55896,Y
E905101,(국도5)횡성묵계농공단지,국가교통정보센터(국도),127.977791,37.471516,Y
E905102,(국도5)횡성성남초교,국가교통정보센터(국도),127.973854,37.465282,Y
E905103,(국도5)횡성시동입구,국가교통정보센터(국도),127.8963037,37.58130639,Y
E905104,(국도5)횡성신촌IC,국가교통정보센터(국도),127.9521389,37.518833,Y
E905105,(국도5)횡성입석IC,국가교통정보센터(국도),127.985527,37.48828125,Y
E905106,(국도5)횡성창봉리,국가교통정보센터(국도),127.93509,37.576206,Y
E905107,(국도5)횡성학곡IC,국가교통정보센터(국도),127.9604509,37.50103264,Y
E905108,(국도5)횡성학담리교차로,국가교통정보센터(국도),127.9630952,37.53491492,Y
E905109,(국도5호선)군위무성교인근,국가교통정보센터(국도),128.568611,36.190054,Y
E905110,(국도5호선)군위오곡휴게소,국가교통정보센터(국도),128.57791,36.27508,Y
E905111,(국도5호선)군위효령농공단지,국가교통정보센터(국도),128.59274,36.14759,Y
E905112,(국도5호선)달성평촌교북측,국가교통정보센터(국도),128.45194,35.6548,Y
E905113,(국도5호선)달성포산고사거리북측,국가교통정보센터(국도),128.44167,35.692,Y
E905114,(국도5호선)달성현풍IC입구남측,국가교통정보센터(국도),128.45016,35.66742,Y
E905115,(국도5호선)달성화원옥포IC동측,국가교통정보센터(국도),128.4791,35.79377,Y
E905116,(국도5호선)달성화원옥포IC서측,국가교통정보센터(국도),128.47299,35.79136,Y
E905117,(국도5호선)안동망호교차로남측,국가교통정보센터(국도),128.66338,36.46266,Y
E905118,(국도5호선)안동서후교차로,국가교통정보센터(국도),128.68805,36.639854,Y
E905119,(국도5호선)안동제비원교인접,국가교통정보센터(국도),128.7,36.6075,Y
E905120,(국도5호선)영주곰수교차로,국가교통정보센터(국도),128.4407,36.8982,Y
E905121,(국도5호선)영주백리교차로,국가교통정보센터(국도),128.51358,36.87146,Y
E905122,(국도5호선)영주수철리2,국가교통정보센터(국도),128.4658,36.9004,Y
E905123,(국도5호선)영주수철리7,국가교통정보센터(국도),128.4483,36.8996,Y
E905124,(국도5호선)의성원당교차로,국가교통정보센터(국도),128.66806,36.343887,Y
E905126,(국도5호선)창원삼계사거리,국가교통정보센터(국도),128.50493,35.2323,Y
E905125,(국도5호선)창원삼계사거리남측,국가교통정보센터(국도),128.50584,35.228477,Y
E905127,(국도5호선)창원용호터널북측,국가교통정보센터(국도),128.596409,35.083545,Y
E905128,(국도5호선)칠곡고곡삼거리2,국가교통정보센터(국도),128.560448,36.107876,Y
E905129,(국도5호선)칠곡꿈나무주유소,국가교통정보센터(국도),128.53944,36.03528,Y
E905130,(국도5호선)칠곡다부원교차로1,국가교통정보센터(국도),128.522495,36.047477,Y
E905131,(국도5호선)칠곡다부원앞,국가교통정보센터(국도),128.529142,36.044586,Y
E905132,(국도5호선)칠곡천평삼거리,국가교통정보센터(국도),128.538249,36.086677,Y
E905133,(국도5호선)칠곡침류정인근,국가교통정보센터(국도),128.53822,36.10092,Y
E905134,(국도5호선)칠곡학명공원묘지입구,국가교통정보센터(국도),128.53503,36.039265,Y
E905135,(국도6)강릉긴급제동시설,국가교통정보센터(국도),128.62668,37.804794,Y
E905136,(국도6)강릉소금강입구삼거리,국가교통정보센터(국도),128.70462,37.84676,Y
E905137,(국도6)강릉송림교차로,국가교통정보센터(국도),128.804521,37.850439,Y
E905138,(국도6)강릉신왕초교,국가교통정보센터(국도),128.79117,37.85314,Y
E905139,(국도6)강릉연곡초교,국가교통정보센터(국도),128.82912,37.85454,Y
E905140,(국도6)강릉유등교차로,국가교통정보센터(국도),128.758196,37.850219,Y
E905143,(국도6)강릉진고개,국가교통정보센터(국도),128.614551,37.776499,Y
E905144,(국도6)강릉진고개3,국가교통정보센터(국도),128.61107,37.770065,Y
E905145,(국도6)강릉진고개4,국가교통정보센터(국도),128.61226,37.772778,Y
E905146,(국도6)강릉진고개5,국가교통정보센터(국도),128.61673,37.780106,Y
E905141,(국도6)강릉진고개갈림길,국가교통정보센터(국도),128.618158,37.786258,Y
E905142,(국도6)강릉진고개정상,국가교통정보센터(국도),128.610261,37.766782,Y
E905147,(국도6)강릉퇴곡2리앞,국가교통정보센터(국도),128.73601,37.84902,Y
E905148,(국도6)남양주도곡근린공원,국가교통정보센터(국도),127.2190349,37.57687445,Y
E905149,(국도6)남양주봉안대교,국가교통정보센터(국도),127.2826831,37.52999556,Y
E905150,(국도6)양평갈운양지마을,국가교통정보센터(국도),127.77501678,37.53988647,Y
E905151,(국도6)양평몰운입구,국가교통정보센터(국도),127.75038147,37.53920364,Y
E905152,(국도6)양평백운봉휴게소,국가교통정보센터(국도),127.525981,37.495959,Y
E905153,(국도6)양평산과여울펜션,국가교통정보센터(국도),127.73309326,37.54631424,Y
E905154,(국도6)양평상갈마을입구,국가교통정보센터(국도),127.764358,37.540874,Y
E905155,(국도6)양평용두리,국가교통정보센터(국도),127.731163,37.549998,Y
E905156,(국도6)양평은구비,국가교통정보센터(국도),127.736694,37.542083,Y
E905157,(국도6)양평중안골2길입구,국가교통정보센터(국도),127.793542,37.535032,Y
E905158,(국도6)평창가우1교차로동측,국가교통정보센터(국도),128.57909,37.659157,Y
E905159,(국도6)평창금산교,국가교통정보센터(국도),128.38387,37.592773,Y
E905160,(국도6)평창대관령원예시장,국가교통정보센터(국도),128.46394,37.608345,Y
E905161,(국도6)평창둔전교차로,국가교통정보센터(국도),128.453,37.604042,Y
E905162,(국도6)평창무이교차로,국가교통정보센터(국도),128.30636,37.592752,Y
E905163,(국도6)평창방덕교차로,국가교통정보센터(국도),128.43143,37.607075,Y
E905164,(국도6)평창배나무정1교차로,국가교통정보센터(국도),128.46837,37.61611,Y
E905165,(국도6)평창백옥포마을,국가교통정보센터(국도),128.39168,37.58604,Y
E905166,(국도6)평창병내리,국가교통정보센터(국도),128.61259,37.74986,Y
E905167,(국도6)평창병안삼거리,국가교통정보센터(국도),128.601536,37.702458,Y
E905168,(국도6)평창봉평삼거리,국가교통정보센터(국도),128.349537,37.605284,Y
E905169,(국도6)평창샘골입구,국가교통정보센터(국도),128.32956,37.60111,Y
E905170,(국도6)평창생태이동통로,국가교통정보센터(국도),128.61176,37.75785,Y
E905171,(국도6)평창속사삼거리,국가교통정보센터(국도),128.494586,37.636879,Y
E905172,(국도6)평창속사터널,국가교통정보센터(국도),128.50441,37.63919,Y
E905173,(국도6)평창오대4교차로,국가교통정보센터(국도),128.57208,37.65532,Y
E905174,(국도6)평창월정교,국가교통정보센터(국도),128.58736,37.663548,Y
E905175,(국도6)평창월정삼거리,국가교통정보센터(국도),128.593812,37.669854,Y
E905176,(국도6)평창이목정1교,국가교통정보센터(국도),128.47762,37.627934,Y
E905177,(국도6)평창이목정1교남측,국가교통정보센터(국도),128.47734,37.624252,Y
E905178,(국도6)평창장평1터널입구교차로,국가교통정보센터(국도),128.403587,37.589768,Y
E905179,(국도6)평창장평2터널종점부,국가교통정보센터(국도),128.42381,37.597927,Y
E905180,(국도6)평창진고개1,국가교통정보센터(국도),128.6133,37.763145,Y
E905181,(국도6)평창진고개2,국가교통정보센터(국도),128.61261,37.76382,Y
E905182,(국도6)평창진부IC,국가교통정보센터(국도),128.563142,37.650273,Y
E905183,(국도6)평창태기사거리,국가교통정보센터(국도),128.32007,37.594543,Y
E905184,(국도6)평창태기산등산로1,국가교통정보센터(국도),128.30653,37.597466,Y
E905185,(국도6)평창태기산등산로2,국가교통정보센터(국도),128.30765,37.598415,Y
E905186,(국도6)평창팔석정입구,국가교통정보센터(국도),128.3775,37.60333333,Y
E905187,(국도6)평창하진부1교차로,국가교통정보센터(국도),128.546196,37.645081,Y
E905188,(국도6)평창화훼마을,국가교통정보센터(국도),128.61621,37.74292,Y
E905189,(국도6)횡성공근농공단지,국가교통정보센터(국도),127.9134,37.5273,Y
E905190,(국도6)횡성구두미교차로,국가교통정보센터(국도),128.253131,37.577027,Y
E905191,(국도6)횡성둔내IC,국가교통정보센터(국도),128.20517,37.498245,Y
E905192,(국도6)횡성둔내삼거리,국가교통정보센터(국도),128.21161,37.51234,Y
E905193,(국도6)횡성둔방교차로,국가교통정보센터(국도),128.20851,37.50533,Y
E905194,(국도6)횡성마암리,국가교통정보센터(국도),128.20946,37.540115,Y
E905195,(국도6)횡성버덩말교차로,국가교통정보센터(국도),128.21238,37.543754,Y
E905196,(국도6)횡성상하가로,국가교통정보센터(국도),128.07256,37.487827,Y
E905197,(국도6)횡성새장골입구,국가교통정보센터(국도),127.93114,37.5246,Y
E905198,(국도6)횡성석문교차로,국가교통정보센터(국도),128.21596,37.52163,Y
E905199,(국도6)횡성왕래교,국가교통정보센터(국도),127.8932,37.5279,Y
E905200,(국도6)횡성유현5길입구,국가교통정보센터(국도),127.836,37.5283,Y
E905201,(국도6)횡성유현리,국가교통정보센터(국도),127.860303,37.527046,Y
E905202,(국도6)횡성유현초등학교,국가교통정보센터(국도),127.8771,37.5259,Y
E905203,(국도6)횡성주막교차로,국가교통정보센터(국도),128.21413,37.533405,Y
E905204,(국도6)횡성죽림2,국가교통정보센터(국도),128.14046,37.50376,Y
E905205,(국도6)횡성추동1교,국가교통정보센터(국도),128.038614,37.489697,Y
E905206,(국도6)횡성추용로,국가교통정보센터(국도),128.05539,37.49382,Y
E905207,(국도6)횡성태기산터널,국가교통정보센터(국도),128.26823,37.582222,Y
E905208,(국도6)횡성풍수원교차로,국가교통정보센터(국도),127.8071,37.5237,Y
E905209,(국도6)횡성하궁리1,국가교통정보센터(국도),128.13626,37.50511,Y
E905210,(국도6)횡성하궁리2,국가교통정보센터(국도),128.14339,37.49949,Y
E905211,(국도6)횡성현천교차로,국가교통정보센터(국도),128.201884,37.493061,Y
E905212,(국도6)횡성현천리,국가교통정보센터(국도),128.1971,37.491549,Y
E905213,(국도6)횡성화동1리,국가교통정보센터(국도),128.23328,37.569958,Y
E905214,(국도6)횡성황재정상,국가교통정보센터(국도),128.15517,37.490314,Y
E900588,(국도6호선)(국도6호선)양평도곡교,국가교통정보센터(국도),127.377379,37.517578,Y
E905215,(국도6호선)남양주덕소IC,국가교통정보센터(국도),127.20581,37.586708,Y
E900589,(국도6호선)남양주도곡IC,국가교통정보센터(국도),127.2248291,37.5732026,Y
E905216,(국도6호선)남양주동막골입구교차로,국가교통정보센터(국도),127.2312167,37.56365833,Y
E900590,(국도6호선)남양주조안교차로,국가교통정보센터(국도),127.3028179,37.53292401,Y
E900591,(국도6호선)남양주팔당1터널,국가교통정보센터(국도),127.2570565,37.54052108,Y
E900592,(국도6호선)남양주팔당4터널앞,국가교통정보센터(국도),127.269391666667,37.5343082222222,Y
E900593,(국도6호선)남양주팔당대교IC,국가교통정보센터(국도),127.2401461,37.54821881,Y
E905217,(국도6호선)남양주하팔당삼거리,국가교통정보센터(국도),127.23854,37.552593,Y
E905218,(국도6호선)남양주한강시민공원(팔당),국가교통정보센터(국도),127.2357867,37.5594588,Y
E905219,(국도6호선)양평고읍교차로,국가교통정보센터(국도),127.446276,37.511645,Y
E900594,(국도6호선)양평국수교,국가교통정보센터(국도),127.388202777778,37.5075,Y
E900595,(국도6호선)양평남한강휴게소,국가교통정보센터(국도),127.415311,37.515611,Y
E900596,(국도6호선)양평다대교차로,국가교통정보센터(국도),127.721230555556,37.5637277777778,Y
E900597,(국도6호선)양평단월1교,국가교통정보센터(국도),127.6823,37.5370722,Y
E905220,(국도6호선)양평대흥교,국가교통정보센터(국도),127.5444,37.48297778,Y
E900598,(국도6호선)양평대흥교차로~용문터널,국가교통정보센터(국도),127.5608306,37.48338056,Y
E900599,(국도6호선)양평마룡~봉상2리교차로,국가교통정보센터(국도),127.63263,37.5168,Y
E900600,(국도6호선)양평마룡교차로,국가교통정보센터(국도),127.605675,37.5022861,Y
E905221,(국도6호선)양평복포1리,국가교통정보센터(국도),127.40765,37.51417778,Y
E905222,(국도6호선)양평봉상삼거리,국가교통정보센터(국도),127.6396944,37.51563056,Y
E900601,(국도6호선)양평삼가교차로,국가교통정보센터(국도),127.6604916,37.5180583,Y
E900602,(국도6호선)양평상평교차로,국가교통정보센터(국도),127.4960556,37.50398889,Y
E900603,(국도6호선)양평신흥육교,국가교통정보센터(국도),127.53733,37.49052,Y
E900604,(국도6호선)양평양수교차로,국가교통정보센터(국도),127.3286057,37.53750666,Y
E905223,(국도6호선)양평양평IC,국가교통정보센터(국도),127.43876,37.51307,Y
E900605,(국도6호선)양평오빈교차로,국가교통정보센터(국도),127.4742028,37.50258611,Y
E900606,(국도6호선)양평용담대교,국가교통정보센터(국도),127.3548007,37.53677213,Y
E900607,(국도6호선)양평용담대교북단,국가교통정보센터(국도),127.3662444,37.53139167,Y
E900608,(국도6호선)양평용담대교앞,국가교통정보센터(국도),127.3388364,37.53664074,Y
E900609,(국도6호선)양평용두교차로,국가교통정보센터(국도),127.71611,37.55167,Y
E900610,(국도6호선)양평용문교차로,국가교통정보센터(국도),127.58602,37.48826,Y
E900611,(국도6호선)양평용문터널동측,국가교통정보센터(국도),127.5711833,37.48435278,Y
E905224,(국도6호선)양평전자과학고,국가교통정보센터(국도),127.3960861,37.50981389,Y
E905225,(국도6호선)양평청운교,국가교통정보센터(국도),127.7044639,37.54534444,Y
E905226,(국도75)가평가북교,국가교통정보센터(국도),127.52576447,37.87604523,Y
E905227,(국도75)가평가평군립도서관,국가교통정보센터(국도),127.5133046,37.8307979,Y
E905228,(국도75)가평가평소방서,국가교통정보센터(국도),127.51570892,37.82378387,Y
E905229,(국도75)가평고성교차로,국가교통정보센터(국도),127.49808502,37.71069336,Y
E905230,(국도75)가평굴바우길입구,국가교통정보센터(국도),127.4994712,37.7286594,Y
E905231,(국도75)가평금개울유원지,국가교통정보센터(국도),127.47242737,37.96191025,Y
E905232,(국도75)가평달전교차로,국가교통정보센터(국도),127.5170974,37.8103338,Y
E905233,(국도75)가평도대리상교후,국가교통정보센터(국도),127.4884245,37.9306336,Y
E905234,(국도75)가평또올래캠핑장,국가교통정보센터(국도),127.4480594,37.9754502,Y
E905235,(국도75)가평마장교후,국가교통정보센터(국도),127.518017,37.859333,Y
E905236,(국도75)가평명지산카라반글램핑,국가교통정보센터(국도),127.4418335,37.98332214,Y
E905237,(국도75)가평명화동삼거리,국가교통정보센터(국도),127.4589302,37.9694633,Y
E905238,(국도75)가평목동삼거리,국가교통정보센터(국도),127.5491227,37.8851394,Y
E905239,(국도75)가평무릉도원유원지,국가교통정보센터(국도),127.482207,37.9487609,Y
E905240,(국도75)가평백자동유원지,국가교통정보센터(국도),127.47106171,37.96380997,Y
E905241,(국도75)가평백팔유원지,국가교통정보센터(국도),127.48851776,37.94208145,Y
E905242,(국도75)가평빛나리유원지,국가교통정보센터(국도),127.52189636,37.90048218,Y
E905243,(국도75)가평석룡산자루목등산로입구,국가교통정보센터(국도),127.44098663,37.99673843,Y
E905244,(국도75)가평엽광교,국가교통정보센터(국도),127.50593567,37.84664917,Y
E905245,(국도75)가평오리나무유원지,국가교통정보센터(국도),127.49518585,37.91192245,Y
E905246,(국도75)가평유동교,국가교통정보센터(국도),127.51373291,37.74910736,Y
E905247,(국도75)가평이화리양지말,국가교통정보센터(국도),127.51485,37.813042,Y
E905248,(국도75)가평이화삼거리,국가교통정보센터(국도),127.51296997,37.79936218,Y
E905249,(국도75)가평임산폭포,국가교통정보센터(국도),127.4466613,38.0389777,Y
E905250,(국도75)가평항아리교,국가교통정보센터(국도),127.5040326,37.9021392,Y
E905251,(국도75호선)가평가평대교,국가교통정보센터(국도),127.49658,37.708557,Y
E905252,(국도75호선)가평가평역사거리,국가교통정보센터(국도),127.5149211,37.8149475,Y
E905253,(국도75호선)가평갈치고개,국가교통정보센터(국도),127.50896,37.77302,Y
E905254,(국도75호선)가평들꽃핀자리펜션입구,국가교통정보센터(국도),127.44302,38.02605,Y
E905255,(국도75호선)가평선촌1교차로,국가교통정보센터(국도),127.489494,37.687125,Y
E905256,(국도77)고성가룡마을북측,국가교통정보센터(국도),128.482094,35.015588,Y
E905257,(국도77)고성내신마을남측,국가교통정보센터(국도),128.478299,35.063512,Y
E905258,(국도77)고성덕곡경로당,국가교통정보센터(국도),128.459931,35.044291,Y
E905259,(국도77)고성동해청소년수련학교,국가교통정보센터(국도),128.479535,35.02853,Y
E905260,(국도77)고성매정마을남측,국가교통정보센터(국도),128.483529,35.022103,Y
E905261,(국도77)고성법동마을입구,국가교통정보센터(국도),128.470685,35.037272,Y
E905262,(국도77)고성봉암동원일반산업단지,국가교통정보센터(국도),128.419276,34.996023,Y
E905263,(국도77)고성우두포선착장인근,국가교통정보센터(국도),128.477936,34.999114,Y
E905264,(국도77)고성이케이중공업,국가교통정보센터(국도),128.48276,35.00958,Y
E905265,(국도77)고성장좌선착장,국가교통정보센터(국도),128.46924,34.996678,Y
E905266,(국도77)고성전도마을남측,국가교통정보센터(국도),128.464528,35.050175,Y
E905267,(국도77)고성중끝골인근,국가교통정보센터(국도),128.482745,35.005192,Y
E905268,(국도77)고성하장1교차로,국가교통정보센터(국도),128.461227,34.998497,Y
E905269,(국도77)고성해맞이공원,국가교통정보센터(국도),128.478608,35.059339,Y
E905270,(국도77)남해관음포연꽃마을,국가교통정보센터(국도),127.8663,34.89891,Y
E905271,(국도77)남해달실버스정류장,국가교통정보센터(국도),127.85707,34.90222,Y
E905272,(국도77)남해방파제,국가교통정보센터(국도),127.850027,34.902405,Y
E905273,(국도77)남해자활운동장,국가교통정보센터(국도),127.84206,34.89794,Y
E905317,(국도77)남해정포리방파제,국가교통정보센터(국도),127.828713,34.881886,Y
E905316,(국도77)남해정포리방파제북측,국가교통정보센터(국도),127.831288,34.887168,Y
E905274,(국도77)남해화전마을,국가교통정보센터(국도),127.836977,34.893191,Y
E905275,(국도77)보령선촌교차로,국가교통정보센터(국도),126.42736,36.379,Y
E905276,(국도77)보령원산교차로,국가교통정보센터(국도),126.43175,36.3651,Y
E905277,(국도77)보령원산안면대교남측,국가교통정보센터(국도),126.42447,36.3846,Y
E905278,(국도77)보령원의교차로,국가교통정보센터(국도),126.42686,36.36977,Y
E905279,(국도77)사천대방사거리북측,국가교통정보센터(국도),128.060266,34.931134,Y
E905280,(국도77)사천동서동행복복지센터,국가교통정보센터(국도),128.068949,34.929579,Y
E905281,(국도77)사천사천경찰서,국가교통정보센터(국도),128.081967,34.93252,Y
E905282,(국도77)사천삼천포교,국가교통정보센터(국도),128.075625,34.931469,Y
E905283,(국도77)사천삼천포대교,국가교통정보센터(국도),128.054536,34.932282,Y
E905284,(국도77)사천향촌사거리,국가교통정보센터(국도),128.092795,34.931284,Y
E905287,(국도77)사천향촌삽재농공단지,국가교통정보센터(국도),128.105094,34.931139,Y
E905285,(국도77)사천향촌삽재농공단지남측,국가교통정보센터(국도),128.100159,34.930521,Y
E905286,(국도77)사천향촌삽재농공단지북측,국가교통정보센터(국도),128.107561,34.929665,Y
E905288,(국도77)창원동진교북측,국가교통정보센터(국도),128.465177,35.07949,Y
E905289,(국도77)창원동진슈퍼휴게소,국가교통정보센터(국도),128.45446,35.091794,Y
E905290,(국도77)창원암아교차로,국가교통정보센터(국도),128.448087,35.106815,Y
E905291,(국도77)창원이명마을입구,국가교통정보센터(국도),128.450056,35.094639,Y
E905292,(국도77)창원창포버스정류소남측,국가교통정보센터(국도),128.465128,35.085184,Y
E905293,(국도77)태안곰섬삼거리,국가교통정보센터(국도),126.3145,36.6125,Y
E905294,(국도77)태안남면초등학교,국가교통정보센터(국도),126.3029,36.6723,Y
E905295,(국도77)태안남문교차로,국가교통정보센터(국도),126.2927,36.7471,Y
E905296,(국도77)태안남산1교차로,국가교통정보센터(국도),126.2931,36.739,Y
E905297,(국도77)태안남산교차로,국가교통정보센터(국도),126.2865,36.7238,Y
E905298,(국도77)태안달산3리,국가교통정보센터(국도),126.3075,36.6652,Y
E905299,(국도77)태안달산포교차로,국가교통정보센터(국도),126.3072,36.647,Y
E905300,(국도77)태안몽산교차로,국가교통정보센터(국도),126.287152,36.694786,Y
E905301,(국도77)태안몽산포교차로,국가교통정보센터(국도),126.2951,36.6773,Y
E905302,(국도77)태안삼성초등학교,국가교통정보센터(국도),126.3128,36.6244,Y
E905303,(국도77)태안신온1리,국가교통정보센터(국도),126.3123,36.6163,Y
E905304,(국도77)태안신장교차로,국가교통정보센터(국도),126.28949,36.68748,Y
E905305,(국도77)태안안면대교북단,국가교통정보센터(국도),126.32267,36.60144,Y
E905306,(국도77)태안양잠교차로,국가교통정보센터(국도),126.3116,36.6545,Y
E905307,(국도77)태안영목교차로,국가교통정보센터(국도),126.42239,36.40278,Y
E905308,(국도77)태안진산2교차로,국가교통정보센터(국도),126.283,36.7125,Y
E905309,(국도77)태안진산교차로,국가교통정보센터(국도),126.2861,36.7042,Y
E905310,(국도77)태안창기리,국가교통정보센터(국도),126.3256,36.5929,Y
E905311,(국도77)태안청포대교차로,국가교통정보센터(국도),126.3085,36.638,Y
E905312,(국도77)파주내포리,국가교통정보센터(국도),126.761891,37.847947,Y
E905313,(국도77)파주대동리,국가교통정보센터(국도),126.683927,37.804085,Y
E905314,(국도77)파주사목리,국가교통정보센터(국도),126.750528,37.875453,Y
E905315,(국도77)화성석천사거리,국가교통정보센터(국도),126.7964,37.0525,Y
E900612,(국도77호선)15MPOLE(보령방향)외부회전카메라01,국가교통정보센터(국도),126.452598918331,36.3586519093547,Y
E900613,(국도77호선)15MPOLE(보령방향)외부회전카메라02,국가교통정보센터(국도),126.50858,36.322745,Y
E900614,(국도77호선)15MPOLE(태안방향)외부회전카메라03,국가교통정보센터(국도),126.509514713704,36.322003478509,Y
E900615,(국도77호선)15MPOLE(태안방향)외부회전카메라04,국가교통정보센터(국도),126.4533124,36.35834125,Y
E900616,(국도77호선)목동교차로,국가교통정보센터(국도),126.399931,35.024205,Y
E905318,(국도77호선)무고리마을인근,국가교통정보센터(국도),126.311866,34.629459,Y
E905319,(국도77호선)이목교차로,국가교통정보센터(국도),126.318443,34.650386,Y
E905320,(국도77호선)파주낙하I.C,국가교통정보센터(국도),126.732,37.84,Y
E905321,(국도77호선)파주당동I.C,국가교통정보센터(국도),126.7608333,37.865,Y
E905322,(국도77호선)파주문발I.C,국가교통정보센터(국도),126.6888888,37.7252777,Y
E900617,(국도77호선)파주문산대교,국가교통정보센터(국도),126.767,37.857,Y
E905323,(국도77호선)파주성동I.C,국가교통정보센터(국도),126.6791666,37.7902777,Y
E900618,(국도77호선)파주송촌대교,국가교통정보센터(국도),126.6865066,37.75643159,Y
E905324,(국도77호선)파주송촌대교후,국가교통정보센터(국도),126.6848,37.7671,Y
E905325,(국도77호선)파주오금교,국가교통정보센터(국도),126.6900444,37.82278056,Y
E900619,(국도77호선)파주오두산통일전망대,국가교통정보센터(국도),126.6786111,37.7808333,Y
E900620,(국도77호선)팔학교차로,국가교통정보센터(국도),126.348759,34.961127,Y
E905326,(국도77호선)평택서평택IC사거리,국가교통정보센터(국도),126.8633157,36.98916281,Y
E905327,(국도77호선)평택서평택골프클럽,국가교통정보센터(국도),126.8577238,36.9910034,Y
E900621,(국도77호선)평택원정2리사거리,국가교통정보센터(국도),126.846180555556,36.99615,Y
E900622,(국도77호선)평택원정삼거리,국가교통정보센터(국도),126.817675,37.0094055,Y
E905328,(국도77호선)평택재설자재보관창고,국가교통정보센터(국도),126.830634,37.003493,Y
E905329,(국도77호선)화성남양기산베스트빌,국가교통정보센터(국도),126.82246,37.19577,Y
E905330,(국도77호선)화성남양대교북단,국가교통정보센터(국도),126.8108166,37.0194055,Y
E905331,(국도77호선)화성멱우1리,국가교통정보센터(국도),126.804728,37.1074804,Y
E900623,(국도77호선)화성멱우교남측,국가교통정보센터(국도),126.8048333,37.09397778,Y
E900624,(국도77호선)화성멱우교차로,국가교통정보센터(국도),126.8128277,37.103675,Y
E905332,(국도77호선)화성문호교차로,국가교통정보센터(국도),126.8118528,37.2614875,Y
E905333,(국도77호선)화성문화마을,국가교통정보센터(국도),126.7954996,37.12242105,Y
E900625,(국도77호선)화성봉화교차로,국가교통정보센터(국도),126.7994694,37.0657083,Y
E905334,(국도77호선)화성삼부실교차로,국가교통정보센터(국도),126.821186,37.235411,Y
E905335,(국도77호선)화성서호1교,국가교통정보센터(국도),126.82063,37.23964,Y
E905336,(국도77호선)화성선창포구,국가교통정보센터(국도),126.7962687,37.12935244,Y
E905337,(국도77호선)화성송림2리,국가교통정보센터(국도),126.82029,37.220028,Y
E905338,(국도77호선)화성송림교차로,국가교통정보센터(국도),126.828858,37.227888,Y
E905339,(국도77호선)화성수화교차로,국가교통정보센터(국도),126.81411,37.250088,Y
E905340,(국도77호선)화성신남1리,국가교통정보센터(국도),126.81891,37.18165,Y
E905341,(국도77호선)화성신남교차로,국가교통정보센터(국도),126.816324,37.177499,Y
E900626,(국도77호선)화성이화사거리,국가교통정보센터(국도),126.8044138,37.038,Y
E905342,(국도77호선)화성장덕1리,국가교통정보센터(국도),126.80708,37.16312,Y
E905343,(국도77호선)화성장덕2육교,국가교통정보센터(국도),126.79984,37.156467,Y
E905344,(국도77호선)화성장덕리,국가교통정보센터(국도),126.8047135,37.1593286,Y
E905345,(국도77호선)화성현대연구소삼거리,국가교통정보센터(국도),126.810651,37.169021,Y
E905346,(국도77호선)화성호곡길입구삼거리,국가교통정보센터(국도),126.7944089,37.11824274,Y
E905347,(국도77호선)화성화성서부경찰서,국가교통정보센터(국도),126.821974,37.189932,Y
E905348,(국도77호선)화성화수사거리,국가교통정보센터(국도),126.8013256,37.1098723,Y
E905349,(국도77호선)화원초등학교인근,국가교통정보센터(국도),126.334182,34.674583,Y
E905350,(국도79호선)창원베틀산터널남측,국가교통정보센터(국도),128.467888,35.128155,Y
E905351,(국도79호선)창원지개1교,국가교통정보센터(국도),128.614035,35.283706,Y
E905352,(국도7)강릉강동초등학교,국가교통정보센터(국도),128.96699,37.72357,Y
E905353,(국도7)강릉강북공설운동장,국가교통정보센터(국도),128.83582,37.86889,Y
E905354,(국도7)강릉구라미육교,국가교통정보센터(국도),128.8406067,37.84457397,Y
E905355,(국도7)강릉낙풍교,국가교통정보센터(국도),129.03361,37.62534,Y
E905356,(국도7)강릉낙풍리,국가교통정보센터(국도),129.02186,37.63441,Y
E905357,(국도7)강릉동해1터널남측,국가교통정보센터(국도),128.99647,37.690138,Y
E905358,(국도7)강릉동해1터널북측,국가교통정보센터(국도),128.99647,37.690138,Y
E905359,(국도7)강릉동해시경계,국가교통정보센터(국도),129.07047,37.606552,Y
E905360,(국도7)강릉산성우1리마을회관,국가교통정보센터(국도),129.01425,37.67971,Y
E905361,(국도7)강릉산성우2리마을회관,국가교통정보센터(국도),129.01613,37.67646,Y
E905362,(국도7)강릉산성우리1,국가교통정보센터(국도),129.0169373,37.64805603,Y
E905363,(국도7)강릉산성우리2,국가교통정보센터(국도),129.006902,37.684205,Y
E905364,(국도7)강릉산성우리3,국가교통정보센터(국도),129.01753,37.667866,Y
E905365,(국도7)강릉상시교,국가교통정보센터(국도),128.95169,37.72493,Y
E905366,(국도7)강릉안인교차로,국가교통정보센터(국도),128.95917,37.72652,Y
E905367,(국도7)강릉연곡교차로,국가교통정보센터(국도),128.8396912,37.85837173,Y
E905368,(국도7)강릉옥계IC입구,국가교통정보센터(국도),129.038827,37.615025,Y
E905369,(국도7)강릉옥계역사거리,국가교통정보센터(국도),129.05013,37.61828,Y
E905370,(국도7)강릉임곡교차로,국가교통정보센터(국도),128.99102,37.71253,Y
E905371,(국도7)강릉임곡리입구,국가교통정보센터(국도),128.99522,37.703926,Y
E905372,(국도7)강릉정동천교남측,국가교통정보센터(국도),129.01889,37.6581,Y
E905373,(국도7)강릉주문삼거리,국가교통정보센터(국도),128.8156891,37.91069412,Y
E905374,(국도7)강릉주문진교차로,국가교통정보센터(국도),128.8205261,37.88107681,Y
E905375,(국도7)강릉주문진읍사무소,국가교통정보센터(국도),128.82018,37.89957,Y
E905376,(국도7)강릉주수교,국가교통정보센터(국도),129.0416,37.613785,Y
E905377,(국도7)강릉즈므고가,국가교통정보센터(국도),128.859787,37.80614471,Y
E905378,(국도7)강릉청솔공원,국가교통정보센터(국도),128.8478088,37.83240509,Y
E905379,(국도7)강릉하슬라주유소,국가교통정보센터(국도),128.97846,37.71756,Y
E905380,(국도7)경주강동IC,국가교통정보센터(국도),129.269177,35.983341,Y
E905381,(국도7)경주건천IC,국가교통정보센터(국도),129.147847,35.802553,Y
E905382,(국도7)경주구어2교,국가교통정보센터(국도),129.302628,35.700951,Y
E905383,(국도7)경주구어교차로,국가교통정보센터(국도),129.314189,35.694917,Y
E905384,(국도7)경주내남교,국가교통정보센터(국도),129.199295,35.757805,Y
E905385,(국도7)경주냉천교차로,국가교통정보센터(국도),129.2962,35.711,Y
E905386,(국도7)경주노곡3교,국가교통정보센터(국도),129.221427,35.740032,Y
E905387,(국도7)경주명계4교,국가교통정보센터(국도),129.26456,35.713776,Y
E905388,(국도7)경주명계교차로,국가교통정보센터(국도),129.235228,35.729722,Y
E905389,(국도7)경주명계터널서측,국가교통정보센터(국도),129.240666,35.715114,Y
E905391,(국도7)경주모서교,국가교통정보센터(국도),129.24683,35.950182,Y
E905390,(국도7)경주모서교,국가교통정보센터(국도),129.2468778,35.96423056,Y
E905392,(국도7)경주모화사거리,국가교통정보센터(국도),129.331261,35.683714,Y
E905393,(국도7)경주부지교차로,국가교통정보센터(국도),129.193728,35.762614,Y
E905394,(국도7)경주북경주IC,국가교통정보센터(국도),129.247434,35.938131,Y
E905395,(국도7)경주야척교차로,국가교통정보센터(국도),129.156413,35.86002,Y
E905396,(국도7)경주외동교차로(경주방향)(파노라마),국가교통정보센터(국도),129.331003,35.686715,Y
E905397,(국도7)경주유강터널서측,국가교통정보센터(국도),129.288817,35.996676,Y
E905398,(국도7)경주이제테크,국가교통정보센터(국도),129.253539,35.985587,Y
E905399,(국도7)경주충효2교북측,국가교통정보센터(국도),129.156022,35.852652,Y
E905400,(국도7)경주충효3교북측,국가교통정보센터(국도),129.161578,35.840823,Y
E905401,(국도7)경주충효교차로(광명터널북측),국가교통정보센터(국도),129.155241,35.831975,Y
E905402,(국도7)경주화곡저수지부근,국가교통정보센터(국도),129.183281,35.771644,Y
E905403,(국도7)경주효청보건고,국가교통정보센터(국도),129.335833,35.670278,Y
E905404,(국도7)경주효현교차로,국가교통정보센터(국도),129.143892,35.816581,Y
E905405,(국도7)고성교암사거리,국가교통정보센터(국도),128.54765,38.28603,Y
E905406,(국도7)고성대진리입구,국가교통정보센터(국도),128.41966,38.50194,Y
E905407,(국도7)고성명파교차로,국가교통정보센터(국도),128.40352,38.54174,Y
E905408,(국도7)고성봉포교,국가교통정보센터(국도),128.56157,38.25219,Y
E905409,(국도7)고성상리교차로,국가교통정보센터(국도),128.4705505,38.38493729,Y
E905410,(국도7)고성송지호캠핑장,국가교통정보센터(국도),128.51169,38.34323,Y
E905411,(국도7)고성아야진1교차로,국가교통정보센터(국도),128.5484924,38.27140427,Y
E905412,(국도7)고성안보공원교차로,국가교통정보센터(국도),128.416131,38.511261,Y
E905413,(국도7)고성천진교차로,국가교통정보센터(국도),128.55562,38.260117,Y
E905414,(국도7)고성초도교차로,국가교통정보센터(국도),128.42473,38.483864,Y
E905415,(국도7)고성현내터널남측,국가교통정보센터(국도),128.410601,38.524651,Y
E905416,(국도7)고성화진포,국가교통정보센터(국도),128.42795,38.452568,Y
E905417,(국도7)기장두명고가교,국가교통정보센터(국도),129.142493,35.355478,Y
E905418,(국도7)삼척갈남리,국가교통정보센터(국도),129.329167,37.260464,Y
E905419,(국도7)삼척광태교,국가교통정보센터(국도),129.23,37.363316,Y
E905420,(국도7)삼척교가리,국가교통정보센터(국도),129.22262,37.3756,Y
E905421,(국도7)삼척궁촌교차로,국가교통정보센터(국도),129.27729,37.31372,Y
E905422,(국도7)삼척궁촌리,국가교통정보센터(국도),129.262352,37.325617,Y
E905423,(국도7)삼척근덕IC북측,국가교통정보센터(국도),129.20722,37.39952,Y
E905424,(국도7)삼척근덕교차로,국가교통정보센터(국도),129.2198029,37.38497162,Y
E905425,(국도7)삼척노곡리1,국가교통정보센터(국도),129.336415,37.214928,Y
E905426,(국도7)삼척노곡리2,국가교통정보센터(국도),129.335666,37.197522,Y
E905427,(국도7)삼척동막교차로,국가교통정보센터(국도),129.24463,37.34448,Y
E905428,(국도7)삼척동막리,국가교통정보센터(국도),129.250722,37.330159,Y
E905429,(국도7)삼척문암교,국가교통정보센터(국도),129.28492,37.30558,Y
E905430,(국도7)삼척용화1교,국가교통정보센터(국도),129.3045,37.277306,Y
E905431,(국도7)삼척월천리,국가교통정보센터(국도),129.355099,37.154848,Y
E905432,(국도7)삼척임원나들목,국가교통정보센터(국도),129.34045,37.22751,Y
E905433,(국도7)삼척임원리,국가교통정보센터(국도),129.334805,37.250832,Y
E905434,(국도7)삼척초곡리1,국가교통정보센터(국도),129.293466,37.301475,Y
E905435,(국도7)삼척초곡리2,국가교통정보센터(국도),129.297313,37.293785,Y
E905436,(국도7)삼척한치터널,국가교통정보센터(국도),129.1914978,37.42337036,Y
E905437,(국도7)삼척호산교차로,국가교통정보센터(국도),129.3399,37.16976,Y
E905438,(국도7)삼척호산천교남측,국가교통정보센터(국도),129.32733,37.18005,Y
E905439,(국도7)양산덕계터널북측,국가교통정보센터(국도),129.167262,35.389881,Y
E905440,(국도7)양산두명1터널북측,국가교통정보센터(국도),129.163446,35.37116,Y
E905441,(국도7)양산명동교차로,국가교통정보센터(국도),129.169983,35.396252,Y
E905442,(국도7)양산서창터널북측,국가교통정보센터(국도),129.181566,35.411989,Y
E905443,(국도7)양산용당터널남측,국가교통정보센터(국도),129.190369,35.425806,Y
E905444,(국도7)양산임기마을교차로,국가교통정보센터(국도),129.1191639,35.32583333,Y
E905445,(국도7)양양기사문해변입구,국가교통정보센터(국도),128.72993,38.00555,Y
E905446,(국도7)양양남애초등학교,국가교통정보센터(국도),128.77414,37.95111,Y
E905447,(국도7)양양동산항교차로,국가교통정보센터(국도),128.75705,37.9792,Y
E905448,(국도7)양양미륭삼거리,국가교통정보센터(국도),128.78364,37.94087,Y
E905449,(국도7)양양밀양육교,국가교통정보센터(국도),128.652743,38.049853,Y
E905450,(국도7)양양북분리,국가교통정보센터(국도),128.75128,37.98337,Y
E905451,(국도7)양양손양IC남측,국가교통정보센터(국도),128.64396,38.05618,Y
E905452,(국도7)양양양양삼거리,국가교통정보센터(국도),128.628204,38.078093,Y
E905453,(국도7)양양원포삼거리,국가교통정보센터(국도),128.79203,37.93053,Y
E905454,(국도7)양양위령탑입구,국가교통정보센터(국도),128.7432404,37.99080658,Y
E905455,(국도7)양양인구삼거리,국가교통정보센터(국도),128.7634277,37.96518326,Y
E905456,(국도7)양양인구초등학교,국가교통정보센터(국도),128.75703,37.96746,Y
E905457,(국도7)양양잔교졸음쉼터,국가교통정보센터(국도),128.73694,38.00017,Y
E905458,(국도7)양양정암리,국가교통정보센터(국도),128.612671,38.142512,Y
E905459,(국도7)양양정암졸음쉼터,국가교통정보센터(국도),128.61949,38.13485,Y
E905460,(국도7)양양조산초교,국가교통정보센터(국도),128.63106,38.11379,Y
E905461,(국도7)양양중광정리,국가교통정보센터(국도),128.70358,38.03333,Y
E905462,(국도7)양양지경교차로,국가교통정보센터(국도),128.79953,37.92198944,Y
E905463,(국도7)양양청곡교차로,국가교통정보센터(국도),128.628461,38.095081,Y
E905464,(국도7)양양푸른하늘주유소앞,국가교통정보센터(국도),128.653833,38.046503,Y
E905465,(국도7)양양하양혈리마을회관,국가교통정보센터(국도),128.67258,38.03858,Y
E905466,(국도7)양양하조대IC입구,국가교통정보센터(국도),128.690223,38.034727,Y
E905467,(국도7)양양하조대교차로,국가교통정보센터(국도),128.724612,38.012722,Y
E905468,(국도7)양양하조대해변입구,국가교통정보센터(국도),128.71861,38.0224,Y
E905469,(국도7)영덕각리리교차로남측,국가교통정보센터(국도),129.395561,36.560308,Y
E905470,(국도7)영덕강구면사무소,국가교통정보센터(국도),129.37843,36.36155,Y
E905471,(국도7)영덕거무역교차로,국가교통정보센터(국도),129.403988,36.593517,Y
E905472,(국도7)영덕고곡1교,국가교통정보센터(국도),129.410366,36.488337,Y
E905473,(국도7)영덕남산교차로,국가교통정보센터(국도),129.373588,36.399496,Y
E905474,(국도7)영덕남호교,국가교통정보센터(국도),129.377963,36.332321,Y
E905475,(국도7)영덕농협주유소,국가교통정보센터(국도),129.4086,36.474304,Y
E905476,(국도7)영덕덕곡교차로부근,국가교통정보센터(국도),129.379252,36.411183,Y
E905477,(국도7)영덕덕곡교차로북측,국가교통정보센터(국도),129.377443,36.421048,Y
E905478,(국도7)영덕동경오일뱅크,국가교통정보센터(국도),129.4023133,36.46162302,Y
E905479,(국도7)영덕매정교차로,국가교통정보센터(국도),129.40222,36.451815,Y
E905480,(국도7)영덕백석교,국가교통정보센터(국도),129.409691,36.621826,Y
E905481,(국도7)영덕백석교차로,국가교통정보센터(국도),129.416473,36.630679,Y
E905482,(국도7)영덕병곡교차로북측,국가교통정보센터(국도),129.410075,36.60412,Y
E905483,(국도7)영덕상원교,국가교통정보센터(국도),129.406071,36.508474,Y
E905484,(국도7)영덕서광주유소,국가교통정보센터(국도),129.420969,36.642922,Y
E905485,(국도7)영덕소월교,국가교통정보센터(국도),129.37933,36.372311,Y
E905486,(국도7)영덕솔향기펜션앞,국가교통정보센터(국도),129.37825,36.27323,Y
E905487,(국도7)영덕송천교차로,국가교통정보센터(국도),129.396783,36.541308,Y
E905488,(국도7)영덕씨레스트펜션앞,국가교통정보센터(국도),129.37796,36.29824,Y
E905489,(국도7)영덕영덕IC,국가교통정보센터(국도),129.37442,36.382122,Y
E905490,(국도7)영덕영덕구계항부근,국가교통정보센터(국도),129.37762,36.318485,Y
E905491,(국도7)영덕영덕터널지나3Km,국가교통정보센터(국도),129.382894,36.432374,Y
E905492,(국도7)영덕영동천교,국가교통정보센터(국도),129.405533,36.598414,Y
E905493,(국도7)영덕영해생활체육공원,국가교통정보센터(국도),129.404579,36.524829,Y
E905494,(국도7)영덕오션뷰C.C앞삼거리,국가교통정보센터(국도),129.381293,36.339985,Y
E905495,(국도7)영덕장사삼거리,국가교통정보센터(국도),129.374244,36.286135,Y
E905496,(국도7)영덕화수교,국가교통정보센터(국도),129.391257,36.441046,Y
E905497,(국도7)울주대복교차로북측,국가교통정보센터(국도),129.227859,35.492562,Y
E905498,(국도7)울주문죽1교동측,국가교통정보센터(국도),129.259094,35.513749,Y
E905499,(국도7)울주밤티고개북측,국가교통정보센터(국도),129.233675,35.50174,Y
E905500,(국도7)울주오복교차로,국가교통정보센터(국도),129.223703,35.47698,Y
E905501,(국도7)울주용당터널북측,국가교통정보센터(국도),129.20493,35.441317,Y
E905502,(국도7)울주청량교(옥동생태터널),국가교통정보센터(국도),129.270288,35.521355,Y
E905503,(국도7)울주초천교차로,국가교통정보센터(국도),129.216587,35.46243,Y
E905504,(국도7)울진고목교,국가교통정보센터(국도),129.376922,37.073163,Y
E905505,(국도7)울진공세교,국가교통정보센터(국도),129.408476,36.987209,Y
E905506,(국도7)울진공항IC교,국가교통정보센터(국도),129.460696,36.761331,Y
E905507,(국도7)울진관덕마을입구,국가교통정보센터(국도),129.449545,36.725444,Y
E905508,(국도7)울진금음교,국가교통정보센터(국도),129.432548,36.664839,Y
E905509,(국도7)울진금음교차로,국가교통정보센터(국도),129.4271431,36.6487146,Y
E905510,(국도7)울진기성초등학교북측,국가교통정보센터(국도),129.4467434,36.7990392,Y
E905511,(국도7)울진기성휴게소입구,국가교통정보센터(국도),129.456296,36.777,Y
E905512,(국도7)울진노음교,국가교통정보센터(국도),129.397873,36.953727,Y
E905514,(국도7)울진대나리교,국가교통정보센터(국도),129.412287,37.000131,Y
E905513,(국도7)울진대나리교북측,국가교통정보센터(국도),129.4138106,37.0074931,Y
E905515,(국도7)울진덕신교차로,국가교통정보센터(국도),129.4156532,36.8830506,Y
E905516,(국도7)울진만세교,국가교통정보센터(국도),129.383439,36.923766,Y
E905517,(국도7)울진망양1교차로,국가교통정보센터(국도),129.4205315,36.8650146,Y
E905518,(국도7)울진망양1터널남측,국가교통정보센터(국도),129.427145,36.842739,Y
E905519,(국도7)울진매정육교근처,국가교통정보센터(국도),129.402254,37.063956,Y
E905520,(국도7)울진매화재,국가교통정보센터(국도),129.391704,36.905802,Y
E905521,(국도7)울진반소골길입구,국가교통정보센터(국도),129.430238,36.659555,Y
E905522,(국도7)울진법음사,국가교통정보센터(국도),129.4560497,36.737322,Y
E905523,(국도7)울진봉평교,국가교통정보센터(국도),129.408655,37.035573,Y
E905524,(국도7)울진북개터널(하),국가교통정보센터(국도),129.439588,36.817056,Y
E905525,(국도7)울진삼율1교,국가교통정보센터(국도),129.436433,36.675993,Y
E905526,(국도7)울진성유교,국가교통정보센터(국도),129.380171,36.944511,Y
E905527,(국도7)울진신나곡교,국가교통정보센터(국도),129.363007,37.113987,Y
E905528,(국도7)울진신화교,국가교통정보센터(국도),129.371488,37.080081,Y
E905529,(국도7)울진실배교차로,국가교통정보센터(국도),129.443575,36.695922,Y
E905530,(국도7)울진오산1교,국가교통정보센터(국도),129.409029,36.89189,Y
E905531,(국도7)울진온양교,국가교통정보센터(국도),129.4057,37.025615,Y
E905532,(국도7)울진왕피천대교,국가교통정보센터(국도),129.399617,36.963169,Y
E905533,(국도7)울진울진남부교차로,국가교통정보센터(국도),129.401645,36.975672,Y
E905534,(국도7)울진울진마린CC,국가교통정보센터(국도),129.401525,36.899745,Y
E905535,(국도7)울진울진북부교차로,국가교통정보센터(국도),129.409066,37.016944,Y
E905536,(국도7)울진원남교,국가교통정보센터(국도),129.4199129,36.8734153,Y
E905537,(국도7)울진월송교,국가교통정보센터(국도),129.453962,36.749238,Y
E905538,(국도7)울진죽변교,국가교통정보센터(국도),129.406156,37.047551,Y
E905539,(국도7)울진척산교차로북측,국가교통정보센터(국도),129.441044,36.813852,Y
E905540,(국도7)울진태봉1교,국가교통정보센터(국도),129.356806,37.131925,Y
E905541,(국도7)울진학곡사거리,국가교통정보센터(국도),129.4439572,36.7100991,Y
E905542,(국도7)울진후정교차로,국가교통정보센터(국도),129.391305,37.068341,Y
E905543,(국도7)울진후포IC교,국가교통정보센터(국도),129.439239,36.685658,Y
E905544,(국도7)포항고현교,국가교통정보센터(국도),129.340757,36.166579,Y
E905545,(국도7)포항광천교,국가교통정보센터(국도),129.3575,36.225937,Y
E905546,(국도7)포항냉천교,국가교통정보센터(국도),129.35474,36.2168,Y
E905547,(국도7)포항북송교차로,국가교통정보센터(국도),129.332681,36.116296,Y
E905548,(국도7)포항성곡IC,국가교통정보센터(국도),129.34076,36.086506,Y
E905549,(국도7)포항오션아울렛,국가교통정보센터(국도),129.34642,36.148824,Y
E905550,(국도7)포항옥성교차로,국가교통정보센터(국도),129.338754,36.101977,Y
E905551,(국도7)포항용전2리마을회관,국가교통정보센터(국도),129.340119,36.129046,Y
E905552,(국도7)포항용전교차로,국가교통정보센터(국도),129.348011,36.134786,Y
E905553,(국도7)포항유강교,국가교통정보센터(국도),129.321937,36.004285,Y
E905554,(국도7)포항유강교차로,국가교통정보센터(국도),129.314616,36.001908,Y
E905555,(국도7)포항유천교,국가교통정보센터(국도),129.37446,36.26092,Y
E905556,(국도7)포항천마고속주유소,국가교통정보센터(국도),129.36815,36.238686,Y
E905557,(국도7)포항청하농공단지앞삼거리,국가교통정보센터(국도),129.339592,36.175357,Y
E905558,(국도7)포항청하삼거리,국가교통정보센터(국도),129.3401549,36.17826812,Y
E905559,(국도7)포항청하휴게소,국가교통정보센터(국도),129.34657,36.1875,Y
E905560,(국도7)포항해학교앞,국가교통정보센터(국도),129.351001,36.210295,Y
E905561,(국도7)포항화진교전방,국가교통정보센터(국도),129.369959,36.249095,Y
E900627,(국도7호선)강릉미노고가차도,국가교통정보센터(국도),128.851672,37.819296,Y
E905562,(국도7호선)경주강동과적검문소부근,국가교통정보센터(국도),129.24908,35.97815,Y
E905563,(국도7호선)경주화곡교차로,국가교통정보센터(국도),129.173128,35.776433,Y
E900628,(국도7호선)고성공현진교차로,국가교통정보센터(국도),128.50853,38.355399,Y
E900629,(국도7호선)고성문암삼거리,국가교통정보센터(국도),128.543534,38.295791,Y
E900630,(국도7호선)고성봉평교차로,국가교통정보센터(국도),128.443788,38.441632,Y
E900631,(국도7호선)고성송죽교차로,국가교통정보센터(국도),128.467962,38.406555,Y
E900632,(국도7호선)고성송지호교차로,국가교통정보센터(국도),128.523782,38.33218,Y
E900633,(국도7호선)고성송포리,국가교통정보센터(국도),128.459461,38.426695,Y
E900634,(국도7호선)고성오호초교,국가교통정보센터(국도),128.532721,38.314203,Y
E900635,(국도7호선)고성용촌삼거리,국가교통정보센터(국도),128.572065,38.237229,Y
E900636,(국도7호선)고성용촌저수지,국가교통정보센터(국도),128.56408,38.223654,Y
E900637,(국도7호선)고성죽정교차로,국가교통정보센터(국도),128.422818,38.468228,Y
E900638,(국도7호선)고성향목리정미소,국가교통정보센터(국도),128.48538,38.37765,Y
E900639,(국도7호선)양양송현교차로,국가교통정보센터(국도),128.641628,38.067448,Y
E905564,(국도7호선)영덕동해대덕연수원,국가교통정보센터(국도),129.378721,36.310334,Y
E905565,(국도7호선)영덕삼사삼거리,국가교통정보센터(국도),129.37991,36.34999,Y
E905566,(국도7호선)영덕영덕농공단지입구,국가교통정보센터(국도),129.37037,36.39169,Y
E905567,(국도7호선)영덕축산교차로,국가교통정보센터(국도),129.411518,36.503202,Y
E905568,(국도7호선)울주삼정저수지서측,국가교통정보센터(국도),129.243962,35.508981,Y
E905569,(국도7호선)포항유강터널(동측),국가교통정보센터(국도),129.305696,35.999091,Y
E905570,(국도7호선)포항의현교차로,국가교통정보센터(국도),129.347936,36.074297,Y
E905571,(국도7호선)포항청하변전소,국가교통정보센터(국도),129.3468,36.154755,Y
E905572,(국도82)화성가재교차로(2),국가교통정보센터(국도),126.92384338,37.14778519,Y
E905573,(국도82)화성석포3교,국가교통정보센터(국도),126.8366,37.1258,Y
E905574,(국도82)화성율암1리,국가교통정보센터(국도),126.88166046,37.15652847,Y
E905575,(국도82호선)광주남한산계곡,국가교통정보센터(국도),127.25293,37.463023,Y
E905576,(국도82호선)광주상번천리(2),국가교통정보센터(국도),127.2620124,37.4468401,Y
E905577,(국도82호선)안성용설교차로(2),국가교통정보센터(국도),127.4386334,37.0505833,Y
E905578,(국도82호선)파주탄현면오금리,국가교통정보센터(국도),126.7154611,37.83014444,Y
E900640,(국도82호선)화성가재교차로,국가교통정보센터(국도),126.921925,37.1494722,Y
E900641,(국도82호선)화성구장1교북측,국가교통정보센터(국도),126.9132278,37.15615556,Y
E900642,(국도82호선)화성덕우교차로,국가교통정보센터(국도),126.8639138,37.1442222,Y
E900643,(국도82호선)화성도이교차로,국가교통정보센터(국도),126.93104,37.1339,Y
E900644,(국도82호선)화성양감교차로,국가교통정보센터(국도),126.92042,37.07649,Y
E900645,(국도82호선)화성율암교차로,국가교통정보센터(국도),126.8916861,37.1557527,Y
E900646,(국도82호선)화성하길교차로,국가교통정보센터(국도),126.924,37.08927,Y
E905579,(국도82호선)화성행정리,국가교통정보센터(국도),126.9303017,37.1272963,Y
E900647,(국도82호선)화성향남교차로(본선),국가교통정보센터(국도),126.927868,37.116135,Y
E905580,(국도87호선)아노니스CC앞,국가교통정보센터(국도),127.187803,37.970361,Y
E905581,(국도87호선)포천내촌육교(2),국가교통정보센터(국도),127.224085,37.785718,Y
E905582,(국도87호선)포천삼율교차로,국가교통정보센터(국도),127.21107,38.113525,Y
E905583,(국도87호선)포천신오가교차로,국가교통정보센터(국도),127.187004,38.021757,Y
E905584,(국도87호선)포천심곡리,국가교통정보센터(국도),127.187132,37.930935,Y
E905585,(국도87호선)포천영로대교,국가교통정보센터(국도),127.205471,38.06476,Y
E905586,(국도87호선)포천오가리,국가교통정보센터(국도),127.205258,38.043815,Y
E905587,(국도87호선)포천용정교차로,국가교통정보센터(국도),127.215431,37.875269,Y
E905588,(국도87호선)포천중리교차로,국가교통정보센터(국도),127.205696,38.102291,Y
E905589,(국도87호선)포천진목사거리,국가교통정보센터(국도),127.209991,37.810577,Y
E905590,(국도87호선)포천청성교차로,국가교통정보센터(국도),127.209099,37.88957,Y
E905591,(국도87호선)포천초과리,국가교통정보센터(국도),127.226875,38.143675,Y
E905592,(국도87호선)포천초과사거리,국가교통정보센터(국도),127.239974,38.15172,Y
E905593,(국도87호선)포천추동삼거리,국가교통정보센터(국도),127.178071,37.986669,Y
E905594,(국도87호선)포천포천TG입구,국가교통정보센터(국도),127.211569,37.883873,Y
E905595,(국도87호선)포천하심곡삼거리,국가교통정보센터(국도),127.187528,37.943476,Y
E905596,(국도87호선)포천한탄강생태경관단지,국가교통정보센터(국도),127.207057,38.08436,Y
E905597,(국도87호선)포천힐링요양병원앞,국가교통정보센터(국도),127.1881583,37.92027302,Y
E905598,(국도88)울진NH농협백암수련원,국가교통정보센터(국도),129.34117,36.725588,Y
E905599,(국도88)울진광품2교,국가교통정보센터(국도),129.390413,36.717737,Y
E905600,(국도88)울진광품교,국가교통정보센터(국도),129.40545,36.720206,Y
E905601,(국도88)울진금천터널서측,국가교통정보센터(국도),129.373966,36.719203,Y
E905602,(국도88)울진더티재,국가교통정보센터(국도),129.336102,36.740123,Y
E905603,(국도88)울진백일홍동산부근,국가교통정보센터(국도),129.363537,36.717851,Y
E905604,(국도88)울진삼달2리,국가교통정보센터(국도),129.417225,36.729472,Y
E905605,(국도88)울진소태1리녹정경로당부근,국가교통정보센터(국도),129.333257,36.73396,Y
E905606,(국도88)울진온정종합터미널,국가교통정보센터(국도),129.343742,36.721411,Y
E905607,(국도88)울진평해노인요양원,국가교통정보센터(국도),129.436773,36.721129,Y
E905608,(시관내국도31)태백어평재휴게소,국가교통정보센터(국도),128.89827,37.12328,Y
E905609,(시관내국도31)태백장성석탄공사,국가교통정보센터(국도),129.00684,37.10436,Y
E905610,(시관내국도31)태백태백교차로,국가교통정보센터(국도),129.02961,37.09553,Y
E905611,(시관내국도31)태백하문곡교,국가교통정보센터(국도),129.0036,37.12436,Y
E905612,(시관내국도31)태백혈동,국가교통정보센터(국도),128.93905,37.12647,Y
E905613,(시관내국도35)태백미동초등학교,국가교통정보센터(국도),128.9848,37.25703,Y
E905614,(시관내국도35)태백삼수령입구,국가교통정보센터(국도),128.98993,37.22975,Y
E905615,(시관내국도35)태백상장삼거리,국가교통정보센터(국도),128.99343,37.14673,Y
E905616,(시관내국도35)태백외나무골교,국가교통정보센터(국도),128.99049,37.30299,Y
E905617,(시관내국도35)태백태백스포츠파크,국가교통정보센터(국도),128.97832,37.20245,Y
E905618,(시관내국도35)태백하사미교,국가교통정보센터(국도),128.97786,37.32078,Y
E905619,(시관내국도38)삼척도경교차로,국가교통정보센터(국도),129.1218,37.443264,Y
E905620,(시관내국도38)삼척마평1교,국가교통정보센터(국도),129.1240387,37.43181992,Y
E905621,(시관내국도38)삼척추모공원,국가교통정보센터(국도),129.116333,37.45779419,Y
E905622,(시관내국도38)태백태백검사소,국가교통정보센터(국도),128.96185,37.187977,Y
E905623,(시관내국도38)태백통동,국가교통정보센터(국도),129.0291596,37.16529465,Y
E905624,(시관내국도38)태백화전동,국가교통정보센터(국도),128.94743,37.204384,Y
E905625,(시관내국도38)태백화전사거리,국가교통정보센터(국도),128.9788,37.180668,Y
E905626,(시관내국도38)태백황지교차로,국가교통정보센터(국도),128.994181,37.174138,Y
E905627,(시관내국도42)동해달방저수지,국가교통정보센터(국도),129.03821,37.507801,Y
E905628,(시관내국도42)동해동해시승화원,국가교통정보센터(국도),129.027592,37.512072,Y
E905629,(시관내국도42)동해백복령(시경계),국가교통정보센터(국도),128.986557,37.53302383,Y
E905630,(시관내국도42)동해삼화초등학교,국가교통정보센터(국도),129.021947,37.517201,Y
E905631,(시관내국도42)동해신흥간촌,국가교통정보센터(국도),129.012795,37.524969,Y
E905632,(시관내국도7)동해나안동,국가교통정보센터(국도),129.11221,37.483845,Y
E905633,(시관내국도7)동해노봉삼거리,국가교통정보센터(국도),129.100943,37.584161,Y
E905634,(시관내국도7)동해단봉삼거리,국가교통정보센터(국도),129.11805,37.476804,Y
E905635,(시관내국도7)동해들개고개,국가교통정보센터(국도),129.15035,37.46664,Y
E905636,(시관내국도7)동해망상나들목교차로,국가교통정보센터(국도),129.09987,37.55407,Y
E905637,(시관내국도7)동해망상컨벤션센터,국가교통정보센터(국도),129.08216,37.59653,Y
E905638,(시관내국도7)동해부곡천교북측,국가교통정보센터(국도),129.0966,37.53974,Y
E905639,(시관내국도7)동해북평IC,국가교통정보센터(국도),129.13583,37.47289,Y
E905640,(시관내국도7)동해사문재삼거리,국가교통정보센터(국도),129.10062,37.562042,Y
E905641,(시관내국도7)동해운동장사거리,국가교통정보센터(국도),129.10379,37.514416,Y
E905642,(시관내국도7)동해지리골삼거리,국가교통정보센터(국도),129.09821,37.54877,Y
E905643,(시관내국도7)동해천곡교차로,국가교통정보센터(국도),129.10461,37.53168,Y
E905644,(시관내국도7)동해천곡사거리,국가교통정보센터(국도),129.10188,37.52197,Y
E905645,(시관내국도7)동해초구교차로남측,국가교통정보센터(국도),129.09713,37.57452,Y
E905646,(시관내국도7)동해추암삼거리,국가교통정보센터(국도),129.1436,37.46765,Y
E905647,(시관내국도7)동해화물터미널,국가교통정보센터(국도),129.11052,37.50223,Y
E905648,(시관내국도7)삼척삼척교차로,국가교통정보센터(국도),129.170028,37.456177,Y
E905649,(시관내국도7)속초고속터미널,국가교통정보센터(국도),128.59541,38.19,Y
E905650,(시관내국도7)속초교동삼거리,국가교통정보센터(국도),128.57785,38.19693,Y
E905651,(시관내국도7)속초교동지하차도,국가교통정보센터(국도),128.56415,38.20772,Y
E905652,(시관내국도7)속초농공단지앞사거리,국가교통정보센터(국도),128.60265,38.177814,Y
E905653,(시관내국도7)속초설악동입구,국가교통정보센터(국도),128.607819,38.163568,Y
E905654,(위임국도14)거제고촌방파제,국가교통정보센터(국도),128.656513,34.776462,Y
E905655,(위임국도14)거제구조라수변공원,국가교통정보센터(국도),128.699882,34.810007,Y
E905656,(위임국도14)거제구조라해수욕장,국가교통정보센터(국도),128.692616,34.808225,Y
E905657,(위임국도14)거제내출버스정류장,국가교통정보센터(국도),128.636889,34.764001,Y
E905658,(위임국도14)거제누우래재교차로,국가교통정보센터(국도),128.707054,34.818936,Y
E905659,(위임국도14)거제다포삼거리,국가교통정보센터(국도),128.623601,34.733419,Y
E905660,(위임국도14)거제대대버스정류장,국가교통정보센터(국도),128.63347,34.73567,Y
E905661,(위임국도14)거제망양버스정류장,국가교통정보센터(국도),128.675907,34.815114,Y
E905662,(위임국도14)거제망치항,국가교통정보센터(국도),128.665321,34.805663,Y
E905663,(위임국도14)거제선창마을입구,국가교통정보센터(국도),128.709987,34.825883,Y
E905664,(위임국도14)거제소노캄거제,국가교통정보센터(국도),128.702104,34.844393,Y
E905665,(위임국도14)거제썬트리팜리조트,국가교통정보센터(국도),128.639977,34.737841,Y
E905666,(위임국도14)거제양지버스정류장,국가교통정보센터(국도),128.671859,34.816527,Y
E905667,(위임국도14)거제양화방파제,국가교통정보센터(국도),128.66544,34.792063,Y
E905668,(위임국도14)거제오닐레스토랑버스정류장,국가교통정보센터(국도),128.681839,34.811762,Y
E905669,(위임국도14)거제와현해수욕장서측,국가교통정보센터(국도),128.70434,34.815241,Y
E905670,(위임국도14)거제일운주공아파트,국가교통정보센터(국도),128.698284,34.837283,Y
E905671,(위임국도14)거제저구사거리,국가교통정보센터(국도),128.614811,34.729688,Y
E905672,(위임국도14)거제지세포공원,국가교통정보센터(국도),128.70097,34.830697,Y
E905673,(위임국도14)거제팔색조번식지,국가교통정보센터(국도),128.666514,34.782222,Y
E905675,(위임국도14)거제학동교회,국가교통정보센터(국도),128.638168,34.772337,Y
E905676,(위임국도14)거제학동리동백나무숲입구,국가교통정보센터(국도),128.671373,34.7861,Y
E905677,(위임국도14)거제학동리동백나무숲출구,국가교통정보센터(국도),128.658114,34.781323,Y
E905674,(위임국도14)거제학동흑진주몽돌해수욕장,국가교통정보센터(국도),128.643346,34.77719,Y
E905678,(위임국도14)거제함목삼거리,국가교통정보센터(국도),128.650635,34.743285,Y
E905679,(위임국도14)거제해금강해안도로,국가교통정보센터(국도),128.666771,34.797719,Y
E905680,(위임국도14)거제해금강해안도로,국가교통정보센터(국도),128.649861,34.736143,Y
E905681,(위임국도14)거제해금강휴게실,국가교통정보센터(국도),128.645345,34.751538,Y
E905682,(위임국도14)경주고천마을입구삼거리,국가교통정보센터(국도),129.42109,35.75821,Y
E905683,(위임국도14)경주남띠골,국가교통정보센터(국도),129.417871,35.756285,Y
E905684,(위임국도14)경주대산농장서측,국가교통정보센터(국도),129.380841,35.739896,Y
E905685,(위임국도14)경주두산교차로,국가교통정보센터(국도),129.448395,35.769768,Y
E905686,(위임국도14)경주모화산단사거리,국가교통정보센터(국도),129.326636,35.680608,Y
E905687,(위임국도14)경주문무대왕5터널하부1,국가교통정보센터(국도),129.406079,35.844708,Y
E905688,(위임국도14)경주문무대왕5터널하부2,국가교통정보센터(국도),129.404936,35.848829,Y
E905689,(위임국도14)경주문무대왕5터널하부3,국가교통정보센터(국도),129.408029,35.848632,Y
E905690,(위임국도14)경주문무대왕5터널하부4,국가교통정보센터(국도),129.407699,35.853008,Y
E905691,(위임국도14)경주문무대왕5터널하부5,국가교통정보센터(국도),129.405615,35.85628,Y
E905692,(위임국도14)경주물탕골길사거리동측,국가교통정보센터(국도),129.294928,35.658194,Y
E905693,(위임국도14)경주석계교,국가교통정보센터(국도),129.313747,35.679568,Y
E905694,(위임국도14)경주석원교삼거리,국가교통정보센터(국도),129.303805,35.673926,Y
E905695,(위임국도14)경주성저노인정동측,국가교통정보센터(국도),129.290217,35.651486,Y
E905696,(위임국도14)경주시래버스정류장,국가교통정보센터(국도),129.299702,35.666855,Y
E905697,(위임국도14)경주안동삼거리,국가교통정보센터(국도),129.423936,35.803146,Y
E905698,(위임국도14)경주어일교차로,국가교통정보센터(국도),129.442765,35.780076,Y
E905699,(위임국도14)경주와읍교차로,국가교통정보센터(국도),129.438895,35.7935534,Y
E905700,(위임국도14)경주와읍삼거리,국가교통정보센터(국도),129.430567,35.800886,Y
E905701,(위임국도14)경주외동생활체육공원동측,국가교통정보센터(국도),129.340828,35.722168,Y
E905702,(위임국도14)경주용동교남측,국가교통정보센터(국도),129.41098,35.8308,Y
E905703,(위임국도14)경주우박교,국가교통정보센터(국도),129.317321,35.680589,Y
E905704,(위임국도14)경주이스트힐컨트리클럽서측,국가교통정보센터(국도),129.366811,35.728345,Y
E905705,(위임국도14)경주입실교,국가교통정보센터(국도),129.324961,35.71255,Y
E905707,(위임국도14)경주입실지,국가교통정보센터(국도),129.356075,35.721739,Y
E905706,(위임국도14)경주입실지서측,국가교통정보센터(국도),129.34728,35.722878,Y
E905708,(위임국도14)경주장아곡교,국가교통정보센터(국도),129.437369,35.766747,Y
E905709,(위임국도14)경주죽림정사동측,국가교통정보센터(국도),129.412793,35.751862,Y
E905710,(위임국도14)경주죽전교서측,국가교통정보센터(국도),129.4079,35.750498,Y
E905711,(위임국도14)경주천부교추모공원입구삼거리,국가교통정보센터(국도),129.370726,35.732347,Y
E905712,(위임국도14)경주호암3교,국가교통정보센터(국도),129.410439,35.841332,Y
E905713,(위임국도14)경주효동1리머듬마을버스정류소동측,국가교통정보센터(국도),129.378427,35.736382,Y
E905714,(위임국도14)경주효제마을,국가교통정보센터(국도),129.387567,35.744842,Y
E905715,(위임국도14)포항갈평교,국가교통정보센터(국도),129.402956,35.915349,Y
E905716,(위임국도14)포항갈평리마을회관,국가교통정보센터(국도),129.400581,35.922039,Y
E905717,(위임국도14)포항갈평정수장,국가교통정보센터(국도),129.402203,35.909676,Y
E905718,(위임국도14)포항갈평피정의집남측,국가교통정보센터(국도),129.401628,35.904493,Y
E905719,(위임국도14)포항문무대왕5터널하부6,국가교통정보센터(국도),129.40768,35.859586,Y
E905720,(위임국도14)포항문무대왕5터널하부7,국가교통정보센터(국도),129.404594,35.861857,Y
E905721,(위임국도14)포항문무대왕5터널하부8,국가교통정보센터(국도),129.403078,35.865616,Y
E905722,(위임국도14)포항보광사입구,국가교통정보센터(국도),129.40069,35.89248,Y
E905723,(위임국도14)포항서문사거리,국가교통정보센터(국도),129.413666,35.976415,Y
E905724,(위임국도14)포항신덕코아루아파트입구,국가교통정보센터(국도),129.410402,35.951781,Y
E905725,(위임국도14)포항오천1터널하부,국가교통정보센터(국도),129.401269,35.871263,Y
E905726,(위임국도14)포항오천교차로,국가교통정보센터(국도),129.409149,35.946034,Y
E905728,(위임국도14)포항오천농협사거리,국가교통정보센터(국도),129.413219,35.961513,Y
E905727,(위임국도14)포항오천농협영농자재창고앞,국가교통정보센터(국도),129.4014,35.928242,Y
E905729,(위임국도14)포항오천지구대사거리,국가교통정보센터(국도),129.415928,35.966785,Y
E905730,(위임국도14)포항용산2리마을회관동측,국가교통정보센터(국도),129.403151,35.942744,Y
E905731,(위임국도14)포항용산보건진료소남측,국가교통정보센터(국도),129.403789,35.935544,Y
E905732,(위임국도14)포항진전1교,국가교통정보센터(국도),129.400561,35.874836,Y
E905733,(위임국도14)포항진전2교남측,국가교통정보센터(국도),129.398,35.8883,Y
E905734,(위임국도14)포항진전교,국가교통정보센터(국도),129.40099,35.88286,Y
E905735,(위임국도14)포항진전저수지,국가교통정보센터(국도),129.403122,35.897035,Y
E905736,(위임국도14)포항진전저수지,국가교통정보센터(국도),129.404427,35.8985023,Y
E905737,(위임국도19)홍천단비농원입구,국가교통정보센터(국도),128.17396,37.67559,Y
E905738,(위임국도19)홍천청량교,국가교통정보센터(국도),128.18903,37.687362,Y
E905739,(위임국도19)홍천청량리,국가교통정보센터(국도),128.170071,37.663408,Y
E905740,(위임국도19)홍천풍암교남측,국가교통정보센터(국도),128.19225,37.702245,Y
E905741,(위임국도19)횡성갑천면복지센터,국가교통정보센터(국도),128.110973,37.56081,Y
E905742,(위임국도19)횡성구방교,국가교통정보센터(국도),128.09203,37.54438,Y
E905743,(위임국도19)횡성구방리,국가교통정보센터(국도),128.0532,37.52859,Y
E905744,(위임국도19)횡성농거리교,국가교통정보센터(국도),128.13985,37.578392,Y
E905745,(위임국도19)횡성둔덕교,국가교통정보센터(국도),128.141498,37.614468,Y
E905746,(위임국도19)횡성속실교남측,국가교통정보센터(국도),128.15229,37.640151,Y
E905747,(위임국도19)횡성속실리,국가교통정보센터(국도),128.160852,37.657043,Y
E905748,(위임국도19)횡성영영포리,국가교통정보센터(국도),128.039394,37.496311,Y
E905749,(위임국도19)횡성옥동교차로,국가교통정보센터(국도),128.028089,37.514439,Y
E905750,(위임국도19)횡성옥동리,국가교통정보센터(국도),128.03528,37.52225,Y
E905751,(위임국도19)횡성청일성당,국가교통정보센터(국도),128.154421,37.584596,Y
E905752,(위임국도19)횡성초현리마을회관,국가교통정보센터(국도),128.12174,37.570302,Y
E905753,(위임국도19)횡성춘당초등학교,국가교통정보센터(국도),128.146036,37.626416,Y
E905754,(위임국도19)횡성큰다리골,국가교통정보센터(국도),128.151122,37.598551,Y
E905755,(위임국도19)횡성포동2리마을회관,국가교통정보센터(국도),128.09541,37.553604,Y
E905756,(위임국도19)횡성횡성호입구,국가교통정보센터(국도),128.067195,37.542444,Y
E905757,(위임국도24)밀양가산마을,국가교통정보센터(국도),128.700546,35.53259,Y
E905758,(위임국도24)밀양덕곡육교,국가교통정보센터(국도),128.724505,35.515308,Y
E905759,(위임국도24)밀양오연교,국가교통정보센터(국도),128.653144,35.540116,Y
E905760,(위임국도24)밀양전곡저수지,국가교통정보센터(국도),128.683879,35.532093,Y
E905762,(위임국도24)밀양정동지,국가교통정보센터(국도),128.689186,35.528766,Y
E905761,(위임국도24)밀양정동지서측,국가교통정보센터(국도),128.684337,35.526105,Y
E905763,(위임국도24)밀양천왕재인접,국가교통정보센터(국도),128.59742,35.57047,Y
E905764,(위임국도24)밀양천왕재인접2,국가교통정보센터(국도),128.586667,35.570833,Y
E905765,(위임국도24)밀양청도삼거리,국가교통정보센터(국도),128.633135,35.546454,Y
E905766,(위임국도24)밀양춘화삼거리,국가교통정보센터(국도),128.7188,35.52684,Y
E905767,(위임국도24)밀양팔방못,국가교통정보센터(국도),128.671566,35.540998,Y
E905769,(위임국도24)창녕감골소류지,국가교통정보센터(국도),128.567043,35.56403,Y
E905768,(위임국도24)창녕감골소류지동측,국가교통정보센터(국도),128.58068,35.56166,Y
E905770,(위임국도24)창녕감동저수지,국가교통정보센터(국도),128.555516,35.566239,Y
E905771,(위임국도24)창녕구룡곡소류지1,국가교통정보센터(국도),128.57598,35.566461,Y
E905772,(위임국도24)창녕구룡곡소류지2,국가교통정보센터(국도),128.575762,35.566229,Y
E905773,(위임국도24)창녕번등소류지,국가교통정보센터(국도),128.56612,35.558531,Y
E905774,(위임국도24)창녕신기보건진료소,국가교통정보센터(국도),128.539993,35.575398,Y
E905775,(위임국도24)창녕칠월회관동측,국가교통정보센터(국도),128.533189,35.582952,Y
E905776,(위임국도24)창녕칠월회관서측,국가교통정보센터(국도),128.520211,35.580161,Y
E905777,(위임국도24)함양갈은고개,국가교통정보센터(국도),127.700479,35.487246,Y
E905778,(위임국도24)함양교산육교,국가교통정보센터(국도),127.737839,35.533887,Y
E905779,(위임국도24)함양교수정,국가교통정보센터(국도),127.768627,35.574472,Y
E905780,(위임국도24)함양구호물류센터,국가교통정보센터(국도),127.686333,35.480733,Y
E905781,(위임국도24)함양당본육교,국가교통정보센터(국도),127.8039348,35.6233693,Y
E905782,(위임국도24)함양마산정류장,국가교통정보센터(국도),127.7694,35.5893,Y
E905783,(위임국도24)함양백일마을입구삼거리,국가교통정보센터(국도),127.770838,35.556128,Y
E905784,(위임국도24)함양범정소류지,국가교통정보센터(국도),127.746134,35.54282,Y
E905785,(위임국도24)함양보산교,국가교통정보센터(국도),127.762162,35.546313,Y
E905786,(위임국도24)함양선시미소류지,국가교통정보센터(국도),127.707027,35.494954,Y
E905787,(위임국도24)함양시목2교,국가교통정보센터(국도),127.774236,35.599916,Y
E905788,(위임국도24)함양시목마을회관,국가교통정보센터(국도),127.790506,35.615904,Y
E905789,(위임국도24)함양연꽃노인요양원,국가교통정보센터(국도),127.719246,35.505427,Y
E905790,(위임국도24)함양이은농공단지입구,국가교통정보센터(국도),127.72765,35.511476,Y
E905791,(위임국도24)함양장자골농원,국가교통정보센터(국도),127.79683,35.620027,Y
E905792,(위임국도24)함양주차장회전사거리,국가교통정보센터(국도),127.73394,35.52222,Y
E905793,(위임국도24)함양죽림리1,국가교통정보센터(국도),127.662758,35.475698,Y
E905794,(위임국도24)함양죽림리2,국가교통정보센터(국도),127.668497,35.477167,Y
E905795,(위임국도24)함양중방마을회관,국가교통정보센터(국도),127.777877,35.605851,Y
E905796,(위임국도24)함양지곡IC남측3,국가교통정보센터(국도),127.7644723,35.5857656,Y
E905797,(위임국도24)함양지곡치안센터,국가교통정보센터(국도),127.774827,35.56519,Y
E905798,(위임국도24)함양팔령재인접,국가교통정보센터(국도),127.64841,35.470602,Y
E905799,(위임국도24)함양팔령재인접2,국가교통정보센터(국도),127.6575,35.472778,Y
E905800,(위임국도25)상주계림,국가교통정보센터(국도),127.981816,36.445082,Y
E905801,(위임국도25)상주낙서리삼거리,국가교통정보센터(국도),128.031578,36.397382,Y
E905802,(위임국도25)상주낙서초교북측,국가교통정보센터(국도),128.021043,36.408821,Y
E905803,(위임국도25)상주내서삼거리,국가교통정보센터(국도),128.069527,36.412228,Y
E905804,(위임국도25)상주능암버스정류장,국가교통정보센터(국도),128.093165,36.40693,Y
E905805,(위임국도25)상주동역소류지북측,국가교통정보센터(국도),128.019796,36.423758,Y
E905806,(위임국도25)상주묵림방,국가교통정보센터(국도),128.017427,36.43607,Y
E905807,(위임국도25)상주문장대마트,국가교통정보센터(국도),127.996593,36.443442,Y
E905808,(위임국도25)상주범원고개버스정류장,국가교통정보센터(국도),128.020179,36.430767,Y
E905809,(위임국도25)상주비록골,국가교통정보센터(국도),128.053943,36.403737,Y
E905810,(위임국도25)상주상용2리버스정류장,국가교통정보센터(국도),127.92486,36.44889,Y
E905811,(위임국도25)상주상주제일병원,국가교통정보센터(국도),128.005463,36.437058,Y
E905812,(위임국도25)상주서원2리골티버스정류장,국가교통정보센터(국도),128.016983,36.41925,Y
E905813,(위임국도25)상주신봉2리버스정류장,국가교통정보센터(국도),127.966824,36.444409,Y
E905814,(위임국도25)상주신촌2리버스정류장,국가교통정보센터(국도),128.079135,36.410918,Y
E905815,(위임국도25)상주신촌버스터미널,국가교통정보센터(국도),128.059169,36.411713,Y
E905816,(위임국도25)상주올품배합사료공장,국가교통정보센터(국도),127.934824,36.445917,Y
E905817,(위임국도25)상주웃목골,국가교통정보센터(국도),128.020224,36.427273,Y
E905818,(위임국도25)상주웰마트,국가교통정보센터(국도),127.948254,36.443055,Y
E905819,(위임국도25)상주평온2리마을회관,국가교통정보센터(국도),127.884673,36.446902,Y
E905820,(위임국도25)상주평온교하부,국가교통정보센터(국도),127.895337,36.445914,Y
E905821,(위임국도25)상주평지2리버스정류장,국가교통정보센터(국도),128.047079,36.397125,Y
E905822,(위임국도25)상주한국도로공사화서영업소,국가교통정보센터(국도),127.95761,36.44566,Y
E905823,(위임국도25)상주화남면행정복지센터,국가교통정보센터(국도),127.909211,36.447768,Y
E905824,(위임국도25)상주화령정,국가교통정보센터(국도),127.972103,36.446136,Y
E905825,(위임국도25)상주화서농공단지버스정류장,국가교통정보센터(국도),127.940746,36.443633,Y
E905826,(위임국도28)군위매성1리마을,국가교통정보센터(국도),128.7504,36.148014,Y
E905827,(위임국도28)군위백양삼거리,국가교통정보센터(국도),128.6666,36.191623,Y
E905828,(위임국도28)군위보골교,국가교통정보센터(국도),128.672126,36.201592,Y
E905829,(위임국도28)군위수서2리마을,국가교통정보센터(국도),128.697221,36.173236,Y
E905830,(위임국도28)군위연계1리새마을,국가교통정보센터(국도),128.749365,36.161184,Y
E905831,(위임국도28)군위의홍향교,국가교통정보센터(국도),128.719534,36.172808,Y
E905832,(위임국도28)군위이화3리마을,국가교통정보센터(국도),128.677939,36.182738,Y
E905833,(위임국도28)군위파전교,국가교통정보센터(국도),128.738152,36.172791,Y
E905834,(위임국도28)군위학성교회,국가교통정보센터(국도),128.751609,36.130497,Y
E905835,(위임국도28)군위화수2리마을회관근처,국가교통정보센터(국도),128.751111,36.11,Y
E905836,(위임국도28)군위화수리,국가교통정보센터(국도),128.7566,36.1198,Y
E905837,(위임국도28)영천김현교차로,국가교통정보센터(국도),128.7576,36.0778,Y
E905838,(위임국도28)영천당곡교차로,국가교통정보센터(국도),128.8701,36.0218,Y
E905839,(위임국도28)영천대안1교,국가교통정보센터(국도),128.8242,36.0379,Y
E905840,(위임국도28)영천덕산교,국가교통정보센터(국도),128.8493,36.0328,Y
E905841,(위임국도28)영천삼부천교,국가교통정보센터(국도),128.8963,35.9989,Y
E905842,(위임국도28)영천쉴터휴게소,국가교통정보센터(국도),128.745,36.0945,Y
E905843,(위임국도28)영천신녕교,국가교통정보센터(국도),128.786,36.0538,Y
E905844,(위임국도28)영천신덕교(신녕IC),국가교통정보센터(국도),128.8035,36.0378,Y
E905845,(위임국도28)영천화남교,국가교통정보센터(국도),128.7752,36.063,Y
E905846,(위임국도28)영천화서교차로,국가교통정보센터(국도),128.7489,36.0872,Y
E905847,(위임국도28)의성골안못저수지,국가교통정보센터(국도),128.685232,36.338404,Y
E905848,(위임국도28)의성오로교,국가교통정보센터(국도),128.701511,36.332092,Y
E905849,(위임국도31)봉화갈산산촌애,국가교통정보센터(국도),129.042082,36.848381,Y
E905850,(위임국도31)봉화갯마을북측,국가교통정보센터(국도),129.006852,36.867857,Y
E905852,(위임국도31)봉화공이재삼거리,국가교통정보센터(국도),128.996447,36.870952,Y
E905851,(위임국도31)봉화공이재삼거리남측,국가교통정보센터(국도),129.002843,36.868078,Y
E905853,(위임국도31)봉화금봉골입구,국가교통정보센터(국도),128.980664,36.909014,Y
E905854,(위임국도31)봉화금산골재,국가교통정보센터(국도),129.037202,36.855038,Y
E905855,(위임국도31)봉화대곡교회,국가교통정보센터(국도),129.043949,36.845782,Y
E905856,(위임국도31)봉화두릅박골인근,국가교통정보센터(국도),129.04975,36.84232,Y
E905857,(위임국도31)봉화봉화터널서측,국가교통정보센터(국도),129.082778,36.838333,Y
E905858,(위임국도31)봉화봉화터널인접2,국가교통정보센터(국도),129.073611,36.838333,Y
E905859,(위임국도31)봉화산내사입구,국가교통정보센터(국도),129.000879,36.870461,Y
E905860,(위임국도31)봉화서천리버스정거장,국가교통정보센터(국도),129.010663,36.864144,Y
E905861,(위임국도31)봉화선당교남측,국가교통정보센터(국도),129.001293,36.888697,Y
E905862,(위임국도31)봉화선당교북측,국가교통정보센터(국도),129.000972,36.895661,Y
E905863,(위임국도31)봉화용구교남측,국가교통정보센터(국도),129.02266,36.859356,Y
E905864,(위임국도31)봉화인가지골인근,국가교통정보센터(국도),129.03155,36.855069,Y
E905865,(위임국도31)봉화임기2리버스정거장,국가교통정보센터(국도),128.99238,36.898864,Y
E905866,(위임국도31)봉화임기육교,국가교통정보센터(국도),128.987265,36.901434,Y
E905867,(위임국도31)봉화작은드레박골인근,국가교통정보센터(국도),129.051892,36.840853,Y
E905868,(위임국도31)봉화재인골인근,국가교통정보센터(국도),129.028007,36.857698,Y
E905869,(위임국도31)양구덕곡2리,국가교통정보센터(국도),128.032218,38.190103,Y
E905870,(위임국도31)양구도사리입구,국가교통정보센터(국도),128.012139,38.168143,Y
E905871,(위임국도31)양구도사삼거리,국가교통정보센터(국도),128.012534,38.188588,Y
E905872,(위임국도31)양구상한전리,국가교통정보센터(국도),128.014453,38.158437,Y
E905873,(위임국도31)양구임당2리,국가교통정보센터(국도),128.043844,38.215818,Y
E905874,(위임국도31)양구임당초등학교,국가교통정보센터(국도),128.042909,38.199606,Y
E905875,(위임국도31)양구정림교,국가교통정보센터(국도),127.98578,38.10156,Y
E905876,(위임국도31)양구죽곡삼거리,국가교통정보센터(국도),128.003142,38.132462,Y
E905877,(위임국도31)양구하리삼거리,국가교통정보센터(국도),127.987235,38.114836,Y
E905878,(위임국도31)양구하리졸음쉼터,국가교통정보센터(국도),127.9967,38.12465,Y
E905879,(위임국도31)영양감천1교,국가교통정보센터(국도),129.091522,36.642672,Y
E905880,(위임국도31)영양감천리,국가교통정보센터(국도),129.084711,36.629582,Y
E905881,(위임국도31)영양골프연습장,국가교통정보센터(국도),129.102406,36.645588,Y
E905882,(위임국도31)영양노달리마을회관입구,국가교통정보센터(국도),129.090038,36.575561,Y
E905883,(위임국도31)영양노달리입구,국가교통정보센터(국도),129.088944,36.570315,Y
E905884,(위임국도31)영양농특산물직판장,국가교통정보센터(국도),129.081003,36.606361,Y
E905885,(위임국도31)영양대티골계곡펜션,국가교통정보센터(국도),129.122809,36.815137,Y
E905886,(위임국도31)영양덕봉교,국가교통정보센터(국도),129.1527,36.7255,Y
E905887,(위임국도31)영양동부리,국가교통정보센터(국도),129.12065,36.677988,Y
E905888,(위임국도31)영양문바우마을,국가교통정보센터(국도),129.152918,36.761979,Y
E905889,(위임국도31)영양문암삼거리,국가교통정보센터(국도),129.163017,36.752615,Y
E905890,(위임국도31)영양문암홈거리,국가교통정보센터(국도),129.145485,36.770243,Y
E905891,(위임국도31)영양문학테마공원,국가교통정보센터(국도),129.091621,36.631137,Y
E905892,(위임국도31)영양방전리,국가교통정보센터(국도),129.08053,36.560597,Y
E905893,(위임국도31)영양벌매교남측,국가교통정보센터(국도),129.148907,36.782419,Y
E905894,(위임국도31)영양병옥정류장,국가교통정보센터(국도),129.08452,36.564666,Y
E905895,(위임국도31)영양산해교차로,국가교통정보센터(국도),129.083584,36.586669,Y
E905896,(위임국도31)영양삼산리정류장,국가교통정보센터(국도),129.090819,36.584664,Y
E905897,(위임국도31)영양삼지리수변공원,국가교통정보센터(국도),129.126116,36.669462,Y
E905898,(위임국도31)영양섬촌교부근,국가교통정보센터(국도),129.139351,36.708599,Y
E905899,(위임국도31)영양수달들,국가교통정보센터(국도),129.145787,36.776668,Y
E905900,(위임국도31)영양신구교차로,국가교통정보센터(국도),129.085749,36.599036,Y
E905901,(위임국도31)영양양평교차로,국가교통정보센터(국도),129.109156,36.654036,Y
E905902,(위임국도31)영양연당리,국가교통정보센터(국도),129.083717,36.612003,Y
E905903,(위임국도31)영양영양여자고등학교,국가교통정보센터(국도),129.132494,36.661901,Y
E905904,(위임국도31)영양영양터널인접,국가교통정보센터(국도),129.111944,36.824167,Y
E905905,(위임국도31)영양영양터널인접2,국가교통정보센터(국도),129.111131,36.824689,Y
E905906,(위임국도31)영양와구교,국가교통정보센터(국도),129.161148,36.748472,Y
E905907,(위임국도31)영양외씨버선길7코스,국가교통정보센터(국도),129.135443,36.806829,Y
E905908,(위임국도31)영양용화리삼층석탑,국가교통정보센터(국도),129.132684,36.811388,Y
E905909,(위임국도31)영양용화보건소,국가교통정보센터(국도),129.150671,36.78895,Y
E905910,(위임국도31)영양인삼공사인근,국가교통정보센터(국도),129.125142,36.690608,Y
E905911,(위임국도31)영양일월면사무소,국가교통정보센터(국도),129.13115,36.702614,Y
E905912,(위임국도31)영양일월우체국남측,국가교통정보센터(국도),129.124614,36.698489,Y
E905913,(위임국도31)영양주역쉼터,국가교통정보센터(국도),129.086796,36.617052,Y
E905914,(위임국도31)영양척금대정류장,국가교통정보센터(국도),129.121047,36.684573,Y
E905915,(위임국도31)영양칠성2교,국가교통정보센터(국도),129.153825,36.735356,Y
E905916,(위임국도31)영양칠성교,국가교통정보센터(국도),129.149511,36.734767,Y
E905917,(위임국도31)영양칠성리인접,국가교통정보센터(국도),129.156127,36.739558,Y
E905918,(위임국도31)영양폭포가든입구,국가교통정보센터(국도),129.092757,36.636251,Y
E905919,(위임국도31)영양향골입구북측1,국가교통정보센터(국도),129.141864,36.795715,Y
E905920,(위임국도31)영양향골입구북측2,국가교통정보센터(국도),129.137484,36.800776,Y
E905921,(위임국도31)영양현리2,국가교통정보센터(국도),129.124913,36.655181,Y
E905922,(위임국도31)영양현리2교동측,국가교통정보센터(국도),129.120083,36.651281,Y
E905923,(위임국도31)영양흥구교,국가교통정보센터(국도),129.08292,36.549343,Y
E905924,(위임국도31)청송각산삼거리,국가교통정보센터(국도),129.062491,36.535086,Y
E905925,(위임국도31)청송월전삼거리,국가교통정보센터(국도),129.077616,36.53958,Y
E905926,(위임국도31)청송진안사거리,국가교통정보센터(국도),129.048425,36.525527,Y
E905927,(위임국도37)거창거창무월마을입구,국가교통정보센터(국도),127.867785,35.784512,Y
E905928,(위임국도37)거창광덕사,국가교통정보센터(국도),127.869753,35.793609,Y
E905929,(위임국도37)거창괘암마을북측,국가교통정보센터(국도),127.855163,35.827439,Y
E905930,(위임국도37)거창금계교,국가교통정보센터(국도),127.873259,35.808957,Y
E905931,(위임국도37)거창도동마을회관,국가교통정보센터(국도),127.85726,35.74579,Y
E905932,(위임국도37)거창마리삼거리,국가교통정보센터(국도),127.854485,35.699672,Y
E905933,(위임국도37)거창모동보건진료소,국가교통정보센터(국도),127.865385,35.773275,Y
E905934,(위임국도37)거창삼포마을북측,국가교통정보센터(국도),127.845919,35.839479,Y
E905935,(위임국도37)거창상개명마을입구,국가교통정보센터(국도),127.850801,35.834779,Y
E905936,(위임국도37)거창상수내마을입구,국가교통정보센터(국도),127.837359,35.847641,Y
E905937,(위임국도37)거창손항새마을회관,국가교통정보센터(국도),127.858855,35.81917,Y
E905938,(위임국도37)거창영승교,국가교통정보센터(국도),127.854948,35.716919,Y
E905939,(위임국도37)거창영신마을회관,국가교통정보센터(국도),127.85418,35.71123,Y
E905940,(위임국도37)거창영풍농장,국가교통정보센터(국도),127.856461,35.758104,Y
E905941,(위임국도37)거창용수네농장,국가교통정보센터(국도),127.863691,35.815783,Y
E905942,(위임국도37)거창장풍교,국가교통정보센터(국도),127.853897,35.732917,Y
E905943,(위임국도37)거창주은농장,국가교통정보센터(국도),127.837112,35.851638,Y
E905944,(위임국도3)철원백마고지역남측,국가교통정보센터(국도),127.167186,38.251455,Y
E905945,(위임국도46)양구국토정중앙면사무소,국가교통정보센터(국도),128.035483,38.106858,Y
E905946,(위임국도46)양구신월리입구,국가교통정보센터(국도),128.055824,38.021768,Y
E905947,(위임국도46)양구양구터널남측,국가교통정보센터(국도),128.047469,38.062048,Y
E905948,(위임국도46)양구원리1,국가교통정보센터(국도),128.046779,38.052886,Y
E905949,(위임국도46)양구원리2,국가교통정보센터(국도),128.050243,38.028752,Y
E905950,(위임국도46)양구원리마을회관,국가교통정보센터(국도),128.048674,38.041128,Y
E905951,(위임국도46)양구청리,국가교통정보센터(국도),128.049497,38.077798,Y
E905952,(위임국도46)양구청리교,국가교통정보센터(국도),128.047017,38.086386,Y
E905953,(위임국도46)인제상수내리,국가교통정보센터(국도),128.056107,37.981632,Y
E905954,(위임국도46)인제상수내리2반,국가교통정보센터(국도),128.066539,37.969338,Y
E905955,(위임국도46)인제소양호,국가교통정보센터(국도),128.052041,38.008869,Y
E905956,(위임국도46)인제신남고등학교,국가교통정보센터(국도),128.077626,37.971766,Y
E905957,(위임국도46)인제신남리,국가교통정보센터(국도),128.074544,37.970332,Y
E905958,(위임국도46)인제양구교남측,국가교통정보센터(국도),128.058347,37.993218,Y
E905959,(위임국도47)철원각흘산입구,국가교통정보센터(국도),127.399488,38.116567,Y
E905960,(위임국도47)철원구변교,국가교통정보센터(국도),127.431666,38.230277,Y
E905961,(위임국도47)철원김화고등학교,국가교통정보센터(국도),127.433333,38.2425,Y
E905962,(위임국도47)철원상해교,국가교통정보센터(국도),127.405555,38.136111,Y
E905963,(위임국도47)철원송동2교,국가교통정보센터(국도),127.419722,38.204722,Y
E905964,(위임국도47)철원신술교차로,국가교통정보센터(국도),127.414444,38.162222,Y
E905965,(위임국도47)철원음지교차로,국가교통정보센터(국도),127.410833,38.149722,Y
E905966,(위임국도47)철원자등교차로,국가교통정보센터(국도),127.417777,38.177222,Y
E905967,(위임국도47)철원장명교차로,국가교통정보센터(국도),127.401959,38.125182,Y
E905968,(위임국도56)양양갈천리,국가교통정보센터(국도),128.49888,37.924713,Y
E905969,(위임국도56)양양갈천약수입구,국가교통정보센터(국도),128.503,37.9103,Y
E905970,(위임국도56)양양공수전계곡입구,국가교통정보센터(국도),128.554234,38.03535,Y
E905971,(위임국도56)양양구룡령1,국가교통정보센터(국도),128.5203,37.8917,Y
E905972,(위임국도56)양양구룡령2,국가교통정보센터(국도),128.5238,37.896,Y
E905973,(위임국도56)양양구룡령3,국가교통정보센터(국도),128.53442,37.90146,Y
E905974,(위임국도56)양양구룡령4,국가교통정보센터(국도),128.5204,37.905,Y
E905975,(위임국도56)양양구룡령5,국가교통정보센터(국도),128.5126,37.9093,Y
E905976,(위임국도56)양양미천골휴양림,국가교통정보센터(국도),128.5007,37.945,Y
E905977,(위임국도56)양양서림교,국가교통정보센터(국도),128.52,37.973,Y
E905978,(위임국도56)양양서양양IC북측,국가교통정보센터(국도),128.536378,37.996547,Y
E905979,(위임국도56)양양송천교,국가교통정보센터(국도),128.561354,38.0443,Y
E905980,(위임국도56)양양영덕사거리,국가교통정보센터(국도),128.544181,38.019262,Y
E905981,(위임국도56)양양황이리마을회관,국가교통정보센터(국도),128.5163,37.9641,Y
E905982,(위임국도56)철원수피1교,국가교통정보센터(국도),127.493333,38.225833,Y
E905983,(위임국도56)철원수현공원,국가교통정보센터(국도),127.511666,38.216666,Y
E905984,(위임국도56)철원신벌교차로,국가교통정보센터(국도),127.443888,38.256111,Y
E905985,(위임국도56)철원신사곡교차로,국가교통정보센터(국도),127.469722,38.254444,Y
E905986,(위임국도56)춘천가락재터널,국가교통정보센터(국도),127.86949,37.84644,Y
E905987,(위임국도56)춘천감정리,국가교통정보센터(국도),127.813,37.90591,Y
E905988,(위임국도56)춘천느랏재고개,국가교통정보센터(국도),127.82123,37.903072,Y
E905989,(위임국도56)춘천동면치안센터,국가교통정보센터(국도),127.780833,37.904444,Y
E905990,(위임국도56)춘천상걸보건진료소,국가교통정보센터(국도),127.848333,37.863888,Y
E905991,(위임국도56)춘천상규교,국가교통정보센터(국도),127.609981,38.050776,Y
E905992,(위임국도56)춘천오탄1리마을회관,국가교통정보센터(국도),127.618346,38.044261,Y
E905993,(위임국도56)춘천오탄2리,국가교통정보센터(국도),127.582937,38.055859,Y
E905994,(위임국도56)춘천오탄자연학교,국가교통정보센터(국도),127.595955,38.054191,Y
E905995,(위임국도56)춘천우무리골,국가교통정보센터(국도),127.833333,37.873888,Y
E905996,(위임국도56)홍천가락재터널동측,국가교통정보센터(국도),127.879349,37.841311,Y
E905997,(위임국도56)홍천감투봉골입구,국가교통정보센터(국도),127.9119,37.786579,Y
E905998,(위임국도56)홍천거무평교,국가교통정보센터(국도),128.3984,37.7898,Y
E905999,(위임국도56)홍천검산2교,국가교통정보센터(국도),128.2202,37.7048,Y
E906000,(위임국도56)홍천광원보건진료소,국가교통정보센터(국도),128.44332,37.82875,Y
E906001,(위임국도56)홍천구룡령,국가교통정보센터(국도),128.51341,37.87861,Y
E906002,(위임국도56)홍천구성포보건소,국가교통정보센터(국도),127.920142,37.76924,Y
E906003,(위임국도56)홍천구성포피암터널북측,국가교통정보센터(국도),127.912958,37.802532,Y
E906004,(위임국도56)홍천구성포휴게소,국가교통정보센터(국도),127.91334,37.773971,Y
E906005,(위임국도56)홍천국립종자원,국가교통정보센터(국도),128.1506,37.7244,Y
E906006,(위임국도56)홍천군업1교,국가교통정보센터(국도),128.0015,37.7533,Y
E906007,(위임국도56)홍천군업1리삼거리,국가교통정보센터(국도),128.0361,37.7526,Y
E906008,(위임국도56)홍천남향원,국가교통정보센터(국도),128.1093,37.7338,Y
E906009,(위임국도56)홍천내면농협,국가교통정보센터(국도),128.3904,37.7699,Y
E906010,(위임국도56)홍천논틀말길,국가교통정보센터(국도),127.927153,37.765253,Y
E906011,(위임국도56)홍천달둔교,국가교통정보센터(국도),128.4663,37.8275,Y
E906012,(위임국도56)홍천대지골,국가교통정보센터(국도),128.2911,37.7276,Y
E906013,(위임국도56)홍천덕망골,국가교통정보센터(국도),127.906728,37.79105,Y
E906014,(위임국도56)홍천동홍천휴게소,국가교통정보센터(국도),128.274,37.7108,Y
E906015,(위임국도56)홍천명개리1,국가교통정보센터(국도),128.5113,37.8517,Y
E906016,(위임국도56)홍천명개리2,국가교통정보센터(국도),128.5132,37.8596,Y
E906017,(위임국도56)홍천명개삼거리,국가교통정보센터(국도),128.4964,37.8481,Y
E906018,(위임국도56)홍천사월평교,국가교통정보센터(국도),128.417,37.8171,Y
E906019,(위임국도56)홍천새터골입구,국가교통정보센터(국도),127.905494,37.80984,Y
E906020,(위임국도56)홍천새터교,국가교통정보센터(국도),128.4277,37.8279,Y
E906021,(위임국도56)홍천샘골휴게소,국가교통정보센터(국도),128.4754,37.8347,Y
E906022,(위임국도56)홍천생곡1교,국가교통정보센터(국도),128.2567,37.7036,Y
E906023,(위임국도56)홍천생곡리,국가교통정보센터(국도),128.30595,37.74644,Y
E906024,(위임국도56)홍천서석체육공원,국가교통정보센터(국도),128.172871,37.720931,Y
E906025,(위임국도56)홍천송전교,국가교통정보센터(국도),128.4587,37.8289,Y
E906026,(위임국도56)홍천안말교남측,국가교통정보센터(국도),127.93954,37.755213,Y
E906027,(위임국도56)홍천어론삼거리,국가교통정보센터(국도),128.1422,37.7181,Y
E906028,(위임국도56)홍천외삼포삼거리,국가교통정보센터(국도),127.977755,37.755686,Y
E906029,(위임국도56)홍천원당삼거리,국가교통정보센터(국도),128.41683,37.827082,Y
E906030,(위임국도56)홍천응달골,국가교통정보센터(국도),128.0232,37.7565,Y
E906031,(위임국도56)홍천장재울길,국가교통정보센터(국도),127.893125,37.824941,Y
E906032,(위임국도56)홍천장평교,국가교통정보센터(국도),128.0896,37.7416,Y
E906033,(위임국도56)홍천장평보건진료소,국가교통정보센터(국도),128.052814,37.751689,Y
E906034,(위임국도56)홍천지어석교,국가교통정보센터(국도),128.406,37.8031,Y
E906035,(위임국도56)홍천풍암4교차로,국가교통정보센터(국도),128.1923,37.708,Y
E906036,(위임국도56)홍천풍천리,국가교통정보센터(국도),127.88877,37.83262,Y
E906037,(위임국도56)홍천풍천리마을회관,국가교통정보센터(국도),127.901006,37.816769,Y
E906038,(위임국도56)홍천하송교,국가교통정보센터(국도),128.0737,37.7449,Y
E906039,(위임국도56)홍천화촌중학교,국가교통정보센터(국도),127.9596,37.7538,Y
E906040,(위임국도56)화천다목1교,국가교통정보센터(국도),127.525202,38.192265,Y
E906041,(위임국도56)화천다목리,국가교통정보센터(국도),127.51995,38.199577,Y
E906042,(위임국도56)화천다목리버스터미널,국가교통정보센터(국도),127.53028,38.17278,Y
E906043,(위임국도56)화천명월성당,국가교통정보센터(국도),127.531111,38.138333,Y
E906044,(위임국도56)화천사내도서관,국가교통정보센터(국도),127.521388,38.074444,Y
E906045,(위임국도56)화천솔대교,국가교통정보센터(국도),127.521666,38.0875,Y
E906046,(위임국도56)화천실내고개,국가교통정보센터(국도),127.5275,38.160555,Y
E906047,(위임국도56)화천실내초등학교,국가교통정보센터(국도),127.530833,38.119722,Y
E906048,(위임국도56)화천용담1리경로당,국가교통정보센터(국도),127.544215,38.059249,Y
E906049,(위임국도56)화천용담교,국가교통정보센터(국도),127.540824,38.064213,Y
E906050,(위임국도56)화천용담리1,국가교통정보센터(국도),127.555401,38.057375,Y
E906051,(위임국도56)화천용담리2,국가교통정보센터(국도),127.559055,38.054589,Y
E906052,(위임국도56)화천용담리3,국가교통정보센터(국도),127.578588,38.054078,Y
E906053,(위임국도56)화천창암교,국가교통정보센터(국도),127.523333,38.070555,Y
E906054,(위임국도56)화천하실내교,국가교통정보센터(국도),127.529166,38.106111,Y
E906055,(위임국도58)밀양구위량지,국가교통정보센터(국도),128.718792,35.544783,Y
E906056,(위임국도58)밀양마암교차로,국가교통정보센터(국도),128.751089,35.475124,Y
E906057,(위임국도58)밀양법운사입구,국가교통정보센터(국도),128.727512,35.4937357,Y
E906058,(위임국도58)밀양부산대부속제1농장,국가교통정보센터(국도),128.723301,35.501201,Y
E906059,(위임국도58)밀양사포공단입구,국가교통정보센터(국도),128.744457,35.471904,Y
E906060,(위임국도58)밀양신영목공소,국가교통정보센터(국도),128.720086,35.508962,Y
E906061,(위임국도58)밀양후사포교차로,국가교통정보센터(국도),128.73631,35.475174,Y
E906062,(위임국도59)거창감악마을입구,국가교통정보센터(국도),127.955077,35.57939,Y
E906063,(위임국도59)거창과정삼거리북측1,국가교통정보센터(국도),127.928302,35.571646,Y
E906064,(위임국도59)거창과정삼거리북측2,국가교통정보센터(국도),127.936699,35.574598,Y
E906066,(위임국도59)거창대학동저수지,국가교통정보센터(국도),128.066933,35.706633,Y
E906065,(위임국도59)거창대학동저수지북측,국가교통정보센터(국도),128.070147,35.702187,Y
E906067,(위임국도59)거창대현교삼거리,국가교통정보센터(국도),127.926449,35.543457,Y
E906068,(위임국도59)거창비곡마을,국가교통정보센터(국도),127.930809,35.531507,Y
E906069,(위임국도59)거창소야마을입구,국가교통정보센터(국도),127.935244,35.522503,Y
E906070,(위임국도59)거창수원삼거리북측,국가교통정보센터(국도),127.980835,35.588296,Y
E906071,(위임국도59)거창신기교남측,국가교통정보센터(국도),127.941984,35.572883,Y
E906072,(위임국도59)거창외탐마을입구,국가교통정보센터(국도),127.926153,35.549777,Y
E906073,(위임국도59)거창원동마을입구삼거리남측,국가교통정보센터(국도),127.970071,35.586324,Y
E906074,(위임국도59)거창중대소류지입구남측,국가교통정보센터(국도),127.92767,35.535621,Y
E906075,(위임국도59)거창천유교삼거리,국가교통정보센터(국도),127.92616,35.560594,Y
E906077,(위임국도59)거창화곡마을,국가교통정보센터(국도),128.051862,35.704524,Y
E906076,(위임국도59)거창화곡마을북측,국가교통정보센터(국도),128.056947,35.705439,Y
E906078,(위임국도59)구미각골,국가교통정보센터(국도),128.307726,36.297641,Y
E906079,(위임국도59)구미농소2리마을,국가교통정보센터(국도),128.280758,36.315715,Y
E906080,(위임국도59)구미생곡삼거리식당,국가교통정보센터(국도),128.324121,36.276857,Y
E906081,(위임국도59)구미서낭당고개,국가교통정보센터(국도),128.275417,36.326445,Y
E906082,(위임국도59)구미선산전문장례식장,국가교통정보센터(국도),128.318284,36.268444,Y
E906083,(위임국도59)구미세바옥성공장,국가교통정보센터(국도),128.296911,36.301736,Y
E906084,(위임국도59)구미신내교,국가교통정보센터(국도),128.317768,36.29562,Y
E906085,(위임국도59)구미신풍진마을입구,국가교통정보센터(국도),128.327379,36.285508,Y
E906086,(위임국도59)구미옥성삼거리,국가교통정보센터(국도),128.286551,36.300525,Y
E906087,(위임국도59)구미옥성석재,국가교통정보센터(국도),128.277074,36.306243,Y
E906088,(위임국도59)구미제2구봉교,국가교통정보센터(국도),128.274475,36.342497,Y
E906089,(위임국도59)구미초록마당영농조합법인본사,국가교통정보센터(국도),128.279043,36.338778,Y
E906090,(위임국도59)김천감천치안센터,국가교통정보센터(국도),128.124962,36.065542,Y
E906091,(위임국도59)김천김천수양관,국가교통정보센터(국도),128.138013,35.977291,Y
E906092,(위임국도59)김천대방관광농원,국가교통정보센터(국도),128.137955,35.974018,Y
E906093,(위임국도59)김천대방교,국가교통정보센터(국도),128.133507,36.013797,Y
E906094,(위임국도59)김천대방저수지남측,국가교통정보센터(국도),128.136651,35.981897,Y
E906095,(위임국도59)김천대방저수지북측,국가교통정보센터(국도),128.135686,35.987996,Y
E906096,(위임국도59)김천대방초등학교,국가교통정보센터(국도),128.132434,36.00218,Y
E906097,(위임국도59)김천도평1리마을회관,국가교통정보센터(국도),128.124672,36.058869,Y
E906098,(위임국도59)김천도평2리회관,국가교통정보센터(국도),128.129376,36.052524,Y
E906099,(위임국도59)김천목골소류지,국가교통정보센터(국도),128.129367,36.045055,Y
E906100,(위임국도59)김천보동골,국가교통정보센터(국도),128.12233,36.077205,Y
E906101,(위임국도59)김천살티재표고농원,국가교통정보센터(국도),128.138061,35.964221,Y
E906102,(위임국도59)김천양감교,국가교통정보센터(국도),128.127066,36.09515,Y
E906103,(위임국도59)김천용호2리마을회관,국가교통정보센터(국도),128.13204,36.032213,Y
E906104,(위임국도59)김천용호입암경로당,국가교통정보센터(국도),128.129851,36.038941,Y
E906105,(위임국도59)김천조마농협,국가교통정보센터(국도),128.13344,36.022654,Y
E906106,(위임국도59)김천천황사,국가교통정보센터(국도),128.138477,35.968126,Y
E906107,(위임국도59)문경간송2리마을,국가교통정보센터(국도),128.315836,36.747233,Y
E906108,(위임국도59)문경경천댐주차장,국가교통정보센터(국도),128.311263,36.696979,Y
E906109,(위임국도59)문경경천호,국가교통정보센터(국도),128.307361,36.708712,Y
E906110,(위임국도59)문경금천1교삼거리,국가교통정보센터(국도),128.276102,36.582625,Y
E906111,(위임국도59)문경낙수골,국가교통정보센터(국도),128.319567,36.790435,Y
E906112,(위임국도59)문경노은1리버스정류장,국가교통정보센터(국도),128.319123,36.761068,Y
E906113,(위임국도59)문경노은삼거리,국가교통정보센터(국도),128.317423,36.769306,Y
E906114,(위임국도59)문경달지저수지,국가교통정보센터(국도),128.284477,36.570321,Y
E906115,(위임국도59)문경대하1리버스정류장,국가교통정보센터(국도),128.260206,36.661908,Y
E906116,(위임국도59)문경마광버스정류장,국가교통정보센터(국도),128.305283,36.695335,Y
E906117,(위임국도59)문경명전리,국가교통정보센터(국도),128.318723,36.804878,Y
E906118,(위임국도59)문경문경내화리삼층석탑,국가교통정보센터(국도),128.296342,36.69149,Y
E906119,(위임국도59)문경문경오미자유경농원,국가교통정보센터(국도),128.313391,36.738508,Y
E906120,(위임국도59)문경문경환경,국가교통정보센터(국도),128.248565,36.626789,Y
E906121,(위임국도59)문경물밭골,국가교통정보센터(국도),128.289174,36.694768,Y
E906122,(위임국도59)문경벌재등산로입구,국가교통정보센터(국도),128.319984,36.801167,Y
E906123,(위임국도59)문경벌재생태터널(상행),국가교통정보센터(국도),128.318611,36.808889,Y
E906124,(위임국도59)문경벌재생태터널(하행),국가교통정보센터(국도),128.318333,36.796389,Y
E906125,(위임국도59)문경불암삼거리,국가교통정보센터(국도),128.255036,36.610069,Y
E906126,(위임국도59)문경산북대상버스정류장,국가교통정보센터(국도),128.250958,36.64576,Y
E906127,(위임국도59)문경삼거리손짜장,국가교통정보센터(국도),128.263244,36.668455,Y
E906128,(위임국도59)문경석항명봉로삼거리,국가교통정보센터(국도),128.320903,36.752401,Y
E906129,(위임국도59)문경수평1리마을회관,국가교통정보센터(국도),128.30938,36.725426,Y
E906130,(위임국도59)문경숫돌봉농원,국가교통정보센터(국도),128.279901,36.692339,Y
E906131,(위임국도59)문경신수평교,국가교통정보센터(국도),128.300226,36.716343,Y
E906132,(위임국도59)문경왕태2리마을,국가교통정보센터(국도),128.266752,36.590025,Y
E906133,(위임국도59)문경원달지버스정류장,국가교통정보센터(국도),128.29191,36.56904,Y
E906134,(위임국도59)문경인곡버스정류장,국가교통정보센터(국도),128.31154,36.701248,Y
E906135,(위임국도59)문경적성3리마을,국가교통정보센터(국도),128.31929,36.786801,Y
E906136,(위임국도59)문경적성3리버스정류장,국가교통정보센터(국도),128.321042,36.781862,Y
E906137,(위임국도59)문경적성교,국가교통정보센터(국도),128.318427,36.814305,Y
E906138,(위임국도59)문경적성리1,국가교통정보센터(국도),128.318699,36.79207,Y
E906139,(위임국도59)문경적성리2,국가교통정보센터(국도),128.319659,36.792391,Y
E906140,(위임국도59)문경적성리3,국가교통정보센터(국도),128.318242,36.794316,Y
E906141,(위임국도59)문경전마골,국가교통정보센터(국도),128.261951,36.599967,Y
E906142,(위임국도59)문경존도버스정류장,국가교통정보센터(국도),128.251032,36.618127,Y
E906143,(위임국도59)문경함사골,국가교통정보센터(국도),128.272572,36.677926,Y
E906144,(위임국도59)문경화산촌비,국가교통정보센터(국도),128.247594,36.633333,Y
E906145,(위임국도59)문경황사교,국가교통정보센터(국도),128.258323,36.606411,Y
E906146,(위임국도59)산청경놀골인근,국가교통정보센터(국도),127.903706,35.441995,Y
E906147,(위임국도59)산청곤더미골인근,국가교통정보센터(국도),127.895611,35.438272,Y
E906148,(위임국도59)산청금호초등학교,국가교통정보센터(국도),127.931015,35.491381,Y
E906149,(위임국도59)산청남명문학관,국가교통정보센터(국도),127.836269,35.318195,Y
E906150,(위임국도59)산청매곡버스정류소남측,국가교통정보센터(국도),127.913667,35.451189,Y
E906151,(위임국도59)산청명상삼거리북측,국가교통정보센터(국도),127.840326,35.346378,Y
E906152,(위임국도59)산청산청IC삼거리,국가교통정보센터(국도),127.869339,35.417531,Y
E906153,(위임국도59)산청산청교차로,국가교통정보센터(국도),127.880754,35.421129,Y
E906154,(위임국도59)산청삼거마을북측,국가교통정보센터(국도),127.933532,35.507716,Y
E906155,(위임국도59)산청삼장초등학교,국가교통정보센터(국도),127.838384,35.334465,Y
E906156,(위임국도59)산청상촌교차로남측,국가교통정보센터(국도),127.846564,35.362396,Y
E906157,(위임국도59)산청상촌교차로북측,국가교통정보센터(국도),127.84794,35.368489,Y
E906158,(위임국도59)산청신촌마을회관,국가교통정보센터(국도),127.835191,35.285107,Y
E906159,(위임국도59)산청임촌마을북측,국가교통정보센터(국도),127.914401,35.448381,Y
E906160,(위임국도59)산청지리산산청농장북측,국가교통정보센터(국도),127.8841,35.426857,Y
E906161,(위임국도59)산청지리산터널,국가교통정보센터(국도),127.84394,35.40382,Y
E906162,(위임국도59)산청차황삼거리,국가교통정보센터(국도),127.92531,35.461746,Y
E906163,(위임국도59)산청추동교남측,국가교통정보센터(국도),127.829458,35.230002,Y
E906164,(위임국도59)산청하촌교남측,국가교통정보센터(국도),127.929523,35.478611,Y
E906165,(위임국도59)산청한국항공우주산업산청공장,국가교통정보센터(국도),127.851913,35.416812,Y
E906166,(위임국도59)산청황매루,국가교통정보센터(국도),127.912401,35.457107,Y
E906167,(위임국도59)산청황산교삼거리,국가교통정보센터(국도),127.930396,35.465445,Y
E906168,(위임국도59)산청후천삼거리,국가교통정보센터(국도),127.831885,35.301994,Y
E906169,(위임국도59)상주계림동성당,국가교통정보센터(국도),128.317988,36.43167,Y
E906170,(위임국도59)상주구잠삼거리,국가교통정보센터(국도),128.291965,36.372926,Y
E906171,(위임국도59)상주금당리버스정류장,국가교통정보센터(국도),128.314926,36.421142,Y
E906172,(위임국도59)상주낙단교차로,국가교통정보센터(국도),128.278631,36.349775,Y
E906173,(위임국도59)상주낙동2리버스정류장,국가교통정보센터(국도),128.295215,36.367079,Y
E906174,(위임국도59)상주낙동삼거리,국가교통정보센터(국도),128.298172,36.360869,Y
E906175,(위임국도59)상주동막버스정류장,국가교통정보센터(국도),128.320566,36.440492,Y
E906176,(위임국도59)상주물량2리마을,국가교통정보센터(국도),128.29744,36.388407,Y
E906177,(위임국도59)상주물량경로당,국가교통정보센터(국도),128.302432,36.394902,Y
E906178,(위임국도59)상주불로초코리아,국가교통정보센터(국도),128.296409,36.38253,Y
E906179,(위임국도59)상주신암버스정류장,국가교통정보센터(국도),128.308647,36.414934,Y
E906180,(위임국도59)상주중동교,국가교통정보센터(국도),128.30578,36.406329,Y
E906181,(위임국도59)성주가야휴게소,국가교통정보센터(국도),128.14489746,35.80093384,Y
E906182,(위임국도59)성주가천삼거리,국가교통정보센터(국도),128.171662,35.880443,Y
E906183,(위임국도59)성주강정교,국가교통정보센터(국도),128.152429,35.904619,Y
E906184,(위임국도59)성주경건대3,국가교통정보센터(국도),128.13858,35.79335,Y
E906185,(위임국도59)성주기다림펜숀근처,국가교통정보센터(국도),128.171389,35.819444,Y
E906186,(위임국도59)성주밤티고개,국가교통정보센터(국도),128.165342,35.813127,Y
E906187,(위임국도59)성주법륜사동측,국가교통정보센터(국도),128.147364,35.804109,Y
E906188,(위임국도59)성주법륜사서측,국가교통정보센터(국도),128.150882,35.80465,Y
E906189,(위임국도59)성주살티재,국가교통정보센터(국도),128.139538,35.959408,Y
E906190,(위임국도59)성주성주댐,국가교통정보센터(국도),128.152081,35.910586,Y
E906192,(위임국도59)성주성주호전망대,국가교통정보센터(국도),128.146552,35.919743,Y
E906191,(위임국도59)성주성주호전망대남측,국가교통정보센터(국도),128.146544,35.914185,Y
E906193,(위임국도59)성주수륜교차로,국가교통정보센터(국도),128.185016,35.828338,Y
E906194,(위임국도59)성주신성삼거리,국가교통정보센터(국도),128.144675,35.929167,Y
E906195,(위임국도59)성주실로암노인전문요양원,국가교통정보센터(국도),128.174914,35.822249,Y
E906196,(위임국도59)성주왕박골,국가교통정보센터(국도),128.145076,35.952795,Y
E906197,(위임국도59)성주조양리마을회관,국가교통정보센터(국도),128.178421,35.826887,Y
E906199,(위임국도59)성주창천교,국가교통정보센터(국도),128.158121,35.890609,Y
E906198,(위임국도59)성주창천교북측,국가교통정보센터(국도),128.15229,35.896762,Y
E906200,(위임국도59)성주후평교회,국가교통정보센터(국도),128.144056,35.946192,Y
E906201,(위임국도59)성주후평삼거리,국가교통정보센터(국도),128.144275,35.935815,Y
E906202,(위임국도59)양양남단교차로,국가교통정보센터(국도),128.6258,38.06948,Y
E906203,(위임국도59)양양남천초등학교,국가교통정보센터(국도),128.630135,38.003296,Y
E906204,(위임국도59)양양내현교서측,국가교통정보센터(국도),128.606233,38.027016,Y
E906205,(위임국도59)양양내현리복지회관,국가교통정보센터(국도),128.612046,38.021024,Y
E906206,(위임국도59)양양수리입구,국가교통정보센터(국도),128.595481,38.039613,Y
E906207,(위임국도59)양양어성전삼거리북측,국가교통정보센터(국도),128.657505,37.960791,Y
E906208,(위임국도59)양양용천1교남측,국가교통정보센터(국도),128.609162,38.059042,Y
E906209,(위임국도59)양양원일전교차로,국가교통정보센터(국도),128.654351,37.975989,Y
E906210,(위임국도59)양양현성삼거리,국가교통정보센터(국도),128.663981,37.951216,Y
E906211,(위임국도59)양양화랑교,국가교통정보센터(국도),128.652876,37.994471,Y
E906212,(위임국도59)예천공덕1리마을입구,국가교통정보센터(국도),128.313562,36.501328,Y
E906213,(위임국도59)예천금둘미골,국가교통정보센터(국도),128.299108,36.54677,Y
E906214,(위임국도59)예천둥둥바위골,국가교통정보센터(국도),128.334706,36.490833,Y
E906215,(위임국도59)예천삼강주막마을,국가교통정보센터(국도),128.299657,36.560078,Y
E906216,(위임국도59)예천선우농장,국가교통정보센터(국도),128.296295,36.52271,Y
E906217,(위임국도59)예천오지사거리,국가교통정보센터(국도),128.303201,36.516466,Y
E906218,(위임국도59)예천용당산,국가교통정보센터(국도),128.298757,36.55025,Y
E906219,(위임국도59)예천청운삼거리,국가교통정보센터(국도),128.29235,36.531976,Y
E906220,(위임국도59)예천큰골,국가교통정보센터(국도),128.328129,36.49409,Y
E906221,(위임국도59)예천풍양사거리,국가교통정보센터(국도),128.303229,36.50708,Y
E906222,(위임국도59)예천학교구미골,국가교통정보센터(국도),128.299059,36.542521,Y
E906223,(위임국도59)의성과실지,국가교통정보센터(국도),128.345666,36.44925,Y
E906224,(위임국도59)의성덕지2리버스정류장,국가교통정보센터(국도),128.334735,36.447787,Y
E906225,(위임국도59)의성덕지교,국가교통정보센터(국도),128.324075,36.448024,Y
E906226,(위임국도59)의성서릉삼거리,국가교통정보센터(국도),128.351443,36.450915,Y
E906227,(위임국도59)정선덕우터널남측,국가교통정보센터(국도),128.71711,37.352729,Y
E906228,(위임국도59)정선덕우터널북측,국가교통정보센터(국도),128.710732,37.36081,Y
E906229,(위임국도59)정선백석폭포,국가교통정보센터(국도),128.6294,37.4635,Y
E906230,(위임국도59)정선범바위교,국가교통정보센터(국도),128.6809,37.370167,Y
E906231,(위임국도59)정선쇄재터널(남),국가교통정보센터(국도),128.71436,37.332317,Y
E906232,(위임국도59)정선쇄재터널북측,국가교통정보센터(국도),128.71334,37.341594,Y
E906233,(위임국도59)정선숙암3교차로,국가교통정보센터(국도),128.58008,37.48954,Y
E906234,(위임국도59)정선숙암휴게소,국가교통정보센터(국도),128.6207,37.4658,Y
E906235,(위임국도59)정선애산교차로,국가교통정보센터(국도),128.6694721,37.3720336,Y
E906236,(위임국도59)정선월통교삼거리,국가교통정보센터(국도),128.70188,37.369674,Y
E906237,(위임국도59)정선월통교차로,국가교통정보센터(국도),128.695011,37.370366,Y
E906238,(위임국도59)정선정선제2교,국가교통정보센터(국도),128.67102,37.38204,Y
E906239,(위임국도59)정선졸드루야영장,국가교통정보센터(국도),128.63684,37.44976,Y
E906240,(위임국도59)정선중봉2교차로,국가교통정보센터(국도),128.6092,37.4801,Y
E906241,(위임국도59)평창마평교,국가교통정보센터(국도),128.56008,37.5755,Y
E906242,(위임국도59)평창마평리,국가교통정보센터(국도),128.55703,37.5649,Y
E906243,(위임국도59)평창막동터널북측,국가교통정보센터(국도),128.5642,37.5294,Y
E906244,(위임국도59)평창송정1교,국가교통정보센터(국도),128.5575,37.6021,Y
E906245,(위임국도59)평창오대교사거리,국가교통정보센터(국도),128.5675,37.6443,Y
E906246,(위임국도59)평창장전교차로,국가교통정보센터(국도),128.5646,37.5009,Y
E906247,(위임국도59)평창증평교차로,국가교통정보센터(국도),128.5674,37.5498,Y
E906248,(위임국도59)평창하진부3리,국가교통정보센터(국도),128.5465,37.6158,Y
E906249,(위임국도59)평창하진부교차로,국가교통정보센터(국도),128.554,37.6318,Y
E906250,(위임국도59)하동궁항마을회관부근,국가교통정보센터(국도),127.788851,34.970002,Y
E906251,(위임국도59)하동대덕삼거리북측,국가교통정보센터(국도),127.821597,35.112459,Y
E906252,(위임국도59)하동말티재인근,국가교통정보센터(국도),127.82785,35.162111,Y
E906253,(위임국도59)하동밤산입구,국가교통정보센터(국도),127.824507,35.125423,Y
E906254,(위임국도59)하동알프스주유소,국가교통정보센터(국도),127.803226,34.988135,Y
E906255,(위임국도59)하동애치마을,국가교통정보센터(국도),127.822519,35.132448,Y
E906256,(위임국도59)하동영천저수지북측,국가교통정보센터(국도),127.809912,34.992391,Y
E906257,(위임국도59)하동옥종저수지인근,국가교통정보센터(국도),127.830594,35.205147,Y
E906258,(위임국도59)하동온동삼거리,국가교통정보센터(국도),127.824248,35.121449,Y
E906259,(위임국도59)하동위태마을북측1,국가교통정보센터(국도),127.828522,35.221196,Y
E906260,(위임국도59)하동위태마을북측2,국가교통정보센터(국도),127.831612,35.225171,Y
E906261,(위임국도59)하동전대교,국가교통정보센터(국도),127.824879,35.138068,Y
E906262,(위임국도59)하동전대마을북측,국가교통정보센터(국도),127.83003,35.144399,Y
E906263,(위임국도59)하동죽전마을북측,국가교통정보센터(국도),127.83085,35.15364,Y
E906264,(위임국도59)하동화력사택앞교차로,국가교통정보센터(국도),127.797224,34.982499,Y
E906265,(위임국도59)하동회신교남측,국가교통정보센터(국도),127.830463,35.185894,Y
E906266,(위임국도59)하동회신마을남측,국가교통정보센터(국도),127.827782,35.173836,Y
E906267,(위임국도59)하동회신삼거리,국가교통정보센터(국도),127.83824,35.19136,Y
E906268,(위임국도59)하동횡계교차로,국가교통정보센터(국도),127.812192,35.108428,Y
E906269,(위임국도59)하동횡천교차로,국가교통정보센터(국도),127.81418,35.10366,Y
E906270,(위임국도59)합천가야초등학교,국가교통정보센터(국도),128.135973,35.755098,Y
E906271,(위임국도59)합천거안삼거리,국가교통정보센터(국도),128.025642,35.611087,Y
E906272,(위임국도59)합천고삼마을입구,국가교통정보센터(국도),128.020468,35.604794,Y
E906273,(위임국도59)합천노곡소류지남측,국가교통정보센터(국도),127.987931,35.587294,Y
E906274,(위임국도59)합천노곡소류지북측,국가교통정보센터(국도),128.004693,35.588721,Y
E906275,(위임국도59)합천대장경테마파크북측,국가교통정보센터(국도),128.139087,35.769774,Y
E906276,(위임국도59)합천돌목소류지북측,국가교통정보센터(국도),128.014571,35.597201,Y
E906277,(위임국도59)합천망향의동산,국가교통정보센터(국도),128.032077,35.617401,Y
E906278,(위임국도59)합천매화리동회관남측,국가교통정보센터(국도),128.121384,35.731064,Y
E906279,(위임국도59)합천봉산초교남측,국가교통정보센터(국도),128.038882,35.621228,Y
E906280,(위임국도59)합천사촌1구마을회관,국가교통정보센터(국도),128.12946,35.75114,Y
E906281,(위임국도59)합천새터관광지,국가교통정보센터(국도),128.043036,35.628978,Y
E906282,(위임국도59)합천성기1구마을회관,국가교통정보센터(국도),128.102184,35.721519,Y
E906283,(위임국도59)합천성터소류지,국가교통정보센터(국도),128.106546,35.724097,Y
E906284,(위임국도59)합천숭산교,국가교통정보센터(국도),128.111941,35.731753,Y
E906285,(위임국도59)합천아델스코트2,국가교통정보센터(국도),128.078788,35.702245,Y
E906286,(위임국도59)합천아델스코트3,국가교통정보센터(국도),128.081261,35.705212,Y
E906287,(위임국도59)합천아델스코트4,국가교통정보센터(국도),128.084858,35.707066,Y
E906288,(위임국도59)합천아델스코트5,국가교통정보센터(국도),128.090551,35.711901,Y
E906289,(위임국도59)합천아델스코트6,국가교통정보센터(국도),128.095436,35.716029,Y
E906290,(위임국도59)합천야천1리마을회관남측,국가교통정보센터(국도),128.141405,35.773152,Y
E906291,(위임국도59)합천야천1리마을회관북측,국가교통정보센터(국도),128.140995,35.777734,Y
E906292,(위임국도59)합천야천삼거리,국가교통정보센터(국도),128.136691,35.765137,Y
E906293,(위임국도59)합천영전마을입구,국가교통정보센터(국도),128.097372,35.724003,Y
E906294,(위임국도59)합천정견대1,국가교통정보센터(국도),128.145295,35.782994,Y
E906295,(위임국도59)합천황산교,국가교통정보센터(국도),128.138523,35.759111,Y
E906296,(위임국도5)화천노동리,국가교통정보센터(국도),127.67,38.177356,Y
E906297,(위임국도5)화천노동삼거리,국가교통정보센터(국도),127.662353,38.158012,Y
E906298,(위임국도5)화천마현리1,국가교통정보센터(국도),127.641801,38.226664,Y
E906299,(위임국도5)화천마현리2,국가교통정보센터(국도),127.625749,38.24016,Y
E906300,(위임국도5)화천마현리마을회관,국가교통정보센터(국도),127.634974,38.233857,Y
E906301,(위임국도5)화천부촌리노인회관,국가교통정보센터(국도),127.665159,38.184014,Y
E906302,(위임국도5)화천산양리게이트볼장,국가교통정보센터(국도),127.662818,38.200893,Y
E906303,(위임국도5)화천산양초등학교,국가교통정보센터(국도),127.657064,38.215446,Y
E906304,(위임국도5)화천상리삼거리,국가교통정보센터(국도),127.687342,38.109734,Y
E906305,(위임국도5)화천신대리,국가교통정보센터(국도),127.673272,38.137133,Y
E906306,(위임국도5)화천신대사거리,국가교통정보센터(국도),127.678385,38.130271,Y
E906307,(위임국도5)화천신풍리,국가교통정보센터(국도),127.683182,38.120787,Y
E906308,(위임국도5)화천장촌삼거리,국가교통정보센터(국도),127.6577,38.139057,Y
E906309,(위임국도5)화천파포삼거리남측,국가교통정보센터(국도),127.65948,38.149538,Y
E906310,(위임국도67)구미성수교차로남측,국가교통정보센터(국도),128.416404,36.160157,Y
E906311,(위임국도67)칠곡강촌마을,국가교통정보센터(국도),128.405525,36.055579,Y
E906312,(위임국도67)칠곡광암교,국가교통정보센터(국도),128.401379,36.078611,Y
E906313,(위임국도67)칠곡생태공원입구,국가교통정보센터(국도),128.403673,36.024083,Y
E906314,(위임국도67)칠곡석적체육공원입구(남구미IC),국가교통정보센터(국도),128.395472,36.07015,Y
E906315,(위임국도67)칠곡석전리,국가교통정보센터(국도),128.397007,36.002138,Y
E906316,(위임국도67)칠곡왜관교차로,국가교통정보센터(국도),128.39478,35.988864,Y
E906317,(위임국도67)칠곡제2왜관교,국가교통정보센터(국도),128.394771,35.977746,Y
E906318,(위임국도67)칠곡중리입구삼거리,국가교통정보센터(국도),128.41047,36.080297,Y
E906319,(위임국도67)칠곡포남1교차로,국가교통정보센터(국도),128.40939,36.034592,Y
E906320,(위임국도67)칠곡포남교,국가교통정보센터(국도),128.409472,36.048166,Y
E906321,(위임국도75)화천광덕3리마을회관,국가교통정보센터(국도),127.492171,38.063355,Y
E906322,(위임국도75)화천광덕리1,국가교통정보센터(국도),127.4541112,38.041527,Y
E906323,(위임국도75)화천광덕리2,국가교통정보센터(국도),127.458743,38.041847,Y
E906324,(위임국도75)화천광덕리3,국가교통정보센터(국도),127.463374,38.043773,Y
E906325,(위임국도75)화천광덕리4,국가교통정보센터(국도),127.484639,38.055189,Y
E906326,(위임국도75)화천광덕리농산물판매장,국가교통정보센터(국도),127.47461,38.048155,Y
E906327,(위임국도75)화천사내고등학교,국가교통정보센터(국도),127.520476,38.063541,Y
E906328,(위임국도77)고성가리믹재고개,국가교통정보센터(국도),128.189895,34.934972,Y
E906329,(위임국도77)고성갈모봉산입구,국가교통정보센터(국도),128.258797,34.955312,Y
E906330,(위임국도77)고성능골소류지입구,국가교통정보센터(국도),128.218054,34.961246,Y
E906331,(위임국도77)고성대밭골버스정류장,국가교통정보센터(국도),128.282348,34.9335,Y
E906332,(위임국도77)고성대운산업입구,국가교통정보센터(국도),128.185347,34.932635,Y
E906333,(위임국도77)고성덕호교,국가교통정보센터(국도),128.116457,34.929063,Y
E906334,(위임국도77)고성도두목재,국가교통정보센터(국도),128.165718,34.915256,Y
E906335,(위임국도77)고성미동마을입구,국가교통정보센터(국도),128.26377,34.94657,Y
E906336,(위임국도77)고성산만마을위,국가교통정보센터(국도),128.217569,34.958428,Y
E906337,(위임국도77)고성산만소류지,국가교통정보센터(국도),128.217966,34.954728,Y
E906338,(위임국도77)고성삼봉사입구,국가교통정보센터(국도),128.254417,34.954116,Y
E906339,(위임국도77)고성삼봉저수지,국가교통정보센터(국도),128.228592,34.962373,Y
E906340,(위임국도77)고성솔토골버스정류장,국가교통정보센터(국도),128.243703,34.954738,Y
E906341,(위임국도77)고성오방마을입구,국가교통정보센터(국도),128.176449,34.928778,Y
E906342,(위임국도77)고성용호마을입구,국가교통정보센터(국도),128.268156,34.938892,Y
E906343,(위임국도77)고성월흥마을입구,국가교통정보센터(국도),128.148162,34.921762,Y
E906344,(위임국도77)고성월흥소류지,국가교통정보센터(국도),128.15558,34.91788,Y
E906345,(위임국도77)고성장지삼거리,국가교통정보센터(국도),128.289877,34.929283,Y
E906346,(위임국도77)고성참전송덕비,국가교통정보센터(국도),128.206485,34.94747,Y
E906347,(위임국도77)고성춘암마을입구,국가교통정보센터(국도),128.173664,34.918814,Y
E906348,(위임국도77)고성하이한우단지입구,국가교통정보센터(국도),128.133935,34.923928,Y
E906349,(위임국도77)남해노구마을회관,국가교통정보센터(국도),127.823163,34.865176,Y
E906350,(위임국도77)남해노구소류지,국가교통정보센터(국도),127.824819,34.870905,Y
E906351,(위임국도77)남해솔정교,국가교통정보센터(국도),127.821693,34.863394,Y
E906352,(위임국도77)남해유포마을남측,국가교통정보센터(국도),127.817328,34.858018,Y
E906353,(위임국도77)통영가는골고개입구,국가교통정보센터(국도),128.3246,34.90644,Y
E906354,(위임국도77)통영가오치버스정류장,국가교통정보센터(국도),128.318117,34.907654,Y
E906355,(위임국도77)통영대도호선착장,국가교통정보센터(국도),128.333903,34.908037,Y
E906356,(위임국도77)통영더카트인휴게소,국가교통정보센터(국도),128.353848,34.898248,Y
E906357,(위임국도77)통영도산초등학교,국가교통정보센터(국도),128.362392,34.902753,Y
E906358,(위임국도77)통영사랑도선착장입구,국가교통정보센터(국도),128.312697,34.907129,Y
E906359,(위임국도77)통영오륜동마을회관,국가교통정보센터(국도),128.340555,34.905037,Y
E906360,(위임국도79)창녕덕곡삼거리남측,국가교통정보센터(국도),128.561596,35.44313,Y
E906361,(위임국도79)창녕서리농공단지,국가교통정보센터(국도),128.518626,35.459375,Y
E906362,(위임국도79)창녕연지소류지,국가교통정보센터(국도),128.52693,35.45436,Y
E906363,(위임국도79)창녕영산IC사거리남측,국가교통정보센터(국도),128.531966,35.448221,Y
E906364,(위임국도79)창녕영산고분군인근,국가교통정보센터(국도),128.535663,35.446119,Y
E906365,(위임국도79)창녕영산배수지입구,국가교통정보센터(국도),128.546998,35.444555,Y
E906366,(위임국도79)창녕온정마을,국가교통정보센터(국도),128.609193,35.424722,Y
E906367,(위임국도79)창녕온천사거리남측,국가교통정보센터(국도),128.595366,35.435459,Y
E906368,(위임국도79)창녕온천사거리북측,국가교통정보센터(국도),128.589102,35.436769,Y
E906369,(위임국도79)창녕원앙삼거리,국가교통정보센터(국도),128.573553,35.442709,Y
E906370,(위임국도79)창녕임해진삼거리북측,국가교통정보센터(국도),128.60277,35.39992,Y
E906371,(위임국도79)창녕차실마을북측,국가교통정보센터(국도),128.609515,35.419151,Y
E906372,(위임국도79)창녕청암마을북측,국가교통정보센터(국도),128.609651,35.409896,Y
E906373,(위임국도79)창원감계천교,국가교통정보센터(국도),128.605087,35.306472,Y
E906374,(위임국도79)창원내곡천교,국가교통정보센터(국도),128.612403,35.33826,Y
E906375,(위임국도79)창원대평교차로,국가교통정보센터(국도),128.467779,35.127808,Y
E906376,(위임국도79)창원북창원IC부근,국가교통정보센터(국도),128.609579,35.290668,Y
E906377,(위임국도79)창원신천2교,국가교통정보센터(국도),128.606563,35.323846,Y
E906378,(위임국도79)함안가야초등학교,국가교통정보센터(국도),128.401451,35.277319,Y
E906379,(위임국도79)함안강명1교,국가교통정보센터(국도),128.450511,35.20204,Y
E906380,(위임국도79)함안검암교차로,국가교통정보센터(국도),128.41989,35.273632,Y
E906381,(위임국도79)함안광복교차로,국가교통정보센터(국도),128.418748,35.28128,Y
E906382,(위임국도79)함안괴산교차로,국가교통정보센터(국도),128.42378,35.257266,Y
E906383,(위임국도79)함안내곡교차로,국가교통정보센터(국도),128.450705,35.201566,Y
E906384,(위임국도79)함안봉성교,국가교통정보센터(국도),128.425455,35.229044,Y
E906385,(위임국도79)함안사도사거리,국가교통정보센터(국도),128.312436,35.284816,Y
E906386,(위임국도79)함안월촌교,국가교통정보센터(국도),128.301782,35.289098,Y
E906387,(위임국도79)함안정암삼거리,국가교통정보센터(국도),128.295801,35.301115,Y
E906388,(위임국도79)함안정자사거리서측,국가교통정보센터(국도),128.418748,35.28128,Y
E906389,(위임국도87)철원금학삼거리,국가교통정보센터(국도),127.22744,38.192778,Y
E906390,(위임국도87)철원노동당사삼거리,국가교통정보센터(국도),127.201307,38.255701,Y
E906391,(위임국도87)철원대마사거리,국가교통정보센터(국도),127.173092,38.264873,Y
E906392,(위임국도87)철원사요리,국가교통정보센터(국도),127.185288,38.259358,Y
E906393,(위임국도87)철원용정초등학교,국가교통정보센터(국도),127.2425,38.160277,Y
E906394,(위임국도87)철원월하삼거리,국가교통정보센터(국도),127.212676,38.248403,Y
E906395,(위임국도87)철원이평2리마을회관,국가교통정보센터(국도),127.222184,38.201422,Y
E906396,(위임국도87)철원철원성당교차로,국가교통정보센터(국도),127.21656,38.2108,Y
E906397,(위임국도87)철원화지교차로,국가교통정보센터(국도),127.210693,38.225016,Y
E906398,(위임국도87)철원화지삼거리북측,국가교통정보센터(국도),127.21299,38.234246,Y
E906399,(위임국도88)영양계리1,국가교통정보센터(국도),129.17896,36.76343,Y
E906400,(위임국도88)영양계리2,국가교통정보센터(국도),129.18928,36.765659,Y
E906401,(위임국도88)영양금강소나무생태림동측,국가교통정보센터(국도),129.258794,36.764177,Y
E906402,(위임국도88)영양금강소나무생태림서측,국가교통정보센터(국도),129.2525,36.76278,Y
E906403,(위임국도88)영양문암버스정거장,국가교통정보센터(국도),129.16864,36.75341,Y
E906404,(위임국도88)영양본신리종점,국가교통정보센터(국도),129.283009,36.764644,Y
E906405,(위임국도88)영양수비산촌정보화마을,국가교통정보센터(국도),129.21805,36.75574,Y
E906407,(위임국도88)영양옥녀당,국가교통정보센터(국도),129.292999,36.760973,Y
E906406,(위임국도88)영양옥녀당800M지점,국가교통정보센터(국도),129.286944,36.761944,Y
E906408,(위임국도88)영양유정사근처,국가교통정보센터(국도),129.269444,36.765556,Y
E906409,(위임국도88)영양한티재주유소,국가교통정보센터(국도),129.192289,36.764292,Y
E906410,(위임국도88)영양황장교,국가교통정보센터(국도),129.247982,36.761242,Y
E906411,(위임국도88)울진구주령휴게소동측,국가교통정보센터(국도),129.321266,36.756523,Y
E906412,(위임국도88)울진구주령휴게소서측,국가교통정보센터(국도),129.299016,36.760168,Y
E906413,(위임국도88)울진선구리1,국가교통정보센터(국도),129.32417,36.754444,Y
E906414,(위임국도88)울진선구리3,국가교통정보센터(국도),129.313123,36.755646,Y
E906415,(위임국도88)울진선구리4,국가교통정보센터(국도),129.317967,36.756186,Y
E906416,(위임국도88)울진선구리5,국가교통정보센터(국도),129.32149,36.755696,Y
E906417,(위임국도88)울진선구리6,국가교통정보센터(국도),129.321129,36.75328,Y
E906418,(위임국도88)울진선구리7,국가교통정보센터(국도),129.326017,36.75143815,Y
E906419,(위임국도88)울진외선미리3,국가교통정보센터(국도),129.325057,36.757214,Y
E906420,(위임국도88)울진외선미리4,국가교통정보센터(국도),129.324835,36.758622,Y
E906421,(위임국도88)울진외선미리5,국가교통정보센터(국도),129.321605,36.760228,Y
E906423,(위임국도88)울진외선미저수지,국가교통정보센터(국도),129.32711,36.759205,Y
E906422,(위임국도88)울진외선미저수지동측,국가교통정보센터(국도),129.33106,36.75654,Y
E906424,(위임국도88)울진진골농장,국가교통정보센터(국도),129.335326,36.754509,Y
E620020,공주시(국재교),금강홍수통제소,127.0433816,36.48206378,Y
E620008,공주시(금강교),금강홍수통제소,127.1263742,36.46910913,Y
E620019,공주시(오인교),금강홍수통제소,127.1266478,36.52755795,Y
E620031,금산군(문암교),금강홍수통제소,127.3775844,36.22502703,Y
E620030,금산군(제원교),금강홍수통제소,127.5665445,36.11072198,Y
E620044,금산군(제원대교),금강홍수통제소,127.5675922,36.11123071,Y
E620042,논산시(논산대교),금강홍수통제소,127.0802958,36.21023035,Y
E620024,논산시(동성교),금강홍수통제소,127.0067113,36.21061758,Y
E620046,논산시(아호교),금강홍수통제소,127.1118465,36.21151177,Y
E620009,논산시(인천교),금강홍수통제소,127.2363637,36.13707132,Y
E620041,논산시(풋개다리),금강홍수통제소,127.1305768,36.23338293,Y
E620043,논산시(황산대교),금강홍수통제소,127.0029616,36.15555404,Y
E620010,당진시(채운교),금강홍수통제소,126.6145457,36.90531941,Y
E620037,대전시(가수원교),금강홍수통제소,127.3590153,36.30646149,Y
E620047,대전시(대덕대교),금강홍수통제소,127.3796786,36.37268821,Y
E620048,대전시(동화울교),금강홍수통제소,127.3900899,36.41795187,Y
E620011,대전시(만년교),금강홍수통제소,127.3506642,36.35108564,Y
E620049,대전시(매노교),금강홍수통제소,127.3397771,36.2541813,Y
E620032,대전시(복수교),금강홍수통제소,127.3830624,36.29911432,Y
E620050,대전시(봉산동),금강홍수통제소,127.3873028,36.44580687,Y
E620051,대전시(신구교),금강홍수통제소,127.3931021,36.43709621,Y
E620012,대전시(원촌교),금강홍수통제소,127.4099738,36.3782925,Y
E620007,대전시(인창교),금강홍수통제소,127.4345769,36.32352685,Y
E620033,대전시(철갑교),금강홍수통제소,127.438205,36.33503514,Y
E620039,대전시(한밭대교),금강홍수통제소,127.4032119,36.35721908,Y
E620026,무주군(취수장),금강홍수통제소,127.4026,36.0032,Y
E620004,보령시(노천교),금강홍수통제소,126.5939309,36.23144938,Y
E620003,보령시(동대교),금강홍수통제소,126.5988566,36.34709685,Y
E620005,보은군(이평교),금강홍수통제소,127.722264,36.48969924,Y
E620052,보은군(탄부교),금강홍수통제소,127.8118175,36.43723606,Y
E620022,부여군(백제교),금강홍수통제소,126.8948953,36.27597146,Y
E620023,부여군(석동교),금강홍수통제소,126.8853536,36.24787248,Y
E620053,부여군(입포리),금강홍수통제소,126.8831931,36.13507791,Y
E620021,부여군(지천교),금강홍수통제소,126.8609306,36.32416835,Y
E620054,서산시(조산교),금강홍수통제소,126.5429945,36.71077882,Y
E620055,서천군(구암교),금강홍수통제소,126.682006,36.08570705,Y
E620018,세종시(도암교),금강홍수통제소,127.2846151,36.44663205,Y
E620072,세종시(상조천교),금강홍수통제소,127.2877018,36.63608666,Y
E620056,세종시(월산교),금강홍수통제소,127.3193686,36.52548768,Y
E620057,세종시(월암교),금강홍수통제소,127.2899061,36.56966509,Y
E620038,세종시(햇무리교),금강홍수통제소,127.2997845,36.49872696,Y
E620034,아산시(강청교),금강홍수통제소,126.9347767,36.82219741,Y
E620058,아산시(온천교),금강홍수통제소,127.0320783,36.77458377,Y
E620001,아산시(충무교),금강홍수통제소,127.0084484,36.7974243,Y
E620035,아산시(한내다리),금강홍수통제소,127.0541086,36.79011327,Y
E620028,영동군(양강교),금강홍수통제소,127.7076928,36.21195887,Y
E620059,영동군(영동제2교),금강홍수통제소,127.7731996,36.17777397,Y
E620027,영동군(초강교),금강홍수통제소,127.7114282,36.21429781,Y
E620002,예산군(구만교),금강홍수통제소,126.7544287,36.73626019,Y
E620036,예산군(서계양교),금강홍수통제소,126.8602129,36.60655587,Y
E620045,예산군(예산대교),금강홍수통제소,126.8209693,36.68413616,Y
E620060,예산군(은사교),금강홍수통제소,126.7786428,36.56081751,Y
E620061,옥천군((구)금강2교),금강홍수통제소,127.6471629,36.28960573,Y
E620029,옥천군(산계교),금강홍수통제소,127.758393,36.31803142,Y
E620006,옥천군(옥각교),금강홍수통제소,127.5549944,36.31786017,Y
E620025,장수군(운곡교),금강홍수통제소,127.5305755,35.72149941,Y
E620062,장수군(장계시장교),금강홍수통제소,127.5832685,35.7303594,Y
E620014,증평군(반탄교),금강홍수통제소,127.5722375,36.78441482,Y
E620063,진천군(가산교),금강홍수통제소,127.47752856076927,36.87632133392675,Y
E620064,진천군(금곡교),금강홍수통제소,127.5320182,36.84678186,Y
E620013,진천군(신정교),금강홍수통제소,127.4621353,36.8550713,Y
E620065,진천군(지곡교),금강홍수통제소,127.3763121,36.88440281,Y
E620066,진천군(화산교),금강홍수통제소,127.4940158,36.8145784,Y
E620067,천안시(눈들교),금강홍수통제소,127.1406275,36.78974058,Y
E620068,천안시(연춘교),금강홍수통제소,127.2538651,36.76995359,Y
E620040,청주시(미호강교),금강홍수통제소,127.3499466,36.62298431,Y
E620069,청주시(용평교),금강홍수통제소,127.4971245,36.61198101,Y
E620070,청주시(운암1교),금강홍수통제소,127.5057739,36.61763975,Y
E620071,청주시(율량1교),금강홍수통제소,127.5009207,36.66314464,Y
E620015,청주시(팔결교),금강홍수통제소,127.4753181,36.71478917,Y
E620017,청주시(환희교),금강홍수통제소,127.3619109,36.6736642,Y
E620016,청주시(흥덕교),금강홍수통제소,127.4817313,36.6465665,Y
L150001,감정1교앞,김포교통정보센터,126.686041,37.626224,Y
L150002,걸포사거리,김포교통정보센터,126.71092987,37.63042831,Y
L150003,고막삼거리,김포교통정보센터,126.557634,37.719015,Y
L150004,고정교차로,김포교통정보센터,126.602533,37.710907,Y
L150005,고창마을사거리,김포교통정보센터,126.664405,37.639124,Y
L150006,구두물삼거리,김포교통정보센터,126.69657135,37.62524033,Y
L150007,구래역사거리,김포교통정보센터,126.62911,37.643799,Y
L150008,귀전리사거리,김포교통정보센터,126.613816,37.712275,Y
L150009,금빛수로1교사거리,김포교통정보센터,126.679093,37.638267,Y
L150010,김포골드밸리입구사거리,김포교통정보센터,126.63309918,37.61986283,Y
L150011,김포골드밸리입구사거리인천방향,김포교통정보센터,126.63321513,37.61975429,Y
L150012,김포레코파크앞,김포교통정보센터,126.707712,37.646105,Y
L150013,대곶신사거리,김포교통정보센터,126.58282586,37.64808156,Y
L150014,대곶신사거리강화방향,김포교통정보센터,126.58264009,37.64810036,Y
L150015,대명교차로,김포교통정보센터,126.561666,37.645423,Y
L150016,대명초교사거리,김포교통정보센터,126.5524826,37.64552307,Y
L150017,대명항교차로(초지대교앞),김포교통정보센터,126.547663,37.636895,Y
L150018,대성 C&C앞 사거리,김포교통정보센터,126.61552093,37.61653194,Y
L150019,대정산업앞삼거리,김포교통정보센터,126.60405189,37.63622308,Y
L150020,동일하이빌인근다리앞,김포교통정보센터,126.77658081,37.6023407,Y
L150021,마산역사거리,김포교통정보센터,126.64298,37.640343,Y
L150022,발산교차로,김포교통정보센터,126.665674,37.660548,Y
L150023,변전소사거리,김포교통정보센터,126.627271,37.637094,Y
L150024,봉성리삼거리(봉성제1펌프장앞),김포교통정보센터,126.66021554,37.69217465,Y
L150025,봉성리삼거리(봉성제1펌프장앞)서울방향,김포교통정보센터,126.65980419,37.69182594,Y
L150026,북변IC(북변교),김포교통정보센터,126.7160715,37.63720529,Y
L150027,북변IC(북변교)강화방향,김포교통정보센터,126.71579147,37.63731175,Y
L150028,북변IC(북변교)한강로방향,김포교통정보센터,126.71616585,37.63737854,Y
L150029,북변사거리,김포교통정보센터,126.7028656,37.63119125,Y
L150030,사우아이파크정문앞,김포교통정보센터,126.72776433,37.620022,Y
L150031,새장터공원사거리,김포교통정보센터,126.73096961,37.60666449,Y
L150032,서촌교인근,김포교통정보센터,126.703246,37.638981,Y
L150033,석모리사거리,김포교통정보센터,126.64969236,37.65159926,Y
L150034,스마토피아사거리,김포교통정보센터,126.657021,37.642812,Y
L150035,시네폴리스IC,김포교통정보센터,126.73384143,37.63455949,Y
L150036,시네폴리스IC서울방향,김포교통정보센터,126.73461118,37.63398423,Y
L150037,신곡IC교차로 인근,김포교통정보센터,126.78481311,37.60449626,Y
L150038,신곡IC교차로 인근서울방향,김포교통정보센터,126.7850474,37.60431317,Y
L150039,신사우사거리,김포교통정보센터,126.7255969,37.61715109,Y
L150040,양곡우회도로사거리,김포교통정보센터,126.61907959,37.65550232,Y
L150041,양능교차로,김포교통정보센터,126.63653,37.66548,Y
L150042,오니산교차로,김포교통정보센터,126.621692,37.660963,Y
L150043,오라니마을사거리,김포교통정보센터,126.62737,37.651304,Y
L150044,용산동입구삼거리,김포교통정보센터,126.60548422,37.65586464,Y
L150045,용산동입구삼거리서울방향,김포교통정보센터,126.60572834,37.65587105,Y
L150046,운곡사거리,김포교통정보센터,126.659829,37.64892,Y
L150047,운양역사거리,김포교통정보센터,126.684001,37.653931,Y
L150048,유현사거리,김포교통정보센터,126.72188698,37.59611651,Y
L150049,유현사거리검단방향,김포교통정보센터,126.72168321,37.59593111,Y
L150050,유현사거리인천방향,김포교통정보센터,126.7220813,37.59587693,Y
L150051,인천송포간 나진육교,김포교통정보센터,126.69274902,37.63677216,Y
L150052,장기IC사거리인근,김포교통정보센터,126.6821,37.643485,Y
L150053,장기역사거리,김포교통정보센터,126.669168,37.643772,Y
L150054,풍곡육교 옆,김포교통정보센터,126.76985168,37.6137886,Y
L150055,풍곡통로 인근,김포교통정보센터,126.764753,37.616365,Y
L150056,풍무2교건너편,김포교통정보센터,126.7332422,37.59846001,Y
L150057,풍무2교건너편서울방향,김포교통정보센터,126.73362731,37.59847647,Y
L150058,풍무사거리,김포교통정보센터,126.72265625,37.60641098,Y
L150059,풍무역2번출구앞,김포교통정보센터,126.73178957,37.61275946,Y
L150060,학현천1교앞 사거리,김포교통정보센터,126.6089862,37.61366184,Y
L150061,학현천1교앞 사거리강화방향,김포교통정보센터,126.60855833,37.61372432,Y
L150062,한가람삼거리,김포교통정보센터,126.619748,37.645115,Y
L150063,한강로입구사거리,김포교통정보센터,126.675636,37.649539,Y
L150064,한국통신삼거리,김포교통정보센터,126.71496582,37.6222229,Y
L150065,허산입구삼거리,김포교통정보센터,126.673944,37.633985,Y
L150066,호수마을사거리,김포교통정보센터,126.631168,37.64713,Y
L260008,경원교,김해교통정보센터,128.8715148,35.239014,Y
L260047,구산6거리,김해교통정보센터,128.8734021,35.248942,Y
L260014,김해교,김해교통정보센터,128.928146,35.2215438,Y
L260034,김해외고사거리,김해교통정보센터,128.80614,35.171993,Y
L260043,나밭고개사거리,김해교통정보센터,128.86889,35.291887,Y
L260027,늘열린약국,김해교통정보센터,128.904895,35.235773,Y
L260061,능동삼거리,김해교통정보센터,128.7934499,35.1950939,Y
L260019,대법륜사1,김해교통정보센터,128.849237,35.225335,Y
L260020,대법륜사2,김해교통정보센터,128.849224,35.225173,Y
L260029,대우유토피아후문,김해교통정보센터,128.9041286,35.2423141,Y
L260060,대청1교,김해교통정보센터,128.796634,35.1884509,Y
L260059,덕정공원사거리,김해교통정보센터,128.799668,35.179718,Y
L260012,동김해IC,김해교통정보센터,128.9058521,35.2281928,Y
L260058,롯데아울렛남측교차로,김해교통정보센터,128.8378106,35.1801677,Y
L260052,롯데캐슬1단지사거리,김해교통정보센터,128.884861,35.240765,Y
L260004,명동삼거리,김해교통정보센터,128.808793,35.293664,Y
L260001,본산입구삼거리,김해교통정보센터,128.746702,35.307474,Y
L260009,봉황교사거리,김해교통정보센터,128.8719841,35.2316424,Y
L260025,봉황교사거리,김해교통정보센터,128.8719841,35.2316424,Y
L260055,부영7차삼거리,김해교통정보센터,128.8038127,35.2088093,Y
L260003,빙그레삼거리,김해교통정보센터,128.779333,35.294389,Y
L260032,산본1교차로,김해교통정보센터,128.767745,35.228313,Y
L260006,삼계사거리1,김해교통정보센터,128.860472,35.270272,Y
L260005,삼계사거리2,김해교통정보센터,128.86034,35.269654,Y
L260050,삼계위너스타운,김해교통정보센터,128.8718286,35.2605772,Y
L260018,서김해IC,김해교통정보센터,128.8462528,35.2142775,Y
L260021,서김해IC2,김해교통정보센터,128.84605,35.214237,Y
L260040,선천교차로,김해교통정보센터,128.839566,35.236412,Y
L260030,설창오거리,김해교통정보센터,128.763591,35.296058,Y
L260002,설창오거리,김해교통정보센터,128.763591,35.296058,Y
L260051,신명초등학교,김해교통정보센터,128.865163,35.270086,Y
L260033,신한SK충전소,김해교통정보센터,128.785918,35.177929,Y
L260007,연지2교,김해교통정보센터,128.8681796,35.2488343,Y
L260016,외동사거리,김해교통정보센터,128.8522719,35.2323963,Y
L260017,외동사거리2,김해교통정보센터,128.851815,35.232355,Y
L260035,율하IC사거리,김해교통정보센터,128.8210804,35.1666285,Y
L260039,율하IC사거리1,김해교통정보센터,128.82119,35.166453,Y
L260056,장유1동,김해교통정보센터,128.8124859,35.2006144,Y
L260057,장유신문마을,김해교통정보센터,128.8221207,35.1871384,Y
L260010,전하교,김해교통정보센터,128.8744693,35.2255553,Y
L260038,제니스교차로,김해교통정보센터,128.837743,35.234617,Y
L260037,주촌교차로1,김해교통정보센터,128.834487,35.237096,Y
L260036,주촌교차로2,김해교통정보센터,128.833669,35.237223,Y
L260013,지내공단사거리,김해교통정보센터,128.920974,35.229468,Y
L260031,진례IC,김해교통정보센터,128.758009,35.270652,Y
L260022,해안셀프주유소,김해교통정보센터,128.8387804,35.204474,Y
L260011,호계로사거리,김해교통정보센터,128.8852632,35.2267486,Y
L260026,활천삼거리,김해교통정보센터,128.8897005,35.2346951,Y
E610026,거창군(남하교)(저해상도),낙동강홍수통제소,127.940277777777,35.6716666666666,Y
E610032,경산시(압량교)(저해상도),낙동강홍수통제소,128.766388888888,35.8522222222222,Y
E610109,경산시(환상리)(저해상도),낙동강홍수통제소,128.779166666666,35.8780555555555,Y
E610067,경주시(강동대교)(저해상도),낙동강홍수통제소,129.263611111111,35.9811111111111,Y
E610107,경주시(교촌교)(저해상도),낙동강홍수통제소,129.214444444444,35.8288888888888,Y
E610036,경주시(달성교)(저해상도),낙동강홍수통제소,129.238333333333,36.0519444444444,Y
E610105,경주시(망성교)(저해상도),낙동강홍수통제소,129.200555555555,35.7880555555555,Y
E610060,경주시(서천교)(저해상도),낙동강홍수통제소,129.201388888888,35.8380555555555,Y
E610104,경주시(월산교)(저해상도),낙동강홍수통제소,129.202222222222,35.7352777777777,Y
E610022,고령군(고령교)(저해상도),낙동강홍수통제소,128.386944444444,35.7527777777777,Y
E610041,고령군(귀원교)(저해상도),낙동강홍수통제소,128.239166666666,35.6758333333333,Y
E610057,고령군(도진교)(저해상도),낙동강홍수통제소,128.337777777777,35.6791666666666,Y
E610075,고령군(사촌리)(저해상도),낙동강홍수통제소,128.321666666666,35.7005555555555,Y
E610029,고령군(회천교)(저해상도),낙동강홍수통제소,128.277777777777,35.7291666666666,Y
E610108,고성군(두문교)(저해상도),낙동강홍수통제소,128.190833333333,35.0986111111111,Y
E610004,구미시(구미대교)(저해상도),낙동강홍수통제소,128.396666666666,36.1108333333333,Y
E610058,구미시(선주교)(저해상도),낙동강홍수통제소,128.308888888888,36.2280555555555,Y
E610051,구미시(양포교)(저해상도),낙동강홍수통제소,128.428888888888,36.1361111111111,Y
E610083,구미시(일선교)(저해상도),낙동강홍수통제소,128.342777777777,36.2730555555555,Y
E610073,군위군(무성리)(저해상도),낙동강홍수통제소,128.564166666666,36.1938888888888,Y
E610076,군위군(미성교)(저해상도),낙동강홍수통제소,128.672222222222,36.1816666666666,Y
E610077,군위군(병수리)(저해상도),낙동강홍수통제소,128.585555555555,36.1769444444444,Y
E610005,김천시(김천교)(저해상도),낙동강홍수통제소,128.130555555555,36.1191666666666,Y
E610099,김천시(지품교)(저해상도),낙동강홍수통제소,128.041111111111,36.0255555555555,Y
E610078,김해시(오서교)(저해상도),낙동강홍수통제소,128.815,35.3361111111111,Y
E610079,김해시(월촌리)(저해상도),낙동강홍수통제소,128.994166666666,35.2894444444444,Y
E610027,김해시(정천교)(저해상도),낙동강홍수통제소,128.833611111111,35.2055555555555,Y
E610061,대구시(강창교)(저해상도),낙동강홍수통제소,128.471666666666,35.8533333333333,Y
E610111,대구시(동화교)(저해상도),낙동강홍수통제소,128.600277777777,35.9163888888888,Y
E610069,대구시(사문진교)(저해상도),낙동강홍수통제소,128.474166666666,35.8122222222222,Y
E610080,대구시(성동교)(저해상도),낙동강홍수통제소,128.723333333333,35.8519444444444,Y
E610054,대구시(성북교)(저해상도),낙동강홍수통제소,128.593055555555,35.8930555555555,Y
E610008,대구시(성하리)(저해상도),낙동강홍수통제소,128.434166666666,35.7027777777777,Y
E610019,대구시(신암동)(저해상도),낙동강홍수통제소,128.634444444444,35.8916666666666,Y
E610081,대구시(안심교)(저해상도),낙동강홍수통제소,128.715277777777,35.8616666666666,Y
E610003,문경시(김용리)(저해상도),낙동강홍수통제소,128.216666666666,36.5891666666666,Y
E610093,문경시(비아교)(저해상도),낙동강홍수통제소,128.262222222222,36.6641666666666,Y
E610033,밀양시(금곡리)(저해상도),낙동강홍수통제소,128.839166666666,35.5088888888888,Y
E610007,밀양시(삼랑진교)(저해상도),낙동강홍수통제소,128.821666666666,35.3827777777777,Y
E610100,밀양시(상동교)(저해상도),낙동강홍수통제소,128.764722222222,35.5636111111111,Y
E610059,밀양시(용평동)(저해상도),낙동강홍수통제소,128.779166666666,35.4941666666666,Y
E610046,봉화군(봉화대교)(저해상도),낙동강홍수통제소,128.731944444444,36.8875,Y
E610047,봉화군(분천교)(저해상도),낙동강홍수통제소,129.056666666666,36.9302777777777,Y
E610056,부산시(구포대교)(저해상도),낙동강홍수통제소,128.993333333333,35.2036111111111,Y
E610094,부산시(대동낙동강교)(저해상도),낙동강홍수통제소,128.976111111111,35.225,Y
E610101,부산시(동서교)(저해상도),낙동강홍수통제소,128.931388888888,35.1969444444444,Y
E610103,부산시(세병교)(저해상도),낙동강홍수통제소,129.082777777777,35.1966666666666,Y
E610035,부산시(원동교)(저해상도),낙동강홍수통제소,129.114166666666,35.1938888888888,Y
E610020,산청군(경호교)(저해상도),낙동강홍수통제소,127.874444444444,35.4180555555555,Y
E610102,산청군(고읍교)(저해상도),낙동강홍수통제소,127.829722222222,35.4902777777777,Y
E610053,상주시(이안교)(저해상도),낙동강홍수통제소,128.158888888888,36.5438888888888,Y
E610097,상주시(중소1교)(저해상도),낙동강홍수통제소,128.11035,36.5173916666666,Y
E610098,상주시(퇴동교)(저해상도),낙동강홍수통제소,128.102222222222,36.4055555555555,Y
E610037,상주시(화계교)(저해상도),낙동강홍수통제소,128.183055555555,36.4186111111111,Y
E610040,상주시(후천교)(저해상도),낙동강홍수통제소,128.158611111111,36.4280555555555,Y
E610084,성주군(도성교)(저해상도),낙동강홍수통제소,128.365833333333,35.8794444444444,Y
E610082,안동시(대사3교)(저해상도),낙동강홍수통제소,128.959166666666,36.3661111111111,Y
E610043,안동시(묵계교)(저해상도),낙동강홍수통제소,128.910833333333,36.4316666666666,Y
E610048,안동시(운산리)(저해상도),낙동강홍수통제소,128.66,36.4794444444444,Y
E610028,양산시(양산교)(저해상도),낙동강홍수통제소,129.036111111111,35.3575,Y
E610096,양산시(호포대교)(저해상도),낙동강홍수통제소,129.013055555555,35.2888888888888,Y
E610018,양산시(효충교)(저해상도),낙동강홍수통제소,129.046944444444,35.3805555555555,Y
E610016,영덕군(영덕대교)(저해상도),낙동강홍수통제소,129.373333333333,36.4025,Y
E610044,영양군(청암교)(저해상도),낙동강홍수통제소,129.085555555555,36.5972222222222,Y
E610072,영주시(월호교)(저해상도),낙동강홍수통제소,128.621111111111,36.7630555555555,Y
E610021,영천시(금창교)(저해상도),낙동강홍수통제소,128.875555555555,35.9305555555555,Y
E610049,영천시(단포교)(저해상도),낙동강홍수통제소,128.968333333333,35.9786111111111,Y
E610050,영천시(영동교)(저해상도),낙동강홍수통제소,128.938333333333,35.9688888888888,Y
E610087,영천시(화룡교)(저해상도),낙동강홍수통제소,128.911666666666,35.9758333333333,Y
E610013,예천군(구담교)(저해상도),낙동강홍수통제소,128.463055555555,36.5394444444444,Y
E610012,예천군(산양교)(저해상도),낙동강홍수통제소,128.260833333333,36.6113888888888,Y
E610001,예천군(상풍교)(저해상도),낙동강홍수통제소,128.268611111111,36.4986111111111,Y
E610055,예천군(신예천교)(저해상도),낙동강홍수통제소,128.448611111111,36.6502777777777,Y
E610071,예천군(회룡교)(저해상도),낙동강홍수통제소,128.319444444444,36.5861111111111,Y
E610090,울산시(구영교)(저해상도),낙동강홍수통제소,129.246666666666,35.5619444444444,Y
E610030,울산시(덕신교)(저해상도),낙동강홍수통제소,129.304166666666,35.4341666666666,Y
E610066,울산시(병영교)(저해상도),낙동강홍수통제소,129.351944444444,35.5766666666666,Y
E610068,울산시(사연교)(저해상도),낙동강홍수통제소,129.204444444444,35.5722222222222,Y
E610064,울산시(삼호교)(저해상도),낙동강홍수통제소,129.275277777777,35.5538888888888,Y
E610112,울산시(신답교)(저해상도),낙동강홍수통제소,129.346666666666,35.6297222222222,Y
E610065,울산시(태화교)(저해상도),낙동강홍수통제소,129.309166666666,35.5525,Y
E610091,울산시(통천교)(저해상도),낙동강홍수통제소,129.239166666666,35.47,Y
E610014,울진군(수산교)(저해상도),낙동강홍수통제소,129.398055555555,36.9658333333333,Y
E610015,울진군(월변교)(저해상도),낙동강홍수통제소,129.402222222222,36.9897222222222,Y
E610052,의령군(공단교)(저해상도),낙동강홍수통제소,128.268611111111,35.3172222222222,Y
E610085,의령군(세간교)(저해상도),낙동강홍수통제소,128.35,35.4433333333333,Y
E610010,의령군(정암교)(저해상도),낙동강홍수통제소,128.295277777777,35.3133333333333,Y
E610106,의성군(고산교)(저해상도),낙동강홍수통제소,128.628888888888,36.2775,Y
E610002,의성군(낙단교)(저해상도),낙동강홍수통제소,128.301111111111,36.3575,Y
E610039,의성군(덕은교)(저해상도),낙동강홍수통제소,128.608888888888,36.29,Y
E610110,의성군(봉황교)(저해상도),낙동강홍수통제소,128.562222222222,36.3125,Y
E610070,의성군(비안교)(저해상도),낙동강홍수통제소,128.488333333333,36.3352777777777,Y
E610023,의성군(장송교)(저해상도),낙동강홍수통제소,128.520555555555,36.3280555555555,Y
E610045,진주시(옥산교)(저해상도),낙동강홍수통제소,128.156388888888,35.1633333333333,Y
E610017,창원시(수산대교)(저해상도),낙동강홍수통제소,128.714166666666,35.3655555555555,Y
E610086,창원시(창원천제1호교)(저해상도),낙동강홍수통제소,128.664722222222,35.2460277777777,Y
E610031,청도군(원리)(저해상도),낙동강홍수통제소,128.762777777777,35.6197222222222,Y
E610089,청도군(유천교)(저해상도),낙동강홍수통제소,128.772708333333,35.5691222222222,Y
E610006,칠곡군(호국의다리)(저해상도),낙동강홍수통제소,128.394166666666,36.0002777777777,Y
E610038,태백시(문화교)(저해상도),낙동강홍수통제소,129.017222222222,37.0958333333333,Y
E610095,포항시(곡강교)(저해상도),낙동강홍수통제소,129.345833333333,36.1216666666666,Y
E610088,포항시(문덕2교)(저해상도),낙동강홍수통제소,129.392641666666,35.9410361111111,Y
E610074,포항시(문덕3교)(저해상도),낙동강홍수통제소,129.406388888888,35.9516666666666,Y
E610062,포항시(형산교)(저해상도),낙동강홍수통제소,129.371944444444,36.0116666666666,Y
E610009,함안군(계내리)(저해상도),낙동강홍수통제소,128.483611111111,35.3833333333333,Y
E610092,함안군(대사교)(저해상도),낙동강홍수통제소,128.425833333333,35.255,Y
E610034,함안군(서촌리)(저해상도),낙동강홍수통제소,128.400555555555,35.3316666666666,Y
E610042,함양군(안의교)(저해상도),낙동강홍수통제소,127.813333333333,35.6291666666666,Y
E610025,함양군(화촌리)(저해상도),낙동강홍수통제소,128.324011111111,35.7798027777777,Y
E610011,합천군(적포교)(저해상도),낙동강홍수통제소,128.359166666666,35.5275,Y
E610063,합천군(황강교)(저해상도),낙동강홍수통제소,128.292777777777,35.5719444444444,Y
L180001,KCC스위첸APT후문1(웹),남양주교통정보센터,127.114649,37.654943,Y
L180002,KCC스위첸APT후문2(웹),남양주교통정보센터,127.1149331,37.6545423,Y
L180003,e편한세상1차사거리,남양주교통정보센터,127.154882,37.620622,Y
L180004,e편한세상1차사거리(웹),남양주교통정보센터,127.154882,37.620622,Y
L180005,가운고등학교(웹),남양주교통정보센터,127.162084,37.598808,Y
L180006,가운공원(웹),남양주교통정보센터,127.184,37.60138,Y
L180007,가운사거리,남양주교통정보센터,127.1730821,37.5948356,Y
L180008,가운사거리(웹),남양주교통정보센터,127.1730821,37.5948356,Y
L180009,가운지구입구3(웹),남양주교통정보센터,127.1583043,37.6062629,Y
L180010,강북정수장(웹),남양주교통정보센터,127.185136,37.594393,Y
L180011,검문소사거리1(웹),남양주교통정보센터,127.129699,37.64227,Y
L180012,검문소사거리2(웹),남양주교통정보센터,127.129926,37.642401,Y
L180013,검문소사거리3(웹),남양주교통정보센터,127.1299511,37.6421118,Y
L180014,경복대학교정문(웹),남양주교통정보센터,127.2123127,37.7339048,Y
L180015,경성큰마을2차앞(웹),남양주교통정보센터,127.2711094,37.65338862,Y
L180016,광전IC,남양주교통정보센터,127.131222,37.691054,Y
L180017,궁의교,남양주교통정보센터,127.1871466,37.7081508,Y
L180018,궁촌삼거리(웹),남양주교통정보센터,127.227887,37.576455,Y
L180019,극동아파트입구,남양주교통정보센터,127.1968726,37.7039675,Y
L180020,금곡4,남양주교통정보센터,127.2076881,37.6331886,Y
L180021,금곡명지아파트(웹),남양주교통정보센터,127.2002315,37.6254575,Y
L180022,금곡역삼거리,남양주교통정보센터,127.2024,37.6327,Y
L180023,금남2리,남양주교통정보센터,127.342121,37.611994,Y
L180024,금남교차로,남양주교통정보센터,127.3672498,37.6503336,Y
L180025,나눔병원앞삼거리,남양주교통정보센터,127.202673,37.6981,Y
L180026,남양주사업단,남양주교통정보센터,127.1317822,37.6637046,Y
L180027,남양주사업단(웹),남양주교통정보센터,127.1317822,37.6637046,Y
L180028,남양주체육관앞,남양주교통정보센터,127.17436303,37.60561511,Y
L180029,내각4,남양주교통정보센터,127.167762,37.704163,Y
L180030,내각4,남양주교통정보센터,127.167762,37.704163,Y
L180031,내각리입구교차로,남양주교통정보센터,127.1618655,37.6984125,Y
L180032,내곡교차로(웹),남양주교통정보센터,127.1629,37.692,Y
L180033,내곡리가압장,남양주교통정보센터,127.15496507,37.67760264,Y
L180034,내곡리입구(웹),남양주교통정보센터,127.1608475,37.6848663,Y
L180035,너구내입구3,남양주교통정보센터,127.3018448,37.6718665,Y
L180036,너구내입구3,남양주교통정보센터,127.3018448,37.6718665,Y
L180037,넉바위사거리근처,남양주교통정보센터,127.1337566,37.6742296,Y
L180038,넉바위사거리근처1(웹),남양주교통정보센터,127.1338285,37.6743891,Y
L180039,넉바위사거리근처2(웹),남양주교통정보센터,127.134086,37.6743807,Y
L180040,능골입구,남양주교통정보센터,127.1852,37.6928,Y
L180041,다산반도유보라사거리(웹),남양주교통정보센터,127.1555902,37.6285192,Y
L180042,다산성곽앞,남양주교통정보센터,127.260204,37.536705,Y
L180043,다산유승한내들골든뷰,남양주교통정보센터,127.1468113,37.6228779,Y
L180044,다산유승한내들샌트럴,남양주교통정보센터,127.1517965,37.6218516,Y
L180045,다산유적지입구교차로(웹),남양주교통정보센터,127.299115,37.526217,Y
L180046,다산자이아이비플레이스4,남양주교통정보센터,127.152959,37.6298626,Y
L180047,다산자이아이비플레이스4(웹),남양주교통정보센터,127.152959,37.6298626,Y
L180048,다산지금경기행복주택4,남양주교통정보센터,127.166248,37.6199791,Y
L180049,다산지금경기행복주택4(웹),남양주교통정보센터,127.166248,37.6199791,Y
L180050,다산한양수자인2차,남양주교통정보센터,127.1481001,37.6199163,Y
L180051,다산현대힐스테이트정문,남양주교통정보센터,127.1575408,37.6220622,Y
L180052,다산현대힐스테이트후문,남양주교통정보센터,127.1557561,37.6244952,Y
L180053,대원칸타빌APT,남양주교통정보센터,127.1227281,37.6619043,Y
L180054,대원칸타빌APT(웹),남양주교통정보센터,127.1227281,37.6619043,Y
L180055,덕소2교사거리(웹),남양주교통정보센터,127.2135,37.5821,Y
L180056,덕소삼거리(웹),남양주교통정보센터,127.21212,37.58663,Y
L180057,덕소삼패IC교차로,남양주교통정보센터,127.2143,37.5928,Y
L180058,도농동센트레빌아파트앞,남양주교통정보센터,127.1517,37.6082,Y
L180059,도농사거리,남양주교통정보센터,127.1548539,37.6049153,Y
L180060,도농삼거리,남양주교통정보센터,127.17206647,37.61274694,Y
L180061,도농삼거리(웹),남양주교통정보센터,127.1729202,37.6132196,Y
L180062,도농역,남양주교통정보센터,127.162,37.6081,Y
L180063,도심역앞,남양주교통정보센터,127.2212788,37.5798003,Y
L180064,독정리입구,남양주교통정보센터,127.2004554,37.6724972,Y
L180065,돌팍교차로,남양주교통정보센터,127.2258037,37.6380809,Y
L180066,동남마트앞,남양주교통정보센터,127.3032,37.6799,Y
L180067,동막골입구,남양주교통정보센터,127.2335881,37.5613957,Y
L180068,동신월IC,남양주교통정보센터,127.1713379,37.6761935,Y
L180069,동신월IC(웹),남양주교통정보센터,127.1713379,37.6761935,Y
L180070,동연평교차로,남양주교통정보센터,127.1752003,37.6947203,Y
L180071,라온아파트단지내사거리,남양주교통정보센터,127.2958879,37.6505722,Y
L180072,라온아파트대로변,남양주교통정보센터,127.2967484,37.6530433,Y
L180073,로데오사거리(웹),남양주교통정보센터,127.1227564,37.6481023,Y
L180074,록원교회(웹),남양주교통정보센터,127.1292395,37.6560774,Y
L180075,마석사거리(웹),남양주교통정보센터,127.3061647,37.6508175,Y
L180076,마석윗3,남양주교통정보센터,127.3159624,37.6521466,Y
L180077,마치교,남양주교통정보센터,127.290827,37.656203,Y
L180078,마치교(웹),남양주교통정보센터,127.290827,37.656203,Y
L180079,먹골사거리,남양주교통정보센터,127.1745566,37.6492646,Y
L180080,메디피아,남양주교통정보센터,127.2586387,37.6550503,Y
L180081,메디피아(웹),남양주교통정보센터,127.2586387,37.6550503,Y
L180082,모아미래도APT1(웹),남양주교통정보센터,127.1266491,37.6634563,Y
L180083,모아미래도APT2(웹),남양주교통정보센터,127.1265955,37.663261,Y
L180084,묵현교차로,남양주교통정보센터,127.2908278,37.6598799,Y
L180085,미금농협왕숙천(웹),남양주교통정보센터,127.1518929,37.609965,Y
L180086,미리내마을4-4단지(웹),남양주교통정보센터,127.116735,37.6438516,Y
L180087,미음나루입구앞,남양주교통정보센터,127.1664551,37.5843209,Y
L180088,배양1리마을회관(웹),남양주교통정보센터,127.1813861,37.6331195,Y
L180089,배양교차로,남양주교통정보센터,127.1652745,37.6357342,Y
L180090,뱅이고개,남양주교통정보센터,127.1453171,37.658829,Y
L180091,별가람중학교(웹),남양주교통정보센터,127.1225418,37.6581085,Y
L180092,별내119안전센터(웹),남양주교통정보센터,127.1300256,37.6454797,Y
L180093,별내노블래스APT(웹),남양주교통정보센터,127.1203853,37.64326,Y
L180094,별내농협(웹),남양주교통정보센터,127.1287171,37.6493718,Y
L180095,보훈요양원(웹),남양주교통정보센터,127.1185472,37.6689885,Y
L180096,봉안마을입구교차로,남양주교통정보센터,127.2872486,37.5321321,Y
L180097,봉현교차로(웹),남양주교통정보센터,127.179156,37.713834,Y
L180098,부영701동삼거리(웹),남양주교통정보센터,127.1564801,37.6116569,Y
L180099,부평교,남양주교통정보센터,127.195573,37.740309,Y
L180100,부평교(웹),남양주교통정보센터,127.195573,37.740309,Y
L180101,북부간선로왕숙천교(웹),남양주교통정보센터,127.1479061,37.6176512,Y
L180102,비석사거리,남양주교통정보센터,127.154434,37.6590168,Y
L180103,비석사거리(웹),남양주교통정보센터,127.154434,37.6590168,Y
L180104,사능4,남양주교통정보센터,127.1869783,37.651004,Y
L180105,삭다니골입구,남양주교통정보센터,127.1941265,37.6948638,Y
L180106,산정장,남양주교통정보센터,127.1683544,37.7049765,Y
L180107,삼부콘크리트(웹),남양주교통정보센터,127.2340828,37.5980495,Y
L180108,삼신푸른솔(웹),남양주교통정보센터,127.3025305,37.668203,Y
L180109,삼육대후문(웹),남양주교통정보센터,127.1117407,37.6452384,Y
L180110,삼패4,남양주교통정보센터,127.1981055,37.5933033,Y
L180111,삼패벽돌공장,남양주교통정보센터,127.194769,37.598148,Y
L180112,삼패벽돌공장(웹),남양주교통정보센터,127.194769,37.598148,Y
L180113,샘터휴게소,남양주교통정보센터,127.28458,37.628004,Y
L180114,샘터휴게소(웹),남양주교통정보센터,127.28458,37.628004,Y
L180115,샛터3,남양주교통정보센터,127.3699209,37.6623264,Y
L180116,샛터3,남양주교통정보센터,127.3699209,37.6623264,Y
L180117,서울리조트,남양주교통정보센터,127.2528,37.654807,Y
L180118,석실입구,남양주교통정보센터,127.2157291,37.5984488,Y
L180119,석실입구(웹),남양주교통정보센터,127.2157291,37.5984488,Y
L180120,송능삼거리,남양주교통정보센터,127.2000734,37.6425132,Y
L180121,송능삼거리(웹),남양주교통정보센터,127.2000734,37.6425132,Y
L180122,송라초교사거리(웹),남양주교통정보센터,127.301089,37.6556691,Y
L180123,송릉3,남양주교통정보센터,127.19418,37.674366,Y
L180124,송천리정거장3,남양주교통정보센터,127.3230242,37.6887814,Y
L180125,수락산입구,남양주교통정보센터,127.11247,37.7081343,Y
L180126,신도브래뉴,남양주교통정보센터,127.20254606,37.72027437,Y
L180127,신도브래뉴(웹),남양주교통정보센터,127.203681,37.7205337,Y
L180128,신영지웰,남양주교통정보센터,127.1970497,37.7194472,Y
L180129,신영지웰(웹),남양주교통정보센터,127.1970497,37.7194472,Y
L180130,신월교차로(웹),남양주교통정보센터,127.1592872,37.6590114,Y
L180131,신한인스빌APT(웹),남양주교통정보센터,127.1115315,37.6507378,Y
L180132,쌍용스윗닷홈A,남양주교통정보센터,127.2264431,37.5762794,Y
L180133,아주레미콘입구삼거리,남양주교통정보센터,127.1745757,37.70914,Y
L180134,알프하임01,남양주교통정보센터,127.25604105,37.64956654,Y
L180135,알프하임02,남양주교통정보센터,127.2547,37.6524,Y
L180136,알프하임03,남양주교통정보센터,127.25321041,37.65349908,Y
L180137,야생박물관인근(웹),남양주교통정보센터,127.1725217,37.656043,Y
L180138,양오초교,남양주교통정보센터,127.19424705,37.69864361,Y
L180139,양오초교(웹),남양주교통정보센터,127.194125,37.698583,Y
L180140,양정4,남양주교통정보센터,127.1811442,37.6171981,Y
L180141,양정4,남양주교통정보센터,127.1811442,37.6171981,Y
L180142,양정역,남양주교통정보센터,127.1927,37.6055,Y
L180143,어냄이삼거리,남양주교통정보센터,127.2083106,37.6794601,Y
L180144,에쓰오일LPG,남양주교통정보센터,127.1958137,37.6320539,Y
L180145,영남아파트입구교차로,남양주교통정보센터,127.3039308,37.6372432,Y
L180146,영남아파트입구교차로(웹),남양주교통정보센터,127.3039308,37.6372432,Y
L180147,예비군훈련장입구,남양주교통정보센터,127.18881793,37.67225696,Y
L180148,오남도서관,남양주교통정보센터,127.19678559,37.6975574,Y
L180149,오남도서관(웹),남양주교통정보센터,127.196808,37.697456,Y
L180150,오남동부아파트앞,남양주교통정보센터,127.214963,37.692583,Y
L180151,와촌교차로(웹),남양주교통정보센터,127.172732,37.682019,Y
L180152,왕자궁마을입구(웹),남양주교통정보센터,127.1826585,37.6089445,Y
L180153,용신지하차도,남양주교통정보센터,127.172095,37.6608605,Y
L180154,용신지하차도(웹),남양주교통정보센터,127.1722281,37.6615232,Y
L180155,우리교회근처1(웹),남양주교통정보센터,127.1201245,37.6655232,Y
L180156,운수교차로,남양주교통정보센터,127.3251454,37.700844,Y
L180157,운수교차로(웹),남양주교통정보센터,127.3251454,37.700844,Y
L180158,웃고개(웹),남양주교통정보센터,127.177795,37.638725,Y
L180159,월문교사거리,남양주교통정보센터,127.22841209,37.59169132,Y
L180160,월문교사거리(웹),남양주교통정보센터,127.22845473,37.59168002,Y
L180161,월문리고개(웹),남양주교통정보센터,127.280926,37.62579,Y
L180162,월문리고개초입(웹),남양주교통정보센터,127.2813568,37.6259169,Y
L180163,월문사거리,남양주교통정보센터,127.2252219,37.5945853,Y
L180164,월문사거리(웹),남양주교통정보센터,127.2252219,37.5945853,Y
L180165,월문천삼거리,남양주교통정보센터,127.24694,37.601377,Y
L180166,월산지구입구(웹),남양주교통정보센터,127.3416643,37.656926,Y
L180167,이마트(웹),남양주교통정보센터,127.1277635,37.6436149,Y
L180168,이패IC,남양주교통정보센터,127.1898046,37.607329,Y
L180169,임송3,남양주교통정보센터,127.1527763,37.6716088,Y
L180170,임송삼거리,남양주교통정보센터,127.1529242,37.6712583,Y
L180171,장승초교입구사거리,남양주교통정보센터,127.1938736,37.7312472,Y
L180172,장현사거리,남양주교통정보센터,127.183882,37.714951,Y
L180173,장현사거리(웹),남양주교통정보센터,127.183882,37.714951,Y
L180174,조개울교차로(웹),남양주교통정보센터,127.2456148,37.5448093,Y
L180175,조안IC,남양주교통정보센터,127.300648,37.53185,Y
L180176,조안보건지소,남양주교통정보센터,127.322461,37.569048,Y
L180177,지산교삼거리,남양주교통정보센터,127.2414,37.6556,Y
L180178,지세4,남양주교통정보센터,127.180033,37.661724,Y
L180179,진건변전소삼거리,남양주교통정보센터,127.164919,37.6285853,Y
L180180,진건변전소삼거리(웹),남양주교통정보센터,127.164919,37.6285853,Y
L180181,진관4,남양주교통정보센터,127.1577119,37.650467,Y
L180182,진관리입구3,남양주교통정보센터,127.17148798,37.6497944,Y
L180183,진안사거리,남양주교통정보센터,127.1868347,37.6232074,Y
L180184,진접고교,남양주교통정보센터,127.189224,37.7155391,Y
L180185,진접고교(웹),남양주교통정보센터,127.189224,37.7155391,Y
L180186,진접도서관,남양주교통정보센터,127.1933893,37.7290652,Y
L180187,진접읍사무소(웹),남양주교통정보센터,127.1919223,37.7255671,Y
L180188,진접이마트,남양주교통정보센터,127.183451,37.7087831,Y
L180189,진접이마트돔,남양주교통정보센터,127.183451,37.7087831,Y
L180190,진접푸른도서관(웹),남양주교통정보센터,127.193537,37.715486,Y
L180191,진중3,남양주교통정보센터,127.307199,37.549328,Y
L180192,차산1교삼거리,남양주교통정보센터,127.3029362,37.6332076,Y
L180193,차산1교삼거리(웹),남양주교통정보센터,127.3029362,37.6332076,Y
L180194,창대교회(웹),남양주교통정보센터,127.1277346,37.6612851,Y
L180195,창현A앞4,남양주교통정보센터,127.3009454,37.6522584,Y
L180196,창현A앞4,남양주교통정보센터,127.3009454,37.6522584,Y
L180197,창현교차로,남양주교통정보센터,127.303427,37.6443666,Y
L180198,천마산오일뱅크,남양주교통정보센터,127.2755447,37.6543256,Y
L180199,천마초교앞,남양주교통정보센터,127.280726,37.6553229,Y
L180200,철마교차로,남양주교통정보센터,127.2062794,37.7469768,Y
L180201,철마교차로(웹),남양주교통정보센터,127.2062794,37.7469768,Y
L180202,청학리입구,남양주교통정보센터,127.1235486,37.6994956,Y
L180203,축령산삼거리(웹),남양주교통정보센터,127.296076,37.732136,Y
L180204,퇴계원로(웹),남양주교통정보센터,127.1377819,37.645223,Y
L180205,퇴계원사거리,남양주교통정보센터,127.1401465,37.6467063,Y
L180206,퇴계원사거리(웹),남양주교통정보센터,127.1401465,37.6467063,Y
L180207,팔당대교(웹),남양주교통정보센터,127.2408593,37.5500115,Y
L180208,팔야리경기공업사삼거리,남양주교통정보센터,127.2189,37.7565953,Y
L180209,평내지하차도,남양주교통정보센터,127.2407315,37.6526683,Y
L180210,평내파출소앞,남양주교통정보센터,127.2294003,37.6444651,Y
L180211,평양골,남양주교통정보센터,127.1296221,37.6568671,Y
L180212,평양골1(웹),남양주교통정보센터,127.1296221,37.6568671,Y
L180213,한강초교사거리,남양주교통정보센터,127.175052,37.6019378,Y
L180214,한강초교사거리(웹),남양주교통정보센터,127.175052,37.6019378,Y
L180215,한별초등학교1(웹),남양주교통정보센터,127.1175082,37.6463803,Y
L180216,한별초등학교2(웹),남양주교통정보센터,127.1169182,37.6464822,Y
L180217,현대아울렛사거리(웹),남양주교통정보센터,127.15507688,37.61529242,Y
L180218,호만1교,남양주교통정보센터,127.2508,37.6611,Y
L180219,호만3교,남양주교통정보센터,127.2468677,37.6593603,Y
L180220,호텔메이(웹),남양주교통정보센터,127.1242969,37.6464143,Y
L180221,호평IC삼거리,남양주교통정보센터,127.2395724,37.6610547,Y
L180222,호평IC삼거리(웹),남양주교통정보센터,127.23957244,37.6610547,Y
L180224,호평승마장,남양주교통정보센터,127.264501,37.6542896,Y
L180225,호평이마트교차로(웹),남양주교통정보센터,127.244,37.6556,Y
L180226,화도건영아파트,남양주교통정보센터,127.3012647,37.6653581,Y
L180227,화도두산위브아파트,남양주교통정보센터,127.302403,37.669425,Y
L180228,화도신도브래뉴(웹),남양주교통정보센터,127.3031841,37.6609965,Y
L180229,화도읍동부출장소,남양주교통정보센터,127.3485682,37.6582805,Y
L180230,화도읍사무소,남양주교통정보센터,127.30171,37.6577624,Y
L180231,화도청구아파트,남양주교통정보센터,127.303125,37.640458,Y
L180232,화도휴게소,남양주교통정보센터,127.3373244,37.6562845,Y
L180233,화접초등학교(웹),남양주교통정보센터,127.1163801,37.6524452,Y
L180234,효성아파트사거리(웹),남양주교통정보센터,127.3386551,37.651642,Y
L180235,효성해링턴코트,남양주교통정보센터,127.1247,37.6553,Y
E100001,MBC네거리,대구교통정보센터,128.62648,35.866703,Y
E100002,가창삼거리,대구교통정보센터,128.622411,35.801472,Y
E100003,감삼네거리,대구교통정보센터,128.5481,35.854124,Y
E100004,강창교,대구교통정보센터,128.470244,35.854174,Y
E100005,강촌마을교차로,대구교통정보센터,128.668687,35.876431,Y
E100006,거동네거리,대구교통정보센터,128.558313,35.944943,Y
E100007,건들바위네거리,대구교통정보센터,128.598484,35.855712,Y
E100008,검단네거리,대구교통정보센터,128.619153,35.906028,Y
E100009,경기장네거리,대구교통정보센터,128.683564,35.832985,Y
E100010,경대교,대구교통정보센터,128.601905,35.886359,Y
E100011,경대북문,대구교통정보센터,128.609402,35.89238,Y
E100012,경산IC,대구교통정보센터,128.784457,35.877408,Y
E100013,계명네거리,대구교통정보센터,128.58304,35.856101,Y
E100014,계산오거리,대구교통정보센터,128.587811,35.866577,Y
E100015,고모로,대구교통정보센터,128.675733,35.862289,Y
E100016,공산수원지삼거리,대구교통정보센터,128.603767,35.902515,Y
E100017,공평네거리,대구교통정보센터,128.600041,35.86981,Y
E100018,공항교교차로,대구교통정보센터,128.622479,35.899009,Y
E100019,관계삼거리,대구교통정보센터,128.64952,35.818824,Y
E100020,교동네거리,대구교통정보센터,128.601048,35.873643,Y
E100021,금리사거리,대구교통정보센터,128.450545,35.681649,Y
E100022,금호분기점,대구교통정보센터,128.53474,35.894312,Y
E100023,김흥2 15M1,대구교통정보센터,128.490033,35.745321,Y
E100025,남대구IC삼거리,대구교통정보센터,128.522547,35.836796,Y
E100026,남문네거리,대구교통정보센터,128.592425,35.860994,Y
E100027,남침산네거리,대구교통정보센터,128.590098,35.883431,Y
E100028,능성,대구교통정보센터,128.739519,35.963073,Y
E100029,달성네거리,대구교통정보센터,128.58148,35.877358,Y
E100030,대구공고네거리,대구교통정보센터,128.61422,35.88125,Y
E100031,대구역네거리,대구교통정보센터,128.595069,35.874851,Y
E100032,대구은행네거리,대구교통정보센터,128.614208,35.859642,Y
E100033,대덕문화전당,대구교통정보센터,128.577858,35.831892,Y
E100034,대덕산임휴사,대구교통정보센터,128.55659,35.809224,Y
E100035,대덕승마장,대구교통정보센터,128.555351,35.825593,Y
E100036,대리삼거리,대구교통정보센터,128.423907,35.663474,Y
E100037,대봉교,대구교통정보센터,128.607077,35.854998,Y
E100038,대실역네거리,대구교통정보센터,128.465696,35.857066,Y
E100039,대천교삼거리,대구교통정보센터,128.502613,35.818399,Y
E100040,대천지하도네거리,대구교통정보센터,128.507089,35.815436,Y
E100041,덕곡,대구교통정보센터,128.614994,35.992322,Y
E100042,덕천치안센터,대구교통정보센터,128.600633,35.833669,Y
E100043,도곡네거리,대구교통정보센터,128.598854,35.927446,Y
E100044,도동분기점,대구교통정보센터,128.656009,35.914472,Y
E100045,도청교,대구교통정보센터,128.598357,35.888176,Y
E100046,동대구IC,대구교통정보센터,128.698058,35.883318,Y
E100047,동대구역네거리,대구교통정보센터,128.625649,35.876816,Y
E100048,동산네거리,대구교통정보센터,128.582362,35.870339,Y
E100049,동신교,대구교통정보센터,128.613438,35.868238,Y
E100050,동인네거리,대구교통정보센터,128.604312,35.872427,Y
E100051,동촌초교교차로,대구교통정보센터,128.658216,35.883789,Y
E100052,두류공원네거리,대구교통정보센터,128.566818,35.847046,Y
E100053,두류네거리,대구교통정보센터,128.557256,35.857985,Y
E100054,두산오거리,대구교통정보센터,128.622983,35.82985,Y
E100055,들안길삼거리,대구교통정보센터,128.616792,35.829703,Y
E100056,만촌네거리,대구교통정보센터,128.645698,35.85915,Y
E100057,만평네거리,대구교통정보센터,128.562516,35.889743,Y
E100058,매천초등학교앞,대구교통정보센터,128.542577,35.913319,Y
E100059,명덕네거리,대구교통정보센터,128.590937,35.857061,Y
E100060,무학네거리,대구교통정보센터,128.644473,35.826274,Y
E100061,반고개네거리,대구교통정보센터,128.571911,35.861758,Y
E100062,반야월네거리,대구교통정보센터,128.713681,35.865916,Y
E100063,반야월삼거리,대구교통정보센터,128.685496,35.87463,Y
E100064,반월당네거리,대구교통정보센터,128.593427,35.865565,Y
E100065,범안삼거리,대구교통정보센터,128.670386,35.834314,Y
E100066,범어네거리,대구교통정보센터,128.626336,35.858944,Y
E100067,복현네거리,대구교통정보센터,128.622155,35.892358,Y
E100068,복현오거리,대구교통정보센터,128.61506,35.89769,Y
E100069,본리네거리,대구교통정보센터,128.537005,35.837272,Y
E100070,봉산육거리,대구교통정보센터,128.599769,35.864015,Y
E100071,북구청네거리,대구교통정보센터,128.581816,35.885101,Y
E100073,북비산네거리,대구교통정보센터,128.571454,35.879287,Y
E100074,불로삼거리,대구교통정보센터,128.635137,35.899728,Y
E100075,비산네거리,대구교통정보센터,128.571252,35.871969,Y
E100076,산격대교,대구교통정보센터,128.601867,35.906593,Y
E100077,삼각지네거리,대구교통정보센터,128.583124,35.853322,Y
E100078,삼덕네거리,대구교통정보센터,128.60285,35.863043,Y
E100079,상동교,대구교통정보센터,128.604934,35.834876,Y
E100080,상동네거리,대구교통정보센터,128.610616,35.829258,Y
E100081,상인그린힐스골프랜드,대구교통정보센터,128.549213,35.818324,Y
E100082,상인네거리,대구교통정보센터,128.537836,35.818763,Y
E100083,상화네거리,대구교통정보센터,128.535816,35.809626,Y
E100084,서대구IC,대구교통정보센터,128.532367,35.878221,Y
E100085,서대구공단네거리,대구교통정보센터,128.537633,35.868675,Y
E100086,서부정류장네거리,대구교통정보센터,128.557283,35.837441,Y
E100087,서성네거리,대구교통정보센터,128.587128,35.870306,Y
E100088,성동고가차도,대구교통정보센터,128.629237,35.880724,Y
E100089,성서IC,대구교통정보센터,128.521198,35.850169,Y
E100090,성서네거리,대구교통정보센터,128.507381,35.851858,Y
E100091,송지공원,대구교통정보센터,128.559282,35.827423,Y
E100092,수목원입구삼거리,대구교통정보센터,128.520668,35.807635,Y
E100096,수성교,대구교통정보센터,128.60816592480305,35.86208424852734,Y
E100097,수성못오거리,대구교통정보센터,128.609767,35.825418,Y
E100098,수성시장네거리,대구교통정보센터,128.617185,35.854184,Y
E100100,수성의료지구(돔),대구교통정보센터,128.689434,35.83911,Y
E100101,수성호텔 앞,대구교통정보센터,128.621138,35.825544,Y
E100102,시민운동장,대구교통정보센터,128.589133,35.879201,Y
E100103,시지고등학교,대구교통정보센터,128.706595,35.829571,Y
E100104,시청네거리,대구교통정보센터,128.600938,35.871433,Y
E100105,신남네거리,대구교통정보센터,128.582512,35.864643,Y
E100106,신당네거리,대구교통정보센터,128.49224,35.851236,Y
E100107,신매네거리,대구교통정보센터,128.70555,35.840934,Y
E100108,신서혁신도시1,대구교통정보센터,128.713921,35.877495,Y
E100109,신서혁신도시2,대구교통정보센터,128.724155,35.876603,Y
E100110,신서혁신도시3,대구교통정보센터,128.729996,35.877943,Y
E100111,신서혁신도시4,대구교통정보센터,128.754668,35.87493,Y
E100112,신서혁신도시5,대구교통정보센터,128.706715,35.881033,Y
E100113,신서혁신도시6,대구교통정보센터,128.703151,35.886252,Y
E100114,신천교,대구교통정보센터,128.611435,35.871842,Y
E100115,신천지네거리,대구교통정보센터,128.639096,35.840811,Y
E100116,신평리네거리,대구교통정보센터,128.554791,35.870289,Y
E100117,심신수련장,대구교통정보센터,128.597026,35.832646,Y
E100118,쌍계오거리,대구교통정보센터,128.46806,35.70107,Y
E100119,안지랑네거리,대구교통정보센터,128.57646,35.838845,Y
E100120,앞산네거리,대구교통정보센터,128.57971,35.840225,Y
E100121,앞산빨래터공원,대구교통정보센터,128.565366,35.831677,Y
E100122,연경지구1,대구교통정보센터,128.614943,35.941844,Y
E100123,연경지구2,대구교통정보센터,128.630493,35.942217,Y
E100124,연호네거리,대구교통정보센터,128.672777,35.845772,Y
E100125,영대네거리,대구교통정보센터,128.590493,35.845314,Y
E100126,오봉오거리,대구교통정보센터,128.583541,35.889693,Y
E100127,옥여봉사거리,대구교통정보센터,128.458751,35.678231,Y
E100129,와룡공원삼거리,대구교통정보센터,128.499977,35.859087,Y
E100130,와룡대교 남편,대구교통정보센터,128.511257,35.890331,Y
E100132,용산파출소,대구교통정보센터,128.521246,35.858733,Y
E100133,원대오거리,대구교통정보센터,128.575997,35.887356,Y
E100134,월곡네거리,대구교통정보센터,128.548528,35.808197,Y
E100135,월드컵삼거리,대구교통정보센터,128.684737,35.841237,Y
E100136,월배로송현역,대구교통정보센터,128.551743,35.831187,Y
E100137,월성네거리,대구교통정보센터,128.529737,35.826184,Y
E100138,월촌고가교 교차로,대구교통정보센터,128.549386,35.815147,Y
E100139,위천삼거리,대구교통정보센터,128.398949,35.760002,Y
E100140,유천교,대구교통정보센터,128.515953,35.81083,Y
E100141,율하교동편,대구교통정보센터,128.696938,35.873635,Y
E100142,율하역,대구교통정보센터,128.693048,35.869793,Y
E100143,응암네거리,대구교통정보센터,128.417556,35.655834,Y
E100144,응암네거리1,대구교통정보센터,128.417688,35.647534,Y
E100145,이곡네거리,대구교통정보센터,128.515692,35.850435,Y
E100146,이시아폴리스삼거리,대구교통정보센터,128.641242,35.927773,Y
E100147,이현고개,대구교통정보센터,128.447921,35.891163,Y
E100148,이현삼거리,대구교통정보센터,128.540024,35.878336,Y
E100149,입석네거리,대구교통정보센터,128.643198,35.891994,Y
E100150,조야교남편,대구교통정보센터,128.578797,35.903279,Y
E100151,종각네거리,대구교통정보센터,128.603665,35.869085,Y
E100152,죽전네거리,대구교통정보센터,128.537413,35.850041,Y
E100153,중동교,대구교통정보센터,128.606334,35.841411,Y
E100154,중리사거리,대구교통정보센터,128.44898,35.68919,Y
E100155,중앙네거리,대구교통정보센터,128.594083,35.871008,Y
E100156,중앙대로,대구교통정보센터,128.593423,35.867109,Y
E100157,지산네거리,대구교통정보센터,128.633088,35.824763,Y
E100158,진천남네거리,대구교통정보센터,128.527408,35.808764,Y
E100159,청구네거리,대구교통정보센터,128.618365,35.867851,Y
E100160,초곡 15M1,대구교통정보센터,128.480089,35.731749,Y
E100161,충혼탑,대구교통정보센터,128.586957,35.833023,Y
E100162,칠곡IC,대구교통정보센터,128.538004,35.941379,Y
E100163,칠곡네거리,대구교통정보센터,128.548243,35.932723,Y
E100164,침산교,대구교통정보센터,128.592095,35.900691,Y
E100165,큰고개고가,대구교통정보센터,128.632974,35.885314,Y
E100166,큰고개오거리,대구교통정보센터,128.633438,35.885576,Y
E100167,태전삼거리,대구교통정보센터,128.546509,35.91993,Y
E100168,태평네거리,대구교통정보센터,128.588244,35.876154,Y
E100169,파군재삼거리,대구교통정보센터,128.643589,35.935967,Y
E100170,파티마삼거리,대구교통정보센터,128.624291,35.883245,Y
E100171,팔거교교차로,대구교통정보센터,128.554043,35.958991,Y
E100172,팔공IC네거리,대구교통정보센터,128.640315,35.906639,Y
E100173,팔달교,대구교통정보센터,128.54905,35.897223,Y
E100174,팔달로,대구교통정보센터,128.548601,35.910364,Y
E100175,평리네거리,대구교통정보센터,128.55501,35.878949,Y
E100176,포산중앙사거리,대구교통정보센터,128.457626,35.689247,Y
E100177,헐티재,대구교통정보센터,128.560581,35.729555,Y
E100178,현충삼거리,대구교통정보센터,128.57949,35.832837,Y
E100179,호림네거리,대구교통정보센터,128.491763,35.834876,Y
E100180,화산리삼거리,대구교통정보센터,128.400561,35.66412,Y
E100181,화원삼거리,대구교통정보센터,128.497736,35.803314,Y
E100182,황금네거리,대구교통정보센터,128.624073,35.839884,Y
E100183,효목네거리,대구교통정보센터,128.644928,35.876402,Y
E100184,효신네거리,대구교통정보센터,128.63552,35.872132,Y
E100185,휴양림입구사거리,대구교통정보센터,128.46979,35.68917,Y
E100186,희망교,대구교통정보센터,128.607936,35.8471,Y
E07001,가수원네거리,대전교통정보센터,127.3531537,36.3049072,Y
E07002,가장교오거리,대전교통정보센터,127.3882833,36.3280863,Y
E07003,가장네거리,대전교통정보센터,127.3846457,36.3313338,Y
E07004,갑천대교네거리,대전교통정보센터,127.3594837,36.3584407,Y
E07005,계룡대교네거리,대전교통정보센터,127.3479282,36.3485139,Y
E07006,과학공원네거리,대전교통정보센터,127.3798194,36.3749258,Y
E07007,과학공원네거리교차로,대전교통정보센터,127.3798194,36.3749258,Y
E07008,관저네거리,대전교통정보센터,127.3348833,36.3014664,Y
E07009,구암교네거리,대전교통정보센터,127.331843,36.357745,Y
E07010,궁동네거리,대전교통정보센터,127.3380887,36.3645793,Y
E07011,금성골네거리,대전교통정보센터,127.3406657,36.3078453,Y
E07012,남선공원네거리,대전교통정보센터,127.4019229,36.3448409,Y
E07013,농수산시장오거리,대전교통정보센터,127.4047038,36.3570125,Y
E07014,당산교,대전교통정보센터,127.412478,36.3828659,Y
E07015,대고오거리,대전교통정보센터,127.4228589,36.3223616,Y
E07016,대동역오거리,대전교통정보센터,127.4426534,36.3293548,Y
E07017,대성삼거리,대전교통정보센터,127.4602376,36.2960875,Y
E07018,대전역네거리,대전교통정보센터,127.4326517,36.3313128,Y
E07019,대전일보네거리,대전교통정보센터,127.3663111,36.3544836,Y
E07020,대종로네거리,대전교통정보센터,127.4197596,36.3338317,Y
E07021,대화JC,대전교통정보센터,127.3962269,36.3718348,Y
E07022,대화영업소,대전교통정보센터,127.4105772,36.3770035,Y
E07023,덕명네거리,대전교통정보센터,127.3050956,36.3606677,Y
E07024,도룡삼거리,대전교통정보센터,127.3790511,36.3887111,Y
E07025,도마네거리,대전교통정보센터,127.380006,36.3129705,Y
E07026,도안네거리,대전교통정보센터,127.333046,36.3323713,Y
E07027,도안중네거리,대전교통정보센터,127.3480095,36.3175461,Y
E07028,동부네거리,대전교통정보센터,127.4422713,36.3506694,Y
E07029,둔곡터널앞,대전교통정보센터,127.385845,36.4439999,Y
E07030,들말네거리,대전교통정보센터,127.394786,36.4386269,Y
E07031,만년네거리,대전교통정보센터,127.3796719,36.3650606,Y
E07032,모정네거리,대전교통정보센터,127.3903918,36.3579286,Y
E07033,변동오거리,대전교통정보센터,127.3813834,36.3284844,Y
E07034,보문산공원오거리,대전교통정보센터,127.4258156,36.3173522,Y
E07035,부사오거리,대전교통정보센터,127.4347103,36.3130546,Y
E07036,북대전IC네거리,대전교통정보센터,127.3779478,36.4169944,Y
E07037,불티구름다리,대전교통정보센터,127.3686775,36.3090388,Y
E07038,삼성네거리,대전교통정보센터,127.4296228,36.3383229,Y
E07039,삼성동성당네거리,대전교통정보센터,127.4208556,36.3405443,Y
E07040,삼성오거리,대전교통정보센터,127.423584,36.3423489,Y
E07041,삼천교네거리,대전교통정보센터,127.4016448,36.34913,Y
E07042,서대전IC삼거리,대전교통정보센터,127.321008,36.294005,Y
E07043,서대전네거리,대전교통정보센터,127.41205,36.3224634,Y
E07044,선사유적네거리,대전교통정보센터,127.3792375,36.3600387,Y
E07045,성남네거리,대전교통정보센터,127.435911,36.341013,Y
E07046,성모병원오거리,대전교통정보센터,127.4203311,36.3241967,Y
E07047,시알들네거리,대전교통정보센터,127.405463,36.4303769,Y
E07048,시청역네거리,대전교통정보센터,127.3865,36.3514111,Y
E07049,신구교네거리,대전교통정보센터,127.3911954,36.4361135,Y
E07050,신탄진네거리,대전교통정보센터,127.4285847,36.4509392,Y
E07051,안골네거리,대전교통정보센터,127.372156,36.3341285,Y
E07052,엑스포지하차도,대전교통정보센터,127.3837198,36.3710092,Y
E07053,예술가의집네거리,대전교통정보센터,127.416641,36.3228674,Y
E07054,오룡역네거리,대전교통정보센터,127.4050696,36.3282769,Y
E07055,오정네거리,대전교통정보센터,127.4153719,36.358752,Y
E07056,오정동주민센터5가,대전교통정보센터,127.4096444,36.3530507,Y
E07057,옥녀봉네거리,대전교통정보센터,127.3480519,36.3322565,Y
E07058,용문역네거리,대전교통정보센터,127.3932875,36.3381378,Y
E07059,용전네거리,대전교통정보센터,127.4317013,36.3478102,Y
E07060,원골네거리,대전교통정보센터,127.339362,36.3429008,Y
E07061,원동네거리,대전교통정보센터,127.434984,36.3264995,Y
E07062,원신흥삼거리,대전교통정보센터,127.3485046,36.3395265,Y
E07063,원촌네거리,대전교통정보센터,127.4067779,36.3801033,Y
E07064,월드컵경기장네거리,대전교통정보센터,127.3266925,36.3670925,Y
E07065,유성IC삼거리,대전교통정보센터,127.3261232,36.3599504,Y
E07066,유성네거리,대전교통정보센터,127.3412948,36.3536374,Y
E07067,유성생명고교삼거리,대전교통정보센터,127.3262534,36.3485269,Y
E07068,읍내삼거리,대전교통정보센터,127.4258218,36.3812382,Y
E07069,중구청네거리,대전교통정보센터,127.421709,36.327014,Y
E07070,중리네거리,대전교통정보센터,127.4316837,36.3593894,Y
E07071,중앙로역네거리,대전교통정보센터,127.4259782,36.328797,Y
E07072,중촌네거리,대전교통정보센터,127.4159149,36.3367119,Y
E07073,지수체육공원,대전교통정보센터,127.4204,36.4176599,Y
E07074,진잠네거리,대전교통정보센터,127.3236111,36.2991708,Y
E07075,충대병원네거리,대전교통정보센터,127.4173368,36.3180584,Y
E07076,충대오거리,대전교통정보센터,127.3442667,36.3618966,Y
E07077,충렬사삼거리,대전교통정보센터,127.355228,36.397487,Y
E07078,침신대네거리,대전교통정보센터,127.32033,36.3838888,Y
E07079,큰마을네거리,대전교통정보센터,127.3769105,36.3486721,Y
E07080,태평오거리,대전교통정보센터,127.3949057,36.3256695,Y
E07081,판암1동주민센터네거리,대전교통정보센터,127.4564889,36.3166111,Y
E07082,평송수련원삼거리,대전교통정보센터,127.3936073,36.3646841,Y
E07083,한남5가,대전교통정보센터,127.4158733,36.3480855,Y
E07084,한밭대교네거리,대전교통정보센터,127.401358,36.3573719,Y
E07085,한밭영업소,대전교통정보센터,127.4018675,36.3610624,Y
E07086,화암네거리,대전교통정보센터,127.3754633,36.407661,Y
E500001,구)연동건널목사거리,목포교통정보센터,126.389306,34.798737,Y
E500002,도청입구사거리,목포교통정보센터,126.432798,34.809965,Y
E500003,동명한의원인근,목포교통정보센터,126.4199,34.8034,Y
E500004,만남의폭포사거리,목포교통정보센터,126.43858,34.803259,Y
E500005,목포대교입구,목포교통정보센터,126.366719,34.803631,Y
E500006,신항교차로인근,목포교통정보센터,126.358919,34.759453,Y
E500007,연산동교차로인근,목포교통정보센터,126.379666,34.813865,Y
E500008,용해사거리,목포교통정보센터,126.409061,34.798564,Y
E500009,윤송웨딩홀인근,목포교통정보센터,126.429372,34.798998,Y
L230049,2번신호등교차로,부산교통정보센터,128.8657,35.08912,Y
L230042,3부두,부산교통정보센터,129.043308,35.11495,Y
L230134,49호광장,부산교통정보센터,129.1111,35.136355,Y
L230038,5부두,부산교통정보센터,129.054894,35.126858,Y
L230125,6번신호등교차로,부산교통정보센터,128.85269,35.089092,Y
L230228,KBS삼거리,부산교통정보센터,129.109468,35.14379,Y
L230237,NC백화점,부산교통정보센터,129.062416,35.157689,Y
L230174,가락IC,부산교통정보센터,128.886269,35.159867,Y
L230070,감만 교차로,부산교통정보센터,129.0834,35.11049,Y
L230108,감만사거리,부산교통정보센터,129.080456,35.118895,Y
L230148,감전IC,부산교통정보센터,128.972695,35.152118,Y
L230029,감전교차로,부산교통정보센터,128.969305,35.145255,Y
L230142,강변대로,부산교통정보센터,128.999689,35.210204,Y
L230143,개금사거리,부산교통정보센터,129.02027,35.153442,Y
L230232,개금요금소(상행),부산교통정보센터,129.027692,35.158228,Y
L230171,개금요금소(하행),부산교통정보센터,129.026555,35.157844,Y
L230080,개금주공아파트사거리,부산교통정보센터,129.031632,35.159118,Y
L230081,개금초등교삼거리,부산교통정보센터,129.021807,35.154827,Y
L230215,개성중(상),부산교통정보센터,129.050333,35.157578,Y
L230216,개성중(하),부산교통정보센터,129.050233,35.157458,Y
L230231,개좌터널(석대방향입구),부산교통정보센터,129.148979,35.259097,Y
L230047,개좌터널(정관방향입구),부산교통정보센터,129.13852698145436,35.24573658060852,Y
L230120,거가대교진입로,부산교통정보센터,128.839379,35.088837,Y
L230022,거성사거리,부산교통정보센터,129.067321,35.191085,Y
L230292,경부TG,부산교통정보센터,129.108796,35.274671,Y
L230219,경부고속도로입구,부산교통정보센터,129.093001,35.246593,Y
L230220,고분로경상대학앞,부산교통정보센터,129.097714,35.185606,Y
L230218,곰내터널(석대방향1100m),부산교통정보센터,129.171538,35.30574,Y
L230217,곰내터널(석대방향입구),부산교통정보센터,129.17562517184842,35.315664583830014,Y
L230113,곰내터널(정관방향1100),부산교통정보센터,129.172225,35.306335,Y
L230060,곰내터널(정관방향입구),부산교통정보센터,129.168191,35.295478,Y
L230129,공항입구,부산교통정보센터,128.958096,35.180926,Y
L230293,과정교차로,부산교통정보센터,129.089412,35.192104,Y
L230294,광덕물산,부산교통정보센터,129.026555,35.213581,Y
L230163,광무교(범일방향),부산교통정보센터,129.058972,35.150053,Y
L230161,광무교(서면방향),부산교통정보센터,129.059375,35.150803,Y
L230157,광안대교(상부 49호 진출),부산교통정보센터,129.114981,35.136533,Y
L230159,광안대교(상부 MP23),부산교통정보센터,129.124667,35.141882,Y
L230156,광안대교(상부 롯데아파트),부산교통정보센터,129.135502,35.159304,Y
L230162,광안대교(상부 벡스코합류),부산교통정보센터,129.134064,35.161522,Y
L230155,광안대교(상부 앵커리지2),부산교통정보센터,129.129134,35.146242,Y
L230158,광안대교(상부 이기대분기),부산교통정보센터,129.11343,35.13607,Y
L230164,광안대교(상부 주탑2),부산교통정보센터,129.127602,35.144794,Y
L230165,광안대교(지하차도 진출입),부산교통정보센터,129.129671,35.166173,Y
L230160,광안대교(하부 49호 진입),부산교통정보센터,129.112191,35.135473,Y
L230115,광안대교(하부 광안리합류),부산교통정보센터,129.115916,35.136277,Y
L230291,광안대교(하부 용당 합류),부산교통정보센터,129.121203,35.138239,Y
L230140,광안리해변,부산교통정보센터,129.119354,35.154254,Y
L230065,광안리해수욕장교차로,부산교통정보센터,129.118043,35.155101,Y
L230097,광안터널(상행),부산교통정보센터,129.100164,35.153876,Y
L230017,광어골,부산교통정보센터,129.19864,35.180484,Y
L230057,괴정사거리,부산교통정보센터,128.993195,35.100139,Y
L230103,교대사거리,부산교통정보센터,129.080232,35.19575,Y
L230025,교리삼거리,부산교통정보센터,129.220935,35.251513,Y
L230135,구덕사거리,부산교통정보센터,129.017399,35.115709,Y
L230177,구서IC,부산교통정보센터,129.09737,35.250448,Y
L230095,구평고개삼거리,부산교통정보센터,128.983912,35.084728,Y
L230167,구포2동사거리,부산교통정보센터,128.998132,35.201348,Y
L230235,구포대교,부산교통정보센터,128.994245,35.203901,Y
L230180,금곡역삼거리,부산교통정보센터,129.0173636,35.2678236,Y
L230041,금사교차로,부산교통정보센터,129.108706,35.214223,Y
L230023,기계공고 삼거리,부산교통정보센터,129.1543,35.16094,Y
L230002,남문구사거리,부산교통정보센터,129.073439,35.18853,Y
L230252,남부운전면허장입구,부산교통정보센터,129.106086,35.12966,Y
L230253,남산역,부산교통정보센터,129.092939,35.266667,Y
L230254,남포동,부산교통정보센터,129.029273,35.097858,Y
L230255,남항(1터널시작),부산교통정보센터,129.056,35.098084,Y
L230133,남항(3터널끝),부산교통정보센터,129.045802,35.093493,Y
L230090,남항(4터널시작),부산교통정보센터,129.04381,35.090966,Y
L230024,남항2383m,부산교통정보센터,129.038535,35.081935,Y
L230131,남항대교입구(서구),부산교통정보센터,129.022362,35.080032,Y
L230102,내성교차로,부산교통정보센터,129.078296,35.204145,Y
L230238,노포차량기지앞,부산교통정보센터,129.09665,35.288899,Y
L230067,눌차대교입구,부산교통정보센터,128.833393,35.064437,Y
L230037,다대포강변로,부산교통정보센터,128.954385,35.067282,Y
L230183,다대포해수욕장입구,부산교통정보센터,128.967687,35.047525,Y
L230271,달맞이 어울마당,부산교통정보센터,129.183931,35.160242,Y
L230272,대교교차로,부산교통정보센터,129.03984,35.09221,Y
L230116,대남교차로,부산교통정보센터,129.105463,35.139896,Y
L230035,대동사거리,부산교통정보센터,128.984571,35.209686,Y
L230295,대신방향(0M),부산교통정보센터,129.031576,35.112898,Y
L230053,대신방향(160M),부산교통정보센터,129.027843,35.11274,Y
L230269,대연램프A,부산교통정보센터,129.086144,35.141924,Y
L230270,대연사거리,부산교통정보센터,129.091909,35.135115,Y
L230094,대천램프,부산교통정보센터,129.176314,35.181358,Y
L230296,대청사거리,부산교통정보센터,129.027925,35.10311,Y
L230104,대티터널(괴정동입출구),부산교통정보센터,129.007504,35.106142,Y
L230313,대티터널(대신동입출구),부산교통정보센터,129.00975,35.108763,Y
L230089,덕천교차로,부산교통정보센터,129.005446,35.21026,Y
L230018,동대사거리,부산교통정보센터,129.021822,35.111635,Y
L230260,동대신사거리,부산교통정보센터,129.018081,35.109968,Y
L230259,동래IC입구,부산교통정보센터,129.079462,35.197301,Y
L230173,동래교차로,부산교통정보센터,129.083615,35.201662,Y
L230043,동래롯데,부산교통정보센터,129.078823,35.211747,Y
L230040,동래시장,부산교통정보센터,129.087533,35.201045,Y
L230084,동래한전VMS,부산교통정보센터,129.102324,35.196857,Y
L230308,동명부두입구,부산교통정보센터,129.092823,35.110538,Y
L230031,동명오거리,부산교통정보센터,129.098788,35.121067,Y
L230032,동방오거리,부산교통정보센터,129.12105,35.158755,Y
L230045,동백사거리,부산교통정보센터,129.151016,35.157604,Y
L230212,동부산IC방면,부산교통정보센터,129.212796,35.194412,Y
L230310,동부산롯데월드,부산교통정보센터,129.212619,35.194441,Y
L230069,동의대(상),부산교통정보센터,129.032513,35.154332,Y
L230224,동의대(하),부산교통정보센터,129.031844,35.152825,Y
L230225,동천삼거리,부산교통정보센터,129.066696,35.130015,Y
L230233,렛츠런파크,부산교통정보센터,128.882289,35.152913,Y
L230315,롯데몰 동부산점,부산교통정보센터,129.213228,35.190112,Y
L230093,롯데몰방면,부산교통정보센터,129.212538,35.194813,Y
L230226,롯데호텔,부산교통정보센터,129.055612,35.156329,Y
L230221,르노삼성대로입구,부산교통정보센터,128.8824,35.089084,Y
L230222,만덕(미남방향270m),부산교통정보센터,129.052712,35.211705,Y
L230223,만덕(미남방향470m),부산교통정보센터,129.057797,35.210672,Y
L230227,만덕1터널(만덕동),부산교통정보센터,129.043852,35.215264,Y
L230117,만덕1터널(온천동),부산교통정보센터,129.066136,35.211037,Y
L230112,만덕IC,부산교통정보센터,129.031612,35.213072,Y
L230058,만덕사거리,부산교통정보센터,129.036505,35.212994,Y
L230214,만덕터널(만덕동),부산교통정보센터,129.04357,35.2131,Y
L230034,만덕터널(만덕방향0),부산교통정보센터,129.059857,35.210496,Y
L230091,만덕터널(만덕방향270),부산교통정보센터,129.055995,35.211145,Y
L230297,만덕터널(미남방향0),부산교통정보센터,129.045674,35.212653,Y
L230239,만덕터널(온천동),부산교통정보센터,129.06223,35.20994,Y
L230245,망미램프,부산교통정보센터,129.114074,35.180129,Y
L230118,맥도마을,부산교통정보센터,128.953573,35.151616,Y
L230234,명지IC,부산교통정보센터,128.932265,35.111176,Y
L230192,문전교차로,부산교통정보센터,129.065318,35.14872,Y
L230191,문전교차로(하).진구,부산교통정보센터,129.06519,35.149816,Y
L230190,문현교차로,부산교통정보센터,129.067785,35.137138,Y
L230092,미남교차로,부산교통정보센터,129.069642,35.207954,Y
L230188,미남역,부산교통정보센터,129.066918,35.204086,Y
L230189,미포교차로,부산교통정보센터,129.17206,35.161035,Y
L230187,미포교차로2,부산교통정보센터,129.171703,35.161362,Y
L230186,반여,부산교통정보센터,129.12002,35.206777,Y
L230169,반여물농산물 삼거리,부산교통정보센터,129.121,35.21318,Y
L230010,백양터널(TG당감방향),부산교통정보센터,129.002068,35.185881,Y
L230144,백양터널(당감방향2400m),부산교통정보센터,129.010846,35.180916,Y
L230126,백양터널(당감방향입구),부산교통정보센터,129.0184,35.175641,Y
L230033,백양터널(모라),부산교통정보센터,128.998481,35.185655,Y
L230305,백양터널(모라방향1200m),부산교통정보센터,129.024609,35.171317,Y
L230306,백양터널(모라방향2400m),부산교통정보센터,129.01566,35.17848,Y
L230307,백양터널(모라방향입구),부산교통정보센터,129.008315,35.183371,Y
L230304,백양터널어귀(개금),부산교통정보센터,129.030326,35.163697,Y
L230298,범곡교차로,부산교통정보센터,129.055992,35.141833,Y
L230152,범내골교차로,부산교통정보센터,129.059051,35.147345,Y
L230066,범내골램프,부산교통정보센터,129.05762,35.150443,Y
L230021,범어사입구,부산교통정보센터,129.092502,35.275736,Y
L230106,범일교차로,부산교통정보센터,129.063742,35.137357,Y
L230153,벡스코신관2올림픽교차로,부산교통정보센터,129.135721,35.166532,Y
L230020,벡스코신관3센텀3로,부산교통정보센터,129.134731,35.166097,Y
L230006,벡스코신관4APEC로,부산교통정보센터,129.134903,35.166141,Y
L230004,벡스코컨벤션홀1센텀시티역,부산교통정보센터,129.133996,35.169689,Y
L230299,보건환경연구원동물위생시험소,부산교통정보센터,129.018625,35.271602,Y
L230015,본녹산삼거리,부산교통정보센터,128.885003,35.112831,Y
L230062,봉래교차로,부산교통정보센터,129.04489,35.092924,Y
L230051,부곡사거리,부산교통정보센터,129.091587,35.230741,Y
L230263,부민사거리,부산교통정보센터,129.02008,35.103208,Y
L230262,부산과학산업단지입구,부산교통정보센터,128.861057,35.132834,Y
L230261,부산대학교사거리,부산교통정보센터,129.086384,35.231319,Y
L230267,부산역,부산교통정보센터,129.039353,35.114967,Y
L230264,부산우체국,부산교통정보센터,129.036658,35.103092,Y
L230265,부산은행수영민락역지점,부산교통정보센터,129.120327,35.168484,Y
L230266,부산지방경찰청,부산교통정보센터,129.075663,35.178605,Y
L230078,부산지방병무청,부산교통정보센터,129.103547,35.17277,Y
L230178,부산진역 철도 CY(4부두),부산교통정보센터,129.049139,35.124771,Y
L230072,부산항(감만동 굴곡),부산교통정보센터,129.072756,35.11009,Y
L230048,부산항(사장교 종점),부산교통정보센터,129.068744,35.10923,Y
L230100,부산항(사장교 중앙),부산교통정보센터,129.06492,35.106009,Y
L230109,부산항(신선대부두 램프),부산교통정보센터,129.083077,35.108646,Y
L230132,부산항(영도 접속교 시점),부산교통정보센터,129.058938,35.100588,Y
L230277,부산항(영도 진입램프),부산교통정보센터,129.060804,35.102269,Y
L230278,부산항(영도방향 요금소),부산교통정보센터,129.076474,35.108795,Y
L230274,부암교차로,부산교통정보센터,129.050387,35.16848,Y
L230275,북부경찰서입구,부산교통정보센터,129.012636,35.228612,Y
L230273,사상구청,부산교통정보센터,128.98957,35.14926,Y
L230276,사상역,부산교통정보센터,128.984689,35.161973,Y
L230279,사직운동장,부산교통정보센터,129.06382,35.194698,Y
L230230,사하 국민체육센터,부산교통정보센터,128.999656,35.089513,Y
L230068,사하경찰서,부산교통정보센터,128.977261,35.08495,Y
L230013,사하우체국,부산교통정보센터,128.980432,35.10027,Y
L230105,산성터널화명2000M,부산교통정보센터,129.05452,35.243349,Y
L230012,산성터널화명출구,부산교통정보센터,129.025176,35.240942,Y
L230071,산성터널회동2800M,부산교통정보센터,129.052749,35.242823,Y
L230063,산성터널회동4800M,부산교통정보센터,129.076656,35.240018,Y
L230242,산성터널회동600M,부산교통정보센터,129.031481,35.244477,Y
L230101,산성화명진입로,부산교통정보센터,129.079888,35.240519,Y
L230050,산성화명측요금소입구,부산교통정보센터,129.022967,35.238492,Y
L230185,산양삼거리,부산교통정보센터,128.87273,35.112504,Y
L230122,삼락IC,부산교통정보센터,128.982916,35.192964,Y
L230175,삼전교차로,부산교통정보센터,129.063771,35.163847,Y
L230257,서대신사거리,부산교통정보센터,129.011994,35.110943,Y
L230314,서면교차로,부산교통정보센터,129.059124,35.157704,Y
L230076,서부산IC,부산교통정보센터,128.953424,35.155435,Y
L230028,석대,부산교통정보센터,129.117838,35.216762,Y
L230054,석대동 컨테이너 야적장,부산교통정보센터,129.129774,35.22002,Y
L230211,성산삼거리,부산교통정보센터,128.894234,35.121896,Y
L230229,세관삼거리,부산교통정보센터,129.03746,35.105355,Y
L230210,세산삼거리,부산교통정보센터,128.874298,35.14128,Y
L230052,센텀고교,부산교통정보센터,129.126949,35.177501,Y
L230128,센텀시티역,부산교통정보센터,129.13238,35.169264,Y
L230039,센텀이편한VMS1,부산교통정보센터,129.115663,35.189807,Y
L230205,센텀입구,부산교통정보센터,129.119996,35.180667,Y
L230203,센텀중,부산교통정보센터,129.123994,35.173625,Y
L230204,송공삼거리,부산교통정보센터,129.066953,35.167862,Y
L230202,송도교차로,부산교통정보센터,129.018855,35.078565,Y
L230201,송정1호교,부산교통정보센터,129.205905,35.197233,Y
L230312,송정사거리,부산교통정보센터,128.839277,35.10397,Y
L230199,송정삼거리,부산교통정보센터,129.201129,35.183951,Y
L230200,송정해수욕장입구,부산교통정보센터,129.206033,35.181379,Y
L230198,수영1호교사거리,부산교통정보센터,129.12561,35.16539,Y
L230311,수영2호교입구(민락),부산교통정보센터,129.12813,35.15991,Y
L230137,수영4호교,부산교통정보센터,129.118713,35.18427,Y
L230182,수영교차로,부산교통정보센터,129.115182,35.167335,Y
L230114,수정터널(5부두방면1470m),부산교통정보센터,129.044165,35.138024,Y
L230130,수정터널(5부두방면150m),부산교통정보센터,129.034016,35.14645,Y
L230061,수정터널(5부두방면870m),부산교통정보센터,129.038651,35.141763,Y
L230096,수정터널(5부두방면요금소),부산교통정보센터,129.033034,35.14949,Y
L230248,수정터널(가야방면1450m),부산교통정보센터,129.038864,35.142123,Y
L230247,수정터널(가야방면2050m),부산교통정보센터,129.033712,35.148375,Y
L230246,수정터널(가야방면50m),부산교통정보센터,129.050377,35.134349,Y
L230250,수정터널(가야방면850m),부산교통정보센터,129.044531,35.138245,Y
L230251,수정터널(가야방면요금소),부산교통정보센터,129.051482,35.133586,Y
L230249,수정터널(관문대로),부산교통정보센터,129.051517,35.133098,Y
L230244,시민도서관앞,부산교통정보센터,129.048927,35.18165,Y
L230088,신대저교차로,부산교통정보센터,128.973992,35.211169,Y
L230258,신덕,부산교통정보센터,128.974216,35.203114,Y
L230166,신라대입구,부산교통정보센터,128.988455,35.171537,Y
L230014,신리삼거리,부산교통정보센터,129.086591,35.174558,Y
L230136,신모라사거리,부산교통정보센터,128.991051,35.18645,Y
L230074,신선대(광안1190m),부산교통정보센터,129.098082,35.120411,Y
L230016,신선대(광안550m),부산교통정보센터,129.095297,35.115201,Y
L230139,신선대(광안입구),부산교통정보센터,129.095591,35.112361,Y
L230268,신선대(부산항445m),부산교통정보센터,129.097304,35.119572,Y
L230300,신선대(부산항900m),부산교통정보센터,129.09488,35.116003,Y
L230077,신선대(부산항입구),부산교통정보센터,129.099232,35.12303,Y
L230213,아쿠아팰리스 앞,부산교통정보센터,129.168954,35.162038,Y
L230168,안락교차로,부산교통정보센터,129.096638,35.198128,Y
L230005,안락뜨란채VMS,부산교통정보센터,129.109751,35.19502,Y
L230003,안락오거리,부산교통정보센터,129.107259,35.191207,Y
L230119,양정교차로,부산교통정보센터,129.070956,35.172854,Y
L230019,어린이대공원,부산교통정보센터,129.046958,35.181922,Y
L230085,엄궁교차로,부산교통정보센터,128.972203,35.131461,Y
L230086,연산교차로,부산교통정보센터,129.081753,35.186064,Y
L230151,연산터널,부산교통정보센터,129.087371,35.185594,Y
L230282,연산터널(연산방향8m),부산교통정보센터,129.091442,35.18575,Y
L230283,연제구청삼거리,부산교통정보센터,129.078968,35.175743,Y
L230281,연지삼거리,부산교통정보센터,129.05535,35.170805,Y
L230280,연화터널입구,부산교통정보센터,129.222168,35.211544,Y
L230036,영선아래사거리,부산교통정보센터,129.040853,35.085546,Y
L230236,영주사거리,부산교통정보센터,129.037914,35.11186,Y
L230027,옛시청,부산교통정보센터,129.035343,35.097879,Y
L230123,오륜터널입구,부산교통정보센터,129.1025454399377,35.24851428600417,Y
L230087,온천교사거리,부산교통정보센터,129.084225,35.218093,Y
L230256,올림픽교차로,부산교통정보센터,129.139049,35.168694,Y
L230055,올림픽동산,부산교통정보센터,129.131496,35.1647,Y
L230044,와석교차로,부산교통정보센터,129.013626,35.23481,Y
L230290,와석지하차도화명입구,부산교통정보센터,129.020867,35.236313,Y
L230288,와석지하차도화명출구,부산교통정보센터,129.01721,35.234452,Y
L230289,와석지하차도회동입구,부산교통정보센터,129.018304,35.234229,Y
L230193,와석지하차도회동출구,부산교통정보센터,129.021099,35.236004,Y
L230194,용소삼거리,부산교통정보센터,129.099838,35.13703,Y
L230195,우동항 삼거리,부산교통정보센터,129.1342,35.16269,Y
L230196,우암교차로,부산교통정보센터,129.079094,35.124369,Y
L230197,운촌삼거리,부산교통정보센터,129.149052,35.160353,Y
L230179,원동IC,부산교통정보센터,129.113632,35.194107,Y
L230099,원동ICVMS,부산교통정보센터,129.120499,35.189948,Y
L230309,월륜교차로,부산교통정보센터,129.113448,35.184482,Y
L230009,월평교차로,부산교통정보센터,129.140873,35.357617,Y
L230172,유엔교차로,부산교통정보센터,129.0926,35.130027,Y
L230064,윤산기장옥외,부산교통정보센터,129.109817,35.234943,Y
L230287,윤산터널화명100m,부산교통정보센터,129.108861,35.235733,Y
L230286,윤산터널화명900m,부산교통정보센터,129.100174,35.237859,Y
L230241,을숙도1,부산교통정보센터,128.912738,35.089734,Y
L230301,을숙도2,부산교통정보센터,128.923081,35.093303,Y
L230170,을숙도3,부산교통정보센터,128.933488,35.094163,Y
L230302,을숙도4,부산교통정보센터,128.941148,35.09304,Y
L230111,을숙도5,부산교통정보센터,128.950241,35.085841,Y
L230184,을숙도대교(사하),부산교통정보센터,128.95263,35.085809,Y
L230121,을숙도초등학교,부산교통정보센터,128.962069,35.114878,Y
L230056,이케아방면,부산교통정보센터,129.212318,35.194358,Y
L230008,자유시장,부산교통정보센터,129.059168,35.141795,Y
L230030,장대골삼거리,부산교통정보센터,129.112926,35.157332,Y
L230146,장산역교차로,부산교통정보센터,129.175823,35.169121,Y
L230138,장산터널,부산교통정보센터,129.164991,35.176387,Y
L230145,장전지하장전700m,부산교통정보센터,129.089466,35.239649,Y
L230079,장전지하화명400m,부산교통정보센터,129.086041,35.239971,Y
L230181,장평터널(감천방향525),부산교통정보센터,128.976032,35.085014,Y
L230285,장평터널(감천방향입구),부산교통정보센터,128.970431,35.0852,Y
L230284,장평터널(감천방향출구),부산교통정보센터,128.991425,35.084782,Y
L230011,장평터널(을숙도방향520m),부산교통정보센터,128.986163,35.085668,Y
L230176,장평터널(을숙도방향입구),부산교통정보센터,128.991434,35.084904,Y
L230075,장평터널(을숙도방향출구),부산교통정보센터,128.970468,35.085365,Y
L230007,재반로반여초교,부산교통정보센터,129.131325,35.198742,Y
L230001,재송삼익아파트삼거리,부산교통정보센터,129.119976,35.191534,Y
L230059,전포사거리,부산교통정보센터,129.065298,35.157388,Y
L230107,정묘사,부산교통정보센터,129.061106,35.174186,Y
L230098,제2낙동교,부산교통정보센터,129.004477,35.214886,Y
L230046,제2낙동대교(강서),부산교통정보센터,128.990046,35.217285,Y
L230073,조만교,부산교통정보센터,128.886282,35.159186,Y
L230147,좌수영교,부산교통정보센터,129.122323,35.175387,Y
L230026,좌천사거리,부산교통정보센터,129.239996,35.318388,Y
L230240,좌천삼거리,부산교통정보센터,129.052554,35.132734,Y
L230243,주례교차로,부산교통정보센터,129.000108,35.150174,Y
L230082,주례램프,부산교통정보센터,129.00673,35.152405,Y
L230154,중동역교차로,부산교통정보센터,129.167975,35.166874,Y
L230083,진구청 옥상,부산교통정보센터,129.053062,35.162819,Y
L230127,진양램프,부산교통정보센터,129.046526,35.162565,Y
L230303,진양사거리,부산교통정보센터,129.050046,35.161639,Y
L230150,차량등록사업소,부산교통정보센터,128.903778,35.088796,Y
L230149,천마산터널(영도입구),부산교통정보센터,129.021017,35.08039,Y
L230110,천마산터널장림측,부산교통정보센터,128.996927,35.086673,Y
L230124,천우장,부산교통정보센터,129.058965,35.15453,Y
L230206,청강사거리,부산교통정보센터,129.218041,35.235737,Y
L230207,청학소방파출소,부산교통정보센터,129.057687,35.098492,Y
L230208,초량교차로,부산교통정보센터,129.042203,35.120005,Y
L230209,충무교차로,부산교통정보센터,129.024297,35.096521,Y
L230141,토곡사거리,부산교통정보센터,129.107297,35.18775,Y
L230316,하구언IC,부산교통정보센터,128.95675,35.10627,Y
L230317,하단교차로,부산교통정보센터,128.968244,35.106183,Y
L230318,하마정교차로,부산교통정보센터,129.067785,35.17477,Y
L230319,학장,부산교통정보센터,128.987631,35.14313,Y
L230320,학장램프,부산교통정보센터,128.998233,35.150089,Y
L230321,항만삼거리,부산교통정보센터,129.059808,35.130139,Y
L230322,해운대 동부지청,부산교통정보센터,129.126643,35.188493,Y
L230323,해운대 이름난 암소갈비 앞,부산교통정보센터,129.167447,35.162095,Y
L230324,해운대구청어귀삼거리,부산교통정보센터,129.160046,35.1641,Y
L230325,해운대문화회관,부산교통정보센터,129.174226,35.1718,Y
L230326,해운대바다,부산교통정보센터,129.161785,35.15962,Y
L230327,해운대소방서,부산교통정보센터,129.142858,35.160057,Y
L230328,현대자동차부산서비스센터,부산교통정보센터,129.080045,35.191765,Y
L230329,화명대교(김해),부산교통정보센터,128.995092,35.235095,Y
L230330,화명대교(부산),부산교통정보센터,129.005982,35.235577,Y
L230331,화명주공삼거리,부산교통정보센터,129.008276,35.220407,Y
L230332,황령터널,부산교통정보센터,129.095145,35.147606,Y
L230333,황령터널(대연방향),부산교통정보센터,129.08053,35.149876,Y
L230334,황령터널(대연방향1230m),부산교통정보센터,129.086233,35.149703,Y
L230335,황령터널(전포방향280m),부산교통정보센터,129.08533,35.149945,Y
L230336,황령터널(전포방향620m),부산교통정보센터,129.081679,35.150068,Y
L230337,회동교차로,부산교통정보센터,129.115975,35.233896,Y
L030001,계남고가사거리,부천교통정보센터,126.776149,37.503384,Y
L030002,고강지하차도사거리(남),부천교통정보센터,126.8162,37.537,Y
L030003,고강지하차도사거리(북),부천교통정보센터,126.8166,37.5383,Y
L030004,까치울사거리,부천교통정보센터,126.811,37.506,Y
L030005,나눔교회앞,부천교통정보센터,126.793121,37.478946,Y
L030006,내동사거리,부천교통정보센터,126.775,37.52,Y
L030007,내촌고가삼거리,부천교통정보센터,126.782275,37.526699,Y
L030008,내촌사거리,부천교통정보센터,126.785,37.52,Y
L030009,넘말사거리,부천교통정보센터,126.756,37.497,Y
L030010,도당공구상가,부천교통정보센터,126.785,37.511,Y
L030011,동남삼거리,부천교통정보센터,126.797211,37.468675,Y
L030012,멀뫼사거리,부천교통정보센터,126.794,37.484,Y
L030013,봉오고가교사거리,부천교통정보센터,126.761,37.532,Y
L030014,부천체육관사거리,부천교통정보센터,126.761,37.515,Y
L030015,북부역사거리,부천교통정보센터,126.783226,37.485743,Y
L030016,산업길사거리,부천교통정보센터,126.778,37.526,Y
L030017,삼정고가교,부천교통정보센터,126.761,37.526,Y
L030018,삼정교사거리,부천교통정보센터,126.770121,37.525813,Y
L030019,생명수교회 앞,부천교통정보센터,126.792086,37.475236,Y
L030020,성심고가사거리,부천교통정보센터,126.806,37.482,Y
L030021,소방서사거리,부천교통정보센터,126.779,37.494,Y
L030022,소사역앞,부천교통정보센터,126.796066,37.4823,Y
L030023,송내대로사거리,부천교통정보센터,126.758,37.506,Y
L030024,송내북부역사거리,부천교통정보센터,126.753315,37.488671,Y
L030025,송내사거리,부천교통정보센터,126.764,37.484,Y
L030026,심곡고가사거리,부천교통정보센터,126.776285,37.483774,Y
L030027,심곡천사거리,부천교통정보센터,126.784388,37.490597,Y
L030028,약대교회사거리,부천교통정보센터,126.775152,37.510484,Y
L030029,에버빌아파트 앞,부천교통정보센터,126.792813,37.471947,Y
L030030,여월주공삼거리,부천교통정보센터,126.798514,37.510369,Y
L030031,역곡고가사거리,부천교통정보센터,126.818812,37.487228,Y
L030032,역곡남부역사거리,부천교통정보센터,126.812355,37.48463,Y
L030033,오정IC,부천교통정보센터,126.777988,37.531707,Y
L030034,오정대로사거리,부천교통정보센터,126.789636,37.531923,Y
L030035,원종IC,부천교통정보센터,126.806,37.534,Y
L030036,원종교사거리,부천교통정보센터,126.805,37.521,Y
L030037,작동지하차도,부천교통정보센터,126.815463,37.522852,Y
L030038,종합운동장사거리,부천교통정보센터,126.797,37.505,Y
L030039,중동IC,부천교통정보센터,126.748,37.506,Y
L030040,춘의사거리,부천교통정보센터,126.786865,37.50321,Y
L010001,"2,3호터널",서울교통정보센터,126.98853882157705,37.54324759275993,Y
L010003,63빌딩,서울교통정보센터,126.94014,37.51961,Y
L010004,AT센터,서울교통정보센터,127.03887,37.469765,Y
L010005,가락시장,서울교통정보센터,127.11389,37.49733,Y
L010006,가락시장역,서울교통정보센터,127.11895,37.49284,Y
L010008,강남세브란스,서울교통정보센터,127.0471,37.49404,Y
L010009,강남역,서울교통정보센터,127.02783,37.49823,Y
L010010,강남터미널,서울교통정보센터,127.00893,37.5072,Y
L010011,강서구청,서울교통정보센터,126.85266,37.55606,Y
L010012,강일IC,서울교통정보센터,127.16602,37.57415,Y
L010013,개화교,서울교통정보센터,126.79676,37.58481,Y
L010014,개화사거리,서울교통정보센터,126.803709,37.572497,Y
L010035,거리공원오거리,서울교통정보센터,126.89282,37.49751,Y
L010016,경기고,서울교통정보센터,127.0573,37.52034,Y
L010018,경남아파트,서울교통정보센터,127.00186,37.47492,Y
L010353,경동시장R,서울교통정보센터,127.03847,37.57803,Y
L010020,경복궁역,서울교통정보센터,126.972,37.576,Y
L010022,경인2지하차도,서울교통정보센터,126.86367,37.53001,Y
L010023,고려대,서울교통정보센터,127.03317,37.58659,Y
L010024,고려대역,서울교통정보센터,127.03619,37.58991,Y
L010025,고척교,서울교통정보센터,126.87136,37.49873,Y
L010026,공덕오거리,서울교통정보센터,126.95112,37.54366,Y
L010028,광장사거리,서울교통정보센터,127.10477,37.54531,Y
L010029,광화문,서울교통정보센터,126.97847,37.57554,Y
L010030,광화문광장,서울교통정보센터,126.97739,37.57261,Y
L010031,광흥창역,서울교통정보센터,126.93149,37.54779,Y
L010032,교보타워R,서울교통정보센터,127.0243,37.50407,Y
L010033,교육개발원입구,서울교통정보센터,127.039,37.47787,Y
L010034,구로IC,서울교통정보센터,126.87874,37.48648,Y
L010036,구로역,서울교통정보센터,126.88022,37.50305,Y
L010038,구룡터널,서울교통정보센터,127.0593,37.4759,Y
L010039,구반포R,서울교통정보센터,126.98654,37.5014,Y
L010040,구의사거리,서울교통정보센터,127.08527,37.54525,Y
L010041,구파발,서울교통정보센터,126.91653,37.63891,Y
L010042,국립4.19묘지입구,서울교통정보센터,127.01444,37.6483,Y
L010043,국립국악원,서울교통정보센터,127.00829,37.47864,Y
L010044,국립현충원,서울교통정보센터,126.97564,37.50423,Y
L010045,국회,서울교통정보센터,126.91664,37.52858,Y
L010047,국회도서관,서울교통정보센터,126.91926,37.53008,Y
L010048,군자교,서울교통정보센터,127.07337,37.55982,Y
L010049,굽은다리역,서울교통정보센터,127.1435,37.54653,Y
L010051,길동사거리,서울교통정보센터,127.13829,37.5338,Y
L010052,길음,서울교통정보센터,127.0223,37.60151,Y
L010054,김포공항입구,서울교통정보센터,126.80677,37.56205,Y
L010055,까치고개,서울교통정보센터,126.96763,37.47533,Y
L010056,남대문,서울교통정보센터,126.97482,37.56096,Y
L010057,남태령고개,서울교통정보센터,126.98883,37.45821,Y
L010058,내곡IC,서울교통정보센터,127.07541,37.4586,Y
L010059,노량진삼거리,서울교통정보센터,126.94042,37.51338,Y
L010061,녹번3R,서울교통정보센터,126.93587,37.60025,Y
L010062,녹사평역,서울교통정보센터,126.98769,37.53396,Y
L010063,논현역,서울교통정보센터,127.02115,37.51083,Y
L010065,당곡사거리,서울교통정보센터,126.9284,37.48889,Y
L010066,대공원후문,서울교통정보센터,127.08884,37.55354,Y
L010067,대림삼거리,서울교통정보센터,126.90919,37.49268,Y
L010068,대신R,서울교통정보센터,126.94074,37.56071,Y
L010069,대진고교,서울교통정보센터,127.07531,37.63896,Y
L010070,대치사거리,서울교통정보센터,127.0588,37.50326,Y
L010071,대학로,서울교통정보센터,127.00177,37.58183,Y
L010072,도봉검문소,서울교통정보센터,127.04472,37.69283,Y
L010073,도산공원,서울교통정보센터,127.03397,37.52178,Y
L010074,도선사거리,서울교통정보센터,127.036425,37.566089,Y
L010075,도시철도공사,서울교통정보센터,127.05813,37.56252,Y
L010076,독립문,서울교통정보센터,126.96037,37.57242,Y
L010077,동1로지하차도,서울교통정보센터,127.08007,37.59475,Y
L010078,동교동삼거리,서울교통정보센터,126.92653,37.55898,Y
L010080,동대문운동장,서울교통정보센터,127.00757,37.5662,Y
L010081,동묘앞역,서울교통정보센터,127.01554,37.57283,Y
L010082,동호대교남단,서울교통정보센터,127.02372,37.5315,Y
L010083,둔촌사거리,서울교통정보센터,127.13402,37.52096,Y
L010377,등촌삼거리,서울교통정보센터,126.86404,37.5512,Y
L010085,디지털단지,서울교통정보센터,126.89039,37.47909,Y
L010086,떡전교,서울교통정보센터,127.05176,37.5857,Y
L010087,르네상스,서울교통정보센터,127.04292,37.50298,Y
L010088,마포대교남단,서울교통정보센터,126.92986,37.5287,Y
L010089,말미R,서울교통정보센터,126.89802,37.46639,Y
L010090,망우사거리,서울교통정보센터,127.10025,37.59957,Y
L010091,매봉터널,서울교통정보센터,127.04961,37.48853,Y
L010610,먹골역,서울교통정보센터,127.078665,37.607178,Y
L010092,명동역,서울교통정보센터,126.98462,37.56062,Y
L010380,명동입구,서울교통정보센터,126.98173,37.56345,Y
L010094,명일E마트,서울교통정보센터,127.15634,37.5555,Y
L010095,목동교,서울교통정보센터,126.89031,37.53069,Y
L010096,목동오거리,서울교통정보센터,126.86452,37.52645,Y
L010098,문래고가밑,서울교통정보센터,126.89691,37.5132,Y
L010099,미아사거리,서울교통정보센터,127.03028,37.60881,Y
L010100,박미고개,서울교통정보센터,126.90376,37.44716,Y
L010101,박석고개R,서울교통정보센터,126.92004,37.62702,Y
L010102,반포IC,서울교통정보센터,127.01838,37.50279,Y
L010103,반포대교남단,서울교통정보센터,126.99865,37.50957,Y
L010104,발산역,서울교통정보센터,126.83817,37.55877,Y
L010105,방학사거리,서울교통정보센터,127.04263,37.66267,Y
L010106,방학신동아,서울교통정보센터,127.02746,37.66166,Y
L010107,방화대교남단,서울교통정보센터,126.82025,37.58388,Y
L010108,배봉초교,서울교통정보센터,127.06861,37.57882,Y
L010109,번동사거리,서울교통정보센터,127.03423,37.63549,Y
L010111,보라매역,서울교통정보센터,126.92007,37.49976,Y
L010112,복정사거리,서울교통정보센터,127.12643,37.47042,Y
L010611,봉원고가,서울교통정보센터,126.94676,37.566577,Y
L010113,봉은교서단,서울교통정보센터,127.06625,37.51611,Y
L010114,봉은사삼거리,서울교통정보센터,127.05633,37.51372,Y
L010115,북서울꿈의숲,서울교통정보센터,127.03781,37.61319,Y
L010116,북한남,서울교통정보센터,127.00155,37.54405,Y
L010117,사당역,서울교통정보센터,126.98136,37.47688,Y
L010118,삼각지,서울교통정보센터,126.97442,37.53563,Y
L010119,삼릉공원,서울교통정보센터,127.04185,37.50984,Y
L010120,삼성역,서울교통정보센터,127.06362,37.5088,Y
L010121,삼양R,서울교통정보센터,127.02114,37.61969,Y
L010122,삼양동입구,서울교통정보센터,127.03005,37.61689,Y
L010123,삼전사거리,서울교통정보센터,127.08795,37.5047,Y
L010124,삼정,서울교통정보센터,127.03134,37.50655,Y
L010126,"상계7,9,10단지",서울교통정보센터,127.05854,37.66136,Y
L010127,상계초교,서울교통정보센터,127.06675,37.65729,Y
L010128,상도,서울교통정보센터,126.9478,37.50303,Y
L010129,상암교,서울교통정보센터,126.8992,37.56652,Y
L010130,상암사거리,서울교통정보센터,126.89889,37.57308,Y
L010131,상암초교,서울교통정보센터,126.892496,37.577141,Y
L010132,상왕십리역,서울교통정보센터,127.03025,37.56426,Y
L010133,상일IC,서울교통정보센터,127.17915,37.54903,Y
L010134,생태공원,서울교통정보센터,127.15271,37.5386,Y
L010135,서대문역,서울교통정보센터,126.96665,37.56613,Y
L010136,서부트럭터미널,서울교통정보센터,126.8431,37.50939,Y
L010138,서울교남단,서울교통정보센터,126.91347,37.51891,Y
L010139,서울대입구R,서울교통정보센터,126.95301,37.48141,Y
L010140,서울성모병원,서울교통정보센터,127.0037,37.50215,Y
L010141,서울세관사거리,서울교통정보센터,127.03501,37.51507,Y
L010143,서울역,서울교통정보센터,126.97343,37.55486,Y
L010144,서울혁신파크,서울교통정보센터,126.93163,37.60882,Y
L010145,서초IC,서울교통정보센터,127.02632,37.48329,Y
L010146,서초역사거리,서울교통정보센터,127.00808,37.49171,Y
L010147,석촌역,서울교통정보센터,127.10762,37.50519,Y
L010148,선사사거리,서울교통정보센터,127.12947,37.55494,Y
L010149,선암IC,서울교통정보센터,127.02036,37.46046,Y
L010150,성균관대입구,서울교통정보센터,127.00136,37.58547,Y
L010151,성동교남단,서울교통정보센터,127.04384,37.55177,Y
L010152,성산2교,서울교통정보센터,126.9122197,37.5652843315,Y
L010153,성산대교남단,서울교통정보센터,126.88679,37.54571,Y
L010154,성산대교북단,서울교통정보센터,126.89488,37.55784,Y
L010155,성수대교,서울교통정보센터,127.03455,37.53263,Y
L010156,성수대교남단교차로,서울교통정보센터,127.03447,37.53055,Y
L010404,성신여대입구,서울교통정보센터,127.01662,37.59292,Y
L010158,세곡사거리,서울교통정보센터,127.10857,37.46449,Y
L010161,수락지하도,서울교통정보센터,127.05556,37.6865,Y
L010162,수색교,서울교통정보센터,126.8872229,37.587286772,Y
L010164,수서IC,서울교통정보센터,127.0981438,37.49277034,Y
L010165,수서역,서울교통정보센터,127.10155,37.48706,Y
L010166,수유사거리,서울교통정보센터,127.02318,37.63577,Y
L010168,시립동부병원,서울교통정보센터,127.03056,37.57379,Y
L010169,시청,서울교통정보센터,126.97762,37.56618,Y
L010170,시흥IC,서울교통정보센터,126.898,37.47858,Y
L010171,시흥대교,서울교통정보센터,126.89329,37.45234,Y
L010174,신당로터리,서울교통정보센터,127.01645,37.5652,Y
L010175,신도림역,서울교통정보센터,126.89041,37.51053,Y
L010417,신림사거리,서울교통정보센터,126.92951,37.48443,Y
L010177,신사오거리,서울교통정보센터,126.91594,37.59931,Y
L010178,신설로터리,서울교통정보센터,127.0236,37.57557,Y
L010179,신영삼거리,서울교통정보센터,126.96161,37.60341,Y
L010180,신월IC,서울교통정보센터,126.83491,37.52593,Y
L010181,신정교동단,서울교통정보센터,126.88184,37.51519,Y
L010182,신정네거리역,서울교통정보센터,126.85202,37.52162,Y
L010183,신촌,서울교통정보센터,126.93753,37.5549,Y
L010184,신풍,서울교통정보센터,126.90864,37.50002,Y
L010186,안국역,서울교통정보센터,126.98274,37.57541,Y
L010187,안암오거리,서울교통정보센터,127.02972,37.58266,Y
L010188,안양교,서울교통정보센터,126.87219,37.49232,Y
L010189,압구정R,서울교통정보센터,127.02778,37.52724,Y
L010190,약수고가,서울교통정보센터,127.01067,37.55512,Y
L010191,양재IC,서울교통정보센터,127.0401726,37.46363635,Y
L010192,양재역,서울교통정보센터,127.03394,37.48434,Y
L010195,양화대교남단,서울교통정보센터,126.90038,37.53866,Y
L010194,양화대교북단,서울교통정보센터,126.90816,37.54696,Y
L010198,어린이대공원역,서울교통정보센터,127.07383,37.54717,Y
L010199,여의공원,서울교통정보센터,126.92016,37.52557,Y
L010200,여의교남단,서울교통정보센터,126.92683,37.51489,Y
L010201,여의교북단,서울교통정보센터,126.92807,37.5171,Y
L010204,여의도국민은행,서울교통정보센터,126.91874,37.52846,Y
L010205,여의하류IC,서울교통정보센터,126.9082,37.53288,Y
L010426,역삼역,서울교통정보센터,127.0365622,37.50071403,Y
L010207,역촌R,서울교통정보센터,126.923,37.606,Y
L010208,연세대,서울교통정보센터,126.93463,37.55975,Y
L010209,연신내,서울교통정보센터,126.92125,37.61868,Y
L010210,연희IC,서울교통정보센터,126.92919,37.56494,Y
L010211,염곡,서울교통정보센터,127.04301,37.46609,Y
L010212,염곡IC,서울교통정보센터,127.055515,37.459046,Y
L010213,염천교,서울교통정보센터,126.971584,37.559516,Y
L010214,영동대교남단,서울교통정보센터,127.05435,37.52605,Y
L010215,영동대교북단,서울교통정보센터,127.05949,37.53383,Y
L010216,영동전화국,서울교통정보센터,127.04439,37.50341,Y
L010431,영등포구청,서울교통정보센터,126.89746,37.5279,Y
L010218,영등포시장,서울교통정보센터,126.90475,37.51985,Y
L010219,영등포역,서울교통정보센터,126.90712,37.51627,Y
L010220,영등포전화국R,서울교통정보센터,126.90573,37.52575,Y
L010221,예일여고,서울교통정보센터,126.9174863,37.6109312789,Y
L010609,오금교,서울교통정보센터,126.874668,37.507264,Y
L010222,오금교서단,서울교통정보센터,126.87221,37.50966,Y
L010223,오금사거리,서울교통정보센터,127.12393,37.50448,Y
L010224,오류IC,서울교통정보센터,126.84834,37.49831,Y
L010225,오륜R,서울교통정보센터,127.1395,37.50694,Y
L010226,오목교,서울교통정보센터,126.8812,37.52348,Y
L010227,온수,서울교통정보센터,126.83714,37.4928,Y
L010229,올림픽공원,서울교통정보센터,127.11248,37.5171,Y
L010231,올림픽대교남단,서울교통정보센터,127.11764222,37.52571352,Y
L010233,왕십리역오거리,서울교통정보센터,127.0352,37.56116,Y
L010234,외발산사거리,서울교통정보센터,126.81685,37.55137,Y
L010235,용곡삼거리,서울교통정보센터,127.08599,37.56936,Y
L010432,용비IC,서울교통정보센터,127.02938,37.54256,Y
L010237,용산가족공원,서울교통정보센터,126.9833,37.51958,Y
L010238,용산구청,서울교통정보센터,126.96668,37.53805,Y
L010239,우신초교,서울교통정보센터,126.91049,37.51087,Y
L010240,워커힐,서울교통정보센터,127.10929,37.55151,Y
L010241,원남R,서울교통정보센터,126.99715,37.57626,Y
L010242,원불교,서울교통정보센터,126.96522,37.50744,Y
L010243,원효대교남단,서울교통정보센터,126.93783,37.52305,Y
L010244,월계1교,서울교통정보센터,127.06254,37.63227,Y
L010245,월계2교,서울교통정보센터,127.04967,37.6244,Y
L010246,월계진아,서울교통정보센터,127.06434,37.62847,Y
L010247,월곡역,서울교통정보센터,127.041757,37.602264,Y
L010017,월드컵경기장,서울교통정보센터,126.89327995309,37.5676406,Y
L010248,월드컵정문,서울교통정보센터,126.8945,37.56899,Y
L010249,월릉교,서울교통정보센터,127.07224,37.61667,Y
L010252,은마아파트,서울교통정보센터,127.060775,37.498892,Y
L010253,은평구청,서울교통정보센터,126.92731,37.6017,Y
L010254,을지로1가,서울교통정보센터,126.98297,37.5662,Y
L010255,을지로2가,서울교통정보센터,126.98728,37.56637,Y
L010256,을지로3R,서울교통정보센터,126.99008,37.56644,Y
L010257,을지로4가,서울교통정보센터,126.99799,37.56652,Y
L010258,을지병원R,서울교통정보센터,127.02792,37.51993,Y
L010259,응봉고개,서울교통정보센터,127.03439,37.55323,Y
L010260,응암오거리,서울교통정보센터,126.917162,37.590201,Y
L010261,이대역,서울교통정보센터,126.94573,37.5566,Y
L010262,이수교,서울교통정보센터,126.98509,37.49925,Y
L010263,이수역,서울교통정보센터,126.9824,37.4846,Y
L010264,이화사거리,서울교통정보센터,127.00235,37.576,Y
L010265,일원터널,서울교통정보센터,127.07568,37.48654,Y
L010268,잠실대교북단,서울교통정보센터,127.08826,37.52834,Y
L010269,잠실역,서울교통정보센터,127.0988,37.51424,Y
L010270,잠원IC,서울교통정보센터,127.01567,37.50955,Y
L010271,장승배기,서울교통정보센터,126.93955,37.5052,Y
L010272,장안R,서울교통정보센터,127.07193,37.5725,Y
L010273,장안교,서울교통정보센터,127.0795,37.58155,Y
L010274,장지교,서울교통정보센터,127.126726,37.475745,Y
L010275,장충로터리,서울교통정보센터,127.00593,37.55924,Y
L010276,장평교,서울교통정보센터,127.07944,37.57187,Y
L010277,전농,서울교통정보센터,127.05787,37.57775,Y
L010279,정의여중,서울교통정보센터,127.03643,37.6511,Y
L010459,종로1가,서울교통정보센터,126.98323,37.57003,Y
L010281,종로2가,서울교통정보센터,126.98803,37.5704,Y
L010159,종로3가,서울교통정보센터,126.9920452,37.5702045,Y
L010460,종로4가,서울교통정보센터,126.9985,37.57102,Y
L010284,종합운동장,서울교통정보센터,127.07795,37.51202,Y
L010285,중계역,서울교통정보센터,127.06429,37.64547,Y
L010286,중랑교,서울교통정보센터,127.06956,37.59211,Y
L010287,중화중교,서울교통정보센터,127.09495,37.58629,Y
L010288,증산교,서울교통정보센터,126.90307,37.5773,Y
L010289,증산역,서울교통정보센터,126.9106,37.58451,Y
L010290,창덕궁R,서울교통정보센터,126.99,37.57729,Y
L010291,창동교,서울교통정보센터,127.05486,37.65324,Y
L010292,천호대교남단,서울교통정보센터,127.11892,37.54111,Y
L010293,천호사거리,서울교통정보센터,127.12317,37.53849,Y
L010294,철도빌딩,서울교통정보센터,126.96921,37.55323,Y
L010295,철산대교,서울교통정보센터,126.87825,37.47533,Y
L010296,청계2가,서울교통정보센터,126.98737,37.56783,Y
L010297,청계5가,서울교통정보센터,127.00227,37.56993,Y
L010298,청계6가,서울교통정보센터,127.00838,37.5709,Y
L010299,청계8가,서울교통정보센터,127.02354,37.57205,Y
L010482,청계광장,서울교통정보센터,126.97863,37.56889,Y
L010300,청담공원,서울교통정보센터,127.05061,37.51867,Y
L010301,청담교,서울교통정보센터,127.06543,37.5182,Y
L010302,청담대교북단,서울교통정보센터,127.06685,37.53133,Y
L010303,청담사거리,서울교통정보센터,127.04751,37.52448,Y
L010304,청량리,서울교통정보센터,127.046,37.58,Y
L010305,청운초교,서울교통정보센터,126.970233,37.585115,Y
L010306,충정로,서울교통정보센터,126.96293,37.55976,Y
L010307,코엑스,서울교통정보센터,127.06079,37.5141,Y
L010308,탄천1교,서울교통정보센터,127.08075,37.49949,Y
L010309,탄천2교,서울교통정보센터,127.07052,37.50181,Y
L010311,태양아파트,서울교통정보센터,127.04411,37.57223,Y
L010312,테크노마트,서울교통정보센터,127.09592,37.53527,Y
L010313,퇴계2가,서울교통정보센터,126.99109,37.56169,Y
L010477,퇴계4가,서울교통정보센터,126.99886,37.56248,Y
L010315,퇴계5가,서울교통정보센터,127.002131,37.562849,Y
L010316,포스코,서울교통정보센터,127.05675,37.50722,Y
L010479,하계역,서울교통정보센터,127.06808,37.6357,Y
L010318,학여울역,서울교통정보센터,127.0703,37.49641,Y
L010481,한강대교남단,서울교통정보센터,126.95552,37.51346,Y
L010480,한강대교북단,서울교통정보센터,126.96152,37.52268,Y
L010321,한강중학교,서울교통정보센터,126.99199,37.52651,Y
L010322,한남고가,서울교통정보센터,127.00729,37.53337,Y
L010487,한남대교남단,서울교통정보센터,127.01665,37.52367,Y
L010486,한남대교남단2,서울교통정보센터,127.01654,37.52377,Y
L010325,한성대입구,서울교통정보센터,127.00595,37.58822,Y
L010326,한양대,서울교통정보센터,127.04326,37.55699,Y
L010327,합정역,서울교통정보센터,126.91345,37.54895,Y
L010328,행주대교남단,서울교통정보센터,126.80435,37.59221,Y
L010329,홍남교,서울교통정보센터,126.92613,37.57554,Y
L010331,홍은,서울교통정보센터,126.94111,37.59151,Y
L010332,화곡역,서울교통정보센터,126.84018,37.5417,Y
L010333,화곡입구,서울교통정보센터,126.82633,37.53924,Y
L010334,화랑대사거리,서울교통정보센터,127.0875,37.6215,Y
L010336,화양고가,서울교통정보센터,127.06748,37.54868,Y
L010337,회기역,서울교통정보센터,127.05591,37.59022,Y
L010338,회현R,서울교통정보센터,126.98263,37.56023,Y
L010340,힐튼호텔,서울교통정보센터,126.97664,37.55601,Y
L190001,CJ연구소,수원교통정보센터,127.040007211,37.286469782,Y
L190002,가람마을사거리,수원교통정보센터,127.051303348,37.275089857,Y
L190003,가온마을 305동 사거리,수원교통정보센터,126.9393998857,37.2768224615,Y
L190004,경기대후문사거리,수원교통정보센터,127.0412955,37.296941831,Y
L190005,경기아트센터사거리,수원교통정보센터,127.038029372111,37.259941842,Y
L190006,경찰청고개,수원교통정보센터,127.035535627,37.293993604,Y
L190007,고등동사거리,수원교통정보센터,127.00214223751,37.273100887544,Y
L190008,고색사거리,수원교통정보센터,126.976188915,37.249694052,Y
L190009,곡선사거리,수원교통정보센터,127.036857024,37.256627163,Y
L190010,관터사거리,수원교통정보센터,127.053503476,37.273179109,Y
L190011,광교로삼거리,수원교통정보센터,127.051813189,37.305496651,Y
L190012,광교사거리,수원교통정보센터,127.049256367,37.295320923,Y
L190013,광교중앙공원,수원교통정보센터,127.055365285565,37.29581216254,Y
L190014,광교중앙로사거리,수원교통정보센터,127.056591708,37.285044049,Y
L190015,광교중앙역삼거리,수원교통정보센터,127.05062623,37.289519887,Y
L190016,교동사거리,수원교통정보센터,127.016281262,37.272434554,Y
L190017,구운사거리,수원교통정보센터,126.969558422,37.283850835,Y
L190018,구운오거리,수원교통정보센터,126.973839561,37.2816623,Y
L190019,권곡사거리,수원교통정보센터,127.032351535,37.246624395,Y
L190020,권선사거리,수원교통정보센터,127.023666847,37.260177713,Y
L190021,권선지하차도 사거리,수원교통정보센터,127.03819836,37.245095048,Y
L190022,난방공사사거리,수원교통정보센터,127.065595932,37.25723558,Y
L190023,농수산시장사거리,수원교통정보센터,127.030277626,37.258069347,Y
L190024,느티나무사거리,수원교통정보센터,127.075591998,37.255655915,Y
L190025,능골사거리,수원교통정보센터,126.961927724,37.255607333,Y
L190093,당수,수원교통정보센터,126.943411895464,37.2871098110565,Y
L190026,도청오거리,수원교통정보센터,127.008584681,37.269504978,Y
L190027,동수원사거리,수원교통정보센터,127.031206373,37.27800004,Y
L190028,두암골사거리,수원교통정보센터,126.960503554,37.272309988,Y
L190029,만석공원사거리,수원교통정보센터,126.997510391,37.297769,Y
L190030,망포역사거리,수원교통정보센터,127.057145291,37.246022148,Y
L190031,망포지하차도위,수원교통정보센터,127.060229041,37.237305995,Y
L190032,매교역사거리,수원교통정보센터,127.015808314,37.265447191,Y
L190033,매탄권선역사거리,수원교통정보센터,127.042016764,37.251541744,Y
L190034,박지성삼거리,수원교통정보센터,127.045709159,37.238505648,Y
L190035,벌말교차로,수원교통정보센터,126.998332198,37.259542868,Y
L190036,벌터교차로,수원교통정보센터,126.99582376,37.26167525,Y
L190037,법원사거리,수원교통정보센터,127.047998946,37.273342285,Y
L190038,비행장사거리,수원교통정보센터,127.017580789,37.241790226,Y
L190039,산드레미사거리,수원교통정보센터,127.055541538,37.267076951,Y
L190040,산업단지교차로6,수원교통정보센터,126.9791615916,37.2406344848,Y
L190041,산의초교사거리,수원교통정보센터,127.057311803,37.288798308,Y
L190042,삼성삼거리,수원교통정보센터,127.069813982,37.268099888,Y
L190043,서둔교차로,수원교통정보센터,126.993944834,37.270724261,Y
L190044,서천사거리,수원교통정보센터,127.075484306,37.247851588,Y
L190045,성대역사거리,수원교통정보센터,126.972971914,37.300721687,Y
L190046,세류사거리,수원교통정보센터,127.011346601,37.25399326,Y
L190047,세삼사거리,수원교통정보센터,127.048136127,37.247175664,Y
L190048,센트럴파크로사거리,수원교통정보센터,127.061992007,37.289718502,Y
L190049,솔대사거리,수원교통정보센터,127.002074013,37.305800119,Y
L190050,수원역광장삼거리,수원교통정보센터,127.001422471,37.266282046,Y
L190051,시청사거리,수원교통정보센터,127.02488992,37.263251486,Y
L190052,신대저수지,수원교통정보센터,127.073310034,37.282770008,Y
L190053,신매탄사거리,수원교통정보센터,127.040283058,37.265602783,Y
L190054,안죽골삼거리,수원교통정보센터,126.978560076,37.312060521,Y
L190055,에콘힐사거리,수원교통정보센터,127.059265285,37.273179914,Y
L190056,연화장,수원교통정보센터,127.0780321,37.287645683,Y
L190057,영통고가밑사거리,수원교통정보센터,127.081902412,37.267950815,Y
L190058,영통구청사거리,수원교통정보센터,127.047973897,37.258293855,Y
L190059,영통사거리,수원교통정보센터,127.066013567,37.246218479,Y
L190060,영화초교사거리,수원교통정보센터,127.016338977,37.294890112,Y
L190061,오목천교사거리,수원교통정보센터,126.967563612,37.24737555,Y
L190062,우만사거리,수원교통정보센터,127.037987583,37.276784729,Y
L190063,운동장사거리,수원교통정보센터,127.009667223,37.295348171,Y
L190064,원천교사거리,수원교통정보센터,127.060971004,37.270201813,Y
L190065,육교사거리,수원교통정보센터,126.999158058,37.269560932,Y
L190066,이의중삼거리,수원교통정보센터,127.070909097,37.290032023,Y
L190067,인계사거리,수원교통정보센터,127.027539235,37.268526601,Y
L190068,인도래사거리,수원교통정보센터,127.033758959,37.267072636,Y
L190069,장안구청사거리,수원교통정보센터,127.009231469,37.301922441,Y
L190070,정자사거리,수원교통정보센터,127.00305168,37.290679156,Y
L190071,정조사거리,수원교통정보센터,127.014325602,37.262425234,Y
L190072,정천지하보차도위,수원교통정보센터,126.984979281,37.291039381,Y
L190073,종로사거리,수원교통정보센터,127.016743945,37.281953878,Y
L190074,중소기업지원센터사거리,수원교통정보센터,127.044986908,37.29043875,Y
L190075,지동사거리,수원교통정보센터,127.023678683,37.27587479,Y
L190076,지지대교차로,수원교통정보센터,126.98831324,37.319190636,Y
L190077,창룡문사거리,수원교통정보센터,127.025306754,37.289548672,Y
L190078,천천초교사거리,수원교통정보센터,126.983070071,37.3010138735,Y
L190079,큰우물사거리,수원교통정보센터,127.061559951,37.264529594,Y
L190080,터미널사거리,수원교통정보센터,127.018451211,37.250294735,Y
L190081,퉁소바위사거리,수원교통정보센터,127.028785737,37.291766869,Y
L190082,평동사거리,수원교통정보센터,126.990859156,37.253523298,Y
L190083,학술림삼거리,수원교통정보센터,126.942968936,37.26756841,Y
L190084,행정타운사거리,수원교통정보센터,126.971559629,37.261890756,Y
L190085,호매실도서관사거리,수원교통정보센터,126.957707833,37.265716533,Y
L190086,호매실사거리,수원교통정보센터,126.964457172,37.261063005,Y
L190087,호매실지하차도위사거리,수원교통정보센터,126.957034899,37.261367384,Y
L190088,호매실홈플러스사거리,수원교통정보센터,126.956257611,37.275228232,Y
L190089,호반마을삼거리,수원교통정보센터,127.066896512,37.276114704,Y
L190090,화서문로터리,수원교통정보센터,127.007553225,37.285400531,Y
L190091,화서역사거리,수원교통정보센터,126.989479208,37.285977698,Y
L190092,효성사거리,수원교통정보센터,127.038517694,37.28298852,Y
E43001,갈산1교차로(아산시교통정보센터),아산교통정보센터,127.065855,36.786463,Y
E43002,곡교천야영장(아산시교통정보센터),아산교통정보센터,127.024916,36.796307,Y
E43003,남성사거리(아산시교통정보센터),아산교통정보센터,126.954307,36.783283,Y
E43004,덕지1교차로(아산시교통정보센터),아산교통정보센터,127.084005,36.834082,Y
E43005,돌다리2교차로(아산시교통정보센터),아산교통정보센터,127.056657,36.918569,Y
E43006,동신사거리(아산시교통정보센터),아산교통정보센터,127.019223,36.778205,Y
E43007,동암1교차로(아산시교통정보센터),아산교통정보센터,127.062402,36.841779,Y
E43008,동천교회사거리(아산시교통정보센터),아산교통정보센터,127.01145,36.785048,Y
E43009,매곡교차로(아산시교통정보센터),아산교통정보센터,127.082874,36.788248,Y
E43010,매곡삼거리(아산시교통정보센터),아산교통정보센터,127.087186,36.780051,Y
E43011,모산중학교(아산시교통정보센터),아산교통정보센터,127.055131,36.769462,Y
E43012,박물관사거리(아산시교통정보센터),아산교통정보센터,127.007098,36.790512,Y
E43013,배방교차로(아산시교통정보센터),아산교통정보센터,127.08835,36.7898,Y
E43014,배방역사거리(아산시교통정보센터),아산교통정보센터,127.054275,36.776815,Y
E43015,산동사거리(아산시교통정보센터),아산교통정보센터,127.093906,36.829714,Y
E43016,삼정백조APT(아산시교통정보센터),아산교통정보센터,126.969828,36.786787,Y
E43017,석정교차로(아산시교통정보센터),아산교통정보센터,127.007316,36.803084,Y
E43018,선창교차로(아산시교통정보센터),아산교통정보센터,126.866231,36.795126,Y
E43019,세교교차로(아산시교통정보센터),아산교통정보센터,127.09235,36.782115,Y
E43020,시포사거리(아산시교통정보센터),아산교통정보센터,127.034962,36.926685,Y
E43021,신동교(아산시교통정보센터),아산교통정보센터,127.02928,36.786046,Y
E43022,신정삼거리(아산시교통정보센터),아산교통정보센터,126.9834,36.78615,Y
E43023,신정호교차로(아산시교통정보센터),아산교통정보센터,126.981863,36.771769,Y
E43024,실옥사거리(아산시교통정보센터),아산교통정보센터,126.995745,36.790048,Y
E43025,아산경찰서삼거리(아산시교통정보센터),아산교통정보센터,127.021647,36.772597,Y
E43026,아산세교초사거리(아산시교통정보센터),아산교통정보센터,127.094676,36.77817,Y
E43027,암소고개삼거리(아산시교통정보센터),아산교통정보센터,127.082157,36.772442,Y
E43028,역전삼거리(아산시교통정보센터),아산교통정보센터,127.003822,36.781234,Y
E43029,옥정사거리(아산시교통정보센터),아산교통정보센터,126.993215,36.79422,Y
E43030,온천마을APT(아산시교통정보센터),아산교통정보센터,127.002062,36.775194,Y
E43031,용화동사거리(아산시교통정보센터),아산교통정보센터,126.99425,36.771125,Y
E43032,월천도시개발지구사거리(아산시교통정보센터),아산교통정보센터,127.07556,36.770994,Y
E43033,은수교차로(아산시교통정보센터),아산교통정보센터,127.074735,36.776723,Y
E43034,이마트트레이더스(아산시교통정보센터),아산교통정보센터,127.10634,36.79704,Y
E43035,이지더원7단지삼거리(아산시교통정보센터),아산교통정보센터,127.051015,36.920592,Y
E43036,중앙도서관(아산시교통정보센터),아산교통정보센터,127.006505,36.770137,Y
E43037,코아루웰메이드시티(아산시교통정보센터),아산교통정보센터,127.10325,36.78706,Y
E43038,탕정사거리(아산시교통정보센터),아산교통정보센터,127.056374,36.797017,Y
E43039,풍기1교차로(아산시교통정보센터),아산교통정보센터,127.027202,36.775722,Y
E43040,풍기2교차로(아산시교통정보센터),아산교통정보센터,127.01462,36.77158,Y
E43041,한내대교남단(아산시교통정보센터),아산교통정보센터,127.053411,36.788918,Y
E43042,현충교차로(아산시교통정보센터),아산교통정보센터,127.044137,36.795997,Y
E43043,현충사입구사거리(아산시교통정보센터),아산교통정보센터,127.026843,36.800093,Y
E43044,호반써밋사거리(아산시교통정보센터),아산교통정보센터,127.068125,36.79347,Y
E43045,휴먼시아1단지(아산시교통정보센터),아산교통정보센터,127.08774,36.79575,Y
L240031,13번교차로,양산교통정보센터,129.0389,35.3563,Y
L240010,강서치안센터삼거리,양산교통정보센터,129.035695,35.358153,Y
L240001,공원묘지입구,양산교통정보센터,129.087158,35.475251,Y
L240005,남양산 IC,양산교통정보센터,129.029684,35.322371,Y
L240014,내송사거리,양산교통정보센터,129.058271,35.325043,Y
L240030,내송역,양산교통정보센터,129.065046,35.31629,Y
L240022,덕계사거리,양산교통정보센터,129.153055,35.373997,Y
L240007,동산초교앞 삼거리,양산교통정보센터,129.024644,35.303861,Y
L240028,동원로얄듀크사거리,양산교통정보센터,129.013017,35.325032,Y
L240019,물금 IC,양산교통정보센터,129.017222,35.308101,Y
L240002,반회삼거리,양산교통정보센터,129.056316,35.41229,Y
L240003,범어정수장입구,양산교통정보센터,129.012818,35.335905,Y
L240018,범어지하차도사거리,양산교통정보센터,129.006389,35.330468,Y
L240029,사송롯데캐슬인근교차로,양산교통정보센터,129.069684,35.312453,Y
L240020,사송육교삼거리,양산교통정보센터,129.080694,35.303982,Y
L240008,산막공단입구삼거리,양산교통정보센터,129.044927,35.371045,Y
L240023,삼호사거리,양산교통정보센터,129.168638,35.415449,Y
L240009,새롬성원아파트사거리,양산교통정보센터,129.044865,35.358794,Y
L240025,서창삼거리,양산교통정보센터,129.163006,35.400441,Y
L240015,석산교사거리,양산교통정보센터,129.034745,35.329884,Y
L240026,신도시주유소사거리,양산교통정보센터,129.028807,35.334912,Y
L240027,양산천교밑사거리,양산교통정보센터,129.022254,35.323653,Y
L240017,양산축산농협삼거리,양산교통정보센터,129.148181,35.381917,Y
L240013,어곡사거리,양산교통정보센터,129.027399,35.373707,Y
L240024,용당마을삼거리,양산교통정보센터,129.183543,35.427689,Y
L240021,월평고개삼거리,양산교통정보센터,129.146062,35.366568,Y
L240011,종합운동장사거리,양산교통정보센터,129.033718,35.343495,Y
L240004,창기마을 인근,양산교통정보센터,129.132946,35.350437,Y
L240012,협성강변타운삼거리,양산교통정보센터,129.024472,35.340767,Y
L240006,호포고가교삼거리,양산교통정보센터,129.014953,35.288121,Y
E630001,고창군(부정교)(저해상도),영산강홍수통제소,126.623333333333,35.4725,Y
E630037,곡성군(금곡교)(저해상도),영산강홍수통제소,127.295833333333,35.3113888888888,Y
E630047,곡성군(태안교)(저해상도),영산강홍수통제소,127.346666666666,35.1602777777777,Y
E630070,곡성군(합강교)(저해상도),영산강홍수통제소,127.180555555555,35.3219444444444,Y
E630031,광양시(서산교)(저해상도),영산강홍수통제소,127.58,34.9677777777777,Y
E630010,광양시(용강교)(저해상도),영산강홍수통제소,127.601944444444,34.9747222222222,Y
E630035,광주광역시(극락교)(저해상도),영산강홍수통제소,126.825833333333,35.1358333333333,Y
E630069,광주광역시(도촌교)(저해상도),영산강홍수통제소,126.811944444444,35.2183333333333,Y
E630068,광주광역시(벽진동)(저해상도),영산강홍수통제소,126.845,35.13,Y
E630080,광주광역시(신운교)(저해상도),영산강홍수통제소,126.890833333333,35.1686111111111,Y
E630008,광주광역시(용산교)(저해상도),영산강홍수통제소,126.888611111111,35.2405555555555,Y
E630009,광주광역시(용진교)(저해상도),영산강홍수통제소,126.746666666666,35.2152777777777,Y
E630036,광주광역시(유촌교)(저해상도),영산강홍수통제소,126.856666666666,35.1669444444444,Y
E630032,광주광역시(장록교)(저해상도),영산강홍수통제소,126.785,35.1341666666666,Y
E630081,광주광역시(천교)(저해상도),영산강홍수통제소,126.907222222222,35.1511111111111,Y
E630011,광주광역시(평림교)(저해상도),영산강홍수통제소,126.69,35.1652777777777,Y
E630012,광주광역시(풍영정천2교)(저해상도),영산강홍수통제소,126.814722222222,35.1716666666666,Y
E630040,구례군(구례교)(저해상도),영산강홍수통제소,127.454166666666,35.1655555555555,Y
E630041,구례군(송정리)(저해상도),영산강홍수통제소,127.558611111111,35.1922222222222,Y
E630033,나주시(나주대교)(저해상도),영산강홍수통제소,126.732222222222,35.0372222222222,Y
E630034,나주시(남평교)(저해상도),영산강홍수통제소,126.845277777777,35.0494444444444,Y
E630014,나주시(동곡리)(저해상도),영산강홍수통제소,126.716111111111,34.9675,Y
E630071,나주시(무명교)(저해상도),영산강홍수통제소,126.586666666666,34.9194444444444,Y
E630015,나주시(우산교)(저해상도),영산강홍수통제소,126.8825,34.9833333333333,Y
E630072,남원시(구암교)(저해상도),영산강홍수통제소,127.386388888888,35.4208333333333,Y
E630042,남원시(동림교)(저해상도),영산강홍수통제소,127.391388888888,35.4086111111111,Y
E630073,남원시(요천교)(저해상도),영산강홍수통제소,127.436111111111,35.4552777777777,Y
E630006,남원시(월석교)(저해상도),영산강홍수통제소,127.514444444444,35.4977777777777,Y
E630016,담양군(삼지교)(저해상도),영산강홍수통제소,126.935833333333,35.2705555555555,Y
E630017,담양군(양지교)(저해상도),영산강홍수통제소,126.943611111111,35.2561111111111,Y
E630074,무안군(몽탄대교)(저해상도),영산강홍수통제소,126.521666666666,34.9041666666666,Y
E630053,서귀포시(개끄리민교)(저해상도),영산강홍수통제소,126.341944444444,33.2438888888888,Y
E630056,서귀포시(평화교)(저해상도),영산강홍수통제소,126.846666666666,33.3425,Y
E630018,순창군(옥천교)(저해상도),영산강홍수통제소,127.133611111111,35.3741666666666,Y
E630038,순창군(유적교)(저해상도),영산강홍수통제소,127.209166666666,35.3927777777777,Y
E630019,순창군(현포리)(저해상도),영산강홍수통제소,127.245277777777,35.4394444444444,Y
E630075,순천시(괴목3교)(저해상도),영산강홍수통제소,127.431111111111,35.1033333333333,Y
E630020,순천시(연동교)(저해상도),영산강홍수통제소,127.4875,34.9166666666666,Y
E630021,순천시(용서교)(저해상도),영산강홍수통제소,127.463333333333,35.1494444444444,Y
E630076,여수시(연등5교)(저해상도),영산강홍수통제소,127.7225,34.7558333333333,Y
E630077,영광군(반와교)(저해상도),영산강홍수통제소,126.507222222222,35.3163888888888,Y
E630050,완주군(삼례교)(저해상도),영산강홍수통제소,127.071111111111,35.8983333333333,Y
E630049,완주군(용봉교)(저해상도),영산강홍수통제소,127.170833333333,35.9419444444444,Y
E630003,완주군(제2소양교)(저해상도),영산강홍수통제소,127.155277777777,35.8780555555555,Y
E630005,임실군(강동교)(저해상도),영산강홍수통제소,127.16,35.5272222222222,Y
E630078,임실군(무등제1교)(저해상도),영산강홍수통제소,127.273611111111,35.6072222222222,Y
E630004,임실군(신기교)(저해상도),영산강홍수통제소,127.324722222222,35.5077777777777,Y
E630051,임실군(일중리)(저해상도),영산강홍수통제소,127.15,35.4963888888888,Y
E630022,장성군(금계리)(저해상도),영산강홍수통제소,126.776111111111,35.3194444444444,Y
E630079,장성군(석령교)(저해상도),영산강홍수통제소,126.679722222222,35.1805555555555,Y
E630057,장성군(용동교)(저해상도),영산강홍수통제소,126.891388888888,35.405,Y
E630043,장성군(제2황룡교)(저해상도),영산강홍수통제소,126.77,35.2908333333333,Y
E630058,장수군(동화저수지)(저해상도),영산강홍수통제소,127.538611111111,35.5455555555555,Y
E630023,장흥군(감천교)(저해상도),영산강홍수통제소,126.886666666666,34.6622222222222,Y
E630024,장흥군(별천교)(저해상도),영산강홍수통제소,126.906111111111,34.7313888888888,Y
E630044,장흥군(예양교)(저해상도),영산강홍수통제소,126.903055555555,34.6747222222222,Y
E630048,전주시(미산교)(저해상도),영산강홍수통제소,127.0975,35.8794444444444,Y
E630052,전주시(서천교)(저해상도),영산강홍수통제소,127.141388888888,35.8122222222222,Y
E630002,전주시(세내교)(저해상도),영산강홍수통제소,127.112222222222,35.7925,Y
E630067,전주시(안덕교)(저해상도),영산강홍수통제소,127.166944444444,35.8394444444444,Y
E630059,전주시(진밭들교)(저해상도),영산강홍수통제소,127.102777777777,35.7755555555555,Y
E630025,정읍시(거산교)(저해상도),영산강홍수통제소,126.927222222222,35.6486111111111,Y
E630060,정읍시(고부천교)(저해상도),영산강홍수통제소,126.771388888888,35.6213888888888,Y
E630061,정읍시(원동교)(저해상도),영산강홍수통제소,126.915277777777,35.6844444444444,Y
E630039,정읍시(정우교)(저해상도),영산강홍수통제소,126.889166666666,35.6769444444444,Y
E630026,정읍시(죽림교)(저해상도),영산강홍수통제소,126.843611111111,35.5677777777777,Y
E630045,정읍시(초강리)(저해상도),영산강홍수통제소,126.862777777777,35.6444444444444,Y
E630054,제주시(개롱이교)(저해상도),영산강홍수통제소,126.301111111111,33.4369444444444,Y
E630055,제주시(제2동산교)(저해상도),영산강홍수통제소,126.512222222222,33.4963888888888,Y
E630063,진안군(마령교)(저해상도),영산강홍수통제소,127.365277777777,35.7297222222222,Y
E630007,진안군(좌포교)(저해상도),영산강홍수통제소,127.318333333333,35.7366666666666,Y
E630027,하동군(가탄교)(저해상도),영산강홍수통제소,127.632777777777,35.2002777777777,Y
E630013,하동군(대석교)(저해상도),영산강홍수통제소,127.783611111111,35.0591666666666,Y
E630046,하동군(읍내리)(저해상도),영산강홍수통제소,127.740277777777,35.0666666666666,Y
E630062,함평군(영수교)(저해상도),영산강홍수통제소,126.522777777777,35.0661111111111,Y
E630028,함평군(원고막교)(저해상도),영산강홍수통제소,126.591111111111,35.0352777777777,Y
E630029,함평군(학야교)(저해상도),영산강홍수통제소,126.528333333333,35.0186111111111,Y
E630064,해남군(남외교)(저해상도),영산강홍수통제소,126.593055555555,34.5691666666666,Y
E630065,화순군(능주교)(저해상도),영산강홍수통제소,126.960277777777,34.9969444444444,Y
E630066,화순군(삼천교)(저해상도),영산강홍수통제소,126.985833333333,35.0511111111111,Y
E630030,화순군(주도교)(저해상도),영산강홍수통제소,126.9475,35.0327777777777,Y
L080001,KT앞삼거리,용인교통정보센터,127.1031246,37.33323396,Y
L080002,강남대삼거리,용인교통정보센터,127.1259721,37.2703591,Y
L080003,강동냉장사거리,용인교통정보센터,127.1019875,37.2285236,Y
L080004,경인주유소앞,용인교통정보센터,127.1069179,37.2383455,Y
L080005,고매판매시설입구3R,용인교통정보센터,127.120621,37.2294979,Y
L080006,고진역,용인교통정보센터,127.212573,37.2454768,Y
L080007,공원사거리,용인교통정보센터,127.0798708,37.295568,Y
L080009,관곡초교뒤편,용인교통정보센터,127.115447,37.2826644,Y
L080010,광교마을사거리,용인교통정보센터,127.0689298,37.2954763,Y
L080012,구갈교 4R,용인교통정보센터,127.1339899,37.2681036,Y
L080013,기흥TG,용인교통정보센터,127.1036513,37.2216362,Y
L080014,기흥역,용인교통정보센터,127.1161604,37.2739252,Y
L080015,기흥이케아입구,용인교통정보센터,127.1144439,37.222758,Y
L080016,능안교,용인교통정보센터,127.1137128,37.2312919,Y
L080017,단국대삼거리,용인교통정보센터,127.1245049,37.3243353,Y
L080018,도립박물관입구3,용인교통정보센터,127.1051976,37.2670638,Y
L080019,독바위앞,용인교통정보센터,127.0667445,37.2993902,Y
L080020,동백사랑의교회앞삼거리,용인교통정보센터,127.161527,37.2617433,Y
L080021,동백역앞,용인교통정보센터,127.1527193,37.2688217,Y
L080022,동백중학교사거리,용인교통정보센터,127.1593887,37.2845335,Y
L080023,동백지하차도(위),용인교통정보센터,127.1510808,37.2856153,Y
L080024,동천역삼거리,용인교통정보센터,127.1030445,37.33910996,Y
L080025,등기소앞사거리,용인교통정보센터,127.1853196,37.2367914,Y
L080026,마북IC(동백방면),용인교통정보센터,127.1302631,37.3071342,Y
L080027,마북IC(성남방면),용인교통정보센터,127.12818,37.309656,Y
L080028,마북삼거리,용인교통정보센터,127.10996682,37.29606236,Y
L080029,마성1교차로,용인교통정보센터,127.1956076,37.2773173,Y
L080030,마평교차로,용인교통정보센터,127.2325732,37.232076,Y
L080032,마평동,용인교통정보센터,127.2281679,37.2332252,Y
L080033,마평삼거리,용인교통정보센터,127.2179826,37.2334619,Y
L080034,면허시험장3,용인교통정보센터,127.1087305,37.2881113,Y
L080035,민속촌입구3,용인교통정보센터,127.1050872,37.2551523,Y
L080036,버드실사거리,용인교통정보센터,127.2122488,37.2545418,Y
L080037,버들치마을사거리,용인교통정보센터,127.0619651,37.3196191,Y
L080038,보라동이마트,용인교통정보센터,127.1045342,37.2479195,Y
L080039,보정교차로,용인교통정보센터,127.106072,37.307019,Y
L080040,보정역삼거리,용인교통정보센터,127.1086125,37.3152365,Y
L080041,삼가삼거리,용인교통정보센터,127.1663075,37.2438776,Y
L080042,삼가역삼거리,용인교통정보센터,127.1685045,37.2416582,Y
L080043,삼막곡사거리,용인교통정보센터,127.0993654,37.2953948,Y
L080044,상갈교차로,용인교통정보센터,127.1159727,37.271361,Y
L080046,상현동,용인교통정보센터,127.0742389,37.3032846,Y
L080047,상현동육교,용인교통정보센터,127.0832746,37.3104114,Y
L080048,서수지IC사거리,용인교통정보센터,127.0592482,37.3225319,Y
L080049,성복역교차로,용인교통정보센터,127.080146,37.313666,Y
L080050,소실마을입구4,용인교통정보센터,127.1021991,37.3064095,Y
L080051,수원신갈TG사거리,용인교통정보센터,127.0990264,37.2695507,Y
L080052,수지구청사거리,용인교통정보센터,127.0970741,37.3211551,Y
L080054,수지이마트4,용인교통정보센터,127.0832308,37.3187608,Y
L080055,신갈오거리,용인교통정보센터,127.1060234,37.2717934,Y
L080056,신갈중입구4,용인교통정보센터,127.1059532,37.2798436,Y
L080057,신원아파트사거리,용인교통정보센터,127.216218,37.268914,Y
L080058,아가방물류센터삼거리,용인교통정보센터,127.102808,37.241667,Y
L080059,아모레퍼시픽삼거리,용인교통정보센터,127.104105,37.261302,Y
L080060,양지사거리,용인교통정보센터,127.286201,37.233363,Y
L080061,어정교차로,용인교통정보센터,127.1342502,37.2632558,Y
L080062,언동3교,용인교통정보센터,127.1349823,37.2891615,Y
L080063,연원마을 삼거리,용인교통정보센터,127.1065625,37.3001846,Y
L080064,영통입구사거리,용인교통정보센터,127.0822842,37.2689087,Y
L080065,오뚜기식품3,용인교통정보센터,127.1474963,37.2513642,Y
L080066,용인IC입구,용인교통정보센터,127.2129571,37.2607443,Y
L080067,용인변전소,용인교통정보센터,127.210182,37.2252073,Y
L080068,용인사거리,용인교통정보센터,127.2090386,37.2354008,Y
L080069,용인시청정문,용인교통정보센터,127.1776135,37.2381841,Y
L080070,용인터미널사거리,용인교통정보센터,127.2093233,37.2329118,Y
L080072,유림교사거리,용인교통정보센터,127.219362,37.252108,Y
L080074,이케아북측3R,용인교통정보센터,127.1166931,37.2237929,Y
L080075,장애인복지관앞,용인교통정보센터,127.1053,37.3158,Y
L080076,전대삼거리,용인교통정보센터,127.2274128,37.2760463,Y
L080078,죽전교차로,용인교통정보센터,127.1181108,37.3316954,Y
L080079,죽전사거리,용인교통정보센터,127.1086998,37.3258236,Y
L080082,죽전성당앞4,용인교통정보센터,127.1092001,37.3316672,Y
L080083,죽전육교,용인교통정보센터,127.13377143,37.32723616,Y
L080084,죽현삼거리,용인교통정보센터,127.1087469,37.3206669,Y
L080085,중앙공원,용인교통정보센터,127.205724,37.2328245,Y
L080086,지곡동입구3,용인교통정보센터,127.1244283,37.2553072,Y
L080087,진흥아파트사거리,용인교통정보센터,127.14075,37.2611811,Y
L080088,청덕고교사거리,용인교통정보센터,127.1436521,37.290641,Y
L080089,초당역,용인교통정보센터,127.159501,37.2605163,Y
L080090,초입마을사거리,용인교통정보센터,127.0980326,37.3333821,Y
L080091,토월노인회3,용인교통정보센터,127.0924,37.3265,Y
L080092,통일공원삼거리,용인교통정보센터,127.1958722,37.2347791,Y
L080093,풍덕고교사거리,용인교통정보센터,127.0905,37.3167,Y
L080095,풍덕천사거리,용인교통정보센터,127.1027,37.3243,Y
L080099,호수공원삼거리,용인교통정보센터,127.1481881,37.2757328,Y
L080100,화운사입구3,용인교통정보센터,127.1660996,37.2541872,Y
L080101,흥덕IC사거리,용인교통정보센터,127.0820454,37.2753889,Y
L080102,흥덕교,용인교통정보센터,127.0910779,37.2716932,Y
L080103,흥덕교차로,용인교통정보센터,127.0988172,37.2830457,Y
L080104,흥덕이마트사거리,용인교통정보센터,127.0739747,37.2764012,Y
L34055,KBS방송국앞,원주교통정보센터,127.952458,37.346727,Y
L34093,가매기사거리,원주교통정보센터,127.9561626674,37.3562243611,Y
L34097,갓바위사거리,원주교통정보센터,127.967263,37.384161,Y
L34040,강변교삼거리,원주교통정보센터,127.9492324374,37.3781720714,Y
L34044,개봉교사거리,원주교통정보센터,127.956953,37.343792,Y
L34069,거울못사거리,원주교통정보센터,127.8805803346,37.3753740242,Y
L34019,건등사거리,원주교통정보센터,127.8317081952,37.3200345178,Y
L34043,경찰서삼거리,원주교통정보센터,127.95734,37.34807,Y
L34067,관설교차로,원주교통정보센터,127.9728583959,37.3135386483,Y
L34020,광터사거리(전용도로),원주교통정보센터,127.8803881305,37.3408063573,Y
L34042,구곡사거리,원주교통정보센터,127.950961,37.324181,Y
L34070,기업도시사거리,원주교통정보센터,127.8693170795,37.3725448796,Y
L34003,남부시장,원주교통정보센터,127.9550064122,37.3426894835,Y
L34023,남송사거리,원주교통정보센터,127.9399876186,37.3226566759,Y
L34032,남원주IC,원주교통정보센터,127.9215462889,37.3260385959,Y
L34022,늘품사거리,원주교통정보센터,127.9540810504,37.327747142,Y
L34011,단계사거리,원주교통정보센터,127.9358606981,37.3564858465,Y
L34010,단계택지사거리,원주교통정보센터,127.9339476359,37.3473828794,Y
L34035,단관공원사거리,원주교통정보센터,127.9580345647,37.3174437996,Y
L34066,단관사거리,원주교통정보센터,127.9621457127,37.3162729287,Y
L34015,단구사거리,원주교통정보센터,127.961690327,37.3236941105,Y
L34041,단구초사거리,원주교통정보센터,127.964024,37.321527,Y
L34031,대명원삼거리,원주교통정보센터,127.9142827246,37.3613668225,Y
L34045,도로교통공단삼거리,원주교통정보센터,127.973894,37.325059,Y
L34072,도오개삼거리,원주교통정보센터,127.8727941297,37.383009128,Y
L34030,돌터삼거리,원주교통정보센터,127.9410596544,37.3705992229,Y
L34084,동진골사거리,원주교통정보센터,127.9399053871,37.3486556514,Y
L34027,두진하트리움인근,원주교통정보센터,127.9446065665,37.3502827943,Y
L34057,둔전길사거리,원주교통정보센터,127.91613,37.31477,Y
L34005,둣내사거리,원주교통정보센터,127.933705977,37.3438168358,Y
L34061,로아노크사거리,원주교통정보센터,127.9241592583,37.3392516581,Y
L34085,만대사거리,원주교통정보센터,127.9256352118,37.3317077598,Y
L34063,만대사거리 밑 회전교차로,원주교통정보센터,127.9245040667,37.3326288673,Y
L34034,만종교차로,원주교통정보센터,127.8998352921,37.3543507241,Y
L34049,만종역삼거리,원주교통정보센터,127.898771,37.352475,Y
L34029,모래내사거리,원주교통정보센터,127.934888184,37.352015585,Y
L34091,무래올사거리,원주교통정보센터,127.9739198241,37.3354737263,Y
L34014,무실사거리,원주교통정보센터,127.9379790535,37.3398681944,Y
L34033,문막IC,원주교통정보센터,127.8247293935,37.314253838,Y
L34073,물지울사거리,원주교통정보센터,127.8937132186,37.3782240152,Y
L34076,미리내사거리,원주교통정보센터,127.9820398136,37.3251712781,Y
L34078,배울사거리,원주교통정보센터,127.9779668047,37.3351722943,Y
L34088,백간사거리,원주교통정보센터,127.9285188823,37.3519351096,Y
L34047,버들초교사거리,원주교통정보센터,127.987197,37.321715,Y
L34086,법조사거리,원주교통정보센터,127.932075558,37.3342520752,Y
L34082,보통삼거리,원주교통정보센터,127.874259301,37.3387524734,Y
L34052,봉황사거리,원주교통정보센터,127.990588,37.331373,Y
L34081,사제사거리,원주교통정보센터,127.8957956794,37.3482635995,Y
L34096,살구둑삼거리,원주교통정보센터,127.984151,37.342931,Y
L34053,삼보사거리,원주교통정보센터,127.984923,37.327465,Y
L34038,삼생사거리,원주교통정보센터,127.9820092131,37.3228199282,Y
L34094,상봉삼거리,원주교통정보센터,127.908985,37.35372,Y
L34089,상지대사거리,원주교통정보센터,127.9364215604,37.3677866444,Y
L34068,새말고개사거리,원주교통정보센터,127.8832605434,37.3798500088,Y
L34071,샘마루사거리,원주교통정보센터,127.8716978232,37.3753564883,Y
L34025,서리실사거리,원주교통정보센터,127.9730222894,37.3293137871,Y
L34048,서원주IC삼거리,원주교통정보센터,127.855566,37.387579,Y
L34046,서원주역삼거리,원주교통정보센터,127.845256,37.350505,Y
L34099,섬강초등학교,원주교통정보센터,127.874642,37.379301,Y
L34054,솔샘초앞사거리,원주교통정보센터,127.928318,37.330588,Y
L34060,송삼사거리,원주교통정보센터,127.9202906859,37.3347903311,Y
L34017,시청사거리,원주교통정보센터,127.9298464844,37.3355805706,Y
L34062,신평사거리,원주교통정보센터,127.8977434421,37.36398027,Y
L34080,영서고삼거리,원주교통정보센터,127.9761479487,37.3110202923,Y
L34036,오성마을사거리,원주교통정보센터,127.949095317,37.3202188427,Y
L34074,왕성목사거리,원주교통정보센터,127.9777557206,37.3241097947,Y
L34050,우산공단삼거리,원주교통정보센터,127.943156,37.374023,Y
L34004,우산철교사거리,원주교통정보센터,127.9400439174,37.3606693327,Y
L34079,원동사거리,원주교통정보센터,127.943614034,37.3442472796,Y
L34024,원주IC,원주교통정보센터,127.9519143674,37.3969654439,Y
L34001,원주교오거리,원주교통정보센터,127.95447,37.34744,Y
L34095,원주소방서앞삼거리,원주교통정보센터,127.973604,37.333727,Y
L34009,원주역사거리,원주교통정보센터,127.9440639437,37.3562945168,Y
L34059,원주역사거리,원주교통정보센터,127.922101,37.313891,Y
L34026,월운정사거리,원주교통정보센터,127.9612948989,37.3320630953,Y
L34008,의료원사거리,원주교통정보센터,127.9471258387,37.332285496,Y
L34075,입춘로사거리,원주교통정보센터,127.9791505788,37.3268350397,Y
L34065,자감교사거리,원주교통정보센터,127.9168842645,37.3037862418,Y
L34021,자오기사거리,원주교통정보센터,127.9279069075,37.3448535642,Y
L34098,장양사거리,원주교통정보센터,127.95624,37.40671,Y
L34087,점말사거리,원주교통정보센터,127.9282578521,37.3559420897,Y
L34006,중앙시장,원주교통정보센터,127.9495466597,37.3491327633,Y
L34002,지하상가사거리,원주교통정보센터,127.9476909761,37.3512199362,Y
L34012,청골사거리,원주교통정보센터,127.9220667744,37.3563869532,Y
L34083,청산사거리,원주교통정보센터,127.9403598732,37.3414350498,Y
L34016,치악교사거리,원주교통정보센터,127.9642737224,37.341774126,Y
L34013,태장삼거리,원주교통정보센터,127.9470591367,37.3817686863,Y
L34064,태학교사거리,원주교통정보센터,127.9526506499,37.3542975403,Y
L34037,통일사거리,원주교통정보센터,127.9586330603,37.3312557756,Y
L34007,평원사거리,원주교통정보센터,127.9495673088,37.3523401432,Y
L34051,풍경채아파트정문,원주교통정보센터,127.979741,37.32959,Y
L34058,호반써밋정문,원주교통정보센터,127.919837,37.318536,Y
L34018,홈플러스사거리,원주교통정보센터,127.9685895006,37.3175560882,Y
L34039,화실사거리,원주교통정보센터,127.9752805765,37.3429723167,Y
L34077,황새쟁이사거리,원주교통정보센터,127.9858627649,37.3341044002,Y
L34090,황소마을사거리,원주교통정보센터,127.9449311532,37.3284512735,Y
L34056,흥대교차로,원주교통정보센터,127.917697,37.297122,Y
L34028,흥업교차로(원주IC삼거리이설),원주교통정보센터,127.9156011408,37.2895873067,Y
L34092,흥업사거리,원주교통정보센터,127.9199859783,37.3028566593,Y
L020001,106하단 사거리,인천교통정보센터,126.6175777,37.3865892,Y
L020002,3073-1(영종대로),인천교통정보센터,126.5003166,37.49235868,Y
L020003,가재울사거리,인천교통정보센터,126.680195,37.487342,Y
L020004,가정사거리,인천교통정보센터,126.662278,37.525271,Y
L020006,가좌I.C,인천교통정보센터,126.674991,37.483476,Y
L020005,가좌I.C,인천교통정보센터,126.675146,37.484295,Y
L020007,가좌IC교차로,인천교통정보센터,126.674185,37.482635,Y
L020008,간석사거리,인천교통정보센터,126.720076,37.461228,Y
L020009,간석오거리,인천교통정보센터,126.707648,37.467019,Y
L020010,갈산역사거리,인천교통정보센터,126.721327,37.516516,Y
L020011,거잠포사거리,인천교통정보센터,126.425455,37.423776,Y
L020012,건지사거리,인천교통정보센터,126.683781,37.496538,Y
L020013,검단사거리,인천교통정보센터,126.6573,37.6021,Y
L020014,검단소방서사거리,인천교통정보센터,126.681888,37.5939435,Y
L020015,경서삼거리,인천교통정보센터,126.650029,37.552668,Y
L020016,계산삼거리,인천교통정보센터,126.722973,37.54368,Y
L020017,계양I.C,인천교통정보센터,126.746591,37.544711,Y
L020018,계양대교,인천교통정보센터,126.737929,37.573944,Y
L020019,계양우체국,인천교통정보센터,126.736984,37.53776,Y
L020020,공단2단지사거리,인천교통정보센터,126.702392,37.392544,Y
L020021,공촌사거리,인천교통정보센터,126.676959,37.552439,Y
L020022,공촌정수사업소,인천교통정보센터,126.700589,37.550581,Y
L020023,구산사거리,인천교통정보센터,126.753491,37.483529,Y
L020024,금강제화앞(1경인),인천교통정보센터,126.704728,37.523814,Y
L020025,길병원사거리,인천교통정보센터,126.707498,37.449885,Y
L020026,까치말사거리,인천교통정보센터,126.73351,37.530604,Y
L020027,남동I.C,인천교통정보센터,126.707554,37.433832,Y
L020028,남동공단입구사거리,인천교통정보센터,126.709353,37.422518,Y
L020029,남동구청사거리,인천교통정보센터,126.733708,37.448572,Y
L020030,남촌교나들목(2경인),인천교통정보센터,126.718795,37.434072,Y
L020031,노오지J.C,인천교통정보센터,126.753123,37.57112,Y
L020032,능해I.C,인천교통정보센터,126.632009,37.446659,Y
L020033,답동사거리,인천교통정보센터,126.627417,37.470028,Y
L020034,도화I.C,인천교통정보센터,126.672426,37.46239,Y
L020035,도화I.C 2,인천교통정보센터,126.66693,37.456288,Y
L020036,도화사거리,인천교통정보센터,126.664818,37.468334,Y
L020037,도화초교사거리,인천교통정보센터,126.668759,37.464346,Y
L020038,독정사거리,인천교통정보센터,126.675446,37.585884,Y
L020039,동소정사거리,인천교통정보센터,126.729465,37.487373,Y
L020040,동수역사거리,인천교통정보센터,126.718397,37.485327,Y
L020041,동인천역,인천교통정보센터,126.6312699,37.4751144,Y
L020042,루원교차로,인천교통정보센터,126.67702,37.52427,Y
L020043,만수사거리,인천교통정보센터,126.735925,37.452762,Y
L020044,먼우금사거리,인천교통정보센터,126.675597,37.413254,Y
L020045,메뜰사거리,인천교통정보센터,126.73292,37.525692,Y
L020046,모래방죽사거리,인천교통정보센터,126.661259,37.499063,Y
L020047,무의도입구,인천교통정보센터,126.415874,37.419573,Y
L020048,문예회관사거리,인천교통정보센터,126.701046,37.450224,Y
L020049,문학I.C(2경인),인천교통정보센터,126.675618,37.436476,Y
L020050,문학경기장사거리,인천교통정보센터,126.695466,37.438531,Y
L020051,문학경기장정문교차로,인천교통정보센터,126.698363,37.433571,Y
L020052,문학사거리,인천교통정보센터,126.677853,37.439626,Y
L020053,미단영종순환로2 2,인천교통정보센터,126.506579,37.52727692,Y
L020054,미단영종순환로3 2,인천교통정보센터,126.5162481,37.52721811,Y
L020055,미단영종순환로4 2,인천교통정보센터,126.5301026,37.52208677,Y
L020056,미송초인근 사거리,인천교통정보센터,126.6128398,37.4106765,Y
L020057,백마장사거리,인천교통정보센터,126.703469,37.508526,Y
L020058,백석교,인천교통정보센터,126.663484,37.569642,Y
L020059,백석교차로,인천교통정보센터,126.662899,37.577623,Y
L020060,백석휴게소사거리,인천교통정보센터,126.6828,37.58831,Y
L020061,벗말사거리,인천교통정보센터,126.703315,37.41272,Y
L020062,벽돌막사거리,인천교통정보센터,126.700169,37.468052,Y
L020063,봉수대길사거리,인천교통정보센터,126.661013,37.485295,Y
L020064,부개사거리,인천교통정보센터,126.739376,37.486287,Y
L020065,부평I.C,인천교통정보센터,126.721857,37.523459,Y
L020066,부평구청사거리,인천교통정보센터,126.720259,37.507842,Y
L020067,부평사거리,인천교통정보센터,126.710618,37.479187,Y
L020068,부평시장로터리,인천교통정보센터,126.726556,37.494334,Y
L020069,부평역사거리,인천교통정보센터,126.723333,37.491154,Y
L020070,부흥오거리,인천교통정보센터,126.7304242,37.4980605,Y
L020071,북인천I.C입구사거리,인천교통정보센터,126.637381,37.558313,Y
L020072,비룡삼거리,인천교통정보센터,126.650122,37.448456,Y
L020073,삼산사거리,인천교통정보센터,126.732393,37.517458,Y
L020074,서구 청라동 1-1103,인천교통정보센터,126.642103,37.52487844,Y
L020075,서구 청라동 1-1246,인천교통정보센터,126.6349887,37.52169417,Y
L020076,서구 청라동 1-1323,인천교통정보센터,126.648685,37.516226,Y
L020077,서운JCT,인천교통정보센터,126.751591,37.525718,Y
L020078,서운사거리,인천교통정보센터,126.742669,37.530788,Y
L020079,서인천I.C,인천교통정보센터,126.679796,37.520958,Y
L020080,서인천I.C,인천교통정보센터,126.680313,37.521142,Y
L020081,서인천선착장입구사거리,인천교통정보센터,126.648119,37.506301,Y
L020082,서창JCT,인천교통정보센터,126.736602,37.433447,Y
L020083,석남1고가교입구교차로,인천교통정보센터,126.672638,37.506188,Y
L020084,석남사거리,인천교통정보센터,126.671725,37.499385,Y
L020085,석바위사거리,인천교통정보센터,126.689224,37.457675,Y
L020086,석암사거리,인천교통정보센터,126.689628,37.463411,Y
L020087,석천사거리,인천교통정보센터,126.708788,37.457015,Y
L020088,선광싸이로 사거리,인천교통정보센터,126.61957,37.451305,Y
L020089,선학역사거리,인천교통정보센터,126.698425,37.423046,Y
L020090,소래나들목 삼거리,인천교통정보센터,126.739161,37.407996,Y
L020091,소래대교입구,인천교통정보센터,126.740001,37.402109,Y
L020092,송도 힐스테이트 3차 사거리,인천교통정보센터,126.6153517,37.39241388,Y
L020093,송도 힐스테이트1차 사거리,인천교통정보센터,126.6195135,37.402379,Y
L020094,송도32-9 삼거리2,인천교통정보센터,126.6291291,37.38896939,Y
L020098,송도G타워 사거리2,인천교통정보센터,126.6346806,37.39759497,Y
L020099,송도골프장 사거리2,인천교통정보센터,126.6324927,37.37926153,Y
L020100,송도국제학교 삼거리2,인천교통정보센터,126.6416821,37.40453167,Y
L020101,송도센트럴파크 사거리2,인천교통정보센터,126.6455869,37.39128034,Y
L020102,송도센트럴파크역 삼거리2,인천교통정보센터,126.6338501,37.39360467,Y
L020103,송도솔찬공원 사거리2,인천교통정보센터,126.6415108,37.3655416,Y
L020104,송도송도2교 하단부2,인천교통정보센터,126.6559351,37.40111161,Y
L020105,송도송도블루오션골프클럽2,인천교통정보센터,126.6555757,37.35722176,Y
L020106,송도송도테크노파크 IT센터2,인천교통정보센터,126.6617477,37.38312095,Y
L020107,송도송도호반베르디움2,인천교통정보센터,126.6576609,37.37826371,Y
L020108,송도스마트밸리2,인천교통정보센터,126.6481144,37.36838324,Y
L020109,송도연대입구 사거리2,인천교통정보센터,126.6584793,37.3838665,Y
L020110,송도웰카운티4단지 사거리2,인천교통정보센터,126.6418045,37.38229474,Y
L020111,송도인천글로벌캠퍼스 사거리2,인천교통정보센터,126.6742239,37.37648977,Y
L020112,송도잭니클라우스 골프장 북2,인천교통정보센터,126.6220943,37.38591512,Y
L020113,송도정보통신산업진흥원 사거리2,인천교통정보센터,126.6401451,37.37912233,Y
L020114,송도지식정보단지 사거리2,인천교통정보센터,126.6482139,37.37370398,Y
L020115,송도캠퍼스타운역 삼거리2,인천교통정보센터,126.6634703,37.38870957,Y
L020116,송도통신국사 사거리2,인천교통정보센터,126.6697095,37.37166036,Y
L020117,송도파크호텔 사거리2,인천교통정보센터,126.6415077,37.38751939,Y
L020095,송도3교교차로,인천교통정보센터,126.645995,37.408483,Y
L020096,송도5교사거리,인천교통정보센터,126.697075,37.385165,Y
L020097,송도5동 행정복지센터인근사거리,인천교통정보센터,126.6235625,37.4148307,Y
L020118,송림삼거리,인천교통정보센터,126.651838,37.47812,Y
L020119,송림오거리,인천교통정보센터,126.644562,37.475886,Y
L020120,송현사거리,인천교통정보센터,126.639304,37.481427,Y
L020121,수검사거리,인천교통정보센터,126.626716,37.453417,Y
L020122,수리봉사거리,인천교통정보센터,126.682802,37.423981,Y
L020123,수봉공원입구삼거리,인천교통정보센터,126.663548,37.465743,Y
L020124,수인사거리,인천교통정보센터,126.633669,37.465231,Y
L020125,수현삼거리,인천교통정보센터,126.752572,37.463005,Y
L020126,숭의로타리,인천교통정보센터,126.642604,37.462019,Y
L020127,숭의삼거리,인천교통정보센터,126.65237,37.466111,Y
L020128,숭의시장사거리,인천교통정보센터,126.64618,37.466975,Y
L020129,승기사거리,인천교통정보센터,126.69016,37.450517,Y
L020130,시장역오거리,인천교통정보센터,126.722026,37.498683,Y
L020131,시천교,인천교통정보센터,126.676443,37.569947,Y
L020132,신기사거리,인천교통정보센터,126.67953,37.451178,Y
L020133,신기시장사거리,인천교통정보센터,126.679518,37.448066,Y
L020134,신복사거리,인천교통정보센터,126.731489,37.507226,Y
L020135,신석사거리,인천교통정보센터,126.668034,37.506702,Y
L020136,신촌사거리,인천교통정보센터,126.707747,37.486978,Y
L020137,신포사거리,인천교통정보센터,126.62376,37.470369,Y
L020138,십정사거리,인천교통정보센터,126.691664,37.472919,Y
L020139,아라역사거리,인천교통정보센터,126.713166,37.5919509,Y
L020140,아시아드사거리,인천교통정보센터,126.663575,37.552044,Y
L020141,안말사거리,인천교통정보센터,126.692294,37.396907,Y
L020142,알미골사거리,인천교통정보센터,126.491998,37.742477,Y
L020143,앵고개길사거리,인천교통정보센터,126.6628,37.4126,Y
L020144,연수사거리,인천교통정보센터,126.683176,37.407509,Y
L020145,영종1711-31(하늘대로)2,인천교통정보센터,126.5332338,37.48235003,Y
L020146,영종1766-16(은하수로)2,인천교통정보센터,126.5503007,37.48961937,Y
L020147,영종1768(영종대로)2,인천교통정보센터,126.5327648,37.47730906,Y
L020148,영종1768(영종대로1)2,인천교통정보센터,126.5225065,37.47437217,Y
L020149,영종1775(영종대로)2,인천교통정보센터,126.5463341,37.48342895,Y
L020150,영종1788(숲쟁이로)2,인천교통정보센터,126.5181241,37.48093789,Y
L020151,영종1791(영종대로)2,인천교통정보센터,126.5157279,37.47458975,Y
L020152,영종1971-1(하늘대로)2,인천교통정보센터,126.5511319,37.49423285,Y
L020153,영종1979(하늘별빛로)2,인천교통정보센터,126.5607571,37.49139568,Y
L020154,영종1992(영종대로)2,인천교통정보센터,126.5612572,37.4841035,Y
L020155,영종1992(영종대로1)2,인천교통정보센터,126.5548451,37.48324563,Y
L020156,영종1998(하늘대로)2,인천교통정보센터,126.5613456,37.50136186,Y
L020157,영종1999(영종대로)2,인천교통정보센터,126.5723962,37.4947899,Y
L020158,영종3157-3(영종대로)2,인천교통정보센터,126.5061729,37.48348191,Y
L020159,영종3161-1(흰바위로)2,인천교통정보센터,126.4963549,37.48938316,Y
L020160,옛시민회관,인천교통정보센터,126.679885,37.458609,Y
L020161,옥골사거리,인천교통정보센터,126.64637,37.430836,Y
L020162,옹암교차로,인천교통정보센터,126.635578,37.430848,Y
L020163,완정사거리,인천교통정보센터,126.673691,37.593438,Y
L020164,외암도사거리,인천교통정보센터,126.666945,37.392985,Y
L020165,외암사거리,인천교통정보센터,126.684789,37.387621,Y
L020166,용일사거리,인천교통정보센터,126.667766,37.452433,Y
L020167,용현사거리,인천교통정보센터,126.650032,37.456271,Y
L020168,운서동 3161-3(흰바위로),인천교통정보센터,126.5008053,37.48063622,Y
L020169,운연사거리,인천교통정보센터,126.763442,37.444565,Y
L020170,원당사거리,인천교통정보센터,126.699473,37.593134,Y
L020171,원동초입구사거리,인천교통정보센터,126.728515,37.397173,Y
L020172,원적사거리,인천교통정보센터,126.703429,37.504453,Y
L020173,유동삼거리,인천교통정보센터,126.637061,37.471039,Y
L020174,을왕리사거리,인천교통정보센터,126.37618,37.444763,Y
L020175,인천교삼거리,인천교통정보센터,126.669872,37.476111,Y
L020176,인천교펌프장입구사거리,인천교통정보센터,126.647558,37.492502,Y
L020177,인천전자마이스터고앞,인천교통정보센터,126.65565,37.475734,Y
L020178,인하대병원사거리,인천교통정보센터,126.635514,37.457467,Y
L020179,임학사거리,인천교통정보센터,126.736752,37.542442,Y
L020180,작은구월사거리,인천교통정보센터,126.718782,37.448971,Y
L020181,작전역사거리,인천교통정보센터,126.722842,37.530143,Y
L020182,장기사거리,인천교통정보센터,126.736372,37.575538,Y
L020183,장수사거리,인천교통정보센터,126.745673,37.449754,Y
L020184,장승백이사거리,인천교통정보센터,126.745358,37.447294,Y
L020185,장자골사거리,인천교통정보센터,126.749478,37.449467,Y
L020186,전등사사거리,인천교통정보센터,126.493403,37.637245,Y
L020187,전재울사거리,인천교통정보센터,126.706084,37.438945,Y
L020188,주안역삼거리,인천교통정보센터,126.680314,37.464001,Y
L020189,주적골삼거리,인천교통정보센터,126.737478,37.421096,Y
L020190,중구 운북동 (영종순환로)1368-2,인천교통정보센터,126.5064808,37.5271286,Y
L020191,중구 운북동 1301(영종순환로),인천교통정보센터,126.5161641,37.5272114,Y
L020192,중구 운북동 1301(영종순환로1),인천교통정보센터,126.5298468,37.5218607,Y
L020193,중구 운북동 1312(영종순환로 미단근린공원),인천교통정보센터,126.538458,37.520372,Y
L020194,중봉교차로,인천교통정보센터,126.649684,37.52562,Y
L020195,중부경찰서앞,인천교통정보센터,126.618253,37.473163,Y
L020196,청라경명대로 삼거리2,인천교통정보센터,126.610691,37.522066,Y
L020197,청라경제로2,인천교통정보센터,126.6247137,37.53680091,Y
L020198,청라담지로(북) 삼거리2,인천교통정보센터,126.6597366,37.540471,Y
L020202,청라문점교 삼거리2,인천교통정보센터,126.6115114,37.52616435,Y
L020203,청라세계로 삼거리2,인천교통정보센터,126.61718,37.55182,Y
L020204,청라에코로 삼거리2,인천교통정보센터,126.6228873,37.55339804,Y
L020205,청라첨단동로 사거리2,인천교통정보센터,126.622846,37.553036,Y
L020206,청라청라외곽 사거리2,인천교통정보센터,126.6189066,37.5275215,Y
L020207,청라체고앞삼거리,인천교통정보센터,126.6110351,37.5478411,Y
L020212,청라호수공원(남) 사거리2,인천교통정보센터,126.6340494,37.5236418,Y
L020213,청라호수공원(북) 사거리2,인천교통정보센터,126.6320362,37.5419417,Y
L020214,청라호수공원(중) 삼거리2,인천교통정보센터,126.6321517,37.52967156,Y
L020200,청라동 1-672,인천교통정보센터,126.6205334,37.5420223,Y
L020199,청라동 155-1,인천교통정보센터,126.6408373,37.53582396,Y
L020201,청라동 174-1,인천교통정보센터,126.6408328,37.5296633,Y
L020208,청라하늘대교영종시점01,인천교통정보센터,126.570709,37.504061,Y
L020209,청라하늘대교주탑102,인천교통정보센터,126.593339,37.516546,Y
L020210,청라하늘대교주탑203,인천교통정보센터,126.599637,37.517022,Y
L020211,청라하늘대교청라종점04,인천교통정보센터,126.612461,37.517088,Y
L020215,청운교,인천교통정보센터,126.622013,37.563201,Y
L020216,청천오거리,인천교통정보센터,126.71007,37.517225,Y
L020217,청학사거리,인천교통정보센터,126.668817,37.425052,Y
L020218,초지대교,인천교통정보센터,126.532778,37.627553,Y
L020219,큰방죽사거리,인천교통정보센터,126.7162,37.421831,Y
L020220,터미널사거리,인천교통정보센터,126.700038,37.443312,Y
L020221,학익사거리,인천교통정보센터,126.664138,37.443129,Y
L020222,한들사거리,인천교통정보센터,126.675497,37.576772,Y
L020223,항운사거리,인천교통정보센터,126.623583,37.44667,Y
L020224,호구포길 사거리,인천교통정보센터,126.706874,37.398667,Y
L020225,황금고개사거리,인천교통정보센터,126.645954,37.480774,Y
L020226,효성교사거리,인천교통정보센터,126.694658,37.525263,Y
L020227,흑룡APT앞,인천교통정보센터,126.689492,37.524125,Y
L310032,각화문흥지구입구,전남광주통합특별시,126.934009,35.189613,Y
L310002,각화사거리,전남광주통합특별시,126.937313,35.18052,Y
L310106,계림오거리,전남광주통합특별시,126.920793,35.154678,Y
L310040,계수사거리,전남광주통합특별시,126.856366,35.163001,Y
L310050,광산IC사거리,전남광주통합특별시,126.825196,35.218538,Y
L310059,광주공항사거리,전남광주통합특별시,126.81188,35.143939,Y
L310003,광주역,전남광주통합특별시,126.908765,35.16444,Y
L310037,광주청입구,전남광주통합특별시,126.801449,35.162464,Y
L310102,광천사거리,전남광주통합특별시,126.883534,35.16157,Y
L310035,광천오거리,전남광주통합특별시,126.887503,35.161071,Y
L310009,금남로4가역,전남광주통합특별시,126.915316,35.150271,Y
L310010,금남로5가역,전남광주통합특별시,126.909682,35.153687,Y
L310085,금호동CBS사거리,전남광주통합특별시,126.858892,35.138115,Y
L310064,금호삼거리,전남광주통합특별시,126.848939,35.132157,Y
L310022,남광주사거리,전남광주통합특별시,126.922671,35.139421,Y
L310018,내남동입구,전남광주통합특별시,126.9408,35.093497,Y
L310054,농성광장,전남광주통합특별시,126.883799,35.153278,Y
L310067,대성여고삼거리,전남광주통합특별시,126.899282,35.118887,Y
L310024,대성초교사거리,전남광주통합특별시,126.903394,35.143966,Y
L310101,대인광장,전남광주통합특별시,126.912276,35.155379,Y
L310122,대촌교차로,전남광주통합특별시,126.831597,35.079706,Y
L310029,도동고개삼거리,전남광주통합특별시,126.935081,35.202692,Y
L310004,돌고개사거리,전남광주통합특별시,126.895846,35.151585,Y
L310099,동구청오거리,전남광주통합특별시,126.921682,35.145645,Y
L310045,동림IC,전남광주통합특별시,126.862893,35.1881,Y
L310103,동운고가,전남광주통합특별시,126.884311,35.170909,Y
L310096,두암IC,전남광주통합특별시,126.939295,35.16166,Y
L310033,말바우사거리,전남광주통합특별시,126.922457,35.170768,Y
L310025,매일유업사거리,전남광주통합특별시,126.780457,35.152323,Y
L310093,목련사거리,전남광주통합특별시,126.817107,35.171836,Y
L310086,무각사삼거리,전남광주통합특별시,126.854941,35.152591,Y
L310034,무등경기장사거리,전남광주통합특별시,126.89048,35.169093,Y
L310039,무진대로(유덕교~유덕IC),전남광주통합특별시,126.83689,35.16165,Y
L310001,문화사거리,전남광주통합특별시,126.930945,35.181481,Y
L310119,문흥지구입구사거리,전남광주통합특별시,126.92891,35.189827,Y
L310011,미래로21병원,전남광주통합특별시,126.885903,35.140889,Y
L310008,민주광장,전남광주통합특별시,126.919517,35.147304,Y
L310065,백운광장,전남광주통합특별시,126.901536,35.133049,Y
L310028,본덕교차로,전남광주통합특별시,126.770053,35.083481,Y
L310117,본촌산단사거리,전남광주통합특별시,126.876241,35.19791,Y
L310082,북구청사거리,전남광주통합특별시,126.912613,35.173758,Y
L310073,북부경찰서사거리,전남광주통합특별시,126.898109,35.1872,Y
L310069,빛고을CC사거리,전남광주통합특별시,126.901102,35.1017,Y
L310110,산수오거리,전남광주통합특별시,126.931527,35.154486,Y
L310043,산월IC,전남광주통합특별시,126.839512,35.202292,Y
L310107,산장입구사거리,전남광주통합특별시,126.920765,35.161064,Y
L310058,상록공원교차로,전남광주통합특별시,126.887919,35.15348,Y
L310038,상무교차로,전남광주통합특별시,126.81971,35.161285,Y
L310056,상무마륵역삼거리,전남광주통합특별시,126.841211,35.143101,Y
L310057,상무역사거리,전남광주통합특별시,126.848664,35.146537,Y
L310098,서광주역교차로,전남광주통합특별시,126.848038,35.126592,Y
L310071,서방사거리,전남광주통합특별시,126.919368,35.164592,Y
L310055,서창IC,전남광주통합특별시,126.832354,35.139805,Y
L310030,석곡파출소,전남광주통합특별시,126.945131,35.210404,Y
L310017,소태IC,전남광주통합특별시,126.934543,35.116567,Y
L310068,송암고가IC,전남광주통합특별시,126.880169,35.106214,Y
L310075,송정사랑병원사거리,전남광주통합특별시,126.796886,35.134789,Y
L310053,송정역,전남광주통합특별시,126.789685,35.134543,Y
L310027,송정유림마을,전남광주통합특별시,126.777912,35.101437,Y
L310089,수완골웃교,전남광주통합특별시,126.819245,35.202665,Y
L310092,수완성덕교사거리,전남광주통합특별시,126.823796,35.190413,Y
L310111,신가지구입구사거리,전남광주통합특별시,126.829475,35.178555,Y
L310016,신너릿재입구,전남광주통합특별시,126.950336,35.087495,Y
L310072,신안교삼거리,전남광주통합특별시,126.895925,35.170901,Y
L310094,신용교차로,전남광주통합특별시,126.866658,35.213917,Y
L310019,신우아파트사거리,전남광주통합특별시,126.894231,35.140262,Y
L310060,쌍촌역사거리,전남광주통합특별시,126.873134,35.151559,Y
L310005,양동시장사거리,전남광주통합특별시,126.902585,35.155611,Y
L310021,양림주공사거리,전남광주통합특별시,126.915996,35.134367,Y
L310087,양산사거리,전남광주통합특별시,126.874183,35.211013,Y
L310090,어린이교통공원,전남광주통합특별시,126.853086,35.217299,Y
L310047,연제교차로,전남광주통합특별시,126.867,35.206,Y
L310013,염주체육관사거리,전남광주통합특별시,126.877868,35.137399,Y
L310062,영광통사거리,전남광주통합특별시,126.794549,35.141,Y
L310042,예술고사거리,전남광주통합특별시,126.873202,35.181809,Y
L310116,오선교차로,전남광주통합특별시,126.79334,35.20326,Y
L310084,오치사거리,전남광주통합특별시,126.905116,35.187043,Y
L310046,용두교차로,전남광주통합특별시,126.870967,35.224747,Y
L310074,용봉IC,전남광주통합특별시,126.89862,35.184045,Y
L310041,용산IC,전남광주통합특별시,126.918236,35.12211,Y
L310081,용산교차로,전남광주통합특별시,126.892451,35.2391321,Y
L310048,우석교,전남광주통합특별시,126.856755,35.17288,Y
L310088,운남6단지사거리,전남광주통합특별시,126.81782,35.179412,Y
L310036,운수IC,전남광주통합특별시,126.787169,35.160122,Y
L310044,운암사거리,전남광주통합특별시,126.879364,35.176411,Y
L310020,운진각사거리,전남광주통합특별시,126.891279,35.14387,Y
L310061,운천저수지사거리,전남광주통합특별시,126.856313,35.149733,Y
L310120,원광대한방병원사거리,전남광주통합특별시,126.88675,35.130116,Y
L310012,월드컵경기장,전남광주통합특별시,126.871624,35.134463,Y
L310051,월출교차로,전남광주통합특별시,126.881965,35.244804,Y
L310006,유동사거리,전남광주통합특별시,126.905009,35.156884,Y
L310083,일곡교차로,전남광주통합특별시,126.901625,35.214617,Y
L310076,일곡지구입구,전남광주통합특별시,126.899914,35.203191,Y
L310007,임동오거리,전남광주통합특별시,126.899513,35.158993,Y
L310100,장동사거리,전남광주통합특별시,126.922164,35.149861,Y
L310070,전대입구사거리,전남광주통합특별시,126.902887,35.168717,Y
L310115,절골,전남광주통합특별시,126.781317,35.168738,Y
L310108,정부청사입구,전남광주통합특별시,126.847906,35.226599,Y
L310109,조대사거리,전남광주통합특별시,126.925566,35.144216,Y
L310124,주월파출소사거리,전남광주통합특별시,126.893219,35.133141,Y
L310105,중앙대교사거리,전남광주통합특별시,126.911922,35.147393,Y
L310104,중앙초교사거리,전남광주통합특별시,126.917899,35.152012,Y
L310118,중외공원삼거리,전남광주통합특별시,126.880946,35.181098,Y
L310078,지평교차로,전남광주통합특별시,126.7276,35.154758,Y
L310023,천교사거리,전남광주통합특별시,126.906667,35.151121,Y
L310091,첨단고가사거리,전남광주통합특별시,126.828821,35.212999,Y
L310114,첨단과학기술원후문,전남광주통합특별시,126.834958,35.228717,Y
L310095,첨단우리은행사거리,전남광주통합특별시,126.841732,35.217551,Y
L310052,첨단은혜학교삼거리,전남광주통합특별시,126.8526232,35.2318454,Y
L310026,평동산단4번로사거리,전남광주통합특별시,126.775618,35.125796,Y
L310014,풍금사거리,전남광주통합특별시,126.85912,35.132178,Y
L310121,풍암IC,전남광주통합특별시,126.859951,35.120749,Y
L310123,풍암저수지,전남광주통합특별시,126.869586,35.125718,Y
L310049,하남9번로입구삼거리,전남광주통합특별시,126.818353,35.213692,Y
L310112,하남부영아파트사거리,전남광주통합특별시,126.795054,35.180273,Y
L310079,하남산단6번로사거리,전남광주통합특별시,126.810109,35.202381,Y
L310080,하남홈플러스사거리,전남광주통합특별시,126.8049776,35.1746008,Y
L310015,학동삼거리,전남광주통합특별시,126.928066,35.133491,Y
L310097,학운IC,전남광주통합특별시,126.939259,35.132294,Y
L310063,한국은행사거리,전남광주통합특별시,126.847988,35.159106,Y
L310077,호남대캠퍼스사거리,전남광주통합특별시,126.768629,35.149372,Y
L310066,효덕IC,전남광주통합특별시,126.896313,35.1117,Y
L310031,효죽,전남광주통합특별시,126.924404,35.172518,Y
L310113,흑석사거리,전남광주통합특별시,126.808558,35.180385,Y
E550001,10호광장교차로대사교차로방향,진주교통정보센터,128.059904,35.173472,Y
E550003,10호광장교차로중앙친모래방향,진주교통정보센터,128.059742,35.172819,Y
E550004,10호광장교차로희망교방향,진주교통정보센터,128.060477,35.172851,Y
E550018,개양오거리2번국도방향,진주교통정보센터,128.108231,35.158981,Y
E550019,개양오거리개양파출소방향,진주교통정보센터,128.107679,35.158694,Y
E550020,개양오거리석류공원방향,진주교통정보센터,128.107491,35.15967,Y
E550021,개양오거리정촌초교방향,진주교통정보센터,128.108199,35.159331,Y
E550026,공단사거리초전방향,진주교통정보센터,128.1174687,35.1804212,Y
E550013,구진주역구진주역방향,진주교통정보센터,128.09093,35.178946,Y
E550016,내동교차로내동초교방향,진주교통정보센터,128.07002,35.158319,Y
E550017,내동교차로사천방향,진주교통정보센터,128.070052,35.157722,Y
E550025,상대동주민센터혁신도시방향,진주교통정보센터,128.112414,35.179863,Y
E550022,시청사거리구진주역방향,진주교통정보센터,128.107185,35.179636,Y
E550023,시청사거리혁신도시방향,진주교통정보센터,128.106736,35.179531,Y
E550014,신안광장10호광장방향,진주교통정보센터,128.070558,35.187739,Y
E550015,신안광장진주성방향,진주교통정보센터,128.070558,35.187739,Y
E550009,중앙광장옥봉방향,진주교통정보센터,128.084898,35.193233,Y
E550010,중앙광장진주고방향,진주교통정보센터,128.084229,35.193498,Y
E550011,중앙광장진주교방향,진주교통정보센터,128.084532,35.192649,Y
E550012,중앙광장평거방향,진주교통정보센터,128.083728,35.192896,Y
L250001,KBS사거리,창원교통정보센터,128.6854546,35.2297948,Y
L250002,가음정사거리,창원교통정보센터,128.692,35.2054,Y
L250003,가포건우아파트,창원교통정보센터,128.563181,35.170955,Y
L250004,가포터널사거리,창원교통정보센터,128.569141,35.175584,Y
L250005,경남모직,창원교통정보센터,128.6000679,35.21892,Y
L250006,경찰청사거리,창원교통정보센터,128.6924494,35.2350818,Y
L250007,경화역삼거리,창원교통정보센터,128.686,35.1587,Y
L250008,구마산소방서,창원교통정보센터,128.567,35.1963,Y
L250009,까치아파트삼거리,창원교통정보센터,128.665,35.2465,Y
L250010,남문웅천초교사거리,창원교통정보센터,128.755632,35.105083,Y
L250011,남지사거리,창원교통정보센터,128.683,35.1957,Y
L250012,남창원역사거리,창원교통정보센터,128.663,35.2071,Y
L250013,내서 상곡사거리,창원교통정보센터,128.506,35.2428,Y
L250014,냉천사거리,창원교통정보센터,128.705663,35.152677,Y
L250015,대방IC교차로,창원교통정보센터,128.711376,35.205924,Y
L250016,대방중사거리,창원교통정보센터,128.705974,35.209185,Y
L250017,도계광장,창원교통정보센터,128.630877,35.261523,Y
L250018,도청서문사거리,창원교통정보센터,128.6889066,35.2374294,Y
L250019,동마산IC,창원교통정보센터,128.594043,35.248462,Y
L250020,동신2차아파트,창원교통정보센터,128.515,35.2512,Y
L250021,동신아파트,창원교통정보센터,128.511769,35.25276,Y
L250022,마산무학여고,창원교통정보센터,128.573882,35.221674,Y
L250023,마산서중,창원교통정보센터,128.556304,35.178542,Y
L250024,마산세관삼거리,창원교통정보센터,128.564,35.1878,Y
L250025,마산역,창원교통정보센터,128.5796251,35.2342068,Y
L250026,마재고개,창원교통정보센터,128.537373,35.241199,Y
L250029,명곡광장,창원교통정보센터,128.6508792,35.2418995,Y
L250030,모산사거리,창원교통정보센터,128.711004,35.359294,Y
L250031,목동사거리,창원교통정보센터,128.667135,35.212103,Y
L250032,반월사거리,창원교통정보센터,128.562489,35.188099,Y
L250033,밤밭삼거리,창원교통정보센터,128.556,35.1726,Y
L250034,법원사거리,창원교통정보센터,128.699905,35.222666,Y
L250035,봉암삼거리,창원교통정보센터,128.6148043,35.2146737,Y
L250036,북면동전사거리,창원교통정보센터,128.60327203,35.31835877,Y
L250037,북성초등삼거리,창원교통정보센터,128.568615,35.231252,Y
L250038,북원로타리,창원교통정보센터,128.655,35.1535,Y
L250039,북창원IC,창원교통정보센터,128.60505991,35.29598251,Y
L250040,불곡사사거리,창원교통정보센터,128.704,35.2152,Y
L250041,불모산터널,창원교통정보센터,128.720788,35.184796,Y
L250042,삼계사거리,창원교통정보센터,128.505,35.2321,Y
L250043,삼계삼거리,창원교통정보센터,128.504862,35.226019,Y
L250044,삼동교차로,창원교통정보센터,128.6564334,35.225928,Y
L250045,삼호광장,창원교통정보센터,128.6976915,35.1595215,Y
L250046,상남사거리,창원교통정보센터,128.692,35.2203,Y
L250048,서부경찰서사거리,창원교통정보센터,128.639,35.2521,Y
L250049,서성광장,창원교통정보센터,128.572,35.2031,Y
L250050,서원곡,창원교통정보센터,128.563,35.2106,Y
L250055,석전교사거리,창원교통정보센터,128.57485,35.2287808,Y
L250056,석전사거리,창원교통정보센터,128.570879,35.225766,Y
L250057,성산사거리,창원교통정보센터,128.679,35.205,Y
L250058,성산패총사거리,창원교통정보센터,128.683,35.2099,Y
L250059,성주광장,창원교통정보센터,128.7023249,35.1998019,Y
L250060,"성주사역,천선삼거리",창원교통정보센터,128.694,35.1894,Y
L250061,세스페데스공원,창원교통정보센터,128.750724,35.105873,Y
L250062,소계광장,창원교통정보센터,128.6055326,35.2548462,Y
L250063,수출정문사거리,창원교통정보센터,128.586,35.2108,Y
L250064,시설전대삼거리,창원교통정보센터,128.678309,35.146537,Y
L250065,신남문교,창원교통정보센터,128.748145,35.107202,Y
L250066,신동전터널현동측,창원교통정보센터,128.539824,35.145641,Y
L250067,신촌광장,창원교통정보센터,128.6252359,35.2094783,Y
L250068,신항지앤지사거리,창원교통정보센터,128.807418,35.086295,Y
L250069,안골포삼거리,창원교통정보센터,128.809475,35.15562,Y
L250070,안민터널 사거리,창원교통정보센터,128.7028,35.181,Y
L250071,안민터널내부진해방향,창원교통정보센터,128.7008789,35.1731854,Y
L250072,안민터널성산방향,창원교통정보센터,128.69960501,35.16664049,Y
L250073,안민터널창원측,창원교통정보센터,128.70221121,35.17921133,Y
L250074,양곡터널귀산측,창원교통정보센터,128.626649,35.177199,Y
L250075,양덕광장,창원교통정보센터,128.5872317,35.227764,Y
L250076,양덕동경남아파트,창원교통정보센터,128.589,35.2355,Y
L250077,어린교,창원교통정보센터,128.5870376,35.2214548,Y
L250078,어시장,창원교통정보센터,128.577,35.2045,Y
L250079,염전사거리,창원교통정보센터,128.6945554,35.1530336,Y
L250080,오봉사 입구,창원교통정보센터,128.63683411,35.18884673,Y
L250081,오송스퀘어사거리,창원교통정보센터,128.81893377,35.09071284,Y
L250082,옥동교차로,창원교통정보센터,128.55021867,35.1546488,Y
L250083,완암사거리,창원교통정보센터,128.658107,35.209763,Y
L250084,완월동전원파크앞,창원교통정보센터,128.558,35.2024,Y
L250085,완월월성초교앞,창원교통정보센터,128.56117731,35.19490451,Y
L250086,용원교차로,창원교통정보센터,128.6437463,35.2332797,Y
L250087,용원사거리,창원교통정보센터,128.820976,35.098228,Y
L250088,용원택지삼거리,창원교통정보센터,128.81,35.1038,Y
L250089,용재삼거리,창원교통정보센터,128.824,35.1019,Y
L250090,웅남로연덕교사거리,창원교통정보센터,128.662,35.2148,Y
L250091,웅동교차로,창원교통정보센터,128.781182,35.124249,Y
L250092,웅천로성내소류지옆,창원교통정보센터,128.756,35.1112,Y
L250093,월림삼거리,창원교통정보센터,128.638,35.2135,Y
L250094,월영광장,창원교통정보센터,128.559,35.1804,Y
L250095,월영한백아파트,창원교통정보센터,128.552,35.1841,Y
L250096,육호광장,창원교통정보센터,128.576,35.2118,Y
L250097,의곡교차로,창원교통정보센터,128.793552,35.11981,Y
L250098,의안교차로,창원교통정보센터,128.614032,35.269915,Y
L250099,의창사거리,창원교통정보센터,128.618,35.2617,Y
L250100,이동교,창원교통정보센터,128.701,35.1456,Y
L250101,자은교사거리,창원교통정보센터,128.707,35.1503,Y
L250102,자은에이스빌딩,창원교통정보센터,128.712985,35.15562,Y
L250103,장복터널,창원교통정보센터,128.6541526,35.1723014,Y
L250104,중동2사거리,창원교통정보센터,128.623354,35.256313,Y
L250105,중동사거리,창원교통정보센터,128.626463,35.261234,Y
L250106,중부시장,창원교통정보센터,128.681,35.1533,Y
L250107,중앙사거리,창원교통정보센터,128.678811,35.222348,Y
L250108,중앙시장삼거리,창원교통정보센터,128.666,35.1521,Y
L250109,진동사거리,창원교통정보센터,128.485368,35.114632,Y
L250110,진동한일유엔아이,창원교통정보센터,128.48812,35.12008,Y
L250112,진해고등학교,창원교통정보센터,128.668191,35.161051,Y
L250113,진해구청,창원교통정보센터,128.7092378,35.1310633,Y
L250114,진해나래울학교,창원교통정보센터,128.712174,35.125058,Y
L250115,진해대로2183번길,창원교통정보센터,128.803482,35.114644,Y
L250116,차상사거리,창원교통정보센터,128.639,35.2273,Y
L250117,창곡삼거리,창원교통정보센터,128.6479186,35.2158609,Y
L250118,창원NC파크,창원교통정보센터,128.582968,35.221132,Y
L250119,창원병원 사거리,창원교통정보센터,128.6716977,35.2172516,Y
L250120,창원시청 사거리,창원교통정보센터,128.6799916,35.2274047,Y
L250121,창원종합운동장,창원교통정보센터,128.663,35.2356,Y
L250123,창원터널장유측,창원교통정보센터,128.7603837,35.1819946,Y
L250124,창원터널창원측,창원교통정보센터,128.7325248,35.1887372,Y
L250125,태백사거리,창원교통정보센터,128.675649,35.152637,Y
L250127,태평사거리,창원교통정보센터,128.663,35.1459,Y
L250128,토월지하차도사거리,창원교통정보센터,128.695545,35.230216,Y
L250129,퇴촌사거리,창원교통정보센터,128.682,35.2424,Y
L250130,팔룡동벽산A사거리,창원교통정보센터,128.619,35.2515,Y
L250131,팔용동주민센터,창원교통정보센터,128.613,35.2551,Y
L250132,팔용사거리,창원교통정보센터,128.61,35.2525,Y
L250133,팔용죽전사거리,창원교통정보센터,128.622,35.2459,Y
L250134,평성사거리,창원교통정보센터,128.530879,35.268013,Y
L250135,평안안과,창원교통정보센터,128.5739523,35.2073518,Y
L250136,풍호사거리,창원교통정보센터,128.708757,35.134673,Y
L250137,풍호오거리,창원교통정보센터,128.702,35.135,Y
L250138,한국도로공사앞,창원교통정보센터,128.699775,35.284737,Y
L250139,한화테크윈,창원교통정보센터,128.719462,35.192886,Y
L250140,해군아파트,창원교통정보센터,128.707,35.1451,Y
L250141,해안로동남주유소,창원교통정보센터,128.6,35.2111,Y
L250142,해안로삼거리,창원교통정보센터,128.5703692,35.1971723,Y
L250143,해운동삼거리,창원교통정보센터,128.56515,35.181714,Y
L250144,현동IC,창원교통정보센터,128.551,35.1632,Y
L250145,현동LH1단지앞,창원교통정보센터,128.553783,35.151591,Y
L250146,현동고분유적지,창원교통정보센터,128.547885,35.149209,Y
L360001,2공단삼거리,천안교통정보센터,127.1253354,36.8514255,Y
L360002,개목삼거리,천안교통정보센터,127.1303245,36.8146659,Y
L360003,고속철 입구,천안교통정보센터,127.1059202,36.8019174,Y
L360004,고속화도로입구삼거리,천안교통정보센터,127.2132356,36.775541,Y
L360005,교보사거리,천안교통정보센터,127.1588667,36.8064803,Y
L360006,구 동방주유소 앞,천안교통정보센터,127.1349719,36.8972044,Y
L360007,구상골 사거리,천안교통정보센터,127.1356607,36.8183333,Y
L360008,구성삼거리,천안교통정보센터,127.164651,36.798886,Y
L360009,구정사거리,천안교통정보센터,127.1592356,36.6889197,Y
L360010,국지도23호선 오일뱅크앞,천안교통정보센터,127.1787484,36.8441042,Y
L360011,극동사거리,천안교통정보센터,127.1329813,36.8264833,Y
L360012,남부오거리,천안교통정보센터,127.1535502,36.7983562,Y
L360013,노동부사거리,천안교통정보센터,127.1336464,36.8339721,Y
L360014,단대입구 사거리,천안교통정보센터,127.1663049,36.8284295,Y
L360015,대홍교차로,천안교통정보센터,127.1343423,36.9362308,Y
L360016,도로원점 삼거리,천안교통정보센터,127.1644947,36.8064196,Y
L360017,도리티삼거리,천안교통정보센터,127.166614,36.766336,Y
L360018,도장리,천안교통정보센터,127.1706983,36.7451909,Y
L360019,동일하이빌 삼거리,천안교통정보센터,127.1148578,36.8113265,Y
L360020,두정역사거리,천안교통정보센터,127.1516752,36.8321836,Y
L360021,두정지하차도 위,천안교통정보센터,127.1515044,36.8391956,Y
L360022,레이크타운3차 사거리,천안교통정보센터,127.1261006,36.8417192,Y
L360023,로데오거리 앞 사거리,천안교통정보센터,127.1316641,36.8018377,Y
L360024,방죽안오거리,천안교통정보센터,127.1518748,36.8188281,Y
L360025,백석대 삼거리,천안교통정보센터,127.1742862,36.8383813,Y
L360026,백석삼거리,천안교통정보센터,127.1235198,36.8236502,Y
L360027,버들육거리,천안교통정보센터,127.1523064,36.806692,Y
L360028,병천사거리 회전교차로,천안교통정보센터,127.2963749,36.7581066,Y
L360029,복지관사거리,천안교통정보센터,127.1354856,36.9118997,Y
L360030,복지회관사거리,천안교통정보센터,127.1455024,36.8332652,Y
L360031,봉서사거리,천안교통정보센터,127.1328197,36.807489,Y
L360032,봉정사거리,천안교통정보센터,127.1428129,36.8186074,Y
L360033,부성초교사거리,천안교통정보센터,127.1382514,36.8336751,Y
L360034,북부지하차도 사거리,천안교통정보센터,127.1383729,36.8388364,Y
L360035,불당고,천안교통정보센터,127.1014132,36.8085102,Y
L360036,불당신도시 입구 삼거리,천안교통정보센터,127.1025105,36.8250377,Y
L360037,불당현대 사거리,천안교통정보센터,127.1070017,36.807447,Y
L360038,삼거리공원 정문 옆,천안교통정보센터,127.1682522,36.78516,Y
L360039,삼용사거리,천안교통정보센터,127.1646254,36.789011,Y
L360040,상명대 입구 삼거리,천안교통정보센터,127.1738124,36.833742,Y
L360041,상장교차로,천안교통정보센터,127.2304058,36.9138117,Y
L360042,새말사거리,천안교통정보센터,127.1285056,36.7861919,Y
L360043,생태터널사거리,천안교통정보센터,127.0977107,36.795138,Y
L360044,서부역 입구 삼거리,천안교통정보센터,127.1409331,36.8105742,Y
L360045,서북구청 앞 삼거리,천안교통정보센터,127.1539677,36.8774112,Y
L360046,서북소방서 사거리,천안교통정보센터,127.1176081,36.8635435,Y
L360047,서천안IC삼거리,천안교통정보센터,127.139642,36.764132,Y
L360048,석교교차로,천안교통정보센터,127.186,36.8577,Y
L360049,성거교차로,천안교통정보센터,127.194938,36.866536,Y
L360050,성성2교차로,천안교통정보센터,127.1213203,36.8444805,Y
L360051,성성고가교,천안교통정보센터,127.1192816,36.8394213,Y
L360052,세무서,천안교통정보센터,127.1524154,36.7840601,Y
L360053,세집매 사거리,천안교통정보센터,127.1504447,36.8625719,Y
L360054,송남교차로,천안교통정보센터,127.1967548,36.8684774,Y
L360055,송유관입구,천안교통정보센터,127.155497,36.8479469,Y
L360056,쉐르빌 104동 옆 교차로,천안교통정보센터,127.1384179,36.7887466,Y
L360057,시장교차로,천안교통정보센터,127.2185297,36.9012449,Y
L360058,시청사거리,천안교통정보센터,127.1095666,36.8156227,Y
L360059,신방삼거리,천안교통정보센터,127.1180694,36.7865645,Y
L360060,쌍용도서관 삼거리,천안교통정보센터,127.1152323,36.8014566,Y
L360061,쌍용사거리,천안교통정보센터,127.1266916,36.7997173,Y
L360062,아이비웨딩 앞,천안교통정보센터,127.1437241,36.7986021,Y
L360063,엘지로 교차로,천안교통정보센터,127.1430993,36.7689599,Y
L360064,역말 오거리,천안교통정보센터,127.1531387,36.8249888,Y
L360065,예일병원 앞 사거리,천안교통정보센터,127.1213454,36.7924985,Y
L360066,오룡지하차도,천안교통정보센터,127.1499043,36.8063821,Y
L360067,와촌초교,천안교통정보센터,127.1450103,36.8065073,Y
L360068,용평사거리,천안교통정보센터,127.157913,36.766564,Y
L360069,우미린 102동 사거리,천안교통정보센터,127.1005316,36.8174407,Y
L360070,우미린A 삼거리,천안교통정보센터,127.146534,36.7847639,Y
L360071,운동장 사거리,천안교통정보센터,127.1118298,36.822612,Y
L360072,원형교차로 내,천안교통정보센터,127.1336875,36.7747458,Y
L360073,원형육교,천안교통정보센터,127.1120176,36.8009504,Y
L360074,이마트 사거리,천안교통정보센터,127.1271973,36.7948239,Y
L360075,이수교차로,천안교통정보센터,127.1147343,36.8303605,Y
L360076,인쇄창사거리,천안교통정보센터,127.1444072,36.8254002,Y
L360077,일봉산사거리,천안교통정보센터,127.13044,36.7976286,Y
L360078,저리 교차로,천안교통정보센터,127.1997565,36.8769768,Y
L360079,직산사거리,천안교통정보센터,127.1463629,36.8767668,Y
L360080,창들2교차로,천안교통정보센터,127.3040259,36.7519082,Y
L360081,천안로사거리,천안교통정보센터,127.1625436,36.8218382,Y
L360082,천안역,천안교통정보센터,127.1480679,36.8095904,Y
L360083,청당지하차도,천안교통정보센터,127.1394287,36.7751509,Y
L360084,청룡지하차도사거리,천안교통정보센터,127.152736,36.782071,Y
L360085,청삼교차로,천안교통정보센터,127.1654859,36.7821278,Y
L360086,청수 국민은행,천안교통정보센터,127.157915,36.7860367,Y
L360087,청수지하도동삼거리,천안교통정보센터,127.142651,36.774612,Y
L360088,청수초교3거리,천안교통정보센터,127.151041,36.787755,Y
L360089,충무로사거리,천안교통정보센터,127.1592029,36.7986709,Y
L360090,충절오거리,천안교통정보센터,127.1597321,36.7945788,Y
L360091,취암산터널,천안교통정보센터,127.169951,36.78153,Y
L360092,코스트코사거리,천안교통정보센터,127.1068552,36.8426532,Y
L360093,터미널사거리,천안교통정보센터,127.1584584,36.8188878,Y
L360094,파스쿠찌앞 교차로,천안교통정보센터,127.1380416,36.8436852,Y
L360095,펜타포트 사거리,천안교통정보센터,127.0993324,36.8001466,Y
L360096,푸르지오 106동 사거리,천안교통정보센터,127.1079532,36.8220088,Y
L360097,풍서1교차로,천안교통정보센터,127.123286,36.721042,Y
L360098,풍세교차로,천안교통정보센터,127.1267221,36.7344688,Y
L360099,한들사거리,천안교통정보센터,127.118454,36.8231428,Y
L360100,한미래아파트 앞사거리,천안교통정보센터,127.1303838,36.9560053,Y
L360101,호반201동 사거리,천안교통정보센터,127.1051785,36.8131923,Y
L120001,LCD서문교차로,파주교통정보센터,126.75581052,37.81908391,Y
L120002,가월교차로,파주교통정보센터,126.9178798,37.98103153,Y
L120003,가월교차로(보),파주교통정보센터,126.9178798,37.98093153,Y
L120004,갈현교차로,파주교통정보센터,126.72397108,37.77168897,Y
L120005,갈현교차로(보),파주교통정보센터,126.7240623,37.771546,Y
L120006,감악산,파주교통정보센터,126.9441086,37.93944832,Y
L120007,감악산(보),파주교통정보센터,126.9441086,37.93934832,Y
L120008,검산삼거리,파주교통정보센터,126.73969304,37.77489922,Y
L120009,경모공원삼거리,파주교통정보센터,126.6952337,37.7926124,Y
L120010,광탄1교교차로,파주교통정보센터,126.8400604,37.7816661,Y
L120011,광탄로타리,파주교통정보센터,126.8501702,37.7725299,Y
L120012,광탄삼거리,파주교통정보센터,126.8461236,37.7830315,Y
L120013,광탄삼거리(보),파주교통정보센터,126.84602237,37.78299143,Y
L120014,교하교차로,파주교통정보센터,126.710996,37.7254092,Y
L120015,교하삼거리,파주교통정보센터,126.7526171,37.7515667,Y
L120016,교하삼거리(보),파주교통정보센터,126.75248718,37.75176904,Y
L120017,교하지하차도사거리,파주교통정보센터,126.71696974,37.72629337,Y
L120018,교하지하차도사거리(보),파주교통정보센터,126.71731041,37.72620409,Y
L120019,금승사거리,파주교통정보센터,126.73802181,37.825698,Y
L120020,금승사거리(보),파주교통정보센터,126.7383659,37.8256757,Y
L120021,금촌로타리,파주교통정보센터,126.77357656,37.75766737,Y
L120022,금촌신사거리,파주교통정보센터,126.7904783,37.77118882,Y
L120023,금촌신사거리(보),파주교통정보센터,126.79047805,37.77127893,Y
L120024,금촌역교차로,파주교통정보센터,126.773912,37.7650856,Y
L120025,금촌지구교차로,파주교통정보센터,126.7715974,37.7450897,Y
L120026,뇌조교차로,파주교통정보센터,126.8144962,37.763072,Y
L120027,다율교차로(보),파주교통정보센터,126.73392214,37.73458499,Y
L120028,대원사거리,파주교통정보센터,126.8040212,37.7350744,Y
L120029,대원사거리(보),파주교통정보센터,126.80369417,37.73521525,Y
L120030,덕은2교차로,파주교통정보센터,126.7786451,37.7906714,Y
L120031,덕은5리사거리,파주교통정보센터,126.7820778,37.8095661,Y
L120032,덕은5리사거리(보),파주교통정보센터,126.78180712,37.80972305,Y
L120033,덕은교차로,파주교통정보센터,126.787698,37.800832,Y
L120034,두레공원교차로,파주교통정보센터,126.751816,37.7293055,Y
L120035,등원교차로(보),파주교통정보센터,126.80596968,37.75810752,Y
L120036,말레이지아교교차로,파주교통정보센터,126.7980433,37.7493768,Y
L120037,말레이지아교교차로(보),파주교통정보센터,126.79798222,37.74957757,Y
L120038,문발교차로,파주교통정보센터,126.7019692,37.7237901,Y
L120039,문산사거리,파주교통정보센터,126.78908787,37.86001845,Y
L120040,문산사거리(보),파주교통정보센터,126.7893025,37.8598354,Y
L120041,문산제일고삼거리,파주교통정보센터,126.7627519,37.7699115,Y
L120042,문산제일고삼거리(보),파주교통정보센터,126.76272514,37.7701088,Y
L120043,미래로교차로,파주교통정보센터,126.74623918,37.7068036,Y
L120044,법원사거리,파주교통정보센터,126.8730525,37.8493406,Y
L120045,법원사거리(보),파주교통정보센터,126.8730847,37.8492347,Y
L120046,벧엘교회교차로(보),파주교통정보센터,126.7590027,37.7351337,Y
L120047,봉일천사거리(보),파주교통정보센터,126.8026405,37.7483869,Y
L120048,봉일천중입구사거리(보),파주교통정보센터,126.809033,37.7442915,Y
L120049,북파주농협사거리,파주교통정보센터,126.7829693,37.8647114,Y
L120050,비석사거리(보),파주교통정보센터,126.7452863,37.8221361,Y
L120051,산남IC교차로,파주교통정보센터,126.703856,37.6966785,Y
L120052,산내3단지사거리,파주교통정보센터,126.7338235,37.7271746,Y
L120053,산내공원교차로,파주교통정보센터,126.7371537,37.7180498,Y
L120054,산내교차로,파주교통정보센터,126.7269711,37.7310571,Y
L120055,삽다리IC,파주교통정보센터,126.729799,37.7079039,Y
L120056,삽다리IC(보),파주교통정보센터,126.7296541,37.7079124,Y
L120057,상지석교차로,파주교통정보센터,126.7741959,37.72796579,Y
L120058,상지석교차로(보),파주교통정보센터,126.7741959,37.72786579,Y
L120059,새꽃1단지삼거리(보),파주교통정보센터,126.76520541,37.75761746,Y
L120060,새암공원교차로,파주교통정보센터,126.7463047,37.7123044,Y
L120061,선유로타리,파주교통정보센터,126.7946283,37.8578796,Y
L120062,성동사거리,파주교통정보센터,126.68995751,37.78558045,Y
L120063,성동사거리(보),파주교통정보센터,126.6900044,37.7855013,Y
L120064,수억중고앞교차로,파주교통정보센터,126.7998476,37.8543999,Y
L120065,순달교교차로,파주교통정보센터,126.7685615,37.765688,Y
L120066,시청앞사거리,파주교통정보센터,126.7778424,37.7595272,Y
L120067,시청앞사거리(보),파주교통정보센터,126.7777353,37.7594921,Y
L120068,심학산교차로,파주교통정보센터,126.73191093,37.71736392,Y
L120069,심학중사거리,파주교통정보센터,126.7165877,37.7093271,Y
L120070,심학중사거리(보)1,파주교통정보센터,126.7163248,37.7095181,Y
L120071,심학중사거리(보)2,파주교통정보센터,126.7170275,37.7093483,Y
L120072,심학중사거리(보)3,파주교통정보센터,126.7168559,37.709064,Y
L120073,심학중사거리(보)4,파주교통정보센터,126.7161049,37.7092932,Y
L120074,아동사거리(보),파주교통정보센터,126.7796022,37.7675784,Y
L120075,야동7통사거리,파주교통정보센터,126.7677319,37.7770858,Y
L120076,어유교차로,파주교통정보센터,126.9847246,37.9972486,Y
L120077,오도교차로,파주교통정보센터,126.7221753,37.7456818,Y
L120078,와동교차로,파주교통정보센터,126.7525319,37.7416552,Y
L120079,와동교차로(보),파주교통정보센터,126.7524148,37.7418161,Y
L120080,용미5교차로,파주교통정보센터,126.8662075,37.7483549,Y
L120081,운정6동행복센터사거리,파주교통정보센터,126.7148591,37.7118371,Y
L120082,운정6동행복센터사거리(보)1,파주교통정보센터,126.7148496,37.7120984,Y
L120083,운정6동행복센터사거리(보)2,파주교통정보센터,126.7152412,37.7119074,Y
L120084,운정6동행복센터사거리(보)3,파주교통정보센터,126.7149944,37.7116146,Y
L120085,운정6동행복센터사거리(보)4,파주교통정보센터,126.7145492,37.711797,Y
L120086,운정건강공원교차로,파주교통정보센터,126.7468928,37.7170527,Y
L120087,운정역삼거리,파주교통정보센터,126.7655912,37.7236851,Y
L120088,운정이마트삼거리,파주교통정보센터,126.7439575,37.7099073,Y
L120089,운정행복센터교차로,파주교통정보센터,126.7498316,37.723135,Y
L120090,운정호수교차로,파주교통정보센터,126.75974304,37.71698867,Y
L120091,운정환경관리센터사거리,파주교통정보센터,126.7689483,37.734689,Y
L120092,월롱교차로,파주교통정보센터,126.7918969,37.7986193,Y
L120093,월롱교차로(보),파주교통정보센터,126.7917778,37.798811,Y
L120094,유비파크사거리(보),파주교통정보센터,126.7609239,37.7242426,Y
L120095,임월교교차로,파주교통정보센터,126.7765068,37.8591789,Y
L120096,장월2교,파주교통정보센터,126.6875879,37.6919591,Y
L120097,적성교차로,파주교통정보센터,126.926227,37.9569114,Y
L120098,주내사거리,파주교통정보센터,126.8160239,37.8286655,Y
L120099,주라위삼거리(보),파주교통정보센터,126.7926546,37.8178119,Y
L120100,주월교사거리,파주교통정보센터,126.8186616,37.8011018,Y
L120101,지산초교차로,파주교통정보센터,126.7605603,37.7299259,Y
L120102,책마을삼거리,파주교통정보센터,126.6914151,37.7177408,Y
L120103,책향기교차로,파주교통정보센터,126.730734,37.7257863,Y
L120104,청석교차로,파주교통정보센터,126.72421,37.7406576,Y
L120105,청암초사거리,파주교통정보센터,126.7379124,37.7289988,Y
L120106,첼시아울렛삼거리,파주교통정보센터,126.6995975,37.7696673,Y
L120107,초롱꽃마을6.7단지사거리,파주교통정보센터,126.7132564,37.7158497,Y
L120108,초롱꽃마을6.7단지사거리(보)1,파주교통정보센터,126.7130901,37.7161128,Y
L120109,초롱꽃마을6.7단지사거리(보)2,파주교통정보센터,126.7136104,37.7159007,Y
L120110,초롱꽃마을6.7단지사거리(보)3,파주교통정보센터,126.712854,37.7158455,Y
L120111,초롱꽃마을6.7단지사거리(보)4,파주교통정보센터,126.7133207,37.7156248,Y
L120112,탑골지하차도,파주교통정보센터,126.7186416,37.7017007,Y
L120113,통일공원앞사거리(보),파주교통정보센터,126.7885453,37.8482094,Y
L120114,통일촌삼거리,파주교통정보센터,126.7058128,37.77980689,Y
L120115,통일촌삼거리(보),파주교통정보센터,126.7058128,37.77970689,Y
L120116,파주세무서교차로,파주교통정보센터,126.7666765,37.7501341,Y
L120117,팜스프링로타리,파주교통정보센터,126.7770882,37.7707441,Y
L120118,한빛마을교차로,파주교통정보센터,126.7593203,37.7069527,Y
L120119,해솔2단지사거리(보),파주교통정보센터,126.74257114,37.72489896,Y
L120120,흰돌마을삼거리,파주교통정보센터,126.7835976,37.754177,Y
L120121,흰돌마을삼거리(보),파주교통정보센터,126.7833953,37.7543609,Y
E340001,갈평11길앞사거리,평택교통정보센터,127.044722,37.066111,Y
E340002,갈평2로사거리,평택교통정보센터,127.046944,37.060833,Y
E340003,경기도립도서관사거리,평택교통정보센터,127.0635833,37.095125,Y
E340004,고덕IC앞사거리,평택교통정보센터,127.040833,37.0275,Y
E340005,고덕국제화계획지구사거리,평택교통정보센터,127.04406996,37.05194455,Y
E340006,고덕산업단지1,평택교통정보센터,127.053217,37.026981,Y
E340007,고덕산업단지2,평택교통정보센터,127.04899,37.037584,Y
E340008,고덕성당사거리,평택교통정보센터,127.040833,37.034722,Y
E340009,고덕여염13길앞사거리,평택교통정보센터,127.045555,37.041389,Y
E340010,국립농산물품질관리원사거리,평택교통정보센터,127.046667,37.058889,Y
E340011,국민건강보험공단사거리,평택교통정보센터,127.043923,37.055265,Y
E340012,국민은행청북지점,평택교통정보센터,126.914964,37.018895,Y
E340013,군문교삼거리,평택교통정보센터,127.080926,36.985476,Y
E340014,굿모닝병원사거리,평택교통정보센터,127.12153,36.991073,Y
E340015,궁안교,평택교통정보센터,127.0185583,37.01747222,Y
E340016,근린공원사거리,평택교통정보센터,127.036111,37.058889,Y
E340017,금곡삼거리,평택교통정보센터,126.9388,36.99652222,Y
E340018,기산교차로,평택교통정보센터,126.9124083,36.95034444,Y
E340019,남산삼거리,평택교통정보센터,127.055565,36.950666,Y
E340020,내기리삼거리,평택교통정보센터,126.8808694,36.98229167,Y
E340021,댕단산사거리,평택교통정보센터,127.025,37.054167,Y
E340022,동우빌딩사거리,평택교통정보센터,126.929002,36.983016,Y
E340023,르플로랑아파트사거리,평택교통정보센터,127.043875,37.058888,Y
E340024,마산사거리,평택교통정보센터,127.089937,37.091661,Y
E340025,만호사거리,평택교통정보센터,126.85438,36.961688,Y
E340026,배다리공원사거리,평택교통정보센터,127.116795,36.998656,Y
E340027,배수펌프장사거리,평택교통정보센터,126.857051,36.984199,Y
E340028,법원사거리,평택교통정보센터,127.088114,37.00354,Y
E340029,비전사거리,평택교통정보센터,127.111532,36.998773,Y
E340030,비전지하차도,평택교통정보센터,127.116125,36.98801111,Y
E340031,서평택IC사거리,평택교통정보센터,126.8628778,36.98914444,Y
E340032,선거관리위원회,평택교통정보센터,127.055745,37.052067,Y
E340033,송탄IC삼거리,평택교통정보센터,127.10915391,37.04302267,Y
E340034,송탄터미널,평택교통정보센터,127.057953,37.079195,Y
E340035,송화삼거리,평택교통정보센터,127.052931,36.952274,Y
E340036,수원지방법원평택지원,평택교통정보센터,127.098272,37.009648,Y
E340037,시립파밀리에어린이집사거리,평택교통정보센터,127.046667,37.048333,Y
E340038,신궁교차로,평택교통정보센터,127.07727,36.97859,Y
E340039,신협고덕지점사거리,평택교통정보센터,127.043889,37.048333,Y
E340040,안재홍선생생가앞사거리,평택교통정보센터,127.020278,37.055,Y
E340041,안정리사거리,평택교통정보센터,127.053553,36.96425,Y
E340042,안중사거리,평택교통정보센터,126.9384972,36.99035,Y
E340043,안중오거리,평택교통정보센터,126.9328833,36.98946111,Y
E340044,안중파출소앞사거리,평택교통정보센터,126.920758,36.984565,Y
E340045,어울림스퀘어아파트사거리,평택교통정보센터,127.043895,37.044829,Y
E340046,에이스에스타워삼거리,평택교통정보센터,127.056944,37.044167,Y
E340047,오성산단사거리,평택교통정보센터,126.943188,37.023333,Y
E340048,오수중계펌프장사거리,평택교통정보센터,126.84143,36.97712,Y
E340049,용성3리,평택교통정보센터,126.9462722,37.01445278,Y
E340050,원정2리사거리,평택교통정보센터,126.846307,36.996054,Y
E340051,원정변전소사거리,평택교통정보센터,126.839296,36.992632,Y
E340052,원정삼거리,평택교통정보센터,126.817356,37.009597,Y
E340053,이곡사거리,평택교통정보센터,127.104215,37.005052,Y
E340054,인광육교,평택교통정보센터,126.9131611,36.92300278,Y
E340055,지제교차로,평택교통정보센터,127.051141,37.017971,Y
E340056,청북교차로,평택교통정보센터,126.9311,37.04903333,Y
E340057,청원로삼거리,평택교통정보센터,126.942686,37.039759,Y
E340058,추팔공업단지사거리,평택교통정보센터,127.068748,36.96365,Y
E340059,칠괴산단사거리,평택교통정보센터,127.09855,37.033835,Y
E340060,통복사거리,평택교통정보센터,127.080648,36.998248,Y
E340061,팽성IC,평택교통정보센터,126.9867491,36.957331,Y
E340062,팽성북로,평택교통정보센터,127.040544,36.972509,Y
E340063,평택경찰서오거리,평택교통정보센터,127.09032,36.994281,Y
E340064,평택대교,평택교통정보센터,126.973379,36.963334,Y
E340065,평택만호사거리,평택교통정보센터,126.854656,36.961701,Y
E340066,평택역오거리,평택교통정보센터,127.086291,36.992144,Y
E340067,포승지구 01,평택교통정보센터,126.861831,36.953833,Y
E340068,포승지구 02,평택교통정보센터,126.867173,36.948922,Y
E340069,포승지구 03,평택교통정보센터,126.866918,36.956844,Y
E340070,한신주유소삼거리,평택교통정보센터,127.0724111,37.01161944,Y
E340071,합정초교삼거리,평택교통정보센터,127.098087,36.988437,Y
E340072,현덕교차로,평택교통정보센터,126.9108111,36.91793333,Y
E340073,현화교차로,평택교통정보센터,126.9124972,36.99075,Y
L370001,5호광장사거리1,포항교통정보센터,129.35574429,36.02019051,Y
L370002,5호광장사거리2,포항교통정보센터,129.35598492,36.02010908,Y
L370003,갈바리골사거리,포항교통정보센터,129.39701014,36.08616372,Y
L370004,고현주유소,포항교통정보센터,129.34398347,36.16239677,Y
L370005,곡강IC전사거리,포항교통정보센터,129.40273812,36.10265711,Y
L370006,공항삼거리,포항교통정보센터,129.43357935,35.98976893,Y
L370007,과수원칼국수1,포항교통정보센터,129.30192,36.02676,Y
L370008,과수원칼국수2,포항교통정보센터,129.30208456,36.02653314,Y
L370009,괴동삼거리,포항교통정보센터,129.37119902,35.99415115,Y
L370010,교육청앞,포항교통정보센터,129.3737,36.0962,Y
L370011,구룡포수협교차로,포항교통정보센터,129.5552,35.9899,Y
L370012,구룡포일본인가옥거리,포항교통정보센터,129.5604,35.9905,Y
L370013,구룡포해수욕장,포항교통정보센터,129.56523015,35.99756685,Y
L370014,구만교차로,포항교통정보센터,129.54921597,36.07910416,Y
L370015,구포항역사교차로,포항교통정보센터,129.36147632,36.03589696,Y
L370016,나루끝대성엔스쿨앞,포항교통정보센터,129.36391209,36.04819099,Y
L370017,낙천대삼거리,포항교통정보센터,129.3892,36.0754,Y
L370018,남부경찰서사거리,포항교통정보센터,129.34502982,36.00623036,Y
L370019,남빈사거리,포항교통정보센터,129.3648103,36.03638434,Y
L370020,남송교차로1,포항교통정보센터,129.36797703,36.10207053,Y
L370021,남송교차로2,포항교통정보센터,129.36809278,36.10255163,Y
L370022,냉천교교차로1,포항교통정보센터,129.40039825,35.9931268,Y
L370023,냉천교교차로2,포항교통정보센터,129.4006339,35.9928262,Y
L370024,달전오거리1,포항교통정보센터,129.342963,36.07892858,Y
L370025,달전오거리2,포항교통정보센터,129.34274597,36.07919549,Y
L370026,대도사거리,포항교통정보센터,129.36346857,36.02161677,Y
L370027,대련IC,포항교통정보센터,129.31163786,36.04350949,Y
L370028,대련삼거리,포항교통정보센터,129.3282,36.0459,Y
L370029,대보1교차로,포항교통정보센터,129.57007646,36.06494429,Y
L370030,대보2교차로,포항교통정보센터,129.5617994,36.07331004,Y
L370031,대이동삼거리1,포항교통정보센터,129.338319,36.032303,Y
L370032,대이동삼거리2,포항교통정보센터,129.33861387,36.03219217,Y
L370033,대잠사거리1,포항교통정보센터,129.34268547,36.01236014,Y
L370034,대잠사거리2,포항교통정보센터,129.34250308,36.01205705,Y
L370035,동국S&C 2공장,포항교통정보센터,129.3937,35.9526,Y
L370036,동빈큰다리사거리1,포항교통정보센터,129.37017863,36.04006957,Y
L370037,동빈큰다리사거리2,포항교통정보센터,129.3699438,36.0403152,Y
L370038,동해교차로,포항교통정보센터,129.46378649,35.9885431,Y
L370039,두산위브사거리1,포항교통정보센터,129.3793215,36.07211146,Y
L370040,두산위브사거리2,포항교통정보센터,129.37969981,36.07234743,Y
L370041,두호동롯데아파트,포항교통정보센터,129.37758411,36.05810593,Y
L370042,등외과사거리,포항교통정보센터,129.36857172,36.02260858,Y
L370043,따봉세차장,포항교통정보센터,129.3619,36.0506,Y
L370044,망천사거리,포항교통정보센터,129.3581,36.1094,Y
L370045,문덕교,포항교통정보센터,129.40741774,35.96195018,Y
L370046,문덕서로사거리,포항교통정보센터,129.39955182,35.96360572,Y
L370047,법원사거리신덕로,포항교통정보센터,129.3871,36.0882,Y
L370048,법원앞장량중앙로,포항교통정보센터,129.3879,36.0901,Y
L370049,병포교차로,포항교통정보센터,129.54580891,35.98271379,Y
L370050,상대복지센터사거리,포항교통정보센터,129.35792747,36.01416611,Y
L370051,서문사거리,포항교통정보센터,129.4137,35.9762,Y
L370052,성곡IC,포항교통정보센터,129.34217332,36.09302163,Y
L370053,송도교사거리,포항교통정보센터,129.37130051,36.03358137,Y
L370054,송도수협사거리,포항교통정보센터,129.37596,36.04585,Y
L370055,송도해변삼거리1,포항교통정보센터,129.3777311,36.0400714,Y
L370056,송도해변삼거리2,포항교통정보센터,129.3776311,36.0403714,Y
L370057,송도해수욕장,포항교통정보센터,129.38261683,36.03184438,Y
L370058,송동사거리,포항교통정보센터,129.3618,35.974,Y
L370059,송라사거리,포항교통정보센터,129.3594,36.2274,Y
L370060,송림초등학교,포항교통정보센터,129.37432683,36.02956845,Y
L370061,시민볼링장사거리1,포항교통정보센터,129.35637708,36.00861512,Y
L370062,시민볼링장사거리2,포항교통정보센터,129.3562728,36.00891978,Y
L370063,시외터미널사거리,포항교통정보센터,129.34967434,36.01258936,Y
L370064,시청삼거리1,포항교통정보센터,129.33988592,36.01742822,Y
L370065,시청삼거리2,포항교통정보센터,129.3398427,36.0177931,Y
L370066,신덕사거리1,포항교통정보센터,129.392014,36.086611,Y
L370067,신덕사거리2,포항교통정보센터,129.39216554,36.08648717,Y
L370068,약전교차로,포항교통정보센터,129.4534751,35.9900987,Y
L370069,약전회전교차로,포항교통정보센터,129.4526,35.9889,Y
L370070,양덕교차로,포항교통정보센터,129.39721926,36.07665788,Y
L370071,양덕체육공원사거리,포항교통정보센터,129.40171985,36.08163608,Y
L370072,양학사거리1,포항교통정보센터,129.35199726,36.02436938,Y
L370073,양학사거리2,포항교통정보센터,129.35230109,36.02450326,Y
L370074,연일대교교차로,포항교통정보센터,129.34435061,36.00057288,Y
L370075,연일읍교차로,포항교통정보센터,129.34321791,35.99264086,Y
L370076,연화교차로1,포항교통정보센터,129.332451,36.05077,Y
L370077,연화교차로2,포항교통정보센터,129.33264412,36.0506198,Y
L370078,연화재사거리1,포항교통정보센터,129.34414046,36.04496543,Y
L370079,연화재사거리2,포항교통정보센터,129.34373029,36.04541754,Y
L370080,영신고앞,포항교통정보센터,129.35409783,36.05873261,Y
L370081,영일만대로성곡교차로1,포항교통정보센터,129.35537667021057,36.09174908085769,Y
L370082,영일만대로성곡교차로2,포항교통정보센터,129.35475308,36.09144088,Y
L370083,영일전망대삼거리1,포항교통정보센터,129.38172217,36.06300151,Y
L370084,영일전망대삼거리2,포항교통정보센터,129.38122268,36.063042,Y
L370085,오거리1,포항교통정보센터,129.36602129,36.03262741,Y
L370086,오거리2,포항교통정보센터,129.36601951,36.03290593,Y
L370087,오천신흥중학교,포항교통정보센터,129.4211,35.964,Y
L370088,오천우리유치원1,포항교통정보센터,129.4107548,35.98325819,Y
L370089,오천원용교1,포항교통정보센터,129.40780954,35.97649517,Y
L370090,오천원용교2,포항교통정보센터,129.40793542,35.97620349,Y
L370091,옥성교차로,포항교통정보센터,129.341,36.1021,Y
L370092,용흥교차로,포항교통정보센터,129.35900358,36.03624752,Y
L370093,용흥동한라파크1,포항교통정보센터,129.34789172,36.04224544,Y
L370094,용흥현대교차로,포항교통정보센터,129.3591501,36.03923746,Y
L370095,우목터널사거리,포항교통정보센터,129.41883362,36.10146209,Y
L370096,우방하이츠사거리1,포항교통정보센터,129.375806,36.059964,Y
L370097,우방하이츠사거리2,포항교통정보센터,129.37602058,36.05979234,Y
L370098,우현사거리1,포항교통정보센터,129.36007401,36.0526746,Y
L370099,우현사거리2,포항교통정보센터,129.36039324,36.05256932,Y
L370100,우현신동아사거리,포항교통정보센터,129.35911118,36.05511,Y
L370101,원동사거리,포항교통정보센터,129.4026,35.9706,Y
L370102,유강교차로,포항교통정보센터,129.31017608,35.99922529,Y
L370103,육거리,포항교통정보센터,129.36659822,36.04088671,Y
L370104,의현교차로1,포항교통정보센터,129.347073,36.073986,Y
L370105,의현교차로2,포항교통정보센터,129.3472232,36.07424349,Y
L370106,이동고삼거리,포항교통정보센터,129.33527629,36.03149647,Y
L370107,이동사거리,포항교통정보센터,129.33866178,36.02519058,Y
L370108,장량교차로1,포항교통정보센터,129.38219671,36.08964683,Y
L370109,장량교차로2,포항교통정보센터,129.38189095,36.08991049,Y
L370110,장량체육센터사거리1,포항교통정보센터,129.385422,36.082739,Y
L370111,장량체육센터사거리2,포항교통정보센터,129.38579203,36.08259817,Y
L370112,장성체육공원사거리,포항교통정보센터,129.39179867,36.08168226,Y
L370113,장흥동사거리,포항교통정보센터,129.36367229,35.98662388,Y
L370114,전화국사거리,포항교통정보센터,129.3631,36.0387,Y
L370115,죽도시장삼거리1,포항교통정보센터,129.369521,36.037252,Y
L370116,죽도시장삼거리2,포항교통정보센터,129.36952383,36.03703508,Y
L370117,죽도파출소앞,포항교통정보센터,129.36179296,36.02760328,Y
L370118,중앙상가사거리1,포항교통정보센터,129.3655819,36.03848328,Y
L370119,중원로사거리,포항교통정보센터,129.4023,35.9759,Y
L370120,창포사거리,포항교통정보센터,129.37092008,36.06132544,Y
L370121,철강공단삼거리,포항교통정보센터,129.3797,35.9789,Y
L370122,청림동신제일정비1,포항교통정보센터,129.4077026,35.99061643,Y
L370123,청하교차로,포항교통정보센터,129.35186505,36.20179033,Y
L370124,청하삼거리1,포항교통정보센터,129.340838,36.180125,Y
L370125,청하삼거리2,포항교통정보센터,129.34064488,36.18044687,Y
L370126,초곡입구사거리,포항교통정보센터,129.3399,36.0979,Y
L370127,초곡파리바게트,포항교통정보센터,129.3357,36.0965,Y
L370128,칠포교차로,포항교통정보센터,129.3477,36.1301,Y
L370129,포스코육교1,포항교통정보센터,129.38883098,35.997445,Y
L370130,포항여객선터미널1,포항교통정보센터,129.37743438,36.0524,Y
L370131,포항여객선터미널2,포항교통정보센터,129.3775,36.0527,Y
L370132,포항역사거리(KTX),포항교통정보센터,129.3395,36.0745,Y
L370133,항구주유소,포항교통정보센터,129.37198329,36.05117461,Y
L370134,해도강변삼거리1,포항교통정보센터,129.37438654,36.01882885,Y
L370135,해도강변삼거리2,포항교통정보센터,129.37426311,36.01902686,Y
L370136,해병북문오거리1,포항교통정보센터,129.41311141,35.9950408,Y
L370137,현대제철삼거리,포항교통정보센터,129.38136495,36.00361685,Y
L370138,형산교차로1,포항교통정보센터,129.37124569,36.01247637,Y
L370139,형산교차로2,포항교통정보센터,129.3715916,36.01247113,Y
L370140,환호공원사거리,포항교통정보센터,129.3938,36.069,Y
L370141,효자사거리1,포항교통정보센터,129.33973825,36.0090023,Y
L370142,효자사거리2,포항교통정보센터,129.33954891,36.00864732,Y
L370143,흥해곡강교1,포항교통정보센터,129.34630146,36.12080412,Y
L370144,흥해곡강교2,포항교통정보센터,129.3459648,36.1209478,Y
L370145,흥해덕장사거리,포항교통정보센터,129.34926522,36.14076957,Y
L370146,흥해마산사거리,포항교통정보센터,129.34118216,36.11161278,Y
E600001,가평군(가평교),한강홍수통제소,127.518055555555,37.8313888888888,Y
E600002,가평군(대보교),한강홍수통제소,127.370833333333,37.7961111111111,Y
E600003,강릉시(송림교),한강홍수통제소,128.810555555555,37.8469444444444,Y
E600004,강릉시(회산교),한강홍수통제소,128.87,37.7430555555555,Y
E600005,고양시(원당교),한강홍수통제소,126.865833333333,37.685,Y
E600006,광주시(경안교),한강홍수통제소,127.263055555555,37.4066666666666,Y
E600007,광주시(섬뜰교),한강홍수통제소,127.292777777777,37.3991666666666,Y
E600008,괴산군(목도교),한강홍수통제소,127.855277777777,36.87,Y
E600009,괴산군(비도교),한강홍수통제소,127.878055555555,36.79,Y
E600010,남양주시(부평교),한강홍수통제소,127.196666666666,37.7402777777777,Y
E600011,남양주시(왕숙교),한강홍수통제소,127.148055555555,37.6036111111111,Y
E600012,남양주시(진관교),한강홍수통제소,127.151944444444,37.65,Y
E600013,단양군(단양1교),한강홍수통제소,128.335555555555,36.9311111111111,Y
E600014,동두천시(송천교),한강홍수통제소,127.051388888888,37.8802777777777,Y
E600015,삼척시(상정교),한강홍수통제소,129.098611111111,37.3827777777777,Y
E600016,서울시(너부대교),한강홍수통제소,126.845555555555,37.4788888888888,Y
E600017,서울시(대곡교),한강홍수통제소,127.1225,37.4688888888888,Y
E600018,서울시(신대방수위),한강홍수통제소,126.914444444444,37.4880555555555,Y
E600019,서울시(오금교),한강홍수통제소,126.874166666666,37.5083333333333,Y
E600020,서울시(잠수교),한강홍수통제소,126.995277777777,37.5172222222222,Y
E600021,서울시(중랑교),한강홍수통제소,127.070555555555,37.5925,Y
E600022,서울시(창동교),한강홍수통제소,127.054166666666,37.6527777777777,Y
E600023,서울시(한강대교),한강홍수통제소,126.956666666666,37.5144444444444,Y
E600024,서울시(행주대교),한강홍수통제소,126.814722222222,37.6030555555555,Y
E600025,양양군(양양대교),한강홍수통제소,128.631666666666,38.0752777777777,Y
E600026,양평군(양평교),한강홍수통제소,127.49,37.4863888888888,Y
E600027,양평군(흑천교),한강홍수통제소,127.5275,37.4661111111111,Y
E600028,여주시(여주대교),한강홍수통제소,127.647777777777,37.2963888888888,Y
E600029,여주시(원부교),한강홍수통제소,127.634444444444,37.1622222222222,Y
E600030,여주시(율극교),한강홍수통제소,127.573333333333,37.3338888888888,Y
E600031,여주시(흥천대교),한강홍수통제소,127.535277777777,37.3330555555555,Y
E600032,연천군(사랑교),한강홍수통제소,127.056388888888,38.0091666666666,Y
E600033,연천군(신천교),한강홍수통제소,127.076944444444,37.9930555555555,Y
E600034,연천군(임진교),한강홍수통제소,127.0175,38.0563888888888,Y
E600035,연천군(차탄교),한강홍수통제소,127.071944444444,38.0875,Y
E600036,연천군(필승교),한강홍수통제소,126.960833333333,38.1111111111111,Y
E600037,영월군(신천교),한강홍수통제소,128.331666666666,37.2297222222222,Y
E600038,영월군(영월대교),한강홍수통제소,128.475277777777,37.1819444444444,Y
E600039,영월군(옥동교),한강홍수통제소,128.564166666666,37.1222222222222,Y
E600040,영월군(주천교),한강홍수통제소,128.265833333333,37.2675,Y
E600041,오산시(탑동대교),한강홍수통제소,127.058055555555,37.1338888888888,Y
E600042,원주시(문막교),한강홍수통제소,127.810277777777,37.305,Y
E600043,원주시(원주교),한강홍수통제소,127.955555555555,37.3477777777777,Y
E600044,음성군(총천교),한강홍수통제소,127.604444444444,37.0708333333333,Y
E600045,의정부시(신곡교),한강홍수통제소,127.053333333333,37.7352777777777,Y
E600046,인제군(리빙스턴교),한강홍수통제소,128.183333333333,38.0883333333333,Y
E600047,인제군(왕성동교),한강홍수통제소,128.322777777777,37.8719444444444,Y
E600048,인제군(현리교),한강홍수통제소,128.317222222222,37.9480555555555,Y
E600049,정선군(나전교),한강홍수통제소,128.649722222222,37.4386111111111,Y
E600050,정선군(낙동교),한강홍수통제소,128.693611111111,37.3188888888888,Y
E600051,정선군(남평대교),한강홍수통제소,128.653055555555,37.4388888888888,Y
E600052,정선군(송천교),한강홍수통제소,128.718611111111,37.4855555555555,Y
E600053,정선군(와평교),한강홍수통제소,128.684166666666,37.3661111111111,Y
E600054,정선군(정선교),한강홍수통제소,128.657222222222,37.3783333333333,Y
E600055,정선군(제1여량교),한강홍수통제소,128.729166666666,37.4733333333333,Y
E600056,제천시(구곡교),한강홍수통제소,128.106111111111,37.1122222222222,Y
E600057,제천시(부수동교),한강홍수통제소,128.008888888888,37.1486111111111,Y
E600058,철원군(장수대교),한강홍수통제소,127.374444444444,38.2461111111111,Y
E600059,충주시(국원대교),한강홍수통제소,127.871666666666,36.9661111111111,Y
E600060,충주시(목계교),한강홍수통제소,127.881111111111,37.0761111111111,Y
E600061,파주시(만장교),한강홍수통제소,126.861944444444,37.8055555555555,Y
E600062,파주시(비룡대교),한강홍수통제소,126.919166666666,37.9852777777777,Y
E600063,파주시(통일대교),한강홍수통제소,126.741944444444,37.9041666666666,Y
E600064,평창군(사초교),한강홍수통제소,128.439722222222,37.4552777777777,Y
E600065,평창군(평창교),한강홍수통제소,128.406111111111,37.3677777777777,Y
E600066,평택시(군문교),한강홍수통제소,127.08,36.9836111111111,Y
E600067,평택시(동연교),한강홍수통제소,126.9975,37.0525,Y
E600068,평택시(진위1교),한강홍수통제소,127.052222222222,37.095,Y
E600069,포천시(영평교),한강홍수통제소,127.214444444444,38.0108333333333,Y
E600070,포천시(은현교),한강홍수통제소,127.238611111111,38.0022222222222,Y
E600071,포천시(포천대교),한강홍수통제소,127.201944444444,37.8925,Y
E600072,홍천군(용선교),한강홍수통제소,127.765833333333,37.6597222222222,Y
E600073,홍천군(홍천교),한강홍수통제소,127.878888888888,37.6872222222222,Y
E600074,횡성군(오산교),한강홍수통제소,127.991388888888,37.5208333333333,Y
