"questionId","formVersion","departmentId","department","topicId","blockOrder","fieldId","questionText","responseType","optionsJSON","required","displayIfJSON","conditionScopeJSON","exclusiveOptionCodesJSON","helpText","sourceRefs","hypothesisStatus"
"SURVEY-EX13-COMMON-ROLE","v0.2","EX13","감사처","COMMON","2","ROLE","이번 의견을 작성하는 업무 역할은 무엇입니까?","single_choice","[{""code"":""WORK"",""label"":""업무 담당""},{""code"":""REVIEW"",""label"":""검토·승인""},{""code"":""PLANNING"",""label"":""기획·성과""},{""code"":""TECH"",""label"":""정보화·제품·운영""},{""code"":""SECURITY"",""label"":""자료·보안""},{""code"":""OTHER"",""label"":""그 밖의 역할""},{""code"":""UNKNOWN"",""label"":""역할 설명 보완 필요""}]","false","","{""departmentId"":""EX13"",""topicId"":""COMMON""}","[]","실명·연락처 대신 역할만 작성. 담당 처는 해당 양식에서 지정.","[""CCK-NOA"",""CTX-01"",""BOUNDARY-01""]","공통 설명·추가 의견"
"SURVEY-EX13-COMMON-POSITION","v0.2","EX13","감사처","COMMON","2","POSITION","이 응답은 어떤 범위의 의견입니까?","single_choice","[{""code"":""INDIVIDUAL"",""label"":""개인의 업무 경험·의견""},{""code"":""CONSULTED"",""label"":""부서 내 확인을 거친 의견""},{""code"":""OFFICIAL"",""label"":""권한자가 확인한 공식 회신""},{""code"":""UNKNOWN"",""label"":""범위 미확인""}]","false","","{""departmentId"":""EX13"",""topicId"":""COMMON""}","[]","공식 회신 선택만으로 도입·예산·자료 이용승인이 생기는 것은 아님. 확인 근거는 별도 검토.","[""CCK-NOA"",""CTX-01"",""BOUNDARY-01""]","공통 설명·추가 의견"
"SURVEY-EX13-COMMON-CURRENT_USE","v0.2","EX13","감사처","COMMON","2","CURRENT_USE","현재 NOA 또는 AI 공통플랫폼을 어떤 업무에 사용하거나 확인하고 있습니까? 사용하지 않거나 기능을 모르는 경우도 작성해 주십시오.","long_text","[]","false","","{""departmentId"":""EX13"",""topicId"":""COMMON""}","[]","실제 사용 기능·업무·남는 어려움 중심. 제공된 제품 소개를 실제 설치본 기능으로 옮겨 적지 않음.","[""CCK-NOA"",""CTX-01"",""BOUNDARY-01""]","공통 설명·추가 의견"
"SURVEY-EX13-EX13-01-SCOPE_MATCH","v0.2","EX13","감사처","EX13-01","3","SCOPE_MATCH","제시한 업무·대상·처리단계가 귀 처의 실제 담당 범위와 일치합니까?","single_choice","[{""code"":""MATCH"",""label"":""일치""},{""code"":""PARTIAL"",""label"":""일부 수정 필요""},{""code"":""MISMATCH"",""label"":""현재 업무와 불일치""},{""code"":""OTHER_OWNER"",""label"":""다른 부서·기관 소관""},{""code"":""UNKNOWN"",""label"":""판단자료 부족""}]","false","","{""departmentId"":""EX13"",""topicId"":""EX13-01""}","[]","조직명 일치와 실제 수행·결정권한은 구분. 다른 소관이면 수정 의견만 선택 작성.","[""P2"",""P4""]","조사·기획 가설 · 현업 정합성/타당성 미확인"
"SURVEY-EX13-EX13-01-CURRENT_STATE","v0.2","EX13","감사처","EX13-01","3","CURRENT_STATE","제시한 병목이 현재 발생하는지 어떤 상태로 확인하고 있습니까?","single_choice","[{""code"":""OBSERVED"",""label"":""현재 발생 확인""},{""code"":""CONDITIONAL"",""label"":""특정 조건에서 발생 확인""},{""code"":""RESOLVED"",""label"":""과거 발생했으나 해결됨""},{""code"":""NO_PROBLEM_OBSERVED"",""label"":""확인한 범위에서 발생하지 않음""},{""code"":""NO_DIRECT_EXPERIENCE"",""label"":""직접 확인한 경험 없음""},{""code"":""UNKNOWN"",""label"":""확인 불가""}]","false","{""field"":""SCOPE_MATCH"",""notIn"":[""MISMATCH"",""OTHER_OWNER"",""UNKNOWN""]}","{""departmentId"":""EX13"",""topicId"":""EX13-01""}","[]","미관찰을 전체 문제 없음으로 확대하지 않음. 해결됨이면 해결 기능·시점·범위를 기록.","[""P2"",""P4""]","조사·기획 가설 · 현업 정합성/타당성 미확인"
"SURVEY-EX13-EX13-01-BOTTLENECK_VALIDITY","v0.2","EX13","감사처","EX13-01","3","BOTTLENECK_VALIDITY","제시한 병목 설명과 원인 가설이 실제 상황을 설명하는 데 타당합니까?","single_choice","[{""code"":""VALID"",""label"":""타당""},{""code"":""CONDITIONAL"",""label"":""조건부 타당""},{""code"":""INVALID"",""label"":""타당하지 않음""},{""code"":""UNKNOWN"",""label"":""판단자료 부족""}]","false","{""field"":""SCOPE_MATCH"",""notIn"":[""MISMATCH"",""OTHER_OWNER"",""UNKNOWN""]}","{""departmentId"":""EX13"",""topicId"":""EX13-01""}","[]","업무 담당 여부·현재 발생 상태·우선순위와 별도 판단. 제안 제품의 도입 찬반 질문이 아님.","[""P2"",""P4""]","조사·기획 가설 · 현업 정합성/타당성 미확인"
"SURVEY-EX13-EX13-01-VALIDITY_REASON","v0.2","EX13","감사처","EX13-01","3","VALIDITY_REASON","정합성·발생 상태·타당성 판단의 이유와 고쳐야 할 내용을 작성해 주십시오.","long_text","[]","false","","{""departmentId"":""EX13"",""topicId"":""EX13-01""}","[]","맞는 부분 / 다른 부분 / 다른 원인 / 수정할 병목 문장 / 추가 확인 순서로 작성. 불일치·자료 부족도 유효한 응답.","[""P2"",""P4""]","조사·기획 가설 · 현업 정합성/타당성 미확인"
"SURVEY-EX13-EX13-01-EVIDENCE_BASIS","v0.2","EX13","감사처","EX13-01","3","EVIDENCE_BASIS","판단에 사용한 근거는 무엇입니까?","multiple_choice","[{""code"":""EXPERIENCE"",""label"":""직접 처리 경험""},{""code"":""RECORD"",""label"":""기록·로그·문서""},{""code"":""EXPLANATION"",""label"":""다른 담당자의 설명""},{""code"":""PUBLIC"",""label"":""공개자료""},{""code"":""INFERENCE"",""label"":""추정·개인 의견""},{""code"":""NONE"",""label"":""별도 근거 미확보""}]","false","{""field"":""SCOPE_MATCH"",""notIn"":[""MISMATCH"",""OTHER_OWNER"",""UNKNOWN""]}","{""departmentId"":""EX13"",""topicId"":""EX13-01""}","[""NONE""]","경험과 기록은 함께 선택 가능. NONE은 다른 근거와 동시 선택하지 않음. 유형 선택만으로 검증 완료 처리하지 않음.","[""P2"",""P4""]","조사·기획 가설 · 현업 정합성/타당성 미확인"
"SURVEY-EX13-EX13-01-ACTUAL_CASE","v0.2","EX13","감사처","EX13-01","3","ACTUAL_CASE","공유 가능한 사례가 있다면 언제·어느 단계·누구에게 어떤 결과나 부담이 발생했는지 작성해 주십시오.","long_text","[]","false","{""all"":[{""field"":""SCOPE_MATCH"",""notIn"":[""MISMATCH"",""OTHER_OWNER"",""UNKNOWN""]},{""field"":""CURRENT_STATE"",""in"":[""OBSERVED"",""CONDITIONAL""]}]}","{""departmentId"":""EX13"",""topicId"":""EX13-01""}","[]","가명 사건 유형·기간·빈도 근거·영향·현재 대응만 작성. 이름·차량번호·연락처·질병정보·원문 민원은 입력하지 않음. 수치는 실측/집계/추정을 구분.","[""P2"",""P4""]","조사·기획 가설 · 현업 정합성/타당성 미확인"
"SURVEY-EX13-EX13-01-COUNTER_EVIDENCE","v0.2","EX13","감사처","EX13-01","3","COUNTER_EVIDENCE","문제 없이 완료했거나 제시한 설명과 다른 사례, 다른 원인이 있습니까?","long_text","[]","false","{""field"":""SCOPE_MATCH"",""notIn"":[""MISMATCH"",""OTHER_OWNER"",""UNKNOWN""]}","{""departmentId"":""EX13"",""topicId"":""EX13-01""}","[]","없음·직접 확인 못함도 작성 가능. 반대 사례와 소수 의견은 유지.","[""P2"",""P4""]","조사·기획 가설 · 현업 정합성/타당성 미확인"
"SURVEY-EX13-EX13-01-EXISTING_RESPONSE","v0.2","EX13","감사처","EX13-01","3","EXISTING_RESPONSE","현재 시스템·AI·서식·규칙·협의절차로 해결하는 부분과 남는 문제는 무엇입니까?","long_text","[]","false","{""field"":""SCOPE_MATCH"",""notIn"":[""MISMATCH"",""OTHER_OWNER"",""UNKNOWN""]}","{""departmentId"":""EX13"",""topicId"":""EX13-01""}","[]","이미 충분히 해결된다면 해당 기능·조건·해결 시점을 작성. 기존 계약·추진 중인 사업과 겹치는 범위도 설명.","[""P2"",""P4""]","조사·기획 가설 · 현업 정합성/타당성 미확인"
"SURVEY-EX13-EX13-01-IMPROVEMENT_METHOD","v0.2","EX13","감사처","EX13-01","3","IMPROVEMENT_METHOD","개선이 필요하다면 어떤 방식이 적절하다고 봅니까?","multiple_choice","[{""code"":""EXISTING"",""label"":""기존 기능·운영 개선""},{""code"":""DATA"",""label"":""자료·서식·식별키 정비""},{""code"":""RULE_API"",""label"":""정형 규칙·시스템 연계""},{""code"":""AI"",""label"":""NOA 등 AI 추가 적용""},{""code"":""INSTITUTION"",""label"":""인력·공급·재원·제도 개선""},{""code"":""NO_NEED"",""label"":""추가 개선 필요 없음""},{""code"":""UNKNOWN"",""label"":""판단자료 부족""}]","false","{""field"":""SCOPE_MATCH"",""notIn"":[""MISMATCH"",""OTHER_OWNER"",""UNKNOWN""]}","{""departmentId"":""EX13"",""topicId"":""EX13-01""}","[""NO_NEED"",""UNKNOWN""]","여러 개선 방식의 결합 가능. NO_NEED·UNKNOWN은 다른 방식과 동시에 선택하지 않음. AI 미선택 시 AI 세부 질문을 건너뜀.","[""P2"",""P4""]","조사·기획 가설 · 현업 정합성/타당성 미확인"
"SURVEY-EX13-EX13-01-AI_ADDED_VALUE","v0.2","EX13","감사처","EX13-01","3","AI_ADDED_VALUE","NOA 등 AI를 추가하면 기존 도구·정형 개선으로 달성하기 어려운 어떤 결과를 얻을 수 있습니까?","long_text","[]","false","{""all"":[{""field"":""SCOPE_MATCH"",""notIn"":[""MISMATCH"",""OTHER_OWNER"",""UNKNOWN""]},{""field"":""IMPROVEMENT_METHOD"",""includes"":""AI""}]}","{""departmentId"":""EX13"",""topicId"":""EX13-01""}","[]","기능 이름보다 달라질 판단·수행·국민/기업 결과를 작성. 기대와 실제 입증을 구분.","[""P2"",""P4""]","조사·기획 가설 · 현업 정합성/타당성 미확인"
"SURVEY-EX13-EX13-01-FEASIBILITY_CONDITIONS","v0.2","EX13","감사처","EX13-01","3","FEASIBILITY_CONDITIONS","추가 AI 적용을 위해 어떤 자료·연계·권한·전문 검수·운영조건을 확보해야 합니까?","long_text","[]","false","{""all"":[{""field"":""SCOPE_MATCH"",""notIn"":[""MISMATCH"",""OTHER_OWNER"",""UNKNOWN""]},{""field"":""IMPROVEMENT_METHOD"",""includes"":""AI""}]}","{""departmentId"":""EX13"",""topicId"":""EX13-01""}","[]","실제 설치본·사용권·기존 서버·조회/실행 경계·오류 복구·인수 역할 확인. 새로운 인프라 구매 없는 검토 전제.","[""P2"",""P4""]","조사·기획 가설 · 현업 정합성/타당성 미확인"
"SURVEY-EX13-EX13-01-RISK_AND_CONCERN","v0.2","EX13","감사처","EX13-01","3","RISK_AND_CONCERN","제안 방식이 오판·과다 보완·정보 노출·추가 업무·이용자 배제 등을 일으킬 조건은 무엇입니까?","long_text","[]","false","{""field"":""SCOPE_MATCH"",""notIn"":[""MISMATCH"",""OTHER_OWNER"",""UNKNOWN""]}","{""departmentId"":""EX13"",""topicId"":""EX13-01""}","[]","문제 없다고 단정하지 않고 예상·관찰·미확인을 구분. AI 이외 개선의 우려도 작성.","[""P2"",""P4""]","조사·기획 가설 · 현업 정합성/타당성 미확인"
"SURVEY-EX13-EX13-01-EFFECT_AND_MEASUREMENT","v0.2","EX13","감사처","EX13-01","3","EFFECT_AND_MEASUREMENT","제시한 효과 지표가 적절합니까? 실제 기록으로 확인할 결과와 측정하기 어려운 부분을 작성해 주십시오.","long_text","[]","false","{""field"":""SCOPE_MATCH"",""notIn"":[""MISMATCH"",""OTHER_OWNER"",""UNKNOWN""]}","{""departmentId"":""EX13"",""topicId"":""EX13-01""}","[]","분모·관측기간·비교조건·중요 오류·과잉처리·대기/활동시간을 구분. 개선율·목표값을 임의로 만들지 않음.","[""P2"",""P4""]","조사·기획 가설 · 현업 정합성/타당성 미확인"
"SURVEY-EX13-EX13-01-ALTERNATIVE_PROPOSAL","v0.2","EX13","감사처","EX13-01","3","ALTERNATIVE_PROPOSAL","제안된 CCK 적용 방법을 수정·축소·제외하거나 다른 방법으로 해결할 의견이 있습니까?","long_text","[]","false","{""field"":""SCOPE_MATCH"",""notIn"":[""MISMATCH"",""OTHER_OWNER"",""UNKNOWN""]}","{""departmentId"":""EX13"",""topicId"":""EX13-01""}","[]","기존 기능으로 충분 / 정형 개선 우선 / 책임·권한 문제 / 대안과 필요한 조건 등 자유 작성.","[""P2"",""P4""]","조사·기획 가설 · 현업 정합성/타당성 미확인"
"SURVEY-EX13-EX13-01-PRIORITY_REASON","v0.2","EX13","감사처","EX13-01","3","PRIORITY_REASON","이 문제를 다른 업무와 비교하여 왜 먼저 검토하거나 뒤로 미루어야 합니까?","long_text","[]","false","{""field"":""SCOPE_MATCH"",""notIn"":[""MISMATCH"",""OTHER_OWNER"",""UNKNOWN""]}","{""departmentId"":""EX13"",""topicId"":""EX13-01""}","[]","안전·국민/기업 편익·빈도·심각도·가용 자료·실행조건을 근거로 설명. 개선 필요 없음도 가능. 자동 점수 합산으로 사업 선정하지 않음.","[""P2"",""P4""]","조사·기획 가설 · 현업 정합성/타당성 미확인"
"SURVEY-EX13-COMMON-OTHER_WORK_DIFFICULTY","v0.2","EX13","감사처","COMMON","4","OTHER_WORK_DIFFICULTY","제시된 병목 외에 업무처리나 정확한 판단을 어렵게 만드는 지점은 무엇입니까?","long_text","[]","false","","{""departmentId"":""EX13"",""topicId"":""COMMON""}","[]","업무 / 발생 단계 / 대상 / 현재 대응 / 남는 문제 / 근거를 작성. 없음·담당 아님·미확인도 명시 가능.","[""CCK-NOA"",""CTX-01"",""BOUNDARY-01""]","공통 설명·추가 의견"
"SURVEY-EX13-COMMON-PUBLIC_SERVICE_ISSUE","v0.2","EX13","감사처","COMMON","4","PUBLIC_SERVICE_ISSUE","국민·기업이 안전·검사·자격·교통 서비스를 이용할 때 추가로 겪는 불편이나 권익 문제는 무엇입니까?","long_text","[]","false","","{""departmentId"":""EX13"",""topicId"":""COMMON""}","[]","대상자 / 원하는 결과 / 현재 경로 / 반복 설명·보완·방문·접근성 / 확인 근거. 현업의 추정과 이용자의 직접 의견을 구분.","[""CCK-NOA"",""CTX-01"",""BOUNDARY-01""]","공통 설명·추가 의견"
"SURVEY-EX13-COMMON-NEW_PROBLEM","v0.2","EX13","감사처","COMMON","4","NEW_PROBLEM","이번 조사에서 빠진 문제나 다른 원인 설명이 있다면 작성해 주십시오.","long_text","[]","false","","{""departmentId"":""EX13"",""topicId"":""COMMON""}","[]","기존 병목의 수정인지 별도 문제인지, 소관 후보·현재 대응·우선 이유를 설명. 없으면 없음으로 작성.","[""CCK-NOA"",""CTX-01"",""BOUNDARY-01""]","공통 설명·추가 의견"
"SURVEY-EX13-COMMON-AX_EXPANSION_OPINION","v0.2","EX13","감사처","COMMON","4","AX_EXPANSION_OPINION","현재 플랫폼을 확대한다면 어떤 업무의 어떤 결과를 우선 개선해야 합니까?","long_text","[]","false","","{""departmentId"":""EX13"",""topicId"":""COMMON""}","[]","현재 기능 → 남는 어려움 → 필요한 새 능력 → 업무·역할 변화 → 기관/국민 편익. 확대 불필요·비AI 대안도 가능.","[""CCK-NOA"",""CTX-01"",""BOUNDARY-01""]","공통 설명·추가 의견"
"SURVEY-EX13-COMMON-EXPANSION_LIMIT","v0.2","EX13","감사처","COMMON","4","EXPANSION_LIMIT","별도 전문시스템이나 권한자의 판단에 남겨야 할 범위와 확대 제약은 무엇입니까?","long_text","[]","false","","{""departmentId"":""EX13"",""topicId"":""COMMON""}","[]","공식 안전·자격·의료·처분·승인/지급 책임, 자료 이용·운영·비용 조건을 설명. 실행본 확인은 제품 담당 보충지 S01~S04와 연결.","[""CCK-NOA"",""CTX-01"",""BOUNDARY-01""]","공통 설명·추가 의견"
"SURVEY-EX01-COMMON-ROLE","v0.2","EX01","경영기획처","COMMON","2","ROLE","이번 의견을 작성하는 업무 역할은 무엇입니까?","single_choice","[{""code"":""WORK"",""label"":""업무 담당""},{""code"":""REVIEW"",""label"":""검토·승인""},{""code"":""PLANNING"",""label"":""기획·성과""},{""code"":""TECH"",""label"":""정보화·제품·운영""},{""code"":""SECURITY"",""label"":""자료·보안""},{""code"":""OTHER"",""label"":""그 밖의 역할""},{""code"":""UNKNOWN"",""label"":""역할 설명 보완 필요""}]","false","","{""departmentId"":""EX01"",""topicId"":""COMMON""}","[]","실명·연락처 대신 역할만 작성. 담당 처는 해당 양식에서 지정.","[""CCK-NOA"",""CTX-01"",""BOUNDARY-01""]","공통 설명·추가 의견"
"SURVEY-EX01-COMMON-POSITION","v0.2","EX01","경영기획처","COMMON","2","POSITION","이 응답은 어떤 범위의 의견입니까?","single_choice","[{""code"":""INDIVIDUAL"",""label"":""개인의 업무 경험·의견""},{""code"":""CONSULTED"",""label"":""부서 내 확인을 거친 의견""},{""code"":""OFFICIAL"",""label"":""권한자가 확인한 공식 회신""},{""code"":""UNKNOWN"",""label"":""범위 미확인""}]","false","","{""departmentId"":""EX01"",""topicId"":""COMMON""}","[]","공식 회신 선택만으로 도입·예산·자료 이용승인이 생기는 것은 아님. 확인 근거는 별도 검토.","[""CCK-NOA"",""CTX-01"",""BOUNDARY-01""]","공통 설명·추가 의견"
"SURVEY-EX01-COMMON-CURRENT_USE","v0.2","EX01","경영기획처","COMMON","2","CURRENT_USE","현재 NOA 또는 AI 공통플랫폼을 어떤 업무에 사용하거나 확인하고 있습니까? 사용하지 않거나 기능을 모르는 경우도 작성해 주십시오.","long_text","[]","false","","{""departmentId"":""EX01"",""topicId"":""COMMON""}","[]","실제 사용 기능·업무·남는 어려움 중심. 제공된 제품 소개를 실제 설치본 기능으로 옮겨 적지 않음.","[""CCK-NOA"",""CTX-01"",""BOUNDARY-01""]","공통 설명·추가 의견"
"SURVEY-EX01-EX01-01-SCOPE_MATCH","v0.2","EX01","경영기획처","EX01-01","3","SCOPE_MATCH","제시한 업무·대상·처리단계가 귀 처의 실제 담당 범위와 일치합니까?","single_choice","[{""code"":""MATCH"",""label"":""일치""},{""code"":""PARTIAL"",""label"":""일부 수정 필요""},{""code"":""MISMATCH"",""label"":""현재 업무와 불일치""},{""code"":""OTHER_OWNER"",""label"":""다른 부서·기관 소관""},{""code"":""UNKNOWN"",""label"":""판단자료 부족""}]","false","","{""departmentId"":""EX01"",""topicId"":""EX01-01""}","[]","조직명 일치와 실제 수행·결정권한은 구분. 다른 소관이면 수정 의견만 선택 작성.","[""P4""]","조사·기획 가설 · 현업 정합성/타당성 미확인"
"SURVEY-EX01-EX01-01-CURRENT_STATE","v0.2","EX01","경영기획처","EX01-01","3","CURRENT_STATE","제시한 병목이 현재 발생하는지 어떤 상태로 확인하고 있습니까?","single_choice","[{""code"":""OBSERVED"",""label"":""현재 발생 확인""},{""code"":""CONDITIONAL"",""label"":""특정 조건에서 발생 확인""},{""code"":""RESOLVED"",""label"":""과거 발생했으나 해결됨""},{""code"":""NO_PROBLEM_OBSERVED"",""label"":""확인한 범위에서 발생하지 않음""},{""code"":""NO_DIRECT_EXPERIENCE"",""label"":""직접 확인한 경험 없음""},{""code"":""UNKNOWN"",""label"":""확인 불가""}]","false","{""field"":""SCOPE_MATCH"",""notIn"":[""MISMATCH"",""OTHER_OWNER"",""UNKNOWN""]}","{""departmentId"":""EX01"",""topicId"":""EX01-01""}","[]","미관찰을 전체 문제 없음으로 확대하지 않음. 해결됨이면 해결 기능·시점·범위를 기록.","[""P4""]","조사·기획 가설 · 현업 정합성/타당성 미확인"
"SURVEY-EX01-EX01-01-BOTTLENECK_VALIDITY","v0.2","EX01","경영기획처","EX01-01","3","BOTTLENECK_VALIDITY","제시한 병목 설명과 원인 가설이 실제 상황을 설명하는 데 타당합니까?","single_choice","[{""code"":""VALID"",""label"":""타당""},{""code"":""CONDITIONAL"",""label"":""조건부 타당""},{""code"":""INVALID"",""label"":""타당하지 않음""},{""code"":""UNKNOWN"",""label"":""판단자료 부족""}]","false","{""field"":""SCOPE_MATCH"",""notIn"":[""MISMATCH"",""OTHER_OWNER"",""UNKNOWN""]}","{""departmentId"":""EX01"",""topicId"":""EX01-01""}","[]","업무 담당 여부·현재 발생 상태·우선순위와 별도 판단. 제안 제품의 도입 찬반 질문이 아님.","[""P4""]","조사·기획 가설 · 현업 정합성/타당성 미확인"
"SURVEY-EX01-EX01-01-VALIDITY_REASON","v0.2","EX01","경영기획처","EX01-01","3","VALIDITY_REASON","정합성·발생 상태·타당성 판단의 이유와 고쳐야 할 내용을 작성해 주십시오.","long_text","[]","false","","{""departmentId"":""EX01"",""topicId"":""EX01-01""}","[]","맞는 부분 / 다른 부분 / 다른 원인 / 수정할 병목 문장 / 추가 확인 순서로 작성. 불일치·자료 부족도 유효한 응답.","[""P4""]","조사·기획 가설 · 현업 정합성/타당성 미확인"
"SURVEY-EX01-EX01-01-EVIDENCE_BASIS","v0.2","EX01","경영기획처","EX01-01","3","EVIDENCE_BASIS","판단에 사용한 근거는 무엇입니까?","multiple_choice","[{""code"":""EXPERIENCE"",""label"":""직접 처리 경험""},{""code"":""RECORD"",""label"":""기록·로그·문서""},{""code"":""EXPLANATION"",""label"":""다른 담당자의 설명""},{""code"":""PUBLIC"",""label"":""공개자료""},{""code"":""INFERENCE"",""label"":""추정·개인 의견""},{""code"":""NONE"",""label"":""별도 근거 미확보""}]","false","{""field"":""SCOPE_MATCH"",""notIn"":[""MISMATCH"",""OTHER_OWNER"",""UNKNOWN""]}","{""departmentId"":""EX01"",""topicId"":""EX01-01""}","[""NONE""]","경험과 기록은 함께 선택 가능. NONE은 다른 근거와 동시 선택하지 않음. 유형 선택만으로 검증 완료 처리하지 않음.","[""P4""]","조사·기획 가설 · 현업 정합성/타당성 미확인"
"SURVEY-EX01-EX01-01-ACTUAL_CASE","v0.2","EX01","경영기획처","EX01-01","3","ACTUAL_CASE","공유 가능한 사례가 있다면 언제·어느 단계·누구에게 어떤 결과나 부담이 발생했는지 작성해 주십시오.","long_text","[]","false","{""all"":[{""field"":""SCOPE_MATCH"",""notIn"":[""MISMATCH"",""OTHER_OWNER"",""UNKNOWN""]},{""field"":""CURRENT_STATE"",""in"":[""OBSERVED"",""CONDITIONAL""]}]}","{""departmentId"":""EX01"",""topicId"":""EX01-01""}","[]","가명 사건 유형·기간·빈도 근거·영향·현재 대응만 작성. 이름·차량번호·연락처·질병정보·원문 민원은 입력하지 않음. 수치는 실측/집계/추정을 구분.","[""P4""]","조사·기획 가설 · 현업 정합성/타당성 미확인"
"SURVEY-EX01-EX01-01-COUNTER_EVIDENCE","v0.2","EX01","경영기획처","EX01-01","3","COUNTER_EVIDENCE","문제 없이 완료했거나 제시한 설명과 다른 사례, 다른 원인이 있습니까?","long_text","[]","false","{""field"":""SCOPE_MATCH"",""notIn"":[""MISMATCH"",""OTHER_OWNER"",""UNKNOWN""]}","{""departmentId"":""EX01"",""topicId"":""EX01-01""}","[]","없음·직접 확인 못함도 작성 가능. 반대 사례와 소수 의견은 유지.","[""P4""]","조사·기획 가설 · 현업 정합성/타당성 미확인"
"SURVEY-EX01-EX01-01-EXISTING_RESPONSE","v0.2","EX01","경영기획처","EX01-01","3","EXISTING_RESPONSE","현재 시스템·AI·서식·규칙·협의절차로 해결하는 부분과 남는 문제는 무엇입니까?","long_text","[]","false","{""field"":""SCOPE_MATCH"",""notIn"":[""MISMATCH"",""OTHER_OWNER"",""UNKNOWN""]}","{""departmentId"":""EX01"",""topicId"":""EX01-01""}","[]","이미 충분히 해결된다면 해당 기능·조건·해결 시점을 작성. 기존 계약·추진 중인 사업과 겹치는 범위도 설명.","[""P4""]","조사·기획 가설 · 현업 정합성/타당성 미확인"
"SURVEY-EX01-EX01-01-IMPROVEMENT_METHOD","v0.2","EX01","경영기획처","EX01-01","3","IMPROVEMENT_METHOD","개선이 필요하다면 어떤 방식이 적절하다고 봅니까?","multiple_choice","[{""code"":""EXISTING"",""label"":""기존 기능·운영 개선""},{""code"":""DATA"",""label"":""자료·서식·식별키 정비""},{""code"":""RULE_API"",""label"":""정형 규칙·시스템 연계""},{""code"":""AI"",""label"":""NOA 등 AI 추가 적용""},{""code"":""INSTITUTION"",""label"":""인력·공급·재원·제도 개선""},{""code"":""NO_NEED"",""label"":""추가 개선 필요 없음""},{""code"":""UNKNOWN"",""label"":""판단자료 부족""}]","false","{""field"":""SCOPE_MATCH"",""notIn"":[""MISMATCH"",""OTHER_OWNER"",""UNKNOWN""]}","{""departmentId"":""EX01"",""topicId"":""EX01-01""}","[""NO_NEED"",""UNKNOWN""]","여러 개선 방식의 결합 가능. NO_NEED·UNKNOWN은 다른 방식과 동시에 선택하지 않음. AI 미선택 시 AI 세부 질문을 건너뜀.","[""P4""]","조사·기획 가설 · 현업 정합성/타당성 미확인"
"SURVEY-EX01-EX01-01-AI_ADDED_VALUE","v0.2","EX01","경영기획처","EX01-01","3","AI_ADDED_VALUE","NOA 등 AI를 추가하면 기존 도구·정형 개선으로 달성하기 어려운 어떤 결과를 얻을 수 있습니까?","long_text","[]","false","{""all"":[{""field"":""SCOPE_MATCH"",""notIn"":[""MISMATCH"",""OTHER_OWNER"",""UNKNOWN""]},{""field"":""IMPROVEMENT_METHOD"",""includes"":""AI""}]}","{""departmentId"":""EX01"",""topicId"":""EX01-01""}","[]","기능 이름보다 달라질 판단·수행·국민/기업 결과를 작성. 기대와 실제 입증을 구분.","[""P4""]","조사·기획 가설 · 현업 정합성/타당성 미확인"
"SURVEY-EX01-EX01-01-FEASIBILITY_CONDITIONS","v0.2","EX01","경영기획처","EX01-01","3","FEASIBILITY_CONDITIONS","추가 AI 적용을 위해 어떤 자료·연계·권한·전문 검수·운영조건을 확보해야 합니까?","long_text","[]","false","{""all"":[{""field"":""SCOPE_MATCH"",""notIn"":[""MISMATCH"",""OTHER_OWNER"",""UNKNOWN""]},{""field"":""IMPROVEMENT_METHOD"",""includes"":""AI""}]}","{""departmentId"":""EX01"",""topicId"":""EX01-01""}","[]","실제 설치본·사용권·기존 서버·조회/실행 경계·오류 복구·인수 역할 확인. 새로운 인프라 구매 없는 검토 전제.","[""P4""]","조사·기획 가설 · 현업 정합성/타당성 미확인"
"SURVEY-EX01-EX01-01-RISK_AND_CONCERN","v0.2","EX01","경영기획처","EX01-01","3","RISK_AND_CONCERN","제안 방식이 오판·과다 보완·정보 노출·추가 업무·이용자 배제 등을 일으킬 조건은 무엇입니까?","long_text","[]","false","{""field"":""SCOPE_MATCH"",""notIn"":[""MISMATCH"",""OTHER_OWNER"",""UNKNOWN""]}","{""departmentId"":""EX01"",""topicId"":""EX01-01""}","[]","문제 없다고 단정하지 않고 예상·관찰·미확인을 구분. AI 이외 개선의 우려도 작성.","[""P4""]","조사·기획 가설 · 현업 정합성/타당성 미확인"
"SURVEY-EX01-EX01-01-EFFECT_AND_MEASUREMENT","v0.2","EX01","경영기획처","EX01-01","3","EFFECT_AND_MEASUREMENT","제시한 효과 지표가 적절합니까? 실제 기록으로 확인할 결과와 측정하기 어려운 부분을 작성해 주십시오.","long_text","[]","false","{""field"":""SCOPE_MATCH"",""notIn"":[""MISMATCH"",""OTHER_OWNER"",""UNKNOWN""]}","{""departmentId"":""EX01"",""topicId"":""EX01-01""}","[]","분모·관측기간·비교조건·중요 오류·과잉처리·대기/활동시간을 구분. 개선율·목표값을 임의로 만들지 않음.","[""P4""]","조사·기획 가설 · 현업 정합성/타당성 미확인"
"SURVEY-EX01-EX01-01-ALTERNATIVE_PROPOSAL","v0.2","EX01","경영기획처","EX01-01","3","ALTERNATIVE_PROPOSAL","제안된 CCK 적용 방법을 수정·축소·제외하거나 다른 방법으로 해결할 의견이 있습니까?","long_text","[]","false","{""field"":""SCOPE_MATCH"",""notIn"":[""MISMATCH"",""OTHER_OWNER"",""UNKNOWN""]}","{""departmentId"":""EX01"",""topicId"":""EX01-01""}","[]","기존 기능으로 충분 / 정형 개선 우선 / 책임·권한 문제 / 대안과 필요한 조건 등 자유 작성.","[""P4""]","조사·기획 가설 · 현업 정합성/타당성 미확인"
"SURVEY-EX01-EX01-01-PRIORITY_REASON","v0.2","EX01","경영기획처","EX01-01","3","PRIORITY_REASON","이 문제를 다른 업무와 비교하여 왜 먼저 검토하거나 뒤로 미루어야 합니까?","long_text","[]","false","{""field"":""SCOPE_MATCH"",""notIn"":[""MISMATCH"",""OTHER_OWNER"",""UNKNOWN""]}","{""departmentId"":""EX01"",""topicId"":""EX01-01""}","[]","안전·국민/기업 편익·빈도·심각도·가용 자료·실행조건을 근거로 설명. 개선 필요 없음도 가능. 자동 점수 합산으로 사업 선정하지 않음.","[""P4""]","조사·기획 가설 · 현업 정합성/타당성 미확인"
"SURVEY-EX01-COMMON-OTHER_WORK_DIFFICULTY","v0.2","EX01","경영기획처","COMMON","4","OTHER_WORK_DIFFICULTY","제시된 병목 외에 업무처리나 정확한 판단을 어렵게 만드는 지점은 무엇입니까?","long_text","[]","false","","{""departmentId"":""EX01"",""topicId"":""COMMON""}","[]","업무 / 발생 단계 / 대상 / 현재 대응 / 남는 문제 / 근거를 작성. 없음·담당 아님·미확인도 명시 가능.","[""CCK-NOA"",""CTX-01"",""BOUNDARY-01""]","공통 설명·추가 의견"
"SURVEY-EX01-COMMON-PUBLIC_SERVICE_ISSUE","v0.2","EX01","경영기획처","COMMON","4","PUBLIC_SERVICE_ISSUE","국민·기업이 안전·검사·자격·교통 서비스를 이용할 때 추가로 겪는 불편이나 권익 문제는 무엇입니까?","long_text","[]","false","","{""departmentId"":""EX01"",""topicId"":""COMMON""}","[]","대상자 / 원하는 결과 / 현재 경로 / 반복 설명·보완·방문·접근성 / 확인 근거. 현업의 추정과 이용자의 직접 의견을 구분.","[""CCK-NOA"",""CTX-01"",""BOUNDARY-01""]","공통 설명·추가 의견"
"SURVEY-EX01-COMMON-NEW_PROBLEM","v0.2","EX01","경영기획처","COMMON","4","NEW_PROBLEM","이번 조사에서 빠진 문제나 다른 원인 설명이 있다면 작성해 주십시오.","long_text","[]","false","","{""departmentId"":""EX01"",""topicId"":""COMMON""}","[]","기존 병목의 수정인지 별도 문제인지, 소관 후보·현재 대응·우선 이유를 설명. 없으면 없음으로 작성.","[""CCK-NOA"",""CTX-01"",""BOUNDARY-01""]","공통 설명·추가 의견"
"SURVEY-EX01-COMMON-AX_EXPANSION_OPINION","v0.2","EX01","경영기획처","COMMON","4","AX_EXPANSION_OPINION","현재 플랫폼을 확대한다면 어떤 업무의 어떤 결과를 우선 개선해야 합니까?","long_text","[]","false","","{""departmentId"":""EX01"",""topicId"":""COMMON""}","[]","현재 기능 → 남는 어려움 → 필요한 새 능력 → 업무·역할 변화 → 기관/국민 편익. 확대 불필요·비AI 대안도 가능.","[""CCK-NOA"",""CTX-01"",""BOUNDARY-01""]","공통 설명·추가 의견"
"SURVEY-EX01-COMMON-EXPANSION_LIMIT","v0.2","EX01","경영기획처","COMMON","4","EXPANSION_LIMIT","별도 전문시스템이나 권한자의 판단에 남겨야 할 범위와 확대 제약은 무엇입니까?","long_text","[]","false","","{""departmentId"":""EX01"",""topicId"":""COMMON""}","[]","공식 안전·자격·의료·처분·승인/지급 책임, 자료 이용·운영·비용 조건을 설명. 실행본 확인은 제품 담당 보충지 S01~S04와 연결.","[""CCK-NOA"",""CTX-01"",""BOUNDARY-01""]","공통 설명·추가 의견"
"SURVEY-EX02-COMMON-ROLE","v0.2","EX02","예산처","COMMON","2","ROLE","이번 의견을 작성하는 업무 역할은 무엇입니까?","single_choice","[{""code"":""WORK"",""label"":""업무 담당""},{""code"":""REVIEW"",""label"":""검토·승인""},{""code"":""PLANNING"",""label"":""기획·성과""},{""code"":""TECH"",""label"":""정보화·제품·운영""},{""code"":""SECURITY"",""label"":""자료·보안""},{""code"":""OTHER"",""label"":""그 밖의 역할""},{""code"":""UNKNOWN"",""label"":""역할 설명 보완 필요""}]","false","","{""departmentId"":""EX02"",""topicId"":""COMMON""}","[]","실명·연락처 대신 역할만 작성. 담당 처는 해당 양식에서 지정.","[""CCK-NOA"",""CTX-01"",""BOUNDARY-01""]","공통 설명·추가 의견"
"SURVEY-EX02-COMMON-POSITION","v0.2","EX02","예산처","COMMON","2","POSITION","이 응답은 어떤 범위의 의견입니까?","single_choice","[{""code"":""INDIVIDUAL"",""label"":""개인의 업무 경험·의견""},{""code"":""CONSULTED"",""label"":""부서 내 확인을 거친 의견""},{""code"":""OFFICIAL"",""label"":""권한자가 확인한 공식 회신""},{""code"":""UNKNOWN"",""label"":""범위 미확인""}]","false","","{""departmentId"":""EX02"",""topicId"":""COMMON""}","[]","공식 회신 선택만으로 도입·예산·자료 이용승인이 생기는 것은 아님. 확인 근거는 별도 검토.","[""CCK-NOA"",""CTX-01"",""BOUNDARY-01""]","공통 설명·추가 의견"
"SURVEY-EX02-COMMON-CURRENT_USE","v0.2","EX02","예산처","COMMON","2","CURRENT_USE","현재 NOA 또는 AI 공통플랫폼을 어떤 업무에 사용하거나 확인하고 있습니까? 사용하지 않거나 기능을 모르는 경우도 작성해 주십시오.","long_text","[]","false","","{""departmentId"":""EX02"",""topicId"":""COMMON""}","[]","실제 사용 기능·업무·남는 어려움 중심. 제공된 제품 소개를 실제 설치본 기능으로 옮겨 적지 않음.","[""CCK-NOA"",""CTX-01"",""BOUNDARY-01""]","공통 설명·추가 의견"
"SURVEY-EX02-EX02-01-SCOPE_MATCH","v0.2","EX02","예산처","EX02-01","3","SCOPE_MATCH","제시한 업무·대상·처리단계가 귀 처의 실제 담당 범위와 일치합니까?","single_choice","[{""code"":""MATCH"",""label"":""일치""},{""code"":""PARTIAL"",""label"":""일부 수정 필요""},{""code"":""MISMATCH"",""label"":""현재 업무와 불일치""},{""code"":""OTHER_OWNER"",""label"":""다른 부서·기관 소관""},{""code"":""UNKNOWN"",""label"":""판단자료 부족""}]","false","","{""departmentId"":""EX02"",""topicId"":""EX02-01""}","[]","조직명 일치와 실제 수행·결정권한은 구분. 다른 소관이면 수정 의견만 선택 작성.","[""P5""]","조사·기획 가설 · 현업 정합성/타당성 미확인"
"SURVEY-EX02-EX02-01-CURRENT_STATE","v0.2","EX02","예산처","EX02-01","3","CURRENT_STATE","제시한 병목이 현재 발생하는지 어떤 상태로 확인하고 있습니까?","single_choice","[{""code"":""OBSERVED"",""label"":""현재 발생 확인""},{""code"":""CONDITIONAL"",""label"":""특정 조건에서 발생 확인""},{""code"":""RESOLVED"",""label"":""과거 발생했으나 해결됨""},{""code"":""NO_PROBLEM_OBSERVED"",""label"":""확인한 범위에서 발생하지 않음""},{""code"":""NO_DIRECT_EXPERIENCE"",""label"":""직접 확인한 경험 없음""},{""code"":""UNKNOWN"",""label"":""확인 불가""}]","false","{""field"":""SCOPE_MATCH"",""notIn"":[""MISMATCH"",""OTHER_OWNER"",""UNKNOWN""]}","{""departmentId"":""EX02"",""topicId"":""EX02-01""}","[]","미관찰을 전체 문제 없음으로 확대하지 않음. 해결됨이면 해결 기능·시점·범위를 기록.","[""P5""]","조사·기획 가설 · 현업 정합성/타당성 미확인"
"SURVEY-EX02-EX02-01-BOTTLENECK_VALIDITY","v0.2","EX02","예산처","EX02-01","3","BOTTLENECK_VALIDITY","제시한 병목 설명과 원인 가설이 실제 상황을 설명하는 데 타당합니까?","single_choice","[{""code"":""VALID"",""label"":""타당""},{""code"":""CONDITIONAL"",""label"":""조건부 타당""},{""code"":""INVALID"",""label"":""타당하지 않음""},{""code"":""UNKNOWN"",""label"":""판단자료 부족""}]","false","{""field"":""SCOPE_MATCH"",""notIn"":[""MISMATCH"",""OTHER_OWNER"",""UNKNOWN""]}","{""departmentId"":""EX02"",""topicId"":""EX02-01""}","[]","업무 담당 여부·현재 발생 상태·우선순위와 별도 판단. 제안 제품의 도입 찬반 질문이 아님.","[""P5""]","조사·기획 가설 · 현업 정합성/타당성 미확인"
"SURVEY-EX02-EX02-01-VALIDITY_REASON","v0.2","EX02","예산처","EX02-01","3","VALIDITY_REASON","정합성·발생 상태·타당성 판단의 이유와 고쳐야 할 내용을 작성해 주십시오.","long_text","[]","false","","{""departmentId"":""EX02"",""topicId"":""EX02-01""}","[]","맞는 부분 / 다른 부분 / 다른 원인 / 수정할 병목 문장 / 추가 확인 순서로 작성. 불일치·자료 부족도 유효한 응답.","[""P5""]","조사·기획 가설 · 현업 정합성/타당성 미확인"
"SURVEY-EX02-EX02-01-EVIDENCE_BASIS","v0.2","EX02","예산처","EX02-01","3","EVIDENCE_BASIS","판단에 사용한 근거는 무엇입니까?","multiple_choice","[{""code"":""EXPERIENCE"",""label"":""직접 처리 경험""},{""code"":""RECORD"",""label"":""기록·로그·문서""},{""code"":""EXPLANATION"",""label"":""다른 담당자의 설명""},{""code"":""PUBLIC"",""label"":""공개자료""},{""code"":""INFERENCE"",""label"":""추정·개인 의견""},{""code"":""NONE"",""label"":""별도 근거 미확보""}]","false","{""field"":""SCOPE_MATCH"",""notIn"":[""MISMATCH"",""OTHER_OWNER"",""UNKNOWN""]}","{""departmentId"":""EX02"",""topicId"":""EX02-01""}","[""NONE""]","경험과 기록은 함께 선택 가능. NONE은 다른 근거와 동시 선택하지 않음. 유형 선택만으로 검증 완료 처리하지 않음.","[""P5""]","조사·기획 가설 · 현업 정합성/타당성 미확인"
"SURVEY-EX02-EX02-01-ACTUAL_CASE","v0.2","EX02","예산처","EX02-01","3","ACTUAL_CASE","공유 가능한 사례가 있다면 언제·어느 단계·누구에게 어떤 결과나 부담이 발생했는지 작성해 주십시오.","long_text","[]","false","{""all"":[{""field"":""SCOPE_MATCH"",""notIn"":[""MISMATCH"",""OTHER_OWNER"",""UNKNOWN""]},{""field"":""CURRENT_STATE"",""in"":[""OBSERVED"",""CONDITIONAL""]}]}","{""departmentId"":""EX02"",""topicId"":""EX02-01""}","[]","가명 사건 유형·기간·빈도 근거·영향·현재 대응만 작성. 이름·차량번호·연락처·질병정보·원문 민원은 입력하지 않음. 수치는 실측/집계/추정을 구분.","[""P5""]","조사·기획 가설 · 현업 정합성/타당성 미확인"
"SURVEY-EX02-EX02-01-COUNTER_EVIDENCE","v0.2","EX02","예산처","EX02-01","3","COUNTER_EVIDENCE","문제 없이 완료했거나 제시한 설명과 다른 사례, 다른 원인이 있습니까?","long_text","[]","false","{""field"":""SCOPE_MATCH"",""notIn"":[""MISMATCH"",""OTHER_OWNER"",""UNKNOWN""]}","{""departmentId"":""EX02"",""topicId"":""EX02-01""}","[]","없음·직접 확인 못함도 작성 가능. 반대 사례와 소수 의견은 유지.","[""P5""]","조사·기획 가설 · 현업 정합성/타당성 미확인"
"SURVEY-EX02-EX02-01-EXISTING_RESPONSE","v0.2","EX02","예산처","EX02-01","3","EXISTING_RESPONSE","현재 시스템·AI·서식·규칙·협의절차로 해결하는 부분과 남는 문제는 무엇입니까?","long_text","[]","false","{""field"":""SCOPE_MATCH"",""notIn"":[""MISMATCH"",""OTHER_OWNER"",""UNKNOWN""]}","{""departmentId"":""EX02"",""topicId"":""EX02-01""}","[]","이미 충분히 해결된다면 해당 기능·조건·해결 시점을 작성. 기존 계약·추진 중인 사업과 겹치는 범위도 설명.","[""P5""]","조사·기획 가설 · 현업 정합성/타당성 미확인"
"SURVEY-EX02-EX02-01-IMPROVEMENT_METHOD","v0.2","EX02","예산처","EX02-01","3","IMPROVEMENT_METHOD","개선이 필요하다면 어떤 방식이 적절하다고 봅니까?","multiple_choice","[{""code"":""EXISTING"",""label"":""기존 기능·운영 개선""},{""code"":""DATA"",""label"":""자료·서식·식별키 정비""},{""code"":""RULE_API"",""label"":""정형 규칙·시스템 연계""},{""code"":""AI"",""label"":""NOA 등 AI 추가 적용""},{""code"":""INSTITUTION"",""label"":""인력·공급·재원·제도 개선""},{""code"":""NO_NEED"",""label"":""추가 개선 필요 없음""},{""code"":""UNKNOWN"",""label"":""판단자료 부족""}]","false","{""field"":""SCOPE_MATCH"",""notIn"":[""MISMATCH"",""OTHER_OWNER"",""UNKNOWN""]}","{""departmentId"":""EX02"",""topicId"":""EX02-01""}","[""NO_NEED"",""UNKNOWN""]","여러 개선 방식의 결합 가능. NO_NEED·UNKNOWN은 다른 방식과 동시에 선택하지 않음. AI 미선택 시 AI 세부 질문을 건너뜀.","[""P5""]","조사·기획 가설 · 현업 정합성/타당성 미확인"
"SURVEY-EX02-EX02-01-AI_ADDED_VALUE","v0.2","EX02","예산처","EX02-01","3","AI_ADDED_VALUE","NOA 등 AI를 추가하면 기존 도구·정형 개선으로 달성하기 어려운 어떤 결과를 얻을 수 있습니까?","long_text","[]","false","{""all"":[{""field"":""SCOPE_MATCH"",""notIn"":[""MISMATCH"",""OTHER_OWNER"",""UNKNOWN""]},{""field"":""IMPROVEMENT_METHOD"",""includes"":""AI""}]}","{""departmentId"":""EX02"",""topicId"":""EX02-01""}","[]","기능 이름보다 달라질 판단·수행·국민/기업 결과를 작성. 기대와 실제 입증을 구분.","[""P5""]","조사·기획 가설 · 현업 정합성/타당성 미확인"
"SURVEY-EX02-EX02-01-FEASIBILITY_CONDITIONS","v0.2","EX02","예산처","EX02-01","3","FEASIBILITY_CONDITIONS","추가 AI 적용을 위해 어떤 자료·연계·권한·전문 검수·운영조건을 확보해야 합니까?","long_text","[]","false","{""all"":[{""field"":""SCOPE_MATCH"",""notIn"":[""MISMATCH"",""OTHER_OWNER"",""UNKNOWN""]},{""field"":""IMPROVEMENT_METHOD"",""includes"":""AI""}]}","{""departmentId"":""EX02"",""topicId"":""EX02-01""}","[]","실제 설치본·사용권·기존 서버·조회/실행 경계·오류 복구·인수 역할 확인. 새로운 인프라 구매 없는 검토 전제.","[""P5""]","조사·기획 가설 · 현업 정합성/타당성 미확인"
"SURVEY-EX02-EX02-01-RISK_AND_CONCERN","v0.2","EX02","예산처","EX02-01","3","RISK_AND_CONCERN","제안 방식이 오판·과다 보완·정보 노출·추가 업무·이용자 배제 등을 일으킬 조건은 무엇입니까?","long_text","[]","false","{""field"":""SCOPE_MATCH"",""notIn"":[""MISMATCH"",""OTHER_OWNER"",""UNKNOWN""]}","{""departmentId"":""EX02"",""topicId"":""EX02-01""}","[]","문제 없다고 단정하지 않고 예상·관찰·미확인을 구분. AI 이외 개선의 우려도 작성.","[""P5""]","조사·기획 가설 · 현업 정합성/타당성 미확인"
"SURVEY-EX02-EX02-01-EFFECT_AND_MEASUREMENT","v0.2","EX02","예산처","EX02-01","3","EFFECT_AND_MEASUREMENT","제시한 효과 지표가 적절합니까? 실제 기록으로 확인할 결과와 측정하기 어려운 부분을 작성해 주십시오.","long_text","[]","false","{""field"":""SCOPE_MATCH"",""notIn"":[""MISMATCH"",""OTHER_OWNER"",""UNKNOWN""]}","{""departmentId"":""EX02"",""topicId"":""EX02-01""}","[]","분모·관측기간·비교조건·중요 오류·과잉처리·대기/활동시간을 구분. 개선율·목표값을 임의로 만들지 않음.","[""P5""]","조사·기획 가설 · 현업 정합성/타당성 미확인"
"SURVEY-EX02-EX02-01-ALTERNATIVE_PROPOSAL","v0.2","EX02","예산처","EX02-01","3","ALTERNATIVE_PROPOSAL","제안된 CCK 적용 방법을 수정·축소·제외하거나 다른 방법으로 해결할 의견이 있습니까?","long_text","[]","false","{""field"":""SCOPE_MATCH"",""notIn"":[""MISMATCH"",""OTHER_OWNER"",""UNKNOWN""]}","{""departmentId"":""EX02"",""topicId"":""EX02-01""}","[]","기존 기능으로 충분 / 정형 개선 우선 / 책임·권한 문제 / 대안과 필요한 조건 등 자유 작성.","[""P5""]","조사·기획 가설 · 현업 정합성/타당성 미확인"
"SURVEY-EX02-EX02-01-PRIORITY_REASON","v0.2","EX02","예산처","EX02-01","3","PRIORITY_REASON","이 문제를 다른 업무와 비교하여 왜 먼저 검토하거나 뒤로 미루어야 합니까?","long_text","[]","false","{""field"":""SCOPE_MATCH"",""notIn"":[""MISMATCH"",""OTHER_OWNER"",""UNKNOWN""]}","{""departmentId"":""EX02"",""topicId"":""EX02-01""}","[]","안전·국민/기업 편익·빈도·심각도·가용 자료·실행조건을 근거로 설명. 개선 필요 없음도 가능. 자동 점수 합산으로 사업 선정하지 않음.","[""P5""]","조사·기획 가설 · 현업 정합성/타당성 미확인"
"SURVEY-EX02-COMMON-OTHER_WORK_DIFFICULTY","v0.2","EX02","예산처","COMMON","4","OTHER_WORK_DIFFICULTY","제시된 병목 외에 업무처리나 정확한 판단을 어렵게 만드는 지점은 무엇입니까?","long_text","[]","false","","{""departmentId"":""EX02"",""topicId"":""COMMON""}","[]","업무 / 발생 단계 / 대상 / 현재 대응 / 남는 문제 / 근거를 작성. 없음·담당 아님·미확인도 명시 가능.","[""CCK-NOA"",""CTX-01"",""BOUNDARY-01""]","공통 설명·추가 의견"
"SURVEY-EX02-COMMON-PUBLIC_SERVICE_ISSUE","v0.2","EX02","예산처","COMMON","4","PUBLIC_SERVICE_ISSUE","국민·기업이 안전·검사·자격·교통 서비스를 이용할 때 추가로 겪는 불편이나 권익 문제는 무엇입니까?","long_text","[]","false","","{""departmentId"":""EX02"",""topicId"":""COMMON""}","[]","대상자 / 원하는 결과 / 현재 경로 / 반복 설명·보완·방문·접근성 / 확인 근거. 현업의 추정과 이용자의 직접 의견을 구분.","[""CCK-NOA"",""CTX-01"",""BOUNDARY-01""]","공통 설명·추가 의견"
"SURVEY-EX02-COMMON-NEW_PROBLEM","v0.2","EX02","예산처","COMMON","4","NEW_PROBLEM","이번 조사에서 빠진 문제나 다른 원인 설명이 있다면 작성해 주십시오.","long_text","[]","false","","{""departmentId"":""EX02"",""topicId"":""COMMON""}","[]","기존 병목의 수정인지 별도 문제인지, 소관 후보·현재 대응·우선 이유를 설명. 없으면 없음으로 작성.","[""CCK-NOA"",""CTX-01"",""BOUNDARY-01""]","공통 설명·추가 의견"
"SURVEY-EX02-COMMON-AX_EXPANSION_OPINION","v0.2","EX02","예산처","COMMON","4","AX_EXPANSION_OPINION","현재 플랫폼을 확대한다면 어떤 업무의 어떤 결과를 우선 개선해야 합니까?","long_text","[]","false","","{""departmentId"":""EX02"",""topicId"":""COMMON""}","[]","현재 기능 → 남는 어려움 → 필요한 새 능력 → 업무·역할 변화 → 기관/국민 편익. 확대 불필요·비AI 대안도 가능.","[""CCK-NOA"",""CTX-01"",""BOUNDARY-01""]","공통 설명·추가 의견"
"SURVEY-EX02-COMMON-EXPANSION_LIMIT","v0.2","EX02","예산처","COMMON","4","EXPANSION_LIMIT","별도 전문시스템이나 권한자의 판단에 남겨야 할 범위와 확대 제약은 무엇입니까?","long_text","[]","false","","{""departmentId"":""EX02"",""topicId"":""COMMON""}","[]","공식 안전·자격·의료·처분·승인/지급 책임, 자료 이용·운영·비용 조건을 설명. 실행본 확인은 제품 담당 보충지 S01~S04와 연결.","[""CCK-NOA"",""CTX-01"",""BOUNDARY-01""]","공통 설명·추가 의견"
"SURVEY-EX03-COMMON-ROLE","v0.2","EX03","혁신성과처","COMMON","2","ROLE","이번 의견을 작성하는 업무 역할은 무엇입니까?","single_choice","[{""code"":""WORK"",""label"":""업무 담당""},{""code"":""REVIEW"",""label"":""검토·승인""},{""code"":""PLANNING"",""label"":""기획·성과""},{""code"":""TECH"",""label"":""정보화·제품·운영""},{""code"":""SECURITY"",""label"":""자료·보안""},{""code"":""OTHER"",""label"":""그 밖의 역할""},{""code"":""UNKNOWN"",""label"":""역할 설명 보완 필요""}]","false","","{""departmentId"":""EX03"",""topicId"":""COMMON""}","[]","실명·연락처 대신 역할만 작성. 담당 처는 해당 양식에서 지정.","[""CCK-NOA"",""CTX-01"",""BOUNDARY-01""]","공통 설명·추가 의견"
"SURVEY-EX03-COMMON-POSITION","v0.2","EX03","혁신성과처","COMMON","2","POSITION","이 응답은 어떤 범위의 의견입니까?","single_choice","[{""code"":""INDIVIDUAL"",""label"":""개인의 업무 경험·의견""},{""code"":""CONSULTED"",""label"":""부서 내 확인을 거친 의견""},{""code"":""OFFICIAL"",""label"":""권한자가 확인한 공식 회신""},{""code"":""UNKNOWN"",""label"":""범위 미확인""}]","false","","{""departmentId"":""EX03"",""topicId"":""COMMON""}","[]","공식 회신 선택만으로 도입·예산·자료 이용승인이 생기는 것은 아님. 확인 근거는 별도 검토.","[""CCK-NOA"",""CTX-01"",""BOUNDARY-01""]","공통 설명·추가 의견"
"SURVEY-EX03-COMMON-CURRENT_USE","v0.2","EX03","혁신성과처","COMMON","2","CURRENT_USE","현재 NOA 또는 AI 공통플랫폼을 어떤 업무에 사용하거나 확인하고 있습니까? 사용하지 않거나 기능을 모르는 경우도 작성해 주십시오.","long_text","[]","false","","{""departmentId"":""EX03"",""topicId"":""COMMON""}","[]","실제 사용 기능·업무·남는 어려움 중심. 제공된 제품 소개를 실제 설치본 기능으로 옮겨 적지 않음.","[""CCK-NOA"",""CTX-01"",""BOUNDARY-01""]","공통 설명·추가 의견"
"SURVEY-EX03-EX03-01-SCOPE_MATCH","v0.2","EX03","혁신성과처","EX03-01","3","SCOPE_MATCH","제시한 업무·대상·처리단계가 귀 처의 실제 담당 범위와 일치합니까?","single_choice","[{""code"":""MATCH"",""label"":""일치""},{""code"":""PARTIAL"",""label"":""일부 수정 필요""},{""code"":""MISMATCH"",""label"":""현재 업무와 불일치""},{""code"":""OTHER_OWNER"",""label"":""다른 부서·기관 소관""},{""code"":""UNKNOWN"",""label"":""판단자료 부족""}]","false","","{""departmentId"":""EX03"",""topicId"":""EX03-01""}","[]","조직명 일치와 실제 수행·결정권한은 구분. 다른 소관이면 수정 의견만 선택 작성.","[""P6""]","조사·기획 가설 · 현업 정합성/타당성 미확인"
"SURVEY-EX03-EX03-01-CURRENT_STATE","v0.2","EX03","혁신성과처","EX03-01","3","CURRENT_STATE","제시한 병목이 현재 발생하는지 어떤 상태로 확인하고 있습니까?","single_choice","[{""code"":""OBSERVED"",""label"":""현재 발생 확인""},{""code"":""CONDITIONAL"",""label"":""특정 조건에서 발생 확인""},{""code"":""RESOLVED"",""label"":""과거 발생했으나 해결됨""},{""code"":""NO_PROBLEM_OBSERVED"",""label"":""확인한 범위에서 발생하지 않음""},{""code"":""NO_DIRECT_EXPERIENCE"",""label"":""직접 확인한 경험 없음""},{""code"":""UNKNOWN"",""label"":""확인 불가""}]","false","{""field"":""SCOPE_MATCH"",""notIn"":[""MISMATCH"",""OTHER_OWNER"",""UNKNOWN""]}","{""departmentId"":""EX03"",""topicId"":""EX03-01""}","[]","미관찰을 전체 문제 없음으로 확대하지 않음. 해결됨이면 해결 기능·시점·범위를 기록.","[""P6""]","조사·기획 가설 · 현업 정합성/타당성 미확인"
"SURVEY-EX03-EX03-01-BOTTLENECK_VALIDITY","v0.2","EX03","혁신성과처","EX03-01","3","BOTTLENECK_VALIDITY","제시한 병목 설명과 원인 가설이 실제 상황을 설명하는 데 타당합니까?","single_choice","[{""code"":""VALID"",""label"":""타당""},{""code"":""CONDITIONAL"",""label"":""조건부 타당""},{""code"":""INVALID"",""label"":""타당하지 않음""},{""code"":""UNKNOWN"",""label"":""판단자료 부족""}]","false","{""field"":""SCOPE_MATCH"",""notIn"":[""MISMATCH"",""OTHER_OWNER"",""UNKNOWN""]}","{""departmentId"":""EX03"",""topicId"":""EX03-01""}","[]","업무 담당 여부·현재 발생 상태·우선순위와 별도 판단. 제안 제품의 도입 찬반 질문이 아님.","[""P6""]","조사·기획 가설 · 현업 정합성/타당성 미확인"
"SURVEY-EX03-EX03-01-VALIDITY_REASON","v0.2","EX03","혁신성과처","EX03-01","3","VALIDITY_REASON","정합성·발생 상태·타당성 판단의 이유와 고쳐야 할 내용을 작성해 주십시오.","long_text","[]","false","","{""departmentId"":""EX03"",""topicId"":""EX03-01""}","[]","맞는 부분 / 다른 부분 / 다른 원인 / 수정할 병목 문장 / 추가 확인 순서로 작성. 불일치·자료 부족도 유효한 응답.","[""P6""]","조사·기획 가설 · 현업 정합성/타당성 미확인"
"SURVEY-EX03-EX03-01-EVIDENCE_BASIS","v0.2","EX03","혁신성과처","EX03-01","3","EVIDENCE_BASIS","판단에 사용한 근거는 무엇입니까?","multiple_choice","[{""code"":""EXPERIENCE"",""label"":""직접 처리 경험""},{""code"":""RECORD"",""label"":""기록·로그·문서""},{""code"":""EXPLANATION"",""label"":""다른 담당자의 설명""},{""code"":""PUBLIC"",""label"":""공개자료""},{""code"":""INFERENCE"",""label"":""추정·개인 의견""},{""code"":""NONE"",""label"":""별도 근거 미확보""}]","false","{""field"":""SCOPE_MATCH"",""notIn"":[""MISMATCH"",""OTHER_OWNER"",""UNKNOWN""]}","{""departmentId"":""EX03"",""topicId"":""EX03-01""}","[""NONE""]","경험과 기록은 함께 선택 가능. NONE은 다른 근거와 동시 선택하지 않음. 유형 선택만으로 검증 완료 처리하지 않음.","[""P6""]","조사·기획 가설 · 현업 정합성/타당성 미확인"
"SURVEY-EX03-EX03-01-ACTUAL_CASE","v0.2","EX03","혁신성과처","EX03-01","3","ACTUAL_CASE","공유 가능한 사례가 있다면 언제·어느 단계·누구에게 어떤 결과나 부담이 발생했는지 작성해 주십시오.","long_text","[]","false","{""all"":[{""field"":""SCOPE_MATCH"",""notIn"":[""MISMATCH"",""OTHER_OWNER"",""UNKNOWN""]},{""field"":""CURRENT_STATE"",""in"":[""OBSERVED"",""CONDITIONAL""]}]}","{""departmentId"":""EX03"",""topicId"":""EX03-01""}","[]","가명 사건 유형·기간·빈도 근거·영향·현재 대응만 작성. 이름·차량번호·연락처·질병정보·원문 민원은 입력하지 않음. 수치는 실측/집계/추정을 구분.","[""P6""]","조사·기획 가설 · 현업 정합성/타당성 미확인"
"SURVEY-EX03-EX03-01-COUNTER_EVIDENCE","v0.2","EX03","혁신성과처","EX03-01","3","COUNTER_EVIDENCE","문제 없이 완료했거나 제시한 설명과 다른 사례, 다른 원인이 있습니까?","long_text","[]","false","{""field"":""SCOPE_MATCH"",""notIn"":[""MISMATCH"",""OTHER_OWNER"",""UNKNOWN""]}","{""departmentId"":""EX03"",""topicId"":""EX03-01""}","[]","없음·직접 확인 못함도 작성 가능. 반대 사례와 소수 의견은 유지.","[""P6""]","조사·기획 가설 · 현업 정합성/타당성 미확인"
"SURVEY-EX03-EX03-01-EXISTING_RESPONSE","v0.2","EX03","혁신성과처","EX03-01","3","EXISTING_RESPONSE","현재 시스템·AI·서식·규칙·협의절차로 해결하는 부분과 남는 문제는 무엇입니까?","long_text","[]","false","{""field"":""SCOPE_MATCH"",""notIn"":[""MISMATCH"",""OTHER_OWNER"",""UNKNOWN""]}","{""departmentId"":""EX03"",""topicId"":""EX03-01""}","[]","이미 충분히 해결된다면 해당 기능·조건·해결 시점을 작성. 기존 계약·추진 중인 사업과 겹치는 범위도 설명.","[""P6""]","조사·기획 가설 · 현업 정합성/타당성 미확인"
"SURVEY-EX03-EX03-01-IMPROVEMENT_METHOD","v0.2","EX03","혁신성과처","EX03-01","3","IMPROVEMENT_METHOD","개선이 필요하다면 어떤 방식이 적절하다고 봅니까?","multiple_choice","[{""code"":""EXISTING"",""label"":""기존 기능·운영 개선""},{""code"":""DATA"",""label"":""자료·서식·식별키 정비""},{""code"":""RULE_API"",""label"":""정형 규칙·시스템 연계""},{""code"":""AI"",""label"":""NOA 등 AI 추가 적용""},{""code"":""INSTITUTION"",""label"":""인력·공급·재원·제도 개선""},{""code"":""NO_NEED"",""label"":""추가 개선 필요 없음""},{""code"":""UNKNOWN"",""label"":""판단자료 부족""}]","false","{""field"":""SCOPE_MATCH"",""notIn"":[""MISMATCH"",""OTHER_OWNER"",""UNKNOWN""]}","{""departmentId"":""EX03"",""topicId"":""EX03-01""}","[""NO_NEED"",""UNKNOWN""]","여러 개선 방식의 결합 가능. NO_NEED·UNKNOWN은 다른 방식과 동시에 선택하지 않음. AI 미선택 시 AI 세부 질문을 건너뜀.","[""P6""]","조사·기획 가설 · 현업 정합성/타당성 미확인"
"SURVEY-EX03-EX03-01-AI_ADDED_VALUE","v0.2","EX03","혁신성과처","EX03-01","3","AI_ADDED_VALUE","NOA 등 AI를 추가하면 기존 도구·정형 개선으로 달성하기 어려운 어떤 결과를 얻을 수 있습니까?","long_text","[]","false","{""all"":[{""field"":""SCOPE_MATCH"",""notIn"":[""MISMATCH"",""OTHER_OWNER"",""UNKNOWN""]},{""field"":""IMPROVEMENT_METHOD"",""includes"":""AI""}]}","{""departmentId"":""EX03"",""topicId"":""EX03-01""}","[]","기능 이름보다 달라질 판단·수행·국민/기업 결과를 작성. 기대와 실제 입증을 구분.","[""P6""]","조사·기획 가설 · 현업 정합성/타당성 미확인"
"SURVEY-EX03-EX03-01-FEASIBILITY_CONDITIONS","v0.2","EX03","혁신성과처","EX03-01","3","FEASIBILITY_CONDITIONS","추가 AI 적용을 위해 어떤 자료·연계·권한·전문 검수·운영조건을 확보해야 합니까?","long_text","[]","false","{""all"":[{""field"":""SCOPE_MATCH"",""notIn"":[""MISMATCH"",""OTHER_OWNER"",""UNKNOWN""]},{""field"":""IMPROVEMENT_METHOD"",""includes"":""AI""}]}","{""departmentId"":""EX03"",""topicId"":""EX03-01""}","[]","실제 설치본·사용권·기존 서버·조회/실행 경계·오류 복구·인수 역할 확인. 새로운 인프라 구매 없는 검토 전제.","[""P6""]","조사·기획 가설 · 현업 정합성/타당성 미확인"
"SURVEY-EX03-EX03-01-RISK_AND_CONCERN","v0.2","EX03","혁신성과처","EX03-01","3","RISK_AND_CONCERN","제안 방식이 오판·과다 보완·정보 노출·추가 업무·이용자 배제 등을 일으킬 조건은 무엇입니까?","long_text","[]","false","{""field"":""SCOPE_MATCH"",""notIn"":[""MISMATCH"",""OTHER_OWNER"",""UNKNOWN""]}","{""departmentId"":""EX03"",""topicId"":""EX03-01""}","[]","문제 없다고 단정하지 않고 예상·관찰·미확인을 구분. AI 이외 개선의 우려도 작성.","[""P6""]","조사·기획 가설 · 현업 정합성/타당성 미확인"
"SURVEY-EX03-EX03-01-EFFECT_AND_MEASUREMENT","v0.2","EX03","혁신성과처","EX03-01","3","EFFECT_AND_MEASUREMENT","제시한 효과 지표가 적절합니까? 실제 기록으로 확인할 결과와 측정하기 어려운 부분을 작성해 주십시오.","long_text","[]","false","{""field"":""SCOPE_MATCH"",""notIn"":[""MISMATCH"",""OTHER_OWNER"",""UNKNOWN""]}","{""departmentId"":""EX03"",""topicId"":""EX03-01""}","[]","분모·관측기간·비교조건·중요 오류·과잉처리·대기/활동시간을 구분. 개선율·목표값을 임의로 만들지 않음.","[""P6""]","조사·기획 가설 · 현업 정합성/타당성 미확인"
"SURVEY-EX03-EX03-01-ALTERNATIVE_PROPOSAL","v0.2","EX03","혁신성과처","EX03-01","3","ALTERNATIVE_PROPOSAL","제안된 CCK 적용 방법을 수정·축소·제외하거나 다른 방법으로 해결할 의견이 있습니까?","long_text","[]","false","{""field"":""SCOPE_MATCH"",""notIn"":[""MISMATCH"",""OTHER_OWNER"",""UNKNOWN""]}","{""departmentId"":""EX03"",""topicId"":""EX03-01""}","[]","기존 기능으로 충분 / 정형 개선 우선 / 책임·권한 문제 / 대안과 필요한 조건 등 자유 작성.","[""P6""]","조사·기획 가설 · 현업 정합성/타당성 미확인"
"SURVEY-EX03-EX03-01-PRIORITY_REASON","v0.2","EX03","혁신성과처","EX03-01","3","PRIORITY_REASON","이 문제를 다른 업무와 비교하여 왜 먼저 검토하거나 뒤로 미루어야 합니까?","long_text","[]","false","{""field"":""SCOPE_MATCH"",""notIn"":[""MISMATCH"",""OTHER_OWNER"",""UNKNOWN""]}","{""departmentId"":""EX03"",""topicId"":""EX03-01""}","[]","안전·국민/기업 편익·빈도·심각도·가용 자료·실행조건을 근거로 설명. 개선 필요 없음도 가능. 자동 점수 합산으로 사업 선정하지 않음.","[""P6""]","조사·기획 가설 · 현업 정합성/타당성 미확인"
"SURVEY-EX03-COMMON-OTHER_WORK_DIFFICULTY","v0.2","EX03","혁신성과처","COMMON","4","OTHER_WORK_DIFFICULTY","제시된 병목 외에 업무처리나 정확한 판단을 어렵게 만드는 지점은 무엇입니까?","long_text","[]","false","","{""departmentId"":""EX03"",""topicId"":""COMMON""}","[]","업무 / 발생 단계 / 대상 / 현재 대응 / 남는 문제 / 근거를 작성. 없음·담당 아님·미확인도 명시 가능.","[""CCK-NOA"",""CTX-01"",""BOUNDARY-01""]","공통 설명·추가 의견"
"SURVEY-EX03-COMMON-PUBLIC_SERVICE_ISSUE","v0.2","EX03","혁신성과처","COMMON","4","PUBLIC_SERVICE_ISSUE","국민·기업이 안전·검사·자격·교통 서비스를 이용할 때 추가로 겪는 불편이나 권익 문제는 무엇입니까?","long_text","[]","false","","{""departmentId"":""EX03"",""topicId"":""COMMON""}","[]","대상자 / 원하는 결과 / 현재 경로 / 반복 설명·보완·방문·접근성 / 확인 근거. 현업의 추정과 이용자의 직접 의견을 구분.","[""CCK-NOA"",""CTX-01"",""BOUNDARY-01""]","공통 설명·추가 의견"
"SURVEY-EX03-COMMON-NEW_PROBLEM","v0.2","EX03","혁신성과처","COMMON","4","NEW_PROBLEM","이번 조사에서 빠진 문제나 다른 원인 설명이 있다면 작성해 주십시오.","long_text","[]","false","","{""departmentId"":""EX03"",""topicId"":""COMMON""}","[]","기존 병목의 수정인지 별도 문제인지, 소관 후보·현재 대응·우선 이유를 설명. 없으면 없음으로 작성.","[""CCK-NOA"",""CTX-01"",""BOUNDARY-01""]","공통 설명·추가 의견"
"SURVEY-EX03-COMMON-AX_EXPANSION_OPINION","v0.2","EX03","혁신성과처","COMMON","4","AX_EXPANSION_OPINION","현재 플랫폼을 확대한다면 어떤 업무의 어떤 결과를 우선 개선해야 합니까?","long_text","[]","false","","{""departmentId"":""EX03"",""topicId"":""COMMON""}","[]","현재 기능 → 남는 어려움 → 필요한 새 능력 → 업무·역할 변화 → 기관/국민 편익. 확대 불필요·비AI 대안도 가능.","[""CCK-NOA"",""CTX-01"",""BOUNDARY-01""]","공통 설명·추가 의견"
"SURVEY-EX03-COMMON-EXPANSION_LIMIT","v0.2","EX03","혁신성과처","COMMON","4","EXPANSION_LIMIT","별도 전문시스템이나 권한자의 판단에 남겨야 할 범위와 확대 제약은 무엇입니까?","long_text","[]","false","","{""departmentId"":""EX03"",""topicId"":""COMMON""}","[]","공식 안전·자격·의료·처분·승인/지급 책임, 자료 이용·운영·비용 조건을 설명. 실행본 확인은 제품 담당 보충지 S01~S04와 연결.","[""CCK-NOA"",""CTX-01"",""BOUNDARY-01""]","공통 설명·추가 의견"
"SURVEY-EX04-COMMON-ROLE","v0.2","EX04","ESG경영처","COMMON","2","ROLE","이번 의견을 작성하는 업무 역할은 무엇입니까?","single_choice","[{""code"":""WORK"",""label"":""업무 담당""},{""code"":""REVIEW"",""label"":""검토·승인""},{""code"":""PLANNING"",""label"":""기획·성과""},{""code"":""TECH"",""label"":""정보화·제품·운영""},{""code"":""SECURITY"",""label"":""자료·보안""},{""code"":""OTHER"",""label"":""그 밖의 역할""},{""code"":""UNKNOWN"",""label"":""역할 설명 보완 필요""}]","false","","{""departmentId"":""EX04"",""topicId"":""COMMON""}","[]","실명·연락처 대신 역할만 작성. 담당 처는 해당 양식에서 지정.","[""CCK-NOA"",""CTX-01"",""BOUNDARY-01""]","공통 설명·추가 의견"
"SURVEY-EX04-COMMON-POSITION","v0.2","EX04","ESG경영처","COMMON","2","POSITION","이 응답은 어떤 범위의 의견입니까?","single_choice","[{""code"":""INDIVIDUAL"",""label"":""개인의 업무 경험·의견""},{""code"":""CONSULTED"",""label"":""부서 내 확인을 거친 의견""},{""code"":""OFFICIAL"",""label"":""권한자가 확인한 공식 회신""},{""code"":""UNKNOWN"",""label"":""범위 미확인""}]","false","","{""departmentId"":""EX04"",""topicId"":""COMMON""}","[]","공식 회신 선택만으로 도입·예산·자료 이용승인이 생기는 것은 아님. 확인 근거는 별도 검토.","[""CCK-NOA"",""CTX-01"",""BOUNDARY-01""]","공통 설명·추가 의견"
"SURVEY-EX04-COMMON-CURRENT_USE","v0.2","EX04","ESG경영처","COMMON","2","CURRENT_USE","현재 NOA 또는 AI 공통플랫폼을 어떤 업무에 사용하거나 확인하고 있습니까? 사용하지 않거나 기능을 모르는 경우도 작성해 주십시오.","long_text","[]","false","","{""departmentId"":""EX04"",""topicId"":""COMMON""}","[]","실제 사용 기능·업무·남는 어려움 중심. 제공된 제품 소개를 실제 설치본 기능으로 옮겨 적지 않음.","[""CCK-NOA"",""CTX-01"",""BOUNDARY-01""]","공통 설명·추가 의견"
"SURVEY-EX04-EX04-01-SCOPE_MATCH","v0.2","EX04","ESG경영처","EX04-01","3","SCOPE_MATCH","제시한 업무·대상·처리단계가 귀 처의 실제 담당 범위와 일치합니까?","single_choice","[{""code"":""MATCH"",""label"":""일치""},{""code"":""PARTIAL"",""label"":""일부 수정 필요""},{""code"":""MISMATCH"",""label"":""현재 업무와 불일치""},{""code"":""OTHER_OWNER"",""label"":""다른 부서·기관 소관""},{""code"":""UNKNOWN"",""label"":""판단자료 부족""}]","false","","{""departmentId"":""EX04"",""topicId"":""EX04-01""}","[]","조직명 일치와 실제 수행·결정권한은 구분. 다른 소관이면 수정 의견만 선택 작성.","[""P7""]","조사·기획 가설 · 현업 정합성/타당성 미확인"
"SURVEY-EX04-EX04-01-CURRENT_STATE","v0.2","EX04","ESG경영처","EX04-01","3","CURRENT_STATE","제시한 병목이 현재 발생하는지 어떤 상태로 확인하고 있습니까?","single_choice","[{""code"":""OBSERVED"",""label"":""현재 발생 확인""},{""code"":""CONDITIONAL"",""label"":""특정 조건에서 발생 확인""},{""code"":""RESOLVED"",""label"":""과거 발생했으나 해결됨""},{""code"":""NO_PROBLEM_OBSERVED"",""label"":""확인한 범위에서 발생하지 않음""},{""code"":""NO_DIRECT_EXPERIENCE"",""label"":""직접 확인한 경험 없음""},{""code"":""UNKNOWN"",""label"":""확인 불가""}]","false","{""field"":""SCOPE_MATCH"",""notIn"":[""MISMATCH"",""OTHER_OWNER"",""UNKNOWN""]}","{""departmentId"":""EX04"",""topicId"":""EX04-01""}","[]","미관찰을 전체 문제 없음으로 확대하지 않음. 해결됨이면 해결 기능·시점·범위를 기록.","[""P7""]","조사·기획 가설 · 현업 정합성/타당성 미확인"
"SURVEY-EX04-EX04-01-BOTTLENECK_VALIDITY","v0.2","EX04","ESG경영처","EX04-01","3","BOTTLENECK_VALIDITY","제시한 병목 설명과 원인 가설이 실제 상황을 설명하는 데 타당합니까?","single_choice","[{""code"":""VALID"",""label"":""타당""},{""code"":""CONDITIONAL"",""label"":""조건부 타당""},{""code"":""INVALID"",""label"":""타당하지 않음""},{""code"":""UNKNOWN"",""label"":""판단자료 부족""}]","false","{""field"":""SCOPE_MATCH"",""notIn"":[""MISMATCH"",""OTHER_OWNER"",""UNKNOWN""]}","{""departmentId"":""EX04"",""topicId"":""EX04-01""}","[]","업무 담당 여부·현재 발생 상태·우선순위와 별도 판단. 제안 제품의 도입 찬반 질문이 아님.","[""P7""]","조사·기획 가설 · 현업 정합성/타당성 미확인"
"SURVEY-EX04-EX04-01-VALIDITY_REASON","v0.2","EX04","ESG경영처","EX04-01","3","VALIDITY_REASON","정합성·발생 상태·타당성 판단의 이유와 고쳐야 할 내용을 작성해 주십시오.","long_text","[]","false","","{""departmentId"":""EX04"",""topicId"":""EX04-01""}","[]","맞는 부분 / 다른 부분 / 다른 원인 / 수정할 병목 문장 / 추가 확인 순서로 작성. 불일치·자료 부족도 유효한 응답.","[""P7""]","조사·기획 가설 · 현업 정합성/타당성 미확인"
"SURVEY-EX04-EX04-01-EVIDENCE_BASIS","v0.2","EX04","ESG경영처","EX04-01","3","EVIDENCE_BASIS","판단에 사용한 근거는 무엇입니까?","multiple_choice","[{""code"":""EXPERIENCE"",""label"":""직접 처리 경험""},{""code"":""RECORD"",""label"":""기록·로그·문서""},{""code"":""EXPLANATION"",""label"":""다른 담당자의 설명""},{""code"":""PUBLIC"",""label"":""공개자료""},{""code"":""INFERENCE"",""label"":""추정·개인 의견""},{""code"":""NONE"",""label"":""별도 근거 미확보""}]","false","{""field"":""SCOPE_MATCH"",""notIn"":[""MISMATCH"",""OTHER_OWNER"",""UNKNOWN""]}","{""departmentId"":""EX04"",""topicId"":""EX04-01""}","[""NONE""]","경험과 기록은 함께 선택 가능. NONE은 다른 근거와 동시 선택하지 않음. 유형 선택만으로 검증 완료 처리하지 않음.","[""P7""]","조사·기획 가설 · 현업 정합성/타당성 미확인"
"SURVEY-EX04-EX04-01-ACTUAL_CASE","v0.2","EX04","ESG경영처","EX04-01","3","ACTUAL_CASE","공유 가능한 사례가 있다면 언제·어느 단계·누구에게 어떤 결과나 부담이 발생했는지 작성해 주십시오.","long_text","[]","false","{""all"":[{""field"":""SCOPE_MATCH"",""notIn"":[""MISMATCH"",""OTHER_OWNER"",""UNKNOWN""]},{""field"":""CURRENT_STATE"",""in"":[""OBSERVED"",""CONDITIONAL""]}]}","{""departmentId"":""EX04"",""topicId"":""EX04-01""}","[]","가명 사건 유형·기간·빈도 근거·영향·현재 대응만 작성. 이름·차량번호·연락처·질병정보·원문 민원은 입력하지 않음. 수치는 실측/집계/추정을 구분.","[""P7""]","조사·기획 가설 · 현업 정합성/타당성 미확인"
"SURVEY-EX04-EX04-01-COUNTER_EVIDENCE","v0.2","EX04","ESG경영처","EX04-01","3","COUNTER_EVIDENCE","문제 없이 완료했거나 제시한 설명과 다른 사례, 다른 원인이 있습니까?","long_text","[]","false","{""field"":""SCOPE_MATCH"",""notIn"":[""MISMATCH"",""OTHER_OWNER"",""UNKNOWN""]}","{""departmentId"":""EX04"",""topicId"":""EX04-01""}","[]","없음·직접 확인 못함도 작성 가능. 반대 사례와 소수 의견은 유지.","[""P7""]","조사·기획 가설 · 현업 정합성/타당성 미확인"
"SURVEY-EX04-EX04-01-EXISTING_RESPONSE","v0.2","EX04","ESG경영처","EX04-01","3","EXISTING_RESPONSE","현재 시스템·AI·서식·규칙·협의절차로 해결하는 부분과 남는 문제는 무엇입니까?","long_text","[]","false","{""field"":""SCOPE_MATCH"",""notIn"":[""MISMATCH"",""OTHER_OWNER"",""UNKNOWN""]}","{""departmentId"":""EX04"",""topicId"":""EX04-01""}","[]","이미 충분히 해결된다면 해당 기능·조건·해결 시점을 작성. 기존 계약·추진 중인 사업과 겹치는 범위도 설명.","[""P7""]","조사·기획 가설 · 현업 정합성/타당성 미확인"
"SURVEY-EX04-EX04-01-IMPROVEMENT_METHOD","v0.2","EX04","ESG경영처","EX04-01","3","IMPROVEMENT_METHOD","개선이 필요하다면 어떤 방식이 적절하다고 봅니까?","multiple_choice","[{""code"":""EXISTING"",""label"":""기존 기능·운영 개선""},{""code"":""DATA"",""label"":""자료·서식·식별키 정비""},{""code"":""RULE_API"",""label"":""정형 규칙·시스템 연계""},{""code"":""AI"",""label"":""NOA 등 AI 추가 적용""},{""code"":""INSTITUTION"",""label"":""인력·공급·재원·제도 개선""},{""code"":""NO_NEED"",""label"":""추가 개선 필요 없음""},{""code"":""UNKNOWN"",""label"":""판단자료 부족""}]","false","{""field"":""SCOPE_MATCH"",""notIn"":[""MISMATCH"",""OTHER_OWNER"",""UNKNOWN""]}","{""departmentId"":""EX04"",""topicId"":""EX04-01""}","[""NO_NEED"",""UNKNOWN""]","여러 개선 방식의 결합 가능. NO_NEED·UNKNOWN은 다른 방식과 동시에 선택하지 않음. AI 미선택 시 AI 세부 질문을 건너뜀.","[""P7""]","조사·기획 가설 · 현업 정합성/타당성 미확인"
"SURVEY-EX04-EX04-01-AI_ADDED_VALUE","v0.2","EX04","ESG경영처","EX04-01","3","AI_ADDED_VALUE","NOA 등 AI를 추가하면 기존 도구·정형 개선으로 달성하기 어려운 어떤 결과를 얻을 수 있습니까?","long_text","[]","false","{""all"":[{""field"":""SCOPE_MATCH"",""notIn"":[""MISMATCH"",""OTHER_OWNER"",""UNKNOWN""]},{""field"":""IMPROVEMENT_METHOD"",""includes"":""AI""}]}","{""departmentId"":""EX04"",""topicId"":""EX04-01""}","[]","기능 이름보다 달라질 판단·수행·국민/기업 결과를 작성. 기대와 실제 입증을 구분.","[""P7""]","조사·기획 가설 · 현업 정합성/타당성 미확인"
"SURVEY-EX04-EX04-01-FEASIBILITY_CONDITIONS","v0.2","EX04","ESG경영처","EX04-01","3","FEASIBILITY_CONDITIONS","추가 AI 적용을 위해 어떤 자료·연계·권한·전문 검수·운영조건을 확보해야 합니까?","long_text","[]","false","{""all"":[{""field"":""SCOPE_MATCH"",""notIn"":[""MISMATCH"",""OTHER_OWNER"",""UNKNOWN""]},{""field"":""IMPROVEMENT_METHOD"",""includes"":""AI""}]}","{""departmentId"":""EX04"",""topicId"":""EX04-01""}","[]","실제 설치본·사용권·기존 서버·조회/실행 경계·오류 복구·인수 역할 확인. 새로운 인프라 구매 없는 검토 전제.","[""P7""]","조사·기획 가설 · 현업 정합성/타당성 미확인"
"SURVEY-EX04-EX04-01-RISK_AND_CONCERN","v0.2","EX04","ESG경영처","EX04-01","3","RISK_AND_CONCERN","제안 방식이 오판·과다 보완·정보 노출·추가 업무·이용자 배제 등을 일으킬 조건은 무엇입니까?","long_text","[]","false","{""field"":""SCOPE_MATCH"",""notIn"":[""MISMATCH"",""OTHER_OWNER"",""UNKNOWN""]}","{""departmentId"":""EX04"",""topicId"":""EX04-01""}","[]","문제 없다고 단정하지 않고 예상·관찰·미확인을 구분. AI 이외 개선의 우려도 작성.","[""P7""]","조사·기획 가설 · 현업 정합성/타당성 미확인"
"SURVEY-EX04-EX04-01-EFFECT_AND_MEASUREMENT","v0.2","EX04","ESG경영처","EX04-01","3","EFFECT_AND_MEASUREMENT","제시한 효과 지표가 적절합니까? 실제 기록으로 확인할 결과와 측정하기 어려운 부분을 작성해 주십시오.","long_text","[]","false","{""field"":""SCOPE_MATCH"",""notIn"":[""MISMATCH"",""OTHER_OWNER"",""UNKNOWN""]}","{""departmentId"":""EX04"",""topicId"":""EX04-01""}","[]","분모·관측기간·비교조건·중요 오류·과잉처리·대기/활동시간을 구분. 개선율·목표값을 임의로 만들지 않음.","[""P7""]","조사·기획 가설 · 현업 정합성/타당성 미확인"
"SURVEY-EX04-EX04-01-ALTERNATIVE_PROPOSAL","v0.2","EX04","ESG경영처","EX04-01","3","ALTERNATIVE_PROPOSAL","제안된 CCK 적용 방법을 수정·축소·제외하거나 다른 방법으로 해결할 의견이 있습니까?","long_text","[]","false","{""field"":""SCOPE_MATCH"",""notIn"":[""MISMATCH"",""OTHER_OWNER"",""UNKNOWN""]}","{""departmentId"":""EX04"",""topicId"":""EX04-01""}","[]","기존 기능으로 충분 / 정형 개선 우선 / 책임·권한 문제 / 대안과 필요한 조건 등 자유 작성.","[""P7""]","조사·기획 가설 · 현업 정합성/타당성 미확인"
"SURVEY-EX04-EX04-01-PRIORITY_REASON","v0.2","EX04","ESG경영처","EX04-01","3","PRIORITY_REASON","이 문제를 다른 업무와 비교하여 왜 먼저 검토하거나 뒤로 미루어야 합니까?","long_text","[]","false","{""field"":""SCOPE_MATCH"",""notIn"":[""MISMATCH"",""OTHER_OWNER"",""UNKNOWN""]}","{""departmentId"":""EX04"",""topicId"":""EX04-01""}","[]","안전·국민/기업 편익·빈도·심각도·가용 자료·실행조건을 근거로 설명. 개선 필요 없음도 가능. 자동 점수 합산으로 사업 선정하지 않음.","[""P7""]","조사·기획 가설 · 현업 정합성/타당성 미확인"
"SURVEY-EX04-COMMON-OTHER_WORK_DIFFICULTY","v0.2","EX04","ESG경영처","COMMON","4","OTHER_WORK_DIFFICULTY","제시된 병목 외에 업무처리나 정확한 판단을 어렵게 만드는 지점은 무엇입니까?","long_text","[]","false","","{""departmentId"":""EX04"",""topicId"":""COMMON""}","[]","업무 / 발생 단계 / 대상 / 현재 대응 / 남는 문제 / 근거를 작성. 없음·담당 아님·미확인도 명시 가능.","[""CCK-NOA"",""CTX-01"",""BOUNDARY-01""]","공통 설명·추가 의견"
"SURVEY-EX04-COMMON-PUBLIC_SERVICE_ISSUE","v0.2","EX04","ESG경영처","COMMON","4","PUBLIC_SERVICE_ISSUE","국민·기업이 안전·검사·자격·교통 서비스를 이용할 때 추가로 겪는 불편이나 권익 문제는 무엇입니까?","long_text","[]","false","","{""departmentId"":""EX04"",""topicId"":""COMMON""}","[]","대상자 / 원하는 결과 / 현재 경로 / 반복 설명·보완·방문·접근성 / 확인 근거. 현업의 추정과 이용자의 직접 의견을 구분.","[""CCK-NOA"",""CTX-01"",""BOUNDARY-01""]","공통 설명·추가 의견"
"SURVEY-EX04-COMMON-NEW_PROBLEM","v0.2","EX04","ESG경영처","COMMON","4","NEW_PROBLEM","이번 조사에서 빠진 문제나 다른 원인 설명이 있다면 작성해 주십시오.","long_text","[]","false","","{""departmentId"":""EX04"",""topicId"":""COMMON""}","[]","기존 병목의 수정인지 별도 문제인지, 소관 후보·현재 대응·우선 이유를 설명. 없으면 없음으로 작성.","[""CCK-NOA"",""CTX-01"",""BOUNDARY-01""]","공통 설명·추가 의견"
"SURVEY-EX04-COMMON-AX_EXPANSION_OPINION","v0.2","EX04","ESG경영처","COMMON","4","AX_EXPANSION_OPINION","현재 플랫폼을 확대한다면 어떤 업무의 어떤 결과를 우선 개선해야 합니까?","long_text","[]","false","","{""departmentId"":""EX04"",""topicId"":""COMMON""}","[]","현재 기능 → 남는 어려움 → 필요한 새 능력 → 업무·역할 변화 → 기관/국민 편익. 확대 불필요·비AI 대안도 가능.","[""CCK-NOA"",""CTX-01"",""BOUNDARY-01""]","공통 설명·추가 의견"
"SURVEY-EX04-COMMON-EXPANSION_LIMIT","v0.2","EX04","ESG경영처","COMMON","4","EXPANSION_LIMIT","별도 전문시스템이나 권한자의 판단에 남겨야 할 범위와 확대 제약은 무엇입니까?","long_text","[]","false","","{""departmentId"":""EX04"",""topicId"":""COMMON""}","[]","공식 안전·자격·의료·처분·승인/지급 책임, 자료 이용·운영·비용 조건을 설명. 실행본 확인은 제품 담당 보충지 S01~S04와 연결.","[""CCK-NOA"",""CTX-01"",""BOUNDARY-01""]","공통 설명·추가 의견"
"SURVEY-EX05-COMMON-ROLE","v0.2","EX05","디지털기획처","COMMON","2","ROLE","이번 의견을 작성하는 업무 역할은 무엇입니까?","single_choice","[{""code"":""WORK"",""label"":""업무 담당""},{""code"":""REVIEW"",""label"":""검토·승인""},{""code"":""PLANNING"",""label"":""기획·성과""},{""code"":""TECH"",""label"":""정보화·제품·운영""},{""code"":""SECURITY"",""label"":""자료·보안""},{""code"":""OTHER"",""label"":""그 밖의 역할""},{""code"":""UNKNOWN"",""label"":""역할 설명 보완 필요""}]","false","","{""departmentId"":""EX05"",""topicId"":""COMMON""}","[]","실명·연락처 대신 역할만 작성. 담당 처는 해당 양식에서 지정.","[""CCK-NOA"",""CTX-01"",""BOUNDARY-01""]","공통 설명·추가 의견"
"SURVEY-EX05-COMMON-POSITION","v0.2","EX05","디지털기획처","COMMON","2","POSITION","이 응답은 어떤 범위의 의견입니까?","single_choice","[{""code"":""INDIVIDUAL"",""label"":""개인의 업무 경험·의견""},{""code"":""CONSULTED"",""label"":""부서 내 확인을 거친 의견""},{""code"":""OFFICIAL"",""label"":""권한자가 확인한 공식 회신""},{""code"":""UNKNOWN"",""label"":""범위 미확인""}]","false","","{""departmentId"":""EX05"",""topicId"":""COMMON""}","[]","공식 회신 선택만으로 도입·예산·자료 이용승인이 생기는 것은 아님. 확인 근거는 별도 검토.","[""CCK-NOA"",""CTX-01"",""BOUNDARY-01""]","공통 설명·추가 의견"
"SURVEY-EX05-COMMON-CURRENT_USE","v0.2","EX05","디지털기획처","COMMON","2","CURRENT_USE","현재 NOA 또는 AI 공통플랫폼을 어떤 업무에 사용하거나 확인하고 있습니까? 사용하지 않거나 기능을 모르는 경우도 작성해 주십시오.","long_text","[]","false","","{""departmentId"":""EX05"",""topicId"":""COMMON""}","[]","실제 사용 기능·업무·남는 어려움 중심. 제공된 제품 소개를 실제 설치본 기능으로 옮겨 적지 않음.","[""CCK-NOA"",""CTX-01"",""BOUNDARY-01""]","공통 설명·추가 의견"
"SURVEY-EX05-EX05-01-SCOPE_MATCH","v0.2","EX05","디지털기획처","EX05-01","3","SCOPE_MATCH","제시한 업무·대상·처리단계가 귀 처의 실제 담당 범위와 일치합니까?","single_choice","[{""code"":""MATCH"",""label"":""일치""},{""code"":""PARTIAL"",""label"":""일부 수정 필요""},{""code"":""MISMATCH"",""label"":""현재 업무와 불일치""},{""code"":""OTHER_OWNER"",""label"":""다른 부서·기관 소관""},{""code"":""UNKNOWN"",""label"":""판단자료 부족""}]","false","","{""departmentId"":""EX05"",""topicId"":""EX05-01""}","[]","조직명 일치와 실제 수행·결정권한은 구분. 다른 소관이면 수정 의견만 선택 작성.","[""P8"",""P9""]","조사·기획 가설 · 현업 정합성/타당성 미확인"
"SURVEY-EX05-EX05-01-CURRENT_STATE","v0.2","EX05","디지털기획처","EX05-01","3","CURRENT_STATE","제시한 병목이 현재 발생하는지 어떤 상태로 확인하고 있습니까?","single_choice","[{""code"":""OBSERVED"",""label"":""현재 발생 확인""},{""code"":""CONDITIONAL"",""label"":""특정 조건에서 발생 확인""},{""code"":""RESOLVED"",""label"":""과거 발생했으나 해결됨""},{""code"":""NO_PROBLEM_OBSERVED"",""label"":""확인한 범위에서 발생하지 않음""},{""code"":""NO_DIRECT_EXPERIENCE"",""label"":""직접 확인한 경험 없음""},{""code"":""UNKNOWN"",""label"":""확인 불가""}]","false","{""field"":""SCOPE_MATCH"",""notIn"":[""MISMATCH"",""OTHER_OWNER"",""UNKNOWN""]}","{""departmentId"":""EX05"",""topicId"":""EX05-01""}","[]","미관찰을 전체 문제 없음으로 확대하지 않음. 해결됨이면 해결 기능·시점·범위를 기록.","[""P8"",""P9""]","조사·기획 가설 · 현업 정합성/타당성 미확인"
"SURVEY-EX05-EX05-01-BOTTLENECK_VALIDITY","v0.2","EX05","디지털기획처","EX05-01","3","BOTTLENECK_VALIDITY","제시한 병목 설명과 원인 가설이 실제 상황을 설명하는 데 타당합니까?","single_choice","[{""code"":""VALID"",""label"":""타당""},{""code"":""CONDITIONAL"",""label"":""조건부 타당""},{""code"":""INVALID"",""label"":""타당하지 않음""},{""code"":""UNKNOWN"",""label"":""판단자료 부족""}]","false","{""field"":""SCOPE_MATCH"",""notIn"":[""MISMATCH"",""OTHER_OWNER"",""UNKNOWN""]}","{""departmentId"":""EX05"",""topicId"":""EX05-01""}","[]","업무 담당 여부·현재 발생 상태·우선순위와 별도 판단. 제안 제품의 도입 찬반 질문이 아님.","[""P8"",""P9""]","조사·기획 가설 · 현업 정합성/타당성 미확인"
"SURVEY-EX05-EX05-01-VALIDITY_REASON","v0.2","EX05","디지털기획처","EX05-01","3","VALIDITY_REASON","정합성·발생 상태·타당성 판단의 이유와 고쳐야 할 내용을 작성해 주십시오.","long_text","[]","false","","{""departmentId"":""EX05"",""topicId"":""EX05-01""}","[]","맞는 부분 / 다른 부분 / 다른 원인 / 수정할 병목 문장 / 추가 확인 순서로 작성. 불일치·자료 부족도 유효한 응답.","[""P8"",""P9""]","조사·기획 가설 · 현업 정합성/타당성 미확인"
"SURVEY-EX05-EX05-01-EVIDENCE_BASIS","v0.2","EX05","디지털기획처","EX05-01","3","EVIDENCE_BASIS","판단에 사용한 근거는 무엇입니까?","multiple_choice","[{""code"":""EXPERIENCE"",""label"":""직접 처리 경험""},{""code"":""RECORD"",""label"":""기록·로그·문서""},{""code"":""EXPLANATION"",""label"":""다른 담당자의 설명""},{""code"":""PUBLIC"",""label"":""공개자료""},{""code"":""INFERENCE"",""label"":""추정·개인 의견""},{""code"":""NONE"",""label"":""별도 근거 미확보""}]","false","{""field"":""SCOPE_MATCH"",""notIn"":[""MISMATCH"",""OTHER_OWNER"",""UNKNOWN""]}","{""departmentId"":""EX05"",""topicId"":""EX05-01""}","[""NONE""]","경험과 기록은 함께 선택 가능. NONE은 다른 근거와 동시 선택하지 않음. 유형 선택만으로 검증 완료 처리하지 않음.","[""P8"",""P9""]","조사·기획 가설 · 현업 정합성/타당성 미확인"
"SURVEY-EX05-EX05-01-ACTUAL_CASE","v0.2","EX05","디지털기획처","EX05-01","3","ACTUAL_CASE","공유 가능한 사례가 있다면 언제·어느 단계·누구에게 어떤 결과나 부담이 발생했는지 작성해 주십시오.","long_text","[]","false","{""all"":[{""field"":""SCOPE_MATCH"",""notIn"":[""MISMATCH"",""OTHER_OWNER"",""UNKNOWN""]},{""field"":""CURRENT_STATE"",""in"":[""OBSERVED"",""CONDITIONAL""]}]}","{""departmentId"":""EX05"",""topicId"":""EX05-01""}","[]","가명 사건 유형·기간·빈도 근거·영향·현재 대응만 작성. 이름·차량번호·연락처·질병정보·원문 민원은 입력하지 않음. 수치는 실측/집계/추정을 구분.","[""P8"",""P9""]","조사·기획 가설 · 현업 정합성/타당성 미확인"
"SURVEY-EX05-EX05-01-COUNTER_EVIDENCE","v0.2","EX05","디지털기획처","EX05-01","3","COUNTER_EVIDENCE","문제 없이 완료했거나 제시한 설명과 다른 사례, 다른 원인이 있습니까?","long_text","[]","false","{""field"":""SCOPE_MATCH"",""notIn"":[""MISMATCH"",""OTHER_OWNER"",""UNKNOWN""]}","{""departmentId"":""EX05"",""topicId"":""EX05-01""}","[]","없음·직접 확인 못함도 작성 가능. 반대 사례와 소수 의견은 유지.","[""P8"",""P9""]","조사·기획 가설 · 현업 정합성/타당성 미확인"
"SURVEY-EX05-EX05-01-EXISTING_RESPONSE","v0.2","EX05","디지털기획처","EX05-01","3","EXISTING_RESPONSE","현재 시스템·AI·서식·규칙·협의절차로 해결하는 부분과 남는 문제는 무엇입니까?","long_text","[]","false","{""field"":""SCOPE_MATCH"",""notIn"":[""MISMATCH"",""OTHER_OWNER"",""UNKNOWN""]}","{""departmentId"":""EX05"",""topicId"":""EX05-01""}","[]","이미 충분히 해결된다면 해당 기능·조건·해결 시점을 작성. 기존 계약·추진 중인 사업과 겹치는 범위도 설명.","[""P8"",""P9""]","조사·기획 가설 · 현업 정합성/타당성 미확인"
"SURVEY-EX05-EX05-01-IMPROVEMENT_METHOD","v0.2","EX05","디지털기획처","EX05-01","3","IMPROVEMENT_METHOD","개선이 필요하다면 어떤 방식이 적절하다고 봅니까?","multiple_choice","[{""code"":""EXISTING"",""label"":""기존 기능·운영 개선""},{""code"":""DATA"",""label"":""자료·서식·식별키 정비""},{""code"":""RULE_API"",""label"":""정형 규칙·시스템 연계""},{""code"":""AI"",""label"":""NOA 등 AI 추가 적용""},{""code"":""INSTITUTION"",""label"":""인력·공급·재원·제도 개선""},{""code"":""NO_NEED"",""label"":""추가 개선 필요 없음""},{""code"":""UNKNOWN"",""label"":""판단자료 부족""}]","false","{""field"":""SCOPE_MATCH"",""notIn"":[""MISMATCH"",""OTHER_OWNER"",""UNKNOWN""]}","{""departmentId"":""EX05"",""topicId"":""EX05-01""}","[""NO_NEED"",""UNKNOWN""]","여러 개선 방식의 결합 가능. NO_NEED·UNKNOWN은 다른 방식과 동시에 선택하지 않음. AI 미선택 시 AI 세부 질문을 건너뜀.","[""P8"",""P9""]","조사·기획 가설 · 현업 정합성/타당성 미확인"
"SURVEY-EX05-EX05-01-AI_ADDED_VALUE","v0.2","EX05","디지털기획처","EX05-01","3","AI_ADDED_VALUE","NOA 등 AI를 추가하면 기존 도구·정형 개선으로 달성하기 어려운 어떤 결과를 얻을 수 있습니까?","long_text","[]","false","{""all"":[{""field"":""SCOPE_MATCH"",""notIn"":[""MISMATCH"",""OTHER_OWNER"",""UNKNOWN""]},{""field"":""IMPROVEMENT_METHOD"",""includes"":""AI""}]}","{""departmentId"":""EX05"",""topicId"":""EX05-01""}","[]","기능 이름보다 달라질 판단·수행·국민/기업 결과를 작성. 기대와 실제 입증을 구분.","[""P8"",""P9""]","조사·기획 가설 · 현업 정합성/타당성 미확인"
"SURVEY-EX05-EX05-01-FEASIBILITY_CONDITIONS","v0.2","EX05","디지털기획처","EX05-01","3","FEASIBILITY_CONDITIONS","추가 AI 적용을 위해 어떤 자료·연계·권한·전문 검수·운영조건을 확보해야 합니까?","long_text","[]","false","{""all"":[{""field"":""SCOPE_MATCH"",""notIn"":[""MISMATCH"",""OTHER_OWNER"",""UNKNOWN""]},{""field"":""IMPROVEMENT_METHOD"",""includes"":""AI""}]}","{""departmentId"":""EX05"",""topicId"":""EX05-01""}","[]","실제 설치본·사용권·기존 서버·조회/실행 경계·오류 복구·인수 역할 확인. 새로운 인프라 구매 없는 검토 전제.","[""P8"",""P9""]","조사·기획 가설 · 현업 정합성/타당성 미확인"
"SURVEY-EX05-EX05-01-RISK_AND_CONCERN","v0.2","EX05","디지털기획처","EX05-01","3","RISK_AND_CONCERN","제안 방식이 오판·과다 보완·정보 노출·추가 업무·이용자 배제 등을 일으킬 조건은 무엇입니까?","long_text","[]","false","{""field"":""SCOPE_MATCH"",""notIn"":[""MISMATCH"",""OTHER_OWNER"",""UNKNOWN""]}","{""departmentId"":""EX05"",""topicId"":""EX05-01""}","[]","문제 없다고 단정하지 않고 예상·관찰·미확인을 구분. AI 이외 개선의 우려도 작성.","[""P8"",""P9""]","조사·기획 가설 · 현업 정합성/타당성 미확인"
"SURVEY-EX05-EX05-01-EFFECT_AND_MEASUREMENT","v0.2","EX05","디지털기획처","EX05-01","3","EFFECT_AND_MEASUREMENT","제시한 효과 지표가 적절합니까? 실제 기록으로 확인할 결과와 측정하기 어려운 부분을 작성해 주십시오.","long_text","[]","false","{""field"":""SCOPE_MATCH"",""notIn"":[""MISMATCH"",""OTHER_OWNER"",""UNKNOWN""]}","{""departmentId"":""EX05"",""topicId"":""EX05-01""}","[]","분모·관측기간·비교조건·중요 오류·과잉처리·대기/활동시간을 구분. 개선율·목표값을 임의로 만들지 않음.","[""P8"",""P9""]","조사·기획 가설 · 현업 정합성/타당성 미확인"
"SURVEY-EX05-EX05-01-ALTERNATIVE_PROPOSAL","v0.2","EX05","디지털기획처","EX05-01","3","ALTERNATIVE_PROPOSAL","제안된 CCK 적용 방법을 수정·축소·제외하거나 다른 방법으로 해결할 의견이 있습니까?","long_text","[]","false","{""field"":""SCOPE_MATCH"",""notIn"":[""MISMATCH"",""OTHER_OWNER"",""UNKNOWN""]}","{""departmentId"":""EX05"",""topicId"":""EX05-01""}","[]","기존 기능으로 충분 / 정형 개선 우선 / 책임·권한 문제 / 대안과 필요한 조건 등 자유 작성.","[""P8"",""P9""]","조사·기획 가설 · 현업 정합성/타당성 미확인"
"SURVEY-EX05-EX05-01-PRIORITY_REASON","v0.2","EX05","디지털기획처","EX05-01","3","PRIORITY_REASON","이 문제를 다른 업무와 비교하여 왜 먼저 검토하거나 뒤로 미루어야 합니까?","long_text","[]","false","{""field"":""SCOPE_MATCH"",""notIn"":[""MISMATCH"",""OTHER_OWNER"",""UNKNOWN""]}","{""departmentId"":""EX05"",""topicId"":""EX05-01""}","[]","안전·국민/기업 편익·빈도·심각도·가용 자료·실행조건을 근거로 설명. 개선 필요 없음도 가능. 자동 점수 합산으로 사업 선정하지 않음.","[""P8"",""P9""]","조사·기획 가설 · 현업 정합성/타당성 미확인"
"SURVEY-EX05-COMMON-OTHER_WORK_DIFFICULTY","v0.2","EX05","디지털기획처","COMMON","4","OTHER_WORK_DIFFICULTY","제시된 병목 외에 업무처리나 정확한 판단을 어렵게 만드는 지점은 무엇입니까?","long_text","[]","false","","{""departmentId"":""EX05"",""topicId"":""COMMON""}","[]","업무 / 발생 단계 / 대상 / 현재 대응 / 남는 문제 / 근거를 작성. 없음·담당 아님·미확인도 명시 가능.","[""CCK-NOA"",""CTX-01"",""BOUNDARY-01""]","공통 설명·추가 의견"
"SURVEY-EX05-COMMON-PUBLIC_SERVICE_ISSUE","v0.2","EX05","디지털기획처","COMMON","4","PUBLIC_SERVICE_ISSUE","국민·기업이 안전·검사·자격·교통 서비스를 이용할 때 추가로 겪는 불편이나 권익 문제는 무엇입니까?","long_text","[]","false","","{""departmentId"":""EX05"",""topicId"":""COMMON""}","[]","대상자 / 원하는 결과 / 현재 경로 / 반복 설명·보완·방문·접근성 / 확인 근거. 현업의 추정과 이용자의 직접 의견을 구분.","[""CCK-NOA"",""CTX-01"",""BOUNDARY-01""]","공통 설명·추가 의견"
"SURVEY-EX05-COMMON-NEW_PROBLEM","v0.2","EX05","디지털기획처","COMMON","4","NEW_PROBLEM","이번 조사에서 빠진 문제나 다른 원인 설명이 있다면 작성해 주십시오.","long_text","[]","false","","{""departmentId"":""EX05"",""topicId"":""COMMON""}","[]","기존 병목의 수정인지 별도 문제인지, 소관 후보·현재 대응·우선 이유를 설명. 없으면 없음으로 작성.","[""CCK-NOA"",""CTX-01"",""BOUNDARY-01""]","공통 설명·추가 의견"
"SURVEY-EX05-COMMON-AX_EXPANSION_OPINION","v0.2","EX05","디지털기획처","COMMON","4","AX_EXPANSION_OPINION","현재 플랫폼을 확대한다면 어떤 업무의 어떤 결과를 우선 개선해야 합니까?","long_text","[]","false","","{""departmentId"":""EX05"",""topicId"":""COMMON""}","[]","현재 기능 → 남는 어려움 → 필요한 새 능력 → 업무·역할 변화 → 기관/국민 편익. 확대 불필요·비AI 대안도 가능.","[""CCK-NOA"",""CTX-01"",""BOUNDARY-01""]","공통 설명·추가 의견"
"SURVEY-EX05-COMMON-EXPANSION_LIMIT","v0.2","EX05","디지털기획처","COMMON","4","EXPANSION_LIMIT","별도 전문시스템이나 권한자의 판단에 남겨야 할 범위와 확대 제약은 무엇입니까?","long_text","[]","false","","{""departmentId"":""EX05"",""topicId"":""COMMON""}","[]","공식 안전·자격·의료·처분·승인/지급 책임, 자료 이용·운영·비용 조건을 설명. 실행본 확인은 제품 담당 보충지 S01~S04와 연결.","[""CCK-NOA"",""CTX-01"",""BOUNDARY-01""]","공통 설명·추가 의견"
"SURVEY-EX06-COMMON-ROLE","v0.2","EX06","AI혁신처","COMMON","2","ROLE","이번 의견을 작성하는 업무 역할은 무엇입니까?","single_choice","[{""code"":""WORK"",""label"":""업무 담당""},{""code"":""REVIEW"",""label"":""검토·승인""},{""code"":""PLANNING"",""label"":""기획·성과""},{""code"":""TECH"",""label"":""정보화·제품·운영""},{""code"":""SECURITY"",""label"":""자료·보안""},{""code"":""OTHER"",""label"":""그 밖의 역할""},{""code"":""UNKNOWN"",""label"":""역할 설명 보완 필요""}]","false","","{""departmentId"":""EX06"",""topicId"":""COMMON""}","[]","실명·연락처 대신 역할만 작성. 담당 처는 해당 양식에서 지정.","[""CCK-NOA"",""CTX-01"",""BOUNDARY-01""]","공통 설명·추가 의견"
"SURVEY-EX06-COMMON-POSITION","v0.2","EX06","AI혁신처","COMMON","2","POSITION","이 응답은 어떤 범위의 의견입니까?","single_choice","[{""code"":""INDIVIDUAL"",""label"":""개인의 업무 경험·의견""},{""code"":""CONSULTED"",""label"":""부서 내 확인을 거친 의견""},{""code"":""OFFICIAL"",""label"":""권한자가 확인한 공식 회신""},{""code"":""UNKNOWN"",""label"":""범위 미확인""}]","false","","{""departmentId"":""EX06"",""topicId"":""COMMON""}","[]","공식 회신 선택만으로 도입·예산·자료 이용승인이 생기는 것은 아님. 확인 근거는 별도 검토.","[""CCK-NOA"",""CTX-01"",""BOUNDARY-01""]","공통 설명·추가 의견"
"SURVEY-EX06-COMMON-CURRENT_USE","v0.2","EX06","AI혁신처","COMMON","2","CURRENT_USE","현재 NOA 또는 AI 공통플랫폼을 어떤 업무에 사용하거나 확인하고 있습니까? 사용하지 않거나 기능을 모르는 경우도 작성해 주십시오.","long_text","[]","false","","{""departmentId"":""EX06"",""topicId"":""COMMON""}","[]","실제 사용 기능·업무·남는 어려움 중심. 제공된 제품 소개를 실제 설치본 기능으로 옮겨 적지 않음.","[""CCK-NOA"",""CTX-01"",""BOUNDARY-01""]","공통 설명·추가 의견"
"SURVEY-EX06-EX06-01-SCOPE_MATCH","v0.2","EX06","AI혁신처","EX06-01","3","SCOPE_MATCH","제시한 업무·대상·처리단계가 귀 처의 실제 담당 범위와 일치합니까?","single_choice","[{""code"":""MATCH"",""label"":""일치""},{""code"":""PARTIAL"",""label"":""일부 수정 필요""},{""code"":""MISMATCH"",""label"":""현재 업무와 불일치""},{""code"":""OTHER_OWNER"",""label"":""다른 부서·기관 소관""},{""code"":""UNKNOWN"",""label"":""판단자료 부족""}]","false","","{""departmentId"":""EX06"",""topicId"":""EX06-01""}","[]","조직명 일치와 실제 수행·결정권한은 구분. 다른 소관이면 수정 의견만 선택 작성.","[""P8""]","조사·기획 가설 · 현업 정합성/타당성 미확인"
"SURVEY-EX06-EX06-01-CURRENT_STATE","v0.2","EX06","AI혁신처","EX06-01","3","CURRENT_STATE","제시한 병목이 현재 발생하는지 어떤 상태로 확인하고 있습니까?","single_choice","[{""code"":""OBSERVED"",""label"":""현재 발생 확인""},{""code"":""CONDITIONAL"",""label"":""특정 조건에서 발생 확인""},{""code"":""RESOLVED"",""label"":""과거 발생했으나 해결됨""},{""code"":""NO_PROBLEM_OBSERVED"",""label"":""확인한 범위에서 발생하지 않음""},{""code"":""NO_DIRECT_EXPERIENCE"",""label"":""직접 확인한 경험 없음""},{""code"":""UNKNOWN"",""label"":""확인 불가""}]","false","{""field"":""SCOPE_MATCH"",""notIn"":[""MISMATCH"",""OTHER_OWNER"",""UNKNOWN""]}","{""departmentId"":""EX06"",""topicId"":""EX06-01""}","[]","미관찰을 전체 문제 없음으로 확대하지 않음. 해결됨이면 해결 기능·시점·범위를 기록.","[""P8""]","조사·기획 가설 · 현업 정합성/타당성 미확인"
"SURVEY-EX06-EX06-01-BOTTLENECK_VALIDITY","v0.2","EX06","AI혁신처","EX06-01","3","BOTTLENECK_VALIDITY","제시한 병목 설명과 원인 가설이 실제 상황을 설명하는 데 타당합니까?","single_choice","[{""code"":""VALID"",""label"":""타당""},{""code"":""CONDITIONAL"",""label"":""조건부 타당""},{""code"":""INVALID"",""label"":""타당하지 않음""},{""code"":""UNKNOWN"",""label"":""판단자료 부족""}]","false","{""field"":""SCOPE_MATCH"",""notIn"":[""MISMATCH"",""OTHER_OWNER"",""UNKNOWN""]}","{""departmentId"":""EX06"",""topicId"":""EX06-01""}","[]","업무 담당 여부·현재 발생 상태·우선순위와 별도 판단. 제안 제품의 도입 찬반 질문이 아님.","[""P8""]","조사·기획 가설 · 현업 정합성/타당성 미확인"
"SURVEY-EX06-EX06-01-VALIDITY_REASON","v0.2","EX06","AI혁신처","EX06-01","3","VALIDITY_REASON","정합성·발생 상태·타당성 판단의 이유와 고쳐야 할 내용을 작성해 주십시오.","long_text","[]","false","","{""departmentId"":""EX06"",""topicId"":""EX06-01""}","[]","맞는 부분 / 다른 부분 / 다른 원인 / 수정할 병목 문장 / 추가 확인 순서로 작성. 불일치·자료 부족도 유효한 응답.","[""P8""]","조사·기획 가설 · 현업 정합성/타당성 미확인"
"SURVEY-EX06-EX06-01-EVIDENCE_BASIS","v0.2","EX06","AI혁신처","EX06-01","3","EVIDENCE_BASIS","판단에 사용한 근거는 무엇입니까?","multiple_choice","[{""code"":""EXPERIENCE"",""label"":""직접 처리 경험""},{""code"":""RECORD"",""label"":""기록·로그·문서""},{""code"":""EXPLANATION"",""label"":""다른 담당자의 설명""},{""code"":""PUBLIC"",""label"":""공개자료""},{""code"":""INFERENCE"",""label"":""추정·개인 의견""},{""code"":""NONE"",""label"":""별도 근거 미확보""}]","false","{""field"":""SCOPE_MATCH"",""notIn"":[""MISMATCH"",""OTHER_OWNER"",""UNKNOWN""]}","{""departmentId"":""EX06"",""topicId"":""EX06-01""}","[""NONE""]","경험과 기록은 함께 선택 가능. NONE은 다른 근거와 동시 선택하지 않음. 유형 선택만으로 검증 완료 처리하지 않음.","[""P8""]","조사·기획 가설 · 현업 정합성/타당성 미확인"
"SURVEY-EX06-EX06-01-ACTUAL_CASE","v0.2","EX06","AI혁신처","EX06-01","3","ACTUAL_CASE","공유 가능한 사례가 있다면 언제·어느 단계·누구에게 어떤 결과나 부담이 발생했는지 작성해 주십시오.","long_text","[]","false","{""all"":[{""field"":""SCOPE_MATCH"",""notIn"":[""MISMATCH"",""OTHER_OWNER"",""UNKNOWN""]},{""field"":""CURRENT_STATE"",""in"":[""OBSERVED"",""CONDITIONAL""]}]}","{""departmentId"":""EX06"",""topicId"":""EX06-01""}","[]","가명 사건 유형·기간·빈도 근거·영향·현재 대응만 작성. 이름·차량번호·연락처·질병정보·원문 민원은 입력하지 않음. 수치는 실측/집계/추정을 구분.","[""P8""]","조사·기획 가설 · 현업 정합성/타당성 미확인"
"SURVEY-EX06-EX06-01-COUNTER_EVIDENCE","v0.2","EX06","AI혁신처","EX06-01","3","COUNTER_EVIDENCE","문제 없이 완료했거나 제시한 설명과 다른 사례, 다른 원인이 있습니까?","long_text","[]","false","{""field"":""SCOPE_MATCH"",""notIn"":[""MISMATCH"",""OTHER_OWNER"",""UNKNOWN""]}","{""departmentId"":""EX06"",""topicId"":""EX06-01""}","[]","없음·직접 확인 못함도 작성 가능. 반대 사례와 소수 의견은 유지.","[""P8""]","조사·기획 가설 · 현업 정합성/타당성 미확인"
"SURVEY-EX06-EX06-01-EXISTING_RESPONSE","v0.2","EX06","AI혁신처","EX06-01","3","EXISTING_RESPONSE","현재 시스템·AI·서식·규칙·협의절차로 해결하는 부분과 남는 문제는 무엇입니까?","long_text","[]","false","{""field"":""SCOPE_MATCH"",""notIn"":[""MISMATCH"",""OTHER_OWNER"",""UNKNOWN""]}","{""departmentId"":""EX06"",""topicId"":""EX06-01""}","[]","이미 충분히 해결된다면 해당 기능·조건·해결 시점을 작성. 기존 계약·추진 중인 사업과 겹치는 범위도 설명.","[""P8""]","조사·기획 가설 · 현업 정합성/타당성 미확인"
"SURVEY-EX06-EX06-01-IMPROVEMENT_METHOD","v0.2","EX06","AI혁신처","EX06-01","3","IMPROVEMENT_METHOD","개선이 필요하다면 어떤 방식이 적절하다고 봅니까?","multiple_choice","[{""code"":""EXISTING"",""label"":""기존 기능·운영 개선""},{""code"":""DATA"",""label"":""자료·서식·식별키 정비""},{""code"":""RULE_API"",""label"":""정형 규칙·시스템 연계""},{""code"":""AI"",""label"":""NOA 등 AI 추가 적용""},{""code"":""INSTITUTION"",""label"":""인력·공급·재원·제도 개선""},{""code"":""NO_NEED"",""label"":""추가 개선 필요 없음""},{""code"":""UNKNOWN"",""label"":""판단자료 부족""}]","false","{""field"":""SCOPE_MATCH"",""notIn"":[""MISMATCH"",""OTHER_OWNER"",""UNKNOWN""]}","{""departmentId"":""EX06"",""topicId"":""EX06-01""}","[""NO_NEED"",""UNKNOWN""]","여러 개선 방식의 결합 가능. NO_NEED·UNKNOWN은 다른 방식과 동시에 선택하지 않음. AI 미선택 시 AI 세부 질문을 건너뜀.","[""P8""]","조사·기획 가설 · 현업 정합성/타당성 미확인"
"SURVEY-EX06-EX06-01-AI_ADDED_VALUE","v0.2","EX06","AI혁신처","EX06-01","3","AI_ADDED_VALUE","NOA 등 AI를 추가하면 기존 도구·정형 개선으로 달성하기 어려운 어떤 결과를 얻을 수 있습니까?","long_text","[]","false","{""all"":[{""field"":""SCOPE_MATCH"",""notIn"":[""MISMATCH"",""OTHER_OWNER"",""UNKNOWN""]},{""field"":""IMPROVEMENT_METHOD"",""includes"":""AI""}]}","{""departmentId"":""EX06"",""topicId"":""EX06-01""}","[]","기능 이름보다 달라질 판단·수행·국민/기업 결과를 작성. 기대와 실제 입증을 구분.","[""P8""]","조사·기획 가설 · 현업 정합성/타당성 미확인"
"SURVEY-EX06-EX06-01-FEASIBILITY_CONDITIONS","v0.2","EX06","AI혁신처","EX06-01","3","FEASIBILITY_CONDITIONS","추가 AI 적용을 위해 어떤 자료·연계·권한·전문 검수·운영조건을 확보해야 합니까?","long_text","[]","false","{""all"":[{""field"":""SCOPE_MATCH"",""notIn"":[""MISMATCH"",""OTHER_OWNER"",""UNKNOWN""]},{""field"":""IMPROVEMENT_METHOD"",""includes"":""AI""}]}","{""departmentId"":""EX06"",""topicId"":""EX06-01""}","[]","실제 설치본·사용권·기존 서버·조회/실행 경계·오류 복구·인수 역할 확인. 새로운 인프라 구매 없는 검토 전제.","[""P8""]","조사·기획 가설 · 현업 정합성/타당성 미확인"
"SURVEY-EX06-EX06-01-RISK_AND_CONCERN","v0.2","EX06","AI혁신처","EX06-01","3","RISK_AND_CONCERN","제안 방식이 오판·과다 보완·정보 노출·추가 업무·이용자 배제 등을 일으킬 조건은 무엇입니까?","long_text","[]","false","{""field"":""SCOPE_MATCH"",""notIn"":[""MISMATCH"",""OTHER_OWNER"",""UNKNOWN""]}","{""departmentId"":""EX06"",""topicId"":""EX06-01""}","[]","문제 없다고 단정하지 않고 예상·관찰·미확인을 구분. AI 이외 개선의 우려도 작성.","[""P8""]","조사·기획 가설 · 현업 정합성/타당성 미확인"
"SURVEY-EX06-EX06-01-EFFECT_AND_MEASUREMENT","v0.2","EX06","AI혁신처","EX06-01","3","EFFECT_AND_MEASUREMENT","제시한 효과 지표가 적절합니까? 실제 기록으로 확인할 결과와 측정하기 어려운 부분을 작성해 주십시오.","long_text","[]","false","{""field"":""SCOPE_MATCH"",""notIn"":[""MISMATCH"",""OTHER_OWNER"",""UNKNOWN""]}","{""departmentId"":""EX06"",""topicId"":""EX06-01""}","[]","분모·관측기간·비교조건·중요 오류·과잉처리·대기/활동시간을 구분. 개선율·목표값을 임의로 만들지 않음.","[""P8""]","조사·기획 가설 · 현업 정합성/타당성 미확인"
"SURVEY-EX06-EX06-01-ALTERNATIVE_PROPOSAL","v0.2","EX06","AI혁신처","EX06-01","3","ALTERNATIVE_PROPOSAL","제안된 CCK 적용 방법을 수정·축소·제외하거나 다른 방법으로 해결할 의견이 있습니까?","long_text","[]","false","{""field"":""SCOPE_MATCH"",""notIn"":[""MISMATCH"",""OTHER_OWNER"",""UNKNOWN""]}","{""departmentId"":""EX06"",""topicId"":""EX06-01""}","[]","기존 기능으로 충분 / 정형 개선 우선 / 책임·권한 문제 / 대안과 필요한 조건 등 자유 작성.","[""P8""]","조사·기획 가설 · 현업 정합성/타당성 미확인"
"SURVEY-EX06-EX06-01-PRIORITY_REASON","v0.2","EX06","AI혁신처","EX06-01","3","PRIORITY_REASON","이 문제를 다른 업무와 비교하여 왜 먼저 검토하거나 뒤로 미루어야 합니까?","long_text","[]","false","{""field"":""SCOPE_MATCH"",""notIn"":[""MISMATCH"",""OTHER_OWNER"",""UNKNOWN""]}","{""departmentId"":""EX06"",""topicId"":""EX06-01""}","[]","안전·국민/기업 편익·빈도·심각도·가용 자료·실행조건을 근거로 설명. 개선 필요 없음도 가능. 자동 점수 합산으로 사업 선정하지 않음.","[""P8""]","조사·기획 가설 · 현업 정합성/타당성 미확인"
"SURVEY-EX06-COMMON-OTHER_WORK_DIFFICULTY","v0.2","EX06","AI혁신처","COMMON","4","OTHER_WORK_DIFFICULTY","제시된 병목 외에 업무처리나 정확한 판단을 어렵게 만드는 지점은 무엇입니까?","long_text","[]","false","","{""departmentId"":""EX06"",""topicId"":""COMMON""}","[]","업무 / 발생 단계 / 대상 / 현재 대응 / 남는 문제 / 근거를 작성. 없음·담당 아님·미확인도 명시 가능.","[""CCK-NOA"",""CTX-01"",""BOUNDARY-01""]","공통 설명·추가 의견"
"SURVEY-EX06-COMMON-PUBLIC_SERVICE_ISSUE","v0.2","EX06","AI혁신처","COMMON","4","PUBLIC_SERVICE_ISSUE","국민·기업이 안전·검사·자격·교통 서비스를 이용할 때 추가로 겪는 불편이나 권익 문제는 무엇입니까?","long_text","[]","false","","{""departmentId"":""EX06"",""topicId"":""COMMON""}","[]","대상자 / 원하는 결과 / 현재 경로 / 반복 설명·보완·방문·접근성 / 확인 근거. 현업의 추정과 이용자의 직접 의견을 구분.","[""CCK-NOA"",""CTX-01"",""BOUNDARY-01""]","공통 설명·추가 의견"
"SURVEY-EX06-COMMON-NEW_PROBLEM","v0.2","EX06","AI혁신처","COMMON","4","NEW_PROBLEM","이번 조사에서 빠진 문제나 다른 원인 설명이 있다면 작성해 주십시오.","long_text","[]","false","","{""departmentId"":""EX06"",""topicId"":""COMMON""}","[]","기존 병목의 수정인지 별도 문제인지, 소관 후보·현재 대응·우선 이유를 설명. 없으면 없음으로 작성.","[""CCK-NOA"",""CTX-01"",""BOUNDARY-01""]","공통 설명·추가 의견"
"SURVEY-EX06-COMMON-AX_EXPANSION_OPINION","v0.2","EX06","AI혁신처","COMMON","4","AX_EXPANSION_OPINION","현재 플랫폼을 확대한다면 어떤 업무의 어떤 결과를 우선 개선해야 합니까?","long_text","[]","false","","{""departmentId"":""EX06"",""topicId"":""COMMON""}","[]","현재 기능 → 남는 어려움 → 필요한 새 능력 → 업무·역할 변화 → 기관/국민 편익. 확대 불필요·비AI 대안도 가능.","[""CCK-NOA"",""CTX-01"",""BOUNDARY-01""]","공통 설명·추가 의견"
"SURVEY-EX06-COMMON-EXPANSION_LIMIT","v0.2","EX06","AI혁신처","COMMON","4","EXPANSION_LIMIT","별도 전문시스템이나 권한자의 판단에 남겨야 할 범위와 확대 제약은 무엇입니까?","long_text","[]","false","","{""departmentId"":""EX06"",""topicId"":""COMMON""}","[]","공식 안전·자격·의료·처분·승인/지급 책임, 자료 이용·운영·비용 조건을 설명. 실행본 확인은 제품 담당 보충지 S01~S04와 연결.","[""CCK-NOA"",""CTX-01"",""BOUNDARY-01""]","공통 설명·추가 의견"
"SURVEY-EX07-COMMON-ROLE","v0.2","EX07","정보보안처","COMMON","2","ROLE","이번 의견을 작성하는 업무 역할은 무엇입니까?","single_choice","[{""code"":""WORK"",""label"":""업무 담당""},{""code"":""REVIEW"",""label"":""검토·승인""},{""code"":""PLANNING"",""label"":""기획·성과""},{""code"":""TECH"",""label"":""정보화·제품·운영""},{""code"":""SECURITY"",""label"":""자료·보안""},{""code"":""OTHER"",""label"":""그 밖의 역할""},{""code"":""UNKNOWN"",""label"":""역할 설명 보완 필요""}]","false","","{""departmentId"":""EX07"",""topicId"":""COMMON""}","[]","실명·연락처 대신 역할만 작성. 담당 처는 해당 양식에서 지정.","[""CCK-NOA"",""CTX-01"",""BOUNDARY-01""]","공통 설명·추가 의견"
"SURVEY-EX07-COMMON-POSITION","v0.2","EX07","정보보안처","COMMON","2","POSITION","이 응답은 어떤 범위의 의견입니까?","single_choice","[{""code"":""INDIVIDUAL"",""label"":""개인의 업무 경험·의견""},{""code"":""CONSULTED"",""label"":""부서 내 확인을 거친 의견""},{""code"":""OFFICIAL"",""label"":""권한자가 확인한 공식 회신""},{""code"":""UNKNOWN"",""label"":""범위 미확인""}]","false","","{""departmentId"":""EX07"",""topicId"":""COMMON""}","[]","공식 회신 선택만으로 도입·예산·자료 이용승인이 생기는 것은 아님. 확인 근거는 별도 검토.","[""CCK-NOA"",""CTX-01"",""BOUNDARY-01""]","공통 설명·추가 의견"
"SURVEY-EX07-COMMON-CURRENT_USE","v0.2","EX07","정보보안처","COMMON","2","CURRENT_USE","현재 NOA 또는 AI 공통플랫폼을 어떤 업무에 사용하거나 확인하고 있습니까? 사용하지 않거나 기능을 모르는 경우도 작성해 주십시오.","long_text","[]","false","","{""departmentId"":""EX07"",""topicId"":""COMMON""}","[]","실제 사용 기능·업무·남는 어려움 중심. 제공된 제품 소개를 실제 설치본 기능으로 옮겨 적지 않음.","[""CCK-NOA"",""CTX-01"",""BOUNDARY-01""]","공통 설명·추가 의견"
"SURVEY-EX07-EX07-01-SCOPE_MATCH","v0.2","EX07","정보보안처","EX07-01","3","SCOPE_MATCH","제시한 업무·대상·처리단계가 귀 처의 실제 담당 범위와 일치합니까?","single_choice","[{""code"":""MATCH"",""label"":""일치""},{""code"":""PARTIAL"",""label"":""일부 수정 필요""},{""code"":""MISMATCH"",""label"":""현재 업무와 불일치""},{""code"":""OTHER_OWNER"",""label"":""다른 부서·기관 소관""},{""code"":""UNKNOWN"",""label"":""판단자료 부족""}]","false","","{""departmentId"":""EX07"",""topicId"":""EX07-01""}","[]","조직명 일치와 실제 수행·결정권한은 구분. 다른 소관이면 수정 의견만 선택 작성.","[""P9"",""P10""]","조사·기획 가설 · 현업 정합성/타당성 미확인"
"SURVEY-EX07-EX07-01-CURRENT_STATE","v0.2","EX07","정보보안처","EX07-01","3","CURRENT_STATE","제시한 병목이 현재 발생하는지 어떤 상태로 확인하고 있습니까?","single_choice","[{""code"":""OBSERVED"",""label"":""현재 발생 확인""},{""code"":""CONDITIONAL"",""label"":""특정 조건에서 발생 확인""},{""code"":""RESOLVED"",""label"":""과거 발생했으나 해결됨""},{""code"":""NO_PROBLEM_OBSERVED"",""label"":""확인한 범위에서 발생하지 않음""},{""code"":""NO_DIRECT_EXPERIENCE"",""label"":""직접 확인한 경험 없음""},{""code"":""UNKNOWN"",""label"":""확인 불가""}]","false","{""field"":""SCOPE_MATCH"",""notIn"":[""MISMATCH"",""OTHER_OWNER"",""UNKNOWN""]}","{""departmentId"":""EX07"",""topicId"":""EX07-01""}","[]","미관찰을 전체 문제 없음으로 확대하지 않음. 해결됨이면 해결 기능·시점·범위를 기록.","[""P9"",""P10""]","조사·기획 가설 · 현업 정합성/타당성 미확인"
"SURVEY-EX07-EX07-01-BOTTLENECK_VALIDITY","v0.2","EX07","정보보안처","EX07-01","3","BOTTLENECK_VALIDITY","제시한 병목 설명과 원인 가설이 실제 상황을 설명하는 데 타당합니까?","single_choice","[{""code"":""VALID"",""label"":""타당""},{""code"":""CONDITIONAL"",""label"":""조건부 타당""},{""code"":""INVALID"",""label"":""타당하지 않음""},{""code"":""UNKNOWN"",""label"":""판단자료 부족""}]","false","{""field"":""SCOPE_MATCH"",""notIn"":[""MISMATCH"",""OTHER_OWNER"",""UNKNOWN""]}","{""departmentId"":""EX07"",""topicId"":""EX07-01""}","[]","업무 담당 여부·현재 발생 상태·우선순위와 별도 판단. 제안 제품의 도입 찬반 질문이 아님.","[""P9"",""P10""]","조사·기획 가설 · 현업 정합성/타당성 미확인"
"SURVEY-EX07-EX07-01-VALIDITY_REASON","v0.2","EX07","정보보안처","EX07-01","3","VALIDITY_REASON","정합성·발생 상태·타당성 판단의 이유와 고쳐야 할 내용을 작성해 주십시오.","long_text","[]","false","","{""departmentId"":""EX07"",""topicId"":""EX07-01""}","[]","맞는 부분 / 다른 부분 / 다른 원인 / 수정할 병목 문장 / 추가 확인 순서로 작성. 불일치·자료 부족도 유효한 응답.","[""P9"",""P10""]","조사·기획 가설 · 현업 정합성/타당성 미확인"
"SURVEY-EX07-EX07-01-EVIDENCE_BASIS","v0.2","EX07","정보보안처","EX07-01","3","EVIDENCE_BASIS","판단에 사용한 근거는 무엇입니까?","multiple_choice","[{""code"":""EXPERIENCE"",""label"":""직접 처리 경험""},{""code"":""RECORD"",""label"":""기록·로그·문서""},{""code"":""EXPLANATION"",""label"":""다른 담당자의 설명""},{""code"":""PUBLIC"",""label"":""공개자료""},{""code"":""INFERENCE"",""label"":""추정·개인 의견""},{""code"":""NONE"",""label"":""별도 근거 미확보""}]","false","{""field"":""SCOPE_MATCH"",""notIn"":[""MISMATCH"",""OTHER_OWNER"",""UNKNOWN""]}","{""departmentId"":""EX07"",""topicId"":""EX07-01""}","[""NONE""]","경험과 기록은 함께 선택 가능. NONE은 다른 근거와 동시 선택하지 않음. 유형 선택만으로 검증 완료 처리하지 않음.","[""P9"",""P10""]","조사·기획 가설 · 현업 정합성/타당성 미확인"
"SURVEY-EX07-EX07-01-ACTUAL_CASE","v0.2","EX07","정보보안처","EX07-01","3","ACTUAL_CASE","공유 가능한 사례가 있다면 언제·어느 단계·누구에게 어떤 결과나 부담이 발생했는지 작성해 주십시오.","long_text","[]","false","{""all"":[{""field"":""SCOPE_MATCH"",""notIn"":[""MISMATCH"",""OTHER_OWNER"",""UNKNOWN""]},{""field"":""CURRENT_STATE"",""in"":[""OBSERVED"",""CONDITIONAL""]}]}","{""departmentId"":""EX07"",""topicId"":""EX07-01""}","[]","가명 사건 유형·기간·빈도 근거·영향·현재 대응만 작성. 이름·차량번호·연락처·질병정보·원문 민원은 입력하지 않음. 수치는 실측/집계/추정을 구분.","[""P9"",""P10""]","조사·기획 가설 · 현업 정합성/타당성 미확인"
"SURVEY-EX07-EX07-01-COUNTER_EVIDENCE","v0.2","EX07","정보보안처","EX07-01","3","COUNTER_EVIDENCE","문제 없이 완료했거나 제시한 설명과 다른 사례, 다른 원인이 있습니까?","long_text","[]","false","{""field"":""SCOPE_MATCH"",""notIn"":[""MISMATCH"",""OTHER_OWNER"",""UNKNOWN""]}","{""departmentId"":""EX07"",""topicId"":""EX07-01""}","[]","없음·직접 확인 못함도 작성 가능. 반대 사례와 소수 의견은 유지.","[""P9"",""P10""]","조사·기획 가설 · 현업 정합성/타당성 미확인"
"SURVEY-EX07-EX07-01-EXISTING_RESPONSE","v0.2","EX07","정보보안처","EX07-01","3","EXISTING_RESPONSE","현재 시스템·AI·서식·규칙·협의절차로 해결하는 부분과 남는 문제는 무엇입니까?","long_text","[]","false","{""field"":""SCOPE_MATCH"",""notIn"":[""MISMATCH"",""OTHER_OWNER"",""UNKNOWN""]}","{""departmentId"":""EX07"",""topicId"":""EX07-01""}","[]","이미 충분히 해결된다면 해당 기능·조건·해결 시점을 작성. 기존 계약·추진 중인 사업과 겹치는 범위도 설명.","[""P9"",""P10""]","조사·기획 가설 · 현업 정합성/타당성 미확인"
"SURVEY-EX07-EX07-01-IMPROVEMENT_METHOD","v0.2","EX07","정보보안처","EX07-01","3","IMPROVEMENT_METHOD","개선이 필요하다면 어떤 방식이 적절하다고 봅니까?","multiple_choice","[{""code"":""EXISTING"",""label"":""기존 기능·운영 개선""},{""code"":""DATA"",""label"":""자료·서식·식별키 정비""},{""code"":""RULE_API"",""label"":""정형 규칙·시스템 연계""},{""code"":""AI"",""label"":""NOA 등 AI 추가 적용""},{""code"":""INSTITUTION"",""label"":""인력·공급·재원·제도 개선""},{""code"":""NO_NEED"",""label"":""추가 개선 필요 없음""},{""code"":""UNKNOWN"",""label"":""판단자료 부족""}]","false","{""field"":""SCOPE_MATCH"",""notIn"":[""MISMATCH"",""OTHER_OWNER"",""UNKNOWN""]}","{""departmentId"":""EX07"",""topicId"":""EX07-01""}","[""NO_NEED"",""UNKNOWN""]","여러 개선 방식의 결합 가능. NO_NEED·UNKNOWN은 다른 방식과 동시에 선택하지 않음. AI 미선택 시 AI 세부 질문을 건너뜀.","[""P9"",""P10""]","조사·기획 가설 · 현업 정합성/타당성 미확인"
"SURVEY-EX07-EX07-01-AI_ADDED_VALUE","v0.2","EX07","정보보안처","EX07-01","3","AI_ADDED_VALUE","NOA 등 AI를 추가하면 기존 도구·정형 개선으로 달성하기 어려운 어떤 결과를 얻을 수 있습니까?","long_text","[]","false","{""all"":[{""field"":""SCOPE_MATCH"",""notIn"":[""MISMATCH"",""OTHER_OWNER"",""UNKNOWN""]},{""field"":""IMPROVEMENT_METHOD"",""includes"":""AI""}]}","{""departmentId"":""EX07"",""topicId"":""EX07-01""}","[]","기능 이름보다 달라질 판단·수행·국민/기업 결과를 작성. 기대와 실제 입증을 구분.","[""P9"",""P10""]","조사·기획 가설 · 현업 정합성/타당성 미확인"
"SURVEY-EX07-EX07-01-FEASIBILITY_CONDITIONS","v0.2","EX07","정보보안처","EX07-01","3","FEASIBILITY_CONDITIONS","추가 AI 적용을 위해 어떤 자료·연계·권한·전문 검수·운영조건을 확보해야 합니까?","long_text","[]","false","{""all"":[{""field"":""SCOPE_MATCH"",""notIn"":[""MISMATCH"",""OTHER_OWNER"",""UNKNOWN""]},{""field"":""IMPROVEMENT_METHOD"",""includes"":""AI""}]}","{""departmentId"":""EX07"",""topicId"":""EX07-01""}","[]","실제 설치본·사용권·기존 서버·조회/실행 경계·오류 복구·인수 역할 확인. 새로운 인프라 구매 없는 검토 전제.","[""P9"",""P10""]","조사·기획 가설 · 현업 정합성/타당성 미확인"
"SURVEY-EX07-EX07-01-RISK_AND_CONCERN","v0.2","EX07","정보보안처","EX07-01","3","RISK_AND_CONCERN","제안 방식이 오판·과다 보완·정보 노출·추가 업무·이용자 배제 등을 일으킬 조건은 무엇입니까?","long_text","[]","false","{""field"":""SCOPE_MATCH"",""notIn"":[""MISMATCH"",""OTHER_OWNER"",""UNKNOWN""]}","{""departmentId"":""EX07"",""topicId"":""EX07-01""}","[]","문제 없다고 단정하지 않고 예상·관찰·미확인을 구분. AI 이외 개선의 우려도 작성.","[""P9"",""P10""]","조사·기획 가설 · 현업 정합성/타당성 미확인"
"SURVEY-EX07-EX07-01-EFFECT_AND_MEASUREMENT","v0.2","EX07","정보보안처","EX07-01","3","EFFECT_AND_MEASUREMENT","제시한 효과 지표가 적절합니까? 실제 기록으로 확인할 결과와 측정하기 어려운 부분을 작성해 주십시오.","long_text","[]","false","{""field"":""SCOPE_MATCH"",""notIn"":[""MISMATCH"",""OTHER_OWNER"",""UNKNOWN""]}","{""departmentId"":""EX07"",""topicId"":""EX07-01""}","[]","분모·관측기간·비교조건·중요 오류·과잉처리·대기/활동시간을 구분. 개선율·목표값을 임의로 만들지 않음.","[""P9"",""P10""]","조사·기획 가설 · 현업 정합성/타당성 미확인"
"SURVEY-EX07-EX07-01-ALTERNATIVE_PROPOSAL","v0.2","EX07","정보보안처","EX07-01","3","ALTERNATIVE_PROPOSAL","제안된 CCK 적용 방법을 수정·축소·제외하거나 다른 방법으로 해결할 의견이 있습니까?","long_text","[]","false","{""field"":""SCOPE_MATCH"",""notIn"":[""MISMATCH"",""OTHER_OWNER"",""UNKNOWN""]}","{""departmentId"":""EX07"",""topicId"":""EX07-01""}","[]","기존 기능으로 충분 / 정형 개선 우선 / 책임·권한 문제 / 대안과 필요한 조건 등 자유 작성.","[""P9"",""P10""]","조사·기획 가설 · 현업 정합성/타당성 미확인"
"SURVEY-EX07-EX07-01-PRIORITY_REASON","v0.2","EX07","정보보안처","EX07-01","3","PRIORITY_REASON","이 문제를 다른 업무와 비교하여 왜 먼저 검토하거나 뒤로 미루어야 합니까?","long_text","[]","false","{""field"":""SCOPE_MATCH"",""notIn"":[""MISMATCH"",""OTHER_OWNER"",""UNKNOWN""]}","{""departmentId"":""EX07"",""topicId"":""EX07-01""}","[]","안전·국민/기업 편익·빈도·심각도·가용 자료·실행조건을 근거로 설명. 개선 필요 없음도 가능. 자동 점수 합산으로 사업 선정하지 않음.","[""P9"",""P10""]","조사·기획 가설 · 현업 정합성/타당성 미확인"
"SURVEY-EX07-COMMON-OTHER_WORK_DIFFICULTY","v0.2","EX07","정보보안처","COMMON","4","OTHER_WORK_DIFFICULTY","제시된 병목 외에 업무처리나 정확한 판단을 어렵게 만드는 지점은 무엇입니까?","long_text","[]","false","","{""departmentId"":""EX07"",""topicId"":""COMMON""}","[]","업무 / 발생 단계 / 대상 / 현재 대응 / 남는 문제 / 근거를 작성. 없음·담당 아님·미확인도 명시 가능.","[""CCK-NOA"",""CTX-01"",""BOUNDARY-01""]","공통 설명·추가 의견"
"SURVEY-EX07-COMMON-PUBLIC_SERVICE_ISSUE","v0.2","EX07","정보보안처","COMMON","4","PUBLIC_SERVICE_ISSUE","국민·기업이 안전·검사·자격·교통 서비스를 이용할 때 추가로 겪는 불편이나 권익 문제는 무엇입니까?","long_text","[]","false","","{""departmentId"":""EX07"",""topicId"":""COMMON""}","[]","대상자 / 원하는 결과 / 현재 경로 / 반복 설명·보완·방문·접근성 / 확인 근거. 현업의 추정과 이용자의 직접 의견을 구분.","[""CCK-NOA"",""CTX-01"",""BOUNDARY-01""]","공통 설명·추가 의견"
"SURVEY-EX07-COMMON-NEW_PROBLEM","v0.2","EX07","정보보안처","COMMON","4","NEW_PROBLEM","이번 조사에서 빠진 문제나 다른 원인 설명이 있다면 작성해 주십시오.","long_text","[]","false","","{""departmentId"":""EX07"",""topicId"":""COMMON""}","[]","기존 병목의 수정인지 별도 문제인지, 소관 후보·현재 대응·우선 이유를 설명. 없으면 없음으로 작성.","[""CCK-NOA"",""CTX-01"",""BOUNDARY-01""]","공통 설명·추가 의견"
"SURVEY-EX07-COMMON-AX_EXPANSION_OPINION","v0.2","EX07","정보보안처","COMMON","4","AX_EXPANSION_OPINION","현재 플랫폼을 확대한다면 어떤 업무의 어떤 결과를 우선 개선해야 합니까?","long_text","[]","false","","{""departmentId"":""EX07"",""topicId"":""COMMON""}","[]","현재 기능 → 남는 어려움 → 필요한 새 능력 → 업무·역할 변화 → 기관/국민 편익. 확대 불필요·비AI 대안도 가능.","[""CCK-NOA"",""CTX-01"",""BOUNDARY-01""]","공통 설명·추가 의견"
"SURVEY-EX07-COMMON-EXPANSION_LIMIT","v0.2","EX07","정보보안처","COMMON","4","EXPANSION_LIMIT","별도 전문시스템이나 권한자의 판단에 남겨야 할 범위와 확대 제약은 무엇입니까?","long_text","[]","false","","{""departmentId"":""EX07"",""topicId"":""COMMON""}","[]","공식 안전·자격·의료·처분·승인/지급 책임, 자료 이용·운영·비용 조건을 설명. 실행본 확인은 제품 담당 보충지 S01~S04와 연결.","[""CCK-NOA"",""CTX-01"",""BOUNDARY-01""]","공통 설명·추가 의견"
"SURVEY-EX08-COMMON-ROLE","v0.2","EX08","자동차정보처","COMMON","2","ROLE","이번 의견을 작성하는 업무 역할은 무엇입니까?","single_choice","[{""code"":""WORK"",""label"":""업무 담당""},{""code"":""REVIEW"",""label"":""검토·승인""},{""code"":""PLANNING"",""label"":""기획·성과""},{""code"":""TECH"",""label"":""정보화·제품·운영""},{""code"":""SECURITY"",""label"":""자료·보안""},{""code"":""OTHER"",""label"":""그 밖의 역할""},{""code"":""UNKNOWN"",""label"":""역할 설명 보완 필요""}]","false","","{""departmentId"":""EX08"",""topicId"":""COMMON""}","[]","실명·연락처 대신 역할만 작성. 담당 처는 해당 양식에서 지정.","[""CCK-NOA"",""CTX-01"",""BOUNDARY-01""]","공통 설명·추가 의견"
"SURVEY-EX08-COMMON-POSITION","v0.2","EX08","자동차정보처","COMMON","2","POSITION","이 응답은 어떤 범위의 의견입니까?","single_choice","[{""code"":""INDIVIDUAL"",""label"":""개인의 업무 경험·의견""},{""code"":""CONSULTED"",""label"":""부서 내 확인을 거친 의견""},{""code"":""OFFICIAL"",""label"":""권한자가 확인한 공식 회신""},{""code"":""UNKNOWN"",""label"":""범위 미확인""}]","false","","{""departmentId"":""EX08"",""topicId"":""COMMON""}","[]","공식 회신 선택만으로 도입·예산·자료 이용승인이 생기는 것은 아님. 확인 근거는 별도 검토.","[""CCK-NOA"",""CTX-01"",""BOUNDARY-01""]","공통 설명·추가 의견"
"SURVEY-EX08-COMMON-CURRENT_USE","v0.2","EX08","자동차정보처","COMMON","2","CURRENT_USE","현재 NOA 또는 AI 공통플랫폼을 어떤 업무에 사용하거나 확인하고 있습니까? 사용하지 않거나 기능을 모르는 경우도 작성해 주십시오.","long_text","[]","false","","{""departmentId"":""EX08"",""topicId"":""COMMON""}","[]","실제 사용 기능·업무·남는 어려움 중심. 제공된 제품 소개를 실제 설치본 기능으로 옮겨 적지 않음.","[""CCK-NOA"",""CTX-01"",""BOUNDARY-01""]","공통 설명·추가 의견"
"SURVEY-EX08-EX08-01-SCOPE_MATCH","v0.2","EX08","자동차정보처","EX08-01","3","SCOPE_MATCH","제시한 업무·대상·처리단계가 귀 처의 실제 담당 범위와 일치합니까?","single_choice","[{""code"":""MATCH"",""label"":""일치""},{""code"":""PARTIAL"",""label"":""일부 수정 필요""},{""code"":""MISMATCH"",""label"":""현재 업무와 불일치""},{""code"":""OTHER_OWNER"",""label"":""다른 부서·기관 소관""},{""code"":""UNKNOWN"",""label"":""판단자료 부족""}]","false","","{""departmentId"":""EX08"",""topicId"":""EX08-01""}","[]","조직명 일치와 실제 수행·결정권한은 구분. 다른 소관이면 수정 의견만 선택 작성.","[""P10"",""P11""]","조사·기획 가설 · 현업 정합성/타당성 미확인"
"SURVEY-EX08-EX08-01-CURRENT_STATE","v0.2","EX08","자동차정보처","EX08-01","3","CURRENT_STATE","제시한 병목이 현재 발생하는지 어떤 상태로 확인하고 있습니까?","single_choice","[{""code"":""OBSERVED"",""label"":""현재 발생 확인""},{""code"":""CONDITIONAL"",""label"":""특정 조건에서 발생 확인""},{""code"":""RESOLVED"",""label"":""과거 발생했으나 해결됨""},{""code"":""NO_PROBLEM_OBSERVED"",""label"":""확인한 범위에서 발생하지 않음""},{""code"":""NO_DIRECT_EXPERIENCE"",""label"":""직접 확인한 경험 없음""},{""code"":""UNKNOWN"",""label"":""확인 불가""}]","false","{""field"":""SCOPE_MATCH"",""notIn"":[""MISMATCH"",""OTHER_OWNER"",""UNKNOWN""]}","{""departmentId"":""EX08"",""topicId"":""EX08-01""}","[]","미관찰을 전체 문제 없음으로 확대하지 않음. 해결됨이면 해결 기능·시점·범위를 기록.","[""P10"",""P11""]","조사·기획 가설 · 현업 정합성/타당성 미확인"
"SURVEY-EX08-EX08-01-BOTTLENECK_VALIDITY","v0.2","EX08","자동차정보처","EX08-01","3","BOTTLENECK_VALIDITY","제시한 병목 설명과 원인 가설이 실제 상황을 설명하는 데 타당합니까?","single_choice","[{""code"":""VALID"",""label"":""타당""},{""code"":""CONDITIONAL"",""label"":""조건부 타당""},{""code"":""INVALID"",""label"":""타당하지 않음""},{""code"":""UNKNOWN"",""label"":""판단자료 부족""}]","false","{""field"":""SCOPE_MATCH"",""notIn"":[""MISMATCH"",""OTHER_OWNER"",""UNKNOWN""]}","{""departmentId"":""EX08"",""topicId"":""EX08-01""}","[]","업무 담당 여부·현재 발생 상태·우선순위와 별도 판단. 제안 제품의 도입 찬반 질문이 아님.","[""P10"",""P11""]","조사·기획 가설 · 현업 정합성/타당성 미확인"
"SURVEY-EX08-EX08-01-VALIDITY_REASON","v0.2","EX08","자동차정보처","EX08-01","3","VALIDITY_REASON","정합성·발생 상태·타당성 판단의 이유와 고쳐야 할 내용을 작성해 주십시오.","long_text","[]","false","","{""departmentId"":""EX08"",""topicId"":""EX08-01""}","[]","맞는 부분 / 다른 부분 / 다른 원인 / 수정할 병목 문장 / 추가 확인 순서로 작성. 불일치·자료 부족도 유효한 응답.","[""P10"",""P11""]","조사·기획 가설 · 현업 정합성/타당성 미확인"
"SURVEY-EX08-EX08-01-EVIDENCE_BASIS","v0.2","EX08","자동차정보처","EX08-01","3","EVIDENCE_BASIS","판단에 사용한 근거는 무엇입니까?","multiple_choice","[{""code"":""EXPERIENCE"",""label"":""직접 처리 경험""},{""code"":""RECORD"",""label"":""기록·로그·문서""},{""code"":""EXPLANATION"",""label"":""다른 담당자의 설명""},{""code"":""PUBLIC"",""label"":""공개자료""},{""code"":""INFERENCE"",""label"":""추정·개인 의견""},{""code"":""NONE"",""label"":""별도 근거 미확보""}]","false","{""field"":""SCOPE_MATCH"",""notIn"":[""MISMATCH"",""OTHER_OWNER"",""UNKNOWN""]}","{""departmentId"":""EX08"",""topicId"":""EX08-01""}","[""NONE""]","경험과 기록은 함께 선택 가능. NONE은 다른 근거와 동시 선택하지 않음. 유형 선택만으로 검증 완료 처리하지 않음.","[""P10"",""P11""]","조사·기획 가설 · 현업 정합성/타당성 미확인"
"SURVEY-EX08-EX08-01-ACTUAL_CASE","v0.2","EX08","자동차정보처","EX08-01","3","ACTUAL_CASE","공유 가능한 사례가 있다면 언제·어느 단계·누구에게 어떤 결과나 부담이 발생했는지 작성해 주십시오.","long_text","[]","false","{""all"":[{""field"":""SCOPE_MATCH"",""notIn"":[""MISMATCH"",""OTHER_OWNER"",""UNKNOWN""]},{""field"":""CURRENT_STATE"",""in"":[""OBSERVED"",""CONDITIONAL""]}]}","{""departmentId"":""EX08"",""topicId"":""EX08-01""}","[]","가명 사건 유형·기간·빈도 근거·영향·현재 대응만 작성. 이름·차량번호·연락처·질병정보·원문 민원은 입력하지 않음. 수치는 실측/집계/추정을 구분.","[""P10"",""P11""]","조사·기획 가설 · 현업 정합성/타당성 미확인"
"SURVEY-EX08-EX08-01-COUNTER_EVIDENCE","v0.2","EX08","자동차정보처","EX08-01","3","COUNTER_EVIDENCE","문제 없이 완료했거나 제시한 설명과 다른 사례, 다른 원인이 있습니까?","long_text","[]","false","{""field"":""SCOPE_MATCH"",""notIn"":[""MISMATCH"",""OTHER_OWNER"",""UNKNOWN""]}","{""departmentId"":""EX08"",""topicId"":""EX08-01""}","[]","없음·직접 확인 못함도 작성 가능. 반대 사례와 소수 의견은 유지.","[""P10"",""P11""]","조사·기획 가설 · 현업 정합성/타당성 미확인"
"SURVEY-EX08-EX08-01-EXISTING_RESPONSE","v0.2","EX08","자동차정보처","EX08-01","3","EXISTING_RESPONSE","현재 시스템·AI·서식·규칙·협의절차로 해결하는 부분과 남는 문제는 무엇입니까?","long_text","[]","false","{""field"":""SCOPE_MATCH"",""notIn"":[""MISMATCH"",""OTHER_OWNER"",""UNKNOWN""]}","{""departmentId"":""EX08"",""topicId"":""EX08-01""}","[]","이미 충분히 해결된다면 해당 기능·조건·해결 시점을 작성. 기존 계약·추진 중인 사업과 겹치는 범위도 설명.","[""P10"",""P11""]","조사·기획 가설 · 현업 정합성/타당성 미확인"
"SURVEY-EX08-EX08-01-IMPROVEMENT_METHOD","v0.2","EX08","자동차정보처","EX08-01","3","IMPROVEMENT_METHOD","개선이 필요하다면 어떤 방식이 적절하다고 봅니까?","multiple_choice","[{""code"":""EXISTING"",""label"":""기존 기능·운영 개선""},{""code"":""DATA"",""label"":""자료·서식·식별키 정비""},{""code"":""RULE_API"",""label"":""정형 규칙·시스템 연계""},{""code"":""AI"",""label"":""NOA 등 AI 추가 적용""},{""code"":""INSTITUTION"",""label"":""인력·공급·재원·제도 개선""},{""code"":""NO_NEED"",""label"":""추가 개선 필요 없음""},{""code"":""UNKNOWN"",""label"":""판단자료 부족""}]","false","{""field"":""SCOPE_MATCH"",""notIn"":[""MISMATCH"",""OTHER_OWNER"",""UNKNOWN""]}","{""departmentId"":""EX08"",""topicId"":""EX08-01""}","[""NO_NEED"",""UNKNOWN""]","여러 개선 방식의 결합 가능. NO_NEED·UNKNOWN은 다른 방식과 동시에 선택하지 않음. AI 미선택 시 AI 세부 질문을 건너뜀.","[""P10"",""P11""]","조사·기획 가설 · 현업 정합성/타당성 미확인"
"SURVEY-EX08-EX08-01-AI_ADDED_VALUE","v0.2","EX08","자동차정보처","EX08-01","3","AI_ADDED_VALUE","NOA 등 AI를 추가하면 기존 도구·정형 개선으로 달성하기 어려운 어떤 결과를 얻을 수 있습니까?","long_text","[]","false","{""all"":[{""field"":""SCOPE_MATCH"",""notIn"":[""MISMATCH"",""OTHER_OWNER"",""UNKNOWN""]},{""field"":""IMPROVEMENT_METHOD"",""includes"":""AI""}]}","{""departmentId"":""EX08"",""topicId"":""EX08-01""}","[]","기능 이름보다 달라질 판단·수행·국민/기업 결과를 작성. 기대와 실제 입증을 구분.","[""P10"",""P11""]","조사·기획 가설 · 현업 정합성/타당성 미확인"
"SURVEY-EX08-EX08-01-FEASIBILITY_CONDITIONS","v0.2","EX08","자동차정보처","EX08-01","3","FEASIBILITY_CONDITIONS","추가 AI 적용을 위해 어떤 자료·연계·권한·전문 검수·운영조건을 확보해야 합니까?","long_text","[]","false","{""all"":[{""field"":""SCOPE_MATCH"",""notIn"":[""MISMATCH"",""OTHER_OWNER"",""UNKNOWN""]},{""field"":""IMPROVEMENT_METHOD"",""includes"":""AI""}]}","{""departmentId"":""EX08"",""topicId"":""EX08-01""}","[]","실제 설치본·사용권·기존 서버·조회/실행 경계·오류 복구·인수 역할 확인. 새로운 인프라 구매 없는 검토 전제.","[""P10"",""P11""]","조사·기획 가설 · 현업 정합성/타당성 미확인"
"SURVEY-EX08-EX08-01-RISK_AND_CONCERN","v0.2","EX08","자동차정보처","EX08-01","3","RISK_AND_CONCERN","제안 방식이 오판·과다 보완·정보 노출·추가 업무·이용자 배제 등을 일으킬 조건은 무엇입니까?","long_text","[]","false","{""field"":""SCOPE_MATCH"",""notIn"":[""MISMATCH"",""OTHER_OWNER"",""UNKNOWN""]}","{""departmentId"":""EX08"",""topicId"":""EX08-01""}","[]","문제 없다고 단정하지 않고 예상·관찰·미확인을 구분. AI 이외 개선의 우려도 작성.","[""P10"",""P11""]","조사·기획 가설 · 현업 정합성/타당성 미확인"
"SURVEY-EX08-EX08-01-EFFECT_AND_MEASUREMENT","v0.2","EX08","자동차정보처","EX08-01","3","EFFECT_AND_MEASUREMENT","제시한 효과 지표가 적절합니까? 실제 기록으로 확인할 결과와 측정하기 어려운 부분을 작성해 주십시오.","long_text","[]","false","{""field"":""SCOPE_MATCH"",""notIn"":[""MISMATCH"",""OTHER_OWNER"",""UNKNOWN""]}","{""departmentId"":""EX08"",""topicId"":""EX08-01""}","[]","분모·관측기간·비교조건·중요 오류·과잉처리·대기/활동시간을 구분. 개선율·목표값을 임의로 만들지 않음.","[""P10"",""P11""]","조사·기획 가설 · 현업 정합성/타당성 미확인"
"SURVEY-EX08-EX08-01-ALTERNATIVE_PROPOSAL","v0.2","EX08","자동차정보처","EX08-01","3","ALTERNATIVE_PROPOSAL","제안된 CCK 적용 방법을 수정·축소·제외하거나 다른 방법으로 해결할 의견이 있습니까?","long_text","[]","false","{""field"":""SCOPE_MATCH"",""notIn"":[""MISMATCH"",""OTHER_OWNER"",""UNKNOWN""]}","{""departmentId"":""EX08"",""topicId"":""EX08-01""}","[]","기존 기능으로 충분 / 정형 개선 우선 / 책임·권한 문제 / 대안과 필요한 조건 등 자유 작성.","[""P10"",""P11""]","조사·기획 가설 · 현업 정합성/타당성 미확인"
"SURVEY-EX08-EX08-01-PRIORITY_REASON","v0.2","EX08","자동차정보처","EX08-01","3","PRIORITY_REASON","이 문제를 다른 업무와 비교하여 왜 먼저 검토하거나 뒤로 미루어야 합니까?","long_text","[]","false","{""field"":""SCOPE_MATCH"",""notIn"":[""MISMATCH"",""OTHER_OWNER"",""UNKNOWN""]}","{""departmentId"":""EX08"",""topicId"":""EX08-01""}","[]","안전·국민/기업 편익·빈도·심각도·가용 자료·실행조건을 근거로 설명. 개선 필요 없음도 가능. 자동 점수 합산으로 사업 선정하지 않음.","[""P10"",""P11""]","조사·기획 가설 · 현업 정합성/타당성 미확인"
"SURVEY-EX08-COMMON-OTHER_WORK_DIFFICULTY","v0.2","EX08","자동차정보처","COMMON","4","OTHER_WORK_DIFFICULTY","제시된 병목 외에 업무처리나 정확한 판단을 어렵게 만드는 지점은 무엇입니까?","long_text","[]","false","","{""departmentId"":""EX08"",""topicId"":""COMMON""}","[]","업무 / 발생 단계 / 대상 / 현재 대응 / 남는 문제 / 근거를 작성. 없음·담당 아님·미확인도 명시 가능.","[""CCK-NOA"",""CTX-01"",""BOUNDARY-01""]","공통 설명·추가 의견"
"SURVEY-EX08-COMMON-PUBLIC_SERVICE_ISSUE","v0.2","EX08","자동차정보처","COMMON","4","PUBLIC_SERVICE_ISSUE","국민·기업이 안전·검사·자격·교통 서비스를 이용할 때 추가로 겪는 불편이나 권익 문제는 무엇입니까?","long_text","[]","false","","{""departmentId"":""EX08"",""topicId"":""COMMON""}","[]","대상자 / 원하는 결과 / 현재 경로 / 반복 설명·보완·방문·접근성 / 확인 근거. 현업의 추정과 이용자의 직접 의견을 구분.","[""CCK-NOA"",""CTX-01"",""BOUNDARY-01""]","공통 설명·추가 의견"
"SURVEY-EX08-COMMON-NEW_PROBLEM","v0.2","EX08","자동차정보처","COMMON","4","NEW_PROBLEM","이번 조사에서 빠진 문제나 다른 원인 설명이 있다면 작성해 주십시오.","long_text","[]","false","","{""departmentId"":""EX08"",""topicId"":""COMMON""}","[]","기존 병목의 수정인지 별도 문제인지, 소관 후보·현재 대응·우선 이유를 설명. 없으면 없음으로 작성.","[""CCK-NOA"",""CTX-01"",""BOUNDARY-01""]","공통 설명·추가 의견"
"SURVEY-EX08-COMMON-AX_EXPANSION_OPINION","v0.2","EX08","자동차정보처","COMMON","4","AX_EXPANSION_OPINION","현재 플랫폼을 확대한다면 어떤 업무의 어떤 결과를 우선 개선해야 합니까?","long_text","[]","false","","{""departmentId"":""EX08"",""topicId"":""COMMON""}","[]","현재 기능 → 남는 어려움 → 필요한 새 능력 → 업무·역할 변화 → 기관/국민 편익. 확대 불필요·비AI 대안도 가능.","[""CCK-NOA"",""CTX-01"",""BOUNDARY-01""]","공통 설명·추가 의견"
"SURVEY-EX08-COMMON-EXPANSION_LIMIT","v0.2","EX08","자동차정보처","COMMON","4","EXPANSION_LIMIT","별도 전문시스템이나 권한자의 판단에 남겨야 할 범위와 확대 제약은 무엇입니까?","long_text","[]","false","","{""departmentId"":""EX08"",""topicId"":""COMMON""}","[]","공식 안전·자격·의료·처분·승인/지급 책임, 자료 이용·운영·비용 조건을 설명. 실행본 확인은 제품 담당 보충지 S01~S04와 연결.","[""CCK-NOA"",""CTX-01"",""BOUNDARY-01""]","공통 설명·추가 의견"
"SURVEY-EX09-COMMON-ROLE","v0.2","EX09","운영지원처","COMMON","2","ROLE","이번 의견을 작성하는 업무 역할은 무엇입니까?","single_choice","[{""code"":""WORK"",""label"":""업무 담당""},{""code"":""REVIEW"",""label"":""검토·승인""},{""code"":""PLANNING"",""label"":""기획·성과""},{""code"":""TECH"",""label"":""정보화·제품·운영""},{""code"":""SECURITY"",""label"":""자료·보안""},{""code"":""OTHER"",""label"":""그 밖의 역할""},{""code"":""UNKNOWN"",""label"":""역할 설명 보완 필요""}]","false","","{""departmentId"":""EX09"",""topicId"":""COMMON""}","[]","실명·연락처 대신 역할만 작성. 담당 처는 해당 양식에서 지정.","[""CCK-NOA"",""CTX-01"",""BOUNDARY-01""]","공통 설명·추가 의견"
"SURVEY-EX09-COMMON-POSITION","v0.2","EX09","운영지원처","COMMON","2","POSITION","이 응답은 어떤 범위의 의견입니까?","single_choice","[{""code"":""INDIVIDUAL"",""label"":""개인의 업무 경험·의견""},{""code"":""CONSULTED"",""label"":""부서 내 확인을 거친 의견""},{""code"":""OFFICIAL"",""label"":""권한자가 확인한 공식 회신""},{""code"":""UNKNOWN"",""label"":""범위 미확인""}]","false","","{""departmentId"":""EX09"",""topicId"":""COMMON""}","[]","공식 회신 선택만으로 도입·예산·자료 이용승인이 생기는 것은 아님. 확인 근거는 별도 검토.","[""CCK-NOA"",""CTX-01"",""BOUNDARY-01""]","공통 설명·추가 의견"
"SURVEY-EX09-COMMON-CURRENT_USE","v0.2","EX09","운영지원처","COMMON","2","CURRENT_USE","현재 NOA 또는 AI 공통플랫폼을 어떤 업무에 사용하거나 확인하고 있습니까? 사용하지 않거나 기능을 모르는 경우도 작성해 주십시오.","long_text","[]","false","","{""departmentId"":""EX09"",""topicId"":""COMMON""}","[]","실제 사용 기능·업무·남는 어려움 중심. 제공된 제품 소개를 실제 설치본 기능으로 옮겨 적지 않음.","[""CCK-NOA"",""CTX-01"",""BOUNDARY-01""]","공통 설명·추가 의견"
"SURVEY-EX09-EX09-01-SCOPE_MATCH","v0.2","EX09","운영지원처","EX09-01","3","SCOPE_MATCH","제시한 업무·대상·처리단계가 귀 처의 실제 담당 범위와 일치합니까?","single_choice","[{""code"":""MATCH"",""label"":""일치""},{""code"":""PARTIAL"",""label"":""일부 수정 필요""},{""code"":""MISMATCH"",""label"":""현재 업무와 불일치""},{""code"":""OTHER_OWNER"",""label"":""다른 부서·기관 소관""},{""code"":""UNKNOWN"",""label"":""판단자료 부족""}]","false","","{""departmentId"":""EX09"",""topicId"":""EX09-01""}","[]","조직명 일치와 실제 수행·결정권한은 구분. 다른 소관이면 수정 의견만 선택 작성.","[""P18""]","조사·기획 가설 · 현업 정합성/타당성 미확인"
"SURVEY-EX09-EX09-01-CURRENT_STATE","v0.2","EX09","운영지원처","EX09-01","3","CURRENT_STATE","제시한 병목이 현재 발생하는지 어떤 상태로 확인하고 있습니까?","single_choice","[{""code"":""OBSERVED"",""label"":""현재 발생 확인""},{""code"":""CONDITIONAL"",""label"":""특정 조건에서 발생 확인""},{""code"":""RESOLVED"",""label"":""과거 발생했으나 해결됨""},{""code"":""NO_PROBLEM_OBSERVED"",""label"":""확인한 범위에서 발생하지 않음""},{""code"":""NO_DIRECT_EXPERIENCE"",""label"":""직접 확인한 경험 없음""},{""code"":""UNKNOWN"",""label"":""확인 불가""}]","false","{""field"":""SCOPE_MATCH"",""notIn"":[""MISMATCH"",""OTHER_OWNER"",""UNKNOWN""]}","{""departmentId"":""EX09"",""topicId"":""EX09-01""}","[]","미관찰을 전체 문제 없음으로 확대하지 않음. 해결됨이면 해결 기능·시점·범위를 기록.","[""P18""]","조사·기획 가설 · 현업 정합성/타당성 미확인"
"SURVEY-EX09-EX09-01-BOTTLENECK_VALIDITY","v0.2","EX09","운영지원처","EX09-01","3","BOTTLENECK_VALIDITY","제시한 병목 설명과 원인 가설이 실제 상황을 설명하는 데 타당합니까?","single_choice","[{""code"":""VALID"",""label"":""타당""},{""code"":""CONDITIONAL"",""label"":""조건부 타당""},{""code"":""INVALID"",""label"":""타당하지 않음""},{""code"":""UNKNOWN"",""label"":""판단자료 부족""}]","false","{""field"":""SCOPE_MATCH"",""notIn"":[""MISMATCH"",""OTHER_OWNER"",""UNKNOWN""]}","{""departmentId"":""EX09"",""topicId"":""EX09-01""}","[]","업무 담당 여부·현재 발생 상태·우선순위와 별도 판단. 제안 제품의 도입 찬반 질문이 아님.","[""P18""]","조사·기획 가설 · 현업 정합성/타당성 미확인"
"SURVEY-EX09-EX09-01-VALIDITY_REASON","v0.2","EX09","운영지원처","EX09-01","3","VALIDITY_REASON","정합성·발생 상태·타당성 판단의 이유와 고쳐야 할 내용을 작성해 주십시오.","long_text","[]","false","","{""departmentId"":""EX09"",""topicId"":""EX09-01""}","[]","맞는 부분 / 다른 부분 / 다른 원인 / 수정할 병목 문장 / 추가 확인 순서로 작성. 불일치·자료 부족도 유효한 응답.","[""P18""]","조사·기획 가설 · 현업 정합성/타당성 미확인"
"SURVEY-EX09-EX09-01-EVIDENCE_BASIS","v0.2","EX09","운영지원처","EX09-01","3","EVIDENCE_BASIS","판단에 사용한 근거는 무엇입니까?","multiple_choice","[{""code"":""EXPERIENCE"",""label"":""직접 처리 경험""},{""code"":""RECORD"",""label"":""기록·로그·문서""},{""code"":""EXPLANATION"",""label"":""다른 담당자의 설명""},{""code"":""PUBLIC"",""label"":""공개자료""},{""code"":""INFERENCE"",""label"":""추정·개인 의견""},{""code"":""NONE"",""label"":""별도 근거 미확보""}]","false","{""field"":""SCOPE_MATCH"",""notIn"":[""MISMATCH"",""OTHER_OWNER"",""UNKNOWN""]}","{""departmentId"":""EX09"",""topicId"":""EX09-01""}","[""NONE""]","경험과 기록은 함께 선택 가능. NONE은 다른 근거와 동시 선택하지 않음. 유형 선택만으로 검증 완료 처리하지 않음.","[""P18""]","조사·기획 가설 · 현업 정합성/타당성 미확인"
"SURVEY-EX09-EX09-01-ACTUAL_CASE","v0.2","EX09","운영지원처","EX09-01","3","ACTUAL_CASE","공유 가능한 사례가 있다면 언제·어느 단계·누구에게 어떤 결과나 부담이 발생했는지 작성해 주십시오.","long_text","[]","false","{""all"":[{""field"":""SCOPE_MATCH"",""notIn"":[""MISMATCH"",""OTHER_OWNER"",""UNKNOWN""]},{""field"":""CURRENT_STATE"",""in"":[""OBSERVED"",""CONDITIONAL""]}]}","{""departmentId"":""EX09"",""topicId"":""EX09-01""}","[]","가명 사건 유형·기간·빈도 근거·영향·현재 대응만 작성. 이름·차량번호·연락처·질병정보·원문 민원은 입력하지 않음. 수치는 실측/집계/추정을 구분.","[""P18""]","조사·기획 가설 · 현업 정합성/타당성 미확인"
"SURVEY-EX09-EX09-01-COUNTER_EVIDENCE","v0.2","EX09","운영지원처","EX09-01","3","COUNTER_EVIDENCE","문제 없이 완료했거나 제시한 설명과 다른 사례, 다른 원인이 있습니까?","long_text","[]","false","{""field"":""SCOPE_MATCH"",""notIn"":[""MISMATCH"",""OTHER_OWNER"",""UNKNOWN""]}","{""departmentId"":""EX09"",""topicId"":""EX09-01""}","[]","없음·직접 확인 못함도 작성 가능. 반대 사례와 소수 의견은 유지.","[""P18""]","조사·기획 가설 · 현업 정합성/타당성 미확인"
"SURVEY-EX09-EX09-01-EXISTING_RESPONSE","v0.2","EX09","운영지원처","EX09-01","3","EXISTING_RESPONSE","현재 시스템·AI·서식·규칙·협의절차로 해결하는 부분과 남는 문제는 무엇입니까?","long_text","[]","false","{""field"":""SCOPE_MATCH"",""notIn"":[""MISMATCH"",""OTHER_OWNER"",""UNKNOWN""]}","{""departmentId"":""EX09"",""topicId"":""EX09-01""}","[]","이미 충분히 해결된다면 해당 기능·조건·해결 시점을 작성. 기존 계약·추진 중인 사업과 겹치는 범위도 설명.","[""P18""]","조사·기획 가설 · 현업 정합성/타당성 미확인"
"SURVEY-EX09-EX09-01-IMPROVEMENT_METHOD","v0.2","EX09","운영지원처","EX09-01","3","IMPROVEMENT_METHOD","개선이 필요하다면 어떤 방식이 적절하다고 봅니까?","multiple_choice","[{""code"":""EXISTING"",""label"":""기존 기능·운영 개선""},{""code"":""DATA"",""label"":""자료·서식·식별키 정비""},{""code"":""RULE_API"",""label"":""정형 규칙·시스템 연계""},{""code"":""AI"",""label"":""NOA 등 AI 추가 적용""},{""code"":""INSTITUTION"",""label"":""인력·공급·재원·제도 개선""},{""code"":""NO_NEED"",""label"":""추가 개선 필요 없음""},{""code"":""UNKNOWN"",""label"":""판단자료 부족""}]","false","{""field"":""SCOPE_MATCH"",""notIn"":[""MISMATCH"",""OTHER_OWNER"",""UNKNOWN""]}","{""departmentId"":""EX09"",""topicId"":""EX09-01""}","[""NO_NEED"",""UNKNOWN""]","여러 개선 방식의 결합 가능. NO_NEED·UNKNOWN은 다른 방식과 동시에 선택하지 않음. AI 미선택 시 AI 세부 질문을 건너뜀.","[""P18""]","조사·기획 가설 · 현업 정합성/타당성 미확인"
"SURVEY-EX09-EX09-01-AI_ADDED_VALUE","v0.2","EX09","운영지원처","EX09-01","3","AI_ADDED_VALUE","NOA 등 AI를 추가하면 기존 도구·정형 개선으로 달성하기 어려운 어떤 결과를 얻을 수 있습니까?","long_text","[]","false","{""all"":[{""field"":""SCOPE_MATCH"",""notIn"":[""MISMATCH"",""OTHER_OWNER"",""UNKNOWN""]},{""field"":""IMPROVEMENT_METHOD"",""includes"":""AI""}]}","{""departmentId"":""EX09"",""topicId"":""EX09-01""}","[]","기능 이름보다 달라질 판단·수행·국민/기업 결과를 작성. 기대와 실제 입증을 구분.","[""P18""]","조사·기획 가설 · 현업 정합성/타당성 미확인"
"SURVEY-EX09-EX09-01-FEASIBILITY_CONDITIONS","v0.2","EX09","운영지원처","EX09-01","3","FEASIBILITY_CONDITIONS","추가 AI 적용을 위해 어떤 자료·연계·권한·전문 검수·운영조건을 확보해야 합니까?","long_text","[]","false","{""all"":[{""field"":""SCOPE_MATCH"",""notIn"":[""MISMATCH"",""OTHER_OWNER"",""UNKNOWN""]},{""field"":""IMPROVEMENT_METHOD"",""includes"":""AI""}]}","{""departmentId"":""EX09"",""topicId"":""EX09-01""}","[]","실제 설치본·사용권·기존 서버·조회/실행 경계·오류 복구·인수 역할 확인. 새로운 인프라 구매 없는 검토 전제.","[""P18""]","조사·기획 가설 · 현업 정합성/타당성 미확인"
"SURVEY-EX09-EX09-01-RISK_AND_CONCERN","v0.2","EX09","운영지원처","EX09-01","3","RISK_AND_CONCERN","제안 방식이 오판·과다 보완·정보 노출·추가 업무·이용자 배제 등을 일으킬 조건은 무엇입니까?","long_text","[]","false","{""field"":""SCOPE_MATCH"",""notIn"":[""MISMATCH"",""OTHER_OWNER"",""UNKNOWN""]}","{""departmentId"":""EX09"",""topicId"":""EX09-01""}","[]","문제 없다고 단정하지 않고 예상·관찰·미확인을 구분. AI 이외 개선의 우려도 작성.","[""P18""]","조사·기획 가설 · 현업 정합성/타당성 미확인"
"SURVEY-EX09-EX09-01-EFFECT_AND_MEASUREMENT","v0.2","EX09","운영지원처","EX09-01","3","EFFECT_AND_MEASUREMENT","제시한 효과 지표가 적절합니까? 실제 기록으로 확인할 결과와 측정하기 어려운 부분을 작성해 주십시오.","long_text","[]","false","{""field"":""SCOPE_MATCH"",""notIn"":[""MISMATCH"",""OTHER_OWNER"",""UNKNOWN""]}","{""departmentId"":""EX09"",""topicId"":""EX09-01""}","[]","분모·관측기간·비교조건·중요 오류·과잉처리·대기/활동시간을 구분. 개선율·목표값을 임의로 만들지 않음.","[""P18""]","조사·기획 가설 · 현업 정합성/타당성 미확인"
"SURVEY-EX09-EX09-01-ALTERNATIVE_PROPOSAL","v0.2","EX09","운영지원처","EX09-01","3","ALTERNATIVE_PROPOSAL","제안된 CCK 적용 방법을 수정·축소·제외하거나 다른 방법으로 해결할 의견이 있습니까?","long_text","[]","false","{""field"":""SCOPE_MATCH"",""notIn"":[""MISMATCH"",""OTHER_OWNER"",""UNKNOWN""]}","{""departmentId"":""EX09"",""topicId"":""EX09-01""}","[]","기존 기능으로 충분 / 정형 개선 우선 / 책임·권한 문제 / 대안과 필요한 조건 등 자유 작성.","[""P18""]","조사·기획 가설 · 현업 정합성/타당성 미확인"
"SURVEY-EX09-EX09-01-PRIORITY_REASON","v0.2","EX09","운영지원처","EX09-01","3","PRIORITY_REASON","이 문제를 다른 업무와 비교하여 왜 먼저 검토하거나 뒤로 미루어야 합니까?","long_text","[]","false","{""field"":""SCOPE_MATCH"",""notIn"":[""MISMATCH"",""OTHER_OWNER"",""UNKNOWN""]}","{""departmentId"":""EX09"",""topicId"":""EX09-01""}","[]","안전·국민/기업 편익·빈도·심각도·가용 자료·실행조건을 근거로 설명. 개선 필요 없음도 가능. 자동 점수 합산으로 사업 선정하지 않음.","[""P18""]","조사·기획 가설 · 현업 정합성/타당성 미확인"
"SURVEY-EX09-COMMON-OTHER_WORK_DIFFICULTY","v0.2","EX09","운영지원처","COMMON","4","OTHER_WORK_DIFFICULTY","제시된 병목 외에 업무처리나 정확한 판단을 어렵게 만드는 지점은 무엇입니까?","long_text","[]","false","","{""departmentId"":""EX09"",""topicId"":""COMMON""}","[]","업무 / 발생 단계 / 대상 / 현재 대응 / 남는 문제 / 근거를 작성. 없음·담당 아님·미확인도 명시 가능.","[""CCK-NOA"",""CTX-01"",""BOUNDARY-01""]","공통 설명·추가 의견"
"SURVEY-EX09-COMMON-PUBLIC_SERVICE_ISSUE","v0.2","EX09","운영지원처","COMMON","4","PUBLIC_SERVICE_ISSUE","국민·기업이 안전·검사·자격·교통 서비스를 이용할 때 추가로 겪는 불편이나 권익 문제는 무엇입니까?","long_text","[]","false","","{""departmentId"":""EX09"",""topicId"":""COMMON""}","[]","대상자 / 원하는 결과 / 현재 경로 / 반복 설명·보완·방문·접근성 / 확인 근거. 현업의 추정과 이용자의 직접 의견을 구분.","[""CCK-NOA"",""CTX-01"",""BOUNDARY-01""]","공통 설명·추가 의견"
"SURVEY-EX09-COMMON-NEW_PROBLEM","v0.2","EX09","운영지원처","COMMON","4","NEW_PROBLEM","이번 조사에서 빠진 문제나 다른 원인 설명이 있다면 작성해 주십시오.","long_text","[]","false","","{""departmentId"":""EX09"",""topicId"":""COMMON""}","[]","기존 병목의 수정인지 별도 문제인지, 소관 후보·현재 대응·우선 이유를 설명. 없으면 없음으로 작성.","[""CCK-NOA"",""CTX-01"",""BOUNDARY-01""]","공통 설명·추가 의견"
"SURVEY-EX09-COMMON-AX_EXPANSION_OPINION","v0.2","EX09","운영지원처","COMMON","4","AX_EXPANSION_OPINION","현재 플랫폼을 확대한다면 어떤 업무의 어떤 결과를 우선 개선해야 합니까?","long_text","[]","false","","{""departmentId"":""EX09"",""topicId"":""COMMON""}","[]","현재 기능 → 남는 어려움 → 필요한 새 능력 → 업무·역할 변화 → 기관/국민 편익. 확대 불필요·비AI 대안도 가능.","[""CCK-NOA"",""CTX-01"",""BOUNDARY-01""]","공통 설명·추가 의견"
"SURVEY-EX09-COMMON-EXPANSION_LIMIT","v0.2","EX09","운영지원처","COMMON","4","EXPANSION_LIMIT","별도 전문시스템이나 권한자의 판단에 남겨야 할 범위와 확대 제약은 무엇입니까?","long_text","[]","false","","{""departmentId"":""EX09"",""topicId"":""COMMON""}","[]","공식 안전·자격·의료·처분·승인/지급 책임, 자료 이용·운영·비용 조건을 설명. 실행본 확인은 제품 담당 보충지 S01~S04와 연결.","[""CCK-NOA"",""CTX-01"",""BOUNDARY-01""]","공통 설명·추가 의견"
"SURVEY-EX10-COMMON-ROLE","v0.2","EX10","인재개발처","COMMON","2","ROLE","이번 의견을 작성하는 업무 역할은 무엇입니까?","single_choice","[{""code"":""WORK"",""label"":""업무 담당""},{""code"":""REVIEW"",""label"":""검토·승인""},{""code"":""PLANNING"",""label"":""기획·성과""},{""code"":""TECH"",""label"":""정보화·제품·운영""},{""code"":""SECURITY"",""label"":""자료·보안""},{""code"":""OTHER"",""label"":""그 밖의 역할""},{""code"":""UNKNOWN"",""label"":""역할 설명 보완 필요""}]","false","","{""departmentId"":""EX10"",""topicId"":""COMMON""}","[]","실명·연락처 대신 역할만 작성. 담당 처는 해당 양식에서 지정.","[""CCK-NOA"",""CTX-01"",""BOUNDARY-01""]","공통 설명·추가 의견"
"SURVEY-EX10-COMMON-POSITION","v0.2","EX10","인재개발처","COMMON","2","POSITION","이 응답은 어떤 범위의 의견입니까?","single_choice","[{""code"":""INDIVIDUAL"",""label"":""개인의 업무 경험·의견""},{""code"":""CONSULTED"",""label"":""부서 내 확인을 거친 의견""},{""code"":""OFFICIAL"",""label"":""권한자가 확인한 공식 회신""},{""code"":""UNKNOWN"",""label"":""범위 미확인""}]","false","","{""departmentId"":""EX10"",""topicId"":""COMMON""}","[]","공식 회신 선택만으로 도입·예산·자료 이용승인이 생기는 것은 아님. 확인 근거는 별도 검토.","[""CCK-NOA"",""CTX-01"",""BOUNDARY-01""]","공통 설명·추가 의견"
"SURVEY-EX10-COMMON-CURRENT_USE","v0.2","EX10","인재개발처","COMMON","2","CURRENT_USE","현재 NOA 또는 AI 공통플랫폼을 어떤 업무에 사용하거나 확인하고 있습니까? 사용하지 않거나 기능을 모르는 경우도 작성해 주십시오.","long_text","[]","false","","{""departmentId"":""EX10"",""topicId"":""COMMON""}","[]","실제 사용 기능·업무·남는 어려움 중심. 제공된 제품 소개를 실제 설치본 기능으로 옮겨 적지 않음.","[""CCK-NOA"",""CTX-01"",""BOUNDARY-01""]","공통 설명·추가 의견"
"SURVEY-EX10-EX10-01-SCOPE_MATCH","v0.2","EX10","인재개발처","EX10-01","3","SCOPE_MATCH","제시한 업무·대상·처리단계가 귀 처의 실제 담당 범위와 일치합니까?","single_choice","[{""code"":""MATCH"",""label"":""일치""},{""code"":""PARTIAL"",""label"":""일부 수정 필요""},{""code"":""MISMATCH"",""label"":""현재 업무와 불일치""},{""code"":""OTHER_OWNER"",""label"":""다른 부서·기관 소관""},{""code"":""UNKNOWN"",""label"":""판단자료 부족""}]","false","","{""departmentId"":""EX10"",""topicId"":""EX10-01""}","[]","조직명 일치와 실제 수행·결정권한은 구분. 다른 소관이면 수정 의견만 선택 작성.","[""P21""]","조사·기획 가설 · 현업 정합성/타당성 미확인"
"SURVEY-EX10-EX10-01-CURRENT_STATE","v0.2","EX10","인재개발처","EX10-01","3","CURRENT_STATE","제시한 병목이 현재 발생하는지 어떤 상태로 확인하고 있습니까?","single_choice","[{""code"":""OBSERVED"",""label"":""현재 발생 확인""},{""code"":""CONDITIONAL"",""label"":""특정 조건에서 발생 확인""},{""code"":""RESOLVED"",""label"":""과거 발생했으나 해결됨""},{""code"":""NO_PROBLEM_OBSERVED"",""label"":""확인한 범위에서 발생하지 않음""},{""code"":""NO_DIRECT_EXPERIENCE"",""label"":""직접 확인한 경험 없음""},{""code"":""UNKNOWN"",""label"":""확인 불가""}]","false","{""field"":""SCOPE_MATCH"",""notIn"":[""MISMATCH"",""OTHER_OWNER"",""UNKNOWN""]}","{""departmentId"":""EX10"",""topicId"":""EX10-01""}","[]","미관찰을 전체 문제 없음으로 확대하지 않음. 해결됨이면 해결 기능·시점·범위를 기록.","[""P21""]","조사·기획 가설 · 현업 정합성/타당성 미확인"
"SURVEY-EX10-EX10-01-BOTTLENECK_VALIDITY","v0.2","EX10","인재개발처","EX10-01","3","BOTTLENECK_VALIDITY","제시한 병목 설명과 원인 가설이 실제 상황을 설명하는 데 타당합니까?","single_choice","[{""code"":""VALID"",""label"":""타당""},{""code"":""CONDITIONAL"",""label"":""조건부 타당""},{""code"":""INVALID"",""label"":""타당하지 않음""},{""code"":""UNKNOWN"",""label"":""판단자료 부족""}]","false","{""field"":""SCOPE_MATCH"",""notIn"":[""MISMATCH"",""OTHER_OWNER"",""UNKNOWN""]}","{""departmentId"":""EX10"",""topicId"":""EX10-01""}","[]","업무 담당 여부·현재 발생 상태·우선순위와 별도 판단. 제안 제품의 도입 찬반 질문이 아님.","[""P21""]","조사·기획 가설 · 현업 정합성/타당성 미확인"
"SURVEY-EX10-EX10-01-VALIDITY_REASON","v0.2","EX10","인재개발처","EX10-01","3","VALIDITY_REASON","정합성·발생 상태·타당성 판단의 이유와 고쳐야 할 내용을 작성해 주십시오.","long_text","[]","false","","{""departmentId"":""EX10"",""topicId"":""EX10-01""}","[]","맞는 부분 / 다른 부분 / 다른 원인 / 수정할 병목 문장 / 추가 확인 순서로 작성. 불일치·자료 부족도 유효한 응답.","[""P21""]","조사·기획 가설 · 현업 정합성/타당성 미확인"
"SURVEY-EX10-EX10-01-EVIDENCE_BASIS","v0.2","EX10","인재개발처","EX10-01","3","EVIDENCE_BASIS","판단에 사용한 근거는 무엇입니까?","multiple_choice","[{""code"":""EXPERIENCE"",""label"":""직접 처리 경험""},{""code"":""RECORD"",""label"":""기록·로그·문서""},{""code"":""EXPLANATION"",""label"":""다른 담당자의 설명""},{""code"":""PUBLIC"",""label"":""공개자료""},{""code"":""INFERENCE"",""label"":""추정·개인 의견""},{""code"":""NONE"",""label"":""별도 근거 미확보""}]","false","{""field"":""SCOPE_MATCH"",""notIn"":[""MISMATCH"",""OTHER_OWNER"",""UNKNOWN""]}","{""departmentId"":""EX10"",""topicId"":""EX10-01""}","[""NONE""]","경험과 기록은 함께 선택 가능. NONE은 다른 근거와 동시 선택하지 않음. 유형 선택만으로 검증 완료 처리하지 않음.","[""P21""]","조사·기획 가설 · 현업 정합성/타당성 미확인"
"SURVEY-EX10-EX10-01-ACTUAL_CASE","v0.2","EX10","인재개발처","EX10-01","3","ACTUAL_CASE","공유 가능한 사례가 있다면 언제·어느 단계·누구에게 어떤 결과나 부담이 발생했는지 작성해 주십시오.","long_text","[]","false","{""all"":[{""field"":""SCOPE_MATCH"",""notIn"":[""MISMATCH"",""OTHER_OWNER"",""UNKNOWN""]},{""field"":""CURRENT_STATE"",""in"":[""OBSERVED"",""CONDITIONAL""]}]}","{""departmentId"":""EX10"",""topicId"":""EX10-01""}","[]","가명 사건 유형·기간·빈도 근거·영향·현재 대응만 작성. 이름·차량번호·연락처·질병정보·원문 민원은 입력하지 않음. 수치는 실측/집계/추정을 구분.","[""P21""]","조사·기획 가설 · 현업 정합성/타당성 미확인"
"SURVEY-EX10-EX10-01-COUNTER_EVIDENCE","v0.2","EX10","인재개발처","EX10-01","3","COUNTER_EVIDENCE","문제 없이 완료했거나 제시한 설명과 다른 사례, 다른 원인이 있습니까?","long_text","[]","false","{""field"":""SCOPE_MATCH"",""notIn"":[""MISMATCH"",""OTHER_OWNER"",""UNKNOWN""]}","{""departmentId"":""EX10"",""topicId"":""EX10-01""}","[]","없음·직접 확인 못함도 작성 가능. 반대 사례와 소수 의견은 유지.","[""P21""]","조사·기획 가설 · 현업 정합성/타당성 미확인"
"SURVEY-EX10-EX10-01-EXISTING_RESPONSE","v0.2","EX10","인재개발처","EX10-01","3","EXISTING_RESPONSE","현재 시스템·AI·서식·규칙·협의절차로 해결하는 부분과 남는 문제는 무엇입니까?","long_text","[]","false","{""field"":""SCOPE_MATCH"",""notIn"":[""MISMATCH"",""OTHER_OWNER"",""UNKNOWN""]}","{""departmentId"":""EX10"",""topicId"":""EX10-01""}","[]","이미 충분히 해결된다면 해당 기능·조건·해결 시점을 작성. 기존 계약·추진 중인 사업과 겹치는 범위도 설명.","[""P21""]","조사·기획 가설 · 현업 정합성/타당성 미확인"
"SURVEY-EX10-EX10-01-IMPROVEMENT_METHOD","v0.2","EX10","인재개발처","EX10-01","3","IMPROVEMENT_METHOD","개선이 필요하다면 어떤 방식이 적절하다고 봅니까?","multiple_choice","[{""code"":""EXISTING"",""label"":""기존 기능·운영 개선""},{""code"":""DATA"",""label"":""자료·서식·식별키 정비""},{""code"":""RULE_API"",""label"":""정형 규칙·시스템 연계""},{""code"":""AI"",""label"":""NOA 등 AI 추가 적용""},{""code"":""INSTITUTION"",""label"":""인력·공급·재원·제도 개선""},{""code"":""NO_NEED"",""label"":""추가 개선 필요 없음""},{""code"":""UNKNOWN"",""label"":""판단자료 부족""}]","false","{""field"":""SCOPE_MATCH"",""notIn"":[""MISMATCH"",""OTHER_OWNER"",""UNKNOWN""]}","{""departmentId"":""EX10"",""topicId"":""EX10-01""}","[""NO_NEED"",""UNKNOWN""]","여러 개선 방식의 결합 가능. NO_NEED·UNKNOWN은 다른 방식과 동시에 선택하지 않음. AI 미선택 시 AI 세부 질문을 건너뜀.","[""P21""]","조사·기획 가설 · 현업 정합성/타당성 미확인"
"SURVEY-EX10-EX10-01-AI_ADDED_VALUE","v0.2","EX10","인재개발처","EX10-01","3","AI_ADDED_VALUE","NOA 등 AI를 추가하면 기존 도구·정형 개선으로 달성하기 어려운 어떤 결과를 얻을 수 있습니까?","long_text","[]","false","{""all"":[{""field"":""SCOPE_MATCH"",""notIn"":[""MISMATCH"",""OTHER_OWNER"",""UNKNOWN""]},{""field"":""IMPROVEMENT_METHOD"",""includes"":""AI""}]}","{""departmentId"":""EX10"",""topicId"":""EX10-01""}","[]","기능 이름보다 달라질 판단·수행·국민/기업 결과를 작성. 기대와 실제 입증을 구분.","[""P21""]","조사·기획 가설 · 현업 정합성/타당성 미확인"
"SURVEY-EX10-EX10-01-FEASIBILITY_CONDITIONS","v0.2","EX10","인재개발처","EX10-01","3","FEASIBILITY_CONDITIONS","추가 AI 적용을 위해 어떤 자료·연계·권한·전문 검수·운영조건을 확보해야 합니까?","long_text","[]","false","{""all"":[{""field"":""SCOPE_MATCH"",""notIn"":[""MISMATCH"",""OTHER_OWNER"",""UNKNOWN""]},{""field"":""IMPROVEMENT_METHOD"",""includes"":""AI""}]}","{""departmentId"":""EX10"",""topicId"":""EX10-01""}","[]","실제 설치본·사용권·기존 서버·조회/실행 경계·오류 복구·인수 역할 확인. 새로운 인프라 구매 없는 검토 전제.","[""P21""]","조사·기획 가설 · 현업 정합성/타당성 미확인"
"SURVEY-EX10-EX10-01-RISK_AND_CONCERN","v0.2","EX10","인재개발처","EX10-01","3","RISK_AND_CONCERN","제안 방식이 오판·과다 보완·정보 노출·추가 업무·이용자 배제 등을 일으킬 조건은 무엇입니까?","long_text","[]","false","{""field"":""SCOPE_MATCH"",""notIn"":[""MISMATCH"",""OTHER_OWNER"",""UNKNOWN""]}","{""departmentId"":""EX10"",""topicId"":""EX10-01""}","[]","문제 없다고 단정하지 않고 예상·관찰·미확인을 구분. AI 이외 개선의 우려도 작성.","[""P21""]","조사·기획 가설 · 현업 정합성/타당성 미확인"
"SURVEY-EX10-EX10-01-EFFECT_AND_MEASUREMENT","v0.2","EX10","인재개발처","EX10-01","3","EFFECT_AND_MEASUREMENT","제시한 효과 지표가 적절합니까? 실제 기록으로 확인할 결과와 측정하기 어려운 부분을 작성해 주십시오.","long_text","[]","false","{""field"":""SCOPE_MATCH"",""notIn"":[""MISMATCH"",""OTHER_OWNER"",""UNKNOWN""]}","{""departmentId"":""EX10"",""topicId"":""EX10-01""}","[]","분모·관측기간·비교조건·중요 오류·과잉처리·대기/활동시간을 구분. 개선율·목표값을 임의로 만들지 않음.","[""P21""]","조사·기획 가설 · 현업 정합성/타당성 미확인"
"SURVEY-EX10-EX10-01-ALTERNATIVE_PROPOSAL","v0.2","EX10","인재개발처","EX10-01","3","ALTERNATIVE_PROPOSAL","제안된 CCK 적용 방법을 수정·축소·제외하거나 다른 방법으로 해결할 의견이 있습니까?","long_text","[]","false","{""field"":""SCOPE_MATCH"",""notIn"":[""MISMATCH"",""OTHER_OWNER"",""UNKNOWN""]}","{""departmentId"":""EX10"",""topicId"":""EX10-01""}","[]","기존 기능으로 충분 / 정형 개선 우선 / 책임·권한 문제 / 대안과 필요한 조건 등 자유 작성.","[""P21""]","조사·기획 가설 · 현업 정합성/타당성 미확인"
"SURVEY-EX10-EX10-01-PRIORITY_REASON","v0.2","EX10","인재개발처","EX10-01","3","PRIORITY_REASON","이 문제를 다른 업무와 비교하여 왜 먼저 검토하거나 뒤로 미루어야 합니까?","long_text","[]","false","{""field"":""SCOPE_MATCH"",""notIn"":[""MISMATCH"",""OTHER_OWNER"",""UNKNOWN""]}","{""departmentId"":""EX10"",""topicId"":""EX10-01""}","[]","안전·국민/기업 편익·빈도·심각도·가용 자료·실행조건을 근거로 설명. 개선 필요 없음도 가능. 자동 점수 합산으로 사업 선정하지 않음.","[""P21""]","조사·기획 가설 · 현업 정합성/타당성 미확인"
"SURVEY-EX10-COMMON-OTHER_WORK_DIFFICULTY","v0.2","EX10","인재개발처","COMMON","4","OTHER_WORK_DIFFICULTY","제시된 병목 외에 업무처리나 정확한 판단을 어렵게 만드는 지점은 무엇입니까?","long_text","[]","false","","{""departmentId"":""EX10"",""topicId"":""COMMON""}","[]","업무 / 발생 단계 / 대상 / 현재 대응 / 남는 문제 / 근거를 작성. 없음·담당 아님·미확인도 명시 가능.","[""CCK-NOA"",""CTX-01"",""BOUNDARY-01""]","공통 설명·추가 의견"
"SURVEY-EX10-COMMON-PUBLIC_SERVICE_ISSUE","v0.2","EX10","인재개발처","COMMON","4","PUBLIC_SERVICE_ISSUE","국민·기업이 안전·검사·자격·교통 서비스를 이용할 때 추가로 겪는 불편이나 권익 문제는 무엇입니까?","long_text","[]","false","","{""departmentId"":""EX10"",""topicId"":""COMMON""}","[]","대상자 / 원하는 결과 / 현재 경로 / 반복 설명·보완·방문·접근성 / 확인 근거. 현업의 추정과 이용자의 직접 의견을 구분.","[""CCK-NOA"",""CTX-01"",""BOUNDARY-01""]","공통 설명·추가 의견"
"SURVEY-EX10-COMMON-NEW_PROBLEM","v0.2","EX10","인재개발처","COMMON","4","NEW_PROBLEM","이번 조사에서 빠진 문제나 다른 원인 설명이 있다면 작성해 주십시오.","long_text","[]","false","","{""departmentId"":""EX10"",""topicId"":""COMMON""}","[]","기존 병목의 수정인지 별도 문제인지, 소관 후보·현재 대응·우선 이유를 설명. 없으면 없음으로 작성.","[""CCK-NOA"",""CTX-01"",""BOUNDARY-01""]","공통 설명·추가 의견"
"SURVEY-EX10-COMMON-AX_EXPANSION_OPINION","v0.2","EX10","인재개발처","COMMON","4","AX_EXPANSION_OPINION","현재 플랫폼을 확대한다면 어떤 업무의 어떤 결과를 우선 개선해야 합니까?","long_text","[]","false","","{""departmentId"":""EX10"",""topicId"":""COMMON""}","[]","현재 기능 → 남는 어려움 → 필요한 새 능력 → 업무·역할 변화 → 기관/국민 편익. 확대 불필요·비AI 대안도 가능.","[""CCK-NOA"",""CTX-01"",""BOUNDARY-01""]","공통 설명·추가 의견"
"SURVEY-EX10-COMMON-EXPANSION_LIMIT","v0.2","EX10","인재개발처","COMMON","4","EXPANSION_LIMIT","별도 전문시스템이나 권한자의 판단에 남겨야 할 범위와 확대 제약은 무엇입니까?","long_text","[]","false","","{""departmentId"":""EX10"",""topicId"":""COMMON""}","[]","공식 안전·자격·의료·처분·승인/지급 책임, 자료 이용·운영·비용 조건을 설명. 실행본 확인은 제품 담당 보충지 S01~S04와 연결.","[""CCK-NOA"",""CTX-01"",""BOUNDARY-01""]","공통 설명·추가 의견"
"SURVEY-EX11-COMMON-ROLE","v0.2","EX11","재정회계처","COMMON","2","ROLE","이번 의견을 작성하는 업무 역할은 무엇입니까?","single_choice","[{""code"":""WORK"",""label"":""업무 담당""},{""code"":""REVIEW"",""label"":""검토·승인""},{""code"":""PLANNING"",""label"":""기획·성과""},{""code"":""TECH"",""label"":""정보화·제품·운영""},{""code"":""SECURITY"",""label"":""자료·보안""},{""code"":""OTHER"",""label"":""그 밖의 역할""},{""code"":""UNKNOWN"",""label"":""역할 설명 보완 필요""}]","false","","{""departmentId"":""EX11"",""topicId"":""COMMON""}","[]","실명·연락처 대신 역할만 작성. 담당 처는 해당 양식에서 지정.","[""CCK-NOA"",""CTX-01"",""BOUNDARY-01""]","공통 설명·추가 의견"
"SURVEY-EX11-COMMON-POSITION","v0.2","EX11","재정회계처","COMMON","2","POSITION","이 응답은 어떤 범위의 의견입니까?","single_choice","[{""code"":""INDIVIDUAL"",""label"":""개인의 업무 경험·의견""},{""code"":""CONSULTED"",""label"":""부서 내 확인을 거친 의견""},{""code"":""OFFICIAL"",""label"":""권한자가 확인한 공식 회신""},{""code"":""UNKNOWN"",""label"":""범위 미확인""}]","false","","{""departmentId"":""EX11"",""topicId"":""COMMON""}","[]","공식 회신 선택만으로 도입·예산·자료 이용승인이 생기는 것은 아님. 확인 근거는 별도 검토.","[""CCK-NOA"",""CTX-01"",""BOUNDARY-01""]","공통 설명·추가 의견"
"SURVEY-EX11-COMMON-CURRENT_USE","v0.2","EX11","재정회계처","COMMON","2","CURRENT_USE","현재 NOA 또는 AI 공통플랫폼을 어떤 업무에 사용하거나 확인하고 있습니까? 사용하지 않거나 기능을 모르는 경우도 작성해 주십시오.","long_text","[]","false","","{""departmentId"":""EX11"",""topicId"":""COMMON""}","[]","실제 사용 기능·업무·남는 어려움 중심. 제공된 제품 소개를 실제 설치본 기능으로 옮겨 적지 않음.","[""CCK-NOA"",""CTX-01"",""BOUNDARY-01""]","공통 설명·추가 의견"
"SURVEY-EX11-EX11-01-SCOPE_MATCH","v0.2","EX11","재정회계처","EX11-01","3","SCOPE_MATCH","제시한 업무·대상·처리단계가 귀 처의 실제 담당 범위와 일치합니까?","single_choice","[{""code"":""MATCH"",""label"":""일치""},{""code"":""PARTIAL"",""label"":""일부 수정 필요""},{""code"":""MISMATCH"",""label"":""현재 업무와 불일치""},{""code"":""OTHER_OWNER"",""label"":""다른 부서·기관 소관""},{""code"":""UNKNOWN"",""label"":""판단자료 부족""}]","false","","{""departmentId"":""EX11"",""topicId"":""EX11-01""}","[]","조직명 일치와 실제 수행·결정권한은 구분. 다른 소관이면 수정 의견만 선택 작성.","[""P22"",""P23""]","조사·기획 가설 · 현업 정합성/타당성 미확인"
"SURVEY-EX11-EX11-01-CURRENT_STATE","v0.2","EX11","재정회계처","EX11-01","3","CURRENT_STATE","제시한 병목이 현재 발생하는지 어떤 상태로 확인하고 있습니까?","single_choice","[{""code"":""OBSERVED"",""label"":""현재 발생 확인""},{""code"":""CONDITIONAL"",""label"":""특정 조건에서 발생 확인""},{""code"":""RESOLVED"",""label"":""과거 발생했으나 해결됨""},{""code"":""NO_PROBLEM_OBSERVED"",""label"":""확인한 범위에서 발생하지 않음""},{""code"":""NO_DIRECT_EXPERIENCE"",""label"":""직접 확인한 경험 없음""},{""code"":""UNKNOWN"",""label"":""확인 불가""}]","false","{""field"":""SCOPE_MATCH"",""notIn"":[""MISMATCH"",""OTHER_OWNER"",""UNKNOWN""]}","{""departmentId"":""EX11"",""topicId"":""EX11-01""}","[]","미관찰을 전체 문제 없음으로 확대하지 않음. 해결됨이면 해결 기능·시점·범위를 기록.","[""P22"",""P23""]","조사·기획 가설 · 현업 정합성/타당성 미확인"
"SURVEY-EX11-EX11-01-BOTTLENECK_VALIDITY","v0.2","EX11","재정회계처","EX11-01","3","BOTTLENECK_VALIDITY","제시한 병목 설명과 원인 가설이 실제 상황을 설명하는 데 타당합니까?","single_choice","[{""code"":""VALID"",""label"":""타당""},{""code"":""CONDITIONAL"",""label"":""조건부 타당""},{""code"":""INVALID"",""label"":""타당하지 않음""},{""code"":""UNKNOWN"",""label"":""판단자료 부족""}]","false","{""field"":""SCOPE_MATCH"",""notIn"":[""MISMATCH"",""OTHER_OWNER"",""UNKNOWN""]}","{""departmentId"":""EX11"",""topicId"":""EX11-01""}","[]","업무 담당 여부·현재 발생 상태·우선순위와 별도 판단. 제안 제품의 도입 찬반 질문이 아님.","[""P22"",""P23""]","조사·기획 가설 · 현업 정합성/타당성 미확인"
"SURVEY-EX11-EX11-01-VALIDITY_REASON","v0.2","EX11","재정회계처","EX11-01","3","VALIDITY_REASON","정합성·발생 상태·타당성 판단의 이유와 고쳐야 할 내용을 작성해 주십시오.","long_text","[]","false","","{""departmentId"":""EX11"",""topicId"":""EX11-01""}","[]","맞는 부분 / 다른 부분 / 다른 원인 / 수정할 병목 문장 / 추가 확인 순서로 작성. 불일치·자료 부족도 유효한 응답.","[""P22"",""P23""]","조사·기획 가설 · 현업 정합성/타당성 미확인"
"SURVEY-EX11-EX11-01-EVIDENCE_BASIS","v0.2","EX11","재정회계처","EX11-01","3","EVIDENCE_BASIS","판단에 사용한 근거는 무엇입니까?","multiple_choice","[{""code"":""EXPERIENCE"",""label"":""직접 처리 경험""},{""code"":""RECORD"",""label"":""기록·로그·문서""},{""code"":""EXPLANATION"",""label"":""다른 담당자의 설명""},{""code"":""PUBLIC"",""label"":""공개자료""},{""code"":""INFERENCE"",""label"":""추정·개인 의견""},{""code"":""NONE"",""label"":""별도 근거 미확보""}]","false","{""field"":""SCOPE_MATCH"",""notIn"":[""MISMATCH"",""OTHER_OWNER"",""UNKNOWN""]}","{""departmentId"":""EX11"",""topicId"":""EX11-01""}","[""NONE""]","경험과 기록은 함께 선택 가능. NONE은 다른 근거와 동시 선택하지 않음. 유형 선택만으로 검증 완료 처리하지 않음.","[""P22"",""P23""]","조사·기획 가설 · 현업 정합성/타당성 미확인"
"SURVEY-EX11-EX11-01-ACTUAL_CASE","v0.2","EX11","재정회계처","EX11-01","3","ACTUAL_CASE","공유 가능한 사례가 있다면 언제·어느 단계·누구에게 어떤 결과나 부담이 발생했는지 작성해 주십시오.","long_text","[]","false","{""all"":[{""field"":""SCOPE_MATCH"",""notIn"":[""MISMATCH"",""OTHER_OWNER"",""UNKNOWN""]},{""field"":""CURRENT_STATE"",""in"":[""OBSERVED"",""CONDITIONAL""]}]}","{""departmentId"":""EX11"",""topicId"":""EX11-01""}","[]","가명 사건 유형·기간·빈도 근거·영향·현재 대응만 작성. 이름·차량번호·연락처·질병정보·원문 민원은 입력하지 않음. 수치는 실측/집계/추정을 구분.","[""P22"",""P23""]","조사·기획 가설 · 현업 정합성/타당성 미확인"
"SURVEY-EX11-EX11-01-COUNTER_EVIDENCE","v0.2","EX11","재정회계처","EX11-01","3","COUNTER_EVIDENCE","문제 없이 완료했거나 제시한 설명과 다른 사례, 다른 원인이 있습니까?","long_text","[]","false","{""field"":""SCOPE_MATCH"",""notIn"":[""MISMATCH"",""OTHER_OWNER"",""UNKNOWN""]}","{""departmentId"":""EX11"",""topicId"":""EX11-01""}","[]","없음·직접 확인 못함도 작성 가능. 반대 사례와 소수 의견은 유지.","[""P22"",""P23""]","조사·기획 가설 · 현업 정합성/타당성 미확인"
"SURVEY-EX11-EX11-01-EXISTING_RESPONSE","v0.2","EX11","재정회계처","EX11-01","3","EXISTING_RESPONSE","현재 시스템·AI·서식·규칙·협의절차로 해결하는 부분과 남는 문제는 무엇입니까?","long_text","[]","false","{""field"":""SCOPE_MATCH"",""notIn"":[""MISMATCH"",""OTHER_OWNER"",""UNKNOWN""]}","{""departmentId"":""EX11"",""topicId"":""EX11-01""}","[]","이미 충분히 해결된다면 해당 기능·조건·해결 시점을 작성. 기존 계약·추진 중인 사업과 겹치는 범위도 설명.","[""P22"",""P23""]","조사·기획 가설 · 현업 정합성/타당성 미확인"
"SURVEY-EX11-EX11-01-IMPROVEMENT_METHOD","v0.2","EX11","재정회계처","EX11-01","3","IMPROVEMENT_METHOD","개선이 필요하다면 어떤 방식이 적절하다고 봅니까?","multiple_choice","[{""code"":""EXISTING"",""label"":""기존 기능·운영 개선""},{""code"":""DATA"",""label"":""자료·서식·식별키 정비""},{""code"":""RULE_API"",""label"":""정형 규칙·시스템 연계""},{""code"":""AI"",""label"":""NOA 등 AI 추가 적용""},{""code"":""INSTITUTION"",""label"":""인력·공급·재원·제도 개선""},{""code"":""NO_NEED"",""label"":""추가 개선 필요 없음""},{""code"":""UNKNOWN"",""label"":""판단자료 부족""}]","false","{""field"":""SCOPE_MATCH"",""notIn"":[""MISMATCH"",""OTHER_OWNER"",""UNKNOWN""]}","{""departmentId"":""EX11"",""topicId"":""EX11-01""}","[""NO_NEED"",""UNKNOWN""]","여러 개선 방식의 결합 가능. NO_NEED·UNKNOWN은 다른 방식과 동시에 선택하지 않음. AI 미선택 시 AI 세부 질문을 건너뜀.","[""P22"",""P23""]","조사·기획 가설 · 현업 정합성/타당성 미확인"
"SURVEY-EX11-EX11-01-AI_ADDED_VALUE","v0.2","EX11","재정회계처","EX11-01","3","AI_ADDED_VALUE","NOA 등 AI를 추가하면 기존 도구·정형 개선으로 달성하기 어려운 어떤 결과를 얻을 수 있습니까?","long_text","[]","false","{""all"":[{""field"":""SCOPE_MATCH"",""notIn"":[""MISMATCH"",""OTHER_OWNER"",""UNKNOWN""]},{""field"":""IMPROVEMENT_METHOD"",""includes"":""AI""}]}","{""departmentId"":""EX11"",""topicId"":""EX11-01""}","[]","기능 이름보다 달라질 판단·수행·국민/기업 결과를 작성. 기대와 실제 입증을 구분.","[""P22"",""P23""]","조사·기획 가설 · 현업 정합성/타당성 미확인"
"SURVEY-EX11-EX11-01-FEASIBILITY_CONDITIONS","v0.2","EX11","재정회계처","EX11-01","3","FEASIBILITY_CONDITIONS","추가 AI 적용을 위해 어떤 자료·연계·권한·전문 검수·운영조건을 확보해야 합니까?","long_text","[]","false","{""all"":[{""field"":""SCOPE_MATCH"",""notIn"":[""MISMATCH"",""OTHER_OWNER"",""UNKNOWN""]},{""field"":""IMPROVEMENT_METHOD"",""includes"":""AI""}]}","{""departmentId"":""EX11"",""topicId"":""EX11-01""}","[]","실제 설치본·사용권·기존 서버·조회/실행 경계·오류 복구·인수 역할 확인. 새로운 인프라 구매 없는 검토 전제.","[""P22"",""P23""]","조사·기획 가설 · 현업 정합성/타당성 미확인"
"SURVEY-EX11-EX11-01-RISK_AND_CONCERN","v0.2","EX11","재정회계처","EX11-01","3","RISK_AND_CONCERN","제안 방식이 오판·과다 보완·정보 노출·추가 업무·이용자 배제 등을 일으킬 조건은 무엇입니까?","long_text","[]","false","{""field"":""SCOPE_MATCH"",""notIn"":[""MISMATCH"",""OTHER_OWNER"",""UNKNOWN""]}","{""departmentId"":""EX11"",""topicId"":""EX11-01""}","[]","문제 없다고 단정하지 않고 예상·관찰·미확인을 구분. AI 이외 개선의 우려도 작성.","[""P22"",""P23""]","조사·기획 가설 · 현업 정합성/타당성 미확인"
"SURVEY-EX11-EX11-01-EFFECT_AND_MEASUREMENT","v0.2","EX11","재정회계처","EX11-01","3","EFFECT_AND_MEASUREMENT","제시한 효과 지표가 적절합니까? 실제 기록으로 확인할 결과와 측정하기 어려운 부분을 작성해 주십시오.","long_text","[]","false","{""field"":""SCOPE_MATCH"",""notIn"":[""MISMATCH"",""OTHER_OWNER"",""UNKNOWN""]}","{""departmentId"":""EX11"",""topicId"":""EX11-01""}","[]","분모·관측기간·비교조건·중요 오류·과잉처리·대기/활동시간을 구분. 개선율·목표값을 임의로 만들지 않음.","[""P22"",""P23""]","조사·기획 가설 · 현업 정합성/타당성 미확인"
"SURVEY-EX11-EX11-01-ALTERNATIVE_PROPOSAL","v0.2","EX11","재정회계처","EX11-01","3","ALTERNATIVE_PROPOSAL","제안된 CCK 적용 방법을 수정·축소·제외하거나 다른 방법으로 해결할 의견이 있습니까?","long_text","[]","false","{""field"":""SCOPE_MATCH"",""notIn"":[""MISMATCH"",""OTHER_OWNER"",""UNKNOWN""]}","{""departmentId"":""EX11"",""topicId"":""EX11-01""}","[]","기존 기능으로 충분 / 정형 개선 우선 / 책임·권한 문제 / 대안과 필요한 조건 등 자유 작성.","[""P22"",""P23""]","조사·기획 가설 · 현업 정합성/타당성 미확인"
"SURVEY-EX11-EX11-01-PRIORITY_REASON","v0.2","EX11","재정회계처","EX11-01","3","PRIORITY_REASON","이 문제를 다른 업무와 비교하여 왜 먼저 검토하거나 뒤로 미루어야 합니까?","long_text","[]","false","{""field"":""SCOPE_MATCH"",""notIn"":[""MISMATCH"",""OTHER_OWNER"",""UNKNOWN""]}","{""departmentId"":""EX11"",""topicId"":""EX11-01""}","[]","안전·국민/기업 편익·빈도·심각도·가용 자료·실행조건을 근거로 설명. 개선 필요 없음도 가능. 자동 점수 합산으로 사업 선정하지 않음.","[""P22"",""P23""]","조사·기획 가설 · 현업 정합성/타당성 미확인"
"SURVEY-EX11-COMMON-OTHER_WORK_DIFFICULTY","v0.2","EX11","재정회계처","COMMON","4","OTHER_WORK_DIFFICULTY","제시된 병목 외에 업무처리나 정확한 판단을 어렵게 만드는 지점은 무엇입니까?","long_text","[]","false","","{""departmentId"":""EX11"",""topicId"":""COMMON""}","[]","업무 / 발생 단계 / 대상 / 현재 대응 / 남는 문제 / 근거를 작성. 없음·담당 아님·미확인도 명시 가능.","[""CCK-NOA"",""CTX-01"",""BOUNDARY-01""]","공통 설명·추가 의견"
"SURVEY-EX11-COMMON-PUBLIC_SERVICE_ISSUE","v0.2","EX11","재정회계처","COMMON","4","PUBLIC_SERVICE_ISSUE","국민·기업이 안전·검사·자격·교통 서비스를 이용할 때 추가로 겪는 불편이나 권익 문제는 무엇입니까?","long_text","[]","false","","{""departmentId"":""EX11"",""topicId"":""COMMON""}","[]","대상자 / 원하는 결과 / 현재 경로 / 반복 설명·보완·방문·접근성 / 확인 근거. 현업의 추정과 이용자의 직접 의견을 구분.","[""CCK-NOA"",""CTX-01"",""BOUNDARY-01""]","공통 설명·추가 의견"
"SURVEY-EX11-COMMON-NEW_PROBLEM","v0.2","EX11","재정회계처","COMMON","4","NEW_PROBLEM","이번 조사에서 빠진 문제나 다른 원인 설명이 있다면 작성해 주십시오.","long_text","[]","false","","{""departmentId"":""EX11"",""topicId"":""COMMON""}","[]","기존 병목의 수정인지 별도 문제인지, 소관 후보·현재 대응·우선 이유를 설명. 없으면 없음으로 작성.","[""CCK-NOA"",""CTX-01"",""BOUNDARY-01""]","공통 설명·추가 의견"
"SURVEY-EX11-COMMON-AX_EXPANSION_OPINION","v0.2","EX11","재정회계처","COMMON","4","AX_EXPANSION_OPINION","현재 플랫폼을 확대한다면 어떤 업무의 어떤 결과를 우선 개선해야 합니까?","long_text","[]","false","","{""departmentId"":""EX11"",""topicId"":""COMMON""}","[]","현재 기능 → 남는 어려움 → 필요한 새 능력 → 업무·역할 변화 → 기관/국민 편익. 확대 불필요·비AI 대안도 가능.","[""CCK-NOA"",""CTX-01"",""BOUNDARY-01""]","공통 설명·추가 의견"
"SURVEY-EX11-COMMON-EXPANSION_LIMIT","v0.2","EX11","재정회계처","COMMON","4","EXPANSION_LIMIT","별도 전문시스템이나 권한자의 판단에 남겨야 할 범위와 확대 제약은 무엇입니까?","long_text","[]","false","","{""departmentId"":""EX11"",""topicId"":""COMMON""}","[]","공식 안전·자격·의료·처분·승인/지급 책임, 자료 이용·운영·비용 조건을 설명. 실행본 확인은 제품 담당 보충지 S01~S04와 연결.","[""CCK-NOA"",""CTX-01"",""BOUNDARY-01""]","공통 설명·추가 의견"
"SURVEY-EX12-COMMON-ROLE","v0.2","EX12","자산인프라처","COMMON","2","ROLE","이번 의견을 작성하는 업무 역할은 무엇입니까?","single_choice","[{""code"":""WORK"",""label"":""업무 담당""},{""code"":""REVIEW"",""label"":""검토·승인""},{""code"":""PLANNING"",""label"":""기획·성과""},{""code"":""TECH"",""label"":""정보화·제품·운영""},{""code"":""SECURITY"",""label"":""자료·보안""},{""code"":""OTHER"",""label"":""그 밖의 역할""},{""code"":""UNKNOWN"",""label"":""역할 설명 보완 필요""}]","false","","{""departmentId"":""EX12"",""topicId"":""COMMON""}","[]","실명·연락처 대신 역할만 작성. 담당 처는 해당 양식에서 지정.","[""CCK-NOA"",""CTX-01"",""BOUNDARY-01""]","공통 설명·추가 의견"
"SURVEY-EX12-COMMON-POSITION","v0.2","EX12","자산인프라처","COMMON","2","POSITION","이 응답은 어떤 범위의 의견입니까?","single_choice","[{""code"":""INDIVIDUAL"",""label"":""개인의 업무 경험·의견""},{""code"":""CONSULTED"",""label"":""부서 내 확인을 거친 의견""},{""code"":""OFFICIAL"",""label"":""권한자가 확인한 공식 회신""},{""code"":""UNKNOWN"",""label"":""범위 미확인""}]","false","","{""departmentId"":""EX12"",""topicId"":""COMMON""}","[]","공식 회신 선택만으로 도입·예산·자료 이용승인이 생기는 것은 아님. 확인 근거는 별도 검토.","[""CCK-NOA"",""CTX-01"",""BOUNDARY-01""]","공통 설명·추가 의견"
"SURVEY-EX12-COMMON-CURRENT_USE","v0.2","EX12","자산인프라처","COMMON","2","CURRENT_USE","현재 NOA 또는 AI 공통플랫폼을 어떤 업무에 사용하거나 확인하고 있습니까? 사용하지 않거나 기능을 모르는 경우도 작성해 주십시오.","long_text","[]","false","","{""departmentId"":""EX12"",""topicId"":""COMMON""}","[]","실제 사용 기능·업무·남는 어려움 중심. 제공된 제품 소개를 실제 설치본 기능으로 옮겨 적지 않음.","[""CCK-NOA"",""CTX-01"",""BOUNDARY-01""]","공통 설명·추가 의견"
"SURVEY-EX12-EX12-01-SCOPE_MATCH","v0.2","EX12","자산인프라처","EX12-01","3","SCOPE_MATCH","제시한 업무·대상·처리단계가 귀 처의 실제 담당 범위와 일치합니까?","single_choice","[{""code"":""MATCH"",""label"":""일치""},{""code"":""PARTIAL"",""label"":""일부 수정 필요""},{""code"":""MISMATCH"",""label"":""현재 업무와 불일치""},{""code"":""OTHER_OWNER"",""label"":""다른 부서·기관 소관""},{""code"":""UNKNOWN"",""label"":""판단자료 부족""}]","false","","{""departmentId"":""EX12"",""topicId"":""EX12-01""}","[]","조직명 일치와 실제 수행·결정권한은 구분. 다른 소관이면 수정 의견만 선택 작성.","[""P18""]","조사·기획 가설 · 현업 정합성/타당성 미확인"
"SURVEY-EX12-EX12-01-CURRENT_STATE","v0.2","EX12","자산인프라처","EX12-01","3","CURRENT_STATE","제시한 병목이 현재 발생하는지 어떤 상태로 확인하고 있습니까?","single_choice","[{""code"":""OBSERVED"",""label"":""현재 발생 확인""},{""code"":""CONDITIONAL"",""label"":""특정 조건에서 발생 확인""},{""code"":""RESOLVED"",""label"":""과거 발생했으나 해결됨""},{""code"":""NO_PROBLEM_OBSERVED"",""label"":""확인한 범위에서 발생하지 않음""},{""code"":""NO_DIRECT_EXPERIENCE"",""label"":""직접 확인한 경험 없음""},{""code"":""UNKNOWN"",""label"":""확인 불가""}]","false","{""field"":""SCOPE_MATCH"",""notIn"":[""MISMATCH"",""OTHER_OWNER"",""UNKNOWN""]}","{""departmentId"":""EX12"",""topicId"":""EX12-01""}","[]","미관찰을 전체 문제 없음으로 확대하지 않음. 해결됨이면 해결 기능·시점·범위를 기록.","[""P18""]","조사·기획 가설 · 현업 정합성/타당성 미확인"
"SURVEY-EX12-EX12-01-BOTTLENECK_VALIDITY","v0.2","EX12","자산인프라처","EX12-01","3","BOTTLENECK_VALIDITY","제시한 병목 설명과 원인 가설이 실제 상황을 설명하는 데 타당합니까?","single_choice","[{""code"":""VALID"",""label"":""타당""},{""code"":""CONDITIONAL"",""label"":""조건부 타당""},{""code"":""INVALID"",""label"":""타당하지 않음""},{""code"":""UNKNOWN"",""label"":""판단자료 부족""}]","false","{""field"":""SCOPE_MATCH"",""notIn"":[""MISMATCH"",""OTHER_OWNER"",""UNKNOWN""]}","{""departmentId"":""EX12"",""topicId"":""EX12-01""}","[]","업무 담당 여부·현재 발생 상태·우선순위와 별도 판단. 제안 제품의 도입 찬반 질문이 아님.","[""P18""]","조사·기획 가설 · 현업 정합성/타당성 미확인"
"SURVEY-EX12-EX12-01-VALIDITY_REASON","v0.2","EX12","자산인프라처","EX12-01","3","VALIDITY_REASON","정합성·발생 상태·타당성 판단의 이유와 고쳐야 할 내용을 작성해 주십시오.","long_text","[]","false","","{""departmentId"":""EX12"",""topicId"":""EX12-01""}","[]","맞는 부분 / 다른 부분 / 다른 원인 / 수정할 병목 문장 / 추가 확인 순서로 작성. 불일치·자료 부족도 유효한 응답.","[""P18""]","조사·기획 가설 · 현업 정합성/타당성 미확인"
"SURVEY-EX12-EX12-01-EVIDENCE_BASIS","v0.2","EX12","자산인프라처","EX12-01","3","EVIDENCE_BASIS","판단에 사용한 근거는 무엇입니까?","multiple_choice","[{""code"":""EXPERIENCE"",""label"":""직접 처리 경험""},{""code"":""RECORD"",""label"":""기록·로그·문서""},{""code"":""EXPLANATION"",""label"":""다른 담당자의 설명""},{""code"":""PUBLIC"",""label"":""공개자료""},{""code"":""INFERENCE"",""label"":""추정·개인 의견""},{""code"":""NONE"",""label"":""별도 근거 미확보""}]","false","{""field"":""SCOPE_MATCH"",""notIn"":[""MISMATCH"",""OTHER_OWNER"",""UNKNOWN""]}","{""departmentId"":""EX12"",""topicId"":""EX12-01""}","[""NONE""]","경험과 기록은 함께 선택 가능. NONE은 다른 근거와 동시 선택하지 않음. 유형 선택만으로 검증 완료 처리하지 않음.","[""P18""]","조사·기획 가설 · 현업 정합성/타당성 미확인"
"SURVEY-EX12-EX12-01-ACTUAL_CASE","v0.2","EX12","자산인프라처","EX12-01","3","ACTUAL_CASE","공유 가능한 사례가 있다면 언제·어느 단계·누구에게 어떤 결과나 부담이 발생했는지 작성해 주십시오.","long_text","[]","false","{""all"":[{""field"":""SCOPE_MATCH"",""notIn"":[""MISMATCH"",""OTHER_OWNER"",""UNKNOWN""]},{""field"":""CURRENT_STATE"",""in"":[""OBSERVED"",""CONDITIONAL""]}]}","{""departmentId"":""EX12"",""topicId"":""EX12-01""}","[]","가명 사건 유형·기간·빈도 근거·영향·현재 대응만 작성. 이름·차량번호·연락처·질병정보·원문 민원은 입력하지 않음. 수치는 실측/집계/추정을 구분.","[""P18""]","조사·기획 가설 · 현업 정합성/타당성 미확인"
"SURVEY-EX12-EX12-01-COUNTER_EVIDENCE","v0.2","EX12","자산인프라처","EX12-01","3","COUNTER_EVIDENCE","문제 없이 완료했거나 제시한 설명과 다른 사례, 다른 원인이 있습니까?","long_text","[]","false","{""field"":""SCOPE_MATCH"",""notIn"":[""MISMATCH"",""OTHER_OWNER"",""UNKNOWN""]}","{""departmentId"":""EX12"",""topicId"":""EX12-01""}","[]","없음·직접 확인 못함도 작성 가능. 반대 사례와 소수 의견은 유지.","[""P18""]","조사·기획 가설 · 현업 정합성/타당성 미확인"
"SURVEY-EX12-EX12-01-EXISTING_RESPONSE","v0.2","EX12","자산인프라처","EX12-01","3","EXISTING_RESPONSE","현재 시스템·AI·서식·규칙·협의절차로 해결하는 부분과 남는 문제는 무엇입니까?","long_text","[]","false","{""field"":""SCOPE_MATCH"",""notIn"":[""MISMATCH"",""OTHER_OWNER"",""UNKNOWN""]}","{""departmentId"":""EX12"",""topicId"":""EX12-01""}","[]","이미 충분히 해결된다면 해당 기능·조건·해결 시점을 작성. 기존 계약·추진 중인 사업과 겹치는 범위도 설명.","[""P18""]","조사·기획 가설 · 현업 정합성/타당성 미확인"
"SURVEY-EX12-EX12-01-IMPROVEMENT_METHOD","v0.2","EX12","자산인프라처","EX12-01","3","IMPROVEMENT_METHOD","개선이 필요하다면 어떤 방식이 적절하다고 봅니까?","multiple_choice","[{""code"":""EXISTING"",""label"":""기존 기능·운영 개선""},{""code"":""DATA"",""label"":""자료·서식·식별키 정비""},{""code"":""RULE_API"",""label"":""정형 규칙·시스템 연계""},{""code"":""AI"",""label"":""NOA 등 AI 추가 적용""},{""code"":""INSTITUTION"",""label"":""인력·공급·재원·제도 개선""},{""code"":""NO_NEED"",""label"":""추가 개선 필요 없음""},{""code"":""UNKNOWN"",""label"":""판단자료 부족""}]","false","{""field"":""SCOPE_MATCH"",""notIn"":[""MISMATCH"",""OTHER_OWNER"",""UNKNOWN""]}","{""departmentId"":""EX12"",""topicId"":""EX12-01""}","[""NO_NEED"",""UNKNOWN""]","여러 개선 방식의 결합 가능. NO_NEED·UNKNOWN은 다른 방식과 동시에 선택하지 않음. AI 미선택 시 AI 세부 질문을 건너뜀.","[""P18""]","조사·기획 가설 · 현업 정합성/타당성 미확인"
"SURVEY-EX12-EX12-01-AI_ADDED_VALUE","v0.2","EX12","자산인프라처","EX12-01","3","AI_ADDED_VALUE","NOA 등 AI를 추가하면 기존 도구·정형 개선으로 달성하기 어려운 어떤 결과를 얻을 수 있습니까?","long_text","[]","false","{""all"":[{""field"":""SCOPE_MATCH"",""notIn"":[""MISMATCH"",""OTHER_OWNER"",""UNKNOWN""]},{""field"":""IMPROVEMENT_METHOD"",""includes"":""AI""}]}","{""departmentId"":""EX12"",""topicId"":""EX12-01""}","[]","기능 이름보다 달라질 판단·수행·국민/기업 결과를 작성. 기대와 실제 입증을 구분.","[""P18""]","조사·기획 가설 · 현업 정합성/타당성 미확인"
"SURVEY-EX12-EX12-01-FEASIBILITY_CONDITIONS","v0.2","EX12","자산인프라처","EX12-01","3","FEASIBILITY_CONDITIONS","추가 AI 적용을 위해 어떤 자료·연계·권한·전문 검수·운영조건을 확보해야 합니까?","long_text","[]","false","{""all"":[{""field"":""SCOPE_MATCH"",""notIn"":[""MISMATCH"",""OTHER_OWNER"",""UNKNOWN""]},{""field"":""IMPROVEMENT_METHOD"",""includes"":""AI""}]}","{""departmentId"":""EX12"",""topicId"":""EX12-01""}","[]","실제 설치본·사용권·기존 서버·조회/실행 경계·오류 복구·인수 역할 확인. 새로운 인프라 구매 없는 검토 전제.","[""P18""]","조사·기획 가설 · 현업 정합성/타당성 미확인"
"SURVEY-EX12-EX12-01-RISK_AND_CONCERN","v0.2","EX12","자산인프라처","EX12-01","3","RISK_AND_CONCERN","제안 방식이 오판·과다 보완·정보 노출·추가 업무·이용자 배제 등을 일으킬 조건은 무엇입니까?","long_text","[]","false","{""field"":""SCOPE_MATCH"",""notIn"":[""MISMATCH"",""OTHER_OWNER"",""UNKNOWN""]}","{""departmentId"":""EX12"",""topicId"":""EX12-01""}","[]","문제 없다고 단정하지 않고 예상·관찰·미확인을 구분. AI 이외 개선의 우려도 작성.","[""P18""]","조사·기획 가설 · 현업 정합성/타당성 미확인"
"SURVEY-EX12-EX12-01-EFFECT_AND_MEASUREMENT","v0.2","EX12","자산인프라처","EX12-01","3","EFFECT_AND_MEASUREMENT","제시한 효과 지표가 적절합니까? 실제 기록으로 확인할 결과와 측정하기 어려운 부분을 작성해 주십시오.","long_text","[]","false","{""field"":""SCOPE_MATCH"",""notIn"":[""MISMATCH"",""OTHER_OWNER"",""UNKNOWN""]}","{""departmentId"":""EX12"",""topicId"":""EX12-01""}","[]","분모·관측기간·비교조건·중요 오류·과잉처리·대기/활동시간을 구분. 개선율·목표값을 임의로 만들지 않음.","[""P18""]","조사·기획 가설 · 현업 정합성/타당성 미확인"
"SURVEY-EX12-EX12-01-ALTERNATIVE_PROPOSAL","v0.2","EX12","자산인프라처","EX12-01","3","ALTERNATIVE_PROPOSAL","제안된 CCK 적용 방법을 수정·축소·제외하거나 다른 방법으로 해결할 의견이 있습니까?","long_text","[]","false","{""field"":""SCOPE_MATCH"",""notIn"":[""MISMATCH"",""OTHER_OWNER"",""UNKNOWN""]}","{""departmentId"":""EX12"",""topicId"":""EX12-01""}","[]","기존 기능으로 충분 / 정형 개선 우선 / 책임·권한 문제 / 대안과 필요한 조건 등 자유 작성.","[""P18""]","조사·기획 가설 · 현업 정합성/타당성 미확인"
"SURVEY-EX12-EX12-01-PRIORITY_REASON","v0.2","EX12","자산인프라처","EX12-01","3","PRIORITY_REASON","이 문제를 다른 업무와 비교하여 왜 먼저 검토하거나 뒤로 미루어야 합니까?","long_text","[]","false","{""field"":""SCOPE_MATCH"",""notIn"":[""MISMATCH"",""OTHER_OWNER"",""UNKNOWN""]}","{""departmentId"":""EX12"",""topicId"":""EX12-01""}","[]","안전·국민/기업 편익·빈도·심각도·가용 자료·실행조건을 근거로 설명. 개선 필요 없음도 가능. 자동 점수 합산으로 사업 선정하지 않음.","[""P18""]","조사·기획 가설 · 현업 정합성/타당성 미확인"
"SURVEY-EX12-COMMON-OTHER_WORK_DIFFICULTY","v0.2","EX12","자산인프라처","COMMON","4","OTHER_WORK_DIFFICULTY","제시된 병목 외에 업무처리나 정확한 판단을 어렵게 만드는 지점은 무엇입니까?","long_text","[]","false","","{""departmentId"":""EX12"",""topicId"":""COMMON""}","[]","업무 / 발생 단계 / 대상 / 현재 대응 / 남는 문제 / 근거를 작성. 없음·담당 아님·미확인도 명시 가능.","[""CCK-NOA"",""CTX-01"",""BOUNDARY-01""]","공통 설명·추가 의견"
"SURVEY-EX12-COMMON-PUBLIC_SERVICE_ISSUE","v0.2","EX12","자산인프라처","COMMON","4","PUBLIC_SERVICE_ISSUE","국민·기업이 안전·검사·자격·교통 서비스를 이용할 때 추가로 겪는 불편이나 권익 문제는 무엇입니까?","long_text","[]","false","","{""departmentId"":""EX12"",""topicId"":""COMMON""}","[]","대상자 / 원하는 결과 / 현재 경로 / 반복 설명·보완·방문·접근성 / 확인 근거. 현업의 추정과 이용자의 직접 의견을 구분.","[""CCK-NOA"",""CTX-01"",""BOUNDARY-01""]","공통 설명·추가 의견"
"SURVEY-EX12-COMMON-NEW_PROBLEM","v0.2","EX12","자산인프라처","COMMON","4","NEW_PROBLEM","이번 조사에서 빠진 문제나 다른 원인 설명이 있다면 작성해 주십시오.","long_text","[]","false","","{""departmentId"":""EX12"",""topicId"":""COMMON""}","[]","기존 병목의 수정인지 별도 문제인지, 소관 후보·현재 대응·우선 이유를 설명. 없으면 없음으로 작성.","[""CCK-NOA"",""CTX-01"",""BOUNDARY-01""]","공통 설명·추가 의견"
"SURVEY-EX12-COMMON-AX_EXPANSION_OPINION","v0.2","EX12","자산인프라처","COMMON","4","AX_EXPANSION_OPINION","현재 플랫폼을 확대한다면 어떤 업무의 어떤 결과를 우선 개선해야 합니까?","long_text","[]","false","","{""departmentId"":""EX12"",""topicId"":""COMMON""}","[]","현재 기능 → 남는 어려움 → 필요한 새 능력 → 업무·역할 변화 → 기관/국민 편익. 확대 불필요·비AI 대안도 가능.","[""CCK-NOA"",""CTX-01"",""BOUNDARY-01""]","공통 설명·추가 의견"
"SURVEY-EX12-COMMON-EXPANSION_LIMIT","v0.2","EX12","자산인프라처","COMMON","4","EXPANSION_LIMIT","별도 전문시스템이나 권한자의 판단에 남겨야 할 범위와 확대 제약은 무엇입니까?","long_text","[]","false","","{""departmentId"":""EX12"",""topicId"":""COMMON""}","[]","공식 안전·자격·의료·처분·승인/지급 책임, 자료 이용·운영·비용 조건을 설명. 실행본 확인은 제품 담당 보충지 S01~S04와 연결.","[""CCK-NOA"",""CTX-01"",""BOUNDARY-01""]","공통 설명·추가 의견"
"SURVEY-MR-COMMON-ROLE","v0.2","MR","모빌리티연구처","COMMON","2","ROLE","이번 의견을 작성하는 업무 역할은 무엇입니까?","single_choice","[{""code"":""WORK"",""label"":""업무 담당""},{""code"":""REVIEW"",""label"":""검토·승인""},{""code"":""PLANNING"",""label"":""기획·성과""},{""code"":""TECH"",""label"":""정보화·제품·운영""},{""code"":""SECURITY"",""label"":""자료·보안""},{""code"":""OTHER"",""label"":""그 밖의 역할""},{""code"":""UNKNOWN"",""label"":""역할 설명 보완 필요""}]","false","","{""departmentId"":""MR"",""topicId"":""COMMON""}","[]","실명·연락처 대신 역할만 작성. 담당 처는 해당 양식에서 지정.","[""CCK-NOA"",""CTX-01"",""BOUNDARY-01""]","공통 설명·추가 의견"
"SURVEY-MR-COMMON-POSITION","v0.2","MR","모빌리티연구처","COMMON","2","POSITION","이 응답은 어떤 범위의 의견입니까?","single_choice","[{""code"":""INDIVIDUAL"",""label"":""개인의 업무 경험·의견""},{""code"":""CONSULTED"",""label"":""부서 내 확인을 거친 의견""},{""code"":""OFFICIAL"",""label"":""권한자가 확인한 공식 회신""},{""code"":""UNKNOWN"",""label"":""범위 미확인""}]","false","","{""departmentId"":""MR"",""topicId"":""COMMON""}","[]","공식 회신 선택만으로 도입·예산·자료 이용승인이 생기는 것은 아님. 확인 근거는 별도 검토.","[""CCK-NOA"",""CTX-01"",""BOUNDARY-01""]","공통 설명·추가 의견"
"SURVEY-MR-COMMON-CURRENT_USE","v0.2","MR","모빌리티연구처","COMMON","2","CURRENT_USE","현재 NOA 또는 AI 공통플랫폼을 어떤 업무에 사용하거나 확인하고 있습니까? 사용하지 않거나 기능을 모르는 경우도 작성해 주십시오.","long_text","[]","false","","{""departmentId"":""MR"",""topicId"":""COMMON""}","[]","실제 사용 기능·업무·남는 어려움 중심. 제공된 제품 소개를 실제 설치본 기능으로 옮겨 적지 않음.","[""CCK-NOA"",""CTX-01"",""BOUNDARY-01""]","공통 설명·추가 의견"
"SURVEY-MR-MR-01-SCOPE_MATCH","v0.2","MR","모빌리티연구처","MR-01","3","SCOPE_MATCH","제시한 업무·대상·처리단계가 귀 처의 실제 담당 범위와 일치합니까?","single_choice","[{""code"":""MATCH"",""label"":""일치""},{""code"":""PARTIAL"",""label"":""일부 수정 필요""},{""code"":""MISMATCH"",""label"":""현재 업무와 불일치""},{""code"":""OTHER_OWNER"",""label"":""다른 부서·기관 소관""},{""code"":""UNKNOWN"",""label"":""판단자료 부족""}]","false","","{""departmentId"":""MR"",""topicId"":""MR-01""}","[]","조직명 일치와 실제 수행·결정권한은 구분. 다른 소관이면 수정 의견만 선택 작성.","[""MR-10"",""MR-03"",""MR-12"",""MR-13""]","조사·기획 가설 · 현업 정합성/타당성 미확인"
"SURVEY-MR-MR-01-CURRENT_STATE","v0.2","MR","모빌리티연구처","MR-01","3","CURRENT_STATE","제시한 병목이 현재 발생하는지 어떤 상태로 확인하고 있습니까?","single_choice","[{""code"":""OBSERVED"",""label"":""현재 발생 확인""},{""code"":""CONDITIONAL"",""label"":""특정 조건에서 발생 확인""},{""code"":""RESOLVED"",""label"":""과거 발생했으나 해결됨""},{""code"":""NO_PROBLEM_OBSERVED"",""label"":""확인한 범위에서 발생하지 않음""},{""code"":""NO_DIRECT_EXPERIENCE"",""label"":""직접 확인한 경험 없음""},{""code"":""UNKNOWN"",""label"":""확인 불가""}]","false","{""field"":""SCOPE_MATCH"",""notIn"":[""MISMATCH"",""OTHER_OWNER"",""UNKNOWN""]}","{""departmentId"":""MR"",""topicId"":""MR-01""}","[]","미관찰을 전체 문제 없음으로 확대하지 않음. 해결됨이면 해결 기능·시점·범위를 기록.","[""MR-10"",""MR-03"",""MR-12"",""MR-13""]","조사·기획 가설 · 현업 정합성/타당성 미확인"
"SURVEY-MR-MR-01-BOTTLENECK_VALIDITY","v0.2","MR","모빌리티연구처","MR-01","3","BOTTLENECK_VALIDITY","제시한 병목 설명과 원인 가설이 실제 상황을 설명하는 데 타당합니까?","single_choice","[{""code"":""VALID"",""label"":""타당""},{""code"":""CONDITIONAL"",""label"":""조건부 타당""},{""code"":""INVALID"",""label"":""타당하지 않음""},{""code"":""UNKNOWN"",""label"":""판단자료 부족""}]","false","{""field"":""SCOPE_MATCH"",""notIn"":[""MISMATCH"",""OTHER_OWNER"",""UNKNOWN""]}","{""departmentId"":""MR"",""topicId"":""MR-01""}","[]","업무 담당 여부·현재 발생 상태·우선순위와 별도 판단. 제안 제품의 도입 찬반 질문이 아님.","[""MR-10"",""MR-03"",""MR-12"",""MR-13""]","조사·기획 가설 · 현업 정합성/타당성 미확인"
"SURVEY-MR-MR-01-VALIDITY_REASON","v0.2","MR","모빌리티연구처","MR-01","3","VALIDITY_REASON","정합성·발생 상태·타당성 판단의 이유와 고쳐야 할 내용을 작성해 주십시오.","long_text","[]","false","","{""departmentId"":""MR"",""topicId"":""MR-01""}","[]","맞는 부분 / 다른 부분 / 다른 원인 / 수정할 병목 문장 / 추가 확인 순서로 작성. 불일치·자료 부족도 유효한 응답.","[""MR-10"",""MR-03"",""MR-12"",""MR-13""]","조사·기획 가설 · 현업 정합성/타당성 미확인"
"SURVEY-MR-MR-01-EVIDENCE_BASIS","v0.2","MR","모빌리티연구처","MR-01","3","EVIDENCE_BASIS","판단에 사용한 근거는 무엇입니까?","multiple_choice","[{""code"":""EXPERIENCE"",""label"":""직접 처리 경험""},{""code"":""RECORD"",""label"":""기록·로그·문서""},{""code"":""EXPLANATION"",""label"":""다른 담당자의 설명""},{""code"":""PUBLIC"",""label"":""공개자료""},{""code"":""INFERENCE"",""label"":""추정·개인 의견""},{""code"":""NONE"",""label"":""별도 근거 미확보""}]","false","{""field"":""SCOPE_MATCH"",""notIn"":[""MISMATCH"",""OTHER_OWNER"",""UNKNOWN""]}","{""departmentId"":""MR"",""topicId"":""MR-01""}","[""NONE""]","경험과 기록은 함께 선택 가능. NONE은 다른 근거와 동시 선택하지 않음. 유형 선택만으로 검증 완료 처리하지 않음.","[""MR-10"",""MR-03"",""MR-12"",""MR-13""]","조사·기획 가설 · 현업 정합성/타당성 미확인"
"SURVEY-MR-MR-01-ACTUAL_CASE","v0.2","MR","모빌리티연구처","MR-01","3","ACTUAL_CASE","공유 가능한 사례가 있다면 언제·어느 단계·누구에게 어떤 결과나 부담이 발생했는지 작성해 주십시오.","long_text","[]","false","{""all"":[{""field"":""SCOPE_MATCH"",""notIn"":[""MISMATCH"",""OTHER_OWNER"",""UNKNOWN""]},{""field"":""CURRENT_STATE"",""in"":[""OBSERVED"",""CONDITIONAL""]}]}","{""departmentId"":""MR"",""topicId"":""MR-01""}","[]","가명 사건 유형·기간·빈도 근거·영향·현재 대응만 작성. 이름·차량번호·연락처·질병정보·원문 민원은 입력하지 않음. 수치는 실측/집계/추정을 구분.","[""MR-10"",""MR-03"",""MR-12"",""MR-13""]","조사·기획 가설 · 현업 정합성/타당성 미확인"
"SURVEY-MR-MR-01-COUNTER_EVIDENCE","v0.2","MR","모빌리티연구처","MR-01","3","COUNTER_EVIDENCE","문제 없이 완료했거나 제시한 설명과 다른 사례, 다른 원인이 있습니까?","long_text","[]","false","{""field"":""SCOPE_MATCH"",""notIn"":[""MISMATCH"",""OTHER_OWNER"",""UNKNOWN""]}","{""departmentId"":""MR"",""topicId"":""MR-01""}","[]","없음·직접 확인 못함도 작성 가능. 반대 사례와 소수 의견은 유지.","[""MR-10"",""MR-03"",""MR-12"",""MR-13""]","조사·기획 가설 · 현업 정합성/타당성 미확인"
"SURVEY-MR-MR-01-EXISTING_RESPONSE","v0.2","MR","모빌리티연구처","MR-01","3","EXISTING_RESPONSE","현재 시스템·AI·서식·규칙·협의절차로 해결하는 부분과 남는 문제는 무엇입니까?","long_text","[]","false","{""field"":""SCOPE_MATCH"",""notIn"":[""MISMATCH"",""OTHER_OWNER"",""UNKNOWN""]}","{""departmentId"":""MR"",""topicId"":""MR-01""}","[]","이미 충분히 해결된다면 해당 기능·조건·해결 시점을 작성. 기존 계약·추진 중인 사업과 겹치는 범위도 설명.","[""MR-10"",""MR-03"",""MR-12"",""MR-13""]","조사·기획 가설 · 현업 정합성/타당성 미확인"
"SURVEY-MR-MR-01-IMPROVEMENT_METHOD","v0.2","MR","모빌리티연구처","MR-01","3","IMPROVEMENT_METHOD","개선이 필요하다면 어떤 방식이 적절하다고 봅니까?","multiple_choice","[{""code"":""EXISTING"",""label"":""기존 기능·운영 개선""},{""code"":""DATA"",""label"":""자료·서식·식별키 정비""},{""code"":""RULE_API"",""label"":""정형 규칙·시스템 연계""},{""code"":""AI"",""label"":""NOA 등 AI 추가 적용""},{""code"":""INSTITUTION"",""label"":""인력·공급·재원·제도 개선""},{""code"":""NO_NEED"",""label"":""추가 개선 필요 없음""},{""code"":""UNKNOWN"",""label"":""판단자료 부족""}]","false","{""field"":""SCOPE_MATCH"",""notIn"":[""MISMATCH"",""OTHER_OWNER"",""UNKNOWN""]}","{""departmentId"":""MR"",""topicId"":""MR-01""}","[""NO_NEED"",""UNKNOWN""]","여러 개선 방식의 결합 가능. NO_NEED·UNKNOWN은 다른 방식과 동시에 선택하지 않음. AI 미선택 시 AI 세부 질문을 건너뜀.","[""MR-10"",""MR-03"",""MR-12"",""MR-13""]","조사·기획 가설 · 현업 정합성/타당성 미확인"
"SURVEY-MR-MR-01-AI_ADDED_VALUE","v0.2","MR","모빌리티연구처","MR-01","3","AI_ADDED_VALUE","NOA 등 AI를 추가하면 기존 도구·정형 개선으로 달성하기 어려운 어떤 결과를 얻을 수 있습니까?","long_text","[]","false","{""all"":[{""field"":""SCOPE_MATCH"",""notIn"":[""MISMATCH"",""OTHER_OWNER"",""UNKNOWN""]},{""field"":""IMPROVEMENT_METHOD"",""includes"":""AI""}]}","{""departmentId"":""MR"",""topicId"":""MR-01""}","[]","기능 이름보다 달라질 판단·수행·국민/기업 결과를 작성. 기대와 실제 입증을 구분.","[""MR-10"",""MR-03"",""MR-12"",""MR-13""]","조사·기획 가설 · 현업 정합성/타당성 미확인"
"SURVEY-MR-MR-01-FEASIBILITY_CONDITIONS","v0.2","MR","모빌리티연구처","MR-01","3","FEASIBILITY_CONDITIONS","추가 AI 적용을 위해 어떤 자료·연계·권한·전문 검수·운영조건을 확보해야 합니까?","long_text","[]","false","{""all"":[{""field"":""SCOPE_MATCH"",""notIn"":[""MISMATCH"",""OTHER_OWNER"",""UNKNOWN""]},{""field"":""IMPROVEMENT_METHOD"",""includes"":""AI""}]}","{""departmentId"":""MR"",""topicId"":""MR-01""}","[]","실제 설치본·사용권·기존 서버·조회/실행 경계·오류 복구·인수 역할 확인. 새로운 인프라 구매 없는 검토 전제.","[""MR-10"",""MR-03"",""MR-12"",""MR-13""]","조사·기획 가설 · 현업 정합성/타당성 미확인"
"SURVEY-MR-MR-01-RISK_AND_CONCERN","v0.2","MR","모빌리티연구처","MR-01","3","RISK_AND_CONCERN","제안 방식이 오판·과다 보완·정보 노출·추가 업무·이용자 배제 등을 일으킬 조건은 무엇입니까?","long_text","[]","false","{""field"":""SCOPE_MATCH"",""notIn"":[""MISMATCH"",""OTHER_OWNER"",""UNKNOWN""]}","{""departmentId"":""MR"",""topicId"":""MR-01""}","[]","문제 없다고 단정하지 않고 예상·관찰·미확인을 구분. AI 이외 개선의 우려도 작성.","[""MR-10"",""MR-03"",""MR-12"",""MR-13""]","조사·기획 가설 · 현업 정합성/타당성 미확인"
"SURVEY-MR-MR-01-EFFECT_AND_MEASUREMENT","v0.2","MR","모빌리티연구처","MR-01","3","EFFECT_AND_MEASUREMENT","제시한 효과 지표가 적절합니까? 실제 기록으로 확인할 결과와 측정하기 어려운 부분을 작성해 주십시오.","long_text","[]","false","{""field"":""SCOPE_MATCH"",""notIn"":[""MISMATCH"",""OTHER_OWNER"",""UNKNOWN""]}","{""departmentId"":""MR"",""topicId"":""MR-01""}","[]","분모·관측기간·비교조건·중요 오류·과잉처리·대기/활동시간을 구분. 개선율·목표값을 임의로 만들지 않음.","[""MR-10"",""MR-03"",""MR-12"",""MR-13""]","조사·기획 가설 · 현업 정합성/타당성 미확인"
"SURVEY-MR-MR-01-ALTERNATIVE_PROPOSAL","v0.2","MR","모빌리티연구처","MR-01","3","ALTERNATIVE_PROPOSAL","제안된 CCK 적용 방법을 수정·축소·제외하거나 다른 방법으로 해결할 의견이 있습니까?","long_text","[]","false","{""field"":""SCOPE_MATCH"",""notIn"":[""MISMATCH"",""OTHER_OWNER"",""UNKNOWN""]}","{""departmentId"":""MR"",""topicId"":""MR-01""}","[]","기존 기능으로 충분 / 정형 개선 우선 / 책임·권한 문제 / 대안과 필요한 조건 등 자유 작성.","[""MR-10"",""MR-03"",""MR-12"",""MR-13""]","조사·기획 가설 · 현업 정합성/타당성 미확인"
"SURVEY-MR-MR-01-PRIORITY_REASON","v0.2","MR","모빌리티연구처","MR-01","3","PRIORITY_REASON","이 문제를 다른 업무와 비교하여 왜 먼저 검토하거나 뒤로 미루어야 합니까?","long_text","[]","false","{""field"":""SCOPE_MATCH"",""notIn"":[""MISMATCH"",""OTHER_OWNER"",""UNKNOWN""]}","{""departmentId"":""MR"",""topicId"":""MR-01""}","[]","안전·국민/기업 편익·빈도·심각도·가용 자료·실행조건을 근거로 설명. 개선 필요 없음도 가능. 자동 점수 합산으로 사업 선정하지 않음.","[""MR-10"",""MR-03"",""MR-12"",""MR-13""]","조사·기획 가설 · 현업 정합성/타당성 미확인"
"SURVEY-MR-MR-02-SCOPE_MATCH","v0.2","MR","모빌리티연구처","MR-02","4","SCOPE_MATCH","제시한 업무·대상·처리단계가 귀 처의 실제 담당 범위와 일치합니까?","single_choice","[{""code"":""MATCH"",""label"":""일치""},{""code"":""PARTIAL"",""label"":""일부 수정 필요""},{""code"":""MISMATCH"",""label"":""현재 업무와 불일치""},{""code"":""OTHER_OWNER"",""label"":""다른 부서·기관 소관""},{""code"":""UNKNOWN"",""label"":""판단자료 부족""}]","false","","{""departmentId"":""MR"",""topicId"":""MR-02""}","[]","조직명 일치와 실제 수행·결정권한은 구분. 다른 소관이면 수정 의견만 선택 작성.","[""F01"",""F02"",""F03""]","조사·기획 가설 · 현업 정합성/타당성 미확인"
"SURVEY-MR-MR-02-CURRENT_STATE","v0.2","MR","모빌리티연구처","MR-02","4","CURRENT_STATE","제시한 병목이 현재 발생하는지 어떤 상태로 확인하고 있습니까?","single_choice","[{""code"":""OBSERVED"",""label"":""현재 발생 확인""},{""code"":""CONDITIONAL"",""label"":""특정 조건에서 발생 확인""},{""code"":""RESOLVED"",""label"":""과거 발생했으나 해결됨""},{""code"":""NO_PROBLEM_OBSERVED"",""label"":""확인한 범위에서 발생하지 않음""},{""code"":""NO_DIRECT_EXPERIENCE"",""label"":""직접 확인한 경험 없음""},{""code"":""UNKNOWN"",""label"":""확인 불가""}]","false","{""field"":""SCOPE_MATCH"",""notIn"":[""MISMATCH"",""OTHER_OWNER"",""UNKNOWN""]}","{""departmentId"":""MR"",""topicId"":""MR-02""}","[]","미관찰을 전체 문제 없음으로 확대하지 않음. 해결됨이면 해결 기능·시점·범위를 기록.","[""F01"",""F02"",""F03""]","조사·기획 가설 · 현업 정합성/타당성 미확인"
"SURVEY-MR-MR-02-BOTTLENECK_VALIDITY","v0.2","MR","모빌리티연구처","MR-02","4","BOTTLENECK_VALIDITY","제시한 병목 설명과 원인 가설이 실제 상황을 설명하는 데 타당합니까?","single_choice","[{""code"":""VALID"",""label"":""타당""},{""code"":""CONDITIONAL"",""label"":""조건부 타당""},{""code"":""INVALID"",""label"":""타당하지 않음""},{""code"":""UNKNOWN"",""label"":""판단자료 부족""}]","false","{""field"":""SCOPE_MATCH"",""notIn"":[""MISMATCH"",""OTHER_OWNER"",""UNKNOWN""]}","{""departmentId"":""MR"",""topicId"":""MR-02""}","[]","업무 담당 여부·현재 발생 상태·우선순위와 별도 판단. 제안 제품의 도입 찬반 질문이 아님.","[""F01"",""F02"",""F03""]","조사·기획 가설 · 현업 정합성/타당성 미확인"
"SURVEY-MR-MR-02-VALIDITY_REASON","v0.2","MR","모빌리티연구처","MR-02","4","VALIDITY_REASON","정합성·발생 상태·타당성 판단의 이유와 고쳐야 할 내용을 작성해 주십시오.","long_text","[]","false","","{""departmentId"":""MR"",""topicId"":""MR-02""}","[]","맞는 부분 / 다른 부분 / 다른 원인 / 수정할 병목 문장 / 추가 확인 순서로 작성. 불일치·자료 부족도 유효한 응답.","[""F01"",""F02"",""F03""]","조사·기획 가설 · 현업 정합성/타당성 미확인"
"SURVEY-MR-MR-02-EVIDENCE_BASIS","v0.2","MR","모빌리티연구처","MR-02","4","EVIDENCE_BASIS","판단에 사용한 근거는 무엇입니까?","multiple_choice","[{""code"":""EXPERIENCE"",""label"":""직접 처리 경험""},{""code"":""RECORD"",""label"":""기록·로그·문서""},{""code"":""EXPLANATION"",""label"":""다른 담당자의 설명""},{""code"":""PUBLIC"",""label"":""공개자료""},{""code"":""INFERENCE"",""label"":""추정·개인 의견""},{""code"":""NONE"",""label"":""별도 근거 미확보""}]","false","{""field"":""SCOPE_MATCH"",""notIn"":[""MISMATCH"",""OTHER_OWNER"",""UNKNOWN""]}","{""departmentId"":""MR"",""topicId"":""MR-02""}","[""NONE""]","경험과 기록은 함께 선택 가능. NONE은 다른 근거와 동시 선택하지 않음. 유형 선택만으로 검증 완료 처리하지 않음.","[""F01"",""F02"",""F03""]","조사·기획 가설 · 현업 정합성/타당성 미확인"
"SURVEY-MR-MR-02-ACTUAL_CASE","v0.2","MR","모빌리티연구처","MR-02","4","ACTUAL_CASE","공유 가능한 사례가 있다면 언제·어느 단계·누구에게 어떤 결과나 부담이 발생했는지 작성해 주십시오.","long_text","[]","false","{""all"":[{""field"":""SCOPE_MATCH"",""notIn"":[""MISMATCH"",""OTHER_OWNER"",""UNKNOWN""]},{""field"":""CURRENT_STATE"",""in"":[""OBSERVED"",""CONDITIONAL""]}]}","{""departmentId"":""MR"",""topicId"":""MR-02""}","[]","가명 사건 유형·기간·빈도 근거·영향·현재 대응만 작성. 이름·차량번호·연락처·질병정보·원문 민원은 입력하지 않음. 수치는 실측/집계/추정을 구분.","[""F01"",""F02"",""F03""]","조사·기획 가설 · 현업 정합성/타당성 미확인"
"SURVEY-MR-MR-02-COUNTER_EVIDENCE","v0.2","MR","모빌리티연구처","MR-02","4","COUNTER_EVIDENCE","문제 없이 완료했거나 제시한 설명과 다른 사례, 다른 원인이 있습니까?","long_text","[]","false","{""field"":""SCOPE_MATCH"",""notIn"":[""MISMATCH"",""OTHER_OWNER"",""UNKNOWN""]}","{""departmentId"":""MR"",""topicId"":""MR-02""}","[]","없음·직접 확인 못함도 작성 가능. 반대 사례와 소수 의견은 유지.","[""F01"",""F02"",""F03""]","조사·기획 가설 · 현업 정합성/타당성 미확인"
"SURVEY-MR-MR-02-EXISTING_RESPONSE","v0.2","MR","모빌리티연구처","MR-02","4","EXISTING_RESPONSE","현재 시스템·AI·서식·규칙·협의절차로 해결하는 부분과 남는 문제는 무엇입니까?","long_text","[]","false","{""field"":""SCOPE_MATCH"",""notIn"":[""MISMATCH"",""OTHER_OWNER"",""UNKNOWN""]}","{""departmentId"":""MR"",""topicId"":""MR-02""}","[]","이미 충분히 해결된다면 해당 기능·조건·해결 시점을 작성. 기존 계약·추진 중인 사업과 겹치는 범위도 설명.","[""F01"",""F02"",""F03""]","조사·기획 가설 · 현업 정합성/타당성 미확인"
"SURVEY-MR-MR-02-IMPROVEMENT_METHOD","v0.2","MR","모빌리티연구처","MR-02","4","IMPROVEMENT_METHOD","개선이 필요하다면 어떤 방식이 적절하다고 봅니까?","multiple_choice","[{""code"":""EXISTING"",""label"":""기존 기능·운영 개선""},{""code"":""DATA"",""label"":""자료·서식·식별키 정비""},{""code"":""RULE_API"",""label"":""정형 규칙·시스템 연계""},{""code"":""AI"",""label"":""NOA 등 AI 추가 적용""},{""code"":""INSTITUTION"",""label"":""인력·공급·재원·제도 개선""},{""code"":""NO_NEED"",""label"":""추가 개선 필요 없음""},{""code"":""UNKNOWN"",""label"":""판단자료 부족""}]","false","{""field"":""SCOPE_MATCH"",""notIn"":[""MISMATCH"",""OTHER_OWNER"",""UNKNOWN""]}","{""departmentId"":""MR"",""topicId"":""MR-02""}","[""NO_NEED"",""UNKNOWN""]","여러 개선 방식의 결합 가능. NO_NEED·UNKNOWN은 다른 방식과 동시에 선택하지 않음. AI 미선택 시 AI 세부 질문을 건너뜀.","[""F01"",""F02"",""F03""]","조사·기획 가설 · 현업 정합성/타당성 미확인"
"SURVEY-MR-MR-02-AI_ADDED_VALUE","v0.2","MR","모빌리티연구처","MR-02","4","AI_ADDED_VALUE","NOA 등 AI를 추가하면 기존 도구·정형 개선으로 달성하기 어려운 어떤 결과를 얻을 수 있습니까?","long_text","[]","false","{""all"":[{""field"":""SCOPE_MATCH"",""notIn"":[""MISMATCH"",""OTHER_OWNER"",""UNKNOWN""]},{""field"":""IMPROVEMENT_METHOD"",""includes"":""AI""}]}","{""departmentId"":""MR"",""topicId"":""MR-02""}","[]","기능 이름보다 달라질 판단·수행·국민/기업 결과를 작성. 기대와 실제 입증을 구분.","[""F01"",""F02"",""F03""]","조사·기획 가설 · 현업 정합성/타당성 미확인"
"SURVEY-MR-MR-02-FEASIBILITY_CONDITIONS","v0.2","MR","모빌리티연구처","MR-02","4","FEASIBILITY_CONDITIONS","추가 AI 적용을 위해 어떤 자료·연계·권한·전문 검수·운영조건을 확보해야 합니까?","long_text","[]","false","{""all"":[{""field"":""SCOPE_MATCH"",""notIn"":[""MISMATCH"",""OTHER_OWNER"",""UNKNOWN""]},{""field"":""IMPROVEMENT_METHOD"",""includes"":""AI""}]}","{""departmentId"":""MR"",""topicId"":""MR-02""}","[]","실제 설치본·사용권·기존 서버·조회/실행 경계·오류 복구·인수 역할 확인. 새로운 인프라 구매 없는 검토 전제.","[""F01"",""F02"",""F03""]","조사·기획 가설 · 현업 정합성/타당성 미확인"
"SURVEY-MR-MR-02-RISK_AND_CONCERN","v0.2","MR","모빌리티연구처","MR-02","4","RISK_AND_CONCERN","제안 방식이 오판·과다 보완·정보 노출·추가 업무·이용자 배제 등을 일으킬 조건은 무엇입니까?","long_text","[]","false","{""field"":""SCOPE_MATCH"",""notIn"":[""MISMATCH"",""OTHER_OWNER"",""UNKNOWN""]}","{""departmentId"":""MR"",""topicId"":""MR-02""}","[]","문제 없다고 단정하지 않고 예상·관찰·미확인을 구분. AI 이외 개선의 우려도 작성.","[""F01"",""F02"",""F03""]","조사·기획 가설 · 현업 정합성/타당성 미확인"
"SURVEY-MR-MR-02-EFFECT_AND_MEASUREMENT","v0.2","MR","모빌리티연구처","MR-02","4","EFFECT_AND_MEASUREMENT","제시한 효과 지표가 적절합니까? 실제 기록으로 확인할 결과와 측정하기 어려운 부분을 작성해 주십시오.","long_text","[]","false","{""field"":""SCOPE_MATCH"",""notIn"":[""MISMATCH"",""OTHER_OWNER"",""UNKNOWN""]}","{""departmentId"":""MR"",""topicId"":""MR-02""}","[]","분모·관측기간·비교조건·중요 오류·과잉처리·대기/활동시간을 구분. 개선율·목표값을 임의로 만들지 않음.","[""F01"",""F02"",""F03""]","조사·기획 가설 · 현업 정합성/타당성 미확인"
"SURVEY-MR-MR-02-ALTERNATIVE_PROPOSAL","v0.2","MR","모빌리티연구처","MR-02","4","ALTERNATIVE_PROPOSAL","제안된 CCK 적용 방법을 수정·축소·제외하거나 다른 방법으로 해결할 의견이 있습니까?","long_text","[]","false","{""field"":""SCOPE_MATCH"",""notIn"":[""MISMATCH"",""OTHER_OWNER"",""UNKNOWN""]}","{""departmentId"":""MR"",""topicId"":""MR-02""}","[]","기존 기능으로 충분 / 정형 개선 우선 / 책임·권한 문제 / 대안과 필요한 조건 등 자유 작성.","[""F01"",""F02"",""F03""]","조사·기획 가설 · 현업 정합성/타당성 미확인"
"SURVEY-MR-MR-02-PRIORITY_REASON","v0.2","MR","모빌리티연구처","MR-02","4","PRIORITY_REASON","이 문제를 다른 업무와 비교하여 왜 먼저 검토하거나 뒤로 미루어야 합니까?","long_text","[]","false","{""field"":""SCOPE_MATCH"",""notIn"":[""MISMATCH"",""OTHER_OWNER"",""UNKNOWN""]}","{""departmentId"":""MR"",""topicId"":""MR-02""}","[]","안전·국민/기업 편익·빈도·심각도·가용 자료·실행조건을 근거로 설명. 개선 필요 없음도 가능. 자동 점수 합산으로 사업 선정하지 않음.","[""F01"",""F02"",""F03""]","조사·기획 가설 · 현업 정합성/타당성 미확인"
"SURVEY-MR-COMMON-OTHER_WORK_DIFFICULTY","v0.2","MR","모빌리티연구처","COMMON","5","OTHER_WORK_DIFFICULTY","제시된 병목 외에 업무처리나 정확한 판단을 어렵게 만드는 지점은 무엇입니까?","long_text","[]","false","","{""departmentId"":""MR"",""topicId"":""COMMON""}","[]","업무 / 발생 단계 / 대상 / 현재 대응 / 남는 문제 / 근거를 작성. 없음·담당 아님·미확인도 명시 가능.","[""CCK-NOA"",""CTX-01"",""BOUNDARY-01""]","공통 설명·추가 의견"
"SURVEY-MR-COMMON-PUBLIC_SERVICE_ISSUE","v0.2","MR","모빌리티연구처","COMMON","5","PUBLIC_SERVICE_ISSUE","국민·기업이 안전·검사·자격·교통 서비스를 이용할 때 추가로 겪는 불편이나 권익 문제는 무엇입니까?","long_text","[]","false","","{""departmentId"":""MR"",""topicId"":""COMMON""}","[]","대상자 / 원하는 결과 / 현재 경로 / 반복 설명·보완·방문·접근성 / 확인 근거. 현업의 추정과 이용자의 직접 의견을 구분.","[""CCK-NOA"",""CTX-01"",""BOUNDARY-01""]","공통 설명·추가 의견"
"SURVEY-MR-COMMON-NEW_PROBLEM","v0.2","MR","모빌리티연구처","COMMON","5","NEW_PROBLEM","이번 조사에서 빠진 문제나 다른 원인 설명이 있다면 작성해 주십시오.","long_text","[]","false","","{""departmentId"":""MR"",""topicId"":""COMMON""}","[]","기존 병목의 수정인지 별도 문제인지, 소관 후보·현재 대응·우선 이유를 설명. 없으면 없음으로 작성.","[""CCK-NOA"",""CTX-01"",""BOUNDARY-01""]","공통 설명·추가 의견"
"SURVEY-MR-COMMON-AX_EXPANSION_OPINION","v0.2","MR","모빌리티연구처","COMMON","5","AX_EXPANSION_OPINION","현재 플랫폼을 확대한다면 어떤 업무의 어떤 결과를 우선 개선해야 합니까?","long_text","[]","false","","{""departmentId"":""MR"",""topicId"":""COMMON""}","[]","현재 기능 → 남는 어려움 → 필요한 새 능력 → 업무·역할 변화 → 기관/국민 편익. 확대 불필요·비AI 대안도 가능.","[""CCK-NOA"",""CTX-01"",""BOUNDARY-01""]","공통 설명·추가 의견"
"SURVEY-MR-COMMON-EXPANSION_LIMIT","v0.2","MR","모빌리티연구처","COMMON","5","EXPANSION_LIMIT","별도 전문시스템이나 권한자의 판단에 남겨야 할 범위와 확대 제약은 무엇입니까?","long_text","[]","false","","{""departmentId"":""MR"",""topicId"":""COMMON""}","[]","공식 안전·자격·의료·처분·승인/지급 책임, 자료 이용·운영·비용 조건을 설명. 실행본 확인은 제품 담당 보충지 S01~S04와 연결.","[""CCK-NOA"",""CTX-01"",""BOUNDARY-01""]","공통 설명·추가 의견"
"SURVEY-DF-COMMON-ROLE","v0.2","DF","데이터융복합처","COMMON","2","ROLE","이번 의견을 작성하는 업무 역할은 무엇입니까?","single_choice","[{""code"":""WORK"",""label"":""업무 담당""},{""code"":""REVIEW"",""label"":""검토·승인""},{""code"":""PLANNING"",""label"":""기획·성과""},{""code"":""TECH"",""label"":""정보화·제품·운영""},{""code"":""SECURITY"",""label"":""자료·보안""},{""code"":""OTHER"",""label"":""그 밖의 역할""},{""code"":""UNKNOWN"",""label"":""역할 설명 보완 필요""}]","false","","{""departmentId"":""DF"",""topicId"":""COMMON""}","[]","실명·연락처 대신 역할만 작성. 담당 처는 해당 양식에서 지정.","[""CCK-NOA"",""CTX-01"",""BOUNDARY-01""]","공통 설명·추가 의견"
"SURVEY-DF-COMMON-POSITION","v0.2","DF","데이터융복합처","COMMON","2","POSITION","이 응답은 어떤 범위의 의견입니까?","single_choice","[{""code"":""INDIVIDUAL"",""label"":""개인의 업무 경험·의견""},{""code"":""CONSULTED"",""label"":""부서 내 확인을 거친 의견""},{""code"":""OFFICIAL"",""label"":""권한자가 확인한 공식 회신""},{""code"":""UNKNOWN"",""label"":""범위 미확인""}]","false","","{""departmentId"":""DF"",""topicId"":""COMMON""}","[]","공식 회신 선택만으로 도입·예산·자료 이용승인이 생기는 것은 아님. 확인 근거는 별도 검토.","[""CCK-NOA"",""CTX-01"",""BOUNDARY-01""]","공통 설명·추가 의견"
"SURVEY-DF-COMMON-CURRENT_USE","v0.2","DF","데이터융복합처","COMMON","2","CURRENT_USE","현재 NOA 또는 AI 공통플랫폼을 어떤 업무에 사용하거나 확인하고 있습니까? 사용하지 않거나 기능을 모르는 경우도 작성해 주십시오.","long_text","[]","false","","{""departmentId"":""DF"",""topicId"":""COMMON""}","[]","실제 사용 기능·업무·남는 어려움 중심. 제공된 제품 소개를 실제 설치본 기능으로 옮겨 적지 않음.","[""CCK-NOA"",""CTX-01"",""BOUNDARY-01""]","공통 설명·추가 의견"
"SURVEY-DF-DF-01-SCOPE_MATCH","v0.2","DF","데이터융복합처","DF-01","3","SCOPE_MATCH","제시한 업무·대상·처리단계가 귀 처의 실제 담당 범위와 일치합니까?","single_choice","[{""code"":""MATCH"",""label"":""일치""},{""code"":""PARTIAL"",""label"":""일부 수정 필요""},{""code"":""MISMATCH"",""label"":""현재 업무와 불일치""},{""code"":""OTHER_OWNER"",""label"":""다른 부서·기관 소관""},{""code"":""UNKNOWN"",""label"":""판단자료 부족""}]","false","","{""departmentId"":""DF"",""topicId"":""DF-01""}","[]","조직명 일치와 실제 수행·결정권한은 구분. 다른 소관이면 수정 의견만 선택 작성.","[""DF-L01"",""DF-L05"",""DF-W01""]","조사·기획 가설 · 현업 정합성/타당성 미확인"
"SURVEY-DF-DF-01-CURRENT_STATE","v0.2","DF","데이터융복합처","DF-01","3","CURRENT_STATE","제시한 병목이 현재 발생하는지 어떤 상태로 확인하고 있습니까?","single_choice","[{""code"":""OBSERVED"",""label"":""현재 발생 확인""},{""code"":""CONDITIONAL"",""label"":""특정 조건에서 발생 확인""},{""code"":""RESOLVED"",""label"":""과거 발생했으나 해결됨""},{""code"":""NO_PROBLEM_OBSERVED"",""label"":""확인한 범위에서 발생하지 않음""},{""code"":""NO_DIRECT_EXPERIENCE"",""label"":""직접 확인한 경험 없음""},{""code"":""UNKNOWN"",""label"":""확인 불가""}]","false","{""field"":""SCOPE_MATCH"",""notIn"":[""MISMATCH"",""OTHER_OWNER"",""UNKNOWN""]}","{""departmentId"":""DF"",""topicId"":""DF-01""}","[]","미관찰을 전체 문제 없음으로 확대하지 않음. 해결됨이면 해결 기능·시점·범위를 기록.","[""DF-L01"",""DF-L05"",""DF-W01""]","조사·기획 가설 · 현업 정합성/타당성 미확인"
"SURVEY-DF-DF-01-BOTTLENECK_VALIDITY","v0.2","DF","데이터융복합처","DF-01","3","BOTTLENECK_VALIDITY","제시한 병목 설명과 원인 가설이 실제 상황을 설명하는 데 타당합니까?","single_choice","[{""code"":""VALID"",""label"":""타당""},{""code"":""CONDITIONAL"",""label"":""조건부 타당""},{""code"":""INVALID"",""label"":""타당하지 않음""},{""code"":""UNKNOWN"",""label"":""판단자료 부족""}]","false","{""field"":""SCOPE_MATCH"",""notIn"":[""MISMATCH"",""OTHER_OWNER"",""UNKNOWN""]}","{""departmentId"":""DF"",""topicId"":""DF-01""}","[]","업무 담당 여부·현재 발생 상태·우선순위와 별도 판단. 제안 제품의 도입 찬반 질문이 아님.","[""DF-L01"",""DF-L05"",""DF-W01""]","조사·기획 가설 · 현업 정합성/타당성 미확인"
"SURVEY-DF-DF-01-VALIDITY_REASON","v0.2","DF","데이터융복합처","DF-01","3","VALIDITY_REASON","정합성·발생 상태·타당성 판단의 이유와 고쳐야 할 내용을 작성해 주십시오.","long_text","[]","false","","{""departmentId"":""DF"",""topicId"":""DF-01""}","[]","맞는 부분 / 다른 부분 / 다른 원인 / 수정할 병목 문장 / 추가 확인 순서로 작성. 불일치·자료 부족도 유효한 응답.","[""DF-L01"",""DF-L05"",""DF-W01""]","조사·기획 가설 · 현업 정합성/타당성 미확인"
"SURVEY-DF-DF-01-EVIDENCE_BASIS","v0.2","DF","데이터융복합처","DF-01","3","EVIDENCE_BASIS","판단에 사용한 근거는 무엇입니까?","multiple_choice","[{""code"":""EXPERIENCE"",""label"":""직접 처리 경험""},{""code"":""RECORD"",""label"":""기록·로그·문서""},{""code"":""EXPLANATION"",""label"":""다른 담당자의 설명""},{""code"":""PUBLIC"",""label"":""공개자료""},{""code"":""INFERENCE"",""label"":""추정·개인 의견""},{""code"":""NONE"",""label"":""별도 근거 미확보""}]","false","{""field"":""SCOPE_MATCH"",""notIn"":[""MISMATCH"",""OTHER_OWNER"",""UNKNOWN""]}","{""departmentId"":""DF"",""topicId"":""DF-01""}","[""NONE""]","경험과 기록은 함께 선택 가능. NONE은 다른 근거와 동시 선택하지 않음. 유형 선택만으로 검증 완료 처리하지 않음.","[""DF-L01"",""DF-L05"",""DF-W01""]","조사·기획 가설 · 현업 정합성/타당성 미확인"
"SURVEY-DF-DF-01-ACTUAL_CASE","v0.2","DF","데이터융복합처","DF-01","3","ACTUAL_CASE","공유 가능한 사례가 있다면 언제·어느 단계·누구에게 어떤 결과나 부담이 발생했는지 작성해 주십시오.","long_text","[]","false","{""all"":[{""field"":""SCOPE_MATCH"",""notIn"":[""MISMATCH"",""OTHER_OWNER"",""UNKNOWN""]},{""field"":""CURRENT_STATE"",""in"":[""OBSERVED"",""CONDITIONAL""]}]}","{""departmentId"":""DF"",""topicId"":""DF-01""}","[]","가명 사건 유형·기간·빈도 근거·영향·현재 대응만 작성. 이름·차량번호·연락처·질병정보·원문 민원은 입력하지 않음. 수치는 실측/집계/추정을 구분.","[""DF-L01"",""DF-L05"",""DF-W01""]","조사·기획 가설 · 현업 정합성/타당성 미확인"
"SURVEY-DF-DF-01-COUNTER_EVIDENCE","v0.2","DF","데이터융복합처","DF-01","3","COUNTER_EVIDENCE","문제 없이 완료했거나 제시한 설명과 다른 사례, 다른 원인이 있습니까?","long_text","[]","false","{""field"":""SCOPE_MATCH"",""notIn"":[""MISMATCH"",""OTHER_OWNER"",""UNKNOWN""]}","{""departmentId"":""DF"",""topicId"":""DF-01""}","[]","없음·직접 확인 못함도 작성 가능. 반대 사례와 소수 의견은 유지.","[""DF-L01"",""DF-L05"",""DF-W01""]","조사·기획 가설 · 현업 정합성/타당성 미확인"
"SURVEY-DF-DF-01-EXISTING_RESPONSE","v0.2","DF","데이터융복합처","DF-01","3","EXISTING_RESPONSE","현재 시스템·AI·서식·규칙·협의절차로 해결하는 부분과 남는 문제는 무엇입니까?","long_text","[]","false","{""field"":""SCOPE_MATCH"",""notIn"":[""MISMATCH"",""OTHER_OWNER"",""UNKNOWN""]}","{""departmentId"":""DF"",""topicId"":""DF-01""}","[]","이미 충분히 해결된다면 해당 기능·조건·해결 시점을 작성. 기존 계약·추진 중인 사업과 겹치는 범위도 설명.","[""DF-L01"",""DF-L05"",""DF-W01""]","조사·기획 가설 · 현업 정합성/타당성 미확인"
"SURVEY-DF-DF-01-IMPROVEMENT_METHOD","v0.2","DF","데이터융복합처","DF-01","3","IMPROVEMENT_METHOD","개선이 필요하다면 어떤 방식이 적절하다고 봅니까?","multiple_choice","[{""code"":""EXISTING"",""label"":""기존 기능·운영 개선""},{""code"":""DATA"",""label"":""자료·서식·식별키 정비""},{""code"":""RULE_API"",""label"":""정형 규칙·시스템 연계""},{""code"":""AI"",""label"":""NOA 등 AI 추가 적용""},{""code"":""INSTITUTION"",""label"":""인력·공급·재원·제도 개선""},{""code"":""NO_NEED"",""label"":""추가 개선 필요 없음""},{""code"":""UNKNOWN"",""label"":""판단자료 부족""}]","false","{""field"":""SCOPE_MATCH"",""notIn"":[""MISMATCH"",""OTHER_OWNER"",""UNKNOWN""]}","{""departmentId"":""DF"",""topicId"":""DF-01""}","[""NO_NEED"",""UNKNOWN""]","여러 개선 방식의 결합 가능. NO_NEED·UNKNOWN은 다른 방식과 동시에 선택하지 않음. AI 미선택 시 AI 세부 질문을 건너뜀.","[""DF-L01"",""DF-L05"",""DF-W01""]","조사·기획 가설 · 현업 정합성/타당성 미확인"
"SURVEY-DF-DF-01-AI_ADDED_VALUE","v0.2","DF","데이터융복합처","DF-01","3","AI_ADDED_VALUE","NOA 등 AI를 추가하면 기존 도구·정형 개선으로 달성하기 어려운 어떤 결과를 얻을 수 있습니까?","long_text","[]","false","{""all"":[{""field"":""SCOPE_MATCH"",""notIn"":[""MISMATCH"",""OTHER_OWNER"",""UNKNOWN""]},{""field"":""IMPROVEMENT_METHOD"",""includes"":""AI""}]}","{""departmentId"":""DF"",""topicId"":""DF-01""}","[]","기능 이름보다 달라질 판단·수행·국민/기업 결과를 작성. 기대와 실제 입증을 구분.","[""DF-L01"",""DF-L05"",""DF-W01""]","조사·기획 가설 · 현업 정합성/타당성 미확인"
"SURVEY-DF-DF-01-FEASIBILITY_CONDITIONS","v0.2","DF","데이터융복합처","DF-01","3","FEASIBILITY_CONDITIONS","추가 AI 적용을 위해 어떤 자료·연계·권한·전문 검수·운영조건을 확보해야 합니까?","long_text","[]","false","{""all"":[{""field"":""SCOPE_MATCH"",""notIn"":[""MISMATCH"",""OTHER_OWNER"",""UNKNOWN""]},{""field"":""IMPROVEMENT_METHOD"",""includes"":""AI""}]}","{""departmentId"":""DF"",""topicId"":""DF-01""}","[]","실제 설치본·사용권·기존 서버·조회/실행 경계·오류 복구·인수 역할 확인. 새로운 인프라 구매 없는 검토 전제.","[""DF-L01"",""DF-L05"",""DF-W01""]","조사·기획 가설 · 현업 정합성/타당성 미확인"
"SURVEY-DF-DF-01-RISK_AND_CONCERN","v0.2","DF","데이터융복합처","DF-01","3","RISK_AND_CONCERN","제안 방식이 오판·과다 보완·정보 노출·추가 업무·이용자 배제 등을 일으킬 조건은 무엇입니까?","long_text","[]","false","{""field"":""SCOPE_MATCH"",""notIn"":[""MISMATCH"",""OTHER_OWNER"",""UNKNOWN""]}","{""departmentId"":""DF"",""topicId"":""DF-01""}","[]","문제 없다고 단정하지 않고 예상·관찰·미확인을 구분. AI 이외 개선의 우려도 작성.","[""DF-L01"",""DF-L05"",""DF-W01""]","조사·기획 가설 · 현업 정합성/타당성 미확인"
"SURVEY-DF-DF-01-EFFECT_AND_MEASUREMENT","v0.2","DF","데이터융복합처","DF-01","3","EFFECT_AND_MEASUREMENT","제시한 효과 지표가 적절합니까? 실제 기록으로 확인할 결과와 측정하기 어려운 부분을 작성해 주십시오.","long_text","[]","false","{""field"":""SCOPE_MATCH"",""notIn"":[""MISMATCH"",""OTHER_OWNER"",""UNKNOWN""]}","{""departmentId"":""DF"",""topicId"":""DF-01""}","[]","분모·관측기간·비교조건·중요 오류·과잉처리·대기/활동시간을 구분. 개선율·목표값을 임의로 만들지 않음.","[""DF-L01"",""DF-L05"",""DF-W01""]","조사·기획 가설 · 현업 정합성/타당성 미확인"
"SURVEY-DF-DF-01-ALTERNATIVE_PROPOSAL","v0.2","DF","데이터융복합처","DF-01","3","ALTERNATIVE_PROPOSAL","제안된 CCK 적용 방법을 수정·축소·제외하거나 다른 방법으로 해결할 의견이 있습니까?","long_text","[]","false","{""field"":""SCOPE_MATCH"",""notIn"":[""MISMATCH"",""OTHER_OWNER"",""UNKNOWN""]}","{""departmentId"":""DF"",""topicId"":""DF-01""}","[]","기존 기능으로 충분 / 정형 개선 우선 / 책임·권한 문제 / 대안과 필요한 조건 등 자유 작성.","[""DF-L01"",""DF-L05"",""DF-W01""]","조사·기획 가설 · 현업 정합성/타당성 미확인"
"SURVEY-DF-DF-01-PRIORITY_REASON","v0.2","DF","데이터융복합처","DF-01","3","PRIORITY_REASON","이 문제를 다른 업무와 비교하여 왜 먼저 검토하거나 뒤로 미루어야 합니까?","long_text","[]","false","{""field"":""SCOPE_MATCH"",""notIn"":[""MISMATCH"",""OTHER_OWNER"",""UNKNOWN""]}","{""departmentId"":""DF"",""topicId"":""DF-01""}","[]","안전·국민/기업 편익·빈도·심각도·가용 자료·실행조건을 근거로 설명. 개선 필요 없음도 가능. 자동 점수 합산으로 사업 선정하지 않음.","[""DF-L01"",""DF-L05"",""DF-W01""]","조사·기획 가설 · 현업 정합성/타당성 미확인"
"SURVEY-DF-COMMON-OTHER_WORK_DIFFICULTY","v0.2","DF","데이터융복합처","COMMON","4","OTHER_WORK_DIFFICULTY","제시된 병목 외에 업무처리나 정확한 판단을 어렵게 만드는 지점은 무엇입니까?","long_text","[]","false","","{""departmentId"":""DF"",""topicId"":""COMMON""}","[]","업무 / 발생 단계 / 대상 / 현재 대응 / 남는 문제 / 근거를 작성. 없음·담당 아님·미확인도 명시 가능.","[""CCK-NOA"",""CTX-01"",""BOUNDARY-01""]","공통 설명·추가 의견"
"SURVEY-DF-COMMON-PUBLIC_SERVICE_ISSUE","v0.2","DF","데이터융복합처","COMMON","4","PUBLIC_SERVICE_ISSUE","국민·기업이 안전·검사·자격·교통 서비스를 이용할 때 추가로 겪는 불편이나 권익 문제는 무엇입니까?","long_text","[]","false","","{""departmentId"":""DF"",""topicId"":""COMMON""}","[]","대상자 / 원하는 결과 / 현재 경로 / 반복 설명·보완·방문·접근성 / 확인 근거. 현업의 추정과 이용자의 직접 의견을 구분.","[""CCK-NOA"",""CTX-01"",""BOUNDARY-01""]","공통 설명·추가 의견"
"SURVEY-DF-COMMON-NEW_PROBLEM","v0.2","DF","데이터융복합처","COMMON","4","NEW_PROBLEM","이번 조사에서 빠진 문제나 다른 원인 설명이 있다면 작성해 주십시오.","long_text","[]","false","","{""departmentId"":""DF"",""topicId"":""COMMON""}","[]","기존 병목의 수정인지 별도 문제인지, 소관 후보·현재 대응·우선 이유를 설명. 없으면 없음으로 작성.","[""CCK-NOA"",""CTX-01"",""BOUNDARY-01""]","공통 설명·추가 의견"
"SURVEY-DF-COMMON-AX_EXPANSION_OPINION","v0.2","DF","데이터융복합처","COMMON","4","AX_EXPANSION_OPINION","현재 플랫폼을 확대한다면 어떤 업무의 어떤 결과를 우선 개선해야 합니까?","long_text","[]","false","","{""departmentId"":""DF"",""topicId"":""COMMON""}","[]","현재 기능 → 남는 어려움 → 필요한 새 능력 → 업무·역할 변화 → 기관/국민 편익. 확대 불필요·비AI 대안도 가능.","[""CCK-NOA"",""CTX-01"",""BOUNDARY-01""]","공통 설명·추가 의견"
"SURVEY-DF-COMMON-EXPANSION_LIMIT","v0.2","DF","데이터융복합처","COMMON","4","EXPANSION_LIMIT","별도 전문시스템이나 권한자의 판단에 남겨야 할 범위와 확대 제약은 무엇입니까?","long_text","[]","false","","{""departmentId"":""DF"",""topicId"":""COMMON""}","[]","공식 안전·자격·의료·처분·승인/지급 책임, 자료 이용·운영·비용 조건을 설명. 실행본 확인은 제품 담당 보충지 S01~S04와 연결.","[""CCK-NOA"",""CTX-01"",""BOUNDARY-01""]","공통 설명·추가 의견"
"SURVEY-SA-COMMON-ROLE","v0.2","SA","교통안전처","COMMON","2","ROLE","이번 의견을 작성하는 업무 역할은 무엇입니까?","single_choice","[{""code"":""WORK"",""label"":""업무 담당""},{""code"":""REVIEW"",""label"":""검토·승인""},{""code"":""PLANNING"",""label"":""기획·성과""},{""code"":""TECH"",""label"":""정보화·제품·운영""},{""code"":""SECURITY"",""label"":""자료·보안""},{""code"":""OTHER"",""label"":""그 밖의 역할""},{""code"":""UNKNOWN"",""label"":""역할 설명 보완 필요""}]","false","","{""departmentId"":""SA"",""topicId"":""COMMON""}","[]","실명·연락처 대신 역할만 작성. 담당 처는 해당 양식에서 지정.","[""CCK-NOA"",""CTX-01"",""BOUNDARY-01""]","공통 설명·추가 의견"
"SURVEY-SA-COMMON-POSITION","v0.2","SA","교통안전처","COMMON","2","POSITION","이 응답은 어떤 범위의 의견입니까?","single_choice","[{""code"":""INDIVIDUAL"",""label"":""개인의 업무 경험·의견""},{""code"":""CONSULTED"",""label"":""부서 내 확인을 거친 의견""},{""code"":""OFFICIAL"",""label"":""권한자가 확인한 공식 회신""},{""code"":""UNKNOWN"",""label"":""범위 미확인""}]","false","","{""departmentId"":""SA"",""topicId"":""COMMON""}","[]","공식 회신 선택만으로 도입·예산·자료 이용승인이 생기는 것은 아님. 확인 근거는 별도 검토.","[""CCK-NOA"",""CTX-01"",""BOUNDARY-01""]","공통 설명·추가 의견"
"SURVEY-SA-COMMON-CURRENT_USE","v0.2","SA","교통안전처","COMMON","2","CURRENT_USE","현재 NOA 또는 AI 공통플랫폼을 어떤 업무에 사용하거나 확인하고 있습니까? 사용하지 않거나 기능을 모르는 경우도 작성해 주십시오.","long_text","[]","false","","{""departmentId"":""SA"",""topicId"":""COMMON""}","[]","실제 사용 기능·업무·남는 어려움 중심. 제공된 제품 소개를 실제 설치본 기능으로 옮겨 적지 않음.","[""CCK-NOA"",""CTX-01"",""BOUNDARY-01""]","공통 설명·추가 의견"
"SURVEY-SA-SA-01-SCOPE_MATCH","v0.2","SA","교통안전처","SA-01","3","SCOPE_MATCH","제시한 업무·대상·처리단계가 귀 처의 실제 담당 범위와 일치합니까?","single_choice","[{""code"":""MATCH"",""label"":""일치""},{""code"":""PARTIAL"",""label"":""일부 수정 필요""},{""code"":""MISMATCH"",""label"":""현재 업무와 불일치""},{""code"":""OTHER_OWNER"",""label"":""다른 부서·기관 소관""},{""code"":""UNKNOWN"",""label"":""판단자료 부족""}]","false","","{""departmentId"":""SA"",""topicId"":""SA-01""}","[]","조직명 일치와 실제 수행·결정권한은 구분. 다른 소관이면 수정 의견만 선택 작성.","[""SA-E01"",""SA-E03"",""SA-E06"",""SA-E05"",""SA-E10""]","조사·기획 가설 · 현업 정합성/타당성 미확인"
"SURVEY-SA-SA-01-CURRENT_STATE","v0.2","SA","교통안전처","SA-01","3","CURRENT_STATE","제시한 병목이 현재 발생하는지 어떤 상태로 확인하고 있습니까?","single_choice","[{""code"":""OBSERVED"",""label"":""현재 발생 확인""},{""code"":""CONDITIONAL"",""label"":""특정 조건에서 발생 확인""},{""code"":""RESOLVED"",""label"":""과거 발생했으나 해결됨""},{""code"":""NO_PROBLEM_OBSERVED"",""label"":""확인한 범위에서 발생하지 않음""},{""code"":""NO_DIRECT_EXPERIENCE"",""label"":""직접 확인한 경험 없음""},{""code"":""UNKNOWN"",""label"":""확인 불가""}]","false","{""field"":""SCOPE_MATCH"",""notIn"":[""MISMATCH"",""OTHER_OWNER"",""UNKNOWN""]}","{""departmentId"":""SA"",""topicId"":""SA-01""}","[]","미관찰을 전체 문제 없음으로 확대하지 않음. 해결됨이면 해결 기능·시점·범위를 기록.","[""SA-E01"",""SA-E03"",""SA-E06"",""SA-E05"",""SA-E10""]","조사·기획 가설 · 현업 정합성/타당성 미확인"
"SURVEY-SA-SA-01-BOTTLENECK_VALIDITY","v0.2","SA","교통안전처","SA-01","3","BOTTLENECK_VALIDITY","제시한 병목 설명과 원인 가설이 실제 상황을 설명하는 데 타당합니까?","single_choice","[{""code"":""VALID"",""label"":""타당""},{""code"":""CONDITIONAL"",""label"":""조건부 타당""},{""code"":""INVALID"",""label"":""타당하지 않음""},{""code"":""UNKNOWN"",""label"":""판단자료 부족""}]","false","{""field"":""SCOPE_MATCH"",""notIn"":[""MISMATCH"",""OTHER_OWNER"",""UNKNOWN""]}","{""departmentId"":""SA"",""topicId"":""SA-01""}","[]","업무 담당 여부·현재 발생 상태·우선순위와 별도 판단. 제안 제품의 도입 찬반 질문이 아님.","[""SA-E01"",""SA-E03"",""SA-E06"",""SA-E05"",""SA-E10""]","조사·기획 가설 · 현업 정합성/타당성 미확인"
"SURVEY-SA-SA-01-VALIDITY_REASON","v0.2","SA","교통안전처","SA-01","3","VALIDITY_REASON","정합성·발생 상태·타당성 판단의 이유와 고쳐야 할 내용을 작성해 주십시오.","long_text","[]","false","","{""departmentId"":""SA"",""topicId"":""SA-01""}","[]","맞는 부분 / 다른 부분 / 다른 원인 / 수정할 병목 문장 / 추가 확인 순서로 작성. 불일치·자료 부족도 유효한 응답.","[""SA-E01"",""SA-E03"",""SA-E06"",""SA-E05"",""SA-E10""]","조사·기획 가설 · 현업 정합성/타당성 미확인"
"SURVEY-SA-SA-01-EVIDENCE_BASIS","v0.2","SA","교통안전처","SA-01","3","EVIDENCE_BASIS","판단에 사용한 근거는 무엇입니까?","multiple_choice","[{""code"":""EXPERIENCE"",""label"":""직접 처리 경험""},{""code"":""RECORD"",""label"":""기록·로그·문서""},{""code"":""EXPLANATION"",""label"":""다른 담당자의 설명""},{""code"":""PUBLIC"",""label"":""공개자료""},{""code"":""INFERENCE"",""label"":""추정·개인 의견""},{""code"":""NONE"",""label"":""별도 근거 미확보""}]","false","{""field"":""SCOPE_MATCH"",""notIn"":[""MISMATCH"",""OTHER_OWNER"",""UNKNOWN""]}","{""departmentId"":""SA"",""topicId"":""SA-01""}","[""NONE""]","경험과 기록은 함께 선택 가능. NONE은 다른 근거와 동시 선택하지 않음. 유형 선택만으로 검증 완료 처리하지 않음.","[""SA-E01"",""SA-E03"",""SA-E06"",""SA-E05"",""SA-E10""]","조사·기획 가설 · 현업 정합성/타당성 미확인"
"SURVEY-SA-SA-01-ACTUAL_CASE","v0.2","SA","교통안전처","SA-01","3","ACTUAL_CASE","공유 가능한 사례가 있다면 언제·어느 단계·누구에게 어떤 결과나 부담이 발생했는지 작성해 주십시오.","long_text","[]","false","{""all"":[{""field"":""SCOPE_MATCH"",""notIn"":[""MISMATCH"",""OTHER_OWNER"",""UNKNOWN""]},{""field"":""CURRENT_STATE"",""in"":[""OBSERVED"",""CONDITIONAL""]}]}","{""departmentId"":""SA"",""topicId"":""SA-01""}","[]","가명 사건 유형·기간·빈도 근거·영향·현재 대응만 작성. 이름·차량번호·연락처·질병정보·원문 민원은 입력하지 않음. 수치는 실측/집계/추정을 구분.","[""SA-E01"",""SA-E03"",""SA-E06"",""SA-E05"",""SA-E10""]","조사·기획 가설 · 현업 정합성/타당성 미확인"
"SURVEY-SA-SA-01-COUNTER_EVIDENCE","v0.2","SA","교통안전처","SA-01","3","COUNTER_EVIDENCE","문제 없이 완료했거나 제시한 설명과 다른 사례, 다른 원인이 있습니까?","long_text","[]","false","{""field"":""SCOPE_MATCH"",""notIn"":[""MISMATCH"",""OTHER_OWNER"",""UNKNOWN""]}","{""departmentId"":""SA"",""topicId"":""SA-01""}","[]","없음·직접 확인 못함도 작성 가능. 반대 사례와 소수 의견은 유지.","[""SA-E01"",""SA-E03"",""SA-E06"",""SA-E05"",""SA-E10""]","조사·기획 가설 · 현업 정합성/타당성 미확인"
"SURVEY-SA-SA-01-EXISTING_RESPONSE","v0.2","SA","교통안전처","SA-01","3","EXISTING_RESPONSE","현재 시스템·AI·서식·규칙·협의절차로 해결하는 부분과 남는 문제는 무엇입니까?","long_text","[]","false","{""field"":""SCOPE_MATCH"",""notIn"":[""MISMATCH"",""OTHER_OWNER"",""UNKNOWN""]}","{""departmentId"":""SA"",""topicId"":""SA-01""}","[]","이미 충분히 해결된다면 해당 기능·조건·해결 시점을 작성. 기존 계약·추진 중인 사업과 겹치는 범위도 설명.","[""SA-E01"",""SA-E03"",""SA-E06"",""SA-E05"",""SA-E10""]","조사·기획 가설 · 현업 정합성/타당성 미확인"
"SURVEY-SA-SA-01-IMPROVEMENT_METHOD","v0.2","SA","교통안전처","SA-01","3","IMPROVEMENT_METHOD","개선이 필요하다면 어떤 방식이 적절하다고 봅니까?","multiple_choice","[{""code"":""EXISTING"",""label"":""기존 기능·운영 개선""},{""code"":""DATA"",""label"":""자료·서식·식별키 정비""},{""code"":""RULE_API"",""label"":""정형 규칙·시스템 연계""},{""code"":""AI"",""label"":""NOA 등 AI 추가 적용""},{""code"":""INSTITUTION"",""label"":""인력·공급·재원·제도 개선""},{""code"":""NO_NEED"",""label"":""추가 개선 필요 없음""},{""code"":""UNKNOWN"",""label"":""판단자료 부족""}]","false","{""field"":""SCOPE_MATCH"",""notIn"":[""MISMATCH"",""OTHER_OWNER"",""UNKNOWN""]}","{""departmentId"":""SA"",""topicId"":""SA-01""}","[""NO_NEED"",""UNKNOWN""]","여러 개선 방식의 결합 가능. NO_NEED·UNKNOWN은 다른 방식과 동시에 선택하지 않음. AI 미선택 시 AI 세부 질문을 건너뜀.","[""SA-E01"",""SA-E03"",""SA-E06"",""SA-E05"",""SA-E10""]","조사·기획 가설 · 현업 정합성/타당성 미확인"
"SURVEY-SA-SA-01-AI_ADDED_VALUE","v0.2","SA","교통안전처","SA-01","3","AI_ADDED_VALUE","NOA 등 AI를 추가하면 기존 도구·정형 개선으로 달성하기 어려운 어떤 결과를 얻을 수 있습니까?","long_text","[]","false","{""all"":[{""field"":""SCOPE_MATCH"",""notIn"":[""MISMATCH"",""OTHER_OWNER"",""UNKNOWN""]},{""field"":""IMPROVEMENT_METHOD"",""includes"":""AI""}]}","{""departmentId"":""SA"",""topicId"":""SA-01""}","[]","기능 이름보다 달라질 판단·수행·국민/기업 결과를 작성. 기대와 실제 입증을 구분.","[""SA-E01"",""SA-E03"",""SA-E06"",""SA-E05"",""SA-E10""]","조사·기획 가설 · 현업 정합성/타당성 미확인"
"SURVEY-SA-SA-01-FEASIBILITY_CONDITIONS","v0.2","SA","교통안전처","SA-01","3","FEASIBILITY_CONDITIONS","추가 AI 적용을 위해 어떤 자료·연계·권한·전문 검수·운영조건을 확보해야 합니까?","long_text","[]","false","{""all"":[{""field"":""SCOPE_MATCH"",""notIn"":[""MISMATCH"",""OTHER_OWNER"",""UNKNOWN""]},{""field"":""IMPROVEMENT_METHOD"",""includes"":""AI""}]}","{""departmentId"":""SA"",""topicId"":""SA-01""}","[]","실제 설치본·사용권·기존 서버·조회/실행 경계·오류 복구·인수 역할 확인. 새로운 인프라 구매 없는 검토 전제.","[""SA-E01"",""SA-E03"",""SA-E06"",""SA-E05"",""SA-E10""]","조사·기획 가설 · 현업 정합성/타당성 미확인"
"SURVEY-SA-SA-01-RISK_AND_CONCERN","v0.2","SA","교통안전처","SA-01","3","RISK_AND_CONCERN","제안 방식이 오판·과다 보완·정보 노출·추가 업무·이용자 배제 등을 일으킬 조건은 무엇입니까?","long_text","[]","false","{""field"":""SCOPE_MATCH"",""notIn"":[""MISMATCH"",""OTHER_OWNER"",""UNKNOWN""]}","{""departmentId"":""SA"",""topicId"":""SA-01""}","[]","문제 없다고 단정하지 않고 예상·관찰·미확인을 구분. AI 이외 개선의 우려도 작성.","[""SA-E01"",""SA-E03"",""SA-E06"",""SA-E05"",""SA-E10""]","조사·기획 가설 · 현업 정합성/타당성 미확인"
"SURVEY-SA-SA-01-EFFECT_AND_MEASUREMENT","v0.2","SA","교통안전처","SA-01","3","EFFECT_AND_MEASUREMENT","제시한 효과 지표가 적절합니까? 실제 기록으로 확인할 결과와 측정하기 어려운 부분을 작성해 주십시오.","long_text","[]","false","{""field"":""SCOPE_MATCH"",""notIn"":[""MISMATCH"",""OTHER_OWNER"",""UNKNOWN""]}","{""departmentId"":""SA"",""topicId"":""SA-01""}","[]","분모·관측기간·비교조건·중요 오류·과잉처리·대기/활동시간을 구분. 개선율·목표값을 임의로 만들지 않음.","[""SA-E01"",""SA-E03"",""SA-E06"",""SA-E05"",""SA-E10""]","조사·기획 가설 · 현업 정합성/타당성 미확인"
"SURVEY-SA-SA-01-ALTERNATIVE_PROPOSAL","v0.2","SA","교통안전처","SA-01","3","ALTERNATIVE_PROPOSAL","제안된 CCK 적용 방법을 수정·축소·제외하거나 다른 방법으로 해결할 의견이 있습니까?","long_text","[]","false","{""field"":""SCOPE_MATCH"",""notIn"":[""MISMATCH"",""OTHER_OWNER"",""UNKNOWN""]}","{""departmentId"":""SA"",""topicId"":""SA-01""}","[]","기존 기능으로 충분 / 정형 개선 우선 / 책임·권한 문제 / 대안과 필요한 조건 등 자유 작성.","[""SA-E01"",""SA-E03"",""SA-E06"",""SA-E05"",""SA-E10""]","조사·기획 가설 · 현업 정합성/타당성 미확인"
"SURVEY-SA-SA-01-PRIORITY_REASON","v0.2","SA","교통안전처","SA-01","3","PRIORITY_REASON","이 문제를 다른 업무와 비교하여 왜 먼저 검토하거나 뒤로 미루어야 합니까?","long_text","[]","false","{""field"":""SCOPE_MATCH"",""notIn"":[""MISMATCH"",""OTHER_OWNER"",""UNKNOWN""]}","{""departmentId"":""SA"",""topicId"":""SA-01""}","[]","안전·국민/기업 편익·빈도·심각도·가용 자료·실행조건을 근거로 설명. 개선 필요 없음도 가능. 자동 점수 합산으로 사업 선정하지 않음.","[""SA-E01"",""SA-E03"",""SA-E06"",""SA-E05"",""SA-E10""]","조사·기획 가설 · 현업 정합성/타당성 미확인"
"SURVEY-SA-COMMON-OTHER_WORK_DIFFICULTY","v0.2","SA","교통안전처","COMMON","4","OTHER_WORK_DIFFICULTY","제시된 병목 외에 업무처리나 정확한 판단을 어렵게 만드는 지점은 무엇입니까?","long_text","[]","false","","{""departmentId"":""SA"",""topicId"":""COMMON""}","[]","업무 / 발생 단계 / 대상 / 현재 대응 / 남는 문제 / 근거를 작성. 없음·담당 아님·미확인도 명시 가능.","[""CCK-NOA"",""CTX-01"",""BOUNDARY-01""]","공통 설명·추가 의견"
"SURVEY-SA-COMMON-PUBLIC_SERVICE_ISSUE","v0.2","SA","교통안전처","COMMON","4","PUBLIC_SERVICE_ISSUE","국민·기업이 안전·검사·자격·교통 서비스를 이용할 때 추가로 겪는 불편이나 권익 문제는 무엇입니까?","long_text","[]","false","","{""departmentId"":""SA"",""topicId"":""COMMON""}","[]","대상자 / 원하는 결과 / 현재 경로 / 반복 설명·보완·방문·접근성 / 확인 근거. 현업의 추정과 이용자의 직접 의견을 구분.","[""CCK-NOA"",""CTX-01"",""BOUNDARY-01""]","공통 설명·추가 의견"
"SURVEY-SA-COMMON-NEW_PROBLEM","v0.2","SA","교통안전처","COMMON","4","NEW_PROBLEM","이번 조사에서 빠진 문제나 다른 원인 설명이 있다면 작성해 주십시오.","long_text","[]","false","","{""departmentId"":""SA"",""topicId"":""COMMON""}","[]","기존 병목의 수정인지 별도 문제인지, 소관 후보·현재 대응·우선 이유를 설명. 없으면 없음으로 작성.","[""CCK-NOA"",""CTX-01"",""BOUNDARY-01""]","공통 설명·추가 의견"
"SURVEY-SA-COMMON-AX_EXPANSION_OPINION","v0.2","SA","교통안전처","COMMON","4","AX_EXPANSION_OPINION","현재 플랫폼을 확대한다면 어떤 업무의 어떤 결과를 우선 개선해야 합니까?","long_text","[]","false","","{""departmentId"":""SA"",""topicId"":""COMMON""}","[]","현재 기능 → 남는 어려움 → 필요한 새 능력 → 업무·역할 변화 → 기관/국민 편익. 확대 불필요·비AI 대안도 가능.","[""CCK-NOA"",""CTX-01"",""BOUNDARY-01""]","공통 설명·추가 의견"
"SURVEY-SA-COMMON-EXPANSION_LIMIT","v0.2","SA","교통안전처","COMMON","4","EXPANSION_LIMIT","별도 전문시스템이나 권한자의 판단에 남겨야 할 범위와 확대 제약은 무엇입니까?","long_text","[]","false","","{""departmentId"":""SA"",""topicId"":""COMMON""}","[]","공식 안전·자격·의료·처분·승인/지급 책임, 자료 이용·운영·비용 조건을 설명. 실행본 확인은 제품 담당 보충지 S01~S04와 연결.","[""CCK-NOA"",""CTX-01"",""BOUNDARY-01""]","공통 설명·추가 의견"
"SURVEY-QE-COMMON-ROLE","v0.2","QE","자격교육처","COMMON","2","ROLE","이번 의견을 작성하는 업무 역할은 무엇입니까?","single_choice","[{""code"":""WORK"",""label"":""업무 담당""},{""code"":""REVIEW"",""label"":""검토·승인""},{""code"":""PLANNING"",""label"":""기획·성과""},{""code"":""TECH"",""label"":""정보화·제품·운영""},{""code"":""SECURITY"",""label"":""자료·보안""},{""code"":""OTHER"",""label"":""그 밖의 역할""},{""code"":""UNKNOWN"",""label"":""역할 설명 보완 필요""}]","false","","{""departmentId"":""QE"",""topicId"":""COMMON""}","[]","실명·연락처 대신 역할만 작성. 담당 처는 해당 양식에서 지정.","[""CCK-NOA"",""CTX-01"",""BOUNDARY-01""]","공통 설명·추가 의견"
"SURVEY-QE-COMMON-POSITION","v0.2","QE","자격교육처","COMMON","2","POSITION","이 응답은 어떤 범위의 의견입니까?","single_choice","[{""code"":""INDIVIDUAL"",""label"":""개인의 업무 경험·의견""},{""code"":""CONSULTED"",""label"":""부서 내 확인을 거친 의견""},{""code"":""OFFICIAL"",""label"":""권한자가 확인한 공식 회신""},{""code"":""UNKNOWN"",""label"":""범위 미확인""}]","false","","{""departmentId"":""QE"",""topicId"":""COMMON""}","[]","공식 회신 선택만으로 도입·예산·자료 이용승인이 생기는 것은 아님. 확인 근거는 별도 검토.","[""CCK-NOA"",""CTX-01"",""BOUNDARY-01""]","공통 설명·추가 의견"
"SURVEY-QE-COMMON-CURRENT_USE","v0.2","QE","자격교육처","COMMON","2","CURRENT_USE","현재 NOA 또는 AI 공통플랫폼을 어떤 업무에 사용하거나 확인하고 있습니까? 사용하지 않거나 기능을 모르는 경우도 작성해 주십시오.","long_text","[]","false","","{""departmentId"":""QE"",""topicId"":""COMMON""}","[]","실제 사용 기능·업무·남는 어려움 중심. 제공된 제품 소개를 실제 설치본 기능으로 옮겨 적지 않음.","[""CCK-NOA"",""CTX-01"",""BOUNDARY-01""]","공통 설명·추가 의견"
"SURVEY-QE-QE-01-SCOPE_MATCH","v0.2","QE","자격교육처","QE-01","3","SCOPE_MATCH","제시한 업무·대상·처리단계가 귀 처의 실제 담당 범위와 일치합니까?","single_choice","[{""code"":""MATCH"",""label"":""일치""},{""code"":""PARTIAL"",""label"":""일부 수정 필요""},{""code"":""MISMATCH"",""label"":""현재 업무와 불일치""},{""code"":""OTHER_OWNER"",""label"":""다른 부서·기관 소관""},{""code"":""UNKNOWN"",""label"":""판단자료 부족""}]","false","","{""departmentId"":""QE"",""topicId"":""QE-01""}","[]","조직명 일치와 실제 수행·결정권한은 구분. 다른 소관이면 수정 의견만 선택 작성.","[""QE-D13"",""QE-L11"",""QE-D11""]","조사·기획 가설 · 현업 정합성/타당성 미확인"
"SURVEY-QE-QE-01-CURRENT_STATE","v0.2","QE","자격교육처","QE-01","3","CURRENT_STATE","제시한 병목이 현재 발생하는지 어떤 상태로 확인하고 있습니까?","single_choice","[{""code"":""OBSERVED"",""label"":""현재 발생 확인""},{""code"":""CONDITIONAL"",""label"":""특정 조건에서 발생 확인""},{""code"":""RESOLVED"",""label"":""과거 발생했으나 해결됨""},{""code"":""NO_PROBLEM_OBSERVED"",""label"":""확인한 범위에서 발생하지 않음""},{""code"":""NO_DIRECT_EXPERIENCE"",""label"":""직접 확인한 경험 없음""},{""code"":""UNKNOWN"",""label"":""확인 불가""}]","false","{""field"":""SCOPE_MATCH"",""notIn"":[""MISMATCH"",""OTHER_OWNER"",""UNKNOWN""]}","{""departmentId"":""QE"",""topicId"":""QE-01""}","[]","미관찰을 전체 문제 없음으로 확대하지 않음. 해결됨이면 해결 기능·시점·범위를 기록.","[""QE-D13"",""QE-L11"",""QE-D11""]","조사·기획 가설 · 현업 정합성/타당성 미확인"
"SURVEY-QE-QE-01-BOTTLENECK_VALIDITY","v0.2","QE","자격교육처","QE-01","3","BOTTLENECK_VALIDITY","제시한 병목 설명과 원인 가설이 실제 상황을 설명하는 데 타당합니까?","single_choice","[{""code"":""VALID"",""label"":""타당""},{""code"":""CONDITIONAL"",""label"":""조건부 타당""},{""code"":""INVALID"",""label"":""타당하지 않음""},{""code"":""UNKNOWN"",""label"":""판단자료 부족""}]","false","{""field"":""SCOPE_MATCH"",""notIn"":[""MISMATCH"",""OTHER_OWNER"",""UNKNOWN""]}","{""departmentId"":""QE"",""topicId"":""QE-01""}","[]","업무 담당 여부·현재 발생 상태·우선순위와 별도 판단. 제안 제품의 도입 찬반 질문이 아님.","[""QE-D13"",""QE-L11"",""QE-D11""]","조사·기획 가설 · 현업 정합성/타당성 미확인"
"SURVEY-QE-QE-01-VALIDITY_REASON","v0.2","QE","자격교육처","QE-01","3","VALIDITY_REASON","정합성·발생 상태·타당성 판단의 이유와 고쳐야 할 내용을 작성해 주십시오.","long_text","[]","false","","{""departmentId"":""QE"",""topicId"":""QE-01""}","[]","맞는 부분 / 다른 부분 / 다른 원인 / 수정할 병목 문장 / 추가 확인 순서로 작성. 불일치·자료 부족도 유효한 응답.","[""QE-D13"",""QE-L11"",""QE-D11""]","조사·기획 가설 · 현업 정합성/타당성 미확인"
"SURVEY-QE-QE-01-EVIDENCE_BASIS","v0.2","QE","자격교육처","QE-01","3","EVIDENCE_BASIS","판단에 사용한 근거는 무엇입니까?","multiple_choice","[{""code"":""EXPERIENCE"",""label"":""직접 처리 경험""},{""code"":""RECORD"",""label"":""기록·로그·문서""},{""code"":""EXPLANATION"",""label"":""다른 담당자의 설명""},{""code"":""PUBLIC"",""label"":""공개자료""},{""code"":""INFERENCE"",""label"":""추정·개인 의견""},{""code"":""NONE"",""label"":""별도 근거 미확보""}]","false","{""field"":""SCOPE_MATCH"",""notIn"":[""MISMATCH"",""OTHER_OWNER"",""UNKNOWN""]}","{""departmentId"":""QE"",""topicId"":""QE-01""}","[""NONE""]","경험과 기록은 함께 선택 가능. NONE은 다른 근거와 동시 선택하지 않음. 유형 선택만으로 검증 완료 처리하지 않음.","[""QE-D13"",""QE-L11"",""QE-D11""]","조사·기획 가설 · 현업 정합성/타당성 미확인"
"SURVEY-QE-QE-01-ACTUAL_CASE","v0.2","QE","자격교육처","QE-01","3","ACTUAL_CASE","공유 가능한 사례가 있다면 언제·어느 단계·누구에게 어떤 결과나 부담이 발생했는지 작성해 주십시오.","long_text","[]","false","{""all"":[{""field"":""SCOPE_MATCH"",""notIn"":[""MISMATCH"",""OTHER_OWNER"",""UNKNOWN""]},{""field"":""CURRENT_STATE"",""in"":[""OBSERVED"",""CONDITIONAL""]}]}","{""departmentId"":""QE"",""topicId"":""QE-01""}","[]","가명 사건 유형·기간·빈도 근거·영향·현재 대응만 작성. 이름·차량번호·연락처·질병정보·원문 민원은 입력하지 않음. 수치는 실측/집계/추정을 구분.","[""QE-D13"",""QE-L11"",""QE-D11""]","조사·기획 가설 · 현업 정합성/타당성 미확인"
"SURVEY-QE-QE-01-COUNTER_EVIDENCE","v0.2","QE","자격교육처","QE-01","3","COUNTER_EVIDENCE","문제 없이 완료했거나 제시한 설명과 다른 사례, 다른 원인이 있습니까?","long_text","[]","false","{""field"":""SCOPE_MATCH"",""notIn"":[""MISMATCH"",""OTHER_OWNER"",""UNKNOWN""]}","{""departmentId"":""QE"",""topicId"":""QE-01""}","[]","없음·직접 확인 못함도 작성 가능. 반대 사례와 소수 의견은 유지.","[""QE-D13"",""QE-L11"",""QE-D11""]","조사·기획 가설 · 현업 정합성/타당성 미확인"
"SURVEY-QE-QE-01-EXISTING_RESPONSE","v0.2","QE","자격교육처","QE-01","3","EXISTING_RESPONSE","현재 시스템·AI·서식·규칙·협의절차로 해결하는 부분과 남는 문제는 무엇입니까?","long_text","[]","false","{""field"":""SCOPE_MATCH"",""notIn"":[""MISMATCH"",""OTHER_OWNER"",""UNKNOWN""]}","{""departmentId"":""QE"",""topicId"":""QE-01""}","[]","이미 충분히 해결된다면 해당 기능·조건·해결 시점을 작성. 기존 계약·추진 중인 사업과 겹치는 범위도 설명.","[""QE-D13"",""QE-L11"",""QE-D11""]","조사·기획 가설 · 현업 정합성/타당성 미확인"
"SURVEY-QE-QE-01-IMPROVEMENT_METHOD","v0.2","QE","자격교육처","QE-01","3","IMPROVEMENT_METHOD","개선이 필요하다면 어떤 방식이 적절하다고 봅니까?","multiple_choice","[{""code"":""EXISTING"",""label"":""기존 기능·운영 개선""},{""code"":""DATA"",""label"":""자료·서식·식별키 정비""},{""code"":""RULE_API"",""label"":""정형 규칙·시스템 연계""},{""code"":""AI"",""label"":""NOA 등 AI 추가 적용""},{""code"":""INSTITUTION"",""label"":""인력·공급·재원·제도 개선""},{""code"":""NO_NEED"",""label"":""추가 개선 필요 없음""},{""code"":""UNKNOWN"",""label"":""판단자료 부족""}]","false","{""field"":""SCOPE_MATCH"",""notIn"":[""MISMATCH"",""OTHER_OWNER"",""UNKNOWN""]}","{""departmentId"":""QE"",""topicId"":""QE-01""}","[""NO_NEED"",""UNKNOWN""]","여러 개선 방식의 결합 가능. NO_NEED·UNKNOWN은 다른 방식과 동시에 선택하지 않음. AI 미선택 시 AI 세부 질문을 건너뜀.","[""QE-D13"",""QE-L11"",""QE-D11""]","조사·기획 가설 · 현업 정합성/타당성 미확인"
"SURVEY-QE-QE-01-AI_ADDED_VALUE","v0.2","QE","자격교육처","QE-01","3","AI_ADDED_VALUE","NOA 등 AI를 추가하면 기존 도구·정형 개선으로 달성하기 어려운 어떤 결과를 얻을 수 있습니까?","long_text","[]","false","{""all"":[{""field"":""SCOPE_MATCH"",""notIn"":[""MISMATCH"",""OTHER_OWNER"",""UNKNOWN""]},{""field"":""IMPROVEMENT_METHOD"",""includes"":""AI""}]}","{""departmentId"":""QE"",""topicId"":""QE-01""}","[]","기능 이름보다 달라질 판단·수행·국민/기업 결과를 작성. 기대와 실제 입증을 구분.","[""QE-D13"",""QE-L11"",""QE-D11""]","조사·기획 가설 · 현업 정합성/타당성 미확인"
"SURVEY-QE-QE-01-FEASIBILITY_CONDITIONS","v0.2","QE","자격교육처","QE-01","3","FEASIBILITY_CONDITIONS","추가 AI 적용을 위해 어떤 자료·연계·권한·전문 검수·운영조건을 확보해야 합니까?","long_text","[]","false","{""all"":[{""field"":""SCOPE_MATCH"",""notIn"":[""MISMATCH"",""OTHER_OWNER"",""UNKNOWN""]},{""field"":""IMPROVEMENT_METHOD"",""includes"":""AI""}]}","{""departmentId"":""QE"",""topicId"":""QE-01""}","[]","실제 설치본·사용권·기존 서버·조회/실행 경계·오류 복구·인수 역할 확인. 새로운 인프라 구매 없는 검토 전제.","[""QE-D13"",""QE-L11"",""QE-D11""]","조사·기획 가설 · 현업 정합성/타당성 미확인"
"SURVEY-QE-QE-01-RISK_AND_CONCERN","v0.2","QE","자격교육처","QE-01","3","RISK_AND_CONCERN","제안 방식이 오판·과다 보완·정보 노출·추가 업무·이용자 배제 등을 일으킬 조건은 무엇입니까?","long_text","[]","false","{""field"":""SCOPE_MATCH"",""notIn"":[""MISMATCH"",""OTHER_OWNER"",""UNKNOWN""]}","{""departmentId"":""QE"",""topicId"":""QE-01""}","[]","문제 없다고 단정하지 않고 예상·관찰·미확인을 구분. AI 이외 개선의 우려도 작성.","[""QE-D13"",""QE-L11"",""QE-D11""]","조사·기획 가설 · 현업 정합성/타당성 미확인"
"SURVEY-QE-QE-01-EFFECT_AND_MEASUREMENT","v0.2","QE","자격교육처","QE-01","3","EFFECT_AND_MEASUREMENT","제시한 효과 지표가 적절합니까? 실제 기록으로 확인할 결과와 측정하기 어려운 부분을 작성해 주십시오.","long_text","[]","false","{""field"":""SCOPE_MATCH"",""notIn"":[""MISMATCH"",""OTHER_OWNER"",""UNKNOWN""]}","{""departmentId"":""QE"",""topicId"":""QE-01""}","[]","분모·관측기간·비교조건·중요 오류·과잉처리·대기/활동시간을 구분. 개선율·목표값을 임의로 만들지 않음.","[""QE-D13"",""QE-L11"",""QE-D11""]","조사·기획 가설 · 현업 정합성/타당성 미확인"
"SURVEY-QE-QE-01-ALTERNATIVE_PROPOSAL","v0.2","QE","자격교육처","QE-01","3","ALTERNATIVE_PROPOSAL","제안된 CCK 적용 방법을 수정·축소·제외하거나 다른 방법으로 해결할 의견이 있습니까?","long_text","[]","false","{""field"":""SCOPE_MATCH"",""notIn"":[""MISMATCH"",""OTHER_OWNER"",""UNKNOWN""]}","{""departmentId"":""QE"",""topicId"":""QE-01""}","[]","기존 기능으로 충분 / 정형 개선 우선 / 책임·권한 문제 / 대안과 필요한 조건 등 자유 작성.","[""QE-D13"",""QE-L11"",""QE-D11""]","조사·기획 가설 · 현업 정합성/타당성 미확인"
"SURVEY-QE-QE-01-PRIORITY_REASON","v0.2","QE","자격교육처","QE-01","3","PRIORITY_REASON","이 문제를 다른 업무와 비교하여 왜 먼저 검토하거나 뒤로 미루어야 합니까?","long_text","[]","false","{""field"":""SCOPE_MATCH"",""notIn"":[""MISMATCH"",""OTHER_OWNER"",""UNKNOWN""]}","{""departmentId"":""QE"",""topicId"":""QE-01""}","[]","안전·국민/기업 편익·빈도·심각도·가용 자료·실행조건을 근거로 설명. 개선 필요 없음도 가능. 자동 점수 합산으로 사업 선정하지 않음.","[""QE-D13"",""QE-L11"",""QE-D11""]","조사·기획 가설 · 현업 정합성/타당성 미확인"
"SURVEY-QE-QE-H01-SCOPE_MATCH","v0.2","QE","자격교육처","QE-H01","4","SCOPE_MATCH","제시한 업무·대상·처리단계가 귀 처의 실제 담당 범위와 일치합니까?","single_choice","[{""code"":""MATCH"",""label"":""일치""},{""code"":""PARTIAL"",""label"":""일부 수정 필요""},{""code"":""MISMATCH"",""label"":""현재 업무와 불일치""},{""code"":""OTHER_OWNER"",""label"":""다른 부서·기관 소관""},{""code"":""UNKNOWN"",""label"":""판단자료 부족""}]","false","","{""departmentId"":""QE"",""topicId"":""QE-H01""}","[]","조직명 일치와 실제 수행·결정권한은 구분. 다른 소관이면 수정 의견만 선택 작성.","[""H01"",""H02"",""H03"",""H04"",""H05"",""H06"",""H07"",""H08""]","조사·기획 가설 · 현업 정합성/타당성 미확인"
"SURVEY-QE-QE-H01-CURRENT_STATE","v0.2","QE","자격교육처","QE-H01","4","CURRENT_STATE","제시한 병목이 현재 발생하는지 어떤 상태로 확인하고 있습니까?","single_choice","[{""code"":""OBSERVED"",""label"":""현재 발생 확인""},{""code"":""CONDITIONAL"",""label"":""특정 조건에서 발생 확인""},{""code"":""RESOLVED"",""label"":""과거 발생했으나 해결됨""},{""code"":""NO_PROBLEM_OBSERVED"",""label"":""확인한 범위에서 발생하지 않음""},{""code"":""NO_DIRECT_EXPERIENCE"",""label"":""직접 확인한 경험 없음""},{""code"":""UNKNOWN"",""label"":""확인 불가""}]","false","{""field"":""SCOPE_MATCH"",""notIn"":[""MISMATCH"",""OTHER_OWNER"",""UNKNOWN""]}","{""departmentId"":""QE"",""topicId"":""QE-H01""}","[]","미관찰을 전체 문제 없음으로 확대하지 않음. 해결됨이면 해결 기능·시점·범위를 기록.","[""H01"",""H02"",""H03"",""H04"",""H05"",""H06"",""H07"",""H08""]","조사·기획 가설 · 현업 정합성/타당성 미확인"
"SURVEY-QE-QE-H01-BOTTLENECK_VALIDITY","v0.2","QE","자격교육처","QE-H01","4","BOTTLENECK_VALIDITY","제시한 병목 설명과 원인 가설이 실제 상황을 설명하는 데 타당합니까?","single_choice","[{""code"":""VALID"",""label"":""타당""},{""code"":""CONDITIONAL"",""label"":""조건부 타당""},{""code"":""INVALID"",""label"":""타당하지 않음""},{""code"":""UNKNOWN"",""label"":""판단자료 부족""}]","false","{""field"":""SCOPE_MATCH"",""notIn"":[""MISMATCH"",""OTHER_OWNER"",""UNKNOWN""]}","{""departmentId"":""QE"",""topicId"":""QE-H01""}","[]","업무 담당 여부·현재 발생 상태·우선순위와 별도 판단. 제안 제품의 도입 찬반 질문이 아님.","[""H01"",""H02"",""H03"",""H04"",""H05"",""H06"",""H07"",""H08""]","조사·기획 가설 · 현업 정합성/타당성 미확인"
"SURVEY-QE-QE-H01-VALIDITY_REASON","v0.2","QE","자격교육처","QE-H01","4","VALIDITY_REASON","정합성·발생 상태·타당성 판단의 이유와 고쳐야 할 내용을 작성해 주십시오.","long_text","[]","false","","{""departmentId"":""QE"",""topicId"":""QE-H01""}","[]","맞는 부분 / 다른 부분 / 다른 원인 / 수정할 병목 문장 / 추가 확인 순서로 작성. 불일치·자료 부족도 유효한 응답.","[""H01"",""H02"",""H03"",""H04"",""H05"",""H06"",""H07"",""H08""]","조사·기획 가설 · 현업 정합성/타당성 미확인"
"SURVEY-QE-QE-H01-EVIDENCE_BASIS","v0.2","QE","자격교육처","QE-H01","4","EVIDENCE_BASIS","판단에 사용한 근거는 무엇입니까?","multiple_choice","[{""code"":""EXPERIENCE"",""label"":""직접 처리 경험""},{""code"":""RECORD"",""label"":""기록·로그·문서""},{""code"":""EXPLANATION"",""label"":""다른 담당자의 설명""},{""code"":""PUBLIC"",""label"":""공개자료""},{""code"":""INFERENCE"",""label"":""추정·개인 의견""},{""code"":""NONE"",""label"":""별도 근거 미확보""}]","false","{""field"":""SCOPE_MATCH"",""notIn"":[""MISMATCH"",""OTHER_OWNER"",""UNKNOWN""]}","{""departmentId"":""QE"",""topicId"":""QE-H01""}","[""NONE""]","경험과 기록은 함께 선택 가능. NONE은 다른 근거와 동시 선택하지 않음. 유형 선택만으로 검증 완료 처리하지 않음.","[""H01"",""H02"",""H03"",""H04"",""H05"",""H06"",""H07"",""H08""]","조사·기획 가설 · 현업 정합성/타당성 미확인"
"SURVEY-QE-QE-H01-ACTUAL_CASE","v0.2","QE","자격교육처","QE-H01","4","ACTUAL_CASE","공유 가능한 사례가 있다면 언제·어느 단계·누구에게 어떤 결과나 부담이 발생했는지 작성해 주십시오.","long_text","[]","false","{""all"":[{""field"":""SCOPE_MATCH"",""notIn"":[""MISMATCH"",""OTHER_OWNER"",""UNKNOWN""]},{""field"":""CURRENT_STATE"",""in"":[""OBSERVED"",""CONDITIONAL""]}]}","{""departmentId"":""QE"",""topicId"":""QE-H01""}","[]","가명 사건 유형·기간·빈도 근거·영향·현재 대응만 작성. 이름·차량번호·연락처·질병정보·원문 민원은 입력하지 않음. 수치는 실측/집계/추정을 구분.","[""H01"",""H02"",""H03"",""H04"",""H05"",""H06"",""H07"",""H08""]","조사·기획 가설 · 현업 정합성/타당성 미확인"
"SURVEY-QE-QE-H01-COUNTER_EVIDENCE","v0.2","QE","자격교육처","QE-H01","4","COUNTER_EVIDENCE","문제 없이 완료했거나 제시한 설명과 다른 사례, 다른 원인이 있습니까?","long_text","[]","false","{""field"":""SCOPE_MATCH"",""notIn"":[""MISMATCH"",""OTHER_OWNER"",""UNKNOWN""]}","{""departmentId"":""QE"",""topicId"":""QE-H01""}","[]","없음·직접 확인 못함도 작성 가능. 반대 사례와 소수 의견은 유지.","[""H01"",""H02"",""H03"",""H04"",""H05"",""H06"",""H07"",""H08""]","조사·기획 가설 · 현업 정합성/타당성 미확인"
"SURVEY-QE-QE-H01-EXISTING_RESPONSE","v0.2","QE","자격교육처","QE-H01","4","EXISTING_RESPONSE","현재 시스템·AI·서식·규칙·협의절차로 해결하는 부분과 남는 문제는 무엇입니까?","long_text","[]","false","{""field"":""SCOPE_MATCH"",""notIn"":[""MISMATCH"",""OTHER_OWNER"",""UNKNOWN""]}","{""departmentId"":""QE"",""topicId"":""QE-H01""}","[]","이미 충분히 해결된다면 해당 기능·조건·해결 시점을 작성. 기존 계약·추진 중인 사업과 겹치는 범위도 설명.","[""H01"",""H02"",""H03"",""H04"",""H05"",""H06"",""H07"",""H08""]","조사·기획 가설 · 현업 정합성/타당성 미확인"
"SURVEY-QE-QE-H01-IMPROVEMENT_METHOD","v0.2","QE","자격교육처","QE-H01","4","IMPROVEMENT_METHOD","개선이 필요하다면 어떤 방식이 적절하다고 봅니까?","multiple_choice","[{""code"":""EXISTING"",""label"":""기존 기능·운영 개선""},{""code"":""DATA"",""label"":""자료·서식·식별키 정비""},{""code"":""RULE_API"",""label"":""정형 규칙·시스템 연계""},{""code"":""AI"",""label"":""NOA 등 AI 추가 적용""},{""code"":""INSTITUTION"",""label"":""인력·공급·재원·제도 개선""},{""code"":""NO_NEED"",""label"":""추가 개선 필요 없음""},{""code"":""UNKNOWN"",""label"":""판단자료 부족""}]","false","{""field"":""SCOPE_MATCH"",""notIn"":[""MISMATCH"",""OTHER_OWNER"",""UNKNOWN""]}","{""departmentId"":""QE"",""topicId"":""QE-H01""}","[""NO_NEED"",""UNKNOWN""]","여러 개선 방식의 결합 가능. NO_NEED·UNKNOWN은 다른 방식과 동시에 선택하지 않음. AI 미선택 시 AI 세부 질문을 건너뜀.","[""H01"",""H02"",""H03"",""H04"",""H05"",""H06"",""H07"",""H08""]","조사·기획 가설 · 현업 정합성/타당성 미확인"
"SURVEY-QE-QE-H01-AI_ADDED_VALUE","v0.2","QE","자격교육처","QE-H01","4","AI_ADDED_VALUE","NOA 등 AI를 추가하면 기존 도구·정형 개선으로 달성하기 어려운 어떤 결과를 얻을 수 있습니까?","long_text","[]","false","{""all"":[{""field"":""SCOPE_MATCH"",""notIn"":[""MISMATCH"",""OTHER_OWNER"",""UNKNOWN""]},{""field"":""IMPROVEMENT_METHOD"",""includes"":""AI""}]}","{""departmentId"":""QE"",""topicId"":""QE-H01""}","[]","기능 이름보다 달라질 판단·수행·국민/기업 결과를 작성. 기대와 실제 입증을 구분.","[""H01"",""H02"",""H03"",""H04"",""H05"",""H06"",""H07"",""H08""]","조사·기획 가설 · 현업 정합성/타당성 미확인"
"SURVEY-QE-QE-H01-FEASIBILITY_CONDITIONS","v0.2","QE","자격교육처","QE-H01","4","FEASIBILITY_CONDITIONS","추가 AI 적용을 위해 어떤 자료·연계·권한·전문 검수·운영조건을 확보해야 합니까?","long_text","[]","false","{""all"":[{""field"":""SCOPE_MATCH"",""notIn"":[""MISMATCH"",""OTHER_OWNER"",""UNKNOWN""]},{""field"":""IMPROVEMENT_METHOD"",""includes"":""AI""}]}","{""departmentId"":""QE"",""topicId"":""QE-H01""}","[]","실제 설치본·사용권·기존 서버·조회/실행 경계·오류 복구·인수 역할 확인. 새로운 인프라 구매 없는 검토 전제.","[""H01"",""H02"",""H03"",""H04"",""H05"",""H06"",""H07"",""H08""]","조사·기획 가설 · 현업 정합성/타당성 미확인"
"SURVEY-QE-QE-H01-RISK_AND_CONCERN","v0.2","QE","자격교육처","QE-H01","4","RISK_AND_CONCERN","제안 방식이 오판·과다 보완·정보 노출·추가 업무·이용자 배제 등을 일으킬 조건은 무엇입니까?","long_text","[]","false","{""field"":""SCOPE_MATCH"",""notIn"":[""MISMATCH"",""OTHER_OWNER"",""UNKNOWN""]}","{""departmentId"":""QE"",""topicId"":""QE-H01""}","[]","문제 없다고 단정하지 않고 예상·관찰·미확인을 구분. AI 이외 개선의 우려도 작성.","[""H01"",""H02"",""H03"",""H04"",""H05"",""H06"",""H07"",""H08""]","조사·기획 가설 · 현업 정합성/타당성 미확인"
"SURVEY-QE-QE-H01-EFFECT_AND_MEASUREMENT","v0.2","QE","자격교육처","QE-H01","4","EFFECT_AND_MEASUREMENT","제시한 효과 지표가 적절합니까? 실제 기록으로 확인할 결과와 측정하기 어려운 부분을 작성해 주십시오.","long_text","[]","false","{""field"":""SCOPE_MATCH"",""notIn"":[""MISMATCH"",""OTHER_OWNER"",""UNKNOWN""]}","{""departmentId"":""QE"",""topicId"":""QE-H01""}","[]","분모·관측기간·비교조건·중요 오류·과잉처리·대기/활동시간을 구분. 개선율·목표값을 임의로 만들지 않음.","[""H01"",""H02"",""H03"",""H04"",""H05"",""H06"",""H07"",""H08""]","조사·기획 가설 · 현업 정합성/타당성 미확인"
"SURVEY-QE-QE-H01-ALTERNATIVE_PROPOSAL","v0.2","QE","자격교육처","QE-H01","4","ALTERNATIVE_PROPOSAL","제안된 CCK 적용 방법을 수정·축소·제외하거나 다른 방법으로 해결할 의견이 있습니까?","long_text","[]","false","{""field"":""SCOPE_MATCH"",""notIn"":[""MISMATCH"",""OTHER_OWNER"",""UNKNOWN""]}","{""departmentId"":""QE"",""topicId"":""QE-H01""}","[]","기존 기능으로 충분 / 정형 개선 우선 / 책임·권한 문제 / 대안과 필요한 조건 등 자유 작성.","[""H01"",""H02"",""H03"",""H04"",""H05"",""H06"",""H07"",""H08""]","조사·기획 가설 · 현업 정합성/타당성 미확인"
"SURVEY-QE-QE-H01-PRIORITY_REASON","v0.2","QE","자격교육처","QE-H01","4","PRIORITY_REASON","이 문제를 다른 업무와 비교하여 왜 먼저 검토하거나 뒤로 미루어야 합니까?","long_text","[]","false","{""field"":""SCOPE_MATCH"",""notIn"":[""MISMATCH"",""OTHER_OWNER"",""UNKNOWN""]}","{""departmentId"":""QE"",""topicId"":""QE-H01""}","[]","안전·국민/기업 편익·빈도·심각도·가용 자료·실행조건을 근거로 설명. 개선 필요 없음도 가능. 자동 점수 합산으로 사업 선정하지 않음.","[""H01"",""H02"",""H03"",""H04"",""H05"",""H06"",""H07"",""H08""]","조사·기획 가설 · 현업 정합성/타당성 미확인"
"SURVEY-QE-COMMON-OTHER_WORK_DIFFICULTY","v0.2","QE","자격교육처","COMMON","5","OTHER_WORK_DIFFICULTY","제시된 병목 외에 업무처리나 정확한 판단을 어렵게 만드는 지점은 무엇입니까?","long_text","[]","false","","{""departmentId"":""QE"",""topicId"":""COMMON""}","[]","업무 / 발생 단계 / 대상 / 현재 대응 / 남는 문제 / 근거를 작성. 없음·담당 아님·미확인도 명시 가능.","[""CCK-NOA"",""CTX-01"",""BOUNDARY-01""]","공통 설명·추가 의견"
"SURVEY-QE-COMMON-PUBLIC_SERVICE_ISSUE","v0.2","QE","자격교육처","COMMON","5","PUBLIC_SERVICE_ISSUE","국민·기업이 안전·검사·자격·교통 서비스를 이용할 때 추가로 겪는 불편이나 권익 문제는 무엇입니까?","long_text","[]","false","","{""departmentId"":""QE"",""topicId"":""COMMON""}","[]","대상자 / 원하는 결과 / 현재 경로 / 반복 설명·보완·방문·접근성 / 확인 근거. 현업의 추정과 이용자의 직접 의견을 구분.","[""CCK-NOA"",""CTX-01"",""BOUNDARY-01""]","공통 설명·추가 의견"
"SURVEY-QE-COMMON-NEW_PROBLEM","v0.2","QE","자격교육처","COMMON","5","NEW_PROBLEM","이번 조사에서 빠진 문제나 다른 원인 설명이 있다면 작성해 주십시오.","long_text","[]","false","","{""departmentId"":""QE"",""topicId"":""COMMON""}","[]","기존 병목의 수정인지 별도 문제인지, 소관 후보·현재 대응·우선 이유를 설명. 없으면 없음으로 작성.","[""CCK-NOA"",""CTX-01"",""BOUNDARY-01""]","공통 설명·추가 의견"
"SURVEY-QE-COMMON-AX_EXPANSION_OPINION","v0.2","QE","자격교육처","COMMON","5","AX_EXPANSION_OPINION","현재 플랫폼을 확대한다면 어떤 업무의 어떤 결과를 우선 개선해야 합니까?","long_text","[]","false","","{""departmentId"":""QE"",""topicId"":""COMMON""}","[]","현재 기능 → 남는 어려움 → 필요한 새 능력 → 업무·역할 변화 → 기관/국민 편익. 확대 불필요·비AI 대안도 가능.","[""CCK-NOA"",""CTX-01"",""BOUNDARY-01""]","공통 설명·추가 의견"
"SURVEY-QE-COMMON-EXPANSION_LIMIT","v0.2","QE","자격교육처","COMMON","5","EXPANSION_LIMIT","별도 전문시스템이나 권한자의 판단에 남겨야 할 범위와 확대 제약은 무엇입니까?","long_text","[]","false","","{""departmentId"":""QE"",""topicId"":""COMMON""}","[]","공식 안전·자격·의료·처분·승인/지급 책임, 자료 이용·운영·비용 조건을 설명. 실행본 확인은 제품 담당 보충지 S01~S04와 연결.","[""CCK-NOA"",""CTX-01"",""BOUNDARY-01""]","공통 설명·추가 의견"
"SURVEY-CL-COMMON-ROLE","v0.2","CL","기후탄소물류처","COMMON","2","ROLE","이번 의견을 작성하는 업무 역할은 무엇입니까?","single_choice","[{""code"":""WORK"",""label"":""업무 담당""},{""code"":""REVIEW"",""label"":""검토·승인""},{""code"":""PLANNING"",""label"":""기획·성과""},{""code"":""TECH"",""label"":""정보화·제품·운영""},{""code"":""SECURITY"",""label"":""자료·보안""},{""code"":""OTHER"",""label"":""그 밖의 역할""},{""code"":""UNKNOWN"",""label"":""역할 설명 보완 필요""}]","false","","{""departmentId"":""CL"",""topicId"":""COMMON""}","[]","실명·연락처 대신 역할만 작성. 담당 처는 해당 양식에서 지정.","[""CCK-NOA"",""CTX-01"",""BOUNDARY-01""]","공통 설명·추가 의견"
"SURVEY-CL-COMMON-POSITION","v0.2","CL","기후탄소물류처","COMMON","2","POSITION","이 응답은 어떤 범위의 의견입니까?","single_choice","[{""code"":""INDIVIDUAL"",""label"":""개인의 업무 경험·의견""},{""code"":""CONSULTED"",""label"":""부서 내 확인을 거친 의견""},{""code"":""OFFICIAL"",""label"":""권한자가 확인한 공식 회신""},{""code"":""UNKNOWN"",""label"":""범위 미확인""}]","false","","{""departmentId"":""CL"",""topicId"":""COMMON""}","[]","공식 회신 선택만으로 도입·예산·자료 이용승인이 생기는 것은 아님. 확인 근거는 별도 검토.","[""CCK-NOA"",""CTX-01"",""BOUNDARY-01""]","공통 설명·추가 의견"
"SURVEY-CL-COMMON-CURRENT_USE","v0.2","CL","기후탄소물류처","COMMON","2","CURRENT_USE","현재 NOA 또는 AI 공통플랫폼을 어떤 업무에 사용하거나 확인하고 있습니까? 사용하지 않거나 기능을 모르는 경우도 작성해 주십시오.","long_text","[]","false","","{""departmentId"":""CL"",""topicId"":""COMMON""}","[]","실제 사용 기능·업무·남는 어려움 중심. 제공된 제품 소개를 실제 설치본 기능으로 옮겨 적지 않음.","[""CCK-NOA"",""CTX-01"",""BOUNDARY-01""]","공통 설명·추가 의견"
"SURVEY-CL-CL-01-SCOPE_MATCH","v0.2","CL","기후탄소물류처","CL-01","3","SCOPE_MATCH","제시한 업무·대상·처리단계가 귀 처의 실제 담당 범위와 일치합니까?","single_choice","[{""code"":""MATCH"",""label"":""일치""},{""code"":""PARTIAL"",""label"":""일부 수정 필요""},{""code"":""MISMATCH"",""label"":""현재 업무와 불일치""},{""code"":""OTHER_OWNER"",""label"":""다른 부서·기관 소관""},{""code"":""UNKNOWN"",""label"":""판단자료 부족""}]","false","","{""departmentId"":""CL"",""topicId"":""CL-01""}","[]","조직명 일치와 실제 수행·결정권한은 구분. 다른 소관이면 수정 의견만 선택 작성.","[""CL-E10"",""CL-E32"",""CL-E42""]","조사·기획 가설 · 현업 정합성/타당성 미확인"
"SURVEY-CL-CL-01-CURRENT_STATE","v0.2","CL","기후탄소물류처","CL-01","3","CURRENT_STATE","제시한 병목이 현재 발생하는지 어떤 상태로 확인하고 있습니까?","single_choice","[{""code"":""OBSERVED"",""label"":""현재 발생 확인""},{""code"":""CONDITIONAL"",""label"":""특정 조건에서 발생 확인""},{""code"":""RESOLVED"",""label"":""과거 발생했으나 해결됨""},{""code"":""NO_PROBLEM_OBSERVED"",""label"":""확인한 범위에서 발생하지 않음""},{""code"":""NO_DIRECT_EXPERIENCE"",""label"":""직접 확인한 경험 없음""},{""code"":""UNKNOWN"",""label"":""확인 불가""}]","false","{""field"":""SCOPE_MATCH"",""notIn"":[""MISMATCH"",""OTHER_OWNER"",""UNKNOWN""]}","{""departmentId"":""CL"",""topicId"":""CL-01""}","[]","미관찰을 전체 문제 없음으로 확대하지 않음. 해결됨이면 해결 기능·시점·범위를 기록.","[""CL-E10"",""CL-E32"",""CL-E42""]","조사·기획 가설 · 현업 정합성/타당성 미확인"
"SURVEY-CL-CL-01-BOTTLENECK_VALIDITY","v0.2","CL","기후탄소물류처","CL-01","3","BOTTLENECK_VALIDITY","제시한 병목 설명과 원인 가설이 실제 상황을 설명하는 데 타당합니까?","single_choice","[{""code"":""VALID"",""label"":""타당""},{""code"":""CONDITIONAL"",""label"":""조건부 타당""},{""code"":""INVALID"",""label"":""타당하지 않음""},{""code"":""UNKNOWN"",""label"":""판단자료 부족""}]","false","{""field"":""SCOPE_MATCH"",""notIn"":[""MISMATCH"",""OTHER_OWNER"",""UNKNOWN""]}","{""departmentId"":""CL"",""topicId"":""CL-01""}","[]","업무 담당 여부·현재 발생 상태·우선순위와 별도 판단. 제안 제품의 도입 찬반 질문이 아님.","[""CL-E10"",""CL-E32"",""CL-E42""]","조사·기획 가설 · 현업 정합성/타당성 미확인"
"SURVEY-CL-CL-01-VALIDITY_REASON","v0.2","CL","기후탄소물류처","CL-01","3","VALIDITY_REASON","정합성·발생 상태·타당성 판단의 이유와 고쳐야 할 내용을 작성해 주십시오.","long_text","[]","false","","{""departmentId"":""CL"",""topicId"":""CL-01""}","[]","맞는 부분 / 다른 부분 / 다른 원인 / 수정할 병목 문장 / 추가 확인 순서로 작성. 불일치·자료 부족도 유효한 응답.","[""CL-E10"",""CL-E32"",""CL-E42""]","조사·기획 가설 · 현업 정합성/타당성 미확인"
"SURVEY-CL-CL-01-EVIDENCE_BASIS","v0.2","CL","기후탄소물류처","CL-01","3","EVIDENCE_BASIS","판단에 사용한 근거는 무엇입니까?","multiple_choice","[{""code"":""EXPERIENCE"",""label"":""직접 처리 경험""},{""code"":""RECORD"",""label"":""기록·로그·문서""},{""code"":""EXPLANATION"",""label"":""다른 담당자의 설명""},{""code"":""PUBLIC"",""label"":""공개자료""},{""code"":""INFERENCE"",""label"":""추정·개인 의견""},{""code"":""NONE"",""label"":""별도 근거 미확보""}]","false","{""field"":""SCOPE_MATCH"",""notIn"":[""MISMATCH"",""OTHER_OWNER"",""UNKNOWN""]}","{""departmentId"":""CL"",""topicId"":""CL-01""}","[""NONE""]","경험과 기록은 함께 선택 가능. NONE은 다른 근거와 동시 선택하지 않음. 유형 선택만으로 검증 완료 처리하지 않음.","[""CL-E10"",""CL-E32"",""CL-E42""]","조사·기획 가설 · 현업 정합성/타당성 미확인"
"SURVEY-CL-CL-01-ACTUAL_CASE","v0.2","CL","기후탄소물류처","CL-01","3","ACTUAL_CASE","공유 가능한 사례가 있다면 언제·어느 단계·누구에게 어떤 결과나 부담이 발생했는지 작성해 주십시오.","long_text","[]","false","{""all"":[{""field"":""SCOPE_MATCH"",""notIn"":[""MISMATCH"",""OTHER_OWNER"",""UNKNOWN""]},{""field"":""CURRENT_STATE"",""in"":[""OBSERVED"",""CONDITIONAL""]}]}","{""departmentId"":""CL"",""topicId"":""CL-01""}","[]","가명 사건 유형·기간·빈도 근거·영향·현재 대응만 작성. 이름·차량번호·연락처·질병정보·원문 민원은 입력하지 않음. 수치는 실측/집계/추정을 구분.","[""CL-E10"",""CL-E32"",""CL-E42""]","조사·기획 가설 · 현업 정합성/타당성 미확인"
"SURVEY-CL-CL-01-COUNTER_EVIDENCE","v0.2","CL","기후탄소물류처","CL-01","3","COUNTER_EVIDENCE","문제 없이 완료했거나 제시한 설명과 다른 사례, 다른 원인이 있습니까?","long_text","[]","false","{""field"":""SCOPE_MATCH"",""notIn"":[""MISMATCH"",""OTHER_OWNER"",""UNKNOWN""]}","{""departmentId"":""CL"",""topicId"":""CL-01""}","[]","없음·직접 확인 못함도 작성 가능. 반대 사례와 소수 의견은 유지.","[""CL-E10"",""CL-E32"",""CL-E42""]","조사·기획 가설 · 현업 정합성/타당성 미확인"
"SURVEY-CL-CL-01-EXISTING_RESPONSE","v0.2","CL","기후탄소물류처","CL-01","3","EXISTING_RESPONSE","현재 시스템·AI·서식·규칙·협의절차로 해결하는 부분과 남는 문제는 무엇입니까?","long_text","[]","false","{""field"":""SCOPE_MATCH"",""notIn"":[""MISMATCH"",""OTHER_OWNER"",""UNKNOWN""]}","{""departmentId"":""CL"",""topicId"":""CL-01""}","[]","이미 충분히 해결된다면 해당 기능·조건·해결 시점을 작성. 기존 계약·추진 중인 사업과 겹치는 범위도 설명.","[""CL-E10"",""CL-E32"",""CL-E42""]","조사·기획 가설 · 현업 정합성/타당성 미확인"
"SURVEY-CL-CL-01-IMPROVEMENT_METHOD","v0.2","CL","기후탄소물류처","CL-01","3","IMPROVEMENT_METHOD","개선이 필요하다면 어떤 방식이 적절하다고 봅니까?","multiple_choice","[{""code"":""EXISTING"",""label"":""기존 기능·운영 개선""},{""code"":""DATA"",""label"":""자료·서식·식별키 정비""},{""code"":""RULE_API"",""label"":""정형 규칙·시스템 연계""},{""code"":""AI"",""label"":""NOA 등 AI 추가 적용""},{""code"":""INSTITUTION"",""label"":""인력·공급·재원·제도 개선""},{""code"":""NO_NEED"",""label"":""추가 개선 필요 없음""},{""code"":""UNKNOWN"",""label"":""판단자료 부족""}]","false","{""field"":""SCOPE_MATCH"",""notIn"":[""MISMATCH"",""OTHER_OWNER"",""UNKNOWN""]}","{""departmentId"":""CL"",""topicId"":""CL-01""}","[""NO_NEED"",""UNKNOWN""]","여러 개선 방식의 결합 가능. NO_NEED·UNKNOWN은 다른 방식과 동시에 선택하지 않음. AI 미선택 시 AI 세부 질문을 건너뜀.","[""CL-E10"",""CL-E32"",""CL-E42""]","조사·기획 가설 · 현업 정합성/타당성 미확인"
"SURVEY-CL-CL-01-AI_ADDED_VALUE","v0.2","CL","기후탄소물류처","CL-01","3","AI_ADDED_VALUE","NOA 등 AI를 추가하면 기존 도구·정형 개선으로 달성하기 어려운 어떤 결과를 얻을 수 있습니까?","long_text","[]","false","{""all"":[{""field"":""SCOPE_MATCH"",""notIn"":[""MISMATCH"",""OTHER_OWNER"",""UNKNOWN""]},{""field"":""IMPROVEMENT_METHOD"",""includes"":""AI""}]}","{""departmentId"":""CL"",""topicId"":""CL-01""}","[]","기능 이름보다 달라질 판단·수행·국민/기업 결과를 작성. 기대와 실제 입증을 구분.","[""CL-E10"",""CL-E32"",""CL-E42""]","조사·기획 가설 · 현업 정합성/타당성 미확인"
"SURVEY-CL-CL-01-FEASIBILITY_CONDITIONS","v0.2","CL","기후탄소물류처","CL-01","3","FEASIBILITY_CONDITIONS","추가 AI 적용을 위해 어떤 자료·연계·권한·전문 검수·운영조건을 확보해야 합니까?","long_text","[]","false","{""all"":[{""field"":""SCOPE_MATCH"",""notIn"":[""MISMATCH"",""OTHER_OWNER"",""UNKNOWN""]},{""field"":""IMPROVEMENT_METHOD"",""includes"":""AI""}]}","{""departmentId"":""CL"",""topicId"":""CL-01""}","[]","실제 설치본·사용권·기존 서버·조회/실행 경계·오류 복구·인수 역할 확인. 새로운 인프라 구매 없는 검토 전제.","[""CL-E10"",""CL-E32"",""CL-E42""]","조사·기획 가설 · 현업 정합성/타당성 미확인"
"SURVEY-CL-CL-01-RISK_AND_CONCERN","v0.2","CL","기후탄소물류처","CL-01","3","RISK_AND_CONCERN","제안 방식이 오판·과다 보완·정보 노출·추가 업무·이용자 배제 등을 일으킬 조건은 무엇입니까?","long_text","[]","false","{""field"":""SCOPE_MATCH"",""notIn"":[""MISMATCH"",""OTHER_OWNER"",""UNKNOWN""]}","{""departmentId"":""CL"",""topicId"":""CL-01""}","[]","문제 없다고 단정하지 않고 예상·관찰·미확인을 구분. AI 이외 개선의 우려도 작성.","[""CL-E10"",""CL-E32"",""CL-E42""]","조사·기획 가설 · 현업 정합성/타당성 미확인"
"SURVEY-CL-CL-01-EFFECT_AND_MEASUREMENT","v0.2","CL","기후탄소물류처","CL-01","3","EFFECT_AND_MEASUREMENT","제시한 효과 지표가 적절합니까? 실제 기록으로 확인할 결과와 측정하기 어려운 부분을 작성해 주십시오.","long_text","[]","false","{""field"":""SCOPE_MATCH"",""notIn"":[""MISMATCH"",""OTHER_OWNER"",""UNKNOWN""]}","{""departmentId"":""CL"",""topicId"":""CL-01""}","[]","분모·관측기간·비교조건·중요 오류·과잉처리·대기/활동시간을 구분. 개선율·목표값을 임의로 만들지 않음.","[""CL-E10"",""CL-E32"",""CL-E42""]","조사·기획 가설 · 현업 정합성/타당성 미확인"
"SURVEY-CL-CL-01-ALTERNATIVE_PROPOSAL","v0.2","CL","기후탄소물류처","CL-01","3","ALTERNATIVE_PROPOSAL","제안된 CCK 적용 방법을 수정·축소·제외하거나 다른 방법으로 해결할 의견이 있습니까?","long_text","[]","false","{""field"":""SCOPE_MATCH"",""notIn"":[""MISMATCH"",""OTHER_OWNER"",""UNKNOWN""]}","{""departmentId"":""CL"",""topicId"":""CL-01""}","[]","기존 기능으로 충분 / 정형 개선 우선 / 책임·권한 문제 / 대안과 필요한 조건 등 자유 작성.","[""CL-E10"",""CL-E32"",""CL-E42""]","조사·기획 가설 · 현업 정합성/타당성 미확인"
"SURVEY-CL-CL-01-PRIORITY_REASON","v0.2","CL","기후탄소물류처","CL-01","3","PRIORITY_REASON","이 문제를 다른 업무와 비교하여 왜 먼저 검토하거나 뒤로 미루어야 합니까?","long_text","[]","false","{""field"":""SCOPE_MATCH"",""notIn"":[""MISMATCH"",""OTHER_OWNER"",""UNKNOWN""]}","{""departmentId"":""CL"",""topicId"":""CL-01""}","[]","안전·국민/기업 편익·빈도·심각도·가용 자료·실행조건을 근거로 설명. 개선 필요 없음도 가능. 자동 점수 합산으로 사업 선정하지 않음.","[""CL-E10"",""CL-E32"",""CL-E42""]","조사·기획 가설 · 현업 정합성/타당성 미확인"
"SURVEY-CL-COMMON-OTHER_WORK_DIFFICULTY","v0.2","CL","기후탄소물류처","COMMON","4","OTHER_WORK_DIFFICULTY","제시된 병목 외에 업무처리나 정확한 판단을 어렵게 만드는 지점은 무엇입니까?","long_text","[]","false","","{""departmentId"":""CL"",""topicId"":""COMMON""}","[]","업무 / 발생 단계 / 대상 / 현재 대응 / 남는 문제 / 근거를 작성. 없음·담당 아님·미확인도 명시 가능.","[""CCK-NOA"",""CTX-01"",""BOUNDARY-01""]","공통 설명·추가 의견"
"SURVEY-CL-COMMON-PUBLIC_SERVICE_ISSUE","v0.2","CL","기후탄소물류처","COMMON","4","PUBLIC_SERVICE_ISSUE","국민·기업이 안전·검사·자격·교통 서비스를 이용할 때 추가로 겪는 불편이나 권익 문제는 무엇입니까?","long_text","[]","false","","{""departmentId"":""CL"",""topicId"":""COMMON""}","[]","대상자 / 원하는 결과 / 현재 경로 / 반복 설명·보완·방문·접근성 / 확인 근거. 현업의 추정과 이용자의 직접 의견을 구분.","[""CCK-NOA"",""CTX-01"",""BOUNDARY-01""]","공통 설명·추가 의견"
"SURVEY-CL-COMMON-NEW_PROBLEM","v0.2","CL","기후탄소물류처","COMMON","4","NEW_PROBLEM","이번 조사에서 빠진 문제나 다른 원인 설명이 있다면 작성해 주십시오.","long_text","[]","false","","{""departmentId"":""CL"",""topicId"":""COMMON""}","[]","기존 병목의 수정인지 별도 문제인지, 소관 후보·현재 대응·우선 이유를 설명. 없으면 없음으로 작성.","[""CCK-NOA"",""CTX-01"",""BOUNDARY-01""]","공통 설명·추가 의견"
"SURVEY-CL-COMMON-AX_EXPANSION_OPINION","v0.2","CL","기후탄소물류처","COMMON","4","AX_EXPANSION_OPINION","현재 플랫폼을 확대한다면 어떤 업무의 어떤 결과를 우선 개선해야 합니까?","long_text","[]","false","","{""departmentId"":""CL"",""topicId"":""COMMON""}","[]","현재 기능 → 남는 어려움 → 필요한 새 능력 → 업무·역할 변화 → 기관/국민 편익. 확대 불필요·비AI 대안도 가능.","[""CCK-NOA"",""CTX-01"",""BOUNDARY-01""]","공통 설명·추가 의견"
"SURVEY-CL-COMMON-EXPANSION_LIMIT","v0.2","CL","기후탄소물류처","COMMON","4","EXPANSION_LIMIT","별도 전문시스템이나 권한자의 판단에 남겨야 할 범위와 확대 제약은 무엇입니까?","long_text","[]","false","","{""departmentId"":""CL"",""topicId"":""COMMON""}","[]","공식 안전·자격·의료·처분·승인/지급 책임, 자료 이용·운영·비용 조건을 설명. 실행본 확인은 제품 담당 보충지 S01~S04와 연결.","[""CCK-NOA"",""CTX-01"",""BOUNDARY-01""]","공통 설명·추가 의견"
"SURVEY-PS-COMMON-ROLE","v0.2","PS","정책지원처","COMMON","2","ROLE","이번 의견을 작성하는 업무 역할은 무엇입니까?","single_choice","[{""code"":""WORK"",""label"":""업무 담당""},{""code"":""REVIEW"",""label"":""검토·승인""},{""code"":""PLANNING"",""label"":""기획·성과""},{""code"":""TECH"",""label"":""정보화·제품·운영""},{""code"":""SECURITY"",""label"":""자료·보안""},{""code"":""OTHER"",""label"":""그 밖의 역할""},{""code"":""UNKNOWN"",""label"":""역할 설명 보완 필요""}]","false","","{""departmentId"":""PS"",""topicId"":""COMMON""}","[]","실명·연락처 대신 역할만 작성. 담당 처는 해당 양식에서 지정.","[""CCK-NOA"",""CTX-01"",""BOUNDARY-01""]","공통 설명·추가 의견"
"SURVEY-PS-COMMON-POSITION","v0.2","PS","정책지원처","COMMON","2","POSITION","이 응답은 어떤 범위의 의견입니까?","single_choice","[{""code"":""INDIVIDUAL"",""label"":""개인의 업무 경험·의견""},{""code"":""CONSULTED"",""label"":""부서 내 확인을 거친 의견""},{""code"":""OFFICIAL"",""label"":""권한자가 확인한 공식 회신""},{""code"":""UNKNOWN"",""label"":""범위 미확인""}]","false","","{""departmentId"":""PS"",""topicId"":""COMMON""}","[]","공식 회신 선택만으로 도입·예산·자료 이용승인이 생기는 것은 아님. 확인 근거는 별도 검토.","[""CCK-NOA"",""CTX-01"",""BOUNDARY-01""]","공통 설명·추가 의견"
"SURVEY-PS-COMMON-CURRENT_USE","v0.2","PS","정책지원처","COMMON","2","CURRENT_USE","현재 NOA 또는 AI 공통플랫폼을 어떤 업무에 사용하거나 확인하고 있습니까? 사용하지 않거나 기능을 모르는 경우도 작성해 주십시오.","long_text","[]","false","","{""departmentId"":""PS"",""topicId"":""COMMON""}","[]","실제 사용 기능·업무·남는 어려움 중심. 제공된 제품 소개를 실제 설치본 기능으로 옮겨 적지 않음.","[""CCK-NOA"",""CTX-01"",""BOUNDARY-01""]","공통 설명·추가 의견"
"SURVEY-PS-PS-01-SCOPE_MATCH","v0.2","PS","정책지원처","PS-01","3","SCOPE_MATCH","제시한 업무·대상·처리단계가 귀 처의 실제 담당 범위와 일치합니까?","single_choice","[{""code"":""MATCH"",""label"":""일치""},{""code"":""PARTIAL"",""label"":""일부 수정 필요""},{""code"":""MISMATCH"",""label"":""현재 업무와 불일치""},{""code"":""OTHER_OWNER"",""label"":""다른 부서·기관 소관""},{""code"":""UNKNOWN"",""label"":""판단자료 부족""}]","false","","{""departmentId"":""PS"",""topicId"":""PS-01""}","[]","조직명 일치와 실제 수행·결정권한은 구분. 다른 소관이면 수정 의견만 선택 작성.","[""PS-E31"",""PS-E27""]","조사·기획 가설 · 현업 정합성/타당성 미확인"
"SURVEY-PS-PS-01-CURRENT_STATE","v0.2","PS","정책지원처","PS-01","3","CURRENT_STATE","제시한 병목이 현재 발생하는지 어떤 상태로 확인하고 있습니까?","single_choice","[{""code"":""OBSERVED"",""label"":""현재 발생 확인""},{""code"":""CONDITIONAL"",""label"":""특정 조건에서 발생 확인""},{""code"":""RESOLVED"",""label"":""과거 발생했으나 해결됨""},{""code"":""NO_PROBLEM_OBSERVED"",""label"":""확인한 범위에서 발생하지 않음""},{""code"":""NO_DIRECT_EXPERIENCE"",""label"":""직접 확인한 경험 없음""},{""code"":""UNKNOWN"",""label"":""확인 불가""}]","false","{""field"":""SCOPE_MATCH"",""notIn"":[""MISMATCH"",""OTHER_OWNER"",""UNKNOWN""]}","{""departmentId"":""PS"",""topicId"":""PS-01""}","[]","미관찰을 전체 문제 없음으로 확대하지 않음. 해결됨이면 해결 기능·시점·범위를 기록.","[""PS-E31"",""PS-E27""]","조사·기획 가설 · 현업 정합성/타당성 미확인"
"SURVEY-PS-PS-01-BOTTLENECK_VALIDITY","v0.2","PS","정책지원처","PS-01","3","BOTTLENECK_VALIDITY","제시한 병목 설명과 원인 가설이 실제 상황을 설명하는 데 타당합니까?","single_choice","[{""code"":""VALID"",""label"":""타당""},{""code"":""CONDITIONAL"",""label"":""조건부 타당""},{""code"":""INVALID"",""label"":""타당하지 않음""},{""code"":""UNKNOWN"",""label"":""판단자료 부족""}]","false","{""field"":""SCOPE_MATCH"",""notIn"":[""MISMATCH"",""OTHER_OWNER"",""UNKNOWN""]}","{""departmentId"":""PS"",""topicId"":""PS-01""}","[]","업무 담당 여부·현재 발생 상태·우선순위와 별도 판단. 제안 제품의 도입 찬반 질문이 아님.","[""PS-E31"",""PS-E27""]","조사·기획 가설 · 현업 정합성/타당성 미확인"
"SURVEY-PS-PS-01-VALIDITY_REASON","v0.2","PS","정책지원처","PS-01","3","VALIDITY_REASON","정합성·발생 상태·타당성 판단의 이유와 고쳐야 할 내용을 작성해 주십시오.","long_text","[]","false","","{""departmentId"":""PS"",""topicId"":""PS-01""}","[]","맞는 부분 / 다른 부분 / 다른 원인 / 수정할 병목 문장 / 추가 확인 순서로 작성. 불일치·자료 부족도 유효한 응답.","[""PS-E31"",""PS-E27""]","조사·기획 가설 · 현업 정합성/타당성 미확인"
"SURVEY-PS-PS-01-EVIDENCE_BASIS","v0.2","PS","정책지원처","PS-01","3","EVIDENCE_BASIS","판단에 사용한 근거는 무엇입니까?","multiple_choice","[{""code"":""EXPERIENCE"",""label"":""직접 처리 경험""},{""code"":""RECORD"",""label"":""기록·로그·문서""},{""code"":""EXPLANATION"",""label"":""다른 담당자의 설명""},{""code"":""PUBLIC"",""label"":""공개자료""},{""code"":""INFERENCE"",""label"":""추정·개인 의견""},{""code"":""NONE"",""label"":""별도 근거 미확보""}]","false","{""field"":""SCOPE_MATCH"",""notIn"":[""MISMATCH"",""OTHER_OWNER"",""UNKNOWN""]}","{""departmentId"":""PS"",""topicId"":""PS-01""}","[""NONE""]","경험과 기록은 함께 선택 가능. NONE은 다른 근거와 동시 선택하지 않음. 유형 선택만으로 검증 완료 처리하지 않음.","[""PS-E31"",""PS-E27""]","조사·기획 가설 · 현업 정합성/타당성 미확인"
"SURVEY-PS-PS-01-ACTUAL_CASE","v0.2","PS","정책지원처","PS-01","3","ACTUAL_CASE","공유 가능한 사례가 있다면 언제·어느 단계·누구에게 어떤 결과나 부담이 발생했는지 작성해 주십시오.","long_text","[]","false","{""all"":[{""field"":""SCOPE_MATCH"",""notIn"":[""MISMATCH"",""OTHER_OWNER"",""UNKNOWN""]},{""field"":""CURRENT_STATE"",""in"":[""OBSERVED"",""CONDITIONAL""]}]}","{""departmentId"":""PS"",""topicId"":""PS-01""}","[]","가명 사건 유형·기간·빈도 근거·영향·현재 대응만 작성. 이름·차량번호·연락처·질병정보·원문 민원은 입력하지 않음. 수치는 실측/집계/추정을 구분.","[""PS-E31"",""PS-E27""]","조사·기획 가설 · 현업 정합성/타당성 미확인"
"SURVEY-PS-PS-01-COUNTER_EVIDENCE","v0.2","PS","정책지원처","PS-01","3","COUNTER_EVIDENCE","문제 없이 완료했거나 제시한 설명과 다른 사례, 다른 원인이 있습니까?","long_text","[]","false","{""field"":""SCOPE_MATCH"",""notIn"":[""MISMATCH"",""OTHER_OWNER"",""UNKNOWN""]}","{""departmentId"":""PS"",""topicId"":""PS-01""}","[]","없음·직접 확인 못함도 작성 가능. 반대 사례와 소수 의견은 유지.","[""PS-E31"",""PS-E27""]","조사·기획 가설 · 현업 정합성/타당성 미확인"
"SURVEY-PS-PS-01-EXISTING_RESPONSE","v0.2","PS","정책지원처","PS-01","3","EXISTING_RESPONSE","현재 시스템·AI·서식·규칙·협의절차로 해결하는 부분과 남는 문제는 무엇입니까?","long_text","[]","false","{""field"":""SCOPE_MATCH"",""notIn"":[""MISMATCH"",""OTHER_OWNER"",""UNKNOWN""]}","{""departmentId"":""PS"",""topicId"":""PS-01""}","[]","이미 충분히 해결된다면 해당 기능·조건·해결 시점을 작성. 기존 계약·추진 중인 사업과 겹치는 범위도 설명.","[""PS-E31"",""PS-E27""]","조사·기획 가설 · 현업 정합성/타당성 미확인"
"SURVEY-PS-PS-01-IMPROVEMENT_METHOD","v0.2","PS","정책지원처","PS-01","3","IMPROVEMENT_METHOD","개선이 필요하다면 어떤 방식이 적절하다고 봅니까?","multiple_choice","[{""code"":""EXISTING"",""label"":""기존 기능·운영 개선""},{""code"":""DATA"",""label"":""자료·서식·식별키 정비""},{""code"":""RULE_API"",""label"":""정형 규칙·시스템 연계""},{""code"":""AI"",""label"":""NOA 등 AI 추가 적용""},{""code"":""INSTITUTION"",""label"":""인력·공급·재원·제도 개선""},{""code"":""NO_NEED"",""label"":""추가 개선 필요 없음""},{""code"":""UNKNOWN"",""label"":""판단자료 부족""}]","false","{""field"":""SCOPE_MATCH"",""notIn"":[""MISMATCH"",""OTHER_OWNER"",""UNKNOWN""]}","{""departmentId"":""PS"",""topicId"":""PS-01""}","[""NO_NEED"",""UNKNOWN""]","여러 개선 방식의 결합 가능. NO_NEED·UNKNOWN은 다른 방식과 동시에 선택하지 않음. AI 미선택 시 AI 세부 질문을 건너뜀.","[""PS-E31"",""PS-E27""]","조사·기획 가설 · 현업 정합성/타당성 미확인"
"SURVEY-PS-PS-01-AI_ADDED_VALUE","v0.2","PS","정책지원처","PS-01","3","AI_ADDED_VALUE","NOA 등 AI를 추가하면 기존 도구·정형 개선으로 달성하기 어려운 어떤 결과를 얻을 수 있습니까?","long_text","[]","false","{""all"":[{""field"":""SCOPE_MATCH"",""notIn"":[""MISMATCH"",""OTHER_OWNER"",""UNKNOWN""]},{""field"":""IMPROVEMENT_METHOD"",""includes"":""AI""}]}","{""departmentId"":""PS"",""topicId"":""PS-01""}","[]","기능 이름보다 달라질 판단·수행·국민/기업 결과를 작성. 기대와 실제 입증을 구분.","[""PS-E31"",""PS-E27""]","조사·기획 가설 · 현업 정합성/타당성 미확인"
"SURVEY-PS-PS-01-FEASIBILITY_CONDITIONS","v0.2","PS","정책지원처","PS-01","3","FEASIBILITY_CONDITIONS","추가 AI 적용을 위해 어떤 자료·연계·권한·전문 검수·운영조건을 확보해야 합니까?","long_text","[]","false","{""all"":[{""field"":""SCOPE_MATCH"",""notIn"":[""MISMATCH"",""OTHER_OWNER"",""UNKNOWN""]},{""field"":""IMPROVEMENT_METHOD"",""includes"":""AI""}]}","{""departmentId"":""PS"",""topicId"":""PS-01""}","[]","실제 설치본·사용권·기존 서버·조회/실행 경계·오류 복구·인수 역할 확인. 새로운 인프라 구매 없는 검토 전제.","[""PS-E31"",""PS-E27""]","조사·기획 가설 · 현업 정합성/타당성 미확인"
"SURVEY-PS-PS-01-RISK_AND_CONCERN","v0.2","PS","정책지원처","PS-01","3","RISK_AND_CONCERN","제안 방식이 오판·과다 보완·정보 노출·추가 업무·이용자 배제 등을 일으킬 조건은 무엇입니까?","long_text","[]","false","{""field"":""SCOPE_MATCH"",""notIn"":[""MISMATCH"",""OTHER_OWNER"",""UNKNOWN""]}","{""departmentId"":""PS"",""topicId"":""PS-01""}","[]","문제 없다고 단정하지 않고 예상·관찰·미확인을 구분. AI 이외 개선의 우려도 작성.","[""PS-E31"",""PS-E27""]","조사·기획 가설 · 현업 정합성/타당성 미확인"
"SURVEY-PS-PS-01-EFFECT_AND_MEASUREMENT","v0.2","PS","정책지원처","PS-01","3","EFFECT_AND_MEASUREMENT","제시한 효과 지표가 적절합니까? 실제 기록으로 확인할 결과와 측정하기 어려운 부분을 작성해 주십시오.","long_text","[]","false","{""field"":""SCOPE_MATCH"",""notIn"":[""MISMATCH"",""OTHER_OWNER"",""UNKNOWN""]}","{""departmentId"":""PS"",""topicId"":""PS-01""}","[]","분모·관측기간·비교조건·중요 오류·과잉처리·대기/활동시간을 구분. 개선율·목표값을 임의로 만들지 않음.","[""PS-E31"",""PS-E27""]","조사·기획 가설 · 현업 정합성/타당성 미확인"
"SURVEY-PS-PS-01-ALTERNATIVE_PROPOSAL","v0.2","PS","정책지원처","PS-01","3","ALTERNATIVE_PROPOSAL","제안된 CCK 적용 방법을 수정·축소·제외하거나 다른 방법으로 해결할 의견이 있습니까?","long_text","[]","false","{""field"":""SCOPE_MATCH"",""notIn"":[""MISMATCH"",""OTHER_OWNER"",""UNKNOWN""]}","{""departmentId"":""PS"",""topicId"":""PS-01""}","[]","기존 기능으로 충분 / 정형 개선 우선 / 책임·권한 문제 / 대안과 필요한 조건 등 자유 작성.","[""PS-E31"",""PS-E27""]","조사·기획 가설 · 현업 정합성/타당성 미확인"
"SURVEY-PS-PS-01-PRIORITY_REASON","v0.2","PS","정책지원처","PS-01","3","PRIORITY_REASON","이 문제를 다른 업무와 비교하여 왜 먼저 검토하거나 뒤로 미루어야 합니까?","long_text","[]","false","{""field"":""SCOPE_MATCH"",""notIn"":[""MISMATCH"",""OTHER_OWNER"",""UNKNOWN""]}","{""departmentId"":""PS"",""topicId"":""PS-01""}","[]","안전·국민/기업 편익·빈도·심각도·가용 자료·실행조건을 근거로 설명. 개선 필요 없음도 가능. 자동 점수 합산으로 사업 선정하지 않음.","[""PS-E31"",""PS-E27""]","조사·기획 가설 · 현업 정합성/타당성 미확인"
"SURVEY-PS-COMMON-OTHER_WORK_DIFFICULTY","v0.2","PS","정책지원처","COMMON","4","OTHER_WORK_DIFFICULTY","제시된 병목 외에 업무처리나 정확한 판단을 어렵게 만드는 지점은 무엇입니까?","long_text","[]","false","","{""departmentId"":""PS"",""topicId"":""COMMON""}","[]","업무 / 발생 단계 / 대상 / 현재 대응 / 남는 문제 / 근거를 작성. 없음·담당 아님·미확인도 명시 가능.","[""CCK-NOA"",""CTX-01"",""BOUNDARY-01""]","공통 설명·추가 의견"
"SURVEY-PS-COMMON-PUBLIC_SERVICE_ISSUE","v0.2","PS","정책지원처","COMMON","4","PUBLIC_SERVICE_ISSUE","국민·기업이 안전·검사·자격·교통 서비스를 이용할 때 추가로 겪는 불편이나 권익 문제는 무엇입니까?","long_text","[]","false","","{""departmentId"":""PS"",""topicId"":""COMMON""}","[]","대상자 / 원하는 결과 / 현재 경로 / 반복 설명·보완·방문·접근성 / 확인 근거. 현업의 추정과 이용자의 직접 의견을 구분.","[""CCK-NOA"",""CTX-01"",""BOUNDARY-01""]","공통 설명·추가 의견"
"SURVEY-PS-COMMON-NEW_PROBLEM","v0.2","PS","정책지원처","COMMON","4","NEW_PROBLEM","이번 조사에서 빠진 문제나 다른 원인 설명이 있다면 작성해 주십시오.","long_text","[]","false","","{""departmentId"":""PS"",""topicId"":""COMMON""}","[]","기존 병목의 수정인지 별도 문제인지, 소관 후보·현재 대응·우선 이유를 설명. 없으면 없음으로 작성.","[""CCK-NOA"",""CTX-01"",""BOUNDARY-01""]","공통 설명·추가 의견"
"SURVEY-PS-COMMON-AX_EXPANSION_OPINION","v0.2","PS","정책지원처","COMMON","4","AX_EXPANSION_OPINION","현재 플랫폼을 확대한다면 어떤 업무의 어떤 결과를 우선 개선해야 합니까?","long_text","[]","false","","{""departmentId"":""PS"",""topicId"":""COMMON""}","[]","현재 기능 → 남는 어려움 → 필요한 새 능력 → 업무·역할 변화 → 기관/국민 편익. 확대 불필요·비AI 대안도 가능.","[""CCK-NOA"",""CTX-01"",""BOUNDARY-01""]","공통 설명·추가 의견"
"SURVEY-PS-COMMON-EXPANSION_LIMIT","v0.2","PS","정책지원처","COMMON","4","EXPANSION_LIMIT","별도 전문시스템이나 권한자의 판단에 남겨야 할 범위와 확대 제약은 무엇입니까?","long_text","[]","false","","{""departmentId"":""PS"",""topicId"":""COMMON""}","[]","공식 안전·자격·의료·처분·승인/지급 책임, 자료 이용·운영·비용 조건을 설명. 실행본 확인은 제품 담당 보충지 S01~S04와 연결.","[""CCK-NOA"",""CTX-01"",""BOUNDARY-01""]","공통 설명·추가 의견"
"SURVEY-RI-COMMON-ROLE","v0.2","RI","규제혁신처","COMMON","2","ROLE","이번 의견을 작성하는 업무 역할은 무엇입니까?","single_choice","[{""code"":""WORK"",""label"":""업무 담당""},{""code"":""REVIEW"",""label"":""검토·승인""},{""code"":""PLANNING"",""label"":""기획·성과""},{""code"":""TECH"",""label"":""정보화·제품·운영""},{""code"":""SECURITY"",""label"":""자료·보안""},{""code"":""OTHER"",""label"":""그 밖의 역할""},{""code"":""UNKNOWN"",""label"":""역할 설명 보완 필요""}]","false","","{""departmentId"":""RI"",""topicId"":""COMMON""}","[]","실명·연락처 대신 역할만 작성. 담당 처는 해당 양식에서 지정.","[""CCK-NOA"",""CTX-01"",""BOUNDARY-01""]","공통 설명·추가 의견"
"SURVEY-RI-COMMON-POSITION","v0.2","RI","규제혁신처","COMMON","2","POSITION","이 응답은 어떤 범위의 의견입니까?","single_choice","[{""code"":""INDIVIDUAL"",""label"":""개인의 업무 경험·의견""},{""code"":""CONSULTED"",""label"":""부서 내 확인을 거친 의견""},{""code"":""OFFICIAL"",""label"":""권한자가 확인한 공식 회신""},{""code"":""UNKNOWN"",""label"":""범위 미확인""}]","false","","{""departmentId"":""RI"",""topicId"":""COMMON""}","[]","공식 회신 선택만으로 도입·예산·자료 이용승인이 생기는 것은 아님. 확인 근거는 별도 검토.","[""CCK-NOA"",""CTX-01"",""BOUNDARY-01""]","공통 설명·추가 의견"
"SURVEY-RI-COMMON-CURRENT_USE","v0.2","RI","규제혁신처","COMMON","2","CURRENT_USE","현재 NOA 또는 AI 공통플랫폼을 어떤 업무에 사용하거나 확인하고 있습니까? 사용하지 않거나 기능을 모르는 경우도 작성해 주십시오.","long_text","[]","false","","{""departmentId"":""RI"",""topicId"":""COMMON""}","[]","실제 사용 기능·업무·남는 어려움 중심. 제공된 제품 소개를 실제 설치본 기능으로 옮겨 적지 않음.","[""CCK-NOA"",""CTX-01"",""BOUNDARY-01""]","공통 설명·추가 의견"
"SURVEY-RI-RI-01-SCOPE_MATCH","v0.2","RI","규제혁신처","RI-01","3","SCOPE_MATCH","제시한 업무·대상·처리단계가 귀 처의 실제 담당 범위와 일치합니까?","single_choice","[{""code"":""MATCH"",""label"":""일치""},{""code"":""PARTIAL"",""label"":""일부 수정 필요""},{""code"":""MISMATCH"",""label"":""현재 업무와 불일치""},{""code"":""OTHER_OWNER"",""label"":""다른 부서·기관 소관""},{""code"":""UNKNOWN"",""label"":""판단자료 부족""}]","false","","{""departmentId"":""RI"",""topicId"":""RI-01""}","[]","조직명 일치와 실제 수행·결정권한은 구분. 다른 소관이면 수정 의견만 선택 작성.","[""RIS-15"",""RIS-65"",""RIS-66"",""RIS-17""]","조사·기획 가설 · 현업 정합성/타당성 미확인"
"SURVEY-RI-RI-01-CURRENT_STATE","v0.2","RI","규제혁신처","RI-01","3","CURRENT_STATE","제시한 병목이 현재 발생하는지 어떤 상태로 확인하고 있습니까?","single_choice","[{""code"":""OBSERVED"",""label"":""현재 발생 확인""},{""code"":""CONDITIONAL"",""label"":""특정 조건에서 발생 확인""},{""code"":""RESOLVED"",""label"":""과거 발생했으나 해결됨""},{""code"":""NO_PROBLEM_OBSERVED"",""label"":""확인한 범위에서 발생하지 않음""},{""code"":""NO_DIRECT_EXPERIENCE"",""label"":""직접 확인한 경험 없음""},{""code"":""UNKNOWN"",""label"":""확인 불가""}]","false","{""field"":""SCOPE_MATCH"",""notIn"":[""MISMATCH"",""OTHER_OWNER"",""UNKNOWN""]}","{""departmentId"":""RI"",""topicId"":""RI-01""}","[]","미관찰을 전체 문제 없음으로 확대하지 않음. 해결됨이면 해결 기능·시점·범위를 기록.","[""RIS-15"",""RIS-65"",""RIS-66"",""RIS-17""]","조사·기획 가설 · 현업 정합성/타당성 미확인"
"SURVEY-RI-RI-01-BOTTLENECK_VALIDITY","v0.2","RI","규제혁신처","RI-01","3","BOTTLENECK_VALIDITY","제시한 병목 설명과 원인 가설이 실제 상황을 설명하는 데 타당합니까?","single_choice","[{""code"":""VALID"",""label"":""타당""},{""code"":""CONDITIONAL"",""label"":""조건부 타당""},{""code"":""INVALID"",""label"":""타당하지 않음""},{""code"":""UNKNOWN"",""label"":""판단자료 부족""}]","false","{""field"":""SCOPE_MATCH"",""notIn"":[""MISMATCH"",""OTHER_OWNER"",""UNKNOWN""]}","{""departmentId"":""RI"",""topicId"":""RI-01""}","[]","업무 담당 여부·현재 발생 상태·우선순위와 별도 판단. 제안 제품의 도입 찬반 질문이 아님.","[""RIS-15"",""RIS-65"",""RIS-66"",""RIS-17""]","조사·기획 가설 · 현업 정합성/타당성 미확인"
"SURVEY-RI-RI-01-VALIDITY_REASON","v0.2","RI","규제혁신처","RI-01","3","VALIDITY_REASON","정합성·발생 상태·타당성 판단의 이유와 고쳐야 할 내용을 작성해 주십시오.","long_text","[]","false","","{""departmentId"":""RI"",""topicId"":""RI-01""}","[]","맞는 부분 / 다른 부분 / 다른 원인 / 수정할 병목 문장 / 추가 확인 순서로 작성. 불일치·자료 부족도 유효한 응답.","[""RIS-15"",""RIS-65"",""RIS-66"",""RIS-17""]","조사·기획 가설 · 현업 정합성/타당성 미확인"
"SURVEY-RI-RI-01-EVIDENCE_BASIS","v0.2","RI","규제혁신처","RI-01","3","EVIDENCE_BASIS","판단에 사용한 근거는 무엇입니까?","multiple_choice","[{""code"":""EXPERIENCE"",""label"":""직접 처리 경험""},{""code"":""RECORD"",""label"":""기록·로그·문서""},{""code"":""EXPLANATION"",""label"":""다른 담당자의 설명""},{""code"":""PUBLIC"",""label"":""공개자료""},{""code"":""INFERENCE"",""label"":""추정·개인 의견""},{""code"":""NONE"",""label"":""별도 근거 미확보""}]","false","{""field"":""SCOPE_MATCH"",""notIn"":[""MISMATCH"",""OTHER_OWNER"",""UNKNOWN""]}","{""departmentId"":""RI"",""topicId"":""RI-01""}","[""NONE""]","경험과 기록은 함께 선택 가능. NONE은 다른 근거와 동시 선택하지 않음. 유형 선택만으로 검증 완료 처리하지 않음.","[""RIS-15"",""RIS-65"",""RIS-66"",""RIS-17""]","조사·기획 가설 · 현업 정합성/타당성 미확인"
"SURVEY-RI-RI-01-ACTUAL_CASE","v0.2","RI","규제혁신처","RI-01","3","ACTUAL_CASE","공유 가능한 사례가 있다면 언제·어느 단계·누구에게 어떤 결과나 부담이 발생했는지 작성해 주십시오.","long_text","[]","false","{""all"":[{""field"":""SCOPE_MATCH"",""notIn"":[""MISMATCH"",""OTHER_OWNER"",""UNKNOWN""]},{""field"":""CURRENT_STATE"",""in"":[""OBSERVED"",""CONDITIONAL""]}]}","{""departmentId"":""RI"",""topicId"":""RI-01""}","[]","가명 사건 유형·기간·빈도 근거·영향·현재 대응만 작성. 이름·차량번호·연락처·질병정보·원문 민원은 입력하지 않음. 수치는 실측/집계/추정을 구분.","[""RIS-15"",""RIS-65"",""RIS-66"",""RIS-17""]","조사·기획 가설 · 현업 정합성/타당성 미확인"
"SURVEY-RI-RI-01-COUNTER_EVIDENCE","v0.2","RI","규제혁신처","RI-01","3","COUNTER_EVIDENCE","문제 없이 완료했거나 제시한 설명과 다른 사례, 다른 원인이 있습니까?","long_text","[]","false","{""field"":""SCOPE_MATCH"",""notIn"":[""MISMATCH"",""OTHER_OWNER"",""UNKNOWN""]}","{""departmentId"":""RI"",""topicId"":""RI-01""}","[]","없음·직접 확인 못함도 작성 가능. 반대 사례와 소수 의견은 유지.","[""RIS-15"",""RIS-65"",""RIS-66"",""RIS-17""]","조사·기획 가설 · 현업 정합성/타당성 미확인"
"SURVEY-RI-RI-01-EXISTING_RESPONSE","v0.2","RI","규제혁신처","RI-01","3","EXISTING_RESPONSE","현재 시스템·AI·서식·규칙·협의절차로 해결하는 부분과 남는 문제는 무엇입니까?","long_text","[]","false","{""field"":""SCOPE_MATCH"",""notIn"":[""MISMATCH"",""OTHER_OWNER"",""UNKNOWN""]}","{""departmentId"":""RI"",""topicId"":""RI-01""}","[]","이미 충분히 해결된다면 해당 기능·조건·해결 시점을 작성. 기존 계약·추진 중인 사업과 겹치는 범위도 설명.","[""RIS-15"",""RIS-65"",""RIS-66"",""RIS-17""]","조사·기획 가설 · 현업 정합성/타당성 미확인"
"SURVEY-RI-RI-01-IMPROVEMENT_METHOD","v0.2","RI","규제혁신처","RI-01","3","IMPROVEMENT_METHOD","개선이 필요하다면 어떤 방식이 적절하다고 봅니까?","multiple_choice","[{""code"":""EXISTING"",""label"":""기존 기능·운영 개선""},{""code"":""DATA"",""label"":""자료·서식·식별키 정비""},{""code"":""RULE_API"",""label"":""정형 규칙·시스템 연계""},{""code"":""AI"",""label"":""NOA 등 AI 추가 적용""},{""code"":""INSTITUTION"",""label"":""인력·공급·재원·제도 개선""},{""code"":""NO_NEED"",""label"":""추가 개선 필요 없음""},{""code"":""UNKNOWN"",""label"":""판단자료 부족""}]","false","{""field"":""SCOPE_MATCH"",""notIn"":[""MISMATCH"",""OTHER_OWNER"",""UNKNOWN""]}","{""departmentId"":""RI"",""topicId"":""RI-01""}","[""NO_NEED"",""UNKNOWN""]","여러 개선 방식의 결합 가능. NO_NEED·UNKNOWN은 다른 방식과 동시에 선택하지 않음. AI 미선택 시 AI 세부 질문을 건너뜀.","[""RIS-15"",""RIS-65"",""RIS-66"",""RIS-17""]","조사·기획 가설 · 현업 정합성/타당성 미확인"
"SURVEY-RI-RI-01-AI_ADDED_VALUE","v0.2","RI","규제혁신처","RI-01","3","AI_ADDED_VALUE","NOA 등 AI를 추가하면 기존 도구·정형 개선으로 달성하기 어려운 어떤 결과를 얻을 수 있습니까?","long_text","[]","false","{""all"":[{""field"":""SCOPE_MATCH"",""notIn"":[""MISMATCH"",""OTHER_OWNER"",""UNKNOWN""]},{""field"":""IMPROVEMENT_METHOD"",""includes"":""AI""}]}","{""departmentId"":""RI"",""topicId"":""RI-01""}","[]","기능 이름보다 달라질 판단·수행·국민/기업 결과를 작성. 기대와 실제 입증을 구분.","[""RIS-15"",""RIS-65"",""RIS-66"",""RIS-17""]","조사·기획 가설 · 현업 정합성/타당성 미확인"
"SURVEY-RI-RI-01-FEASIBILITY_CONDITIONS","v0.2","RI","규제혁신처","RI-01","3","FEASIBILITY_CONDITIONS","추가 AI 적용을 위해 어떤 자료·연계·권한·전문 검수·운영조건을 확보해야 합니까?","long_text","[]","false","{""all"":[{""field"":""SCOPE_MATCH"",""notIn"":[""MISMATCH"",""OTHER_OWNER"",""UNKNOWN""]},{""field"":""IMPROVEMENT_METHOD"",""includes"":""AI""}]}","{""departmentId"":""RI"",""topicId"":""RI-01""}","[]","실제 설치본·사용권·기존 서버·조회/실행 경계·오류 복구·인수 역할 확인. 새로운 인프라 구매 없는 검토 전제.","[""RIS-15"",""RIS-65"",""RIS-66"",""RIS-17""]","조사·기획 가설 · 현업 정합성/타당성 미확인"
"SURVEY-RI-RI-01-RISK_AND_CONCERN","v0.2","RI","규제혁신처","RI-01","3","RISK_AND_CONCERN","제안 방식이 오판·과다 보완·정보 노출·추가 업무·이용자 배제 등을 일으킬 조건은 무엇입니까?","long_text","[]","false","{""field"":""SCOPE_MATCH"",""notIn"":[""MISMATCH"",""OTHER_OWNER"",""UNKNOWN""]}","{""departmentId"":""RI"",""topicId"":""RI-01""}","[]","문제 없다고 단정하지 않고 예상·관찰·미확인을 구분. AI 이외 개선의 우려도 작성.","[""RIS-15"",""RIS-65"",""RIS-66"",""RIS-17""]","조사·기획 가설 · 현업 정합성/타당성 미확인"
"SURVEY-RI-RI-01-EFFECT_AND_MEASUREMENT","v0.2","RI","규제혁신처","RI-01","3","EFFECT_AND_MEASUREMENT","제시한 효과 지표가 적절합니까? 실제 기록으로 확인할 결과와 측정하기 어려운 부분을 작성해 주십시오.","long_text","[]","false","{""field"":""SCOPE_MATCH"",""notIn"":[""MISMATCH"",""OTHER_OWNER"",""UNKNOWN""]}","{""departmentId"":""RI"",""topicId"":""RI-01""}","[]","분모·관측기간·비교조건·중요 오류·과잉처리·대기/활동시간을 구분. 개선율·목표값을 임의로 만들지 않음.","[""RIS-15"",""RIS-65"",""RIS-66"",""RIS-17""]","조사·기획 가설 · 현업 정합성/타당성 미확인"
"SURVEY-RI-RI-01-ALTERNATIVE_PROPOSAL","v0.2","RI","규제혁신처","RI-01","3","ALTERNATIVE_PROPOSAL","제안된 CCK 적용 방법을 수정·축소·제외하거나 다른 방법으로 해결할 의견이 있습니까?","long_text","[]","false","{""field"":""SCOPE_MATCH"",""notIn"":[""MISMATCH"",""OTHER_OWNER"",""UNKNOWN""]}","{""departmentId"":""RI"",""topicId"":""RI-01""}","[]","기존 기능으로 충분 / 정형 개선 우선 / 책임·권한 문제 / 대안과 필요한 조건 등 자유 작성.","[""RIS-15"",""RIS-65"",""RIS-66"",""RIS-17""]","조사·기획 가설 · 현업 정합성/타당성 미확인"
"SURVEY-RI-RI-01-PRIORITY_REASON","v0.2","RI","규제혁신처","RI-01","3","PRIORITY_REASON","이 문제를 다른 업무와 비교하여 왜 먼저 검토하거나 뒤로 미루어야 합니까?","long_text","[]","false","{""field"":""SCOPE_MATCH"",""notIn"":[""MISMATCH"",""OTHER_OWNER"",""UNKNOWN""]}","{""departmentId"":""RI"",""topicId"":""RI-01""}","[]","안전·국민/기업 편익·빈도·심각도·가용 자료·실행조건을 근거로 설명. 개선 필요 없음도 가능. 자동 점수 합산으로 사업 선정하지 않음.","[""RIS-15"",""RIS-65"",""RIS-66"",""RIS-17""]","조사·기획 가설 · 현업 정합성/타당성 미확인"
"SURVEY-RI-COMMON-OTHER_WORK_DIFFICULTY","v0.2","RI","규제혁신처","COMMON","4","OTHER_WORK_DIFFICULTY","제시된 병목 외에 업무처리나 정확한 판단을 어렵게 만드는 지점은 무엇입니까?","long_text","[]","false","","{""departmentId"":""RI"",""topicId"":""COMMON""}","[]","업무 / 발생 단계 / 대상 / 현재 대응 / 남는 문제 / 근거를 작성. 없음·담당 아님·미확인도 명시 가능.","[""CCK-NOA"",""CTX-01"",""BOUNDARY-01""]","공통 설명·추가 의견"
"SURVEY-RI-COMMON-PUBLIC_SERVICE_ISSUE","v0.2","RI","규제혁신처","COMMON","4","PUBLIC_SERVICE_ISSUE","국민·기업이 안전·검사·자격·교통 서비스를 이용할 때 추가로 겪는 불편이나 권익 문제는 무엇입니까?","long_text","[]","false","","{""departmentId"":""RI"",""topicId"":""COMMON""}","[]","대상자 / 원하는 결과 / 현재 경로 / 반복 설명·보완·방문·접근성 / 확인 근거. 현업의 추정과 이용자의 직접 의견을 구분.","[""CCK-NOA"",""CTX-01"",""BOUNDARY-01""]","공통 설명·추가 의견"
"SURVEY-RI-COMMON-NEW_PROBLEM","v0.2","RI","규제혁신처","COMMON","4","NEW_PROBLEM","이번 조사에서 빠진 문제나 다른 원인 설명이 있다면 작성해 주십시오.","long_text","[]","false","","{""departmentId"":""RI"",""topicId"":""COMMON""}","[]","기존 병목의 수정인지 별도 문제인지, 소관 후보·현재 대응·우선 이유를 설명. 없으면 없음으로 작성.","[""CCK-NOA"",""CTX-01"",""BOUNDARY-01""]","공통 설명·추가 의견"
"SURVEY-RI-COMMON-AX_EXPANSION_OPINION","v0.2","RI","규제혁신처","COMMON","4","AX_EXPANSION_OPINION","현재 플랫폼을 확대한다면 어떤 업무의 어떤 결과를 우선 개선해야 합니까?","long_text","[]","false","","{""departmentId"":""RI"",""topicId"":""COMMON""}","[]","현재 기능 → 남는 어려움 → 필요한 새 능력 → 업무·역할 변화 → 기관/국민 편익. 확대 불필요·비AI 대안도 가능.","[""CCK-NOA"",""CTX-01"",""BOUNDARY-01""]","공통 설명·추가 의견"
"SURVEY-RI-COMMON-EXPANSION_LIMIT","v0.2","RI","규제혁신처","COMMON","4","EXPANSION_LIMIT","별도 전문시스템이나 권한자의 판단에 남겨야 할 범위와 확대 제약은 무엇입니까?","long_text","[]","false","","{""departmentId"":""RI"",""topicId"":""COMMON""}","[]","공식 안전·자격·의료·처분·승인/지급 책임, 자료 이용·운영·비용 조건을 설명. 실행본 확인은 제품 담당 보충지 S01~S04와 연결.","[""CCK-NOA"",""CTX-01"",""BOUNDARY-01""]","공통 설명·추가 의견"
"SURVEY-DV-COMMON-ROLE","v0.2","DV","실증사업처","COMMON","2","ROLE","이번 의견을 작성하는 업무 역할은 무엇입니까?","single_choice","[{""code"":""WORK"",""label"":""업무 담당""},{""code"":""REVIEW"",""label"":""검토·승인""},{""code"":""PLANNING"",""label"":""기획·성과""},{""code"":""TECH"",""label"":""정보화·제품·운영""},{""code"":""SECURITY"",""label"":""자료·보안""},{""code"":""OTHER"",""label"":""그 밖의 역할""},{""code"":""UNKNOWN"",""label"":""역할 설명 보완 필요""}]","false","","{""departmentId"":""DV"",""topicId"":""COMMON""}","[]","실명·연락처 대신 역할만 작성. 담당 처는 해당 양식에서 지정.","[""CCK-NOA"",""CTX-01"",""BOUNDARY-01""]","공통 설명·추가 의견"
"SURVEY-DV-COMMON-POSITION","v0.2","DV","실증사업처","COMMON","2","POSITION","이 응답은 어떤 범위의 의견입니까?","single_choice","[{""code"":""INDIVIDUAL"",""label"":""개인의 업무 경험·의견""},{""code"":""CONSULTED"",""label"":""부서 내 확인을 거친 의견""},{""code"":""OFFICIAL"",""label"":""권한자가 확인한 공식 회신""},{""code"":""UNKNOWN"",""label"":""범위 미확인""}]","false","","{""departmentId"":""DV"",""topicId"":""COMMON""}","[]","공식 회신 선택만으로 도입·예산·자료 이용승인이 생기는 것은 아님. 확인 근거는 별도 검토.","[""CCK-NOA"",""CTX-01"",""BOUNDARY-01""]","공통 설명·추가 의견"
"SURVEY-DV-COMMON-CURRENT_USE","v0.2","DV","실증사업처","COMMON","2","CURRENT_USE","현재 NOA 또는 AI 공통플랫폼을 어떤 업무에 사용하거나 확인하고 있습니까? 사용하지 않거나 기능을 모르는 경우도 작성해 주십시오.","long_text","[]","false","","{""departmentId"":""DV"",""topicId"":""COMMON""}","[]","실제 사용 기능·업무·남는 어려움 중심. 제공된 제품 소개를 실제 설치본 기능으로 옮겨 적지 않음.","[""CCK-NOA"",""CTX-01"",""BOUNDARY-01""]","공통 설명·추가 의견"
"SURVEY-DV-DV-01-SCOPE_MATCH","v0.2","DV","실증사업처","DV-01","3","SCOPE_MATCH","제시한 업무·대상·처리단계가 귀 처의 실제 담당 범위와 일치합니까?","single_choice","[{""code"":""MATCH"",""label"":""일치""},{""code"":""PARTIAL"",""label"":""일부 수정 필요""},{""code"":""MISMATCH"",""label"":""현재 업무와 불일치""},{""code"":""OTHER_OWNER"",""label"":""다른 부서·기관 소관""},{""code"":""UNKNOWN"",""label"":""판단자료 부족""}]","false","","{""departmentId"":""DV"",""topicId"":""DV-01""}","[]","조직명 일치와 실제 수행·결정권한은 구분. 다른 소관이면 수정 의견만 선택 작성.","[""DV-E01"",""DV-E07"",""DV-E18""]","조사·기획 가설 · 현업 정합성/타당성 미확인"
"SURVEY-DV-DV-01-CURRENT_STATE","v0.2","DV","실증사업처","DV-01","3","CURRENT_STATE","제시한 병목이 현재 발생하는지 어떤 상태로 확인하고 있습니까?","single_choice","[{""code"":""OBSERVED"",""label"":""현재 발생 확인""},{""code"":""CONDITIONAL"",""label"":""특정 조건에서 발생 확인""},{""code"":""RESOLVED"",""label"":""과거 발생했으나 해결됨""},{""code"":""NO_PROBLEM_OBSERVED"",""label"":""확인한 범위에서 발생하지 않음""},{""code"":""NO_DIRECT_EXPERIENCE"",""label"":""직접 확인한 경험 없음""},{""code"":""UNKNOWN"",""label"":""확인 불가""}]","false","{""field"":""SCOPE_MATCH"",""notIn"":[""MISMATCH"",""OTHER_OWNER"",""UNKNOWN""]}","{""departmentId"":""DV"",""topicId"":""DV-01""}","[]","미관찰을 전체 문제 없음으로 확대하지 않음. 해결됨이면 해결 기능·시점·범위를 기록.","[""DV-E01"",""DV-E07"",""DV-E18""]","조사·기획 가설 · 현업 정합성/타당성 미확인"
"SURVEY-DV-DV-01-BOTTLENECK_VALIDITY","v0.2","DV","실증사업처","DV-01","3","BOTTLENECK_VALIDITY","제시한 병목 설명과 원인 가설이 실제 상황을 설명하는 데 타당합니까?","single_choice","[{""code"":""VALID"",""label"":""타당""},{""code"":""CONDITIONAL"",""label"":""조건부 타당""},{""code"":""INVALID"",""label"":""타당하지 않음""},{""code"":""UNKNOWN"",""label"":""판단자료 부족""}]","false","{""field"":""SCOPE_MATCH"",""notIn"":[""MISMATCH"",""OTHER_OWNER"",""UNKNOWN""]}","{""departmentId"":""DV"",""topicId"":""DV-01""}","[]","업무 담당 여부·현재 발생 상태·우선순위와 별도 판단. 제안 제품의 도입 찬반 질문이 아님.","[""DV-E01"",""DV-E07"",""DV-E18""]","조사·기획 가설 · 현업 정합성/타당성 미확인"
"SURVEY-DV-DV-01-VALIDITY_REASON","v0.2","DV","실증사업처","DV-01","3","VALIDITY_REASON","정합성·발생 상태·타당성 판단의 이유와 고쳐야 할 내용을 작성해 주십시오.","long_text","[]","false","","{""departmentId"":""DV"",""topicId"":""DV-01""}","[]","맞는 부분 / 다른 부분 / 다른 원인 / 수정할 병목 문장 / 추가 확인 순서로 작성. 불일치·자료 부족도 유효한 응답.","[""DV-E01"",""DV-E07"",""DV-E18""]","조사·기획 가설 · 현업 정합성/타당성 미확인"
"SURVEY-DV-DV-01-EVIDENCE_BASIS","v0.2","DV","실증사업처","DV-01","3","EVIDENCE_BASIS","판단에 사용한 근거는 무엇입니까?","multiple_choice","[{""code"":""EXPERIENCE"",""label"":""직접 처리 경험""},{""code"":""RECORD"",""label"":""기록·로그·문서""},{""code"":""EXPLANATION"",""label"":""다른 담당자의 설명""},{""code"":""PUBLIC"",""label"":""공개자료""},{""code"":""INFERENCE"",""label"":""추정·개인 의견""},{""code"":""NONE"",""label"":""별도 근거 미확보""}]","false","{""field"":""SCOPE_MATCH"",""notIn"":[""MISMATCH"",""OTHER_OWNER"",""UNKNOWN""]}","{""departmentId"":""DV"",""topicId"":""DV-01""}","[""NONE""]","경험과 기록은 함께 선택 가능. NONE은 다른 근거와 동시 선택하지 않음. 유형 선택만으로 검증 완료 처리하지 않음.","[""DV-E01"",""DV-E07"",""DV-E18""]","조사·기획 가설 · 현업 정합성/타당성 미확인"
"SURVEY-DV-DV-01-ACTUAL_CASE","v0.2","DV","실증사업처","DV-01","3","ACTUAL_CASE","공유 가능한 사례가 있다면 언제·어느 단계·누구에게 어떤 결과나 부담이 발생했는지 작성해 주십시오.","long_text","[]","false","{""all"":[{""field"":""SCOPE_MATCH"",""notIn"":[""MISMATCH"",""OTHER_OWNER"",""UNKNOWN""]},{""field"":""CURRENT_STATE"",""in"":[""OBSERVED"",""CONDITIONAL""]}]}","{""departmentId"":""DV"",""topicId"":""DV-01""}","[]","가명 사건 유형·기간·빈도 근거·영향·현재 대응만 작성. 이름·차량번호·연락처·질병정보·원문 민원은 입력하지 않음. 수치는 실측/집계/추정을 구분.","[""DV-E01"",""DV-E07"",""DV-E18""]","조사·기획 가설 · 현업 정합성/타당성 미확인"
"SURVEY-DV-DV-01-COUNTER_EVIDENCE","v0.2","DV","실증사업처","DV-01","3","COUNTER_EVIDENCE","문제 없이 완료했거나 제시한 설명과 다른 사례, 다른 원인이 있습니까?","long_text","[]","false","{""field"":""SCOPE_MATCH"",""notIn"":[""MISMATCH"",""OTHER_OWNER"",""UNKNOWN""]}","{""departmentId"":""DV"",""topicId"":""DV-01""}","[]","없음·직접 확인 못함도 작성 가능. 반대 사례와 소수 의견은 유지.","[""DV-E01"",""DV-E07"",""DV-E18""]","조사·기획 가설 · 현업 정합성/타당성 미확인"
"SURVEY-DV-DV-01-EXISTING_RESPONSE","v0.2","DV","실증사업처","DV-01","3","EXISTING_RESPONSE","현재 시스템·AI·서식·규칙·협의절차로 해결하는 부분과 남는 문제는 무엇입니까?","long_text","[]","false","{""field"":""SCOPE_MATCH"",""notIn"":[""MISMATCH"",""OTHER_OWNER"",""UNKNOWN""]}","{""departmentId"":""DV"",""topicId"":""DV-01""}","[]","이미 충분히 해결된다면 해당 기능·조건·해결 시점을 작성. 기존 계약·추진 중인 사업과 겹치는 범위도 설명.","[""DV-E01"",""DV-E07"",""DV-E18""]","조사·기획 가설 · 현업 정합성/타당성 미확인"
"SURVEY-DV-DV-01-IMPROVEMENT_METHOD","v0.2","DV","실증사업처","DV-01","3","IMPROVEMENT_METHOD","개선이 필요하다면 어떤 방식이 적절하다고 봅니까?","multiple_choice","[{""code"":""EXISTING"",""label"":""기존 기능·운영 개선""},{""code"":""DATA"",""label"":""자료·서식·식별키 정비""},{""code"":""RULE_API"",""label"":""정형 규칙·시스템 연계""},{""code"":""AI"",""label"":""NOA 등 AI 추가 적용""},{""code"":""INSTITUTION"",""label"":""인력·공급·재원·제도 개선""},{""code"":""NO_NEED"",""label"":""추가 개선 필요 없음""},{""code"":""UNKNOWN"",""label"":""판단자료 부족""}]","false","{""field"":""SCOPE_MATCH"",""notIn"":[""MISMATCH"",""OTHER_OWNER"",""UNKNOWN""]}","{""departmentId"":""DV"",""topicId"":""DV-01""}","[""NO_NEED"",""UNKNOWN""]","여러 개선 방식의 결합 가능. NO_NEED·UNKNOWN은 다른 방식과 동시에 선택하지 않음. AI 미선택 시 AI 세부 질문을 건너뜀.","[""DV-E01"",""DV-E07"",""DV-E18""]","조사·기획 가설 · 현업 정합성/타당성 미확인"
"SURVEY-DV-DV-01-AI_ADDED_VALUE","v0.2","DV","실증사업처","DV-01","3","AI_ADDED_VALUE","NOA 등 AI를 추가하면 기존 도구·정형 개선으로 달성하기 어려운 어떤 결과를 얻을 수 있습니까?","long_text","[]","false","{""all"":[{""field"":""SCOPE_MATCH"",""notIn"":[""MISMATCH"",""OTHER_OWNER"",""UNKNOWN""]},{""field"":""IMPROVEMENT_METHOD"",""includes"":""AI""}]}","{""departmentId"":""DV"",""topicId"":""DV-01""}","[]","기능 이름보다 달라질 판단·수행·국민/기업 결과를 작성. 기대와 실제 입증을 구분.","[""DV-E01"",""DV-E07"",""DV-E18""]","조사·기획 가설 · 현업 정합성/타당성 미확인"
"SURVEY-DV-DV-01-FEASIBILITY_CONDITIONS","v0.2","DV","실증사업처","DV-01","3","FEASIBILITY_CONDITIONS","추가 AI 적용을 위해 어떤 자료·연계·권한·전문 검수·운영조건을 확보해야 합니까?","long_text","[]","false","{""all"":[{""field"":""SCOPE_MATCH"",""notIn"":[""MISMATCH"",""OTHER_OWNER"",""UNKNOWN""]},{""field"":""IMPROVEMENT_METHOD"",""includes"":""AI""}]}","{""departmentId"":""DV"",""topicId"":""DV-01""}","[]","실제 설치본·사용권·기존 서버·조회/실행 경계·오류 복구·인수 역할 확인. 새로운 인프라 구매 없는 검토 전제.","[""DV-E01"",""DV-E07"",""DV-E18""]","조사·기획 가설 · 현업 정합성/타당성 미확인"
"SURVEY-DV-DV-01-RISK_AND_CONCERN","v0.2","DV","실증사업처","DV-01","3","RISK_AND_CONCERN","제안 방식이 오판·과다 보완·정보 노출·추가 업무·이용자 배제 등을 일으킬 조건은 무엇입니까?","long_text","[]","false","{""field"":""SCOPE_MATCH"",""notIn"":[""MISMATCH"",""OTHER_OWNER"",""UNKNOWN""]}","{""departmentId"":""DV"",""topicId"":""DV-01""}","[]","문제 없다고 단정하지 않고 예상·관찰·미확인을 구분. AI 이외 개선의 우려도 작성.","[""DV-E01"",""DV-E07"",""DV-E18""]","조사·기획 가설 · 현업 정합성/타당성 미확인"
"SURVEY-DV-DV-01-EFFECT_AND_MEASUREMENT","v0.2","DV","실증사업처","DV-01","3","EFFECT_AND_MEASUREMENT","제시한 효과 지표가 적절합니까? 실제 기록으로 확인할 결과와 측정하기 어려운 부분을 작성해 주십시오.","long_text","[]","false","{""field"":""SCOPE_MATCH"",""notIn"":[""MISMATCH"",""OTHER_OWNER"",""UNKNOWN""]}","{""departmentId"":""DV"",""topicId"":""DV-01""}","[]","분모·관측기간·비교조건·중요 오류·과잉처리·대기/활동시간을 구분. 개선율·목표값을 임의로 만들지 않음.","[""DV-E01"",""DV-E07"",""DV-E18""]","조사·기획 가설 · 현업 정합성/타당성 미확인"
"SURVEY-DV-DV-01-ALTERNATIVE_PROPOSAL","v0.2","DV","실증사업처","DV-01","3","ALTERNATIVE_PROPOSAL","제안된 CCK 적용 방법을 수정·축소·제외하거나 다른 방법으로 해결할 의견이 있습니까?","long_text","[]","false","{""field"":""SCOPE_MATCH"",""notIn"":[""MISMATCH"",""OTHER_OWNER"",""UNKNOWN""]}","{""departmentId"":""DV"",""topicId"":""DV-01""}","[]","기존 기능으로 충분 / 정형 개선 우선 / 책임·권한 문제 / 대안과 필요한 조건 등 자유 작성.","[""DV-E01"",""DV-E07"",""DV-E18""]","조사·기획 가설 · 현업 정합성/타당성 미확인"
"SURVEY-DV-DV-01-PRIORITY_REASON","v0.2","DV","실증사업처","DV-01","3","PRIORITY_REASON","이 문제를 다른 업무와 비교하여 왜 먼저 검토하거나 뒤로 미루어야 합니까?","long_text","[]","false","{""field"":""SCOPE_MATCH"",""notIn"":[""MISMATCH"",""OTHER_OWNER"",""UNKNOWN""]}","{""departmentId"":""DV"",""topicId"":""DV-01""}","[]","안전·국민/기업 편익·빈도·심각도·가용 자료·실행조건을 근거로 설명. 개선 필요 없음도 가능. 자동 점수 합산으로 사업 선정하지 않음.","[""DV-E01"",""DV-E07"",""DV-E18""]","조사·기획 가설 · 현업 정합성/타당성 미확인"
"SURVEY-DV-COMMON-OTHER_WORK_DIFFICULTY","v0.2","DV","실증사업처","COMMON","4","OTHER_WORK_DIFFICULTY","제시된 병목 외에 업무처리나 정확한 판단을 어렵게 만드는 지점은 무엇입니까?","long_text","[]","false","","{""departmentId"":""DV"",""topicId"":""COMMON""}","[]","업무 / 발생 단계 / 대상 / 현재 대응 / 남는 문제 / 근거를 작성. 없음·담당 아님·미확인도 명시 가능.","[""CCK-NOA"",""CTX-01"",""BOUNDARY-01""]","공통 설명·추가 의견"
"SURVEY-DV-COMMON-PUBLIC_SERVICE_ISSUE","v0.2","DV","실증사업처","COMMON","4","PUBLIC_SERVICE_ISSUE","국민·기업이 안전·검사·자격·교통 서비스를 이용할 때 추가로 겪는 불편이나 권익 문제는 무엇입니까?","long_text","[]","false","","{""departmentId"":""DV"",""topicId"":""COMMON""}","[]","대상자 / 원하는 결과 / 현재 경로 / 반복 설명·보완·방문·접근성 / 확인 근거. 현업의 추정과 이용자의 직접 의견을 구분.","[""CCK-NOA"",""CTX-01"",""BOUNDARY-01""]","공통 설명·추가 의견"
"SURVEY-DV-COMMON-NEW_PROBLEM","v0.2","DV","실증사업처","COMMON","4","NEW_PROBLEM","이번 조사에서 빠진 문제나 다른 원인 설명이 있다면 작성해 주십시오.","long_text","[]","false","","{""departmentId"":""DV"",""topicId"":""COMMON""}","[]","기존 병목의 수정인지 별도 문제인지, 소관 후보·현재 대응·우선 이유를 설명. 없으면 없음으로 작성.","[""CCK-NOA"",""CTX-01"",""BOUNDARY-01""]","공통 설명·추가 의견"
"SURVEY-DV-COMMON-AX_EXPANSION_OPINION","v0.2","DV","실증사업처","COMMON","4","AX_EXPANSION_OPINION","현재 플랫폼을 확대한다면 어떤 업무의 어떤 결과를 우선 개선해야 합니까?","long_text","[]","false","","{""departmentId"":""DV"",""topicId"":""COMMON""}","[]","현재 기능 → 남는 어려움 → 필요한 새 능력 → 업무·역할 변화 → 기관/국민 편익. 확대 불필요·비AI 대안도 가능.","[""CCK-NOA"",""CTX-01"",""BOUNDARY-01""]","공통 설명·추가 의견"
"SURVEY-DV-COMMON-EXPANSION_LIMIT","v0.2","DV","실증사업처","COMMON","4","EXPANSION_LIMIT","별도 전문시스템이나 권한자의 판단에 남겨야 할 범위와 확대 제약은 무엇입니까?","long_text","[]","false","","{""departmentId"":""DV"",""topicId"":""COMMON""}","[]","공식 안전·자격·의료·처분·승인/지급 책임, 자료 이용·운영·비용 조건을 설명. 실행본 확인은 제품 담당 보충지 S01~S04와 연결.","[""CCK-NOA"",""CTX-01"",""BOUNDARY-01""]","공통 설명·추가 의견"
"SURVEY-IP-COMMON-ROLE","v0.2","IP","검사기획처","COMMON","2","ROLE","이번 의견을 작성하는 업무 역할은 무엇입니까?","single_choice","[{""code"":""WORK"",""label"":""업무 담당""},{""code"":""REVIEW"",""label"":""검토·승인""},{""code"":""PLANNING"",""label"":""기획·성과""},{""code"":""TECH"",""label"":""정보화·제품·운영""},{""code"":""SECURITY"",""label"":""자료·보안""},{""code"":""OTHER"",""label"":""그 밖의 역할""},{""code"":""UNKNOWN"",""label"":""역할 설명 보완 필요""}]","false","","{""departmentId"":""IP"",""topicId"":""COMMON""}","[]","실명·연락처 대신 역할만 작성. 담당 처는 해당 양식에서 지정.","[""CCK-NOA"",""CTX-01"",""BOUNDARY-01""]","공통 설명·추가 의견"
"SURVEY-IP-COMMON-POSITION","v0.2","IP","검사기획처","COMMON","2","POSITION","이 응답은 어떤 범위의 의견입니까?","single_choice","[{""code"":""INDIVIDUAL"",""label"":""개인의 업무 경험·의견""},{""code"":""CONSULTED"",""label"":""부서 내 확인을 거친 의견""},{""code"":""OFFICIAL"",""label"":""권한자가 확인한 공식 회신""},{""code"":""UNKNOWN"",""label"":""범위 미확인""}]","false","","{""departmentId"":""IP"",""topicId"":""COMMON""}","[]","공식 회신 선택만으로 도입·예산·자료 이용승인이 생기는 것은 아님. 확인 근거는 별도 검토.","[""CCK-NOA"",""CTX-01"",""BOUNDARY-01""]","공통 설명·추가 의견"
"SURVEY-IP-COMMON-CURRENT_USE","v0.2","IP","검사기획처","COMMON","2","CURRENT_USE","현재 NOA 또는 AI 공통플랫폼을 어떤 업무에 사용하거나 확인하고 있습니까? 사용하지 않거나 기능을 모르는 경우도 작성해 주십시오.","long_text","[]","false","","{""departmentId"":""IP"",""topicId"":""COMMON""}","[]","실제 사용 기능·업무·남는 어려움 중심. 제공된 제품 소개를 실제 설치본 기능으로 옮겨 적지 않음.","[""CCK-NOA"",""CTX-01"",""BOUNDARY-01""]","공통 설명·추가 의견"
"SURVEY-IP-IP-01-SCOPE_MATCH","v0.2","IP","검사기획처","IP-01","3","SCOPE_MATCH","제시한 업무·대상·처리단계가 귀 처의 실제 담당 범위와 일치합니까?","single_choice","[{""code"":""MATCH"",""label"":""일치""},{""code"":""PARTIAL"",""label"":""일부 수정 필요""},{""code"":""MISMATCH"",""label"":""현재 업무와 불일치""},{""code"":""OTHER_OWNER"",""label"":""다른 부서·기관 소관""},{""code"":""UNKNOWN"",""label"":""판단자료 부족""}]","false","","{""departmentId"":""IP"",""topicId"":""IP-01""}","[]","조직명 일치와 실제 수행·결정권한은 구분. 다른 소관이면 수정 의견만 선택 작성.","[""IP-E32"",""IP-E18"",""IP-E20""]","조사·기획 가설 · 현업 정합성/타당성 미확인"
"SURVEY-IP-IP-01-CURRENT_STATE","v0.2","IP","검사기획처","IP-01","3","CURRENT_STATE","제시한 병목이 현재 발생하는지 어떤 상태로 확인하고 있습니까?","single_choice","[{""code"":""OBSERVED"",""label"":""현재 발생 확인""},{""code"":""CONDITIONAL"",""label"":""특정 조건에서 발생 확인""},{""code"":""RESOLVED"",""label"":""과거 발생했으나 해결됨""},{""code"":""NO_PROBLEM_OBSERVED"",""label"":""확인한 범위에서 발생하지 않음""},{""code"":""NO_DIRECT_EXPERIENCE"",""label"":""직접 확인한 경험 없음""},{""code"":""UNKNOWN"",""label"":""확인 불가""}]","false","{""field"":""SCOPE_MATCH"",""notIn"":[""MISMATCH"",""OTHER_OWNER"",""UNKNOWN""]}","{""departmentId"":""IP"",""topicId"":""IP-01""}","[]","미관찰을 전체 문제 없음으로 확대하지 않음. 해결됨이면 해결 기능·시점·범위를 기록.","[""IP-E32"",""IP-E18"",""IP-E20""]","조사·기획 가설 · 현업 정합성/타당성 미확인"
"SURVEY-IP-IP-01-BOTTLENECK_VALIDITY","v0.2","IP","검사기획처","IP-01","3","BOTTLENECK_VALIDITY","제시한 병목 설명과 원인 가설이 실제 상황을 설명하는 데 타당합니까?","single_choice","[{""code"":""VALID"",""label"":""타당""},{""code"":""CONDITIONAL"",""label"":""조건부 타당""},{""code"":""INVALID"",""label"":""타당하지 않음""},{""code"":""UNKNOWN"",""label"":""판단자료 부족""}]","false","{""field"":""SCOPE_MATCH"",""notIn"":[""MISMATCH"",""OTHER_OWNER"",""UNKNOWN""]}","{""departmentId"":""IP"",""topicId"":""IP-01""}","[]","업무 담당 여부·현재 발생 상태·우선순위와 별도 판단. 제안 제품의 도입 찬반 질문이 아님.","[""IP-E32"",""IP-E18"",""IP-E20""]","조사·기획 가설 · 현업 정합성/타당성 미확인"
"SURVEY-IP-IP-01-VALIDITY_REASON","v0.2","IP","검사기획처","IP-01","3","VALIDITY_REASON","정합성·발생 상태·타당성 판단의 이유와 고쳐야 할 내용을 작성해 주십시오.","long_text","[]","false","","{""departmentId"":""IP"",""topicId"":""IP-01""}","[]","맞는 부분 / 다른 부분 / 다른 원인 / 수정할 병목 문장 / 추가 확인 순서로 작성. 불일치·자료 부족도 유효한 응답.","[""IP-E32"",""IP-E18"",""IP-E20""]","조사·기획 가설 · 현업 정합성/타당성 미확인"
"SURVEY-IP-IP-01-EVIDENCE_BASIS","v0.2","IP","검사기획처","IP-01","3","EVIDENCE_BASIS","판단에 사용한 근거는 무엇입니까?","multiple_choice","[{""code"":""EXPERIENCE"",""label"":""직접 처리 경험""},{""code"":""RECORD"",""label"":""기록·로그·문서""},{""code"":""EXPLANATION"",""label"":""다른 담당자의 설명""},{""code"":""PUBLIC"",""label"":""공개자료""},{""code"":""INFERENCE"",""label"":""추정·개인 의견""},{""code"":""NONE"",""label"":""별도 근거 미확보""}]","false","{""field"":""SCOPE_MATCH"",""notIn"":[""MISMATCH"",""OTHER_OWNER"",""UNKNOWN""]}","{""departmentId"":""IP"",""topicId"":""IP-01""}","[""NONE""]","경험과 기록은 함께 선택 가능. NONE은 다른 근거와 동시 선택하지 않음. 유형 선택만으로 검증 완료 처리하지 않음.","[""IP-E32"",""IP-E18"",""IP-E20""]","조사·기획 가설 · 현업 정합성/타당성 미확인"
"SURVEY-IP-IP-01-ACTUAL_CASE","v0.2","IP","검사기획처","IP-01","3","ACTUAL_CASE","공유 가능한 사례가 있다면 언제·어느 단계·누구에게 어떤 결과나 부담이 발생했는지 작성해 주십시오.","long_text","[]","false","{""all"":[{""field"":""SCOPE_MATCH"",""notIn"":[""MISMATCH"",""OTHER_OWNER"",""UNKNOWN""]},{""field"":""CURRENT_STATE"",""in"":[""OBSERVED"",""CONDITIONAL""]}]}","{""departmentId"":""IP"",""topicId"":""IP-01""}","[]","가명 사건 유형·기간·빈도 근거·영향·현재 대응만 작성. 이름·차량번호·연락처·질병정보·원문 민원은 입력하지 않음. 수치는 실측/집계/추정을 구분.","[""IP-E32"",""IP-E18"",""IP-E20""]","조사·기획 가설 · 현업 정합성/타당성 미확인"
"SURVEY-IP-IP-01-COUNTER_EVIDENCE","v0.2","IP","검사기획처","IP-01","3","COUNTER_EVIDENCE","문제 없이 완료했거나 제시한 설명과 다른 사례, 다른 원인이 있습니까?","long_text","[]","false","{""field"":""SCOPE_MATCH"",""notIn"":[""MISMATCH"",""OTHER_OWNER"",""UNKNOWN""]}","{""departmentId"":""IP"",""topicId"":""IP-01""}","[]","없음·직접 확인 못함도 작성 가능. 반대 사례와 소수 의견은 유지.","[""IP-E32"",""IP-E18"",""IP-E20""]","조사·기획 가설 · 현업 정합성/타당성 미확인"
"SURVEY-IP-IP-01-EXISTING_RESPONSE","v0.2","IP","검사기획처","IP-01","3","EXISTING_RESPONSE","현재 시스템·AI·서식·규칙·협의절차로 해결하는 부분과 남는 문제는 무엇입니까?","long_text","[]","false","{""field"":""SCOPE_MATCH"",""notIn"":[""MISMATCH"",""OTHER_OWNER"",""UNKNOWN""]}","{""departmentId"":""IP"",""topicId"":""IP-01""}","[]","이미 충분히 해결된다면 해당 기능·조건·해결 시점을 작성. 기존 계약·추진 중인 사업과 겹치는 범위도 설명.","[""IP-E32"",""IP-E18"",""IP-E20""]","조사·기획 가설 · 현업 정합성/타당성 미확인"
"SURVEY-IP-IP-01-IMPROVEMENT_METHOD","v0.2","IP","검사기획처","IP-01","3","IMPROVEMENT_METHOD","개선이 필요하다면 어떤 방식이 적절하다고 봅니까?","multiple_choice","[{""code"":""EXISTING"",""label"":""기존 기능·운영 개선""},{""code"":""DATA"",""label"":""자료·서식·식별키 정비""},{""code"":""RULE_API"",""label"":""정형 규칙·시스템 연계""},{""code"":""AI"",""label"":""NOA 등 AI 추가 적용""},{""code"":""INSTITUTION"",""label"":""인력·공급·재원·제도 개선""},{""code"":""NO_NEED"",""label"":""추가 개선 필요 없음""},{""code"":""UNKNOWN"",""label"":""판단자료 부족""}]","false","{""field"":""SCOPE_MATCH"",""notIn"":[""MISMATCH"",""OTHER_OWNER"",""UNKNOWN""]}","{""departmentId"":""IP"",""topicId"":""IP-01""}","[""NO_NEED"",""UNKNOWN""]","여러 개선 방식의 결합 가능. NO_NEED·UNKNOWN은 다른 방식과 동시에 선택하지 않음. AI 미선택 시 AI 세부 질문을 건너뜀.","[""IP-E32"",""IP-E18"",""IP-E20""]","조사·기획 가설 · 현업 정합성/타당성 미확인"
"SURVEY-IP-IP-01-AI_ADDED_VALUE","v0.2","IP","검사기획처","IP-01","3","AI_ADDED_VALUE","NOA 등 AI를 추가하면 기존 도구·정형 개선으로 달성하기 어려운 어떤 결과를 얻을 수 있습니까?","long_text","[]","false","{""all"":[{""field"":""SCOPE_MATCH"",""notIn"":[""MISMATCH"",""OTHER_OWNER"",""UNKNOWN""]},{""field"":""IMPROVEMENT_METHOD"",""includes"":""AI""}]}","{""departmentId"":""IP"",""topicId"":""IP-01""}","[]","기능 이름보다 달라질 판단·수행·국민/기업 결과를 작성. 기대와 실제 입증을 구분.","[""IP-E32"",""IP-E18"",""IP-E20""]","조사·기획 가설 · 현업 정합성/타당성 미확인"
"SURVEY-IP-IP-01-FEASIBILITY_CONDITIONS","v0.2","IP","검사기획처","IP-01","3","FEASIBILITY_CONDITIONS","추가 AI 적용을 위해 어떤 자료·연계·권한·전문 검수·운영조건을 확보해야 합니까?","long_text","[]","false","{""all"":[{""field"":""SCOPE_MATCH"",""notIn"":[""MISMATCH"",""OTHER_OWNER"",""UNKNOWN""]},{""field"":""IMPROVEMENT_METHOD"",""includes"":""AI""}]}","{""departmentId"":""IP"",""topicId"":""IP-01""}","[]","실제 설치본·사용권·기존 서버·조회/실행 경계·오류 복구·인수 역할 확인. 새로운 인프라 구매 없는 검토 전제.","[""IP-E32"",""IP-E18"",""IP-E20""]","조사·기획 가설 · 현업 정합성/타당성 미확인"
"SURVEY-IP-IP-01-RISK_AND_CONCERN","v0.2","IP","검사기획처","IP-01","3","RISK_AND_CONCERN","제안 방식이 오판·과다 보완·정보 노출·추가 업무·이용자 배제 등을 일으킬 조건은 무엇입니까?","long_text","[]","false","{""field"":""SCOPE_MATCH"",""notIn"":[""MISMATCH"",""OTHER_OWNER"",""UNKNOWN""]}","{""departmentId"":""IP"",""topicId"":""IP-01""}","[]","문제 없다고 단정하지 않고 예상·관찰·미확인을 구분. AI 이외 개선의 우려도 작성.","[""IP-E32"",""IP-E18"",""IP-E20""]","조사·기획 가설 · 현업 정합성/타당성 미확인"
"SURVEY-IP-IP-01-EFFECT_AND_MEASUREMENT","v0.2","IP","검사기획처","IP-01","3","EFFECT_AND_MEASUREMENT","제시한 효과 지표가 적절합니까? 실제 기록으로 확인할 결과와 측정하기 어려운 부분을 작성해 주십시오.","long_text","[]","false","{""field"":""SCOPE_MATCH"",""notIn"":[""MISMATCH"",""OTHER_OWNER"",""UNKNOWN""]}","{""departmentId"":""IP"",""topicId"":""IP-01""}","[]","분모·관측기간·비교조건·중요 오류·과잉처리·대기/활동시간을 구분. 개선율·목표값을 임의로 만들지 않음.","[""IP-E32"",""IP-E18"",""IP-E20""]","조사·기획 가설 · 현업 정합성/타당성 미확인"
"SURVEY-IP-IP-01-ALTERNATIVE_PROPOSAL","v0.2","IP","검사기획처","IP-01","3","ALTERNATIVE_PROPOSAL","제안된 CCK 적용 방법을 수정·축소·제외하거나 다른 방법으로 해결할 의견이 있습니까?","long_text","[]","false","{""field"":""SCOPE_MATCH"",""notIn"":[""MISMATCH"",""OTHER_OWNER"",""UNKNOWN""]}","{""departmentId"":""IP"",""topicId"":""IP-01""}","[]","기존 기능으로 충분 / 정형 개선 우선 / 책임·권한 문제 / 대안과 필요한 조건 등 자유 작성.","[""IP-E32"",""IP-E18"",""IP-E20""]","조사·기획 가설 · 현업 정합성/타당성 미확인"
"SURVEY-IP-IP-01-PRIORITY_REASON","v0.2","IP","검사기획처","IP-01","3","PRIORITY_REASON","이 문제를 다른 업무와 비교하여 왜 먼저 검토하거나 뒤로 미루어야 합니까?","long_text","[]","false","{""field"":""SCOPE_MATCH"",""notIn"":[""MISMATCH"",""OTHER_OWNER"",""UNKNOWN""]}","{""departmentId"":""IP"",""topicId"":""IP-01""}","[]","안전·국민/기업 편익·빈도·심각도·가용 자료·실행조건을 근거로 설명. 개선 필요 없음도 가능. 자동 점수 합산으로 사업 선정하지 않음.","[""IP-E32"",""IP-E18"",""IP-E20""]","조사·기획 가설 · 현업 정합성/타당성 미확인"
"SURVEY-IP-COMMON-OTHER_WORK_DIFFICULTY","v0.2","IP","검사기획처","COMMON","4","OTHER_WORK_DIFFICULTY","제시된 병목 외에 업무처리나 정확한 판단을 어렵게 만드는 지점은 무엇입니까?","long_text","[]","false","","{""departmentId"":""IP"",""topicId"":""COMMON""}","[]","업무 / 발생 단계 / 대상 / 현재 대응 / 남는 문제 / 근거를 작성. 없음·담당 아님·미확인도 명시 가능.","[""CCK-NOA"",""CTX-01"",""BOUNDARY-01""]","공통 설명·추가 의견"
"SURVEY-IP-COMMON-PUBLIC_SERVICE_ISSUE","v0.2","IP","검사기획처","COMMON","4","PUBLIC_SERVICE_ISSUE","국민·기업이 안전·검사·자격·교통 서비스를 이용할 때 추가로 겪는 불편이나 권익 문제는 무엇입니까?","long_text","[]","false","","{""departmentId"":""IP"",""topicId"":""COMMON""}","[]","대상자 / 원하는 결과 / 현재 경로 / 반복 설명·보완·방문·접근성 / 확인 근거. 현업의 추정과 이용자의 직접 의견을 구분.","[""CCK-NOA"",""CTX-01"",""BOUNDARY-01""]","공통 설명·추가 의견"
"SURVEY-IP-COMMON-NEW_PROBLEM","v0.2","IP","검사기획처","COMMON","4","NEW_PROBLEM","이번 조사에서 빠진 문제나 다른 원인 설명이 있다면 작성해 주십시오.","long_text","[]","false","","{""departmentId"":""IP"",""topicId"":""COMMON""}","[]","기존 병목의 수정인지 별도 문제인지, 소관 후보·현재 대응·우선 이유를 설명. 없으면 없음으로 작성.","[""CCK-NOA"",""CTX-01"",""BOUNDARY-01""]","공통 설명·추가 의견"
"SURVEY-IP-COMMON-AX_EXPANSION_OPINION","v0.2","IP","검사기획처","COMMON","4","AX_EXPANSION_OPINION","현재 플랫폼을 확대한다면 어떤 업무의 어떤 결과를 우선 개선해야 합니까?","long_text","[]","false","","{""departmentId"":""IP"",""topicId"":""COMMON""}","[]","현재 기능 → 남는 어려움 → 필요한 새 능력 → 업무·역할 변화 → 기관/국민 편익. 확대 불필요·비AI 대안도 가능.","[""CCK-NOA"",""CTX-01"",""BOUNDARY-01""]","공통 설명·추가 의견"
"SURVEY-IP-COMMON-EXPANSION_LIMIT","v0.2","IP","검사기획처","COMMON","4","EXPANSION_LIMIT","별도 전문시스템이나 권한자의 판단에 남겨야 할 범위와 확대 제약은 무엇입니까?","long_text","[]","false","","{""departmentId"":""IP"",""topicId"":""COMMON""}","[]","공식 안전·자격·의료·처분·승인/지급 책임, 자료 이용·운영·비용 조건을 설명. 실행본 확인은 제품 담당 보충지 S01~S04와 연결.","[""CCK-NOA"",""CTX-01"",""BOUNDARY-01""]","공통 설명·추가 의견"
"SURVEY-SI-COMMON-ROLE","v0.2","SI","특수검사처","COMMON","2","ROLE","이번 의견을 작성하는 업무 역할은 무엇입니까?","single_choice","[{""code"":""WORK"",""label"":""업무 담당""},{""code"":""REVIEW"",""label"":""검토·승인""},{""code"":""PLANNING"",""label"":""기획·성과""},{""code"":""TECH"",""label"":""정보화·제품·운영""},{""code"":""SECURITY"",""label"":""자료·보안""},{""code"":""OTHER"",""label"":""그 밖의 역할""},{""code"":""UNKNOWN"",""label"":""역할 설명 보완 필요""}]","false","","{""departmentId"":""SI"",""topicId"":""COMMON""}","[]","실명·연락처 대신 역할만 작성. 담당 처는 해당 양식에서 지정.","[""CCK-NOA"",""CTX-01"",""BOUNDARY-01""]","공통 설명·추가 의견"
"SURVEY-SI-COMMON-POSITION","v0.2","SI","특수검사처","COMMON","2","POSITION","이 응답은 어떤 범위의 의견입니까?","single_choice","[{""code"":""INDIVIDUAL"",""label"":""개인의 업무 경험·의견""},{""code"":""CONSULTED"",""label"":""부서 내 확인을 거친 의견""},{""code"":""OFFICIAL"",""label"":""권한자가 확인한 공식 회신""},{""code"":""UNKNOWN"",""label"":""범위 미확인""}]","false","","{""departmentId"":""SI"",""topicId"":""COMMON""}","[]","공식 회신 선택만으로 도입·예산·자료 이용승인이 생기는 것은 아님. 확인 근거는 별도 검토.","[""CCK-NOA"",""CTX-01"",""BOUNDARY-01""]","공통 설명·추가 의견"
"SURVEY-SI-COMMON-CURRENT_USE","v0.2","SI","특수검사처","COMMON","2","CURRENT_USE","현재 NOA 또는 AI 공통플랫폼을 어떤 업무에 사용하거나 확인하고 있습니까? 사용하지 않거나 기능을 모르는 경우도 작성해 주십시오.","long_text","[]","false","","{""departmentId"":""SI"",""topicId"":""COMMON""}","[]","실제 사용 기능·업무·남는 어려움 중심. 제공된 제품 소개를 실제 설치본 기능으로 옮겨 적지 않음.","[""CCK-NOA"",""CTX-01"",""BOUNDARY-01""]","공통 설명·추가 의견"
"SURVEY-SI-SI-01-SCOPE_MATCH","v0.2","SI","특수검사처","SI-01","3","SCOPE_MATCH","제시한 업무·대상·처리단계가 귀 처의 실제 담당 범위와 일치합니까?","single_choice","[{""code"":""MATCH"",""label"":""일치""},{""code"":""PARTIAL"",""label"":""일부 수정 필요""},{""code"":""MISMATCH"",""label"":""현재 업무와 불일치""},{""code"":""OTHER_OWNER"",""label"":""다른 부서·기관 소관""},{""code"":""UNKNOWN"",""label"":""판단자료 부족""}]","false","","{""departmentId"":""SI"",""topicId"":""SI-01""}","[]","조직명 일치와 실제 수행·결정권한은 구분. 다른 소관이면 수정 의견만 선택 작성.","[""SI-E01"",""SI-E02"",""SI-L10""]","조사·기획 가설 · 현업 정합성/타당성 미확인"
"SURVEY-SI-SI-01-CURRENT_STATE","v0.2","SI","특수검사처","SI-01","3","CURRENT_STATE","제시한 병목이 현재 발생하는지 어떤 상태로 확인하고 있습니까?","single_choice","[{""code"":""OBSERVED"",""label"":""현재 발생 확인""},{""code"":""CONDITIONAL"",""label"":""특정 조건에서 발생 확인""},{""code"":""RESOLVED"",""label"":""과거 발생했으나 해결됨""},{""code"":""NO_PROBLEM_OBSERVED"",""label"":""확인한 범위에서 발생하지 않음""},{""code"":""NO_DIRECT_EXPERIENCE"",""label"":""직접 확인한 경험 없음""},{""code"":""UNKNOWN"",""label"":""확인 불가""}]","false","{""field"":""SCOPE_MATCH"",""notIn"":[""MISMATCH"",""OTHER_OWNER"",""UNKNOWN""]}","{""departmentId"":""SI"",""topicId"":""SI-01""}","[]","미관찰을 전체 문제 없음으로 확대하지 않음. 해결됨이면 해결 기능·시점·범위를 기록.","[""SI-E01"",""SI-E02"",""SI-L10""]","조사·기획 가설 · 현업 정합성/타당성 미확인"
"SURVEY-SI-SI-01-BOTTLENECK_VALIDITY","v0.2","SI","특수검사처","SI-01","3","BOTTLENECK_VALIDITY","제시한 병목 설명과 원인 가설이 실제 상황을 설명하는 데 타당합니까?","single_choice","[{""code"":""VALID"",""label"":""타당""},{""code"":""CONDITIONAL"",""label"":""조건부 타당""},{""code"":""INVALID"",""label"":""타당하지 않음""},{""code"":""UNKNOWN"",""label"":""판단자료 부족""}]","false","{""field"":""SCOPE_MATCH"",""notIn"":[""MISMATCH"",""OTHER_OWNER"",""UNKNOWN""]}","{""departmentId"":""SI"",""topicId"":""SI-01""}","[]","업무 담당 여부·현재 발생 상태·우선순위와 별도 판단. 제안 제품의 도입 찬반 질문이 아님.","[""SI-E01"",""SI-E02"",""SI-L10""]","조사·기획 가설 · 현업 정합성/타당성 미확인"
"SURVEY-SI-SI-01-VALIDITY_REASON","v0.2","SI","특수검사처","SI-01","3","VALIDITY_REASON","정합성·발생 상태·타당성 판단의 이유와 고쳐야 할 내용을 작성해 주십시오.","long_text","[]","false","","{""departmentId"":""SI"",""topicId"":""SI-01""}","[]","맞는 부분 / 다른 부분 / 다른 원인 / 수정할 병목 문장 / 추가 확인 순서로 작성. 불일치·자료 부족도 유효한 응답.","[""SI-E01"",""SI-E02"",""SI-L10""]","조사·기획 가설 · 현업 정합성/타당성 미확인"
"SURVEY-SI-SI-01-EVIDENCE_BASIS","v0.2","SI","특수검사처","SI-01","3","EVIDENCE_BASIS","판단에 사용한 근거는 무엇입니까?","multiple_choice","[{""code"":""EXPERIENCE"",""label"":""직접 처리 경험""},{""code"":""RECORD"",""label"":""기록·로그·문서""},{""code"":""EXPLANATION"",""label"":""다른 담당자의 설명""},{""code"":""PUBLIC"",""label"":""공개자료""},{""code"":""INFERENCE"",""label"":""추정·개인 의견""},{""code"":""NONE"",""label"":""별도 근거 미확보""}]","false","{""field"":""SCOPE_MATCH"",""notIn"":[""MISMATCH"",""OTHER_OWNER"",""UNKNOWN""]}","{""departmentId"":""SI"",""topicId"":""SI-01""}","[""NONE""]","경험과 기록은 함께 선택 가능. NONE은 다른 근거와 동시 선택하지 않음. 유형 선택만으로 검증 완료 처리하지 않음.","[""SI-E01"",""SI-E02"",""SI-L10""]","조사·기획 가설 · 현업 정합성/타당성 미확인"
"SURVEY-SI-SI-01-ACTUAL_CASE","v0.2","SI","특수검사처","SI-01","3","ACTUAL_CASE","공유 가능한 사례가 있다면 언제·어느 단계·누구에게 어떤 결과나 부담이 발생했는지 작성해 주십시오.","long_text","[]","false","{""all"":[{""field"":""SCOPE_MATCH"",""notIn"":[""MISMATCH"",""OTHER_OWNER"",""UNKNOWN""]},{""field"":""CURRENT_STATE"",""in"":[""OBSERVED"",""CONDITIONAL""]}]}","{""departmentId"":""SI"",""topicId"":""SI-01""}","[]","가명 사건 유형·기간·빈도 근거·영향·현재 대응만 작성. 이름·차량번호·연락처·질병정보·원문 민원은 입력하지 않음. 수치는 실측/집계/추정을 구분.","[""SI-E01"",""SI-E02"",""SI-L10""]","조사·기획 가설 · 현업 정합성/타당성 미확인"
"SURVEY-SI-SI-01-COUNTER_EVIDENCE","v0.2","SI","특수검사처","SI-01","3","COUNTER_EVIDENCE","문제 없이 완료했거나 제시한 설명과 다른 사례, 다른 원인이 있습니까?","long_text","[]","false","{""field"":""SCOPE_MATCH"",""notIn"":[""MISMATCH"",""OTHER_OWNER"",""UNKNOWN""]}","{""departmentId"":""SI"",""topicId"":""SI-01""}","[]","없음·직접 확인 못함도 작성 가능. 반대 사례와 소수 의견은 유지.","[""SI-E01"",""SI-E02"",""SI-L10""]","조사·기획 가설 · 현업 정합성/타당성 미확인"
"SURVEY-SI-SI-01-EXISTING_RESPONSE","v0.2","SI","특수검사처","SI-01","3","EXISTING_RESPONSE","현재 시스템·AI·서식·규칙·협의절차로 해결하는 부분과 남는 문제는 무엇입니까?","long_text","[]","false","{""field"":""SCOPE_MATCH"",""notIn"":[""MISMATCH"",""OTHER_OWNER"",""UNKNOWN""]}","{""departmentId"":""SI"",""topicId"":""SI-01""}","[]","이미 충분히 해결된다면 해당 기능·조건·해결 시점을 작성. 기존 계약·추진 중인 사업과 겹치는 범위도 설명.","[""SI-E01"",""SI-E02"",""SI-L10""]","조사·기획 가설 · 현업 정합성/타당성 미확인"
"SURVEY-SI-SI-01-IMPROVEMENT_METHOD","v0.2","SI","특수검사처","SI-01","3","IMPROVEMENT_METHOD","개선이 필요하다면 어떤 방식이 적절하다고 봅니까?","multiple_choice","[{""code"":""EXISTING"",""label"":""기존 기능·운영 개선""},{""code"":""DATA"",""label"":""자료·서식·식별키 정비""},{""code"":""RULE_API"",""label"":""정형 규칙·시스템 연계""},{""code"":""AI"",""label"":""NOA 등 AI 추가 적용""},{""code"":""INSTITUTION"",""label"":""인력·공급·재원·제도 개선""},{""code"":""NO_NEED"",""label"":""추가 개선 필요 없음""},{""code"":""UNKNOWN"",""label"":""판단자료 부족""}]","false","{""field"":""SCOPE_MATCH"",""notIn"":[""MISMATCH"",""OTHER_OWNER"",""UNKNOWN""]}","{""departmentId"":""SI"",""topicId"":""SI-01""}","[""NO_NEED"",""UNKNOWN""]","여러 개선 방식의 결합 가능. NO_NEED·UNKNOWN은 다른 방식과 동시에 선택하지 않음. AI 미선택 시 AI 세부 질문을 건너뜀.","[""SI-E01"",""SI-E02"",""SI-L10""]","조사·기획 가설 · 현업 정합성/타당성 미확인"
"SURVEY-SI-SI-01-AI_ADDED_VALUE","v0.2","SI","특수검사처","SI-01","3","AI_ADDED_VALUE","NOA 등 AI를 추가하면 기존 도구·정형 개선으로 달성하기 어려운 어떤 결과를 얻을 수 있습니까?","long_text","[]","false","{""all"":[{""field"":""SCOPE_MATCH"",""notIn"":[""MISMATCH"",""OTHER_OWNER"",""UNKNOWN""]},{""field"":""IMPROVEMENT_METHOD"",""includes"":""AI""}]}","{""departmentId"":""SI"",""topicId"":""SI-01""}","[]","기능 이름보다 달라질 판단·수행·국민/기업 결과를 작성. 기대와 실제 입증을 구분.","[""SI-E01"",""SI-E02"",""SI-L10""]","조사·기획 가설 · 현업 정합성/타당성 미확인"
"SURVEY-SI-SI-01-FEASIBILITY_CONDITIONS","v0.2","SI","특수검사처","SI-01","3","FEASIBILITY_CONDITIONS","추가 AI 적용을 위해 어떤 자료·연계·권한·전문 검수·운영조건을 확보해야 합니까?","long_text","[]","false","{""all"":[{""field"":""SCOPE_MATCH"",""notIn"":[""MISMATCH"",""OTHER_OWNER"",""UNKNOWN""]},{""field"":""IMPROVEMENT_METHOD"",""includes"":""AI""}]}","{""departmentId"":""SI"",""topicId"":""SI-01""}","[]","실제 설치본·사용권·기존 서버·조회/실행 경계·오류 복구·인수 역할 확인. 새로운 인프라 구매 없는 검토 전제.","[""SI-E01"",""SI-E02"",""SI-L10""]","조사·기획 가설 · 현업 정합성/타당성 미확인"
"SURVEY-SI-SI-01-RISK_AND_CONCERN","v0.2","SI","특수검사처","SI-01","3","RISK_AND_CONCERN","제안 방식이 오판·과다 보완·정보 노출·추가 업무·이용자 배제 등을 일으킬 조건은 무엇입니까?","long_text","[]","false","{""field"":""SCOPE_MATCH"",""notIn"":[""MISMATCH"",""OTHER_OWNER"",""UNKNOWN""]}","{""departmentId"":""SI"",""topicId"":""SI-01""}","[]","문제 없다고 단정하지 않고 예상·관찰·미확인을 구분. AI 이외 개선의 우려도 작성.","[""SI-E01"",""SI-E02"",""SI-L10""]","조사·기획 가설 · 현업 정합성/타당성 미확인"
"SURVEY-SI-SI-01-EFFECT_AND_MEASUREMENT","v0.2","SI","특수검사처","SI-01","3","EFFECT_AND_MEASUREMENT","제시한 효과 지표가 적절합니까? 실제 기록으로 확인할 결과와 측정하기 어려운 부분을 작성해 주십시오.","long_text","[]","false","{""field"":""SCOPE_MATCH"",""notIn"":[""MISMATCH"",""OTHER_OWNER"",""UNKNOWN""]}","{""departmentId"":""SI"",""topicId"":""SI-01""}","[]","분모·관측기간·비교조건·중요 오류·과잉처리·대기/활동시간을 구분. 개선율·목표값을 임의로 만들지 않음.","[""SI-E01"",""SI-E02"",""SI-L10""]","조사·기획 가설 · 현업 정합성/타당성 미확인"
"SURVEY-SI-SI-01-ALTERNATIVE_PROPOSAL","v0.2","SI","특수검사처","SI-01","3","ALTERNATIVE_PROPOSAL","제안된 CCK 적용 방법을 수정·축소·제외하거나 다른 방법으로 해결할 의견이 있습니까?","long_text","[]","false","{""field"":""SCOPE_MATCH"",""notIn"":[""MISMATCH"",""OTHER_OWNER"",""UNKNOWN""]}","{""departmentId"":""SI"",""topicId"":""SI-01""}","[]","기존 기능으로 충분 / 정형 개선 우선 / 책임·권한 문제 / 대안과 필요한 조건 등 자유 작성.","[""SI-E01"",""SI-E02"",""SI-L10""]","조사·기획 가설 · 현업 정합성/타당성 미확인"
"SURVEY-SI-SI-01-PRIORITY_REASON","v0.2","SI","특수검사처","SI-01","3","PRIORITY_REASON","이 문제를 다른 업무와 비교하여 왜 먼저 검토하거나 뒤로 미루어야 합니까?","long_text","[]","false","{""field"":""SCOPE_MATCH"",""notIn"":[""MISMATCH"",""OTHER_OWNER"",""UNKNOWN""]}","{""departmentId"":""SI"",""topicId"":""SI-01""}","[]","안전·국민/기업 편익·빈도·심각도·가용 자료·실행조건을 근거로 설명. 개선 필요 없음도 가능. 자동 점수 합산으로 사업 선정하지 않음.","[""SI-E01"",""SI-E02"",""SI-L10""]","조사·기획 가설 · 현업 정합성/타당성 미확인"
"SURVEY-SI-COMMON-OTHER_WORK_DIFFICULTY","v0.2","SI","특수검사처","COMMON","4","OTHER_WORK_DIFFICULTY","제시된 병목 외에 업무처리나 정확한 판단을 어렵게 만드는 지점은 무엇입니까?","long_text","[]","false","","{""departmentId"":""SI"",""topicId"":""COMMON""}","[]","업무 / 발생 단계 / 대상 / 현재 대응 / 남는 문제 / 근거를 작성. 없음·담당 아님·미확인도 명시 가능.","[""CCK-NOA"",""CTX-01"",""BOUNDARY-01""]","공통 설명·추가 의견"
"SURVEY-SI-COMMON-PUBLIC_SERVICE_ISSUE","v0.2","SI","특수검사처","COMMON","4","PUBLIC_SERVICE_ISSUE","국민·기업이 안전·검사·자격·교통 서비스를 이용할 때 추가로 겪는 불편이나 권익 문제는 무엇입니까?","long_text","[]","false","","{""departmentId"":""SI"",""topicId"":""COMMON""}","[]","대상자 / 원하는 결과 / 현재 경로 / 반복 설명·보완·방문·접근성 / 확인 근거. 현업의 추정과 이용자의 직접 의견을 구분.","[""CCK-NOA"",""CTX-01"",""BOUNDARY-01""]","공통 설명·추가 의견"
"SURVEY-SI-COMMON-NEW_PROBLEM","v0.2","SI","특수검사처","COMMON","4","NEW_PROBLEM","이번 조사에서 빠진 문제나 다른 원인 설명이 있다면 작성해 주십시오.","long_text","[]","false","","{""departmentId"":""SI"",""topicId"":""COMMON""}","[]","기존 병목의 수정인지 별도 문제인지, 소관 후보·현재 대응·우선 이유를 설명. 없으면 없음으로 작성.","[""CCK-NOA"",""CTX-01"",""BOUNDARY-01""]","공통 설명·추가 의견"
"SURVEY-SI-COMMON-AX_EXPANSION_OPINION","v0.2","SI","특수검사처","COMMON","4","AX_EXPANSION_OPINION","현재 플랫폼을 확대한다면 어떤 업무의 어떤 결과를 우선 개선해야 합니까?","long_text","[]","false","","{""departmentId"":""SI"",""topicId"":""COMMON""}","[]","현재 기능 → 남는 어려움 → 필요한 새 능력 → 업무·역할 변화 → 기관/국민 편익. 확대 불필요·비AI 대안도 가능.","[""CCK-NOA"",""CTX-01"",""BOUNDARY-01""]","공통 설명·추가 의견"
"SURVEY-SI-COMMON-EXPANSION_LIMIT","v0.2","SI","특수검사처","COMMON","4","EXPANSION_LIMIT","별도 전문시스템이나 권한자의 판단에 남겨야 할 범위와 확대 제약은 무엇입니까?","long_text","[]","false","","{""departmentId"":""SI"",""topicId"":""COMMON""}","[]","공식 안전·자격·의료·처분·승인/지급 책임, 자료 이용·운영·비용 조건을 설명. 실행본 확인은 제품 담당 보충지 S01~S04와 연결.","[""CCK-NOA"",""CTX-01"",""BOUNDARY-01""]","공통 설명·추가 의견"
"SURVEY-PK-COMMON-ROLE","v0.2","PK","주차안전처","COMMON","2","ROLE","이번 의견을 작성하는 업무 역할은 무엇입니까?","single_choice","[{""code"":""WORK"",""label"":""업무 담당""},{""code"":""REVIEW"",""label"":""검토·승인""},{""code"":""PLANNING"",""label"":""기획·성과""},{""code"":""TECH"",""label"":""정보화·제품·운영""},{""code"":""SECURITY"",""label"":""자료·보안""},{""code"":""OTHER"",""label"":""그 밖의 역할""},{""code"":""UNKNOWN"",""label"":""역할 설명 보완 필요""}]","false","","{""departmentId"":""PK"",""topicId"":""COMMON""}","[]","실명·연락처 대신 역할만 작성. 담당 처는 해당 양식에서 지정.","[""CCK-NOA"",""CTX-01"",""BOUNDARY-01""]","공통 설명·추가 의견"
"SURVEY-PK-COMMON-POSITION","v0.2","PK","주차안전처","COMMON","2","POSITION","이 응답은 어떤 범위의 의견입니까?","single_choice","[{""code"":""INDIVIDUAL"",""label"":""개인의 업무 경험·의견""},{""code"":""CONSULTED"",""label"":""부서 내 확인을 거친 의견""},{""code"":""OFFICIAL"",""label"":""권한자가 확인한 공식 회신""},{""code"":""UNKNOWN"",""label"":""범위 미확인""}]","false","","{""departmentId"":""PK"",""topicId"":""COMMON""}","[]","공식 회신 선택만으로 도입·예산·자료 이용승인이 생기는 것은 아님. 확인 근거는 별도 검토.","[""CCK-NOA"",""CTX-01"",""BOUNDARY-01""]","공통 설명·추가 의견"
"SURVEY-PK-COMMON-CURRENT_USE","v0.2","PK","주차안전처","COMMON","2","CURRENT_USE","현재 NOA 또는 AI 공통플랫폼을 어떤 업무에 사용하거나 확인하고 있습니까? 사용하지 않거나 기능을 모르는 경우도 작성해 주십시오.","long_text","[]","false","","{""departmentId"":""PK"",""topicId"":""COMMON""}","[]","실제 사용 기능·업무·남는 어려움 중심. 제공된 제품 소개를 실제 설치본 기능으로 옮겨 적지 않음.","[""CCK-NOA"",""CTX-01"",""BOUNDARY-01""]","공통 설명·추가 의견"
"SURVEY-PK-PK-01-SCOPE_MATCH","v0.2","PK","주차안전처","PK-01","3","SCOPE_MATCH","제시한 업무·대상·처리단계가 귀 처의 실제 담당 범위와 일치합니까?","single_choice","[{""code"":""MATCH"",""label"":""일치""},{""code"":""PARTIAL"",""label"":""일부 수정 필요""},{""code"":""MISMATCH"",""label"":""현재 업무와 불일치""},{""code"":""OTHER_OWNER"",""label"":""다른 부서·기관 소관""},{""code"":""UNKNOWN"",""label"":""판단자료 부족""}]","false","","{""departmentId"":""PK"",""topicId"":""PK-01""}","[]","조직명 일치와 실제 수행·결정권한은 구분. 다른 소관이면 수정 의견만 선택 작성.","[""PK-22"",""PK-07"",""PK-23""]","조사·기획 가설 · 현업 정합성/타당성 미확인"
"SURVEY-PK-PK-01-CURRENT_STATE","v0.2","PK","주차안전처","PK-01","3","CURRENT_STATE","제시한 병목이 현재 발생하는지 어떤 상태로 확인하고 있습니까?","single_choice","[{""code"":""OBSERVED"",""label"":""현재 발생 확인""},{""code"":""CONDITIONAL"",""label"":""특정 조건에서 발생 확인""},{""code"":""RESOLVED"",""label"":""과거 발생했으나 해결됨""},{""code"":""NO_PROBLEM_OBSERVED"",""label"":""확인한 범위에서 발생하지 않음""},{""code"":""NO_DIRECT_EXPERIENCE"",""label"":""직접 확인한 경험 없음""},{""code"":""UNKNOWN"",""label"":""확인 불가""}]","false","{""field"":""SCOPE_MATCH"",""notIn"":[""MISMATCH"",""OTHER_OWNER"",""UNKNOWN""]}","{""departmentId"":""PK"",""topicId"":""PK-01""}","[]","미관찰을 전체 문제 없음으로 확대하지 않음. 해결됨이면 해결 기능·시점·범위를 기록.","[""PK-22"",""PK-07"",""PK-23""]","조사·기획 가설 · 현업 정합성/타당성 미확인"
"SURVEY-PK-PK-01-BOTTLENECK_VALIDITY","v0.2","PK","주차안전처","PK-01","3","BOTTLENECK_VALIDITY","제시한 병목 설명과 원인 가설이 실제 상황을 설명하는 데 타당합니까?","single_choice","[{""code"":""VALID"",""label"":""타당""},{""code"":""CONDITIONAL"",""label"":""조건부 타당""},{""code"":""INVALID"",""label"":""타당하지 않음""},{""code"":""UNKNOWN"",""label"":""판단자료 부족""}]","false","{""field"":""SCOPE_MATCH"",""notIn"":[""MISMATCH"",""OTHER_OWNER"",""UNKNOWN""]}","{""departmentId"":""PK"",""topicId"":""PK-01""}","[]","업무 담당 여부·현재 발생 상태·우선순위와 별도 판단. 제안 제품의 도입 찬반 질문이 아님.","[""PK-22"",""PK-07"",""PK-23""]","조사·기획 가설 · 현업 정합성/타당성 미확인"
"SURVEY-PK-PK-01-VALIDITY_REASON","v0.2","PK","주차안전처","PK-01","3","VALIDITY_REASON","정합성·발생 상태·타당성 판단의 이유와 고쳐야 할 내용을 작성해 주십시오.","long_text","[]","false","","{""departmentId"":""PK"",""topicId"":""PK-01""}","[]","맞는 부분 / 다른 부분 / 다른 원인 / 수정할 병목 문장 / 추가 확인 순서로 작성. 불일치·자료 부족도 유효한 응답.","[""PK-22"",""PK-07"",""PK-23""]","조사·기획 가설 · 현업 정합성/타당성 미확인"
"SURVEY-PK-PK-01-EVIDENCE_BASIS","v0.2","PK","주차안전처","PK-01","3","EVIDENCE_BASIS","판단에 사용한 근거는 무엇입니까?","multiple_choice","[{""code"":""EXPERIENCE"",""label"":""직접 처리 경험""},{""code"":""RECORD"",""label"":""기록·로그·문서""},{""code"":""EXPLANATION"",""label"":""다른 담당자의 설명""},{""code"":""PUBLIC"",""label"":""공개자료""},{""code"":""INFERENCE"",""label"":""추정·개인 의견""},{""code"":""NONE"",""label"":""별도 근거 미확보""}]","false","{""field"":""SCOPE_MATCH"",""notIn"":[""MISMATCH"",""OTHER_OWNER"",""UNKNOWN""]}","{""departmentId"":""PK"",""topicId"":""PK-01""}","[""NONE""]","경험과 기록은 함께 선택 가능. NONE은 다른 근거와 동시 선택하지 않음. 유형 선택만으로 검증 완료 처리하지 않음.","[""PK-22"",""PK-07"",""PK-23""]","조사·기획 가설 · 현업 정합성/타당성 미확인"
"SURVEY-PK-PK-01-ACTUAL_CASE","v0.2","PK","주차안전처","PK-01","3","ACTUAL_CASE","공유 가능한 사례가 있다면 언제·어느 단계·누구에게 어떤 결과나 부담이 발생했는지 작성해 주십시오.","long_text","[]","false","{""all"":[{""field"":""SCOPE_MATCH"",""notIn"":[""MISMATCH"",""OTHER_OWNER"",""UNKNOWN""]},{""field"":""CURRENT_STATE"",""in"":[""OBSERVED"",""CONDITIONAL""]}]}","{""departmentId"":""PK"",""topicId"":""PK-01""}","[]","가명 사건 유형·기간·빈도 근거·영향·현재 대응만 작성. 이름·차량번호·연락처·질병정보·원문 민원은 입력하지 않음. 수치는 실측/집계/추정을 구분.","[""PK-22"",""PK-07"",""PK-23""]","조사·기획 가설 · 현업 정합성/타당성 미확인"
"SURVEY-PK-PK-01-COUNTER_EVIDENCE","v0.2","PK","주차안전처","PK-01","3","COUNTER_EVIDENCE","문제 없이 완료했거나 제시한 설명과 다른 사례, 다른 원인이 있습니까?","long_text","[]","false","{""field"":""SCOPE_MATCH"",""notIn"":[""MISMATCH"",""OTHER_OWNER"",""UNKNOWN""]}","{""departmentId"":""PK"",""topicId"":""PK-01""}","[]","없음·직접 확인 못함도 작성 가능. 반대 사례와 소수 의견은 유지.","[""PK-22"",""PK-07"",""PK-23""]","조사·기획 가설 · 현업 정합성/타당성 미확인"
"SURVEY-PK-PK-01-EXISTING_RESPONSE","v0.2","PK","주차안전처","PK-01","3","EXISTING_RESPONSE","현재 시스템·AI·서식·규칙·협의절차로 해결하는 부분과 남는 문제는 무엇입니까?","long_text","[]","false","{""field"":""SCOPE_MATCH"",""notIn"":[""MISMATCH"",""OTHER_OWNER"",""UNKNOWN""]}","{""departmentId"":""PK"",""topicId"":""PK-01""}","[]","이미 충분히 해결된다면 해당 기능·조건·해결 시점을 작성. 기존 계약·추진 중인 사업과 겹치는 범위도 설명.","[""PK-22"",""PK-07"",""PK-23""]","조사·기획 가설 · 현업 정합성/타당성 미확인"
"SURVEY-PK-PK-01-IMPROVEMENT_METHOD","v0.2","PK","주차안전처","PK-01","3","IMPROVEMENT_METHOD","개선이 필요하다면 어떤 방식이 적절하다고 봅니까?","multiple_choice","[{""code"":""EXISTING"",""label"":""기존 기능·운영 개선""},{""code"":""DATA"",""label"":""자료·서식·식별키 정비""},{""code"":""RULE_API"",""label"":""정형 규칙·시스템 연계""},{""code"":""AI"",""label"":""NOA 등 AI 추가 적용""},{""code"":""INSTITUTION"",""label"":""인력·공급·재원·제도 개선""},{""code"":""NO_NEED"",""label"":""추가 개선 필요 없음""},{""code"":""UNKNOWN"",""label"":""판단자료 부족""}]","false","{""field"":""SCOPE_MATCH"",""notIn"":[""MISMATCH"",""OTHER_OWNER"",""UNKNOWN""]}","{""departmentId"":""PK"",""topicId"":""PK-01""}","[""NO_NEED"",""UNKNOWN""]","여러 개선 방식의 결합 가능. NO_NEED·UNKNOWN은 다른 방식과 동시에 선택하지 않음. AI 미선택 시 AI 세부 질문을 건너뜀.","[""PK-22"",""PK-07"",""PK-23""]","조사·기획 가설 · 현업 정합성/타당성 미확인"
"SURVEY-PK-PK-01-AI_ADDED_VALUE","v0.2","PK","주차안전처","PK-01","3","AI_ADDED_VALUE","NOA 등 AI를 추가하면 기존 도구·정형 개선으로 달성하기 어려운 어떤 결과를 얻을 수 있습니까?","long_text","[]","false","{""all"":[{""field"":""SCOPE_MATCH"",""notIn"":[""MISMATCH"",""OTHER_OWNER"",""UNKNOWN""]},{""field"":""IMPROVEMENT_METHOD"",""includes"":""AI""}]}","{""departmentId"":""PK"",""topicId"":""PK-01""}","[]","기능 이름보다 달라질 판단·수행·국민/기업 결과를 작성. 기대와 실제 입증을 구분.","[""PK-22"",""PK-07"",""PK-23""]","조사·기획 가설 · 현업 정합성/타당성 미확인"
"SURVEY-PK-PK-01-FEASIBILITY_CONDITIONS","v0.2","PK","주차안전처","PK-01","3","FEASIBILITY_CONDITIONS","추가 AI 적용을 위해 어떤 자료·연계·권한·전문 검수·운영조건을 확보해야 합니까?","long_text","[]","false","{""all"":[{""field"":""SCOPE_MATCH"",""notIn"":[""MISMATCH"",""OTHER_OWNER"",""UNKNOWN""]},{""field"":""IMPROVEMENT_METHOD"",""includes"":""AI""}]}","{""departmentId"":""PK"",""topicId"":""PK-01""}","[]","실제 설치본·사용권·기존 서버·조회/실행 경계·오류 복구·인수 역할 확인. 새로운 인프라 구매 없는 검토 전제.","[""PK-22"",""PK-07"",""PK-23""]","조사·기획 가설 · 현업 정합성/타당성 미확인"
"SURVEY-PK-PK-01-RISK_AND_CONCERN","v0.2","PK","주차안전처","PK-01","3","RISK_AND_CONCERN","제안 방식이 오판·과다 보완·정보 노출·추가 업무·이용자 배제 등을 일으킬 조건은 무엇입니까?","long_text","[]","false","{""field"":""SCOPE_MATCH"",""notIn"":[""MISMATCH"",""OTHER_OWNER"",""UNKNOWN""]}","{""departmentId"":""PK"",""topicId"":""PK-01""}","[]","문제 없다고 단정하지 않고 예상·관찰·미확인을 구분. AI 이외 개선의 우려도 작성.","[""PK-22"",""PK-07"",""PK-23""]","조사·기획 가설 · 현업 정합성/타당성 미확인"
"SURVEY-PK-PK-01-EFFECT_AND_MEASUREMENT","v0.2","PK","주차안전처","PK-01","3","EFFECT_AND_MEASUREMENT","제시한 효과 지표가 적절합니까? 실제 기록으로 확인할 결과와 측정하기 어려운 부분을 작성해 주십시오.","long_text","[]","false","{""field"":""SCOPE_MATCH"",""notIn"":[""MISMATCH"",""OTHER_OWNER"",""UNKNOWN""]}","{""departmentId"":""PK"",""topicId"":""PK-01""}","[]","분모·관측기간·비교조건·중요 오류·과잉처리·대기/활동시간을 구분. 개선율·목표값을 임의로 만들지 않음.","[""PK-22"",""PK-07"",""PK-23""]","조사·기획 가설 · 현업 정합성/타당성 미확인"
"SURVEY-PK-PK-01-ALTERNATIVE_PROPOSAL","v0.2","PK","주차안전처","PK-01","3","ALTERNATIVE_PROPOSAL","제안된 CCK 적용 방법을 수정·축소·제외하거나 다른 방법으로 해결할 의견이 있습니까?","long_text","[]","false","{""field"":""SCOPE_MATCH"",""notIn"":[""MISMATCH"",""OTHER_OWNER"",""UNKNOWN""]}","{""departmentId"":""PK"",""topicId"":""PK-01""}","[]","기존 기능으로 충분 / 정형 개선 우선 / 책임·권한 문제 / 대안과 필요한 조건 등 자유 작성.","[""PK-22"",""PK-07"",""PK-23""]","조사·기획 가설 · 현업 정합성/타당성 미확인"
"SURVEY-PK-PK-01-PRIORITY_REASON","v0.2","PK","주차안전처","PK-01","3","PRIORITY_REASON","이 문제를 다른 업무와 비교하여 왜 먼저 검토하거나 뒤로 미루어야 합니까?","long_text","[]","false","{""field"":""SCOPE_MATCH"",""notIn"":[""MISMATCH"",""OTHER_OWNER"",""UNKNOWN""]}","{""departmentId"":""PK"",""topicId"":""PK-01""}","[]","안전·국민/기업 편익·빈도·심각도·가용 자료·실행조건을 근거로 설명. 개선 필요 없음도 가능. 자동 점수 합산으로 사업 선정하지 않음.","[""PK-22"",""PK-07"",""PK-23""]","조사·기획 가설 · 현업 정합성/타당성 미확인"
"SURVEY-PK-COMMON-OTHER_WORK_DIFFICULTY","v0.2","PK","주차안전처","COMMON","4","OTHER_WORK_DIFFICULTY","제시된 병목 외에 업무처리나 정확한 판단을 어렵게 만드는 지점은 무엇입니까?","long_text","[]","false","","{""departmentId"":""PK"",""topicId"":""COMMON""}","[]","업무 / 발생 단계 / 대상 / 현재 대응 / 남는 문제 / 근거를 작성. 없음·담당 아님·미확인도 명시 가능.","[""CCK-NOA"",""CTX-01"",""BOUNDARY-01""]","공통 설명·추가 의견"
"SURVEY-PK-COMMON-PUBLIC_SERVICE_ISSUE","v0.2","PK","주차안전처","COMMON","4","PUBLIC_SERVICE_ISSUE","국민·기업이 안전·검사·자격·교통 서비스를 이용할 때 추가로 겪는 불편이나 권익 문제는 무엇입니까?","long_text","[]","false","","{""departmentId"":""PK"",""topicId"":""COMMON""}","[]","대상자 / 원하는 결과 / 현재 경로 / 반복 설명·보완·방문·접근성 / 확인 근거. 현업의 추정과 이용자의 직접 의견을 구분.","[""CCK-NOA"",""CTX-01"",""BOUNDARY-01""]","공통 설명·추가 의견"
"SURVEY-PK-COMMON-NEW_PROBLEM","v0.2","PK","주차안전처","COMMON","4","NEW_PROBLEM","이번 조사에서 빠진 문제나 다른 원인 설명이 있다면 작성해 주십시오.","long_text","[]","false","","{""departmentId"":""PK"",""topicId"":""COMMON""}","[]","기존 병목의 수정인지 별도 문제인지, 소관 후보·현재 대응·우선 이유를 설명. 없으면 없음으로 작성.","[""CCK-NOA"",""CTX-01"",""BOUNDARY-01""]","공통 설명·추가 의견"
"SURVEY-PK-COMMON-AX_EXPANSION_OPINION","v0.2","PK","주차안전처","COMMON","4","AX_EXPANSION_OPINION","현재 플랫폼을 확대한다면 어떤 업무의 어떤 결과를 우선 개선해야 합니까?","long_text","[]","false","","{""departmentId"":""PK"",""topicId"":""COMMON""}","[]","현재 기능 → 남는 어려움 → 필요한 새 능력 → 업무·역할 변화 → 기관/국민 편익. 확대 불필요·비AI 대안도 가능.","[""CCK-NOA"",""CTX-01"",""BOUNDARY-01""]","공통 설명·추가 의견"
"SURVEY-PK-COMMON-EXPANSION_LIMIT","v0.2","PK","주차안전처","COMMON","4","EXPANSION_LIMIT","별도 전문시스템이나 권한자의 판단에 남겨야 할 범위와 확대 제약은 무엇입니까?","long_text","[]","false","","{""departmentId"":""PK"",""topicId"":""COMMON""}","[]","공식 안전·자격·의료·처분·승인/지급 책임, 자료 이용·운영·비용 조건을 설명. 실행본 확인은 제품 담당 보충지 S01~S04와 연결.","[""CCK-NOA"",""CTX-01"",""BOUNDARY-01""]","공통 설명·추가 의견"
"SURVEY-AD-COMMON-ROLE","v0.2","AD","첨단검사전략처","COMMON","2","ROLE","이번 의견을 작성하는 업무 역할은 무엇입니까?","single_choice","[{""code"":""WORK"",""label"":""업무 담당""},{""code"":""REVIEW"",""label"":""검토·승인""},{""code"":""PLANNING"",""label"":""기획·성과""},{""code"":""TECH"",""label"":""정보화·제품·운영""},{""code"":""SECURITY"",""label"":""자료·보안""},{""code"":""OTHER"",""label"":""그 밖의 역할""},{""code"":""UNKNOWN"",""label"":""역할 설명 보완 필요""}]","false","","{""departmentId"":""AD"",""topicId"":""COMMON""}","[]","실명·연락처 대신 역할만 작성. 담당 처는 해당 양식에서 지정.","[""CCK-NOA"",""CTX-01"",""BOUNDARY-01""]","공통 설명·추가 의견"
"SURVEY-AD-COMMON-POSITION","v0.2","AD","첨단검사전략처","COMMON","2","POSITION","이 응답은 어떤 범위의 의견입니까?","single_choice","[{""code"":""INDIVIDUAL"",""label"":""개인의 업무 경험·의견""},{""code"":""CONSULTED"",""label"":""부서 내 확인을 거친 의견""},{""code"":""OFFICIAL"",""label"":""권한자가 확인한 공식 회신""},{""code"":""UNKNOWN"",""label"":""범위 미확인""}]","false","","{""departmentId"":""AD"",""topicId"":""COMMON""}","[]","공식 회신 선택만으로 도입·예산·자료 이용승인이 생기는 것은 아님. 확인 근거는 별도 검토.","[""CCK-NOA"",""CTX-01"",""BOUNDARY-01""]","공통 설명·추가 의견"
"SURVEY-AD-COMMON-CURRENT_USE","v0.2","AD","첨단검사전략처","COMMON","2","CURRENT_USE","현재 NOA 또는 AI 공통플랫폼을 어떤 업무에 사용하거나 확인하고 있습니까? 사용하지 않거나 기능을 모르는 경우도 작성해 주십시오.","long_text","[]","false","","{""departmentId"":""AD"",""topicId"":""COMMON""}","[]","실제 사용 기능·업무·남는 어려움 중심. 제공된 제품 소개를 실제 설치본 기능으로 옮겨 적지 않음.","[""CCK-NOA"",""CTX-01"",""BOUNDARY-01""]","공통 설명·추가 의견"
"SURVEY-AD-AD-01-SCOPE_MATCH","v0.2","AD","첨단검사전략처","AD-01","3","SCOPE_MATCH","제시한 업무·대상·처리단계가 귀 처의 실제 담당 범위와 일치합니까?","single_choice","[{""code"":""MATCH"",""label"":""일치""},{""code"":""PARTIAL"",""label"":""일부 수정 필요""},{""code"":""MISMATCH"",""label"":""현재 업무와 불일치""},{""code"":""OTHER_OWNER"",""label"":""다른 부서·기관 소관""},{""code"":""UNKNOWN"",""label"":""판단자료 부족""}]","false","","{""departmentId"":""AD"",""topicId"":""AD-01""}","[]","조직명 일치와 실제 수행·결정권한은 구분. 다른 소관이면 수정 의견만 선택 작성.","[""AD-E28"",""AD-E16"",""AD-E29""]","조사·기획 가설 · 현업 정합성/타당성 미확인"
"SURVEY-AD-AD-01-CURRENT_STATE","v0.2","AD","첨단검사전략처","AD-01","3","CURRENT_STATE","제시한 병목이 현재 발생하는지 어떤 상태로 확인하고 있습니까?","single_choice","[{""code"":""OBSERVED"",""label"":""현재 발생 확인""},{""code"":""CONDITIONAL"",""label"":""특정 조건에서 발생 확인""},{""code"":""RESOLVED"",""label"":""과거 발생했으나 해결됨""},{""code"":""NO_PROBLEM_OBSERVED"",""label"":""확인한 범위에서 발생하지 않음""},{""code"":""NO_DIRECT_EXPERIENCE"",""label"":""직접 확인한 경험 없음""},{""code"":""UNKNOWN"",""label"":""확인 불가""}]","false","{""field"":""SCOPE_MATCH"",""notIn"":[""MISMATCH"",""OTHER_OWNER"",""UNKNOWN""]}","{""departmentId"":""AD"",""topicId"":""AD-01""}","[]","미관찰을 전체 문제 없음으로 확대하지 않음. 해결됨이면 해결 기능·시점·범위를 기록.","[""AD-E28"",""AD-E16"",""AD-E29""]","조사·기획 가설 · 현업 정합성/타당성 미확인"
"SURVEY-AD-AD-01-BOTTLENECK_VALIDITY","v0.2","AD","첨단검사전략처","AD-01","3","BOTTLENECK_VALIDITY","제시한 병목 설명과 원인 가설이 실제 상황을 설명하는 데 타당합니까?","single_choice","[{""code"":""VALID"",""label"":""타당""},{""code"":""CONDITIONAL"",""label"":""조건부 타당""},{""code"":""INVALID"",""label"":""타당하지 않음""},{""code"":""UNKNOWN"",""label"":""판단자료 부족""}]","false","{""field"":""SCOPE_MATCH"",""notIn"":[""MISMATCH"",""OTHER_OWNER"",""UNKNOWN""]}","{""departmentId"":""AD"",""topicId"":""AD-01""}","[]","업무 담당 여부·현재 발생 상태·우선순위와 별도 판단. 제안 제품의 도입 찬반 질문이 아님.","[""AD-E28"",""AD-E16"",""AD-E29""]","조사·기획 가설 · 현업 정합성/타당성 미확인"
"SURVEY-AD-AD-01-VALIDITY_REASON","v0.2","AD","첨단검사전략처","AD-01","3","VALIDITY_REASON","정합성·발생 상태·타당성 판단의 이유와 고쳐야 할 내용을 작성해 주십시오.","long_text","[]","false","","{""departmentId"":""AD"",""topicId"":""AD-01""}","[]","맞는 부분 / 다른 부분 / 다른 원인 / 수정할 병목 문장 / 추가 확인 순서로 작성. 불일치·자료 부족도 유효한 응답.","[""AD-E28"",""AD-E16"",""AD-E29""]","조사·기획 가설 · 현업 정합성/타당성 미확인"
"SURVEY-AD-AD-01-EVIDENCE_BASIS","v0.2","AD","첨단검사전략처","AD-01","3","EVIDENCE_BASIS","판단에 사용한 근거는 무엇입니까?","multiple_choice","[{""code"":""EXPERIENCE"",""label"":""직접 처리 경험""},{""code"":""RECORD"",""label"":""기록·로그·문서""},{""code"":""EXPLANATION"",""label"":""다른 담당자의 설명""},{""code"":""PUBLIC"",""label"":""공개자료""},{""code"":""INFERENCE"",""label"":""추정·개인 의견""},{""code"":""NONE"",""label"":""별도 근거 미확보""}]","false","{""field"":""SCOPE_MATCH"",""notIn"":[""MISMATCH"",""OTHER_OWNER"",""UNKNOWN""]}","{""departmentId"":""AD"",""topicId"":""AD-01""}","[""NONE""]","경험과 기록은 함께 선택 가능. NONE은 다른 근거와 동시 선택하지 않음. 유형 선택만으로 검증 완료 처리하지 않음.","[""AD-E28"",""AD-E16"",""AD-E29""]","조사·기획 가설 · 현업 정합성/타당성 미확인"
"SURVEY-AD-AD-01-ACTUAL_CASE","v0.2","AD","첨단검사전략처","AD-01","3","ACTUAL_CASE","공유 가능한 사례가 있다면 언제·어느 단계·누구에게 어떤 결과나 부담이 발생했는지 작성해 주십시오.","long_text","[]","false","{""all"":[{""field"":""SCOPE_MATCH"",""notIn"":[""MISMATCH"",""OTHER_OWNER"",""UNKNOWN""]},{""field"":""CURRENT_STATE"",""in"":[""OBSERVED"",""CONDITIONAL""]}]}","{""departmentId"":""AD"",""topicId"":""AD-01""}","[]","가명 사건 유형·기간·빈도 근거·영향·현재 대응만 작성. 이름·차량번호·연락처·질병정보·원문 민원은 입력하지 않음. 수치는 실측/집계/추정을 구분.","[""AD-E28"",""AD-E16"",""AD-E29""]","조사·기획 가설 · 현업 정합성/타당성 미확인"
"SURVEY-AD-AD-01-COUNTER_EVIDENCE","v0.2","AD","첨단검사전략처","AD-01","3","COUNTER_EVIDENCE","문제 없이 완료했거나 제시한 설명과 다른 사례, 다른 원인이 있습니까?","long_text","[]","false","{""field"":""SCOPE_MATCH"",""notIn"":[""MISMATCH"",""OTHER_OWNER"",""UNKNOWN""]}","{""departmentId"":""AD"",""topicId"":""AD-01""}","[]","없음·직접 확인 못함도 작성 가능. 반대 사례와 소수 의견은 유지.","[""AD-E28"",""AD-E16"",""AD-E29""]","조사·기획 가설 · 현업 정합성/타당성 미확인"
"SURVEY-AD-AD-01-EXISTING_RESPONSE","v0.2","AD","첨단검사전략처","AD-01","3","EXISTING_RESPONSE","현재 시스템·AI·서식·규칙·협의절차로 해결하는 부분과 남는 문제는 무엇입니까?","long_text","[]","false","{""field"":""SCOPE_MATCH"",""notIn"":[""MISMATCH"",""OTHER_OWNER"",""UNKNOWN""]}","{""departmentId"":""AD"",""topicId"":""AD-01""}","[]","이미 충분히 해결된다면 해당 기능·조건·해결 시점을 작성. 기존 계약·추진 중인 사업과 겹치는 범위도 설명.","[""AD-E28"",""AD-E16"",""AD-E29""]","조사·기획 가설 · 현업 정합성/타당성 미확인"
"SURVEY-AD-AD-01-IMPROVEMENT_METHOD","v0.2","AD","첨단검사전략처","AD-01","3","IMPROVEMENT_METHOD","개선이 필요하다면 어떤 방식이 적절하다고 봅니까?","multiple_choice","[{""code"":""EXISTING"",""label"":""기존 기능·운영 개선""},{""code"":""DATA"",""label"":""자료·서식·식별키 정비""},{""code"":""RULE_API"",""label"":""정형 규칙·시스템 연계""},{""code"":""AI"",""label"":""NOA 등 AI 추가 적용""},{""code"":""INSTITUTION"",""label"":""인력·공급·재원·제도 개선""},{""code"":""NO_NEED"",""label"":""추가 개선 필요 없음""},{""code"":""UNKNOWN"",""label"":""판단자료 부족""}]","false","{""field"":""SCOPE_MATCH"",""notIn"":[""MISMATCH"",""OTHER_OWNER"",""UNKNOWN""]}","{""departmentId"":""AD"",""topicId"":""AD-01""}","[""NO_NEED"",""UNKNOWN""]","여러 개선 방식의 결합 가능. NO_NEED·UNKNOWN은 다른 방식과 동시에 선택하지 않음. AI 미선택 시 AI 세부 질문을 건너뜀.","[""AD-E28"",""AD-E16"",""AD-E29""]","조사·기획 가설 · 현업 정합성/타당성 미확인"
"SURVEY-AD-AD-01-AI_ADDED_VALUE","v0.2","AD","첨단검사전략처","AD-01","3","AI_ADDED_VALUE","NOA 등 AI를 추가하면 기존 도구·정형 개선으로 달성하기 어려운 어떤 결과를 얻을 수 있습니까?","long_text","[]","false","{""all"":[{""field"":""SCOPE_MATCH"",""notIn"":[""MISMATCH"",""OTHER_OWNER"",""UNKNOWN""]},{""field"":""IMPROVEMENT_METHOD"",""includes"":""AI""}]}","{""departmentId"":""AD"",""topicId"":""AD-01""}","[]","기능 이름보다 달라질 판단·수행·국민/기업 결과를 작성. 기대와 실제 입증을 구분.","[""AD-E28"",""AD-E16"",""AD-E29""]","조사·기획 가설 · 현업 정합성/타당성 미확인"
"SURVEY-AD-AD-01-FEASIBILITY_CONDITIONS","v0.2","AD","첨단검사전략처","AD-01","3","FEASIBILITY_CONDITIONS","추가 AI 적용을 위해 어떤 자료·연계·권한·전문 검수·운영조건을 확보해야 합니까?","long_text","[]","false","{""all"":[{""field"":""SCOPE_MATCH"",""notIn"":[""MISMATCH"",""OTHER_OWNER"",""UNKNOWN""]},{""field"":""IMPROVEMENT_METHOD"",""includes"":""AI""}]}","{""departmentId"":""AD"",""topicId"":""AD-01""}","[]","실제 설치본·사용권·기존 서버·조회/실행 경계·오류 복구·인수 역할 확인. 새로운 인프라 구매 없는 검토 전제.","[""AD-E28"",""AD-E16"",""AD-E29""]","조사·기획 가설 · 현업 정합성/타당성 미확인"
"SURVEY-AD-AD-01-RISK_AND_CONCERN","v0.2","AD","첨단검사전략처","AD-01","3","RISK_AND_CONCERN","제안 방식이 오판·과다 보완·정보 노출·추가 업무·이용자 배제 등을 일으킬 조건은 무엇입니까?","long_text","[]","false","{""field"":""SCOPE_MATCH"",""notIn"":[""MISMATCH"",""OTHER_OWNER"",""UNKNOWN""]}","{""departmentId"":""AD"",""topicId"":""AD-01""}","[]","문제 없다고 단정하지 않고 예상·관찰·미확인을 구분. AI 이외 개선의 우려도 작성.","[""AD-E28"",""AD-E16"",""AD-E29""]","조사·기획 가설 · 현업 정합성/타당성 미확인"
"SURVEY-AD-AD-01-EFFECT_AND_MEASUREMENT","v0.2","AD","첨단검사전략처","AD-01","3","EFFECT_AND_MEASUREMENT","제시한 효과 지표가 적절합니까? 실제 기록으로 확인할 결과와 측정하기 어려운 부분을 작성해 주십시오.","long_text","[]","false","{""field"":""SCOPE_MATCH"",""notIn"":[""MISMATCH"",""OTHER_OWNER"",""UNKNOWN""]}","{""departmentId"":""AD"",""topicId"":""AD-01""}","[]","분모·관측기간·비교조건·중요 오류·과잉처리·대기/활동시간을 구분. 개선율·목표값을 임의로 만들지 않음.","[""AD-E28"",""AD-E16"",""AD-E29""]","조사·기획 가설 · 현업 정합성/타당성 미확인"
"SURVEY-AD-AD-01-ALTERNATIVE_PROPOSAL","v0.2","AD","첨단검사전략처","AD-01","3","ALTERNATIVE_PROPOSAL","제안된 CCK 적용 방법을 수정·축소·제외하거나 다른 방법으로 해결할 의견이 있습니까?","long_text","[]","false","{""field"":""SCOPE_MATCH"",""notIn"":[""MISMATCH"",""OTHER_OWNER"",""UNKNOWN""]}","{""departmentId"":""AD"",""topicId"":""AD-01""}","[]","기존 기능으로 충분 / 정형 개선 우선 / 책임·권한 문제 / 대안과 필요한 조건 등 자유 작성.","[""AD-E28"",""AD-E16"",""AD-E29""]","조사·기획 가설 · 현업 정합성/타당성 미확인"
"SURVEY-AD-AD-01-PRIORITY_REASON","v0.2","AD","첨단검사전략처","AD-01","3","PRIORITY_REASON","이 문제를 다른 업무와 비교하여 왜 먼저 검토하거나 뒤로 미루어야 합니까?","long_text","[]","false","{""field"":""SCOPE_MATCH"",""notIn"":[""MISMATCH"",""OTHER_OWNER"",""UNKNOWN""]}","{""departmentId"":""AD"",""topicId"":""AD-01""}","[]","안전·국민/기업 편익·빈도·심각도·가용 자료·실행조건을 근거로 설명. 개선 필요 없음도 가능. 자동 점수 합산으로 사업 선정하지 않음.","[""AD-E28"",""AD-E16"",""AD-E29""]","조사·기획 가설 · 현업 정합성/타당성 미확인"
"SURVEY-AD-COMMON-OTHER_WORK_DIFFICULTY","v0.2","AD","첨단검사전략처","COMMON","4","OTHER_WORK_DIFFICULTY","제시된 병목 외에 업무처리나 정확한 판단을 어렵게 만드는 지점은 무엇입니까?","long_text","[]","false","","{""departmentId"":""AD"",""topicId"":""COMMON""}","[]","업무 / 발생 단계 / 대상 / 현재 대응 / 남는 문제 / 근거를 작성. 없음·담당 아님·미확인도 명시 가능.","[""CCK-NOA"",""CTX-01"",""BOUNDARY-01""]","공통 설명·추가 의견"
"SURVEY-AD-COMMON-PUBLIC_SERVICE_ISSUE","v0.2","AD","첨단검사전략처","COMMON","4","PUBLIC_SERVICE_ISSUE","국민·기업이 안전·검사·자격·교통 서비스를 이용할 때 추가로 겪는 불편이나 권익 문제는 무엇입니까?","long_text","[]","false","","{""departmentId"":""AD"",""topicId"":""COMMON""}","[]","대상자 / 원하는 결과 / 현재 경로 / 반복 설명·보완·방문·접근성 / 확인 근거. 현업의 추정과 이용자의 직접 의견을 구분.","[""CCK-NOA"",""CTX-01"",""BOUNDARY-01""]","공통 설명·추가 의견"
"SURVEY-AD-COMMON-NEW_PROBLEM","v0.2","AD","첨단검사전략처","COMMON","4","NEW_PROBLEM","이번 조사에서 빠진 문제나 다른 원인 설명이 있다면 작성해 주십시오.","long_text","[]","false","","{""departmentId"":""AD"",""topicId"":""COMMON""}","[]","기존 병목의 수정인지 별도 문제인지, 소관 후보·현재 대응·우선 이유를 설명. 없으면 없음으로 작성.","[""CCK-NOA"",""CTX-01"",""BOUNDARY-01""]","공통 설명·추가 의견"
"SURVEY-AD-COMMON-AX_EXPANSION_OPINION","v0.2","AD","첨단검사전략처","COMMON","4","AX_EXPANSION_OPINION","현재 플랫폼을 확대한다면 어떤 업무의 어떤 결과를 우선 개선해야 합니까?","long_text","[]","false","","{""departmentId"":""AD"",""topicId"":""COMMON""}","[]","현재 기능 → 남는 어려움 → 필요한 새 능력 → 업무·역할 변화 → 기관/국민 편익. 확대 불필요·비AI 대안도 가능.","[""CCK-NOA"",""CTX-01"",""BOUNDARY-01""]","공통 설명·추가 의견"
"SURVEY-AD-COMMON-EXPANSION_LIMIT","v0.2","AD","첨단검사전략처","COMMON","4","EXPANSION_LIMIT","별도 전문시스템이나 권한자의 판단에 남겨야 할 범위와 확대 제약은 무엇입니까?","long_text","[]","false","","{""departmentId"":""AD"",""topicId"":""COMMON""}","[]","공식 안전·자격·의료·처분·승인/지급 책임, 자료 이용·운영·비용 조건을 설명. 실행본 확인은 제품 담당 보충지 S01~S04와 연결.","[""CCK-NOA"",""CTX-01"",""BOUNDARY-01""]","공통 설명·추가 의견"
"SURVEY-RD-COMMON-ROLE","v0.2","RD","첨단연구개발처","COMMON","2","ROLE","이번 의견을 작성하는 업무 역할은 무엇입니까?","single_choice","[{""code"":""WORK"",""label"":""업무 담당""},{""code"":""REVIEW"",""label"":""검토·승인""},{""code"":""PLANNING"",""label"":""기획·성과""},{""code"":""TECH"",""label"":""정보화·제품·운영""},{""code"":""SECURITY"",""label"":""자료·보안""},{""code"":""OTHER"",""label"":""그 밖의 역할""},{""code"":""UNKNOWN"",""label"":""역할 설명 보완 필요""}]","false","","{""departmentId"":""RD"",""topicId"":""COMMON""}","[]","실명·연락처 대신 역할만 작성. 담당 처는 해당 양식에서 지정.","[""CCK-NOA"",""CTX-01"",""BOUNDARY-01""]","공통 설명·추가 의견"
"SURVEY-RD-COMMON-POSITION","v0.2","RD","첨단연구개발처","COMMON","2","POSITION","이 응답은 어떤 범위의 의견입니까?","single_choice","[{""code"":""INDIVIDUAL"",""label"":""개인의 업무 경험·의견""},{""code"":""CONSULTED"",""label"":""부서 내 확인을 거친 의견""},{""code"":""OFFICIAL"",""label"":""권한자가 확인한 공식 회신""},{""code"":""UNKNOWN"",""label"":""범위 미확인""}]","false","","{""departmentId"":""RD"",""topicId"":""COMMON""}","[]","공식 회신 선택만으로 도입·예산·자료 이용승인이 생기는 것은 아님. 확인 근거는 별도 검토.","[""CCK-NOA"",""CTX-01"",""BOUNDARY-01""]","공통 설명·추가 의견"
"SURVEY-RD-COMMON-CURRENT_USE","v0.2","RD","첨단연구개발처","COMMON","2","CURRENT_USE","현재 NOA 또는 AI 공통플랫폼을 어떤 업무에 사용하거나 확인하고 있습니까? 사용하지 않거나 기능을 모르는 경우도 작성해 주십시오.","long_text","[]","false","","{""departmentId"":""RD"",""topicId"":""COMMON""}","[]","실제 사용 기능·업무·남는 어려움 중심. 제공된 제품 소개를 실제 설치본 기능으로 옮겨 적지 않음.","[""CCK-NOA"",""CTX-01"",""BOUNDARY-01""]","공통 설명·추가 의견"
"SURVEY-RD-RD-01-SCOPE_MATCH","v0.2","RD","첨단연구개발처","RD-01","3","SCOPE_MATCH","제시한 업무·대상·처리단계가 귀 처의 실제 담당 범위와 일치합니까?","single_choice","[{""code"":""MATCH"",""label"":""일치""},{""code"":""PARTIAL"",""label"":""일부 수정 필요""},{""code"":""MISMATCH"",""label"":""현재 업무와 불일치""},{""code"":""OTHER_OWNER"",""label"":""다른 부서·기관 소관""},{""code"":""UNKNOWN"",""label"":""판단자료 부족""}]","false","","{""departmentId"":""RD"",""topicId"":""RD-01""}","[]","조직명 일치와 실제 수행·결정권한은 구분. 다른 소관이면 수정 의견만 선택 작성.","[""RD-E32"",""RD-E25"",""RD-E28"",""RD-E26"",""RD-E27""]","조사·기획 가설 · 현업 정합성/타당성 미확인"
"SURVEY-RD-RD-01-CURRENT_STATE","v0.2","RD","첨단연구개발처","RD-01","3","CURRENT_STATE","제시한 병목이 현재 발생하는지 어떤 상태로 확인하고 있습니까?","single_choice","[{""code"":""OBSERVED"",""label"":""현재 발생 확인""},{""code"":""CONDITIONAL"",""label"":""특정 조건에서 발생 확인""},{""code"":""RESOLVED"",""label"":""과거 발생했으나 해결됨""},{""code"":""NO_PROBLEM_OBSERVED"",""label"":""확인한 범위에서 발생하지 않음""},{""code"":""NO_DIRECT_EXPERIENCE"",""label"":""직접 확인한 경험 없음""},{""code"":""UNKNOWN"",""label"":""확인 불가""}]","false","{""field"":""SCOPE_MATCH"",""notIn"":[""MISMATCH"",""OTHER_OWNER"",""UNKNOWN""]}","{""departmentId"":""RD"",""topicId"":""RD-01""}","[]","미관찰을 전체 문제 없음으로 확대하지 않음. 해결됨이면 해결 기능·시점·범위를 기록.","[""RD-E32"",""RD-E25"",""RD-E28"",""RD-E26"",""RD-E27""]","조사·기획 가설 · 현업 정합성/타당성 미확인"
"SURVEY-RD-RD-01-BOTTLENECK_VALIDITY","v0.2","RD","첨단연구개발처","RD-01","3","BOTTLENECK_VALIDITY","제시한 병목 설명과 원인 가설이 실제 상황을 설명하는 데 타당합니까?","single_choice","[{""code"":""VALID"",""label"":""타당""},{""code"":""CONDITIONAL"",""label"":""조건부 타당""},{""code"":""INVALID"",""label"":""타당하지 않음""},{""code"":""UNKNOWN"",""label"":""판단자료 부족""}]","false","{""field"":""SCOPE_MATCH"",""notIn"":[""MISMATCH"",""OTHER_OWNER"",""UNKNOWN""]}","{""departmentId"":""RD"",""topicId"":""RD-01""}","[]","업무 담당 여부·현재 발생 상태·우선순위와 별도 판단. 제안 제품의 도입 찬반 질문이 아님.","[""RD-E32"",""RD-E25"",""RD-E28"",""RD-E26"",""RD-E27""]","조사·기획 가설 · 현업 정합성/타당성 미확인"
"SURVEY-RD-RD-01-VALIDITY_REASON","v0.2","RD","첨단연구개발처","RD-01","3","VALIDITY_REASON","정합성·발생 상태·타당성 판단의 이유와 고쳐야 할 내용을 작성해 주십시오.","long_text","[]","false","","{""departmentId"":""RD"",""topicId"":""RD-01""}","[]","맞는 부분 / 다른 부분 / 다른 원인 / 수정할 병목 문장 / 추가 확인 순서로 작성. 불일치·자료 부족도 유효한 응답.","[""RD-E32"",""RD-E25"",""RD-E28"",""RD-E26"",""RD-E27""]","조사·기획 가설 · 현업 정합성/타당성 미확인"
"SURVEY-RD-RD-01-EVIDENCE_BASIS","v0.2","RD","첨단연구개발처","RD-01","3","EVIDENCE_BASIS","판단에 사용한 근거는 무엇입니까?","multiple_choice","[{""code"":""EXPERIENCE"",""label"":""직접 처리 경험""},{""code"":""RECORD"",""label"":""기록·로그·문서""},{""code"":""EXPLANATION"",""label"":""다른 담당자의 설명""},{""code"":""PUBLIC"",""label"":""공개자료""},{""code"":""INFERENCE"",""label"":""추정·개인 의견""},{""code"":""NONE"",""label"":""별도 근거 미확보""}]","false","{""field"":""SCOPE_MATCH"",""notIn"":[""MISMATCH"",""OTHER_OWNER"",""UNKNOWN""]}","{""departmentId"":""RD"",""topicId"":""RD-01""}","[""NONE""]","경험과 기록은 함께 선택 가능. NONE은 다른 근거와 동시 선택하지 않음. 유형 선택만으로 검증 완료 처리하지 않음.","[""RD-E32"",""RD-E25"",""RD-E28"",""RD-E26"",""RD-E27""]","조사·기획 가설 · 현업 정합성/타당성 미확인"
"SURVEY-RD-RD-01-ACTUAL_CASE","v0.2","RD","첨단연구개발처","RD-01","3","ACTUAL_CASE","공유 가능한 사례가 있다면 언제·어느 단계·누구에게 어떤 결과나 부담이 발생했는지 작성해 주십시오.","long_text","[]","false","{""all"":[{""field"":""SCOPE_MATCH"",""notIn"":[""MISMATCH"",""OTHER_OWNER"",""UNKNOWN""]},{""field"":""CURRENT_STATE"",""in"":[""OBSERVED"",""CONDITIONAL""]}]}","{""departmentId"":""RD"",""topicId"":""RD-01""}","[]","가명 사건 유형·기간·빈도 근거·영향·현재 대응만 작성. 이름·차량번호·연락처·질병정보·원문 민원은 입력하지 않음. 수치는 실측/집계/추정을 구분.","[""RD-E32"",""RD-E25"",""RD-E28"",""RD-E26"",""RD-E27""]","조사·기획 가설 · 현업 정합성/타당성 미확인"
"SURVEY-RD-RD-01-COUNTER_EVIDENCE","v0.2","RD","첨단연구개발처","RD-01","3","COUNTER_EVIDENCE","문제 없이 완료했거나 제시한 설명과 다른 사례, 다른 원인이 있습니까?","long_text","[]","false","{""field"":""SCOPE_MATCH"",""notIn"":[""MISMATCH"",""OTHER_OWNER"",""UNKNOWN""]}","{""departmentId"":""RD"",""topicId"":""RD-01""}","[]","없음·직접 확인 못함도 작성 가능. 반대 사례와 소수 의견은 유지.","[""RD-E32"",""RD-E25"",""RD-E28"",""RD-E26"",""RD-E27""]","조사·기획 가설 · 현업 정합성/타당성 미확인"
"SURVEY-RD-RD-01-EXISTING_RESPONSE","v0.2","RD","첨단연구개발처","RD-01","3","EXISTING_RESPONSE","현재 시스템·AI·서식·규칙·협의절차로 해결하는 부분과 남는 문제는 무엇입니까?","long_text","[]","false","{""field"":""SCOPE_MATCH"",""notIn"":[""MISMATCH"",""OTHER_OWNER"",""UNKNOWN""]}","{""departmentId"":""RD"",""topicId"":""RD-01""}","[]","이미 충분히 해결된다면 해당 기능·조건·해결 시점을 작성. 기존 계약·추진 중인 사업과 겹치는 범위도 설명.","[""RD-E32"",""RD-E25"",""RD-E28"",""RD-E26"",""RD-E27""]","조사·기획 가설 · 현업 정합성/타당성 미확인"
"SURVEY-RD-RD-01-IMPROVEMENT_METHOD","v0.2","RD","첨단연구개발처","RD-01","3","IMPROVEMENT_METHOD","개선이 필요하다면 어떤 방식이 적절하다고 봅니까?","multiple_choice","[{""code"":""EXISTING"",""label"":""기존 기능·운영 개선""},{""code"":""DATA"",""label"":""자료·서식·식별키 정비""},{""code"":""RULE_API"",""label"":""정형 규칙·시스템 연계""},{""code"":""AI"",""label"":""NOA 등 AI 추가 적용""},{""code"":""INSTITUTION"",""label"":""인력·공급·재원·제도 개선""},{""code"":""NO_NEED"",""label"":""추가 개선 필요 없음""},{""code"":""UNKNOWN"",""label"":""판단자료 부족""}]","false","{""field"":""SCOPE_MATCH"",""notIn"":[""MISMATCH"",""OTHER_OWNER"",""UNKNOWN""]}","{""departmentId"":""RD"",""topicId"":""RD-01""}","[""NO_NEED"",""UNKNOWN""]","여러 개선 방식의 결합 가능. NO_NEED·UNKNOWN은 다른 방식과 동시에 선택하지 않음. AI 미선택 시 AI 세부 질문을 건너뜀.","[""RD-E32"",""RD-E25"",""RD-E28"",""RD-E26"",""RD-E27""]","조사·기획 가설 · 현업 정합성/타당성 미확인"
"SURVEY-RD-RD-01-AI_ADDED_VALUE","v0.2","RD","첨단연구개발처","RD-01","3","AI_ADDED_VALUE","NOA 등 AI를 추가하면 기존 도구·정형 개선으로 달성하기 어려운 어떤 결과를 얻을 수 있습니까?","long_text","[]","false","{""all"":[{""field"":""SCOPE_MATCH"",""notIn"":[""MISMATCH"",""OTHER_OWNER"",""UNKNOWN""]},{""field"":""IMPROVEMENT_METHOD"",""includes"":""AI""}]}","{""departmentId"":""RD"",""topicId"":""RD-01""}","[]","기능 이름보다 달라질 판단·수행·국민/기업 결과를 작성. 기대와 실제 입증을 구분.","[""RD-E32"",""RD-E25"",""RD-E28"",""RD-E26"",""RD-E27""]","조사·기획 가설 · 현업 정합성/타당성 미확인"
"SURVEY-RD-RD-01-FEASIBILITY_CONDITIONS","v0.2","RD","첨단연구개발처","RD-01","3","FEASIBILITY_CONDITIONS","추가 AI 적용을 위해 어떤 자료·연계·권한·전문 검수·운영조건을 확보해야 합니까?","long_text","[]","false","{""all"":[{""field"":""SCOPE_MATCH"",""notIn"":[""MISMATCH"",""OTHER_OWNER"",""UNKNOWN""]},{""field"":""IMPROVEMENT_METHOD"",""includes"":""AI""}]}","{""departmentId"":""RD"",""topicId"":""RD-01""}","[]","실제 설치본·사용권·기존 서버·조회/실행 경계·오류 복구·인수 역할 확인. 새로운 인프라 구매 없는 검토 전제.","[""RD-E32"",""RD-E25"",""RD-E28"",""RD-E26"",""RD-E27""]","조사·기획 가설 · 현업 정합성/타당성 미확인"
"SURVEY-RD-RD-01-RISK_AND_CONCERN","v0.2","RD","첨단연구개발처","RD-01","3","RISK_AND_CONCERN","제안 방식이 오판·과다 보완·정보 노출·추가 업무·이용자 배제 등을 일으킬 조건은 무엇입니까?","long_text","[]","false","{""field"":""SCOPE_MATCH"",""notIn"":[""MISMATCH"",""OTHER_OWNER"",""UNKNOWN""]}","{""departmentId"":""RD"",""topicId"":""RD-01""}","[]","문제 없다고 단정하지 않고 예상·관찰·미확인을 구분. AI 이외 개선의 우려도 작성.","[""RD-E32"",""RD-E25"",""RD-E28"",""RD-E26"",""RD-E27""]","조사·기획 가설 · 현업 정합성/타당성 미확인"
"SURVEY-RD-RD-01-EFFECT_AND_MEASUREMENT","v0.2","RD","첨단연구개발처","RD-01","3","EFFECT_AND_MEASUREMENT","제시한 효과 지표가 적절합니까? 실제 기록으로 확인할 결과와 측정하기 어려운 부분을 작성해 주십시오.","long_text","[]","false","{""field"":""SCOPE_MATCH"",""notIn"":[""MISMATCH"",""OTHER_OWNER"",""UNKNOWN""]}","{""departmentId"":""RD"",""topicId"":""RD-01""}","[]","분모·관측기간·비교조건·중요 오류·과잉처리·대기/활동시간을 구분. 개선율·목표값을 임의로 만들지 않음.","[""RD-E32"",""RD-E25"",""RD-E28"",""RD-E26"",""RD-E27""]","조사·기획 가설 · 현업 정합성/타당성 미확인"
"SURVEY-RD-RD-01-ALTERNATIVE_PROPOSAL","v0.2","RD","첨단연구개발처","RD-01","3","ALTERNATIVE_PROPOSAL","제안된 CCK 적용 방법을 수정·축소·제외하거나 다른 방법으로 해결할 의견이 있습니까?","long_text","[]","false","{""field"":""SCOPE_MATCH"",""notIn"":[""MISMATCH"",""OTHER_OWNER"",""UNKNOWN""]}","{""departmentId"":""RD"",""topicId"":""RD-01""}","[]","기존 기능으로 충분 / 정형 개선 우선 / 책임·권한 문제 / 대안과 필요한 조건 등 자유 작성.","[""RD-E32"",""RD-E25"",""RD-E28"",""RD-E26"",""RD-E27""]","조사·기획 가설 · 현업 정합성/타당성 미확인"
"SURVEY-RD-RD-01-PRIORITY_REASON","v0.2","RD","첨단연구개발처","RD-01","3","PRIORITY_REASON","이 문제를 다른 업무와 비교하여 왜 먼저 검토하거나 뒤로 미루어야 합니까?","long_text","[]","false","{""field"":""SCOPE_MATCH"",""notIn"":[""MISMATCH"",""OTHER_OWNER"",""UNKNOWN""]}","{""departmentId"":""RD"",""topicId"":""RD-01""}","[]","안전·국민/기업 편익·빈도·심각도·가용 자료·실행조건을 근거로 설명. 개선 필요 없음도 가능. 자동 점수 합산으로 사업 선정하지 않음.","[""RD-E32"",""RD-E25"",""RD-E28"",""RD-E26"",""RD-E27""]","조사·기획 가설 · 현업 정합성/타당성 미확인"
"SURVEY-RD-COMMON-OTHER_WORK_DIFFICULTY","v0.2","RD","첨단연구개발처","COMMON","4","OTHER_WORK_DIFFICULTY","제시된 병목 외에 업무처리나 정확한 판단을 어렵게 만드는 지점은 무엇입니까?","long_text","[]","false","","{""departmentId"":""RD"",""topicId"":""COMMON""}","[]","업무 / 발생 단계 / 대상 / 현재 대응 / 남는 문제 / 근거를 작성. 없음·담당 아님·미확인도 명시 가능.","[""CCK-NOA"",""CTX-01"",""BOUNDARY-01""]","공통 설명·추가 의견"
"SURVEY-RD-COMMON-PUBLIC_SERVICE_ISSUE","v0.2","RD","첨단연구개발처","COMMON","4","PUBLIC_SERVICE_ISSUE","국민·기업이 안전·검사·자격·교통 서비스를 이용할 때 추가로 겪는 불편이나 권익 문제는 무엇입니까?","long_text","[]","false","","{""departmentId"":""RD"",""topicId"":""COMMON""}","[]","대상자 / 원하는 결과 / 현재 경로 / 반복 설명·보완·방문·접근성 / 확인 근거. 현업의 추정과 이용자의 직접 의견을 구분.","[""CCK-NOA"",""CTX-01"",""BOUNDARY-01""]","공통 설명·추가 의견"
"SURVEY-RD-COMMON-NEW_PROBLEM","v0.2","RD","첨단연구개발처","COMMON","4","NEW_PROBLEM","이번 조사에서 빠진 문제나 다른 원인 설명이 있다면 작성해 주십시오.","long_text","[]","false","","{""departmentId"":""RD"",""topicId"":""COMMON""}","[]","기존 병목의 수정인지 별도 문제인지, 소관 후보·현재 대응·우선 이유를 설명. 없으면 없음으로 작성.","[""CCK-NOA"",""CTX-01"",""BOUNDARY-01""]","공통 설명·추가 의견"
"SURVEY-RD-COMMON-AX_EXPANSION_OPINION","v0.2","RD","첨단연구개발처","COMMON","4","AX_EXPANSION_OPINION","현재 플랫폼을 확대한다면 어떤 업무의 어떤 결과를 우선 개선해야 합니까?","long_text","[]","false","","{""departmentId"":""RD"",""topicId"":""COMMON""}","[]","현재 기능 → 남는 어려움 → 필요한 새 능력 → 업무·역할 변화 → 기관/국민 편익. 확대 불필요·비AI 대안도 가능.","[""CCK-NOA"",""CTX-01"",""BOUNDARY-01""]","공통 설명·추가 의견"
"SURVEY-RD-COMMON-EXPANSION_LIMIT","v0.2","RD","첨단연구개발처","COMMON","4","EXPANSION_LIMIT","별도 전문시스템이나 권한자의 판단에 남겨야 할 범위와 확대 제약은 무엇입니까?","long_text","[]","false","","{""departmentId"":""RD"",""topicId"":""COMMON""}","[]","공식 안전·자격·의료·처분·승인/지급 책임, 자료 이용·운영·비용 조건을 설명. 실행본 확인은 제품 담당 보충지 S01~S04와 연결.","[""CCK-NOA"",""CTX-01"",""BOUNDARY-01""]","공통 설명·추가 의견"
"SURVEY-EX14-COMMON-ROLE","v0.2","EX14","AI검사인프라처","COMMON","2","ROLE","이번 의견을 작성하는 업무 역할은 무엇입니까?","single_choice","[{""code"":""WORK"",""label"":""업무 담당""},{""code"":""REVIEW"",""label"":""검토·승인""},{""code"":""PLANNING"",""label"":""기획·성과""},{""code"":""TECH"",""label"":""정보화·제품·운영""},{""code"":""SECURITY"",""label"":""자료·보안""},{""code"":""OTHER"",""label"":""그 밖의 역할""},{""code"":""UNKNOWN"",""label"":""역할 설명 보완 필요""}]","false","","{""departmentId"":""EX14"",""topicId"":""COMMON""}","[]","실명·연락처 대신 역할만 작성. 담당 처는 해당 양식에서 지정.","[""CCK-NOA"",""CTX-01"",""BOUNDARY-01""]","공통 설명·추가 의견"
"SURVEY-EX14-COMMON-POSITION","v0.2","EX14","AI검사인프라처","COMMON","2","POSITION","이 응답은 어떤 범위의 의견입니까?","single_choice","[{""code"":""INDIVIDUAL"",""label"":""개인의 업무 경험·의견""},{""code"":""CONSULTED"",""label"":""부서 내 확인을 거친 의견""},{""code"":""OFFICIAL"",""label"":""권한자가 확인한 공식 회신""},{""code"":""UNKNOWN"",""label"":""범위 미확인""}]","false","","{""departmentId"":""EX14"",""topicId"":""COMMON""}","[]","공식 회신 선택만으로 도입·예산·자료 이용승인이 생기는 것은 아님. 확인 근거는 별도 검토.","[""CCK-NOA"",""CTX-01"",""BOUNDARY-01""]","공통 설명·추가 의견"
"SURVEY-EX14-COMMON-CURRENT_USE","v0.2","EX14","AI검사인프라처","COMMON","2","CURRENT_USE","현재 NOA 또는 AI 공통플랫폼을 어떤 업무에 사용하거나 확인하고 있습니까? 사용하지 않거나 기능을 모르는 경우도 작성해 주십시오.","long_text","[]","false","","{""departmentId"":""EX14"",""topicId"":""COMMON""}","[]","실제 사용 기능·업무·남는 어려움 중심. 제공된 제품 소개를 실제 설치본 기능으로 옮겨 적지 않음.","[""CCK-NOA"",""CTX-01"",""BOUNDARY-01""]","공통 설명·추가 의견"
"SURVEY-EX14-EX14-01-SCOPE_MATCH","v0.2","EX14","AI검사인프라처","EX14-01","3","SCOPE_MATCH","제시한 업무·대상·처리단계가 귀 처의 실제 담당 범위와 일치합니까?","single_choice","[{""code"":""MATCH"",""label"":""일치""},{""code"":""PARTIAL"",""label"":""일부 수정 필요""},{""code"":""MISMATCH"",""label"":""현재 업무와 불일치""},{""code"":""OTHER_OWNER"",""label"":""다른 부서·기관 소관""},{""code"":""UNKNOWN"",""label"":""판단자료 부족""}]","false","","{""departmentId"":""EX14"",""topicId"":""EX14-01""}","[]","조직명 일치와 실제 수행·결정권한은 구분. 다른 소관이면 수정 의견만 선택 작성.","[""inspection-data""]","조사·기획 가설 · 현업 정합성/타당성 미확인"
"SURVEY-EX14-EX14-01-CURRENT_STATE","v0.2","EX14","AI검사인프라처","EX14-01","3","CURRENT_STATE","제시한 병목이 현재 발생하는지 어떤 상태로 확인하고 있습니까?","single_choice","[{""code"":""OBSERVED"",""label"":""현재 발생 확인""},{""code"":""CONDITIONAL"",""label"":""특정 조건에서 발생 확인""},{""code"":""RESOLVED"",""label"":""과거 발생했으나 해결됨""},{""code"":""NO_PROBLEM_OBSERVED"",""label"":""확인한 범위에서 발생하지 않음""},{""code"":""NO_DIRECT_EXPERIENCE"",""label"":""직접 확인한 경험 없음""},{""code"":""UNKNOWN"",""label"":""확인 불가""}]","false","{""field"":""SCOPE_MATCH"",""notIn"":[""MISMATCH"",""OTHER_OWNER"",""UNKNOWN""]}","{""departmentId"":""EX14"",""topicId"":""EX14-01""}","[]","미관찰을 전체 문제 없음으로 확대하지 않음. 해결됨이면 해결 기능·시점·범위를 기록.","[""inspection-data""]","조사·기획 가설 · 현업 정합성/타당성 미확인"
"SURVEY-EX14-EX14-01-BOTTLENECK_VALIDITY","v0.2","EX14","AI검사인프라처","EX14-01","3","BOTTLENECK_VALIDITY","제시한 병목 설명과 원인 가설이 실제 상황을 설명하는 데 타당합니까?","single_choice","[{""code"":""VALID"",""label"":""타당""},{""code"":""CONDITIONAL"",""label"":""조건부 타당""},{""code"":""INVALID"",""label"":""타당하지 않음""},{""code"":""UNKNOWN"",""label"":""판단자료 부족""}]","false","{""field"":""SCOPE_MATCH"",""notIn"":[""MISMATCH"",""OTHER_OWNER"",""UNKNOWN""]}","{""departmentId"":""EX14"",""topicId"":""EX14-01""}","[]","업무 담당 여부·현재 발생 상태·우선순위와 별도 판단. 제안 제품의 도입 찬반 질문이 아님.","[""inspection-data""]","조사·기획 가설 · 현업 정합성/타당성 미확인"
"SURVEY-EX14-EX14-01-VALIDITY_REASON","v0.2","EX14","AI검사인프라처","EX14-01","3","VALIDITY_REASON","정합성·발생 상태·타당성 판단의 이유와 고쳐야 할 내용을 작성해 주십시오.","long_text","[]","false","","{""departmentId"":""EX14"",""topicId"":""EX14-01""}","[]","맞는 부분 / 다른 부분 / 다른 원인 / 수정할 병목 문장 / 추가 확인 순서로 작성. 불일치·자료 부족도 유효한 응답.","[""inspection-data""]","조사·기획 가설 · 현업 정합성/타당성 미확인"
"SURVEY-EX14-EX14-01-EVIDENCE_BASIS","v0.2","EX14","AI검사인프라처","EX14-01","3","EVIDENCE_BASIS","판단에 사용한 근거는 무엇입니까?","multiple_choice","[{""code"":""EXPERIENCE"",""label"":""직접 처리 경험""},{""code"":""RECORD"",""label"":""기록·로그·문서""},{""code"":""EXPLANATION"",""label"":""다른 담당자의 설명""},{""code"":""PUBLIC"",""label"":""공개자료""},{""code"":""INFERENCE"",""label"":""추정·개인 의견""},{""code"":""NONE"",""label"":""별도 근거 미확보""}]","false","{""field"":""SCOPE_MATCH"",""notIn"":[""MISMATCH"",""OTHER_OWNER"",""UNKNOWN""]}","{""departmentId"":""EX14"",""topicId"":""EX14-01""}","[""NONE""]","경험과 기록은 함께 선택 가능. NONE은 다른 근거와 동시 선택하지 않음. 유형 선택만으로 검증 완료 처리하지 않음.","[""inspection-data""]","조사·기획 가설 · 현업 정합성/타당성 미확인"
"SURVEY-EX14-EX14-01-ACTUAL_CASE","v0.2","EX14","AI검사인프라처","EX14-01","3","ACTUAL_CASE","공유 가능한 사례가 있다면 언제·어느 단계·누구에게 어떤 결과나 부담이 발생했는지 작성해 주십시오.","long_text","[]","false","{""all"":[{""field"":""SCOPE_MATCH"",""notIn"":[""MISMATCH"",""OTHER_OWNER"",""UNKNOWN""]},{""field"":""CURRENT_STATE"",""in"":[""OBSERVED"",""CONDITIONAL""]}]}","{""departmentId"":""EX14"",""topicId"":""EX14-01""}","[]","가명 사건 유형·기간·빈도 근거·영향·현재 대응만 작성. 이름·차량번호·연락처·질병정보·원문 민원은 입력하지 않음. 수치는 실측/집계/추정을 구분.","[""inspection-data""]","조사·기획 가설 · 현업 정합성/타당성 미확인"
"SURVEY-EX14-EX14-01-COUNTER_EVIDENCE","v0.2","EX14","AI검사인프라처","EX14-01","3","COUNTER_EVIDENCE","문제 없이 완료했거나 제시한 설명과 다른 사례, 다른 원인이 있습니까?","long_text","[]","false","{""field"":""SCOPE_MATCH"",""notIn"":[""MISMATCH"",""OTHER_OWNER"",""UNKNOWN""]}","{""departmentId"":""EX14"",""topicId"":""EX14-01""}","[]","없음·직접 확인 못함도 작성 가능. 반대 사례와 소수 의견은 유지.","[""inspection-data""]","조사·기획 가설 · 현업 정합성/타당성 미확인"
"SURVEY-EX14-EX14-01-EXISTING_RESPONSE","v0.2","EX14","AI검사인프라처","EX14-01","3","EXISTING_RESPONSE","현재 시스템·AI·서식·규칙·협의절차로 해결하는 부분과 남는 문제는 무엇입니까?","long_text","[]","false","{""field"":""SCOPE_MATCH"",""notIn"":[""MISMATCH"",""OTHER_OWNER"",""UNKNOWN""]}","{""departmentId"":""EX14"",""topicId"":""EX14-01""}","[]","이미 충분히 해결된다면 해당 기능·조건·해결 시점을 작성. 기존 계약·추진 중인 사업과 겹치는 범위도 설명.","[""inspection-data""]","조사·기획 가설 · 현업 정합성/타당성 미확인"
"SURVEY-EX14-EX14-01-IMPROVEMENT_METHOD","v0.2","EX14","AI검사인프라처","EX14-01","3","IMPROVEMENT_METHOD","개선이 필요하다면 어떤 방식이 적절하다고 봅니까?","multiple_choice","[{""code"":""EXISTING"",""label"":""기존 기능·운영 개선""},{""code"":""DATA"",""label"":""자료·서식·식별키 정비""},{""code"":""RULE_API"",""label"":""정형 규칙·시스템 연계""},{""code"":""AI"",""label"":""NOA 등 AI 추가 적용""},{""code"":""INSTITUTION"",""label"":""인력·공급·재원·제도 개선""},{""code"":""NO_NEED"",""label"":""추가 개선 필요 없음""},{""code"":""UNKNOWN"",""label"":""판단자료 부족""}]","false","{""field"":""SCOPE_MATCH"",""notIn"":[""MISMATCH"",""OTHER_OWNER"",""UNKNOWN""]}","{""departmentId"":""EX14"",""topicId"":""EX14-01""}","[""NO_NEED"",""UNKNOWN""]","여러 개선 방식의 결합 가능. NO_NEED·UNKNOWN은 다른 방식과 동시에 선택하지 않음. AI 미선택 시 AI 세부 질문을 건너뜀.","[""inspection-data""]","조사·기획 가설 · 현업 정합성/타당성 미확인"
"SURVEY-EX14-EX14-01-AI_ADDED_VALUE","v0.2","EX14","AI검사인프라처","EX14-01","3","AI_ADDED_VALUE","NOA 등 AI를 추가하면 기존 도구·정형 개선으로 달성하기 어려운 어떤 결과를 얻을 수 있습니까?","long_text","[]","false","{""all"":[{""field"":""SCOPE_MATCH"",""notIn"":[""MISMATCH"",""OTHER_OWNER"",""UNKNOWN""]},{""field"":""IMPROVEMENT_METHOD"",""includes"":""AI""}]}","{""departmentId"":""EX14"",""topicId"":""EX14-01""}","[]","기능 이름보다 달라질 판단·수행·국민/기업 결과를 작성. 기대와 실제 입증을 구분.","[""inspection-data""]","조사·기획 가설 · 현업 정합성/타당성 미확인"
"SURVEY-EX14-EX14-01-FEASIBILITY_CONDITIONS","v0.2","EX14","AI검사인프라처","EX14-01","3","FEASIBILITY_CONDITIONS","추가 AI 적용을 위해 어떤 자료·연계·권한·전문 검수·운영조건을 확보해야 합니까?","long_text","[]","false","{""all"":[{""field"":""SCOPE_MATCH"",""notIn"":[""MISMATCH"",""OTHER_OWNER"",""UNKNOWN""]},{""field"":""IMPROVEMENT_METHOD"",""includes"":""AI""}]}","{""departmentId"":""EX14"",""topicId"":""EX14-01""}","[]","실제 설치본·사용권·기존 서버·조회/실행 경계·오류 복구·인수 역할 확인. 새로운 인프라 구매 없는 검토 전제.","[""inspection-data""]","조사·기획 가설 · 현업 정합성/타당성 미확인"
"SURVEY-EX14-EX14-01-RISK_AND_CONCERN","v0.2","EX14","AI검사인프라처","EX14-01","3","RISK_AND_CONCERN","제안 방식이 오판·과다 보완·정보 노출·추가 업무·이용자 배제 등을 일으킬 조건은 무엇입니까?","long_text","[]","false","{""field"":""SCOPE_MATCH"",""notIn"":[""MISMATCH"",""OTHER_OWNER"",""UNKNOWN""]}","{""departmentId"":""EX14"",""topicId"":""EX14-01""}","[]","문제 없다고 단정하지 않고 예상·관찰·미확인을 구분. AI 이외 개선의 우려도 작성.","[""inspection-data""]","조사·기획 가설 · 현업 정합성/타당성 미확인"
"SURVEY-EX14-EX14-01-EFFECT_AND_MEASUREMENT","v0.2","EX14","AI검사인프라처","EX14-01","3","EFFECT_AND_MEASUREMENT","제시한 효과 지표가 적절합니까? 실제 기록으로 확인할 결과와 측정하기 어려운 부분을 작성해 주십시오.","long_text","[]","false","{""field"":""SCOPE_MATCH"",""notIn"":[""MISMATCH"",""OTHER_OWNER"",""UNKNOWN""]}","{""departmentId"":""EX14"",""topicId"":""EX14-01""}","[]","분모·관측기간·비교조건·중요 오류·과잉처리·대기/활동시간을 구분. 개선율·목표값을 임의로 만들지 않음.","[""inspection-data""]","조사·기획 가설 · 현업 정합성/타당성 미확인"
"SURVEY-EX14-EX14-01-ALTERNATIVE_PROPOSAL","v0.2","EX14","AI검사인프라처","EX14-01","3","ALTERNATIVE_PROPOSAL","제안된 CCK 적용 방법을 수정·축소·제외하거나 다른 방법으로 해결할 의견이 있습니까?","long_text","[]","false","{""field"":""SCOPE_MATCH"",""notIn"":[""MISMATCH"",""OTHER_OWNER"",""UNKNOWN""]}","{""departmentId"":""EX14"",""topicId"":""EX14-01""}","[]","기존 기능으로 충분 / 정형 개선 우선 / 책임·권한 문제 / 대안과 필요한 조건 등 자유 작성.","[""inspection-data""]","조사·기획 가설 · 현업 정합성/타당성 미확인"
"SURVEY-EX14-EX14-01-PRIORITY_REASON","v0.2","EX14","AI검사인프라처","EX14-01","3","PRIORITY_REASON","이 문제를 다른 업무와 비교하여 왜 먼저 검토하거나 뒤로 미루어야 합니까?","long_text","[]","false","{""field"":""SCOPE_MATCH"",""notIn"":[""MISMATCH"",""OTHER_OWNER"",""UNKNOWN""]}","{""departmentId"":""EX14"",""topicId"":""EX14-01""}","[]","안전·국민/기업 편익·빈도·심각도·가용 자료·실행조건을 근거로 설명. 개선 필요 없음도 가능. 자동 점수 합산으로 사업 선정하지 않음.","[""inspection-data""]","조사·기획 가설 · 현업 정합성/타당성 미확인"
"SURVEY-EX14-COMMON-OTHER_WORK_DIFFICULTY","v0.2","EX14","AI검사인프라처","COMMON","4","OTHER_WORK_DIFFICULTY","제시된 병목 외에 업무처리나 정확한 판단을 어렵게 만드는 지점은 무엇입니까?","long_text","[]","false","","{""departmentId"":""EX14"",""topicId"":""COMMON""}","[]","업무 / 발생 단계 / 대상 / 현재 대응 / 남는 문제 / 근거를 작성. 없음·담당 아님·미확인도 명시 가능.","[""CCK-NOA"",""CTX-01"",""BOUNDARY-01""]","공통 설명·추가 의견"
"SURVEY-EX14-COMMON-PUBLIC_SERVICE_ISSUE","v0.2","EX14","AI검사인프라처","COMMON","4","PUBLIC_SERVICE_ISSUE","국민·기업이 안전·검사·자격·교통 서비스를 이용할 때 추가로 겪는 불편이나 권익 문제는 무엇입니까?","long_text","[]","false","","{""departmentId"":""EX14"",""topicId"":""COMMON""}","[]","대상자 / 원하는 결과 / 현재 경로 / 반복 설명·보완·방문·접근성 / 확인 근거. 현업의 추정과 이용자의 직접 의견을 구분.","[""CCK-NOA"",""CTX-01"",""BOUNDARY-01""]","공통 설명·추가 의견"
"SURVEY-EX14-COMMON-NEW_PROBLEM","v0.2","EX14","AI검사인프라처","COMMON","4","NEW_PROBLEM","이번 조사에서 빠진 문제나 다른 원인 설명이 있다면 작성해 주십시오.","long_text","[]","false","","{""departmentId"":""EX14"",""topicId"":""COMMON""}","[]","기존 병목의 수정인지 별도 문제인지, 소관 후보·현재 대응·우선 이유를 설명. 없으면 없음으로 작성.","[""CCK-NOA"",""CTX-01"",""BOUNDARY-01""]","공통 설명·추가 의견"
"SURVEY-EX14-COMMON-AX_EXPANSION_OPINION","v0.2","EX14","AI검사인프라처","COMMON","4","AX_EXPANSION_OPINION","현재 플랫폼을 확대한다면 어떤 업무의 어떤 결과를 우선 개선해야 합니까?","long_text","[]","false","","{""departmentId"":""EX14"",""topicId"":""COMMON""}","[]","현재 기능 → 남는 어려움 → 필요한 새 능력 → 업무·역할 변화 → 기관/국민 편익. 확대 불필요·비AI 대안도 가능.","[""CCK-NOA"",""CTX-01"",""BOUNDARY-01""]","공통 설명·추가 의견"
"SURVEY-EX14-COMMON-EXPANSION_LIMIT","v0.2","EX14","AI검사인프라처","COMMON","4","EXPANSION_LIMIT","별도 전문시스템이나 권한자의 판단에 남겨야 할 범위와 확대 제약은 무엇입니까?","long_text","[]","false","","{""departmentId"":""EX14"",""topicId"":""COMMON""}","[]","공식 안전·자격·의료·처분·승인/지급 책임, 자료 이용·운영·비용 조건을 설명. 실행본 확인은 제품 담당 보충지 S01~S04와 연결.","[""CCK-NOA"",""CTX-01"",""BOUNDARY-01""]","공통 설명·추가 의견"
"SURVEY-EX15-COMMON-ROLE","v0.2","EX15","기술안전처","COMMON","2","ROLE","이번 의견을 작성하는 업무 역할은 무엇입니까?","single_choice","[{""code"":""WORK"",""label"":""업무 담당""},{""code"":""REVIEW"",""label"":""검토·승인""},{""code"":""PLANNING"",""label"":""기획·성과""},{""code"":""TECH"",""label"":""정보화·제품·운영""},{""code"":""SECURITY"",""label"":""자료·보안""},{""code"":""OTHER"",""label"":""그 밖의 역할""},{""code"":""UNKNOWN"",""label"":""역할 설명 보완 필요""}]","false","","{""departmentId"":""EX15"",""topicId"":""COMMON""}","[]","실명·연락처 대신 역할만 작성. 담당 처는 해당 양식에서 지정.","[""CCK-NOA"",""CTX-01"",""BOUNDARY-01""]","공통 설명·추가 의견"
"SURVEY-EX15-COMMON-POSITION","v0.2","EX15","기술안전처","COMMON","2","POSITION","이 응답은 어떤 범위의 의견입니까?","single_choice","[{""code"":""INDIVIDUAL"",""label"":""개인의 업무 경험·의견""},{""code"":""CONSULTED"",""label"":""부서 내 확인을 거친 의견""},{""code"":""OFFICIAL"",""label"":""권한자가 확인한 공식 회신""},{""code"":""UNKNOWN"",""label"":""범위 미확인""}]","false","","{""departmentId"":""EX15"",""topicId"":""COMMON""}","[]","공식 회신 선택만으로 도입·예산·자료 이용승인이 생기는 것은 아님. 확인 근거는 별도 검토.","[""CCK-NOA"",""CTX-01"",""BOUNDARY-01""]","공통 설명·추가 의견"
"SURVEY-EX15-COMMON-CURRENT_USE","v0.2","EX15","기술안전처","COMMON","2","CURRENT_USE","현재 NOA 또는 AI 공통플랫폼을 어떤 업무에 사용하거나 확인하고 있습니까? 사용하지 않거나 기능을 모르는 경우도 작성해 주십시오.","long_text","[]","false","","{""departmentId"":""EX15"",""topicId"":""COMMON""}","[]","실제 사용 기능·업무·남는 어려움 중심. 제공된 제품 소개를 실제 설치본 기능으로 옮겨 적지 않음.","[""CCK-NOA"",""CTX-01"",""BOUNDARY-01""]","공통 설명·추가 의견"
"SURVEY-EX15-EX15-01-SCOPE_MATCH","v0.2","EX15","기술안전처","EX15-01","3","SCOPE_MATCH","제시한 업무·대상·처리단계가 귀 처의 실제 담당 범위와 일치합니까?","single_choice","[{""code"":""MATCH"",""label"":""일치""},{""code"":""PARTIAL"",""label"":""일부 수정 필요""},{""code"":""MISMATCH"",""label"":""현재 업무와 불일치""},{""code"":""OTHER_OWNER"",""label"":""다른 부서·기관 소관""},{""code"":""UNKNOWN"",""label"":""판단자료 부족""}]","false","","{""departmentId"":""EX15"",""topicId"":""EX15-01""}","[]","조직명 일치와 실제 수행·결정권한은 구분. 다른 소관이면 수정 의견만 선택 작성.","[""enforcement"",""tuning-market""]","조사·기획 가설 · 현업 정합성/타당성 미확인"
"SURVEY-EX15-EX15-01-CURRENT_STATE","v0.2","EX15","기술안전처","EX15-01","3","CURRENT_STATE","제시한 병목이 현재 발생하는지 어떤 상태로 확인하고 있습니까?","single_choice","[{""code"":""OBSERVED"",""label"":""현재 발생 확인""},{""code"":""CONDITIONAL"",""label"":""특정 조건에서 발생 확인""},{""code"":""RESOLVED"",""label"":""과거 발생했으나 해결됨""},{""code"":""NO_PROBLEM_OBSERVED"",""label"":""확인한 범위에서 발생하지 않음""},{""code"":""NO_DIRECT_EXPERIENCE"",""label"":""직접 확인한 경험 없음""},{""code"":""UNKNOWN"",""label"":""확인 불가""}]","false","{""field"":""SCOPE_MATCH"",""notIn"":[""MISMATCH"",""OTHER_OWNER"",""UNKNOWN""]}","{""departmentId"":""EX15"",""topicId"":""EX15-01""}","[]","미관찰을 전체 문제 없음으로 확대하지 않음. 해결됨이면 해결 기능·시점·범위를 기록.","[""enforcement"",""tuning-market""]","조사·기획 가설 · 현업 정합성/타당성 미확인"
"SURVEY-EX15-EX15-01-BOTTLENECK_VALIDITY","v0.2","EX15","기술안전처","EX15-01","3","BOTTLENECK_VALIDITY","제시한 병목 설명과 원인 가설이 실제 상황을 설명하는 데 타당합니까?","single_choice","[{""code"":""VALID"",""label"":""타당""},{""code"":""CONDITIONAL"",""label"":""조건부 타당""},{""code"":""INVALID"",""label"":""타당하지 않음""},{""code"":""UNKNOWN"",""label"":""판단자료 부족""}]","false","{""field"":""SCOPE_MATCH"",""notIn"":[""MISMATCH"",""OTHER_OWNER"",""UNKNOWN""]}","{""departmentId"":""EX15"",""topicId"":""EX15-01""}","[]","업무 담당 여부·현재 발생 상태·우선순위와 별도 판단. 제안 제품의 도입 찬반 질문이 아님.","[""enforcement"",""tuning-market""]","조사·기획 가설 · 현업 정합성/타당성 미확인"
"SURVEY-EX15-EX15-01-VALIDITY_REASON","v0.2","EX15","기술안전처","EX15-01","3","VALIDITY_REASON","정합성·발생 상태·타당성 판단의 이유와 고쳐야 할 내용을 작성해 주십시오.","long_text","[]","false","","{""departmentId"":""EX15"",""topicId"":""EX15-01""}","[]","맞는 부분 / 다른 부분 / 다른 원인 / 수정할 병목 문장 / 추가 확인 순서로 작성. 불일치·자료 부족도 유효한 응답.","[""enforcement"",""tuning-market""]","조사·기획 가설 · 현업 정합성/타당성 미확인"
"SURVEY-EX15-EX15-01-EVIDENCE_BASIS","v0.2","EX15","기술안전처","EX15-01","3","EVIDENCE_BASIS","판단에 사용한 근거는 무엇입니까?","multiple_choice","[{""code"":""EXPERIENCE"",""label"":""직접 처리 경험""},{""code"":""RECORD"",""label"":""기록·로그·문서""},{""code"":""EXPLANATION"",""label"":""다른 담당자의 설명""},{""code"":""PUBLIC"",""label"":""공개자료""},{""code"":""INFERENCE"",""label"":""추정·개인 의견""},{""code"":""NONE"",""label"":""별도 근거 미확보""}]","false","{""field"":""SCOPE_MATCH"",""notIn"":[""MISMATCH"",""OTHER_OWNER"",""UNKNOWN""]}","{""departmentId"":""EX15"",""topicId"":""EX15-01""}","[""NONE""]","경험과 기록은 함께 선택 가능. NONE은 다른 근거와 동시 선택하지 않음. 유형 선택만으로 검증 완료 처리하지 않음.","[""enforcement"",""tuning-market""]","조사·기획 가설 · 현업 정합성/타당성 미확인"
"SURVEY-EX15-EX15-01-ACTUAL_CASE","v0.2","EX15","기술안전처","EX15-01","3","ACTUAL_CASE","공유 가능한 사례가 있다면 언제·어느 단계·누구에게 어떤 결과나 부담이 발생했는지 작성해 주십시오.","long_text","[]","false","{""all"":[{""field"":""SCOPE_MATCH"",""notIn"":[""MISMATCH"",""OTHER_OWNER"",""UNKNOWN""]},{""field"":""CURRENT_STATE"",""in"":[""OBSERVED"",""CONDITIONAL""]}]}","{""departmentId"":""EX15"",""topicId"":""EX15-01""}","[]","가명 사건 유형·기간·빈도 근거·영향·현재 대응만 작성. 이름·차량번호·연락처·질병정보·원문 민원은 입력하지 않음. 수치는 실측/집계/추정을 구분.","[""enforcement"",""tuning-market""]","조사·기획 가설 · 현업 정합성/타당성 미확인"
"SURVEY-EX15-EX15-01-COUNTER_EVIDENCE","v0.2","EX15","기술안전처","EX15-01","3","COUNTER_EVIDENCE","문제 없이 완료했거나 제시한 설명과 다른 사례, 다른 원인이 있습니까?","long_text","[]","false","{""field"":""SCOPE_MATCH"",""notIn"":[""MISMATCH"",""OTHER_OWNER"",""UNKNOWN""]}","{""departmentId"":""EX15"",""topicId"":""EX15-01""}","[]","없음·직접 확인 못함도 작성 가능. 반대 사례와 소수 의견은 유지.","[""enforcement"",""tuning-market""]","조사·기획 가설 · 현업 정합성/타당성 미확인"
"SURVEY-EX15-EX15-01-EXISTING_RESPONSE","v0.2","EX15","기술안전처","EX15-01","3","EXISTING_RESPONSE","현재 시스템·AI·서식·규칙·협의절차로 해결하는 부분과 남는 문제는 무엇입니까?","long_text","[]","false","{""field"":""SCOPE_MATCH"",""notIn"":[""MISMATCH"",""OTHER_OWNER"",""UNKNOWN""]}","{""departmentId"":""EX15"",""topicId"":""EX15-01""}","[]","이미 충분히 해결된다면 해당 기능·조건·해결 시점을 작성. 기존 계약·추진 중인 사업과 겹치는 범위도 설명.","[""enforcement"",""tuning-market""]","조사·기획 가설 · 현업 정합성/타당성 미확인"
"SURVEY-EX15-EX15-01-IMPROVEMENT_METHOD","v0.2","EX15","기술안전처","EX15-01","3","IMPROVEMENT_METHOD","개선이 필요하다면 어떤 방식이 적절하다고 봅니까?","multiple_choice","[{""code"":""EXISTING"",""label"":""기존 기능·운영 개선""},{""code"":""DATA"",""label"":""자료·서식·식별키 정비""},{""code"":""RULE_API"",""label"":""정형 규칙·시스템 연계""},{""code"":""AI"",""label"":""NOA 등 AI 추가 적용""},{""code"":""INSTITUTION"",""label"":""인력·공급·재원·제도 개선""},{""code"":""NO_NEED"",""label"":""추가 개선 필요 없음""},{""code"":""UNKNOWN"",""label"":""판단자료 부족""}]","false","{""field"":""SCOPE_MATCH"",""notIn"":[""MISMATCH"",""OTHER_OWNER"",""UNKNOWN""]}","{""departmentId"":""EX15"",""topicId"":""EX15-01""}","[""NO_NEED"",""UNKNOWN""]","여러 개선 방식의 결합 가능. NO_NEED·UNKNOWN은 다른 방식과 동시에 선택하지 않음. AI 미선택 시 AI 세부 질문을 건너뜀.","[""enforcement"",""tuning-market""]","조사·기획 가설 · 현업 정합성/타당성 미확인"
"SURVEY-EX15-EX15-01-AI_ADDED_VALUE","v0.2","EX15","기술안전처","EX15-01","3","AI_ADDED_VALUE","NOA 등 AI를 추가하면 기존 도구·정형 개선으로 달성하기 어려운 어떤 결과를 얻을 수 있습니까?","long_text","[]","false","{""all"":[{""field"":""SCOPE_MATCH"",""notIn"":[""MISMATCH"",""OTHER_OWNER"",""UNKNOWN""]},{""field"":""IMPROVEMENT_METHOD"",""includes"":""AI""}]}","{""departmentId"":""EX15"",""topicId"":""EX15-01""}","[]","기능 이름보다 달라질 판단·수행·국민/기업 결과를 작성. 기대와 실제 입증을 구분.","[""enforcement"",""tuning-market""]","조사·기획 가설 · 현업 정합성/타당성 미확인"
"SURVEY-EX15-EX15-01-FEASIBILITY_CONDITIONS","v0.2","EX15","기술안전처","EX15-01","3","FEASIBILITY_CONDITIONS","추가 AI 적용을 위해 어떤 자료·연계·권한·전문 검수·운영조건을 확보해야 합니까?","long_text","[]","false","{""all"":[{""field"":""SCOPE_MATCH"",""notIn"":[""MISMATCH"",""OTHER_OWNER"",""UNKNOWN""]},{""field"":""IMPROVEMENT_METHOD"",""includes"":""AI""}]}","{""departmentId"":""EX15"",""topicId"":""EX15-01""}","[]","실제 설치본·사용권·기존 서버·조회/실행 경계·오류 복구·인수 역할 확인. 새로운 인프라 구매 없는 검토 전제.","[""enforcement"",""tuning-market""]","조사·기획 가설 · 현업 정합성/타당성 미확인"
"SURVEY-EX15-EX15-01-RISK_AND_CONCERN","v0.2","EX15","기술안전처","EX15-01","3","RISK_AND_CONCERN","제안 방식이 오판·과다 보완·정보 노출·추가 업무·이용자 배제 등을 일으킬 조건은 무엇입니까?","long_text","[]","false","{""field"":""SCOPE_MATCH"",""notIn"":[""MISMATCH"",""OTHER_OWNER"",""UNKNOWN""]}","{""departmentId"":""EX15"",""topicId"":""EX15-01""}","[]","문제 없다고 단정하지 않고 예상·관찰·미확인을 구분. AI 이외 개선의 우려도 작성.","[""enforcement"",""tuning-market""]","조사·기획 가설 · 현업 정합성/타당성 미확인"
"SURVEY-EX15-EX15-01-EFFECT_AND_MEASUREMENT","v0.2","EX15","기술안전처","EX15-01","3","EFFECT_AND_MEASUREMENT","제시한 효과 지표가 적절합니까? 실제 기록으로 확인할 결과와 측정하기 어려운 부분을 작성해 주십시오.","long_text","[]","false","{""field"":""SCOPE_MATCH"",""notIn"":[""MISMATCH"",""OTHER_OWNER"",""UNKNOWN""]}","{""departmentId"":""EX15"",""topicId"":""EX15-01""}","[]","분모·관측기간·비교조건·중요 오류·과잉처리·대기/활동시간을 구분. 개선율·목표값을 임의로 만들지 않음.","[""enforcement"",""tuning-market""]","조사·기획 가설 · 현업 정합성/타당성 미확인"
"SURVEY-EX15-EX15-01-ALTERNATIVE_PROPOSAL","v0.2","EX15","기술안전처","EX15-01","3","ALTERNATIVE_PROPOSAL","제안된 CCK 적용 방법을 수정·축소·제외하거나 다른 방법으로 해결할 의견이 있습니까?","long_text","[]","false","{""field"":""SCOPE_MATCH"",""notIn"":[""MISMATCH"",""OTHER_OWNER"",""UNKNOWN""]}","{""departmentId"":""EX15"",""topicId"":""EX15-01""}","[]","기존 기능으로 충분 / 정형 개선 우선 / 책임·권한 문제 / 대안과 필요한 조건 등 자유 작성.","[""enforcement"",""tuning-market""]","조사·기획 가설 · 현업 정합성/타당성 미확인"
"SURVEY-EX15-EX15-01-PRIORITY_REASON","v0.2","EX15","기술안전처","EX15-01","3","PRIORITY_REASON","이 문제를 다른 업무와 비교하여 왜 먼저 검토하거나 뒤로 미루어야 합니까?","long_text","[]","false","{""field"":""SCOPE_MATCH"",""notIn"":[""MISMATCH"",""OTHER_OWNER"",""UNKNOWN""]}","{""departmentId"":""EX15"",""topicId"":""EX15-01""}","[]","안전·국민/기업 편익·빈도·심각도·가용 자료·실행조건을 근거로 설명. 개선 필요 없음도 가능. 자동 점수 합산으로 사업 선정하지 않음.","[""enforcement"",""tuning-market""]","조사·기획 가설 · 현업 정합성/타당성 미확인"
"SURVEY-EX15-COMMON-OTHER_WORK_DIFFICULTY","v0.2","EX15","기술안전처","COMMON","4","OTHER_WORK_DIFFICULTY","제시된 병목 외에 업무처리나 정확한 판단을 어렵게 만드는 지점은 무엇입니까?","long_text","[]","false","","{""departmentId"":""EX15"",""topicId"":""COMMON""}","[]","업무 / 발생 단계 / 대상 / 현재 대응 / 남는 문제 / 근거를 작성. 없음·담당 아님·미확인도 명시 가능.","[""CCK-NOA"",""CTX-01"",""BOUNDARY-01""]","공통 설명·추가 의견"
"SURVEY-EX15-COMMON-PUBLIC_SERVICE_ISSUE","v0.2","EX15","기술안전처","COMMON","4","PUBLIC_SERVICE_ISSUE","국민·기업이 안전·검사·자격·교통 서비스를 이용할 때 추가로 겪는 불편이나 권익 문제는 무엇입니까?","long_text","[]","false","","{""departmentId"":""EX15"",""topicId"":""COMMON""}","[]","대상자 / 원하는 결과 / 현재 경로 / 반복 설명·보완·방문·접근성 / 확인 근거. 현업의 추정과 이용자의 직접 의견을 구분.","[""CCK-NOA"",""CTX-01"",""BOUNDARY-01""]","공통 설명·추가 의견"
"SURVEY-EX15-COMMON-NEW_PROBLEM","v0.2","EX15","기술안전처","COMMON","4","NEW_PROBLEM","이번 조사에서 빠진 문제나 다른 원인 설명이 있다면 작성해 주십시오.","long_text","[]","false","","{""departmentId"":""EX15"",""topicId"":""COMMON""}","[]","기존 병목의 수정인지 별도 문제인지, 소관 후보·현재 대응·우선 이유를 설명. 없으면 없음으로 작성.","[""CCK-NOA"",""CTX-01"",""BOUNDARY-01""]","공통 설명·추가 의견"
"SURVEY-EX15-COMMON-AX_EXPANSION_OPINION","v0.2","EX15","기술안전처","COMMON","4","AX_EXPANSION_OPINION","현재 플랫폼을 확대한다면 어떤 업무의 어떤 결과를 우선 개선해야 합니까?","long_text","[]","false","","{""departmentId"":""EX15"",""topicId"":""COMMON""}","[]","현재 기능 → 남는 어려움 → 필요한 새 능력 → 업무·역할 변화 → 기관/국민 편익. 확대 불필요·비AI 대안도 가능.","[""CCK-NOA"",""CTX-01"",""BOUNDARY-01""]","공통 설명·추가 의견"
"SURVEY-EX15-COMMON-EXPANSION_LIMIT","v0.2","EX15","기술안전처","COMMON","4","EXPANSION_LIMIT","별도 전문시스템이나 권한자의 판단에 남겨야 할 범위와 확대 제약은 무엇입니까?","long_text","[]","false","","{""departmentId"":""EX15"",""topicId"":""COMMON""}","[]","공식 안전·자격·의료·처분·승인/지급 책임, 자료 이용·운영·비용 조건을 설명. 실행본 확인은 제품 담당 보충지 S01~S04와 연결.","[""CCK-NOA"",""CTX-01"",""BOUNDARY-01""]","공통 설명·추가 의견"
"SURVEY-EX16-COMMON-ROLE","v0.2","EX16","시험인증처","COMMON","2","ROLE","이번 의견을 작성하는 업무 역할은 무엇입니까?","single_choice","[{""code"":""WORK"",""label"":""업무 담당""},{""code"":""REVIEW"",""label"":""검토·승인""},{""code"":""PLANNING"",""label"":""기획·성과""},{""code"":""TECH"",""label"":""정보화·제품·운영""},{""code"":""SECURITY"",""label"":""자료·보안""},{""code"":""OTHER"",""label"":""그 밖의 역할""},{""code"":""UNKNOWN"",""label"":""역할 설명 보완 필요""}]","false","","{""departmentId"":""EX16"",""topicId"":""COMMON""}","[]","실명·연락처 대신 역할만 작성. 담당 처는 해당 양식에서 지정.","[""CCK-NOA"",""CTX-01"",""BOUNDARY-01""]","공통 설명·추가 의견"
"SURVEY-EX16-COMMON-POSITION","v0.2","EX16","시험인증처","COMMON","2","POSITION","이 응답은 어떤 범위의 의견입니까?","single_choice","[{""code"":""INDIVIDUAL"",""label"":""개인의 업무 경험·의견""},{""code"":""CONSULTED"",""label"":""부서 내 확인을 거친 의견""},{""code"":""OFFICIAL"",""label"":""권한자가 확인한 공식 회신""},{""code"":""UNKNOWN"",""label"":""범위 미확인""}]","false","","{""departmentId"":""EX16"",""topicId"":""COMMON""}","[]","공식 회신 선택만으로 도입·예산·자료 이용승인이 생기는 것은 아님. 확인 근거는 별도 검토.","[""CCK-NOA"",""CTX-01"",""BOUNDARY-01""]","공통 설명·추가 의견"
"SURVEY-EX16-COMMON-CURRENT_USE","v0.2","EX16","시험인증처","COMMON","2","CURRENT_USE","현재 NOA 또는 AI 공통플랫폼을 어떤 업무에 사용하거나 확인하고 있습니까? 사용하지 않거나 기능을 모르는 경우도 작성해 주십시오.","long_text","[]","false","","{""departmentId"":""EX16"",""topicId"":""COMMON""}","[]","실제 사용 기능·업무·남는 어려움 중심. 제공된 제품 소개를 실제 설치본 기능으로 옮겨 적지 않음.","[""CCK-NOA"",""CTX-01"",""BOUNDARY-01""]","공통 설명·추가 의견"
"SURVEY-EX16-EX16-01-SCOPE_MATCH","v0.2","EX16","시험인증처","EX16-01","3","SCOPE_MATCH","제시한 업무·대상·처리단계가 귀 처의 실제 담당 범위와 일치합니까?","single_choice","[{""code"":""MATCH"",""label"":""일치""},{""code"":""PARTIAL"",""label"":""일부 수정 필요""},{""code"":""MISMATCH"",""label"":""현재 업무와 불일치""},{""code"":""OTHER_OWNER"",""label"":""다른 부서·기관 소관""},{""code"":""UNKNOWN"",""label"":""판단자료 부족""}]","false","","{""departmentId"":""EX16"",""topicId"":""EX16-01""}","[]","조직명 일치와 실제 수행·결정권한은 구분. 다른 소관이면 수정 의견만 선택 작성.","[""parts-test""]","조사·기획 가설 · 현업 정합성/타당성 미확인"
"SURVEY-EX16-EX16-01-CURRENT_STATE","v0.2","EX16","시험인증처","EX16-01","3","CURRENT_STATE","제시한 병목이 현재 발생하는지 어떤 상태로 확인하고 있습니까?","single_choice","[{""code"":""OBSERVED"",""label"":""현재 발생 확인""},{""code"":""CONDITIONAL"",""label"":""특정 조건에서 발생 확인""},{""code"":""RESOLVED"",""label"":""과거 발생했으나 해결됨""},{""code"":""NO_PROBLEM_OBSERVED"",""label"":""확인한 범위에서 발생하지 않음""},{""code"":""NO_DIRECT_EXPERIENCE"",""label"":""직접 확인한 경험 없음""},{""code"":""UNKNOWN"",""label"":""확인 불가""}]","false","{""field"":""SCOPE_MATCH"",""notIn"":[""MISMATCH"",""OTHER_OWNER"",""UNKNOWN""]}","{""departmentId"":""EX16"",""topicId"":""EX16-01""}","[]","미관찰을 전체 문제 없음으로 확대하지 않음. 해결됨이면 해결 기능·시점·범위를 기록.","[""parts-test""]","조사·기획 가설 · 현업 정합성/타당성 미확인"
"SURVEY-EX16-EX16-01-BOTTLENECK_VALIDITY","v0.2","EX16","시험인증처","EX16-01","3","BOTTLENECK_VALIDITY","제시한 병목 설명과 원인 가설이 실제 상황을 설명하는 데 타당합니까?","single_choice","[{""code"":""VALID"",""label"":""타당""},{""code"":""CONDITIONAL"",""label"":""조건부 타당""},{""code"":""INVALID"",""label"":""타당하지 않음""},{""code"":""UNKNOWN"",""label"":""판단자료 부족""}]","false","{""field"":""SCOPE_MATCH"",""notIn"":[""MISMATCH"",""OTHER_OWNER"",""UNKNOWN""]}","{""departmentId"":""EX16"",""topicId"":""EX16-01""}","[]","업무 담당 여부·현재 발생 상태·우선순위와 별도 판단. 제안 제품의 도입 찬반 질문이 아님.","[""parts-test""]","조사·기획 가설 · 현업 정합성/타당성 미확인"
"SURVEY-EX16-EX16-01-VALIDITY_REASON","v0.2","EX16","시험인증처","EX16-01","3","VALIDITY_REASON","정합성·발생 상태·타당성 판단의 이유와 고쳐야 할 내용을 작성해 주십시오.","long_text","[]","false","","{""departmentId"":""EX16"",""topicId"":""EX16-01""}","[]","맞는 부분 / 다른 부분 / 다른 원인 / 수정할 병목 문장 / 추가 확인 순서로 작성. 불일치·자료 부족도 유효한 응답.","[""parts-test""]","조사·기획 가설 · 현업 정합성/타당성 미확인"
"SURVEY-EX16-EX16-01-EVIDENCE_BASIS","v0.2","EX16","시험인증처","EX16-01","3","EVIDENCE_BASIS","판단에 사용한 근거는 무엇입니까?","multiple_choice","[{""code"":""EXPERIENCE"",""label"":""직접 처리 경험""},{""code"":""RECORD"",""label"":""기록·로그·문서""},{""code"":""EXPLANATION"",""label"":""다른 담당자의 설명""},{""code"":""PUBLIC"",""label"":""공개자료""},{""code"":""INFERENCE"",""label"":""추정·개인 의견""},{""code"":""NONE"",""label"":""별도 근거 미확보""}]","false","{""field"":""SCOPE_MATCH"",""notIn"":[""MISMATCH"",""OTHER_OWNER"",""UNKNOWN""]}","{""departmentId"":""EX16"",""topicId"":""EX16-01""}","[""NONE""]","경험과 기록은 함께 선택 가능. NONE은 다른 근거와 동시 선택하지 않음. 유형 선택만으로 검증 완료 처리하지 않음.","[""parts-test""]","조사·기획 가설 · 현업 정합성/타당성 미확인"
"SURVEY-EX16-EX16-01-ACTUAL_CASE","v0.2","EX16","시험인증처","EX16-01","3","ACTUAL_CASE","공유 가능한 사례가 있다면 언제·어느 단계·누구에게 어떤 결과나 부담이 발생했는지 작성해 주십시오.","long_text","[]","false","{""all"":[{""field"":""SCOPE_MATCH"",""notIn"":[""MISMATCH"",""OTHER_OWNER"",""UNKNOWN""]},{""field"":""CURRENT_STATE"",""in"":[""OBSERVED"",""CONDITIONAL""]}]}","{""departmentId"":""EX16"",""topicId"":""EX16-01""}","[]","가명 사건 유형·기간·빈도 근거·영향·현재 대응만 작성. 이름·차량번호·연락처·질병정보·원문 민원은 입력하지 않음. 수치는 실측/집계/추정을 구분.","[""parts-test""]","조사·기획 가설 · 현업 정합성/타당성 미확인"
"SURVEY-EX16-EX16-01-COUNTER_EVIDENCE","v0.2","EX16","시험인증처","EX16-01","3","COUNTER_EVIDENCE","문제 없이 완료했거나 제시한 설명과 다른 사례, 다른 원인이 있습니까?","long_text","[]","false","{""field"":""SCOPE_MATCH"",""notIn"":[""MISMATCH"",""OTHER_OWNER"",""UNKNOWN""]}","{""departmentId"":""EX16"",""topicId"":""EX16-01""}","[]","없음·직접 확인 못함도 작성 가능. 반대 사례와 소수 의견은 유지.","[""parts-test""]","조사·기획 가설 · 현업 정합성/타당성 미확인"
"SURVEY-EX16-EX16-01-EXISTING_RESPONSE","v0.2","EX16","시험인증처","EX16-01","3","EXISTING_RESPONSE","현재 시스템·AI·서식·규칙·협의절차로 해결하는 부분과 남는 문제는 무엇입니까?","long_text","[]","false","{""field"":""SCOPE_MATCH"",""notIn"":[""MISMATCH"",""OTHER_OWNER"",""UNKNOWN""]}","{""departmentId"":""EX16"",""topicId"":""EX16-01""}","[]","이미 충분히 해결된다면 해당 기능·조건·해결 시점을 작성. 기존 계약·추진 중인 사업과 겹치는 범위도 설명.","[""parts-test""]","조사·기획 가설 · 현업 정합성/타당성 미확인"
"SURVEY-EX16-EX16-01-IMPROVEMENT_METHOD","v0.2","EX16","시험인증처","EX16-01","3","IMPROVEMENT_METHOD","개선이 필요하다면 어떤 방식이 적절하다고 봅니까?","multiple_choice","[{""code"":""EXISTING"",""label"":""기존 기능·운영 개선""},{""code"":""DATA"",""label"":""자료·서식·식별키 정비""},{""code"":""RULE_API"",""label"":""정형 규칙·시스템 연계""},{""code"":""AI"",""label"":""NOA 등 AI 추가 적용""},{""code"":""INSTITUTION"",""label"":""인력·공급·재원·제도 개선""},{""code"":""NO_NEED"",""label"":""추가 개선 필요 없음""},{""code"":""UNKNOWN"",""label"":""판단자료 부족""}]","false","{""field"":""SCOPE_MATCH"",""notIn"":[""MISMATCH"",""OTHER_OWNER"",""UNKNOWN""]}","{""departmentId"":""EX16"",""topicId"":""EX16-01""}","[""NO_NEED"",""UNKNOWN""]","여러 개선 방식의 결합 가능. NO_NEED·UNKNOWN은 다른 방식과 동시에 선택하지 않음. AI 미선택 시 AI 세부 질문을 건너뜀.","[""parts-test""]","조사·기획 가설 · 현업 정합성/타당성 미확인"
"SURVEY-EX16-EX16-01-AI_ADDED_VALUE","v0.2","EX16","시험인증처","EX16-01","3","AI_ADDED_VALUE","NOA 등 AI를 추가하면 기존 도구·정형 개선으로 달성하기 어려운 어떤 결과를 얻을 수 있습니까?","long_text","[]","false","{""all"":[{""field"":""SCOPE_MATCH"",""notIn"":[""MISMATCH"",""OTHER_OWNER"",""UNKNOWN""]},{""field"":""IMPROVEMENT_METHOD"",""includes"":""AI""}]}","{""departmentId"":""EX16"",""topicId"":""EX16-01""}","[]","기능 이름보다 달라질 판단·수행·국민/기업 결과를 작성. 기대와 실제 입증을 구분.","[""parts-test""]","조사·기획 가설 · 현업 정합성/타당성 미확인"
"SURVEY-EX16-EX16-01-FEASIBILITY_CONDITIONS","v0.2","EX16","시험인증처","EX16-01","3","FEASIBILITY_CONDITIONS","추가 AI 적용을 위해 어떤 자료·연계·권한·전문 검수·운영조건을 확보해야 합니까?","long_text","[]","false","{""all"":[{""field"":""SCOPE_MATCH"",""notIn"":[""MISMATCH"",""OTHER_OWNER"",""UNKNOWN""]},{""field"":""IMPROVEMENT_METHOD"",""includes"":""AI""}]}","{""departmentId"":""EX16"",""topicId"":""EX16-01""}","[]","실제 설치본·사용권·기존 서버·조회/실행 경계·오류 복구·인수 역할 확인. 새로운 인프라 구매 없는 검토 전제.","[""parts-test""]","조사·기획 가설 · 현업 정합성/타당성 미확인"
"SURVEY-EX16-EX16-01-RISK_AND_CONCERN","v0.2","EX16","시험인증처","EX16-01","3","RISK_AND_CONCERN","제안 방식이 오판·과다 보완·정보 노출·추가 업무·이용자 배제 등을 일으킬 조건은 무엇입니까?","long_text","[]","false","{""field"":""SCOPE_MATCH"",""notIn"":[""MISMATCH"",""OTHER_OWNER"",""UNKNOWN""]}","{""departmentId"":""EX16"",""topicId"":""EX16-01""}","[]","문제 없다고 단정하지 않고 예상·관찰·미확인을 구분. AI 이외 개선의 우려도 작성.","[""parts-test""]","조사·기획 가설 · 현업 정합성/타당성 미확인"
"SURVEY-EX16-EX16-01-EFFECT_AND_MEASUREMENT","v0.2","EX16","시험인증처","EX16-01","3","EFFECT_AND_MEASUREMENT","제시한 효과 지표가 적절합니까? 실제 기록으로 확인할 결과와 측정하기 어려운 부분을 작성해 주십시오.","long_text","[]","false","{""field"":""SCOPE_MATCH"",""notIn"":[""MISMATCH"",""OTHER_OWNER"",""UNKNOWN""]}","{""departmentId"":""EX16"",""topicId"":""EX16-01""}","[]","분모·관측기간·비교조건·중요 오류·과잉처리·대기/활동시간을 구분. 개선율·목표값을 임의로 만들지 않음.","[""parts-test""]","조사·기획 가설 · 현업 정합성/타당성 미확인"
"SURVEY-EX16-EX16-01-ALTERNATIVE_PROPOSAL","v0.2","EX16","시험인증처","EX16-01","3","ALTERNATIVE_PROPOSAL","제안된 CCK 적용 방법을 수정·축소·제외하거나 다른 방법으로 해결할 의견이 있습니까?","long_text","[]","false","{""field"":""SCOPE_MATCH"",""notIn"":[""MISMATCH"",""OTHER_OWNER"",""UNKNOWN""]}","{""departmentId"":""EX16"",""topicId"":""EX16-01""}","[]","기존 기능으로 충분 / 정형 개선 우선 / 책임·권한 문제 / 대안과 필요한 조건 등 자유 작성.","[""parts-test""]","조사·기획 가설 · 현업 정합성/타당성 미확인"
"SURVEY-EX16-EX16-01-PRIORITY_REASON","v0.2","EX16","시험인증처","EX16-01","3","PRIORITY_REASON","이 문제를 다른 업무와 비교하여 왜 먼저 검토하거나 뒤로 미루어야 합니까?","long_text","[]","false","{""field"":""SCOPE_MATCH"",""notIn"":[""MISMATCH"",""OTHER_OWNER"",""UNKNOWN""]}","{""departmentId"":""EX16"",""topicId"":""EX16-01""}","[]","안전·국민/기업 편익·빈도·심각도·가용 자료·실행조건을 근거로 설명. 개선 필요 없음도 가능. 자동 점수 합산으로 사업 선정하지 않음.","[""parts-test""]","조사·기획 가설 · 현업 정합성/타당성 미확인"
"SURVEY-EX16-COMMON-OTHER_WORK_DIFFICULTY","v0.2","EX16","시험인증처","COMMON","4","OTHER_WORK_DIFFICULTY","제시된 병목 외에 업무처리나 정확한 판단을 어렵게 만드는 지점은 무엇입니까?","long_text","[]","false","","{""departmentId"":""EX16"",""topicId"":""COMMON""}","[]","업무 / 발생 단계 / 대상 / 현재 대응 / 남는 문제 / 근거를 작성. 없음·담당 아님·미확인도 명시 가능.","[""CCK-NOA"",""CTX-01"",""BOUNDARY-01""]","공통 설명·추가 의견"
"SURVEY-EX16-COMMON-PUBLIC_SERVICE_ISSUE","v0.2","EX16","시험인증처","COMMON","4","PUBLIC_SERVICE_ISSUE","국민·기업이 안전·검사·자격·교통 서비스를 이용할 때 추가로 겪는 불편이나 권익 문제는 무엇입니까?","long_text","[]","false","","{""departmentId"":""EX16"",""topicId"":""COMMON""}","[]","대상자 / 원하는 결과 / 현재 경로 / 반복 설명·보완·방문·접근성 / 확인 근거. 현업의 추정과 이용자의 직접 의견을 구분.","[""CCK-NOA"",""CTX-01"",""BOUNDARY-01""]","공통 설명·추가 의견"
"SURVEY-EX16-COMMON-NEW_PROBLEM","v0.2","EX16","시험인증처","COMMON","4","NEW_PROBLEM","이번 조사에서 빠진 문제나 다른 원인 설명이 있다면 작성해 주십시오.","long_text","[]","false","","{""departmentId"":""EX16"",""topicId"":""COMMON""}","[]","기존 병목의 수정인지 별도 문제인지, 소관 후보·현재 대응·우선 이유를 설명. 없으면 없음으로 작성.","[""CCK-NOA"",""CTX-01"",""BOUNDARY-01""]","공통 설명·추가 의견"
"SURVEY-EX16-COMMON-AX_EXPANSION_OPINION","v0.2","EX16","시험인증처","COMMON","4","AX_EXPANSION_OPINION","현재 플랫폼을 확대한다면 어떤 업무의 어떤 결과를 우선 개선해야 합니까?","long_text","[]","false","","{""departmentId"":""EX16"",""topicId"":""COMMON""}","[]","현재 기능 → 남는 어려움 → 필요한 새 능력 → 업무·역할 변화 → 기관/국민 편익. 확대 불필요·비AI 대안도 가능.","[""CCK-NOA"",""CTX-01"",""BOUNDARY-01""]","공통 설명·추가 의견"
"SURVEY-EX16-COMMON-EXPANSION_LIMIT","v0.2","EX16","시험인증처","COMMON","4","EXPANSION_LIMIT","별도 전문시스템이나 권한자의 판단에 남겨야 할 범위와 확대 제약은 무엇입니까?","long_text","[]","false","","{""departmentId"":""EX16"",""topicId"":""COMMON""}","[]","공식 안전·자격·의료·처분·승인/지급 책임, 자료 이용·운영·비용 조건을 설명. 실행본 확인은 제품 담당 보충지 S01~S04와 연결.","[""CCK-NOA"",""CTX-01"",""BOUNDARY-01""]","공통 설명·추가 의견"
"SURVEY-EX17-COMMON-ROLE","v0.2","EX17","기술승인처","COMMON","2","ROLE","이번 의견을 작성하는 업무 역할은 무엇입니까?","single_choice","[{""code"":""WORK"",""label"":""업무 담당""},{""code"":""REVIEW"",""label"":""검토·승인""},{""code"":""PLANNING"",""label"":""기획·성과""},{""code"":""TECH"",""label"":""정보화·제품·운영""},{""code"":""SECURITY"",""label"":""자료·보안""},{""code"":""OTHER"",""label"":""그 밖의 역할""},{""code"":""UNKNOWN"",""label"":""역할 설명 보완 필요""}]","false","","{""departmentId"":""EX17"",""topicId"":""COMMON""}","[]","실명·연락처 대신 역할만 작성. 담당 처는 해당 양식에서 지정.","[""CCK-NOA"",""CTX-01"",""BOUNDARY-01""]","공통 설명·추가 의견"
"SURVEY-EX17-COMMON-POSITION","v0.2","EX17","기술승인처","COMMON","2","POSITION","이 응답은 어떤 범위의 의견입니까?","single_choice","[{""code"":""INDIVIDUAL"",""label"":""개인의 업무 경험·의견""},{""code"":""CONSULTED"",""label"":""부서 내 확인을 거친 의견""},{""code"":""OFFICIAL"",""label"":""권한자가 확인한 공식 회신""},{""code"":""UNKNOWN"",""label"":""범위 미확인""}]","false","","{""departmentId"":""EX17"",""topicId"":""COMMON""}","[]","공식 회신 선택만으로 도입·예산·자료 이용승인이 생기는 것은 아님. 확인 근거는 별도 검토.","[""CCK-NOA"",""CTX-01"",""BOUNDARY-01""]","공통 설명·추가 의견"
"SURVEY-EX17-COMMON-CURRENT_USE","v0.2","EX17","기술승인처","COMMON","2","CURRENT_USE","현재 NOA 또는 AI 공통플랫폼을 어떤 업무에 사용하거나 확인하고 있습니까? 사용하지 않거나 기능을 모르는 경우도 작성해 주십시오.","long_text","[]","false","","{""departmentId"":""EX17"",""topicId"":""COMMON""}","[]","실제 사용 기능·업무·남는 어려움 중심. 제공된 제품 소개를 실제 설치본 기능으로 옮겨 적지 않음.","[""CCK-NOA"",""CTX-01"",""BOUNDARY-01""]","공통 설명·추가 의견"
"SURVEY-EX17-EX17-01-SCOPE_MATCH","v0.2","EX17","기술승인처","EX17-01","3","SCOPE_MATCH","제시한 업무·대상·처리단계가 귀 처의 실제 담당 범위와 일치합니까?","single_choice","[{""code"":""MATCH"",""label"":""일치""},{""code"":""PARTIAL"",""label"":""일부 수정 필요""},{""code"":""MISMATCH"",""label"":""현재 업무와 불일치""},{""code"":""OTHER_OWNER"",""label"":""다른 부서·기관 소관""},{""code"":""UNKNOWN"",""label"":""판단자료 부족""}]","false","","{""departmentId"":""EX17"",""topicId"":""EX17-01""}","[]","조직명 일치와 실제 수행·결정권한은 구분. 다른 소관이면 수정 의견만 선택 작성.","[""tuning""]","조사·기획 가설 · 현업 정합성/타당성 미확인"
"SURVEY-EX17-EX17-01-CURRENT_STATE","v0.2","EX17","기술승인처","EX17-01","3","CURRENT_STATE","제시한 병목이 현재 발생하는지 어떤 상태로 확인하고 있습니까?","single_choice","[{""code"":""OBSERVED"",""label"":""현재 발생 확인""},{""code"":""CONDITIONAL"",""label"":""특정 조건에서 발생 확인""},{""code"":""RESOLVED"",""label"":""과거 발생했으나 해결됨""},{""code"":""NO_PROBLEM_OBSERVED"",""label"":""확인한 범위에서 발생하지 않음""},{""code"":""NO_DIRECT_EXPERIENCE"",""label"":""직접 확인한 경험 없음""},{""code"":""UNKNOWN"",""label"":""확인 불가""}]","false","{""field"":""SCOPE_MATCH"",""notIn"":[""MISMATCH"",""OTHER_OWNER"",""UNKNOWN""]}","{""departmentId"":""EX17"",""topicId"":""EX17-01""}","[]","미관찰을 전체 문제 없음으로 확대하지 않음. 해결됨이면 해결 기능·시점·범위를 기록.","[""tuning""]","조사·기획 가설 · 현업 정합성/타당성 미확인"
"SURVEY-EX17-EX17-01-BOTTLENECK_VALIDITY","v0.2","EX17","기술승인처","EX17-01","3","BOTTLENECK_VALIDITY","제시한 병목 설명과 원인 가설이 실제 상황을 설명하는 데 타당합니까?","single_choice","[{""code"":""VALID"",""label"":""타당""},{""code"":""CONDITIONAL"",""label"":""조건부 타당""},{""code"":""INVALID"",""label"":""타당하지 않음""},{""code"":""UNKNOWN"",""label"":""판단자료 부족""}]","false","{""field"":""SCOPE_MATCH"",""notIn"":[""MISMATCH"",""OTHER_OWNER"",""UNKNOWN""]}","{""departmentId"":""EX17"",""topicId"":""EX17-01""}","[]","업무 담당 여부·현재 발생 상태·우선순위와 별도 판단. 제안 제품의 도입 찬반 질문이 아님.","[""tuning""]","조사·기획 가설 · 현업 정합성/타당성 미확인"
"SURVEY-EX17-EX17-01-VALIDITY_REASON","v0.2","EX17","기술승인처","EX17-01","3","VALIDITY_REASON","정합성·발생 상태·타당성 판단의 이유와 고쳐야 할 내용을 작성해 주십시오.","long_text","[]","false","","{""departmentId"":""EX17"",""topicId"":""EX17-01""}","[]","맞는 부분 / 다른 부분 / 다른 원인 / 수정할 병목 문장 / 추가 확인 순서로 작성. 불일치·자료 부족도 유효한 응답.","[""tuning""]","조사·기획 가설 · 현업 정합성/타당성 미확인"
"SURVEY-EX17-EX17-01-EVIDENCE_BASIS","v0.2","EX17","기술승인처","EX17-01","3","EVIDENCE_BASIS","판단에 사용한 근거는 무엇입니까?","multiple_choice","[{""code"":""EXPERIENCE"",""label"":""직접 처리 경험""},{""code"":""RECORD"",""label"":""기록·로그·문서""},{""code"":""EXPLANATION"",""label"":""다른 담당자의 설명""},{""code"":""PUBLIC"",""label"":""공개자료""},{""code"":""INFERENCE"",""label"":""추정·개인 의견""},{""code"":""NONE"",""label"":""별도 근거 미확보""}]","false","{""field"":""SCOPE_MATCH"",""notIn"":[""MISMATCH"",""OTHER_OWNER"",""UNKNOWN""]}","{""departmentId"":""EX17"",""topicId"":""EX17-01""}","[""NONE""]","경험과 기록은 함께 선택 가능. NONE은 다른 근거와 동시 선택하지 않음. 유형 선택만으로 검증 완료 처리하지 않음.","[""tuning""]","조사·기획 가설 · 현업 정합성/타당성 미확인"
"SURVEY-EX17-EX17-01-ACTUAL_CASE","v0.2","EX17","기술승인처","EX17-01","3","ACTUAL_CASE","공유 가능한 사례가 있다면 언제·어느 단계·누구에게 어떤 결과나 부담이 발생했는지 작성해 주십시오.","long_text","[]","false","{""all"":[{""field"":""SCOPE_MATCH"",""notIn"":[""MISMATCH"",""OTHER_OWNER"",""UNKNOWN""]},{""field"":""CURRENT_STATE"",""in"":[""OBSERVED"",""CONDITIONAL""]}]}","{""departmentId"":""EX17"",""topicId"":""EX17-01""}","[]","가명 사건 유형·기간·빈도 근거·영향·현재 대응만 작성. 이름·차량번호·연락처·질병정보·원문 민원은 입력하지 않음. 수치는 실측/집계/추정을 구분.","[""tuning""]","조사·기획 가설 · 현업 정합성/타당성 미확인"
"SURVEY-EX17-EX17-01-COUNTER_EVIDENCE","v0.2","EX17","기술승인처","EX17-01","3","COUNTER_EVIDENCE","문제 없이 완료했거나 제시한 설명과 다른 사례, 다른 원인이 있습니까?","long_text","[]","false","{""field"":""SCOPE_MATCH"",""notIn"":[""MISMATCH"",""OTHER_OWNER"",""UNKNOWN""]}","{""departmentId"":""EX17"",""topicId"":""EX17-01""}","[]","없음·직접 확인 못함도 작성 가능. 반대 사례와 소수 의견은 유지.","[""tuning""]","조사·기획 가설 · 현업 정합성/타당성 미확인"
"SURVEY-EX17-EX17-01-EXISTING_RESPONSE","v0.2","EX17","기술승인처","EX17-01","3","EXISTING_RESPONSE","현재 시스템·AI·서식·규칙·협의절차로 해결하는 부분과 남는 문제는 무엇입니까?","long_text","[]","false","{""field"":""SCOPE_MATCH"",""notIn"":[""MISMATCH"",""OTHER_OWNER"",""UNKNOWN""]}","{""departmentId"":""EX17"",""topicId"":""EX17-01""}","[]","이미 충분히 해결된다면 해당 기능·조건·해결 시점을 작성. 기존 계약·추진 중인 사업과 겹치는 범위도 설명.","[""tuning""]","조사·기획 가설 · 현업 정합성/타당성 미확인"
"SURVEY-EX17-EX17-01-IMPROVEMENT_METHOD","v0.2","EX17","기술승인처","EX17-01","3","IMPROVEMENT_METHOD","개선이 필요하다면 어떤 방식이 적절하다고 봅니까?","multiple_choice","[{""code"":""EXISTING"",""label"":""기존 기능·운영 개선""},{""code"":""DATA"",""label"":""자료·서식·식별키 정비""},{""code"":""RULE_API"",""label"":""정형 규칙·시스템 연계""},{""code"":""AI"",""label"":""NOA 등 AI 추가 적용""},{""code"":""INSTITUTION"",""label"":""인력·공급·재원·제도 개선""},{""code"":""NO_NEED"",""label"":""추가 개선 필요 없음""},{""code"":""UNKNOWN"",""label"":""판단자료 부족""}]","false","{""field"":""SCOPE_MATCH"",""notIn"":[""MISMATCH"",""OTHER_OWNER"",""UNKNOWN""]}","{""departmentId"":""EX17"",""topicId"":""EX17-01""}","[""NO_NEED"",""UNKNOWN""]","여러 개선 방식의 결합 가능. NO_NEED·UNKNOWN은 다른 방식과 동시에 선택하지 않음. AI 미선택 시 AI 세부 질문을 건너뜀.","[""tuning""]","조사·기획 가설 · 현업 정합성/타당성 미확인"
"SURVEY-EX17-EX17-01-AI_ADDED_VALUE","v0.2","EX17","기술승인처","EX17-01","3","AI_ADDED_VALUE","NOA 등 AI를 추가하면 기존 도구·정형 개선으로 달성하기 어려운 어떤 결과를 얻을 수 있습니까?","long_text","[]","false","{""all"":[{""field"":""SCOPE_MATCH"",""notIn"":[""MISMATCH"",""OTHER_OWNER"",""UNKNOWN""]},{""field"":""IMPROVEMENT_METHOD"",""includes"":""AI""}]}","{""departmentId"":""EX17"",""topicId"":""EX17-01""}","[]","기능 이름보다 달라질 판단·수행·국민/기업 결과를 작성. 기대와 실제 입증을 구분.","[""tuning""]","조사·기획 가설 · 현업 정합성/타당성 미확인"
"SURVEY-EX17-EX17-01-FEASIBILITY_CONDITIONS","v0.2","EX17","기술승인처","EX17-01","3","FEASIBILITY_CONDITIONS","추가 AI 적용을 위해 어떤 자료·연계·권한·전문 검수·운영조건을 확보해야 합니까?","long_text","[]","false","{""all"":[{""field"":""SCOPE_MATCH"",""notIn"":[""MISMATCH"",""OTHER_OWNER"",""UNKNOWN""]},{""field"":""IMPROVEMENT_METHOD"",""includes"":""AI""}]}","{""departmentId"":""EX17"",""topicId"":""EX17-01""}","[]","실제 설치본·사용권·기존 서버·조회/실행 경계·오류 복구·인수 역할 확인. 새로운 인프라 구매 없는 검토 전제.","[""tuning""]","조사·기획 가설 · 현업 정합성/타당성 미확인"
"SURVEY-EX17-EX17-01-RISK_AND_CONCERN","v0.2","EX17","기술승인처","EX17-01","3","RISK_AND_CONCERN","제안 방식이 오판·과다 보완·정보 노출·추가 업무·이용자 배제 등을 일으킬 조건은 무엇입니까?","long_text","[]","false","{""field"":""SCOPE_MATCH"",""notIn"":[""MISMATCH"",""OTHER_OWNER"",""UNKNOWN""]}","{""departmentId"":""EX17"",""topicId"":""EX17-01""}","[]","문제 없다고 단정하지 않고 예상·관찰·미확인을 구분. AI 이외 개선의 우려도 작성.","[""tuning""]","조사·기획 가설 · 현업 정합성/타당성 미확인"
"SURVEY-EX17-EX17-01-EFFECT_AND_MEASUREMENT","v0.2","EX17","기술승인처","EX17-01","3","EFFECT_AND_MEASUREMENT","제시한 효과 지표가 적절합니까? 실제 기록으로 확인할 결과와 측정하기 어려운 부분을 작성해 주십시오.","long_text","[]","false","{""field"":""SCOPE_MATCH"",""notIn"":[""MISMATCH"",""OTHER_OWNER"",""UNKNOWN""]}","{""departmentId"":""EX17"",""topicId"":""EX17-01""}","[]","분모·관측기간·비교조건·중요 오류·과잉처리·대기/활동시간을 구분. 개선율·목표값을 임의로 만들지 않음.","[""tuning""]","조사·기획 가설 · 현업 정합성/타당성 미확인"
"SURVEY-EX17-EX17-01-ALTERNATIVE_PROPOSAL","v0.2","EX17","기술승인처","EX17-01","3","ALTERNATIVE_PROPOSAL","제안된 CCK 적용 방법을 수정·축소·제외하거나 다른 방법으로 해결할 의견이 있습니까?","long_text","[]","false","{""field"":""SCOPE_MATCH"",""notIn"":[""MISMATCH"",""OTHER_OWNER"",""UNKNOWN""]}","{""departmentId"":""EX17"",""topicId"":""EX17-01""}","[]","기존 기능으로 충분 / 정형 개선 우선 / 책임·권한 문제 / 대안과 필요한 조건 등 자유 작성.","[""tuning""]","조사·기획 가설 · 현업 정합성/타당성 미확인"
"SURVEY-EX17-EX17-01-PRIORITY_REASON","v0.2","EX17","기술승인처","EX17-01","3","PRIORITY_REASON","이 문제를 다른 업무와 비교하여 왜 먼저 검토하거나 뒤로 미루어야 합니까?","long_text","[]","false","{""field"":""SCOPE_MATCH"",""notIn"":[""MISMATCH"",""OTHER_OWNER"",""UNKNOWN""]}","{""departmentId"":""EX17"",""topicId"":""EX17-01""}","[]","안전·국민/기업 편익·빈도·심각도·가용 자료·실행조건을 근거로 설명. 개선 필요 없음도 가능. 자동 점수 합산으로 사업 선정하지 않음.","[""tuning""]","조사·기획 가설 · 현업 정합성/타당성 미확인"
"SURVEY-EX17-COMMON-OTHER_WORK_DIFFICULTY","v0.2","EX17","기술승인처","COMMON","4","OTHER_WORK_DIFFICULTY","제시된 병목 외에 업무처리나 정확한 판단을 어렵게 만드는 지점은 무엇입니까?","long_text","[]","false","","{""departmentId"":""EX17"",""topicId"":""COMMON""}","[]","업무 / 발생 단계 / 대상 / 현재 대응 / 남는 문제 / 근거를 작성. 없음·담당 아님·미확인도 명시 가능.","[""CCK-NOA"",""CTX-01"",""BOUNDARY-01""]","공통 설명·추가 의견"
"SURVEY-EX17-COMMON-PUBLIC_SERVICE_ISSUE","v0.2","EX17","기술승인처","COMMON","4","PUBLIC_SERVICE_ISSUE","국민·기업이 안전·검사·자격·교통 서비스를 이용할 때 추가로 겪는 불편이나 권익 문제는 무엇입니까?","long_text","[]","false","","{""departmentId"":""EX17"",""topicId"":""COMMON""}","[]","대상자 / 원하는 결과 / 현재 경로 / 반복 설명·보완·방문·접근성 / 확인 근거. 현업의 추정과 이용자의 직접 의견을 구분.","[""CCK-NOA"",""CTX-01"",""BOUNDARY-01""]","공통 설명·추가 의견"
"SURVEY-EX17-COMMON-NEW_PROBLEM","v0.2","EX17","기술승인처","COMMON","4","NEW_PROBLEM","이번 조사에서 빠진 문제나 다른 원인 설명이 있다면 작성해 주십시오.","long_text","[]","false","","{""departmentId"":""EX17"",""topicId"":""COMMON""}","[]","기존 병목의 수정인지 별도 문제인지, 소관 후보·현재 대응·우선 이유를 설명. 없으면 없음으로 작성.","[""CCK-NOA"",""CTX-01"",""BOUNDARY-01""]","공통 설명·추가 의견"
"SURVEY-EX17-COMMON-AX_EXPANSION_OPINION","v0.2","EX17","기술승인처","COMMON","4","AX_EXPANSION_OPINION","현재 플랫폼을 확대한다면 어떤 업무의 어떤 결과를 우선 개선해야 합니까?","long_text","[]","false","","{""departmentId"":""EX17"",""topicId"":""COMMON""}","[]","현재 기능 → 남는 어려움 → 필요한 새 능력 → 업무·역할 변화 → 기관/국민 편익. 확대 불필요·비AI 대안도 가능.","[""CCK-NOA"",""CTX-01"",""BOUNDARY-01""]","공통 설명·추가 의견"
"SURVEY-EX17-COMMON-EXPANSION_LIMIT","v0.2","EX17","기술승인처","COMMON","4","EXPANSION_LIMIT","별도 전문시스템이나 권한자의 판단에 남겨야 할 범위와 확대 제약은 무엇입니까?","long_text","[]","false","","{""departmentId"":""EX17"",""topicId"":""COMMON""}","[]","공식 안전·자격·의료·처분·승인/지급 책임, 자료 이용·운영·비용 조건을 설명. 실행본 확인은 제품 담당 보충지 S01~S04와 연결.","[""CCK-NOA"",""CTX-01"",""BOUNDARY-01""]","공통 설명·추가 의견"
"SURVEY-EX18-COMMON-ROLE","v0.2","EX18","항공안전처","COMMON","2","ROLE","이번 의견을 작성하는 업무 역할은 무엇입니까?","single_choice","[{""code"":""WORK"",""label"":""업무 담당""},{""code"":""REVIEW"",""label"":""검토·승인""},{""code"":""PLANNING"",""label"":""기획·성과""},{""code"":""TECH"",""label"":""정보화·제품·운영""},{""code"":""SECURITY"",""label"":""자료·보안""},{""code"":""OTHER"",""label"":""그 밖의 역할""},{""code"":""UNKNOWN"",""label"":""역할 설명 보완 필요""}]","false","","{""departmentId"":""EX18"",""topicId"":""COMMON""}","[]","실명·연락처 대신 역할만 작성. 담당 처는 해당 양식에서 지정.","[""CCK-NOA"",""CTX-01"",""BOUNDARY-01""]","공통 설명·추가 의견"
"SURVEY-EX18-COMMON-POSITION","v0.2","EX18","항공안전처","COMMON","2","POSITION","이 응답은 어떤 범위의 의견입니까?","single_choice","[{""code"":""INDIVIDUAL"",""label"":""개인의 업무 경험·의견""},{""code"":""CONSULTED"",""label"":""부서 내 확인을 거친 의견""},{""code"":""OFFICIAL"",""label"":""권한자가 확인한 공식 회신""},{""code"":""UNKNOWN"",""label"":""범위 미확인""}]","false","","{""departmentId"":""EX18"",""topicId"":""COMMON""}","[]","공식 회신 선택만으로 도입·예산·자료 이용승인이 생기는 것은 아님. 확인 근거는 별도 검토.","[""CCK-NOA"",""CTX-01"",""BOUNDARY-01""]","공통 설명·추가 의견"
"SURVEY-EX18-COMMON-CURRENT_USE","v0.2","EX18","항공안전처","COMMON","2","CURRENT_USE","현재 NOA 또는 AI 공통플랫폼을 어떤 업무에 사용하거나 확인하고 있습니까? 사용하지 않거나 기능을 모르는 경우도 작성해 주십시오.","long_text","[]","false","","{""departmentId"":""EX18"",""topicId"":""COMMON""}","[]","실제 사용 기능·업무·남는 어려움 중심. 제공된 제품 소개를 실제 설치본 기능으로 옮겨 적지 않음.","[""CCK-NOA"",""CTX-01"",""BOUNDARY-01""]","공통 설명·추가 의견"
"SURVEY-EX18-EX18-01-SCOPE_MATCH","v0.2","EX18","항공안전처","EX18-01","3","SCOPE_MATCH","제시한 업무·대상·처리단계가 귀 처의 실제 담당 범위와 일치합니까?","single_choice","[{""code"":""MATCH"",""label"":""일치""},{""code"":""PARTIAL"",""label"":""일부 수정 필요""},{""code"":""MISMATCH"",""label"":""현재 업무와 불일치""},{""code"":""OTHER_OWNER"",""label"":""다른 부서·기관 소관""},{""code"":""UNKNOWN"",""label"":""판단자료 부족""}]","false","","{""departmentId"":""EX18"",""topicId"":""EX18-01""}","[]","조직명 일치와 실제 수행·결정권한은 구분. 다른 소관이면 수정 의견만 선택 작성.","[""air-lights""]","조사·기획 가설 · 현업 정합성/타당성 미확인"
"SURVEY-EX18-EX18-01-CURRENT_STATE","v0.2","EX18","항공안전처","EX18-01","3","CURRENT_STATE","제시한 병목이 현재 발생하는지 어떤 상태로 확인하고 있습니까?","single_choice","[{""code"":""OBSERVED"",""label"":""현재 발생 확인""},{""code"":""CONDITIONAL"",""label"":""특정 조건에서 발생 확인""},{""code"":""RESOLVED"",""label"":""과거 발생했으나 해결됨""},{""code"":""NO_PROBLEM_OBSERVED"",""label"":""확인한 범위에서 발생하지 않음""},{""code"":""NO_DIRECT_EXPERIENCE"",""label"":""직접 확인한 경험 없음""},{""code"":""UNKNOWN"",""label"":""확인 불가""}]","false","{""field"":""SCOPE_MATCH"",""notIn"":[""MISMATCH"",""OTHER_OWNER"",""UNKNOWN""]}","{""departmentId"":""EX18"",""topicId"":""EX18-01""}","[]","미관찰을 전체 문제 없음으로 확대하지 않음. 해결됨이면 해결 기능·시점·범위를 기록.","[""air-lights""]","조사·기획 가설 · 현업 정합성/타당성 미확인"
"SURVEY-EX18-EX18-01-BOTTLENECK_VALIDITY","v0.2","EX18","항공안전처","EX18-01","3","BOTTLENECK_VALIDITY","제시한 병목 설명과 원인 가설이 실제 상황을 설명하는 데 타당합니까?","single_choice","[{""code"":""VALID"",""label"":""타당""},{""code"":""CONDITIONAL"",""label"":""조건부 타당""},{""code"":""INVALID"",""label"":""타당하지 않음""},{""code"":""UNKNOWN"",""label"":""판단자료 부족""}]","false","{""field"":""SCOPE_MATCH"",""notIn"":[""MISMATCH"",""OTHER_OWNER"",""UNKNOWN""]}","{""departmentId"":""EX18"",""topicId"":""EX18-01""}","[]","업무 담당 여부·현재 발생 상태·우선순위와 별도 판단. 제안 제품의 도입 찬반 질문이 아님.","[""air-lights""]","조사·기획 가설 · 현업 정합성/타당성 미확인"
"SURVEY-EX18-EX18-01-VALIDITY_REASON","v0.2","EX18","항공안전처","EX18-01","3","VALIDITY_REASON","정합성·발생 상태·타당성 판단의 이유와 고쳐야 할 내용을 작성해 주십시오.","long_text","[]","false","","{""departmentId"":""EX18"",""topicId"":""EX18-01""}","[]","맞는 부분 / 다른 부분 / 다른 원인 / 수정할 병목 문장 / 추가 확인 순서로 작성. 불일치·자료 부족도 유효한 응답.","[""air-lights""]","조사·기획 가설 · 현업 정합성/타당성 미확인"
"SURVEY-EX18-EX18-01-EVIDENCE_BASIS","v0.2","EX18","항공안전처","EX18-01","3","EVIDENCE_BASIS","판단에 사용한 근거는 무엇입니까?","multiple_choice","[{""code"":""EXPERIENCE"",""label"":""직접 처리 경험""},{""code"":""RECORD"",""label"":""기록·로그·문서""},{""code"":""EXPLANATION"",""label"":""다른 담당자의 설명""},{""code"":""PUBLIC"",""label"":""공개자료""},{""code"":""INFERENCE"",""label"":""추정·개인 의견""},{""code"":""NONE"",""label"":""별도 근거 미확보""}]","false","{""field"":""SCOPE_MATCH"",""notIn"":[""MISMATCH"",""OTHER_OWNER"",""UNKNOWN""]}","{""departmentId"":""EX18"",""topicId"":""EX18-01""}","[""NONE""]","경험과 기록은 함께 선택 가능. NONE은 다른 근거와 동시 선택하지 않음. 유형 선택만으로 검증 완료 처리하지 않음.","[""air-lights""]","조사·기획 가설 · 현업 정합성/타당성 미확인"
"SURVEY-EX18-EX18-01-ACTUAL_CASE","v0.2","EX18","항공안전처","EX18-01","3","ACTUAL_CASE","공유 가능한 사례가 있다면 언제·어느 단계·누구에게 어떤 결과나 부담이 발생했는지 작성해 주십시오.","long_text","[]","false","{""all"":[{""field"":""SCOPE_MATCH"",""notIn"":[""MISMATCH"",""OTHER_OWNER"",""UNKNOWN""]},{""field"":""CURRENT_STATE"",""in"":[""OBSERVED"",""CONDITIONAL""]}]}","{""departmentId"":""EX18"",""topicId"":""EX18-01""}","[]","가명 사건 유형·기간·빈도 근거·영향·현재 대응만 작성. 이름·차량번호·연락처·질병정보·원문 민원은 입력하지 않음. 수치는 실측/집계/추정을 구분.","[""air-lights""]","조사·기획 가설 · 현업 정합성/타당성 미확인"
"SURVEY-EX18-EX18-01-COUNTER_EVIDENCE","v0.2","EX18","항공안전처","EX18-01","3","COUNTER_EVIDENCE","문제 없이 완료했거나 제시한 설명과 다른 사례, 다른 원인이 있습니까?","long_text","[]","false","{""field"":""SCOPE_MATCH"",""notIn"":[""MISMATCH"",""OTHER_OWNER"",""UNKNOWN""]}","{""departmentId"":""EX18"",""topicId"":""EX18-01""}","[]","없음·직접 확인 못함도 작성 가능. 반대 사례와 소수 의견은 유지.","[""air-lights""]","조사·기획 가설 · 현업 정합성/타당성 미확인"
"SURVEY-EX18-EX18-01-EXISTING_RESPONSE","v0.2","EX18","항공안전처","EX18-01","3","EXISTING_RESPONSE","현재 시스템·AI·서식·규칙·협의절차로 해결하는 부분과 남는 문제는 무엇입니까?","long_text","[]","false","{""field"":""SCOPE_MATCH"",""notIn"":[""MISMATCH"",""OTHER_OWNER"",""UNKNOWN""]}","{""departmentId"":""EX18"",""topicId"":""EX18-01""}","[]","이미 충분히 해결된다면 해당 기능·조건·해결 시점을 작성. 기존 계약·추진 중인 사업과 겹치는 범위도 설명.","[""air-lights""]","조사·기획 가설 · 현업 정합성/타당성 미확인"
"SURVEY-EX18-EX18-01-IMPROVEMENT_METHOD","v0.2","EX18","항공안전처","EX18-01","3","IMPROVEMENT_METHOD","개선이 필요하다면 어떤 방식이 적절하다고 봅니까?","multiple_choice","[{""code"":""EXISTING"",""label"":""기존 기능·운영 개선""},{""code"":""DATA"",""label"":""자료·서식·식별키 정비""},{""code"":""RULE_API"",""label"":""정형 규칙·시스템 연계""},{""code"":""AI"",""label"":""NOA 등 AI 추가 적용""},{""code"":""INSTITUTION"",""label"":""인력·공급·재원·제도 개선""},{""code"":""NO_NEED"",""label"":""추가 개선 필요 없음""},{""code"":""UNKNOWN"",""label"":""판단자료 부족""}]","false","{""field"":""SCOPE_MATCH"",""notIn"":[""MISMATCH"",""OTHER_OWNER"",""UNKNOWN""]}","{""departmentId"":""EX18"",""topicId"":""EX18-01""}","[""NO_NEED"",""UNKNOWN""]","여러 개선 방식의 결합 가능. NO_NEED·UNKNOWN은 다른 방식과 동시에 선택하지 않음. AI 미선택 시 AI 세부 질문을 건너뜀.","[""air-lights""]","조사·기획 가설 · 현업 정합성/타당성 미확인"
"SURVEY-EX18-EX18-01-AI_ADDED_VALUE","v0.2","EX18","항공안전처","EX18-01","3","AI_ADDED_VALUE","NOA 등 AI를 추가하면 기존 도구·정형 개선으로 달성하기 어려운 어떤 결과를 얻을 수 있습니까?","long_text","[]","false","{""all"":[{""field"":""SCOPE_MATCH"",""notIn"":[""MISMATCH"",""OTHER_OWNER"",""UNKNOWN""]},{""field"":""IMPROVEMENT_METHOD"",""includes"":""AI""}]}","{""departmentId"":""EX18"",""topicId"":""EX18-01""}","[]","기능 이름보다 달라질 판단·수행·국민/기업 결과를 작성. 기대와 실제 입증을 구분.","[""air-lights""]","조사·기획 가설 · 현업 정합성/타당성 미확인"
"SURVEY-EX18-EX18-01-FEASIBILITY_CONDITIONS","v0.2","EX18","항공안전처","EX18-01","3","FEASIBILITY_CONDITIONS","추가 AI 적용을 위해 어떤 자료·연계·권한·전문 검수·운영조건을 확보해야 합니까?","long_text","[]","false","{""all"":[{""field"":""SCOPE_MATCH"",""notIn"":[""MISMATCH"",""OTHER_OWNER"",""UNKNOWN""]},{""field"":""IMPROVEMENT_METHOD"",""includes"":""AI""}]}","{""departmentId"":""EX18"",""topicId"":""EX18-01""}","[]","실제 설치본·사용권·기존 서버·조회/실행 경계·오류 복구·인수 역할 확인. 새로운 인프라 구매 없는 검토 전제.","[""air-lights""]","조사·기획 가설 · 현업 정합성/타당성 미확인"
"SURVEY-EX18-EX18-01-RISK_AND_CONCERN","v0.2","EX18","항공안전처","EX18-01","3","RISK_AND_CONCERN","제안 방식이 오판·과다 보완·정보 노출·추가 업무·이용자 배제 등을 일으킬 조건은 무엇입니까?","long_text","[]","false","{""field"":""SCOPE_MATCH"",""notIn"":[""MISMATCH"",""OTHER_OWNER"",""UNKNOWN""]}","{""departmentId"":""EX18"",""topicId"":""EX18-01""}","[]","문제 없다고 단정하지 않고 예상·관찰·미확인을 구분. AI 이외 개선의 우려도 작성.","[""air-lights""]","조사·기획 가설 · 현업 정합성/타당성 미확인"
"SURVEY-EX18-EX18-01-EFFECT_AND_MEASUREMENT","v0.2","EX18","항공안전처","EX18-01","3","EFFECT_AND_MEASUREMENT","제시한 효과 지표가 적절합니까? 실제 기록으로 확인할 결과와 측정하기 어려운 부분을 작성해 주십시오.","long_text","[]","false","{""field"":""SCOPE_MATCH"",""notIn"":[""MISMATCH"",""OTHER_OWNER"",""UNKNOWN""]}","{""departmentId"":""EX18"",""topicId"":""EX18-01""}","[]","분모·관측기간·비교조건·중요 오류·과잉처리·대기/활동시간을 구분. 개선율·목표값을 임의로 만들지 않음.","[""air-lights""]","조사·기획 가설 · 현업 정합성/타당성 미확인"
"SURVEY-EX18-EX18-01-ALTERNATIVE_PROPOSAL","v0.2","EX18","항공안전처","EX18-01","3","ALTERNATIVE_PROPOSAL","제안된 CCK 적용 방법을 수정·축소·제외하거나 다른 방법으로 해결할 의견이 있습니까?","long_text","[]","false","{""field"":""SCOPE_MATCH"",""notIn"":[""MISMATCH"",""OTHER_OWNER"",""UNKNOWN""]}","{""departmentId"":""EX18"",""topicId"":""EX18-01""}","[]","기존 기능으로 충분 / 정형 개선 우선 / 책임·권한 문제 / 대안과 필요한 조건 등 자유 작성.","[""air-lights""]","조사·기획 가설 · 현업 정합성/타당성 미확인"
"SURVEY-EX18-EX18-01-PRIORITY_REASON","v0.2","EX18","항공안전처","EX18-01","3","PRIORITY_REASON","이 문제를 다른 업무와 비교하여 왜 먼저 검토하거나 뒤로 미루어야 합니까?","long_text","[]","false","{""field"":""SCOPE_MATCH"",""notIn"":[""MISMATCH"",""OTHER_OWNER"",""UNKNOWN""]}","{""departmentId"":""EX18"",""topicId"":""EX18-01""}","[]","안전·국민/기업 편익·빈도·심각도·가용 자료·실행조건을 근거로 설명. 개선 필요 없음도 가능. 자동 점수 합산으로 사업 선정하지 않음.","[""air-lights""]","조사·기획 가설 · 현업 정합성/타당성 미확인"
"SURVEY-EX18-COMMON-OTHER_WORK_DIFFICULTY","v0.2","EX18","항공안전처","COMMON","4","OTHER_WORK_DIFFICULTY","제시된 병목 외에 업무처리나 정확한 판단을 어렵게 만드는 지점은 무엇입니까?","long_text","[]","false","","{""departmentId"":""EX18"",""topicId"":""COMMON""}","[]","업무 / 발생 단계 / 대상 / 현재 대응 / 남는 문제 / 근거를 작성. 없음·담당 아님·미확인도 명시 가능.","[""CCK-NOA"",""CTX-01"",""BOUNDARY-01""]","공통 설명·추가 의견"
"SURVEY-EX18-COMMON-PUBLIC_SERVICE_ISSUE","v0.2","EX18","항공안전처","COMMON","4","PUBLIC_SERVICE_ISSUE","국민·기업이 안전·검사·자격·교통 서비스를 이용할 때 추가로 겪는 불편이나 권익 문제는 무엇입니까?","long_text","[]","false","","{""departmentId"":""EX18"",""topicId"":""COMMON""}","[]","대상자 / 원하는 결과 / 현재 경로 / 반복 설명·보완·방문·접근성 / 확인 근거. 현업의 추정과 이용자의 직접 의견을 구분.","[""CCK-NOA"",""CTX-01"",""BOUNDARY-01""]","공통 설명·추가 의견"
"SURVEY-EX18-COMMON-NEW_PROBLEM","v0.2","EX18","항공안전처","COMMON","4","NEW_PROBLEM","이번 조사에서 빠진 문제나 다른 원인 설명이 있다면 작성해 주십시오.","long_text","[]","false","","{""departmentId"":""EX18"",""topicId"":""COMMON""}","[]","기존 병목의 수정인지 별도 문제인지, 소관 후보·현재 대응·우선 이유를 설명. 없으면 없음으로 작성.","[""CCK-NOA"",""CTX-01"",""BOUNDARY-01""]","공통 설명·추가 의견"
"SURVEY-EX18-COMMON-AX_EXPANSION_OPINION","v0.2","EX18","항공안전처","COMMON","4","AX_EXPANSION_OPINION","현재 플랫폼을 확대한다면 어떤 업무의 어떤 결과를 우선 개선해야 합니까?","long_text","[]","false","","{""departmentId"":""EX18"",""topicId"":""COMMON""}","[]","현재 기능 → 남는 어려움 → 필요한 새 능력 → 업무·역할 변화 → 기관/국민 편익. 확대 불필요·비AI 대안도 가능.","[""CCK-NOA"",""CTX-01"",""BOUNDARY-01""]","공통 설명·추가 의견"
"SURVEY-EX18-COMMON-EXPANSION_LIMIT","v0.2","EX18","항공안전처","COMMON","4","EXPANSION_LIMIT","별도 전문시스템이나 권한자의 판단에 남겨야 할 범위와 확대 제약은 무엇입니까?","long_text","[]","false","","{""departmentId"":""EX18"",""topicId"":""COMMON""}","[]","공식 안전·자격·의료·처분·승인/지급 책임, 자료 이용·운영·비용 조건을 설명. 실행본 확인은 제품 담당 보충지 S01~S04와 연결.","[""CCK-NOA"",""CTX-01"",""BOUNDARY-01""]","공통 설명·추가 의견"
"SURVEY-EX19-COMMON-ROLE","v0.2","EX19","항공자격처","COMMON","2","ROLE","이번 의견을 작성하는 업무 역할은 무엇입니까?","single_choice","[{""code"":""WORK"",""label"":""업무 담당""},{""code"":""REVIEW"",""label"":""검토·승인""},{""code"":""PLANNING"",""label"":""기획·성과""},{""code"":""TECH"",""label"":""정보화·제품·운영""},{""code"":""SECURITY"",""label"":""자료·보안""},{""code"":""OTHER"",""label"":""그 밖의 역할""},{""code"":""UNKNOWN"",""label"":""역할 설명 보완 필요""}]","false","","{""departmentId"":""EX19"",""topicId"":""COMMON""}","[]","실명·연락처 대신 역할만 작성. 담당 처는 해당 양식에서 지정.","[""CCK-NOA"",""CTX-01"",""BOUNDARY-01""]","공통 설명·추가 의견"
"SURVEY-EX19-COMMON-POSITION","v0.2","EX19","항공자격처","COMMON","2","POSITION","이 응답은 어떤 범위의 의견입니까?","single_choice","[{""code"":""INDIVIDUAL"",""label"":""개인의 업무 경험·의견""},{""code"":""CONSULTED"",""label"":""부서 내 확인을 거친 의견""},{""code"":""OFFICIAL"",""label"":""권한자가 확인한 공식 회신""},{""code"":""UNKNOWN"",""label"":""범위 미확인""}]","false","","{""departmentId"":""EX19"",""topicId"":""COMMON""}","[]","공식 회신 선택만으로 도입·예산·자료 이용승인이 생기는 것은 아님. 확인 근거는 별도 검토.","[""CCK-NOA"",""CTX-01"",""BOUNDARY-01""]","공통 설명·추가 의견"
"SURVEY-EX19-COMMON-CURRENT_USE","v0.2","EX19","항공자격처","COMMON","2","CURRENT_USE","현재 NOA 또는 AI 공통플랫폼을 어떤 업무에 사용하거나 확인하고 있습니까? 사용하지 않거나 기능을 모르는 경우도 작성해 주십시오.","long_text","[]","false","","{""departmentId"":""EX19"",""topicId"":""COMMON""}","[]","실제 사용 기능·업무·남는 어려움 중심. 제공된 제품 소개를 실제 설치본 기능으로 옮겨 적지 않음.","[""CCK-NOA"",""CTX-01"",""BOUNDARY-01""]","공통 설명·추가 의견"
"SURVEY-EX19-EX19-01-SCOPE_MATCH","v0.2","EX19","항공자격처","EX19-01","3","SCOPE_MATCH","제시한 업무·대상·처리단계가 귀 처의 실제 담당 범위와 일치합니까?","single_choice","[{""code"":""MATCH"",""label"":""일치""},{""code"":""PARTIAL"",""label"":""일부 수정 필요""},{""code"":""MISMATCH"",""label"":""현재 업무와 불일치""},{""code"":""OTHER_OWNER"",""label"":""다른 부서·기관 소관""},{""code"":""UNKNOWN"",""label"":""판단자료 부족""}]","false","","{""departmentId"":""EX19"",""topicId"":""EX19-01""}","[]","조직명 일치와 실제 수행·결정권한은 구분. 다른 소관이면 수정 의견만 선택 작성.","[""air-qual"",""air-existing""]","조사·기획 가설 · 현업 정합성/타당성 미확인"
"SURVEY-EX19-EX19-01-CURRENT_STATE","v0.2","EX19","항공자격처","EX19-01","3","CURRENT_STATE","제시한 병목이 현재 발생하는지 어떤 상태로 확인하고 있습니까?","single_choice","[{""code"":""OBSERVED"",""label"":""현재 발생 확인""},{""code"":""CONDITIONAL"",""label"":""특정 조건에서 발생 확인""},{""code"":""RESOLVED"",""label"":""과거 발생했으나 해결됨""},{""code"":""NO_PROBLEM_OBSERVED"",""label"":""확인한 범위에서 발생하지 않음""},{""code"":""NO_DIRECT_EXPERIENCE"",""label"":""직접 확인한 경험 없음""},{""code"":""UNKNOWN"",""label"":""확인 불가""}]","false","{""field"":""SCOPE_MATCH"",""notIn"":[""MISMATCH"",""OTHER_OWNER"",""UNKNOWN""]}","{""departmentId"":""EX19"",""topicId"":""EX19-01""}","[]","미관찰을 전체 문제 없음으로 확대하지 않음. 해결됨이면 해결 기능·시점·범위를 기록.","[""air-qual"",""air-existing""]","조사·기획 가설 · 현업 정합성/타당성 미확인"
"SURVEY-EX19-EX19-01-BOTTLENECK_VALIDITY","v0.2","EX19","항공자격처","EX19-01","3","BOTTLENECK_VALIDITY","제시한 병목 설명과 원인 가설이 실제 상황을 설명하는 데 타당합니까?","single_choice","[{""code"":""VALID"",""label"":""타당""},{""code"":""CONDITIONAL"",""label"":""조건부 타당""},{""code"":""INVALID"",""label"":""타당하지 않음""},{""code"":""UNKNOWN"",""label"":""판단자료 부족""}]","false","{""field"":""SCOPE_MATCH"",""notIn"":[""MISMATCH"",""OTHER_OWNER"",""UNKNOWN""]}","{""departmentId"":""EX19"",""topicId"":""EX19-01""}","[]","업무 담당 여부·현재 발생 상태·우선순위와 별도 판단. 제안 제품의 도입 찬반 질문이 아님.","[""air-qual"",""air-existing""]","조사·기획 가설 · 현업 정합성/타당성 미확인"
"SURVEY-EX19-EX19-01-VALIDITY_REASON","v0.2","EX19","항공자격처","EX19-01","3","VALIDITY_REASON","정합성·발생 상태·타당성 판단의 이유와 고쳐야 할 내용을 작성해 주십시오.","long_text","[]","false","","{""departmentId"":""EX19"",""topicId"":""EX19-01""}","[]","맞는 부분 / 다른 부분 / 다른 원인 / 수정할 병목 문장 / 추가 확인 순서로 작성. 불일치·자료 부족도 유효한 응답.","[""air-qual"",""air-existing""]","조사·기획 가설 · 현업 정합성/타당성 미확인"
"SURVEY-EX19-EX19-01-EVIDENCE_BASIS","v0.2","EX19","항공자격처","EX19-01","3","EVIDENCE_BASIS","판단에 사용한 근거는 무엇입니까?","multiple_choice","[{""code"":""EXPERIENCE"",""label"":""직접 처리 경험""},{""code"":""RECORD"",""label"":""기록·로그·문서""},{""code"":""EXPLANATION"",""label"":""다른 담당자의 설명""},{""code"":""PUBLIC"",""label"":""공개자료""},{""code"":""INFERENCE"",""label"":""추정·개인 의견""},{""code"":""NONE"",""label"":""별도 근거 미확보""}]","false","{""field"":""SCOPE_MATCH"",""notIn"":[""MISMATCH"",""OTHER_OWNER"",""UNKNOWN""]}","{""departmentId"":""EX19"",""topicId"":""EX19-01""}","[""NONE""]","경험과 기록은 함께 선택 가능. NONE은 다른 근거와 동시 선택하지 않음. 유형 선택만으로 검증 완료 처리하지 않음.","[""air-qual"",""air-existing""]","조사·기획 가설 · 현업 정합성/타당성 미확인"
"SURVEY-EX19-EX19-01-ACTUAL_CASE","v0.2","EX19","항공자격처","EX19-01","3","ACTUAL_CASE","공유 가능한 사례가 있다면 언제·어느 단계·누구에게 어떤 결과나 부담이 발생했는지 작성해 주십시오.","long_text","[]","false","{""all"":[{""field"":""SCOPE_MATCH"",""notIn"":[""MISMATCH"",""OTHER_OWNER"",""UNKNOWN""]},{""field"":""CURRENT_STATE"",""in"":[""OBSERVED"",""CONDITIONAL""]}]}","{""departmentId"":""EX19"",""topicId"":""EX19-01""}","[]","가명 사건 유형·기간·빈도 근거·영향·현재 대응만 작성. 이름·차량번호·연락처·질병정보·원문 민원은 입력하지 않음. 수치는 실측/집계/추정을 구분.","[""air-qual"",""air-existing""]","조사·기획 가설 · 현업 정합성/타당성 미확인"
"SURVEY-EX19-EX19-01-COUNTER_EVIDENCE","v0.2","EX19","항공자격처","EX19-01","3","COUNTER_EVIDENCE","문제 없이 완료했거나 제시한 설명과 다른 사례, 다른 원인이 있습니까?","long_text","[]","false","{""field"":""SCOPE_MATCH"",""notIn"":[""MISMATCH"",""OTHER_OWNER"",""UNKNOWN""]}","{""departmentId"":""EX19"",""topicId"":""EX19-01""}","[]","없음·직접 확인 못함도 작성 가능. 반대 사례와 소수 의견은 유지.","[""air-qual"",""air-existing""]","조사·기획 가설 · 현업 정합성/타당성 미확인"
"SURVEY-EX19-EX19-01-EXISTING_RESPONSE","v0.2","EX19","항공자격처","EX19-01","3","EXISTING_RESPONSE","현재 시스템·AI·서식·규칙·협의절차로 해결하는 부분과 남는 문제는 무엇입니까?","long_text","[]","false","{""field"":""SCOPE_MATCH"",""notIn"":[""MISMATCH"",""OTHER_OWNER"",""UNKNOWN""]}","{""departmentId"":""EX19"",""topicId"":""EX19-01""}","[]","이미 충분히 해결된다면 해당 기능·조건·해결 시점을 작성. 기존 계약·추진 중인 사업과 겹치는 범위도 설명.","[""air-qual"",""air-existing""]","조사·기획 가설 · 현업 정합성/타당성 미확인"
"SURVEY-EX19-EX19-01-IMPROVEMENT_METHOD","v0.2","EX19","항공자격처","EX19-01","3","IMPROVEMENT_METHOD","개선이 필요하다면 어떤 방식이 적절하다고 봅니까?","multiple_choice","[{""code"":""EXISTING"",""label"":""기존 기능·운영 개선""},{""code"":""DATA"",""label"":""자료·서식·식별키 정비""},{""code"":""RULE_API"",""label"":""정형 규칙·시스템 연계""},{""code"":""AI"",""label"":""NOA 등 AI 추가 적용""},{""code"":""INSTITUTION"",""label"":""인력·공급·재원·제도 개선""},{""code"":""NO_NEED"",""label"":""추가 개선 필요 없음""},{""code"":""UNKNOWN"",""label"":""판단자료 부족""}]","false","{""field"":""SCOPE_MATCH"",""notIn"":[""MISMATCH"",""OTHER_OWNER"",""UNKNOWN""]}","{""departmentId"":""EX19"",""topicId"":""EX19-01""}","[""NO_NEED"",""UNKNOWN""]","여러 개선 방식의 결합 가능. NO_NEED·UNKNOWN은 다른 방식과 동시에 선택하지 않음. AI 미선택 시 AI 세부 질문을 건너뜀.","[""air-qual"",""air-existing""]","조사·기획 가설 · 현업 정합성/타당성 미확인"
"SURVEY-EX19-EX19-01-AI_ADDED_VALUE","v0.2","EX19","항공자격처","EX19-01","3","AI_ADDED_VALUE","NOA 등 AI를 추가하면 기존 도구·정형 개선으로 달성하기 어려운 어떤 결과를 얻을 수 있습니까?","long_text","[]","false","{""all"":[{""field"":""SCOPE_MATCH"",""notIn"":[""MISMATCH"",""OTHER_OWNER"",""UNKNOWN""]},{""field"":""IMPROVEMENT_METHOD"",""includes"":""AI""}]}","{""departmentId"":""EX19"",""topicId"":""EX19-01""}","[]","기능 이름보다 달라질 판단·수행·국민/기업 결과를 작성. 기대와 실제 입증을 구분.","[""air-qual"",""air-existing""]","조사·기획 가설 · 현업 정합성/타당성 미확인"
"SURVEY-EX19-EX19-01-FEASIBILITY_CONDITIONS","v0.2","EX19","항공자격처","EX19-01","3","FEASIBILITY_CONDITIONS","추가 AI 적용을 위해 어떤 자료·연계·권한·전문 검수·운영조건을 확보해야 합니까?","long_text","[]","false","{""all"":[{""field"":""SCOPE_MATCH"",""notIn"":[""MISMATCH"",""OTHER_OWNER"",""UNKNOWN""]},{""field"":""IMPROVEMENT_METHOD"",""includes"":""AI""}]}","{""departmentId"":""EX19"",""topicId"":""EX19-01""}","[]","실제 설치본·사용권·기존 서버·조회/실행 경계·오류 복구·인수 역할 확인. 새로운 인프라 구매 없는 검토 전제.","[""air-qual"",""air-existing""]","조사·기획 가설 · 현업 정합성/타당성 미확인"
"SURVEY-EX19-EX19-01-RISK_AND_CONCERN","v0.2","EX19","항공자격처","EX19-01","3","RISK_AND_CONCERN","제안 방식이 오판·과다 보완·정보 노출·추가 업무·이용자 배제 등을 일으킬 조건은 무엇입니까?","long_text","[]","false","{""field"":""SCOPE_MATCH"",""notIn"":[""MISMATCH"",""OTHER_OWNER"",""UNKNOWN""]}","{""departmentId"":""EX19"",""topicId"":""EX19-01""}","[]","문제 없다고 단정하지 않고 예상·관찰·미확인을 구분. AI 이외 개선의 우려도 작성.","[""air-qual"",""air-existing""]","조사·기획 가설 · 현업 정합성/타당성 미확인"
"SURVEY-EX19-EX19-01-EFFECT_AND_MEASUREMENT","v0.2","EX19","항공자격처","EX19-01","3","EFFECT_AND_MEASUREMENT","제시한 효과 지표가 적절합니까? 실제 기록으로 확인할 결과와 측정하기 어려운 부분을 작성해 주십시오.","long_text","[]","false","{""field"":""SCOPE_MATCH"",""notIn"":[""MISMATCH"",""OTHER_OWNER"",""UNKNOWN""]}","{""departmentId"":""EX19"",""topicId"":""EX19-01""}","[]","분모·관측기간·비교조건·중요 오류·과잉처리·대기/활동시간을 구분. 개선율·목표값을 임의로 만들지 않음.","[""air-qual"",""air-existing""]","조사·기획 가설 · 현업 정합성/타당성 미확인"
"SURVEY-EX19-EX19-01-ALTERNATIVE_PROPOSAL","v0.2","EX19","항공자격처","EX19-01","3","ALTERNATIVE_PROPOSAL","제안된 CCK 적용 방법을 수정·축소·제외하거나 다른 방법으로 해결할 의견이 있습니까?","long_text","[]","false","{""field"":""SCOPE_MATCH"",""notIn"":[""MISMATCH"",""OTHER_OWNER"",""UNKNOWN""]}","{""departmentId"":""EX19"",""topicId"":""EX19-01""}","[]","기존 기능으로 충분 / 정형 개선 우선 / 책임·권한 문제 / 대안과 필요한 조건 등 자유 작성.","[""air-qual"",""air-existing""]","조사·기획 가설 · 현업 정합성/타당성 미확인"
"SURVEY-EX19-EX19-01-PRIORITY_REASON","v0.2","EX19","항공자격처","EX19-01","3","PRIORITY_REASON","이 문제를 다른 업무와 비교하여 왜 먼저 검토하거나 뒤로 미루어야 합니까?","long_text","[]","false","{""field"":""SCOPE_MATCH"",""notIn"":[""MISMATCH"",""OTHER_OWNER"",""UNKNOWN""]}","{""departmentId"":""EX19"",""topicId"":""EX19-01""}","[]","안전·국민/기업 편익·빈도·심각도·가용 자료·실행조건을 근거로 설명. 개선 필요 없음도 가능. 자동 점수 합산으로 사업 선정하지 않음.","[""air-qual"",""air-existing""]","조사·기획 가설 · 현업 정합성/타당성 미확인"
"SURVEY-EX19-COMMON-OTHER_WORK_DIFFICULTY","v0.2","EX19","항공자격처","COMMON","4","OTHER_WORK_DIFFICULTY","제시된 병목 외에 업무처리나 정확한 판단을 어렵게 만드는 지점은 무엇입니까?","long_text","[]","false","","{""departmentId"":""EX19"",""topicId"":""COMMON""}","[]","업무 / 발생 단계 / 대상 / 현재 대응 / 남는 문제 / 근거를 작성. 없음·담당 아님·미확인도 명시 가능.","[""CCK-NOA"",""CTX-01"",""BOUNDARY-01""]","공통 설명·추가 의견"
"SURVEY-EX19-COMMON-PUBLIC_SERVICE_ISSUE","v0.2","EX19","항공자격처","COMMON","4","PUBLIC_SERVICE_ISSUE","국민·기업이 안전·검사·자격·교통 서비스를 이용할 때 추가로 겪는 불편이나 권익 문제는 무엇입니까?","long_text","[]","false","","{""departmentId"":""EX19"",""topicId"":""COMMON""}","[]","대상자 / 원하는 결과 / 현재 경로 / 반복 설명·보완·방문·접근성 / 확인 근거. 현업의 추정과 이용자의 직접 의견을 구분.","[""CCK-NOA"",""CTX-01"",""BOUNDARY-01""]","공통 설명·추가 의견"
"SURVEY-EX19-COMMON-NEW_PROBLEM","v0.2","EX19","항공자격처","COMMON","4","NEW_PROBLEM","이번 조사에서 빠진 문제나 다른 원인 설명이 있다면 작성해 주십시오.","long_text","[]","false","","{""departmentId"":""EX19"",""topicId"":""COMMON""}","[]","기존 병목의 수정인지 별도 문제인지, 소관 후보·현재 대응·우선 이유를 설명. 없으면 없음으로 작성.","[""CCK-NOA"",""CTX-01"",""BOUNDARY-01""]","공통 설명·추가 의견"
"SURVEY-EX19-COMMON-AX_EXPANSION_OPINION","v0.2","EX19","항공자격처","COMMON","4","AX_EXPANSION_OPINION","현재 플랫폼을 확대한다면 어떤 업무의 어떤 결과를 우선 개선해야 합니까?","long_text","[]","false","","{""departmentId"":""EX19"",""topicId"":""COMMON""}","[]","현재 기능 → 남는 어려움 → 필요한 새 능력 → 업무·역할 변화 → 기관/국민 편익. 확대 불필요·비AI 대안도 가능.","[""CCK-NOA"",""CTX-01"",""BOUNDARY-01""]","공통 설명·추가 의견"
"SURVEY-EX19-COMMON-EXPANSION_LIMIT","v0.2","EX19","항공자격처","COMMON","4","EXPANSION_LIMIT","별도 전문시스템이나 권한자의 판단에 남겨야 할 범위와 확대 제약은 무엇입니까?","long_text","[]","false","","{""departmentId"":""EX19"",""topicId"":""COMMON""}","[]","공식 안전·자격·의료·처분·승인/지급 책임, 자료 이용·운영·비용 조건을 설명. 실행본 확인은 제품 담당 보충지 S01~S04와 연결.","[""CCK-NOA"",""CTX-01"",""BOUNDARY-01""]","공통 설명·추가 의견"
"SURVEY-EX20-COMMON-ROLE","v0.2","EX20","드론관리처","COMMON","2","ROLE","이번 의견을 작성하는 업무 역할은 무엇입니까?","single_choice","[{""code"":""WORK"",""label"":""업무 담당""},{""code"":""REVIEW"",""label"":""검토·승인""},{""code"":""PLANNING"",""label"":""기획·성과""},{""code"":""TECH"",""label"":""정보화·제품·운영""},{""code"":""SECURITY"",""label"":""자료·보안""},{""code"":""OTHER"",""label"":""그 밖의 역할""},{""code"":""UNKNOWN"",""label"":""역할 설명 보완 필요""}]","false","","{""departmentId"":""EX20"",""topicId"":""COMMON""}","[]","실명·연락처 대신 역할만 작성. 담당 처는 해당 양식에서 지정.","[""CCK-NOA"",""CTX-01"",""BOUNDARY-01""]","공통 설명·추가 의견"
"SURVEY-EX20-COMMON-POSITION","v0.2","EX20","드론관리처","COMMON","2","POSITION","이 응답은 어떤 범위의 의견입니까?","single_choice","[{""code"":""INDIVIDUAL"",""label"":""개인의 업무 경험·의견""},{""code"":""CONSULTED"",""label"":""부서 내 확인을 거친 의견""},{""code"":""OFFICIAL"",""label"":""권한자가 확인한 공식 회신""},{""code"":""UNKNOWN"",""label"":""범위 미확인""}]","false","","{""departmentId"":""EX20"",""topicId"":""COMMON""}","[]","공식 회신 선택만으로 도입·예산·자료 이용승인이 생기는 것은 아님. 확인 근거는 별도 검토.","[""CCK-NOA"",""CTX-01"",""BOUNDARY-01""]","공통 설명·추가 의견"
"SURVEY-EX20-COMMON-CURRENT_USE","v0.2","EX20","드론관리처","COMMON","2","CURRENT_USE","현재 NOA 또는 AI 공통플랫폼을 어떤 업무에 사용하거나 확인하고 있습니까? 사용하지 않거나 기능을 모르는 경우도 작성해 주십시오.","long_text","[]","false","","{""departmentId"":""EX20"",""topicId"":""COMMON""}","[]","실제 사용 기능·업무·남는 어려움 중심. 제공된 제품 소개를 실제 설치본 기능으로 옮겨 적지 않음.","[""CCK-NOA"",""CTX-01"",""BOUNDARY-01""]","공통 설명·추가 의견"
"SURVEY-EX20-EX20-01-SCOPE_MATCH","v0.2","EX20","드론관리처","EX20-01","3","SCOPE_MATCH","제시한 업무·대상·처리단계가 귀 처의 실제 담당 범위와 일치합니까?","single_choice","[{""code"":""MATCH"",""label"":""일치""},{""code"":""PARTIAL"",""label"":""일부 수정 필요""},{""code"":""MISMATCH"",""label"":""현재 업무와 불일치""},{""code"":""OTHER_OWNER"",""label"":""다른 부서·기관 소관""},{""code"":""UNKNOWN"",""label"":""판단자료 부족""}]","false","","{""departmentId"":""EX20"",""topicId"":""EX20-01""}","[]","조직명 일치와 실제 수행·결정권한은 구분. 다른 소관이면 수정 의견만 선택 작성.","[""drone-biz"",""drone-register""]","조사·기획 가설 · 현업 정합성/타당성 미확인"
"SURVEY-EX20-EX20-01-CURRENT_STATE","v0.2","EX20","드론관리처","EX20-01","3","CURRENT_STATE","제시한 병목이 현재 발생하는지 어떤 상태로 확인하고 있습니까?","single_choice","[{""code"":""OBSERVED"",""label"":""현재 발생 확인""},{""code"":""CONDITIONAL"",""label"":""특정 조건에서 발생 확인""},{""code"":""RESOLVED"",""label"":""과거 발생했으나 해결됨""},{""code"":""NO_PROBLEM_OBSERVED"",""label"":""확인한 범위에서 발생하지 않음""},{""code"":""NO_DIRECT_EXPERIENCE"",""label"":""직접 확인한 경험 없음""},{""code"":""UNKNOWN"",""label"":""확인 불가""}]","false","{""field"":""SCOPE_MATCH"",""notIn"":[""MISMATCH"",""OTHER_OWNER"",""UNKNOWN""]}","{""departmentId"":""EX20"",""topicId"":""EX20-01""}","[]","미관찰을 전체 문제 없음으로 확대하지 않음. 해결됨이면 해결 기능·시점·범위를 기록.","[""drone-biz"",""drone-register""]","조사·기획 가설 · 현업 정합성/타당성 미확인"
"SURVEY-EX20-EX20-01-BOTTLENECK_VALIDITY","v0.2","EX20","드론관리처","EX20-01","3","BOTTLENECK_VALIDITY","제시한 병목 설명과 원인 가설이 실제 상황을 설명하는 데 타당합니까?","single_choice","[{""code"":""VALID"",""label"":""타당""},{""code"":""CONDITIONAL"",""label"":""조건부 타당""},{""code"":""INVALID"",""label"":""타당하지 않음""},{""code"":""UNKNOWN"",""label"":""판단자료 부족""}]","false","{""field"":""SCOPE_MATCH"",""notIn"":[""MISMATCH"",""OTHER_OWNER"",""UNKNOWN""]}","{""departmentId"":""EX20"",""topicId"":""EX20-01""}","[]","업무 담당 여부·현재 발생 상태·우선순위와 별도 판단. 제안 제품의 도입 찬반 질문이 아님.","[""drone-biz"",""drone-register""]","조사·기획 가설 · 현업 정합성/타당성 미확인"
"SURVEY-EX20-EX20-01-VALIDITY_REASON","v0.2","EX20","드론관리처","EX20-01","3","VALIDITY_REASON","정합성·발생 상태·타당성 판단의 이유와 고쳐야 할 내용을 작성해 주십시오.","long_text","[]","false","","{""departmentId"":""EX20"",""topicId"":""EX20-01""}","[]","맞는 부분 / 다른 부분 / 다른 원인 / 수정할 병목 문장 / 추가 확인 순서로 작성. 불일치·자료 부족도 유효한 응답.","[""drone-biz"",""drone-register""]","조사·기획 가설 · 현업 정합성/타당성 미확인"
"SURVEY-EX20-EX20-01-EVIDENCE_BASIS","v0.2","EX20","드론관리처","EX20-01","3","EVIDENCE_BASIS","판단에 사용한 근거는 무엇입니까?","multiple_choice","[{""code"":""EXPERIENCE"",""label"":""직접 처리 경험""},{""code"":""RECORD"",""label"":""기록·로그·문서""},{""code"":""EXPLANATION"",""label"":""다른 담당자의 설명""},{""code"":""PUBLIC"",""label"":""공개자료""},{""code"":""INFERENCE"",""label"":""추정·개인 의견""},{""code"":""NONE"",""label"":""별도 근거 미확보""}]","false","{""field"":""SCOPE_MATCH"",""notIn"":[""MISMATCH"",""OTHER_OWNER"",""UNKNOWN""]}","{""departmentId"":""EX20"",""topicId"":""EX20-01""}","[""NONE""]","경험과 기록은 함께 선택 가능. NONE은 다른 근거와 동시 선택하지 않음. 유형 선택만으로 검증 완료 처리하지 않음.","[""drone-biz"",""drone-register""]","조사·기획 가설 · 현업 정합성/타당성 미확인"
"SURVEY-EX20-EX20-01-ACTUAL_CASE","v0.2","EX20","드론관리처","EX20-01","3","ACTUAL_CASE","공유 가능한 사례가 있다면 언제·어느 단계·누구에게 어떤 결과나 부담이 발생했는지 작성해 주십시오.","long_text","[]","false","{""all"":[{""field"":""SCOPE_MATCH"",""notIn"":[""MISMATCH"",""OTHER_OWNER"",""UNKNOWN""]},{""field"":""CURRENT_STATE"",""in"":[""OBSERVED"",""CONDITIONAL""]}]}","{""departmentId"":""EX20"",""topicId"":""EX20-01""}","[]","가명 사건 유형·기간·빈도 근거·영향·현재 대응만 작성. 이름·차량번호·연락처·질병정보·원문 민원은 입력하지 않음. 수치는 실측/집계/추정을 구분.","[""drone-biz"",""drone-register""]","조사·기획 가설 · 현업 정합성/타당성 미확인"
"SURVEY-EX20-EX20-01-COUNTER_EVIDENCE","v0.2","EX20","드론관리처","EX20-01","3","COUNTER_EVIDENCE","문제 없이 완료했거나 제시한 설명과 다른 사례, 다른 원인이 있습니까?","long_text","[]","false","{""field"":""SCOPE_MATCH"",""notIn"":[""MISMATCH"",""OTHER_OWNER"",""UNKNOWN""]}","{""departmentId"":""EX20"",""topicId"":""EX20-01""}","[]","없음·직접 확인 못함도 작성 가능. 반대 사례와 소수 의견은 유지.","[""drone-biz"",""drone-register""]","조사·기획 가설 · 현업 정합성/타당성 미확인"
"SURVEY-EX20-EX20-01-EXISTING_RESPONSE","v0.2","EX20","드론관리처","EX20-01","3","EXISTING_RESPONSE","현재 시스템·AI·서식·규칙·협의절차로 해결하는 부분과 남는 문제는 무엇입니까?","long_text","[]","false","{""field"":""SCOPE_MATCH"",""notIn"":[""MISMATCH"",""OTHER_OWNER"",""UNKNOWN""]}","{""departmentId"":""EX20"",""topicId"":""EX20-01""}","[]","이미 충분히 해결된다면 해당 기능·조건·해결 시점을 작성. 기존 계약·추진 중인 사업과 겹치는 범위도 설명.","[""drone-biz"",""drone-register""]","조사·기획 가설 · 현업 정합성/타당성 미확인"
"SURVEY-EX20-EX20-01-IMPROVEMENT_METHOD","v0.2","EX20","드론관리처","EX20-01","3","IMPROVEMENT_METHOD","개선이 필요하다면 어떤 방식이 적절하다고 봅니까?","multiple_choice","[{""code"":""EXISTING"",""label"":""기존 기능·운영 개선""},{""code"":""DATA"",""label"":""자료·서식·식별키 정비""},{""code"":""RULE_API"",""label"":""정형 규칙·시스템 연계""},{""code"":""AI"",""label"":""NOA 등 AI 추가 적용""},{""code"":""INSTITUTION"",""label"":""인력·공급·재원·제도 개선""},{""code"":""NO_NEED"",""label"":""추가 개선 필요 없음""},{""code"":""UNKNOWN"",""label"":""판단자료 부족""}]","false","{""field"":""SCOPE_MATCH"",""notIn"":[""MISMATCH"",""OTHER_OWNER"",""UNKNOWN""]}","{""departmentId"":""EX20"",""topicId"":""EX20-01""}","[""NO_NEED"",""UNKNOWN""]","여러 개선 방식의 결합 가능. NO_NEED·UNKNOWN은 다른 방식과 동시에 선택하지 않음. AI 미선택 시 AI 세부 질문을 건너뜀.","[""drone-biz"",""drone-register""]","조사·기획 가설 · 현업 정합성/타당성 미확인"
"SURVEY-EX20-EX20-01-AI_ADDED_VALUE","v0.2","EX20","드론관리처","EX20-01","3","AI_ADDED_VALUE","NOA 등 AI를 추가하면 기존 도구·정형 개선으로 달성하기 어려운 어떤 결과를 얻을 수 있습니까?","long_text","[]","false","{""all"":[{""field"":""SCOPE_MATCH"",""notIn"":[""MISMATCH"",""OTHER_OWNER"",""UNKNOWN""]},{""field"":""IMPROVEMENT_METHOD"",""includes"":""AI""}]}","{""departmentId"":""EX20"",""topicId"":""EX20-01""}","[]","기능 이름보다 달라질 판단·수행·국민/기업 결과를 작성. 기대와 실제 입증을 구분.","[""drone-biz"",""drone-register""]","조사·기획 가설 · 현업 정합성/타당성 미확인"
"SURVEY-EX20-EX20-01-FEASIBILITY_CONDITIONS","v0.2","EX20","드론관리처","EX20-01","3","FEASIBILITY_CONDITIONS","추가 AI 적용을 위해 어떤 자료·연계·권한·전문 검수·운영조건을 확보해야 합니까?","long_text","[]","false","{""all"":[{""field"":""SCOPE_MATCH"",""notIn"":[""MISMATCH"",""OTHER_OWNER"",""UNKNOWN""]},{""field"":""IMPROVEMENT_METHOD"",""includes"":""AI""}]}","{""departmentId"":""EX20"",""topicId"":""EX20-01""}","[]","실제 설치본·사용권·기존 서버·조회/실행 경계·오류 복구·인수 역할 확인. 새로운 인프라 구매 없는 검토 전제.","[""drone-biz"",""drone-register""]","조사·기획 가설 · 현업 정합성/타당성 미확인"
"SURVEY-EX20-EX20-01-RISK_AND_CONCERN","v0.2","EX20","드론관리처","EX20-01","3","RISK_AND_CONCERN","제안 방식이 오판·과다 보완·정보 노출·추가 업무·이용자 배제 등을 일으킬 조건은 무엇입니까?","long_text","[]","false","{""field"":""SCOPE_MATCH"",""notIn"":[""MISMATCH"",""OTHER_OWNER"",""UNKNOWN""]}","{""departmentId"":""EX20"",""topicId"":""EX20-01""}","[]","문제 없다고 단정하지 않고 예상·관찰·미확인을 구분. AI 이외 개선의 우려도 작성.","[""drone-biz"",""drone-register""]","조사·기획 가설 · 현업 정합성/타당성 미확인"
"SURVEY-EX20-EX20-01-EFFECT_AND_MEASUREMENT","v0.2","EX20","드론관리처","EX20-01","3","EFFECT_AND_MEASUREMENT","제시한 효과 지표가 적절합니까? 실제 기록으로 확인할 결과와 측정하기 어려운 부분을 작성해 주십시오.","long_text","[]","false","{""field"":""SCOPE_MATCH"",""notIn"":[""MISMATCH"",""OTHER_OWNER"",""UNKNOWN""]}","{""departmentId"":""EX20"",""topicId"":""EX20-01""}","[]","분모·관측기간·비교조건·중요 오류·과잉처리·대기/활동시간을 구분. 개선율·목표값을 임의로 만들지 않음.","[""drone-biz"",""drone-register""]","조사·기획 가설 · 현업 정합성/타당성 미확인"
"SURVEY-EX20-EX20-01-ALTERNATIVE_PROPOSAL","v0.2","EX20","드론관리처","EX20-01","3","ALTERNATIVE_PROPOSAL","제안된 CCK 적용 방법을 수정·축소·제외하거나 다른 방법으로 해결할 의견이 있습니까?","long_text","[]","false","{""field"":""SCOPE_MATCH"",""notIn"":[""MISMATCH"",""OTHER_OWNER"",""UNKNOWN""]}","{""departmentId"":""EX20"",""topicId"":""EX20-01""}","[]","기존 기능으로 충분 / 정형 개선 우선 / 책임·권한 문제 / 대안과 필요한 조건 등 자유 작성.","[""drone-biz"",""drone-register""]","조사·기획 가설 · 현업 정합성/타당성 미확인"
"SURVEY-EX20-EX20-01-PRIORITY_REASON","v0.2","EX20","드론관리처","EX20-01","3","PRIORITY_REASON","이 문제를 다른 업무와 비교하여 왜 먼저 검토하거나 뒤로 미루어야 합니까?","long_text","[]","false","{""field"":""SCOPE_MATCH"",""notIn"":[""MISMATCH"",""OTHER_OWNER"",""UNKNOWN""]}","{""departmentId"":""EX20"",""topicId"":""EX20-01""}","[]","안전·국민/기업 편익·빈도·심각도·가용 자료·실행조건을 근거로 설명. 개선 필요 없음도 가능. 자동 점수 합산으로 사업 선정하지 않음.","[""drone-biz"",""drone-register""]","조사·기획 가설 · 현업 정합성/타당성 미확인"
"SURVEY-EX20-COMMON-OTHER_WORK_DIFFICULTY","v0.2","EX20","드론관리처","COMMON","4","OTHER_WORK_DIFFICULTY","제시된 병목 외에 업무처리나 정확한 판단을 어렵게 만드는 지점은 무엇입니까?","long_text","[]","false","","{""departmentId"":""EX20"",""topicId"":""COMMON""}","[]","업무 / 발생 단계 / 대상 / 현재 대응 / 남는 문제 / 근거를 작성. 없음·담당 아님·미확인도 명시 가능.","[""CCK-NOA"",""CTX-01"",""BOUNDARY-01""]","공통 설명·추가 의견"
"SURVEY-EX20-COMMON-PUBLIC_SERVICE_ISSUE","v0.2","EX20","드론관리처","COMMON","4","PUBLIC_SERVICE_ISSUE","국민·기업이 안전·검사·자격·교통 서비스를 이용할 때 추가로 겪는 불편이나 권익 문제는 무엇입니까?","long_text","[]","false","","{""departmentId"":""EX20"",""topicId"":""COMMON""}","[]","대상자 / 원하는 결과 / 현재 경로 / 반복 설명·보완·방문·접근성 / 확인 근거. 현업의 추정과 이용자의 직접 의견을 구분.","[""CCK-NOA"",""CTX-01"",""BOUNDARY-01""]","공통 설명·추가 의견"
"SURVEY-EX20-COMMON-NEW_PROBLEM","v0.2","EX20","드론관리처","COMMON","4","NEW_PROBLEM","이번 조사에서 빠진 문제나 다른 원인 설명이 있다면 작성해 주십시오.","long_text","[]","false","","{""departmentId"":""EX20"",""topicId"":""COMMON""}","[]","기존 병목의 수정인지 별도 문제인지, 소관 후보·현재 대응·우선 이유를 설명. 없으면 없음으로 작성.","[""CCK-NOA"",""CTX-01"",""BOUNDARY-01""]","공통 설명·추가 의견"
"SURVEY-EX20-COMMON-AX_EXPANSION_OPINION","v0.2","EX20","드론관리처","COMMON","4","AX_EXPANSION_OPINION","현재 플랫폼을 확대한다면 어떤 업무의 어떤 결과를 우선 개선해야 합니까?","long_text","[]","false","","{""departmentId"":""EX20"",""topicId"":""COMMON""}","[]","현재 기능 → 남는 어려움 → 필요한 새 능력 → 업무·역할 변화 → 기관/국민 편익. 확대 불필요·비AI 대안도 가능.","[""CCK-NOA"",""CTX-01"",""BOUNDARY-01""]","공통 설명·추가 의견"
"SURVEY-EX20-COMMON-EXPANSION_LIMIT","v0.2","EX20","드론관리처","COMMON","4","EXPANSION_LIMIT","별도 전문시스템이나 권한자의 판단에 남겨야 할 범위와 확대 제약은 무엇입니까?","long_text","[]","false","","{""departmentId"":""EX20"",""topicId"":""COMMON""}","[]","공식 안전·자격·의료·처분·승인/지급 책임, 자료 이용·운영·비용 조건을 설명. 실행본 확인은 제품 담당 보충지 S01~S04와 연결.","[""CCK-NOA"",""CTX-01"",""BOUNDARY-01""]","공통 설명·추가 의견"
"SURVEY-EX21-COMMON-ROLE","v0.2","EX21","도심항공정책처","COMMON","2","ROLE","이번 의견을 작성하는 업무 역할은 무엇입니까?","single_choice","[{""code"":""WORK"",""label"":""업무 담당""},{""code"":""REVIEW"",""label"":""검토·승인""},{""code"":""PLANNING"",""label"":""기획·성과""},{""code"":""TECH"",""label"":""정보화·제품·운영""},{""code"":""SECURITY"",""label"":""자료·보안""},{""code"":""OTHER"",""label"":""그 밖의 역할""},{""code"":""UNKNOWN"",""label"":""역할 설명 보완 필요""}]","false","","{""departmentId"":""EX21"",""topicId"":""COMMON""}","[]","실명·연락처 대신 역할만 작성. 담당 처는 해당 양식에서 지정.","[""CCK-NOA"",""CTX-01"",""BOUNDARY-01""]","공통 설명·추가 의견"
"SURVEY-EX21-COMMON-POSITION","v0.2","EX21","도심항공정책처","COMMON","2","POSITION","이 응답은 어떤 범위의 의견입니까?","single_choice","[{""code"":""INDIVIDUAL"",""label"":""개인의 업무 경험·의견""},{""code"":""CONSULTED"",""label"":""부서 내 확인을 거친 의견""},{""code"":""OFFICIAL"",""label"":""권한자가 확인한 공식 회신""},{""code"":""UNKNOWN"",""label"":""범위 미확인""}]","false","","{""departmentId"":""EX21"",""topicId"":""COMMON""}","[]","공식 회신 선택만으로 도입·예산·자료 이용승인이 생기는 것은 아님. 확인 근거는 별도 검토.","[""CCK-NOA"",""CTX-01"",""BOUNDARY-01""]","공통 설명·추가 의견"
"SURVEY-EX21-COMMON-CURRENT_USE","v0.2","EX21","도심항공정책처","COMMON","2","CURRENT_USE","현재 NOA 또는 AI 공통플랫폼을 어떤 업무에 사용하거나 확인하고 있습니까? 사용하지 않거나 기능을 모르는 경우도 작성해 주십시오.","long_text","[]","false","","{""departmentId"":""EX21"",""topicId"":""COMMON""}","[]","실제 사용 기능·업무·남는 어려움 중심. 제공된 제품 소개를 실제 설치본 기능으로 옮겨 적지 않음.","[""CCK-NOA"",""CTX-01"",""BOUNDARY-01""]","공통 설명·추가 의견"
"SURVEY-EX21-EX21-01-SCOPE_MATCH","v0.2","EX21","도심항공정책처","EX21-01","3","SCOPE_MATCH","제시한 업무·대상·처리단계가 귀 처의 실제 담당 범위와 일치합니까?","single_choice","[{""code"":""MATCH"",""label"":""일치""},{""code"":""PARTIAL"",""label"":""일부 수정 필요""},{""code"":""MISMATCH"",""label"":""현재 업무와 불일치""},{""code"":""OTHER_OWNER"",""label"":""다른 부서·기관 소관""},{""code"":""UNKNOWN"",""label"":""판단자료 부족""}]","false","","{""departmentId"":""EX21"",""topicId"":""EX21-01""}","[]","조직명 일치와 실제 수행·결정권한은 구분. 다른 소관이면 수정 의견만 선택 작성.","[""uam"",""uam-event""]","조사·기획 가설 · 현업 정합성/타당성 미확인"
"SURVEY-EX21-EX21-01-CURRENT_STATE","v0.2","EX21","도심항공정책처","EX21-01","3","CURRENT_STATE","제시한 병목이 현재 발생하는지 어떤 상태로 확인하고 있습니까?","single_choice","[{""code"":""OBSERVED"",""label"":""현재 발생 확인""},{""code"":""CONDITIONAL"",""label"":""특정 조건에서 발생 확인""},{""code"":""RESOLVED"",""label"":""과거 발생했으나 해결됨""},{""code"":""NO_PROBLEM_OBSERVED"",""label"":""확인한 범위에서 발생하지 않음""},{""code"":""NO_DIRECT_EXPERIENCE"",""label"":""직접 확인한 경험 없음""},{""code"":""UNKNOWN"",""label"":""확인 불가""}]","false","{""field"":""SCOPE_MATCH"",""notIn"":[""MISMATCH"",""OTHER_OWNER"",""UNKNOWN""]}","{""departmentId"":""EX21"",""topicId"":""EX21-01""}","[]","미관찰을 전체 문제 없음으로 확대하지 않음. 해결됨이면 해결 기능·시점·범위를 기록.","[""uam"",""uam-event""]","조사·기획 가설 · 현업 정합성/타당성 미확인"
"SURVEY-EX21-EX21-01-BOTTLENECK_VALIDITY","v0.2","EX21","도심항공정책처","EX21-01","3","BOTTLENECK_VALIDITY","제시한 병목 설명과 원인 가설이 실제 상황을 설명하는 데 타당합니까?","single_choice","[{""code"":""VALID"",""label"":""타당""},{""code"":""CONDITIONAL"",""label"":""조건부 타당""},{""code"":""INVALID"",""label"":""타당하지 않음""},{""code"":""UNKNOWN"",""label"":""판단자료 부족""}]","false","{""field"":""SCOPE_MATCH"",""notIn"":[""MISMATCH"",""OTHER_OWNER"",""UNKNOWN""]}","{""departmentId"":""EX21"",""topicId"":""EX21-01""}","[]","업무 담당 여부·현재 발생 상태·우선순위와 별도 판단. 제안 제품의 도입 찬반 질문이 아님.","[""uam"",""uam-event""]","조사·기획 가설 · 현업 정합성/타당성 미확인"
"SURVEY-EX21-EX21-01-VALIDITY_REASON","v0.2","EX21","도심항공정책처","EX21-01","3","VALIDITY_REASON","정합성·발생 상태·타당성 판단의 이유와 고쳐야 할 내용을 작성해 주십시오.","long_text","[]","false","","{""departmentId"":""EX21"",""topicId"":""EX21-01""}","[]","맞는 부분 / 다른 부분 / 다른 원인 / 수정할 병목 문장 / 추가 확인 순서로 작성. 불일치·자료 부족도 유효한 응답.","[""uam"",""uam-event""]","조사·기획 가설 · 현업 정합성/타당성 미확인"
"SURVEY-EX21-EX21-01-EVIDENCE_BASIS","v0.2","EX21","도심항공정책처","EX21-01","3","EVIDENCE_BASIS","판단에 사용한 근거는 무엇입니까?","multiple_choice","[{""code"":""EXPERIENCE"",""label"":""직접 처리 경험""},{""code"":""RECORD"",""label"":""기록·로그·문서""},{""code"":""EXPLANATION"",""label"":""다른 담당자의 설명""},{""code"":""PUBLIC"",""label"":""공개자료""},{""code"":""INFERENCE"",""label"":""추정·개인 의견""},{""code"":""NONE"",""label"":""별도 근거 미확보""}]","false","{""field"":""SCOPE_MATCH"",""notIn"":[""MISMATCH"",""OTHER_OWNER"",""UNKNOWN""]}","{""departmentId"":""EX21"",""topicId"":""EX21-01""}","[""NONE""]","경험과 기록은 함께 선택 가능. NONE은 다른 근거와 동시 선택하지 않음. 유형 선택만으로 검증 완료 처리하지 않음.","[""uam"",""uam-event""]","조사·기획 가설 · 현업 정합성/타당성 미확인"
"SURVEY-EX21-EX21-01-ACTUAL_CASE","v0.2","EX21","도심항공정책처","EX21-01","3","ACTUAL_CASE","공유 가능한 사례가 있다면 언제·어느 단계·누구에게 어떤 결과나 부담이 발생했는지 작성해 주십시오.","long_text","[]","false","{""all"":[{""field"":""SCOPE_MATCH"",""notIn"":[""MISMATCH"",""OTHER_OWNER"",""UNKNOWN""]},{""field"":""CURRENT_STATE"",""in"":[""OBSERVED"",""CONDITIONAL""]}]}","{""departmentId"":""EX21"",""topicId"":""EX21-01""}","[]","가명 사건 유형·기간·빈도 근거·영향·현재 대응만 작성. 이름·차량번호·연락처·질병정보·원문 민원은 입력하지 않음. 수치는 실측/집계/추정을 구분.","[""uam"",""uam-event""]","조사·기획 가설 · 현업 정합성/타당성 미확인"
"SURVEY-EX21-EX21-01-COUNTER_EVIDENCE","v0.2","EX21","도심항공정책처","EX21-01","3","COUNTER_EVIDENCE","문제 없이 완료했거나 제시한 설명과 다른 사례, 다른 원인이 있습니까?","long_text","[]","false","{""field"":""SCOPE_MATCH"",""notIn"":[""MISMATCH"",""OTHER_OWNER"",""UNKNOWN""]}","{""departmentId"":""EX21"",""topicId"":""EX21-01""}","[]","없음·직접 확인 못함도 작성 가능. 반대 사례와 소수 의견은 유지.","[""uam"",""uam-event""]","조사·기획 가설 · 현업 정합성/타당성 미확인"
"SURVEY-EX21-EX21-01-EXISTING_RESPONSE","v0.2","EX21","도심항공정책처","EX21-01","3","EXISTING_RESPONSE","현재 시스템·AI·서식·규칙·협의절차로 해결하는 부분과 남는 문제는 무엇입니까?","long_text","[]","false","{""field"":""SCOPE_MATCH"",""notIn"":[""MISMATCH"",""OTHER_OWNER"",""UNKNOWN""]}","{""departmentId"":""EX21"",""topicId"":""EX21-01""}","[]","이미 충분히 해결된다면 해당 기능·조건·해결 시점을 작성. 기존 계약·추진 중인 사업과 겹치는 범위도 설명.","[""uam"",""uam-event""]","조사·기획 가설 · 현업 정합성/타당성 미확인"
"SURVEY-EX21-EX21-01-IMPROVEMENT_METHOD","v0.2","EX21","도심항공정책처","EX21-01","3","IMPROVEMENT_METHOD","개선이 필요하다면 어떤 방식이 적절하다고 봅니까?","multiple_choice","[{""code"":""EXISTING"",""label"":""기존 기능·운영 개선""},{""code"":""DATA"",""label"":""자료·서식·식별키 정비""},{""code"":""RULE_API"",""label"":""정형 규칙·시스템 연계""},{""code"":""AI"",""label"":""NOA 등 AI 추가 적용""},{""code"":""INSTITUTION"",""label"":""인력·공급·재원·제도 개선""},{""code"":""NO_NEED"",""label"":""추가 개선 필요 없음""},{""code"":""UNKNOWN"",""label"":""판단자료 부족""}]","false","{""field"":""SCOPE_MATCH"",""notIn"":[""MISMATCH"",""OTHER_OWNER"",""UNKNOWN""]}","{""departmentId"":""EX21"",""topicId"":""EX21-01""}","[""NO_NEED"",""UNKNOWN""]","여러 개선 방식의 결합 가능. NO_NEED·UNKNOWN은 다른 방식과 동시에 선택하지 않음. AI 미선택 시 AI 세부 질문을 건너뜀.","[""uam"",""uam-event""]","조사·기획 가설 · 현업 정합성/타당성 미확인"
"SURVEY-EX21-EX21-01-AI_ADDED_VALUE","v0.2","EX21","도심항공정책처","EX21-01","3","AI_ADDED_VALUE","NOA 등 AI를 추가하면 기존 도구·정형 개선으로 달성하기 어려운 어떤 결과를 얻을 수 있습니까?","long_text","[]","false","{""all"":[{""field"":""SCOPE_MATCH"",""notIn"":[""MISMATCH"",""OTHER_OWNER"",""UNKNOWN""]},{""field"":""IMPROVEMENT_METHOD"",""includes"":""AI""}]}","{""departmentId"":""EX21"",""topicId"":""EX21-01""}","[]","기능 이름보다 달라질 판단·수행·국민/기업 결과를 작성. 기대와 실제 입증을 구분.","[""uam"",""uam-event""]","조사·기획 가설 · 현업 정합성/타당성 미확인"
"SURVEY-EX21-EX21-01-FEASIBILITY_CONDITIONS","v0.2","EX21","도심항공정책처","EX21-01","3","FEASIBILITY_CONDITIONS","추가 AI 적용을 위해 어떤 자료·연계·권한·전문 검수·운영조건을 확보해야 합니까?","long_text","[]","false","{""all"":[{""field"":""SCOPE_MATCH"",""notIn"":[""MISMATCH"",""OTHER_OWNER"",""UNKNOWN""]},{""field"":""IMPROVEMENT_METHOD"",""includes"":""AI""}]}","{""departmentId"":""EX21"",""topicId"":""EX21-01""}","[]","실제 설치본·사용권·기존 서버·조회/실행 경계·오류 복구·인수 역할 확인. 새로운 인프라 구매 없는 검토 전제.","[""uam"",""uam-event""]","조사·기획 가설 · 현업 정합성/타당성 미확인"
"SURVEY-EX21-EX21-01-RISK_AND_CONCERN","v0.2","EX21","도심항공정책처","EX21-01","3","RISK_AND_CONCERN","제안 방식이 오판·과다 보완·정보 노출·추가 업무·이용자 배제 등을 일으킬 조건은 무엇입니까?","long_text","[]","false","{""field"":""SCOPE_MATCH"",""notIn"":[""MISMATCH"",""OTHER_OWNER"",""UNKNOWN""]}","{""departmentId"":""EX21"",""topicId"":""EX21-01""}","[]","문제 없다고 단정하지 않고 예상·관찰·미확인을 구분. AI 이외 개선의 우려도 작성.","[""uam"",""uam-event""]","조사·기획 가설 · 현업 정합성/타당성 미확인"
"SURVEY-EX21-EX21-01-EFFECT_AND_MEASUREMENT","v0.2","EX21","도심항공정책처","EX21-01","3","EFFECT_AND_MEASUREMENT","제시한 효과 지표가 적절합니까? 실제 기록으로 확인할 결과와 측정하기 어려운 부분을 작성해 주십시오.","long_text","[]","false","{""field"":""SCOPE_MATCH"",""notIn"":[""MISMATCH"",""OTHER_OWNER"",""UNKNOWN""]}","{""departmentId"":""EX21"",""topicId"":""EX21-01""}","[]","분모·관측기간·비교조건·중요 오류·과잉처리·대기/활동시간을 구분. 개선율·목표값을 임의로 만들지 않음.","[""uam"",""uam-event""]","조사·기획 가설 · 현업 정합성/타당성 미확인"
"SURVEY-EX21-EX21-01-ALTERNATIVE_PROPOSAL","v0.2","EX21","도심항공정책처","EX21-01","3","ALTERNATIVE_PROPOSAL","제안된 CCK 적용 방법을 수정·축소·제외하거나 다른 방법으로 해결할 의견이 있습니까?","long_text","[]","false","{""field"":""SCOPE_MATCH"",""notIn"":[""MISMATCH"",""OTHER_OWNER"",""UNKNOWN""]}","{""departmentId"":""EX21"",""topicId"":""EX21-01""}","[]","기존 기능으로 충분 / 정형 개선 우선 / 책임·권한 문제 / 대안과 필요한 조건 등 자유 작성.","[""uam"",""uam-event""]","조사·기획 가설 · 현업 정합성/타당성 미확인"
"SURVEY-EX21-EX21-01-PRIORITY_REASON","v0.2","EX21","도심항공정책처","EX21-01","3","PRIORITY_REASON","이 문제를 다른 업무와 비교하여 왜 먼저 검토하거나 뒤로 미루어야 합니까?","long_text","[]","false","{""field"":""SCOPE_MATCH"",""notIn"":[""MISMATCH"",""OTHER_OWNER"",""UNKNOWN""]}","{""departmentId"":""EX21"",""topicId"":""EX21-01""}","[]","안전·국민/기업 편익·빈도·심각도·가용 자료·실행조건을 근거로 설명. 개선 필요 없음도 가능. 자동 점수 합산으로 사업 선정하지 않음.","[""uam"",""uam-event""]","조사·기획 가설 · 현업 정합성/타당성 미확인"
"SURVEY-EX21-COMMON-OTHER_WORK_DIFFICULTY","v0.2","EX21","도심항공정책처","COMMON","4","OTHER_WORK_DIFFICULTY","제시된 병목 외에 업무처리나 정확한 판단을 어렵게 만드는 지점은 무엇입니까?","long_text","[]","false","","{""departmentId"":""EX21"",""topicId"":""COMMON""}","[]","업무 / 발생 단계 / 대상 / 현재 대응 / 남는 문제 / 근거를 작성. 없음·담당 아님·미확인도 명시 가능.","[""CCK-NOA"",""CTX-01"",""BOUNDARY-01""]","공통 설명·추가 의견"
"SURVEY-EX21-COMMON-PUBLIC_SERVICE_ISSUE","v0.2","EX21","도심항공정책처","COMMON","4","PUBLIC_SERVICE_ISSUE","국민·기업이 안전·검사·자격·교통 서비스를 이용할 때 추가로 겪는 불편이나 권익 문제는 무엇입니까?","long_text","[]","false","","{""departmentId"":""EX21"",""topicId"":""COMMON""}","[]","대상자 / 원하는 결과 / 현재 경로 / 반복 설명·보완·방문·접근성 / 확인 근거. 현업의 추정과 이용자의 직접 의견을 구분.","[""CCK-NOA"",""CTX-01"",""BOUNDARY-01""]","공통 설명·추가 의견"
"SURVEY-EX21-COMMON-NEW_PROBLEM","v0.2","EX21","도심항공정책처","COMMON","4","NEW_PROBLEM","이번 조사에서 빠진 문제나 다른 원인 설명이 있다면 작성해 주십시오.","long_text","[]","false","","{""departmentId"":""EX21"",""topicId"":""COMMON""}","[]","기존 병목의 수정인지 별도 문제인지, 소관 후보·현재 대응·우선 이유를 설명. 없으면 없음으로 작성.","[""CCK-NOA"",""CTX-01"",""BOUNDARY-01""]","공통 설명·추가 의견"
"SURVEY-EX21-COMMON-AX_EXPANSION_OPINION","v0.2","EX21","도심항공정책처","COMMON","4","AX_EXPANSION_OPINION","현재 플랫폼을 확대한다면 어떤 업무의 어떤 결과를 우선 개선해야 합니까?","long_text","[]","false","","{""departmentId"":""EX21"",""topicId"":""COMMON""}","[]","현재 기능 → 남는 어려움 → 필요한 새 능력 → 업무·역할 변화 → 기관/국민 편익. 확대 불필요·비AI 대안도 가능.","[""CCK-NOA"",""CTX-01"",""BOUNDARY-01""]","공통 설명·추가 의견"
"SURVEY-EX21-COMMON-EXPANSION_LIMIT","v0.2","EX21","도심항공정책처","COMMON","4","EXPANSION_LIMIT","별도 전문시스템이나 권한자의 판단에 남겨야 할 범위와 확대 제약은 무엇입니까?","long_text","[]","false","","{""departmentId"":""EX21"",""topicId"":""COMMON""}","[]","공식 안전·자격·의료·처분·승인/지급 책임, 자료 이용·운영·비용 조건을 설명. 실행본 확인은 제품 담당 보충지 S01~S04와 연결.","[""CCK-NOA"",""CTX-01"",""BOUNDARY-01""]","공통 설명·추가 의견"
"SURVEY-EX22-COMMON-ROLE","v0.2","EX22","철도안전처","COMMON","2","ROLE","이번 의견을 작성하는 업무 역할은 무엇입니까?","single_choice","[{""code"":""WORK"",""label"":""업무 담당""},{""code"":""REVIEW"",""label"":""검토·승인""},{""code"":""PLANNING"",""label"":""기획·성과""},{""code"":""TECH"",""label"":""정보화·제품·운영""},{""code"":""SECURITY"",""label"":""자료·보안""},{""code"":""OTHER"",""label"":""그 밖의 역할""},{""code"":""UNKNOWN"",""label"":""역할 설명 보완 필요""}]","false","","{""departmentId"":""EX22"",""topicId"":""COMMON""}","[]","실명·연락처 대신 역할만 작성. 담당 처는 해당 양식에서 지정.","[""CCK-NOA"",""CTX-01"",""BOUNDARY-01""]","공통 설명·추가 의견"
"SURVEY-EX22-COMMON-POSITION","v0.2","EX22","철도안전처","COMMON","2","POSITION","이 응답은 어떤 범위의 의견입니까?","single_choice","[{""code"":""INDIVIDUAL"",""label"":""개인의 업무 경험·의견""},{""code"":""CONSULTED"",""label"":""부서 내 확인을 거친 의견""},{""code"":""OFFICIAL"",""label"":""권한자가 확인한 공식 회신""},{""code"":""UNKNOWN"",""label"":""범위 미확인""}]","false","","{""departmentId"":""EX22"",""topicId"":""COMMON""}","[]","공식 회신 선택만으로 도입·예산·자료 이용승인이 생기는 것은 아님. 확인 근거는 별도 검토.","[""CCK-NOA"",""CTX-01"",""BOUNDARY-01""]","공통 설명·추가 의견"
"SURVEY-EX22-COMMON-CURRENT_USE","v0.2","EX22","철도안전처","COMMON","2","CURRENT_USE","현재 NOA 또는 AI 공통플랫폼을 어떤 업무에 사용하거나 확인하고 있습니까? 사용하지 않거나 기능을 모르는 경우도 작성해 주십시오.","long_text","[]","false","","{""departmentId"":""EX22"",""topicId"":""COMMON""}","[]","실제 사용 기능·업무·남는 어려움 중심. 제공된 제품 소개를 실제 설치본 기능으로 옮겨 적지 않음.","[""CCK-NOA"",""CTX-01"",""BOUNDARY-01""]","공통 설명·추가 의견"
"SURVEY-EX22-EX22-01-SCOPE_MATCH","v0.2","EX22","철도안전처","EX22-01","3","SCOPE_MATCH","제시한 업무·대상·처리단계가 귀 처의 실제 담당 범위와 일치합니까?","single_choice","[{""code"":""MATCH"",""label"":""일치""},{""code"":""PARTIAL"",""label"":""일부 수정 필요""},{""code"":""MISMATCH"",""label"":""현재 업무와 불일치""},{""code"":""OTHER_OWNER"",""label"":""다른 부서·기관 소관""},{""code"":""UNKNOWN"",""label"":""판단자료 부족""}]","false","","{""departmentId"":""EX22"",""topicId"":""EX22-01""}","[]","조직명 일치와 실제 수행·결정권한은 구분. 다른 소관이면 수정 의견만 선택 작성.","[""rail-report"",""rail-system""]","조사·기획 가설 · 현업 정합성/타당성 미확인"
"SURVEY-EX22-EX22-01-CURRENT_STATE","v0.2","EX22","철도안전처","EX22-01","3","CURRENT_STATE","제시한 병목이 현재 발생하는지 어떤 상태로 확인하고 있습니까?","single_choice","[{""code"":""OBSERVED"",""label"":""현재 발생 확인""},{""code"":""CONDITIONAL"",""label"":""특정 조건에서 발생 확인""},{""code"":""RESOLVED"",""label"":""과거 발생했으나 해결됨""},{""code"":""NO_PROBLEM_OBSERVED"",""label"":""확인한 범위에서 발생하지 않음""},{""code"":""NO_DIRECT_EXPERIENCE"",""label"":""직접 확인한 경험 없음""},{""code"":""UNKNOWN"",""label"":""확인 불가""}]","false","{""field"":""SCOPE_MATCH"",""notIn"":[""MISMATCH"",""OTHER_OWNER"",""UNKNOWN""]}","{""departmentId"":""EX22"",""topicId"":""EX22-01""}","[]","미관찰을 전체 문제 없음으로 확대하지 않음. 해결됨이면 해결 기능·시점·범위를 기록.","[""rail-report"",""rail-system""]","조사·기획 가설 · 현업 정합성/타당성 미확인"
"SURVEY-EX22-EX22-01-BOTTLENECK_VALIDITY","v0.2","EX22","철도안전처","EX22-01","3","BOTTLENECK_VALIDITY","제시한 병목 설명과 원인 가설이 실제 상황을 설명하는 데 타당합니까?","single_choice","[{""code"":""VALID"",""label"":""타당""},{""code"":""CONDITIONAL"",""label"":""조건부 타당""},{""code"":""INVALID"",""label"":""타당하지 않음""},{""code"":""UNKNOWN"",""label"":""판단자료 부족""}]","false","{""field"":""SCOPE_MATCH"",""notIn"":[""MISMATCH"",""OTHER_OWNER"",""UNKNOWN""]}","{""departmentId"":""EX22"",""topicId"":""EX22-01""}","[]","업무 담당 여부·현재 발생 상태·우선순위와 별도 판단. 제안 제품의 도입 찬반 질문이 아님.","[""rail-report"",""rail-system""]","조사·기획 가설 · 현업 정합성/타당성 미확인"
"SURVEY-EX22-EX22-01-VALIDITY_REASON","v0.2","EX22","철도안전처","EX22-01","3","VALIDITY_REASON","정합성·발생 상태·타당성 판단의 이유와 고쳐야 할 내용을 작성해 주십시오.","long_text","[]","false","","{""departmentId"":""EX22"",""topicId"":""EX22-01""}","[]","맞는 부분 / 다른 부분 / 다른 원인 / 수정할 병목 문장 / 추가 확인 순서로 작성. 불일치·자료 부족도 유효한 응답.","[""rail-report"",""rail-system""]","조사·기획 가설 · 현업 정합성/타당성 미확인"
"SURVEY-EX22-EX22-01-EVIDENCE_BASIS","v0.2","EX22","철도안전처","EX22-01","3","EVIDENCE_BASIS","판단에 사용한 근거는 무엇입니까?","multiple_choice","[{""code"":""EXPERIENCE"",""label"":""직접 처리 경험""},{""code"":""RECORD"",""label"":""기록·로그·문서""},{""code"":""EXPLANATION"",""label"":""다른 담당자의 설명""},{""code"":""PUBLIC"",""label"":""공개자료""},{""code"":""INFERENCE"",""label"":""추정·개인 의견""},{""code"":""NONE"",""label"":""별도 근거 미확보""}]","false","{""field"":""SCOPE_MATCH"",""notIn"":[""MISMATCH"",""OTHER_OWNER"",""UNKNOWN""]}","{""departmentId"":""EX22"",""topicId"":""EX22-01""}","[""NONE""]","경험과 기록은 함께 선택 가능. NONE은 다른 근거와 동시 선택하지 않음. 유형 선택만으로 검증 완료 처리하지 않음.","[""rail-report"",""rail-system""]","조사·기획 가설 · 현업 정합성/타당성 미확인"
"SURVEY-EX22-EX22-01-ACTUAL_CASE","v0.2","EX22","철도안전처","EX22-01","3","ACTUAL_CASE","공유 가능한 사례가 있다면 언제·어느 단계·누구에게 어떤 결과나 부담이 발생했는지 작성해 주십시오.","long_text","[]","false","{""all"":[{""field"":""SCOPE_MATCH"",""notIn"":[""MISMATCH"",""OTHER_OWNER"",""UNKNOWN""]},{""field"":""CURRENT_STATE"",""in"":[""OBSERVED"",""CONDITIONAL""]}]}","{""departmentId"":""EX22"",""topicId"":""EX22-01""}","[]","가명 사건 유형·기간·빈도 근거·영향·현재 대응만 작성. 이름·차량번호·연락처·질병정보·원문 민원은 입력하지 않음. 수치는 실측/집계/추정을 구분.","[""rail-report"",""rail-system""]","조사·기획 가설 · 현업 정합성/타당성 미확인"
"SURVEY-EX22-EX22-01-COUNTER_EVIDENCE","v0.2","EX22","철도안전처","EX22-01","3","COUNTER_EVIDENCE","문제 없이 완료했거나 제시한 설명과 다른 사례, 다른 원인이 있습니까?","long_text","[]","false","{""field"":""SCOPE_MATCH"",""notIn"":[""MISMATCH"",""OTHER_OWNER"",""UNKNOWN""]}","{""departmentId"":""EX22"",""topicId"":""EX22-01""}","[]","없음·직접 확인 못함도 작성 가능. 반대 사례와 소수 의견은 유지.","[""rail-report"",""rail-system""]","조사·기획 가설 · 현업 정합성/타당성 미확인"
"SURVEY-EX22-EX22-01-EXISTING_RESPONSE","v0.2","EX22","철도안전처","EX22-01","3","EXISTING_RESPONSE","현재 시스템·AI·서식·규칙·협의절차로 해결하는 부분과 남는 문제는 무엇입니까?","long_text","[]","false","{""field"":""SCOPE_MATCH"",""notIn"":[""MISMATCH"",""OTHER_OWNER"",""UNKNOWN""]}","{""departmentId"":""EX22"",""topicId"":""EX22-01""}","[]","이미 충분히 해결된다면 해당 기능·조건·해결 시점을 작성. 기존 계약·추진 중인 사업과 겹치는 범위도 설명.","[""rail-report"",""rail-system""]","조사·기획 가설 · 현업 정합성/타당성 미확인"
"SURVEY-EX22-EX22-01-IMPROVEMENT_METHOD","v0.2","EX22","철도안전처","EX22-01","3","IMPROVEMENT_METHOD","개선이 필요하다면 어떤 방식이 적절하다고 봅니까?","multiple_choice","[{""code"":""EXISTING"",""label"":""기존 기능·운영 개선""},{""code"":""DATA"",""label"":""자료·서식·식별키 정비""},{""code"":""RULE_API"",""label"":""정형 규칙·시스템 연계""},{""code"":""AI"",""label"":""NOA 등 AI 추가 적용""},{""code"":""INSTITUTION"",""label"":""인력·공급·재원·제도 개선""},{""code"":""NO_NEED"",""label"":""추가 개선 필요 없음""},{""code"":""UNKNOWN"",""label"":""판단자료 부족""}]","false","{""field"":""SCOPE_MATCH"",""notIn"":[""MISMATCH"",""OTHER_OWNER"",""UNKNOWN""]}","{""departmentId"":""EX22"",""topicId"":""EX22-01""}","[""NO_NEED"",""UNKNOWN""]","여러 개선 방식의 결합 가능. NO_NEED·UNKNOWN은 다른 방식과 동시에 선택하지 않음. AI 미선택 시 AI 세부 질문을 건너뜀.","[""rail-report"",""rail-system""]","조사·기획 가설 · 현업 정합성/타당성 미확인"
"SURVEY-EX22-EX22-01-AI_ADDED_VALUE","v0.2","EX22","철도안전처","EX22-01","3","AI_ADDED_VALUE","NOA 등 AI를 추가하면 기존 도구·정형 개선으로 달성하기 어려운 어떤 결과를 얻을 수 있습니까?","long_text","[]","false","{""all"":[{""field"":""SCOPE_MATCH"",""notIn"":[""MISMATCH"",""OTHER_OWNER"",""UNKNOWN""]},{""field"":""IMPROVEMENT_METHOD"",""includes"":""AI""}]}","{""departmentId"":""EX22"",""topicId"":""EX22-01""}","[]","기능 이름보다 달라질 판단·수행·국민/기업 결과를 작성. 기대와 실제 입증을 구분.","[""rail-report"",""rail-system""]","조사·기획 가설 · 현업 정합성/타당성 미확인"
"SURVEY-EX22-EX22-01-FEASIBILITY_CONDITIONS","v0.2","EX22","철도안전처","EX22-01","3","FEASIBILITY_CONDITIONS","추가 AI 적용을 위해 어떤 자료·연계·권한·전문 검수·운영조건을 확보해야 합니까?","long_text","[]","false","{""all"":[{""field"":""SCOPE_MATCH"",""notIn"":[""MISMATCH"",""OTHER_OWNER"",""UNKNOWN""]},{""field"":""IMPROVEMENT_METHOD"",""includes"":""AI""}]}","{""departmentId"":""EX22"",""topicId"":""EX22-01""}","[]","실제 설치본·사용권·기존 서버·조회/실행 경계·오류 복구·인수 역할 확인. 새로운 인프라 구매 없는 검토 전제.","[""rail-report"",""rail-system""]","조사·기획 가설 · 현업 정합성/타당성 미확인"
"SURVEY-EX22-EX22-01-RISK_AND_CONCERN","v0.2","EX22","철도안전처","EX22-01","3","RISK_AND_CONCERN","제안 방식이 오판·과다 보완·정보 노출·추가 업무·이용자 배제 등을 일으킬 조건은 무엇입니까?","long_text","[]","false","{""field"":""SCOPE_MATCH"",""notIn"":[""MISMATCH"",""OTHER_OWNER"",""UNKNOWN""]}","{""departmentId"":""EX22"",""topicId"":""EX22-01""}","[]","문제 없다고 단정하지 않고 예상·관찰·미확인을 구분. AI 이외 개선의 우려도 작성.","[""rail-report"",""rail-system""]","조사·기획 가설 · 현업 정합성/타당성 미확인"
"SURVEY-EX22-EX22-01-EFFECT_AND_MEASUREMENT","v0.2","EX22","철도안전처","EX22-01","3","EFFECT_AND_MEASUREMENT","제시한 효과 지표가 적절합니까? 실제 기록으로 확인할 결과와 측정하기 어려운 부분을 작성해 주십시오.","long_text","[]","false","{""field"":""SCOPE_MATCH"",""notIn"":[""MISMATCH"",""OTHER_OWNER"",""UNKNOWN""]}","{""departmentId"":""EX22"",""topicId"":""EX22-01""}","[]","분모·관측기간·비교조건·중요 오류·과잉처리·대기/활동시간을 구분. 개선율·목표값을 임의로 만들지 않음.","[""rail-report"",""rail-system""]","조사·기획 가설 · 현업 정합성/타당성 미확인"
"SURVEY-EX22-EX22-01-ALTERNATIVE_PROPOSAL","v0.2","EX22","철도안전처","EX22-01","3","ALTERNATIVE_PROPOSAL","제안된 CCK 적용 방법을 수정·축소·제외하거나 다른 방법으로 해결할 의견이 있습니까?","long_text","[]","false","{""field"":""SCOPE_MATCH"",""notIn"":[""MISMATCH"",""OTHER_OWNER"",""UNKNOWN""]}","{""departmentId"":""EX22"",""topicId"":""EX22-01""}","[]","기존 기능으로 충분 / 정형 개선 우선 / 책임·권한 문제 / 대안과 필요한 조건 등 자유 작성.","[""rail-report"",""rail-system""]","조사·기획 가설 · 현업 정합성/타당성 미확인"
"SURVEY-EX22-EX22-01-PRIORITY_REASON","v0.2","EX22","철도안전처","EX22-01","3","PRIORITY_REASON","이 문제를 다른 업무와 비교하여 왜 먼저 검토하거나 뒤로 미루어야 합니까?","long_text","[]","false","{""field"":""SCOPE_MATCH"",""notIn"":[""MISMATCH"",""OTHER_OWNER"",""UNKNOWN""]}","{""departmentId"":""EX22"",""topicId"":""EX22-01""}","[]","안전·국민/기업 편익·빈도·심각도·가용 자료·실행조건을 근거로 설명. 개선 필요 없음도 가능. 자동 점수 합산으로 사업 선정하지 않음.","[""rail-report"",""rail-system""]","조사·기획 가설 · 현업 정합성/타당성 미확인"
"SURVEY-EX22-EX22-02-SCOPE_MATCH","v0.2","EX22","철도안전처","EX22-02","4","SCOPE_MATCH","제시한 업무·대상·처리단계가 귀 처의 실제 담당 범위와 일치합니까?","single_choice","[{""code"":""MATCH"",""label"":""일치""},{""code"":""PARTIAL"",""label"":""일부 수정 필요""},{""code"":""MISMATCH"",""label"":""현재 업무와 불일치""},{""code"":""OTHER_OWNER"",""label"":""다른 부서·기관 소관""},{""code"":""UNKNOWN"",""label"":""판단자료 부족""}]","false","","{""departmentId"":""EX22"",""topicId"":""EX22-02""}","[]","조직명 일치와 실제 수행·결정권한은 구분. 다른 소관이면 수정 의견만 선택 작성.","[""rail-qual"",""rail-qual-role""]","조사·기획 가설 · 현업 정합성/타당성 미확인"
"SURVEY-EX22-EX22-02-CURRENT_STATE","v0.2","EX22","철도안전처","EX22-02","4","CURRENT_STATE","제시한 병목이 현재 발생하는지 어떤 상태로 확인하고 있습니까?","single_choice","[{""code"":""OBSERVED"",""label"":""현재 발생 확인""},{""code"":""CONDITIONAL"",""label"":""특정 조건에서 발생 확인""},{""code"":""RESOLVED"",""label"":""과거 발생했으나 해결됨""},{""code"":""NO_PROBLEM_OBSERVED"",""label"":""확인한 범위에서 발생하지 않음""},{""code"":""NO_DIRECT_EXPERIENCE"",""label"":""직접 확인한 경험 없음""},{""code"":""UNKNOWN"",""label"":""확인 불가""}]","false","{""field"":""SCOPE_MATCH"",""notIn"":[""MISMATCH"",""OTHER_OWNER"",""UNKNOWN""]}","{""departmentId"":""EX22"",""topicId"":""EX22-02""}","[]","미관찰을 전체 문제 없음으로 확대하지 않음. 해결됨이면 해결 기능·시점·범위를 기록.","[""rail-qual"",""rail-qual-role""]","조사·기획 가설 · 현업 정합성/타당성 미확인"
"SURVEY-EX22-EX22-02-BOTTLENECK_VALIDITY","v0.2","EX22","철도안전처","EX22-02","4","BOTTLENECK_VALIDITY","제시한 병목 설명과 원인 가설이 실제 상황을 설명하는 데 타당합니까?","single_choice","[{""code"":""VALID"",""label"":""타당""},{""code"":""CONDITIONAL"",""label"":""조건부 타당""},{""code"":""INVALID"",""label"":""타당하지 않음""},{""code"":""UNKNOWN"",""label"":""판단자료 부족""}]","false","{""field"":""SCOPE_MATCH"",""notIn"":[""MISMATCH"",""OTHER_OWNER"",""UNKNOWN""]}","{""departmentId"":""EX22"",""topicId"":""EX22-02""}","[]","업무 담당 여부·현재 발생 상태·우선순위와 별도 판단. 제안 제품의 도입 찬반 질문이 아님.","[""rail-qual"",""rail-qual-role""]","조사·기획 가설 · 현업 정합성/타당성 미확인"
"SURVEY-EX22-EX22-02-VALIDITY_REASON","v0.2","EX22","철도안전처","EX22-02","4","VALIDITY_REASON","정합성·발생 상태·타당성 판단의 이유와 고쳐야 할 내용을 작성해 주십시오.","long_text","[]","false","","{""departmentId"":""EX22"",""topicId"":""EX22-02""}","[]","맞는 부분 / 다른 부분 / 다른 원인 / 수정할 병목 문장 / 추가 확인 순서로 작성. 불일치·자료 부족도 유효한 응답.","[""rail-qual"",""rail-qual-role""]","조사·기획 가설 · 현업 정합성/타당성 미확인"
"SURVEY-EX22-EX22-02-EVIDENCE_BASIS","v0.2","EX22","철도안전처","EX22-02","4","EVIDENCE_BASIS","판단에 사용한 근거는 무엇입니까?","multiple_choice","[{""code"":""EXPERIENCE"",""label"":""직접 처리 경험""},{""code"":""RECORD"",""label"":""기록·로그·문서""},{""code"":""EXPLANATION"",""label"":""다른 담당자의 설명""},{""code"":""PUBLIC"",""label"":""공개자료""},{""code"":""INFERENCE"",""label"":""추정·개인 의견""},{""code"":""NONE"",""label"":""별도 근거 미확보""}]","false","{""field"":""SCOPE_MATCH"",""notIn"":[""MISMATCH"",""OTHER_OWNER"",""UNKNOWN""]}","{""departmentId"":""EX22"",""topicId"":""EX22-02""}","[""NONE""]","경험과 기록은 함께 선택 가능. NONE은 다른 근거와 동시 선택하지 않음. 유형 선택만으로 검증 완료 처리하지 않음.","[""rail-qual"",""rail-qual-role""]","조사·기획 가설 · 현업 정합성/타당성 미확인"
"SURVEY-EX22-EX22-02-ACTUAL_CASE","v0.2","EX22","철도안전처","EX22-02","4","ACTUAL_CASE","공유 가능한 사례가 있다면 언제·어느 단계·누구에게 어떤 결과나 부담이 발생했는지 작성해 주십시오.","long_text","[]","false","{""all"":[{""field"":""SCOPE_MATCH"",""notIn"":[""MISMATCH"",""OTHER_OWNER"",""UNKNOWN""]},{""field"":""CURRENT_STATE"",""in"":[""OBSERVED"",""CONDITIONAL""]}]}","{""departmentId"":""EX22"",""topicId"":""EX22-02""}","[]","가명 사건 유형·기간·빈도 근거·영향·현재 대응만 작성. 이름·차량번호·연락처·질병정보·원문 민원은 입력하지 않음. 수치는 실측/집계/추정을 구분.","[""rail-qual"",""rail-qual-role""]","조사·기획 가설 · 현업 정합성/타당성 미확인"
"SURVEY-EX22-EX22-02-COUNTER_EVIDENCE","v0.2","EX22","철도안전처","EX22-02","4","COUNTER_EVIDENCE","문제 없이 완료했거나 제시한 설명과 다른 사례, 다른 원인이 있습니까?","long_text","[]","false","{""field"":""SCOPE_MATCH"",""notIn"":[""MISMATCH"",""OTHER_OWNER"",""UNKNOWN""]}","{""departmentId"":""EX22"",""topicId"":""EX22-02""}","[]","없음·직접 확인 못함도 작성 가능. 반대 사례와 소수 의견은 유지.","[""rail-qual"",""rail-qual-role""]","조사·기획 가설 · 현업 정합성/타당성 미확인"
"SURVEY-EX22-EX22-02-EXISTING_RESPONSE","v0.2","EX22","철도안전처","EX22-02","4","EXISTING_RESPONSE","현재 시스템·AI·서식·규칙·협의절차로 해결하는 부분과 남는 문제는 무엇입니까?","long_text","[]","false","{""field"":""SCOPE_MATCH"",""notIn"":[""MISMATCH"",""OTHER_OWNER"",""UNKNOWN""]}","{""departmentId"":""EX22"",""topicId"":""EX22-02""}","[]","이미 충분히 해결된다면 해당 기능·조건·해결 시점을 작성. 기존 계약·추진 중인 사업과 겹치는 범위도 설명.","[""rail-qual"",""rail-qual-role""]","조사·기획 가설 · 현업 정합성/타당성 미확인"
"SURVEY-EX22-EX22-02-IMPROVEMENT_METHOD","v0.2","EX22","철도안전처","EX22-02","4","IMPROVEMENT_METHOD","개선이 필요하다면 어떤 방식이 적절하다고 봅니까?","multiple_choice","[{""code"":""EXISTING"",""label"":""기존 기능·운영 개선""},{""code"":""DATA"",""label"":""자료·서식·식별키 정비""},{""code"":""RULE_API"",""label"":""정형 규칙·시스템 연계""},{""code"":""AI"",""label"":""NOA 등 AI 추가 적용""},{""code"":""INSTITUTION"",""label"":""인력·공급·재원·제도 개선""},{""code"":""NO_NEED"",""label"":""추가 개선 필요 없음""},{""code"":""UNKNOWN"",""label"":""판단자료 부족""}]","false","{""field"":""SCOPE_MATCH"",""notIn"":[""MISMATCH"",""OTHER_OWNER"",""UNKNOWN""]}","{""departmentId"":""EX22"",""topicId"":""EX22-02""}","[""NO_NEED"",""UNKNOWN""]","여러 개선 방식의 결합 가능. NO_NEED·UNKNOWN은 다른 방식과 동시에 선택하지 않음. AI 미선택 시 AI 세부 질문을 건너뜀.","[""rail-qual"",""rail-qual-role""]","조사·기획 가설 · 현업 정합성/타당성 미확인"
"SURVEY-EX22-EX22-02-AI_ADDED_VALUE","v0.2","EX22","철도안전처","EX22-02","4","AI_ADDED_VALUE","NOA 등 AI를 추가하면 기존 도구·정형 개선으로 달성하기 어려운 어떤 결과를 얻을 수 있습니까?","long_text","[]","false","{""all"":[{""field"":""SCOPE_MATCH"",""notIn"":[""MISMATCH"",""OTHER_OWNER"",""UNKNOWN""]},{""field"":""IMPROVEMENT_METHOD"",""includes"":""AI""}]}","{""departmentId"":""EX22"",""topicId"":""EX22-02""}","[]","기능 이름보다 달라질 판단·수행·국민/기업 결과를 작성. 기대와 실제 입증을 구분.","[""rail-qual"",""rail-qual-role""]","조사·기획 가설 · 현업 정합성/타당성 미확인"
"SURVEY-EX22-EX22-02-FEASIBILITY_CONDITIONS","v0.2","EX22","철도안전처","EX22-02","4","FEASIBILITY_CONDITIONS","추가 AI 적용을 위해 어떤 자료·연계·권한·전문 검수·운영조건을 확보해야 합니까?","long_text","[]","false","{""all"":[{""field"":""SCOPE_MATCH"",""notIn"":[""MISMATCH"",""OTHER_OWNER"",""UNKNOWN""]},{""field"":""IMPROVEMENT_METHOD"",""includes"":""AI""}]}","{""departmentId"":""EX22"",""topicId"":""EX22-02""}","[]","실제 설치본·사용권·기존 서버·조회/실행 경계·오류 복구·인수 역할 확인. 새로운 인프라 구매 없는 검토 전제.","[""rail-qual"",""rail-qual-role""]","조사·기획 가설 · 현업 정합성/타당성 미확인"
"SURVEY-EX22-EX22-02-RISK_AND_CONCERN","v0.2","EX22","철도안전처","EX22-02","4","RISK_AND_CONCERN","제안 방식이 오판·과다 보완·정보 노출·추가 업무·이용자 배제 등을 일으킬 조건은 무엇입니까?","long_text","[]","false","{""field"":""SCOPE_MATCH"",""notIn"":[""MISMATCH"",""OTHER_OWNER"",""UNKNOWN""]}","{""departmentId"":""EX22"",""topicId"":""EX22-02""}","[]","문제 없다고 단정하지 않고 예상·관찰·미확인을 구분. AI 이외 개선의 우려도 작성.","[""rail-qual"",""rail-qual-role""]","조사·기획 가설 · 현업 정합성/타당성 미확인"
"SURVEY-EX22-EX22-02-EFFECT_AND_MEASUREMENT","v0.2","EX22","철도안전처","EX22-02","4","EFFECT_AND_MEASUREMENT","제시한 효과 지표가 적절합니까? 실제 기록으로 확인할 결과와 측정하기 어려운 부분을 작성해 주십시오.","long_text","[]","false","{""field"":""SCOPE_MATCH"",""notIn"":[""MISMATCH"",""OTHER_OWNER"",""UNKNOWN""]}","{""departmentId"":""EX22"",""topicId"":""EX22-02""}","[]","분모·관측기간·비교조건·중요 오류·과잉처리·대기/활동시간을 구분. 개선율·목표값을 임의로 만들지 않음.","[""rail-qual"",""rail-qual-role""]","조사·기획 가설 · 현업 정합성/타당성 미확인"
"SURVEY-EX22-EX22-02-ALTERNATIVE_PROPOSAL","v0.2","EX22","철도안전처","EX22-02","4","ALTERNATIVE_PROPOSAL","제안된 CCK 적용 방법을 수정·축소·제외하거나 다른 방법으로 해결할 의견이 있습니까?","long_text","[]","false","{""field"":""SCOPE_MATCH"",""notIn"":[""MISMATCH"",""OTHER_OWNER"",""UNKNOWN""]}","{""departmentId"":""EX22"",""topicId"":""EX22-02""}","[]","기존 기능으로 충분 / 정형 개선 우선 / 책임·권한 문제 / 대안과 필요한 조건 등 자유 작성.","[""rail-qual"",""rail-qual-role""]","조사·기획 가설 · 현업 정합성/타당성 미확인"
"SURVEY-EX22-EX22-02-PRIORITY_REASON","v0.2","EX22","철도안전처","EX22-02","4","PRIORITY_REASON","이 문제를 다른 업무와 비교하여 왜 먼저 검토하거나 뒤로 미루어야 합니까?","long_text","[]","false","{""field"":""SCOPE_MATCH"",""notIn"":[""MISMATCH"",""OTHER_OWNER"",""UNKNOWN""]}","{""departmentId"":""EX22"",""topicId"":""EX22-02""}","[]","안전·국민/기업 편익·빈도·심각도·가용 자료·실행조건을 근거로 설명. 개선 필요 없음도 가능. 자동 점수 합산으로 사업 선정하지 않음.","[""rail-qual"",""rail-qual-role""]","조사·기획 가설 · 현업 정합성/타당성 미확인"
"SURVEY-EX22-COMMON-OTHER_WORK_DIFFICULTY","v0.2","EX22","철도안전처","COMMON","5","OTHER_WORK_DIFFICULTY","제시된 병목 외에 업무처리나 정확한 판단을 어렵게 만드는 지점은 무엇입니까?","long_text","[]","false","","{""departmentId"":""EX22"",""topicId"":""COMMON""}","[]","업무 / 발생 단계 / 대상 / 현재 대응 / 남는 문제 / 근거를 작성. 없음·담당 아님·미확인도 명시 가능.","[""CCK-NOA"",""CTX-01"",""BOUNDARY-01""]","공통 설명·추가 의견"
"SURVEY-EX22-COMMON-PUBLIC_SERVICE_ISSUE","v0.2","EX22","철도안전처","COMMON","5","PUBLIC_SERVICE_ISSUE","국민·기업이 안전·검사·자격·교통 서비스를 이용할 때 추가로 겪는 불편이나 권익 문제는 무엇입니까?","long_text","[]","false","","{""departmentId"":""EX22"",""topicId"":""COMMON""}","[]","대상자 / 원하는 결과 / 현재 경로 / 반복 설명·보완·방문·접근성 / 확인 근거. 현업의 추정과 이용자의 직접 의견을 구분.","[""CCK-NOA"",""CTX-01"",""BOUNDARY-01""]","공통 설명·추가 의견"
"SURVEY-EX22-COMMON-NEW_PROBLEM","v0.2","EX22","철도안전처","COMMON","5","NEW_PROBLEM","이번 조사에서 빠진 문제나 다른 원인 설명이 있다면 작성해 주십시오.","long_text","[]","false","","{""departmentId"":""EX22"",""topicId"":""COMMON""}","[]","기존 병목의 수정인지 별도 문제인지, 소관 후보·현재 대응·우선 이유를 설명. 없으면 없음으로 작성.","[""CCK-NOA"",""CTX-01"",""BOUNDARY-01""]","공통 설명·추가 의견"
"SURVEY-EX22-COMMON-AX_EXPANSION_OPINION","v0.2","EX22","철도안전처","COMMON","5","AX_EXPANSION_OPINION","현재 플랫폼을 확대한다면 어떤 업무의 어떤 결과를 우선 개선해야 합니까?","long_text","[]","false","","{""departmentId"":""EX22"",""topicId"":""COMMON""}","[]","현재 기능 → 남는 어려움 → 필요한 새 능력 → 업무·역할 변화 → 기관/국민 편익. 확대 불필요·비AI 대안도 가능.","[""CCK-NOA"",""CTX-01"",""BOUNDARY-01""]","공통 설명·추가 의견"
"SURVEY-EX22-COMMON-EXPANSION_LIMIT","v0.2","EX22","철도안전처","COMMON","5","EXPANSION_LIMIT","별도 전문시스템이나 권한자의 판단에 남겨야 할 범위와 확대 제약은 무엇입니까?","long_text","[]","false","","{""departmentId"":""EX22"",""topicId"":""COMMON""}","[]","공식 안전·자격·의료·처분·승인/지급 책임, 자료 이용·운영·비용 조건을 설명. 실행본 확인은 제품 담당 보충지 S01~S04와 연결.","[""CCK-NOA"",""CTX-01"",""BOUNDARY-01""]","공통 설명·추가 의견"
"SURVEY-EX23-COMMON-ROLE","v0.2","EX23","철도승인처","COMMON","2","ROLE","이번 의견을 작성하는 업무 역할은 무엇입니까?","single_choice","[{""code"":""WORK"",""label"":""업무 담당""},{""code"":""REVIEW"",""label"":""검토·승인""},{""code"":""PLANNING"",""label"":""기획·성과""},{""code"":""TECH"",""label"":""정보화·제품·운영""},{""code"":""SECURITY"",""label"":""자료·보안""},{""code"":""OTHER"",""label"":""그 밖의 역할""},{""code"":""UNKNOWN"",""label"":""역할 설명 보완 필요""}]","false","","{""departmentId"":""EX23"",""topicId"":""COMMON""}","[]","실명·연락처 대신 역할만 작성. 담당 처는 해당 양식에서 지정.","[""CCK-NOA"",""CTX-01"",""BOUNDARY-01""]","공통 설명·추가 의견"
"SURVEY-EX23-COMMON-POSITION","v0.2","EX23","철도승인처","COMMON","2","POSITION","이 응답은 어떤 범위의 의견입니까?","single_choice","[{""code"":""INDIVIDUAL"",""label"":""개인의 업무 경험·의견""},{""code"":""CONSULTED"",""label"":""부서 내 확인을 거친 의견""},{""code"":""OFFICIAL"",""label"":""권한자가 확인한 공식 회신""},{""code"":""UNKNOWN"",""label"":""범위 미확인""}]","false","","{""departmentId"":""EX23"",""topicId"":""COMMON""}","[]","공식 회신 선택만으로 도입·예산·자료 이용승인이 생기는 것은 아님. 확인 근거는 별도 검토.","[""CCK-NOA"",""CTX-01"",""BOUNDARY-01""]","공통 설명·추가 의견"
"SURVEY-EX23-COMMON-CURRENT_USE","v0.2","EX23","철도승인처","COMMON","2","CURRENT_USE","현재 NOA 또는 AI 공통플랫폼을 어떤 업무에 사용하거나 확인하고 있습니까? 사용하지 않거나 기능을 모르는 경우도 작성해 주십시오.","long_text","[]","false","","{""departmentId"":""EX23"",""topicId"":""COMMON""}","[]","실제 사용 기능·업무·남는 어려움 중심. 제공된 제품 소개를 실제 설치본 기능으로 옮겨 적지 않음.","[""CCK-NOA"",""CTX-01"",""BOUNDARY-01""]","공통 설명·추가 의견"
"SURVEY-EX23-EX23-01-SCOPE_MATCH","v0.2","EX23","철도승인처","EX23-01","3","SCOPE_MATCH","제시한 업무·대상·처리단계가 귀 처의 실제 담당 범위와 일치합니까?","single_choice","[{""code"":""MATCH"",""label"":""일치""},{""code"":""PARTIAL"",""label"":""일부 수정 필요""},{""code"":""MISMATCH"",""label"":""현재 업무와 불일치""},{""code"":""OTHER_OWNER"",""label"":""다른 부서·기관 소관""},{""code"":""UNKNOWN"",""label"":""판단자료 부족""}]","false","","{""departmentId"":""EX23"",""topicId"":""EX23-01""}","[]","조직명 일치와 실제 수행·결정권한은 구분. 다른 소관이면 수정 의견만 선택 작성.","[""rail-approval"",""rail-system""]","조사·기획 가설 · 현업 정합성/타당성 미확인"
"SURVEY-EX23-EX23-01-CURRENT_STATE","v0.2","EX23","철도승인처","EX23-01","3","CURRENT_STATE","제시한 병목이 현재 발생하는지 어떤 상태로 확인하고 있습니까?","single_choice","[{""code"":""OBSERVED"",""label"":""현재 발생 확인""},{""code"":""CONDITIONAL"",""label"":""특정 조건에서 발생 확인""},{""code"":""RESOLVED"",""label"":""과거 발생했으나 해결됨""},{""code"":""NO_PROBLEM_OBSERVED"",""label"":""확인한 범위에서 발생하지 않음""},{""code"":""NO_DIRECT_EXPERIENCE"",""label"":""직접 확인한 경험 없음""},{""code"":""UNKNOWN"",""label"":""확인 불가""}]","false","{""field"":""SCOPE_MATCH"",""notIn"":[""MISMATCH"",""OTHER_OWNER"",""UNKNOWN""]}","{""departmentId"":""EX23"",""topicId"":""EX23-01""}","[]","미관찰을 전체 문제 없음으로 확대하지 않음. 해결됨이면 해결 기능·시점·범위를 기록.","[""rail-approval"",""rail-system""]","조사·기획 가설 · 현업 정합성/타당성 미확인"
"SURVEY-EX23-EX23-01-BOTTLENECK_VALIDITY","v0.2","EX23","철도승인처","EX23-01","3","BOTTLENECK_VALIDITY","제시한 병목 설명과 원인 가설이 실제 상황을 설명하는 데 타당합니까?","single_choice","[{""code"":""VALID"",""label"":""타당""},{""code"":""CONDITIONAL"",""label"":""조건부 타당""},{""code"":""INVALID"",""label"":""타당하지 않음""},{""code"":""UNKNOWN"",""label"":""판단자료 부족""}]","false","{""field"":""SCOPE_MATCH"",""notIn"":[""MISMATCH"",""OTHER_OWNER"",""UNKNOWN""]}","{""departmentId"":""EX23"",""topicId"":""EX23-01""}","[]","업무 담당 여부·현재 발생 상태·우선순위와 별도 판단. 제안 제품의 도입 찬반 질문이 아님.","[""rail-approval"",""rail-system""]","조사·기획 가설 · 현업 정합성/타당성 미확인"
"SURVEY-EX23-EX23-01-VALIDITY_REASON","v0.2","EX23","철도승인처","EX23-01","3","VALIDITY_REASON","정합성·발생 상태·타당성 판단의 이유와 고쳐야 할 내용을 작성해 주십시오.","long_text","[]","false","","{""departmentId"":""EX23"",""topicId"":""EX23-01""}","[]","맞는 부분 / 다른 부분 / 다른 원인 / 수정할 병목 문장 / 추가 확인 순서로 작성. 불일치·자료 부족도 유효한 응답.","[""rail-approval"",""rail-system""]","조사·기획 가설 · 현업 정합성/타당성 미확인"
"SURVEY-EX23-EX23-01-EVIDENCE_BASIS","v0.2","EX23","철도승인처","EX23-01","3","EVIDENCE_BASIS","판단에 사용한 근거는 무엇입니까?","multiple_choice","[{""code"":""EXPERIENCE"",""label"":""직접 처리 경험""},{""code"":""RECORD"",""label"":""기록·로그·문서""},{""code"":""EXPLANATION"",""label"":""다른 담당자의 설명""},{""code"":""PUBLIC"",""label"":""공개자료""},{""code"":""INFERENCE"",""label"":""추정·개인 의견""},{""code"":""NONE"",""label"":""별도 근거 미확보""}]","false","{""field"":""SCOPE_MATCH"",""notIn"":[""MISMATCH"",""OTHER_OWNER"",""UNKNOWN""]}","{""departmentId"":""EX23"",""topicId"":""EX23-01""}","[""NONE""]","경험과 기록은 함께 선택 가능. NONE은 다른 근거와 동시 선택하지 않음. 유형 선택만으로 검증 완료 처리하지 않음.","[""rail-approval"",""rail-system""]","조사·기획 가설 · 현업 정합성/타당성 미확인"
"SURVEY-EX23-EX23-01-ACTUAL_CASE","v0.2","EX23","철도승인처","EX23-01","3","ACTUAL_CASE","공유 가능한 사례가 있다면 언제·어느 단계·누구에게 어떤 결과나 부담이 발생했는지 작성해 주십시오.","long_text","[]","false","{""all"":[{""field"":""SCOPE_MATCH"",""notIn"":[""MISMATCH"",""OTHER_OWNER"",""UNKNOWN""]},{""field"":""CURRENT_STATE"",""in"":[""OBSERVED"",""CONDITIONAL""]}]}","{""departmentId"":""EX23"",""topicId"":""EX23-01""}","[]","가명 사건 유형·기간·빈도 근거·영향·현재 대응만 작성. 이름·차량번호·연락처·질병정보·원문 민원은 입력하지 않음. 수치는 실측/집계/추정을 구분.","[""rail-approval"",""rail-system""]","조사·기획 가설 · 현업 정합성/타당성 미확인"
"SURVEY-EX23-EX23-01-COUNTER_EVIDENCE","v0.2","EX23","철도승인처","EX23-01","3","COUNTER_EVIDENCE","문제 없이 완료했거나 제시한 설명과 다른 사례, 다른 원인이 있습니까?","long_text","[]","false","{""field"":""SCOPE_MATCH"",""notIn"":[""MISMATCH"",""OTHER_OWNER"",""UNKNOWN""]}","{""departmentId"":""EX23"",""topicId"":""EX23-01""}","[]","없음·직접 확인 못함도 작성 가능. 반대 사례와 소수 의견은 유지.","[""rail-approval"",""rail-system""]","조사·기획 가설 · 현업 정합성/타당성 미확인"
"SURVEY-EX23-EX23-01-EXISTING_RESPONSE","v0.2","EX23","철도승인처","EX23-01","3","EXISTING_RESPONSE","현재 시스템·AI·서식·규칙·협의절차로 해결하는 부분과 남는 문제는 무엇입니까?","long_text","[]","false","{""field"":""SCOPE_MATCH"",""notIn"":[""MISMATCH"",""OTHER_OWNER"",""UNKNOWN""]}","{""departmentId"":""EX23"",""topicId"":""EX23-01""}","[]","이미 충분히 해결된다면 해당 기능·조건·해결 시점을 작성. 기존 계약·추진 중인 사업과 겹치는 범위도 설명.","[""rail-approval"",""rail-system""]","조사·기획 가설 · 현업 정합성/타당성 미확인"
"SURVEY-EX23-EX23-01-IMPROVEMENT_METHOD","v0.2","EX23","철도승인처","EX23-01","3","IMPROVEMENT_METHOD","개선이 필요하다면 어떤 방식이 적절하다고 봅니까?","multiple_choice","[{""code"":""EXISTING"",""label"":""기존 기능·운영 개선""},{""code"":""DATA"",""label"":""자료·서식·식별키 정비""},{""code"":""RULE_API"",""label"":""정형 규칙·시스템 연계""},{""code"":""AI"",""label"":""NOA 등 AI 추가 적용""},{""code"":""INSTITUTION"",""label"":""인력·공급·재원·제도 개선""},{""code"":""NO_NEED"",""label"":""추가 개선 필요 없음""},{""code"":""UNKNOWN"",""label"":""판단자료 부족""}]","false","{""field"":""SCOPE_MATCH"",""notIn"":[""MISMATCH"",""OTHER_OWNER"",""UNKNOWN""]}","{""departmentId"":""EX23"",""topicId"":""EX23-01""}","[""NO_NEED"",""UNKNOWN""]","여러 개선 방식의 결합 가능. NO_NEED·UNKNOWN은 다른 방식과 동시에 선택하지 않음. AI 미선택 시 AI 세부 질문을 건너뜀.","[""rail-approval"",""rail-system""]","조사·기획 가설 · 현업 정합성/타당성 미확인"
"SURVEY-EX23-EX23-01-AI_ADDED_VALUE","v0.2","EX23","철도승인처","EX23-01","3","AI_ADDED_VALUE","NOA 등 AI를 추가하면 기존 도구·정형 개선으로 달성하기 어려운 어떤 결과를 얻을 수 있습니까?","long_text","[]","false","{""all"":[{""field"":""SCOPE_MATCH"",""notIn"":[""MISMATCH"",""OTHER_OWNER"",""UNKNOWN""]},{""field"":""IMPROVEMENT_METHOD"",""includes"":""AI""}]}","{""departmentId"":""EX23"",""topicId"":""EX23-01""}","[]","기능 이름보다 달라질 판단·수행·국민/기업 결과를 작성. 기대와 실제 입증을 구분.","[""rail-approval"",""rail-system""]","조사·기획 가설 · 현업 정합성/타당성 미확인"
"SURVEY-EX23-EX23-01-FEASIBILITY_CONDITIONS","v0.2","EX23","철도승인처","EX23-01","3","FEASIBILITY_CONDITIONS","추가 AI 적용을 위해 어떤 자료·연계·권한·전문 검수·운영조건을 확보해야 합니까?","long_text","[]","false","{""all"":[{""field"":""SCOPE_MATCH"",""notIn"":[""MISMATCH"",""OTHER_OWNER"",""UNKNOWN""]},{""field"":""IMPROVEMENT_METHOD"",""includes"":""AI""}]}","{""departmentId"":""EX23"",""topicId"":""EX23-01""}","[]","실제 설치본·사용권·기존 서버·조회/실행 경계·오류 복구·인수 역할 확인. 새로운 인프라 구매 없는 검토 전제.","[""rail-approval"",""rail-system""]","조사·기획 가설 · 현업 정합성/타당성 미확인"
"SURVEY-EX23-EX23-01-RISK_AND_CONCERN","v0.2","EX23","철도승인처","EX23-01","3","RISK_AND_CONCERN","제안 방식이 오판·과다 보완·정보 노출·추가 업무·이용자 배제 등을 일으킬 조건은 무엇입니까?","long_text","[]","false","{""field"":""SCOPE_MATCH"",""notIn"":[""MISMATCH"",""OTHER_OWNER"",""UNKNOWN""]}","{""departmentId"":""EX23"",""topicId"":""EX23-01""}","[]","문제 없다고 단정하지 않고 예상·관찰·미확인을 구분. AI 이외 개선의 우려도 작성.","[""rail-approval"",""rail-system""]","조사·기획 가설 · 현업 정합성/타당성 미확인"
"SURVEY-EX23-EX23-01-EFFECT_AND_MEASUREMENT","v0.2","EX23","철도승인처","EX23-01","3","EFFECT_AND_MEASUREMENT","제시한 효과 지표가 적절합니까? 실제 기록으로 확인할 결과와 측정하기 어려운 부분을 작성해 주십시오.","long_text","[]","false","{""field"":""SCOPE_MATCH"",""notIn"":[""MISMATCH"",""OTHER_OWNER"",""UNKNOWN""]}","{""departmentId"":""EX23"",""topicId"":""EX23-01""}","[]","분모·관측기간·비교조건·중요 오류·과잉처리·대기/활동시간을 구분. 개선율·목표값을 임의로 만들지 않음.","[""rail-approval"",""rail-system""]","조사·기획 가설 · 현업 정합성/타당성 미확인"
"SURVEY-EX23-EX23-01-ALTERNATIVE_PROPOSAL","v0.2","EX23","철도승인처","EX23-01","3","ALTERNATIVE_PROPOSAL","제안된 CCK 적용 방법을 수정·축소·제외하거나 다른 방법으로 해결할 의견이 있습니까?","long_text","[]","false","{""field"":""SCOPE_MATCH"",""notIn"":[""MISMATCH"",""OTHER_OWNER"",""UNKNOWN""]}","{""departmentId"":""EX23"",""topicId"":""EX23-01""}","[]","기존 기능으로 충분 / 정형 개선 우선 / 책임·권한 문제 / 대안과 필요한 조건 등 자유 작성.","[""rail-approval"",""rail-system""]","조사·기획 가설 · 현업 정합성/타당성 미확인"
"SURVEY-EX23-EX23-01-PRIORITY_REASON","v0.2","EX23","철도승인처","EX23-01","3","PRIORITY_REASON","이 문제를 다른 업무와 비교하여 왜 먼저 검토하거나 뒤로 미루어야 합니까?","long_text","[]","false","{""field"":""SCOPE_MATCH"",""notIn"":[""MISMATCH"",""OTHER_OWNER"",""UNKNOWN""]}","{""departmentId"":""EX23"",""topicId"":""EX23-01""}","[]","안전·국민/기업 편익·빈도·심각도·가용 자료·실행조건을 근거로 설명. 개선 필요 없음도 가능. 자동 점수 합산으로 사업 선정하지 않음.","[""rail-approval"",""rail-system""]","조사·기획 가설 · 현업 정합성/타당성 미확인"
"SURVEY-EX23-EX23-02-SCOPE_MATCH","v0.2","EX23","철도승인처","EX23-02","4","SCOPE_MATCH","제시한 업무·대상·처리단계가 귀 처의 실제 담당 범위와 일치합니까?","single_choice","[{""code"":""MATCH"",""label"":""일치""},{""code"":""PARTIAL"",""label"":""일부 수정 필요""},{""code"":""MISMATCH"",""label"":""현재 업무와 불일치""},{""code"":""OTHER_OWNER"",""label"":""다른 부서·기관 소관""},{""code"":""UNKNOWN"",""label"":""판단자료 부족""}]","false","","{""departmentId"":""EX23"",""topicId"":""EX23-02""}","[]","조직명 일치와 실제 수행·결정권한은 구분. 다른 소관이면 수정 의견만 선택 작성.","[""rail-type""]","조사·기획 가설 · 현업 정합성/타당성 미확인"
"SURVEY-EX23-EX23-02-CURRENT_STATE","v0.2","EX23","철도승인처","EX23-02","4","CURRENT_STATE","제시한 병목이 현재 발생하는지 어떤 상태로 확인하고 있습니까?","single_choice","[{""code"":""OBSERVED"",""label"":""현재 발생 확인""},{""code"":""CONDITIONAL"",""label"":""특정 조건에서 발생 확인""},{""code"":""RESOLVED"",""label"":""과거 발생했으나 해결됨""},{""code"":""NO_PROBLEM_OBSERVED"",""label"":""확인한 범위에서 발생하지 않음""},{""code"":""NO_DIRECT_EXPERIENCE"",""label"":""직접 확인한 경험 없음""},{""code"":""UNKNOWN"",""label"":""확인 불가""}]","false","{""field"":""SCOPE_MATCH"",""notIn"":[""MISMATCH"",""OTHER_OWNER"",""UNKNOWN""]}","{""departmentId"":""EX23"",""topicId"":""EX23-02""}","[]","미관찰을 전체 문제 없음으로 확대하지 않음. 해결됨이면 해결 기능·시점·범위를 기록.","[""rail-type""]","조사·기획 가설 · 현업 정합성/타당성 미확인"
"SURVEY-EX23-EX23-02-BOTTLENECK_VALIDITY","v0.2","EX23","철도승인처","EX23-02","4","BOTTLENECK_VALIDITY","제시한 병목 설명과 원인 가설이 실제 상황을 설명하는 데 타당합니까?","single_choice","[{""code"":""VALID"",""label"":""타당""},{""code"":""CONDITIONAL"",""label"":""조건부 타당""},{""code"":""INVALID"",""label"":""타당하지 않음""},{""code"":""UNKNOWN"",""label"":""판단자료 부족""}]","false","{""field"":""SCOPE_MATCH"",""notIn"":[""MISMATCH"",""OTHER_OWNER"",""UNKNOWN""]}","{""departmentId"":""EX23"",""topicId"":""EX23-02""}","[]","업무 담당 여부·현재 발생 상태·우선순위와 별도 판단. 제안 제품의 도입 찬반 질문이 아님.","[""rail-type""]","조사·기획 가설 · 현업 정합성/타당성 미확인"
"SURVEY-EX23-EX23-02-VALIDITY_REASON","v0.2","EX23","철도승인처","EX23-02","4","VALIDITY_REASON","정합성·발생 상태·타당성 판단의 이유와 고쳐야 할 내용을 작성해 주십시오.","long_text","[]","false","","{""departmentId"":""EX23"",""topicId"":""EX23-02""}","[]","맞는 부분 / 다른 부분 / 다른 원인 / 수정할 병목 문장 / 추가 확인 순서로 작성. 불일치·자료 부족도 유효한 응답.","[""rail-type""]","조사·기획 가설 · 현업 정합성/타당성 미확인"
"SURVEY-EX23-EX23-02-EVIDENCE_BASIS","v0.2","EX23","철도승인처","EX23-02","4","EVIDENCE_BASIS","판단에 사용한 근거는 무엇입니까?","multiple_choice","[{""code"":""EXPERIENCE"",""label"":""직접 처리 경험""},{""code"":""RECORD"",""label"":""기록·로그·문서""},{""code"":""EXPLANATION"",""label"":""다른 담당자의 설명""},{""code"":""PUBLIC"",""label"":""공개자료""},{""code"":""INFERENCE"",""label"":""추정·개인 의견""},{""code"":""NONE"",""label"":""별도 근거 미확보""}]","false","{""field"":""SCOPE_MATCH"",""notIn"":[""MISMATCH"",""OTHER_OWNER"",""UNKNOWN""]}","{""departmentId"":""EX23"",""topicId"":""EX23-02""}","[""NONE""]","경험과 기록은 함께 선택 가능. NONE은 다른 근거와 동시 선택하지 않음. 유형 선택만으로 검증 완료 처리하지 않음.","[""rail-type""]","조사·기획 가설 · 현업 정합성/타당성 미확인"
"SURVEY-EX23-EX23-02-ACTUAL_CASE","v0.2","EX23","철도승인처","EX23-02","4","ACTUAL_CASE","공유 가능한 사례가 있다면 언제·어느 단계·누구에게 어떤 결과나 부담이 발생했는지 작성해 주십시오.","long_text","[]","false","{""all"":[{""field"":""SCOPE_MATCH"",""notIn"":[""MISMATCH"",""OTHER_OWNER"",""UNKNOWN""]},{""field"":""CURRENT_STATE"",""in"":[""OBSERVED"",""CONDITIONAL""]}]}","{""departmentId"":""EX23"",""topicId"":""EX23-02""}","[]","가명 사건 유형·기간·빈도 근거·영향·현재 대응만 작성. 이름·차량번호·연락처·질병정보·원문 민원은 입력하지 않음. 수치는 실측/집계/추정을 구분.","[""rail-type""]","조사·기획 가설 · 현업 정합성/타당성 미확인"
"SURVEY-EX23-EX23-02-COUNTER_EVIDENCE","v0.2","EX23","철도승인처","EX23-02","4","COUNTER_EVIDENCE","문제 없이 완료했거나 제시한 설명과 다른 사례, 다른 원인이 있습니까?","long_text","[]","false","{""field"":""SCOPE_MATCH"",""notIn"":[""MISMATCH"",""OTHER_OWNER"",""UNKNOWN""]}","{""departmentId"":""EX23"",""topicId"":""EX23-02""}","[]","없음·직접 확인 못함도 작성 가능. 반대 사례와 소수 의견은 유지.","[""rail-type""]","조사·기획 가설 · 현업 정합성/타당성 미확인"
"SURVEY-EX23-EX23-02-EXISTING_RESPONSE","v0.2","EX23","철도승인처","EX23-02","4","EXISTING_RESPONSE","현재 시스템·AI·서식·규칙·협의절차로 해결하는 부분과 남는 문제는 무엇입니까?","long_text","[]","false","{""field"":""SCOPE_MATCH"",""notIn"":[""MISMATCH"",""OTHER_OWNER"",""UNKNOWN""]}","{""departmentId"":""EX23"",""topicId"":""EX23-02""}","[]","이미 충분히 해결된다면 해당 기능·조건·해결 시점을 작성. 기존 계약·추진 중인 사업과 겹치는 범위도 설명.","[""rail-type""]","조사·기획 가설 · 현업 정합성/타당성 미확인"
"SURVEY-EX23-EX23-02-IMPROVEMENT_METHOD","v0.2","EX23","철도승인처","EX23-02","4","IMPROVEMENT_METHOD","개선이 필요하다면 어떤 방식이 적절하다고 봅니까?","multiple_choice","[{""code"":""EXISTING"",""label"":""기존 기능·운영 개선""},{""code"":""DATA"",""label"":""자료·서식·식별키 정비""},{""code"":""RULE_API"",""label"":""정형 규칙·시스템 연계""},{""code"":""AI"",""label"":""NOA 등 AI 추가 적용""},{""code"":""INSTITUTION"",""label"":""인력·공급·재원·제도 개선""},{""code"":""NO_NEED"",""label"":""추가 개선 필요 없음""},{""code"":""UNKNOWN"",""label"":""판단자료 부족""}]","false","{""field"":""SCOPE_MATCH"",""notIn"":[""MISMATCH"",""OTHER_OWNER"",""UNKNOWN""]}","{""departmentId"":""EX23"",""topicId"":""EX23-02""}","[""NO_NEED"",""UNKNOWN""]","여러 개선 방식의 결합 가능. NO_NEED·UNKNOWN은 다른 방식과 동시에 선택하지 않음. AI 미선택 시 AI 세부 질문을 건너뜀.","[""rail-type""]","조사·기획 가설 · 현업 정합성/타당성 미확인"
"SURVEY-EX23-EX23-02-AI_ADDED_VALUE","v0.2","EX23","철도승인처","EX23-02","4","AI_ADDED_VALUE","NOA 등 AI를 추가하면 기존 도구·정형 개선으로 달성하기 어려운 어떤 결과를 얻을 수 있습니까?","long_text","[]","false","{""all"":[{""field"":""SCOPE_MATCH"",""notIn"":[""MISMATCH"",""OTHER_OWNER"",""UNKNOWN""]},{""field"":""IMPROVEMENT_METHOD"",""includes"":""AI""}]}","{""departmentId"":""EX23"",""topicId"":""EX23-02""}","[]","기능 이름보다 달라질 판단·수행·국민/기업 결과를 작성. 기대와 실제 입증을 구분.","[""rail-type""]","조사·기획 가설 · 현업 정합성/타당성 미확인"
"SURVEY-EX23-EX23-02-FEASIBILITY_CONDITIONS","v0.2","EX23","철도승인처","EX23-02","4","FEASIBILITY_CONDITIONS","추가 AI 적용을 위해 어떤 자료·연계·권한·전문 검수·운영조건을 확보해야 합니까?","long_text","[]","false","{""all"":[{""field"":""SCOPE_MATCH"",""notIn"":[""MISMATCH"",""OTHER_OWNER"",""UNKNOWN""]},{""field"":""IMPROVEMENT_METHOD"",""includes"":""AI""}]}","{""departmentId"":""EX23"",""topicId"":""EX23-02""}","[]","실제 설치본·사용권·기존 서버·조회/실행 경계·오류 복구·인수 역할 확인. 새로운 인프라 구매 없는 검토 전제.","[""rail-type""]","조사·기획 가설 · 현업 정합성/타당성 미확인"
"SURVEY-EX23-EX23-02-RISK_AND_CONCERN","v0.2","EX23","철도승인처","EX23-02","4","RISK_AND_CONCERN","제안 방식이 오판·과다 보완·정보 노출·추가 업무·이용자 배제 등을 일으킬 조건은 무엇입니까?","long_text","[]","false","{""field"":""SCOPE_MATCH"",""notIn"":[""MISMATCH"",""OTHER_OWNER"",""UNKNOWN""]}","{""departmentId"":""EX23"",""topicId"":""EX23-02""}","[]","문제 없다고 단정하지 않고 예상·관찰·미확인을 구분. AI 이외 개선의 우려도 작성.","[""rail-type""]","조사·기획 가설 · 현업 정합성/타당성 미확인"
"SURVEY-EX23-EX23-02-EFFECT_AND_MEASUREMENT","v0.2","EX23","철도승인처","EX23-02","4","EFFECT_AND_MEASUREMENT","제시한 효과 지표가 적절합니까? 실제 기록으로 확인할 결과와 측정하기 어려운 부분을 작성해 주십시오.","long_text","[]","false","{""field"":""SCOPE_MATCH"",""notIn"":[""MISMATCH"",""OTHER_OWNER"",""UNKNOWN""]}","{""departmentId"":""EX23"",""topicId"":""EX23-02""}","[]","분모·관측기간·비교조건·중요 오류·과잉처리·대기/활동시간을 구분. 개선율·목표값을 임의로 만들지 않음.","[""rail-type""]","조사·기획 가설 · 현업 정합성/타당성 미확인"
"SURVEY-EX23-EX23-02-ALTERNATIVE_PROPOSAL","v0.2","EX23","철도승인처","EX23-02","4","ALTERNATIVE_PROPOSAL","제안된 CCK 적용 방법을 수정·축소·제외하거나 다른 방법으로 해결할 의견이 있습니까?","long_text","[]","false","{""field"":""SCOPE_MATCH"",""notIn"":[""MISMATCH"",""OTHER_OWNER"",""UNKNOWN""]}","{""departmentId"":""EX23"",""topicId"":""EX23-02""}","[]","기존 기능으로 충분 / 정형 개선 우선 / 책임·권한 문제 / 대안과 필요한 조건 등 자유 작성.","[""rail-type""]","조사·기획 가설 · 현업 정합성/타당성 미확인"
"SURVEY-EX23-EX23-02-PRIORITY_REASON","v0.2","EX23","철도승인처","EX23-02","4","PRIORITY_REASON","이 문제를 다른 업무와 비교하여 왜 먼저 검토하거나 뒤로 미루어야 합니까?","long_text","[]","false","{""field"":""SCOPE_MATCH"",""notIn"":[""MISMATCH"",""OTHER_OWNER"",""UNKNOWN""]}","{""departmentId"":""EX23"",""topicId"":""EX23-02""}","[]","안전·국민/기업 편익·빈도·심각도·가용 자료·실행조건을 근거로 설명. 개선 필요 없음도 가능. 자동 점수 합산으로 사업 선정하지 않음.","[""rail-type""]","조사·기획 가설 · 현업 정합성/타당성 미확인"
"SURVEY-EX23-COMMON-OTHER_WORK_DIFFICULTY","v0.2","EX23","철도승인처","COMMON","5","OTHER_WORK_DIFFICULTY","제시된 병목 외에 업무처리나 정확한 판단을 어렵게 만드는 지점은 무엇입니까?","long_text","[]","false","","{""departmentId"":""EX23"",""topicId"":""COMMON""}","[]","업무 / 발생 단계 / 대상 / 현재 대응 / 남는 문제 / 근거를 작성. 없음·담당 아님·미확인도 명시 가능.","[""CCK-NOA"",""CTX-01"",""BOUNDARY-01""]","공통 설명·추가 의견"
"SURVEY-EX23-COMMON-PUBLIC_SERVICE_ISSUE","v0.2","EX23","철도승인처","COMMON","5","PUBLIC_SERVICE_ISSUE","국민·기업이 안전·검사·자격·교통 서비스를 이용할 때 추가로 겪는 불편이나 권익 문제는 무엇입니까?","long_text","[]","false","","{""departmentId"":""EX23"",""topicId"":""COMMON""}","[]","대상자 / 원하는 결과 / 현재 경로 / 반복 설명·보완·방문·접근성 / 확인 근거. 현업의 추정과 이용자의 직접 의견을 구분.","[""CCK-NOA"",""CTX-01"",""BOUNDARY-01""]","공통 설명·추가 의견"
"SURVEY-EX23-COMMON-NEW_PROBLEM","v0.2","EX23","철도승인처","COMMON","5","NEW_PROBLEM","이번 조사에서 빠진 문제나 다른 원인 설명이 있다면 작성해 주십시오.","long_text","[]","false","","{""departmentId"":""EX23"",""topicId"":""COMMON""}","[]","기존 병목의 수정인지 별도 문제인지, 소관 후보·현재 대응·우선 이유를 설명. 없으면 없음으로 작성.","[""CCK-NOA"",""CTX-01"",""BOUNDARY-01""]","공통 설명·추가 의견"
"SURVEY-EX23-COMMON-AX_EXPANSION_OPINION","v0.2","EX23","철도승인처","COMMON","5","AX_EXPANSION_OPINION","현재 플랫폼을 확대한다면 어떤 업무의 어떤 결과를 우선 개선해야 합니까?","long_text","[]","false","","{""departmentId"":""EX23"",""topicId"":""COMMON""}","[]","현재 기능 → 남는 어려움 → 필요한 새 능력 → 업무·역할 변화 → 기관/국민 편익. 확대 불필요·비AI 대안도 가능.","[""CCK-NOA"",""CTX-01"",""BOUNDARY-01""]","공통 설명·추가 의견"
"SURVEY-EX23-COMMON-EXPANSION_LIMIT","v0.2","EX23","철도승인처","COMMON","5","EXPANSION_LIMIT","별도 전문시스템이나 권한자의 판단에 남겨야 할 범위와 확대 제약은 무엇입니까?","long_text","[]","false","","{""departmentId"":""EX23"",""topicId"":""COMMON""}","[]","공식 안전·자격·의료·처분·승인/지급 책임, 자료 이용·운영·비용 조건을 설명. 실행본 확인은 제품 담당 보충지 S01~S04와 연결.","[""CCK-NOA"",""CTX-01"",""BOUNDARY-01""]","공통 설명·추가 의견"
"SURVEY-EX24-COMMON-ROLE","v0.2","EX24","철도검사처","COMMON","2","ROLE","이번 의견을 작성하는 업무 역할은 무엇입니까?","single_choice","[{""code"":""WORK"",""label"":""업무 담당""},{""code"":""REVIEW"",""label"":""검토·승인""},{""code"":""PLANNING"",""label"":""기획·성과""},{""code"":""TECH"",""label"":""정보화·제품·운영""},{""code"":""SECURITY"",""label"":""자료·보안""},{""code"":""OTHER"",""label"":""그 밖의 역할""},{""code"":""UNKNOWN"",""label"":""역할 설명 보완 필요""}]","false","","{""departmentId"":""EX24"",""topicId"":""COMMON""}","[]","실명·연락처 대신 역할만 작성. 담당 처는 해당 양식에서 지정.","[""CCK-NOA"",""CTX-01"",""BOUNDARY-01""]","공통 설명·추가 의견"
"SURVEY-EX24-COMMON-POSITION","v0.2","EX24","철도검사처","COMMON","2","POSITION","이 응답은 어떤 범위의 의견입니까?","single_choice","[{""code"":""INDIVIDUAL"",""label"":""개인의 업무 경험·의견""},{""code"":""CONSULTED"",""label"":""부서 내 확인을 거친 의견""},{""code"":""OFFICIAL"",""label"":""권한자가 확인한 공식 회신""},{""code"":""UNKNOWN"",""label"":""범위 미확인""}]","false","","{""departmentId"":""EX24"",""topicId"":""COMMON""}","[]","공식 회신 선택만으로 도입·예산·자료 이용승인이 생기는 것은 아님. 확인 근거는 별도 검토.","[""CCK-NOA"",""CTX-01"",""BOUNDARY-01""]","공통 설명·추가 의견"
"SURVEY-EX24-COMMON-CURRENT_USE","v0.2","EX24","철도검사처","COMMON","2","CURRENT_USE","현재 NOA 또는 AI 공통플랫폼을 어떤 업무에 사용하거나 확인하고 있습니까? 사용하지 않거나 기능을 모르는 경우도 작성해 주십시오.","long_text","[]","false","","{""departmentId"":""EX24"",""topicId"":""COMMON""}","[]","실제 사용 기능·업무·남는 어려움 중심. 제공된 제품 소개를 실제 설치본 기능으로 옮겨 적지 않음.","[""CCK-NOA"",""CTX-01"",""BOUNDARY-01""]","공통 설명·추가 의견"
"SURVEY-EX24-EX24-01-SCOPE_MATCH","v0.2","EX24","철도검사처","EX24-01","3","SCOPE_MATCH","제시한 업무·대상·처리단계가 귀 처의 실제 담당 범위와 일치합니까?","single_choice","[{""code"":""MATCH"",""label"":""일치""},{""code"":""PARTIAL"",""label"":""일부 수정 필요""},{""code"":""MISMATCH"",""label"":""현재 업무와 불일치""},{""code"":""OTHER_OWNER"",""label"":""다른 부서·기관 소관""},{""code"":""UNKNOWN"",""label"":""판단자료 부족""}]","false","","{""departmentId"":""EX24"",""topicId"":""EX24-01""}","[]","조직명 일치와 실제 수행·결정권한은 구분. 다른 소관이면 수정 의견만 선택 작성.","[""rail-inspection""]","조사·기획 가설 · 현업 정합성/타당성 미확인"
"SURVEY-EX24-EX24-01-CURRENT_STATE","v0.2","EX24","철도검사처","EX24-01","3","CURRENT_STATE","제시한 병목이 현재 발생하는지 어떤 상태로 확인하고 있습니까?","single_choice","[{""code"":""OBSERVED"",""label"":""현재 발생 확인""},{""code"":""CONDITIONAL"",""label"":""특정 조건에서 발생 확인""},{""code"":""RESOLVED"",""label"":""과거 발생했으나 해결됨""},{""code"":""NO_PROBLEM_OBSERVED"",""label"":""확인한 범위에서 발생하지 않음""},{""code"":""NO_DIRECT_EXPERIENCE"",""label"":""직접 확인한 경험 없음""},{""code"":""UNKNOWN"",""label"":""확인 불가""}]","false","{""field"":""SCOPE_MATCH"",""notIn"":[""MISMATCH"",""OTHER_OWNER"",""UNKNOWN""]}","{""departmentId"":""EX24"",""topicId"":""EX24-01""}","[]","미관찰을 전체 문제 없음으로 확대하지 않음. 해결됨이면 해결 기능·시점·범위를 기록.","[""rail-inspection""]","조사·기획 가설 · 현업 정합성/타당성 미확인"
"SURVEY-EX24-EX24-01-BOTTLENECK_VALIDITY","v0.2","EX24","철도검사처","EX24-01","3","BOTTLENECK_VALIDITY","제시한 병목 설명과 원인 가설이 실제 상황을 설명하는 데 타당합니까?","single_choice","[{""code"":""VALID"",""label"":""타당""},{""code"":""CONDITIONAL"",""label"":""조건부 타당""},{""code"":""INVALID"",""label"":""타당하지 않음""},{""code"":""UNKNOWN"",""label"":""판단자료 부족""}]","false","{""field"":""SCOPE_MATCH"",""notIn"":[""MISMATCH"",""OTHER_OWNER"",""UNKNOWN""]}","{""departmentId"":""EX24"",""topicId"":""EX24-01""}","[]","업무 담당 여부·현재 발생 상태·우선순위와 별도 판단. 제안 제품의 도입 찬반 질문이 아님.","[""rail-inspection""]","조사·기획 가설 · 현업 정합성/타당성 미확인"
"SURVEY-EX24-EX24-01-VALIDITY_REASON","v0.2","EX24","철도검사처","EX24-01","3","VALIDITY_REASON","정합성·발생 상태·타당성 판단의 이유와 고쳐야 할 내용을 작성해 주십시오.","long_text","[]","false","","{""departmentId"":""EX24"",""topicId"":""EX24-01""}","[]","맞는 부분 / 다른 부분 / 다른 원인 / 수정할 병목 문장 / 추가 확인 순서로 작성. 불일치·자료 부족도 유효한 응답.","[""rail-inspection""]","조사·기획 가설 · 현업 정합성/타당성 미확인"
"SURVEY-EX24-EX24-01-EVIDENCE_BASIS","v0.2","EX24","철도검사처","EX24-01","3","EVIDENCE_BASIS","판단에 사용한 근거는 무엇입니까?","multiple_choice","[{""code"":""EXPERIENCE"",""label"":""직접 처리 경험""},{""code"":""RECORD"",""label"":""기록·로그·문서""},{""code"":""EXPLANATION"",""label"":""다른 담당자의 설명""},{""code"":""PUBLIC"",""label"":""공개자료""},{""code"":""INFERENCE"",""label"":""추정·개인 의견""},{""code"":""NONE"",""label"":""별도 근거 미확보""}]","false","{""field"":""SCOPE_MATCH"",""notIn"":[""MISMATCH"",""OTHER_OWNER"",""UNKNOWN""]}","{""departmentId"":""EX24"",""topicId"":""EX24-01""}","[""NONE""]","경험과 기록은 함께 선택 가능. NONE은 다른 근거와 동시 선택하지 않음. 유형 선택만으로 검증 완료 처리하지 않음.","[""rail-inspection""]","조사·기획 가설 · 현업 정합성/타당성 미확인"
"SURVEY-EX24-EX24-01-ACTUAL_CASE","v0.2","EX24","철도검사처","EX24-01","3","ACTUAL_CASE","공유 가능한 사례가 있다면 언제·어느 단계·누구에게 어떤 결과나 부담이 발생했는지 작성해 주십시오.","long_text","[]","false","{""all"":[{""field"":""SCOPE_MATCH"",""notIn"":[""MISMATCH"",""OTHER_OWNER"",""UNKNOWN""]},{""field"":""CURRENT_STATE"",""in"":[""OBSERVED"",""CONDITIONAL""]}]}","{""departmentId"":""EX24"",""topicId"":""EX24-01""}","[]","가명 사건 유형·기간·빈도 근거·영향·현재 대응만 작성. 이름·차량번호·연락처·질병정보·원문 민원은 입력하지 않음. 수치는 실측/집계/추정을 구분.","[""rail-inspection""]","조사·기획 가설 · 현업 정합성/타당성 미확인"
"SURVEY-EX24-EX24-01-COUNTER_EVIDENCE","v0.2","EX24","철도검사처","EX24-01","3","COUNTER_EVIDENCE","문제 없이 완료했거나 제시한 설명과 다른 사례, 다른 원인이 있습니까?","long_text","[]","false","{""field"":""SCOPE_MATCH"",""notIn"":[""MISMATCH"",""OTHER_OWNER"",""UNKNOWN""]}","{""departmentId"":""EX24"",""topicId"":""EX24-01""}","[]","없음·직접 확인 못함도 작성 가능. 반대 사례와 소수 의견은 유지.","[""rail-inspection""]","조사·기획 가설 · 현업 정합성/타당성 미확인"
"SURVEY-EX24-EX24-01-EXISTING_RESPONSE","v0.2","EX24","철도검사처","EX24-01","3","EXISTING_RESPONSE","현재 시스템·AI·서식·규칙·협의절차로 해결하는 부분과 남는 문제는 무엇입니까?","long_text","[]","false","{""field"":""SCOPE_MATCH"",""notIn"":[""MISMATCH"",""OTHER_OWNER"",""UNKNOWN""]}","{""departmentId"":""EX24"",""topicId"":""EX24-01""}","[]","이미 충분히 해결된다면 해당 기능·조건·해결 시점을 작성. 기존 계약·추진 중인 사업과 겹치는 범위도 설명.","[""rail-inspection""]","조사·기획 가설 · 현업 정합성/타당성 미확인"
"SURVEY-EX24-EX24-01-IMPROVEMENT_METHOD","v0.2","EX24","철도검사처","EX24-01","3","IMPROVEMENT_METHOD","개선이 필요하다면 어떤 방식이 적절하다고 봅니까?","multiple_choice","[{""code"":""EXISTING"",""label"":""기존 기능·운영 개선""},{""code"":""DATA"",""label"":""자료·서식·식별키 정비""},{""code"":""RULE_API"",""label"":""정형 규칙·시스템 연계""},{""code"":""AI"",""label"":""NOA 등 AI 추가 적용""},{""code"":""INSTITUTION"",""label"":""인력·공급·재원·제도 개선""},{""code"":""NO_NEED"",""label"":""추가 개선 필요 없음""},{""code"":""UNKNOWN"",""label"":""판단자료 부족""}]","false","{""field"":""SCOPE_MATCH"",""notIn"":[""MISMATCH"",""OTHER_OWNER"",""UNKNOWN""]}","{""departmentId"":""EX24"",""topicId"":""EX24-01""}","[""NO_NEED"",""UNKNOWN""]","여러 개선 방식의 결합 가능. NO_NEED·UNKNOWN은 다른 방식과 동시에 선택하지 않음. AI 미선택 시 AI 세부 질문을 건너뜀.","[""rail-inspection""]","조사·기획 가설 · 현업 정합성/타당성 미확인"
"SURVEY-EX24-EX24-01-AI_ADDED_VALUE","v0.2","EX24","철도검사처","EX24-01","3","AI_ADDED_VALUE","NOA 등 AI를 추가하면 기존 도구·정형 개선으로 달성하기 어려운 어떤 결과를 얻을 수 있습니까?","long_text","[]","false","{""all"":[{""field"":""SCOPE_MATCH"",""notIn"":[""MISMATCH"",""OTHER_OWNER"",""UNKNOWN""]},{""field"":""IMPROVEMENT_METHOD"",""includes"":""AI""}]}","{""departmentId"":""EX24"",""topicId"":""EX24-01""}","[]","기능 이름보다 달라질 판단·수행·국민/기업 결과를 작성. 기대와 실제 입증을 구분.","[""rail-inspection""]","조사·기획 가설 · 현업 정합성/타당성 미확인"
"SURVEY-EX24-EX24-01-FEASIBILITY_CONDITIONS","v0.2","EX24","철도검사처","EX24-01","3","FEASIBILITY_CONDITIONS","추가 AI 적용을 위해 어떤 자료·연계·권한·전문 검수·운영조건을 확보해야 합니까?","long_text","[]","false","{""all"":[{""field"":""SCOPE_MATCH"",""notIn"":[""MISMATCH"",""OTHER_OWNER"",""UNKNOWN""]},{""field"":""IMPROVEMENT_METHOD"",""includes"":""AI""}]}","{""departmentId"":""EX24"",""topicId"":""EX24-01""}","[]","실제 설치본·사용권·기존 서버·조회/실행 경계·오류 복구·인수 역할 확인. 새로운 인프라 구매 없는 검토 전제.","[""rail-inspection""]","조사·기획 가설 · 현업 정합성/타당성 미확인"
"SURVEY-EX24-EX24-01-RISK_AND_CONCERN","v0.2","EX24","철도검사처","EX24-01","3","RISK_AND_CONCERN","제안 방식이 오판·과다 보완·정보 노출·추가 업무·이용자 배제 등을 일으킬 조건은 무엇입니까?","long_text","[]","false","{""field"":""SCOPE_MATCH"",""notIn"":[""MISMATCH"",""OTHER_OWNER"",""UNKNOWN""]}","{""departmentId"":""EX24"",""topicId"":""EX24-01""}","[]","문제 없다고 단정하지 않고 예상·관찰·미확인을 구분. AI 이외 개선의 우려도 작성.","[""rail-inspection""]","조사·기획 가설 · 현업 정합성/타당성 미확인"
"SURVEY-EX24-EX24-01-EFFECT_AND_MEASUREMENT","v0.2","EX24","철도검사처","EX24-01","3","EFFECT_AND_MEASUREMENT","제시한 효과 지표가 적절합니까? 실제 기록으로 확인할 결과와 측정하기 어려운 부분을 작성해 주십시오.","long_text","[]","false","{""field"":""SCOPE_MATCH"",""notIn"":[""MISMATCH"",""OTHER_OWNER"",""UNKNOWN""]}","{""departmentId"":""EX24"",""topicId"":""EX24-01""}","[]","분모·관측기간·비교조건·중요 오류·과잉처리·대기/활동시간을 구분. 개선율·목표값을 임의로 만들지 않음.","[""rail-inspection""]","조사·기획 가설 · 현업 정합성/타당성 미확인"
"SURVEY-EX24-EX24-01-ALTERNATIVE_PROPOSAL","v0.2","EX24","철도검사처","EX24-01","3","ALTERNATIVE_PROPOSAL","제안된 CCK 적용 방법을 수정·축소·제외하거나 다른 방법으로 해결할 의견이 있습니까?","long_text","[]","false","{""field"":""SCOPE_MATCH"",""notIn"":[""MISMATCH"",""OTHER_OWNER"",""UNKNOWN""]}","{""departmentId"":""EX24"",""topicId"":""EX24-01""}","[]","기존 기능으로 충분 / 정형 개선 우선 / 책임·권한 문제 / 대안과 필요한 조건 등 자유 작성.","[""rail-inspection""]","조사·기획 가설 · 현업 정합성/타당성 미확인"
"SURVEY-EX24-EX24-01-PRIORITY_REASON","v0.2","EX24","철도검사처","EX24-01","3","PRIORITY_REASON","이 문제를 다른 업무와 비교하여 왜 먼저 검토하거나 뒤로 미루어야 합니까?","long_text","[]","false","{""field"":""SCOPE_MATCH"",""notIn"":[""MISMATCH"",""OTHER_OWNER"",""UNKNOWN""]}","{""departmentId"":""EX24"",""topicId"":""EX24-01""}","[]","안전·국민/기업 편익·빈도·심각도·가용 자료·실행조건을 근거로 설명. 개선 필요 없음도 가능. 자동 점수 합산으로 사업 선정하지 않음.","[""rail-inspection""]","조사·기획 가설 · 현업 정합성/타당성 미확인"
"SURVEY-EX24-COMMON-OTHER_WORK_DIFFICULTY","v0.2","EX24","철도검사처","COMMON","4","OTHER_WORK_DIFFICULTY","제시된 병목 외에 업무처리나 정확한 판단을 어렵게 만드는 지점은 무엇입니까?","long_text","[]","false","","{""departmentId"":""EX24"",""topicId"":""COMMON""}","[]","업무 / 발생 단계 / 대상 / 현재 대응 / 남는 문제 / 근거를 작성. 없음·담당 아님·미확인도 명시 가능.","[""CCK-NOA"",""CTX-01"",""BOUNDARY-01""]","공통 설명·추가 의견"
"SURVEY-EX24-COMMON-PUBLIC_SERVICE_ISSUE","v0.2","EX24","철도검사처","COMMON","4","PUBLIC_SERVICE_ISSUE","국민·기업이 안전·검사·자격·교통 서비스를 이용할 때 추가로 겪는 불편이나 권익 문제는 무엇입니까?","long_text","[]","false","","{""departmentId"":""EX24"",""topicId"":""COMMON""}","[]","대상자 / 원하는 결과 / 현재 경로 / 반복 설명·보완·방문·접근성 / 확인 근거. 현업의 추정과 이용자의 직접 의견을 구분.","[""CCK-NOA"",""CTX-01"",""BOUNDARY-01""]","공통 설명·추가 의견"
"SURVEY-EX24-COMMON-NEW_PROBLEM","v0.2","EX24","철도검사처","COMMON","4","NEW_PROBLEM","이번 조사에서 빠진 문제나 다른 원인 설명이 있다면 작성해 주십시오.","long_text","[]","false","","{""departmentId"":""EX24"",""topicId"":""COMMON""}","[]","기존 병목의 수정인지 별도 문제인지, 소관 후보·현재 대응·우선 이유를 설명. 없으면 없음으로 작성.","[""CCK-NOA"",""CTX-01"",""BOUNDARY-01""]","공통 설명·추가 의견"
"SURVEY-EX24-COMMON-AX_EXPANSION_OPINION","v0.2","EX24","철도검사처","COMMON","4","AX_EXPANSION_OPINION","현재 플랫폼을 확대한다면 어떤 업무의 어떤 결과를 우선 개선해야 합니까?","long_text","[]","false","","{""departmentId"":""EX24"",""topicId"":""COMMON""}","[]","현재 기능 → 남는 어려움 → 필요한 새 능력 → 업무·역할 변화 → 기관/국민 편익. 확대 불필요·비AI 대안도 가능.","[""CCK-NOA"",""CTX-01"",""BOUNDARY-01""]","공통 설명·추가 의견"
"SURVEY-EX24-COMMON-EXPANSION_LIMIT","v0.2","EX24","철도검사처","COMMON","4","EXPANSION_LIMIT","별도 전문시스템이나 권한자의 판단에 남겨야 할 범위와 확대 제약은 무엇입니까?","long_text","[]","false","","{""departmentId"":""EX24"",""topicId"":""COMMON""}","[]","공식 안전·자격·의료·처분·승인/지급 책임, 자료 이용·운영·비용 조건을 설명. 실행본 확인은 제품 담당 보충지 S01~S04와 연결.","[""CCK-NOA"",""CTX-01"",""BOUNDARY-01""]","공통 설명·추가 의견"
"SURVEY-EX25-COMMON-ROLE","v0.2","EX25","철도기술처","COMMON","2","ROLE","이번 의견을 작성하는 업무 역할은 무엇입니까?","single_choice","[{""code"":""WORK"",""label"":""업무 담당""},{""code"":""REVIEW"",""label"":""검토·승인""},{""code"":""PLANNING"",""label"":""기획·성과""},{""code"":""TECH"",""label"":""정보화·제품·운영""},{""code"":""SECURITY"",""label"":""자료·보안""},{""code"":""OTHER"",""label"":""그 밖의 역할""},{""code"":""UNKNOWN"",""label"":""역할 설명 보완 필요""}]","false","","{""departmentId"":""EX25"",""topicId"":""COMMON""}","[]","실명·연락처 대신 역할만 작성. 담당 처는 해당 양식에서 지정.","[""CCK-NOA"",""CTX-01"",""BOUNDARY-01""]","공통 설명·추가 의견"
"SURVEY-EX25-COMMON-POSITION","v0.2","EX25","철도기술처","COMMON","2","POSITION","이 응답은 어떤 범위의 의견입니까?","single_choice","[{""code"":""INDIVIDUAL"",""label"":""개인의 업무 경험·의견""},{""code"":""CONSULTED"",""label"":""부서 내 확인을 거친 의견""},{""code"":""OFFICIAL"",""label"":""권한자가 확인한 공식 회신""},{""code"":""UNKNOWN"",""label"":""범위 미확인""}]","false","","{""departmentId"":""EX25"",""topicId"":""COMMON""}","[]","공식 회신 선택만으로 도입·예산·자료 이용승인이 생기는 것은 아님. 확인 근거는 별도 검토.","[""CCK-NOA"",""CTX-01"",""BOUNDARY-01""]","공통 설명·추가 의견"
"SURVEY-EX25-COMMON-CURRENT_USE","v0.2","EX25","철도기술처","COMMON","2","CURRENT_USE","현재 NOA 또는 AI 공통플랫폼을 어떤 업무에 사용하거나 확인하고 있습니까? 사용하지 않거나 기능을 모르는 경우도 작성해 주십시오.","long_text","[]","false","","{""departmentId"":""EX25"",""topicId"":""COMMON""}","[]","실제 사용 기능·업무·남는 어려움 중심. 제공된 제품 소개를 실제 설치본 기능으로 옮겨 적지 않음.","[""CCK-NOA"",""CTX-01"",""BOUNDARY-01""]","공통 설명·추가 의견"
"SURVEY-EX25-EX25-01-SCOPE_MATCH","v0.2","EX25","철도기술처","EX25-01","3","SCOPE_MATCH","제시한 업무·대상·처리단계가 귀 처의 실제 담당 범위와 일치합니까?","single_choice","[{""code"":""MATCH"",""label"":""일치""},{""code"":""PARTIAL"",""label"":""일부 수정 필요""},{""code"":""MISMATCH"",""label"":""현재 업무와 불일치""},{""code"":""OTHER_OWNER"",""label"":""다른 부서·기관 소관""},{""code"":""UNKNOWN"",""label"":""판단자료 부족""}]","false","","{""departmentId"":""EX25"",""topicId"":""EX25-01""}","[]","조직명 일치와 실제 수행·결정권한은 구분. 다른 소관이면 수정 의견만 선택 작성.","[""rail-trial""]","조사·기획 가설 · 현업 정합성/타당성 미확인"
"SURVEY-EX25-EX25-01-CURRENT_STATE","v0.2","EX25","철도기술처","EX25-01","3","CURRENT_STATE","제시한 병목이 현재 발생하는지 어떤 상태로 확인하고 있습니까?","single_choice","[{""code"":""OBSERVED"",""label"":""현재 발생 확인""},{""code"":""CONDITIONAL"",""label"":""특정 조건에서 발생 확인""},{""code"":""RESOLVED"",""label"":""과거 발생했으나 해결됨""},{""code"":""NO_PROBLEM_OBSERVED"",""label"":""확인한 범위에서 발생하지 않음""},{""code"":""NO_DIRECT_EXPERIENCE"",""label"":""직접 확인한 경험 없음""},{""code"":""UNKNOWN"",""label"":""확인 불가""}]","false","{""field"":""SCOPE_MATCH"",""notIn"":[""MISMATCH"",""OTHER_OWNER"",""UNKNOWN""]}","{""departmentId"":""EX25"",""topicId"":""EX25-01""}","[]","미관찰을 전체 문제 없음으로 확대하지 않음. 해결됨이면 해결 기능·시점·범위를 기록.","[""rail-trial""]","조사·기획 가설 · 현업 정합성/타당성 미확인"
"SURVEY-EX25-EX25-01-BOTTLENECK_VALIDITY","v0.2","EX25","철도기술처","EX25-01","3","BOTTLENECK_VALIDITY","제시한 병목 설명과 원인 가설이 실제 상황을 설명하는 데 타당합니까?","single_choice","[{""code"":""VALID"",""label"":""타당""},{""code"":""CONDITIONAL"",""label"":""조건부 타당""},{""code"":""INVALID"",""label"":""타당하지 않음""},{""code"":""UNKNOWN"",""label"":""판단자료 부족""}]","false","{""field"":""SCOPE_MATCH"",""notIn"":[""MISMATCH"",""OTHER_OWNER"",""UNKNOWN""]}","{""departmentId"":""EX25"",""topicId"":""EX25-01""}","[]","업무 담당 여부·현재 발생 상태·우선순위와 별도 판단. 제안 제품의 도입 찬반 질문이 아님.","[""rail-trial""]","조사·기획 가설 · 현업 정합성/타당성 미확인"
"SURVEY-EX25-EX25-01-VALIDITY_REASON","v0.2","EX25","철도기술처","EX25-01","3","VALIDITY_REASON","정합성·발생 상태·타당성 판단의 이유와 고쳐야 할 내용을 작성해 주십시오.","long_text","[]","false","","{""departmentId"":""EX25"",""topicId"":""EX25-01""}","[]","맞는 부분 / 다른 부분 / 다른 원인 / 수정할 병목 문장 / 추가 확인 순서로 작성. 불일치·자료 부족도 유효한 응답.","[""rail-trial""]","조사·기획 가설 · 현업 정합성/타당성 미확인"
"SURVEY-EX25-EX25-01-EVIDENCE_BASIS","v0.2","EX25","철도기술처","EX25-01","3","EVIDENCE_BASIS","판단에 사용한 근거는 무엇입니까?","multiple_choice","[{""code"":""EXPERIENCE"",""label"":""직접 처리 경험""},{""code"":""RECORD"",""label"":""기록·로그·문서""},{""code"":""EXPLANATION"",""label"":""다른 담당자의 설명""},{""code"":""PUBLIC"",""label"":""공개자료""},{""code"":""INFERENCE"",""label"":""추정·개인 의견""},{""code"":""NONE"",""label"":""별도 근거 미확보""}]","false","{""field"":""SCOPE_MATCH"",""notIn"":[""MISMATCH"",""OTHER_OWNER"",""UNKNOWN""]}","{""departmentId"":""EX25"",""topicId"":""EX25-01""}","[""NONE""]","경험과 기록은 함께 선택 가능. NONE은 다른 근거와 동시 선택하지 않음. 유형 선택만으로 검증 완료 처리하지 않음.","[""rail-trial""]","조사·기획 가설 · 현업 정합성/타당성 미확인"
"SURVEY-EX25-EX25-01-ACTUAL_CASE","v0.2","EX25","철도기술처","EX25-01","3","ACTUAL_CASE","공유 가능한 사례가 있다면 언제·어느 단계·누구에게 어떤 결과나 부담이 발생했는지 작성해 주십시오.","long_text","[]","false","{""all"":[{""field"":""SCOPE_MATCH"",""notIn"":[""MISMATCH"",""OTHER_OWNER"",""UNKNOWN""]},{""field"":""CURRENT_STATE"",""in"":[""OBSERVED"",""CONDITIONAL""]}]}","{""departmentId"":""EX25"",""topicId"":""EX25-01""}","[]","가명 사건 유형·기간·빈도 근거·영향·현재 대응만 작성. 이름·차량번호·연락처·질병정보·원문 민원은 입력하지 않음. 수치는 실측/집계/추정을 구분.","[""rail-trial""]","조사·기획 가설 · 현업 정합성/타당성 미확인"
"SURVEY-EX25-EX25-01-COUNTER_EVIDENCE","v0.2","EX25","철도기술처","EX25-01","3","COUNTER_EVIDENCE","문제 없이 완료했거나 제시한 설명과 다른 사례, 다른 원인이 있습니까?","long_text","[]","false","{""field"":""SCOPE_MATCH"",""notIn"":[""MISMATCH"",""OTHER_OWNER"",""UNKNOWN""]}","{""departmentId"":""EX25"",""topicId"":""EX25-01""}","[]","없음·직접 확인 못함도 작성 가능. 반대 사례와 소수 의견은 유지.","[""rail-trial""]","조사·기획 가설 · 현업 정합성/타당성 미확인"
"SURVEY-EX25-EX25-01-EXISTING_RESPONSE","v0.2","EX25","철도기술처","EX25-01","3","EXISTING_RESPONSE","현재 시스템·AI·서식·규칙·협의절차로 해결하는 부분과 남는 문제는 무엇입니까?","long_text","[]","false","{""field"":""SCOPE_MATCH"",""notIn"":[""MISMATCH"",""OTHER_OWNER"",""UNKNOWN""]}","{""departmentId"":""EX25"",""topicId"":""EX25-01""}","[]","이미 충분히 해결된다면 해당 기능·조건·해결 시점을 작성. 기존 계약·추진 중인 사업과 겹치는 범위도 설명.","[""rail-trial""]","조사·기획 가설 · 현업 정합성/타당성 미확인"
"SURVEY-EX25-EX25-01-IMPROVEMENT_METHOD","v0.2","EX25","철도기술처","EX25-01","3","IMPROVEMENT_METHOD","개선이 필요하다면 어떤 방식이 적절하다고 봅니까?","multiple_choice","[{""code"":""EXISTING"",""label"":""기존 기능·운영 개선""},{""code"":""DATA"",""label"":""자료·서식·식별키 정비""},{""code"":""RULE_API"",""label"":""정형 규칙·시스템 연계""},{""code"":""AI"",""label"":""NOA 등 AI 추가 적용""},{""code"":""INSTITUTION"",""label"":""인력·공급·재원·제도 개선""},{""code"":""NO_NEED"",""label"":""추가 개선 필요 없음""},{""code"":""UNKNOWN"",""label"":""판단자료 부족""}]","false","{""field"":""SCOPE_MATCH"",""notIn"":[""MISMATCH"",""OTHER_OWNER"",""UNKNOWN""]}","{""departmentId"":""EX25"",""topicId"":""EX25-01""}","[""NO_NEED"",""UNKNOWN""]","여러 개선 방식의 결합 가능. NO_NEED·UNKNOWN은 다른 방식과 동시에 선택하지 않음. AI 미선택 시 AI 세부 질문을 건너뜀.","[""rail-trial""]","조사·기획 가설 · 현업 정합성/타당성 미확인"
"SURVEY-EX25-EX25-01-AI_ADDED_VALUE","v0.2","EX25","철도기술처","EX25-01","3","AI_ADDED_VALUE","NOA 등 AI를 추가하면 기존 도구·정형 개선으로 달성하기 어려운 어떤 결과를 얻을 수 있습니까?","long_text","[]","false","{""all"":[{""field"":""SCOPE_MATCH"",""notIn"":[""MISMATCH"",""OTHER_OWNER"",""UNKNOWN""]},{""field"":""IMPROVEMENT_METHOD"",""includes"":""AI""}]}","{""departmentId"":""EX25"",""topicId"":""EX25-01""}","[]","기능 이름보다 달라질 판단·수행·국민/기업 결과를 작성. 기대와 실제 입증을 구분.","[""rail-trial""]","조사·기획 가설 · 현업 정합성/타당성 미확인"
"SURVEY-EX25-EX25-01-FEASIBILITY_CONDITIONS","v0.2","EX25","철도기술처","EX25-01","3","FEASIBILITY_CONDITIONS","추가 AI 적용을 위해 어떤 자료·연계·권한·전문 검수·운영조건을 확보해야 합니까?","long_text","[]","false","{""all"":[{""field"":""SCOPE_MATCH"",""notIn"":[""MISMATCH"",""OTHER_OWNER"",""UNKNOWN""]},{""field"":""IMPROVEMENT_METHOD"",""includes"":""AI""}]}","{""departmentId"":""EX25"",""topicId"":""EX25-01""}","[]","실제 설치본·사용권·기존 서버·조회/실행 경계·오류 복구·인수 역할 확인. 새로운 인프라 구매 없는 검토 전제.","[""rail-trial""]","조사·기획 가설 · 현업 정합성/타당성 미확인"
"SURVEY-EX25-EX25-01-RISK_AND_CONCERN","v0.2","EX25","철도기술처","EX25-01","3","RISK_AND_CONCERN","제안 방식이 오판·과다 보완·정보 노출·추가 업무·이용자 배제 등을 일으킬 조건은 무엇입니까?","long_text","[]","false","{""field"":""SCOPE_MATCH"",""notIn"":[""MISMATCH"",""OTHER_OWNER"",""UNKNOWN""]}","{""departmentId"":""EX25"",""topicId"":""EX25-01""}","[]","문제 없다고 단정하지 않고 예상·관찰·미확인을 구분. AI 이외 개선의 우려도 작성.","[""rail-trial""]","조사·기획 가설 · 현업 정합성/타당성 미확인"
"SURVEY-EX25-EX25-01-EFFECT_AND_MEASUREMENT","v0.2","EX25","철도기술처","EX25-01","3","EFFECT_AND_MEASUREMENT","제시한 효과 지표가 적절합니까? 실제 기록으로 확인할 결과와 측정하기 어려운 부분을 작성해 주십시오.","long_text","[]","false","{""field"":""SCOPE_MATCH"",""notIn"":[""MISMATCH"",""OTHER_OWNER"",""UNKNOWN""]}","{""departmentId"":""EX25"",""topicId"":""EX25-01""}","[]","분모·관측기간·비교조건·중요 오류·과잉처리·대기/활동시간을 구분. 개선율·목표값을 임의로 만들지 않음.","[""rail-trial""]","조사·기획 가설 · 현업 정합성/타당성 미확인"
"SURVEY-EX25-EX25-01-ALTERNATIVE_PROPOSAL","v0.2","EX25","철도기술처","EX25-01","3","ALTERNATIVE_PROPOSAL","제안된 CCK 적용 방법을 수정·축소·제외하거나 다른 방법으로 해결할 의견이 있습니까?","long_text","[]","false","{""field"":""SCOPE_MATCH"",""notIn"":[""MISMATCH"",""OTHER_OWNER"",""UNKNOWN""]}","{""departmentId"":""EX25"",""topicId"":""EX25-01""}","[]","기존 기능으로 충분 / 정형 개선 우선 / 책임·권한 문제 / 대안과 필요한 조건 등 자유 작성.","[""rail-trial""]","조사·기획 가설 · 현업 정합성/타당성 미확인"
"SURVEY-EX25-EX25-01-PRIORITY_REASON","v0.2","EX25","철도기술처","EX25-01","3","PRIORITY_REASON","이 문제를 다른 업무와 비교하여 왜 먼저 검토하거나 뒤로 미루어야 합니까?","long_text","[]","false","{""field"":""SCOPE_MATCH"",""notIn"":[""MISMATCH"",""OTHER_OWNER"",""UNKNOWN""]}","{""departmentId"":""EX25"",""topicId"":""EX25-01""}","[]","안전·국민/기업 편익·빈도·심각도·가용 자료·실행조건을 근거로 설명. 개선 필요 없음도 가능. 자동 점수 합산으로 사업 선정하지 않음.","[""rail-trial""]","조사·기획 가설 · 현업 정합성/타당성 미확인"
"SURVEY-EX25-COMMON-OTHER_WORK_DIFFICULTY","v0.2","EX25","철도기술처","COMMON","4","OTHER_WORK_DIFFICULTY","제시된 병목 외에 업무처리나 정확한 판단을 어렵게 만드는 지점은 무엇입니까?","long_text","[]","false","","{""departmentId"":""EX25"",""topicId"":""COMMON""}","[]","업무 / 발생 단계 / 대상 / 현재 대응 / 남는 문제 / 근거를 작성. 없음·담당 아님·미확인도 명시 가능.","[""CCK-NOA"",""CTX-01"",""BOUNDARY-01""]","공통 설명·추가 의견"
"SURVEY-EX25-COMMON-PUBLIC_SERVICE_ISSUE","v0.2","EX25","철도기술처","COMMON","4","PUBLIC_SERVICE_ISSUE","국민·기업이 안전·검사·자격·교통 서비스를 이용할 때 추가로 겪는 불편이나 권익 문제는 무엇입니까?","long_text","[]","false","","{""departmentId"":""EX25"",""topicId"":""COMMON""}","[]","대상자 / 원하는 결과 / 현재 경로 / 반복 설명·보완·방문·접근성 / 확인 근거. 현업의 추정과 이용자의 직접 의견을 구분.","[""CCK-NOA"",""CTX-01"",""BOUNDARY-01""]","공통 설명·추가 의견"
"SURVEY-EX25-COMMON-NEW_PROBLEM","v0.2","EX25","철도기술처","COMMON","4","NEW_PROBLEM","이번 조사에서 빠진 문제나 다른 원인 설명이 있다면 작성해 주십시오.","long_text","[]","false","","{""departmentId"":""EX25"",""topicId"":""COMMON""}","[]","기존 병목의 수정인지 별도 문제인지, 소관 후보·현재 대응·우선 이유를 설명. 없으면 없음으로 작성.","[""CCK-NOA"",""CTX-01"",""BOUNDARY-01""]","공통 설명·추가 의견"
"SURVEY-EX25-COMMON-AX_EXPANSION_OPINION","v0.2","EX25","철도기술처","COMMON","4","AX_EXPANSION_OPINION","현재 플랫폼을 확대한다면 어떤 업무의 어떤 결과를 우선 개선해야 합니까?","long_text","[]","false","","{""departmentId"":""EX25"",""topicId"":""COMMON""}","[]","현재 기능 → 남는 어려움 → 필요한 새 능력 → 업무·역할 변화 → 기관/국민 편익. 확대 불필요·비AI 대안도 가능.","[""CCK-NOA"",""CTX-01"",""BOUNDARY-01""]","공통 설명·추가 의견"
"SURVEY-EX25-COMMON-EXPANSION_LIMIT","v0.2","EX25","철도기술처","COMMON","4","EXPANSION_LIMIT","별도 전문시스템이나 권한자의 판단에 남겨야 할 범위와 확대 제약은 무엇입니까?","long_text","[]","false","","{""departmentId"":""EX25"",""topicId"":""COMMON""}","[]","공식 안전·자격·의료·처분·승인/지급 책임, 자료 이용·운영·비용 조건을 설명. 실행본 확인은 제품 담당 보충지 S01~S04와 연결.","[""CCK-NOA"",""CTX-01"",""BOUNDARY-01""]","공통 설명·추가 의견"
"SURVEY-katri-research-planning-COMMON-ROLE","v0.2","katri-research-planning","연구기획처","COMMON","2","ROLE","이번 의견을 작성하는 업무 역할은 무엇입니까?","single_choice","[{""code"":""WORK"",""label"":""업무 담당""},{""code"":""REVIEW"",""label"":""검토·승인""},{""code"":""PLANNING"",""label"":""기획·성과""},{""code"":""TECH"",""label"":""정보화·제품·운영""},{""code"":""SECURITY"",""label"":""자료·보안""},{""code"":""OTHER"",""label"":""그 밖의 역할""},{""code"":""UNKNOWN"",""label"":""역할 설명 보완 필요""}]","false","","{""departmentId"":""katri-research-planning"",""topicId"":""COMMON""}","[]","실명·연락처 대신 역할만 작성. 담당 처는 해당 양식에서 지정.","[""CCK-NOA"",""CTX-01"",""BOUNDARY-01""]","공통 설명·추가 의견"
"SURVEY-katri-research-planning-COMMON-POSITION","v0.2","katri-research-planning","연구기획처","COMMON","2","POSITION","이 응답은 어떤 범위의 의견입니까?","single_choice","[{""code"":""INDIVIDUAL"",""label"":""개인의 업무 경험·의견""},{""code"":""CONSULTED"",""label"":""부서 내 확인을 거친 의견""},{""code"":""OFFICIAL"",""label"":""권한자가 확인한 공식 회신""},{""code"":""UNKNOWN"",""label"":""범위 미확인""}]","false","","{""departmentId"":""katri-research-planning"",""topicId"":""COMMON""}","[]","공식 회신 선택만으로 도입·예산·자료 이용승인이 생기는 것은 아님. 확인 근거는 별도 검토.","[""CCK-NOA"",""CTX-01"",""BOUNDARY-01""]","공통 설명·추가 의견"
"SURVEY-katri-research-planning-COMMON-CURRENT_USE","v0.2","katri-research-planning","연구기획처","COMMON","2","CURRENT_USE","현재 NOA 또는 AI 공통플랫폼을 어떤 업무에 사용하거나 확인하고 있습니까? 사용하지 않거나 기능을 모르는 경우도 작성해 주십시오.","long_text","[]","false","","{""departmentId"":""katri-research-planning"",""topicId"":""COMMON""}","[]","실제 사용 기능·업무·남는 어려움 중심. 제공된 제품 소개를 실제 설치본 기능으로 옮겨 적지 않음.","[""CCK-NOA"",""CTX-01"",""BOUNDARY-01""]","공통 설명·추가 의견"
"SURVEY-katri-research-planning-katri-research-planning-DISCOVERY_SCOPE","v0.2","katri-research-planning","연구기획처","katri-research-planning","3","DISCOVERY_SCOPE","현재 담당하는 개별 업무·대상자·입력자료·결과·권한은 무엇입니까?","long_text","[]","false","","{""departmentId"":""katri-research-planning"",""topicId"":""katri-research-planning""}","[]","조직명만으로 업무를 확정하지 않음. 제시된 부서명이 현행과 다르면 정정.","[""ORG-KATRI""]","병목 가설 미제시 · 분장·문제 유무 확인부터"
"SURVEY-katri-research-planning-katri-research-planning-DISCOVERY_CURRENT","v0.2","katri-research-planning","연구기획처","katri-research-planning","3","DISCOVERY_CURRENT","어떤 순서와 기준으로 처리하며 현재 시스템·서식·AI가 어디까지 지원합니까?","long_text","[]","false","","{""departmentId"":""katri-research-planning"",""topicId"":""katri-research-planning""}","[]","정상 사례와 실제 역할·공식 완료 결과부터 설명. 다른 처·센터·기관의 단계는 분리.","[""ORG-KATRI""]","병목 가설 미제시 · 분장·문제 유무 확인부터"
"SURVEY-katri-research-planning-katri-research-planning-DISCOVERY_PROBLEM","v0.2","katri-research-planning","연구기획처","katri-research-planning","3","DISCOVERY_PROBLEM","남는 어려움이 있습니까? 있다면 사례·영향·현재 대응·다른 원인을, 없다면 확인 범위를 설명해 주십시오.","long_text","[]","false","","{""departmentId"":""katri-research-planning"",""topicId"":""katri-research-planning""}","[]","병목 가설이 아직 없는 처. AI·신규사업 필요를 미리 배정하지 않고 자유롭게 발견.","[""ORG-KATRI""]","병목 가설 미제시 · 분장·문제 유무 확인부터"
"SURVEY-katri-research-planning-COMMON-OTHER_WORK_DIFFICULTY","v0.2","katri-research-planning","연구기획처","COMMON","4","OTHER_WORK_DIFFICULTY","제시된 병목 외에 업무처리나 정확한 판단을 어렵게 만드는 지점은 무엇입니까?","long_text","[]","false","","{""departmentId"":""katri-research-planning"",""topicId"":""COMMON""}","[]","업무 / 발생 단계 / 대상 / 현재 대응 / 남는 문제 / 근거를 작성. 없음·담당 아님·미확인도 명시 가능.","[""CCK-NOA"",""CTX-01"",""BOUNDARY-01""]","공통 설명·추가 의견"
"SURVEY-katri-research-planning-COMMON-PUBLIC_SERVICE_ISSUE","v0.2","katri-research-planning","연구기획처","COMMON","4","PUBLIC_SERVICE_ISSUE","국민·기업이 안전·검사·자격·교통 서비스를 이용할 때 추가로 겪는 불편이나 권익 문제는 무엇입니까?","long_text","[]","false","","{""departmentId"":""katri-research-planning"",""topicId"":""COMMON""}","[]","대상자 / 원하는 결과 / 현재 경로 / 반복 설명·보완·방문·접근성 / 확인 근거. 현업의 추정과 이용자의 직접 의견을 구분.","[""CCK-NOA"",""CTX-01"",""BOUNDARY-01""]","공통 설명·추가 의견"
"SURVEY-katri-research-planning-COMMON-NEW_PROBLEM","v0.2","katri-research-planning","연구기획처","COMMON","4","NEW_PROBLEM","이번 조사에서 빠진 문제나 다른 원인 설명이 있다면 작성해 주십시오.","long_text","[]","false","","{""departmentId"":""katri-research-planning"",""topicId"":""COMMON""}","[]","기존 병목의 수정인지 별도 문제인지, 소관 후보·현재 대응·우선 이유를 설명. 없으면 없음으로 작성.","[""CCK-NOA"",""CTX-01"",""BOUNDARY-01""]","공통 설명·추가 의견"
"SURVEY-katri-research-planning-COMMON-AX_EXPANSION_OPINION","v0.2","katri-research-planning","연구기획처","COMMON","4","AX_EXPANSION_OPINION","현재 플랫폼을 확대한다면 어떤 업무의 어떤 결과를 우선 개선해야 합니까?","long_text","[]","false","","{""departmentId"":""katri-research-planning"",""topicId"":""COMMON""}","[]","현재 기능 → 남는 어려움 → 필요한 새 능력 → 업무·역할 변화 → 기관/국민 편익. 확대 불필요·비AI 대안도 가능.","[""CCK-NOA"",""CTX-01"",""BOUNDARY-01""]","공통 설명·추가 의견"
"SURVEY-katri-research-planning-COMMON-EXPANSION_LIMIT","v0.2","katri-research-planning","연구기획처","COMMON","4","EXPANSION_LIMIT","별도 전문시스템이나 권한자의 판단에 남겨야 할 범위와 확대 제약은 무엇입니까?","long_text","[]","false","","{""departmentId"":""katri-research-planning"",""topicId"":""COMMON""}","[]","공식 안전·자격·의료·처분·승인/지급 책임, 자료 이용·운영·비용 조건을 설명. 실행본 확인은 제품 담당 보충지 S01~S04와 연결.","[""CCK-NOA"",""CTX-01"",""BOUNDARY-01""]","공통 설명·추가 의견"
"SURVEY-katri-research-support-COMMON-ROLE","v0.2","katri-research-support","연구지원처","COMMON","2","ROLE","이번 의견을 작성하는 업무 역할은 무엇입니까?","single_choice","[{""code"":""WORK"",""label"":""업무 담당""},{""code"":""REVIEW"",""label"":""검토·승인""},{""code"":""PLANNING"",""label"":""기획·성과""},{""code"":""TECH"",""label"":""정보화·제품·운영""},{""code"":""SECURITY"",""label"":""자료·보안""},{""code"":""OTHER"",""label"":""그 밖의 역할""},{""code"":""UNKNOWN"",""label"":""역할 설명 보완 필요""}]","false","","{""departmentId"":""katri-research-support"",""topicId"":""COMMON""}","[]","실명·연락처 대신 역할만 작성. 담당 처는 해당 양식에서 지정.","[""CCK-NOA"",""CTX-01"",""BOUNDARY-01""]","공통 설명·추가 의견"
"SURVEY-katri-research-support-COMMON-POSITION","v0.2","katri-research-support","연구지원처","COMMON","2","POSITION","이 응답은 어떤 범위의 의견입니까?","single_choice","[{""code"":""INDIVIDUAL"",""label"":""개인의 업무 경험·의견""},{""code"":""CONSULTED"",""label"":""부서 내 확인을 거친 의견""},{""code"":""OFFICIAL"",""label"":""권한자가 확인한 공식 회신""},{""code"":""UNKNOWN"",""label"":""범위 미확인""}]","false","","{""departmentId"":""katri-research-support"",""topicId"":""COMMON""}","[]","공식 회신 선택만으로 도입·예산·자료 이용승인이 생기는 것은 아님. 확인 근거는 별도 검토.","[""CCK-NOA"",""CTX-01"",""BOUNDARY-01""]","공통 설명·추가 의견"
"SURVEY-katri-research-support-COMMON-CURRENT_USE","v0.2","katri-research-support","연구지원처","COMMON","2","CURRENT_USE","현재 NOA 또는 AI 공통플랫폼을 어떤 업무에 사용하거나 확인하고 있습니까? 사용하지 않거나 기능을 모르는 경우도 작성해 주십시오.","long_text","[]","false","","{""departmentId"":""katri-research-support"",""topicId"":""COMMON""}","[]","실제 사용 기능·업무·남는 어려움 중심. 제공된 제품 소개를 실제 설치본 기능으로 옮겨 적지 않음.","[""CCK-NOA"",""CTX-01"",""BOUNDARY-01""]","공통 설명·추가 의견"
"SURVEY-katri-research-support-katri-research-support-DISCOVERY_SCOPE","v0.2","katri-research-support","연구지원처","katri-research-support","3","DISCOVERY_SCOPE","현재 담당하는 개별 업무·대상자·입력자료·결과·권한은 무엇입니까?","long_text","[]","false","","{""departmentId"":""katri-research-support"",""topicId"":""katri-research-support""}","[]","조직명만으로 업무를 확정하지 않음. 제시된 부서명이 현행과 다르면 정정.","[""ORG-KATRI""]","병목 가설 미제시 · 분장·문제 유무 확인부터"
"SURVEY-katri-research-support-katri-research-support-DISCOVERY_CURRENT","v0.2","katri-research-support","연구지원처","katri-research-support","3","DISCOVERY_CURRENT","어떤 순서와 기준으로 처리하며 현재 시스템·서식·AI가 어디까지 지원합니까?","long_text","[]","false","","{""departmentId"":""katri-research-support"",""topicId"":""katri-research-support""}","[]","정상 사례와 실제 역할·공식 완료 결과부터 설명. 다른 처·센터·기관의 단계는 분리.","[""ORG-KATRI""]","병목 가설 미제시 · 분장·문제 유무 확인부터"
"SURVEY-katri-research-support-katri-research-support-DISCOVERY_PROBLEM","v0.2","katri-research-support","연구지원처","katri-research-support","3","DISCOVERY_PROBLEM","남는 어려움이 있습니까? 있다면 사례·영향·현재 대응·다른 원인을, 없다면 확인 범위를 설명해 주십시오.","long_text","[]","false","","{""departmentId"":""katri-research-support"",""topicId"":""katri-research-support""}","[]","병목 가설이 아직 없는 처. AI·신규사업 필요를 미리 배정하지 않고 자유롭게 발견.","[""ORG-KATRI""]","병목 가설 미제시 · 분장·문제 유무 확인부터"
"SURVEY-katri-research-support-COMMON-OTHER_WORK_DIFFICULTY","v0.2","katri-research-support","연구지원처","COMMON","4","OTHER_WORK_DIFFICULTY","제시된 병목 외에 업무처리나 정확한 판단을 어렵게 만드는 지점은 무엇입니까?","long_text","[]","false","","{""departmentId"":""katri-research-support"",""topicId"":""COMMON""}","[]","업무 / 발생 단계 / 대상 / 현재 대응 / 남는 문제 / 근거를 작성. 없음·담당 아님·미확인도 명시 가능.","[""CCK-NOA"",""CTX-01"",""BOUNDARY-01""]","공통 설명·추가 의견"
"SURVEY-katri-research-support-COMMON-PUBLIC_SERVICE_ISSUE","v0.2","katri-research-support","연구지원처","COMMON","4","PUBLIC_SERVICE_ISSUE","국민·기업이 안전·검사·자격·교통 서비스를 이용할 때 추가로 겪는 불편이나 권익 문제는 무엇입니까?","long_text","[]","false","","{""departmentId"":""katri-research-support"",""topicId"":""COMMON""}","[]","대상자 / 원하는 결과 / 현재 경로 / 반복 설명·보완·방문·접근성 / 확인 근거. 현업의 추정과 이용자의 직접 의견을 구분.","[""CCK-NOA"",""CTX-01"",""BOUNDARY-01""]","공통 설명·추가 의견"
"SURVEY-katri-research-support-COMMON-NEW_PROBLEM","v0.2","katri-research-support","연구지원처","COMMON","4","NEW_PROBLEM","이번 조사에서 빠진 문제나 다른 원인 설명이 있다면 작성해 주십시오.","long_text","[]","false","","{""departmentId"":""katri-research-support"",""topicId"":""COMMON""}","[]","기존 병목의 수정인지 별도 문제인지, 소관 후보·현재 대응·우선 이유를 설명. 없으면 없음으로 작성.","[""CCK-NOA"",""CTX-01"",""BOUNDARY-01""]","공통 설명·추가 의견"
"SURVEY-katri-research-support-COMMON-AX_EXPANSION_OPINION","v0.2","katri-research-support","연구지원처","COMMON","4","AX_EXPANSION_OPINION","현재 플랫폼을 확대한다면 어떤 업무의 어떤 결과를 우선 개선해야 합니까?","long_text","[]","false","","{""departmentId"":""katri-research-support"",""topicId"":""COMMON""}","[]","현재 기능 → 남는 어려움 → 필요한 새 능력 → 업무·역할 변화 → 기관/국민 편익. 확대 불필요·비AI 대안도 가능.","[""CCK-NOA"",""CTX-01"",""BOUNDARY-01""]","공통 설명·추가 의견"
"SURVEY-katri-research-support-COMMON-EXPANSION_LIMIT","v0.2","katri-research-support","연구지원처","COMMON","4","EXPANSION_LIMIT","별도 전문시스템이나 권한자의 판단에 남겨야 할 범위와 확대 제약은 무엇입니까?","long_text","[]","false","","{""departmentId"":""katri-research-support"",""topicId"":""COMMON""}","[]","공식 안전·자격·의료·처분·승인/지급 책임, 자료 이용·운영·비용 조건을 설명. 실행본 확인은 제품 담당 보충지 S01~S04와 연결.","[""CCK-NOA"",""CTX-01"",""BOUNDARY-01""]","공통 설명·추가 의견"
"SURVEY-katri-defect-policy-COMMON-ROLE","v0.2","katri-defect-policy","결함정책처","COMMON","2","ROLE","이번 의견을 작성하는 업무 역할은 무엇입니까?","single_choice","[{""code"":""WORK"",""label"":""업무 담당""},{""code"":""REVIEW"",""label"":""검토·승인""},{""code"":""PLANNING"",""label"":""기획·성과""},{""code"":""TECH"",""label"":""정보화·제품·운영""},{""code"":""SECURITY"",""label"":""자료·보안""},{""code"":""OTHER"",""label"":""그 밖의 역할""},{""code"":""UNKNOWN"",""label"":""역할 설명 보완 필요""}]","false","","{""departmentId"":""katri-defect-policy"",""topicId"":""COMMON""}","[]","실명·연락처 대신 역할만 작성. 담당 처는 해당 양식에서 지정.","[""CCK-NOA"",""CTX-01"",""BOUNDARY-01""]","공통 설명·추가 의견"
"SURVEY-katri-defect-policy-COMMON-POSITION","v0.2","katri-defect-policy","결함정책처","COMMON","2","POSITION","이 응답은 어떤 범위의 의견입니까?","single_choice","[{""code"":""INDIVIDUAL"",""label"":""개인의 업무 경험·의견""},{""code"":""CONSULTED"",""label"":""부서 내 확인을 거친 의견""},{""code"":""OFFICIAL"",""label"":""권한자가 확인한 공식 회신""},{""code"":""UNKNOWN"",""label"":""범위 미확인""}]","false","","{""departmentId"":""katri-defect-policy"",""topicId"":""COMMON""}","[]","공식 회신 선택만으로 도입·예산·자료 이용승인이 생기는 것은 아님. 확인 근거는 별도 검토.","[""CCK-NOA"",""CTX-01"",""BOUNDARY-01""]","공통 설명·추가 의견"
"SURVEY-katri-defect-policy-COMMON-CURRENT_USE","v0.2","katri-defect-policy","결함정책처","COMMON","2","CURRENT_USE","현재 NOA 또는 AI 공통플랫폼을 어떤 업무에 사용하거나 확인하고 있습니까? 사용하지 않거나 기능을 모르는 경우도 작성해 주십시오.","long_text","[]","false","","{""departmentId"":""katri-defect-policy"",""topicId"":""COMMON""}","[]","실제 사용 기능·업무·남는 어려움 중심. 제공된 제품 소개를 실제 설치본 기능으로 옮겨 적지 않음.","[""CCK-NOA"",""CTX-01"",""BOUNDARY-01""]","공통 설명·추가 의견"
"SURVEY-katri-defect-policy-katri-defect-policy-DISCOVERY_SCOPE","v0.2","katri-defect-policy","결함정책처","katri-defect-policy","3","DISCOVERY_SCOPE","현재 담당하는 개별 업무·대상자·입력자료·결과·권한은 무엇입니까?","long_text","[]","false","","{""departmentId"":""katri-defect-policy"",""topicId"":""katri-defect-policy""}","[]","조직명만으로 업무를 확정하지 않음. 제시된 부서명이 현행과 다르면 정정.","[""ORG-KATRI""]","병목 가설 미제시 · 분장·문제 유무 확인부터"
"SURVEY-katri-defect-policy-katri-defect-policy-DISCOVERY_CURRENT","v0.2","katri-defect-policy","결함정책처","katri-defect-policy","3","DISCOVERY_CURRENT","어떤 순서와 기준으로 처리하며 현재 시스템·서식·AI가 어디까지 지원합니까?","long_text","[]","false","","{""departmentId"":""katri-defect-policy"",""topicId"":""katri-defect-policy""}","[]","정상 사례와 실제 역할·공식 완료 결과부터 설명. 다른 처·센터·기관의 단계는 분리.","[""ORG-KATRI""]","병목 가설 미제시 · 분장·문제 유무 확인부터"
"SURVEY-katri-defect-policy-katri-defect-policy-DISCOVERY_PROBLEM","v0.2","katri-defect-policy","결함정책처","katri-defect-policy","3","DISCOVERY_PROBLEM","남는 어려움이 있습니까? 있다면 사례·영향·현재 대응·다른 원인을, 없다면 확인 범위를 설명해 주십시오.","long_text","[]","false","","{""departmentId"":""katri-defect-policy"",""topicId"":""katri-defect-policy""}","[]","병목 가설이 아직 없는 처. AI·신규사업 필요를 미리 배정하지 않고 자유롭게 발견.","[""ORG-KATRI""]","병목 가설 미제시 · 분장·문제 유무 확인부터"
"SURVEY-katri-defect-policy-COMMON-OTHER_WORK_DIFFICULTY","v0.2","katri-defect-policy","결함정책처","COMMON","4","OTHER_WORK_DIFFICULTY","제시된 병목 외에 업무처리나 정확한 판단을 어렵게 만드는 지점은 무엇입니까?","long_text","[]","false","","{""departmentId"":""katri-defect-policy"",""topicId"":""COMMON""}","[]","업무 / 발생 단계 / 대상 / 현재 대응 / 남는 문제 / 근거를 작성. 없음·담당 아님·미확인도 명시 가능.","[""CCK-NOA"",""CTX-01"",""BOUNDARY-01""]","공통 설명·추가 의견"
"SURVEY-katri-defect-policy-COMMON-PUBLIC_SERVICE_ISSUE","v0.2","katri-defect-policy","결함정책처","COMMON","4","PUBLIC_SERVICE_ISSUE","국민·기업이 안전·검사·자격·교통 서비스를 이용할 때 추가로 겪는 불편이나 권익 문제는 무엇입니까?","long_text","[]","false","","{""departmentId"":""katri-defect-policy"",""topicId"":""COMMON""}","[]","대상자 / 원하는 결과 / 현재 경로 / 반복 설명·보완·방문·접근성 / 확인 근거. 현업의 추정과 이용자의 직접 의견을 구분.","[""CCK-NOA"",""CTX-01"",""BOUNDARY-01""]","공통 설명·추가 의견"
"SURVEY-katri-defect-policy-COMMON-NEW_PROBLEM","v0.2","katri-defect-policy","결함정책처","COMMON","4","NEW_PROBLEM","이번 조사에서 빠진 문제나 다른 원인 설명이 있다면 작성해 주십시오.","long_text","[]","false","","{""departmentId"":""katri-defect-policy"",""topicId"":""COMMON""}","[]","기존 병목의 수정인지 별도 문제인지, 소관 후보·현재 대응·우선 이유를 설명. 없으면 없음으로 작성.","[""CCK-NOA"",""CTX-01"",""BOUNDARY-01""]","공통 설명·추가 의견"
"SURVEY-katri-defect-policy-COMMON-AX_EXPANSION_OPINION","v0.2","katri-defect-policy","결함정책처","COMMON","4","AX_EXPANSION_OPINION","현재 플랫폼을 확대한다면 어떤 업무의 어떤 결과를 우선 개선해야 합니까?","long_text","[]","false","","{""departmentId"":""katri-defect-policy"",""topicId"":""COMMON""}","[]","현재 기능 → 남는 어려움 → 필요한 새 능력 → 업무·역할 변화 → 기관/국민 편익. 확대 불필요·비AI 대안도 가능.","[""CCK-NOA"",""CTX-01"",""BOUNDARY-01""]","공통 설명·추가 의견"
"SURVEY-katri-defect-policy-COMMON-EXPANSION_LIMIT","v0.2","katri-defect-policy","결함정책처","COMMON","4","EXPANSION_LIMIT","별도 전문시스템이나 권한자의 판단에 남겨야 할 범위와 확대 제약은 무엇입니까?","long_text","[]","false","","{""departmentId"":""katri-defect-policy"",""topicId"":""COMMON""}","[]","공식 안전·자격·의료·처분·승인/지급 책임, 자료 이용·운영·비용 조건을 설명. 실행본 확인은 제품 담당 보충지 S01~S04와 연결.","[""CCK-NOA"",""CTX-01"",""BOUNDARY-01""]","공통 설명·추가 의견"
"SURVEY-katri-defect-investigation1-COMMON-ROLE","v0.2","katri-defect-investigation1","결함조사1처","COMMON","2","ROLE","이번 의견을 작성하는 업무 역할은 무엇입니까?","single_choice","[{""code"":""WORK"",""label"":""업무 담당""},{""code"":""REVIEW"",""label"":""검토·승인""},{""code"":""PLANNING"",""label"":""기획·성과""},{""code"":""TECH"",""label"":""정보화·제품·운영""},{""code"":""SECURITY"",""label"":""자료·보안""},{""code"":""OTHER"",""label"":""그 밖의 역할""},{""code"":""UNKNOWN"",""label"":""역할 설명 보완 필요""}]","false","","{""departmentId"":""katri-defect-investigation1"",""topicId"":""COMMON""}","[]","실명·연락처 대신 역할만 작성. 담당 처는 해당 양식에서 지정.","[""CCK-NOA"",""CTX-01"",""BOUNDARY-01""]","공통 설명·추가 의견"
"SURVEY-katri-defect-investigation1-COMMON-POSITION","v0.2","katri-defect-investigation1","결함조사1처","COMMON","2","POSITION","이 응답은 어떤 범위의 의견입니까?","single_choice","[{""code"":""INDIVIDUAL"",""label"":""개인의 업무 경험·의견""},{""code"":""CONSULTED"",""label"":""부서 내 확인을 거친 의견""},{""code"":""OFFICIAL"",""label"":""권한자가 확인한 공식 회신""},{""code"":""UNKNOWN"",""label"":""범위 미확인""}]","false","","{""departmentId"":""katri-defect-investigation1"",""topicId"":""COMMON""}","[]","공식 회신 선택만으로 도입·예산·자료 이용승인이 생기는 것은 아님. 확인 근거는 별도 검토.","[""CCK-NOA"",""CTX-01"",""BOUNDARY-01""]","공통 설명·추가 의견"
"SURVEY-katri-defect-investigation1-COMMON-CURRENT_USE","v0.2","katri-defect-investigation1","결함조사1처","COMMON","2","CURRENT_USE","현재 NOA 또는 AI 공통플랫폼을 어떤 업무에 사용하거나 확인하고 있습니까? 사용하지 않거나 기능을 모르는 경우도 작성해 주십시오.","long_text","[]","false","","{""departmentId"":""katri-defect-investigation1"",""topicId"":""COMMON""}","[]","실제 사용 기능·업무·남는 어려움 중심. 제공된 제품 소개를 실제 설치본 기능으로 옮겨 적지 않음.","[""CCK-NOA"",""CTX-01"",""BOUNDARY-01""]","공통 설명·추가 의견"
"SURVEY-katri-defect-investigation1-katri-defect-investigation1-DISCOVERY_SCOPE","v0.2","katri-defect-investigation1","결함조사1처","katri-defect-investigation1","3","DISCOVERY_SCOPE","현재 담당하는 개별 업무·대상자·입력자료·결과·권한은 무엇입니까?","long_text","[]","false","","{""departmentId"":""katri-defect-investigation1"",""topicId"":""katri-defect-investigation1""}","[]","조직명만으로 업무를 확정하지 않음. 제시된 부서명이 현행과 다르면 정정.","[""ORG-KATRI""]","병목 가설 미제시 · 분장·문제 유무 확인부터"
"SURVEY-katri-defect-investigation1-katri-defect-investigation1-DISCOVERY_CURRENT","v0.2","katri-defect-investigation1","결함조사1처","katri-defect-investigation1","3","DISCOVERY_CURRENT","어떤 순서와 기준으로 처리하며 현재 시스템·서식·AI가 어디까지 지원합니까?","long_text","[]","false","","{""departmentId"":""katri-defect-investigation1"",""topicId"":""katri-defect-investigation1""}","[]","정상 사례와 실제 역할·공식 완료 결과부터 설명. 다른 처·센터·기관의 단계는 분리.","[""ORG-KATRI""]","병목 가설 미제시 · 분장·문제 유무 확인부터"
"SURVEY-katri-defect-investigation1-katri-defect-investigation1-DISCOVERY_PROBLEM","v0.2","katri-defect-investigation1","결함조사1처","katri-defect-investigation1","3","DISCOVERY_PROBLEM","남는 어려움이 있습니까? 있다면 사례·영향·현재 대응·다른 원인을, 없다면 확인 범위를 설명해 주십시오.","long_text","[]","false","","{""departmentId"":""katri-defect-investigation1"",""topicId"":""katri-defect-investigation1""}","[]","병목 가설이 아직 없는 처. AI·신규사업 필요를 미리 배정하지 않고 자유롭게 발견.","[""ORG-KATRI""]","병목 가설 미제시 · 분장·문제 유무 확인부터"
"SURVEY-katri-defect-investigation1-COMMON-OTHER_WORK_DIFFICULTY","v0.2","katri-defect-investigation1","결함조사1처","COMMON","4","OTHER_WORK_DIFFICULTY","제시된 병목 외에 업무처리나 정확한 판단을 어렵게 만드는 지점은 무엇입니까?","long_text","[]","false","","{""departmentId"":""katri-defect-investigation1"",""topicId"":""COMMON""}","[]","업무 / 발생 단계 / 대상 / 현재 대응 / 남는 문제 / 근거를 작성. 없음·담당 아님·미확인도 명시 가능.","[""CCK-NOA"",""CTX-01"",""BOUNDARY-01""]","공통 설명·추가 의견"
"SURVEY-katri-defect-investigation1-COMMON-PUBLIC_SERVICE_ISSUE","v0.2","katri-defect-investigation1","결함조사1처","COMMON","4","PUBLIC_SERVICE_ISSUE","국민·기업이 안전·검사·자격·교통 서비스를 이용할 때 추가로 겪는 불편이나 권익 문제는 무엇입니까?","long_text","[]","false","","{""departmentId"":""katri-defect-investigation1"",""topicId"":""COMMON""}","[]","대상자 / 원하는 결과 / 현재 경로 / 반복 설명·보완·방문·접근성 / 확인 근거. 현업의 추정과 이용자의 직접 의견을 구분.","[""CCK-NOA"",""CTX-01"",""BOUNDARY-01""]","공통 설명·추가 의견"
"SURVEY-katri-defect-investigation1-COMMON-NEW_PROBLEM","v0.2","katri-defect-investigation1","결함조사1처","COMMON","4","NEW_PROBLEM","이번 조사에서 빠진 문제나 다른 원인 설명이 있다면 작성해 주십시오.","long_text","[]","false","","{""departmentId"":""katri-defect-investigation1"",""topicId"":""COMMON""}","[]","기존 병목의 수정인지 별도 문제인지, 소관 후보·현재 대응·우선 이유를 설명. 없으면 없음으로 작성.","[""CCK-NOA"",""CTX-01"",""BOUNDARY-01""]","공통 설명·추가 의견"
"SURVEY-katri-defect-investigation1-COMMON-AX_EXPANSION_OPINION","v0.2","katri-defect-investigation1","결함조사1처","COMMON","4","AX_EXPANSION_OPINION","현재 플랫폼을 확대한다면 어떤 업무의 어떤 결과를 우선 개선해야 합니까?","long_text","[]","false","","{""departmentId"":""katri-defect-investigation1"",""topicId"":""COMMON""}","[]","현재 기능 → 남는 어려움 → 필요한 새 능력 → 업무·역할 변화 → 기관/국민 편익. 확대 불필요·비AI 대안도 가능.","[""CCK-NOA"",""CTX-01"",""BOUNDARY-01""]","공통 설명·추가 의견"
"SURVEY-katri-defect-investigation1-COMMON-EXPANSION_LIMIT","v0.2","katri-defect-investigation1","결함조사1처","COMMON","4","EXPANSION_LIMIT","별도 전문시스템이나 권한자의 판단에 남겨야 할 범위와 확대 제약은 무엇입니까?","long_text","[]","false","","{""departmentId"":""katri-defect-investigation1"",""topicId"":""COMMON""}","[]","공식 안전·자격·의료·처분·승인/지급 책임, 자료 이용·운영·비용 조건을 설명. 실행본 확인은 제품 담당 보충지 S01~S04와 연결.","[""CCK-NOA"",""CTX-01"",""BOUNDARY-01""]","공통 설명·추가 의견"
"SURVEY-katri-defect-investigation2-COMMON-ROLE","v0.2","katri-defect-investigation2","결함조사2처","COMMON","2","ROLE","이번 의견을 작성하는 업무 역할은 무엇입니까?","single_choice","[{""code"":""WORK"",""label"":""업무 담당""},{""code"":""REVIEW"",""label"":""검토·승인""},{""code"":""PLANNING"",""label"":""기획·성과""},{""code"":""TECH"",""label"":""정보화·제품·운영""},{""code"":""SECURITY"",""label"":""자료·보안""},{""code"":""OTHER"",""label"":""그 밖의 역할""},{""code"":""UNKNOWN"",""label"":""역할 설명 보완 필요""}]","false","","{""departmentId"":""katri-defect-investigation2"",""topicId"":""COMMON""}","[]","실명·연락처 대신 역할만 작성. 담당 처는 해당 양식에서 지정.","[""CCK-NOA"",""CTX-01"",""BOUNDARY-01""]","공통 설명·추가 의견"
"SURVEY-katri-defect-investigation2-COMMON-POSITION","v0.2","katri-defect-investigation2","결함조사2처","COMMON","2","POSITION","이 응답은 어떤 범위의 의견입니까?","single_choice","[{""code"":""INDIVIDUAL"",""label"":""개인의 업무 경험·의견""},{""code"":""CONSULTED"",""label"":""부서 내 확인을 거친 의견""},{""code"":""OFFICIAL"",""label"":""권한자가 확인한 공식 회신""},{""code"":""UNKNOWN"",""label"":""범위 미확인""}]","false","","{""departmentId"":""katri-defect-investigation2"",""topicId"":""COMMON""}","[]","공식 회신 선택만으로 도입·예산·자료 이용승인이 생기는 것은 아님. 확인 근거는 별도 검토.","[""CCK-NOA"",""CTX-01"",""BOUNDARY-01""]","공통 설명·추가 의견"
"SURVEY-katri-defect-investigation2-COMMON-CURRENT_USE","v0.2","katri-defect-investigation2","결함조사2처","COMMON","2","CURRENT_USE","현재 NOA 또는 AI 공통플랫폼을 어떤 업무에 사용하거나 확인하고 있습니까? 사용하지 않거나 기능을 모르는 경우도 작성해 주십시오.","long_text","[]","false","","{""departmentId"":""katri-defect-investigation2"",""topicId"":""COMMON""}","[]","실제 사용 기능·업무·남는 어려움 중심. 제공된 제품 소개를 실제 설치본 기능으로 옮겨 적지 않음.","[""CCK-NOA"",""CTX-01"",""BOUNDARY-01""]","공통 설명·추가 의견"
"SURVEY-katri-defect-investigation2-katri-defect-investigation2-DISCOVERY_SCOPE","v0.2","katri-defect-investigation2","결함조사2처","katri-defect-investigation2","3","DISCOVERY_SCOPE","현재 담당하는 개별 업무·대상자·입력자료·결과·권한은 무엇입니까?","long_text","[]","false","","{""departmentId"":""katri-defect-investigation2"",""topicId"":""katri-defect-investigation2""}","[]","조직명만으로 업무를 확정하지 않음. 제시된 부서명이 현행과 다르면 정정.","[""ORG-KATRI""]","병목 가설 미제시 · 분장·문제 유무 확인부터"
"SURVEY-katri-defect-investigation2-katri-defect-investigation2-DISCOVERY_CURRENT","v0.2","katri-defect-investigation2","결함조사2처","katri-defect-investigation2","3","DISCOVERY_CURRENT","어떤 순서와 기준으로 처리하며 현재 시스템·서식·AI가 어디까지 지원합니까?","long_text","[]","false","","{""departmentId"":""katri-defect-investigation2"",""topicId"":""katri-defect-investigation2""}","[]","정상 사례와 실제 역할·공식 완료 결과부터 설명. 다른 처·센터·기관의 단계는 분리.","[""ORG-KATRI""]","병목 가설 미제시 · 분장·문제 유무 확인부터"
"SURVEY-katri-defect-investigation2-katri-defect-investigation2-DISCOVERY_PROBLEM","v0.2","katri-defect-investigation2","결함조사2처","katri-defect-investigation2","3","DISCOVERY_PROBLEM","남는 어려움이 있습니까? 있다면 사례·영향·현재 대응·다른 원인을, 없다면 확인 범위를 설명해 주십시오.","long_text","[]","false","","{""departmentId"":""katri-defect-investigation2"",""topicId"":""katri-defect-investigation2""}","[]","병목 가설이 아직 없는 처. AI·신규사업 필요를 미리 배정하지 않고 자유롭게 발견.","[""ORG-KATRI""]","병목 가설 미제시 · 분장·문제 유무 확인부터"
"SURVEY-katri-defect-investigation2-COMMON-OTHER_WORK_DIFFICULTY","v0.2","katri-defect-investigation2","결함조사2처","COMMON","4","OTHER_WORK_DIFFICULTY","제시된 병목 외에 업무처리나 정확한 판단을 어렵게 만드는 지점은 무엇입니까?","long_text","[]","false","","{""departmentId"":""katri-defect-investigation2"",""topicId"":""COMMON""}","[]","업무 / 발생 단계 / 대상 / 현재 대응 / 남는 문제 / 근거를 작성. 없음·담당 아님·미확인도 명시 가능.","[""CCK-NOA"",""CTX-01"",""BOUNDARY-01""]","공통 설명·추가 의견"
"SURVEY-katri-defect-investigation2-COMMON-PUBLIC_SERVICE_ISSUE","v0.2","katri-defect-investigation2","결함조사2처","COMMON","4","PUBLIC_SERVICE_ISSUE","국민·기업이 안전·검사·자격·교통 서비스를 이용할 때 추가로 겪는 불편이나 권익 문제는 무엇입니까?","long_text","[]","false","","{""departmentId"":""katri-defect-investigation2"",""topicId"":""COMMON""}","[]","대상자 / 원하는 결과 / 현재 경로 / 반복 설명·보완·방문·접근성 / 확인 근거. 현업의 추정과 이용자의 직접 의견을 구분.","[""CCK-NOA"",""CTX-01"",""BOUNDARY-01""]","공통 설명·추가 의견"
"SURVEY-katri-defect-investigation2-COMMON-NEW_PROBLEM","v0.2","katri-defect-investigation2","결함조사2처","COMMON","4","NEW_PROBLEM","이번 조사에서 빠진 문제나 다른 원인 설명이 있다면 작성해 주십시오.","long_text","[]","false","","{""departmentId"":""katri-defect-investigation2"",""topicId"":""COMMON""}","[]","기존 병목의 수정인지 별도 문제인지, 소관 후보·현재 대응·우선 이유를 설명. 없으면 없음으로 작성.","[""CCK-NOA"",""CTX-01"",""BOUNDARY-01""]","공통 설명·추가 의견"
"SURVEY-katri-defect-investigation2-COMMON-AX_EXPANSION_OPINION","v0.2","katri-defect-investigation2","결함조사2처","COMMON","4","AX_EXPANSION_OPINION","현재 플랫폼을 확대한다면 어떤 업무의 어떤 결과를 우선 개선해야 합니까?","long_text","[]","false","","{""departmentId"":""katri-defect-investigation2"",""topicId"":""COMMON""}","[]","현재 기능 → 남는 어려움 → 필요한 새 능력 → 업무·역할 변화 → 기관/국민 편익. 확대 불필요·비AI 대안도 가능.","[""CCK-NOA"",""CTX-01"",""BOUNDARY-01""]","공통 설명·추가 의견"
"SURVEY-katri-defect-investigation2-COMMON-EXPANSION_LIMIT","v0.2","katri-defect-investigation2","결함조사2처","COMMON","4","EXPANSION_LIMIT","별도 전문시스템이나 권한자의 판단에 남겨야 할 범위와 확대 제약은 무엇입니까?","long_text","[]","false","","{""departmentId"":""katri-defect-investigation2"",""topicId"":""COMMON""}","[]","공식 안전·자격·의료·처분·승인/지급 책임, 자료 이용·운영·비용 조건을 설명. 실행본 확인은 제품 담당 보충지 S01~S04와 연결.","[""CCK-NOA"",""CTX-01"",""BOUNDARY-01""]","공통 설명·추가 의견"
"SURVEY-EX26-COMMON-ROLE","v0.2","EX26","안전연구처","COMMON","2","ROLE","이번 의견을 작성하는 업무 역할은 무엇입니까?","single_choice","[{""code"":""WORK"",""label"":""업무 담당""},{""code"":""REVIEW"",""label"":""검토·승인""},{""code"":""PLANNING"",""label"":""기획·성과""},{""code"":""TECH"",""label"":""정보화·제품·운영""},{""code"":""SECURITY"",""label"":""자료·보안""},{""code"":""OTHER"",""label"":""그 밖의 역할""},{""code"":""UNKNOWN"",""label"":""역할 설명 보완 필요""}]","false","","{""departmentId"":""EX26"",""topicId"":""COMMON""}","[]","실명·연락처 대신 역할만 작성. 담당 처는 해당 양식에서 지정.","[""CCK-NOA"",""CTX-01"",""BOUNDARY-01""]","공통 설명·추가 의견"
"SURVEY-EX26-COMMON-POSITION","v0.2","EX26","안전연구처","COMMON","2","POSITION","이 응답은 어떤 범위의 의견입니까?","single_choice","[{""code"":""INDIVIDUAL"",""label"":""개인의 업무 경험·의견""},{""code"":""CONSULTED"",""label"":""부서 내 확인을 거친 의견""},{""code"":""OFFICIAL"",""label"":""권한자가 확인한 공식 회신""},{""code"":""UNKNOWN"",""label"":""범위 미확인""}]","false","","{""departmentId"":""EX26"",""topicId"":""COMMON""}","[]","공식 회신 선택만으로 도입·예산·자료 이용승인이 생기는 것은 아님. 확인 근거는 별도 검토.","[""CCK-NOA"",""CTX-01"",""BOUNDARY-01""]","공통 설명·추가 의견"
"SURVEY-EX26-COMMON-CURRENT_USE","v0.2","EX26","안전연구처","COMMON","2","CURRENT_USE","현재 NOA 또는 AI 공통플랫폼을 어떤 업무에 사용하거나 확인하고 있습니까? 사용하지 않거나 기능을 모르는 경우도 작성해 주십시오.","long_text","[]","false","","{""departmentId"":""EX26"",""topicId"":""COMMON""}","[]","실제 사용 기능·업무·남는 어려움 중심. 제공된 제품 소개를 실제 설치본 기능으로 옮겨 적지 않음.","[""CCK-NOA"",""CTX-01"",""BOUNDARY-01""]","공통 설명·추가 의견"
"SURVEY-EX26-EX26-01-SCOPE_MATCH","v0.2","EX26","안전연구처","EX26-01","3","SCOPE_MATCH","제시한 업무·대상·처리단계가 귀 처의 실제 담당 범위와 일치합니까?","single_choice","[{""code"":""MATCH"",""label"":""일치""},{""code"":""PARTIAL"",""label"":""일부 수정 필요""},{""code"":""MISMATCH"",""label"":""현재 업무와 불일치""},{""code"":""OTHER_OWNER"",""label"":""다른 부서·기관 소관""},{""code"":""UNKNOWN"",""label"":""판단자료 부족""}]","false","","{""departmentId"":""EX26"",""topicId"":""EX26-01""}","[]","조직명 일치와 실제 수행·결정권한은 구분. 다른 소관이면 수정 의견만 선택 작성.","[""katri-org"",""katri-ncap""]","조사·기획 가설 · 현업 정합성/타당성 미확인"
"SURVEY-EX26-EX26-01-CURRENT_STATE","v0.2","EX26","안전연구처","EX26-01","3","CURRENT_STATE","제시한 병목이 현재 발생하는지 어떤 상태로 확인하고 있습니까?","single_choice","[{""code"":""OBSERVED"",""label"":""현재 발생 확인""},{""code"":""CONDITIONAL"",""label"":""특정 조건에서 발생 확인""},{""code"":""RESOLVED"",""label"":""과거 발생했으나 해결됨""},{""code"":""NO_PROBLEM_OBSERVED"",""label"":""확인한 범위에서 발생하지 않음""},{""code"":""NO_DIRECT_EXPERIENCE"",""label"":""직접 확인한 경험 없음""},{""code"":""UNKNOWN"",""label"":""확인 불가""}]","false","{""field"":""SCOPE_MATCH"",""notIn"":[""MISMATCH"",""OTHER_OWNER"",""UNKNOWN""]}","{""departmentId"":""EX26"",""topicId"":""EX26-01""}","[]","미관찰을 전체 문제 없음으로 확대하지 않음. 해결됨이면 해결 기능·시점·범위를 기록.","[""katri-org"",""katri-ncap""]","조사·기획 가설 · 현업 정합성/타당성 미확인"
"SURVEY-EX26-EX26-01-BOTTLENECK_VALIDITY","v0.2","EX26","안전연구처","EX26-01","3","BOTTLENECK_VALIDITY","제시한 병목 설명과 원인 가설이 실제 상황을 설명하는 데 타당합니까?","single_choice","[{""code"":""VALID"",""label"":""타당""},{""code"":""CONDITIONAL"",""label"":""조건부 타당""},{""code"":""INVALID"",""label"":""타당하지 않음""},{""code"":""UNKNOWN"",""label"":""판단자료 부족""}]","false","{""field"":""SCOPE_MATCH"",""notIn"":[""MISMATCH"",""OTHER_OWNER"",""UNKNOWN""]}","{""departmentId"":""EX26"",""topicId"":""EX26-01""}","[]","업무 담당 여부·현재 발생 상태·우선순위와 별도 판단. 제안 제품의 도입 찬반 질문이 아님.","[""katri-org"",""katri-ncap""]","조사·기획 가설 · 현업 정합성/타당성 미확인"
"SURVEY-EX26-EX26-01-VALIDITY_REASON","v0.2","EX26","안전연구처","EX26-01","3","VALIDITY_REASON","정합성·발생 상태·타당성 판단의 이유와 고쳐야 할 내용을 작성해 주십시오.","long_text","[]","false","","{""departmentId"":""EX26"",""topicId"":""EX26-01""}","[]","맞는 부분 / 다른 부분 / 다른 원인 / 수정할 병목 문장 / 추가 확인 순서로 작성. 불일치·자료 부족도 유효한 응답.","[""katri-org"",""katri-ncap""]","조사·기획 가설 · 현업 정합성/타당성 미확인"
"SURVEY-EX26-EX26-01-EVIDENCE_BASIS","v0.2","EX26","안전연구처","EX26-01","3","EVIDENCE_BASIS","판단에 사용한 근거는 무엇입니까?","multiple_choice","[{""code"":""EXPERIENCE"",""label"":""직접 처리 경험""},{""code"":""RECORD"",""label"":""기록·로그·문서""},{""code"":""EXPLANATION"",""label"":""다른 담당자의 설명""},{""code"":""PUBLIC"",""label"":""공개자료""},{""code"":""INFERENCE"",""label"":""추정·개인 의견""},{""code"":""NONE"",""label"":""별도 근거 미확보""}]","false","{""field"":""SCOPE_MATCH"",""notIn"":[""MISMATCH"",""OTHER_OWNER"",""UNKNOWN""]}","{""departmentId"":""EX26"",""topicId"":""EX26-01""}","[""NONE""]","경험과 기록은 함께 선택 가능. NONE은 다른 근거와 동시 선택하지 않음. 유형 선택만으로 검증 완료 처리하지 않음.","[""katri-org"",""katri-ncap""]","조사·기획 가설 · 현업 정합성/타당성 미확인"
"SURVEY-EX26-EX26-01-ACTUAL_CASE","v0.2","EX26","안전연구처","EX26-01","3","ACTUAL_CASE","공유 가능한 사례가 있다면 언제·어느 단계·누구에게 어떤 결과나 부담이 발생했는지 작성해 주십시오.","long_text","[]","false","{""all"":[{""field"":""SCOPE_MATCH"",""notIn"":[""MISMATCH"",""OTHER_OWNER"",""UNKNOWN""]},{""field"":""CURRENT_STATE"",""in"":[""OBSERVED"",""CONDITIONAL""]}]}","{""departmentId"":""EX26"",""topicId"":""EX26-01""}","[]","가명 사건 유형·기간·빈도 근거·영향·현재 대응만 작성. 이름·차량번호·연락처·질병정보·원문 민원은 입력하지 않음. 수치는 실측/집계/추정을 구분.","[""katri-org"",""katri-ncap""]","조사·기획 가설 · 현업 정합성/타당성 미확인"
"SURVEY-EX26-EX26-01-COUNTER_EVIDENCE","v0.2","EX26","안전연구처","EX26-01","3","COUNTER_EVIDENCE","문제 없이 완료했거나 제시한 설명과 다른 사례, 다른 원인이 있습니까?","long_text","[]","false","{""field"":""SCOPE_MATCH"",""notIn"":[""MISMATCH"",""OTHER_OWNER"",""UNKNOWN""]}","{""departmentId"":""EX26"",""topicId"":""EX26-01""}","[]","없음·직접 확인 못함도 작성 가능. 반대 사례와 소수 의견은 유지.","[""katri-org"",""katri-ncap""]","조사·기획 가설 · 현업 정합성/타당성 미확인"
"SURVEY-EX26-EX26-01-EXISTING_RESPONSE","v0.2","EX26","안전연구처","EX26-01","3","EXISTING_RESPONSE","현재 시스템·AI·서식·규칙·협의절차로 해결하는 부분과 남는 문제는 무엇입니까?","long_text","[]","false","{""field"":""SCOPE_MATCH"",""notIn"":[""MISMATCH"",""OTHER_OWNER"",""UNKNOWN""]}","{""departmentId"":""EX26"",""topicId"":""EX26-01""}","[]","이미 충분히 해결된다면 해당 기능·조건·해결 시점을 작성. 기존 계약·추진 중인 사업과 겹치는 범위도 설명.","[""katri-org"",""katri-ncap""]","조사·기획 가설 · 현업 정합성/타당성 미확인"
"SURVEY-EX26-EX26-01-IMPROVEMENT_METHOD","v0.2","EX26","안전연구처","EX26-01","3","IMPROVEMENT_METHOD","개선이 필요하다면 어떤 방식이 적절하다고 봅니까?","multiple_choice","[{""code"":""EXISTING"",""label"":""기존 기능·운영 개선""},{""code"":""DATA"",""label"":""자료·서식·식별키 정비""},{""code"":""RULE_API"",""label"":""정형 규칙·시스템 연계""},{""code"":""AI"",""label"":""NOA 등 AI 추가 적용""},{""code"":""INSTITUTION"",""label"":""인력·공급·재원·제도 개선""},{""code"":""NO_NEED"",""label"":""추가 개선 필요 없음""},{""code"":""UNKNOWN"",""label"":""판단자료 부족""}]","false","{""field"":""SCOPE_MATCH"",""notIn"":[""MISMATCH"",""OTHER_OWNER"",""UNKNOWN""]}","{""departmentId"":""EX26"",""topicId"":""EX26-01""}","[""NO_NEED"",""UNKNOWN""]","여러 개선 방식의 결합 가능. NO_NEED·UNKNOWN은 다른 방식과 동시에 선택하지 않음. AI 미선택 시 AI 세부 질문을 건너뜀.","[""katri-org"",""katri-ncap""]","조사·기획 가설 · 현업 정합성/타당성 미확인"
"SURVEY-EX26-EX26-01-AI_ADDED_VALUE","v0.2","EX26","안전연구처","EX26-01","3","AI_ADDED_VALUE","NOA 등 AI를 추가하면 기존 도구·정형 개선으로 달성하기 어려운 어떤 결과를 얻을 수 있습니까?","long_text","[]","false","{""all"":[{""field"":""SCOPE_MATCH"",""notIn"":[""MISMATCH"",""OTHER_OWNER"",""UNKNOWN""]},{""field"":""IMPROVEMENT_METHOD"",""includes"":""AI""}]}","{""departmentId"":""EX26"",""topicId"":""EX26-01""}","[]","기능 이름보다 달라질 판단·수행·국민/기업 결과를 작성. 기대와 실제 입증을 구분.","[""katri-org"",""katri-ncap""]","조사·기획 가설 · 현업 정합성/타당성 미확인"
"SURVEY-EX26-EX26-01-FEASIBILITY_CONDITIONS","v0.2","EX26","안전연구처","EX26-01","3","FEASIBILITY_CONDITIONS","추가 AI 적용을 위해 어떤 자료·연계·권한·전문 검수·운영조건을 확보해야 합니까?","long_text","[]","false","{""all"":[{""field"":""SCOPE_MATCH"",""notIn"":[""MISMATCH"",""OTHER_OWNER"",""UNKNOWN""]},{""field"":""IMPROVEMENT_METHOD"",""includes"":""AI""}]}","{""departmentId"":""EX26"",""topicId"":""EX26-01""}","[]","실제 설치본·사용권·기존 서버·조회/실행 경계·오류 복구·인수 역할 확인. 새로운 인프라 구매 없는 검토 전제.","[""katri-org"",""katri-ncap""]","조사·기획 가설 · 현업 정합성/타당성 미확인"
"SURVEY-EX26-EX26-01-RISK_AND_CONCERN","v0.2","EX26","안전연구처","EX26-01","3","RISK_AND_CONCERN","제안 방식이 오판·과다 보완·정보 노출·추가 업무·이용자 배제 등을 일으킬 조건은 무엇입니까?","long_text","[]","false","{""field"":""SCOPE_MATCH"",""notIn"":[""MISMATCH"",""OTHER_OWNER"",""UNKNOWN""]}","{""departmentId"":""EX26"",""topicId"":""EX26-01""}","[]","문제 없다고 단정하지 않고 예상·관찰·미확인을 구분. AI 이외 개선의 우려도 작성.","[""katri-org"",""katri-ncap""]","조사·기획 가설 · 현업 정합성/타당성 미확인"
"SURVEY-EX26-EX26-01-EFFECT_AND_MEASUREMENT","v0.2","EX26","안전연구처","EX26-01","3","EFFECT_AND_MEASUREMENT","제시한 효과 지표가 적절합니까? 실제 기록으로 확인할 결과와 측정하기 어려운 부분을 작성해 주십시오.","long_text","[]","false","{""field"":""SCOPE_MATCH"",""notIn"":[""MISMATCH"",""OTHER_OWNER"",""UNKNOWN""]}","{""departmentId"":""EX26"",""topicId"":""EX26-01""}","[]","분모·관측기간·비교조건·중요 오류·과잉처리·대기/활동시간을 구분. 개선율·목표값을 임의로 만들지 않음.","[""katri-org"",""katri-ncap""]","조사·기획 가설 · 현업 정합성/타당성 미확인"
"SURVEY-EX26-EX26-01-ALTERNATIVE_PROPOSAL","v0.2","EX26","안전연구처","EX26-01","3","ALTERNATIVE_PROPOSAL","제안된 CCK 적용 방법을 수정·축소·제외하거나 다른 방법으로 해결할 의견이 있습니까?","long_text","[]","false","{""field"":""SCOPE_MATCH"",""notIn"":[""MISMATCH"",""OTHER_OWNER"",""UNKNOWN""]}","{""departmentId"":""EX26"",""topicId"":""EX26-01""}","[]","기존 기능으로 충분 / 정형 개선 우선 / 책임·권한 문제 / 대안과 필요한 조건 등 자유 작성.","[""katri-org"",""katri-ncap""]","조사·기획 가설 · 현업 정합성/타당성 미확인"
"SURVEY-EX26-EX26-01-PRIORITY_REASON","v0.2","EX26","안전연구처","EX26-01","3","PRIORITY_REASON","이 문제를 다른 업무와 비교하여 왜 먼저 검토하거나 뒤로 미루어야 합니까?","long_text","[]","false","{""field"":""SCOPE_MATCH"",""notIn"":[""MISMATCH"",""OTHER_OWNER"",""UNKNOWN""]}","{""departmentId"":""EX26"",""topicId"":""EX26-01""}","[]","안전·국민/기업 편익·빈도·심각도·가용 자료·실행조건을 근거로 설명. 개선 필요 없음도 가능. 자동 점수 합산으로 사업 선정하지 않음.","[""katri-org"",""katri-ncap""]","조사·기획 가설 · 현업 정합성/타당성 미확인"
"SURVEY-EX26-COMMON-OTHER_WORK_DIFFICULTY","v0.2","EX26","안전연구처","COMMON","4","OTHER_WORK_DIFFICULTY","제시된 병목 외에 업무처리나 정확한 판단을 어렵게 만드는 지점은 무엇입니까?","long_text","[]","false","","{""departmentId"":""EX26"",""topicId"":""COMMON""}","[]","업무 / 발생 단계 / 대상 / 현재 대응 / 남는 문제 / 근거를 작성. 없음·담당 아님·미확인도 명시 가능.","[""CCK-NOA"",""CTX-01"",""BOUNDARY-01""]","공통 설명·추가 의견"
"SURVEY-EX26-COMMON-PUBLIC_SERVICE_ISSUE","v0.2","EX26","안전연구처","COMMON","4","PUBLIC_SERVICE_ISSUE","국민·기업이 안전·검사·자격·교통 서비스를 이용할 때 추가로 겪는 불편이나 권익 문제는 무엇입니까?","long_text","[]","false","","{""departmentId"":""EX26"",""topicId"":""COMMON""}","[]","대상자 / 원하는 결과 / 현재 경로 / 반복 설명·보완·방문·접근성 / 확인 근거. 현업의 추정과 이용자의 직접 의견을 구분.","[""CCK-NOA"",""CTX-01"",""BOUNDARY-01""]","공통 설명·추가 의견"
"SURVEY-EX26-COMMON-NEW_PROBLEM","v0.2","EX26","안전연구처","COMMON","4","NEW_PROBLEM","이번 조사에서 빠진 문제나 다른 원인 설명이 있다면 작성해 주십시오.","long_text","[]","false","","{""departmentId"":""EX26"",""topicId"":""COMMON""}","[]","기존 병목의 수정인지 별도 문제인지, 소관 후보·현재 대응·우선 이유를 설명. 없으면 없음으로 작성.","[""CCK-NOA"",""CTX-01"",""BOUNDARY-01""]","공통 설명·추가 의견"
"SURVEY-EX26-COMMON-AX_EXPANSION_OPINION","v0.2","EX26","안전연구처","COMMON","4","AX_EXPANSION_OPINION","현재 플랫폼을 확대한다면 어떤 업무의 어떤 결과를 우선 개선해야 합니까?","long_text","[]","false","","{""departmentId"":""EX26"",""topicId"":""COMMON""}","[]","현재 기능 → 남는 어려움 → 필요한 새 능력 → 업무·역할 변화 → 기관/국민 편익. 확대 불필요·비AI 대안도 가능.","[""CCK-NOA"",""CTX-01"",""BOUNDARY-01""]","공통 설명·추가 의견"
"SURVEY-EX26-COMMON-EXPANSION_LIMIT","v0.2","EX26","안전연구처","COMMON","4","EXPANSION_LIMIT","별도 전문시스템이나 권한자의 판단에 남겨야 할 범위와 확대 제약은 무엇입니까?","long_text","[]","false","","{""departmentId"":""EX26"",""topicId"":""COMMON""}","[]","공식 안전·자격·의료·처분·승인/지급 책임, 자료 이용·운영·비용 조건을 설명. 실행본 확인은 제품 담당 보충지 S01~S04와 연결.","[""CCK-NOA"",""CTX-01"",""BOUNDARY-01""]","공통 설명·추가 의견"
"SURVEY-katri-future-research-COMMON-ROLE","v0.2","katri-future-research","미래차연구처","COMMON","2","ROLE","이번 의견을 작성하는 업무 역할은 무엇입니까?","single_choice","[{""code"":""WORK"",""label"":""업무 담당""},{""code"":""REVIEW"",""label"":""검토·승인""},{""code"":""PLANNING"",""label"":""기획·성과""},{""code"":""TECH"",""label"":""정보화·제품·운영""},{""code"":""SECURITY"",""label"":""자료·보안""},{""code"":""OTHER"",""label"":""그 밖의 역할""},{""code"":""UNKNOWN"",""label"":""역할 설명 보완 필요""}]","false","","{""departmentId"":""katri-future-research"",""topicId"":""COMMON""}","[]","실명·연락처 대신 역할만 작성. 담당 처는 해당 양식에서 지정.","[""CCK-NOA"",""CTX-01"",""BOUNDARY-01""]","공통 설명·추가 의견"
"SURVEY-katri-future-research-COMMON-POSITION","v0.2","katri-future-research","미래차연구처","COMMON","2","POSITION","이 응답은 어떤 범위의 의견입니까?","single_choice","[{""code"":""INDIVIDUAL"",""label"":""개인의 업무 경험·의견""},{""code"":""CONSULTED"",""label"":""부서 내 확인을 거친 의견""},{""code"":""OFFICIAL"",""label"":""권한자가 확인한 공식 회신""},{""code"":""UNKNOWN"",""label"":""범위 미확인""}]","false","","{""departmentId"":""katri-future-research"",""topicId"":""COMMON""}","[]","공식 회신 선택만으로 도입·예산·자료 이용승인이 생기는 것은 아님. 확인 근거는 별도 검토.","[""CCK-NOA"",""CTX-01"",""BOUNDARY-01""]","공통 설명·추가 의견"
"SURVEY-katri-future-research-COMMON-CURRENT_USE","v0.2","katri-future-research","미래차연구처","COMMON","2","CURRENT_USE","현재 NOA 또는 AI 공통플랫폼을 어떤 업무에 사용하거나 확인하고 있습니까? 사용하지 않거나 기능을 모르는 경우도 작성해 주십시오.","long_text","[]","false","","{""departmentId"":""katri-future-research"",""topicId"":""COMMON""}","[]","실제 사용 기능·업무·남는 어려움 중심. 제공된 제품 소개를 실제 설치본 기능으로 옮겨 적지 않음.","[""CCK-NOA"",""CTX-01"",""BOUNDARY-01""]","공통 설명·추가 의견"
"SURVEY-katri-future-research-katri-future-research-DISCOVERY_SCOPE","v0.2","katri-future-research","미래차연구처","katri-future-research","3","DISCOVERY_SCOPE","현재 담당하는 개별 업무·대상자·입력자료·결과·권한은 무엇입니까?","long_text","[]","false","","{""departmentId"":""katri-future-research"",""topicId"":""katri-future-research""}","[]","조직명만으로 업무를 확정하지 않음. 제시된 부서명이 현행과 다르면 정정.","[""ORG-KATRI""]","병목 가설 미제시 · 분장·문제 유무 확인부터"
"SURVEY-katri-future-research-katri-future-research-DISCOVERY_CURRENT","v0.2","katri-future-research","미래차연구처","katri-future-research","3","DISCOVERY_CURRENT","어떤 순서와 기준으로 처리하며 현재 시스템·서식·AI가 어디까지 지원합니까?","long_text","[]","false","","{""departmentId"":""katri-future-research"",""topicId"":""katri-future-research""}","[]","정상 사례와 실제 역할·공식 완료 결과부터 설명. 다른 처·센터·기관의 단계는 분리.","[""ORG-KATRI""]","병목 가설 미제시 · 분장·문제 유무 확인부터"
"SURVEY-katri-future-research-katri-future-research-DISCOVERY_PROBLEM","v0.2","katri-future-research","미래차연구처","katri-future-research","3","DISCOVERY_PROBLEM","남는 어려움이 있습니까? 있다면 사례·영향·현재 대응·다른 원인을, 없다면 확인 범위를 설명해 주십시오.","long_text","[]","false","","{""departmentId"":""katri-future-research"",""topicId"":""katri-future-research""}","[]","병목 가설이 아직 없는 처. AI·신규사업 필요를 미리 배정하지 않고 자유롭게 발견.","[""ORG-KATRI""]","병목 가설 미제시 · 분장·문제 유무 확인부터"
"SURVEY-katri-future-research-COMMON-OTHER_WORK_DIFFICULTY","v0.2","katri-future-research","미래차연구처","COMMON","4","OTHER_WORK_DIFFICULTY","제시된 병목 외에 업무처리나 정확한 판단을 어렵게 만드는 지점은 무엇입니까?","long_text","[]","false","","{""departmentId"":""katri-future-research"",""topicId"":""COMMON""}","[]","업무 / 발생 단계 / 대상 / 현재 대응 / 남는 문제 / 근거를 작성. 없음·담당 아님·미확인도 명시 가능.","[""CCK-NOA"",""CTX-01"",""BOUNDARY-01""]","공통 설명·추가 의견"
"SURVEY-katri-future-research-COMMON-PUBLIC_SERVICE_ISSUE","v0.2","katri-future-research","미래차연구처","COMMON","4","PUBLIC_SERVICE_ISSUE","국민·기업이 안전·검사·자격·교통 서비스를 이용할 때 추가로 겪는 불편이나 권익 문제는 무엇입니까?","long_text","[]","false","","{""departmentId"":""katri-future-research"",""topicId"":""COMMON""}","[]","대상자 / 원하는 결과 / 현재 경로 / 반복 설명·보완·방문·접근성 / 확인 근거. 현업의 추정과 이용자의 직접 의견을 구분.","[""CCK-NOA"",""CTX-01"",""BOUNDARY-01""]","공통 설명·추가 의견"
"SURVEY-katri-future-research-COMMON-NEW_PROBLEM","v0.2","katri-future-research","미래차연구처","COMMON","4","NEW_PROBLEM","이번 조사에서 빠진 문제나 다른 원인 설명이 있다면 작성해 주십시오.","long_text","[]","false","","{""departmentId"":""katri-future-research"",""topicId"":""COMMON""}","[]","기존 병목의 수정인지 별도 문제인지, 소관 후보·현재 대응·우선 이유를 설명. 없으면 없음으로 작성.","[""CCK-NOA"",""CTX-01"",""BOUNDARY-01""]","공통 설명·추가 의견"
"SURVEY-katri-future-research-COMMON-AX_EXPANSION_OPINION","v0.2","katri-future-research","미래차연구처","COMMON","4","AX_EXPANSION_OPINION","현재 플랫폼을 확대한다면 어떤 업무의 어떤 결과를 우선 개선해야 합니까?","long_text","[]","false","","{""departmentId"":""katri-future-research"",""topicId"":""COMMON""}","[]","현재 기능 → 남는 어려움 → 필요한 새 능력 → 업무·역할 변화 → 기관/국민 편익. 확대 불필요·비AI 대안도 가능.","[""CCK-NOA"",""CTX-01"",""BOUNDARY-01""]","공통 설명·추가 의견"
"SURVEY-katri-future-research-COMMON-EXPANSION_LIMIT","v0.2","katri-future-research","미래차연구처","COMMON","4","EXPANSION_LIMIT","별도 전문시스템이나 권한자의 판단에 남겨야 할 범위와 확대 제약은 무엇입니까?","long_text","[]","false","","{""departmentId"":""katri-future-research"",""topicId"":""COMMON""}","[]","공식 안전·자격·의료·처분·승인/지급 책임, 자료 이용·운영·비용 조건을 설명. 실행본 확인은 제품 담당 보충지 S01~S04와 연결.","[""CCK-NOA"",""CTX-01"",""BOUNDARY-01""]","공통 설명·추가 의견"
"SURVEY-katri-parts-research-COMMON-ROLE","v0.2","katri-parts-research","부품연구처","COMMON","2","ROLE","이번 의견을 작성하는 업무 역할은 무엇입니까?","single_choice","[{""code"":""WORK"",""label"":""업무 담당""},{""code"":""REVIEW"",""label"":""검토·승인""},{""code"":""PLANNING"",""label"":""기획·성과""},{""code"":""TECH"",""label"":""정보화·제품·운영""},{""code"":""SECURITY"",""label"":""자료·보안""},{""code"":""OTHER"",""label"":""그 밖의 역할""},{""code"":""UNKNOWN"",""label"":""역할 설명 보완 필요""}]","false","","{""departmentId"":""katri-parts-research"",""topicId"":""COMMON""}","[]","실명·연락처 대신 역할만 작성. 담당 처는 해당 양식에서 지정.","[""CCK-NOA"",""CTX-01"",""BOUNDARY-01""]","공통 설명·추가 의견"
"SURVEY-katri-parts-research-COMMON-POSITION","v0.2","katri-parts-research","부품연구처","COMMON","2","POSITION","이 응답은 어떤 범위의 의견입니까?","single_choice","[{""code"":""INDIVIDUAL"",""label"":""개인의 업무 경험·의견""},{""code"":""CONSULTED"",""label"":""부서 내 확인을 거친 의견""},{""code"":""OFFICIAL"",""label"":""권한자가 확인한 공식 회신""},{""code"":""UNKNOWN"",""label"":""범위 미확인""}]","false","","{""departmentId"":""katri-parts-research"",""topicId"":""COMMON""}","[]","공식 회신 선택만으로 도입·예산·자료 이용승인이 생기는 것은 아님. 확인 근거는 별도 검토.","[""CCK-NOA"",""CTX-01"",""BOUNDARY-01""]","공통 설명·추가 의견"
"SURVEY-katri-parts-research-COMMON-CURRENT_USE","v0.2","katri-parts-research","부품연구처","COMMON","2","CURRENT_USE","현재 NOA 또는 AI 공통플랫폼을 어떤 업무에 사용하거나 확인하고 있습니까? 사용하지 않거나 기능을 모르는 경우도 작성해 주십시오.","long_text","[]","false","","{""departmentId"":""katri-parts-research"",""topicId"":""COMMON""}","[]","실제 사용 기능·업무·남는 어려움 중심. 제공된 제품 소개를 실제 설치본 기능으로 옮겨 적지 않음.","[""CCK-NOA"",""CTX-01"",""BOUNDARY-01""]","공통 설명·추가 의견"
"SURVEY-katri-parts-research-katri-parts-research-DISCOVERY_SCOPE","v0.2","katri-parts-research","부품연구처","katri-parts-research","3","DISCOVERY_SCOPE","현재 담당하는 개별 업무·대상자·입력자료·결과·권한은 무엇입니까?","long_text","[]","false","","{""departmentId"":""katri-parts-research"",""topicId"":""katri-parts-research""}","[]","조직명만으로 업무를 확정하지 않음. 제시된 부서명이 현행과 다르면 정정.","[""ORG-KATRI""]","병목 가설 미제시 · 분장·문제 유무 확인부터"
"SURVEY-katri-parts-research-katri-parts-research-DISCOVERY_CURRENT","v0.2","katri-parts-research","부품연구처","katri-parts-research","3","DISCOVERY_CURRENT","어떤 순서와 기준으로 처리하며 현재 시스템·서식·AI가 어디까지 지원합니까?","long_text","[]","false","","{""departmentId"":""katri-parts-research"",""topicId"":""katri-parts-research""}","[]","정상 사례와 실제 역할·공식 완료 결과부터 설명. 다른 처·센터·기관의 단계는 분리.","[""ORG-KATRI""]","병목 가설 미제시 · 분장·문제 유무 확인부터"
"SURVEY-katri-parts-research-katri-parts-research-DISCOVERY_PROBLEM","v0.2","katri-parts-research","부품연구처","katri-parts-research","3","DISCOVERY_PROBLEM","남는 어려움이 있습니까? 있다면 사례·영향·현재 대응·다른 원인을, 없다면 확인 범위를 설명해 주십시오.","long_text","[]","false","","{""departmentId"":""katri-parts-research"",""topicId"":""katri-parts-research""}","[]","병목 가설이 아직 없는 처. AI·신규사업 필요를 미리 배정하지 않고 자유롭게 발견.","[""ORG-KATRI""]","병목 가설 미제시 · 분장·문제 유무 확인부터"
"SURVEY-katri-parts-research-COMMON-OTHER_WORK_DIFFICULTY","v0.2","katri-parts-research","부품연구처","COMMON","4","OTHER_WORK_DIFFICULTY","제시된 병목 외에 업무처리나 정확한 판단을 어렵게 만드는 지점은 무엇입니까?","long_text","[]","false","","{""departmentId"":""katri-parts-research"",""topicId"":""COMMON""}","[]","업무 / 발생 단계 / 대상 / 현재 대응 / 남는 문제 / 근거를 작성. 없음·담당 아님·미확인도 명시 가능.","[""CCK-NOA"",""CTX-01"",""BOUNDARY-01""]","공통 설명·추가 의견"
"SURVEY-katri-parts-research-COMMON-PUBLIC_SERVICE_ISSUE","v0.2","katri-parts-research","부품연구처","COMMON","4","PUBLIC_SERVICE_ISSUE","국민·기업이 안전·검사·자격·교통 서비스를 이용할 때 추가로 겪는 불편이나 권익 문제는 무엇입니까?","long_text","[]","false","","{""departmentId"":""katri-parts-research"",""topicId"":""COMMON""}","[]","대상자 / 원하는 결과 / 현재 경로 / 반복 설명·보완·방문·접근성 / 확인 근거. 현업의 추정과 이용자의 직접 의견을 구분.","[""CCK-NOA"",""CTX-01"",""BOUNDARY-01""]","공통 설명·추가 의견"
"SURVEY-katri-parts-research-COMMON-NEW_PROBLEM","v0.2","katri-parts-research","부품연구처","COMMON","4","NEW_PROBLEM","이번 조사에서 빠진 문제나 다른 원인 설명이 있다면 작성해 주십시오.","long_text","[]","false","","{""departmentId"":""katri-parts-research"",""topicId"":""COMMON""}","[]","기존 병목의 수정인지 별도 문제인지, 소관 후보·현재 대응·우선 이유를 설명. 없으면 없음으로 작성.","[""CCK-NOA"",""CTX-01"",""BOUNDARY-01""]","공통 설명·추가 의견"
"SURVEY-katri-parts-research-COMMON-AX_EXPANSION_OPINION","v0.2","katri-parts-research","부품연구처","COMMON","4","AX_EXPANSION_OPINION","현재 플랫폼을 확대한다면 어떤 업무의 어떤 결과를 우선 개선해야 합니까?","long_text","[]","false","","{""departmentId"":""katri-parts-research"",""topicId"":""COMMON""}","[]","현재 기능 → 남는 어려움 → 필요한 새 능력 → 업무·역할 변화 → 기관/국민 편익. 확대 불필요·비AI 대안도 가능.","[""CCK-NOA"",""CTX-01"",""BOUNDARY-01""]","공통 설명·추가 의견"
"SURVEY-katri-parts-research-COMMON-EXPANSION_LIMIT","v0.2","katri-parts-research","부품연구처","COMMON","4","EXPANSION_LIMIT","별도 전문시스템이나 권한자의 판단에 남겨야 할 범위와 확대 제약은 무엇입니까?","long_text","[]","false","","{""departmentId"":""katri-parts-research"",""topicId"":""COMMON""}","[]","공식 안전·자격·의료·처분·승인/지급 책임, 자료 이용·운영·비용 조건을 설명. 실행본 확인은 제품 담당 보충지 S01~S04와 연결.","[""CCK-NOA"",""CTX-01"",""BOUNDARY-01""]","공통 설명·추가 의견"
"SURVEY-katri-autonomous-research-COMMON-ROLE","v0.2","katri-autonomous-research","자율주행연구처","COMMON","2","ROLE","이번 의견을 작성하는 업무 역할은 무엇입니까?","single_choice","[{""code"":""WORK"",""label"":""업무 담당""},{""code"":""REVIEW"",""label"":""검토·승인""},{""code"":""PLANNING"",""label"":""기획·성과""},{""code"":""TECH"",""label"":""정보화·제품·운영""},{""code"":""SECURITY"",""label"":""자료·보안""},{""code"":""OTHER"",""label"":""그 밖의 역할""},{""code"":""UNKNOWN"",""label"":""역할 설명 보완 필요""}]","false","","{""departmentId"":""katri-autonomous-research"",""topicId"":""COMMON""}","[]","실명·연락처 대신 역할만 작성. 담당 처는 해당 양식에서 지정.","[""CCK-NOA"",""CTX-01"",""BOUNDARY-01""]","공통 설명·추가 의견"
"SURVEY-katri-autonomous-research-COMMON-POSITION","v0.2","katri-autonomous-research","자율주행연구처","COMMON","2","POSITION","이 응답은 어떤 범위의 의견입니까?","single_choice","[{""code"":""INDIVIDUAL"",""label"":""개인의 업무 경험·의견""},{""code"":""CONSULTED"",""label"":""부서 내 확인을 거친 의견""},{""code"":""OFFICIAL"",""label"":""권한자가 확인한 공식 회신""},{""code"":""UNKNOWN"",""label"":""범위 미확인""}]","false","","{""departmentId"":""katri-autonomous-research"",""topicId"":""COMMON""}","[]","공식 회신 선택만으로 도입·예산·자료 이용승인이 생기는 것은 아님. 확인 근거는 별도 검토.","[""CCK-NOA"",""CTX-01"",""BOUNDARY-01""]","공통 설명·추가 의견"
"SURVEY-katri-autonomous-research-COMMON-CURRENT_USE","v0.2","katri-autonomous-research","자율주행연구처","COMMON","2","CURRENT_USE","현재 NOA 또는 AI 공통플랫폼을 어떤 업무에 사용하거나 확인하고 있습니까? 사용하지 않거나 기능을 모르는 경우도 작성해 주십시오.","long_text","[]","false","","{""departmentId"":""katri-autonomous-research"",""topicId"":""COMMON""}","[]","실제 사용 기능·업무·남는 어려움 중심. 제공된 제품 소개를 실제 설치본 기능으로 옮겨 적지 않음.","[""CCK-NOA"",""CTX-01"",""BOUNDARY-01""]","공통 설명·추가 의견"
"SURVEY-katri-autonomous-research-katri-autonomous-research-DISCOVERY_SCOPE","v0.2","katri-autonomous-research","자율주행연구처","katri-autonomous-research","3","DISCOVERY_SCOPE","현재 담당하는 개별 업무·대상자·입력자료·결과·권한은 무엇입니까?","long_text","[]","false","","{""departmentId"":""katri-autonomous-research"",""topicId"":""katri-autonomous-research""}","[]","조직명만으로 업무를 확정하지 않음. 제시된 부서명이 현행과 다르면 정정.","[""ORG-KATRI""]","병목 가설 미제시 · 분장·문제 유무 확인부터"
"SURVEY-katri-autonomous-research-katri-autonomous-research-DISCOVERY_CURRENT","v0.2","katri-autonomous-research","자율주행연구처","katri-autonomous-research","3","DISCOVERY_CURRENT","어떤 순서와 기준으로 처리하며 현재 시스템·서식·AI가 어디까지 지원합니까?","long_text","[]","false","","{""departmentId"":""katri-autonomous-research"",""topicId"":""katri-autonomous-research""}","[]","정상 사례와 실제 역할·공식 완료 결과부터 설명. 다른 처·센터·기관의 단계는 분리.","[""ORG-KATRI""]","병목 가설 미제시 · 분장·문제 유무 확인부터"
"SURVEY-katri-autonomous-research-katri-autonomous-research-DISCOVERY_PROBLEM","v0.2","katri-autonomous-research","자율주행연구처","katri-autonomous-research","3","DISCOVERY_PROBLEM","남는 어려움이 있습니까? 있다면 사례·영향·현재 대응·다른 원인을, 없다면 확인 범위를 설명해 주십시오.","long_text","[]","false","","{""departmentId"":""katri-autonomous-research"",""topicId"":""katri-autonomous-research""}","[]","병목 가설이 아직 없는 처. AI·신규사업 필요를 미리 배정하지 않고 자유롭게 발견.","[""ORG-KATRI""]","병목 가설 미제시 · 분장·문제 유무 확인부터"
"SURVEY-katri-autonomous-research-COMMON-OTHER_WORK_DIFFICULTY","v0.2","katri-autonomous-research","자율주행연구처","COMMON","4","OTHER_WORK_DIFFICULTY","제시된 병목 외에 업무처리나 정확한 판단을 어렵게 만드는 지점은 무엇입니까?","long_text","[]","false","","{""departmentId"":""katri-autonomous-research"",""topicId"":""COMMON""}","[]","업무 / 발생 단계 / 대상 / 현재 대응 / 남는 문제 / 근거를 작성. 없음·담당 아님·미확인도 명시 가능.","[""CCK-NOA"",""CTX-01"",""BOUNDARY-01""]","공통 설명·추가 의견"
"SURVEY-katri-autonomous-research-COMMON-PUBLIC_SERVICE_ISSUE","v0.2","katri-autonomous-research","자율주행연구처","COMMON","4","PUBLIC_SERVICE_ISSUE","국민·기업이 안전·검사·자격·교통 서비스를 이용할 때 추가로 겪는 불편이나 권익 문제는 무엇입니까?","long_text","[]","false","","{""departmentId"":""katri-autonomous-research"",""topicId"":""COMMON""}","[]","대상자 / 원하는 결과 / 현재 경로 / 반복 설명·보완·방문·접근성 / 확인 근거. 현업의 추정과 이용자의 직접 의견을 구분.","[""CCK-NOA"",""CTX-01"",""BOUNDARY-01""]","공통 설명·추가 의견"
"SURVEY-katri-autonomous-research-COMMON-NEW_PROBLEM","v0.2","katri-autonomous-research","자율주행연구처","COMMON","4","NEW_PROBLEM","이번 조사에서 빠진 문제나 다른 원인 설명이 있다면 작성해 주십시오.","long_text","[]","false","","{""departmentId"":""katri-autonomous-research"",""topicId"":""COMMON""}","[]","기존 병목의 수정인지 별도 문제인지, 소관 후보·현재 대응·우선 이유를 설명. 없으면 없음으로 작성.","[""CCK-NOA"",""CTX-01"",""BOUNDARY-01""]","공통 설명·추가 의견"
"SURVEY-katri-autonomous-research-COMMON-AX_EXPANSION_OPINION","v0.2","katri-autonomous-research","자율주행연구처","COMMON","4","AX_EXPANSION_OPINION","현재 플랫폼을 확대한다면 어떤 업무의 어떤 결과를 우선 개선해야 합니까?","long_text","[]","false","","{""departmentId"":""katri-autonomous-research"",""topicId"":""COMMON""}","[]","현재 기능 → 남는 어려움 → 필요한 새 능력 → 업무·역할 변화 → 기관/국민 편익. 확대 불필요·비AI 대안도 가능.","[""CCK-NOA"",""CTX-01"",""BOUNDARY-01""]","공통 설명·추가 의견"
"SURVEY-katri-autonomous-research-COMMON-EXPANSION_LIMIT","v0.2","katri-autonomous-research","자율주행연구처","COMMON","4","EXPANSION_LIMIT","별도 전문시스템이나 권한자의 판단에 남겨야 할 범위와 확대 제약은 무엇입니까?","long_text","[]","false","","{""departmentId"":""katri-autonomous-research"",""topicId"":""COMMON""}","[]","공식 안전·자격·의료·처분·승인/지급 책임, 자료 이용·운영·비용 조건을 설명. 실행본 확인은 제품 담당 보충지 S01~S04와 연결.","[""CCK-NOA"",""CTX-01"",""BOUNDARY-01""]","공통 설명·추가 의견"
"SURVEY-katri-connected-research-COMMON-ROLE","v0.2","katri-connected-research","커넥티드카연구처","COMMON","2","ROLE","이번 의견을 작성하는 업무 역할은 무엇입니까?","single_choice","[{""code"":""WORK"",""label"":""업무 담당""},{""code"":""REVIEW"",""label"":""검토·승인""},{""code"":""PLANNING"",""label"":""기획·성과""},{""code"":""TECH"",""label"":""정보화·제품·운영""},{""code"":""SECURITY"",""label"":""자료·보안""},{""code"":""OTHER"",""label"":""그 밖의 역할""},{""code"":""UNKNOWN"",""label"":""역할 설명 보완 필요""}]","false","","{""departmentId"":""katri-connected-research"",""topicId"":""COMMON""}","[]","실명·연락처 대신 역할만 작성. 담당 처는 해당 양식에서 지정.","[""CCK-NOA"",""CTX-01"",""BOUNDARY-01""]","공통 설명·추가 의견"
"SURVEY-katri-connected-research-COMMON-POSITION","v0.2","katri-connected-research","커넥티드카연구처","COMMON","2","POSITION","이 응답은 어떤 범위의 의견입니까?","single_choice","[{""code"":""INDIVIDUAL"",""label"":""개인의 업무 경험·의견""},{""code"":""CONSULTED"",""label"":""부서 내 확인을 거친 의견""},{""code"":""OFFICIAL"",""label"":""권한자가 확인한 공식 회신""},{""code"":""UNKNOWN"",""label"":""범위 미확인""}]","false","","{""departmentId"":""katri-connected-research"",""topicId"":""COMMON""}","[]","공식 회신 선택만으로 도입·예산·자료 이용승인이 생기는 것은 아님. 확인 근거는 별도 검토.","[""CCK-NOA"",""CTX-01"",""BOUNDARY-01""]","공통 설명·추가 의견"
"SURVEY-katri-connected-research-COMMON-CURRENT_USE","v0.2","katri-connected-research","커넥티드카연구처","COMMON","2","CURRENT_USE","현재 NOA 또는 AI 공통플랫폼을 어떤 업무에 사용하거나 확인하고 있습니까? 사용하지 않거나 기능을 모르는 경우도 작성해 주십시오.","long_text","[]","false","","{""departmentId"":""katri-connected-research"",""topicId"":""COMMON""}","[]","실제 사용 기능·업무·남는 어려움 중심. 제공된 제품 소개를 실제 설치본 기능으로 옮겨 적지 않음.","[""CCK-NOA"",""CTX-01"",""BOUNDARY-01""]","공통 설명·추가 의견"
"SURVEY-katri-connected-research-katri-connected-research-DISCOVERY_SCOPE","v0.2","katri-connected-research","커넥티드카연구처","katri-connected-research","3","DISCOVERY_SCOPE","현재 담당하는 개별 업무·대상자·입력자료·결과·권한은 무엇입니까?","long_text","[]","false","","{""departmentId"":""katri-connected-research"",""topicId"":""katri-connected-research""}","[]","조직명만으로 업무를 확정하지 않음. 제시된 부서명이 현행과 다르면 정정.","[""ORG-KATRI""]","병목 가설 미제시 · 분장·문제 유무 확인부터"
"SURVEY-katri-connected-research-katri-connected-research-DISCOVERY_CURRENT","v0.2","katri-connected-research","커넥티드카연구처","katri-connected-research","3","DISCOVERY_CURRENT","어떤 순서와 기준으로 처리하며 현재 시스템·서식·AI가 어디까지 지원합니까?","long_text","[]","false","","{""departmentId"":""katri-connected-research"",""topicId"":""katri-connected-research""}","[]","정상 사례와 실제 역할·공식 완료 결과부터 설명. 다른 처·센터·기관의 단계는 분리.","[""ORG-KATRI""]","병목 가설 미제시 · 분장·문제 유무 확인부터"
"SURVEY-katri-connected-research-katri-connected-research-DISCOVERY_PROBLEM","v0.2","katri-connected-research","커넥티드카연구처","katri-connected-research","3","DISCOVERY_PROBLEM","남는 어려움이 있습니까? 있다면 사례·영향·현재 대응·다른 원인을, 없다면 확인 범위를 설명해 주십시오.","long_text","[]","false","","{""departmentId"":""katri-connected-research"",""topicId"":""katri-connected-research""}","[]","병목 가설이 아직 없는 처. AI·신규사업 필요를 미리 배정하지 않고 자유롭게 발견.","[""ORG-KATRI""]","병목 가설 미제시 · 분장·문제 유무 확인부터"
"SURVEY-katri-connected-research-COMMON-OTHER_WORK_DIFFICULTY","v0.2","katri-connected-research","커넥티드카연구처","COMMON","4","OTHER_WORK_DIFFICULTY","제시된 병목 외에 업무처리나 정확한 판단을 어렵게 만드는 지점은 무엇입니까?","long_text","[]","false","","{""departmentId"":""katri-connected-research"",""topicId"":""COMMON""}","[]","업무 / 발생 단계 / 대상 / 현재 대응 / 남는 문제 / 근거를 작성. 없음·담당 아님·미확인도 명시 가능.","[""CCK-NOA"",""CTX-01"",""BOUNDARY-01""]","공통 설명·추가 의견"
"SURVEY-katri-connected-research-COMMON-PUBLIC_SERVICE_ISSUE","v0.2","katri-connected-research","커넥티드카연구처","COMMON","4","PUBLIC_SERVICE_ISSUE","국민·기업이 안전·검사·자격·교통 서비스를 이용할 때 추가로 겪는 불편이나 권익 문제는 무엇입니까?","long_text","[]","false","","{""departmentId"":""katri-connected-research"",""topicId"":""COMMON""}","[]","대상자 / 원하는 결과 / 현재 경로 / 반복 설명·보완·방문·접근성 / 확인 근거. 현업의 추정과 이용자의 직접 의견을 구분.","[""CCK-NOA"",""CTX-01"",""BOUNDARY-01""]","공통 설명·추가 의견"
"SURVEY-katri-connected-research-COMMON-NEW_PROBLEM","v0.2","katri-connected-research","커넥티드카연구처","COMMON","4","NEW_PROBLEM","이번 조사에서 빠진 문제나 다른 원인 설명이 있다면 작성해 주십시오.","long_text","[]","false","","{""departmentId"":""katri-connected-research"",""topicId"":""COMMON""}","[]","기존 병목의 수정인지 별도 문제인지, 소관 후보·현재 대응·우선 이유를 설명. 없으면 없음으로 작성.","[""CCK-NOA"",""CTX-01"",""BOUNDARY-01""]","공통 설명·추가 의견"
"SURVEY-katri-connected-research-COMMON-AX_EXPANSION_OPINION","v0.2","katri-connected-research","커넥티드카연구처","COMMON","4","AX_EXPANSION_OPINION","현재 플랫폼을 확대한다면 어떤 업무의 어떤 결과를 우선 개선해야 합니까?","long_text","[]","false","","{""departmentId"":""katri-connected-research"",""topicId"":""COMMON""}","[]","현재 기능 → 남는 어려움 → 필요한 새 능력 → 업무·역할 변화 → 기관/국민 편익. 확대 불필요·비AI 대안도 가능.","[""CCK-NOA"",""CTX-01"",""BOUNDARY-01""]","공통 설명·추가 의견"
"SURVEY-katri-connected-research-COMMON-EXPANSION_LIMIT","v0.2","katri-connected-research","커넥티드카연구처","COMMON","4","EXPANSION_LIMIT","별도 전문시스템이나 권한자의 판단에 남겨야 할 범위와 확대 제약은 무엇입니까?","long_text","[]","false","","{""departmentId"":""katri-connected-research"",""topicId"":""COMMON""}","[]","공식 안전·자격·의료·처분·승인/지급 책임, 자료 이용·운영·비용 조건을 설명. 실행본 확인은 제품 담당 보충지 S01~S04와 연결.","[""CCK-NOA"",""CTX-01"",""BOUNDARY-01""]","공통 설명·추가 의견"
"SURVEY-katri-autonomous-demonstration-COMMON-ROLE","v0.2","katri-autonomous-demonstration","자율주행실증처","COMMON","2","ROLE","이번 의견을 작성하는 업무 역할은 무엇입니까?","single_choice","[{""code"":""WORK"",""label"":""업무 담당""},{""code"":""REVIEW"",""label"":""검토·승인""},{""code"":""PLANNING"",""label"":""기획·성과""},{""code"":""TECH"",""label"":""정보화·제품·운영""},{""code"":""SECURITY"",""label"":""자료·보안""},{""code"":""OTHER"",""label"":""그 밖의 역할""},{""code"":""UNKNOWN"",""label"":""역할 설명 보완 필요""}]","false","","{""departmentId"":""katri-autonomous-demonstration"",""topicId"":""COMMON""}","[]","실명·연락처 대신 역할만 작성. 담당 처는 해당 양식에서 지정.","[""CCK-NOA"",""CTX-01"",""BOUNDARY-01""]","공통 설명·추가 의견"
"SURVEY-katri-autonomous-demonstration-COMMON-POSITION","v0.2","katri-autonomous-demonstration","자율주행실증처","COMMON","2","POSITION","이 응답은 어떤 범위의 의견입니까?","single_choice","[{""code"":""INDIVIDUAL"",""label"":""개인의 업무 경험·의견""},{""code"":""CONSULTED"",""label"":""부서 내 확인을 거친 의견""},{""code"":""OFFICIAL"",""label"":""권한자가 확인한 공식 회신""},{""code"":""UNKNOWN"",""label"":""범위 미확인""}]","false","","{""departmentId"":""katri-autonomous-demonstration"",""topicId"":""COMMON""}","[]","공식 회신 선택만으로 도입·예산·자료 이용승인이 생기는 것은 아님. 확인 근거는 별도 검토.","[""CCK-NOA"",""CTX-01"",""BOUNDARY-01""]","공통 설명·추가 의견"
"SURVEY-katri-autonomous-demonstration-COMMON-CURRENT_USE","v0.2","katri-autonomous-demonstration","자율주행실증처","COMMON","2","CURRENT_USE","현재 NOA 또는 AI 공통플랫폼을 어떤 업무에 사용하거나 확인하고 있습니까? 사용하지 않거나 기능을 모르는 경우도 작성해 주십시오.","long_text","[]","false","","{""departmentId"":""katri-autonomous-demonstration"",""topicId"":""COMMON""}","[]","실제 사용 기능·업무·남는 어려움 중심. 제공된 제품 소개를 실제 설치본 기능으로 옮겨 적지 않음.","[""CCK-NOA"",""CTX-01"",""BOUNDARY-01""]","공통 설명·추가 의견"
"SURVEY-katri-autonomous-demonstration-katri-autonomous-demonstration-DISCOVERY_SCOPE","v0.2","katri-autonomous-demonstration","자율주행실증처","katri-autonomous-demonstration","3","DISCOVERY_SCOPE","현재 담당하는 개별 업무·대상자·입력자료·결과·권한은 무엇입니까?","long_text","[]","false","","{""departmentId"":""katri-autonomous-demonstration"",""topicId"":""katri-autonomous-demonstration""}","[]","조직명만으로 업무를 확정하지 않음. 제시된 부서명이 현행과 다르면 정정.","[""ORG-KATRI""]","병목 가설 미제시 · 분장·문제 유무 확인부터"
"SURVEY-katri-autonomous-demonstration-katri-autonomous-demonstration-DISCOVERY_CURRENT","v0.2","katri-autonomous-demonstration","자율주행실증처","katri-autonomous-demonstration","3","DISCOVERY_CURRENT","어떤 순서와 기준으로 처리하며 현재 시스템·서식·AI가 어디까지 지원합니까?","long_text","[]","false","","{""departmentId"":""katri-autonomous-demonstration"",""topicId"":""katri-autonomous-demonstration""}","[]","정상 사례와 실제 역할·공식 완료 결과부터 설명. 다른 처·센터·기관의 단계는 분리.","[""ORG-KATRI""]","병목 가설 미제시 · 분장·문제 유무 확인부터"
"SURVEY-katri-autonomous-demonstration-katri-autonomous-demonstration-DISCOVERY_PROBLEM","v0.2","katri-autonomous-demonstration","자율주행실증처","katri-autonomous-demonstration","3","DISCOVERY_PROBLEM","남는 어려움이 있습니까? 있다면 사례·영향·현재 대응·다른 원인을, 없다면 확인 범위를 설명해 주십시오.","long_text","[]","false","","{""departmentId"":""katri-autonomous-demonstration"",""topicId"":""katri-autonomous-demonstration""}","[]","병목 가설이 아직 없는 처. AI·신규사업 필요를 미리 배정하지 않고 자유롭게 발견.","[""ORG-KATRI""]","병목 가설 미제시 · 분장·문제 유무 확인부터"
"SURVEY-katri-autonomous-demonstration-COMMON-OTHER_WORK_DIFFICULTY","v0.2","katri-autonomous-demonstration","자율주행실증처","COMMON","4","OTHER_WORK_DIFFICULTY","제시된 병목 외에 업무처리나 정확한 판단을 어렵게 만드는 지점은 무엇입니까?","long_text","[]","false","","{""departmentId"":""katri-autonomous-demonstration"",""topicId"":""COMMON""}","[]","업무 / 발생 단계 / 대상 / 현재 대응 / 남는 문제 / 근거를 작성. 없음·담당 아님·미확인도 명시 가능.","[""CCK-NOA"",""CTX-01"",""BOUNDARY-01""]","공통 설명·추가 의견"
"SURVEY-katri-autonomous-demonstration-COMMON-PUBLIC_SERVICE_ISSUE","v0.2","katri-autonomous-demonstration","자율주행실증처","COMMON","4","PUBLIC_SERVICE_ISSUE","국민·기업이 안전·검사·자격·교통 서비스를 이용할 때 추가로 겪는 불편이나 권익 문제는 무엇입니까?","long_text","[]","false","","{""departmentId"":""katri-autonomous-demonstration"",""topicId"":""COMMON""}","[]","대상자 / 원하는 결과 / 현재 경로 / 반복 설명·보완·방문·접근성 / 확인 근거. 현업의 추정과 이용자의 직접 의견을 구분.","[""CCK-NOA"",""CTX-01"",""BOUNDARY-01""]","공통 설명·추가 의견"
"SURVEY-katri-autonomous-demonstration-COMMON-NEW_PROBLEM","v0.2","katri-autonomous-demonstration","자율주행실증처","COMMON","4","NEW_PROBLEM","이번 조사에서 빠진 문제나 다른 원인 설명이 있다면 작성해 주십시오.","long_text","[]","false","","{""departmentId"":""katri-autonomous-demonstration"",""topicId"":""COMMON""}","[]","기존 병목의 수정인지 별도 문제인지, 소관 후보·현재 대응·우선 이유를 설명. 없으면 없음으로 작성.","[""CCK-NOA"",""CTX-01"",""BOUNDARY-01""]","공통 설명·추가 의견"
"SURVEY-katri-autonomous-demonstration-COMMON-AX_EXPANSION_OPINION","v0.2","katri-autonomous-demonstration","자율주행실증처","COMMON","4","AX_EXPANSION_OPINION","현재 플랫폼을 확대한다면 어떤 업무의 어떤 결과를 우선 개선해야 합니까?","long_text","[]","false","","{""departmentId"":""katri-autonomous-demonstration"",""topicId"":""COMMON""}","[]","현재 기능 → 남는 어려움 → 필요한 새 능력 → 업무·역할 변화 → 기관/국민 편익. 확대 불필요·비AI 대안도 가능.","[""CCK-NOA"",""CTX-01"",""BOUNDARY-01""]","공통 설명·추가 의견"
"SURVEY-katri-autonomous-demonstration-COMMON-EXPANSION_LIMIT","v0.2","katri-autonomous-demonstration","자율주행실증처","COMMON","4","EXPANSION_LIMIT","별도 전문시스템이나 권한자의 판단에 남겨야 할 범위와 확대 제약은 무엇입니까?","long_text","[]","false","","{""departmentId"":""katri-autonomous-demonstration"",""topicId"":""COMMON""}","[]","공식 안전·자격·의료·처분·승인/지급 책임, 자료 이용·운영·비용 조건을 설명. 실행본 확인은 제품 담당 보충지 S01~S04와 연결.","[""CCK-NOA"",""CTX-01"",""BOUNDARY-01""]","공통 설명·추가 의견"
"SURVEY-katri-vehicle-certification-COMMON-ROLE","v0.2","katri-vehicle-certification","자동차인증처","COMMON","2","ROLE","이번 의견을 작성하는 업무 역할은 무엇입니까?","single_choice","[{""code"":""WORK"",""label"":""업무 담당""},{""code"":""REVIEW"",""label"":""검토·승인""},{""code"":""PLANNING"",""label"":""기획·성과""},{""code"":""TECH"",""label"":""정보화·제품·운영""},{""code"":""SECURITY"",""label"":""자료·보안""},{""code"":""OTHER"",""label"":""그 밖의 역할""},{""code"":""UNKNOWN"",""label"":""역할 설명 보완 필요""}]","false","","{""departmentId"":""katri-vehicle-certification"",""topicId"":""COMMON""}","[]","실명·연락처 대신 역할만 작성. 담당 처는 해당 양식에서 지정.","[""CCK-NOA"",""CTX-01"",""BOUNDARY-01""]","공통 설명·추가 의견"
"SURVEY-katri-vehicle-certification-COMMON-POSITION","v0.2","katri-vehicle-certification","자동차인증처","COMMON","2","POSITION","이 응답은 어떤 범위의 의견입니까?","single_choice","[{""code"":""INDIVIDUAL"",""label"":""개인의 업무 경험·의견""},{""code"":""CONSULTED"",""label"":""부서 내 확인을 거친 의견""},{""code"":""OFFICIAL"",""label"":""권한자가 확인한 공식 회신""},{""code"":""UNKNOWN"",""label"":""범위 미확인""}]","false","","{""departmentId"":""katri-vehicle-certification"",""topicId"":""COMMON""}","[]","공식 회신 선택만으로 도입·예산·자료 이용승인이 생기는 것은 아님. 확인 근거는 별도 검토.","[""CCK-NOA"",""CTX-01"",""BOUNDARY-01""]","공통 설명·추가 의견"
"SURVEY-katri-vehicle-certification-COMMON-CURRENT_USE","v0.2","katri-vehicle-certification","자동차인증처","COMMON","2","CURRENT_USE","현재 NOA 또는 AI 공통플랫폼을 어떤 업무에 사용하거나 확인하고 있습니까? 사용하지 않거나 기능을 모르는 경우도 작성해 주십시오.","long_text","[]","false","","{""departmentId"":""katri-vehicle-certification"",""topicId"":""COMMON""}","[]","실제 사용 기능·업무·남는 어려움 중심. 제공된 제품 소개를 실제 설치본 기능으로 옮겨 적지 않음.","[""CCK-NOA"",""CTX-01"",""BOUNDARY-01""]","공통 설명·추가 의견"
"SURVEY-katri-vehicle-certification-katri-vehicle-certification-DISCOVERY_SCOPE","v0.2","katri-vehicle-certification","자동차인증처","katri-vehicle-certification","3","DISCOVERY_SCOPE","현재 담당하는 개별 업무·대상자·입력자료·결과·권한은 무엇입니까?","long_text","[]","false","","{""departmentId"":""katri-vehicle-certification"",""topicId"":""katri-vehicle-certification""}","[]","조직명만으로 업무를 확정하지 않음. 제시된 부서명이 현행과 다르면 정정.","[""ORG-KATRI""]","병목 가설 미제시 · 분장·문제 유무 확인부터"
"SURVEY-katri-vehicle-certification-katri-vehicle-certification-DISCOVERY_CURRENT","v0.2","katri-vehicle-certification","자동차인증처","katri-vehicle-certification","3","DISCOVERY_CURRENT","어떤 순서와 기준으로 처리하며 현재 시스템·서식·AI가 어디까지 지원합니까?","long_text","[]","false","","{""departmentId"":""katri-vehicle-certification"",""topicId"":""katri-vehicle-certification""}","[]","정상 사례와 실제 역할·공식 완료 결과부터 설명. 다른 처·센터·기관의 단계는 분리.","[""ORG-KATRI""]","병목 가설 미제시 · 분장·문제 유무 확인부터"
"SURVEY-katri-vehicle-certification-katri-vehicle-certification-DISCOVERY_PROBLEM","v0.2","katri-vehicle-certification","자동차인증처","katri-vehicle-certification","3","DISCOVERY_PROBLEM","남는 어려움이 있습니까? 있다면 사례·영향·현재 대응·다른 원인을, 없다면 확인 범위를 설명해 주십시오.","long_text","[]","false","","{""departmentId"":""katri-vehicle-certification"",""topicId"":""katri-vehicle-certification""}","[]","병목 가설이 아직 없는 처. AI·신규사업 필요를 미리 배정하지 않고 자유롭게 발견.","[""ORG-KATRI""]","병목 가설 미제시 · 분장·문제 유무 확인부터"
"SURVEY-katri-vehicle-certification-COMMON-OTHER_WORK_DIFFICULTY","v0.2","katri-vehicle-certification","자동차인증처","COMMON","4","OTHER_WORK_DIFFICULTY","제시된 병목 외에 업무처리나 정확한 판단을 어렵게 만드는 지점은 무엇입니까?","long_text","[]","false","","{""departmentId"":""katri-vehicle-certification"",""topicId"":""COMMON""}","[]","업무 / 발생 단계 / 대상 / 현재 대응 / 남는 문제 / 근거를 작성. 없음·담당 아님·미확인도 명시 가능.","[""CCK-NOA"",""CTX-01"",""BOUNDARY-01""]","공통 설명·추가 의견"
"SURVEY-katri-vehicle-certification-COMMON-PUBLIC_SERVICE_ISSUE","v0.2","katri-vehicle-certification","자동차인증처","COMMON","4","PUBLIC_SERVICE_ISSUE","국민·기업이 안전·검사·자격·교통 서비스를 이용할 때 추가로 겪는 불편이나 권익 문제는 무엇입니까?","long_text","[]","false","","{""departmentId"":""katri-vehicle-certification"",""topicId"":""COMMON""}","[]","대상자 / 원하는 결과 / 현재 경로 / 반복 설명·보완·방문·접근성 / 확인 근거. 현업의 추정과 이용자의 직접 의견을 구분.","[""CCK-NOA"",""CTX-01"",""BOUNDARY-01""]","공통 설명·추가 의견"
"SURVEY-katri-vehicle-certification-COMMON-NEW_PROBLEM","v0.2","katri-vehicle-certification","자동차인증처","COMMON","4","NEW_PROBLEM","이번 조사에서 빠진 문제나 다른 원인 설명이 있다면 작성해 주십시오.","long_text","[]","false","","{""departmentId"":""katri-vehicle-certification"",""topicId"":""COMMON""}","[]","기존 병목의 수정인지 별도 문제인지, 소관 후보·현재 대응·우선 이유를 설명. 없으면 없음으로 작성.","[""CCK-NOA"",""CTX-01"",""BOUNDARY-01""]","공통 설명·추가 의견"
"SURVEY-katri-vehicle-certification-COMMON-AX_EXPANSION_OPINION","v0.2","katri-vehicle-certification","자동차인증처","COMMON","4","AX_EXPANSION_OPINION","현재 플랫폼을 확대한다면 어떤 업무의 어떤 결과를 우선 개선해야 합니까?","long_text","[]","false","","{""departmentId"":""katri-vehicle-certification"",""topicId"":""COMMON""}","[]","현재 기능 → 남는 어려움 → 필요한 새 능력 → 업무·역할 변화 → 기관/국민 편익. 확대 불필요·비AI 대안도 가능.","[""CCK-NOA"",""CTX-01"",""BOUNDARY-01""]","공통 설명·추가 의견"
"SURVEY-katri-vehicle-certification-COMMON-EXPANSION_LIMIT","v0.2","katri-vehicle-certification","자동차인증처","COMMON","4","EXPANSION_LIMIT","별도 전문시스템이나 권한자의 판단에 남겨야 할 범위와 확대 제약은 무엇입니까?","long_text","[]","false","","{""departmentId"":""katri-vehicle-certification"",""topicId"":""COMMON""}","[]","공식 안전·자격·의료·처분·승인/지급 책임, 자료 이용·운영·비용 조건을 설명. 실행본 확인은 제품 담당 보충지 S01~S04와 연결.","[""CCK-NOA"",""CTX-01"",""BOUNDARY-01""]","공통 설명·추가 의견"
"SURVEY-katri-construction-certification-COMMON-ROLE","v0.2","katri-construction-certification","건설기계인증처","COMMON","2","ROLE","이번 의견을 작성하는 업무 역할은 무엇입니까?","single_choice","[{""code"":""WORK"",""label"":""업무 담당""},{""code"":""REVIEW"",""label"":""검토·승인""},{""code"":""PLANNING"",""label"":""기획·성과""},{""code"":""TECH"",""label"":""정보화·제품·운영""},{""code"":""SECURITY"",""label"":""자료·보안""},{""code"":""OTHER"",""label"":""그 밖의 역할""},{""code"":""UNKNOWN"",""label"":""역할 설명 보완 필요""}]","false","","{""departmentId"":""katri-construction-certification"",""topicId"":""COMMON""}","[]","실명·연락처 대신 역할만 작성. 담당 처는 해당 양식에서 지정.","[""CCK-NOA"",""CTX-01"",""BOUNDARY-01""]","공통 설명·추가 의견"
"SURVEY-katri-construction-certification-COMMON-POSITION","v0.2","katri-construction-certification","건설기계인증처","COMMON","2","POSITION","이 응답은 어떤 범위의 의견입니까?","single_choice","[{""code"":""INDIVIDUAL"",""label"":""개인의 업무 경험·의견""},{""code"":""CONSULTED"",""label"":""부서 내 확인을 거친 의견""},{""code"":""OFFICIAL"",""label"":""권한자가 확인한 공식 회신""},{""code"":""UNKNOWN"",""label"":""범위 미확인""}]","false","","{""departmentId"":""katri-construction-certification"",""topicId"":""COMMON""}","[]","공식 회신 선택만으로 도입·예산·자료 이용승인이 생기는 것은 아님. 확인 근거는 별도 검토.","[""CCK-NOA"",""CTX-01"",""BOUNDARY-01""]","공통 설명·추가 의견"
"SURVEY-katri-construction-certification-COMMON-CURRENT_USE","v0.2","katri-construction-certification","건설기계인증처","COMMON","2","CURRENT_USE","현재 NOA 또는 AI 공통플랫폼을 어떤 업무에 사용하거나 확인하고 있습니까? 사용하지 않거나 기능을 모르는 경우도 작성해 주십시오.","long_text","[]","false","","{""departmentId"":""katri-construction-certification"",""topicId"":""COMMON""}","[]","실제 사용 기능·업무·남는 어려움 중심. 제공된 제품 소개를 실제 설치본 기능으로 옮겨 적지 않음.","[""CCK-NOA"",""CTX-01"",""BOUNDARY-01""]","공통 설명·추가 의견"
"SURVEY-katri-construction-certification-katri-construction-certification-DISCOVERY_SCOPE","v0.2","katri-construction-certification","건설기계인증처","katri-construction-certification","3","DISCOVERY_SCOPE","현재 담당하는 개별 업무·대상자·입력자료·결과·권한은 무엇입니까?","long_text","[]","false","","{""departmentId"":""katri-construction-certification"",""topicId"":""katri-construction-certification""}","[]","조직명만으로 업무를 확정하지 않음. 제시된 부서명이 현행과 다르면 정정.","[""ORG-KATRI""]","병목 가설 미제시 · 분장·문제 유무 확인부터"
"SURVEY-katri-construction-certification-katri-construction-certification-DISCOVERY_CURRENT","v0.2","katri-construction-certification","건설기계인증처","katri-construction-certification","3","DISCOVERY_CURRENT","어떤 순서와 기준으로 처리하며 현재 시스템·서식·AI가 어디까지 지원합니까?","long_text","[]","false","","{""departmentId"":""katri-construction-certification"",""topicId"":""katri-construction-certification""}","[]","정상 사례와 실제 역할·공식 완료 결과부터 설명. 다른 처·센터·기관의 단계는 분리.","[""ORG-KATRI""]","병목 가설 미제시 · 분장·문제 유무 확인부터"
"SURVEY-katri-construction-certification-katri-construction-certification-DISCOVERY_PROBLEM","v0.2","katri-construction-certification","건설기계인증처","katri-construction-certification","3","DISCOVERY_PROBLEM","남는 어려움이 있습니까? 있다면 사례·영향·현재 대응·다른 원인을, 없다면 확인 범위를 설명해 주십시오.","long_text","[]","false","","{""departmentId"":""katri-construction-certification"",""topicId"":""katri-construction-certification""}","[]","병목 가설이 아직 없는 처. AI·신규사업 필요를 미리 배정하지 않고 자유롭게 발견.","[""ORG-KATRI""]","병목 가설 미제시 · 분장·문제 유무 확인부터"
"SURVEY-katri-construction-certification-COMMON-OTHER_WORK_DIFFICULTY","v0.2","katri-construction-certification","건설기계인증처","COMMON","4","OTHER_WORK_DIFFICULTY","제시된 병목 외에 업무처리나 정확한 판단을 어렵게 만드는 지점은 무엇입니까?","long_text","[]","false","","{""departmentId"":""katri-construction-certification"",""topicId"":""COMMON""}","[]","업무 / 발생 단계 / 대상 / 현재 대응 / 남는 문제 / 근거를 작성. 없음·담당 아님·미확인도 명시 가능.","[""CCK-NOA"",""CTX-01"",""BOUNDARY-01""]","공통 설명·추가 의견"
"SURVEY-katri-construction-certification-COMMON-PUBLIC_SERVICE_ISSUE","v0.2","katri-construction-certification","건설기계인증처","COMMON","4","PUBLIC_SERVICE_ISSUE","국민·기업이 안전·검사·자격·교통 서비스를 이용할 때 추가로 겪는 불편이나 권익 문제는 무엇입니까?","long_text","[]","false","","{""departmentId"":""katri-construction-certification"",""topicId"":""COMMON""}","[]","대상자 / 원하는 결과 / 현재 경로 / 반복 설명·보완·방문·접근성 / 확인 근거. 현업의 추정과 이용자의 직접 의견을 구분.","[""CCK-NOA"",""CTX-01"",""BOUNDARY-01""]","공통 설명·추가 의견"
"SURVEY-katri-construction-certification-COMMON-NEW_PROBLEM","v0.2","katri-construction-certification","건설기계인증처","COMMON","4","NEW_PROBLEM","이번 조사에서 빠진 문제나 다른 원인 설명이 있다면 작성해 주십시오.","long_text","[]","false","","{""departmentId"":""katri-construction-certification"",""topicId"":""COMMON""}","[]","기존 병목의 수정인지 별도 문제인지, 소관 후보·현재 대응·우선 이유를 설명. 없으면 없음으로 작성.","[""CCK-NOA"",""CTX-01"",""BOUNDARY-01""]","공통 설명·추가 의견"
"SURVEY-katri-construction-certification-COMMON-AX_EXPANSION_OPINION","v0.2","katri-construction-certification","건설기계인증처","COMMON","4","AX_EXPANSION_OPINION","현재 플랫폼을 확대한다면 어떤 업무의 어떤 결과를 우선 개선해야 합니까?","long_text","[]","false","","{""departmentId"":""katri-construction-certification"",""topicId"":""COMMON""}","[]","현재 기능 → 남는 어려움 → 필요한 새 능력 → 업무·역할 변화 → 기관/국민 편익. 확대 불필요·비AI 대안도 가능.","[""CCK-NOA"",""CTX-01"",""BOUNDARY-01""]","공통 설명·추가 의견"
"SURVEY-katri-construction-certification-COMMON-EXPANSION_LIMIT","v0.2","katri-construction-certification","건설기계인증처","COMMON","4","EXPANSION_LIMIT","별도 전문시스템이나 권한자의 판단에 남겨야 할 범위와 확대 제약은 무엇입니까?","long_text","[]","false","","{""departmentId"":""katri-construction-certification"",""topicId"":""COMMON""}","[]","공식 안전·자격·의료·처분·승인/지급 책임, 자료 이용·운영·비용 조건을 설명. 실행본 확인은 제품 담당 보충지 S01~S04와 연결.","[""CCK-NOA"",""CTX-01"",""BOUNDARY-01""]","공통 설명·추가 의견"
