"questionId","departmentId","department","topicId","fieldId","questionText","answerStatus","answerValue","evidenceRef","limitation","receivedAt","reviewStatus","planningDecision"
"SURVEY-EX13-COMMON-ROLE","EX13","감사처","COMMON","ROLE","이번 의견을 작성하는 업무 역할은 무엇입니까?","UNANSWERED","","","","","미검토",""
"SURVEY-EX13-COMMON-POSITION","EX13","감사처","COMMON","POSITION","이 응답은 어떤 범위의 의견입니까?","UNANSWERED","","","","","미검토",""
"SURVEY-EX13-COMMON-CURRENT_USE","EX13","감사처","COMMON","CURRENT_USE","현재 NOA 또는 AI 공통플랫폼을 어떤 업무에 사용하거나 확인하고 있습니까? 사용하지 않거나 기능을 모르는 경우도 작성해 주십시오.","UNANSWERED","","","","","미검토",""
"SURVEY-EX13-EX13-01-SCOPE_MATCH","EX13","감사처","EX13-01","SCOPE_MATCH","제시한 업무·대상·처리단계가 귀 처의 실제 담당 범위와 일치합니까?","UNANSWERED","","","","","미검토",""
"SURVEY-EX13-EX13-01-CURRENT_STATE","EX13","감사처","EX13-01","CURRENT_STATE","제시한 병목이 현재 발생하는지 어떤 상태로 확인하고 있습니까?","UNANSWERED","","","","","미검토",""
"SURVEY-EX13-EX13-01-BOTTLENECK_VALIDITY","EX13","감사처","EX13-01","BOTTLENECK_VALIDITY","제시한 병목 설명과 원인 가설이 실제 상황을 설명하는 데 타당합니까?","UNANSWERED","","","","","미검토",""
"SURVEY-EX13-EX13-01-VALIDITY_REASON","EX13","감사처","EX13-01","VALIDITY_REASON","정합성·발생 상태·타당성 판단의 이유와 고쳐야 할 내용을 작성해 주십시오.","UNANSWERED","","","","","미검토",""
"SURVEY-EX13-EX13-01-EVIDENCE_BASIS","EX13","감사처","EX13-01","EVIDENCE_BASIS","판단에 사용한 근거는 무엇입니까?","UNANSWERED","","","","","미검토",""
"SURVEY-EX13-EX13-01-ACTUAL_CASE","EX13","감사처","EX13-01","ACTUAL_CASE","공유 가능한 사례가 있다면 언제·어느 단계·누구에게 어떤 결과나 부담이 발생했는지 작성해 주십시오.","UNANSWERED","","","","","미검토",""
"SURVEY-EX13-EX13-01-COUNTER_EVIDENCE","EX13","감사처","EX13-01","COUNTER_EVIDENCE","문제 없이 완료했거나 제시한 설명과 다른 사례, 다른 원인이 있습니까?","UNANSWERED","","","","","미검토",""
"SURVEY-EX13-EX13-01-EXISTING_RESPONSE","EX13","감사처","EX13-01","EXISTING_RESPONSE","현재 시스템·AI·서식·규칙·협의절차로 해결하는 부분과 남는 문제는 무엇입니까?","UNANSWERED","","","","","미검토",""
"SURVEY-EX13-EX13-01-IMPROVEMENT_METHOD","EX13","감사처","EX13-01","IMPROVEMENT_METHOD","개선이 필요하다면 어떤 방식이 적절하다고 봅니까?","UNANSWERED","","","","","미검토",""
"SURVEY-EX13-EX13-01-AI_ADDED_VALUE","EX13","감사처","EX13-01","AI_ADDED_VALUE","NOA 등 AI를 추가하면 기존 도구·정형 개선으로 달성하기 어려운 어떤 결과를 얻을 수 있습니까?","UNANSWERED","","","","","미검토",""
"SURVEY-EX13-EX13-01-FEASIBILITY_CONDITIONS","EX13","감사처","EX13-01","FEASIBILITY_CONDITIONS","추가 AI 적용을 위해 어떤 자료·연계·권한·전문 검수·운영조건을 확보해야 합니까?","UNANSWERED","","","","","미검토",""
"SURVEY-EX13-EX13-01-RISK_AND_CONCERN","EX13","감사처","EX13-01","RISK_AND_CONCERN","제안 방식이 오판·과다 보완·정보 노출·추가 업무·이용자 배제 등을 일으킬 조건은 무엇입니까?","UNANSWERED","","","","","미검토",""
"SURVEY-EX13-EX13-01-EFFECT_AND_MEASUREMENT","EX13","감사처","EX13-01","EFFECT_AND_MEASUREMENT","제시한 효과 지표가 적절합니까? 실제 기록으로 확인할 결과와 측정하기 어려운 부분을 작성해 주십시오.","UNANSWERED","","","","","미검토",""
"SURVEY-EX13-EX13-01-ALTERNATIVE_PROPOSAL","EX13","감사처","EX13-01","ALTERNATIVE_PROPOSAL","제안된 CCK 적용 방법을 수정·축소·제외하거나 다른 방법으로 해결할 의견이 있습니까?","UNANSWERED","","","","","미검토",""
"SURVEY-EX13-EX13-01-PRIORITY_REASON","EX13","감사처","EX13-01","PRIORITY_REASON","이 문제를 다른 업무와 비교하여 왜 먼저 검토하거나 뒤로 미루어야 합니까?","UNANSWERED","","","","","미검토",""
"SURVEY-EX13-COMMON-OTHER_WORK_DIFFICULTY","EX13","감사처","COMMON","OTHER_WORK_DIFFICULTY","제시된 병목 외에 업무처리나 정확한 판단을 어렵게 만드는 지점은 무엇입니까?","UNANSWERED","","","","","미검토",""
"SURVEY-EX13-COMMON-PUBLIC_SERVICE_ISSUE","EX13","감사처","COMMON","PUBLIC_SERVICE_ISSUE","국민·기업이 안전·검사·자격·교통 서비스를 이용할 때 추가로 겪는 불편이나 권익 문제는 무엇입니까?","UNANSWERED","","","","","미검토",""
"SURVEY-EX13-COMMON-NEW_PROBLEM","EX13","감사처","COMMON","NEW_PROBLEM","이번 조사에서 빠진 문제나 다른 원인 설명이 있다면 작성해 주십시오.","UNANSWERED","","","","","미검토",""
"SURVEY-EX13-COMMON-AX_EXPANSION_OPINION","EX13","감사처","COMMON","AX_EXPANSION_OPINION","현재 플랫폼을 확대한다면 어떤 업무의 어떤 결과를 우선 개선해야 합니까?","UNANSWERED","","","","","미검토",""
"SURVEY-EX13-COMMON-EXPANSION_LIMIT","EX13","감사처","COMMON","EXPANSION_LIMIT","별도 전문시스템이나 권한자의 판단에 남겨야 할 범위와 확대 제약은 무엇입니까?","UNANSWERED","","","","","미검토",""
"SURVEY-EX01-COMMON-ROLE","EX01","경영기획처","COMMON","ROLE","이번 의견을 작성하는 업무 역할은 무엇입니까?","UNANSWERED","","","","","미검토",""
"SURVEY-EX01-COMMON-POSITION","EX01","경영기획처","COMMON","POSITION","이 응답은 어떤 범위의 의견입니까?","UNANSWERED","","","","","미검토",""
"SURVEY-EX01-COMMON-CURRENT_USE","EX01","경영기획처","COMMON","CURRENT_USE","현재 NOA 또는 AI 공통플랫폼을 어떤 업무에 사용하거나 확인하고 있습니까? 사용하지 않거나 기능을 모르는 경우도 작성해 주십시오.","UNANSWERED","","","","","미검토",""
"SURVEY-EX01-EX01-01-SCOPE_MATCH","EX01","경영기획처","EX01-01","SCOPE_MATCH","제시한 업무·대상·처리단계가 귀 처의 실제 담당 범위와 일치합니까?","UNANSWERED","","","","","미검토",""
"SURVEY-EX01-EX01-01-CURRENT_STATE","EX01","경영기획처","EX01-01","CURRENT_STATE","제시한 병목이 현재 발생하는지 어떤 상태로 확인하고 있습니까?","UNANSWERED","","","","","미검토",""
"SURVEY-EX01-EX01-01-BOTTLENECK_VALIDITY","EX01","경영기획처","EX01-01","BOTTLENECK_VALIDITY","제시한 병목 설명과 원인 가설이 실제 상황을 설명하는 데 타당합니까?","UNANSWERED","","","","","미검토",""
"SURVEY-EX01-EX01-01-VALIDITY_REASON","EX01","경영기획처","EX01-01","VALIDITY_REASON","정합성·발생 상태·타당성 판단의 이유와 고쳐야 할 내용을 작성해 주십시오.","UNANSWERED","","","","","미검토",""
"SURVEY-EX01-EX01-01-EVIDENCE_BASIS","EX01","경영기획처","EX01-01","EVIDENCE_BASIS","판단에 사용한 근거는 무엇입니까?","UNANSWERED","","","","","미검토",""
"SURVEY-EX01-EX01-01-ACTUAL_CASE","EX01","경영기획처","EX01-01","ACTUAL_CASE","공유 가능한 사례가 있다면 언제·어느 단계·누구에게 어떤 결과나 부담이 발생했는지 작성해 주십시오.","UNANSWERED","","","","","미검토",""
"SURVEY-EX01-EX01-01-COUNTER_EVIDENCE","EX01","경영기획처","EX01-01","COUNTER_EVIDENCE","문제 없이 완료했거나 제시한 설명과 다른 사례, 다른 원인이 있습니까?","UNANSWERED","","","","","미검토",""
"SURVEY-EX01-EX01-01-EXISTING_RESPONSE","EX01","경영기획처","EX01-01","EXISTING_RESPONSE","현재 시스템·AI·서식·규칙·협의절차로 해결하는 부분과 남는 문제는 무엇입니까?","UNANSWERED","","","","","미검토",""
"SURVEY-EX01-EX01-01-IMPROVEMENT_METHOD","EX01","경영기획처","EX01-01","IMPROVEMENT_METHOD","개선이 필요하다면 어떤 방식이 적절하다고 봅니까?","UNANSWERED","","","","","미검토",""
"SURVEY-EX01-EX01-01-AI_ADDED_VALUE","EX01","경영기획처","EX01-01","AI_ADDED_VALUE","NOA 등 AI를 추가하면 기존 도구·정형 개선으로 달성하기 어려운 어떤 결과를 얻을 수 있습니까?","UNANSWERED","","","","","미검토",""
"SURVEY-EX01-EX01-01-FEASIBILITY_CONDITIONS","EX01","경영기획처","EX01-01","FEASIBILITY_CONDITIONS","추가 AI 적용을 위해 어떤 자료·연계·권한·전문 검수·운영조건을 확보해야 합니까?","UNANSWERED","","","","","미검토",""
"SURVEY-EX01-EX01-01-RISK_AND_CONCERN","EX01","경영기획처","EX01-01","RISK_AND_CONCERN","제안 방식이 오판·과다 보완·정보 노출·추가 업무·이용자 배제 등을 일으킬 조건은 무엇입니까?","UNANSWERED","","","","","미검토",""
"SURVEY-EX01-EX01-01-EFFECT_AND_MEASUREMENT","EX01","경영기획처","EX01-01","EFFECT_AND_MEASUREMENT","제시한 효과 지표가 적절합니까? 실제 기록으로 확인할 결과와 측정하기 어려운 부분을 작성해 주십시오.","UNANSWERED","","","","","미검토",""
"SURVEY-EX01-EX01-01-ALTERNATIVE_PROPOSAL","EX01","경영기획처","EX01-01","ALTERNATIVE_PROPOSAL","제안된 CCK 적용 방법을 수정·축소·제외하거나 다른 방법으로 해결할 의견이 있습니까?","UNANSWERED","","","","","미검토",""
"SURVEY-EX01-EX01-01-PRIORITY_REASON","EX01","경영기획처","EX01-01","PRIORITY_REASON","이 문제를 다른 업무와 비교하여 왜 먼저 검토하거나 뒤로 미루어야 합니까?","UNANSWERED","","","","","미검토",""
"SURVEY-EX01-COMMON-OTHER_WORK_DIFFICULTY","EX01","경영기획처","COMMON","OTHER_WORK_DIFFICULTY","제시된 병목 외에 업무처리나 정확한 판단을 어렵게 만드는 지점은 무엇입니까?","UNANSWERED","","","","","미검토",""
"SURVEY-EX01-COMMON-PUBLIC_SERVICE_ISSUE","EX01","경영기획처","COMMON","PUBLIC_SERVICE_ISSUE","국민·기업이 안전·검사·자격·교통 서비스를 이용할 때 추가로 겪는 불편이나 권익 문제는 무엇입니까?","UNANSWERED","","","","","미검토",""
"SURVEY-EX01-COMMON-NEW_PROBLEM","EX01","경영기획처","COMMON","NEW_PROBLEM","이번 조사에서 빠진 문제나 다른 원인 설명이 있다면 작성해 주십시오.","UNANSWERED","","","","","미검토",""
"SURVEY-EX01-COMMON-AX_EXPANSION_OPINION","EX01","경영기획처","COMMON","AX_EXPANSION_OPINION","현재 플랫폼을 확대한다면 어떤 업무의 어떤 결과를 우선 개선해야 합니까?","UNANSWERED","","","","","미검토",""
"SURVEY-EX01-COMMON-EXPANSION_LIMIT","EX01","경영기획처","COMMON","EXPANSION_LIMIT","별도 전문시스템이나 권한자의 판단에 남겨야 할 범위와 확대 제약은 무엇입니까?","UNANSWERED","","","","","미검토",""
"SURVEY-EX02-COMMON-ROLE","EX02","예산처","COMMON","ROLE","이번 의견을 작성하는 업무 역할은 무엇입니까?","UNANSWERED","","","","","미검토",""
"SURVEY-EX02-COMMON-POSITION","EX02","예산처","COMMON","POSITION","이 응답은 어떤 범위의 의견입니까?","UNANSWERED","","","","","미검토",""
"SURVEY-EX02-COMMON-CURRENT_USE","EX02","예산처","COMMON","CURRENT_USE","현재 NOA 또는 AI 공통플랫폼을 어떤 업무에 사용하거나 확인하고 있습니까? 사용하지 않거나 기능을 모르는 경우도 작성해 주십시오.","UNANSWERED","","","","","미검토",""
"SURVEY-EX02-EX02-01-SCOPE_MATCH","EX02","예산처","EX02-01","SCOPE_MATCH","제시한 업무·대상·처리단계가 귀 처의 실제 담당 범위와 일치합니까?","UNANSWERED","","","","","미검토",""
"SURVEY-EX02-EX02-01-CURRENT_STATE","EX02","예산처","EX02-01","CURRENT_STATE","제시한 병목이 현재 발생하는지 어떤 상태로 확인하고 있습니까?","UNANSWERED","","","","","미검토",""
"SURVEY-EX02-EX02-01-BOTTLENECK_VALIDITY","EX02","예산처","EX02-01","BOTTLENECK_VALIDITY","제시한 병목 설명과 원인 가설이 실제 상황을 설명하는 데 타당합니까?","UNANSWERED","","","","","미검토",""
"SURVEY-EX02-EX02-01-VALIDITY_REASON","EX02","예산처","EX02-01","VALIDITY_REASON","정합성·발생 상태·타당성 판단의 이유와 고쳐야 할 내용을 작성해 주십시오.","UNANSWERED","","","","","미검토",""
"SURVEY-EX02-EX02-01-EVIDENCE_BASIS","EX02","예산처","EX02-01","EVIDENCE_BASIS","판단에 사용한 근거는 무엇입니까?","UNANSWERED","","","","","미검토",""
"SURVEY-EX02-EX02-01-ACTUAL_CASE","EX02","예산처","EX02-01","ACTUAL_CASE","공유 가능한 사례가 있다면 언제·어느 단계·누구에게 어떤 결과나 부담이 발생했는지 작성해 주십시오.","UNANSWERED","","","","","미검토",""
"SURVEY-EX02-EX02-01-COUNTER_EVIDENCE","EX02","예산처","EX02-01","COUNTER_EVIDENCE","문제 없이 완료했거나 제시한 설명과 다른 사례, 다른 원인이 있습니까?","UNANSWERED","","","","","미검토",""
"SURVEY-EX02-EX02-01-EXISTING_RESPONSE","EX02","예산처","EX02-01","EXISTING_RESPONSE","현재 시스템·AI·서식·규칙·협의절차로 해결하는 부분과 남는 문제는 무엇입니까?","UNANSWERED","","","","","미검토",""
"SURVEY-EX02-EX02-01-IMPROVEMENT_METHOD","EX02","예산처","EX02-01","IMPROVEMENT_METHOD","개선이 필요하다면 어떤 방식이 적절하다고 봅니까?","UNANSWERED","","","","","미검토",""
"SURVEY-EX02-EX02-01-AI_ADDED_VALUE","EX02","예산처","EX02-01","AI_ADDED_VALUE","NOA 등 AI를 추가하면 기존 도구·정형 개선으로 달성하기 어려운 어떤 결과를 얻을 수 있습니까?","UNANSWERED","","","","","미검토",""
"SURVEY-EX02-EX02-01-FEASIBILITY_CONDITIONS","EX02","예산처","EX02-01","FEASIBILITY_CONDITIONS","추가 AI 적용을 위해 어떤 자료·연계·권한·전문 검수·운영조건을 확보해야 합니까?","UNANSWERED","","","","","미검토",""
"SURVEY-EX02-EX02-01-RISK_AND_CONCERN","EX02","예산처","EX02-01","RISK_AND_CONCERN","제안 방식이 오판·과다 보완·정보 노출·추가 업무·이용자 배제 등을 일으킬 조건은 무엇입니까?","UNANSWERED","","","","","미검토",""
"SURVEY-EX02-EX02-01-EFFECT_AND_MEASUREMENT","EX02","예산처","EX02-01","EFFECT_AND_MEASUREMENT","제시한 효과 지표가 적절합니까? 실제 기록으로 확인할 결과와 측정하기 어려운 부분을 작성해 주십시오.","UNANSWERED","","","","","미검토",""
"SURVEY-EX02-EX02-01-ALTERNATIVE_PROPOSAL","EX02","예산처","EX02-01","ALTERNATIVE_PROPOSAL","제안된 CCK 적용 방법을 수정·축소·제외하거나 다른 방법으로 해결할 의견이 있습니까?","UNANSWERED","","","","","미검토",""
"SURVEY-EX02-EX02-01-PRIORITY_REASON","EX02","예산처","EX02-01","PRIORITY_REASON","이 문제를 다른 업무와 비교하여 왜 먼저 검토하거나 뒤로 미루어야 합니까?","UNANSWERED","","","","","미검토",""
"SURVEY-EX02-COMMON-OTHER_WORK_DIFFICULTY","EX02","예산처","COMMON","OTHER_WORK_DIFFICULTY","제시된 병목 외에 업무처리나 정확한 판단을 어렵게 만드는 지점은 무엇입니까?","UNANSWERED","","","","","미검토",""
"SURVEY-EX02-COMMON-PUBLIC_SERVICE_ISSUE","EX02","예산처","COMMON","PUBLIC_SERVICE_ISSUE","국민·기업이 안전·검사·자격·교통 서비스를 이용할 때 추가로 겪는 불편이나 권익 문제는 무엇입니까?","UNANSWERED","","","","","미검토",""
"SURVEY-EX02-COMMON-NEW_PROBLEM","EX02","예산처","COMMON","NEW_PROBLEM","이번 조사에서 빠진 문제나 다른 원인 설명이 있다면 작성해 주십시오.","UNANSWERED","","","","","미검토",""
"SURVEY-EX02-COMMON-AX_EXPANSION_OPINION","EX02","예산처","COMMON","AX_EXPANSION_OPINION","현재 플랫폼을 확대한다면 어떤 업무의 어떤 결과를 우선 개선해야 합니까?","UNANSWERED","","","","","미검토",""
"SURVEY-EX02-COMMON-EXPANSION_LIMIT","EX02","예산처","COMMON","EXPANSION_LIMIT","별도 전문시스템이나 권한자의 판단에 남겨야 할 범위와 확대 제약은 무엇입니까?","UNANSWERED","","","","","미검토",""
"SURVEY-EX03-COMMON-ROLE","EX03","혁신성과처","COMMON","ROLE","이번 의견을 작성하는 업무 역할은 무엇입니까?","UNANSWERED","","","","","미검토",""
"SURVEY-EX03-COMMON-POSITION","EX03","혁신성과처","COMMON","POSITION","이 응답은 어떤 범위의 의견입니까?","UNANSWERED","","","","","미검토",""
"SURVEY-EX03-COMMON-CURRENT_USE","EX03","혁신성과처","COMMON","CURRENT_USE","현재 NOA 또는 AI 공통플랫폼을 어떤 업무에 사용하거나 확인하고 있습니까? 사용하지 않거나 기능을 모르는 경우도 작성해 주십시오.","UNANSWERED","","","","","미검토",""
"SURVEY-EX03-EX03-01-SCOPE_MATCH","EX03","혁신성과처","EX03-01","SCOPE_MATCH","제시한 업무·대상·처리단계가 귀 처의 실제 담당 범위와 일치합니까?","UNANSWERED","","","","","미검토",""
"SURVEY-EX03-EX03-01-CURRENT_STATE","EX03","혁신성과처","EX03-01","CURRENT_STATE","제시한 병목이 현재 발생하는지 어떤 상태로 확인하고 있습니까?","UNANSWERED","","","","","미검토",""
"SURVEY-EX03-EX03-01-BOTTLENECK_VALIDITY","EX03","혁신성과처","EX03-01","BOTTLENECK_VALIDITY","제시한 병목 설명과 원인 가설이 실제 상황을 설명하는 데 타당합니까?","UNANSWERED","","","","","미검토",""
"SURVEY-EX03-EX03-01-VALIDITY_REASON","EX03","혁신성과처","EX03-01","VALIDITY_REASON","정합성·발생 상태·타당성 판단의 이유와 고쳐야 할 내용을 작성해 주십시오.","UNANSWERED","","","","","미검토",""
"SURVEY-EX03-EX03-01-EVIDENCE_BASIS","EX03","혁신성과처","EX03-01","EVIDENCE_BASIS","판단에 사용한 근거는 무엇입니까?","UNANSWERED","","","","","미검토",""
"SURVEY-EX03-EX03-01-ACTUAL_CASE","EX03","혁신성과처","EX03-01","ACTUAL_CASE","공유 가능한 사례가 있다면 언제·어느 단계·누구에게 어떤 결과나 부담이 발생했는지 작성해 주십시오.","UNANSWERED","","","","","미검토",""
"SURVEY-EX03-EX03-01-COUNTER_EVIDENCE","EX03","혁신성과처","EX03-01","COUNTER_EVIDENCE","문제 없이 완료했거나 제시한 설명과 다른 사례, 다른 원인이 있습니까?","UNANSWERED","","","","","미검토",""
"SURVEY-EX03-EX03-01-EXISTING_RESPONSE","EX03","혁신성과처","EX03-01","EXISTING_RESPONSE","현재 시스템·AI·서식·규칙·협의절차로 해결하는 부분과 남는 문제는 무엇입니까?","UNANSWERED","","","","","미검토",""
"SURVEY-EX03-EX03-01-IMPROVEMENT_METHOD","EX03","혁신성과처","EX03-01","IMPROVEMENT_METHOD","개선이 필요하다면 어떤 방식이 적절하다고 봅니까?","UNANSWERED","","","","","미검토",""
"SURVEY-EX03-EX03-01-AI_ADDED_VALUE","EX03","혁신성과처","EX03-01","AI_ADDED_VALUE","NOA 등 AI를 추가하면 기존 도구·정형 개선으로 달성하기 어려운 어떤 결과를 얻을 수 있습니까?","UNANSWERED","","","","","미검토",""
"SURVEY-EX03-EX03-01-FEASIBILITY_CONDITIONS","EX03","혁신성과처","EX03-01","FEASIBILITY_CONDITIONS","추가 AI 적용을 위해 어떤 자료·연계·권한·전문 검수·운영조건을 확보해야 합니까?","UNANSWERED","","","","","미검토",""
"SURVEY-EX03-EX03-01-RISK_AND_CONCERN","EX03","혁신성과처","EX03-01","RISK_AND_CONCERN","제안 방식이 오판·과다 보완·정보 노출·추가 업무·이용자 배제 등을 일으킬 조건은 무엇입니까?","UNANSWERED","","","","","미검토",""
"SURVEY-EX03-EX03-01-EFFECT_AND_MEASUREMENT","EX03","혁신성과처","EX03-01","EFFECT_AND_MEASUREMENT","제시한 효과 지표가 적절합니까? 실제 기록으로 확인할 결과와 측정하기 어려운 부분을 작성해 주십시오.","UNANSWERED","","","","","미검토",""
"SURVEY-EX03-EX03-01-ALTERNATIVE_PROPOSAL","EX03","혁신성과처","EX03-01","ALTERNATIVE_PROPOSAL","제안된 CCK 적용 방법을 수정·축소·제외하거나 다른 방법으로 해결할 의견이 있습니까?","UNANSWERED","","","","","미검토",""
"SURVEY-EX03-EX03-01-PRIORITY_REASON","EX03","혁신성과처","EX03-01","PRIORITY_REASON","이 문제를 다른 업무와 비교하여 왜 먼저 검토하거나 뒤로 미루어야 합니까?","UNANSWERED","","","","","미검토",""
"SURVEY-EX03-COMMON-OTHER_WORK_DIFFICULTY","EX03","혁신성과처","COMMON","OTHER_WORK_DIFFICULTY","제시된 병목 외에 업무처리나 정확한 판단을 어렵게 만드는 지점은 무엇입니까?","UNANSWERED","","","","","미검토",""
"SURVEY-EX03-COMMON-PUBLIC_SERVICE_ISSUE","EX03","혁신성과처","COMMON","PUBLIC_SERVICE_ISSUE","국민·기업이 안전·검사·자격·교통 서비스를 이용할 때 추가로 겪는 불편이나 권익 문제는 무엇입니까?","UNANSWERED","","","","","미검토",""
"SURVEY-EX03-COMMON-NEW_PROBLEM","EX03","혁신성과처","COMMON","NEW_PROBLEM","이번 조사에서 빠진 문제나 다른 원인 설명이 있다면 작성해 주십시오.","UNANSWERED","","","","","미검토",""
"SURVEY-EX03-COMMON-AX_EXPANSION_OPINION","EX03","혁신성과처","COMMON","AX_EXPANSION_OPINION","현재 플랫폼을 확대한다면 어떤 업무의 어떤 결과를 우선 개선해야 합니까?","UNANSWERED","","","","","미검토",""
"SURVEY-EX03-COMMON-EXPANSION_LIMIT","EX03","혁신성과처","COMMON","EXPANSION_LIMIT","별도 전문시스템이나 권한자의 판단에 남겨야 할 범위와 확대 제약은 무엇입니까?","UNANSWERED","","","","","미검토",""
"SURVEY-EX04-COMMON-ROLE","EX04","ESG경영처","COMMON","ROLE","이번 의견을 작성하는 업무 역할은 무엇입니까?","UNANSWERED","","","","","미검토",""
"SURVEY-EX04-COMMON-POSITION","EX04","ESG경영처","COMMON","POSITION","이 응답은 어떤 범위의 의견입니까?","UNANSWERED","","","","","미검토",""
"SURVEY-EX04-COMMON-CURRENT_USE","EX04","ESG경영처","COMMON","CURRENT_USE","현재 NOA 또는 AI 공통플랫폼을 어떤 업무에 사용하거나 확인하고 있습니까? 사용하지 않거나 기능을 모르는 경우도 작성해 주십시오.","UNANSWERED","","","","","미검토",""
"SURVEY-EX04-EX04-01-SCOPE_MATCH","EX04","ESG경영처","EX04-01","SCOPE_MATCH","제시한 업무·대상·처리단계가 귀 처의 실제 담당 범위와 일치합니까?","UNANSWERED","","","","","미검토",""
"SURVEY-EX04-EX04-01-CURRENT_STATE","EX04","ESG경영처","EX04-01","CURRENT_STATE","제시한 병목이 현재 발생하는지 어떤 상태로 확인하고 있습니까?","UNANSWERED","","","","","미검토",""
"SURVEY-EX04-EX04-01-BOTTLENECK_VALIDITY","EX04","ESG경영처","EX04-01","BOTTLENECK_VALIDITY","제시한 병목 설명과 원인 가설이 실제 상황을 설명하는 데 타당합니까?","UNANSWERED","","","","","미검토",""
"SURVEY-EX04-EX04-01-VALIDITY_REASON","EX04","ESG경영처","EX04-01","VALIDITY_REASON","정합성·발생 상태·타당성 판단의 이유와 고쳐야 할 내용을 작성해 주십시오.","UNANSWERED","","","","","미검토",""
"SURVEY-EX04-EX04-01-EVIDENCE_BASIS","EX04","ESG경영처","EX04-01","EVIDENCE_BASIS","판단에 사용한 근거는 무엇입니까?","UNANSWERED","","","","","미검토",""
"SURVEY-EX04-EX04-01-ACTUAL_CASE","EX04","ESG경영처","EX04-01","ACTUAL_CASE","공유 가능한 사례가 있다면 언제·어느 단계·누구에게 어떤 결과나 부담이 발생했는지 작성해 주십시오.","UNANSWERED","","","","","미검토",""
"SURVEY-EX04-EX04-01-COUNTER_EVIDENCE","EX04","ESG경영처","EX04-01","COUNTER_EVIDENCE","문제 없이 완료했거나 제시한 설명과 다른 사례, 다른 원인이 있습니까?","UNANSWERED","","","","","미검토",""
"SURVEY-EX04-EX04-01-EXISTING_RESPONSE","EX04","ESG경영처","EX04-01","EXISTING_RESPONSE","현재 시스템·AI·서식·규칙·협의절차로 해결하는 부분과 남는 문제는 무엇입니까?","UNANSWERED","","","","","미검토",""
"SURVEY-EX04-EX04-01-IMPROVEMENT_METHOD","EX04","ESG경영처","EX04-01","IMPROVEMENT_METHOD","개선이 필요하다면 어떤 방식이 적절하다고 봅니까?","UNANSWERED","","","","","미검토",""
"SURVEY-EX04-EX04-01-AI_ADDED_VALUE","EX04","ESG경영처","EX04-01","AI_ADDED_VALUE","NOA 등 AI를 추가하면 기존 도구·정형 개선으로 달성하기 어려운 어떤 결과를 얻을 수 있습니까?","UNANSWERED","","","","","미검토",""
"SURVEY-EX04-EX04-01-FEASIBILITY_CONDITIONS","EX04","ESG경영처","EX04-01","FEASIBILITY_CONDITIONS","추가 AI 적용을 위해 어떤 자료·연계·권한·전문 검수·운영조건을 확보해야 합니까?","UNANSWERED","","","","","미검토",""
"SURVEY-EX04-EX04-01-RISK_AND_CONCERN","EX04","ESG경영처","EX04-01","RISK_AND_CONCERN","제안 방식이 오판·과다 보완·정보 노출·추가 업무·이용자 배제 등을 일으킬 조건은 무엇입니까?","UNANSWERED","","","","","미검토",""
"SURVEY-EX04-EX04-01-EFFECT_AND_MEASUREMENT","EX04","ESG경영처","EX04-01","EFFECT_AND_MEASUREMENT","제시한 효과 지표가 적절합니까? 실제 기록으로 확인할 결과와 측정하기 어려운 부분을 작성해 주십시오.","UNANSWERED","","","","","미검토",""
"SURVEY-EX04-EX04-01-ALTERNATIVE_PROPOSAL","EX04","ESG경영처","EX04-01","ALTERNATIVE_PROPOSAL","제안된 CCK 적용 방법을 수정·축소·제외하거나 다른 방법으로 해결할 의견이 있습니까?","UNANSWERED","","","","","미검토",""
"SURVEY-EX04-EX04-01-PRIORITY_REASON","EX04","ESG경영처","EX04-01","PRIORITY_REASON","이 문제를 다른 업무와 비교하여 왜 먼저 검토하거나 뒤로 미루어야 합니까?","UNANSWERED","","","","","미검토",""
"SURVEY-EX04-COMMON-OTHER_WORK_DIFFICULTY","EX04","ESG경영처","COMMON","OTHER_WORK_DIFFICULTY","제시된 병목 외에 업무처리나 정확한 판단을 어렵게 만드는 지점은 무엇입니까?","UNANSWERED","","","","","미검토",""
"SURVEY-EX04-COMMON-PUBLIC_SERVICE_ISSUE","EX04","ESG경영처","COMMON","PUBLIC_SERVICE_ISSUE","국민·기업이 안전·검사·자격·교통 서비스를 이용할 때 추가로 겪는 불편이나 권익 문제는 무엇입니까?","UNANSWERED","","","","","미검토",""
"SURVEY-EX04-COMMON-NEW_PROBLEM","EX04","ESG경영처","COMMON","NEW_PROBLEM","이번 조사에서 빠진 문제나 다른 원인 설명이 있다면 작성해 주십시오.","UNANSWERED","","","","","미검토",""
"SURVEY-EX04-COMMON-AX_EXPANSION_OPINION","EX04","ESG경영처","COMMON","AX_EXPANSION_OPINION","현재 플랫폼을 확대한다면 어떤 업무의 어떤 결과를 우선 개선해야 합니까?","UNANSWERED","","","","","미검토",""
"SURVEY-EX04-COMMON-EXPANSION_LIMIT","EX04","ESG경영처","COMMON","EXPANSION_LIMIT","별도 전문시스템이나 권한자의 판단에 남겨야 할 범위와 확대 제약은 무엇입니까?","UNANSWERED","","","","","미검토",""
"SURVEY-EX05-COMMON-ROLE","EX05","디지털기획처","COMMON","ROLE","이번 의견을 작성하는 업무 역할은 무엇입니까?","UNANSWERED","","","","","미검토",""
"SURVEY-EX05-COMMON-POSITION","EX05","디지털기획처","COMMON","POSITION","이 응답은 어떤 범위의 의견입니까?","UNANSWERED","","","","","미검토",""
"SURVEY-EX05-COMMON-CURRENT_USE","EX05","디지털기획처","COMMON","CURRENT_USE","현재 NOA 또는 AI 공통플랫폼을 어떤 업무에 사용하거나 확인하고 있습니까? 사용하지 않거나 기능을 모르는 경우도 작성해 주십시오.","UNANSWERED","","","","","미검토",""
"SURVEY-EX05-EX05-01-SCOPE_MATCH","EX05","디지털기획처","EX05-01","SCOPE_MATCH","제시한 업무·대상·처리단계가 귀 처의 실제 담당 범위와 일치합니까?","UNANSWERED","","","","","미검토",""
"SURVEY-EX05-EX05-01-CURRENT_STATE","EX05","디지털기획처","EX05-01","CURRENT_STATE","제시한 병목이 현재 발생하는지 어떤 상태로 확인하고 있습니까?","UNANSWERED","","","","","미검토",""
"SURVEY-EX05-EX05-01-BOTTLENECK_VALIDITY","EX05","디지털기획처","EX05-01","BOTTLENECK_VALIDITY","제시한 병목 설명과 원인 가설이 실제 상황을 설명하는 데 타당합니까?","UNANSWERED","","","","","미검토",""
"SURVEY-EX05-EX05-01-VALIDITY_REASON","EX05","디지털기획처","EX05-01","VALIDITY_REASON","정합성·발생 상태·타당성 판단의 이유와 고쳐야 할 내용을 작성해 주십시오.","UNANSWERED","","","","","미검토",""
"SURVEY-EX05-EX05-01-EVIDENCE_BASIS","EX05","디지털기획처","EX05-01","EVIDENCE_BASIS","판단에 사용한 근거는 무엇입니까?","UNANSWERED","","","","","미검토",""
"SURVEY-EX05-EX05-01-ACTUAL_CASE","EX05","디지털기획처","EX05-01","ACTUAL_CASE","공유 가능한 사례가 있다면 언제·어느 단계·누구에게 어떤 결과나 부담이 발생했는지 작성해 주십시오.","UNANSWERED","","","","","미검토",""
"SURVEY-EX05-EX05-01-COUNTER_EVIDENCE","EX05","디지털기획처","EX05-01","COUNTER_EVIDENCE","문제 없이 완료했거나 제시한 설명과 다른 사례, 다른 원인이 있습니까?","UNANSWERED","","","","","미검토",""
"SURVEY-EX05-EX05-01-EXISTING_RESPONSE","EX05","디지털기획처","EX05-01","EXISTING_RESPONSE","현재 시스템·AI·서식·규칙·협의절차로 해결하는 부분과 남는 문제는 무엇입니까?","UNANSWERED","","","","","미검토",""
"SURVEY-EX05-EX05-01-IMPROVEMENT_METHOD","EX05","디지털기획처","EX05-01","IMPROVEMENT_METHOD","개선이 필요하다면 어떤 방식이 적절하다고 봅니까?","UNANSWERED","","","","","미검토",""
"SURVEY-EX05-EX05-01-AI_ADDED_VALUE","EX05","디지털기획처","EX05-01","AI_ADDED_VALUE","NOA 등 AI를 추가하면 기존 도구·정형 개선으로 달성하기 어려운 어떤 결과를 얻을 수 있습니까?","UNANSWERED","","","","","미검토",""
"SURVEY-EX05-EX05-01-FEASIBILITY_CONDITIONS","EX05","디지털기획처","EX05-01","FEASIBILITY_CONDITIONS","추가 AI 적용을 위해 어떤 자료·연계·권한·전문 검수·운영조건을 확보해야 합니까?","UNANSWERED","","","","","미검토",""
"SURVEY-EX05-EX05-01-RISK_AND_CONCERN","EX05","디지털기획처","EX05-01","RISK_AND_CONCERN","제안 방식이 오판·과다 보완·정보 노출·추가 업무·이용자 배제 등을 일으킬 조건은 무엇입니까?","UNANSWERED","","","","","미검토",""
"SURVEY-EX05-EX05-01-EFFECT_AND_MEASUREMENT","EX05","디지털기획처","EX05-01","EFFECT_AND_MEASUREMENT","제시한 효과 지표가 적절합니까? 실제 기록으로 확인할 결과와 측정하기 어려운 부분을 작성해 주십시오.","UNANSWERED","","","","","미검토",""
"SURVEY-EX05-EX05-01-ALTERNATIVE_PROPOSAL","EX05","디지털기획처","EX05-01","ALTERNATIVE_PROPOSAL","제안된 CCK 적용 방법을 수정·축소·제외하거나 다른 방법으로 해결할 의견이 있습니까?","UNANSWERED","","","","","미검토",""
"SURVEY-EX05-EX05-01-PRIORITY_REASON","EX05","디지털기획처","EX05-01","PRIORITY_REASON","이 문제를 다른 업무와 비교하여 왜 먼저 검토하거나 뒤로 미루어야 합니까?","UNANSWERED","","","","","미검토",""
"SURVEY-EX05-COMMON-OTHER_WORK_DIFFICULTY","EX05","디지털기획처","COMMON","OTHER_WORK_DIFFICULTY","제시된 병목 외에 업무처리나 정확한 판단을 어렵게 만드는 지점은 무엇입니까?","UNANSWERED","","","","","미검토",""
"SURVEY-EX05-COMMON-PUBLIC_SERVICE_ISSUE","EX05","디지털기획처","COMMON","PUBLIC_SERVICE_ISSUE","국민·기업이 안전·검사·자격·교통 서비스를 이용할 때 추가로 겪는 불편이나 권익 문제는 무엇입니까?","UNANSWERED","","","","","미검토",""
"SURVEY-EX05-COMMON-NEW_PROBLEM","EX05","디지털기획처","COMMON","NEW_PROBLEM","이번 조사에서 빠진 문제나 다른 원인 설명이 있다면 작성해 주십시오.","UNANSWERED","","","","","미검토",""
"SURVEY-EX05-COMMON-AX_EXPANSION_OPINION","EX05","디지털기획처","COMMON","AX_EXPANSION_OPINION","현재 플랫폼을 확대한다면 어떤 업무의 어떤 결과를 우선 개선해야 합니까?","UNANSWERED","","","","","미검토",""
"SURVEY-EX05-COMMON-EXPANSION_LIMIT","EX05","디지털기획처","COMMON","EXPANSION_LIMIT","별도 전문시스템이나 권한자의 판단에 남겨야 할 범위와 확대 제약은 무엇입니까?","UNANSWERED","","","","","미검토",""
"SURVEY-EX06-COMMON-ROLE","EX06","AI혁신처","COMMON","ROLE","이번 의견을 작성하는 업무 역할은 무엇입니까?","UNANSWERED","","","","","미검토",""
"SURVEY-EX06-COMMON-POSITION","EX06","AI혁신처","COMMON","POSITION","이 응답은 어떤 범위의 의견입니까?","UNANSWERED","","","","","미검토",""
"SURVEY-EX06-COMMON-CURRENT_USE","EX06","AI혁신처","COMMON","CURRENT_USE","현재 NOA 또는 AI 공통플랫폼을 어떤 업무에 사용하거나 확인하고 있습니까? 사용하지 않거나 기능을 모르는 경우도 작성해 주십시오.","UNANSWERED","","","","","미검토",""
"SURVEY-EX06-EX06-01-SCOPE_MATCH","EX06","AI혁신처","EX06-01","SCOPE_MATCH","제시한 업무·대상·처리단계가 귀 처의 실제 담당 범위와 일치합니까?","UNANSWERED","","","","","미검토",""
"SURVEY-EX06-EX06-01-CURRENT_STATE","EX06","AI혁신처","EX06-01","CURRENT_STATE","제시한 병목이 현재 발생하는지 어떤 상태로 확인하고 있습니까?","UNANSWERED","","","","","미검토",""
"SURVEY-EX06-EX06-01-BOTTLENECK_VALIDITY","EX06","AI혁신처","EX06-01","BOTTLENECK_VALIDITY","제시한 병목 설명과 원인 가설이 실제 상황을 설명하는 데 타당합니까?","UNANSWERED","","","","","미검토",""
"SURVEY-EX06-EX06-01-VALIDITY_REASON","EX06","AI혁신처","EX06-01","VALIDITY_REASON","정합성·발생 상태·타당성 판단의 이유와 고쳐야 할 내용을 작성해 주십시오.","UNANSWERED","","","","","미검토",""
"SURVEY-EX06-EX06-01-EVIDENCE_BASIS","EX06","AI혁신처","EX06-01","EVIDENCE_BASIS","판단에 사용한 근거는 무엇입니까?","UNANSWERED","","","","","미검토",""
"SURVEY-EX06-EX06-01-ACTUAL_CASE","EX06","AI혁신처","EX06-01","ACTUAL_CASE","공유 가능한 사례가 있다면 언제·어느 단계·누구에게 어떤 결과나 부담이 발생했는지 작성해 주십시오.","UNANSWERED","","","","","미검토",""
"SURVEY-EX06-EX06-01-COUNTER_EVIDENCE","EX06","AI혁신처","EX06-01","COUNTER_EVIDENCE","문제 없이 완료했거나 제시한 설명과 다른 사례, 다른 원인이 있습니까?","UNANSWERED","","","","","미검토",""
"SURVEY-EX06-EX06-01-EXISTING_RESPONSE","EX06","AI혁신처","EX06-01","EXISTING_RESPONSE","현재 시스템·AI·서식·규칙·협의절차로 해결하는 부분과 남는 문제는 무엇입니까?","UNANSWERED","","","","","미검토",""
"SURVEY-EX06-EX06-01-IMPROVEMENT_METHOD","EX06","AI혁신처","EX06-01","IMPROVEMENT_METHOD","개선이 필요하다면 어떤 방식이 적절하다고 봅니까?","UNANSWERED","","","","","미검토",""
"SURVEY-EX06-EX06-01-AI_ADDED_VALUE","EX06","AI혁신처","EX06-01","AI_ADDED_VALUE","NOA 등 AI를 추가하면 기존 도구·정형 개선으로 달성하기 어려운 어떤 결과를 얻을 수 있습니까?","UNANSWERED","","","","","미검토",""
"SURVEY-EX06-EX06-01-FEASIBILITY_CONDITIONS","EX06","AI혁신처","EX06-01","FEASIBILITY_CONDITIONS","추가 AI 적용을 위해 어떤 자료·연계·권한·전문 검수·운영조건을 확보해야 합니까?","UNANSWERED","","","","","미검토",""
"SURVEY-EX06-EX06-01-RISK_AND_CONCERN","EX06","AI혁신처","EX06-01","RISK_AND_CONCERN","제안 방식이 오판·과다 보완·정보 노출·추가 업무·이용자 배제 등을 일으킬 조건은 무엇입니까?","UNANSWERED","","","","","미검토",""
"SURVEY-EX06-EX06-01-EFFECT_AND_MEASUREMENT","EX06","AI혁신처","EX06-01","EFFECT_AND_MEASUREMENT","제시한 효과 지표가 적절합니까? 실제 기록으로 확인할 결과와 측정하기 어려운 부분을 작성해 주십시오.","UNANSWERED","","","","","미검토",""
"SURVEY-EX06-EX06-01-ALTERNATIVE_PROPOSAL","EX06","AI혁신처","EX06-01","ALTERNATIVE_PROPOSAL","제안된 CCK 적용 방법을 수정·축소·제외하거나 다른 방법으로 해결할 의견이 있습니까?","UNANSWERED","","","","","미검토",""
"SURVEY-EX06-EX06-01-PRIORITY_REASON","EX06","AI혁신처","EX06-01","PRIORITY_REASON","이 문제를 다른 업무와 비교하여 왜 먼저 검토하거나 뒤로 미루어야 합니까?","UNANSWERED","","","","","미검토",""
"SURVEY-EX06-COMMON-OTHER_WORK_DIFFICULTY","EX06","AI혁신처","COMMON","OTHER_WORK_DIFFICULTY","제시된 병목 외에 업무처리나 정확한 판단을 어렵게 만드는 지점은 무엇입니까?","UNANSWERED","","","","","미검토",""
"SURVEY-EX06-COMMON-PUBLIC_SERVICE_ISSUE","EX06","AI혁신처","COMMON","PUBLIC_SERVICE_ISSUE","국민·기업이 안전·검사·자격·교통 서비스를 이용할 때 추가로 겪는 불편이나 권익 문제는 무엇입니까?","UNANSWERED","","","","","미검토",""
"SURVEY-EX06-COMMON-NEW_PROBLEM","EX06","AI혁신처","COMMON","NEW_PROBLEM","이번 조사에서 빠진 문제나 다른 원인 설명이 있다면 작성해 주십시오.","UNANSWERED","","","","","미검토",""
"SURVEY-EX06-COMMON-AX_EXPANSION_OPINION","EX06","AI혁신처","COMMON","AX_EXPANSION_OPINION","현재 플랫폼을 확대한다면 어떤 업무의 어떤 결과를 우선 개선해야 합니까?","UNANSWERED","","","","","미검토",""
"SURVEY-EX06-COMMON-EXPANSION_LIMIT","EX06","AI혁신처","COMMON","EXPANSION_LIMIT","별도 전문시스템이나 권한자의 판단에 남겨야 할 범위와 확대 제약은 무엇입니까?","UNANSWERED","","","","","미검토",""
"SURVEY-EX07-COMMON-ROLE","EX07","정보보안처","COMMON","ROLE","이번 의견을 작성하는 업무 역할은 무엇입니까?","UNANSWERED","","","","","미검토",""
"SURVEY-EX07-COMMON-POSITION","EX07","정보보안처","COMMON","POSITION","이 응답은 어떤 범위의 의견입니까?","UNANSWERED","","","","","미검토",""
"SURVEY-EX07-COMMON-CURRENT_USE","EX07","정보보안처","COMMON","CURRENT_USE","현재 NOA 또는 AI 공통플랫폼을 어떤 업무에 사용하거나 확인하고 있습니까? 사용하지 않거나 기능을 모르는 경우도 작성해 주십시오.","UNANSWERED","","","","","미검토",""
"SURVEY-EX07-EX07-01-SCOPE_MATCH","EX07","정보보안처","EX07-01","SCOPE_MATCH","제시한 업무·대상·처리단계가 귀 처의 실제 담당 범위와 일치합니까?","UNANSWERED","","","","","미검토",""
"SURVEY-EX07-EX07-01-CURRENT_STATE","EX07","정보보안처","EX07-01","CURRENT_STATE","제시한 병목이 현재 발생하는지 어떤 상태로 확인하고 있습니까?","UNANSWERED","","","","","미검토",""
"SURVEY-EX07-EX07-01-BOTTLENECK_VALIDITY","EX07","정보보안처","EX07-01","BOTTLENECK_VALIDITY","제시한 병목 설명과 원인 가설이 실제 상황을 설명하는 데 타당합니까?","UNANSWERED","","","","","미검토",""
"SURVEY-EX07-EX07-01-VALIDITY_REASON","EX07","정보보안처","EX07-01","VALIDITY_REASON","정합성·발생 상태·타당성 판단의 이유와 고쳐야 할 내용을 작성해 주십시오.","UNANSWERED","","","","","미검토",""
"SURVEY-EX07-EX07-01-EVIDENCE_BASIS","EX07","정보보안처","EX07-01","EVIDENCE_BASIS","판단에 사용한 근거는 무엇입니까?","UNANSWERED","","","","","미검토",""
"SURVEY-EX07-EX07-01-ACTUAL_CASE","EX07","정보보안처","EX07-01","ACTUAL_CASE","공유 가능한 사례가 있다면 언제·어느 단계·누구에게 어떤 결과나 부담이 발생했는지 작성해 주십시오.","UNANSWERED","","","","","미검토",""
"SURVEY-EX07-EX07-01-COUNTER_EVIDENCE","EX07","정보보안처","EX07-01","COUNTER_EVIDENCE","문제 없이 완료했거나 제시한 설명과 다른 사례, 다른 원인이 있습니까?","UNANSWERED","","","","","미검토",""
"SURVEY-EX07-EX07-01-EXISTING_RESPONSE","EX07","정보보안처","EX07-01","EXISTING_RESPONSE","현재 시스템·AI·서식·규칙·협의절차로 해결하는 부분과 남는 문제는 무엇입니까?","UNANSWERED","","","","","미검토",""
"SURVEY-EX07-EX07-01-IMPROVEMENT_METHOD","EX07","정보보안처","EX07-01","IMPROVEMENT_METHOD","개선이 필요하다면 어떤 방식이 적절하다고 봅니까?","UNANSWERED","","","","","미검토",""
"SURVEY-EX07-EX07-01-AI_ADDED_VALUE","EX07","정보보안처","EX07-01","AI_ADDED_VALUE","NOA 등 AI를 추가하면 기존 도구·정형 개선으로 달성하기 어려운 어떤 결과를 얻을 수 있습니까?","UNANSWERED","","","","","미검토",""
"SURVEY-EX07-EX07-01-FEASIBILITY_CONDITIONS","EX07","정보보안처","EX07-01","FEASIBILITY_CONDITIONS","추가 AI 적용을 위해 어떤 자료·연계·권한·전문 검수·운영조건을 확보해야 합니까?","UNANSWERED","","","","","미검토",""
"SURVEY-EX07-EX07-01-RISK_AND_CONCERN","EX07","정보보안처","EX07-01","RISK_AND_CONCERN","제안 방식이 오판·과다 보완·정보 노출·추가 업무·이용자 배제 등을 일으킬 조건은 무엇입니까?","UNANSWERED","","","","","미검토",""
"SURVEY-EX07-EX07-01-EFFECT_AND_MEASUREMENT","EX07","정보보안처","EX07-01","EFFECT_AND_MEASUREMENT","제시한 효과 지표가 적절합니까? 실제 기록으로 확인할 결과와 측정하기 어려운 부분을 작성해 주십시오.","UNANSWERED","","","","","미검토",""
"SURVEY-EX07-EX07-01-ALTERNATIVE_PROPOSAL","EX07","정보보안처","EX07-01","ALTERNATIVE_PROPOSAL","제안된 CCK 적용 방법을 수정·축소·제외하거나 다른 방법으로 해결할 의견이 있습니까?","UNANSWERED","","","","","미검토",""
"SURVEY-EX07-EX07-01-PRIORITY_REASON","EX07","정보보안처","EX07-01","PRIORITY_REASON","이 문제를 다른 업무와 비교하여 왜 먼저 검토하거나 뒤로 미루어야 합니까?","UNANSWERED","","","","","미검토",""
"SURVEY-EX07-COMMON-OTHER_WORK_DIFFICULTY","EX07","정보보안처","COMMON","OTHER_WORK_DIFFICULTY","제시된 병목 외에 업무처리나 정확한 판단을 어렵게 만드는 지점은 무엇입니까?","UNANSWERED","","","","","미검토",""
"SURVEY-EX07-COMMON-PUBLIC_SERVICE_ISSUE","EX07","정보보안처","COMMON","PUBLIC_SERVICE_ISSUE","국민·기업이 안전·검사·자격·교통 서비스를 이용할 때 추가로 겪는 불편이나 권익 문제는 무엇입니까?","UNANSWERED","","","","","미검토",""
"SURVEY-EX07-COMMON-NEW_PROBLEM","EX07","정보보안처","COMMON","NEW_PROBLEM","이번 조사에서 빠진 문제나 다른 원인 설명이 있다면 작성해 주십시오.","UNANSWERED","","","","","미검토",""
"SURVEY-EX07-COMMON-AX_EXPANSION_OPINION","EX07","정보보안처","COMMON","AX_EXPANSION_OPINION","현재 플랫폼을 확대한다면 어떤 업무의 어떤 결과를 우선 개선해야 합니까?","UNANSWERED","","","","","미검토",""
"SURVEY-EX07-COMMON-EXPANSION_LIMIT","EX07","정보보안처","COMMON","EXPANSION_LIMIT","별도 전문시스템이나 권한자의 판단에 남겨야 할 범위와 확대 제약은 무엇입니까?","UNANSWERED","","","","","미검토",""
"SURVEY-EX08-COMMON-ROLE","EX08","자동차정보처","COMMON","ROLE","이번 의견을 작성하는 업무 역할은 무엇입니까?","UNANSWERED","","","","","미검토",""
"SURVEY-EX08-COMMON-POSITION","EX08","자동차정보처","COMMON","POSITION","이 응답은 어떤 범위의 의견입니까?","UNANSWERED","","","","","미검토",""
"SURVEY-EX08-COMMON-CURRENT_USE","EX08","자동차정보처","COMMON","CURRENT_USE","현재 NOA 또는 AI 공통플랫폼을 어떤 업무에 사용하거나 확인하고 있습니까? 사용하지 않거나 기능을 모르는 경우도 작성해 주십시오.","UNANSWERED","","","","","미검토",""
"SURVEY-EX08-EX08-01-SCOPE_MATCH","EX08","자동차정보처","EX08-01","SCOPE_MATCH","제시한 업무·대상·처리단계가 귀 처의 실제 담당 범위와 일치합니까?","UNANSWERED","","","","","미검토",""
"SURVEY-EX08-EX08-01-CURRENT_STATE","EX08","자동차정보처","EX08-01","CURRENT_STATE","제시한 병목이 현재 발생하는지 어떤 상태로 확인하고 있습니까?","UNANSWERED","","","","","미검토",""
"SURVEY-EX08-EX08-01-BOTTLENECK_VALIDITY","EX08","자동차정보처","EX08-01","BOTTLENECK_VALIDITY","제시한 병목 설명과 원인 가설이 실제 상황을 설명하는 데 타당합니까?","UNANSWERED","","","","","미검토",""
"SURVEY-EX08-EX08-01-VALIDITY_REASON","EX08","자동차정보처","EX08-01","VALIDITY_REASON","정합성·발생 상태·타당성 판단의 이유와 고쳐야 할 내용을 작성해 주십시오.","UNANSWERED","","","","","미검토",""
"SURVEY-EX08-EX08-01-EVIDENCE_BASIS","EX08","자동차정보처","EX08-01","EVIDENCE_BASIS","판단에 사용한 근거는 무엇입니까?","UNANSWERED","","","","","미검토",""
"SURVEY-EX08-EX08-01-ACTUAL_CASE","EX08","자동차정보처","EX08-01","ACTUAL_CASE","공유 가능한 사례가 있다면 언제·어느 단계·누구에게 어떤 결과나 부담이 발생했는지 작성해 주십시오.","UNANSWERED","","","","","미검토",""
"SURVEY-EX08-EX08-01-COUNTER_EVIDENCE","EX08","자동차정보처","EX08-01","COUNTER_EVIDENCE","문제 없이 완료했거나 제시한 설명과 다른 사례, 다른 원인이 있습니까?","UNANSWERED","","","","","미검토",""
"SURVEY-EX08-EX08-01-EXISTING_RESPONSE","EX08","자동차정보처","EX08-01","EXISTING_RESPONSE","현재 시스템·AI·서식·규칙·협의절차로 해결하는 부분과 남는 문제는 무엇입니까?","UNANSWERED","","","","","미검토",""
"SURVEY-EX08-EX08-01-IMPROVEMENT_METHOD","EX08","자동차정보처","EX08-01","IMPROVEMENT_METHOD","개선이 필요하다면 어떤 방식이 적절하다고 봅니까?","UNANSWERED","","","","","미검토",""
"SURVEY-EX08-EX08-01-AI_ADDED_VALUE","EX08","자동차정보처","EX08-01","AI_ADDED_VALUE","NOA 등 AI를 추가하면 기존 도구·정형 개선으로 달성하기 어려운 어떤 결과를 얻을 수 있습니까?","UNANSWERED","","","","","미검토",""
"SURVEY-EX08-EX08-01-FEASIBILITY_CONDITIONS","EX08","자동차정보처","EX08-01","FEASIBILITY_CONDITIONS","추가 AI 적용을 위해 어떤 자료·연계·권한·전문 검수·운영조건을 확보해야 합니까?","UNANSWERED","","","","","미검토",""
"SURVEY-EX08-EX08-01-RISK_AND_CONCERN","EX08","자동차정보처","EX08-01","RISK_AND_CONCERN","제안 방식이 오판·과다 보완·정보 노출·추가 업무·이용자 배제 등을 일으킬 조건은 무엇입니까?","UNANSWERED","","","","","미검토",""
"SURVEY-EX08-EX08-01-EFFECT_AND_MEASUREMENT","EX08","자동차정보처","EX08-01","EFFECT_AND_MEASUREMENT","제시한 효과 지표가 적절합니까? 실제 기록으로 확인할 결과와 측정하기 어려운 부분을 작성해 주십시오.","UNANSWERED","","","","","미검토",""
"SURVEY-EX08-EX08-01-ALTERNATIVE_PROPOSAL","EX08","자동차정보처","EX08-01","ALTERNATIVE_PROPOSAL","제안된 CCK 적용 방법을 수정·축소·제외하거나 다른 방법으로 해결할 의견이 있습니까?","UNANSWERED","","","","","미검토",""
"SURVEY-EX08-EX08-01-PRIORITY_REASON","EX08","자동차정보처","EX08-01","PRIORITY_REASON","이 문제를 다른 업무와 비교하여 왜 먼저 검토하거나 뒤로 미루어야 합니까?","UNANSWERED","","","","","미검토",""
"SURVEY-EX08-COMMON-OTHER_WORK_DIFFICULTY","EX08","자동차정보처","COMMON","OTHER_WORK_DIFFICULTY","제시된 병목 외에 업무처리나 정확한 판단을 어렵게 만드는 지점은 무엇입니까?","UNANSWERED","","","","","미검토",""
"SURVEY-EX08-COMMON-PUBLIC_SERVICE_ISSUE","EX08","자동차정보처","COMMON","PUBLIC_SERVICE_ISSUE","국민·기업이 안전·검사·자격·교통 서비스를 이용할 때 추가로 겪는 불편이나 권익 문제는 무엇입니까?","UNANSWERED","","","","","미검토",""
"SURVEY-EX08-COMMON-NEW_PROBLEM","EX08","자동차정보처","COMMON","NEW_PROBLEM","이번 조사에서 빠진 문제나 다른 원인 설명이 있다면 작성해 주십시오.","UNANSWERED","","","","","미검토",""
"SURVEY-EX08-COMMON-AX_EXPANSION_OPINION","EX08","자동차정보처","COMMON","AX_EXPANSION_OPINION","현재 플랫폼을 확대한다면 어떤 업무의 어떤 결과를 우선 개선해야 합니까?","UNANSWERED","","","","","미검토",""
"SURVEY-EX08-COMMON-EXPANSION_LIMIT","EX08","자동차정보처","COMMON","EXPANSION_LIMIT","별도 전문시스템이나 권한자의 판단에 남겨야 할 범위와 확대 제약은 무엇입니까?","UNANSWERED","","","","","미검토",""
"SURVEY-EX09-COMMON-ROLE","EX09","운영지원처","COMMON","ROLE","이번 의견을 작성하는 업무 역할은 무엇입니까?","UNANSWERED","","","","","미검토",""
"SURVEY-EX09-COMMON-POSITION","EX09","운영지원처","COMMON","POSITION","이 응답은 어떤 범위의 의견입니까?","UNANSWERED","","","","","미검토",""
"SURVEY-EX09-COMMON-CURRENT_USE","EX09","운영지원처","COMMON","CURRENT_USE","현재 NOA 또는 AI 공통플랫폼을 어떤 업무에 사용하거나 확인하고 있습니까? 사용하지 않거나 기능을 모르는 경우도 작성해 주십시오.","UNANSWERED","","","","","미검토",""
"SURVEY-EX09-EX09-01-SCOPE_MATCH","EX09","운영지원처","EX09-01","SCOPE_MATCH","제시한 업무·대상·처리단계가 귀 처의 실제 담당 범위와 일치합니까?","UNANSWERED","","","","","미검토",""
"SURVEY-EX09-EX09-01-CURRENT_STATE","EX09","운영지원처","EX09-01","CURRENT_STATE","제시한 병목이 현재 발생하는지 어떤 상태로 확인하고 있습니까?","UNANSWERED","","","","","미검토",""
"SURVEY-EX09-EX09-01-BOTTLENECK_VALIDITY","EX09","운영지원처","EX09-01","BOTTLENECK_VALIDITY","제시한 병목 설명과 원인 가설이 실제 상황을 설명하는 데 타당합니까?","UNANSWERED","","","","","미검토",""
"SURVEY-EX09-EX09-01-VALIDITY_REASON","EX09","운영지원처","EX09-01","VALIDITY_REASON","정합성·발생 상태·타당성 판단의 이유와 고쳐야 할 내용을 작성해 주십시오.","UNANSWERED","","","","","미검토",""
"SURVEY-EX09-EX09-01-EVIDENCE_BASIS","EX09","운영지원처","EX09-01","EVIDENCE_BASIS","판단에 사용한 근거는 무엇입니까?","UNANSWERED","","","","","미검토",""
"SURVEY-EX09-EX09-01-ACTUAL_CASE","EX09","운영지원처","EX09-01","ACTUAL_CASE","공유 가능한 사례가 있다면 언제·어느 단계·누구에게 어떤 결과나 부담이 발생했는지 작성해 주십시오.","UNANSWERED","","","","","미검토",""
"SURVEY-EX09-EX09-01-COUNTER_EVIDENCE","EX09","운영지원처","EX09-01","COUNTER_EVIDENCE","문제 없이 완료했거나 제시한 설명과 다른 사례, 다른 원인이 있습니까?","UNANSWERED","","","","","미검토",""
"SURVEY-EX09-EX09-01-EXISTING_RESPONSE","EX09","운영지원처","EX09-01","EXISTING_RESPONSE","현재 시스템·AI·서식·규칙·협의절차로 해결하는 부분과 남는 문제는 무엇입니까?","UNANSWERED","","","","","미검토",""
"SURVEY-EX09-EX09-01-IMPROVEMENT_METHOD","EX09","운영지원처","EX09-01","IMPROVEMENT_METHOD","개선이 필요하다면 어떤 방식이 적절하다고 봅니까?","UNANSWERED","","","","","미검토",""
"SURVEY-EX09-EX09-01-AI_ADDED_VALUE","EX09","운영지원처","EX09-01","AI_ADDED_VALUE","NOA 등 AI를 추가하면 기존 도구·정형 개선으로 달성하기 어려운 어떤 결과를 얻을 수 있습니까?","UNANSWERED","","","","","미검토",""
"SURVEY-EX09-EX09-01-FEASIBILITY_CONDITIONS","EX09","운영지원처","EX09-01","FEASIBILITY_CONDITIONS","추가 AI 적용을 위해 어떤 자료·연계·권한·전문 검수·운영조건을 확보해야 합니까?","UNANSWERED","","","","","미검토",""
"SURVEY-EX09-EX09-01-RISK_AND_CONCERN","EX09","운영지원처","EX09-01","RISK_AND_CONCERN","제안 방식이 오판·과다 보완·정보 노출·추가 업무·이용자 배제 등을 일으킬 조건은 무엇입니까?","UNANSWERED","","","","","미검토",""
"SURVEY-EX09-EX09-01-EFFECT_AND_MEASUREMENT","EX09","운영지원처","EX09-01","EFFECT_AND_MEASUREMENT","제시한 효과 지표가 적절합니까? 실제 기록으로 확인할 결과와 측정하기 어려운 부분을 작성해 주십시오.","UNANSWERED","","","","","미검토",""
"SURVEY-EX09-EX09-01-ALTERNATIVE_PROPOSAL","EX09","운영지원처","EX09-01","ALTERNATIVE_PROPOSAL","제안된 CCK 적용 방법을 수정·축소·제외하거나 다른 방법으로 해결할 의견이 있습니까?","UNANSWERED","","","","","미검토",""
"SURVEY-EX09-EX09-01-PRIORITY_REASON","EX09","운영지원처","EX09-01","PRIORITY_REASON","이 문제를 다른 업무와 비교하여 왜 먼저 검토하거나 뒤로 미루어야 합니까?","UNANSWERED","","","","","미검토",""
"SURVEY-EX09-COMMON-OTHER_WORK_DIFFICULTY","EX09","운영지원처","COMMON","OTHER_WORK_DIFFICULTY","제시된 병목 외에 업무처리나 정확한 판단을 어렵게 만드는 지점은 무엇입니까?","UNANSWERED","","","","","미검토",""
"SURVEY-EX09-COMMON-PUBLIC_SERVICE_ISSUE","EX09","운영지원처","COMMON","PUBLIC_SERVICE_ISSUE","국민·기업이 안전·검사·자격·교통 서비스를 이용할 때 추가로 겪는 불편이나 권익 문제는 무엇입니까?","UNANSWERED","","","","","미검토",""
"SURVEY-EX09-COMMON-NEW_PROBLEM","EX09","운영지원처","COMMON","NEW_PROBLEM","이번 조사에서 빠진 문제나 다른 원인 설명이 있다면 작성해 주십시오.","UNANSWERED","","","","","미검토",""
"SURVEY-EX09-COMMON-AX_EXPANSION_OPINION","EX09","운영지원처","COMMON","AX_EXPANSION_OPINION","현재 플랫폼을 확대한다면 어떤 업무의 어떤 결과를 우선 개선해야 합니까?","UNANSWERED","","","","","미검토",""
"SURVEY-EX09-COMMON-EXPANSION_LIMIT","EX09","운영지원처","COMMON","EXPANSION_LIMIT","별도 전문시스템이나 권한자의 판단에 남겨야 할 범위와 확대 제약은 무엇입니까?","UNANSWERED","","","","","미검토",""
"SURVEY-EX10-COMMON-ROLE","EX10","인재개발처","COMMON","ROLE","이번 의견을 작성하는 업무 역할은 무엇입니까?","UNANSWERED","","","","","미검토",""
"SURVEY-EX10-COMMON-POSITION","EX10","인재개발처","COMMON","POSITION","이 응답은 어떤 범위의 의견입니까?","UNANSWERED","","","","","미검토",""
"SURVEY-EX10-COMMON-CURRENT_USE","EX10","인재개발처","COMMON","CURRENT_USE","현재 NOA 또는 AI 공통플랫폼을 어떤 업무에 사용하거나 확인하고 있습니까? 사용하지 않거나 기능을 모르는 경우도 작성해 주십시오.","UNANSWERED","","","","","미검토",""
"SURVEY-EX10-EX10-01-SCOPE_MATCH","EX10","인재개발처","EX10-01","SCOPE_MATCH","제시한 업무·대상·처리단계가 귀 처의 실제 담당 범위와 일치합니까?","UNANSWERED","","","","","미검토",""
"SURVEY-EX10-EX10-01-CURRENT_STATE","EX10","인재개발처","EX10-01","CURRENT_STATE","제시한 병목이 현재 발생하는지 어떤 상태로 확인하고 있습니까?","UNANSWERED","","","","","미검토",""
"SURVEY-EX10-EX10-01-BOTTLENECK_VALIDITY","EX10","인재개발처","EX10-01","BOTTLENECK_VALIDITY","제시한 병목 설명과 원인 가설이 실제 상황을 설명하는 데 타당합니까?","UNANSWERED","","","","","미검토",""
"SURVEY-EX10-EX10-01-VALIDITY_REASON","EX10","인재개발처","EX10-01","VALIDITY_REASON","정합성·발생 상태·타당성 판단의 이유와 고쳐야 할 내용을 작성해 주십시오.","UNANSWERED","","","","","미검토",""
"SURVEY-EX10-EX10-01-EVIDENCE_BASIS","EX10","인재개발처","EX10-01","EVIDENCE_BASIS","판단에 사용한 근거는 무엇입니까?","UNANSWERED","","","","","미검토",""
"SURVEY-EX10-EX10-01-ACTUAL_CASE","EX10","인재개발처","EX10-01","ACTUAL_CASE","공유 가능한 사례가 있다면 언제·어느 단계·누구에게 어떤 결과나 부담이 발생했는지 작성해 주십시오.","UNANSWERED","","","","","미검토",""
"SURVEY-EX10-EX10-01-COUNTER_EVIDENCE","EX10","인재개발처","EX10-01","COUNTER_EVIDENCE","문제 없이 완료했거나 제시한 설명과 다른 사례, 다른 원인이 있습니까?","UNANSWERED","","","","","미검토",""
"SURVEY-EX10-EX10-01-EXISTING_RESPONSE","EX10","인재개발처","EX10-01","EXISTING_RESPONSE","현재 시스템·AI·서식·규칙·협의절차로 해결하는 부분과 남는 문제는 무엇입니까?","UNANSWERED","","","","","미검토",""
"SURVEY-EX10-EX10-01-IMPROVEMENT_METHOD","EX10","인재개발처","EX10-01","IMPROVEMENT_METHOD","개선이 필요하다면 어떤 방식이 적절하다고 봅니까?","UNANSWERED","","","","","미검토",""
"SURVEY-EX10-EX10-01-AI_ADDED_VALUE","EX10","인재개발처","EX10-01","AI_ADDED_VALUE","NOA 등 AI를 추가하면 기존 도구·정형 개선으로 달성하기 어려운 어떤 결과를 얻을 수 있습니까?","UNANSWERED","","","","","미검토",""
"SURVEY-EX10-EX10-01-FEASIBILITY_CONDITIONS","EX10","인재개발처","EX10-01","FEASIBILITY_CONDITIONS","추가 AI 적용을 위해 어떤 자료·연계·권한·전문 검수·운영조건을 확보해야 합니까?","UNANSWERED","","","","","미검토",""
"SURVEY-EX10-EX10-01-RISK_AND_CONCERN","EX10","인재개발처","EX10-01","RISK_AND_CONCERN","제안 방식이 오판·과다 보완·정보 노출·추가 업무·이용자 배제 등을 일으킬 조건은 무엇입니까?","UNANSWERED","","","","","미검토",""
"SURVEY-EX10-EX10-01-EFFECT_AND_MEASUREMENT","EX10","인재개발처","EX10-01","EFFECT_AND_MEASUREMENT","제시한 효과 지표가 적절합니까? 실제 기록으로 확인할 결과와 측정하기 어려운 부분을 작성해 주십시오.","UNANSWERED","","","","","미검토",""
"SURVEY-EX10-EX10-01-ALTERNATIVE_PROPOSAL","EX10","인재개발처","EX10-01","ALTERNATIVE_PROPOSAL","제안된 CCK 적용 방법을 수정·축소·제외하거나 다른 방법으로 해결할 의견이 있습니까?","UNANSWERED","","","","","미검토",""
"SURVEY-EX10-EX10-01-PRIORITY_REASON","EX10","인재개발처","EX10-01","PRIORITY_REASON","이 문제를 다른 업무와 비교하여 왜 먼저 검토하거나 뒤로 미루어야 합니까?","UNANSWERED","","","","","미검토",""
"SURVEY-EX10-COMMON-OTHER_WORK_DIFFICULTY","EX10","인재개발처","COMMON","OTHER_WORK_DIFFICULTY","제시된 병목 외에 업무처리나 정확한 판단을 어렵게 만드는 지점은 무엇입니까?","UNANSWERED","","","","","미검토",""
"SURVEY-EX10-COMMON-PUBLIC_SERVICE_ISSUE","EX10","인재개발처","COMMON","PUBLIC_SERVICE_ISSUE","국민·기업이 안전·검사·자격·교통 서비스를 이용할 때 추가로 겪는 불편이나 권익 문제는 무엇입니까?","UNANSWERED","","","","","미검토",""
"SURVEY-EX10-COMMON-NEW_PROBLEM","EX10","인재개발처","COMMON","NEW_PROBLEM","이번 조사에서 빠진 문제나 다른 원인 설명이 있다면 작성해 주십시오.","UNANSWERED","","","","","미검토",""
"SURVEY-EX10-COMMON-AX_EXPANSION_OPINION","EX10","인재개발처","COMMON","AX_EXPANSION_OPINION","현재 플랫폼을 확대한다면 어떤 업무의 어떤 결과를 우선 개선해야 합니까?","UNANSWERED","","","","","미검토",""
"SURVEY-EX10-COMMON-EXPANSION_LIMIT","EX10","인재개발처","COMMON","EXPANSION_LIMIT","별도 전문시스템이나 권한자의 판단에 남겨야 할 범위와 확대 제약은 무엇입니까?","UNANSWERED","","","","","미검토",""
"SURVEY-EX11-COMMON-ROLE","EX11","재정회계처","COMMON","ROLE","이번 의견을 작성하는 업무 역할은 무엇입니까?","UNANSWERED","","","","","미검토",""
"SURVEY-EX11-COMMON-POSITION","EX11","재정회계처","COMMON","POSITION","이 응답은 어떤 범위의 의견입니까?","UNANSWERED","","","","","미검토",""
"SURVEY-EX11-COMMON-CURRENT_USE","EX11","재정회계처","COMMON","CURRENT_USE","현재 NOA 또는 AI 공통플랫폼을 어떤 업무에 사용하거나 확인하고 있습니까? 사용하지 않거나 기능을 모르는 경우도 작성해 주십시오.","UNANSWERED","","","","","미검토",""
"SURVEY-EX11-EX11-01-SCOPE_MATCH","EX11","재정회계처","EX11-01","SCOPE_MATCH","제시한 업무·대상·처리단계가 귀 처의 실제 담당 범위와 일치합니까?","UNANSWERED","","","","","미검토",""
"SURVEY-EX11-EX11-01-CURRENT_STATE","EX11","재정회계처","EX11-01","CURRENT_STATE","제시한 병목이 현재 발생하는지 어떤 상태로 확인하고 있습니까?","UNANSWERED","","","","","미검토",""
"SURVEY-EX11-EX11-01-BOTTLENECK_VALIDITY","EX11","재정회계처","EX11-01","BOTTLENECK_VALIDITY","제시한 병목 설명과 원인 가설이 실제 상황을 설명하는 데 타당합니까?","UNANSWERED","","","","","미검토",""
"SURVEY-EX11-EX11-01-VALIDITY_REASON","EX11","재정회계처","EX11-01","VALIDITY_REASON","정합성·발생 상태·타당성 판단의 이유와 고쳐야 할 내용을 작성해 주십시오.","UNANSWERED","","","","","미검토",""
"SURVEY-EX11-EX11-01-EVIDENCE_BASIS","EX11","재정회계처","EX11-01","EVIDENCE_BASIS","판단에 사용한 근거는 무엇입니까?","UNANSWERED","","","","","미검토",""
"SURVEY-EX11-EX11-01-ACTUAL_CASE","EX11","재정회계처","EX11-01","ACTUAL_CASE","공유 가능한 사례가 있다면 언제·어느 단계·누구에게 어떤 결과나 부담이 발생했는지 작성해 주십시오.","UNANSWERED","","","","","미검토",""
"SURVEY-EX11-EX11-01-COUNTER_EVIDENCE","EX11","재정회계처","EX11-01","COUNTER_EVIDENCE","문제 없이 완료했거나 제시한 설명과 다른 사례, 다른 원인이 있습니까?","UNANSWERED","","","","","미검토",""
"SURVEY-EX11-EX11-01-EXISTING_RESPONSE","EX11","재정회계처","EX11-01","EXISTING_RESPONSE","현재 시스템·AI·서식·규칙·협의절차로 해결하는 부분과 남는 문제는 무엇입니까?","UNANSWERED","","","","","미검토",""
"SURVEY-EX11-EX11-01-IMPROVEMENT_METHOD","EX11","재정회계처","EX11-01","IMPROVEMENT_METHOD","개선이 필요하다면 어떤 방식이 적절하다고 봅니까?","UNANSWERED","","","","","미검토",""
"SURVEY-EX11-EX11-01-AI_ADDED_VALUE","EX11","재정회계처","EX11-01","AI_ADDED_VALUE","NOA 등 AI를 추가하면 기존 도구·정형 개선으로 달성하기 어려운 어떤 결과를 얻을 수 있습니까?","UNANSWERED","","","","","미검토",""
"SURVEY-EX11-EX11-01-FEASIBILITY_CONDITIONS","EX11","재정회계처","EX11-01","FEASIBILITY_CONDITIONS","추가 AI 적용을 위해 어떤 자료·연계·권한·전문 검수·운영조건을 확보해야 합니까?","UNANSWERED","","","","","미검토",""
"SURVEY-EX11-EX11-01-RISK_AND_CONCERN","EX11","재정회계처","EX11-01","RISK_AND_CONCERN","제안 방식이 오판·과다 보완·정보 노출·추가 업무·이용자 배제 등을 일으킬 조건은 무엇입니까?","UNANSWERED","","","","","미검토",""
"SURVEY-EX11-EX11-01-EFFECT_AND_MEASUREMENT","EX11","재정회계처","EX11-01","EFFECT_AND_MEASUREMENT","제시한 효과 지표가 적절합니까? 실제 기록으로 확인할 결과와 측정하기 어려운 부분을 작성해 주십시오.","UNANSWERED","","","","","미검토",""
"SURVEY-EX11-EX11-01-ALTERNATIVE_PROPOSAL","EX11","재정회계처","EX11-01","ALTERNATIVE_PROPOSAL","제안된 CCK 적용 방법을 수정·축소·제외하거나 다른 방법으로 해결할 의견이 있습니까?","UNANSWERED","","","","","미검토",""
"SURVEY-EX11-EX11-01-PRIORITY_REASON","EX11","재정회계처","EX11-01","PRIORITY_REASON","이 문제를 다른 업무와 비교하여 왜 먼저 검토하거나 뒤로 미루어야 합니까?","UNANSWERED","","","","","미검토",""
"SURVEY-EX11-COMMON-OTHER_WORK_DIFFICULTY","EX11","재정회계처","COMMON","OTHER_WORK_DIFFICULTY","제시된 병목 외에 업무처리나 정확한 판단을 어렵게 만드는 지점은 무엇입니까?","UNANSWERED","","","","","미검토",""
"SURVEY-EX11-COMMON-PUBLIC_SERVICE_ISSUE","EX11","재정회계처","COMMON","PUBLIC_SERVICE_ISSUE","국민·기업이 안전·검사·자격·교통 서비스를 이용할 때 추가로 겪는 불편이나 권익 문제는 무엇입니까?","UNANSWERED","","","","","미검토",""
"SURVEY-EX11-COMMON-NEW_PROBLEM","EX11","재정회계처","COMMON","NEW_PROBLEM","이번 조사에서 빠진 문제나 다른 원인 설명이 있다면 작성해 주십시오.","UNANSWERED","","","","","미검토",""
"SURVEY-EX11-COMMON-AX_EXPANSION_OPINION","EX11","재정회계처","COMMON","AX_EXPANSION_OPINION","현재 플랫폼을 확대한다면 어떤 업무의 어떤 결과를 우선 개선해야 합니까?","UNANSWERED","","","","","미검토",""
"SURVEY-EX11-COMMON-EXPANSION_LIMIT","EX11","재정회계처","COMMON","EXPANSION_LIMIT","별도 전문시스템이나 권한자의 판단에 남겨야 할 범위와 확대 제약은 무엇입니까?","UNANSWERED","","","","","미검토",""
"SURVEY-EX12-COMMON-ROLE","EX12","자산인프라처","COMMON","ROLE","이번 의견을 작성하는 업무 역할은 무엇입니까?","UNANSWERED","","","","","미검토",""
"SURVEY-EX12-COMMON-POSITION","EX12","자산인프라처","COMMON","POSITION","이 응답은 어떤 범위의 의견입니까?","UNANSWERED","","","","","미검토",""
"SURVEY-EX12-COMMON-CURRENT_USE","EX12","자산인프라처","COMMON","CURRENT_USE","현재 NOA 또는 AI 공통플랫폼을 어떤 업무에 사용하거나 확인하고 있습니까? 사용하지 않거나 기능을 모르는 경우도 작성해 주십시오.","UNANSWERED","","","","","미검토",""
"SURVEY-EX12-EX12-01-SCOPE_MATCH","EX12","자산인프라처","EX12-01","SCOPE_MATCH","제시한 업무·대상·처리단계가 귀 처의 실제 담당 범위와 일치합니까?","UNANSWERED","","","","","미검토",""
"SURVEY-EX12-EX12-01-CURRENT_STATE","EX12","자산인프라처","EX12-01","CURRENT_STATE","제시한 병목이 현재 발생하는지 어떤 상태로 확인하고 있습니까?","UNANSWERED","","","","","미검토",""
"SURVEY-EX12-EX12-01-BOTTLENECK_VALIDITY","EX12","자산인프라처","EX12-01","BOTTLENECK_VALIDITY","제시한 병목 설명과 원인 가설이 실제 상황을 설명하는 데 타당합니까?","UNANSWERED","","","","","미검토",""
"SURVEY-EX12-EX12-01-VALIDITY_REASON","EX12","자산인프라처","EX12-01","VALIDITY_REASON","정합성·발생 상태·타당성 판단의 이유와 고쳐야 할 내용을 작성해 주십시오.","UNANSWERED","","","","","미검토",""
"SURVEY-EX12-EX12-01-EVIDENCE_BASIS","EX12","자산인프라처","EX12-01","EVIDENCE_BASIS","판단에 사용한 근거는 무엇입니까?","UNANSWERED","","","","","미검토",""
"SURVEY-EX12-EX12-01-ACTUAL_CASE","EX12","자산인프라처","EX12-01","ACTUAL_CASE","공유 가능한 사례가 있다면 언제·어느 단계·누구에게 어떤 결과나 부담이 발생했는지 작성해 주십시오.","UNANSWERED","","","","","미검토",""
"SURVEY-EX12-EX12-01-COUNTER_EVIDENCE","EX12","자산인프라처","EX12-01","COUNTER_EVIDENCE","문제 없이 완료했거나 제시한 설명과 다른 사례, 다른 원인이 있습니까?","UNANSWERED","","","","","미검토",""
"SURVEY-EX12-EX12-01-EXISTING_RESPONSE","EX12","자산인프라처","EX12-01","EXISTING_RESPONSE","현재 시스템·AI·서식·규칙·협의절차로 해결하는 부분과 남는 문제는 무엇입니까?","UNANSWERED","","","","","미검토",""
"SURVEY-EX12-EX12-01-IMPROVEMENT_METHOD","EX12","자산인프라처","EX12-01","IMPROVEMENT_METHOD","개선이 필요하다면 어떤 방식이 적절하다고 봅니까?","UNANSWERED","","","","","미검토",""
"SURVEY-EX12-EX12-01-AI_ADDED_VALUE","EX12","자산인프라처","EX12-01","AI_ADDED_VALUE","NOA 등 AI를 추가하면 기존 도구·정형 개선으로 달성하기 어려운 어떤 결과를 얻을 수 있습니까?","UNANSWERED","","","","","미검토",""
"SURVEY-EX12-EX12-01-FEASIBILITY_CONDITIONS","EX12","자산인프라처","EX12-01","FEASIBILITY_CONDITIONS","추가 AI 적용을 위해 어떤 자료·연계·권한·전문 검수·운영조건을 확보해야 합니까?","UNANSWERED","","","","","미검토",""
"SURVEY-EX12-EX12-01-RISK_AND_CONCERN","EX12","자산인프라처","EX12-01","RISK_AND_CONCERN","제안 방식이 오판·과다 보완·정보 노출·추가 업무·이용자 배제 등을 일으킬 조건은 무엇입니까?","UNANSWERED","","","","","미검토",""
"SURVEY-EX12-EX12-01-EFFECT_AND_MEASUREMENT","EX12","자산인프라처","EX12-01","EFFECT_AND_MEASUREMENT","제시한 효과 지표가 적절합니까? 실제 기록으로 확인할 결과와 측정하기 어려운 부분을 작성해 주십시오.","UNANSWERED","","","","","미검토",""
"SURVEY-EX12-EX12-01-ALTERNATIVE_PROPOSAL","EX12","자산인프라처","EX12-01","ALTERNATIVE_PROPOSAL","제안된 CCK 적용 방법을 수정·축소·제외하거나 다른 방법으로 해결할 의견이 있습니까?","UNANSWERED","","","","","미검토",""
"SURVEY-EX12-EX12-01-PRIORITY_REASON","EX12","자산인프라처","EX12-01","PRIORITY_REASON","이 문제를 다른 업무와 비교하여 왜 먼저 검토하거나 뒤로 미루어야 합니까?","UNANSWERED","","","","","미검토",""
"SURVEY-EX12-COMMON-OTHER_WORK_DIFFICULTY","EX12","자산인프라처","COMMON","OTHER_WORK_DIFFICULTY","제시된 병목 외에 업무처리나 정확한 판단을 어렵게 만드는 지점은 무엇입니까?","UNANSWERED","","","","","미검토",""
"SURVEY-EX12-COMMON-PUBLIC_SERVICE_ISSUE","EX12","자산인프라처","COMMON","PUBLIC_SERVICE_ISSUE","국민·기업이 안전·검사·자격·교통 서비스를 이용할 때 추가로 겪는 불편이나 권익 문제는 무엇입니까?","UNANSWERED","","","","","미검토",""
"SURVEY-EX12-COMMON-NEW_PROBLEM","EX12","자산인프라처","COMMON","NEW_PROBLEM","이번 조사에서 빠진 문제나 다른 원인 설명이 있다면 작성해 주십시오.","UNANSWERED","","","","","미검토",""
"SURVEY-EX12-COMMON-AX_EXPANSION_OPINION","EX12","자산인프라처","COMMON","AX_EXPANSION_OPINION","현재 플랫폼을 확대한다면 어떤 업무의 어떤 결과를 우선 개선해야 합니까?","UNANSWERED","","","","","미검토",""
"SURVEY-EX12-COMMON-EXPANSION_LIMIT","EX12","자산인프라처","COMMON","EXPANSION_LIMIT","별도 전문시스템이나 권한자의 판단에 남겨야 할 범위와 확대 제약은 무엇입니까?","UNANSWERED","","","","","미검토",""
"SURVEY-MR-COMMON-ROLE","MR","모빌리티연구처","COMMON","ROLE","이번 의견을 작성하는 업무 역할은 무엇입니까?","UNANSWERED","","","","","미검토",""
"SURVEY-MR-COMMON-POSITION","MR","모빌리티연구처","COMMON","POSITION","이 응답은 어떤 범위의 의견입니까?","UNANSWERED","","","","","미검토",""
"SURVEY-MR-COMMON-CURRENT_USE","MR","모빌리티연구처","COMMON","CURRENT_USE","현재 NOA 또는 AI 공통플랫폼을 어떤 업무에 사용하거나 확인하고 있습니까? 사용하지 않거나 기능을 모르는 경우도 작성해 주십시오.","UNANSWERED","","","","","미검토",""
"SURVEY-MR-MR-01-SCOPE_MATCH","MR","모빌리티연구처","MR-01","SCOPE_MATCH","제시한 업무·대상·처리단계가 귀 처의 실제 담당 범위와 일치합니까?","UNANSWERED","","","","","미검토",""
"SURVEY-MR-MR-01-CURRENT_STATE","MR","모빌리티연구처","MR-01","CURRENT_STATE","제시한 병목이 현재 발생하는지 어떤 상태로 확인하고 있습니까?","UNANSWERED","","","","","미검토",""
"SURVEY-MR-MR-01-BOTTLENECK_VALIDITY","MR","모빌리티연구처","MR-01","BOTTLENECK_VALIDITY","제시한 병목 설명과 원인 가설이 실제 상황을 설명하는 데 타당합니까?","UNANSWERED","","","","","미검토",""
"SURVEY-MR-MR-01-VALIDITY_REASON","MR","모빌리티연구처","MR-01","VALIDITY_REASON","정합성·발생 상태·타당성 판단의 이유와 고쳐야 할 내용을 작성해 주십시오.","UNANSWERED","","","","","미검토",""
"SURVEY-MR-MR-01-EVIDENCE_BASIS","MR","모빌리티연구처","MR-01","EVIDENCE_BASIS","판단에 사용한 근거는 무엇입니까?","UNANSWERED","","","","","미검토",""
"SURVEY-MR-MR-01-ACTUAL_CASE","MR","모빌리티연구처","MR-01","ACTUAL_CASE","공유 가능한 사례가 있다면 언제·어느 단계·누구에게 어떤 결과나 부담이 발생했는지 작성해 주십시오.","UNANSWERED","","","","","미검토",""
"SURVEY-MR-MR-01-COUNTER_EVIDENCE","MR","모빌리티연구처","MR-01","COUNTER_EVIDENCE","문제 없이 완료했거나 제시한 설명과 다른 사례, 다른 원인이 있습니까?","UNANSWERED","","","","","미검토",""
"SURVEY-MR-MR-01-EXISTING_RESPONSE","MR","모빌리티연구처","MR-01","EXISTING_RESPONSE","현재 시스템·AI·서식·규칙·협의절차로 해결하는 부분과 남는 문제는 무엇입니까?","UNANSWERED","","","","","미검토",""
"SURVEY-MR-MR-01-IMPROVEMENT_METHOD","MR","모빌리티연구처","MR-01","IMPROVEMENT_METHOD","개선이 필요하다면 어떤 방식이 적절하다고 봅니까?","UNANSWERED","","","","","미검토",""
"SURVEY-MR-MR-01-AI_ADDED_VALUE","MR","모빌리티연구처","MR-01","AI_ADDED_VALUE","NOA 등 AI를 추가하면 기존 도구·정형 개선으로 달성하기 어려운 어떤 결과를 얻을 수 있습니까?","UNANSWERED","","","","","미검토",""
"SURVEY-MR-MR-01-FEASIBILITY_CONDITIONS","MR","모빌리티연구처","MR-01","FEASIBILITY_CONDITIONS","추가 AI 적용을 위해 어떤 자료·연계·권한·전문 검수·운영조건을 확보해야 합니까?","UNANSWERED","","","","","미검토",""
"SURVEY-MR-MR-01-RISK_AND_CONCERN","MR","모빌리티연구처","MR-01","RISK_AND_CONCERN","제안 방식이 오판·과다 보완·정보 노출·추가 업무·이용자 배제 등을 일으킬 조건은 무엇입니까?","UNANSWERED","","","","","미검토",""
"SURVEY-MR-MR-01-EFFECT_AND_MEASUREMENT","MR","모빌리티연구처","MR-01","EFFECT_AND_MEASUREMENT","제시한 효과 지표가 적절합니까? 실제 기록으로 확인할 결과와 측정하기 어려운 부분을 작성해 주십시오.","UNANSWERED","","","","","미검토",""
"SURVEY-MR-MR-01-ALTERNATIVE_PROPOSAL","MR","모빌리티연구처","MR-01","ALTERNATIVE_PROPOSAL","제안된 CCK 적용 방법을 수정·축소·제외하거나 다른 방법으로 해결할 의견이 있습니까?","UNANSWERED","","","","","미검토",""
"SURVEY-MR-MR-01-PRIORITY_REASON","MR","모빌리티연구처","MR-01","PRIORITY_REASON","이 문제를 다른 업무와 비교하여 왜 먼저 검토하거나 뒤로 미루어야 합니까?","UNANSWERED","","","","","미검토",""
"SURVEY-MR-MR-02-SCOPE_MATCH","MR","모빌리티연구처","MR-02","SCOPE_MATCH","제시한 업무·대상·처리단계가 귀 처의 실제 담당 범위와 일치합니까?","UNANSWERED","","","","","미검토",""
"SURVEY-MR-MR-02-CURRENT_STATE","MR","모빌리티연구처","MR-02","CURRENT_STATE","제시한 병목이 현재 발생하는지 어떤 상태로 확인하고 있습니까?","UNANSWERED","","","","","미검토",""
"SURVEY-MR-MR-02-BOTTLENECK_VALIDITY","MR","모빌리티연구처","MR-02","BOTTLENECK_VALIDITY","제시한 병목 설명과 원인 가설이 실제 상황을 설명하는 데 타당합니까?","UNANSWERED","","","","","미검토",""
"SURVEY-MR-MR-02-VALIDITY_REASON","MR","모빌리티연구처","MR-02","VALIDITY_REASON","정합성·발생 상태·타당성 판단의 이유와 고쳐야 할 내용을 작성해 주십시오.","UNANSWERED","","","","","미검토",""
"SURVEY-MR-MR-02-EVIDENCE_BASIS","MR","모빌리티연구처","MR-02","EVIDENCE_BASIS","판단에 사용한 근거는 무엇입니까?","UNANSWERED","","","","","미검토",""
"SURVEY-MR-MR-02-ACTUAL_CASE","MR","모빌리티연구처","MR-02","ACTUAL_CASE","공유 가능한 사례가 있다면 언제·어느 단계·누구에게 어떤 결과나 부담이 발생했는지 작성해 주십시오.","UNANSWERED","","","","","미검토",""
"SURVEY-MR-MR-02-COUNTER_EVIDENCE","MR","모빌리티연구처","MR-02","COUNTER_EVIDENCE","문제 없이 완료했거나 제시한 설명과 다른 사례, 다른 원인이 있습니까?","UNANSWERED","","","","","미검토",""
"SURVEY-MR-MR-02-EXISTING_RESPONSE","MR","모빌리티연구처","MR-02","EXISTING_RESPONSE","현재 시스템·AI·서식·규칙·협의절차로 해결하는 부분과 남는 문제는 무엇입니까?","UNANSWERED","","","","","미검토",""
"SURVEY-MR-MR-02-IMPROVEMENT_METHOD","MR","모빌리티연구처","MR-02","IMPROVEMENT_METHOD","개선이 필요하다면 어떤 방식이 적절하다고 봅니까?","UNANSWERED","","","","","미검토",""
"SURVEY-MR-MR-02-AI_ADDED_VALUE","MR","모빌리티연구처","MR-02","AI_ADDED_VALUE","NOA 등 AI를 추가하면 기존 도구·정형 개선으로 달성하기 어려운 어떤 결과를 얻을 수 있습니까?","UNANSWERED","","","","","미검토",""
"SURVEY-MR-MR-02-FEASIBILITY_CONDITIONS","MR","모빌리티연구처","MR-02","FEASIBILITY_CONDITIONS","추가 AI 적용을 위해 어떤 자료·연계·권한·전문 검수·운영조건을 확보해야 합니까?","UNANSWERED","","","","","미검토",""
"SURVEY-MR-MR-02-RISK_AND_CONCERN","MR","모빌리티연구처","MR-02","RISK_AND_CONCERN","제안 방식이 오판·과다 보완·정보 노출·추가 업무·이용자 배제 등을 일으킬 조건은 무엇입니까?","UNANSWERED","","","","","미검토",""
"SURVEY-MR-MR-02-EFFECT_AND_MEASUREMENT","MR","모빌리티연구처","MR-02","EFFECT_AND_MEASUREMENT","제시한 효과 지표가 적절합니까? 실제 기록으로 확인할 결과와 측정하기 어려운 부분을 작성해 주십시오.","UNANSWERED","","","","","미검토",""
"SURVEY-MR-MR-02-ALTERNATIVE_PROPOSAL","MR","모빌리티연구처","MR-02","ALTERNATIVE_PROPOSAL","제안된 CCK 적용 방법을 수정·축소·제외하거나 다른 방법으로 해결할 의견이 있습니까?","UNANSWERED","","","","","미검토",""
"SURVEY-MR-MR-02-PRIORITY_REASON","MR","모빌리티연구처","MR-02","PRIORITY_REASON","이 문제를 다른 업무와 비교하여 왜 먼저 검토하거나 뒤로 미루어야 합니까?","UNANSWERED","","","","","미검토",""
"SURVEY-MR-COMMON-OTHER_WORK_DIFFICULTY","MR","모빌리티연구처","COMMON","OTHER_WORK_DIFFICULTY","제시된 병목 외에 업무처리나 정확한 판단을 어렵게 만드는 지점은 무엇입니까?","UNANSWERED","","","","","미검토",""
"SURVEY-MR-COMMON-PUBLIC_SERVICE_ISSUE","MR","모빌리티연구처","COMMON","PUBLIC_SERVICE_ISSUE","국민·기업이 안전·검사·자격·교통 서비스를 이용할 때 추가로 겪는 불편이나 권익 문제는 무엇입니까?","UNANSWERED","","","","","미검토",""
"SURVEY-MR-COMMON-NEW_PROBLEM","MR","모빌리티연구처","COMMON","NEW_PROBLEM","이번 조사에서 빠진 문제나 다른 원인 설명이 있다면 작성해 주십시오.","UNANSWERED","","","","","미검토",""
"SURVEY-MR-COMMON-AX_EXPANSION_OPINION","MR","모빌리티연구처","COMMON","AX_EXPANSION_OPINION","현재 플랫폼을 확대한다면 어떤 업무의 어떤 결과를 우선 개선해야 합니까?","UNANSWERED","","","","","미검토",""
"SURVEY-MR-COMMON-EXPANSION_LIMIT","MR","모빌리티연구처","COMMON","EXPANSION_LIMIT","별도 전문시스템이나 권한자의 판단에 남겨야 할 범위와 확대 제약은 무엇입니까?","UNANSWERED","","","","","미검토",""
"SURVEY-DF-COMMON-ROLE","DF","데이터융복합처","COMMON","ROLE","이번 의견을 작성하는 업무 역할은 무엇입니까?","UNANSWERED","","","","","미검토",""
"SURVEY-DF-COMMON-POSITION","DF","데이터융복합처","COMMON","POSITION","이 응답은 어떤 범위의 의견입니까?","UNANSWERED","","","","","미검토",""
"SURVEY-DF-COMMON-CURRENT_USE","DF","데이터융복합처","COMMON","CURRENT_USE","현재 NOA 또는 AI 공통플랫폼을 어떤 업무에 사용하거나 확인하고 있습니까? 사용하지 않거나 기능을 모르는 경우도 작성해 주십시오.","UNANSWERED","","","","","미검토",""
"SURVEY-DF-DF-01-SCOPE_MATCH","DF","데이터융복합처","DF-01","SCOPE_MATCH","제시한 업무·대상·처리단계가 귀 처의 실제 담당 범위와 일치합니까?","UNANSWERED","","","","","미검토",""
"SURVEY-DF-DF-01-CURRENT_STATE","DF","데이터융복합처","DF-01","CURRENT_STATE","제시한 병목이 현재 발생하는지 어떤 상태로 확인하고 있습니까?","UNANSWERED","","","","","미검토",""
"SURVEY-DF-DF-01-BOTTLENECK_VALIDITY","DF","데이터융복합처","DF-01","BOTTLENECK_VALIDITY","제시한 병목 설명과 원인 가설이 실제 상황을 설명하는 데 타당합니까?","UNANSWERED","","","","","미검토",""
"SURVEY-DF-DF-01-VALIDITY_REASON","DF","데이터융복합처","DF-01","VALIDITY_REASON","정합성·발생 상태·타당성 판단의 이유와 고쳐야 할 내용을 작성해 주십시오.","UNANSWERED","","","","","미검토",""
"SURVEY-DF-DF-01-EVIDENCE_BASIS","DF","데이터융복합처","DF-01","EVIDENCE_BASIS","판단에 사용한 근거는 무엇입니까?","UNANSWERED","","","","","미검토",""
"SURVEY-DF-DF-01-ACTUAL_CASE","DF","데이터융복합처","DF-01","ACTUAL_CASE","공유 가능한 사례가 있다면 언제·어느 단계·누구에게 어떤 결과나 부담이 발생했는지 작성해 주십시오.","UNANSWERED","","","","","미검토",""
"SURVEY-DF-DF-01-COUNTER_EVIDENCE","DF","데이터융복합처","DF-01","COUNTER_EVIDENCE","문제 없이 완료했거나 제시한 설명과 다른 사례, 다른 원인이 있습니까?","UNANSWERED","","","","","미검토",""
"SURVEY-DF-DF-01-EXISTING_RESPONSE","DF","데이터융복합처","DF-01","EXISTING_RESPONSE","현재 시스템·AI·서식·규칙·협의절차로 해결하는 부분과 남는 문제는 무엇입니까?","UNANSWERED","","","","","미검토",""
"SURVEY-DF-DF-01-IMPROVEMENT_METHOD","DF","데이터융복합처","DF-01","IMPROVEMENT_METHOD","개선이 필요하다면 어떤 방식이 적절하다고 봅니까?","UNANSWERED","","","","","미검토",""
"SURVEY-DF-DF-01-AI_ADDED_VALUE","DF","데이터융복합처","DF-01","AI_ADDED_VALUE","NOA 등 AI를 추가하면 기존 도구·정형 개선으로 달성하기 어려운 어떤 결과를 얻을 수 있습니까?","UNANSWERED","","","","","미검토",""
"SURVEY-DF-DF-01-FEASIBILITY_CONDITIONS","DF","데이터융복합처","DF-01","FEASIBILITY_CONDITIONS","추가 AI 적용을 위해 어떤 자료·연계·권한·전문 검수·운영조건을 확보해야 합니까?","UNANSWERED","","","","","미검토",""
"SURVEY-DF-DF-01-RISK_AND_CONCERN","DF","데이터융복합처","DF-01","RISK_AND_CONCERN","제안 방식이 오판·과다 보완·정보 노출·추가 업무·이용자 배제 등을 일으킬 조건은 무엇입니까?","UNANSWERED","","","","","미검토",""
"SURVEY-DF-DF-01-EFFECT_AND_MEASUREMENT","DF","데이터융복합처","DF-01","EFFECT_AND_MEASUREMENT","제시한 효과 지표가 적절합니까? 실제 기록으로 확인할 결과와 측정하기 어려운 부분을 작성해 주십시오.","UNANSWERED","","","","","미검토",""
"SURVEY-DF-DF-01-ALTERNATIVE_PROPOSAL","DF","데이터융복합처","DF-01","ALTERNATIVE_PROPOSAL","제안된 CCK 적용 방법을 수정·축소·제외하거나 다른 방법으로 해결할 의견이 있습니까?","UNANSWERED","","","","","미검토",""
"SURVEY-DF-DF-01-PRIORITY_REASON","DF","데이터융복합처","DF-01","PRIORITY_REASON","이 문제를 다른 업무와 비교하여 왜 먼저 검토하거나 뒤로 미루어야 합니까?","UNANSWERED","","","","","미검토",""
"SURVEY-DF-COMMON-OTHER_WORK_DIFFICULTY","DF","데이터융복합처","COMMON","OTHER_WORK_DIFFICULTY","제시된 병목 외에 업무처리나 정확한 판단을 어렵게 만드는 지점은 무엇입니까?","UNANSWERED","","","","","미검토",""
"SURVEY-DF-COMMON-PUBLIC_SERVICE_ISSUE","DF","데이터융복합처","COMMON","PUBLIC_SERVICE_ISSUE","국민·기업이 안전·검사·자격·교통 서비스를 이용할 때 추가로 겪는 불편이나 권익 문제는 무엇입니까?","UNANSWERED","","","","","미검토",""
"SURVEY-DF-COMMON-NEW_PROBLEM","DF","데이터융복합처","COMMON","NEW_PROBLEM","이번 조사에서 빠진 문제나 다른 원인 설명이 있다면 작성해 주십시오.","UNANSWERED","","","","","미검토",""
"SURVEY-DF-COMMON-AX_EXPANSION_OPINION","DF","데이터융복합처","COMMON","AX_EXPANSION_OPINION","현재 플랫폼을 확대한다면 어떤 업무의 어떤 결과를 우선 개선해야 합니까?","UNANSWERED","","","","","미검토",""
"SURVEY-DF-COMMON-EXPANSION_LIMIT","DF","데이터융복합처","COMMON","EXPANSION_LIMIT","별도 전문시스템이나 권한자의 판단에 남겨야 할 범위와 확대 제약은 무엇입니까?","UNANSWERED","","","","","미검토",""
"SURVEY-SA-COMMON-ROLE","SA","교통안전처","COMMON","ROLE","이번 의견을 작성하는 업무 역할은 무엇입니까?","UNANSWERED","","","","","미검토",""
"SURVEY-SA-COMMON-POSITION","SA","교통안전처","COMMON","POSITION","이 응답은 어떤 범위의 의견입니까?","UNANSWERED","","","","","미검토",""
"SURVEY-SA-COMMON-CURRENT_USE","SA","교통안전처","COMMON","CURRENT_USE","현재 NOA 또는 AI 공통플랫폼을 어떤 업무에 사용하거나 확인하고 있습니까? 사용하지 않거나 기능을 모르는 경우도 작성해 주십시오.","UNANSWERED","","","","","미검토",""
"SURVEY-SA-SA-01-SCOPE_MATCH","SA","교통안전처","SA-01","SCOPE_MATCH","제시한 업무·대상·처리단계가 귀 처의 실제 담당 범위와 일치합니까?","UNANSWERED","","","","","미검토",""
"SURVEY-SA-SA-01-CURRENT_STATE","SA","교통안전처","SA-01","CURRENT_STATE","제시한 병목이 현재 발생하는지 어떤 상태로 확인하고 있습니까?","UNANSWERED","","","","","미검토",""
"SURVEY-SA-SA-01-BOTTLENECK_VALIDITY","SA","교통안전처","SA-01","BOTTLENECK_VALIDITY","제시한 병목 설명과 원인 가설이 실제 상황을 설명하는 데 타당합니까?","UNANSWERED","","","","","미검토",""
"SURVEY-SA-SA-01-VALIDITY_REASON","SA","교통안전처","SA-01","VALIDITY_REASON","정합성·발생 상태·타당성 판단의 이유와 고쳐야 할 내용을 작성해 주십시오.","UNANSWERED","","","","","미검토",""
"SURVEY-SA-SA-01-EVIDENCE_BASIS","SA","교통안전처","SA-01","EVIDENCE_BASIS","판단에 사용한 근거는 무엇입니까?","UNANSWERED","","","","","미검토",""
"SURVEY-SA-SA-01-ACTUAL_CASE","SA","교통안전처","SA-01","ACTUAL_CASE","공유 가능한 사례가 있다면 언제·어느 단계·누구에게 어떤 결과나 부담이 발생했는지 작성해 주십시오.","UNANSWERED","","","","","미검토",""
"SURVEY-SA-SA-01-COUNTER_EVIDENCE","SA","교통안전처","SA-01","COUNTER_EVIDENCE","문제 없이 완료했거나 제시한 설명과 다른 사례, 다른 원인이 있습니까?","UNANSWERED","","","","","미검토",""
"SURVEY-SA-SA-01-EXISTING_RESPONSE","SA","교통안전처","SA-01","EXISTING_RESPONSE","현재 시스템·AI·서식·규칙·협의절차로 해결하는 부분과 남는 문제는 무엇입니까?","UNANSWERED","","","","","미검토",""
"SURVEY-SA-SA-01-IMPROVEMENT_METHOD","SA","교통안전처","SA-01","IMPROVEMENT_METHOD","개선이 필요하다면 어떤 방식이 적절하다고 봅니까?","UNANSWERED","","","","","미검토",""
"SURVEY-SA-SA-01-AI_ADDED_VALUE","SA","교통안전처","SA-01","AI_ADDED_VALUE","NOA 등 AI를 추가하면 기존 도구·정형 개선으로 달성하기 어려운 어떤 결과를 얻을 수 있습니까?","UNANSWERED","","","","","미검토",""
"SURVEY-SA-SA-01-FEASIBILITY_CONDITIONS","SA","교통안전처","SA-01","FEASIBILITY_CONDITIONS","추가 AI 적용을 위해 어떤 자료·연계·권한·전문 검수·운영조건을 확보해야 합니까?","UNANSWERED","","","","","미검토",""
"SURVEY-SA-SA-01-RISK_AND_CONCERN","SA","교통안전처","SA-01","RISK_AND_CONCERN","제안 방식이 오판·과다 보완·정보 노출·추가 업무·이용자 배제 등을 일으킬 조건은 무엇입니까?","UNANSWERED","","","","","미검토",""
"SURVEY-SA-SA-01-EFFECT_AND_MEASUREMENT","SA","교통안전처","SA-01","EFFECT_AND_MEASUREMENT","제시한 효과 지표가 적절합니까? 실제 기록으로 확인할 결과와 측정하기 어려운 부분을 작성해 주십시오.","UNANSWERED","","","","","미검토",""
"SURVEY-SA-SA-01-ALTERNATIVE_PROPOSAL","SA","교통안전처","SA-01","ALTERNATIVE_PROPOSAL","제안된 CCK 적용 방법을 수정·축소·제외하거나 다른 방법으로 해결할 의견이 있습니까?","UNANSWERED","","","","","미검토",""
"SURVEY-SA-SA-01-PRIORITY_REASON","SA","교통안전처","SA-01","PRIORITY_REASON","이 문제를 다른 업무와 비교하여 왜 먼저 검토하거나 뒤로 미루어야 합니까?","UNANSWERED","","","","","미검토",""
"SURVEY-SA-COMMON-OTHER_WORK_DIFFICULTY","SA","교통안전처","COMMON","OTHER_WORK_DIFFICULTY","제시된 병목 외에 업무처리나 정확한 판단을 어렵게 만드는 지점은 무엇입니까?","UNANSWERED","","","","","미검토",""
"SURVEY-SA-COMMON-PUBLIC_SERVICE_ISSUE","SA","교통안전처","COMMON","PUBLIC_SERVICE_ISSUE","국민·기업이 안전·검사·자격·교통 서비스를 이용할 때 추가로 겪는 불편이나 권익 문제는 무엇입니까?","UNANSWERED","","","","","미검토",""
"SURVEY-SA-COMMON-NEW_PROBLEM","SA","교통안전처","COMMON","NEW_PROBLEM","이번 조사에서 빠진 문제나 다른 원인 설명이 있다면 작성해 주십시오.","UNANSWERED","","","","","미검토",""
"SURVEY-SA-COMMON-AX_EXPANSION_OPINION","SA","교통안전처","COMMON","AX_EXPANSION_OPINION","현재 플랫폼을 확대한다면 어떤 업무의 어떤 결과를 우선 개선해야 합니까?","UNANSWERED","","","","","미검토",""
"SURVEY-SA-COMMON-EXPANSION_LIMIT","SA","교통안전처","COMMON","EXPANSION_LIMIT","별도 전문시스템이나 권한자의 판단에 남겨야 할 범위와 확대 제약은 무엇입니까?","UNANSWERED","","","","","미검토",""
"SURVEY-QE-COMMON-ROLE","QE","자격교육처","COMMON","ROLE","이번 의견을 작성하는 업무 역할은 무엇입니까?","UNANSWERED","","","","","미검토",""
"SURVEY-QE-COMMON-POSITION","QE","자격교육처","COMMON","POSITION","이 응답은 어떤 범위의 의견입니까?","UNANSWERED","","","","","미검토",""
"SURVEY-QE-COMMON-CURRENT_USE","QE","자격교육처","COMMON","CURRENT_USE","현재 NOA 또는 AI 공통플랫폼을 어떤 업무에 사용하거나 확인하고 있습니까? 사용하지 않거나 기능을 모르는 경우도 작성해 주십시오.","UNANSWERED","","","","","미검토",""
"SURVEY-QE-QE-01-SCOPE_MATCH","QE","자격교육처","QE-01","SCOPE_MATCH","제시한 업무·대상·처리단계가 귀 처의 실제 담당 범위와 일치합니까?","UNANSWERED","","","","","미검토",""
"SURVEY-QE-QE-01-CURRENT_STATE","QE","자격교육처","QE-01","CURRENT_STATE","제시한 병목이 현재 발생하는지 어떤 상태로 확인하고 있습니까?","UNANSWERED","","","","","미검토",""
"SURVEY-QE-QE-01-BOTTLENECK_VALIDITY","QE","자격교육처","QE-01","BOTTLENECK_VALIDITY","제시한 병목 설명과 원인 가설이 실제 상황을 설명하는 데 타당합니까?","UNANSWERED","","","","","미검토",""
"SURVEY-QE-QE-01-VALIDITY_REASON","QE","자격교육처","QE-01","VALIDITY_REASON","정합성·발생 상태·타당성 판단의 이유와 고쳐야 할 내용을 작성해 주십시오.","UNANSWERED","","","","","미검토",""
"SURVEY-QE-QE-01-EVIDENCE_BASIS","QE","자격교육처","QE-01","EVIDENCE_BASIS","판단에 사용한 근거는 무엇입니까?","UNANSWERED","","","","","미검토",""
"SURVEY-QE-QE-01-ACTUAL_CASE","QE","자격교육처","QE-01","ACTUAL_CASE","공유 가능한 사례가 있다면 언제·어느 단계·누구에게 어떤 결과나 부담이 발생했는지 작성해 주십시오.","UNANSWERED","","","","","미검토",""
"SURVEY-QE-QE-01-COUNTER_EVIDENCE","QE","자격교육처","QE-01","COUNTER_EVIDENCE","문제 없이 완료했거나 제시한 설명과 다른 사례, 다른 원인이 있습니까?","UNANSWERED","","","","","미검토",""
"SURVEY-QE-QE-01-EXISTING_RESPONSE","QE","자격교육처","QE-01","EXISTING_RESPONSE","현재 시스템·AI·서식·규칙·협의절차로 해결하는 부분과 남는 문제는 무엇입니까?","UNANSWERED","","","","","미검토",""
"SURVEY-QE-QE-01-IMPROVEMENT_METHOD","QE","자격교육처","QE-01","IMPROVEMENT_METHOD","개선이 필요하다면 어떤 방식이 적절하다고 봅니까?","UNANSWERED","","","","","미검토",""
"SURVEY-QE-QE-01-AI_ADDED_VALUE","QE","자격교육처","QE-01","AI_ADDED_VALUE","NOA 등 AI를 추가하면 기존 도구·정형 개선으로 달성하기 어려운 어떤 결과를 얻을 수 있습니까?","UNANSWERED","","","","","미검토",""
"SURVEY-QE-QE-01-FEASIBILITY_CONDITIONS","QE","자격교육처","QE-01","FEASIBILITY_CONDITIONS","추가 AI 적용을 위해 어떤 자료·연계·권한·전문 검수·운영조건을 확보해야 합니까?","UNANSWERED","","","","","미검토",""
"SURVEY-QE-QE-01-RISK_AND_CONCERN","QE","자격교육처","QE-01","RISK_AND_CONCERN","제안 방식이 오판·과다 보완·정보 노출·추가 업무·이용자 배제 등을 일으킬 조건은 무엇입니까?","UNANSWERED","","","","","미검토",""
"SURVEY-QE-QE-01-EFFECT_AND_MEASUREMENT","QE","자격교육처","QE-01","EFFECT_AND_MEASUREMENT","제시한 효과 지표가 적절합니까? 실제 기록으로 확인할 결과와 측정하기 어려운 부분을 작성해 주십시오.","UNANSWERED","","","","","미검토",""
"SURVEY-QE-QE-01-ALTERNATIVE_PROPOSAL","QE","자격교육처","QE-01","ALTERNATIVE_PROPOSAL","제안된 CCK 적용 방법을 수정·축소·제외하거나 다른 방법으로 해결할 의견이 있습니까?","UNANSWERED","","","","","미검토",""
"SURVEY-QE-QE-01-PRIORITY_REASON","QE","자격교육처","QE-01","PRIORITY_REASON","이 문제를 다른 업무와 비교하여 왜 먼저 검토하거나 뒤로 미루어야 합니까?","UNANSWERED","","","","","미검토",""
"SURVEY-QE-QE-H01-SCOPE_MATCH","QE","자격교육처","QE-H01","SCOPE_MATCH","제시한 업무·대상·처리단계가 귀 처의 실제 담당 범위와 일치합니까?","UNANSWERED","","","","","미검토",""
"SURVEY-QE-QE-H01-CURRENT_STATE","QE","자격교육처","QE-H01","CURRENT_STATE","제시한 병목이 현재 발생하는지 어떤 상태로 확인하고 있습니까?","UNANSWERED","","","","","미검토",""
"SURVEY-QE-QE-H01-BOTTLENECK_VALIDITY","QE","자격교육처","QE-H01","BOTTLENECK_VALIDITY","제시한 병목 설명과 원인 가설이 실제 상황을 설명하는 데 타당합니까?","UNANSWERED","","","","","미검토",""
"SURVEY-QE-QE-H01-VALIDITY_REASON","QE","자격교육처","QE-H01","VALIDITY_REASON","정합성·발생 상태·타당성 판단의 이유와 고쳐야 할 내용을 작성해 주십시오.","UNANSWERED","","","","","미검토",""
"SURVEY-QE-QE-H01-EVIDENCE_BASIS","QE","자격교육처","QE-H01","EVIDENCE_BASIS","판단에 사용한 근거는 무엇입니까?","UNANSWERED","","","","","미검토",""
"SURVEY-QE-QE-H01-ACTUAL_CASE","QE","자격교육처","QE-H01","ACTUAL_CASE","공유 가능한 사례가 있다면 언제·어느 단계·누구에게 어떤 결과나 부담이 발생했는지 작성해 주십시오.","UNANSWERED","","","","","미검토",""
"SURVEY-QE-QE-H01-COUNTER_EVIDENCE","QE","자격교육처","QE-H01","COUNTER_EVIDENCE","문제 없이 완료했거나 제시한 설명과 다른 사례, 다른 원인이 있습니까?","UNANSWERED","","","","","미검토",""
"SURVEY-QE-QE-H01-EXISTING_RESPONSE","QE","자격교육처","QE-H01","EXISTING_RESPONSE","현재 시스템·AI·서식·규칙·협의절차로 해결하는 부분과 남는 문제는 무엇입니까?","UNANSWERED","","","","","미검토",""
"SURVEY-QE-QE-H01-IMPROVEMENT_METHOD","QE","자격교육처","QE-H01","IMPROVEMENT_METHOD","개선이 필요하다면 어떤 방식이 적절하다고 봅니까?","UNANSWERED","","","","","미검토",""
"SURVEY-QE-QE-H01-AI_ADDED_VALUE","QE","자격교육처","QE-H01","AI_ADDED_VALUE","NOA 등 AI를 추가하면 기존 도구·정형 개선으로 달성하기 어려운 어떤 결과를 얻을 수 있습니까?","UNANSWERED","","","","","미검토",""
"SURVEY-QE-QE-H01-FEASIBILITY_CONDITIONS","QE","자격교육처","QE-H01","FEASIBILITY_CONDITIONS","추가 AI 적용을 위해 어떤 자료·연계·권한·전문 검수·운영조건을 확보해야 합니까?","UNANSWERED","","","","","미검토",""
"SURVEY-QE-QE-H01-RISK_AND_CONCERN","QE","자격교육처","QE-H01","RISK_AND_CONCERN","제안 방식이 오판·과다 보완·정보 노출·추가 업무·이용자 배제 등을 일으킬 조건은 무엇입니까?","UNANSWERED","","","","","미검토",""
"SURVEY-QE-QE-H01-EFFECT_AND_MEASUREMENT","QE","자격교육처","QE-H01","EFFECT_AND_MEASUREMENT","제시한 효과 지표가 적절합니까? 실제 기록으로 확인할 결과와 측정하기 어려운 부분을 작성해 주십시오.","UNANSWERED","","","","","미검토",""
"SURVEY-QE-QE-H01-ALTERNATIVE_PROPOSAL","QE","자격교육처","QE-H01","ALTERNATIVE_PROPOSAL","제안된 CCK 적용 방법을 수정·축소·제외하거나 다른 방법으로 해결할 의견이 있습니까?","UNANSWERED","","","","","미검토",""
"SURVEY-QE-QE-H01-PRIORITY_REASON","QE","자격교육처","QE-H01","PRIORITY_REASON","이 문제를 다른 업무와 비교하여 왜 먼저 검토하거나 뒤로 미루어야 합니까?","UNANSWERED","","","","","미검토",""
"SURVEY-QE-COMMON-OTHER_WORK_DIFFICULTY","QE","자격교육처","COMMON","OTHER_WORK_DIFFICULTY","제시된 병목 외에 업무처리나 정확한 판단을 어렵게 만드는 지점은 무엇입니까?","UNANSWERED","","","","","미검토",""
"SURVEY-QE-COMMON-PUBLIC_SERVICE_ISSUE","QE","자격교육처","COMMON","PUBLIC_SERVICE_ISSUE","국민·기업이 안전·검사·자격·교통 서비스를 이용할 때 추가로 겪는 불편이나 권익 문제는 무엇입니까?","UNANSWERED","","","","","미검토",""
"SURVEY-QE-COMMON-NEW_PROBLEM","QE","자격교육처","COMMON","NEW_PROBLEM","이번 조사에서 빠진 문제나 다른 원인 설명이 있다면 작성해 주십시오.","UNANSWERED","","","","","미검토",""
"SURVEY-QE-COMMON-AX_EXPANSION_OPINION","QE","자격교육처","COMMON","AX_EXPANSION_OPINION","현재 플랫폼을 확대한다면 어떤 업무의 어떤 결과를 우선 개선해야 합니까?","UNANSWERED","","","","","미검토",""
"SURVEY-QE-COMMON-EXPANSION_LIMIT","QE","자격교육처","COMMON","EXPANSION_LIMIT","별도 전문시스템이나 권한자의 판단에 남겨야 할 범위와 확대 제약은 무엇입니까?","UNANSWERED","","","","","미검토",""
"SURVEY-CL-COMMON-ROLE","CL","기후탄소물류처","COMMON","ROLE","이번 의견을 작성하는 업무 역할은 무엇입니까?","UNANSWERED","","","","","미검토",""
"SURVEY-CL-COMMON-POSITION","CL","기후탄소물류처","COMMON","POSITION","이 응답은 어떤 범위의 의견입니까?","UNANSWERED","","","","","미검토",""
"SURVEY-CL-COMMON-CURRENT_USE","CL","기후탄소물류처","COMMON","CURRENT_USE","현재 NOA 또는 AI 공통플랫폼을 어떤 업무에 사용하거나 확인하고 있습니까? 사용하지 않거나 기능을 모르는 경우도 작성해 주십시오.","UNANSWERED","","","","","미검토",""
"SURVEY-CL-CL-01-SCOPE_MATCH","CL","기후탄소물류처","CL-01","SCOPE_MATCH","제시한 업무·대상·처리단계가 귀 처의 실제 담당 범위와 일치합니까?","UNANSWERED","","","","","미검토",""
"SURVEY-CL-CL-01-CURRENT_STATE","CL","기후탄소물류처","CL-01","CURRENT_STATE","제시한 병목이 현재 발생하는지 어떤 상태로 확인하고 있습니까?","UNANSWERED","","","","","미검토",""
"SURVEY-CL-CL-01-BOTTLENECK_VALIDITY","CL","기후탄소물류처","CL-01","BOTTLENECK_VALIDITY","제시한 병목 설명과 원인 가설이 실제 상황을 설명하는 데 타당합니까?","UNANSWERED","","","","","미검토",""
"SURVEY-CL-CL-01-VALIDITY_REASON","CL","기후탄소물류처","CL-01","VALIDITY_REASON","정합성·발생 상태·타당성 판단의 이유와 고쳐야 할 내용을 작성해 주십시오.","UNANSWERED","","","","","미검토",""
"SURVEY-CL-CL-01-EVIDENCE_BASIS","CL","기후탄소물류처","CL-01","EVIDENCE_BASIS","판단에 사용한 근거는 무엇입니까?","UNANSWERED","","","","","미검토",""
"SURVEY-CL-CL-01-ACTUAL_CASE","CL","기후탄소물류처","CL-01","ACTUAL_CASE","공유 가능한 사례가 있다면 언제·어느 단계·누구에게 어떤 결과나 부담이 발생했는지 작성해 주십시오.","UNANSWERED","","","","","미검토",""
"SURVEY-CL-CL-01-COUNTER_EVIDENCE","CL","기후탄소물류처","CL-01","COUNTER_EVIDENCE","문제 없이 완료했거나 제시한 설명과 다른 사례, 다른 원인이 있습니까?","UNANSWERED","","","","","미검토",""
"SURVEY-CL-CL-01-EXISTING_RESPONSE","CL","기후탄소물류처","CL-01","EXISTING_RESPONSE","현재 시스템·AI·서식·규칙·협의절차로 해결하는 부분과 남는 문제는 무엇입니까?","UNANSWERED","","","","","미검토",""
"SURVEY-CL-CL-01-IMPROVEMENT_METHOD","CL","기후탄소물류처","CL-01","IMPROVEMENT_METHOD","개선이 필요하다면 어떤 방식이 적절하다고 봅니까?","UNANSWERED","","","","","미검토",""
"SURVEY-CL-CL-01-AI_ADDED_VALUE","CL","기후탄소물류처","CL-01","AI_ADDED_VALUE","NOA 등 AI를 추가하면 기존 도구·정형 개선으로 달성하기 어려운 어떤 결과를 얻을 수 있습니까?","UNANSWERED","","","","","미검토",""
"SURVEY-CL-CL-01-FEASIBILITY_CONDITIONS","CL","기후탄소물류처","CL-01","FEASIBILITY_CONDITIONS","추가 AI 적용을 위해 어떤 자료·연계·권한·전문 검수·운영조건을 확보해야 합니까?","UNANSWERED","","","","","미검토",""
"SURVEY-CL-CL-01-RISK_AND_CONCERN","CL","기후탄소물류처","CL-01","RISK_AND_CONCERN","제안 방식이 오판·과다 보완·정보 노출·추가 업무·이용자 배제 등을 일으킬 조건은 무엇입니까?","UNANSWERED","","","","","미검토",""
"SURVEY-CL-CL-01-EFFECT_AND_MEASUREMENT","CL","기후탄소물류처","CL-01","EFFECT_AND_MEASUREMENT","제시한 효과 지표가 적절합니까? 실제 기록으로 확인할 결과와 측정하기 어려운 부분을 작성해 주십시오.","UNANSWERED","","","","","미검토",""
"SURVEY-CL-CL-01-ALTERNATIVE_PROPOSAL","CL","기후탄소물류처","CL-01","ALTERNATIVE_PROPOSAL","제안된 CCK 적용 방법을 수정·축소·제외하거나 다른 방법으로 해결할 의견이 있습니까?","UNANSWERED","","","","","미검토",""
"SURVEY-CL-CL-01-PRIORITY_REASON","CL","기후탄소물류처","CL-01","PRIORITY_REASON","이 문제를 다른 업무와 비교하여 왜 먼저 검토하거나 뒤로 미루어야 합니까?","UNANSWERED","","","","","미검토",""
"SURVEY-CL-COMMON-OTHER_WORK_DIFFICULTY","CL","기후탄소물류처","COMMON","OTHER_WORK_DIFFICULTY","제시된 병목 외에 업무처리나 정확한 판단을 어렵게 만드는 지점은 무엇입니까?","UNANSWERED","","","","","미검토",""
"SURVEY-CL-COMMON-PUBLIC_SERVICE_ISSUE","CL","기후탄소물류처","COMMON","PUBLIC_SERVICE_ISSUE","국민·기업이 안전·검사·자격·교통 서비스를 이용할 때 추가로 겪는 불편이나 권익 문제는 무엇입니까?","UNANSWERED","","","","","미검토",""
"SURVEY-CL-COMMON-NEW_PROBLEM","CL","기후탄소물류처","COMMON","NEW_PROBLEM","이번 조사에서 빠진 문제나 다른 원인 설명이 있다면 작성해 주십시오.","UNANSWERED","","","","","미검토",""
"SURVEY-CL-COMMON-AX_EXPANSION_OPINION","CL","기후탄소물류처","COMMON","AX_EXPANSION_OPINION","현재 플랫폼을 확대한다면 어떤 업무의 어떤 결과를 우선 개선해야 합니까?","UNANSWERED","","","","","미검토",""
"SURVEY-CL-COMMON-EXPANSION_LIMIT","CL","기후탄소물류처","COMMON","EXPANSION_LIMIT","별도 전문시스템이나 권한자의 판단에 남겨야 할 범위와 확대 제약은 무엇입니까?","UNANSWERED","","","","","미검토",""
"SURVEY-PS-COMMON-ROLE","PS","정책지원처","COMMON","ROLE","이번 의견을 작성하는 업무 역할은 무엇입니까?","UNANSWERED","","","","","미검토",""
"SURVEY-PS-COMMON-POSITION","PS","정책지원처","COMMON","POSITION","이 응답은 어떤 범위의 의견입니까?","UNANSWERED","","","","","미검토",""
"SURVEY-PS-COMMON-CURRENT_USE","PS","정책지원처","COMMON","CURRENT_USE","현재 NOA 또는 AI 공통플랫폼을 어떤 업무에 사용하거나 확인하고 있습니까? 사용하지 않거나 기능을 모르는 경우도 작성해 주십시오.","UNANSWERED","","","","","미검토",""
"SURVEY-PS-PS-01-SCOPE_MATCH","PS","정책지원처","PS-01","SCOPE_MATCH","제시한 업무·대상·처리단계가 귀 처의 실제 담당 범위와 일치합니까?","UNANSWERED","","","","","미검토",""
"SURVEY-PS-PS-01-CURRENT_STATE","PS","정책지원처","PS-01","CURRENT_STATE","제시한 병목이 현재 발생하는지 어떤 상태로 확인하고 있습니까?","UNANSWERED","","","","","미검토",""
"SURVEY-PS-PS-01-BOTTLENECK_VALIDITY","PS","정책지원처","PS-01","BOTTLENECK_VALIDITY","제시한 병목 설명과 원인 가설이 실제 상황을 설명하는 데 타당합니까?","UNANSWERED","","","","","미검토",""
"SURVEY-PS-PS-01-VALIDITY_REASON","PS","정책지원처","PS-01","VALIDITY_REASON","정합성·발생 상태·타당성 판단의 이유와 고쳐야 할 내용을 작성해 주십시오.","UNANSWERED","","","","","미검토",""
"SURVEY-PS-PS-01-EVIDENCE_BASIS","PS","정책지원처","PS-01","EVIDENCE_BASIS","판단에 사용한 근거는 무엇입니까?","UNANSWERED","","","","","미검토",""
"SURVEY-PS-PS-01-ACTUAL_CASE","PS","정책지원처","PS-01","ACTUAL_CASE","공유 가능한 사례가 있다면 언제·어느 단계·누구에게 어떤 결과나 부담이 발생했는지 작성해 주십시오.","UNANSWERED","","","","","미검토",""
"SURVEY-PS-PS-01-COUNTER_EVIDENCE","PS","정책지원처","PS-01","COUNTER_EVIDENCE","문제 없이 완료했거나 제시한 설명과 다른 사례, 다른 원인이 있습니까?","UNANSWERED","","","","","미검토",""
"SURVEY-PS-PS-01-EXISTING_RESPONSE","PS","정책지원처","PS-01","EXISTING_RESPONSE","현재 시스템·AI·서식·규칙·협의절차로 해결하는 부분과 남는 문제는 무엇입니까?","UNANSWERED","","","","","미검토",""
"SURVEY-PS-PS-01-IMPROVEMENT_METHOD","PS","정책지원처","PS-01","IMPROVEMENT_METHOD","개선이 필요하다면 어떤 방식이 적절하다고 봅니까?","UNANSWERED","","","","","미검토",""
"SURVEY-PS-PS-01-AI_ADDED_VALUE","PS","정책지원처","PS-01","AI_ADDED_VALUE","NOA 등 AI를 추가하면 기존 도구·정형 개선으로 달성하기 어려운 어떤 결과를 얻을 수 있습니까?","UNANSWERED","","","","","미검토",""
"SURVEY-PS-PS-01-FEASIBILITY_CONDITIONS","PS","정책지원처","PS-01","FEASIBILITY_CONDITIONS","추가 AI 적용을 위해 어떤 자료·연계·권한·전문 검수·운영조건을 확보해야 합니까?","UNANSWERED","","","","","미검토",""
"SURVEY-PS-PS-01-RISK_AND_CONCERN","PS","정책지원처","PS-01","RISK_AND_CONCERN","제안 방식이 오판·과다 보완·정보 노출·추가 업무·이용자 배제 등을 일으킬 조건은 무엇입니까?","UNANSWERED","","","","","미검토",""
"SURVEY-PS-PS-01-EFFECT_AND_MEASUREMENT","PS","정책지원처","PS-01","EFFECT_AND_MEASUREMENT","제시한 효과 지표가 적절합니까? 실제 기록으로 확인할 결과와 측정하기 어려운 부분을 작성해 주십시오.","UNANSWERED","","","","","미검토",""
"SURVEY-PS-PS-01-ALTERNATIVE_PROPOSAL","PS","정책지원처","PS-01","ALTERNATIVE_PROPOSAL","제안된 CCK 적용 방법을 수정·축소·제외하거나 다른 방법으로 해결할 의견이 있습니까?","UNANSWERED","","","","","미검토",""
"SURVEY-PS-PS-01-PRIORITY_REASON","PS","정책지원처","PS-01","PRIORITY_REASON","이 문제를 다른 업무와 비교하여 왜 먼저 검토하거나 뒤로 미루어야 합니까?","UNANSWERED","","","","","미검토",""
"SURVEY-PS-COMMON-OTHER_WORK_DIFFICULTY","PS","정책지원처","COMMON","OTHER_WORK_DIFFICULTY","제시된 병목 외에 업무처리나 정확한 판단을 어렵게 만드는 지점은 무엇입니까?","UNANSWERED","","","","","미검토",""
"SURVEY-PS-COMMON-PUBLIC_SERVICE_ISSUE","PS","정책지원처","COMMON","PUBLIC_SERVICE_ISSUE","국민·기업이 안전·검사·자격·교통 서비스를 이용할 때 추가로 겪는 불편이나 권익 문제는 무엇입니까?","UNANSWERED","","","","","미검토",""
"SURVEY-PS-COMMON-NEW_PROBLEM","PS","정책지원처","COMMON","NEW_PROBLEM","이번 조사에서 빠진 문제나 다른 원인 설명이 있다면 작성해 주십시오.","UNANSWERED","","","","","미검토",""
"SURVEY-PS-COMMON-AX_EXPANSION_OPINION","PS","정책지원처","COMMON","AX_EXPANSION_OPINION","현재 플랫폼을 확대한다면 어떤 업무의 어떤 결과를 우선 개선해야 합니까?","UNANSWERED","","","","","미검토",""
"SURVEY-PS-COMMON-EXPANSION_LIMIT","PS","정책지원처","COMMON","EXPANSION_LIMIT","별도 전문시스템이나 권한자의 판단에 남겨야 할 범위와 확대 제약은 무엇입니까?","UNANSWERED","","","","","미검토",""
"SURVEY-RI-COMMON-ROLE","RI","규제혁신처","COMMON","ROLE","이번 의견을 작성하는 업무 역할은 무엇입니까?","UNANSWERED","","","","","미검토",""
"SURVEY-RI-COMMON-POSITION","RI","규제혁신처","COMMON","POSITION","이 응답은 어떤 범위의 의견입니까?","UNANSWERED","","","","","미검토",""
"SURVEY-RI-COMMON-CURRENT_USE","RI","규제혁신처","COMMON","CURRENT_USE","현재 NOA 또는 AI 공통플랫폼을 어떤 업무에 사용하거나 확인하고 있습니까? 사용하지 않거나 기능을 모르는 경우도 작성해 주십시오.","UNANSWERED","","","","","미검토",""
"SURVEY-RI-RI-01-SCOPE_MATCH","RI","규제혁신처","RI-01","SCOPE_MATCH","제시한 업무·대상·처리단계가 귀 처의 실제 담당 범위와 일치합니까?","UNANSWERED","","","","","미검토",""
"SURVEY-RI-RI-01-CURRENT_STATE","RI","규제혁신처","RI-01","CURRENT_STATE","제시한 병목이 현재 발생하는지 어떤 상태로 확인하고 있습니까?","UNANSWERED","","","","","미검토",""
"SURVEY-RI-RI-01-BOTTLENECK_VALIDITY","RI","규제혁신처","RI-01","BOTTLENECK_VALIDITY","제시한 병목 설명과 원인 가설이 실제 상황을 설명하는 데 타당합니까?","UNANSWERED","","","","","미검토",""
"SURVEY-RI-RI-01-VALIDITY_REASON","RI","규제혁신처","RI-01","VALIDITY_REASON","정합성·발생 상태·타당성 판단의 이유와 고쳐야 할 내용을 작성해 주십시오.","UNANSWERED","","","","","미검토",""
"SURVEY-RI-RI-01-EVIDENCE_BASIS","RI","규제혁신처","RI-01","EVIDENCE_BASIS","판단에 사용한 근거는 무엇입니까?","UNANSWERED","","","","","미검토",""
"SURVEY-RI-RI-01-ACTUAL_CASE","RI","규제혁신처","RI-01","ACTUAL_CASE","공유 가능한 사례가 있다면 언제·어느 단계·누구에게 어떤 결과나 부담이 발생했는지 작성해 주십시오.","UNANSWERED","","","","","미검토",""
"SURVEY-RI-RI-01-COUNTER_EVIDENCE","RI","규제혁신처","RI-01","COUNTER_EVIDENCE","문제 없이 완료했거나 제시한 설명과 다른 사례, 다른 원인이 있습니까?","UNANSWERED","","","","","미검토",""
"SURVEY-RI-RI-01-EXISTING_RESPONSE","RI","규제혁신처","RI-01","EXISTING_RESPONSE","현재 시스템·AI·서식·규칙·협의절차로 해결하는 부분과 남는 문제는 무엇입니까?","UNANSWERED","","","","","미검토",""
"SURVEY-RI-RI-01-IMPROVEMENT_METHOD","RI","규제혁신처","RI-01","IMPROVEMENT_METHOD","개선이 필요하다면 어떤 방식이 적절하다고 봅니까?","UNANSWERED","","","","","미검토",""
"SURVEY-RI-RI-01-AI_ADDED_VALUE","RI","규제혁신처","RI-01","AI_ADDED_VALUE","NOA 등 AI를 추가하면 기존 도구·정형 개선으로 달성하기 어려운 어떤 결과를 얻을 수 있습니까?","UNANSWERED","","","","","미검토",""
"SURVEY-RI-RI-01-FEASIBILITY_CONDITIONS","RI","규제혁신처","RI-01","FEASIBILITY_CONDITIONS","추가 AI 적용을 위해 어떤 자료·연계·권한·전문 검수·운영조건을 확보해야 합니까?","UNANSWERED","","","","","미검토",""
"SURVEY-RI-RI-01-RISK_AND_CONCERN","RI","규제혁신처","RI-01","RISK_AND_CONCERN","제안 방식이 오판·과다 보완·정보 노출·추가 업무·이용자 배제 등을 일으킬 조건은 무엇입니까?","UNANSWERED","","","","","미검토",""
"SURVEY-RI-RI-01-EFFECT_AND_MEASUREMENT","RI","규제혁신처","RI-01","EFFECT_AND_MEASUREMENT","제시한 효과 지표가 적절합니까? 실제 기록으로 확인할 결과와 측정하기 어려운 부분을 작성해 주십시오.","UNANSWERED","","","","","미검토",""
"SURVEY-RI-RI-01-ALTERNATIVE_PROPOSAL","RI","규제혁신처","RI-01","ALTERNATIVE_PROPOSAL","제안된 CCK 적용 방법을 수정·축소·제외하거나 다른 방법으로 해결할 의견이 있습니까?","UNANSWERED","","","","","미검토",""
"SURVEY-RI-RI-01-PRIORITY_REASON","RI","규제혁신처","RI-01","PRIORITY_REASON","이 문제를 다른 업무와 비교하여 왜 먼저 검토하거나 뒤로 미루어야 합니까?","UNANSWERED","","","","","미검토",""
"SURVEY-RI-COMMON-OTHER_WORK_DIFFICULTY","RI","규제혁신처","COMMON","OTHER_WORK_DIFFICULTY","제시된 병목 외에 업무처리나 정확한 판단을 어렵게 만드는 지점은 무엇입니까?","UNANSWERED","","","","","미검토",""
"SURVEY-RI-COMMON-PUBLIC_SERVICE_ISSUE","RI","규제혁신처","COMMON","PUBLIC_SERVICE_ISSUE","국민·기업이 안전·검사·자격·교통 서비스를 이용할 때 추가로 겪는 불편이나 권익 문제는 무엇입니까?","UNANSWERED","","","","","미검토",""
"SURVEY-RI-COMMON-NEW_PROBLEM","RI","규제혁신처","COMMON","NEW_PROBLEM","이번 조사에서 빠진 문제나 다른 원인 설명이 있다면 작성해 주십시오.","UNANSWERED","","","","","미검토",""
"SURVEY-RI-COMMON-AX_EXPANSION_OPINION","RI","규제혁신처","COMMON","AX_EXPANSION_OPINION","현재 플랫폼을 확대한다면 어떤 업무의 어떤 결과를 우선 개선해야 합니까?","UNANSWERED","","","","","미검토",""
"SURVEY-RI-COMMON-EXPANSION_LIMIT","RI","규제혁신처","COMMON","EXPANSION_LIMIT","별도 전문시스템이나 권한자의 판단에 남겨야 할 범위와 확대 제약은 무엇입니까?","UNANSWERED","","","","","미검토",""
"SURVEY-DV-COMMON-ROLE","DV","실증사업처","COMMON","ROLE","이번 의견을 작성하는 업무 역할은 무엇입니까?","UNANSWERED","","","","","미검토",""
"SURVEY-DV-COMMON-POSITION","DV","실증사업처","COMMON","POSITION","이 응답은 어떤 범위의 의견입니까?","UNANSWERED","","","","","미검토",""
"SURVEY-DV-COMMON-CURRENT_USE","DV","실증사업처","COMMON","CURRENT_USE","현재 NOA 또는 AI 공통플랫폼을 어떤 업무에 사용하거나 확인하고 있습니까? 사용하지 않거나 기능을 모르는 경우도 작성해 주십시오.","UNANSWERED","","","","","미검토",""
"SURVEY-DV-DV-01-SCOPE_MATCH","DV","실증사업처","DV-01","SCOPE_MATCH","제시한 업무·대상·처리단계가 귀 처의 실제 담당 범위와 일치합니까?","UNANSWERED","","","","","미검토",""
"SURVEY-DV-DV-01-CURRENT_STATE","DV","실증사업처","DV-01","CURRENT_STATE","제시한 병목이 현재 발생하는지 어떤 상태로 확인하고 있습니까?","UNANSWERED","","","","","미검토",""
"SURVEY-DV-DV-01-BOTTLENECK_VALIDITY","DV","실증사업처","DV-01","BOTTLENECK_VALIDITY","제시한 병목 설명과 원인 가설이 실제 상황을 설명하는 데 타당합니까?","UNANSWERED","","","","","미검토",""
"SURVEY-DV-DV-01-VALIDITY_REASON","DV","실증사업처","DV-01","VALIDITY_REASON","정합성·발생 상태·타당성 판단의 이유와 고쳐야 할 내용을 작성해 주십시오.","UNANSWERED","","","","","미검토",""
"SURVEY-DV-DV-01-EVIDENCE_BASIS","DV","실증사업처","DV-01","EVIDENCE_BASIS","판단에 사용한 근거는 무엇입니까?","UNANSWERED","","","","","미검토",""
"SURVEY-DV-DV-01-ACTUAL_CASE","DV","실증사업처","DV-01","ACTUAL_CASE","공유 가능한 사례가 있다면 언제·어느 단계·누구에게 어떤 결과나 부담이 발생했는지 작성해 주십시오.","UNANSWERED","","","","","미검토",""
"SURVEY-DV-DV-01-COUNTER_EVIDENCE","DV","실증사업처","DV-01","COUNTER_EVIDENCE","문제 없이 완료했거나 제시한 설명과 다른 사례, 다른 원인이 있습니까?","UNANSWERED","","","","","미검토",""
"SURVEY-DV-DV-01-EXISTING_RESPONSE","DV","실증사업처","DV-01","EXISTING_RESPONSE","현재 시스템·AI·서식·규칙·협의절차로 해결하는 부분과 남는 문제는 무엇입니까?","UNANSWERED","","","","","미검토",""
"SURVEY-DV-DV-01-IMPROVEMENT_METHOD","DV","실증사업처","DV-01","IMPROVEMENT_METHOD","개선이 필요하다면 어떤 방식이 적절하다고 봅니까?","UNANSWERED","","","","","미검토",""
"SURVEY-DV-DV-01-AI_ADDED_VALUE","DV","실증사업처","DV-01","AI_ADDED_VALUE","NOA 등 AI를 추가하면 기존 도구·정형 개선으로 달성하기 어려운 어떤 결과를 얻을 수 있습니까?","UNANSWERED","","","","","미검토",""
"SURVEY-DV-DV-01-FEASIBILITY_CONDITIONS","DV","실증사업처","DV-01","FEASIBILITY_CONDITIONS","추가 AI 적용을 위해 어떤 자료·연계·권한·전문 검수·운영조건을 확보해야 합니까?","UNANSWERED","","","","","미검토",""
"SURVEY-DV-DV-01-RISK_AND_CONCERN","DV","실증사업처","DV-01","RISK_AND_CONCERN","제안 방식이 오판·과다 보완·정보 노출·추가 업무·이용자 배제 등을 일으킬 조건은 무엇입니까?","UNANSWERED","","","","","미검토",""
"SURVEY-DV-DV-01-EFFECT_AND_MEASUREMENT","DV","실증사업처","DV-01","EFFECT_AND_MEASUREMENT","제시한 효과 지표가 적절합니까? 실제 기록으로 확인할 결과와 측정하기 어려운 부분을 작성해 주십시오.","UNANSWERED","","","","","미검토",""
"SURVEY-DV-DV-01-ALTERNATIVE_PROPOSAL","DV","실증사업처","DV-01","ALTERNATIVE_PROPOSAL","제안된 CCK 적용 방법을 수정·축소·제외하거나 다른 방법으로 해결할 의견이 있습니까?","UNANSWERED","","","","","미검토",""
"SURVEY-DV-DV-01-PRIORITY_REASON","DV","실증사업처","DV-01","PRIORITY_REASON","이 문제를 다른 업무와 비교하여 왜 먼저 검토하거나 뒤로 미루어야 합니까?","UNANSWERED","","","","","미검토",""
"SURVEY-DV-COMMON-OTHER_WORK_DIFFICULTY","DV","실증사업처","COMMON","OTHER_WORK_DIFFICULTY","제시된 병목 외에 업무처리나 정확한 판단을 어렵게 만드는 지점은 무엇입니까?","UNANSWERED","","","","","미검토",""
"SURVEY-DV-COMMON-PUBLIC_SERVICE_ISSUE","DV","실증사업처","COMMON","PUBLIC_SERVICE_ISSUE","국민·기업이 안전·검사·자격·교통 서비스를 이용할 때 추가로 겪는 불편이나 권익 문제는 무엇입니까?","UNANSWERED","","","","","미검토",""
"SURVEY-DV-COMMON-NEW_PROBLEM","DV","실증사업처","COMMON","NEW_PROBLEM","이번 조사에서 빠진 문제나 다른 원인 설명이 있다면 작성해 주십시오.","UNANSWERED","","","","","미검토",""
"SURVEY-DV-COMMON-AX_EXPANSION_OPINION","DV","실증사업처","COMMON","AX_EXPANSION_OPINION","현재 플랫폼을 확대한다면 어떤 업무의 어떤 결과를 우선 개선해야 합니까?","UNANSWERED","","","","","미검토",""
"SURVEY-DV-COMMON-EXPANSION_LIMIT","DV","실증사업처","COMMON","EXPANSION_LIMIT","별도 전문시스템이나 권한자의 판단에 남겨야 할 범위와 확대 제약은 무엇입니까?","UNANSWERED","","","","","미검토",""
"SURVEY-IP-COMMON-ROLE","IP","검사기획처","COMMON","ROLE","이번 의견을 작성하는 업무 역할은 무엇입니까?","UNANSWERED","","","","","미검토",""
"SURVEY-IP-COMMON-POSITION","IP","검사기획처","COMMON","POSITION","이 응답은 어떤 범위의 의견입니까?","UNANSWERED","","","","","미검토",""
"SURVEY-IP-COMMON-CURRENT_USE","IP","검사기획처","COMMON","CURRENT_USE","현재 NOA 또는 AI 공통플랫폼을 어떤 업무에 사용하거나 확인하고 있습니까? 사용하지 않거나 기능을 모르는 경우도 작성해 주십시오.","UNANSWERED","","","","","미검토",""
"SURVEY-IP-IP-01-SCOPE_MATCH","IP","검사기획처","IP-01","SCOPE_MATCH","제시한 업무·대상·처리단계가 귀 처의 실제 담당 범위와 일치합니까?","UNANSWERED","","","","","미검토",""
"SURVEY-IP-IP-01-CURRENT_STATE","IP","검사기획처","IP-01","CURRENT_STATE","제시한 병목이 현재 발생하는지 어떤 상태로 확인하고 있습니까?","UNANSWERED","","","","","미검토",""
"SURVEY-IP-IP-01-BOTTLENECK_VALIDITY","IP","검사기획처","IP-01","BOTTLENECK_VALIDITY","제시한 병목 설명과 원인 가설이 실제 상황을 설명하는 데 타당합니까?","UNANSWERED","","","","","미검토",""
"SURVEY-IP-IP-01-VALIDITY_REASON","IP","검사기획처","IP-01","VALIDITY_REASON","정합성·발생 상태·타당성 판단의 이유와 고쳐야 할 내용을 작성해 주십시오.","UNANSWERED","","","","","미검토",""
"SURVEY-IP-IP-01-EVIDENCE_BASIS","IP","검사기획처","IP-01","EVIDENCE_BASIS","판단에 사용한 근거는 무엇입니까?","UNANSWERED","","","","","미검토",""
"SURVEY-IP-IP-01-ACTUAL_CASE","IP","검사기획처","IP-01","ACTUAL_CASE","공유 가능한 사례가 있다면 언제·어느 단계·누구에게 어떤 결과나 부담이 발생했는지 작성해 주십시오.","UNANSWERED","","","","","미검토",""
"SURVEY-IP-IP-01-COUNTER_EVIDENCE","IP","검사기획처","IP-01","COUNTER_EVIDENCE","문제 없이 완료했거나 제시한 설명과 다른 사례, 다른 원인이 있습니까?","UNANSWERED","","","","","미검토",""
"SURVEY-IP-IP-01-EXISTING_RESPONSE","IP","검사기획처","IP-01","EXISTING_RESPONSE","현재 시스템·AI·서식·규칙·협의절차로 해결하는 부분과 남는 문제는 무엇입니까?","UNANSWERED","","","","","미검토",""
"SURVEY-IP-IP-01-IMPROVEMENT_METHOD","IP","검사기획처","IP-01","IMPROVEMENT_METHOD","개선이 필요하다면 어떤 방식이 적절하다고 봅니까?","UNANSWERED","","","","","미검토",""
"SURVEY-IP-IP-01-AI_ADDED_VALUE","IP","검사기획처","IP-01","AI_ADDED_VALUE","NOA 등 AI를 추가하면 기존 도구·정형 개선으로 달성하기 어려운 어떤 결과를 얻을 수 있습니까?","UNANSWERED","","","","","미검토",""
"SURVEY-IP-IP-01-FEASIBILITY_CONDITIONS","IP","검사기획처","IP-01","FEASIBILITY_CONDITIONS","추가 AI 적용을 위해 어떤 자료·연계·권한·전문 검수·운영조건을 확보해야 합니까?","UNANSWERED","","","","","미검토",""
"SURVEY-IP-IP-01-RISK_AND_CONCERN","IP","검사기획처","IP-01","RISK_AND_CONCERN","제안 방식이 오판·과다 보완·정보 노출·추가 업무·이용자 배제 등을 일으킬 조건은 무엇입니까?","UNANSWERED","","","","","미검토",""
"SURVEY-IP-IP-01-EFFECT_AND_MEASUREMENT","IP","검사기획처","IP-01","EFFECT_AND_MEASUREMENT","제시한 효과 지표가 적절합니까? 실제 기록으로 확인할 결과와 측정하기 어려운 부분을 작성해 주십시오.","UNANSWERED","","","","","미검토",""
"SURVEY-IP-IP-01-ALTERNATIVE_PROPOSAL","IP","검사기획처","IP-01","ALTERNATIVE_PROPOSAL","제안된 CCK 적용 방법을 수정·축소·제외하거나 다른 방법으로 해결할 의견이 있습니까?","UNANSWERED","","","","","미검토",""
"SURVEY-IP-IP-01-PRIORITY_REASON","IP","검사기획처","IP-01","PRIORITY_REASON","이 문제를 다른 업무와 비교하여 왜 먼저 검토하거나 뒤로 미루어야 합니까?","UNANSWERED","","","","","미검토",""
"SURVEY-IP-COMMON-OTHER_WORK_DIFFICULTY","IP","검사기획처","COMMON","OTHER_WORK_DIFFICULTY","제시된 병목 외에 업무처리나 정확한 판단을 어렵게 만드는 지점은 무엇입니까?","UNANSWERED","","","","","미검토",""
"SURVEY-IP-COMMON-PUBLIC_SERVICE_ISSUE","IP","검사기획처","COMMON","PUBLIC_SERVICE_ISSUE","국민·기업이 안전·검사·자격·교통 서비스를 이용할 때 추가로 겪는 불편이나 권익 문제는 무엇입니까?","UNANSWERED","","","","","미검토",""
"SURVEY-IP-COMMON-NEW_PROBLEM","IP","검사기획처","COMMON","NEW_PROBLEM","이번 조사에서 빠진 문제나 다른 원인 설명이 있다면 작성해 주십시오.","UNANSWERED","","","","","미검토",""
"SURVEY-IP-COMMON-AX_EXPANSION_OPINION","IP","검사기획처","COMMON","AX_EXPANSION_OPINION","현재 플랫폼을 확대한다면 어떤 업무의 어떤 결과를 우선 개선해야 합니까?","UNANSWERED","","","","","미검토",""
"SURVEY-IP-COMMON-EXPANSION_LIMIT","IP","검사기획처","COMMON","EXPANSION_LIMIT","별도 전문시스템이나 권한자의 판단에 남겨야 할 범위와 확대 제약은 무엇입니까?","UNANSWERED","","","","","미검토",""
"SURVEY-SI-COMMON-ROLE","SI","특수검사처","COMMON","ROLE","이번 의견을 작성하는 업무 역할은 무엇입니까?","UNANSWERED","","","","","미검토",""
"SURVEY-SI-COMMON-POSITION","SI","특수검사처","COMMON","POSITION","이 응답은 어떤 범위의 의견입니까?","UNANSWERED","","","","","미검토",""
"SURVEY-SI-COMMON-CURRENT_USE","SI","특수검사처","COMMON","CURRENT_USE","현재 NOA 또는 AI 공통플랫폼을 어떤 업무에 사용하거나 확인하고 있습니까? 사용하지 않거나 기능을 모르는 경우도 작성해 주십시오.","UNANSWERED","","","","","미검토",""
"SURVEY-SI-SI-01-SCOPE_MATCH","SI","특수검사처","SI-01","SCOPE_MATCH","제시한 업무·대상·처리단계가 귀 처의 실제 담당 범위와 일치합니까?","UNANSWERED","","","","","미검토",""
"SURVEY-SI-SI-01-CURRENT_STATE","SI","특수검사처","SI-01","CURRENT_STATE","제시한 병목이 현재 발생하는지 어떤 상태로 확인하고 있습니까?","UNANSWERED","","","","","미검토",""
"SURVEY-SI-SI-01-BOTTLENECK_VALIDITY","SI","특수검사처","SI-01","BOTTLENECK_VALIDITY","제시한 병목 설명과 원인 가설이 실제 상황을 설명하는 데 타당합니까?","UNANSWERED","","","","","미검토",""
"SURVEY-SI-SI-01-VALIDITY_REASON","SI","특수검사처","SI-01","VALIDITY_REASON","정합성·발생 상태·타당성 판단의 이유와 고쳐야 할 내용을 작성해 주십시오.","UNANSWERED","","","","","미검토",""
"SURVEY-SI-SI-01-EVIDENCE_BASIS","SI","특수검사처","SI-01","EVIDENCE_BASIS","판단에 사용한 근거는 무엇입니까?","UNANSWERED","","","","","미검토",""
"SURVEY-SI-SI-01-ACTUAL_CASE","SI","특수검사처","SI-01","ACTUAL_CASE","공유 가능한 사례가 있다면 언제·어느 단계·누구에게 어떤 결과나 부담이 발생했는지 작성해 주십시오.","UNANSWERED","","","","","미검토",""
"SURVEY-SI-SI-01-COUNTER_EVIDENCE","SI","특수검사처","SI-01","COUNTER_EVIDENCE","문제 없이 완료했거나 제시한 설명과 다른 사례, 다른 원인이 있습니까?","UNANSWERED","","","","","미검토",""
"SURVEY-SI-SI-01-EXISTING_RESPONSE","SI","특수검사처","SI-01","EXISTING_RESPONSE","현재 시스템·AI·서식·규칙·협의절차로 해결하는 부분과 남는 문제는 무엇입니까?","UNANSWERED","","","","","미검토",""
"SURVEY-SI-SI-01-IMPROVEMENT_METHOD","SI","특수검사처","SI-01","IMPROVEMENT_METHOD","개선이 필요하다면 어떤 방식이 적절하다고 봅니까?","UNANSWERED","","","","","미검토",""
"SURVEY-SI-SI-01-AI_ADDED_VALUE","SI","특수검사처","SI-01","AI_ADDED_VALUE","NOA 등 AI를 추가하면 기존 도구·정형 개선으로 달성하기 어려운 어떤 결과를 얻을 수 있습니까?","UNANSWERED","","","","","미검토",""
"SURVEY-SI-SI-01-FEASIBILITY_CONDITIONS","SI","특수검사처","SI-01","FEASIBILITY_CONDITIONS","추가 AI 적용을 위해 어떤 자료·연계·권한·전문 검수·운영조건을 확보해야 합니까?","UNANSWERED","","","","","미검토",""
"SURVEY-SI-SI-01-RISK_AND_CONCERN","SI","특수검사처","SI-01","RISK_AND_CONCERN","제안 방식이 오판·과다 보완·정보 노출·추가 업무·이용자 배제 등을 일으킬 조건은 무엇입니까?","UNANSWERED","","","","","미검토",""
"SURVEY-SI-SI-01-EFFECT_AND_MEASUREMENT","SI","특수검사처","SI-01","EFFECT_AND_MEASUREMENT","제시한 효과 지표가 적절합니까? 실제 기록으로 확인할 결과와 측정하기 어려운 부분을 작성해 주십시오.","UNANSWERED","","","","","미검토",""
"SURVEY-SI-SI-01-ALTERNATIVE_PROPOSAL","SI","특수검사처","SI-01","ALTERNATIVE_PROPOSAL","제안된 CCK 적용 방법을 수정·축소·제외하거나 다른 방법으로 해결할 의견이 있습니까?","UNANSWERED","","","","","미검토",""
"SURVEY-SI-SI-01-PRIORITY_REASON","SI","특수검사처","SI-01","PRIORITY_REASON","이 문제를 다른 업무와 비교하여 왜 먼저 검토하거나 뒤로 미루어야 합니까?","UNANSWERED","","","","","미검토",""
"SURVEY-SI-COMMON-OTHER_WORK_DIFFICULTY","SI","특수검사처","COMMON","OTHER_WORK_DIFFICULTY","제시된 병목 외에 업무처리나 정확한 판단을 어렵게 만드는 지점은 무엇입니까?","UNANSWERED","","","","","미검토",""
"SURVEY-SI-COMMON-PUBLIC_SERVICE_ISSUE","SI","특수검사처","COMMON","PUBLIC_SERVICE_ISSUE","국민·기업이 안전·검사·자격·교통 서비스를 이용할 때 추가로 겪는 불편이나 권익 문제는 무엇입니까?","UNANSWERED","","","","","미검토",""
"SURVEY-SI-COMMON-NEW_PROBLEM","SI","특수검사처","COMMON","NEW_PROBLEM","이번 조사에서 빠진 문제나 다른 원인 설명이 있다면 작성해 주십시오.","UNANSWERED","","","","","미검토",""
"SURVEY-SI-COMMON-AX_EXPANSION_OPINION","SI","특수검사처","COMMON","AX_EXPANSION_OPINION","현재 플랫폼을 확대한다면 어떤 업무의 어떤 결과를 우선 개선해야 합니까?","UNANSWERED","","","","","미검토",""
"SURVEY-SI-COMMON-EXPANSION_LIMIT","SI","특수검사처","COMMON","EXPANSION_LIMIT","별도 전문시스템이나 권한자의 판단에 남겨야 할 범위와 확대 제약은 무엇입니까?","UNANSWERED","","","","","미검토",""
"SURVEY-PK-COMMON-ROLE","PK","주차안전처","COMMON","ROLE","이번 의견을 작성하는 업무 역할은 무엇입니까?","UNANSWERED","","","","","미검토",""
"SURVEY-PK-COMMON-POSITION","PK","주차안전처","COMMON","POSITION","이 응답은 어떤 범위의 의견입니까?","UNANSWERED","","","","","미검토",""
"SURVEY-PK-COMMON-CURRENT_USE","PK","주차안전처","COMMON","CURRENT_USE","현재 NOA 또는 AI 공통플랫폼을 어떤 업무에 사용하거나 확인하고 있습니까? 사용하지 않거나 기능을 모르는 경우도 작성해 주십시오.","UNANSWERED","","","","","미검토",""
"SURVEY-PK-PK-01-SCOPE_MATCH","PK","주차안전처","PK-01","SCOPE_MATCH","제시한 업무·대상·처리단계가 귀 처의 실제 담당 범위와 일치합니까?","UNANSWERED","","","","","미검토",""
"SURVEY-PK-PK-01-CURRENT_STATE","PK","주차안전처","PK-01","CURRENT_STATE","제시한 병목이 현재 발생하는지 어떤 상태로 확인하고 있습니까?","UNANSWERED","","","","","미검토",""
"SURVEY-PK-PK-01-BOTTLENECK_VALIDITY","PK","주차안전처","PK-01","BOTTLENECK_VALIDITY","제시한 병목 설명과 원인 가설이 실제 상황을 설명하는 데 타당합니까?","UNANSWERED","","","","","미검토",""
"SURVEY-PK-PK-01-VALIDITY_REASON","PK","주차안전처","PK-01","VALIDITY_REASON","정합성·발생 상태·타당성 판단의 이유와 고쳐야 할 내용을 작성해 주십시오.","UNANSWERED","","","","","미검토",""
"SURVEY-PK-PK-01-EVIDENCE_BASIS","PK","주차안전처","PK-01","EVIDENCE_BASIS","판단에 사용한 근거는 무엇입니까?","UNANSWERED","","","","","미검토",""
"SURVEY-PK-PK-01-ACTUAL_CASE","PK","주차안전처","PK-01","ACTUAL_CASE","공유 가능한 사례가 있다면 언제·어느 단계·누구에게 어떤 결과나 부담이 발생했는지 작성해 주십시오.","UNANSWERED","","","","","미검토",""
"SURVEY-PK-PK-01-COUNTER_EVIDENCE","PK","주차안전처","PK-01","COUNTER_EVIDENCE","문제 없이 완료했거나 제시한 설명과 다른 사례, 다른 원인이 있습니까?","UNANSWERED","","","","","미검토",""
"SURVEY-PK-PK-01-EXISTING_RESPONSE","PK","주차안전처","PK-01","EXISTING_RESPONSE","현재 시스템·AI·서식·규칙·협의절차로 해결하는 부분과 남는 문제는 무엇입니까?","UNANSWERED","","","","","미검토",""
"SURVEY-PK-PK-01-IMPROVEMENT_METHOD","PK","주차안전처","PK-01","IMPROVEMENT_METHOD","개선이 필요하다면 어떤 방식이 적절하다고 봅니까?","UNANSWERED","","","","","미검토",""
"SURVEY-PK-PK-01-AI_ADDED_VALUE","PK","주차안전처","PK-01","AI_ADDED_VALUE","NOA 등 AI를 추가하면 기존 도구·정형 개선으로 달성하기 어려운 어떤 결과를 얻을 수 있습니까?","UNANSWERED","","","","","미검토",""
"SURVEY-PK-PK-01-FEASIBILITY_CONDITIONS","PK","주차안전처","PK-01","FEASIBILITY_CONDITIONS","추가 AI 적용을 위해 어떤 자료·연계·권한·전문 검수·운영조건을 확보해야 합니까?","UNANSWERED","","","","","미검토",""
"SURVEY-PK-PK-01-RISK_AND_CONCERN","PK","주차안전처","PK-01","RISK_AND_CONCERN","제안 방식이 오판·과다 보완·정보 노출·추가 업무·이용자 배제 등을 일으킬 조건은 무엇입니까?","UNANSWERED","","","","","미검토",""
"SURVEY-PK-PK-01-EFFECT_AND_MEASUREMENT","PK","주차안전처","PK-01","EFFECT_AND_MEASUREMENT","제시한 효과 지표가 적절합니까? 실제 기록으로 확인할 결과와 측정하기 어려운 부분을 작성해 주십시오.","UNANSWERED","","","","","미검토",""
"SURVEY-PK-PK-01-ALTERNATIVE_PROPOSAL","PK","주차안전처","PK-01","ALTERNATIVE_PROPOSAL","제안된 CCK 적용 방법을 수정·축소·제외하거나 다른 방법으로 해결할 의견이 있습니까?","UNANSWERED","","","","","미검토",""
"SURVEY-PK-PK-01-PRIORITY_REASON","PK","주차안전처","PK-01","PRIORITY_REASON","이 문제를 다른 업무와 비교하여 왜 먼저 검토하거나 뒤로 미루어야 합니까?","UNANSWERED","","","","","미검토",""
"SURVEY-PK-COMMON-OTHER_WORK_DIFFICULTY","PK","주차안전처","COMMON","OTHER_WORK_DIFFICULTY","제시된 병목 외에 업무처리나 정확한 판단을 어렵게 만드는 지점은 무엇입니까?","UNANSWERED","","","","","미검토",""
"SURVEY-PK-COMMON-PUBLIC_SERVICE_ISSUE","PK","주차안전처","COMMON","PUBLIC_SERVICE_ISSUE","국민·기업이 안전·검사·자격·교통 서비스를 이용할 때 추가로 겪는 불편이나 권익 문제는 무엇입니까?","UNANSWERED","","","","","미검토",""
"SURVEY-PK-COMMON-NEW_PROBLEM","PK","주차안전처","COMMON","NEW_PROBLEM","이번 조사에서 빠진 문제나 다른 원인 설명이 있다면 작성해 주십시오.","UNANSWERED","","","","","미검토",""
"SURVEY-PK-COMMON-AX_EXPANSION_OPINION","PK","주차안전처","COMMON","AX_EXPANSION_OPINION","현재 플랫폼을 확대한다면 어떤 업무의 어떤 결과를 우선 개선해야 합니까?","UNANSWERED","","","","","미검토",""
"SURVEY-PK-COMMON-EXPANSION_LIMIT","PK","주차안전처","COMMON","EXPANSION_LIMIT","별도 전문시스템이나 권한자의 판단에 남겨야 할 범위와 확대 제약은 무엇입니까?","UNANSWERED","","","","","미검토",""
"SURVEY-AD-COMMON-ROLE","AD","첨단검사전략처","COMMON","ROLE","이번 의견을 작성하는 업무 역할은 무엇입니까?","UNANSWERED","","","","","미검토",""
"SURVEY-AD-COMMON-POSITION","AD","첨단검사전략처","COMMON","POSITION","이 응답은 어떤 범위의 의견입니까?","UNANSWERED","","","","","미검토",""
"SURVEY-AD-COMMON-CURRENT_USE","AD","첨단검사전략처","COMMON","CURRENT_USE","현재 NOA 또는 AI 공통플랫폼을 어떤 업무에 사용하거나 확인하고 있습니까? 사용하지 않거나 기능을 모르는 경우도 작성해 주십시오.","UNANSWERED","","","","","미검토",""
"SURVEY-AD-AD-01-SCOPE_MATCH","AD","첨단검사전략처","AD-01","SCOPE_MATCH","제시한 업무·대상·처리단계가 귀 처의 실제 담당 범위와 일치합니까?","UNANSWERED","","","","","미검토",""
"SURVEY-AD-AD-01-CURRENT_STATE","AD","첨단검사전략처","AD-01","CURRENT_STATE","제시한 병목이 현재 발생하는지 어떤 상태로 확인하고 있습니까?","UNANSWERED","","","","","미검토",""
"SURVEY-AD-AD-01-BOTTLENECK_VALIDITY","AD","첨단검사전략처","AD-01","BOTTLENECK_VALIDITY","제시한 병목 설명과 원인 가설이 실제 상황을 설명하는 데 타당합니까?","UNANSWERED","","","","","미검토",""
"SURVEY-AD-AD-01-VALIDITY_REASON","AD","첨단검사전략처","AD-01","VALIDITY_REASON","정합성·발생 상태·타당성 판단의 이유와 고쳐야 할 내용을 작성해 주십시오.","UNANSWERED","","","","","미검토",""
"SURVEY-AD-AD-01-EVIDENCE_BASIS","AD","첨단검사전략처","AD-01","EVIDENCE_BASIS","판단에 사용한 근거는 무엇입니까?","UNANSWERED","","","","","미검토",""
"SURVEY-AD-AD-01-ACTUAL_CASE","AD","첨단검사전략처","AD-01","ACTUAL_CASE","공유 가능한 사례가 있다면 언제·어느 단계·누구에게 어떤 결과나 부담이 발생했는지 작성해 주십시오.","UNANSWERED","","","","","미검토",""
"SURVEY-AD-AD-01-COUNTER_EVIDENCE","AD","첨단검사전략처","AD-01","COUNTER_EVIDENCE","문제 없이 완료했거나 제시한 설명과 다른 사례, 다른 원인이 있습니까?","UNANSWERED","","","","","미검토",""
"SURVEY-AD-AD-01-EXISTING_RESPONSE","AD","첨단검사전략처","AD-01","EXISTING_RESPONSE","현재 시스템·AI·서식·규칙·협의절차로 해결하는 부분과 남는 문제는 무엇입니까?","UNANSWERED","","","","","미검토",""
"SURVEY-AD-AD-01-IMPROVEMENT_METHOD","AD","첨단검사전략처","AD-01","IMPROVEMENT_METHOD","개선이 필요하다면 어떤 방식이 적절하다고 봅니까?","UNANSWERED","","","","","미검토",""
"SURVEY-AD-AD-01-AI_ADDED_VALUE","AD","첨단검사전략처","AD-01","AI_ADDED_VALUE","NOA 등 AI를 추가하면 기존 도구·정형 개선으로 달성하기 어려운 어떤 결과를 얻을 수 있습니까?","UNANSWERED","","","","","미검토",""
"SURVEY-AD-AD-01-FEASIBILITY_CONDITIONS","AD","첨단검사전략처","AD-01","FEASIBILITY_CONDITIONS","추가 AI 적용을 위해 어떤 자료·연계·권한·전문 검수·운영조건을 확보해야 합니까?","UNANSWERED","","","","","미검토",""
"SURVEY-AD-AD-01-RISK_AND_CONCERN","AD","첨단검사전략처","AD-01","RISK_AND_CONCERN","제안 방식이 오판·과다 보완·정보 노출·추가 업무·이용자 배제 등을 일으킬 조건은 무엇입니까?","UNANSWERED","","","","","미검토",""
"SURVEY-AD-AD-01-EFFECT_AND_MEASUREMENT","AD","첨단검사전략처","AD-01","EFFECT_AND_MEASUREMENT","제시한 효과 지표가 적절합니까? 실제 기록으로 확인할 결과와 측정하기 어려운 부분을 작성해 주십시오.","UNANSWERED","","","","","미검토",""
"SURVEY-AD-AD-01-ALTERNATIVE_PROPOSAL","AD","첨단검사전략처","AD-01","ALTERNATIVE_PROPOSAL","제안된 CCK 적용 방법을 수정·축소·제외하거나 다른 방법으로 해결할 의견이 있습니까?","UNANSWERED","","","","","미검토",""
"SURVEY-AD-AD-01-PRIORITY_REASON","AD","첨단검사전략처","AD-01","PRIORITY_REASON","이 문제를 다른 업무와 비교하여 왜 먼저 검토하거나 뒤로 미루어야 합니까?","UNANSWERED","","","","","미검토",""
"SURVEY-AD-COMMON-OTHER_WORK_DIFFICULTY","AD","첨단검사전략처","COMMON","OTHER_WORK_DIFFICULTY","제시된 병목 외에 업무처리나 정확한 판단을 어렵게 만드는 지점은 무엇입니까?","UNANSWERED","","","","","미검토",""
"SURVEY-AD-COMMON-PUBLIC_SERVICE_ISSUE","AD","첨단검사전략처","COMMON","PUBLIC_SERVICE_ISSUE","국민·기업이 안전·검사·자격·교통 서비스를 이용할 때 추가로 겪는 불편이나 권익 문제는 무엇입니까?","UNANSWERED","","","","","미검토",""
"SURVEY-AD-COMMON-NEW_PROBLEM","AD","첨단검사전략처","COMMON","NEW_PROBLEM","이번 조사에서 빠진 문제나 다른 원인 설명이 있다면 작성해 주십시오.","UNANSWERED","","","","","미검토",""
"SURVEY-AD-COMMON-AX_EXPANSION_OPINION","AD","첨단검사전략처","COMMON","AX_EXPANSION_OPINION","현재 플랫폼을 확대한다면 어떤 업무의 어떤 결과를 우선 개선해야 합니까?","UNANSWERED","","","","","미검토",""
"SURVEY-AD-COMMON-EXPANSION_LIMIT","AD","첨단검사전략처","COMMON","EXPANSION_LIMIT","별도 전문시스템이나 권한자의 판단에 남겨야 할 범위와 확대 제약은 무엇입니까?","UNANSWERED","","","","","미검토",""
"SURVEY-RD-COMMON-ROLE","RD","첨단연구개발처","COMMON","ROLE","이번 의견을 작성하는 업무 역할은 무엇입니까?","UNANSWERED","","","","","미검토",""
"SURVEY-RD-COMMON-POSITION","RD","첨단연구개발처","COMMON","POSITION","이 응답은 어떤 범위의 의견입니까?","UNANSWERED","","","","","미검토",""
"SURVEY-RD-COMMON-CURRENT_USE","RD","첨단연구개발처","COMMON","CURRENT_USE","현재 NOA 또는 AI 공통플랫폼을 어떤 업무에 사용하거나 확인하고 있습니까? 사용하지 않거나 기능을 모르는 경우도 작성해 주십시오.","UNANSWERED","","","","","미검토",""
"SURVEY-RD-RD-01-SCOPE_MATCH","RD","첨단연구개발처","RD-01","SCOPE_MATCH","제시한 업무·대상·처리단계가 귀 처의 실제 담당 범위와 일치합니까?","UNANSWERED","","","","","미검토",""
"SURVEY-RD-RD-01-CURRENT_STATE","RD","첨단연구개발처","RD-01","CURRENT_STATE","제시한 병목이 현재 발생하는지 어떤 상태로 확인하고 있습니까?","UNANSWERED","","","","","미검토",""
"SURVEY-RD-RD-01-BOTTLENECK_VALIDITY","RD","첨단연구개발처","RD-01","BOTTLENECK_VALIDITY","제시한 병목 설명과 원인 가설이 실제 상황을 설명하는 데 타당합니까?","UNANSWERED","","","","","미검토",""
"SURVEY-RD-RD-01-VALIDITY_REASON","RD","첨단연구개발처","RD-01","VALIDITY_REASON","정합성·발생 상태·타당성 판단의 이유와 고쳐야 할 내용을 작성해 주십시오.","UNANSWERED","","","","","미검토",""
"SURVEY-RD-RD-01-EVIDENCE_BASIS","RD","첨단연구개발처","RD-01","EVIDENCE_BASIS","판단에 사용한 근거는 무엇입니까?","UNANSWERED","","","","","미검토",""
"SURVEY-RD-RD-01-ACTUAL_CASE","RD","첨단연구개발처","RD-01","ACTUAL_CASE","공유 가능한 사례가 있다면 언제·어느 단계·누구에게 어떤 결과나 부담이 발생했는지 작성해 주십시오.","UNANSWERED","","","","","미검토",""
"SURVEY-RD-RD-01-COUNTER_EVIDENCE","RD","첨단연구개발처","RD-01","COUNTER_EVIDENCE","문제 없이 완료했거나 제시한 설명과 다른 사례, 다른 원인이 있습니까?","UNANSWERED","","","","","미검토",""
"SURVEY-RD-RD-01-EXISTING_RESPONSE","RD","첨단연구개발처","RD-01","EXISTING_RESPONSE","현재 시스템·AI·서식·규칙·협의절차로 해결하는 부분과 남는 문제는 무엇입니까?","UNANSWERED","","","","","미검토",""
"SURVEY-RD-RD-01-IMPROVEMENT_METHOD","RD","첨단연구개발처","RD-01","IMPROVEMENT_METHOD","개선이 필요하다면 어떤 방식이 적절하다고 봅니까?","UNANSWERED","","","","","미검토",""
"SURVEY-RD-RD-01-AI_ADDED_VALUE","RD","첨단연구개발처","RD-01","AI_ADDED_VALUE","NOA 등 AI를 추가하면 기존 도구·정형 개선으로 달성하기 어려운 어떤 결과를 얻을 수 있습니까?","UNANSWERED","","","","","미검토",""
"SURVEY-RD-RD-01-FEASIBILITY_CONDITIONS","RD","첨단연구개발처","RD-01","FEASIBILITY_CONDITIONS","추가 AI 적용을 위해 어떤 자료·연계·권한·전문 검수·운영조건을 확보해야 합니까?","UNANSWERED","","","","","미검토",""
"SURVEY-RD-RD-01-RISK_AND_CONCERN","RD","첨단연구개발처","RD-01","RISK_AND_CONCERN","제안 방식이 오판·과다 보완·정보 노출·추가 업무·이용자 배제 등을 일으킬 조건은 무엇입니까?","UNANSWERED","","","","","미검토",""
"SURVEY-RD-RD-01-EFFECT_AND_MEASUREMENT","RD","첨단연구개발처","RD-01","EFFECT_AND_MEASUREMENT","제시한 효과 지표가 적절합니까? 실제 기록으로 확인할 결과와 측정하기 어려운 부분을 작성해 주십시오.","UNANSWERED","","","","","미검토",""
"SURVEY-RD-RD-01-ALTERNATIVE_PROPOSAL","RD","첨단연구개발처","RD-01","ALTERNATIVE_PROPOSAL","제안된 CCK 적용 방법을 수정·축소·제외하거나 다른 방법으로 해결할 의견이 있습니까?","UNANSWERED","","","","","미검토",""
"SURVEY-RD-RD-01-PRIORITY_REASON","RD","첨단연구개발처","RD-01","PRIORITY_REASON","이 문제를 다른 업무와 비교하여 왜 먼저 검토하거나 뒤로 미루어야 합니까?","UNANSWERED","","","","","미검토",""
"SURVEY-RD-COMMON-OTHER_WORK_DIFFICULTY","RD","첨단연구개발처","COMMON","OTHER_WORK_DIFFICULTY","제시된 병목 외에 업무처리나 정확한 판단을 어렵게 만드는 지점은 무엇입니까?","UNANSWERED","","","","","미검토",""
"SURVEY-RD-COMMON-PUBLIC_SERVICE_ISSUE","RD","첨단연구개발처","COMMON","PUBLIC_SERVICE_ISSUE","국민·기업이 안전·검사·자격·교통 서비스를 이용할 때 추가로 겪는 불편이나 권익 문제는 무엇입니까?","UNANSWERED","","","","","미검토",""
"SURVEY-RD-COMMON-NEW_PROBLEM","RD","첨단연구개발처","COMMON","NEW_PROBLEM","이번 조사에서 빠진 문제나 다른 원인 설명이 있다면 작성해 주십시오.","UNANSWERED","","","","","미검토",""
"SURVEY-RD-COMMON-AX_EXPANSION_OPINION","RD","첨단연구개발처","COMMON","AX_EXPANSION_OPINION","현재 플랫폼을 확대한다면 어떤 업무의 어떤 결과를 우선 개선해야 합니까?","UNANSWERED","","","","","미검토",""
"SURVEY-RD-COMMON-EXPANSION_LIMIT","RD","첨단연구개발처","COMMON","EXPANSION_LIMIT","별도 전문시스템이나 권한자의 판단에 남겨야 할 범위와 확대 제약은 무엇입니까?","UNANSWERED","","","","","미검토",""
"SURVEY-EX14-COMMON-ROLE","EX14","AI검사인프라처","COMMON","ROLE","이번 의견을 작성하는 업무 역할은 무엇입니까?","UNANSWERED","","","","","미검토",""
"SURVEY-EX14-COMMON-POSITION","EX14","AI검사인프라처","COMMON","POSITION","이 응답은 어떤 범위의 의견입니까?","UNANSWERED","","","","","미검토",""
"SURVEY-EX14-COMMON-CURRENT_USE","EX14","AI검사인프라처","COMMON","CURRENT_USE","현재 NOA 또는 AI 공통플랫폼을 어떤 업무에 사용하거나 확인하고 있습니까? 사용하지 않거나 기능을 모르는 경우도 작성해 주십시오.","UNANSWERED","","","","","미검토",""
"SURVEY-EX14-EX14-01-SCOPE_MATCH","EX14","AI검사인프라처","EX14-01","SCOPE_MATCH","제시한 업무·대상·처리단계가 귀 처의 실제 담당 범위와 일치합니까?","UNANSWERED","","","","","미검토",""
"SURVEY-EX14-EX14-01-CURRENT_STATE","EX14","AI검사인프라처","EX14-01","CURRENT_STATE","제시한 병목이 현재 발생하는지 어떤 상태로 확인하고 있습니까?","UNANSWERED","","","","","미검토",""
"SURVEY-EX14-EX14-01-BOTTLENECK_VALIDITY","EX14","AI검사인프라처","EX14-01","BOTTLENECK_VALIDITY","제시한 병목 설명과 원인 가설이 실제 상황을 설명하는 데 타당합니까?","UNANSWERED","","","","","미검토",""
"SURVEY-EX14-EX14-01-VALIDITY_REASON","EX14","AI검사인프라처","EX14-01","VALIDITY_REASON","정합성·발생 상태·타당성 판단의 이유와 고쳐야 할 내용을 작성해 주십시오.","UNANSWERED","","","","","미검토",""
"SURVEY-EX14-EX14-01-EVIDENCE_BASIS","EX14","AI검사인프라처","EX14-01","EVIDENCE_BASIS","판단에 사용한 근거는 무엇입니까?","UNANSWERED","","","","","미검토",""
"SURVEY-EX14-EX14-01-ACTUAL_CASE","EX14","AI검사인프라처","EX14-01","ACTUAL_CASE","공유 가능한 사례가 있다면 언제·어느 단계·누구에게 어떤 결과나 부담이 발생했는지 작성해 주십시오.","UNANSWERED","","","","","미검토",""
"SURVEY-EX14-EX14-01-COUNTER_EVIDENCE","EX14","AI검사인프라처","EX14-01","COUNTER_EVIDENCE","문제 없이 완료했거나 제시한 설명과 다른 사례, 다른 원인이 있습니까?","UNANSWERED","","","","","미검토",""
"SURVEY-EX14-EX14-01-EXISTING_RESPONSE","EX14","AI검사인프라처","EX14-01","EXISTING_RESPONSE","현재 시스템·AI·서식·규칙·협의절차로 해결하는 부분과 남는 문제는 무엇입니까?","UNANSWERED","","","","","미검토",""
"SURVEY-EX14-EX14-01-IMPROVEMENT_METHOD","EX14","AI검사인프라처","EX14-01","IMPROVEMENT_METHOD","개선이 필요하다면 어떤 방식이 적절하다고 봅니까?","UNANSWERED","","","","","미검토",""
"SURVEY-EX14-EX14-01-AI_ADDED_VALUE","EX14","AI검사인프라처","EX14-01","AI_ADDED_VALUE","NOA 등 AI를 추가하면 기존 도구·정형 개선으로 달성하기 어려운 어떤 결과를 얻을 수 있습니까?","UNANSWERED","","","","","미검토",""
"SURVEY-EX14-EX14-01-FEASIBILITY_CONDITIONS","EX14","AI검사인프라처","EX14-01","FEASIBILITY_CONDITIONS","추가 AI 적용을 위해 어떤 자료·연계·권한·전문 검수·운영조건을 확보해야 합니까?","UNANSWERED","","","","","미검토",""
"SURVEY-EX14-EX14-01-RISK_AND_CONCERN","EX14","AI검사인프라처","EX14-01","RISK_AND_CONCERN","제안 방식이 오판·과다 보완·정보 노출·추가 업무·이용자 배제 등을 일으킬 조건은 무엇입니까?","UNANSWERED","","","","","미검토",""
"SURVEY-EX14-EX14-01-EFFECT_AND_MEASUREMENT","EX14","AI검사인프라처","EX14-01","EFFECT_AND_MEASUREMENT","제시한 효과 지표가 적절합니까? 실제 기록으로 확인할 결과와 측정하기 어려운 부분을 작성해 주십시오.","UNANSWERED","","","","","미검토",""
"SURVEY-EX14-EX14-01-ALTERNATIVE_PROPOSAL","EX14","AI검사인프라처","EX14-01","ALTERNATIVE_PROPOSAL","제안된 CCK 적용 방법을 수정·축소·제외하거나 다른 방법으로 해결할 의견이 있습니까?","UNANSWERED","","","","","미검토",""
"SURVEY-EX14-EX14-01-PRIORITY_REASON","EX14","AI검사인프라처","EX14-01","PRIORITY_REASON","이 문제를 다른 업무와 비교하여 왜 먼저 검토하거나 뒤로 미루어야 합니까?","UNANSWERED","","","","","미검토",""
"SURVEY-EX14-COMMON-OTHER_WORK_DIFFICULTY","EX14","AI검사인프라처","COMMON","OTHER_WORK_DIFFICULTY","제시된 병목 외에 업무처리나 정확한 판단을 어렵게 만드는 지점은 무엇입니까?","UNANSWERED","","","","","미검토",""
"SURVEY-EX14-COMMON-PUBLIC_SERVICE_ISSUE","EX14","AI검사인프라처","COMMON","PUBLIC_SERVICE_ISSUE","국민·기업이 안전·검사·자격·교통 서비스를 이용할 때 추가로 겪는 불편이나 권익 문제는 무엇입니까?","UNANSWERED","","","","","미검토",""
"SURVEY-EX14-COMMON-NEW_PROBLEM","EX14","AI검사인프라처","COMMON","NEW_PROBLEM","이번 조사에서 빠진 문제나 다른 원인 설명이 있다면 작성해 주십시오.","UNANSWERED","","","","","미검토",""
"SURVEY-EX14-COMMON-AX_EXPANSION_OPINION","EX14","AI검사인프라처","COMMON","AX_EXPANSION_OPINION","현재 플랫폼을 확대한다면 어떤 업무의 어떤 결과를 우선 개선해야 합니까?","UNANSWERED","","","","","미검토",""
"SURVEY-EX14-COMMON-EXPANSION_LIMIT","EX14","AI검사인프라처","COMMON","EXPANSION_LIMIT","별도 전문시스템이나 권한자의 판단에 남겨야 할 범위와 확대 제약은 무엇입니까?","UNANSWERED","","","","","미검토",""
"SURVEY-EX15-COMMON-ROLE","EX15","기술안전처","COMMON","ROLE","이번 의견을 작성하는 업무 역할은 무엇입니까?","UNANSWERED","","","","","미검토",""
"SURVEY-EX15-COMMON-POSITION","EX15","기술안전처","COMMON","POSITION","이 응답은 어떤 범위의 의견입니까?","UNANSWERED","","","","","미검토",""
"SURVEY-EX15-COMMON-CURRENT_USE","EX15","기술안전처","COMMON","CURRENT_USE","현재 NOA 또는 AI 공통플랫폼을 어떤 업무에 사용하거나 확인하고 있습니까? 사용하지 않거나 기능을 모르는 경우도 작성해 주십시오.","UNANSWERED","","","","","미검토",""
"SURVEY-EX15-EX15-01-SCOPE_MATCH","EX15","기술안전처","EX15-01","SCOPE_MATCH","제시한 업무·대상·처리단계가 귀 처의 실제 담당 범위와 일치합니까?","UNANSWERED","","","","","미검토",""
"SURVEY-EX15-EX15-01-CURRENT_STATE","EX15","기술안전처","EX15-01","CURRENT_STATE","제시한 병목이 현재 발생하는지 어떤 상태로 확인하고 있습니까?","UNANSWERED","","","","","미검토",""
"SURVEY-EX15-EX15-01-BOTTLENECK_VALIDITY","EX15","기술안전처","EX15-01","BOTTLENECK_VALIDITY","제시한 병목 설명과 원인 가설이 실제 상황을 설명하는 데 타당합니까?","UNANSWERED","","","","","미검토",""
"SURVEY-EX15-EX15-01-VALIDITY_REASON","EX15","기술안전처","EX15-01","VALIDITY_REASON","정합성·발생 상태·타당성 판단의 이유와 고쳐야 할 내용을 작성해 주십시오.","UNANSWERED","","","","","미검토",""
"SURVEY-EX15-EX15-01-EVIDENCE_BASIS","EX15","기술안전처","EX15-01","EVIDENCE_BASIS","판단에 사용한 근거는 무엇입니까?","UNANSWERED","","","","","미검토",""
"SURVEY-EX15-EX15-01-ACTUAL_CASE","EX15","기술안전처","EX15-01","ACTUAL_CASE","공유 가능한 사례가 있다면 언제·어느 단계·누구에게 어떤 결과나 부담이 발생했는지 작성해 주십시오.","UNANSWERED","","","","","미검토",""
"SURVEY-EX15-EX15-01-COUNTER_EVIDENCE","EX15","기술안전처","EX15-01","COUNTER_EVIDENCE","문제 없이 완료했거나 제시한 설명과 다른 사례, 다른 원인이 있습니까?","UNANSWERED","","","","","미검토",""
"SURVEY-EX15-EX15-01-EXISTING_RESPONSE","EX15","기술안전처","EX15-01","EXISTING_RESPONSE","현재 시스템·AI·서식·규칙·협의절차로 해결하는 부분과 남는 문제는 무엇입니까?","UNANSWERED","","","","","미검토",""
"SURVEY-EX15-EX15-01-IMPROVEMENT_METHOD","EX15","기술안전처","EX15-01","IMPROVEMENT_METHOD","개선이 필요하다면 어떤 방식이 적절하다고 봅니까?","UNANSWERED","","","","","미검토",""
"SURVEY-EX15-EX15-01-AI_ADDED_VALUE","EX15","기술안전처","EX15-01","AI_ADDED_VALUE","NOA 등 AI를 추가하면 기존 도구·정형 개선으로 달성하기 어려운 어떤 결과를 얻을 수 있습니까?","UNANSWERED","","","","","미검토",""
"SURVEY-EX15-EX15-01-FEASIBILITY_CONDITIONS","EX15","기술안전처","EX15-01","FEASIBILITY_CONDITIONS","추가 AI 적용을 위해 어떤 자료·연계·권한·전문 검수·운영조건을 확보해야 합니까?","UNANSWERED","","","","","미검토",""
"SURVEY-EX15-EX15-01-RISK_AND_CONCERN","EX15","기술안전처","EX15-01","RISK_AND_CONCERN","제안 방식이 오판·과다 보완·정보 노출·추가 업무·이용자 배제 등을 일으킬 조건은 무엇입니까?","UNANSWERED","","","","","미검토",""
"SURVEY-EX15-EX15-01-EFFECT_AND_MEASUREMENT","EX15","기술안전처","EX15-01","EFFECT_AND_MEASUREMENT","제시한 효과 지표가 적절합니까? 실제 기록으로 확인할 결과와 측정하기 어려운 부분을 작성해 주십시오.","UNANSWERED","","","","","미검토",""
"SURVEY-EX15-EX15-01-ALTERNATIVE_PROPOSAL","EX15","기술안전처","EX15-01","ALTERNATIVE_PROPOSAL","제안된 CCK 적용 방법을 수정·축소·제외하거나 다른 방법으로 해결할 의견이 있습니까?","UNANSWERED","","","","","미검토",""
"SURVEY-EX15-EX15-01-PRIORITY_REASON","EX15","기술안전처","EX15-01","PRIORITY_REASON","이 문제를 다른 업무와 비교하여 왜 먼저 검토하거나 뒤로 미루어야 합니까?","UNANSWERED","","","","","미검토",""
"SURVEY-EX15-COMMON-OTHER_WORK_DIFFICULTY","EX15","기술안전처","COMMON","OTHER_WORK_DIFFICULTY","제시된 병목 외에 업무처리나 정확한 판단을 어렵게 만드는 지점은 무엇입니까?","UNANSWERED","","","","","미검토",""
"SURVEY-EX15-COMMON-PUBLIC_SERVICE_ISSUE","EX15","기술안전처","COMMON","PUBLIC_SERVICE_ISSUE","국민·기업이 안전·검사·자격·교통 서비스를 이용할 때 추가로 겪는 불편이나 권익 문제는 무엇입니까?","UNANSWERED","","","","","미검토",""
"SURVEY-EX15-COMMON-NEW_PROBLEM","EX15","기술안전처","COMMON","NEW_PROBLEM","이번 조사에서 빠진 문제나 다른 원인 설명이 있다면 작성해 주십시오.","UNANSWERED","","","","","미검토",""
"SURVEY-EX15-COMMON-AX_EXPANSION_OPINION","EX15","기술안전처","COMMON","AX_EXPANSION_OPINION","현재 플랫폼을 확대한다면 어떤 업무의 어떤 결과를 우선 개선해야 합니까?","UNANSWERED","","","","","미검토",""
"SURVEY-EX15-COMMON-EXPANSION_LIMIT","EX15","기술안전처","COMMON","EXPANSION_LIMIT","별도 전문시스템이나 권한자의 판단에 남겨야 할 범위와 확대 제약은 무엇입니까?","UNANSWERED","","","","","미검토",""
"SURVEY-EX16-COMMON-ROLE","EX16","시험인증처","COMMON","ROLE","이번 의견을 작성하는 업무 역할은 무엇입니까?","UNANSWERED","","","","","미검토",""
"SURVEY-EX16-COMMON-POSITION","EX16","시험인증처","COMMON","POSITION","이 응답은 어떤 범위의 의견입니까?","UNANSWERED","","","","","미검토",""
"SURVEY-EX16-COMMON-CURRENT_USE","EX16","시험인증처","COMMON","CURRENT_USE","현재 NOA 또는 AI 공통플랫폼을 어떤 업무에 사용하거나 확인하고 있습니까? 사용하지 않거나 기능을 모르는 경우도 작성해 주십시오.","UNANSWERED","","","","","미검토",""
"SURVEY-EX16-EX16-01-SCOPE_MATCH","EX16","시험인증처","EX16-01","SCOPE_MATCH","제시한 업무·대상·처리단계가 귀 처의 실제 담당 범위와 일치합니까?","UNANSWERED","","","","","미검토",""
"SURVEY-EX16-EX16-01-CURRENT_STATE","EX16","시험인증처","EX16-01","CURRENT_STATE","제시한 병목이 현재 발생하는지 어떤 상태로 확인하고 있습니까?","UNANSWERED","","","","","미검토",""
"SURVEY-EX16-EX16-01-BOTTLENECK_VALIDITY","EX16","시험인증처","EX16-01","BOTTLENECK_VALIDITY","제시한 병목 설명과 원인 가설이 실제 상황을 설명하는 데 타당합니까?","UNANSWERED","","","","","미검토",""
"SURVEY-EX16-EX16-01-VALIDITY_REASON","EX16","시험인증처","EX16-01","VALIDITY_REASON","정합성·발생 상태·타당성 판단의 이유와 고쳐야 할 내용을 작성해 주십시오.","UNANSWERED","","","","","미검토",""
"SURVEY-EX16-EX16-01-EVIDENCE_BASIS","EX16","시험인증처","EX16-01","EVIDENCE_BASIS","판단에 사용한 근거는 무엇입니까?","UNANSWERED","","","","","미검토",""
"SURVEY-EX16-EX16-01-ACTUAL_CASE","EX16","시험인증처","EX16-01","ACTUAL_CASE","공유 가능한 사례가 있다면 언제·어느 단계·누구에게 어떤 결과나 부담이 발생했는지 작성해 주십시오.","UNANSWERED","","","","","미검토",""
"SURVEY-EX16-EX16-01-COUNTER_EVIDENCE","EX16","시험인증처","EX16-01","COUNTER_EVIDENCE","문제 없이 완료했거나 제시한 설명과 다른 사례, 다른 원인이 있습니까?","UNANSWERED","","","","","미검토",""
"SURVEY-EX16-EX16-01-EXISTING_RESPONSE","EX16","시험인증처","EX16-01","EXISTING_RESPONSE","현재 시스템·AI·서식·규칙·협의절차로 해결하는 부분과 남는 문제는 무엇입니까?","UNANSWERED","","","","","미검토",""
"SURVEY-EX16-EX16-01-IMPROVEMENT_METHOD","EX16","시험인증처","EX16-01","IMPROVEMENT_METHOD","개선이 필요하다면 어떤 방식이 적절하다고 봅니까?","UNANSWERED","","","","","미검토",""
"SURVEY-EX16-EX16-01-AI_ADDED_VALUE","EX16","시험인증처","EX16-01","AI_ADDED_VALUE","NOA 등 AI를 추가하면 기존 도구·정형 개선으로 달성하기 어려운 어떤 결과를 얻을 수 있습니까?","UNANSWERED","","","","","미검토",""
"SURVEY-EX16-EX16-01-FEASIBILITY_CONDITIONS","EX16","시험인증처","EX16-01","FEASIBILITY_CONDITIONS","추가 AI 적용을 위해 어떤 자료·연계·권한·전문 검수·운영조건을 확보해야 합니까?","UNANSWERED","","","","","미검토",""
"SURVEY-EX16-EX16-01-RISK_AND_CONCERN","EX16","시험인증처","EX16-01","RISK_AND_CONCERN","제안 방식이 오판·과다 보완·정보 노출·추가 업무·이용자 배제 등을 일으킬 조건은 무엇입니까?","UNANSWERED","","","","","미검토",""
"SURVEY-EX16-EX16-01-EFFECT_AND_MEASUREMENT","EX16","시험인증처","EX16-01","EFFECT_AND_MEASUREMENT","제시한 효과 지표가 적절합니까? 실제 기록으로 확인할 결과와 측정하기 어려운 부분을 작성해 주십시오.","UNANSWERED","","","","","미검토",""
"SURVEY-EX16-EX16-01-ALTERNATIVE_PROPOSAL","EX16","시험인증처","EX16-01","ALTERNATIVE_PROPOSAL","제안된 CCK 적용 방법을 수정·축소·제외하거나 다른 방법으로 해결할 의견이 있습니까?","UNANSWERED","","","","","미검토",""
"SURVEY-EX16-EX16-01-PRIORITY_REASON","EX16","시험인증처","EX16-01","PRIORITY_REASON","이 문제를 다른 업무와 비교하여 왜 먼저 검토하거나 뒤로 미루어야 합니까?","UNANSWERED","","","","","미검토",""
"SURVEY-EX16-COMMON-OTHER_WORK_DIFFICULTY","EX16","시험인증처","COMMON","OTHER_WORK_DIFFICULTY","제시된 병목 외에 업무처리나 정확한 판단을 어렵게 만드는 지점은 무엇입니까?","UNANSWERED","","","","","미검토",""
"SURVEY-EX16-COMMON-PUBLIC_SERVICE_ISSUE","EX16","시험인증처","COMMON","PUBLIC_SERVICE_ISSUE","국민·기업이 안전·검사·자격·교통 서비스를 이용할 때 추가로 겪는 불편이나 권익 문제는 무엇입니까?","UNANSWERED","","","","","미검토",""
"SURVEY-EX16-COMMON-NEW_PROBLEM","EX16","시험인증처","COMMON","NEW_PROBLEM","이번 조사에서 빠진 문제나 다른 원인 설명이 있다면 작성해 주십시오.","UNANSWERED","","","","","미검토",""
"SURVEY-EX16-COMMON-AX_EXPANSION_OPINION","EX16","시험인증처","COMMON","AX_EXPANSION_OPINION","현재 플랫폼을 확대한다면 어떤 업무의 어떤 결과를 우선 개선해야 합니까?","UNANSWERED","","","","","미검토",""
"SURVEY-EX16-COMMON-EXPANSION_LIMIT","EX16","시험인증처","COMMON","EXPANSION_LIMIT","별도 전문시스템이나 권한자의 판단에 남겨야 할 범위와 확대 제약은 무엇입니까?","UNANSWERED","","","","","미검토",""
"SURVEY-EX17-COMMON-ROLE","EX17","기술승인처","COMMON","ROLE","이번 의견을 작성하는 업무 역할은 무엇입니까?","UNANSWERED","","","","","미검토",""
"SURVEY-EX17-COMMON-POSITION","EX17","기술승인처","COMMON","POSITION","이 응답은 어떤 범위의 의견입니까?","UNANSWERED","","","","","미검토",""
"SURVEY-EX17-COMMON-CURRENT_USE","EX17","기술승인처","COMMON","CURRENT_USE","현재 NOA 또는 AI 공통플랫폼을 어떤 업무에 사용하거나 확인하고 있습니까? 사용하지 않거나 기능을 모르는 경우도 작성해 주십시오.","UNANSWERED","","","","","미검토",""
"SURVEY-EX17-EX17-01-SCOPE_MATCH","EX17","기술승인처","EX17-01","SCOPE_MATCH","제시한 업무·대상·처리단계가 귀 처의 실제 담당 범위와 일치합니까?","UNANSWERED","","","","","미검토",""
"SURVEY-EX17-EX17-01-CURRENT_STATE","EX17","기술승인처","EX17-01","CURRENT_STATE","제시한 병목이 현재 발생하는지 어떤 상태로 확인하고 있습니까?","UNANSWERED","","","","","미검토",""
"SURVEY-EX17-EX17-01-BOTTLENECK_VALIDITY","EX17","기술승인처","EX17-01","BOTTLENECK_VALIDITY","제시한 병목 설명과 원인 가설이 실제 상황을 설명하는 데 타당합니까?","UNANSWERED","","","","","미검토",""
"SURVEY-EX17-EX17-01-VALIDITY_REASON","EX17","기술승인처","EX17-01","VALIDITY_REASON","정합성·발생 상태·타당성 판단의 이유와 고쳐야 할 내용을 작성해 주십시오.","UNANSWERED","","","","","미검토",""
"SURVEY-EX17-EX17-01-EVIDENCE_BASIS","EX17","기술승인처","EX17-01","EVIDENCE_BASIS","판단에 사용한 근거는 무엇입니까?","UNANSWERED","","","","","미검토",""
"SURVEY-EX17-EX17-01-ACTUAL_CASE","EX17","기술승인처","EX17-01","ACTUAL_CASE","공유 가능한 사례가 있다면 언제·어느 단계·누구에게 어떤 결과나 부담이 발생했는지 작성해 주십시오.","UNANSWERED","","","","","미검토",""
"SURVEY-EX17-EX17-01-COUNTER_EVIDENCE","EX17","기술승인처","EX17-01","COUNTER_EVIDENCE","문제 없이 완료했거나 제시한 설명과 다른 사례, 다른 원인이 있습니까?","UNANSWERED","","","","","미검토",""
"SURVEY-EX17-EX17-01-EXISTING_RESPONSE","EX17","기술승인처","EX17-01","EXISTING_RESPONSE","현재 시스템·AI·서식·규칙·협의절차로 해결하는 부분과 남는 문제는 무엇입니까?","UNANSWERED","","","","","미검토",""
"SURVEY-EX17-EX17-01-IMPROVEMENT_METHOD","EX17","기술승인처","EX17-01","IMPROVEMENT_METHOD","개선이 필요하다면 어떤 방식이 적절하다고 봅니까?","UNANSWERED","","","","","미검토",""
"SURVEY-EX17-EX17-01-AI_ADDED_VALUE","EX17","기술승인처","EX17-01","AI_ADDED_VALUE","NOA 등 AI를 추가하면 기존 도구·정형 개선으로 달성하기 어려운 어떤 결과를 얻을 수 있습니까?","UNANSWERED","","","","","미검토",""
"SURVEY-EX17-EX17-01-FEASIBILITY_CONDITIONS","EX17","기술승인처","EX17-01","FEASIBILITY_CONDITIONS","추가 AI 적용을 위해 어떤 자료·연계·권한·전문 검수·운영조건을 확보해야 합니까?","UNANSWERED","","","","","미검토",""
"SURVEY-EX17-EX17-01-RISK_AND_CONCERN","EX17","기술승인처","EX17-01","RISK_AND_CONCERN","제안 방식이 오판·과다 보완·정보 노출·추가 업무·이용자 배제 등을 일으킬 조건은 무엇입니까?","UNANSWERED","","","","","미검토",""
"SURVEY-EX17-EX17-01-EFFECT_AND_MEASUREMENT","EX17","기술승인처","EX17-01","EFFECT_AND_MEASUREMENT","제시한 효과 지표가 적절합니까? 실제 기록으로 확인할 결과와 측정하기 어려운 부분을 작성해 주십시오.","UNANSWERED","","","","","미검토",""
"SURVEY-EX17-EX17-01-ALTERNATIVE_PROPOSAL","EX17","기술승인처","EX17-01","ALTERNATIVE_PROPOSAL","제안된 CCK 적용 방법을 수정·축소·제외하거나 다른 방법으로 해결할 의견이 있습니까?","UNANSWERED","","","","","미검토",""
"SURVEY-EX17-EX17-01-PRIORITY_REASON","EX17","기술승인처","EX17-01","PRIORITY_REASON","이 문제를 다른 업무와 비교하여 왜 먼저 검토하거나 뒤로 미루어야 합니까?","UNANSWERED","","","","","미검토",""
"SURVEY-EX17-COMMON-OTHER_WORK_DIFFICULTY","EX17","기술승인처","COMMON","OTHER_WORK_DIFFICULTY","제시된 병목 외에 업무처리나 정확한 판단을 어렵게 만드는 지점은 무엇입니까?","UNANSWERED","","","","","미검토",""
"SURVEY-EX17-COMMON-PUBLIC_SERVICE_ISSUE","EX17","기술승인처","COMMON","PUBLIC_SERVICE_ISSUE","국민·기업이 안전·검사·자격·교통 서비스를 이용할 때 추가로 겪는 불편이나 권익 문제는 무엇입니까?","UNANSWERED","","","","","미검토",""
"SURVEY-EX17-COMMON-NEW_PROBLEM","EX17","기술승인처","COMMON","NEW_PROBLEM","이번 조사에서 빠진 문제나 다른 원인 설명이 있다면 작성해 주십시오.","UNANSWERED","","","","","미검토",""
"SURVEY-EX17-COMMON-AX_EXPANSION_OPINION","EX17","기술승인처","COMMON","AX_EXPANSION_OPINION","현재 플랫폼을 확대한다면 어떤 업무의 어떤 결과를 우선 개선해야 합니까?","UNANSWERED","","","","","미검토",""
"SURVEY-EX17-COMMON-EXPANSION_LIMIT","EX17","기술승인처","COMMON","EXPANSION_LIMIT","별도 전문시스템이나 권한자의 판단에 남겨야 할 범위와 확대 제약은 무엇입니까?","UNANSWERED","","","","","미검토",""
"SURVEY-EX18-COMMON-ROLE","EX18","항공안전처","COMMON","ROLE","이번 의견을 작성하는 업무 역할은 무엇입니까?","UNANSWERED","","","","","미검토",""
"SURVEY-EX18-COMMON-POSITION","EX18","항공안전처","COMMON","POSITION","이 응답은 어떤 범위의 의견입니까?","UNANSWERED","","","","","미검토",""
"SURVEY-EX18-COMMON-CURRENT_USE","EX18","항공안전처","COMMON","CURRENT_USE","현재 NOA 또는 AI 공통플랫폼을 어떤 업무에 사용하거나 확인하고 있습니까? 사용하지 않거나 기능을 모르는 경우도 작성해 주십시오.","UNANSWERED","","","","","미검토",""
"SURVEY-EX18-EX18-01-SCOPE_MATCH","EX18","항공안전처","EX18-01","SCOPE_MATCH","제시한 업무·대상·처리단계가 귀 처의 실제 담당 범위와 일치합니까?","UNANSWERED","","","","","미검토",""
"SURVEY-EX18-EX18-01-CURRENT_STATE","EX18","항공안전처","EX18-01","CURRENT_STATE","제시한 병목이 현재 발생하는지 어떤 상태로 확인하고 있습니까?","UNANSWERED","","","","","미검토",""
"SURVEY-EX18-EX18-01-BOTTLENECK_VALIDITY","EX18","항공안전처","EX18-01","BOTTLENECK_VALIDITY","제시한 병목 설명과 원인 가설이 실제 상황을 설명하는 데 타당합니까?","UNANSWERED","","","","","미검토",""
"SURVEY-EX18-EX18-01-VALIDITY_REASON","EX18","항공안전처","EX18-01","VALIDITY_REASON","정합성·발생 상태·타당성 판단의 이유와 고쳐야 할 내용을 작성해 주십시오.","UNANSWERED","","","","","미검토",""
"SURVEY-EX18-EX18-01-EVIDENCE_BASIS","EX18","항공안전처","EX18-01","EVIDENCE_BASIS","판단에 사용한 근거는 무엇입니까?","UNANSWERED","","","","","미검토",""
"SURVEY-EX18-EX18-01-ACTUAL_CASE","EX18","항공안전처","EX18-01","ACTUAL_CASE","공유 가능한 사례가 있다면 언제·어느 단계·누구에게 어떤 결과나 부담이 발생했는지 작성해 주십시오.","UNANSWERED","","","","","미검토",""
"SURVEY-EX18-EX18-01-COUNTER_EVIDENCE","EX18","항공안전처","EX18-01","COUNTER_EVIDENCE","문제 없이 완료했거나 제시한 설명과 다른 사례, 다른 원인이 있습니까?","UNANSWERED","","","","","미검토",""
"SURVEY-EX18-EX18-01-EXISTING_RESPONSE","EX18","항공안전처","EX18-01","EXISTING_RESPONSE","현재 시스템·AI·서식·규칙·협의절차로 해결하는 부분과 남는 문제는 무엇입니까?","UNANSWERED","","","","","미검토",""
"SURVEY-EX18-EX18-01-IMPROVEMENT_METHOD","EX18","항공안전처","EX18-01","IMPROVEMENT_METHOD","개선이 필요하다면 어떤 방식이 적절하다고 봅니까?","UNANSWERED","","","","","미검토",""
"SURVEY-EX18-EX18-01-AI_ADDED_VALUE","EX18","항공안전처","EX18-01","AI_ADDED_VALUE","NOA 등 AI를 추가하면 기존 도구·정형 개선으로 달성하기 어려운 어떤 결과를 얻을 수 있습니까?","UNANSWERED","","","","","미검토",""
"SURVEY-EX18-EX18-01-FEASIBILITY_CONDITIONS","EX18","항공안전처","EX18-01","FEASIBILITY_CONDITIONS","추가 AI 적용을 위해 어떤 자료·연계·권한·전문 검수·운영조건을 확보해야 합니까?","UNANSWERED","","","","","미검토",""
"SURVEY-EX18-EX18-01-RISK_AND_CONCERN","EX18","항공안전처","EX18-01","RISK_AND_CONCERN","제안 방식이 오판·과다 보완·정보 노출·추가 업무·이용자 배제 등을 일으킬 조건은 무엇입니까?","UNANSWERED","","","","","미검토",""
"SURVEY-EX18-EX18-01-EFFECT_AND_MEASUREMENT","EX18","항공안전처","EX18-01","EFFECT_AND_MEASUREMENT","제시한 효과 지표가 적절합니까? 실제 기록으로 확인할 결과와 측정하기 어려운 부분을 작성해 주십시오.","UNANSWERED","","","","","미검토",""
"SURVEY-EX18-EX18-01-ALTERNATIVE_PROPOSAL","EX18","항공안전처","EX18-01","ALTERNATIVE_PROPOSAL","제안된 CCK 적용 방법을 수정·축소·제외하거나 다른 방법으로 해결할 의견이 있습니까?","UNANSWERED","","","","","미검토",""
"SURVEY-EX18-EX18-01-PRIORITY_REASON","EX18","항공안전처","EX18-01","PRIORITY_REASON","이 문제를 다른 업무와 비교하여 왜 먼저 검토하거나 뒤로 미루어야 합니까?","UNANSWERED","","","","","미검토",""
"SURVEY-EX18-COMMON-OTHER_WORK_DIFFICULTY","EX18","항공안전처","COMMON","OTHER_WORK_DIFFICULTY","제시된 병목 외에 업무처리나 정확한 판단을 어렵게 만드는 지점은 무엇입니까?","UNANSWERED","","","","","미검토",""
"SURVEY-EX18-COMMON-PUBLIC_SERVICE_ISSUE","EX18","항공안전처","COMMON","PUBLIC_SERVICE_ISSUE","국민·기업이 안전·검사·자격·교통 서비스를 이용할 때 추가로 겪는 불편이나 권익 문제는 무엇입니까?","UNANSWERED","","","","","미검토",""
"SURVEY-EX18-COMMON-NEW_PROBLEM","EX18","항공안전처","COMMON","NEW_PROBLEM","이번 조사에서 빠진 문제나 다른 원인 설명이 있다면 작성해 주십시오.","UNANSWERED","","","","","미검토",""
"SURVEY-EX18-COMMON-AX_EXPANSION_OPINION","EX18","항공안전처","COMMON","AX_EXPANSION_OPINION","현재 플랫폼을 확대한다면 어떤 업무의 어떤 결과를 우선 개선해야 합니까?","UNANSWERED","","","","","미검토",""
"SURVEY-EX18-COMMON-EXPANSION_LIMIT","EX18","항공안전처","COMMON","EXPANSION_LIMIT","별도 전문시스템이나 권한자의 판단에 남겨야 할 범위와 확대 제약은 무엇입니까?","UNANSWERED","","","","","미검토",""
"SURVEY-EX19-COMMON-ROLE","EX19","항공자격처","COMMON","ROLE","이번 의견을 작성하는 업무 역할은 무엇입니까?","UNANSWERED","","","","","미검토",""
"SURVEY-EX19-COMMON-POSITION","EX19","항공자격처","COMMON","POSITION","이 응답은 어떤 범위의 의견입니까?","UNANSWERED","","","","","미검토",""
"SURVEY-EX19-COMMON-CURRENT_USE","EX19","항공자격처","COMMON","CURRENT_USE","현재 NOA 또는 AI 공통플랫폼을 어떤 업무에 사용하거나 확인하고 있습니까? 사용하지 않거나 기능을 모르는 경우도 작성해 주십시오.","UNANSWERED","","","","","미검토",""
"SURVEY-EX19-EX19-01-SCOPE_MATCH","EX19","항공자격처","EX19-01","SCOPE_MATCH","제시한 업무·대상·처리단계가 귀 처의 실제 담당 범위와 일치합니까?","UNANSWERED","","","","","미검토",""
"SURVEY-EX19-EX19-01-CURRENT_STATE","EX19","항공자격처","EX19-01","CURRENT_STATE","제시한 병목이 현재 발생하는지 어떤 상태로 확인하고 있습니까?","UNANSWERED","","","","","미검토",""
"SURVEY-EX19-EX19-01-BOTTLENECK_VALIDITY","EX19","항공자격처","EX19-01","BOTTLENECK_VALIDITY","제시한 병목 설명과 원인 가설이 실제 상황을 설명하는 데 타당합니까?","UNANSWERED","","","","","미검토",""
"SURVEY-EX19-EX19-01-VALIDITY_REASON","EX19","항공자격처","EX19-01","VALIDITY_REASON","정합성·발생 상태·타당성 판단의 이유와 고쳐야 할 내용을 작성해 주십시오.","UNANSWERED","","","","","미검토",""
"SURVEY-EX19-EX19-01-EVIDENCE_BASIS","EX19","항공자격처","EX19-01","EVIDENCE_BASIS","판단에 사용한 근거는 무엇입니까?","UNANSWERED","","","","","미검토",""
"SURVEY-EX19-EX19-01-ACTUAL_CASE","EX19","항공자격처","EX19-01","ACTUAL_CASE","공유 가능한 사례가 있다면 언제·어느 단계·누구에게 어떤 결과나 부담이 발생했는지 작성해 주십시오.","UNANSWERED","","","","","미검토",""
"SURVEY-EX19-EX19-01-COUNTER_EVIDENCE","EX19","항공자격처","EX19-01","COUNTER_EVIDENCE","문제 없이 완료했거나 제시한 설명과 다른 사례, 다른 원인이 있습니까?","UNANSWERED","","","","","미검토",""
"SURVEY-EX19-EX19-01-EXISTING_RESPONSE","EX19","항공자격처","EX19-01","EXISTING_RESPONSE","현재 시스템·AI·서식·규칙·협의절차로 해결하는 부분과 남는 문제는 무엇입니까?","UNANSWERED","","","","","미검토",""
"SURVEY-EX19-EX19-01-IMPROVEMENT_METHOD","EX19","항공자격처","EX19-01","IMPROVEMENT_METHOD","개선이 필요하다면 어떤 방식이 적절하다고 봅니까?","UNANSWERED","","","","","미검토",""
"SURVEY-EX19-EX19-01-AI_ADDED_VALUE","EX19","항공자격처","EX19-01","AI_ADDED_VALUE","NOA 등 AI를 추가하면 기존 도구·정형 개선으로 달성하기 어려운 어떤 결과를 얻을 수 있습니까?","UNANSWERED","","","","","미검토",""
"SURVEY-EX19-EX19-01-FEASIBILITY_CONDITIONS","EX19","항공자격처","EX19-01","FEASIBILITY_CONDITIONS","추가 AI 적용을 위해 어떤 자료·연계·권한·전문 검수·운영조건을 확보해야 합니까?","UNANSWERED","","","","","미검토",""
"SURVEY-EX19-EX19-01-RISK_AND_CONCERN","EX19","항공자격처","EX19-01","RISK_AND_CONCERN","제안 방식이 오판·과다 보완·정보 노출·추가 업무·이용자 배제 등을 일으킬 조건은 무엇입니까?","UNANSWERED","","","","","미검토",""
"SURVEY-EX19-EX19-01-EFFECT_AND_MEASUREMENT","EX19","항공자격처","EX19-01","EFFECT_AND_MEASUREMENT","제시한 효과 지표가 적절합니까? 실제 기록으로 확인할 결과와 측정하기 어려운 부분을 작성해 주십시오.","UNANSWERED","","","","","미검토",""
"SURVEY-EX19-EX19-01-ALTERNATIVE_PROPOSAL","EX19","항공자격처","EX19-01","ALTERNATIVE_PROPOSAL","제안된 CCK 적용 방법을 수정·축소·제외하거나 다른 방법으로 해결할 의견이 있습니까?","UNANSWERED","","","","","미검토",""
"SURVEY-EX19-EX19-01-PRIORITY_REASON","EX19","항공자격처","EX19-01","PRIORITY_REASON","이 문제를 다른 업무와 비교하여 왜 먼저 검토하거나 뒤로 미루어야 합니까?","UNANSWERED","","","","","미검토",""
"SURVEY-EX19-COMMON-OTHER_WORK_DIFFICULTY","EX19","항공자격처","COMMON","OTHER_WORK_DIFFICULTY","제시된 병목 외에 업무처리나 정확한 판단을 어렵게 만드는 지점은 무엇입니까?","UNANSWERED","","","","","미검토",""
"SURVEY-EX19-COMMON-PUBLIC_SERVICE_ISSUE","EX19","항공자격처","COMMON","PUBLIC_SERVICE_ISSUE","국민·기업이 안전·검사·자격·교통 서비스를 이용할 때 추가로 겪는 불편이나 권익 문제는 무엇입니까?","UNANSWERED","","","","","미검토",""
"SURVEY-EX19-COMMON-NEW_PROBLEM","EX19","항공자격처","COMMON","NEW_PROBLEM","이번 조사에서 빠진 문제나 다른 원인 설명이 있다면 작성해 주십시오.","UNANSWERED","","","","","미검토",""
"SURVEY-EX19-COMMON-AX_EXPANSION_OPINION","EX19","항공자격처","COMMON","AX_EXPANSION_OPINION","현재 플랫폼을 확대한다면 어떤 업무의 어떤 결과를 우선 개선해야 합니까?","UNANSWERED","","","","","미검토",""
"SURVEY-EX19-COMMON-EXPANSION_LIMIT","EX19","항공자격처","COMMON","EXPANSION_LIMIT","별도 전문시스템이나 권한자의 판단에 남겨야 할 범위와 확대 제약은 무엇입니까?","UNANSWERED","","","","","미검토",""
"SURVEY-EX20-COMMON-ROLE","EX20","드론관리처","COMMON","ROLE","이번 의견을 작성하는 업무 역할은 무엇입니까?","UNANSWERED","","","","","미검토",""
"SURVEY-EX20-COMMON-POSITION","EX20","드론관리처","COMMON","POSITION","이 응답은 어떤 범위의 의견입니까?","UNANSWERED","","","","","미검토",""
"SURVEY-EX20-COMMON-CURRENT_USE","EX20","드론관리처","COMMON","CURRENT_USE","현재 NOA 또는 AI 공통플랫폼을 어떤 업무에 사용하거나 확인하고 있습니까? 사용하지 않거나 기능을 모르는 경우도 작성해 주십시오.","UNANSWERED","","","","","미검토",""
"SURVEY-EX20-EX20-01-SCOPE_MATCH","EX20","드론관리처","EX20-01","SCOPE_MATCH","제시한 업무·대상·처리단계가 귀 처의 실제 담당 범위와 일치합니까?","UNANSWERED","","","","","미검토",""
"SURVEY-EX20-EX20-01-CURRENT_STATE","EX20","드론관리처","EX20-01","CURRENT_STATE","제시한 병목이 현재 발생하는지 어떤 상태로 확인하고 있습니까?","UNANSWERED","","","","","미검토",""
"SURVEY-EX20-EX20-01-BOTTLENECK_VALIDITY","EX20","드론관리처","EX20-01","BOTTLENECK_VALIDITY","제시한 병목 설명과 원인 가설이 실제 상황을 설명하는 데 타당합니까?","UNANSWERED","","","","","미검토",""
"SURVEY-EX20-EX20-01-VALIDITY_REASON","EX20","드론관리처","EX20-01","VALIDITY_REASON","정합성·발생 상태·타당성 판단의 이유와 고쳐야 할 내용을 작성해 주십시오.","UNANSWERED","","","","","미검토",""
"SURVEY-EX20-EX20-01-EVIDENCE_BASIS","EX20","드론관리처","EX20-01","EVIDENCE_BASIS","판단에 사용한 근거는 무엇입니까?","UNANSWERED","","","","","미검토",""
"SURVEY-EX20-EX20-01-ACTUAL_CASE","EX20","드론관리처","EX20-01","ACTUAL_CASE","공유 가능한 사례가 있다면 언제·어느 단계·누구에게 어떤 결과나 부담이 발생했는지 작성해 주십시오.","UNANSWERED","","","","","미검토",""
"SURVEY-EX20-EX20-01-COUNTER_EVIDENCE","EX20","드론관리처","EX20-01","COUNTER_EVIDENCE","문제 없이 완료했거나 제시한 설명과 다른 사례, 다른 원인이 있습니까?","UNANSWERED","","","","","미검토",""
"SURVEY-EX20-EX20-01-EXISTING_RESPONSE","EX20","드론관리처","EX20-01","EXISTING_RESPONSE","현재 시스템·AI·서식·규칙·협의절차로 해결하는 부분과 남는 문제는 무엇입니까?","UNANSWERED","","","","","미검토",""
"SURVEY-EX20-EX20-01-IMPROVEMENT_METHOD","EX20","드론관리처","EX20-01","IMPROVEMENT_METHOD","개선이 필요하다면 어떤 방식이 적절하다고 봅니까?","UNANSWERED","","","","","미검토",""
"SURVEY-EX20-EX20-01-AI_ADDED_VALUE","EX20","드론관리처","EX20-01","AI_ADDED_VALUE","NOA 등 AI를 추가하면 기존 도구·정형 개선으로 달성하기 어려운 어떤 결과를 얻을 수 있습니까?","UNANSWERED","","","","","미검토",""
"SURVEY-EX20-EX20-01-FEASIBILITY_CONDITIONS","EX20","드론관리처","EX20-01","FEASIBILITY_CONDITIONS","추가 AI 적용을 위해 어떤 자료·연계·권한·전문 검수·운영조건을 확보해야 합니까?","UNANSWERED","","","","","미검토",""
"SURVEY-EX20-EX20-01-RISK_AND_CONCERN","EX20","드론관리처","EX20-01","RISK_AND_CONCERN","제안 방식이 오판·과다 보완·정보 노출·추가 업무·이용자 배제 등을 일으킬 조건은 무엇입니까?","UNANSWERED","","","","","미검토",""
"SURVEY-EX20-EX20-01-EFFECT_AND_MEASUREMENT","EX20","드론관리처","EX20-01","EFFECT_AND_MEASUREMENT","제시한 효과 지표가 적절합니까? 실제 기록으로 확인할 결과와 측정하기 어려운 부분을 작성해 주십시오.","UNANSWERED","","","","","미검토",""
"SURVEY-EX20-EX20-01-ALTERNATIVE_PROPOSAL","EX20","드론관리처","EX20-01","ALTERNATIVE_PROPOSAL","제안된 CCK 적용 방법을 수정·축소·제외하거나 다른 방법으로 해결할 의견이 있습니까?","UNANSWERED","","","","","미검토",""
"SURVEY-EX20-EX20-01-PRIORITY_REASON","EX20","드론관리처","EX20-01","PRIORITY_REASON","이 문제를 다른 업무와 비교하여 왜 먼저 검토하거나 뒤로 미루어야 합니까?","UNANSWERED","","","","","미검토",""
"SURVEY-EX20-COMMON-OTHER_WORK_DIFFICULTY","EX20","드론관리처","COMMON","OTHER_WORK_DIFFICULTY","제시된 병목 외에 업무처리나 정확한 판단을 어렵게 만드는 지점은 무엇입니까?","UNANSWERED","","","","","미검토",""
"SURVEY-EX20-COMMON-PUBLIC_SERVICE_ISSUE","EX20","드론관리처","COMMON","PUBLIC_SERVICE_ISSUE","국민·기업이 안전·검사·자격·교통 서비스를 이용할 때 추가로 겪는 불편이나 권익 문제는 무엇입니까?","UNANSWERED","","","","","미검토",""
"SURVEY-EX20-COMMON-NEW_PROBLEM","EX20","드론관리처","COMMON","NEW_PROBLEM","이번 조사에서 빠진 문제나 다른 원인 설명이 있다면 작성해 주십시오.","UNANSWERED","","","","","미검토",""
"SURVEY-EX20-COMMON-AX_EXPANSION_OPINION","EX20","드론관리처","COMMON","AX_EXPANSION_OPINION","현재 플랫폼을 확대한다면 어떤 업무의 어떤 결과를 우선 개선해야 합니까?","UNANSWERED","","","","","미검토",""
"SURVEY-EX20-COMMON-EXPANSION_LIMIT","EX20","드론관리처","COMMON","EXPANSION_LIMIT","별도 전문시스템이나 권한자의 판단에 남겨야 할 범위와 확대 제약은 무엇입니까?","UNANSWERED","","","","","미검토",""
"SURVEY-EX21-COMMON-ROLE","EX21","도심항공정책처","COMMON","ROLE","이번 의견을 작성하는 업무 역할은 무엇입니까?","UNANSWERED","","","","","미검토",""
"SURVEY-EX21-COMMON-POSITION","EX21","도심항공정책처","COMMON","POSITION","이 응답은 어떤 범위의 의견입니까?","UNANSWERED","","","","","미검토",""
"SURVEY-EX21-COMMON-CURRENT_USE","EX21","도심항공정책처","COMMON","CURRENT_USE","현재 NOA 또는 AI 공통플랫폼을 어떤 업무에 사용하거나 확인하고 있습니까? 사용하지 않거나 기능을 모르는 경우도 작성해 주십시오.","UNANSWERED","","","","","미검토",""
"SURVEY-EX21-EX21-01-SCOPE_MATCH","EX21","도심항공정책처","EX21-01","SCOPE_MATCH","제시한 업무·대상·처리단계가 귀 처의 실제 담당 범위와 일치합니까?","UNANSWERED","","","","","미검토",""
"SURVEY-EX21-EX21-01-CURRENT_STATE","EX21","도심항공정책처","EX21-01","CURRENT_STATE","제시한 병목이 현재 발생하는지 어떤 상태로 확인하고 있습니까?","UNANSWERED","","","","","미검토",""
"SURVEY-EX21-EX21-01-BOTTLENECK_VALIDITY","EX21","도심항공정책처","EX21-01","BOTTLENECK_VALIDITY","제시한 병목 설명과 원인 가설이 실제 상황을 설명하는 데 타당합니까?","UNANSWERED","","","","","미검토",""
"SURVEY-EX21-EX21-01-VALIDITY_REASON","EX21","도심항공정책처","EX21-01","VALIDITY_REASON","정합성·발생 상태·타당성 판단의 이유와 고쳐야 할 내용을 작성해 주십시오.","UNANSWERED","","","","","미검토",""
"SURVEY-EX21-EX21-01-EVIDENCE_BASIS","EX21","도심항공정책처","EX21-01","EVIDENCE_BASIS","판단에 사용한 근거는 무엇입니까?","UNANSWERED","","","","","미검토",""
"SURVEY-EX21-EX21-01-ACTUAL_CASE","EX21","도심항공정책처","EX21-01","ACTUAL_CASE","공유 가능한 사례가 있다면 언제·어느 단계·누구에게 어떤 결과나 부담이 발생했는지 작성해 주십시오.","UNANSWERED","","","","","미검토",""
"SURVEY-EX21-EX21-01-COUNTER_EVIDENCE","EX21","도심항공정책처","EX21-01","COUNTER_EVIDENCE","문제 없이 완료했거나 제시한 설명과 다른 사례, 다른 원인이 있습니까?","UNANSWERED","","","","","미검토",""
"SURVEY-EX21-EX21-01-EXISTING_RESPONSE","EX21","도심항공정책처","EX21-01","EXISTING_RESPONSE","현재 시스템·AI·서식·규칙·협의절차로 해결하는 부분과 남는 문제는 무엇입니까?","UNANSWERED","","","","","미검토",""
"SURVEY-EX21-EX21-01-IMPROVEMENT_METHOD","EX21","도심항공정책처","EX21-01","IMPROVEMENT_METHOD","개선이 필요하다면 어떤 방식이 적절하다고 봅니까?","UNANSWERED","","","","","미검토",""
"SURVEY-EX21-EX21-01-AI_ADDED_VALUE","EX21","도심항공정책처","EX21-01","AI_ADDED_VALUE","NOA 등 AI를 추가하면 기존 도구·정형 개선으로 달성하기 어려운 어떤 결과를 얻을 수 있습니까?","UNANSWERED","","","","","미검토",""
"SURVEY-EX21-EX21-01-FEASIBILITY_CONDITIONS","EX21","도심항공정책처","EX21-01","FEASIBILITY_CONDITIONS","추가 AI 적용을 위해 어떤 자료·연계·권한·전문 검수·운영조건을 확보해야 합니까?","UNANSWERED","","","","","미검토",""
"SURVEY-EX21-EX21-01-RISK_AND_CONCERN","EX21","도심항공정책처","EX21-01","RISK_AND_CONCERN","제안 방식이 오판·과다 보완·정보 노출·추가 업무·이용자 배제 등을 일으킬 조건은 무엇입니까?","UNANSWERED","","","","","미검토",""
"SURVEY-EX21-EX21-01-EFFECT_AND_MEASUREMENT","EX21","도심항공정책처","EX21-01","EFFECT_AND_MEASUREMENT","제시한 효과 지표가 적절합니까? 실제 기록으로 확인할 결과와 측정하기 어려운 부분을 작성해 주십시오.","UNANSWERED","","","","","미검토",""
"SURVEY-EX21-EX21-01-ALTERNATIVE_PROPOSAL","EX21","도심항공정책처","EX21-01","ALTERNATIVE_PROPOSAL","제안된 CCK 적용 방법을 수정·축소·제외하거나 다른 방법으로 해결할 의견이 있습니까?","UNANSWERED","","","","","미검토",""
"SURVEY-EX21-EX21-01-PRIORITY_REASON","EX21","도심항공정책처","EX21-01","PRIORITY_REASON","이 문제를 다른 업무와 비교하여 왜 먼저 검토하거나 뒤로 미루어야 합니까?","UNANSWERED","","","","","미검토",""
"SURVEY-EX21-COMMON-OTHER_WORK_DIFFICULTY","EX21","도심항공정책처","COMMON","OTHER_WORK_DIFFICULTY","제시된 병목 외에 업무처리나 정확한 판단을 어렵게 만드는 지점은 무엇입니까?","UNANSWERED","","","","","미검토",""
"SURVEY-EX21-COMMON-PUBLIC_SERVICE_ISSUE","EX21","도심항공정책처","COMMON","PUBLIC_SERVICE_ISSUE","국민·기업이 안전·검사·자격·교통 서비스를 이용할 때 추가로 겪는 불편이나 권익 문제는 무엇입니까?","UNANSWERED","","","","","미검토",""
"SURVEY-EX21-COMMON-NEW_PROBLEM","EX21","도심항공정책처","COMMON","NEW_PROBLEM","이번 조사에서 빠진 문제나 다른 원인 설명이 있다면 작성해 주십시오.","UNANSWERED","","","","","미검토",""
"SURVEY-EX21-COMMON-AX_EXPANSION_OPINION","EX21","도심항공정책처","COMMON","AX_EXPANSION_OPINION","현재 플랫폼을 확대한다면 어떤 업무의 어떤 결과를 우선 개선해야 합니까?","UNANSWERED","","","","","미검토",""
"SURVEY-EX21-COMMON-EXPANSION_LIMIT","EX21","도심항공정책처","COMMON","EXPANSION_LIMIT","별도 전문시스템이나 권한자의 판단에 남겨야 할 범위와 확대 제약은 무엇입니까?","UNANSWERED","","","","","미검토",""
"SURVEY-EX22-COMMON-ROLE","EX22","철도안전처","COMMON","ROLE","이번 의견을 작성하는 업무 역할은 무엇입니까?","UNANSWERED","","","","","미검토",""
"SURVEY-EX22-COMMON-POSITION","EX22","철도안전처","COMMON","POSITION","이 응답은 어떤 범위의 의견입니까?","UNANSWERED","","","","","미검토",""
"SURVEY-EX22-COMMON-CURRENT_USE","EX22","철도안전처","COMMON","CURRENT_USE","현재 NOA 또는 AI 공통플랫폼을 어떤 업무에 사용하거나 확인하고 있습니까? 사용하지 않거나 기능을 모르는 경우도 작성해 주십시오.","UNANSWERED","","","","","미검토",""
"SURVEY-EX22-EX22-01-SCOPE_MATCH","EX22","철도안전처","EX22-01","SCOPE_MATCH","제시한 업무·대상·처리단계가 귀 처의 실제 담당 범위와 일치합니까?","UNANSWERED","","","","","미검토",""
"SURVEY-EX22-EX22-01-CURRENT_STATE","EX22","철도안전처","EX22-01","CURRENT_STATE","제시한 병목이 현재 발생하는지 어떤 상태로 확인하고 있습니까?","UNANSWERED","","","","","미검토",""
"SURVEY-EX22-EX22-01-BOTTLENECK_VALIDITY","EX22","철도안전처","EX22-01","BOTTLENECK_VALIDITY","제시한 병목 설명과 원인 가설이 실제 상황을 설명하는 데 타당합니까?","UNANSWERED","","","","","미검토",""
"SURVEY-EX22-EX22-01-VALIDITY_REASON","EX22","철도안전처","EX22-01","VALIDITY_REASON","정합성·발생 상태·타당성 판단의 이유와 고쳐야 할 내용을 작성해 주십시오.","UNANSWERED","","","","","미검토",""
"SURVEY-EX22-EX22-01-EVIDENCE_BASIS","EX22","철도안전처","EX22-01","EVIDENCE_BASIS","판단에 사용한 근거는 무엇입니까?","UNANSWERED","","","","","미검토",""
"SURVEY-EX22-EX22-01-ACTUAL_CASE","EX22","철도안전처","EX22-01","ACTUAL_CASE","공유 가능한 사례가 있다면 언제·어느 단계·누구에게 어떤 결과나 부담이 발생했는지 작성해 주십시오.","UNANSWERED","","","","","미검토",""
"SURVEY-EX22-EX22-01-COUNTER_EVIDENCE","EX22","철도안전처","EX22-01","COUNTER_EVIDENCE","문제 없이 완료했거나 제시한 설명과 다른 사례, 다른 원인이 있습니까?","UNANSWERED","","","","","미검토",""
"SURVEY-EX22-EX22-01-EXISTING_RESPONSE","EX22","철도안전처","EX22-01","EXISTING_RESPONSE","현재 시스템·AI·서식·규칙·협의절차로 해결하는 부분과 남는 문제는 무엇입니까?","UNANSWERED","","","","","미검토",""
"SURVEY-EX22-EX22-01-IMPROVEMENT_METHOD","EX22","철도안전처","EX22-01","IMPROVEMENT_METHOD","개선이 필요하다면 어떤 방식이 적절하다고 봅니까?","UNANSWERED","","","","","미검토",""
"SURVEY-EX22-EX22-01-AI_ADDED_VALUE","EX22","철도안전처","EX22-01","AI_ADDED_VALUE","NOA 등 AI를 추가하면 기존 도구·정형 개선으로 달성하기 어려운 어떤 결과를 얻을 수 있습니까?","UNANSWERED","","","","","미검토",""
"SURVEY-EX22-EX22-01-FEASIBILITY_CONDITIONS","EX22","철도안전처","EX22-01","FEASIBILITY_CONDITIONS","추가 AI 적용을 위해 어떤 자료·연계·권한·전문 검수·운영조건을 확보해야 합니까?","UNANSWERED","","","","","미검토",""
"SURVEY-EX22-EX22-01-RISK_AND_CONCERN","EX22","철도안전처","EX22-01","RISK_AND_CONCERN","제안 방식이 오판·과다 보완·정보 노출·추가 업무·이용자 배제 등을 일으킬 조건은 무엇입니까?","UNANSWERED","","","","","미검토",""
"SURVEY-EX22-EX22-01-EFFECT_AND_MEASUREMENT","EX22","철도안전처","EX22-01","EFFECT_AND_MEASUREMENT","제시한 효과 지표가 적절합니까? 실제 기록으로 확인할 결과와 측정하기 어려운 부분을 작성해 주십시오.","UNANSWERED","","","","","미검토",""
"SURVEY-EX22-EX22-01-ALTERNATIVE_PROPOSAL","EX22","철도안전처","EX22-01","ALTERNATIVE_PROPOSAL","제안된 CCK 적용 방법을 수정·축소·제외하거나 다른 방법으로 해결할 의견이 있습니까?","UNANSWERED","","","","","미검토",""
"SURVEY-EX22-EX22-01-PRIORITY_REASON","EX22","철도안전처","EX22-01","PRIORITY_REASON","이 문제를 다른 업무와 비교하여 왜 먼저 검토하거나 뒤로 미루어야 합니까?","UNANSWERED","","","","","미검토",""
"SURVEY-EX22-EX22-02-SCOPE_MATCH","EX22","철도안전처","EX22-02","SCOPE_MATCH","제시한 업무·대상·처리단계가 귀 처의 실제 담당 범위와 일치합니까?","UNANSWERED","","","","","미검토",""
"SURVEY-EX22-EX22-02-CURRENT_STATE","EX22","철도안전처","EX22-02","CURRENT_STATE","제시한 병목이 현재 발생하는지 어떤 상태로 확인하고 있습니까?","UNANSWERED","","","","","미검토",""
"SURVEY-EX22-EX22-02-BOTTLENECK_VALIDITY","EX22","철도안전처","EX22-02","BOTTLENECK_VALIDITY","제시한 병목 설명과 원인 가설이 실제 상황을 설명하는 데 타당합니까?","UNANSWERED","","","","","미검토",""
"SURVEY-EX22-EX22-02-VALIDITY_REASON","EX22","철도안전처","EX22-02","VALIDITY_REASON","정합성·발생 상태·타당성 판단의 이유와 고쳐야 할 내용을 작성해 주십시오.","UNANSWERED","","","","","미검토",""
"SURVEY-EX22-EX22-02-EVIDENCE_BASIS","EX22","철도안전처","EX22-02","EVIDENCE_BASIS","판단에 사용한 근거는 무엇입니까?","UNANSWERED","","","","","미검토",""
"SURVEY-EX22-EX22-02-ACTUAL_CASE","EX22","철도안전처","EX22-02","ACTUAL_CASE","공유 가능한 사례가 있다면 언제·어느 단계·누구에게 어떤 결과나 부담이 발생했는지 작성해 주십시오.","UNANSWERED","","","","","미검토",""
"SURVEY-EX22-EX22-02-COUNTER_EVIDENCE","EX22","철도안전처","EX22-02","COUNTER_EVIDENCE","문제 없이 완료했거나 제시한 설명과 다른 사례, 다른 원인이 있습니까?","UNANSWERED","","","","","미검토",""
"SURVEY-EX22-EX22-02-EXISTING_RESPONSE","EX22","철도안전처","EX22-02","EXISTING_RESPONSE","현재 시스템·AI·서식·규칙·협의절차로 해결하는 부분과 남는 문제는 무엇입니까?","UNANSWERED","","","","","미검토",""
"SURVEY-EX22-EX22-02-IMPROVEMENT_METHOD","EX22","철도안전처","EX22-02","IMPROVEMENT_METHOD","개선이 필요하다면 어떤 방식이 적절하다고 봅니까?","UNANSWERED","","","","","미검토",""
"SURVEY-EX22-EX22-02-AI_ADDED_VALUE","EX22","철도안전처","EX22-02","AI_ADDED_VALUE","NOA 등 AI를 추가하면 기존 도구·정형 개선으로 달성하기 어려운 어떤 결과를 얻을 수 있습니까?","UNANSWERED","","","","","미검토",""
"SURVEY-EX22-EX22-02-FEASIBILITY_CONDITIONS","EX22","철도안전처","EX22-02","FEASIBILITY_CONDITIONS","추가 AI 적용을 위해 어떤 자료·연계·권한·전문 검수·운영조건을 확보해야 합니까?","UNANSWERED","","","","","미검토",""
"SURVEY-EX22-EX22-02-RISK_AND_CONCERN","EX22","철도안전처","EX22-02","RISK_AND_CONCERN","제안 방식이 오판·과다 보완·정보 노출·추가 업무·이용자 배제 등을 일으킬 조건은 무엇입니까?","UNANSWERED","","","","","미검토",""
"SURVEY-EX22-EX22-02-EFFECT_AND_MEASUREMENT","EX22","철도안전처","EX22-02","EFFECT_AND_MEASUREMENT","제시한 효과 지표가 적절합니까? 실제 기록으로 확인할 결과와 측정하기 어려운 부분을 작성해 주십시오.","UNANSWERED","","","","","미검토",""
"SURVEY-EX22-EX22-02-ALTERNATIVE_PROPOSAL","EX22","철도안전처","EX22-02","ALTERNATIVE_PROPOSAL","제안된 CCK 적용 방법을 수정·축소·제외하거나 다른 방법으로 해결할 의견이 있습니까?","UNANSWERED","","","","","미검토",""
"SURVEY-EX22-EX22-02-PRIORITY_REASON","EX22","철도안전처","EX22-02","PRIORITY_REASON","이 문제를 다른 업무와 비교하여 왜 먼저 검토하거나 뒤로 미루어야 합니까?","UNANSWERED","","","","","미검토",""
"SURVEY-EX22-COMMON-OTHER_WORK_DIFFICULTY","EX22","철도안전처","COMMON","OTHER_WORK_DIFFICULTY","제시된 병목 외에 업무처리나 정확한 판단을 어렵게 만드는 지점은 무엇입니까?","UNANSWERED","","","","","미검토",""
"SURVEY-EX22-COMMON-PUBLIC_SERVICE_ISSUE","EX22","철도안전처","COMMON","PUBLIC_SERVICE_ISSUE","국민·기업이 안전·검사·자격·교통 서비스를 이용할 때 추가로 겪는 불편이나 권익 문제는 무엇입니까?","UNANSWERED","","","","","미검토",""
"SURVEY-EX22-COMMON-NEW_PROBLEM","EX22","철도안전처","COMMON","NEW_PROBLEM","이번 조사에서 빠진 문제나 다른 원인 설명이 있다면 작성해 주십시오.","UNANSWERED","","","","","미검토",""
"SURVEY-EX22-COMMON-AX_EXPANSION_OPINION","EX22","철도안전처","COMMON","AX_EXPANSION_OPINION","현재 플랫폼을 확대한다면 어떤 업무의 어떤 결과를 우선 개선해야 합니까?","UNANSWERED","","","","","미검토",""
"SURVEY-EX22-COMMON-EXPANSION_LIMIT","EX22","철도안전처","COMMON","EXPANSION_LIMIT","별도 전문시스템이나 권한자의 판단에 남겨야 할 범위와 확대 제약은 무엇입니까?","UNANSWERED","","","","","미검토",""
"SURVEY-EX23-COMMON-ROLE","EX23","철도승인처","COMMON","ROLE","이번 의견을 작성하는 업무 역할은 무엇입니까?","UNANSWERED","","","","","미검토",""
"SURVEY-EX23-COMMON-POSITION","EX23","철도승인처","COMMON","POSITION","이 응답은 어떤 범위의 의견입니까?","UNANSWERED","","","","","미검토",""
"SURVEY-EX23-COMMON-CURRENT_USE","EX23","철도승인처","COMMON","CURRENT_USE","현재 NOA 또는 AI 공통플랫폼을 어떤 업무에 사용하거나 확인하고 있습니까? 사용하지 않거나 기능을 모르는 경우도 작성해 주십시오.","UNANSWERED","","","","","미검토",""
"SURVEY-EX23-EX23-01-SCOPE_MATCH","EX23","철도승인처","EX23-01","SCOPE_MATCH","제시한 업무·대상·처리단계가 귀 처의 실제 담당 범위와 일치합니까?","UNANSWERED","","","","","미검토",""
"SURVEY-EX23-EX23-01-CURRENT_STATE","EX23","철도승인처","EX23-01","CURRENT_STATE","제시한 병목이 현재 발생하는지 어떤 상태로 확인하고 있습니까?","UNANSWERED","","","","","미검토",""
"SURVEY-EX23-EX23-01-BOTTLENECK_VALIDITY","EX23","철도승인처","EX23-01","BOTTLENECK_VALIDITY","제시한 병목 설명과 원인 가설이 실제 상황을 설명하는 데 타당합니까?","UNANSWERED","","","","","미검토",""
"SURVEY-EX23-EX23-01-VALIDITY_REASON","EX23","철도승인처","EX23-01","VALIDITY_REASON","정합성·발생 상태·타당성 판단의 이유와 고쳐야 할 내용을 작성해 주십시오.","UNANSWERED","","","","","미검토",""
"SURVEY-EX23-EX23-01-EVIDENCE_BASIS","EX23","철도승인처","EX23-01","EVIDENCE_BASIS","판단에 사용한 근거는 무엇입니까?","UNANSWERED","","","","","미검토",""
"SURVEY-EX23-EX23-01-ACTUAL_CASE","EX23","철도승인처","EX23-01","ACTUAL_CASE","공유 가능한 사례가 있다면 언제·어느 단계·누구에게 어떤 결과나 부담이 발생했는지 작성해 주십시오.","UNANSWERED","","","","","미검토",""
"SURVEY-EX23-EX23-01-COUNTER_EVIDENCE","EX23","철도승인처","EX23-01","COUNTER_EVIDENCE","문제 없이 완료했거나 제시한 설명과 다른 사례, 다른 원인이 있습니까?","UNANSWERED","","","","","미검토",""
"SURVEY-EX23-EX23-01-EXISTING_RESPONSE","EX23","철도승인처","EX23-01","EXISTING_RESPONSE","현재 시스템·AI·서식·규칙·협의절차로 해결하는 부분과 남는 문제는 무엇입니까?","UNANSWERED","","","","","미검토",""
"SURVEY-EX23-EX23-01-IMPROVEMENT_METHOD","EX23","철도승인처","EX23-01","IMPROVEMENT_METHOD","개선이 필요하다면 어떤 방식이 적절하다고 봅니까?","UNANSWERED","","","","","미검토",""
"SURVEY-EX23-EX23-01-AI_ADDED_VALUE","EX23","철도승인처","EX23-01","AI_ADDED_VALUE","NOA 등 AI를 추가하면 기존 도구·정형 개선으로 달성하기 어려운 어떤 결과를 얻을 수 있습니까?","UNANSWERED","","","","","미검토",""
"SURVEY-EX23-EX23-01-FEASIBILITY_CONDITIONS","EX23","철도승인처","EX23-01","FEASIBILITY_CONDITIONS","추가 AI 적용을 위해 어떤 자료·연계·권한·전문 검수·운영조건을 확보해야 합니까?","UNANSWERED","","","","","미검토",""
"SURVEY-EX23-EX23-01-RISK_AND_CONCERN","EX23","철도승인처","EX23-01","RISK_AND_CONCERN","제안 방식이 오판·과다 보완·정보 노출·추가 업무·이용자 배제 등을 일으킬 조건은 무엇입니까?","UNANSWERED","","","","","미검토",""
"SURVEY-EX23-EX23-01-EFFECT_AND_MEASUREMENT","EX23","철도승인처","EX23-01","EFFECT_AND_MEASUREMENT","제시한 효과 지표가 적절합니까? 실제 기록으로 확인할 결과와 측정하기 어려운 부분을 작성해 주십시오.","UNANSWERED","","","","","미검토",""
"SURVEY-EX23-EX23-01-ALTERNATIVE_PROPOSAL","EX23","철도승인처","EX23-01","ALTERNATIVE_PROPOSAL","제안된 CCK 적용 방법을 수정·축소·제외하거나 다른 방법으로 해결할 의견이 있습니까?","UNANSWERED","","","","","미검토",""
"SURVEY-EX23-EX23-01-PRIORITY_REASON","EX23","철도승인처","EX23-01","PRIORITY_REASON","이 문제를 다른 업무와 비교하여 왜 먼저 검토하거나 뒤로 미루어야 합니까?","UNANSWERED","","","","","미검토",""
"SURVEY-EX23-EX23-02-SCOPE_MATCH","EX23","철도승인처","EX23-02","SCOPE_MATCH","제시한 업무·대상·처리단계가 귀 처의 실제 담당 범위와 일치합니까?","UNANSWERED","","","","","미검토",""
"SURVEY-EX23-EX23-02-CURRENT_STATE","EX23","철도승인처","EX23-02","CURRENT_STATE","제시한 병목이 현재 발생하는지 어떤 상태로 확인하고 있습니까?","UNANSWERED","","","","","미검토",""
"SURVEY-EX23-EX23-02-BOTTLENECK_VALIDITY","EX23","철도승인처","EX23-02","BOTTLENECK_VALIDITY","제시한 병목 설명과 원인 가설이 실제 상황을 설명하는 데 타당합니까?","UNANSWERED","","","","","미검토",""
"SURVEY-EX23-EX23-02-VALIDITY_REASON","EX23","철도승인처","EX23-02","VALIDITY_REASON","정합성·발생 상태·타당성 판단의 이유와 고쳐야 할 내용을 작성해 주십시오.","UNANSWERED","","","","","미검토",""
"SURVEY-EX23-EX23-02-EVIDENCE_BASIS","EX23","철도승인처","EX23-02","EVIDENCE_BASIS","판단에 사용한 근거는 무엇입니까?","UNANSWERED","","","","","미검토",""
"SURVEY-EX23-EX23-02-ACTUAL_CASE","EX23","철도승인처","EX23-02","ACTUAL_CASE","공유 가능한 사례가 있다면 언제·어느 단계·누구에게 어떤 결과나 부담이 발생했는지 작성해 주십시오.","UNANSWERED","","","","","미검토",""
"SURVEY-EX23-EX23-02-COUNTER_EVIDENCE","EX23","철도승인처","EX23-02","COUNTER_EVIDENCE","문제 없이 완료했거나 제시한 설명과 다른 사례, 다른 원인이 있습니까?","UNANSWERED","","","","","미검토",""
"SURVEY-EX23-EX23-02-EXISTING_RESPONSE","EX23","철도승인처","EX23-02","EXISTING_RESPONSE","현재 시스템·AI·서식·규칙·협의절차로 해결하는 부분과 남는 문제는 무엇입니까?","UNANSWERED","","","","","미검토",""
"SURVEY-EX23-EX23-02-IMPROVEMENT_METHOD","EX23","철도승인처","EX23-02","IMPROVEMENT_METHOD","개선이 필요하다면 어떤 방식이 적절하다고 봅니까?","UNANSWERED","","","","","미검토",""
"SURVEY-EX23-EX23-02-AI_ADDED_VALUE","EX23","철도승인처","EX23-02","AI_ADDED_VALUE","NOA 등 AI를 추가하면 기존 도구·정형 개선으로 달성하기 어려운 어떤 결과를 얻을 수 있습니까?","UNANSWERED","","","","","미검토",""
"SURVEY-EX23-EX23-02-FEASIBILITY_CONDITIONS","EX23","철도승인처","EX23-02","FEASIBILITY_CONDITIONS","추가 AI 적용을 위해 어떤 자료·연계·권한·전문 검수·운영조건을 확보해야 합니까?","UNANSWERED","","","","","미검토",""
"SURVEY-EX23-EX23-02-RISK_AND_CONCERN","EX23","철도승인처","EX23-02","RISK_AND_CONCERN","제안 방식이 오판·과다 보완·정보 노출·추가 업무·이용자 배제 등을 일으킬 조건은 무엇입니까?","UNANSWERED","","","","","미검토",""
"SURVEY-EX23-EX23-02-EFFECT_AND_MEASUREMENT","EX23","철도승인처","EX23-02","EFFECT_AND_MEASUREMENT","제시한 효과 지표가 적절합니까? 실제 기록으로 확인할 결과와 측정하기 어려운 부분을 작성해 주십시오.","UNANSWERED","","","","","미검토",""
"SURVEY-EX23-EX23-02-ALTERNATIVE_PROPOSAL","EX23","철도승인처","EX23-02","ALTERNATIVE_PROPOSAL","제안된 CCK 적용 방법을 수정·축소·제외하거나 다른 방법으로 해결할 의견이 있습니까?","UNANSWERED","","","","","미검토",""
"SURVEY-EX23-EX23-02-PRIORITY_REASON","EX23","철도승인처","EX23-02","PRIORITY_REASON","이 문제를 다른 업무와 비교하여 왜 먼저 검토하거나 뒤로 미루어야 합니까?","UNANSWERED","","","","","미검토",""
"SURVEY-EX23-COMMON-OTHER_WORK_DIFFICULTY","EX23","철도승인처","COMMON","OTHER_WORK_DIFFICULTY","제시된 병목 외에 업무처리나 정확한 판단을 어렵게 만드는 지점은 무엇입니까?","UNANSWERED","","","","","미검토",""
"SURVEY-EX23-COMMON-PUBLIC_SERVICE_ISSUE","EX23","철도승인처","COMMON","PUBLIC_SERVICE_ISSUE","국민·기업이 안전·검사·자격·교통 서비스를 이용할 때 추가로 겪는 불편이나 권익 문제는 무엇입니까?","UNANSWERED","","","","","미검토",""
"SURVEY-EX23-COMMON-NEW_PROBLEM","EX23","철도승인처","COMMON","NEW_PROBLEM","이번 조사에서 빠진 문제나 다른 원인 설명이 있다면 작성해 주십시오.","UNANSWERED","","","","","미검토",""
"SURVEY-EX23-COMMON-AX_EXPANSION_OPINION","EX23","철도승인처","COMMON","AX_EXPANSION_OPINION","현재 플랫폼을 확대한다면 어떤 업무의 어떤 결과를 우선 개선해야 합니까?","UNANSWERED","","","","","미검토",""
"SURVEY-EX23-COMMON-EXPANSION_LIMIT","EX23","철도승인처","COMMON","EXPANSION_LIMIT","별도 전문시스템이나 권한자의 판단에 남겨야 할 범위와 확대 제약은 무엇입니까?","UNANSWERED","","","","","미검토",""
"SURVEY-EX24-COMMON-ROLE","EX24","철도검사처","COMMON","ROLE","이번 의견을 작성하는 업무 역할은 무엇입니까?","UNANSWERED","","","","","미검토",""
"SURVEY-EX24-COMMON-POSITION","EX24","철도검사처","COMMON","POSITION","이 응답은 어떤 범위의 의견입니까?","UNANSWERED","","","","","미검토",""
"SURVEY-EX24-COMMON-CURRENT_USE","EX24","철도검사처","COMMON","CURRENT_USE","현재 NOA 또는 AI 공통플랫폼을 어떤 업무에 사용하거나 확인하고 있습니까? 사용하지 않거나 기능을 모르는 경우도 작성해 주십시오.","UNANSWERED","","","","","미검토",""
"SURVEY-EX24-EX24-01-SCOPE_MATCH","EX24","철도검사처","EX24-01","SCOPE_MATCH","제시한 업무·대상·처리단계가 귀 처의 실제 담당 범위와 일치합니까?","UNANSWERED","","","","","미검토",""
"SURVEY-EX24-EX24-01-CURRENT_STATE","EX24","철도검사처","EX24-01","CURRENT_STATE","제시한 병목이 현재 발생하는지 어떤 상태로 확인하고 있습니까?","UNANSWERED","","","","","미검토",""
"SURVEY-EX24-EX24-01-BOTTLENECK_VALIDITY","EX24","철도검사처","EX24-01","BOTTLENECK_VALIDITY","제시한 병목 설명과 원인 가설이 실제 상황을 설명하는 데 타당합니까?","UNANSWERED","","","","","미검토",""
"SURVEY-EX24-EX24-01-VALIDITY_REASON","EX24","철도검사처","EX24-01","VALIDITY_REASON","정합성·발생 상태·타당성 판단의 이유와 고쳐야 할 내용을 작성해 주십시오.","UNANSWERED","","","","","미검토",""
"SURVEY-EX24-EX24-01-EVIDENCE_BASIS","EX24","철도검사처","EX24-01","EVIDENCE_BASIS","판단에 사용한 근거는 무엇입니까?","UNANSWERED","","","","","미검토",""
"SURVEY-EX24-EX24-01-ACTUAL_CASE","EX24","철도검사처","EX24-01","ACTUAL_CASE","공유 가능한 사례가 있다면 언제·어느 단계·누구에게 어떤 결과나 부담이 발생했는지 작성해 주십시오.","UNANSWERED","","","","","미검토",""
"SURVEY-EX24-EX24-01-COUNTER_EVIDENCE","EX24","철도검사처","EX24-01","COUNTER_EVIDENCE","문제 없이 완료했거나 제시한 설명과 다른 사례, 다른 원인이 있습니까?","UNANSWERED","","","","","미검토",""
"SURVEY-EX24-EX24-01-EXISTING_RESPONSE","EX24","철도검사처","EX24-01","EXISTING_RESPONSE","현재 시스템·AI·서식·규칙·협의절차로 해결하는 부분과 남는 문제는 무엇입니까?","UNANSWERED","","","","","미검토",""
"SURVEY-EX24-EX24-01-IMPROVEMENT_METHOD","EX24","철도검사처","EX24-01","IMPROVEMENT_METHOD","개선이 필요하다면 어떤 방식이 적절하다고 봅니까?","UNANSWERED","","","","","미검토",""
"SURVEY-EX24-EX24-01-AI_ADDED_VALUE","EX24","철도검사처","EX24-01","AI_ADDED_VALUE","NOA 등 AI를 추가하면 기존 도구·정형 개선으로 달성하기 어려운 어떤 결과를 얻을 수 있습니까?","UNANSWERED","","","","","미검토",""
"SURVEY-EX24-EX24-01-FEASIBILITY_CONDITIONS","EX24","철도검사처","EX24-01","FEASIBILITY_CONDITIONS","추가 AI 적용을 위해 어떤 자료·연계·권한·전문 검수·운영조건을 확보해야 합니까?","UNANSWERED","","","","","미검토",""
"SURVEY-EX24-EX24-01-RISK_AND_CONCERN","EX24","철도검사처","EX24-01","RISK_AND_CONCERN","제안 방식이 오판·과다 보완·정보 노출·추가 업무·이용자 배제 등을 일으킬 조건은 무엇입니까?","UNANSWERED","","","","","미검토",""
"SURVEY-EX24-EX24-01-EFFECT_AND_MEASUREMENT","EX24","철도검사처","EX24-01","EFFECT_AND_MEASUREMENT","제시한 효과 지표가 적절합니까? 실제 기록으로 확인할 결과와 측정하기 어려운 부분을 작성해 주십시오.","UNANSWERED","","","","","미검토",""
"SURVEY-EX24-EX24-01-ALTERNATIVE_PROPOSAL","EX24","철도검사처","EX24-01","ALTERNATIVE_PROPOSAL","제안된 CCK 적용 방법을 수정·축소·제외하거나 다른 방법으로 해결할 의견이 있습니까?","UNANSWERED","","","","","미검토",""
"SURVEY-EX24-EX24-01-PRIORITY_REASON","EX24","철도검사처","EX24-01","PRIORITY_REASON","이 문제를 다른 업무와 비교하여 왜 먼저 검토하거나 뒤로 미루어야 합니까?","UNANSWERED","","","","","미검토",""
"SURVEY-EX24-COMMON-OTHER_WORK_DIFFICULTY","EX24","철도검사처","COMMON","OTHER_WORK_DIFFICULTY","제시된 병목 외에 업무처리나 정확한 판단을 어렵게 만드는 지점은 무엇입니까?","UNANSWERED","","","","","미검토",""
"SURVEY-EX24-COMMON-PUBLIC_SERVICE_ISSUE","EX24","철도검사처","COMMON","PUBLIC_SERVICE_ISSUE","국민·기업이 안전·검사·자격·교통 서비스를 이용할 때 추가로 겪는 불편이나 권익 문제는 무엇입니까?","UNANSWERED","","","","","미검토",""
"SURVEY-EX24-COMMON-NEW_PROBLEM","EX24","철도검사처","COMMON","NEW_PROBLEM","이번 조사에서 빠진 문제나 다른 원인 설명이 있다면 작성해 주십시오.","UNANSWERED","","","","","미검토",""
"SURVEY-EX24-COMMON-AX_EXPANSION_OPINION","EX24","철도검사처","COMMON","AX_EXPANSION_OPINION","현재 플랫폼을 확대한다면 어떤 업무의 어떤 결과를 우선 개선해야 합니까?","UNANSWERED","","","","","미검토",""
"SURVEY-EX24-COMMON-EXPANSION_LIMIT","EX24","철도검사처","COMMON","EXPANSION_LIMIT","별도 전문시스템이나 권한자의 판단에 남겨야 할 범위와 확대 제약은 무엇입니까?","UNANSWERED","","","","","미검토",""
"SURVEY-EX25-COMMON-ROLE","EX25","철도기술처","COMMON","ROLE","이번 의견을 작성하는 업무 역할은 무엇입니까?","UNANSWERED","","","","","미검토",""
"SURVEY-EX25-COMMON-POSITION","EX25","철도기술처","COMMON","POSITION","이 응답은 어떤 범위의 의견입니까?","UNANSWERED","","","","","미검토",""
"SURVEY-EX25-COMMON-CURRENT_USE","EX25","철도기술처","COMMON","CURRENT_USE","현재 NOA 또는 AI 공통플랫폼을 어떤 업무에 사용하거나 확인하고 있습니까? 사용하지 않거나 기능을 모르는 경우도 작성해 주십시오.","UNANSWERED","","","","","미검토",""
"SURVEY-EX25-EX25-01-SCOPE_MATCH","EX25","철도기술처","EX25-01","SCOPE_MATCH","제시한 업무·대상·처리단계가 귀 처의 실제 담당 범위와 일치합니까?","UNANSWERED","","","","","미검토",""
"SURVEY-EX25-EX25-01-CURRENT_STATE","EX25","철도기술처","EX25-01","CURRENT_STATE","제시한 병목이 현재 발생하는지 어떤 상태로 확인하고 있습니까?","UNANSWERED","","","","","미검토",""
"SURVEY-EX25-EX25-01-BOTTLENECK_VALIDITY","EX25","철도기술처","EX25-01","BOTTLENECK_VALIDITY","제시한 병목 설명과 원인 가설이 실제 상황을 설명하는 데 타당합니까?","UNANSWERED","","","","","미검토",""
"SURVEY-EX25-EX25-01-VALIDITY_REASON","EX25","철도기술처","EX25-01","VALIDITY_REASON","정합성·발생 상태·타당성 판단의 이유와 고쳐야 할 내용을 작성해 주십시오.","UNANSWERED","","","","","미검토",""
"SURVEY-EX25-EX25-01-EVIDENCE_BASIS","EX25","철도기술처","EX25-01","EVIDENCE_BASIS","판단에 사용한 근거는 무엇입니까?","UNANSWERED","","","","","미검토",""
"SURVEY-EX25-EX25-01-ACTUAL_CASE","EX25","철도기술처","EX25-01","ACTUAL_CASE","공유 가능한 사례가 있다면 언제·어느 단계·누구에게 어떤 결과나 부담이 발생했는지 작성해 주십시오.","UNANSWERED","","","","","미검토",""
"SURVEY-EX25-EX25-01-COUNTER_EVIDENCE","EX25","철도기술처","EX25-01","COUNTER_EVIDENCE","문제 없이 완료했거나 제시한 설명과 다른 사례, 다른 원인이 있습니까?","UNANSWERED","","","","","미검토",""
"SURVEY-EX25-EX25-01-EXISTING_RESPONSE","EX25","철도기술처","EX25-01","EXISTING_RESPONSE","현재 시스템·AI·서식·규칙·협의절차로 해결하는 부분과 남는 문제는 무엇입니까?","UNANSWERED","","","","","미검토",""
"SURVEY-EX25-EX25-01-IMPROVEMENT_METHOD","EX25","철도기술처","EX25-01","IMPROVEMENT_METHOD","개선이 필요하다면 어떤 방식이 적절하다고 봅니까?","UNANSWERED","","","","","미검토",""
"SURVEY-EX25-EX25-01-AI_ADDED_VALUE","EX25","철도기술처","EX25-01","AI_ADDED_VALUE","NOA 등 AI를 추가하면 기존 도구·정형 개선으로 달성하기 어려운 어떤 결과를 얻을 수 있습니까?","UNANSWERED","","","","","미검토",""
"SURVEY-EX25-EX25-01-FEASIBILITY_CONDITIONS","EX25","철도기술처","EX25-01","FEASIBILITY_CONDITIONS","추가 AI 적용을 위해 어떤 자료·연계·권한·전문 검수·운영조건을 확보해야 합니까?","UNANSWERED","","","","","미검토",""
"SURVEY-EX25-EX25-01-RISK_AND_CONCERN","EX25","철도기술처","EX25-01","RISK_AND_CONCERN","제안 방식이 오판·과다 보완·정보 노출·추가 업무·이용자 배제 등을 일으킬 조건은 무엇입니까?","UNANSWERED","","","","","미검토",""
"SURVEY-EX25-EX25-01-EFFECT_AND_MEASUREMENT","EX25","철도기술처","EX25-01","EFFECT_AND_MEASUREMENT","제시한 효과 지표가 적절합니까? 실제 기록으로 확인할 결과와 측정하기 어려운 부분을 작성해 주십시오.","UNANSWERED","","","","","미검토",""
"SURVEY-EX25-EX25-01-ALTERNATIVE_PROPOSAL","EX25","철도기술처","EX25-01","ALTERNATIVE_PROPOSAL","제안된 CCK 적용 방법을 수정·축소·제외하거나 다른 방법으로 해결할 의견이 있습니까?","UNANSWERED","","","","","미검토",""
"SURVEY-EX25-EX25-01-PRIORITY_REASON","EX25","철도기술처","EX25-01","PRIORITY_REASON","이 문제를 다른 업무와 비교하여 왜 먼저 검토하거나 뒤로 미루어야 합니까?","UNANSWERED","","","","","미검토",""
"SURVEY-EX25-COMMON-OTHER_WORK_DIFFICULTY","EX25","철도기술처","COMMON","OTHER_WORK_DIFFICULTY","제시된 병목 외에 업무처리나 정확한 판단을 어렵게 만드는 지점은 무엇입니까?","UNANSWERED","","","","","미검토",""
"SURVEY-EX25-COMMON-PUBLIC_SERVICE_ISSUE","EX25","철도기술처","COMMON","PUBLIC_SERVICE_ISSUE","국민·기업이 안전·검사·자격·교통 서비스를 이용할 때 추가로 겪는 불편이나 권익 문제는 무엇입니까?","UNANSWERED","","","","","미검토",""
"SURVEY-EX25-COMMON-NEW_PROBLEM","EX25","철도기술처","COMMON","NEW_PROBLEM","이번 조사에서 빠진 문제나 다른 원인 설명이 있다면 작성해 주십시오.","UNANSWERED","","","","","미검토",""
"SURVEY-EX25-COMMON-AX_EXPANSION_OPINION","EX25","철도기술처","COMMON","AX_EXPANSION_OPINION","현재 플랫폼을 확대한다면 어떤 업무의 어떤 결과를 우선 개선해야 합니까?","UNANSWERED","","","","","미검토",""
"SURVEY-EX25-COMMON-EXPANSION_LIMIT","EX25","철도기술처","COMMON","EXPANSION_LIMIT","별도 전문시스템이나 권한자의 판단에 남겨야 할 범위와 확대 제약은 무엇입니까?","UNANSWERED","","","","","미검토",""
"SURVEY-katri-research-planning-COMMON-ROLE","katri-research-planning","연구기획처","COMMON","ROLE","이번 의견을 작성하는 업무 역할은 무엇입니까?","UNANSWERED","","","","","미검토",""
"SURVEY-katri-research-planning-COMMON-POSITION","katri-research-planning","연구기획처","COMMON","POSITION","이 응답은 어떤 범위의 의견입니까?","UNANSWERED","","","","","미검토",""
"SURVEY-katri-research-planning-COMMON-CURRENT_USE","katri-research-planning","연구기획처","COMMON","CURRENT_USE","현재 NOA 또는 AI 공통플랫폼을 어떤 업무에 사용하거나 확인하고 있습니까? 사용하지 않거나 기능을 모르는 경우도 작성해 주십시오.","UNANSWERED","","","","","미검토",""
"SURVEY-katri-research-planning-katri-research-planning-DISCOVERY_SCOPE","katri-research-planning","연구기획처","katri-research-planning","DISCOVERY_SCOPE","현재 담당하는 개별 업무·대상자·입력자료·결과·권한은 무엇입니까?","UNANSWERED","","","","","미검토",""
"SURVEY-katri-research-planning-katri-research-planning-DISCOVERY_CURRENT","katri-research-planning","연구기획처","katri-research-planning","DISCOVERY_CURRENT","어떤 순서와 기준으로 처리하며 현재 시스템·서식·AI가 어디까지 지원합니까?","UNANSWERED","","","","","미검토",""
"SURVEY-katri-research-planning-katri-research-planning-DISCOVERY_PROBLEM","katri-research-planning","연구기획처","katri-research-planning","DISCOVERY_PROBLEM","남는 어려움이 있습니까? 있다면 사례·영향·현재 대응·다른 원인을, 없다면 확인 범위를 설명해 주십시오.","UNANSWERED","","","","","미검토",""
"SURVEY-katri-research-planning-COMMON-OTHER_WORK_DIFFICULTY","katri-research-planning","연구기획처","COMMON","OTHER_WORK_DIFFICULTY","제시된 병목 외에 업무처리나 정확한 판단을 어렵게 만드는 지점은 무엇입니까?","UNANSWERED","","","","","미검토",""
"SURVEY-katri-research-planning-COMMON-PUBLIC_SERVICE_ISSUE","katri-research-planning","연구기획처","COMMON","PUBLIC_SERVICE_ISSUE","국민·기업이 안전·검사·자격·교통 서비스를 이용할 때 추가로 겪는 불편이나 권익 문제는 무엇입니까?","UNANSWERED","","","","","미검토",""
"SURVEY-katri-research-planning-COMMON-NEW_PROBLEM","katri-research-planning","연구기획처","COMMON","NEW_PROBLEM","이번 조사에서 빠진 문제나 다른 원인 설명이 있다면 작성해 주십시오.","UNANSWERED","","","","","미검토",""
"SURVEY-katri-research-planning-COMMON-AX_EXPANSION_OPINION","katri-research-planning","연구기획처","COMMON","AX_EXPANSION_OPINION","현재 플랫폼을 확대한다면 어떤 업무의 어떤 결과를 우선 개선해야 합니까?","UNANSWERED","","","","","미검토",""
"SURVEY-katri-research-planning-COMMON-EXPANSION_LIMIT","katri-research-planning","연구기획처","COMMON","EXPANSION_LIMIT","별도 전문시스템이나 권한자의 판단에 남겨야 할 범위와 확대 제약은 무엇입니까?","UNANSWERED","","","","","미검토",""
"SURVEY-katri-research-support-COMMON-ROLE","katri-research-support","연구지원처","COMMON","ROLE","이번 의견을 작성하는 업무 역할은 무엇입니까?","UNANSWERED","","","","","미검토",""
"SURVEY-katri-research-support-COMMON-POSITION","katri-research-support","연구지원처","COMMON","POSITION","이 응답은 어떤 범위의 의견입니까?","UNANSWERED","","","","","미검토",""
"SURVEY-katri-research-support-COMMON-CURRENT_USE","katri-research-support","연구지원처","COMMON","CURRENT_USE","현재 NOA 또는 AI 공통플랫폼을 어떤 업무에 사용하거나 확인하고 있습니까? 사용하지 않거나 기능을 모르는 경우도 작성해 주십시오.","UNANSWERED","","","","","미검토",""
"SURVEY-katri-research-support-katri-research-support-DISCOVERY_SCOPE","katri-research-support","연구지원처","katri-research-support","DISCOVERY_SCOPE","현재 담당하는 개별 업무·대상자·입력자료·결과·권한은 무엇입니까?","UNANSWERED","","","","","미검토",""
"SURVEY-katri-research-support-katri-research-support-DISCOVERY_CURRENT","katri-research-support","연구지원처","katri-research-support","DISCOVERY_CURRENT","어떤 순서와 기준으로 처리하며 현재 시스템·서식·AI가 어디까지 지원합니까?","UNANSWERED","","","","","미검토",""
"SURVEY-katri-research-support-katri-research-support-DISCOVERY_PROBLEM","katri-research-support","연구지원처","katri-research-support","DISCOVERY_PROBLEM","남는 어려움이 있습니까? 있다면 사례·영향·현재 대응·다른 원인을, 없다면 확인 범위를 설명해 주십시오.","UNANSWERED","","","","","미검토",""
"SURVEY-katri-research-support-COMMON-OTHER_WORK_DIFFICULTY","katri-research-support","연구지원처","COMMON","OTHER_WORK_DIFFICULTY","제시된 병목 외에 업무처리나 정확한 판단을 어렵게 만드는 지점은 무엇입니까?","UNANSWERED","","","","","미검토",""
"SURVEY-katri-research-support-COMMON-PUBLIC_SERVICE_ISSUE","katri-research-support","연구지원처","COMMON","PUBLIC_SERVICE_ISSUE","국민·기업이 안전·검사·자격·교통 서비스를 이용할 때 추가로 겪는 불편이나 권익 문제는 무엇입니까?","UNANSWERED","","","","","미검토",""
"SURVEY-katri-research-support-COMMON-NEW_PROBLEM","katri-research-support","연구지원처","COMMON","NEW_PROBLEM","이번 조사에서 빠진 문제나 다른 원인 설명이 있다면 작성해 주십시오.","UNANSWERED","","","","","미검토",""
"SURVEY-katri-research-support-COMMON-AX_EXPANSION_OPINION","katri-research-support","연구지원처","COMMON","AX_EXPANSION_OPINION","현재 플랫폼을 확대한다면 어떤 업무의 어떤 결과를 우선 개선해야 합니까?","UNANSWERED","","","","","미검토",""
"SURVEY-katri-research-support-COMMON-EXPANSION_LIMIT","katri-research-support","연구지원처","COMMON","EXPANSION_LIMIT","별도 전문시스템이나 권한자의 판단에 남겨야 할 범위와 확대 제약은 무엇입니까?","UNANSWERED","","","","","미검토",""
"SURVEY-katri-defect-policy-COMMON-ROLE","katri-defect-policy","결함정책처","COMMON","ROLE","이번 의견을 작성하는 업무 역할은 무엇입니까?","UNANSWERED","","","","","미검토",""
"SURVEY-katri-defect-policy-COMMON-POSITION","katri-defect-policy","결함정책처","COMMON","POSITION","이 응답은 어떤 범위의 의견입니까?","UNANSWERED","","","","","미검토",""
"SURVEY-katri-defect-policy-COMMON-CURRENT_USE","katri-defect-policy","결함정책처","COMMON","CURRENT_USE","현재 NOA 또는 AI 공통플랫폼을 어떤 업무에 사용하거나 확인하고 있습니까? 사용하지 않거나 기능을 모르는 경우도 작성해 주십시오.","UNANSWERED","","","","","미검토",""
"SURVEY-katri-defect-policy-katri-defect-policy-DISCOVERY_SCOPE","katri-defect-policy","결함정책처","katri-defect-policy","DISCOVERY_SCOPE","현재 담당하는 개별 업무·대상자·입력자료·결과·권한은 무엇입니까?","UNANSWERED","","","","","미검토",""
"SURVEY-katri-defect-policy-katri-defect-policy-DISCOVERY_CURRENT","katri-defect-policy","결함정책처","katri-defect-policy","DISCOVERY_CURRENT","어떤 순서와 기준으로 처리하며 현재 시스템·서식·AI가 어디까지 지원합니까?","UNANSWERED","","","","","미검토",""
"SURVEY-katri-defect-policy-katri-defect-policy-DISCOVERY_PROBLEM","katri-defect-policy","결함정책처","katri-defect-policy","DISCOVERY_PROBLEM","남는 어려움이 있습니까? 있다면 사례·영향·현재 대응·다른 원인을, 없다면 확인 범위를 설명해 주십시오.","UNANSWERED","","","","","미검토",""
"SURVEY-katri-defect-policy-COMMON-OTHER_WORK_DIFFICULTY","katri-defect-policy","결함정책처","COMMON","OTHER_WORK_DIFFICULTY","제시된 병목 외에 업무처리나 정확한 판단을 어렵게 만드는 지점은 무엇입니까?","UNANSWERED","","","","","미검토",""
"SURVEY-katri-defect-policy-COMMON-PUBLIC_SERVICE_ISSUE","katri-defect-policy","결함정책처","COMMON","PUBLIC_SERVICE_ISSUE","국민·기업이 안전·검사·자격·교통 서비스를 이용할 때 추가로 겪는 불편이나 권익 문제는 무엇입니까?","UNANSWERED","","","","","미검토",""
"SURVEY-katri-defect-policy-COMMON-NEW_PROBLEM","katri-defect-policy","결함정책처","COMMON","NEW_PROBLEM","이번 조사에서 빠진 문제나 다른 원인 설명이 있다면 작성해 주십시오.","UNANSWERED","","","","","미검토",""
"SURVEY-katri-defect-policy-COMMON-AX_EXPANSION_OPINION","katri-defect-policy","결함정책처","COMMON","AX_EXPANSION_OPINION","현재 플랫폼을 확대한다면 어떤 업무의 어떤 결과를 우선 개선해야 합니까?","UNANSWERED","","","","","미검토",""
"SURVEY-katri-defect-policy-COMMON-EXPANSION_LIMIT","katri-defect-policy","결함정책처","COMMON","EXPANSION_LIMIT","별도 전문시스템이나 권한자의 판단에 남겨야 할 범위와 확대 제약은 무엇입니까?","UNANSWERED","","","","","미검토",""
"SURVEY-katri-defect-investigation1-COMMON-ROLE","katri-defect-investigation1","결함조사1처","COMMON","ROLE","이번 의견을 작성하는 업무 역할은 무엇입니까?","UNANSWERED","","","","","미검토",""
"SURVEY-katri-defect-investigation1-COMMON-POSITION","katri-defect-investigation1","결함조사1처","COMMON","POSITION","이 응답은 어떤 범위의 의견입니까?","UNANSWERED","","","","","미검토",""
"SURVEY-katri-defect-investigation1-COMMON-CURRENT_USE","katri-defect-investigation1","결함조사1처","COMMON","CURRENT_USE","현재 NOA 또는 AI 공통플랫폼을 어떤 업무에 사용하거나 확인하고 있습니까? 사용하지 않거나 기능을 모르는 경우도 작성해 주십시오.","UNANSWERED","","","","","미검토",""
"SURVEY-katri-defect-investigation1-katri-defect-investigation1-DISCOVERY_SCOPE","katri-defect-investigation1","결함조사1처","katri-defect-investigation1","DISCOVERY_SCOPE","현재 담당하는 개별 업무·대상자·입력자료·결과·권한은 무엇입니까?","UNANSWERED","","","","","미검토",""
"SURVEY-katri-defect-investigation1-katri-defect-investigation1-DISCOVERY_CURRENT","katri-defect-investigation1","결함조사1처","katri-defect-investigation1","DISCOVERY_CURRENT","어떤 순서와 기준으로 처리하며 현재 시스템·서식·AI가 어디까지 지원합니까?","UNANSWERED","","","","","미검토",""
"SURVEY-katri-defect-investigation1-katri-defect-investigation1-DISCOVERY_PROBLEM","katri-defect-investigation1","결함조사1처","katri-defect-investigation1","DISCOVERY_PROBLEM","남는 어려움이 있습니까? 있다면 사례·영향·현재 대응·다른 원인을, 없다면 확인 범위를 설명해 주십시오.","UNANSWERED","","","","","미검토",""
"SURVEY-katri-defect-investigation1-COMMON-OTHER_WORK_DIFFICULTY","katri-defect-investigation1","결함조사1처","COMMON","OTHER_WORK_DIFFICULTY","제시된 병목 외에 업무처리나 정확한 판단을 어렵게 만드는 지점은 무엇입니까?","UNANSWERED","","","","","미검토",""
"SURVEY-katri-defect-investigation1-COMMON-PUBLIC_SERVICE_ISSUE","katri-defect-investigation1","결함조사1처","COMMON","PUBLIC_SERVICE_ISSUE","국민·기업이 안전·검사·자격·교통 서비스를 이용할 때 추가로 겪는 불편이나 권익 문제는 무엇입니까?","UNANSWERED","","","","","미검토",""
"SURVEY-katri-defect-investigation1-COMMON-NEW_PROBLEM","katri-defect-investigation1","결함조사1처","COMMON","NEW_PROBLEM","이번 조사에서 빠진 문제나 다른 원인 설명이 있다면 작성해 주십시오.","UNANSWERED","","","","","미검토",""
"SURVEY-katri-defect-investigation1-COMMON-AX_EXPANSION_OPINION","katri-defect-investigation1","결함조사1처","COMMON","AX_EXPANSION_OPINION","현재 플랫폼을 확대한다면 어떤 업무의 어떤 결과를 우선 개선해야 합니까?","UNANSWERED","","","","","미검토",""
"SURVEY-katri-defect-investigation1-COMMON-EXPANSION_LIMIT","katri-defect-investigation1","결함조사1처","COMMON","EXPANSION_LIMIT","별도 전문시스템이나 권한자의 판단에 남겨야 할 범위와 확대 제약은 무엇입니까?","UNANSWERED","","","","","미검토",""
"SURVEY-katri-defect-investigation2-COMMON-ROLE","katri-defect-investigation2","결함조사2처","COMMON","ROLE","이번 의견을 작성하는 업무 역할은 무엇입니까?","UNANSWERED","","","","","미검토",""
"SURVEY-katri-defect-investigation2-COMMON-POSITION","katri-defect-investigation2","결함조사2처","COMMON","POSITION","이 응답은 어떤 범위의 의견입니까?","UNANSWERED","","","","","미검토",""
"SURVEY-katri-defect-investigation2-COMMON-CURRENT_USE","katri-defect-investigation2","결함조사2처","COMMON","CURRENT_USE","현재 NOA 또는 AI 공통플랫폼을 어떤 업무에 사용하거나 확인하고 있습니까? 사용하지 않거나 기능을 모르는 경우도 작성해 주십시오.","UNANSWERED","","","","","미검토",""
"SURVEY-katri-defect-investigation2-katri-defect-investigation2-DISCOVERY_SCOPE","katri-defect-investigation2","결함조사2처","katri-defect-investigation2","DISCOVERY_SCOPE","현재 담당하는 개별 업무·대상자·입력자료·결과·권한은 무엇입니까?","UNANSWERED","","","","","미검토",""
"SURVEY-katri-defect-investigation2-katri-defect-investigation2-DISCOVERY_CURRENT","katri-defect-investigation2","결함조사2처","katri-defect-investigation2","DISCOVERY_CURRENT","어떤 순서와 기준으로 처리하며 현재 시스템·서식·AI가 어디까지 지원합니까?","UNANSWERED","","","","","미검토",""
"SURVEY-katri-defect-investigation2-katri-defect-investigation2-DISCOVERY_PROBLEM","katri-defect-investigation2","결함조사2처","katri-defect-investigation2","DISCOVERY_PROBLEM","남는 어려움이 있습니까? 있다면 사례·영향·현재 대응·다른 원인을, 없다면 확인 범위를 설명해 주십시오.","UNANSWERED","","","","","미검토",""
"SURVEY-katri-defect-investigation2-COMMON-OTHER_WORK_DIFFICULTY","katri-defect-investigation2","결함조사2처","COMMON","OTHER_WORK_DIFFICULTY","제시된 병목 외에 업무처리나 정확한 판단을 어렵게 만드는 지점은 무엇입니까?","UNANSWERED","","","","","미검토",""
"SURVEY-katri-defect-investigation2-COMMON-PUBLIC_SERVICE_ISSUE","katri-defect-investigation2","결함조사2처","COMMON","PUBLIC_SERVICE_ISSUE","국민·기업이 안전·검사·자격·교통 서비스를 이용할 때 추가로 겪는 불편이나 권익 문제는 무엇입니까?","UNANSWERED","","","","","미검토",""
"SURVEY-katri-defect-investigation2-COMMON-NEW_PROBLEM","katri-defect-investigation2","결함조사2처","COMMON","NEW_PROBLEM","이번 조사에서 빠진 문제나 다른 원인 설명이 있다면 작성해 주십시오.","UNANSWERED","","","","","미검토",""
"SURVEY-katri-defect-investigation2-COMMON-AX_EXPANSION_OPINION","katri-defect-investigation2","결함조사2처","COMMON","AX_EXPANSION_OPINION","현재 플랫폼을 확대한다면 어떤 업무의 어떤 결과를 우선 개선해야 합니까?","UNANSWERED","","","","","미검토",""
"SURVEY-katri-defect-investigation2-COMMON-EXPANSION_LIMIT","katri-defect-investigation2","결함조사2처","COMMON","EXPANSION_LIMIT","별도 전문시스템이나 권한자의 판단에 남겨야 할 범위와 확대 제약은 무엇입니까?","UNANSWERED","","","","","미검토",""
"SURVEY-EX26-COMMON-ROLE","EX26","안전연구처","COMMON","ROLE","이번 의견을 작성하는 업무 역할은 무엇입니까?","UNANSWERED","","","","","미검토",""
"SURVEY-EX26-COMMON-POSITION","EX26","안전연구처","COMMON","POSITION","이 응답은 어떤 범위의 의견입니까?","UNANSWERED","","","","","미검토",""
"SURVEY-EX26-COMMON-CURRENT_USE","EX26","안전연구처","COMMON","CURRENT_USE","현재 NOA 또는 AI 공통플랫폼을 어떤 업무에 사용하거나 확인하고 있습니까? 사용하지 않거나 기능을 모르는 경우도 작성해 주십시오.","UNANSWERED","","","","","미검토",""
"SURVEY-EX26-EX26-01-SCOPE_MATCH","EX26","안전연구처","EX26-01","SCOPE_MATCH","제시한 업무·대상·처리단계가 귀 처의 실제 담당 범위와 일치합니까?","UNANSWERED","","","","","미검토",""
"SURVEY-EX26-EX26-01-CURRENT_STATE","EX26","안전연구처","EX26-01","CURRENT_STATE","제시한 병목이 현재 발생하는지 어떤 상태로 확인하고 있습니까?","UNANSWERED","","","","","미검토",""
"SURVEY-EX26-EX26-01-BOTTLENECK_VALIDITY","EX26","안전연구처","EX26-01","BOTTLENECK_VALIDITY","제시한 병목 설명과 원인 가설이 실제 상황을 설명하는 데 타당합니까?","UNANSWERED","","","","","미검토",""
"SURVEY-EX26-EX26-01-VALIDITY_REASON","EX26","안전연구처","EX26-01","VALIDITY_REASON","정합성·발생 상태·타당성 판단의 이유와 고쳐야 할 내용을 작성해 주십시오.","UNANSWERED","","","","","미검토",""
"SURVEY-EX26-EX26-01-EVIDENCE_BASIS","EX26","안전연구처","EX26-01","EVIDENCE_BASIS","판단에 사용한 근거는 무엇입니까?","UNANSWERED","","","","","미검토",""
"SURVEY-EX26-EX26-01-ACTUAL_CASE","EX26","안전연구처","EX26-01","ACTUAL_CASE","공유 가능한 사례가 있다면 언제·어느 단계·누구에게 어떤 결과나 부담이 발생했는지 작성해 주십시오.","UNANSWERED","","","","","미검토",""
"SURVEY-EX26-EX26-01-COUNTER_EVIDENCE","EX26","안전연구처","EX26-01","COUNTER_EVIDENCE","문제 없이 완료했거나 제시한 설명과 다른 사례, 다른 원인이 있습니까?","UNANSWERED","","","","","미검토",""
"SURVEY-EX26-EX26-01-EXISTING_RESPONSE","EX26","안전연구처","EX26-01","EXISTING_RESPONSE","현재 시스템·AI·서식·규칙·협의절차로 해결하는 부분과 남는 문제는 무엇입니까?","UNANSWERED","","","","","미검토",""
"SURVEY-EX26-EX26-01-IMPROVEMENT_METHOD","EX26","안전연구처","EX26-01","IMPROVEMENT_METHOD","개선이 필요하다면 어떤 방식이 적절하다고 봅니까?","UNANSWERED","","","","","미검토",""
"SURVEY-EX26-EX26-01-AI_ADDED_VALUE","EX26","안전연구처","EX26-01","AI_ADDED_VALUE","NOA 등 AI를 추가하면 기존 도구·정형 개선으로 달성하기 어려운 어떤 결과를 얻을 수 있습니까?","UNANSWERED","","","","","미검토",""
"SURVEY-EX26-EX26-01-FEASIBILITY_CONDITIONS","EX26","안전연구처","EX26-01","FEASIBILITY_CONDITIONS","추가 AI 적용을 위해 어떤 자료·연계·권한·전문 검수·운영조건을 확보해야 합니까?","UNANSWERED","","","","","미검토",""
"SURVEY-EX26-EX26-01-RISK_AND_CONCERN","EX26","안전연구처","EX26-01","RISK_AND_CONCERN","제안 방식이 오판·과다 보완·정보 노출·추가 업무·이용자 배제 등을 일으킬 조건은 무엇입니까?","UNANSWERED","","","","","미검토",""
"SURVEY-EX26-EX26-01-EFFECT_AND_MEASUREMENT","EX26","안전연구처","EX26-01","EFFECT_AND_MEASUREMENT","제시한 효과 지표가 적절합니까? 실제 기록으로 확인할 결과와 측정하기 어려운 부분을 작성해 주십시오.","UNANSWERED","","","","","미검토",""
"SURVEY-EX26-EX26-01-ALTERNATIVE_PROPOSAL","EX26","안전연구처","EX26-01","ALTERNATIVE_PROPOSAL","제안된 CCK 적용 방법을 수정·축소·제외하거나 다른 방법으로 해결할 의견이 있습니까?","UNANSWERED","","","","","미검토",""
"SURVEY-EX26-EX26-01-PRIORITY_REASON","EX26","안전연구처","EX26-01","PRIORITY_REASON","이 문제를 다른 업무와 비교하여 왜 먼저 검토하거나 뒤로 미루어야 합니까?","UNANSWERED","","","","","미검토",""
"SURVEY-EX26-COMMON-OTHER_WORK_DIFFICULTY","EX26","안전연구처","COMMON","OTHER_WORK_DIFFICULTY","제시된 병목 외에 업무처리나 정확한 판단을 어렵게 만드는 지점은 무엇입니까?","UNANSWERED","","","","","미검토",""
"SURVEY-EX26-COMMON-PUBLIC_SERVICE_ISSUE","EX26","안전연구처","COMMON","PUBLIC_SERVICE_ISSUE","국민·기업이 안전·검사·자격·교통 서비스를 이용할 때 추가로 겪는 불편이나 권익 문제는 무엇입니까?","UNANSWERED","","","","","미검토",""
"SURVEY-EX26-COMMON-NEW_PROBLEM","EX26","안전연구처","COMMON","NEW_PROBLEM","이번 조사에서 빠진 문제나 다른 원인 설명이 있다면 작성해 주십시오.","UNANSWERED","","","","","미검토",""
"SURVEY-EX26-COMMON-AX_EXPANSION_OPINION","EX26","안전연구처","COMMON","AX_EXPANSION_OPINION","현재 플랫폼을 확대한다면 어떤 업무의 어떤 결과를 우선 개선해야 합니까?","UNANSWERED","","","","","미검토",""
"SURVEY-EX26-COMMON-EXPANSION_LIMIT","EX26","안전연구처","COMMON","EXPANSION_LIMIT","별도 전문시스템이나 권한자의 판단에 남겨야 할 범위와 확대 제약은 무엇입니까?","UNANSWERED","","","","","미검토",""
"SURVEY-katri-future-research-COMMON-ROLE","katri-future-research","미래차연구처","COMMON","ROLE","이번 의견을 작성하는 업무 역할은 무엇입니까?","UNANSWERED","","","","","미검토",""
"SURVEY-katri-future-research-COMMON-POSITION","katri-future-research","미래차연구처","COMMON","POSITION","이 응답은 어떤 범위의 의견입니까?","UNANSWERED","","","","","미검토",""
"SURVEY-katri-future-research-COMMON-CURRENT_USE","katri-future-research","미래차연구처","COMMON","CURRENT_USE","현재 NOA 또는 AI 공통플랫폼을 어떤 업무에 사용하거나 확인하고 있습니까? 사용하지 않거나 기능을 모르는 경우도 작성해 주십시오.","UNANSWERED","","","","","미검토",""
"SURVEY-katri-future-research-katri-future-research-DISCOVERY_SCOPE","katri-future-research","미래차연구처","katri-future-research","DISCOVERY_SCOPE","현재 담당하는 개별 업무·대상자·입력자료·결과·권한은 무엇입니까?","UNANSWERED","","","","","미검토",""
"SURVEY-katri-future-research-katri-future-research-DISCOVERY_CURRENT","katri-future-research","미래차연구처","katri-future-research","DISCOVERY_CURRENT","어떤 순서와 기준으로 처리하며 현재 시스템·서식·AI가 어디까지 지원합니까?","UNANSWERED","","","","","미검토",""
"SURVEY-katri-future-research-katri-future-research-DISCOVERY_PROBLEM","katri-future-research","미래차연구처","katri-future-research","DISCOVERY_PROBLEM","남는 어려움이 있습니까? 있다면 사례·영향·현재 대응·다른 원인을, 없다면 확인 범위를 설명해 주십시오.","UNANSWERED","","","","","미검토",""
"SURVEY-katri-future-research-COMMON-OTHER_WORK_DIFFICULTY","katri-future-research","미래차연구처","COMMON","OTHER_WORK_DIFFICULTY","제시된 병목 외에 업무처리나 정확한 판단을 어렵게 만드는 지점은 무엇입니까?","UNANSWERED","","","","","미검토",""
"SURVEY-katri-future-research-COMMON-PUBLIC_SERVICE_ISSUE","katri-future-research","미래차연구처","COMMON","PUBLIC_SERVICE_ISSUE","국민·기업이 안전·검사·자격·교통 서비스를 이용할 때 추가로 겪는 불편이나 권익 문제는 무엇입니까?","UNANSWERED","","","","","미검토",""
"SURVEY-katri-future-research-COMMON-NEW_PROBLEM","katri-future-research","미래차연구처","COMMON","NEW_PROBLEM","이번 조사에서 빠진 문제나 다른 원인 설명이 있다면 작성해 주십시오.","UNANSWERED","","","","","미검토",""
"SURVEY-katri-future-research-COMMON-AX_EXPANSION_OPINION","katri-future-research","미래차연구처","COMMON","AX_EXPANSION_OPINION","현재 플랫폼을 확대한다면 어떤 업무의 어떤 결과를 우선 개선해야 합니까?","UNANSWERED","","","","","미검토",""
"SURVEY-katri-future-research-COMMON-EXPANSION_LIMIT","katri-future-research","미래차연구처","COMMON","EXPANSION_LIMIT","별도 전문시스템이나 권한자의 판단에 남겨야 할 범위와 확대 제약은 무엇입니까?","UNANSWERED","","","","","미검토",""
"SURVEY-katri-parts-research-COMMON-ROLE","katri-parts-research","부품연구처","COMMON","ROLE","이번 의견을 작성하는 업무 역할은 무엇입니까?","UNANSWERED","","","","","미검토",""
"SURVEY-katri-parts-research-COMMON-POSITION","katri-parts-research","부품연구처","COMMON","POSITION","이 응답은 어떤 범위의 의견입니까?","UNANSWERED","","","","","미검토",""
"SURVEY-katri-parts-research-COMMON-CURRENT_USE","katri-parts-research","부품연구처","COMMON","CURRENT_USE","현재 NOA 또는 AI 공통플랫폼을 어떤 업무에 사용하거나 확인하고 있습니까? 사용하지 않거나 기능을 모르는 경우도 작성해 주십시오.","UNANSWERED","","","","","미검토",""
"SURVEY-katri-parts-research-katri-parts-research-DISCOVERY_SCOPE","katri-parts-research","부품연구처","katri-parts-research","DISCOVERY_SCOPE","현재 담당하는 개별 업무·대상자·입력자료·결과·권한은 무엇입니까?","UNANSWERED","","","","","미검토",""
"SURVEY-katri-parts-research-katri-parts-research-DISCOVERY_CURRENT","katri-parts-research","부품연구처","katri-parts-research","DISCOVERY_CURRENT","어떤 순서와 기준으로 처리하며 현재 시스템·서식·AI가 어디까지 지원합니까?","UNANSWERED","","","","","미검토",""
"SURVEY-katri-parts-research-katri-parts-research-DISCOVERY_PROBLEM","katri-parts-research","부품연구처","katri-parts-research","DISCOVERY_PROBLEM","남는 어려움이 있습니까? 있다면 사례·영향·현재 대응·다른 원인을, 없다면 확인 범위를 설명해 주십시오.","UNANSWERED","","","","","미검토",""
"SURVEY-katri-parts-research-COMMON-OTHER_WORK_DIFFICULTY","katri-parts-research","부품연구처","COMMON","OTHER_WORK_DIFFICULTY","제시된 병목 외에 업무처리나 정확한 판단을 어렵게 만드는 지점은 무엇입니까?","UNANSWERED","","","","","미검토",""
"SURVEY-katri-parts-research-COMMON-PUBLIC_SERVICE_ISSUE","katri-parts-research","부품연구처","COMMON","PUBLIC_SERVICE_ISSUE","국민·기업이 안전·검사·자격·교통 서비스를 이용할 때 추가로 겪는 불편이나 권익 문제는 무엇입니까?","UNANSWERED","","","","","미검토",""
"SURVEY-katri-parts-research-COMMON-NEW_PROBLEM","katri-parts-research","부품연구처","COMMON","NEW_PROBLEM","이번 조사에서 빠진 문제나 다른 원인 설명이 있다면 작성해 주십시오.","UNANSWERED","","","","","미검토",""
"SURVEY-katri-parts-research-COMMON-AX_EXPANSION_OPINION","katri-parts-research","부품연구처","COMMON","AX_EXPANSION_OPINION","현재 플랫폼을 확대한다면 어떤 업무의 어떤 결과를 우선 개선해야 합니까?","UNANSWERED","","","","","미검토",""
"SURVEY-katri-parts-research-COMMON-EXPANSION_LIMIT","katri-parts-research","부품연구처","COMMON","EXPANSION_LIMIT","별도 전문시스템이나 권한자의 판단에 남겨야 할 범위와 확대 제약은 무엇입니까?","UNANSWERED","","","","","미검토",""
"SURVEY-katri-autonomous-research-COMMON-ROLE","katri-autonomous-research","자율주행연구처","COMMON","ROLE","이번 의견을 작성하는 업무 역할은 무엇입니까?","UNANSWERED","","","","","미검토",""
"SURVEY-katri-autonomous-research-COMMON-POSITION","katri-autonomous-research","자율주행연구처","COMMON","POSITION","이 응답은 어떤 범위의 의견입니까?","UNANSWERED","","","","","미검토",""
"SURVEY-katri-autonomous-research-COMMON-CURRENT_USE","katri-autonomous-research","자율주행연구처","COMMON","CURRENT_USE","현재 NOA 또는 AI 공통플랫폼을 어떤 업무에 사용하거나 확인하고 있습니까? 사용하지 않거나 기능을 모르는 경우도 작성해 주십시오.","UNANSWERED","","","","","미검토",""
"SURVEY-katri-autonomous-research-katri-autonomous-research-DISCOVERY_SCOPE","katri-autonomous-research","자율주행연구처","katri-autonomous-research","DISCOVERY_SCOPE","현재 담당하는 개별 업무·대상자·입력자료·결과·권한은 무엇입니까?","UNANSWERED","","","","","미검토",""
"SURVEY-katri-autonomous-research-katri-autonomous-research-DISCOVERY_CURRENT","katri-autonomous-research","자율주행연구처","katri-autonomous-research","DISCOVERY_CURRENT","어떤 순서와 기준으로 처리하며 현재 시스템·서식·AI가 어디까지 지원합니까?","UNANSWERED","","","","","미검토",""
"SURVEY-katri-autonomous-research-katri-autonomous-research-DISCOVERY_PROBLEM","katri-autonomous-research","자율주행연구처","katri-autonomous-research","DISCOVERY_PROBLEM","남는 어려움이 있습니까? 있다면 사례·영향·현재 대응·다른 원인을, 없다면 확인 범위를 설명해 주십시오.","UNANSWERED","","","","","미검토",""
"SURVEY-katri-autonomous-research-COMMON-OTHER_WORK_DIFFICULTY","katri-autonomous-research","자율주행연구처","COMMON","OTHER_WORK_DIFFICULTY","제시된 병목 외에 업무처리나 정확한 판단을 어렵게 만드는 지점은 무엇입니까?","UNANSWERED","","","","","미검토",""
"SURVEY-katri-autonomous-research-COMMON-PUBLIC_SERVICE_ISSUE","katri-autonomous-research","자율주행연구처","COMMON","PUBLIC_SERVICE_ISSUE","국민·기업이 안전·검사·자격·교통 서비스를 이용할 때 추가로 겪는 불편이나 권익 문제는 무엇입니까?","UNANSWERED","","","","","미검토",""
"SURVEY-katri-autonomous-research-COMMON-NEW_PROBLEM","katri-autonomous-research","자율주행연구처","COMMON","NEW_PROBLEM","이번 조사에서 빠진 문제나 다른 원인 설명이 있다면 작성해 주십시오.","UNANSWERED","","","","","미검토",""
"SURVEY-katri-autonomous-research-COMMON-AX_EXPANSION_OPINION","katri-autonomous-research","자율주행연구처","COMMON","AX_EXPANSION_OPINION","현재 플랫폼을 확대한다면 어떤 업무의 어떤 결과를 우선 개선해야 합니까?","UNANSWERED","","","","","미검토",""
"SURVEY-katri-autonomous-research-COMMON-EXPANSION_LIMIT","katri-autonomous-research","자율주행연구처","COMMON","EXPANSION_LIMIT","별도 전문시스템이나 권한자의 판단에 남겨야 할 범위와 확대 제약은 무엇입니까?","UNANSWERED","","","","","미검토",""
"SURVEY-katri-connected-research-COMMON-ROLE","katri-connected-research","커넥티드카연구처","COMMON","ROLE","이번 의견을 작성하는 업무 역할은 무엇입니까?","UNANSWERED","","","","","미검토",""
"SURVEY-katri-connected-research-COMMON-POSITION","katri-connected-research","커넥티드카연구처","COMMON","POSITION","이 응답은 어떤 범위의 의견입니까?","UNANSWERED","","","","","미검토",""
"SURVEY-katri-connected-research-COMMON-CURRENT_USE","katri-connected-research","커넥티드카연구처","COMMON","CURRENT_USE","현재 NOA 또는 AI 공통플랫폼을 어떤 업무에 사용하거나 확인하고 있습니까? 사용하지 않거나 기능을 모르는 경우도 작성해 주십시오.","UNANSWERED","","","","","미검토",""
"SURVEY-katri-connected-research-katri-connected-research-DISCOVERY_SCOPE","katri-connected-research","커넥티드카연구처","katri-connected-research","DISCOVERY_SCOPE","현재 담당하는 개별 업무·대상자·입력자료·결과·권한은 무엇입니까?","UNANSWERED","","","","","미검토",""
"SURVEY-katri-connected-research-katri-connected-research-DISCOVERY_CURRENT","katri-connected-research","커넥티드카연구처","katri-connected-research","DISCOVERY_CURRENT","어떤 순서와 기준으로 처리하며 현재 시스템·서식·AI가 어디까지 지원합니까?","UNANSWERED","","","","","미검토",""
"SURVEY-katri-connected-research-katri-connected-research-DISCOVERY_PROBLEM","katri-connected-research","커넥티드카연구처","katri-connected-research","DISCOVERY_PROBLEM","남는 어려움이 있습니까? 있다면 사례·영향·현재 대응·다른 원인을, 없다면 확인 범위를 설명해 주십시오.","UNANSWERED","","","","","미검토",""
"SURVEY-katri-connected-research-COMMON-OTHER_WORK_DIFFICULTY","katri-connected-research","커넥티드카연구처","COMMON","OTHER_WORK_DIFFICULTY","제시된 병목 외에 업무처리나 정확한 판단을 어렵게 만드는 지점은 무엇입니까?","UNANSWERED","","","","","미검토",""
"SURVEY-katri-connected-research-COMMON-PUBLIC_SERVICE_ISSUE","katri-connected-research","커넥티드카연구처","COMMON","PUBLIC_SERVICE_ISSUE","국민·기업이 안전·검사·자격·교통 서비스를 이용할 때 추가로 겪는 불편이나 권익 문제는 무엇입니까?","UNANSWERED","","","","","미검토",""
"SURVEY-katri-connected-research-COMMON-NEW_PROBLEM","katri-connected-research","커넥티드카연구처","COMMON","NEW_PROBLEM","이번 조사에서 빠진 문제나 다른 원인 설명이 있다면 작성해 주십시오.","UNANSWERED","","","","","미검토",""
"SURVEY-katri-connected-research-COMMON-AX_EXPANSION_OPINION","katri-connected-research","커넥티드카연구처","COMMON","AX_EXPANSION_OPINION","현재 플랫폼을 확대한다면 어떤 업무의 어떤 결과를 우선 개선해야 합니까?","UNANSWERED","","","","","미검토",""
"SURVEY-katri-connected-research-COMMON-EXPANSION_LIMIT","katri-connected-research","커넥티드카연구처","COMMON","EXPANSION_LIMIT","별도 전문시스템이나 권한자의 판단에 남겨야 할 범위와 확대 제약은 무엇입니까?","UNANSWERED","","","","","미검토",""
"SURVEY-katri-autonomous-demonstration-COMMON-ROLE","katri-autonomous-demonstration","자율주행실증처","COMMON","ROLE","이번 의견을 작성하는 업무 역할은 무엇입니까?","UNANSWERED","","","","","미검토",""
"SURVEY-katri-autonomous-demonstration-COMMON-POSITION","katri-autonomous-demonstration","자율주행실증처","COMMON","POSITION","이 응답은 어떤 범위의 의견입니까?","UNANSWERED","","","","","미검토",""
"SURVEY-katri-autonomous-demonstration-COMMON-CURRENT_USE","katri-autonomous-demonstration","자율주행실증처","COMMON","CURRENT_USE","현재 NOA 또는 AI 공통플랫폼을 어떤 업무에 사용하거나 확인하고 있습니까? 사용하지 않거나 기능을 모르는 경우도 작성해 주십시오.","UNANSWERED","","","","","미검토",""
"SURVEY-katri-autonomous-demonstration-katri-autonomous-demonstration-DISCOVERY_SCOPE","katri-autonomous-demonstration","자율주행실증처","katri-autonomous-demonstration","DISCOVERY_SCOPE","현재 담당하는 개별 업무·대상자·입력자료·결과·권한은 무엇입니까?","UNANSWERED","","","","","미검토",""
"SURVEY-katri-autonomous-demonstration-katri-autonomous-demonstration-DISCOVERY_CURRENT","katri-autonomous-demonstration","자율주행실증처","katri-autonomous-demonstration","DISCOVERY_CURRENT","어떤 순서와 기준으로 처리하며 현재 시스템·서식·AI가 어디까지 지원합니까?","UNANSWERED","","","","","미검토",""
"SURVEY-katri-autonomous-demonstration-katri-autonomous-demonstration-DISCOVERY_PROBLEM","katri-autonomous-demonstration","자율주행실증처","katri-autonomous-demonstration","DISCOVERY_PROBLEM","남는 어려움이 있습니까? 있다면 사례·영향·현재 대응·다른 원인을, 없다면 확인 범위를 설명해 주십시오.","UNANSWERED","","","","","미검토",""
"SURVEY-katri-autonomous-demonstration-COMMON-OTHER_WORK_DIFFICULTY","katri-autonomous-demonstration","자율주행실증처","COMMON","OTHER_WORK_DIFFICULTY","제시된 병목 외에 업무처리나 정확한 판단을 어렵게 만드는 지점은 무엇입니까?","UNANSWERED","","","","","미검토",""
"SURVEY-katri-autonomous-demonstration-COMMON-PUBLIC_SERVICE_ISSUE","katri-autonomous-demonstration","자율주행실증처","COMMON","PUBLIC_SERVICE_ISSUE","국민·기업이 안전·검사·자격·교통 서비스를 이용할 때 추가로 겪는 불편이나 권익 문제는 무엇입니까?","UNANSWERED","","","","","미검토",""
"SURVEY-katri-autonomous-demonstration-COMMON-NEW_PROBLEM","katri-autonomous-demonstration","자율주행실증처","COMMON","NEW_PROBLEM","이번 조사에서 빠진 문제나 다른 원인 설명이 있다면 작성해 주십시오.","UNANSWERED","","","","","미검토",""
"SURVEY-katri-autonomous-demonstration-COMMON-AX_EXPANSION_OPINION","katri-autonomous-demonstration","자율주행실증처","COMMON","AX_EXPANSION_OPINION","현재 플랫폼을 확대한다면 어떤 업무의 어떤 결과를 우선 개선해야 합니까?","UNANSWERED","","","","","미검토",""
"SURVEY-katri-autonomous-demonstration-COMMON-EXPANSION_LIMIT","katri-autonomous-demonstration","자율주행실증처","COMMON","EXPANSION_LIMIT","별도 전문시스템이나 권한자의 판단에 남겨야 할 범위와 확대 제약은 무엇입니까?","UNANSWERED","","","","","미검토",""
"SURVEY-katri-vehicle-certification-COMMON-ROLE","katri-vehicle-certification","자동차인증처","COMMON","ROLE","이번 의견을 작성하는 업무 역할은 무엇입니까?","UNANSWERED","","","","","미검토",""
"SURVEY-katri-vehicle-certification-COMMON-POSITION","katri-vehicle-certification","자동차인증처","COMMON","POSITION","이 응답은 어떤 범위의 의견입니까?","UNANSWERED","","","","","미검토",""
"SURVEY-katri-vehicle-certification-COMMON-CURRENT_USE","katri-vehicle-certification","자동차인증처","COMMON","CURRENT_USE","현재 NOA 또는 AI 공통플랫폼을 어떤 업무에 사용하거나 확인하고 있습니까? 사용하지 않거나 기능을 모르는 경우도 작성해 주십시오.","UNANSWERED","","","","","미검토",""
"SURVEY-katri-vehicle-certification-katri-vehicle-certification-DISCOVERY_SCOPE","katri-vehicle-certification","자동차인증처","katri-vehicle-certification","DISCOVERY_SCOPE","현재 담당하는 개별 업무·대상자·입력자료·결과·권한은 무엇입니까?","UNANSWERED","","","","","미검토",""
"SURVEY-katri-vehicle-certification-katri-vehicle-certification-DISCOVERY_CURRENT","katri-vehicle-certification","자동차인증처","katri-vehicle-certification","DISCOVERY_CURRENT","어떤 순서와 기준으로 처리하며 현재 시스템·서식·AI가 어디까지 지원합니까?","UNANSWERED","","","","","미검토",""
"SURVEY-katri-vehicle-certification-katri-vehicle-certification-DISCOVERY_PROBLEM","katri-vehicle-certification","자동차인증처","katri-vehicle-certification","DISCOVERY_PROBLEM","남는 어려움이 있습니까? 있다면 사례·영향·현재 대응·다른 원인을, 없다면 확인 범위를 설명해 주십시오.","UNANSWERED","","","","","미검토",""
"SURVEY-katri-vehicle-certification-COMMON-OTHER_WORK_DIFFICULTY","katri-vehicle-certification","자동차인증처","COMMON","OTHER_WORK_DIFFICULTY","제시된 병목 외에 업무처리나 정확한 판단을 어렵게 만드는 지점은 무엇입니까?","UNANSWERED","","","","","미검토",""
"SURVEY-katri-vehicle-certification-COMMON-PUBLIC_SERVICE_ISSUE","katri-vehicle-certification","자동차인증처","COMMON","PUBLIC_SERVICE_ISSUE","국민·기업이 안전·검사·자격·교통 서비스를 이용할 때 추가로 겪는 불편이나 권익 문제는 무엇입니까?","UNANSWERED","","","","","미검토",""
"SURVEY-katri-vehicle-certification-COMMON-NEW_PROBLEM","katri-vehicle-certification","자동차인증처","COMMON","NEW_PROBLEM","이번 조사에서 빠진 문제나 다른 원인 설명이 있다면 작성해 주십시오.","UNANSWERED","","","","","미검토",""
"SURVEY-katri-vehicle-certification-COMMON-AX_EXPANSION_OPINION","katri-vehicle-certification","자동차인증처","COMMON","AX_EXPANSION_OPINION","현재 플랫폼을 확대한다면 어떤 업무의 어떤 결과를 우선 개선해야 합니까?","UNANSWERED","","","","","미검토",""
"SURVEY-katri-vehicle-certification-COMMON-EXPANSION_LIMIT","katri-vehicle-certification","자동차인증처","COMMON","EXPANSION_LIMIT","별도 전문시스템이나 권한자의 판단에 남겨야 할 범위와 확대 제약은 무엇입니까?","UNANSWERED","","","","","미검토",""
"SURVEY-katri-construction-certification-COMMON-ROLE","katri-construction-certification","건설기계인증처","COMMON","ROLE","이번 의견을 작성하는 업무 역할은 무엇입니까?","UNANSWERED","","","","","미검토",""
"SURVEY-katri-construction-certification-COMMON-POSITION","katri-construction-certification","건설기계인증처","COMMON","POSITION","이 응답은 어떤 범위의 의견입니까?","UNANSWERED","","","","","미검토",""
"SURVEY-katri-construction-certification-COMMON-CURRENT_USE","katri-construction-certification","건설기계인증처","COMMON","CURRENT_USE","현재 NOA 또는 AI 공통플랫폼을 어떤 업무에 사용하거나 확인하고 있습니까? 사용하지 않거나 기능을 모르는 경우도 작성해 주십시오.","UNANSWERED","","","","","미검토",""
"SURVEY-katri-construction-certification-katri-construction-certification-DISCOVERY_SCOPE","katri-construction-certification","건설기계인증처","katri-construction-certification","DISCOVERY_SCOPE","현재 담당하는 개별 업무·대상자·입력자료·결과·권한은 무엇입니까?","UNANSWERED","","","","","미검토",""
"SURVEY-katri-construction-certification-katri-construction-certification-DISCOVERY_CURRENT","katri-construction-certification","건설기계인증처","katri-construction-certification","DISCOVERY_CURRENT","어떤 순서와 기준으로 처리하며 현재 시스템·서식·AI가 어디까지 지원합니까?","UNANSWERED","","","","","미검토",""
"SURVEY-katri-construction-certification-katri-construction-certification-DISCOVERY_PROBLEM","katri-construction-certification","건설기계인증처","katri-construction-certification","DISCOVERY_PROBLEM","남는 어려움이 있습니까? 있다면 사례·영향·현재 대응·다른 원인을, 없다면 확인 범위를 설명해 주십시오.","UNANSWERED","","","","","미검토",""
"SURVEY-katri-construction-certification-COMMON-OTHER_WORK_DIFFICULTY","katri-construction-certification","건설기계인증처","COMMON","OTHER_WORK_DIFFICULTY","제시된 병목 외에 업무처리나 정확한 판단을 어렵게 만드는 지점은 무엇입니까?","UNANSWERED","","","","","미검토",""
"SURVEY-katri-construction-certification-COMMON-PUBLIC_SERVICE_ISSUE","katri-construction-certification","건설기계인증처","COMMON","PUBLIC_SERVICE_ISSUE","국민·기업이 안전·검사·자격·교통 서비스를 이용할 때 추가로 겪는 불편이나 권익 문제는 무엇입니까?","UNANSWERED","","","","","미검토",""
"SURVEY-katri-construction-certification-COMMON-NEW_PROBLEM","katri-construction-certification","건설기계인증처","COMMON","NEW_PROBLEM","이번 조사에서 빠진 문제나 다른 원인 설명이 있다면 작성해 주십시오.","UNANSWERED","","","","","미검토",""
"SURVEY-katri-construction-certification-COMMON-AX_EXPANSION_OPINION","katri-construction-certification","건설기계인증처","COMMON","AX_EXPANSION_OPINION","현재 플랫폼을 확대한다면 어떤 업무의 어떤 결과를 우선 개선해야 합니까?","UNANSWERED","","","","","미검토",""
"SURVEY-katri-construction-certification-COMMON-EXPANSION_LIMIT","katri-construction-certification","건설기계인증처","COMMON","EXPANSION_LIMIT","별도 전문시스템이나 권한자의 판단에 남겨야 할 범위와 확대 제약은 무엇입니까?","UNANSWERED","","","","","미검토",""
